date,runoff_m_day,img_count
2000-01-01,0.0017152562650446675,24
2000-01-02,0.0017241844023224075,24
2000-01-03,0.0017129802131916148,24
2000-01-04,0.0016514140941751086,24
2000-01-05,0.00159962287703109,24
2000-01-06,0.0015915693319874275,24
2000-01-07,0.0015289610332451242,24
2000-01-08,0.0019387032959644742,24
2000-01-09,0.0018537850102606918,24
2000-01-10,0.001641040187519905,24
2000-01-11,0.0017470371246101157,24
2000-01-12,0.00238317284551109,24
2000-01-13,0.0018048400904486532,24
2000-01-14,0.001442998880835962,24
2000-01-15,0.0013419792894000023,24
2000-01-16,0.0013058905830119728,24
2000-01-17,0.0013111823846490684,24
2000-01-18,0.0013691845869126017,24
2000-01-19,0.0014078259632055773,24
2000-01-20,0.0013037056431958376,24
2000-01-21,0.0012772292198339563,24
2000-01-22,0.0012878351426437423,24
2000-01-23,0.0012643657733037686,24
2000-01-24,0.001269772882772046,24
2000-01-25,0.001379570519929142,24
2000-01-26,0.00134527312171376,24
2000-01-27,0.0012350257677726762,24
2000-01-28,0.0012086798205636089,24
2000-01-29,0.001210093345574085,24
2000-01-30,0.0012286150563525762,24
2000-01-31,0.001435606229140602,24
2000-02-01,0.0020985605980971965,24
2000-02-02,0.001270292168870043,24
2000-02-03,0.0011977113165696275,24
2000-02-04,0.0012032178180039483,24
2000-02-05,0.0011871256164922533,24
2000-02-06,0.0011594801744362262,24
2000-02-07,0.0011513466469364453,24
2000-02-08,0.0011502963582111535,24
2000-02-09,0.0012366200066856522,24
2000-02-10,0.0012463788090194825,24
2000-02-11,0.001159103603072295,24
2000-02-12,0.0011192115172574547,24
2000-02-13,0.0010935539151899999,24
2000-02-14,0.00108552136087351,24
2000-02-15,0.001074142320267164,24
2000-02-16,0.0011512856208135698,24
2000-02-17,0.0010978199243617856,24
2000-02-18,0.0010712304144668851,24
2000-02-19,0.0010582066714745792,24
2000-02-20,0.00105882496261455,24
2000-02-21,0.0010623049908777197,24
2000-02-22,0.0010557380243498154,24
2000-02-23,0.0010398632823914434,24
2000-02-24,0.0010170272875002818,24
2000-02-25,0.0010073936412096725,24
2000-02-26,0.0010028720769178214,24
2000-02-27,0.0010435595384793025,24
2000-02-28,0.0010769804250255377,24
2000-02-29,0.0011916209471747462,24
2000-03-01,0.0011377073261783911,24
2000-03-02,0.0011136530611477935,24
2000-03-03,0.0011119063852751444,24
2000-03-04,0.0019639564637615567,24
2000-03-05,0.0010751913103802103,24
2000-03-06,0.0010470317675245362,24
2000-03-07,0.0010774755412530088,24
2000-03-08,0.0010469947527789753,24
2000-03-09,0.0010089043706797503,24
2000-03-10,0.0010566017448752222,24
2000-03-11,0.0012417345209450841,24
2000-03-12,0.001096180812111738,24
2000-03-13,0.0010706196308901729,24
2000-03-14,0.0011154679119342473,24
2000-03-15,0.001159932054789988,24
2000-03-16,0.0013653816178876167,24
2000-03-17,0.0012287485171495751,24
2000-03-18,0.0012182531897341792,24
2000-03-19,0.0011921203353511451,24
2000-03-20,0.0012242909551189154,24
2000-03-21,0.001324357663286497,24
2000-03-22,0.001433920187382054,24
2000-03-23,0.0014360442997597262,24
2000-03-24,0.0014012169944370692,24
2000-03-25,0.0015877966682439014,24
2000-03-26,0.001676566624739713,24
2000-03-27,0.001600089567755599,24
2000-03-28,0.0022213272560320718,24
2000-03-29,0.002858650310452311,24
2000-03-30,0.004213830796789986,24
2000-03-31,0.0033684083969393644,24
2000-04-01,0.0017339192852166422,24
2000-04-02,0.0014011253686131353,24
2000-04-03,0.0017540158413268969,24
2000-04-04,0.00221181720967661,24
2000-04-05,0.0017310346084233872,24
2000-04-06,0.0016160761315044804,24
2000-04-07,0.001583100784560194,24
2000-04-08,0.002353219250260722,24
2000-04-09,0.002319389942300653,24
2000-04-10,0.0027095443436577203,24
2000-04-11,0.003395029906038594,24
2000-04-12,0.004074823455444912,24
2000-04-13,0.00419979019041274,24
2000-04-14,0.004072991846599943,24
2000-04-15,0.00376251700577743,24
2000-04-16,0.003933087398313725,24
2000-04-17,0.00519410347966626,24
2000-04-18,0.007159829044580039,24
2000-04-19,0.0073421408010599905,24
2000-04-20,0.009547347315185084,24
2000-04-21,0.009229346415186196,24
2000-04-22,0.01109914797096743,24
2000-04-23,0.01387104632522936,24
2000-04-24,0.011282862142240684,24
2000-04-25,0.012514991668860265,24
2000-04-26,0.014094992150034534,24
2000-04-27,0.014112810537746304,24
2000-04-28,0.014294224473173073,24
2000-04-29,0.011805939279690474,24
2000-04-30,0.011911256356298727,24
2000-05-01,0.015059021361923188,24
2000-05-02,0.01960080082217799,24
2000-05-03,0.02765297994615026,24
2000-05-04,0.0301848938063832,24
2000-05-05,0.026309840716088974,24
2000-05-06,0.025373530276843668,24
2000-05-07,0.027451641837868045,24
2000-05-08,0.03514864324957192,24
2000-05-09,0.04479781304360782,24
2000-05-10,0.052332345686654604,24
2000-05-11,0.06008225592730888,24
2000-05-12,0.06436148747977409,24
2000-05-13,0.06982283643356803,24
2000-05-14,0.07861653636024514,24
2000-05-15,0.0761177687901635,24
2000-05-16,0.08798932415822092,24
2000-05-17,0.08795529968321342,24
2000-05-18,0.09035619653653748,24
2000-05-19,0.10323997904290663,24
2000-05-20,0.10497590495659238,24
2000-05-21,0.09720041883319194,24
2000-05-22,0.09946315693358043,24
2000-05-23,0.08530105830218854,24
2000-05-24,0.07465319639157555,24
2000-05-25,0.06814823455906996,24
2000-05-26,0.054090058423567525,24
2000-05-27,0.05083854354203187,24
2000-05-28,0.05759380397702305,24
2000-05-29,0.05996608733608619,24
2000-05-30,0.04562194637163732,24
2000-05-31,0.03719977873244596,24
2000-06-01,0.03146824706387554,24
2000-06-02,0.03914954096276038,24
2000-06-03,0.039280602067450966,24
2000-06-04,0.02419831039544432,24
2000-06-05,0.01897504591307948,24
2000-06-06,0.02372311100700735,24
2000-06-07,0.032156346873688006,24
2000-06-08,0.0402494053024985,24
2000-06-09,0.04493593950755002,24
2000-06-10,0.036462314951422124,24
2000-06-11,0.027405608271291477,24
2000-06-12,0.025957351514036286,24
2000-06-13,0.02905996545247147,24
2000-06-14,0.038653944099602794,24
2000-06-15,0.0484588995014036,24
2000-06-16,0.04685591241971228,24
2000-06-17,0.04553427380849253,24
2000-06-18,0.04590832931931359,24
2000-06-19,0.048994917555198865,24
2000-06-20,0.04909282486989151,24
2000-06-21,0.03993804996377665,24
2000-06-22,0.030809839278250123,24
2000-06-23,0.028659135140663452,24
2000-06-24,0.02653621159837955,24
2000-06-25,0.024664579457210994,24
2000-06-26,0.025254507305467976,24
2000-06-27,0.023999404692138918,24
2000-06-28,0.02195812164695062,24
2000-06-29,0.020555411573525178,24
2000-06-30,0.030881740038388686,24
2000-07-01,0.021366066389462604,24
2000-07-02,0.02098972595097134,24
2000-07-03,0.018035250555504524,24
2000-07-04,0.01567841891523266,24
2000-07-05,0.01273468411330313,24
2000-07-06,0.012577793187246751,24
2000-07-07,0.013248232229517421,24
2000-07-08,0.014104928288463749,24
2000-07-09,0.01194856135430895,24
2000-07-10,0.011862129398851291,24
2000-07-11,0.013352360208663282,24
2000-07-12,0.016110355585578284,24
2000-07-13,0.0183703856297273,24
2000-07-14,0.020912499967352238,24
2000-07-15,0.018277051174646793,24
2000-07-16,0.015069433605886633,24
2000-07-17,0.014504175165270644,24
2000-07-18,0.013637240088520363,24
2000-07-19,0.00849868494015658,24
2000-07-20,0.011422144423448466,24
2000-07-21,0.017638373025991402,24
2000-07-22,0.03049948307761564,24
2000-07-23,0.03711362278144517,24
2000-07-24,0.03347697734914006,24
2000-07-25,0.024726535868882956,24
2000-07-26,0.014208108359464108,24
2000-07-27,0.010412294038685228,24
2000-07-28,0.012823571004476631,24
2000-07-29,0.015806304797878968,24
2000-07-30,0.01582539597953335,24
2000-07-31,0.027807091596514795,24
2000-08-01,0.042457284864088896,24
2000-08-02,0.019793128108895983,24
2000-08-03,0.01181719008280498,24
2000-08-04,0.009169573994358193,24
2000-08-05,0.0077220761369428915,24
2000-08-06,0.008808841771975594,24
2000-08-07,0.01062081483975699,24
2000-08-08,0.010718931837305939,24
2000-08-09,0.012411218685476929,24
2000-08-10,0.015872682802511688,24
2000-08-11,0.014291235958281575,24
2000-08-12,0.01732986584142538,24
2000-08-13,0.020438410410910927,24
2000-08-14,0.015633222217661114,24
2000-08-15,0.011453645239024588,24
2000-08-16,0.008955581940470149,24
2000-08-17,0.00846629342147498,24
2000-08-18,0.014289226597983193,24
2000-08-19,0.011312898951119262,24
2000-08-20,0.008671328329403758,24
2000-08-21,0.010726851020072838,24
2000-08-22,0.010572384424090699,24
2000-08-23,0.010016468721035857,24
2000-08-24,0.008106352472408583,24
2000-08-25,0.007124639134896021,24
2000-08-26,0.006657284463730503,24
2000-08-27,0.007470048686269242,24
2000-08-28,0.007154157344437691,24
2000-08-29,0.006934999824049905,24
2000-08-30,0.008298960134450084,24
2000-08-31,0.010404352032285548,24
2000-09-01,0.009643179305670359,24
2000-09-02,0.007673816990411848,24
2000-09-03,0.006962767058696693,24
2000-09-04,0.007513225530107376,24
2000-09-05,0.00731164370216969,24
2000-09-06,0.007355087681521982,24
2000-09-07,0.008640405172896846,24
2000-09-08,0.007571809840263829,24
2000-09-09,0.008325486002590796,24
2000-09-10,0.006861353212554941,24
2000-09-11,0.00557819570246628,24
2000-09-12,0.005016744139756492,24
2000-09-13,0.005302909644558403,24
2000-09-14,0.005054516712995962,24
2000-09-15,0.004616821187737274,24
2000-09-16,0.0043722879296395675,24
2000-09-17,0.0043549594192632875,24
2000-09-18,0.0044051660566590345,24
2000-09-19,0.006090306685547116,24
2000-09-20,0.009730641813233444,24
2000-09-21,0.009328983886763608,24
2000-09-22,0.008271005437004987,24
2000-09-23,0.006620341180668881,24
2000-09-24,0.005749237511531881,24
2000-09-25,0.005781327960989365,24
2000-09-26,0.0075664413091041495,24
2000-09-27,0.0059209487203875305,24
2000-09-28,0.004857840365993524,24
2000-09-29,0.004810606842994403,24
2000-09-30,0.004876989321261726,24
2000-10-01,0.005556319323737171,24
2000-10-02,0.005864918824203823,24
2000-10-03,0.00494722220280676,24
2000-10-04,0.004814251258431905,24
2000-10-05,0.006672407268885224,24
2000-10-06,0.008216354323839457,24
2000-10-07,0.008017590614999839,24
2000-10-08,0.00655307833210397,24
2000-10-09,0.005248368819520526,24
2000-10-10,0.004613830265083912,24
2000-10-11,0.004401434369016169,24
2000-10-12,0.004256408876184927,24
2000-10-13,0.004054500431713643,24
2000-10-14,0.0038992809501988816,24
2000-10-15,0.004018066275127298,24
2000-10-16,0.004598054058465537,24
2000-10-17,0.004918926126954762,24
2000-10-18,0.004246493179543484,24
2000-10-19,0.004830483198885826,24
2000-10-20,0.004263002419622421,24
2000-10-21,0.003985101964252036,24
2000-10-22,0.0039678668442325125,24
2000-10-23,0.004124174720894786,24
2000-10-24,0.003844188570461069,24
2000-10-25,0.0037564021520840127,24
2000-10-26,0.003463616548785947,24
2000-10-27,0.0034217433251247523,24
2000-10-28,0.0035847947251195157,24
2000-10-29,0.0038780669830914436,24
2000-10-30,0.003857933955356073,24
2000-10-31,0.0035513920206407786,24
2000-11-01,0.003594574497121212,24
2000-11-02,0.004234370394126576,24
2000-11-03,0.003540369225468918,24
2000-11-04,0.003389839456952932,24
2000-11-05,0.0033338940654124532,24
2000-11-06,0.0036216971802803706,24
2000-11-07,0.0036639958267960125,24
2000-11-08,0.003843998955175618,24
2000-11-09,0.003333394929470492,24
2000-11-10,0.003066321205783592,24
2000-11-11,0.0035687332376964018,24
2000-11-12,0.0033729376614052373,24
2000-11-13,0.002786032919328815,24
2000-11-14,0.002652718149644914,24
2000-11-15,0.002895050482887782,24
2000-11-16,0.00282000141397839,24
2000-11-17,0.002789212530139472,24
2000-11-18,0.0025477681269651725,24
2000-11-19,0.002522844272839732,24
2000-11-20,0.002625284123781429,24
2000-11-21,0.002580770712505372,24
2000-11-22,0.0023837420198586884,24
2000-11-23,0.00254087307982051,24
2000-11-24,0.0023199006569112196,24
2000-11-25,0.0022148602394914127,24
2000-11-26,0.002160333405665816,24
2000-11-27,0.002128759418523331,24
2000-11-28,0.0020975885439375205,24
2000-11-29,0.00209534632612868,24
2000-11-30,0.0020529690180698277,24
2000-12-01,0.002026986850713821,24
2000-12-02,0.0020216504074425322,24
2000-12-03,0.0020465401615151826,24
2000-12-04,0.0020053436755694937,24
2000-12-05,0.0019746866851739543,24
2000-12-06,0.0019406709420951563,24
2000-12-07,0.001953645411961042,24
2000-12-08,0.002009496726943556,24
2000-12-09,0.0019331622043034808,24
2000-12-10,0.0018873453577883063,24
2000-12-11,0.001856247490672378,24
2000-12-12,0.0018643791752554824,24
2000-12-13,0.001906457516579279,24
2000-12-14,0.001830442194539794,24
2000-12-15,0.0018102491989152537,24
2000-12-16,0.002020615424539316,24
2000-12-17,0.002895776502979008,24
2000-12-18,0.0018384678914125626,24
2000-12-19,0.0017306316199188427,24
2000-12-20,0.0017129338692181677,24
2000-12-21,0.0016992785877917433,24
2000-12-22,0.0016884671809222626,24
2000-12-23,0.0016862541932412226,24
2000-12-24,0.001666425566088669,24
2000-12-25,0.0016483244156808292,24
2000-12-26,0.0016286971876465326,24
2000-12-27,0.0016414713230388201,24
2000-12-28,0.0017059912798832162,24
2000-12-29,0.001618992643327564,24
2000-12-30,0.0015687341463744315,24
2000-12-31,0.0015597558766274897,24
2001-01-01,0.0015400068781034595,24
2001-01-02,0.0015235174140646242,24
2001-01-03,0.0015125754715356711,24
2001-01-04,0.0014965027328200542,24
2001-01-05,0.0014844494699773345,24
2001-01-06,0.0014792106606924824,24
2001-01-07,0.001464559497430119,24
2001-01-08,0.0014418795169240388,24
2001-01-09,0.00142797745574194,24
2001-01-10,0.0014174455945789915,24
2001-01-11,0.0014037220771328067,24
2001-01-12,0.0013967787108153684,24
2001-01-13,0.001381246424941554,24
2001-01-14,0.0013733424824278844,24
2001-01-15,0.0013698894166445956,24
2001-01-16,0.001362552662687587,24
2001-01-17,0.001370495078188073,24
2001-01-18,0.001365010694433878,24
2001-01-19,0.0013370434458082677,24
2001-01-20,0.0013256306898176665,24
2001-01-21,0.0014600597240182125,24
2001-01-22,0.0013811543218895453,24
2001-01-23,0.0012823437603223004,24
2001-01-24,0.001256945401183861,24
2001-01-25,0.001261234620281478,24
2001-01-26,0.0012552529246110332,24
2001-01-27,0.0012540206715563823,24
2001-01-28,0.0012673369948544822,24
2001-01-29,0.001287443224217927,24
2001-01-30,0.0014508131724818064,24
2001-01-31,0.0016955410087556302,24
2001-02-01,0.0012486422767791112,24
2001-02-02,0.0011941765549588132,24
2001-02-03,0.001191431731667396,24
2001-02-04,0.0011792401481826077,24
2001-02-05,0.0011632195157312672,24
2001-02-06,0.0011866430021218123,24
2001-02-07,0.0012378383479834322,24
2001-02-08,0.0011761125537268812,24
2001-02-09,0.0012325498743664739,24
2001-02-10,0.0012426283178667724,24
2001-02-11,0.001209807440832825,24
2001-02-12,0.001253410870348927,24
2001-02-13,0.0011858823919943594,24
2001-02-14,0.0012580532573606546,24
2001-02-15,0.0014872019287068504,24
2001-02-16,0.001244155977185449,24
2001-02-17,0.0017124193749160025,24
2001-02-18,0.0012064744993658236,24
2001-02-19,0.0011100229347495681,24
2001-02-20,0.0013725747862239326,24
2001-02-21,0.0011397231172870833,24
2001-02-22,0.0013523904483271922,24
2001-02-23,0.002635595598963995,24
2001-02-24,0.001337306907081115,24
2001-02-25,0.0011211987788768243,24
2001-02-26,0.00106220142939341,24
2001-02-27,0.0010044229028551381,24
2001-02-28,9.985154016396358E-4,24
2001-03-01,9.794123208769448E-4,24
2001-03-02,9.669955531499247E-4,24
2001-03-03,9.661823860045518E-4,24
2001-03-04,9.839518021294695E-4,24
2001-03-05,9.418614167717748E-4,24
2001-03-06,9.5377292220705E-4,24
2001-03-07,0.0010662624707086699,24
2001-03-08,0.0010404588339110233,24
2001-03-09,0.0010445860389233276,24
2001-03-10,0.0010532348065868853,24
2001-03-11,0.0010752162440350135,24
2001-03-12,0.0016326143563626994,24
2001-03-13,0.00275922673581638,24
2001-03-14,0.0016445237628080899,24
2001-03-15,0.0011653666987812953,24
2001-03-16,0.001057336966340144,24
2001-03-17,0.0011389578169753096,24
2001-03-18,0.0011539992298566781,24
2001-03-19,0.001916288058467131,24
2001-03-20,0.001529427245718191,24
2001-03-21,0.0012405292446263042,24
2001-03-22,0.0013011448242103325,24
2001-03-23,0.0012911464779712784,24
2001-03-24,0.0012078767120260307,24
2001-03-25,0.0014400855828749486,24
2001-03-26,0.0015950329125816957,24
2001-03-27,0.001762501434958964,24
2001-03-28,0.003973583113239947,24
2001-03-29,0.0020200288959331125,24
2001-03-30,0.0017085715686493892,24
2001-03-31,0.0016111017542352849,24
2001-04-01,0.0015357235529276782,24
2001-04-02,0.0016054327921541354,24
2001-04-03,0.0018737855954618476,24
2001-04-04,0.0017500454278817836,24
2001-04-05,0.0019544082972969283,24
2001-04-06,0.0023179077710705123,24
2001-04-07,0.00278273128890768,24
2001-04-08,0.003091311826290543,24
2001-04-09,0.0031398497921586535,24
2001-04-10,0.0032779210363859464,24
2001-04-11,0.0033748997639333196,24
2001-04-12,0.0032474565855552195,24
2001-04-13,0.00396317009776421,24
2001-04-14,0.004187720713779218,24
2001-04-15,0.0047158004499911164,24
2001-04-16,0.0056194928472819905,24
2001-04-17,0.005587217008700395,24
2001-04-18,0.004356836811050059,24
2001-04-19,0.0044091955542434865,24
2001-04-20,0.004767502572776409,24
2001-04-21,0.003184643580155608,24
2001-04-22,0.003928741327108802,24
2001-04-23,0.005327818758117662,24
2001-04-24,0.005473159233022097,24
2001-04-25,0.008533897820955063,24
2001-04-26,0.010802763083649863,24
2001-04-27,0.011226936955314905,24
2001-04-28,0.01418496949864425,24
2001-04-29,0.014655322901487937,24
2001-04-30,0.016083293544561856,24
2001-05-01,0.017527974572648156,24
2001-05-02,0.019641474728907853,24
2001-05-03,0.014672405190811222,24
2001-05-04,0.016297848843973374,24
2001-05-05,0.021554552354974135,24
2001-05-06,0.026151340496283787,24
2001-05-07,0.028836303824744974,24
2001-05-08,0.025631539616842544,24
2001-05-09,0.023967064300530264,24
2001-05-10,0.026020197836283416,24
2001-05-11,0.029038716071917558,24
2001-05-12,0.031761039159984766,24
2001-05-13,0.0348036066162544,24
2001-05-14,0.03538040373236497,24
2001-05-15,0.03415690992197464,24
2001-05-16,0.033796087933285784,24
2001-05-17,0.03332449621681531,24
2001-05-18,0.03849496521280383,24
2001-05-19,0.04041586066268616,24
2001-05-20,0.04617016634925377,24
2001-05-21,0.04350104227909599,24
2001-05-22,0.045401750323535585,24
2001-05-23,0.046716292041609576,24
2001-05-24,0.047818273832421536,24
2001-05-25,0.05291204833320043,24
2001-05-26,0.05984312430706576,24
2001-05-27,0.06596237903251256,24
2001-05-28,0.06842166732927023,24
2001-05-29,0.07171785661448783,24
2001-05-30,0.08146604343523951,24
2001-05-31,0.08116080007887586,24
2001-06-01,0.08009284394602742,24
2001-06-02,0.08457301862290255,24
2001-06-03,0.08479584165142684,24
2001-06-04,0.08199684607462734,24
2001-06-05,0.07508058968921909,24
2001-06-06,0.0662307464046331,24
2001-06-07,0.05834828992657275,24
2001-06-08,0.060312666396368744,24
2001-06-09,0.05947789577279935,24
2001-06-10,0.06040406129363397,24
2001-06-11,0.06022936278377773,24
2001-06-12,0.05625686078939344,24
2001-06-13,0.04971661824127497,24
2001-06-14,0.05064244866355276,24
2001-06-15,0.04429979426942241,24
2001-06-16,0.03995970531196091,24
2001-06-17,0.023585645500961247,24
2001-06-18,0.022144290181341304,24
2001-06-19,0.016514029071431013,24
2001-06-20,0.016329072349934033,24
2001-06-21,0.019528164197960458,24
2001-06-22,0.02414340410701102,24
2001-06-23,0.025034542373091915,24
2001-06-24,0.020544527204626944,24
2001-06-25,0.015195436466219453,24
2001-06-26,0.015325938093036411,24
2001-06-27,0.013732242148446294,24
2001-06-28,0.013391913654467432,24
2001-06-29,0.014406546728480976,24
2001-06-30,0.015059619411625652,24
2001-07-01,0.015455620615515692,24
2001-07-02,0.019052441727132875,24
2001-07-03,0.019765924476723134,24
2001-07-04,0.018224510010705144,24
2001-07-05,0.013314787410855138,24
2001-07-06,0.011152172599733248,24
2001-07-07,0.010574273851334378,24
2001-07-08,0.008022483243290737,24
2001-07-09,0.013361255782894231,24
2001-07-10,0.00933335516405204,24
2001-07-11,0.01187229412984498,24
2001-07-12,0.01797980593974651,24
2001-07-13,0.01832267357100755,24
2001-07-14,0.010309499609078298,24
2001-07-15,0.01404113850215431,24
2001-07-16,0.01630923418555794,24
2001-07-17,0.01852099208570002,24
2001-07-18,0.007980311628101804,24
2001-07-19,0.0052999966676474455,24
2001-07-20,0.00565245907643586,24
2001-07-21,0.006760014350828555,24
2001-07-22,0.008572434639936986,24
2001-07-23,0.035146251252135746,24
2001-07-24,0.08703937035526622,24
2001-07-25,0.0253571639280845,24
2001-07-26,0.014480681533888385,24
2001-07-27,0.01167628737326085,24
2001-07-28,0.014693173531732143,24
2001-07-29,0.019430588249742503,24
2001-07-30,0.011409450069296992,24
2001-07-31,0.008128574010096649,24
2001-08-01,0.005851710368734146,24
2001-08-02,0.005263134165753737,24
2001-08-03,0.006562574100920403,24
2001-08-04,0.00955122352181565,24
2001-08-05,0.008728767652969985,24
2001-08-06,0.008681293060830639,24
2001-08-07,0.010469649518741561,24
2001-08-08,0.011017446547056746,24
2001-08-09,0.011911522246046247,24
2001-08-10,0.011009584483433685,24
2001-08-11,0.010793040286940263,24
2001-08-12,0.009827369618534289,24
2001-08-13,0.010836364027152795,24
2001-08-14,0.01569308926337845,24
2001-08-15,0.056737866231596865,24
2001-08-16,0.020396705165038487,24
2001-08-17,0.008458664649407152,24
2001-08-18,0.006291416359111022,24
2001-08-19,0.007869119224191116,24
2001-08-20,0.008560919253422106,24
2001-08-21,0.011201752142381099,24
2001-08-22,0.01184709284018878,24
2001-08-23,0.013067829672138294,24
2001-08-24,0.008115052650484357,24
2001-08-25,0.006613812429473643,24
2001-08-26,0.00526025144172608,24
2001-08-27,0.00528046211983202,24
2001-08-28,0.0044679796877504846,24
2001-08-29,0.005064949951874119,24
2001-08-30,0.005561299972435469,24
2001-08-31,0.00663759770268934,24
2001-09-01,0.00511662880631224,24
2001-09-02,0.004440505560413071,24
2001-09-03,0.007039626557642547,24
2001-09-04,0.007482097012092263,24
2001-09-05,0.00603416962585849,24
2001-09-06,0.005104616499800401,24
2001-09-07,0.005929219231786431,24
2001-09-08,0.004752549404956488,24
2001-09-09,0.004010303164072318,24
2001-09-10,0.004449705940548559,24
2001-09-11,0.005024198457157732,24
2001-09-12,0.007269455072759551,24
2001-09-13,0.006979478188916753,24
2001-09-14,0.00842777959063991,24
2001-09-15,0.007221209967688956,24
2001-09-16,0.006666537695815194,24
2001-09-17,0.005736000639680045,24
2001-09-18,0.005526038308806057,24
2001-09-19,0.0063541058693901715,24
2001-09-20,0.007317488253949475,24
2001-09-21,0.007325284668155841,24
2001-09-22,0.0058388169511294635,24
2001-09-23,0.005604903865632673,24
2001-09-24,0.005162018881006995,24
2001-09-25,0.005520932632563485,24
2001-09-26,0.005274865206749152,24
2001-09-27,0.004544675113862831,24
2001-09-28,0.004046862983277153,24
2001-09-29,0.003924379762344655,24
2001-09-30,0.0036973565288069897,24
2001-10-01,0.0036277217940832002,24
2001-10-02,0.0036295188119901843,24
2001-10-03,0.00469961014452025,24
2001-10-04,0.005953544273565531,24
2001-10-05,0.004680175417575884,24
2001-10-06,0.004005533089930762,24
2001-10-07,0.0036341455795709837,24
2001-10-08,0.003503110537980006,24
2001-10-09,0.004175704944211139,24
2001-10-10,0.0045497366274959,24
2001-10-11,0.00474560172554898,24
2001-10-12,0.0036360134871128934,24
2001-10-13,0.003495362156348906,24
2001-10-14,0.0035858235572085403,24
2001-10-15,0.003520156653280302,24
2001-10-16,0.0036062223947954724,24
2001-10-17,0.0034542498696497627,24
2001-10-18,0.0036214292089149424,24
2001-10-19,0.0038333645757465855,24
2001-10-20,0.0043384651702135825,24
2001-10-21,0.004347038519299974,24
2001-10-22,0.0040981983693865204,24
2001-10-23,0.0035015061974365655,24
2001-10-24,0.003863056593706198,24
2001-10-25,0.0032437411308189825,24
2001-10-26,0.003169238685805743,24
2001-10-27,0.0033463554340157123,24
2001-10-28,0.0035146169029352807,24
2001-10-29,0.0038082818701860102,24
2001-10-30,0.00355505694538066,24
2001-10-31,0.003814275020160877,24
2001-11-01,0.00413191606302859,24
2001-11-02,0.004630536727422602,24
2001-11-03,0.004374003750981594,24
2001-11-04,0.002457880023621651,24
2001-11-05,0.0023126467996373045,24
2001-11-06,0.002290088706498054,24
2001-11-07,0.002222000518527965,24
2001-11-08,0.0021783480284908482,24
2001-11-09,0.0021901383066027275,24
2001-11-10,0.0021835039776928454,24
2001-11-11,0.002159410825634462,24
2001-11-12,0.0021488854616996352,24
2001-11-13,0.0022579957695250323,24
2001-11-14,0.0024090485037908662,24
2001-11-15,0.0023241585061423795,24
2001-11-16,0.0022100924841958938,24
2001-11-17,0.002165048293322049,24
2001-11-18,0.0022190276174572257,24
2001-11-19,0.002342442155856691,24
2001-11-20,0.0023182037279214232,24
2001-11-21,0.0021784300537458024,24
2001-11-22,0.0020390800002406677,24
2001-11-23,0.002025366714018398,24
2001-11-24,0.0021109153536034543,24
2001-11-25,0.002180951710601673,24
2001-11-26,0.002069750485789106,24
2001-11-27,0.002006676595940367,24
2001-11-28,0.001889615391816538,24
2001-11-29,0.001926782148332638,24
2001-11-30,0.001904787330896981,24
2001-12-01,0.002047961290551474,24
2001-12-02,0.0018632488087312554,24
2001-12-03,0.0019392608780253561,24
2001-12-04,0.0020776644693481466,24
2001-12-05,0.001806445936365539,24
2001-12-06,0.0017869376499486727,24
2001-12-07,0.0018571903092891359,24
2001-12-08,0.0017079483959625678,24
2001-12-09,0.0016965701515945068,24
2001-12-10,0.0016960456348855365,24
2001-12-11,0.0016593778149110855,24
2001-12-12,0.0016285493202998665,24
2001-12-13,0.0016306668170441537,24
2001-12-14,0.0016809741338322964,24
2001-12-15,0.001620489658511373,24
2001-12-16,0.001574655421327796,24
2001-12-17,0.0016497295720964786,24
2001-12-18,0.0018586642242973616,24
2001-12-19,0.001550999907284718,24
2001-12-20,0.0015201785494066058,24
2001-12-21,0.001520118389312811,24
2001-12-22,0.0015346903839014098,24
2001-12-23,0.0015447541158224787,24
2001-12-24,0.0015103008630965404,24
2001-12-25,0.0014898208630598968,24
2001-12-26,0.001482415293178878,24
2001-12-27,0.0014628298339063347,24
2001-12-28,0.001439825020976506,24
2001-12-29,0.0014321806439287724,24
2001-12-30,0.0014206571750586283,24
2001-12-31,0.0014181625244280868,24
2002-01-01,0.0013806151466465718,24
2002-01-02,0.0013577621510513487,24
2002-01-03,0.001354035354486861,24
2002-01-04,0.001350340448498482,24
2002-01-05,0.0013385416107826067,24
2002-01-06,0.001326737134389776,24
2002-01-07,0.0013144805580577843,24
2002-01-08,0.001305478102155948,24
2002-01-09,0.0013160204377895284,24
2002-01-10,0.0013506494616412558,24
2002-01-11,0.0013238201003151072,24
2002-01-12,0.0014698319608028247,24
2002-01-13,0.0026088142809401003,24
2002-01-14,0.0024047901761476507,24
2002-01-15,0.0013344094997819898,24
2002-01-16,0.00124088626858291,24
2002-01-17,0.0012163061026148419,24
2002-01-18,0.0012070369769243705,24
2002-01-19,0.0012006523535685175,24
2002-01-20,0.0012021335274185066,24
2002-01-21,0.0012020276813823863,24
2002-01-22,0.0011971098291518577,24
2002-01-23,0.0012012466797818866,24
2002-01-24,0.0011869137778698943,24
2002-01-25,0.001185764232095349,24
2002-01-26,0.0011559382310458487,24
2002-01-27,0.0011376024816732496,24
2002-01-28,0.0011289703943704172,24
2002-01-29,0.0011210148102716953,24
2002-01-30,0.0011187309818547226,24
2002-01-31,0.001132748331697103,24
2002-02-01,0.0011615260990844795,24
2002-02-02,0.001272102936764083,24
2002-02-03,0.0011290657570583213,24
2002-02-04,0.0011149607753387846,24
2002-02-05,0.0011114466399831675,24
2002-02-06,0.0012172308484554458,24
2002-02-07,0.0014515650856195468,24
2002-02-08,0.001191482059952835,24
2002-02-09,0.0011130876748829375,24
2002-02-10,0.0010845676523317113,24
2002-02-11,0.0010826047646869904,24
2002-02-12,0.0010995851374465905,24
2002-02-13,0.001091401772718651,24
2002-02-14,0.0010947213237648425,24
2002-02-15,0.0011391984544846085,24
2002-02-16,0.0012562125641820026,24
2002-02-17,0.0012914435225063446,24
2002-02-18,0.0011608073644356445,24
2002-02-19,0.0010616929913129336,24
2002-02-20,0.001089471339967464,24
2002-02-21,0.0010720522477770911,24
2002-02-22,0.004764448402346353,24
2002-02-23,0.003427205751052698,24
2002-02-24,0.0011586184395090133,24
2002-02-25,0.0010364819061365659,24
2002-02-26,0.0010770962353499982,24
2002-02-27,0.001108836732435041,24
2002-02-28,0.0011229789537813418,24
2002-03-01,0.0015274947607582486,24
2002-03-02,0.0012511247131987322,24
2002-03-03,0.0010929956992136375,24
2002-03-04,0.0010424566905952823,24
2002-03-05,0.0010349293978408735,24
2002-03-06,0.001060219410823727,24
2002-03-07,0.0011504156165993197,24
2002-03-08,0.0018607729894502384,24
2002-03-09,0.00460530319573526,24
2002-03-10,0.003061722189406334,24
2002-03-11,0.0012092591348834701,24
2002-03-12,0.0011102721789009783,24
2002-03-13,0.0011167063292582893,24
2002-03-14,0.0011951339321868476,24
2002-03-15,0.0012963895323428517,24
2002-03-16,0.0014026965828111409,24
2002-03-17,0.0015480709082185402,24
2002-03-18,0.0017426501522144525,24
2002-03-19,0.0019376896898084524,24
2002-03-20,0.002071549357188313,24
2002-03-21,0.003276886630605997,24
2002-03-22,0.0022356660224613412,24
2002-03-23,0.0031621702386877156,24
2002-03-24,0.008138260804733956,24
2002-03-25,0.0018378627968848918,24
2002-03-26,0.0013117140504816755,24
2002-03-27,0.0013942456314780876,24
2002-03-28,0.0015273538425268566,24
2002-03-29,0.0017314019041622351,24
2002-03-30,0.0023844296653484785,24
2002-03-31,0.004207235967940748,24
2002-04-01,0.004563261646457935,24
2002-04-02,0.0016986053000535902,24
2002-04-03,0.0015320504169044926,24
2002-04-04,0.0016298443392842225,24
2002-04-05,0.0028201514465147747,24
2002-04-06,0.0023197689822180303,24
2002-04-07,0.0035861793337624913,24
2002-04-08,0.0019628074747783377,24
2002-04-09,0.0017882361297933956,24
2002-04-10,0.0020376180586036186,24
2002-04-11,0.0024612617663241033,24
2002-04-12,0.003354072235389183,24
2002-04-13,0.003982843447295428,24
2002-04-14,0.00488432473921922,24
2002-04-15,0.005620798442938176,24
2002-04-16,0.005128850319468804,24
2002-04-17,0.006535356486814408,24
2002-04-18,0.005078045632733147,24
2002-04-19,0.005104170783231883,24
2002-04-20,0.0062453161938541835,24
2002-04-21,0.00825472393463585,24
2002-04-22,0.013602365962294485,24
2002-04-23,0.012887465196331504,24
2002-04-24,0.010147233097549117,24
2002-04-25,0.005130203639001737,24
2002-04-26,0.003208999527931915,24
2002-04-27,0.004377360263019099,24
2002-04-28,0.0030447341309765143,24
2002-04-29,0.00227549244058804,24
2002-04-30,0.003356414674269373,24
2002-05-01,0.00476455059274071,24
2002-05-02,0.00621323692799561,24
2002-05-03,0.006425376054506325,24
2002-05-04,0.00914554075646686,24
2002-05-05,0.011461949558225017,24
2002-05-06,0.012950846478483618,24
2002-05-07,0.013041844379381703,24
2002-05-08,0.013652400770018978,24
2002-05-09,0.014827420670363889,24
2002-05-10,0.0172190891292407,24
2002-05-11,0.01687552252676243,24
2002-05-12,0.01840040568194016,24
2002-05-13,0.021054083692602307,24
2002-05-14,0.028826234637407456,24
2002-05-15,0.0350724476519839,24
2002-05-16,0.029221662612167954,24
2002-05-17,0.027411977767404918,24
2002-05-18,0.029047218462502928,24
2002-05-19,0.020123421870516783,24
2002-05-20,0.016293393984626647,24
2002-05-21,0.01712311129551395,24
2002-05-22,0.02700050140370752,24
2002-05-23,0.04003234982579446,24
2002-05-24,0.041482448508838046,24
2002-05-25,0.038740013749349794,24
2002-05-26,0.03833995832649317,24
2002-05-27,0.03589090647781739,24
2002-05-28,0.05513101539431247,24
2002-05-29,0.05020212079343149,24
2002-05-30,0.05375870126945307,24
2002-05-31,0.051152704311042366,24
2002-06-01,0.054202757653530304,24
2002-06-02,0.06101308453325935,24
2002-06-03,0.06504205136314656,24
2002-06-04,0.07177841439636294,24
2002-06-05,0.08081098022005298,24
2002-06-06,0.08377038721689745,24
2002-06-07,0.07995196064170695,24
2002-06-08,0.0840238757365984,24
2002-06-09,0.09935579596365461,24
2002-06-10,0.11047288375357098,24
2002-06-11,0.104744549220864,24
2002-06-12,0.10312045003925958,24
2002-06-13,0.09937248145261746,24
2002-06-14,0.10472072446421402,24
2002-06-15,0.1061595743018763,24
2002-06-16,0.10616980237005119,24
2002-06-17,0.04245576712197916,24
2002-06-18,0.033442544998978106,24
2002-06-19,0.04200104177977174,24
2002-06-20,0.04402499381241754,24
2002-06-21,0.05027565039596523,24
2002-06-22,0.05882682089045543,24
2002-06-23,0.08148685687558337,24
2002-06-24,0.07984362171130462,24
2002-06-25,0.08092733579635711,24
2002-06-26,0.07747139385506613,24
2002-06-27,0.08500235390546165,24
2002-06-28,0.08796291017467692,24
2002-06-29,0.09661750644312649,24
2002-06-30,0.0867582376592385,24
2002-07-01,0.08542206516422116,24
2002-07-02,0.07902412419332784,24
2002-07-03,0.07651419646547024,24
2002-07-04,0.07739952013031196,24
2002-07-05,0.07130872329190073,24
2002-07-06,0.061907557858912964,24
2002-07-07,0.057217328395055146,24
2002-07-08,0.0524279871971447,24
2002-07-09,0.0524345427672021,24
2002-07-10,0.049602827185479724,24
2002-07-11,0.044151020220178104,24
2002-07-12,0.04223698609542038,24
2002-07-13,0.04530050704776751,24
2002-07-14,0.0456375153971296,24
2002-07-15,0.04355131718388246,24
2002-07-16,0.04423177400233503,24
2002-07-17,0.047645471581358685,24
2002-07-18,0.046714534755241316,24
2002-07-19,0.04747264617945683,24
2002-07-20,0.043689665886145417,24
2002-07-21,0.03886914498912876,24
2002-07-22,0.041811015491925015,24
2002-07-23,0.02989777635047986,24
2002-07-24,0.022533532133256894,24
2002-07-25,0.021171075622859685,24
2002-07-26,0.025462987668637735,24
2002-07-27,0.026147061976384254,24
2002-07-28,0.029472679475474824,24
2002-07-29,0.026473751402266297,24
2002-07-30,0.02161597904677114,24
2002-07-31,0.023168447065496745,24
2002-08-01,0.022276119669545343,24
2002-08-02,0.020215281982588092,24
2002-08-03,0.020570037545932927,24
2002-08-04,0.02289299397647315,24
2002-08-05,0.024033638187251752,24
2002-08-06,0.024489829118372095,24
2002-08-07,0.03222487635065954,24
2002-08-08,0.02578063340241485,24
2002-08-09,0.026138578012951014,24
2002-08-10,0.026401079931273913,24
2002-08-11,0.02611949658514334,24
2002-08-12,0.03169266509720571,24
2002-08-13,0.04199058808086878,24
2002-08-14,0.04180530775903691,24
2002-08-15,0.017801088846984326,24
2002-08-16,0.00974613329526707,24
2002-08-17,0.009149872741853233,24
2002-08-18,0.012266856701347651,24
2002-08-19,0.013775344622104254,24
2002-08-20,0.013588755817464849,24
2002-08-21,0.016856651341885888,24
2002-08-22,0.020395161791505925,24
2002-08-23,0.019319558193701895,24
2002-08-24,0.01986466399836982,24
2002-08-25,0.02193319701011093,24
2002-08-26,0.02595982030663043,24
2002-08-27,0.022428248761891027,24
2002-08-28,0.020132784319733178,24
2002-08-29,0.019891432272889333,24
2002-08-30,0.016827555185938727,24
2002-08-31,0.018256744353866906,24
2002-09-01,0.01810909631601159,24
2002-09-02,0.01703777188783425,24
2002-09-03,0.01216320605803745,24
2002-09-04,0.009478831231018392,24
2002-09-05,0.007899882648062304,24
2002-09-06,0.006592438980886482,24
2002-09-07,0.005691112561455066,24
2002-09-08,0.006098773800101552,24
2002-09-09,0.007028910848649995,24
2002-09-10,0.007267673879638137,24
2002-09-11,0.0068610644570239205,24
2002-09-12,0.0057067836269803504,24
2002-09-13,0.006330315006302446,24
2002-09-14,0.007058106245944868,24
2002-09-15,0.006973471750788824,24
2002-09-16,0.0072816378320956845,24
2002-09-17,0.007144525469910002,24
2002-09-18,0.006757757988148825,24
2002-09-19,0.0063000343304083,24
2002-09-20,0.00570404017771361,24
2002-09-21,0.00469180900292356,24
2002-09-22,0.004442997305060929,24
2002-09-23,0.00521444402783086,24
2002-09-24,0.006580440250933312,24
2002-09-25,0.00671065935937249,24
2002-09-26,0.005887008974039422,24
2002-09-27,0.005687213936823206,24
2002-09-28,0.00559698343013289,24
2002-09-29,0.005299912965513477,24
2002-09-30,0.0053358108680041745,24
2002-10-01,0.004674922361257941,24
2002-10-02,0.004420781578117541,24
2002-10-03,0.004207130607227848,24
2002-10-04,0.004054916142862959,24
2002-10-05,0.00391658730060892,24
2002-10-06,0.004152312779483312,24
2002-10-07,0.004123041787259639,24
2002-10-08,0.00411952253258523,24
2002-10-09,0.003671401013720223,24
2002-10-10,0.0036487376522899417,24
2002-10-11,0.0035894644076455776,24
2002-10-12,0.0036449883405801323,24
2002-10-13,0.004167876419395829,24
2002-10-14,0.0038574302721728917,24
2002-10-15,0.004131371130402814,24
2002-10-16,0.004371887536535352,24
2002-10-17,0.003962210823424706,24
2002-10-18,0.0037697438840415816,24
2002-10-19,0.0038835166445726444,24
2002-10-20,0.004024608345685962,24
2002-10-21,0.003995215761692158,24
2002-10-22,0.0041217242627693265,24
2002-10-23,0.00414570901307078,24
2002-10-24,0.004112492810084991,24
2002-10-25,0.0035950010774345492,24
2002-10-26,0.003555214948307834,24
2002-10-27,0.0033270807204970844,24
2002-10-28,0.0032423502850893213,24
2002-10-29,0.003306667107237473,24
2002-10-30,0.0033093128255114166,24
2002-10-31,0.003244046747208607,24
2002-11-01,0.0030242147862702203,24
2002-11-02,0.0029479421400484297,24
2002-11-03,0.0029185827713961725,24
2002-11-04,0.0029145115462025834,24
2002-11-05,0.003061678898461317,24
2002-11-06,0.0031414051020674854,24
2002-11-07,0.0036057910436698955,24
2002-11-08,0.0034500226768063333,24
2002-11-09,0.0034060613090572045,24
2002-11-10,0.0036296083155323406,24
2002-11-11,0.0035072986994712386,24
2002-11-12,0.003478830601484075,24
2002-11-13,0.003298070898574324,24
2002-11-14,0.0028422425041125924,24
2002-11-15,0.003113763478861717,24
2002-11-16,0.0029281390498179564,24
2002-11-17,0.0026559631668320607,24
2002-11-18,0.0025600555729488193,24
2002-11-19,0.0027966265143524287,24
2002-11-20,0.002648540963398979,24
2002-11-21,0.0028117281249489035,24
2002-11-22,0.002705114958933982,24
2002-11-23,0.0025995351226481764,24
2002-11-24,0.0023390999490166217,24
2002-11-25,0.002161366884927964,24
2002-11-26,0.002210063010293634,24
2002-11-27,0.002352146262200319,24
2002-11-28,0.002353674074613148,24
2002-11-29,0.002284641931199933,24
2002-11-30,0.0023427310487872015,24
2002-12-01,0.00220622660717921,24
2002-12-02,0.002165520080949966,24
2002-12-03,0.002114212373917495,24
2002-12-04,0.0023520652515001596,24
2002-12-05,0.0018015520168623003,24
2002-12-06,0.0019553189577710068,24
2002-12-07,0.0018640795198548701,24
2002-12-08,0.0019033030944824471,24
2002-12-09,0.0018005731491007226,24
2002-12-10,0.0017736719700959778,24
2002-12-11,0.0018250336040293946,24
2002-12-12,0.0022585285593024473,24
2002-12-13,0.0022895172098970217,24
2002-12-14,0.002260529004673206,24
2002-12-15,0.0017896673739658264,24
2002-12-16,0.0017038212946589872,24
2002-12-17,0.0014924605160785366,24
2002-12-18,0.0014243766511315913,24
2002-12-19,0.0017621637874548164,24
2002-12-20,0.001583707372825689,24
2002-12-21,0.0014269338516560968,24
2002-12-22,0.001472489318851334,24
2002-12-23,0.0014133330425501918,24
2002-12-24,0.001776733149602285,24
2002-12-25,0.0014274053239129473,24
2002-12-26,0.0013185306931705215,24
2002-12-27,0.0012788635398981014,24
2002-12-28,0.0012519978461131172,24
2002-12-29,0.0012308570195085282,24
2002-12-30,0.00122287944693306,24
2002-12-31,0.0012093743409149912,24
2003-01-01,0.001190743956141306,24
2003-01-02,0.0012097298772372534,24
2003-01-03,0.0012148710374719968,24
2003-01-04,0.0011688037753406347,24
2003-01-05,0.001219948331945573,24
2003-01-06,0.0012196244362985276,24
2003-01-07,0.0011514894737611953,24
2003-01-08,0.0011071856044634514,24
2003-01-09,0.0011113141071770688,24
2003-01-10,0.0011026166437742297,24
2003-01-11,0.0010851318481238026,24
2003-01-12,0.0010803723817657826,24
2003-01-13,0.001060381041541511,24
2003-01-14,0.0011309225574348122,24
2003-01-15,0.0013124507719278712,24
2003-01-16,0.0014040622300866452,24
2003-01-17,0.0018724089231563579,24
2003-01-18,0.0020441406779375774,24
2003-01-19,0.0019168119322086504,24
2003-01-20,0.00163048652952726,24
2003-01-21,0.0013829533885428241,24
2003-01-22,0.0015508025267497389,24
2003-01-23,0.0012667486195020125,24
2003-01-24,0.0011699123203436012,24
2003-01-25,0.0011163971684984343,24
2003-01-26,0.0011812164449142419,24
2003-01-27,0.001279371618529357,24
2003-01-28,0.0011303393721602273,24
2003-01-29,0.0012123357665462832,24
2003-01-30,0.0012611109506794377,24
2003-01-31,9.886107787963738E-4,24
2003-02-01,9.696556663860983E-4,24
2003-02-02,9.396658593537559E-4,24
2003-02-03,9.164343255978842E-4,24
2003-02-04,9.128380326036957E-4,24
2003-02-05,9.255350980046338E-4,24
2003-02-06,9.365233484597741E-4,24
2003-02-07,0.0011973826808250848,24
2003-02-08,9.187047244124432E-4,24
2003-02-09,8.720118744371056E-4,24
2003-02-10,8.636488248721518E-4,24
2003-02-11,8.587343962753364E-4,24
2003-02-12,8.566208646170739E-4,24
2003-02-13,8.597426035294796E-4,24
2003-02-14,8.486976043430447E-4,24
2003-02-15,9.30815425819934E-4,24
2003-02-16,0.0018174435358757042,24
2003-02-17,0.012528937568979149,24
2003-02-18,0.008171841818854816,24
2003-02-19,0.004012756103577714,24
2003-02-20,0.001669529365875122,24
2003-02-21,9.508609562071601E-4,24
2003-02-22,0.0010566788636164164,24
2003-02-23,0.0018235294789012574,24
2003-02-24,0.0013485598006429164,24
2003-02-25,0.0014124093183109268,24
2003-02-26,0.0016220816008491355,24
2003-02-27,0.003983128499458216,24
2003-02-28,0.005721258384061057,24
2003-03-01,0.012803436674487577,24
2003-03-02,0.006338224517312203,24
2003-03-03,0.0034967251687992545,24
2003-03-04,0.0016378054634152346,24
2003-03-05,0.0015616730174671525,24
2003-03-06,0.0015600426087577367,24
2003-03-07,0.0015324049589189978,24
2003-03-08,0.0015113173904136485,24
2003-03-09,0.002306665909337423,24
2003-03-10,0.0022915264346177948,24
2003-03-11,0.001598570742576014,24
2003-03-12,0.0015989415397473252,24
2003-03-13,0.0016188831049507725,24
2003-03-14,0.0019491313912521735,24
2003-03-15,0.00560967693601273,24
2003-03-16,0.0024048235258644756,24
2003-03-17,0.0020844225642124843,24
2003-03-18,0.0020068020064827404,24
2003-03-19,0.0028562938905751433,24
2003-03-20,0.002558140529848514,24
2003-03-21,0.002592073453671251,24
2003-03-22,0.002277514536470123,24
2003-03-23,0.0032247105199241072,24
2003-03-24,0.003333358096838158,24
2003-03-25,0.003976353123019486,24
2003-03-26,0.003494376775827448,24
2003-03-27,0.0035236130541692746,24
2003-03-28,0.010929032198080548,24
2003-03-29,0.006445289064494047,24
2003-03-30,0.0036161767518924246,24
2003-03-31,0.0029951676963165517,24
2003-04-01,0.003279299447507022,24
2003-04-02,0.003961903369063145,24
2003-04-03,0.0031118434494205255,24
2003-04-04,0.0030618282846939884,24
2003-04-05,0.002662634671903958,24
2003-04-06,0.0029322038862051353,24
2003-04-07,0.0032845547512189576,24
2003-04-08,0.0038267427695258863,24
2003-04-09,0.004249303595482333,24
2003-04-10,0.004725288094999078,24
2003-04-11,0.005064741919555462,24
2003-04-12,0.005510361348665977,24
2003-04-13,0.005531980283316063,24
2003-04-14,0.004535954427143212,24
2003-04-15,0.009622742905426418,24
2003-04-16,0.007507353727357207,24
2003-04-17,0.003066049778908667,24
2003-04-18,0.0057334461701220255,24
2003-04-19,0.011818383522342083,24
2003-04-20,0.0030192178102357017,24
2003-04-21,0.002496227455384151,24
2003-04-22,0.003496480384125123,24
2003-04-23,0.005162043867507404,24
2003-04-24,0.00867507454123059,24
2003-04-25,0.013111879605473485,24
2003-04-26,0.008758129012853534,24
2003-04-27,0.00720780984077617,24
2003-04-28,0.006857549753163337,24
2003-04-29,0.008592491002851277,24
2003-04-30,0.011187327154832684,24
2003-05-01,0.022208880767704445,24
2003-05-02,0.01867236114690927,24
2003-05-03,0.005956726585949578,24
2003-05-04,0.0035067773371314464,24
2003-05-05,0.0033164937361208208,24
2003-05-06,0.0038572330698366524,24
2003-05-07,0.004837280441711003,24
2003-05-08,0.006222366736409593,24
2003-05-09,0.008175617063348028,24
2003-05-10,0.008756200039064096,24
2003-05-11,0.009969419831487775,24
2003-05-12,0.005832656548959748,24
2003-05-13,0.007580533569727734,24
2003-05-14,0.007191924468038361,24
2003-05-15,0.009256349372409788,24
2003-05-16,0.009797334357246442,24
2003-05-17,0.01140175883231359,24
2003-05-18,0.012980171680874062,24
2003-05-19,0.015141137749334128,24
2003-05-20,0.017463624961172344,24
2003-05-21,0.02029650041396482,24
2003-05-22,0.018362084197549755,24
2003-05-23,0.024757254780199398,24
2003-05-24,0.02091166095496256,24
2003-05-25,0.018526701650780086,24
2003-05-26,0.029831143880212473,24
2003-05-27,0.023956346208237982,24
2003-05-28,0.022225614722644855,24
2003-05-29,0.01821980994456654,24
2003-05-30,0.029433335319366365,24
2003-05-31,0.03844456807816718,24
2003-06-01,0.054951279427793,24
2003-06-02,0.05938721556400553,24
2003-06-03,0.06648150523520531,24
2003-06-04,0.07321496946454484,24
2003-06-05,0.06616180705614981,24
2003-06-06,0.0668628449854627,24
2003-06-07,0.07567034571836656,24
2003-06-08,0.0833824552252131,24
2003-06-09,0.06823574984430794,24
2003-06-10,0.07086745268316885,24
2003-06-11,0.07684443204221723,24
2003-06-12,0.08664769150377395,24
2003-06-13,0.08073297650442067,24
2003-06-14,0.07760097033832716,24
2003-06-15,0.08397544558235616,24
2003-06-16,0.08929219863193538,24
2003-06-17,0.09795348140537283,24
2003-06-18,0.11645713496351906,24
2003-06-19,0.13865981972126196,24
2003-06-20,0.13388946061863768,24
2003-06-21,0.14023202381442662,24
2003-06-22,0.14136679118130432,24
2003-06-23,0.14876167240170238,24
2003-06-24,0.14343617988118854,24
2003-06-25,0.150802695960591,24
2003-06-26,0.1579401850571093,24
2003-06-27,0.16653745454199562,24
2003-06-28,0.15390082481180903,24
2003-06-29,0.1522109027929323,24
2003-06-30,0.13397307985604237,24
2003-07-01,0.1327202967807585,24
2003-07-02,0.13797139664261862,24
2003-07-03,0.1397805669231029,24
2003-07-04,0.14293017768372335,24
2003-07-05,0.14131880368000843,24
2003-07-06,0.14112618451348533,24
2003-07-07,0.1399480702975278,24
2003-07-08,0.13527827059197356,24
2003-07-09,0.11544209981795515,24
2003-07-10,0.10400745378591947,24
2003-07-11,0.09732696033480247,24
2003-07-12,0.09091575916930675,24
2003-07-13,0.08677754133504076,24
2003-07-14,0.07380975684275681,24
2003-07-15,0.07097273587216446,24
2003-07-16,0.07559817259605867,24
2003-07-17,0.07725593754338879,24
2003-07-18,0.06879276270952711,24
2003-07-19,0.06320061928065386,24
2003-07-20,0.05883081824131484,24
2003-07-21,0.0593674065368099,24
2003-07-22,0.06650203521683584,24
2003-07-23,0.05552710190174346,24
2003-07-24,0.05163726511978165,24
2003-07-25,0.04804978919163198,24
2003-07-26,0.04038351043743126,24
2003-07-27,0.037598354475906336,24
2003-07-28,0.038102739412701016,24
2003-07-29,0.032794281086948145,24
2003-07-30,0.02762624492050703,24
2003-07-31,0.02656176681430757,24
2003-08-01,0.03012783478374591,24
2003-08-02,0.05365401531355066,24
2003-08-03,0.03169265505276903,24
2003-08-04,0.03683753069181717,24
2003-08-05,0.02610617899382843,24
2003-08-06,0.016805868746548665,24
2003-08-07,0.015423357459617133,24
2003-08-08,0.016768285296676913,24
2003-08-09,0.01801348657945683,24
2003-08-10,0.015883860283088136,24
2003-08-11,0.016750035183810817,24
2003-08-12,0.015500506990800267,24
2003-08-13,0.015390542552954568,24
2003-08-14,0.011877357835277581,24
2003-08-15,0.01328481129294482,24
2003-08-16,0.014044216035829228,24
2003-08-17,0.01552238435438363,24
2003-08-18,0.015846191310886288,24
2003-08-19,0.018106205636879386,24
2003-08-20,0.02004140960264119,24
2003-08-21,0.013098246359369169,24
2003-08-22,0.010661083763451443,24
2003-08-23,0.009439302806281932,24
2003-08-24,0.008475465420940565,24
2003-08-25,0.009916207753433917,24
2003-08-26,0.011780211863933368,24
2003-08-27,0.013477214245486088,24
2003-08-28,0.01307484325934403,24
2003-08-29,0.015610062309413626,24
2003-08-30,0.020433352532303158,24
2003-08-31,0.01299993071398204,24
2003-09-01,0.009481196899188051,24
2003-09-02,0.00814478333064104,24
2003-09-03,0.011061041892551736,24
2003-09-04,0.016180419362842816,24
2003-09-05,0.014197279351179407,24
2003-09-06,0.010722442081553877,24
2003-09-07,0.00910266253165345,24
2003-09-08,0.012324236925173959,24
2003-09-09,0.01100580856086424,24
2003-09-10,0.006817188206815493,24
2003-09-11,0.0060610158977980845,24
2003-09-12,0.005887090743475869,24
2003-09-13,0.007535698223736503,24
2003-09-14,0.01089120536494011,24
2003-09-15,0.01016618653155681,24
2003-09-16,0.0074929264351407225,24
2003-09-17,0.005870531492976715,24
2003-09-18,0.005170571536346515,24
2003-09-19,0.004382543777598842,24
2003-09-20,0.004055504349410543,24
2003-09-21,0.004044794398461626,24
2003-09-22,0.004230411861201694,24
2003-09-23,0.006828354790991695,24
2003-09-24,0.016745792023761866,24
2003-09-25,0.019853786857408153,24
2003-09-26,0.008265034978196669,24
2003-09-27,0.006294959426978544,24
2003-09-28,0.0050307631975459845,24
2003-09-29,0.004988595206627832,24
2003-09-30,0.005117795266890067,24
2003-10-01,0.005499051956572067,24
2003-10-02,0.0046272119726322326,24
2003-10-03,0.004492397275643935,24
2003-10-04,0.004722679000388916,24
2003-10-05,0.005200806642886327,24
2003-10-06,0.005631429270023445,24
2003-10-07,0.006433798621619823,24
2003-10-08,0.007128613089565546,24
2003-10-09,0.005218934252096776,24
2003-10-10,0.004241071441737379,24
2003-10-11,0.003971261228965584,24
2003-10-12,0.003669042323042438,24
2003-10-13,0.0037549150768939367,24
2003-10-14,0.003965227102449507,24
2003-10-15,0.003973113649212369,24
2003-10-16,0.004015912307524272,24
2003-10-17,0.00395628614520169,24
2003-10-18,0.0036764982305224434,24
2003-10-19,0.003822760564490115,24
2003-10-20,0.0037475384833758167,24
2003-10-21,0.0034629869545564815,24
2003-10-22,0.003492468013531746,24
2003-10-23,0.0035815266243440324,24
2003-10-24,0.003585324910729151,24
2003-10-25,0.0034216128930638625,24
2003-10-26,0.003368705352989998,24
2003-10-27,0.0034071253481068467,24
2003-10-28,0.0035448064841644865,24
2003-10-29,0.0035501566135473597,24
2003-10-30,0.0034563678558543302,24
2003-10-31,0.003475651872199838,24
2003-11-01,0.003545455826913315,24
2003-11-02,0.0033707285623629565,24
2003-11-03,0.00357148962170852,24
2003-11-04,0.003498014395505412,24
2003-11-05,0.0036424104595964555,24
2003-11-06,0.0031273590364992577,24
2003-11-07,0.003243161209383894,24
2003-11-08,0.003975966799633024,24
2003-11-09,0.002999702005163758,24
2003-11-10,0.002807335151499231,24
2003-11-11,0.002759152994368324,24
2003-11-12,0.0026853033717106883,24
2003-11-13,0.0028757554816415455,24
2003-11-14,0.0027469750534791274,24
2003-11-15,0.0030203799659723404,24
2003-11-16,0.0034793474186523205,24
2003-11-17,0.003197411050756234,24
2003-11-18,0.0023579030975995397,24
2003-11-19,0.00225129406303413,24
2003-11-20,0.0023204411633994193,24
2003-11-21,0.0023250244144748123,24
2003-11-22,0.0022283383372007086,24
2003-11-23,0.002209351252893454,24
2003-11-24,0.002174345619512674,24
2003-11-25,0.0021405613082603287,24
2003-11-26,0.0021376529425762006,24
2003-11-27,0.0020941675913605964,24
2003-11-28,0.0020541262725311434,24
2003-11-29,0.0021028985153525434,24
2003-11-30,0.0021436638147922923,24
2003-12-01,0.00228750016945138,24
2003-12-02,0.0021590083954264624,24
2003-12-03,0.0020523486790210723,24
2003-12-04,0.0021540270122681377,24
2003-12-05,0.0020473736846966933,24
2003-12-06,0.0019298936011402667,24
2003-12-07,0.002091841219096972,24
2003-12-08,0.0024390503651619006,24
2003-12-09,0.0022810274958475966,24
2003-12-10,0.0019858181375036576,24
2003-12-11,0.001845591275131085,24
2003-12-12,0.002211335544512405,24
2003-12-13,0.0034392225260662453,24
2003-12-14,0.002299863455129539,24
2003-12-15,0.0018397013178571117,24
2003-12-16,0.0017857472552278207,24
2003-12-17,0.0017049954044192211,24
2003-12-18,0.0016868813953186147,24
2003-12-19,0.0016771973275451417,24
2003-12-20,0.0016596165995660468,24
2003-12-21,0.0016527902587374058,24
2003-12-22,0.0017008851385116991,24
2003-12-23,0.0017845164654050566,24
2003-12-24,0.0016366185863515518,24
2003-12-25,0.0015933859995809598,24
2003-12-26,0.0016017629649480623,24
2003-12-27,0.0015848500195679354,24
2003-12-28,0.0015593780911271784,24
2003-12-29,0.0015544694649756816,24
2003-12-30,0.0016276131236035397,24
2003-12-31,0.0017626068701802411,24
2004-01-01,0.0017415312910092008,24
2004-01-02,0.0015568292922159615,24
2004-01-03,0.0015129955849753842,24
2004-01-04,0.0015002543050440496,24
2004-01-05,0.0015479901142516662,24
2004-01-06,0.0014923745959574317,24
2004-01-07,0.001484752708984853,24
2004-01-08,0.0014753103021622387,24
2004-01-09,0.0014930294642921135,24
2004-01-10,0.0014974974020546625,24
2004-01-11,0.001483907138231257,24
2004-01-12,0.001531840455988658,24
2004-01-13,0.0014974441254614092,24
2004-01-14,0.0014488295667726618,24
2004-01-15,0.0014600113019260395,24
2004-01-16,0.0018798572391502213,24
2004-01-17,0.005930797883203915,24
2004-01-18,0.0016472918257832575,24
2004-01-19,0.0014113557759201395,24
2004-01-20,0.0014119321852669117,24
2004-01-21,0.0026281690865067697,24
2004-01-22,0.0037903621111672185,24
2004-01-23,0.0021714293629092286,24
2004-01-24,0.0015268474315138368,24
2004-01-25,0.0014916785186008114,24
2004-01-26,0.0015001109311958386,24
2004-01-27,0.0015016491815295374,24
2004-01-28,0.0015100037635268789,24
2004-01-29,0.001584194237580949,24
2004-01-30,0.0019243731578813931,24
2004-01-31,0.0017940680146031798,24
2004-02-01,0.001548666525210589,24
2004-02-02,0.001524279042945889,24
2004-02-03,0.001528302470516157,24
2004-02-04,0.0015584936480721688,24
2004-02-05,0.001537440972074195,24
2004-02-06,0.0015266777833763286,24
2004-02-07,0.0015375971473755247,24
2004-02-08,0.002166797705369791,24
2004-02-09,0.004040155124542554,24
2004-02-10,0.0018114466420867004,24
2004-02-11,0.0016407728113426703,24
2004-02-12,0.001629772996355597,24
2004-02-13,0.0016319934028860097,24
2004-02-14,0.001648383414855564,24
2004-02-15,0.0016762619416941548,24
2004-02-16,0.0017511183543314336,24
2004-02-17,0.0034382750069167794,24
2004-02-18,0.002573753573857634,24
2004-02-19,0.0018433513094980648,24
2004-02-20,0.0018188349996724432,24
2004-02-21,0.0020460197328361043,24
2004-02-22,0.0019101522778279326,24
2004-02-23,0.0018869734095116918,24
2004-02-24,0.0019471715973571212,24
2004-02-25,0.002109512275721845,24
2004-02-26,0.0025226966638034524,24
2004-02-27,0.004035990926167529,24
2004-02-28,0.002111847910756525,24
2004-02-29,0.0022254929418211626,24
2004-03-01,0.0019615268006892986,24
2004-03-02,0.001986011170881498,24
2004-03-03,0.00203985981689825,24
2004-03-04,0.002157101121664565,24
2004-03-05,0.002152924727304169,24
2004-03-06,0.0022717868723849933,24
2004-03-07,0.0024172002026013302,24
2004-03-08,0.0027811882549513118,24
2004-03-09,0.0029227647013236775,24
2004-03-10,0.003269659623556073,24
2004-03-11,0.0030772588260190676,24
2004-03-12,0.002932615334673178,24
2004-03-13,0.0029720223303592646,24
2004-03-14,0.0034404834857695286,24
2004-03-15,0.0038579977400120544,24
2004-03-16,0.005389360243164938,24
2004-03-17,0.006393584911816719,24
2004-03-18,0.006071206908567318,24
2004-03-19,0.005823488630392621,24
2004-03-20,0.005526648556478653,24
2004-03-21,0.006543525795596444,24
2004-03-22,0.0061848521201734175,24
2004-03-23,0.005341778264215832,24
2004-03-24,0.0035636922773979794,24
2004-03-25,0.002447891834440022,24
2004-03-26,0.0023822694876425785,24
2004-03-27,0.002488764529245886,24
2004-03-28,0.0029537931530067766,24
2004-03-29,0.0031001505591824823,24
2004-03-30,0.0035066076961758567,24
2004-03-31,0.004212886807695105,24
2004-04-01,0.004135190063760557,24
2004-04-02,0.005850209810584365,24
2004-04-03,0.005695350717547925,24
2004-04-04,0.005705863243966315,24
2004-04-05,0.0057448974737799065,24
2004-04-06,0.006510491708216891,24
2004-04-07,0.008736338546311005,24
2004-04-08,0.008830230434470053,24
2004-04-09,0.006854085143508177,24
2004-04-10,0.005259106375037966,24
2004-04-11,0.005252533876035993,24
2004-04-12,0.006889514863879254,24
2004-04-13,0.006700607840317747,24
2004-04-14,0.0046029861835611115,24
2004-04-15,0.004474742698790908,24
2004-04-16,0.005159033759970617,24
2004-04-17,0.006574603913077857,24
2004-04-18,0.004584436797411415,24
2004-04-19,0.006662188077647205,24
2004-04-20,0.009046416210096428,24
2004-04-21,0.0056180323934536605,24
2004-04-22,0.0066959372392359365,24
2004-04-23,0.006352131240887127,24
2004-04-24,0.005084059530700148,24
2004-04-25,0.006712904884506989,24
2004-04-26,0.011402401908282058,24
2004-04-27,0.014141252155793524,24
2004-04-28,0.011604929773955353,24
2004-04-29,0.009792672472557003,24
2004-04-30,0.00830892312557222,24
2004-05-01,0.0061109967663297675,24
2004-05-02,0.00391070784202906,24
2004-05-03,0.004363984411014102,24
2004-05-04,0.005190358803292035,24
2004-05-05,0.006529596427530555,24
2004-05-06,0.009217354927414123,24
2004-05-07,0.012159737225761426,24
2004-05-08,0.013661859881021945,24
2004-05-09,0.011456257316993986,24
2004-05-10,0.010306970379356498,24
2004-05-11,0.012118323818830481,24
2004-05-12,0.013936880193352976,24
2004-05-13,0.015231845884620735,24
2004-05-14,0.01736878569549904,24
2004-05-15,0.020673317910307965,24
2004-05-16,0.025725639954954485,24
2004-05-17,0.030403067840027023,24
2004-05-18,0.030455274468329623,24
2004-05-19,0.02960568124841986,24
2004-05-20,0.034076710564889034,24
2004-05-21,0.038591351126248105,24
2004-05-22,0.044075725391448564,24
2004-05-23,0.045000111112036056,24
2004-05-24,0.04501573918017551,24
2004-05-25,0.036136516677462614,24
2004-05-26,0.04185488437031527,24
2004-05-27,0.03763366098582244,24
2004-05-28,0.032960228289618164,24
2004-05-29,0.02858605999959567,24
2004-05-30,0.03799893112450404,24
2004-05-31,0.05110447310908507,24
2004-06-01,0.05849777031494933,24
2004-06-02,0.055723757506655265,24
2004-06-03,0.046625647618694074,24
2004-06-04,0.05150185002245171,24
2004-06-05,0.06002825216372421,24
2004-06-06,0.06902981325837927,24
2004-06-07,0.07414958531195455,24
2004-06-08,0.07237983938333793,24
2004-06-09,0.07346074589419163,24
2004-06-10,0.07273058135491335,24
2004-06-11,0.07469186378504059,24
2004-06-12,0.08082789633037553,24
2004-06-13,0.0912770720945881,24
2004-06-14,0.09404782219494169,24
2004-06-15,0.10123306807494545,24
2004-06-16,0.11128453298884196,24
2004-06-17,0.10807983636725967,24
2004-06-18,0.11563251531669076,24
2004-06-19,0.12654909951448323,24
2004-06-20,0.13214768196286344,24
2004-06-21,0.12571893500916323,24
2004-06-22,0.11778715599176856,24
2004-06-23,0.1061465391468083,24
2004-06-24,0.10080647887517726,24
2004-06-25,0.08409138191502195,24
2004-06-26,0.06715226204864555,24
2004-06-27,0.061707040276811356,24
2004-06-28,0.06433932191860749,24
2004-06-29,0.07142758889606597,24
2004-06-30,0.07491111850352752,24
2004-07-01,0.0811066358980881,24
2004-07-02,0.08695456278511055,24
2004-07-03,0.09443120960978041,24
2004-07-04,0.09220599170714353,24
2004-07-05,0.08945021244993902,24
2004-07-06,0.07760414521107792,24
2004-07-07,0.06844338944836996,24
2004-07-08,0.06461011327908757,24
2004-07-09,0.06464213344617452,24
2004-07-10,0.05314076370414318,24
2004-07-11,0.046649187087206015,24
2004-07-12,0.045136281819874086,24
2004-07-13,0.046261343668041785,24
2004-07-14,0.04670423396482649,24
2004-07-15,0.04727327311211185,24
2004-07-16,0.0450008373666754,24
2004-07-17,0.03828960984369657,24
2004-07-18,0.026773564596746912,24
2004-07-19,0.02036632057525964,24
2004-07-20,0.02052045089256056,24
2004-07-21,0.022498379473027165,24
2004-07-22,0.024979922652063676,24
2004-07-23,0.021684222415246077,24
2004-07-24,0.019129952866770314,24
2004-07-25,0.02043979345715649,24
2004-07-26,0.02358042845544174,24
2004-07-27,0.02516011969924368,24
2004-07-28,0.026144860908182483,24
2004-07-29,0.02724286985202199,24
2004-07-30,0.026743343833939087,24
2004-07-31,0.023439785671859108,24
2004-08-01,0.02301328206007703,24
2004-08-02,0.02232802378609789,24
2004-08-03,0.019318581242559994,24
2004-08-04,0.016049660704243938,24
2004-08-05,0.01294867658649123,24
2004-08-06,0.013146656931343075,24
2004-08-07,0.016250438323635912,24
2004-08-08,0.020509105865936485,24
2004-08-09,0.021138934123962807,24
2004-08-10,0.015421505580070046,24
2004-08-11,0.014685796470994758,24
2004-08-12,0.011767149177281685,24
2004-08-13,0.009085073354850858,24
2004-08-14,0.00924890634748579,24
2004-08-15,0.015687284939992902,24
2004-08-16,0.013738698906487821,24
2004-08-17,0.02078776947669658,24
2004-08-18,0.019247637426237987,24
2004-08-19,0.015574548626604243,24
2004-08-20,0.013272348514671175,24
2004-08-21,0.010249691949751193,24
2004-08-22,0.00938480198373143,24
2004-08-23,0.007988188532562552,24
2004-08-24,0.00813005025038022,24
2004-08-25,0.011544266624033891,24
2004-08-26,0.014312747702103331,24
2004-08-27,0.011467117876746695,24
2004-08-28,0.009684077694503329,24
2004-08-29,0.009295802054705912,24
2004-08-30,0.010328735234392854,24
2004-08-31,0.008095311012654526,24
2004-09-01,0.007666385795126598,24
2004-09-02,0.008673837219637673,24
2004-09-03,0.005939922593847147,24
2004-09-04,0.005798665322488933,24
2004-09-05,0.006563416438475822,24
2004-09-06,0.005752107253938977,24
2004-09-07,0.004816320518354539,24
2004-09-08,0.004797084623399152,24
2004-09-09,0.005531160726880127,24
2004-09-10,0.006519846436530358,24
2004-09-11,0.006052363424733326,24
2004-09-12,0.005730507701560302,24
2004-09-13,0.006166080672786566,24
2004-09-14,0.0070256799895916005,24
2004-09-15,0.010693659886854105,24
2004-09-16,0.023431978968434217,24
2004-09-17,0.008730624191091772,24
2004-09-18,0.00512634759910068,24
2004-09-19,0.004108538739657006,24
2004-09-20,0.004448496352498077,24
2004-09-21,0.006679054300849067,24
2004-09-22,0.006911357178751981,24
2004-09-23,0.005252929842906265,24
2004-09-24,0.005203529916692814,24
2004-09-25,0.006170765598002666,24
2004-09-26,0.0045669263378359855,24
2004-09-27,0.00394648088980729,24
2004-09-28,0.004406261918086403,24
2004-09-29,0.004540944585314862,24
2004-09-30,0.003946812818063928,24
2004-10-01,0.004590957570077116,24
2004-10-02,0.007352075404043482,24
2004-10-03,0.0062514116176208365,24
2004-10-04,0.004146533387065665,24
2004-10-05,0.00370301490326445,24
2004-10-06,0.0037464740522852743,24
2004-10-07,0.004548838809648204,24
2004-10-08,0.005694852053506113,24
2004-10-09,0.009998188500872892,24
2004-10-10,0.008772113687941632,24
2004-10-11,0.004425966819932315,24
2004-10-12,0.003857967744356125,24
2004-10-13,0.0033439843000054913,24
2004-10-14,0.0030936563395447692,24
2004-10-15,0.00316153019510597,24
2004-10-16,0.0034487694577229585,24
2004-10-17,0.0036818477921873867,24
2004-10-18,0.0035901272265576748,24
2004-10-19,0.003626136749382657,24
2004-10-20,0.003331493540429316,24
2004-10-21,0.0030695571105013794,24
2004-10-22,0.002792710844844273,24
2004-10-23,0.0030282955997936963,24
2004-10-24,0.0030253043144420444,24
2004-10-25,0.003088246468214002,24
2004-10-26,0.0036688353643263335,24
2004-10-27,0.0030529196927997844,24
2004-10-28,0.002760579503656452,24
2004-10-29,0.002637787845979369,24
2004-10-30,0.0026820241490893063,24
2004-10-31,0.0026644701937098393,24
2004-11-01,0.0026369979880010723,24
2004-11-02,0.002566246164351226,24
2004-11-03,0.0026431858453554308,24
2004-11-04,0.0027263052440135234,24
2004-11-05,0.0027344816379519443,24
2004-11-06,0.002796453877975184,24
2004-11-07,0.0025915878940080263,24
2004-11-08,0.0025818992711024013,24
2004-11-09,0.0025906519746713777,24
2004-11-10,0.00253380827329434,24
2004-11-11,0.0027248242762937334,24
2004-11-12,0.0025760544289460054,24
2004-11-13,0.00270871287411447,24
2004-11-14,0.0024123199932679536,24
2004-11-15,0.002314567806544319,24
2004-11-16,0.0023127827588603988,24
2004-11-17,0.002369085476082906,24
2004-11-18,0.0022436384844189213,24
2004-11-19,0.002096601040179752,24
2004-11-20,0.0022857237732678707,24
2004-11-21,0.0026061950504557233,24
2004-11-22,0.002972350593653711,24
2004-11-23,0.002484204411066248,24
2004-11-24,0.002280823326204956,24
2004-11-25,0.0021852306210873506,24
2004-11-26,0.0020918509453059044,24
2004-11-27,0.0019052942875154334,24
2004-11-28,0.0018902878264507685,24
2004-11-29,0.0026366716316823325,24
2004-11-30,0.002093665828874483,24
2004-12-01,0.0019414661113077547,24
2004-12-02,0.0017985614164108571,24
2004-12-03,0.0019074591470764665,24
2004-12-04,0.0018830123482054674,24
2004-12-05,0.0017270875897042442,24
2004-12-06,0.0017758094446417658,24
2004-12-07,0.0018884990731109462,24
2004-12-08,0.0019170595467669777,24
2004-12-09,0.001806492953589803,24
2004-12-10,0.0018865533445602454,24
2004-12-11,0.001921484099260467,24
2004-12-12,0.0019703894647688873,24
2004-12-13,0.0017653736182381445,24
2004-12-14,0.001775187356181225,24
2004-12-15,0.0018122511034037857,24
2004-12-16,0.0017083117925765967,24
2004-12-17,0.0019200918151901128,24
2004-12-18,0.0018237043811274972,24
2004-12-19,0.00496733604712722,24
2004-12-20,0.0019981288983494387,24
2004-12-21,0.0015378241166568974,24
2004-12-22,0.0015977255508968623,24
2004-12-23,0.0017468786788661166,24
2004-12-24,0.0015754339244631948,24
2004-12-25,0.0014553864762966552,24
2004-12-26,0.001397978322228282,24
2004-12-27,0.0014344963877740418,24
2004-12-28,0.0016537162330415105,24
2004-12-29,0.001610447018779839,24
2004-12-30,0.0018936980009501136,24
2004-12-31,0.003855314202991828,24
2005-01-01,0.002201904142165267,24
2005-01-02,0.0015440655600487724,24
2005-01-03,0.0014205087614847086,24
2005-01-04,0.0013591666273876201,24
2005-01-05,0.001362130308019315,24
2005-01-06,0.0013468231436755981,24
2005-01-07,0.0013235783334160545,24
2005-01-08,0.0013336665908181009,24
2005-01-09,0.0013424576322437116,24
2005-01-10,0.0013040280450867016,24
2005-01-11,0.0012804483186382553,24
2005-01-12,0.0012919090543654082,24
2005-01-13,0.0014010120725769372,24
2005-01-14,0.0013832742646135738,24
2005-01-15,0.0012810550525314637,24
2005-01-16,0.0012627342905787854,24
2005-01-17,0.001251565073410776,24
2005-01-18,0.001240295686484264,24
2005-01-19,0.0012278359727943594,24
2005-01-20,0.0012229374026027553,24
2005-01-21,0.001318888984976445,24
2005-01-22,0.0014215220307927509,24
2005-01-23,0.0012127948410242447,24
2005-01-24,0.001269507300142116,24
2005-01-25,0.0012691609800713603,24
2005-01-26,0.0012857047114730252,24
2005-01-27,0.0022401273934045934,24
2005-01-28,0.001350334877616072,24
2005-01-29,0.0011926739608456363,24
2005-01-30,0.0011843992762136085,24
2005-01-31,0.001193628412910905,24
2005-02-01,0.0012042869070886786,24
2005-02-02,0.0011916733506510786,24
2005-02-03,0.0012632764303313335,24
2005-02-04,0.002119341828905209,24
2005-02-05,0.0018088106663588293,24
2005-02-06,0.002126289296182287,24
2005-02-07,0.002031125194797153,24
2005-02-08,0.0027166727815047943,24
2005-02-09,0.003147580125062696,24
2005-02-10,0.0039903925559953675,24
2005-02-11,0.015146683326171256,24
2005-02-12,0.010572618406952516,24
2005-02-13,0.004408865817327464,24
2005-02-14,0.0028520508321216347,24
2005-02-15,0.0028992602751435077,24
2005-02-16,0.002625492541337667,24
2005-02-17,0.0026643803434830025,24
2005-02-18,0.0026823108439057073,24
2005-02-19,0.00260657945452414,24
2005-02-20,0.0024978110491492636,24
2005-02-21,0.002337084481075849,24
2005-02-22,0.002307405784765021,24
2005-02-23,0.0022624443936390417,24
2005-02-24,0.002559052373677691,24
2005-02-25,0.002525925760366581,24
2005-02-26,0.0025328878187043493,24
2005-02-27,0.002357079282640046,24
2005-02-28,0.0032096397820218525,24
2005-03-01,0.0030299939562710024,24
2005-03-02,0.002639759469035917,24
2005-03-03,0.004423073098370165,24
2005-03-04,0.0038403021802917575,24
2005-03-05,0.003739040978022331,24
2005-03-06,0.0038215738930151228,24
2005-03-07,0.0030239128098735833,24
2005-03-08,0.004252178621160141,24
2005-03-09,0.0033630633471361015,24
2005-03-10,0.004442665582966613,24
2005-03-11,0.003979713827419727,24
2005-03-12,0.004128461802669893,24
2005-03-13,0.00433562261329523,24
2005-03-14,0.0035820202090838735,24
2005-03-15,0.004842538736948455,24
2005-03-16,0.006419281054275461,24
2005-03-17,0.010522691511859677,24
2005-03-18,0.013460339707663903,24
2005-03-19,0.012901667107440923,24
2005-03-20,0.006724835599751295,24
2005-03-21,0.008290033370318212,24
2005-03-22,0.006075928531668746,24
2005-03-23,0.004997040756057746,24
2005-03-24,0.004614739077974217,24
2005-03-25,0.003829241318783331,24
2005-03-26,0.004810333171859833,24
2005-03-27,0.006085536676497133,24
2005-03-28,0.004739544852372856,24
2005-03-29,0.004344221148268567,24
2005-03-30,0.004738021662375046,24
2005-03-31,0.004452330679485434,24
2005-04-01,0.004616334675031339,24
2005-04-02,0.004968321906147928,24
2005-04-03,0.005421777913260805,24
2005-04-04,0.005352405139973147,24
2005-04-05,0.011942828148151683,24
2005-04-06,0.011736687532978993,24
2005-04-07,0.012741015584877346,24
2005-04-08,0.0054050585180054934,24
2005-04-09,0.003432690433462215,24
2005-04-10,0.003321887363749131,24
2005-04-11,0.0033872074755779713,24
2005-04-12,0.003269220445030995,24
2005-04-13,0.00527084789387928,24
2005-04-14,0.00620484423399113,24
2005-04-15,0.004330372823840991,24
2005-04-16,0.004367156302344459,24
2005-04-17,0.004474116376941222,24
2005-04-18,0.00495844710372411,24
2005-04-19,0.005591715028531336,24
2005-04-20,0.005823835474628607,24
2005-04-21,0.007815839460798443,24
2005-04-22,0.008334114291467095,24
2005-04-23,0.008950091389791776,24
2005-04-24,0.00654476846930324,24
2005-04-25,0.00753127764888707,24
2005-04-26,0.00926122211306092,24
2005-04-27,0.005268943427698624,24
2005-04-28,0.006441566615928791,24
2005-04-29,0.0077384880004853305,24
2005-04-30,0.009285933084870815,24
2005-05-01,0.010818204172373,24
2005-05-02,0.012908124326956188,24
2005-05-03,0.011913900718468378,24
2005-05-04,0.014509350333641115,24
2005-05-05,0.017584528752509414,24
2005-05-06,0.019160446630974843,24
2005-05-07,0.018394907396850898,24
2005-05-08,0.026359839217645484,24
2005-05-09,0.01751834484376527,24
2005-05-10,0.012884318274349828,24
2005-05-11,0.016154024644335185,24
2005-05-12,0.018969151377484717,24
2005-05-13,0.021070025734893645,24
2005-05-14,0.019557819239426812,24
2005-05-15,0.022190971906981154,24
2005-05-16,0.029224428895569574,24
2005-05-17,0.02757585152820679,24
2005-05-18,0.02306835765171388,24
2005-05-19,0.020663951960599863,24
2005-05-20,0.018607306214256405,24
2005-05-21,0.016725577881892956,24
2005-05-22,0.014619803556666078,24
2005-05-23,0.015862115805197696,24
2005-05-24,0.011613765910464894,24
2005-05-25,0.0142758297722375,24
2005-05-26,0.016662763026341974,24
2005-05-27,0.013310426637669055,24
2005-05-28,0.016428147831499533,24
2005-05-29,0.020125617353809615,24
2005-05-30,0.029401114309248084,24
2005-05-31,0.0287570696768783,24
2005-06-01,0.028874984952871847,24
2005-06-02,0.030786145180962884,24
2005-06-03,0.038307461981346144,24
2005-06-04,0.046779411045169424,24
2005-06-05,0.05623897574823067,24
2005-06-06,0.055701224427945645,24
2005-06-07,0.05062581120282848,24
2005-06-08,0.051120932191025835,24
2005-06-09,0.052235083544495006,24
2005-06-10,0.058007381245767396,24
2005-06-11,0.06498304370308479,24
2005-06-12,0.057273304233037385,24
2005-06-13,0.06395583714507931,24
2005-06-14,0.0690202861235581,24
2005-06-15,0.07827523605220296,24
2005-06-16,0.0887321009310988,24
2005-06-17,0.0985024234155515,24
2005-06-18,0.1072098295345607,24
2005-06-19,0.12093099147875065,24
2005-06-20,0.13010969125510147,24
2005-06-21,0.13728735547707044,24
2005-06-22,0.1400386946548642,24
2005-06-23,0.1438562326835986,24
2005-06-24,0.15514320487131017,24
2005-06-25,0.15561359863903437,24
2005-06-26,0.1645455956313707,24
2005-06-27,0.16929936495803233,24
2005-06-28,0.17279581589047335,24
2005-06-29,0.17484656131685547,24
2005-06-30,0.17527640514635037,24
2005-07-01,0.17036952570899888,24
2005-07-02,0.15888462871298983,24
2005-07-03,0.1339492793722855,24
2005-07-04,0.11694566721814886,24
2005-07-05,0.10940636911372476,24
2005-07-06,0.12556879824385456,24
2005-07-07,0.11293805575007358,24
2005-07-08,0.11401115345226934,24
2005-07-09,0.13534318306063983,24
2005-07-10,0.13868769175514942,24
2005-07-11,0.14737101985647177,24
2005-07-12,0.17056251394777788,24
2005-07-13,0.15489573414320568,24
2005-07-14,0.14971916669299573,24
2005-07-15,0.13591769376068422,24
2005-07-16,0.12344405493691886,24
2005-07-17,0.10843891499989286,24
2005-07-18,0.08766505428813615,24
2005-07-19,0.07835094317656849,24
2005-07-20,0.0780907861940834,24
2005-07-21,0.08283425762666652,24
2005-07-22,0.08167906311277287,24
2005-07-23,0.07734389634967855,24
2005-07-24,0.07030617005015705,24
2005-07-25,0.06176529015878676,24
2005-07-26,0.05862229058493094,24
2005-07-27,0.057620188084213576,24
2005-07-28,0.05544840408131973,24
2005-07-29,0.0502361919995224,24
2005-07-30,0.047320635136940944,24
2005-07-31,0.04538629677095533,24
2005-08-01,0.044944392393198196,24
2005-08-02,0.0422892715440967,24
2005-08-03,0.03587310174815955,24
2005-08-04,0.03219872485776031,24
2005-08-05,0.032867090494402805,24
2005-08-06,0.025740001900766904,24
2005-08-07,0.024677914956372667,24
2005-08-08,0.023704459738007663,24
2005-08-09,0.02081451748795978,24
2005-08-10,0.01541763322290581,24
2005-08-11,0.016450218191371744,24
2005-08-12,0.020293349762227686,24
2005-08-13,0.018800620822208212,24
2005-08-14,0.01583620299091805,24
2005-08-15,0.016178487225058595,24
2005-08-16,0.025477256181782062,24
2005-08-17,0.023359283041912284,24
2005-08-18,0.014585686578346618,24
2005-08-19,0.014629231976977932,24
2005-08-20,0.013234224611126996,24
2005-08-21,0.012578865035926957,24
2005-08-22,0.012088996512418224,24
2005-08-23,0.012176243813845142,24
2005-08-24,0.01171610666075565,24
2005-08-25,0.01125811285798163,24
2005-08-26,0.009839807357239353,24
2005-08-27,0.014002456164707312,24
2005-08-28,0.010021772992165461,24
2005-08-29,0.008064017545304529,24
2005-08-30,0.008101134448661463,24
2005-08-31,0.007176915717149031,24
2005-09-01,0.006725071292609245,24
2005-09-02,0.00829493540675547,24
2005-09-03,0.008665970875057296,24
2005-09-04,0.007685316079779786,24
2005-09-05,0.00855768766730359,24
2005-09-06,0.008985929948582218,24
2005-09-07,0.01060354911210417,24
2005-09-08,0.01293962031233271,24
2005-09-09,0.012915014783660281,24
2005-09-10,0.011293289868393903,24
2005-09-11,0.009827049266890358,24
2005-09-12,0.008491126400034438,24
2005-09-13,0.006681053235981957,24
2005-09-14,0.006038189191617776,24
2005-09-15,0.005353169545383612,24
2005-09-16,0.004859767312665029,24
2005-09-17,0.00596958629565481,24
2005-09-18,0.007605209241145546,24
2005-09-19,0.006138011330020348,24
2005-09-20,0.0048470448389717515,24
2005-09-21,0.005230448942002389,24
2005-09-22,0.005984860533723403,24
2005-09-23,0.006409924424747888,24
2005-09-24,0.005884369427329215,24
2005-09-25,0.005025719621150459,24
2005-09-26,0.005279121666616619,24
2005-09-27,0.005378657239050516,24
2005-09-28,0.005078230277142913,24
2005-09-29,0.004451710502045882,24
2005-09-30,0.004388268694084354,24
2005-10-01,0.003900805496782851,24
2005-10-02,0.003964209997118849,24
2005-10-03,0.004918830965844687,24
2005-10-04,0.006308335157944142,24
2005-10-05,0.005074119787728626,24
2005-10-06,0.0042820489307795525,24
2005-10-07,0.003926722667971447,24
2005-10-08,0.003908086320269867,24
2005-10-09,0.0041627733228313995,24
2005-10-10,0.003769687146741696,24
2005-10-11,0.0041716680502638295,24
2005-10-12,0.00457019640439859,24
2005-10-13,0.00460155189884027,24
2005-10-14,0.004552350110197831,24
2005-10-15,0.0050808604382942225,24
2005-10-16,0.0042920622578141825,24
2005-10-17,0.0037252080740475704,24
2005-10-18,0.003441369333352852,24
2005-10-19,0.0033688509605796814,24
2005-10-20,0.003454638264349343,24
2005-10-21,0.003531015963370233,24
2005-10-22,0.003570156482745786,24
2005-10-23,0.003614222362846708,24
2005-10-24,0.0036431659041081385,24
2005-10-25,0.004177985841024566,24
2005-10-26,0.003654586694208966,24
2005-10-27,0.0030646635173095828,24
2005-10-28,0.0032081208010336687,24
2005-10-29,0.002996644316310156,24
2005-10-30,0.0028521438842261456,24
2005-10-31,0.0028076363207195035,24
2005-11-01,0.002955449697011298,24
2005-11-02,0.0028781068873243716,24
2005-11-03,0.002872669768430619,24
2005-11-04,0.0026599511336148525,24
2005-11-05,0.0026811072580289765,24
2005-11-06,0.0025839725840975784,24
2005-11-07,0.002564456950345337,24
2005-11-08,0.0030460417873335666,24
2005-11-09,0.0027940986123743813,24
2005-11-10,0.0030329598787737265,24
2005-11-11,0.0031837469047995056,24
2005-11-12,0.0028856742699147953,24
2005-11-13,0.0025983945956591257,24
2005-11-14,0.002420155747520466,24
2005-11-15,0.002377894296489187,24
2005-11-16,0.0021534476879348963,24
2005-11-17,0.0020946295709034285,24
2005-11-18,0.00213519262799212,24
2005-11-19,0.0022195974897632744,24
2005-11-20,0.002220080151337039,24
2005-11-21,0.0022080790731860453,24
2005-11-22,0.002147450464339863,24
2005-11-23,0.0020572239154917,24
2005-11-24,0.00198257327484475,24
2005-11-25,0.001976708513030557,24
2005-11-26,0.002103769467754252,24
2005-11-27,0.0022418277634849806,24
2005-11-28,0.002107747262207147,24
2005-11-29,0.0020224525341294214,24
2005-11-30,0.0019392715645782318,24
2005-12-01,0.0018294470373363596,24
2005-12-02,0.0017855743526010753,24
2005-12-03,0.0017589446626808845,24
2005-12-04,0.0016472626791905645,24
2005-12-05,0.0017622323061116975,24
2005-12-06,0.0018114009750101016,24
2005-12-07,0.001734648307792119,24
2005-12-08,0.001652180272881251,24
2005-12-09,0.0015518582879651753,24
2005-12-10,0.0015969191486287853,24
2005-12-11,0.0016244755349753548,24
2005-12-12,0.0016340422513960245,24
2005-12-13,0.0015873584078431899,24
2005-12-14,0.00151669536826112,24
2005-12-15,0.0015060655696332813,24
2005-12-16,0.001535398222948506,24
2005-12-17,0.0016004598105035502,24
2005-12-18,0.0014990510767028907,24
2005-12-19,0.0015136995175987242,24
2005-12-20,0.0014717691571119475,24
2005-12-21,0.0014347540503393788,24
2005-12-22,0.0015757003151414164,24
2005-12-23,0.0017553279372308312,24
2005-12-24,0.001597525421204274,24
2005-12-25,0.001680474783114299,24
2005-12-26,0.0019596518347843716,24
2005-12-27,0.001741092822819332,24
2005-12-28,0.0017336228462365153,24
2005-12-29,0.001357580984162612,24
2005-12-30,0.0012821426380176205,24
2005-12-31,0.0011492038598140489,24
2006-01-01,0.001380137639791796,24
2006-01-02,0.0013864459218019588,24
2006-01-03,0.0011573467414994492,24
2006-01-04,0.001063773547638766,24
2006-01-05,0.0010499853869556024,24
2006-01-06,0.0010433120606206233,24
2006-01-07,0.001034221546795615,24
2006-01-08,0.0010315010266555037,24
2006-01-09,0.0010244862465241462,24
2006-01-10,0.0010391135677395291,24
2006-01-11,0.0010286034396386513,24
2006-01-12,0.001017194660817134,24
2006-01-13,9.95127646981801E-4,24
2006-01-14,0.0010192400611923128,24
2006-01-15,0.002112722559826414,24
2006-01-16,0.004786998064178642,24
2006-01-17,0.002763842887346405,24
2006-01-18,0.0010428540829981034,24
2006-01-19,9.521931269717294E-4,24
2006-01-20,9.530943514551675E-4,24
2006-01-21,9.424959889877011E-4,24
2006-01-22,9.268652015266058E-4,24
2006-01-23,9.358827649217587E-4,24
2006-01-24,9.22196704971419E-4,24
2006-01-25,9.167838187153942E-4,24
2006-01-26,9.133157056177487E-4,24
2006-01-27,9.099407449098789E-4,24
2006-01-28,0.0013266418390719267,24
2006-01-29,0.0010392621473144026,24
2006-01-30,0.001022690493855289,24
2006-01-31,0.001026319532181581,24
2006-02-01,0.0010980495511957573,24
2006-02-02,0.0010018069121359226,24
2006-02-03,0.0010660777509484242,24
2006-02-04,0.0010951738542633834,24
2006-02-05,0.001124055378210168,24
2006-02-06,0.0011223656209039463,24
2006-02-07,0.0012737047207744396,24
2006-02-08,0.0012423362487299226,24
2006-02-09,0.001212921012386348,24
2006-02-10,0.0012441734138433605,24
2006-02-11,0.00117138183182467,24
2006-02-12,0.0013965630408466754,24
2006-02-13,0.0022242006909129167,24
2006-02-14,0.003535919595326625,24
2006-02-15,0.0017139692576151856,24
2006-02-16,0.0011004630332341005,24
2006-02-17,0.001375075839994891,24
2006-02-18,0.0029112084170461105,24
2006-02-19,0.0025619185115493535,24
2006-02-20,0.001598775055281072,24
2006-02-21,0.0011553183369019514,24
2006-02-22,0.0010414343210822072,24
2006-02-23,0.0013829050645331545,24
2006-02-24,0.0015231364326455626,24
2006-02-25,0.005796798030451096,24
2006-02-26,0.002085305391494438,24
2006-02-27,0.0011610509405720825,24
2006-02-28,0.001087689930094418,24
2006-03-01,0.0011244723015477946,24
2006-03-02,0.001142998853597037,24
2006-03-03,0.001227845507872511,24
2006-03-04,0.0013250686669295487,24
2006-03-05,0.001402874823899227,24
2006-03-06,0.0021512646219842215,24
2006-03-07,0.002675092615313222,24
2006-03-08,0.0012530819718884745,24
2006-03-09,0.0012949039551400892,24
2006-03-10,0.0013007035088400101,24
2006-03-11,0.0013277973369464255,24
2006-03-12,0.0013726390588212085,24
2006-03-13,0.001649417849672947,24
2006-03-14,0.0023328416090516025,24
2006-03-15,0.0019450195894813252,24
2006-03-16,0.0015414062989252788,24
2006-03-17,0.001413070397739723,24
2006-03-18,0.0015719140782925096,24
2006-03-19,0.0021579846082098093,24
2006-03-20,0.002091182810148227,24
2006-03-21,0.0016397359380234597,24
2006-03-22,0.001558492719624655,24
2006-03-23,0.0017400325551435742,24
2006-03-24,0.0014925810393491793,24
2006-03-25,0.0018488395353737648,24
2006-03-26,0.0018210214007586308,24
2006-03-27,0.0019741868121057084,24
2006-03-28,0.0018192209507327153,24
2006-03-29,0.0018782663267269246,24
2006-03-30,0.0018455746653068819,24
2006-03-31,0.002849972577251506,24
2006-04-01,0.0033209977792467683,24
2006-04-02,0.0017719632428888886,24
2006-04-03,0.001585533551845233,24
2006-04-04,0.001985921214612393,24
2006-04-05,0.002206775049284407,24
2006-04-06,0.0026142292489930055,24
2006-04-07,0.0027644342379721455,24
2006-04-08,0.0036509375682804474,24
2006-04-09,0.013764821196477098,24
2006-04-10,0.0028321850238623237,24
2006-04-11,0.0015180305088769621,24
2006-04-12,0.001510889464085118,24
2006-04-13,0.001510392427130748,24
2006-04-14,0.0015336579442183417,24
2006-04-15,0.0022833165133076165,24
2006-04-16,0.0018941397158966124,24
2006-04-17,0.002088804836495342,24
2006-04-18,0.00209571230590166,24
2006-04-19,0.002346160965124205,24
2006-04-20,0.0033192777813995976,24
2006-04-21,0.004565165803598168,24
2006-04-22,0.004573692308900151,24
2006-04-23,0.005567833267760526,24
2006-04-24,0.006036673801225678,24
2006-04-25,0.006396195622516583,24
2006-04-26,0.007008254196204365,24
2006-04-27,0.007383619232128802,24
2006-04-28,0.007477229126970164,24
2006-04-29,0.008889510212181,24
2006-04-30,0.009575039838473924,24
2006-05-01,0.010475350538221217,24
2006-05-02,0.012750441209289459,24
2006-05-03,0.013938692526436886,24
2006-05-04,0.01620736640514883,24
2006-05-05,0.021435408822293466,24
2006-05-06,0.027956888063599798,24
2006-05-07,0.037278030837453,24
2006-05-08,0.04259874798951091,24
2006-05-09,0.04966358817454957,24
2006-05-10,0.046400476830363205,24
2006-05-11,0.04451168088101956,24
2006-05-12,0.05292365678489189,24
2006-05-13,0.061713561836243526,24
2006-05-14,0.07400344626113754,24
2006-05-15,0.08571699989590506,24
2006-05-16,0.0981740862424168,24
2006-05-17,0.10876418033516391,24
2006-05-18,0.11692412189280876,24
2006-05-19,0.11576827090688573,24
2006-05-20,0.11185343992590416,24
2006-05-21,0.11595265247935005,24
2006-05-22,0.11775758740425309,24
2006-05-23,0.12254792063843165,24
2006-05-24,0.12849276512797922,24
2006-05-25,0.14045608242458776,24
2006-05-26,0.13706220982823536,24
2006-05-27,0.13530786414613483,24
2006-05-28,0.13921687778530592,24
2006-05-29,0.13367966350682445,24
2006-05-30,0.12418688031322203,24
2006-05-31,0.12414396553383575,24
2006-06-01,0.10162027929708456,24
2006-06-02,0.08622346113359057,24
2006-06-03,0.08878423638625045,24
2006-06-04,0.0757294357654454,24
2006-06-05,0.06197297522728984,24
2006-06-06,0.05868585654785445,24
2006-06-07,0.052751038112357394,24
2006-06-08,0.06181012494504734,24
2006-06-09,0.07369788560868476,24
2006-06-10,0.0734145981668508,24
2006-06-11,0.05652876006552947,24
2006-06-12,0.045746056471224705,24
2006-06-13,0.05081643237777796,24
2006-06-14,0.06551559491995632,24
2006-06-15,0.075602916792954,24
2006-06-16,0.0520994369620455,24
2006-06-17,0.03497270070381712,24
2006-06-18,0.03893581645661937,24
2006-06-19,0.04692675470955428,24
2006-06-20,0.05855243635024818,24
2006-06-21,0.06641286109589864,24
2006-06-22,0.07267989970507578,24
2006-06-23,0.0751215220481122,24
2006-06-24,0.0814010093443453,24
2006-06-25,0.07855168815616125,24
2006-06-26,0.07834655945164076,24
2006-06-27,0.0701698165766276,24
2006-06-28,0.07495226118316876,24
2006-06-29,0.06592850678765304,24
2006-06-30,0.06230880867848471,24
2006-07-01,0.05299259481787276,24
2006-07-02,0.05287784585545044,24
2006-07-03,0.05475609245891632,24
2006-07-04,0.05036323200921928,24
2006-07-05,0.044877608523017004,24
2006-07-06,0.04375198476246636,24
2006-07-07,0.04459791800043812,24
2006-07-08,0.04279899282922602,24
2006-07-09,0.03751278853764794,24
2006-07-10,0.03678753728871514,24
2006-07-11,0.03785922190840274,24
2006-07-12,0.03884866206343836,24
2006-07-13,0.029557098632223555,24
2006-07-14,0.013503656464267301,24
2006-07-15,0.01422064576712319,24
2006-07-16,0.012657525733029662,24
2006-07-17,0.012963552656204762,24
2006-07-18,0.015561943189227701,24
2006-07-19,0.021772564942402022,24
2006-07-20,0.02316918232724693,24
2006-07-21,0.019986953383543726,24
2006-07-22,0.019379219800750174,24
2006-07-23,0.0205226164996376,24
2006-07-24,0.02244429201198489,24
2006-07-25,0.02422079164006603,24
2006-07-26,0.02237210723295724,24
2006-07-27,0.03178258334566247,24
2006-07-28,0.023959056161774732,24
2006-07-29,0.022543740521633996,24
2006-07-30,0.023201602434952066,24
2006-07-31,0.0253984963486374,24
2006-08-01,0.0261183227217481,24
2006-08-02,0.02663221126064657,24
2006-08-03,0.028563212149690414,24
2006-08-04,0.04457284561900519,24
2006-08-05,0.06582876133451367,24
2006-08-06,0.03932796189934478,24
2006-08-07,0.028607388624368877,24
2006-08-08,0.02725722442202838,24
2006-08-09,0.02158542136921209,24
2006-08-10,0.020781480837163517,24
2006-08-11,0.02380955258322367,24
2006-08-12,0.030159707070889146,24
2006-08-13,0.029944720045864404,24
2006-08-14,0.031201317952385257,24
2006-08-15,0.03148825693243213,24
2006-08-16,0.023179085110874617,24
2006-08-17,0.014787296296098831,24
2006-08-18,0.0134988794433119,24
2006-08-19,0.013412742600699083,24
2006-08-20,0.02154139285156016,24
2006-08-21,0.028301886123918308,24
2006-08-22,0.028988166350292555,24
2006-08-23,0.019189831986144074,24
2006-08-24,0.01989760134330962,24
2006-08-25,0.021484872557175273,24
2006-08-26,0.014665394270646007,24
2006-08-27,0.013063427898042964,24
2006-08-28,0.016402279502024393,24
2006-08-29,0.01741972700676491,24
2006-08-30,0.010110401398065513,24
2006-08-31,0.009052620946197637,24
2006-09-01,0.020490432220221167,24
2006-09-02,0.02328939479105835,24
2006-09-03,0.01716937349771893,24
2006-09-04,0.011908341467281466,24
2006-09-05,0.010566211623439976,24
2006-09-06,0.010859541167027061,24
2006-09-07,0.010819477422654161,24
2006-09-08,0.011583624895085522,24
2006-09-09,0.01081363201050824,24
2006-09-10,0.011570213605396805,24
2006-09-11,0.009699172033117197,24
2006-09-12,0.00783264971126945,24
2006-09-13,0.0072867137627392374,24
2006-09-14,0.009210624676283027,24
2006-09-15,0.010276887345414537,24
2006-09-16,0.007782631909978489,24
2006-09-17,0.0057845407343648,24
2006-09-18,0.005882331258458628,24
2006-09-19,0.0069331960989825305,24
2006-09-20,0.00844530814801577,24
2006-09-21,0.008150248364958713,24
2006-09-22,0.008292343686637185,24
2006-09-23,0.006967529428249526,24
2006-09-24,0.006863432230156156,24
2006-09-25,0.007078629446934587,24
2006-09-26,0.007399898293871366,24
2006-09-27,0.006622420992837956,24
2006-09-28,0.005877629132335067,24
2006-09-29,0.0057005443400451675,24
2006-09-30,0.00585795987442699,24
2006-10-01,0.00589351069605473,24
2006-10-02,0.005500420655572695,24
2006-10-03,0.005419925075301784,24
2006-10-04,0.004980117834333755,24
2006-10-05,0.004696783376482477,24
2006-10-06,0.004620422721169961,24
2006-10-07,0.004456916089715903,24
2006-10-08,0.00461776796584826,24
2006-10-09,0.005044992029165808,24
2006-10-10,0.004921993730819119,24
2006-10-11,0.00450506499791087,24
2006-10-12,0.0044453399249529645,24
2006-10-13,0.005334623258832364,24
2006-10-14,0.0067293354570356016,24
2006-10-15,0.0058002761691770864,24
2006-10-16,0.005113816435859358,24
2006-10-17,0.0048530483802813945,24
2006-10-18,0.004958312354023072,24
2006-10-19,0.0047947990981337665,24
2006-10-20,0.004932839141969494,24
2006-10-21,0.004756744094755417,24
2006-10-22,0.004437356069457329,24
2006-10-23,0.004303024771632577,24
2006-10-24,0.004699546135464921,24
2006-10-25,0.005457187833476153,24
2006-10-26,0.005343945870105294,24
2006-10-27,0.004713540427961645,24
2006-10-28,0.004193368384279699,24
2006-10-29,0.0039556629235309865,24
2006-10-30,0.004038486369651905,24
2006-10-31,0.004089074786244632,24
2006-11-01,0.004148070829878815,24
2006-11-02,0.0040856972934634975,24
2006-11-03,0.004066088387236619,24
2006-11-04,0.004041907802561421,24
2006-11-05,0.003964007416710588,24
2006-11-06,0.003851603270341752,24
2006-11-07,0.0036810555013610134,24
2006-11-08,0.0036219400350678,24
2006-11-09,0.0036372644095269756,24
2006-11-10,0.0041026026101629535,24
2006-11-11,0.0046703327671224265,24
2006-11-12,0.004144868986220365,24
2006-11-13,0.0033905704931429673,24
2006-11-14,0.003005047845099529,24
2006-11-15,0.0031740235506629963,24
2006-11-16,0.003699432094631927,24
2006-11-17,0.0034561395010296813,24
2006-11-18,0.0029986811854097613,24
2006-11-19,0.0025961533074680136,24
2006-11-20,0.0025807589659726416,24
2006-11-21,0.0028099126180358013,24
2006-11-22,0.002543159761071688,24
2006-11-23,0.0023780818895670166,24
2006-11-24,0.0023116671896349084,24
2006-11-25,0.002284549994945083,24
2006-11-26,0.002257702804986666,24
2006-11-27,0.002225276211638572,24
2006-11-28,0.00226406415119119,24
2006-11-29,0.002376033203574841,24
2006-11-30,0.0021932150455927528,24
2006-12-01,0.0021558039351271077,24
2006-12-02,0.002137403213744042,24
2006-12-03,0.0029163004833444145,24
2006-12-04,0.00585022875597264,24
2006-12-05,0.00860877617561149,24
2006-12-06,0.0024867369042650077,24
2006-12-07,0.0020699960956219354,24
2006-12-08,0.002042190920269353,24
2006-12-09,0.002027916706539019,24
2006-12-10,0.0020261520874790785,24
2006-12-11,0.0020006254499233354,24
2006-12-12,0.001981965145287043,24
2006-12-13,0.0019701437118782336,24
2006-12-14,0.0019577983516872654,24
2006-12-15,0.0019503505026901133,24
2006-12-16,0.0019699147388465396,24
2006-12-17,0.001920883196615966,24
2006-12-18,0.0018995607841461107,24
2006-12-19,0.0018919494843520758,24
2006-12-20,0.001890791122971456,24
2006-12-21,0.0023366365240635035,24
2006-12-22,0.001878693119693846,24
2006-12-23,0.0018296156919416628,24
2006-12-24,0.0018298823303845573,24
2006-12-25,0.002125950216773635,24
2006-12-26,0.002237119826258793,24
2006-12-27,0.0018172610787107915,24
2006-12-28,0.0017765779822566537,24
2006-12-29,0.0017636051316423484,24
2006-12-30,0.001751299934894014,24
2006-12-31,0.001795442292094925,24
2007-01-01,0.0017758312442616225,24
2007-01-02,0.0017100691956728853,24
2007-01-03,0.0016919632858520915,24
2007-01-04,0.0016818734754396047,24
2007-01-05,0.00166870623728664,24
2007-01-06,0.0016566204557598163,24
2007-01-07,0.0016440758872015163,24
2007-01-08,0.0016378622350070539,24
2007-01-09,0.0016318201148840096,24
2007-01-10,0.0016222869315829296,24
2007-01-11,0.0016006475835767461,24
2007-01-12,0.0015892165181807334,24
2007-01-13,0.0015731170802243016,24
2007-01-14,0.0015603999344489426,24
2007-01-15,0.0015484746886797538,24
2007-01-16,0.0015413960581308298,24
2007-01-17,0.001531530944884326,24
2007-01-18,0.0017466675383857706,24
2007-01-19,0.0015857931206566121,24
2007-01-20,0.0015304438118268306,24
2007-01-21,0.001511538476447398,24
2007-01-22,0.0014994158393221684,24
2007-01-23,0.0014875545470574433,24
2007-01-24,0.0015415371318840008,24
2007-01-25,0.0014769011782904678,24
2007-01-26,0.0014549315710707944,24
2007-01-27,0.0014592072610012184,24
2007-01-28,0.001443749287028491,24
2007-01-29,0.001430217110014755,24
2007-01-30,0.0014298751369680547,24
2007-01-31,0.0014244673306450016,24
2007-02-01,0.0014359325462410272,24
2007-02-02,0.0014832630153319962,24
2007-02-03,0.0017820137813526512,24
2007-02-04,0.0017243194493364617,24
2007-02-05,0.001439116540783826,24
2007-02-06,0.0017276902606033105,24
2007-02-07,0.0014486747015539962,24
2007-02-08,0.0013928989247562573,24
2007-02-09,0.0015080115858300933,24
2007-02-10,0.003058146548841185,24
2007-02-11,0.004149690596932659,24
2007-02-12,0.0032678695910318928,24
2007-02-13,0.0017542635464921073,24
2007-02-14,0.002000118873717041,24
2007-02-15,0.0015272632985727074,24
2007-02-16,0.0015227428287706254,24
2007-02-17,0.0014828464788128903,24
2007-02-18,0.0015491393693375362,24
2007-02-19,0.0015279048065726174,24
2007-02-20,0.001499998950035602,24
2007-02-21,0.002895431410112049,24
2007-02-22,0.0016555054526483789,24
2007-02-23,0.0015162340553103457,24
2007-02-24,0.0015155752650958699,24
2007-02-25,0.0015563295289943385,24
2007-02-26,0.0021819904451961906,24
2007-02-27,0.006967008325234312,24
2007-02-28,0.0025933411675248498,24
2007-03-01,0.0019796313638570148,24
2007-03-02,0.001936643210025585,24
2007-03-03,0.0022657448234019396,24
2007-03-04,0.0031141114701714982,24
2007-03-05,0.002103909546263494,24
2007-03-06,0.0020389008829632686,24
2007-03-07,0.002039860152266249,24
2007-03-08,0.002060382494323904,24
2007-03-09,0.00322890003891013,24
2007-03-10,0.002811240463845225,24
2007-03-11,0.004863609821113533,24
2007-03-12,0.006673744476681715,24
2007-03-13,0.005249599038511659,24
2007-03-14,0.0036738735896703623,24
2007-03-15,0.0033813022707770645,24
2007-03-16,0.003304126123716127,24
2007-03-17,0.0034423489371852314,24
2007-03-18,0.004758936732019657,24
2007-03-19,0.00918198379058438,24
2007-03-20,0.03315515644152697,24
2007-03-21,0.007850861214235684,24
2007-03-22,0.00462555067428799,24
2007-03-23,0.0043536653993226275,24
2007-03-24,0.004252415492180633,24
2007-03-25,0.004207531866152336,24
2007-03-26,0.004109349887222011,24
2007-03-27,0.00456494364894332,24
2007-03-28,0.004752997852252853,24
2007-03-29,0.005288948390152132,24
2007-03-30,0.005821541084587405,24
2007-03-31,0.007288390468032908,24
2007-04-01,0.017446914806683433,24
2007-04-02,0.00448714683670345,24
2007-04-03,0.0036136501625371044,24
2007-04-04,0.004392397398538717,24
2007-04-05,0.0060132587125935905,24
2007-04-06,0.005709339646010638,24
2007-04-07,0.005840872025806442,24
2007-04-08,0.0057725950865493095,24
2007-04-09,0.00622744019562464,24
2007-04-10,0.0069734126417881175,24
2007-04-11,0.007932547624169402,24
2007-04-12,0.009105746699111574,24
2007-04-13,0.01022032790579702,24
2007-04-14,0.011123380964313798,24
2007-04-15,0.012234400571472367,24
2007-04-16,0.013941879249979746,24
2007-04-17,0.01642228724963229,24
2007-04-18,0.024321060204126378,24
2007-04-19,0.0246815017099199,24
2007-04-20,0.024956572710302227,24
2007-04-21,0.024462490137264727,24
2007-04-22,0.024392397252880515,24
2007-04-23,0.027701181831163414,24
2007-04-24,0.029310194230453286,24
2007-04-25,0.02865625762619207,24
2007-04-26,0.02927272638022115,24
2007-04-27,0.02887005902517425,24
2007-04-28,0.033774554663181515,24
2007-04-29,0.04044585960198974,24
2007-04-30,0.04975141227802728,24
2007-05-01,0.06134462926141831,24
2007-05-02,0.06965397250861256,24
2007-05-03,0.07015883580504255,24
2007-05-04,0.08404222209312805,24
2007-05-05,0.09785278963748234,24
2007-05-06,0.09473336531605722,24
2007-05-07,0.09239702364322853,24
2007-05-08,0.06869520960580623,24
2007-05-09,0.04999850725644338,24
2007-05-10,0.04339740462780987,24
2007-05-11,0.037018369108413565,24
2007-05-12,0.04956134669672052,24
2007-05-13,0.06265261712392843,24
2007-05-14,0.08103696326833831,24
2007-05-15,0.09462833369542814,24
2007-05-16,0.10329477039065144,24
2007-05-17,0.10897181438301258,24
2007-05-18,0.10557011536111946,24
2007-05-19,0.091440661690389,24
2007-05-20,0.055204795090772175,24
2007-05-21,0.03481934794031454,24
2007-05-22,0.02520756893025271,24
2007-05-23,0.02553028878038798,24
2007-05-24,0.029369972002963804,24
2007-05-25,0.02730374315331318,24
2007-05-26,0.027815147196724874,24
2007-05-27,0.02970852140407769,24
2007-05-28,0.03489244288705416,24
2007-05-29,0.04516537707538783,24
2007-05-30,0.05448160896389471,24
2007-05-31,0.06383718283609484,24
2007-06-01,0.0644569262670253,24
2007-06-02,0.07389526215376636,24
2007-06-03,0.07123302807299249,24
2007-06-04,0.059615825805890046,24
2007-06-05,0.0621954216566953,24
2007-06-06,0.06448728198270214,24
2007-06-07,0.06901824161794198,24
2007-06-08,0.07224759263571463,24
2007-06-09,0.07418594891832156,24
2007-06-10,0.07552842003827014,24
2007-06-11,0.07836187005792411,24
2007-06-12,0.08503177907272405,24
2007-06-13,0.0846358300187588,24
2007-06-14,0.08103678904054684,24
2007-06-15,0.07109166190668845,24
2007-06-16,0.05500043627751801,24
2007-06-17,0.04251840832083653,24
2007-06-18,0.03722671217846024,24
2007-06-19,0.03509752500417089,24
2007-06-20,0.03545885673540583,24
2007-06-21,0.03622348064113532,24
2007-06-22,0.03842775541483358,24
2007-06-23,0.03896400008753366,24
2007-06-24,0.03885250379490897,24
2007-06-25,0.04329830525645713,24
2007-06-26,0.043996209831866404,24
2007-06-27,0.041760925316641356,24
2007-06-28,0.054623260930538306,24
2007-06-29,0.12415760640393306,24
2007-06-30,0.04543309502967292,24
2007-07-01,0.035567556759734414,24
2007-07-02,0.035529875502484515,24
2007-07-03,0.0319788203462069,24
2007-07-04,0.025261236642343334,24
2007-07-05,0.027337916271075777,24
2007-07-06,0.027950792611357887,24
2007-07-07,0.032409452707053775,24
2007-07-08,0.02535074856994558,24
2007-07-09,0.01727076603814563,24
2007-07-10,0.014834811886972218,24
2007-07-11,0.01672746359461231,24
2007-07-12,0.020248560484431157,24
2007-07-13,0.0247471996639036,24
2007-07-14,0.02249231941401221,24
2007-07-15,0.01721060179591423,24
2007-07-16,0.013935211603529394,24
2007-07-17,0.015474449219493312,24
2007-07-18,0.015566902091966312,24
2007-07-19,0.01565993437080243,24
2007-07-20,0.017892700733703918,24
2007-07-21,0.022533329290398897,24
2007-07-22,0.02769805753343257,24
2007-07-23,0.03079022776967506,24
2007-07-24,0.02476864243314982,24
2007-07-25,0.01771497276222329,24
2007-07-26,0.018945435882496517,24
2007-07-27,0.016956340844351853,24
2007-07-28,0.012613549256830383,24
2007-07-29,0.011520889436301886,24
2007-07-30,0.013925181118180896,24
2007-07-31,0.015982707410129558,24
2007-08-01,0.018356691529682573,24
2007-08-02,0.019969818777925225,24
2007-08-03,0.017526709512083894,24
2007-08-04,0.013286518281850304,24
2007-08-05,0.01332459460315067,24
2007-08-06,0.017062200136501386,24
2007-08-07,0.01849197404299225,24
2007-08-08,0.01686920017892148,24
2007-08-09,0.017746567621926307,24
2007-08-10,0.017747892881380498,24
2007-08-11,0.018515087447623518,24
2007-08-12,0.02607991680978814,24
2007-08-13,0.026970212419656796,24
2007-08-14,0.027579338491767504,24
2007-08-15,0.0179523716133783,24
2007-08-16,0.010957010948665923,24
2007-08-17,0.009492341449558822,24
2007-08-18,0.008654268866386379,24
2007-08-19,0.009675253592500748,24
2007-08-20,0.012745627270034993,24
2007-08-21,0.014626114751480589,24
2007-08-22,0.015966847659292203,24
2007-08-23,0.014796072038636494,24
2007-08-24,0.016136262185512472,24
2007-08-25,0.01372220954925074,24
2007-08-26,0.012553920823769145,24
2007-08-27,0.012201090592984012,24
2007-08-28,0.010756378763194326,24
2007-08-29,0.009507089788270891,24
2007-08-30,0.009023770778469371,24
2007-08-31,0.010553152124806918,24
2007-09-01,0.010479674404222998,24
2007-09-02,0.011171612244762753,24
2007-09-03,0.011213654073669066,24
2007-09-04,0.01084035646650781,24
2007-09-05,0.010983164510016978,24
2007-09-06,0.012415407132009965,24
2007-09-07,0.009334553224519608,24
2007-09-08,0.00829591106970695,24
2007-09-09,0.009291445225099107,24
2007-09-10,0.008357662881970769,24
2007-09-11,0.00633384994064411,24
2007-09-12,0.005396830907243087,24
2007-09-13,0.005033205989984392,24
2007-09-14,0.005950600335521807,24
2007-09-15,0.005074277988624317,24
2007-09-16,0.005420259905160823,24
2007-09-17,0.006630448413136815,24
2007-09-18,0.0075042368412089125,24
2007-09-19,0.009148906271159229,24
2007-09-20,0.009337477640512985,24
2007-09-21,0.008563559761729083,24
2007-09-22,0.008657586938329338,24
2007-09-23,0.0076324146894141505,24
2007-09-24,0.006641292219339784,24
2007-09-25,0.006051297802706523,24
2007-09-26,0.005999236053382372,24
2007-09-27,0.006411081874984126,24
2007-09-28,0.006003275483484932,24
2007-09-29,0.005357875606637948,24
2007-09-30,0.004956598101257665,24
2007-10-01,0.004816727592704573,24
2007-10-02,0.0050685174578051434,24
2007-10-03,0.005127616669028743,24
2007-10-04,0.004977475066907682,24
2007-10-05,0.004861110250530092,24
2007-10-06,0.004715185973876401,24
2007-10-07,0.004513617284083787,24
2007-10-08,0.004383995289793352,24
2007-10-09,0.004246193574911914,24
2007-10-10,0.004424032719685755,24
2007-10-11,0.0042071263642750505,24
2007-10-12,0.004183129614075217,24
2007-10-13,0.003957445601638832,24
2007-10-14,0.0040624161933823085,24
2007-10-15,0.004098770751857538,24
2007-10-16,0.003981645722014599,24
2007-10-17,0.003797490068702351,24
2007-10-18,0.0037910474200672727,24
2007-10-19,0.0037522225640489286,24
2007-10-20,0.004041523597305911,24
2007-10-21,0.003969809733071497,24
2007-10-22,0.003692074889403806,24
2007-10-23,0.003653035967012685,24
2007-10-24,0.0038121051484751845,24
2007-10-25,0.0040839159973010885,24
2007-10-26,0.004044697262539999,24
2007-10-27,0.003720840543999027,24
2007-10-28,0.003165570238546559,24
2007-10-29,0.003301322696812997,24
2007-10-30,0.0031569302342446407,24
2007-10-31,0.0030248850915141788,24
2007-11-01,0.0031333917527988494,24
2007-11-02,0.0031816053169907467,24
2007-11-03,0.003385718418834976,24
2007-11-04,0.003765535243925996,24
2007-11-05,0.003357390155405908,24
2007-11-06,0.0030112316150641715,24
2007-11-07,0.0031560561159230246,24
2007-11-08,0.003103051189384176,24
2007-11-09,0.0029501467931076354,24
2007-11-10,0.002940516654534235,24
2007-11-11,0.002964113778693034,24
2007-11-12,0.0028471087836195764,24
2007-11-13,0.0028306272661633596,24
2007-11-14,0.002623841390324282,24
2007-11-15,0.0027131802772991506,24
2007-11-16,0.002581380807714821,24
2007-11-17,0.0025492431876589917,24
2007-11-18,0.00264555333051344,24
2007-11-19,0.002628111431054983,24
2007-11-20,0.002463990097051605,24
2007-11-21,0.002374742547738287,24
2007-11-22,0.002519815839599404,24
2007-11-23,0.0026638567725063298,24
2007-11-24,0.00278408708443296,24
2007-11-25,0.002582330458370126,24
2007-11-26,0.002606481023707426,24
2007-11-27,0.0023604982868087143,24
2007-11-28,0.002236214632196615,24
2007-11-29,0.0021747996686310557,24
2007-11-30,0.0026388382087082396,24
2007-12-01,0.002479791282277163,24
2007-12-02,0.002373477235671547,24
2007-12-03,0.002330751349712366,24
2007-12-04,0.002584562901965915,24
2007-12-05,0.002554710535508554,24
2007-12-06,0.0021004860619391326,24
2007-12-07,0.0022319730079513283,24
2007-12-08,0.002194006590523099,24
2007-12-09,0.0019450470957791904,24
2007-12-10,0.0018340193180171132,24
2007-12-11,0.0016812298148217695,24
2007-12-12,0.0016511850660491604,24
2007-12-13,0.0016732204031184212,24
2007-12-14,0.0016206195624650075,24
2007-12-15,0.001550605018498244,24
2007-12-16,0.0015430235369346614,24
2007-12-17,0.0015103668219070237,24
2007-12-18,0.0015049720935867942,24
2007-12-19,0.0015871193777135075,24
2007-12-20,0.0016143144293400704,24
2007-12-21,0.001574284230257007,24
2007-12-22,0.0014499856562879933,24
2007-12-23,0.001608917979493627,24
2007-12-24,0.0015838847548601048,24
2007-12-25,0.0014072229140994084,24
2007-12-26,0.0013710750607291182,24
2007-12-27,0.0013583735354814814,24
2007-12-28,0.0013406497455834268,24
2007-12-29,0.0013463686757413027,24
2007-12-30,0.0013011361739719161,24
2007-12-31,0.0012897097474290206,24
2008-01-01,0.0012907463917460292,24
2008-01-02,0.0012686870662678227,24
2008-01-03,0.001245562748215409,24
2008-01-04,0.0013359388878684542,24
2008-01-05,0.0013252235136542042,24
2008-01-06,0.001381254191831684,24
2008-01-07,0.0018524152505046505,24
2008-01-08,0.0028781924349219556,24
2008-01-09,0.003737164144282001,24
2008-01-10,0.0026098216989841423,24
2008-01-11,0.0012338462023734158,24
2008-01-12,0.0011584961416416927,24
2008-01-13,0.0011528859364086685,24
2008-01-14,0.0011458536137606923,24
2008-01-15,0.0011823681871416475,24
2008-01-16,0.0020043579063021007,24
2008-01-17,0.003567685185287054,24
2008-01-18,0.0014842047017252385,24
2008-01-19,0.0011221256421944403,24
2008-01-20,0.0010970218107053814,24
2008-01-21,0.0010714389637160818,24
2008-01-22,0.001071238871091825,24
2008-01-23,0.0010848670648825622,24
2008-01-24,0.0010716877465750136,24
2008-01-25,0.0010547927437442948,24
2008-01-26,0.0010470085260946408,24
2008-01-27,0.001038839807856651,24
2008-01-28,0.0010407471278122747,24
2008-01-29,0.0010496051165004572,24
2008-01-30,0.0010348843633305647,24
2008-01-31,0.0010247718169987847,24
2008-02-01,0.0010200265551789324,24
2008-02-02,0.0010006228055048445,24
2008-02-03,0.0010789403869981044,24
2008-02-04,0.001380424838680123,24
2008-02-05,0.0013928986077193536,24
2008-02-06,0.0010482829969713184,24
2008-02-07,0.001118412763109412,24
2008-02-08,0.001097513436236555,24
2008-02-09,0.001029639130706441,24
2008-02-10,0.0010156327257342097,24
2008-02-11,0.001008416191303223,24
2008-02-12,9.922868627005878E-4,24
2008-02-13,9.865732936970763E-4,24
2008-02-14,9.92709891055642E-4,24
2008-02-15,0.001020800823647127,24
2008-02-16,9.875109055018539E-4,24
2008-02-17,0.001088593953724361,24
2008-02-18,0.0010751325252013684,24
2008-02-19,0.0010815001844419294,24
2008-02-20,0.0011607200419040847,24
2008-02-21,0.001299779420874496,24
2008-02-22,0.002735171501167298,24
2008-02-23,0.0015232999673630324,24
2008-02-24,0.0012763468997743317,24
2008-02-25,0.0012334500339758006,24
2008-02-26,0.0012250308753313892,24
2008-02-27,0.0012701450679303184,24
2008-02-28,0.0014557023912573034,24
2008-02-29,0.001540019983959731,24
2008-03-01,0.0019062072568542926,24
2008-03-02,0.0015051553292302316,24
2008-03-03,0.0020981517002836188,24
2008-03-04,0.0019834656650307733,24
2008-03-05,0.0017887843816626853,24
2008-03-06,0.0018858771437951576,24
2008-03-07,0.002935170020799282,24
2008-03-08,0.002075048135709591,24
2008-03-09,0.0018979270008029293,24
2008-03-10,0.002081218668629802,24
2008-03-11,0.002147101138230611,24
2008-03-12,0.0019362102946738453,24
2008-03-13,0.0018495402800037027,24
2008-03-14,0.002073768650959811,24
2008-03-15,0.0021584874616543902,24
2008-03-16,0.0021747781735795575,24
2008-03-17,0.0024748437204375195,24
2008-03-18,0.0021393638452594462,24
2008-03-19,0.001846020778039594,24
2008-03-20,0.001664713013005429,24
2008-03-21,0.0015735969347629227,24
2008-03-22,0.0020466470688046278,24
2008-03-23,0.001988966551245243,24
2008-03-24,0.001827031906040706,24
2008-03-25,0.001755309698187557,24
2008-03-26,0.0014334104257912525,24
2008-03-27,0.0017043483573690882,24
2008-03-28,0.0017588734529802657,24
2008-03-29,0.0018528897215790742,24
2008-03-30,0.0020774511830118896,24
2008-03-31,0.002205262701615943,24
2008-04-01,0.002043118913699507,24
2008-04-02,0.001915431687812565,24
2008-04-03,0.0023433807273193453,24
2008-04-04,0.0027247539962957437,24
2008-04-05,0.01202311716818358,24
2008-04-06,0.0028120403656177522,24
2008-04-07,0.004380723073974331,24
2008-04-08,0.0024287776793651713,24
2008-04-09,0.002540992174197089,24
2008-04-10,0.004326407532463531,24
2008-04-11,0.005245875579482775,24
2008-04-12,0.004668601082871003,24
2008-04-13,0.0026612300914000595,24
2008-04-14,0.002952928890416414,24
2008-04-15,0.00682189757126991,24
2008-04-16,0.0027832980342758005,24
2008-04-17,0.0023027130302587157,24
2008-04-18,0.0032762075515808823,24
2008-04-19,0.00458202435039748,24
2008-04-20,0.00574674350100979,24
2008-04-21,0.00654229886473942,24
2008-04-22,0.007836934885800388,24
2008-04-23,0.010849170622202082,24
2008-04-24,0.011494982392236102,24
2008-04-25,0.010943416854088185,24
2008-04-26,0.010021394023103551,24
2008-04-27,0.010696443525567534,24
2008-04-28,0.010366604702737153,24
2008-04-29,0.011262345591768282,24
2008-04-30,0.012981707347883608,24
2008-05-01,0.014198058182987335,24
2008-05-02,0.015139521183721983,24
2008-05-03,0.016915316148820105,24
2008-05-04,0.01669079001937064,24
2008-05-05,0.02022563447459257,24
2008-05-06,0.014099447112153796,24
2008-05-07,0.013442093066504478,24
2008-05-08,0.015711154455147387,24
2008-05-09,0.0185079298047693,24
2008-05-10,0.026136679677950178,24
2008-05-11,0.02600436871110984,24
2008-05-12,0.029700051803538192,24
2008-05-13,0.03560694005136269,24
2008-05-14,0.03972769125156465,24
2008-05-15,0.045411479077560615,24
2008-05-16,0.05235987134723564,24
2008-05-17,0.056811582142526296,24
2008-05-18,0.06796033486868658,24
2008-05-19,0.07893481156984644,24
2008-05-20,0.08284197858134049,24
2008-05-21,0.08355131969640037,24
2008-05-22,0.09404381658540993,24
2008-05-23,0.11440312730143867,24
2008-05-24,0.11624741039238765,24
2008-05-25,0.07275932823015106,24
2008-05-26,0.07591308846512883,24
2008-05-27,0.06274209900609239,24
2008-05-28,0.06229320105000608,24
2008-05-29,0.07358294101263825,24
2008-05-30,0.08301246816648453,24
2008-05-31,0.0940574104255917,24
2008-06-01,0.10461575564013065,24
2008-06-02,0.10473388557368576,24
2008-06-03,0.11380855997633556,24
2008-06-04,0.1075670165507,24
2008-06-05,0.10217854148478407,24
2008-06-06,0.09955233697042334,24
2008-06-07,0.1033609275557944,24
2008-06-08,0.10713578566910413,24
2008-06-09,0.10628859799851613,24
2008-06-10,0.10991856751427602,24
2008-06-11,0.10563983338580393,24
2008-06-12,0.09664626737047372,24
2008-06-13,0.09105425527512503,24
2008-06-14,0.080090522235225,24
2008-06-15,0.06953546544577556,24
2008-06-16,0.07476180060977983,24
2008-06-17,0.05236203192692928,24
2008-06-18,0.05106792666912443,24
2008-06-19,0.036913815582879726,24
2008-06-20,0.029078318445278604,24
2008-06-21,0.023662770710905192,24
2008-06-22,0.020827386129911824,24
2008-06-23,0.01928084457287434,24
2008-06-24,0.016842281266404725,24
2008-06-25,0.015303944721706169,24
2008-06-26,0.016026729870974657,24
2008-06-27,0.01784223853357023,24
2008-06-28,0.019839445053931933,24
2008-06-29,0.01749676716021215,24
2008-06-30,0.014431192556708305,24
2008-07-01,0.011876629376523895,24
2008-07-02,0.010012934055878421,24
2008-07-03,0.009808333438030474,24
2008-07-04,0.011171055923564304,24
2008-07-05,0.012618140195246414,24
2008-07-06,0.021271951375692495,24
2008-07-07,0.03950964129812429,24
2008-07-08,0.020102613980230083,24
2008-07-09,0.018807533530703822,24
2008-07-10,0.01647311318424218,24
2008-07-11,0.01563123442368041,24
2008-07-12,0.01491992923519074,24
2008-07-13,0.015161394799308257,24
2008-07-14,0.015053038195235471,24
2008-07-15,0.011092827781675786,24
2008-07-16,0.012449759503992837,24
2008-07-17,0.011836457831412694,24
2008-07-18,0.015729529492319396,24
2008-07-19,0.013541390085715529,24
2008-07-20,0.017266317018870155,24
2008-07-21,0.022731444458202733,24
2008-07-22,0.018575239515743424,24
2008-07-23,0.013265029461053995,24
2008-07-24,0.009050541931046992,24
2008-07-25,0.009388439183317714,24
2008-07-26,0.01118736205659164,24
2008-07-27,0.011230367224086721,24
2008-07-28,0.009573376772930605,24
2008-07-29,0.009798138599664202,24
2008-07-30,0.009744850705207713,24
2008-07-31,0.009595788992246734,24
2008-08-01,0.011382370282316048,24
2008-08-02,0.01184796379754211,24
2008-08-03,0.01486825756636638,24
2008-08-04,0.017165704057042278,24
2008-08-05,0.024690405684240566,24
2008-08-06,0.012207020339678765,24
2008-08-07,0.008127739518801871,24
2008-08-08,0.011939831016958032,24
2008-08-09,0.013138310595806666,24
2008-08-10,0.015367610172048672,24
2008-08-11,0.012542022410289792,24
2008-08-12,0.015097286440937602,24
2008-08-13,0.01381706738525563,24
2008-08-14,0.010984712406317178,24
2008-08-15,0.01955478047450294,24
2008-08-16,0.01590554893827633,24
2008-08-17,0.01188713119826022,24
2008-08-18,0.009076960344025825,24
2008-08-19,0.005933114637749155,24
2008-08-20,0.00564797908037654,24
2008-08-21,0.00797209861162163,24
2008-08-22,0.008796494075339448,24
2008-08-23,0.008101128237220872,24
2008-08-24,0.009457241693006442,24
2008-08-25,0.010208695592419648,24
2008-08-26,0.00930343336908525,24
2008-08-27,0.008920029696969643,24
2008-08-28,0.007325390049817902,24
2008-08-29,0.005285355324479799,24
2008-08-30,0.006448041864323327,24
2008-08-31,0.008541204125999152,24
2008-09-01,0.00754635641712732,24
2008-09-02,0.005858990597741974,24
2008-09-03,0.0058869989829187005,24
2008-09-04,0.0065380052311214895,24
2008-09-05,0.007386982819102819,24
2008-09-06,0.00852657727127339,24
2008-09-07,0.007871637772167104,24
2008-09-08,0.007290648160106177,24
2008-09-09,0.006036498726376442,24
2008-09-10,0.005236313447378542,24
2008-09-11,0.005661703420785537,24
2008-09-12,0.005528773399631318,24
2008-09-13,0.005643866910228402,24
2008-09-14,0.005747445286113677,24
2008-09-15,0.00532690499357307,24
2008-09-16,0.005161316466326607,24
2008-09-17,0.007208654895037486,24
2008-09-18,0.007955476851298115,24
2008-09-19,0.0066269332918393355,24
2008-09-20,0.006604014648619458,24
2008-09-21,0.005454781267190426,24
2008-09-22,0.005802993229046526,24
2008-09-23,0.006463217378160628,24
2008-09-24,0.005684491044234254,24
2008-09-25,0.004759565976150165,24
2008-09-26,0.00461556758751208,24
2008-09-27,0.004329868704547934,24
2008-09-28,0.00448270351603607,24
2008-09-29,0.004284338529752298,24
2008-09-30,0.004030333125880255,24
2008-10-01,0.0038893008716711177,24
2008-10-02,0.0033620724926904117,24
2008-10-03,0.00319628850285259,24
2008-10-04,0.0031061018448738,24
2008-10-05,0.0038179420154520836,24
2008-10-06,0.005194581970881957,24
2008-10-07,0.005504240440097765,24
2008-10-08,0.005322369155105981,24
2008-10-09,0.004490463732507651,24
2008-10-10,0.0038071827971245735,24
2008-10-11,0.0037001983937739982,24
2008-10-12,0.004074061692525669,24
2008-10-13,0.0037481630200808095,24
2008-10-14,0.004673313014546477,24
2008-10-15,0.004523083924799241,24
2008-10-16,0.003734362223950071,24
2008-10-17,0.003336044874325677,24
2008-10-18,0.003479016294047633,24
2008-10-19,0.003636966147367829,24
2008-10-20,0.00346539417759296,24
2008-10-21,0.0030515512593258763,24
2008-10-22,0.0031491680955501216,24
2008-10-23,0.0031579014698584944,24
2008-10-24,0.0031188504005048986,24
2008-10-25,0.0032730859031744023,24
2008-10-26,0.0029626792462166996,24
2008-10-27,0.0029871606328752717,24
2008-10-28,0.0035284804819110927,24
2008-10-29,0.0039013249725293533,24
2008-10-30,0.0035371391015038486,24
2008-10-31,0.0029763878245568465,24
2008-11-01,0.00307631387284702,24
2008-11-02,0.003258334336424581,24
2008-11-03,0.003166533355207192,24
2008-11-04,0.0026693807130193053,24
2008-11-05,0.002959093159169748,24
2008-11-06,0.0033589820275903397,24
2008-11-07,0.0035915659868313555,24
2008-11-08,0.003274753121169184,24
2008-11-09,0.0031931354313715103,24
2008-11-10,0.0028948242796668702,24
2008-11-11,0.0026548518202595514,24
2008-11-12,0.0027143234820625993,24
2008-11-13,0.0026523673277029196,24
2008-11-14,0.0028764593162603942,24
2008-11-15,0.0023976994940020156,24
2008-11-16,0.0022753304090412595,24
2008-11-17,0.002222161987315316,24
2008-11-18,0.002117507253423623,24
2008-11-19,0.002305367641808988,24
2008-11-20,0.0022537486221215187,24
2008-11-21,0.0020994502406055885,24
2008-11-22,0.002195647398359557,24
2008-11-23,0.0021942491913437023,24
2008-11-24,0.001944225946765732,24
2008-11-25,0.002009178371418287,24
2008-11-26,0.001971258667476584,24
2008-11-27,0.001996166322748696,24
2008-11-28,0.0021440945074209573,24
2008-11-29,0.002266449467404504,24
2008-11-30,0.0022563217052448924,24
2008-12-01,0.0021953283346008773,24
2008-12-02,0.0020479320662908176,24
2008-12-03,0.0020526082541080224,24
2008-12-04,0.0020102454333185363,24
2008-12-05,0.0019879627468207184,24
2008-12-06,0.001963501945624972,24
2008-12-07,0.0020463571468866434,24
2008-12-08,0.004201483061685836,24
2008-12-09,0.0026327378579857424,24
2008-12-10,0.0016622720388288403,24
2008-12-11,0.0015939744190827153,24
2008-12-12,0.0015004925067751416,24
2008-12-13,0.001505463630137913,24
2008-12-14,0.00149271633209494,24
2008-12-15,0.0014990200559372691,24
2008-12-16,0.0015218956427694263,24
2008-12-17,0.0017561698078423095,24
2008-12-18,0.002233799091215035,24
2008-12-19,0.0028827770088514365,24
2008-12-20,0.005427134835479971,24
2008-12-21,0.0016077820416074287,24
2008-12-22,0.0013809004338852118,24
2008-12-23,0.001374174748443464,24
2008-12-24,0.001366152604605117,24
2008-12-25,0.0013597459881903185,24
2008-12-26,0.001349651923292667,24
2008-12-27,0.0013367908522492924,24
2008-12-28,0.001329495983405683,24
2008-12-29,0.0013929123911975456,24
2008-12-30,0.001317774088781498,24
2008-12-31,0.00129740778098425,24
2009-01-01,0.0012872618386707891,24
2009-01-02,0.001285093576239357,24
2009-01-03,0.0016546359549061448,24
2009-01-04,0.0015829218827288383,24
2009-01-05,0.001298523337761849,24
2009-01-06,0.001278321016355827,24
2009-01-07,0.0012654251816780438,24
2009-01-08,0.001258130032186679,24
2009-01-09,0.001251853861627557,24
2009-01-10,0.001257653941158545,24
2009-01-11,0.0012396839136386087,24
2009-01-12,0.0012429273384455615,24
2009-01-13,0.0012208850922617832,24
2009-01-14,0.0013703397541389726,24
2009-01-15,0.0013075067541005122,24
2009-01-16,0.0018286604258944165,24
2009-01-17,0.0018057884844543026,24
2009-01-18,0.0029557585549535303,24
2009-01-19,0.0013356387182953395,24
2009-01-20,0.0011996367693381039,24
2009-01-21,0.0012103860058423805,24
2009-01-22,0.001211524493499644,24
2009-01-23,0.0011989739111480332,24
2009-01-24,0.0012975655036606235,24
2009-01-25,0.0019226591463389164,24
2009-01-26,0.00214969938199179,24
2009-01-27,0.0025118661871883887,24
2009-01-28,0.0012484579073358084,24
2009-01-29,0.0012609175676799,24
2009-01-30,0.001244937621060448,24
2009-01-31,0.0011726242328480632,24
2009-02-01,0.0011744555498639697,24
2009-02-02,0.00117628710466329,24
2009-02-03,0.0014795793370115113,24
2009-02-04,0.0014828540545905962,24
2009-02-05,0.0031099142842134792,24
2009-02-06,0.0015611834702887492,24
2009-02-07,0.0012776994040770513,24
2009-02-08,0.0012891053347452296,24
2009-02-09,0.0012651549943561435,24
2009-02-10,0.0019283275987127485,24
2009-02-11,0.0014249979954973197,24
2009-02-12,0.0014394213394008865,24
2009-02-13,0.00731952148495597,24
2009-02-14,0.0030526989468447324,24
2009-02-15,0.0015131565848317235,24
2009-02-16,0.0014923908690552636,24
2009-02-17,0.0015759598034556647,24
2009-02-18,0.0015700335478656465,24
2009-02-19,0.0018484248930727104,24
2009-02-20,0.0031589388763536017,24
2009-02-21,0.0017654076290378312,24
2009-02-22,0.0018717349277033598,24
2009-02-23,0.0038971984975302563,24
2009-02-24,0.0030781808374123723,24
2009-02-25,0.002042276021723026,24
2009-02-26,0.002011321935497927,24
2009-02-27,0.0020280148853163297,24
2009-02-28,0.0019837499042280613,24
2009-03-01,0.0020236847616297553,24
2009-03-02,0.0022044176623425794,24
2009-03-03,0.007215012354578847,24
2009-03-04,0.00343015600646914,24
2009-03-05,0.0028210378173271567,24
2009-03-06,0.0026282838546432597,24
2009-03-07,0.0030552336430679236,24
2009-03-08,0.0022691438793916497,24
2009-03-09,0.002476528741966866,24
2009-03-10,0.002293119800741968,24
2009-03-11,0.002290993557046606,24
2009-03-12,0.0024624767276510153,24
2009-03-13,0.0024505394970975943,24
2009-03-14,0.002565944591112544,24
2009-03-15,0.002567578810051622,24
2009-03-16,0.0024415084001320232,24
2009-03-17,0.003294975358430946,24
2009-03-18,0.003209185590210474,24
2009-03-19,0.0030243281958633158,24
2009-03-20,0.0026748487921899587,24
2009-03-21,0.0025365591106521167,24
2009-03-22,0.0022780889811150947,24
2009-03-23,0.0021911614058146528,24
2009-03-24,0.0033466329949615597,24
2009-03-25,0.0032608774224808785,24
2009-03-26,0.0020795015999608454,24
2009-03-27,0.0026852693259674177,24
2009-03-28,0.002431958532427232,24
2009-03-29,0.0031017358710847638,24
2009-03-30,0.002688572645511237,24
2009-03-31,0.0022953147338035684,24
2009-04-01,0.002328801257756871,24
2009-04-02,0.005228359283163214,24
2009-04-03,0.003253962059362788,24
2009-04-04,0.002935106570859646,24
2009-04-05,0.002648581711041244,24
2009-04-06,0.004465668034280133,24
2009-04-07,0.005333728002099959,24
2009-04-08,0.009861468206242193,24
2009-04-09,0.003181043106861099,24
2009-04-10,0.002394609101469135,24
2009-04-11,0.002638642077416137,24
2009-04-12,0.003909064468839298,24
2009-04-13,0.004110538659423854,24
2009-04-14,0.004912938481793258,24
2009-04-15,0.007737337284758109,24
2009-04-16,0.003986733988337552,24
2009-04-17,0.003420687394817615,24
2009-04-18,0.00403299893383758,24
2009-04-19,0.0046318062262304446,24
2009-04-20,0.0063143596732330885,24
2009-04-21,0.006478143959986866,24
2009-04-22,0.004853545143928246,24
2009-04-23,0.004381606932203295,24
2009-04-24,0.003861418325441567,24
2009-04-25,0.005026117238861265,24
2009-04-26,0.005232031208624916,24
2009-04-27,0.008255575685729816,24
2009-04-28,0.010154960547037293,24
2009-04-29,0.009554032590192787,24
2009-04-30,0.009493902737358256,24
2009-05-01,0.010183162021257453,24
2009-05-02,0.011699365363546186,24
2009-05-03,0.012357793501504342,24
2009-05-04,0.010956820571932056,24
2009-05-05,0.008273520015551384,24
2009-05-06,0.006852506005957498,24
2009-05-07,0.006321753453281071,24
2009-05-08,0.009362364614970272,24
2009-05-09,0.01119986138660207,24
2009-05-10,0.011960957369507525,24
2009-05-11,0.010441998245982926,24
2009-05-12,0.01100386115579477,24
2009-05-13,0.015543487475307802,24
2009-05-14,0.01818071052476097,24
2009-05-15,0.02158821148216918,24
2009-05-16,0.02258057729680335,24
2009-05-17,0.023440880634427064,24
2009-05-18,0.02461002910522912,24
2009-05-19,0.02850282260824189,24
2009-05-20,0.03635663417031817,24
2009-05-21,0.03363255668245807,24
2009-05-22,0.03648078976993482,24
2009-05-23,0.034759678278840196,24
2009-05-24,0.03399709972062194,24
2009-05-25,0.033826801072442576,24
2009-05-26,0.035485449041168335,24
2009-05-27,0.0352884556018366,24
2009-05-28,0.03979642562860504,24
2009-05-29,0.04684392766978088,24
2009-05-30,0.05071527287856046,24
2009-05-31,0.056979767569404836,24
2009-06-01,0.06520775308292012,24
2009-06-02,0.07279018742806882,24
2009-06-03,0.07751538275692763,24
2009-06-04,0.0798864845671501,24
2009-06-05,0.07605990736763278,24
2009-06-06,0.05589334307713424,24
2009-06-07,0.036616501703480665,24
2009-06-08,0.032252852604523666,24
2009-06-09,0.04442875097815175,24
2009-06-10,0.060283064921294045,24
2009-06-11,0.07745755499861973,24
2009-06-12,0.07854571665321464,24
2009-06-13,0.07939190890617334,24
2009-06-14,0.08228612148430432,24
2009-06-15,0.08987133800634563,24
2009-06-16,0.07387989071523983,24
2009-06-17,0.052652511530008946,24
2009-06-18,0.04746413853190538,24
2009-06-19,0.05342262490402612,24
2009-06-20,0.0711744882435884,24
2009-06-21,0.08054090629059134,24
2009-06-22,0.08748365526020807,24
2009-06-23,0.09326609613381345,24
2009-06-24,0.10490572820105581,24
2009-06-25,0.11874934234351067,24
2009-06-26,0.14364064025742201,24
2009-06-27,0.14324364643426207,24
2009-06-28,0.13073478152379528,24
2009-06-29,0.1266432201251559,24
2009-06-30,0.13400155410769352,24
2009-07-01,0.10050207044635145,24
2009-07-02,0.078441525289932,24
2009-07-03,0.07281749128607186,24
2009-07-04,0.047474203568503195,24
2009-07-05,0.04919141411609008,24
2009-07-06,0.05759558178557529,24
2009-07-07,0.07170317394447577,24
2009-07-08,0.0888377474945937,24
2009-07-09,0.101273976934307,24
2009-07-10,0.10755220251387645,24
2009-07-11,0.11555384148631202,24
2009-07-12,0.12857809100382994,24
2009-07-13,0.12842634598795394,24
2009-07-14,0.10942667935018306,24
2009-07-15,0.10109964567942469,24
2009-07-16,0.09608430966305084,24
2009-07-17,0.10960118078600475,24
2009-07-18,0.109868322409802,24
2009-07-19,0.1118861899030396,24
2009-07-20,0.10062366879228594,24
2009-07-21,0.10054864044366202,24
2009-07-22,0.10033249637836919,24
2009-07-23,0.09898596076330768,24
2009-07-24,0.09393893639690085,24
2009-07-25,0.09419573828273219,24
2009-07-26,0.08616015706855357,24
2009-07-27,0.08222261902828017,24
2009-07-28,0.07414612307393373,24
2009-07-29,0.06865919464317226,24
2009-07-30,0.06377032710659589,24
2009-07-31,0.05842512377595285,24
2009-08-01,0.05362078534006462,24
2009-08-02,0.04802313428196203,24
2009-08-03,0.0457652141678636,24
2009-08-04,0.043091607345561736,24
2009-08-05,0.0409310964797278,24
2009-08-06,0.04098319365823437,24
2009-08-07,0.04159031481248936,24
2009-08-08,0.03808528713232041,24
2009-08-09,0.03315977618432306,24
2009-08-10,0.029346506482856097,24
2009-08-11,0.026500709737038077,24
2009-08-12,0.025009792369971105,24
2009-08-13,0.024252842951594397,24
2009-08-14,0.024071730942490474,24
2009-08-15,0.023691636231007195,24
2009-08-16,0.027635960420370347,24
2009-08-17,0.024279110682562048,24
2009-08-18,0.018828023746586375,24
2009-08-19,0.014994150420830053,24
2009-08-20,0.010892581595224963,24
2009-08-21,0.012120618271241937,24
2009-08-22,0.010592291716478387,24
2009-08-23,0.010044763008081081,24
2009-08-24,0.009369560370910057,24
2009-08-25,0.009003568933364431,24
2009-08-26,0.011199498570422323,24
2009-08-27,0.008840475501651084,24
2009-08-28,0.008207930814045417,24
2009-08-29,0.008889488121571884,24
2009-08-30,0.010499467981641556,24
2009-08-31,0.013539620684499131,24
2009-09-01,0.015280809198050183,24
2009-09-02,0.011800965183810167,24
2009-09-03,0.010660050194738846,24
2009-09-04,0.009210369781706605,24
2009-09-05,0.0077782908649408206,24
2009-09-06,0.007750161042731019,24
2009-09-07,0.007561890229578453,24
2009-09-08,0.007271240302370837,24
2009-09-09,0.007472444788182611,24
2009-09-10,0.006670080731448975,24
2009-09-11,0.006356413911508014,24
2009-09-12,0.00664232580130335,24
2009-09-13,0.006189689615338565,24
2009-09-14,0.005592385033481659,24
2009-09-15,0.005866544273709896,24
2009-09-16,0.007252614007760971,24
2009-09-17,0.006868638937854208,24
2009-09-18,0.005480087262146478,24
2009-09-19,0.004543972784711503,24
2009-09-20,0.004274608701564839,24
2009-09-21,0.0043701191419071046,24
2009-09-22,0.004316856219731751,24
2009-09-23,0.004398936342058492,24
2009-09-24,0.004388339940080047,24
2009-09-25,0.003817379886436798,24
2009-09-26,0.003906998342325203,24
2009-09-27,0.005181971547047507,24
2009-09-28,0.004912610666811067,24
2009-09-29,0.00448651771546404,24
2009-09-30,0.0036879107435370843,24
2009-10-01,0.0035790286394705557,24
2009-10-02,0.0035410373290835247,24
2009-10-03,0.004353016892870198,24
2009-10-04,0.005751201266575526,24
2009-10-05,0.005429298916961729,24
2009-10-06,0.005177750953181381,24
2009-10-07,0.005200473155612128,24
2009-10-08,0.005121880211372029,24
2009-10-09,0.004692724775385362,24
2009-10-10,0.004406790318964364,24
2009-10-11,0.004146344635177457,24
2009-10-12,0.0038489697881525955,24
2009-10-13,0.003879603198267126,24
2009-10-14,0.0040839852734574945,24
2009-10-15,0.004048653719484669,24
2009-10-16,0.0037684049930951013,24
2009-10-17,0.0037710808781404644,24
2009-10-18,0.003826696052441513,24
2009-10-19,0.00378397278733602,24
2009-10-20,0.0036460779455020974,24
2009-10-21,0.0035856101542039898,24
2009-10-22,0.0036037656375297288,24
2009-10-23,0.0034071267653997014,24
2009-10-24,0.0033707391164083124,24
2009-10-25,0.0032959189320163496,24
2009-10-26,0.0031386681493014933,24
2009-10-27,0.0031861404045505208,24
2009-10-28,0.003149223131717685,24
2009-10-29,0.0034367125083447584,24
2009-10-30,0.0031149019017532305,24
2009-10-31,0.003461436327457307,24
2009-11-01,0.003309167373092455,24
2009-11-02,0.003242352686630662,24
2009-11-03,0.0035604365697113434,24
2009-11-04,0.0034175526553730175,24
2009-11-05,0.0031423614350172195,24
2009-11-06,0.0031174423058315283,24
2009-11-07,0.0027508545176323186,24
2009-11-08,0.0032334532628691235,24
2009-11-09,0.002536886077596735,24
2009-11-10,0.0021114074025304465,24
2009-11-11,0.0020794100476861695,24
2009-11-12,0.002123748722826429,24
2009-11-13,0.002251222085554433,24
2009-11-14,0.002002606222343186,24
2009-11-15,0.00197873009948296,24
2009-11-16,0.001937264228995394,24
2009-11-17,0.0019235711287974482,24
2009-11-18,0.0018674301631715032,24
2009-11-19,0.0018240245785804909,24
2009-11-20,0.0018153703785376825,24
2009-11-21,0.00182412800799095,24
2009-11-22,0.0018109875988099235,24
2009-11-23,0.0017771798267832118,24
2009-11-24,0.001803640473294797,24
2009-11-25,0.002072899875147112,24
2009-11-26,0.0017130213396260945,24
2009-11-27,0.0016680457884439448,24
2009-11-28,0.0016683291976777664,24
2009-11-29,0.0016378759622024178,24
2009-11-30,0.001658921279692892,24
2009-12-01,0.0016273352805276644,24
2009-12-02,0.00157653018255267,24
2009-12-03,0.0015411525227867645,24
2009-12-04,0.0015457497740483913,24
2009-12-05,0.0017883662949668988,24
2009-12-06,0.001511897840430963,24
2009-12-07,0.0014570136692418243,24
2009-12-08,0.0014430006405272955,24
2009-12-09,0.0015344957219263192,24
2009-12-10,0.0016947857112529724,24
2009-12-11,0.0014120205655136129,24
2009-12-12,0.0013759371287323005,24
2009-12-13,0.001367024967622565,24
2009-12-14,0.0013500034601658388,24
2009-12-15,0.0013511643606593752,24
2009-12-16,0.0013199075404142044,24
2009-12-17,0.001302491801766162,24
2009-12-18,0.0012884457393827612,24
2009-12-19,0.001275654388044582,24
2009-12-20,0.0012696664661658716,24
2009-12-21,0.0012595384576917364,24
2009-12-22,0.0012401644039581748,24
2009-12-23,0.0012259568062938857,24
2009-12-24,0.0012116809145120296,24
2009-12-25,0.001201731990698377,24
2009-12-26,0.0011973679004669516,24
2009-12-27,0.0011869723585614246,24
2009-12-28,0.00118370268828233,24
2009-12-29,0.0011709139142359554,24
2009-12-30,0.0011575584719731495,24
2009-12-31,0.001136594999893706,24
2010-01-01,0.0011279603314281767,24
2010-01-02,0.0011198560143782,24
2010-01-03,0.0011768265403345139,24
2010-01-04,0.0011033242862318307,24
2010-01-05,0.0010885488073574135,24
2010-01-06,0.0010756655380151725,24
2010-01-07,0.0010702171534444352,24
2010-01-08,0.001059339494889098,24
2010-01-09,0.0010494986248581629,24
2010-01-10,0.001040350513493319,24
2010-01-11,0.0010267028814558092,24
2010-01-12,0.001015421898116994,24
2010-01-13,0.0010057120013973408,24
2010-01-14,0.0010009964996206403,24
2010-01-15,9.970472290882159E-4,24
2010-01-16,9.96897240219261E-4,24
2010-01-17,0.0010133411746452309,24
2010-01-18,0.0010013264455488065,24
2010-01-19,9.856091894746382E-4,24
2010-01-20,9.6918338407782E-4,24
2010-01-21,9.928150931055354E-4,24
2010-01-22,9.673970539627631E-4,24
2010-01-23,9.752321122439013E-4,24
2010-01-24,9.584855913392218E-4,24
2010-01-25,9.521922162885626E-4,24
2010-01-26,9.120322352802108E-4,24
2010-01-27,9.188850048988573E-4,24
2010-01-28,0.0012868857414258294,24
2010-01-29,0.001570892129024847,24
2010-01-30,9.10614844323996E-4,24
2010-01-31,8.89962335945569E-4,24
2010-02-01,8.959951752349175E-4,24
2010-02-02,8.762195002273433E-4,24
2010-02-03,8.808606119118403E-4,24
2010-02-04,8.77591177156035E-4,24
2010-02-05,0.001041297402377918,24
2010-02-06,0.0014844688183009952,24
2010-02-07,0.00457668805115231,24
2010-02-08,0.015749198009241763,24
2010-02-09,0.003661337544815653,24
2010-02-10,9.686130058389743E-4,24
2010-02-11,8.809004946883598E-4,24
2010-02-12,0.0013502013954064063,24
2010-02-13,9.8022217409526E-4,24
2010-02-14,0.0013610417410564774,24
2010-02-15,0.0044470967573048146,24
2010-02-16,0.0011414023287302849,24
2010-02-17,8.583755610323203E-4,24
2010-02-18,8.867022004692825E-4,24
2010-02-19,9.08672877666131E-4,24
2010-02-20,9.747478024453722E-4,24
2010-02-21,0.0010516463597869043,24
2010-02-22,0.0011204912013432966,24
2010-02-23,0.0012909504213366955,24
2010-02-24,0.001451959505396994,24
2010-02-25,0.002790897277370057,24
2010-02-26,0.004815213928689343,24
2010-02-27,0.001977122209273488,24
2010-02-28,0.004820457298409038,24
2010-03-01,0.012084078702499057,24
2010-03-02,0.0018213670870217487,24
2010-03-03,0.0013053683378998289,24
2010-03-04,0.0022225306028289733,24
2010-03-05,0.0013735114156686321,24
2010-03-06,0.0012362242026131608,24
2010-03-07,0.0016228833088990857,24
2010-03-08,0.0016163005528114162,24
2010-03-09,0.0016452105382694139,24
2010-03-10,0.001801050607572782,24
2010-03-11,0.0018953841440930127,24
2010-03-12,0.00224020127388126,24
2010-03-13,0.0024877237643348388,24
2010-03-14,0.0026380119948048258,24
2010-03-15,0.0026426451916081,24
2010-03-16,0.002713375555625004,24
2010-03-17,0.0028173514606379874,24
2010-03-18,0.0029523416952525715,24
2010-03-19,0.0031110421008542118,24
2010-03-20,0.0029910412552445545,24
2010-03-21,0.0028608276666434044,24
2010-03-22,0.006435557666213277,24
2010-03-23,0.010698607256704814,24
2010-03-24,0.0053927900187363586,24
2010-03-25,0.003650119696263386,24
2010-03-26,0.005110539774933777,24
2010-03-27,0.004713115789420746,24
2010-03-28,0.0046596906075821055,24
2010-03-29,0.004464848471814143,24
2010-03-30,0.005139549357836374,24
2010-03-31,0.0030092466164554493,24
2010-04-01,0.0027155746308585166,24
2010-04-02,0.002914293146123273,24
2010-04-03,0.004853466287576101,24
2010-04-04,0.004194621879281777,24
2010-04-05,0.002606205868795636,24
2010-04-06,0.002612333640950057,24
2010-04-07,0.003330785985487849,24
2010-04-08,0.005593522673378987,24
2010-04-09,0.0069559307347644575,24
2010-04-10,0.007334509285807244,24
2010-04-11,0.00828087387175054,24
2010-04-12,0.00737045216143383,24
2010-04-13,0.0038008749817761197,24
2010-04-14,0.0035529223655008796,24
2010-04-15,0.005270757965532458,24
2010-04-16,0.010574932590917487,24
2010-04-17,0.012155768897125926,24
2010-04-18,0.01996289979905599,24
2010-04-19,0.014705044214163208,24
2010-04-20,0.00966481115423826,24
2010-04-21,0.00840654630077918,24
2010-04-22,0.007752878245548143,24
2010-04-23,0.006397930775985088,24
2010-04-24,0.006430162363429157,24
2010-04-25,0.00840065974136892,24
2010-04-26,0.01025759407747927,24
2010-04-27,0.01070697418858017,24
2010-04-28,0.011719265895521759,24
2010-04-29,0.013750687577071399,24
2010-04-30,0.015540788942469613,24
2010-05-01,0.016578071339899386,24
2010-05-02,0.015270029075543335,24
2010-05-03,0.01856567320262067,24
2010-05-04,0.02309145404790389,24
2010-05-05,0.02955586422897858,24
2010-05-06,0.02636786475862707,24
2010-05-07,0.02393006631331217,24
2010-05-08,0.023133419591265483,24
2010-05-09,0.02241518058272472,24
2010-05-10,0.02653678059834653,24
2010-05-11,0.02704692439859919,24
2010-05-12,0.02618257855198273,24
2010-05-13,0.023139295173613166,24
2010-05-14,0.02519151913237964,24
2010-05-15,0.023372617734221134,24
2010-05-16,0.03456562351528801,24
2010-05-17,0.03671219395298617,24
2010-05-18,0.02967895689595092,24
2010-05-19,0.016646803926350148,24
2010-05-20,0.013368787039867342,24
2010-05-21,0.018627884308275555,24
2010-05-22,0.029780830396837443,24
2010-05-23,0.035680862218745286,24
2010-05-24,0.02404857066659766,24
2010-05-25,0.024614994063741978,24
2010-05-26,0.029347350083488166,24
2010-05-27,0.03979646752629023,24
2010-05-28,0.024463490656634425,24
2010-05-29,0.01936917105600579,24
2010-05-30,0.015597308045599305,24
2010-05-31,0.018215146614173224,24
2010-06-01,0.025693099844823753,24
2010-06-02,0.03516815343889857,24
2010-06-03,0.03581767691532986,24
2010-06-04,0.03080872405490166,24
2010-06-05,0.018733843494345193,24
2010-06-06,0.016207782752439323,24
2010-06-07,0.022907513412992943,24
2010-06-08,0.031422802318228645,24
2010-06-09,0.03400497861909497,24
2010-06-10,0.033938856945511575,24
2010-06-11,0.036326643599696576,24
2010-06-12,0.04143672137883758,24
2010-06-13,0.044861964978254426,24
2010-06-14,0.045676399652061835,24
2010-06-15,0.043948607804549386,24
2010-06-16,0.04083870901797255,24
2010-06-17,0.04738515165059299,24
2010-06-18,0.05123737565411007,24
2010-06-19,0.05753396314527153,24
2010-06-20,0.06650881361593468,24
2010-06-21,0.0771863897199962,24
2010-06-22,0.08490778976542168,24
2010-06-23,0.09687135788568507,24
2010-06-24,0.1046673048864734,24
2010-06-25,0.10853143736213289,24
2010-06-26,0.10304126819185805,24
2010-06-27,0.0900837142432113,24
2010-06-28,0.10242758274910667,24
2010-06-29,0.1116726348506469,24
2010-06-30,0.11651117286086562,24
2010-07-01,0.11481565422194193,24
2010-07-02,0.11161986363820342,24
2010-07-03,0.1113319746821054,24
2010-07-04,0.120098112444595,24
2010-07-05,0.12340303308611464,24
2010-07-06,0.1035337053441963,24
2010-07-07,0.11819140012022811,24
2010-07-08,0.12641984301019124,24
2010-07-09,0.12751949886276823,24
2010-07-10,0.12843682187829283,24
2010-07-11,0.12915328031074225,24
2010-07-12,0.13773456455414634,24
2010-07-13,0.1300663956241328,24
2010-07-14,0.12235958954092194,24
2010-07-15,0.12091651137640297,24
2010-07-16,0.12212468113929266,24
2010-07-17,0.12304056522209293,24
2010-07-18,0.11873264964181474,24
2010-07-19,0.11494404604077325,24
2010-07-20,0.10251241373307876,24
2010-07-21,0.11490459162069867,24
2010-07-22,0.07250054088702275,24
2010-07-23,0.0673108365828782,24
2010-07-24,0.0639966800539986,24
2010-07-25,0.07183234003779616,24
2010-07-26,0.08457297198734792,24
2010-07-27,0.11561700392294082,24
2010-07-28,0.1465547576104538,24
2010-07-29,0.15461467548227237,24
2010-07-30,0.13329495321434454,24
2010-07-31,0.09563747312189305,24
2010-08-01,0.07247202100710484,24
2010-08-02,0.0690191453889199,24
2010-08-03,0.07525911882765987,24
2010-08-04,0.08138610859794042,24
2010-08-05,0.086313831287173,24
2010-08-06,0.09648709446032824,24
2010-08-07,0.09067738613716245,24
2010-08-08,0.10313547838336445,24
2010-08-09,0.08820525300716683,24
2010-08-10,0.0721264805663639,24
2010-08-11,0.06521336700415514,24
2010-08-12,0.059922258642051036,24
2010-08-13,0.06155776737764444,24
2010-08-14,0.059478175336738326,24
2010-08-15,0.059895731889543266,24
2010-08-16,0.0630280213021967,24
2010-08-17,0.057604605968440324,24
2010-08-18,0.045283950423404114,24
2010-08-19,0.03614250859575471,24
2010-08-20,0.03514563157628082,24
2010-08-21,0.0289336385475529,24
2010-08-22,0.023878676730830814,24
2010-08-23,0.021603329273492112,24
2010-08-24,0.028310304899475107,24
2010-08-25,0.027672432222024465,24
2010-08-26,0.019122707933526488,24
2010-08-27,0.01544583917864921,24
2010-08-28,0.012524036471913696,24
2010-08-29,0.011860384759270157,24
2010-08-30,0.012185750428829701,24
2010-08-31,0.012823960992990489,24
2010-09-01,0.013718752659397112,24
2010-09-02,0.016619144615011513,24
2010-09-03,0.017476363166582277,24
2010-09-04,0.014799964423558992,24
2010-09-05,0.012845594157767478,24
2010-09-06,0.01301179916394739,24
2010-09-07,0.014174885527309423,24
2010-09-08,0.012048880002201112,24
2010-09-09,0.011508472872187942,24
2010-09-10,0.013183702544692701,24
2010-09-11,0.01481643159212739,24
2010-09-12,0.012504808658960235,24
2010-09-13,0.012221997681715079,24
2010-09-14,0.011437213043228957,24
2010-09-15,0.010169874421234246,24
2010-09-16,0.010039326677688412,24
2010-09-17,0.010158911296271413,24
2010-09-18,0.01159273728626949,24
2010-09-19,0.009680247521752587,24
2010-09-20,0.007937487521427965,24
2010-09-21,0.007926630772742424,24
2010-09-22,0.01060933609816942,24
2010-09-23,0.01091299946559012,24
2010-09-24,0.009849857214068052,24
2010-09-25,0.00846902791311725,24
2010-09-26,0.007852363271501692,24
2010-09-27,0.008279791355268455,24
2010-09-28,0.009206500699829341,24
2010-09-29,0.008966001129811062,24
2010-09-30,0.008773166534021458,24
2010-10-01,0.0075881798487857895,24
2010-10-02,0.006562084910212905,24
2010-10-03,0.006485316844948314,24
2010-10-04,0.006366056564624967,24
2010-10-05,0.006214712957851302,24
2010-10-06,0.006157544961771907,24
2010-10-07,0.0060801873835345625,24
2010-10-08,0.006180936858341175,24
2010-10-09,0.005947348470924971,24
2010-10-10,0.005935194404954368,24
2010-10-11,0.006125022134615241,24
2010-10-12,0.006158168559178497,24
2010-10-13,0.005784703841638883,24
2010-10-14,0.0056370093473798386,24
2010-10-15,0.005660732924252919,24
2010-10-16,0.005111815905457455,24
2010-10-17,0.00498361046417935,24
2010-10-18,0.0049098707361858495,24
2010-10-19,0.0047312335974917,24
2010-10-20,0.004956909499852447,24
2010-10-21,0.005659521955778292,24
2010-10-22,0.004910933088056284,24
2010-10-23,0.004324551892198425,24
2010-10-24,0.004214756604565394,24
2010-10-25,0.004211818981884376,24
2010-10-26,0.0042532287377672305,24
2010-10-27,0.004184209732671172,24
2010-10-28,0.0041717711343938636,24
2010-10-29,0.00432604704832345,24
2010-10-30,0.0046205616471925795,24
2010-10-31,0.004098318642145922,24
2010-11-01,0.003935278309659999,24
2010-11-02,0.003993619789502624,24
2010-11-03,0.004060426308848748,24
2010-11-04,0.0043774682939734175,24
2010-11-05,0.005086628498236172,24
2010-11-06,0.004947507031320512,24
2010-11-07,0.00408778591735399,24
2010-11-08,0.004008436527277739,24
2010-11-09,0.004277098353681946,24
2010-11-10,0.0042307669344761566,24
2010-11-11,0.0045740901426466985,24
2010-11-12,0.0045088577588248665,24
2010-11-13,0.004130632513476568,24
2010-11-14,0.0037157302839218834,24
2010-11-15,0.003503199055603244,24
2010-11-16,0.003450161092029427,24
2010-11-17,0.0035959563549590977,24
2010-11-18,0.003885914671239831,24
2010-11-19,0.004019853054265918,24
2010-11-20,0.003179717774864973,24
2010-11-21,0.003279911638335672,24
2010-11-22,0.004602141361310144,24
2010-11-23,0.004228580233736514,24
2010-11-24,0.0035159293894483214,24
2010-11-25,0.003421127802464729,24
2010-11-26,0.0035323548275233434,24
2010-11-27,0.002938990547170512,24
2010-11-28,0.002698643252794107,24
2010-11-29,0.002666498115498935,24
2010-11-30,0.002517911613551772,24
2010-12-01,0.002478807021464787,24
2010-12-02,0.0024402428864438554,24
2010-12-03,0.002409345571482454,24
2010-12-04,0.0025302318245111048,24
2010-12-05,0.0023610972046305763,24
2010-12-06,0.0023668933765469374,24
2010-12-07,0.0023983487720264,24
2010-12-08,0.002408084331113055,24
2010-12-09,0.0023388604024313715,24
2010-12-10,0.002332095231084017,24
2010-12-11,0.0020653705839221255,24
2010-12-12,0.0020549787108909852,24
2010-12-13,0.002405899385679881,24
2010-12-14,0.0021288856784134626,24
2010-12-15,0.002162902360731005,24
2010-12-16,0.0024450354824721,24
2010-12-17,0.001978488813887087,24
2010-12-18,0.002416497105267089,24
2010-12-19,0.0021496140315183294,24
2010-12-20,0.002377809781263525,24
2010-12-21,0.002065630248661431,24
2010-12-22,0.002055656196269316,24
2010-12-23,0.001855201071715532,24
2010-12-24,0.0018297172981776868,24
2010-12-25,0.0018618666246347033,24
2010-12-26,0.0018118759194440015,24
2010-12-27,0.0018880016096195302,24
2010-12-28,0.0018427951154012,24
2010-12-29,0.0020189307814602966,24
2010-12-30,0.0018342395722425872,24
2010-12-31,0.0015082333385178545,24
2011-01-01,0.0013501687013412606,24
2011-01-02,0.0013418104916680363,24
2011-01-03,0.00128578292428638,24
2011-01-04,0.0012787323682144631,24
2011-01-05,0.001239764943181547,24
2011-01-06,0.0012345324234939836,24
2011-01-07,0.0012359150859842368,24
2011-01-08,0.001216480040869463,24
2011-01-09,0.0011727890030503315,24
2011-01-10,0.001150704647172536,24
2011-01-11,0.0011575952966503028,24
2011-01-12,0.0011272892854968062,24
2011-01-13,0.0011722068565815638,24
2011-01-14,0.0014778131875974412,24
2011-01-15,0.0011154959583329395,24
2011-01-16,0.0010713836619185388,24
2011-01-17,0.0010768678369221646,24
2011-01-18,0.0010598347683638445,24
2011-01-19,0.0010447023267282642,24
2011-01-20,0.0010422968148994381,24
2011-01-21,0.0010610037854839336,24
2011-01-22,0.001030322019066347,24
2011-01-23,0.0010064569361850453,24
2011-01-24,9.896986327531524E-4,24
2011-01-25,9.756417325193479E-4,24
2011-01-26,9.658677213124401E-4,24
2011-01-27,9.592466746242317E-4,24
2011-01-28,9.5846841724578E-4,24
2011-01-29,9.840619742404746E-4,24
2011-01-30,0.0010046788786519897,24
2011-01-31,9.63852135891104E-4,24
2011-02-01,9.415530515411892E-4,24
2011-02-02,9.682229756791676E-4,24
2011-02-03,0.001506745224225961,24
2011-02-04,0.0017619698759969572,24
2011-02-05,0.0010612221286861283,24
2011-02-06,0.003563010398294775,24
2011-02-07,0.0030507800652781266,24
2011-02-08,9.673415625281881E-4,24
2011-02-09,8.651351152714187E-4,24
2011-02-10,8.533532659883941E-4,24
2011-02-11,8.658993590199127E-4,24
2011-02-12,0.0020781884074148635,24
2011-02-13,0.007673012997594396,24
2011-02-14,0.003618631742739244,24
2011-02-15,0.001043332191796209,24
2011-02-16,9.31420165590722E-4,24
2011-02-17,9.024359629801684E-4,24
2011-02-18,8.91558528234483E-4,24
2011-02-19,9.412597472270073E-4,24
2011-02-20,0.0012268630349812231,24
2011-02-21,9.371526303400873E-4,24
2011-02-22,9.139760332879636E-4,24
2011-02-23,0.0012785782080673288,24
2011-02-24,0.0012706082770839219,24
2011-02-25,0.0013172599392044732,24
2011-02-26,0.0010829693169357496,24
2011-02-27,9.806566168136354E-4,24
2011-02-28,0.001013207028300962,24
2011-03-01,0.001210766565623242,24
2011-03-02,0.0025461240590362033,24
2011-03-03,0.0018140897452869063,24
2011-03-04,0.0017146394734408302,24
2011-03-05,0.0016823298616823492,24
2011-03-06,0.0012901771451226465,24
2011-03-07,0.0019549277218889076,24
2011-03-08,0.0016213650768930907,24
2011-03-09,0.0014220238380752122,24
2011-03-10,0.0014088587010529397,24
2011-03-11,0.0014585840338763845,24
2011-03-12,0.0015957588378096607,24
2011-03-13,0.00179464248013537,24
2011-03-14,0.0019491678924470565,24
2011-03-15,0.0020629069241547304,24
2011-03-16,0.0023559458614628524,24
2011-03-17,0.0027105402959957626,24
2011-03-18,0.0030107117414991096,24
2011-03-19,0.0046394617314845475,24
2011-03-20,0.0024067793918313204,24
2011-03-21,0.002042319491972753,24
2011-03-22,0.0021240570415604087,24
2011-03-23,0.0023334555020175815,24
2011-03-24,0.002595004616779881,24
2011-03-25,0.0027484686827537927,24
2011-03-26,0.0029426975619172378,24
2011-03-27,0.0030347872770327116,24
2011-03-28,0.005140974720360476,24
2011-03-29,0.0033890106914588824,24
2011-03-30,0.0025853287978353083,24
2011-03-31,0.0024114353384748783,24
2011-04-01,0.002659935583008716,24
2011-04-02,0.002705372890917584,24
2011-04-03,0.002490318094671611,24
2011-04-04,0.002469724549971349,24
2011-04-05,0.0018905191852098175,24
2011-04-06,0.001763801783058993,24
2011-04-07,0.0018172561407847454,24
2011-04-08,0.0020901362348711,24
2011-04-09,0.0021370877675698486,24
2011-04-10,0.005819855635630725,24
2011-04-11,0.003099173678423358,24
2011-04-12,0.002137874344228824,24
2011-04-13,0.0021427497646689673,24
2011-04-14,0.002328642757292627,24
2011-04-15,0.0025158440813299633,24
2011-04-16,0.003560502154474725,24
2011-04-17,0.007984900745679249,24
2011-04-18,0.004556693596286563,24
2011-04-19,0.002986471617589652,24
2011-04-20,0.002980177101258918,24
2011-04-21,0.003655369089303327,24
2011-04-22,0.004951804978173064,24
2011-04-23,0.0054097827705353275,24
2011-04-24,0.006354210788835065,24
2011-04-25,0.007570271251306176,24
2011-04-26,0.008559740891953103,24
2011-04-27,0.00957875186670827,24
2011-04-28,0.009687541916532287,24
2011-04-29,0.010162088926658064,24
2011-04-30,0.012723436196805367,24
2011-05-01,0.01132154502145205,24
2011-05-02,0.01184889891102175,24
2011-05-03,0.013388251997146525,24
2011-05-04,0.015124114776862643,24
2011-05-05,0.01575306302531867,24
2011-05-06,0.02213377946482573,24
2011-05-07,0.01661229417906625,24
2011-05-08,0.016645420806814613,24
2011-05-09,0.01948117814524574,24
2011-05-10,0.02662614515397547,24
2011-05-11,0.02831648308551286,24
2011-05-12,0.031611023408187215,24
2011-05-13,0.031885058307313335,24
2011-05-14,0.029061420318726904,24
2011-05-15,0.034030153229151615,24
2011-05-16,0.042207610908547286,24
2011-05-17,0.05018536911949428,24
2011-05-18,0.057257910615277366,24
2011-05-19,0.05867222642194205,24
2011-05-20,0.05487784257468144,24
2011-05-21,0.04533268326307255,24
2011-05-22,0.03968495275006072,24
2011-05-23,0.0412341561842064,24
2011-05-24,0.05189043362482196,24
2011-05-25,0.06789355071647864,24
2011-05-26,0.06322526531640417,24
2011-05-27,0.06986448140843761,24
2011-05-28,0.06596111859831913,24
2011-05-29,0.06568166378921693,24
2011-05-30,0.07511179899601082,24
2011-05-31,0.0744435776162298,24
2011-06-01,0.05344691338826552,24
2011-06-02,0.0485996750377242,24
2011-06-03,0.04458964830101123,24
2011-06-04,0.050696134181396735,24
2011-06-05,0.06370185518165428,24
2011-06-06,0.07561319716829408,24
2011-06-07,0.076198473596374,24
2011-06-08,0.08150849446644512,24
2011-06-09,0.08823537667087591,24
2011-06-10,0.09053651785640784,24
2011-06-11,0.08880028736042522,24
2011-06-12,0.09835696059542734,24
2011-06-13,0.0979175792312751,24
2011-06-14,0.08849490551068187,24
2011-06-15,0.09105780489579215,24
2011-06-16,0.09539422475839664,24
2011-06-17,0.09797869051295674,24
2011-06-18,0.09832911424448207,24
2011-06-19,0.09373688429049698,24
2011-06-20,0.09076703724230809,24
2011-06-21,0.08986170831708495,24
2011-06-22,0.08814456805274737,24
2011-06-23,0.09200995841016055,24
2011-06-24,0.08981424245110345,24
2011-06-25,0.08677480262258795,24
2011-06-26,0.0827498444096983,24
2011-06-27,0.07933842387295775,24
2011-06-28,0.07220522189348846,24
2011-06-29,0.06395009831311516,24
2011-06-30,0.05383435782134115,24
2011-07-01,0.048725602979921775,24
2011-07-02,0.04785637629014587,24
2011-07-03,0.03959211305032437,24
2011-07-04,0.03549221030995365,24
2011-07-05,0.03414142415012968,24
2011-07-06,0.0345442433499699,24
2011-07-07,0.03617440239785233,24
2011-07-08,0.041194839866728096,24
2011-07-09,0.036651820685518824,24
2011-07-10,0.029419904305817708,24
2011-07-11,0.02393720688051111,24
2011-07-12,0.02121088227031322,24
2011-07-13,0.019677248926579842,24
2011-07-14,0.021237700504972628,24
2011-07-15,0.028343493751391113,24
2011-07-16,0.028906008188096688,24
2011-07-17,0.022486794257639643,24
2011-07-18,0.01716984547245301,24
2011-07-19,0.01865678866239912,24
2011-07-20,0.016189028372527715,24
2011-07-21,0.016784327085229974,24
2011-07-22,0.018305556914177356,24
2011-07-23,0.019224939365973474,24
2011-07-24,0.0192767591416695,24
2011-07-25,0.02456305028826158,24
2011-07-26,0.025674510361192615,24
2011-07-27,0.020827487583950893,24
2011-07-28,0.015386844156793051,24
2011-07-29,0.01648734726816329,24
2011-07-30,0.013974232073055745,24
2011-07-31,0.012107739144808168,24
2011-08-01,0.009631219355904207,24
2011-08-02,0.007348191612193167,24
2011-08-03,0.005589747456484535,24
2011-08-04,0.006890260770244987,24
2011-08-05,0.009401612267817477,24
2011-08-06,0.010986542202102052,24
2011-08-07,0.015277219224893052,24
2011-08-08,0.016094062667719213,24
2011-08-09,0.014171239415950521,24
2011-08-10,0.013121815188866697,24
2011-08-11,0.012701854506435375,24
2011-08-12,0.014614463140874449,24
2011-08-13,0.017321008592924406,24
2011-08-14,0.014646835524441258,24
2011-08-15,0.013874184814419486,24
2011-08-16,0.012232297019620433,24
2011-08-17,0.009719505852830358,24
2011-08-18,0.009981288794457708,24
2011-08-19,0.010431323537532506,24
2011-08-20,0.010481398107964704,24
2011-08-21,0.009495898317014513,24
2011-08-22,0.008999747206557536,24
2011-08-23,0.008597346264413828,24
2011-08-24,0.010698136175281916,24
2011-08-25,0.01328677668105089,24
2011-08-26,0.014863671833080414,24
2011-08-27,0.016898550488078475,24
2011-08-28,0.018097304241215764,24
2011-08-29,0.013924056437738868,24
2011-08-30,0.009808381448123822,24
2011-08-31,0.00916464752329465,24
2011-09-01,0.014023083116772493,24
2011-09-02,0.019248042650246214,24
2011-09-03,0.017731446585267097,24
2011-09-04,0.01416223889107808,24
2011-09-05,0.009877163061700823,24
2011-09-06,0.007180031271398148,24
2011-09-07,0.006646186384007976,24
2011-09-08,0.008472841811010252,24
2011-09-09,0.013833062668935048,24
2011-09-10,0.013194826162808112,24
2011-09-11,0.009323249499130475,24
2011-09-12,0.0072563055481056045,24
2011-09-13,0.008033206140047018,24
2011-09-14,0.011654625503466649,24
2011-09-15,0.014537865472011349,24
2011-09-16,0.01743541212923423,24
2011-09-17,0.009206947141287346,24
2011-09-18,0.009013073177999655,24
2011-09-19,0.009569124917874422,24
2011-09-20,0.007988890974231338,24
2011-09-21,0.0064625773752450474,24
2011-09-22,0.006319054892782193,24
2011-09-23,0.006372779186017601,24
2011-09-24,0.005867496610120026,24
2011-09-25,0.006066039736302566,24
2011-09-26,0.006096505427085566,24
2011-09-27,0.0050870792138802915,24
2011-09-28,0.00461609632665605,24
2011-09-29,0.0044775980196925065,24
2011-09-30,0.004552587022960639,24
2011-10-01,0.004397264613168043,24
2011-10-02,0.00395736531086048,24
2011-10-03,0.0038602372438523856,24
2011-10-04,0.0038558790155201624,24
2011-10-05,0.006338447983417261,24
2011-10-06,0.006873600877648927,24
2011-10-07,0.006747220237400727,24
2011-10-08,0.005562072293190655,24
2011-10-09,0.00535679944507648,24
2011-10-10,0.00513436106438825,24
2011-10-11,0.0051445072870351174,24
2011-10-12,0.004865383823139531,24
2011-10-13,0.004758738695670086,24
2011-10-14,0.005405993538342784,24
2011-10-15,0.004220202165548162,24
2011-10-16,0.004076981410095028,24
2011-10-17,0.004025768877584228,24
2011-10-18,0.004000058003407059,24
2011-10-19,0.004025436282171077,24
2011-10-20,0.004638840310712857,24
2011-10-21,0.0047927299140962335,24
2011-10-22,0.0050679005078320015,24
2011-10-23,0.004688543621286187,24
2011-10-24,0.0036137705290102016,24
2011-10-25,0.0033753707115155526,24
2011-10-26,0.0033499258899249815,24
2011-10-27,0.0034318343838508247,24
2011-10-28,0.0034441349164234724,24
2011-10-29,0.0035589829874037547,24
2011-10-30,0.003681042148474324,24
2011-10-31,0.0035612897787528513,24
2011-11-01,0.003589959289671416,24
2011-11-02,0.0034646534357783334,24
2011-11-03,0.0036736228718675483,24
2011-11-04,0.0033941476638373767,24
2011-11-05,0.003004204018379313,24
2011-11-06,0.002866848182760906,24
2011-11-07,0.0029689964455867084,24
2011-11-08,0.0033564987304741493,24
2011-11-09,0.004483093440564329,24
2011-11-10,0.0033951154124124304,24
2011-11-11,0.00331817800681858,24
2011-11-12,0.0027483738163363667,24
2011-11-13,0.0026476831663101033,24
2011-11-14,0.0025538364233615466,24
2011-11-15,0.002704160945137752,24
2011-11-16,0.002393879212334538,24
2011-11-17,0.002406539549686087,24
2011-11-18,0.002576451490071996,24
2011-11-19,0.0026297790097013236,24
2011-11-20,0.0025684393376893704,24
2011-11-21,0.002528772358795275,24
2011-11-22,0.0025518225824393797,24
2011-11-23,0.0025603884940561873,24
2011-11-24,0.0024577572718112698,24
2011-11-25,0.002477029169575493,24
2011-11-26,0.002381248289137664,24
2011-11-27,0.0023222499254000363,24
2011-11-28,0.0023482080071021007,24
2011-11-29,0.002327337227946408,24
2011-11-30,0.002579137763388922,24
2011-12-01,0.0029623559178975217,24
2011-12-02,0.002690914625375131,24
2011-12-03,0.002226051326090728,24
2011-12-04,0.0021353091769182576,24
2011-12-05,0.0021384248194567784,24
2011-12-06,0.002096125717850805,24
2011-12-07,0.0021932860308366605,24
2011-12-08,0.0023302816725218048,24
2011-12-09,0.002128461228472465,24
2011-12-10,0.0019500185045394228,24
2011-12-11,0.0018691053160811535,24
2011-12-12,0.0017757021800783267,24
2011-12-13,0.0017399680631398746,24
2011-12-14,0.0017104362807819338,24
2011-12-15,0.0017409492875156555,24
2011-12-16,0.0016859516173701819,24
2011-12-17,0.0016915557858713554,24
2011-12-18,0.0017698425993175808,24
2011-12-19,0.0016641928145882578,24
2011-12-20,0.001850850479739226,24
2011-12-21,0.0018185399713447662,24
2011-12-22,0.0016704461602113163,24
2011-12-23,0.001605694231237721,24
2011-12-24,0.001561821150957772,24
2011-12-25,0.0015847252117146176,24
2011-12-26,0.001560244396874328,24
2011-12-27,0.001546310698282146,24
2011-12-28,0.001552385919294969,24
2011-12-29,0.0015544554684836596,24
2011-12-30,0.0014950423938473415,24
2011-12-31,0.0015339114300651387,24
2012-01-01,0.0015403299914951616,24
2012-01-02,0.0014617143430509347,24
2012-01-03,0.0014517005038515282,24
2012-01-04,0.0015043394656718925,24
2012-01-05,0.0016605061316014096,24
2012-01-06,0.0015341001598224869,24
2012-01-07,0.0014507130809327778,24
2012-01-08,0.0014521715002386735,24
2012-01-09,0.0013731413498803682,24
2012-01-10,0.0013387672123676556,24
2012-01-11,0.0013261871137335874,24
2012-01-12,0.0013137258222774258,24
2012-01-13,0.0013107871658982425,24
2012-01-14,0.0013204447113768184,24
2012-01-15,0.0019626484800536323,24
2012-01-16,0.0013359381569007186,24
2012-01-17,0.0012774752400800833,24
2012-01-18,0.0012501460166145961,24
2012-01-19,0.0012377882453822842,24
2012-01-20,0.0012251522645232674,24
2012-01-21,0.0012122255517109024,24
2012-01-22,0.001243974511095288,24
2012-01-23,0.0012834088024402646,24
2012-01-24,0.0011949359833878298,24
2012-01-25,0.001203133339316577,24
2012-01-26,0.0011958069762079018,24
2012-01-27,0.0011644887068662322,24
2012-01-28,0.0011545201493268693,24
2012-01-29,0.001141760663448739,24
2012-01-30,0.0011396939241151817,24
2012-01-31,0.001164791814401068,24
2012-02-01,0.0011347817626477185,24
2012-02-02,0.0011495259475706068,24
2012-02-03,0.0015046472634621805,24
2012-02-04,0.0024815918168317208,24
2012-02-05,0.0013879787849910103,24
2012-02-06,0.0011621764241956827,24
2012-02-07,0.0011303494310456628,24
2012-02-08,0.0011054222258445228,24
2012-02-09,0.001079742323772615,24
2012-02-10,0.0010776765965226367,24
2012-02-11,0.0010789521923078294,24
2012-02-12,0.0012885502879630849,24
2012-02-13,0.0013330852936649675,24
2012-02-14,0.0011825387797907594,24
2012-02-15,0.0010733149564997942,24
2012-02-16,0.001084682166152611,24
2012-02-17,0.0010390110651749937,24
2012-02-18,0.0010904170182401015,24
2012-02-19,0.0011469740314755618,24
2012-02-20,0.0024663406910424104,24
2012-02-21,0.003908975386719658,24
2012-02-22,0.0015376382118711318,24
2012-02-23,0.0011910386794440097,24
2012-02-24,0.0011383304841939077,24
2012-02-25,0.0011441857006435165,24
2012-02-26,0.0011369996874104145,24
2012-02-27,0.0013396184463016214,24
2012-02-28,0.0013272678795097717,24
2012-02-29,0.001268819414546835,24
2012-03-01,0.0014042357607479603,24
2012-03-02,0.0013951157310007375,24
2012-03-03,0.0017220007395383496,24
2012-03-04,0.004109082650527708,24
2012-03-05,0.0035687520650763693,24
2012-03-06,0.0016602565525133716,24
2012-03-07,0.0019907967658598005,24
2012-03-08,0.0017444897296375191,24
2012-03-09,0.0015752678938505142,24
2012-03-10,0.001698092800789364,24
2012-03-11,0.001362233645808699,24
2012-03-12,0.0015503093705707355,24
2012-03-13,0.001551462099637164,24
2012-03-14,0.0015899288410777324,24
2012-03-15,0.0014990022177849452,24
2012-03-16,0.0016398784382889574,24
2012-03-17,0.0020825778398558107,24
2012-03-18,0.0032332669146928955,24
2012-03-19,0.015051855366414336,24
2012-03-20,0.0067551737741918345,24
2012-03-21,0.0020918438633068083,24
2012-03-22,0.002037156659956281,24
2012-03-23,0.002132948242469561,24
2012-03-24,0.0028169627582655347,24
2012-03-25,0.0036248918567410742,24
2012-03-26,0.004876285499384466,24
2012-03-27,0.002325122719071053,24
2012-03-28,0.0032001441943824717,24
2012-03-29,0.0029523770898287355,24
2012-03-30,0.0033746870036002233,24
2012-03-31,0.0037401006777300445,24
2012-04-01,0.005306604267615957,24
2012-04-02,0.0059222222331941545,24
2012-04-03,0.005974867992026885,24
2012-04-04,0.005627121072197858,24
2012-04-05,0.005807802537350283,24
2012-04-06,0.005609671480112126,24
2012-04-07,0.005862555578217204,24
2012-04-08,0.006281596317172395,24
2012-04-09,0.007564720532519175,24
2012-04-10,0.006892338799600615,24
2012-04-11,0.005706767919204956,24
2012-04-12,0.004831298753924604,24
2012-04-13,0.004072843156765432,24
2012-04-14,0.004077083300615658,24
2012-04-15,0.004168308530909763,24
2012-04-16,0.004853869748111581,24
2012-04-17,0.004662062071737951,24
2012-04-18,0.00495210499418394,24
2012-04-19,0.004788146021671043,24
2012-04-20,0.00835922996303737,24
2012-04-21,0.007454559827039681,24
2012-04-22,0.005499780009577245,24
2012-04-23,0.005825641319618971,24
2012-04-24,0.006765291284763471,24
2012-04-25,0.0073326232294388775,24
2012-04-26,0.009209698777616215,24
2012-04-27,0.010174468624965165,24
2012-04-28,0.01110708180032983,24
2012-04-29,0.009520393700825932,24
2012-04-30,0.007349850873839765,24
2012-05-01,0.006498003523043688,24
2012-05-02,0.006019232508444192,24
2012-05-03,0.007200280356988612,24
2012-05-04,0.008546755478261087,24
2012-05-05,0.010887311974562955,24
2012-05-06,0.018224557541514502,24
2012-05-07,0.013406342812757108,24
2012-05-08,0.02192584769206891,24
2012-05-09,0.025194993036066704,24
2012-05-10,0.028698270908812964,24
2012-05-11,0.02938730294971026,24
2012-05-12,0.01995209413245203,24
2012-05-13,0.017077942187187996,24
2012-05-14,0.019961784166269373,24
2012-05-15,0.026827390601533236,24
2012-05-16,0.029783773973288817,24
2012-05-17,0.027459858739178035,24
2012-05-18,0.03407235390458275,24
2012-05-19,0.033293206312985775,24
2012-05-20,0.03228667160393145,24
2012-05-21,0.030955489884482837,24
2012-05-22,0.026935233713252432,24
2012-05-23,0.024155071609020216,24
2012-05-24,0.02642748929158144,24
2012-05-25,0.03388974587709464,24
2012-05-26,0.038097661827341464,24
2012-05-27,0.031011035529151708,24
2012-05-28,0.03511972417757976,24
2012-05-29,0.04085530015804742,24
2012-05-30,0.04584882263044662,24
2012-05-31,0.051273298675574314,24
2012-06-01,0.052350957025112284,24
2012-06-02,0.04513597793532465,24
2012-06-03,0.04017380430933479,24
2012-06-04,0.041925640838279266,24
2012-06-05,0.044413942729627696,24
2012-06-06,0.04357857405807212,24
2012-06-07,0.04797674917163317,24
2012-06-08,0.049350401124854906,24
2012-06-09,0.04659897787902807,24
2012-06-10,0.04532867634062884,24
2012-06-11,0.05083073756606413,24
2012-06-12,0.05413955487425062,24
2012-06-13,0.06148834276693485,24
2012-06-14,0.0636579400657803,24
2012-06-15,0.0671609157884308,24
2012-06-16,0.06777148780244098,24
2012-06-17,0.07480021025477647,24
2012-06-18,0.07711008043018486,24
2012-06-19,0.08950382338919649,24
2012-06-20,0.08614175006498227,24
2012-06-21,0.09376173096181534,24
2012-06-22,0.10551503671334049,24
2012-06-23,0.10666391229167119,24
2012-06-24,0.10621726347007114,24
2012-06-25,0.09847570985688833,24
2012-06-26,0.08838824845997238,24
2012-06-27,0.07787129684580683,24
2012-06-28,0.08101272530415067,24
2012-06-29,0.08675681848999373,24
2012-06-30,0.09227316980980782,24
2012-07-01,0.09627993021464229,24
2012-07-02,0.10187361756282112,24
2012-07-03,0.10497266470707846,24
2012-07-04,0.1033345000494575,24
2012-07-05,0.09975993190480506,24
2012-07-06,0.09486587076215354,24
2012-07-07,0.09090745853007011,24
2012-07-08,0.0825634154369199,24
2012-07-09,0.08346269730987858,24
2012-07-10,0.08042580982857049,24
2012-07-11,0.07352523991271584,24
2012-07-12,0.07071670770816338,24
2012-07-13,0.06313525404889807,24
2012-07-14,0.05619053152651937,24
2012-07-15,0.05177096781799684,24
2012-07-16,0.04542677889555333,24
2012-07-17,0.03861578814619995,24
2012-07-18,0.03841748543291163,24
2012-07-19,0.0382935688902433,24
2012-07-20,0.03558479843319144,24
2012-07-21,0.03330512385363392,24
2012-07-22,0.03276277333362161,24
2012-07-23,0.03276755476059836,24
2012-07-24,0.03270369738601386,24
2012-07-25,0.031280549189790306,24
2012-07-26,0.028334362312819585,24
2012-07-27,0.02372835430311815,24
2012-07-28,0.018642093786496183,24
2012-07-29,0.0178298150729434,24
2012-07-30,0.01745667609546354,24
2012-07-31,0.018331087635164705,24
2012-08-01,0.019662794642472035,24
2012-08-02,0.02018224298158629,24
2012-08-03,0.02123378914242582,24
2012-08-04,0.028674438242136908,24
2012-08-05,0.019952881193126343,24
2012-08-06,0.015092273343336831,24
2012-08-07,0.012365614209846778,24
2012-08-08,0.009999823225311098,24
2012-08-09,0.009173558057670306,24
2012-08-10,0.010703517851688285,24
2012-08-11,0.013719134694761385,24
2012-08-12,0.01337629815763396,24
2012-08-13,0.01350405445653919,24
2012-08-14,0.01322803453492735,24
2012-08-15,0.016233699121517904,24
2012-08-16,0.021733090765458228,24
2012-08-17,0.01993378258244399,24
2012-08-18,0.013825830834044336,24
2012-08-19,0.013186725175574893,24
2012-08-20,0.013824405575800303,24
2012-08-21,0.013243140493791517,24
2012-08-22,0.013033990842068832,24
2012-08-23,0.014136700767420154,24
2012-08-24,0.013945109828943364,24
2012-08-25,0.015395730139084806,24
2012-08-26,0.023826939621099393,24
2012-08-27,0.014932165260989732,24
2012-08-28,0.012389051095859248,24
2012-08-29,0.011336340168529966,24
2012-08-30,0.009483807912535742,24
2012-08-31,0.0076076753635785825,24
2012-09-01,0.006887947773031032,24
2012-09-02,0.009058425734170619,24
2012-09-03,0.01145407627657342,24
2012-09-04,0.012624226141823928,24
2012-09-05,0.016142518116979105,24
2012-09-06,0.017479309405567724,24
2012-09-07,0.02093442011287315,24
2012-09-08,0.023096501050583324,24
2012-09-09,0.020407999387202287,24
2012-09-10,0.017324084776385106,24
2012-09-11,0.012845283964543926,24
2012-09-12,0.010524773124009939,24
2012-09-13,0.0108053072424345,24
2012-09-14,0.012010642805904215,24
2012-09-15,0.008456598319725107,24
2012-09-16,0.008626090981584093,24
2012-09-17,0.02960328298396469,24
2012-09-18,0.016850354175498808,24
2012-09-19,0.008603264527821794,24
2012-09-20,0.007742184283735977,24
2012-09-21,0.008665896379530877,24
2012-09-22,0.009637904301500543,24
2012-09-23,0.008091153978404852,24
2012-09-24,0.00766843336149918,24
2012-09-25,0.007946971122016106,24
2012-09-26,0.008230427490753265,24
2012-09-27,0.007783348547195437,24
2012-09-28,0.006711283974422338,24
2012-09-29,0.0068683161176407576,24
2012-09-30,0.006843411545453284,24
2012-10-01,0.005713544894577092,24
2012-10-02,0.005713138394693248,24
2012-10-03,0.006216760603672408,24
2012-10-04,0.005787935781149025,24
2012-10-05,0.005376698742198244,24
2012-10-06,0.0055506856834630644,24
2012-10-07,0.0056133892759858825,24
2012-10-08,0.005071228398589321,24
2012-10-09,0.0050319304975362045,24
2012-10-10,0.006718638537475879,24
2012-10-11,0.006718339635680953,24
2012-10-12,0.005237848824894874,24
2012-10-13,0.0054719728963277025,24
2012-10-14,0.005507768123311916,24
2012-10-15,0.005856213668109463,24
2012-10-16,0.006503023323268539,24
2012-10-17,0.005904675251043307,24
2012-10-18,0.005256940338303335,24
2012-10-19,0.0054029406461104336,24
2012-10-20,0.004833650136733147,24
2012-10-21,0.004790404093117036,24
2012-10-22,0.0039909895990867215,24
2012-10-23,0.003990405144056052,24
2012-10-24,0.003974462368371649,24
2012-10-25,0.003938811844608531,24
2012-10-26,0.0038398011291963462,24
2012-10-27,0.003918810775350745,24
2012-10-28,0.00418381005786653,24
2012-10-29,0.0044171968089179855,24
2012-10-30,0.0040960054719877395,24
2012-10-31,0.004221703446648549,24
2012-11-01,0.004165336895370855,24
2012-11-02,0.004112631329930041,24
2012-11-03,0.003910769992858531,24
2012-11-04,0.0037687409422662763,24
2012-11-05,0.0036448851615822463,24
2012-11-06,0.003828977211353618,24
2012-11-07,0.0035256006911482235,24
2012-11-08,0.0034490420562026266,24
2012-11-09,0.0034043507009748225,24
2012-11-10,0.0035819340668763163,24
2012-11-11,0.003634928100787157,24
2012-11-12,0.003584868496740805,24
2012-11-13,0.0035178878319543625,24
2012-11-14,0.0032941686034573085,24
2012-11-15,0.0031639322283215547,24
2012-11-16,0.0034820625264812438,24
2012-11-17,0.003606406867048039,24
2012-11-18,0.0034146440192816705,24
2012-11-19,0.00334166230118069,24
2012-11-20,0.0031023851101799472,24
2012-11-21,0.0030840063204011035,24
2012-11-22,0.00341834771075567,24
2012-11-23,0.0029761228408391573,24
2012-11-24,0.0028839010015411404,24
2012-11-25,0.0027614883109343064,24
2012-11-26,0.002726342668171961,24
2012-11-27,0.0027157119276895987,24
2012-11-28,0.0030297252436123972,24
2012-11-29,0.0026037992560775645,24
2012-11-30,0.002339479007173317,24
2012-12-01,0.00227245954445616,24
2012-12-02,0.0022496618673696275,24
2012-12-03,0.002178729276303968,24
2012-12-04,0.002157703038941881,24
2012-12-05,0.0021853391850936606,24
2012-12-06,0.0021562090452939076,24
2012-12-07,0.002133831979055666,24
2012-12-08,0.0021654765225898195,24
2012-12-09,0.002011754594567654,24
2012-12-10,0.0019880116427266853,24
2012-12-11,0.0019767599023421617,24
2012-12-12,0.0019338397520176408,24
2012-12-13,0.002164137819683371,24
2012-12-14,0.0021748870329714705,24
2012-12-15,0.0020682309043972345,24
2012-12-16,0.0019799926507243454,24
2012-12-17,0.0018620215182643923,24
2012-12-18,0.0019051005993486621,24
2012-12-19,0.0017999363612334997,24
2012-12-20,0.0017619435669682909,24
2012-12-21,0.0017398337535481007,24
2012-12-22,0.0017215891533977703,24
2012-12-23,0.0017032776429797751,24
2012-12-24,0.0017105877521431622,24
2012-12-25,0.0016706522090771756,24
2012-12-26,0.001652467302627395,24
2012-12-27,0.001798950349843716,24
2012-12-28,0.002553446127183987,24
2012-12-29,0.0017797870943113369,24
2012-12-30,0.0016094838433881027,24
2012-12-31,0.0015770024286025919,24
2013-01-01,0.0015581370211860987,24
2013-01-02,0.0015360242250445518,24
2013-01-03,0.0015183976504019201,24
2013-01-04,0.001498406910244041,24
2013-01-05,0.0014803288902309046,24
2013-01-06,0.001466254555844829,24
2013-01-07,0.0014478841215383239,24
2013-01-08,0.0014351369386125356,24
2013-01-09,0.0014372927665569906,24
2013-01-10,0.001415137783528435,24
2013-01-11,0.0014282810509220728,24
2013-01-12,0.002196542443186402,24
2013-01-13,0.0014400434046957281,24
2013-01-14,0.0013746022178139062,24
2013-01-15,0.001363112518901412,24
2013-01-16,0.0013848716137234965,24
2013-01-17,0.0016175261365151507,24
2013-01-18,0.0013869685651938639,24
2013-01-19,0.0013289664962317625,24
2013-01-20,0.001300971836288568,24
2013-01-21,0.0012860644181969538,24
2013-01-22,0.0012713631735487797,24
2013-01-23,0.0012947403459807876,24
2013-01-24,0.0012570530212453201,24
2013-01-25,0.0012404304652066718,24
2013-01-26,0.0012251618642088462,24
2013-01-27,0.0012091164132818379,24
2013-01-28,0.0011970941020426477,24
2013-01-29,0.0011807696665095838,24
2013-01-30,0.0011671509239475416,24
2013-01-31,0.0012351346807719795,24
2013-02-01,0.0011594662247666335,24
2013-02-02,0.0012157305766874855,24
2013-02-03,0.0018713925358866377,24
2013-02-04,0.011978113787576952,24
2013-02-05,0.007900385344463825,24
2013-02-06,0.0015733732634569508,24
2013-02-07,0.0012004104553734614,24
2013-02-08,0.001184578850166868,24
2013-02-09,0.0011924947044707906,24
2013-02-10,0.0012062387782092857,24
2013-02-11,0.0012184405876703689,24
2013-02-12,0.0012678904327907954,24
2013-02-13,0.0012567843320552916,24
2013-02-14,0.001493374540764567,24
2013-02-15,0.002104751239194798,24
2013-02-16,0.0015361562973222533,24
2013-02-17,0.0014055783326312357,24
2013-02-18,0.0013733059643887661,24
2013-02-19,0.001341164711769681,24
2013-02-20,0.0014456946021187429,24
2013-02-21,0.0013473206101958092,24
2013-02-22,0.003018892569996078,24
2013-02-23,0.001567474718404297,24
2013-02-24,0.0012845943497088708,24
2013-02-25,0.0013232778551971788,24
2013-02-26,0.0017751909494389741,24
2013-02-27,0.007611619349718265,24
2013-02-28,0.0021857484496347486,24
2013-03-01,0.0014584135908956737,24
2013-03-02,0.0014603567461516638,24
2013-03-03,0.0014902660961500086,24
2013-03-04,0.0015689511216301982,24
2013-03-05,0.0016195283297580569,24
2013-03-06,0.0016835985838564757,24
2013-03-07,0.0017588096591713532,24
2013-03-08,0.0020330566334573054,24
2013-03-09,0.004728482784352814,24
2013-03-10,0.002409171151488689,24
2013-03-11,0.0020326355212744816,24
2013-03-12,0.0020032110348830886,24
2013-03-13,0.0037327914724763376,24
2013-03-14,0.005768927582486956,24
2013-03-15,0.0021499095283685895,24
2013-03-16,0.002063918115846549,24
2013-03-17,0.002687484165660699,24
2013-03-18,0.0027147271073232697,24
2013-03-19,0.002805664131484661,24
2013-03-20,0.0033340011508960475,24
2013-03-21,0.003928921652965202,24
2013-03-22,0.0027529770589782183,24
2013-03-23,0.0034101566953217474,24
2013-03-24,0.004632319410300804,24
2013-03-25,0.0030679171198890877,24
2013-03-26,0.002839060100697168,24
2013-03-27,0.0030573626738221423,24
2013-03-28,0.003263101233458044,24
2013-03-29,0.0038564974771928087,24
2013-03-30,0.003835717620189193,24
2013-03-31,0.0038367721270862265,24
2013-04-01,0.004031109339486984,24
2013-04-02,0.004584261926044475,24
2013-04-03,0.004179628235475037,24
2013-04-04,0.0031847058501773716,24
2013-04-05,0.0032461977285796265,24
2013-04-06,0.0032448839642681333,24
2013-04-07,0.0030899362160483547,24
2013-04-08,0.0037238833856705444,24
2013-04-09,0.004846503196891651,24
2013-04-10,0.004971087310345212,24
2013-04-11,0.00498220373847119,24
2013-04-12,0.00490968576510898,24
2013-04-13,0.005431510098307985,24
2013-04-14,0.005801822003420348,24
2013-04-15,0.00646083657798047,24
2013-04-16,0.006718786640189802,24
2013-04-17,0.003635761161104423,24
2013-04-18,0.003477311713094441,24
2013-04-19,0.004322571691569321,24
2013-04-20,0.00352430415642597,24
2013-04-21,0.004179771879051277,24
2013-04-22,0.004150231129351482,24
2013-04-23,0.005395912196287233,24
2013-04-24,0.007435745957008487,24
2013-04-25,0.007988126991142848,24
2013-04-26,0.007513363255480932,24
2013-04-27,0.007424448503612917,24
2013-04-28,0.007111256075151012,24
2013-04-29,0.009517143917108162,24
2013-04-30,0.008164164948883805,24
2013-05-01,0.007032962791130065,24
2013-05-02,0.005756063544001581,24
2013-05-03,0.006653948773690999,24
2013-05-04,0.008314076602549505,24
2013-05-05,0.008560491591801151,24
2013-05-06,0.00822773565261152,24
2013-05-07,0.009337696396907166,24
2013-05-08,0.011515585709189882,24
2013-05-09,0.012494746193796284,24
2013-05-10,0.013707461632543995,24
2013-05-11,0.01838636249263801,24
2013-05-12,0.017571657418744953,24
2013-05-13,0.017419751856460112,24
2013-05-14,0.0167496914786876,24
2013-05-15,0.01571820524328013,24
2013-05-16,0.01589095179784513,24
2013-05-17,0.0186356642157515,24
2013-05-18,0.02232063024887669,24
2013-05-19,0.027320919040920055,24
2013-05-20,0.03565122587481074,24
2013-05-21,0.034126150065763285,24
2013-05-22,0.03557210553302255,24
2013-05-23,0.03559001657721847,24
2013-05-24,0.0393236179801543,24
2013-05-25,0.05044171337025079,24
2013-05-26,0.050751513956089234,24
2013-05-27,0.03225328228938707,24
2013-05-28,0.020023244399769876,24
2013-05-29,0.017612782533922334,24
2013-05-30,0.021970620346966927,24
2013-05-31,0.027970567482777757,24
2013-06-01,0.037285356491024955,24
2013-06-02,0.05190404026599113,24
2013-06-03,0.07294256805276603,24
2013-06-04,0.08682687824178213,24
2013-06-05,0.08745478132021903,24
2013-06-06,0.08348375590267264,24
2013-06-07,0.08092463700661279,24
2013-06-08,0.08264058238600068,24
2013-06-09,0.0933235351701397,24
2013-06-10,0.10651471874460136,24
2013-06-11,0.10927046248153235,24
2013-06-12,0.10255117546663016,24
2013-06-13,0.10961822939621829,24
2013-06-14,0.10312757861111703,24
2013-06-15,0.06254412041176519,24
2013-06-16,0.04048921694929794,24
2013-06-17,0.03471723275428815,24
2013-06-18,0.04080040838538858,24
2013-06-19,0.04290747827668289,24
2013-06-20,0.05044151238124067,24
2013-06-21,0.066840444110781,24
2013-06-22,0.08663327709818854,24
2013-06-23,0.09936332987188397,24
2013-06-24,0.10996249961733243,24
2013-06-25,0.1182412651440493,24
2013-06-26,0.12316309168410758,24
2013-06-27,0.11298132895172197,24
2013-06-28,0.12084345752105562,24
2013-06-29,0.11258578943974473,24
2013-06-30,0.10447057824663399,24
2013-07-01,0.09427732324858755,24
2013-07-02,0.08230467265212706,24
2013-07-03,0.08788964989878005,24
2013-07-04,0.08638181944390153,24
2013-07-05,0.08601706994062347,24
2013-07-06,0.08727027884200002,24
2013-07-07,0.09049785613004913,24
2013-07-08,0.08712777862639466,24
2013-07-09,0.06957854430655169,24
2013-07-10,0.05802876205279558,24
2013-07-11,0.0593337012324133,24
2013-07-12,0.05454868874386567,24
2013-07-13,0.04922697292382393,24
2013-07-14,0.04801470111691314,24
2013-07-15,0.04770862492696518,24
2013-07-16,0.054957440996237235,24
2013-07-17,0.052529490508142616,24
2013-07-18,0.04965879315142797,24
2013-07-19,0.04770520619807963,24
2013-07-20,0.04737829866103325,24
2013-07-21,0.04623792137617161,24
2013-07-22,0.04281250150487494,24
2013-07-23,0.038577907037404206,24
2013-07-24,0.03695305505810223,24
2013-07-25,0.03063931625364971,24
2013-07-26,0.025686409215439777,24
2013-07-27,0.02433765252909826,24
2013-07-28,0.022793862815260954,24
2013-07-29,0.021716133646677373,24
2013-07-30,0.02294696977615933,24
2013-07-31,0.020959889502976517,24
2013-08-01,0.02641460619924247,24
2013-08-02,0.03164558757263316,24
2013-08-03,0.02943001069340307,24
2013-08-04,0.028329068628496826,24
2013-08-05,0.02174077519550538,24
2013-08-06,0.018759060308580544,24
2013-08-07,0.0172042862901321,24
2013-08-08,0.01559244636779681,24
2013-08-09,0.013123376245605731,24
2013-08-10,0.013063739055800296,24
2013-08-11,0.016384795477615507,24
2013-08-12,0.016970722777077445,24
2013-08-13,0.046296955496486124,24
2013-08-14,0.10429752068955586,24
2013-08-15,0.031558534712978675,24
2013-08-16,0.02222115893356571,24
2013-08-17,0.02338387398928733,24
2013-08-18,0.018837963595473958,24
2013-08-19,0.020411890656210904,24
2013-08-20,0.016612126760916324,24
2013-08-21,0.013446146229625955,24
2013-08-22,0.012743380481640261,24
2013-08-23,0.011629717547242392,24
2013-08-24,0.014673255667814685,24
2013-08-25,0.01553134590499666,24
2013-08-26,0.010598156230378778,24
2013-08-27,0.010131093114329043,24
2013-08-28,0.011373906586335851,24
2013-08-29,0.01616962124060199,24
2013-08-30,0.014095719476546349,24
2013-08-31,0.010906787273096245,24
2013-09-01,0.010936293332669583,24
2013-09-02,0.010090415786390819,24
2013-09-03,0.009723118217328486,24
2013-09-04,0.008827653884609996,24
2013-09-05,0.007391541867397068,24
2013-09-06,0.006111162659774718,24
2013-09-07,0.005740741780625933,24
2013-09-08,0.0071065718722200895,24
2013-09-09,0.007693713473314254,24
2013-09-10,0.007016507480581618,24
2013-09-11,0.00656176506229901,24
2013-09-12,0.00941787501945353,24
2013-09-13,0.01136589607467254,24
2013-09-14,0.008901489524588751,24
2013-09-15,0.00892729606741039,24
2013-09-16,0.008277639731567867,24
2013-09-17,0.006575755353715221,24
2013-09-18,0.005948562569499411,24
2013-09-19,0.005301980530994681,24
2013-09-20,0.004995081956637956,24
2013-09-21,0.004984310312395874,24
2013-09-22,0.004795147038780053,24
2013-09-23,0.005447183615659506,24
2013-09-24,0.0054742098760866605,24
2013-09-25,0.004642190355287042,24
2013-09-26,0.00438570359023624,24
2013-09-27,0.0045236528522793334,24
2013-09-28,0.006546076604886909,24
2013-09-29,0.005409631182184566,24
2013-09-30,0.005202434132267992,24
2013-10-01,0.0055413701789703024,24
2013-10-02,0.005168816105540079,24
2013-10-03,0.004584680477038588,24
2013-10-04,0.004224027174238839,24
2013-10-05,0.004112178293009962,24
2013-10-06,0.004050795020533012,24
2013-10-07,0.004006366310379547,24
2013-10-08,0.003998844889723579,24
2013-10-09,0.0040286416021619855,24
2013-10-10,0.00446291296802363,24
2013-10-11,0.00450818403304942,24
2013-10-12,0.0051945425798969715,24
2013-10-13,0.005845649977813663,24
2013-10-14,0.005244598872271795,24
2013-10-15,0.00455168048679317,24
2013-10-16,0.00464380550642402,24
2013-10-17,0.004946474296015504,24
2013-10-18,0.00453463324667384,24
2013-10-19,0.004043922324409649,24
2013-10-20,0.004007397874297787,24
2013-10-21,0.003990767371190087,24
2013-10-22,0.004037700518228896,24
2013-10-23,0.004210058726171864,24
2013-10-24,0.004374259240842584,24
2013-10-25,0.003971226440318373,24
2013-10-26,0.004003569194630925,24
2013-10-27,0.004195565951349601,24
2013-10-28,0.003547006266222557,24
2013-10-29,0.0036979144656614647,24
2013-10-30,0.004180885042187643,24
2013-10-31,0.003806968411379051,24
2013-11-01,0.0033961717650759595,24
2013-11-02,0.00315712828711721,24
2013-11-03,0.0032621750875543015,24
2013-11-04,0.003245932167245341,24
2013-11-05,0.003633002803464738,24
2013-11-06,0.0038193312568446935,24
2013-11-07,0.0036873307955013683,24
2013-11-08,0.0030740078516564378,24
2013-11-09,0.0028363289187806466,24
2013-11-10,0.0027426843521462262,24
2013-11-11,0.0027515065401173826,24
2013-11-12,0.002606017702619169,24
2013-11-13,0.002610594074119981,24
2013-11-14,0.002544805404114417,24
2013-11-15,0.002523268041923501,24
2013-11-16,0.002543013571774247,24
2013-11-17,0.0025575230489251785,24
2013-11-18,0.002551376985859361,24
2013-11-19,0.0027663753139667243,24
2013-11-20,0.0026400129074637037,24
2013-11-21,0.002583614199098821,24
2013-11-22,0.0026567892281208817,24
2013-11-23,0.002875981674872015,24
2013-11-24,0.0029552054605790253,24
2013-11-25,0.0028311745244660245,24
2013-11-26,0.00255964162532961,24
2013-11-27,0.0025490297502753123,24
2013-11-28,0.002484084689864323,24
2013-11-29,0.002344123987618954,24
2013-11-30,0.0023051318448545433,24
2013-12-01,0.0024014833747713453,24
2013-12-02,0.0022930041181225525,24
2013-12-03,0.002240800606563244,24
2013-12-04,0.0021013078372065968,24
2013-12-05,0.0021887686641459798,24
2013-12-06,0.0023588538600179294,24
2013-12-07,0.002371705209246419,24
2013-12-08,0.0025797599904260446,24
2013-12-09,0.002199699261498942,24
2013-12-10,0.0020174494066680622,24
2013-12-11,0.0020664557752484826,24
2013-12-12,0.001935503305355401,24
2013-12-13,0.0018999503287670072,24
2013-12-14,0.0018558454442357494,24
2013-12-15,0.0021314622369170647,24
2013-12-16,0.0023651752326371268,24
2013-12-17,0.0022458776636503602,24
2013-12-18,0.0019335630939626973,24
2013-12-19,0.0017326865410588193,24
2013-12-20,0.0017820233444265136,24
2013-12-21,0.0016971254110853065,24
2013-12-22,0.0017585525705995269,24
2013-12-23,0.0015916091315271328,24
2013-12-24,0.0017850210103402889,24
2013-12-25,0.0016966001543038578,24
2013-12-26,0.0016095993263410431,24
2013-12-27,0.0015553436513557157,24
2013-12-28,0.0014738347584971063,24
2013-12-29,0.0014395481509953468,24
2013-12-30,0.0014288468519713302,24
2013-12-31,0.0014520400948604976,24
2014-01-01,0.001480162299864642,24
2014-01-02,0.001502112753916062,24
2014-01-03,0.001513844082139975,24
2014-01-04,0.0014456765246204219,24
2014-01-05,0.0014564668662130518,24
2014-01-06,0.0013589340977924976,24
2014-01-07,0.0012995907356955164,24
2014-01-08,0.001325886017282429,24
2014-01-09,0.0014425993789503155,24
2014-01-10,0.0013078318558874564,24
2014-01-11,0.0012707586707491356,24
2014-01-12,0.001320288565925189,24
2014-01-13,0.0013036432622191916,24
2014-01-14,0.0012724073455108822,24
2014-01-15,0.001233326531326949,24
2014-01-16,0.0012164410555366013,24
2014-01-17,0.00121097437312265,24
2014-01-18,0.001192161934291533,24
2014-01-19,0.001170921248295108,24
2014-01-20,0.0011713170754644626,24
2014-01-21,0.0011898283078257096,24
2014-01-22,0.0012675771179480586,24
2014-01-23,0.0011839399286002205,24
2014-01-24,0.0011299518176440043,24
2014-01-25,0.0011137066537247541,24
2014-01-26,0.001107021280021905,24
2014-01-27,0.0010882988388006588,24
2014-01-28,0.0010788578397416691,24
2014-01-29,0.0010712720536237143,24
2014-01-30,0.0010707775411683213,24
2014-01-31,0.0011023554706487404,24
2014-02-01,0.001104940220952688,24
2014-02-02,0.0012794323523688516,24
2014-02-03,0.001983663292348358,24
2014-02-04,0.0013219644620737852,24
2014-02-05,0.0013132412492077087,24
2014-02-06,0.0012831298531770432,24
2014-02-07,0.001201459517037217,24
2014-02-08,0.0010392168888269419,24
2014-02-09,0.0010060626763119518,24
2014-02-10,0.0010011629522088195,24
2014-02-11,0.0010007584480168587,24
2014-02-12,9.8978001976971E-4,24
2014-02-13,9.842702633459436E-4,24
2014-02-14,0.001010692393896229,24
2014-02-15,0.0010170902557971406,24
2014-02-16,9.874456882369457E-4,24
2014-02-17,9.772333910153513E-4,24
2014-02-18,9.794494082723023E-4,24
2014-02-19,9.831211419309256E-4,24
2014-02-20,0.0010941606447579957,24
2014-02-21,0.0010743628892212296,24
2014-02-22,0.0011056206674010761,24
2014-02-23,0.0010434369374777107,24
2014-02-24,0.0010541068153820782,24
2014-02-25,0.001091747195811541,24
2014-02-26,0.001066847572109594,24
2014-02-27,0.0013035180836802776,24
2014-02-28,0.0010900962908327444,24
2014-03-01,0.0011400575147488198,24
2014-03-02,0.001110941586676036,24
2014-03-03,0.0010582522066792455,24
2014-03-04,0.0012668876767701553,24
2014-03-05,0.0011215305910112696,24
2014-03-06,0.0010330434383572552,24
2014-03-07,0.0010398309149314412,24
2014-03-08,0.0011490213030086421,24
2014-03-09,0.0024423504788699557,24
2014-03-10,0.00607621571131505,24
2014-03-11,0.0060879295308852,24
2014-03-12,0.0014389111919002023,24
2014-03-13,0.0011261608611901565,24
2014-03-14,0.0014837726579117745,24
2014-03-15,0.0035513582350068158,24
2014-03-16,0.004811734692336951,24
2014-03-17,0.011674710553553519,24
2014-03-18,0.004170597712225337,24
2014-03-19,0.0015822586908549627,24
2014-03-20,0.0014579078161844601,24
2014-03-21,0.001965228944657462,24
2014-03-22,0.0020494847543271856,24
2014-03-23,0.0019457880771486188,24
2014-03-24,0.004690691624506575,24
2014-03-25,0.004139875985776287,24
2014-03-26,0.0020047655078369838,24
2014-03-27,0.0019506025880102764,24
2014-03-28,0.003533316534355267,24
2014-03-29,0.003114677252130163,24
2014-03-30,0.0021993047022431556,24
2014-03-31,0.0021605164957595553,24
2014-04-01,0.002290407269897379,24
2014-04-02,0.002234720680121162,24
2014-04-03,0.003037855930223359,24
2014-04-04,0.0030808107035268473,24
2014-04-05,0.0036820083912330833,24
2014-04-06,0.005725931531364274,24
2014-04-07,0.004153724686277046,24
2014-04-08,0.0030478830395246643,24
2014-04-09,0.0027804401848666627,24
2014-04-10,0.002975350542536065,24
2014-04-11,0.0033806107318230913,24
2014-04-12,0.0031220002858832786,24
2014-04-13,0.004056996659796093,24
2014-04-14,0.0029466741514142156,24
2014-04-15,0.003374555437677516,24
2014-04-16,0.0038492365699355473,24
2014-04-17,0.004317003383629127,24
2014-04-18,0.0035403668925986344,24
2014-04-19,0.0032594323498526426,24
2014-04-20,0.002630788740088673,24
2014-04-21,0.0025504992389142147,24
2014-04-22,0.003923226468735931,24
2014-04-23,0.004121211380607953,24
2014-04-24,0.004313036481503661,24
2014-04-25,0.005714142280440938,24
2014-04-26,0.0052232840195339135,24
2014-04-27,0.005005412486146778,24
2014-04-28,0.005749824007241231,24
2014-04-29,0.0068626881191251815,24
2014-04-30,0.006923714949213323,24
2014-05-01,0.00894556059476527,24
2014-05-02,0.010213143861861685,24
2014-05-03,0.011181630503872352,24
2014-05-04,0.01639167467309175,24
2014-05-05,0.017869279739071542,24
2014-05-06,0.025330878673275478,24
2014-05-07,0.030878330065728717,24
2014-05-08,0.03858807540636247,24
2014-05-09,0.04989963281890658,24
2014-05-10,0.052252978764738243,24
2014-05-11,0.044331660960725494,24
2014-05-12,0.027284578306499715,24
2014-05-13,0.01710154396293921,24
2014-05-14,0.009066627722913246,24
2014-05-15,0.0101658579930412,24
2014-05-16,0.013796958682164552,24
2014-05-17,0.023403592947939603,24
2014-05-18,0.04318007083039795,24
2014-05-19,0.05159293209664966,24
2014-05-20,0.04708922843170124,24
2014-05-21,0.04488742899353943,24
2014-05-22,0.030653779316208045,24
2014-05-23,0.021226132186006833,24
2014-05-24,0.020391426230223733,24
2014-05-25,0.02428699206169455,24
2014-05-26,0.0355599548963463,24
2014-05-27,0.0445861158902691,24
2014-05-28,0.0509346684136214,24
2014-05-29,0.06180870462209298,24
2014-05-30,0.05778312766596981,24
2014-05-31,0.049164052285873706,24
2014-06-01,0.035697602129427096,24
2014-06-02,0.027611284930836325,24
2014-06-03,0.032736319818873184,24
2014-06-04,0.04543599077574865,24
2014-06-05,0.05533045556252124,24
2014-06-06,0.06562117014788588,24
2014-06-07,0.07414844015124757,24
2014-06-08,0.07320581871865775,24
2014-06-09,0.06925488449945176,24
2014-06-10,0.060965127953526786,24
2014-06-11,0.05911945881509164,24
2014-06-12,0.062943681525651,24
2014-06-13,0.06625674803687091,24
2014-06-14,0.0758358715300187,24
2014-06-15,0.08328761999700267,24
2014-06-16,0.08921881439621118,24
2014-06-17,0.09094250635337592,24
2014-06-18,0.08859204113953291,24
2014-06-19,0.10390313051913658,24
2014-06-20,0.09552373714550151,24
2014-06-21,0.09389543729843096,24
2014-06-22,0.08465551920314641,24
2014-06-23,0.08191457592736144,24
2014-06-24,0.07898229430150043,24
2014-06-25,0.08117354619357763,24
2014-06-26,0.0845818534388549,24
2014-06-27,0.0944651033052507,24
2014-06-28,0.09569800982781498,24
2014-06-29,0.0962411103279233,24
2014-06-30,0.09899821140144466,24
2014-07-01,0.09399327244611698,24
2014-07-02,0.09484522393949019,24
2014-07-03,0.07578831361261484,24
2014-07-04,0.07137208509368748,24
2014-07-05,0.05498061991008639,24
2014-07-06,0.05529951648095964,24
2014-07-07,0.053117699104003324,24
2014-07-08,0.04818217779876291,24
2014-07-09,0.046162922493047404,24
2014-07-10,0.05285008917507381,24
2014-07-11,0.057112054570701384,24
2014-07-12,0.06138291422618642,24
2014-07-13,0.06062022076712677,24
2014-07-14,0.05864718008876312,24
2014-07-15,0.057267960445149695,24
2014-07-16,0.05863437535182956,24
2014-07-17,0.06130039117958152,24
2014-07-18,0.03787258794221748,24
2014-07-19,0.03114686729933326,24
2014-07-20,0.028507059226064457,24
2014-07-21,0.026233752381940055,24
2014-07-22,0.027492935811814497,24
2014-07-23,0.031385758051082374,24
2014-07-24,0.03194004040014876,24
2014-07-25,0.034266543186601175,24
2014-07-26,0.028073404354830914,24
2014-07-27,0.026642207339669096,24
2014-07-28,0.02557548159918042,24
2014-07-29,0.0233157851525767,24
2014-07-30,0.0257572947463434,24
2014-07-31,0.020957894464460527,24
2014-08-01,0.0203399289210719,24
2014-08-02,0.01899154050550743,24
2014-08-03,0.01702071606848113,24
2014-08-04,0.013106282322602174,24
2014-08-05,0.011460854589438827,24
2014-08-06,0.011791998061979713,24
2014-08-07,0.01247360664814286,24
2014-08-08,0.016307549696823603,24
2014-08-09,0.015666010170533217,24
2014-08-10,0.010417448022033567,24
2014-08-11,0.008626388058997654,24
2014-08-12,0.00994888570688226,24
2014-08-13,0.011342198347765953,24
2014-08-14,0.010470505801795092,24
2014-08-15,0.015728106828206818,24
2014-08-16,0.019340640210376445,24
2014-08-17,0.011203813689420248,24
2014-08-18,0.007883259573108337,24
2014-08-19,0.006185326143779975,24
2014-08-20,0.005410835861011429,24
2014-08-21,0.005008784596716531,24
2014-08-22,0.005089874732999218,24
2014-08-23,0.006035278382149785,24
2014-08-24,0.00715349104728866,24
2014-08-25,0.008081017525326887,24
2014-08-26,0.010790085830143535,24
2014-08-27,0.010390234435723436,24
2014-08-28,0.008925116761064892,24
2014-08-29,0.009942758915029715,24
2014-08-30,0.008703381051680954,24
2014-08-31,0.007548369860529224,24
2014-09-01,0.007614763224235752,24
2014-09-02,0.011096501926388913,24
2014-09-03,0.015263055053134175,24
2014-09-04,0.030773481139274795,24
2014-09-05,0.042705082907692746,24
2014-09-06,0.020478785790296772,24
2014-09-07,0.014631701617079624,24
2014-09-08,0.01343984655922788,24
2014-09-09,0.013552560028270955,24
2014-09-10,0.013501070907629092,24
2014-09-11,0.014096437246252959,24
2014-09-12,0.014950357987927852,24
2014-09-13,0.013358568243561348,24
2014-09-14,0.012450281418970836,24
2014-09-15,0.010261962292469333,24
2014-09-16,0.008325131914576716,24
2014-09-17,0.008435070735276247,24
2014-09-18,0.008175783563144112,24
2014-09-19,0.008787054758085847,24
2014-09-20,0.009061622653530312,24
2014-09-21,0.008495978891049649,24
2014-09-22,0.006594212846061403,24
2014-09-23,0.0061384792261780395,24
2014-09-24,0.006713606079826321,24
2014-09-25,0.008978466970210989,24
2014-09-26,0.006541066546086096,24
2014-09-27,0.006142152740575829,24
2014-09-28,0.006065626243053191,24
2014-09-29,0.00551298670794153,24
2014-09-30,0.005018861152669015,24
2014-10-01,0.004798500552924699,24
2014-10-02,0.00500505227470157,24
2014-10-03,0.0049096367958923835,24
2014-10-04,0.0053006917724761,24
2014-10-05,0.006535501236119092,24
2014-10-06,0.0069577990381447284,24
2014-10-07,0.007090770617520385,24
2014-10-08,0.008107994261506038,24
2014-10-09,0.006155479450000094,24
2014-10-10,0.005587037782794769,24
2014-10-11,0.005302261471016518,24
2014-10-12,0.005064613563784549,24
2014-10-13,0.005510177598749078,24
2014-10-14,0.006516649429014358,24
2014-10-15,0.0063639386740546346,24
2014-10-16,0.005377152892267305,24
2014-10-17,0.005170794074414784,24
2014-10-18,0.004889077597281796,24
2014-10-19,0.005992094219502036,24
2014-10-20,0.005314723548729705,24
2014-10-21,0.004641128322195075,24
2014-10-22,0.004877890309281113,24
2014-10-23,0.005025390782258615,24
2014-10-24,0.00548526336301433,24
2014-10-25,0.004754432607439754,24
2014-10-26,0.004280071444004237,24
2014-10-27,0.004351167529958698,24
2014-10-28,0.00466724844977333,24
2014-10-29,0.004426462670626694,24
2014-10-30,0.004195637413103395,24
2014-10-31,0.0038036074651340585,24
2014-11-01,0.0039038318703433863,24
2014-11-02,0.003819556550802755,24
2014-11-03,0.004005512483936368,24
2014-11-04,0.004220140998781323,24
2014-11-05,0.004107481953492494,24
2014-11-06,0.00473194381257859,24
2014-11-07,0.005115278296008034,24
2014-11-08,0.0033170926182786126,24
2014-11-09,0.0030835377937422077,24
2014-11-10,0.0029849631921405775,24
2014-11-11,0.002977685591338148,24
2014-11-12,0.0029477280220186215,24
2014-11-13,0.0029469881259997998,24
2014-11-14,0.0029390576355359547,24
2014-11-15,0.002900938564446893,24
2014-11-16,0.0028660376536507534,24
2014-11-17,0.0028199268674534714,24
2014-11-18,0.002822601894110578,24
2014-11-19,0.0028369439511887746,24
2014-11-20,0.002796042646908137,24
2014-11-21,0.0027616484703893067,24
2014-11-22,0.002701669650844299,24
2014-11-23,0.002624207147356867,24
2014-11-24,0.002711766248010246,24
2014-11-25,0.002968502981427359,24
2014-11-26,0.0027175070703521066,24
2014-11-27,0.0028403115369946435,24
2014-11-28,0.002666822355093272,24
2014-11-29,0.0026181671849616955,24
2014-11-30,0.0026767493945702744,24
2014-12-01,0.0025095347317587824,24
2014-12-02,0.0026957503297992042,24
2014-12-03,0.002654832785521803,24
2014-12-04,0.0024861366450285084,24
2014-12-05,0.002548708951661426,24
2014-12-06,0.00230990997794704,24
2014-12-07,0.002389790714556576,24
2014-12-08,0.0023983543979870007,24
2014-12-09,0.0023145234981419046,24
2014-12-10,0.0022358448667226297,24
2014-12-11,0.002150296545831137,24
2014-12-12,0.0021729977850416843,24
2014-12-13,0.002178672688514162,24
2014-12-14,0.0022637718436192764,24
2014-12-15,0.0021827410507247852,24
2014-12-16,0.0021028471825738724,24
2014-12-17,0.0021160226779858827,24
2014-12-18,0.0021355098779908713,24
2014-12-19,0.002074286447303311,24
2014-12-20,0.0019545484794345797,24
2014-12-21,0.0019464306834472364,24
2014-12-22,0.001965066064054331,24
2014-12-23,0.002011049115526096,24
2014-12-24,0.0019451793262196915,24
2014-12-25,0.0019500760889131744,24
2014-12-26,0.0018400451485468588,24
2014-12-27,0.0018007123542911204,24
2014-12-28,0.0017916050036910314,24
2014-12-29,0.001774744967885244,24
2014-12-30,0.0017560140133569802,24
2014-12-31,0.0017455123439874304,24
2015-01-01,0.0017284138059205857,24
2015-01-02,0.001714315265660319,24
2015-01-03,0.0017537254046788404,24
2015-01-04,0.0016835796751464595,24
2015-01-05,0.001687893291437197,24
2015-01-06,0.0016896656249179684,24
2015-01-07,0.001626494940802649,24
2015-01-08,0.0016187099301568997,24
2015-01-09,0.0016262898076404163,24
2015-01-10,0.0016169528117329942,24
2015-01-11,0.0016743134165966636,24
2015-01-12,0.001674394354931548,24
2015-01-13,0.001874655210790191,24
2015-01-14,0.0016173553668237496,24
2015-01-15,0.0015321035318128257,24
2015-01-16,0.0014992332043554737,24
2015-01-17,0.001487406454928242,24
2015-01-18,0.0014773041360206136,24
2015-01-19,0.0014697564271520661,24
2015-01-20,0.001475017812415145,24
2015-01-21,0.0017485201366477284,24
2015-01-22,0.00172921132979932,24
2015-01-23,0.0015525100825310608,24
2015-01-24,0.0014793115111200578,24
2015-01-25,0.0014914676256579775,24
2015-01-26,0.0014751545462894677,24
2015-01-27,0.0014580598291632071,24
2015-01-28,0.0013732118700251524,24
2015-01-29,0.00139241949139922,24
2015-01-30,0.0013721759027541338,24
2015-01-31,0.0013957299438259066,24
2015-02-01,0.0016122661999204988,24
2015-02-02,0.0016289374554958964,24
2015-02-03,0.0016339079919170554,24
2015-02-04,0.0013635159854876009,24
2015-02-05,0.0013180736340807967,24
2015-02-06,0.0013072996644165214,24
2015-02-07,0.0013125103776969733,24
2015-02-08,0.0013257272435634442,24
2015-02-09,0.0012738530514167191,24
2015-02-10,0.0012634355436678107,24
2015-02-11,0.0012688636149061389,24
2015-02-12,0.0012499974176760802,24
2015-02-13,0.001268957404164471,24
2015-02-14,0.0012767284613661055,24
2015-02-15,0.0013565786359486713,24
2015-02-16,0.0036940252465739675,24
2015-02-17,0.0014888793272735234,24
2015-02-18,0.0018382907286033036,24
2015-02-19,0.004881396104402442,24
2015-02-20,0.003223647686440726,24
2015-02-21,0.0017521086675565593,24
2015-02-22,0.001573346975464647,24
2015-02-23,0.0014829119777879285,24
2015-02-24,0.006500185523374522,24
2015-02-25,0.005483040644285159,24
2015-02-26,0.0015840499495182714,24
2015-02-27,0.001321240058115857,24
2015-02-28,0.0013202347518537713,24
2015-03-01,0.0027995018377516795,24
2015-03-02,0.006140052829825148,24
2015-03-03,0.0031411946992411692,24
2015-03-04,0.0018187088086369348,24
2015-03-05,0.0024592745389438934,24
2015-03-06,0.0019294785505047675,24
2015-03-07,0.0030789242779482727,24
2015-03-08,0.003255831200342763,24
2015-03-09,0.0022036090870259746,24
2015-03-10,0.0021097330754701483,24
2015-03-11,0.00215135221379867,24
2015-03-12,0.0023222955327910026,24
2015-03-13,0.0024243689030382055,24
2015-03-14,0.00259584414788985,24
2015-03-15,0.002927924346032818,24
2015-03-16,0.0027905884902718224,24
2015-03-17,0.002517117694942714,24
2015-03-18,0.0022934983503041964,24
2015-03-19,0.0022357524458053897,24
2015-03-20,0.0023761198798531663,24
2015-03-21,0.0024694608169650405,24
2015-03-22,0.0024993438147170167,24
2015-03-23,0.0025510955209449154,24
2015-03-24,0.0030706084315825295,24
2015-03-25,0.0033187774727538107,24
2015-03-26,0.0027907369020009273,24
2015-03-27,0.002742889559543784,24
2015-03-28,0.005277732746161643,24
2015-03-29,0.004420613603591612,24
2015-03-30,0.002825201990668727,24
2015-03-31,0.003978437344449773,24
2015-04-01,0.013392232030464595,24
2015-04-02,0.00589954949041546,24
2015-04-03,0.005936388364551781,24
2015-04-04,0.0032285663799835294,24
2015-04-05,0.0027968669362114667,24
2015-04-06,0.0029642796024343747,24
2015-04-07,0.003492258360710986,24
2015-04-08,0.004537775558612656,24
2015-04-09,0.004123689945010479,24
2015-04-10,0.004493833889403174,24
2015-04-11,0.004801451620728411,24
2015-04-12,0.0065925381414754704,24
2015-04-13,0.007185996027110244,24
2015-04-14,0.00847065655642881,24
2015-04-15,0.008022681398807359,24
2015-04-16,0.010540989939800504,24
2015-04-17,0.008735825872184301,24
2015-04-18,0.007832608222673598,24
2015-04-19,0.008820223033636882,24
2015-04-20,0.009865191351148248,24
2015-04-21,0.004587890488032969,24
2015-04-22,0.0041761901067648224,24
2015-04-23,0.004946790359150806,24
2015-04-24,0.006137012634793388,24
2015-04-25,0.00790797481634171,24
2015-04-26,0.010655434469222722,24
2015-04-27,0.011747060034722702,24
2015-04-28,0.008157419757045092,24
2015-04-29,0.007822347798795906,24
2015-04-30,0.006091687384299282,24
2015-05-01,0.0053285542279094215,24
2015-05-02,0.005799511255032181,24
2015-05-03,0.007035877768599636,24
2015-05-04,0.008539612199851682,24
2015-05-05,0.011064329707141633,24
2015-05-06,0.0130921857941346,24
2015-05-07,0.01482028377016699,24
2015-05-08,0.017888813548416073,24
2015-05-09,0.01934082883467661,24
2015-05-10,0.02147330852696362,24
2015-05-11,0.023765285326699796,24
2015-05-12,0.028965271096913544,24
2015-05-13,0.030623155698006672,24
2015-05-14,0.0323423760464854,24
2015-05-15,0.03374325046106112,24
2015-05-16,0.03867714276326079,24
2015-05-17,0.0511659257783655,24
2015-05-18,0.05526182850862628,24
2015-05-19,0.042075600213467484,24
2015-05-20,0.046059671554295134,24
2015-05-21,0.04911520543653431,24
2015-05-22,0.05413378972234726,24
2015-05-23,0.06562254513683259,24
2015-05-24,0.05033036561432741,24
2015-05-25,0.031823876753967535,24
2015-05-26,0.01665767551560261,24
2015-05-27,0.01357950291249468,24
2015-05-28,0.01964119238739105,24
2015-05-29,0.03074568270243293,24
2015-05-30,0.044761240523599956,24
2015-05-31,0.040582589382336096,24
2015-06-01,0.03780089047811361,24
2015-06-02,0.045524672195723453,24
2015-06-03,0.04696111656833808,24
2015-06-04,0.05186314327725116,24
2015-06-05,0.044700268318052225,24
2015-06-06,0.057787610095671085,24
2015-06-07,0.05965238781368668,24
2015-06-08,0.06712129267158176,24
2015-06-09,0.07492903901661091,24
2015-06-10,0.08083667295556392,24
2015-06-11,0.08028453958158499,24
2015-06-12,0.07533595952938063,24
2015-06-13,0.07501500575849698,24
2015-06-14,0.07784062206364088,24
2015-06-15,0.08030439393999587,24
2015-06-16,0.0817901601586719,24
2015-06-17,0.08216279796670391,24
2015-06-18,0.08185402514925512,24
2015-06-19,0.08854932959294837,24
2015-06-20,0.09591554849394997,24
2015-06-21,0.09938575509927688,24
2015-06-22,0.09175653187256684,24
2015-06-23,0.08906799200849914,24
2015-06-24,0.05894925818960103,24
2015-06-25,0.04342199520430426,24
2015-06-26,0.029970738686164865,24
2015-06-27,0.03578129060537365,24
2015-06-28,0.05015246405363104,24
2015-06-29,0.07063194708050553,24
2015-06-30,0.07884250669463948,24
2015-07-01,0.09831822661569554,24
2015-07-02,0.09953099475920675,24
2015-07-03,0.10221970466549941,24
2015-07-04,0.10329467800411107,24
2015-07-05,0.11081656876342375,24
2015-07-06,0.11017441998114809,24
2015-07-07,0.11989510872156975,24
2015-07-08,0.11526648841290124,24
2015-07-09,0.1080779591197584,24
2015-07-10,0.09810844222921603,24
2015-07-11,0.0706174472871627,24
2015-07-12,0.07293094201260289,24
2015-07-13,0.07555325652361983,24
2015-07-14,0.08468831432067156,24
2015-07-15,0.08272309233634519,24
2015-07-16,0.0825589488393627,24
2015-07-17,0.08185597161761217,24
2015-07-18,0.08903897832302626,24
2015-07-19,0.08226176764711451,24
2015-07-20,0.07990477461638638,24
2015-07-21,0.07910807777913459,24
2015-07-22,0.07815752807552279,24
2015-07-23,0.07641174199249384,24
2015-07-24,0.06782793969908445,24
2015-07-25,0.06450704922011109,24
2015-07-26,0.06944681829646202,24
2015-07-27,0.07152881423600764,24
2015-07-28,0.059215938314970365,24
2015-07-29,0.050017003405454515,24
2015-07-30,0.04235345921605987,24
2015-07-31,0.040239823582277165,24
2015-08-01,0.044934962837523906,24
2015-08-02,0.05064643092516276,24
2015-08-03,0.05753411444607712,24
2015-08-04,0.05868060365922162,24
2015-08-05,0.03976920421399363,24
2015-08-06,0.028021279306619153,24
2015-08-07,0.024015511805433248,24
2015-08-08,0.021770225708543048,24
2015-08-09,0.02345756726673275,24
2015-08-10,0.02589249877576707,24
2015-08-11,0.023914443121504113,24
2015-08-12,0.019484306319440516,24
2015-08-13,0.018828310267442052,24
2015-08-14,0.017652830824204425,24
2015-08-15,0.015863433063899705,24
2015-08-16,0.014744111612539518,24
2015-08-17,0.013732728683354234,24
2015-08-18,0.00972997454806293,24
2015-08-19,0.0089867184271712,24
2015-08-20,0.009018720379211174,24
2015-08-21,0.009470985998337676,24
2015-08-22,0.01204083281843623,24
2015-08-23,0.01118632424492628,24
2015-08-24,0.011842426758552118,24
2015-08-25,0.008814589326580129,24
2015-08-26,0.007741020426577908,24
2015-08-27,0.008711082704000069,24
2015-08-28,0.008623981907916243,24
2015-08-29,0.008427633434572031,24
2015-08-30,0.009431453554758657,24
2015-08-31,0.010394497281311163,24
2015-09-01,0.007663843739413844,24
2015-09-02,0.006341274736868633,24
2015-09-03,0.0077338999178841105,24
2015-09-04,0.007085180232258772,24
2015-09-05,0.007898337925375615,24
2015-09-06,0.009079319541737794,24
2015-09-07,0.008758532997923679,24
2015-09-08,0.007670801203199237,24
2015-09-09,0.006421420019381121,24
2015-09-10,0.006403755902275756,24
2015-09-11,0.0067968706951070405,24
2015-09-12,0.006085332436552012,24
2015-09-13,0.005381855927449502,24
2015-09-14,0.006020297745940128,24
2015-09-15,0.006746450312872732,24
2015-09-16,0.006855776060166283,24
2015-09-17,0.0065003214627567096,24
2015-09-18,0.005868330763593934,24
2015-09-19,0.0058991419641484496,24
2015-09-20,0.007512210999243945,24
2015-09-21,0.00635754517609314,24
2015-09-22,0.016698585319053584,24
2015-09-23,0.01237986400356937,24
2015-09-24,0.007999706070550366,24
2015-09-25,0.008071929254800107,24
2015-09-26,0.008732519665073789,24
2015-09-27,0.0085241585460408,24
2015-09-28,0.0071834384166634705,24
2015-09-29,0.007230746541524984,24
2015-09-30,0.0067854817301190315,24
2015-10-01,0.006848247461383658,24
2015-10-02,0.006651011664188948,24
2015-10-03,0.006558682991903353,24
2015-10-04,0.006483667628431375,24
2015-10-05,0.006150250260677695,24
2015-10-06,0.006238808092352885,24
2015-10-07,0.005995994728916789,24
2015-10-08,0.005458946587782472,24
2015-10-09,0.005367997517356885,24
2015-10-10,0.005145107696247491,24
2015-10-11,0.005190419290732106,24
2015-10-12,0.005309908690345858,24
2015-10-13,0.004958671291258491,24
2015-10-14,0.005770954107009964,24
2015-10-15,0.0055846593230844165,24
2015-10-16,0.005150521613383981,24
2015-10-17,0.005834854732488255,24
2015-10-18,0.006023828410735251,24
2015-10-19,0.0071888647767010235,24
2015-10-20,0.004827287940715069,24
2015-10-21,0.0040137799555463455,24
2015-10-22,0.003922205862007233,24
2015-10-23,0.003920771742800901,24
2015-10-24,0.004489893053458907,24
2015-10-25,0.006517925208179372,24
2015-10-26,0.0055712517287605685,24
2015-10-27,0.003499498395354935,24
2015-10-28,0.003412263320233458,24
2015-10-29,0.00351198824442692,24
2015-10-30,0.003577345639919373,24
2015-10-31,0.0035967645792726937,24
2015-11-01,0.0035288207766607555,24
2015-11-02,0.0036530407931279823,24
2015-11-03,0.004305819948079981,24
2015-11-04,0.015805749218685036,24
2015-11-05,0.004231137962175535,24
2015-11-06,0.0031456586137579286,24
2015-11-07,0.0031339000836461926,24
2015-11-08,0.0031556812232897964,24
2015-11-09,0.003421667055329772,24
2015-11-10,0.0031984980055507436,24
2015-11-11,0.003045320976004683,24
2015-11-12,0.005093293868996222,24
2015-11-13,0.003919854102976368,24
2015-11-14,0.002956865083001086,24
2015-11-15,0.002882199468722118,24
2015-11-16,0.002803310175746242,24
2015-11-17,0.0027738247277246703,24
2015-11-18,0.002811210920053499,24
2015-11-19,0.0028949024189263814,24
2015-11-20,0.002932893266210541,24
2015-11-21,0.0028743861510911015,24
2015-11-22,0.0028390724727312957,24
2015-11-23,0.0028449171855236934,24
2015-11-24,0.0027546127787636127,24
2015-11-25,0.0027016566953011896,24
2015-11-26,0.0027330388478792635,24
2015-11-27,0.0027435979004600463,24
2015-11-28,0.0025978374539254927,24
2015-11-29,0.0025736645925647714,24
2015-11-30,0.002542638035856923,24
2015-12-01,0.0025097069520139043,24
2015-12-02,0.0024792081769100106,24
2015-12-03,0.002475213787790661,24
2015-12-04,0.0025473166883910985,24
2015-12-05,0.0026648152135048033,24
2015-12-06,0.0025472059734785906,24
2015-12-07,0.0025095776302934774,24
2015-12-08,0.0024688284098516437,24
2015-12-09,0.0025827435426288114,24
2015-12-10,0.004829237725796188,24
2015-12-11,0.002778639472900393,24
2015-12-12,0.0022914056019258376,24
2015-12-13,0.002271288971062791,24
2015-12-14,0.0022477754099198633,24
2015-12-15,0.0022237258466449627,24
2015-12-16,0.002215012479526587,24
2015-12-17,0.0022077780497609875,24
2015-12-18,0.002184546098912405,24
2015-12-19,0.0021735933417331636,24
2015-12-20,0.0021626073376647126,24
2015-12-21,0.0021408482075938717,24
2015-12-22,0.0022588991132821076,24
2015-12-23,0.002189626653017284,24
2015-12-24,0.0020926108182657715,24
2015-12-25,0.002105559142531762,24
2015-12-26,0.0021145413655019487,24
2015-12-27,0.0021655062997777887,24
2015-12-28,0.002130341803197763,24
2015-12-29,0.002055558634992332,24
2015-12-30,0.002017289812278509,24
2015-12-31,0.0019903894386810407,24
2016-01-01,0.0019996788341466267,24
2016-01-02,0.001973075930760817,24
2016-01-03,0.0019949742113155823,24
2016-01-04,0.00283660722952324,24
2016-01-05,0.0020078542905282016,24
2016-01-06,0.0019040532038988836,24
2016-01-07,0.0019476596019721325,24
2016-01-08,0.0019094507170614409,24
2016-01-09,0.0018673875601899097,24
2016-01-10,0.0018539101812230275,24
2016-01-11,0.0018432824484633547,24
2016-01-12,0.0019247406478532427,24
2016-01-13,0.0018177403144916794,24
2016-01-14,0.0018126648707729363,24
2016-01-15,0.001788332348398332,24
2016-01-16,0.0017625346129155367,24
2016-01-17,0.001750275392541211,24
2016-01-18,0.0017493747673417296,24
2016-01-19,0.0017188671845226923,24
2016-01-20,0.0017039232720188616,24
2016-01-21,0.0016962895905209053,24
2016-01-22,0.0016887899549419892,24
2016-01-23,0.0016788001892698683,24
2016-01-24,0.001671661009504909,24
2016-01-25,0.0016813758538358715,24
2016-01-26,0.0017020541447418912,24
2016-01-27,0.0017985501650862345,24
2016-01-28,0.0019848774428436983,24
2016-01-29,0.004895948155192367,24
2016-01-30,0.002254107597395859,24
2016-01-31,0.0017004136272384528,24
2016-02-01,0.0016507021315877828,24
2016-02-02,0.0016410867195517376,24
2016-02-03,0.0016283357959713954,24
2016-02-04,0.0016640267872911874,24
2016-02-05,0.0017046896853373614,24
2016-02-06,0.0016684817155384127,24
2016-02-07,0.0016521437903387027,24
2016-02-08,0.0016364762946347042,24
2016-02-09,0.0016545316038927929,24
2016-02-10,0.0030170500421932275,24
2016-02-11,0.0029271654350827366,24
2016-02-12,0.0016845915042460542,24
2016-02-13,0.001650251969316124,24
2016-02-14,0.001674997660461992,24
2016-02-15,0.0016931073056644817,24
2016-02-16,0.0016782503229239411,24
2016-02-17,0.0016850494669769943,24
2016-02-18,0.0017119699874814298,24
2016-02-19,0.0035211969219254564,24
2016-02-20,0.002087654612086982,24
2016-02-21,0.0017427897541495612,24
2016-02-22,0.0017269243082124583,24
2016-02-23,0.0017161332196040646,24
2016-02-24,0.0017506298494740888,24
2016-02-25,0.0017918258928484672,24
2016-02-26,0.0017741300541278967,24
2016-02-27,0.0017996606013587638,24
2016-02-28,0.0018218762545280296,24
2016-02-29,0.0018265872404298977,24
2016-03-01,0.0017872539133768626,24
2016-03-02,0.0019055175022281514,24
2016-03-03,0.0020136139131950843,24
2016-03-04,0.00202442402653014,24
2016-03-05,0.0020211857802044557,24
2016-03-06,0.002394367030300011,24
2016-03-07,0.0023387573698298732,24
2016-03-08,0.002247531108960475,24
2016-03-09,0.002240182937000999,24
2016-03-10,0.0031242859979060435,24
2016-03-11,0.006093769175494972,24
2016-03-12,0.008839097884042366,24
2016-03-13,0.006176066979849265,24
2016-03-14,0.0044846573493459545,24
2016-03-15,0.002300386622482461,24
2016-03-16,0.0026012170155989955,24
2016-03-17,0.004542649263370788,24
2016-03-18,0.01261792377032744,24
2016-03-19,0.015754267024740753,24
2016-03-20,0.005451197530199881,24
2016-03-21,0.0040741740820042826,24
2016-03-22,0.003761214557019386,24
2016-03-23,0.0037225295883932673,24
2016-03-24,0.005665670654444828,24
2016-03-25,0.005747794701122681,24
2016-03-26,0.006690526763869222,24
2016-03-27,0.003868747119229977,24
2016-03-28,0.003923916201770428,24
2016-03-29,0.004745770942167989,24
2016-03-30,0.005232530524897246,24
2016-03-31,0.006355785908369221,24
2016-04-01,0.005874544139846743,24
2016-04-02,0.013436940919831657,24
2016-04-03,0.026370539355892713,24
2016-04-04,0.007823471675845272,24
2016-04-05,0.005541820282201091,24
2016-04-06,0.00570888371357787,24
2016-04-07,0.005495767221698413,24
2016-04-08,0.006032245802146174,24
2016-04-09,0.0070308707961210535,24
2016-04-10,0.005448436133324259,24
2016-04-11,0.0063561747480011905,24
2016-04-12,0.006151781723030353,24
2016-04-13,0.006301514072284958,24
2016-04-14,0.007405551835715387,24
2016-04-15,0.008715964025911092,24
2016-04-16,0.012298218018419753,24
2016-04-17,0.011493319510136853,24
2016-04-18,0.008736756509966553,24
2016-04-19,0.0067042488219406495,24
2016-04-20,0.008905827970561702,24
2016-04-21,0.008449065111138276,24
2016-04-22,0.008761377942721662,24
2016-04-23,0.006123293630759993,24
2016-04-24,0.00648797243289515,24
2016-04-25,0.007439452963786267,24
2016-04-26,0.009163300569094961,24
2016-04-27,0.010612008958172886,24
2016-04-28,0.009628119012189414,24
2016-04-29,0.01077074331354627,24
2016-04-30,0.012778342165191333,24
2016-05-01,0.014040204735235972,24
2016-05-02,0.015005348724593068,24
2016-05-03,0.015090675604907317,24
2016-05-04,0.016335327439709793,24
2016-05-05,0.016464655074198885,24
2016-05-06,0.015216432973729968,24
2016-05-07,0.016922614965207965,24
2016-05-08,0.02083678578430471,24
2016-05-09,0.02529693068755654,24
2016-05-10,0.03020809280632933,24
2016-05-11,0.0341565429501609,24
2016-05-12,0.03972484225138809,24
2016-05-13,0.03618691704215625,24
2016-05-14,0.040682841672647026,24
2016-05-15,0.04318522493843176,24
2016-05-16,0.03934269568981688,24
2016-05-17,0.04482317010513893,24
2016-05-18,0.05451043015042549,24
2016-05-19,0.06592175179908494,24
2016-05-20,0.06693306282023032,24
2016-05-21,0.0727665280339433,24
2016-05-22,0.07664585307564728,24
2016-05-23,0.07157566709597375,24
2016-05-24,0.05029676617757241,24
2016-05-25,0.04466219346559389,24
2016-05-26,0.03725560024619371,24
2016-05-27,0.044187526112163054,24
2016-05-28,0.05372118598270354,24
2016-05-29,0.055970743798671944,24
2016-05-30,0.05321569574859405,24
2016-05-31,0.05120811506973045,24
2016-06-01,0.06053262225817149,24
2016-06-02,0.07754123731584506,24
2016-06-03,0.08141468140412313,24
2016-06-04,0.08795453191718892,24
2016-06-05,0.09580378494864712,24
2016-06-06,0.09087512733467003,24
2016-06-07,0.09124777478378135,24
2016-06-08,0.09939688623416809,24
2016-06-09,0.1079960271233961,24
2016-06-10,0.11509954216080487,24
2016-06-11,0.12855099867540892,24
2016-06-12,0.14025876738558302,24
2016-06-13,0.1344764372266883,24
2016-06-14,0.1403513611699592,24
2016-06-15,0.14490980400347903,24
2016-06-16,0.14303970289387208,24
2016-06-17,0.1420433225396321,24
2016-06-18,0.13098745441254236,24
2016-06-19,0.13229421190731538,24
2016-06-20,0.13258668692480743,24
2016-06-21,0.13616770687091834,24
2016-06-22,0.13074674230738884,24
2016-06-23,0.10744854483300788,24
2016-06-24,0.09084937582629753,24
2016-06-25,0.08686144190255761,24
2016-06-26,0.09056599067996815,24
2016-06-27,0.09126981721074051,24
2016-06-28,0.08822845843452048,24
2016-06-29,0.0899248626946617,24
2016-06-30,0.08208706520196679,24
2016-07-01,0.07516854214565692,24
2016-07-02,0.0655006772654919,24
2016-07-03,0.07758977961511226,24
2016-07-04,0.059328643349074256,24
2016-07-05,0.053381705689186584,24
2016-07-06,0.05135483784316021,24
2016-07-07,0.038015073984293046,24
2016-07-08,0.03261607835065728,24
2016-07-09,0.03336536868077185,24
2016-07-10,0.03419495815048754,24
2016-07-11,0.0357888954756217,24
2016-07-12,0.03577323750782996,24
2016-07-13,0.03806068728956039,24
2016-07-14,0.042331158613780714,24
2016-07-15,0.04429638888037907,24
2016-07-16,0.03196843299369014,24
2016-07-17,0.030384476889995245,24
2016-07-18,0.030889344283901637,24
2016-07-19,0.02252915632637228,24
2016-07-20,0.014181732067378973,24
2016-07-21,0.01371196289213093,24
2016-07-22,0.01738979709950365,24
2016-07-23,0.01591505772363626,24
2016-07-24,0.016201468374642678,24
2016-07-25,0.015793131333031295,24
2016-07-26,0.016202170225085955,24
2016-07-27,0.02255955380740804,24
2016-07-28,0.0222949216263568,24
2016-07-29,0.01764078495138016,24
2016-07-30,0.0165271913357231,24
2016-07-31,0.01737839647679089,24
2016-08-01,0.013554005391617685,24
2016-08-02,0.01443981441576094,24
2016-08-03,0.015652147087777422,24
2016-08-04,0.014560609646673493,24
2016-08-05,0.015660802915063696,24
2016-08-06,0.017316484289924293,24
2016-08-07,0.023239855845989664,24
2016-08-08,0.03267326612992654,24
2016-08-09,0.020599248202739086,24
2016-08-10,0.01874914352061349,24
2016-08-11,0.018468110557685987,24
2016-08-12,0.016708097724788165,24
2016-08-13,0.01371532482883342,24
2016-08-14,0.011110635016686956,24
2016-08-15,0.0116374567315313,24
2016-08-16,0.011004084250151858,24
2016-08-17,0.01227557153212241,24
2016-08-18,0.01047789040742337,24
2016-08-19,0.009911776560076243,24
2016-08-20,0.010538185343977232,24
2016-08-21,0.010099395772650413,24
2016-08-22,0.010557803632406099,24
2016-08-23,0.0095088861858392,24
2016-08-24,0.009261956459495275,24
2016-08-25,0.010924997241190393,24
2016-08-26,0.014547442543545147,24
2016-08-27,0.017461161560275204,24
2016-08-28,0.02002282951351996,24
2016-08-29,0.01625304595331852,24
2016-08-30,0.014355911811892821,24
2016-08-31,0.011529498363229522,24
2016-09-01,0.010985000453408278,24
2016-09-02,0.0129135255407932,24
2016-09-03,0.008659739671509938,24
2016-09-04,0.007460366053479558,24
2016-09-05,0.007727555083295083,24
2016-09-06,0.01067932321148707,24
2016-09-07,0.008709661630037379,24
2016-09-08,0.007074306498676279,24
2016-09-09,0.006438506047957004,24
2016-09-10,0.006772655736417593,24
2016-09-11,0.008198038896635554,24
2016-09-12,0.010607358837073798,24
2016-09-13,0.009458799925609118,24
2016-09-14,0.008969257459018054,24
2016-09-15,0.00841843615322962,24
2016-09-16,0.007214898564800755,24
2016-09-17,0.005818102293656233,24
2016-09-18,0.005371646601231035,24
2016-09-19,0.005185532860596412,24
2016-09-20,0.005518935604924882,24
2016-09-21,0.007782413563031609,24
2016-09-22,0.007975375965085954,24
2016-09-23,0.006754518909659211,24
2016-09-24,0.007239688090470996,24
2016-09-25,0.005660698300698025,24
2016-09-26,0.005003987030884164,24
2016-09-27,0.004813848985686867,24
2016-09-28,0.004685600588480682,24
2016-09-29,0.004766431674449704,24
2016-09-30,0.005089325479454395,24
2016-10-01,0.004921019685597941,24
2016-10-02,0.005095838785317092,24
2016-10-03,0.0050430146141614745,24
2016-10-04,0.005049061116272808,24
2016-10-05,0.006516340186814318,24
2016-10-06,0.007299293942028749,24
2016-10-07,0.006548348859066036,24
2016-10-08,0.006022154186764152,24
2016-10-09,0.0058117380151070305,24
2016-10-10,0.005172468205392681,24
2016-10-11,0.004684039302269064,24
2016-10-12,0.004834208085647735,24
2016-10-13,0.004902400280169901,24
2016-10-14,0.004866964473475028,24
2016-10-15,0.004394722752936517,24
2016-10-16,0.004425168182516811,24
2016-10-17,0.004337098730779491,24
2016-10-18,0.004139856949804074,24
2016-10-19,0.004879992353866597,24
2016-10-20,0.0048826821228933935,24
2016-10-21,0.004926162734254723,24
2016-10-22,0.004519340829392154,24
2016-10-23,0.00433982107824486,24
2016-10-24,0.004343890598588972,24
2016-10-25,0.004064473609093548,24
2016-10-26,0.00410774512936788,24
2016-10-27,0.0038827687008644997,24
2016-10-28,0.0037621787089178204,24
2016-10-29,0.0037670886457210327,24
2016-10-30,0.0038098781552616265,24
2016-10-31,0.0038774507590954035,24
2016-11-01,0.0035097881486773823,24
2016-11-02,0.0034823921429223254,24
2016-11-03,0.0034722480561546983,24
2016-11-04,0.003746492630734943,24
2016-11-05,0.0034393631972419797,24
2016-11-06,0.0033998057817971406,24
2016-11-07,0.003272326899882762,24
2016-11-08,0.0031863280426885684,24
2016-11-09,0.003371383144198797,24
2016-11-10,0.0032785533550309695,24
2016-11-11,0.0032107889022941886,24
2016-11-12,0.0031343975751218426,24
2016-11-13,0.0030627720748704138,24
2016-11-14,0.002916034129121882,24
2016-11-15,0.002738166918592584,24
2016-11-16,0.0027533411347010327,24
2016-11-17,0.0027599037893412067,24
2016-11-18,0.002819142172209001,24
2016-11-19,0.0026567116259150468,24
2016-11-20,0.0028145586830404315,24
2016-11-21,0.0027264361892396067,24
2016-11-22,0.002978898802773716,24
2016-11-23,0.002751433575617396,24
2016-11-24,0.002481502766154193,24
2016-11-25,0.0025653139464278697,24
2016-11-26,0.0023862867448170275,24
2016-11-27,0.0022919979788911487,24
2016-11-28,0.0022387841186158365,24
2016-11-29,0.002205495716947303,24
2016-11-30,0.0022642822191469777,24
2016-12-01,0.0020704358477619264,24
2016-12-02,0.002012401495322364,24
2016-12-03,0.0021592002022292104,24
2016-12-04,0.0022788880513638665,24
2016-12-05,0.002193538392080119,24
2016-12-06,0.0021569301723747525,24
2016-12-07,0.002207379837006539,24
2016-12-08,0.0020908790579089705,24
2016-12-09,0.0020025991038884012,24
2016-12-10,0.0022345824862319004,24
2016-12-11,0.00197916453220631,24
2016-12-12,0.001958153282193012,24
2016-12-13,0.0018218649152994912,24
2016-12-14,0.0017743258437098838,24
2016-12-15,0.0018657791644721298,24
2016-12-16,0.0018876592339540908,24
2016-12-17,0.0017979819445064227,24
2016-12-18,0.0017578270209697685,24
2016-12-19,0.0017598473681467873,24
2016-12-20,0.0017798185605279195,24
2016-12-21,0.001901590414689995,24
2016-12-22,0.002006309092371058,24
2016-12-23,0.0019129262746178464,24
2016-12-24,0.001803153214495503,24
2016-12-25,0.001655037493195741,24
2016-12-26,0.0016558136578185805,24
2016-12-27,0.0018601749377561237,24
2016-12-28,0.0018994797117273543,24
2016-12-29,0.0017320831217557946,24
2016-12-30,0.0016172263123922575,24
2016-12-31,0.0015182043078826968,24
2017-01-01,0.0015225739216348849,24
2017-01-02,0.001469360318024773,24
2017-01-03,0.0017203201378526499,24
2017-01-04,0.0021214585164057477,24
2017-01-05,0.0016843483902533678,24
2017-01-06,0.0019522983143387,24
2017-01-07,0.001587409694809029,24
2017-01-08,0.0014880938619347838,24
2017-01-09,0.0013323661911138172,24
2017-01-10,0.0013131172177815946,24
2017-01-11,0.0012827159703694719,24
2017-01-12,0.001268554932478032,24
2017-01-13,0.0012589475359710087,24
2017-01-14,0.0012484174690207807,24
2017-01-15,0.0013111289297079297,24
2017-01-16,0.0013193882509845317,24
2017-01-17,0.0012601322446624385,24
2017-01-18,0.0015173436811643213,24
2017-01-19,0.001261524102237047,24
2017-01-20,0.0011967712794704087,24
2017-01-21,0.001221230520978596,24
2017-01-22,0.001264896823811276,24
2017-01-23,0.001287843755253958,24
2017-01-24,0.0016014623273181605,24
2017-01-25,0.004694276164713114,24
2017-01-26,0.0036686713302178063,24
2017-01-27,0.001358341646731829,24
2017-01-28,0.001182410072684128,24
2017-01-29,0.0012768373212742883,24
2017-01-30,0.0022325614959727066,24
2017-01-31,0.0013696585507623994,24
2017-02-01,0.0011831542880318784,24
2017-02-02,0.0011486722648919759,24
2017-02-03,0.0011396500727328097,24
2017-02-04,0.003460869919806801,24
2017-02-05,0.0022348224580876095,24
2017-02-06,0.0011517188714415276,24
2017-02-07,0.0010889564549804707,24
2017-02-08,0.0013219317255596078,24
2017-02-09,0.001130561148601089,24
2017-02-10,0.0010832650048938437,24
2017-02-11,0.001111961744902035,24
2017-02-12,0.0011218100339039532,24
2017-02-13,0.0011529984337950198,24
2017-02-14,0.0011331126995289128,24
2017-02-15,0.0013789932028086815,24
2017-02-16,0.0013387213576869885,24
2017-02-17,0.0015950387256966363,24
2017-02-18,0.0029093606226607486,24
2017-02-19,0.01149519853458451,24
2017-02-20,0.002041663193791778,24
2017-02-21,0.0013130463598664257,24
2017-02-22,0.0011480017267198586,24
2017-02-23,0.0011325436086338163,24
2017-02-24,0.0011442004652840354,24
2017-02-25,0.0012944249534621696,24
2017-02-26,0.0012706110171390817,24
2017-02-27,0.0012955287294495218,24
2017-02-28,0.0013526008475396017,24
2017-03-01,0.0021625194880332014,24
2017-03-02,0.0014310139907746015,24
2017-03-03,0.0012547398460529045,24
2017-03-04,0.001309546514318757,24
2017-03-05,0.0012798814367747002,24
2017-03-06,0.0013830919300667067,24
2017-03-07,0.0012982439713600255,24
2017-03-08,0.0015434387157088711,24
2017-03-09,0.001678411394835789,24
2017-03-10,0.00129979985938566,24
2017-03-11,0.0012992492497663677,24
2017-03-12,0.0011519137309376993,24
2017-03-13,0.0012064485678398356,24
2017-03-14,0.0012661120120661205,24
2017-03-15,0.0012965037779363528,24
2017-03-16,0.0014446766884392101,24
2017-03-17,0.0016010709181705867,24
2017-03-18,0.0015215557585546722,24
2017-03-19,0.0016099526377581234,24
2017-03-20,0.0017107285148619529,24
2017-03-21,0.0024011076336186927,24
2017-03-22,0.006710611923268075,24
2017-03-23,0.0026423156531149177,24
2017-03-24,0.0016730779718383353,24
2017-03-25,0.0016931917923322702,24
2017-03-26,0.0022122482797712418,24
2017-03-27,0.0032807933411198352,24
2017-03-28,0.003487583148347289,24
2017-03-29,0.0038881751787026584,24
2017-03-30,0.0032684633561034836,24
2017-03-31,0.0042978021849403875,24
2017-04-01,0.003531041454688293,24
2017-04-02,0.0030208250743036023,24
2017-04-03,0.00397469229978316,24
2017-04-04,0.0069110559842252015,24
2017-04-05,0.011049935842167678,24
2017-04-06,0.007018791344199158,24
2017-04-07,0.0032665351000858646,24
2017-04-08,0.0018531620409506235,24
2017-04-09,0.0017437096397481418,24
2017-04-10,0.0018067313559051899,24
2017-04-11,0.002328675406549953,24
2017-04-12,0.003143679658062558,24
2017-04-13,0.0041360238589875815,24
2017-04-14,0.005211572291278405,24
2017-04-15,0.006077471898301625,24
2017-04-16,0.007406255374395654,24
2017-04-17,0.008394392635995524,24
2017-04-18,0.009516491982898723,24
2017-04-19,0.01054799080097012,24
2017-04-20,0.013021740497445115,24
2017-04-21,0.015191183408212763,24
2017-04-22,0.015233715875164163,24
2017-04-23,0.012899872868066271,24
2017-04-24,0.009941063753902113,24
2017-04-25,0.007452480080173285,24
2017-04-26,0.008115470151716212,24
2017-04-27,0.010025086139766066,24
2017-04-28,0.011603194721233317,24
2017-04-29,0.010659880416532918,24
2017-04-30,0.006868849331578073,24
2017-05-01,0.006263673442000027,24
2017-05-02,0.007562621039457784,24
2017-05-03,0.008321953443990646,24
2017-05-04,0.014269026098402405,24
2017-05-05,0.017106746558955218,24
2017-05-06,0.022092246785321762,24
2017-05-07,0.026593137861532907,24
2017-05-08,0.027081829769402658,24
2017-05-09,0.02983423039827308,24
2017-05-10,0.02474492699707399,24
2017-05-11,0.03154015804635125,24
2017-05-12,0.035224746077660456,24
2017-05-13,0.03918892402342691,24
2017-05-14,0.04727871396641486,24
2017-05-15,0.05629242801537832,24
2017-05-16,0.0712976253261298,24
2017-05-17,0.06670325640063274,24
2017-05-18,0.07596269925081686,24
2017-05-19,0.07590529161603324,24
2017-05-20,0.0752592149141772,24
2017-05-21,0.0766486580534384,24
2017-05-22,0.09477972136878933,24
2017-05-23,0.11446407914187759,24
2017-05-24,0.11602200564798153,24
2017-05-25,0.13214001979159445,24
2017-05-26,0.13132063330379593,24
2017-05-27,0.11768444082352116,24
2017-05-28,0.1130747892137685,24
2017-05-29,0.11248169868302116,24
2017-05-30,0.11973078186459139,24
2017-05-31,0.10892700412189103,24
2017-06-01,0.08019984758706797,24
2017-06-02,0.07125754787622197,24
2017-06-03,0.08578115863864214,24
2017-06-04,0.11004496399062423,24
2017-06-05,0.1267343912543979,24
2017-06-06,0.11358913020699118,24
2017-06-07,0.08235360322068097,24
2017-06-08,0.05928826322184454,24
2017-06-09,0.06424934955335125,24
2017-06-10,0.07205622005228447,24
2017-06-11,0.07400402514658912,24
2017-06-12,0.07570709215838511,24
2017-06-13,0.08702339564730245,24
2017-06-14,0.09981215514680736,24
2017-06-15,0.09923187964743457,24
2017-06-16,0.09242951507223161,24
2017-06-17,0.09246009006836231,24
2017-06-18,0.09845212253912133,24
2017-06-19,0.10430270582721207,24
2017-06-20,0.09413731789223712,24
2017-06-21,0.0669729437332879,24
2017-06-22,0.08132010177247215,24
2017-06-23,0.06955447698977933,24
2017-06-24,0.06761177711394455,24
2017-06-25,0.07639199698932313,24
2017-06-26,0.09003879429596055,24
2017-06-27,0.08993690759224135,24
2017-06-28,0.09257916620132194,24
2017-06-29,0.0710378872434207,24
2017-06-30,0.06209852229680446,24
2017-07-01,0.053682382154563245,24
2017-07-02,0.051936270216352776,24
2017-07-03,0.05888492530978048,24
2017-07-04,0.06141169281663759,24
2017-07-05,0.06049037875688533,24
2017-07-06,0.05508410957802296,24
2017-07-07,0.05647157536018497,24
2017-07-08,0.0608203979884487,24
2017-07-09,0.05793181093820552,24
2017-07-10,0.054835782847285616,24
2017-07-11,0.0728725211675866,24
2017-07-12,0.061588334192300184,24
2017-07-13,0.05459147174521715,24
2017-07-14,0.044425596243483176,24
2017-07-15,0.04286820483481,24
2017-07-16,0.04458544001236908,24
2017-07-17,0.04334183997891149,24
2017-07-18,0.04671300340401791,24
2017-07-19,0.04495239616778949,24
2017-07-20,0.03539989518517089,24
2017-07-21,0.03411241240600005,24
2017-07-22,0.032976016724196366,24
2017-07-23,0.031136100554618105,24
2017-07-24,0.030584835341643066,24
2017-07-25,0.02564587100242236,24
2017-07-26,0.022230687233241068,24
2017-07-27,0.02011690669814264,24
2017-07-28,0.02155612521059588,24
2017-07-29,0.025257051721521307,24
2017-07-30,0.025117383278008495,24
2017-07-31,0.019903095157102414,24
2017-08-01,0.020165448859994245,24
2017-08-02,0.03555909439786995,24
2017-08-03,0.030980749576108663,24
2017-08-04,0.026668974035052497,24
2017-08-05,0.01650684664648338,24
2017-08-06,0.01337276354729312,24
2017-08-07,0.014930680491745788,24
2017-08-08,0.01768298891815774,24
2017-08-09,0.02028251474140708,24
2017-08-10,0.017220412204185114,24
2017-08-11,0.019785898392927825,24
2017-08-12,0.012808656884603038,24
2017-08-13,0.012364140114808768,24
2017-08-14,0.02001259516096557,24
2017-08-15,0.011924706819291515,24
2017-08-16,0.009672559838106462,24
2017-08-17,0.008544496406768687,24
2017-08-18,0.008580415988057815,24
2017-08-19,0.010109409673031481,24
2017-08-20,0.010864802145183278,24
2017-08-21,0.010759131252776265,24
2017-08-22,0.010001980735792903,24
2017-08-23,0.009864357754284405,24
2017-08-24,0.013161660415762324,24
2017-08-25,0.014475058803313692,24
2017-08-26,0.011458389689131763,24
2017-08-27,0.009061451097412075,24
2017-08-28,0.007896078003236752,24
2017-08-29,0.008691889052466914,24
2017-08-30,0.011382384597602593,24
2017-08-31,0.013571081541489356,24
2017-09-01,0.014373138562422633,24
2017-09-02,0.01186624013114748,24
2017-09-03,0.009965683890566677,24
2017-09-04,0.008691832517043151,24
2017-09-05,0.00918324137638127,24
2017-09-06,0.010859665108947682,24
2017-09-07,0.00927580273182653,24
2017-09-08,0.006830201442543575,24
2017-09-09,0.005653013090921807,24
2017-09-10,0.0085721010100111,24
2017-09-11,0.010355715954576529,24
2017-09-12,0.008082007578302733,24
2017-09-13,0.007551827833411378,24
2017-09-14,0.008722150854512016,24
2017-09-15,0.008179078974357643,24
2017-09-16,0.00769083266873085,24
2017-09-17,0.007447080183495306,24
2017-09-18,0.006359933194347926,24
2017-09-19,0.005838797297035099,24
2017-09-20,0.005886168453229131,24
2017-09-21,0.0067336949990116175,24
2017-09-22,0.0068486463463931025,24
2017-09-23,0.005944018952997611,24
2017-09-24,0.007448939128300502,24
2017-09-25,0.006381025959796432,24
2017-09-26,0.005586015369233371,24
2017-09-27,0.006196418864654147,24
2017-09-28,0.006270209279893578,24
2017-09-29,0.006319187249986974,24
2017-09-30,0.006155715067932062,24
2017-10-01,0.006373124759650822,24
2017-10-02,0.005731863776223533,24
2017-10-03,0.005335647597840539,24
2017-10-04,0.00552083380712222,24
2017-10-05,0.0063937762855705025,24
2017-10-06,0.006894462180836176,24
2017-10-07,0.0065360973330720155,24
2017-10-08,0.006024513404626786,24
2017-10-09,0.005078162766767551,24
2017-10-10,0.005040722421286734,24
2017-10-11,0.005125163056061436,24
2017-10-12,0.005231615209329284,24
2017-10-13,0.005183304609101779,24
2017-10-14,0.005123660926700906,24
2017-10-15,0.005355468068969244,24
2017-10-16,0.004843419491765435,24
2017-10-17,0.004587268613455893,24
2017-10-18,0.004471777179147847,24
2017-10-19,0.004676505607789975,24
2017-10-20,0.0045216646843983825,24
2017-10-21,0.004034475955463264,24
2017-10-22,0.004676576451199048,24
2017-10-23,0.004811865460467971,24
2017-10-24,0.004328546573234024,24
2017-10-25,0.004160589715855193,24
2017-10-26,0.004324720890874925,24
2017-10-27,0.004145486702118597,24
2017-10-28,0.0039299578837896365,24
2017-10-29,0.0038140508717576195,24
2017-10-30,0.004040160791373543,24
2017-10-31,0.003768453610324329,24
2017-11-01,0.003762397572389115,24
2017-11-02,0.0035739210176099017,24
2017-11-03,0.0034658325918060146,24
2017-11-04,0.003428064299053469,24
2017-11-05,0.0033634288955947974,24
2017-11-06,0.0032203777740392437,24
2017-11-07,0.003079289409217888,24
2017-11-08,0.0034248898469152944,24
2017-11-09,0.0037113493106918243,24
2017-11-10,0.0035241122917755168,24
2017-11-11,0.003726707969467009,24
2017-11-12,0.0036212986675787746,24
2017-11-13,0.0034979193119302134,24
2017-11-14,0.003668300760970262,24
2017-11-15,0.003585360558278602,24
2017-11-16,0.003364222241460869,24
2017-11-17,0.003311961894727981,24
2017-11-18,0.0029912039071942572,24
2017-11-19,0.002836323856192118,24
2017-11-20,0.0027358641554340118,24
2017-11-21,0.0025812189493233744,24
2017-11-22,0.0025150090172623763,24
2017-11-23,0.002561920853154958,24
2017-11-24,0.002784703765845998,24
2017-11-25,0.003045864274317501,24
2017-11-26,0.002959816983966858,24
2017-11-27,0.002588995017566646,24
2017-11-28,0.0026371814821728834,24
2017-11-29,0.002694440945553172,24
2017-11-30,0.0024076174295292897,24
2017-12-01,0.0023553135981254753,24
2017-12-02,0.002390083998765978,24
2017-12-03,0.0024770588766583144,24
2017-12-04,0.002270761477869028,24
2017-12-05,0.002222966270273041,24
2017-12-06,0.0022814261829963637,24
2017-12-07,0.002176299806326618,24
2017-12-08,0.0022317115306911468,24
2017-12-09,0.0027091572386721556,24
2017-12-10,0.00251375024332856,24
2017-12-11,0.0025650949997289424,24
2017-12-12,0.0025969771484154977,24
2017-12-13,0.0019711171303406047,24
2017-12-14,0.0018187315872599554,24
2017-12-15,0.0017905576223848116,24
2017-12-16,0.0017684141446889993,24
2017-12-17,0.0017520178052645048,24
2017-12-18,0.0017548698689876592,24
2017-12-19,0.0017438836640044995,24
2017-12-20,0.0018682516410846509,24
2017-12-21,0.001781703274543183,24
2017-12-22,0.001673911579016155,24
2017-12-23,0.001659933922409632,24
2017-12-24,0.0016386076526306943,24
2017-12-25,0.0016135971917010763,24
2017-12-26,0.0016123278335509691,24
2017-12-27,0.0016417691134836794,24
2017-12-28,0.0015725752739146307,24
2017-12-29,0.0015339865404875792,24
2017-12-30,0.0015174280520150914,24
2017-12-31,0.001503124992614393,24
2018-01-01,0.0014828506898073035,24
2018-01-02,0.0014636570433198474,24
2018-01-03,0.0014538627208387348,24
2018-01-04,0.0014503281425664333,24
2018-01-05,0.0015242507859426352,24
2018-01-06,0.0014145866289943655,24
2018-01-07,0.0013863919116320759,24
2018-01-08,0.0013696791085232173,24
2018-01-09,0.0013601205086258461,24
2018-01-10,0.0013460091999745235,24
2018-01-11,0.0013477857330848409,24
2018-01-12,0.0013429886585552716,24
2018-01-13,0.0013028420500358826,24
2018-01-14,0.0012929465953069254,24
2018-01-15,0.001272671026449438,24
2018-01-16,0.001271698808564994,24
2018-01-17,0.001387698403869181,24
2018-01-18,0.0012506845360062625,24
2018-01-19,0.0012412044474903786,24
2018-01-20,0.0012412187471786244,24
2018-01-21,0.00125980580930819,24
2018-01-22,0.0013404265541144232,24
2018-01-23,0.001330377432594744,24
2018-01-24,0.0011986698996828686,24
2018-01-25,0.0011562177082465282,24
2018-01-26,0.0011455771777417187,24
2018-01-27,0.0011398211498699284,24
2018-01-28,0.001138373613079996,24
2018-01-29,0.0012993219060817981,24
2018-01-30,0.0012290052084535355,24
2018-01-31,0.001316410408846516,24
2018-02-01,0.0012597527157689275,24
2018-02-02,0.0011293450521503608,24
2018-02-03,0.0011293453767546632,24
2018-02-04,0.0010482360820813434,24
2018-02-05,0.0011135453342616265,24
2018-02-06,0.0010885157355486614,24
2018-02-07,0.0010287842051270495,24
2018-02-08,0.001024329586569603,24
2018-02-09,9.948292043362522E-4,24
2018-02-10,0.0010075866693330107,24
2018-02-11,0.0010213949214227538,24
2018-02-12,0.0016036299451438374,24
2018-02-13,0.0010653920189531315,24
2018-02-14,0.001039975582988673,24
2018-02-15,0.0011546886594471434,24
2018-02-16,0.0011484692348039123,24
2018-02-17,0.001086477891881247,24
2018-02-18,0.0010478210010844617,24
2018-02-19,0.0010350616374182398,24
2018-02-20,0.001073028091632572,24
2018-02-21,0.0012142530284987704,24
2018-02-22,9.806885563873999E-4,24
2018-02-23,9.533828556466257E-4,24
2018-02-24,0.0013109911814715503,24
2018-02-25,0.0010273806154661477,24
2018-02-26,9.745644450925311E-4,24
2018-02-27,0.0012434072389805773,24
2018-02-28,0.0010261275914005123,24
2018-03-01,0.0013704139697381225,24
2018-03-02,0.005746953458777513,24
2018-03-03,0.002639814810997125,24
2018-03-04,0.0011798615814343145,24
2018-03-05,9.909290501281139E-4,24
2018-03-06,9.34771662272858E-4,24
2018-03-07,9.138723405994335E-4,24
2018-03-08,9.011916436735658E-4,24
2018-03-09,9.846992757501568E-4,24
2018-03-10,9.603398099518462E-4,24
2018-03-11,9.668159301209957E-4,24
2018-03-12,0.0012581651717841304,24
2018-03-13,0.005873613679822685,24
2018-03-14,0.004659191581463825,24
2018-03-15,0.0015055412166995578,24
2018-03-16,9.837045781481233E-4,24
2018-03-17,9.024915914906982E-4,24
2018-03-18,9.066941655846005E-4,24
2018-03-19,0.0011551665584391896,24
2018-03-20,0.001325551112449215,24
2018-03-21,0.0018062010290274717,24
2018-03-22,0.0021330325674294858,24
2018-03-23,0.0019048028084288318,24
2018-03-24,0.0020930355001069745,24
2018-03-25,0.002283350457558695,24
2018-03-26,0.002416700713598156,24
2018-03-27,0.002794220167973347,24
2018-03-28,0.0033543420554122366,24
2018-03-29,0.0029869399635533422,24
2018-03-30,0.0029568447488112853,24
2018-03-31,0.004024176328193192,24
2018-04-01,0.00529216623590691,24
2018-04-02,0.0066026072051692955,24
2018-04-03,0.006978831781162795,24
2018-04-04,0.007442456721149847,24
2018-04-05,0.007213775608739348,24
2018-04-06,0.009751709955602612,24
2018-04-07,0.010944519073660008,24
2018-04-08,0.011756772487700089,24
2018-04-09,0.012712633164730563,24
2018-04-10,0.009148587562233156,24
2018-04-11,0.004584205128166378,24
2018-04-12,0.0024217513418516717,24
2018-04-13,0.0023054644795364935,24
2018-04-14,0.0035156257826325643,24
2018-04-15,0.005644914061240596,24
2018-04-16,0.0068054173842672944,24
2018-04-17,0.005574870769048095,24
2018-04-18,0.00633761298428981,24
2018-04-19,0.005729674368697302,24
2018-04-20,0.01769550612533229,24
2018-04-21,0.00317419020478541,24
2018-04-22,0.0024054048147113655,24
2018-04-23,0.0028409288287605033,24
2018-04-24,0.003988782475686618,24
2018-04-25,0.00606838309558331,24
2018-04-26,0.007706204115586551,24
2018-04-27,0.010163587690879638,24
2018-04-28,0.011329611653656048,24
2018-04-29,0.010967160112473114,24
2018-04-30,0.01119951206241334,24
2018-05-01,0.012373847311740179,24
2018-05-02,0.01369964302580954,24
2018-05-03,0.015329323352553933,24
2018-05-04,0.011040170921604439,24
2018-05-05,0.010072767116359545,24
2018-05-06,0.014259159119344285,24
2018-05-07,0.011464578615494988,24
2018-05-08,0.007469722880314823,24
2018-05-09,0.007756476346887141,24
2018-05-10,0.008839981561433875,24
2018-05-11,0.01305486306914722,24
2018-05-12,0.013986889361534279,24
2018-05-13,0.01814829723480169,24
2018-05-14,0.014723793258265986,24
2018-05-15,0.015124973525732234,24
2018-05-16,0.017222502542160612,24
2018-05-17,0.01411512496091731,24
2018-05-18,0.01549483290163789,24
2018-05-19,0.013121504727057793,24
2018-05-20,0.01094446084435007,24
2018-05-21,0.012244199511024505,24
2018-05-22,0.014700854622162578,24
2018-05-23,0.01442562947009307,24
2018-05-24,0.01404285405229521,24
2018-05-25,0.015767313668790556,24
2018-05-26,0.018708298529821622,24
2018-05-27,0.022167247953780233,24
2018-05-28,0.024440388750248062,24
2018-05-29,0.024789171577341253,24
2018-05-30,0.02709382005575242,24
2018-05-31,0.03138610743469745,24
2018-06-01,0.0372521439726518,24
2018-06-02,0.03905347311810624,24
2018-06-03,0.04581671224034313,24
2018-06-04,0.05586124484011965,24
2018-06-05,0.0669081501749162,24
2018-06-06,0.07609330570115537,24
2018-06-07,0.07933197391470732,24
2018-06-08,0.08558960754191772,24
2018-06-09,0.09232756336149174,24
2018-06-10,0.10456929591243992,24
2018-06-11,0.104056086262606,24
2018-06-12,0.09484045292845505,24
2018-06-13,0.09026080191659738,24
2018-06-14,0.09174361753083407,24
2018-06-15,0.10083406135520966,24
2018-06-16,0.09169628440938994,24
2018-06-17,0.0712600971967354,24
2018-06-18,0.0685809986596788,24
2018-06-19,0.07722856534060463,24
2018-06-20,0.08174256768924776,24
2018-06-21,0.08162734230609908,24
2018-06-22,0.0783118276353596,24
2018-06-23,0.07550988622452469,24
2018-06-24,0.06713116662859522,24
2018-06-25,0.05699575831033581,24
2018-06-26,0.05147387993908213,24
2018-06-27,0.05179454446254458,24
2018-06-28,0.0583131060838878,24
2018-06-29,0.059362167920915906,24
2018-06-30,0.06460077927030472,24
2018-07-01,0.05882418840372123,24
2018-07-02,0.06060103022026992,24
2018-07-03,0.055832702094881725,24
2018-07-04,0.04351948026544447,24
2018-07-05,0.0358598506753582,24
2018-07-06,0.0394799248497787,24
2018-07-07,0.043428933366996846,24
2018-07-08,0.04833909473086511,24
2018-07-09,0.05365195032153173,24
2018-07-10,0.05650256441136989,24
2018-07-11,0.056806610409882316,24
2018-07-12,0.05420227613462938,24
2018-07-13,0.0538754444459349,24
2018-07-14,0.047604312909533535,24
2018-07-15,0.04267997469624607,24
2018-07-16,0.04094808226249716,24
2018-07-17,0.04264167568334274,24
2018-07-18,0.0390276705710739,24
2018-07-19,0.036776027993732655,24
2018-07-20,0.03409037531947308,24
2018-07-21,0.03211809335244351,24
2018-07-22,0.029075152814700828,24
2018-07-23,0.036607437257851455,24
2018-07-24,0.03589144079853404,24
2018-07-25,0.028118312724321696,24
2018-07-26,0.03185623818465166,24
2018-07-27,0.03310273533867316,24
2018-07-28,0.023042212435732283,24
2018-07-29,0.015247987610116573,24
2018-07-30,0.012117582000338628,24
2018-07-31,0.010202274133345318,24
2018-08-01,0.01010887414288915,24
2018-08-02,0.011217573027210982,24
2018-08-03,0.009912424049463646,24
2018-08-04,0.008732336277747341,24
2018-08-05,0.009164310375918104,24
2018-08-06,0.012181529251794204,24
2018-08-07,0.022325521133003432,24
2018-08-08,0.025987601966192427,24
2018-08-09,0.018484430833413598,24
2018-08-10,0.014399946129996082,24
2018-08-11,0.011536754571814942,24
2018-08-12,0.01654562823477746,24
2018-08-13,0.021735380408658293,24
2018-08-14,0.012989341500368482,24
2018-08-15,0.008889874963286259,24
2018-08-16,0.009465373520525771,24
2018-08-17,0.011753850881529719,24
2018-08-18,0.014501249106981601,24
2018-08-19,0.01108865627784078,24
2018-08-20,0.0092214915659596,24
2018-08-21,0.010237297316259419,24
2018-08-22,0.010307913805343181,24
2018-08-23,0.011028434643398961,24
2018-08-24,0.01123342014893828,24
2018-08-25,0.011286948190659061,24
2018-08-26,0.01094904218275929,24
2018-08-27,0.008412753545707646,24
2018-08-28,0.0067311299187582845,24
2018-08-29,0.006141128539189705,24
2018-08-30,0.007188396119714432,24
2018-08-31,0.007710919849887571,24
2018-09-01,0.0073405520147641285,24
2018-09-02,0.00789288012167683,24
2018-09-03,0.009395257535775537,24
2018-09-04,0.00788181536975596,24
2018-09-05,0.006993240906545254,24
2018-09-06,0.00801550068680894,24
2018-09-07,0.0094942429557272,24
2018-09-08,0.00897773175437917,24
2018-09-09,0.009725735656183792,24
2018-09-10,0.008686338239050705,24
2018-09-11,0.0069774364541577046,24
2018-09-12,0.004891180777151722,24
2018-09-13,0.005768659104644916,24
2018-09-14,0.007097940336853337,24
2018-09-15,0.006846287741095232,24
2018-09-16,0.006949336086073499,24
2018-09-17,0.00573981284570609,24
2018-09-18,0.005289268452853545,24
2018-09-19,0.005421457254359299,24
2018-09-20,0.005513531762763157,24
2018-09-21,0.005707424138784098,24
2018-09-22,0.005619095267711059,24
2018-09-23,0.006860401839974177,24
2018-09-24,0.005712029088335925,24
2018-09-25,0.0061366127942562585,24
2018-09-26,0.005923872994474953,24
2018-09-27,0.005733942582479045,24
2018-09-28,0.0056559034774081,24
2018-09-29,0.005874772300830758,24
2018-09-30,0.006072232901332392,24
2018-10-01,0.005398935513141185,24
2018-10-02,0.00531496149359597,24
2018-10-03,0.005621856594295663,24
2018-10-04,0.005876715009488517,24
2018-10-05,0.005860231025463628,24
2018-10-06,0.005373699709219141,24
2018-10-07,0.004947539319646342,24
2018-10-08,0.005022848181787115,24
2018-10-09,0.005614602934992562,24
2018-10-10,0.004672979423049584,24
2018-10-11,0.004472418049551831,24
2018-10-12,0.004235249742483236,24
2018-10-13,0.004049575122496158,24
2018-10-14,0.00410372651128666,24
2018-10-15,0.004214860172127945,24
2018-10-16,0.004899701897509522,24
2018-10-17,0.0036325588272583297,24
2018-10-18,0.0034187415715436187,24
2018-10-19,0.0033000203143649254,24
2018-10-20,0.0031312908269036715,24
2018-10-21,0.003160058928584606,24
2018-10-22,0.003107588637456582,24
2018-10-23,0.0030944949946512864,24
2018-10-24,0.003048643154522025,24
2018-10-25,0.003147878708326972,24
2018-10-26,0.003099087479033515,24
2018-10-27,0.0030635170438513895,24
2018-10-28,0.0032254519253708314,24
2018-10-29,0.003438141964385001,24
2018-10-30,0.0033596220494404726,24
2018-10-31,0.003579018839632058,24
2018-11-01,0.005116253880279652,24
2018-11-02,0.0033238058037586187,24
2018-11-03,0.0027569288905524986,24
2018-11-04,0.0024743984915578934,24
2018-11-05,0.0023922590207123623,24
2018-11-06,0.0023583803267619285,24
2018-11-07,0.002392065588689931,24
2018-11-08,0.002483007702758666,24
2018-11-09,0.002444408074767012,24
2018-11-10,0.002493515603843382,24
2018-11-11,0.002424972417672579,24
2018-11-12,0.002706055192838378,24
2018-11-13,0.0023559253068455572,24
2018-11-14,0.002476747659151098,24
2018-11-15,0.002181515976092779,24
2018-11-16,0.0021417216978327318,24
2018-11-17,0.0021097609755665317,24
2018-11-18,0.00211780916542623,24
2018-11-19,0.002211539558826009,24
2018-11-20,0.0020805992463883457,24
2018-11-21,0.0020546864755994474,24
2018-11-22,0.002038644537538604,24
2018-11-23,0.002042331761619815,24
2018-11-24,0.002040598915600352,24
2018-11-25,0.002115536739117428,24
2018-11-26,0.0020132853643563277,24
2018-11-27,0.0020540570781246836,24
2018-11-28,0.002220475819189439,24
2018-11-29,0.001966606822506268,24
2018-11-30,0.0019177431796507743,24
2018-12-01,0.0019101966452987453,24
2018-12-02,0.0019009750365907244,24
2018-12-03,0.0018438152925112827,24
2018-12-04,0.0018730934437870773,24
2018-12-05,0.0018542376193863128,24
2018-12-06,0.0017878125237024318,24
2018-12-07,0.0017703003488350668,24
2018-12-08,0.0017757040258953001,24
2018-12-09,0.0018843717066523568,24
2018-12-10,0.0022152562500566443,24
2018-12-11,0.0019224675725010429,24
2018-12-12,0.001718614254023954,24
2018-12-13,0.0016895111358803273,24
2018-12-14,0.0016703029910041518,24
2018-12-15,0.001635178033173041,24
2018-12-16,0.001640698005350918,24
2018-12-17,0.0016272378087584796,24
2018-12-18,0.0016126991394980164,24
2018-12-19,0.0016466494688096008,24
2018-12-20,0.0015977332747000759,24
2018-12-21,0.0015540647722733086,24
2018-12-22,0.001541864776868148,24
2018-12-23,0.0015530698576511725,24
2018-12-24,0.0015146026213466795,24
2018-12-25,0.0014952495053340686,24
2018-12-26,0.001476365680801763,24
2018-12-27,0.0015033355502144664,24
2018-12-28,0.0014571951084743687,24
2018-12-29,0.0014581140107858747,24
2018-12-30,0.0014984259787138583,24
2018-12-31,0.0014450493104645602,24
2019-01-01,0.0014250965485190586,24
2019-01-02,0.0015985563171330864,24
2019-01-03,0.0014264805485117561,24
2019-01-04,0.0014522578125521189,24
2019-01-05,0.0015383988439114623,24
2019-01-06,0.0013711629773681456,24
2019-01-07,0.0013496855831306436,24
2019-01-08,0.0013615735199503601,24
2019-01-09,0.0013370886367260484,24
2019-01-10,0.0013190694725957774,24
2019-01-11,0.0014573773422288773,24
2019-01-12,0.0016003004586264604,24
2019-01-13,0.0013013664557875637,24
2019-01-14,0.0012688779531151591,24
2019-01-15,0.0012756523710065685,24
2019-01-16,0.0012851285442968304,24
2019-01-17,0.0012647970528740456,24
2019-01-18,0.0012430076259473029,24
2019-01-19,0.0014492889766071506,24
2019-01-20,0.001888305616819141,24
2019-01-21,0.0033896924239936095,24
2019-01-22,0.002386588202869689,24
2019-01-23,0.0014409550723912484,24
2019-01-24,0.0012749217012251034,24
2019-01-25,0.001271528811751141,24
2019-01-26,0.001244683155301848,24
2019-01-27,0.001226763388389827,24
2019-01-28,0.0012195001955780382,24
2019-01-29,0.0012306221566576424,24
2019-01-30,0.0012929480216678116,24
2019-01-31,0.0018276142921009857,24
2019-02-01,0.0013345666750585973,24
2019-02-02,0.0012320549902411291,24
2019-02-03,0.0012267209846525155,24
2019-02-04,0.0011934937246806554,24
2019-02-05,0.0013651431004275123,24
2019-02-06,0.0023150649634068763,24
2019-02-07,0.0015362697950831318,24
2019-02-08,0.0014729998993734405,24
2019-02-09,0.0012479767807373832,24
2019-02-10,0.0012308238937527927,24
2019-02-11,0.0012752288113089562,24
2019-02-12,0.0014412092536587322,24
2019-02-13,0.0021136497929393422,24
2019-02-14,0.002578807294754849,24
2019-02-15,0.001540266649109902,24
2019-02-16,0.001366800405265529,24
2019-02-17,0.001369234835389273,24
2019-02-18,0.001736203664743655,24
2019-02-19,0.0013809145853643841,24
2019-02-20,0.0025601273270387695,24
2019-02-21,0.004362461946867194,24
2019-02-22,0.0018136985001348577,24
2019-02-23,0.0016354827885150334,24
2019-02-24,0.0017801921479039054,24
2019-02-25,0.0018936865609980558,24
2019-02-26,0.0021980144183909073,24
2019-02-27,0.001719855977028471,24
2019-02-28,0.001642454894159979,24
2019-03-01,0.0016819198120269182,24
2019-03-02,0.0029809017179438595,24
2019-03-03,0.002135275722207768,24
2019-03-04,0.001844087158063676,24
2019-03-05,0.0017482552609089012,24
2019-03-06,0.0017571427554370798,24
2019-03-07,0.0021465110631179586,24
2019-03-08,0.0018583687901707101,24
2019-03-09,0.0018903521619001457,24
2019-03-10,0.001942089935786835,24
2019-03-11,0.004041080618688455,24
2019-03-12,0.001999464763889191,24
2019-03-13,0.0017497093636783256,24
2019-03-14,0.0018813445421149197,24
2019-03-15,0.0019475232819070342,24
2019-03-16,0.001966231341300011,24
2019-03-17,0.0023164456063534777,24
2019-03-18,0.0021563594881265726,24
2019-03-19,0.003928964395051128,24
2019-03-20,0.0029761720467767886,24
2019-03-21,0.002112919094808808,24
2019-03-22,0.002168091375482245,24
2019-03-23,0.002155674683498065,24
2019-03-24,0.0025280955101248865,24
2019-03-25,0.002577726783470938,24
2019-03-26,0.0026152416427473227,24
2019-03-27,0.002989369951124355,24
2019-03-28,0.0038206139463426193,24
2019-03-29,0.003395101604586849,24
2019-03-30,0.004479037517085582,24
2019-03-31,0.00330563855690218,24
2019-04-01,0.0033663533061042195,24
2019-04-02,0.003809617346470438,24
2019-04-03,0.004192237977541327,24
2019-04-04,0.0048712681618505085,24
2019-04-05,0.005260881046758251,24
2019-04-06,0.00559276187742574,24
2019-04-07,0.005267159997559144,24
2019-04-08,0.006220150874961241,24
2019-04-09,0.006662139748208646,24
2019-04-10,0.006880817615447493,24
2019-04-11,0.005853276134387845,24
2019-04-12,0.009000968913962562,24
2019-04-13,0.00900318150009871,24
2019-04-14,0.010619515162691247,24
2019-04-15,0.012068613633592885,24
2019-04-16,0.01776153618757027,24
2019-04-17,0.016322799304121546,24
2019-04-18,0.01174294868903572,24
2019-04-19,0.008763643421209309,24
2019-04-20,0.010779483148994205,24
2019-04-21,0.01723809208126213,24
2019-04-22,0.021691488502932663,24
2019-04-23,0.024828531611314916,24
2019-04-24,0.030538740842657362,24
2019-04-25,0.02396690367278443,24
2019-04-26,0.01650093293355195,24
2019-04-27,0.01346365277793155,24
2019-04-28,0.015456438658664293,24
2019-04-29,0.016711190050289332,24
2019-04-30,0.018357664701798303,24
2019-05-01,0.01220403624467221,24
2019-05-02,0.010330117738105367,24
2019-05-03,0.009694601544717156,24
2019-05-04,0.008605789338838044,24
2019-05-05,0.008765249653304542,24
2019-05-06,0.009885969598973327,24
2019-05-07,0.012637650747193346,24
2019-05-08,0.016556922324569148,24
2019-05-09,0.020258899142796463,24
2019-05-10,0.027523966042249687,24
2019-05-11,0.02954079215295664,24
2019-05-12,0.028049292837882798,24
2019-05-13,0.027680701692437776,24
2019-05-14,0.03283934415162284,24
2019-05-15,0.030377282594526975,24
2019-05-16,0.030752803052527977,24
2019-05-17,0.032186236941766755,24
2019-05-18,0.034047459902598776,24
2019-05-19,0.029197989632599338,24
2019-05-20,0.03177189192463823,24
2019-05-21,0.0299183099510165,24
2019-05-22,0.03474571781862776,24
2019-05-23,0.03747095570469229,24
2019-05-24,0.03530167561519781,24
2019-05-25,0.02711089695962901,24
2019-05-26,0.023109799614888505,24
2019-05-27,0.02305631940000059,24
2019-05-28,0.024059069840771805,24
2019-05-29,0.027178287636936024,24
2019-05-30,0.032758215107159,24
2019-05-31,0.0421416406979982,24
2019-06-01,0.05291565058672243,24
2019-06-02,0.05855777932354581,24
2019-06-03,0.056637167547772434,24
2019-06-04,0.040323416374164554,24
2019-06-05,0.03326277067924001,24
2019-06-06,0.03246731689875968,24
2019-06-07,0.03461530730625468,24
2019-06-08,0.039060048498438284,24
2019-06-09,0.04389130723692743,24
2019-06-10,0.048371946332726116,24
2019-06-11,0.04038278645867955,24
2019-06-12,0.0306421737914233,24
2019-06-13,0.015531105162766746,24
2019-06-14,0.01786767823091792,24
2019-06-15,0.027464484305143737,24
2019-06-16,0.03191663472447701,24
2019-06-17,0.02923889566005063,24
2019-06-18,0.034944912129700266,24
2019-06-19,0.03931822596071329,24
2019-06-20,0.046378098084347945,24
2019-06-21,0.054592997071257116,24
2019-06-22,0.055171728928764416,24
2019-06-23,0.05794673482211818,24
2019-06-24,0.047858403392081306,24
2019-06-25,0.04904200791103067,24
2019-06-26,0.03862042783283145,24
2019-06-27,0.04039012894075243,24
2019-06-28,0.04876675541691581,24
2019-06-29,0.05494839738613466,24
2019-06-30,0.0726218165116661,24
2019-07-01,0.07598674816446103,24
2019-07-02,0.08022625077051368,24
2019-07-03,0.08727633121634049,24
2019-07-04,0.09244091658432503,24
2019-07-05,0.09694217287903281,24
2019-07-06,0.09665011433871844,24
2019-07-07,0.10513257129582267,24
2019-07-08,0.11461095248107014,24
2019-07-09,0.11505081458877908,24
2019-07-10,0.11366288419927739,24
2019-07-11,0.11887343951399944,24
2019-07-12,0.11615027287211337,24
2019-07-13,0.11249596678596105,24
2019-07-14,0.1117117061743336,24
2019-07-15,0.10437526081465215,24
2019-07-16,0.09127287975274828,24
2019-07-17,0.08757907159114137,24
2019-07-18,0.09411616482788189,24
2019-07-19,0.08704217411916655,24
2019-07-20,0.08137195726314955,24
2019-07-21,0.08074287014288165,24
2019-07-22,0.08090208258602376,24
2019-07-23,0.07914362063135817,24
2019-07-24,0.08197738863979158,24
2019-07-25,0.07753905629819556,24
2019-07-26,0.0816345410223839,24
2019-07-27,0.08596991943258653,24
2019-07-28,0.08774965973522254,24
2019-07-29,0.07680145727430471,24
2019-07-30,0.07230557127718704,24
2019-07-31,0.06546242092183653,24
2019-08-01,0.05880452016677431,24
2019-08-02,0.05228069362467765,24
2019-08-03,0.04678766409530144,24
2019-08-04,0.04306349943556496,24
2019-08-05,0.03918169768245277,24
2019-08-06,0.03605569784748813,24
2019-08-07,0.03277734062702817,24
2019-08-08,0.029777962262785135,24
2019-08-09,0.032943862540234695,24
2019-08-10,0.035581736636304116,24
2019-08-11,0.03502765708040054,24
2019-08-12,0.026695940959580854,24
2019-08-13,0.023950041983288286,24
2019-08-14,0.03356208181045216,24
2019-08-15,0.026781714119459364,24
2019-08-16,0.017713814765321537,24
2019-08-17,0.019701996311816093,24
2019-08-18,0.015724479210642732,24
2019-08-19,0.011836284742989974,24
2019-08-20,0.011063153548497429,24
2019-08-21,0.008212984244962966,24
2019-08-22,0.007439591187883173,24
2019-08-23,0.008706237709015735,24
2019-08-24,0.009974734161459218,24
2019-08-25,0.009012359005203682,24
2019-08-26,0.009666545299615694,24
2019-08-27,0.010964656763244386,24
2019-08-28,0.011162362104605866,24
2019-08-29,0.011688915044733421,24
2019-08-30,0.010995489999986053,24
2019-08-31,0.013783253312732556,24
2019-09-01,0.0113505302189807,24
2019-09-02,0.009525562070164844,24
2019-09-03,0.008359769370460481,24
2019-09-04,0.008175341067725135,24
2019-09-05,0.007162523708331247,24
2019-09-06,0.007493975790595373,24
2019-09-07,0.009073848987159887,24
2019-09-08,0.006840022708648024,24
2019-09-09,0.005635890987727101,24
2019-09-10,0.005861113797901428,24
2019-09-11,0.005377863865943637,24
2019-09-12,0.00605432652786998,24
2019-09-13,0.0061481149891333894,24
2019-09-14,0.006126880990878637,24
2019-09-15,0.005580058424588224,24
2019-09-16,0.0053979478512711085,24
2019-09-17,0.0051031965114085994,24
2019-09-18,0.004252737038969025,24
2019-09-19,0.00410884836839334,24
2019-09-20,0.004316313274548983,24
2019-09-21,0.004614317213624385,24
2019-09-22,0.004087505320572718,24
2019-09-23,0.00381285717036046,24
2019-09-24,0.003830921110305168,24
2019-09-25,0.004033463052852905,24
2019-09-26,0.00410854892912025,24
2019-09-27,0.0039438501231033336,24
2019-09-28,0.004041102373202198,24
2019-09-29,0.0062395683180320885,24
2019-09-30,0.00669921020236902,24
2019-10-01,0.006079851539880209,24
2019-10-02,0.005332780095613404,24
2019-10-03,0.005050354849707743,24
2019-10-04,0.005588922772425864,24
2019-10-05,0.004988523556471472,24
2019-10-06,0.00463566756355954,24
2019-10-07,0.005802426216887392,24
2019-10-08,0.004588563704218118,24
2019-10-09,0.004307882350331728,24
2019-10-10,0.0039969515853367985,24
2019-10-11,0.00411256850749953,24
2019-10-12,0.00406130217257129,24
2019-10-13,0.003840828503631513,24
2019-10-14,0.003837911920204942,24
2019-10-15,0.0037939587212694353,24
2019-10-16,0.003744775907991175,24
2019-10-17,0.0043945998255982424,24
2019-10-18,0.004723733718911578,24
2019-10-19,0.004219315187253423,24
2019-10-20,0.003730813025198749,24
2019-10-21,0.00367656733127487,24
2019-10-22,0.003556147462433651,24
2019-10-23,0.0038284210135418875,24
2019-10-24,0.0035234673016241867,24
2019-10-25,0.003324389283611126,24
2019-10-26,0.003112446843164644,24
2019-10-27,0.0031806350228229872,24
2019-10-28,0.003672878660397576,24
2019-10-29,0.003778682595843468,24
2019-10-30,0.0036723344209140052,24
2019-10-31,0.00340358334128614,24
2019-11-01,0.003308697174898541,24
2019-11-02,0.0039441713971716166,24
2019-11-03,0.003622218900692659,24
2019-11-04,0.0029662857985567155,24
2019-11-05,0.0028324562504466557,24
2019-11-06,0.0038959648866962893,24
2019-11-07,0.0026541473631290953,24
2019-11-08,0.002341977778028473,24
2019-11-09,0.00224752473408882,24
2019-11-10,0.0021985015854957043,24
2019-11-11,0.0021558162879582073,24
2019-11-12,0.0021771507095367376,24
2019-11-13,0.002216444149139273,24
2019-11-14,0.0026205128197537546,24
2019-11-15,0.004185125475235091,24
2019-11-16,0.0029628563946758925,24
2019-11-17,0.0020852458537309803,24
2019-11-18,0.0019913109651113698,24
2019-11-19,0.00196492283426666,24
2019-11-20,0.001956698423404041,24
2019-11-21,0.002597907163431447,24
2019-11-22,0.0033566791661083376,24
2019-11-23,0.0020615276545811524,24
2019-11-24,0.0019492230488142156,24
2019-11-25,0.0019058428679700561,24
2019-11-26,0.0019037309312251655,24
2019-11-27,0.0023276338412245566,24
2019-11-28,0.0018845326638554484,24
2019-11-29,0.0017912908222226353,24
2019-11-30,0.0017616646711679045,24
2019-12-01,0.0017460457205297774,24
2019-12-02,0.0017324704180694708,24
2019-12-03,0.0017178618719093147,24
2019-12-04,0.0017170615784308917,24
2019-12-05,0.0017062556785545865,24
2019-12-06,0.0016918973245543254,24
2019-12-07,0.0016693693802431703,24
2019-12-08,0.0016529310921648097,24
2019-12-09,0.0016579378703117204,24
2019-12-10,0.00168208837882468,24
2019-12-11,0.0018196872289857197,24
2019-12-12,0.0017772126128640913,24
2019-12-13,0.0017977812938127808,24
2019-12-14,0.0017646092162855519,24
2019-12-15,0.0015832766074577412,24
2019-12-16,0.0015472589371721486,24
2019-12-17,0.0015311189061361107,24
2019-12-18,0.0015362844847012995,24
2019-12-19,0.0015345436900662541,24
2019-12-20,0.0015140601979818273,24
2019-12-21,0.0014823028425965997,24
2019-12-22,0.0014674523128821214,24
2019-12-23,0.0014491851809785724,24
2019-12-24,0.0014348332066455626,24
2019-12-25,0.0014225709450826484,24
2019-12-26,0.0014102496312240495,24
2019-12-27,0.001409081217823267,24
2019-12-28,0.0014000197160550555,24
2019-12-29,0.0013915135043868394,24
2019-12-30,0.0013780341117090285,24
2019-12-31,0.0013784494400323256,24
2020-01-01,0.001348106217201883,24
2020-01-02,0.001412357607533954,24
2020-01-03,0.0014835657726806784,24
2020-01-04,0.0013784947210957854,24
2020-01-05,0.0013305637990699468,24
2020-01-06,0.0016144867671721236,24
2020-01-07,0.0015925495968498902,24
2020-01-08,0.0013394794659190004,24
2020-01-09,0.0012867165905867553,24
2020-01-10,0.0012759450834504613,24
2020-01-11,0.0012824376204315074,24
2020-01-12,0.0016196437425232465,24
2020-01-13,0.003637450636315036,24
2020-01-14,0.001430905940316676,24
2020-01-15,0.0012586732298081008,24
2020-01-16,0.0012465940402556378,24
2020-01-17,0.00124263023992221,24
2020-01-18,0.00123863293932245,24
2020-01-19,0.0012246612849768686,24
2020-01-20,0.001243423918285813,24
2020-01-21,0.0014764418707696183,24
2020-01-22,0.0012737876036604534,24
2020-01-23,0.0012138029838682934,24
2020-01-24,0.0012137038157715588,24
2020-01-25,0.0013013477422719592,24
2020-01-26,0.0012669680975802146,24
2020-01-27,0.0012138706240367315,24
2020-01-28,0.0015198053492047974,24
2020-01-29,0.0015268436466801668,24
2020-01-30,0.001221326038261284,24
2020-01-31,0.0011962143823372711,24
2020-02-01,0.0011982887836177736,24
2020-02-02,0.0012008264418219541,24
2020-02-03,0.0012057522753561127,24
2020-02-04,0.001233709793874363,24
2020-02-05,0.00126171384270354,24
2020-02-06,0.0012369173834084837,24
2020-02-07,0.0012281596043785983,24
2020-02-08,0.0012383568455619864,24
2020-02-09,0.0012467774924855065,24
2020-02-10,0.0012553161709742886,24
2020-02-11,0.0013594426847704114,24
2020-02-12,0.001427937105468499,24
2020-02-13,0.003515287132312492,24
2020-02-14,0.0014710582488713742,24
2020-02-15,0.0012601299749654946,24
2020-02-16,0.0012429433970748238,24
2020-02-17,0.0012177284078541384,24
2020-02-18,0.0012440999354462173,24
2020-02-19,0.0013322419177328136,24
2020-02-20,0.0014464036169420608,24
2020-02-21,0.0013159037822291287,24
2020-02-22,0.0013696179491264442,24
2020-02-23,0.0014023135464895286,24
2020-02-24,0.0014771922199611298,24
2020-02-25,0.0015286975514544807,24
2020-02-26,0.001619040013128896,24
2020-02-27,0.0018161274998365958,24
2020-02-28,0.0030795157095621813,24
2020-02-29,0.001762957624733824,24
2020-03-01,0.0015373847613648728,24
2020-03-02,0.0014692822529937058,24
2020-03-03,0.0014473112450110576,24
2020-03-04,0.0015296955632703908,24
2020-03-05,0.0021750790963132186,24
2020-03-06,0.0028823681011483785,24
2020-03-07,0.006357970328480707,24
2020-03-08,0.006095365413498056,24
2020-03-09,0.0017188759864326436,24
2020-03-10,0.0016265251102426173,24
2020-03-11,0.001838792289105451,24
2020-03-12,0.0024312986490194065,24
2020-03-13,0.0022028672963164287,24
2020-03-14,0.002308483806339807,24
2020-03-15,0.002307396339805015,24
2020-03-16,0.0023110254505791833,24
2020-03-17,0.002650486379428437,24
2020-03-18,0.0026401152117293057,24
2020-03-19,0.0025392352163544274,24
2020-03-20,0.0025970417906176374,24
2020-03-21,0.0032007835634032165,24
2020-03-22,0.0026948898450258013,24
2020-03-23,0.002396975596495453,24
2020-03-24,0.004375662432994685,24
2020-03-25,0.002401763367821837,24
2020-03-26,0.002215558069329914,24
2020-03-27,0.004555056669780748,24
2020-03-28,0.004122405432592807,24
2020-03-29,0.0020893003025280734,24
2020-03-30,0.001885129989928113,24
2020-03-31,0.008130711951037975,24
2020-04-01,0.004347628276717188,24
2020-04-02,0.002975243120135656,24
2020-04-03,0.0026603957086141867,24
2020-04-04,0.0026636100867741177,24
2020-04-05,0.002782505318940756,24
2020-04-06,0.0033860439140166003,24
2020-04-07,0.0033282262088555224,24
2020-04-08,0.003356477171322324,24
2020-04-09,0.003259706408349542,24
2020-04-10,0.003764446537943731,24
2020-04-11,0.003534495361235455,24
2020-04-12,0.00422018136872587,24
2020-04-13,0.005112538786197275,24
2020-04-14,0.007075956860759485,24
2020-04-15,0.010382410250038955,24
2020-04-16,0.004096456483191837,24
2020-04-17,0.005491286432351591,24
2020-04-18,0.008229704590631442,24
2020-04-19,0.0045957537869710414,24
2020-04-20,0.004506396866128571,24
2020-04-21,0.006459393613391786,24
2020-04-22,0.00658610649346793,24
2020-04-23,0.007521180396856466,24
2020-04-24,0.008527276614832881,24
2020-04-25,0.010919232712450301,24
2020-04-26,0.014269400793168076,24
2020-04-27,0.01717990753397026,24
2020-04-28,0.017056309912422647,24
2020-04-29,0.019912582298814,24
2020-04-30,0.023766736011351604,24
2020-05-01,0.02489398935549659,24
2020-05-02,0.029728026667522358,24
2020-05-03,0.028994140503926548,24
2020-05-04,0.02187640997395303,24
2020-05-05,0.018361092448606606,24
2020-05-06,0.01317896857975789,24
2020-05-07,0.014297070366222799,24
2020-05-08,0.020529262817496296,24
2020-05-09,0.029542943207039433,24
2020-05-10,0.035320121276560645,24
2020-05-11,0.03293683123136599,24
2020-05-12,0.040437913205130405,24
2020-05-13,0.04673055962905302,24
2020-05-14,0.041516572391680724,24
2020-05-15,0.043405195210558724,24
2020-05-16,0.03237877622236038,24
2020-05-17,0.03427869955755878,24
2020-05-18,0.02979081188715119,24
2020-05-19,0.030164408378425593,24
2020-05-20,0.03295691080929539,24
2020-05-21,0.04425045930184224,24
2020-05-22,0.05255238263850275,24
2020-05-23,0.05839111972589575,24
2020-05-24,0.06503772251452565,24
2020-05-25,0.05911669417464182,24
2020-05-26,0.05574078516192268,24
2020-05-27,0.05739797763892828,24
2020-05-28,0.06492367411637537,24
2020-05-29,0.06972456031661349,24
2020-05-30,0.07134890903671784,24
2020-05-31,0.05620870118758988,24
2020-06-01,0.05521737144694589,24
2020-06-02,0.056689320403819306,24
2020-06-03,0.06858812079479923,24
2020-06-04,0.0767634916075566,24
2020-06-05,0.08430368184275956,24
2020-06-06,0.0916282200564616,24
2020-06-07,0.09407461945360958,24
2020-06-08,0.09421524862555002,24
2020-06-09,0.11008160890714797,24
2020-06-10,0.11362161283251482,24
2020-06-11,0.10309708474615926,24
2020-06-12,0.09794685158515375,24
2020-06-13,0.08478322798405499,24
2020-06-14,0.08009150122622646,24
2020-06-15,0.07103024463815646,24
2020-06-16,0.07676178815222322,24
2020-06-17,0.0847295614561868,24
2020-06-18,0.0908976118339027,24
2020-06-19,0.09549080299310747,24
2020-06-20,0.08596065111584147,24
2020-06-21,0.07702289417483409,24
2020-06-22,0.07882391416720626,24
2020-06-23,0.08732013451817272,24
2020-06-24,0.10052169019551799,24
2020-06-25,0.0927284763148688,24
2020-06-26,0.07632609763000757,24
2020-06-27,0.07850071452943422,24
2020-06-28,0.0787262420690544,24
2020-06-29,0.05635874932915041,24
2020-06-30,0.057911842892995564,24
2020-07-01,0.05933992730044931,24
2020-07-02,0.059771952925113205,24
2020-07-03,0.05804743902121908,24
2020-07-04,0.05822917462147008,24
2020-07-05,0.04988555460721219,24
2020-07-06,0.03793268607641968,24
2020-07-07,0.03656627048254741,24
2020-07-08,0.039894959946523145,24
2020-07-09,0.04720963858779787,24
2020-07-10,0.03672363947396622,24
2020-07-11,0.034914539876328164,24
2020-07-12,0.033080745638523354,24
2020-07-13,0.031501967009342394,24
2020-07-14,0.03026554638840138,24
2020-07-15,0.02848928114609448,24
2020-07-16,0.03168389172972582,24
2020-07-17,0.03548551212370128,24
2020-07-18,0.03726167679966786,24
2020-07-19,0.027774631113617484,24
2020-07-20,0.024010561306423477,24
2020-07-21,0.025883964740653975,24
2020-07-22,0.015665459499727665,24
2020-07-23,0.011039041523427528,24
2020-07-24,0.013576360355916368,24
2020-07-25,0.014580987656337906,24
2020-07-26,0.019013553992180913,24
2020-07-27,0.020551160516421297,24
2020-07-28,0.01842824679076049,24
2020-07-29,0.01638230083712227,24
2020-07-30,0.01545651034177947,24
2020-07-31,0.017391978140731894,24
2020-08-01,0.019273189095877538,24
2020-08-02,0.016867496434039817,24
2020-08-03,0.013394803740097935,24
2020-08-04,0.015583115930143158,24
2020-08-05,0.015290976105743013,24
2020-08-06,0.014459256853895434,24
2020-08-07,0.013375435213161735,24
2020-08-08,0.017317845045465186,24
2020-08-09,0.028258147860523563,24
2020-08-10,0.023400589773536585,24
2020-08-11,0.014654474103864504,24
2020-08-12,0.011206000200708718,24
2020-08-13,0.0103325872854066,24
2020-08-14,0.01886346406459681,24
2020-08-15,0.013933442937778049,24
2020-08-16,0.009395111585982411,24
2020-08-17,0.008998369317417286,24
2020-08-18,0.01214962750486243,24
2020-08-19,0.01350738040292893,24
2020-08-20,0.019963557653496476,24
2020-08-21,0.02288590499928715,24
2020-08-22,0.009958122885973078,24
2020-08-23,0.006511843828617449,24
2020-08-24,0.0066504032437154,24
2020-08-25,0.007921347651707423,24
2020-08-26,0.013863488934259864,24
2020-08-27,0.049134872494361784,24
2020-08-28,0.022041073521249045,24
2020-08-29,0.010515461306713488,24
2020-08-30,0.009811083706812159,24
2020-08-31,0.013103174610777223,24
2020-09-01,0.02343324047064534,24
2020-09-02,0.03720472344569399,24
2020-09-03,0.025234353954692,24
2020-09-04,0.020512553347090724,24
2020-09-05,0.01602822928826427,24
2020-09-06,0.013385170325468895,24
2020-09-07,0.009943459931526193,24
2020-09-08,0.007865855338714598,24
2020-09-09,0.007771651633505093,24
2020-09-10,0.006651648433865033,24
2020-09-11,0.007704089882126478,24
2020-09-12,0.007284122461097268,24
2020-09-13,0.00659272747511963,24
2020-09-14,0.007850680887280198,24
2020-09-15,0.008587781753319012,24
2020-09-16,0.007753032250978883,24
2020-09-17,0.007900784580060966,24
2020-09-18,0.00768744803548568,24
2020-09-19,0.006222495204943489,24
2020-09-20,0.005242520858399735,24
2020-09-21,0.004858893725330321,24
2020-09-22,0.005038894440246144,24
2020-09-23,0.005504286959899689,24
2020-09-24,0.005303826007034212,24
2020-09-25,0.005780685575838732,24
2020-09-26,0.007645204808493663,24
2020-09-27,0.008206483483181462,24
2020-09-28,0.007328214017662857,24
2020-09-29,0.0070589632733616715,24
2020-09-30,0.0065553444709838355,24
2020-10-01,0.006604342413984468,24
2020-10-02,0.005982094585958242,24
2020-10-03,0.0056290769389310755,24
2020-10-04,0.005563669802574349,24
2020-10-05,0.00522704240791593,24
2020-10-06,0.005145284744715118,24
2020-10-07,0.0052006957932795965,24
2020-10-08,0.005334858198532055,24
2020-10-09,0.005272313332745191,24
2020-10-10,0.004944364246577506,24
2020-10-11,0.0048386956664082355,24
2020-10-12,0.004789716429511836,24
2020-10-13,0.005412763207929115,24
2020-10-14,0.005268487125982227,24
2020-10-15,0.005040370521531705,24
2020-10-16,0.004597900987161305,24
2020-10-17,0.004415493369531684,24
2020-10-18,0.004316214147437364,24
2020-10-19,0.003982753509169271,24
2020-10-20,0.003850387091383872,24
2020-10-21,0.004179470419837583,24
2020-10-22,0.004112234599608204,24
2020-10-23,0.00452068225822856,24
2020-10-24,0.004500326775106456,24
2020-10-25,0.004440721079143899,24
2020-10-26,0.004391048921846003,24
2020-10-27,0.004399608489583531,24
2020-10-28,0.004478203358650877,24
2020-10-29,0.004142921958678821,24
2020-10-30,0.0036816699485828497,24
2020-10-31,0.0037869115691004664,24
2020-11-01,0.0038742655651999593,24
2020-11-02,0.003714866307254428,24
2020-11-03,0.0036817028630341934,24
2020-11-04,0.003510013771833426,24
2020-11-05,0.0034470374326815334,24
2020-11-06,0.0034429364808349675,24
2020-11-07,0.0034648626577483068,24
2020-11-08,0.0036743718638143764,24
2020-11-09,0.003688873586587322,24
2020-11-10,0.0037233388198801213,24
2020-11-11,0.0035855282369691953,24
2020-11-12,0.003273142549732022,24
2020-11-13,0.003252075425834441,24
2020-11-14,0.004015623719384691,24
2020-11-15,0.004301462771822912,24
2020-11-16,0.00297666145056236,24
2020-11-17,0.0026259160102884284,24
2020-11-18,0.002572011938543613,24
2020-11-19,0.002750149294498764,24
2020-11-20,0.002519586201021964,24
2020-11-21,0.002477488385977776,24
2020-11-22,0.0024453141340276424,24
2020-11-23,0.0027188139871667165,24
2020-11-24,0.0026147530627047117,24
2020-11-25,0.003086207085590217,24
2020-11-26,0.0024430414688317546,24
2020-11-27,0.0023483097040918606,24
2020-11-28,0.002329771432105928,24
2020-11-29,0.0023029467463340975,24
2020-11-30,0.0022709786650854298,24
2020-12-01,0.0022540285965632705,24
2020-12-02,0.0022279168057591264,24
2020-12-03,0.002198000449479283,24
2020-12-04,0.002257724230821003,24
2020-12-05,0.0023098429344605453,24
2020-12-06,0.0023653352272040283,24
2020-12-07,0.002253309397974056,24
2020-12-08,0.0027736006944936637,24
2020-12-09,0.0025139988121158784,24
2020-12-10,0.00208456454257058,24
2020-12-11,0.0022116371641123147,24
2020-12-12,0.0025033409446211896,24
2020-12-13,0.0020675275870370427,24
2020-12-14,0.0020366273122951173,24
2020-12-15,0.0020094567682635784,24
2020-12-16,0.001971121610335678,24
2020-12-17,0.0019403816444028023,24
2020-12-18,0.0019201144808895316,24
2020-12-19,0.0019158942640832332,24
2020-12-20,0.0019293086066627162,24
2020-12-21,0.0020076307919989662,24
2020-12-22,0.0019096713970071049,24
2020-12-23,0.0018686174957224745,24
2020-12-24,0.0018455351566944846,24
2020-12-25,0.0018207130506972642,24
2020-12-26,0.0018252772403929767,24
2020-12-27,0.001810311976921135,24
2020-12-28,0.001801803944418917,24
2020-12-29,0.0017714606072835595,24
2020-12-30,0.0017359821633289245,24
2020-12-31,0.0017143334687182877,24
2021-01-01,0.0017033412795781262,24
2021-01-02,0.0016865120939135029,24
2021-01-03,0.0017173198949728948,24
2021-01-04,0.001690932861814249,24
2021-01-05,0.0021910930231116947,24
2021-01-06,0.0019781332770026617,24
2021-01-07,0.0016827646499083077,24
2021-01-08,0.0022865260354864854,24
2021-01-09,0.0016540124911061606,24
2021-01-10,0.0015941906517259446,24
2021-01-11,0.0015749649518806683,24
2021-01-12,0.0015574439530390326,24
2021-01-13,0.0015453462141385805,24
2021-01-14,0.0015336716428145328,24
2021-01-15,0.0015198422353068463,24
2021-01-16,0.0015049725104477568,24
2021-01-17,0.001495226679420535,24
2021-01-18,0.0014830773865245914,24
2021-01-19,0.0014689872294662107,24
2021-01-20,0.0014560376324084564,24
2021-01-21,0.0014426888383569465,24
2021-01-22,0.00163027204392785,24
2021-01-23,0.0017044388401415617,24
2021-01-24,0.0014558947082400461,24
2021-01-25,0.0014396381327774661,24
2021-01-26,0.0014285897480719608,24
2021-01-27,0.001410440810061065,24
2021-01-28,0.0013965903766600504,24
2021-01-29,0.0013815110746404357,24
2021-01-30,0.001375680599464324,24
2021-01-31,0.0013885417443277117,24
2021-02-01,0.0013716151898706657,24
2021-02-02,0.0013361042673864154,24
2021-02-03,0.0013410095148015074,24
2021-02-04,0.0013153654739628826,24
2021-02-05,0.0012885890785902685,24
2021-02-06,0.001274256506094234,24
2021-02-07,0.001263971722796182,24
2021-02-08,0.0012622900061442204,24
2021-02-09,0.0012695527295890356,24
2021-02-10,0.001273416252164448,24
2021-02-11,0.0012723293241885514,24
2021-02-12,0.0012416173529766878,24
2021-02-13,0.0012677891944570853,24
2021-02-14,0.0012822251998788174,24
2021-02-15,0.0012712273184703714,24
2021-02-16,0.0012779010811332096,24
2021-02-17,0.00130013632796777,24
2021-02-18,0.001325355029487056,24
2021-02-19,0.00137041089889028,24
2021-02-20,0.0013223658073510775,24
2021-02-21,0.0017586481236633053,24
2021-02-22,0.0027678199205849064,24
2021-02-23,0.002846595879212616,24
2021-02-24,0.002171680708507978,24
2021-02-25,0.0026109842058063956,24
2021-02-26,0.006011273276856218,24
2021-02-27,0.0022899772268857475,24
2021-02-28,0.001242077521687429,24
2021-03-01,0.0011848589688848471,24
2021-03-02,0.0012033108784996007,24
2021-03-03,0.0013066748139971241,24
2021-03-04,0.0014022020856534602,24
2021-03-05,0.0014591066744551802,24
2021-03-06,0.0013913654908112906,24
2021-03-07,0.0021517557674810917,24
2021-03-08,0.0015904183050835655,24
2021-03-09,0.00144635288399574,24
2021-03-10,0.0016340627271980883,24
2021-03-11,0.003964057479577147,24
2021-03-12,0.0032174067262335606,24
2021-03-13,0.0015316397962063322,24
2021-03-14,0.002939598961444201,24
2021-03-15,0.0017046102398775537,24
2021-03-16,0.0017909572801662467,24
2021-03-17,0.0021288995229241845,24
2021-03-18,0.0019220727157234349,24
2021-03-19,0.0020641269087072977,24
2021-03-20,0.0021551697889342497,24
2021-03-21,0.0031921659556761518,24
2021-03-22,0.0050186827949539325,24
2021-03-23,0.01246659751151157,24
2021-03-24,0.002736022397975641,24
2021-03-25,0.0018821174472257688,24
2021-03-26,0.0019477234154659233,24
2021-03-27,0.0022395544140313556,24
2021-03-28,0.004806644234471458,24
2021-03-29,0.012372768915567612,24
2021-03-30,0.00290847731555559,24
2021-03-31,0.002100888627885366,24
2021-04-01,0.001937449637981063,24
2021-04-02,0.0018014179713218635,24
2021-04-03,0.0018459484815703403,24
2021-04-04,0.0018616063523946875,24
2021-04-05,0.0032742762948733436,24
2021-04-06,0.006685780342016004,24
2021-04-07,0.0029767749847582777,24
2021-04-08,0.0018852196500245867,24
2021-04-09,0.0019319571254598905,24
2021-04-10,0.002463484237063729,24
2021-04-11,0.0029080419541047914,24
2021-04-12,0.003351355055604668,24
2021-04-13,0.0030578990768335913,24
2021-04-14,0.003941494350085162,24
2021-04-15,0.004313329893890782,24
2021-04-16,0.003770083837094898,24
2021-04-17,0.006041826981305255,24
2021-04-18,0.004806198193608397,24
2021-04-19,0.0025965073336235303,24
2021-04-20,0.002255137414676423,24
2021-04-21,0.0037416389564747677,24
2021-04-22,0.004193781427578515,24
2021-04-23,0.002922067248714805,24
2021-04-24,0.0033474884779862222,24
2021-04-25,0.003878792007865309,24
2021-04-26,0.005003519495286255,24
2021-04-27,0.0058297532014762255,24
2021-04-28,0.006610890213794843,24
2021-04-29,0.0077041557707859245,24
2021-04-30,0.008716413115089586,24
2021-05-01,0.009274251959244204,24
2021-05-02,0.009832843965361824,24
2021-05-03,0.011124754010868524,24
2021-05-04,0.012009738493694282,24
2021-05-05,0.013082147101412695,24
2021-05-06,0.0172729390781628,24
2021-05-07,0.02119598383093522,24
2021-05-08,0.028564451890595928,24
2021-05-09,0.03845256543397385,24
2021-05-10,0.047489501159330504,24
2021-05-11,0.05246354640755007,24
2021-05-12,0.05422581717808306,24
2021-05-13,0.03828364351763879,24
2021-05-14,0.03497654489779046,24
2021-05-15,0.033158194502489864,24
2021-05-16,0.03820365172863775,24
2021-05-17,0.05457140059337919,24
2021-05-18,0.05943774001622001,24
2021-05-19,0.0683814064863524,24
2021-05-20,0.06283261999028052,24
2021-05-21,0.05238874948438299,24
2021-05-22,0.05219154106708899,24
2021-05-23,0.02663169698795359,24
2021-05-24,0.03657242509371931,24
2021-05-25,0.03018330045778935,24
2021-05-26,0.041521484621686124,24
2021-05-27,0.05508273974501594,24
2021-05-28,0.07016770328815637,24
2021-05-29,0.0857762902475321,24
2021-05-30,0.09747893884920375,24
2021-05-31,0.0961998818564603,24
2021-06-01,0.0892215840608801,24
2021-06-02,0.09431989367865315,24
2021-06-03,0.09634612327613645,24
2021-06-04,0.10093668691197745,24
2021-06-05,0.09940549248190561,24
2021-06-06,0.10116964290431965,24
2021-06-07,0.10324794836257344,24
2021-06-08,0.10885568796650673,24
2021-06-09,0.1131481240817736,24
2021-06-10,0.11145594230152737,24
2021-06-11,0.10920694634507108,24
2021-06-12,0.1104609675522769,24
2021-06-13,0.10735002078886832,24
2021-06-14,0.08906188662022396,24
2021-06-15,0.06883246145759765,24
2021-06-16,0.05138269818570104,24
2021-06-17,0.05438869836674955,24
2021-06-18,0.040710260287036185,24
2021-06-19,0.04443065029126087,24
2021-06-20,0.05577360903729004,24
2021-06-21,0.0602258612927197,24
2021-06-22,0.05125769152839192,24
2021-06-23,0.04909671940733784,24
2021-06-24,0.05307999076427134,24
2021-06-25,0.05408021090475386,24
2021-06-26,0.05791931872706754,24
2021-06-27,0.05905453805642079,24
2021-06-28,0.06449470764544675,24
2021-06-29,0.06283079561068916,24
2021-06-30,0.06603001082020878,24
2021-07-01,0.06582450424087066,24
2021-07-02,0.06090279358677865,24
2021-07-03,0.053337495494408534,24
2021-07-04,0.04898421312317248,24
2021-07-05,0.05042441781668313,24
2021-07-06,0.058246823293543505,24
2021-07-07,0.05426930344716146,24
2021-07-08,0.04841570711696114,24
2021-07-09,0.045048683284249366,24
2021-07-10,0.04705956120178251,24
2021-07-11,0.04840540365299622,24
2021-07-12,0.05832983475298996,24
2021-07-13,0.0588344081226306,24
2021-07-14,0.06072545552688507,24
2021-07-15,0.047297924901091845,24
2021-07-16,0.04052603065409781,24
2021-07-17,0.03894812061680366,24
2021-07-18,0.03811206981223317,24
2021-07-19,0.0492962519442768,24
2021-07-20,0.08658723404881277,24
2021-07-21,0.04500565131902713,24
2021-07-22,0.03177951817251686,24
2021-07-23,0.02530402789249154,24
2021-07-24,0.02837775658392913,24
2021-07-25,0.0312952140681512,24
2021-07-26,0.03054193731435184,24
2021-07-27,0.033857304237299504,24
2021-07-28,0.048876258325063655,24
2021-07-29,0.04080892762463015,24
2021-07-30,0.036744641589512385,24
2021-07-31,0.02969770386881629,24
2021-08-01,0.033529652738764376,24
2021-08-02,0.027272516556576573,24
2021-08-03,0.018143917529820197,24
2021-08-04,0.020499409435531874,24
2021-08-05,0.020274228139578847,24
2021-08-06,0.016590098583766533,24
2021-08-07,0.015757426002940316,24
2021-08-08,0.015256904828654404,24
2021-08-09,0.014521449350697978,24
2021-08-10,0.012549714572060925,24
2021-08-11,0.01264796136713805,24
2021-08-12,0.013052759007725631,24
2021-08-13,0.012551622230016407,24
2021-08-14,0.016596480365437358,24
2021-08-15,0.014544196714021213,24
2021-08-16,0.009671952194519034,24
2021-08-17,0.007732251199163521,24
2021-08-18,0.007339300853830084,24
2021-08-19,0.00781976394427896,24
2021-08-20,0.00955250162759602,24
2021-08-21,0.009742376114316772,24
2021-08-22,0.011158073024809909,24
2021-08-23,0.011367730717615961,24
2021-08-24,0.009791640658480878,24
2021-08-25,0.009334656520112361,24
2021-08-26,0.009887239620406761,24
2021-08-27,0.01227999826588118,24
2021-08-28,0.013983450865612413,24
2021-08-29,0.009992243606931874,24
2021-08-30,0.008043828228618242,24
2021-08-31,0.0107177906312081,24
2021-09-01,0.011038936891823774,24
2021-09-02,0.007767781689022207,24
2021-09-03,0.007415849053105756,24
2021-09-04,0.007278368600631722,24
2021-09-05,0.0061938447310342735,24
2021-09-06,0.0060000439711428225,24
2021-09-07,0.006429340376793051,24
2021-09-08,0.0071689847406093505,24
2021-09-09,0.007430286762775791,24
2021-09-10,0.010566332734918811,24
2021-09-11,0.01531901877527704,24
2021-09-12,0.0116792723298428,24
2021-09-13,0.007997958660084611,24
2021-09-14,0.006094250016613335,24
2021-09-15,0.005497597307453775,24
2021-09-16,0.004814225578635558,24
2021-09-17,0.00457251090534998,24
2021-09-18,0.004483512782890997,24
2021-09-19,0.004675252394208918,24
2021-09-20,0.0060570687475810245,24
2021-09-21,0.007669341263508989,24
2021-09-22,0.007603936898082781,24
2021-09-23,0.0068122656439539775,24
2021-09-24,0.006016304616531361,24
2021-09-25,0.004953177395181119,24
2021-09-26,0.004410433262418593,24
2021-09-27,0.004288795269249219,24
2021-09-28,0.004505216948179775,24
2021-09-29,0.00430689335112441,24
2021-09-30,0.004529248801374524,24
2021-10-01,0.00598442684763492,24
2021-10-02,0.008699063229783395,24
2021-10-03,0.006926925554806206,24
2021-10-04,0.006308066667234308,24
2021-10-05,0.005687763022113839,24
2021-10-06,0.004865436115468236,24
2021-10-07,0.00446437650577639,24
2021-10-08,0.004845125979281313,24
2021-10-09,0.004741151588106345,24
2021-10-10,0.005664605294915948,24
2021-10-11,0.0055433223086881105,24
2021-10-12,0.004721364756453847,24
2021-10-13,0.004536705435919248,24
2021-10-14,0.004301355563055859,24
2021-10-15,0.0041503832492237784,24
2021-10-16,0.00441473715051562,24
2021-10-17,0.00583090709969683,24
2021-10-18,0.0054963898644148105,24
2021-10-19,0.004232510196180078,24
2021-10-20,0.0038060309537262115,24
2021-10-21,0.003829640133946899,24
2021-10-22,0.005706566825692191,24
2021-10-23,0.0038849866779404663,24
2021-10-24,0.003736189583268375,24
2021-10-25,0.003236407277484612,24
2021-10-26,0.0030855121438025544,24
2021-10-27,0.0030806861617348833,24
2021-10-28,0.003055276060551839,24
2021-10-29,0.0030912232885831766,24
2021-10-30,0.002987022323692149,24
2021-10-31,0.0029266406518810386,24
2021-11-01,0.0029826790807767124,24
2021-11-02,0.00289624910829,24
2021-11-03,0.002817840637504807,24
2021-11-04,0.0028151278729794437,24
2021-11-05,0.003260920964868718,24
2021-11-06,0.0027401506742363007,24
2021-11-07,0.002653782031353205,24
2021-11-08,0.0026526142097951792,24
2021-11-09,0.002659534487512997,24
2021-11-10,0.00267787949829599,24
2021-11-11,0.0026117838253295763,24
2021-11-12,0.002552572579753661,24
2021-11-13,0.002517691788504367,24
2021-11-14,0.0025101712385078674,24
2021-11-15,0.0024480629087915663,24
2021-11-16,0.0023900737943950943,24
2021-11-17,0.0024390757019976048,24
2021-11-18,0.002492885486683148,24
2021-11-19,0.0023952310190184013,24
2021-11-20,0.00236176566110448,24
2021-11-21,0.0023370598077253886,24
2021-11-22,0.0022858975861785318,24
2021-11-23,0.002254064815421615,24
2021-11-24,0.0023330886859963852,24
2021-11-25,0.0023132537235805643,24
2021-11-26,0.0021948997151507903,24
2021-11-27,0.0022236900453956048,24
2021-11-28,0.0021669233784468033,24
2021-11-29,0.002147300890253016,24
2021-11-30,0.0020989368050878185,24
2021-12-01,0.002115740471551106,24
2021-12-02,0.0021342005080581955,24
2021-12-03,0.0021070983006506194,24
2021-12-04,0.0021562078959347503,24
2021-12-05,0.002853561711799333,24
2021-12-06,0.0020909551359811793,24
2021-12-07,0.0019534527143825744,24
2021-12-08,0.001945319293707504,24
2021-12-09,0.0019132983605991177,24
2021-12-10,0.00188052603435363,24
2021-12-11,0.0018702489591755965,24
2021-12-12,0.0018786473479310542,24
2021-12-13,0.0018636932010391344,24
2021-12-14,0.0019274463104858276,24
2021-12-15,0.001829098384234704,24
2021-12-16,0.001775345309073611,24
2021-12-17,0.0017489983988589295,24
2021-12-18,0.0017330147198544531,24
2021-12-19,0.001733785356030147,24
2021-12-20,0.0017469316168032913,24
2021-12-21,0.0017372142801198877,24
2021-12-22,0.0017279461239171122,24
2021-12-23,0.0018077038596482945,24
2021-12-24,0.001726593795536946,24
2021-12-25,0.0016538408085196527,24
2021-12-26,0.0017249163527682098,24
2021-12-27,0.001797704520209748,24
2021-12-28,0.0016132811323907779,24
2021-12-29,0.0015791885745448599,24
2021-12-30,0.0015708153468815295,24
2021-12-31,0.0015624134309327846,24
2022-01-01,0.0015462447523188056,24
2022-01-02,0.0015728290002569904,24
2022-01-03,0.0015918024588151838,24
2022-01-04,0.002017951326075627,24
2022-01-05,0.002391738268966325,24
2022-01-06,0.0016765651460540847,24
2022-01-07,0.003949885416944837,24
2022-01-08,0.003361237649192581,24
2022-01-09,0.0015301528404150532,24
2022-01-10,0.001438011460913663,24
2022-01-11,0.0014267419873612997,24
2022-01-12,0.0014167449492430762,24
2022-01-13,0.001420566508153728,24
2022-01-14,0.0014120660507752714,24
2022-01-15,0.00141117258212227,24
2022-01-16,0.0014335340126589832,24
2022-01-17,0.0015354287538936074,24
2022-01-18,0.001468654120486316,24
2022-01-19,0.0018460396633154519,24
2022-01-20,0.0014362041388392656,24
2022-01-21,0.0014735710598859856,24
2022-01-22,0.001811097430080445,24
2022-01-23,0.0024307760436411787,24
2022-01-24,0.0014965609982827818,24
2022-01-25,0.0013723678462014605,24
2022-01-26,0.001343890924763183,24
2022-01-27,0.001324936398904448,24
2022-01-28,0.0013235571683977453,24
2022-01-29,0.0013389496321911847,24
2022-01-30,0.001335772353092065,24
2022-01-31,0.0013943310343336498,24
2022-02-01,0.0013536954877060366,24
2022-02-02,0.0013693339261346923,24
2022-02-03,0.001409449559625571,24
2022-02-04,0.0013242282916322455,24
2022-02-05,0.0012937273460497112,24
2022-02-06,0.0013990967509972174,24
2022-02-07,0.0015348016091820667,24
2022-02-08,0.001392807090337781,24
2022-02-09,0.0013274821176428022,24
2022-02-10,0.0012696272507133682,24
2022-02-11,0.0012484562641269126,24
2022-02-12,0.0012484660135772636,24
2022-02-13,0.0012534993669793984,24
2022-02-14,0.0012641407372338954,24
2022-02-15,0.0013438593485898427,24
2022-02-16,0.0013683206945122128,24
2022-02-17,0.0013438417010405528,24
2022-02-18,0.001311015275638244,24
2022-02-19,0.001328094440871129,24
2022-02-20,0.0013363474739868225,24
2022-02-21,0.001363097095768569,24
2022-02-22,0.0015270585185978907,24
2022-02-23,0.005344596608867394,24
2022-02-24,0.0023102288523922164,24
2022-02-25,0.002185252768899404,24
2022-02-26,0.001841960479456187,24
2022-02-27,0.0013855238714633872,24
2022-02-28,0.0013481155789663766,24
2022-03-01,0.0014866937048081245,24
2022-03-02,0.0014381472367156374,24
2022-03-03,0.0015618650094761713,24
2022-03-04,0.0015156135823222762,24
2022-03-05,0.001515624742493912,24
2022-03-06,0.0033515858121243923,24
2022-03-07,0.0036503962572408356,24
2022-03-08,0.0015712845124809488,24
2022-03-09,0.0018844150180004431,24
2022-03-10,0.0020061880611920184,24
2022-03-11,0.001920016996225017,24
2022-03-12,0.0021341719743469146,24
2022-03-13,0.002303700684409961,24
2022-03-14,0.002855064688956508,24
2022-03-15,0.0032055283446633183,24
2022-03-16,0.0031742229764565653,24
2022-03-17,0.003348048319425488,24
2022-03-18,0.004194697301514157,24
2022-03-19,0.00501047178419509,24
2022-03-20,0.004193737125722428,24
2022-03-21,0.003019132067696103,24
2022-03-22,0.002994911914991334,24
2022-03-23,0.0031810690718575723,24
2022-03-24,0.0034166622892348344,24
2022-03-25,0.0029077890045957726,24
2022-03-26,0.002991123690676475,24
2022-03-27,0.003850115983007472,24
2022-03-28,0.006482788282185695,24
2022-03-29,0.006937611860488085,24
2022-03-30,0.007673594488760259,24
2022-03-31,0.007675483662319339,24
2022-04-01,0.008309108527219944,24
2022-04-02,0.010363492136234427,24
2022-04-03,0.010879169076008072,24
2022-04-04,0.012644592641298052,24
2022-04-05,0.015142142810176552,24
2022-04-06,0.016397721195280317,24
2022-04-07,0.017861883648520482,24
2022-04-08,0.01954598160330526,24
2022-04-09,0.020451817470526122,24
2022-04-10,0.020997436242320002,24
2022-04-11,0.02238225151865249,24
2022-04-12,0.022086628003241262,24
2022-04-13,0.02336505448511548,24
2022-04-14,0.01687617610256311,24
2022-04-15,0.01681854449053988,24
2022-04-16,0.01543227008255397,24
2022-04-17,0.013888933150004095,24
2022-04-18,0.019116484387660497,24
2022-04-19,0.02291943762295985,24
2022-04-20,0.02667384386454215,24
2022-04-21,0.01712399875404033,24
2022-04-22,0.013937022151922931,24
2022-04-23,0.010047525529378765,24
2022-04-24,0.010478926313258018,24
2022-04-25,0.012935098730366027,24
2022-04-26,0.01561559671940661,24
2022-04-27,0.0187390840583927,24
2022-04-28,0.023941942921914885,24
2022-04-29,0.027193503490182083,24
2022-04-30,0.027392146969945796,24
2022-05-01,0.0296370100822998,24
2022-05-02,0.032336994749082346,24
2022-05-03,0.03700371349765377,24
2022-05-04,0.03791492470366808,24
2022-05-05,0.036033441209815595,24
2022-05-06,0.03452978379215964,24
2022-05-07,0.036557001353316486,24
2022-05-08,0.04304033602324863,24
2022-05-09,0.04814116066821307,24
2022-05-10,0.05449577171129353,24
2022-05-11,0.060155859675185094,24
2022-05-12,0.06613587647053952,24
2022-05-13,0.06228176025205671,24
2022-05-14,0.05578920379142949,24
2022-05-15,0.052893223774622425,24
2022-05-16,0.04403217777799888,24
2022-05-17,0.03617979073442913,24
2022-05-18,0.043707050934717266,24
2022-05-19,0.0456546168841376,24
2022-05-20,0.03376653120010989,24
2022-05-21,0.02854488037620883,24
2022-05-22,0.025567904156906063,24
2022-05-23,0.020887428228565517,24
2022-05-24,0.024999029789588546,24
2022-05-25,0.02969031347466829,24
2022-05-26,0.03800903630316391,24
2022-05-27,0.04703222053944567,24
2022-05-28,0.05468965705002681,24
2022-05-29,0.047745416398814015,24
2022-05-30,0.03979820937296139,24
2022-05-31,0.03923012351470209,24
2022-06-01,0.03386685793880122,24
2022-06-02,0.03228050259805435,24
2022-06-03,0.03461994132939146,24
2022-06-04,0.03746087281304748,24
2022-06-05,0.0438911851168642,24
2022-06-06,0.04601814921582961,24
2022-06-07,0.05135976109174342,24
2022-06-08,0.05133466918861352,24
2022-06-09,0.047074539288097156,24
2022-06-10,0.04104397218088353,24
2022-06-11,0.04046180685517739,24
2022-06-12,0.04361362926182354,24
2022-06-13,0.041866435901235184,24
2022-06-14,0.036057274107455684,24
2022-06-15,0.03665769667364259,24
2022-06-16,0.03861658113636151,24
2022-06-17,0.037269255254163476,24
2022-06-18,0.03006100062762508,24
2022-06-19,0.021755762270294705,24
2022-06-20,0.017848457745702134,24
2022-06-21,0.01948865645386214,24
2022-06-22,0.02569575054710962,24
2022-06-23,0.020616255130091604,24
2022-06-24,0.020747645289583557,24
2022-06-25,0.022605157329385117,24
2022-06-26,0.02485016238347864,24
2022-06-27,0.027470425861675373,24
2022-06-28,0.029455918831524937,24
2022-06-29,0.030991057263600855,24
2022-06-30,0.03123428469229968,24
2022-07-01,0.03244905850003536,24
2022-07-02,0.0285851841418206,24
2022-07-03,0.02756790556965085,24
2022-07-04,0.028432709896853505,24
2022-07-05,0.03086007884378647,24
2022-07-06,0.03210749194569213,24
2022-07-07,0.032001226739056136,24
2022-07-08,0.02647674836280106,24
2022-07-09,0.029876066132431874,24
2022-07-10,0.03516012884704065,24
2022-07-11,0.02653986335248135,24
2022-07-12,0.02606629050513305,24
2022-07-13,0.027838454087144297,24
2022-07-14,0.02432574356065574,24
2022-07-15,0.026740941986732877,24
2022-07-16,0.021552433822579008,24
2022-07-17,0.016643509907740207,24
2022-07-18,0.012201136544014817,24
2022-07-19,0.013172922323479249,24
2022-07-20,0.013158613618127875,24
2022-07-21,0.011012297178087934,24
2022-07-22,0.013142736232806361,24
2022-07-23,0.01341241457203076,24
2022-07-24,0.025169984672660795,24
2022-07-25,0.03002399484598233,24
2022-07-26,0.021841048109480943,24
2022-07-27,0.025153789890258047,24
2022-07-28,0.03455710535253321,24
2022-07-29,0.030727560605639973,24
2022-07-30,0.026738367666949894,24
2022-07-31,0.02646539242003447,24
2022-08-01,0.02221291663973832,24
2022-08-02,0.013358219103397205,24
2022-08-03,0.012796566677321833,24
2022-08-04,0.01060977713747647,24
2022-08-05,0.011694219896923734,24
2022-08-06,0.013919428878300078,24
2022-08-07,0.011966108875502852,24
2022-08-08,0.013932974824524533,24
2022-08-09,0.016809482331890127,24
2022-08-10,0.017970952561050694,24
2022-08-11,0.014683543866522824,24
2022-08-12,0.02359533123325072,24
2022-08-13,0.020398250017536614,24
2022-08-14,0.01979792488466237,24
2022-08-15,0.026340887756891366,24
2022-08-16,0.043485764281764115,24
2022-08-17,0.045708995464525386,24
2022-08-18,0.03022774625714963,24
2022-08-19,0.019171233969312234,24
2022-08-20,0.021908635871551826,24
2022-08-21,0.02807610193949081,24
2022-08-22,0.01956336887733989,24
2022-08-23,0.01965273144770789,24
2022-08-24,0.029384229994211607,24
2022-08-25,0.04306763756276822,24
2022-08-26,0.04674144502842564,24
2022-08-27,0.037758275645121846,24
2022-08-28,0.025892954284875154,24
2022-08-29,0.017726512975308965,24
2022-08-30,0.012193490118991759,24
2022-08-31,0.011149976822036882,24
2022-09-01,0.011390080389123874,24
2022-09-02,0.010663213850638143,24
2022-09-03,0.008843786035254082,24
2022-09-04,0.009214675471097312,24
2022-09-05,0.011644997609882572,24
2022-09-06,0.00924029137981544,24
2022-09-07,0.009377290185605507,24
2022-09-08,0.009527820456185686,24
2022-09-09,0.009339367242508993,24
2022-09-10,0.011226036599827398,24
2022-09-11,0.013881815793754365,24
2022-09-12,0.01183770576732171,24
2022-09-13,0.009474537258170754,24
2022-09-14,0.008395200876251596,24
2022-09-15,0.007725643119605858,24
2022-09-16,0.006949475885988595,24
2022-09-17,0.009828486004022535,24
2022-09-18,0.007172635878364986,24
2022-09-19,0.006300222084166043,24
2022-09-20,0.006418868993632727,24
2022-09-21,0.007939295833716657,24
2022-09-22,0.006891617890895946,24
2022-09-23,0.006404425905376682,24
2022-09-24,0.008342672273857201,24
2022-09-25,0.011147961057235116,24
2022-09-26,0.007511365892818504,24
2022-09-27,0.0061130291493468785,24
2022-09-28,0.0072576824572055535,24
2022-09-29,0.006713096897125591,24
2022-09-30,0.006175127657587151,24
2022-10-01,0.008517833593027059,24
2022-10-02,0.008491963684379123,24
2022-10-03,0.007684593630831516,24
2022-10-04,0.007516024412772844,24
2022-10-05,0.006870382116697622,24
2022-10-06,0.007302697904731855,24
2022-10-07,0.0070560465234293475,24
2022-10-08,0.006150012955965769,24
2022-10-09,0.005675531084181827,24
2022-10-10,0.006930807296967172,24
2022-10-11,0.007198066211288809,24
2022-10-12,0.006774115208314917,24
2022-10-13,0.00576376526409229,24
2022-10-14,0.005053468800516982,24
2022-10-15,0.005102171381912262,24
2022-10-16,0.0052142151872906295,24
2022-10-17,0.005149187825006137,24
2022-10-18,0.005250866139336998,24
2022-10-19,0.005772956740642069,24
2022-10-20,0.00527355056860713,24
2022-10-21,0.00457120034615147,24
2022-10-22,0.00439734871542428,24
2022-10-23,0.004516606295773527,24
2022-10-24,0.004483115614630537,24
2022-10-25,0.00457800741948399,24
2022-10-26,0.004582110049590877,24
2022-10-27,0.004586577272741188,24
2022-10-28,0.00416356617672926,24
2022-10-29,0.004767043151923526,24
2022-10-30,0.004940222653296151,24
2022-10-31,0.005128195174251707,24
2022-11-01,0.005017832050567436,24
2022-11-02,0.004039529735789127,24
2022-11-03,0.004348885826634323,24
2022-11-04,0.004277124908625882,24
2022-11-05,0.0043876070958228435,24
2022-11-06,0.004339277651327538,24
2022-11-07,0.0045788220953872655,24
2022-11-08,0.003563388805914324,24
2022-11-09,0.004557699655881288,24
2022-11-10,0.0035296103672468656,24
2022-11-11,0.0032018995408392434,24
2022-11-12,0.003116532841757023,24
2022-11-13,0.003180949048237269,24
2022-11-14,0.0036392959034433816,24
2022-11-15,0.00302540648403867,24
2022-11-16,0.0029749620984556428,24
2022-11-17,0.0029082184403361453,24
2022-11-18,0.0029311806797623664,24
2022-11-19,0.002942063433431361,24
2022-11-20,0.0028350855580511905,24
2022-11-21,0.002769919881703085,24
2022-11-22,0.00273995811849496,24
2022-11-23,0.0027146277776288097,24
2022-11-24,0.0027153355757275044,24
2022-11-25,0.002732650396387469,24
2022-11-26,0.0027339051870533056,24
2022-11-27,0.002650503413683298,24
2022-11-28,0.0026018216134431685,24
2022-11-29,0.002596814659630691,24
2022-11-30,0.0025736100891417327,24
2022-12-01,0.002553473648274767,24
2022-12-02,0.0025678574198602644,24
2022-12-03,0.002527476021559689,24
2022-12-04,0.002422852656272457,24
2022-12-05,0.0024054966836718817,24
2022-12-06,0.0024046708114969385,24
2022-12-07,0.00235938846763267,24
2022-12-08,0.002434567078097992,24
2022-12-09,0.0025936514122379367,24
2022-12-10,0.002453146765259012,24
2022-12-11,0.0022938595208382346,24
2022-12-12,0.002300210673683381,24
2022-12-13,0.002259143901001098,24
2022-12-14,0.0022276920855811796,24
2022-12-15,0.002211033427017481,24
2022-12-16,0.0021910187398992693,24
2022-12-17,0.002182271589517192,24
2022-12-18,0.0021482643554959183,24
2022-12-19,0.0021079677112667903,24
2022-12-20,0.00208456328480807,24
2022-12-21,0.0020623999085321236,24
2022-12-22,0.0020466184276674675,24
2022-12-23,0.0020289373580342374,24
2022-12-24,0.00200449522366016,24
2022-12-25,0.0019845663732656195,24
2022-12-26,0.001974244324228914,24
2022-12-27,0.0019535063136297704,24
2022-12-28,0.0019353101318819893,24
2022-12-29,0.002177715235674076,24
2022-12-30,0.002084071812029164,24
2022-12-31,0.001928755875505072,24
2023-01-01,0.0019211808125356481,24
2023-01-02,0.001875844809935883,24
2023-01-03,0.0018534540273738166,24
2023-01-04,0.001839861099903508,24
2023-01-05,0.0018268223097528736,24
2023-01-06,0.0018192126060607846,24
2023-01-07,0.0018224327998803023,24
2023-01-08,0.002042444010557721,24
2023-01-09,0.001999497195740932,24
2023-01-10,0.0018040415669617644,24
2023-01-11,0.002367906477997744,24
2023-01-12,0.0023427402743660237,24
2023-01-13,0.0017995974516232711,24
2023-01-14,0.001681581437487879,24
2023-01-15,0.0016642899134851489,24
2023-01-16,0.0016503030422608317,24
2023-01-17,0.0016370727559035737,24
2023-01-18,0.00162582726204319,24
2023-01-19,0.0016544694203936288,24
2023-01-20,0.0017020522788614375,24
2023-01-21,0.0017190994333782762,24
2023-01-22,0.0017539871337306145,24
2023-01-23,0.0016746272909956502,24
2023-01-24,0.0017786964939641688,24
2023-01-25,0.0017119331794764217,24
2023-01-26,0.0015649642200175143,24
2023-01-27,0.0015426872469413615,24
2023-01-28,0.0015268726992608756,24
2023-01-29,0.0017435446419708804,24
2023-01-30,0.002874617955142787,24
2023-01-31,0.0016106896858691204,24
2023-02-01,0.001514549185684285,24
2023-02-02,0.001538218369520165,24
2023-02-03,0.0016902379884865502,24
2023-02-04,0.0017014568106383315,24
2023-02-05,0.0016397322929687162,24
2023-02-06,0.0019828635560352748,24
2023-02-07,0.0015334556768774226,24
2023-02-08,0.0015194776775443025,24
2023-02-09,0.002239918029326732,24
2023-02-10,0.00281380320321574,24
2023-02-11,0.0015981845127770453,24
2023-02-12,0.0015000327487002705,24
2023-02-13,0.001515662548840487,24
2023-02-14,0.0015391911437163774,24
2023-02-15,0.001584807592160126,24
2023-02-16,0.0016678441629002594,24
2023-02-17,0.0017619855382165145,24
2023-02-18,0.0018276760010452174,24
2023-02-19,0.002311305835051046,24
2023-02-20,0.004485743145701798,24
2023-02-21,0.002091614739312591,24
2023-02-22,0.0018892993493298217,24
2023-02-23,0.0020016582701998338,24
2023-02-24,0.002144800833391827,24
2023-02-25,0.0020058050336424424,24
2023-02-26,0.002576489473293358,24
2023-02-27,0.0022634817466850826,24
2023-02-28,0.0020635492602342855,24
2023-03-01,0.0024764851102433163,24
2023-03-02,0.0030557739418243263,24
2023-03-03,0.0026801077833597804,24
2023-03-04,0.0023731350696400756,24
2023-03-05,0.002547025194608423,24
2023-03-06,0.002469769133959759,24
2023-03-07,0.002545746517519162,24
2023-03-08,0.0025589421723663398,24
2023-03-09,0.0026221988265641314,24
2023-03-10,0.0028119207581149826,24
2023-03-11,0.0028581305862596567,24
2023-03-12,0.0025391138408288427,24
2023-03-13,0.003012978595766756,24
2023-03-14,0.0028182917058017097,24
2023-03-15,0.002833648460359227,24
2023-03-16,0.002726080455162221,24
2023-03-17,0.003046205937288943,24
2023-03-18,0.0028647807729988177,24
2023-03-19,0.002869042393580916,24
2023-03-20,0.0028763999023448533,24
2023-03-21,0.002796839244051088,24
2023-03-22,0.002712873453030364,24
2023-03-23,0.002775529338844205,24
2023-03-24,0.0025102658393779155,24
2023-03-25,0.0030222658991650936,24
2023-03-26,0.002713425181654319,24
2023-03-27,0.0027253675541071163,24
2023-03-28,0.0028520540657534805,24
2023-03-29,0.003392431374367433,24
2023-03-30,0.003833860053949567,24
2023-03-31,0.003957856663595822,24
2023-04-01,0.004418322146443488,24
2023-04-02,0.003686661094426449,24
2023-04-03,0.00391130723085849,24
2023-04-04,0.0035112510984307474,24
2023-04-05,0.0023484370996542047,24
2023-04-06,0.0026285536656854708,24
2023-04-07,0.0022429624101014704,24
2023-04-08,0.0024238103825393745,24
2023-04-09,0.0028119727720101635,24
2023-04-10,0.0037419113738966963,24
2023-04-11,0.0043658257168653625,24
2023-04-12,0.005054891647438045,24
2023-04-13,0.005591350750406943,24
2023-04-14,0.006264189730898103,24
2023-04-15,0.006912360157765411,24
2023-04-16,0.005492524074253434,24
2023-04-17,0.0076551277603927985,24
2023-04-18,0.015246313938152678,24
2023-04-19,0.009509660816234717,24
2023-04-20,0.005928430712597817,24
2023-04-21,0.0036048788902610846,24
2023-04-22,0.0028149841075400628,24
2023-04-23,0.0035387666420583974,24
2023-04-24,0.004008135848107438,24
2023-04-25,0.005425201267601639,24
2023-04-26,0.008127941362675842,24
2023-04-27,0.008325692036528366,24
2023-04-28,0.006995988654476286,24
2023-04-29,0.006848564010787536,24
2023-04-30,0.007732291081196616,24
2023-05-01,0.010052357290384173,24
2023-05-02,0.011905717522761004,24
2023-05-03,0.012323651501295768,24
2023-05-04,0.01193086343419764,24
2023-05-05,0.013236249364699353,24
2023-05-06,0.00797891815401071,24
2023-05-07,0.006923506096490263,24
2023-05-08,0.005003518948226081,24
2023-05-09,0.004271784689605015,24
2023-05-10,0.004871515332396554,24
2023-05-11,0.006273634124693342,24
2023-05-12,0.008149426273227987,24
2023-05-13,0.0106075766360427,24
2023-05-14,0.015149811693633027,24
2023-05-15,0.01569799291552221,24
2023-05-16,0.014943418151054657,24
2023-05-17,0.020410717086379402,24
2023-05-18,0.017951914212869867,24
2023-05-19,0.019938651430188525,24
2023-05-20,0.018457833442748126,24
2023-05-21,0.020555099621268835,24
2023-05-22,0.025247091311119,24
2023-05-23,0.025536475353390688,24
2023-05-24,0.028534903866125637,24
2023-05-25,0.026025234185678554,24
2023-05-26,0.017169113080743783,24
2023-05-27,0.010507503167272541,24
2023-05-28,0.010522890553257771,24
2023-05-29,0.015556588070289284,24
2023-05-30,0.026838520461886596,24
2023-05-31,0.027002447654918223,24
2023-06-01,0.02799969624724036,24
2023-06-02,0.02333906059559478,24
2023-06-03,0.021211113557227837,24
2023-06-04,0.02557561410362827,24
2023-06-05,0.0297994745611404,24
2023-06-06,0.03834661803469237,24
2023-06-07,0.048972070027341816,24
2023-06-08,0.05699113096977342,24
2023-06-09,0.06081973607269598,24
2023-06-10,0.06581041104004232,24
2023-06-11,0.07192814364190044,24
2023-06-12,0.07687236720343858,24
2023-06-13,0.08373922203570891,24
2023-06-14,0.08918987407635394,24
2023-06-15,0.09101361178319511,24
2023-06-16,0.0944276635793973,24
2023-06-17,0.10173117369031104,24
2023-06-18,0.10996338266964474,24
2023-06-19,0.10858266777502013,24
2023-06-20,0.10749233901533788,24
2023-06-21,0.11165483124578071,24
2023-06-22,0.12119426852431317,24
2023-06-23,0.13118521818603526,24
2023-06-24,0.1320235245075952,24
2023-06-25,0.14453817457145784,24
2023-06-26,0.15162051371061083,24
2023-06-27,0.14402372306968464,24
2023-06-28,0.1306946072694399,24
2023-06-29,0.1382011090099574,24
2023-06-30,0.11320868145660619,24
2023-07-01,0.10694530887351252,24
2023-07-02,0.09509933609557285,24
2023-07-03,0.09275348335507642,24
2023-07-04,0.09433008910336683,24
2023-07-05,0.0785241104522736,24
2023-07-06,0.07841247591344173,24
2023-07-07,0.06184081243520515,24
2023-07-08,0.057791259384319366,24
2023-07-09,0.05200717512719883,24
2023-07-10,0.03748652977151191,24
2023-07-11,0.03777035437334055,24
2023-07-12,0.039668928123362056,24
2023-07-13,0.04228604825751877,24
2023-07-14,0.05316527243258559,24
2023-07-15,0.06989758386781379,24
2023-07-16,0.07929972906533445,24
2023-07-17,0.08619262064869733,24
2023-07-18,0.08078974438051753,24
2023-07-19,0.07961521146835585,24
2023-07-20,0.0815696834228608,24
2023-07-21,0.0825646764517656,24
2023-07-22,0.08571715507936771,24
2023-07-23,0.0723703491927785,24
2023-07-24,0.06088922367021473,24
2023-07-25,0.055273349585702326,24
2023-07-26,0.05343173315815263,24
2023-07-27,0.050919588334116805,24
2023-07-28,0.05622674853801482,24
2023-07-29,0.047199233375895176,24
2023-07-30,0.032329345991666286,24
2023-07-31,0.031225004319598296,24
2023-08-01,0.026541725092337303,24
2023-08-02,0.026065360527908202,24
2023-08-03,0.025354404860201383,24
2023-08-04,0.02472094680717295,24
2023-08-05,0.028558680207847107,24
2023-08-06,0.03010487913963261,24
2023-08-07,0.0283870814216698,24
2023-08-08,0.015722674760463292,24
2023-08-09,0.012517153390694435,24
2023-08-10,0.01403535681290677,24
2023-08-11,0.015681076608752422,24
2023-08-12,0.013072543916515028,24
2023-08-13,0.0120519155312009,24
2023-08-14,0.01664501973323406,24
2023-08-15,0.012362912516451049,24
2023-08-16,0.010962502907073509,24
2023-08-17,0.010977545933073141,24
2023-08-18,0.009853606559145089,24
2023-08-19,0.009853815155471412,24
2023-08-20,0.008572988680644964,24
2023-08-21,0.008341656328234082,24
2023-08-22,0.010024431874657359,24
2023-08-23,0.01290062950615293,24
2023-08-24,0.016519308094496154,24
2023-08-25,0.014720594533482444,24
2023-08-26,0.013505214904204808,24
2023-08-27,0.01254180611007919,24
2023-08-28,0.00983579944155024,24
2023-08-29,0.007900283675816255,24
2023-08-30,0.0061875192131088195,24
2023-08-31,0.0058397838613981,24
2023-09-01,0.006145909506675177,24
2023-09-02,0.00917780934268877,24
2023-09-03,0.009414094843539306,24
2023-09-04,0.007932411073977774,24
2023-09-05,0.008166272704564295,24
2023-09-06,0.007544998411586132,24
2023-09-07,0.006905277380478438,24
2023-09-08,0.005853770291879856,24
2023-09-09,0.0053457518857820685,24
2023-09-10,0.00502634110351225,24
2023-09-11,0.004775283650156842,24
2023-09-12,0.004864317729648543,24
2023-09-13,0.004912634394401692,24
2023-09-14,0.0060696623774726104,24
2023-09-15,0.0070081459734630345,24
2023-09-16,0.006624473465637101,24
2023-09-17,0.008438714960195607,24
2023-09-18,0.008764447381953647,24
2023-09-19,0.007506980848327068,24
2023-09-20,0.006388105127997904,24
2023-09-21,0.006463172201551617,24
2023-09-22,0.006572445002773844,24
2023-09-23,0.007346395013528881,24
2023-09-24,0.008061057364476175,24
2023-09-25,0.007460917542596883,24
2023-09-26,0.006148127446469424,24
2023-09-27,0.005898858907445799,24
2023-09-28,0.005990930124542193,24
2023-09-29,0.006712867310634261,24
2023-09-30,0.00625202240511203,24
2023-10-01,0.005589199493270953,24
2023-10-02,0.007248170591831078,24
2023-10-03,0.005974242159222162,24
2023-10-04,0.005494013145022968,24
2023-10-05,0.004855488976650133,24
2023-10-06,0.005688130639028937,24
2023-10-07,0.006894119004770149,24
2023-10-08,0.006743633814698957,24
2023-10-09,0.006586719565056617,24
2023-10-10,0.005534685786794605,24
2023-10-11,0.00451413822987926,24
2023-10-12,0.004872219627862741,24
2023-10-13,0.005310642069364481,24
2023-10-14,0.005889644073660588,24
2023-10-15,0.005173618483614935,24
2023-10-16,0.004909678101342463,24
2023-10-17,0.004858995711762818,24
2023-10-18,0.004146707883063847,24
2023-10-19,0.0038493022926720474,24
2023-10-20,0.003868436233701721,24
2023-10-21,0.003954790637187962,24
2023-10-22,0.004240079695114006,24
2023-10-23,0.003976373251166273,24
2023-10-24,0.003757895744802028,24
2023-10-25,0.0037273759912398834,24
2023-10-26,0.0037980008038903737,24
2023-10-27,0.003978597644585452,24
2023-10-28,0.003854029948063103,24
2023-10-29,0.004096422881224512,24
2023-10-30,0.004103134048581187,24
2023-10-31,0.00395070648387105,24
2023-11-01,0.004220467007570983,24
2023-11-02,0.004358825356562189,24
2023-11-03,0.0035725135231704313,24
2023-11-04,0.0033735646571114975,24
2023-11-05,0.0034243437398991986,24
2023-11-06,0.0034028268551440635,24
2023-11-07,0.003328888231265462,24
2023-11-08,0.0034487412714466746,24
2023-11-09,0.003605263682217277,24
2023-11-10,0.0035635690106165965,24
2023-11-11,0.0033678321275872085,24
2023-11-12,0.0032553331771344816,24
2023-11-13,0.0030255857102586426,24
2023-11-14,0.0028820956094750606,24
2023-11-15,0.002693224365692874,24
2023-11-16,0.0028016533397199153,24
2023-11-17,0.002896735736273739,24
2023-11-18,0.0030487746452112826,24
2023-11-19,0.00326736454042544,24
2023-11-20,0.0027771433326071885,24
2023-11-21,0.0026185733640914843,24
2023-11-22,0.0026799980751455615,24
2023-11-23,0.0029153022714168884,24
2023-11-24,0.0026220935538216862,24
2023-11-25,0.0025030893472905032,24
2023-11-26,0.0027606390810879598,24
2023-11-27,0.002888638088586152,24
2023-11-28,0.0032972306517713846,24
2023-11-29,0.0026624327938046,24
2023-11-30,0.002848633419888021,24
2023-12-01,0.0028889039555029822,24
2023-12-02,0.0023472779458465366,24
2023-12-03,0.002275577479003752,24
2023-12-04,0.002430081944730669,24
2023-12-05,0.0022566367142261828,24
2023-12-06,0.002222098950131707,24
2023-12-07,0.002160229835319985,24
2023-12-08,0.0023132238799174107,24
2023-12-09,0.002141274397522968,24
2023-12-10,0.0020614819025422436,24
2023-12-11,0.0021345123390112816,24
2023-12-12,0.0021431185647188917,24
2023-12-13,0.0024163492911538037,24
2023-12-14,0.0025125560584369332,24
2023-12-15,0.002527704852664766,24
2023-12-16,0.002268515368801063,24
2023-12-17,0.0022556424688325344,24
2023-12-18,0.0020693814492957815,24
2023-12-19,0.0022258496364880127,24
2023-12-20,0.0025443019384905584,24
2023-12-21,0.0024371249864015877,24
2023-12-22,0.002345300808621783,24
2023-12-23,0.002356622480098499,24
2023-12-24,0.0022597799065670887,24
2023-12-25,0.002594308278382368,24
2023-12-26,0.002332849530931178,24
2023-12-27,0.002023806420517541,24
2023-12-28,0.001799800400590086,24
2023-12-29,0.0019002915451929922,24
2023-12-30,0.0018822488229905832,24
2023-12-31,0.002032838053444582,24
2024-01-01,0.0016767421486675832,24
2024-01-02,0.0016747936519994702,24
2024-01-03,0.0017019149371674635,24
2024-01-04,0.0016595381568395575,24
2024-01-05,0.0016243448783109023,24
2024-01-06,0.0016513635878767886,24
2024-01-07,0.0017306728120368882,24
2024-01-08,0.0018032695758083944,24
2024-01-09,0.0019062848875468672,24
2024-01-10,0.001804418656697207,24
2024-01-11,0.0020267862126952304,24
2024-01-12,0.002264374001034205,24
2024-01-13,0.0027634552473699524,24
2024-01-14,0.0026648020227481757,24
2024-01-15,0.0023809205880611414,24
2024-01-16,0.0018986299388271022,24
2024-01-17,0.0020217212082901427,24
2024-01-18,0.0017393348395709806,24
2024-01-19,0.0017962257804491804,24
2024-01-20,0.0017886377656193954,24
2024-01-21,0.0015732929636197467,24
2024-01-22,0.0017668770336184709,24
2024-01-23,0.0018315793540242223,24
2024-01-24,0.0015997431193969852,24
2024-01-25,0.0015340672002833913,24
2024-01-26,0.0019128394841217955,24
2024-01-27,0.002074687057032962,24
2024-01-28,0.0026647324366082872,24
2024-01-29,0.0025006221716832207,24
2024-01-30,0.001830985593023151,24
2024-01-31,0.0017456603493095106,24
2024-02-01,0.0011604280596225415,24
2024-02-02,0.0010919266558293052,24
2024-02-03,0.0011167282773992765,24
2024-02-04,0.0011790641242831602,24
2024-02-05,0.0010732970423017502,24
2024-02-06,0.0010358273820107553,24
2024-02-07,0.001025275009870411,24
2024-02-08,0.0010148802433664296,24
2024-02-09,0.001013496873923121,24
2024-02-10,0.001008970374706483,24
2024-02-11,0.0010010031427839445,24
2024-02-12,9.98943777707626E-4,24
2024-02-13,0.0010002371966296591,24
2024-02-14,9.805834168408376E-4,24
2024-02-15,0.0010259564572715528,24
2024-02-16,0.0011263347734544965,24
2024-02-17,0.0013205438091733652,24
2024-02-18,0.00205386165725269,24
2024-02-19,0.0075774349131990364,24
2024-02-20,0.0015178695101541264,24
2024-02-21,9.81380609745623E-4,24
2024-02-22,9.313926895211552E-4,24
2024-02-23,9.035398387066827E-4,24
2024-02-24,9.039336152229801E-4,24
2024-02-25,9.078256433923529E-4,24
2024-02-26,8.870907233878821E-4,24
2024-02-27,9.647040397510974E-4,24
2024-02-28,9.732670053179185E-4,24
2024-02-29,9.199832997295796E-4,24
2024-03-01,0.0022492548279471176,24
2024-03-02,0.016101510481153266,24
2024-03-03,0.0027215094058200264,24
2024-03-04,0.001018592232556843,24
2024-03-05,9.482107359701947E-4,24
2024-03-06,0.001007952211018216,24
2024-03-07,0.0011180074040077234,24
2024-03-08,0.0011121050040873812,24
2024-03-09,0.001047128243735437,24
2024-03-10,0.001013619803464155,24
2024-03-11,0.001139457779592655,24
2024-03-12,0.0013645104435990817,24
2024-03-13,0.0026460697764041003,24
2024-03-14,0.001345387759178363,24
2024-03-15,0.0010342656933180732,24
2024-03-16,0.001096353559494344,24
2024-03-17,0.001182231998014601,24
2024-03-18,0.0014514171838799872,24
2024-03-19,0.0015437576184021565,24
2024-03-20,0.0016996440182513086,24
2024-03-21,0.0022879451992702865,24
2024-03-22,0.00335094839135817,24
2024-03-23,0.0017846530759018397,24
2024-03-24,0.002115213466369768,24
2024-03-25,0.002123924320411399,24
2024-03-26,0.00210241496212884,24
2024-03-27,0.0028568774940415267,24
2024-03-28,0.003906251835918319,24
2024-03-29,0.004938113017270413,24
2024-03-30,0.007463171552833894,24
2024-03-31,0.0024303074484695528,24
2024-04-01,0.0015465579059217613,24
2024-04-02,0.0016268170221207215,24
2024-04-03,0.0024729188905867846,24
2024-04-04,0.0018449565152170127,24
2024-04-05,0.002429254830375451,24
2024-04-06,0.0023179653032847298,24
2024-04-07,0.002892290713140904,24
2024-04-08,0.003197020295199843,24
2024-04-09,0.003952184389700888,24
2024-04-10,0.004885751382816084,24
2024-04-11,0.005825873907454161,24
2024-04-12,0.005538032815521133,24
2024-04-13,0.007672370164659252,24
2024-04-14,0.008827136206885161,24
2024-04-15,0.017544449509862007,24
2024-04-16,0.00540347065997817,24
2024-04-17,0.0032428754258770703,24
2024-04-18,0.0082259470813115,24
2024-04-19,0.010942561365460252,24
2024-04-20,0.009487527533800454,24
2024-04-21,0.008772830069206988,24
2024-04-22,0.01109174979990442,24
2024-04-23,0.011356897160263588,24
2024-04-24,0.013247492837829809,24
2024-04-25,0.015204930215489914,24
2024-04-26,0.018035912311529588,24
2024-04-27,0.01513179686508393,24
2024-04-28,0.013621481011017822,24
2024-04-29,0.011119443682794442,24
2024-04-30,0.004359755661300805,24
2024-05-01,0.004306899231792969,24
2024-05-02,0.005391877562269006,24
2024-05-03,0.006442607623772207,24
2024-05-04,0.012486147843884658,24
2024-05-05,0.012588821141673923,24
2024-05-06,0.01531883718114226,24
2024-05-07,0.01808922598329127,24
2024-05-08,0.019751486682907635,24
2024-05-09,0.022705781483838616,24
2024-05-10,0.022976249061065167,24
2024-05-11,0.029745663283985934,24
2024-05-12,0.023435464143697578,24
2024-05-13,0.016798016575172197,24
2024-05-14,0.01857019073217336,24
2024-05-15,0.021710493733088074,24
2024-05-16,0.026724582945551523,24
2024-05-17,0.030423503256669544,24
2024-05-18,0.0321998148839189,24
2024-05-19,0.04302496675356476,24
2024-05-20,0.04884135951727517,24
2024-05-21,0.0534825269163415,24
2024-05-22,0.06034114760922971,24
2024-05-23,0.06751683617434161,24
2024-05-24,0.08325998414107147,24
2024-05-25,0.09884919844704282,24
2024-05-26,0.10071813642957389,24
2024-05-27,0.10348005248238304,24
2024-05-28,0.10203804542801366,24
2024-05-29,0.0854601660861901,24
2024-05-30,0.07091558125412455,24
2024-05-31,0.06388718831748136,24
2024-06-01,0.05996040056529167,24
2024-06-02,0.05783432671544279,24
2024-06-03,0.06682896728891309,24
2024-06-04,0.07695992339441736,24
2024-06-05,0.07011917465813367,24
2024-06-06,0.05647596027327711,24
2024-06-07,0.034352902309937844,24
2024-06-08,0.0297339367839378,24
2024-06-09,0.03535940711288765,24
2024-06-10,0.0445638838992661,24
2024-06-11,0.05968077779133973,24
2024-06-12,0.06847354850062053,24
2024-06-13,0.07897255723064091,24
2024-06-14,0.08803792424885241,24
2024-06-15,0.09114913243603083,24
2024-06-16,0.09286853331908447,24
2024-06-17,0.09853508281651527,24
2024-06-18,0.099817636693188,24
2024-06-19,0.09258086695916393,24
2024-06-20,0.07338129560026169,24
2024-06-21,0.07101805508953606,24
2024-06-22,0.0700706153332529,24
2024-06-23,0.07033921614765944,24
2024-06-24,0.07219552564120915,24
2024-06-25,0.071785500568751,24
2024-06-26,0.07325511752449766,24
2024-06-27,0.07657922879190732,24
2024-06-28,0.06928908274370014,24
2024-06-29,0.06738063809327084,24
2024-06-30,0.06496737684330862,24
2024-07-01,0.05588239254954788,24
2024-07-02,0.04907489869845775,24
2024-07-03,0.04535816644054574,24
2024-07-04,0.041613739504340594,24
2024-07-05,0.04126157017498741,24
2024-07-06,0.031577048462457374,24
2024-07-07,0.02552368640115934,24
2024-07-08,0.022931430952905188,24
2024-07-09,0.01891501593410617,24
2024-07-10,0.021152648051665657,24
2024-07-11,0.0199562090991653,24
2024-07-12,0.017514494422193168,24
2024-07-13,0.019520091203936142,24
2024-07-14,0.01983774490403354,24
2024-07-15,0.01748400533856115,24
2024-07-16,0.016139397930971574,24
2024-07-17,0.015581243100952678,24
2024-07-18,0.019084918290833888,24
2024-07-19,0.017018007522829635,24
2024-07-20,0.016598576639340876,24
2024-07-21,0.016184393565478933,24
2024-07-22,0.014176630416963548,24
2024-07-23,0.01335456581819785,24
2024-07-24,0.01751679489801207,24
2024-07-25,0.01117093917098607,24
2024-07-26,0.009053571747586534,24
2024-07-27,0.009301048418252546,24
2024-07-28,0.011196285482274701,24
2024-07-29,0.027049283902343433,24
2024-07-30,0.020565795193950614,24
2024-07-31,0.023088605125186488,24
2024-08-01,0.028376011707225396,24
2024-08-02,0.017615291012850365,24
2024-08-03,0.016351963066835503,24
2024-08-04,0.027870315660248304,24
2024-08-05,0.023096571314482815,24
2024-08-06,0.018298271591258172,24
2024-08-07,0.015230093391982539,24
2024-08-08,0.009898703071871512,24
2024-08-09,0.009113660879482677,24
2024-08-10,0.009764738015571945,24
2024-08-11,0.01239066361150795,24
2024-08-12,0.010347559801375795,24
2024-08-13,0.008083224917665692,24
2024-08-14,0.008914671204067474,24
2024-08-15,0.01370734926188063,24
2024-08-16,0.016683220811811447,24
2024-08-17,0.019826939097912225,24
2024-08-18,0.020007705335230854,24
2024-08-19,0.019537387290337854,24
2024-08-20,0.016169593200047492,24
2024-08-21,0.013760941322945454,24
2024-08-22,0.011079453633629981,24
2024-08-23,0.0073700716232193726,24
2024-08-24,0.006707107538698233,24
2024-08-25,0.007609227625185753,24
2024-08-26,0.008279647598323465,24
2024-08-27,0.009813522742364423,24
2024-08-28,0.015203634556906516,24
2024-08-29,0.03332315331280855,24
2024-08-30,0.02986439938281685,24
2024-08-31,0.01863605670579827,24
2024-09-01,0.017234436155035473,24
2024-09-02,0.021079142966481022,24
2024-09-03,0.019063578594366602,24
2024-09-04,0.009645579203307296,24
2024-09-05,0.006414209085521635,24
2024-09-06,0.007858592774247148,24
2024-09-07,0.008736322966378328,24
2024-09-08,0.00830944307601362,24
2024-09-09,0.008487724413496673,24
2024-09-10,0.007597605537096324,24
2024-09-11,0.006593907802534073,24
2024-09-12,0.005217283995895214,24
2024-09-13,0.005784716445834784,24
2024-09-14,0.0072008549547942806,24
2024-09-15,0.006528161150612937,24
2024-09-16,0.005738820660366237,24
2024-09-17,0.005794132142515214,24
2024-09-18,0.005191253519707931,24
2024-09-19,0.0054894229419251254,24
2024-09-20,0.006277483466871464,24
2024-09-21,0.005117126674593031,24
2024-09-22,0.004546982962920183,24
2024-09-23,0.004341615161425434,24
2024-09-24,0.004244979833464618,24
2024-09-25,0.004320700581041473,24
2024-09-26,0.006880510909001149,24
2024-09-27,0.013125108171325596,24
2024-09-28,0.00788435703925136,24
2024-09-29,0.006101160984432501,24
2024-09-30,0.005292902004351694,24
2024-10-01,0.0048179366750356455,24
2024-10-02,0.004698349368270207,24
2024-10-03,0.0041796165813343415,24
2024-10-04,0.004293154307206086,24
2024-10-05,0.004835566185916796,24
2024-10-06,0.005732487945021622,24
2024-10-07,0.005389074953716656,24
2024-10-08,0.006878226346530289,24
2024-10-09,0.005597013871214533,24
2024-10-10,0.004663162896661745,24
2024-10-11,0.0043056154113312265,24
2024-10-12,0.004183316737340935,24
2024-10-13,0.004339175316087907,24
2024-10-14,0.004535636011487169,24
2024-10-15,0.0041085044083304136,24
2024-10-16,0.004466446231275413,24
2024-10-17,0.004788658136152004,24
2024-10-18,0.00472027223623335,24
2024-10-19,0.0039683678433014785,24
2024-10-20,0.0038456565423891855,24
2024-10-21,0.0037452146568081523,24
2024-10-22,0.0038601112433097706,24
2024-10-23,0.004311771761968039,24
2024-10-24,0.005068775346502208,24
2024-10-25,0.0040579286653159696,24
2024-10-26,0.004147663968554085,24
2024-10-27,0.0038183340354068043,24
2024-10-28,0.00524977122625312,24
2024-10-29,0.0054857421847496505,24
2024-10-30,0.003986808727337853,24
2024-10-31,0.003442329712161093,24
2024-11-01,0.0033820862544197364,24
2024-11-02,0.0035706907183463924,24
2024-11-03,0.0036868422899763113,24
2024-11-04,0.003497839814448544,24
2024-11-05,0.0035663344057366726,24
2024-11-06,0.0036703556655206943,24
2024-11-07,0.003625758803397469,24
2024-11-08,0.003815922434434194,24
2024-11-09,0.0038114537091939247,24
2024-11-10,0.004045755712607881,24
2024-11-11,0.003974195151908325,24
2024-11-12,0.0031492327590020223,24
2024-11-13,0.002865990030922031,24
2024-11-14,0.0031058893467013327,24
2024-11-15,0.0033640737455748354,24
2024-11-16,0.002847941918289195,24
2024-11-17,0.0025299832740411157,24
2024-11-18,0.0025340241595328155,24
2024-11-19,0.002494541822767723,24
2024-11-20,0.002490945602492169,24
2024-11-21,0.0024895070894668876,24
2024-11-22,0.002401886676907692,24
2024-11-23,0.0025115429071027816,24
2024-11-24,0.002566429112325607,24
2024-11-25,0.002471466183642479,24
2024-11-26,0.002412283576643013,24
2024-11-27,0.0022923721489867908,24
2024-11-28,0.002242241369566169,24
2024-11-29,0.0024665259072268715,24
2024-11-30,0.002393823031009126,24
2024-12-01,0.002376958581720158,24
2024-12-02,0.0023078910288001934,24
2024-12-03,0.0022457079863974056,24
2024-12-04,0.0022576712576465427,24
2024-12-05,0.002209942591661,24
2024-12-06,0.0021285954119171857,24
2024-12-07,0.002046477353060725,24
2024-12-08,0.0020144752363345664,24
2024-12-09,0.0019859428387961385,24
2024-12-10,0.002124490954418499,24
2024-12-11,0.0021667684645930224,24
2024-12-12,0.002052100016839001,24
2024-12-13,0.001974982425828504,24
2024-12-14,0.0022860910751239666,24
2024-12-15,0.002334122428192424,24
2024-12-16,0.002122974085955707,24
2024-12-17,0.001894703799669149,24
2024-12-18,0.0017881741465068108,24
2024-12-19,0.0018574787123302877,24
2024-12-20,0.0018028663778763894,24
2024-12-21,0.00177782623961728,24
2024-12-22,0.001744120896204301,24
2024-12-23,0.0017250025212574528,24
2024-12-24,0.0019021359616266842,24
2024-12-25,0.0017777103112294416,24
2024-12-26,0.0018556325830460492,24
2024-12-27,0.0018775571822917975,24
2024-12-28,0.00181714710336389,24
2024-12-29,0.0016051377400917118,24
2024-12-30,0.0016444305913529645,24
2024-12-31,0.0015834131566122337,24
2025-01-01,0.001579433607555006,24
2025-01-02,0.0018380549640523828,24
2025-01-03,0.0017570452424097312,24
2025-01-04,0.0018187338858635421,24
2025-01-05,0.0018578534050446383,24
2025-01-06,0.0016639475296373702,24
2025-01-07,0.0014768128315372016,24
2025-01-08,0.0014558764603191873,24
2025-01-09,0.001441618917697983,24
2025-01-10,0.0014313712765637169,24
2025-01-11,0.0014339951817373695,24
2025-01-12,0.001420757241922972,24
2025-01-13,0.0014024317906051241,24
2025-01-14,0.0013965086444410846,24
2025-01-15,0.001392870810459764,24
2025-01-16,0.0014247058057501518,24
2025-01-17,0.0013627229215152188,24
2025-01-18,0.0013573579768604539,24
2025-01-19,0.0013999499644534324,24
2025-01-20,0.0015792614474719623,24
2025-01-21,0.0013962888642772187,24
2025-01-22,0.0013417199192477967,24
2025-01-23,0.001293695484449081,24
2025-01-24,0.0012631933897987956,24
2025-01-25,0.0012517933567742,24
2025-01-26,0.0012526922259604996,24
2025-01-27,0.0012474425895774692,24
2025-01-28,0.001244894155822001,24
2025-01-29,0.0013819490868772252,24
2025-01-30,0.0012491231053578008,24
2025-01-31,0.001222073140264792,24
2025-02-01,0.0012730812782310954,24
2025-02-02,0.0012008999197785457,24
2025-02-03,0.0011898954425890948,24
2025-02-04,0.0012419632900768694,24
2025-02-05,0.0012137596998619705,24
2025-02-06,0.0011566533582176568,24
2025-02-07,0.0011321333726638499,24
2025-02-08,0.0011303154708521045,24
2025-02-09,0.0011326396087845637,24
2025-02-10,0.0012977088695972536,24
2025-02-11,0.0013857242909451853,24
2025-02-12,0.001159650444793933,24
2025-02-13,0.0011181588408728028,24
2025-02-14,0.0011029385007342558,24
2025-02-15,0.0011012640774179098,24
2025-02-16,0.0012097628954523835,24
2025-02-17,0.001140771896460565,24
2025-02-18,0.001063900815670452,24
2025-02-19,0.001102752626039115,24
2025-02-20,0.002077866267010034,24
2025-02-21,0.0011836340543751793,24
2025-02-22,0.001146866320988488,24
2025-02-23,0.0011446665321362748,24
2025-02-24,0.0011415121102275956,24
2025-02-25,0.002081249937795686,24
2025-02-26,0.007114954591163355,24
2025-02-27,0.005828369121693111,24
2025-02-28,0.0022593888046243036,24
2025-03-01,0.0011672668041408144,24
2025-03-02,0.001103120734651678,24
2025-03-03,0.004847940632133723,24
2025-03-04,0.001424649346906735,24
2025-03-05,0.001144399427552534,24
2025-03-06,0.0011918704885473927,24
2025-03-07,0.001239125682692653,24
2025-03-08,0.0012540622168664324,24
2025-03-09,0.0012864987013345053,24
2025-03-10,0.0028710637910112206,24
2025-03-11,0.0017811962236672294,24
2025-03-12,0.0018384691272185986,24
2025-03-13,0.0017304446954752133,24
2025-03-14,0.001790711415262925,24
2025-03-15,0.0022291507508229976,24
2025-03-16,0.0018132798550140306,24
2025-03-17,0.0016531370937860443,24
2025-03-18,0.0016839703930585914,24
2025-03-19,0.0017654808055328733,24
2025-03-20,0.001980660483585262,24
2025-03-21,0.0019311190629028498,24
2025-03-22,0.0019628709236808387,24
2025-03-23,0.0020167527967114747,24
2025-03-24,0.0018282458763364626,24
2025-03-25,0.0023048966243166434,24
2025-03-26,0.0026875833307355196,24
2025-03-27,0.006397468741331942,24
2025-03-28,0.0019817460747103667,24
2025-03-29,0.0013050879804370218,24
2025-03-30,0.0013376170190273968,24
2025-03-31,0.0014258625695006614,24
2025-04-01,0.001481486122072623,24
2025-04-02,0.001670596138518493,24
2025-04-03,0.001485675997238145,24
2025-04-04,0.0021060880945358257,24
2025-04-05,0.0023683680433756976,24
2025-04-06,0.0029415198878196642,24
2025-04-07,0.0038398557166317575,24
2025-04-08,0.004943829620122275,24
2025-04-09,0.008794007812715563,24
2025-04-10,0.009344992764100628,24
2025-04-11,0.009227387717772574,24
2025-04-12,0.00982118520158905,24
2025-04-13,0.009662952537203832,24
2025-04-14,0.0109421908321567,24
2025-04-15,0.013046416942779889,24
2025-04-16,0.014277177151521794,24
2025-04-17,0.02096326412408298,24
2025-04-18,0.02167493761001452,24
2025-04-19,0.020549536993915422,24
2025-04-20,0.01480557369781821,24
2025-04-21,0.005369738111609554,24
2025-04-22,0.004047066939862371,24
2025-04-23,0.004840500959689684,24
2025-04-24,0.006945944373945229,24
2025-04-25,0.0073805447841680865,24
2025-04-26,0.007146750750412975,24
2025-04-27,0.010120558145571154,24
2025-04-28,0.01330695715196247,24
2025-04-29,0.016183815052530248,24
2025-04-30,0.01902358728460357,24
2025-05-01,0.0225023058394687,24
2025-05-02,0.0240186128912489,24
2025-05-03,0.027172966413491942,24
2025-05-04,0.028379325469683025,24
2025-05-05,0.0305614885194839,24
2025-05-06,0.0332799155139898,24
2025-05-07,0.03571027883254621,24
2025-05-08,0.03982176243426365,24
2025-05-09,0.03959328204588495,24
2025-05-10,0.050056830661063915,24
2025-05-11,0.05094908421144092,24
2025-05-12,0.051619340051807086,24
2025-05-13,0.060391610555158515,24
2025-05-14,0.06265075766094674,24
2025-05-15,0.061561097009404056,24
2025-05-16,0.07109364531092525,24
2025-05-17,0.0864950414248818,24
2025-05-18,0.09571877050843186,24
2025-05-19,0.10191741260686422,24
2025-05-20,0.09455718246406764,24
2025-05-21,0.10124503830181486,24
2025-05-22,0.10452197819410876,24
2025-05-23,0.10424670116675969,24
2025-05-24,0.109472261986881,24
2025-05-25,0.10764718981000626,24
2025-05-26,0.1016522978759674,24
2025-05-27,0.1016336934945732,24
2025-05-28,0.08536965388718928,24
2025-05-29,0.0663923725277705,24
2025-05-30,0.04030921716374974,24
2025-05-31,0.024167798118441573,24
2025-06-01,0.019149832918721868,24
2025-06-02,0.020663094924663443,24
2025-06-03,0.02176620237410135,24
2025-06-04,0.02136902707966327,24
2025-06-05,0.025693895442906962,24
2025-06-06,0.03171455191555136,24
2025-06-07,0.045589524121027104,24
2025-06-08,0.055283165464272005,24
2025-06-09,0.06392521715059117,24
2025-06-10,0.0718994264520644,24
2025-06-11,0.0759316000191436,24
2025-06-12,0.07272103262303216,24
2025-06-13,0.074995902738496,24
2025-06-14,0.07658883236366486,24
2025-06-15,0.07441785592364383,24
2025-06-16,0.05918293453091503,24
2025-06-17,0.06644375691375842,24
2025-06-18,0.05527325315131865,24
2025-06-19,0.04647300129299373,24
2025-06-20,0.04675398676663394,24
2025-06-21,0.0535655487230607,24
2025-06-22,0.05948916769262748,24
2025-06-23,0.0550890703303325,24
2025-06-24,0.05375133653986569,24
2025-06-25,0.05650249712505196,24
2025-06-26,0.059876103426838675,24
2025-06-27,0.05452307412900326,24
2025-06-28,0.0507673534274639,24
2025-06-29,0.04500864977357047,24
2025-06-30,0.03959152919948339,24
2025-07-01,0.03963396558380901,24
2025-07-02,0.03425522380310202,24
2025-07-03,0.02775204931425671,24
2025-07-04,0.022726900969483994,24
2025-07-05,0.024941946397701073,24
2025-07-06,0.040197952948121646,24
2025-07-07,0.02007681092905467,24
2025-07-08,0.027082157916749294,24
2025-07-09,0.022351228910025833,24
2025-07-10,0.021993856904393583,24
2025-07-11,0.01837560115767328,24
2025-07-12,0.01153576473134584,24
2025-07-13,0.010743704071255316,24
2025-07-14,0.0167833845531281,24
2025-07-15,0.026318580703623775,24
2025-07-16,0.034327624176805245,24
2025-07-17,0.034422068756963256,24
2025-07-18,0.02534551991427175,24
2025-07-19,0.024278376828316225,24
2025-07-20,0.02998438604670984,24
2025-07-21,0.03675252767395252,24
2025-07-22,0.041260439920413935,24
2025-07-23,0.028354804408631366,24
2025-07-24,0.027093883353995245,24
2025-07-25,0.03128590973758817,24
2025-07-26,0.028082097572656,24
2025-07-27,0.021178979084955852,24
2025-07-28,0.016873992082397208,24
2025-07-29,0.01587391563447706,24
2025-07-30,0.03523668358402251,24
2025-07-31,0.026299568080501413,24
2025-08-01,0.01934796306001087,24
2025-08-02,0.024852132836201607,24
2025-08-03,0.013673753623565887,24
2025-08-04,0.011421549661311075,24
2025-08-05,0.01173306665619952,24
2025-08-06,0.01194646459305844,24
2025-08-07,0.010260049902896997,24
2025-08-08,0.009466871103039736,24
2025-08-09,0.010344108811703504,24
2025-08-10,0.012277378141466096,24
2025-08-11,0.012559344420484871,24
2025-08-12,0.014130146461797758,24
2025-08-13,0.01561467535399579,24
2025-08-14,0.027015788285667596,24
2025-08-15,0.04564621677000107,24
2025-08-16,0.026780144305209815,24
2025-08-17,0.013633338110901451,24
2025-08-18,0.048178297246505714,24
2025-08-19,0.017535483633541214,24
2025-08-20,0.009794680739958034,24
2025-08-21,0.007309853061128318,24
2025-08-22,0.006994963676266007,24
2025-08-23,0.011420513702906167,24
2025-08-24,0.020741730139773106,24
2025-08-25,0.015118832217559112,24
2025-08-26,0.02382605574075102,24
2025-08-27,0.012005631974939463,24
2025-08-28,0.010720609656664132,24
2025-08-29,0.010549404477167987,24
2025-08-30,0.010401701468477619,24
2025-08-31,0.01262502545590453,24
2025-09-01,0.012801618421498436,24
2025-09-02,0.019233848871490135,24
2025-09-03,0.020883030459474337,24
2025-09-04,0.012485697397821707,24
2025-09-05,0.012504228846582444,24
2025-09-06,0.012359641552424134,24
2025-09-07,0.012648945564125458,24
2025-09-08,0.015016531060985359,24
2025-09-09,0.014950213142970585,24
2025-09-10,0.009349796369824429,24
2025-09-11,0.007355982895729644,24
2025-09-12,0.007105497437494409,24
2025-09-13,0.007138718877944958,24
2025-09-14,0.0074376402545350976,24
2025-09-15,0.0071015224349395495,24
2025-09-16,0.008223969044341662,24
2025-09-17,0.006719961514025727,24
2025-09-18,0.007545369123526678,24
2025-09-19,0.007381265028033722,24
2025-09-20,0.006223097794172912,24
2025-09-21,0.005489277929489221,24
2025-09-22,0.005296208875335232,24
2025-09-23,0.005386064791030553,24
2025-09-24,0.006269056575839955,24
2025-09-25,0.00616042022067617,24
2025-09-26,0.005582241112774647,24
2025-09-27,0.0049938123013813385,24
2025-09-28,0.004756493131624737,24
2025-09-29,0.005213881069471634,24
2025-09-30,0.004892527686327894,24
2025-10-01,0.0049394851610329036,24
2025-10-02,0.006007805410697203,24
2025-10-03,0.006820981362877209,24
2025-10-04,0.006567452222344241,24
2025-10-05,0.006442316962766104,24
2025-10-06,0.007888955806177458,24
2025-10-07,0.00600723859653411,24
2025-10-08,0.004917048578053798,24
2025-10-09,0.0048327662933361,24
2025-10-10,0.005140025014168066,24
2025-10-11,0.005048137177585621,24
2025-10-12,0.004870651322256319,24
2025-10-13,0.005082566058486897,24
2025-10-14,0.005128190607325613,24
2025-10-15,0.005228525024071575,24
2025-10-16,0.0049591636982029095,24
2025-10-17,0.004916786658862486,24
2025-10-18,0.004888106121374303,24
2025-10-19,0.005124146834381937,24
2025-10-20,0.005380191312918077,24
2025-10-21,0.005648358509062798,24
2025-10-22,0.00508766696480521,24
2025-10-23,0.0047472844985944245,24
2025-10-24,0.004241196233843255,24
2025-10-25,0.00448234290268343,24
2025-10-26,0.004057131595400939,24
2025-10-27,0.00424827462964444,24
2025-10-28,0.004354963429971694,24
2025-10-29,0.003971132703343475,24
2025-10-30,0.004083818754125674,24
2025-10-31,0.004033339918606579,24
2025-11-01,0.0042183849455389956,24
2025-11-02,0.004332725270376368,24
2025-11-03,0.004153412215917635,24
2025-11-04,0.0043670909482124015,24
2025-11-05,0.003936728032896293,24
2025-11-06,0.0032017128763741323,24
2025-11-07,0.0034247648751857696,24
2025-11-08,0.0034766284552673384,24
2025-11-09,0.0032177973525796856,24
2025-11-10,0.003194285026912385,24
2025-11-11,0.003160037705427184,24
2025-11-12,0.003033815588964957,24
2025-11-13,0.0030855816108809435,24
2025-11-14,0.00305586546787927,24
2025-11-15,0.003114227767563032,24
2025-11-16,0.0033576606700580314,24
2025-11-17,0.0041606647874241525,24
2025-11-18,0.0037667666787881845,24
2025-11-19,0.00357270895388601,24
2025-11-20,0.0031745903079076674,24
2025-11-21,0.003108299389211667,24
2025-11-22,0.002789843032752971,24
2025-11-23,0.002725698094661315,24
2025-11-24,0.002651233959070745,24
2025-11-25,0.002591752302370161,24
2025-11-26,0.0024068482421780546,24
2025-11-27,0.0025279152213230475,24
2025-11-28,0.0025038145865260595,24
2025-11-29,0.0024899808971914415,24
2025-11-30,0.002530799637887681,24
2025-12-01,0.002874907203633269,24
2025-12-02,0.003159420893477642,24
2025-12-03,0.002672685641870161,24
2025-12-04,0.002413267246496031,24
2025-12-05,0.0025596243054363645,24
2025-12-06,0.0026822215278368366,24
2025-12-07,0.002904688617936323,24
2025-12-08,0.0028854749343150965,24
2025-12-09,0.002362834248235147,24
2025-12-10,0.0030285807138219325,24
2025-12-11,0.002208839411029349,24
2025-12-12,0.0023881078265178507,24
2025-12-13,0.0022588830208496464,24
2025-12-14,0.002755240713066148,24
2025-12-15,0.0027089741217643953,24
2025-12-16,0.0025075765967328754,24
2025-12-17,0.0022008623658498266,24
2025-12-18,0.0021800418984749327,24
2025-12-19,0.0022175601528501027,24
2025-12-20,0.002244519917908723,24
2025-12-21,0.0025424074427407286,24
2025-12-22,0.002562669379488683,24
2025-12-23,0.0016836569659760268,24
2025-12-24,0.0016164650220523435,24
2025-12-25,0.0015953002825453083,24
2025-12-26,0.0015635280294315254,24
2025-12-27,0.001528298094328469,24
2025-12-28,0.0016053770600335498,24
2025-12-29,0.0016018639208327991,24
2025-12-30,0.0016714909886236013,24
2025-12-31,0.0018401998423219165,24
