date,max_dew,mean_dew,min_dew
2000-01-01,253.9853642211528,248.53603498290428,243.22118218863085
2000-01-02,254.27534244443527,248.67378727943034,243.29998238709578
2000-01-03,254.31869101804324,248.2485841838216,242.29284864287237
2000-01-04,253.54663456672318,247.32260825233504,241.245678761283
2000-01-05,252.99313529284478,247.23546347617912,241.2027436478669
2000-01-06,253.1743523185731,248.4031583463021,242.49813077743764
2000-01-07,257.8059017309045,253.38236812818192,245.6580552966324
2000-01-08,259.33527925520207,255.81247773459773,251.95652849999396
2000-01-09,256.9205412475659,254.19199515545748,250.61414577408758
2000-01-10,253.69371276784938,250.78352601236358,247.85269371022892
2000-01-11,256.4014495026532,254.30587558335588,250.06607385365268
2000-01-12,258.2172785823385,256.63969126873604,254.27926481273093
2000-01-13,256.20041448423854,253.51287083736145,249.79271422525858
2000-01-14,252.19777405275684,249.70052725104603,246.2788456029093
2000-01-15,249.12220406541795,245.8596156592311,240.91815691506523
2000-01-16,244.8082187264789,241.29025706257173,237.36988598597733
2000-01-17,247.74873982618783,243.24471564234355,237.56755300491875
2000-01-18,256.17670888844316,253.0320936299472,246.25211722436902
2000-01-19,256.08093804723313,252.28671092919458,245.61700086067825
2000-01-20,248.29221445696598,244.75959619505497,240.29377505944245
2000-01-21,246.97236816104282,243.96507151341785,240.45466622536387
2000-01-22,249.8585270690173,246.9121923270325,243.5448762332559
2000-01-23,248.8010566863567,245.73112171740144,242.2694670089211
2000-01-24,248.9036714060386,246.06586288367077,241.78703243899048
2000-01-25,252.76671948824855,250.07893811004115,245.40754635872779
2000-01-26,254.24518316668937,250.659871770265,245.31899743731384
2000-01-27,250.17930926454164,246.23217398147528,241.20639244893073
2000-01-28,246.81422500011465,243.1260310483558,238.9493903314337
2000-01-29,245.71252023043849,242.19461196454535,238.77986870996753
2000-01-30,252.83008912042882,247.85989078982217,240.58892182551062
2000-01-31,256.57648417085517,253.68770465718688,249.9510340951866
2000-02-01,255.2266918789568,252.80977086054605,249.36939834468623
2000-02-02,253.05795298311423,250.28969431341284,247.01803042351364
2000-02-03,252.91080758934686,250.30009825290878,247.1459805768421
2000-02-04,252.78206142148204,249.8521255085872,245.62198097689645
2000-02-05,251.72085230493937,248.81973201677715,245.01961395954962
2000-02-06,249.8344682484544,245.8768427700335,240.1557233255381
2000-02-07,247.7029243644009,243.75793649248834,239.0432640629778
2000-02-08,248.95793958693153,245.30131827129765,240.8047013557892
2000-02-09,251.90130944484432,248.96977398855057,243.40954708707747
2000-02-10,253.63545893347893,250.94110122086542,247.72677771416596
2000-02-11,252.22401053705886,248.62430978159807,242.45922628541146
2000-02-12,248.9457170139618,245.1959173676355,240.3806887084481
2000-02-13,246.35964801020455,242.55605077836674,238.14513215026054
2000-02-14,244.05053003764658,240.14166036603316,236.23633108430724
2000-02-15,252.31203709804785,248.22881325238887,239.22460577212468
2000-02-16,253.36251557165204,250.47154716251657,246.7947911803361
2000-02-17,252.00569892192655,248.61040245501445,244.3994407019411
2000-02-18,250.13654818889893,246.3201983326985,241.5512363821449
2000-02-19,248.12033056445782,244.634517065856,240.15441509386707
2000-02-20,248.15437093666412,244.88399716644793,240.31934293268742
2000-02-21,248.32699881271353,244.93744719176672,241.53045074484248
2000-02-22,249.13609446355096,245.25459458784167,240.68658962736473
2000-02-23,249.54422212997702,245.7262516903959,240.92557232632592
2000-02-24,248.62274644738824,244.09824388080563,239.06433865509723
2000-02-25,247.04678084145274,242.0306856124005,236.9775057694106
2000-02-26,246.21990620622077,240.6182149570506,235.5537627591725
2000-02-27,250.46910295882924,245.78321057891026,237.008910167705
2000-02-28,253.26886863285733,249.25421899256006,243.6027430436069
2000-02-29,258.0990423745923,254.00487946389336,248.81314316615806
2000-03-01,255.12426664553615,251.5322211226491,247.20896558679405
2000-03-02,254.53750246853534,250.99880114675605,246.3211341662009
2000-03-03,254.74963971963152,252.15385162727827,247.79116660891435
2000-03-04,258.01841361909544,255.8803699648749,251.96563308092576
2000-03-05,255.61875800249743,251.8687935260984,244.74557488346545
2000-03-06,252.54751325971873,249.45381845682724,243.64398804517725
2000-03-07,254.7403570288054,250.8054135874455,244.59736713676259
2000-03-08,251.58796821420128,247.31800719714988,241.55383001200155
2000-03-09,249.6158351298855,245.30127645366508,240.68775451259833
2000-03-10,253.0897166532112,249.38466618306074,242.30698598789294
2000-03-11,256.8216568662858,253.2771643587499,248.6509990379264
2000-03-12,256.3610877893544,252.09708552130422,245.85875800396244
2000-03-13,252.84996774770943,248.5673046631293,243.1241613281396
2000-03-14,253.03461527693156,248.27311562523082,242.48083003705463
2000-03-15,252.38129074945482,247.8713254334778,241.97488237907675
2000-03-16,255.90474498940108,252.19362765989834,245.04686562941214
2000-03-17,256.3729383941248,253.06117130479385,248.29950391917578
2000-03-18,254.62947987315343,250.9430579091672,246.46860891001657
2000-03-19,252.09671548076335,247.78265806518652,241.67736933601097
2000-03-20,250.9283195310229,246.83767437146943,241.13333206938788
2000-03-21,254.6859237612928,251.1827575885833,245.4104188348103
2000-03-22,256.19074785031574,253.06628554822314,248.40882095246144
2000-03-23,256.65453185157713,252.02481147828655,244.73946725203575
2000-03-24,254.90283878794213,249.5078358796063,242.19477514443082
2000-03-25,256.1755326957148,250.01342857285383,243.3255487121163
2000-03-26,255.9305486803464,249.70883579305837,243.422720637687
2000-03-27,257.3654996102094,252.22692788764607,244.83997775908188
2000-03-28,261.056516028987,257.2305414636861,251.10180710415625
2000-03-29,263.5808133233637,260.9561990084617,256.20736639167035
2000-03-30,264.22957838830865,261.77580425471115,258.1411211831241
2000-03-31,263.47367664587006,261.15016031329725,257.40269294482715
2000-04-01,262.1384016617725,257.88461024621904,250.5870458297522
2000-04-02,258.1209468742965,253.7792953637013,248.4709719872948
2000-04-03,258.6879469765878,254.69434113057932,250.06286488034323
2000-04-04,260.82937985598403,257.67668132371864,252.2437530793292
2000-04-05,259.0880202858349,254.3348983074181,247.10345070234598
2000-04-06,256.2256895591159,251.74238369786897,246.2876510266736
2000-04-07,260.4138526336619,256.5266865995414,249.15062892716054
2000-04-08,261.442537617634,257.1820666587128,251.25659402588548
2000-04-09,260.17108918367916,254.29329638681173,247.87921613583055
2000-04-10,258.218210285158,252.275332419615,245.75116010202618
2000-04-11,257.12671075812466,251.10397190892712,244.88445995617613
2000-04-12,258.1142880759815,252.00198586696132,245.990343720081
2000-04-13,259.4687314514167,254.1671806142898,247.03820898645387
2000-04-14,262.89702626501804,258.9801437088852,251.86323210060596
2000-04-15,263.46604653337295,258.74022433940263,252.72127351369747
2000-04-16,262.200576729332,257.28766372634107,250.9007305027726
2000-04-17,262.39022655314784,257.9786494681208,251.41566642866871
2000-04-18,264.57431339880765,259.9461518413522,253.03918194280772
2000-04-19,265.56704327201874,261.8110064407552,254.0404074865832
2000-04-20,266.4592187748886,262.1216059401015,255.6615934634493
2000-04-21,265.19659692044695,260.79585673746084,254.79146227128874
2000-04-22,265.8917667790435,261.4641988926854,255.1373366053561
2000-04-23,266.08144343290115,262.03936599999435,256.21215761756406
2000-04-24,265.3753350495282,261.2385448321886,255.20554229352425
2000-04-25,265.5054398311952,260.8064916731394,255.09723220851285
2000-04-26,265.44544087196977,261.4099808510307,255.51063234343638
2000-04-27,265.1511177376181,262.20305712335835,256.3167485635862
2000-04-28,265.5084662198976,262.55043424585284,258.26669508326836
2000-04-29,263.7757715655188,260.900485986908,256.59205277315493
2000-04-30,263.68219619625927,259.57892773991256,253.29295266166656
2000-05-01,262.88648822745864,258.2227847204152,252.08074282912335
2000-05-02,263.28774518627336,258.3574386209046,252.6517145913594
2000-05-03,264.62578113397785,260.58413974797276,254.07850074250217
2000-05-04,268.71977214123666,265.43204625812274,259.1132387735396
2000-05-05,268.115358669586,264.32128844604654,259.158012012432
2000-05-06,267.4539534143595,263.1142730211454,258.01965651958056
2000-05-07,267.1029626847035,262.6617970072335,257.1752184465244
2000-05-08,267.1860093104132,262.5501361617906,256.98938367046105
2000-05-09,267.44635494913354,262.8898504759199,257.4564763443006
2000-05-10,268.12309260888594,264.05171705983315,258.8223401904209
2000-05-11,268.7289930410834,264.14379992095706,258.88408912898575
2000-05-12,268.59285391597143,264.78095222344825,259.2812853104466
2000-05-13,270.43642316473756,267.38938170079194,262.0622670540132
2000-05-14,271.1933573718904,267.25826385418566,262.25845394485174
2000-05-15,270.3622222562197,266.8759951745539,261.7725071435267
2000-05-16,270.51406349549825,266.65528301933364,261.89031266805455
2000-05-17,269.43280171796084,265.50319574811516,260.8213982087096
2000-05-18,269.3531753240341,265.6210469320627,260.9050422060528
2000-05-19,269.8866660194977,267.0483513112498,263.1321994796549
2000-05-20,270.4370242831553,266.93590439868507,261.9997683244575
2000-05-21,269.3682336280234,264.89621338678285,260.2206811842548
2000-05-22,269.7050901047467,266.4820950410691,260.8914545452181
2000-05-23,272.34304317208336,269.6322971946745,265.42092393593265
2000-05-24,271.2844190831134,268.6799547734501,264.7302750937615
2000-05-25,270.41642267173023,266.93442615847925,262.43556143804113
2000-05-26,268.2431159602056,264.90610322534843,261.1075541187532
2000-05-27,268.85164631961845,265.6409906547373,261.2644788994761
2000-05-28,270.11168542677524,266.49832846910857,261.72869432365053
2000-05-29,271.0648927205754,268.1404314561982,263.20218022048465
2000-05-30,272.1250601438455,269.2127375417583,266.04114012323157
2000-05-31,271.62208304479896,268.38144345757354,263.6910187260959
2000-06-01,270.50957123526933,267.50231156521795,263.3656014792033
2000-06-02,271.1397557181563,268.31946801144863,264.27593160442166
2000-06-03,272.849402012558,269.9731602017756,265.7994462652417
2000-06-04,270.52770002023976,267.59735296783913,264.37725686951063
2000-06-05,268.9269683181952,266.1993914468098,262.00589962617187
2000-06-06,270.1755435238512,266.9678658568809,262.05864681347015
2000-06-07,271.6507416998921,268.7000050378158,264.20455746441525
2000-06-08,273.30940218597226,270.9348728713971,266.7129083089639
2000-06-09,273.87330932326967,271.65220186505223,269.03761889489374
2000-06-10,272.5145962966561,270.0808220336982,266.5816368812083
2000-06-11,272.0642972031049,268.34689582174184,263.94803446551117
2000-06-12,270.13820741922177,266.26371515029933,262.07279000673
2000-06-13,270.460787259352,267.24389865347314,262.19015971100083
2000-06-14,272.3632235499383,269.5857787062028,265.28129548283493
2000-06-15,274.3521462638126,271.41065525605995,267.90851863162715
2000-06-16,274.27455681878996,270.819285359599,266.92259800485834
2000-06-17,274.12385316632214,271.3445169890579,267.34813489126475
2000-06-18,275.1960203176483,272.8245011729919,269.595635279392
2000-06-19,277.05111141463,274.597897251917,270.8092892319258
2000-06-20,276.30755846733103,274.02773932875687,271.14532736337014
2000-06-21,275.4937707703229,272.62857258497263,269.33863189355594
2000-06-22,273.6614274545414,271.1228497391032,267.6034710399795
2000-06-23,273.5009512801188,270.86063310697807,267.6422501973501
2000-06-24,273.0422641434246,270.06205197878126,266.73566696529343
2000-06-25,272.6121249656594,269.749094649342,266.6911194361111
2000-06-26,273.36352724568997,269.985717895326,266.3107446319676
2000-06-27,274.11270217349283,270.6100849424235,266.9088793016926
2000-06-28,274.8151679624971,271.63150675715383,268.1751853515918
2000-06-29,275.27775059334795,272.7922522914526,269.1272896925277
2000-06-30,276.67249937163655,274.3882323001165,271.3128842616287
2000-07-01,276.1956514747699,273.8645444160918,271.06710095068956
2000-07-02,276.6703063877926,274.1516313634167,271.59171569882545
2000-07-03,275.8195478230375,273.31760064836527,270.1692208981793
2000-07-04,275.5427237196428,272.89213595926236,269.6970702786205
2000-07-05,275.2917632619801,272.3896017296776,269.3569117684932
2000-07-06,275.3367004347914,272.9993327857926,270.0136481563698
2000-07-07,276.03754013434536,273.61822915308505,270.57298044633154
2000-07-08,276.5621118103474,273.9731369225385,270.9728779819875
2000-07-09,276.24182449818005,274.15701569241764,272.07653702192056
2000-07-10,276.49108659659817,274.4879422985849,272.37287832099327
2000-07-11,277.15273221555316,274.97650662019157,272.64842890858057
2000-07-12,278.7847803210704,276.4912614207178,274.0255506430006
2000-07-13,279.28897090531075,276.83796672166517,274.5055662190028
2000-07-14,279.4981492005704,277.1999363056053,274.9720928270918
2000-07-15,278.65844009337064,276.10645125012445,273.98326023464375
2000-07-16,277.4659464782414,275.3747823628681,273.30088180979044
2000-07-17,276.97317224643734,275.3821101884058,273.65148470140883
2000-07-18,276.5530089068128,274.649417236073,272.625776233328
2000-07-19,276.68412161614714,274.7174705482158,272.3697484591326
2000-07-20,278.50702791645404,276.5990916313291,274.055025805826
2000-07-21,279.2887237476345,277.50220555459583,275.4022526428646
2000-07-22,279.3276929672781,277.7583222372357,276.1390710080513
2000-07-23,279.476403450979,277.669498679266,276.2710020989052
2000-07-24,279.42767681294515,277.34511221804644,275.6853397508273
2000-07-25,278.61152936717446,276.6490011689749,274.724910664336
2000-07-26,277.55070585871897,275.7525897152321,273.87626021354885
2000-07-27,278.18469825920903,276.3985491221832,274.23742791671594
2000-07-28,278.8610690199074,277.26636512074947,275.2720018536471
2000-07-29,279.8181759026534,278.0322262684571,276.30918283885853
2000-07-30,280.01687778058164,278.2293687416181,276.4813064129182
2000-07-31,280.1360612648593,277.89271611967087,275.87163082831484
2000-08-01,277.43099161721955,275.0539484360583,272.43784513375914
2000-08-02,276.1474925485684,273.540673983108,270.6371174132793
2000-08-03,274.61769020436685,271.8100954426534,268.1761152340453
2000-08-04,274.6542121818898,271.86757212430814,268.58596694690704
2000-08-05,274.9808866758062,272.15562944491523,268.7389474875363
2000-08-06,275.88343831098933,273.66379076755413,270.2325398436807
2000-08-07,277.4958291701255,275.0722278192824,272.3510001476119
2000-08-08,277.3964648616099,274.97424528470253,272.48577800739514
2000-08-09,277.2992862748727,275.1276802016629,272.8033627508628
2000-08-10,277.6102480570486,275.60367796898106,273.49331264717944
2000-08-11,277.5863934652982,275.452503299521,273.21418416765295
2000-08-12,279.0847438572164,276.40688255534803,273.5898624471912
2000-08-13,278.6811097709742,276.2784098415145,274.1334354940876
2000-08-14,277.25367326965244,274.9440139427909,272.57194498309985
2000-08-15,276.9477658241173,274.4067753907597,271.7226468612539
2000-08-16,275.5714032771784,273.1597667752199,270.51464922873635
2000-08-17,275.49722353429706,273.1560596329108,270.2437723990735
2000-08-18,276.6020350759219,274.0844039761475,271.1785391952023
2000-08-19,275.30615344558606,273.3446818994755,271.12594750935006
2000-08-20,274.6801285541013,272.1818640909851,269.2088568484388
2000-08-21,274.580732074558,272.08422535801327,268.9335453196622
2000-08-22,274.8817454808123,272.4958704688758,269.2622728291998
2000-08-23,275.14929870102293,272.5580092292271,269.21828211168395
2000-08-24,274.8256086562258,272.3852690831821,268.8450714285163
2000-08-25,275.0195271611501,272.2992021396448,269.10335489670217
2000-08-26,275.5339030828038,272.90504435831554,269.31664351483516
2000-08-27,275.684061194446,273.32854750458756,270.9808479892875
2000-08-28,275.04310718721587,272.6148402982558,270.01894969685196
2000-08-29,275.5710795362726,272.84221171118315,269.9721739251084
2000-08-30,276.1591106766353,273.5476900913208,270.6495251135491
2000-08-31,276.38528270733383,273.59843750312206,270.2932076177214
2000-09-01,275.3695655734369,272.9075356884976,270.00344650190294
2000-09-02,274.3371081464801,271.8978735885574,268.9426276956773
2000-09-03,274.0654274366474,271.29254264343933,268.16320531827813
2000-09-04,274.44228032501303,271.4408858383698,268.1850153103014
2000-09-05,274.0006698554112,270.91490354931926,267.2041580185458
2000-09-06,273.6091083899862,270.9522145845706,267.54124927447896
2000-09-07,273.783449490763,271.11737246985695,268.03549145103085
2000-09-08,272.2996537097885,269.70772410215284,266.87739687277076
2000-09-09,271.79428794751306,269.25616272800886,266.22003664765293
2000-09-10,269.7875936758206,266.53522657828563,262.55899307996754
2000-09-11,268.07028465383604,264.4262791623066,260.4836974189164
2000-09-12,267.3117083836352,263.98402345281727,260.6136114128631
2000-09-13,268.7743984271337,265.76366758548386,262.02517559135913
2000-09-14,270.2574762087869,267.04074610686,263.5080583242625
2000-09-15,270.2209571611349,266.639947241784,263.13905349664304
2000-09-16,269.15024653755177,265.4889097279269,261.6885362152577
2000-09-17,268.72489802432983,264.7591541050105,260.7591790610521
2000-09-18,270.5644100144077,266.6742421559716,262.2494187320382
2000-09-19,272.02584380538826,269.04797350031004,265.1627311252221
2000-09-20,273.968606849163,271.5124220322469,268.49775054345616
2000-09-21,272.6618803830896,270.08112840776596,267.2997322440224
2000-09-22,271.36277590865495,268.64399314128946,264.9223533814164
2000-09-23,269.0873976654296,265.83434985210084,261.89338265257237
2000-09-24,266.8874573907509,263.4937348798542,259.2915012379561
2000-09-25,267.5285918499681,264.61844076437916,259.02444794190177
2000-09-26,268.35939477571924,265.46299999756786,261.31296095049635
2000-09-27,265.2009538187067,261.19164062557456,255.43662495728515
2000-09-28,262.2406586384408,258.16904594701475,253.5678042124598
2000-09-29,260.5909045822663,256.5947217248597,252.11034894119842
2000-09-30,262.0768501757787,257.97546076260255,252.2948909844161
2000-10-01,266.28398884511824,262.99682685881334,258.1788338080335
2000-10-02,267.9099824430142,264.72056018994186,260.64316070645066
2000-10-03,266.95374713661096,263.29606617113257,259.02075583765264
2000-10-04,267.002552950943,263.6247091988654,259.1145544478015
2000-10-05,269.21332731288425,266.4243495874442,262.2896258462169
2000-10-06,269.972157404221,267.57873745642576,264.9752429318496
2000-10-07,269.0534747230348,266.4368660536281,263.24364451289017
2000-10-08,267.4908738200506,264.6829382836896,260.81305809199745
2000-10-09,265.0762137727792,261.51702754782025,257.61132537509
2000-10-10,263.3231915299188,259.8995090146703,255.0285416661439
2000-10-11,262.68840721043404,258.69435322827087,253.56699483765837
2000-10-12,262.3556042843744,257.8906336880356,252.93985872933183
2000-10-13,261.5159903720699,257.41259072470586,252.36725504106076
2000-10-14,260.2160979618898,256.2944372390623,251.57848838655434
2000-10-15,259.1062608821889,255.65069475822756,251.46658120944534
2000-10-16,262.37787976096735,258.7343226018074,253.38791525506124
2000-10-17,265.1545822485206,261.6591726492614,257.42237272454446
2000-10-18,264.06043895457276,259.8687002705849,255.4963635607106
2000-10-19,264.66215782932255,261.0173142023995,255.82669850089067
2000-10-20,263.99696264154494,259.87776940781856,255.2434238266487
2000-10-21,262.74000421234365,258.29641895364256,253.77918379309713
2000-10-22,262.4479445986698,258.70479172600903,254.03722216690437
2000-10-23,262.26289299740057,258.9240163572326,254.62899343508886
2000-10-24,261.37833733223425,257.7114221914881,253.02437548222127
2000-10-25,260.9873446894248,256.4176754721773,251.63858394544135
2000-10-26,259.4977280793681,255.53052299989693,250.59727245438393
2000-10-27,257.0781292804652,252.25135564743363,247.8644298588559
2000-10-28,256.1377964971743,251.21085308288446,245.74916060156477
2000-10-29,258.2293770932022,253.18883965241105,246.4056009581595
2000-10-30,259.5959333614149,255.5412448604651,250.58650081317205
2000-10-31,259.4449674544358,255.74399206663662,251.9608415299588
2000-11-01,261.5133968686786,257.9141874783731,252.45278615590593
2000-11-02,263.763831675859,259.78050226186105,255.367080803739
2000-11-03,261.4669056342948,257.4129172250795,253.0784051170832
2000-11-04,261.2497637348959,257.2676191403246,252.67941404607583
2000-11-05,261.805076299461,258.05960640397933,253.51755199788653
2000-11-06,262.5305468863861,259.95174597724537,256.1125093416106
2000-11-07,262.7560700443409,260.62538055415496,257.76415526417117
2000-11-08,262.3454970323631,259.8970609125989,256.5655552286207
2000-11-09,260.1535714671094,256.6685801476756,251.94012413563044
2000-11-10,259.5257779612735,256.43550370918894,251.24478573167397
2000-11-11,262.46649512111736,259.77125981395255,255.8535815573477
2000-11-12,260.5047303591576,257.55790399517025,254.09498991865922
2000-11-13,257.9684946675185,254.10426303993827,246.63880168966853
2000-11-14,251.0877770580245,246.60742878754345,242.13418716130892
2000-11-15,250.98214338967472,247.23475897658628,242.64183007117992
2000-11-16,257.3688276966669,254.10064684369084,247.97449543877846
2000-11-17,259.3637074128665,256.7472343248141,253.23342281402148
2000-11-18,255.72936303384247,250.57557930202512,244.25172307241846
2000-11-19,247.2624542333997,242.34678409350957,237.1775226866043
2000-11-20,247.20595780283995,242.23770171187834,236.47495045614946
2000-11-21,255.57465806715575,251.79736706580343,245.0717693470268
2000-11-22,257.73273469314563,254.71877623114452,250.97924067913306
2000-11-23,258.6206635217793,256.10783755029814,252.88390483480174
2000-11-24,258.3508694565195,254.87070545280136,249.67890114285456
2000-11-25,254.2528806141207,249.74290324916558,243.61628412935704
2000-11-26,250.61723944426583,247.4325452776882,243.24737633229907
2000-11-27,253.92932204815608,250.20409551675908,244.6322349394619
2000-11-28,249.23602253316852,245.2804725976213,239.7282154420111
2000-11-29,246.9664174602247,243.6241295589232,239.77490208698447
2000-11-30,248.24229711098158,243.64527083259728,237.5299246370314
2000-12-01,242.28274809168926,237.9171708311381,233.03592364100763
2000-12-02,249.81989757034282,241.24605066910016,232.1276490849683
2000-12-03,256.85498818558756,253.24853159270418,248.4019769402687
2000-12-04,254.83408270062972,251.49628597868372,247.38867940270353
2000-12-05,252.76305333092586,248.1589772941918,241.796773182547
2000-12-06,248.4932761356864,244.7053392661967,240.5711123237635
2000-12-07,252.88685536365432,249.36197779732547,241.98862279355288
2000-12-08,253.879283837116,250.38964348320349,246.43082314088156
2000-12-09,251.78544855626473,247.47457897003156,242.88947818150993
2000-12-10,250.56727143239237,246.58468637975335,241.74378526381557
2000-12-11,246.66987311052875,242.48793313265398,237.233555966191
2000-12-12,247.63560904386426,241.87761710136755,236.50675325080738
2000-12-13,254.68444371074594,250.28067307186782,244.8261028671428
2000-12-14,253.20174960572487,248.8446334329292,244.08158036790698
2000-12-15,254.9245958372843,251.37375859616034,246.39167506322715
2000-12-16,260.4373580890812,258.04445858588815,252.88183769234018
2000-12-17,261.1090059410325,258.73508389778954,255.54976355982916
2000-12-18,257.1674535347989,252.44476084164845,244.31514593626366
2000-12-19,247.45225238355013,243.55150865324,239.0260516205346
2000-12-20,243.95044066849434,240.83264331432247,237.40324217555732
2000-12-21,243.0185025203782,239.76137082626875,236.88540381310239
2000-12-22,250.32298320075293,244.45987511367497,238.26266173381075
2000-12-23,252.35060034783487,248.58526874569833,244.40315224281403
2000-12-24,251.20463930611206,247.59550547500524,243.86758726323595
2000-12-25,250.3218396083356,246.79641150659742,242.9494824291274
2000-12-26,248.1157605665698,244.98238497814523,242.07256475220512
2000-12-27,250.17492543462419,246.24306125327595,241.90378502128442
2000-12-28,254.29885181167535,251.29254292618268,246.83613557410916
2000-12-29,253.02146188628768,248.90065347398811,243.07063654503946
2000-12-30,248.11275024657684,244.63942770887135,241.14118234350545
2000-12-31,250.5070012743812,246.77063814789267,241.64864800885329
2001-01-01,248.82597582200776,244.88392696004172,239.03544291599468
2001-01-02,243.36056500302925,239.22680325489483,235.14357845124255
2001-01-03,247.0043682593253,243.0136988995297,236.9352071800083
2001-01-04,246.87586481277035,242.70638258300085,238.21385219979965
2001-01-05,244.74630206461708,241.13191612869525,237.42181544964757
2001-01-06,250.42744323188649,246.54257396862,240.52345075259686
2001-01-07,251.00335579668246,246.86620974790418,241.257708111433
2001-01-08,247.5154490466727,243.15132718338825,238.13497781489684
2001-01-09,245.18833308132648,240.9988111650565,237.0538650933145
2001-01-10,246.64589414302694,242.04026794014723,238.1792003531799
2001-01-11,245.30674213459727,240.14141076724846,234.5177328579916
2001-01-12,245.63428577287672,240.09302866842506,234.33571603981548
2001-01-13,246.09806148591292,240.5134049493329,235.2586832616102
2001-01-14,246.43899625955618,240.67890055122587,235.4800211920242
2001-01-15,246.8124381971786,240.83948578104128,235.39247211531432
2001-01-16,249.5853009105729,244.35915545831074,236.95676829985325
2001-01-17,254.31268810942643,251.16090758198484,245.7152751524619
2001-01-18,253.96365550218684,250.31705370847519,245.8247338508783
2001-01-19,254.54009146187616,251.53220392411492,246.40519341477795
2001-01-20,254.3150868409464,251.8370450864635,248.1946931931855
2001-01-21,255.285997296471,252.59068464843313,248.2382250016221
2001-01-22,252.77436045696479,250.5033017268955,246.90708618247544
2001-01-23,251.1439972237362,247.45567836788618,242.05522871197684
2001-01-24,245.87875861437544,242.40450689211707,239.05885083675744
2001-01-25,248.9279813877147,245.463636976805,240.74712247518573
2001-01-26,250.05973836041915,246.07857246842403,241.78773571651286
2001-01-27,248.20568209904093,244.44718823772737,240.7322709987918
2001-01-28,247.8805917647659,244.0307102253467,240.65048519305628
2001-01-29,251.83848423041292,247.78942167357005,241.70753110757798
2001-01-30,255.15010257168183,252.19268297763136,248.76375217230688
2001-01-31,255.7083737520855,251.96102307039547,246.87823230607705
2001-02-01,251.5574211492822,248.14708724313505,243.71435777727123
2001-02-02,248.8861396522521,244.64224353658486,239.73536656298205
2001-02-03,247.33058346559318,243.0940126572347,239.1866914513591
2001-02-04,249.2396723023851,245.93063888560337,240.64686099745958
2001-02-05,249.9367240478356,246.56986829698434,242.29252253517475
2001-02-06,252.50780108705436,248.36597798397594,243.72796964605666
2001-02-07,253.75278795003905,249.83007543547828,244.68027543044403
2001-02-08,251.72179680359147,246.9215914921993,241.25107008796812
2001-02-09,249.48991757556016,244.44387292135355,239.92760643408036
2001-02-10,249.21340787225768,244.8036498222219,240.26623090188733
2001-02-11,250.64474361553488,246.63675169510495,241.8561406431069
2001-02-12,250.35313917359198,246.22497440418326,241.16995329569346
2001-02-13,250.95108278104914,247.10126973482147,240.72438325999096
2001-02-14,256.6010345240412,253.0909321008636,248.43773574164814
2001-02-15,256.1526617292828,251.22680973440188,245.0564445867821
2001-02-16,257.75466450647104,254.60213200495838,247.49794428533323
2001-02-17,258.3790857479693,255.92505005154888,253.027022873026
2001-02-18,256.8321843592412,252.8561281719279,246.52158659011974
2001-02-19,253.51034457797408,249.64112504115468,244.95918152802386
2001-02-20,257.088328284533,253.06735950211657,246.17206306656934
2001-02-21,255.4081564088257,251.03909893984846,245.90475929060108
2001-02-22,257.92218041247173,254.95378796741275,249.1824134399255
2001-02-23,259.5888519029593,257.23234014895985,254.48729512943171
2001-02-24,257.95690172829933,254.6396327497688,250.66193340885312
2001-02-25,254.9561614163547,251.9596455604522,248.45263756494822
2001-02-26,250.96183220508885,247.25816625298842,241.30914856103792
2001-02-27,246.51714175290306,242.823585713561,238.82145254409048
2001-02-28,249.91962041107817,245.89692612009088,240.86618040665107
2001-03-01,247.6366764878994,243.36466018367278,238.49953653083284
2001-03-02,245.644347489234,240.85458766080507,236.10948055284587
2001-03-03,247.77579711011663,242.30706972934834,236.93122219070025
2001-03-04,248.63102054705425,243.11853578579448,237.36419656411178
2001-03-05,247.92942327407076,241.78972829417697,235.95963553295675
2001-03-06,251.01695700804487,245.19979221571663,236.9856993708686
2001-03-07,255.4178861627055,250.8448283423744,244.53304672998723
2001-03-08,254.79154344968126,249.8951855697661,243.75490579290116
2001-03-09,254.50599081913356,249.37098818734802,243.44304554208546
2001-03-10,253.96637654364298,248.1326520737656,241.73342209879965
2001-03-11,253.8342850103924,247.4880323018448,240.57575934555538
2001-03-12,257.2903155023098,253.0202034337445,243.6445305959809
2001-03-13,259.361744423597,256.3846654160632,251.88303848151332
2001-03-14,257.58999988614187,254.45601795063547,250.75383335363014
2001-03-15,256.0028881171624,251.67187233215387,245.4332040596037
2001-03-16,253.85614793990914,249.2767222282791,243.1343409097571
2001-03-17,252.95129501699822,247.92399350598782,241.9371875998972
2001-03-18,252.99784241532416,248.2490696205632,241.7601113657858
2001-03-19,260.5506799904013,256.894173580701,248.77156932540183
2001-03-20,261.6057421999013,257.443591822502,250.52426180505867
2001-03-21,257.2052041713058,252.970035438261,246.9294862863216
2001-03-22,256.836351508835,252.58919743941624,246.05659779312805
2001-03-23,255.14119189322767,249.6165728822543,243.0113701476131
2001-03-24,252.90724111550338,247.58104826291054,241.78637419938048
2001-03-25,253.19112017486657,247.3008798459419,241.27656853610242
2001-03-26,254.82064511600757,248.5907145849648,241.67500879142577
2001-03-27,258.0411511105778,253.11066165436642,244.9977106480344
2001-03-28,262.0252807008243,259.2545558914864,253.59320841742385
2001-03-29,262.0167743203183,257.30888692010757,252.48832414540541
2001-03-30,259.323483890206,255.6764084444562,250.4665787515638
2001-03-31,259.73535550462134,255.7094775163895,250.0955595220225
2001-04-01,258.941719994945,253.61724247066266,247.14032713639702
2001-04-02,258.147340946086,253.58515511400802,246.9454115724676
2001-04-03,260.2772316977531,256.94806807197574,250.7916860520997
2001-04-04,258.8826971273576,254.20031042666295,247.5809545225568
2001-04-05,257.43438311280545,251.92577310636304,245.24967923490507
2001-04-06,257.5772453405062,252.35254096689093,245.58163314201815
2001-04-07,259.76016801777024,254.83983026652402,249.08890757611454
2001-04-08,261.19644289970694,257.023714866951,250.9386354565968
2001-04-09,263.30221404001475,258.95438228482703,251.63666516198361
2001-04-10,264.43526341233337,260.9351232382782,254.2455747415487
2001-04-11,265.69730855950274,262.1666421692807,255.97172975876862
2001-04-12,264.67040250614104,261.0647775804292,255.6619604306233
2001-04-13,265.00805389891065,262.20338882315184,257.11463906888207
2001-04-14,266.24155129707447,263.2813001336986,258.39267851945294
2001-04-15,265.88055182329197,262.63857660789364,257.916178464827
2001-04-16,265.38719191512905,262.9277279445276,258.16515381210036
2001-04-17,266.4430269574497,263.9767020827233,260.4481189522688
2001-04-18,264.4154656457775,262.11423251095556,258.41879229292005
2001-04-19,264.9786569772374,262.7408022818027,258.6237168304482
2001-04-20,265.0734571627573,262.21040786289086,257.04062828335043
2001-04-21,262.2654280533285,258.5328968189116,252.8443587348042
2001-04-22,261.6638792615996,256.4633440092065,250.24007822085056
2001-04-23,260.7028878623818,255.59495957331075,249.79923701303582
2001-04-24,264.25406050577635,260.1521792288539,251.81467815452604
2001-04-25,265.3376843730781,261.9862800597915,257.04176927405257
2001-04-26,266.0611291587829,262.95711735193396,258.1232952836843
2001-04-27,266.11207655223876,262.99568342222847,258.4749673745536
2001-04-28,266.3278781226228,262.80078051766054,257.32908976891764
2001-04-29,265.12151681243193,260.3619639055969,254.24504375767435
2001-04-30,264.1664166184547,260.14859202973145,253.79852565401586
2001-05-01,267.56476415537355,264.6324913938416,258.83268159893845
2001-05-02,268.3843002816701,265.4153082748837,260.26078260468586
2001-05-03,266.84198981515215,262.37140482613165,255.52106457424125
2001-05-04,265.19925588701585,260.63934876900066,254.08641946079567
2001-05-05,265.8344592701951,261.68891621016496,255.8735859858982
2001-05-06,266.84024486138634,263.15882571418706,258.4497922243949
2001-05-07,267.85495870841737,264.7912550591749,259.8538852332499
2001-05-08,269.85718045251787,266.4591760043353,259.99760238486476
2001-05-09,267.68732992115196,263.92419550409835,258.6118257675899
2001-05-10,267.6720192348156,262.772532196222,257.6501675139598
2001-05-11,267.0436360714025,261.7489426189926,256.51356181153926
2001-05-12,266.52097830125285,261.3782919319804,255.7936349467469
2001-05-13,266.49057804004514,261.78663936116294,256.6275223307339
2001-05-14,266.3221044906894,262.6832764004348,257.4928357844009
2001-05-15,267.7206608139146,263.9024901505116,258.8016375884556
2001-05-16,267.3448906116063,263.15520032629087,258.2908735735559
2001-05-17,266.485773304526,263.17700253635144,258.43173778796694
2001-05-18,267.2639517120848,262.6662879434412,257.54869876551675
2001-05-19,267.0304339029415,263.6455590763501,258.27435095634
2001-05-20,268.79031103165744,265.67520436362474,260.79266260373527
2001-05-21,268.5337769906333,265.4293162938295,261.1335975662498
2001-05-22,268.1873136073686,264.37953194231824,259.58565147723465
2001-05-23,266.85254602561986,263.1210238157128,258.52403143511066
2001-05-24,266.31194870619817,262.8735732486987,258.9228458412153
2001-05-25,266.55337750175994,263.46057998189156,259.6278975821485
2001-05-26,266.9476387331932,264.09292090728565,260.2697094602697
2001-05-27,268.12151121960545,263.58441464755293,258.8636413881511
2001-05-28,268.18680047775774,264.9553893621737,259.8746369652858
2001-05-29,269.9239022051229,267.1900060214652,263.39378114209353
2001-05-30,270.59825122307467,267.4854059164332,263.410808275997
2001-05-31,270.29976992374196,266.3570827316067,261.77490295675415
2001-06-01,270.13271609793094,266.563968876497,261.7254405703594
2001-06-02,269.6259642509504,266.3871360402081,262.7994072383491
2001-06-03,270.69797312941654,267.6702681720893,263.8603354483398
2001-06-04,271.72128574077357,268.921556888324,264.76246595081693
2001-06-05,272.3084961821856,269.6951161703055,265.6363408549905
2001-06-06,272.3515774606703,268.99977849126583,264.8979031885495
2001-06-07,271.08692936207814,268.15300241748946,264.2241036562885
2001-06-08,270.8180719658891,267.4238047492191,263.5547395507312
2001-06-09,270.461375322953,267.2273199299781,263.86290176259325
2001-06-10,271.0906642836507,267.6471070347505,264.12867800395014
2001-06-11,272.4119111966057,268.6751706628719,264.5039809825253
2001-06-12,273.61498897269007,270.2608332765999,265.90121326299993
2001-06-13,275.7414223484534,273.1631085890866,269.45301216941147
2001-06-14,277.0924034967707,274.61245426154386,271.66126379960605
2001-06-15,277.2599273420889,274.90183531544835,272.21628946426773
2001-06-16,276.9676948705595,274.5792576884668,272.28814099058354
2001-06-17,274.5209292215953,273.0861330950905,271.14515613689656
2001-06-18,274.23998384087577,271.5165353117489,267.06932189114787
2001-06-19,273.3025965491719,270.2432651581305,265.9767124538823
2001-06-20,273.3184000441768,270.64335107992804,267.2623395651142
2001-06-21,274.4210109117367,272.0118952590603,268.6110035307906
2001-06-22,275.8706688840813,273.60354281935713,269.74249385058704
2001-06-23,275.80279811829934,273.94812356658605,271.7824697486189
2001-06-24,275.50126277518905,272.9646956830752,269.5518428359087
2001-06-25,273.9022387578273,270.9126563875182,268.03812655494767
2001-06-26,273.945171877984,271.34181749212456,268.2877756067844
2001-06-27,273.11841498244905,269.57071540117636,266.45763064320096
2001-06-28,272.2441855136276,269.1417728657617,266.2884162150618
2001-06-29,273.99479739202394,270.6470397891169,267.0897236411429
2001-06-30,275.78908940019176,272.9008834999722,269.44127549808064
2001-07-01,277.72847425582717,275.58121642982394,272.5499444172653
2001-07-02,279.71000136712934,277.0205939200664,274.1100460507432
2001-07-03,279.46257773591475,276.93868659645034,274.5983232778325
2001-07-04,277.8993204777091,276.0999627923323,274.4630013786446
2001-07-05,277.0623834278155,275.17648101126355,273.32300472868064
2001-07-06,277.32135441789563,275.2937399953291,273.1519014234619
2001-07-07,277.22065549187573,274.55989961384773,271.6954671118268
2001-07-08,276.4361616068395,273.64233949290355,270.86509033619797
2001-07-09,276.6318688000653,274.26178168225425,271.5715549025182
2001-07-10,276.7697631390376,273.83797941855744,270.8967428931032
2001-07-11,277.81446648176933,275.300109758617,271.9907426982837
2001-07-12,279.455416258534,277.2155215945903,274.85033612397336
2001-07-13,279.29622831731945,276.3517743021416,273.8774613679834
2001-07-14,276.74907971505075,274.3883958510965,272.11216929462813
2001-07-15,276.56448473994044,274.55323118544544,272.15247786351733
2001-07-16,277.08986640194416,274.76464826312133,272.5673485518218
2001-07-17,276.1213869588537,274.53293309360413,272.9383275352291
2001-07-18,275.4368287718142,273.01777201816986,270.4182484170856
2001-07-19,275.57522817735855,272.05280686149405,268.70269382674707
2001-07-20,276.2662862949691,272.7366516607343,269.108425995583
2001-07-21,277.1102044706319,274.391945787225,271.1007413363527
2001-07-22,278.98831882047233,276.8903672436094,273.7879011782431
2001-07-23,280.3635946403604,278.28121273060117,276.16370729028085
2001-07-24,278.9382310707544,277.23841703178203,275.47863026159354
2001-07-25,278.2338917969931,276.3530597936173,274.448625520337
2001-07-26,278.03671543940146,275.90666849744497,273.7856802853033
2001-07-27,277.4199893135048,275.17086797319894,272.9662521553354
2001-07-28,277.6699145847389,275.3964846492088,273.06396152327926
2001-07-29,275.99630101702917,274.01271956192323,271.3712207526917
2001-07-30,273.5549792262303,271.7601111180803,269.64253001289353
2001-07-31,272.7942826460759,269.76432841520773,266.04495300595835
2001-08-01,272.85310425148884,269.2671244585864,265.1674948570928
2001-08-02,273.70113750514946,270.48554189246556,266.6802383809466
2001-08-03,275.68186796515255,272.94020798255474,269.02616497657124
2001-08-04,277.5758073481134,275.05282824303464,271.76240118331253
2001-08-05,276.69370655130444,273.9564607431359,271.0946771028069
2001-08-06,275.7227625837437,273.25848203993996,270.7311208700567
2001-08-07,277.11158936620836,274.77772870443806,271.99182832797135
2001-08-08,276.92249871318126,274.59652198866297,272.23394275329434
2001-08-09,277.62568455427873,275.0807441646396,272.3365081245984
2001-08-10,277.194689093283,274.7649731741241,272.1430277562348
2001-08-11,277.21626492793513,274.79942912293217,272.181631202232
2001-08-12,277.02723593656486,274.80209920841577,272.14797843825227
2001-08-13,277.9812713672444,275.7309971426134,272.7547478097767
2001-08-14,278.274211658076,276.3742014815333,274.0349212785356
2001-08-15,277.47524270624933,275.8459494184116,274.03386965749695
2001-08-16,277.291045992955,275.02050190455606,272.30035292782173
2001-08-17,275.4595952488531,272.48997236020256,269.32009435340603
2001-08-18,274.80704928886433,272.3682631329883,269.3849408075044
2001-08-19,275.8201380961377,273.5719574781664,270.51399473748927
2001-08-20,276.055582670838,273.97944338280945,271.48229517535174
2001-08-21,277.0333389154257,274.66436151740635,272.1551518096662
2001-08-22,276.7021008854282,274.40794606705197,272.140912090203
2001-08-23,276.3543596585978,273.70024569594085,271.12372527570284
2001-08-24,273.8969704615627,271.33579854473913,268.2595263967919
2001-08-25,273.1909419666266,270.1826815051474,266.55499481761154
2001-08-26,272.834503970102,268.9704174025243,265.20006396851625
2001-08-27,272.1295954599675,268.5800730671859,264.7319052672502
2001-08-28,271.25281240340183,267.757766874556,263.8202374536041
2001-08-29,271.7368422211845,268.4396663869938,264.7786221200289
2001-08-30,271.9171548728919,268.76159254556563,264.558179298611
2001-08-31,272.7664102243317,269.62147753469816,266.02614609494503
2001-09-01,271.2563268148597,268.3208081242487,265.34932736003236
2001-09-02,271.4356382549156,267.88361445167465,264.22540937455193
2001-09-03,273.7256416119335,270.82025664722084,266.6314772758069
2001-09-04,273.318472677992,270.21247592082676,266.83135785051024
2001-09-05,271.2755338015132,268.0366418833641,263.43560795602065
2001-09-06,271.10057100709264,267.98835386511143,263.72336907397414
2001-09-07,271.6673346513483,268.3242881576851,264.0025378391835
2001-09-08,270.92964133408606,267.65115583134855,263.50114529733247
2001-09-09,270.5342876095436,266.9125772686074,263.2844423423098
2001-09-10,270.2119540197258,266.83818302972907,263.13154866658346
2001-09-11,270.2907643437749,266.8567377034162,262.01009517651306
2001-09-12,271.57031625663353,269.1546519614239,266.4881482817769
2001-09-13,270.19514946257965,267.3236958059531,264.4433453052646
2001-09-14,269.99616400582016,267.65575159892444,264.2833672334291
2001-09-15,269.4525271432189,266.59358671648766,262.5230418517039
2001-09-16,269.3314568668882,266.0536230994419,261.21653818437886
2001-09-17,267.9949966872915,264.11814891148,259.3130746537117
2001-09-18,267.441508689329,263.7766441841833,259.34210446881303
2001-09-19,268.5048533579983,265.14883969883084,260.10254186180805
2001-09-20,268.910382200047,266.1452261838147,262.20131011428435
2001-09-21,268.32347351875853,265.24809807736494,260.773011835063
2001-09-22,267.37620972829734,263.7013884965019,259.55131506882157
2001-09-23,267.07623001896894,263.2051252119771,258.9006993926414
2001-09-24,266.77243695289366,263.13163228838727,258.4205017230441
2001-09-25,267.2120688776717,263.8086557777822,259.3925321896488
2001-09-26,266.98839151511356,263.7335768518225,259.5124737840823
2001-09-27,265.7699568759521,261.77438680499466,256.9350181208876
2001-09-28,263.7687342835517,260.2237874075848,255.74035659072536
2001-09-29,264.1073789361362,260.82781486086196,256.84636574575126
2001-09-30,263.6733828891169,260.6648812414831,257.01600984741486
2001-10-01,266.10685684273955,262.74379433077655,258.3755368732033
2001-10-02,267.27045376459887,264.1831187933171,260.75286360680724
2001-10-03,268.8181321998464,266.1105313717116,261.76585270297034
2001-10-04,268.4043063214521,265.36938585702904,261.22858101039554
2001-10-05,265.6460021896189,262.06467177026866,257.7831344866898
2001-10-06,264.3751398891626,260.68061994082285,256.77029478200626
2001-10-07,262.31523843880495,258.92952355367134,255.11534344030827
2001-10-08,263.4784169122297,259.5783760609193,254.41093774698362
2001-10-09,266.0228046260789,262.89010990882724,258.52249020354367
2001-10-10,266.0073474231723,262.9326406535218,259.0561699274512
2001-10-11,264.74388596018423,261.3479763705996,256.89685684158
2001-10-12,259.760996032132,254.49427502336576,246.81428003583005
2001-10-13,255.72690081935997,250.90004881486897,245.3838496103281
2001-10-14,255.91655663028612,251.88128968196062,247.07304608007215
2001-10-15,256.0202561721789,252.22436767982265,248.44397802023906
2001-10-16,257.1195768229998,253.42181060562328,248.91632159957382
2001-10-17,257.4921683754049,254.26669144309395,250.6209510327322
2001-10-18,260.0091114721724,256.9631988902128,252.01522009543848
2001-10-19,263.35382145713106,260.22199814745693,255.51883162610415
2001-10-20,264.76034534642855,261.3175960314389,256.6834766189463
2001-10-21,264.63210599693133,261.35370710736225,257.4451456405704
2001-10-22,263.7617193865754,260.41199026651657,256.3228294280566
2001-10-23,262.81202977132085,259.12050802894845,255.2506186849006
2001-10-24,263.2186208968308,259.49316088439963,253.46959824665774
2001-10-25,260.9670299204222,255.86942735082224,250.33327707099565
2001-10-26,257.13641788073653,252.82821015425995,248.2596917210039
2001-10-27,256.7062088492166,252.5543491366238,247.77006783828003
2001-10-28,259.8143393702061,256.0962147670181,250.03999243358112
2001-10-29,263.42819970908164,259.6258877304435,255.52150103513478
2001-10-30,263.1094670646864,260.1248291211753,255.90008752623743
2001-10-31,263.307570312868,260.6410646426866,257.2089050012592
2001-11-01,264.51326958700326,262.3969261643603,258.75695887220627
2001-11-02,264.5420234043975,262.3498448950144,259.6656833431632
2001-11-03,263.0412875752854,261.1756084787382,257.8124893882535
2001-11-04,259.8158545656365,254.42217910686463,247.69615177851105
2001-11-05,256.32507191317205,253.14762196688957,248.00812104997337
2001-11-06,258.0590874284008,254.10197037548494,249.46615415398975
2001-11-07,254.696443666244,249.96438817156965,244.4441162257645
2001-11-08,250.0120119866357,246.38125457516531,242.24401396309568
2001-11-09,249.25071377009695,245.5220583400062,241.79140890263193
2001-11-10,252.64992988735912,248.74403651752823,243.21293194511298
2001-11-11,254.21932422499228,250.52856140236472,245.24405445926618
2001-11-12,253.95507034857624,249.10902940466448,244.3216732669484
2001-11-13,252.9921206967171,248.60205296498188,244.49080483734383
2001-11-14,253.29210388087643,248.79464404586753,245.1873332845549
2001-11-15,252.5747013702283,248.08488089395036,244.30449629532734
2001-11-16,252.69060795254404,248.00442432020668,244.10990484903115
2001-11-17,252.04687462037796,246.97346750264214,242.1935699315975
2001-11-18,250.97041475081895,245.3245486033312,240.89384604143908
2001-11-19,252.37096457232002,246.25130108011834,241.29719935293232
2001-11-20,253.27280377691073,247.4854098785104,242.06985541279045
2001-11-21,254.86025618997448,249.6296790558651,244.26904123763163
2001-11-22,254.40610580454486,248.95419645212075,243.8766612868903
2001-11-23,253.03143025315345,246.7256088307867,241.18823696951938
2001-11-24,252.96713936174316,245.73350798517356,239.7949693312076
2001-11-25,253.39013253926154,246.46949812310865,240.1139897065543
2001-11-26,255.26141535563747,250.55452255708886,243.62610712039785
2001-11-27,256.81455440332036,251.39816578886715,246.0488306930686
2001-11-28,255.32888635574002,251.91637033213064,247.22001065215542
2001-11-29,257.1982204566407,253.9262709410982,248.9423532865706
2001-11-30,256.57718125506574,253.8822157696358,249.13915791836743
2001-12-01,258.32266303050415,254.6487970954568,249.19664444368442
2001-12-02,255.99675185795633,252.97216827194387,248.6591698057493
2001-12-03,260.18425310877694,257.5655542506531,252.32096946897755
2001-12-04,259.15613715426116,255.81912146205107,250.15906196562227
2001-12-05,253.87673731925824,249.83889135179146,245.064491720504
2001-12-06,254.38197564290437,250.77559382693812,245.5687876789826
2001-12-07,257.7233674333065,254.14989727431353,249.5839851860856
2001-12-08,253.5266681349208,249.45545753684928,243.9547622297284
2001-12-09,250.20127426301346,246.86627694390134,242.63464051372654
2001-12-10,253.9340754999695,251.34822591539594,247.23997163752145
2001-12-11,254.1515193854304,251.74784709031735,248.64865755060595
2001-12-12,251.6067797681968,248.2276263171123,243.90150608929983
2001-12-13,256.0555951131013,252.91320243775124,246.4340673833974
2001-12-14,258.58328619823936,256.2777217938242,253.03236869044775
2001-12-15,255.84370948898004,252.03088473824866,245.94300824210046
2001-12-16,252.09351717792228,249.42355932942462,245.67621754126952
2001-12-17,255.34604253134677,252.91021903825467,248.6451493281745
2001-12-18,256.9556202154304,254.17113663756496,249.77789725254874
2001-12-19,251.56256746763987,246.36071459833218,238.69516124838006
2001-12-20,242.39937448324181,238.6789747067086,235.10816125439348
2001-12-21,242.15751464021642,238.76390532254416,235.53020568918464
2001-12-22,249.2307802143184,245.6018343423786,239.49470484918217
2001-12-23,253.14627030383505,250.0940853065225,245.9248152726302
2001-12-24,254.07140059155404,251.51417919697673,248.29744025124427
2001-12-25,254.12054934811553,251.55751272712865,248.87830462711167
2001-12-26,254.744478676805,251.73472089370165,247.94989947854734
2001-12-27,251.88755304519213,247.7547479861165,242.90441224181492
2001-12-28,247.46807159151487,244.17546659383473,240.5285128370902
2001-12-29,246.47978704130725,243.08238529434055,239.22783593998042
2001-12-30,245.19515914654954,241.76964269446188,238.4547276188265
2001-12-31,244.99575968212034,241.4949213908849,238.12412036749836
2002-01-01,246.2866182104199,242.54040890475844,238.73922273020995
2002-01-02,247.42213586512025,243.13872478617427,238.76687007430792
2002-01-03,247.9096704277214,243.54311057302706,238.96604056438267
2002-01-04,249.36776681206993,245.31300866257027,241.43343181915273
2002-01-05,249.91904229761073,245.5881462905903,242.0034623172302
2002-01-06,249.90009061216048,245.2089471688181,241.2703438419645
2002-01-07,249.95705946638773,245.32355020506992,240.8709309109246
2002-01-08,248.40671333450598,242.40703169260593,237.06070820070002
2002-01-09,249.66731040790947,243.2074259015658,236.72322019978515
2002-01-10,255.3437125235877,251.2326995430396,244.86251265219445
2002-01-11,255.7959372036422,251.75865137303413,247.4321088262466
2002-01-12,258.8948331680545,255.7418727972717,250.15080549916868
2002-01-13,261.5664233959591,259.14031132206514,255.79768779591086
2002-01-14,257.6830241151329,255.5300220207961,252.15500541095233
2002-01-15,254.99423381362755,252.65207167429227,249.11738270126773
2002-01-16,252.32518645739785,249.39058347147636,245.0221300311071
2002-01-17,248.42391406419353,245.90940524483955,242.89603162701525
2002-01-18,246.7983607856285,243.1303145332751,237.74193254860685
2002-01-19,241.6164376329193,238.8295581755264,235.96783775444277
2002-01-20,244.94240644346146,241.68384407704133,237.60836906709608
2002-01-21,243.66928072435692,240.83391294308626,237.88485610777764
2002-01-22,243.3289824038258,240.41213057584926,237.75821509953641
2002-01-23,245.57195643581943,242.30412845613753,238.5834258131555
2002-01-24,245.4751809041426,242.39284341979248,239.49026642200596
2002-01-25,248.36698623444215,244.55098781452327,239.90539599626845
2002-01-26,246.66787220917266,243.36100618133696,239.27350934829298
2002-01-27,245.72589275526448,241.8285189777851,237.89578310400813
2002-01-28,243.53401012872428,239.26055609929662,234.28246124881557
2002-01-29,241.23726301840355,236.31925491721452,232.14763357614623
2002-01-30,242.9981349027161,237.6493527350902,232.43173080131325
2002-01-31,249.5581131476929,244.6126564565547,238.3574176028429
2002-02-01,251.84440195111011,248.0643402493552,242.94321388489027
2002-02-02,253.0658048669223,249.72653622404664,244.6717898014036
2002-02-03,249.31966461360426,245.24654098319655,240.19159172842575
2002-02-04,247.16232232308806,243.56032763441186,239.65864308914485
2002-02-05,252.14999407528032,249.16131406758373,243.51099779734824
2002-02-06,252.8261436716945,250.74584817785023,248.55699024670466
2002-02-07,253.4997085539559,251.33955131372318,248.74531794745897
2002-02-08,252.17947579810777,249.8775472642602,247.3968179953255
2002-02-09,251.80850525457961,248.53696784334602,243.49591063050875
2002-02-10,247.87360953295016,244.48544178807958,240.4982453714751
2002-02-11,247.70278407524063,244.5409812009799,240.44935805785033
2002-02-12,250.3319562539422,246.07871657547778,240.70609014926174
2002-02-13,248.3158234276482,244.5690425904797,240.66158511364503
2002-02-14,249.54028420672861,245.91877825501413,242.31984528397354
2002-02-15,253.57518975779325,249.56612903823589,243.60069324262972
2002-02-16,258.7497839093349,255.68332081234524,250.24958251426642
2002-02-17,259.2687575557181,256.65740482586244,253.64370308075166
2002-02-18,258.2194615135302,254.48366647465843,248.32119498305008
2002-02-19,254.26243482700144,250.58133430942914,246.42109012277155
2002-02-20,254.79370769262886,251.07060015372124,246.349216910258
2002-02-21,256.51305267224507,253.1050917329775,247.89647264231934
2002-02-22,258.361585254088,255.69237818050803,251.37559080956345
2002-02-23,257.0614364727857,254.27400097607176,251.216272897854
2002-02-24,254.4182747614908,251.70727872339853,248.01751170543693
2002-02-25,253.09976764737104,249.92482335913022,245.81257487541922
2002-02-26,253.03018632229785,249.5113286145309,244.74680315534624
2002-02-27,253.34521732144333,248.48153248786443,243.3987032408834
2002-02-28,253.27687904956136,249.9774801079121,243.83012846431225
2002-03-01,258.00655237701426,255.4451407553178,251.69597272166664
2002-03-02,257.93916587194053,254.97783582838034,250.28643114978465
2002-03-03,253.7717065819098,249.6318533708731,243.90019955438657
2002-03-04,250.54778627661508,246.20052458701554,241.73367023703432
2002-03-05,247.78531778325544,243.05734416923158,237.95686735600552
2002-03-06,245.5895992982488,240.49520121103686,235.56105454411434
2002-03-07,251.56326578361052,245.39624319538007,236.14541661987633
2002-03-08,257.47595027927485,254.74752230472166,250.22960661074868
2002-03-09,259.81305256304256,257.1358194823263,254.15378274509388
2002-03-10,259.6150986503257,256.2885065808003,250.1501924682221
2002-03-11,256.67060403026903,253.3950880956474,248.65522172052613
2002-03-12,257.1759844669756,252.19863767891084,245.4743702098367
2002-03-13,254.71539084976393,250.14147116298494,244.02562732863555
2002-03-14,254.8310537675048,250.77971798802858,246.10442125769825
2002-03-15,255.5602805456612,250.91080708216256,246.07665449413798
2002-03-16,255.10602577004826,250.58172399643934,245.96355123933375
2002-03-17,255.52021169922574,250.61606400134207,246.69199334657628
2002-03-18,256.96111018180346,251.94643216656013,247.24176399298355
2002-03-19,259.0203695450951,254.02006665466774,249.117612938472
2002-03-20,260.79328081209707,256.64971153935073,251.4580863457563
2002-03-21,263.07130261310294,259.85578420177177,255.16883878428317
2002-03-22,263.20000933516707,260.15637090417204,255.59797110772072
2002-03-23,263.2864437012578,260.79071923117874,258.17348681370134
2002-03-24,262.9740578695077,260.98409914726705,257.841013951445
2002-03-25,260.3725526363765,257.3155457835907,252.56556727972006
2002-03-26,258.24273377288876,253.89836643857328,248.09732108449498
2002-03-27,255.9338884470412,251.0399349308458,244.95886576910453
2002-03-28,253.41230739749287,248.1219573470997,242.45576787511482
2002-03-29,252.83034445140623,247.22708600345473,241.90785928811346
2002-03-30,257.6511351775232,252.72494973028566,244.08208139536586
2002-03-31,261.95911819712813,259.2699511574211,254.75302569212738
2002-04-01,262.39321506965064,259.3521488916772,254.81453754476578
2002-04-02,258.6382697769645,254.11152985918307,247.5442047875901
2002-04-03,257.0179575376324,252.73345316464224,247.00331444450208
2002-04-04,262.86038110786524,259.33010218769806,252.39658386848038
2002-04-05,265.10073623386165,262.08463816985346,258.32745853246496
2002-04-06,265.09868759573544,262.5317998426787,258.9271009403301
2002-04-07,264.8005150067134,262.2050425308488,258.2219070300961
2002-04-08,262.8947507424508,258.732581504585,251.23702127832945
2002-04-09,259.9802671021133,255.6730761202459,250.39362122123518
2002-04-10,259.72454690511466,255.21387630071152,250.20540341334066
2002-04-11,259.5710319343892,253.4827602865369,246.58389022164056
2002-04-12,257.763000715573,252.10608956867634,245.9129575861317
2002-04-13,263.00939078888376,258.55556603512684,248.9784381738053
2002-04-14,267.12020420804106,263.7343119435293,258.89020630213037
2002-04-15,267.35429710920164,264.4919727778925,260.26292734717583
2002-04-16,266.44465201995104,263.5890748033614,259.7039820725869
2002-04-17,266.1409720340117,263.17795396858145,258.3058609621039
2002-04-18,264.99843852305463,260.67228149275724,253.8339079643637
2002-04-19,263.6012949446155,257.7180956793594,251.39576288990776
2002-04-20,262.38309684096976,257.5092640759458,250.8605002013517
2002-04-21,263.385955161979,259.3626154681501,254.00782769548124
2002-04-22,265.6483261010204,262.52788479443365,256.886117606094
2002-04-23,267.6376450141648,265.17615216226886,260.9246991472477
2002-04-24,267.18279843478336,265.04719485415967,262.31690881842775
2002-04-25,265.5069664962626,262.76530516808333,258.1044041555733
2002-04-26,262.11400644488424,259.09583606043776,254.01976667116116
2002-04-27,263.7951335081328,260.7267141168899,255.20775483147213
2002-04-28,261.76669874140674,258.3335554434738,253.5814705679414
2002-04-29,258.8401652597149,255.97427327141054,252.16724708374312
2002-04-30,263.3900200292351,260.2096225106275,255.42309632496344
2002-05-01,264.4886224247956,261.18577630150685,256.67685820563736
2002-05-02,265.02265889153426,261.51967661426136,256.178797566953
2002-05-03,264.53754134561683,261.2348319533845,255.49306639656575
2002-05-04,266.1943034351581,262.5852804263612,257.87521597953764
2002-05-05,267.4756403634441,264.0159493382925,258.69630479598555
2002-05-06,267.512625711676,264.6238373053937,260.2883338009619
2002-05-07,267.74468739333753,264.8262213707174,260.3222484643038
2002-05-08,267.4540462392298,264.0991141529574,258.8978991152633
2002-05-09,267.8616556839297,263.66392720971595,258.52353558010464
2002-05-10,267.1141331913368,262.6373087070154,256.1823499229783
2002-05-11,266.0371154792147,260.9531277507023,254.63710666427784
2002-05-12,265.0556972535973,260.0915540782586,254.55207570791111
2002-05-13,266.7918654739046,262.65213290224835,256.0337146337925
2002-05-14,269.73982712342115,267.0000702050531,261.23640024693793
2002-05-15,271.4836744995301,268.76906192629053,263.979872744976
2002-05-16,269.6116324108988,265.7917949804658,260.1569482842789
2002-05-17,268.0006084964974,264.31776905112883,259.1768194614874
2002-05-18,267.5165184980653,264.165456600629,259.64281380837764
2002-05-19,266.25259055671563,263.4550742923139,259.97598640118315
2002-05-20,265.15971541698764,262.1303745771927,257.8898782256841
2002-05-21,264.6123524674276,261.1541896820244,256.4275577184435
2002-05-22,267.03749433448195,263.1360845004316,257.29139175501876
2002-05-23,268.78983549597694,264.9300744502324,259.60082001701426
2002-05-24,268.9566034065787,264.53456098655954,258.857019537342
2002-05-25,267.86278609837365,263.02290742884304,257.46780546916784
2002-05-26,266.9659334466958,262.0010869475852,255.87509717183903
2002-05-27,266.6073082619722,262.6835964517364,256.0239843503293
2002-05-28,268.7633512147168,265.62591395835767,260.69513964394906
2002-05-29,270.02813666432723,266.88382740374146,261.659577354544
2002-05-30,269.81587426034116,265.831789559885,260.2814009213957
2002-05-31,268.6962025372946,264.7387033467634,259.03419278960916
2002-06-01,267.8822373319676,264.42131041131466,259.320551485653
2002-06-02,268.37282634466004,264.63061253419875,259.8491522977905
2002-06-03,268.7222355010511,265.17908902752725,260.07211279150926
2002-06-04,269.69785211086526,265.88954683710074,260.68424319544744
2002-06-05,269.8008968500093,266.491469571962,261.7101432471083
2002-06-06,270.43488649987506,266.8649487599293,261.58034686026554
2002-06-07,269.3038400126238,265.0530680602688,259.9854920188024
2002-06-08,268.72803902932543,264.7450423881738,259.41485286930373
2002-06-09,270.44772262487896,267.3430837324728,261.8631434922918
2002-06-10,271.7744097830117,268.2578545576778,263.4142735239256
2002-06-11,271.64849642163404,268.257145515751,263.26330434166357
2002-06-12,271.18614796601156,267.22928663343254,263.0910479756207
2002-06-13,270.542316559342,267.4232207783927,263.22639036424584
2002-06-14,270.9254447015698,267.8132224001381,263.72869546770437
2002-06-15,270.8818025760274,267.40885224469406,263.1553565410323
2002-06-16,272.9916896092157,270.5279591834269,265.4141269598743
2002-06-17,272.5990342546743,269.91032737795865,265.35970669217824
2002-06-18,270.2731144504062,267.7302543464846,263.7920436422573
2002-06-19,272.11531414742257,269.3220302639447,264.89871614701576
2002-06-20,271.85163097436373,268.8026729678811,264.33707281828924
2002-06-21,271.28394940687446,267.5632746273715,263.0663284700102
2002-06-22,271.09331149359167,267.5158387799723,262.76444036859573
2002-06-23,273.1077559614132,270.1417735519954,264.6531952650983
2002-06-24,275.7892344161311,273.07980350824675,268.61327859031496
2002-06-25,274.59815305360945,272.2510056121694,268.98607860884033
2002-06-26,274.62965257315244,271.87408258654784,268.57029412904734
2002-06-27,274.91735066915606,271.92564568611454,268.0210702400751
2002-06-28,275.73516843635446,272.9614617929833,268.4803527849551
2002-06-29,276.37511744157825,273.56240371349736,269.7614560413934
2002-06-30,275.18273158785433,272.4815449414377,268.663366100485
2002-07-01,274.6714841272795,271.17075960629495,267.0979137900256
2002-07-02,274.49000354125735,271.0732851288638,266.6811696236557
2002-07-03,274.77489035193554,272.19961001977646,268.57340016261657
2002-07-04,274.70580590569705,272.1436598460153,269.16816279800304
2002-07-05,274.28711235009655,271.69100336522706,268.68026063443426
2002-07-06,274.3043690686139,271.6447447888338,268.31205279518036
2002-07-07,273.4742625282048,270.765703890701,267.5010250444538
2002-07-08,273.34031009448984,270.4685464931008,266.7086646266663
2002-07-09,274.46603140247794,271.4737357977474,267.30670032990014
2002-07-10,274.63558741142583,272.03105033796714,268.3360587943016
2002-07-11,273.8286918323634,270.98324195928546,267.1416878012407
2002-07-12,273.7322908747361,270.68334378515556,266.64152443769467
2002-07-13,275.0603707332151,271.8093514199954,268.0280492289389
2002-07-14,274.6837886657052,271.5528231785668,268.04228418357866
2002-07-15,274.7392730156126,271.9554622535592,268.71011312708464
2002-07-16,275.03700740875064,272.4592741605485,269.2233597395135
2002-07-17,276.49014120731186,274.2422616759238,271.10373026078554
2002-07-18,277.43209443083606,275.140212183217,272.56242342037956
2002-07-19,277.8871398433451,275.0769064711271,271.99396126127755
2002-07-20,277.03565864309036,274.4536175364114,271.8706296853471
2002-07-21,276.89717098013205,274.9944851911463,272.5999339151493
2002-07-22,277.73397072223986,275.0652487319123,272.44059866507575
2002-07-23,275.51836311828066,272.83265112591243,269.82287550803085
2002-07-24,273.63436366275323,270.61580149296327,267.73377223877196
2002-07-25,274.30873861368457,271.7511485371491,268.43250151343085
2002-07-26,276.3983621465006,273.8729452696666,270.9364063272731
2002-07-27,276.5391679830342,274.3151642227771,271.62819249433915
2002-07-28,277.33808132317176,274.7102393672266,272.0107622999092
2002-07-29,275.96532681578964,273.38998534338043,270.648355346425
2002-07-30,275.6308266514565,273.23700099133197,270.35161383389334
2002-07-31,276.2078061288239,273.67028718214186,270.6896713194128
2002-08-01,276.19472282960305,273.73425593675705,270.6565089553936
2002-08-02,276.19086554437376,273.62498876778614,270.4185479440254
2002-08-03,276.82974746319206,274.7117553299561,271.9062788699932
2002-08-04,277.38408405743445,275.2641608356386,272.6972538587482
2002-08-05,277.36713236206725,275.1871424023832,272.80457336415554
2002-08-06,277.7600786735204,275.87736511853876,273.76960884634417
2002-08-07,278.6095024346443,276.6993509263128,274.7667254803212
2002-08-08,278.6248582909975,276.5928261242027,274.40524478837034
2002-08-09,279.40623244182495,277.29781809797646,275.1918209054103
2002-08-10,279.3556899619529,277.4303534954983,275.5300354387212
2002-08-11,278.9375204361669,276.92089997306164,275.1518480860832
2002-08-12,278.2734959125389,276.6653313807756,274.9438171573559
2002-08-13,278.6612921105796,277.21483388869655,275.81026381627873
2002-08-14,277.6354798396057,275.91679945043245,273.8611217104099
2002-08-15,275.98656678930126,273.3395299725706,270.15467788401463
2002-08-16,274.1949400194351,271.1794426168918,267.974444073983
2002-08-17,274.00109478490106,271.15146632246774,267.93497303102043
2002-08-18,274.7802103787833,272.22155269788107,269.4421704146344
2002-08-19,275.57766256180446,273.1746531738958,270.73334987408015
2002-08-20,275.67697616495707,273.58890116562634,271.2787072997903
2002-08-21,277.06721246857813,275.0686485931895,272.69147957351043
2002-08-22,278.4560792104492,276.22292046563774,274.0725656692676
2002-08-23,278.2867032683776,276.07495212288535,273.8572877824221
2002-08-24,278.45253011117256,276.164091514726,273.943752733233
2002-08-25,279.210590181253,276.8492495920504,274.19561606627866
2002-08-26,279.5910574459074,277.2737174541456,275.29850832031326
2002-08-27,278.5358551509298,276.5196176968784,274.4866414724285
2002-08-28,278.17574851382494,276.2009862483012,274.0798723714968
2002-08-29,278.19012478991255,275.62087484139886,273.3591412017998
2002-08-30,276.4042443237826,274.0258498891371,271.7924565074521
2002-08-31,277.76909798969086,274.9190546678004,271.92288950766914
2002-09-01,276.32962190834985,273.98116173105916,271.87690461139204
2002-09-02,275.2904303568347,273.24259199782193,271.15576084649933
2002-09-03,273.7011424217394,271.2807340644144,268.60473527591273
2002-09-04,271.98510623872374,269.6918501898246,267.1634404400801
2002-09-05,270.0909677933506,267.38040454017175,263.0736599857502
2002-09-06,269.7058439080465,266.0581189974825,261.7318435880372
2002-09-07,269.5263512082263,265.85799336406734,261.4894051286901
2002-09-08,270.56464775048124,267.70408725010645,263.2594757531956
2002-09-09,271.1460231167605,268.15180225923405,264.7474073763781
2002-09-10,270.96840285493596,268.06458849519873,264.46411515960773
2002-09-11,270.95297761948683,267.9393384698759,264.1504914289622
2002-09-12,271.459974401186,268.53155869627557,264.2099067771557
2002-09-13,272.08810499935856,269.54740268904607,266.56142157737804
2002-09-14,272.4226052959465,269.7896716531692,266.9101224599959
2002-09-15,271.94307942269023,268.95758189954705,265.39734979599996
2002-09-16,271.00328107780405,268.4900669622654,265.2807912835513
2002-09-17,270.79313772445556,267.524887099776,263.80338258041655
2002-09-18,269.81494696027977,266.7387439397543,262.72617416470933
2002-09-19,269.43612206953594,266.0282571731827,261.7112840511948
2002-09-20,268.4302242535045,264.7018685030663,259.7060933792815
2002-09-21,266.02373040956985,261.9447892081826,258.12803480177683
2002-09-22,264.9172383049188,261.545323185393,257.118964140886
2002-09-23,267.75610890255075,264.6071364669994,258.9461211811214
2002-09-24,269.74359135942035,266.83945362495115,263.40617564638256
2002-09-25,268.953418529604,266.34650400132966,263.06765770355884
2002-09-26,266.66685772199213,263.6703934456454,259.4006969117901
2002-09-27,266.6141818002071,263.71498909020505,258.95598386172014
2002-09-28,266.7161701744664,263.43004422934456,258.9118351100275
2002-09-29,266.059478691345,262.9764995371287,258.424234751281
2002-09-30,266.37621387135744,263.0179032869065,258.9092441468481
2002-10-01,265.268075767214,261.65499871457314,257.71083596216954
2002-10-02,264.6576843620739,261.33821254402665,257.91462953153524
2002-10-03,264.554917441003,261.6573998026808,257.9481340125254
2002-10-04,265.97879275766314,262.83954524713954,259.5100110452422
2002-10-05,266.3446645490031,263.78709430437397,260.48932585712913
2002-10-06,267.986242999486,264.61216909853965,260.57688242500177
2002-10-07,267.2889771003525,264.4460060148404,260.55981471255967
2002-10-08,267.17290709005476,263.92034835186786,260.16970398682577
2002-10-09,264.69797591045403,261.2992243572054,258.0011518662443
2002-10-10,264.6148815140651,261.6966727976999,258.0120977386496
2002-10-11,264.70330742502153,261.8998920054319,258.9502897551434
2002-10-12,264.9302451395941,261.93650393800067,258.708128668195
2002-10-13,266.1430399701908,263.448130873053,259.5007308031244
2002-10-14,265.63985101071995,263.1680863752491,259.85297931777075
2002-10-15,266.7049924891131,264.057552488927,260.3475680906682
2002-10-16,266.34680950453713,263.6300306527072,260.52824978837276
2002-10-17,265.2361789717147,262.04934195732005,258.59775719805907
2002-10-18,264.48277791997805,261.6423525299409,257.79689184581036
2002-10-19,264.55893694655157,261.68370065481565,258.2979441743639
2002-10-20,262.65683378516593,259.8767749117382,256.7518974047018
2002-10-21,261.9983913034997,259.64859971638435,256.5777160053106
2002-10-22,262.8583229951664,260.44199490174014,256.44321717517295
2002-10-23,262.8204702134642,259.93849255009474,255.56603576273213
2002-10-24,262.42451475163574,259.2910353672009,254.85338436225632
2002-10-25,261.43830161796404,258.1429298362981,253.9701424618134
2002-10-26,260.63894408731414,257.65569630013357,253.29635493565246
2002-10-27,260.51872896843037,257.54924061176945,253.75789416966782
2002-10-28,260.3729621817393,257.2817180678231,253.65625347851508
2002-10-29,261.0967574979784,258.1104151966904,253.8987527255009
2002-10-30,260.6989094180382,257.56525734273947,253.72321703450146
2002-10-31,259.7859028101062,256.3796596778288,252.66862578732307
2002-11-01,257.29508843405495,254.0506445178157,250.7949021681899
2002-11-02,255.06898093680215,252.12026391902526,249.03823133700877
2002-11-03,254.77234749116317,251.85199779283886,248.45462340518347
2002-11-04,256.4731592605307,253.63428559136483,249.8503333196654
2002-11-05,259.71411999525816,257.086424867386,252.95917818375622
2002-11-06,260.85384432189346,258.1048622290392,254.9066799100264
2002-11-07,262.1947995573429,259.5374913581542,255.74158555842925
2002-11-08,261.4682041188754,258.8024694726424,255.17754002985555
2002-11-09,261.1314979289652,258.60321123887894,255.15355333457654
2002-11-10,261.57598286463866,259.1494113483451,255.96485441418992
2002-11-11,261.67010896138675,259.2215244906886,256.3163840314744
2002-11-12,261.8849069565233,259.0142889401973,255.11050782788917
2002-11-13,260.0442897502101,255.75380761384574,249.37574917452793
2002-11-14,255.84968536511215,252.19640396904816,247.99479385354687
2002-11-15,255.31839205057383,251.7944454363926,247.54098547080312
2002-11-16,256.96071018116305,253.44110014756058,248.71748822694835
2002-11-17,256.76958732319076,253.01186545053815,248.71180792085994
2002-11-18,257.9790287800994,254.87136674934,250.25814866899591
2002-11-19,257.1088750899786,252.45206915699117,244.96845180068436
2002-11-20,252.4154699545888,247.56196977203612,242.209013471533
2002-11-21,251.46231704120726,246.6514138965657,241.57515538061227
2002-11-22,253.72055420321706,249.32208536746026,244.1695173627671
2002-11-23,256.5645465844533,252.2363414698237,246.9145054209329
2002-11-24,256.3705623447367,251.04326239692213,245.87214249229478
2002-11-25,254.92796013989783,250.2239525872902,244.87185452311155
2002-11-26,253.58193106084659,248.98898593425042,243.82219276603607
2002-11-27,253.70252057678854,249.3750938290101,244.90922377150773
2002-11-28,255.76888293473476,251.5640961838489,246.4280393416471
2002-11-29,255.67828273938147,252.13849849562118,247.0544956442028
2002-11-30,257.44661921058866,254.17377499204656,250.34290964164538
2002-12-01,254.7957264112563,250.80114379054965,246.97336512681528
2002-12-02,257.230923364892,254.02638594621058,248.21037790898816
2002-12-03,258.7768468417668,256.7229655851791,253.95528682927656
2002-12-04,257.43670124416326,254.74306829883608,251.38820522355687
2002-12-05,254.57306594823424,251.64374676058958,247.21047135862923
2002-12-06,250.23906913837723,245.790071554754,239.55953956669003
2002-12-07,246.28556837948452,242.0888437075745,237.78092868505837
2002-12-08,247.5623855447211,243.63984300716044,238.83716863378254
2002-12-09,247.8234353670114,243.9186418837764,240.48109501019735
2002-12-10,251.21887204662846,246.55586604721765,241.26332031984717
2002-12-11,257.9042107577248,254.66968811048724,248.95565528264555
2002-12-12,259.93734356953615,257.3765385213719,254.08725991260852
2002-12-13,261.7974793128359,259.18263834210586,255.81343469945733
2002-12-14,262.68219691475156,260.23788810591657,256.49669594946386
2002-12-15,260.45555884869697,257.90239496125946,255.17524461935173
2002-12-16,258.4505273767437,255.9378290073245,252.64075933859144
2002-12-17,256.328637210894,253.45258126075578,249.98167873667964
2002-12-18,255.71190279624534,253.3846992432691,249.99965839265033
2002-12-19,257.2521257112779,255.24917059371876,252.7830112859323
2002-12-20,256.5639613036567,253.15525239653738,248.1517326126522
2002-12-21,251.35709691605564,247.80190769417715,243.44584780246004
2002-12-22,250.10713124120718,247.14374547795813,242.9967450924294
2002-12-23,251.156433334302,247.87134000985836,243.87959130638114
2002-12-24,251.82127573997866,248.8273704182047,245.07367362672866
2002-12-25,253.47838339384026,249.74138006489002,245.72921004358565
2002-12-26,254.40258345094978,251.0136913248126,247.0357618196713
2002-12-27,252.0148617582552,248.85320378363105,245.36976636899738
2002-12-28,250.13625607030244,246.36869438055407,242.0438223267789
2002-12-29,247.33781321207562,243.77944643281313,240.3196466514843
2002-12-30,249.6411893746701,245.73470941906794,239.98913109375405
2002-12-31,247.3377645894835,243.53139340437195,237.91281975319794
2003-01-01,242.89706660825678,238.72312245914887,234.71545356581336
2003-01-02,244.8214900246007,240.02756033304658,235.56910569029537
2003-01-03,250.04267599418867,245.65197996759835,239.06101636323186
2003-01-04,246.83462855055117,242.6207442162214,238.1909515022138
2003-01-05,246.3118224579387,241.99869031843147,237.92330821388447
2003-01-06,249.1701368388289,244.9576900871161,239.61615168786014
2003-01-07,251.47114248986222,246.7784364095121,241.45947742509628
2003-01-08,248.13138854568896,243.89751564253388,239.23103043878248
2003-01-09,249.0680087579999,244.93474220297645,239.85378584661075
2003-01-10,248.16787006286827,243.32461721230322,238.00102323303528
2003-01-11,246.49327978145612,241.67724738149,236.84982882658636
2003-01-12,250.74361958148472,245.62963780937955,239.56124542728497
2003-01-13,248.35844450991806,243.46485049864708,238.4679036560011
2003-01-14,250.23719055470056,244.9652794345441,239.5580901392846
2003-01-15,252.6022078437403,248.10849047691053,242.7348698218911
2003-01-16,256.19968799255685,252.67163511052377,247.27306294655145
2003-01-17,260.1046151529205,256.5288251734345,252.518097304465
2003-01-18,259.7155348949567,255.43324988840192,251.07096881210148
2003-01-19,257.7256308986086,252.23394274541488,246.94203710765368
2003-01-20,255.44906824574431,250.35271913674143,245.38097727409456
2003-01-21,256.03523634817265,252.25141025384679,245.9781237618714
2003-01-22,257.6170403825681,254.28540844848493,250.50342100365825
2003-01-23,255.91323876031393,252.75516354190742,247.74217702896667
2003-01-24,252.81760967656493,250.07953038038346,246.41624525265874
2003-01-25,254.91532237652055,251.6315218880168,247.48930868508003
2003-01-26,255.3442444641108,252.7466984545728,247.769796258406
2003-01-27,257.68759506106113,255.342488392599,252.46807836501176
2003-01-28,257.6799064807621,254.60908491730694,250.60828291485876
2003-01-29,254.82059184084682,252.4456957109168,249.14682690764533
2003-01-30,255.85768636171704,253.197274332803,249.73696681095683
2003-01-31,253.52138244382607,250.58182199505626,246.58144963113807
2003-02-01,251.79856770412528,249.13472120383275,245.95755725352572
2003-02-02,252.40314918884567,248.38985509793417,242.31478539499474
2003-02-03,247.90436532752193,244.32407639625777,240.20928653301578
2003-02-04,245.13293043905654,241.41612826656365,237.6423552835823
2003-02-05,245.7242983939873,241.43640013886963,236.99869035029167
2003-02-06,256.4730854448802,252.3873416834619,242.7342236122907
2003-02-07,256.1811330884409,252.9208561194227,248.43626419417507
2003-02-08,251.66707930676225,248.0529121621668,242.73941624325326
2003-02-09,248.75438560629865,245.01273075885737,240.78037581077695
2003-02-10,246.60996490329055,243.21517761037086,239.46189654846012
2003-02-11,245.57094154221255,242.29366002673868,239.1443286742236
2003-02-12,247.4616520644158,244.17254652634227,239.74509420995594
2003-02-13,250.71893510316448,246.99858445800544,241.945625657843
2003-02-14,250.76916614405636,247.71678971351318,244.0161301554061
2003-02-15,256.2551093661154,253.2344186158653,247.84552832283174
2003-02-16,259.4857491254471,257.5169824581881,254.22216358193165
2003-02-17,260.2965637012442,258.8981527578889,256.8587743042119
2003-02-18,259.6720444568587,258.2619943871449,256.5527470057958
2003-02-19,258.8976252870558,255.86147894402822,252.4777149817672
2003-02-20,255.3750581946451,252.9670782761116,248.33153484838087
2003-02-21,253.62667189269743,251.17865883513963,246.78466345272196
2003-02-22,256.07425248094404,253.90564555034732,250.50303515910565
2003-02-23,258.1840291681543,255.87720901262884,253.3166812495169
2003-02-24,257.4861063721853,255.14508339114073,252.3898768349022
2003-02-25,257.1838312263004,254.4089493985225,251.31398346443808
2003-02-26,258.19835636199076,255.839062621705,252.7585649677053
2003-02-27,260.1046205856348,257.8935500774527,254.52773387599527
2003-02-28,260.5562177243337,258.80483689372636,256.9777943256959
2003-03-01,261.50822793277456,259.5281189254705,256.92291091428183
2003-03-02,260.61963171758805,258.08493139061466,254.0875414340451
2003-03-03,255.62222855573566,252.4467321610102,248.95670669417413
2003-03-04,250.29095367097645,246.9877405179014,241.9570069699817
2003-03-05,246.9254032370215,243.86172975491087,240.10750025724212
2003-03-06,249.04937514818556,245.63043703126698,241.50454717921528
2003-03-07,248.50996541304696,244.34534682410595,239.64555359319039
2003-03-08,246.5434008948639,242.80194826681665,239.3402173964609
2003-03-09,255.4099811372318,251.51866124571316,243.76378144846342
2003-03-10,256.76645609690115,253.45213788071473,247.93631497754535
2003-03-11,253.899581971623,250.48655235688315,245.86540736285465
2003-03-12,254.59663026055108,250.73050336380865,246.57108781622765
2003-03-13,256.911050144266,253.38532232940497,247.16991345057215
2003-03-14,260.88067836053466,258.1841122304653,252.6954338688499
2003-03-15,260.7735021779559,257.4282129772244,253.38164840085224
2003-03-16,257.83677138384104,255.67171079562775,252.74526570541272
2003-03-17,258.3729709709773,254.5208019821819,248.6573976563048
2003-03-18,256.74274249701443,253.16346070404538,247.59556043664193
2003-03-19,258.40257892935796,254.78313006146936,249.96305598391132
2003-03-20,257.7586991249448,252.48522797150966,246.13533048286286
2003-03-21,256.352047058413,251.15048548809852,244.8433641539814
2003-03-22,258.0774944520812,253.76384239550265,247.64739449695983
2003-03-23,261.518225353655,257.6518672891081,251.5710116044626
2003-03-24,262.8604266084071,259.39147113986473,254.7619865480898
2003-03-25,262.39635781982463,258.62251914287464,252.1018494240761
2003-03-26,260.5462356254,254.95886436711018,248.4177158913773
2003-03-27,258.49280390453697,253.09764292717472,247.00687246542128
2003-03-28,262.7066779786912,259.4156481643014,251.05253236564914
2003-03-29,264.00674438435186,261.27865887544283,257.1712852915205
2003-03-30,261.9995433726378,259.0623523705281,254.77932457263103
2003-03-31,261.3705166129934,258.0859546358649,253.48513576521682
2003-04-01,261.2016420940925,257.7267768483625,253.37209717096258
2003-04-02,261.6394070352812,258.58117971305614,253.47131140319033
2003-04-03,259.7683939792777,257.4482422290411,254.49474672857832
2003-04-04,259.9385328186594,257.52129926740855,252.79343867503414
2003-04-05,258.3338751773618,254.21357129022982,248.66422439058414
2003-04-06,258.8913664594574,254.32698808137198,248.8134004837037
2003-04-07,259.1615484451983,254.1436326968901,247.95552862668134
2003-04-08,258.9041426704262,254.19206516669254,249.2225430817818
2003-04-09,259.22503489260697,254.5816801534854,250.3650323406116
2003-04-10,260.5484870956546,256.12323899162885,250.813120089968
2003-04-11,263.35439776214974,258.508861658896,252.39555537081208
2003-04-12,263.5708234048861,257.8377601810834,250.63371903220457
2003-04-13,262.83918226724967,257.8634816441246,250.9016020844912
2003-04-14,264.84897684810693,261.6020811746055,254.5893760078485
2003-04-15,267.18430012987403,265.22243963458567,261.6778826443425
2003-04-16,266.45884353396247,263.45242411240184,258.32152920983845
2003-04-17,263.7391157301159,259.6484952838019,253.89742450172082
2003-04-18,264.0670272777447,260.76825115476737,253.8896646345167
2003-04-19,265.0193636670405,262.8353292819345,259.277764450415
2003-04-20,262.4055322778569,260.1229361004027,256.1743798893253
2003-04-21,262.40699758367185,258.4140501908879,252.75108843200312
2003-04-22,262.4512649172751,257.40130073290896,251.74650621831705
2003-04-23,263.67443233336286,258.6147785936607,253.6039909817339
2003-04-24,265.58329058934294,261.82515794401934,255.9305345877917
2003-04-25,266.86286679669354,264.7555901925659,261.8715963986905
2003-04-26,266.71286667520553,264.96661162548867,262.21951120250765
2003-04-27,265.8421072946998,263.5108451386437,260.2554585094769
2003-04-28,265.35124098408244,262.21419913247445,257.793911112611
2003-04-29,265.65616746138926,260.3698275361991,253.72440180940112
2003-04-30,264.29716410650786,259.5738039620153,253.02845568191287
2003-05-01,266.61950856908595,263.9535671603608,258.5332204403944
2003-05-02,266.06894204336743,263.9127931860842,260.3667512370756
2003-05-03,262.4361618732666,260.0615618770621,256.77938124581846
2003-05-04,260.1613208412501,257.88614528644473,254.6495384043037
2003-05-05,260.5680229549149,256.44949874650723,250.73800291482434
2003-05-06,259.24532346133867,254.76702395273648,248.79612016918676
2003-05-07,258.7902443820207,253.43490573944172,247.2481110354399
2003-05-08,257.69572792818815,252.10601072306267,246.3964322705094
2003-05-09,257.25813035161445,251.61084838619664,246.57550260093876
2003-05-10,261.5276900778881,256.78960880752817,248.00285453253346
2003-05-11,263.4569526198644,257.5116780511643,251.51381572211113
2003-05-12,263.9666692022742,260.6113723355827,252.07420915151855
2003-05-13,265.62268596895825,261.8596700946267,255.24841521494838
2003-05-14,264.288757069032,260.753547969558,254.80677372077878
2003-05-15,265.1909079719998,260.3816409811558,253.50822524451868
2003-05-16,263.44006187999213,258.6533229410787,252.34503012167343
2003-05-17,262.84825917878334,257.8880123192411,251.87593067763706
2003-05-18,263.405810872392,258.533696804926,252.32290883927817
2003-05-19,264.28806154883586,259.6857350659145,253.49854817471268
2003-05-20,265.1236725649376,260.6106143431833,254.53112810243078
2003-05-21,265.72575214832375,261.67430974102297,255.37420980791322
2003-05-22,266.8227912064602,264.0683427476907,258.1279169859902
2003-05-23,268.8035064044411,266.220624347183,262.2310141767282
2003-05-24,268.35919718991585,265.60705955250313,261.1250655766727
2003-05-25,268.5459770701919,266.4826573049013,261.43244157462203
2003-05-26,269.7725809451168,267.4498846359846,263.63305028547165
2003-05-27,268.24628308878056,266.0760561803136,262.96132267527014
2003-05-28,267.04341223938854,264.2594415072417,260.2709957929994
2003-05-29,266.8549931591316,263.9462459360276,259.173215931643
2003-05-30,267.8599142307844,263.704979985196,258.0982401154283
2003-05-31,267.7468394756372,263.8507967010446,258.3150523246683
2003-06-01,268.2408308230293,264.68242623460566,259.2501021164361
2003-06-02,268.3242775644915,264.97550988808024,260.5279648783457
2003-06-03,268.6050046156487,265.4380078171364,260.4777273444818
2003-06-04,269.56054607530496,265.6800260843516,260.0721641375076
2003-06-05,268.7877574848528,264.2586478232534,258.3841634109495
2003-06-06,268.3113422047277,263.72804469401865,258.25417630093517
2003-06-07,268.4703080464001,264.4435166896913,258.7405989274878
2003-06-08,269.34437548587834,266.32209763560456,260.2728554987342
2003-06-09,271.29793201401674,268.41198262157053,263.8137402072293
2003-06-10,270.5310136457988,267.2062147562583,262.5318108090504
2003-06-11,270.6680852538014,267.4336947864481,262.5888902458705
2003-06-12,271.1585094154741,268.199567159681,263.7159070392831
2003-06-13,269.65856578949086,265.9872727875829,260.5508711502246
2003-06-14,268.4743543596221,264.5323968951655,259.8987990747221
2003-06-15,267.9530712679619,264.0375497698067,259.6781344283472
2003-06-16,268.06164687336866,264.475790934463,259.9611278662186
2003-06-17,269.2123238058696,265.5450329632513,260.9919803607524
2003-06-18,270.72626760032796,267.43538950296534,262.81340581818597
2003-06-19,272.19684093137323,269.09859025753406,264.50655496812817
2003-06-20,272.7767812421242,269.5018241472127,265.1451198652523
2003-06-21,273.1660683212166,270.2236750739866,265.8894381627805
2003-06-22,273.9354701212076,270.80309285762405,266.04752774730895
2003-06-23,273.75393258075866,270.70303283008246,266.3534363239281
2003-06-24,273.2897247016186,269.7974590064894,265.1925508707951
2003-06-25,273.92021088038047,269.81347501595445,264.5825129268122
2003-06-26,274.3479287278765,270.44510370983414,265.06745771325734
2003-06-27,274.86262119934713,271.49744014513124,265.9940688050151
2003-06-28,273.53431015671424,270.77772405219525,266.886514648593
2003-06-29,273.0904412249784,269.86477118543087,265.93876792125116
2003-06-30,271.7614511021722,268.72819732057155,264.82964178256486
2003-07-01,271.8123805467409,268.7019332698491,264.6511635718419
2003-07-02,272.4278417581368,269.2480423301659,265.81621903774914
2003-07-03,272.27325608625125,268.97302000513315,265.82833943642584
2003-07-04,273.6702989522691,270.44805479238994,266.34949551667273
2003-07-05,275.27914500733095,272.40321041631006,267.87098412507083
2003-07-06,275.4700470942126,272.65766584455235,269.43526904064873
2003-07-07,276.47752743643554,273.7539473012673,269.7386557468697
2003-07-08,275.45729659844176,272.49643574059104,269.279535186108
2003-07-09,274.9449469590965,272.18390038525916,268.756404786991
2003-07-10,274.84853293060036,272.11831544407187,268.82662318866926
2003-07-11,274.9713415959958,272.01169812712993,268.87279533809965
2003-07-12,275.4583305185992,272.8707002563822,268.795790774252
2003-07-13,275.6376133491116,272.62941383877603,269.48064829905957
2003-07-14,273.6258133957947,270.34824085736045,267.05727204396675
2003-07-15,274.4086502390681,271.25655005642545,267.0924147231006
2003-07-16,276.74329797492834,274.03815925067227,270.25029691229236
2003-07-17,276.81660654657804,274.3382949966947,271.3708002732527
2003-07-18,276.44231314092434,273.5453665650614,270.4749048643303
2003-07-19,275.5484227558924,271.8952544882663,268.5584318989643
2003-07-20,275.8909099704402,272.52623536875996,269.30756909704775
2003-07-21,277.0708265151323,274.6430248555336,271.7212971769894
2003-07-22,277.47870415367225,274.96955138039084,272.25273335544927
2003-07-23,278.4492262738686,275.955877387742,272.86375662158343
2003-07-24,278.9230178058048,276.304844203648,273.8098336670803
2003-07-25,277.5547844193967,274.9373367641661,272.15164189848446
2003-07-26,277.1415560351914,274.54320265595004,271.7718010707937
2003-07-27,277.85628361247836,275.43186075083435,272.38095765844946
2003-07-28,277.6374471558818,275.26468180678864,273.0688054562918
2003-07-29,276.7164085797467,274.32015616934785,271.99303416918497
2003-07-30,275.9619446864683,273.1750710005893,270.3160129357515
2003-07-31,275.9436448654372,272.49654580645324,268.73647624314077
2003-08-01,276.401506477681,273.4565833227529,270.3608998229345
2003-08-02,276.74966438430926,274.1603316915223,271.21350709852175
2003-08-03,277.425109045654,275.2107605850328,272.6712995215183
2003-08-04,277.01000581410517,275.4488366688604,273.63752181720434
2003-08-05,276.6565866011363,274.28867859577866,271.94798090114114
2003-08-06,275.25328110536014,272.8067359885847,270.0719813379393
2003-08-07,275.2442393814167,272.43173576776167,269.63174337138776
2003-08-08,275.5668568914549,272.9465560694915,269.9357254783504
2003-08-09,275.7731154834834,273.1133716053692,270.36274005234634
2003-08-10,274.9542113921647,272.66748062131796,269.8363067137405
2003-08-11,275.5247545066228,273.2026730967159,270.5140215294862
2003-08-12,275.22273354066897,272.80741893288445,270.14083912390873
2003-08-13,274.4552180693879,271.604591117246,268.30427323939944
2003-08-14,274.2650648422242,271.4811820840437,268.0552599883099
2003-08-15,275.2064096837614,273.0896004709336,270.64178261579957
2003-08-16,276.07827434550217,273.81400256285497,271.27941083595795
2003-08-17,276.5815966013148,274.20120033105763,271.7291976382774
2003-08-18,276.4176885701351,273.74554429920556,271.0088698608943
2003-08-19,276.734364398554,274.31055828993755,271.4036069081944
2003-08-20,276.46839568110295,274.06981094149404,271.8953412983695
2003-08-21,274.9448120004705,272.73798102804824,270.1096103451464
2003-08-22,275.48795362076964,272.8795944003205,269.7534119570911
2003-08-23,274.9192972453196,272.1304725811577,269.05979588337664
2003-08-24,274.9594756860454,272.1221544275645,268.9150567837193
2003-08-25,275.4485266683187,272.7200594601446,269.58812077667875
2003-08-26,276.03681449153083,273.6142495464393,270.60303210582924
2003-08-27,276.803547590382,274.771811768589,271.921097366529
2003-08-28,276.2724958482121,274.5010710249934,272.4572040987574
2003-08-29,277.7186712044893,275.7765861069059,273.44836798440866
2003-08-30,277.69107195911425,275.5544225323982,273.4837687093551
2003-08-31,275.5998213063643,273.6124763881623,271.3588563863964
2003-09-01,274.7130872367108,272.07647776411034,269.5139793442274
2003-09-02,274.04692353398354,271.2680059353674,268.35450225364826
2003-09-03,275.39816092391266,273.0980250159014,269.6563322456424
2003-09-04,276.4445004114535,274.0693798929652,271.6875894752266
2003-09-05,275.3356030799417,272.9892986358275,270.3794896037022
2003-09-06,274.26428450959514,271.8347497133279,268.74977354127105
2003-09-07,274.1059140365593,271.60940509909955,268.48172036979867
2003-09-08,275.497627996154,272.9411541514207,269.8341163791303
2003-09-09,274.6775408324075,271.84761585478486,268.3357227737635
2003-09-10,273.01021068159844,270.44783704853836,266.8860957286567
2003-09-11,273.7296393610966,270.63513002999446,266.9004956181497
2003-09-12,273.3095620718302,270.59512528085406,266.8366469480152
2003-09-13,274.72060021104926,272.40755913908066,268.81137857283784
2003-09-14,275.3164815990255,272.8567691692066,269.90161401153136
2003-09-15,274.2872600462092,271.69483699337627,269.0174985416365
2003-09-16,272.75291822489316,270.18637792156,267.71421399628747
2003-09-17,271.43810364753864,268.54022314306957,265.01064904248096
2003-09-18,271.24389376901365,267.6390325424025,264.1119880289992
2003-09-19,270.62580184811327,266.9061970863907,263.602066438721
2003-09-20,268.94324069147365,265.84935978288536,262.6848501056752
2003-09-21,269.42876018294595,266.06099651172616,262.4282172784223
2003-09-22,269.5537478986895,266.11606846633987,262.68560939762926
2003-09-23,272.36311205757573,269.3196130883115,264.52929206371044
2003-09-24,272.6423756411405,269.942088315821,266.9337761040821
2003-09-25,270.21301274858274,268.1918338167844,264.82012769239776
2003-09-26,268.6845809203369,265.80600903151355,262.0897943832011
2003-09-27,265.6010572735788,262.58203750235026,257.825412334551
2003-09-28,264.88573275582195,262.16784443162936,257.51635823758494
2003-09-29,265.1834926232576,261.6877732345737,256.30591827104
2003-09-30,263.1847716755383,258.5015890072999,253.0446123464606
2003-10-01,262.4886342352575,257.2182206673316,252.03232554831428
2003-10-02,261.6276094422142,257.2899212269262,251.66449582042162
2003-10-03,260.7388882028217,256.76314386233094,251.37446720196243
2003-10-04,260.77659136770745,256.89824036543797,252.727792699652
2003-10-05,262.773259863975,258.50440481744715,253.2504070837596
2003-10-06,264.62161364235595,261.0266045457816,255.92621301234732
2003-10-07,266.6575712044948,263.274101623409,258.90064770450186
2003-10-08,266.47475775272557,263.4960556031992,259.8333902988752
2003-10-09,265.8734493708525,262.66045245731794,257.30823243467484
2003-10-10,262.13264586079487,258.5550439893801,253.80022289822938
2003-10-11,260.6730916646505,256.94517990352006,251.90742733516555
2003-10-12,258.5806267185155,253.82432604907086,248.23052967669815
2003-10-13,258.6452379208873,254.03919175871016,248.89096227977916
2003-10-14,259.3455308318405,254.56074214450646,249.96900668036858
2003-10-15,259.4095043543028,255.02151989494098,249.9809795238718
2003-10-16,260.1286573831227,256.54742310873416,251.47139596878222
2003-10-17,260.908946251591,255.76903365173638,250.25735433057844
2003-10-18,259.538086792796,255.25379494501706,250.14796513467834
2003-10-19,259.4689212683901,255.88494398015948,251.23369459066126
2003-10-20,259.77655269513605,255.43900484921497,250.56492620952815
2003-10-21,258.0942000664958,253.4890585705493,248.50270648367834
2003-10-22,257.28326998707905,252.9218280890309,248.1872607583708
2003-10-23,259.33482436741696,255.49558313940787,250.39940074633193
2003-10-24,260.51942349280506,256.4759403795169,251.47630890277242
2003-10-25,260.31477120706427,255.33760804958092,250.14633280514875
2003-10-26,259.2175170788212,255.03292891296587,250.5612851094371
2003-10-27,257.8213982261535,253.22300190782926,248.62601682171683
2003-10-28,258.53355873738616,254.03408316210138,248.97424923673628
2003-10-29,258.83674055220433,254.45365016828634,249.92912240676227
2003-10-30,258.93273981480195,254.40622232573645,249.92950971908863
2003-10-31,259.27598321917793,254.16840782209468,248.36828724348314
2003-11-01,260.04672769734356,255.40064017385987,249.13277610655152
2003-11-02,260.42007393887064,256.6544987149502,251.91434604003433
2003-11-03,262.00525710016035,258.3872615531904,253.26014726254496
2003-11-04,261.9879170029993,257.46592669432926,252.29955263131663
2003-11-05,261.69489907488344,258.86748203429136,254.1892972469391
2003-11-06,260.21047773021127,257.6422660848546,254.09596861667433
2003-11-07,259.4711266817528,256.9535726497328,253.1335878997609
2003-11-08,259.3578003631261,257.19397274612936,253.52856726168116
2003-11-09,257.4859825363186,253.23891129893312,246.62079971979713
2003-11-10,253.09994499625438,248.82907000103077,243.92526845313168
2003-11-11,250.98431029328466,247.42333667055024,243.83609394801988
2003-11-12,254.30135023058475,250.24092793571413,244.85346349626118
2003-11-13,259.22166852786154,256.18519553140334,251.6880119045424
2003-11-14,260.61745744108595,258.2758314467937,255.22585326262256
2003-11-15,260.0731775336416,257.6512190863613,254.68287129224368
2003-11-16,260.3535250614898,257.7287117521208,254.07940621948708
2003-11-17,258.5065971227105,255.90630130144982,252.63090140127483
2003-11-18,255.54820101691206,252.04724637766734,246.31333157847777
2003-11-19,250.7736971420067,246.14213308677566,240.71607463318233
2003-11-20,246.41402534760832,242.48845231495744,238.46815109457788
2003-11-21,245.51889951802755,241.1392636259399,237.59310015271276
2003-11-22,246.6485049292944,242.4753354602329,238.63333966712833
2003-11-23,247.43240060886765,243.4341255083157,239.4451673564672
2003-11-24,250.1500601960104,245.8007852327226,240.87690162655886
2003-11-25,247.39390224053145,242.76784970858026,237.9664570865125
2003-11-26,244.77029859826348,240.27630439314308,236.37999798213582
2003-11-27,244.50716518736056,239.72357900852853,235.28421238299865
2003-11-28,243.23571760622053,238.24630476426054,234.26333687171203
2003-11-29,244.43920093434363,239.2652903848084,234.43995663236993
2003-11-30,251.6233898161017,246.8058732931986,238.06162073535347
2003-12-01,254.46971599992568,250.35444481546466,246.10072684774738
2003-12-02,257.0411119933099,252.70700682383608,247.7116293937874
2003-12-03,256.22443940859495,253.15793041283257,248.31541878270963
2003-12-04,255.97460952368334,252.4275602197392,248.42492278726996
2003-12-05,256.6609483038433,252.80099190009608,248.27728962706183
2003-12-06,254.89287716716777,250.1074489181801,244.8622635233257
2003-12-07,254.96552570154824,250.95525865506036,245.01141460458908
2003-12-08,258.6657136307429,255.07576519368746,250.92124951524903
2003-12-09,258.89683408249357,255.7771348009529,252.19528527191537
2003-12-10,257.1475005626977,252.1837741306685,245.74058318855083
2003-12-11,253.83344083217145,250.31254414535508,245.63671735309026
2003-12-12,255.7510442396876,252.3756887068434,247.03093667298495
2003-12-13,258.2010007678118,256.22310417934597,252.94586229749356
2003-12-14,257.00377167471794,254.84951775599728,252.27113282386986
2003-12-15,255.99311700268098,253.28537463455942,249.4609621483242
2003-12-16,252.73517268824875,248.44544142926594,242.213581439921
2003-12-17,247.2993314691002,243.77170781386408,239.74159174508708
2003-12-18,246.48981694614588,243.49104350276994,239.5625018591628
2003-12-19,247.96197546836842,244.47039805179327,240.7857104924695
2003-12-20,246.81959020299462,243.64142063552814,240.11070440997636
2003-12-21,246.91057744217915,244.0366685117905,241.12366573790683
2003-12-22,250.99193185902396,247.63422998325308,242.63233304742374
2003-12-23,253.42493638016614,250.08527435584966,245.6401826604547
2003-12-24,250.64941300859604,246.90197978335758,241.78527651389388
2003-12-25,249.62538927295446,246.57935622199008,241.4148887168528
2003-12-26,251.49356835360578,248.5735348432522,245.03458317082828
2003-12-27,250.53078191454205,247.29994310485986,242.4085038211438
2003-12-28,245.951128772866,242.60091548619673,238.98836121418842
2003-12-29,254.05899296714873,250.10131645289397,241.53857379243632
2003-12-30,256.19094467255195,253.50818779703457,250.5754759740913
2003-12-31,256.1462065083181,253.77957548034328,251.2967379979643
2004-01-01,254.75845863260818,252.2569541921697,248.83669051149937
2004-01-02,251.781511635605,248.9462837867202,245.4051099364358
2004-01-03,250.60326511125163,248.29470759692262,245.33076085455176
2004-01-04,249.0546351111499,246.64182406896322,243.69689768068844
2004-01-05,252.58094823943298,250.21080015326402,246.34313739950244
2004-01-06,251.2157926892292,248.3618631601896,244.50454062410066
2004-01-07,250.42966546786428,247.77452123810062,244.0225427395356
2004-01-08,251.73377270140108,249.37911492023198,245.7060991826712
2004-01-09,251.99027935419096,248.61492905222445,245.13355661568323
2004-01-10,251.84268050447224,249.21058458085705,245.7736295411344
2004-01-11,253.32379074830882,248.9159564748397,243.78063267742277
2004-01-12,256.12280611289015,252.4989769241354,245.12568680810062
2004-01-13,255.11147074110266,250.85086403731958,244.56057501781655
2004-01-14,250.27769186532163,246.825747738344,242.90181217646696
2004-01-15,254.25001929354147,250.18621730315851,245.29689956001644
2004-01-16,258.19829408172865,255.58290219291214,252.53256134650348
2004-01-17,257.7154631518516,255.6287145102272,252.0009122652186
2004-01-18,254.77659681391813,250.44124448171493,243.66874972871562
2004-01-19,249.99020448614013,247.0219354100961,243.14951806441468
2004-01-20,252.36844462296412,249.69070492918064,246.31271942865447
2004-01-21,256.66809731648016,254.05003131955166,250.5472907969455
2004-01-22,255.21774843568133,253.09112739648523,250.79153782493714
2004-01-23,255.46487382021206,252.91492135068134,249.55785498304672
2004-01-24,251.77953310228452,247.8615110918072,242.44255967311554
2004-01-25,247.49645859101983,245.21974734090801,242.4137495492985
2004-01-26,249.7500999917486,246.10383966691964,240.96802036886154
2004-01-27,246.67384610700725,243.43830397666372,239.67719521233542
2004-01-28,250.90289696172348,247.8429244342274,241.34949881887277
2004-01-29,253.07427603262008,250.93538012891926,248.4207446882999
2004-01-30,253.17259727264454,251.1369754663147,248.78502269426124
2004-01-31,252.74546323178023,250.10921526692923,246.22310668698233
2004-02-01,249.359186430313,246.2096076915324,242.17670681856703
2004-02-02,245.61200269117487,242.25209458898505,238.40662464122988
2004-02-03,243.86731502516986,240.82325618870476,238.09074178070955
2004-02-04,250.3333995129225,246.28850066914762,240.70688171502493
2004-02-05,247.6539554652808,244.20284669448304,240.20653753295247
2004-02-06,245.9859101177659,242.12851926829478,238.40339664505427
2004-02-07,248.24431039084214,243.1329452688063,238.37260244001465
2004-02-08,255.99231722741357,253.21387518385333,246.95325810254548
2004-02-09,257.2854753868331,254.7917571546196,250.82584023977634
2004-02-10,255.1118760536317,249.98782006268755,243.3122181229263
2004-02-11,249.94533432781333,245.7621786653546,240.5954916405879
2004-02-12,245.28118551610305,241.25108523217713,236.8888145031327
2004-02-13,245.54458684949395,240.98154668276504,235.968756924436
2004-02-14,247.89681156825506,244.1262353076911,240.20311979397556
2004-02-15,248.69082627627927,245.07624549830214,241.5763260532955
2004-02-16,252.1637334297999,247.77696457244778,242.62840780091074
2004-02-17,258.26143035484154,255.61694797305023,250.21678697219633
2004-02-18,257.09901578063943,254.2874270134323,250.65578284641686
2004-02-19,253.20757149404977,250.2918999118653,246.75049814191036
2004-02-20,252.6932907768023,249.30849181198363,245.74889308305967
2004-02-21,255.75367695147457,252.65080138073853,247.41757585349353
2004-02-22,254.67590916264896,250.06023920446782,244.25072422537826
2004-02-23,251.99459095386266,247.96101118972123,243.23494910175987
2004-02-24,251.4171524278299,247.63390244038504,244.48368605183555
2004-02-25,253.5730069050599,249.21493397083375,244.5044050514558
2004-02-26,257.4717001194564,254.3877254318096,249.8317446973504
2004-02-27,259.0673649334994,256.21083649496126,252.3262832826261
2004-02-28,257.3458984649134,254.85221246692348,251.59794749367677
2004-02-29,257.3830235902412,254.01461759094508,249.35448303721122
2004-03-01,254.5183223874874,249.95735840070896,244.15359670892678
2004-03-02,252.7953977792871,248.65095476528504,243.3521433803321
2004-03-03,251.1310804459761,247.05460762849265,242.49492172085817
2004-03-04,251.53012117381803,247.29026504141288,242.96026484486697
2004-03-05,253.0354230197498,249.1068595899239,244.80993182511713
2004-03-06,253.42445947855342,248.7865775369543,244.2072045157479
2004-03-07,256.1607732589321,251.12486753975946,245.3103866821509
2004-03-08,259.8064338042845,254.44390351825464,249.41552704705978
2004-03-09,260.73917204401977,256.50540338227677,250.99033287258388
2004-03-10,262.8026817177681,259.0355561343003,254.25693459357925
2004-03-11,262.02040393795306,258.5992061189729,254.07916128311447
2004-03-12,261.64774924480173,257.49599950574816,252.22842750570555
2004-03-13,260.6508330919881,257.29577309414753,251.83530827696129
2004-03-14,262.4871151206753,259.47932061571817,255.1680733025509
2004-03-15,264.1476204689616,260.55515199083084,255.74078058815218
2004-03-16,264.65660334897757,261.09939170407114,256.9518480434219
2004-03-17,264.37300441417864,261.1392013848507,257.26259844411766
2004-03-18,264.71797477441066,261.79757894145104,257.56801814482884
2004-03-19,263.15872966822195,259.76806867108127,254.83299773920913
2004-03-20,263.49730949446797,260.53915471766817,254.66136558307434
2004-03-21,263.95785718538815,261.850847302006,259.39431824687426
2004-03-22,264.98957310488026,262.5345179046552,259.8419109728746
2004-03-23,262.5933392571623,260.42373591260076,257.17117775026423
2004-03-24,261.25749435380055,257.24546299749267,251.66703197874932
2004-03-25,258.36464348585025,254.01890736841085,249.27436631512853
2004-03-26,257.7059038085099,253.1569092188024,247.94516308618984
2004-03-27,257.52303313675174,252.33439788086426,245.8361079134701
2004-03-28,257.19782381105705,252.71232523535684,246.64219406885894
2004-03-29,257.12051856907294,251.84873032215344,246.1432298134425
2004-03-30,255.63915575134897,250.22552564426013,244.81368622541797
2004-03-31,256.5911129447403,250.73319807809267,245.60916249491697
2004-04-01,258.7424996802166,253.97915351583563,246.16360929017537
2004-04-02,261.87735015599486,258.0509472385413,252.26566019977045
2004-04-03,263.42969777919205,258.8079875128727,252.14504405987566
2004-04-04,262.689814007395,257.2684271206382,250.36083248348925
2004-04-05,261.7254145431705,255.9382548456315,249.2182570803541
2004-04-06,261.3431417423359,255.4801230176794,248.5414226391737
2004-04-07,263.0400733344186,258.91510063211405,250.4394952683417
2004-04-08,264.9409453151801,261.8600375162843,257.4481965973724
2004-04-09,264.76450142465404,261.8752561349361,258.102909386385
2004-04-10,264.56729633590356,261.87627460059423,258.03510606933327
2004-04-11,264.95980335505004,262.44953164030727,258.5279629897095
2004-04-12,265.8958987531147,263.1297607290327,259.32834996824806
2004-04-13,264.1202835144133,261.52779173314843,257.9752282827564
2004-04-14,261.98179429417024,257.5411971527582,250.40107893249112
2004-04-15,259.5668484266513,254.38694314078887,248.23092619529007
2004-04-16,263.25038960565956,259.336349048538,248.9472592832675
2004-04-17,266.57025181142075,262.9240431623495,257.0351849209716
2004-04-18,264.7967862928515,260.8935409323459,255.1597870881764
2004-04-19,265.1123797188582,261.59124195760586,256.40910029387237
2004-04-20,266.71077615080367,263.4866079629648,258.2424188686269
2004-04-21,266.20966439926565,262.7260510941828,257.78272706729217
2004-04-22,266.2748448895892,263.5378974087588,257.96974909756506
2004-04-23,266.3524048139831,262.97082479770165,257.2893193786006
2004-04-24,262.86474473729123,258.14217408137966,252.48135167417504
2004-04-25,262.0330745655497,256.0371683374612,250.05567630698215
2004-04-26,262.7400935555038,257.56522471786445,250.50988088711648
2004-04-27,266.8866631634981,263.06553395951045,256.73602180546567
2004-04-28,266.0320256279929,263.5683392491314,258.1927939348846
2004-04-29,267.2759999264553,265.05107770624494,262.66619139877935
2004-04-30,266.33580950535867,264.2469586502102,261.93698050914554
2004-05-01,264.55653352663586,261.9724055077689,258.33157316730734
2004-05-02,262.2231577682831,259.497972426922,254.207972484196
2004-05-03,261.17271667440025,257.9116700658984,252.47903142173908
2004-05-04,262.1289091747961,256.64671293428125,250.28837532205154
2004-05-05,260.7505863133475,254.979832009433,248.8368231926565
2004-05-06,260.9081713967141,254.54734046521207,248.74844696718122
2004-05-07,263.4398456261699,258.68386456900674,250.47821748948138
2004-05-08,267.15717310170123,264.31681321991334,259.74173695380756
2004-05-09,267.7458764504693,264.0650781006148,257.80575589504474
2004-05-10,266.75896251471295,261.6890493569672,255.51319306095408
2004-05-11,266.46275903812284,260.75709398346265,254.7528465150205
2004-05-12,266.2113266826545,260.86099441052687,254.04918576756313
2004-05-13,264.84278240030835,259.68072880946596,253.02180677512362
2004-05-14,264.4688210634096,258.9274592280739,252.74994149148407
2004-05-15,264.8594990569182,259.47357373576665,253.30471455707064
2004-05-16,266.40997020838176,261.9333727211002,255.47990512987485
2004-05-17,268.46776361153826,264.4867116399186,258.9394878454123
2004-05-18,269.333127309706,264.81066625976615,259.2302616107524
2004-05-19,269.3383348672041,264.72792485659204,258.7758405418348
2004-05-20,268.9454782151872,265.5174650054658,259.2805210684442
2004-05-21,269.1813394635577,265.3209263794698,260.18840962136085
2004-05-22,268.80276707166394,265.43535494017743,259.9831883675539
2004-05-23,269.0531856926167,267.04204847039506,264.0778067335382
2004-05-24,268.71071301261384,265.52090146186526,261.0539094493508
2004-05-25,266.9679693864325,263.66946833297214,259.09393546124517
2004-05-26,268.12924399819786,265.38745395608925,259.7313007738887
2004-05-27,269.5981562853588,267.14678411362394,262.76768957544533
2004-05-28,267.7677214457231,264.7284955933015,258.92310233008135
2004-05-29,265.97515488135167,261.987038787708,257.3727904722236
2004-05-30,265.29644366802626,261.7049678618881,257.3040624593069
2004-05-31,268.26353853659083,265.2806918042374,259.7044871749483
2004-06-01,270.54985203596357,267.75823468355225,263.19596872826713
2004-06-02,269.94062380204394,266.7974797524141,261.76044339905235
2004-06-03,268.22079102166384,264.70104225411416,260.1214973975756
2004-06-04,268.5731802090405,264.8240703073184,260.30750411537156
2004-06-05,268.6357534583786,264.86975514231017,260.0504706869548
2004-06-06,268.8333661442322,265.09196687108846,260.181371115528
2004-06-07,268.83048659548183,265.4845393235691,260.72470241971854
2004-06-08,268.7770295190798,265.553176830866,260.7792861544567
2004-06-09,268.46469016015976,265.65108758854353,261.025381203886
2004-06-10,269.10961799175897,265.8124667796926,261.38489335422895
2004-06-11,268.6116807100719,265.64699346894383,261.19458756387354
2004-06-12,269.5135857609954,266.4794046738004,262.11785860630664
2004-06-13,271.3194516349899,267.1712324344304,261.99467560253686
2004-06-14,271.19869080265016,267.5207087210138,262.1062216218386
2004-06-15,271.9868628875759,268.9523626415241,263.8729344663264
2004-06-16,273.1649346817527,269.59234913853004,265.0580937477987
2004-06-17,272.7113402672419,269.7764002914389,265.6005756914656
2004-06-18,273.9102005373902,270.958871917508,266.7045220019016
2004-06-19,274.8079487704305,272.1345491389013,268.51122024820387
2004-06-20,275.20657537770865,272.87205019150684,269.1749544123611
2004-06-21,274.90315501606943,272.6305271596605,269.9120179548966
2004-06-22,274.6546888268121,272.30483061912366,269.29464088010184
2004-06-23,273.9411165055633,271.48497530564634,268.5790895316633
2004-06-24,274.2594215502576,271.8553072925994,268.7129934456804
2004-06-25,273.3103693872076,270.53093989860326,266.75904518828537
2004-06-26,272.2268921989183,269.05633420626174,265.01347273104716
2004-06-27,270.74489394187395,267.4101691926679,263.56987688241026
2004-06-28,269.4900803183203,266.2868373929222,262.7669544035104
2004-06-29,269.69157938127495,266.4482481666184,263.0950848603228
2004-06-30,270.54739734790644,267.14305744350395,263.43070555374015
2004-07-01,272.1399625236837,268.92542384002286,264.741348298932
2004-07-02,274.29153252598155,271.4739402194942,267.45174600348895
2004-07-03,275.55320515867623,272.88343112537063,269.4250465807684
2004-07-04,276.22257173497167,273.68362918990397,270.6608725182036
2004-07-05,276.36823036217623,273.50573311318436,269.89445688484113
2004-07-06,274.71175212161535,271.47465710805454,267.96715638368045
2004-07-07,273.1317968559084,269.8806036298548,266.3681147564528
2004-07-08,273.7284507070829,270.4986254137624,266.45059373995366
2004-07-09,275.53396064715196,272.9590628979996,269.5545582032229
2004-07-10,274.4124901823615,271.91734089293726,268.8156433689303
2004-07-11,273.4342938960355,270.68998486429257,267.90915324226825
2004-07-12,274.1811617062929,271.5281887767687,268.29655001545456
2004-07-13,274.6349307704913,272.1754749096697,269.17333859522296
2004-07-14,275.36565752100347,272.9796631055162,269.84891982390656
2004-07-15,275.9903002820469,273.4092187932175,270.0426876933354
2004-07-16,275.59364753262554,273.0872544402666,270.4662376610163
2004-07-17,274.8752441060009,271.9439344342359,268.8692060219746
2004-07-18,273.4502303320459,270.6796624024893,267.6829277683268
2004-07-19,272.6269046796998,269.95457175948445,266.5004967868427
2004-07-20,273.67482094579464,270.60186985254586,266.7688001571402
2004-07-21,274.06678348952374,271.15372747377796,267.12918843947773
2004-07-22,274.5749482608007,271.5370779115461,268.1160673474926
2004-07-23,273.77466693273885,270.7233393681143,267.1525836874521
2004-07-24,273.3423086330392,269.8934882070818,266.64652550909926
2004-07-25,273.46216930013213,270.51695324825624,267.238646750791
2004-07-26,275.25354393907884,272.464129970589,269.143474645981
2004-07-27,276.1069641195237,273.71496078969136,271.0375152652703
2004-07-28,276.9532898941017,274.78738060492896,272.26572080801185
2004-07-29,276.8583786897505,274.5512535706071,272.0648863220763
2004-07-30,276.80802961363673,274.44870404357727,271.96798186843216
2004-07-31,276.1995743215969,273.9454686127116,271.61722538084615
2004-08-01,276.7507535996167,274.4848233940738,272.14588620577683
2004-08-02,276.43978133332496,274.331600164942,272.4400308164398
2004-08-03,276.08587059137955,274.21820352102475,272.01961184290684
2004-08-04,276.072709864159,273.55505444614647,270.5437145816515
2004-08-05,275.6040727210254,272.28923689230487,269.0305639468949
2004-08-06,275.44415264191923,272.5263744031281,269.469868294209
2004-08-07,275.7856287019003,273.2846066859506,270.1309709657829
2004-08-08,276.94439634002816,274.510021177032,272.02763455913004
2004-08-09,276.57439144221706,273.94265991472156,271.45233589561406
2004-08-10,274.53945021582024,272.05748212478665,269.3607930861476
2004-08-11,275.62155890329296,272.75420489932816,269.46007206118026
2004-08-12,273.61346663312537,270.5926555997614,267.3117284875483
2004-08-13,272.86740126439946,269.22481152974734,265.9753530047087
2004-08-14,271.78530052402596,268.1938390827783,264.95906265498706
2004-08-15,273.06376809719006,269.67101149718195,265.970166250819
2004-08-16,275.4260387944241,271.79554389451596,267.5791762584461
2004-08-17,276.8565794744007,274.3970812993239,271.0369704813954
2004-08-18,277.2463283895111,274.72502779180303,272.3001608236051
2004-08-19,276.350172734074,273.9299072791037,271.49217818414843
2004-08-20,275.56870236527465,272.6427934140655,269.26278080139497
2004-08-21,274.20649569592473,271.3372694735427,267.8762729134045
2004-08-22,274.36672005841103,271.4639844288818,267.86510737539123
2004-08-23,273.95629347962,271.0913158612292,267.9462457042771
2004-08-24,273.7955435211626,271.21504980087013,268.2236461409611
2004-08-25,275.63584129944115,273.15209207730805,269.8583476513102
2004-08-26,275.9207946831026,273.1358633534597,270.34944870279236
2004-08-27,274.1515010852665,271.650040817629,268.7297545217103
2004-08-28,273.6793679638455,271.23484116685273,268.0222161352242
2004-08-29,273.6310168601568,270.7932727853178,267.1324450738811
2004-08-30,273.6268153246977,270.3962762989366,266.80714187614154
2004-08-31,271.86589396892595,269.09716582143415,265.75872120952357
2004-09-01,271.8150105098961,269.0008441751167,265.3416028371848
2004-09-02,271.7704615481279,268.7965558505826,264.7853327096776
2004-09-03,270.27070641089176,266.88682900668675,263.03371078208426
2004-09-04,270.3672044637796,267.24822822435664,263.00504920790894
2004-09-05,271.41070591335915,268.1629754709059,264.2979716858682
2004-09-06,271.1259604049564,267.8566851297242,264.0775266702516
2004-09-07,270.52540560604626,267.23359803176334,264.0049320914419
2004-09-08,270.59365607133867,267.51940466037314,264.2026744941082
2004-09-09,271.2311983918525,267.63974527467946,264.056974751338
2004-09-10,270.6055186250666,267.1034805509143,263.8798595257093
2004-09-11,269.70648706469376,266.0959589577795,262.77919359097586
2004-09-12,269.67142049424245,265.40209797979094,261.3649269194945
2004-09-13,269.4212384779785,266.0081111227311,262.6266447035221
2004-09-14,271.1844540860278,267.91180009790327,264.24273255951204
2004-09-15,273.7173427840561,270.75393341092627,266.77954413421696
2004-09-16,273.83568026414537,271.4554483703233,268.7140184496834
2004-09-17,272.2898950027962,269.70849264537316,267.1218966742351
2004-09-18,270.1639237337634,266.62740433930907,262.3469094836541
2004-09-19,267.9281261804597,264.5712956200488,260.9820399221556
2004-09-20,268.826665607461,265.7654571102374,261.4438572149948
2004-09-21,270.6971663010673,268.3085598919105,265.1113632213125
2004-09-22,269.6979356828912,267.1293857837821,263.78327506325485
2004-09-23,267.8737412058417,264.2487696557058,259.2139785712919
2004-09-24,266.54237409553224,262.6377522257891,258.3241212801549
2004-09-25,266.69741641568237,263.5910304581878,259.430184878757
2004-09-26,266.7858938136892,262.8633970350872,258.7571882288891
2004-09-27,266.9631145093444,263.26867803663436,258.5245164483334
2004-09-28,268.1215310163775,264.94012778059493,261.12153326862096
2004-09-29,268.23432419726913,264.9723419001924,261.47325813784926
2004-09-30,267.84286702902034,265.2112297723206,261.42653839117645
2004-10-01,270.9354898833931,268.1677328297941,263.84433995543316
2004-10-02,271.748119912008,270.02812536859295,267.482246474226
2004-10-03,269.86455650568473,266.523570451519,259.97602994523197
2004-10-04,265.8441705106417,260.2666185946215,253.654118431912
2004-10-05,261.731511053796,256.47226986658137,249.64871503720997
2004-10-06,260.9293564149987,255.52840009213426,248.77323977709204
2004-10-07,263.74426455902403,259.26466177656613,252.2517159960285
2004-10-08,265.6626168373862,262.46898261809054,256.84899871223627
2004-10-09,265.4042422167262,262.1869332646438,257.4882865230914
2004-10-10,265.7638764053518,262.97079996481386,257.12065958939513
2004-10-11,265.30293248260506,262.4890303743278,258.9715435307981
2004-10-12,264.20185447729665,260.50944441541463,255.27519919036592
2004-10-13,261.1060497092789,256.76487333723946,249.79084981436174
2004-10-14,258.90929436570985,253.3542991455187,247.22760250038763
2004-10-15,256.9415054585197,252.13224044921878,246.68333229935638
2004-10-16,258.4480846429823,254.32584549983224,247.5245360387904
2004-10-17,261.8831578606375,257.40710843801213,251.52864075838588
2004-10-18,262.1137646512015,258.46140568537237,252.05160481619046
2004-10-19,262.79335191009307,259.41686327089064,254.84951985917186
2004-10-20,261.9158630837257,258.3824127625194,253.50225274205192
2004-10-21,260.6901655196531,255.98829003445056,248.64846370737595
2004-10-22,256.6705863204032,251.81152139780514,245.7807798351926
2004-10-23,254.5975841889262,249.60818504078983,244.24426003386097
2004-10-24,253.3193959928496,248.68035836090087,243.79927597677084
2004-10-25,256.1804999670028,251.69942946628927,244.9110084979513
2004-10-26,260.654092546038,257.2794838129414,250.466648458966
2004-10-27,259.92968752225516,256.02224401695264,250.8261351748615
2004-10-28,258.12958677456373,253.7849715173411,247.23992995575588
2004-10-29,254.77096106762482,250.1758544429465,244.68183159249352
2004-10-30,252.9648816932517,248.57324746751505,243.58321758594377
2004-10-31,251.98968985465794,247.18692890906652,242.61821616868207
2004-11-01,252.04164202354278,247.29471746511686,242.4182994837248
2004-11-02,251.794853995069,246.84523568210147,241.93866793070566
2004-11-03,252.06670412213685,246.67460799455844,241.30322602796076
2004-11-04,253.544268080366,247.7469966404518,241.60661598938967
2004-11-05,254.14829090196406,248.66629017053148,242.94699546643386
2004-11-06,255.01285949235765,249.87782810864888,244.1301812100473
2004-11-07,255.2272379365086,250.04142387694287,244.83643098287544
2004-11-08,255.44163155279531,250.44875822073243,245.10664257232776
2004-11-09,256.457006535097,251.57400381878307,246.48419339858316
2004-11-10,258.6690995922235,254.8713024935874,248.53608067195682
2004-11-11,260.3036722437258,256.9806861183584,252.32131772847146
2004-11-12,260.64077378524223,257.61482730577325,252.93457012231312
2004-11-13,260.77948832331805,256.88202721453456,251.19617278497543
2004-11-14,257.5189868455218,252.06612599525752,245.5834289243037
2004-11-15,254.971575984343,250.01928096846873,244.70819462885083
2004-11-16,254.78001794787667,250.56254622987026,245.57781570521863
2004-11-17,258.5503782814432,254.34431585151626,249.04804347303346
2004-11-18,257.9948756178384,253.0062874036268,247.3331157655209
2004-11-19,256.2897206283322,251.5984168562763,245.89179012760053
2004-11-20,258.28622557440076,254.56416852736476,248.08941618138937
2004-11-21,262.06765380034716,259.251383916735,255.18504831109897
2004-11-22,262.7285758729426,260.15653324188156,256.93844565045026
2004-11-23,259.7468557341573,254.65412835041656,247.85052867830072
2004-11-24,253.74577245817855,249.56659845133393,244.92764932598934
2004-11-25,254.0916875235279,250.42929412196386,245.65903713778766
2004-11-26,255.40965825361494,250.91073683098247,245.0724875714976
2004-11-27,253.9185608320379,248.26434719864218,242.51273943865047
2004-11-28,252.11997970516614,248.13423408777942,243.23566843058603
2004-11-29,258.1892091174945,255.0252203284023,248.49454628109854
2004-11-30,258.4530112899801,255.5166776179315,250.5436450819549
2004-12-01,255.24672533498074,251.09724935794952,244.86044993809185
2004-12-02,250.97465376062317,247.8114018894741,243.87186546504455
2004-12-03,252.96532202784584,249.3849894810268,245.48335315789703
2004-12-04,256.5020234415719,252.81212001089548,248.42618954450495
2004-12-05,252.7170461763865,247.90586582490297,242.10583889745735
2004-12-06,248.2001026554859,244.4221157371503,240.51372224758285
2004-12-07,250.46500688542707,246.28938872753398,241.17195211085803
2004-12-08,254.47892076068783,249.53485521998834,244.01078647981504
2004-12-09,251.4452035957812,247.52960845245377,243.34085217582256
2004-12-10,252.59637601374052,248.419366771034,244.6318097248984
2004-12-11,258.1430949419216,254.89122940949886,248.93511197789508
2004-12-12,258.9667139830454,254.67360774323635,249.42951148765056
2004-12-13,256.63750401045917,253.33715502950776,249.20923211710914
2004-12-14,257.06293272117665,254.02736128617946,250.54419650699614
2004-12-15,258.2534508157515,253.9950173943469,248.19070559847816
2004-12-16,255.5577941374384,251.85942523135876,247.5350642006518
2004-12-17,258.5633867631394,254.3818746645856,249.6684043318001
2004-12-18,257.6831088256867,254.54838821960186,250.40965608204783
2004-12-19,258.16818693674384,256.1000851528904,252.92991023649353
2004-12-20,255.92908578425505,253.08798485818653,250.07670183181244
2004-12-21,254.3309488285277,251.86302296530448,249.33970968302347
2004-12-22,254.65217302540339,252.6532546961969,249.6896265104841
2004-12-23,254.64815180155617,252.11071242632704,248.60918531599566
2004-12-24,252.63775617243166,249.95305798260515,246.5634772449399
2004-12-25,249.89506595971883,245.88628359029323,240.30589928294785
2004-12-26,243.81082346939544,239.94748613941314,235.4767071634224
2004-12-27,253.18664844294688,245.54657962029887,235.3194224907879
2004-12-28,259.3529679309533,256.6205418557878,251.69260396475389
2004-12-29,258.7251125242516,256.21326075834395,253.40062379455696
2004-12-30,258.77307299277516,256.8366863882139,253.9922920218367
2004-12-31,260.38278460966296,258.45022153998195,256.0015422911099
2005-01-01,258.67011928445066,256.62371425548747,254.64210092782463
2005-01-02,256.81629593278143,254.91071297360847,252.2884756719934
2005-01-03,254.28574812561044,251.06677057331578,245.88451586136048
2005-01-04,253.24848178451037,250.69690454204797,245.61123936559608
2005-01-05,254.8468164381086,252.40176489164662,249.34830389823887
2005-01-06,253.07515050860863,249.51684954701065,244.39804478849243
2005-01-07,248.6105397677529,246.01653222816225,242.7829445788518
2005-01-08,251.28519268517718,248.2018517532606,244.01859189271096
2005-01-09,251.39201343754962,247.9993678509031,243.72091837920337
2005-01-10,248.38421619295508,244.59626020200648,239.4363384712518
2005-01-11,243.25878260768548,239.99374244260136,236.89488065283354
2005-01-12,251.49558331932172,247.51576822036037,239.91736636237903
2005-01-13,254.88194841372925,252.16922270115825,248.01711878084785
2005-01-14,253.2826461899134,249.8918645825176,244.98367234886493
2005-01-15,248.89219158548903,245.63898903768956,241.8324911379834
2005-01-16,247.1143010527531,244.07726164169202,240.75653094777024
2005-01-17,247.95031570864853,244.93294314728132,241.03562493361244
2005-01-18,246.9635353828036,243.49014963346278,239.6093200166152
2005-01-19,245.04100505528316,241.4773656214518,237.90300944464423
2005-01-20,244.77663915598086,241.07889880193468,237.27178652602325
2005-01-21,251.98589596739166,249.22172485097616,243.55334731109699
2005-01-22,252.2678939155729,249.4753311572716,245.2077148562761
2005-01-23,249.45308091035304,246.80332646324106,243.60980292379685
2005-01-24,254.3675655040311,251.65336038364424,246.9986963953717
2005-01-25,252.287006650409,248.6808766153806,243.60511939769245
2005-01-26,250.0649897803475,247.12420672299922,242.67725021688545
2005-01-27,251.7314542522256,249.43259957018074,246.547259391064
2005-01-28,251.31430188980872,248.26997515315804,244.02664697992307
2005-01-29,247.5577200141203,244.24049738855152,240.06279565568275
2005-01-30,246.7073673002745,244.0399130506362,239.66922287294298
2005-01-31,248.0038147630171,245.04203190620296,241.33808884132614
2005-02-01,246.55538531969475,243.11643330526726,239.27399786461686
2005-02-02,248.6819854985348,244.9405660200154,239.90236424695613
2005-02-03,253.7614990061594,250.91808672489955,247.2919457643693
2005-02-04,254.81646585095376,251.98657045746756,248.88365765795245
2005-02-05,253.58958876488532,251.39328990949357,249.08012807506606
2005-02-06,255.03462633566846,253.27222389128795,250.20848941803428
2005-02-07,255.79896662879432,253.94343111418928,252.1209615144798
2005-02-08,255.72027999689126,254.09239196362546,251.68466948726027
2005-02-09,257.51292417640354,255.0384442547549,252.21367247175598
2005-02-10,257.7595817911142,255.86440319888814,252.65733429431907
2005-02-11,258.01625942970173,256.4544164011705,254.61016060354024
2005-02-12,257.57576527920725,255.69252375245574,252.61220405019108
2005-02-13,254.4531120991304,252.08175620382252,249.15615198508266
2005-02-14,254.41173819980366,251.93570475500164,248.66615883455805
2005-02-15,254.8686243308195,252.5877233981795,249.18481373933187
2005-02-16,253.2785362757221,251.1270339658218,248.16130928736575
2005-02-17,253.36440243231363,251.1578995251593,248.03582348350824
2005-02-18,253.56435826920105,251.88654074252057,249.77440309052963
2005-02-19,254.83032091439182,253.15644580412734,251.0981593606805
2005-02-20,254.42921629598786,251.94794127633145,247.55733859352873
2005-02-21,250.54937354834465,247.33259109629267,243.16814855762942
2005-02-22,246.97107602744228,243.90066468586568,240.9598048077489
2005-02-23,254.37104565263041,250.95443123344268,242.7118000697376
2005-02-24,257.6289205015013,254.53086279313692,251.0982340165895
2005-02-25,254.8234269505912,251.92177883766652,248.59401092944339
2005-02-26,253.57937148670612,250.39857244125415,247.17429353325423
2005-02-27,257.1286797804064,254.25261223235282,248.74653859558427
2005-02-28,258.29046149346954,255.1076205559074,251.13074285642412
2005-03-01,257.60336009723807,253.64816422582396,248.22254477805077
2005-03-02,256.8444793860643,253.76697848156834,248.0662704994235
2005-03-03,260.3785580809942,256.32617979215934,251.11624131233464
2005-03-04,258.85473504320703,255.27852605000098,250.62263280639056
2005-03-05,260.48960995065687,256.5272276201062,251.20552102397843
2005-03-06,257.98717990411967,253.55605204108863,247.94958554525755
2005-03-07,258.3222101735725,254.7896131354901,248.2221208485555
2005-03-08,259.29370582181207,255.27763128183602,250.06265108109426
2005-03-09,258.9192777792228,255.82346574125413,250.09313533996448
2005-03-10,261.10565853723705,257.8876534193663,252.43095207645743
2005-03-11,259.0312879731012,253.88337549260703,247.01721499194036
2005-03-12,256.7467406555363,251.0018816011223,245.03932494082613
2005-03-13,257.68790869905166,251.93938181848412,246.74365391930516
2005-03-14,260.8838193476733,256.4566487027257,248.82592665471927
2005-03-15,263.89432616562834,260.71861813019484,256.2421356458463
2005-03-16,265.01210568165163,262.11677334172333,258.4155585085424
2005-03-17,265.55374597219634,263.128872819361,259.8214924524823
2005-03-18,265.72951160784527,263.1931653232781,260.01102152928655
2005-03-19,263.4268334873511,261.4990155597109,259.3113200021043
2005-03-20,261.9365995765967,259.9106529728924,257.16011032596447
2005-03-21,262.99457213080734,261.1182259174982,257.98127411425963
2005-03-22,261.8350031975706,259.6679015582919,256.0797113001935
2005-03-23,260.16158350241324,257.60462275563333,253.55292703195803
2005-03-24,259.21549516581234,255.12474883134945,250.3442695906282
2005-03-25,258.5431191281658,255.44120308758505,249.95101381785327
2005-03-26,260.0634454903006,256.2082729411781,251.94333357461434
2005-03-27,260.83552765054066,257.55577894737206,253.18804671702168
2005-03-28,258.3999707098062,255.3935841728095,251.23185378587627
2005-03-29,257.4821658123722,253.9931086299105,249.61539128452108
2005-03-30,256.9303628760204,253.4964937224076,247.6216523339872
2005-03-31,255.47642312429275,250.07793183800396,243.70600479299728
2005-04-01,255.22633913403627,249.95570548518194,244.45235864353543
2005-04-02,255.8994645247062,250.6807299078273,245.32700082168745
2005-04-03,255.63554511263354,249.48959957292195,244.16549943130792
2005-04-04,259.5099572042193,254.2189106775359,243.94761539324531
2005-04-05,264.3760625028967,261.7776794434341,256.6845467220644
2005-04-06,264.3455148949726,262.3577430698325,259.9521640023777
2005-04-07,262.80132744018266,260.1594375867845,256.2978958296273
2005-04-08,259.567399791693,256.6020695564173,252.78940210600734
2005-04-09,256.5809554638298,254.302181921402,250.84007950570808
2005-04-10,255.94696813064283,253.55631937528062,249.94551281695388
2005-04-11,255.72995253412756,251.32055994227397,245.76579413731173
2005-04-12,257.3687872864736,253.62097828082588,246.33363445085325
2005-04-13,261.14505647875535,258.21228249481965,252.77891690413753
2005-04-14,263.141924691905,260.1538822347022,255.59198780771925
2005-04-15,261.46814679817277,257.94870917327705,253.30407522856052
2005-04-16,261.0058946656723,255.70481807110923,249.02863336853903
2005-04-17,258.5441949597115,252.90796849469905,246.26034200291303
2005-04-18,256.104251447608,250.19352857215486,243.89639911245692
2005-04-19,255.08108873791613,248.83779658367334,242.59636377286756
2005-04-20,259.6921996886853,253.675762110988,243.46549901827234
2005-04-21,261.66030593831965,256.4545836190036,249.92686323237677
2005-04-22,262.2334177587105,257.8876457920491,250.91319904447772
2005-04-23,264.0396447455124,259.57162082316825,253.9304689307432
2005-04-24,265.59804516370843,261.82405497104224,254.82595357299365
2005-04-25,267.1170475108376,264.29360616940363,259.56016388144724
2005-04-26,266.93824140949505,263.32990806692584,257.51968518916124
2005-04-27,263.12114006880756,260.30170853785563,255.32122371751746
2005-04-28,263.53538979959245,259.7980973224522,255.18134483634796
2005-04-29,263.6090171972121,259.362473672203,254.18565837266323
2005-04-30,263.63909337292944,259.6474749084484,254.2476248016222
2005-05-01,264.42645516516365,260.3992874363224,254.3547812964891
2005-05-02,264.65069366158224,260.3182678048789,254.4582176047031
2005-05-03,265.11125976890617,262.3007123235051,256.579437194168
2005-05-04,266.98068626471724,264.1811996139151,259.437348851763
2005-05-05,267.84129059275773,263.9615819369159,258.5220880941926
2005-05-06,267.3676110887828,263.78013256840836,258.2452610646485
2005-05-07,267.1991942232915,264.06262691841823,257.9660341920114
2005-05-08,267.80267159331186,265.29662925452146,261.14781635003754
2005-05-09,266.7122297086376,264.0478536403646,260.0817222710439
2005-05-10,265.5006953250844,262.9607136185062,259.23060415242054
2005-05-11,265.8298190477269,262.53042382546823,257.595036753893
2005-05-12,264.85937569104897,261.33993220816154,256.830323507874
2005-05-13,265.21115535276056,262.5961737971632,257.39982985880636
2005-05-14,264.6516912999824,261.50322028788133,257.47997978728756
2005-05-15,265.14010776747875,262.1551325028669,257.10335124660986
2005-05-16,266.99269258585747,264.19407406866287,259.3040979537003
2005-05-17,266.2920817556212,263.50686802337435,259.96471389796307
2005-05-18,266.67446704242184,263.8912436235004,259.99708563835657
2005-05-19,266.3982352566278,263.8496065837526,260.3757793883861
2005-05-20,265.71144341559005,263.2250411912536,260.09528189233185
2005-05-21,266.0638350651711,263.7520246896727,260.1570005439567
2005-05-22,267.2366396571375,264.9285638084768,260.47186038170366
2005-05-23,267.8387247755691,265.16791912289597,261.17442754199806
2005-05-24,266.16009590254663,263.63791806309746,259.63425221858597
2005-05-25,267.0687504042984,264.4502291786501,260.2210359455177
2005-05-26,267.2484492727327,264.70046261527625,260.40199962845355
2005-05-27,265.5017151710328,262.3075704441421,257.28746838909683
2005-05-28,265.83175301835774,262.8167893809549,257.3216525668356
2005-05-29,268.33184735904666,265.75392795471265,261.31414584723774
2005-05-30,269.57482142927336,266.80272971144734,262.2170333133736
2005-05-31,269.0230733811563,266.00822059487604,260.91479219688966
2005-06-01,268.42276723209466,264.60351170118366,258.6357177725578
2005-06-02,267.4149280016387,263.57815349034905,258.0303713045232
2005-06-03,268.22942877246953,264.50960456627837,259.19922402294105
2005-06-04,269.228404951317,265.991116633358,261.02531705502486
2005-06-05,270.42312134257173,266.6639266439978,261.4200199792776
2005-06-06,270.146102231856,266.7097919310489,261.782441116068
2005-06-07,269.5204500016117,266.56476378566316,261.9532498032674
2005-06-08,269.6212691946082,266.9025607163182,262.8471316487221
2005-06-09,269.1529203932123,265.9751727933968,260.88151894655755
2005-06-10,269.40516819453927,266.19857311971117,260.99029536838947
2005-06-11,269.75847762923394,266.4514489933406,261.5450650713628
2005-06-12,270.0217124870279,267.08045953161906,262.11553657850413
2005-06-13,270.7616491557928,267.98277400119554,263.3824062878142
2005-06-14,271.27061773776563,268.16897375969467,263.38568534837356
2005-06-15,271.60413755777773,268.39233701161083,263.13212871767195
2005-06-16,271.39111719111577,268.6599500619441,264.78478433236404
2005-06-17,272.11862497423726,268.76404706834177,264.1846965779776
2005-06-18,271.9642870392353,269.2702796306479,264.63151455808526
2005-06-19,273.09390658324486,269.64811451327927,264.53598088866585
2005-06-20,272.7592333518091,268.6575077995926,263.4663393715521
2005-06-21,272.41211653120126,268.78230578882847,263.1357988552737
2005-06-22,272.3989976904823,268.17874028823974,263.1641934656024
2005-06-23,272.42422941153586,268.5237797435525,263.250073735087
2005-06-24,273.23165866938285,268.5864906930954,262.74798439394914
2005-06-25,273.0667947484101,268.961290331202,262.90697792231305
2005-06-26,274.3386032822836,270.31652678248867,264.5704820397908
2005-06-27,274.10983634545687,270.4243138930709,265.3371652908309
2005-06-28,274.20473105786795,270.42716097898784,265.65183998872124
2005-06-29,274.7263971551865,271.3211245871081,266.64679396425333
2005-06-30,275.1528804353848,272.21892222315626,268.1443945223987
2005-07-01,274.43302286322233,271.98807263609234,268.4939274977401
2005-07-02,275.64614895791715,273.1310128420431,270.1150016140499
2005-07-03,274.8408678992708,272.25291927402264,269.02192547767237
2005-07-04,273.94226322123416,271.08045408945264,267.2047098031717
2005-07-05,275.1904188553784,272.7661877478559,268.07000765226206
2005-07-06,276.21279913809224,273.7535244947047,270.50089582305236
2005-07-07,275.74192035716925,273.51970553972404,270.6070865172026
2005-07-08,276.3441207056501,274.2763250942455,271.09721865975183
2005-07-09,277.0350659959802,274.8712103646528,271.85395366385455
2005-07-10,277.19172787118026,274.97521446774385,272.1410641171944
2005-07-11,277.99962635372697,275.8238235301979,272.60450484675425
2005-07-12,279.16740389709935,277.3156935795052,274.38390155237596
2005-07-13,279.30269174831477,277.2961357905334,275.3699871679075
2005-07-14,279.1860798250293,276.8031083265813,274.4791956054312
2005-07-15,277.656200129294,275.7164421836078,273.8257386500288
2005-07-16,277.05689774559175,275.1386125568142,273.3837313448442
2005-07-17,276.0795301886613,273.5869509836963,271.07188867291785
2005-07-18,274.2986220824006,271.7205433387401,268.8930520592602
2005-07-19,274.59278698919337,271.4398805957758,268.2644602479612
2005-07-20,275.25988717888663,272.57364398699985,269.2053753185691
2005-07-21,276.252848512491,273.62001005418597,270.6114208482165
2005-07-22,276.5725552184222,274.1060474403464,271.08292756944087
2005-07-23,276.8159394884447,274.04700398212003,271.0943227687596
2005-07-24,276.3178113706544,273.6062371923681,270.63423052573415
2005-07-25,275.81278444089406,273.2391341768796,270.52429303056516
2005-07-26,275.98546632262673,273.6851007625646,271.12127420405454
2005-07-27,276.6779679767724,274.22432648681036,271.695638407623
2005-07-28,277.03968542006527,274.73996097778695,272.1774484193395
2005-07-29,277.02622722337503,274.7406613567434,272.2430169364969
2005-07-30,277.54144929865265,275.21915408833155,272.63595852211085
2005-07-31,277.2967024062033,275.28852622951234,272.754877243846
2005-08-01,278.1998141633355,276.0467445498277,273.4057088060306
2005-08-02,277.91761093420484,275.8855232495608,273.56885844746944
2005-08-03,277.645657157739,275.00475335311097,272.1680163729735
2005-08-04,276.9782967115682,273.80563587481515,270.87578704360743
2005-08-05,276.41053327328456,273.41711130509657,269.623617494824
2005-08-06,274.49928423634265,271.56875446989955,268.71372673352806
2005-08-07,275.235765472689,272.77439612799856,269.6869010869465
2005-08-08,276.09018014952056,274.1462843883731,271.6682907968921
2005-08-09,275.6725039160477,273.1473837607083,270.192369261145
2005-08-10,274.65164495918236,272.24841269226454,269.33350347837137
2005-08-11,275.5972001684993,273.2108876804687,270.2235707729884
2005-08-12,276.87235621338607,274.1705845278726,270.73830204496176
2005-08-13,275.3254662285052,272.5967761601101,269.7614944526126
2005-08-14,274.98414087281674,271.9190460311302,268.8561399968322
2005-08-15,276.18663264844645,273.0222338072775,269.4899680917139
2005-08-16,277.91588890223153,275.5051480736177,272.47185554507587
2005-08-17,277.1671784500944,274.61034794624135,271.9332250526101
2005-08-18,274.6151169434968,271.8419855587685,268.6253928262436
2005-08-19,274.7989228269653,272.0551390597548,268.6851713112562
2005-08-20,273.9954009486986,271.3413958629081,268.16589084402534
2005-08-21,274.14794923596787,271.37113693961123,267.9393813673456
2005-08-22,274.2485976698566,271.3742095297629,267.8637980327489
2005-08-23,274.16809455596865,271.25573497304333,267.8113723599392
2005-08-24,273.42631255876006,269.94369583098955,266.4620112221584
2005-08-25,272.69744981986145,269.53471635470237,265.9912809963664
2005-08-26,272.3941701967785,269.59506645958936,265.81432272364253
2005-08-27,273.7947634782312,271.1668825283007,268.01646956340693
2005-08-28,271.9506804985036,268.578330687194,265.3727016256776
2005-08-29,270.81099778976164,268.0675472609903,265.0232122081069
2005-08-30,270.82544316750324,268.1881397476055,265.16670790626665
2005-08-31,270.81493824277084,267.48033118565513,263.72264509039917
2005-09-01,270.8793326454967,267.38625590267173,263.53462399564364
2005-09-02,272.0018766891003,269.0691097623725,265.1612568961097
2005-09-03,272.7582166818207,269.2018929786282,265.7065491865357
2005-09-04,271.71693371448004,267.9427542702102,264.2103361894784
2005-09-05,271.5176577788143,268.10134191328484,264.27559616624865
2005-09-06,272.6664054830264,268.6375822534325,264.79146439710433
2005-09-07,274.46853183013565,271.3614009592398,267.3424843746762
2005-09-08,275.62894161112314,273.0242454326352,269.83135645709706
2005-09-09,274.86081119781574,272.4105170769909,269.79798777408877
2005-09-10,274.4386245199271,271.72392622002104,268.63707553482334
2005-09-11,273.9762943520245,271.3627100191735,268.26195862869315
2005-09-12,273.0873186103714,270.50920159586707,266.9608419816855
2005-09-13,272.6161671490167,269.5240022314226,266.10798864687484
2005-09-14,271.7210223096521,269.186249408789,265.80226811652443
2005-09-15,271.32976435791204,268.83201127351435,266.3271449050002
2005-09-16,270.2667683657266,267.7041188470145,265.13897410662446
2005-09-17,271.4187056723768,268.8616954345724,265.59367256869245
2005-09-18,273.2012785900201,270.58685644818024,267.3868590087849
2005-09-19,270.92099425175223,268.15323857074907,265.14151951599206
2005-09-20,270.25915398848207,267.1331103050853,264.14423575243666
2005-09-21,271.28469222523427,268.46067124937935,265.07293866155965
2005-09-22,271.6051379260126,268.7732260589244,265.33543929166115
2005-09-23,271.6622215027728,268.79899487980595,265.54829891972486
2005-09-24,270.368422770489,267.59394461556633,264.54036013917187
2005-09-25,269.5812913819247,266.74129749062433,263.53180395780936
2005-09-26,269.0022450338609,266.5225422025366,263.50716363879764
2005-09-27,268.71378695132034,265.6702527936298,262.2628120516385
2005-09-28,267.9263319716991,264.88326327080586,261.00519711356964
2005-09-29,267.071732355198,264.0186866981373,260.32811086240775
2005-09-30,266.93578850507464,263.482387092758,259.48244449502715
2005-10-01,265.3974143982421,262.1071351754219,258.75223736202287
2005-10-02,265.33726431611854,262.5993401231957,259.6985728193831
2005-10-03,267.9839391549305,265.15045162848935,260.67087704690215
2005-10-04,268.8341068090322,265.9745933203877,262.3470670301643
2005-10-05,267.25535439166066,264.0876048321922,259.4660921020346
2005-10-06,266.2569872601343,262.1532931790106,257.9486815848807
2005-10-07,263.97499909964404,260.58062322531094,257.0541728911864
2005-10-08,264.01211445682924,260.66924855873947,256.91650205084636
2005-10-09,266.04094961186325,262.6511496694811,258.77094246340306
2005-10-10,265.45553604047547,261.5603141269596,257.41667975157026
2005-10-11,265.0428045619468,262.1894055988712,257.92235611884524
2005-10-12,265.7503975920071,262.7878766814911,258.8468087417597
2005-10-13,264.59894105243757,261.23916287989357,257.0164917288499
2005-10-14,263.3069712168083,260.5255973814049,256.9039674219074
2005-10-15,263.4520624922163,261.1052870754473,258.35137481369145
2005-10-16,263.9225418819688,261.1525509522423,256.4639397924806
2005-10-17,261.5172155470124,257.80587201559,251.95759778969577
2005-10-18,258.60669302194,253.33471747473783,247.11632961696617
2005-10-19,254.1872703052737,249.50407890967995,244.99400582656136
2005-10-20,253.0896827591851,248.24365452062077,243.735853203151
2005-10-21,253.39307777513542,247.7893273792651,242.732702998506
2005-10-22,253.72138129562902,247.55020830050512,241.26876377124825
2005-10-23,255.60715088376918,249.69234830302636,242.29159891430385
2005-10-24,258.97082039436117,254.23478438566792,247.21231364216555
2005-10-25,263.26408613684106,260.319309898428,256.2626127897163
2005-10-26,261.6551860503444,257.60080871660904,250.44141401777716
2005-10-27,257.05632079644136,252.34914569807637,247.3055211880903
2005-10-28,255.29654969699737,251.12952469211382,246.59980723835798
2005-10-29,255.41548183298255,251.31879330086008,247.24591342838818
2005-10-30,254.57808260504268,250.3594424838709,246.26828096060743
2005-10-31,254.57429450135402,250.68420490830638,245.24446879764844
2005-11-01,256.29232809724925,252.4423780487285,247.74778104047078
2005-11-02,255.5467378491304,252.1595900484599,247.50829223941668
2005-11-03,256.2062061255098,251.4635812282495,245.67608265087682
2005-11-04,253.71349626279118,249.6092301761053,244.4003912927407
2005-11-05,252.4650574501892,248.5023842523536,244.7224917882265
2005-11-06,252.68026493948597,248.38342516555315,243.67530834430508
2005-11-07,255.4058777781176,251.82509131734273,245.10032092424436
2005-11-08,259.5114050497539,256.2362019421817,252.00650102932443
2005-11-09,258.52287792981497,254.88897371768195,250.37648673201426
2005-11-10,260.19533974872365,257.1241535457539,250.99664072356177
2005-11-11,260.8691301762598,258.63822921763347,255.9521376532731
2005-11-12,259.64200330918374,256.38714143069257,251.9973827439938
2005-11-13,256.6478797878874,252.11385454014473,246.33542539019558
2005-11-14,255.56423978236515,251.4659803805156,245.50547272398572
2005-11-15,255.74468657856733,251.36610639008993,247.09854163638013
2005-11-16,254.00654449675665,249.3071763775608,243.17169060171867
2005-11-17,250.68735990779297,246.16321311818206,240.34334674546724
2005-11-18,247.41692474846877,242.544397200261,237.82082916429087
2005-11-19,249.87228853341642,245.0403832189209,238.8444795723041
2005-11-20,254.0594225116885,249.39838469710077,243.56683661179093
2005-11-21,257.3471340734834,252.68555700490396,246.61392960898684
2005-11-22,257.09993798851065,252.7942416640092,247.57234362746982
2005-11-23,255.2921298498326,249.8244201600337,244.4900371283302
2005-11-24,253.13416939817253,248.3345301300315,243.29795788955224
2005-11-25,253.7025135855485,250.1456230088935,244.69800858095292
2005-11-26,256.25407240913233,253.5897455344668,250.3141998391994
2005-11-27,256.2056041875854,253.80595597112602,250.72231780131736
2005-11-28,255.11051324195736,252.42199197310944,249.3180368555539
2005-11-29,254.43901233108542,251.43322518678843,248.14396730728225
2005-11-30,253.22017617990065,249.55916377302592,245.21321822295224
2005-12-01,251.19373807898958,247.38049895696952,242.0369713159399
2005-12-02,249.0841021901852,245.20830075066596,241.09721473045
2005-12-03,251.22094387406437,247.1194881216719,241.90768730581726
2005-12-04,250.27110969722875,246.51480589726287,241.56600893885607
2005-12-05,251.4633966463037,247.57547032665354,242.19917921232053
2005-12-06,250.86074163582634,246.12568795785907,241.4953460052384
2005-12-07,249.4155807678574,245.454602661797,241.61965631474715
2005-12-08,248.97570854923794,245.32212419181377,241.43852540584288
2005-12-09,251.0610335755443,247.32228707536552,242.17939878739966
2005-12-10,247.40826913858794,242.6572690026976,236.79402546811616
2005-12-11,244.50343807397877,239.493319205023,234.62925604305696
2005-12-12,244.68872860616455,239.12851551180867,234.52105223276746
2005-12-13,244.57638290791047,239.1218849783625,234.36183157594178
2005-12-14,245.2455079326269,239.92219487672577,235.3481402084917
2005-12-15,246.9231496283574,241.80526762190289,236.78367141959188
2005-12-16,250.26189379235475,245.25444547969437,239.80027353494597
2005-12-17,251.57666623681823,246.17989990373653,239.95717355309668
2005-12-18,250.6236960098098,245.0371319071706,239.46560974342134
2005-12-19,249.09626577291252,243.6709376363938,238.6366456316764
2005-12-20,251.50000682924824,246.72350632154394,239.43172739855007
2005-12-21,254.51399860979896,250.88379458314944,246.254066287023
2005-12-22,253.54229739301806,249.26070950227694,243.51706704169368
2005-12-23,250.6184129303173,245.6999502167107,239.8375729140614
2005-12-24,248.23036438613244,242.72815214709934,237.5555858561966
2005-12-25,250.42742355582845,244.35720343150038,237.62985655305647
2005-12-26,256.02680817381946,251.2418557151187,242.53713309216394
2005-12-27,260.4310950602649,257.16481124669497,253.0928903956598
2005-12-28,256.80699120489476,253.3934694947344,248.9380361832069
2005-12-29,253.43251890536615,250.45584263668744,246.86321433036434
2005-12-30,251.5842445844472,248.90466469697236,245.78738534319598
2005-12-31,254.1812939900836,251.69276797717833,247.18651940601802
2006-01-01,256.6791254541141,254.93837424505665,252.7450934858622
2006-01-02,256.2919191627097,254.4381081997506,251.3575458108662
2006-01-03,252.10617605310185,248.6211593321268,244.5780554005295
2006-01-04,250.2721933173037,247.87022035499245,244.1302900459584
2006-01-05,249.9180016973765,247.13357136729772,243.89874243224864
2006-01-06,247.08320203561476,243.74879259604154,238.82923747063157
2006-01-07,243.5554564682172,240.32452125146295,236.49240944739998
2006-01-08,242.79197747521164,239.63363727935118,236.99716774535264
2006-01-09,252.04876905449447,247.05809028189663,238.25040031218018
2006-01-10,255.9834723254432,253.24831675835165,249.05873457972152
2006-01-11,252.91104185679234,249.76892012541865,245.65730771442642
2006-01-12,249.72531588712886,247.15296197675445,244.56907144792575
2006-01-13,253.01303585590776,249.89446919300397,244.9893635813597
2006-01-14,254.16555734245853,251.54410649770907,247.67524747271983
2006-01-15,259.15012128364776,257.3032886498156,253.6283492653649
2006-01-16,259.59428749838764,257.3808344981432,254.97437618066857
2006-01-17,257.64265364883664,255.4603806227636,252.70706681567066
2006-01-18,254.05084749227066,251.9658750324431,249.09843805220746
2006-01-19,250.3889260968106,248.10114575316894,245.2724613270094
2006-01-20,250.5641746743363,248.26968220194345,244.87272479416006
2006-01-21,249.14526652610726,246.18684501323548,242.15910912138057
2006-01-22,250.17913737818444,247.50996221365912,242.4644586117974
2006-01-23,250.59860635730556,247.22557185624487,241.91161126538242
2006-01-24,245.2276585902697,242.7027948004048,239.70352610078487
2006-01-25,246.05265789695784,243.29923089753345,239.90349840201856
2006-01-26,247.84884860816652,244.77261447328013,241.16918189256447
2006-01-27,255.3888438181986,252.6432002333996,246.81836722672423
2006-01-28,259.35224398824266,257.3041447964522,254.60608929158207
2006-01-29,258.9296202795766,257.29063624975095,255.10069135545925
2006-01-30,260.1526422747272,258.04955182669374,255.43065565995164
2006-01-31,258.94477257579825,257.10143301070843,254.9906190997839
2006-02-01,259.55543482089155,256.96159628412494,252.00372913551337
2006-02-02,256.25947372174045,253.27954985446175,249.47124637876973
2006-02-03,253.98451724433798,249.642339022928,243.78303731857238
2006-02-04,250.3516622853211,247.1987377300324,243.74470340212227
2006-02-05,250.10951988823328,247.64503681578884,245.3186062857224
2006-02-06,254.34526528787364,250.6820774374481,245.9794810290646
2006-02-07,257.38574123652785,254.1609264767844,250.36710512153877
2006-02-08,256.2305250837534,250.91898025943038,245.0638808696586
2006-02-09,252.69766191712682,248.66914232649864,244.31177906828796
2006-02-10,253.82278203714932,249.82580645370754,246.1300911100871
2006-02-11,260.03118548478756,256.9001681948859,250.37092499802444
2006-02-12,262.1499993839733,259.93853636676414,256.9985914484998
2006-02-13,261.6242457652738,259.49854855145867,257.02732451559336
2006-02-14,261.56613058770444,259.4526167037682,256.53873547482635
2006-02-15,259.44398546448423,257.07750210934876,253.0022588841617
2006-02-16,257.53329444882576,254.9200079140832,250.9977903696303
2006-02-17,259.5414484859504,257.26629232020565,254.10135429560765
2006-02-18,262.5406317658503,260.2886182565491,257.5801541996605
2006-02-19,263.05460872978983,261.04590336464133,258.2406278498114
2006-02-20,261.07697985563635,258.3023247364855,254.00972408966237
2006-02-21,259.70588857464554,257.1186783572584,253.21957142744265
2006-02-22,260.0887335136793,257.77983380108856,253.69464049963776
2006-02-23,261.48876109614537,259.0657773609318,255.9106372818156
2006-02-24,261.39307750352015,259.250026990373,255.245125465951
2006-02-25,262.88952553628974,261.3419676621518,258.79623881384117
2006-02-26,261.2886625372537,258.75855589117,254.0127570548704
2006-02-27,257.1518103117779,253.37018974213922,247.7086681425496
2006-02-28,252.721847557112,248.55211940654507,243.10455937544205
2006-03-01,250.92546410796797,246.72661116668294,241.94430213648107
2006-03-02,250.6917253107057,247.88424578394392,244.18480151364645
2006-03-03,253.1637594976655,249.0322003192817,245.07731410159758
2006-03-04,254.25495162314024,250.9122028514334,245.3313635744636
2006-03-05,255.72127430647524,251.96323691170366,247.62487563210584
2006-03-06,256.6846910734962,253.49598683181333,248.31130654037327
2006-03-07,257.8193091345631,254.24444556823815,249.42240013213942
2006-03-08,257.1447366747456,253.4733876403671,248.3178271279745
2006-03-09,258.4972645908403,254.39576913178712,248.6126876131584
2006-03-10,258.27051625756667,252.6277173391798,245.94585297664221
2006-03-11,253.15844244102703,247.25694012565376,240.11851628242314
2006-03-12,249.79026864373049,244.02912894100257,238.63181857022624
2006-03-13,254.51516676670656,248.75702912225282,239.58475177055655
2006-03-14,259.31939260343165,256.1585476463218,250.3765917471939
2006-03-15,259.3410766362917,256.15386767928317,251.89258369760137
2006-03-16,255.96328114103068,253.28361281708803,249.59476679427306
2006-03-17,255.08555626098666,251.16815723456537,246.04972499838487
2006-03-18,255.98370018807435,252.49971533829526,247.1332659085827
2006-03-19,258.99586588011334,256.30381154461156,251.84520335817345
2006-03-20,261.6846765322972,258.82459518578105,254.76884170755307
2006-03-21,259.753897783956,255.6771342785416,249.10227993259576
2006-03-22,257.2215397857808,253.3210487999334,247.97551250177202
2006-03-23,258.0606387138226,254.19682060336405,248.64076148827917
2006-03-24,259.70349078116516,256.62700573596925,249.80894933170958
2006-03-25,261.23573479202895,258.04562140914703,254.4777547589941
2006-03-26,261.2011309838693,257.54740365987675,252.01635293641058
2006-03-27,260.08364177043757,255.80562921099138,249.47222696974427
2006-03-28,258.41873842930363,253.27260989694213,247.24005805810322
2006-03-29,257.0008632230797,252.1797580660319,246.51662146242896
2006-03-30,259.221583099793,254.24336528656377,247.86545852080897
2006-03-31,263.1738620189132,260.0451471695717,253.88834473881207
2006-04-01,263.8997915340154,261.1470009362465,257.26636540288416
2006-04-02,261.83870219817317,257.97077182994525,252.0908390484129
2006-04-03,260.3169391098794,257.00679809629037,251.31460148464288
2006-04-04,261.2590816425603,256.08168713025793,249.74627871669924
2006-04-05,259.9890858722334,255.04573378130385,248.75317784201292
2006-04-06,260.48774581870606,254.97313782474222,248.60298528548276
2006-04-07,260.0787266331514,255.40169735018455,248.48992443368078
2006-04-08,263.79694042682394,260.7062669682014,252.53216832417036
2006-04-09,265.70374325516616,263.61468534709735,260.9669013377392
2006-04-10,262.0324577839471,258.6790172759532,254.66413073425247
2006-04-11,258.281755733561,256.20561925358726,253.27783014877906
2006-04-12,257.68780789396175,254.99912569898225,250.64094453190611
2006-04-13,255.86676457192772,252.04062152720007,246.9948781479747
2006-04-14,257.99174706367717,254.70356013381033,248.47245609639108
2006-04-15,260.58217237186295,257.7224746402403,253.99365293795717
2006-04-16,261.14249984317087,258.2515687706332,254.18666482917337
2006-04-17,261.512651976533,258.65033332249266,254.1553536033413
2006-04-18,261.7175157662345,258.2091412976253,252.51738586367875
2006-04-19,260.8871286657745,256.7700555826512,250.99819100158317
2006-04-20,260.39573625832327,255.85913988694512,249.92969911298167
2006-04-21,261.8855751217934,257.38848707635395,251.22100146984084
2006-04-22,262.8048172559849,257.0943063087649,251.38707969882327
2006-04-23,262.3726736756417,257.1145707032805,250.70612098003366
2006-04-24,262.0968381340052,256.4007318195229,249.86247059155863
2006-04-25,261.68669864865086,256.4304574722404,250.27274622203623
2006-04-26,262.45740107178233,256.4072189311008,250.52603611667163
2006-04-27,262.46294179329277,256.2050749459544,249.42672663654167
2006-04-28,262.66038242102366,256.31477046570876,248.51569534811284
2006-04-29,262.9115057315587,258.45912047388254,251.16804681386031
2006-04-30,265.90307868054566,262.00148935038084,255.88117578508079
2006-05-01,267.09474841230553,263.0155927431958,256.9012784349382
2006-05-02,267.124350296133,263.47055809280124,258.0574281045449
2006-05-03,266.6768501040651,262.0897786289288,256.21561583643336
2006-05-04,265.04776862547055,261.2644680896515,255.35657704163205
2006-05-05,265.8523713611202,262.3918549764015,257.3933256182589
2006-05-06,267.748407947657,264.4212112675753,259.3302173910837
2006-05-07,269.1929237928238,265.9425880404456,261.27457008593575
2006-05-08,270.1012016023795,267.52219997161257,262.7247450009527
2006-05-09,270.3530556230697,267.76391279871285,263.12133074299464
2006-05-10,268.8506151011756,265.0575768471058,259.5822801835686
2006-05-11,266.94145849945227,263.51360026827524,258.88702771842975
2006-05-12,267.1019209721076,263.29462932563484,259.1182466976512
2006-05-13,266.6147334969766,262.96332130481886,258.48480207925223
2006-05-14,266.3910904462614,262.82430197886026,258.5723325255378
2006-05-15,267.07995141369776,263.63266785109835,259.1596214292665
2006-05-16,268.32305180225876,265.0379763245004,260.14221316762684
2006-05-17,269.32755781222454,266.6245138471592,262.5790671450935
2006-05-18,270.87130364419477,267.6202970247289,262.8204376478143
2006-05-19,270.16581391921875,267.17609167388514,262.6725176637548
2006-05-20,269.7215100150407,266.92520713292674,262.0200114719329
2006-05-21,269.9924220225192,266.4416579092684,261.15455597580666
2006-05-22,268.9485634193967,265.6137150746167,260.29300450811354
2006-05-23,269.3265405986306,265.697362894996,260.51847860434316
2006-05-24,269.55843057220477,266.26655135375404,261.3013060325547
2006-05-25,270.5214653283368,267.0360620736277,262.1507169587108
2006-05-26,270.9294151137019,267.2000693037754,262.28083064589316
2006-05-27,270.4850058772778,267.08751559689875,262.6598776926077
2006-05-28,271.62693823962996,268.7523400661408,264.23912202023223
2006-05-29,272.1652556946655,268.76244193607,264.1414745304477
2006-05-30,271.5820905844135,268.78805170034565,264.22826999795444
2006-05-31,272.39759155754047,269.2552428215443,265.78664805089636
2006-06-01,271.89272811869415,268.76489375837474,264.11553571952396
2006-06-02,270.72874208440544,267.7184768799685,263.317610125961
2006-06-03,272.0860852759995,269.31671292375194,265.42366763985905
2006-06-04,272.23622578841434,269.5172506344466,265.8066467309818
2006-06-05,271.824883489725,269.6366273295673,265.8005113486128
2006-06-06,271.92529649286627,269.44504796557,266.0050952579214
2006-06-07,271.4009159616497,269.0422033264597,265.5201879149564
2006-06-08,271.9862564941118,269.14642020465095,265.2141873472223
2006-06-09,272.40071251813356,269.40417035649074,265.1716833848783
2006-06-10,271.39951820512823,268.6278753340115,265.34695064087356
2006-06-11,270.7482219519784,268.21393362058103,264.7438728362707
2006-06-12,270.43279292673054,267.79492053071203,264.08033660772713
2006-06-13,271.68547314675493,268.9314095726248,265.00307633741545
2006-06-14,272.1951070198034,269.5582292651901,265.3911323747925
2006-06-15,272.86183000497266,269.7755732250264,265.71937885721366
2006-06-16,270.71553158219297,267.0693388080887,263.666036097896
2006-06-17,266.69934767117735,263.80932612761126,260.9591265450901
2006-06-18,266.97426539315194,263.2142158166411,259.1486296516601
2006-06-19,267.36282741450196,263.68427162115023,259.57488527918866
2006-06-20,268.9846579118423,264.8924097979128,260.16203912015703
2006-06-21,270.4010866618476,266.308701597291,261.28068563093126
2006-06-22,271.51020485012623,268.2185129303512,263.30059248309567
2006-06-23,273.1160327264408,270.0055511816661,265.40967871797716
2006-06-24,273.65979894243503,270.0539028346566,266.2882802910651
2006-06-25,273.9110825067591,270.49437859798303,266.66442835879616
2006-06-26,274.5469556499742,271.2097165523907,267.20735688972985
2006-06-27,275.17429428114497,272.29584853522147,267.89136888722595
2006-06-28,276.1554927172075,273.4555645617769,270.5194384030243
2006-06-29,275.1235392362652,272.24203569702314,268.9319665748034
2006-06-30,275.36112988269633,272.48744610629115,268.7037014953558
2006-07-01,274.4524912146929,271.7219413354072,268.6348809237704
2006-07-02,275.9682338613079,273.0281897143796,269.27763577668
2006-07-03,277.10032484595223,274.3004354897126,270.76052311267824
2006-07-04,276.16415028944624,273.46185795359804,270.62765669432537
2006-07-05,276.3265348077223,274.0602800921263,270.8348356515655
2006-07-06,277.0006381633281,274.5032998706087,271.8889872595977
2006-07-07,277.58045489121804,274.90151103965223,272.0557625784293
2006-07-08,277.581614764449,274.63704294091576,271.5904493709491
2006-07-09,277.76392627056896,274.8603848525911,271.6106373329359
2006-07-10,278.02326684916267,275.5657347825981,272.8781014606621
2006-07-11,277.9247275800255,275.75541710092085,273.4960123631875
2006-07-12,277.7268767232883,275.62789157066777,273.40273458200613
2006-07-13,275.05419975713045,272.74276463805506,269.30197679269804
2006-07-14,272.896503458693,270.6881880511987,267.06317118935124
2006-07-15,273.58158816767656,270.728922804558,266.5499498388522
2006-07-16,273.6070019913848,270.6439544417854,266.2224373400269
2006-07-17,274.8659858787257,271.3453712888657,266.773397747961
2006-07-18,276.0276795461784,273.4499746583667,269.16792421573115
2006-07-19,277.6345956240461,275.41515586883673,272.0709237059562
2006-07-20,277.32177023608176,275.13531978769583,272.52275652182976
2006-07-21,276.9925495705839,275.00148458192206,272.7036589196103
2006-07-22,277.33945944814593,275.0453932428583,272.72425898179574
2006-07-23,277.6943706607694,275.0509634934617,272.27669501563867
2006-07-24,278.17784790347963,275.4579532851088,272.62778334585346
2006-07-25,277.70082970430735,274.98717414260574,272.2922790731175
2006-07-26,278.7420132625282,276.3720056252772,273.65758896342044
2006-07-27,278.48700454849563,276.3830386552907,273.7654717307971
2006-07-28,278.512180605454,276.29703749842236,274.28981345474403
2006-07-29,278.55047214660846,276.4542792026946,274.31793544155727
2006-07-30,279.268147654717,277.01321178406977,274.80104336203095
2006-07-31,280.1034642157687,277.9340995288173,275.30277990324817
2006-08-01,280.175998584831,278.19745871264143,276.43601203761636
2006-08-02,279.9850535332211,277.97610804076476,275.9487847433037
2006-08-03,280.052567069821,278.1892288702348,276.2840956181459
2006-08-04,280.7251732594471,278.7214354009047,276.84721538924333
2006-08-05,280.3895080202568,278.3736891232409,276.6608678143191
2006-08-06,279.53622792209467,277.10953953577354,275.33277698541167
2006-08-07,279.530769266942,277.00865781831175,275.2371531774605
2006-08-08,279.4795613965213,276.77937900791136,274.4848377839452
2006-08-09,278.1512653950092,275.9983718241763,273.8525650586743
2006-08-10,278.99521925265816,276.7170534631174,274.40555640479323
2006-08-11,280.02633581789615,277.56310551786714,275.3851501233564
2006-08-12,280.26783427401847,277.5634947783151,275.4564367026747
2006-08-13,279.95633344797386,277.38964528800545,275.21321124377994
2006-08-14,280.22708188623074,277.5791427303366,275.557875439627
2006-08-15,279.1409311106634,276.8662660649409,274.97769923279293
2006-08-16,277.928862166601,275.60070835591233,273.4497163362367
2006-08-17,276.37596666653866,274.60134564390063,272.6455852105747
2006-08-18,277.2357505244621,275.21827174142044,272.99621190507054
2006-08-19,277.8750694818394,275.7419041548669,273.13202560507557
2006-08-20,279.1944268889217,277.11411837588474,274.6131868480331
2006-08-21,279.9795549955413,277.66381380893324,275.63313801811404
2006-08-22,279.8838714806222,277.40987612725263,275.3940220956681
2006-08-23,277.67649788267505,275.9619275151583,274.24539460380845
2006-08-24,278.6881457955798,276.6089617856246,274.6542708970963
2006-08-25,277.8990050349157,275.3457973100661,272.8660943604282
2006-08-26,276.3480229946563,273.58463310570136,270.9296455637621
2006-08-27,274.9561733977555,272.77707253022703,270.410943198796
2006-08-28,275.8074833749583,273.6905970091353,271.3094965398943
2006-08-29,276.32476972338964,273.4140341163636,270.61650175576557
2006-08-30,273.294384369206,270.68866753263745,267.00468523624534
2006-08-31,274.31528814334615,271.3768652095484,266.60077925558215
2006-09-01,276.2479526525058,273.95083941686727,271.05562537541755
2006-09-02,274.9159175106473,273.3467064722597,271.62188739101504
2006-09-03,274.3468171781798,272.38733817614326,269.69263461609074
2006-09-04,273.24410167555044,270.39131428972286,266.3281213856965
2006-09-05,273.2341164451677,270.13552277947514,265.78980901582054
2006-09-06,273.67538073154265,270.1681881617684,265.8589506839653
2006-09-07,273.99266367710544,270.76458326584054,266.31162979819857
2006-09-08,274.16018469898023,271.0406144477181,267.2476346842753
2006-09-09,274.33514259316433,271.1983473248848,267.52639746534265
2006-09-10,274.38858498848094,271.0919682456518,266.5091298120348
2006-09-11,272.1295224272074,268.733911808717,265.6865046163618
2006-09-12,271.05878114217455,268.3105510577246,265.444686875889
2006-09-13,271.18548044949705,268.56502588136357,265.62350489622685
2006-09-14,272.76050837685636,270.22174491448817,266.6569456913231
2006-09-15,273.5604851279678,270.36400116976574,266.95296074758596
2006-09-16,271.50936008172033,268.56417627343455,264.9945922226527
2006-09-17,269.84978091752424,266.3509007348452,263.2699745354421
2006-09-18,269.87622019478187,266.81756079495125,263.11492738516836
2006-09-19,271.42932855063947,268.82887842905706,265.86306453648126
2006-09-20,272.1701618903843,269.6084960825414,266.50127615752217
2006-09-21,270.76384442981185,268.2287637464773,265.1193138875147
2006-09-22,269.97532505471037,266.6014773330542,262.46370969749324
2006-09-23,267.4884259653019,264.39573341761457,260.91424640441187
2006-09-24,267.04588986916326,263.84957768534224,260.09059122013883
2006-09-25,266.83576407117005,263.82104597964184,260.4820233989749
2006-09-26,267.16511762116966,264.11491617363777,259.87628639878216
2006-09-27,266.5791888328514,262.80065054392026,257.9952152983189
2006-09-28,264.9374079385842,261.59659786855315,257.04570678959647
2006-09-29,265.3632107435422,262.012331149734,258.1315416215466
2006-09-30,266.9841560480724,263.81763309097954,259.428227934116
2006-10-01,267.87384556907045,264.5284344216401,260.96632239228387
2006-10-02,267.73130798042854,264.5212612490133,260.646519325411
2006-10-03,267.39772212224267,263.95372996551725,259.89123376104476
2006-10-04,265.86714833694265,261.6052708727689,257.8904243391005
2006-10-05,263.4589064329808,260.4465366283067,257.4664801892063
2006-10-06,264.87124245667127,261.37503893458137,257.91636095883314
2006-10-07,263.5825583655495,259.92991556082825,256.5364583605761
2006-10-08,265.5113190265385,262.34062784266195,257.70041135158664
2006-10-09,266.998226308985,263.84653228713745,260.27869086845124
2006-10-10,266.5989521347077,262.9464837700289,259.03130095359444
2006-10-11,264.86908276531494,261.8654471835556,258.47924043973586
2006-10-12,263.9811101091755,261.44506138025855,258.71588805874745
2006-10-13,267.62198854422337,264.9266810760162,260.24073974145756
2006-10-14,267.29565501089365,264.7426733630768,261.5654506079122
2006-10-15,265.8057298507883,263.0469255718541,258.7701904850177
2006-10-16,264.17371542114006,260.6674007606941,256.323249346258
2006-10-17,263.2939135292145,260.0238755729397,255.5404692235403
2006-10-18,264.07341982205884,260.8832113143003,256.9693770256822
2006-10-19,263.7400776970191,260.6772727279753,257.00339620206415
2006-10-20,264.89902588908836,261.8906318660278,257.3905766345117
2006-10-21,263.8197043956431,260.65806406490174,256.4831122807879
2006-10-22,262.13933550025695,258.4085822752971,254.10120299725924
2006-10-23,260.2790412638735,257.1400445567365,252.75972046753924
2006-10-24,263.2135438091863,260.3088618361809,254.90507913555066
2006-10-25,264.48629877102456,262.3050928552076,259.40894589963807
2006-10-26,264.8796356101626,262.014564923591,257.4621007150169
2006-10-27,262.950792633231,259.867945754081,255.35867917608343
2006-10-28,261.6896609715744,257.82181930180155,252.32528474550892
2006-10-29,260.1437729005594,256.1479223010176,251.30626230375262
2006-10-30,258.8765388185349,255.03981726440347,250.63439574449598
2006-10-31,258.43884394839336,254.69650800427792,250.32288039033548
2006-11-01,258.0547365122892,253.87819662687951,249.35074688338992
2006-11-02,257.40860766828496,253.90032048672285,249.50439927810385
2006-11-03,258.8462487257121,255.625016783511,251.42264431723788
2006-11-04,259.48339832415496,256.3734904937238,252.7325284060362
2006-11-05,258.89655935199755,255.5644765279086,251.96565005959272
2006-11-06,258.7510489989099,255.2784030063698,251.2973862894705
2006-11-07,258.612699746062,255.39362464208466,251.63094500133795
2006-11-08,257.4370861840961,254.16287304919837,250.3898319238686
2006-11-09,258.64384927394036,255.65636500072992,251.34020562118673
2006-11-10,262.9810208541352,260.183471753202,255.59207306172837
2006-11-11,264.1931534131521,262.1206586484036,259.2384558801012
2006-11-12,263.7198773752498,261.6671199977904,258.6834471147084
2006-11-13,261.68571487077634,258.22801129876535,252.85605586262878
2006-11-14,257.901668564129,255.03381512487096,251.1396328590883
2006-11-15,259.9257640961837,257.03920653379834,252.52751267092188
2006-11-16,260.66431984168105,257.80896690614696,253.4174027600756
2006-11-17,261.8621450311141,259.438920511911,254.91342189390298
2006-11-18,260.6763043870749,257.08703526712515,251.25982989134175
2006-11-19,256.1857020058842,251.49744334820886,245.20386192023375
2006-11-20,253.70365888231728,249.9667190216425,244.79459224239676
2006-11-21,259.1301093117551,256.39049565386887,251.13861369170772
2006-11-22,258.15284465494057,254.75710455938585,249.41764082238774
2006-11-23,253.18255184161532,249.1920951491139,244.03538130309724
2006-11-24,249.30476223917924,245.10336591178617,240.27212014533384
2006-11-25,247.52584103213275,243.9119293673811,239.79460142170785
2006-11-26,248.32400652871218,244.66492121567285,240.5366129016139
2006-11-27,253.4017989741327,250.12754223388657,243.2499853662449
2006-11-28,253.914614626842,251.34937101651755,248.2153680513543
2006-11-29,255.33050864746664,251.25968413918758,244.43867022885107
2006-11-30,250.1049998652986,246.49676290425566,242.37234797546125
2006-12-01,250.2218173246827,247.08691514213737,243.72406558480432
2006-12-02,254.67564491931404,251.40902758771463,245.181991531096
2006-12-03,259.87600656805085,257.98722417843925,253.89856017045946
2006-12-04,261.8045724313035,260.42463111965765,258.4160365948106
2006-12-05,261.1347594353344,258.7672529150699,255.76831469110064
2006-12-06,257.45058286662925,254.66954886542496,250.08552975812324
2006-12-07,252.55541758185,249.25029480776462,244.30158584847408
2006-12-08,248.1418416193125,244.83599004587896,240.89964562387007
2006-12-09,246.38727509151832,243.68599437640017,240.47507233074882
2006-12-10,251.6892844445276,249.02919808700705,244.68325239249845
2006-12-11,250.36847043139485,247.34101259017785,242.06174514381107
2006-12-12,244.43841054470178,241.83553308310817,239.2164643413601
2006-12-13,247.8367802901082,244.90239062003573,240.49924275773378
2006-12-14,248.53234740345803,245.86311677794166,242.46447478926532
2006-12-15,252.42755612582042,249.27190077166378,244.53362035430598
2006-12-16,254.81331151091786,250.9976957109011,245.43454952505667
2006-12-17,250.6093511288517,246.76312217984562,242.04342190279485
2006-12-18,246.35792778246966,242.91467339902826,239.21317508875114
2006-12-19,246.31839833783275,242.6062454893527,238.85210670237385
2006-12-20,254.16593369597263,250.11630894774268,243.9520003931935
2006-12-21,254.60192753094384,251.29372464978866,246.8628187634966
2006-12-22,250.48275975977617,246.44082340705612,241.5568841766433
2006-12-23,246.00619992156564,242.8719171887067,239.68376189874573
2006-12-24,250.80663554912528,246.8673189029439,240.43884218783904
2006-12-25,255.27189442840523,253.37110100681232,250.06587447703194
2006-12-26,257.47999770354323,254.7964546173778,251.149618883715
2006-12-27,252.81267430186998,248.74568813604972,243.39329521891307
2006-12-28,249.52406909655983,246.53523339926048,242.83635855078896
2006-12-29,251.08078894917307,248.25287913025025,245.71329317739372
2006-12-30,253.61141119424698,250.56598208475378,246.86784871139824
2006-12-31,254.15346983473057,251.78560269735473,248.91675879294436
2007-01-01,252.37845810304253,249.92964892181715,247.00419640428413
2007-01-02,249.9774802510158,246.78796623331516,243.27600454695641
2007-01-03,247.66291829976655,244.49093806901436,240.9182756489298
2007-01-04,246.57322087077392,243.9012363086603,240.79082930436095
2007-01-05,247.02122192124173,243.71262170379578,239.74345208416415
2007-01-06,245.7592464128657,242.4111568303168,238.59094050334883
2007-01-07,242.89029310026652,239.027021494164,235.24483786868308
2007-01-08,245.0324674434811,240.69374843698446,235.5525429799524
2007-01-09,250.27489610419752,246.99878005875354,242.43453079346702
2007-01-10,251.75082204446952,247.78692843044345,242.21723248176255
2007-01-11,248.4173877783901,245.06696871250315,241.39663542827483
2007-01-12,248.83288763292927,245.46975556451912,242.2685404919007
2007-01-13,247.99259230599037,244.18012439175826,240.2885699566681
2007-01-14,247.5266202993918,244.06100249819426,239.49912974323678
2007-01-15,249.57977974350504,246.0624346512269,242.53888103264268
2007-01-16,250.2039939897775,246.86828401266422,243.39051281057348
2007-01-17,249.91439524935288,247.00597277927875,243.27618922576244
2007-01-18,254.69490503323462,251.5049623731349,245.99200575565152
2007-01-19,254.25442328489032,250.80327703398623,245.00576718396061
2007-01-20,249.09865712390896,245.14879686380968,240.39822760084243
2007-01-21,246.37352745659265,242.28927665328558,238.07837228688595
2007-01-22,244.84565678874858,240.53757395450555,236.94991272746023
2007-01-23,246.82297777675987,242.17095504458493,237.42078779611006
2007-01-24,253.99900004664983,250.09332062209182,242.53236909224984
2007-01-25,255.00932273737484,250.1286450658306,245.35794524572032
2007-01-26,254.20054862677824,249.94829795596794,244.90830409757012
2007-01-27,254.99429581648525,250.8501298439345,245.80609674123323
2007-01-28,254.54117669562615,249.42931420635932,243.1926036147181
2007-01-29,252.5386057305706,247.26624393209528,241.08620439110246
2007-01-30,251.51903604491537,246.7268727875676,241.91087922463308
2007-01-31,251.09509572308284,245.6091403239849,240.3974525183727
2007-02-01,251.29058029913824,245.4678385215783,240.38160568281467
2007-02-02,254.57804592659613,249.28042576944276,241.97770169593713
2007-02-03,257.8508330970559,253.66480034935495,248.4205419725244
2007-02-04,259.798674161816,255.5076386508119,249.96102337141198
2007-02-05,257.6761807128992,254.73214362240245,249.1851823338278
2007-02-06,259.42515434251254,255.48474327268096,249.67681119266027
2007-02-07,256.6116922048965,252.00046222894204,245.92325524808288
2007-02-08,253.94282751421272,250.08400981448835,244.89538910036458
2007-02-09,257.3880621401258,253.7656782295316,248.26466242298753
2007-02-10,259.1953696289367,256.7706040546602,252.7450685625392
2007-02-11,260.05147390972326,257.4028841074605,254.06067866413173
2007-02-12,257.5292648020918,254.6004700712514,250.71586328572457
2007-02-13,255.75238477103215,252.95563893956103,249.5518288639552
2007-02-14,255.73245125070463,252.68384542856637,248.3523405694083
2007-02-15,253.85769218589598,250.87499789679097,246.5840193442833
2007-02-16,253.3593332410546,249.65614507788322,245.2330438295443
2007-02-17,252.9200787213636,249.39223455412704,244.56273352887817
2007-02-18,253.39665765495832,250.61308138649616,245.3023613884979
2007-02-19,254.45725687031228,251.65976778879212,248.56746213018832
2007-02-20,255.0412621283187,252.52811840150363,248.6915162072955
2007-02-21,258.61830490669513,255.5928319980924,251.58941005702397
2007-02-22,255.69044381467882,252.5442444700241,247.34772747953656
2007-02-23,252.83108397636295,247.93059411046863,242.47942708244125
2007-02-24,251.36924663622707,247.5248393233163,242.2693388275893
2007-02-25,256.32228261802777,252.50278424700164,247.86825642406433
2007-02-26,256.86565819821743,254.11112088563368,248.89652206697494
2007-02-27,259.0116668909967,257.02926166738513,254.21190743298732
2007-02-28,258.36742268168865,255.7371277945756,252.01412390246233
2007-03-01,255.17048123860724,251.77622818073564,246.97687728914983
2007-03-02,251.71478320675843,248.8858711275371,245.71823837981728
2007-03-03,256.4361847912995,253.614847078676,248.69881275984287
2007-03-04,256.30268433873135,253.41556346931137,249.81305946074946
2007-03-05,253.6795468350895,249.3258239965288,243.81493428568712
2007-03-06,250.8555080630942,246.9192816712506,242.77600035254332
2007-03-07,249.7051657101996,245.83113046843735,241.907710022235
2007-03-08,249.87378728980153,246.0925327761919,242.58976060007706
2007-03-09,254.4396791086187,250.94061655405397,244.4246585024691
2007-03-10,257.66314605563116,254.35193964378232,250.34584259375157
2007-03-11,258.33046888884877,255.96988125468988,250.9924756805354
2007-03-12,259.6331348841464,257.95530884694176,255.78645082606843
2007-03-13,258.4443917183237,255.55387382184142,251.3367351056553
2007-03-14,254.62000195854128,251.48904311968425,246.51944117436258
2007-03-15,251.27998896382417,247.63581722036506,242.90836933687632
2007-03-16,250.83802586918787,247.29640399338982,242.71867776028068
2007-03-17,258.0769978071551,254.37159643606842,247.03272375990443
2007-03-18,262.8212309280047,259.91776773885493,254.79358776813166
2007-03-19,264.13272798952045,262.289521345984,259.277225451058
2007-03-20,264.30353665145697,262.0748269662481,258.2937423875525
2007-03-21,261.8886085037661,259.6822513364071,256.6666915189497
2007-03-22,260.5792508085291,256.70658882738195,250.97458875909732
2007-03-23,256.85530439999286,252.68018170424077,247.78403775353615
2007-03-24,256.5006879407639,252.6154729381929,247.5612809401742
2007-03-25,257.04991005681296,252.10109991057172,246.33055186339672
2007-03-26,255.67634931998833,251.6006495984593,246.45956013716415
2007-03-27,258.08019690563134,253.62827623914885,249.8054850594149
2007-03-28,259.6770819550202,255.00671970796031,249.49835380156128
2007-03-29,262.86533291559107,258.8100456472413,252.704358894181
2007-03-30,264.31266435598445,260.5956208315416,257.2556658295129
2007-03-31,264.5665670517178,261.45630288661795,258.00596724967534
2007-04-01,265.20483411783283,262.29978124096385,257.8329174097594
2007-04-02,262.2165698273647,259.2606023342137,255.37000059249596
2007-04-03,262.04231616325376,258.7254047673119,253.66121022944654
2007-04-04,262.70577149377954,259.4470281922644,253.96678587810507
2007-04-05,263.8857914990733,260.6964247031305,256.20234470233333
2007-04-06,264.18240661917326,259.96828133789097,254.35425263993284
2007-04-07,262.4043739710085,257.4339289747469,250.76422689126233
2007-04-08,260.19526720708865,255.66512934274456,249.38352033802397
2007-04-09,260.04419120976945,254.64204091663242,248.89496360734387
2007-04-10,259.40674047191453,253.53986525264435,247.57328854694666
2007-04-11,260.48469983571164,254.270731628906,247.64039446336128
2007-04-12,262.1968904342616,255.97306082571868,249.30837139733916
2007-04-13,262.9791698287668,257.01228919612817,250.56551141239314
2007-04-14,263.4352050875009,256.5456559957939,249.98674201688075
2007-04-15,263.32783446767274,257.147854176548,249.87696490542461
2007-04-16,264.16063295792924,258.2096582029654,251.0777307776363
2007-04-17,264.9978650588851,260.1799900966632,252.68364320818912
2007-04-18,267.55380376101675,264.18004238139093,258.66049714084994
2007-04-19,267.7345598583915,263.31281891573786,258.1971656838902
2007-04-20,266.3383873427829,262.3972313890326,257.48108709877454
2007-04-21,265.89262767582034,261.35393961479207,255.81203301205522
2007-04-22,264.3451207993375,260.2431540280089,254.5830472160824
2007-04-23,264.6047805323203,261.7446400072327,256.84419552685864
2007-04-24,265.9413013031657,262.65604610956603,258.18303117137293
2007-04-25,265.3365810359679,262.69915223484537,259.04231578607556
2007-04-26,265.0051038744535,260.79929322119483,255.36816441223485
2007-04-27,262.8233588654735,258.2219998135157,252.6232431049837
2007-04-28,263.03394453964546,258.69106592072,252.50642612804077
2007-04-29,264.159688029919,260.4802711828276,255.06010241941365
2007-04-30,266.2309077414432,263.03367092809384,257.83397425189736
2007-05-01,268.1239910448192,264.9432997273146,260.0625420056733
2007-05-02,269.345618150538,265.3670760187403,260.27894675051624
2007-05-03,269.9917696634037,266.59650336690953,261.76070773986805
2007-05-04,270.1875206621052,267.0108822147108,261.891972195744
2007-05-05,270.4340465899766,266.8995435820079,261.97628216874523
2007-05-06,270.1194601427332,266.7197165308281,261.02545303142676
2007-05-07,269.6579362129576,266.0795990616067,260.4876906965626
2007-05-08,270.19816440243494,267.2666464335808,261.46704767224276
2007-05-09,267.54516922256227,264.74328562340395,260.61295033499783
2007-05-10,266.61679196407175,263.4102921125999,259.4829406621363
2007-05-11,266.916077880939,264.19436063176715,260.91844156035665
2007-05-12,267.29625529668374,263.7300851704857,259.46208002253576
2007-05-13,267.8384269348981,263.7712244938594,258.87086194167614
2007-05-14,268.54053582201186,265.00184510101394,259.6510778044897
2007-05-15,270.28287993668533,266.2660746030771,261.28380295996544
2007-05-16,271.6253494733219,268.11831810064547,262.10961283174976
2007-05-17,271.60368681113505,268.61132821618355,264.1960503951158
2007-05-18,272.19932191353564,269.23673444061257,263.84489079288363
2007-05-19,272.52936600665345,269.50730349083074,265.6263158737719
2007-05-20,270.6443127309647,267.8468413080854,263.8620681910438
2007-05-21,268.3384838601518,265.66186169368035,262.4616085783743
2007-05-22,268.1168272236542,265.43881233803296,262.1374551658755
2007-05-23,268.04012918697134,265.36852997609566,261.0065658881439
2007-05-24,268.6466448438251,265.9704220945476,261.23417460541475
2007-05-25,268.6925176073672,266.3643276988677,263.0355761966596
2007-05-26,268.91056978541644,266.21365827779516,262.0724436665491
2007-05-27,269.1608306993714,266.5568346513055,262.2376853628322
2007-05-28,269.3961195022129,266.54521410169434,262.404544485982
2007-05-29,270.2874035533223,267.05366825243215,261.9100024258754
2007-05-30,270.37905090485117,267.4696572238522,262.3095113830091
2007-05-31,271.4185605648212,268.01353980317526,262.84414117189175
2007-06-01,271.25274232145296,268.31080589474516,263.84874491636293
2007-06-02,272.7294889246605,269.8030174842787,265.43266760703733
2007-06-03,272.2261322600127,269.90224159935303,266.81504394238345
2007-06-04,272.772227546854,270.39629791002886,267.3344861833191
2007-06-05,272.1981998346104,269.8839613056976,266.98162980360024
2007-06-06,272.2796565545069,269.62712831990706,266.09339691008114
2007-06-07,272.2150194726517,268.62299577655324,264.6893663683297
2007-06-08,272.2650319721777,268.48811034048,264.18634279724324
2007-06-09,272.0408385633703,267.63122902829303,263.3889930002432
2007-06-10,270.7952791239186,267.1692029396958,263.34195857754025
2007-06-11,271.3985616171059,268.1795100295097,264.5333354329636
2007-06-12,273.2423443379801,270.49505938609815,266.58704730008236
2007-06-13,274.97195124267483,272.04308008969446,268.4022622037901
2007-06-14,275.45221189290606,272.78022977557896,269.55031225390803
2007-06-15,274.5881513018882,271.8734007671319,269.11888563153923
2007-06-16,273.10192653576127,270.48580121949897,267.3438494258118
2007-06-17,271.78131824432757,269.15413111398806,266.1256944562923
2007-06-18,271.1381289893104,268.5051498256878,264.97759884138475
2007-06-19,270.84954086800457,268.2934835780138,265.0193530371361
2007-06-20,270.44263517108794,267.718290454126,264.0711035053904
2007-06-21,271.3136738209744,267.7690116957094,263.4874596120694
2007-06-22,272.12599576085387,268.72035609339366,264.5860965586071
2007-06-23,274.05409887865727,270.6132145858986,266.3255992936452
2007-06-24,275.50683020414795,272.2383071893228,267.9040943361409
2007-06-25,277.15295201664907,274.5058055770192,270.0425505442706
2007-06-26,278.5855590033022,275.64468743402995,272.1188751855811
2007-06-27,277.42641135461264,274.8954512018373,271.8587960842059
2007-06-28,278.84110933833165,277.01036380190163,273.09689260931003
2007-06-29,278.0996271097153,276.67180129634477,275.1016388777042
2007-06-30,278.1980036652651,276.20918010998,273.766968713658
2007-07-01,277.78693232889674,275.5645460777674,272.9114463185741
2007-07-02,278.1836999016023,275.79904540183975,273.4093510386717
2007-07-03,277.44722750746314,274.5529028670487,271.31594324116867
2007-07-04,275.9517078141481,273.5104046854759,270.8509575818288
2007-07-05,276.4817513231638,273.84263909524,270.63033608251175
2007-07-06,276.0152363545606,273.69925937710593,270.90150272461864
2007-07-07,277.5196604583936,275.10233785324533,272.05947646406383
2007-07-08,276.2535801885432,273.8960585729768,270.6548901987604
2007-07-09,274.68173612662264,271.7284118560635,268.44756874676983
2007-07-10,274.58930079453654,271.3827974926067,267.99629942098466
2007-07-11,275.50295576735795,272.66538773583886,269.45265910103404
2007-07-12,276.67208048158744,274.1442708899422,270.978459770417
2007-07-13,277.15221119688727,274.7979714656528,271.9711867102981
2007-07-14,275.9056977627074,273.3732452190509,270.83869941521823
2007-07-15,274.95143622901105,272.00392003835503,268.0539647458166
2007-07-16,274.43346113903056,271.76103324134016,267.9156534890778
2007-07-17,275.00788392182903,272.4785574086793,269.30519352292026
2007-07-18,275.16032115150773,272.6121936434496,269.6453212010353
2007-07-19,275.46132788031707,272.93834862165215,270.5382495464208
2007-07-20,276.3981960210521,273.7467051202913,270.77281063931656
2007-07-21,278.0374774790475,276.0398880805026,273.1946519156282
2007-07-22,278.94560416957654,277.0825267772567,275.28190921686013
2007-07-23,278.9151582242569,276.73632487359845,274.7263701829271
2007-07-24,278.56927291705387,275.98489426162047,273.1285324269985
2007-07-25,277.3264711597607,274.69211284230727,271.8221034695297
2007-07-26,276.9346483097442,274.57920447578033,271.65061991589374
2007-07-27,276.12386074105535,273.15934795105113,269.59928346944434
2007-07-28,274.37798236856617,270.4948313498781,266.9481613943686
2007-07-29,273.9180478566742,270.9216713535119,267.32711637425354
2007-07-30,276.2019468356658,273.67559675593947,270.07003250314176
2007-07-31,276.91942487274474,274.84106578370347,272.50742431376847
2007-08-01,277.22728082368116,275.1044482973438,272.55787955704807
2007-08-02,277.1981404944824,274.5562034835085,271.8058701251746
2007-08-03,275.93778513025137,272.7225875874545,269.07340523480735
2007-08-04,274.72510087908967,271.4062458609875,267.99849937076806
2007-08-05,275.60911800079833,272.867076629598,269.54902645846846
2007-08-06,277.25139766595794,275.46905125849986,273.10818151920785
2007-08-07,277.6228353622422,275.71547832756806,273.3400671393847
2007-08-08,277.9699710339877,275.8541588004247,273.0269239993919
2007-08-09,278.8591095464835,276.5030197303331,273.98946106184394
2007-08-10,278.91097392039546,276.5785935197944,273.91794438956885
2007-08-11,279.22814491732,277.01807213788265,274.14286453407874
2007-08-12,279.5011296074559,277.3727851880172,275.0815145326264
2007-08-13,278.6939474184508,276.75106985601155,274.66374628465456
2007-08-14,278.1728871374564,275.7983204679149,273.63600373069943
2007-08-15,276.0081590040146,272.9873889391559,269.6519817323854
2007-08-16,273.54174123773913,270.4556777256187,266.86759793404246
2007-08-17,273.709070841897,270.64835001604644,266.7527302161803
2007-08-18,273.38142777070084,270.3476849482396,266.71856739858845
2007-08-19,274.573822034078,271.68471100348796,267.81286370576316
2007-08-20,276.4394695916018,273.78278904646925,270.46321451259655
2007-08-21,276.61369108953426,274.15725821687056,271.2193936763058
2007-08-22,276.99664519068006,274.9047133639968,272.7093970218876
2007-08-23,276.81504908739277,274.51503193771094,272.13280849806694
2007-08-24,276.83592379684137,274.4516680123255,271.88685371437737
2007-08-25,275.66897801074276,272.93162832610096,270.03410208179514
2007-08-26,275.33905950735436,273.011201821694,270.13367053051405
2007-08-27,275.0551017001122,271.95617922887635,268.4732371539033
2007-08-28,274.24188382736844,271.5097737342408,268.2315455275556
2007-08-29,273.65149993640074,270.73320258276107,267.6053785254914
2007-08-30,273.4092926683131,270.6370329164838,267.53239072280877
2007-08-31,274.2883371657178,271.78366719282616,268.40590840490586
2007-09-01,274.694698920222,272.13804891655764,269.1372621915134
2007-09-02,275.0922603125506,272.6287464781322,269.58362480695854
2007-09-03,275.28387349901743,272.78302767606823,269.88432738174816
2007-09-04,274.59090825796045,272.0908195702326,268.8582305889783
2007-09-05,274.7310308114117,272.3987107984045,269.1388623418946
2007-09-06,274.78775507294876,272.5254747718757,270.1151779669237
2007-09-07,273.0779304653079,270.68149407721165,267.5908109741674
2007-09-08,273.3622865044035,270.69666718298396,266.54975080019966
2007-09-09,273.69241936403023,271.09454847451974,267.2700762211666
2007-09-10,272.49906960412824,269.7224904426606,266.89448262421206
2007-09-11,270.71568684360284,268.2499235463437,265.26968920387617
2007-09-12,270.33346857931343,267.0916992566284,263.61315706011254
2007-09-13,270.4384119089423,266.91941505945823,263.119227577797
2007-09-14,271.123885773137,267.89453589565454,263.8497247718903
2007-09-15,271.2218656405469,267.96740671996133,264.3239274982029
2007-09-16,273.02444043728127,269.6165841126698,265.630311977681
2007-09-17,273.981475958536,271.52317515033843,267.9740329661097
2007-09-18,274.9151595019187,272.5206558303843,269.30226736329587
2007-09-19,275.4331340555492,272.8024786477931,269.77886532389215
2007-09-20,275.0733824615104,272.31958040696395,269.06537347697923
2007-09-21,273.654147480513,271.22550395378636,268.5889111954932
2007-09-22,272.15435034166353,270.007144969288,267.2023649791403
2007-09-23,270.42281824538804,267.7606389175234,264.2029105268824
2007-09-24,269.4565647777664,266.5607356267475,262.6539231721107
2007-09-25,268.6345002308819,264.87741536319623,260.11299159605136
2007-09-26,268.17673344541464,264.3161787835666,259.35756420554026
2007-09-27,267.6743516622232,264.3439840943391,259.602600817953
2007-09-28,266.2678795620044,263.27532352735466,259.3884556601628
2007-09-29,265.7146731391246,262.4074537977471,257.82167857255865
2007-09-30,264.33999826705326,260.31905788403014,255.05113369665162
2007-10-01,264.12789763906517,260.67829172551666,255.16615632678977
2007-10-02,264.792121801305,261.5493447628156,256.7143641404696
2007-10-03,264.92236638048126,261.5439446808805,257.0814137930628
2007-10-04,264.5199631361059,261.2568672038052,257.0652295465601
2007-10-05,264.0091082547085,260.6260538089836,256.54258132767427
2007-10-06,263.9682870817696,260.63998791944505,256.4411879803993
2007-10-07,262.43774083474057,258.55867638953083,253.32076005094558
2007-10-08,262.14387819656486,258.30905889125705,253.68562449664492
2007-10-09,261.9231286309906,258.35229216109155,253.50703999563663
2007-10-10,262.4889466306987,258.6441582709695,254.0800095362759
2007-10-11,262.40454590868086,258.60683903924667,253.93815132848204
2007-10-12,262.1846088263503,258.04012833784344,252.93068590576442
2007-10-13,261.19937287269414,257.1533998128252,252.42738209349793
2007-10-14,261.60378060896994,257.8651240363593,253.07601886327708
2007-10-15,261.6791976935328,258.1638124942626,253.90704614551285
2007-10-16,261.46231008665853,257.8204735118543,253.78364523473465
2007-10-17,261.1994969428831,257.6797502089255,253.50125911009607
2007-10-18,260.05985781450545,256.27913634368787,252.57271018622507
2007-10-19,258.92448660291706,255.70819318780033,251.49106972255487
2007-10-20,263.0116045571257,259.17456522301165,253.6637036937214
2007-10-21,261.78812200237877,257.7672968314316,252.47903230801253
2007-10-22,259.3427862216406,255.62294195072855,250.80938236453858
2007-10-23,260.11979060694796,256.7558311036624,251.21829814558185
2007-10-24,262.41493634723224,259.17318662513276,254.2889436798574
2007-10-25,262.5469901897862,259.83954769197015,256.0547096220598
2007-10-26,262.88972598974664,260.12833780158627,256.83485938948184
2007-10-27,261.5246965234425,257.4218934974244,251.47243454883892
2007-10-28,257.97009813697974,253.88421175112165,249.5099077229854
2007-10-29,257.26882450448875,253.72903589499813,249.52652657802284
2007-10-30,257.52854470319494,253.33481222731425,248.55579044436777
2007-10-31,256.64675269789905,252.65179137865726,247.85865173085713
2007-11-01,255.62869993304122,251.26352969623753,247.1021701967649
2007-11-02,255.55749973738787,251.01775795133238,246.1498459524781
2007-11-03,258.04270881686676,253.93281299301233,247.82211024930507
2007-11-04,263.35986185618253,259.63766971025774,254.37138434180062
2007-11-05,262.3496333149451,257.3280028438922,251.63310082301575
2007-11-06,258.2816539016345,254.43092787138244,249.74862436557606
2007-11-07,259.0616458943516,255.70068066071423,251.08632014975774
2007-11-08,258.7524363588715,255.37067730745613,251.21277846523486
2007-11-09,257.217917083146,254.08783704748453,249.98358132240594
2007-11-10,259.05671965193795,255.50401260929192,250.56216635941138
2007-11-11,257.95208818124917,254.05631029862565,249.4159619956303
2007-11-12,256.90771465991634,253.29994132273313,249.11690065558508
2007-11-13,257.68456003811974,253.52606803782265,249.37486428299493
2007-11-14,257.40651485336906,253.60371357995527,248.90656631485595
2007-11-15,257.87215242103775,253.71446199701393,248.96761722056897
2007-11-16,256.2670107345567,251.8828577241273,247.40262854341094
2007-11-17,254.1665913591947,250.6024110659224,246.32103160281213
2007-11-18,254.3615501843543,250.84825112517117,247.0737302245407
2007-11-19,255.42166575610216,251.86557274758346,247.2458011480224
2007-11-20,255.7206532540311,251.73793531264548,247.7667463235913
2007-11-21,254.76233031700698,251.2429074060187,247.36109663577218
2007-11-22,254.71351927138758,251.33699150962775,247.6219189359185
2007-11-23,255.26606867254566,251.92541139945504,248.04504958915385
2007-11-24,257.4484917602759,254.2840818314855,249.78264605510222
2007-11-25,258.6544924841224,254.6170447470217,250.36296228651182
2007-11-26,258.6198460685255,254.53806423896557,250.46493481721052
2007-11-27,257.27614929237103,253.1012011259975,249.20413889094326
2007-11-28,255.95216255028012,251.34822115805375,247.46449362081685
2007-11-29,257.3282831785367,254.04889928318656,249.05018620888018
2007-11-30,258.0581249016891,255.27267729507423,251.21384611396815
2007-12-01,256.1652653675079,253.1853656070897,249.07235203911532
2007-12-02,257.3895687162425,254.05162651739442,249.03239085510114
2007-12-03,253.58061453542402,249.5730569241448,245.30715643237806
2007-12-04,253.02008138929642,249.5285942874924,244.8637980883126
2007-12-05,254.53472385773102,251.18979818318638,247.4741804284643
2007-12-06,257.847669791693,254.5970243950679,249.83870243715674
2007-12-07,257.5244589242104,254.2800402014989,250.18499891200742
2007-12-08,253.88650783404358,249.73708492178906,245.25963714464714
2007-12-09,256.83750198144025,253.72368425595423,247.6668661928479
2007-12-10,255.10514934749182,252.0600064538613,247.21621896190766
2007-12-11,252.22100971904396,248.91641788113293,244.80129720124953
2007-12-12,252.4764004945292,249.2935351259874,244.35506774116973
2007-12-13,252.72167753356442,250.1999108039776,246.6712731460227
2007-12-14,251.57239020597532,247.44264882279927,240.267882800596
2007-12-15,246.39671210112795,242.65211117957168,238.5385381825929
2007-12-16,247.7604391586995,243.543018178706,239.0189055278067
2007-12-17,246.62765779604854,242.7814734192089,238.88323999082888
2007-12-18,254.88993415823663,251.07827571882441,242.79857442965266
2007-12-19,256.8058521767008,254.71164631192184,251.89408914372405
2007-12-20,258.14902336812423,256.2239411601933,253.8681420686723
2007-12-21,258.8584242573218,255.35737825785347,248.81161210088928
2007-12-22,252.656113328451,248.89586735385882,244.66389947867006
2007-12-23,256.03036309825234,252.63793285757157,247.10056894699093
2007-12-24,256.51664257370487,253.76353144886002,250.0224290082754
2007-12-25,253.9174945529213,250.30162521971903,245.732511964359
2007-12-26,250.33568866898702,246.80674831673795,243.31173077242318
2007-12-27,249.84448768966564,246.17270042863322,242.15103827353985
2007-12-28,247.8512716988772,244.59776130636956,241.27230038269772
2007-12-29,249.58884134437002,245.66802419078172,241.10638954848037
2007-12-30,246.20747995725495,242.43317743263745,238.619319619476
2007-12-31,244.60671142296778,241.15251621465228,237.90406347394054
2008-01-01,247.62109772779795,243.71251436008498,239.06602065548395
2008-01-02,248.07070848600085,244.03668397548805,240.00627249906532
2008-01-03,249.4963702374789,246.0736877006241,240.36330786184755
2008-01-04,254.1109570853293,251.56895957156493,247.82463672700894
2008-01-05,255.7384635795707,253.86664993924745,250.68665716771125
2008-01-06,257.9794824730041,255.1971253245176,251.2056537332554
2008-01-07,257.2933754957164,255.26082009902413,251.92502922138956
2008-01-08,259.57239835788573,257.9081116690758,255.0489015749007
2008-01-09,258.27417814333387,256.29921413987097,254.03528292329506
2008-01-10,254.70641429106738,252.47594751031133,249.9845206029664
2008-01-11,251.48509444296073,247.972587871021,242.87670871392544
2008-01-12,250.83403229327268,247.89283984358684,242.61891426397744
2008-01-13,251.69583151935333,248.87340369010784,245.33572009595855
2008-01-14,249.34800809875995,247.2056904181591,244.7820965190355
2008-01-15,253.94220817811296,251.70991580343824,248.1846494542118
2008-01-16,258.82143583305384,256.92028857667117,253.0491697505073
2008-01-17,258.97140189055443,256.51268972655595,252.96156818272985
2008-01-18,254.9419233573336,251.8583017317267,247.26271206537865
2008-01-19,249.41850571793952,247.1846232124596,244.46884813563065
2008-01-20,246.86735670355185,244.4285933727708,240.57861344681274
2008-01-21,243.0002064357928,240.8308399543964,238.46156638928096
2008-01-22,246.20766228641233,243.93623907874155,240.54849452181713
2008-01-23,246.65711318766648,244.2453910803156,241.84943767980727
2008-01-24,245.0021057756345,242.45104847576582,239.2241791796365
2008-01-25,244.05135073039403,241.58494839866768,237.90553148372595
2008-01-26,245.42187284132748,241.85844036943928,237.25700322598723
2008-01-27,242.25555647040932,239.47359035993048,236.27331669156004
2008-01-28,248.4363004518724,245.11684085181923,240.05674166102852
2008-01-29,248.28308794043946,245.15331504157308,241.4546359126346
2008-01-30,245.16028007417495,241.82855140842858,237.2988086842789
2008-01-31,241.39132448731758,237.54243462241158,233.3561778141449
2008-02-01,238.94903526889425,235.19195379928547,231.92092356213738
2008-02-02,245.8878713443607,241.21361218689032,233.2731978938238
2008-02-03,252.3187807251482,249.29597023368163,245.22878542616198
2008-02-04,252.208501883305,249.7409463287311,246.91114140083673
2008-02-05,252.67802119678336,250.35684136833504,247.6987858463807
2008-02-06,253.14765315957308,250.7753122429612,248.23889934370072
2008-02-07,253.16628714434788,250.9768666870804,248.3516594453743
2008-02-08,252.1665039587308,249.47720716044526,244.4878242046322
2008-02-09,247.63785380310293,244.37537605055454,240.42266700662537
2008-02-10,245.70548641897886,242.61777294036938,239.355056619839
2008-02-11,246.7708791273946,243.2464059360688,239.17074257492777
2008-02-12,244.977001086483,241.18567387548916,236.977753920728
2008-02-13,243.78471052878123,240.0959899213702,236.16005717072767
2008-02-14,251.36863024541157,247.77547127626758,240.65243918534475
2008-02-15,254.02433394774852,251.29143633220386,248.04975611904246
2008-02-16,256.5208848250327,253.78497262375387,248.62728445612757
2008-02-17,256.85782996428065,253.32625290559253,247.68799653940042
2008-02-18,251.55502495699622,247.28136571116173,241.68760326139224
2008-02-19,247.14002495586246,242.7883552992755,238.3081865643985
2008-02-20,249.84231453597727,244.30868584993365,238.97298389539566
2008-02-21,259.0003482732908,256.07543615001947,248.79565515641931
2008-02-22,258.73559370915103,256.65444901903965,254.04639136443893
2008-02-23,257.75331937481343,254.7422594799712,251.31272729195726
2008-02-24,255.14884221531443,251.91973823357836,247.9623313266931
2008-02-25,252.22928179951074,248.0702243273946,241.6518979928415
2008-02-26,248.66403894963958,244.89974334984808,240.57479556411354
2008-02-27,247.74771930731063,244.12322859371574,241.05794695574133
2008-02-28,250.08925062751666,246.56105733675577,242.27047082281425
2008-02-29,254.36587279024405,250.48698385766244,246.02479781710142
2008-03-01,259.1171293720083,254.9055435498376,249.42180672037188
2008-03-02,258.10511442832103,254.35635352148356,248.73430329787172
2008-03-03,258.6800543327385,255.4449380411883,251.66304589512407
2008-03-04,259.4814359239797,255.8625537478786,250.90859756973114
2008-03-05,259.0044672394253,255.22859356207212,250.06082344657594
2008-03-06,260.8137481874863,257.5759722089824,253.16816044136178
2008-03-07,260.2738464557796,256.9207464580894,252.2557916440154
2008-03-08,259.22989358159174,254.0204642045669,247.7901767701709
2008-03-09,257.1624819719176,253.2759865296987,247.32391984136504
2008-03-10,258.8428624902855,255.31135252082802,251.0687475633366
2008-03-11,258.90218423594393,254.36840198620982,247.32032888833177
2008-03-12,257.2897254513511,252.2482059955305,246.19952497318133
2008-03-13,256.6499376376552,252.05703823015259,246.36386713282377
2008-03-14,256.9745077506663,252.64827474018472,247.71127905904177
2008-03-15,257.268920605845,252.37426469137665,247.90299413438962
2008-03-16,258.01172960915125,254.13983843804434,248.21093738830882
2008-03-17,261.13077667503694,257.74157185675523,252.150083860468
2008-03-18,260.00295746279966,255.99332727510134,250.86823256885648
2008-03-19,258.36248951728237,253.9928454450249,247.86906671600394
2008-03-20,257.02282548468713,252.35794430152097,246.66184028420997
2008-03-21,257.18931186411527,253.36901545837577,247.7067413104514
2008-03-22,259.3857413207,255.44823113406395,249.24725856463218
2008-03-23,258.88318618480673,253.4667233759672,246.5378837316089
2008-03-24,256.5843304414983,251.40853435749395,245.10049213252213
2008-03-25,255.80519251615888,250.3813880802936,244.42627335998853
2008-03-26,257.6879407170729,253.61769477366497,245.69994966278531
2008-03-27,260.9990070810853,255.76706527581985,249.11431782766164
2008-03-28,259.8297647880601,255.01064844456124,248.56238516130202
2008-03-29,260.0705509646032,255.11213133032118,248.5693704259961
2008-03-30,259.8562907430787,255.86794600815838,249.23174087198004
2008-03-31,261.1057368832762,257.45432659670666,251.74897636925994
2008-04-01,260.65377720940967,256.64129036512486,251.1415987160492
2008-04-02,260.8900781407231,257.5577551754358,251.30745972264342
2008-04-03,262.187110817646,258.46430836280973,253.00426437598136
2008-04-04,262.1600413108516,259.01946442780076,253.45403024803866
2008-04-05,264.9375638577348,262.18542391370863,257.312159627493
2008-04-06,262.2766529697402,259.73783795380905,256.2740813650265
2008-04-07,262.1942514767194,259.99777485288195,256.23022155217353
2008-04-08,264.10609089582147,261.5924943623031,258.2778056980474
2008-04-09,264.88590572363904,262.7001948304697,258.7799142681408
2008-04-10,266.9568229802699,264.9137110226816,261.4880805765441
2008-04-11,267.0262619803285,265.133839019327,262.3109797995967
2008-04-12,265.73596501889506,262.74516431514434,258.21234056686825
2008-04-13,262.25700115028417,258.99727772173713,254.20359321038185
2008-04-14,264.05239464023396,261.1162249273579,254.36430552333007
2008-04-15,264.5032263432524,262.3056386776949,259.6839253872535
2008-04-16,263.6270653091632,260.9538646068953,255.7126830383111
2008-04-17,261.7648411716755,257.8433499485821,252.6159440379763
2008-04-18,261.76622922761067,257.30077045317876,251.67612553741026
2008-04-19,261.8071834423062,257.25602363903016,250.9685516036747
2008-04-20,261.98459499609476,256.48013706819773,250.0515128574057
2008-04-21,261.36259500667046,257.0429215964721,250.57478011303203
2008-04-22,262.4283800864074,258.742794650621,254.23707666919313
2008-04-23,263.79103461215215,260.1219288697453,255.4072640123335
2008-04-24,264.08902434021525,259.7006690615143,254.60375408881376
2008-04-25,263.8691971839024,260.48534581024757,254.70118870378036
2008-04-26,264.7089553143688,261.7113309189972,257.14657375045294
2008-04-27,263.92130708410855,259.9988926563425,254.5984017484201
2008-04-28,263.1047334791554,257.57892688447595,250.5863880296885
2008-04-29,261.1535967671971,255.93080157566078,249.55740074108488
2008-04-30,261.7726689244871,257.0499024008371,250.73285186574023
2008-05-01,263.1852479792974,258.48932465853926,252.3732500042693
2008-05-02,263.2764851106545,258.85971747332223,253.1336811754561
2008-05-03,264.22037149635537,259.16711508762285,252.99352746521978
2008-05-04,265.10016844872166,261.6979278434631,254.03861454146266
2008-05-05,267.51788949495796,264.59931898746817,259.20357335169297
2008-05-06,265.08915188880627,261.34318153771085,255.46188376507112
2008-05-07,263.5664174702398,258.97373412610216,253.61835484924242
2008-05-08,263.25161669183245,259.1527271945713,253.4382837448283
2008-05-09,265.90017543361586,262.1548514914683,255.725329022546
2008-05-10,266.91141148511736,263.83459794519774,259.44937468076716
2008-05-11,267.32952840874646,264.52633498576785,259.76048073813473
2008-05-12,267.61845133800267,264.66641064943957,260.0799076360414
2008-05-13,268.2789925976723,264.59586577906964,259.5938973200621
2008-05-14,268.3782912346284,264.2335353138279,259.1979717363415
2008-05-15,268.77077249684766,264.44626157717954,259.68069181325086
2008-05-16,268.56526280457444,265.52029725798224,260.9146591399827
2008-05-17,269.8536632874285,267.19276880095515,261.9719934381216
2008-05-18,270.49837095579096,268.2952305441297,265.29874969764495
2008-05-19,270.6016900675381,268.0530768956938,264.6630587945277
2008-05-20,270.19140425245445,266.97369168167523,261.78334203127326
2008-05-21,269.9572626453559,265.9725447416476,259.7600194604968
2008-05-22,269.1456659591196,266.1055470919694,260.70261022400706
2008-05-23,270.8801463955754,268.23810612189686,264.1082625223379
2008-05-24,271.4245526246999,268.4256648546782,264.1086580586423
2008-05-25,270.89504489167575,268.62301511551084,264.45180644071627
2008-05-26,270.25715085225073,267.9163393832673,264.82032107927654
2008-05-27,269.4517849917351,266.78120671647,263.06029567576684
2008-05-28,269.47117374860176,267.0150581228716,262.58429245095334
2008-05-29,270.5348038069948,267.84560050973147,263.9392957755188
2008-05-30,271.0402023365352,267.98579699669637,263.12534223584254
2008-05-31,271.1155971689262,267.96116958558434,263.15552295399783
2008-06-01,272.15040174467606,268.7001390964527,263.59491143107937
2008-06-02,272.42021450299245,269.9132385109576,265.8714098089173
2008-06-03,273.61175913550903,270.4804989580592,265.558020044215
2008-06-04,273.08620024153856,269.2224808013283,263.6769314197121
2008-06-05,271.43396282028283,267.41593437828027,262.3214924122945
2008-06-06,271.19005552243266,267.39086267347017,262.3745394303657
2008-06-07,270.95457526849094,267.6085894634175,262.8137261080202
2008-06-08,272.23238547786735,268.93318127984344,264.48937014662494
2008-06-09,273.28082817030526,270.3697831220356,265.96156014578116
2008-06-10,274.4564881078082,271.41676127572794,267.86774808927703
2008-06-11,275.47163437940077,272.517389704501,268.8890935099214
2008-06-12,276.6384548506935,273.7473827240816,270.00839798748746
2008-06-13,276.95187331211866,274.2859725055561,270.9848411579494
2008-06-14,276.6958686677221,273.98792759556676,271.218306442153
2008-06-15,277.38309753536447,274.8498932629799,271.57801350425405
2008-06-16,278.14992107503883,276.1958218587443,273.18242172176
2008-06-17,277.4516764788678,275.5256439393595,273.7082062572085
2008-06-18,277.16165939696214,274.66201592517723,272.45704679856175
2008-06-19,275.6705984907127,273.47072062583845,271.24771173814116
2008-06-20,274.6369938119605,271.9018472550945,269.03145819010655
2008-06-21,274.41376602443466,272.0150783164897,269.2060423244471
2008-06-22,273.72386506503193,270.9373346880871,268.09403818068563
2008-06-23,273.6160365061568,270.86091620772305,267.97403566413993
2008-06-24,273.27692608686147,269.7027285714078,266.3399838699885
2008-06-25,272.62569008477465,268.8072493505439,265.1071389580448
2008-06-26,273.84249846508794,270.4450538270515,266.6029644190551
2008-06-27,276.0944192907901,273.41890228738,270.012674601485
2008-06-28,276.83018124575386,274.0839476819069,271.22683041053324
2008-06-29,275.89682797651193,273.2640081682553,270.40291127845
2008-06-30,275.40832026541455,272.55168119485353,269.2786219842402
2008-07-01,274.54656421661764,271.8248730479459,268.5067086540205
2008-07-02,274.108795448796,270.34594546086055,267.0875657912428
2008-07-03,273.503691802747,270.13238680068025,266.65617362146884
2008-07-04,275.2983901981752,272.2434498263631,268.6642688725599
2008-07-05,277.013448766704,274.0451854997923,270.4081244837741
2008-07-06,278.6301078563116,276.50596824856115,273.6117994845753
2008-07-07,278.667161143572,276.6651210657692,274.6816063707504
2008-07-08,277.9628456319744,275.72707763732535,273.65307188543204
2008-07-09,277.479925468185,275.5113506603981,273.4158054818214
2008-07-10,277.19614707962677,274.55083476464876,271.67158716329715
2008-07-11,276.9350216857555,273.9798118162348,271.1722465117732
2008-07-12,275.4775145540997,273.0840364256659,270.5843568782342
2008-07-13,277.05113044681957,274.49673576920924,271.91172668809946
2008-07-14,277.59807928521445,274.8129128113975,271.7263551561672
2008-07-15,275.32454111309363,272.4379694508193,269.72465299908566
2008-07-16,275.06653090157636,272.30118405338493,269.04623332627705
2008-07-17,276.4172341658812,273.52000280239395,270.37073747382055
2008-07-18,277.97848346231797,275.0555851824063,271.72413145963327
2008-07-19,276.4761806924181,273.97279725366155,271.28513700739825
2008-07-20,277.54444219795107,275.4171389601747,272.78142100331644
2008-07-21,277.9475845436762,275.9757241149019,274.1394366168118
2008-07-22,277.2760993291845,274.81409138060474,272.07536434515066
2008-07-23,276.5883323341727,273.8922212426142,270.88405699566454
2008-07-24,274.9523792855657,271.5914488557895,268.2102338643216
2008-07-25,274.99210358124645,272.22742359016456,268.64948726123646
2008-07-26,276.06136039489184,273.4391815936221,270.35943975130124
2008-07-27,275.6666457051767,273.0381347567143,270.195167096168
2008-07-28,275.64757817347794,272.9323411614128,269.7816201761415
2008-07-29,275.979041434993,273.39190707973023,270.8512006615951
2008-07-30,275.22600615002284,271.6314697649299,268.366329197683
2008-07-31,274.5888129457652,270.47242525230484,266.6708292753579
2008-08-01,275.7549044313292,272.5134632349871,268.90351183690785
2008-08-02,276.63548287537856,273.7717906220944,270.88538827164587
2008-08-03,277.63350324165106,275.3796284897247,272.90199169485015
2008-08-04,277.97004855236247,275.9150363182635,273.6424323716962
2008-08-05,278.95827002648525,276.90475671356296,274.47817276307063
2008-08-06,276.5371584796195,273.74936547778606,271.505780995878
2008-08-07,275.51019908493174,272.83828169958684,270.1839911476097
2008-08-08,277.05301703770834,274.72090826915485,271.829295850652
2008-08-09,277.32011373702227,275.3172967390905,273.43395472536446
2008-08-10,278.0900599602132,275.71375371941474,273.61135073010234
2008-08-11,277.2229966651757,274.87867298803155,272.8348944523357
2008-08-12,277.3236958436002,274.9481896410221,272.63351770412856
2008-08-13,277.4646445778894,275.14323194674563,272.91311716804415
2008-08-14,276.50028930534154,274.68136545727543,272.75360824560823
2008-08-15,278.8893970057116,276.3760265716288,273.8843560874187
2008-08-16,276.77223255171384,274.75135722708706,272.9265405521042
2008-08-17,276.2834490605776,274.22458794615966,271.9460012077522
2008-08-18,274.7037626683309,272.3173213344359,269.16121200894816
2008-08-19,273.9237949250682,271.0868779239341,267.89082407737413
2008-08-20,274.72786498414575,272.25771918346567,268.8217757949238
2008-08-21,275.75187210382484,273.46688429290396,270.4510568485963
2008-08-22,276.1696357191526,273.67115736063477,270.92622163342793
2008-08-23,275.5808100577799,273.4968354062418,271.0731872253183
2008-08-24,276.31171156970834,273.86668088673855,271.1885532917437
2008-08-25,275.8082320462185,273.1015112437413,270.161578227141
2008-08-26,275.2755980833812,272.36331866723947,269.33079259629613
2008-08-27,274.4608694604082,271.9317165854884,268.8623935892714
2008-08-28,272.8890817439701,270.5280555090085,267.99258971476394
2008-08-29,271.85293775916256,269.5980193058195,267.4465882725619
2008-08-30,273.2503032546262,271.0150592880499,268.15996434991735
2008-08-31,274.19102156491493,271.93214307875104,269.15347617289154
2008-09-01,273.1847872208297,270.6578264749368,267.6500623183293
2008-09-02,272.57284608319145,269.9397505159332,267.1769829890175
2008-09-03,272.59494842350944,269.95373047993445,267.15967463924
2008-09-04,272.7766433014472,269.7313829735477,266.239929574931
2008-09-05,272.23402421021916,269.6720398079178,266.28112087040233
2008-09-06,270.93379897952116,268.9027910001298,266.0745070417004
2008-09-07,270.8108918912032,268.799556800329,265.8958694352295
2008-09-08,271.15081248382984,268.4951004374346,264.14331454245473
2008-09-09,269.539111006954,265.61290734499084,259.3000063474917
2008-09-10,268.5052679528078,264.3879913522906,258.9948082985811
2008-09-11,268.80992778446256,265.0310696484296,259.8816640278722
2008-09-12,269.15304428791313,265.3743573826615,260.6608996957623
2008-09-13,269.1107589636641,265.29848782502165,261.04496721069296
2008-09-14,269.3408041679636,265.6974074570186,261.4813450561289
2008-09-15,269.97934018321524,266.1024835254027,261.59427988756465
2008-09-16,270.22754435878676,266.8001498252098,261.919823484408
2008-09-17,271.67527542377024,269.1734381587529,265.2443877758717
2008-09-18,271.9489097021345,269.1946151850704,265.69711385097696
2008-09-19,271.13148301765534,268.4873632279611,264.3039221084926
2008-09-20,270.8792595263839,267.469553630842,263.0340864698498
2008-09-21,269.42556908450155,265.9727708016058,261.13386572734555
2008-09-22,269.48794292146704,266.2531655748559,261.20518339119326
2008-09-23,269.0147113021199,265.9367329754245,261.8598996314655
2008-09-24,267.57622957742996,264.4302098889655,258.8928721058422
2008-09-25,266.6558697674848,262.8248344328778,258.2171306155126
2008-09-26,266.6598487595323,262.70129986844427,258.1833646493305
2008-09-27,265.3206145627907,261.8907410837165,258.00762258231254
2008-09-28,266.9365154173178,263.74456925849256,259.00542473710465
2008-09-29,268.4156361528941,264.22724666195614,259.69916525465214
2008-09-30,267.46596685361914,263.91462438654776,259.3496494603832
2008-10-01,268.16077351487047,264.2536676385306,260.13401034794873
2008-10-02,267.5973484789697,263.610176193872,259.2259246977973
2008-10-03,266.7037419269778,263.0247631433143,258.81829756819377
2008-10-04,265.7451226412296,262.36789608197324,258.7779250565703
2008-10-05,268.0105679681481,264.8382911357409,260.3565198600262
2008-10-06,269.1349096343283,265.97864538508276,262.5952043985061
2008-10-07,268.5847503456395,265.9994507814097,262.4300730139526
2008-10-08,266.7837952685412,264.2452709621356,260.6934109691548
2008-10-09,265.08042472326224,261.5367900113857,255.77718594397967
2008-10-10,263.8734987009222,259.89785455502994,255.18689074425836
2008-10-11,263.6434928321977,260.11255610068173,255.1745695626905
2008-10-12,264.51506374245577,260.93296213106913,256.2070618489686
2008-10-13,264.83062425540874,261.1460798563641,256.53042967465643
2008-10-14,265.74033782887244,262.8176962177444,259.40746171930135
2008-10-15,265.8081170537993,262.7665109578744,257.7341949544018
2008-10-16,263.06047738368676,258.91752761577095,253.0194899845856
2008-10-17,260.21888193398064,255.9386406401648,250.6518612610868
2008-10-18,258.0228804938614,253.95104274011763,249.77334059398655
2008-10-19,260.40724565262144,256.8554018045693,250.63726171215527
2008-10-20,261.9290786723763,256.98320051589934,250.47482259756035
2008-10-21,257.0035331607541,252.55619548662239,247.8839820164863
2008-10-22,257.6601694823714,253.69042291959832,248.22758932530883
2008-10-23,258.16630492458916,254.39410229026873,250.35222189061858
2008-10-24,257.24065870885386,253.62512689878287,249.73069716627452
2008-10-25,259.25204439856293,255.50903222238082,249.90813726291492
2008-10-26,259.1298686674265,254.205115203222,248.94172002994492
2008-10-27,258.2468626200222,254.4071873406273,249.47313786188755
2008-10-28,263.4645098640368,259.60258452656933,252.62598499181502
2008-10-29,263.6776665693919,260.46746798226786,256.4155157150164
2008-10-30,262.99487044482134,259.7070744805443,254.51192529432592
2008-10-31,260.2050910171103,255.30581804606945,249.32403348187384
2008-11-01,259.2915893637543,255.14487088423058,249.41505493403008
2008-11-02,261.72651201884617,257.8190691288151,252.86472280455345
2008-11-03,261.7681176121739,257.28437084439446,250.34355568335172
2008-11-04,257.0084257677872,252.15339384468734,246.32756042401516
2008-11-05,255.950979727212,250.8537744860115,245.01643909594114
2008-11-06,259.1664723466851,254.6564522855178,248.32541916838554
2008-11-07,262.0803831457444,257.73068407238327,252.44991575312037
2008-11-08,261.98601938717036,257.5212070327702,252.31924733681706
2008-11-09,261.05839527570504,257.1167105881145,252.64205129610278
2008-11-10,260.2261356967984,256.5729249995251,252.32172556203952
2008-11-11,259.60019505308776,256.36146787307905,252.00132611461822
2008-11-12,260.68860864309636,257.9856471070525,254.05449345902676
2008-11-13,260.64662361525643,258.5763895416746,255.93535089911242
2008-11-14,259.4656033283434,256.43640739512114,251.60549492184998
2008-11-15,256.17218094822044,252.7032656547354,248.8441620797479
2008-11-16,255.5796522852143,251.9984862751563,247.64118359176928
2008-11-17,256.4937840056642,253.06388824432747,247.67344086819972
2008-11-18,256.48017129282334,252.94035972642425,248.7850752535613
2008-11-19,258.0702000773417,254.76930980000645,250.96338452813671
2008-11-20,255.74368263482543,252.02167789721648,246.33515813676414
2008-11-21,250.90317559685965,246.93737522699837,242.56831367054968
2008-11-22,252.64794199773652,248.95532022582398,243.4226517052052
2008-11-23,255.20152055524338,250.93543546885846,246.14541454909815
2008-11-24,253.04355770791972,249.01129640615721,244.5761651549614
2008-11-25,254.94988154244203,251.0199311592064,245.76575751487962
2008-11-26,255.2807818786402,250.41566504456588,245.13290804688543
2008-11-27,253.54355748641692,248.70280909851635,244.48709860693094
2008-11-28,255.0071481889193,250.28510935586652,245.30386674300462
2008-11-29,257.1376830250104,251.63006797689854,245.71753363019707
2008-11-30,256.2712992702941,251.02264388600528,245.2553732152796
2008-12-01,257.2815035384685,252.43522277994504,246.29281238194196
2008-12-02,255.52226247606242,250.5119712074408,245.38872262333254
2008-12-03,254.77005166964616,250.40538723710233,246.49319280636604
2008-12-04,254.32384783468967,249.94156644833112,246.07425600299248
2008-12-05,254.20428643611675,249.59848627140616,245.62905383836906
2008-12-06,254.3708694993793,249.75069356301097,245.49703364499268
2008-12-07,258.9828833738393,253.6280662737046,245.99819147650547
2008-12-08,262.6799587352143,260.83614927772163,258.15445317832155
2008-12-09,261.16616686571746,257.588463619708,251.19785503445829
2008-12-10,256.00716427018506,253.1335134783524,249.7368157814038
2008-12-11,253.8169120603273,249.83298589676997,243.527330001428
2008-12-12,247.3822969352145,244.04441955414015,240.07000521227528
2008-12-13,245.52447018907387,242.1671701044102,238.52502698750712
2008-12-14,246.73417230339746,242.95623069025663,239.10650874583868
2008-12-15,253.18961237108738,249.7678662366161,243.89193752845168
2008-12-16,257.29169852075364,255.24976960376068,251.65448587953455
2008-12-17,258.874268670149,256.6857183774271,253.81333633059478
2008-12-18,260.0341546656814,258.12783332956286,254.86382053589674
2008-12-19,262.48920199122523,260.65548257345057,258.03448195213184
2008-12-20,263.25048638216253,260.604734121818,256.7950179081985
2008-12-21,257.4509626036212,253.49131641921568,247.44327256994643
2008-12-22,249.90888892506123,246.84441385458604,243.54657056985377
2008-12-23,248.5319237631342,245.80890832015987,242.7157181952367
2008-12-24,248.8199404491695,245.36370867234277,241.4558566751575
2008-12-25,248.86139363287612,246.03996058185604,242.03541932052164
2008-12-26,248.50905466229358,244.56398822424637,240.05918940731908
2008-12-27,246.097471368037,243.77251252740663,240.89394298812903
2008-12-28,247.5427861237391,245.09436914903296,242.09092206461477
2008-12-29,251.88517764151507,249.18323888966805,244.28590417855767
2008-12-30,251.7004012985959,248.63222364989574,244.2863317588973
2008-12-31,247.24809767374563,243.47760823909377,238.9239054781877
2009-01-01,244.8589397201904,241.64974505324435,238.10340310102634
2009-01-02,252.59223408348288,248.75844671626962,242.10630797275934
2009-01-03,257.1957215762302,255.29688321416864,252.02683334014858
2009-01-04,255.6053503818476,252.19463847969334,246.98071999126284
2009-01-05,248.66339930880042,245.30772943327923,240.2322312173544
2009-01-06,244.7483340929091,242.53827493013557,239.7159678390646
2009-01-07,246.86604922195235,244.2144887131306,241.0734148821984
2009-01-08,246.28080070797353,243.15618667353718,239.45408538706178
2009-01-09,246.2400173478364,242.9875350532596,239.2248016801179
2009-01-10,251.38674530895292,247.30668760263896,242.15707021805088
2009-01-11,247.03591458515498,244.43452042857393,241.36127563509794
2009-01-12,249.61972061774273,246.74468892765194,243.52785692393377
2009-01-13,252.141459237749,249.41221822914025,245.50487793030865
2009-01-14,255.95583475516426,253.65754897428627,249.66062601161394
2009-01-15,258.3389770160369,256.53315645516676,253.59968305986152
2009-01-16,260.2980227318305,258.89688513627505,256.71688736473254
2009-01-17,259.6477923859577,256.9793466799126,253.28560532281708
2009-01-18,257.9881975690647,255.9623874004792,252.85747387216037
2009-01-19,254.98666845273257,251.46668526622815,245.82283222837947
2009-01-20,248.0995304194902,245.13836306513116,242.16570016333478
2009-01-21,251.16768891768953,247.9614890708773,242.94040322768157
2009-01-22,255.9116418957043,252.95243138940202,249.40918123937118
2009-01-23,255.8530243440295,253.28319646872671,249.64579060366634
2009-01-24,259.5897362186681,257.5070124562783,254.50098988389348
2009-01-25,259.93179588832714,258.0446132259637,255.76530307585125
2009-01-26,259.48361076649354,257.2287779263122,254.74659409813907
2009-01-27,257.5057348295506,254.59221895383155,248.6941812098463
2009-01-28,252.38076266507562,249.82013980866319,246.7999329452601
2009-01-29,253.26349844774916,250.7774178627353,247.3650658422715
2009-01-30,254.13205847782922,251.3153868029179,247.03172736897872
2009-01-31,250.29238560163506,247.19845803334798,243.29589180779917
2009-02-01,249.0050191992006,246.3707444135385,243.1259931390635
2009-02-02,251.25682755777115,248.21238559061803,243.78805882636948
2009-02-03,255.52183491617316,252.52728013932813,247.90488717531818
2009-02-04,254.16996577731723,251.53255284952286,248.38591239315173
2009-02-05,255.8196290867676,254.06689688480196,250.8543799411563
2009-02-06,255.87943274491397,252.89599926653335,246.91592818803272
2009-02-07,250.16896017768192,247.59197358329462,244.2657683520011
2009-02-08,249.29135422939612,246.6865691261166,243.8837900094119
2009-02-09,255.58743313568746,251.9215072477013,244.48415034614868
2009-02-10,258.2959896992586,256.66708714301666,254.5725718325048
2009-02-11,257.7273898291775,255.33415477195695,251.86926822114702
2009-02-12,258.4934733146875,256.2780893339177,252.4140820974496
2009-02-13,260.0446636230231,257.9780531473028,255.68649035914612
2009-02-14,257.60067117143427,254.15011780638918,249.0661248699536
2009-02-15,252.333295322851,248.8344176808261,244.06414969255496
2009-02-16,248.84308363814114,245.79208096703798,242.77890652584807
2009-02-17,254.43844500004036,251.00515379214895,245.76876120611183
2009-02-18,252.67555852775453,249.19230815792545,245.08751776353495
2009-02-19,254.57230010947364,251.6124713717736,247.5362674854129
2009-02-20,256.95515845557753,254.1916499036094,250.41898489743463
2009-02-21,255.04073480765757,251.67048227273062,247.81878487561426
2009-02-22,255.61731793015406,253.13066508762782,247.94010192139052
2009-02-23,258.35881230772685,256.09758325811396,253.28368838021387
2009-02-24,257.11668235760146,254.75994089249164,251.99540820989958
2009-02-25,254.56073610453294,252.3856497053095,249.83753179691678
2009-02-26,254.26997165421756,251.40726589005533,247.84984014547226
2009-02-27,252.50016235193505,249.04862070703467,244.18610246374033
2009-02-28,249.18286696358274,245.09386713964102,240.8703282407864
2009-03-01,252.44571506025065,248.40464014842115,241.12762483062662
2009-03-02,258.2408613563591,254.6803126313216,248.01790204019034
2009-03-03,261.3213877733157,259.19869859490757,256.2203237177433
2009-03-04,261.44500508043404,258.7051742733823,254.70017992521502
2009-03-05,257.89817372767743,255.31418914571378,251.8401838883351
2009-03-06,258.15667503520376,255.4775696829159,252.0322268269344
2009-03-07,258.8024122815666,255.75916524837345,250.9154305779611
2009-03-08,257.68023643137076,254.91722420180997,250.03468334385423
2009-03-09,256.2364398431886,253.5830052577085,250.103198828004
2009-03-10,253.6983133416613,249.94646755011175,243.9031361416233
2009-03-11,250.95754081432938,246.45087856006285,241.92975073409164
2009-03-12,249.77005216599713,245.16929206659802,241.32528427242906
2009-03-13,250.21749169298187,244.9716075697411,240.7872917237058
2009-03-14,252.40109512713988,247.51967949317424,242.02934093194037
2009-03-15,253.9318534702313,249.00284715335374,244.17843111011442
2009-03-16,255.78208697269653,251.37841073359448,245.08967745470284
2009-03-17,259.36181142225456,254.53939857586357,248.7471219719179
2009-03-18,259.7213263922062,256.0568438724579,248.7854023847493
2009-03-19,261.08257201637764,257.74142056624254,253.73371702208036
2009-03-20,260.9031674187087,258.40072814830893,253.7697042998466
2009-03-21,259.6390671149147,256.44277822957827,250.88820175090677
2009-03-22,258.34354575919514,254.64336803118852,249.66693684588404
2009-03-23,259.0513128717281,255.1986356010213,250.23133541151938
2009-03-24,261.07348490320766,258.2026175096813,252.94390897640454
2009-03-25,262.97365537591077,259.7422336680687,254.36353453907134
2009-03-26,260.6445259457808,256.4826394158855,252.12539032324977
2009-03-27,261.4811304853804,258.2936698348117,252.47102306419706
2009-03-28,260.89698960138315,258.5060387404139,254.59784868989146
2009-03-29,262.7684045384681,259.74452056195906,254.7156443238721
2009-03-30,260.6422632151365,257.0484049659641,250.72342969338087
2009-03-31,257.55061943174604,252.96833620993527,247.34960184131918
2009-04-01,259.7423780097142,255.87605415583965,248.48414637259881
2009-04-02,263.74646722608605,261.14175568623733,257.6784921087294
2009-04-03,262.93458769605184,260.3185010483764,256.5442746128866
2009-04-04,261.78150897648385,257.219998057569,250.26966541528424
2009-04-05,260.6287241388489,256.7230712607593,249.72777948389714
2009-04-06,263.66699164190106,261.1739240887033,257.4315145103862
2009-04-07,262.88294784185666,260.3554737272756,256.65060971421985
2009-04-08,261.8443278650477,259.6403699275484,256.28319010367994
2009-04-09,262.5965049406325,259.24849253016316,252.6179382255345
2009-04-10,259.7990030497235,255.63246025678998,250.91087654961012
2009-04-11,261.4681140036897,257.22894115735335,251.5393980523826
2009-04-12,264.18035953400835,260.45156577205864,255.1951357165643
2009-04-13,264.17899617496874,260.7527904452789,255.09085635470953
2009-04-14,265.010103856353,261.99590077942827,256.5503589732025
2009-04-15,265.78080588858467,263.39027674091307,259.2605227780561
2009-04-16,264.26679859811844,260.5891994405212,254.68431626719206
2009-04-17,261.7151209863469,257.8811927352296,253.37966729814758
2009-04-18,262.68708144867077,257.35285312712057,251.52631240418918
2009-04-19,261.9660044942034,257.4634642633386,251.32925174168201
2009-04-20,264.83000629636865,262.0382974659441,256.92933059224487
2009-04-21,265.5614296453038,263.23972546313934,260.6159183824771
2009-04-22,263.47024321852024,260.8118123293184,257.74502354504006
2009-04-23,262.03103058984146,258.59256245844836,252.77106114050096
2009-04-24,260.1296955273548,256.4948167119497,250.9829763141976
2009-04-25,260.106374978522,255.90200156535934,250.5659098825156
2009-04-26,261.60175077419996,258.53404420722904,252.59902883526755
2009-04-27,265.2868352775081,262.32366226055973,257.8938725323476
2009-04-28,267.45321557544634,264.4772360991249,260.1773846291983
2009-04-29,266.4454306353716,263.44557557099205,259.14042522161446
2009-04-30,265.9829271250674,261.70472041577676,255.75849304148073
2009-05-01,265.2388629227337,260.1411199377142,254.24643194684185
2009-05-02,265.0139302275023,261.0603517403455,254.77267427953336
2009-05-03,266.8012974117369,263.58861654395906,258.50868086613417
2009-05-04,267.3631754124185,264.44362601199043,259.5297130835973
2009-05-05,267.19665306134436,264.8174370574457,261.01059911230203
2009-05-06,265.4004930562468,262.2271209379075,257.0726356257662
2009-05-07,264.5472601316988,260.5451403973404,255.2816294817298
2009-05-08,264.40745763894785,261.5053456273911,256.02142212413594
2009-05-09,265.6044362973907,262.97750268108473,259.26787926482564
2009-05-10,266.05936897397277,263.2584283549753,259.1634925021273
2009-05-11,264.3270557422154,261.62420745588656,256.9741759242407
2009-05-12,263.6163408297624,259.55263253587145,254.0780909588695
2009-05-13,263.9270216647093,259.5156897015991,254.05319140645784
2009-05-14,265.19193807853145,260.98882086064475,254.90013886107047
2009-05-15,266.7375302785643,262.31135582217905,255.93194137655718
2009-05-16,266.0286981772839,261.6871925223484,255.97144730203635
2009-05-17,265.80940875503404,260.3415694143089,253.4775581435239
2009-05-18,265.23638532938764,259.8075796101423,252.7722566812817
2009-05-19,266.4727623583693,262.612320878311,255.17607110740613
2009-05-20,269.3968636118063,266.24035378542345,261.21255715264357
2009-05-21,269.13686204369304,265.64516375322415,260.23757164540666
2009-05-22,268.93594085322974,265.07291547308273,259.7249724833229
2009-05-23,267.52964537791365,263.7673288546062,258.0015816308205
2009-05-24,266.9523961887065,262.8499132934696,257.701936039484
2009-05-25,266.9495768869215,264.15004931891707,258.6281358242341
2009-05-26,266.50019341646527,262.3721895183694,257.38700656523645
2009-05-27,265.86184892336604,261.69599223386035,257.11405474815473
2009-05-28,266.0279656625521,262.3147122630118,257.48257038099547
2009-05-29,266.4482622199095,262.56349753733167,258.69022267486804
2009-05-30,266.31822205116146,262.50812438334526,258.34969189755805
2009-05-31,266.54424684292525,263.0010333873813,258.26018801025543
2009-06-01,267.23729834682024,264.2705979715047,259.7658890621328
2009-06-02,268.7316151828902,265.86117643297257,261.91653024915144
2009-06-03,269.68016461052133,266.5307494083882,262.18053901231644
2009-06-04,270.35888064370795,267.5704592801591,262.4019558028275
2009-06-05,270.97355536404956,269.0162247010345,265.91662550543714
2009-06-06,270.52113401220936,268.34602582078264,265.15896359724843
2009-06-07,268.4019082532745,265.8297296666697,261.4819678589393
2009-06-08,267.6847032547082,264.74676717785024,260.8427692191396
2009-06-09,268.73005222219365,265.81717133162465,262.16274923380786
2009-06-10,269.04455795055355,266.13763772575817,261.7180622122803
2009-06-11,269.5271001336202,266.13492887447376,261.15080933813255
2009-06-12,269.5927757138786,266.194676966949,261.2899235494825
2009-06-13,269.71579574770897,266.7318833517714,262.0123757427368
2009-06-14,270.6377594576019,267.6805437188786,262.86099326178635
2009-06-15,270.5670160054377,268.10499797873297,263.6217852392032
2009-06-16,271.42549860319394,269.3333584657277,265.7276239350828
2009-06-17,270.44890198277807,268.60770406402685,265.1792714350108
2009-06-18,269.94754583084176,267.27720856706503,262.57392797459136
2009-06-19,270.2408247123857,266.8219586277343,262.0649262749417
2009-06-20,271.04417635364734,267.15714492213897,261.89934622181676
2009-06-21,270.5304793487842,266.9028490840512,261.6676147978301
2009-06-22,270.6268853841661,266.65094373166744,261.50561337521225
2009-06-23,270.14973017107883,266.87523813020636,262.2170459930416
2009-06-24,270.6667980912638,267.50386809686466,263.30426355027925
2009-06-25,272.306100506927,269.12955460190346,263.90959648079325
2009-06-26,273.84312309285093,270.58765683143014,266.06633745552494
2009-06-27,274.4312480714241,270.5504646953769,265.59202043908306
2009-06-28,272.91434846389325,268.94633190470375,263.4469381134757
2009-06-29,272.4140305299487,269.35741302886737,263.64612416917987
2009-06-30,273.5699017864854,270.8517659605522,266.8214973507261
2009-07-01,271.55508458452886,268.6786981424475,265.48405550076296
2009-07-02,270.2029767611457,268.0050379721433,265.1114225807258
2009-07-03,271.61264801187036,269.06927267740525,265.8642337843227
2009-07-04,271.1281883651134,268.68382682763087,265.14758990563183
2009-07-05,269.869156857994,266.94733592861786,263.154031881293
2009-07-06,270.90382479486476,267.4726546204947,262.81916566895393
2009-07-07,271.11900315992165,267.56687701016114,263.16947535589077
2009-07-08,272.2696640087129,268.9323771654583,264.2445098156579
2009-07-09,273.0856393244062,270.1461865811144,266.4010816656717
2009-07-10,273.73288257636267,270.9968971467699,266.83113905978496
2009-07-11,274.57822907296674,271.72588245964687,267.95193337487433
2009-07-12,275.2521062241661,272.3816432258709,268.0576872375696
2009-07-13,275.8849311735717,273.29950991834755,270.06887952863264
2009-07-14,275.1079066576599,272.8627834754214,270.14339701715596
2009-07-15,273.8870599296076,270.96321435321164,266.89375509700983
2009-07-16,275.0144805385273,272.15674617898253,267.38185920974166
2009-07-17,276.18820560243466,273.132719762604,269.0644856785443
2009-07-18,275.9991942040886,272.8626191616702,269.0349032547237
2009-07-19,276.03502604691215,272.65064246722113,268.64901134935536
2009-07-20,274.8491203985659,271.7319031319139,268.0292625734949
2009-07-21,274.91203132508684,271.9637432768783,268.71497903651857
2009-07-22,275.60846759479244,273.02382974919203,270.0965280267845
2009-07-23,276.659485330459,273.99796971920455,270.79080382205603
2009-07-24,276.82986959290264,274.6869548499962,271.5096287434899
2009-07-25,277.5603123025183,275.1770767766551,272.61275821284886
2009-07-26,276.8990279756935,274.2664625947237,271.5079582943562
2009-07-27,276.783605188449,273.67633039879433,270.8258734606481
2009-07-28,277.1670990991353,274.46012496978585,271.12562583035026
2009-07-29,276.75468564007764,274.15345548227646,271.41167873298485
2009-07-30,275.2435067137161,272.640374786184,269.9310335653369
2009-07-31,275.14860651768834,272.68326198363053,269.93964113578033
2009-08-01,274.72855375599505,271.7929667493526,268.9435082408057
2009-08-02,274.23398756447864,271.34928249882626,268.84862860538
2009-08-03,274.26351672787484,271.13903986571233,268.4677445699881
2009-08-04,274.36305151531155,271.2530344334585,268.2802791020176
2009-08-05,274.75940360264855,271.70010854628373,268.3497875194428
2009-08-06,275.8871271774743,273.18294473270834,269.76767405376296
2009-08-07,277.26973268721076,274.8666201101955,272.13490867591236
2009-08-08,276.5167340517406,274.14468814990636,271.44181100294566
2009-08-09,275.76468481237697,273.2495635828662,270.7877367012065
2009-08-10,275.26273505555423,272.4130641197301,269.44162714706727
2009-08-11,274.98079916105735,271.64732386226586,268.3286506745423
2009-08-12,274.15305473676597,271.1666549933747,268.377957459905
2009-08-13,275.14393566595083,271.79852121237644,268.41439386120265
2009-08-14,275.6856564319594,272.4764476293948,268.98213687940955
2009-08-15,275.7607211364869,272.55257137269285,269.1370324204716
2009-08-16,277.33900189041265,274.69609723488566,270.9518828055259
2009-08-17,276.31552883748594,273.80006700876527,270.9087836715745
2009-08-18,275.38307275643933,272.8109982928042,269.86873100230645
2009-08-19,274.49224877165864,271.63878200706614,267.7365877895253
2009-08-20,272.4199999537851,269.47723477060134,265.8933326706267
2009-08-21,273.0500372133008,270.2099863274367,266.92688437895345
2009-08-22,272.898871904438,269.8806567495438,266.490329993013
2009-08-23,272.7058899772692,269.79229369894375,265.96074685122653
2009-08-24,272.52406280704497,269.05085198179165,265.5080556775851
2009-08-25,272.35191306339095,269.1149319107297,265.51489658780224
2009-08-26,274.0619533231284,270.7411669547347,266.3594158601907
2009-08-27,272.3576578188649,268.5558535566808,265.0986580051072
2009-08-28,271.1659127262373,267.9514727590249,264.83749049232995
2009-08-29,273.1106987189547,269.9115120241814,266.5379306995108
2009-08-30,274.4552803561539,271.9906656166797,268.98525290123285
2009-08-31,276.56252347171426,274.5649609753693,271.63837562255344
2009-09-01,276.30189104617295,274.08176273236154,271.83961949828904
2009-09-02,274.0565449988289,271.4109223206738,268.8088846274001
2009-09-03,272.53095500536614,270.54821259837144,267.784904539266
2009-09-04,270.0744704711853,266.7912345212768,261.57537344472513
2009-09-05,267.1635870193568,263.2908642798095,258.02497999276295
2009-09-06,266.93031862295294,262.9888879566734,257.78108374180783
2009-09-07,267.27537641500214,263.75041813813596,258.94405985103396
2009-09-08,268.3099746628161,264.5608540939373,260.1788446173732
2009-09-09,269.35299785364765,265.8669011839123,260.95781158559896
2009-09-10,269.452451228482,265.81605843044093,261.29742717150344
2009-09-11,270.7523048187984,267.44739520139024,262.64305675175365
2009-09-12,271.4404728645202,267.7717772176933,263.1814925041904
2009-09-13,270.22338317446116,266.57119478208926,262.1772541508113
2009-09-14,269.3060912873531,265.66455977465006,261.333967321559
2009-09-15,269.54384617849115,266.6384068809458,262.1514179848549
2009-09-16,271.17308674727155,268.22149250991333,264.54509536232547
2009-09-17,270.22758617408516,267.5475986023052,264.008327222835
2009-09-18,269.84070681067453,266.29837862376434,262.2416697987599
2009-09-19,268.1408452621083,265.0705219201565,261.70062567462924
2009-09-20,267.78493235167076,264.9153198856349,261.87522372660084
2009-09-21,268.8593413667997,266.22123863097363,262.9464428850454
2009-09-22,269.8581514658753,266.70369385518455,263.68712999897025
2009-09-23,270.0467547040386,266.82099586762723,263.4275977714206
2009-09-24,270.3152239334704,266.8129707581651,263.1095738791423
2009-09-25,268.4364280027942,265.146705660405,261.93262090135204
2009-09-26,268.80491400767585,265.8075060170151,261.97974596393715
2009-09-27,270.3394772169214,267.55287990251867,263.86774974746356
2009-09-28,270.3458297894227,267.1592703452584,263.1248073524403
2009-09-29,269.52061932234375,265.95544492511686,262.21440415246974
2009-09-30,267.4249020903152,264.6578831665172,261.58751973769705
2009-10-01,267.0653575057502,264.5720785318428,261.9393314316781
2009-10-02,267.81600737792456,265.25679091975303,261.9279448292295
2009-10-03,269.3793522552394,266.7718846699589,262.5501606711999
2009-10-04,270.74898679134634,268.11250644367783,264.8511081308962
2009-10-05,268.3754549758675,265.4265847019329,261.635798265089
2009-10-06,267.1063872678537,263.5669460006662,259.71967646972763
2009-10-07,265.8283617481087,262.33632803849673,258.29172566274866
2009-10-08,265.9912312849457,263.08552515709556,259.7219324001457
2009-10-09,264.97009259667146,262.1527123147688,258.29321790999586
2009-10-10,263.61600987788086,260.1071186482623,255.43264892830433
2009-10-11,262.8171387071005,258.96848700689645,254.44994293910014
2009-10-12,260.7469741414074,257.7922601163159,254.01250647924294
2009-10-13,260.95692571346956,258.3414587314434,254.92969459447247
2009-10-14,262.6550713371721,259.91112997325143,256.1807844105286
2009-10-15,262.66312055234874,259.59873247988924,255.66918659171185
2009-10-16,262.06425924192064,259.00297698823255,254.80882731120897
2009-10-17,261.51208634085475,258.50082375914695,254.65269366914671
2009-10-18,262.03896007664804,259.1653592089672,255.126230428711
2009-10-19,261.13474782930734,257.93716523064876,253.79934846731572
2009-10-20,259.86052556501073,256.69269346349915,252.7576428532548
2009-10-21,259.79422593646,256.81658703399904,252.89521952091238
2009-10-22,259.82472655967734,256.9004118526946,253.25162823274727
2009-10-23,258.8211608680853,255.42172363032287,251.1976994768471
2009-10-24,258.1782066309236,254.97233050174557,250.883053872858
2009-10-25,257.5813020440098,254.4490841931954,250.24915291506534
2009-10-26,257.7703699555065,254.32626837933944,249.88745984618853
2009-10-27,258.75767761092266,255.97967114317638,252.2526053393043
2009-10-28,262.21724180584687,259.4495028878973,254.89199239710044
2009-10-29,262.25498807985883,258.752636521528,253.07620392347204
2009-10-30,258.9151635475364,255.04156493039025,250.22089046664843
2009-10-31,258.05841436612764,254.04353316136186,249.43793882509075
2009-11-01,257.6442208841341,253.99986972340113,249.76611045953598
2009-11-02,258.3485508140369,255.0495569061341,250.96978457248463
2009-11-03,260.39094051501047,257.0196638563323,252.71611437920615
2009-11-04,261.0013890545385,256.7142661815047,251.41070185086255
2009-11-05,260.79862542764533,257.08880004986764,251.18659976723458
2009-11-06,261.0952700943513,256.3961932081433,251.7434951008096
2009-11-07,260.44330406221854,257.4695870147421,251.89419714648156
2009-11-08,261.8709491889077,259.86256038064386,257.0846779050568
2009-11-09,261.7125001335933,259.17109807856485,255.7995833399463
2009-11-10,257.16352543093296,251.81088523693504,242.72520550521133
2009-11-11,248.01460807734392,243.2177749398533,237.82397288081276
2009-11-12,246.34678010387023,241.3622172342511,236.75090528322673
2009-11-13,251.70027333643594,245.93515200710416,238.30515680330817
2009-11-14,255.11409823175248,250.93365676707543,245.5835073639892
2009-11-15,255.70451641445064,251.21991477438226,244.63594552545248
2009-11-16,255.51917840669654,251.9402949732968,246.86270946202404
2009-11-17,255.0585816061188,251.09193729741781,246.60098512164132
2009-11-18,252.08219166788564,247.18013105680654,240.627957946782
2009-11-19,246.37146458418295,242.06045011199927,236.60143185533568
2009-11-20,243.04956523797725,237.85734365553563,233.3675495076897
2009-11-21,246.86734267453065,241.2784450152259,234.48345820521925
2009-11-22,250.28429413676363,245.61648939941605,241.1137847888736
2009-11-23,253.39279241965968,249.40184443056413,244.20203460515006
2009-11-24,253.7036863725436,249.58061319264613,246.1275530614688
2009-11-25,256.9032792027992,253.48723763924977,247.9543813160889
2009-11-26,255.62836535730727,250.48458513467043,243.4204696376176
2009-11-27,255.38168434855123,251.54394690887617,243.7964177186186
2009-11-28,259.3975223599095,256.71328799863704,252.7160756748307
2009-11-29,258.27032947098996,254.50319526311762,250.05635352896965
2009-11-30,259.00891001341995,255.63640085911848,250.52067221385988
2009-12-01,258.3936137726669,254.71379424399984,249.66009562063087
2009-12-02,254.97763650629219,250.67334384042624,246.02375713480018
2009-12-03,254.18741735582591,250.78900011840466,246.90215160187367
2009-12-04,256.89006875803,253.66352549446344,249.1679179272693
2009-12-05,256.7440444959746,254.0861258522886,250.47524575814995
2009-12-06,254.45136657995442,250.66337087075053,245.192519827092
2009-12-07,249.7775096587203,246.11842947596318,241.82872622841677
2009-12-08,250.78688948815227,246.54447336889987,242.0112195744483
2009-12-09,258.22769535518256,255.75431441234744,250.07274253510892
2009-12-10,259.21746289212376,256.91629424615115,253.88759744062685
2009-12-11,255.86264328764807,253.81027421856854,251.38585862524906
2009-12-12,257.0065136324134,255.1443400370508,251.81147234586103
2009-12-13,256.0343904150362,252.63682443781047,246.84388243589513
2009-12-14,251.71306494066707,249.11283722915726,245.41611130647135
2009-12-15,255.2995005641188,251.23395450868145,245.29885334576474
2009-12-16,249.9122912588588,247.02093336602135,243.2922376472907
2009-12-17,248.22228309902508,244.7026135427389,240.094339388857
2009-12-18,244.6476482282466,241.90418788074703,238.77953302273593
2009-12-19,246.00199327124744,242.0710182600772,238.88970383298766
2009-12-20,253.14856391916086,250.12426155544472,244.91112912966264
2009-12-21,251.83103783108785,249.32402918157484,245.72326592618998
2009-12-22,249.29529007976123,246.13829661017064,242.49967451286338
2009-12-23,246.07591855942493,243.04730677706252,239.41611612219697
2009-12-24,242.43605493234506,238.5430200681945,234.50017365469307
2009-12-25,241.23419842329255,237.92666028918083,234.37201813015272
2009-12-26,245.97956519292916,242.07132490900278,237.43012220609052
2009-12-27,251.07004691873976,248.188575216806,243.5466679074814
2009-12-28,251.90912174525909,248.72025763567848,245.54593148713204
2009-12-29,252.70635822227504,249.53892010092943,245.55817579697595
2009-12-30,251.74269861529834,247.50927870936917,242.30195946343173
2009-12-31,246.85904470728778,242.65998958745516,238.57594209162767
2010-01-01,244.87967175928878,240.81580237713675,237.41675201877064
2010-01-02,245.75182432934795,241.738922626638,238.53672542983574
2010-01-03,254.17528714017268,249.90798857932398,241.85399363826068
2010-01-04,252.12700822838408,247.8527151413086,242.37247296402842
2010-01-05,249.0654666440655,245.4494816440788,242.1256771673635
2010-01-06,247.59523780118124,244.09360312149872,241.1618253459833
2010-01-07,246.48381310828637,242.89824931044276,240.11237024657896
2010-01-08,248.64138083772477,244.9638940042271,241.19355262387194
2010-01-09,251.28112624259137,247.9013633539395,243.51430335945483
2010-01-10,251.7833643961139,247.49170793196092,242.93735960666694
2010-01-11,250.02080466584545,245.55792560310073,241.48294385335953
2010-01-12,249.55542063040497,245.4658854083487,241.40120816257678
2010-01-13,250.91263525901502,246.37024362431438,240.7449551254504
2010-01-14,250.62766416018695,245.8252054733027,240.56935642238824
2010-01-15,252.88309578142676,248.23478675480624,243.19530860317911
2010-01-16,254.27332395306203,250.22627200819002,245.5682904951872
2010-01-17,256.847549500995,253.69393279587692,250.4165937736176
2010-01-18,255.49162649779277,252.5406019150381,248.99628279182727
2010-01-19,255.58341971890252,252.21756759866201,248.1882417899066
2010-01-20,255.95862606913207,252.60761371108222,247.01571510552404
2010-01-21,256.44522183620796,252.17267457133377,247.26077751666844
2010-01-22,256.30210295058237,253.2173136891461,248.03607123847445
2010-01-23,256.23586615541103,252.85979268688175,248.5822994374112
2010-01-24,256.5725563925138,253.4720570732544,249.30508060139243
2010-01-25,256.09096874127766,252.1758685570897,246.81825748581784
2010-01-26,253.9913730930828,251.04403557084888,245.78963424150976
2010-01-27,256.7124021866832,254.04248657289554,250.43469202112257
2010-01-28,257.01768578971405,254.7398238202691,251.67016035734736
2010-01-29,256.4874129257072,253.83236670456333,248.7428928204436
2010-01-30,252.25670692004493,248.82483030996772,244.9124201372547
2010-01-31,253.22269971021439,250.2688960337232,246.0375674154748
2010-02-01,253.86019342836127,250.70467245111334,247.04817616024303
2010-02-02,250.4282366716247,246.92459445690352,242.99414038338475
2010-02-03,250.39687583019838,246.89824588948665,242.50979727437635
2010-02-04,251.56116130142746,248.15121887686982,244.84410900725481
2010-02-05,255.3011161036269,252.48388493286348,246.61197267524818
2010-02-06,259.54617678087106,257.247128146198,254.05906006227175
2010-02-07,260.32841253396,258.72715870984774,256.9474865942851
2010-02-08,260.7514484657943,258.8478937932392,256.5105379410939
2010-02-09,256.9375515306968,252.81244330037487,248.72295037242029
2010-02-10,251.45644607217247,249.48051685857575,247.55882086733422
2010-02-11,254.74585037034825,252.84941000965125,249.56317081040612
2010-02-12,256.1274814237763,254.06756752887125,251.97803359691116
2010-02-13,254.86641993504563,253.17522858676634,251.40243553047733
2010-02-14,254.663238400692,252.45383520969014,250.0494691135009
2010-02-15,253.8886773913985,252.19536639490389,250.08913772365773
2010-02-16,252.7503463867595,250.24413880225924,246.2304719510352
2010-02-17,249.46465371032076,245.68267333257998,240.87508846677363
2010-02-18,248.11650849117976,244.70356781491233,240.01228403661997
2010-02-19,250.77337208907804,247.43972829322854,242.6379581224593
2010-02-20,253.3942451207688,249.7486791009454,242.99575069972593
2010-02-21,255.46912332616182,251.7611307571161,247.54314851977253
2010-02-22,257.73074442011466,254.44129604824437,250.13912555215288
2010-02-23,257.94440397540006,254.11526169950002,250.61247283714772
2010-02-24,258.213965615761,255.09280900291986,251.45255699377063
2010-02-25,259.6387250605373,257.24538251685027,252.73852994924658
2010-02-26,261.0414801814167,258.8474250778503,255.64098732321412
2010-02-27,261.8722433836249,259.8561779062972,257.00342052542777
2010-02-28,263.18545478614067,260.94055063824754,258.3110606231037
2010-03-01,261.62312097072424,259.14080266000366,255.41138808844013
2010-03-02,257.77180137643103,254.4840282192074,249.9903480032906
2010-03-03,259.284337468257,256.58446264781435,250.52259402019604
2010-03-04,259.902830459717,256.7340618555343,252.58818194724756
2010-03-05,256.78301556248766,253.30201739793728,247.85590123422296
2010-03-06,256.5380925106972,253.36509861775326,246.76618021265213
2010-03-07,256.9773871676884,251.9065305639161,245.3585662673749
2010-03-08,254.73587756775507,249.95830306704443,244.40915719153222
2010-03-09,253.59730908527445,248.98651995086306,244.11390809647258
2010-03-10,251.6188540681022,247.22028539132918,243.8595676608678
2010-03-11,252.17449618286471,247.4839067026418,243.3635179001394
2010-03-12,255.94292014874603,251.6829744535299,245.55593695078807
2010-03-13,258.12289249178076,254.02836139984154,249.51533955843448
2010-03-14,258.68842311106175,252.7725350212854,246.6653336786395
2010-03-15,257.6272099443155,252.0728370173386,245.60121377938086
2010-03-16,258.4586848349022,252.78997932906958,247.2283472014438
2010-03-17,258.6862080466238,252.39200678741943,247.32093128644107
2010-03-18,260.01029999881854,253.36308132775596,247.14616900025192
2010-03-19,261.90688181873895,255.4024282183771,248.96822351166477
2010-03-20,262.51736810866277,256.5839550760238,250.53777790094477
2010-03-21,264.5348441590683,260.85604492235973,253.70241607115497
2010-03-22,266.6450142372564,264.22383986650993,261.25741088008243
2010-03-23,266.4175832009723,264.0664734712255,260.71017276796255
2010-03-24,265.05882939567124,261.0478107123089,255.27668978262238
2010-03-25,263.32072577793673,259.26845871133077,254.4149325835312
2010-03-26,264.02762427899825,260.81615544969634,255.5581197338979
2010-03-27,264.2534271296023,260.93523011066935,256.127022767177
2010-03-28,264.0454024090365,260.88107398405043,256.61340180765166
2010-03-29,265.6322997827927,263.0953542715808,258.8279856661723
2010-03-30,263.8051137715502,261.47364227155185,258.59918060195963
2010-03-31,261.69525602113475,258.1855375662251,252.46601254697939
2010-04-01,260.3524991284319,256.557456982489,251.48028538885592
2010-04-02,261.34777295744703,258.40895767180785,252.7755236077341
2010-04-03,262.94492041251164,260.28154439185784,255.77469379326953
2010-04-04,262.4297251125016,259.8249339812387,256.2362512986137
2010-04-05,261.35829251837754,257.7227567084063,251.22279537052043
2010-04-06,258.7296644074265,253.8275606427982,248.15309866998555
2010-04-07,260.18436755424364,255.78443878435317,248.43727635430096
2010-04-08,264.4247750911949,260.9848127773777,255.9670612061539
2010-04-09,265.32850454022565,261.35774945332514,256.0391072485532
2010-04-10,265.2387759681697,261.17256604212184,255.36502608981885
2010-04-11,266.5039692241305,263.9849867101548,258.6815058246066
2010-04-12,267.2064487603909,263.98834026901176,257.82670715129456
2010-04-13,263.4738223133471,258.44846161545877,251.6963179551621
2010-04-14,260.48457113107446,255.09357360091994,249.742288745689
2010-04-15,263.0800470250942,258.9089432688376,250.29983665458153
2010-04-16,266.78929737988574,263.45304862391197,259.085261220225
2010-04-17,268.2420176117525,265.75271183948524,260.1876204514866
2010-04-18,269.2853510293898,267.0779773428656,264.3796628462171
2010-04-19,267.88398972377536,265.4187293500922,262.21123334188474
2010-04-20,268.0339549904535,265.7173052434337,262.0826102542522
2010-04-21,267.2259170022004,265.01606241020465,261.99139409146477
2010-04-22,266.0302378693478,263.7254223238332,260.225030814922
2010-04-23,264.83442525564345,262.1267810561002,257.8722399445458
2010-04-24,264.2221480188586,260.5085042839665,255.16239612050563
2010-04-25,263.2939918184871,259.7314209038951,254.19698056974826
2010-04-26,263.9751033706923,259.61757616202084,254.1775197012444
2010-04-27,265.88870040875435,262.614281157993,256.55063771818783
2010-04-28,267.8066317175296,263.765575809657,258.2551883098584
2010-04-29,266.9485064609098,262.7471543260928,257.2725418849536
2010-04-30,267.2471644199574,264.03471544940555,257.6127879694914
2010-05-01,268.1876791088364,264.53033645987887,257.93081267060023
2010-05-02,267.30189043185266,262.2748688949754,256.08074018639365
2010-05-03,266.4715617532174,261.84293694470745,255.68362540682008
2010-05-04,268.12578963460834,264.94192779460224,258.60959969584366
2010-05-05,270.85730037573666,268.55735171014595,264.4945521952392
2010-05-06,270.4640566060922,268.2096582104586,264.61599795505106
2010-05-07,270.2597758184031,267.84868555869093,264.35914558000894
2010-05-08,268.37328599008845,265.72235263534117,260.41080139603457
2010-05-09,267.56032495853935,264.73747317741214,259.6517366352618
2010-05-10,268.06992338061565,265.6757651629882,262.13951670645065
2010-05-11,267.9826367395062,265.0574549568325,260.395184102083
2010-05-12,266.98407067068007,263.96509713609134,259.2026257485841
2010-05-13,267.99751244140714,265.36982374771657,260.01657051045106
2010-05-14,267.55760538621075,265.0396442474578,261.5278572588192
2010-05-15,267.4915656944397,265.0991389407826,261.1265071608501
2010-05-16,269.90559281357963,267.8350935563515,263.9927190762019
2010-05-17,271.01917714253017,269.31013508423865,266.72211233645885
2010-05-18,271.21669000253695,268.99553336976294,266.24199668058833
2010-05-19,268.7077810823815,265.8101384121125,260.3664846534902
2010-05-20,266.9835408536039,262.757498976382,257.11888782430924
2010-05-21,266.5788432564635,262.29648741629046,256.718434234502
2010-05-22,268.4219503423715,265.4455411390512,260.10189384639057
2010-05-23,270.08318551668236,266.96427440765945,262.53179070720523
2010-05-24,268.147246670622,264.6681084098625,259.09269932688835
2010-05-25,267.65245504845376,262.70690622579684,256.6276460752103
2010-05-26,266.76954436992844,262.26655955127546,256.15580380521243
2010-05-27,268.276091303063,265.03513146136316,258.707779622164
2010-05-28,268.96548482812454,267.0894914616589,263.89070353291777
2010-05-29,267.84120734824893,265.2611024759791,260.9034156184845
2010-05-30,266.20840181971477,262.42537860263786,256.1507646694661
2010-05-31,265.34043372659823,260.116597824916,254.37383986004156
2010-06-01,264.45780583570513,259.7717903609019,254.5584989326969
2010-06-02,267.09202563461844,263.0699710470255,257.00768443246443
2010-06-03,269.54085335543294,266.1894575018055,261.4463858582508
2010-06-04,269.6465727920371,267.01866362414955,262.9381856884076
2010-06-05,267.776024242225,265.125459847943,261.0524838721913
2010-06-06,267.01589555345083,263.49395272469155,257.3921351991045
2010-06-07,268.04263865044476,264.64245313260085,257.70049476489135
2010-06-08,270.06138320585774,266.87141908627,261.82353736562874
2010-06-09,269.39430257477966,266.0341697929205,261.393151611237
2010-06-10,269.2500969487574,265.45196958584893,259.8099754875858
2010-06-11,269.39175678864694,265.2407978544899,259.4456189376166
2010-06-12,269.6838087302199,265.8253705858809,260.42882118445584
2010-06-13,270.1207266060223,266.6174411084212,262.00621502851374
2010-06-14,270.4296403019109,267.4342106480932,262.4949908378497
2010-06-15,271.06847298227586,268.99583719770357,263.8893981012696
2010-06-16,272.10360655957976,269.7468017384433,266.213952775342
2010-06-17,271.6185767389361,268.70448488949694,263.9515453159354
2010-06-18,271.4549182151941,267.8637151616624,261.99410043461734
2010-06-19,271.05112258498264,266.98293825152234,261.46518920770444
2010-06-20,270.622726426971,266.63704113017997,261.9280887607011
2010-06-21,270.4895566958716,266.5193126657332,261.68745335867493
2010-06-22,270.2893533843176,266.6744993324839,261.9819081464073
2010-06-23,271.71185204813867,268.10033498288317,263.20939787083006
2010-06-24,272.87012785747936,270.27155430211906,265.723841209109
2010-06-25,273.9061200210088,271.30166335492544,267.7836466265314
2010-06-26,272.2587206557295,269.2662231128505,263.3616007007706
2010-06-27,271.4783230399961,267.9445967819689,262.908359993807
2010-06-28,271.6864982148552,268.4275256975774,263.68852672921906
2010-06-29,271.94236633567243,269.3814499929914,264.2934688572008
2010-06-30,273.55477007255746,270.96944199905323,267.25397682732245
2010-07-01,273.29051459799234,270.4921158873726,266.6933020887329
2010-07-02,273.1311556910175,270.22417870961704,266.1108992733509
2010-07-03,272.6127320934047,269.37265000163893,264.8692161548893
2010-07-04,273.49749880802307,270.4860899227982,265.13056659772235
2010-07-05,274.23779468952966,271.779569857918,268.4113727246893
2010-07-06,273.79113637919176,271.5244743931334,268.0320384404042
2010-07-07,274.06493355854843,271.04688176477845,266.5271368304881
2010-07-08,274.6104224622263,270.97018097640625,265.9740119593821
2010-07-09,274.0849780658652,270.6275236738033,266.08702504682026
2010-07-10,274.1709082503037,270.6423878170143,265.9489012173312
2010-07-11,274.06327854534527,270.97065115888853,266.2442121857003
2010-07-12,274.8404193006242,271.89622415004203,267.1016996210201
2010-07-13,274.8330658976346,272.27766801657333,268.0525378103186
2010-07-14,274.9473412777832,271.9821565710447,267.4872629366371
2010-07-15,275.05879330481497,271.48471880309876,266.56861448413656
2010-07-16,275.7072567992976,271.6986111723504,266.91245544183664
2010-07-17,276.04609256204395,272.7122349571995,268.26262395476834
2010-07-18,276.3364491924756,272.68851498611895,268.575960760586
2010-07-19,275.92770667360963,272.20907194722065,267.7870940286551
2010-07-20,276.44879536335884,274.26228605151215,269.2933751969962
2010-07-21,276.4944629483569,274.91894435476706,273.0805225716014
2010-07-22,275.76112529409727,274.3358899701053,272.5089008385827
2010-07-23,275.9764035814296,273.59955392161174,269.8377842297524
2010-07-24,276.3132366478668,273.7405303424664,269.6969513149451
2010-07-25,277.67635500525773,274.97706338047976,271.22671044765286
2010-07-26,278.22564187757126,275.7208491993517,272.1952848115041
2010-07-27,278.7024307720147,276.7917416382598,273.71165252839825
2010-07-28,278.7532156093257,277.31827416299893,275.47121438879395
2010-07-29,278.28241362753334,277.0393287204613,275.57437336881935
2010-07-30,277.8527758404205,276.32552901470746,274.2314121570415
2010-07-31,278.3683437785886,275.8006503866774,272.3587654421926
2010-08-01,276.5478205788341,274.31668653322606,271.1358925043503
2010-08-02,277.4562834093366,275.00445934126907,271.60442303851556
2010-08-03,279.52711610214203,277.1648081260543,273.64644520028855
2010-08-04,280.1724798029834,278.35377287158735,275.82499029767683
2010-08-05,281.42605802484564,279.3733147755861,276.85770492150334
2010-08-06,281.8628538907864,279.78436081954936,277.84918645933345
2010-08-07,281.69861052376433,279.75560308910843,277.99838178539346
2010-08-08,281.16603648702915,279.2575678439582,277.80541237815663
2010-08-09,280.12881925100027,278.1955619540798,276.05556491194966
2010-08-10,280.4415171797716,277.8835373995887,275.3486697867347
2010-08-11,280.5241354735663,277.7377827161775,274.93258250750085
2010-08-12,280.677247485171,278.0519149944132,275.12423715509516
2010-08-13,281.0143776092381,278.5666145562618,275.7026088756309
2010-08-14,280.51152078667974,278.53937017685115,276.65245432150266
2010-08-15,280.88037886618866,278.74771465737365,276.73820927520376
2010-08-16,280.6091487990518,278.76583285511424,277.0626541144235
2010-08-17,280.5378184432425,278.3602683089469,276.251423464464
2010-08-18,279.41830668274565,277.46520111972916,275.3573698218623
2010-08-19,278.79220593637297,277.01738267840466,274.94008236811345
2010-08-20,278.5920026926758,276.36892498345867,274.0756998582102
2010-08-21,277.30394323326465,274.7340447796425,272.21937451994387
2010-08-22,275.70731428778146,273.0004205229944,270.5572423064216
2010-08-23,275.71352506894993,272.8242955680397,269.8105456941417
2010-08-24,277.00110513721313,274.3630977188471,270.74541931694444
2010-08-25,274.55625329414,272.8300240465913,270.9374828912587
2010-08-26,274.69259438807654,272.7335686341327,269.93578832578993
2010-08-27,274.6660041717915,271.7848678618404,267.87337002346516
2010-08-28,274.0701125487958,270.77325971570843,267.1578792745459
2010-08-29,273.7839959735384,270.73892446268286,267.34286157991454
2010-08-30,274.0051215372147,271.43043603030236,268.27733101815187
2010-08-31,274.632798866503,272.2571423990358,269.4382109704503
2010-09-01,275.80565933320247,273.722467198294,270.76511287042115
2010-09-02,277.3178638247668,274.98382571024433,272.0060766744177
2010-09-03,276.91192883872776,274.6454054712905,272.1147893118227
2010-09-04,275.63914800616584,273.1525656211535,270.56579958916905
2010-09-05,275.2517884555208,273.25644623735485,270.37425726810596
2010-09-06,275.7209326832231,273.34226453495285,270.6075275022441
2010-09-07,275.64159586723014,272.95151654323837,270.1679213753706
2010-09-08,274.54892198437585,272.4750329514922,269.8840284423991
2010-09-09,274.6769963463885,272.3967028177666,269.7567867344596
2010-09-10,275.4713412702079,272.95813018778887,270.0542006728775
2010-09-11,275.86227456108503,273.1849482415565,270.6530122097422
2010-09-12,274.4546128448653,272.26361080553016,269.7151319989562
2010-09-13,273.9098608648044,271.34313570361286,268.83533972915825
2010-09-14,272.43819305581115,270.12862085987825,267.0182137881165
2010-09-15,271.0401048924045,268.20701563796405,264.48295267019137
2010-09-16,270.36127275575274,267.3226521566036,263.3937318944293
2010-09-17,269.41541993869583,266.91922226411793,264.0988721689781
2010-09-18,269.40241808579776,266.69215922742075,262.57439435520865
2010-09-19,268.07618207791415,264.5298432322216,259.6673847221661
2010-09-20,268.9728764384246,264.66896920547805,259.543896763554
2010-09-21,270.2995950290556,266.970975030884,261.52050308684903
2010-09-22,272.9346387912997,270.1670786885607,265.26004906338085
2010-09-23,272.2431928740347,268.9108494387739,264.74130500920546
2010-09-24,269.24099328353526,266.0411356576798,262.06524894419863
2010-09-25,266.8492009547056,262.95878876534215,257.67860040084645
2010-09-26,265.70144143319317,262.3382062146501,256.8434699039694
2010-09-27,266.48440699373555,263.64301783903943,259.352695851646
2010-09-28,267.72061610160154,264.8974411641299,260.42159920473523
2010-09-29,267.99439736179676,265.04194869567584,260.9506588115917
2010-09-30,267.60530120632615,264.61833881116627,260.08985858273877
2010-10-01,266.6201959674091,262.73482290404144,256.71558777703757
2010-10-02,263.79498211610047,260.1357164508763,255.59093716047255
2010-10-03,262.81704957435267,259.0542238314418,255.37888259896332
2010-10-04,261.5892287299668,257.1410865138582,252.6454206568469
2010-10-05,261.3999026129215,257.21424394812266,252.35432277387403
2010-10-06,262.59917134155893,258.52864713020887,254.08437544542602
2010-10-07,262.32432514723996,258.70678244711974,254.6095449696002
2010-10-08,263.9682648354245,260.4703993362444,256.0404170112305
2010-10-09,263.0953867055207,259.28085850106453,254.99251390995136
2010-10-10,263.26690150898634,259.912839303132,255.35098299669042
2010-10-11,264.19681358746254,260.3640322549157,255.9549319958336
2010-10-12,264.51881561382294,260.6788365476837,256.1786754567533
2010-10-13,264.05075768001564,260.251320772806,256.0856373037404
2010-10-14,263.8369182828152,260.4793461957134,256.617732939698
2010-10-15,265.44335633636996,261.5611976379678,257.54060919608577
2010-10-16,264.5179143709127,260.71989640989244,256.572403530978
2010-10-17,262.8167948175073,259.32682648579504,255.5402090176643
2010-10-18,263.2127141272397,259.4642871743977,255.44558321863803
2010-10-19,263.28860052691505,259.9531281970283,255.95911217246174
2010-10-20,265.4084281160301,261.5975297649619,257.126791365355
2010-10-21,265.21664311455925,262.1190151823596,257.01032114182357
2010-10-22,263.39469545286494,259.7368789611752,254.1344947160621
2010-10-23,258.3216422172306,253.6561407472615,247.13526677283383
2010-10-24,255.17181345379393,250.3390131431931,245.19063269989056
2010-10-25,254.04598766562285,249.45378049474644,244.4903516854135
2010-10-26,254.62561451819374,250.0853164881541,245.41277049000792
2010-10-27,256.1223126258041,252.03769519470669,246.90593930184278
2010-10-28,257.09322723916324,253.38842098167453,249.1491418775917
2010-10-29,259.59481722350995,255.633997351011,250.59623774599746
2010-10-30,260.8998340218286,256.73057279196104,251.09228960566185
2010-10-31,260.16136174696703,254.7345487533617,248.59391224971756
2010-11-01,257.71843227661776,253.47293359385858,247.89223278992625
2010-11-02,256.88082404173394,252.15763330359306,246.93058367466696
2010-11-03,256.6588968211459,251.54455408010796,246.08073445642475
2010-11-04,259.3405421999921,255.17335630012352,248.32295759401276
2010-11-05,261.6110511503057,258.124126855226,253.87015133253965
2010-11-06,261.02813626523186,257.1345396438939,251.73348810125972
2010-11-07,259.4685145457939,254.13329271656318,248.1664433407528
2010-11-08,256.6479040927927,251.61213854044695,245.75003316293967
2010-11-09,255.35016883146363,249.59180504846384,243.97276104333872
2010-11-10,254.77084532351853,248.69944928479327,242.7169328111017
2010-11-11,255.69205652777356,249.9393570384994,242.74800338790584
2010-11-12,256.865905155143,252.36303410004317,246.2210681133503
2010-11-13,257.6468112742341,253.49887676778792,248.43884233968032
2010-11-14,257.47024002895114,252.92590434468605,247.73102248803636
2010-11-15,256.9270358726017,252.5395101067315,246.92590247035466
2010-11-16,256.4769002413182,252.10913132254615,246.41816857624204
2010-11-17,256.08508181575115,251.7590481634134,246.9036083661189
2010-11-18,256.3206450673987,252.55815017580895,247.1035822927948
2010-11-19,257.49980827153286,252.44758774928823,246.29361953923703
2010-11-20,255.87072560136633,251.2112328039152,245.83139445354368
2010-11-21,257.72511221459155,254.25662712933243,246.72773957636986
2010-11-22,259.5867779068882,256.1340718175078,251.88221719267892
2010-11-23,258.4327447328202,253.9833969080532,248.498206276124
2010-11-24,257.63868766205667,252.96898907371016,247.547936296512
2010-11-25,259.91561105107604,255.81550745533147,248.9519139804313
2010-11-26,260.12679793077,255.87728631758026,250.13232305732754
2010-11-27,257.2131408163062,252.19377837304992,245.45441090194265
2010-11-28,253.94975984009756,249.34144897463366,244.14432260779037
2010-11-29,251.9758108728536,247.32527596690736,242.15011284906936
2010-11-30,250.4516153213814,245.47326985326728,240.26209212176323
2010-12-01,250.21917875367927,245.0729689411502,239.4962319750364
2010-12-02,250.54737440867052,245.56636712863695,240.48818197388647
2010-12-03,251.1062582356619,246.1285832525117,240.33160817128933
2010-12-04,253.55945510857862,249.12302457884672,242.7414607894097
2010-12-05,254.13875054622565,249.36364101887986,243.50372530034656
2010-12-06,254.6540052762877,249.63353079470247,243.938738717914
2010-12-07,253.74105749104268,249.21638658027115,244.45329161743814
2010-12-08,253.4537800462816,249.14338192220993,244.77840262964565
2010-12-09,253.3610171239497,249.29897930216518,244.19973094946556
2010-12-10,251.91340403140626,247.48807392267386,241.9111569348871
2010-12-11,250.3073155163613,245.3025233730258,239.80947102326647
2010-12-12,250.34260903813225,245.52702582403813,239.24502601476354
2010-12-13,252.992784679792,248.3134772030917,242.0813195945909
2010-12-14,251.7143646764065,246.79765350158306,241.43126300085413
2010-12-15,251.66126641726078,246.84356011400104,240.9752833087724
2010-12-16,254.20278398351164,249.9269682442638,244.38958900241016
2010-12-17,254.8528219887408,251.1421908799538,246.42868791055758
2010-12-18,252.7980883660217,248.01854142210863,241.81199789484026
2010-12-19,250.2543907949545,246.0830393870961,240.6422549900309
2010-12-20,252.82250406099436,247.86007106944422,241.875186110302
2010-12-21,251.80714903828323,247.68953373167554,242.12614436617235
2010-12-22,253.23134754795728,249.58885033701205,244.8987519096029
2010-12-23,252.0968386710324,248.3275055885212,243.4278062005109
2010-12-24,247.84424773386758,243.30485338605132,237.73180339975988
2010-12-25,246.9903209431373,242.43141039249807,236.5398189401653
2010-12-26,251.83994277239276,247.70942286690976,241.45242667842797
2010-12-27,252.7481647852599,248.02370167970446,242.0337940318566
2010-12-28,254.27272344787434,250.45590302666255,244.25443229510458
2010-12-29,257.0528970950535,254.17340571000148,249.57626127661797
2010-12-30,258.47012389657624,255.9768825382159,252.83021217381864
2010-12-31,255.89408906665668,251.26972376596245,242.22095641057504
2011-01-01,247.76358796929136,242.39734456226006,236.25942618647304
2011-01-02,245.8037215532694,240.21609076973252,234.96865978485235
2011-01-03,245.84965942848663,240.351311292756,235.58980918214323
2011-01-04,249.07739796414822,243.7438897653764,237.65384611358306
2011-01-05,247.89169964004813,243.51941093861856,239.30595302100122
2011-01-06,251.3428646285446,247.20130781877705,240.3928054467315
2011-01-07,255.43092268695582,252.54085611341227,248.29405891643012
2011-01-08,254.26860828228308,251.31624489574105,246.1529876293498
2011-01-09,250.17942343989694,245.35559624213406,238.5030423798935
2011-01-10,247.72021536081482,243.3675702503373,238.1226307599735
2011-01-11,254.69223598134488,250.72410478791494,245.3982230918445
2011-01-12,252.77440367439877,249.04486747082902,244.67851097704764
2011-01-13,252.60653207631287,249.4428529002339,245.29754059152486
2011-01-14,253.93779642278386,251.83807041742853,248.4546583732262
2011-01-15,253.27916531383713,250.13264597278317,244.691972736764
2011-01-16,246.319172967448,242.73737245648883,238.92872263657154
2011-01-17,251.26331704174487,247.2994604532593,240.16628132881567
2011-01-18,249.13267566536933,245.4210369665449,239.95855787533065
2011-01-19,243.87691627685467,240.20434465286723,236.57406384449038
2011-01-20,250.7719687744288,246.3162861340941,237.37450646291398
2011-01-21,253.51636861831778,249.97650664941168,245.7219385991722
2011-01-22,250.67069391996736,246.87138014843376,242.2381304296937
2011-01-23,247.95385999892852,244.13583160065895,240.04604973633724
2011-01-24,245.35497549287456,241.95665720097577,238.5270211895765
2011-01-25,244.88296570378947,241.3649454781744,237.98002859649526
2011-01-26,244.9306592531277,240.82655125515774,236.86536464470402
2011-01-27,244.57956298453507,240.2483095000352,236.21772293322618
2011-01-28,250.9884451581671,246.61175142671019,238.0983207463802
2011-01-29,254.72848085988844,251.94125004643337,247.70435110542638
2011-01-30,256.20789207704,252.08895561131965,246.08455771894444
2011-01-31,254.42044156164278,250.1454705919602,244.41455388202243
2011-02-01,252.16827059147596,248.4816665219627,243.2005643657527
2011-02-02,255.74097030061537,251.75783100696984,246.1153690671232
2011-02-03,260.84070795634506,258.25827354122623,253.10780021628477
2011-02-04,261.8578758263991,259.73578303467315,256.48748536125265
2011-02-05,258.817449957886,257.3760794402074,254.86236040351204
2011-02-06,260.1519170095802,258.84986583356243,257.177494631118
2011-02-07,259.9417899825714,256.9989090601503,251.7793301298941
2011-02-08,252.89205932154792,249.6089363652403,244.84917837640788
2011-02-09,249.84213953253192,247.31581312967813,243.75221139239005
2011-02-10,249.22806675327197,247.0016560206718,244.10428521802575
2011-02-11,252.90024038408896,250.3062016742228,246.19082219874522
2011-02-12,257.7057304734017,255.60589546605962,251.23430409046145
2011-02-13,259.51528221803267,257.1247157891832,254.08648073301808
2011-02-14,257.67746440819985,255.23447592230696,251.89136763129312
2011-02-15,254.66370163647684,251.6380332240337,247.1167265243153
2011-02-16,252.5774266512853,249.58159455575228,245.11293559639378
2011-02-17,250.7476273933375,246.9177662095615,241.54663202797755
2011-02-18,248.19754569336155,245.2674751415917,241.4528021401799
2011-02-19,253.04450589628834,250.07337921916584,244.94149059033006
2011-02-20,254.2310078225146,250.79347018867477,245.41355129710766
2011-02-21,250.8407301716753,247.73824095164161,243.76859851188524
2011-02-22,253.68783056782328,250.97468349963395,246.4531454065803
2011-02-23,256.8172003162007,253.87633763350937,249.56495820946668
2011-02-24,254.86976857909826,252.35264944197723,248.9704649414853
2011-02-25,254.23863445063233,251.96857495341268,248.8172696006727
2011-02-26,252.5714566984665,249.96466696365115,247.11383854625026
2011-02-27,250.99778074844212,248.45050860280068,245.5971118178527
2011-02-28,254.49520260470374,252.1254890425367,246.80515559282605
2011-03-01,256.3812114144733,253.6728840652643,249.70163958309104
2011-03-02,257.0899204236799,254.40300309709116,249.62882964714652
2011-03-03,257.21892060486016,255.23668416679206,251.86813033587921
2011-03-04,256.40583158171506,253.6279195748507,250.60943534331793
2011-03-05,255.51462059355393,253.06328741172283,249.848523554975
2011-03-06,255.65249941941516,252.57872598573334,248.79360481097126
2011-03-07,257.59106058284505,254.68028173899629,250.27647940076076
2011-03-08,256.32367755475246,252.1589587006965,245.52449059742125
2011-03-09,252.42038359575542,248.0388808031011,242.35717435837844
2011-03-10,248.6073276621673,244.0133797702411,238.6413535020843
2011-03-11,246.04385586479162,241.2331849734876,237.02849256430574
2011-03-12,247.89986526891428,243.05098178897026,238.53851748857025
2011-03-13,251.29056048665208,246.11059476309256,240.95032986259426
2011-03-14,252.71245467105905,247.2239241142496,242.4228204848499
2011-03-15,253.71907854986443,247.58764032636012,242.53563269763012
2011-03-16,259.0426231312061,253.6096475555169,245.36752467026844
2011-03-17,262.7032070127111,259.44152928021896,253.56935835294183
2011-03-18,263.02387556043345,261.2292486722284,259.02846656121426
2011-03-19,262.858932755454,260.3898066438434,256.7628913376728
2011-03-20,258.15557451507027,254.81572840172493,249.3660983942034
2011-03-21,254.81253370000422,251.11815094003376,246.50120851642447
2011-03-22,256.4441415408521,252.08796974064694,247.1098779798538
2011-03-23,257.4369745524488,252.06532663798018,246.30987848499421
2011-03-24,257.6481642524658,251.7764030197515,245.70242765218188
2011-03-25,257.1942225236817,251.93236843845398,245.2745952437687
2011-03-26,257.34172622677585,253.34357073019305,248.5844091085134
2011-03-27,259.66868650906014,255.9838984261517,250.96489415401098
2011-03-28,262.69700881587244,260.05779155101436,255.4406285677324
2011-03-29,262.44317446055595,259.90315357208317,256.65104546128237
2011-03-30,261.4277432092001,258.1833712573774,253.0882209433886
2011-03-31,258.8201522537299,255.20476447509813,250.07706204819596
2011-04-01,259.1598634858052,256.25436181976147,250.84393071048154
2011-04-02,259.26093461408334,256.6664580229255,253.7670907762263
2011-04-03,258.3568902494371,255.5614518738545,252.00033507129504
2011-04-04,257.4520061586132,254.8046035484866,250.60411013928018
2011-04-05,256.35148993313976,253.36026313227023,249.4689913450387
2011-04-06,255.12731515231388,251.97236810559545,248.17687115481493
2011-04-07,254.7276086850906,249.77736673749664,243.58586004591047
2011-04-08,253.14802289421309,247.47930799990996,241.79786315698567
2011-04-09,257.125510015079,252.78098399768683,243.77474704734036
2011-04-10,262.3535897220772,259.235396134425,253.58946957921845
2011-04-11,264.1784856065847,261.467112552002,257.23287770631396
2011-04-12,263.7884072116145,259.88446129132893,253.94468315636036
2011-04-13,261.5018857582991,256.7260839401378,250.58035659543802
2011-04-14,259.9149661041756,254.32397275452544,248.1954813135539
2011-04-15,258.9682364092638,254.13932098293012,247.87532533522017
2011-04-16,262.6297347857497,259.1490750861015,251.65352060302536
2011-04-17,265.5496774405614,262.76872737142133,259.6575061016537
2011-04-18,264.9599254426556,261.71157239225573,256.37246757458433
2011-04-19,262.81202645968466,259.35228979729453,253.00801686914994
2011-04-20,262.1114219532105,258.652778087054,252.97319388812397
2011-04-21,261.5914447594743,257.8579471498581,251.90091135050923
2011-04-22,261.1410827452509,255.72984649953335,249.9858071590783
2011-04-23,260.29756565089923,254.99445461426077,249.68090777801453
2011-04-24,260.6923897202442,254.88062523087783,248.8693303672748
2011-04-25,261.0549893251978,254.19988326416822,247.77381825435432
2011-04-26,261.50687010761453,254.43202308868396,247.39670407985577
2011-04-27,262.5612731661566,255.1193160007771,247.4663987802885
2011-04-28,262.62112390938444,256.3685671351443,248.06084469886628
2011-04-29,265.0767189645761,261.31270103647665,253.52346771750447
2011-04-30,267.1144381545625,263.0720617518595,255.90243604897074
2011-05-01,265.2079752892184,260.6551534447451,254.6450120431704
2011-05-02,264.6225018131194,259.78327774538633,254.0259417217348
2011-05-03,265.18399144550284,259.8602004224114,253.40929166704024
2011-05-04,264.3358556163484,259.2033247635546,252.71167621593813
2011-05-05,265.6932585049855,262.2720119739809,254.98630909717122
2011-05-06,269.0203076306957,265.8945030652286,260.487156684058
2011-05-07,266.81260919293874,263.41227177327244,257.9739682129663
2011-05-08,265.83074579820493,261.4937368641511,255.93095688541607
2011-05-09,265.99146906692084,262.78517502330897,256.3515273498904
2011-05-10,267.64605065003155,263.6760737959908,257.8818767341952
2011-05-11,266.89062120344187,263.66527957564455,258.6570250022822
2011-05-12,267.68536845634776,264.0873761768748,258.13258965482277
2011-05-13,266.72114638138254,262.52538584564024,256.3519409650063
2011-05-14,265.20999869466266,260.554033475276,254.44365800123043
2011-05-15,265.2864086656964,260.53848242513965,254.6611507598834
2011-05-16,266.5458172971525,261.9264275860377,256.011877068912
2011-05-17,266.70334180878103,262.6929724378908,257.39361597009855
2011-05-18,267.7493069200912,264.09199225897964,259.3501914927689
2011-05-19,268.4162719111224,265.1735091108002,260.3069285767396
2011-05-20,269.1334725841862,265.5610074661751,261.03664673695613
2011-05-21,268.4206114691381,265.2659863124549,260.4191413996273
2011-05-22,267.9948352046,264.2091607151739,259.4059925899734
2011-05-23,266.796500138959,263.35573948499166,258.7285274748603
2011-05-24,267.8600203953187,264.3331243147571,259.72309027492884
2011-05-25,269.04220229372373,265.20154598623225,260.4412151729955
2011-05-26,270.7266825707745,268.2038242081306,263.2119891725795
2011-05-27,271.7058941064198,268.93242192497024,263.90751176184875
2011-05-28,270.3070480652616,266.87844658869113,261.7647586127644
2011-05-29,269.6872089990287,266.1446128969142,260.96602498273825
2011-05-30,270.21304917458735,266.5106194148103,262.06559451945895
2011-05-31,268.9865206412822,265.4522302936266,261.13092659542326
2011-06-01,269.673641830902,267.16225025369414,262.74864796837954
2011-06-02,268.9997819127291,266.05164892729664,261.3169710482768
2011-06-03,267.28265213491846,263.89907391803985,258.93843856466185
2011-06-04,266.8979899614602,263.23820076954865,258.42898954188445
2011-06-05,266.83482191175335,263.5852597041903,259.65283898222697
2011-06-06,268.2038864560401,264.90895968508,260.8842935910298
2011-06-07,268.74691857129665,265.33005092640485,261.0284049279789
2011-06-08,269.2093517586002,265.95187154652706,261.9661098675768
2011-06-09,270.0874393216312,266.5728782614185,262.39564065369365
2011-06-10,270.23818263260483,266.5365000169282,261.85376997214837
2011-06-11,270.34493156630793,266.65182482909165,261.59181846138597
2011-06-12,272.2821820482686,269.31863086949215,264.1231176123966
2011-06-13,272.9740237133781,269.37357619252725,263.8938900359361
2011-06-14,271.19313889947153,267.3981693609406,262.734589699695
2011-06-15,271.23114036807067,267.3466561682206,263.27673182013797
2011-06-16,271.8266879315872,268.29420096478214,263.8464030487062
2011-06-17,272.2223720198187,269.0359823725897,264.5703010417916
2011-06-18,272.47222565460106,269.4807640777082,265.3915709515013
2011-06-19,272.0079910860198,268.5602213709301,264.5049000570303
2011-06-20,272.1368577839795,268.6045523705802,264.196646558109
2011-06-21,272.21955411366486,268.4154987310393,263.5213764453246
2011-06-22,272.0621977440903,268.61907150587166,264.0561874040099
2011-06-23,273.16183193444346,269.88029578644415,265.68228424115574
2011-06-24,274.0768708772448,270.8594992120205,266.90722037102995
2011-06-25,275.28617563437206,271.9744256588831,267.29914682033143
2011-06-26,276.0640311933884,273.0302416445122,268.20980705965405
2011-06-27,276.18358158848713,273.4760304280455,270.0705306323081
2011-06-28,276.0651900529411,273.4005479324196,270.16940731836706
2011-06-29,275.2967654230783,272.3419354407051,268.92335415758146
2011-06-30,274.67406807324176,271.9494921465465,268.7547083135633
2011-07-01,273.91914387709494,271.28597444920854,268.1189029519337
2011-07-02,273.8903308556624,271.1442891837031,267.86762851774796
2011-07-03,273.7905477652551,271.05861608557746,267.1749309813983
2011-07-04,274.2534675173897,271.47821187343413,267.86921791495473
2011-07-05,274.17876023839676,271.0277811555149,267.26264002246285
2011-07-06,274.05238375288735,271.1419522181834,267.4631076674265
2011-07-07,275.27610739838883,272.6675640031788,268.792686518793
2011-07-08,276.5993747339096,274.396399376283,271.8148836839704
2011-07-09,276.2860544166484,274.06803871588187,271.6500927822992
2011-07-10,275.51607886376826,273.2925584341366,270.5978575876252
2011-07-11,275.1957739524486,272.8391593352757,270.02335621337505
2011-07-12,274.5466958961635,271.68569489229503,268.13661764310694
2011-07-13,274.45980042209607,271.3670175754494,267.780862190007
2011-07-14,275.75973446426747,272.87502587809263,269.107222393906
2011-07-15,277.38800687700586,275.0474325342344,272.1787500270989
2011-07-16,277.6938009347377,275.4167648376261,272.85850386869237
2011-07-17,276.3110530742352,273.67000380508944,269.9770098939164
2011-07-18,276.23661288623094,273.8760517413197,270.36903652857444
2011-07-19,276.69344120500506,274.00028725285836,270.6140029320839
2011-07-20,275.9975060739232,272.77150083572167,269.24698074475475
2011-07-21,275.9120464252302,273.3691966009729,270.01677650098327
2011-07-22,277.3715822276772,275.05241750180124,271.63016789376655
2011-07-23,277.5079432278218,275.45774786513454,272.9375190779035
2011-07-24,278.461871275327,276.55547437641843,274.1902825250685
2011-07-25,278.93254250343307,276.9595010256003,274.53801519694537
2011-07-26,278.9266614891525,276.6665725843473,274.1820995767105
2011-07-27,278.05476420713836,275.32845285082954,272.55154896540427
2011-07-28,276.7597106900736,274.43081717018714,272.18886757221213
2011-07-29,277.2054163092102,274.91526376982193,272.7066031377831
2011-07-30,276.27753352035717,273.9388426845841,271.4548043309276
2011-07-31,275.41076319402464,272.93381620442364,269.9916715691261
2011-08-01,275.0757096025932,272.1188967779417,268.96137211548927
2011-08-02,273.99737274442384,270.675552010309,267.35773234379735
2011-08-03,272.6981330617033,268.89615514776443,265.72257256876406
2011-08-04,273.8529984836441,270.11895489865867,266.4141600546942
2011-08-05,274.8958017132298,272.0132573926963,269.05362703164104
2011-08-06,276.912845308585,273.75608598753735,270.22811076540086
2011-08-07,277.7983631220063,275.741475351673,273.24423561200103
2011-08-08,278.19382042786435,275.7427832486186,273.18354086746837
2011-08-09,277.2018631060467,274.68905760994517,271.8145666676898
2011-08-10,277.08339177048356,274.5839075369877,271.4724845739801
2011-08-11,276.5564755962371,274.0659774689743,271.5858638323184
2011-08-12,276.3322115870251,274.13942757503474,271.8743106363866
2011-08-13,277.04277692480423,274.9205403026022,272.75525030523494
2011-08-14,276.76837305736154,274.34461383075825,271.83159831765886
2011-08-15,276.14047442285033,274.11345774353407,271.6532384398632
2011-08-16,275.4206706894923,273.1111134087446,270.1204343571631
2011-08-17,274.6878890410387,272.2638506110438,269.1856785571397
2011-08-18,275.01301893434595,272.05960271887426,268.3654481012041
2011-08-19,274.9953901069531,272.4422158812041,268.92099468017113
2011-08-20,275.70235933875705,272.93644172298207,268.8069328782952
2011-08-21,276.1305213907508,272.8895657532016,269.57368516557585
2011-08-22,276.3314145625322,272.94530849581105,269.5076386513226
2011-08-23,276.2406117574553,272.7054270745619,269.25979989530197
2011-08-24,276.97415979102016,274.17824144469387,270.79048805794906
2011-08-25,278.38008291313935,275.998544198453,272.88297985623115
2011-08-26,278.8636792195237,276.3436917409594,273.78855920477145
2011-08-27,278.1190274315565,275.8917358387515,273.523983169697
2011-08-28,277.46244245341876,275.56605688436906,273.60689894826186
2011-08-29,276.5065304257431,274.615596235613,272.5611699156663
2011-08-30,275.84871484836907,273.9603319405944,271.94461934182084
2011-08-31,276.17344642215437,274.05827905453697,271.56620785732133
2011-09-01,276.70359201801966,274.841967139903,272.26338765158584
2011-09-02,276.96003598720387,275.25225175537855,273.32088124870637
2011-09-03,278.0437539917,275.5849651236898,273.3458390742971
2011-09-04,277.1957316091832,274.84321026332566,272.8647872025488
2011-09-05,276.22403690947164,273.9349829320032,271.58130630424955
2011-09-06,275.29866732846943,272.6224897954374,270.03132279317487
2011-09-07,274.80136275329846,272.06781774143707,269.4351556490858
2011-09-08,275.97743311950575,273.46273263529434,270.09409869279966
2011-09-09,277.8632964956689,275.5456346500836,273.06881757709056
2011-09-10,276.8299124665789,274.64973138690516,272.31029187834383
2011-09-11,275.8190970501172,273.39406109381764,270.6264145366557
2011-09-12,275.22260599858197,272.3071502038467,269.32212922228445
2011-09-13,275.43739079330163,273.2109588151656,269.9540680213295
2011-09-14,276.8340590483527,274.41675594467995,271.84864631408027
2011-09-15,276.02435427120923,273.8067218012241,271.78863376271136
2011-09-16,274.388529497392,272.40505949926353,269.2916289514334
2011-09-17,272.2183996281866,269.55319084628877,265.5560977825432
2011-09-18,272.3678371180028,269.54256851463674,265.7660393130062
2011-09-19,271.9449373580961,269.6130788927501,266.5984071929018
2011-09-20,270.5819599842602,267.10390171149294,261.60115424053197
2011-09-21,268.66999693489186,264.8845160556512,260.12072267672056
2011-09-22,268.55049933382895,264.70527815698057,259.99776357018993
2011-09-23,268.80960674421846,265.0135610694285,260.1841909649047
2011-09-24,268.588125832779,264.40786222993034,259.91528918839305
2011-09-25,268.73612490945266,265.3473567552529,260.27426850182667
2011-09-26,268.97729984226186,265.11032923962625,259.98826981453595
2011-09-27,267.16639936253387,263.32064367012276,259.4296580991824
2011-09-28,266.05271116565245,261.96658328128893,257.8644311250521
2011-09-29,265.4050463222332,262.23013646644665,258.31526879856415
2011-09-30,266.96497845595786,263.6528759286867,259.1040076620189
2011-10-01,267.43261912482006,263.2725362878599,258.7169908237931
2011-10-02,265.2693531045793,260.8791612404503,256.9850864715756
2011-10-03,263.9625379931991,260.3719914684803,256.0104523547929
2011-10-04,266.74813955035984,263.18752755437663,258.6955339918386
2011-10-05,270.0315191790222,266.8774243749734,262.05909056488787
2011-10-06,269.1683747202321,266.4724449793905,263.5056034624089
2011-10-07,268.3396447285279,265.849719460346,262.42559931772024
2011-10-08,266.41037211029015,263.83250264439323,260.42404964315404
2011-10-09,265.50279616969357,262.27775404514864,257.84990914389317
2011-10-10,264.7612356138722,261.0328939725551,256.59275984855145
2011-10-11,264.6967321186203,260.8632092388038,256.65581467609286
2011-10-12,263.7626933898413,259.7407022100355,255.56233088483083
2011-10-13,264.5830931658319,260.73792451281656,255.22157317597507
2011-10-14,266.0471403693064,262.0440507282889,257.09663486778163
2011-10-15,262.8099610365367,258.9837807517992,255.1309555800398
2011-10-16,262.1561909947576,258.6815525634275,254.48483449185764
2011-10-17,261.5921213315033,258.3610820675278,254.1422807921834
2011-10-18,262.2068813628464,258.37744583286093,254.1942359468793
2011-10-19,261.7461988782245,258.6778358657629,253.91717753400917
2011-10-20,263.2539863911423,260.38447963252554,257.16121397465196
2011-10-21,263.251781527739,260.53208085888235,256.9583757383527
2011-10-22,265.0791038194423,262.2797723281053,258.0464360464509
2011-10-23,264.691545863262,261.9344559982286,257.4434945526845
2011-10-24,260.7762172334295,256.05480534729975,248.90838802809066
2011-10-25,257.0881828537087,252.49705479616824,247.08691934352376
2011-10-26,256.1817422712507,252.00311365981526,246.87797925610218
2011-10-27,256.14007468773434,251.92927488243842,247.91115610308742
2011-10-28,257.7130627051902,253.86065983129353,248.31361721643302
2011-10-29,262.148787253734,259.0885268250839,254.4442415220742
2011-10-30,262.8425231344649,259.6266605330408,255.57532083835744
2011-10-31,261.94969142336515,258.49908614984946,253.99910083580028
2011-11-01,261.5643181042318,258.19348594550377,253.9048998820911
2011-11-02,261.33345150267706,258.65506405969603,254.97263439109628
2011-11-03,261.85016075741,258.8585177275079,255.29027057834415
2011-11-04,261.6814853261092,258.85589522525805,254.83003050578552
2011-11-05,259.14182234411675,255.27335014276582,249.15715458815507
2011-11-06,255.10073235587532,250.24777193209277,244.86724367236303
2011-11-07,252.4159055848473,248.18988515676313,243.78523405438798
2011-11-08,260.91664861143926,256.60812556439987,246.87717939252647
2011-11-09,265.14372799095435,262.8210450988915,259.47832685012617
2011-11-10,265.2639969791312,263.1141865173929,260.05050416173475
2011-11-11,264.67777577139117,260.63393912394395,254.50825801768602
2011-11-12,259.12694518827624,254.70885182035255,249.28070187099306
2011-11-13,256.89289137073746,252.45950127529474,247.78813262299772
2011-11-14,257.57184496939664,254.34671705750637,248.57597360641827
2011-11-15,259.200068615972,256.05203297787745,251.7067646426929
2011-11-16,256.0893109625261,251.91217269351213,247.07692939406905
2011-11-17,255.7778322649705,252.48337369839558,247.57703837561826
2011-11-18,259.480463468826,256.0286897429874,251.382945824236
2011-11-19,260.4543039228263,257.5950788853676,252.85944290357727
2011-11-20,260.4160605856197,255.6306722026109,250.08601615637608
2011-11-21,257.4775461045293,252.885216715409,248.26653453444402
2011-11-22,255.0573871019112,251.3972708352769,247.81617951510736
2011-11-23,254.93164770695384,251.13426193995846,247.6863939268894
2011-11-24,255.5801532863198,252.18457574171532,248.50179885234388
2011-11-25,256.5961355089604,252.50641401801224,248.4180135849059
2011-11-26,254.58019291967534,250.9339886513235,247.44026600700062
2011-11-27,256.34440445737476,252.5052670715907,248.62088188675548
2011-11-28,257.18321329226023,253.06426510753047,248.11360281967674
2011-11-29,254.82722491039146,250.1769024308093,245.3318933855252
2011-11-30,254.53994302941376,249.97430709317274,245.3552992834794
2011-12-01,259.4823022633959,254.78788566666108,246.91578082109086
2011-12-02,260.43714878416864,256.0948126915264,251.00048066881035
2011-12-03,258.64255355287816,254.9876622524758,251.06570148545563
2011-12-04,257.3136432763286,253.2473903667187,248.72985774671173
2011-12-05,257.27625855467045,254.31324747252572,250.43950989664546
2011-12-06,256.666126643869,253.15207980854305,248.91685025199482
2011-12-07,256.26696192888284,252.70483383623065,248.17758304330545
2011-12-08,256.16367372798254,253.1161240913062,248.09180615675373
2011-12-09,256.630979956298,251.98440190012613,245.08100791230365
2011-12-10,250.46419641029294,246.14234247117676,241.06995989030418
2011-12-11,246.79435720785028,242.60618595679816,238.36221880379483
2011-12-12,247.72892889556826,243.7293179917223,238.6690061476572
2011-12-13,249.96138046754916,245.63442556388793,240.67830052992343
2011-12-14,247.90361936602113,244.2509254377564,240.76864748891145
2011-12-15,250.23863452048144,246.02874266842616,241.16236120618439
2011-12-16,248.62530488897818,244.5244849475586,240.6703934117548
2011-12-17,249.6074928488989,245.99198642929062,241.30843774389496
2011-12-18,253.25302806478368,249.5325320138998,245.0223625522841
2011-12-19,254.0655448409706,251.33774822491696,246.26233319981085
2011-12-20,254.1422366174616,252.346831963478,250.07060095154893
2011-12-21,253.35439876319685,250.114637322275,244.8765949796952
2011-12-22,250.2855891323787,246.03137758762222,240.39903105612763
2011-12-23,245.86910029082122,242.03970539348745,238.08757409924297
2011-12-24,245.77090982170122,242.45397647375788,238.0194503371324
2011-12-25,248.72818452214176,245.4939740429213,241.94603245908547
2011-12-26,250.34458315940896,246.64909384484585,242.4854456434913
2011-12-27,251.67158091152658,248.3186783500825,243.75817791120525
2011-12-28,252.88277032496643,249.83389933534357,246.26420126072514
2011-12-29,252.2876097823115,247.91660368179626,242.1403560231568
2011-12-30,248.207901241464,244.2100881739465,239.87167124444827
2011-12-31,247.7616381900253,244.25382222490964,239.740851013596
2012-01-01,250.3392202253137,245.91060649111904,241.63324408445348
2012-01-02,248.9747849659983,244.91111856345861,240.91045703738405
2012-01-03,250.6680294392559,247.09183677290557,242.75429576490828
2012-01-04,252.0311648371556,249.30761325466412,244.91249070837395
2012-01-05,253.3906773537749,250.73366764259688,247.63207219008515
2012-01-06,251.51292629526435,249.70260527126146,247.53472488110907
2012-01-07,251.82435536169928,249.476740231848,246.2092877565053
2012-01-08,249.16379836117542,246.296645388187,242.52218147898458
2012-01-09,247.83577148849812,244.3897707289579,239.5253018823253
2012-01-10,244.95027449688064,241.4663918608655,237.64072417122648
2012-01-11,244.46763454923385,241.5635503107574,237.40555045396104
2012-01-12,244.87643859637413,241.29088022749482,237.3800184787535
2012-01-13,246.13114109974345,242.49223468844625,237.43029733382085
2012-01-14,251.79570171060172,248.49265952955272,243.12712884584718
2012-01-15,255.7079422589095,253.51540313949516,250.4842826651645
2012-01-16,254.49948423280927,251.31737274088155,246.87787742883722
2012-01-17,249.69753129407925,246.6830142510168,242.70301309752685
2012-01-18,245.86973468093714,243.1440390322076,240.2575168977754
2012-01-19,247.3120407711857,244.33521458468925,240.90396445090843
2012-01-20,246.56034713702775,243.23211201970807,239.0295415943433
2012-01-21,245.23061680727616,242.23880108878762,238.75768069113155
2012-01-22,251.50567766817034,248.70896607965759,243.78185180506753
2012-01-23,251.64845298194567,247.97835570333302,241.97767700535758
2012-01-24,246.20597695664517,242.89850327767465,239.83941006292616
2012-01-25,251.00549588487473,247.36214348578372,242.35087057952097
2012-01-26,251.16063104256406,247.37488265087455,242.2598002301497
2012-01-27,247.93934805252698,244.69966664369122,239.87293784600737
2012-01-28,248.44880685337148,245.00189811263982,240.96458615219268
2012-01-29,246.3853120551436,242.80606775688938,239.08253862761197
2012-01-30,245.68006544948236,242.32635124527542,238.68720406029624
2012-01-31,249.4178951654384,245.684594361755,240.78332362268947
2012-02-01,248.66985455021634,245.30912340312995,242.00007335136743
2012-02-02,252.0467393223931,248.48341319866623,243.69916577705544
2012-02-03,257.04326293617925,254.29580845354775,249.12574564789313
2012-02-04,257.7056226909434,255.48562953009593,252.5389127946123
2012-02-05,255.7589380978159,252.63288847848625,248.25877307014326
2012-02-06,251.82700174912614,248.9468849681043,245.37305537036715
2012-02-07,250.39592303132827,247.4960602974758,243.66651783320398
2012-02-08,248.68613811493714,244.90035622902533,239.13850307490432
2012-02-09,244.23289496148314,241.0460323306024,237.36562426020686
2012-02-10,247.10385768512919,243.684838628936,238.79119248050262
2012-02-11,250.57192551775483,247.68341743490484,242.70182116150067
2012-02-12,254.4549975445366,252.21510256620886,248.88390245440098
2012-02-13,254.5483615688195,252.3114710784842,250.08822846432503
2012-02-14,254.00065213302665,251.09541980292482,247.36109201091003
2012-02-15,249.982848840193,247.24418409577854,244.19049543627708
2012-02-16,250.28817995277726,247.46282293661565,243.83269939996953
2012-02-17,249.49501850769923,246.7701342535762,242.59829455114698
2012-02-18,254.91239299507166,252.32818669533106,247.62199981269617
2012-02-19,258.28705972493213,255.81061349214644,251.76094236396597
2012-02-20,259.93620325822894,257.3944885470399,254.29921102171113
2012-02-21,257.7070370462089,255.77797572957434,253.7400319828694
2012-02-22,257.1167528225934,254.79169539407263,251.51785153866072
2012-02-23,254.57764780665957,251.6090799789754,248.1872909218154
2012-02-24,251.9347591595915,249.50457140045273,246.3171478397574
2012-02-25,253.51184725008955,250.39884801026093,246.1461530335341
2012-02-26,253.8343590551772,250.80341288579922,246.59819990884304
2012-02-27,258.5400382471662,255.83762573928732,252.39919995024522
2012-02-28,255.56304719209407,251.6480171755913,244.6268797841213
2012-02-29,251.6622272771773,248.38444614174048,242.72445298791942
2012-03-01,252.72412475940686,249.1614618559772,245.07181901893625
2012-03-02,251.96264392942666,248.16860913737324,243.80324565680147
2012-03-03,254.3811424263528,251.18669267300342,245.84708162523518
2012-03-04,259.54342066889154,257.1131202401936,252.45333268097386
2012-03-05,260.3508268245713,257.1359517814333,252.4735995781321
2012-03-06,255.70834451352292,252.60772170888055,248.71382919872198
2012-03-07,254.00957398070565,251.98733617235982,248.92438117762634
2012-03-08,253.0773184680021,250.83095663034223,247.27921859181714
2012-03-09,251.45596003151195,248.59859497060688,245.00720554386993
2012-03-10,252.3965684690906,249.17230605885163,244.82883991715815
2012-03-11,252.70473918274828,249.70582868260297,244.73520896320144
2012-03-12,255.380443470536,253.32550428673545,249.57029055932995
2012-03-13,256.8093645355381,254.82347507302646,251.88690927118012
2012-03-14,255.58299430381425,252.51385856956222,246.7803766278026
2012-03-15,253.42985125256683,249.92233187223852,245.02689604706305
2012-03-16,258.9375550153394,255.73068482454033,248.83457310010158
2012-03-17,262.0912427742965,259.7394470554132,256.1643363155009
2012-03-18,263.74651110671147,261.53964816842904,258.1483889469185
2012-03-19,265.07099394726544,263.21236591092804,260.98195594761285
2012-03-20,263.10263484073766,259.51223443228787,254.35317311750472
2012-03-21,257.61409106416016,253.51951097893559,247.63974303717234
2012-03-22,254.67023258428483,250.03809938902063,245.45963762302077
2012-03-23,257.5204300963818,253.79358040100357,246.83290158413126
2012-03-24,260.0383546149462,256.88780499417356,252.98633891524184
2012-03-25,261.7347716429145,259.3359382096327,254.2969176919478
2012-03-26,261.0401227393371,258.38668217674984,254.39689934882975
2012-03-27,260.32826826948263,257.8676993293829,253.18989976689033
2012-03-28,261.43369941942433,257.4205608280576,250.18069284929794
2012-03-29,258.08823160517284,253.24871148843806,247.33772261542643
2012-03-30,256.05139577623913,250.62147108585216,245.50537789352475
2012-03-31,257.9916632795473,252.18136343089907,245.72095615546397
2012-04-01,263.6209314914478,259.12202489126526,253.0349475014003
2012-04-02,263.50697193638297,259.36245472677683,253.52863682690358
2012-04-03,263.71256384144164,258.7288688356731,252.46588060296085
2012-04-04,263.0436865587215,257.45582791371663,251.66935321351102
2012-04-05,261.31553936329345,257.1111193425343,251.31893246379568
2012-04-06,260.64205146606406,256.01483466333667,250.2340484514027
2012-04-07,260.8565385963527,255.55664219260728,249.4996042047499
2012-04-08,261.2767925210477,256.83286524621184,249.66196658070248
2012-04-09,263.8606156298586,260.59597709271543,255.80827215005988
2012-04-10,265.19895278874185,262.6697433046977,257.5426217876418
2012-04-11,265.0842492248352,262.65111888633373,259.42488468612436
2012-04-12,262.8419170226912,259.99062585894495,255.7072536076983
2012-04-13,261.3254796895974,258.6699688811098,254.46912218684452
2012-04-14,261.411443430056,257.8024249244862,252.0554094426463
2012-04-15,259.7673499241376,256.65780154847806,251.41564315488603
2012-04-16,260.04703241459356,256.174780804209,250.1056715525042
2012-04-17,258.8991932497178,254.71966255313706,248.672973119695
2012-04-18,258.32588422585275,252.85437964033085,246.56973320296743
2012-04-19,258.8789661972297,253.87178389022546,246.24041884801758
2012-04-20,264.5943375749196,260.66177158313025,253.6945145719781
2012-04-21,266.26433939997276,261.9031312361271,256.0347748480925
2012-04-22,264.8572924271713,260.96574073821495,255.81754330388154
2012-04-23,264.6739870734952,260.7716451595127,255.60325005618336
2012-04-24,264.407076095951,260.52412841300674,255.02652624264857
2012-04-25,264.9097555463555,260.9483714161976,255.09086984948576
2012-04-26,265.3283192980767,262.37782398708254,256.88897359136365
2012-04-27,265.89331402373546,262.35105643059853,257.6494477693463
2012-04-28,265.4036375437041,262.5370482004237,258.0002652193448
2012-04-29,265.8254379806518,263.7656674373283,260.49139216230236
2012-04-30,264.6249447765789,262.46492357396,258.9332113780978
2012-05-01,263.63751902567833,261.34301731939826,257.6755969739359
2012-05-02,262.97007122069766,259.4809832918933,253.78522689277295
2012-05-03,262.34275574699467,258.2229107977772,252.56494965575405
2012-05-04,262.1783349108639,257.99226216871875,252.69875742119706
2012-05-05,262.35333409741736,258.6520204616948,252.64334228298029
2012-05-06,265.05059959820755,261.40654710553406,255.86361172804936
2012-05-07,266.05492451415995,262.5906521434441,255.87542680572028
2012-05-08,267.0019436214428,263.2203991307542,257.5050001924243
2012-05-09,266.81222219117484,263.2024144747852,258.0949662311566
2012-05-10,267.64405613514447,264.53314200825594,259.3105126869156
2012-05-11,268.27176946701843,265.6650113968767,261.2888117089225
2012-05-12,267.820750177879,265.40322281385795,262.03753563921924
2012-05-13,266.7324970177109,263.820133773981,259.065806155299
2012-05-14,266.0309098312139,263.1161551514634,258.82627118848137
2012-05-15,267.34517043519486,263.3384404131297,258.05209255616535
2012-05-16,266.7101996001472,263.2870853426052,257.82723869133156
2012-05-17,268.09532670874205,264.9871245194215,259.0022889970802
2012-05-18,268.20273731978114,265.2773726383198,260.6623553017805
2012-05-19,267.2113525055211,263.85965153275487,258.57606063819986
2012-05-20,267.42635023423134,264.2747669503522,258.6491348950357
2012-05-21,267.93226610790856,265.3464968214847,260.9889391766791
2012-05-22,267.0484926599476,264.50068542063343,260.3222671404053
2012-05-23,265.55286107032504,262.5482609005961,257.5575766237736
2012-05-24,265.87190449276414,261.8469123865707,256.15447521756226
2012-05-25,267.6480675784435,264.66916125161185,258.1387868490353
2012-05-26,269.3124753841942,266.4566323955744,261.52177520112247
2012-05-27,267.836053429105,264.20499488568817,258.275683742689
2012-05-28,268.1577751094744,263.7987015746173,257.62628515570606
2012-05-29,268.14445505105414,263.58826684751205,258.2047684001457
2012-05-30,267.5685592434599,262.93825164090237,257.47983776745957
2012-05-31,268.5018724098006,265.1140275376074,258.4647164403175
2012-06-01,269.6215467079837,266.1453686305106,260.3539014159809
2012-06-02,268.4422505494234,264.5208585367609,258.8524449383133
2012-06-03,267.39243156072325,263.1566806175852,257.62909610005596
2012-06-04,267.34268335723885,262.3767674152508,256.9363173547126
2012-06-05,267.0142340152839,262.8008040709753,257.2287399140036
2012-06-06,268.2868837320562,265.68748422792413,259.88426055519494
2012-06-07,270.23864638022894,267.6567230358256,263.7732414848647
2012-06-08,271.25612929653727,268.1701126199102,263.57246129231754
2012-06-09,270.31999498842123,267.50139662227633,263.0687450908312
2012-06-10,269.5192943711775,266.45093344057244,262.1347814251771
2012-06-11,269.8490132975705,266.56341455949814,261.80456210711145
2012-06-12,269.4333492037756,266.3911520158164,261.7289554529422
2012-06-13,270.4998675498566,267.3257053280113,262.3497419223606
2012-06-14,270.44552056187405,266.7624965713234,261.70576991416385
2012-06-15,270.0705458745934,265.9586245327553,261.1607452046112
2012-06-16,269.3840105815564,265.74595053830205,260.99205078574477
2012-06-17,269.867212478097,266.4096148875572,261.6823733164974
2012-06-18,271.1413858569081,268.3276205284776,263.4402380719271
2012-06-19,272.9261810993256,269.6229972820336,264.7078953389022
2012-06-20,272.6353388735314,268.97274787316314,264.13524192845796
2012-06-21,272.78257489954973,268.9947541185943,263.9724916723251
2012-06-22,273.27611723671873,270.018463834477,265.0061558040995
2012-06-23,273.5414638390621,270.35375946195785,266.1130867141046
2012-06-24,273.5093674060411,270.6236409525407,266.5848241236211
2012-06-25,273.9340478303085,271.41567435353505,267.86022285711084
2012-06-26,272.71411037196464,269.98022359145153,266.053815050542
2012-06-27,272.26699527095667,269.3075658746872,265.07414874774946
2012-06-28,272.45999576246066,269.35764328786024,265.06222600006384
2012-06-29,272.7871490105358,269.30619332243384,264.824327360536
2012-06-30,272.60695932789554,269.13564025019775,264.9195347082743
2012-07-01,272.738992461577,269.72468401028874,265.820838241572
2012-07-02,273.73290822626063,270.0784916986943,266.0646062316094
2012-07-03,274.344369869443,270.7915649824897,266.3363331955511
2012-07-04,274.66760731358517,271.18338294587556,267.01857214593855
2012-07-05,275.0238202180658,271.6928659416383,267.2223530180428
2012-07-06,274.6017999203232,271.4469211726128,267.17956188854123
2012-07-07,274.2129113768419,270.97790608385856,266.8588188842323
2012-07-08,273.84397093819496,270.7042564450335,266.7947113135904
2012-07-09,274.68025503705866,271.6760301393811,267.9482102402304
2012-07-10,274.61735339473535,271.2321399879704,267.1715444158607
2012-07-11,274.59002226601984,271.6470476006727,267.5006534058016
2012-07-12,275.3384269668528,272.45938932100563,268.6415912038346
2012-07-13,274.54001423440207,271.6823686241672,268.4008997874143
2012-07-14,274.3954932493085,272.0119569025182,268.8642598256468
2012-07-15,275.8316540978815,273.0575988221396,269.3010238123628
2012-07-16,274.91044130645463,272.2745169133777,268.69152499563126
2012-07-17,274.6756649311222,271.61038999860614,267.8821975031619
2012-07-18,275.01680838028324,271.83847381497736,267.5301927938792
2012-07-19,275.2637802039211,272.3856459457871,268.5676032938173
2012-07-20,275.30457799950597,272.5884379875041,269.36331959253556
2012-07-21,275.575020940179,273.1903091522482,269.9021639097764
2012-07-22,276.0709788623098,273.993143766082,271.20614331795696
2012-07-23,276.40725319476087,274.2379311202341,271.42836660798463
2012-07-24,276.79625219685124,274.73951485820817,271.6725003087741
2012-07-25,276.5212927828479,274.5101700077754,272.23882325813804
2012-07-26,276.5767102488717,274.6108591672226,272.14155524857927
2012-07-27,275.1860790506726,272.5743756670751,269.05407293135534
2012-07-28,274.72034303778844,271.7220426098967,268.39651690531156
2012-07-29,275.2748743720226,272.63241353904624,269.5075147647798
2012-07-30,276.57699248387564,274.18766863964186,270.92948972389667
2012-07-31,277.45837295058635,275.1846160911235,272.284330014087
2012-08-01,278.3479114983463,276.2056843959611,273.40076141929563
2012-08-02,278.31980353848667,275.85394870203316,272.5479779553079
2012-08-03,277.19648015939134,274.9646131208898,272.2952204237119
2012-08-04,277.0412105728855,275.1685385623411,273.3163346507658
2012-08-05,276.1197439636685,274.2895251273706,271.999651105284
2012-08-06,275.70943743396055,273.42271940596135,270.78392707312395
2012-08-07,275.78046417243854,273.3141940051863,270.08834927671205
2012-08-08,275.55379277859544,272.4009042644077,269.122074783829
2012-08-09,274.39119923529296,271.74848160558264,268.6733007485869
2012-08-10,275.48277000284054,273.2397606553151,270.00626224603843
2012-08-11,276.8364781909269,274.4395549521959,271.7881857274828
2012-08-12,276.2979811814554,274.16368413109853,271.7387381944283
2012-08-13,277.00539820397825,274.64935491807256,272.04790162057304
2012-08-14,277.02854675878496,274.81992540243107,271.9461123994398
2012-08-15,277.7418514235223,275.8829779235002,273.2288515872674
2012-08-16,278.7912403632493,276.5669987921422,274.27733935648985
2012-08-17,278.7676560570567,276.52134178635004,274.01647643066275
2012-08-18,278.4391940875765,276.4248685257048,274.08589040175974
2012-08-19,278.69164339656544,276.7100135400738,274.38752366230733
2012-08-20,278.5820266576565,276.7007085394254,274.70231070526256
2012-08-21,278.06692731704885,276.0857601498224,274.2077617274118
2012-08-22,278.0471876042746,276.00314414769787,273.8549038127013
2012-08-23,278.19013617064036,275.98536593786963,273.706128222889
2012-08-24,278.1414157471962,275.868977269154,273.6275008217156
2012-08-25,277.47977989766207,275.4011066678253,273.1206557686264
2012-08-26,276.40173919239083,274.4400629628283,272.36687361561934
2012-08-27,277.23636601855304,274.93063842055625,272.55150467305174
2012-08-28,276.7362177575561,274.3936504885947,271.75927794036323
2012-08-29,276.7213001653566,274.09232485322644,271.06279613902586
2012-08-30,275.7858726688792,272.3328497296206,268.6845122965378
2012-08-31,274.42845614821124,271.65921036688195,268.6414958788648
2012-09-01,274.7314929333683,271.8604281351842,269.00331497164194
2012-09-02,276.3515586920885,274.0117026879598,270.83739947820146
2012-09-03,276.85895942399287,274.6283480162517,272.05576478018435
2012-09-04,276.8472796183672,274.9178130978683,272.4427035840986
2012-09-05,277.2034693909812,275.47554378340584,273.5393173080104
2012-09-06,277.28513962659434,275.3362629494489,273.62747442633327
2012-09-07,277.273009381392,275.41517577635716,273.6482502457946
2012-09-08,276.8706370035405,275.37163269796633,273.71293630851056
2012-09-09,277.55352269709687,276.0230299001552,274.36024036701514
2012-09-10,277.8206495094801,276.03751785393365,273.65907491510075
2012-09-11,277.9237256209718,275.5222609674076,272.6898345190127
2012-09-12,277.51544295914954,275.14799549669954,272.710906973625
2012-09-13,277.1080027371367,275.14210747169955,272.72968311525693
2012-09-14,276.22011226671475,273.9944034818386,271.40183542306966
2012-09-15,273.74376200221275,271.5628959167249,269.1911148599706
2012-09-16,274.1074143885369,271.9501684578995,269.0148114595065
2012-09-17,274.6241929986816,272.7024364434116,270.5997792221196
2012-09-18,272.9070466003598,270.1461368061979,265.62238479244115
2012-09-19,269.39276077385466,265.4498859419797,259.6927680061159
2012-09-20,268.04300149422005,264.34672206783597,258.78504922599666
2012-09-21,268.5358483011926,264.8601838209702,259.70942873280484
2012-09-22,268.27193285778264,265.0117342980602,259.5545556924096
2012-09-23,267.19660793034967,263.3789347979928,258.37175886547493
2012-09-24,266.92874314461767,262.7870750090784,257.67594347340207
2012-09-25,267.46689031366384,263.78391594728566,258.13526951560084
2012-09-26,267.57940917920774,263.86850873126764,259.3145542250128
2012-09-27,267.41148900048444,263.7035677531859,259.01181833821687
2012-09-28,267.10962057922603,263.1905686616704,258.8970862158194
2012-09-29,267.6122291903173,264.1263969057396,258.8429441408182
2012-09-30,267.7381541811432,264.01049372312326,258.84016064534154
2012-10-01,265.6802210044995,261.7920633753859,257.51760938445364
2012-10-02,265.35184091874635,261.5243581092867,256.53667684810785
2012-10-03,265.2834429831295,261.5012313936713,256.7252215534321
2012-10-04,264.8518939044352,261.0252042736997,256.0802037938642
2012-10-05,263.9723734536078,259.73591520749034,255.55031981931776
2012-10-06,264.3697438414133,260.8497078146891,255.97012810914717
2012-10-07,264.27376653121524,260.39228438683523,255.6081355171276
2012-10-08,262.73300719530783,259.19847956694247,254.85984008205327
2012-10-09,262.3215918992714,259.2556485387581,255.39672430068555
2012-10-10,263.1873035000551,260.2531156990492,256.3552580044939
2012-10-11,263.6622545972915,260.2422516810753,255.94568243851114
2012-10-12,263.17951263065163,259.6648469734462,255.80498373643138
2012-10-13,264.16025269594087,260.97978124768264,256.85201482031806
2012-10-14,263.4259769026935,260.40995754113266,256.522251126575
2012-10-15,264.0591998652696,261.43139098472165,256.93621457038535
2012-10-16,265.64129737761556,262.7327177507657,258.6411872836662
2012-10-17,263.3677379432044,260.1602174224805,256.19009822859124
2012-10-18,261.76546474365483,259.1386349554669,255.60064923471163
2012-10-19,262.7458635920431,260.7050340686641,256.7206686817664
2012-10-20,263.4976665220343,261.34513854848933,257.6839843099776
2012-10-21,261.54941106392994,258.3909489473047,253.37534878655882
2012-10-22,258.67681645218056,254.34549611510016,248.22714088865376
2012-10-23,256.4520334132767,252.68036986397112,247.42530850148484
2012-10-24,254.72123334590864,250.67281418347136,246.5920006572733
2012-10-25,253.604500353621,249.754852799305,245.6674437866562
2012-10-26,254.72281855129623,250.73356302750528,246.22616410299722
2012-10-27,255.02793647293652,250.99725014014177,246.78243145506818
2012-10-28,257.415446482273,253.63804519087898,248.24997778200068
2012-10-29,258.96750750409893,254.79564193525366,250.33947489832497
2012-10-30,258.2112217531507,253.72749184527586,249.0664523305008
2012-10-31,257.1776704527541,252.689991420154,248.33837164042492
2012-11-01,257.12989851959503,252.63317850051848,248.2878730186221
2012-11-02,257.41361653415856,253.32117071719193,248.57059578601323
2012-11-03,257.9566423667423,253.35708872757888,248.61531340592268
2012-11-04,258.1710165253152,253.4364574957068,248.37948602857094
2012-11-05,258.93519140438,254.21637411683915,247.96734669974936
2012-11-06,257.3059649560488,252.85311989483418,247.1204607501021
2012-11-07,255.9182763394149,251.62300384017166,247.05389451503376
2012-11-08,255.47797569271552,250.9264875541041,245.82358857414678
2012-11-09,254.36755318906054,249.89333354705028,245.05842202176254
2012-11-10,256.4920444215688,252.06480279942386,246.75861683565608
2012-11-11,256.1762033928506,250.9220848694891,245.67549731816285
2012-11-12,255.26607633306762,250.49167598523658,244.47737214731885
2012-11-13,256.5475166672942,252.7923326131741,247.8127638979233
2012-11-14,256.1574801534117,250.6857923555298,245.07388181262476
2012-11-15,253.0346842158042,248.21343362820755,242.66641720157182
2012-11-16,254.9928884223474,250.83527825058988,244.18066427836357
2012-11-17,259.59787870134454,256.71251326993735,251.9169972621714
2012-11-18,259.2236704207913,256.2224601421429,252.27654910944128
2012-11-19,256.41527426915104,253.05703142448442,248.35631967002655
2012-11-20,254.20724823487063,250.9751258446774,246.85051206786488
2012-11-21,257.17344629614007,254.11613478598483,249.60443236767537
2012-11-22,258.5645177807004,255.28145405793273,251.27310968159796
2012-11-23,257.43547708827487,254.64228453893267,251.33295138352165
2012-11-24,256.08820570065194,252.24472666769137,245.87922628645222
2012-11-25,251.45426357970007,248.35942760804352,244.45261437383425
2012-11-26,254.7793000768998,250.61905768778857,246.1781073455247
2012-11-27,254.39554483102003,250.9091142414404,246.57411173494378
2012-11-28,259.16744989015706,256.61692135107364,252.50797809409775
2012-11-29,257.0710879500992,253.03841756601605,245.08308327960788
2012-11-30,248.86310967540814,244.5141164808329,239.38432717287708
2012-12-01,244.92276783156512,240.31974787678487,235.3305721861056
2012-12-02,243.6995123331751,239.43292728058802,234.55989916341557
2012-12-03,249.13532733434624,244.45353112158128,238.54130792870833
2012-12-04,249.43567745334852,245.04220512087366,240.1554410575269
2012-12-05,253.5424219235425,248.97177489714417,241.99682845148658
2012-12-06,255.86624913150234,251.55862067032035,246.8348571732906
2012-12-07,255.70994624573788,252.0797367099705,246.46981605020784
2012-12-08,258.30052628725343,253.84577435109074,248.06304207625794
2012-12-09,253.37341767621328,248.3411303526599,242.31731111221387
2012-12-10,251.16492129456995,247.3642253057441,242.60694926212312
2012-12-11,253.67288860154636,250.40134186301074,245.70680501314968
2012-12-12,253.67455193297454,251.084108545864,247.18422295683578
2012-12-13,255.61505436259688,253.72422735707457,250.00421535587265
2012-12-14,256.9375610359082,255.06975830490487,252.72619281216402
2012-12-15,256.43467074082514,254.35557482503972,251.55593485301748
2012-12-16,254.92187298174017,252.56661825360675,249.31704564392322
2012-12-17,254.53317201118446,251.54297301581352,247.23218989927122
2012-12-18,257.2696366379973,254.38182832912932,249.9299480378665
2012-12-19,251.65897959625906,248.60852052244638,244.46884783762496
2012-12-20,247.30257867956982,243.7694061923883,240.31157331354407
2012-12-21,244.800864602516,241.9247472139127,239.07826844132381
2012-12-22,243.1317872352088,239.7274741577066,236.61848956963652
2012-12-23,247.8622989447491,241.3683271422379,236.05765005532848
2012-12-24,253.61992248991402,249.5859788518014,243.1009203940992
2012-12-25,249.00203520947753,245.42376584648278,241.14162518940114
2012-12-26,250.131881583567,245.95453066320422,241.8704727502249
2012-12-27,256.9127768700109,254.58471906986713,249.63200572037204
2012-12-28,256.68582481671905,255.00617887139575,252.75247326476065
2012-12-29,255.09146466733574,252.3125091944392,246.97326877786665
2012-12-30,249.22337036618507,245.76501675438786,241.28354932645988
2012-12-31,243.97680595833535,240.29659693318726,236.27352367385393
2013-01-01,246.13273725792837,242.22618941325376,236.62410590738895
2013-01-02,244.65102811276788,241.99457483615925,239.08764951699013
2013-01-03,245.60600519031095,242.92658140448557,239.9050615333911
2013-01-04,248.1693621784248,244.5407799582259,240.2159287974731
2013-01-05,244.9495446814952,241.8545780154067,238.4010835818268
2013-01-06,243.33780677485515,240.29126013955462,237.26247831300526
2013-01-07,241.931505182843,238.8386100160371,235.87287703626345
2013-01-08,243.94669425371393,239.4886541207694,235.35989091305416
2013-01-09,249.72728657334906,245.42298120083535,240.72911963806294
2013-01-10,246.520243114656,242.96601530666672,239.13613479694004
2013-01-11,248.65518779401933,243.5781674148876,239.60328351220417
2013-01-12,256.6058729242644,253.57272670305844,247.67070437769237
2013-01-13,253.26575043424148,250.00944193703873,246.13047262097896
2013-01-14,249.89865394269307,247.01456752494238,243.39384990111733
2013-01-15,250.25131141289413,247.53425511194473,244.24513701521158
2013-01-16,251.6797552579013,248.8917825299889,246.04810053888792
2013-01-17,252.93574901427465,250.93316093349816,247.45625408912062
2013-01-18,254.38498125957724,252.35828037631455,249.10561166226657
2013-01-19,251.90836818887533,248.93879516462732,244.77761525603987
2013-01-20,247.57062804151437,244.20617198801372,239.6282431172961
2013-01-21,242.44167609071042,239.75420270573477,236.83170024304346
2013-01-22,243.55607225606587,239.95311650761775,236.749330538609
2013-01-23,248.50589098881238,245.02635134611683,239.83180348451123
2013-01-24,244.47913636643062,241.52128450921523,238.08032187314583
2013-01-25,242.23561393118345,239.45613278250698,236.81718631695352
2013-01-26,241.1572718047345,237.81648838760395,234.70913220754053
2013-01-27,247.48153967976782,241.5409262542993,234.22756467221006
2013-01-28,251.16844903817307,246.48652431343626,240.9994790025372
2013-01-29,248.2114106174228,244.6563203303629,241.45905801542594
2013-01-30,252.069421979287,248.49340013241073,242.88370709279604
2013-01-31,255.3506266606992,252.12160379020722,248.2392795942987
2013-02-01,254.17493899176813,251.15089292896815,247.70087824220082
2013-02-02,256.7444784677837,253.39701136400518,248.87750681803632
2013-02-03,256.7529434833646,254.01464681589547,248.1680179191305
2013-02-04,258.475291844741,256.50430366331756,254.26973005324027
2013-02-05,258.2754652989539,255.7033704775288,252.33910055683026
2013-02-06,253.67041102857596,250.76107479390933,244.58554026295317
2013-02-07,246.19236747961358,241.91143619183407,235.97336162002944
2013-02-08,238.55783444714356,234.9041837739869,230.97841542088412
2013-02-09,242.00685104042526,237.134714944267,230.64891431691393
2013-02-10,248.0135822313905,245.0783171474809,240.60551123965556
2013-02-11,249.1390827773106,246.42153252946005,243.77599909818943
2013-02-12,251.83051983646584,248.17534482032852,244.25351166963065
2013-02-13,252.4907668049194,249.16666959637243,244.91670778111677
2013-02-14,254.50900016123725,251.61903754884722,247.35935709671395
2013-02-15,256.7528447695416,254.33819068001304,250.69569439765664
2013-02-16,256.87690387259914,254.2153946430106,250.0447797476914
2013-02-17,254.2676084593837,250.6445475521482,245.46462594528418
2013-02-18,252.7364536847295,248.87509370540099,244.18129421113525
2013-02-19,253.2898354157899,249.77032585693416,245.12915578909178
2013-02-20,252.79130975377367,248.6465909990527,244.38569822732583
2013-02-21,253.5846696072071,250.63017552329282,244.71014882617547
2013-02-22,256.625051154759,254.69874244234984,252.14145017956503
2013-02-23,258.06137189490437,254.62784686632529,248.5773934987214
2013-02-24,256.0371805315673,252.77968264016994,247.67619941471457
2013-02-25,257.4455800644445,254.66267254076072,250.26863554927752
2013-02-26,259.3363965134769,257.2958881617316,254.27386722198253
2013-02-27,258.72294448812875,256.2197477126635,253.12476828092377
2013-02-28,255.40017643868546,252.41595659968263,246.6835490880251
2013-03-01,251.84838465264863,248.1218022413257,243.82832927136857
2013-03-02,249.7307095533875,246.1499290364276,243.04280218820062
2013-03-03,249.29702443929884,245.88137192133473,242.98842050574524
2013-03-04,251.3262749965435,247.40948039364088,244.17097582858204
2013-03-05,250.989949045652,246.9918159408521,243.71673916516394
2013-03-06,250.42228169661917,245.7818354857577,242.03402601525434
2013-03-07,249.99660574980487,244.60318103484948,240.53299677259022
2013-03-08,254.55553170201804,248.9164340328652,240.97787576288377
2013-03-09,259.03831374242435,256.106689870961,250.17525155119372
2013-03-10,258.9069017001344,255.0244224376175,249.27158463746142
2013-03-11,257.781750061336,254.01460574050867,248.16268485498549
2013-03-12,260.8773682229267,257.6139853273335,251.68190761813187
2013-03-13,262.18112325018666,259.8548656487176,255.79442108517128
2013-03-14,262.06919931008605,259.8809931697911,256.887696102195
2013-03-15,259.92245143701047,256.37216435526136,250.55532122519452
2013-03-16,257.7614665945689,254.51296519741766,249.3858443232219
2013-03-17,258.5341080806345,254.73251456820992,249.70563454738237
2013-03-18,258.1324278925085,254.5590614459892,249.61600695455078
2013-03-19,259.6535059326163,255.44068466039033,250.8835509021807
2013-03-20,261.82275118788135,258.50964442326654,253.3733538138167
2013-03-21,261.2683680286669,257.0825492060945,249.76442923121286
2013-03-22,259.1418030527935,255.6336604173238,249.45142841127162
2013-03-23,262.128253928591,259.0651857733426,254.22799471441633
2013-03-24,262.43954901688375,259.9745455040817,255.94393045561105
2013-03-25,260.29193304161913,255.95965451523395,249.1661974483329
2013-03-26,257.2492653450543,252.85712003445082,247.97027326316825
2013-03-27,259.1230652443359,255.31323512007512,249.22943464405415
2013-03-28,261.5460603274826,257.29068265215506,251.93452401512076
2013-03-29,261.2822475042278,256.80523962445767,250.20732920036937
2013-03-30,260.9858863687221,255.35421810863275,249.29513692709924
2013-03-31,259.75375173118,255.21666054059517,248.59418103750156
2013-04-01,260.47885356334706,256.9846835370754,250.45353566103347
2013-04-02,262.08971227962576,259.2014813847959,255.0931115812969
2013-04-03,262.31924975052567,258.94954440678464,253.37543966749237
2013-04-04,259.8949622535921,256.42013052850916,250.81940592787043
2013-04-05,258.2001741819759,253.5766444635253,247.16397449604324
2013-04-06,257.41346523163685,253.32563586621234,246.72811189171045
2013-04-07,261.9522580646846,258.2731349597276,251.7548166391011
2013-04-08,264.21330878088014,261.01477477518296,255.450480796847
2013-04-09,264.84519051486,261.70433771218774,257.02066924658294
2013-04-10,264.31846898071876,260.9190080410899,255.39758600163074
2013-04-11,263.7248205197145,259.4703068350662,253.5327293985955
2013-04-12,261.73383478410784,257.78299488948,251.8602728828158
2013-04-13,261.9612039249022,258.0059968967413,252.11377123236824
2013-04-14,262.92571784831534,257.827876959456,251.87771491975994
2013-04-15,262.81254182240366,258.68338825395176,252.62568083215618
2013-04-16,264.74800122318095,261.3116510737191,254.30225352137887
2013-04-17,261.9513679580295,258.07859592841265,252.28528949431183
2013-04-18,260.85095274253206,256.905163599242,251.15911220136374
2013-04-19,262.51332438181765,257.4249911769011,251.06371754039773
2013-04-20,263.3616999827488,260.19045007832,253.54551607800363
2013-04-21,264.5117085086272,260.873250209321,254.4196877511625
2013-04-22,263.74305833566984,259.4717467065051,253.67564872154887
2013-04-23,264.1918115570403,260.1994455586612,252.93856575648795
2013-04-24,264.7926021212453,261.57941236723275,257.1026000471677
2013-04-25,265.55287090842927,262.3301373572123,258.24620575040484
2013-04-26,266.580949329164,263.4972988779214,258.7876833191294
2013-04-27,266.14045303439536,263.79285219769935,259.9584116405634
2013-04-28,265.25082272010474,262.9714582391199,259.8037379119769
2013-04-29,266.46505180206225,263.8420394631994,260.2136821246359
2013-04-30,265.45063478108347,262.5384920426751,258.8154072596147
2013-05-01,264.5282881168481,261.00451218313424,256.3207963338306
2013-05-02,263.0511699972807,259.33637632783524,253.23907253076487
2013-05-03,263.01857827173245,258.72383555638356,252.5625639320576
2013-05-04,265.2337417990509,261.9978232233677,256.0891366522353
2013-05-05,266.58347644464607,264.0327051562681,260.11632579503225
2013-05-06,266.2959813254318,263.26846318276034,258.48802453260134
2013-05-07,266.01851663048916,262.8726698238082,258.17677701664354
2013-05-08,266.35419742741396,263.16614654826196,258.20490188686216
2013-05-09,266.40059794890794,261.9757377234778,255.2848252297356
2013-05-10,265.37015991621456,261.83460125637964,254.91787393690734
2013-05-11,267.5290523458431,264.54824828075584,260.15642905176884
2013-05-12,268.2261922099491,265.61243760073904,261.3798731605223
2013-05-13,267.1872403938202,264.5424455064183,260.4332894398529
2013-05-14,266.1657863582409,262.93989306953927,256.8575586647812
2013-05-15,265.50118264370815,260.2758313731724,253.77164402819045
2013-05-16,263.9777058865915,258.95506323868415,252.83352322548174
2013-05-17,264.203170333362,259.08801417435836,253.20258405858564
2013-05-18,264.2645072309008,259.0737855185568,253.29801164098882
2013-05-19,265.79037678708875,261.71711663258435,253.85084180678297
2013-05-20,268.93269427504976,265.4375801419787,260.0108576720212
2013-05-21,268.9296609505581,264.65500952478027,259.1497409850047
2013-05-22,268.91371438294897,263.9319550302449,258.1630025767511
2013-05-23,268.56177381196295,263.4553361404113,257.7222413693652
2013-05-24,268.06576884896083,264.773285921803,258.6214319658643
2013-05-25,270.7850718385048,268.52257204950075,264.62677276466644
2013-05-26,271.3169630259521,269.236520940563,266.11859896061975
2013-05-27,269.5441516371278,267.2640915820679,264.33626818049186
2013-05-28,267.49133812421314,265.425978332799,262.31740353607125
2013-05-29,267.0844660534286,264.5580167445276,260.58919468695655
2013-05-30,267.2869886566349,263.08016501716173,257.6855251709078
2013-05-31,266.34710141095474,260.8895502358198,254.82952440508373
2013-06-01,265.6379020281783,260.4938643417897,254.6113869673861
2013-06-02,266.057379266653,261.5457613021313,255.57699139418256
2013-06-03,269.92628570905634,266.53470681353497,260.6156180905037
2013-06-04,271.9284567774933,268.4835552021753,263.24413107373624
2013-06-05,272.0453564098132,268.1063636763496,262.72735110931313
2013-06-06,271.25550348310406,267.1510958719508,261.0688728435939
2013-06-07,269.72115408916,265.4201250119225,259.7662534603735
2013-06-08,269.64334948087316,265.5046777848042,259.1677781289328
2013-06-09,271.56371742938336,267.83301454216866,262.85234131098304
2013-06-10,272.60172031447865,268.34536176533396,262.8659847578297
2013-06-11,271.52049220405104,267.91839637621985,263.60699222282904
2013-06-12,272.1294677682192,269.03460954614866,264.8599376211458
2013-06-13,273.49415525251436,270.43374913863335,266.50940422309634
2013-06-14,273.766956323199,271.1559965006849,266.85202595852803
2013-06-15,272.5311923199757,270.6539998821282,267.51933452095903
2013-06-16,270.90198643954017,268.85294108928605,265.7997518155322
2013-06-17,270.14074031098846,268.45487232758694,265.42604618660187
2013-06-18,270.575984728651,267.7534426161444,263.03128579649683
2013-06-19,269.83515050627915,266.36982751292146,260.4674737223655
2013-06-20,269.39185744291063,265.2190776788166,259.33227756253046
2013-06-21,270.2207473747589,266.0380182514369,259.9568015707247
2013-06-22,271.70707478513873,267.7471681655759,262.1525036109711
2013-06-23,272.2596518100935,268.89070818487266,264.38851805414595
2013-06-24,273.4442149022195,269.94547626839,265.3348452617389
2013-06-25,274.29736237700666,270.54969140915387,265.4122563305153
2013-06-26,273.8706839662923,269.8304816280676,265.0913344836839
2013-06-27,273.563624456431,270.38190171466334,265.4341601735688
2013-06-28,275.04009795526184,272.43288456049504,267.8675569108448
2013-06-29,274.93743164221445,272.304737221242,269.0708629657609
2013-06-30,274.60229000671364,272.08574206350505,268.87111314275154
2013-07-01,274.64413692267425,271.9469547412267,268.7177793819037
2013-07-02,274.7616955614797,272.20169733535243,268.6046895565
2013-07-03,274.6939986506153,271.8574456593315,267.3133462256537
2013-07-04,275.2115205093054,271.71279347354596,267.42060534917164
2013-07-05,275.7047904264919,272.6568160415592,268.4878872447778
2013-07-06,276.5982175243488,274.09024992910645,270.1789308843471
2013-07-07,276.6547893573171,274.6682636370809,272.0155714329613
2013-07-08,276.17089571014657,273.73437925930307,271.04237178539466
2013-07-09,275.35758006052936,273.5989060234863,270.84437770575363
2013-07-10,274.7282753067226,273.01070237905765,270.9739554122839
2013-07-11,275.48388489191774,273.0319937916569,269.89634332042993
2013-07-12,274.98874181226546,272.54175005697374,268.5637563776299
2013-07-13,274.7325147446445,271.5824540630788,267.611361835568
2013-07-14,274.99871818265893,272.1866796563733,268.09129679964127
2013-07-15,276.47961911741015,274.0478625550553,270.2152923489472
2013-07-16,276.87294212914196,274.4180287403092,270.8675661082758
2013-07-17,276.9925684643533,274.1335559948034,270.3426101477127
2013-07-18,276.4155164123433,273.5543194853632,269.86114858052673
2013-07-19,276.90485355279463,273.7823970072639,270.0428093171088
2013-07-20,277.604967174687,275.1778627009865,271.87583170689817
2013-07-21,277.97337224057355,275.13454440025225,272.24302020583997
2013-07-22,276.8228553129906,274.3951335112434,271.5171662608524
2013-07-23,276.77018786676166,274.1811686687146,270.99428332783145
2013-07-24,276.1283127660525,272.92191003345545,269.3434810091344
2013-07-25,274.76695033285574,272.1192777950111,269.04445153541894
2013-07-26,274.1479282819843,271.15764269945896,267.9095205835376
2013-07-27,274.1588068755081,270.71030961335725,267.15326830218174
2013-07-28,274.4874389400017,270.63376061012985,267.10210656827684
2013-07-29,275.53095605224036,271.6920041311452,268.1177627309644
2013-07-30,276.896116860235,273.83390239935926,270.1383187817353
2013-07-31,277.6187891515384,275.1137265764056,272.0825795679154
2013-08-01,279.14489177852465,276.5961562237224,273.6157819694605
2013-08-02,279.936001702372,277.64705061453435,275.34643136753664
2013-08-03,280.2469993554804,278.2359955936656,276.1725948346877
2013-08-04,280.9435816273607,278.42791657727525,276.2439424044254
2013-08-05,279.16022015487744,277.0506441311386,274.82047152559977
2013-08-06,278.20356517643665,275.8052264531858,273.48019424875076
2013-08-07,278.46061257737136,276.3857897820401,273.7317743477002
2013-08-08,278.4401796674708,275.6063930562714,272.5421457440695
2013-08-09,277.21806536621045,274.3252534664285,270.98222045560846
2013-08-10,277.67757341260597,275.01601374508476,272.0712890134777
2013-08-11,278.6191193871079,276.3624463634322,273.3463181746197
2013-08-12,279.0445951351257,276.8528800571901,274.2010394454958
2013-08-13,278.5585389089453,276.7189599114222,274.9396524404558
2013-08-14,276.9252391732158,275.2893601962482,273.861976616505
2013-08-15,276.4870122744314,275.1924007148679,273.45145713010015
2013-08-16,277.14600079613035,275.680308544628,273.6699006228599
2013-08-17,278.6529457801416,276.50272638816887,274.4086103502254
2013-08-18,278.4501358230496,276.5628081666669,274.2698518159981
2013-08-19,278.95356738766543,276.69454193390686,274.69624824151924
2013-08-20,277.2369675119683,275.28199526701815,273.2373596879523
2013-08-21,276.57886262635776,274.68992717898425,272.6791852159691
2013-08-22,276.6003920525411,274.765616693222,272.6782253933401
2013-08-23,276.91398995836477,275.0929067727697,272.7419272642747
2013-08-24,277.36708091133227,275.4278429696466,273.34910100096454
2013-08-25,277.3468377371275,274.9101619533648,272.1467071010046
2013-08-26,275.8088069112826,273.21526891685085,270.6300091180902
2013-08-27,275.670072096738,273.30167882842886,270.67526158335727
2013-08-28,276.1577197338737,273.9667342378914,271.44301657919806
2013-08-29,277.81999497172967,275.10370618686574,272.0663151368872
2013-08-30,275.6308167354579,273.2724241288534,270.58889059210935
2013-08-31,275.23327702876287,272.8558683862219,269.8917555982023
2013-09-01,275.1186954408835,272.49530791817784,269.5408524575428
2013-09-02,274.0221844229912,271.3502530022301,268.21432589973784
2013-09-03,273.99699232690966,271.3107709149764,268.0581578598551
2013-09-04,273.14795103001825,270.807988804097,268.0537128741061
2013-09-05,272.4042663481738,269.87307033952425,266.8885537070345
2013-09-06,270.9172409603929,267.4737443145051,264.61829044534534
2013-09-07,269.43959229070805,266.47878410581166,263.5399565451677
2013-09-08,271.24082379096205,268.137761521306,264.46069366121526
2013-09-09,273.0004110498663,270.31714566369124,266.931073235835
2013-09-10,272.80292719973914,269.95295676682156,266.8090084313124
2013-09-11,272.6702579763269,269.4736035422277,265.97992999154354
2013-09-12,274.4455703001371,271.8357788095397,267.8995425094319
2013-09-13,274.48403139905207,271.4050485155954,267.7553289293554
2013-09-14,273.0644400608605,270.1304597886902,266.9563463708731
2013-09-15,271.51042438817836,268.54288489424766,265.4612670464754
2013-09-16,269.6667106561013,267.02247993216173,263.48769303388076
2013-09-17,267.99596242026433,264.55665331251504,260.8650093541957
2013-09-18,266.906910059788,263.9242304872635,260.3956264301997
2013-09-19,266.5017037833505,262.872421602472,259.487505729074
2013-09-20,265.78755026632,262.3904930497634,258.76939908496803
2013-09-21,266.7351247947125,263.87561211503,260.06521606437786
2013-09-22,267.44568045111566,264.64024338241103,261.5633456140779
2013-09-23,269.14034334394034,266.6394277476712,263.1332614971406
2013-09-24,269.98989900498464,266.85001195611835,263.2679794333027
2013-09-25,269.1624282455937,265.5732248429861,262.2986708194281
2013-09-26,268.2647745552338,265.1283020940615,261.574585839316
2013-09-27,269.1655150558471,266.2651250560501,262.9972855945601
2013-09-28,272.12855884369674,269.3220850732831,265.6085854215188
2013-09-29,270.72756493600554,267.5293085843251,264.07626321638196
2013-09-30,269.28420689152466,266.6718221267699,263.2218750791048
2013-10-01,270.5254421201706,267.8373108841761,264.29485917286024
2013-10-02,270.26624556601803,267.0129334207116,263.7309943905576
2013-10-03,268.0201464770998,264.7548067658124,261.6678691903917
2013-10-04,266.02386940900044,263.09489746826415,260.1808255231242
2013-10-05,265.2945157936028,261.6190709394645,258.28803183877193
2013-10-06,265.45534323408214,261.9235259687011,258.470021800666
2013-10-07,265.45277039279614,261.8712295511868,258.5637084592819
2013-10-08,266.55305006234045,262.8243770205413,258.8242402152212
2013-10-09,268.4713251287546,265.20479420698786,261.75463882552066
2013-10-10,269.93271961720507,267.06408034630994,263.45208312439706
2013-10-11,269.1347460576629,265.78692705127185,262.3893787166385
2013-10-12,269.6036539467277,267.1459753649402,263.6800424177658
2013-10-13,269.3420698434003,267.3536717149458,264.79070249441247
2013-10-14,268.0262196587922,264.3639322896304,259.1973184053516
2013-10-15,264.368456569553,260.7542139525061,256.41627016590655
2013-10-16,263.6192728261596,260.3392602293002,255.98946842338268
2013-10-17,263.9688872028239,261.2731791193144,256.93432340606273
2013-10-18,263.14375800928724,259.04000307643,252.97053628075847
2013-10-19,259.2513208293841,255.5255813001456,250.7733357999149
2013-10-20,257.63040161557615,253.50956906465498,249.53920357069757
2013-10-21,255.87945320698287,251.70628490521187,247.91509035289738
2013-10-22,255.8702843577924,251.35491396310337,246.41067671663856
2013-10-23,259.71588944419085,255.5850197060518,249.20260895051757
2013-10-24,261.95770133247765,258.2229305662094,253.05718418158816
2013-10-25,260.4544323284424,256.61980409097197,252.36880519780462
2013-10-26,261.17223360436225,258.0867848580188,252.53946346634962
2013-10-27,261.70611342943556,257.9275754146655,252.15698084842455
2013-10-28,257.1778213608043,253.57224715248486,249.3668157628144
2013-10-29,260.6532191017731,257.01929612311983,251.09554812734794
2013-10-30,262.3828152503607,259.6942872343188,255.49160010410202
2013-10-31,261.49851389508734,258.2154530426366,253.4167295130285
2013-11-01,258.3536370215189,255.32703438940885,251.72362665208246
2013-11-02,256.51599879728724,251.57711654358528,244.89741532492874
2013-11-03,252.74675617214334,248.6391845183664,244.23736714144553
2013-11-04,254.73814323800747,250.81229739537042,244.90127909546092
2013-11-05,261.6262109724636,258.62764836484746,252.91349628635479
2013-11-06,262.09077489432644,259.59384912274305,256.7587814727293
2013-11-07,260.45761184416796,257.69425348099696,253.17999152732858
2013-11-08,257.7763514190144,253.06205016048267,245.93335444901012
2013-11-09,254.4654474881773,249.16670426689123,243.44627409957394
2013-11-10,250.6486690971217,246.76855779171893,242.1902759220593
2013-11-11,251.86134262800354,247.68539338916952,242.2327043091381
2013-11-12,251.55375716736089,247.86276050141106,242.66864536202857
2013-11-13,253.66695964410565,249.8981203407375,244.7177768304138
2013-11-14,250.8941988182769,246.7300152376145,241.58893019768277
2013-11-15,248.18139321890393,243.82413298730927,239.32277664714104
2013-11-16,247.93410061607364,243.47903736679189,239.03787124761686
2013-11-17,249.76006556002028,244.98201118298564,240.9830544809901
2013-11-18,250.44228256703127,245.84784387338001,241.69962224659886
2013-11-19,253.50065643341676,248.25588815894767,243.01074812806905
2013-11-20,252.91692768634744,248.46972865924923,244.0517978144624
2013-11-21,254.0440121448426,249.20612864200336,244.5031770666414
2013-11-22,256.6687603381316,251.85121260103836,245.8058380255373
2013-11-23,258.2951187406191,253.4627899027041,247.33439060899005
2013-11-24,260.1085482817589,256.30965034608926,251.93020931110487
2013-11-25,259.397025819607,254.11651905314926,248.22638327417164
2013-11-26,256.50128110636734,251.13033981691234,245.5567465016789
2013-11-27,255.44645564640453,250.769849591981,245.46347097744018
2013-11-28,255.90598727861135,250.96752506921624,246.24337148542998
2013-11-29,254.98213433807015,249.7434613261906,244.393816876222
2013-11-30,253.24490650439964,247.7198675444232,242.77573889810273
2013-12-01,253.33559564622288,247.69484359811176,242.06666414532447
2013-12-02,256.53713764766536,252.56014334762406,246.29955350037204
2013-12-03,256.1220500385501,251.29618000344112,245.6325975801555
2013-12-04,254.47081026050657,249.52067273835644,243.83402262836296
2013-12-05,255.18992902022723,251.33613538392555,245.7520424479718
2013-12-06,258.4172789800355,253.9793275056906,249.11984864185743
2013-12-07,259.58334847639617,256.5241771491509,251.49365400193642
2013-12-08,259.7862896254426,256.3775359946317,251.9925226322346
2013-12-09,257.14883621764005,253.54009376327397,248.86355768029844
2013-12-10,255.28441303863485,251.81568204376958,248.11661716551268
2013-12-11,255.67893015878715,252.23945721215028,247.5785973263744
2013-12-12,252.90907123718836,248.38958766008975,242.62274414326555
2013-12-13,249.02607820569057,244.94806170153174,240.68403360906996
2013-12-14,249.95002424700314,245.98821476475723,242.05119092363307
2013-12-15,252.85565518672882,248.73316284226698,243.95938092671204
2013-12-16,256.92241741527846,252.87613828149654,247.04538575502943
2013-12-17,258.66896596738735,255.23735476342705,251.5853570640639
2013-12-18,255.7031662575198,252.14477258698085,248.10960717696832
2013-12-19,252.7640241969531,249.15271590973342,242.93757603217983
2013-12-20,247.79371310049407,244.47622229016181,240.72051253953418
2013-12-21,251.76296296126762,248.87641747562446,242.6051624593001
2013-12-22,253.3469969143059,250.6094913489366,246.98300367679306
2013-12-23,251.21186837015483,248.16403560639606,244.29192696417095
2013-12-24,250.71917715447768,247.67941122120413,244.4155232973057
2013-12-25,250.48832256932366,246.9645274956103,242.2995607060469
2013-12-26,248.19469555982678,244.04753712810634,239.58980211064028
2013-12-27,247.3893899864263,243.70811357357815,239.42056896655043
2013-12-28,248.60643194588107,245.3207990891792,241.052454161564
2013-12-29,247.19602616990935,244.0396049933609,240.7207901226087
2013-12-30,245.9174511853003,242.48519995076865,239.55447490845125
2013-12-31,251.61843244972223,248.47782062020815,242.75250445823724
2014-01-01,250.2990204306816,246.54310180837248,241.11884758208475
2014-01-02,246.33976313254428,242.83418083633572,239.122744740969
2014-01-03,248.88156482807452,245.12983105575123,240.23406078088442
2014-01-04,252.70678531032456,249.26110509620608,244.51989670661823
2014-01-05,251.40643037710007,248.0667678264859,244.742408047069
2014-01-06,249.68628244960206,245.7712642949953,240.7874731701987
2014-01-07,247.37629602023347,244.3079968127097,239.65864598961784
2014-01-08,254.0563513095834,251.1922181869805,245.89267867783562
2014-01-09,252.87225964176932,249.98954610657776,246.0362506188507
2014-01-10,250.92328964488803,247.7886347282134,242.4337376983133
2014-01-11,246.2653157663461,242.01143923805122,236.90601235644505
2014-01-12,250.21285693762695,244.34242629242675,236.5447912301477
2014-01-13,255.03102894146744,252.02041130587983,248.46096083111354
2014-01-14,254.11438460511752,249.92291857726963,244.51686395990515
2014-01-15,250.33669376121887,246.14172118977413,240.9212117688758
2014-01-16,247.82834273652065,244.797900731634,240.9035178849575
2014-01-17,250.5782935051724,246.78992340261607,241.70093930976276
2014-01-18,249.6104620256577,245.70800576332306,240.09337921235814
2014-01-19,247.3437905196289,243.3838880964654,239.24404909016025
2014-01-20,247.68638666877126,243.24020971328227,238.58381280578422
2014-01-21,254.44428955279022,250.64913780188115,243.67107552841523
2014-01-22,257.00055976195074,254.5951655901712,251.1052198995883
2014-01-23,255.13901992163804,251.80137770177876,246.61503400319688
2014-01-24,250.85493364332825,247.585478278469,244.22544640510222
2014-01-25,252.3290508464978,249.05213400540654,244.96768690432455
2014-01-26,251.78211132425557,248.35174165334502,244.31754390515613
2014-01-27,250.1656931361552,246.249093380286,241.6715658017593
2014-01-28,248.466738634791,244.83513982950802,241.1390893632897
2014-01-29,248.49453109279764,244.74939645598485,241.68087040735307
2014-01-30,250.63764177140067,246.95899122991216,241.81270790570952
2014-01-31,252.6456982466131,249.31025955789346,244.72522116264503
2014-02-01,256.233602777289,253.25494332419436,248.60928884889026
2014-02-02,258.11886615247255,255.94635770638985,252.48195592035762
2014-02-03,257.7081393555053,256.04991770046183,254.02280022651655
2014-02-04,256.97184844605437,255.57617621355718,253.44070745561078
2014-02-05,255.856026321098,253.1052511966452,249.66935910956911
2014-02-06,255.05904363375242,253.05679507844775,248.95436942171727
2014-02-07,256.4011182333296,253.4666624142973,248.4730625991023
2014-02-08,250.89011026306696,247.6712490842085,242.9059149912234
2014-02-09,246.65311477407064,243.08369979127144,239.1079604966524
2014-02-10,246.36277715830974,243.54882532313212,239.08408751733288
2014-02-11,248.30686905706386,244.7238751303843,240.30364359726525
2014-02-12,246.07894119420055,242.78356882721167,239.21141881508493
2014-02-13,246.3465928277851,243.27163778866299,239.67161540287992
2014-02-14,250.5609333860898,247.40434261981315,242.62418372816808
2014-02-15,251.390505459636,247.9874520620356,243.96266367849185
2014-02-16,247.87166643766972,243.86749643233946,238.5149993903628
2014-02-17,245.5499808251496,240.87352064462772,236.59112760037507
2014-02-18,246.52791101672187,242.0652489168714,237.54680437004615
2014-02-19,254.51629234459804,251.1474843770969,244.24006472554825
2014-02-20,255.606343817376,253.00676058121567,249.96931070886308
2014-02-21,255.75689154584367,253.4920859003248,250.15792368310116
2014-02-22,256.1901128354288,253.18979334282065,248.2065696686421
2014-02-23,254.7688036321213,251.37728190578122,247.23697969536025
2014-02-24,254.2115016274532,251.3067662456814,248.06709375204443
2014-02-25,253.60229935455757,250.4111418301322,247.23729602645687
2014-02-26,254.85483452014665,252.2607905621082,247.71792248063542
2014-02-27,256.38328282773847,253.5989710510553,249.4177473715065
2014-02-28,255.17223000660007,252.20437934594568,247.9897653622163
2014-03-01,255.86634424308963,252.69190864036113,247.52194100119675
2014-03-02,255.1047849533111,251.38923254225267,246.30885186780426
2014-03-03,254.99162958792593,252.38087712887287,246.53202200643395
2014-03-04,257.48023822775923,255.01713716952608,252.2373462418976
2014-03-05,256.57475133957973,253.30412986928724,248.1148100252815
2014-03-06,252.86090935769465,249.35236131026625,244.13286983382298
2014-03-07,253.2245164352055,249.57354355953967,244.14313178386382
2014-03-08,255.5229953093634,252.20530869863774,246.6747820071347
2014-03-09,257.742896220688,255.09320118509788,251.11211089712708
2014-03-10,258.3608084130564,256.64953160329173,254.37518364813485
2014-03-11,259.44723905924224,257.47665046643436,254.93897195047825
2014-03-12,258.1322541392445,254.43979982485658,248.14971975361658
2014-03-13,254.72282307055724,250.7352208249697,246.01129216867722
2014-03-14,256.47469020910876,252.57514646496838,247.2290106576792
2014-03-15,261.86939174859435,259.31092014678205,254.4574547647231
2014-03-16,262.92231568932874,260.80843568005236,258.6760372967256
2014-03-17,263.9708387502761,261.6746193173318,258.83835327462265
2014-03-18,262.5303034722986,259.67730474626563,254.8116674948729
2014-03-19,257.59524006090567,253.7668114012849,246.7787654982702
2014-03-20,254.4136930741176,250.75867697926986,245.49977099090907
2014-03-21,259.12360039345106,255.83464430250513,250.35263974413178
2014-03-22,259.16994155361436,254.92832847342453,249.15469217198194
2014-03-23,258.82190572560717,255.55039277508934,249.33448118857183
2014-03-24,262.37337417483343,259.7354172681792,254.78327510957016
2014-03-25,261.54913221661417,258.74465639142915,254.8546300073507
2014-03-26,260.21216510154596,257.57647507547256,253.80496270162104
2014-03-27,261.51052743709056,259.2864428113101,254.78685218177677
2014-03-28,263.0230039137902,260.63372260739516,256.9781320463376
2014-03-29,261.25476458250466,258.37326035295644,253.65475358194846
2014-03-30,259.5641041829158,254.90645280777994,247.50025502782137
2014-03-31,256.16078532356585,251.209269293677,245.27727865501592
2014-04-01,254.6420733926743,249.53361689690942,244.3813757603073
2014-04-02,257.74197735193417,253.6158016405063,245.51906037192578
2014-04-03,260.261482231401,256.2732350422464,251.82073232011902
2014-04-04,263.6610525160952,260.5075528398163,255.08594013378274
2014-04-05,264.9568878607059,261.8729894527437,257.67072064309224
2014-04-06,264.7657243581805,262.20568370889737,258.13997776348805
2014-04-07,264.2872372685138,261.3275552752053,256.2417148239658
2014-04-08,260.3106638669192,257.2578800471288,252.78020568753024
2014-04-09,258.69296311640653,253.79368008401383,247.6805511243557
2014-04-10,256.22923084753245,251.6448233302731,246.0055741995607
2014-04-11,258.2963351564368,254.06792853733455,248.07710996872441
2014-04-12,260.2877853615809,257.0732306716604,250.83797265571846
2014-04-13,260.70862380651295,257.60560381177345,253.14316994004685
2014-04-14,259.6558649991645,256.2943716458948,252.18981635508894
2014-04-15,262.0099390937168,258.7153930162963,252.8476760475988
2014-04-16,263.8895196182014,260.9891854310771,256.881083100097
2014-04-17,263.4146288751855,260.6840653248465,256.7946330525131
2014-04-18,263.30944354706276,261.2156589530187,256.9154848179666
2014-04-19,263.7458750319433,260.7581439965461,255.21694356852427
2014-04-20,260.3573331851071,257.00730037636725,251.63109080475428
2014-04-21,261.2485471403198,258.0350261715227,251.34598593748206
2014-04-22,263.6184946967515,260.2008988367692,254.76735278175354
2014-04-23,263.8433147531604,259.3922327058197,253.08618503410256
2014-04-24,263.1890007937795,258.76164361974196,252.89216497243822
2014-04-25,263.94848546061047,260.55374666872444,255.12663602398274
2014-04-26,264.5597410944268,260.77917831427663,253.6075247424474
2014-04-27,263.36501482890253,258.8309486378808,252.37689452535656
2014-04-28,262.6704215867515,257.7804830969875,251.88304565132378
2014-04-29,262.782334817662,257.3204803068645,251.97635420854064
2014-04-30,264.1362740270089,259.93349464916434,253.34902670016632
2014-05-01,266.2066307824822,261.4856013132477,255.85914402520524
2014-05-02,266.7259185771918,262.27679506188935,256.15574876964746
2014-05-03,267.9484523030095,263.8715069072887,258.3074447578378
2014-05-04,268.3510222807996,264.9883445749999,259.67661943411827
2014-05-05,268.7767591854775,265.98424129900155,261.1646295298813
2014-05-06,269.6359900647962,265.92669123971126,260.4182997651143
2014-05-07,268.95819623948086,265.4348271776816,260.23901181308776
2014-05-08,268.86569778973137,266.1896014244335,260.69054471732466
2014-05-09,268.38897878370415,265.9098307567417,262.4602839841988
2014-05-10,267.94871220031564,265.5950608640716,261.71632963735703
2014-05-11,268.9638189458454,266.666728198527,262.485250134481
2014-05-12,268.5073889608412,266.83911037204666,263.9968852909139
2014-05-13,268.07469037912244,265.6781954465577,262.47258928683056
2014-05-14,265.71625570888756,263.6203082485298,260.1404879669117
2014-05-15,264.815115985487,262.1923731943384,258.21976554837767
2014-05-16,265.23148406341664,261.77603500314723,257.08409661701995
2014-05-17,266.61542351893206,263.51257578516845,257.2887207920493
2014-05-18,268.12768978117504,264.9427374104739,259.74186137061093
2014-05-19,268.5653537649061,265.59496820625594,260.531234000463
2014-05-20,268.73619891942553,266.2675555049756,262.08844868308785
2014-05-21,268.164444808444,265.77819390283474,262.1310385639112
2014-05-22,268.0890760027535,265.0076176855723,259.7795167552686
2014-05-23,265.21417536631,261.5210735756711,256.5724765737756
2014-05-24,264.3689539421822,260.50144419742804,255.549424040814
2014-05-25,264.8099925033205,260.7747402211089,255.77022290991655
2014-05-26,265.05882217586105,261.4640276451943,256.5407846867839
2014-05-27,266.2196219590097,262.54032805415903,257.5210701651133
2014-05-28,266.256716756758,262.22703821795034,257.3492030631531
2014-05-29,266.45340557324585,262.7387171572584,257.8914133521341
2014-05-30,269.31155160678264,266.34347639610206,260.49470727146206
2014-05-31,269.0661977657596,266.9737434809541,263.9044923738596
2014-06-01,269.85797685408227,267.2293992099741,263.1921817067532
2014-06-02,268.2040624187659,265.1936536819337,259.6934344078244
2014-06-03,268.3267580163184,264.38772011648445,259.200431932226
2014-06-04,268.74907433147075,265.07585615909716,259.68838814034996
2014-06-05,269.47833735412905,265.57822024097885,260.1861648132504
2014-06-06,269.6833948288278,265.9805970745605,260.87967691474927
2014-06-07,270.56031394010324,266.95925262010536,261.749419686131
2014-06-08,270.08270569102535,266.29847030205264,260.89792087867875
2014-06-09,269.68317156948007,265.6222972338326,260.27145675451135
2014-06-10,268.87110024729543,264.67397023447063,259.4459562459671
2014-06-11,268.1241780405675,264.30803527869386,259.2547943196359
2014-06-12,268.3972488961738,264.89035368892155,260.6124658956445
2014-06-13,268.77643588404294,264.96898351186394,260.296775555316
2014-06-14,269.9919271580347,265.01979585546684,259.91755681833405
2014-06-15,270.1539077776455,265.83071124246607,260.13840115820403
2014-06-16,270.60395311577463,266.74849065543,261.40012726312614
2014-06-17,273.82009740519413,271.02982469368857,264.45235574035564
2014-06-18,274.4750953802097,272.49001315070655,269.0910781069226
2014-06-19,273.9796967793931,271.34530780148276,267.12041403806336
2014-06-20,273.4597042848377,270.6189842792634,266.6929718452311
2014-06-21,272.83441052858086,270.2870861177828,266.5168046284237
2014-06-22,273.1837575361376,270.45576348308106,266.7240348117013
2014-06-23,272.2336347962501,269.4326213808072,265.5237385146384
2014-06-24,271.69191352046954,268.4660633248479,264.4427935317288
2014-06-25,271.2468524054538,267.4614674570354,263.56135651280766
2014-06-26,271.0854813391387,267.7861000450247,264.0509407842057
2014-06-27,272.1787716168687,268.6796711204122,264.6139389764547
2014-06-28,272.70750768920914,269.51039361437347,265.3533132241853
2014-06-29,273.07361077214637,270.55863959986925,267.3972392227679
2014-06-30,274.408990641274,271.93738854889017,268.81416865192557
2014-07-01,275.20207617263054,272.65953911441756,269.3511187844094
2014-07-02,276.4291892062478,274.02899866666263,271.04337263915335
2014-07-03,276.0239302740826,274.24565277853605,271.75641870217885
2014-07-04,275.76129774477454,273.37807073304094,270.3408851235003
2014-07-05,273.8621924322091,271.32370319469135,268.22845988094264
2014-07-06,274.6858421766997,272.12897823611456,268.47835792428
2014-07-07,274.3239791646508,271.2450700694452,266.57080683663054
2014-07-08,273.11862079745583,269.4379125791744,265.2187380890122
2014-07-09,272.59038375367504,269.21146829698614,265.22817563031026
2014-07-10,273.7320039031792,271.0188836683296,267.20562090644165
2014-07-11,274.9430915449174,272.2248450477048,268.9559084752511
2014-07-12,275.8916555354767,273.26779831307107,269.71212557552076
2014-07-13,276.53127341859397,274.0786808735476,270.53479240326004
2014-07-14,276.7447047037316,274.11471566799446,270.7001711218424
2014-07-15,277.38073654134564,274.6326854363622,271.15679157020764
2014-07-16,278.0993329689868,275.78194132270374,272.3810241812829
2014-07-17,277.8139159686403,275.715028707727,273.42638038572113
2014-07-18,275.64804828159356,273.7500059150397,271.5222122172006
2014-07-19,275.1023616295567,272.8360587705519,269.8015483488289
2014-07-20,274.5248542941622,271.5213341729738,267.8969072628841
2014-07-21,274.02099344782465,270.79322180433843,267.2841437425829
2014-07-22,275.2812516465698,272.1617965162999,268.21224894706654
2014-07-23,277.4541281382196,274.4141941105613,270.8412404617527
2014-07-24,277.7794588037044,274.59948855218954,270.99518207549227
2014-07-25,277.36007339412777,274.38809916805053,270.68209614887206
2014-07-26,277.2730751804698,274.3341747078258,271.046080425456
2014-07-27,276.99696700810006,274.17030967825366,270.8319614024481
2014-07-28,276.59315265464477,273.53728530288873,270.1576498809084
2014-07-29,276.13288898432,273.3279293291105,270.1990258840583
2014-07-30,276.3445518667221,273.48968347428814,270.4077763737531
2014-07-31,276.8167685793419,274.13159289771437,271.2261299655514
2014-08-01,276.8460203456404,274.212926649324,270.9290059356298
2014-08-02,276.71628757502987,274.40458853991447,271.85371635428254
2014-08-03,276.2524049100199,273.56829849660363,270.25389961560006
2014-08-04,275.16496457722894,272.2508271307447,268.76939627956966
2014-08-05,275.12977721495497,272.00982340267075,268.46894754170586
2014-08-06,275.4520213542825,272.5682631769332,268.9874432223843
2014-08-07,276.0551213922981,273.75452061492734,270.8636982823149
2014-08-08,277.6027556310945,275.18333293604815,271.9769757519968
2014-08-09,276.79371718291554,274.1263002794081,270.81714071351786
2014-08-10,275.4712555819531,272.8650298015061,269.7721788730964
2014-08-11,275.65616742063776,272.8497410016481,269.67976142279224
2014-08-12,276.0481498335066,273.55500365282364,270.76795223833795
2014-08-13,276.31735134545323,273.7275924237161,270.77583809511873
2014-08-14,275.6760036676979,272.4972956777731,269.248905792652
2014-08-15,276.28430753037486,273.15716845050076,269.78215976688614
2014-08-16,274.7337497124664,272.8042135967512,270.6432934462915
2014-08-17,273.1822311681739,270.5891818082327,266.92855798156614
2014-08-18,271.3621077562042,267.13037938642424,261.877674395958
2014-08-19,269.97290905963774,265.23401512196034,260.0727007302991
2014-08-20,268.70569830252384,264.5093708279866,259.807502770078
2014-08-21,269.58810102054554,265.82581793167094,261.6906207887145
2014-08-22,271.5880648068707,267.7641058479271,263.1521118419398
2014-08-23,273.345008402619,270.3099873255324,266.34680163503117
2014-08-24,273.8208376864251,271.4064598131679,268.3302295817689
2014-08-25,274.3837265337803,272.0320704198858,268.9332892144031
2014-08-26,275.34635128319854,272.50078845887856,269.3597553922514
2014-08-27,274.0410032724732,271.638773663211,268.71568588935986
2014-08-28,274.00955194153977,271.7669183685153,268.5386410798894
2014-08-29,274.96986615719055,272.07739567527994,267.85504924724745
2014-08-30,274.6949178459466,271.69580597073593,268.03707258102736
2014-08-31,273.96153937288693,271.2904219713418,268.3814075472771
2014-09-01,274.1744951711034,271.969885221473,268.8849442839515
2014-09-02,276.7091893957629,274.2210431275838,270.8488209979409
2014-09-03,275.74349441897095,274.39451525712633,272.5634704177214
2014-09-04,275.21280148969606,274.00352835016605,272.69328110211785
2014-09-05,274.98779280660756,273.91061141063756,272.42241282857384
2014-09-06,275.1641455684949,273.5720265127781,271.1920931181755
2014-09-07,275.0345270571866,272.1627778777934,268.07764942334217
2014-09-08,274.09039920753816,271.074650662967,266.72154971208
2014-09-09,273.2359037506947,270.088457107895,265.88020708874103
2014-09-10,272.397001397409,269.2532812231008,264.9878463582712
2014-09-11,272.63801001232696,269.53030836734115,265.2480132973257
2014-09-12,272.78304928933414,269.92747025948967,265.7419417053612
2014-09-13,271.9033844433912,268.52170953170895,264.5936649822674
2014-09-14,271.07045895205925,268.0773315434545,264.02348682021994
2014-09-15,269.82909298972703,266.20528783878854,261.9837782725737
2014-09-16,269.082589548688,265.78751697893904,261.73988081282795
2014-09-17,268.6581492755941,265.4719143268863,261.35624198018655
2014-09-18,269.4014721445222,266.215797650168,262.2893846240346
2014-09-19,270.92042940392713,267.65538474129215,263.57134769586474
2014-09-20,271.29386188224015,267.97059458878056,263.6750124951649
2014-09-21,269.89458209009916,266.44320857441147,261.94661394798595
2014-09-22,268.8497769375081,265.1218004312223,261.13292931364924
2014-09-23,268.4483076384592,264.8741706982176,261.05653290141373
2014-09-24,269.34036099770844,266.1505649453477,261.80040406991174
2014-09-25,270.7951036073182,266.9560768355213,262.1900002625081
2014-09-26,266.86933812129246,263.7521841381809,259.97663930153635
2014-09-27,266.68040821306636,263.7229578578554,260.17532483970416
2014-09-28,268.15139388600113,265.0147714629797,261.4297338497475
2014-09-29,268.29366020536867,264.45307477774213,260.4210617199187
2014-09-30,267.1562236240534,263.80400686596937,260.17023058407017
2014-10-01,266.75166741527806,263.8096374098503,260.6312713044855
2014-10-02,266.70880583593475,263.5502961024013,260.0151873558426
2014-10-03,266.79977034039376,263.92994827585716,260.3406527195031
2014-10-04,268.6915948166796,265.5188063022005,261.83681029908007
2014-10-05,269.8559373652293,267.1271246670167,263.1980953451045
2014-10-06,269.12371511222466,266.1790642163621,262.357710882636
2014-10-07,268.96056278707863,266.45047605539423,262.0656477807104
2014-10-08,268.43654523647916,265.49142972132023,261.1597841312376
2014-10-09,265.10539750061355,261.9649090777544,257.76893191097145
2014-10-10,263.5696001241436,259.98091232028423,254.4860078391131
2014-10-11,262.57421864007546,258.085570792458,252.67159988608512
2014-10-12,262.10996801308534,258.32241841853784,252.1715838262099
2014-10-13,262.9752438593257,260.34237478818335,256.4417111905193
2014-10-14,264.6407856894254,261.7689608744729,257.0104781026601
2014-10-15,265.3665065337844,261.62496425939565,255.81520164159926
2014-10-16,262.8806119783776,258.5643930001707,253.21235439634168
2014-10-17,261.3922118178597,256.6942363701165,251.19906977900695
2014-10-18,260.43751532356316,256.7030158309142,250.70578745433144
2014-10-19,264.0195203031423,261.2281275222675,256.25426685641906
2014-10-20,265.5515064313504,261.5640899802644,254.8432354033292
2014-10-21,262.0131004062331,257.87123753031943,252.5201891512281
2014-10-22,260.833069148895,256.38757263443324,251.67999899446826
2014-10-23,261.54334165560016,257.4924648525204,251.8422818525837
2014-10-24,263.81920936183576,260.10082871417876,254.52437842795717
2014-10-25,262.4059027358765,257.57638838322225,251.94957014575493
2014-10-26,261.10891553641255,256.12329739724686,251.25011172473
2014-10-27,261.5249688481246,257.2118310318901,251.66740398852752
2014-10-28,263.2600464619287,260.0010307448113,255.43064924220468
2014-10-29,261.28459589230044,258.67427465133943,255.51148642167917
2014-10-30,260.3303146054035,257.31135942423884,253.4136238905095
2014-10-31,258.0688036168281,254.37153440743666,250.38258968132658
2014-11-01,257.12418337587684,253.16655049193264,248.5387483910341
2014-11-02,257.7085723847252,254.20553119394145,248.4102340981472
2014-11-03,261.18722914643786,258.2452901797816,253.90775883272076
2014-11-04,262.93702991124474,260.2185506222512,255.89734955498628
2014-11-05,260.54840672289686,256.3502162037306,250.8025061790247
2014-11-06,260.82750248222544,257.9604126389398,251.77444814054726
2014-11-07,263.7381731703253,261.3830300392128,257.6641628632502
2014-11-08,260.63273709187683,256.7923171909552,250.35933882636263
2014-11-09,255.87644588569526,250.77712055216816,244.373946555099
2014-11-10,250.3857576871524,246.23107454860443,241.54990104742606
2014-11-11,248.76632765034532,244.71696668540017,240.70888582636385
2014-11-12,248.25769894614479,244.2408323384691,240.47004955814643
2014-11-13,248.69531310774076,243.98560596315983,240.0034510256375
2014-11-14,248.62897653582016,243.87500633371513,240.09827653267382
2014-11-15,248.81184503830468,244.34283416289898,240.57392638490072
2014-11-16,250.66054081155175,246.37693495736707,241.93412771524942
2014-11-17,251.72572662598162,247.36623566646944,243.47962226024984
2014-11-18,252.30824409863365,247.57893253794444,243.4346601802435
2014-11-19,253.33896669635638,248.63840260256902,244.18470812419295
2014-11-20,254.3998893336329,250.05614946445152,245.5126737988202
2014-11-21,255.70494057947076,250.9684228141103,246.19277902455218
2014-11-22,254.7591868771751,250.2771531539454,245.13021178063286
2014-11-23,253.3845729968761,248.36169831114756,243.1272563224836
2014-11-24,254.058836443302,249.61845255666765,243.52270862242878
2014-11-25,257.658958263518,252.7069851266109,246.96082252897202
2014-11-26,256.19434115145646,251.38457498297439,245.64271383508773
2014-11-27,259.38639273463303,255.674316596656,249.81627656021752
2014-11-28,257.93539674517865,254.73744479878545,250.7047065644299
2014-11-29,256.8718886559707,253.64076035339153,250.1116562702427
2014-11-30,258.02569631762054,254.42745651179249,249.47846487644182
2014-12-01,255.8185789709843,251.39590442063673,246.1091571838555
2014-12-02,255.33207579223853,250.5128791165176,245.550130957076
2014-12-03,253.7098752926656,249.5583662798199,245.84553567752863
2014-12-04,254.3004178278442,250.83179017734722,246.82935219861585
2014-12-05,256.3779809421832,251.5771510028997,245.48995074259744
2014-12-06,252.8399288731076,248.13948044763828,243.35604540392634
2014-12-07,252.77019932684945,249.201164521989,244.23878313215332
2014-12-08,254.2792484585341,250.6546107880143,246.52238661256646
2014-12-09,253.14792610037958,249.28674524561762,244.48280180014845
2014-12-10,249.47341219982945,245.3685713262435,240.26445361694473
2014-12-11,247.22903383751552,243.1881067602318,238.31920541516553
2014-12-12,251.24924023748437,247.6429890441403,241.674046459525
2014-12-13,254.4214668351556,251.20192802470322,246.5753580482301
2014-12-14,254.20483001439646,251.01771413899613,246.57792336342916
2014-12-15,252.26575111258353,248.13006950007346,241.77904211608669
2014-12-16,247.46540729189263,242.59039194542513,236.9300238007995
2014-12-17,245.6445374794019,241.05071321313943,236.0425937167047
2014-12-18,248.08679923090736,243.47234591071,238.50373129373506
2014-12-19,251.87397478020878,247.34972739571384,241.53882262168256
2014-12-20,251.47745696272176,247.93442779931,243.19868303197833
2014-12-21,255.03492009899296,252.00160352702045,247.53603931793404
2014-12-22,256.83880945097224,254.70646274859794,250.6287334221443
2014-12-23,257.3235885931316,254.37666863584118,248.82447666588837
2014-12-24,253.1326609574042,249.50112807926226,245.24866715887669
2014-12-25,251.57610792305528,248.46859417314508,244.77493757464836
2014-12-26,249.7391808207012,245.4524809044047,239.51055826233636
2014-12-27,243.5232140588484,238.61863086568067,232.90640674877022
2014-12-28,239.57109070632495,235.33517945335518,231.81332143920932
2014-12-29,243.2496980676972,238.8368533587986,233.66759058382718
2014-12-30,249.87169555698503,245.57853144867275,238.3906316462044
2014-12-31,252.87377056256167,249.38841629265468,245.08474775061592
2015-01-01,251.19088337807366,246.78100002364218,241.5229418814968
2015-01-02,248.0160131401787,244.32818441113324,240.18252866971127
2015-01-03,252.86317752830928,249.23875383424874,243.8659643812863
2015-01-04,252.20028504077035,248.84559732862715,244.84010269670975
2015-01-05,253.62418646104788,250.98446866575546,246.9504833369836
2015-01-06,254.85867015327534,250.5106349952426,243.28967719593717
2015-01-07,248.90545740833988,244.2828189862651,238.20471236567633
2015-01-08,243.54633076262633,238.88103961030265,234.77475280531647
2015-01-09,245.54269935887336,241.12946891329165,235.81246566890857
2015-01-10,247.07622207540302,242.71973459709582,239.4793582172897
2015-01-11,252.29942454152544,246.75007833183813,239.93631823158756
2015-01-12,255.86369678412734,251.91546260591025,244.83075214670433
2015-01-13,257.99231432054967,255.77587963288136,252.59302891381517
2015-01-14,255.08747715409444,251.10734049777693,245.62456673969103
2015-01-15,250.79791128980622,246.935584799734,241.60218332037743
2015-01-16,246.31640031604735,242.23000367255185,237.1952646323283
2015-01-17,242.92048180074678,239.01571720646166,235.47580851384367
2015-01-18,244.71548145137592,240.87118848200288,236.33309412477425
2015-01-19,248.54936705033487,244.82443119094825,240.7534585087921
2015-01-20,251.58020123775032,248.08717706159385,242.9808038994524
2015-01-21,255.93225187764781,253.21652327783713,248.7961507305243
2015-01-22,255.61975299275437,252.82937775168136,248.99313481871212
2015-01-23,253.78561960070914,250.3371455965146,245.745168746016
2015-01-24,252.79482620770145,249.99203727938348,245.54586616391643
2015-01-25,253.46910645805798,250.78285558387637,247.3859606133401
2015-01-26,252.10226253821676,249.1560600191933,245.27891482553977
2015-01-27,251.65322623500484,248.3807789459174,243.8463988160601
2015-01-28,248.0947638447028,245.28473171368168,241.5063589539327
2015-01-29,250.36080284387603,246.63334465946951,241.6243107906714
2015-01-30,247.77398422529262,244.62057079849723,240.75754711704695
2015-01-31,250.89821444813197,247.36057559850394,242.68535307906313
2015-02-01,254.6681540142538,251.8307098539932,247.71089431230308
2015-02-02,255.43722638235496,253.30471793634726,250.39034565234869
2015-02-03,256.30133716396404,253.74294344708827,250.38843309005995
2015-02-04,252.0131477235317,248.2546529715252,243.37793997056428
2015-02-05,248.05431539097444,244.86839274664592,241.195154300185
2015-02-06,246.2409774938092,242.90789548862733,240.03134888619056
2015-02-07,250.73769598818788,247.05654604782757,240.90896992131172
2015-02-08,254.45391189793173,250.48434544841888,244.61430331894394
2015-02-09,250.6352605971534,246.53331572489992,241.07761528736276
2015-02-10,247.24277349680804,243.40969398923164,238.98620156377186
2015-02-11,247.88781306885116,243.48110980134862,239.4412599827517
2015-02-12,248.98988535032228,245.37275464260685,241.04239095743313
2015-02-13,252.10832363982456,248.4414347365114,243.84581445796493
2015-02-14,254.37708216647735,248.87963478046456,242.58213366530694
2015-02-15,253.9892466628239,249.83191015912166,243.28854586540803
2015-02-16,258.3939140056929,255.74067211722067,252.30698630300427
2015-02-17,258.49442726185976,255.64712851599302,252.32011467773168
2015-02-18,257.79431976542236,255.00819632105137,252.17191504846576
2015-02-19,258.2289755065175,255.78817196902654,252.70975497625332
2015-02-20,259.5705115822613,256.72869491144456,253.50274876743268
2015-02-21,259.52844254491674,256.70709243500164,252.93641028845482
2015-02-22,260.42516960427156,257.55385885366815,253.71261422304698
2015-02-23,262.72262506126,260.25571213656036,256.6185716932493
2015-02-24,262.833684132951,261.01880940981255,258.18268295248004
2015-02-25,261.4614078472875,259.26777102663414,255.59444792540867
2015-02-26,256.7418975487597,254.3188715892205,251.05910019126372
2015-02-27,254.29429145132858,251.80545240087105,248.34416202933423
2015-02-28,255.04553886648893,252.36008268494814,248.219066696395
2015-03-01,257.9591015198505,256.01817033006654,251.75577814972826
2015-03-02,260.35396667855804,257.92972716051725,254.25430915130158
2015-03-03,256.83441415901217,253.5809669957783,248.63153821964815
2015-03-04,253.87289195554303,251.43306580712735,247.8434675686813
2015-03-05,255.73051532666324,253.4482599870364,249.8125675951204
2015-03-06,255.52955631978946,252.70950465736655,248.8236504074945
2015-03-07,255.36755168812886,252.96850559806663,248.36948421151175
2015-03-08,255.69101701854876,253.77797947179388,250.92473553156057
2015-03-09,255.211879872498,251.77399752762975,246.1082028966477
2015-03-10,252.63671970897968,248.73754995680954,244.39628314530646
2015-03-11,253.68487148939315,250.22242684831704,245.55997384071514
2015-03-12,256.10688534337373,252.06680032402232,246.94028398445917
2015-03-13,256.1508522011698,252.46077425670728,247.13581564247568
2015-03-14,258.26070599630594,253.8212097522332,248.3152399453755
2015-03-15,259.8344608352993,256.5504047333231,250.05824861661685
2015-03-16,260.74943591202,258.3095015950046,255.5182768380735
2015-03-17,259.41662479773424,256.2001679262302,250.36820450190362
2015-03-18,256.6720265697758,251.73069703406966,245.72961691783544
2015-03-19,254.46811212005335,250.36275121567223,245.5801180325646
2015-03-20,256.12682775244974,252.3786588348253,246.64271262889116
2015-03-21,258.57496009648787,253.45114102082354,247.84904567791997
2015-03-22,259.011902315128,253.38451520057163,247.04865567815733
2015-03-23,258.31075515649695,252.67037858354277,246.56899913467268
2015-03-24,261.4198233726041,256.3208954722477,248.37395070203152
2015-03-25,263.53657579805684,259.1219398827812,252.81808136959694
2015-03-26,261.49130792580627,256.7647705967658,250.82062964056573
2015-03-27,261.0023586426407,256.8127355301141,250.96455705347884
2015-03-28,263.61036877921066,260.62325160513467,255.60693022000882
2015-03-29,264.7856066927342,262.57911927078703,258.6906601281621
2015-03-30,264.26978318468025,261.7812668091626,258.12924533149885
2015-03-31,264.2281783527393,262.0359810463692,259.16494217111017
2015-04-01,264.8987576778799,262.63105818268576,258.86598801732333
2015-04-02,263.90545484147424,262.21484284746424,259.8278233953646
2015-04-03,264.49599275133966,262.1630484561374,258.1586993733871
2015-04-04,261.9207141959846,258.45819718432557,253.07883328512688
2015-04-05,258.816798105986,254.90073202392594,249.2088788731687
2015-04-06,257.6115862188948,253.66471847997911,248.2804005868071
2015-04-07,260.0192958638007,256.88243268071227,250.93633757084305
2015-04-08,261.41223081253366,257.29531222042976,251.5960510238191
2015-04-09,260.0909137684945,255.21573289191087,248.68932744297757
2015-04-10,258.44749990597944,253.0660918268441,246.7771799368697
2015-04-11,258.2139740541358,253.33538174748284,246.88632135735227
2015-04-12,259.6912831869488,255.13263187514693,249.1833808739039
2015-04-13,260.3111459715484,253.83700015442727,247.3573285916736
2015-04-14,261.22537673405316,254.59897566537566,247.08624396502213
2015-04-15,262.55062742647704,257.7726773894569,249.93958688393275
2015-04-16,265.54434793530686,261.2686484250313,254.86461263819874
2015-04-17,262.461644016565,258.8286130071348,253.55738711281344
2015-04-18,263.3317095352863,260.13324753480447,253.96042542752602
2015-04-19,267.13132539821316,264.53517338706826,259.23420586607165
2015-04-20,266.78789258907926,264.2512748569714,260.37087168771336
2015-04-21,265.11052956972577,260.5694573739156,253.538030556636
2015-04-22,261.2003423411351,256.69794196113077,250.94928188454324
2015-04-23,260.9312948812441,255.61231713309584,250.09060085937202
2015-04-24,259.74976315395924,254.8357939978963,249.5156027421511
2015-04-25,260.92100123412035,255.10452052872085,249.23473106783484
2015-04-26,261.02846699681385,256.1152656820601,249.33614862922596
2015-04-27,265.59221756541507,261.6889491007154,254.99852004219716
2015-04-28,263.56940623268093,258.7408788163831,252.0910057903242
2015-04-29,261.0248704859912,257.0045500811725,251.2470093639973
2015-04-30,264.2726586425508,260.9885375809125,254.9828178603241
2015-05-01,263.18946392798637,259.6252427390942,253.24119975515495
2015-05-02,261.91161495250554,257.6253257461325,251.34066767870752
2015-05-03,261.05813994378747,255.9847577164174,249.193287729225
2015-05-04,260.39267070096173,255.64131361228013,249.27255480789074
2015-05-05,262.85631561452226,257.9782603162119,252.1416953494327
2015-05-06,264.0291955130709,259.3008141455794,253.55911503005515
2015-05-07,264.688748869588,259.7709408163882,253.7797067725793
2015-05-08,265.38565885551014,261.5614572937841,255.8752395092216
2015-05-09,267.14470513811295,263.40592195923995,257.8618219348663
2015-05-10,268.056976376141,263.2266368916312,257.2527509411806
2015-05-11,268.38082527420835,265.1995822547176,258.49796291632197
2015-05-12,270.1312109986108,267.79741922034685,263.8647470585945
2015-05-13,270.23883521025294,268.08112720666355,265.0937143017732
2015-05-14,269.47222736432855,267.35147864301297,263.9559285153299
2015-05-15,269.56603897267706,266.25366403186143,260.5556739550776
2015-05-16,268.0224560469251,264.584634493921,259.6571457828648
2015-05-17,269.1391514149818,266.4315624349628,261.3608615749472
2015-05-18,269.60311324414664,266.55217624876127,261.39590087487016
2015-05-19,267.80411685333377,264.5316775741681,260.0216270886586
2015-05-20,267.5562882077468,263.95221865204854,258.9422017329976
2015-05-21,266.98470105081793,262.64627404277775,257.5172113260579
2015-05-22,265.84256577212716,262.07869548021006,257.33749749702866
2015-05-23,267.2818870613042,264.5057214857012,258.41293081740497
2015-05-24,268.7364777438839,266.2367384682974,262.94865435938976
2015-05-25,267.71799130127545,265.7612625585531,262.9258885016336
2015-05-26,267.2124258030957,264.6513505823898,260.4927439593747
2015-05-27,265.7705635452414,262.5135065280687,257.9708264709445
2015-05-28,266.68890397990833,263.19085586616535,257.92598662478355
2015-05-29,268.6303583458119,265.7551028298792,259.93750852292357
2015-05-30,269.3567891350256,266.03210710456347,260.6683694022912
2015-05-31,268.88002100182223,265.39849938705686,260.43859495982474
2015-06-01,267.9819212600201,265.2667922296193,260.9616003986819
2015-06-02,268.2086048714658,265.5198258681445,262.1856253372795
2015-06-03,268.8942244259946,267.10229266821295,263.49533413609237
2015-06-04,270.95728275738924,269.0756267457923,265.96900284332173
2015-06-05,271.42690412877073,269.35968748856675,266.2327881645459
2015-06-06,270.8581722124916,267.94397505457795,263.76741512009835
2015-06-07,270.61258162226966,267.17379207138714,262.33191121185683
2015-06-08,271.3015889249992,267.0995552788757,261.91682851222595
2015-06-09,270.96429458953236,267.6120609596293,262.537181349796
2015-06-10,270.5651851002609,267.25642961027705,262.1713851589838
2015-06-11,270.79920582579956,267.0569290052458,261.81409062257586
2015-06-12,269.8146536733435,265.6893706448534,260.87166218149
2015-06-13,269.51545899537786,265.9038734995777,260.84862226612864
2015-06-14,269.75664407046224,265.93234559939583,261.2139267681904
2015-06-15,269.9587471887356,266.87659995937355,261.52909684620215
2015-06-16,270.405598826592,267.1801175628638,262.5745180536327
2015-06-17,270.0825846973611,266.51935100148347,260.9678323641716
2015-06-18,269.56290421185844,265.6488049607964,260.1826766080784
2015-06-19,269.48765645840325,265.49078749031764,260.52879403198716
2015-06-20,270.95960445481774,267.4015049502895,261.980315154032
2015-06-21,272.89923569568964,269.5411696837847,264.44542117038566
2015-06-22,271.8621121669696,268.4622417573165,264.15199731504487
2015-06-23,272.2682776350618,269.9401647256282,264.47796843151446
2015-06-24,273.64694999900485,272.21001710864726,269.9220438116368
2015-06-25,273.4535486199856,271.0986149892231,267.28933854578963
2015-06-26,270.87004504176497,268.1607853344147,263.81870609946463
2015-06-27,270.9421629645622,267.8197233681878,262.9471474406058
2015-06-28,271.62620528858474,268.17597162015693,263.0427820918436
2015-06-29,273.1879216055604,269.66109995053597,264.14384819248
2015-06-30,273.8308475572373,271.3389221621287,267.2335547501447
2015-07-01,274.87628074994063,272.1096958982173,268.3753237210183
2015-07-02,274.47822526346135,271.86143537436925,268.377112254434
2015-07-03,273.7969357754958,270.899589588561,267.7820354473755
2015-07-04,274.31215054641484,270.6942066026056,265.9939230769369
2015-07-05,275.18530926715863,271.31504297616357,266.80615657650895
2015-07-06,275.82285169011556,273.04238321744685,268.80310298442043
2015-07-07,276.38861129348766,273.8606472180884,270.9141936290978
2015-07-08,276.7365627219928,274.07381882703737,270.67701175615406
2015-07-09,276.83652337526706,274.2341410109016,270.8215864513686
2015-07-10,277.0788292219157,274.8754940030135,272.03637656880363
2015-07-11,275.88256760798805,273.9899690910255,272.23600228166185
2015-07-12,276.74772100846656,275.0107180886368,272.629183299656
2015-07-13,278.17424042534816,276.0187130377092,273.2295100640565
2015-07-14,278.6585861670112,276.4888379570521,273.4299029772097
2015-07-15,277.91366015651494,275.7348600255564,273.065582528547
2015-07-16,277.8662414444391,275.5842642329898,272.4548449546533
2015-07-17,278.0067356649634,275.99775439806825,273.30944620513077
2015-07-18,278.7768884033449,276.6878911842193,274.42910909157166
2015-07-19,278.46170056215936,276.56616627994117,274.7901244788017
2015-07-20,279.39501294199994,277.07503264258077,274.66700944721794
2015-07-21,279.3700632285833,277.16928023463845,274.77211721952256
2015-07-22,279.52940626853916,277.22276800785573,274.5064464590578
2015-07-23,279.2771418924528,276.8822504827167,274.03174011063834
2015-07-24,279.6578774315485,276.92337830105913,273.47439077348366
2015-07-25,279.7923083223194,277.0608460369761,273.7757839469554
2015-07-26,279.9185488858622,277.71951124775507,274.73768837525944
2015-07-27,279.971792470532,277.8350267762926,276.06570673392304
2015-07-28,279.4348036633339,277.3737633228484,275.3717399164425
2015-07-29,279.7147733963605,277.2509476442147,274.4545781731366
2015-07-30,279.23889712303617,276.9439236736115,274.0261437778899
2015-07-31,279.78350332663496,277.69762981740814,274.97585706673726
2015-08-01,279.99997623821184,278.3231911593726,276.37326149777834
2015-08-02,280.9969439289028,278.9607375354027,277.40533927969784
2015-08-03,280.7033225489615,279.0040090195816,277.7149004027363
2015-08-04,280.651637540764,278.6596208042922,276.94342933736317
2015-08-05,280.6183402940965,278.06059013107665,275.49681497851503
2015-08-06,278.8728477239795,276.6957446008231,273.9978937221502
2015-08-07,278.6769448919321,276.5104803722658,273.9769139762057
2015-08-08,278.6223488936892,276.5549250997359,274.140148301732
2015-08-09,278.49909647552306,276.7465611290548,274.632184969095
2015-08-10,278.44532018909365,276.6924637005211,274.8059108701781
2015-08-11,277.57120724166754,275.5620126029215,273.3523491426323
2015-08-12,277.33403837068323,275.1257735007582,272.7694546180864
2015-08-13,277.7023479165639,275.3828532501225,272.5274609065423
2015-08-14,277.0602326103583,274.61691708173953,272.127771960878
2015-08-15,276.64235118612334,274.4372026990781,271.9749546429312
2015-08-16,277.06067306483885,274.821877134284,272.35461330544916
2015-08-17,276.1745032986905,273.5679840889645,270.7416598752048
2015-08-18,274.1266016492077,270.75940491938286,267.59207602953194
2015-08-19,272.312367930945,268.85906219216423,265.8216096491748
2015-08-20,273.24057730061315,269.99675575347425,266.51760438895457
2015-08-21,274.6739913026449,272.14549505275164,268.7037386526347
2015-08-22,275.75986824015536,272.93915201635156,270.2472686726601
2015-08-23,274.7626245601783,271.9123756997839,268.8322203835937
2015-08-24,274.50223258885364,271.94494824136433,269.0646864062856
2015-08-25,272.41109462763274,269.5741416873216,266.532898848349
2015-08-26,272.2273542636195,269.18433788893833,265.7153970942037
2015-08-27,272.5512571568813,269.3606395711818,265.68125673927136
2015-08-28,273.2921781358105,270.2947859399261,266.66220098164365
2015-08-29,272.97534417915523,270.0679302686592,266.66477350954784
2015-08-30,272.934732900524,269.8790530943627,266.12035280264524
2015-08-31,273.46988710959533,270.6561293136149,266.82332201255394
2015-09-01,271.41192866252555,268.3181545344524,264.8019112245213
2015-09-02,270.9916247311481,267.907984658893,264.4495299565376
2015-09-03,272.4416422918347,269.3339464701908,265.6071476561176
2015-09-04,271.72229711466304,268.6128544277006,264.8316303699279
2015-09-05,271.87919523530553,268.8574576484952,265.08379291029087
2015-09-06,271.90799463617327,268.9245530392187,265.09623541710033
2015-09-07,270.79624660169344,267.3962342507134,263.6770922937982
2015-09-08,269.1440585333644,265.96332043727637,262.1232772660382
2015-09-09,267.836319477468,264.80557321296016,261.35842038061355
2015-09-10,268.261244130292,265.2051767871694,261.541552064033
2015-09-11,269.00147297686345,265.9743810256049,262.4621318442461
2015-09-12,268.7434216935403,265.61825411822207,261.9915977706186
2015-09-13,269.08858553858306,265.90085409184564,262.4769167328073
2015-09-14,269.71679680327094,266.487856507846,262.61255235757943
2015-09-15,270.05311502067093,267.20853266101943,263.80584520140036
2015-09-16,270.5001870978154,267.459558238155,263.87712887750126
2015-09-17,270.293269073477,267.1245033850449,263.1486353447117
2015-09-18,269.5993434002083,266.38944305987155,262.4690928728314
2015-09-19,269.9769780455934,266.8014574766387,263.58171468939344
2015-09-20,270.7632450759337,268.1511904603865,264.70046861454495
2015-09-21,271.1043600204752,268.580018465848,265.1712309404257
2015-09-22,272.52494153473947,271.15808806447745,269.0694668406213
2015-09-23,272.43314582706404,269.9259426584125,264.90438318994336
2015-09-24,269.09494675178945,265.66356865272763,260.54149846387367
2015-09-25,268.0611509153935,264.248179920917,259.06673246115537
2015-09-26,268.3191099381671,265.16043599941946,259.53084299973574
2015-09-27,268.0114995380739,265.0048440813049,260.94784738701895
2015-09-28,266.3982928238708,263.3866655887201,258.6428464368091
2015-09-29,266.39974156579103,262.4864269962125,256.09335232938406
2015-09-30,265.33529798408483,260.7441239552162,254.71638887323726
2015-10-01,265.21353278781777,259.84926565767427,254.51036257798899
2015-10-02,264.9009267332076,260.10779276242437,254.61271605751477
2015-10-03,265.3649442230091,260.6089004205549,254.62445310049773
2015-10-04,265.46709628340665,260.82457786375466,254.65989717043374
2015-10-05,264.9336187305404,260.4263813288148,254.8358263344024
2015-10-06,265.190933069119,260.66703441425955,255.2893906753175
2015-10-07,265.10325745828595,260.610718966833,255.4024090711102
2015-10-08,264.65786087318,260.46159019536407,255.21248728076876
2015-10-09,264.0391831736283,259.91489874272554,255.20016739374222
2015-10-10,264.6602690335961,259.95136447338973,254.2565271014754
2015-10-11,264.54936449064957,260.0518635666039,254.70484342274455
2015-10-12,265.47041130170226,261.25339039991513,255.31366336223402
2015-10-13,265.337310408386,260.772143983562,255.43918057580788
2015-10-14,266.0827870997926,262.38193583502266,256.8516237829368
2015-10-15,266.1840118353165,261.8235026735842,256.848450619282
2015-10-16,265.34928241366066,261.51768237619893,256.16407392444876
2015-10-17,266.0621225390483,262.13662954627523,257.30647751558774
2015-10-18,266.6425685274584,262.9790656096792,257.1348038655435
2015-10-19,267.6023168236727,265.1566822582155,261.1469567605471
2015-10-20,264.9562369317705,260.6824204674065,254.14239274033315
2015-10-21,260.5498097637127,255.71237226482884,249.66291020909614
2015-10-22,259.747084543738,254.82481504616854,248.86785404674504
2015-10-23,259.9116035604996,256.14478080794765,249.55987776808087
2015-10-24,263.9090939267641,261.43805738321686,256.0778375246861
2015-10-25,264.4289924291996,262.94112099552933,261.17507638184685
2015-10-26,262.9443596209046,259.2834744785974,252.95931233652172
2015-10-27,257.51623983018465,253.01178001391426,246.68717317140428
2015-10-28,252.98309942311386,248.7408772057654,244.32744961082176
2015-10-29,253.13182347666552,249.1314181088706,244.39542896304226
2015-10-30,255.66092200417452,251.5160362365067,247.17500555339828
2015-10-31,255.39909460051834,251.48117563866188,247.78193994673038
2015-11-01,257.91019964092885,253.63869531309268,248.14242589049095
2015-11-02,262.6011944986211,259.6745222702349,254.84128762164613
2015-11-03,263.24802790032857,260.9721637746122,258.27778206828884
2015-11-04,262.62172686700234,260.431184276969,257.05534544393487
2015-11-05,259.83111949771086,256.7632332036115,252.0487268901378
2015-11-06,255.97972135042474,251.72813787449493,246.07296192007922
2015-11-07,255.12885552779497,252.11105491912917,246.50132545195297
2015-11-08,257.7578481740912,255.24142165631793,252.18176301576185
2015-11-09,260.14225640558703,257.4161205948484,253.80709583605423
2015-11-10,260.1425442703722,257.1901730650913,253.14815689923526
2015-11-11,258.66043122489305,255.3779613837338,251.53299746796225
2015-11-12,262.5805362281811,259.1964522187102,252.53025576146834
2015-11-13,264.2035494434773,261.42592113967333,256.6963618312014
2015-11-14,259.92064783119594,255.70584990887477,250.44822499714252
2015-11-15,257.7157691493951,254.62633555360523,249.6559719206124
2015-11-16,254.85654699476558,250.0949125648987,244.1542304019408
2015-11-17,250.21093465321076,246.74457688064376,242.7606790786707
2015-11-18,249.94585348103806,246.94406859564398,243.70261007750398
2015-11-19,253.01483406261673,249.97698444082184,246.3699128124854
2015-11-20,255.5062623691582,252.27546011698968,248.95139862162202
2015-11-21,254.29445278232956,250.77376334497907,247.3881286064179
2015-11-22,255.61500708462165,252.0612320338239,247.1011370981066
2015-11-23,258.3682350479403,254.93154966171147,250.56396024463967
2015-11-24,257.59304944641,254.5550146847965,250.86492703268902
2015-11-25,259.3226927882372,256.90502140478463,252.7374671053367
2015-11-26,259.6966563253114,256.9569222398983,252.40264837221298
2015-11-27,255.00878226513092,250.39760444424348,244.1527426257971
2015-11-28,249.80515486189023,246.42124769219865,243.12807954029284
2015-11-29,249.63175992471864,246.37279873038054,243.3691161260731
2015-11-30,250.3951054799921,247.14155302491042,243.85598642157848
2015-12-01,249.7801990729049,246.50893136807164,243.32630044478842
2015-12-02,248.9122713475387,245.7153563739561,242.8797359331121
2015-12-03,249.83275959246131,246.56285414972785,243.02075044794523
2015-12-04,253.5501573285112,250.19950576224963,245.5558810030098
2015-12-05,255.3362143915743,250.9093291054393,246.62459134380484
2015-12-06,256.68184840977034,251.89038571954268,246.8906165612111
2015-12-07,257.09154504467995,253.3641901055315,248.63175315095836
2015-12-08,258.05855762606126,255.09993595282265,251.2417912254293
2015-12-09,258.5232712291761,256.32188947746266,253.13229850862703
2015-12-10,258.64975224351497,256.5336070306101,252.9492256173683
2015-12-11,256.1789004775579,252.34419754348315,245.5184977881483
2015-12-12,246.72843032377284,243.27296805323678,239.25187595526987
2015-12-13,245.91456580992758,242.94605875637023,239.15463924873623
2015-12-14,245.6099313802398,242.19840018020733,238.18658088192396
2015-12-15,241.9584867745525,238.63327965943216,235.39472768776457
2015-12-16,242.91701207303063,239.2936816258385,235.61515593602869
2015-12-17,246.98145531654316,243.46963762752074,238.83061244949545
2015-12-18,244.66398166961326,242.07139759334643,239.09698752525907
2015-12-19,247.6902407390179,244.68492483249537,240.707254991112
2015-12-20,250.05152257231512,245.8174908146652,240.25293730719528
2015-12-21,246.9179404022596,243.97257693478358,239.91325933035256
2015-12-22,250.66364296420244,248.26395434623652,244.8769171980152
2015-12-23,249.78538786031737,246.5078381412169,241.1091572362613
2015-12-24,244.11030052443212,240.08686492586847,235.25138667609312
2015-12-25,248.225241000394,243.37050571305593,235.08967933510624
2015-12-26,256.3548011293885,252.7405052876031,245.83310401490832
2015-12-27,258.87959943941956,256.77343892369845,254.07663112231052
2015-12-28,257.8391127938314,254.3161291760084,248.9551907246122
2015-12-29,252.906535141304,248.63051018724371,243.67644569363617
2015-12-30,248.82514355624045,245.26709304931202,241.34898725135878
2015-12-31,246.0950594252734,242.93633661614572,240.02083020754833
2016-01-01,248.21306865790223,244.75042496398822,240.6213790158146
2016-01-02,250.2218693721058,246.55976254420696,242.17136780693562
2016-01-03,252.29831535722937,248.283174971275,243.41976739482644
2016-01-04,257.42476055574815,254.63801481927138,250.60318941388212
2016-01-05,254.97515712506123,250.75012383287134,245.05802039925086
2016-01-06,250.9574536237892,248.41297684462307,244.9140657432904
2016-01-07,252.86526838564177,250.3808294858772,247.5418263951699
2016-01-08,253.0502784883025,249.06800090701861,243.48068338548498
2016-01-09,247.66149534593882,244.38822684161275,241.09309987027058
2016-01-10,247.87076387401487,244.9742180572534,242.0772462553882
2016-01-11,248.7703771276854,245.91613368283106,243.1951087763353
2016-01-12,253.29285085323608,249.6767188173771,244.27310619421073
2016-01-13,250.68654256777165,247.04130560509904,242.89223517521378
2016-01-14,252.65240372392168,249.61365133765506,244.34985190980663
2016-01-15,252.26057191624696,248.1422693991372,242.2428883631369
2016-01-16,247.82040386040444,244.06019795021535,240.31163936329696
2016-01-17,247.2337037364385,243.7483646158099,240.40021440332836
2016-01-18,251.48537898242577,247.76159935011165,242.28090565477024
2016-01-19,248.32221396618354,243.91216536517402,237.12997999866218
2016-01-20,242.77168732118758,237.85393048813773,233.38180108768972
2016-01-21,243.26418147763752,238.61952463580639,233.67253172382843
2016-01-22,243.94915025146327,239.18440601007129,234.77035798985756
2016-01-23,243.1481911313795,237.90747372631955,233.87387116032187
2016-01-24,243.63953671641664,238.36172263826143,233.49012464071066
2016-01-25,246.85959129479926,241.55811437191903,235.79633177596656
2016-01-26,253.4694035665902,249.9205023024582,243.12071245260304
2016-01-27,255.1452839566517,251.50919322418642,247.54886653817417
2016-01-28,255.63529249735555,252.99689435000295,248.79796862847877
2016-01-29,257.83727176213057,255.81595590667618,253.36520453565117
2016-01-30,256.47074856339924,253.9298694056002,250.17017884544225
2016-01-31,253.20993051747774,249.6915976884935,244.77290065751077
2016-02-01,249.84408611993578,245.90470750310465,241.48550484568756
2016-02-02,247.6070209585748,244.45356659487217,240.9941123335749
2016-02-03,246.9604263063185,243.52411552560196,239.87939127002707
2016-02-04,249.70053245528766,245.7234508740925,240.56057891381042
2016-02-05,254.69845296999839,250.2204712822622,245.18630728529388
2016-02-06,255.2339249390304,251.50720688146612,246.62688436984803
2016-02-07,255.17534049044582,251.00948084616888,245.90281371676318
2016-02-08,251.95782147362777,247.72618539266784,243.60717184418155
2016-02-09,253.80150616075028,250.24606177298105,244.65564236116705
2016-02-10,256.4469533234305,253.70788133191067,249.80110680713625
2016-02-11,255.68469803571415,253.56355726930963,251.0120667551719
2016-02-12,253.34714821648905,250.68447705489365,247.3782904500835
2016-02-13,252.48854257650893,249.25686022889963,245.207431358986
2016-02-14,252.89352918534573,249.8525567809251,245.75647231406722
2016-02-15,253.12887934104864,249.85959230565547,245.8612494614436
2016-02-16,251.21295004452597,247.48580039170244,242.51722349937546
2016-02-17,250.2379392851333,246.1835762849609,241.6632167014117
2016-02-18,251.4679290621786,247.17788114322616,243.3166474401522
2016-02-19,257.87358095750415,254.1502671308578,245.14613295905679
2016-02-20,258.80070381482045,254.421452212485,246.9646876398729
2016-02-21,253.27883120122078,249.7498217050249,245.3049240008921
2016-02-22,252.43316603157777,248.2831452788742,243.21401256118182
2016-02-23,248.71929079596407,244.60482628362504,240.05945474350546
2016-02-24,246.77435030487723,242.13112940976288,237.58154330382314
2016-02-25,246.55887405463832,241.35520728015888,236.65921976126646
2016-02-26,246.8776825927181,241.61261542816933,236.79156717586758
2016-02-27,247.51818275742062,242.34264207628868,237.58302376327777
2016-02-28,248.21081301492603,242.37128288684553,237.02971314442408
2016-02-29,249.52943999719017,243.50231589284806,237.3027057744788
2016-03-01,251.7905102064373,245.37033540726688,239.64943337081576
2016-03-02,254.62573318371267,248.80552380087983,240.8648924656593
2016-03-03,258.7718741419369,253.4586163528226,246.571321186573
2016-03-04,259.2541364875427,252.93411143919155,246.55320097031526
2016-03-05,259.4484545380349,254.74162044908164,248.10724504148953
2016-03-06,260.37701399004425,255.79872798239657,248.9033582550002
2016-03-07,259.6999303235673,253.7740850124027,247.5586386264472
2016-03-08,258.7244541919353,253.86955132459534,247.9235760240047
2016-03-09,258.44385011398106,253.71634269686015,247.48991297817923
2016-03-10,259.00734160940704,255.49639812259028,249.09689145063194
2016-03-11,263.66010599264195,260.9243945719238,255.4775214089496
2016-03-12,263.961795635551,261.518526234077,258.46870675140093
2016-03-13,262.27749306881077,259.9560452475261,256.982382892844
2016-03-14,260.4892553014985,257.99823685703825,254.94620572445774
2016-03-15,258.25626833574216,254.82206655775684,249.37246090680088
2016-03-16,257.4112984922368,253.9775726944125,248.5611341492821
2016-03-17,262.01859766260407,259.57460882276564,255.60928002961506
2016-03-18,261.71928344671824,260.03785833225805,258.004138630012
2016-03-19,261.4502330524447,258.8612233223006,256.27557306494583
2016-03-20,260.3363730898075,257.9241497685868,254.47289968171899
2016-03-21,257.2032358401105,253.24485851270285,246.96226827369063
2016-03-22,252.86775277492828,248.00078410419988,242.69025247579592
2016-03-23,254.7696241636666,248.7978146768711,242.19249453576342
2016-03-24,261.2997362329104,257.23087169728535,248.09387589183302
2016-03-25,264.8938850175051,262.93984076214895,260.3573568468953
2016-03-26,264.3341971138035,261.1110305508852,254.98103851054273
2016-03-27,261.0039845838589,256.7501183798752,250.74868528231164
2016-03-28,260.3401304057316,256.1512557775298,249.8046415884455
2016-03-29,261.3311533553458,256.9561472111312,251.52310140273275
2016-03-30,261.98915996013824,256.21706599456166,250.74719741977745
2016-03-31,262.70409309585455,259.1543362413269,251.19060079303406
2016-04-01,265.0468629252161,262.41242469170646,257.6085642216342
2016-04-02,268.3242883932295,266.1564110198589,262.69356851810875
2016-04-03,267.6839188934544,265.8622672937221,262.1620205695439
2016-04-04,265.8796107298465,262.9525187348873,258.53845955226933
2016-04-05,263.9135931537596,261.485076306136,257.8214086965851
2016-04-06,264.99539159916304,262.2424576855834,257.57159543128233
2016-04-07,262.90929554596653,259.0835264401792,253.4823970146842
2016-04-08,261.95086042440334,258.67504626106853,253.37401062858478
2016-04-09,264.13322576425253,261.0829036264512,256.3034610899136
2016-04-10,263.33383979860736,261.0179403002733,257.04458208993344
2016-04-11,264.8361407459229,262.01341043659926,257.51968162805287
2016-04-12,263.2158001124971,259.9711143772768,255.47201481582482
2016-04-13,262.7829554194318,258.2532350674119,251.35254102023353
2016-04-14,260.60295978374205,255.16516523008312,249.20120373490155
2016-04-15,262.99755099476874,258.81810852976594,250.44769845771742
2016-04-16,266.2930043832644,262.16932761089976,256.68918375398624
2016-04-17,268.06562076078245,264.864901674995,259.80542328918744
2016-04-18,266.4985609865602,262.89007831781487,257.04917276718254
2016-04-19,265.8865297921947,262.6785911579771,256.7672505773105
2016-04-20,265.39684456127105,261.72561855924283,255.66814238514414
2016-04-21,264.567672760958,261.7132191046359,255.66248838214588
2016-04-22,264.5596043642318,261.718559423391,257.36597102700233
2016-04-23,262.2224063837293,259.6839273813994,255.50794481153486
2016-04-24,261.84398098366654,258.193665245884,252.37086986257304
2016-04-25,261.308150530948,257.1174575879616,251.37589635459088
2016-04-26,262.6883698878554,259.1852837468592,253.74509406837774
2016-04-27,263.888808478128,259.7546718784918,252.61511085913148
2016-04-28,262.16585030981014,257.7661336367877,251.71615886862554
2016-04-29,262.3451985757559,257.289106159872,251.30886284954894
2016-04-30,262.5251797406977,256.7584190585215,250.48652148503672
2016-05-01,262.4067412312341,255.4797424155914,248.5783263922113
2016-05-02,261.72359624461654,255.22294771463092,247.88892526583766
2016-05-03,264.26806611722884,260.2357955961339,251.8607005776664
2016-05-04,267.41933851404247,264.5704016605889,259.9962987223045
2016-05-05,268.18961458987224,264.6414896823734,258.89888096829844
2016-05-06,266.5471856387964,262.7670718454422,257.1464732772407
2016-05-07,266.5139856869747,262.4405958271649,256.9007152551487
2016-05-08,266.7822457108166,261.90299050113276,256.5936314137286
2016-05-09,266.59498312523783,262.48465477965686,256.9208450909481
2016-05-10,267.29401588910815,263.710768901448,258.5752732692556
2016-05-11,269.20374563331126,266.39800148343073,261.51270695792516
2016-05-12,270.5686170046492,267.7354556803569,262.7718151733485
2016-05-13,269.08594425518845,266.339524503712,262.50219297989634
2016-05-14,268.9754792962765,266.72558695650093,262.49103122926834
2016-05-15,268.9524188301249,266.50146328011886,262.74845471507155
2016-05-16,268.67691194526935,265.9478345684897,261.8404423023787
2016-05-17,268.3958057076818,265.0936758398746,260.6972200313009
2016-05-18,269.13455135834766,265.6062158344324,260.33591953919534
2016-05-19,269.8095289554319,266.4319289645321,261.5343392888485
2016-05-20,269.47246473656946,265.7413660472785,260.3582123640024
2016-05-21,269.2057174308409,264.77213579981947,259.46655588905696
2016-05-22,268.1569316998579,264.00438218303054,259.26252270445536
2016-05-23,269.1791787248766,266.3565056007896,260.499172954693
2016-05-24,271.6999128118207,269.7595321860212,266.71373173188454
2016-05-25,270.46504110460154,268.09596882855294,264.21437130674644
2016-05-26,269.06805736085556,266.1626326184591,261.62569838153416
2016-05-27,269.0380743641794,265.4567225181445,260.66230489239337
2016-05-28,269.12415902082165,265.85945523035207,260.7722556770767
2016-05-29,269.3035470285431,265.56434416082226,260.8515151962726
2016-05-30,267.9163997266294,264.5871665076351,259.954150657571
2016-05-31,267.2779380425522,263.8506047638075,259.2791318130419
2016-06-01,268.24934051652457,264.5132856450644,259.34854063525773
2016-06-02,269.8977613308261,267.07452647187034,262.5325653550906
2016-06-03,271.8990821690447,268.8373576816468,264.21842162851806
2016-06-04,271.6417339884703,268.21890090397704,263.4962232481665
2016-06-05,271.85499726967356,267.906300445794,262.46384276398646
2016-06-06,271.56435913126364,267.72765654240214,262.31882165721873
2016-06-07,271.47499086675634,268.35974089532493,263.8820824652545
2016-06-08,271.99816794524264,269.11507664674235,265.4490071369797
2016-06-09,272.7724914740629,270.01599973280184,266.1664985343996
2016-06-10,274.09063608105964,271.4400177168465,267.34884411292774
2016-06-11,274.8387631029166,272.67945561297404,269.3593812627477
2016-06-12,275.9050066175999,272.98234229122886,269.04806014313056
2016-06-13,274.92467859337484,272.29075515941093,268.661569078958
2016-06-14,274.8839791625547,272.13683233387366,268.61370774985716
2016-06-15,275.66009035953186,273.0424537186824,268.536202857419
2016-06-16,276.31340378259557,273.89680551248864,270.19459155343816
2016-06-17,274.1934350435352,271.7847451161245,267.8272491184552
2016-06-18,274.9851841557426,271.5342030707933,266.93353483235103
2016-06-19,274.82185364213126,271.79892796743235,267.3234588954926
2016-06-20,274.73754070602644,272.0202215573522,268.45689134467165
2016-06-21,275.4098763015999,273.31459066351084,269.9651941471513
2016-06-22,275.57660233103866,273.43121779317704,270.9621256090544
2016-06-23,273.95626565180174,270.76466399701104,267.55278295691556
2016-06-24,272.2658890435992,268.9814454634702,265.3175337630689
2016-06-25,272.7231564320497,269.9541594308066,265.97846417870136
2016-06-26,274.3700086173772,271.62603069526534,268.01977242289666
2016-06-27,275.80259202867,273.2322895557178,269.5026689361006
2016-06-28,277.0933590862271,274.94606702450477,271.4679856790879
2016-06-29,277.67271977528543,275.1882794657919,271.75884641715015
2016-06-30,277.2554010737374,274.64105679748155,271.3314602414186
2016-07-01,276.81883927264886,274.11634143096575,271.125781204504
2016-07-02,276.69094885196523,274.1233842552041,270.6826212362372
2016-07-03,277.09665056664335,274.86406837623144,272.10931400281333
2016-07-04,276.0531336280131,273.3987446402037,270.18648270249616
2016-07-05,275.88507841649175,273.1258246985184,269.60645633319183
2016-07-06,276.5138795668384,273.6785680828581,270.0270410313482
2016-07-07,275.17067508860373,272.30727063997017,268.25359215212444
2016-07-08,274.14300279644607,270.90564343943777,267.2939555825565
2016-07-09,275.38364491080387,272.8896213406237,268.9180165766941
2016-07-10,276.61132108485026,274.6099282040474,272.2570375736947
2016-07-11,277.68289290528367,275.56260143212563,272.8529648910826
2016-07-12,278.5731415053791,276.53063694723994,273.78558482619934
2016-07-13,279.54392205059645,277.65635853178,275.31063747627337
2016-07-14,280.08716390286816,278.1619875420701,276.05585861358304
2016-07-15,279.6276275521154,277.66236540744006,275.57510165451396
2016-07-16,277.782211955662,275.65018752378126,273.5782617365483
2016-07-17,277.6692452883095,275.3799352624054,272.7042714309357
2016-07-18,277.33174633211587,275.2654149632053,273.3031893333113
2016-07-19,276.0921046431354,273.5542861841123,269.96279173862126
2016-07-20,274.15248883424715,270.75322563444365,267.25442182610124
2016-07-21,274.0365743556588,270.79375525489417,267.0781193171361
2016-07-22,275.76044289078436,273.2135268656064,269.9395529940422
2016-07-23,275.212253982791,271.60898812187816,268.3136625290057
2016-07-24,274.0386567357816,270.98362538349414,268.09534493119935
2016-07-25,274.97709018246377,271.7876887552555,268.45013549444263
2016-07-26,276.5335823323328,273.79757424682725,270.43911386748704
2016-07-27,277.87352476480277,275.9947893268549,273.15812939882244
2016-07-28,278.64146025646505,276.2400198210522,273.781973177414
2016-07-29,276.8653884709274,274.7984792908378,272.29648050395343
2016-07-30,277.1343261760405,275.02428794913965,272.31165721263574
2016-07-31,277.29478256143545,275.0614013515108,272.21629963300916
2016-08-01,276.27378487461135,273.4467334293309,270.3260461423389
2016-08-02,276.69796135181156,274.3405044631683,271.2182202193519
2016-08-03,277.1624098390776,275.0098353329004,272.29146699757894
2016-08-04,277.29832802471657,275.1013221302255,272.5581275358477
2016-08-05,277.88893113843733,275.9176391608116,273.4147458884204
2016-08-06,278.7589117247641,276.97538145442496,274.7718982100764
2016-08-07,279.72168745275826,277.93417413114923,276.08039339835784
2016-08-08,278.99228409323325,277.33890422033363,275.7725955878942
2016-08-09,278.3141338150851,276.57200334220556,274.81902156349815
2016-08-10,278.08288010075205,276.09872920465375,274.01745463691316
2016-08-11,277.86040119068815,275.98750229248566,273.9758132608106
2016-08-12,277.334503249354,275.31645089258865,272.9823751299539
2016-08-13,276.3356252008739,273.98668849655496,271.27332694785764
2016-08-14,275.52488478091334,272.73118692470314,269.591551831673
2016-08-15,275.3723507045061,272.9161109094084,269.94375899748445
2016-08-16,274.6457429310313,271.9069392446762,268.6228535434215
2016-08-17,274.5906982919616,271.5983855916379,267.85249790659634
2016-08-18,275.192619185047,272.8696229715112,270.10356691697604
2016-08-19,274.61473041233154,272.13122200688764,269.41660769880485
2016-08-20,275.2402094185944,272.7695490787965,269.83235072231986
2016-08-21,274.7075528216324,272.3568570365132,269.6479367344568
2016-08-22,275.4888237106163,272.8913096210949,269.7940109716158
2016-08-23,274.71513394247944,272.3168257038932,269.3649650943992
2016-08-24,275.5563297571444,272.8595009639784,269.51331152549665
2016-08-25,276.57940497043353,274.56124774812434,271.6041024187207
2016-08-26,277.86830495744675,275.70073187913863,273.3201345279994
2016-08-27,277.3498121104372,275.5828907573108,273.48428763532536
2016-08-28,277.22864768563375,275.2724033118932,273.3163395918668
2016-08-29,276.7086803889112,274.5325607417383,272.560316984899
2016-08-30,276.31565410379625,273.788361948365,271.53449993861267
2016-08-31,274.4232182712917,272.1474430423154,269.6642247567099
2016-09-01,274.1282091673683,272.04115719572906,269.37450005336245
2016-09-02,274.6856460238584,271.86440529154027,268.4877711165755
2016-09-03,273.4923267873989,270.7677854814242,267.4066877070142
2016-09-04,272.9683681343732,270.5055962229088,267.25309969574687
2016-09-05,273.64986606857144,271.3360699256792,268.5960098176151
2016-09-06,274.3798073976098,271.7778096496768,268.41723921919936
2016-09-07,272.9777875081392,270.27136240714344,266.78608929811276
2016-09-08,272.6864378781914,269.2054332007511,265.8118062605459
2016-09-09,271.8477403652936,268.6410251639167,264.8465405249498
2016-09-10,271.61134922402033,268.80829447803404,265.42987469721334
2016-09-11,272.5833400908401,269.93162463679124,266.5139496567199
2016-09-12,273.7620319853237,270.9855411251704,267.38494017931214
2016-09-13,272.35537741346735,269.7445023309679,266.61809036790135
2016-09-14,272.8216869669491,270.0188297375114,266.47229489896074
2016-09-15,272.3415894765432,268.9518796872811,264.84957024340855
2016-09-16,271.13384050661824,267.4811969972637,263.32051920699416
2016-09-17,269.53687259444786,266.26475937264127,262.6052152965684
2016-09-18,269.30523622084553,266.0069957028916,262.7095542084747
2016-09-19,268.65704935741235,265.148005235221,261.48219436962285
2016-09-20,270.0510831141451,267.06806022698646,263.5424293386148
2016-09-21,272.3098969822993,269.60023986705465,265.5899778537432
2016-09-22,272.58098534712576,269.4046569475523,265.6266744290371
2016-09-23,269.4502558558541,265.85683206266157,262.4606370773881
2016-09-24,268.26975992845325,265.4215769313855,261.987457693283
2016-09-25,268.5536835730248,264.6516455414346,260.7738253279624
2016-09-26,266.478007541715,263.2322300503716,259.8564377495337
2016-09-27,265.66725203518206,262.4377606476651,259.524624575263
2016-09-28,265.57431417011907,262.09183154705113,258.66048062406
2016-09-29,268.71771951053813,265.53345487359724,261.31235618649765
2016-09-30,269.93531378747286,266.74132690724423,263.1385898731911
2016-10-01,269.7078305474503,266.1753392024705,262.4335187212358
2016-10-02,269.4950967417466,266.2840892847341,262.3566282830072
2016-10-03,268.62258109610866,265.48673952333223,262.1747982602792
2016-10-04,268.23643141545244,265.24092415321616,261.7479855620258
2016-10-05,269.72745949706865,267.1308881974842,263.46985288105986
2016-10-06,269.57481853737175,266.9629061378693,263.87096716177956
2016-10-07,267.8922473113881,264.7922944876356,260.6398235687264
2016-10-08,266.6984722407957,263.5193589875641,259.9575993776945
2016-10-09,265.8047320808472,262.2043570554157,257.5594637527044
2016-10-10,264.2204776129577,260.4121898904354,256.09453940475987
2016-10-11,262.1576566956456,258.19792929984055,254.20922801634202
2016-10-12,262.6637097668461,258.90848962213585,253.77533233952786
2016-10-13,264.71054629299573,260.8951058563625,256.64158126580566
2016-10-14,263.9834601366,260.60135083500614,256.27859163252566
2016-10-15,262.89115545711053,258.7767706176241,254.63361589175145
2016-10-16,262.24491652848025,258.8920397838313,254.34882354337836
2016-10-17,263.4072675239686,259.6858050835338,255.907866903335
2016-10-18,263.4579404653104,260.1498738171884,255.33508473554718
2016-10-19,265.35429157652504,262.611218623328,258.9348813605047
2016-10-20,264.65166338363076,261.6843732502685,258.12882971131904
2016-10-21,263.1231885887391,260.384609457736,257.08983967536057
2016-10-22,262.667989457293,260.06742914215613,256.7737316647136
2016-10-23,262.2035097217766,259.5918889051466,256.3141875806569
2016-10-24,262.1958801969827,259.30253342554914,255.57999607657473
2016-10-25,261.3724880212023,258.45472907489284,254.61181337152956
2016-10-26,260.93076839095414,257.6624071163384,253.22875488016277
2016-10-27,259.2628651727025,254.9246848720906,250.36830573883324
2016-10-28,258.4091608786174,254.2889156133248,249.66840420634972
2016-10-29,257.64130918668667,254.3675355263437,250.66384453878103
2016-10-30,259.0162959264581,256.025130234927,251.76966081970764
2016-10-31,260.9734179644221,256.93583064068173,252.6083735668834
2016-11-01,259.6120559521256,255.67972910153392,251.69238956366638
2016-11-02,258.0782836136846,254.9128274162892,251.36312708854635
2016-11-03,258.76214595052994,255.56720906435189,251.4157437640747
2016-11-04,262.17189144291797,258.6368715277612,253.58656695502975
2016-11-05,258.5343444111139,254.60137513600208,249.82426523459665
2016-11-06,257.7156747663377,254.01160835138728,249.51226791381308
2016-11-07,256.34706497987486,252.09109313016165,247.5633265741818
2016-11-08,255.21507042726137,251.53888617237018,246.47353885259824
2016-11-09,257.30233908452135,253.73610955196494,249.23431550517364
2016-11-10,258.09350164778124,254.1099016252137,249.92110121786158
2016-11-11,258.0991122596252,254.92630093177797,250.92475860463045
2016-11-12,257.7433909243845,253.56710679127792,249.49142206875598
2016-11-13,255.8226912976433,252.5250781206777,249.09843858524957
2016-11-14,255.88186931164162,252.4284148966598,247.58907345457177
2016-11-15,256.0491841800529,251.9444239684183,247.63610319730043
2016-11-16,257.1028247729361,253.25074865106282,249.11015905426274
2016-11-17,258.4540974702666,254.58493489918615,250.28984815275027
2016-11-18,258.9825653641807,254.80257079327154,250.59574258591272
2016-11-19,258.88005037869243,255.29502276720748,250.48925513950704
2016-11-20,261.5568258808327,259.372640958207,255.91802581029057
2016-11-21,261.8822725147833,260.38975702960545,258.4654000506913
2016-11-22,261.27084475773216,259.52537542781454,257.60610275594485
2016-11-23,261.17259748324483,259.20944135119817,257.03307981288964
2016-11-24,260.74686255750385,258.6477176502591,256.11245321323224
2016-11-25,261.8720823690133,259.8090817737857,256.36022194324346
2016-11-26,263.25525933672714,261.1751896896379,258.4356754452393
2016-11-27,260.0937554108727,255.49310955267137,249.23721350149293
2016-11-28,255.7182285912236,252.3087530165194,248.10103981277183
2016-11-29,259.0664084869427,255.62010759603262,249.28387171639568
2016-11-30,262.02870111941075,259.0896367449057,255.03706293235808
2016-12-01,257.5829531453165,252.70709676347155,245.1113464322312
2016-12-02,250.19873220625934,246.56376393625732,242.6778678147994
2016-12-03,250.7959575467268,247.03244644029684,243.3160030876473
2016-12-04,255.96044610109772,251.45575885776447,245.98087564000156
2016-12-05,254.93603892946223,250.66112279542722,246.3948001110917
2016-12-06,254.29737993179825,250.84618787017604,247.2845344064323
2016-12-07,255.45881874101494,251.9812464611805,249.08769216134414
2016-12-08,255.12744850538397,252.08351033596531,248.80796035965324
2016-12-09,256.0393470558561,252.9801449855105,249.69961078545856
2016-12-10,258.1860088695889,255.1250865406625,250.03738156599854
2016-12-11,258.15403468270625,253.95384239800623,247.16053138889637
2016-12-12,254.62795157546336,251.05233836639607,246.2303254496526
2016-12-13,253.44934941785957,249.41059945955627,243.24759811169253
2016-12-14,249.55456645712533,245.6840260874252,241.32018992329913
2016-12-15,252.21559629349449,247.42712367598324,242.10771318277403
2016-12-16,250.74928536287763,247.27555179837648,243.2007349726806
2016-12-17,250.8697949677513,247.5309434080546,244.2673798802903
2016-12-18,251.33178173071988,247.6289714686861,244.07344032006756
2016-12-19,254.1060737327947,250.56372233056618,246.60214908484983
2016-12-20,253.1863865690725,248.63172784384966,243.840323918061
2016-12-21,251.61786243737603,247.11138596220403,243.06554632960902
2016-12-22,253.2437680706385,249.5246280324559,244.91950861608555
2016-12-23,255.45300123714023,252.3335127078637,247.65709688068742
2016-12-24,253.71659027405764,250.44892295924916,245.96985547867737
2016-12-25,249.51049532230346,245.28927529055136,239.54258410457626
2016-12-26,248.2155177218174,243.70409208163045,238.37738780759454
2016-12-27,253.80615338370663,249.54956386368391,243.61143831030202
2016-12-28,256.4780076763759,251.781587462097,246.83272063737257
2016-12-29,258.79561119113225,254.33802660268336,248.9869647653291
2016-12-30,255.57862693489744,250.68552977658462,245.18742595502712
2016-12-31,253.37242098386042,248.87557252752066,244.25859882067905
2017-01-01,251.81358276913943,247.084015388271,241.999103425523
2017-01-02,251.33448505727247,247.25161325392543,241.66858451269843
2017-01-03,255.67624931887886,252.81903533198505,247.10515678143594
2017-01-04,256.5934678537548,254.2188202967257,250.94382401104042
2017-01-05,254.64521912008752,252.09278088288883,249.57542537534457
2017-01-06,254.87186706296777,253.1623563315805,250.43764512127706
2017-01-07,254.86185860177207,252.47888280522128,249.3304357173001
2017-01-08,251.29991604166787,248.52082374581042,244.61194761553497
2017-01-09,247.38615494916138,244.50939932132172,240.52399316764985
2017-01-10,244.18146757872458,241.28171819481813,237.30866998138904
2017-01-11,240.43242710079093,236.65866635382716,232.0073124889266
2017-01-12,238.02657189593364,234.54212164861522,231.09066287219218
2017-01-13,244.91637729787948,241.24145102198466,235.19934698441398
2017-01-14,247.2241658395965,244.50587058510453,240.15936038042545
2017-01-15,250.9912194680927,248.09821169253243,244.65844210351017
2017-01-16,251.5994221802304,248.62322621878516,244.0884140891409
2017-01-17,250.71547594839842,247.86898260911266,243.3744967079295
2017-01-18,251.16331315122451,248.3522176679917,245.39901496805734
2017-01-19,250.83981321753473,246.97536495378216,240.70965944034523
2017-01-20,247.09397944709585,243.8211064046416,239.80683756539335
2017-01-21,253.32378465665042,250.2703703502411,244.3826230524605
2017-01-22,256.6512625722804,253.55158202320067,249.66158862208468
2017-01-23,256.4519205411098,254.1128330441019,250.38164282832608
2017-01-24,259.7105659008961,258.1981559338063,255.4621455939456
2017-01-25,260.9005477859484,259.22829130119686,256.9340542911001
2017-01-26,260.1752997819834,258.59691995318644,256.32127901672743
2017-01-27,257.85002330492546,254.89635354447478,249.96915959728017
2017-01-28,256.60736478170173,254.33599243131397,250.08822849368573
2017-01-29,258.6372776348879,256.382594681481,253.7408570282997
2017-01-30,258.38904824648347,256.2614936139708,253.63999447452474
2017-01-31,256.41468827854607,252.94957135105548,246.24874966207403
2017-02-01,251.97041677798833,249.06718798032813,245.19694259581976
2017-02-02,254.36363078636643,251.50907393213538,247.0106308470536
2017-02-03,259.04096179149604,256.98783461638965,253.8765843840385
2017-02-04,259.46572736492345,257.9494210074381,255.68722242361736
2017-02-05,258.36125602610696,255.41123725044932,250.7530354037662
2017-02-06,252.65959642256072,249.19935215872172,244.5950935392979
2017-02-07,250.73102468862567,247.92036389482578,244.93892580689507
2017-02-08,255.1765810468462,252.64207502462347,249.15917368320927
2017-02-09,252.27525847147186,248.51759184634466,242.75339562379662
2017-02-10,246.3077124493117,243.53426643747864,240.26485975089784
2017-02-11,245.48566551274456,243.11476463152803,240.42854404908582
2017-02-12,248.45335090711512,245.6460864637902,242.54048295963076
2017-02-13,247.97369733568226,244.87123069197298,241.5091442163925
2017-02-14,250.58964827512497,246.423962823612,241.3243747783605
2017-02-15,258.3322397137139,255.57231082707204,249.86937954794666
2017-02-16,260.5065785445036,257.9800794330133,254.4123538132551
2017-02-17,263.1916476964668,260.9159415658142,258.0361478563654
2017-02-18,264.87376598487987,263.2486341849306,260.4760529310462
2017-02-19,263.3281610578861,261.0766820608892,258.1046609601519
2017-02-20,258.9156985119153,255.9210700791929,251.92338716221386
2017-02-21,255.49252062194483,252.9646036642933,249.29027679913708
2017-02-22,253.1221564069933,249.32699607888443,243.29635706579106
2017-02-23,250.21075713274928,246.82900736543482,242.25198327596343
2017-02-24,249.49480905365206,246.3226858998728,242.21332476966512
2017-02-25,253.83400958256928,249.1898831696747,243.30983985163323
2017-02-26,250.67857767063194,246.4079200358467,241.27464870400377
2017-02-27,248.4998982456669,244.67547524916057,240.76490620196049
2017-02-28,255.37095099194295,251.63336997852005,244.69796928522697
2017-03-01,257.4199614764761,254.1158827017844,249.7451801639238
2017-03-02,256.01229610474974,252.58499300414536,248.49376722045488
2017-03-03,254.0612969340346,250.95457519756715,247.2194016252097
2017-03-04,253.58833296063594,249.77825850750725,244.52858444955743
2017-03-05,252.26458809557298,247.61434686785148,242.4747879315838
2017-03-06,252.62054214510994,248.62800860345496,243.42268126929207
2017-03-07,255.93972808432935,252.56687546829326,246.3011505730635
2017-03-08,257.3844847348757,254.80010996019155,251.11523149245932
2017-03-09,256.57716992193156,254.28908133666715,251.67029149813712
2017-03-10,254.862540638959,252.9000546364667,250.76430601605682
2017-03-11,254.4736414716632,252.01715521855348,249.12738692150901
2017-03-12,251.3878976597059,248.3398328807574,245.0950076496528
2017-03-13,253.62587810615685,250.68777560162204,245.7332194544147
2017-03-14,255.0440168270727,252.16900196077535,248.56971667290716
2017-03-15,257.72515341932956,254.7219013344664,250.0569469740456
2017-03-16,259.4417675957008,256.01111501954125,251.7106232477644
2017-03-17,257.6327492580888,253.74718668473596,247.73199477168723
2017-03-18,255.03587232053528,251.05045459724278,245.73827696780535
2017-03-19,256.16874932337964,251.73918805527023,246.15301855297824
2017-03-20,256.37460019300477,252.2670792383129,246.1755893766464
2017-03-21,261.401197850941,258.4349475201634,251.87356711851945
2017-03-22,265.5008116452405,263.2651024704961,259.98379300437307
2017-03-23,263.6325144133156,260.5841249218189,255.08022707479012
2017-03-24,260.96051668766825,256.5253408114146,251.4840345487717
2017-03-25,260.85739945230256,256.93404628662034,251.23671873057904
2017-03-26,262.28733411629446,257.49381725415145,251.98912616584877
2017-03-27,264.2093095108604,260.81530566379564,255.6423810025401
2017-03-28,266.039563708247,263.66810810903104,259.287243450322
2017-03-29,266.01691266005344,262.63040673998734,256.6112371224129
2017-03-30,264.3214594753311,260.68962006355514,255.8798223430174
2017-03-31,265.0883953878895,262.2738503288507,258.14807231123734
2017-04-01,263.96473598539876,260.25023495938683,254.57643891452284
2017-04-02,262.0409017531389,258.7841634608214,253.74293260097892
2017-04-03,263.0022939604366,259.98478068675956,255.0287702211018
2017-04-04,265.1947618375483,262.8078607476612,259.484660614497
2017-04-05,264.5833192632095,262.89579547354566,260.9313984309809
2017-04-06,264.02898699255246,261.7760754471781,257.90961348679105
2017-04-07,261.37654011871564,259.0889832424159,255.77426649319122
2017-04-08,258.72626952509177,256.24677745348123,252.31410639185103
2017-04-09,256.7301793563134,252.8641176635893,247.75338344811115
2017-04-10,254.88788472507707,250.33453416133153,245.30226959561435
2017-04-11,255.93850857183696,250.97041353713786,245.7812695401567
2017-04-12,256.5596258152427,251.3832125639609,247.3201032564407
2017-04-13,259.0813156410409,253.80266705386572,247.50643965619975
2017-04-14,261.75986970691395,255.169357298946,249.29273259842907
2017-04-15,261.8653828732888,256.3094951767409,249.3827457441981
2017-04-16,263.0807026646053,257.21117176906836,251.73810543761167
2017-04-17,263.52980646673535,257.33215714561703,251.73278294825855
2017-04-18,264.04581429393556,258.51696082283934,252.58660904923684
2017-04-19,267.2825717851685,263.7686500475722,256.61392289413635
2017-04-20,268.57363797045684,265.50702291415047,261.6004559181329
2017-04-21,268.8971498926903,266.3810373535602,263.1045010878275
2017-04-22,269.0797219174667,266.66525161213525,263.82425375992204
2017-04-23,268.04702400245907,265.90194579088273,263.3901252308051
2017-04-24,266.6471268625905,264.4039031987139,260.19459613495485
2017-04-25,264.59539347871663,261.8892277850756,258.165980267448
2017-04-26,264.260791281819,260.99282193694194,256.59683136674903
2017-04-27,264.29000581234277,260.5154986515061,255.20981150350178
2017-04-28,264.2057359328829,260.01311719896125,254.2156204957688
2017-04-29,265.46218154025337,262.06988292678835,255.0018401265555
2017-04-30,263.35998157891373,259.64301512254707,253.6961540678219
2017-05-01,260.0351516242354,256.37849289361435,251.50037511137765
2017-05-02,261.5414562674117,257.09156544173993,251.07324749938806
2017-05-03,263.5541452911115,260.34746372771485,253.160864607194
2017-05-04,265.7923719934763,262.44182010678065,257.80954728495635
2017-05-05,266.1205711492752,262.6392892895469,257.5297606029625
2017-05-06,267.66523870990846,263.5492861035106,258.15933543011033
2017-05-07,268.5642338142396,264.5555983037012,258.6487668998972
2017-05-08,269.4874352915254,264.99604906890585,258.51026619137104
2017-05-09,269.45014579070204,264.6992817972285,259.15896957503566
2017-05-10,268.1580606479564,264.76303921408885,259.4295089529649
2017-05-11,268.56602995291433,265.75975684481904,260.70909524394466
2017-05-12,269.91674204247147,266.3964012012391,261.7340796554433
2017-05-13,269.56155314598465,266.7345556672959,262.09661651788167
2017-05-14,269.8506293353084,267.03046137678007,262.246456822007
2017-05-15,270.23005536717636,267.6732514699836,263.3839488245242
2017-05-16,271.000174303073,268.8502807076339,264.55202718050623
2017-05-17,271.33348297430996,269.26767186387525,265.75317541837944
2017-05-18,270.89508699610815,268.18694195982863,262.97635286918694
2017-05-19,270.4105629878971,267.0059674334338,262.2395824408819
2017-05-20,268.89943394953445,265.9832285671754,262.03534371691086
2017-05-21,268.951388330024,266.496077497986,262.1536073063126
2017-05-22,270.2536670965284,268.1238086590019,264.7423913414835
2017-05-23,270.8959414685212,267.796960546994,263.1462228733417
2017-05-24,271.05651380215653,267.81715419461887,263.11382379843565
2017-05-25,271.9893227981986,268.07811820082674,262.75715816995506
2017-05-26,271.27756071242715,267.1376958531987,262.0818484008833
2017-05-27,269.48184171124296,265.36222954600123,260.972624116378
2017-05-28,268.57844652050414,264.83908136281485,261.0528568486187
2017-05-29,268.9282364820767,265.8779554723629,261.3650648999832
2017-05-30,269.82722553373395,266.6069159721197,262.40362137875474
2017-05-31,270.9831028200501,268.50666157821155,264.6713795134134
2017-06-01,269.7528781491715,266.9108088193526,262.25313599054914
2017-06-02,268.4463649638157,264.99092654460367,260.66563127577757
2017-06-03,269.40256324230074,265.56472053851775,260.73111142345385
2017-06-04,270.0575433428646,266.7360067498612,262.0797141943884
2017-06-05,272.9020024138141,269.7097170249751,264.7419942839095
2017-06-06,274.0178959486446,271.2990953192024,266.4199310850625
2017-06-07,271.9830648036783,268.02149126508453,262.7064350910669
2017-06-08,268.91845083850177,265.89564193075455,262.20599666243993
2017-06-09,269.7382880462786,267.0020523066246,263.51079534736095
2017-06-10,270.5390228108553,267.67850438990376,264.33598618074984
2017-06-11,270.3765464160501,267.7120491817887,263.9281520005069
2017-06-12,270.8861166661742,267.7669688595058,263.9296580045592
2017-06-13,271.7321505756883,268.88869752665846,265.134872370396
2017-06-14,272.6739341194225,269.94690545363505,266.42000451706843
2017-06-15,272.85051534856126,269.787201107213,266.03301998355397
2017-06-16,271.70546459033824,268.34379712003454,264.5195478569394
2017-06-17,271.65609352213045,268.0885492014904,264.32442870513427
2017-06-18,272.2353924313749,268.88542083465103,264.7789984532795
2017-06-19,273.85541632870627,271.1481688204702,266.68426071377297
2017-06-20,275.11822432081834,272.84919039099475,270.00225407452575
2017-06-21,274.68442410886036,273.0319602609683,270.75969194964944
2017-06-22,274.95297588284217,272.5342818586411,268.52105696939583
2017-06-23,273.8426128892017,270.16139350169084,265.9648482347875
2017-06-24,273.33423146557135,270.0064314439765,265.35326855472914
2017-06-25,275.1017783680725,272.2625339204372,267.0907805051229
2017-06-26,276.87683822246805,274.69375100149136,271.3646353342405
2017-06-27,277.4612500490492,275.16135915831313,272.3001945489854
2017-06-28,277.82589619879496,275.6491908291296,272.592732565091
2017-06-29,276.77965464447965,275.066380482819,273.27863451909656
2017-06-30,276.6394183012722,274.42548650576595,272.03724943356036
2017-07-01,275.55252795672607,273.11398047514837,269.91747267845403
2017-07-02,276.10498766168064,273.76625288644175,270.21426628404765
2017-07-03,276.2785219263643,273.881530460176,270.83185344946475
2017-07-04,276.2119133607743,273.8347565326702,270.7577661306658
2017-07-05,277.03820883465,274.51650569061667,271.19079265198883
2017-07-06,276.077457637432,273.8794668079177,271.19471638478836
2017-07-07,277.24764306554556,275.0585523780322,272.2861127132486
2017-07-08,278.8855232406474,276.3260173230222,273.25480379454694
2017-07-09,278.4618450523871,275.9935064440124,273.47838473552486
2017-07-10,278.22276317475576,276.08394034661154,273.46474387862656
2017-07-11,278.45554923262176,276.432340011563,273.89132707888234
2017-07-12,279.0764875145962,277.0833943336248,274.4438336894464
2017-07-13,278.9295535711429,276.6126943722506,273.84100368138826
2017-07-14,277.7314734312565,275.38269368788735,272.34586293751283
2017-07-15,278.71102627432833,276.08756984402095,272.5279768453479
2017-07-16,278.42664182933464,276.1630742385691,273.6170319037048
2017-07-17,279.22102605632335,277.03551578479596,274.1817368836109
2017-07-18,279.44551178526785,277.2250319048694,275.08297060142445
2017-07-19,278.79501696609833,276.5610944380449,274.4799653716894
2017-07-20,277.92764171554217,275.8849758480616,273.8093677073629
2017-07-21,277.7838729931178,275.6472423315981,273.46398039387566
2017-07-22,278.50481145330224,276.36694130171685,274.33110013980877
2017-07-23,278.28875773493087,276.3487425261443,274.2913050945508
2017-07-24,278.0245705077755,275.76821611397463,273.5737290123669
2017-07-25,277.492004933889,275.1765703200533,272.83892293779746
2017-07-26,276.8912002604002,274.4503371791894,271.9506658112152
2017-07-27,277.09361096955445,274.5864118658591,271.88518458016125
2017-07-28,278.63696583354124,276.3699832815094,273.4374407290823
2017-07-29,280.26035228567633,278.2806012301221,276.01927263430343
2017-07-30,279.72337682949575,277.53582797962434,275.1773236393801
2017-07-31,278.3994767008054,275.8839125715296,273.24435852272273
2017-08-01,278.3894937658239,276.0618951335077,273.37574870020745
2017-08-02,279.76319376869435,277.67311076637617,274.78630894695385
2017-08-03,280.25126698084284,277.85532219826683,275.7075915813088
2017-08-04,278.75293829850534,276.2655614902428,273.5378171541521
2017-08-05,277.1498904555439,274.6278022469287,271.85005034240993
2017-08-06,277.2409094769616,275.02773302538833,272.39911070855095
2017-08-07,278.14359165812573,276.2551682847452,274.0130852899621
2017-08-08,278.603671641932,276.9743537718966,275.17478466118047
2017-08-09,278.71926496215707,276.2255903392994,273.639009732633
2017-08-10,277.75674509073923,275.6217247700241,273.3769016104685
2017-08-11,277.68363416459175,274.93846136327835,272.302511924896
2017-08-12,274.7270686853627,271.495235412463,268.20443631417254
2017-08-13,275.50993458182404,272.70966182410416,268.51109032368606
2017-08-14,275.82879861321044,273.8075204823188,271.70023819670223
2017-08-15,274.59354262695666,271.8390408238659,268.4534710594306
2017-08-16,274.35684666117834,271.28336048345,267.61440603485045
2017-08-17,274.01255029295174,271.0169487454335,267.27843464465906
2017-08-18,274.1745679163084,271.0159216509094,267.33476846024007
2017-08-19,275.2822483959523,272.5017087007017,268.72956287170143
2017-08-20,276.029734997087,273.35767865120476,270.2993624050219
2017-08-21,274.63161588843553,272.21409797842955,269.5524550117096
2017-08-22,274.48315558525155,272.3444785304864,269.8144302326811
2017-08-23,274.75049505561157,272.3315335447159,269.6745911907683
2017-08-24,275.454049655001,272.77499019468684,269.5379767090725
2017-08-25,275.5194635502562,273.12903435348477,270.44513800865724
2017-08-26,274.1656527191948,271.5800400863793,268.70107286749436
2017-08-27,273.29930129193394,270.3131341540582,267.2037027157628
2017-08-28,272.7397382807099,269.8239143026795,266.2713377954225
2017-08-29,274.59391777551457,272.00067782621056,268.41750506455554
2017-08-30,275.96003827384544,273.78698892652454,270.59485911873276
2017-08-31,276.949907912261,274.61736516304563,271.9555927069336
2017-09-01,277.02769340899727,274.509847946165,272.2562421421257
2017-09-02,274.95325869558735,272.66513985469504,270.12721246260986
2017-09-03,273.87315694112965,271.35503010007756,268.01660747769336
2017-09-04,273.1863268163529,270.2598347396856,266.5027870650813
2017-09-05,273.63462251920083,270.95295214497656,266.61345969962923
2017-09-06,274.2196161560714,271.44405179119696,267.77779053617513
2017-09-07,274.0822338727683,270.52711821914187,266.11303646685946
2017-09-08,271.4306729844439,267.8386897245452,264.42585000376056
2017-09-09,269.87774770382936,267.0248207432233,263.98471549622775
2017-09-10,273.32550488690373,270.73308529284907,266.16841869330113
2017-09-11,273.5886676186998,270.5891155466984,267.0660721070079
2017-09-12,271.6845229171187,268.31058465717814,264.285714935829
2017-09-13,271.06528170161425,267.83741035801074,263.46849980820485
2017-09-14,271.8994773036217,268.79407083114256,264.88014316017944
2017-09-15,270.98540241729813,267.865767410013,263.9346230287166
2017-09-16,270.7937811746721,267.8054986788236,263.49941357259274
2017-09-17,270.7764205564195,267.8646187717084,264.19199486777103
2017-09-18,270.13252495077677,266.9811449731364,262.9701868600678
2017-09-19,270.1705573539069,266.7033178364746,262.93243152249624
2017-09-20,270.7775108096915,267.9404748644025,264.15990406968183
2017-09-21,271.6717351417769,268.8423634650433,265.47023323586774
2017-09-22,271.60853353394464,268.94315960040205,266.09760724684577
2017-09-23,271.56998866398203,269.35930487832013,266.84150765371834
2017-09-24,271.76911478527614,269.19428322201367,266.2305303164691
2017-09-25,270.3816001549497,267.67939342054285,264.64266489276065
2017-09-26,270.1068332466651,267.3752159153093,263.9300551996135
2017-09-27,271.5819097921277,268.54499524202214,264.7590686660519
2017-09-28,270.6889705440947,267.7693958896974,264.6574931063113
2017-09-29,269.4784033727544,266.53859197898504,263.55797776384406
2017-09-30,268.39492901629177,265.532275176483,262.22939548411694
2017-10-01,268.65884969644026,265.74893819511965,261.9383279286103
2017-10-02,267.90319533344365,264.631059685942,260.39886514582827
2017-10-03,266.9740687022685,263.7390371722667,259.02797972037024
2017-10-04,267.62389171833024,264.6588116022055,261.20200251224225
2017-10-05,268.28704114710087,265.58138056769553,262.04426129382375
2017-10-06,268.2716967885801,265.47376948968457,262.30954031713685
2017-10-07,268.08030717822584,265.4534925372679,262.16809832880546
2017-10-08,266.7954163023066,263.66374907989984,258.78822817296583
2017-10-09,265.2212202719949,261.9323270841927,257.73861918203113
2017-10-10,265.16624463191033,261.69158879651206,257.9049483047222
2017-10-11,265.642436722537,262.3357973427654,257.93369602718724
2017-10-12,265.9782515160252,262.4552196828756,258.2509168630508
2017-10-13,265.4438565843591,262.17688057640805,258.144401302813
2017-10-14,264.69696938435794,261.76472390256527,257.2822146439933
2017-10-15,264.6605244347987,261.21202629705436,256.182083474129
2017-10-16,263.355859892869,259.63610324386286,255.68014421345197
2017-10-17,263.52381952258054,259.62923685291435,255.55781819309664
2017-10-18,263.9822080874048,259.8186226692267,254.93702174602615
2017-10-19,264.2566212283688,260.69080242713596,256.21047672995365
2017-10-20,264.10007387844706,260.4392826838793,256.10441369811537
2017-10-21,262.7479626347445,259.1834214876082,255.46364110824257
2017-10-22,263.95285220618524,260.5682729930048,255.59036854747964
2017-10-23,263.3441862607436,260.2779435692983,256.31208210340424
2017-10-24,261.53580843945485,257.8814229571272,252.9273868970057
2017-10-25,258.551384334384,254.95776293273138,250.87861538846403
2017-10-26,259.2703218370842,255.85898305968811,251.0095590882304
2017-10-27,260.462614915186,256.7891922654994,252.88645215799332
2017-10-28,260.30208391643777,256.7552438578012,252.541232979079
2017-10-29,259.22376014834765,255.90584797935148,252.3090404271909
2017-10-30,259.22584116163597,255.9798704960028,251.87593626486267
2017-10-31,259.7211704959877,256.51836365766025,253.00398754083545
2017-11-01,259.39609942393906,256.2860485328147,252.9680046237971
2017-11-02,259.40937448737856,256.0785814730993,252.4223640587268
2017-11-03,258.89368019471095,255.10073882617525,251.12829605208339
2017-11-04,260.4590805183861,256.4964058001706,251.07137986865928
2017-11-05,262.29197921343524,258.4795625019604,254.4534551232393
2017-11-06,262.44351937322614,258.1908414496084,253.97595761577614
2017-11-07,261.7522812638892,257.7029935054963,252.94849160647968
2017-11-08,262.9375454001285,259.4757063365115,254.621305262983
2017-11-09,261.30465333965986,258.1828743028631,254.77191856789798
2017-11-10,261.37897901554334,258.39060663393184,254.15094489310826
2017-11-11,261.4319222423757,258.5548483139519,255.05788397585854
2017-11-12,260.35046484530255,256.6579990778407,253.19445476820613
2017-11-13,259.46856856632667,256.4867485645619,253.2616416119237
2017-11-14,260.2514903289122,257.51614760982545,253.5566035208414
2017-11-15,259.80735280273706,257.3380214900104,254.29072203423073
2017-11-16,258.2784214049568,255.13613621946982,251.6517135236586
2017-11-17,257.1648200824898,254.28393289368478,251.05329118572632
2017-11-18,257.70859937472846,254.1052368697876,249.02259340162792
2017-11-19,254.65785189589812,249.71892255702693,244.75917800120826
2017-11-20,252.67874684279303,248.39573420054012,243.8650042789601
2017-11-21,250.91356781134112,246.65999915470317,241.8388561816574
2017-11-22,248.4650400509606,243.8929632757586,239.34577129541805
2017-11-23,247.61345212711413,242.79287893496306,237.79998354998426
2017-11-24,251.81694332346524,246.84113492774767,239.34212474546945
2017-11-25,258.3531123988131,254.88499099069918,249.34331597943185
2017-11-26,258.73980388482636,254.8431402651665,250.56238432367522
2017-11-27,256.78034038209745,253.56472155056161,249.06529392444244
2017-11-28,256.8688158728593,253.87591759482285,249.41538082860805
2017-11-29,257.7438359803814,253.81403088985945,248.55984509254452
2017-11-30,254.97709626472374,250.0851828248783,244.61931111948456
2017-12-01,253.4106397179305,249.65664792558934,244.231016393859
2017-12-02,258.00365239878874,255.11398351839296,251.13159787616516
2017-12-03,257.89209970854586,254.5291151274001,250.4224926675
2017-12-04,256.14200555902096,252.74534070571872,248.84938102316116
2017-12-05,256.44862105126333,252.3950889687442,247.59981570019167
2017-12-06,256.3133996375807,252.01958706420723,247.15911291113449
2017-12-07,254.38043753936546,248.9324781362556,242.6261890272073
2017-12-08,251.62523188862417,246.99664956920927,242.12311588319542
2017-12-09,255.10393903164083,250.34283198011042,245.09750930241705
2017-12-10,256.3633870051759,252.23855434039857,247.73164997728742
2017-12-11,260.5714369265066,258.3987595590502,254.62807858503464
2017-12-12,258.58810321763895,254.75243487486946,248.47426874982528
2017-12-13,254.19287440617563,250.80772016992705,246.55701284101758
2017-12-14,252.3689935969662,250.33637243388085,247.38470836892068
2017-12-15,253.67962757773233,251.28139088934216,247.73050091332084
2017-12-16,252.17370940350366,248.73022675224217,243.74004109571453
2017-12-17,249.45264519366646,246.49111607737746,242.70786305268706
2017-12-18,253.89234192553502,250.76659175710492,246.6425247820199
2017-12-19,255.63225554626698,252.4254861693389,248.57492516258057
2017-12-20,257.8174816107212,255.0052170068694,251.19170435563186
2017-12-21,256.70108220033796,253.4532320680132,247.8426489706969
2017-12-22,250.90101021568492,246.59790226067724,240.87653780327722
2017-12-23,252.0177307973638,248.29927840042012,241.9670214727238
2017-12-24,253.54740992528173,249.87757677928758,244.28896735694676
2017-12-25,249.74941412537174,246.2574179471462,241.97055259743658
2017-12-26,256.18932741959463,251.00968043134102,244.66029785422865
2017-12-27,258.3433484461723,254.6612501737213,249.58000951939638
2017-12-28,251.5918664297713,247.72469353811604,241.93930146657783
2017-12-29,245.66455871526682,242.03425760535532,237.8752628525907
2017-12-30,243.38360395426014,240.15890632505085,236.77429900414168
2017-12-31,244.24588140134458,241.11253876898155,237.49626056668535
2018-01-01,245.09934718875905,241.7979720559504,238.29267316792595
2018-01-02,243.66729093707576,240.45645367692114,237.1716047214347
2018-01-03,245.48057126286264,242.23118955977333,238.6743769946793
2018-01-04,250.9432790345353,247.85652535758427,242.55019139456644
2018-01-05,252.46635113893166,249.13403245284084,244.67472383015848
2018-01-06,248.54767891919246,244.8586242584468,240.48075827928744
2018-01-07,246.1105812947071,242.73866771865832,239.34257790191106
2018-01-08,246.50307687109657,242.8340748170072,239.43072032486262
2018-01-09,248.63955565387013,244.55132997880875,240.1716246441831
2018-01-10,248.50212638010868,244.44933381416004,240.86484844364372
2018-01-11,250.33096445648758,246.50406699855117,241.91870834375337
2018-01-12,251.45936749005574,246.9534355519767,242.0716753309597
2018-01-13,250.0781547125073,245.7941198765836,241.21998638544548
2018-01-14,252.00223946163572,247.62240351664363,241.6974816427705
2018-01-15,249.9115468481768,245.21913475089616,240.2037143315641
2018-01-16,250.52501724447734,246.04720036397035,241.29464246193552
2018-01-17,254.56053486724574,251.21108403157336,245.82525928451997
2018-01-18,254.3259560045593,250.86797840429125,246.2537491323971
2018-01-19,253.18485156021586,248.33792054259692,242.75416073759877
2018-01-20,249.7348351839216,244.99950956211092,239.98590395362612
2018-01-21,247.39240536782063,242.61398657280884,238.5566059188354
2018-01-22,247.83196827406476,242.99532732176561,238.7667694319613
2018-01-23,251.70957896277608,247.4900393964815,240.72666016792652
2018-01-24,250.49882896498778,245.89721009994415,240.73429794263748
2018-01-25,250.06485518296026,245.9859759221473,240.73682969625264
2018-01-26,249.71360296848795,245.67340579710918,241.43359622998636
2018-01-27,251.64612144235298,248.3352000180367,243.02101821246396
2018-01-28,254.55421337716913,251.58452346634905,247.52789362640306
2018-01-29,257.0906023794391,254.64134978743303,250.96835303392902
2018-01-30,258.97838348158456,255.57906299819854,250.88968181032558
2018-01-31,259.062964206306,255.88205231503008,251.02304460398216
2018-02-01,257.52207411396796,253.87947430186784,247.15628824667135
2018-02-02,253.30340657137594,250.0328923073038,245.874950005686
2018-02-03,252.75287766150507,249.50713623144628,244.30107623140066
2018-02-04,248.7409896000589,244.75405254117985,239.8526154362945
2018-02-05,247.72723357134447,244.42170976919908,240.25028985627813
2018-02-06,250.85614733002532,246.2270324262715,240.61791094617195
2018-02-07,251.2521629915635,247.33339447006477,241.47012159903224
2018-02-08,250.99743557648767,247.14337394506657,242.13758297807425
2018-02-09,249.4801468767532,245.44681266098567,240.45160762826544
2018-02-10,251.76613785284542,247.91422808955562,242.12291382805535
2018-02-11,253.35843580248434,250.35523988373714,245.98269409919382
2018-02-12,255.53936550139449,252.96973359697557,249.7068682768275
2018-02-13,254.57222239328044,251.94229097848543,248.55917598746746
2018-02-14,254.3068655876844,251.58517283464104,248.09331764502434
2018-02-15,259.2386118292895,255.97023277657183,251.78486683296762
2018-02-16,257.4510711835561,254.04866860382631,249.37404004883794
2018-02-17,252.90071817456916,248.97454566023995,244.14883264367444
2018-02-18,250.8626672606002,247.1758636688771,242.60798966250886
2018-02-19,251.11528865459135,247.70064417930882,243.81136654888078
2018-02-20,254.35207405961944,250.38083198684097,245.25196082086015
2018-02-21,258.58756035375393,254.7855003462929,249.68905430074403
2018-02-22,255.8311340582705,252.62325443070512,248.59587802645316
2018-02-23,255.83814679777743,252.59696368878815,248.6582369909058
2018-02-24,259.9070964477196,257.11881849476185,252.44011173757784
2018-02-25,259.1293326390682,255.08552018697867,248.7502378316745
2018-02-26,259.08178966349647,255.3771746401341,248.67066578188746
2018-02-27,261.2335160383258,258.29257419043273,254.27472678508227
2018-02-28,260.53050957523624,257.6871548956108,253.49417183099527
2018-03-01,262.3142057946554,259.9344808319847,255.72929386079838
2018-03-02,262.60240173963894,260.16409540208883,257.33216715568824
2018-03-03,260.84009378547984,258.8581668197108,254.88303124899645
2018-03-04,258.5011041237224,255.41460750182094,250.82072021345567
2018-03-05,256.608887136191,252.6871327856436,247.2104435178409
2018-03-06,253.95601873506416,249.5171222299903,243.80823363455548
2018-03-07,251.3814821859682,247.14318331288754,242.7471392758838
2018-03-08,250.99337659664292,247.2482237178496,243.00535290200682
2018-03-09,255.70568942873737,251.31112196187942,245.23800852114712
2018-03-10,256.3145025868356,250.67447607971897,244.6553053416871
2018-03-11,256.4650015535388,251.87706990666342,245.72538163041733
2018-03-12,258.6602234966637,255.18267789696552,249.71538219545045
2018-03-13,261.3262724603919,258.59864330804146,254.34780403002227
2018-03-14,261.58452760846944,259.14330068177816,255.47074722036155
2018-03-15,260.6259632414823,257.5951020080053,253.2443917081812
2018-03-16,257.28367382048106,253.40142418821716,246.80994636939863
2018-03-17,253.98740545007107,249.46281665160927,243.4791164478548
2018-03-18,253.31157603330385,248.45194772381873,243.05310538188877
2018-03-19,253.39674309592147,248.80652150033828,244.4136853524304
2018-03-20,255.04382311647404,250.71094770415803,246.00446748352164
2018-03-21,259.1644446628055,255.09927450496625,248.49832993056347
2018-03-22,260.46413733689303,255.89380382343927,249.09857465484686
2018-03-23,259.5807405689853,255.33815554622888,248.04408746965814
2018-03-24,260.61210323724396,255.2830286531872,247.92692929258084
2018-03-25,258.8751904879849,252.48325887215088,245.50175519329633
2018-03-26,258.2516138776374,251.81774262580052,244.88980425845565
2018-03-27,260.67572033999335,255.79936805546416,246.81975826854523
2018-03-28,262.3122847142178,257.7138515862131,250.99686252645128
2018-03-29,260.9018556822075,255.6750578067916,249.150386279422
2018-03-30,260.6118027232418,254.7851239117931,248.4839918256585
2018-03-31,260.7941171970522,254.85825631620668,248.29148877652034
2018-04-01,261.74137368571144,255.6587749876897,248.83228065522042
2018-04-02,262.8921678460319,258.4731250047179,250.8453354235441
2018-04-03,265.90229063483815,261.87587006606606,255.85469260715996
2018-04-04,264.6724990656229,260.18294981351704,253.54576700344145
2018-04-05,263.05917302613034,258.9177313180064,252.32336414879055
2018-04-06,263.8583624067939,259.15500338540363,253.57071306071273
2018-04-07,263.3093313865081,258.6404508827528,252.2604314503956
2018-04-08,264.0987214191599,260.9977952963297,254.5226157534612
2018-04-09,267.07519089714793,264.7424824065576,261.11473371193773
2018-04-10,266.75325332235366,264.5133910166676,261.79737966428104
2018-04-11,265.25116800638176,262.29232994813174,258.6899857216098
2018-04-12,261.6346982554418,258.63580620687543,253.09126591672677
2018-04-13,259.6020972513352,254.68777698643288,248.9808469705337
2018-04-14,258.3747885465278,253.5632274880324,247.661170856804
2018-04-15,260.9935457849319,256.85826569449455,250.53333063750068
2018-04-16,265.2769749254302,261.9684372075275,256.6095962229677
2018-04-17,265.64969247714873,262.6276792562673,258.39901885002865
2018-04-18,265.33060245639183,262.5413110689137,258.22975178296565
2018-04-19,264.46699180100575,262.2220879544207,259.58142846286995
2018-04-20,265.18684509649955,263.00080664334735,259.90354649247075
2018-04-21,262.51230200934145,259.75892359973085,254.2848195462703
2018-04-22,261.4493235048805,256.81108043336536,250.91807175834873
2018-04-23,260.31703722558524,254.98197933461017,249.42533355943107
2018-04-24,258.81075072035566,253.4281439287556,248.04564994276313
2018-04-25,258.8564874128343,253.34252270029145,247.6098440037611
2018-04-26,261.2884888086887,256.81858947992157,250.10514954275382
2018-04-27,264.40294977429255,259.4297494141771,253.53409382199018
2018-04-28,264.4956425269314,258.922702992329,252.36134890533808
2018-04-29,262.3413815547434,255.95342828143345,249.2118534424165
2018-04-30,261.68822078547214,255.52864103181153,248.6221504536798
2018-05-01,261.8097038195545,255.92312056495356,249.09811323055564
2018-05-02,265.02183257002036,260.8811131590344,252.09024609637964
2018-05-03,267.1474427028247,264.41894600617417,260.6544912940161
2018-05-04,265.8180070736482,262.37968170831647,256.3390838842145
2018-05-05,265.9300525090643,262.30742420940015,256.0943749064831
2018-05-06,267.84036175187754,265.3636722206963,260.80147071880083
2018-05-07,267.5534380595878,264.8601725097507,260.77074313975174
2018-05-08,265.82175221982675,262.8723464301813,257.50896075833157
2018-05-09,263.96814833767576,260.07435739030046,254.63292862996883
2018-05-10,264.10213172960573,259.34602932812305,253.98845259466825
2018-05-11,264.80818673278094,259.88861202342775,254.61021204254556
2018-05-12,266.90394380733676,263.32110921853575,256.72635220535614
2018-05-13,269.2513548166424,266.52279321322743,262.6659171292583
2018-05-14,268.42430224756794,266.2776476687013,263.0122964086954
2018-05-15,268.7776616592457,266.5569705222159,263.1362918252204
2018-05-16,268.72861274589945,265.8442398602321,261.4291830771838
2018-05-17,267.9023238178153,265.08631017624924,260.8731882409594
2018-05-18,268.5008451275016,265.96175814935174,261.81595533865897
2018-05-19,267.5094924710742,265.1170960288815,261.48768488828586
2018-05-20,266.3397732120007,262.8483454036304,257.6561400642455
2018-05-21,266.09738406159533,262.55965607069834,257.180368986363
2018-05-22,266.8088654679183,263.48086147369406,258.70997271175935
2018-05-23,266.234411029127,262.68765951835127,257.909900539062
2018-05-24,265.46072345736906,261.62302207811393,256.008394581867
2018-05-25,265.70367655128103,260.70431312177675,254.88009389266588
2018-05-26,265.7864681522145,261.3492797540229,255.2153506742311
2018-05-27,266.6812473292851,262.3410274532319,256.77040842999617
2018-05-28,267.72708285833073,263.11906651269373,257.59282104487244
2018-05-29,267.9939179171155,263.866453733881,257.88048494470866
2018-05-30,268.7310091686726,263.50768245116564,257.58124599352556
2018-05-31,268.5023536985697,264.03504867463926,257.87092669790235
2018-06-01,269.3599745793654,265.2491816197524,259.6513029086019
2018-06-02,269.02413668310845,264.47664940541296,259.3777994659535
2018-06-03,268.2491505842885,263.70278371780506,258.0768921846852
2018-06-04,268.54154931540126,264.0577256254277,258.32248076961747
2018-06-05,269.45163717866836,266.0685457208454,260.7348179758952
2018-06-06,270.0524038348455,265.6671187440286,260.3256400710923
2018-06-07,269.38803651353595,265.0246158840544,259.5731617125247
2018-06-08,269.7495774113996,265.6455052579181,260.5688603091509
2018-06-09,269.8198320835567,267.0036249494144,262.3931534707003
2018-06-10,272.99643669279345,270.233985690867,265.7513352032155
2018-06-11,273.1328578651287,269.9577591937317,265.4502871127895
2018-06-12,271.30435922712627,267.4922693979345,262.2910527745344
2018-06-13,270.0801422468685,265.74178472095326,260.64289004570674
2018-06-14,269.4320278356725,265.76645891493416,261.199103357433
2018-06-15,272.4156485489544,269.5561733179336,264.173947015217
2018-06-16,272.9716746798204,270.65144512931585,267.78636996395244
2018-06-17,271.8075786523715,268.95119224070675,265.0703352053273
2018-06-18,271.1180184842329,268.54553523457497,265.05559788071747
2018-06-19,271.96927095366595,269.2331998677831,265.53399865961376
2018-06-20,272.7433767457776,269.8232144074539,265.79612058068835
2018-06-21,272.4923618492759,269.600213560562,265.77026639415317
2018-06-22,272.53338189500363,270.00675703169213,265.80167060090724
2018-06-23,274.02397638480886,271.47042491973895,268.0639044655826
2018-06-24,273.6373427261122,270.7466332746111,267.2168179460503
2018-06-25,272.45730460275894,269.35085742192933,266.09158281616607
2018-06-26,271.9270370440239,269.08456795646424,265.88482595655114
2018-06-27,273.8529271052358,271.87494957689734,267.87269444372447
2018-06-28,275.0104343903797,273.62790463659354,271.5933521022802
2018-06-29,275.37424317855874,273.8922036747342,271.86225551054963
2018-06-30,276.03476805162586,273.8724455284351,270.66182045386694
2018-07-01,275.96518834323575,273.33096198587447,269.80329689930414
2018-07-02,275.64211788085305,272.53415407064386,268.9276973282842
2018-07-03,274.1943956187541,272.1955321440413,269.1803313227333
2018-07-04,273.7097806849106,271.90987300598204,269.39077130916513
2018-07-05,274.0730925948186,271.72893527800255,268.31353452406387
2018-07-06,273.9283148852587,271.54185963902074,267.44545242168124
2018-07-07,275.1991883044515,272.1848494102465,267.84381618080494
2018-07-08,275.6055277710696,272.8461615772491,268.96732710846493
2018-07-09,276.47990677926407,274.0116724940462,270.9993426913623
2018-07-10,277.1952058750169,274.7561938133003,271.4700914773544
2018-07-11,277.39239236458326,274.96535551218386,272.1395893883481
2018-07-12,277.52833741289555,274.9457390034218,271.50352224212935
2018-07-13,277.87992839270254,274.95428358488505,271.56005570263807
2018-07-14,276.853884368179,273.5800003033781,269.8978530799503
2018-07-15,276.4539754072095,273.0437077969798,269.2514909536827
2018-07-16,277.4094918283558,274.53295591426007,270.4558735970579
2018-07-17,278.03783177219276,275.39231786290884,272.4847743009829
2018-07-18,278.32042386781427,275.80513542417356,272.8401992815219
2018-07-19,279.26039825384714,276.75119348190987,273.5528473151367
2018-07-20,279.4246882805025,277.0166620635178,274.4986996768198
2018-07-21,279.86953907688934,277.6119508860532,275.02687107280013
2018-07-22,279.42704631168033,277.3976947535477,275.29146345451545
2018-07-23,280.3023059217698,278.4860534187649,275.8281173968083
2018-07-24,280.8810946549589,278.43154926372785,276.07973245568
2018-07-25,279.93918748306345,277.53250401305075,275.2596457239616
2018-07-26,279.2610733652826,277.0427849835386,274.9365361581074
2018-07-27,277.85279581583814,276.09644518117074,274.35382600631664
2018-07-28,277.34269340970275,275.198925747138,273.0628845948223
2018-07-29,275.99257320041767,274.0762915605509,272.0636030697056
2018-07-30,275.32333152096066,272.7920456752572,269.7487208181334
2018-07-31,274.73645875090494,272.1539720026589,269.2591027353026
2018-08-01,275.2472727349689,272.8192079821754,269.32588071030773
2018-08-02,275.9766323409729,273.8449835456461,270.8790682559597
2018-08-03,275.69033884073923,272.8310998378212,269.8222509462076
2018-08-04,275.9303705807527,272.97399595794957,269.81020865898483
2018-08-05,276.8287897411536,274.3437974777892,271.3977041315512
2018-08-06,277.8637365866175,275.4692690673511,272.903359353678
2018-08-07,278.26781642366427,276.3110055838612,273.9271182992204
2018-08-08,278.6660706433846,276.8186186293081,274.8826189987233
2018-08-09,279.51629622912566,277.34765279572065,274.8644709449106
2018-08-10,279.108819036299,276.49176508869505,273.7670680832294
2018-08-11,277.9322236634783,275.6134854126383,273.1508948143963
2018-08-12,277.78025940381696,275.54060259338684,272.94314893874014
2018-08-13,278.61195039608407,276.1905500569977,273.54536482728616
2018-08-14,276.23910021429833,274.0350327227528,272.1468594590093
2018-08-15,275.5435145394331,273.13568221013566,270.8593505041184
2018-08-16,276.3526248927842,274.03862375602097,271.4927304482453
2018-08-17,278.06663666524867,275.8020215812295,273.16690463346555
2018-08-18,279.0210210085767,276.60967924078335,274.19914221466496
2018-08-19,276.64104622759237,274.3860369260915,272.2166195450638
2018-08-20,276.4376396698407,274.04390645603263,271.4885956784374
2018-08-21,276.806813444397,274.2195869980312,271.3740602685774
2018-08-22,277.18409187078277,275.0888359771627,272.4827286204718
2018-08-23,276.8366452595656,274.53503701715914,272.23851066984025
2018-08-24,275.7935590158821,272.96235119348034,269.8540822467255
2018-08-25,275.88379149598296,273.2202576264467,270.4006965052132
2018-08-26,275.44951385061046,273.4962639649903,271.3550455779064
2018-08-27,274.48424759249826,272.01832198811843,269.7044727667184
2018-08-28,273.8244285338571,270.887783271645,267.8056352009278
2018-08-29,274.0497330758223,271.1612732201595,268.08411069822165
2018-08-30,273.9490929172645,270.90757672985643,267.4847759598082
2018-08-31,274.3349518354441,271.5956698774932,268.374665430845
2018-09-01,274.8422830235925,272.15731592863636,269.0852252730527
2018-09-02,274.72905174358334,272.43525168461497,269.7441738821872
2018-09-03,274.9832282582389,272.9858160559384,270.8155062496015
2018-09-04,274.30115735159796,272.0614230591401,269.2800694152653
2018-09-05,274.6508517308715,272.30959189155845,269.47227621778416
2018-09-06,274.7570076161136,272.48011631912544,269.80487011577196
2018-09-07,275.1978618341958,273.1329585359121,270.79256474859176
2018-09-08,275.055143120375,272.446289386323,269.80224143509105
2018-09-09,275.21176296445077,272.3946648784641,269.5658662946329
2018-09-10,274.71117645599134,271.57584036189957,268.6929487029511
2018-09-11,273.0082681716156,269.37844344224885,265.4490819084896
2018-09-12,270.3220036143219,266.6463865806453,263.3184039908469
2018-09-13,270.3861813916863,267.2658964171936,263.94283752780507
2018-09-14,270.8430279539706,268.12051044160444,265.1374234548079
2018-09-15,270.0924253377419,268.0410313119566,265.2694920368301
2018-09-16,268.0764408832714,265.2251764830355,261.3452381591869
2018-09-17,265.9992547770667,261.99362171949963,257.1944209095559
2018-09-18,264.04315907633145,260.4428067334581,256.2604827389508
2018-09-19,264.532907584993,261.00571952115973,257.04703647148864
2018-09-20,265.9151338940134,262.523890224063,258.3638075278096
2018-09-21,267.8952377883691,265.1160637657108,261.26124710659167
2018-09-22,270.37702327803873,267.5372594017081,263.3081013882833
2018-09-23,271.0669938681899,268.467614227603,265.0700477460662
2018-09-24,269.72145032920037,266.4786201044245,261.9344901916954
2018-09-25,269.16183939060573,265.7446364475465,260.96667796700103
2018-09-26,268.93254445086615,265.03980841031984,259.71607199173036
2018-09-27,267.8960425683088,264.2017652293273,259.79098441896696
2018-09-28,267.74005334279053,264.500058442379,259.85476994594916
2018-09-29,269.0885412455912,265.7716706023627,261.14226837800277
2018-09-30,268.84176979928276,265.47933272696514,260.5767766606152
2018-10-01,267.4472592427415,263.769478913352,258.81610083523503
2018-10-02,267.7606850770215,263.6963242729218,258.3350045725629
2018-10-03,267.7143831448398,264.3407017666732,259.5063758750059
2018-10-04,267.6370466789281,264.2664374226579,259.70997826056345
2018-10-05,267.10367881305825,263.6036416447616,258.85255880246746
2018-10-06,265.50703719241886,262.20458663922534,257.34258821587736
2018-10-07,265.0635498196947,261.0351804503442,255.47696543122615
2018-10-08,265.2063371223901,261.6692739885446,255.5380767332642
2018-10-09,266.12113149949346,262.23189197353764,256.22574440742613
2018-10-10,263.47249485918735,259.99429172990347,255.01072545315495
2018-10-11,263.4708260891798,260.1630912956568,255.46119857978076
2018-10-12,262.40835440985256,259.17630640666624,254.17952325363902
2018-10-13,262.03332090507274,257.9490743235345,252.66173937742897
2018-10-14,262.9969201952724,258.8831489712277,253.37919025100913
2018-10-15,263.07010288351006,259.7956720640089,253.97704724536695
2018-10-16,264.0064675212736,261.68394038110665,257.9118711681398
2018-10-17,262.89226991806964,259.8605976642389,255.57689473260382
2018-10-18,261.0967678590872,257.4187062054752,252.81360278241402
2018-10-19,260.6131801399116,255.58849602792694,249.3714634448659
2018-10-20,257.8261432760953,252.9272405022794,246.8219101810338
2018-10-21,257.04906042181733,252.13264429490147,246.32889554670476
2018-10-22,256.0809962016905,250.82081627846543,245.06939703171608
2018-10-23,255.45280185645962,250.5566655746604,245.52082438694086
2018-10-24,255.8715656419032,251.02187753292077,245.21584179520238
2018-10-25,256.53552313390355,251.6744074474336,246.53452034797496
2018-10-26,257.2744233984638,252.16455000359093,246.8962648720225
2018-10-27,257.62009713399993,252.4566200324373,247.04570875304444
2018-10-28,258.97175530238894,253.50750594738446,247.32250734518686
2018-10-29,260.45552612868755,254.50109563125977,247.9936977642543
2018-10-30,260.6799839872949,255.44246402121442,249.75498960718144
2018-10-31,262.18107205858564,258.15716867475805,251.6370890964787
2018-11-01,264.2988976859744,261.6709360704339,256.79940374088676
2018-11-02,261.95058778776803,259.1865517031541,256.0560395602287
2018-11-03,259.4172924846987,257.3490214969931,253.88390170568331
2018-11-04,256.7254255761554,253.16666473235415,248.0621561337903
2018-11-05,253.67955485560967,248.99761365405166,242.53632823045788
2018-11-06,247.47219591130448,243.13489632926922,238.8704795478569
2018-11-07,248.37519519739513,243.53253295271082,238.73622136843866
2018-11-08,256.9435774380599,252.48042623420716,244.4713249953344
2018-11-09,258.8918526780495,255.6170264552252,251.38292027313454
2018-11-10,260.47658797756816,257.4155706427818,253.33123756785704
2018-11-11,260.49360928774405,257.7741541716291,254.27377354023693
2018-11-12,261.1582127506243,258.3096291284268,255.04028502315256
2018-11-13,259.68277600524397,257.0619515469346,253.2712436908221
2018-11-14,259.39954132060365,256.73445766793947,252.81674358710987
2018-11-15,255.92259938695622,252.11545022565656,246.20339685863195
2018-11-16,252.0335990814521,247.87739250001903,242.5197361532823
2018-11-17,247.77390068255207,244.54005268924908,241.3670823140691
2018-11-18,253.54944430619256,249.8633418543377,244.6400108851496
2018-11-19,256.7877277424588,253.27923017717723,249.57344590951053
2018-11-20,256.07466618850265,251.49395599257528,246.22611676536047
2018-11-21,253.3047350465455,249.70639420565988,245.17802766806412
2018-11-22,255.66303861114108,252.13356752201858,247.58329434838294
2018-11-23,254.71809741073506,250.33106102650066,245.67774150669044
2018-11-24,253.71055673399124,250.10251165157152,246.08211895474773
2018-11-25,257.67989573164743,253.0198496859312,247.52958061852942
2018-11-26,254.94902980644267,250.1851608478667,245.99479339411326
2018-11-27,256.19476003755824,252.45232865080115,246.86192560073025
2018-11-28,259.65872521880993,256.31464354692326,252.39151943042842
2018-11-29,256.7394768479987,252.2226056351255,246.06985709729275
2018-11-30,252.7013104281926,248.1565340744641,243.21989815367039
2018-12-01,251.15169219193263,247.21746148920866,243.17687793921402
2018-12-02,250.88234688039347,246.51809189703846,241.50472215081874
2018-12-03,248.1289540169578,244.17829801515668,240.43140972091916
2018-12-04,249.53673485549882,245.28311069174777,241.11303305608882
2018-12-05,253.3500800958193,249.41965194864477,243.36061958103988
2018-12-06,253.45079706948536,248.4553439087276,241.79023199836624
2018-12-07,250.34115339053514,246.4792119458345,242.2849561656763
2018-12-08,254.85405978530662,250.98430526123798,244.83004867794236
2018-12-09,255.91083428544198,252.9960862442481,249.48937080895212
2018-12-10,256.475435906851,253.66432999284686,250.35808172181925
2018-12-11,254.53685761851415,251.27950063902412,247.6533529121722
2018-12-12,252.73669343364907,249.77511532616714,244.93935334934037
2018-12-13,250.91307686995532,247.10760576451833,241.742470583721
2018-12-14,246.84280335263767,243.19181425477038,238.7467814237726
2018-12-15,243.83418816998002,239.70300211711415,235.49610079552545
2018-12-16,242.272109038928,238.1785135407369,234.77555015544672
2018-12-17,243.48030112034903,239.6376156486828,236.17242282103823
2018-12-18,247.58249006171118,242.7534348054157,238.29074067394126
2018-12-19,252.7134181678032,247.94840597947083,243.1369913054701
2018-12-20,250.19545608887933,246.14502363566655,242.17224593023514
2018-12-21,248.12659998312657,244.3973558043695,240.70570532643308
2018-12-22,247.53781353522433,243.43724196578887,239.63824356319765
2018-12-23,249.13644394852693,245.14022673617947,239.7537014872054
2018-12-24,250.3249977863203,246.23688802345657,241.9220621848072
2018-12-25,248.21191272705593,244.1189707527512,239.96782707818497
2018-12-26,248.33849912333943,244.5971611545923,239.65442553809592
2018-12-27,247.6514004783335,243.48987046692568,238.61932989547273
2018-12-28,245.42052767579787,240.84888862897614,236.71291094019008
2018-12-29,247.44064926927382,242.44421895794915,237.68895508910384
2018-12-30,254.58930671826354,249.9823358156033,243.92845714929575
2018-12-31,252.8665733031576,247.81561052894926,242.49808499249895
2019-01-01,253.42828341340027,250.04608908825358,243.5592439304433
2019-01-02,254.88065922135317,251.68307746042535,246.78214965701676
2019-01-03,249.54289108531015,246.02504089954294,241.97172479800614
2019-01-04,252.75318587185623,249.36429398711826,242.01952022336803
2019-01-05,255.27171500265374,252.05803738210642,248.19075632489373
2019-01-06,251.65663094751136,248.17010452464712,243.36764980188013
2019-01-07,247.36721029401116,244.66856023070935,241.2840825981414
2019-01-08,252.01313521499085,248.79228286418726,244.07785715608296
2019-01-09,248.90204142247407,245.33212730795123,241.07556737521006
2019-01-10,251.15999248912513,247.83323540802084,241.40506338026074
2019-01-11,253.68311193160937,251.22414684468438,248.36279340074017
2019-01-12,252.73682822366655,250.8000018390011,248.05627736656493
2019-01-13,250.30224849039107,246.36415252071404,239.34713207450923
2019-01-14,242.65127121836116,238.7747376512384,235.05757325834062
2019-01-15,249.315753476939,243.26263962514338,236.46776580265436
2019-01-16,255.90133205381932,252.3521131718343,246.6087649474208
2019-01-17,250.50713000837936,246.39116486544594,240.90487699920834
2019-01-18,249.05186814949303,245.98326714331853,241.48887967290565
2019-01-19,254.08081633992603,251.2624433378638,246.74619495414774
2019-01-20,256.3265847683146,254.33178041749406,251.283673290747
2019-01-21,257.1547530086054,255.70148396322796,253.83336193496964
2019-01-22,256.5118768080488,254.00790791489703,250.0860629590909
2019-01-23,251.83609859209224,249.2997726876928,246.12565963144445
2019-01-24,250.25515916888943,247.83000756417798,245.04937492724665
2019-01-25,249.74316257540278,247.06341889000393,243.26231943563747
2019-01-26,247.69463683089842,244.46419445018097,239.76523928243944
2019-01-27,243.67927306808463,240.6413294004078,237.2145083096843
2019-01-28,241.13618738669155,238.29155555734067,235.2574995118174
2019-01-29,243.56294497742553,240.02487580583667,235.71093683421387
2019-01-30,252.25398754395567,249.07175380715177,243.03071037587165
2019-01-31,255.18559743040126,252.0546117537365,248.39279939402016
2019-02-01,253.6551640950504,250.34302658136602,246.0551012827084
2019-02-02,251.91057406888956,248.89595312068502,245.51819842094432
2019-02-03,251.03979649743007,248.00882895943468,245.09956913905353
2019-02-04,254.24021325831046,251.46787038263614,246.16198405560732
2019-02-05,257.39970158416685,254.8878212615097,251.78332002319775
2019-02-06,256.4240933414501,254.6339883172825,252.4042296273587
2019-02-07,256.5840955698827,255.00917492558307,252.94843934281676
2019-02-08,254.18020459714543,250.3266534958974,244.67373444163803
2019-02-09,247.70686388666348,244.77838371846408,241.47931885412075
2019-02-10,250.2000320827125,247.3275526717009,243.59111597367152
2019-02-11,254.58794937885293,251.2828357181197,247.46853545556695
2019-02-12,256.51316948721023,254.021635349115,249.34872051660864
2019-02-13,259.65098335970345,257.3067247495766,254.61643799412028
2019-02-14,259.5834102332778,257.6987928453876,254.84129986676732
2019-02-15,256.75148056441634,253.94756916396068,249.76708827142778
2019-02-16,252.1416603056012,248.56318507639688,243.3580161160862
2019-02-17,253.65696808905835,250.5911018553273,244.09568271563728
2019-02-18,255.11943268089038,253.17548315231605,250.24890688384914
2019-02-19,254.1632045748612,252.01180162048487,249.58663667908593
2019-02-20,257.0178924271977,254.96964141151363,251.38318544544978
2019-02-21,258.90113981460314,256.51502177852075,253.22165644540857
2019-02-22,255.4826669578376,252.47380035688784,247.67539170542997
2019-02-23,251.97435372018953,249.42634399459072,245.91139120955086
2019-02-24,253.95959672230342,251.18361518118982,247.26413489962042
2019-02-25,252.57992557237225,249.98117718244404,246.4640882702431
2019-02-26,252.77582572913377,249.99033811606046,246.79295233542769
2019-02-27,251.65640917650117,248.32000228487613,243.5673981373789
2019-02-28,249.4864547516409,246.4123799168786,242.068832569565
2019-03-01,253.35172116778224,250.61212238005297,245.01823314052947
2019-03-02,258.0096046404635,255.9271849295626,251.97876173027592
2019-03-03,258.9355387453826,256.15508110298987,252.15447094145748
2019-03-04,256.6531108114608,253.31172048278927,247.97407726955274
2019-03-05,254.26547230184684,250.5431051599303,245.0968444132567
2019-03-06,252.62640198860356,249.02767546467842,244.1609986756742
2019-03-07,253.87350318360475,250.61264042998528,246.71712920958066
2019-03-08,254.11502439050463,250.66291410080143,246.21508620672424
2019-03-09,254.61115493669533,249.91199562028103,243.55335256140694
2019-03-10,253.05706476847902,248.83363991847085,242.89630316049838
2019-03-11,257.27314371235235,254.04006399602636,248.3318792292869
2019-03-12,255.77109651598457,251.18470252868136,244.79081935200898
2019-03-13,255.881071427341,252.56482196039116,244.378096026669
2019-03-14,258.3597608842888,255.53232049492706,251.51522210226972
2019-03-15,256.83460017630716,252.2930883648587,245.71777038341875
2019-03-16,254.30165638933067,250.25471520978186,244.8778994198827
2019-03-17,256.24121158712046,252.64564599567277,247.48185366482429
2019-03-18,258.02054424376763,254.17966393451098,249.10052297509858
2019-03-19,260.0437163120933,256.6786589369746,251.5677738413472
2019-03-20,259.7840284938874,256.8029123423636,252.08037338215092
2019-03-21,257.9085163976167,254.76511682707545,250.27348206393017
2019-03-22,257.1385339788338,253.005496943998,247.91433548148277
2019-03-23,258.21816702091996,255.20454227876508,248.62944693220516
2019-03-24,260.3234135801376,257.07057300802353,252.68870744413695
2019-03-25,259.39797933369863,254.65155034674365,247.67988223130763
2019-03-26,257.3931548568583,252.61244134573388,246.4457198501119
2019-03-27,260.5234872193154,256.1970415819567,249.1746376151769
2019-03-28,264.501617218371,259.96676520880646,253.90693738005268
2019-03-29,264.13947679892334,260.2508568599099,254.08305413668373
2019-03-30,263.10769721346253,259.67436440127636,255.1083309295593
2019-03-31,260.5152961111147,256.023364596895,250.1031686031685
2019-04-01,259.295376067037,253.9658906481565,248.1200682003231
2019-04-02,259.1084385704016,254.3963073974865,248.77465158052945
2019-04-03,261.3637664766801,256.4911789916622,251.03846115917761
2019-04-04,262.3285637234747,258.1970796423663,252.9582638230603
2019-04-05,264.07029504701217,259.86046083142526,254.23396533189333
2019-04-06,264.8601416854101,259.77730230279127,252.77549973564615
2019-04-07,261.9641224537786,257.98127993721346,252.6260302011929
2019-04-08,262.6736505434488,259.2921576944869,254.01620413504068
2019-04-09,264.27501312562754,259.8588556050095,253.41727532020562
2019-04-10,265.14394345545765,261.6274278326331,256.4659006997313
2019-04-11,266.2841153528128,263.36618639127676,258.01603032985975
2019-04-12,267.32603548807356,264.74612743005764,260.7601042416518
2019-04-13,267.98994131291215,265.3154755195184,261.1478039414211
2019-04-14,267.88704126425824,265.2223752616215,261.3341834088405
2019-04-15,267.32671127232487,264.7075744223731,260.3523963726005
2019-04-16,268.05309111651536,265.77394336214076,261.87789470009653
2019-04-17,267.95935408742196,266.1445720745051,263.6304959301
2019-04-18,266.80567204929855,264.5984597571486,259.79247263349185
2019-04-19,265.1596291190743,261.5360865192716,256.06736959625624
2019-04-20,264.45518485126047,260.4815138803283,254.92334698931256
2019-04-21,265.03223641650635,261.3590468009976,256.6351162822628
2019-04-22,266.28029898612016,261.6462731570747,256.09123399058507
2019-04-23,267.0866370571291,263.5723079111385,256.5889712578729
2019-04-24,268.75169843217657,266.3152849951429,262.2779848428988
2019-04-25,267.90241143699967,265.6426315182334,263.0889619780739
2019-04-26,266.76998382554206,263.9411450514267,260.20966148969484
2019-04-27,265.5240004185878,262.6070042865285,259.0943936074715
2019-04-28,265.20105553743804,261.7173995072249,256.7141858997113
2019-04-29,265.4706851289702,261.78354463472516,256.004983043984
2019-04-30,267.1234273411982,264.4963830270082,260.40791134418345
2019-05-01,265.42879372870317,262.71815968988574,259.37677131768197
2019-05-02,265.34964396477403,263.17751009707104,259.5018755098587
2019-05-03,264.7162790746252,261.734187821596,256.8777707623132
2019-05-04,263.01479544854135,258.7992954769214,253.60486430821717
2019-05-05,261.4434243867134,257.24216634300024,251.74878723863606
2019-05-06,260.193426779971,255.81588330579058,250.91061835876096
2019-05-07,260.9713241897747,256.35138608369886,250.39128683590602
2019-05-08,262.42713631810705,257.9846253629125,252.68863995123397
2019-05-09,263.08667194081124,258.488466426256,253.27492890563522
2019-05-10,265.5981971303243,261.7798280678614,254.77900639383776
2019-05-11,267.57538531078814,263.82436257050733,259.27418207474096
2019-05-12,267.4664068753574,263.27767106911847,257.6710122325943
2019-05-13,266.113283711227,262.8639305380607,257.3888771739944
2019-05-14,267.4271554979653,263.56577779629913,257.80817271932335
2019-05-15,266.4375477091386,262.7610129607933,257.2478444122684
2019-05-16,268.34086450113125,265.5673037505993,259.1180171411572
2019-05-17,269.4171772732963,267.3330986361466,264.2336446161964
2019-05-18,269.59663607961716,267.03820694034044,262.69944421441073
2019-05-19,268.2444714792506,265.85291108706167,261.4340816032823
2019-05-20,268.53903825234994,265.21127221296393,259.122095983112
2019-05-21,267.2439561405163,262.8560658129915,257.44666644676
2019-05-22,267.37468956289393,263.57142375692297,257.1385886797011
2019-05-23,269.4860480378414,266.85447086366577,261.4019783071414
2019-05-24,270.3679180279755,267.9718499232421,264.4605193349471
2019-05-25,268.35828800610915,265.900504158539,261.7182898964912
2019-05-26,267.38712578236914,264.72138236120327,260.9862661762396
2019-05-27,267.45661228006395,263.9541944843932,259.0622542016397
2019-05-28,266.0622652493614,261.661125574551,256.5167535076497
2019-05-29,265.7639275628551,261.5048869736081,256.03165169984186
2019-05-30,265.6697796742333,261.12070505139036,256.23847637438814
2019-05-31,265.7631560563811,261.41437852539656,256.2565201176791
2019-06-01,268.0334446145116,264.3289601506421,258.3402891310324
2019-06-02,269.4707394062686,266.22571914932433,261.0991210735619
2019-06-03,270.7053017630297,267.92374883343683,262.747304064911
2019-06-04,270.44563713766746,267.9150019009324,264.28608308739473
2019-06-05,269.5864087648764,266.83411949791065,263.3188327823836
2019-06-06,269.8475071292708,266.8066404218119,261.9127038481902
2019-06-07,269.67289824799735,266.4282702446936,261.7064861796607
2019-06-08,269.8947142697548,266.6918989585968,261.96027798159986
2019-06-09,269.8371711808738,266.09840466165565,261.12391136837346
2019-06-10,269.7381951045293,266.5295136826382,260.89451277389753
2019-06-11,271.1815409745276,269.21342640613506,265.5175347186948
2019-06-12,270.9362879463393,268.308971992836,264.3242143309637
2019-06-13,268.34251461962396,265.1711932656808,259.35926303564736
2019-06-14,268.0869228641437,264.38347426743223,258.8070363626187
2019-06-15,269.58317619974054,266.5707525231476,260.9855415479687
2019-06-16,270.13541843933865,266.05028042906827,260.1098886881792
2019-06-17,269.09071956605607,264.7081755325917,259.41484866500315
2019-06-18,269.1735108484951,265.45149298843563,260.79242157794255
2019-06-19,269.1914726187361,265.27939280817367,260.1058863867849
2019-06-20,269.5000735117423,265.9706262117445,260.94068945691174
2019-06-21,271.1012530405954,267.29260971893535,262.25732222718176
2019-06-22,270.5398095019459,267.1326486937496,261.9933439333247
2019-06-23,271.60630463495784,268.42062357465835,263.5137891557897
2019-06-24,273.20138903986947,270.76586319153813,266.1150823251515
2019-06-25,273.1015905448473,269.89234833472284,265.125093213778
2019-06-26,270.9744381886393,267.5725454031155,262.5265347054219
2019-06-27,270.60664840676947,266.8989642723496,262.52113423600485
2019-06-28,270.94319363278254,267.0880405004554,262.6015484114676
2019-06-29,270.3639629875647,266.91903767465976,262.07164778009485
2019-06-30,271.82283134312115,268.7608976824022,264.47658868684994
2019-07-01,272.96646652420526,269.0996036053385,264.21236177603856
2019-07-02,272.84441373130926,269.14535281836305,264.4391574883394
2019-07-03,273.8645175446188,270.06297044979317,265.0180996170841
2019-07-04,273.6802064808196,270.20701129567277,265.7184669887596
2019-07-05,273.62112483810125,270.997936521459,267.21711041754014
2019-07-06,273.8721178596471,271.136300081394,267.4051235074145
2019-07-07,274.9896261741776,271.86936978763936,267.9891812144585
2019-07-08,275.6900625861536,272.49747491210354,268.4425830869354
2019-07-09,275.76522447823424,272.19552905454674,267.5240593297329
2019-07-10,275.22327995938434,272.1211431381869,267.6876843432063
2019-07-11,275.2548515242494,272.56349291221017,269.3218473589325
2019-07-12,275.08267735384874,272.32246378822174,269.0110247521639
2019-07-13,274.9589720006688,271.8748951228546,268.2362944818749
2019-07-14,274.9223308825541,272.2287860928815,268.9695316544262
2019-07-15,274.5136071042624,271.83360155483643,268.63792070070855
2019-07-16,273.3933037157091,270.4011796771837,267.03357659815345
2019-07-17,273.38290092406714,270.30929150167253,266.8858460662948
2019-07-18,274.69568219456494,271.7688561423335,268.00719240815226
2019-07-19,275.43362058440266,272.8977767662743,269.6240916437826
2019-07-20,274.5450205875075,271.40522016924064,267.979004240985
2019-07-21,274.9517883438975,271.4040239248043,267.7042731232947
2019-07-22,274.71317991857444,271.47889417537823,267.8677289324644
2019-07-23,275.4900942917402,272.13749165550513,268.1626623042059
2019-07-24,276.8807604641855,273.26102502514175,269.1303606772276
2019-07-25,277.61074065053106,274.96824898664835,271.605390587155
2019-07-26,278.6474761639584,276.39643890570164,273.5099243889096
2019-07-27,279.3502970217052,277.371991010031,275.1208024748949
2019-07-28,279.6498881713461,277.64984218517725,275.5373224269974
2019-07-29,279.653789099044,277.30049028639985,274.6827385534554
2019-07-30,279.36608004670927,276.81757617768443,274.1645842980974
2019-07-31,278.41907414973053,276.38376115509544,274.14369252671145
2019-08-01,278.0583715322255,275.9030272004938,273.1557925895969
2019-08-02,277.6369111871847,274.9713966665889,272.00123989035137
2019-08-03,277.07094560207764,274.94711697520194,272.24152022100316
2019-08-04,276.8693519805781,274.4868522681753,271.96490691021967
2019-08-05,276.553621999225,274.2911266526911,271.80431204986473
2019-08-06,276.71049609811877,274.25007342133233,271.7584342065007
2019-08-07,276.3585891726261,273.98315456257825,271.81406525891737
2019-08-08,276.91974439476354,274.59271566471926,272.0357613500873
2019-08-09,278.66734437452897,276.30148024758,273.68837689589975
2019-08-10,279.2340459320178,277.56007975022277,275.4622939687012
2019-08-11,280.5917487492471,278.27385052121866,276.1176700258302
2019-08-12,279.4296363055046,276.68122042510834,273.80157326940724
2019-08-13,279.6443418730991,277.15152925339316,273.9968808163516
2019-08-14,280.62008732153487,278.27247705059864,275.9729922172301
2019-08-15,278.67831062287627,276.21185457832865,273.6681966356757
2019-08-16,277.088538437411,275.2162700605017,273.2392390808352
2019-08-17,276.7712314851745,275.02517440806315,273.1194367906423
2019-08-18,275.7105647966916,273.15127188776836,270.3275388826664
2019-08-19,273.82807801728603,271.4786297444911,268.7959311937124
2019-08-20,273.0378317042605,269.62848618713406,265.61985724662264
2019-08-21,271.5191138036648,268.31635780033264,264.6692187950702
2019-08-22,271.7297146168524,268.6194503141716,264.8551802248048
2019-08-23,274.0091158032014,271.28482421342784,266.8052880219541
2019-08-24,275.7086578217411,273.075760304266,269.34325869605965
2019-08-25,275.92838506096683,273.31158998960603,270.29004877376303
2019-08-26,276.5841136165516,274.15291135417993,271.02418465318584
2019-08-27,276.81744418209047,274.54447480188406,271.7308710755154
2019-08-28,277.25175437687193,275.2163029944318,272.69825117793977
2019-08-29,277.3950053385829,275.034499783698,272.4550056505448
2019-08-30,277.2328188396421,274.99814526358335,272.16686871478896
2019-08-31,277.8214155575627,275.4005311410514,272.84106581954615
2019-09-01,276.8422636607655,274.5930142675787,271.9004460668031
2019-09-02,276.5370769108909,274.6901373087233,272.2824005455373
2019-09-03,276.32897053727385,274.0898281125535,271.569943208816
2019-09-04,276.1011713116043,273.1910164641469,270.23805030821285
2019-09-05,275.0599371265168,272.0186470969961,269.02585934086767
2019-09-06,274.5265785902582,271.4933744047026,268.30814794769134
2019-09-07,274.4482768402059,272.1630332023015,269.19813726589103
2019-09-08,273.4790792485463,270.17473866653154,266.8903247250566
2019-09-09,271.9918949587741,268.6849061885584,265.4387567741693
2019-09-10,271.53449833832053,267.8521607482574,264.29294319934945
2019-09-11,271.0483638812881,267.78702552543143,264.5695584817764
2019-09-12,271.35374831504816,268.2084966498464,264.9198569301282
2019-09-13,271.79806585385137,269.1576596028259,266.2446441374827
2019-09-14,272.0280851685928,269.5490267987928,266.92104210551446
2019-09-15,271.12287435161636,268.14120936423876,265.2417856548958
2019-09-16,270.31062368356646,266.6273520076919,262.5246229510238
2019-09-17,268.27640866678513,264.2285446096442,260.27052433519174
2019-09-18,265.40341883034665,261.1326813625156,257.25778363500694
2019-09-19,265.9967097829979,261.60314011606806,257.2663669246427
2019-09-20,269.1948645886804,265.8025086860691,261.6489646600606
2019-09-21,270.02640650138346,267.3327357436713,264.47347337438356
2019-09-22,268.8901678107988,264.860950891259,261.225835215616
2019-09-23,266.60037223719786,262.568590036842,259.2302519220459
2019-09-24,266.7776964863491,263.20288671782373,259.48130071441534
2019-09-25,268.47725262398507,265.20151879091367,261.69817092687293
2019-09-26,270.39900085257005,266.81500877601457,262.89594213900614
2019-09-27,269.0080434928394,265.50794513576557,262.2752071231048
2019-09-28,267.8171945229993,264.75337305406924,261.74291995585963
2019-09-29,269.77964312442964,266.9785047491133,263.20503162713277
2019-09-30,270.5647329232502,267.8631155816671,264.94460712241374
2019-10-01,270.26351756850966,267.6365960181718,264.38533627144056
2019-10-02,268.49147967190095,265.66651729918146,261.90278611924435
2019-10-03,268.20467862086036,265.71534732586923,261.4824527884782
2019-10-04,268.7215440075246,266.54253150157325,263.4562704449335
2019-10-05,266.08405198132346,262.8209477597383,258.38056101275293
2019-10-06,267.04718317858453,263.88116959919336,257.98699709955133
2019-10-07,268.48388954651637,265.8568875878412,261.313520580493
2019-10-08,265.3834342229291,262.0036708755022,257.2431059902224
2019-10-09,264.0809497443497,259.90000083717365,255.64963543682035
2019-10-10,262.36957409192456,258.7247040775327,254.4054828004949
2019-10-11,262.03438303706884,258.8241349154255,254.42454598657832
2019-10-12,262.2717258587222,258.77667014525724,254.87334952541906
2019-10-13,261.1704025380583,257.8205982062844,253.93828879495115
2019-10-14,261.4013075036521,257.8192171915395,253.80218583787516
2019-10-15,260.8122244849593,257.3149522169338,253.86739640442588
2019-10-16,260.5367359638762,256.85940430435807,252.71419327527258
2019-10-17,263.5414958804289,260.290981411345,254.5864252164786
2019-10-18,265.5776120559142,262.74746113146443,259.0098812157987
2019-10-19,263.6071644839583,260.3518855820405,255.64350885947889
2019-10-20,261.6041669614895,257.97071598401874,254.18037765526324
2019-10-21,261.5868918935981,258.20017687196383,254.1734089470954
2019-10-22,262.4919411549884,259.84151901318927,254.78310674571287
2019-10-23,263.1447352927231,260.33594589235986,256.2424467320089
2019-10-24,261.7655326168191,258.44116775802803,253.23845414657686
2019-10-25,260.4492540201461,256.33997364116914,251.7159607650435
2019-10-26,259.316206356615,255.0994495721703,250.29970450289525
2019-10-27,260.0551136267013,256.5362380169422,250.5536067277294
2019-10-28,262.78770234989025,259.1269968161843,253.9673844178521
2019-10-29,263.72753424519533,259.72648766956127,255.42610506410077
2019-10-30,263.527779894316,259.5764680039567,255.2633657196375
2019-10-31,263.3046529246997,258.9326104833256,254.81495779296503
2019-11-01,262.96904229291897,259.76485397915934,254.28611744608008
2019-11-02,264.1877142476673,261.6251563054266,258.3184354216533
2019-11-03,263.332941768198,259.6766149174481,254.15244714635412
2019-11-04,260.10942373943374,255.53576041107308,250.7646957172799
2019-11-05,260.13523955610265,257.036378902735,251.40698852811997
2019-11-06,262.14529009789635,260.21342162526855,257.6236102417431
2019-11-07,261.74733071375067,259.97452390678137,257.62704992936
2019-11-08,260.25427341315026,256.0938046935301,248.44544913643603
2019-11-09,255.265754433167,250.17825194108755,244.28494008129024
2019-11-10,251.57514757069228,247.81285490092728,243.60385159275626
2019-11-11,252.62204598368484,248.71548544454947,243.19422923157722
2019-11-12,258.4009144166581,254.4386164948463,247.3216163958672
2019-11-13,260.83880244698804,258.1020093236781,253.38352565562639
2019-11-14,263.3337460357719,261.613228250135,258.8727071545946
2019-11-15,263.3596873754037,261.35811940318354,259.0036908303841
2019-11-16,262.86067228210624,260.12688133115296,255.6981224735281
2019-11-17,259.245087334279,254.98237389837183,248.31572021877452
2019-11-18,253.36434459653836,249.08210387823803,244.28110334628767
2019-11-19,251.19281435214165,248.1967621002492,245.0441180103564
2019-11-20,256.8428186035321,253.6937384866095,248.86888796611288
2019-11-21,261.12259149296915,259.2559704649901,255.16615697900428
2019-11-22,263.55513821036436,262.10278407795715,259.47535854396426
2019-11-23,261.6398546557751,257.8989508559443,252.09960048794312
2019-11-24,256.23330817716436,253.49140018674794,249.9250730564142
2019-11-25,254.9006869954908,252.92521199258414,250.4068128248287
2019-11-26,256.6525469534794,254.52695167515608,251.67176421225759
2019-11-27,257.65469834431667,255.7220894377431,253.2169044920832
2019-11-28,256.7070623420862,253.58450173431208,248.91978245662398
2019-11-29,253.15363807802478,249.78283032192417,244.73385386468075
2019-11-30,248.25749810761474,245.37310672253093,241.78988207328013
2019-12-01,246.34397701695866,243.71856592616857,240.81240473935324
2019-12-02,246.09573006898862,243.0198829695378,239.63089727426717
2019-12-03,243.39276709705337,239.86434803634344,236.54252744894535
2019-12-04,242.54429084588108,239.28713994794404,236.35955462860798
2019-12-05,242.8258229511485,239.8062804462504,237.1375550764594
2019-12-06,243.39492534988304,240.24729594397758,237.8725720560826
2019-12-07,243.12227713817805,239.7167520158836,237.10868513567527
2019-12-08,242.18333305273578,238.52457165999004,236.02737424235247
2019-12-09,246.83241801169018,241.89671121996395,236.37541368440066
2019-12-10,253.94062988084556,249.7885725004132,242.91964489929077
2019-12-11,255.4521641656475,252.47724224774092,249.49139087106863
2019-12-12,255.46197033350956,253.53862456433404,250.41510837343824
2019-12-13,256.44153396453,254.34796497625396,251.77907035653433
2019-12-14,254.60607849385906,251.59101723366746,247.0076128639447
2019-12-15,250.43792836071168,247.18022032928414,243.0137908858556
2019-12-16,246.30285831966322,243.2255205619161,239.4646003651604
2019-12-17,242.63739608503212,239.93909619438142,237.28653511617333
2019-12-18,250.671109356351,245.284783638427,238.25201826441972
2019-12-19,255.74703758666314,252.57465239820775,248.3588034534139
2019-12-20,253.7815397003391,250.60921184796223,246.9511829039625
2019-12-21,252.12864746998116,248.6274410089529,244.08899768614984
2019-12-22,249.85157276437997,246.44827941373188,242.35789268608193
2019-12-23,246.89758424833198,244.28411174234972,241.42971076521152
2019-12-24,247.56724884608687,244.2739079513753,239.9675684813232
2019-12-25,245.2445591251264,242.25132168187002,238.84445843170488
2019-12-26,242.93951095791775,239.3684197433031,235.31228256167316
2019-12-27,240.77538025231206,237.26148384504515,234.13716859593282
2019-12-28,241.72605799289818,238.08451363833558,235.21386418157607
2019-12-29,243.3268495487146,239.64304746178215,236.42457314658063
2019-12-30,246.17499135441543,241.92979161081774,238.00785673220267
2019-12-31,251.0334340881401,247.96999571006248,243.32470114684574
2020-01-01,251.28310366911327,248.21169050665628,244.2451504551757
2020-01-02,250.95592020045072,247.92019030130416,244.41042702499118
2020-01-03,251.91461123911623,249.1638459553742,245.3586573601121
2020-01-04,251.7399671122828,248.6201348823881,244.164194000073
2020-01-05,249.83792107964604,247.281009961922,243.35283119380338
2020-01-06,255.29519694598272,253.15658508944648,248.38015569590075
2020-01-07,255.7156336557346,253.31551090446342,249.92002379109897
2020-01-08,252.0098476357563,249.1005678122727,244.43058953689084
2020-01-09,245.9467275044726,242.72621919470228,238.29053745583772
2020-01-10,242.3795245920452,239.61869076731253,236.86498039108267
2020-01-11,250.70327230107745,244.56802881721148,237.6929279015608
2020-01-12,257.47797276634043,255.16849675001498,250.74682813724004
2020-01-13,259.51474410859527,256.9074775452463,251.73666052003134
2020-01-14,253.6366215126348,250.7656881329827,247.20644423233304
2020-01-15,250.82924795895826,248.5356053107148,245.79813257563063
2020-01-16,249.0846195652992,246.12332754995285,242.31232993923456
2020-01-17,246.2467397563682,244.17232738148965,241.70489047824003
2020-01-18,246.38046333039026,243.48405359732394,239.5216581379256
2020-01-19,243.93452352595048,241.62229764680043,238.9349136004795
2020-01-20,248.50715686296974,245.74237543094662,241.84458459519038
2020-01-21,252.09038277180065,249.45644700862388,246.0410472667075
2020-01-22,250.81634009942044,248.14368864104003,243.7233236211767
2020-01-23,245.9951199406805,242.85578712319654,239.13784035148444
2020-01-24,250.09911188161982,245.83640050347407,239.4009019615004
2020-01-25,254.13325994560756,251.34239634798462,247.93130921710593
2020-01-26,253.11194063106234,249.96386192715875,245.57351717671617
2020-01-27,250.53587961139806,247.61495197969967,244.03135636678888
2020-01-28,252.91698320784948,250.6275777580639,246.25075713049964
2020-01-29,254.30575444911287,251.07798137179094,245.31464649917214
2020-01-30,249.48073679259994,245.55948755557606,240.9913538409322
2020-01-31,247.46453457630804,244.52113472388174,240.8120397208531
2020-02-01,247.0089515832314,243.99789606858755,240.55477040902227
2020-02-02,244.11529424929785,240.91013343409327,238.191491218898
2020-02-03,244.6724511874625,241.03383693730225,237.72534327562627
2020-02-04,249.186770331531,245.68304595588748,239.72226388657333
2020-02-05,249.47406651506216,246.23021579221736,242.83890018404955
2020-02-06,250.70114800403977,247.04144047106925,242.28121794359558
2020-02-07,248.92712891739566,244.67959788506235,239.27323832089678
2020-02-08,246.8456856505838,241.26656064497823,236.16281274075507
2020-02-09,246.26123900498172,240.69108271126714,236.15520199732538
2020-02-10,248.77273291086823,243.4580384916399,237.8850502612314
2020-02-11,256.0770112414804,252.41640317608986,244.46152860414844
2020-02-12,260.91089123140995,258.5744515423654,254.67831873444834
2020-02-13,261.90989410270606,259.6449456282004,256.67028766593967
2020-02-14,257.68499529142565,252.49306114498697,244.8111658375681
2020-02-15,252.08936805774135,248.21595285905877,243.64445995892203
2020-02-16,252.1210771346392,248.28102775392975,243.22989958046878
2020-02-17,248.9198956555188,245.43960809023045,241.95570370978734
2020-02-18,252.16849706885128,248.34783860359636,242.73755876777014
2020-02-19,256.18605752898515,253.56431691368374,249.2498851020919
2020-02-20,255.07329113967714,250.91848764496487,245.86261059620955
2020-02-21,251.21193788522731,247.2001074487276,242.40578141104865
2020-02-22,249.76147131345294,245.69515241681506,241.51664332426498
2020-02-23,251.02156470565265,246.96084654434887,242.59234500953286
2020-02-24,251.07223240529373,246.89721666396198,242.82748049884884
2020-02-25,251.72163259377146,247.45630008759804,243.20249126401598
2020-02-26,251.7481145241428,246.67826794976523,241.7591991253037
2020-02-27,257.45258331956717,252.74416073367766,244.11906258053799
2020-02-28,260.1538275677442,256.063596442743,250.9523578233893
2020-02-29,259.4470630880957,255.98178772207947,250.69854021001188
2020-03-01,259.514105428766,254.28225954522108,248.2405191881478
2020-03-02,256.6815337723867,252.32046160610807,246.69156724709285
2020-03-03,256.1684124202899,251.64450154209212,246.3836663866269
2020-03-04,256.57137287245695,252.14276129469718,247.012283993199
2020-03-05,257.5754382831314,254.56031465146552,249.5367453106673
2020-03-06,259.7651833013911,257.4174196056602,252.83458436349872
2020-03-07,260.08983428114175,257.24538878418144,254.2275365248445
2020-03-08,257.78206281222657,255.26740481694608,252.032794794367
2020-03-09,257.4010446931289,254.46639397980698,250.7466117331184
2020-03-10,257.14425384587184,253.59257265367214,249.4396978693811
2020-03-11,257.09200759201025,253.62319293765015,248.5944969960061
2020-03-12,259.04731956652563,256.2109953753519,252.52252131585504
2020-03-13,258.75505224262935,256.0514909974058,252.4160096998821
2020-03-14,258.49376839262914,254.51265604136384,248.82624139698964
2020-03-15,256.67572825822094,251.53117742994053,245.68934452393742
2020-03-16,254.4498144854013,249.30346232961196,243.39848839731658
2020-03-17,255.61434978948017,250.86060275693933,244.28150936689536
2020-03-18,257.09628065038817,252.55077269561355,247.27809759548
2020-03-19,257.1845733633479,252.97496943749027,248.2468908794923
2020-03-20,257.4274728582289,253.1577844266229,247.85697040298538
2020-03-21,260.087236816456,256.44160657774046,249.7766903149128
2020-03-22,261.08813192612934,255.87966018811738,249.07106447274575
2020-03-23,259.5380778055144,255.6950182584012,248.61491364129577
2020-03-24,263.6031870037073,259.8301780765514,254.55754715070086
2020-03-25,262.19137231574854,259.0695684283545,254.68419439853264
2020-03-26,261.60016046714827,258.79481249381297,254.90676334603808
2020-03-27,264.2884888176362,262.022678063654,257.83337876649426
2020-03-28,263.0096241587028,259.7835557155135,254.8033838571764
2020-03-29,259.3435390492693,256.178431265649,251.85037184761347
2020-03-30,260.5388531588472,257.5572409873753,251.4687345116632
2020-03-31,263.51293334789506,260.8948703539863,255.95428174813486
2020-04-01,262.6724452551267,260.0029786262087,256.358001743157
2020-04-02,260.4871216084971,257.1471675096932,250.63451069353133
2020-04-03,257.7816746034013,253.80637308325853,248.20755283366225
2020-04-04,257.27812633457165,252.65693742654997,247.8447607272764
2020-04-05,257.55881859042944,253.26602752276668,247.90337609313593
2020-04-06,260.09958846571527,256.2459111657247,250.62369490485347
2020-04-07,261.0237243998282,256.9458448647063,251.24426359267588
2020-04-08,260.6044390971125,255.91403313688014,249.59144840915383
2020-04-09,261.1999132861414,257.8910368175719,250.18329141405295
2020-04-10,262.7931858353213,258.6841330308659,251.6132024795268
2020-04-11,262.1958284003475,257.43188354181547,250.92511282882887
2020-04-12,263.6480719490963,258.93756414916794,253.19504994357288
2020-04-13,265.09984987173516,261.4915039520622,255.32832210471562
2020-04-14,267.29821979075723,264.5028357552418,258.8293757004427
2020-04-15,267.3198563344771,264.43811575589416,259.72664420203597
2020-04-16,264.2047358583683,262.0809562082282,258.7677607720878
2020-04-17,266.51181599710173,264.52107290498844,260.9850232241006
2020-04-18,266.2727186885771,263.89289797827644,260.02610531031763
2020-04-19,263.86531575606034,261.39365019180724,257.31336198872566
2020-04-20,263.4006274535973,260.1291689461595,255.240762454943
2020-04-21,263.5535900081588,259.89597512977576,253.8665282844178
2020-04-22,262.9583844856361,258.37660460345535,252.78862790842004
2020-04-23,262.2345009478103,256.83141811249726,250.99579998735194
2020-04-24,261.9424574116801,256.80108339129896,250.63173627548636
2020-04-25,262.5087419573805,257.90336383612856,251.72414797443048
2020-04-26,264.5315753975883,260.58415546324716,254.75554939236525
2020-04-27,266.24116057100713,262.1691175803993,256.5124774547771
2020-04-28,266.3108542468594,261.7231443130936,255.89304397550742
2020-04-29,266.1068788742359,262.0712926033515,256.15025546716487
2020-04-30,266.7426969079392,262.28221397115834,256.5494998642731
2020-05-01,267.33438818569533,264.03803145847576,256.638084887859
2020-05-02,268.87426285198524,266.7818496431249,263.7088610411981
2020-05-03,269.1196528248416,267.0978602297533,264.20199731723307
2020-05-04,267.8545343399018,264.76357913233784,259.41779591409943
2020-05-05,266.1501358417262,263.54161708857197,259.0258516096693
2020-05-06,265.12561430680404,262.77865847087065,259.4647697098016
2020-05-07,265.2248257366785,261.7294065419234,256.43966757499715
2020-05-08,265.40523455113276,261.59848061061894,255.72411920101604
2020-05-09,266.6975156646154,263.6390584531638,258.83761724069984
2020-05-10,267.91029937087455,263.80890464734426,257.52070753483326
2020-05-11,266.1886597597351,262.43080332079177,257.11100314635655
2020-05-12,267.06354049023474,263.592956029246,258.81863335798107
2020-05-13,268.05802467614484,265.0989671529497,260.358731441137
2020-05-14,269.72558593054504,267.3226275289501,261.86251167904135
2020-05-15,269.06434193703404,266.2504843578161,261.39289088089026
2020-05-16,267.2036730631424,263.79420688678636,259.72460465119093
2020-05-17,266.74432993584827,263.5019730066178,259.545544934012
2020-05-18,266.76057524705595,263.51156765890886,258.73123339267687
2020-05-19,265.8549491212138,261.976826491826,256.92595065268614
2020-05-20,265.1494531618737,261.46315259887075,256.2509808982281
2020-05-21,266.1762920999617,261.98329956378967,256.92273736549055
2020-05-22,267.206397841533,263.75167513739774,257.90350058384877
2020-05-23,269.8455510505276,267.3054729618525,263.0481413068614
2020-05-24,270.93844161686343,268.1279098784634,264.08025360750247
2020-05-25,269.68754640963436,266.8218312846872,263.1808608797735
2020-05-26,268.61044059712765,265.47288715064394,261.88361583137566
2020-05-27,268.5578283707857,264.96593635264145,261.08260716723873
2020-05-28,270.086334082539,266.52210669155704,262.053650678392
2020-05-29,270.7558380171839,268.1204331652306,264.10668575303225
2020-05-30,271.1380180324712,269.2571148109499,265.5275303258633
2020-05-31,272.07217960279934,270.0849285558279,267.56322758836757
2020-06-01,271.67181627513185,269.5478125057979,266.35597358288925
2020-06-02,271.3195631650591,269.11859177835635,265.9580534912736
2020-06-03,272.05528299592896,269.6251166289134,266.1590140275376
2020-06-04,271.85146244374056,269.6349369396373,266.18110869898754
2020-06-05,272.2630774784257,269.756457384647,266.6699550202328
2020-06-06,272.4317704912099,269.5080394088453,265.85816749950965
2020-06-07,271.9932760533936,268.4483669570489,263.782592230696
2020-06-08,271.4043687139694,268.2782801058266,263.2319357727605
2020-06-09,272.554311840956,269.6442570300088,265.1272514705553
2020-06-10,272.5606749011822,270.0390879391879,266.0417323744792
2020-06-11,272.0014352624073,269.7324599512965,266.4456393125805
2020-06-12,272.07906402529863,269.5304672913528,266.32145318273376
2020-06-13,273.1329733142367,270.4728732545638,266.56350491877424
2020-06-14,271.63064630574695,268.60455774538525,264.0477415547533
2020-06-15,271.25147920427315,267.7644943922795,263.15770683232745
2020-06-16,271.1339662073245,267.65916088718575,263.58063673184415
2020-06-17,271.0166118191358,267.8053660343334,263.5136129244187
2020-06-18,272.0923053820799,268.7649678035991,264.3995367497264
2020-06-19,272.5200948477194,269.6679865253229,265.29293842892463
2020-06-20,272.9615669952175,269.5296817934051,264.3564024369065
2020-06-21,271.2827568341227,267.60111515187856,263.2641714049105
2020-06-22,270.5348520842884,267.01497147102555,263.1063475075067
2020-06-23,271.70196448842677,268.2493666009565,263.6495961553801
2020-06-24,275.9217124653966,272.9854834695917,267.37997816675494
2020-06-25,274.61629069184005,271.8885277033886,268.29506890498845
2020-06-26,273.73094406335076,271.29825258884,267.77862253513945
2020-06-27,273.9881778881946,271.6102512681589,268.5508935247266
2020-06-28,274.8361691378733,271.5033273874791,267.3403034708041
2020-06-29,272.11918779842716,269.14694108028135,265.42462221541103
2020-06-30,273.5929451287828,270.4903659669554,266.05696768716575
2020-07-01,274.78882098011246,271.8498771450134,267.8226247184947
2020-07-02,274.19092769324567,270.75567969060296,266.9995834698629
2020-07-03,273.4254344276033,270.2186713123146,266.7497999971421
2020-07-04,274.453034411734,271.81940263495665,267.61161041797357
2020-07-05,275.5584483236868,272.9883872371166,269.9615540916788
2020-07-06,273.5059671553525,270.3658949738606,266.3597135247724
2020-07-07,274.1809585130763,271.22632466426535,266.8811942527999
2020-07-08,275.77779783737594,273.3663397312188,270.20966291919865
2020-07-09,276.97121053129587,274.1705398120321,270.5323695394279
2020-07-10,275.18013486617195,272.2742028016365,269.42033535372514
2020-07-11,274.546809972948,272.15793519772876,269.1888279642324
2020-07-12,276.38888332850985,273.7478329973966,270.743721141007
2020-07-13,275.6172963877153,272.7947089780674,269.18585696240876
2020-07-14,275.5584095224695,272.4420432074854,268.3635599472036
2020-07-15,275.40827094188626,272.6288435123595,269.2745219244312
2020-07-16,277.3770359178572,274.6551673304089,271.0357357071818
2020-07-17,278.03998004669364,275.5039116863299,272.53109475430415
2020-07-18,278.46623738635594,276.07925953905806,273.31631873731897
2020-07-19,277.41185858820796,274.62560196142647,271.83773021004646
2020-07-20,275.58877624525087,273.6251265332484,271.4743877921843
2020-07-21,275.6085374726826,273.8125792591449,271.7105426136549
2020-07-22,274.23147650537516,271.2689875021165,267.1130842077649
2020-07-23,272.3919126855418,268.7023820450931,264.9578995997812
2020-07-24,273.0866544648539,269.7811082019343,265.28133092839363
2020-07-25,275.47672245506845,272.91719439236056,268.8163238135692
2020-07-26,277.5470066421778,275.1175354866852,272.0512488270395
2020-07-27,277.811829868387,275.03240555752444,271.70330193753244
2020-07-28,276.4828390227276,273.69052796559276,270.2906707779311
2020-07-29,275.54219585691686,272.33552300709493,269.23818341643505
2020-07-30,275.0594293239823,272.13158961070536,268.8992140108076
2020-07-31,276.44813710186946,273.6973326711228,270.5507296456568
2020-08-01,277.550375086874,275.0974485047812,271.9426724334787
2020-08-02,276.64692191111277,273.64606314646727,269.8900722194396
2020-08-03,275.1520770783699,271.8352459374606,268.0287504767357
2020-08-04,276.5267298742085,273.79626664141193,270.1725307195862
2020-08-05,276.9846127273893,274.4943847410758,271.3206276025319
2020-08-06,277.3246951968033,274.8839834368229,272.1812186695915
2020-08-07,277.811777658897,275.3063990058088,272.60304976723694
2020-08-08,278.78819040490083,276.5319447560746,273.68245770851894
2020-08-09,280.3207759479641,278.0425805167167,275.4077454484703
2020-08-10,278.9076828226087,276.8647800854097,274.8989709166808
2020-08-11,277.59744135004286,275.02041655237997,272.25534371844793
2020-08-12,276.8307412376285,274.2043279115677,271.296415245963
2020-08-13,276.4934264818975,273.8879974436799,270.874853973803
2020-08-14,277.0614859307117,274.7733464257346,271.97613662965057
2020-08-15,276.7455968672929,273.8129506800267,270.51702506098275
2020-08-16,275.9312609021811,271.75626672559446,268.02902888033196
2020-08-17,275.80930870839853,271.9936938177382,267.83479672388324
2020-08-18,276.99289236488215,274.2639818755636,270.3611202748915
2020-08-19,277.32014408298505,274.8831202030324,272.2870062674787
2020-08-20,277.12858439408393,275.47994860860064,273.3056719247502
2020-08-21,277.46422922007673,275.31849777297697,273.14500214551765
2020-08-22,275.29847399794386,272.1451677623159,269.2184313656454
2020-08-23,273.43903163646866,270.4135994075944,267.6019790560767
2020-08-24,274.6316724406836,271.11963172277586,267.8739405624627
2020-08-25,276.57914426542504,273.78018201831776,270.4158151398513
2020-08-26,278.55791429561816,276.66358353255254,273.80903322019986
2020-08-27,277.62399067019726,276.15392410059883,274.43893995696834
2020-08-28,277.0582422504486,275.0034939053295,272.5974060850092
2020-08-29,275.46187722623455,273.4199962418285,270.8000184249822
2020-08-30,275.60167438499195,273.3738998894884,270.7319140724651
2020-08-31,276.423139101648,274.3156621505915,271.0759874076212
2020-09-01,276.6425748238149,273.96899503003095,270.9251894733736
2020-09-02,276.85707943972227,274.7071897333471,271.72567703234193
2020-09-03,277.18331976976293,275.34360406005914,273.2602639533378
2020-09-04,276.76648960461375,275.07555696018545,273.0354042387997
2020-09-05,276.33010480526815,274.02407240298857,271.36724159504377
2020-09-06,275.7395005983204,273.0562366646063,270.1491765925152
2020-09-07,274.19168987868017,270.53563793268967,265.85242086660236
2020-09-08,272.55440090329057,268.89589211791844,263.98956341748936
2020-09-09,272.6184963421186,268.6830373117027,264.1599768428193
2020-09-10,271.510108687793,268.2573748616572,264.0765707347445
2020-09-11,272.4443966214926,269.4584937056111,264.6798120965017
2020-09-12,272.9488720643318,269.53941966175444,265.40992210796696
2020-09-13,272.2560130282983,269.33047530887666,265.1599908924419
2020-09-14,273.077599290232,270.35767540421733,266.8754610303458
2020-09-15,272.77864344299513,269.40433612248023,265.28076729977215
2020-09-16,271.70399288478364,268.65992228087015,265.0489843349009
2020-09-17,272.0455067244832,269.0656842051953,265.3513412454157
2020-09-18,271.2842666495827,267.6501610482302,263.7905110096282
2020-09-19,269.0235304717489,265.7069475035865,261.9419326823581
2020-09-20,268.10141738492575,263.18898775046097,258.3739017303808
2020-09-21,265.1311093463076,261.3514585819565,257.307295737296
2020-09-22,266.7443154114163,263.3049650204618,258.87959032950687
2020-09-23,268.5786022952948,265.22240588516314,261.1822268307542
2020-09-24,268.3987292430724,264.59379751418044,260.43933954400194
2020-09-25,268.18796297807927,265.1275905745785,260.7016043509149
2020-09-26,269.16686641453833,266.22403961840706,262.6200568864749
2020-09-27,268.5834555818277,265.70466275592224,262.3106303880038
2020-09-28,266.8145944269746,263.8124590840041,259.88675135339366
2020-09-29,266.2331032237322,262.7060840446111,258.4478609453661
2020-09-30,265.2684758408994,262.0003838072261,258.0651027364614
2020-10-01,265.3007736941388,262.08938847683777,257.8779425330315
2020-10-02,264.97007484233194,261.71684615537674,257.3842156037858
2020-10-03,264.83665222772316,261.3533281697708,257.2630952987045
2020-10-04,264.5526226236913,260.9991330787416,256.20501437455766
2020-10-05,264.1656422247406,260.6717482115677,256.770126040933
2020-10-06,264.0754671095908,260.30774163654,256.0467091560535
2020-10-07,264.8795893779328,261.5294391738238,257.0960302014514
2020-10-08,265.48956912948825,262.3527148938727,258.3254923226491
2020-10-09,265.5949116225068,262.4679450640934,258.4210347712685
2020-10-10,265.47376689022826,262.048949190271,258.36669323179007
2020-10-11,264.78938352028126,260.9969450258549,256.99752360078253
2020-10-12,264.1549487369378,261.14170293064427,257.61391845566425
2020-10-13,265.3549723489822,262.4386513145241,258.4898521614428
2020-10-14,264.97759052785875,262.0430508474911,258.54861510852857
2020-10-15,264.1530614377071,260.74759143872177,256.6273955168007
2020-10-16,262.8549400790077,258.93549182829827,254.94203093832633
2020-10-17,262.5792179028065,258.6858876934786,253.8948312884782
2020-10-18,262.7183530726508,258.896278439825,254.25829092893522
2020-10-19,262.10046181306336,258.25460515193794,254.19733914629103
2020-10-20,261.35938027451994,257.87483254618763,253.6587474824105
2020-10-21,263.3058606535344,259.90842776340367,255.01732977928498
2020-10-22,262.43548548713864,258.59468636345196,254.67858972191976
2020-10-23,262.7389083442906,259.42860231683886,254.65701338332283
2020-10-24,261.54503826440356,258.52484827574847,255.07682680421416
2020-10-25,261.8535946501335,259.0686364542578,255.0682660242303
2020-10-26,260.0452419117529,255.79415556260477,251.4321473100971
2020-10-27,256.2746286368575,253.18831187387354,249.86601772535684
2020-10-28,258.82163004346205,255.3242641564883,250.70921258007277
2020-10-29,260.60519172549397,257.4070788153289,252.47142671297573
2020-10-30,257.47757909059027,253.41623537892525,247.75491729118409
2020-10-31,255.6856256074282,251.79164778686948,247.51458759550067
2020-11-01,256.85003430227147,253.03297067487185,248.05543888789956
2020-11-02,256.05136382039785,252.51745227266204,248.64598335547348
2020-11-03,255.99611945095043,252.76857919967821,249.25296120345607
2020-11-04,255.79715192161166,252.376758321838,248.56143561102346
2020-11-05,254.6971824306036,251.09187949111973,247.3401348107077
2020-11-06,253.65259785226252,249.7705109561738,246.03799688249623
2020-11-07,251.91286273555806,247.15606699428622,243.03739867064206
2020-11-08,252.0571002166693,247.63690422487355,242.7452067989291
2020-11-09,254.3051786907077,250.23068966282818,244.7472457300032
2020-11-10,257.6298775713255,254.36774704491577,249.78068384229454
2020-11-11,259.17663745018547,255.39827686779543,251.83734422241244
2020-11-12,258.44016075595727,254.86872822611235,251.23689584186977
2020-11-13,260.12657787952503,257.1432449648421,252.61862389052155
2020-11-14,263.2231954187546,261.4947617389225,259.01698744302934
2020-11-15,262.21642940053556,260.4331690727145,257.84076239003343
2020-11-16,259.4003702561635,255.2732485414179,247.79151936545145
2020-11-17,252.72692442306598,248.77108185317306,243.53769306824893
2020-11-18,252.22365960269235,248.63979283722765,243.1038038716252
2020-11-19,256.03023169938126,253.43119624932828,249.85168363020477
2020-11-20,253.39965416754524,249.6929607338472,244.4859659008077
2020-11-21,250.34129820087432,246.5302512244251,241.90142459151042
2020-11-22,253.36174634554135,249.77315486887062,242.48605118662113
2020-11-23,258.35708469984405,256.3347311507317,252.54892071829244
2020-11-24,258.3697596894474,256.4944976142304,254.01464588890477
2020-11-25,259.03829420196683,256.9992467145264,254.0579185660462
2020-11-26,256.13933562672287,251.27746716621044,243.48422323627776
2020-11-27,249.0143888343651,245.60416685822906,241.89406187797013
2020-11-28,250.15557464901693,247.21126180297358,243.77030073422952
2020-11-29,253.94669161019436,250.62994983738244,245.4537161846368
2020-11-30,254.22593019201557,250.77032152482764,246.99600944549678
2020-12-01,256.83264921336286,253.09737439221502,248.58626514110995
2020-12-02,254.2420017461997,249.36375032793964,243.77983412060735
2020-12-03,251.46670263705465,247.73880163476525,243.64958778535058
2020-12-04,255.848279908896,252.92143786151908,246.84769660624636
2020-12-05,258.06933894458865,255.46631001153966,252.45909915576567
2020-12-06,257.7690088546878,254.76214239294308,250.77718745359562
2020-12-07,259.04773854435615,256.88849783169974,252.16811608938522
2020-12-08,261.62801406696514,259.741703952928,257.383032698575
2020-12-09,259.81262204982386,257.4744847223703,253.85268857506895
2020-12-10,255.90451762188016,252.69720274815273,248.09078599873956
2020-12-11,255.33537459727674,253.13807127335653,249.32487689494857
2020-12-12,256.5269229543974,253.5177664008449,248.7376863021129
2020-12-13,250.75738173306064,248.16440253168068,244.81780554320494
2020-12-14,248.02154200946012,245.85851613675803,243.60108585278434
2020-12-15,248.39968934303073,245.88984996156836,242.60859886802461
2020-12-16,248.02026683839915,244.72210134077,240.2898393078738
2020-12-17,243.12506711485997,240.28088080528838,236.76431291492906
2020-12-18,240.028489359361,236.99151236234593,233.64396164126083
2020-12-19,239.06150177051285,235.87551036883318,232.67433332799985
2020-12-20,247.78528563422003,243.2352170566537,236.77363619733856
2020-12-21,253.6580792315019,250.6494500272886,246.0274763510444
2020-12-22,251.74310691863823,247.35125239524808,241.75038853908646
2020-12-23,247.71842692134638,244.62687218801906,241.1616519111007
2020-12-24,247.99416636091232,244.8774927916249,241.50149698744698
2020-12-25,248.9638519994246,245.9897583289339,241.86402652488758
2020-12-26,251.5381088046686,248.19605859571303,244.91764133200888
2020-12-27,249.98905099986703,247.5648883056242,244.23983773212302
2020-12-28,251.26704752465716,248.22454485117865,243.9209783226662
2020-12-29,248.3762996504018,244.817492526232,240.15253952686567
2020-12-30,244.21287298772768,240.8983005526601,237.38917294787205
2020-12-31,241.6458680131319,238.309260386898,235.6479379968937
2021-01-01,243.22794583374292,239.33287998579033,235.5782458511462
2021-01-02,244.03958921619105,240.27862015140212,236.6743021652372
2021-01-03,250.0021480630736,246.14404675150146,240.17211989881628
2021-01-04,253.2792640479984,249.598470212834,245.13694887318258
2021-01-05,256.312639706457,253.73765973278378,247.94331617027288
2021-01-06,257.26014833400535,254.14459772954092,249.35936253721042
2021-01-07,252.46732504328816,250.17342162463336,247.5377580492483
2021-01-08,254.07948757096125,250.8476073598123,246.4615052550275
2021-01-09,251.0827114664827,248.03446496443274,244.33774327828377
2021-01-10,249.40258966114175,245.96812401352247,241.72499279674585
2021-01-11,245.70403063469087,242.02403957797966,237.98098824762124
2021-01-12,241.49925669183088,237.12837870546767,233.03895042015938
2021-01-13,239.8379629687411,235.62855024525655,232.13225091824702
2021-01-14,240.81200675028057,236.48900827725166,232.1501333922281
2021-01-15,245.17397570348174,240.2535673702703,234.4251540103716
2021-01-16,246.57612227726247,242.3742374918728,237.9694718331357
2021-01-17,248.88514289997497,244.6216425353127,239.23073776026376
2021-01-18,250.86270568775916,246.6437278880477,241.55141153912305
2021-01-19,250.38801737811403,246.11578757029216,241.7730000040747
2021-01-20,249.4485761528987,244.7240907255254,239.75767583863905
2021-01-21,248.59936783436063,243.1652721274897,238.23456414626295
2021-01-22,254.70719076285286,250.00044384471292,241.37602084823607
2021-01-23,254.4949060169208,251.4056615724436,246.70270435311835
2021-01-24,247.94946786710176,244.60396459395778,239.77997916936604
2021-01-25,244.8480081951128,241.657520514388,238.15486011738292
2021-01-26,244.76635988870382,241.44072233857213,238.09908663908803
2021-01-27,243.75202423668009,240.63096212154522,237.80815618042874
2021-01-28,243.1454199301591,240.0406413226717,237.35285580930844
2021-01-29,244.27288672615788,240.23780217558246,236.3221698687171
2021-01-30,243.28383430426868,239.46661919849285,235.63091759667515
2021-01-31,248.23447317126957,242.75400891659922,237.590541679544
2021-02-01,253.29800706857012,248.3979808160339,243.00216476929813
2021-02-02,251.90604682667063,248.26569218378827,243.53661914970036
2021-02-03,253.2767509761988,249.4712901151107,244.34799761618567
2021-02-04,252.69749977447628,248.99841709637315,244.2704694100399
2021-02-05,251.42421809155985,246.94311552578972,241.51933986585445
2021-02-06,249.64191881832818,244.228046781727,239.24308412376257
2021-02-07,252.89821296189982,247.44196956575976,241.8227226615705
2021-02-08,256.1672843561338,251.62889823382514,245.4459859884366
2021-02-09,258.4144333532803,253.85482574939238,247.04653790815178
2021-02-10,256.29413216001603,250.9377059436868,244.9837699585965
2021-02-11,254.73950181594495,249.2231238310651,243.2881056546857
2021-02-12,253.94141584750406,248.59751818517546,242.5889908537812
2021-02-13,256.7137558320913,252.08444270013155,245.15052272010746
2021-02-14,256.8185321101119,250.8848755903189,244.7851552423362
2021-02-15,254.1614261162781,249.22374458560367,243.67556466858585
2021-02-16,253.7368245170329,248.45723719896563,242.84280467638996
2021-02-17,252.95066150575002,247.04476014496618,240.45230863343176
2021-02-18,253.02267996047988,246.78135347635686,240.44533011125748
2021-02-19,254.52350643240652,247.40687637580186,239.9834488334285
2021-02-20,260.96563134852914,256.1803774971217,244.88495977025812
2021-02-21,262.08611816645936,258.90716427606316,255.03393354455525
2021-02-22,263.4102552112651,260.64631876812354,257.1803385919797
2021-02-23,261.47792801293747,258.49506847558166,254.8657908189986
2021-02-24,259.3914213833687,257.3209442387859,254.46648572383768
2021-02-25,261.3799350754109,259.0424344974461,256.79608238631
2021-02-26,262.6423002261002,260.68908032931796,257.8682552827925
2021-02-27,261.32774376974595,258.28338885935125,252.65908785939112
2021-02-28,254.9701279516668,251.16155812962256,245.42852499730975
2021-03-01,253.1458557680106,249.2893356765322,244.30462038310984
2021-03-02,252.64205213252686,249.03829378729483,243.5095407891572
2021-03-03,256.9718940861442,253.78050922832108,248.79368944167558
2021-03-04,258.11785739187724,254.65010250017477,250.3444489878841
2021-03-05,256.7821226135923,252.23194981868346,246.34858045380022
2021-03-06,256.6698936446273,253.40842291812288,246.2230998711548
2021-03-07,259.9338207785,257.31725212683034,254.30243391471944
2021-03-08,259.6344698892425,256.3569379181592,251.5819292642021
2021-03-09,258.4356990088705,254.85951970981034,250.28201525756097
2021-03-10,258.7481438542086,255.62479992534094,251.34707197062633
2021-03-11,259.72234628657554,257.4482960498065,253.77677951638174
2021-03-12,260.6607120710326,258.04672078598134,253.2657329845623
2021-03-13,259.44119576851466,256.3183345395247,252.07828114031489
2021-03-14,260.70629926259625,257.53037070808824,253.09974810943208
2021-03-15,259.00487153090734,255.8503415351123,251.52222805140008
2021-03-16,260.1643719388782,257.5811181815052,253.63023240845274
2021-03-17,261.5059183462578,258.5132342957292,254.34657742941025
2021-03-18,259.309706822621,255.55263974939405,249.5733346457931
2021-03-19,258.41588409158106,253.73341319677144,247.99059587724113
2021-03-20,259.0981524391018,254.68870968281232,247.98917024015748
2021-03-21,261.2304875603486,258.2547412053606,252.04112130874756
2021-03-22,263.7606715594637,261.26316350916676,257.6825324835628
2021-03-23,262.8925437522927,260.5341340787138,257.5709301717857
2021-03-24,261.1608577949377,258.0597328956336,252.21963272455244
2021-03-25,258.0046206920104,254.13134190787207,248.81670975605326
2021-03-26,258.4612217984138,254.15463641890506,249.21379651777187
2021-03-27,260.36366472791116,256.94676569186475,251.46761964299932
2021-03-28,264.4130382137373,261.5744393349636,255.4877022769507
2021-03-29,265.6991298285294,262.840108258233,258.92094859279064
2021-03-30,262.1509106337839,259.0785467314685,254.39628894801942
2021-03-31,258.1730774876227,254.27467735293837,248.70799360438176
2021-04-01,254.9354412329814,250.90322130150406,246.50649904832002
2021-04-02,253.45524884967148,249.52769136192515,244.78670734109957
2021-04-03,251.6835700452041,246.74527539749633,241.89438882904648
2021-04-04,258.7290688728508,254.16474416339182,243.44910136729348
2021-04-05,263.2413251170282,260.32848200046135,256.9555766139386
2021-04-06,263.58554710009633,261.529627352567,258.1019228977359
2021-04-07,262.69574467234503,258.87965798579535,252.90259294202602
2021-04-08,258.2255883939152,255.15773492919527,250.92071035728378
2021-04-09,257.8143995713067,253.48813301359226,248.34362167697725
2021-04-10,257.80284009427356,253.48251880265815,247.5999302797934
2021-04-11,260.5347467262155,256.3945341079758,250.2899573311405
2021-04-12,261.29972404959324,256.36751244551004,249.88631924383026
2021-04-13,261.26232731442946,257.3235176819981,250.04090432474158
2021-04-14,263.1556994716828,258.329027484573,251.84771562569182
2021-04-15,263.6440056905321,260.4085538237137,253.32741998395298
2021-04-16,265.03041251602804,262.5824934414328,258.3914760022817
2021-04-17,265.8225413358665,263.6982517285412,260.6574187955132
2021-04-18,264.6766849426337,261.638811765325,257.58655127323544
2021-04-19,261.6195036980222,257.3587826634614,250.61219340521123
2021-04-20,259.8569508973022,256.71688819026093,250.07520894829042
2021-04-21,262.46709442202564,259.4302657034698,255.03363868980765
2021-04-22,262.23223063239504,258.7476812197419,253.95514145089552
2021-04-23,259.49710691015804,255.39770800453772,250.02235235545993
2021-04-24,257.0476362801011,251.35245733929239,245.42042223738713
2021-04-25,257.6213833574823,251.1854225437755,244.37910295197372
2021-04-26,257.88518383178183,251.99537281797163,246.16707037643494
2021-04-27,258.23626267219856,252.17673253716143,246.22584293568636
2021-04-28,259.8702299949681,253.3729717929371,246.79249384901536
2021-04-29,260.8585106944073,255.2078551261322,247.7852774156558
2021-04-30,262.4955126642181,257.2460936910245,250.52943806035879
2021-05-01,263.3045683284686,258.0579934574646,251.55393804114996
2021-05-02,263.2332510070998,258.68446294123004,252.3598116433731
2021-05-03,264.6956865522105,260.2099872789138,254.20235889984963
2021-05-04,266.1822352213475,262.5352554817024,256.395362570622
2021-05-05,267.2869874872427,264.3225342056671,259.16553316018445
2021-05-06,268.0864880121892,264.5026914235157,259.8451181990883
2021-05-07,268.4662436693293,265.32447493251124,259.98440242052703
2021-05-08,268.6279828371727,265.41753596408677,260.88597017125784
2021-05-09,268.6228517610254,265.5547237529727,260.98564172539284
2021-05-10,268.4519347844907,264.9055685654943,259.6638266612847
2021-05-11,268.15313985649055,265.61732891071415,260.3173649997396
2021-05-12,268.9384367236193,266.79038892352656,263.5358936660205
2021-05-13,268.04283167292715,265.45940272686283,261.6285880075981
2021-05-14,265.97987870039447,263.61007563293464,260.2282128578146
2021-05-15,265.8694393636734,263.5718221143113,260.2194215107782
2021-05-16,266.7168217774583,264.50125150464555,260.314422790842
2021-05-17,267.8468440140485,265.22384192694307,261.060682452908
2021-05-18,267.67862424413755,264.88004582891745,259.89591986728544
2021-05-19,268.7948827940099,265.66421646285505,260.2540594436015
2021-05-20,268.4616945400865,264.9547776482594,260.3906044852619
2021-05-21,267.3935108198066,265.136242995558,261.4203232449565
2021-05-22,267.0596873673136,264.5483549046738,260.366996555702
2021-05-23,268.50202727587407,266.1651511325908,261.1718568001366
2021-05-24,267.9219939117206,265.1770276780257,261.0895361913369
2021-05-25,266.44013403463674,263.61250148892486,259.9723012505049
2021-05-26,267.370162803304,263.72698914695246,258.8229771329665
2021-05-27,267.17610982501475,263.46370782697085,258.2569372100685
2021-05-28,268.12265256365157,263.9237522857824,258.3710431736213
2021-05-29,268.0375248663081,264.40414353535556,258.74018954573296
2021-05-30,269.2604507853281,266.00638182101693,261.0806431417717
2021-05-31,270.35280506184034,267.135635179073,262.15319070779236
2021-06-01,270.7423907094571,268.37148212170985,264.5119298067452
2021-06-02,270.65007075373495,268.0098579575199,264.3588604236301
2021-06-03,271.3128813773585,268.7612406095852,264.2242040793503
2021-06-04,271.326933187432,268.4769305576412,265.17406951597843
2021-06-05,270.9430440030335,267.4983853014524,263.339690305347
2021-06-06,271.2394694227383,267.24902656699106,261.91548574807416
2021-06-07,270.9617821796468,266.8859907679158,261.9547924417063
2021-06-08,271.7329047906779,267.66903451016265,262.1256858525046
2021-06-09,271.56961373625,267.3982964577951,262.7039744992448
2021-06-10,271.373988919718,267.50292519533184,263.07012375832113
2021-06-11,272.03227096101745,268.41012590267724,264.0615435103231
2021-06-12,272.1416317897414,268.55673927640174,264.02349940376064
2021-06-13,272.1781949179422,269.3284223921422,264.81401944281345
2021-06-14,271.85395603493157,269.04773573277697,265.6972297177896
2021-06-15,271.429785299016,268.8084682924696,265.74119511446565
2021-06-16,272.64138736073454,270.4004961925235,267.25703713260674
2021-06-17,273.187722211872,270.7579591644107,267.8927523389757
2021-06-18,272.18295754365346,269.60716368341156,265.22323472981867
2021-06-19,271.4734433243215,268.6579275970077,264.7322772668403
2021-06-20,272.6743158414411,270.0326157147092,266.24578057561564
2021-06-21,273.21749408958544,270.56065229756115,266.93877718860676
2021-06-22,272.3963609330407,269.3538136784987,265.4617482668244
2021-06-23,271.98095160018926,268.72515979755923,264.1999698315101
2021-06-24,272.34634640036813,268.9783952076077,264.67497496570763
2021-06-25,272.7740773446349,269.5482701573562,265.0387358595235
2021-06-26,273.54517374689834,270.4779225216451,266.2030288990196
2021-06-27,273.67984994231057,270.4921753487092,266.3444849797558
2021-06-28,274.6278383903281,271.11724240486706,266.47647050162874
2021-06-29,273.94411789301097,270.7881032319764,266.97894159508576
2021-06-30,274.357779243993,271.47948488026157,267.6498885414567
2021-07-01,275.38601550446947,272.80289437992445,269.70657150107564
2021-07-02,275.4724458909579,272.87978858326386,269.6316290149055
2021-07-03,275.5621816217344,272.6194043025302,268.7031990283936
2021-07-04,275.34811592783444,272.1335983962386,267.89586931947804
2021-07-05,275.66723033627784,272.9044830391709,268.5027309504246
2021-07-06,276.6009888847409,273.5663288065626,269.8195033720768
2021-07-07,276.4486415731438,273.6652980639304,270.2075364129627
2021-07-08,275.1812833433748,272.21689152699435,269.0577929360916
2021-07-09,274.17334048194186,271.0525328274196,267.4022163967088
2021-07-10,275.6512888278892,272.1668256628056,267.68785658884696
2021-07-11,276.05474794670073,272.47297386917506,268.0567391640495
2021-07-12,277.85988416057216,275.22015884753864,270.67688384294144
2021-07-13,277.9459974191264,275.8040225808615,273.7954757968321
2021-07-14,276.84167403484184,275.0923890256558,273.44158229238695
2021-07-15,276.7365753517359,274.8262263590676,272.00540782527924
2021-07-16,277.5080127166162,274.81416555938534,271.09755149523227
2021-07-17,277.6938283795506,274.3951482637536,270.90544559167495
2021-07-18,277.53140801906375,274.89463566155536,271.5726499947106
2021-07-19,279.41301159595014,277.12020117266917,273.8840350116491
2021-07-20,278.15947263782147,276.62893455743665,274.79154556534615
2021-07-21,277.60929531096036,275.5791845416223,273.28951296292206
2021-07-22,277.0633612447822,274.79338070424757,272.1787852163808
2021-07-23,277.3546441627623,275.34863843809296,272.47924367235015
2021-07-24,279.2086845768586,277.05662860823253,273.21280387231445
2021-07-25,280.5461680765575,278.85503479377013,276.30077334026845
2021-07-26,280.5398167360796,278.734168868504,276.94377505724697
2021-07-27,280.1570118598725,278.42870137259285,276.50266839798365
2021-07-28,280.2684933712549,278.5812287224206,276.468666941242
2021-07-29,280.9420143582663,278.73356965599083,276.8794228756445
2021-07-30,280.5371348010644,277.8323329211076,275.6740498234539
2021-07-31,278.9593724130365,277.21821116288186,275.51482841268484
2021-08-01,279.6924194829769,277.5944510329361,275.9842835175283
2021-08-02,278.2427282279192,275.96952394740657,273.0415757100693
2021-08-03,277.6441689131013,275.38564188567807,272.7289117524663
2021-08-04,278.2405693805436,275.84525781747897,273.29876302355007
2021-08-05,277.74064973578265,275.3153406509237,273.01796266403306
2021-08-06,276.6651789884294,274.5851269388419,272.21416730966206
2021-08-07,276.72111787962046,274.5707774854905,272.11275338648437
2021-08-08,276.54819333781876,274.35581988112307,271.97664235745964
2021-08-09,276.4633649496344,274.1879499670796,272.04922887428324
2021-08-10,275.62426291138354,273.22786295847385,270.68402711654903
2021-08-11,275.6502102238397,273.198852986933,270.5017460174063
2021-08-12,276.4210872521856,273.62071325336336,270.3419825072218
2021-08-13,275.9275952401939,273.1355133536091,269.6942254319365
2021-08-14,276.168236328505,273.2132650605073,270.6176446841636
2021-08-15,274.2447673517738,271.6829995000507,268.8437220903777
2021-08-16,271.56401658677635,268.5872483340779,264.77508917641626
2021-08-17,271.86371647217794,268.05314382450547,264.215325075461
2021-08-18,272.39451378310264,269.45776249515507,265.4750130780643
2021-08-19,274.0383610100615,271.4716116565071,268.35881250994356
2021-08-20,275.612434747581,273.206904103274,269.86331646958257
2021-08-21,275.5669441474456,273.5563129256318,271.4009405880567
2021-08-22,276.33306315659695,274.2314769625531,271.71531211391476
2021-08-23,277.0632759854723,275.01377236499104,272.44496313987304
2021-08-24,277.00172013446456,274.8213838028452,272.1093854469356
2021-08-25,276.7191965272291,274.1602542896826,271.54312763541265
2021-08-26,276.35682259811387,274.2055616318214,271.5326404032532
2021-08-27,276.397172265125,273.8601036484459,271.29860895705843
2021-08-28,275.5237729296765,273.19305331661366,270.64859519244925
2021-08-29,273.6254094009276,270.5788642478373,266.4188678074709
2021-08-30,272.77818958268574,269.9511905990425,266.3060298513344
2021-08-31,274.3696596289022,271.83999044125306,268.3742010205928
2021-09-01,273.8254512402035,270.73280526824954,266.2332180599486
2021-09-02,272.08745444324046,268.68710540592105,264.4148630399248
2021-09-03,272.5546307531661,269.38136905839247,265.06575572057363
2021-09-04,273.0050523998843,270.1029046106783,266.62765414625653
2021-09-05,272.50193917041423,269.7914789903766,266.61370856432643
2021-09-06,273.9785098586778,270.8481187608485,267.2895064746867
2021-09-07,274.38391330050746,271.55386877749845,268.546705995883
2021-09-08,274.09087164297216,271.26877219317305,268.352742991577
2021-09-09,275.16460020511596,272.3320376510396,269.22877105582666
2021-09-10,275.7420982365389,273.7101244930625,270.37738802623977
2021-09-11,276.7393102680413,274.5164395265595,272.27521240292555
2021-09-12,274.71234180129767,272.0522672171278,268.73407853706595
2021-09-13,272.87799199622094,269.78960668143424,265.67728402222764
2021-09-14,271.691987039468,268.4252332607607,264.6845064610433
2021-09-15,271.97140221934967,268.7326722091316,264.6431239033051
2021-09-16,270.64185249590764,266.9062116939682,263.3840494716455
2021-09-17,269.41648382688567,266.5457068783305,263.61127939567905
2021-09-18,270.2627773854739,267.2526464136863,264.1935535737165
2021-09-19,272.63790246302557,269.74034986878456,265.8838933367438
2021-09-20,273.819800835306,271.4545846637816,268.5338891167895
2021-09-21,274.15563482816293,271.1250277458042,268.0252864303419
2021-09-22,273.1364057055395,270.79201437227556,268.1036787589984
2021-09-23,272.39423523176265,269.988057350903,267.153736348542
2021-09-24,272.11992444343707,268.84717302755996,264.9933609195104
2021-09-25,269.7710673544143,266.3037562744021,262.89103558246256
2021-09-26,268.16402124052536,264.291133319102,260.51201761307095
2021-09-27,268.66535081226795,265.10017477275676,260.82259530128675
2021-09-28,271.1297982919829,268.22987865905384,264.609431179769
2021-09-29,271.8698573438026,269.1313775333397,265.5772950814002
2021-09-30,272.7871491558359,269.7579345895605,266.3740325073377
2021-10-01,273.0385728208253,270.5263397852336,266.9010438315544
2021-10-02,273.60023814668756,271.32805494023125,268.89080043148795
2021-10-03,271.4660160753809,268.86341123924484,266.2858851164433
2021-10-04,269.62434225854514,266.9461562531952,263.5758929691505
2021-10-05,268.7268969849824,266.0073436998809,262.6194843206089
2021-10-06,267.8810250940971,264.53082694172775,261.0394740904647
2021-10-07,266.5186271770676,262.18723796634896,257.99651599382776
2021-10-08,266.32841884317367,263.19137117355876,259.1387355815702
2021-10-09,266.6605464365964,263.3044116823921,259.2959142308349
2021-10-10,266.60787555700233,263.82363225940713,259.50579050304447
2021-10-11,265.76116736781546,262.76705109046804,259.02815605102626
2021-10-12,263.6423435896986,260.25436419955423,255.4670645659102
2021-10-13,262.76580100851464,259.00099622085094,254.99304481739762
2021-10-14,262.55758153791976,257.89663418733204,253.64395287796233
2021-10-15,261.5958454324202,257.77137140260766,253.32375749514406
2021-10-16,262.77453953899675,259.40887742056856,254.42957776665034
2021-10-17,268.4890279527744,264.8313008837336,258.5484228542377
2021-10-18,268.39128329242925,264.93774488587803,259.58971794741456
2021-10-19,264.94382789105686,260.2204842100016,254.46206997236493
2021-10-20,262.3281704490381,257.72234728218433,252.7946325382676
2021-10-21,262.54467763903705,258.59953415022784,253.05513551387534
2021-10-22,265.12437443731733,261.76690228830535,254.95484690840215
2021-10-23,262.7771185399487,260.5316459836356,257.18873223249824
2021-10-24,262.4464487028709,259.9881929724326,256.3053811800933
2021-10-25,260.9377394373047,256.3954234393101,249.76637445448904
2021-10-26,256.3499740600435,252.1379698798105,247.26953151578778
2021-10-27,255.57852338670202,250.82246535487968,245.16771981267178
2021-10-28,252.6281531499292,248.432899931887,243.90360873566567
2021-10-29,253.10140280045619,249.3638626435246,244.55124038020557
2021-10-30,253.96578419916295,249.1374039031287,244.0555175526589
2021-10-31,252.25388058833522,248.0008748200121,243.61583822261292
2021-11-01,255.2245167745269,251.061150753095,245.4891725553327
2021-11-02,255.5132107930754,250.94199796523256,245.1852306651811
2021-11-03,255.20966534595206,250.28015226290643,243.80716462297272
2021-11-04,257.9488471107464,253.71255718221454,245.6068310261509
2021-11-05,260.3924384043324,257.1953251078762,251.78136530215383
2021-11-06,256.71971991727304,251.68865774336075,245.25012545882763
2021-11-07,253.0657328796831,248.78635366656943,244.3116021704921
2021-11-08,252.39948164701914,248.17821826427806,244.4122993032134
2021-11-09,252.05620068818595,247.8458048687375,244.01440383202794
2021-11-10,253.17758290048656,248.4280867906273,243.98047414846658
2021-11-11,252.29997710866613,247.35667490022132,242.74866539993891
2021-11-12,251.33450705335602,246.21372957249156,241.8458589223469
2021-11-13,250.50395552319026,245.09920784822717,240.73732463250406
2021-11-14,251.79975454179583,246.5917218260541,240.43093170950044
2021-11-15,253.08260045212498,247.56212395810104,241.95649568344368
2021-11-16,250.97917566114148,245.93902842946565,241.10589372324895
2021-11-17,254.5374441951685,249.10804383924636,241.91983767617273
2021-11-18,259.4644778940981,255.30136406534984,250.13341828737674
2021-11-19,257.76174216366934,251.27745459836868,244.36368040613402
2021-11-20,255.08914944156385,249.6564874538193,244.109905262713
2021-11-21,254.81675449201285,249.4772411933925,244.22396727274568
2021-11-22,253.47310034908475,248.13608473916798,243.25494990439014
2021-11-23,252.5419809580498,247.58070342921263,242.2939887588423
2021-11-24,257.72782564545,253.56713855380195,246.68472351884594
2021-11-25,258.22118959765083,252.60741542701777,245.92218822344404
2021-11-26,254.84441247398536,250.339575541793,244.9803830821959
2021-11-27,257.268078622687,252.99226633813288,247.62488224770883
2021-11-28,256.12229118283807,251.03618421862663,245.32447966440577
2021-11-29,255.69820889189202,250.70461084358843,245.14120239076442
2021-11-30,254.61632656232123,249.96078249999476,244.96279463886873
2021-12-01,254.94110459096632,250.42208132129159,245.25214111833697
2021-12-02,256.5415074457044,252.20426896125863,247.47181780922878
2021-12-03,257.03528949209385,251.9149754906626,247.09422338253395
2021-12-04,258.05804726711216,253.3693597925996,247.79906621535713
2021-12-05,259.28638812475566,256.2345804443599,251.47482770693077
2021-12-06,257.4067689819474,252.81520049510178,245.343812510073
2021-12-07,252.05423920229154,248.7000227686839,244.26158147514633
2021-12-08,254.36551213408816,249.5671284388481,243.99523735880013
2021-12-09,252.3575630391558,247.1591160727493,240.47124583193087
2021-12-10,246.72665442472461,241.45938558500748,235.88826789103513
2021-12-11,244.27448759668584,238.71563325539856,234.050668498471
2021-12-12,247.38727699038014,242.14779250055324,235.2351937913667
2021-12-13,250.79960476757395,247.08190011969978,241.59775310229196
2021-12-14,253.17085068031665,249.6197421674315,245.3327524860711
2021-12-15,250.4442994015335,246.05540836788396,240.47633810321477
2021-12-16,248.34729872931578,244.99406481756796,240.23630803067306
2021-12-17,247.1622549337559,243.53717178582264,239.154915362646
2021-12-18,244.02366041810876,239.02505288345003,233.24881387093458
2021-12-19,243.17606779791254,237.27414293338742,231.78998213638133
2021-12-20,248.6986967248735,243.12952963745647,234.56886665949224
2021-12-21,251.7770221321656,246.77087834374922,241.41068153093553
2021-12-22,251.80219242746335,247.66016419947414,241.4896527489576
2021-12-23,256.22081962699696,251.84734181284057,246.7029037055661
2021-12-24,253.62295052356967,248.99441280018442,243.2497341975379
2021-12-25,251.21501937223883,247.91312138804304,242.83800362306846
2021-12-26,254.00045861084772,250.96117991130475,246.5251658373898
2021-12-27,253.5206320562966,250.19446447453174,245.61693634076647
2021-12-28,249.43477287478015,245.277614573863,240.1090377498823
2021-12-29,245.6923747172433,241.5198376399501,236.7907391351528
2021-12-30,243.36858720793947,239.1802639957287,235.66402563147898
2021-12-31,247.71271262363877,243.34661435588262,237.1098080481296
2022-01-01,252.791537454338,249.04689772429361,242.16655983436624
2022-01-02,255.2118392998244,252.06280945091424,248.33413021055884
2022-01-03,255.22272339102517,252.5603423969003,247.6757445544856
2022-01-04,258.8914457613187,256.52039308405836,253.7747186994119
2022-01-05,258.8850922193863,256.8031356161382,253.7067285596938
2022-01-06,256.9802616566166,253.13520544441778,247.52209297187255
2022-01-07,254.5048650559801,252.24261198684198,247.63337298405213
2022-01-08,256.40861985626384,254.47506329245536,251.37243058662784
2022-01-09,254.99379417151113,252.93575073407771,249.915949137693
2022-01-10,252.98662424124396,249.74733598073615,243.98042071323152
2022-01-11,246.68399968917964,243.49369434560478,239.64349116017675
2022-01-12,242.82192918187025,240.68275269175555,238.65655197470835
2022-01-13,246.74157483901388,243.96701811380396,239.90051940170454
2022-01-14,246.45053977103714,243.4499258313393,240.0086949381251
2022-01-15,245.80430928401495,242.90591431655298,239.72094972369436
2022-01-16,251.3868854218737,248.21599800001593,243.70509169267035
2022-01-17,255.35013142553956,252.60688044103773,247.606384102946
2022-01-18,255.98389265698805,252.67722818082106,248.92910293540203
2022-01-19,256.49186528780774,253.51675249195026,249.74400661836145
2022-01-20,254.79420772193532,250.2806358778,244.56019294692794
2022-01-21,251.95586536766643,248.91993285673522,244.67250484153138
2022-01-22,253.29349643344133,251.1913818367619,247.9289973564283
2022-01-23,255.8790568851943,253.3951932532579,250.4416590086605
2022-01-24,253.9309384676217,250.8202659443544,246.01711979599273
2022-01-25,249.91293883724862,246.51301433905178,242.54236338528997
2022-01-26,247.4331329439387,243.9668777440677,239.698216992374
2022-01-27,244.12613174443658,240.66483379708012,236.92988229807406
2022-01-28,247.27179590732555,242.4432544562668,236.57527678683056
2022-01-29,252.6422052988353,248.6404987035791,244.00870537412112
2022-01-30,250.94355891560465,247.9231866716686,243.67245765750275
2022-01-31,254.22905645472332,251.38473325678615,248.1043378592053
2022-02-01,251.96624025419715,248.15727028665097,242.95496338934672
2022-02-02,253.89159251175974,250.51991516811833,243.60848948764323
2022-02-03,254.34319979671884,251.618922736287,247.93669710715545
2022-02-04,250.14950227419982,246.79849074348556,241.08510411623118
2022-02-05,247.0743645200332,242.81196402780625,239.03198879481033
2022-02-06,255.70347159360068,252.69139555359794,246.28513124543667
2022-02-07,256.2882592445634,252.9796029252457,247.46513181666361
2022-02-08,252.7168321247702,249.9370655961722,245.87938862113188
2022-02-09,252.38757495187735,248.97741039836043,243.58950259084313
2022-02-10,249.50039219598392,245.95039310241572,241.20660762993893
2022-02-11,246.6353481588193,243.0446132988456,239.34971459205846
2022-02-12,247.09751966784916,243.73784377923423,240.17718207541463
2022-02-13,251.05874647736337,247.30184143729818,242.79670599528149
2022-02-14,255.30748370251297,251.9728901353397,247.1458655425061
2022-02-15,255.5169617767032,252.134528533024,248.18312997493214
2022-02-16,254.06059467098015,250.54180975170763,246.7828941859686
2022-02-17,253.01946943695307,249.5589544030445,245.8644907590506
2022-02-18,253.37154027689084,249.6646043630944,245.20101846166241
2022-02-19,252.5037819285341,248.9704153529807,244.22291564719617
2022-02-20,251.3022865992434,247.10401989878508,241.81729544763752
2022-02-21,248.93802930016204,244.7073875324136,240.40273411866306
2022-02-22,256.2962049619204,252.71469275159015,244.68802276305456
2022-02-23,259.13565556823494,256.0162938554892,251.55185598598752
2022-02-24,257.86414061125885,254.74327550500976,250.78558160884822
2022-02-25,256.5032963667431,253.8517039012221,250.74346259113696
2022-02-26,256.4599341697134,253.4517199277353,249.01834189745603
2022-02-27,252.20543732338177,248.56842970823269,243.39353222995325
2022-02-28,252.09264589815703,248.422563775903,242.42631782937036
2022-03-01,257.0795110292546,253.5814291772866,248.7812041298363
2022-03-02,255.83515955183145,252.42234977117,248.1452835495862
2022-03-03,257.31582109412716,254.1809264603283,248.75911444399802
2022-03-04,256.5844872247045,251.88736782855716,245.1228326223698
2022-03-05,256.20562643092285,252.30960839732097,246.38158273827776
2022-03-06,261.69857958261696,259.14327452692396,254.18517087817594
2022-03-07,261.18279840726456,258.62777730643177,254.1318976643441
2022-03-08,258.7499654656016,255.46071382309188,251.02764843935495
2022-03-09,257.69255582009134,254.62876194543787,250.68555706321524
2022-03-10,257.6480412550907,253.72843813207595,249.38912330498445
2022-03-11,256.1315200871529,252.17872143155265,248.35848452819639
2022-03-12,258.7446306190601,254.30693689941648,248.63867275766407
2022-03-13,260.55433620277813,255.47561075790043,249.2711682028125
2022-03-14,261.6757826810826,257.56090249548146,252.84735732471088
2022-03-15,264.0369002163647,259.52834430918284,252.50657866277368
2022-03-16,262.8531321449835,257.2910857873967,251.3496081145556
2022-03-17,262.4743327981607,257.2576034355313,252.262673867128
2022-03-18,263.22346360462444,258.51947446542533,252.91154383559942
2022-03-19,264.67440813924634,261.4456459995081,256.9542657464177
2022-03-20,263.55952714562983,260.3216598506052,255.69006496599042
2022-03-21,262.7392601063218,258.4751236895541,251.92454607285592
2022-03-22,261.2909576991875,256.6200541406754,250.68007057757478
2022-03-23,261.6947375703498,257.9765731940989,251.44935468963533
2022-03-24,262.6275648556903,258.9712484565594,253.4367200377071
2022-03-25,260.1651421243067,255.27473056632704,249.0299368636565
2022-03-26,258.5171917425558,253.06200913735128,246.94415766260647
2022-03-27,261.2816653903686,256.13582473605067,248.70716186789738
2022-03-28,265.31246589278,261.8293155708362,257.29285102590427
2022-03-29,264.896450572139,261.2861503235918,257.17970178398235
2022-03-30,263.4698713829893,260.17420323332334,256.3702040711244
2022-03-31,263.2128082425538,258.4025101085049,251.6522204170252
2022-04-01,261.6490552791161,256.025441349708,249.3905709936776
2022-04-02,262.57888725855463,258.3407720933046,250.6091608823317
2022-04-03,263.5178287627324,260.22003222939406,254.90062020288465
2022-04-04,263.0760161444948,258.2763917082718,252.58002834989497
2022-04-05,263.1437594006705,257.4661355291975,251.42245333970652
2022-04-06,262.1964868637155,257.46431963519865,251.94013538222345
2022-04-07,262.27898736871595,257.56140886629777,252.46557022705778
2022-04-08,262.2773772818472,257.82257561752215,252.456700454922
2022-04-09,265.24469810136196,260.72360674565005,253.83539293909388
2022-04-10,264.0608468077646,259.38286100881766,253.10363739226892
2022-04-11,263.9891211121165,259.1295506669186,253.49091303280687
2022-04-12,265.2726589281884,262.15133018580616,255.3678922077402
2022-04-13,267.17401437188,264.31463644767007,260.51059631633944
2022-04-14,266.2585778023349,263.09914072486816,258.1540120551228
2022-04-15,264.8325656289314,261.26082920180704,256.59391709164623
2022-04-16,263.84683295715377,258.7068863288252,253.53074107987774
2022-04-17,262.4195234307417,257.79473129538343,252.20706034446548
2022-04-18,262.58054108416997,258.3383552779577,253.16594117803723
2022-04-19,265.9934677985522,262.7371898838551,256.4725947907481
2022-04-20,267.5326345854278,264.75831693688576,260.70702031366864
2022-04-21,267.012469473918,264.47790397526495,260.73574723451765
2022-04-22,266.6856927540173,263.87099037512786,259.6803946473132
2022-04-23,264.9400039988038,261.5459233939522,255.64661046532808
2022-04-24,263.7193253946852,259.8890767337719,254.91150989961875
2022-04-25,265.2017347417835,261.42959644348826,255.61591303468663
2022-04-26,265.1674662412336,260.73232393726283,254.86492850820733
2022-04-27,265.43255857913516,261.1614383913207,255.1937656041029
2022-04-28,267.49057788455747,263.47431240325017,257.63721609247887
2022-04-29,268.46184317296144,264.5054297355138,259.3874814917474
2022-04-30,268.00547355198887,264.46686741421496,259.48046783440327
2022-05-01,267.79173167929497,262.9811881129046,258.04522885415474
2022-05-02,266.9695699718492,263.1209324879615,257.8150519945573
2022-05-03,268.0622895555072,265.117196724646,260.2271056471917
2022-05-04,269.7341479939056,267.4533200355639,263.5773265445748
2022-05-05,269.62552929110166,266.97726716480486,262.33939284407273
2022-05-06,268.56097665585423,265.7025878990314,261.4573382617488
2022-05-07,269.3833500987257,266.18803254481196,262.0047803082463
2022-05-08,269.2354125752502,266.09755435684536,262.06008789141
2022-05-09,269.49001775802196,265.55899298402807,260.6883868980259
2022-05-10,269.06246038363656,265.5100311937911,260.9742391170543
2022-05-11,268.9234109664829,265.80029205575346,261.66477150324306
2022-05-12,270.5522287730924,267.29594102251536,262.78723652325476
2022-05-13,269.6682317993188,265.6485103028364,260.3102691033173
2022-05-14,267.00468612387226,263.0699800625781,258.98477368331686
2022-05-15,269.3819312253266,266.80249122857975,261.42823382111396
2022-05-16,270.3079353358045,267.35064367317176,262.1991185835157
2022-05-17,269.68689456826024,266.6136561863035,261.69344043617497
2022-05-18,269.3833732285243,266.3681505672667,262.58606397716807
2022-05-19,269.4380828965617,266.76459513654675,262.5196360009331
2022-05-20,270.8116030057132,268.3398925398159,264.8881758140931
2022-05-21,269.99743693554035,267.2196744429656,262.99147741285293
2022-05-22,269.8438843430279,267.2916503389517,263.0351409050461
2022-05-23,268.74451844279173,266.73690525515184,264.2122751232777
2022-05-24,269.6649543861943,267.23934730411173,263.5872539312124
2022-05-25,270.1788140541562,266.9724005201401,262.925535303445
2022-05-26,269.8040223959537,266.5295670059315,262.8123715088575
2022-05-27,270.0792052104692,266.77057261309966,262.69629491528764
2022-05-28,271.0871587505657,268.636429477625,264.5242910946734
2022-05-29,271.69624416627846,268.82797750151747,265.2584966125894
2022-05-30,271.56216302277534,268.90341462669835,265.37785591218767
2022-05-31,270.8498484689983,268.46212765418994,265.3082121224921
2022-06-01,271.3150763211917,268.693690507209,265.2542771163256
2022-06-02,270.8970539419727,268.01324894162684,264.12008655018553
2022-06-03,270.4628779720989,267.51090795355503,263.2375848786052
2022-06-04,270.63297427084785,267.57224338481063,263.0576414306761
2022-06-05,270.98751282516315,267.6243089054221,263.71896861324535
2022-06-06,271.8716758295735,268.65496894940645,263.97054375500346
2022-06-07,272.8470127884675,269.5787935355468,265.42874304349033
2022-06-08,273.47479831652714,270.52306049418115,266.6343329129584
2022-06-09,273.17762140181827,270.1977425806912,266.4882137341271
2022-06-10,272.7485655128139,269.7945751824552,265.9585659129186
2022-06-11,273.00994776908254,270.14773594049433,266.3022870464969
2022-06-12,274.19256177084833,271.2167844622888,267.219162427302
2022-06-13,274.6373902087487,271.48368498647187,267.57884533788075
2022-06-14,272.9826464287016,269.5276581971314,265.8682373217626
2022-06-15,272.59362640977116,269.1095777084136,265.3416271391952
2022-06-16,273.8226127463422,270.9319210567682,267.28257984072593
2022-06-17,274.4048222049202,271.79747897811023,268.58174287337545
2022-06-18,274.4371931445288,271.8370591719074,269.3183879230022
2022-06-19,272.5688538287351,270.43077479082535,267.90356487255866
2022-06-20,271.04114305039616,269.17301640094416,266.7216182333985
2022-06-21,272.08005997092584,270.2964364632281,267.2597549821631
2022-06-22,272.5971901708095,270.0463507411551,265.0195926056433
2022-06-23,271.5349061080168,268.0315698470982,262.8511294576595
2022-06-24,271.40585239385746,267.5369927935109,262.6376623057248
2022-06-25,271.47151312190323,268.241387354853,264.02482937971126
2022-06-26,272.90952875480906,269.72575439599973,265.823961956549
2022-06-27,274.040379453879,271.14033978334834,267.2186425509613
2022-06-28,274.7577566848154,271.522795305528,267.9335477527692
2022-06-29,275.60404689530156,272.71354897350056,269.1233984291749
2022-06-30,276.57885352531736,273.8616667558061,270.68626500398295
2022-07-01,276.8609683511703,273.98808388577436,270.7878117399711
2022-07-02,276.92373425220296,273.81691044388,270.44012981620125
2022-07-03,277.5224216995558,274.6237953606781,271.1470791559708
2022-07-04,278.4258580314237,275.6585819654927,272.4685515177728
2022-07-05,279.65735609318523,277.32765076449067,273.4663013716088
2022-07-06,280.31157593251476,278.3316930213447,276.2871007092952
2022-07-07,280.2952624392726,278.18215622255155,275.6602796047793
2022-07-08,279.80766928627634,277.44937880725513,275.14649240164806
2022-07-09,279.72328084343957,277.2414592678145,274.7044882960701
2022-07-10,278.6419538710319,276.5927289936824,274.7096838837084
2022-07-11,278.7342197378758,277.0449953641578,275.07793674241645
2022-07-12,277.93457795012745,275.9220964242042,274.13488358123715
2022-07-13,277.82062420946727,275.7814628125967,273.7569033305162
2022-07-14,277.2542621270461,275.60720878643946,273.83265160098165
2022-07-15,278.30808848034644,276.1574702904266,274.12866108656095
2022-07-16,277.8831801451024,276.00057678862197,273.8712020459889
2022-07-17,277.7245847866001,275.6188475124957,272.79840217671864
2022-07-18,277.7089120485142,274.7544027724239,271.9748578817664
2022-07-19,277.82760263299576,275.27417371753995,272.07963408084
2022-07-20,276.90774536091436,272.99354583294524,269.5371200773476
2022-07-21,274.7563597072746,271.28094378433116,267.78890606265685
2022-07-22,276.9940864594301,274.0386697866407,271.0458549077747
2022-07-23,277.65774344137606,274.9270862142984,272.1715611387772
2022-07-24,279.97348054363,277.5854768024375,274.69286324281506
2022-07-25,280.86492050779964,278.74308253655266,276.65636117266473
2022-07-26,280.3259270461832,278.3379046927019,276.4069152337824
2022-07-27,280.31684208187386,278.2396356639066,276.4766941095464
2022-07-28,280.14996289443513,278.14447894169456,276.31280820599005
2022-07-29,280.7769901558734,278.10819715663536,275.9736639197366
2022-07-30,279.33125105240765,277.17103746068335,275.4273207413883
2022-07-31,279.3134712614386,276.7109014903462,274.78326256268366
2022-08-01,277.80299073115987,275.8053163910887,273.671673513466
2022-08-02,276.3178980458212,274.1317794201982,271.55807238205057
2022-08-03,276.5409640305818,274.0930636718961,271.6515707635338
2022-08-04,277.02124261094104,274.68225964632444,271.70637185753924
2022-08-05,277.99109220792104,275.9186924856813,273.0776106617489
2022-08-06,278.57002637903963,276.413365540598,273.7601547008504
2022-08-07,277.83817693377847,275.6888055995765,273.18573683934113
2022-08-08,278.44388334966465,276.2281581474323,273.6881043817828
2022-08-09,279.1442108382492,277.1716157923915,274.7973662369106
2022-08-10,279.3693799234707,277.42066285018046,275.40306459701304
2022-08-11,279.4340152642077,277.43489769867676,274.966542962135
2022-08-12,279.25409815681166,277.3416268189465,274.76585784621284
2022-08-13,279.8542258112066,277.7742065457572,275.4303890419679
2022-08-14,280.29527415105093,278.2237667065731,276.08159685477216
2022-08-15,280.63121986307385,278.674711985417,276.8619806919342
2022-08-16,280.1567360760363,278.36235071157574,276.9790980819401
2022-08-17,279.1136214591618,277.47928581465146,276.1631954231439
2022-08-18,279.1980921386934,277.1491649586499,275.370546807265
2022-08-19,278.26732803624947,275.98451492713593,273.50116140303453
2022-08-20,278.3167774349704,276.11512784149824,273.8082516956602
2022-08-21,277.7629189916949,275.7851141734278,273.8297266762752
2022-08-22,277.30109261356716,275.2023613530695,273.17533373420457
2022-08-23,277.5588978376291,275.8706915749099,273.7956863532417
2022-08-24,278.37669628974487,276.66677390637045,275.0301373241811
2022-08-25,278.72041153421975,277.25167395687834,275.6794596607899
2022-08-26,278.00153453337043,276.34644299157424,274.71564962128673
2022-08-27,277.32299680582906,275.54786886798837,273.75540581423763
2022-08-28,277.07535931239624,275.0628378012048,272.9874716140343
2022-08-29,276.04256609711786,273.86163500008564,271.30134353577154
2022-08-30,275.12051699663795,272.70848409746486,269.62558523793996
2022-08-31,274.6050578972,271.8068028366041,268.36230027816333
2022-09-01,274.4699085648919,271.607131352168,267.8556465235054
2022-09-02,274.6435466781826,271.7975487849485,268.2325657934263
2022-09-03,273.82171854267915,270.71217329447455,267.20023175072276
2022-09-04,273.538811754975,270.83052989788985,267.99620318955436
2022-09-05,274.17934860485366,271.64640808490464,268.48249308051425
2022-09-06,274.2604706561218,271.48220386570836,268.2846051313103
2022-09-07,274.53042025294087,271.95885267312616,268.6999675991537
2022-09-08,274.89916275025985,272.3107877765295,269.6244234861104
2022-09-09,274.9693467037795,272.5367264367665,269.74519912472266
2022-09-10,276.0447583867175,273.4353841727502,270.6174822780934
2022-09-11,275.6472968817768,273.1689122548198,270.3338482163428
2022-09-12,274.44409526681835,271.73314081735236,268.6430040861381
2022-09-13,273.38677759810037,270.3842359227913,267.0247042732125
2022-09-14,273.17370486360375,270.24479502468387,266.8267673927711
2022-09-15,272.72673879355085,269.4223472071804,265.8515447542319
2022-09-16,272.04730185729875,269.3381914170237,265.9166603005861
2022-09-17,273.2581491863614,269.97666926987915,266.4357770694978
2022-09-18,269.9469920665277,266.3980440019465,262.74735130420237
2022-09-19,268.8996644620759,265.42602647952873,261.97744421846795
2022-09-20,270.18039178590004,267.28202054121925,263.4913033883871
2022-09-21,272.5657430232367,270.07245768027207,266.6888815408577
2022-09-22,272.0103401099153,268.548644607713,265.1519132660291
2022-09-23,271.1263181351507,268.3527682314117,264.7944407900642
2022-09-24,273.6212266167573,271.18308893879913,267.4060075473732
2022-09-25,273.30154494520093,271.3338228213776,268.06741543002903
2022-09-26,270.3470491712391,266.7530804718785,260.10531574361517
2022-09-27,267.2252117816433,263.32208287841365,258.25263555771096
2022-09-28,268.66947997966275,264.96151599051717,259.2277286654143
2022-09-29,269.52260370536874,265.13805550825424,259.7280551240495
2022-09-30,268.2097214401955,264.4412971914959,259.39896476814283
2022-10-01,270.1245944881863,266.1423312571504,260.0281914508712
2022-10-02,269.28417256276447,265.6532026220948,260.2726067909158
2022-10-03,268.3173667902562,264.92122587559703,260.486027081602
2022-10-04,267.70569694275696,264.12832318915997,258.9610359732981
2022-10-05,267.05701797692933,263.0117065409,258.2017550986651
2022-10-06,267.00230277140383,263.9751366535368,258.7648947569475
2022-10-07,266.805459691771,263.25231127506885,258.52545362484454
2022-10-08,265.9142840831911,261.04065700856387,254.9937725013661
2022-10-09,263.86779785054733,259.6301892307746,254.01348023469015
2022-10-10,266.2752908754679,262.64513968653154,256.29604116078264
2022-10-11,266.96064332998606,263.3725466120733,258.94688778262207
2022-10-12,265.8239595902839,262.1708018990868,257.5247945929085
2022-10-13,264.3271939972517,259.98686365808857,254.2841674983558
2022-10-14,261.7654567556907,257.5159384323803,251.7511037719197
2022-10-15,260.7311160224892,256.2379062759301,250.85381956616374
2022-10-16,261.0446306113611,256.41511285666843,251.30507670949638
2022-10-17,260.87387183663407,256.5274461877379,250.90864334406817
2022-10-18,262.0639294288302,258.1694643199272,253.30114550733896
2022-10-19,263.59380808983366,260.16992353918846,254.15231872126404
2022-10-20,263.23575915836216,259.65949569837545,252.8550594293727
2022-10-21,259.8594495883154,254.53384826342833,247.42726305561234
2022-10-22,257.04949249656875,251.63640165625137,245.1238551422136
2022-10-23,256.6272827014002,251.02392577533513,245.06974650413576
2022-10-24,257.37107731813427,252.1575977398826,245.82930396372817
2022-10-25,259.08327910275165,254.1784440350537,248.28556152455923
2022-10-26,259.7669877491932,254.71613516185616,248.78363192131076
2022-10-27,260.43962366350706,254.3340227299476,247.6327744982895
2022-10-28,258.4598561852135,253.23461452843483,246.44823078485518
2022-10-29,259.1260301086367,254.3430653513107,248.20419340222523
2022-10-30,259.9530124398988,255.61210993591052,249.77081758344406
2022-10-31,262.91749643693345,259.1179199224362,252.4624247947929
2022-11-01,263.0529641040117,259.49938631212143,254.9426721986679
2022-11-02,260.77978926761836,257.8679252527514,253.46090302631563
2022-11-03,262.374578905038,257.67325976707787,252.00917200251936
2022-11-04,262.0876329357268,257.9986240947375,252.07960407156753
2022-11-05,263.53274246138136,260.54427090333314,255.58725651619838
2022-11-06,263.0586800338158,261.3741284303929,259.1886946757855
2022-11-07,262.90108605354266,259.9474856431593,253.93351130766692
2022-11-08,258.45122094164986,255.51710926334604,251.05938682395058
2022-11-09,260.66333119285554,257.9593415742039,253.42577051487052
2022-11-10,257.66343864211984,253.14068056198084,245.5549570776669
2022-11-11,252.07694763329286,248.31073173085716,243.53595071913082
2022-11-12,250.9188576247067,247.1509287330901,242.6326960830403
2022-11-13,255.18547038545418,250.73759615449,242.90304027199522
2022-11-14,259.472919458303,256.0377589725989,250.33278052776063
2022-11-15,254.16964611033669,249.71295936668687,244.07022223067938
2022-11-16,252.0519737498952,248.27635192145797,243.87448644693262
2022-11-17,250.23905908053717,245.7063647219326,240.4560483277226
2022-11-18,250.98867180189495,245.57672979782862,240.61901598394942
2022-11-19,258.6279554121343,255.32663192535068,248.78742925062608
2022-11-20,256.6479080633351,251.57686768167716,244.970159767095
2022-11-21,250.51689289929627,246.9578350041397,243.06690745666822
2022-11-22,248.025492749331,244.12471304390928,239.76439755070874
2022-11-23,246.5158797883865,242.58709020315058,238.48663707827936
2022-11-24,248.5704284144812,244.46490633023572,240.5193477923902
2022-11-25,249.44921047000722,245.5181341108839,241.42434287230873
2022-11-26,251.81313723401007,247.51286447101134,243.82645029306974
2022-11-27,250.53416155910233,246.50100308759676,243.26853363201306
2022-11-28,249.63933088592128,245.4049282720495,242.15773903997157
2022-11-29,250.50903430428446,246.17538606245702,241.96333854169535
2022-11-30,252.32585728731513,248.23260449908656,244.1359951772872
2022-12-01,253.1934606344485,249.11976030850707,245.12988709285273
2022-12-02,256.38327227050286,252.69428969654928,248.30840910608072
2022-12-03,257.7021819196486,253.16282797150546,248.1232380350863
2022-12-04,254.08473049413118,249.57157071049565,244.78472545546688
2022-12-05,252.8519577221706,248.8733164009688,245.1000343316698
2022-12-06,255.66652026717574,251.08808503277868,245.9038421108607
2022-12-07,254.0370827147315,249.93495150544211,244.75060757627665
2022-12-08,257.7692021317926,254.68903725013791,248.19482865195886
2022-12-09,258.62959946129894,256.4439381777781,253.91413110154346
2022-12-10,257.6336598127905,254.9856375832537,250.400926527983
2022-12-11,254.89663158427317,251.8801447952642,248.24476640850824
2022-12-12,256.04818270949306,252.88042850249388,249.34585567071034
2022-12-13,254.76015597794853,250.20591192031668,243.5971476467554
2022-12-14,249.76835193221348,246.10791762531352,241.70401866851537
2022-12-15,249.0516029481178,245.85547120216663,242.7347993129893
2022-12-16,249.024794484112,245.69389603026204,242.13780031561217
2022-12-17,249.78673177262073,246.14762569246395,242.36243590828872
2022-12-18,250.235983361577,246.41087097787346,242.63514985151588
2022-12-19,250.31160699877407,245.97962587036858,241.18333737673473
2022-12-20,248.59101591850202,244.40160110130066,240.22171781913428
2022-12-21,247.85330856334585,243.72038098116258,239.82430991845084
2022-12-22,245.9549932886199,241.67178153466017,237.95937278356095
2022-12-23,246.6217148989845,242.0156998140315,237.78443410058793
2022-12-24,247.48288652690476,243.18013201132527,239.3181294612523
2022-12-25,246.6830786266028,242.92405959955974,238.86108996727464
2022-12-26,251.1665898067217,247.02149633314625,241.9529732862024
2022-12-27,250.17733602029037,245.76819349839576,241.30766415743207
2022-12-28,249.87703777408777,245.62792089552994,240.87864517687296
2022-12-29,254.9248673515195,251.83374803023762,244.2347895197343
2022-12-30,255.89476577819588,251.61012685684767,245.23907675619284
2022-12-31,249.70235153334855,245.61132749685186,240.78610415322007
2023-01-01,246.50362893823984,242.73419006956942,238.5074934863618
2023-01-02,244.95520765354223,241.3994555038874,237.88417724662617
2023-01-03,244.81777661524208,240.91733117873605,237.13818780583233
2023-01-04,243.7286221084051,239.59120697975777,235.37282517940298
2023-01-05,242.36633347145667,237.39728437684187,232.8353991896615
2023-01-06,248.10704191590443,241.12305713388218,232.53686898424164
2023-01-07,255.73815082416894,252.49355549747924,246.50138892502795
2023-01-08,259.10595414957373,256.5034143454361,252.25696366834546
2023-01-09,258.44162322310376,256.0854253752175,253.12365981662367
2023-01-10,256.70464891545834,254.2591945838777,251.16859422888592
2023-01-11,258.1016644240311,255.8803479684776,251.94683065605338
2023-01-12,254.67184165668525,252.40589653340714,249.85257514538614
2023-01-13,253.03234348968238,250.9464008514399,248.13029354443543
2023-01-14,250.34578527680813,247.1112279111189,242.8359837303872
2023-01-15,246.79308517474144,243.96465014208556,240.09459737019614
2023-01-16,244.80121423696485,241.81896960134696,238.56107623922153
2023-01-17,241.68782929929648,238.7185228351821,235.40491244660922
2023-01-18,242.96521584887512,238.39658587387692,234.73564528048627
2023-01-19,249.27206510281394,246.18341550885305,242.302526925566
2023-01-20,251.13280785510037,248.44340435903754,245.42838455694698
2023-01-21,251.27432473794872,248.62871998825764,245.35296794313385
2023-01-22,251.07977450308223,248.16217158839547,244.9249390480464
2023-01-23,250.9690991633987,248.1576511853277,244.78957682949152
2023-01-24,252.8482661144976,250.53732539865388,246.7366709182829
2023-01-25,254.22186817466869,251.8439780143501,248.58522141995317
2023-01-26,251.0072057331173,247.63575817975007,242.73115788613322
2023-01-27,247.17387383260814,244.4361684999658,241.5817710371692
2023-01-28,252.78437843637974,249.52648911286343,243.42396620988688
2023-01-29,256.6643731195109,254.69578828713253,251.77196119631247
2023-01-30,257.64387524650544,254.98018600747994,250.83976837713985
2023-01-31,252.99288244437233,249.47129569399272,244.05144995098135
2023-02-01,249.41689012031125,247.096893119943,244.0447945167463
2023-02-02,253.94562677479158,251.59229923716296,247.81290300584968
2023-02-03,256.8683550824743,254.65813532056046,251.40082682431546
2023-02-04,256.83771392603774,253.658240134886,248.07277306550645
2023-02-05,253.55380575953976,250.80339221144118,247.0120714125525
2023-02-06,256.5780369039008,253.53953688542043,248.21406595919936
2023-02-07,250.93828386520374,247.2291090223786,241.78057106102904
2023-02-08,250.68566098223545,247.3633059409778,241.59050946885475
2023-02-09,255.26935384288367,252.98433017458942,248.67142598910004
2023-02-10,255.5552733863196,252.64859464616472,248.61782075591103
2023-02-11,252.71083962128483,250.3824138880702,247.23176108416305
2023-02-12,248.8945923355319,245.40814396123986,240.58740260502685
2023-02-13,249.1426373822334,245.18159284800092,240.00958096156975
2023-02-14,254.71274973430107,251.8133521503393,247.30671642120365
2023-02-15,257.7363540345956,254.53892371889154,250.5501848162565
2023-02-16,260.31004007881324,257.84638707675356,253.39126995156184
2023-02-17,262.61380978862445,259.9462713821858,257.0478606882022
2023-02-18,262.05721751088015,259.77735286204927,257.11054365021306
2023-02-19,262.45909656833624,260.6181692089095,257.8488954237386
2023-02-20,261.2368912459175,258.82157370354935,255.1524417792779
2023-02-21,257.49709499499687,253.41666725239665,247.43782642668052
2023-02-22,253.44224219649897,249.94581030764544,245.393409510847
2023-02-23,251.37790992053993,247.77004338471664,243.61688211779136
2023-02-24,248.44548676190786,245.05507056224883,241.93689962552585
2023-02-25,251.21578127872758,247.30595053884358,242.26585802564773
2023-02-26,256.00905799599747,252.6476515638961,248.2080051170635
2023-02-27,256.0041987277677,252.0773827718277,247.97936385571762
2023-02-28,256.60898496257573,253.51280932973597,248.44192266372843
2023-03-01,258.93028209818954,256.3112051016178,252.14696321366978
2023-03-02,260.93049292929663,258.3005478464281,254.79107464200936
2023-03-03,260.83195238651973,257.4912188030368,253.2712084585328
2023-03-04,260.31342454210653,256.8656578137175,252.67589907101225
2023-03-05,259.37995082897146,254.85699848966507,248.08603657912155
2023-03-06,256.380597164361,251.52230258156396,246.0427786485917
2023-03-07,255.26990059107078,250.76989597273408,244.9087881128282
2023-03-08,253.7545624891322,249.08731602749376,244.3385246504936
2023-03-09,252.95752065308605,247.6695870202515,242.8348948353413
2023-03-10,254.4552624012518,249.05094641448875,243.21584165478953
2023-03-11,256.6766414885096,251.3624586844713,245.6481020219027
2023-03-12,257.34033736753685,252.88499665870998,246.77582665371511
2023-03-13,260.26381048322986,253.97492019550617,247.18845749316753
2023-03-14,258.54389158749194,252.6516377742244,246.02103089795867
2023-03-15,257.53755996498916,253.14428696400898,247.4376351458426
2023-03-16,259.1259776502758,255.13290691319796,249.21361683360053
2023-03-17,260.9717435326409,257.760366711707,252.64459343184149
2023-03-18,262.27626694161734,258.4132069117532,252.92711396247702
2023-03-19,261.89514785540075,258.5065525833765,253.25822256987132
2023-03-20,261.8509050673407,258.07132363142495,252.64693309383395
2023-03-21,260.26137779166925,256.24365254070403,250.72072810546527
2023-03-22,259.5901665735424,255.06196783949267,249.11838818582765
2023-03-23,260.01374968574123,256.3284329912008,250.0960285322123
2023-03-24,261.02447602332785,257.65376967818213,250.46006340558824
2023-03-25,262.9400800210587,259.8397908752475,255.3751026015088
2023-03-26,261.0892686690349,257.52668711235555,251.6769820662408
2023-03-27,259.48659164326375,255.4539041905928,249.71694514532004
2023-03-28,258.9951478851523,255.18015656721005,250.0561791171756
2023-03-29,260.0213169507992,256.96384109201216,252.3996532378886
2023-03-30,262.1222046108285,258.87187538653785,254.19191470016273
2023-03-31,263.64065718038864,261.1283682277491,255.6581190307587
2023-04-01,264.81292843322996,262.2574856228399,258.6543890735579
2023-04-02,262.9715317521403,260.7924983556013,257.8499017228059
2023-04-03,263.87361446390065,261.5999593108659,257.9001445964527
2023-04-04,263.33556101787786,260.3880357593831,255.3381659460565
2023-04-05,259.57812671164464,257.3470870089212,254.0646105279393
2023-04-06,260.7640695795628,258.0449140808476,253.5896292550781
2023-04-07,258.9468787319195,255.13648269458463,249.7517225485117
2023-04-08,258.3704771892606,253.63864123535788,248.07875644825202
2023-04-09,257.83133580250995,253.1478306163068,248.62327910117855
2023-04-10,258.5917220193927,254.2954673883972,249.0176337748095
2023-04-11,260.23647277876046,256.0409092681794,251.1394702305384
2023-04-12,261.4864567116679,256.137064631268,250.42250723982664
2023-04-13,261.13797507962266,256.2160540271449,250.52519967765664
2023-04-14,261.961712367922,256.5586793697811,250.92509858443285
2023-04-15,262.09661137347354,257.34538801922565,250.51426283038975
2023-04-16,265.50317497793077,262.317573440688,256.3246072881842
2023-04-17,266.7064320945043,263.94907374488713,259.1127840547008
2023-04-18,267.7944967916388,265.60626555896783,262.21283794092597
2023-04-19,267.9177671381282,265.3907167833381,262.16887314507363
2023-04-20,265.58503374962214,262.98687264890447,260.1961285531487
2023-04-21,263.1488240225561,260.50099565495225,256.64323500739914
2023-04-22,260.515435996255,257.26346410428323,252.50387683027284
2023-04-23,259.3138960189747,254.53891390667093,249.65993503605455
2023-04-24,258.4329552273128,253.22111595731863,248.22115038654863
2023-04-25,257.2808294751103,252.17538850091367,246.9544248285585
2023-04-26,260.35454243094813,256.15272752887745,248.35310717038274
2023-04-27,263.2237593776751,259.179135892128,253.89511672996858
2023-04-28,263.2580751580428,259.1462392422066,252.67109085705331
2023-04-29,262.87338205339967,257.8747790413164,251.0420857664262
2023-04-30,262.19469263394035,257.5378630113897,250.51700384147418
2023-05-01,263.0550646473437,258.9712484597645,253.00937364029303
2023-05-02,265.36763268013124,261.78996056217574,255.76589870741864
2023-05-03,265.54414293198744,261.0389331220736,254.6677459250107
2023-05-04,263.56062948507633,260.4789917908804,254.17572944020716
2023-05-05,264.96481881205307,261.167500039712,255.68483893284116
2023-05-06,265.6054081160447,262.2969281277654,255.98520086655395
2023-05-07,264.3482165249179,262.1025867160404,259.1768294816207
2023-05-08,263.71633826024254,261.66823081859104,258.6321248459263
2023-05-09,262.0721404475238,259.3729217186077,255.09666524524783
2023-05-10,261.1620154947592,256.66681842932087,251.4139498363654
2023-05-11,260.2504742840328,254.8772118813348,248.79984041662863
2023-05-12,260.32140984552586,254.4984287549529,248.1773587696398
2023-05-13,263.53503572005496,258.82186538673204,250.29316881082724
2023-05-14,266.03272977622487,261.68602832208904,255.65603949509406
2023-05-15,265.81827901765547,261.4147961275733,255.4833388865837
2023-05-16,265.1869450641132,261.1517629045489,255.11948500782313
2023-05-17,265.74291815756123,261.6606418657097,256.1592309136495
2023-05-18,267.6574910855703,264.1487805983132,257.28386506075515
2023-05-19,266.92780789290765,263.0227686243517,257.5250288512186
2023-05-20,265.43265088156437,261.747161580032,256.7675285026385
2023-05-21,265.33253203392604,261.4071644794766,256.74431100493655
2023-05-22,266.37908496519174,262.8176752736417,257.3562892002302
2023-05-23,269.57858814356746,266.9730141482036,261.14179130838346
2023-05-24,270.83451288332407,268.30458217827737,263.9112913193807
2023-05-25,269.51778351816694,266.89632005442894,263.11472059437773
2023-05-26,267.3721543969666,265.0933754137952,261.50835904236106
2023-05-27,265.9807103669921,263.13702578910693,257.91646551566936
2023-05-28,265.43708727743604,261.7365542850555,256.43733377703325
2023-05-29,266.91586112572884,263.95066387351596,257.4615371933873
2023-05-30,269.1301294584495,266.67096636134363,262.65110538088106
2023-05-31,270.5085103754466,268.5593979633383,263.7749887882414
2023-06-01,270.8264397433906,269.1057338649719,266.4012742574422
2023-06-02,269.7376138995751,267.7039873105095,265.1875475216209
2023-06-03,268.8764461748666,266.26391033133865,261.71613177253266
2023-06-04,267.9740031704072,264.41101809008916,259.3552587138131
2023-06-05,267.6961168948663,264.1338557006548,258.802802302675
2023-06-06,268.026644234487,265.3983791874603,261.10006095596106
2023-06-07,269.9887501341,267.4193575276388,263.613279004185
2023-06-08,270.1582120971691,267.4664376191531,263.2313694502816
2023-06-09,270.2663526084424,267.0448047868153,262.96941744343195
2023-06-10,270.54521008076085,266.8650842295523,261.37644978668914
2023-06-11,271.16273911096835,267.21092942938,261.4088114355585
2023-06-12,271.9357517892594,268.25712844383867,263.06342321147497
2023-06-13,272.00227467884986,268.89506692164315,264.0143544889506
2023-06-14,272.555876690289,269.2722575125178,264.2515174022982
2023-06-15,272.25487184154457,268.90827184039006,264.40514907704954
2023-06-16,271.84509387286727,268.60753794633507,263.72618907361294
2023-06-17,272.4284579881635,268.91158938417954,263.53973289788934
2023-06-18,272.64208732113195,268.3284512389499,262.8891279863124
2023-06-19,271.0406232882275,267.5587644916355,262.4419768733578
2023-06-20,270.9557915265275,266.5653336056955,261.4048525712962
2023-06-21,271.342556473569,266.5250046557051,260.9894080890119
2023-06-22,272.16821012376033,267.368176189376,261.4879798587847
2023-06-23,272.8008055790027,268.11583473173584,262.6569863030944
2023-06-24,272.8451101289442,268.5271394584844,263.2648808181891
2023-06-25,273.967789228166,270.6159781426778,265.37467284663137
2023-06-26,275.6860456818694,273.1366350829901,268.94706250828654
2023-06-27,275.98178948145227,273.01957103658765,269.00144026377103
2023-06-28,275.8998633699397,273.60641638303326,269.06836503564585
2023-06-29,276.2327125272135,273.3727423682627,269.90785343021304
2023-06-30,274.7136699136496,272.2732950268378,269.0694083031959
2023-07-01,274.26997120275377,271.5090252909437,267.65082274392427
2023-07-02,273.55765870170984,270.45014140087983,266.4591373663094
2023-07-03,274.0098854254754,270.92383345996467,267.0373688731728
2023-07-04,275.11991513345004,272.8451148533679,269.01427222503804
2023-07-05,275.9139954905152,274.13607878198206,271.76127702308287
2023-07-06,276.38868610003533,274.11765938563445,271.91528688844284
2023-07-07,276.0659523097283,274.0466749941935,271.73938013190894
2023-07-08,276.0482253274188,274.2663556520918,271.67835784908493
2023-07-09,275.36527164066155,273.6591775436701,271.13599481717637
2023-07-10,275.22944621143455,273.06699565119436,269.84036550411287
2023-07-11,274.1767170506918,271.37811241381917,267.43980382827766
2023-07-12,273.276595087499,270.13846687444993,266.49084152800856
2023-07-13,273.08736216866794,269.97443257616993,266.5637400965906
2023-07-14,274.46339607908857,271.2751036607143,267.31024654907935
2023-07-15,276.89067516874917,274.035015437512,269.82213924572585
2023-07-16,278.4199625481618,276.2894296954273,273.03792177448463
2023-07-17,278.7885535623213,276.4199147267368,273.34509338208056
2023-07-18,278.4821617420938,275.83467695315375,272.5820066934043
2023-07-19,278.94498261525524,277.0079278387889,273.8534292275758
2023-07-20,280.33699508848724,278.2166247581426,275.7049316502715
2023-07-21,281.06370865773937,278.8278496099275,276.414313137582
2023-07-22,280.9166728673222,278.65860488711604,276.6752308742384
2023-07-23,279.9199399347135,277.3627088764327,275.07593270002434
2023-07-24,279.2120538342574,276.7272618563663,273.94912550885374
2023-07-25,279.2602363759319,276.7991647066531,274.00981272970586
2023-07-26,280.09182391101825,277.22460016206134,274.5702254902484
2023-07-27,279.2912456443484,277.1273095702701,275.0557077593294
2023-07-28,279.61565393989514,277.2589030513995,275.2240841652293
2023-07-29,278.71278183344975,276.15949660223686,273.5399139075426
2023-07-30,277.1968939855583,275.1412823473091,272.8043135604204
2023-07-31,278.0160819949167,275.7996004670056,273.54836804803244
2023-08-01,277.730272787233,275.53654081226983,273.2772056638725
2023-08-02,277.9026325744793,275.69845247382284,273.28984232406026
2023-08-03,278.10877550465653,276.1393008044841,273.93219028080284
2023-08-04,278.502639249345,276.47669549549437,274.36926420511617
2023-08-05,280.1427413542236,277.87391217156437,275.43534421459987
2023-08-06,279.8447021476331,277.1902729611668,275.1084275879803
2023-08-07,278.51599143353025,276.1510412699864,273.52936904377964
2023-08-08,276.07838200555494,273.33800584275576,270.4360332706963
2023-08-09,275.96174117708847,273.33508431807155,270.36875726565967
2023-08-10,277.4498692699526,275.2416757700397,272.38408127869013
2023-08-11,278.53570221187573,276.1707039185972,273.2859425907165
2023-08-12,277.63166573173567,274.68585819892417,271.5720730541692
2023-08-13,276.57574052719934,273.847396291438,270.8672025883387
2023-08-14,277.32864570077254,274.78625444705983,271.6965667148596
2023-08-15,275.379415552113,272.76035103011316,270.0661463150625
2023-08-16,275.6453842514439,273.2544672008007,270.60392971285694
2023-08-17,275.92677612687385,273.3379316535327,270.6021960953081
2023-08-18,275.87202273396207,273.3484493252759,270.3520509297078
2023-08-19,276.4869984186422,274.1256968596852,271.5243701010855
2023-08-20,276.49942085123763,274.0262800834918,271.452138790184
2023-08-21,276.66064712473207,274.14366049180785,271.70727010817257
2023-08-22,277.57651265513624,275.25514011463196,272.6444690950379
2023-08-23,277.6487251988464,275.38393873587336,272.8153943177676
2023-08-24,277.53961246065063,275.4292079075713,273.44866313141006
2023-08-25,276.36479591915514,274.39636981924207,272.4491924994663
2023-08-26,275.9662558085487,274.05088538199544,271.94196021615517
2023-08-27,275.06421168402204,272.6909427213029,269.90144372768447
2023-08-28,273.58868146618073,270.5730605262429,266.9394592076359
2023-08-29,272.039782170591,268.34602543874536,263.8790546159964
2023-08-30,270.28559278382517,266.53586797577265,262.65728269020167
2023-08-31,271.6474661610428,267.8393931990896,263.5106978994704
2023-09-01,273.29509101629634,270.08492969775455,266.27443177793
2023-09-02,274.75855009481654,271.59258694600027,267.6842756426765
2023-09-03,274.6840301086005,271.2784450577851,267.5534518544378
2023-09-04,272.753835425085,269.7398324218515,266.22735263682375
2023-09-05,272.90525814356073,269.6102926182316,265.6355931739507
2023-09-06,272.690862455631,269.3812592922513,265.3111341819512
2023-09-07,272.96507992386364,269.6907505583962,265.917103178399
2023-09-08,272.5656857013306,268.9776574503546,265.1034316477883
2023-09-09,271.28240704516327,267.82156958794496,264.1435955634051
2023-09-10,271.1254714424316,267.1921739880139,263.56086696532407
2023-09-11,269.60432498085436,265.5220738173063,262.1081482786372
2023-09-12,269.95817717018633,265.5897059208165,261.45932532829306
2023-09-13,271.1262976609011,267.2225614882663,262.8512965059975
2023-09-14,274.06169875086846,270.96239615480806,266.813277334788
2023-09-15,274.9985870891626,272.10133190941366,268.85986520488603
2023-09-16,274.2022860397579,271.34594279737854,268.1997835591791
2023-09-17,275.08101885596574,272.6245429250586,269.6341051239359
2023-09-18,274.84330514659587,272.5295097737402,269.9332077742076
2023-09-19,273.94804890712436,271.3402189151237,268.32964899726204
2023-09-20,273.21770569749305,270.54460872674923,267.6855562599112
2023-09-21,272.2892161873207,269.481510839264,266.77799945225513
2023-09-22,271.35041278272894,268.58459333120317,265.42030432757826
2023-09-23,270.2166328596904,267.54211272772017,264.48266416495835
2023-09-24,270.40672814574117,267.7915411881711,264.68239317826885
2023-09-25,269.19691521679584,266.24128452193895,261.9880261135701
2023-09-26,267.05264416541615,263.55862066943064,258.82846367804245
2023-09-27,266.9254105636357,262.6696220735595,257.6826353825136
2023-09-28,266.57752929395923,262.80320917898615,257.6332095606566
2023-09-29,266.84861861753967,263.7238298607806,259.8822304451631
2023-09-30,266.71453008569364,263.2656463536049,258.68264407502255
2023-10-01,266.57527782287764,262.8177987883195,258.0754607224826
2023-10-02,268.29925984824985,264.7208002752413,260.0095294150462
2023-10-03,266.53534797910584,262.7550688728181,258.28641891812197
2023-10-04,266.0444299261381,262.33777217186974,257.71394494749
2023-10-05,265.28972294775593,261.7013759607927,257.32838261897234
2023-10-06,266.96479176261386,263.4080899759989,257.8575597159031
2023-10-07,268.47624370331533,265.5741247252423,261.9455720464431
2023-10-08,267.4837070008189,264.44774074096114,260.45780832069204
2023-10-09,266.6409256295277,263.9176053605442,259.751954382324
2023-10-10,266.4823781921176,262.5824594825576,256.087353795142
2023-10-11,262.0626868940196,257.3046973763369,252.2427692992368
2023-10-12,259.95343327911013,255.83774249464454,251.3043385797953
2023-10-13,263.097356599226,258.9877892424643,253.00931590004353
2023-10-14,266.5562844835564,263.3949369802588,258.3471588839121
2023-10-15,264.4924983905996,261.1414005617221,257.03922946875207
2023-10-16,264.73966968788784,262.53617607528133,257.8102239027742
2023-10-17,264.6605519405891,262.07192043090595,257.6487027882916
2023-10-18,262.29409000163645,257.967663136945,251.54684634282515
2023-10-19,259.3463712939919,254.7993593444783,249.45176363794204
2023-10-20,258.2765432440971,254.08608534082057,249.16826234403968
2023-10-21,258.22835962051124,254.06231799005772,249.9683005979745
2023-10-22,260.2827234150188,256.2678118006103,250.491030616828
2023-10-23,260.2639522338485,254.53652533144302,248.9335057250661
2023-10-24,258.81916815939127,253.52286769093323,247.83762200251567
2023-10-25,257.67859871984075,253.1215108073589,247.29081278448825
2023-10-26,256.78970146200805,252.00960265006168,247.2948740307116
2023-10-27,257.61715746595274,252.947484421437,247.627483770305
2023-10-28,258.8752200058693,254.23375282472676,248.90866961915054
2023-10-29,259.36474027592476,254.7271944867109,249.98226395627356
2023-10-30,259.9929803749666,255.03053390305143,249.7281241115688
2023-10-31,259.5538808819126,255.23058017640702,249.79821387665422
2023-11-01,261.9336024815688,258.20642640898353,252.4221871248787
2023-11-02,262.5754068439416,258.6470856026553,253.0064558905475
2023-11-03,258.31621566866977,253.6648409254151,247.16077880063142
2023-11-04,254.76447076583622,249.85394502135114,244.78904590197016
2023-11-05,254.61446860123897,249.3980170326947,244.09239315983473
2023-11-06,255.4144988960813,250.73548534836556,244.90308036301732
2023-11-07,256.9463807505343,252.83656451274962,247.35944590303492
2023-11-08,258.4876970286334,254.87509514744235,249.88981671041793
2023-11-09,261.57663112565615,258.3566173279102,251.9309789433036
2023-11-10,262.13217890356407,257.62405831243575,249.4113421447808
2023-11-11,255.62036057906897,250.5189717672675,245.07894555891372
2023-11-12,253.9534235135619,249.5369745826262,245.01860288336513
2023-11-13,254.26035702489875,250.2095365646516,246.55322283519644
2023-11-14,254.30420032844313,250.05198251621908,245.3995548467707
2023-11-15,252.37093097784143,247.82756338841352,242.94399982985698
2023-11-16,252.17109442677057,247.27989905664774,242.5843505311258
2023-11-17,253.2997333439786,248.60583096590597,243.54745161877656
2023-11-18,255.81613427911304,251.51331140900336,246.19329048612715
2023-11-19,258.68981403856026,254.35644936771897,248.67000754287898
2023-11-20,257.11859767709274,251.90825962778396,246.5990515083019
2023-11-21,255.06255625800205,250.52234717565418,245.83295694706288
2023-11-22,254.79706588850894,249.85482486021465,245.10712146268895
2023-11-23,257.6477148785603,253.07301324156063,245.84750311609736
2023-11-24,256.9752669625084,251.5212351022474,246.21100633958733
2023-11-25,255.4691207462509,251.62149809600217,246.1276779140217
2023-11-26,258.37569812266344,255.14419128963368,249.9695886075372
2023-11-27,262.0179863871748,258.2289481443949,253.83355171517604
2023-11-28,259.8992829485149,254.69573176120926,248.619701870702
2023-11-29,257.9184334239349,254.04692430317488,248.16788786232019
2023-11-30,259.6082332585877,256.7773945607095,251.90619436180685
2023-12-01,259.0514982273725,254.89564367507793,248.69776476585238
2023-12-02,254.5905186893308,250.030790947319,245.10531261851946
2023-12-03,253.24913482046438,249.7373814278496,245.68067977809113
2023-12-04,251.79664370144783,248.18428411027443,244.1530192310946
2023-12-05,250.58351359230116,246.4606102871992,242.60819300433326
2023-12-06,249.84786201233786,245.18127031552882,240.86724584332882
2023-12-07,249.1497388321592,244.11631257032985,239.8734155242698
2023-12-08,250.2808835566954,245.64743573107387,239.98074155212294
2023-12-09,252.4123762205012,247.91699984507392,243.0410638919176
2023-12-10,250.99259232602796,246.35135819849685,241.54151373093345
2023-12-11,250.39220652766318,246.432929278406,241.52254756225386
2023-12-12,253.86029126151263,249.68424290385147,244.80598186614486
2023-12-13,253.75578799614067,249.73072324810622,244.67088177638755
2023-12-14,255.18721247111515,250.16771624060115,244.5751666046114
2023-12-15,254.13574916716115,249.4390933447694,244.16989082479316
2023-12-16,255.57955532190806,252.40389345075312,246.69027588799938
2023-12-17,254.63572676134322,250.44376566220086,244.36570606055093
2023-12-18,250.33030701766288,246.35735164764088,241.6247625432482
2023-12-19,248.9409780083852,244.32863456445503,240.39291624424806
2023-12-20,251.36754432538703,246.55378878446302,241.46959646023842
2023-12-21,252.32292831838245,247.22698981185448,243.19856349157686
2023-12-22,252.91765661782787,248.01449867075286,242.6720305789644
2023-12-23,259.45925921075855,254.72350752911254,248.61779330527136
2023-12-24,258.00703923022724,254.20486024090488,248.3886341010704
2023-12-25,257.48943642994783,251.8236769734018,246.04841892399577
2023-12-26,254.66248102519347,250.10385941185575,245.52689503409835
2023-12-27,254.76984069981782,249.36553366558147,243.4861214629303
2023-12-28,252.13571828131458,247.60551244347107,242.2020489633426
2023-12-29,250.938491568922,246.44256371280903,242.31960255322807
2023-12-30,254.99599994366883,250.71478865535974,243.88547229235374
2023-12-31,254.81305427010082,249.45775966009882,242.7005366429715
2024-01-01,252.27348572270722,247.20420676146944,241.30696616239965
2024-01-02,250.1609307001044,245.42446670299995,240.64316762118733
2024-01-03,250.31232460437644,245.72074802909395,240.68471030846672
2024-01-04,251.4891573774456,247.67659356144293,242.6660840092513
2024-01-05,253.79934062788493,249.7199273366031,244.47256161055302
2024-01-06,252.70327066901854,248.1782776044313,243.3740444116714
2024-01-07,252.39938705403813,248.0020529868651,243.30315872704927
2024-01-08,252.38344472884913,248.60377999330578,243.7774540960154
2024-01-09,253.65247288692802,248.87274571884902,242.8544401704149
2024-01-10,252.3292147856051,248.01614645309013,242.65931416688008
2024-01-11,253.14423251982262,248.72732751984574,244.43956189237724
2024-01-12,255.27713708285506,251.39592496795933,245.5646855413657
2024-01-13,259.45034032588313,255.4455772225242,250.78080962540625
2024-01-14,255.70675466120568,251.16875327726737,245.28305998401285
2024-01-15,254.68010633271845,250.0910617819829,244.6727225545559
2024-01-16,254.7106805681663,250.6078349797576,244.88700849007603
2024-01-17,253.95540584159818,248.95835508267626,242.82180532562762
2024-01-18,251.57356987184275,247.08290722387184,241.75871191479993
2024-01-19,251.06133142114004,247.19109795893468,242.24374171890224
2024-01-20,252.59219735090107,248.31297392857144,242.82905234404615
2024-01-21,251.2450302062443,246.47566301046697,241.35768905749197
2024-01-22,251.37576010837827,246.48063499394726,240.4171403530835
2024-01-23,251.36395319280592,247.13904495802126,242.39364745902483
2024-01-24,250.96394614214498,246.54343043792036,241.63534309504976
2024-01-25,253.60080215823922,249.87800273556377,242.75990700107195
2024-01-26,256.52887848400854,253.14336239261343,248.46076344508344
2024-01-27,253.9990631285244,251.02835356970272,247.3066328159823
2024-01-28,258.95217762042387,255.98902540136638,250.43754608422262
2024-01-29,258.59252810391143,255.458070756408,250.77645979293524
2024-01-30,256.6414995558752,253.8336483209036,249.70345328794846
2024-01-31,256.42435654317416,253.49484314245797,250.21264423457507
2024-02-01,253.98171690861457,250.85990289022928,246.7986623209783
2024-02-02,249.0962816154576,246.04771407431718,242.91844088066125
2024-02-03,253.91245065915564,250.6476815305719,244.11607314734823
2024-02-04,255.218545169311,252.14928459136343,247.9957249582118
2024-02-05,251.28714765881415,247.44636965303843,242.41621680909225
2024-02-06,248.00195414830276,244.34077256635013,240.3582623782785
2024-02-07,246.49931195604088,242.6371168207919,238.0773008937747
2024-02-08,243.75530683507725,239.79572209162512,235.7751373906652
2024-02-09,242.00851512090938,237.56551344563402,233.59866684802859
2024-02-10,243.00722164186496,238.11127572700522,233.42714477753506
2024-02-11,243.82773075564373,238.93934300037773,235.02057248876415
2024-02-12,247.47564308523363,241.97450478178513,235.65085240481537
2024-02-13,248.74479683492171,243.8797622948828,239.01829405828045
2024-02-14,249.47569954988853,243.74924583630406,238.1945896699524
2024-02-15,251.27696219741702,245.07592783866696,238.86606048967286
2024-02-16,253.54146715009674,247.99877624077013,241.56367065362326
2024-02-17,259.91678055598356,256.5837365405418,249.40007585885746
2024-02-18,261.86332951725575,259.87001093847334,256.97567222830793
2024-02-19,260.99262015482356,258.64472578244295,253.5677098063202
2024-02-20,255.62340130694133,253.03335360830957,248.92038635487557
2024-02-21,251.89276531476978,249.26583923984484,245.45589792429385
2024-02-22,250.40592830103822,246.8022011871058,241.49977490656426
2024-02-23,246.9254078914322,243.57821344400733,239.6860858353724
2024-02-24,248.131344808822,244.9990558270195,240.5689467661613
2024-02-25,249.97173941473108,246.7199814430884,242.58284741938877
2024-02-26,253.29014923299033,250.26992982618728,244.00376120680514
2024-02-27,256.7216953796699,253.18096069445895,249.05619484366866
2024-02-28,255.91429665169437,252.6539265273461,249.01743894609646
2024-02-29,256.6040577678361,253.79742430062328,248.2027990400463
2024-03-01,260.67837072078134,258.58619814821054,254.63988986377876
2024-03-02,260.51011588113715,258.6825316468228,255.88085432720783
2024-03-03,255.63191177689848,251.68037143352092,247.49008247541357
2024-03-04,251.150298993845,248.2255971998788,244.82691103913126
2024-03-05,250.4603704936525,247.3991352626183,243.77017293917365
2024-03-06,253.18577413113053,249.84586294354625,244.0721526177959
2024-03-07,256.48933106240156,253.14091979239518,248.61766258910373
2024-03-08,255.45272548743927,251.88352999956942,247.09396242064742
2024-03-09,253.0482980778496,249.08323507112766,244.7438394629938
2024-03-10,255.1377164006936,251.63808288815517,245.44074887294155
2024-03-11,260.0298145212027,256.7264037690347,252.89083406765803
2024-03-12,259.4186150721559,255.54985652906564,250.43529385720532
2024-03-13,259.5411727274525,256.6296763164503,250.47373680640723
2024-03-14,258.37924513781536,255.00001316802374,248.5701254353799
2024-03-15,254.4908300332966,250.78094443746954,246.07769572075955
2024-03-16,253.74775724841967,249.54480367057786,244.2849507254052
2024-03-17,253.41789940624238,249.07942097697278,243.90712423347108
2024-03-18,255.12720131752005,250.90273833846436,245.96705921879638
2024-03-19,255.6503898257564,251.16719419372092,246.45305691037063
2024-03-20,256.0726800226298,250.80832452850584,245.27875892593767
2024-03-21,261.3825225355269,257.55623879156246,249.70179696802344
2024-03-22,262.2271153280035,258.7461438560897,253.49626290144687
2024-03-23,259.0626746763793,256.25350655063323,251.77597987133916
2024-03-24,261.4041823942326,257.44680231624557,251.37209409842308
2024-03-25,260.088506384841,254.6481829585576,248.68460727376467
2024-03-26,259.9812780129978,255.84529120964694,248.56106983252715
2024-03-27,264.44886145266037,261.40855813746117,255.6175918523461
2024-03-28,266.94067181501555,264.671303335072,261.5195711240685
2024-03-29,266.3939508522591,263.82157499484873,260.32659034565285
2024-03-30,264.7491045834863,262.4595952149586,259.8541076667747
2024-03-31,262.4832795382603,259.09375060491817,253.38487026277596
2024-04-01,258.97968196650356,255.16110835969496,249.6134240184705
2024-04-02,258.8444547310858,254.65881075493564,248.92725552775883
2024-04-03,261.8010280747456,258.6035951745825,253.2979801715738
2024-04-04,260.77320965105315,257.5160011708076,253.52897875124398
2024-04-05,261.3943901093027,256.6473094696317,250.16173272269066
2024-04-06,259.4466585869533,254.66250221644103,248.99186065914867
2024-04-07,259.56776485752414,253.9789129358805,247.30693164676057
2024-04-08,258.0868042765566,252.30015500922877,245.73478424028937
2024-04-09,256.6493165007004,251.04843474156957,245.59718554557153
2024-04-10,258.3489531842512,253.4267321964178,246.30623165764098
2024-04-11,261.9402730037669,257.74774755914325,251.72971686195288
2024-04-12,262.6281941409843,258.68414968207236,251.31065118228884
2024-04-13,264.5398764427842,261.69738557367623,256.5525330250443
2024-04-14,266.90825134680506,264.4235985325914,260.5426078069285
2024-04-15,267.9123142317409,265.56554556427164,261.8613570642409
2024-04-16,265.607614976354,261.8327788286789,255.28756052754255
2024-04-17,262.58139742751274,259.5285512267248,254.70523920660364
2024-04-18,266.3250071268333,263.8743831379276,259.1837102339518
2024-04-19,266.2350919951171,263.8569049734642,260.1408059939765
2024-04-20,266.21857492851,262.75484763332145,257.24202819458947
2024-04-21,265.1385119430516,261.26036256127867,255.7060814955493
2024-04-22,265.07186427925393,260.6040294709886,254.41575148504774
2024-04-23,264.2742120661567,259.30735927507675,253.51717365506022
2024-04-24,263.3817904329358,259.28467058039604,253.22055255788771
2024-04-25,263.52710446664184,258.824215549911,253.03605112895983
2024-04-26,263.5175038238254,260.5453157785069,254.8364827090226
2024-04-27,266.9154985990193,264.16644533901285,259.7887191163441
2024-04-28,265.85843383595363,263.9106414989731,261.2183291277813
2024-04-29,266.07015114437525,264.1573803864336,261.3625154298106
2024-04-30,263.53156921382504,261.13204713828185,258.1961785436282
2024-05-01,262.61241879462267,259.78628996013714,255.08132078747906
2024-05-02,263.51537926825574,258.36437128551904,252.24675417538742
2024-05-03,264.19909813092005,260.5856760095106,252.38253435034994
2024-05-04,267.6533546233283,264.5913777178347,259.67434314636745
2024-05-05,266.9678400687911,263.25264703265515,257.2399880000637
2024-05-06,267.1707904097048,262.47913648553725,256.14502413118726
2024-05-07,267.2642855004167,261.0850392511963,254.34123412577213
2024-05-08,266.0497765355855,260.2441131736299,253.5610018613937
2024-05-09,265.99682654292553,260.5702734193419,254.48471343435943
2024-05-10,266.7483868814561,262.0856388755996,255.36546954127522
2024-05-11,266.7846155010284,263.37384237948834,257.53645372951104
2024-05-12,268.77710479073767,265.6249644946949,260.5498053077971
2024-05-13,265.4977725269455,262.1495348144052,256.2565906814298
2024-05-14,264.86310336465317,260.34283374242216,254.76491899557482
2024-05-15,265.6155474593095,261.12436590300314,255.68762422969922
2024-05-16,266.290756854492,262.03420425293893,256.5556031438468
2024-05-17,266.8718201128853,262.9532294601073,258.08084525206175
2024-05-18,268.309530142606,265.0641593434388,259.77322948196
2024-05-19,270.09636324553964,267.105770399046,262.1172528597191
2024-05-20,270.92331280081424,267.53089613815223,262.4042478934247
2024-05-21,270.17306929804306,266.48402294392577,261.3532383251944
2024-05-22,270.19825671794706,265.62191104795335,260.46999686456144
2024-05-23,268.4569458048639,264.62963756294624,259.85592290166153
2024-05-24,269.4723631418224,266.1919081779483,261.56338866670063
2024-05-25,270.47823388506833,266.96326465382435,262.1402104053037
2024-05-26,270.71286250985213,266.65676895193195,261.3057888899778
2024-05-27,270.09358118223537,266.0809697863082,260.7301678363382
2024-05-28,269.440558091274,265.9612778416832,261.57468016086995
2024-05-29,268.8836662338458,266.28069986583483,262.9321042092414
2024-05-30,269.3783522108376,266.6491024973077,262.60073854347297
2024-05-31,269.1129341809883,266.61673000367625,262.8033725802454
2024-06-01,269.32632011738804,266.5720707248119,262.0701679074039
2024-06-02,268.58891082169845,264.9850035090106,260.21665465964674
2024-06-03,268.55836785258384,265.23299168607537,259.97582025182516
2024-06-04,270.3469199637473,267.37492778986126,262.8543232663149
2024-06-05,270.7471115197191,268.5452946963464,264.4782087434007
2024-06-06,271.5087961003938,269.13962275267403,265.7625953128189
2024-06-07,270.24543927112114,268.0938633260089,264.9317741862274
2024-06-08,270.4875976170695,267.7442088101956,262.89710315896025
2024-06-09,269.66431434016937,266.3292952798691,261.3912599477441
2024-06-10,269.9809158697448,266.71250291292654,261.34633228563285
2024-06-11,270.8791260358704,267.2028899498797,262.7117672543899
2024-06-12,270.75032226459786,267.4198497745873,262.7750638564414
2024-06-13,271.27318760842866,268.2645871724202,263.7935141493224
2024-06-14,272.32323907259206,268.8511943559497,264.26460836516173
2024-06-15,272.0580590058452,268.29918409712434,263.532228324746
2024-06-16,271.80817588321594,268.3444722536749,263.6117079282318
2024-06-17,272.8373774508779,269.5713492526699,264.96649300996353
2024-06-18,273.9831245508716,270.68767067230993,266.1914992350947
2024-06-19,273.6743627343435,270.6399643416527,266.5120158029308
2024-06-20,273.6636115016294,270.97346914134255,267.37185426333843
2024-06-21,274.660961996626,272.03221809329796,268.0179098012384
2024-06-22,275.1847083599432,272.52399860935554,269.159713196699
2024-06-23,275.1120196978116,272.3159795496111,268.71713867870193
2024-06-24,275.5797228644538,272.106465223438,267.85550104301933
2024-06-25,275.0620099040982,271.9299531858301,267.492384699377
2024-06-26,275.3489206987137,272.3418176447584,268.65836209101354
2024-06-27,276.1217545623778,273.13003792196525,269.43871259159005
2024-06-28,276.4106462082331,273.8298028791243,270.27446706890277
2024-06-29,277.5712952255114,275.2907039941787,272.1853816601855
2024-06-30,277.6502616416799,275.3578809922825,272.69690575489267
2024-07-01,277.31228490564536,274.6851896368895,271.5596914895841
2024-07-02,277.3909386229908,275.0098190653168,271.65248101402676
2024-07-03,277.15267525251744,274.4110833168232,271.23377479048753
2024-07-04,277.4989746722015,274.8691634720841,271.6920418949211
2024-07-05,277.9061029952745,275.0281415029602,271.9950037407871
2024-07-06,275.66852838777845,273.0070145262141,270.58522884649165
2024-07-07,275.95818087542926,273.46684084838216,270.65381142516287
2024-07-08,275.53702371749654,272.9242835261339,269.97442713809784
2024-07-09,275.08604689711063,272.3469343401382,269.39945997597175
2024-07-10,276.6532799546745,274.0311641798002,270.47161731159895
2024-07-11,276.27318715256666,273.21554414783606,270.16609764398925
2024-07-12,275.4023352415875,272.5447927909631,269.3094457716369
2024-07-13,276.0426306733451,273.39658093127537,270.3584473599777
2024-07-14,276.012760135004,273.3165993331399,270.17246595809655
2024-07-15,275.6345935802979,272.79083168373336,269.9086386254848
2024-07-16,275.80680456395663,272.97644360735524,269.5160873848874
2024-07-17,276.4177057137636,273.3589852808446,269.82023086521883
2024-07-18,277.115374158637,274.58512826301086,271.2074343821272
2024-07-19,276.4038592240382,273.84248818019415,270.8754610786915
2024-07-20,276.9496313714366,274.4052486583338,271.52195702302686
2024-07-21,277.2581346108018,274.7876643665033,271.8446558979601
2024-07-22,277.1183498985554,274.344125233821,271.41632302554365
2024-07-23,277.44013070803805,275.22477739311023,272.41433011335437
2024-07-24,278.4066919275551,275.85742834638063,273.0223119569957
2024-07-25,277.0566578062598,274.4268447825588,271.6580671634096
2024-07-26,276.61692158716266,274.0598507185074,271.4197066368114
2024-07-27,277.5598045149836,274.9621084249747,272.2256530418713
2024-07-28,278.2527606527067,275.52068942374103,272.7624111714914
2024-07-29,279.7772281149906,277.34897476443444,274.23275283909936
2024-07-30,280.9538375706674,279.2276380883954,277.1354379923523
2024-07-31,280.93337549006105,279.1563117071861,277.08457881461896
2024-08-01,280.65881508914754,278.8081417941504,277.15546618851766
2024-08-02,279.7609432274573,277.9495292257894,276.2503377929344
2024-08-03,280.390598254657,278.6685893439914,276.74932888553553
2024-08-04,281.45099371029386,279.57326333867866,277.6515815490766
2024-08-05,281.1569800239181,279.0119490881123,276.9165230703561
2024-08-06,280.1657242484291,277.58859593609225,275.19557300064884
2024-08-07,278.3779156179148,275.7829787336649,273.34979754247115
2024-08-08,277.142134025539,274.66780098180027,272.13551573204165
2024-08-09,276.7748716868866,273.8617913229969,270.86976656760527
2024-08-10,276.82341691248774,273.7765722479804,270.6768379850706
2024-08-11,277.5814348691134,275.2652704410758,272.618220246066
2024-08-12,276.96660604167846,274.1833942559333,271.3429184885894
2024-08-13,276.0192582662237,272.7011603425566,269.0619602174139
2024-08-14,276.8552683509789,273.43438306813187,270.0686066835024
2024-08-15,278.8015610459778,276.16630436089577,273.11607486068476
2024-08-16,279.3797981809309,277.46647664412507,275.64184721191367
2024-08-17,279.91356713439,278.18488435141575,276.34774010803926
2024-08-18,279.85032689109136,278.09545579934525,276.48721852199185
2024-08-19,279.2597388248829,277.0263023464277,274.9996442920502
2024-08-20,278.1342258909097,275.81880879577017,273.78872552570766
2024-08-21,277.45104578595016,275.521688507716,273.58592856865766
2024-08-22,275.8345410558398,273.4822966452679,271.07202255436914
2024-08-23,274.68289717183956,272.15913744149555,269.4337943914257
2024-08-24,274.6997088599992,272.01667975588043,269.4118525982407
2024-08-25,275.54718336877147,273.26355976429824,270.39444261273826
2024-08-26,276.3401139407086,273.8199882744539,270.75276928675714
2024-08-27,276.9488486645723,274.92132601388954,272.3933418962908
2024-08-28,277.37963963968923,276.0533229070264,274.52622387188944
2024-08-29,277.8974284798571,276.452796760115,274.9608019755877
2024-08-30,277.61505512131464,276.32844840295013,274.9794301297555
2024-08-31,277.9814789175425,276.3084017130544,274.27240377446526
2024-09-01,278.75197591660515,276.48989521264605,274.1648926524705
2024-09-02,278.4175307104689,275.9186180426779,273.5105678416452
2024-09-03,277.19167899945415,275.19035671844557,273.3059384726215
2024-09-04,275.7132403763278,273.00794035019,269.92401515616166
2024-09-05,273.99685094538637,271.51039017184837,268.774414523813
2024-09-06,275.5894260975759,272.9358751200322,269.4163500558474
2024-09-07,275.1413232920234,272.67542789740395,270.27053519562133
2024-09-08,274.79820762101167,272.31625649136976,269.2832764950514
2024-09-09,275.21007478199266,272.30233853285233,268.70663188867906
2024-09-10,273.3832804444434,270.84695080065,268.18795154265297
2024-09-11,272.77764231675695,269.6155865618906,265.690960064686
2024-09-12,271.5673437388404,267.6578289933195,263.83869098774557
2024-09-13,271.9094262976981,268.84975348782393,265.1848109522795
2024-09-14,272.7553349995481,270.2036025606374,266.6379462759071
2024-09-15,271.42773271414427,268.7511630687423,265.1460892294081
2024-09-16,270.7280562166754,267.5269430385545,263.8783323562087
2024-09-17,270.6339216279808,267.51315000945874,263.6191031922714
2024-09-18,270.5920253335299,267.24439796451327,263.4376488191892
2024-09-19,272.5357796577319,269.8637060926357,265.5559233834181
2024-09-20,273.1395589012583,270.42908880287575,266.9399404797513
2024-09-21,272.6716015414519,269.01360719901464,265.5848902091259
2024-09-22,271.05439456494156,266.8411369075768,263.1806744787215
2024-09-23,268.55282754471807,264.38118140656957,260.404948634194
2024-09-24,267.85503472232665,263.4244496059938,259.6915085611344
2024-09-25,269.41370243647265,264.8946437981782,259.92805043778947
2024-09-26,272.6769373961459,269.75879227484455,265.12111113415335
2024-09-27,273.3899926473541,271.0787107806063,268.24030110561387
2024-09-28,271.71845615475837,268.90943335707385,265.993073929194
2024-09-29,270.05995909853993,267.0084685887441,263.207275616714
2024-09-30,269.285210404329,265.6338541496895,261.7084110226718
2024-10-01,268.5415401695488,264.56032379071706,260.37035466669505
2024-10-02,267.9344840441352,263.72097466993,259.24099782475093
2024-10-03,267.1601746600122,263.2705711294951,259.18817239607404
2024-10-04,266.84052809070835,263.65871248372275,259.77132493556775
2024-10-05,268.27987882378477,265.2935827383184,261.35872164021293
2024-10-06,269.5952559508569,266.6078241442908,262.52762418441216
2024-10-07,268.0393892130324,265.0384033624783,261.3884423543328
2024-10-08,269.0829794995339,266.3059493196711,262.13022764223814
2024-10-09,266.6807269102027,263.38983420199224,258.75797190713917
2024-10-10,264.4211094607112,260.67931821835555,256.55406639676664
2024-10-11,263.362038770941,259.5583109500774,255.43760665103554
2024-10-12,261.42281315582966,257.91736900758696,253.93692573778984
2024-10-13,261.88728892602944,258.379141160105,253.6127429442482
2024-10-14,262.9684499124994,259.32506167109153,255.106229770178
2024-10-15,263.22288261553354,259.94935253479747,256.14550951779125
2024-10-16,264.7425925850112,261.72161430662794,257.27719537494374
2024-10-17,265.681571710225,263.3197078144123,260.47787814508894
2024-10-18,265.54150233622113,262.1465238583969,257.05914933629685
2024-10-19,261.76605488957523,258.1437325705413,254.19818055253492
2024-10-20,260.8507912522087,257.5415933636759,253.62113760382093
2024-10-21,261.3154874772977,258.24460860611623,254.83973242447868
2024-10-22,263.32295837385783,260.16914798610804,255.85776363941633
2024-10-23,265.78846215112713,262.72017939618974,258.4673834180079
2024-10-24,265.2995423161473,262.20922259319815,258.2346790638326
2024-10-25,263.1384054462632,260.1854712318216,256.7240288438765
2024-10-26,264.0530525289437,260.5540098674723,256.9576445869973
2024-10-27,265.0609849364484,262.0381445162754,257.07335717630974
2024-10-28,267.5701107624145,264.87181812947495,261.25711891847703
2024-10-29,267.2583636774862,264.5433437122247,260.95349155225125
2024-10-30,265.15670468180895,262.50228709608433,258.77828317123607
2024-10-31,262.5600724532611,257.19406935435006,251.40113189667622
2024-11-01,258.76137929139804,254.44418119592777,250.0266266000339
2024-11-02,259.1116916363278,255.0169097745988,250.67747744542183
2024-11-03,260.46564437056344,256.9384724327859,253.04007711902196
2024-11-04,260.45619015736366,256.81922540657024,253.0341866343419
2024-11-05,259.9321292139174,256.36372254061956,252.47912905549293
2024-11-06,261.388522300138,257.98187813187144,254.32388067210456
2024-11-07,262.11001104867796,258.62223232986264,254.85044896422332
2024-11-08,263.5730143418988,260.5229132953018,256.7660293608423
2024-11-09,264.4069866384683,261.5438934744739,258.26253580566214
2024-11-10,264.68223959545924,261.790547296489,257.9826249511869
2024-11-11,263.4337284359204,260.30089733211867,255.7492691751838
2024-11-12,259.8502548330628,256.36243185309826,251.25188547209768
2024-11-13,260.7743815998946,257.93139660646386,252.3048469178156
2024-11-14,261.37829631572833,259.159753866111,256.62583408481754
2024-11-15,260.9193323987748,258.6526195949565,255.8005766131823
2024-11-16,260.0050447484974,257.0081613325071,252.52145282528437
2024-11-17,256.0676682142538,251.7731838979165,246.42568819565744
2024-11-18,252.83672224689045,249.4862860633119,245.53064801068496
2024-11-19,251.26033899059854,248.17480173578736,245.35926676908565
2024-11-20,251.41832771063838,248.31820228747483,245.3162128493241
2024-11-21,255.15359328902042,251.43067126932428,246.99815659699627
2024-11-22,256.00646065319063,252.89903773237822,247.450433212783
2024-11-23,256.79237220794874,253.66932337681578,250.1697077990606
2024-11-24,255.7762727963975,251.6650253963401,245.86945509370065
2024-11-25,252.59082758152047,248.40823574312427,243.75005926832347
2024-11-26,250.8735892641883,247.38030887203666,243.70173030470247
2024-11-27,249.16979801973488,245.32209192351192,241.5219933739569
2024-11-28,247.61279719598244,243.46989309415525,239.9841039447471
2024-11-29,253.5897247495956,248.33738607902018,240.32759340120384
2024-11-30,259.29818144089114,255.28110140924605,249.7460033511689
2024-12-01,256.50236706537663,253.315240066578,249.59479447325793
2024-12-02,255.87471468467447,253.0798038643481,249.79108908249452
2024-12-03,256.54984226398693,253.1865913470358,248.66489887051912
2024-12-04,252.48917533975373,248.43916231423765,243.9211325832921
2024-12-05,248.85375100251474,245.15922257097588,241.4981668114141
2024-12-06,247.6321610962551,244.16761597395183,240.89038066339853
2024-12-07,249.50152382835338,246.40363254337134,242.0934724352338
2024-12-08,251.28743047558143,248.48754522900916,244.90740539825498
2024-12-09,249.4303557982394,245.77416626775334,240.7896634575535
2024-12-10,249.68376694616177,246.1422031498747,239.67423054855968
2024-12-11,253.5750997682835,250.9880468513924,247.90916107203748
2024-12-12,253.5676887342923,250.10309595170003,244.49696889346583
2024-12-13,247.95683391964647,243.95024701362132,239.34606947435782
2024-12-14,249.8592088984236,245.3336326965742,239.18811486740262
2024-12-15,251.55317720397852,247.6362876274084,243.32486909078068
2024-12-16,250.06968847313578,246.43509295966226,243.05987059830767
2024-12-17,249.7834288311013,246.23793473595077,242.4291759197415
2024-12-18,250.01249101628204,246.0265229488507,241.6500966607365
2024-12-19,247.39638592531043,243.1784452575625,239.40058042828917
2024-12-20,246.90185609081414,243.15618390397847,239.50929467700132
2024-12-21,247.9634477681679,244.51145942067333,240.40468706163398
2024-12-22,253.35550825181477,249.5152127950928,244.98656072136427
2024-12-23,252.35423087674297,248.90604529641593,244.1528446869329
2024-12-24,250.3833358972616,246.17164510155277,240.12517719038797
2024-12-25,246.68254239339592,241.59505242849147,236.34614261159086
2024-12-26,245.71797204739553,240.0670751417697,235.17582493570166
2024-12-27,251.25489733621788,245.28926614468017,235.9416105234737
2024-12-28,254.457320704288,249.8248125227364,243.22401260915302
2024-12-29,249.00303235088813,243.81303171668077,238.04454834812492
2024-12-30,249.0090568346127,244.28811674033315,238.13568715377716
2024-12-31,251.7392669726381,247.91572887567847,243.49395171403654
2025-01-01,255.26862236070266,252.083391782426,246.93975277960826
2025-01-02,259.0252196163825,256.93709761370803,253.14300529598128
2025-01-03,260.20920598153725,258.0079903173426,255.56388943273203
2025-01-04,259.97633392327515,257.73951090380626,255.01350257746338
2025-01-05,257.85365582976243,255.50481097686057,252.18700949917553
2025-01-06,254.92089435098092,251.22577104438002,244.53620825208887
2025-01-07,247.42339354116407,244.019016379518,240.09078423664374
2025-01-08,244.59456645427426,241.67769178367763,238.4677449012268
2025-01-09,242.1365435474957,239.03649276764142,236.15029282102137
2025-01-10,241.968459327899,238.59569366209078,235.4539282109254
2025-01-11,246.10017455485365,242.74409384297044,237.57655796308484
2025-01-12,248.5116866054758,245.40987219251843,241.36661053145116
2025-01-13,246.36616429057364,243.06048681977896,239.88465621074639
2025-01-14,246.97313931808284,243.31882495471336,239.5597454420347
2025-01-15,247.2215453910511,243.74084513732788,240.69719967742674
2025-01-16,251.92232902925605,247.81813300800576,241.97701803191697
2025-01-17,249.80819102053954,246.7206844875452,243.1000812622414
2025-01-18,254.81734097878046,252.07142063135714,247.25700888543005
2025-01-19,257.50089977945953,255.2483483625492,251.93579302339603
2025-01-20,257.67069342591003,255.51204590164178,252.7787010276441
2025-01-21,256.3535858334896,253.3761294529513,249.5999192658681
2025-01-22,253.4961417659413,250.652968740994,247.0671294347824
2025-01-23,251.46823621362577,247.8549792137535,242.21348340083136
2025-01-24,245.56346473872975,241.0441587996637,234.6973158945757
2025-01-25,239.43835557778303,234.6981145268671,229.88131316831738
2025-01-26,240.43863173631627,235.72182490386777,230.401526353475
2025-01-27,242.50379393831852,237.94299680982914,233.6018876034924
2025-01-28,250.43932894368407,242.57206524547453,235.32296502889707
2025-01-29,255.37680630839355,252.5970321949874,249.05618338448298
2025-01-30,253.98934891918404,251.21538771005083,248.01054245727192
2025-01-31,253.11526506750184,250.23557829191944,246.55747594014898
2025-02-01,253.8822554982595,250.82087063261758,246.750161624533
2025-02-02,252.75581935852625,248.27870139046817,242.14862268068288
2025-02-03,249.29900270107885,244.85173493685843,240.54625005171252
2025-02-04,252.5125553998786,248.74316730936562,242.70875769364082
2025-02-05,252.15069442560068,248.51867616659712,243.62206448741887
2025-02-06,249.33014809777663,245.44411927376106,240.7789412368619
2025-02-07,247.25568593801233,243.90626282780588,239.76314042345848
2025-02-08,250.76807039532608,247.04454392401374,242.3797499251412
2025-02-09,254.17546654396992,250.08503289753375,244.3504111041288
2025-02-10,256.93650166630266,253.3340586151973,248.31546320197918
2025-02-11,256.5458828350661,253.64499113596597,250.06755510174952
2025-02-12,254.54165919288548,251.46403517339263,247.89906920836341
2025-02-13,251.05159355361994,247.61606028824488,243.48869765431067
2025-02-14,252.38929170263853,247.9826917002529,242.84332730794156
2025-02-15,254.34213986128952,250.66128926730227,245.35621625547705
2025-02-16,255.90792514079993,252.77948052049706,248.6153995577092
2025-02-17,254.97322988101058,251.5021726232336,246.94851145877746
2025-02-18,253.18621770296224,249.5876502511029,245.09688254000397
2025-02-19,255.3201641165226,252.10747548202573,247.70751824366286
2025-02-20,257.1062202508688,254.71494188277674,250.86365922910645
2025-02-21,255.66259084790343,252.905725766963,249.1143504407173
2025-02-22,256.5132121463011,252.49530631973747,246.27882401844042
2025-02-23,253.52375986523634,249.81289481122013,244.60561599946098
2025-02-24,253.91057155277545,249.3498018480933,244.47474868668488
2025-02-25,257.9486861121494,254.56072690847705,247.21276015792873
2025-02-26,259.63662447829546,257.6463433479387,255.30571646368077
2025-02-27,261.297627429172,259.246181699223,256.32895863579745
2025-02-28,260.0549579522861,256.9351098733701,252.75939647945438
2025-03-01,255.2091837746655,251.72916862299405,246.40263663705102
2025-03-02,252.17489289792175,249.18402032436813,245.8772528271268
2025-03-03,256.5157093827733,254.0171666176644,249.36399619505264
2025-03-04,254.710376272418,251.1474824769941,245.60860307984382
2025-03-05,248.5765250463845,244.62088378450818,240.7965431018831
2025-03-06,250.16774890420504,246.0954249953027,240.49448179051
2025-03-07,250.9776686431849,247.52732518585591,242.02630787955252
2025-03-08,250.91610657950454,246.98189676926035,242.036258213659
2025-03-09,255.7857424044009,251.18976399484458,244.30415069713462
2025-03-10,261.09601184670163,258.2961866925496,254.68270788418639
2025-03-11,261.78906654388754,258.69140051737185,255.18335965187666
2025-03-12,261.3021696736397,258.60607858308146,255.11028678285274
2025-03-13,260.8698554497526,258.35340590227014,254.5366830845026
2025-03-14,259.70391576573,257.72908324382854,254.2960442780588
2025-03-15,260.5178360210012,257.89306906360673,252.95528826720127
2025-03-16,257.1064674948227,252.52518836460095,245.77571977914675
2025-03-17,253.28909668992637,249.0319412852384,244.28185943243219
2025-03-18,252.26385620715368,247.5991640321623,243.47140066112505
2025-03-19,253.91677679138016,249.71863659183632,244.78878422294426
2025-03-20,256.73757551312997,252.1789634361056,245.9252960965899
2025-03-21,255.8082148444324,251.31076624794645,245.6635399354404
2025-03-22,254.39163190271066,248.72276810442509,241.85139208788303
2025-03-23,254.14216957718773,246.96769073319768,240.25250552146466
2025-03-24,259.4772925200084,253.63397561768326,242.86342731198638
2025-03-25,264.2367100695359,261.3579565742115,256.00676848937087
2025-03-26,265.02273094971343,262.58868242068075,259.87232333491863
2025-03-27,263.9993285215525,261.44071689245544,257.715046561151
2025-03-28,259.9274033051867,256.65683955086746,252.67531871439942
2025-03-29,257.18580809387754,253.17746676639183,248.70899694147272
2025-03-30,257.306735185011,253.44659311463428,247.9027397001365
2025-03-31,258.13762142290227,253.10541550437227,247.15235600286542
2025-04-01,256.01841097967366,250.70090603148608,244.53548412671017
2025-04-02,254.9550634408694,250.15165195729628,244.40906711803797
2025-04-03,258.333289389763,254.21251035183028,247.3663844166676
2025-04-04,260.3798683129924,254.88618313355667,247.69810297720556
2025-04-05,259.53874927264604,254.44542452387603,247.82417522850764
2025-04-06,261.9008575221182,256.89142302489483,250.8647014344444
2025-04-07,264.05035155617503,259.50722368007115,253.98919942575012
2025-04-08,265.37288318446303,262.1043640741341,256.2382331244349
2025-04-09,267.0643503833042,263.51702117548706,258.4486856266257
2025-04-10,266.0475778459457,262.88552345037084,257.8437816671207
2025-04-11,266.36672010431283,263.6759204555734,258.392253605264
2025-04-12,266.0489602351824,262.47454815108864,255.8355260426172
2025-04-13,264.5657249395757,260.100113078475,253.54989973438816
2025-04-14,265.08600559489236,260.3737230122658,254.385260576176
2025-04-15,263.9006717068522,259.1051133367228,253.76292768033196
2025-04-16,264.50892720584505,260.44406287615533,253.28583040207968
2025-04-17,266.8750289685264,262.1935825612963,256.5619701830362
2025-04-18,266.3337532709578,263.6421244735365,257.19946206337386
2025-04-19,267.3205561099511,265.29779504248194,262.94322705113433
2025-04-20,266.69972287958467,264.3535039699978,261.365300714037
2025-04-21,265.1290745117526,262.65367601132664,259.4012129072876
2025-04-22,264.6126716498995,261.43544039114374,256.7257780485963
2025-04-23,264.2448353857268,259.85856811998076,254.43101151335173
2025-04-24,263.6201252005765,259.73392372124283,254.18445747920478
2025-04-25,262.4192415455104,258.0341232985714,251.86586119861553
2025-04-26,261.9155121393592,258.0039223869857,251.73760629502985
2025-04-27,263.5322474195666,258.0938998399036,252.48737850578215
2025-04-28,263.8025493414965,258.06982214887387,252.5344027071876
2025-04-29,263.6001288495012,257.78571974019485,251.85812467316413
2025-04-30,263.62170065793447,257.5730245400454,250.83817718009306
2025-05-01,264.1634112669682,258.23274738439153,251.26919488265912
2025-05-02,265.3227338097428,260.5913723433522,252.82012754330066
2025-05-03,268.00738490086286,264.6401771170229,258.636405963057
2025-05-04,267.6883283584952,264.9396425036609,260.31893426352246
2025-05-05,268.09469773904766,264.56200251305717,259.136926695634
2025-05-06,268.5580795490039,263.6027015325739,258.06289634254045
2025-05-07,268.342897607876,263.2648962768415,257.2688153866815
2025-05-08,268.38399400307514,264.82933988500486,257.8305098411068
2025-05-09,270.8694679059239,268.2908116075897,263.30108635972897
2025-05-10,271.22872050809445,268.57173844044974,264.2485781263921
2025-05-11,269.81751942382334,266.9447823858448,262.73798314470656
2025-05-12,269.72135165421173,266.53462207654655,262.3784989736469
2025-05-13,268.92819569827634,266.0808243685104,261.4972867997416
2025-05-14,268.97895071447203,264.97806216262995,259.8036853385416
2025-05-15,267.4850124611891,263.6707245881771,259.172877582358
2025-05-16,268.1968585968787,265.06166584524595,260.5997954424074
2025-05-17,269.6035706541364,266.0660205397013,261.52296585174213
2025-05-18,270.21260034158126,266.11027795941095,260.79147581200453
2025-05-19,270.76455500522707,266.8155231139207,261.3180700822524
2025-05-20,269.7453866123104,265.8699566625568,260.68998387586834
2025-05-21,270.32056517471375,265.89305671185423,260.43245373748806
2025-05-22,269.7382023419711,265.35679354542407,260.7479955408059
2025-05-23,269.8436076297227,266.06517820005075,261.0294257447489
2025-05-24,270.80537211942874,267.14284200344974,262.2838055828085
2025-05-25,270.54472939732676,266.53342216590585,261.20233651294166
2025-05-26,269.43235001444407,265.5167008561132,260.3310028383838
2025-05-27,271.0743371030018,267.6984951619178,261.5277923778946
2025-05-28,272.94308680652216,269.7397370444694,264.4104555002121
2025-05-29,271.4416512966726,268.7117813810297,264.19965609686585
2025-05-30,271.80525675577127,269.32819937240475,266.04879502559373
2025-05-31,270.3181796655654,268.3608578741061,265.1956094082699
2025-06-01,269.5562431051354,267.5487794397451,264.7028200318868
2025-06-02,269.80943518334857,267.932674075451,265.4428324751256
2025-06-03,270.26741348067105,268.1544905686884,265.5275791693566
2025-06-04,269.7720984864292,267.4392192428683,264.07813527543277
2025-06-05,269.70748948028563,266.1024820713506,261.09680308900835
2025-06-06,269.31253643950066,265.4660548375104,259.8854721152117
2025-06-07,269.7150384648792,265.69331926122396,260.76320947195507
2025-06-08,271.0316149354181,267.2319762016003,261.9471827893608
2025-06-09,272.3809008172553,268.5863373713401,263.620406226978
2025-06-10,272.87606198876387,269.27579342738557,264.92584418322843
2025-06-11,273.46332937839935,269.4370292381124,264.99764491749033
2025-06-12,273.1119929146493,269.40141864507365,264.6442984596515
2025-06-13,273.6788797839488,270.3203632808107,265.74227000902437
2025-06-14,274.44207016935326,271.37659413746337,267.2213582945141
2025-06-15,274.95919765342455,272.0793833792353,267.9724891800827
2025-06-16,276.2619349355894,274.01389944473476,271.00146385770256
2025-06-17,276.4926757503477,273.80100047593595,270.5457503010138
2025-06-18,274.4161810862416,271.6219740716115,268.40548730340254
2025-06-19,273.3537829513632,269.86072717540725,266.2199791468758
2025-06-20,274.153062838752,270.66979752370037,265.9715515730848
2025-06-21,275.65530650111685,272.71633924161824,268.3240453654933
2025-06-22,277.3638126523684,274.6720732421276,271.0311876219938
2025-06-23,276.7318564323655,273.5948197470583,270.08922818132294
2025-06-24,276.7070944828134,273.8267768917517,270.1603834539879
2025-06-25,277.6969592343382,274.49776748128045,270.9244187621585
2025-06-26,278.6620287901005,275.92348693634494,272.28822412618325
2025-06-27,279.64549484020216,277.35642267002294,274.0873927625993
2025-06-28,278.3613918416078,275.96604691343964,272.9459483883781
2025-06-29,278.15255168386705,275.36367260668027,272.1325038031851
2025-06-30,277.4332343830475,274.7334236734467,271.83172066090225
2025-07-01,276.76898519511724,273.7787756428076,270.65232299180457
2025-07-02,276.7999527081221,273.92383850983396,270.9087198890648
2025-07-03,275.84478966223145,271.9858385220621,268.53468100048354
2025-07-04,273.864863224578,269.50101760084203,265.5369156557166
2025-07-05,273.91798570441887,269.26417991464467,265.4068673770505
2025-07-06,276.33403331533486,272.1054113113877,267.7196711664484
2025-07-07,277.4640453432587,274.5123746892399,271.0470481257485
2025-07-08,278.8982810473184,276.6340098595363,273.75026796722443
2025-07-09,278.7614517482965,276.44342294141114,274.3229691650396
2025-07-10,277.54294919529434,275.6060480310834,273.5856000667251
2025-07-11,276.7448391738265,274.1630195404586,271.79262447774
2025-07-12,275.33551019860585,272.0208175206842,268.59632908895856
2025-07-13,275.57140291413526,272.81779227751866,269.53278152425133
2025-07-14,278.18608422850133,276.18688028501396,273.3862927472076
2025-07-15,279.59035528116067,277.7952127360315,275.9931284619045
2025-07-16,279.78428350813743,278.4002339900796,276.54482357260304
2025-07-17,280.2575401474987,278.923075647247,277.6501984160093
2025-07-18,280.6030676700714,279.1125512852386,277.56018757195716
2025-07-19,281.22680013799135,279.6236316096816,277.63773062708196
2025-07-20,281.76144217594236,280.05954266245965,278.2954193492073
2025-07-21,282.6039675567487,280.28409703233564,278.2371908591351
2025-07-22,281.4264224320338,279.1172950987243,277.2715036875639
2025-07-23,280.07288418069066,278.07168016519086,276.09411433414306
2025-07-24,280.7285172193146,278.3710861836785,276.18443459109636
2025-07-25,280.16353209330293,278.2735704655191,276.35144391045776
2025-07-26,280.5677623060344,278.2536182438806,276.26167912371227
2025-07-27,280.2906416419996,278.12639392921454,275.8320896509223
2025-07-28,279.54048484819185,277.48483905297337,275.10213242546683
2025-07-29,279.32247354819043,276.9737281825723,274.70539654491955
2025-07-30,280.190820474281,278.3808821837919,276.14883660545735
2025-07-31,279.2840093727135,277.40567136726264,275.6680514856394
2025-08-01,278.8151786238676,277.06631081429805,275.2316830295132
2025-08-02,278.171904750477,276.050200130897,274.1445388694697
2025-08-03,277.2331607524787,275.2237298714567,273.12883374437996
2025-08-04,277.1281302000541,274.76538557620717,272.3420220451266
2025-08-05,277.05653883044164,274.2430951434924,271.44099783290136
2025-08-06,276.6863637855875,274.21996999411215,271.48458275856757
2025-08-07,276.80813025293816,274.40982181535605,271.8619612843704
2025-08-08,277.0243557003742,274.74833946454925,272.2009839754218
2025-08-09,277.92885268977307,275.79778258748723,273.31144696291636
2025-08-10,279.35499048019915,277.38468933256445,274.72277401285487
2025-08-11,279.7835420866873,278.0551915505529,276.18903110605817
2025-08-12,280.2280276349889,278.40331844749176,276.4569807104256
2025-08-13,280.5532204052098,278.68508062783104,276.6559547572096
2025-08-14,281.3398596529958,279.69861666290996,277.79506625947647
2025-08-15,281.5757500697035,279.55510264980626,277.938046941607
2025-08-16,279.2500506811902,276.969292978298,274.4991209474199
2025-08-17,277.93469501475283,275.95091991428853,273.8685176220403
2025-08-18,278.7268037738363,276.88238093383904,274.82256080369285
2025-08-19,276.66738797308847,274.49710727344194,272.3912992913644
2025-08-20,276.03092846404456,273.4729464778043,270.51988689994226
2025-08-21,275.93047384902474,272.5320190612271,269.37114839710824
2025-08-22,275.04268963828724,271.0519299334515,267.5361300347706
2025-08-23,276.14226215254826,273.26813934791977,269.5237212237178
2025-08-24,277.3731644008635,275.233933133541,272.5795326619939
2025-08-25,275.5556530524097,273.32805960890266,271.12068480346824
2025-08-26,273.37936735308966,270.8078067468498,268.296031222754
2025-08-27,272.7813220108105,270.31093554668894,267.22454568786577
2025-08-28,272.8470057943702,269.22707670828277,264.0964345927075
2025-08-29,273.06479835037504,268.81199527877936,263.794667835068
2025-08-30,273.81146956501163,270.09306127313755,264.2443295690458
2025-08-31,274.9513136538518,272.01499853481585,268.30674013058564
2025-09-01,274.750060198093,271.8500827056045,268.52389306763115
2025-09-02,275.7158785872575,273.56984071032673,270.94679007240234
2025-09-03,275.47295429544414,273.5300728673831,270.70363026694673
2025-09-04,274.3387575041877,271.68324344963696,267.52179289884566
2025-09-05,275.0247069175212,271.8868277586513,267.58938659797883
2025-09-06,275.47830104094317,272.54969710115284,268.59418528311767
2025-09-07,275.90799457696306,273.6938340980438,269.65236817212246
2025-09-08,276.582998048004,274.858510406508,272.4909937736828
2025-09-09,276.3727138168896,273.88085601928833,270.75362956801075
2025-09-10,274.65585836115565,270.92955932517515,266.5704523176594
2025-09-11,272.3111127084964,268.2690266136888,264.1509767997015
2025-09-12,271.17815488996507,267.9132827295382,264.7331731163589
2025-09-13,273.15921731218253,270.20250217457357,265.9481465294871
2025-09-14,273.9469818928988,270.5808103912931,267.34038961548515
2025-09-15,273.78403954499254,270.41416116521145,267.08049436401075
2025-09-16,274.51281648995996,271.62636997197916,268.3375689424662
2025-09-17,272.8438331495847,270.2224668473815,267.7109437874094
2025-09-18,272.72109548756197,270.4583006164593,267.6353447722211
2025-09-19,271.8126283157295,269.29113525330223,266.5238710619239
2025-09-20,270.89090470761187,267.56526122768764,264.5271031357844
2025-09-21,269.9830418277884,266.832710031378,263.9510962531562
2025-09-22,270.1951040666992,267.30231795741224,264.15549046804705
2025-09-23,271.20119197725865,268.014513223803,264.4980026486995
2025-09-24,270.91368130012165,268.1168826652822,265.07601355037355
2025-09-25,271.4250015431192,268.6474690558015,265.4848090431996
2025-09-26,270.0465457899885,266.87562610654857,263.74489523442315
2025-09-27,268.48672500851484,265.1523145770575,262.23021777399856
2025-09-28,268.1297727082124,265.4217253057652,262.78934991805863
2025-09-29,268.9167078641239,266.0451509297763,262.878172906513
2025-09-30,267.5348817221346,264.3617987792316,261.27240400807335
2025-10-01,268.1837319909388,265.5095942674215,262.868798224459
2025-10-02,269.25562722506174,266.93116571142144,264.3436786750127
2025-10-03,269.6129911951513,266.9426594590975,263.7543457553126
2025-10-04,267.4628848037911,264.99277722119285,262.1184318014924
2025-10-05,267.18639295170686,264.7710862970025,261.28441102778095
2025-10-06,267.413803536561,265.7151854801087,263.1576966678337
2025-10-07,266.7471114862982,263.9751558832447,258.3503127503037
2025-10-08,264.5451884274576,260.69156549518846,254.69065047569575
2025-10-09,263.623130712062,259.1668955548404,253.65139188860613
2025-10-10,263.13394946651334,259.7074117776676,254.0724011142243
2025-10-11,262.7062270425761,257.1589372875765,250.90915762555244
2025-10-12,260.43890946375075,255.45436097868128,250.177527559059
2025-10-13,260.2083981256745,254.8380340453123,249.67438816683654
2025-10-14,260.34602858570815,254.27598092238875,248.5211771542674
2025-10-15,260.86332981665265,255.46463624787802,248.47854698565607
2025-10-16,260.8471856192176,255.37267061988436,249.6086992569891
2025-10-17,260.35139287599924,254.63009421267708,248.35816099416928
2025-10-18,260.36463429736625,255.14745696123416,248.96024077424622
2025-10-19,261.8721202364008,257.5907265883113,251.3739095943231
2025-10-20,263.40734189017996,258.65464894690393,253.5408396497555
2025-10-21,263.8380430384929,259.2752229314775,252.85152796695476
2025-10-22,263.37103860733055,258.4072682764016,252.83817555803427
2025-10-23,262.8621299404069,257.09801478508695,251.3521344953052
2025-10-24,260.95674487562013,256.8688156592676,251.02317533124008
2025-10-25,261.4778704525368,256.5274367928583,250.50275632641402
2025-10-26,260.56290185044236,256.1148493280153,249.6701026187897
2025-10-27,261.14262317325074,256.30663897182916,251.04022451712885
2025-10-28,261.8497432947969,256.49426393859466,250.55808823015965
2025-10-29,260.80802340821964,256.11050965266645,250.26483106992617
2025-10-30,261.0554614260097,255.54304280310532,249.56756807416016
2025-10-31,258.90532770145234,254.07965295231875,248.16399606739176
2025-11-01,258.6400279209216,254.1368351233634,247.95853813509976
2025-11-02,260.1397967247371,255.92334076170556,250.53567648791795
2025-11-03,260.891287345753,256.2352338709319,251.06865690830395
2025-11-04,261.87695020813635,258.26136753790985,250.9188977991873
2025-11-05,258.67841825153766,254.27011852020885,246.79042616948894
2025-11-06,252.88949854955692,247.7816652288441,241.9334741103508
2025-11-07,252.06685576882944,246.8418935602001,241.00058173438748
2025-11-08,253.51499189453867,248.73231900244923,243.5052531421369
2025-11-09,253.78622805250777,249.3640816085098,244.58088597044912
2025-11-10,254.6110703782084,250.5506896679891,245.5515778829163
2025-11-11,255.47203086160192,250.50822737414683,245.48154842667512
2025-11-12,254.814836109192,250.0706415802375,244.47494909811175
2025-11-13,254.1008396108924,249.3187211843101,243.94130132387986
2025-11-14,252.9835888900714,247.85436818000824,242.05722469324695
2025-11-15,252.83709362862697,247.56465765291435,241.71351729455623
2025-11-16,254.51463237657245,249.13680110474868,242.26631195001735
2025-11-17,257.47672214510766,252.361246675666,245.8573417601731
2025-11-18,257.7434574048493,253.00637546247373,247.38798445866934
2025-11-19,258.45791968764155,253.84110589102912,247.6380025398489
2025-11-20,258.1203137035346,253.46976373803037,247.99028849308863
2025-11-21,257.5463795904054,252.74511049387777,247.7920907862109
2025-11-22,255.0296241613375,250.39486397265821,244.76831658800737
2025-11-23,253.15011738269155,248.3505783852041,242.97333568990774
2025-11-24,252.63990930976274,247.98000687859957,242.2132480963232
2025-11-25,252.42528923922123,247.47368415784373,241.81951710267822
2025-11-26,251.92731729178323,247.44320103712823,241.78807091149142
2025-11-27,252.41417858955555,247.46243122129593,241.8363066325004
2025-11-28,252.43623135803836,247.79973481810583,242.1798768000214
2025-11-29,253.50437867295295,249.11628810357678,243.82562552150978
2025-11-30,254.1325456489721,249.80051476554607,244.16847084373111
2025-12-01,258.0220184374667,253.99583258497202,248.32027387111268
2025-12-02,257.7353194622987,253.41843952486988,248.0292993529939
2025-12-03,255.56573533733882,250.5059414213797,245.01400317789447
2025-12-04,254.35642699267493,250.82105152499065,244.81206972561438
2025-12-05,258.0250666643209,254.55845958915154,249.3782080470361
2025-12-06,256.1265639215937,252.75445619665354,247.76215926575847
2025-12-07,257.35798323758115,253.69251691706722,248.97395580386095
2025-12-08,256.12682071605974,252.0960512830758,246.9409805363039
2025-12-09,254.97488691262353,251.41124620609875,246.11539197421655
2025-12-10,257.5266139313061,252.4526806298986,246.28444735856053
2025-12-11,255.59654272700553,250.55000546739643,245.05114639304853
2025-12-12,255.83233310038585,251.8475445391923,246.11003395159855
2025-12-13,260.0251506000665,256.64833809073224,251.21793581157777
2025-12-14,261.07387733024314,258.83154369515574,256.2323152344906
2025-12-15,260.70503513124936,258.04977938554237,254.23886561283192
2025-12-16,259.2359042350532,254.77043654614334,249.5828284297552
2025-12-17,257.40569538256983,253.82186841257658,249.49076457199905
2025-12-18,259.7040586390872,256.35549212397683,251.31125708413887
2025-12-19,259.43669558686287,256.2891172131922,252.35545130708715
2025-12-20,262.396584277576,259.81983430226325,255.4685969417735
2025-12-21,262.65501514492166,260.2405392344737,257.0223059410886
2025-12-22,259.2832063206968,256.70664727974173,253.09423222139577
2025-12-23,255.66567010045347,252.48265766980887,248.26554748012148
2025-12-24,251.11053086370362,247.17722540618067,242.91298974136993
2025-12-25,247.42294257689124,244.43087328056785,241.64026242633602
2025-12-26,252.3760184301291,247.65545047021655,241.87705821059268
2025-12-27,249.57935679659826,246.3283416631618,242.14204375749725
2025-12-28,254.80527702306682,251.16095411543108,244.74372638210616
2025-12-29,256.62356041806726,253.85495138018962,250.63214172876664
2025-12-30,257.8649768397863,255.43806976240688,251.37316515555872
2025-12-31,258.7264663802979,256.944801100865,254.47124158864565
