date,surface_net_solar_radiation_J/m²
2000-01-01,101081402.7295459
2000-01-02,102887972.80640496
2000-01-03,104301699.03787139
2000-01-04,106560509.56084096
2000-01-05,107432259.08018617
2000-01-06,106697833.07435702
2000-01-07,77702531.13362737
2000-01-08,70140061.40623105
2000-01-09,60203140.72575429
2000-01-10,67641444.40980718
2000-01-11,43000062.21609637
2000-01-12,27937015.938504897
2000-01-13,36182345.3057521
2000-01-14,37415100.435816936
2000-01-15,42942612.1032765
2000-01-16,50720926.62910887
2000-01-17,48457203.222296424
2000-01-18,37414012.27330085
2000-01-19,43185860.0911561
2000-01-20,51012935.74026939
2000-01-21,54627450.556067474
2000-01-22,51389891.474569194
2000-01-23,55274803.52912757
2000-01-24,55486147.30023574
2000-01-25,40856481.53109984
2000-01-26,49367717.72463197
2000-01-27,57941206.084680155
2000-01-28,62734380.203178994
2000-01-29,65915376.23896123
2000-01-30,61727149.88906984
2000-01-31,44997441.50525764
2000-02-01,38761478.31420891
2000-02-02,51480438.22022317
2000-02-03,52551125.56767296
2000-02-04,52315556.63833806
2000-02-05,56320456.86941284
2000-02-06,63376301.76989474
2000-02-07,68693873.27179791
2000-02-08,67815731.67757325
2000-02-09,56458613.92741063
2000-02-10,50428234.139928415
2000-02-11,54181405.06494681
2000-02-12,63505168.23839941
2000-02-13,69954423.02162917
2000-02-14,73913973.41505371
2000-02-15,59136110.49300665
2000-02-16,55187676.56086314
2000-02-17,62960671.1493498
2000-02-18,69106695.44336218
2000-02-19,72023173.14738251
2000-02-20,71798954.33837208
2000-02-21,76589614.04934144
2000-02-22,75178701.8718766
2000-02-23,76508617.1191467
2000-02-24,85996830.9037291
2000-02-25,91275437.32524395
2000-02-26,95129035.26459768
2000-02-27,86968935.66948476
2000-02-28,93524198.46270016
2000-02-29,77300839.00183299
2000-03-01,84802157.38156523
2000-03-02,84508733.21885456
2000-03-03,83820414.04823336
2000-03-04,48319127.75257023
2000-03-05,68123559.2167731
2000-03-06,72896389.42581931
2000-03-07,71230831.13486528
2000-03-08,81809911.99465221
2000-03-09,87649578.86324343
2000-03-10,82150006.0498352
2000-03-11,76047299.96362652
2000-03-12,81028806.28491993
2000-03-13,91038878.59418061
2000-03-14,96055859.32207635
2000-03-15,100398404.83984978
2000-03-16,79716954.82530391
2000-03-17,86398527.75912523
2000-03-18,86095704.14329651
2000-03-19,96819708.85548839
2000-03-20,100189644.45411196
2000-03-21,87401537.64276476
2000-03-22,86169309.46761462
2000-03-23,99712699.6924444
2000-03-24,108049509.93021876
2000-03-25,113873519.92195778
2000-03-26,117467981.02686222
2000-03-27,106977163.68721575
2000-03-28,105716905.69964226
2000-03-29,85762181.04812923
2000-03-30,76038489.70427783
2000-03-31,79569214.59805644
2000-04-01,91907520.21117938
2000-04-02,100722218.23869938
2000-04-03,101811387.96881567
2000-04-04,91237192.56220096
2000-04-05,102913504.43059175
2000-04-06,110836060.75235659
2000-04-07,83577635.95520662
2000-04-08,99417898.6620541
2000-04-09,108441026.91175894
2000-04-10,117971999.54989757
2000-04-11,123206611.11023894
2000-04-12,127923491.48628725
2000-04-13,119008423.90910996
2000-04-14,101106892.59383163
2000-04-15,118937053.66324341
2000-04-16,126683638.33224602
2000-04-17,130854011.14213054
2000-04-18,127893852.96277155
2000-04-19,118320072.37088667
2000-04-20,130726339.18632017
2000-04-21,134622364.91134572
2000-04-22,129970798.4766387
2000-04-23,130766099.70233892
2000-04-24,142730531.7233066
2000-04-25,151940458.96460208
2000-04-26,153683653.7885181
2000-04-27,145635857.93468308
2000-04-28,144610136.70992815
2000-04-29,149515474.28198797
2000-04-30,158080886.53042114
2000-05-01,169999568.25492814
2000-05-02,177654926.97014797
2000-05-03,173618544.7064975
2000-05-04,135811880.4294494
2000-05-05,155560622.97619465
2000-05-06,170479626.449997
2000-05-07,181861481.89500552
2000-05-08,193155241.80607352
2000-05-09,199646889.7822747
2000-05-10,207275458.53295305
2000-05-11,212281271.59979764
2000-05-12,214793636.80715808
2000-05-13,203344076.10446602
2000-05-14,216843508.0147171
2000-05-15,219364358.5981928
2000-05-16,234096115.03033292
2000-05-17,244568781.20903036
2000-05-18,252195615.21823844
2000-05-19,250672119.53963718
2000-05-20,268404985.90961257
2000-05-21,278107419.83946675
2000-05-22,282299010.12768775
2000-05-23,239814734.6799564
2000-05-24,244473764.80977535
2000-05-25,260657949.67178214
2000-05-26,265526303.49182174
2000-05-27,272596804.8903064
2000-05-28,275493977.85276574
2000-05-29,266828702.44371393
2000-05-30,243699540.75114778
2000-05-31,252197252.66783527
2000-06-01,266174699.68254247
2000-06-02,272898431.36471146
2000-06-03,227490719.35925153
2000-06-04,218215711.90115505
2000-06-05,251015411.46166348
2000-06-06,273289186.6770433
2000-06-07,275978522.2878406
2000-06-08,232775496.6893654
2000-06-09,218046983.24894977
2000-06-10,218113444.1391541
2000-06-11,250174778.67457125
2000-06-12,287490404.5190915
2000-06-13,303467194.0066352
2000-06-14,299840508.16458863
2000-06-15,303380204.40372664
2000-06-16,305579361.2372594
2000-06-17,303867991.08934253
2000-06-18,300197915.3889108
2000-06-19,282419863.3185518
2000-06-20,279972219.48356545
2000-06-21,285844076.31696147
2000-06-22,298014833.32149583
2000-06-23,306537146.4149987
2000-06-24,326070134.16397744
2000-06-25,344209090.63581204
2000-06-26,350485964.9073234
2000-06-27,347546260.14205134
2000-06-28,324537892.0952814
2000-06-29,321164950.0228587
2000-06-30,277415771.79682523
2000-07-01,287544953.7375888
2000-07-02,290468573.9295434
2000-07-03,306811173.46572226
2000-07-04,318836649.90285504
2000-07-05,330536747.6838829
2000-07-06,339709342.010948
2000-07-07,332642233.0230654
2000-07-08,323651998.25502545
2000-07-09,318406517.0155663
2000-07-10,323415063.1700131
2000-07-11,303928586.05221343
2000-07-12,288344265.836114
2000-07-13,288064871.2751504
2000-07-14,273862025.8554499
2000-07-15,276633893.18024886
2000-07-16,293145008.77668285
2000-07-17,234711515.41403314
2000-07-18,289823187.9548546
2000-07-19,313430915.0303705
2000-07-20,271673264.2672006
2000-07-21,256766170.9962778
2000-07-22,234696843.86836067
2000-07-23,204851818.0270647
2000-07-24,255055902.52856755
2000-07-25,276583900.9429788
2000-07-26,300652638.59370047
2000-07-27,303847220.3922695
2000-07-28,296977301.73585933
2000-07-29,283433811.79188406
2000-07-30,264161354.3021267
2000-07-31,262808776.6707376
2000-08-01,199816984.20020905
2000-08-02,225580840.6595374
2000-08-03,267868745.75442526
2000-08-04,292359369.36543995
2000-08-05,320071052.8209677
2000-08-06,313711153.71651715
2000-08-07,302805626.2604709
2000-08-08,305655185.7318464
2000-08-09,297281265.12803775
2000-08-10,235298801.4390573
2000-08-11,267184359.2638512
2000-08-12,275027833.809259
2000-08-13,260507155.49901113
2000-08-14,280313417.5845494
2000-08-15,285936891.6114753
2000-08-16,305533294.13101584
2000-08-17,318292782.09184825
2000-08-18,274713603.50117964
2000-08-19,264620793.59108096
2000-08-20,290456091.05278563
2000-08-21,294704599.2025617
2000-08-22,255006320.71444738
2000-08-23,274930435.63251793
2000-08-24,286364710.6411133
2000-08-25,303315375.27797407
2000-08-26,308691707.1487146
2000-08-27,302425002.23764247
2000-08-28,309699265.2456969
2000-08-29,304971575.95816576
2000-08-30,290528616.34840274
2000-08-31,273578055.72002244
2000-09-01,276403602.90577656
2000-09-02,287059750.7662419
2000-09-03,298689914.550325
2000-09-04,291073382.4166507
2000-09-05,288553696.1508667
2000-09-06,283919324.4259416
2000-09-07,271898895.4350746
2000-09-08,272956238.6944856
2000-09-09,240484897.6517279
2000-09-10,247935867.5447752
2000-09-11,269903487.68338215
2000-09-12,290618529.69086874
2000-09-13,284664544.3146062
2000-09-14,288377886.0699832
2000-09-15,295795349.23060155
2000-09-16,302479691.15345865
2000-09-17,299937956.9188256
2000-09-18,292425564.7664892
2000-09-19,265343047.3360026
2000-09-20,201210930.02837464
2000-09-21,200324393.79431477
2000-09-22,206826999.27053922
2000-09-23,216925447.92022568
2000-09-24,228088609.39640072
2000-09-25,231390644.3220011
2000-09-26,167332649.79810953
2000-09-27,190995954.94684982
2000-09-28,216051755.4017477
2000-09-29,236818194.11719164
2000-09-30,242528985.1262547
2000-10-01,231201860.20082718
2000-10-02,210543272.060467
2000-10-03,225609771.72909257
2000-10-04,236241237.91439268
2000-10-05,214522428.1649721
2000-10-06,188290062.4263176
2000-10-07,163721591.63594994
2000-10-08,158212450.11676124
2000-10-09,151268313.906177
2000-10-10,156711617.07067156
2000-10-11,164644560.19352338
2000-10-12,167735142.3414494
2000-10-13,169955964.61661765
2000-10-14,174149701.27994922
2000-10-15,185580235.89808336
2000-10-16,187649685.2881288
2000-10-17,176973657.76276413
2000-10-18,182834988.6586326
2000-10-19,176693136.6456869
2000-10-20,173473081.23191655
2000-10-21,181720553.27295834
2000-10-22,174768538.28794473
2000-10-23,163741815.43526083
2000-10-24,167764551.17490375
2000-10-25,173998774.0169616
2000-10-26,181433838.58095983
2000-10-27,188063195.876884
2000-10-28,190222938.0044383
2000-10-29,189672569.86254644
2000-10-30,189276729.3235083
2000-10-31,189189579.2874365
2000-11-01,184331997.28661004
2000-11-02,162316779.3855873
2000-11-03,167030363.18096825
2000-11-04,168584404.23084068
2000-11-05,164829992.72929958
2000-11-06,146798723.4663342
2000-11-07,122587009.64974025
2000-11-08,114498636.23651078
2000-11-09,121507627.52091976
2000-11-10,114953377.7908366
2000-11-11,101369013.57467243
2000-11-12,117786388.71271372
2000-11-13,92272509.16119915
2000-11-14,103357874.54868731
2000-11-15,104637870.98694825
2000-11-16,86949805.21227396
2000-11-17,80232731.15561758
2000-11-18,74702228.10215308
2000-11-19,92856986.39526373
2000-11-20,93874618.41368023
2000-11-21,74943155.69601561
2000-11-22,62584385.369076476
2000-11-23,51575976.671711996
2000-11-24,55674342.88785156
2000-11-25,62396428.320245035
2000-11-26,67545785.3573454
2000-11-27,52295107.53656815
2000-11-28,63070545.16112034
2000-11-29,66096687.4318626
2000-11-30,65289240.1543044
2000-12-01,70598580.61898783
2000-12-02,68897604.18109271
2000-12-03,53942746.22974556
2000-12-04,59191266.874392025
2000-12-05,61801294.65110774
2000-12-06,68277967.58457176
2000-12-07,49565300.640144
2000-12-08,55531091.654625915
2000-12-09,59320977.26107325
2000-12-10,54952717.82213112
2000-12-11,65219378.959833585
2000-12-12,66117623.4338139
2000-12-13,59926017.20902051
2000-12-14,63302918.219963215
2000-12-15,54647666.577611655
2000-12-16,35675409.05560669
2000-12-17,25478447.8030937
2000-12-18,36625860.497720994
2000-12-19,44212577.669808745
2000-12-20,47440182.29793467
2000-12-21,45619590.96527101
2000-12-22,43306121.128516376
2000-12-23,47136968.40054347
2000-12-24,50699193.718893945
2000-12-25,51048986.717138536
2000-12-26,55491685.04682598
2000-12-27,49490204.94534057
2000-12-28,39104421.28626512
2000-12-29,48719479.541802354
2000-12-30,55726121.44377729
2000-12-31,48238332.94430456
2001-01-01,54825015.44204405
2001-01-02,60266397.002738364
2001-01-03,55552271.20121038
2001-01-04,60635007.60800567
2001-01-05,63324995.43734692
2001-01-06,53958103.16226842
2001-01-07,57287108.08466046
2001-01-08,65687237.159183815
2001-01-09,69494983.94804074
2001-01-10,70485873.4162782
2001-01-11,74134226.5636977
2001-01-12,71516808.39680597
2001-01-13,76897123.16544543
2001-01-14,79907855.60233784
2001-01-15,81895568.82711773
2001-01-16,75539571.58593908
2001-01-17,56032190.054124795
2001-01-18,62546512.2867332
2001-01-19,52695487.106237955
2001-01-20,56232380.924202874
2001-01-21,42506467.98084808
2001-01-22,39045834.53906635
2001-01-23,49938497.28683548
2001-01-24,58310671.4047195
2001-01-25,57274732.00644019
2001-01-26,60412309.40789779
2001-01-27,64367201.61109149
2001-01-28,68524140.04944485
2001-01-29,63569787.46130066
2001-01-30,58299857.93453088
2001-01-31,55040888.47703667
2001-02-01,63662104.71762266
2001-02-02,69137081.60868323
2001-02-03,71594000.64895806
2001-02-04,71284155.68590319
2001-02-05,73395504.75000246
2001-02-06,67415385.21573293
2001-02-07,62839589.673191495
2001-02-08,78729582.91235836
2001-02-09,83869498.87641472
2001-02-10,86868591.13816564
2001-02-11,82628918.76091069
2001-02-12,85621544.59119062
2001-02-13,84878801.48751618
2001-02-14,60507892.51922581
2001-02-15,78763412.80929615
2001-02-16,62151669.64262497
2001-02-17,60108167.377917625
2001-02-18,71084116.83176063
2001-02-19,79310802.09741028
2001-02-20,60597284.32331368
2001-02-21,76101783.07238851
2001-02-22,57596775.64001214
2001-02-23,50819404.4130655
2001-02-24,60946549.97975668
2001-02-25,62847969.60116262
2001-02-26,72458658.36120851
2001-02-27,79322398.23049203
2001-02-28,75462119.54459505
2001-03-01,84840951.39026965
2001-03-02,89183098.8520373
2001-03-03,85658994.53041753
2001-03-04,95382254.2218084
2001-03-05,99853147.57912341
2001-03-06,94504315.47454907
2001-03-07,91705481.47496974
2001-03-08,102042505.66744752
2001-03-09,108830485.81970066
2001-03-10,113881855.43123232
2001-03-11,117289678.60094284
2001-03-12,92666789.91723974
2001-03-13,67228831.26325917
2001-03-14,86334312.7079787
2001-03-15,96118276.05752136
2001-03-16,102996375.74871075
2001-03-17,108798678.42711347
2001-03-18,111092707.25110902
2001-03-19,83940636.21097861
2001-03-20,77849114.50698489
2001-03-21,96440520.86250992
2001-03-22,96798944.53729054
2001-03-23,105359450.01802966
2001-03-24,111063557.9991531
2001-03-25,115209202.91205406
2001-03-26,116930923.68493003
2001-03-27,106531395.8477953
2001-03-28,80229080.38215713
2001-03-29,86457024.34537838
2001-03-30,103704285.22991058
2001-03-31,101648984.65309218
2001-04-01,113857883.47600923
2001-04-02,118311147.80880769
2001-04-03,102055628.76464878
2001-04-04,113898983.76517545
2001-04-05,124525770.47278233
2001-04-06,128153626.54458384
2001-04-07,132326237.45414908
2001-04-08,133527470.79195252
2001-04-09,124693515.6503722
2001-04-10,116829182.35328028
2001-04-11,102585253.39767256
2001-04-12,120855679.45381516
2001-04-13,108972509.99957487
2001-04-14,101464758.67481375
2001-04-15,120871050.64882503
2001-04-16,118491203.87474564
2001-04-17,96552657.49824327
2001-04-18,112470168.4398341
2001-04-19,109916725.42370938
2001-04-20,115854643.33881742
2001-04-21,132437394.28904176
2001-04-22,142283135.34911335
2001-04-23,149334123.9159937
2001-04-24,119029647.28592765
2001-04-25,137919035.40063164
2001-04-26,132795496.560047
2001-04-27,141651917.4938449
2001-04-28,143688550.24544245
2001-04-29,153969012.152581
2001-04-30,161302140.28580803
2001-05-01,129506009.68328291
2001-05-02,134544393.3057687
2001-05-03,143171517.13307923
2001-05-04,162188031.70961425
2001-05-05,171018543.30717862
2001-05-06,176060704.18107408
2001-05-07,174411843.101473
2001-05-08,132729164.20104584
2001-05-09,165975095.0346846
2001-05-10,185653629.91540423
2001-05-11,197988743.3190637
2001-05-12,203544028.27258825
2001-05-13,208850297.80709526
2001-05-14,204708262.11130282
2001-05-15,206789003.33845353
2001-05-16,213298003.1441888
2001-05-17,223225703.3215468
2001-05-18,235501803.8977859
2001-05-19,228533843.99168515
2001-05-20,222975629.0428913
2001-05-21,226346444.81450382
2001-05-22,236620787.55427516
2001-05-23,250963859.98122007
2001-05-24,261879377.52920008
2001-05-25,262382233.15501192
2001-05-26,270757049.3992126
2001-05-27,278941220.65783906
2001-05-28,272511288.4464343
2001-05-29,245706380.08561334
2001-05-30,270582273.6775689
2001-05-31,290053840.0237324
2001-06-01,299403294.34502715
2001-06-02,306381996.57534575
2001-06-03,302494449.9133157
2001-06-04,277596803.46896964
2001-06-05,261491477.5102545
2001-06-06,264771264.3552494
2001-06-07,279864438.43225086
2001-06-08,301950351.94931954
2001-06-09,312379407.4349332
2001-06-10,320669376.40157557
2001-06-11,330448300.38078296
2001-06-12,321346902.0402788
2001-06-13,277879983.1827525
2001-06-14,282472805.42524934
2001-06-15,235996972.2837064
2001-06-16,232474921.03830016
2001-06-17,158069068.50761047
2001-06-18,246873009.68730673
2001-06-19,290479478.94853896
2001-06-20,319449520.47328573
2001-06-21,309002838.80813265
2001-06-22,288265837.2474234
2001-06-23,218819350.45431033
2001-06-24,258541746.9842732
2001-06-25,301011288.9865397
2001-06-26,309079400.5541895
2001-06-27,341912717.68202835
2001-06-28,360436225.91976994
2001-06-29,360218942.7279655
2001-06-30,340532041.14125764
2001-07-01,281312514.46510357
2001-07-02,299477034.853457
2001-07-03,273278750.9264817
2001-07-04,290453013.7957823
2001-07-05,301787515.58523256
2001-07-06,321810113.55721253
2001-07-07,334562108.1250717
2001-07-08,333048006.45568156
2001-07-09,324310833.5676878
2001-07-10,331838553.088637
2001-07-11,292869530.05423266
2001-07-12,260061035.64801311
2001-07-13,283260135.8000285
2001-07-14,312751841.7720618
2001-07-15,295517177.37015676
2001-07-16,276016854.766332
2001-07-17,222087059.48087907
2001-07-18,315624836.83985335
2001-07-19,361471708.9764113
2001-07-20,356636793.7811712
2001-07-21,345700931.6868109
2001-07-22,292147603.40028036
2001-07-23,231822572.88504472
2001-07-24,180653289.2959037
2001-07-25,243712600.21719295
2001-07-26,289584570.4710163
2001-07-27,306386192.1742613
2001-07-28,294197725.56957793
2001-07-29,185377401.8764604
2001-07-30,229612548.1047911
2001-07-31,296373750.34237385
2001-08-01,333726104.57765615
2001-08-02,347096203.2819435
2001-08-03,321003813.10964835
2001-08-04,299687384.0533837
2001-08-05,304075319.2019727
2001-08-06,311265342.045419
2001-08-07,289083331.503278
2001-08-08,298467323.2626515
2001-08-09,292173872.0211561
2001-08-10,295015841.1098798
2001-08-11,296708663.37122995
2001-08-12,307306151.0802176
2001-08-13,307240338.5193408
2001-08-14,258172657.06624213
2001-08-15,193993692.29406664
2001-08-16,267656448.4637735
2001-08-17,300223921.4750532
2001-08-18,317779194.142687
2001-08-19,307890405.044419
2001-08-20,301654271.41906446
2001-08-21,289654294.8223911
2001-08-22,278860734.5883688
2001-08-23,268033464.82158166
2001-08-24,289660596.936325
2001-08-25,304445029.5045445
2001-08-26,317391445.9308839
2001-08-27,317934841.6254457
2001-08-28,326092394.16407144
2001-08-29,316629354.91640496
2001-08-30,312481882.9882405
2001-08-31,291903261.6394331
2001-09-01,300987787.6571119
2001-09-02,316216362.90532804
2001-09-03,280296360.63305396
2001-09-04,268883135.9918087
2001-09-05,276058979.96892536
2001-09-06,285536623.2507682
2001-09-07,282395141.9449761
2001-09-08,288001600.81257725
2001-09-09,298047606.42524976
2001-09-10,284257136.8873759
2001-09-11,291011802.2966281
2001-09-12,207992357.72064248
2001-09-13,244424978.1117234
2001-09-14,151245594.3737705
2001-09-15,199020751.46778637
2001-09-16,210790951.87345147
2001-09-17,226424312.93902776
2001-09-18,242003863.33008778
2001-09-19,240796963.83141616
2001-09-20,187326349.38914353
2001-09-21,198038749.45395306
2001-09-22,224405021.4422823
2001-09-23,234656316.4345028
2001-09-24,243260346.14699227
2001-09-25,238864135.8668748
2001-09-26,235960057.04210788
2001-09-27,240749854.26031086
2001-09-28,255144201.575471
2001-09-29,260363244.50295588
2001-09-30,263117749.13106662
2001-10-01,254844053.35942328
2001-10-02,249655671.3429293
2001-10-03,234021615.9708348
2001-10-04,215080024.52523583
2001-10-05,220774227.81966487
2001-10-06,241904188.9218024
2001-10-07,254174409.72696185
2001-10-08,255712304.77441218
2001-10-09,240340323.0040744
2001-10-10,214655707.54448053
2001-10-11,158805708.53899106
2001-10-12,147129948.26408577
2001-10-13,169560663.14537343
2001-10-14,180475900.44438398
2001-10-15,190191028.085378
2001-10-16,191676276.93541482
2001-10-17,198367407.41277605
2001-10-18,194679954.5141836
2001-10-19,182826446.38199797
2001-10-20,177690216.17631975
2001-10-21,169092507.1968175
2001-10-22,153952450.98395404
2001-10-23,163256511.0517761
2001-10-24,156227013.39846763
2001-10-25,166618928.17670476
2001-10-26,178337004.33414307
2001-10-27,181328804.2784438
2001-10-28,178564035.21714726
2001-10-29,157491363.73727465
2001-10-30,146525117.94313928
2001-10-31,135339165.31550848
2001-11-01,81231548.65123084
2001-11-02,65947585.12306653
2001-11-03,44093750.33266855
2001-11-04,56312666.488615036
2001-11-05,55383692.70347956
2001-11-06,58408486.790104836
2001-11-07,66925501.52745836
2001-11-08,72890324.12557961
2001-11-09,74992955.68588218
2001-11-10,72576706.21079566
2001-11-11,68512932.65945235
2001-11-12,75551191.72260562
2001-11-13,78657474.24658275
2001-11-14,81439318.36901124
2001-11-15,83165623.79273856
2001-11-16,84287645.92856735
2001-11-17,86429093.65234327
2001-11-18,87622825.50438663
2001-11-19,88043957.98487625
2001-11-20,88985540.74273811
2001-11-21,90406925.1060457
2001-11-22,91607605.45996282
2001-11-23,93439663.85690555
2001-11-24,94804466.5019254
2001-11-25,94277299.03331971
2001-11-26,92855869.45141733
2001-11-27,87025811.8984961
2001-11-28,80107239.60144717
2001-11-29,71047918.75246742
2001-11-30,71285816.33164112
2001-12-01,71758770.94928505
2001-12-02,72723284.64967626
2001-12-03,45178370.719981715
2001-12-04,52692541.414881274
2001-12-05,59824013.12249988
2001-12-06,58946584.86201538
2001-12-07,52533614.21906521
2001-12-08,55192399.491220415
2001-12-09,59991662.77815192
2001-12-10,52415896.77008197
2001-12-11,45799322.11373637
2001-12-12,51555258.70111685
2001-12-13,39873176.87768116
2001-12-14,33898996.98910532
2001-12-15,40124090.69741869
2001-12-16,43808677.83849772
2001-12-17,33815377.56943451
2001-12-18,31059730.802216623
2001-12-19,43005068.87615977
2001-12-20,47413618.9402763
2001-12-21,48875807.144203044
2001-12-22,43998403.5544993
2001-12-23,43124226.798550546
2001-12-24,43129736.244511984
2001-12-25,45580083.92821504
2001-12-26,43247601.9730158
2001-12-27,50913472.990381524
2001-12-28,55621526.6481413
2001-12-29,54477940.30778962
2001-12-30,59264663.320875816
2001-12-31,61183290.4420601
2002-01-01,60478314.895195894
2002-01-02,64439804.73695687
2002-01-03,65672645.18042378
2002-01-04,66583155.54211897
2002-01-05,68444558.70722564
2002-01-06,67838873.69274987
2002-01-07,72364918.84954026
2002-01-08,76312387.89007004
2002-01-09,77022904.95759276
2002-01-10,60759875.47686422
2002-01-11,69269002.10157901
2002-01-12,60253306.38434438
2002-01-13,28627007.11305512
2002-01-14,29896153.123324
2002-01-15,34994598.96948651
2002-01-16,36052454.91391669
2002-01-17,44702223.132903084
2002-01-18,47561594.729491785
2002-01-19,52074198.75637615
2002-01-20,50890726.98798427
2002-01-21,55720381.231107965
2002-01-22,55227643.674074695
2002-01-23,55492577.41636073
2002-01-24,61520097.92852182
2002-01-25,54565296.05029114
2002-01-26,61138084.336637646
2002-01-27,65471780.66450306
2002-01-28,70694786.72223975
2002-01-29,73818070.86989819
2002-01-30,73907970.12626942
2002-01-31,71876324.83517534
2002-02-01,66588607.42480893
2002-02-02,46727850.50084132
2002-02-03,66696165.54306628
2002-02-04,70537377.24544571
2002-02-05,54628451.22106323
2002-02-06,52649511.297695674
2002-02-07,39724753.18369074
2002-02-08,51403149.18147829
2002-02-09,52731124.92871762
2002-02-10,64162972.608726315
2002-02-11,63856169.63960818
2002-02-12,62512937.23275255
2002-02-13,68646431.67183395
2002-02-14,73732173.75252649
2002-02-15,68105816.1372232
2002-02-16,54089110.201919995
2002-02-17,53293020.09540731
2002-02-18,60673660.49364103
2002-02-19,70173029.2363422
2002-02-20,66758219.443566635
2002-02-21,60432117.65206236
2002-02-22,43738336.78900108
2002-02-23,45490469.63519559
2002-02-24,58147910.701593556
2002-02-25,64958138.92142126
2002-02-26,64777479.634693004
2002-02-27,74256392.80255783
2002-02-28,73857825.04027855
2002-03-01,56122231.625706464
2002-03-02,57389945.87511516
2002-03-03,72213685.31545925
2002-03-04,79247259.88183187
2002-03-05,83998454.52324162
2002-03-06,87684092.71305332
2002-03-07,77815608.91492248
2002-03-08,63021198.068196185
2002-03-09,41941715.75491756
2002-03-10,53068727.35934198
2002-03-11,71669176.42419907
2002-03-12,76656154.03529212
2002-03-13,84105304.7482827
2002-03-14,85993029.77879891
2002-03-15,91995708.31674981
2002-03-16,96198047.18887812
2002-03-17,99026174.96629979
2002-03-18,102566108.22333805
2002-03-19,105957151.99621448
2002-03-20,98902285.30074815
2002-03-21,78374918.8425186
2002-03-22,92936454.19166583
2002-03-23,88540439.57628067
2002-03-24,65239712.98472657
2002-03-25,83382642.54663502
2002-03-26,91181122.51702689
2002-03-27,100092966.21432851
2002-03-28,106213473.7259501
2002-03-29,109728475.06564279
2002-03-30,102455062.11398141
2002-03-31,91684931.99966489
2002-04-01,71210243.72525041
2002-04-02,92886490.35375755
2002-04-03,99972404.86569819
2002-04-04,82996346.84083155
2002-04-05,71829348.14761284
2002-04-06,60768711.32227336
2002-04-07,68869769.59928466
2002-04-08,91694823.75028583
2002-04-09,99126553.88549368
2002-04-10,105279510.76343414
2002-04-11,111159569.2432117
2002-04-12,115141912.7118846
2002-04-13,98018060.38645203
2002-04-14,96522009.35530663
2002-04-15,84979073.47853956
2002-04-16,109023148.20480134
2002-04-17,101754092.36510612
2002-04-18,116194463.38947815
2002-04-19,126117645.72696084
2002-04-20,129314099.8091939
2002-04-21,133079687.847746
2002-04-22,127559426.4648768
2002-04-23,96094181.02616993
2002-04-24,95140105.87873684
2002-04-25,85465363.64680167
2002-04-26,108092099.03167447
2002-04-27,85237935.41094789
2002-04-28,94553191.35474299
2002-04-29,111271062.34765986
2002-04-30,95629817.01645777
2002-05-01,107241911.14972974
2002-05-02,105326455.82377313
2002-05-03,118127206.19900538
2002-05-04,120725959.9874489
2002-05-05,122514013.059925
2002-05-06,110227971.1915765
2002-05-07,109905244.21957576
2002-05-08,123984609.9368228
2002-05-09,131932107.29167043
2002-05-10,141089350.68834475
2002-05-11,148985247.32274765
2002-05-12,155609524.840037
2002-05-13,141725467.49227002
2002-05-14,136546857.8173291
2002-05-15,128498487.36051995
2002-05-16,150276239.82938614
2002-05-17,163608081.94274744
2002-05-18,166835224.6553712
2002-05-19,153879674.28018582
2002-05-20,155318362.76347977
2002-05-21,167052145.03564906
2002-05-22,168326884.4099267
2002-05-23,168303112.302886
2002-05-24,170908390.78501412
2002-05-25,181266678.4118101
2002-05-26,193890750.10498732
2002-05-27,169524689.72462758
2002-05-28,175691455.75713795
2002-05-29,162829142.1689513
2002-05-30,179501813.64883232
2002-05-31,193391728.07740977
2002-06-01,204860941.4801009
2002-06-02,212310031.73533392
2002-06-03,219496584.02899396
2002-06-04,224220403.38904276
2002-06-05,223807305.93179485
2002-06-06,228563411.9760154
2002-06-07,242057524.76166514
2002-06-08,253323561.28050822
2002-06-09,245141417.3065012
2002-06-10,252050252.34885514
2002-06-11,244877814.53776276
2002-06-12,263991972.84092933
2002-06-13,272702215.40131897
2002-06-14,275999631.1656707
2002-06-15,279531994.99208707
2002-06-16,243443888.325501
2002-06-17,154508173.59731668
2002-06-18,215979699.78312624
2002-06-19,211675384.26416516
2002-06-20,219099130.9069682
2002-06-21,250596188.11291522
2002-06-22,278620526.6603023
2002-06-23,256927814.60169095
2002-06-24,180992986.5004526
2002-06-25,226292685.7679115
2002-06-26,244879063.28803173
2002-06-27,265257534.98094037
2002-06-28,261052168.98161492
2002-06-29,261101887.1805701
2002-06-30,263986265.25478446
2002-07-01,293416909.07497215
2002-07-02,309251094.4174853
2002-07-03,293908383.6215429
2002-07-04,293983145.18782914
2002-07-05,290178114.54997754
2002-07-06,286285153.01441044
2002-07-07,293138702.1245866
2002-07-08,303610864.4560288
2002-07-09,296447218.25283617
2002-07-10,261510925.38666254
2002-07-11,289667155.5211506
2002-07-12,299229435.0102469
2002-07-13,297759547.3231403
2002-07-14,302858907.9547319
2002-07-15,310949242.44108754
2002-07-16,321290247.88570255
2002-07-17,309957188.7758333
2002-07-18,293730182.00727713
2002-07-19,296569060.6110897
2002-07-20,303868760.3887246
2002-07-21,281696762.39724785
2002-07-22,262135204.11789688
2002-07-23,289917918.48511887
2002-07-24,321589849.4845845
2002-07-25,321995626.3965024
2002-07-26,305233947.50146717
2002-07-27,299962327.85152036
2002-07-28,290197040.51218975
2002-07-29,296548503.409526
2002-07-30,295558415.1223341
2002-07-31,294945481.3087605
2002-08-01,301011806.79596394
2002-08-02,312033560.11386603
2002-08-03,315939056.5773305
2002-08-04,299597515.31984174
2002-08-05,294087538.52361226
2002-08-06,298931725.7978358
2002-08-07,269442466.8116218
2002-08-08,284576684.1692014
2002-08-09,283389626.4773115
2002-08-10,294857116.21486956
2002-08-11,300451977.85013676
2002-08-12,257063457.43385145
2002-08-13,137153578.79976767
2002-08-14,145942337.8792696
2002-08-15,244305089.39172193
2002-08-16,290807422.2148947
2002-08-17,314295215.18074334
2002-08-18,306761878.7540743
2002-08-19,301002748.20318073
2002-08-20,301678226.2085936
2002-08-21,279818654.752009
2002-08-22,256481318.19375876
2002-08-23,267498811.67625496
2002-08-24,260990523.20584473
2002-08-25,252289703.34364223
2002-08-26,219682527.15447608
2002-08-27,251810011.62008053
2002-08-28,258143579.8018021
2002-08-29,260180375.52485192
2002-08-30,260459872.79698092
2002-08-31,247591487.2323009
2002-09-01,258873499.09304506
2002-09-02,246804529.23291704
2002-09-03,248770938.4091173
2002-09-04,218446758.0705038
2002-09-05,242266769.66236633
2002-09-06,261786528.77235535
2002-09-07,274100489.3603563
2002-09-08,249507652.9934695
2002-09-09,252738377.92066672
2002-09-10,251771356.06893557
2002-09-11,253198623.0997187
2002-09-12,258012026.71438655
2002-09-13,210824678.1870401
2002-09-14,212611492.05242538
2002-09-15,234743734.29967013
2002-09-16,234938093.63697475
2002-09-17,220222485.95715836
2002-09-18,203148682.1060364
2002-09-19,212509074.90741614
2002-09-20,228800468.9450936
2002-09-21,249564972.80456233
2002-09-22,267656676.31822723
2002-09-23,245785074.2178436
2002-09-24,222205807.59332797
2002-09-25,191564522.39025688
2002-09-26,210930362.1766907
2002-09-27,216756578.9226011
2002-09-28,220562517.9801021
2002-09-29,221477566.03547356
2002-09-30,223273157.45322224
2002-10-01,235746794.02279067
2002-10-02,247564044.28464693
2002-10-03,250232544.07734656
2002-10-04,246043342.23038957
2002-10-05,239473529.24255896
2002-10-06,231192491.41385144
2002-10-07,227645731.6086491
2002-10-08,222739560.92142504
2002-10-09,239130238.15203828
2002-10-10,236754069.8702499
2002-10-11,237564319.18800715
2002-10-12,225627177.8257609
2002-10-13,200031666.55987638
2002-10-14,213410367.3996768
2002-10-15,212350745.609656
2002-10-16,203665817.37613496
2002-10-17,198030957.87615424
2002-10-18,210984510.09775835
2002-10-19,197923551.0952236
2002-10-20,181569897.0625525
2002-10-21,176473718.8259732
2002-10-22,167252445.34971806
2002-10-23,177291152.49760017
2002-10-24,178248498.35109854
2002-10-25,182636900.47289768
2002-10-26,192406588.9865749
2002-10-27,193622668.53441963
2002-10-28,196237347.39282203
2002-10-29,180174739.41486785
2002-10-30,183390620.85070804
2002-10-31,188266929.21422526
2002-11-01,198208510.72813275
2002-11-02,204182999.1627304
2002-11-03,204363647.00041133
2002-11-04,193211203.19564107
2002-11-05,184413462.14390612
2002-11-06,176057786.65220267
2002-11-07,153985812.96255484
2002-11-08,144392336.9572009
2002-11-09,127107459.42442094
2002-11-10,111029046.79624212
2002-11-11,102711047.34952784
2002-11-12,98504334.75920816
2002-11-13,106385121.65025273
2002-11-14,121831969.21999033
2002-11-15,128174709.25216931
2002-11-16,128857414.07433365
2002-11-17,130759459.13604069
2002-11-18,121593360.82227401
2002-11-19,106705494.53753886
2002-11-20,120024683.49756825
2002-11-21,124739768.9296687
2002-11-22,126531172.75797513
2002-11-23,121082375.99350172
2002-11-24,124047481.15024415
2002-11-25,126849312.41326499
2002-11-26,130085952.88922383
2002-11-27,130614896.46196711
2002-11-28,119363882.48051669
2002-11-29,123599026.0494388
2002-11-30,108037729.60106279
2002-12-01,116001920.06150998
2002-12-02,90123225.44794106
2002-12-03,73497713.96087699
2002-12-04,64711270.866846874
2002-12-05,51916833.816075206
2002-12-06,65591953.32634407
2002-12-07,73692226.81741671
2002-12-08,76046727.34881344
2002-12-09,79604137.80989607
2002-12-10,73133689.51698133
2002-12-11,59420484.311495095
2002-12-12,60403260.878596336
2002-12-13,53596183.127959564
2002-12-14,47562588.56270353
2002-12-15,53527476.781263724
2002-12-16,53430650.487730525
2002-12-17,55644781.88374807
2002-12-18,55025118.573272996
2002-12-19,31771675.343515165
2002-12-20,33388789.613109343
2002-12-21,47762469.40835481
2002-12-22,49943400.98090592
2002-12-23,47032709.03604706
2002-12-24,41675320.85855263
2002-12-25,48297901.04934881
2002-12-26,43741626.81431854
2002-12-27,53144826.17099134
2002-12-28,55816022.491946034
2002-12-29,58853795.78765954
2002-12-30,50980809.26676698
2002-12-31,57998527.98121636
2003-01-01,63711535.33079112
2003-01-02,66376438.201791875
2003-01-03,55847424.625012875
2003-01-04,64937202.44033299
2003-01-05,67876359.67626993
2003-01-06,66132321.26098454
2003-01-07,64037229.01631739
2003-01-08,71377587.19051528
2003-01-09,65779150.18507288
2003-01-10,75258828.54887207
2003-01-11,78190450.13409185
2003-01-12,66346375.00885221
2003-01-13,79609953.28783204
2003-01-14,81991417.09765673
2003-01-15,81601781.23244578
2003-01-16,70667024.05379832
2003-01-17,63822696.99664559
2003-01-18,64999325.67954181
2003-01-19,81455063.51543532
2003-01-20,88783078.88746475
2003-01-21,71204811.94148971
2003-01-22,75571721.94112383
2003-01-23,70076826.69776368
2003-01-24,71699696.32250682
2003-01-25,63624014.98449677
2003-01-26,61774835.7314874
2003-01-27,52142117.32524033
2003-01-28,48585847.73913732
2003-01-29,52405846.830002725
2003-01-30,39926068.281624615
2003-01-31,50498770.02434675
2003-02-01,53273997.08475158
2003-02-02,55427328.48975079
2003-02-03,63733989.65115331
2003-02-04,68162553.35828157
2003-02-05,68854455.84438977
2003-02-06,49889308.65708103
2003-02-07,42954031.05226837
2003-02-08,58601302.8989815
2003-02-09,63920195.92352283
2003-02-10,68663042.95860533
2003-02-11,71691041.79810587
2003-02-12,68451127.00843224
2003-02-13,66924693.314430654
2003-02-14,73735627.36605714
2003-02-15,59660225.222185515
2003-02-16,40494639.813437775
2003-02-17,30702328.764453564
2003-02-18,26274046.997607697
2003-02-19,29334164.127479102
2003-02-20,41513015.704178
2003-02-21,52053247.97530707
2003-02-22,53823292.96525624
2003-02-23,44685081.973306544
2003-02-24,53465420.45588295
2003-02-25,58072641.180307984
2003-02-26,51468601.431167856
2003-02-27,48521732.932649866
2003-02-28,42978482.81313961
2003-03-01,38918119.45754715
2003-03-02,39688282.257438034
2003-03-03,40180566.66120288
2003-03-04,57842325.683624186
2003-03-05,65073800.24579039
2003-03-06,68124342.99071017
2003-03-07,71641145.81804849
2003-03-08,75771963.16737387
2003-03-09,51723761.4173106
2003-03-10,53378930.65586725
2003-03-11,71700526.83651724
2003-03-12,75283244.88680656
2003-03-13,69216233.39488205
2003-03-14,56186292.33649717
2003-03-15,55083716.216156915
2003-03-16,67778763.13941088
2003-03-17,75252323.75333816
2003-03-18,77559794.2067348
2003-03-19,76034510.71569356
2003-03-20,85885746.34422767
2003-03-21,92485702.48670124
2003-03-22,74553483.80076176
2003-03-23,81999351.82418893
2003-03-24,86154100.94469994
2003-03-25,81568471.32186253
2003-03-26,93943409.06364347
2003-03-27,96571685.27878395
2003-03-28,59459607.42697819
2003-03-29,60901284.48026228
2003-03-30,75546357.6172207
2003-03-31,81114580.834751
2003-04-01,86172167.80296013
2003-04-02,62383565.188050255
2003-04-03,81545359.88912526
2003-04-04,71994193.71542008
2003-04-05,91181680.54842857
2003-04-06,94003480.40211834
2003-04-07,100632880.96344656
2003-04-08,105429431.77597764
2003-04-09,108485182.00577013
2003-04-10,110908743.20701686
2003-04-11,109396200.15283234
2003-04-12,115434997.15146801
2003-04-13,120226822.16172327
2003-04-14,95110015.8429983
2003-04-15,67764981.19658104
2003-04-16,75224512.2022107
2003-04-17,98810503.5432603
2003-04-18,87954915.63904087
2003-04-19,55773525.13019359
2003-04-20,89026025.60125573
2003-04-21,100313457.10695672
2003-04-22,107477069.4511328
2003-04-23,113193274.38443543
2003-04-24,103451522.80639826
2003-04-25,81581180.00980136
2003-04-26,81475395.14147195
2003-04-27,93717644.22410236
2003-04-28,106693011.80552606
2003-04-29,116108259.4877755
2003-04-30,118989966.08790581
2003-05-01,81130465.28260157
2003-05-02,54556553.179945275
2003-05-03,73820760.92415299
2003-05-04,91720379.10020728
2003-05-05,105209833.97107556
2003-05-06,112228548.23285724
2003-05-07,122783672.43865943
2003-05-08,128633564.03640254
2003-05-09,132330330.45410481
2003-05-10,106377897.55738801
2003-05-11,123625353.71814929
2003-05-12,101488489.4051219
2003-05-13,105390799.089113
2003-05-14,112471425.43512219
2003-05-15,123120315.71209343
2003-05-16,130751356.88795061
2003-05-17,139744899.87351307
2003-05-18,142852065.4086375
2003-05-19,143131516.75477344
2003-05-20,150117068.69613326
2003-05-21,149277949.6865485
2003-05-22,137847301.0169667
2003-05-23,128190932.29301079
2003-05-24,134436358.7682797
2003-05-25,120906255.61518013
2003-05-26,129650630.48724696
2003-05-27,126946116.36768088
2003-05-28,137468161.73231584
2003-05-29,135328665.27602646
2003-05-30,156839084.95366123
2003-05-31,163365374.9444117
2003-06-01,168281157.87590718
2003-06-02,181127579.59141493
2003-06-03,177137448.50722188
2003-06-04,182808185.0925192
2003-06-05,189455797.1029444
2003-06-06,197819990.61154488
2003-06-07,203634207.54751924
2003-06-08,195685830.40612936
2003-06-09,150362894.60630754
2003-06-10,185559805.14054552
2003-06-11,190741057.53102472
2003-06-12,182834587.01447868
2003-06-13,202287515.2946105
2003-06-14,217681744.03723073
2003-06-15,227954247.17818654
2003-06-16,238439795.22493127
2003-06-17,237539375.22203574
2003-06-18,229012903.0430336
2003-06-19,231985433.98341155
2003-06-20,229984996.88269687
2003-06-21,229252470.6081462
2003-06-22,225104354.87364864
2003-06-23,227490815.49980158
2003-06-24,244060898.11747012
2003-06-25,254667724.77279383
2003-06-26,256262370.5547537
2003-06-27,241495432.81899112
2003-06-28,253050821.41369435
2003-06-29,256991455.4472635
2003-06-30,265557546.50993606
2003-07-01,274623706.0918817
2003-07-02,283705538.7607197
2003-07-03,297400608.90901923
2003-07-04,291281056.73626244
2003-07-05,247821346.48017785
2003-07-06,249131707.56566006
2003-07-07,254494418.85888466
2003-07-08,270458738.07829165
2003-07-09,276068582.93684113
2003-07-10,278962202.93127435
2003-07-11,284015663.43826705
2003-07-12,282205946.0908508
2003-07-13,274844270.54411
2003-07-14,298781476.91925544
2003-07-15,320778829.2339781
2003-07-16,280038135.5836953
2003-07-17,278931415.60549164
2003-07-18,295738435.7288671
2003-07-19,322653285.4638357
2003-07-20,321141443.821725
2003-07-21,296058141.45206225
2003-07-22,302716642.50906414
2003-07-23,292668582.0230341
2003-07-24,270266833.70485115
2003-07-25,299482908.4308041
2003-07-26,311144331.7764552
2003-07-27,288322845.0119528
2003-07-28,285747894.2775693
2003-07-29,297517608.02129406
2003-07-30,316160604.9899071
2003-07-31,338292388.66862416
2003-08-01,311456536.28332436
2003-08-02,278301250.6935059
2003-08-03,272720523.46461076
2003-08-04,207742786.66888294
2003-08-05,278864761.7860862
2003-08-06,311663323.3381989
2003-08-07,325546199.6652194
2003-08-08,318666564.9210898
2003-08-09,294842702.9100677
2003-08-10,295872858.26302075
2003-08-11,286314265.41941994
2003-08-12,279243773.2873705
2003-08-13,297050307.7453414
2003-08-14,301074302.058304
2003-08-15,295253389.3388886
2003-08-16,286866193.87556463
2003-08-17,291251823.39165425
2003-08-18,295693738.16612893
2003-08-19,260079776.68949005
2003-08-20,234083414.33787233
2003-08-21,248208787.85191947
2003-08-22,273507979.76709443
2003-08-23,287545699.73772436
2003-08-24,302296144.46912915
2003-08-25,299551534.76215047
2003-08-26,285542008.5543452
2003-08-27,244027010.94310892
2003-08-28,263212874.80076358
2003-08-29,247685027.32526731
2003-08-30,227793503.53667718
2003-08-31,256462213.3297774
2003-09-01,282807336.06448543
2003-09-02,303055544.39750886
2003-09-03,274234511.8528796
2003-09-04,210831096.90106842
2003-09-05,226036022.09962764
2003-09-06,236615628.50296754
2003-09-07,254037218.40691578
2003-09-08,229366514.20552874
2003-09-09,226411895.79232457
2003-09-10,249495047.0462742
2003-09-11,262222312.71494997
2003-09-12,269302871.9463666
2003-09-13,258174432.05459416
2003-09-14,245562955.77845612
2003-09-15,246824205.19824648
2003-09-16,251321738.61582887
2003-09-17,268228414.24317834
2003-09-18,268147695.53217995
2003-09-19,282264436.3853612
2003-09-20,294609334.55516493
2003-09-21,291566437.5591105
2003-09-22,286865611.05299586
2003-09-23,261627951.3683656
2003-09-24,167594010.5838616
2003-09-25,120217013.45819044
2003-09-26,156097966.81346634
2003-09-27,150298707.5965152
2003-09-28,138555132.4443553
2003-09-29,146035966.77436942
2003-09-30,159249679.99375284
2003-10-01,167511647.55720168
2003-10-02,177509199.1822418
2003-10-03,186094567.81804964
2003-10-04,195862107.82202536
2003-10-05,199851627.73784307
2003-10-06,197446945.24019992
2003-10-07,164275378.41311628
2003-10-08,138264644.04007813
2003-10-09,111916959.69825563
2003-10-10,136629091.00264657
2003-10-11,136101498.15209845
2003-10-12,150356828.8943045
2003-10-13,155130128.55924195
2003-10-14,160345117.11042634
2003-10-15,162307538.37002364
2003-10-16,161698942.1672001
2003-10-17,162370901.41639283
2003-10-18,165296974.0352587
2003-10-19,161025996.41131172
2003-10-20,166568378.52526876
2003-10-21,174246221.5166051
2003-10-22,178357371.44540226
2003-10-23,174810638.83336377
2003-10-24,164965694.84986362
2003-10-25,167849789.45631152
2003-10-26,168994664.24353018
2003-10-27,180139902.12805444
2003-10-28,180127222.07577235
2003-10-29,181013421.5860462
2003-10-30,181801630.84702975
2003-10-31,182250989.4757642
2003-11-01,178740171.0572069
2003-11-02,176147618.48998484
2003-11-03,173464135.83506075
2003-11-04,168179278.63327748
2003-11-05,117379727.10893574
2003-11-06,116278277.93624677
2003-11-07,114616917.07876587
2003-11-08,79705080.52160089
2003-11-09,99711386.28204353
2003-11-10,109654430.03894436
2003-11-11,113215361.82197328
2003-11-12,104131377.44261068
2003-11-13,83815275.47235431
2003-11-14,69366134.59328231
2003-11-15,75444482.47576039
2003-11-16,54918790.76587268
2003-11-17,47679761.33529361
2003-11-18,57007887.619740464
2003-11-19,67129567.43581326
2003-11-20,72019436.22297755
2003-11-21,74037380.7664886
2003-11-22,77073445.95909566
2003-11-23,78941727.26857533
2003-11-24,78520279.72047941
2003-11-25,82357100.80626824
2003-11-26,83714504.07751928
2003-11-27,85453360.67498505
2003-11-28,87070002.96233675
2003-11-29,87192916.2585566
2003-11-30,76022157.17713712
2003-12-01,79326129.94436124
2003-12-02,67769696.0673945
2003-12-03,61988616.80637792
2003-12-04,70354891.38569807
2003-12-05,67852775.67738596
2003-12-06,73500898.48217596
2003-12-07,75776704.04698485
2003-12-08,69282017.31395517
2003-12-09,54348299.03209643
2003-12-10,63628413.86212751
2003-12-11,65303811.092549406
2003-12-12,60012670.75513814
2003-12-13,35334890.52822838
2003-12-14,42050659.894226484
2003-12-15,40410666.97560029
2003-12-16,44826062.3169757
2003-12-17,48053729.71769781
2003-12-18,49133334.88359664
2003-12-19,51007004.83058786
2003-12-20,54441953.54725954
2003-12-21,56591077.028156936
2003-12-22,48020971.51371936
2003-12-23,41244630.13587188
2003-12-24,51688995.15608937
2003-12-25,47094671.05999343
2003-12-26,46900966.392758064
2003-12-27,45335324.62847818
2003-12-28,55284037.03065888
2003-12-29,43530824.205205396
2003-12-30,41247469.2939988
2003-12-31,37783155.52648404
2004-01-01,31995219.26658839
2004-01-02,38611929.153102085
2004-01-03,36033720.828618094
2004-01-04,45111596.99950849
2004-01-05,33281601.09028643
2004-01-06,42889162.6398841
2004-01-07,42357435.32411811
2004-01-08,43143725.90202049
2004-01-09,49271535.552184604
2004-01-10,50694245.02413856
2004-01-11,52702135.12879479
2004-01-12,39236897.41025433
2004-01-13,47439903.6847058
2004-01-14,53605666.41113025
2004-01-15,53809652.28604951
2004-01-16,37167299.78756593
2004-01-17,28139622.747535028
2004-01-18,44211311.6216893
2004-01-19,45413067.91528531
2004-01-20,46997362.969731666
2004-01-21,33341082.212017626
2004-01-22,34560960.87712438
2004-01-23,32555714.94470861
2004-01-24,48217799.6192256
2004-01-25,50633606.39375713
2004-01-26,50178236.744636424
2004-01-27,55759260.56997533
2004-01-28,43715812.11413793
2004-01-29,42104278.70568702
2004-01-30,34904335.97430069
2004-01-31,36210458.26918395
2004-02-01,50227534.26806907
2004-02-02,56800805.44548593
2004-02-03,60031671.041404426
2004-02-04,54865259.297610596
2004-02-05,62978373.01660316
2004-02-06,67605910.61359833
2004-02-07,69350173.91319484
2004-02-08,44245945.13402898
2004-02-09,34126108.61725704
2004-02-10,55178344.840044975
2004-02-11,62552850.733127035
2004-02-12,67375017.44981964
2004-02-13,61958636.68156577
2004-02-14,71146451.3338351
2004-02-15,74604154.88810529
2004-02-16,74548572.84725142
2004-02-17,52621101.45480135
2004-02-18,47408033.72053604
2004-02-19,62183685.52296455
2004-02-20,65545710.390134215
2004-02-21,52151767.14120103
2004-02-22,67715959.35862036
2004-02-23,71912655.46189071
2004-02-24,76685095.87908673
2004-02-25,77041548.04095365
2004-02-26,70187994.57709919
2004-02-27,48287494.113428384
2004-02-28,62234627.01093534
2004-02-29,64505713.18941398
2004-03-01,74894449.65728436
2004-03-02,79941910.54639609
2004-03-03,84752927.22304027
2004-03-04,84730884.70305622
2004-03-05,87157092.66791342
2004-03-06,93520563.12843543
2004-03-07,95529326.28620313
2004-03-08,94280329.6524616
2004-03-09,100507642.58554798
2004-03-10,88927613.36676463
2004-03-11,86685530.54344843
2004-03-12,94776553.63069353
2004-03-13,99345362.105023
2004-03-14,87266872.76319091
2004-03-15,92636486.77107032
2004-03-16,96967901.6449291
2004-03-17,94198570.66192195
2004-03-18,87278253.63385953
2004-03-19,97023151.19429144
2004-03-20,83951959.02256224
2004-03-21,89694073.2910686
2004-03-22,73512308.03016049
2004-03-23,77920447.25183362
2004-03-24,83905732.26303323
2004-03-25,89560937.33388868
2004-03-26,96988931.57846038
2004-03-27,100558829.08962621
2004-03-28,104287142.40463814
2004-03-29,110723572.25708207
2004-03-30,116004846.29191442
2004-03-31,119822998.82441793
2004-04-01,107234476.50461206
2004-04-02,107171668.92803948
2004-04-03,110299341.711037
2004-04-04,123534323.49825746
2004-04-05,132684209.99968393
2004-04-06,137212273.83866522
2004-04-07,121639248.76757327
2004-04-08,122948839.93105635
2004-04-09,106586556.20447734
2004-04-10,106366199.40136825
2004-04-11,110119480.7330839
2004-04-12,103629537.240658
2004-04-13,103867989.23823433
2004-04-14,113070748.82236132
2004-04-15,122655918.65968649
2004-04-16,98902168.15327324
2004-04-17,86769264.63558921
2004-04-18,113575771.66871537
2004-04-19,115199207.79398163
2004-04-20,84342941.82763012
2004-04-21,101345571.42535897
2004-04-22,98144778.44627549
2004-04-23,98794998.35398363
2004-04-24,126317505.51768467
2004-04-25,138012891.66785258
2004-04-26,137701061.36411646
2004-04-27,109461423.61781386
2004-04-28,116874542.3651832
2004-04-29,77210258.37669814
2004-04-30,69735174.29529716
2004-05-01,81617051.93059196
2004-05-02,110392188.3961562
2004-05-03,120732410.38837269
2004-05-04,129620758.52784887
2004-05-05,139524015.56475207
2004-05-06,146473582.7888119
2004-05-07,134327187.96536338
2004-05-08,114778003.21249312
2004-05-09,125443286.87943962
2004-05-10,134535123.91590798
2004-05-11,145207911.47058532
2004-05-12,149728542.47189802
2004-05-13,157202422.98459715
2004-05-14,164554181.64741948
2004-05-15,168888492.17772296
2004-05-16,165781627.35569522
2004-05-17,168234006.69195715
2004-05-18,173794096.6601544
2004-05-19,178491945.94732574
2004-05-20,183339426.05115345
2004-05-21,191961374.16602936
2004-05-22,192440126.3328136
2004-05-23,167766247.32601827
2004-05-24,181224176.15557387
2004-05-25,194355902.0458643
2004-05-26,178238690.90980336
2004-05-27,149718766.21525443
2004-05-28,177949721.89271557
2004-05-29,198739603.32037145
2004-05-30,214065117.91192654
2004-05-31,188194237.86342952
2004-06-01,174344273.13620436
2004-06-02,181567607.03178647
2004-06-03,193916929.84166428
2004-06-04,214941081.09903327
2004-06-05,223624157.70536435
2004-06-06,226555021.08735335
2004-06-07,224870125.58182645
2004-06-08,224957678.06041098
2004-06-09,222358498.6999316
2004-06-10,229821653.32522032
2004-06-11,239891193.1976945
2004-06-12,252253367.01701447
2004-06-13,255433595.70441675
2004-06-14,256476372.98074955
2004-06-15,251568341.86530647
2004-06-16,263195325.48030052
2004-06-17,265575668.62674755
2004-06-18,261695788.6018497
2004-06-19,248480324.56270754
2004-06-20,239627153.12265116
2004-06-21,224108950.7110598
2004-06-22,230557071.25359827
2004-06-23,245551114.19681558
2004-06-24,228459860.6695813
2004-06-25,232649029.3083925
2004-06-26,243761995.46980256
2004-06-27,259031879.45614833
2004-06-28,282278028.7288443
2004-06-29,295974200.8901265
2004-06-30,308472976.6083979
2004-07-01,308392062.04615325
2004-07-02,291258009.70192903
2004-07-03,285604984.7797064
2004-07-04,278296483.71128637
2004-07-05,284748461.1071348
2004-07-06,304448230.2959321
2004-07-07,327164955.9396897
2004-07-08,321594890.84255
2004-07-09,268540036.59404474
2004-07-10,283276460.8236031
2004-07-11,308722988.96516186
2004-07-12,309348450.7480007
2004-07-13,298305409.6976251
2004-07-14,299420444.52841014
2004-07-15,289012069.422876
2004-07-16,296203672.48785365
2004-07-17,292077387.4089861
2004-07-18,293442870.59413344
2004-07-19,299260096.80961156
2004-07-20,293865269.0785435
2004-07-21,299390140.112659
2004-07-22,287468289.2162463
2004-07-23,299700226.2581229
2004-07-24,334759873.0305476
2004-07-25,344913126.8599076
2004-07-26,334436383.58554983
2004-07-27,320447556.1909833
2004-07-28,296883528.9537196
2004-07-29,292955079.73846185
2004-07-30,286872109.98837024
2004-07-31,277983745.8294072
2004-08-01,284945057.31088495
2004-08-02,273430881.81828815
2004-08-03,250646746.6498318
2004-08-04,285845265.99689066
2004-08-05,332608153.8001132
2004-08-06,333755615.1396321
2004-08-07,294614275.25624156
2004-08-08,288286356.3850328
2004-08-09,285582071.65454817
2004-08-10,312790353.43940413
2004-08-11,299989450.6865175
2004-08-12,320959287.8165402
2004-08-13,338421598.8633845
2004-08-14,344320070.4117054
2004-08-15,331219724.97260314
2004-08-16,320321515.83275276
2004-08-17,263591998.7234729
2004-08-18,265415592.97465602
2004-08-19,264248222.12456435
2004-08-20,270113158.00133413
2004-08-21,285775394.625368
2004-08-22,284882949.41957945
2004-08-23,291029378.0406987
2004-08-24,293502132.7952947
2004-08-25,272642182.9478861
2004-08-26,265002751.39278197
2004-08-27,269605591.41300625
2004-08-28,279481628.0363725
2004-08-29,278506657.6531273
2004-08-30,276611537.6213105
2004-08-31,274659497.577228
2004-09-01,277041883.0481002
2004-09-02,255946235.00521457
2004-09-03,283044705.8292438
2004-09-04,290534864.91874313
2004-09-05,283605210.17999816
2004-09-06,292976344.2103594
2004-09-07,309436121.4923382
2004-09-08,316610044.77379525
2004-09-09,311536590.83305025
2004-09-10,309316896.55885214
2004-09-11,307457159.0436784
2004-09-12,305516610.32748353
2004-09-13,297816250.19250363
2004-09-14,284662478.7553434
2004-09-15,252213853.76486418
2004-09-16,207276568.97044
2004-09-17,237907076.46780318
2004-09-18,257666243.5411937
2004-09-19,269708824.81406397
2004-09-20,267276525.04631466
2004-09-21,192044847.07759383
2004-09-22,197565438.159156
2004-09-23,220583005.04247206
2004-09-24,236862288.41489515
2004-09-25,233527129.32467926
2004-09-26,249821781.9633462
2004-09-27,246983658.75572646
2004-09-28,237913341.56089863
2004-09-29,221183188.56638208
2004-09-30,233970231.71305782
2004-10-01,192696509.42020044
2004-10-02,93177944.95723382
2004-10-03,107462949.26837377
2004-10-04,130422718.97499573
2004-10-05,155406873.37308937
2004-10-06,163994665.50570184
2004-10-07,163415645.80448613
2004-10-08,133870079.13026887
2004-10-09,99307273.70827898
2004-10-10,79304405.06384344
2004-10-11,88087553.69878477
2004-10-12,85542034.090502
2004-10-13,90454251.69328573
2004-10-14,102956432.05484368
2004-10-15,110183611.70574065
2004-10-16,110413140.82119544
2004-10-17,110434208.42252497
2004-10-18,103897123.48095019
2004-10-19,99683267.33457118
2004-10-20,91261512.30326056
2004-10-21,101799104.6166301
2004-10-22,111375810.51329735
2004-10-23,117325707.69764347
2004-10-24,119113896.31029168
2004-10-25,109372268.44070363
2004-10-26,88149374.69557208
2004-10-27,98260401.74406599
2004-10-28,92843678.7018929
2004-10-29,105354139.3846683
2004-10-30,111948652.38498984
2004-10-31,115122940.61614221
2004-11-01,116330184.02993566
2004-11-02,118145644.7593892
2004-11-03,119603067.39429668
2004-11-04,120175572.33524922
2004-11-05,120972576.42561695
2004-11-06,122036225.61674453
2004-11-07,121533281.84584217
2004-11-08,122008234.19434647
2004-11-09,122534414.42075849
2004-11-10,105042507.06512286
2004-11-11,99358080.96961698
2004-11-12,92612818.37476267
2004-11-13,90388816.51363564
2004-11-14,96737462.38519192
2004-11-15,103325506.11444467
2004-11-16,105367720.99739818
2004-11-17,94038012.07397394
2004-11-18,99952279.05626081
2004-11-19,102983124.11383486
2004-11-20,95927728.66203798
2004-11-21,83550628.00528096
2004-11-22,57610103.3323334
2004-11-23,68906619.72618914
2004-11-24,78679889.25167161
2004-11-25,71724457.87861744
2004-11-26,74237766.68029195
2004-11-27,77923537.45117225
2004-11-28,84463797.49505521
2004-11-29,58558197.38229328
2004-11-30,51116952.681679025
2004-12-01,58782622.5532034
2004-12-02,64847479.83770934
2004-12-03,69604549.62939344
2004-12-04,59258458.36536123
2004-12-05,68844694.45988274
2004-12-06,73253892.15918013
2004-12-07,68677480.48882444
2004-12-08,70027482.58494872
2004-12-09,74821529.6673142
2004-12-10,74673652.0488783
2004-12-11,56257447.61415639
2004-12-12,64818156.74321611
2004-12-13,63850167.65798031
2004-12-14,68414861.05461751
2004-12-15,66769192.8756547
2004-12-16,71437599.86693427
2004-12-17,65033951.94576677
2004-12-18,63661075.655192636
2004-12-19,36680104.863605775
2004-12-20,45199891.04035495
2004-12-21,44528691.730901
2004-12-22,38278057.52098616
2004-12-23,39070794.238224536
2004-12-24,44780806.482989036
2004-12-25,49592669.00391609
2004-12-26,55452633.29209185
2004-12-27,46428146.6691817
2004-12-28,28865143.31204943
2004-12-29,36072779.35369538
2004-12-30,40126168.30091822
2004-12-31,25485429.83580735
2005-01-01,23657923.477349535
2005-01-02,28055787.38346851
2005-01-03,35511445.43669031
2005-01-04,32929093.64153481
2005-01-05,37290100.69062005
2005-01-06,41082102.016902514
2005-01-07,46344723.0659446
2005-01-08,41284877.86976513
2005-01-09,44951884.18339757
2005-01-10,47906194.409656934
2005-01-11,53780467.92551231
2005-01-12,45248142.475980945
2005-01-13,38538937.9105894
2005-01-14,45731706.9340159
2005-01-15,53176204.6986235
2005-01-16,55637019.04201301
2005-01-17,52529045.48891561
2005-01-18,57206405.65958421
2005-01-19,60506529.597033426
2005-01-20,63524120.100811504
2005-01-21,38387472.98403
2005-01-22,33772135.94279057
2005-01-23,47724729.69573843
2005-01-24,38693504.212652065
2005-01-25,48567598.06093211
2005-01-26,48555128.50846294
2005-01-27,39060456.12428858
2005-01-28,38222476.4956096
2005-01-29,51949911.81950719
2005-01-30,50061760.84908194
2005-01-31,54644166.591408655
2005-02-01,58590007.978022166
2005-02-02,58248470.29629873
2005-02-03,41588850.57207565
2005-02-04,36707091.46111471
2005-02-05,37184763.39281716
2005-02-06,38490603.894103244
2005-02-07,34417725.631582506
2005-02-08,36837037.908992894
2005-02-09,31630226.947771028
2005-02-10,35047901.5545806
2005-02-11,28562836.072522834
2005-02-12,30243170.921679966
2005-02-13,43347577.86584782
2005-02-14,48246982.42766808
2005-02-15,38241826.699616365
2005-02-16,47045798.3423289
2005-02-17,44490288.810719
2005-02-18,40530136.450760804
2005-02-19,39177543.53773964
2005-02-20,50514574.84156634
2005-02-21,60937914.63522642
2005-02-22,65902383.40872435
2005-02-23,46773980.539099604
2005-02-24,44368644.7378587
2005-02-25,60341958.05303336
2005-02-26,65780496.35593863
2005-02-27,50688347.82007384
2005-02-28,60308017.201396406
2005-03-01,63521473.31363848
2005-03-02,65808320.85032247
2005-03-03,59798608.03829334
2005-03-04,67058897.29911021
2005-03-05,60820677.889924936
2005-03-06,76221213.34504676
2005-03-07,66424940.91036018
2005-03-08,75596051.63942428
2005-03-09,70762924.50634632
2005-03-10,69768848.00826603
2005-03-11,83881434.66990101
2005-03-12,91259705.75773959
2005-03-13,95036672.35472828
2005-03-14,85614923.21851866
2005-03-15,87982874.78562449
2005-03-16,71825279.74578822
2005-03-17,51967361.342393234
2005-03-18,45959820.08536044
2005-03-19,53474394.74381624
2005-03-20,64463951.405030616
2005-03-21,49078102.357117034
2005-03-22,62689297.19663464
2005-03-23,70091596.44169794
2005-03-24,83223003.52351646
2005-03-25,72318065.8022708
2005-03-26,90203952.6285416
2005-03-27,68640802.77725086
2005-03-28,82707854.6528705
2005-03-29,93292913.00347382
2005-03-30,94479904.68342404
2005-03-31,104281079.76112993
2005-04-01,108547258.64280185
2005-04-02,112908532.25347812
2005-04-03,117975432.78447884
2005-04-04,104352000.57066442
2005-04-05,75875801.46420725
2005-04-06,64904884.99271091
2005-04-07,50120857.7937161
2005-04-08,70227107.75120783
2005-04-09,78935138.68714553
2005-04-10,85389311.06227303
2005-04-11,96444476.84498237
2005-04-12,85201590.8682093
2005-04-13,88271504.64068295
2005-04-14,75673721.58266665
2005-04-15,88220720.66573124
2005-04-16,98994922.99531326
2005-04-17,106088841.20263202
2005-04-18,113325412.24817689
2005-04-19,116218725.97226924
2005-04-20,104085480.17900029
2005-04-21,120935371.6912385
2005-04-22,117810173.5055157
2005-04-23,122563977.74074171
2005-04-24,106729777.4500827
2005-04-25,89957465.83177595
2005-04-26,91557912.25470886
2005-04-27,109336002.11491095
2005-04-28,120109257.73119181
2005-04-29,126330859.21952398
2005-04-30,129180218.91708763
2005-05-01,128097822.20336929
2005-05-02,131928350.54991545
2005-05-03,113897175.28080903
2005-05-04,115421729.38890477
2005-05-05,134916735.99562803
2005-05-06,137246649.7809187
2005-05-07,136507718.82836863
2005-05-08,145694576.10078633
2005-05-09,128043390.80423068
2005-05-10,141483565.3230007
2005-05-11,152394673.27578908
2005-05-12,160916534.7156732
2005-05-13,151334705.81700882
2005-05-14,157354522.22703046
2005-05-15,163318311.56946284
2005-05-16,149621445.01038587
2005-05-17,150968660.2317325
2005-05-18,140575248.04544428
2005-05-19,139095307.81559724
2005-05-20,140429439.7299883
2005-05-21,127700534.81727545
2005-05-22,112467658.07350701
2005-05-23,102045090.0443732
2005-05-24,127171311.19722965
2005-05-25,115261491.0203203
2005-05-26,114080623.11941351
2005-05-27,133132848.08702257
2005-05-28,137348112.8730031
2005-05-29,108564448.42675583
2005-05-30,116309458.29211219
2005-05-31,132852401.39136
2005-06-01,140202299.48999777
2005-06-02,152261162.14365655
2005-06-03,164442424.63011023
2005-06-04,167856567.39815482
2005-06-05,168794766.81955877
2005-06-06,158497189.11485672
2005-06-07,158338718.1685933
2005-06-08,163088655.28230533
2005-06-09,170405044.80867898
2005-06-10,172465241.36015958
2005-06-11,174487879.46844426
2005-06-12,165903480.55098897
2005-06-13,168048343.6803651
2005-06-14,173958870.05512613
2005-06-15,185325414.9845524
2005-06-16,194618431.57233307
2005-06-17,203250342.21679375
2005-06-18,201282522.58940315
2005-06-19,208508686.7896202
2005-06-20,217908798.50021294
2005-06-21,225988099.56715673
2005-06-22,240602441.6475715
2005-06-23,255530284.87356997
2005-06-24,262992668.36643982
2005-06-25,261273025.2054189
2005-06-26,253137361.42008725
2005-06-27,258741276.89374396
2005-06-28,260157775.37851056
2005-06-29,252050022.14495435
2005-06-30,242561701.60793617
2005-07-01,251112337.42402104
2005-07-02,217070891.5703046
2005-07-03,215539731.56766045
2005-07-04,234409018.94183272
2005-07-05,204855322.29359275
2005-07-06,196424252.23784864
2005-07-07,185496315.22352517
2005-07-08,198472492.18808174
2005-07-09,242809092.8131919
2005-07-10,250984007.03623584
2005-07-11,244155524.585716
2005-07-12,191803900.56080693
2005-07-13,188202434.3273573
2005-07-14,232596485.05159396
2005-07-15,254449031.84431946
2005-07-16,252870710.30892077
2005-07-17,254242194.01331583
2005-07-18,277845753.81407857
2005-07-19,297691408.9989226
2005-07-20,296761055.77350086
2005-07-21,293234705.23177797
2005-07-22,289213896.3438945
2005-07-23,287782918.98814636
2005-07-24,293359402.2453683
2005-07-25,303090493.0481989
2005-07-26,300923221.16003627
2005-07-27,291226473.37872523
2005-07-28,292685838.1452288
2005-07-29,294931973.32559985
2005-07-30,284558881.2390353
2005-07-31,291160296.5157937
2005-08-01,294262088.58434695
2005-08-02,294593741.8165832
2005-08-03,310544840.0326217
2005-08-04,322213912.8357108
2005-08-05,309514661.44383943
2005-08-06,306837318.0839847
2005-08-07,301266143.8273233
2005-08-08,208059219.63393974
2005-08-09,278703070.24711055
2005-08-10,299281352.8502066
2005-08-11,302369184.25944716
2005-08-12,297124142.9619528
2005-08-13,304133523.061662
2005-08-14,336802679.94633096
2005-08-15,321692494.66068476
2005-08-16,265151526.86491215
2005-08-17,262564796.79793936
2005-08-18,292767207.60433584
2005-08-19,292896564.94721776
2005-08-20,298442926.9950769
2005-08-21,301683965.3198674
2005-08-22,306254209.09117424
2005-08-23,312117411.0059695
2005-08-24,304000363.8186588
2005-08-25,300743559.3685942
2005-08-26,307722450.0022376
2005-08-27,273573793.88330215
2005-08-28,285234267.6971082
2005-08-29,301464813.03081316
2005-08-30,303219015.0956788
2005-08-31,310149761.44023436
2005-09-01,318000238.08461726
2005-09-02,310634910.8368604
2005-09-03,309316417.90547156
2005-09-04,317128562.9582911
2005-09-05,309493850.49917823
2005-09-06,306196690.7623113
2005-09-07,264006560.99903724
2005-09-08,253881770.27519214
2005-09-09,260599519.70102182
2005-09-10,255429285.73706588
2005-09-11,238448572.65942505
2005-09-12,236529182.54659733
2005-09-13,240671001.78120753
2005-09-14,234089178.10937604
2005-09-15,248189703.59382957
2005-09-16,273154872.255783
2005-09-17,262105804.72148263
2005-09-18,211885229.38433316
2005-09-19,245763366.25060344
2005-09-20,264783276.11970636
2005-09-21,262827609.8950467
2005-09-22,242113091.05299124
2005-09-23,230837722.43267876
2005-09-24,235678889.50834
2005-09-25,245280093.42570242
2005-09-26,244188450.82706717
2005-09-27,240995606.13463345
2005-09-28,242910024.2160593
2005-09-29,248811447.3225316
2005-09-30,246745113.47616836
2005-10-01,260730689.09712437
2005-10-02,257409507.74854273
2005-10-03,242366661.9911049
2005-10-04,181524524.11416814
2005-10-05,210046532.52554762
2005-10-06,226694022.47295338
2005-10-07,239862303.98410508
2005-10-08,237135615.04413843
2005-10-09,222455717.2196908
2005-10-10,223633893.4493232
2005-10-11,212248991.79519752
2005-10-12,193571991.25631922
2005-10-13,181883814.25409836
2005-10-14,174917244.90685248
2005-10-15,133858508.31737915
2005-10-16,115219548.9258622
2005-10-17,133357713.0260547
2005-10-18,136334441.8129264
2005-10-19,148259461.06131324
2005-10-20,154035097.87807783
2005-10-21,158907121.7072583
2005-10-22,164519409.89281654
2005-10-23,166154594.7679594
2005-10-24,166153130.78386042
2005-10-25,127001593.592999
2005-10-26,126503034.61372155
2005-10-27,139679415.56493187
2005-10-28,148972378.92616647
2005-10-29,151068519.99316186
2005-10-30,154001338.5567066
2005-10-31,151961044.70446
2005-11-01,137182536.53500357
2005-11-02,142521461.2184788
2005-11-03,137693526.2265168
2005-11-04,148502620.40363064
2005-11-05,151130472.19796443
2005-11-06,154076877.46593136
2005-11-07,141950238.6166819
2005-11-08,119545701.79551274
2005-11-09,133798595.35156547
2005-11-10,109472586.4312109
2005-11-11,86695805.33835731
2005-11-12,89628099.64232929
2005-11-13,94766930.67472026
2005-11-14,100305601.31244491
2005-11-15,101397223.44936506
2005-11-16,101815343.45257159
2005-11-17,107242268.71115276
2005-11-18,111723782.30777605
2005-11-19,110463252.2770186
2005-11-20,109482565.96721487
2005-11-21,92203420.08508292
2005-11-22,96674734.16577795
2005-11-23,100995680.5750334
2005-11-24,108343970.25664972
2005-11-25,104698402.09067446
2005-11-26,84664874.0874026
2005-11-27,72160625.9128006
2005-11-28,74867298.18121468
2005-11-29,71067044.73380701
2005-11-30,73282573.46371517
2005-12-01,79096798.46391724
2005-12-02,83952355.45088153
2005-12-03,75069161.1044172
2005-12-04,78003426.06938647
2005-12-05,79166196.54800615
2005-12-06,87429947.14566281
2005-12-07,90689341.52315307
2005-12-08,91033398.76934299
2005-12-09,78800822.32680605
2005-12-10,82607522.2679841
2005-12-11,91045919.62298892
2005-12-12,92752070.02790427
2005-12-13,94409546.35110229
2005-12-14,94648229.89135128
2005-12-15,95099239.05272299
2005-12-16,90864483.94597737
2005-12-17,90329194.24145569
2005-12-18,96361181.0118937
2005-12-19,98043606.48389438
2005-12-20,87360059.42751537
2005-12-21,76763461.6603738
2005-12-22,77088956.13977687
2005-12-23,90715940.48437862
2005-12-24,98075265.17772734
2005-12-25,97121111.44143918
2005-12-26,93514402.32265708
2005-12-27,55743409.71660269
2005-12-28,62828482.82504573
2005-12-29,63716759.383611396
2005-12-30,67715452.15890907
2005-12-31,50430059.26216842
2006-01-01,28162411.714334775
2006-01-02,23208985.074123014
2006-01-03,33606789.27128797
2006-01-04,32575919.497156836
2006-01-05,37932785.449484564
2006-01-06,42660548.7316463
2006-01-07,46899165.5455103
2006-01-08,46152773.20885046
2006-01-09,37361851.96372749
2006-01-10,33217754.491995286
2006-01-11,42774766.938843645
2006-01-12,46908456.27594693
2006-01-13,34789604.58340763
2006-01-14,40042240.527217
2006-01-15,23460360.086104196
2006-01-16,26055103.94155871
2006-01-17,24158887.491344858
2006-01-18,37216331.73529386
2006-01-19,40967590.61989696
2006-01-20,34544589.102812104
2006-01-21,43502799.85449486
2006-01-22,35411451.340171866
2006-01-23,42183891.58613503
2006-01-24,50314504.373360954
2006-01-25,51648260.85996065
2006-01-26,53050178.96506406
2006-01-27,39524858.64690083
2006-01-28,27302671.8294127
2006-01-29,38269398.719056584
2006-01-30,35435049.865205966
2006-01-31,40428138.167799585
2006-02-01,41766341.780717984
2006-02-02,46439285.50975276
2006-02-03,54550264.24272205
2006-02-04,58903380.81443679
2006-02-05,59977427.52875556
2006-02-06,55617615.69390297
2006-02-07,58015654.27158736
2006-02-08,62546118.12387841
2006-02-09,68095946.75340861
2006-02-10,71094062.29599935
2006-02-11,50909012.59727734
2006-02-12,49149891.43178748
2006-02-13,48540663.446170844
2006-02-14,34165886.76113488
2006-02-15,41252649.003546566
2006-02-16,52865358.84441068
2006-02-17,53712404.66585809
2006-02-18,41445426.20459683
2006-02-19,32518068.363083478
2006-02-20,54340984.2695227
2006-02-21,51288711.56241651
2006-02-22,49246841.6642407
2006-02-23,50927937.89784695
2006-02-24,46906387.3838405
2006-02-25,32263039.295224544
2006-02-26,44551184.262231246
2006-02-27,60872874.96791214
2006-02-28,68625818.34043416
2006-03-01,68815139.40336071
2006-03-02,71366732.36696263
2006-03-03,75309086.12914337
2006-03-04,63397617.67386573
2006-03-05,75047252.30692624
2006-03-06,61924061.931396656
2006-03-07,66884379.16424003
2006-03-08,71777748.20471132
2006-03-09,77217177.01114745
2006-03-10,80500653.37277299
2006-03-11,89703461.36557707
2006-03-12,94023723.32251199
2006-03-13,81325202.95144182
2006-03-14,74316459.34760988
2006-03-15,69204984.07690226
2006-03-16,78378904.19869636
2006-03-17,88937809.95897645
2006-03-18,85990046.15454063
2006-03-19,70512901.25422423
2006-03-20,60166564.050140336
2006-03-21,81245416.5633466
2006-03-22,88213588.43632197
2006-03-23,88442610.19254172
2006-03-24,74937221.11565134
2006-03-25,77017314.03573044
2006-03-26,80153613.43020944
2006-03-27,89579829.20348203
2006-03-28,98674729.7469855
2006-03-29,105814249.30172269
2006-03-30,99528854.38722755
2006-03-31,81389661.84782185
2006-04-01,82820445.28055416
2006-04-02,94815476.10599282
2006-04-03,94142355.80634278
2006-04-04,103879867.74405253
2006-04-05,110075859.84744789
2006-04-06,114909092.43530686
2006-04-07,111799102.65574136
2006-04-08,93300900.020098
2006-04-09,42377030.415554486
2006-04-10,68976680.11080077
2006-04-11,80122118.11246508
2006-04-12,89299858.74455445
2006-04-13,98485916.08349942
2006-04-14,80387240.98878501
2006-04-15,83242952.1715605
2006-04-16,90434593.53505908
2006-04-17,92480577.6651566
2006-04-18,95105679.22005561
2006-04-19,101393739.40089086
2006-04-20,108820635.3129098
2006-04-21,109596641.8115018
2006-04-22,116189467.79123086
2006-04-23,120339611.5345256
2006-04-24,128022645.71794105
2006-04-25,134316679.8667519
2006-04-26,139185428.4947245
2006-04-27,145534304.53859153
2006-04-28,148226603.4747015
2006-04-29,138292282.01334167
2006-04-30,127556509.19633959
2006-05-01,133764346.9835709
2006-05-02,136591128.722751
2006-05-03,148593312.28016123
2006-05-04,158530602.0870053
2006-05-05,164709593.9852736
2006-05-06,167447656.71991074
2006-05-07,162697786.77428943
2006-05-08,148012415.68091655
2006-05-09,145576820.58408326
2006-05-10,164335732.26810235
2006-05-11,180781061.92403218
2006-05-12,190750425.59536663
2006-05-13,200734318.80571428
2006-05-14,201424113.99063835
2006-05-15,210778397.74589306
2006-05-16,208184912.16488537
2006-05-17,187375783.89442113
2006-05-18,200678189.12300736
2006-05-19,201823531.735168
2006-05-20,211105954.80171067
2006-05-21,222307571.13411534
2006-05-22,231394876.634805
2006-05-23,235149512.50278145
2006-05-24,237953158.33474362
2006-05-25,243933777.92009404
2006-05-26,244144788.3031432
2006-05-27,253932793.02100715
2006-05-28,245590043.1618262
2006-05-29,238877362.87481597
2006-05-30,248512868.3072543
2006-05-31,243004932.4438918
2006-06-01,238696247.73234543
2006-06-02,244046976.70352688
2006-06-03,237946735.8832873
2006-06-04,210607460.16972876
2006-06-05,206751616.5822812
2006-06-06,202918577.1886822
2006-06-07,210374466.32517546
2006-06-08,231554530.74388126
2006-06-09,241806673.6121578
2006-06-10,243392446.79696143
2006-06-11,221356745.60450333
2006-06-12,214758773.26827046
2006-06-13,224130229.76310113
2006-06-14,232768813.76610485
2006-06-15,239845730.83722523
2006-06-16,218673591.5050548
2006-06-17,229718824.3507253
2006-06-18,248425615.79317465
2006-06-19,264366900.2664375
2006-06-20,282296842.40874755
2006-06-21,290224270.2661585
2006-06-22,291475258.8088394
2006-06-23,293615904.4797873
2006-06-24,311082258.5842177
2006-06-25,313943176.4278423
2006-06-26,312220343.3698758
2006-06-27,282460670.0407375
2006-06-28,283978597.4167129
2006-06-29,294905352.9262286
2006-06-30,296521347.9658888
2006-07-01,308409269.75987744
2006-07-02,301625236.2492572
2006-07-03,286807391.9378934
2006-07-04,307642595.99265254
2006-07-05,313180273.4062728
2006-07-06,318913778.1446175
2006-07-07,335795922.02420884
2006-07-08,335146277.1450203
2006-07-09,322436492.2975353
2006-07-10,299044943.7217
2006-07-11,296595168.7763302
2006-07-12,254194611.91878682
2006-07-13,169155324.25356624
2006-07-14,198061667.26798856
2006-07-15,241116464.42949247
2006-07-16,281365282.12102276
2006-07-17,310238270.56509113
2006-07-18,314278739.40320736
2006-07-19,279433529.22183603
2006-07-20,288001128.4101101
2006-07-21,299215626.00577104
2006-07-22,320212556.312071
2006-07-23,320965073.9049325
2006-07-24,311094310.02192914
2006-07-25,319286803.4982051
2006-07-26,312250203.533632
2006-07-27,290613067.63636845
2006-07-28,283488874.2474596
2006-07-29,288429440.6473687
2006-07-30,291314459.31842136
2006-07-31,290132276.53779066
2006-08-01,263352109.22319138
2006-08-02,248287499.99359992
2006-08-03,238684299.6048482
2006-08-04,229514245.21454522
2006-08-05,180392731.7683452
2006-08-06,230148960.89598063
2006-08-07,231272415.36958545
2006-08-08,235756707.07416034
2006-08-09,282494476.0573061
2006-08-10,279956874.80133027
2006-08-11,258269459.52444193
2006-08-12,245074919.74320042
2006-08-13,255491357.67843002
2006-08-14,237973172.04166567
2006-08-15,242882851.65238747
2006-08-16,262365341.30906284
2006-08-17,285294764.51417106
2006-08-18,293189950.53188795
2006-08-19,299215781.14907986
2006-08-20,255436293.0167103
2006-08-21,242926109.51875883
2006-08-22,246156956.68071207
2006-08-23,267591202.62811548
2006-08-24,270586023.6157799
2006-08-25,274782644.67622614
2006-08-26,288754649.1423022
2006-08-27,278173214.256758
2006-08-28,254051523.35370404
2006-08-29,239404316.0092453
2006-08-30,254164579.78601083
2006-08-31,268916024.85381603
2006-09-01,181272410.15167496
2006-09-02,125383093.38364282
2006-09-03,166162925.30481833
2006-09-04,211749833.68975967
2006-09-05,235159124.17243394
2006-09-06,249191947.90167004
2006-09-07,259354504.88068497
2006-09-08,268077775.88629362
2006-09-09,275322782.42619973
2006-09-10,270222571.1055263
2006-09-11,274647569.0254696
2006-09-12,279070076.94682735
2006-09-13,282577609.35665977
2006-09-14,268965792.08206165
2006-09-15,247965964.86689353
2006-09-16,263112841.72691453
2006-09-17,294856380.59662867
2006-09-18,287758339.0984845
2006-09-19,268922679.3366003
2006-09-20,236126258.39854613
2006-09-21,234842793.31097448
2006-09-22,223896784.6960826
2006-09-23,241865028.59928676
2006-09-24,239035909.9797281
2006-09-25,231216753.7982897
2006-09-26,215090013.75082713
2006-09-27,224625761.21781227
2006-09-28,244579032.78168568
2006-09-29,253545017.68051922
2006-09-30,245610927.7888779
2006-10-01,239384630.331011
2006-10-02,239973258.30170488
2006-10-03,237577404.7881623
2006-10-04,242309535.30038095
2006-10-05,256437872.99266902
2006-10-06,246035772.68843633
2006-10-07,253312628.62556943
2006-10-08,247555654.7015304
2006-10-09,232044350.8794792
2006-10-10,227900195.95694485
2006-10-11,234640864.86109415
2006-10-12,235575915.09317565
2006-10-13,201695745.61458996
2006-10-14,180235882.06417486
2006-10-15,160045498.52973688
2006-10-16,179551517.93581328
2006-10-17,194979039.73773488
2006-10-18,195465125.4657839
2006-10-19,194363027.17512226
2006-10-20,164998537.74672374
2006-10-21,177658691.86785322
2006-10-22,191378743.6468687
2006-10-23,201685320.08483657
2006-10-24,173462286.23952895
2006-10-25,164294530.7265734
2006-10-26,132593360.15636162
2006-10-27,131023634.85258295
2006-10-28,143060186.74192142
2006-10-29,158793854.86865407
2006-10-30,162529485.71261382
2006-10-31,173452154.29140943
2006-11-01,179216343.17441848
2006-11-02,178526941.3806131
2006-11-03,178526909.566483
2006-11-04,181437838.17877787
2006-11-05,186116055.1594919
2006-11-06,184099309.62052757
2006-11-07,183575851.0621307
2006-11-08,187254855.1695512
2006-11-09,180322197.30544922
2006-11-10,144415379.82796887
2006-11-11,100397742.54330528
2006-11-12,74293835.47752078
2006-11-13,76332274.88147037
2006-11-14,83809909.11635159
2006-11-15,76301196.9194232
2006-11-16,75964373.58789043
2006-11-17,62354833.48203307
2006-11-18,59100152.28627369
2006-11-19,68841433.62723272
2006-11-20,74176545.20191874
2006-11-21,58474197.45169333
2006-11-22,53808234.74494678
2006-11-23,58135861.036460906
2006-11-24,63888129.31311122
2006-11-25,64993660.32740967
2006-11-26,66299500.65089698
2006-11-27,43983471.41191494
2006-11-28,51942671.442552865
2006-11-29,47330428.591603294
2006-11-30,58753051.075821765
2006-12-01,58985086.604573645
2006-12-02,44308378.08685078
2006-12-03,27394613.197998952
2006-12-04,25337045.535065275
2006-12-05,23906906.952489126
2006-12-06,32361722.39357726
2006-12-07,37679228.85834322
2006-12-08,42230076.979589075
2006-12-09,42997157.322388515
2006-12-10,33418075.53922655
2006-12-11,40304851.847566806
2006-12-12,45623823.49609988
2006-12-13,42759323.71268902
2006-12-14,47411739.7793543
2006-12-15,38840066.51485269
2006-12-16,42709778.19330553
2006-12-17,49806736.32846041
2006-12-18,53143751.36042259
2006-12-19,53173501.62228925
2006-12-20,41968254.570795774
2006-12-21,35473005.097614825
2006-12-22,50011605.122587316
2006-12-23,53203040.667794645
2006-12-24,45251716.681202315
2006-12-25,33909777.150852725
2006-12-26,26921431.816912852
2006-12-27,42670469.20730078
2006-12-28,44202814.8956998
2006-12-29,46815161.28685634
2006-12-30,45262200.103001826
2006-12-31,41043654.88571545
2007-01-01,43170071.30164994
2007-01-02,47126928.91899079
2007-01-03,50686711.483632095
2007-01-04,53705641.08818362
2007-01-05,54233800.61919727
2007-01-06,56715770.087685876
2007-01-07,60118095.1877534
2007-01-08,60752801.400254026
2007-01-09,56123028.29626174
2007-01-10,50822033.62433291
2007-01-11,57737625.81432468
2007-01-12,57539656.657800406
2007-01-13,59104672.93188849
2007-01-14,61821987.94406675
2007-01-15,59000934.471840605
2007-01-16,60247362.1558418
2007-01-17,63449070.83320928
2007-01-18,48810637.800331846
2007-01-19,54143784.16487757
2007-01-20,61860952.43369072
2007-01-21,66634190.68159657
2007-01-22,69327949.7361402
2007-01-23,69408072.71071684
2007-01-24,56381795.14185019
2007-01-25,64298436.199336715
2007-01-26,63836915.790925235
2007-01-27,64521099.82014289
2007-01-28,69831242.47643183
2007-01-29,76404641.05041187
2007-01-30,80039791.50198944
2007-01-31,83634562.7308086
2007-02-01,86242581.62270437
2007-02-02,80860659.3427994
2007-02-03,77032897.41588889
2007-02-04,68507292.9857324
2007-02-05,70826063.29189232
2007-02-06,62642708.35911193
2007-02-07,73913199.73132725
2007-02-08,81250988.55655031
2007-02-09,65212657.08187143
2007-02-10,60713458.308617435
2007-02-11,50706983.725447476
2007-02-12,56347857.02748062
2007-02-13,63414432.97399393
2007-02-14,64086655.38447125
2007-02-15,72747352.51732875
2007-02-16,76632913.16758394
2007-02-17,76584201.73539242
2007-02-18,70481084.9545057
2007-02-19,73547072.37344602
2007-02-20,70395384.11974047
2007-02-21,43439893.48264659
2007-02-22,64553047.73113876
2007-02-23,75216950.18921931
2007-02-24,76878438.7432086
2007-02-25,68259428.95402892
2007-02-26,70788097.42241539
2007-02-27,41842097.236127876
2007-02-28,49544865.13315565
2007-03-01,62106674.858668394
2007-03-02,68607795.5001687
2007-03-03,51273059.55501665
2007-03-04,58681613.995252095
2007-03-05,71448696.79413646
2007-03-06,77198625.52164134
2007-03-07,82250655.56871183
2007-03-08,85426298.21495463
2007-03-09,61600143.26927911
2007-03-10,65092554.845512554
2007-03-11,56864313.28696302
2007-03-12,40649439.6937143
2007-03-13,52281190.96073096
2007-03-14,68330335.19830136
2007-03-15,75930647.44342953
2007-03-16,79858482.88013631
2007-03-17,64872834.47891292
2007-03-18,53253415.36895941
2007-03-19,45599249.2534821
2007-03-20,40382214.290116936
2007-03-21,49565665.26337999
2007-03-22,72997192.06853096
2007-03-23,82553726.87083682
2007-03-24,85796298.68824556
2007-03-25,89507309.12769467
2007-03-26,93138800.83562753
2007-03-27,99401554.93715782
2007-03-28,94740812.41111718
2007-03-29,92974926.37410752
2007-03-30,92084252.44606926
2007-03-31,85786668.91983461
2007-04-01,59565761.09791719
2007-04-02,90120909.59552553
2007-04-03,94421365.69446033
2007-04-04,90613907.14020805
2007-04-05,98283861.31567484
2007-04-06,103307244.78606316
2007-04-07,107383745.0788397
2007-04-08,113696627.35872382
2007-04-09,122347711.25879113
2007-04-10,128089968.74222994
2007-04-11,131921141.14736895
2007-04-12,136113744.751453
2007-04-13,140344226.54508403
2007-04-14,144276888.69711065
2007-04-15,148350187.61814216
2007-04-16,152014930.74493396
2007-04-17,145211092.08398172
2007-04-18,133001424.52545048
2007-04-19,141201922.76345074
2007-04-20,149423628.79221183
2007-04-21,158871303.78939953
2007-04-22,162737973.0916174
2007-04-23,160080295.89907876
2007-04-24,162313108.0398301
2007-04-25,163479775.67600074
2007-04-26,178465674.1578404
2007-04-27,188519491.65205067
2007-04-28,192514583.0732392
2007-04-29,192042038.19708356
2007-04-30,190912465.34082958
2007-05-01,200081238.42061788
2007-05-02,207055574.6223119
2007-05-03,189646169.57227644
2007-05-04,193605731.9517679
2007-05-05,203774303.90205538
2007-05-06,214996144.58584112
2007-05-07,223769639.88955754
2007-05-08,184142247.7067458
2007-05-09,198140658.4327798
2007-05-10,207883529.38543305
2007-05-11,202746646.1734613
2007-05-12,226435897.21178743
2007-05-13,244412443.62483647
2007-05-14,247790466.32249254
2007-05-15,248336671.71566755
2007-05-16,230235657.4489161
2007-05-17,237593239.22158384
2007-05-18,232509191.55250546
2007-05-19,210637863.33134598
2007-05-20,204358645.11446136
2007-05-21,210483255.74649727
2007-05-22,197029252.54815972
2007-05-23,200918075.20972118
2007-05-24,203385299.7326126
2007-05-25,181776333.096269
2007-05-26,190939118.30707893
2007-05-27,188989138.38075453
2007-05-28,190904398.3650279
2007-05-29,205216740.64127645
2007-05-30,212800117.3381794
2007-05-31,220891825.58766997
2007-06-01,226435144.35258597
2007-06-02,213433520.34794918
2007-06-03,208134849.5211298
2007-06-04,191163832.95290175
2007-06-05,212621411.85338226
2007-06-06,237607653.7713846
2007-06-07,259482354.58986387
2007-06-08,276718323.86554396
2007-06-09,290543727.5775296
2007-06-10,305025399.0676495
2007-06-11,306262156.4372267
2007-06-12,303691632.882544
2007-06-13,299149923.3953412
2007-06-14,280548217.9524281
2007-06-15,265732033.4363096
2007-06-16,251763763.49128446
2007-06-17,250842904.87304288
2007-06-18,252281631.42971525
2007-06-19,258822173.39467847
2007-06-20,284824666.8750284
2007-06-21,314753467.0401689
2007-06-22,318551002.8701182
2007-06-23,325192166.22801584
2007-06-24,322982818.56924623
2007-06-25,301957901.57329226
2007-06-26,276302625.4151702
2007-06-27,306071108.38785756
2007-06-28,227646343.5710888
2007-06-29,155379999.36777928
2007-06-30,222515974.62719148
2007-07-01,293488119.8327658
2007-07-02,271915490.6118318
2007-07-03,285938209.29947275
2007-07-04,314460475.72899556
2007-07-05,322860953.43098307
2007-07-06,321246838.81290966
2007-07-07,301860806.4224155
2007-07-08,218279174.59475255
2007-07-09,305511164.7060585
2007-07-10,345707412.882375
2007-07-11,342114244.48043394
2007-07-12,324224445.3845236
2007-07-13,285149376.26127154
2007-07-14,305795457.23067605
2007-07-15,286468385.9357392
2007-07-16,304725136.0337838
2007-07-17,309035441.68080395
2007-07-18,316772206.92486423
2007-07-19,336749316.3649054
2007-07-20,332446667.0522844
2007-07-21,237184834.81955016
2007-07-22,227434215.42350346
2007-07-23,263605418.82819456
2007-07-24,290517681.2037058
2007-07-25,309721757.7489381
2007-07-26,303774184.95530826
2007-07-27,311676657.024487
2007-07-28,332538532.56129074
2007-07-29,336594558.57100785
2007-07-30,319809232.27243584
2007-07-31,313128042.74483955
2007-08-01,304343551.0994109
2007-08-02,295503321.8045776
2007-08-03,305596959.417298
2007-08-04,318099863.93494964
2007-08-05,314370759.5075174
2007-08-06,249204379.59977928
2007-08-07,259979661.81472453
2007-08-08,299257368.5909529
2007-08-09,291930992.06015676
2007-08-10,310505067.4580922
2007-08-11,302902802.3662808
2007-08-12,278026548.77930176
2007-08-13,236827388.12304366
2007-08-14,256532876.17333746
2007-08-15,284862969.90511227
2007-08-16,309791271.11611044
2007-08-17,311643422.3702536
2007-08-18,325493851.74733406
2007-08-19,322524385.73950607
2007-08-20,299301658.25342757
2007-08-21,291699126.70707417
2007-08-22,279039360.1497733
2007-08-23,285006433.64079833
2007-08-24,282274143.0829133
2007-08-25,289599757.39855206
2007-08-26,287528765.5813948
2007-08-27,287538039.3818844
2007-08-28,289578584.0740692
2007-08-29,296581108.8488798
2007-08-30,304969938.48583317
2007-08-31,291383518.79558724
2007-09-01,288970790.63749015
2007-09-02,279881258.94432485
2007-09-03,278076792.0721717
2007-09-04,277234564.2380302
2007-09-05,262233032.82007316
2007-09-06,230234619.06208327
2007-09-07,238611265.36176345
2007-09-08,254119040.94768226
2007-09-09,236587450.20593536
2007-09-10,226217695.43734187
2007-09-11,247313623.9608892
2007-09-12,280756758.5044382
2007-09-13,288553360.26994085
2007-09-14,282888522.87877345
2007-09-15,290579542.21062833
2007-09-16,283784886.4490674
2007-09-17,261850789.66027892
2007-09-18,260019419.2815823
2007-09-19,248875077.70358607
2007-09-20,232683828.73206434
2007-09-21,224701234.15695468
2007-09-22,183127133.63868734
2007-09-23,189057243.58976588
2007-09-24,179112650.36340475
2007-09-25,196606743.23748
2007-09-26,208266738.0100916
2007-09-27,206855658.76231438
2007-09-28,191155710.57956982
2007-09-29,192742801.5237587
2007-09-30,209245613.7984454
2007-10-01,217116549.39064083
2007-10-02,203361608.72448805
2007-10-03,197037599.74037176
2007-10-04,189548272.71605253
2007-10-05,189999081.90326378
2007-10-06,185466593.14911938
2007-10-07,194598692.8841038
2007-10-08,195871041.77634773
2007-10-09,202870768.00163567
2007-10-10,203245751.71711752
2007-10-11,200940392.66702813
2007-10-12,204047372.01844412
2007-10-13,209769386.56497568
2007-10-14,206098575.05886328
2007-10-15,203326687.23585305
2007-10-16,206399956.96932188
2007-10-17,206501953.33607653
2007-10-18,216318007.0987456
2007-10-19,216870772.34847945
2007-10-20,197735300.0485079
2007-10-21,176297665.61388472
2007-10-22,179979646.51836538
2007-10-23,190782223.56949353
2007-10-24,164394299.80607855
2007-10-25,162494975.98794731
2007-10-26,146300725.22318688
2007-10-27,152236793.7427934
2007-10-28,163822392.40478346
2007-10-29,168921246.35243765
2007-10-30,170250279.05229163
2007-10-31,174249307.67009202
2007-11-01,177026559.63881245
2007-11-02,177974004.16898352
2007-11-03,169441555.91624498
2007-11-04,140371345.07625547
2007-11-05,159189279.96165544
2007-11-06,172442893.43744925
2007-11-07,162292984.92600513
2007-11-08,165019750.0114637
2007-11-09,168037818.73029134
2007-11-10,157590364.9188578
2007-11-11,154799872.51748893
2007-11-12,163274935.19229782
2007-11-13,155479469.93413898
2007-11-14,161486512.07147565
2007-11-15,154282110.23320097
2007-11-16,158555388.91474575
2007-11-17,165944986.03005278
2007-11-18,165855530.42953187
2007-11-19,157335895.87545758
2007-11-20,160603714.51975426
2007-11-21,164129268.04044846
2007-11-22,165844271.96923515
2007-11-23,165096473.45001307
2007-11-24,161342636.30577314
2007-11-25,157075549.08245775
2007-11-26,155669821.63499102
2007-11-27,158394591.8034423
2007-11-28,157906375.67846507
2007-11-29,114852588.31625125
2007-11-30,96100595.82712257
2007-12-01,105056958.54581216
2007-12-02,86305962.91147017
2007-12-03,107312139.93258329
2007-12-04,111680497.45531261
2007-12-05,112051015.1776397
2007-12-06,85520277.79855669
2007-12-07,77025149.39535113
2007-12-08,84364976.62709594
2007-12-09,57098563.59709498
2007-12-10,55530780.39791348
2007-12-11,57849320.88983726
2007-12-12,55346878.188549235
2007-12-13,54627201.14925002
2007-12-14,55542544.29358493
2007-12-15,62132583.63957119
2007-12-16,61148958.19098466
2007-12-17,66342695.26771923
2007-12-18,47915626.217749536
2007-12-19,43808836.37833652
2007-12-20,42643902.04822163
2007-12-21,37897467.00244895
2007-12-22,49261522.90913334
2007-12-23,42674545.166588604
2007-12-24,42699423.828674816
2007-12-25,48475164.996410325
2007-12-26,52048786.174005724
2007-12-27,54395475.19460267
2007-12-28,57087393.104663596
2007-12-29,53304434.74674045
2007-12-30,59699696.663183756
2007-12-31,62581712.75271872
2008-01-01,56661957.04566311
2008-01-02,60744893.72404446
2008-01-03,56778116.17742173
2008-01-04,43918674.75081795
2008-01-05,36695260.67657666
2008-01-06,29613605.487469405
2008-01-07,31739086.647237133
2008-01-08,21178939.73540847
2008-01-09,21593419.034441937
2008-01-10,24865714.52061171
2008-01-11,33326123.839555908
2008-01-12,31496633.60458354
2008-01-13,36476439.96511953
2008-01-14,39437988.550859086
2008-01-15,36782416.45662206
2008-01-16,23739915.424375307
2008-01-17,25668588.075416483
2008-01-18,29227402.33537618
2008-01-19,35661555.66863724
2008-01-20,40054608.966453634
2008-01-21,43856539.81227485
2008-01-22,39327270.418445066
2008-01-23,41944480.05503271
2008-01-24,46633344.47092653
2008-01-25,48578138.9465872
2008-01-26,48269892.96767931
2008-01-27,55573479.3145218
2008-01-28,47426898.95168469
2008-01-29,49084343.324564055
2008-01-30,58296919.38192123
2008-01-31,63570905.51045985
2008-02-01,66355926.139306284
2008-02-02,55630189.24173907
2008-02-03,47167800.561299205
2008-02-04,49129055.665955454
2008-02-05,43785333.41877395
2008-02-06,45028017.984122366
2008-02-07,42440971.1487967
2008-02-08,46351915.2621807
2008-02-09,57682909.89141657
2008-02-10,61813366.96808091
2008-02-11,59945484.82736408
2008-02-12,66810383.56453408
2008-02-13,71283447.33059403
2008-02-14,61809823.45969435
2008-02-15,62760472.528154455
2008-02-16,51235429.680761345
2008-02-17,55141737.87079749
2008-02-18,65970528.824291766
2008-02-19,71557887.16247538
2008-02-20,73927943.09033073
2008-02-21,44022518.557269745
2008-02-22,48168923.6468984
2008-02-23,54066440.69983315
2008-02-24,58566086.52933698
2008-02-25,65065998.82214956
2008-02-26,71035101.33468756
2008-02-27,74674704.51833527
2008-02-28,76858003.99782693
2008-02-29,79708493.4315411
2008-03-01,67001407.04187751
2008-03-02,69352429.78017102
2008-03-03,70233528.86693911
2008-03-04,69448515.64229932
2008-03-05,76994043.11886752
2008-03-06,66241852.66708604
2008-03-07,72100631.69701321
2008-03-08,84539386.76279686
2008-03-09,87773988.364599
2008-03-10,84936735.21490297
2008-03-11,89034007.24352086
2008-03-12,95038560.99350554
2008-03-13,97941782.33872272
2008-03-14,103809094.03994565
2008-03-15,108008536.20278694
2008-03-16,109465710.36370786
2008-03-17,96075862.46325363
2008-03-18,97348984.66803637
2008-03-19,95820084.97205657
2008-03-20,103000783.89959426
2008-03-21,101993657.41237299
2008-03-22,102185861.27077611
2008-03-23,110207097.00224443
2008-03-24,117873826.74031556
2008-03-25,122070188.58439502
2008-03-26,109883767.53642337
2008-03-27,117429849.23348181
2008-03-28,122251099.19569285
2008-03-29,126751340.72739874
2008-03-30,129886334.2955947
2008-03-31,119633987.23209408
2008-04-01,124856338.57461439
2008-04-02,119125910.0451801
2008-04-03,119492963.97982559
2008-04-04,121688268.99273321
2008-04-05,74768090.41232577
2008-04-06,95048573.04698297
2008-04-07,81537039.66187418
2008-04-08,88235206.27801274
2008-04-09,85074624.54770367
2008-04-10,89574430.68746947
2008-04-11,89878527.24419113
2008-04-12,85729290.00600103
2008-04-13,100681577.84307042
2008-04-14,85645181.01352529
2008-04-15,75119452.49304919
2008-04-16,85088394.41547623
2008-04-17,100660806.5445501
2008-04-18,109164363.83833885
2008-04-19,111407313.90139392
2008-04-20,119388439.90608434
2008-04-21,121097365.45078789
2008-04-22,123182845.8651172
2008-04-23,123062124.0200204
2008-04-24,131270792.65391695
2008-04-25,129272718.11523427
2008-04-26,124748948.30151695
2008-04-27,134489358.01755476
2008-04-28,144291250.48468718
2008-04-29,149163428.2107556
2008-04-30,150773980.50779766
2008-05-01,154954743.2017962
2008-05-02,160592266.98519903
2008-05-03,164950387.95156637
2008-05-04,146938919.05225223
2008-05-05,121502819.69586642
2008-05-06,140573444.11592352
2008-05-07,153089894.1682997
2008-05-08,158174951.83698556
2008-05-09,143328292.95418355
2008-05-10,146873907.91516197
2008-05-11,153128918.11534882
2008-05-12,158944797.38666216
2008-05-13,168408670.075026
2008-05-14,176764077.09752548
2008-05-15,181984405.57360312
2008-05-16,184085145.31296927
2008-05-17,188712651.61143762
2008-05-18,182119891.85225275
2008-05-19,189455104.8906354
2008-05-20,202505389.71332392
2008-05-21,218211068.4432943
2008-05-22,215561600.54969302
2008-05-23,207033729.19363987
2008-05-24,204615531.47255453
2008-05-25,161751055.92645776
2008-05-26,189785660.15528294
2008-05-27,189346966.11331382
2008-05-28,201175210.3149898
2008-05-29,215753709.45533264
2008-05-30,225969761.27356827
2008-05-31,235556585.0063448
2008-06-01,247486381.43632933
2008-06-02,232479901.34296793
2008-06-03,234714163.59928396
2008-06-04,243122848.29958603
2008-06-05,269243776.01757693
2008-06-06,282840537.21840775
2008-06-07,286500762.20949596
2008-06-08,289323045.1892403
2008-06-09,281078978.9275899
2008-06-10,287008285.7704822
2008-06-11,290562134.8520089
2008-06-12,275709211.0249201
2008-06-13,286820130.590187
2008-06-14,305295911.59938747
2008-06-15,298847860.1921095
2008-06-16,260766789.25512514
2008-06-17,282788025.8640645
2008-06-18,284153299.24498755
2008-06-19,291514823.1094271
2008-06-20,321781436.38580334
2008-06-21,310483962.844038
2008-06-22,324004497.2310304
2008-06-23,326978823.12009263
2008-06-24,340906712.3450893
2008-06-25,365264492.94552106
2008-06-26,356627114.5382336
2008-06-27,321155724.27782977
2008-06-28,272689486.7671334
2008-06-29,286502798.43310744
2008-06-30,301724774.0506038
2008-07-01,321363503.05311894
2008-07-02,347488460.46428233
2008-07-03,360627953.6228644
2008-07-04,357061810.08929944
2008-07-05,336276644.2696241
2008-07-06,271489818.304879
2008-07-07,253755043.68476534
2008-07-08,286313454.94286114
2008-07-09,299790267.4872896
2008-07-10,316181634.1812681
2008-07-11,308083473.76261485
2008-07-12,284929279.38400626
2008-07-13,297649667.31589454
2008-07-14,299701687.3290608
2008-07-15,329994619.7841405
2008-07-16,347173876.40306246
2008-07-17,334040520.5612291
2008-07-18,309792623.7848256
2008-07-19,321450097.1526861
2008-07-20,286989052.0184903
2008-07-21,253060451.9237451
2008-07-22,277974006.4729002
2008-07-23,308825621.82599294
2008-07-24,333880585.6019727
2008-07-25,331712243.70435524
2008-07-26,312676709.8421122
2008-07-27,324312628.85362065
2008-07-28,327684895.19764966
2008-07-29,331425357.43121535
2008-07-30,341816081.229528
2008-07-31,345916835.16458935
2008-08-01,332234440.9266318
2008-08-02,319923096.4819382
2008-08-03,302446377.4875161
2008-08-04,291166934.4411781
2008-08-05,226188522.7499328
2008-08-06,295738267.29053545
2008-08-07,329099784.74185663
2008-08-08,295658331.1331383
2008-08-09,272532835.24552435
2008-08-10,252593968.83974615
2008-08-11,268223980.71380064
2008-08-12,259314822.0224077
2008-08-13,267649318.42896634
2008-08-14,268849656.46257794
2008-08-15,231265484.7738328
2008-08-16,248928905.46890944
2008-08-17,263872914.12181386
2008-08-18,274071042.81377757
2008-08-19,295792527.85937303
2008-08-20,302796252.5567351
2008-08-21,288850954.09245926
2008-08-22,282342857.3067665
2008-08-23,282278166.7934271
2008-08-24,289429854.44708854
2008-08-25,295648734.69413024
2008-08-26,295565312.83437884
2008-08-27,281783801.4898104
2008-08-28,274936218.45579976
2008-08-29,293534829.7135466
2008-08-30,276176764.6729986
2008-08-31,251597875.19549894
2008-09-01,267380797.13158318
2008-09-02,285911568.46639633
2008-09-03,289793985.3733369
2008-09-04,272831999.79611254
2008-09-05,243279756.55544588
2008-09-06,136437340.08267456
2008-09-07,166550031.2454981
2008-09-08,157654920.31094617
2008-09-09,181270698.43616357
2008-09-10,201382975.94869864
2008-09-11,221879290.01227558
2008-09-12,241222152.38610414
2008-09-13,250442470.32477656
2008-09-14,256047224.35614052
2008-09-15,260283539.18035534
2008-09-16,259359941.7610247
2008-09-17,216616047.19304478
2008-09-18,209069592.2642237
2008-09-19,200151503.6904347
2008-09-20,208383324.14339232
2008-09-21,216630664.5339652
2008-09-22,201807152.1609725
2008-09-23,197436828.68530223
2008-09-24,203198658.20953867
2008-09-25,216736958.76432
2008-09-26,231737238.30298313
2008-09-27,247153853.4931805
2008-09-28,243775758.97405902
2008-09-29,244097327.95564082
2008-09-30,244288893.09267172
2008-10-01,244910985.02492565
2008-10-02,256594721.75147128
2008-10-03,258868288.1856094
2008-10-04,265073032.9590242
2008-10-05,250129277.99258098
2008-10-06,217897546.52939582
2008-10-07,160573023.76825306
2008-10-08,165550561.9730057
2008-10-09,167261499.55888605
2008-10-10,183751106.1634144
2008-10-11,198397002.45272195
2008-10-12,202056748.052351
2008-10-13,200872070.9263128
2008-10-14,173292806.8601786
2008-10-15,117116080.50904936
2008-10-16,137793744.9343004
2008-10-17,154512838.91044217
2008-10-18,168084014.69435504
2008-10-19,164001221.0129425
2008-10-20,154860395.4560708
2008-10-21,170390092.80112213
2008-10-22,172149948.073186
2008-10-23,177639314.07205227
2008-10-24,179063151.19474795
2008-10-25,173831857.016693
2008-10-26,176787191.57957783
2008-10-27,179411705.93955448
2008-10-28,142573050.87070498
2008-10-29,120400793.88200128
2008-10-30,108597761.90439926
2008-10-31,127105648.83871214
2008-11-01,137792631.77978414
2008-11-02,131232356.0218855
2008-11-03,129261987.67225897
2008-11-04,132419544.76750861
2008-11-05,139825914.41057584
2008-11-06,142694848.86309573
2008-11-07,142477786.115498
2008-11-08,141274844.67425326
2008-11-09,142612283.64827424
2008-11-10,144455902.24280098
2008-11-11,128392548.37689885
2008-11-12,122886331.40090565
2008-11-13,74165115.30191727
2008-11-14,72316995.82326683
2008-11-15,88918062.08664623
2008-11-16,93488958.38926938
2008-11-17,89224902.02399191
2008-11-18,90521408.50052097
2008-11-19,77358861.73430707
2008-11-20,69612404.82860707
2008-11-21,81482008.32768808
2008-11-22,83163562.60106899
2008-11-23,85702556.67252252
2008-11-24,89622924.14998794
2008-11-25,84504191.37345217
2008-11-26,88378628.13844772
2008-11-27,93356667.95121646
2008-11-28,93887892.3445708
2008-11-29,87420257.31945917
2008-11-30,95615995.64132659
2008-12-01,84818963.20674273
2008-12-02,97830313.81917092
2008-12-03,101667062.17311765
2008-12-04,103309871.38449462
2008-12-05,104208008.546449
2008-12-06,105309854.00838533
2008-12-07,80560996.50660531
2008-12-08,42791160.27809038
2008-12-09,39625719.401696496
2008-12-10,47234279.246864885
2008-12-11,47988477.34989629
2008-12-12,56544272.357772835
2008-12-13,59167266.01788063
2008-12-14,59289809.169715144
2008-12-15,51152546.65949308
2008-12-16,38527109.45898845
2008-12-17,40244734.38193853
2008-12-18,33315887.43494231
2008-12-19,28230186.149687342
2008-12-20,21484598.516884036
2008-12-21,34720490.943152785
2008-12-22,41012921.949198775
2008-12-23,43016127.86672487
2008-12-24,44669362.177365065
2008-12-25,45246696.32491507
2008-12-26,47342762.30250984
2008-12-27,49638937.57372764
2008-12-28,49562299.02038009
2008-12-29,37351618.37644561
2008-12-30,44975297.8219537
2008-12-31,50184899.06865845
2009-01-01,53338356.482945934
2009-01-02,44985686.014844045
2009-01-03,26949723.40389913
2009-01-04,29061780.413340192
2009-01-05,42597600.90577896
2009-01-06,44927840.746001326
2009-01-07,45600147.52259258
2009-01-08,48198451.34158359
2009-01-09,48608318.10507018
2009-01-10,43502575.07903079
2009-01-11,52406522.05948094
2009-01-12,49494625.47268194
2009-01-13,44141909.90349627
2009-01-14,35058504.27371846
2009-01-15,36028725.46574408
2009-01-16,26018674.16677712
2009-01-17,31345706.131097183
2009-01-18,23954868.80602926
2009-01-19,40154130.164441496
2009-01-20,46940899.837598495
2009-01-21,44370285.39670866
2009-01-22,40834221.55107218
2009-01-23,44876841.3639618
2009-01-24,36332749.9755781
2009-01-25,28643990.4772621
2009-01-26,31669307.519517764
2009-01-27,34082576.0159515
2009-01-28,45918494.21191542
2009-01-29,43399753.37329077
2009-01-30,49152883.05375767
2009-01-31,54963170.105226584
2009-02-01,58244204.721413165
2009-02-02,53857266.81557502
2009-02-03,42114455.73670928
2009-02-04,50465551.97478604
2009-02-05,31203804.569985136
2009-02-06,39120944.62918158
2009-02-07,51208774.34518068
2009-02-08,56434664.115666665
2009-02-09,38490707.93705621
2009-02-10,30873212.586935744
2009-02-11,48167683.582000844
2009-02-12,38056995.76243327
2009-02-13,29191450.888977434
2009-02-14,44883519.872715496
2009-02-15,55144952.92867083
2009-02-16,59848180.32482884
2009-02-17,50054884.91840808
2009-02-18,60882475.32615685
2009-02-19,59969985.739702724
2009-02-20,40248246.09507593
2009-02-21,54288913.912418775
2009-02-22,53883355.24498131
2009-02-23,41905155.748952925
2009-02-24,47254918.41431955
2009-02-25,59221873.89413291
2009-02-26,62631218.5985363
2009-02-27,65147027.118416175
2009-02-28,71151774.10746735
2009-03-01,66382753.46269029
2009-03-02,67187773.82436569
2009-03-03,42366907.30886137
2009-03-04,50626899.29180247
2009-03-05,61902727.99035215
2009-03-06,62927964.69023508
2009-03-07,56584671.289438546
2009-03-08,59513052.0306067
2009-03-09,65714551.51429237
2009-03-10,76007530.37251796
2009-03-11,81715564.0274404
2009-03-12,85630741.99585868
2009-03-13,87851398.07873006
2009-03-14,90606974.8670047
2009-03-15,95645640.04847823
2009-03-16,86555910.91601819
2009-03-17,91802733.69881745
2009-03-18,77284316.22804292
2009-03-19,80702625.15261352
2009-03-20,71183015.70551157
2009-03-21,81545026.24507721
2009-03-22,88627288.30068783
2009-03-23,87520088.62606548
2009-03-24,70196412.73970404
2009-03-25,68472718.60307138
2009-03-26,89084569.57357241
2009-03-27,74613426.83523628
2009-03-28,86206217.60078445
2009-03-29,68986381.72320306
2009-03-30,88959835.93011637
2009-03-31,100108149.72839475
2009-04-01,90616310.65609057
2009-04-02,68223659.30125825
2009-04-03,80075038.61122699
2009-04-04,93199132.85618007
2009-04-05,87120680.48628975
2009-04-06,66405170.63119929
2009-04-07,67360844.1659979
2009-04-08,62212743.54847968
2009-04-09,79764242.51300368
2009-04-10,98510091.22481176
2009-04-11,94792876.15396245
2009-04-12,88584725.25575285
2009-04-13,97340684.12232678
2009-04-14,81417705.53982832
2009-04-15,76784219.8922978
2009-04-16,93803069.61828683
2009-04-17,103756883.15701145
2009-04-18,110440613.74715191
2009-04-19,115004628.37669379
2009-04-20,101179526.52000187
2009-04-21,81163042.99106081
2009-04-22,95682278.7855851
2009-04-23,98670078.09452656
2009-04-24,105394057.28019881
2009-04-25,116320978.96588081
2009-04-26,100764340.1210112
2009-04-27,106622202.84726061
2009-04-28,100405139.7781415
2009-04-29,110901694.33118966
2009-04-30,117657729.10068588
2009-05-01,123991686.61752501
2009-05-02,125584235.58108047
2009-05-03,106962175.29646438
2009-05-04,95356258.51171751
2009-05-05,88970274.78014387
2009-05-06,110934329.28815854
2009-05-07,120804889.3095586
2009-05-08,115991510.08822845
2009-05-09,119331506.03479655
2009-05-10,105790749.87422758
2009-05-11,118093473.35579634
2009-05-12,127661266.77814698
2009-05-13,135123275.79722443
2009-05-14,138394545.77207813
2009-05-15,139030488.1101449
2009-05-16,142515856.5913629
2009-05-17,151783386.22786808
2009-05-18,157983582.94636223
2009-05-19,149787279.34646663
2009-05-20,137360427.13173944
2009-05-21,142514392.30225652
2009-05-22,149225170.72103307
2009-05-23,155662034.2188495
2009-05-24,163166480.56712538
2009-05-25,152596307.65810227
2009-05-26,172091529.19421506
2009-05-27,179734695.82427207
2009-05-28,186093436.03218672
2009-05-29,188924568.92040053
2009-05-30,193133691.20593894
2009-05-31,195805116.95169097
2009-06-01,193385048.45758766
2009-06-02,193960590.99093327
2009-06-03,196865038.9743788
2009-06-04,192108207.22022435
2009-06-05,166512071.0928172
2009-06-06,147504585.92700857
2009-06-07,160635192.81891167
2009-06-08,176743778.39090085
2009-06-09,194613555.5416237
2009-06-10,199451408.14834586
2009-06-11,200356629.3407778
2009-06-12,207056150.10107642
2009-06-13,200237432.5122231
2009-06-14,188259882.6240249
2009-06-15,194400370.67061186
2009-06-16,144151235.56890485
2009-06-17,151204296.51261312
2009-06-18,174692638.41516334
2009-06-19,201052550.2521137
2009-06-20,209517794.19158807
2009-06-21,218639100.8937446
2009-06-22,228174003.973161
2009-06-23,236289793.95861146
2009-06-24,241905501.32662934
2009-06-25,235295827.35718566
2009-06-26,234743885.406732
2009-06-27,240505617.57381803
2009-06-28,249785349.35475773
2009-06-29,256378858.02674556
2009-06-30,238821904.1439022
2009-07-01,235874936.8206749
2009-07-02,240163863.349056
2009-07-03,210141295.66404545
2009-07-04,198153317.38498288
2009-07-05,225881625.5335518
2009-07-06,244527423.40109712
2009-07-07,258628014.5582635
2009-07-08,257256505.78601554
2009-07-09,256893311.6018088
2009-07-10,258472542.44433603
2009-07-11,261811389.02082062
2009-07-12,260690539.43163118
2009-07-13,247316133.63289508
2009-07-14,226883435.34401473
2009-07-15,263091657.56599692
2009-07-16,268504291.952964
2009-07-17,269398221.5605335
2009-07-18,268017264.26846182
2009-07-19,273917287.7842306
2009-07-20,288362440.5664847
2009-07-21,288713154.2396258
2009-07-22,271698565.3434991
2009-07-23,267748360.04783028
2009-07-24,249794364.79785013
2009-07-25,274608669.565009
2009-07-26,285474996.36557853
2009-07-27,294009911.9842646
2009-07-28,245522517.01173466
2009-07-29,268890569.68442017
2009-07-30,293715892.5842508
2009-07-31,301727424.8388009
2009-08-01,316830574.0726545
2009-08-02,320822942.00377244
2009-08-03,332780080.92324233
2009-08-04,338378281.38606286
2009-08-05,333404367.4029876
2009-08-06,321013367.28945565
2009-08-07,276855694.8716039
2009-08-08,288954438.7582584
2009-08-09,304142252.2341939
2009-08-10,320583994.60666645
2009-08-11,329970553.9123441
2009-08-12,337156270.63972926
2009-08-13,337811868.3097752
2009-08-14,321442904.4681387
2009-08-15,314675096.73222214
2009-08-16,267860964.1957871
2009-08-17,261949283.92998704
2009-08-18,275395091.37091804
2009-08-19,269061888.05124474
2009-08-20,291668005.7631761
2009-08-21,287453855.23506236
2009-08-22,295008583.33042693
2009-08-23,302610253.7271488
2009-08-24,306348919.81771165
2009-08-25,313573470.31791306
2009-08-26,259855107.42953536
2009-08-27,308618577.45495176
2009-08-28,326655748.41949904
2009-08-29,312564019.7070853
2009-08-30,287838209.5321124
2009-08-31,231051555.60889718
2009-09-01,244874225.67111573
2009-09-02,240755431.67184567
2009-09-03,139511171.09236452
2009-09-04,171890554.29343832
2009-09-05,206340123.48856646
2009-09-06,228522044.02340734
2009-09-07,245382039.07261452
2009-09-08,261378946.91799477
2009-09-09,259829899.61743757
2009-09-10,261855087.8014536
2009-09-11,238981149.51334432
2009-09-12,246631936.36957487
2009-09-13,260160915.33830526
2009-09-14,261175071.80229422
2009-09-15,259805545.3404383
2009-09-16,235493055.40683705
2009-09-17,240670376.22344136
2009-09-18,255595280.7812815
2009-09-19,281248970.06132245
2009-09-20,286197305.3528115
2009-09-21,275100889.73442596
2009-09-22,274918850.6125703
2009-09-23,265449401.2754339
2009-09-24,265206259.16736278
2009-09-25,277887184.3290033
2009-09-26,270545459.6533879
2009-09-27,254699185.42682365
2009-09-28,242665731.04051518
2009-09-29,245160114.5295364
2009-09-30,263190104.49055344
2009-10-01,261430722.56739405
2009-10-02,255976517.10606554
2009-10-03,240758203.90231508
2009-10-04,190990324.2012451
2009-10-05,209653494.59957504
2009-10-06,221255346.19305706
2009-10-07,221357857.3534807
2009-10-08,203589469.95193622
2009-10-09,186136890.8569988
2009-10-10,195370301.5115943
2009-10-11,202222511.68239108
2009-10-12,215352656.22438756
2009-10-13,218672701.98841158
2009-10-14,210377835.27896363
2009-10-15,198993636.1660085
2009-10-16,198207473.45612493
2009-10-17,197560771.01107568
2009-10-18,187753017.80803773
2009-10-19,192548283.92277196
2009-10-20,199591226.10872447
2009-10-21,203375288.35978204
2009-10-22,191960677.7318233
2009-10-23,194009097.9294346
2009-10-24,191447803.23769724
2009-10-25,200365067.94764516
2009-10-26,203754186.61021566
2009-10-27,198660408.550322
2009-10-28,139044099.86566043
2009-10-29,126502932.70391926
2009-10-30,142503312.91987765
2009-10-31,151556327.25328788
2009-11-01,159464585.9127366
2009-11-02,163169586.29093528
2009-11-03,157103204.47864652
2009-11-04,159174908.95561555
2009-11-05,147253675.5277295
2009-11-06,152846670.1732494
2009-11-07,147649370.80599096
2009-11-08,107227454.13394773
2009-11-09,50857051.15588864
2009-11-10,62966084.72107927
2009-11-11,74735618.01498081
2009-11-12,78792066.30986162
2009-11-13,75910824.93735921
2009-11-14,57712745.513178594
2009-11-15,57013565.28535594
2009-11-16,53428757.85313118
2009-11-17,55035555.251337774
2009-11-18,59091390.904548325
2009-11-19,64395440.84429493
2009-11-20,66963530.951719224
2009-11-21,67396980.11573441
2009-11-22,66445654.51764162
2009-11-23,56801020.83241223
2009-11-24,64769151.41423695
2009-11-25,47005564.20659371
2009-11-26,52796322.56003659
2009-11-27,45964109.51213761
2009-11-28,45659274.7880094
2009-11-29,50564870.25804533
2009-11-30,41111920.48257021
2009-12-01,46769704.26939458
2009-12-02,51668454.17343418
2009-12-03,45329262.99318773
2009-12-04,49854811.3994619
2009-12-05,40095964.08775125
2009-12-06,45568168.3023497
2009-12-07,52114868.38544319
2009-12-08,51174431.962744474
2009-12-09,29163629.345993694
2009-12-10,31192324.57997318
2009-12-11,37896882.2958503
2009-12-12,28046043.693027094
2009-12-13,38282993.64712382
2009-12-14,38121606.78793184
2009-12-15,34768018.564569846
2009-12-16,41863195.084591486
2009-12-17,46100843.265559755
2009-12-18,48274015.118210435
2009-12-19,46127402.307243876
2009-12-20,35107017.36340497
2009-12-21,42152649.4605246
2009-12-22,49275692.72336074
2009-12-23,51930280.47098068
2009-12-24,54824666.18400238
2009-12-25,55758032.542057365
2009-12-26,55319570.08361948
2009-12-27,44477275.55451525
2009-12-28,52839896.35330483
2009-12-29,49555467.635438256
2009-12-30,56228363.68413784
2009-12-31,58516692.661779374
2010-01-01,62891399.20269851
2010-01-02,64598922.827058524
2010-01-03,41353111.745344736
2010-01-04,56240607.551560074
2010-01-05,61402212.3869547
2010-01-06,64164546.39296992
2010-01-07,66026140.246923976
2010-01-08,66674267.33017514
2010-01-09,56665786.44350998
2010-01-10,64382821.92870288
2010-01-11,67639744.56523386
2010-01-12,69326741.03009708
2010-01-13,68914247.80106233
2010-01-14,73769237.2027404
2010-01-15,72306490.67065875
2010-01-16,70926565.74022506
2010-01-17,55487402.29542403
2010-01-18,63372984.41810387
2010-01-19,63615141.39334441
2010-01-20,61485567.32601883
2010-01-21,65252400.417099856
2010-01-22,50393383.008046575
2010-01-23,62289386.91642609
2010-01-24,53157741.17722582
2010-01-25,60219113.11505567
2010-01-26,63360585.68008872
2010-01-27,52478372.02922989
2010-01-28,46264264.55028137
2010-01-29,36219632.67895912
2010-01-30,53799758.833231516
2010-01-31,49222744.83120874
2010-02-01,54482160.61890406
2010-02-02,61515017.587698266
2010-02-03,60823995.62227937
2010-02-04,64009931.935316876
2010-02-05,49481019.3144799
2010-02-06,38084136.47439429
2010-02-07,27692321.496868566
2010-02-08,22954943.572398383
2010-02-09,33161518.159963652
2010-02-10,47119842.506108865
2010-02-11,38256076.15962855
2010-02-12,36775836.51543537
2010-02-13,43658860.276232705
2010-02-14,40727016.67170706
2010-02-15,34905317.4792848
2010-02-16,47421210.92557146
2010-02-17,56469286.779803924
2010-02-18,57932481.99706688
2010-02-19,58883819.30557466
2010-02-20,60570339.18707337
2010-02-21,64456123.10957381
2010-02-22,59382069.63986802
2010-02-23,67083067.84649876
2010-02-24,63889685.7309479
2010-02-25,53398426.23387109
2010-02-26,44670551.56344268
2010-02-27,53142419.437532954
2010-02-28,45103985.43126023
2010-03-01,39136074.21943103
2010-03-02,61140744.750470586
2010-03-03,46405513.42972039
2010-03-04,48927024.080345266
2010-03-05,64768645.71350715
2010-03-06,59273442.11385113
2010-03-07,72046444.53747366
2010-03-08,77512458.14490992
2010-03-09,80230162.11407647
2010-03-10,86587496.50907566
2010-03-11,88912458.2999831
2010-03-12,85243618.04269698
2010-03-13,89180395.2331615
2010-03-14,95090276.11774157
2010-03-15,100766878.90784116
2010-03-16,105076510.28235455
2010-03-17,109212233.94031475
2010-03-18,112109606.5019158
2010-03-19,114835832.03344372
2010-03-20,115656956.07514319
2010-03-21,98789042.69087623
2010-03-22,79910056.2607389
2010-03-23,73551731.95692383
2010-03-24,89634927.20082596
2010-03-25,97518049.53718847
2010-03-26,94251015.77168089
2010-03-27,98114451.59110749
2010-03-28,99184252.5759166
2010-03-29,82160596.15221389
2010-03-30,84325618.38390702
2010-03-31,94036920.82280295
2010-04-01,93440988.82420863
2010-04-02,92930121.90122773
2010-04-03,85358248.01054427
2010-04-04,86558502.50384277
2010-04-05,95275395.66313204
2010-04-06,106842343.24289154
2010-04-07,104926374.3728762
2010-04-08,100786737.5057608
2010-04-09,104225330.58505091
2010-04-10,110925132.48412177
2010-04-11,86691490.42215359
2010-04-12,74228154.41520153
2010-04-13,102097103.39214575
2010-04-14,113161130.92532194
2010-04-15,99405098.02066585
2010-04-16,105852740.78332584
2010-04-17,94459760.12653251
2010-04-18,77896851.53280595
2010-04-19,91333171.42596929
2010-04-20,73659493.35491925
2010-04-21,84639587.33228904
2010-04-22,92785291.94352172
2010-04-23,103311900.8769765
2010-04-24,110119662.82951547
2010-04-25,116092102.77831025
2010-04-26,124780898.62362164
2010-04-27,102121464.15291914
2010-04-28,104078399.61197855
2010-04-29,117178253.16489902
2010-04-30,112614999.43754275
2010-05-01,104794697.72490121
2010-05-02,127509353.41085562
2010-05-03,141046725.55674553
2010-05-04,113668354.40143721
2010-05-05,83625246.9731864
2010-05-06,110850680.57467063
2010-05-07,101956756.60571562
2010-05-08,127443397.87716685
2010-05-09,135977718.6301025
2010-05-10,130546947.71942793
2010-05-11,137960322.64337397
2010-05-12,147931272.19077897
2010-05-13,120398177.11876722
2010-05-14,135339541.07030421
2010-05-15,148048413.89109868
2010-05-16,131436224.88012071
2010-05-17,69550215.36993885
2010-05-18,80664853.5947766
2010-05-19,114495686.79165392
2010-05-20,132945540.01976661
2010-05-21,147212659.9658992
2010-05-22,126683490.99999507
2010-05-23,122287425.26383688
2010-05-24,141344180.0069681
2010-05-25,154756639.64912874
2010-05-26,164526430.5180198
2010-05-27,158172325.27703792
2010-05-28,94316975.60680456
2010-05-29,130213636.38820557
2010-05-30,148204885.28490365
2010-05-31,163524531.4014101
2010-06-01,168221762.60118648
2010-06-02,161234723.23059484
2010-06-03,138700974.79345617
2010-06-04,104778759.5049182
2010-06-05,136534500.8766875
2010-06-06,152224817.6497322
2010-06-07,153616134.42760274
2010-06-08,137472574.3326094
2010-06-09,145023811.9572478
2010-06-10,161560163.8416675
2010-06-11,163651888.49495733
2010-06-12,171003770.86799425
2010-06-13,170189183.7049917
2010-06-14,163683923.19713724
2010-06-15,145822826.33695233
2010-06-16,130778873.38327505
2010-06-17,162189186.07093912
2010-06-18,177359285.44175526
2010-06-19,194249149.58408502
2010-06-20,207562426.3189744
2010-06-21,217478969.9929283
2010-06-22,219635434.22353128
2010-06-23,220336787.52141362
2010-06-24,190388891.51409513
2010-06-25,189904395.05455655
2010-06-26,210551694.30537212
2010-06-27,224574757.93384293
2010-06-28,234338671.53634143
2010-06-29,233754622.39846447
2010-06-30,203358277.41709173
2010-07-01,213480697.23634276
2010-07-02,218977652.7440266
2010-07-03,233730919.78900346
2010-07-04,230991292.27377313
2010-07-05,210127342.7120428
2010-07-06,184454986.3052907
2010-07-07,218857878.30905095
2010-07-08,236181848.67180368
2010-07-09,244911870.58649957
2010-07-10,251789502.72060263
2010-07-11,254155307.79022765
2010-07-12,243966452.6851295
2010-07-13,230139600.34652266
2010-07-14,243401968.54237705
2010-07-15,258521917.2094068
2010-07-16,280887193.6463372
2010-07-17,288358897.7191593
2010-07-18,285177801.7758889
2010-07-19,284789998.97282624
2010-07-20,235577280.73028442
2010-07-21,147672645.5536419
2010-07-22,126270975.11265735
2010-07-23,221593583.85514095
2010-07-24,247923396.81870565
2010-07-25,250073631.18553543
2010-07-26,247099600.58356035
2010-07-27,199819711.6769736
2010-07-28,142501904.16990778
2010-07-29,150193602.61580706
2010-07-30,178266586.7454279
2010-07-31,233770221.0429141
2010-08-01,251999003.6176832
2010-08-02,257762446.25106975
2010-08-03,240210364.96532515
2010-08-04,221220762.12661856
2010-08-05,231298367.41371027
2010-08-06,181937287.33025095
2010-08-07,157133769.25822955
2010-08-08,171810982.8241285
2010-08-09,193852860.5882698
2010-08-10,233551126.72030634
2010-08-11,237262143.05703756
2010-08-12,243823924.1069316
2010-08-13,225112958.08614236
2010-08-14,236472532.9892328
2010-08-15,229911263.58761138
2010-08-16,210550246.94707087
2010-08-17,249244477.68911698
2010-08-18,259000447.97180852
2010-08-19,262404761.7075707
2010-08-20,265314285.0849592
2010-08-21,279364602.1374781
2010-08-22,304067950.9062616
2010-08-23,300672811.82302016
2010-08-24,249548727.72490788
2010-08-25,166613599.3318147
2010-08-26,202920596.93000925
2010-08-27,260799882.02867162
2010-08-28,289408371.5633513
2010-08-29,303016832.5004595
2010-08-30,307218012.70680964
2010-08-31,300265044.8734871
2010-09-01,289768007.58650327
2010-09-02,272766937.7027077
2010-09-03,251867413.7955416
2010-09-04,260876380.03966188
2010-09-05,266705111.0496572
2010-09-06,275829123.1374848
2010-09-07,261406646.0361933
2010-09-08,248714973.21129036
2010-09-09,258120085.87914902
2010-09-10,251523431.22771278
2010-09-11,238073915.95948413
2010-09-12,241283310.5580407
2010-09-13,224905323.25908628
2010-09-14,214493417.67074916
2010-09-15,233345065.77264217
2010-09-16,242928653.83437443
2010-09-17,230069663.24296296
2010-09-18,183063992.5054608
2010-09-19,209096752.72521526
2010-09-20,224517735.90688446
2010-09-21,227264132.26366064
2010-09-22,195083951.38251615
2010-09-23,203361600.55209154
2010-09-24,200774161.45855984
2010-09-25,207247445.88428158
2010-09-26,213721137.42560765
2010-09-27,206776590.20806807
2010-09-28,205074864.7455418
2010-09-29,179519869.2177732
2010-09-30,186844006.63444513
2010-10-01,197951109.73863363
2010-10-02,208555815.79602608
2010-10-03,217793286.73455966
2010-10-04,230128404.1002128
2010-10-05,232876794.435118
2010-10-06,233366450.05522376
2010-10-07,231058125.61360982
2010-10-08,219428715.33693504
2010-10-09,225533081.24211985
2010-10-10,214597234.97371927
2010-10-11,210403960.40411356
2010-10-12,212148093.6935624
2010-10-13,223001274.76695362
2010-10-14,225873628.03430572
2010-10-15,224667947.35006753
2010-10-16,227715864.58412385
2010-10-17,232444928.97402456
2010-10-18,231348388.67213312
2010-10-19,225026582.68443164
2010-10-20,207617935.4239579
2010-10-21,196790475.96347824
2010-10-22,107496218.81736188
2010-10-23,118317258.44516934
2010-10-24,127091795.8319958
2010-10-25,132096110.3710463
2010-10-26,132252409.5377853
2010-10-27,132263500.00033872
2010-10-28,134124589.54765737
2010-10-29,111001063.2603661
2010-10-30,121725015.94160421
2010-10-31,130066163.41300386
2010-11-01,138643163.58206362
2010-11-02,144279274.21683288
2010-11-03,145597115.18791348
2010-11-04,136478772.64107898
2010-11-05,123839671.63886039
2010-11-06,121467698.15230264
2010-11-07,130781930.79354306
2010-11-08,142433851.79071462
2010-11-09,146657160.60225648
2010-11-10,150051761.3116737
2010-11-11,150361615.3785459
2010-11-12,150537646.2006276
2010-11-13,146088287.84408557
2010-11-14,147589602.96264213
2010-11-15,148120067.5537564
2010-11-16,148674050.68706855
2010-11-17,150226518.79319805
2010-11-18,146871369.73054004
2010-11-19,149021555.48529634
2010-11-20,149217183.67157152
2010-11-21,131849508.48827384
2010-11-22,116308210.53283802
2010-11-23,126432574.78223553
2010-11-24,132475581.77507246
2010-11-25,114182064.89714104
2010-11-26,108639693.3592991
2010-11-27,113887186.96319287
2010-11-28,120627256.15967296
2010-11-29,124967092.55051284
2010-11-30,127928984.99128695
2010-12-01,127721854.45454013
2010-12-02,129300757.30863833
2010-12-03,129199595.80774157
2010-12-04,127409197.69784254
2010-12-05,123802487.74410048
2010-12-06,122220095.17608386
2010-12-07,125924353.44551435
2010-12-08,126843082.66152439
2010-12-09,116714297.6762441
2010-12-10,127624326.2728968
2010-12-11,131248405.35289337
2010-12-12,131529191.03057887
2010-12-13,122094297.74405983
2010-12-14,129123341.93499517
2010-12-15,127039152.4752812
2010-12-16,123829928.817116
2010-12-17,95511792.42842937
2010-12-18,104378239.08259338
2010-12-19,112733164.83482918
2010-12-20,120645799.55810003
2010-12-21,123203634.26498207
2010-12-22,115260928.60311763
2010-12-23,94287113.84048848
2010-12-24,109030565.89382243
2010-12-25,116612182.19569524
2010-12-26,99360115.1074809
2010-12-27,106769132.04892248
2010-12-28,95139079.81130171
2010-12-29,74175943.42599647
2010-12-30,41975165.34105385
2010-12-31,48593997.54622972
2011-01-01,61890833.047419704
2011-01-02,66105401.27344746
2011-01-03,69172618.06442943
2011-01-04,66647152.22573338
2011-01-05,73755290.06331944
2011-01-06,66211853.910582006
2011-01-07,51868735.05149232
2011-01-08,47354871.536332875
2011-01-09,59056481.273412965
2011-01-10,65128783.64760791
2011-01-11,53573223.95516356
2011-01-12,58468119.223343454
2011-01-13,53087618.015570864
2011-01-14,37939753.30375401
2011-01-15,36370150.66183855
2011-01-16,49171223.99964024
2011-01-17,41312400.70089018
2011-01-18,46640888.994539045
2011-01-19,55244792.42086567
2011-01-20,45637045.78867589
2011-01-21,48252978.17386409
2011-01-22,54460547.80984313
2011-01-23,59235560.46705353
2011-01-24,63492367.25180836
2011-01-25,66002487.20509204
2011-01-26,68502542.31900951
2011-01-27,71343647.86634919
2011-01-28,56764229.59664288
2011-01-29,54328999.28148663
2011-01-30,56610739.03787144
2011-01-31,60992242.60082636
2011-02-01,66718972.1792967
2011-02-02,66975246.73561784
2011-02-03,44277060.709114134
2011-02-04,33547002.63427414
2011-02-05,39948377.464529455
2011-02-06,26791968.928999744
2011-02-07,26395797.457308218
2011-02-08,48621816.2351769
2011-02-09,48515316.92555053
2011-02-10,54016868.35508989
2011-02-11,47865175.14541892
2011-02-12,37032583.39259913
2011-02-13,28444814.697735325
2011-02-14,34348081.12320329
2011-02-15,49876263.626141354
2011-02-16,50046336.57486096
2011-02-17,57612971.508316375
2011-02-18,61698230.399454534
2011-02-19,50181422.4465034
2011-02-20,44953630.20335511
2011-02-21,63817264.32913184
2011-02-22,54618781.69565587
2011-02-23,46894604.46091143
2011-02-24,51679798.62766018
2011-02-25,54144377.40745304
2011-02-26,56221764.4838021
2011-02-27,64823618.96804029
2011-02-28,50927441.85761639
2011-03-01,55051521.60365838
2011-03-02,40667936.8575807
2011-03-03,52950492.771214046
2011-03-04,51464200.68467372
2011-03-05,52814131.61686318
2011-03-06,55489701.51167674
2011-03-07,53335838.73735697
2011-03-08,69426779.8218065
2011-03-09,75885157.0264905
2011-03-10,82386449.94648254
2011-03-11,86124431.63094884
2011-03-12,88774234.7237086
2011-03-13,91429680.76021633
2011-03-14,96058393.84548973
2011-03-15,97474435.38918279
2011-03-16,93727393.47082591
2011-03-17,75821568.08232056
2011-03-18,82298081.19430637
2011-03-19,49810084.2741384
2011-03-20,73495226.44766563
2011-03-21,83080592.88758062
2011-03-22,86052000.54678099
2011-03-23,89833334.78349395
2011-03-24,93297630.07065906
2011-03-25,98515028.27774967
2011-03-26,96689249.99360956
2011-03-27,91019717.75822209
2011-03-28,72214007.07425725
2011-03-29,76660196.96906145
2011-03-30,78970343.35861483
2011-03-31,90662096.4746819
2011-04-01,85632261.30178356
2011-04-02,85914378.35365467
2011-04-03,85926569.9245225
2011-04-04,84856232.0540256
2011-04-05,83181961.00273652
2011-04-06,90197458.01472092
2011-04-07,101600504.11617792
2011-04-08,105408628.13115379
2011-04-09,89574137.34750758
2011-04-10,70668681.32202268
2011-04-11,75246474.99628468
2011-04-12,88273376.85999024
2011-04-13,99025454.5557626
2011-04-14,106172500.67418866
2011-04-15,98456300.49408695
2011-04-16,87950174.44656622
2011-04-17,66495277.43333596
2011-04-18,79938760.127574
2011-04-19,97038108.3424385
2011-04-20,100135163.15767674
2011-04-21,108896117.90455832
2011-04-22,116481067.97379315
2011-04-23,123400399.62247452
2011-04-24,128972260.84037827
2011-04-25,133546990.15229513
2011-04-26,137823091.9999815
2011-04-27,140747269.35658157
2011-04-28,138797581.4671078
2011-04-29,115795793.05004993
2011-04-30,124931231.06859738
2011-05-01,137437415.596718
2011-05-02,149090982.8570399
2011-05-03,155322141.47070843
2011-05-04,158320375.51681435
2011-05-05,142273028.1976915
2011-05-06,116958150.50878942
2011-05-07,135818263.85737297
2011-05-08,146670669.53878358
2011-05-09,146251006.17426494
2011-05-10,151818263.69092238
2011-05-11,143241021.23715952
2011-05-12,150645584.0760848
2011-05-13,156974584.76274562
2011-05-14,169621193.78562564
2011-05-15,178494200.75419196
2011-05-16,182423542.24975446
2011-05-17,183140553.488676
2011-05-18,189811356.7309286
2011-05-19,192705363.0329593
2011-05-20,187994504.52432817
2011-05-21,163400780.11509252
2011-05-22,175426638.97918078
2011-05-23,189049114.51169318
2011-05-24,190983615.0217302
2011-05-25,202930893.91895854
2011-05-26,162379773.97099537
2011-05-27,163149771.7031345
2011-05-28,193106362.38878414
2011-05-29,210091790.17023385
2011-05-30,223971239.68384364
2011-05-31,228218079.09607786
2011-06-01,180024312.779329
2011-06-02,190057150.93181643
2011-06-03,212925854.24137065
2011-06-04,230390816.86265534
2011-06-05,238488200.76434767
2011-06-06,242938756.14391908
2011-06-07,251365790.1011047
2011-06-08,251544251.7959595
2011-06-09,248886351.39482135
2011-06-10,255521083.68650904
2011-06-11,248935559.94290674
2011-06-12,229338975.8569231
2011-06-13,233738308.6919367
2011-06-14,256173867.07935643
2011-06-15,276618480.80351496
2011-06-16,284302101.45188296
2011-06-17,280252750.5289195
2011-06-18,268392248.81465712
2011-06-19,277772766.2131368
2011-06-20,284949642.16721547
2011-06-21,306395252.7102072
2011-06-22,310401928.97058505
2011-06-23,312467290.2572149
2011-06-24,319022392.7638199
2011-06-25,317718206.22035104
2011-06-26,303930035.80262655
2011-06-27,296883903.2581802
2011-06-28,284833102.71907324
2011-06-29,295427034.9486985
2011-06-30,291918690.1179833
2011-07-01,299898276.5483804
2011-07-02,302865603.2442106
2011-07-03,295508391.79156256
2011-07-04,293208508.99473006
2011-07-05,314300318.8701338
2011-07-06,326197555.6526605
2011-07-07,313169574.7024613
2011-07-08,264824217.9755768
2011-07-09,247498808.97691903
2011-07-10,267617278.58773714
2011-07-11,292957371.44079006
2011-07-12,317369253.39703846
2011-07-13,330736423.1835617
2011-07-14,308777951.50874203
2011-07-15,268766100.9009542
2011-07-16,239379250.74758795
2011-07-17,284226711.43244827
2011-07-18,298935237.2481356
2011-07-19,302944067.4332945
2011-07-20,321581358.133105
2011-07-21,317476786.10832477
2011-07-22,302310922.88291436
2011-07-23,295968710.5187486
2011-07-24,295319688.2409758
2011-07-25,271940982.4278541
2011-07-26,268588546.06918496
2011-07-27,276735258.9959361
2011-07-28,294337689.85046965
2011-07-29,282248677.6487764
2011-07-30,293556782.38993585
2011-07-31,300513336.40392137
2011-08-01,314288174.9251609
2011-08-02,324237119.8821175
2011-08-03,354789480.414762
2011-08-04,335305083.6488254
2011-08-05,321937555.8090602
2011-08-06,301342533.49943006
2011-08-07,269783499.0958841
2011-08-08,278965534.0867108
2011-08-09,297304261.6121531
2011-08-10,296225974.9971993
2011-08-11,291009596.97729963
2011-08-12,268235378.03507715
2011-08-13,221539880.77918
2011-08-14,264274143.96774775
2011-08-15,220995806.04663792
2011-08-16,227626774.51325914
2011-08-17,257925433.97997266
2011-08-18,270027608.83166456
2011-08-19,276493547.9746708
2011-08-20,288185235.6083008
2011-08-21,298736906.37562567
2011-08-22,312715568.7229583
2011-08-23,318056723.98015124
2011-08-24,299519711.03958184
2011-08-25,270659257.6047093
2011-08-26,266159336.62233874
2011-08-27,250320542.4884368
2011-08-28,238061415.1314538
2011-08-29,262629783.1960029
2011-08-30,276805516.6187117
2011-08-31,271550132.2322713
2011-09-01,222439158.40206328
2011-09-02,197345080.7484119
2011-09-03,234659710.98354763
2011-09-04,243954791.63502866
2011-09-05,264804124.09262645
2011-09-06,282204691.89404947
2011-09-07,294143169.60559034
2011-09-08,275296982.97486806
2011-09-09,237231258.75629848
2011-09-10,240241621.91552782
2011-09-11,247040222.54252595
2011-09-12,261370452.53542212
2011-09-13,263859271.33235678
2011-09-14,242462707.97174883
2011-09-15,205282846.69804934
2011-09-16,127216929.77734077
2011-09-17,192504750.18005374
2011-09-18,210026813.82540038
2011-09-19,201629319.72641402
2011-09-20,213048226.34410265
2011-09-21,229774167.2034917
2011-09-22,233980047.37593117
2011-09-23,238434164.88053796
2011-09-24,243492966.73012963
2011-09-25,243862822.14139292
2011-09-26,233759698.73774478
2011-09-27,243223598.98390162
2011-09-28,262342391.43942893
2011-09-29,264313386.260691
2011-09-30,257472652.79552636
2011-10-01,254121026.6648983
2011-10-02,265157600.88743633
2011-10-03,272129789.07806325
2011-10-04,265315779.97339353
2011-10-05,215506200.01573664
2011-10-06,198524457.31566906
2011-10-07,154729198.90874055
2011-10-08,171875905.2788583
2011-10-09,174476567.3209495
2011-10-10,192468954.65514332
2011-10-11,205031363.27385172
2011-10-12,219021221.69498682
2011-10-13,219008084.64659274
2011-10-14,201061591.77018353
2011-10-15,210436879.332809
2011-10-16,213203331.7023024
2011-10-17,215232057.8028444
2011-10-18,206484650.64185375
2011-10-19,206290382.57243463
2011-10-20,169139134.00289854
2011-10-21,166014339.18030742
2011-10-22,143171892.31900576
2011-10-23,85615741.19051895
2011-10-24,110191977.13568209
2011-10-25,121988620.46272473
2011-10-26,130037467.08720918
2011-10-27,135327624.9067337
2011-10-28,131392220.47597478
2011-10-29,119262652.0692287
2011-10-30,117002622.46110475
2011-10-31,113601313.46437912
2011-11-01,105534715.28912666
2011-11-02,99305770.17929412
2011-11-03,93015075.11203146
2011-11-04,88866946.17414494
2011-11-05,99359567.15517652
2011-11-06,108001543.96956173
2011-11-07,109225481.62541074
2011-11-08,93128100.75798003
2011-11-09,84595299.00082287
2011-11-10,78011911.41095653
2011-11-11,73280411.06229946
2011-11-12,80436106.08509158
2011-11-13,83706421.35026707
2011-11-14,79254286.83453727
2011-11-15,73778530.87114489
2011-11-16,81837145.19886495
2011-11-17,81228072.2806896
2011-11-18,78679426.24255459
2011-11-19,72578437.34255922
2011-11-20,80778773.59607746
2011-11-21,85576282.56816694
2011-11-22,87717774.27461536
2011-11-23,85764336.5541248
2011-11-24,84637663.26927759
2011-11-25,91270541.88891716
2011-11-26,93923679.61757112
2011-11-27,92370642.5958298
2011-11-28,86303765.55721188
2011-11-29,93588904.41914345
2011-11-30,96610053.79828191
2011-12-01,75527799.59080754
2011-12-02,88147884.93145128
2011-12-03,87109136.15505095
2011-12-04,89010663.7798076
2011-12-05,85546292.95496884
2011-12-06,84685929.12253688
2011-12-07,75209450.2872949
2011-12-08,76098359.95446621
2011-12-09,63331209.92848975
2011-12-10,71123884.1577426
2011-12-11,75813712.08159307
2011-12-12,77371723.23789068
2011-12-13,75554836.09820117
2011-12-14,79806305.3368126
2011-12-15,73995055.1292998
2011-12-16,79742861.72691101
2011-12-17,81224365.70043924
2011-12-18,75076892.67949498
2011-12-19,56436458.43795798
2011-12-20,41996559.07828797
2011-12-21,52267890.99364356
2011-12-22,57185859.11941406
2011-12-23,62102188.32378303
2011-12-24,58882895.58710201
2011-12-25,62802320.02074102
2011-12-26,61512538.3482234
2011-12-27,55523163.03045927
2011-12-28,60473719.059862845
2011-12-29,62710211.140874416
2011-12-30,68632256.96426584
2011-12-31,70180046.28958493
2012-01-01,68778140.39593011
2012-01-02,71425875.64611864
2012-01-03,65805481.6344774
2012-01-04,51436746.58163496
2012-01-05,43283187.12338073
2012-01-06,39997391.10522044
2012-01-07,38632000.65383631
2012-01-08,47374707.39668651
2012-01-09,49920782.05398806
2012-01-10,56047698.4394965
2012-01-11,58690191.39594735
2012-01-12,59142066.16717991
2012-01-13,59721145.85473631
2012-01-14,54843707.61602273
2012-01-15,28471985.338652942
2012-01-16,37070741.68924771
2012-01-17,45472993.8784905
2012-01-18,48324838.79322148
2012-01-19,46914615.172107406
2012-01-20,50705511.193358466
2012-01-21,53671770.434683695
2012-01-22,36992524.71736767
2012-01-23,43434502.23365181
2012-01-24,54981247.15070609
2012-01-25,47117913.03645357
2012-01-26,49190404.11455064
2012-01-27,52648336.483458415
2012-01-28,57579938.43989323
2012-01-29,63888263.17960336
2012-01-30,65732090.095682
2012-01-31,61678228.08318349
2012-02-01,66651734.99878287
2012-02-02,67200825.66947742
2012-02-03,47021386.76479727
2012-02-04,38241633.461952396
2012-02-05,42652431.48138638
2012-02-06,50835663.52780706
2012-02-07,53535918.88563036
2012-02-08,55964062.02444774
2012-02-09,63224660.11564952
2012-02-10,62431692.152531736
2012-02-11,56788935.08853216
2012-02-12,44359429.43719169
2012-02-13,39504153.70797463
2012-02-14,47069483.136342496
2012-02-15,57252532.94091321
2012-02-16,52516680.54133677
2012-02-17,56456946.566671416
2012-02-18,48660564.40286192
2012-02-19,47004280.879476
2012-02-20,38716079.172040895
2012-02-21,45683533.32071562
2012-02-22,43844371.50690833
2012-02-23,53498317.11115438
2012-02-24,60183030.39053206
2012-02-25,52298753.63513025
2012-02-26,62731708.29713266
2012-02-27,51971295.42511441
2012-02-28,63387766.2301385
2012-02-29,69374960.89777428
2012-03-01,70612130.72467147
2012-03-02,73542548.68791112
2012-03-03,73207114.12050296
2012-03-04,46587814.278786294
2012-03-05,51975199.49515121
2012-03-06,66114533.32050157
2012-03-07,57562157.548766464
2012-03-08,64394720.51105267
2012-03-09,73772486.5073247
2012-03-10,73457463.33250621
2012-03-11,66807320.81183441
2012-03-12,53862404.98563477
2012-03-13,70005405.88147958
2012-03-14,70078410.6145058
2012-03-15,80962345.08007298
2012-03-16,58221943.908394344
2012-03-17,62117648.173772454
2012-03-18,62009128.43399833
2012-03-19,49287320.87580437
2012-03-20,54430978.41047377
2012-03-21,76605133.1561385
2012-03-22,83448413.80267677
2012-03-23,74225342.35157646
2012-03-24,79419852.07930177
2012-03-25,64157186.44024922
2012-03-26,65126686.84822085
2012-03-27,70883303.7344057
2012-03-28,79824281.92017952
2012-03-29,91109743.20959944
2012-03-30,96554611.02306063
2012-03-31,94593452.55964604
2012-04-01,77895219.2215782
2012-04-02,92098902.79906356
2012-04-03,98108874.88803186
2012-04-04,104031174.09128357
2012-04-05,108510876.51021835
2012-04-06,114169108.75030681
2012-04-07,119162269.92217089
2012-04-08,121256037.92497395
2012-04-09,110589222.49877533
2012-04-10,84240481.44237237
2012-04-11,80184455.22632276
2012-04-12,94902308.13204755
2012-04-13,100205526.8076171
2012-04-14,104259066.13751401
2012-04-15,108529079.67165406
2012-04-16,110700560.4859813
2012-04-17,120265830.52313836
2012-04-18,128130190.85399227
2012-04-19,119130143.80141094
2012-04-20,112102006.91159703
2012-04-21,111835265.59071696
2012-04-22,113702622.8749975
2012-04-23,120079293.414035
2012-04-24,131076284.99749306
2012-04-25,130020945.69235931
2012-04-26,121902715.89811926
2012-04-27,132902271.00975141
2012-04-28,134604525.36188048
2012-04-29,106300297.65027243
2012-04-30,106460811.8142501
2012-05-01,120048885.94588563
2012-05-02,132645091.19719824
2012-05-03,143233225.1968256
2012-05-04,152724558.5807757
2012-05-05,151581492.8822193
2012-05-06,141520955.10285026
2012-05-07,130288267.17934214
2012-05-08,150130808.95638794
2012-05-09,155233448.7842879
2012-05-10,146400645.43943122
2012-05-11,135723583.31796113
2012-05-12,122086931.83057126
2012-05-13,143043406.37107894
2012-05-14,148141474.6855797
2012-05-15,156232487.8694455
2012-05-16,156363106.1865782
2012-05-17,126539040.29966521
2012-05-18,146443827.48844066
2012-05-19,157255877.1170846
2012-05-20,150606324.21368125
2012-05-21,134388785.30383536
2012-05-22,145000339.55145547
2012-05-23,157837314.67199087
2012-05-24,171704249.75571218
2012-05-25,148318690.9757536
2012-05-26,144916228.6261905
2012-05-27,161961166.11368585
2012-05-28,175695171.12905216
2012-05-29,184442028.6845561
2012-05-30,191048250.62940082
2012-05-31,186569370.37746242
2012-06-01,184102820.48296556
2012-06-02,191874272.30535096
2012-06-03,199715135.70111206
2012-06-04,207309892.9165025
2012-06-05,213953089.23932576
2012-06-06,179123304.57555494
2012-06-07,179552335.99051088
2012-06-08,178271471.66325897
2012-06-09,181698305.8419747
2012-06-10,199086211.88668036
2012-06-11,202316608.41227886
2012-06-12,209732214.11198258
2012-06-13,212486593.41827035
2012-06-14,226426711.93079412
2012-06-15,238374857.3228602
2012-06-16,246509953.7898515
2012-06-17,252711636.7727224
2012-06-18,221959064.2804167
2012-06-19,236629299.62409458
2012-06-20,244806806.75015208
2012-06-21,256142796.2592629
2012-06-22,256880584.14910603
2012-06-23,251591907.46247026
2012-06-24,245797186.72090763
2012-06-25,225213770.66164073
2012-06-26,236575708.3081747
2012-06-27,254174240.79642317
2012-06-28,259317517.92358118
2012-06-29,270536000.1359028
2012-06-30,284293545.2523441
2012-07-01,294251436.5844301
2012-07-02,300884759.62804073
2012-07-03,307781954.6566848
2012-07-04,298219971.6750245
2012-07-05,291177065.93740535
2012-07-06,296460885.3410872
2012-07-07,296239165.0306669
2012-07-08,290170500.7680561
2012-07-09,292839498.5101647
2012-07-10,309589089.0881316
2012-07-11,308743995.88571537
2012-07-12,296497278.735876
2012-07-13,285467077.190687
2012-07-14,282755016.81578314
2012-07-15,272235178.3367335
2012-07-16,290958551.31641394
2012-07-17,307514442.22008836
2012-07-18,315473782.850559
2012-07-19,304390813.56059676
2012-07-20,288689681.9955713
2012-07-21,299013459.69348836
2012-07-22,303893363.4677926
2012-07-23,306769733.27425545
2012-07-24,296534873.3387287
2012-07-25,289413430.1227627
2012-07-26,268560248.55872023
2012-07-27,307967735.26277816
2012-07-28,331254116.14148057
2012-07-29,329924484.12443984
2012-07-30,318594032.5365783
2012-07-31,309585830.8515309
2012-08-01,295580601.5809001
2012-08-02,296249639.02624243
2012-08-03,300450771.69986284
2012-08-04,193797164.43414348
2012-08-05,201303908.66924077
2012-08-06,268229260.127863
2012-08-07,290265539.2182759
2012-08-08,293348508.29972637
2012-08-09,302466987.4321206
2012-08-10,288796320.10073143
2012-08-11,277782479.3610014
2012-08-12,292086483.3760372
2012-08-13,286152150.70486057
2012-08-14,283915581.13451475
2012-08-15,264737187.24898973
2012-08-16,242706908.91258863
2012-08-17,280664600.6337607
2012-08-18,291011776.54354304
2012-08-19,291442014.52900505
2012-08-20,284111006.9121414
2012-08-21,296657559.51043963
2012-08-22,284940344.0476437
2012-08-23,270621532.7220401
2012-08-24,279444942.73585624
2012-08-25,262258600.8420812
2012-08-26,251465296.0984364
2012-08-27,261375477.20148495
2012-08-28,267425874.7897215
2012-08-29,271123298.4063363
2012-08-30,284110754.96037793
2012-08-31,295914246.8916254
2012-09-01,300537041.9155188
2012-09-02,276516399.87959284
2012-09-03,257985851.4486758
2012-09-04,247195338.93277162
2012-09-05,221289457.896418
2012-09-06,226938093.64692974
2012-09-07,190599285.97214237
2012-09-08,186445177.0360675
2012-09-09,190190932.9783239
2012-09-10,175596606.31796548
2012-09-11,220389987.30211362
2012-09-12,241178667.5213702
2012-09-13,240589545.63375804
2012-09-14,233900245.4943864
2012-09-15,250611462.9476583
2012-09-16,248531663.22260988
2012-09-17,138757185.38572046
2012-09-18,137151129.84937996
2012-09-19,171285847.17794278
2012-09-20,189457104.7580066
2012-09-21,200485516.62217417
2012-09-22,193996964.68682525
2012-09-23,198546310.10499546
2012-09-24,209119044.76281455
2012-09-25,217872055.47440842
2012-09-26,212179831.6841119
2012-09-27,217686817.1115616
2012-09-28,225356815.37499902
2012-09-29,229217605.17422813
2012-09-30,224797093.9273084
2012-10-01,233839940.41023156
2012-10-02,237247411.23279604
2012-10-03,224487829.5255807
2012-10-04,222163445.94230196
2012-10-05,226710095.97524944
2012-10-06,225662275.499663
2012-10-07,214648724.3361349
2012-10-08,224318816.44697848
2012-10-09,227079713.2032786
2012-10-10,199392843.47921863
2012-10-11,210034292.0793282
2012-10-12,212573681.4247077
2012-10-13,195786074.6442992
2012-10-14,192141840.8415363
2012-10-15,177997328.20811933
2012-10-16,151117365.40400192
2012-10-17,153278841.69778085
2012-10-18,158867834.96161297
2012-10-19,139918424.96061152
2012-10-20,99644975.13342041
2012-10-21,108378105.43011087
2012-10-22,121471624.69798481
2012-10-23,121042299.29943304
2012-10-24,127990903.45092103
2012-10-25,135983224.63240778
2012-10-26,137768982.86347517
2012-10-27,141221030.31196442
2012-10-28,136018515.06778252
2012-10-29,140075026.9113125
2012-10-30,144763382.46797737
2012-10-31,148549747.34082714
2012-11-01,150135443.47063705
2012-11-02,150494896.2195135
2012-11-03,151188557.4712729
2012-11-04,149283007.8544812
2012-11-05,137321920.22078484
2012-11-06,140241593.76304427
2012-11-07,147792483.53947905
2012-11-08,149967271.87247154
2012-11-09,152246429.76472464
2012-11-10,141410623.10211846
2012-11-11,151971588.52752864
2012-11-12,153657407.7765616
2012-11-13,150297177.49407718
2012-11-14,145307369.02195805
2012-11-15,151962277.5664608
2012-11-16,144546629.16270944
2012-11-17,105735110.23102282
2012-11-18,90762779.54193296
2012-11-19,100616600.84089622
2012-11-20,106838354.83139111
2012-11-21,86148074.34321824
2012-11-22,88179446.88089517
2012-11-23,80386666.67577463
2012-11-24,73133300.23129526
2012-11-25,87972509.21166657
2012-11-26,85662301.93359962
2012-11-27,91633623.83652543
2012-11-28,62001334.30167331
2012-11-29,45601152.36069734
2012-11-30,58478619.07630345
2012-12-01,63712936.4489007
2012-12-02,64170299.45846611
2012-12-03,62690031.29212884
2012-12-04,67282699.19525434
2012-12-05,57833619.645024754
2012-12-06,58958386.84692248
2012-12-07,57326564.80257757
2012-12-08,54215576.80094163
2012-12-09,63778267.68552378
2012-12-10,58692477.13370253
2012-12-11,55522756.25686399
2012-12-12,56548862.416475296
2012-12-13,42651991.421962045
2012-12-14,34104633.94920619
2012-12-15,33944761.284424685
2012-12-16,35072232.966326736
2012-12-17,37997449.54174819
2012-12-18,32737715.703737017
2012-12-19,42169838.25388652
2012-12-20,46678421.016590804
2012-12-21,49242711.09301995
2012-12-22,51076824.434904106
2012-12-23,47871780.83309966
2012-12-24,42398057.39889272
2012-12-25,50045604.88450824
2012-12-26,52291467.6777358
2012-12-27,27705349.272141673
2012-12-28,23537873.189877186
2012-12-29,31901393.14281598
2012-12-30,41893098.310683295
2012-12-31,46200002.2598574
2013-01-01,44023144.174199134
2013-01-02,49202983.4311777
2013-01-03,47616501.2813031
2013-01-04,44825837.588253886
2013-01-05,50797131.48367763
2013-01-06,53643873.54931059
2013-01-07,57155261.77481973
2013-01-08,57415730.47057425
2013-01-09,52314428.46000471
2013-01-10,59523791.22054096
2013-01-11,61580131.53030527
2013-01-12,30098308.19715137
2013-01-13,45584043.55904245
2013-01-14,49521998.81611457
2013-01-15,48253545.87585555
2013-01-16,46666946.4303893
2013-01-17,34358089.815710574
2013-01-18,30025439.478272222
2013-01-19,41438180.54440283
2013-01-20,47097370.54632704
2013-01-21,51373498.13818908
2013-01-22,51279190.72827591
2013-01-23,41886535.2006844
2013-01-24,55804412.42698934
2013-01-25,59130620.4553803
2013-01-26,62201776.41100332
2013-01-27,56382157.39310297
2013-01-28,60225211.68432022
2013-01-29,65253690.73862239
2013-01-30,55517603.77491955
2013-01-31,55405580.89668529
2013-02-01,62597495.36139455
2013-02-02,54890475.144074954
2013-02-03,49357320.301624104
2013-02-04,30187508.83135288
2013-02-05,24657222.373815563
2013-02-06,43048113.256036155
2013-02-07,53572696.76041915
2013-02-08,57482863.1995055
2013-02-09,57879980.50883495
2013-02-10,57921649.43530939
2013-02-11,58877055.20618843
2013-02-12,58813429.74306324
2013-02-13,59445796.95298305
2013-02-14,52790151.576829426
2013-02-15,41382997.47759959
2013-02-16,51748024.488989465
2013-02-17,61091644.301147334
2013-02-18,65286324.843951255
2013-02-19,60814446.24293278
2013-02-20,70522312.95425934
2013-02-21,59482307.82469708
2013-02-22,42132538.77115373
2013-02-23,47272281.03048145
2013-02-24,62565415.74639059
2013-02-25,58138392.925081216
2013-02-26,48450117.18873773
2013-02-27,35143416.38399942
2013-02-28,52810526.35081149
2013-03-01,67167567.05079745
2013-03-02,71951720.6295203
2013-03-03,75132105.9772051
2013-03-04,76274575.24600045
2013-03-05,82746774.44503632
2013-03-06,87163702.91368699
2013-03-07,90058971.73191042
2013-03-08,84411961.89630073
2013-03-09,57774325.7131923
2013-03-10,75013535.2424413
2013-03-11,78565242.69742191
2013-03-12,63787543.48401006
2013-03-13,57268114.47892011
2013-03-14,51121218.64483896
2013-03-15,74348580.73413087
2013-03-16,76310766.23096396
2013-03-17,74911991.81165737
2013-03-18,81716201.3083557
2013-03-19,89390040.82254927
2013-03-20,70445612.22947408
2013-03-21,85645804.06037815
2013-03-22,89245323.73145713
2013-03-23,79216259.1600283
2013-03-24,63263879.00121033
2013-03-25,87273382.72854686
2013-03-26,96945392.09944904
2013-03-27,88776726.18540983
2013-03-28,92793358.76145518
2013-03-29,99444283.74187337
2013-03-30,104661049.75200844
2013-03-31,109790798.98059738
2013-04-01,104125085.29416269
2013-04-02,89885581.46743347
2013-04-03,89485841.62491187
2013-04-04,99455270.27991422
2013-04-05,109677867.33351353
2013-04-06,113644400.52516536
2013-04-07,94662878.64399797
2013-04-08,98306116.85057996
2013-04-09,103490798.325236
2013-04-10,107431539.93671732
2013-04-11,110724035.10525805
2013-04-12,119483495.4541196
2013-04-13,126201378.16263297
2013-04-14,126202531.59604421
2013-04-15,133339938.19335544
2013-04-16,93343944.4197872
2013-04-17,115638779.0408027
2013-04-18,123651411.9874656
2013-04-19,126548257.49869476
2013-04-20,98725340.31660673
2013-04-21,98221784.5293315
2013-04-22,116176861.42553861
2013-04-23,122593140.77606583
2013-04-24,125084793.12271488
2013-04-25,118666063.084523
2013-04-26,94534048.49181844
2013-04-27,103448102.94929549
2013-04-28,116049060.76121676
2013-04-29,112578766.6273176
2013-04-30,113021688.40876809
2013-05-01,114360925.73805328
2013-05-02,123323425.71870488
2013-05-03,129031922.01397614
2013-05-04,114323349.48437741
2013-05-05,96716001.64339793
2013-05-06,112690465.87136222
2013-05-07,121341813.82893969
2013-05-08,120597615.54974727
2013-05-09,129925379.08839409
2013-05-10,129632149.35710637
2013-05-11,115820863.04655926
2013-05-12,105547522.42305404
2013-05-13,125233355.9282753
2013-05-14,130763141.19415726
2013-05-15,143220842.16872412
2013-05-16,155439016.22886276
2013-05-17,162561919.6436377
2013-05-18,168551314.78042483
2013-05-19,160836662.23318624
2013-05-20,155960636.77747267
2013-05-21,161134512.40966785
2013-05-22,170228067.65540868
2013-05-23,179494041.91197893
2013-05-24,181011368.3759202
2013-05-25,161254803.80778286
2013-05-26,132023677.65483175
2013-05-27,144874345.11775714
2013-05-28,153070516.19328094
2013-05-29,162323334.7750335
2013-05-30,180665367.8585989
2013-05-31,197663374.54297313
2013-06-01,207747003.11697274
2013-06-02,206482361.91680214
2013-06-03,195198944.18540913
2013-06-04,199277514.3902547
2013-06-05,205538363.10872105
2013-06-06,209859933.96811417
2013-06-07,227377952.12462315
2013-06-08,241655236.0718563
2013-06-09,247335527.68035346
2013-06-10,246833407.98427436
2013-06-11,245271178.63856766
2013-06-12,214672531.8758882
2013-06-13,216216809.8494417
2013-06-14,192956762.3117887
2013-06-15,146614852.34588277
2013-06-16,147701398.51253557
2013-06-17,162584301.38507974
2013-06-18,175996963.0806094
2013-06-19,197378695.86453032
2013-06-20,224648334.2761414
2013-06-21,241778701.4667834
2013-06-22,252317074.8444303
2013-06-23,258374877.16264686
2013-06-24,265457384.88331392
2013-06-25,263132343.86943144
2013-06-26,271198825.0220941
2013-06-27,249127568.01493746
2013-06-28,239204985.78271177
2013-06-29,232800513.9695381
2013-06-30,243874764.19953638
2013-07-01,232026188.48248172
2013-07-02,233346616.9562586
2013-07-03,258022926.26932317
2013-07-04,278673497.93315667
2013-07-05,284603193.4593568
2013-07-06,270050570.5068885
2013-07-07,269003033.28564185
2013-07-08,273081176.7450349
2013-07-09,227213370.08264267
2013-07-10,207776413.06362125
2013-07-11,259220500.00286525
2013-07-12,278365917.1145696
2013-07-13,298116839.41940814
2013-07-14,309319463.40445143
2013-07-15,279226911.560271
2013-07-16,287586674.48390305
2013-07-17,282896286.8674171
2013-07-18,304912801.4523417
2013-07-19,315576594.7985077
2013-07-20,266347318.42406604
2013-07-21,279102836.35142565
2013-07-22,291096947.61372703
2013-07-23,287306552.1861567
2013-07-24,288277762.39694434
2013-07-25,299089811.8073264
2013-07-26,329596975.41233903
2013-07-27,345337233.66509354
2013-07-28,348401907.2476624
2013-07-29,344766919.610781
2013-07-30,297741126.73844814
2013-07-31,308522223.51573634
2013-08-01,291167306.06036854
2013-08-02,248704323.0483788
2013-08-03,207432507.01481742
2013-08-04,240287455.49511236
2013-08-05,271728991.0441608
2013-08-06,293451954.30056524
2013-08-07,293593980.1796582
2013-08-08,299530734.81548375
2013-08-09,319364080.94711745
2013-08-10,307853075.2212154
2013-08-11,266557239.38755244
2013-08-12,264620684.56763294
2013-08-13,214152355.64040217
2013-08-14,132984387.93036774
2013-08-15,150541201.27751574
2013-08-16,183000135.54263017
2013-08-17,205280788.17767543
2013-08-18,235988953.40996096
2013-08-19,248790717.99922732
2013-08-20,269184489.3424532
2013-08-21,276341451.0854611
2013-08-22,284908424.4601352
2013-08-23,292069514.55165905
2013-08-24,282076273.4321422
2013-08-25,278587190.1192365
2013-08-26,294465725.3099267
2013-08-27,307448730.4246936
2013-08-28,280393906.4807218
2013-08-29,265629070.36202213
2013-08-30,271109829.5130455
2013-08-31,265874742.47988716
2013-09-01,265765293.95291948
2013-09-02,272327520.7096885
2013-09-03,271751934.4743182
2013-09-04,271281644.90046746
2013-09-05,273530871.15935194
2013-09-06,296907225.6781942
2013-09-07,308129676.1671682
2013-09-08,297025192.1352391
2013-09-09,280144775.8342686
2013-09-10,283890216.13644755
2013-09-11,290841707.398581
2013-09-12,257029342.12807456
2013-09-13,231194797.93687436
2013-09-14,241265747.58920243
2013-09-15,240404131.78549704
2013-09-16,235666603.32719833
2013-09-17,258402830.3786001
2013-09-18,273145532.54530513
2013-09-19,289921246.99122095
2013-09-20,291147273.78245735
2013-09-21,285352229.17891216
2013-09-22,285664139.493295
2013-09-23,267408616.21933252
2013-09-24,264898938.90610886
2013-09-25,270941341.33538735
2013-09-26,283951410.8294752
2013-09-27,271053624.56838995
2013-09-28,239756529.1617289
2013-09-29,238081337.1473599
2013-09-30,249816989.5774067
2013-10-01,241713411.28486624
2013-10-02,243246129.7583223
2013-10-03,257033041.73765084
2013-10-04,266765164.99266282
2013-10-05,267447469.0621749
2013-10-06,264576153.51473865
2013-10-07,262584490.8481383
2013-10-08,259065977.8136343
2013-10-09,252531565.47597238
2013-10-10,236049324.82561788
2013-10-11,225557614.51322976
2013-10-12,195467110.05017713
2013-10-13,149826241.43421486
2013-10-14,160644709.58357015
2013-10-15,177350250.62979984
2013-10-16,178279116.51242962
2013-10-17,154273036.4198038
2013-10-18,158822488.08174944
2013-10-19,174539497.35864875
2013-10-20,182600781.3886103
2013-10-21,189526257.45381954
2013-10-22,193099180.2129607
2013-10-23,187514533.9177182
2013-10-24,177007019.530166
2013-10-25,181746082.13554895
2013-10-26,171099252.52785864
2013-10-27,146142671.21806857
2013-10-28,155165084.86260298
2013-10-29,132219627.67827174
2013-10-30,99976642.09943803
2013-10-31,94516247.22214724
2013-11-01,102154369.0833139
2013-11-02,103580530.03309666
2013-11-03,114947046.72059758
2013-11-04,111260137.69865915
2013-11-05,87681757.17113788
2013-11-06,70755544.56987925
2013-11-07,62463557.07240327
2013-11-08,74243539.22814536
2013-11-09,79114144.39984624
2013-11-10,86450872.2978853
2013-11-11,87095226.06795996
2013-11-12,86782175.0906548
2013-11-13,74754449.63779236
2013-11-14,90077076.88684747
2013-11-15,94629308.35863893
2013-11-16,94966084.68917504
2013-11-17,96222110.55172254
2013-11-18,97869062.97820075
2013-11-19,92828863.68271993
2013-11-20,99478035.8500946
2013-11-21,98916357.06489503
2013-11-22,91471249.23562641
2013-11-23,91713498.14639087
2013-11-24,92910655.37842155
2013-11-25,93798476.38847362
2013-11-26,98640869.65751104
2013-11-27,97023675.66250253
2013-11-28,101407694.86342716
2013-11-29,103707234.81877173
2013-11-30,105615910.34684366
2013-12-01,105008522.23829465
2013-12-02,82935309.89944464
2013-12-03,97294858.95801659
2013-12-04,98351123.50734937
2013-12-05,96159236.0829481
2013-12-06,87164631.76394731
2013-12-07,66745564.4058726
2013-12-08,70591991.20426919
2013-12-09,74266372.11619642
2013-12-10,75265314.59840448
2013-12-11,66781431.26701712
2013-12-12,80936501.4036441
2013-12-13,86718226.35896778
2013-12-14,85931251.81415835
2013-12-15,87798950.57501242
2013-12-16,85260731.136053
2013-12-17,76187069.35453302
2013-12-18,76150542.96869567
2013-12-19,65965870.96891491
2013-12-20,79144327.02888611
2013-12-21,58791174.65566559
2013-12-22,50437585.232629344
2013-12-23,54616932.736540556
2013-12-24,58860999.74387023
2013-12-25,57349192.26461366
2013-12-26,63622400.75188107
2013-12-27,64703125.96179836
2013-12-28,58498701.20841316
2013-12-29,63404896.45736242
2013-12-30,70468923.8123635
2013-12-31,45969734.27090857
2014-01-01,55663464.00846049
2014-01-02,63651851.27011644
2014-01-03,64524054.6507973
2014-01-04,55676176.327016704
2014-01-05,58395593.18662385
2014-01-06,60282484.71335055
2014-01-07,61844198.243096575
2014-01-08,38806732.93785939
2014-01-09,45645181.94892281
2014-01-10,44734812.949441455
2014-01-11,56594815.209709115
2014-01-12,51901599.06056255
2014-01-13,46536927.72069005
2014-01-14,51278949.41164756
2014-01-15,57731212.300302275
2014-01-16,57658321.20816686
2014-01-17,57849164.18514432
2014-01-18,64611263.55512387
2014-01-19,68526798.26813564
2014-01-20,66169497.37521371
2014-01-21,58028167.99079421
2014-01-22,38616971.36070468
2014-01-23,51727096.55285347
2014-01-24,58840535.97454092
2014-01-25,51161648.99000339
2014-01-26,60169756.42026211
2014-01-27,66120295.64476476
2014-01-28,68522381.92814484
2014-01-29,72842684.51538603
2014-01-30,67213326.41934186
2014-01-31,67203417.01645161
2014-02-01,55827725.318365246
2014-02-02,49122538.52385895
2014-02-03,33493455.943675064
2014-02-04,40028472.364700906
2014-02-05,39735307.044543274
2014-02-06,33395687.133128494
2014-02-07,40996964.83454956
2014-02-08,50001240.414233245
2014-02-09,56412358.80905968
2014-02-10,54291569.980517894
2014-02-11,56448816.40616208
2014-02-12,61759942.6500877
2014-02-13,65688711.104970366
2014-02-14,57759619.16296203
2014-02-15,57378741.99154811
2014-02-16,69417903.77063753
2014-02-17,74497997.17941858
2014-02-18,76971597.81972155
2014-02-19,52934289.33048196
2014-02-20,56188825.14654364
2014-02-21,50789208.53545327
2014-02-22,57489888.51548718
2014-02-23,68538902.7118883
2014-02-24,66579941.9142974
2014-02-25,74417591.18329531
2014-02-26,65529096.89426706
2014-02-27,59021003.36913444
2014-02-28,70959052.65127642
2014-03-01,69304631.51528634
2014-03-02,73496774.67097653
2014-03-03,64332740.10471908
2014-03-04,64921212.754784405
2014-03-05,64026823.08050838
2014-03-06,79179155.36119053
2014-03-07,78570016.21802591
2014-03-08,80419627.47874822
2014-03-09,56592346.48920948
2014-03-10,42375994.25738292
2014-03-11,44132274.232883245
2014-03-12,66612208.06268395
2014-03-13,76206463.54362248
2014-03-14,71488900.00923967
2014-03-15,49665355.906368844
2014-03-16,60834392.747190595
2014-03-17,43757252.086547896
2014-03-18,49757509.46224228
2014-03-19,75651895.73757823
2014-03-20,78560478.87900062
2014-03-21,66105584.53194922
2014-03-22,83135449.17724797
2014-03-23,77381071.77568883
2014-03-24,56356813.254161865
2014-03-25,72699021.08330964
2014-03-26,81069117.20745972
2014-03-27,78190334.87771136
2014-03-28,54671578.738186926
2014-03-29,76198200.95799308
2014-03-30,89421940.25495334
2014-03-31,97480969.48823383
2014-04-01,102377391.22586462
2014-04-02,81707058.51396258
2014-04-03,99406895.29386318
2014-04-04,77452538.37664203
2014-04-05,71852552.31223541
2014-04-06,65685121.22727619
2014-04-07,69518506.98475063
2014-04-08,88516544.00373124
2014-04-09,99047368.21028124
2014-04-10,104466657.49478792
2014-04-11,104593103.55868582
2014-04-12,96089227.17459649
2014-04-13,89957295.88242076
2014-04-14,101004733.42553006
2014-04-15,96042156.22462218
2014-04-16,81088679.9218475
2014-04-17,81213211.82074589
2014-04-18,70833893.39039469
2014-04-19,69365578.58648358
2014-04-20,99586010.75861132
2014-04-21,94625074.03119414
2014-04-22,104866258.57354948
2014-04-23,107606714.47530156
2014-04-24,113634288.45187694
2014-04-25,105775077.67287678
2014-04-26,106194156.36894044
2014-04-27,119237721.61975226
2014-04-28,130269855.22783606
2014-04-29,134697019.77352494
2014-04-30,126281561.98997444
2014-05-01,134775584.20180234
2014-05-02,134664490.56222314
2014-05-03,128685654.65445091
2014-05-04,134452666.05168265
2014-05-05,118496683.88726878
2014-05-06,146764167.60873917
2014-05-07,157478933.76932552
2014-05-08,154256786.73644873
2014-05-09,170639048.77222663
2014-05-10,173811168.15462717
2014-05-11,144636918.04699355
2014-05-12,110099968.91866739
2014-05-13,106234695.23990715
2014-05-14,121966601.72542903
2014-05-15,143257785.83407277
2014-05-16,158626468.102299
2014-05-17,143990779.98345283
2014-05-18,154315856.8874437
2014-05-19,162151770.17480385
2014-05-20,154113510.86338645
2014-05-21,159530075.44546315
2014-05-22,143082485.49404758
2014-05-23,156759451.32719278
2014-05-24,171027478.39605755
2014-05-25,181232922.96242303
2014-05-26,187582540.24983317
2014-05-27,193639664.77802858
2014-05-28,206323009.90872437
2014-05-29,208412054.0484932
2014-05-30,172550489.00092444
2014-05-31,167006561.74315003
2014-06-01,136905338.9324823
2014-06-02,168710511.71337143
2014-06-03,188335779.05880144
2014-06-04,193275588.12988666
2014-06-05,202779143.18771142
2014-06-06,213041842.8073843
2014-06-07,212889881.93587708
2014-06-08,213703620.70105904
2014-06-09,224609674.3865591
2014-06-10,226289369.35022387
2014-06-11,232814100.92417255
2014-06-12,239696142.00208
2014-06-13,252162370.43415633
2014-06-14,259865593.38557935
2014-06-15,265716133.85106063
2014-06-16,262054083.25376344
2014-06-17,222587616.57787845
2014-06-18,187022719.35837716
2014-06-19,222888839.73379204
2014-06-20,235867598.86986712
2014-06-21,244270682.16442108
2014-06-22,224706632.87607166
2014-06-23,246821889.0506693
2014-06-24,260298023.66222912
2014-06-25,276365962.4915111
2014-06-26,283164812.10457224
2014-06-27,290892633.1547245
2014-06-28,300252403.4615523
2014-06-29,299197286.04444134
2014-06-30,296509554.06230134
2014-07-01,277616669.084627
2014-07-02,245640693.06736466
2014-07-03,189933659.49954477
2014-07-04,237151736.5264308
2014-07-05,267044444.18202984
2014-07-06,263345537.47223485
2014-07-07,274098255.113759
2014-07-08,299420263.2794927
2014-07-09,314294101.8787727
2014-07-10,314677869.7732165
2014-07-11,314899117.95077485
2014-07-12,302436393.6399964
2014-07-13,286185663.1780266
2014-07-14,291231359.68741894
2014-07-15,300454801.2855812
2014-07-16,271506615.81446135
2014-07-17,229480004.628908
2014-07-18,252516119.69942883
2014-07-19,281340477.1680827
2014-07-20,308613983.0494842
2014-07-21,328345887.12698585
2014-07-22,339839912.10166276
2014-07-23,325561789.7247453
2014-07-24,315288966.7828529
2014-07-25,302513656.3172743
2014-07-26,303977421.039593
2014-07-27,307272875.80013216
2014-07-28,319578677.18615794
2014-07-29,314955902.88478476
2014-07-30,313066943.4030305
2014-07-31,309169643.41517806
2014-08-01,291710543.3423538
2014-08-02,295506548.0062645
2014-08-03,309644731.4002885
2014-08-04,318383448.6015218
2014-08-05,326039514.51004404
2014-08-06,328616736.50916255
2014-08-07,317553432.6869033
2014-08-08,287747023.93880785
2014-08-09,286173178.3101208
2014-08-10,307814382.23284376
2014-08-11,313956427.78600144
2014-08-12,316141245.7451283
2014-08-13,314144554.51185745
2014-08-14,325218784.83218825
2014-08-15,292113193.74219066
2014-08-16,148279247.45360208
2014-08-17,228133029.46828464
2014-08-18,267576248.75371376
2014-08-19,307990571.7389727
2014-08-20,327366295.71245563
2014-08-21,327429304.5181919
2014-08-22,314435783.355803
2014-08-23,300064422.4171577
2014-08-24,292319892.8830423
2014-08-25,285366703.45223033
2014-08-26,254190087.44838938
2014-08-27,221810570.5796924
2014-08-28,233422157.92963392
2014-08-29,232941580.29944205
2014-08-30,251405430.69481552
2014-08-31,261634107.6726072
2014-09-01,269061421.91148806
2014-09-02,235884826.48060352
2014-09-03,174869562.37000284
2014-09-04,110826710.2064317
2014-09-05,100229965.73583396
2014-09-06,121770934.49601614
2014-09-07,167351338.3590201
2014-09-08,187945819.73170057
2014-09-09,200702207.1821535
2014-09-10,215873362.35357198
2014-09-11,224181402.8431956
2014-09-12,217057370.66985488
2014-09-13,228499935.1645043
2014-09-14,234549964.79662886
2014-09-15,247898580.61310607
2014-09-16,274019171.6211211
2014-09-17,291130293.281133
2014-09-18,288407077.89559877
2014-09-19,279158967.551142
2014-09-20,262216916.08524078
2014-09-21,258632021.0473179
2014-09-22,271341034.84830934
2014-09-23,275673535.709007
2014-09-24,266816764.62407732
2014-09-25,209409601.0874415
2014-09-26,250550305.0285766
2014-09-27,265120535.5243423
2014-09-28,258458622.25251308
2014-09-29,260725706.01562524
2014-09-30,263966930.57768947
2014-10-01,267503258.80991438
2014-10-02,268827262.187403
2014-10-03,269778732.6260783
2014-10-04,257250662.61617345
2014-10-05,235916406.27531642
2014-10-06,225735497.37970963
2014-10-07,204393683.21832886
2014-10-08,131796685.76835078
2014-10-09,155170672.62686253
2014-10-10,158061415.68109846
2014-10-11,164924034.82736957
2014-10-12,168177010.82513738
2014-10-13,144072510.20586014
2014-10-14,139703379.40882537
2014-10-15,140574599.03328452
2014-10-16,148940304.55419058
2014-10-17,161419512.31831893
2014-10-18,172461695.47313043
2014-10-19,156746498.43917072
2014-10-20,120981780.25353229
2014-10-21,142709141.88281426
2014-10-22,158422023.6853655
2014-10-23,152894889.31855193
2014-10-24,141048642.91617352
2014-10-25,144286447.4576679
2014-10-26,151972973.78897026
2014-10-27,152848904.7065147
2014-10-28,118798032.28962563
2014-10-29,115442500.81889369
2014-10-30,115461840.53451574
2014-10-31,125244737.37444502
2014-11-01,133285026.67519572
2014-11-02,127851235.7432801
2014-11-03,110257929.39264964
2014-11-04,90243127.68588962
2014-11-05,99459664.28378041
2014-11-06,95321969.27076185
2014-11-07,62346071.82346521
2014-11-08,59513643.4711643
2014-11-09,64422139.10386415
2014-11-10,70667538.38656537
2014-11-11,73771772.96118365
2014-11-12,76289696.64375216
2014-11-13,76557008.59690407
2014-11-14,79649163.28482375
2014-11-15,81557565.29396679
2014-11-16,81881077.28455162
2014-11-17,83542550.76929238
2014-11-18,82668959.92484704
2014-11-19,84238055.28675295
2014-11-20,83954238.3558351
2014-11-21,82747384.69025904
2014-11-22,82652398.5739013
2014-11-23,87027062.73130876
2014-11-24,83349602.44994412
2014-11-25,77276478.81621188
2014-11-26,85083783.86251926
2014-11-27,56014302.316077664
2014-11-28,69345548.90975916
2014-11-29,71548553.67803523
2014-11-30,63766634.75894464
2014-12-01,71826588.55320832
2014-12-02,70846655.76140961
2014-12-03,76731885.80636919
2014-12-04,74963682.05330679
2014-12-05,73892363.75353426
2014-12-06,78142653.82804163
2014-12-07,76497252.32787777
2014-12-08,70743650.81180426
2014-12-09,67911088.55684231
2014-12-10,71832957.15875764
2014-12-11,76111696.57431394
2014-12-12,61439701.248536505
2014-12-13,52612946.87466924
2014-12-14,53490807.01034281
2014-12-15,58341561.231835976
2014-12-16,67896886.7904707
2014-12-17,70727169.00362538
2014-12-18,70923486.07824606
2014-12-19,64858007.51530478
2014-12-20,61407729.20014115
2014-12-21,49032752.44319093
2014-12-22,39748469.83441654
2014-12-23,40499604.99188811
2014-12-24,50132035.22287781
2014-12-25,54287214.97846686
2014-12-26,56943147.24058103
2014-12-27,63516081.92936686
2014-12-28,65028394.990010746
2014-12-29,64148523.05619553
2014-12-30,55459865.0489743
2014-12-31,51448827.87684968
2015-01-01,64823447.089376085
2015-01-02,68030130.11206838
2015-01-03,55920188.426401734
2015-01-04,55275060.22110517
2015-01-05,54020237.88743392
2015-01-06,54049715.23324523
2015-01-07,60624847.416445725
2015-01-08,65358641.333257295
2015-01-09,66596092.05837841
2015-01-10,68384881.7012092
2015-01-11,60377273.841576174
2015-01-12,59756712.465022214
2015-01-13,38884868.6623818
2015-01-14,48668377.606028534
2015-01-15,56575567.191072084
2015-01-16,61852585.734484516
2015-01-17,64419399.93562352
2015-01-18,65248348.10525608
2015-01-19,65712903.37950926
2015-01-20,57718888.33975181
2015-01-21,45389328.27721452
2015-01-22,39420053.125763126
2015-01-23,46137326.837950796
2015-01-24,42162139.33439932
2015-01-25,48440764.997466035
2015-01-26,46727408.33531582
2015-01-27,43347850.075875975
2015-01-28,52759515.9606687
2015-01-29,48655163.24478055
2015-01-30,57435260.94654288
2015-01-31,57784843.97297514
2015-02-01,41598370.4720796
2015-02-02,39073672.246470675
2015-02-03,36936146.55823431
2015-02-04,54623488.10753386
2015-02-05,60629272.920538016
2015-02-06,59587953.30542446
2015-02-07,53980886.997947715
2015-02-08,49753994.57134517
2015-02-09,63954349.05109808
2015-02-10,69387256.80534309
2015-02-11,68878746.66875914
2015-02-12,73224005.34672663
2015-02-13,72876270.28055042
2015-02-14,76584687.1618878
2015-02-15,76706163.47007157
2015-02-16,39865737.01877002
2015-02-17,53110637.722710304
2015-02-18,47344134.02922871
2015-02-19,38278976.56250772
2015-02-20,40595819.365807146
2015-02-21,52327147.168632336
2015-02-22,57996597.0452332
2015-02-23,48424741.41083698
2015-02-24,38948036.79092654
2015-02-25,31852419.176273614
2015-02-26,52268344.158500135
2015-02-27,58789456.53371146
2015-02-28,57867092.67958614
2015-03-01,41961873.38414848
2015-03-02,36022283.0600575
2015-03-03,50529515.98924571
2015-03-04,59205561.03358574
2015-03-05,44983180.42554574
2015-03-06,63564442.105108164
2015-03-07,53416554.80453368
2015-03-08,50996888.32497702
2015-03-09,63489321.637098655
2015-03-10,74351621.49841362
2015-03-11,67831290.24798858
2015-03-12,76626148.87796277
2015-03-13,82090709.93200348
2015-03-14,81450387.97836913
2015-03-15,62662579.53040687
2015-03-16,58534895.167997465
2015-03-17,71966299.31525756
2015-03-18,83678845.90509231
2015-03-19,90357557.8414625
2015-03-20,88546927.25947613
2015-03-21,94833118.23874186
2015-03-22,100503320.19574213
2015-03-23,105963838.29418911
2015-03-24,93584122.13473055
2015-03-25,91906643.31428714
2015-03-26,93941637.54889679
2015-03-27,100891642.06456612
2015-03-28,74835037.88192862
2015-03-29,48450262.56785704
2015-03-30,74155540.54272011
2015-03-31,70653528.2754148
2015-04-01,49313208.030649
2015-04-02,72674031.801621
2015-04-03,62273822.09144065
2015-04-04,80365202.55714595
2015-04-05,90728454.35922529
2015-04-06,96054423.98999533
2015-04-07,87709390.19045003
2015-04-08,93829191.01532196
2015-04-09,104557061.24345869
2015-04-10,112817573.86756805
2015-04-11,109618154.8789179
2015-04-12,117470559.83428353
2015-04-13,124966418.53462973
2015-04-14,126423498.30547923
2015-04-15,112838580.4173997
2015-04-16,102348690.37986217
2015-04-17,117643670.07059506
2015-04-18,118815004.45052913
2015-04-19,83882275.45894901
2015-04-20,75448117.97111067
2015-04-21,99880548.90005566
2015-04-22,111698379.79950152
2015-04-23,119517101.98629971
2015-04-24,124657618.05838455
2015-04-25,128365989.3327898
2015-04-26,128749105.45100597
2015-04-27,87527804.67095067
2015-04-28,115140077.62789007
2015-04-29,124419540.98358285
2015-04-30,83950759.03782344
2015-05-01,112990261.80383587
2015-05-02,120017043.96471477
2015-05-03,129096974.25690337
2015-05-04,133677657.19939385
2015-05-05,137511125.4861598
2015-05-06,144113421.41014713
2015-05-07,141157016.32342398
2015-05-08,142249611.48278195
2015-05-09,143747406.44752464
2015-05-10,149847091.16938373
2015-05-11,137147515.53566256
2015-05-12,116980835.01446591
2015-05-13,127159600.77852958
2015-05-14,131118053.13355961
2015-05-15,156812603.7541557
2015-05-16,167806574.98369598
2015-05-17,161387039.74021953
2015-05-18,162245513.9417754
2015-05-19,171311054.01244307
2015-05-20,183054627.2725
2015-05-21,195109263.10159752
2015-05-22,199082424.10049626
2015-05-23,193603107.99641338
2015-05-24,160582026.90908417
2015-05-25,152777444.111721
2015-05-26,132319387.21670857
2015-05-27,159364405.78130546
2015-05-28,168913679.3106686
2015-05-29,151483719.37145096
2015-05-30,166421960.0534207
2015-05-31,172730588.39688542
2015-06-01,171863270.8770281
2015-06-02,179490668.24107322
2015-06-03,161731336.65453172
2015-06-04,138961352.19396892
2015-06-05,126602192.75093123
2015-06-06,158953615.69431135
2015-06-07,187185239.1060888
2015-06-08,196525686.40638673
2015-06-09,200821858.54681543
2015-06-10,201721813.75406528
2015-06-11,207473300.7577975
2015-06-12,216815812.07041332
2015-06-13,222747559.81480613
2015-06-14,226568093.95312485
2015-06-15,219917525.03889406
2015-06-16,216885775.0116904
2015-06-17,233402361.17714643
2015-06-18,247498501.79601476
2015-06-19,259288204.36500213
2015-06-20,251650906.57143182
2015-06-21,234012142.54408622
2015-06-22,244410156.8419119
2015-06-23,235637147.6893149
2015-06-24,131058518.29371476
2015-06-25,131207805.57406321
2015-06-26,187191483.37824962
2015-06-27,215550110.85101894
2015-06-28,233815056.2424671
2015-06-29,239064625.7714683
2015-06-30,221282977.2304611
2015-07-01,236296388.3705879
2015-07-02,247241125.72198167
2015-07-03,276053402.1056571
2015-07-04,293955439.8560994
2015-07-05,286420247.89766276
2015-07-06,264094200.20736283
2015-07-07,259099406.039626
2015-07-08,275251336.44566804
2015-07-09,278027598.340412
2015-07-10,217646718.04888168
2015-07-11,180876799.90303978
2015-07-12,206012126.87516677
2015-07-13,230390622.60901693
2015-07-14,260505270.95700565
2015-07-15,280554585.6968919
2015-07-16,286958085.5934264
2015-07-17,222472561.09442058
2015-07-18,217796211.76645604
2015-07-19,206802363.4758305
2015-07-20,238637473.12715945
2015-07-21,241934989.18226033
2015-07-22,239401177.51612407
2015-07-23,260482450.0856815
2015-07-24,277924767.9179042
2015-07-25,279601829.012123
2015-07-26,215580483.76654017
2015-07-27,227666251.68460417
2015-07-28,266066481.63770047
2015-07-29,283316923.07358205
2015-07-30,288811927.2195491
2015-07-31,270382195.7856798
2015-08-01,241402581.67892817
2015-08-02,229550350.00950155
2015-08-03,192019445.84976432
2015-08-04,193256330.7327777
2015-08-05,246776818.92709044
2015-08-06,287887562.33478117
2015-08-07,302566979.32570475
2015-08-08,301679485.70198524
2015-08-09,281434118.6627543
2015-08-10,272402935.1645475
2015-08-11,293955292.4921918
2015-08-12,285320627.84568095
2015-08-13,287631866.6779498
2015-08-14,291688792.87335926
2015-08-15,286172433.627019
2015-08-16,281034996.38995177
2015-08-17,287671641.09243083
2015-08-18,312418531.75865126
2015-08-19,342266620.7839348
2015-08-20,328611308.16647786
2015-08-21,293624569.030628
2015-08-22,279102094.3603751
2015-08-23,282964178.81153494
2015-08-24,278430181.6734021
2015-08-25,308866699.06359285
2015-08-26,320075249.50498897
2015-08-27,312307704.5547652
2015-08-28,305558483.4731789
2015-08-29,302233659.603078
2015-08-30,302621548.21525
2015-08-31,260596957.2206494
2015-09-01,287402706.0584552
2015-09-02,306502289.3012495
2015-09-03,283736709.61120087
2015-09-04,282673769.56239074
2015-09-05,274331633.6622734
2015-09-06,257761524.82240203
2015-09-07,254380192.8097896
2015-09-08,266677415.63231888
2015-09-09,288333407.64727354
2015-09-10,287189458.7350308
2015-09-11,293280389.7467685
2015-09-12,296427364.71351385
2015-09-13,297236395.6997359
2015-09-14,286381555.7086871
2015-09-15,271895603.09535056
2015-09-16,264316064.00472656
2015-09-17,263545663.66078958
2015-09-18,269582411.493479
2015-09-19,271095839.42360467
2015-09-20,226848739.73080367
2015-09-21,232044006.58303285
2015-09-22,68542972.2118131
2015-09-23,72201745.48159516
2015-09-24,115054431.88090684
2015-09-25,131885395.30505905
2015-09-26,135471036.88283217
2015-09-27,133713044.86696383
2015-09-28,138203450.08812237
2015-09-29,129655716.30910015
2015-09-30,146247495.70968592
2015-10-01,160055234.82157972
2015-10-02,167585043.14065075
2015-10-03,170020921.39247054
2015-10-04,174172083.67955127
2015-10-05,179229017.14185455
2015-10-06,183769158.0905947
2015-10-07,189283963.21432745
2015-10-08,201437997.68297997
2015-10-09,209720446.87824997
2015-10-10,211377534.44653508
2015-10-11,212001865.144652
2015-10-12,208859508.29036015
2015-10-13,210411773.17884207
2015-10-14,189144194.0830505
2015-10-15,182214958.60649163
2015-10-16,191445275.8328503
2015-10-17,187710605.59650242
2015-10-18,174861543.20914122
2015-10-19,88263661.94834019
2015-10-20,97776355.22042212
2015-10-21,111705760.14782786
2015-10-22,113226368.08786166
2015-10-23,119059957.08250086
2015-10-24,78767566.8172935
2015-10-25,50463119.2321871
2015-10-26,60559660.12621645
2015-10-27,80090868.4848011
2015-10-28,89533875.95887633
2015-10-29,92588765.28503934
2015-10-30,94255947.16933817
2015-10-31,96560580.12001516
2015-11-01,92846990.71238475
2015-11-02,80726346.76098706
2015-11-03,66654666.5100878
2015-11-04,40327447.042320944
2015-11-05,57724897.21049873
2015-11-06,69665351.38418794
2015-11-07,66991975.08074061
2015-11-08,67750485.2752053
2015-11-09,53008848.82406016
2015-11-10,54242039.86862324
2015-11-11,62421434.797746144
2015-11-12,56258065.569347054
2015-11-13,46927726.2800564
2015-11-14,56357935.68178619
2015-11-15,56023494.54337665
2015-11-16,61541210.948459536
2015-11-17,66069132.22292952
2015-11-18,66518239.34924457
2015-11-19,65327800.84006601
2015-11-20,61826753.68224204
2015-11-21,66956661.47438686
2015-11-22,60226002.16528039
2015-11-23,55724235.835175365
2015-11-24,61974660.51884521
2015-11-25,48062020.35450348
2015-11-26,42011745.54013689
2015-11-27,54369265.86666947
2015-11-28,60092772.129510485
2015-11-29,59235909.60541262
2015-11-30,61905968.68126017
2015-12-01,64275355.61781139
2015-12-02,66046400.721257925
2015-12-03,66463199.05188519
2015-12-04,65404756.99810168
2015-12-05,65482998.15069255
2015-12-06,61006360.24799076
2015-12-07,58442497.5457074
2015-12-08,55097297.28557648
2015-12-09,42849105.18881285
2015-12-10,35945086.4698154
2015-12-11,31272526.87461626
2015-12-12,44461160.662953414
2015-12-13,46133377.711372174
2015-12-14,47895738.410264164
2015-12-15,51131682.950583406
2015-12-16,50920738.36650807
2015-12-17,46334990.6349307
2015-12-18,53165006.74852431
2015-12-19,50610737.05365416
2015-12-20,49798072.75498658
2015-12-21,55561008.71772489
2015-12-22,40500007.07000981
2015-12-23,43189346.90968276
2015-12-24,53164762.5821696
2015-12-25,48075379.42276773
2015-12-26,38895283.14065524
2015-12-27,40415499.97754787
2015-12-28,43954226.41928154
2015-12-29,49119258.38874213
2015-12-30,52359354.020880155
2015-12-31,54965334.47830788
2016-01-01,51245327.82509122
2016-01-02,55463906.457788646
2016-01-03,56686674.033330776
2016-01-04,33261354.539251138
2016-01-05,44876299.42563551
2016-01-06,47934372.10556041
2016-01-07,45834757.425210506
2016-01-08,43745347.7871927
2016-01-09,53092753.667118356
2016-01-10,56130697.21514043
2016-01-11,56722179.53493346
2016-01-12,44254725.04649456
2016-01-13,58468750.56126346
2016-01-14,48982949.113438234
2016-01-15,55420798.558693744
2016-01-16,63376867.85681321
2016-01-17,65467881.81467335
2016-01-18,51453902.847496584
2016-01-19,61080942.75529085
2016-01-20,69105215.60305226
2016-01-21,71484900.2725038
2016-01-22,73763737.01789908
2016-01-23,76039007.51303568
2016-01-24,78336502.54267702
2016-01-25,76793423.81235124
2016-01-26,52960174.74699669
2016-01-27,56626304.3919179
2016-01-28,59794962.64366839
2016-01-29,39308445.793485135
2016-01-30,46974172.15528003
2016-01-31,53819243.90974678
2016-02-01,60346844.661002085
2016-02-02,64780311.20882458
2016-02-03,67620246.02634357
2016-02-04,64828942.52751511
2016-02-05,64899338.156858094
2016-02-06,61921024.466918066
2016-02-07,67094211.64095216
2016-02-08,75736083.0603987
2016-02-09,72615932.1453634
2016-02-10,52772284.05004361
2016-02-11,39831208.24228228
2016-02-12,57382299.5064033
2016-02-13,58545310.46894446
2016-02-14,59438702.40115946
2016-02-15,63265355.96762632
2016-02-16,69551128.54891889
2016-02-17,74194525.25535373
2016-02-18,77569619.93480805
2016-02-19,54228451.31625134
2016-02-20,57311291.53927576
2016-02-21,67273577.48867899
2016-02-22,70616246.94710958
2016-02-23,76667796.59166239
2016-02-24,79911597.07721989
2016-02-25,83217664.39337645
2016-02-26,86499221.9062519
2016-02-27,90462015.59931847
2016-02-28,93757449.59527297
2016-02-29,95347176.07149051
2016-03-01,96282155.90709834
2016-03-02,96184399.96568608
2016-03-03,90264826.97610511
2016-03-04,99715131.07606287
2016-03-05,96540168.54010014
2016-03-06,91792723.87433404
2016-03-07,107970415.36538589
2016-03-08,115353251.85052347
2016-03-09,119170341.35606766
2016-03-10,121652610.71959333
2016-03-11,78509245.16834073
2016-03-12,59059877.43257147
2016-03-13,64809940.35962068
2016-03-14,67010899.051523186
2016-03-15,81463517.20486781
2016-03-16,81391533.04220885
2016-03-17,49687177.428803176
2016-03-18,54226769.86448891
2016-03-19,54889556.38118786
2016-03-20,57702889.57659025
2016-03-21,78642121.33688724
2016-03-22,89287435.76075421
2016-03-23,82013105.72152767
2016-03-24,67604117.44349885
2016-03-25,51311077.84811625
2016-03-26,60224926.83202365
2016-03-27,83299564.64906335
2016-03-28,87692581.49429694
2016-03-29,93145146.0600913
2016-03-30,97931403.21882746
2016-03-31,73253401.23553535
2016-04-01,82032054.05464897
2016-04-02,59614196.29709142
2016-04-03,50016063.75578243
2016-04-04,76602457.45997946
2016-04-05,83880904.68276311
2016-04-06,78380277.2903722
2016-04-07,96003781.6614461
2016-04-08,99630389.03317243
2016-04-09,72034584.30164501
2016-04-10,94671572.8491966
2016-04-11,81254796.4696072
2016-04-12,103462795.81911172
2016-04-13,109118252.87605639
2016-04-14,116568599.68823127
2016-04-15,101965236.98286645
2016-04-16,116493737.73512138
2016-04-17,83947128.98637123
2016-04-18,106783664.76643191
2016-04-19,92033166.20084026
2016-04-20,111970583.9808356
2016-04-21,107576807.802869
2016-04-22,105170283.07450548
2016-04-23,111339587.77732405
2016-04-24,120804370.26652743
2016-04-25,128176718.3542552
2016-04-26,121007375.15119006
2016-04-27,121459974.46772923
2016-04-28,132744694.57661515
2016-04-29,143743676.7889475
2016-04-30,150842583.2775146
2016-05-01,156284856.56411454
2016-05-02,159378890.86688748
2016-05-03,133752762.09490967
2016-05-04,114422069.78532276
2016-05-05,116610748.36630794
2016-05-06,141765533.54990625
2016-05-07,154806140.07836688
2016-05-08,161344301.5834748
2016-05-09,163636978.2053409
2016-05-10,168510556.49777007
2016-05-11,141584093.18429497
2016-05-12,139129926.57987577
2016-05-13,151000860.82148254
2016-05-14,160296357.2107174
2016-05-15,161868154.61810508
2016-05-16,164463177.6038445
2016-05-17,180110661.1203453
2016-05-18,194950588.703555
2016-05-19,197880363.95640075
2016-05-20,197440228.27440855
2016-05-21,209989814.39505166
2016-05-22,222289270.89666665
2016-05-23,198876188.89601737
2016-05-24,131994430.10261926
2016-05-25,153542121.28466973
2016-05-26,174188808.0751189
2016-05-27,196581591.46214616
2016-05-28,203887216.08701393
2016-05-29,204083156.66410393
2016-05-30,204531072.56897053
2016-05-31,219963289.1962238
2016-06-01,227531296.8506494
2016-06-02,206300854.10575134
2016-06-03,195501325.66047964
2016-06-04,213937856.921734
2016-06-05,227058361.14608237
2016-06-06,234358671.54625064
2016-06-07,239158037.2828311
2016-06-08,241324377.98028502
2016-06-09,247061106.05376562
2016-06-10,230720565.93657804
2016-06-11,217933726.79882592
2016-06-12,220136531.67860207
2016-06-13,230582648.98886496
2016-06-14,257766848.6451466
2016-06-15,257107647.37283397
2016-06-16,229651450.71046895
2016-06-17,255283090.12567607
2016-06-18,265835956.46387923
2016-06-19,271683974.60446644
2016-06-20,271737026.3553601
2016-06-21,262032056.62453738
2016-06-22,250534339.90326986
2016-06-23,276687918.7661498
2016-06-24,298914244.46397424
2016-06-25,300405376.7075632
2016-06-26,298785493.6586098
2016-06-27,287769892.6334972
2016-06-28,255534127.18666863
2016-06-29,282899289.01324373
2016-06-30,297348581.1540043
2016-07-01,304687569.2047038
2016-07-02,299814074.3175841
2016-07-03,248241620.33216354
2016-07-04,299787148.2927152
2016-07-05,317398440.9412014
2016-07-06,292204625.12408775
2016-07-07,299343214.8824865
2016-07-08,327975798.04770017
2016-07-09,304087813.7633423
2016-07-10,288078400.0686635
2016-07-11,290678003.8882623
2016-07-12,289826135.8207118
2016-07-13,279819838.00157535
2016-07-14,272133712.30022687
2016-07-15,243132316.90605232
2016-07-16,260496052.24026576
2016-07-17,281128279.5394947
2016-07-18,261884099.33119276
2016-07-19,282646225.18093866
2016-07-20,336325486.1445534
2016-07-21,346598618.71613544
2016-07-22,309316394.36384904
2016-07-23,325941449.3336212
2016-07-24,339454505.3681816
2016-07-25,339178822.8702678
2016-07-26,326224222.02493864
2016-07-27,232912903.4888922
2016-07-28,259100230.8741585
2016-07-29,295135668.253432
2016-07-30,295730102.1998091
2016-07-31,297855645.1878551
2016-08-01,314130345.73227334
2016-08-02,303723583.3380698
2016-08-03,290263514.36987215
2016-08-04,297040122.04749304
2016-08-05,293174782.4920443
2016-08-06,295996678.8874313
2016-08-07,218115898.2910114
2016-08-08,233387517.35157776
2016-08-09,265221225.4518693
2016-08-10,283529560.14574623
2016-08-11,270240151.5405925
2016-08-12,276804124.9504987
2016-08-13,292400285.26082844
2016-08-14,308264846.35359865
2016-08-15,299017301.8642375
2016-08-16,297048467.64337283
2016-08-17,303455288.5110812
2016-08-18,293821462.86911464
2016-08-19,301672611.08707845
2016-08-20,283403164.0688828
2016-08-21,291897495.58355105
2016-08-22,280995623.41483736
2016-08-23,281912026.7673677
2016-08-24,288350034.81280327
2016-08-25,252937058.5958121
2016-08-26,251675750.74405184
2016-08-27,212151390.55854115
2016-08-28,215490139.39943916
2016-08-29,241822943.19471356
2016-08-30,246237721.39542794
2016-08-31,254733094.329646
2016-09-01,254569196.71588257
2016-09-02,237787547.18535286
2016-09-03,262637024.14723238
2016-09-04,284942772.9444955
2016-09-05,278985996.67303365
2016-09-06,268838337.10668147
2016-09-07,277519395.92407477
2016-09-08,291987485.5198672
2016-09-09,303253827.8552179
2016-09-10,294989581.66527313
2016-09-11,285177309.48517984
2016-09-12,248897463.92706513
2016-09-13,251130515.5921626
2016-09-14,252365321.4399406
2016-09-15,253222331.86553857
2016-09-16,264424729.20837927
2016-09-17,277303522.8332363
2016-09-18,286222787.4004559
2016-09-19,295157240.06132543
2016-09-20,281094798.7819411
2016-09-21,246080233.22829372
2016-09-22,231672742.47181496
2016-09-23,253932143.21162072
2016-09-24,254465669.88614672
2016-09-25,259690175.7657871
2016-09-26,273087193.06851447
2016-09-27,277769835.56682384
2016-09-28,280382409.3958894
2016-09-29,264608374.07372665
2016-09-30,255971937.72841203
2016-10-01,258201649.0272128
2016-10-02,252287161.66720477
2016-10-03,249278512.1710542
2016-10-04,247673551.35963133
2016-10-05,227288937.6387259
2016-10-06,207467305.32197192
2016-10-07,210754506.24689087
2016-10-08,199923092.45172623
2016-10-09,194126465.13338536
2016-10-10,201247958.61044383
2016-10-11,222011693.59079158
2016-10-12,217703209.8207266
2016-10-13,216240531.57906684
2016-10-14,214949879.55771634
2016-10-15,221786845.56496513
2016-10-16,227108363.90601507
2016-10-17,222741403.1299741
2016-10-18,223320317.70612714
2016-10-19,201530481.987435
2016-10-20,191288870.03006628
2016-10-21,168950168.89175844
2016-10-22,172194378.54076818
2016-10-23,172603976.51530236
2016-10-24,169249379.5155844
2016-10-25,168164423.50079212
2016-10-26,158168447.81314817
2016-10-27,162911520.84814203
2016-10-28,170893688.4567046
2016-10-29,177451052.13895497
2016-10-30,164629479.74920043
2016-10-31,167553433.9557782
2016-11-01,172356054.48200476
2016-11-02,179248395.6182179
2016-11-03,180826416.2003369
2016-11-04,133668959.70081249
2016-11-05,153175372.57684785
2016-11-06,151669865.39259914
2016-11-07,164173602.10340574
2016-11-08,169428987.208051
2016-11-09,170624971.02457705
2016-11-10,162758385.38449582
2016-11-11,155059887.15266716
2016-11-12,147282849.90032545
2016-11-13,158774308.58891773
2016-11-14,160877264.4712444
2016-11-15,159050169.5891309
2016-11-16,154983217.2856551
2016-11-17,154595977.41652206
2016-11-18,155164967.7982808
2016-11-19,155789078.61734074
2016-11-20,105152207.96563804
2016-11-21,66274369.03961212
2016-11-22,72450014.0889203
2016-11-23,68512757.43924151
2016-11-24,60033292.39728387
2016-11-25,53927371.587734
2016-11-26,48404645.82920326
2016-11-27,58341870.43926002
2016-11-28,63700186.798351005
2016-11-29,52745932.94658603
2016-11-30,45455534.006882474
2016-12-01,55129910.15481316
2016-12-02,62466087.339506604
2016-12-03,64261708.66314183
2016-12-04,63700761.53294273
2016-12-05,67435962.36415151
2016-12-06,68580287.9432378
2016-12-07,68571992.71669382
2016-12-08,69881201.9619105
2016-12-09,69019810.5495755
2016-12-10,60357304.40341373
2016-12-11,53965666.44118907
2016-12-12,52431439.529166974
2016-12-13,57379911.920816444
2016-12-14,63225395.532817096
2016-12-15,55743471.72881063
2016-12-16,64106693.45759149
2016-12-17,66767451.361176506
2016-12-18,67969371.57321757
2016-12-19,64733404.01107699
2016-12-20,69696401.75483017
2016-12-21,70594615.51704665
2016-12-22,68775439.36217804
2016-12-23,62069516.0406777
2016-12-24,62434056.84184591
2016-12-25,65103809.612578414
2016-12-26,69558978.01097846
2016-12-27,68204422.22335084
2016-12-28,69688312.69274004
2016-12-29,65369515.27618718
2016-12-30,69250476.20265917
2016-12-31,68564699.32388648
2017-01-01,72786342.98183352
2017-01-02,75450880.14998296
2017-01-03,53710073.36160894
2017-01-04,35801109.09941216
2017-01-05,43890599.01770077
2017-01-06,31323538.614062797
2017-01-07,35418432.16649134
2017-01-08,41699151.2893645
2017-01-09,46074290.071736924
2017-01-10,50952535.04809109
2017-01-11,55731583.58693942
2017-01-12,58227635.932952866
2017-01-13,50411089.77924462
2017-01-14,50128441.38807691
2017-01-15,47291187.70918307
2017-01-16,41966134.58748637
2017-01-17,45882094.6240976
2017-01-18,40882110.58581103
2017-01-19,48880573.222295165
2017-01-20,57570258.2179713
2017-01-21,45475718.497406855
2017-01-22,44725076.09060792
2017-01-23,43288972.57968248
2017-01-24,27597444.163533576
2017-01-25,19478217.409091465
2017-01-26,20418522.996511333
2017-01-27,37530447.50542394
2017-01-28,29795607.255341392
2017-01-29,33439708.118072577
2017-01-30,33715035.69130494
2017-01-31,44661859.930482894
2017-02-01,49021415.00863414
2017-02-02,43258313.3678496
2017-02-03,30892789.24113173
2017-02-04,27555313.004975542
2017-02-05,33610323.57814387
2017-02-06,48196084.92329992
2017-02-07,51629980.09973484
2017-02-08,37802388.33921715
2017-02-09,50870415.89513557
2017-02-10,58231114.13857095
2017-02-11,57615179.73645183
2017-02-12,60202358.711338885
2017-02-13,65498253.08959289
2017-02-14,57938777.931985795
2017-02-15,42357962.72829686
2017-02-16,53451809.03516011
2017-02-17,51051377.75627515
2017-02-18,36547187.98880843
2017-02-19,38924504.528441496
2017-02-20,51532149.54559162
2017-02-21,53959848.3811082
2017-02-22,62621150.40981459
2017-02-23,67249906.84143813
2017-02-24,70072309.89080676
2017-02-25,66795700.32211634
2017-02-26,75944545.90521227
2017-02-27,80457965.12807046
2017-02-28,62866192.12266989
2017-03-01,57918037.96299329
2017-03-02,68684227.75515535
2017-03-03,72958933.41528958
2017-03-04,76717221.95349936
2017-03-05,84357185.6819196
2017-03-06,84448860.64707784
2017-03-07,64060940.09109565
2017-03-08,62887340.12252277
2017-03-09,61530094.8855422
2017-03-10,64013051.05855515
2017-03-11,68816353.1360011
2017-03-12,80182532.60105969
2017-03-13,79793918.54172526
2017-03-14,83555641.56357208
2017-03-15,70952069.2050301
2017-03-16,73042067.51528497
2017-03-17,83221881.75273879
2017-03-18,89406284.0524466
2017-03-19,91555596.91777194
2017-03-20,96968434.30395734
2017-03-21,68204548.95647891
2017-03-22,52541026.37553089
2017-03-23,69504166.46003062
2017-03-24,82858379.01301715
2017-03-25,71155122.92885372
2017-03-26,88063038.73834658
2017-03-27,85641039.49462223
2017-03-28,64159402.4062631
2017-03-29,82301043.7808799
2017-03-30,89185587.05026901
2017-03-31,83649909.11341666
2017-04-01,85432976.92214799
2017-04-02,88848398.11646737
2017-04-03,98608170.40747155
2017-04-04,65921656.85431315
2017-04-05,60231042.82019947
2017-04-06,47272504.508245535
2017-04-07,64230262.028692126
2017-04-08,81348864.00892553
2017-04-09,93258471.0697652
2017-04-10,99336799.07633546
2017-04-11,104011085.25148623
2017-04-12,108891964.41621973
2017-04-13,103344355.8154451
2017-04-14,114057044.08983992
2017-04-15,118513880.67515612
2017-04-16,123972552.73225045
2017-04-17,129045606.93451738
2017-04-18,128985825.2145591
2017-04-19,105919027.06243989
2017-04-20,111556264.14883673
2017-04-21,105795872.43245327
2017-04-22,89214099.3984672
2017-04-23,92454726.57677461
2017-04-24,88143012.92757507
2017-04-25,110244286.48299818
2017-04-26,118257323.5328669
2017-04-27,122421185.84682694
2017-04-28,129069893.12337144
2017-04-29,101278919.31398661
2017-04-30,112477782.57607423
2017-05-01,126799050.38032551
2017-05-02,124945796.77169259
2017-05-03,115444027.2386988
2017-05-04,129505992.67274001
2017-05-05,134355220.93905187
2017-05-06,136693990.59483814
2017-05-07,133106533.70507288
2017-05-08,134573649.8779367
2017-05-09,140660940.3944179
2017-05-10,138234094.8188124
2017-05-11,136968654.2552237
2017-05-12,155440220.97494617
2017-05-13,158585330.22700274
2017-05-14,166314504.33588746
2017-05-15,167406343.60862902
2017-05-16,161249069.56761357
2017-05-17,134083353.68842049
2017-05-18,166072907.6602475
2017-05-19,185101065.72902855
2017-05-20,190452699.93613413
2017-05-21,195938063.5919173
2017-05-22,167331460.70315427
2017-05-23,207824336.03369668
2017-05-24,211979884.49466074
2017-05-25,224205109.04162496
2017-05-26,225905043.1855804
2017-05-27,237247390.47399014
2017-05-28,247175219.51577348
2017-05-29,251240467.1311654
2017-05-30,251827218.37538072
2017-05-31,212173689.7605706
2017-06-01,211128637.7310803
2017-06-02,232243666.1205516
2017-06-03,246954975.3029494
2017-06-04,253006911.4542779
2017-06-05,234139386.13913274
2017-06-06,192254890.57778135
2017-06-07,198873016.11774853
2017-06-08,223309986.98078087
2017-06-09,219871480.30320325
2017-06-10,218267002.29245964
2017-06-11,231089354.3064432
2017-06-12,239158205.6754231
2017-06-13,246290547.22129545
2017-06-14,243335927.21900654
2017-06-15,246633629.72739395
2017-06-16,266508356.9542008
2017-06-17,276742565.947306
2017-06-18,283630602.8802681
2017-06-19,269725948.90667146
2017-06-20,220578247.86082667
2017-06-21,159564561.8129622
2017-06-22,219777489.10705954
2017-06-23,263816117.7377193
2017-06-24,288610284.7305437
2017-06-25,266300083.76351357
2017-06-26,248074129.1897815
2017-06-27,247477405.19752002
2017-06-28,222948871.58286005
2017-06-29,178785822.18578348
2017-06-30,208937133.24182704
2017-07-01,263227735.3342442
2017-07-02,267098874.51386654
2017-07-03,273728993.34303725
2017-07-04,275231293.3140295
2017-07-05,252578087.6527633
2017-07-06,269205069.99025637
2017-07-07,281282073.64199305
2017-07-08,295731493.36461765
2017-07-09,290988909.1942009
2017-07-10,299722023.6617239
2017-07-11,274852194.1834524
2017-07-12,218072195.43307608
2017-07-13,252181427.33853763
2017-07-14,290452710.9621787
2017-07-15,294094224.49375695
2017-07-16,295690313.0700455
2017-07-17,283307032.786624
2017-07-18,259333153.76013106
2017-07-19,268471748.8703674
2017-07-20,290322941.895815
2017-07-21,297922564.6803493
2017-07-22,291461491.4164858
2017-07-23,283123594.1877565
2017-07-24,285100614.5345107
2017-07-25,299441643.08035433
2017-07-26,312842634.66191405
2017-07-27,314967253.5963261
2017-07-28,302019624.2797415
2017-07-29,259215524.784969
2017-07-30,281499133.6455149
2017-07-31,301741158.81745905
2017-08-01,303701466.1171475
2017-08-02,251793371.77499607
2017-08-03,268989490.3794643
2017-08-04,280130189.0598183
2017-08-05,315823287.5817802
2017-08-06,320404065.0430198
2017-08-07,294605452.1855553
2017-08-08,275507919.4019077
2017-08-09,282460280.9832222
2017-08-10,288123663.16187173
2017-08-11,289988630.0582927
2017-08-12,320791458.9411064
2017-08-13,312381987.3437273
2017-08-14,205625268.6546757
2017-08-15,277940215.95461524
2017-08-16,299405100.5859172
2017-08-17,313120626.1984314
2017-08-18,314611757.71694577
2017-08-19,301553645.12462586
2017-08-20,285313552.9189995
2017-08-21,289391105.41171026
2017-08-22,294463401.0063621
2017-08-23,299414537.81921405
2017-08-24,288552315.49056304
2017-08-25,240755300.41999954
2017-08-26,264114153.64885014
2017-08-27,282089689.06936985
2017-08-28,296700481.3023172
2017-08-29,278247726.19180644
2017-08-30,255038704.38007092
2017-08-31,242731248.30716923
2017-09-01,227382002.23689383
2017-09-02,230410098.7214667
2017-09-03,249120366.8591058
2017-09-04,261438138.8891256
2017-09-05,271390725.32277876
2017-09-06,257465915.45659614
2017-09-07,252574248.6622007
2017-09-08,282010246.20526433
2017-09-09,305909058.990948
2017-09-10,266773301.57341823
2017-09-11,224683433.84948605
2017-09-12,252847658.7205983
2017-09-13,259962033.58345053
2017-09-14,245426479.3469052
2017-09-15,251900793.13307288
2017-09-16,255292768.50603494
2017-09-17,245941541.0311152
2017-09-18,262634422.26279035
2017-09-19,277104904.9620128
2017-09-20,270544610.3373668
2017-09-21,257405145.93865263
2017-09-22,243455488.68282315
2017-09-23,209939224.5286603
2017-09-24,232360335.61498
2017-09-25,241915216.7441764
2017-09-26,250148124.16659498
2017-09-27,247344804.3360367
2017-09-28,242355250.0671315
2017-09-29,243752075.59716368
2017-09-30,248562133.08352554
2017-10-01,239274475.25332564
2017-10-02,230378610.7130325
2017-10-03,244366078.01061013
2017-10-04,242019403.9610538
2017-10-05,218683841.1767123
2017-10-06,198454793.3724238
2017-10-07,195299781.65290323
2017-10-08,196576636.83790758
2017-10-09,202128886.23138162
2017-10-10,205830091.19775304
2017-10-11,207246957.31250963
2017-10-12,206405854.09420797
2017-10-13,196804682.7488179
2017-10-14,198284535.32496822
2017-10-15,175305559.3020276
2017-10-16,186778218.96123958
2017-10-17,200748582.86892173
2017-10-18,204887205.65532178
2017-10-19,202924740.11313534
2017-10-20,193472721.11853018
2017-10-21,199862509.31197447
2017-10-22,186405158.7483189
2017-10-23,168875855.89367688
2017-10-24,171666405.56571674
2017-10-25,190709227.78519818
2017-10-26,193454793.84403613
2017-10-27,189481791.25868094
2017-10-28,187962276.94455704
2017-10-29,194565693.90909505
2017-10-30,198555477.5039258
2017-10-31,198939170.41665766
2017-11-01,200750745.4355424
2017-11-02,199369378.58831432
2017-11-03,200634215.93427217
2017-11-04,198293610.36498517
2017-11-05,188985147.03902572
2017-11-06,190424824.72621095
2017-11-07,184891372.99723312
2017-11-08,167266108.5620371
2017-11-09,165338048.06069675
2017-11-10,164474517.1655932
2017-11-11,161092413.21218637
2017-11-12,158656554.39082524
2017-11-13,152337818.92355114
2017-11-14,135953116.83742478
2017-11-15,111584892.94584437
2017-11-16,110043960.01229274
2017-11-17,104123005.98716146
2017-11-18,87953433.00169252
2017-11-19,103319794.05488111
2017-11-20,111123613.32989064
2017-11-21,116441908.1299442
2017-11-22,121689737.4834438
2017-11-23,117469593.24105035
2017-11-24,122228229.10717039
2017-11-25,109358301.45469289
2017-11-26,100181124.37910028
2017-11-27,100756311.26484899
2017-11-28,93552939.69243453
2017-11-29,87830945.28502336
2017-11-30,96810965.06487286
2017-12-01,99863734.37893777
2017-12-02,84742891.86448528
2017-12-03,81853382.83911367
2017-12-04,84829313.49633276
2017-12-05,79077163.76519267
2017-12-06,79927094.64145106
2017-12-07,86919707.3121172
2017-12-08,91327996.22028838
2017-12-09,77748413.45229937
2017-12-10,86895139.7978164
2017-12-11,38388601.72580108
2017-12-12,30632049.001586687
2017-12-13,30275045.10345023
2017-12-14,36461287.91862984
2017-12-15,36371028.56241282
2017-12-16,40405083.34410031
2017-12-17,44821724.451001
2017-12-18,39246093.674749784
2017-12-19,40748183.248922065
2017-12-20,36876115.16434788
2017-12-21,36101757.74823844
2017-12-22,44917090.6093768
2017-12-23,38986588.51124701
2017-12-24,41753608.06839237
2017-12-25,48332514.1325951
2017-12-26,45388642.569213964
2017-12-27,36558086.229339026
2017-12-28,42798046.02153192
2017-12-29,48960705.589652
2017-12-30,51527169.581844404
2017-12-31,48213929.37556354
2018-01-01,54144265.5101863
2018-01-02,56551539.67816954
2018-01-03,57416958.13966973
2018-01-04,46993008.51057931
2018-01-05,43281080.006596655
2018-01-06,54362116.27018541
2018-01-07,58515596.25913434
2018-01-08,60387753.419545196
2018-01-09,60717259.99561947
2018-01-10,63281513.22706741
2018-01-11,59081372.141024776
2018-01-12,65250520.93313637
2018-01-13,67498758.8723299
2018-01-14,63765923.37660327
2018-01-15,70461389.04189348
2018-01-16,68661569.77407202
2018-01-17,50399205.47132567
2018-01-18,55064579.7585972
2018-01-19,64126260.55991833
2018-01-20,71791057.31393176
2018-01-21,74888918.08250101
2018-01-22,76689854.77043182
2018-01-23,66438356.7429968
2018-01-24,74540274.62000656
2018-01-25,75203057.94200712
2018-01-26,77377107.89876221
2018-01-27,74609200.37012726
2018-01-28,67450081.5565689
2018-01-29,55071545.49287725
2018-01-30,55147164.24614668
2018-01-31,43726463.30182615
2018-02-01,56999559.75907148
2018-02-02,62433531.3883627
2018-02-03,59890017.12994163
2018-02-04,69578446.17661491
2018-02-05,71770622.58866274
2018-02-06,68168370.68456651
2018-02-07,64924757.766136326
2018-02-08,70718544.95600733
2018-02-09,75169701.70231545
2018-02-10,67275185.94238523
2018-02-11,64670750.66614766
2018-02-12,39432032.28351923
2018-02-13,55600665.105771
2018-02-14,61069470.02229443
2018-02-15,54809482.10471905
2018-02-16,58764429.21710773
2018-02-17,66128755.18132429
2018-02-18,70367510.41707891
2018-02-19,74473279.8339682
2018-02-20,73594056.95433688
2018-02-21,63873349.31273802
2018-02-22,70785940.87528642
2018-02-23,75742586.36895457
2018-02-24,50014222.481345735
2018-02-25,69231110.5725006
2018-02-26,69508207.86112353
2018-02-27,65525260.97173586
2018-02-28,68641143.02649142
2018-03-01,62700344.69223495
2018-03-02,47165180.72331637
2018-03-03,48162289.91765544
2018-03-04,65631138.29317355
2018-03-05,70362648.13434933
2018-03-06,79747188.21458484
2018-03-07,85469153.28621134
2018-03-08,86497750.17938904
2018-03-09,78701123.8235769
2018-03-10,90687547.87038165
2018-03-11,94240598.92522019
2018-03-12,85683725.55465536
2018-03-13,67157171.88589711
2018-03-14,59367158.91519229
2018-03-15,68858875.11084266
2018-03-16,83828700.46341467
2018-03-17,91716988.4340022
2018-03-18,91005280.00858758
2018-03-19,96763654.2661858
2018-03-20,99849044.13637325
2018-03-21,88734052.1114112
2018-03-22,100574291.87195848
2018-03-23,104840665.84886093
2018-03-24,106871641.41794974
2018-03-25,114534398.23033737
2018-03-26,121165783.11183134
2018-03-27,109033087.38919373
2018-03-28,112573779.48721136
2018-03-29,117875603.89366344
2018-03-30,123631888.56546842
2018-03-31,132813432.29665902
2018-04-01,136315250.6778646
2018-04-02,130999194.51463647
2018-04-03,114517184.10261685
2018-04-04,130304965.02210842
2018-04-05,141953629.35517973
2018-04-06,148953358.618192
2018-04-07,156540666.73876533
2018-04-08,141111282.6011645
2018-04-09,110614109.06009139
2018-04-10,105550887.19379695
2018-04-11,93661241.4234834
2018-04-12,118417250.73164627
2018-04-13,128614654.66581605
2018-04-14,135963588.92601925
2018-04-15,140316566.11285445
2018-04-16,99070076.42444135
2018-04-17,105946547.31252362
2018-04-18,118135040.08382712
2018-04-19,116182897.82148308
2018-04-20,66090773.87792076
2018-04-21,105360964.54201972
2018-04-22,121275958.54797767
2018-04-23,133789487.21898875
2018-04-24,143520302.99037772
2018-04-25,146077621.6738135
2018-04-26,151335647.55087504
2018-04-27,152498345.89389557
2018-04-28,154168520.63109702
2018-04-29,165390575.33977005
2018-04-30,174934410.93672487
2018-05-01,169455680.16524714
2018-05-02,152234555.77331436
2018-05-03,137564834.8000072
2018-05-04,149857546.35766873
2018-05-05,149441929.71255967
2018-05-06,120244511.21191786
2018-05-07,104506170.76468278
2018-05-08,124842326.82876652
2018-05-09,142118032.01464692
2018-05-10,155136249.72106156
2018-05-11,168344399.35810784
2018-05-12,145313366.03982022
2018-05-13,137701929.87183288
2018-05-14,126998668.92407227
2018-05-15,140356762.9135768
2018-05-16,150041861.98168015
2018-05-17,154857215.89894566
2018-05-18,136603467.6321984
2018-05-19,150051740.45571962
2018-05-20,165458803.15733707
2018-05-21,174927458.898748
2018-05-22,174846330.69381994
2018-05-23,179957177.11822787
2018-05-24,182732858.384674
2018-05-25,188534715.88759512
2018-05-26,188803895.59158367
2018-05-27,195539511.04677832
2018-05-28,198527108.00713786
2018-05-29,198463426.47165382
2018-05-30,205308634.49743515
2018-05-31,212285729.2318167
2018-06-01,215546293.2494073
2018-06-02,229912444.10738108
2018-06-03,240955817.48389545
2018-06-04,244584330.3870185
2018-06-05,243570546.69027314
2018-06-06,257810637.3336224
2018-06-07,266151603.45924565
2018-06-08,267906511.5898386
2018-06-09,250120415.93151063
2018-06-10,226065103.37154928
2018-06-11,235809630.25434837
2018-06-12,255881772.13430953
2018-06-13,278375064.5248067
2018-06-14,288101933.2316726
2018-06-15,256080995.6115266
2018-06-16,226384450.78279588
2018-06-17,241801593.88466898
2018-06-18,252483586.382408
2018-06-19,262824412.34085062
2018-06-20,263037961.06184298
2018-06-21,266114424.5791897
2018-06-22,258718823.96691248
2018-06-23,242340381.52501613
2018-06-24,248241946.0427927
2018-06-25,275115128.4599633
2018-06-26,268316007.8179968
2018-06-27,211250281.00037503
2018-06-28,174865564.26580238
2018-06-29,176780972.29017994
2018-06-30,213602366.74225876
2018-07-01,246486661.8455327
2018-07-02,261123033.7039916
2018-07-03,236305533.90726015
2018-07-04,218695265.57183677
2018-07-05,208716751.3914966
2018-07-06,266066666.0859956
2018-07-07,282177183.72642756
2018-07-08,299132501.2309806
2018-07-09,301918302.4945138
2018-07-10,299559552.75070405
2018-07-11,290887660.60638326
2018-07-12,286713380.6633566
2018-07-13,270259285.49747145
2018-07-14,311303793.6947904
2018-07-15,320486063.82124585
2018-07-16,294871905.3836009
2018-07-17,280988620.1309461
2018-07-18,272603508.2875122
2018-07-19,290116699.5152864
2018-07-20,279248446.6628536
2018-07-21,288347898.8689078
2018-07-22,297697952.08921474
2018-07-23,226306140.8447629
2018-07-24,243211479.27448756
2018-07-25,286642431.7863026
2018-07-26,257535266.4829598
2018-07-27,248621932.2349029
2018-07-28,282851850.3008107
2018-07-29,287565174.19585174
2018-07-30,309224764.4693884
2018-07-31,321213601.57447207
2018-08-01,319094775.9617843
2018-08-02,306198614.2022339
2018-08-03,332518530.65098983
2018-08-04,341208884.0690365
2018-08-05,335637798.4279144
2018-08-06,312534100.997477
2018-08-07,253222449.93184522
2018-08-08,238236388.77675375
2018-08-09,256161176.6272751
2018-08-10,288965377.2350727
2018-08-11,304523642.8019713
2018-08-12,296369640.2716076
2018-08-13,236042132.81511506
2018-08-14,277115317.4354892
2018-08-15,299127335.1914331
2018-08-16,301493751.22990894
2018-08-17,288493103.6367243
2018-08-18,258160893.36115605
2018-08-19,288030507.20494115
2018-08-20,307017613.1941579
2018-08-21,297937255.23098075
2018-08-22,275673243.6618902
2018-08-23,288825869.7403727
2018-08-24,297053881.0571305
2018-08-25,284740393.74392116
2018-08-26,247966181.35211185
2018-08-27,285121155.2970231
2018-08-28,305916235.6549363
2018-08-29,305554339.3918914
2018-08-30,298579740.1736379
2018-08-31,290917081.4675228
2018-09-01,287733179.70548135
2018-09-02,272518822.5415007
2018-09-03,261226706.25630352
2018-09-04,274144265.574031
2018-09-05,275228143.7875275
2018-09-06,269043084.5451721
2018-09-07,236046765.88455915
2018-09-08,247975288.25101247
2018-09-09,257393982.98255667
2018-09-10,264000867.18061587
2018-09-11,269441630.25578606
2018-09-12,287719205.00020057
2018-09-13,273726298.9626667
2018-09-14,251550235.74347204
2018-09-15,169293936.26103872
2018-09-16,196040858.192987
2018-09-17,213574362.86290902
2018-09-18,239892762.1960554
2018-09-19,255096509.9732853
2018-09-20,259521691.4965543
2018-09-21,255624272.42767048
2018-09-22,233350797.51668823
2018-09-23,170357749.06421277
2018-09-24,181927334.7221425
2018-09-25,185221679.310981
2018-09-26,182352831.03134978
2018-09-27,179266759.3872002
2018-09-28,181126893.73653165
2018-09-29,169268875.3632224
2018-09-30,171330852.78575763
2018-10-01,182695456.8488382
2018-10-02,189563930.56972307
2018-10-03,182879737.70296857
2018-10-04,168083576.98692665
2018-10-05,160718877.85676035
2018-10-06,169903414.09245446
2018-10-07,180578784.6315162
2018-10-08,174294517.1467235
2018-10-09,138304084.81400424
2018-10-10,137791644.4742313
2018-10-11,132615095.13123511
2018-10-12,126596700.29435612
2018-10-13,129414487.06689924
2018-10-14,120939610.98607798
2018-10-15,123450961.04484394
2018-10-16,81779681.11449637
2018-10-17,83861615.41208366
2018-10-18,90820942.37012419
2018-10-19,90816656.84892495
2018-10-20,99674424.03612581
2018-10-21,104870879.8636323
2018-10-22,107404172.90710813
2018-10-23,110096439.53293534
2018-10-24,107653210.74860916
2018-10-25,113533281.80904607
2018-10-26,116502913.79900272
2018-10-27,118537547.7815839
2018-10-28,120649663.87626827
2018-10-29,120578483.62824544
2018-10-30,119782617.96480282
2018-10-31,116014732.39879043
2018-11-01,66303070.26684093
2018-11-02,61637594.68785815
2018-11-03,43675537.86148201
2018-11-04,58571644.00742079
2018-11-05,61719877.768061675
2018-11-06,67908712.89723714
2018-11-07,69010958.89059731
2018-11-08,59323901.9197718
2018-11-09,59525001.38785647
2018-11-10,53728748.43337047
2018-11-11,53599401.30007683
2018-11-12,44429095.72280028
2018-11-13,51600836.47927618
2018-11-14,42417091.01535896
2018-11-15,53572241.29452602
2018-11-16,58409688.74583132
2018-11-17,61907816.675652795
2018-11-18,59234479.740059935
2018-11-19,50566382.863106914
2018-11-20,58322420.74285512
2018-11-21,59219496.12764791
2018-11-22,45863509.39658792
2018-11-23,60702673.79121107
2018-11-24,63442870.371445455
2018-11-25,58644743.88922875
2018-11-26,63728484.140277095
2018-11-27,58184212.84878513
2018-11-28,50106498.98075686
2018-11-29,57619084.52357925
2018-11-30,64606858.41598988
2018-12-01,67000727.65562871
2018-12-02,66696441.33643066
2018-12-03,69718410.5291498
2018-12-04,70260805.1892428
2018-12-05,60925747.67298578
2018-12-06,60751225.006900966
2018-12-07,67761795.77142102
2018-12-08,54292691.914190166
2018-12-09,55660872.98865323
2018-12-10,37469104.11597837
2018-12-11,47028698.00880171
2018-12-12,48617101.56758298
2018-12-13,52309520.94665251
2018-12-14,57637587.08563114
2018-12-15,61595303.5710766
2018-12-16,63153564.20978675
2018-12-17,64434180.46617026
2018-12-18,65212017.41216498
2018-12-19,61074959.59684627
2018-12-20,61536231.476561084
2018-12-21,67655159.92076102
2018-12-22,68169421.64917116
2018-12-23,66257897.728895545
2018-12-24,67928441.23324162
2018-12-25,71694811.74200764
2018-12-26,62572857.68436828
2018-12-27,69600832.7206531
2018-12-28,75676719.47780287
2018-12-29,77142429.96281469
2018-12-30,64563747.59670821
2018-12-31,70950901.28405266
2019-01-01,55742527.957149275
2019-01-02,44336988.81773579
2019-01-03,60209383.39235152
2019-01-04,45747363.54421435
2019-01-05,33775776.24154566
2019-01-06,42507349.87379088
2019-01-07,49576697.54938822
2019-01-08,42251527.06483838
2019-01-09,51326539.28685516
2019-01-10,42002668.787446454
2019-01-11,42360133.19360976
2019-01-12,33630956.08956209
2019-01-13,39685751.64024131
2019-01-14,49792897.01379326
2019-01-15,48414896.65396316
2019-01-16,30040971.415913593
2019-01-17,46345037.30860016
2019-01-18,44263432.50937701
2019-01-19,40925397.02967826
2019-01-20,35554520.03878185
2019-01-21,24714860.088869803
2019-01-22,28121936.71871166
2019-01-23,38212032.1664285
2019-01-24,41643755.42840722
2019-01-25,41425513.701751225
2019-01-26,48299636.26031688
2019-01-27,54224749.90337066
2019-01-28,57527173.84750766
2019-01-29,57789108.273902066
2019-01-30,44212128.24926209
2019-01-31,41049859.24344642
2019-02-01,50293067.707598895
2019-02-02,54197481.123719476
2019-02-03,57721242.98151202
2019-02-04,46941848.26815531
2019-02-05,39938592.716812044
2019-02-06,33761992.49333804
2019-02-07,34187254.513485275
2019-02-08,42900434.42647932
2019-02-09,54609102.01153154
2019-02-10,55998843.636267304
2019-02-11,51646097.00019712
2019-02-12,43526098.08592808
2019-02-13,39585542.87558695
2019-02-14,38044291.53709047
2019-02-15,49713112.22019849
2019-02-16,58837331.32893349
2019-02-17,48952007.570741564
2019-02-18,43552854.42854764
2019-02-19,54740710.36073058
2019-02-20,45206454.557772376
2019-02-21,35075188.320403986
2019-02-22,53892482.34787719
2019-02-23,58328510.29029574
2019-02-24,52936268.17278624
2019-02-25,56848474.44573228
2019-02-26,51494555.53978823
2019-02-27,63488518.26753199
2019-02-28,71946549.04136133
2019-03-01,57091008.15426497
2019-03-02,46059165.03917729
2019-03-03,57340004.5481181
2019-03-04,65682441.73217833
2019-03-05,71306491.23248364
2019-03-06,76633374.3259523
2019-03-07,70162425.021973
2019-03-08,75755378.43035366
2019-03-09,81850473.39093944
2019-03-10,88412844.34314549
2019-03-11,55828129.57706076
2019-03-12,76336138.02226517
2019-03-13,69455614.26608868
2019-03-14,61486944.0952478
2019-03-15,78826118.90905772
2019-03-16,86678387.09186679
2019-03-17,85692172.97264494
2019-03-18,88585765.06062938
2019-03-19,71968844.3172302
2019-03-20,67409258.69399391
2019-03-21,84015382.67224506
2019-03-22,90354899.04727556
2019-03-23,79561424.61125165
2019-03-24,84138197.68284686
2019-03-25,92028068.88094619
2019-03-26,99444682.81176227
2019-03-27,96542613.53100497
2019-03-28,93899720.28816967
2019-03-29,85154579.97302134
2019-03-30,80282531.69642149
2019-03-31,99145766.96999396
2019-04-01,105410828.53127538
2019-04-02,109684603.54190946
2019-04-03,112188438.68617599
2019-04-04,114900425.06505893
2019-04-05,114429642.02435462
2019-04-06,112872731.0536763
2019-04-07,120793918.42799139
2019-04-08,121627296.402698
2019-04-09,126261126.02904369
2019-04-10,114763381.31981707
2019-04-11,98376724.21585307
2019-04-12,98937239.5357581
2019-04-13,84866642.24026512
2019-04-14,101207117.03883415
2019-04-15,111903732.57830648
2019-04-16,90328586.94691561
2019-04-17,85032504.86971158
2019-04-18,101769385.06831472
2019-04-19,124304893.89899372
2019-04-20,130883500.19669138
2019-04-21,140236090.20669848
2019-04-22,146724558.3259289
2019-04-23,138047468.56792244
2019-04-24,106527124.35754192
2019-04-25,110714848.43666825
2019-04-26,121053968.89846274
2019-04-27,128433624.07427466
2019-04-28,140124896.3930975
2019-04-29,138998022.50192052
2019-04-30,111990054.36358598
2019-05-01,126050235.91378783
2019-05-02,117204636.47632964
2019-05-03,121822582.03851886
2019-05-04,135170123.24451745
2019-05-05,146890337.30087012
2019-05-06,153445925.97969377
2019-05-07,157019261.22980154
2019-05-08,162761588.23820415
2019-05-09,163456127.96886435
2019-05-10,149812367.94876942
2019-05-11,147516065.0423567
2019-05-12,152535068.37733865
2019-05-13,157085764.08271965
2019-05-14,162108683.03182968
2019-05-15,165251132.0348756
2019-05-16,141494521.82343876
2019-05-17,134207125.9521454
2019-05-18,142859353.17923453
2019-05-19,153398359.33369708
2019-05-20,162259598.93945527
2019-05-21,174809245.05241987
2019-05-22,179607502.79228094
2019-05-23,152191397.67519256
2019-05-24,130896435.07949898
2019-05-25,161893022.19813195
2019-05-26,169310220.64007378
2019-05-27,176661264.08206123
2019-05-28,188675095.65360883
2019-05-29,202506164.94424167
2019-05-30,209969673.78052816
2019-05-31,213170779.94446212
2019-06-01,209917923.72744137
2019-06-02,207989454.9300973
2019-06-03,195225485.90833706
2019-06-04,164804768.39211372
2019-06-05,176860386.39803153
2019-06-06,181537201.22249734
2019-06-07,187076847.21023688
2019-06-08,195377089.5064284
2019-06-09,206663017.6527725
2019-06-10,217406069.5323527
2019-06-11,144872963.38366303
2019-06-12,116365586.63494796
2019-06-13,170705289.2825663
2019-06-14,187455261.09820604
2019-06-15,185635671.67771137
2019-06-16,191626194.79747468
2019-06-17,198380417.89549905
2019-06-18,203156586.31127495
2019-06-19,210552162.80415052
2019-06-20,210292188.36091527
2019-06-21,212518719.1915326
2019-06-22,216697358.8390065
2019-06-23,214700238.5655404
2019-06-24,162767523.20719922
2019-06-25,174225337.78758502
2019-06-26,206622990.59709722
2019-06-27,218583288.86110198
2019-06-28,228137631.52284828
2019-06-29,233623098.33041614
2019-06-30,232383926.35004652
2019-07-01,231094382.29990923
2019-07-02,245399181.5040866
2019-07-03,256764232.51439375
2019-07-04,261019996.6547503
2019-07-05,249646817.24173033
2019-07-06,252974860.67044672
2019-07-07,259444553.10297465
2019-07-08,269672813.1536415
2019-07-09,266311044.08834875
2019-07-10,264889388.04290277
2019-07-11,274102935.9286
2019-07-12,272837962.90209085
2019-07-13,279649775.12153643
2019-07-14,280520839.8237546
2019-07-15,277248508.9250361
2019-07-16,291240305.058847
2019-07-17,294715128.8797119
2019-07-18,280540088.63968253
2019-07-19,257633513.72372636
2019-07-20,290475160.46812254
2019-07-21,298660777.3252167
2019-07-22,297474210.8176577
2019-07-23,307419140.19555587
2019-07-24,302554633.8972346
2019-07-25,254146377.6498383
2019-07-26,230204776.49613255
2019-07-27,209521101.87759244
2019-07-28,206520295.1929943
2019-07-29,232960436.4941548
2019-07-30,271676537.4284509
2019-07-31,274242159.8188396
2019-08-01,268352122.52329105
2019-08-02,286180366.22508836
2019-08-03,277505597.69152844
2019-08-04,301170000.99564713
2019-08-05,306625356.9368579
2019-08-06,307476166.6093011
2019-08-07,308310691.0032058
2019-08-08,317109817.2847671
2019-08-09,295513507.68999165
2019-08-10,211064469.22681862
2019-08-11,222531861.60620904
2019-08-12,271500396.7755432
2019-08-13,270468070.54480636
2019-08-14,219786905.00453576
2019-08-15,269688905.91336834
2019-08-16,282704611.56966835
2019-08-17,215924771.69148284
2019-08-18,235391297.7801114
2019-08-19,245995220.5434288
2019-08-20,271262274.1243846
2019-08-21,296577178.02677715
2019-08-22,313219132.95658433
2019-08-23,303366602.59730947
2019-08-24,286791279.9672211
2019-08-25,283054849.0328687
2019-08-26,277350641.4836191
2019-08-27,274484315.7816363
2019-08-28,257501319.43328294
2019-08-29,275868939.793154
2019-08-30,259222925.48657116
2019-08-31,244872544.70799237
2019-09-01,260490614.33194098
2019-09-02,267437411.62790546
2019-09-03,274902322.3595042
2019-09-04,285951095.4771492
2019-09-05,289040113.1290965
2019-09-06,289066039.27124995
2019-09-07,270094560.1947065
2019-09-08,282974431.24853575
2019-09-09,301184902.51276875
2019-09-10,299492324.2115131
2019-09-11,297103136.6750546
2019-09-12,292856443.6364231
2019-09-13,282862868.71043664
2019-09-14,272165089.0243929
2019-09-15,274236118.69797736
2019-09-16,273565163.3382242
2019-09-17,267445967.91757703
2019-09-18,296547748.61057514
2019-09-19,297544138.83890927
2019-09-20,272382204.34437793
2019-09-21,250391415.2195918
2019-09-22,276227174.7815826
2019-09-23,285500977.12939095
2019-09-24,283318466.6659811
2019-09-25,269916725.316073
2019-09-26,263904525.01356778
2019-09-27,266107167.07441053
2019-09-28,259451163.86066902
2019-09-29,246017040.8563208
2019-09-30,236225306.03871587
2019-10-01,201006638.24324146
2019-10-02,215449017.6074917
2019-10-03,195288383.9371402
2019-10-04,150619045.5301191
2019-10-05,179921923.1292912
2019-10-06,165245232.17743656
2019-10-07,135601759.44287997
2019-10-08,161552230.86544925
2019-10-09,169479897.032179
2019-10-10,182073573.89712244
2019-10-11,188710129.40710318
2019-10-12,201122880.44873494
2019-10-13,209125856.14186367
2019-10-14,215464382.24337044
2019-10-15,216220629.9487342
2019-10-16,219735009.71809205
2019-10-17,200222522.9556992
2019-10-18,152357324.46278018
2019-10-19,154323243.91877404
2019-10-20,168253470.53817695
2019-10-21,174950730.3428776
2019-10-22,156150081.02792966
2019-10-23,138275463.6961775
2019-10-24,136653220.42419538
2019-10-25,138045472.48313814
2019-10-26,143466607.970382
2019-10-27,151650132.01999456
2019-10-28,149512466.32050502
2019-10-29,148742433.00303394
2019-10-30,139496776.24901444
2019-10-31,140356710.00069237
2019-11-01,128065393.23980254
2019-11-02,128040111.80847947
2019-11-03,111081440.96770522
2019-11-04,108654840.19467147
2019-11-05,110917089.26292844
2019-11-06,59901094.10624289
2019-11-07,49972853.72901248
2019-11-08,56234247.6556459
2019-11-09,66771168.27445024
2019-11-10,72471976.68818957
2019-11-11,71969587.05682631
2019-11-12,54148652.164410666
2019-11-13,51874442.454930715
2019-11-14,43115860.13204818
2019-11-15,30879652.34345726
2019-11-16,31866605.86748005
2019-11-17,48503070.972022936
2019-11-18,54085537.86199199
2019-11-19,56154238.478944786
2019-11-20,49318885.715983026
2019-11-21,30139497.408910368
2019-11-22,22579326.72155358
2019-11-23,39345038.09162547
2019-11-24,39562268.307304256
2019-11-25,41956708.12753458
2019-11-26,39193562.5445642
2019-11-27,32315149.549815692
2019-11-28,40208667.7384623
2019-11-29,42850546.762013234
2019-11-30,48696677.30605388
2019-12-01,50789051.01040927
2019-12-02,52436590.959351875
2019-12-03,54344919.30428985
2019-12-04,55530735.539337315
2019-12-05,56935147.95447985
2019-12-06,58111032.7341273
2019-12-07,59863161.93729149
2019-12-08,61225760.94938977
2019-12-09,55327312.15510141
2019-12-10,45992284.11380537
2019-12-11,38963217.26178531
2019-12-12,36790541.175941035
2019-12-13,29717604.905528877
2019-12-14,38538149.74700161
2019-12-15,45376993.27602826
2019-12-16,50173936.213457696
2019-12-17,52811931.169196524
2019-12-18,44900567.490464024
2019-12-19,38698657.54064071
2019-12-20,42360764.37407549
2019-12-21,45262599.03790968
2019-12-22,49263948.655829415
2019-12-23,51921885.792272925
2019-12-24,46105647.159079164
2019-12-25,54611754.18818463
2019-12-26,58657471.4429926
2019-12-27,59873331.18527248
2019-12-28,61689065.47619774
2019-12-29,62088816.574369386
2019-12-30,61278750.16262931
2019-12-31,45475410.54276564
2020-01-01,45980480.21786418
2020-01-02,43931439.92663702
2020-01-03,41830526.90675089
2020-01-04,42842911.20340932
2020-01-05,47607492.95839963
2020-01-06,29330821.595956754
2020-01-07,32489608.14413653
2020-01-08,36726468.809707634
2020-01-09,46175369.477857046
2020-01-10,49895779.47581586
2020-01-11,41275747.8030124
2020-01-12,27396299.316542067
2020-01-13,17690261.778884973
2020-01-14,34545224.35652497
2020-01-15,35735215.99410792
2020-01-16,40617849.538148634
2020-01-17,43008106.95074231
2020-01-18,45182779.94320696
2020-01-19,49189869.81137064
2020-01-20,44538629.91405715
2020-01-21,31518387.163491726
2020-01-22,42133941.280661285
2020-01-23,50519486.14239341
2020-01-24,44774908.58749131
2020-01-25,42367382.09004867
2020-01-26,47125575.24117609
2020-01-27,48712138.5268721
2020-01-28,39519794.91632499
2020-01-29,41429977.85603593
2020-01-30,54888680.234631136
2020-01-31,54771457.82300813
2020-02-01,61575953.46516999
2020-02-02,65540254.08874413
2020-02-03,64246836.34137168
2020-02-04,53998840.24188075
2020-02-05,67058683.69523334
2020-02-06,65395140.9474372
2020-02-07,73920504.24797358
2020-02-08,78887798.77210227
2020-02-09,81590891.47384359
2020-02-10,83868912.53312999
2020-02-11,59901453.63269112
2020-02-12,50166476.95709879
2020-02-13,44317327.79804799
2020-02-14,58230754.45163414
2020-02-15,65652807.89528214
2020-02-16,68297932.44554746
2020-02-17,73367149.55631627
2020-02-18,70104745.8623554
2020-02-19,53176702.63647179
2020-02-20,65553394.14228622
2020-02-21,75956856.41755685
2020-02-22,78944895.15322769
2020-02-23,82869006.06504038
2020-02-24,85452399.46522553
2020-02-25,88757388.00109386
2020-02-26,92268593.80587402
2020-02-27,77030299.2915622
2020-02-28,64757746.016460285
2020-02-29,71559119.97587624
2020-03-01,84741285.88339701
2020-03-02,93539233.83523329
2020-03-03,99049356.02335143
2020-03-04,97225292.92164658
2020-03-05,83764622.98474039
2020-03-06,71746532.0732399
2020-03-07,62066808.43602279
2020-03-08,63445806.08634835
2020-03-09,73279304.84836322
2020-03-10,80358310.58311316
2020-03-11,88034392.39564808
2020-03-12,75078692.74079423
2020-03-13,74579892.8415599
2020-03-14,83369224.77838089
2020-03-15,93496118.27238096
2020-03-16,99494938.28969589
2020-03-17,100623244.66396491
2020-03-18,105395779.0993911
2020-03-19,110406257.47541945
2020-03-20,113188418.12482561
2020-03-21,90405348.18502794
2020-03-22,108827405.86425242
2020-03-23,108591248.05008858
2020-03-24,72877708.6648671
2020-03-25,88918355.18405594
2020-03-26,94313023.29376599
2020-03-27,61188489.15049232
2020-03-28,65069494.02164087
2020-03-29,86270576.84984572
2020-03-30,71762011.52177516
2020-03-31,65825806.342485905
2020-04-01,80032319.7859122
2020-04-02,88421219.59250125
2020-04-03,97608126.30512252
2020-04-04,106205647.68821418
2020-04-05,104160992.72669353
2020-04-06,100797380.34205791
2020-04-07,101743651.25543746
2020-04-08,113454057.13504955
2020-04-09,96196095.74111952
2020-04-10,107388462.09303108
2020-04-11,114989966.5042641
2020-04-12,117029657.12134245
2020-04-13,108033349.91633232
2020-04-14,98365217.71904722
2020-04-15,87776537.33381414
2020-04-16,99663546.78303453
2020-04-17,74736097.5409487
2020-04-18,70675892.94892901
2020-04-19,101304386.65761006
2020-04-20,111418404.05197825
2020-04-21,116470501.45572777
2020-04-22,122616737.79849571
2020-04-23,132685749.65184987
2020-04-24,139487838.1784385
2020-04-25,142310327.9835003
2020-04-26,140582110.0113234
2020-04-27,135468960.76718462
2020-04-28,138543646.06958175
2020-04-29,152289864.22510815
2020-04-30,158480040.40284702
2020-05-01,152431703.15050283
2020-05-02,139562764.060076
2020-05-03,127796845.78534307
2020-05-04,139216466.66359818
2020-05-05,131037732.32332596
2020-05-06,137284936.67214748
2020-05-07,150018464.10365778
2020-05-08,157861006.86065108
2020-05-09,159528580.90617427
2020-05-10,158674293.22980717
2020-05-11,153397285.91783768
2020-05-12,169761473.25680974
2020-05-13,159128360.5823143
2020-05-14,130405027.42203964
2020-05-15,157451174.29593033
2020-05-16,167040344.8221471
2020-05-17,173411634.26931933
2020-05-18,160977261.34802616
2020-05-19,172551411.51883045
2020-05-20,191721263.55532077
2020-05-21,202772568.7275161
2020-05-22,202392295.12153998
2020-05-23,172979129.23133028
2020-05-24,188352908.10401326
2020-05-25,198462016.07453054
2020-05-26,211213338.40944877
2020-05-27,227861510.70907637
2020-05-28,206100619.2181374
2020-05-29,197904578.12919328
2020-05-30,186523222.73988822
2020-05-31,155831174.41601947
2020-06-01,167524184.17743403
2020-06-02,180334161.94710943
2020-06-03,188206008.82995477
2020-06-04,200852603.88244173
2020-06-05,214219795.15052974
2020-06-06,219825171.04528865
2020-06-07,232264646.9948845
2020-06-08,243699266.67014763
2020-06-09,244212571.530107
2020-06-10,242802482.7301046
2020-06-11,240453957.7352943
2020-06-12,239798178.1347233
2020-06-13,214616025.4329706
2020-06-14,241398192.27734992
2020-06-15,256445237.75262114
2020-06-16,259963606.53005546
2020-06-17,265940667.38476622
2020-06-18,265356218.00844246
2020-06-19,259118341.57059655
2020-06-20,252640929.91471875
2020-06-21,274729056.74315023
2020-06-22,301480709.5112326
2020-06-23,298024970.7087457
2020-06-24,244836400.55601954
2020-06-25,258038686.00419423
2020-06-26,273163228.78187424
2020-06-27,287700089.7707974
2020-06-28,271861728.94796485
2020-06-29,282483732.88950884
2020-06-30,295840117.0448938
2020-07-01,275466504.46854335
2020-07-02,302195795.4752124
2020-07-03,311903197.18558675
2020-07-04,294065339.032969
2020-07-05,233367198.51325923
2020-07-06,289030718.273145
2020-07-07,300029198.0053557
2020-07-08,274118996.4061523
2020-07-09,287187716.26456326
2020-07-10,295621754.6238769
2020-07-11,306194612.71019536
2020-07-12,263704322.58166993
2020-07-13,288261677.9984792
2020-07-14,301820116.0869106
2020-07-15,303956818.9604721
2020-07-16,288815501.8648573
2020-07-17,281645742.92582077
2020-07-18,284380150.26485246
2020-07-19,275421990.8631184
2020-07-20,290260693.226683
2020-07-21,183325764.4794824
2020-07-22,263333645.25754058
2020-07-23,321199505.0648563
2020-07-24,317996328.9189065
2020-07-25,310960623.6247264
2020-07-26,297375498.372533
2020-07-27,297497644.96273303
2020-07-28,310754954.7309495
2020-07-29,326871078.79003644
2020-07-30,319770393.22444373
2020-07-31,308369420.6296812
2020-08-01,283348796.67601055
2020-08-02,309650581.63667786
2020-08-03,329029506.52894026
2020-08-04,307506974.6907587
2020-08-05,300035430.4304127
2020-08-06,297940461.12469995
2020-08-07,309412955.30672246
2020-08-08,280635103.99598664
2020-08-09,249214733.37337753
2020-08-10,251739499.4433933
2020-08-11,285117691.99380064
2020-08-12,314128717.43235433
2020-08-13,314357692.4088704
2020-08-14,298042019.2250754
2020-08-15,293187218.730538
2020-08-16,330081381.4069843
2020-08-17,335260709.0668983
2020-08-18,286823609.0255932
2020-08-19,271622988.73197645
2020-08-20,227698340.51838937
2020-08-21,219857564.50552493
2020-08-22,291767930.36450666
2020-08-23,331982173.25977147
2020-08-24,326456555.3478692
2020-08-25,288431083.1001948
2020-08-26,223488188.59708127
2020-08-27,129538768.72408998
2020-08-28,187017143.15194654
2020-08-29,242301024.06396964
2020-08-30,259089567.165393
2020-08-31,203461076.09229875
2020-09-01,209835645.16248772
2020-09-02,208242565.24191657
2020-09-03,204072849.9999741
2020-09-04,182869427.98427
2020-09-05,232642652.74263722
2020-09-06,235033458.747323
2020-09-07,256829120.08576527
2020-09-08,272066931.09993744
2020-09-09,278607852.4853549
2020-09-10,285508320.02354836
2020-09-11,277896326.23307335
2020-09-12,273740290.9282273
2020-09-13,272043605.7527769
2020-09-14,265816402.2646155
2020-09-15,256265118.0560706
2020-09-16,259482015.33723572
2020-09-17,260574284.8906385
2020-09-18,263055367.60697022
2020-09-19,272026842.5495033
2020-09-20,284440749.7208851
2020-09-21,295443696.9309238
2020-09-22,285716387.563151
2020-09-23,272564492.59517014
2020-09-24,264975101.36841443
2020-09-25,263412264.3745185
2020-09-26,209835918.17562795
2020-09-27,209477638.3106275
2020-09-28,221289842.92069566
2020-09-29,217264181.45477936
2020-09-30,230392872.388758
2020-10-01,225528438.99712414
2020-10-02,236379884.56924564
2020-10-03,236221245.5578604
2020-10-04,237466497.7481058
2020-10-05,238283188.27818784
2020-10-06,242453649.00205487
2020-10-07,235098452.57932016
2020-10-08,230967108.41316792
2020-10-09,227491032.8412553
2020-10-10,225643533.1230476
2020-10-11,223021827.58026692
2020-10-12,214191368.23224548
2020-10-13,194056916.97871804
2020-10-14,196567154.14361838
2020-10-15,202939271.81598023
2020-10-16,213560170.98879755
2020-10-17,217535007.32172313
2020-10-18,212215019.09055373
2020-10-19,211378979.54644832
2020-10-20,215620484.96857104
2020-10-21,200600226.7393547
2020-10-22,196274371.2742821
2020-10-23,190147603.05878183
2020-10-24,184879045.4063185
2020-10-25,151825116.38393903
2020-10-26,156903175.90023798
2020-10-27,182607033.91486388
2020-10-28,181981105.43286285
2020-10-29,148354822.32738742
2020-10-30,148378007.2982611
2020-10-31,154493251.1577487
2020-11-01,154942732.7991037
2020-11-02,164569781.6362242
2020-11-03,163665760.2736087
2020-11-04,162170131.40379682
2020-11-05,161892709.90371558
2020-11-06,166835709.75747117
2020-11-07,173781790.70401508
2020-11-08,174349939.36253768
2020-11-09,169310472.30760098
2020-11-10,157416029.09195068
2020-11-11,159867238.70656914
2020-11-12,157913972.95594075
2020-11-13,140466874.10290697
2020-11-14,82723469.36176288
2020-11-15,50827612.75067876
2020-11-16,56059966.98840688
2020-11-17,65299937.90899778
2020-11-18,67991266.97307739
2020-11-19,48736994.94536886
2020-11-20,60896128.75303776
2020-11-21,65220960.5310555
2020-11-22,54724825.781518705
2020-11-23,35784081.783409625
2020-11-24,39208634.726771764
2020-11-25,29997105.630950525
2020-11-26,43589238.02870507
2020-11-27,49838883.08436607
2020-11-28,49839863.95804364
2020-11-29,46996668.055160776
2020-11-30,50619649.81702623
2020-12-01,48671444.17669371
2020-12-02,52048752.24486553
2020-12-03,55704208.783998445
2020-12-04,46129322.81600741
2020-12-05,43933492.73819495
2020-12-06,43164316.86588104
2020-12-07,32961360.591403767
2020-12-08,24509248.946363024
2020-12-09,34152406.045447476
2020-12-10,39917079.53391835
2020-12-11,35054928.58740876
2020-12-12,25954182.244438063
2020-12-13,37213796.331047356
2020-12-14,39274582.500787154
2020-12-15,38334671.51626069
2020-12-16,39638039.039019585
2020-12-17,46073044.07274825
2020-12-18,49118851.52435905
2020-12-19,50122379.865889676
2020-12-20,46246134.067897074
2020-12-21,37744180.66839211
2020-12-22,46020623.49174275
2020-12-23,49535087.89185504
2020-12-24,47978192.23714291
2020-12-25,47806793.678605534
2020-12-26,46323438.30203306
2020-12-27,44792834.60361776
2020-12-28,42310067.24926828
2020-12-29,50276846.04807756
2020-12-30,56835638.37416297
2020-12-31,59716490.4186064
2021-01-01,58319257.50866499
2021-01-02,61268381.691359155
2021-01-03,52209853.873083845
2021-01-04,51448723.759447195
2021-01-05,34444382.21835933
2021-01-06,35332066.91033444
2021-01-07,44418810.75548674
2021-01-08,37914578.21403915
2021-01-09,46025615.312018625
2021-01-10,50019292.989331916
2021-01-11,55011283.608864345
2021-01-12,58118907.454065904
2021-01-13,60117705.99858208
2021-01-14,59858560.426204555
2021-01-15,59922653.73531234
2021-01-16,64999704.87038602
2021-01-17,62706170.33104497
2021-01-18,65067305.99312858
2021-01-19,68046756.51258112
2021-01-20,71821504.59583849
2021-01-21,70672618.01243702
2021-01-22,59967315.36091161
2021-01-23,38032707.70451804
2021-01-24,53673285.613368034
2021-01-25,58142102.36493125
2021-01-26,60612597.34766535
2021-01-27,64437008.550931804
2021-01-28,66398300.61234432
2021-01-29,68355990.32951003
2021-01-30,71985541.53058374
2021-01-31,72726182.6897355
2021-02-01,68543206.62440191
2021-02-02,64842379.32373133
2021-02-03,65474743.67202118
2021-02-04,67376653.05899075
2021-02-05,78183409.54209186
2021-02-06,82685770.7249547
2021-02-07,85507396.10693023
2021-02-08,78695035.86027844
2021-02-09,74002079.42183028
2021-02-10,81568691.71417831
2021-02-11,87822639.64936699
2021-02-12,90169351.88296716
2021-02-13,79293935.10008347
2021-02-14,89753382.05722536
2021-02-15,96905537.98149113
2021-02-16,101387458.85185744
2021-02-17,105405369.21948652
2021-02-18,108698841.3494626
2021-02-19,109447921.88903533
2021-02-20,81619948.2018128
2021-02-21,87599398.72838059
2021-02-22,59019294.443034515
2021-02-23,62546685.48600834
2021-02-24,66595605.73701349
2021-02-25,61392007.73784877
2021-02-26,45822170.49572414
2021-02-27,51578871.244945586
2021-02-28,69955700.338818
2021-03-01,74528500.28451215
2021-03-02,77243519.54806891
2021-03-03,74701447.71324721
2021-03-04,76558408.44648467
2021-03-05,79692449.88481258
2021-03-06,73476545.01568618
2021-03-07,64079807.45227743
2021-03-08,70895833.4187101
2021-03-09,75069781.52596891
2021-03-10,69954285.3558839
2021-03-11,51314087.94742073
2021-03-12,53472406.348620676
2021-03-13,74622001.78270178
2021-03-14,57679760.30777156
2021-03-15,78203655.7605821
2021-03-16,80366973.17722817
2021-03-17,81468321.84460777
2021-03-18,87904825.19890618
2021-03-19,93729367.37031747
2021-03-20,92633193.8097048
2021-03-21,73985970.82045284
2021-03-22,58941918.28127784
2021-03-23,51383541.26715135
2021-03-24,72934676.36323003
2021-03-25,88563161.26818548
2021-03-26,94719312.87451394
2021-03-27,92814084.69667464
2021-03-28,76599586.71665871
2021-03-29,61356438.17975305
2021-03-30,80061221.30136906
2021-03-31,92221910.98187478
2021-04-01,97243746.36700761
2021-04-02,97342260.36880918
2021-04-03,104037875.810026
2021-04-04,81026102.85020117
2021-04-05,82367491.03131421
2021-04-06,70345637.13804428
2021-04-07,74968431.38195945
2021-04-08,88976305.004327
2021-04-09,95819667.01460385
2021-04-10,97826593.1209281
2021-04-11,90714374.01041974
2021-04-12,100312826.87974447
2021-04-13,91130688.12325697
2021-04-14,102565112.53423311
2021-04-15,71942283.39810742
2021-04-16,76174017.81069498
2021-04-17,69596019.07862064
2021-04-18,84021722.05582541
2021-04-19,103866544.43539679
2021-04-20,97122404.26181683
2021-04-21,94444894.79835585
2021-04-22,86502507.47041282
2021-04-23,99768217.28345211
2021-04-24,115419154.21488847
2021-04-25,121090685.41033073
2021-04-26,126167277.92786083
2021-04-27,129751769.00916444
2021-04-28,133483659.91533574
2021-04-29,135138034.48187113
2021-04-30,138388063.62996686
2021-05-01,143553073.19645414
2021-05-02,144300290.3956781
2021-05-03,150398537.83791012
2021-05-04,142892972.88934633
2021-05-05,130511865.97904956
2021-05-06,147931913.47881052
2021-05-07,145876108.28230527
2021-05-08,155711711.25694582
2021-05-09,164515892.85833952
2021-05-10,173858371.31375724
2021-05-11,157117696.52171046
2021-05-12,153790621.24787873
2021-05-13,144108739.0619914
2021-05-14,159296050.5911474
2021-05-15,165861116.19624642
2021-05-16,168046543.57759383
2021-05-17,171256548.275682
2021-05-18,176658225.13219836
2021-05-19,173119628.07372263
2021-05-20,181189380.4316333
2021-05-21,169556691.98597947
2021-05-22,171715572.04020458
2021-05-23,127496923.91459846
2021-05-24,156334624.11764193
2021-05-25,176710629.04666767
2021-05-26,189926629.688479
2021-05-27,199130743.12266994
2021-05-28,209668352.24279797
2021-05-29,209459464.73323205
2021-05-30,215250348.4767539
2021-05-31,211263609.74267647
2021-06-01,184997212.64113683
2021-06-02,204651381.12030956
2021-06-03,203147210.75474828
2021-06-04,203725129.77048162
2021-06-05,221364226.4853079
2021-06-06,234815189.12694618
2021-06-07,247147662.0020782
2021-06-08,258718489.76059273
2021-06-09,264671513.85944438
2021-06-10,269293474.97055095
2021-06-11,265503153.26967785
2021-06-12,262000614.33049506
2021-06-13,260202152.8620302
2021-06-14,253007855.04012677
2021-06-15,240742664.10137695
2021-06-16,199155184.7965076
2021-06-17,187608302.52117905
2021-06-18,192313919.3958489
2021-06-19,231364713.97755542
2021-06-20,232867418.94485372
2021-06-21,220177517.11310807
2021-06-22,241010443.2476994
2021-06-23,252842280.17871845
2021-06-24,255600612.12440124
2021-06-25,251171875.99776787
2021-06-26,247043941.69347835
2021-06-27,260777954.08025318
2021-06-28,273975305.96677166
2021-06-29,286601153.85343933
2021-06-30,292057723.5472402
2021-07-01,251799666.065314
2021-07-02,241103142.5555568
2021-07-03,253805574.30848238
2021-07-04,269760795.84706724
2021-07-05,274847046.314693
2021-07-06,279744242.4115996
2021-07-07,279499552.8064912
2021-07-08,302754207.9761793
2021-07-09,329212783.85175127
2021-07-10,317729662.4776887
2021-07-11,317117784.8897108
2021-07-12,258279427.1485853
2021-07-13,229493117.8168621
2021-07-14,240657617.5772193
2021-07-15,285141890.1316288
2021-07-16,305957147.1420345
2021-07-17,327420388.45708835
2021-07-18,330540340.8015466
2021-07-19,258570731.82468992
2021-07-20,144906090.26677123
2021-07-21,213315380.0743877
2021-07-22,267240206.09908012
2021-07-23,261594085.7695934
2021-07-24,302230224.68298984
2021-07-25,277775964.3750116
2021-07-26,296503045.3794893
2021-07-27,296564565.85660625
2021-07-28,246603343.9629002
2021-07-29,263430365.50850895
2021-07-30,240610544.51314282
2021-07-31,261648588.44318768
2021-08-01,237871642.4454463
2021-08-02,276010716.3865387
2021-08-03,290757216.1857226
2021-08-04,287641033.694538
2021-08-05,289697958.21004474
2021-08-06,290439676.2808344
2021-08-07,295889002.3230647
2021-08-08,294949554.60014814
2021-08-09,291879438.5003338
2021-08-10,309159760.4401554
2021-08-11,315743416.50357175
2021-08-12,309465506.1998883
2021-08-13,309825836.61897296
2021-08-14,278818863.30675536
2021-08-15,236047368.50284907
2021-08-16,305708982.45393544
2021-08-17,324034334.1665355
2021-08-18,323338254.9606745
2021-08-19,312673592.4147204
2021-08-20,288995822.37858
2021-08-21,271321995.6409863
2021-08-22,262901466.1188565
2021-08-23,264464098.63047397
2021-08-24,278055133.1695539
2021-08-25,290081272.7110604
2021-08-26,291924251.2225724
2021-08-27,282879215.1198882
2021-08-28,236435173.28464767
2021-08-29,258125211.07044083
2021-08-30,267546241.79092333
2021-08-31,247483295.27368763
2021-09-01,233045508.47953686
2021-09-02,261738845.4689539
2021-09-03,268443681.6759641
2021-09-04,263396271.24697864
2021-09-05,292991788.3359041
2021-09-06,291767808.46226656
2021-09-07,289000611.4874976
2021-09-08,276149541.85261375
2021-09-09,267271507.6706315
2021-09-10,246469601.59642303
2021-09-11,208661549.48737487
2021-09-12,206251426.9993568
2021-09-13,237888176.2153456
2021-09-14,262735600.11083728
2021-09-15,271015422.075707
2021-09-16,291124033.1082726
2021-09-17,296551711.66368115
2021-09-18,295414064.3373403
2021-09-19,283919366.83928436
2021-09-20,264612954.8318774
2021-09-21,238997730.13442147
2021-09-22,234881849.23504776
2021-09-23,237951696.2734583
2021-09-24,244725131.15821168
2021-09-25,258908040.2276109
2021-09-26,278016624.87649435
2021-09-27,275220921.0123742
2021-09-28,262840512.797244
2021-09-29,261088899.99082
2021-09-30,254992842.93638733
2021-10-01,238671823.4572803
2021-10-02,206227700.73962307
2021-10-03,217619069.89628065
2021-10-04,223982463.2265089
2021-10-05,220303487.9690708
2021-10-06,232718790.92460304
2021-10-07,244891771.9226697
2021-10-08,241805132.21743935
2021-10-09,230158871.46070212
2021-10-10,195203992.42913386
2021-10-11,163015947.2648311
2021-10-12,175494852.30809253
2021-10-13,183680182.19766247
2021-10-14,197359601.4297012
2021-10-15,206082260.24297076
2021-10-16,203332937.31423038
2021-10-17,149951182.89971313
2021-10-18,112018654.51388386
2021-10-19,128067135.47465906
2021-10-20,141173975.29783428
2021-10-21,144879760.6353723
2021-10-22,90596558.72373948
2021-10-23,53629430.98220679
2021-10-24,49245963.49500844
2021-10-25,61635993.36624198
2021-10-26,68379570.44733743
2021-10-27,72730710.37794721
2021-10-28,77246555.87882556
2021-10-29,76148579.12087257
2021-10-30,80003373.13744126
2021-10-31,81551507.28059718
2021-11-01,78576568.84878877
2021-11-02,82690190.70005861
2021-11-03,84044247.2789503
2021-11-04,74550303.12347426
2021-11-05,48715347.20914373
2021-11-06,64198439.48478141
2021-11-07,69835158.09875675
2021-11-08,71876986.72349255
2021-11-09,73400876.77446872
2021-11-10,74197099.72612254
2021-11-11,77211698.64327174
2021-11-12,79488981.0317577
2021-11-13,81235269.05137649
2021-11-14,81357792.39296497
2021-11-15,82446624.55281779
2021-11-16,84149289.73620787
2021-11-17,80307809.81362495
2021-11-18,63676916.73488114
2021-11-19,76632424.3191265
2021-11-20,81756284.87788315
2021-11-21,83943498.75756243
2021-11-22,85646035.0271295
2021-11-23,87350040.65312052
2021-11-24,71763591.16035041
2021-11-25,75208613.51270059
2021-11-26,82019246.95873837
2021-11-27,73886516.0327998
2021-11-28,78504643.42733796
2021-11-29,79933288.57495575
2021-11-30,80823929.61401601
2021-12-01,83379200.0260491
2021-12-02,77298599.19486254
2021-12-03,79447267.78235513
2021-12-04,80060771.23900795
2021-12-05,53209492.356632166
2021-12-06,57547706.719086155
2021-12-07,63317115.69135915
2021-12-08,62818059.58583193
2021-12-09,61768129.195763044
2021-12-10,69528745.15006915
2021-12-11,72133128.13116
2021-12-12,67512949.33997476
2021-12-13,70114902.68989567
2021-12-14,55438265.16994917
2021-12-15,63952830.30708128
2021-12-16,61295993.37253072
2021-12-17,67054722.24481996
2021-12-18,72692293.00291342
2021-12-19,72250987.44778086
2021-12-20,70462018.8817439
2021-12-21,71220755.63088897
2021-12-22,67424184.59832071
2021-12-23,56696090.35302277
2021-12-24,63574370.93213245
2021-12-25,66697075.90550053
2021-12-26,49358764.5366199
2021-12-27,49360688.44847319
2021-12-28,60720511.92211854
2021-12-29,65305812.04188126
2021-12-30,66698182.041458696
2021-12-31,64662405.741076306
2022-01-01,52993935.557702154
2022-01-02,52140447.319050185
2022-01-03,45727987.959000796
2022-01-04,30559231.22874032
2022-01-05,24506422.99116621
2022-01-06,36951291.04241953
2022-01-07,31143805.930216826
2022-01-08,25896820.707510237
2022-01-09,33899142.061322644
2022-01-10,36359066.330845356
2022-01-11,45670133.30558944
2022-01-12,48089620.026468
2022-01-13,45237613.91890333
2022-01-14,49724036.96958013
2022-01-15,52281307.93237015
2022-01-16,49065641.75038315
2022-01-17,38160849.93458876
2022-01-18,48356179.01992427
2022-01-19,39150690.80026408
2022-01-20,49907660.75777556
2022-01-21,49634739.228620864
2022-01-22,40311104.44980982
2022-01-23,35283187.26988981
2022-01-24,47496306.220743
2022-01-25,53642709.41792765
2022-01-26,56663064.57016622
2022-01-27,61091541.63263695
2022-01-28,60322328.96924379
2022-01-29,57871539.81861899
2022-01-30,62552959.13616508
2022-01-31,54902915.69614494
2022-02-01,59744962.32147814
2022-02-02,52285315.35105545
2022-02-03,49407809.75737764
2022-02-04,56505640.404789746
2022-02-05,66039872.438525856
2022-02-06,44827448.32616179
2022-02-07,51493609.83087735
2022-02-08,56991270.90547839
2022-02-09,57283404.02925078
2022-02-10,63130904.19579017
2022-02-11,68972008.20297074
2022-02-12,71553674.86052117
2022-02-13,69234863.03717178
2022-02-14,59346467.39546444
2022-02-15,64888406.56798457
2022-02-16,70110445.61943129
2022-02-17,72423656.04329415
2022-02-18,71693936.18274342
2022-02-19,78290082.83642082
2022-02-20,83312650.19348039
2022-02-21,88449128.73236315
2022-02-22,58458796.27634607
2022-02-23,49051327.85386536
2022-02-24,59800075.357379906
2022-02-25,60305413.80148854
2022-02-26,58274988.609555356
2022-02-27,73856626.63767287
2022-02-28,69776695.04233824
2022-03-01,68786620.71380508
2022-03-02,75765114.68023899
2022-03-03,66495965.52764814
2022-03-04,79404986.06756249
2022-03-05,80573896.91869202
2022-03-06,50598480.46966946
2022-03-07,51076192.99492585
2022-03-08,68533980.22998805
2022-03-09,65575309.50640019
2022-03-10,81075019.89339395
2022-03-11,86784748.49205604
2022-03-12,82127127.38473748
2022-03-13,89917530.52292247
2022-03-14,91793567.23474896
2022-03-15,90262926.41658272
2022-03-16,95926005.27385189
2022-03-17,103279973.43016641
2022-03-18,102700856.74710646
2022-03-19,87873024.84594767
2022-03-20,89182659.31644858
2022-03-21,100123701.19804828
2022-03-22,107018005.49682793
2022-03-23,104989819.8910581
2022-03-24,102321757.3495407
2022-03-25,109765917.48210892
2022-03-26,119059845.9937667
2022-03-27,120131069.98705114
2022-03-28,113113994.7744045
2022-03-29,118534735.93942498
2022-03-30,117372921.79177697
2022-03-31,124259654.14174236
2022-04-01,132200994.53089531
2022-04-02,132702898.07229437
2022-04-03,121863071.83302756
2022-04-04,133018571.34999903
2022-04-05,139632344.37452134
2022-04-06,145970322.80112258
2022-04-07,151712621.68854252
2022-04-08,155322675.4840829
2022-04-09,140652256.1009748
2022-04-10,154254858.15475583
2022-04-11,162004334.68144867
2022-04-12,147448131.79637945
2022-04-13,126372987.83525358
2022-04-14,132643264.39770645
2022-04-15,146507809.2851386
2022-04-16,157903829.3941869
2022-04-17,169525414.17030397
2022-04-18,176612929.6564936
2022-04-19,158137908.79494044
2022-04-20,161418230.698573
2022-04-21,135178210.76827297
2022-04-22,140019069.2003401
2022-04-23,155415946.51483783
2022-04-24,168225663.17950773
2022-04-25,161908604.5438072
2022-04-26,173900162.37504297
2022-04-27,185923057.814683
2022-04-28,187366089.24983123
2022-04-29,174560723.42299742
2022-04-30,185797012.50337216
2022-05-01,198518753.60984114
2022-05-02,208461856.39008364
2022-05-03,195644173.7058977
2022-05-04,179755702.709003
2022-05-05,191922904.39376068
2022-05-06,199381497.59444827
2022-05-07,210747098.53138065
2022-05-08,219768582.981379
2022-05-09,233459001.85517335
2022-05-10,241037289.36393988
2022-05-11,251642050.42480403
2022-05-12,247565167.8292969
2022-05-13,247767861.4406564
2022-05-14,266145559.96718228
2022-05-15,236160474.34451672
2022-05-16,229498276.03981045
2022-05-17,232538371.84108284
2022-05-18,253760105.93305698
2022-05-19,250877445.3751318
2022-05-20,208081429.35688385
2022-05-21,219477341.6678962
2022-05-22,224705967.21211863
2022-05-23,188834631.55414984
2022-05-24,205924457.16814616
2022-05-25,242249660.43295106
2022-05-26,255815068.60134387
2022-05-27,271647620.4256694
2022-05-28,262354130.68316793
2022-05-29,250176303.13579306
2022-05-30,242337890.3640246
2022-05-31,244584191.81806758
2022-06-01,230064106.8277669
2022-06-02,235524398.83899716
2022-06-03,251991229.96944088
2022-06-04,264671955.648753
2022-06-05,275763115.1114012
2022-06-06,278470122.8289289
2022-06-07,276016187.764239
2022-06-08,264574150.42943284
2022-06-09,263756898.7596725
2022-06-10,262165324.28454217
2022-06-11,275479689.89387053
2022-06-12,270044001.12756574
2022-06-13,271065498.70668054
2022-06-14,294413710.65356076
2022-06-15,313316548.3622346
2022-06-16,304576696.8907967
2022-06-17,276299717.60138184
2022-06-18,231217296.73652157
2022-06-19,219567095.10851803
2022-06-20,196633644.03902957
2022-06-21,165493533.5417894
2022-06-22,158305707.1938266
2022-06-23,232062428.60989782
2022-06-24,280821684.13724387
2022-06-25,318339752.9210986
2022-06-26,332292189.5999008
2022-06-27,331134057.86350703
2022-06-28,345531065.5048257
2022-06-29,339917850.5737718
2022-06-30,330443648.8082038
2022-07-01,324670837.35272455
2022-07-02,336497267.7874488
2022-07-03,334113806.3991921
2022-07-04,324376025.30015284
2022-07-05,280178253.40613794
2022-07-06,254927539.66774723
2022-07-07,273145190.0273185
2022-07-08,286410951.1444808
2022-07-09,275357963.36139333
2022-07-10,282010435.72400105
2022-07-11,259549975.68462926
2022-07-12,276479335.1502052
2022-07-13,271896613.55371946
2022-07-14,233005766.81641284
2022-07-15,229970111.38511294
2022-07-16,238437343.11011547
2022-07-17,284962952.4673012
2022-07-18,333678031.90941226
2022-07-19,332443059.96042365
2022-07-20,328189367.5945869
2022-07-21,289270686.8994705
2022-07-22,297189180.39359456
2022-07-23,315052692.0905601
2022-07-24,257609887.8547633
2022-07-25,235687876.35035074
2022-07-26,256090246.59748235
2022-07-27,274278709.20847625
2022-07-28,235945510.85278943
2022-07-29,239765458.55088627
2022-07-30,266916203.49868974
2022-07-31,256110972.6824834
2022-08-01,228486126.53392068
2022-08-02,295902288.660205
2022-08-03,304264320.8331828
2022-08-04,309619404.55768234
2022-08-05,277973361.439968
2022-08-06,267536727.70361608
2022-08-07,294010841.6790737
2022-08-08,291638170.6068409
2022-08-09,273782066.0249761
2022-08-10,278137213.3406347
2022-08-11,264572290.70984015
2022-08-12,222962723.7927478
2022-08-13,284192263.70731556
2022-08-14,273110013.0541556
2022-08-15,250634326.09399566
2022-08-16,210950443.35026267
2022-08-17,194911420.8604354
2022-08-18,239459361.46779573
2022-08-19,287259039.4157786
2022-08-20,281194371.1907605
2022-08-21,242535108.37303862
2022-08-22,252258137.34257206
2022-08-23,254461024.96265557
2022-08-24,240893708.55564785
2022-08-25,184329663.2355127
2022-08-26,186400004.03424582
2022-08-27,203656270.24972847
2022-08-28,224161017.3655638
2022-08-29,242576440.9898399
2022-08-30,264049663.23970026
2022-08-31,274969359.3492182
2022-09-01,271054688.1574553
2022-09-02,273023141.5812689
2022-09-03,287857575.6886914
2022-09-04,284702246.8685264
2022-09-05,255999434.32697865
2022-09-06,282375905.23058236
2022-09-07,283409267.61140484
2022-09-08,282163680.3704784
2022-09-09,281823391.28326553
2022-09-10,258041291.53234884
2022-09-11,229203994.75274447
2022-09-12,246729005.57381552
2022-09-13,260392912.83779538
2022-09-14,260899964.27838284
2022-09-15,270683835.90898365
2022-09-16,276573121.6105341
2022-09-17,237853094.47676358
2022-09-18,265397583.43040895
2022-09-19,283077355.92461216
2022-09-20,274441856.37051946
2022-09-21,239163345.18334702
2022-09-22,249720748.4369416
2022-09-23,261564711.09304813
2022-09-24,223618944.1929807
2022-09-25,121333905.17559376
2022-09-26,163062977.51221037
2022-09-27,188340610.1077661
2022-09-28,183132248.38986748
2022-09-29,189451624.3717633
2022-09-30,195005316.28832826
2022-10-01,178482347.59702066
2022-10-02,166417224.96950668
2022-10-03,175526234.36376095
2022-10-04,179225947.14853224
2022-10-05,187961287.65091622
2022-10-06,168510943.66380903
2022-10-07,172017575.06658763
2022-10-08,182643312.00682068
2022-10-09,198441497.76257125
2022-10-10,191490780.95839518
2022-10-11,176339200.5887996
2022-10-12,167277319.29199582
2022-10-13,171170392.48922846
2022-10-14,185268815.9834025
2022-10-15,197479253.00291762
2022-10-16,204177892.88141122
2022-10-17,205121602.64729083
2022-10-18,194433552.15100116
2022-10-19,179285835.1182484
2022-10-20,93249255.23599046
2022-10-21,109387631.92456318
2022-10-22,125212808.30917732
2022-10-23,134110668.54161078
2022-10-24,138854900.60622317
2022-10-25,141445408.80460152
2022-10-26,143677307.79773146
2022-10-27,142817362.85416847
2022-10-28,148723173.52659363
2022-10-29,154383334.37902758
2022-10-30,156125163.1563702
2022-10-31,125695337.61644526
2022-11-01,102501085.11377944
2022-11-02,100071377.76293826
2022-11-03,109324499.17814118
2022-11-04,108129555.42651637
2022-11-05,88817821.74349818
2022-11-06,75865944.34733148
2022-11-07,64593547.830070525
2022-11-08,85260761.42543964
2022-11-09,59812562.79468863
2022-11-10,62873042.836897515
2022-11-11,69573946.54956068
2022-11-12,72296555.92572539
2022-11-13,62117065.377618335
2022-11-14,34247005.5992249
2022-11-15,54681961.03068223
2022-11-16,58004118.70735744
2022-11-17,62381651.11571844
2022-11-18,63125474.58299377
2022-11-19,39570290.08183701
2022-11-20,53750797.565658815
2022-11-21,60519101.5271998
2022-11-22,63593602.05151696
2022-11-23,64784623.952780984
2022-11-24,65826858.79151532
2022-11-25,66455965.283724934
2022-11-26,65620240.30372443
2022-11-27,69589904.43435226
2022-11-28,71232058.29251435
2022-11-29,69847896.74899475
2022-11-30,71994493.79585896
2022-12-01,72346163.52425434
2022-12-02,65428868.04122712
2022-12-03,64947730.037563495
2022-12-04,69937506.96167515
2022-12-05,72680480.38780832
2022-12-06,62280593.33313794
2022-12-07,69216866.09846851
2022-12-08,56246997.097674
2022-12-09,44994927.10003056
2022-12-10,43938012.07879796
2022-12-11,47241168.68289861
2022-12-12,46330207.9369564
2022-12-13,52189318.95560566
2022-12-14,55141065.874209695
2022-12-15,59123088.75010107
2022-12-16,59510478.042939365
2022-12-17,61917322.925596125
2022-12-18,62959624.55715521
2022-12-19,62265966.046734795
2022-12-20,66009894.01709101
2022-12-21,67812820.29939444
2022-12-22,69981145.00356625
2022-12-23,67161529.11943257
2022-12-24,70781961.32724331
2022-12-25,69878664.85175149
2022-12-26,63460436.97141931
2022-12-27,70653339.77458453
2022-12-28,73329794.64188589
2022-12-29,47766626.35330979
2022-12-30,46587065.33223611
2022-12-31,56647989.081705175
2023-01-01,61109135.655940294
2023-01-02,64007257.820500076
2023-01-03,65508336.1559292
2023-01-04,68542030.89029793
2023-01-05,71411611.68756868
2023-01-06,60792544.9961935
2023-01-07,53353935.63007835
2023-01-08,40555322.80752228
2023-01-09,40336159.67298575
2023-01-10,46825495.87038476
2023-01-11,24802246.08777218
2023-01-12,32404345.5173226
2023-01-13,31770105.620772813
2023-01-14,41932762.35833708
2023-01-15,44829442.765069515
2023-01-16,48452122.19128768
2023-01-17,52039499.11167909
2023-01-18,52059176.518348746
2023-01-19,46536955.52199874
2023-01-20,42170012.496604934
2023-01-21,43300742.987067804
2023-01-22,45050222.82070085
2023-01-23,45157394.08739642
2023-01-24,38858985.96794052
2023-01-25,36741690.06329854
2023-01-26,46563997.48449811
2023-01-27,52027417.39159882
2023-01-28,40006573.346713126
2023-01-29,35037644.038353115
2023-01-30,28395596.923876405
2023-01-31,44132480.88160219
2023-02-01,49443921.86605967
2023-02-02,43527117.11293809
2023-02-03,43142953.4621211
2023-02-04,48545801.06581895
2023-02-05,51867604.78741074
2023-02-06,40299121.76119528
2023-02-07,55510502.810788
2023-02-08,56344412.282576844
2023-02-09,37777798.63268871
2023-02-10,38217861.847019844
2023-02-11,43330364.689527355
2023-02-12,54958129.81835045
2023-02-13,57479796.662959546
2023-02-14,55796358.89568497
2023-02-15,53035160.87121134
2023-02-16,51211635.41784019
2023-02-17,50349867.56556269
2023-02-18,50915231.71452447
2023-02-19,47176321.07463305
2023-02-20,42681236.72721281
2023-02-21,59252728.875903554
2023-02-22,62893382.08725235
2023-02-23,69071526.25782362
2023-02-24,72022851.13431853
2023-02-25,67603859.4002343
2023-02-26,62107933.40672628
2023-02-27,69395638.66835026
2023-02-28,60029164.75058637
2023-03-01,55327397.59634104
2023-03-02,52370186.328260906
2023-03-03,66695393.4059908
2023-03-04,66396371.446012646
2023-03-05,71321818.087096
2023-03-06,79565867.43581578
2023-03-07,84850799.90864463
2023-03-08,90539618.47026208
2023-03-09,94102906.76031974
2023-03-10,95596143.92753758
2023-03-11,100043733.52760926
2023-03-12,93939912.43621409
2023-03-13,101528906.76360606
2023-03-14,105345432.86923668
2023-03-15,110906372.89717291
2023-03-16,105112914.30986726
2023-03-17,88133925.10636695
2023-03-18,92710533.12701686
2023-03-19,94775312.46392046
2023-03-20,96999252.96024853
2023-03-21,99250016.05240576
2023-03-22,107002650.12249197
2023-03-23,91978634.22901683
2023-03-24,95926623.5691253
2023-03-25,83825963.61900197
2023-03-26,102582369.27362049
2023-03-27,110718938.44716556
2023-03-28,114105918.03727028
2023-03-29,113370353.5387042
2023-03-30,107527012.07272665
2023-03-31,99040434.08603156
2023-04-01,82288158.97427663
2023-04-02,99117966.67142436
2023-04-03,83266819.21872945
2023-04-04,83206333.77002539
2023-04-05,100105394.79398026
2023-04-06,92229535.49481928
2023-04-07,109636926.56378387
2023-04-08,117605355.93934253
2023-04-09,120877546.21093544
2023-04-10,125089142.5623162
2023-04-11,127372471.04141368
2023-04-12,133006760.07019036
2023-04-13,138772441.73688242
2023-04-14,144421499.76392746
2023-04-15,145679402.82258555
2023-04-16,94091604.14727345
2023-04-17,112144574.67394476
2023-04-18,78418479.86715043
2023-04-19,61912643.274713196
2023-04-20,79409627.09643902
2023-04-21,92275143.85747477
2023-04-22,104835619.13156413
2023-04-23,117765156.02592658
2023-04-24,125464167.78313741
2023-04-25,128153428.86120781
2023-04-26,121598527.47168483
2023-04-27,116209508.49473189
2023-04-28,115127105.1332985
2023-04-29,128942613.82476124
2023-04-30,136720021.64272356
2023-05-01,132593559.50548191
2023-05-02,112262606.0652591
2023-05-03,125165680.42482862
2023-05-04,126618559.88568345
2023-05-05,133636403.61181767
2023-05-06,107272483.68754472
2023-05-07,111985289.0436341
2023-05-08,96199769.43840453
2023-05-09,118737051.96225351
2023-05-10,130567670.4890665
2023-05-11,140721518.50549585
2023-05-12,139703381.04667065
2023-05-13,131568389.34580335
2023-05-14,137937484.40145323
2023-05-15,144515822.70138407
2023-05-16,141223304.1829978
2023-05-17,153427726.42134055
2023-05-18,119470791.66335994
2023-05-19,148685704.89776623
2023-05-20,161651309.4741222
2023-05-21,170010458.6830599
2023-05-22,171552811.14167354
2023-05-23,130070372.8856138
2023-05-24,106281672.17692731
2023-05-25,128224457.94550742
2023-05-26,114591607.82496995
2023-05-27,138097335.86887565
2023-05-28,152745125.43816355
2023-05-29,143480922.4544743
2023-05-30,122609892.25018163
2023-05-31,103282267.04503049
2023-06-01,87185018.99968706
2023-06-02,125201322.85500538
2023-06-03,144098461.6692673
2023-06-04,162268549.23540464
2023-06-05,169615783.47104913
2023-06-06,169079473.20728418
2023-06-07,174989124.89951178
2023-06-08,180178149.2920286
2023-06-09,191643333.23158416
2023-06-10,197499808.24355978
2023-06-11,197861213.67238098
2023-06-12,197690630.16034353
2023-06-13,199485350.18743148
2023-06-14,196243440.43313944
2023-06-15,197770386.18001541
2023-06-16,213384984.35716733
2023-06-17,221140050.85097298
2023-06-18,232358453.23019838
2023-06-19,244345540.29468507
2023-06-20,258285578.11918038
2023-06-21,266622028.36326203
2023-06-22,270265422.9168189
2023-06-23,274527075.8150253
2023-06-24,273010899.51029485
2023-06-25,261869622.7104992
2023-06-26,212577780.55017728
2023-06-27,220054160.75021997
2023-06-28,228776217.4638851
2023-06-29,235426776.43802327
2023-06-30,248625180.540653
2023-07-01,264001728.9861863
2023-07-02,286206801.84697956
2023-07-03,288090190.3643422
2023-07-04,267270374.07817024
2023-07-05,205030701.45462283
2023-07-06,225572128.98294994
2023-07-07,187650881.6664814
2023-07-08,178925585.89830077
2023-07-09,148627117.07786858
2023-07-10,178605659.34088254
2023-07-11,220603011.48713297
2023-07-12,257815191.67680508
2023-07-13,283125396.76053435
2023-07-14,290702413.7384691
2023-07-15,274888209.31812567
2023-07-16,214115137.59343085
2023-07-17,241872021.63865978
2023-07-18,281185080.49920166
2023-07-19,256674565.78240857
2023-07-20,247607533.661557
2023-07-21,207681455.73211992
2023-07-22,186918802.3128766
2023-07-23,203827847.2170776
2023-07-24,258632904.61681533
2023-07-25,262013953.474211
2023-07-26,277871712.9901665
2023-07-27,264751108.04262567
2023-07-28,230629204.5979586
2023-07-29,240549872.9908004
2023-07-30,285394169.37114966
2023-07-31,290002228.7414354
2023-08-01,303725511.93767273
2023-08-02,300325240.26140875
2023-08-03,294439014.22508216
2023-08-04,293273221.0201217
2023-08-05,276438951.6705662
2023-08-06,266834059.26491624
2023-08-07,263994451.27830842
2023-08-08,313286374.48285323
2023-08-09,328288741.9768492
2023-08-10,304756021.9996982
2023-08-11,284316083.4615365
2023-08-12,307401737.14256525
2023-08-13,325550316.70054376
2023-08-14,278170457.17265564
2023-08-15,303411043.0927635
2023-08-16,303305369.3569388
2023-08-17,303836172.28317064
2023-08-18,308248601.31206995
2023-08-19,304211642.21562743
2023-08-20,312085475.0255655
2023-08-21,322606629.88779706
2023-08-22,308537850.55233186
2023-08-23,286848681.3678706
2023-08-24,241283603.19648656
2023-08-25,242011799.6136808
2023-08-26,224873729.7615936
2023-08-27,248608976.00085095
2023-08-28,264672379.6380923
2023-08-29,284767160.9730752
2023-08-30,318890934.95650786
2023-08-31,320759089.86232066
2023-09-01,313660040.4947311
2023-09-02,293298155.1993158
2023-09-03,273019141.27431566
2023-09-04,283954076.35442823
2023-09-05,281637043.70721745
2023-09-06,280494923.1733158
2023-09-07,284810559.98504674
2023-09-08,291562575.3842593
2023-09-09,302062106.129304
2023-09-10,310620118.2185687
2023-09-11,313453772.4988509
2023-09-12,309389748.4384537
2023-09-13,305538729.6399639
2023-09-14,279629895.904693
2023-09-15,263442394.2432479
2023-09-16,254585945.4401439
2023-09-17,242496289.94664583
2023-09-18,235094905.996029
2023-09-19,245860045.2643002
2023-09-20,254723020.7170417
2023-09-21,251758962.03191945
2023-09-22,248426068.29643792
2023-09-23,238613810.42392156
2023-09-24,207859821.68195483
2023-09-25,175314004.34262913
2023-09-26,204372631.32304156
2023-09-27,220578337.4773418
2023-09-28,224657937.37140816
2023-09-29,202044808.81398124
2023-09-30,202593073.1210911
2023-10-01,211098355.28647876
2023-10-02,196231279.23699126
2023-10-03,205554397.20574546
2023-10-04,212283743.60330147
2023-10-05,230662569.98684055
2023-10-06,226776503.51121932
2023-10-07,199901621.44313228
2023-10-08,197711965.60550007
2023-10-09,170986234.54253098
2023-10-10,142734821.9272381
2023-10-11,170002544.6554735
2023-10-12,186660141.61091912
2023-10-13,186498685.3779029
2023-10-14,126907156.9441259
2023-10-15,116960087.95647538
2023-10-16,79341116.72074915
2023-10-17,82736515.73766829
2023-10-18,102498641.85231012
2023-10-19,116720759.52848771
2023-10-20,124875861.83193994
2023-10-21,130211964.80615747
2023-10-22,117433707.2282291
2023-10-23,130212665.9782168
2023-10-24,135027238.33838442
2023-10-25,141309210.6931674
2023-10-26,146091099.9933011
2023-10-27,146940625.29065788
2023-10-28,150192420.89037922
2023-10-29,147611918.1326801
2023-10-30,152533005.6024316
2023-10-31,154454131.18650666
2023-11-01,136971501.02196422
2023-11-02,122634252.45138408
2023-11-03,130235784.8523119
2023-11-04,143860457.9398057
2023-11-05,148350195.04435474
2023-11-06,138785694.18469223
2023-11-07,141272972.144235
2023-11-08,140197158.23686826
2023-11-09,118691180.47040807
2023-11-10,81386618.6514022
2023-11-11,107534076.9502138
2023-11-12,118051177.0941186
2023-11-13,120150497.60055281
2023-11-14,121388551.32417603
2023-11-15,124683085.33850753
2023-11-16,122563276.39911193
2023-11-17,125685169.20478895
2023-11-18,115305930.09597518
2023-11-19,113163199.65247265
2023-11-20,123869688.95170066
2023-11-21,129370039.06847863
2023-11-22,130676980.79362802
2023-11-23,121806243.97695538
2023-11-24,117418292.07167637
2023-11-25,115570434.38003278
2023-11-26,102380960.60428417
2023-11-27,83407936.34707291
2023-11-28,98604690.43809597
2023-11-29,102183107.71453685
2023-11-30,81253149.83991565
2023-12-01,79355794.09669581
2023-12-02,91275122.74496655
2023-12-03,85675712.76022698
2023-12-04,101563553.77305697
2023-12-05,106321286.4567711
2023-12-06,107795104.5020128
2023-12-07,109088815.51196022
2023-12-08,104934649.72790007
2023-12-09,106711171.60036798
2023-12-10,109409545.53603229
2023-12-11,108681681.17645106
2023-12-12,93419129.72505695
2023-12-13,97406923.95411383
2023-12-14,98910835.55676222
2023-12-15,106028340.279932
2023-12-16,88755464.5984845
2023-12-17,78040180.95579302
2023-12-18,93597484.44205023
2023-12-19,98145912.5028198
2023-12-20,95254680.88119812
2023-12-21,102087052.90603523
2023-12-22,96416575.0376779
2023-12-23,74387627.65250704
2023-12-24,77803577.04274346
2023-12-25,88911580.68069838
2023-12-26,95716424.56802395
2023-12-27,98940489.69397077
2023-12-28,103151369.41641259
2023-12-29,106268542.05220416
2023-12-30,85951480.44592819
2023-12-31,95562366.72969864
2024-01-01,104128737.46681336
2024-01-02,108818864.52605277
2024-01-03,106659344.96909837
2024-01-04,99606667.43134038
2024-01-05,91124231.43679747
2024-01-06,109582385.56430492
2024-01-07,112824559.73131612
2024-01-08,108561385.17933102
2024-01-09,110895405.19181737
2024-01-10,118191245.40654875
2024-01-11,121501092.69420359
2024-01-12,110715139.43159029
2024-01-13,95549363.74063393
2024-01-14,109366619.41607374
2024-01-15,112905137.3666065
2024-01-16,110172951.5486453
2024-01-17,107672953.06604801
2024-01-18,117651625.02146414
2024-01-19,122332703.15068768
2024-01-20,119338547.84982833
2024-01-21,129544760.77904865
2024-01-22,129012983.48143817
2024-01-23,132469521.57196853
2024-01-24,136956462.8769138
2024-01-25,115312762.45248052
2024-01-26,95622610.71076977
2024-01-27,109627734.34376384
2024-01-28,80566401.4117141
2024-01-29,68505566.66812353
2024-01-30,67723601.82641424
2024-01-31,48831801.63500468
2024-02-01,48432769.511421934
2024-02-02,58490627.75340243
2024-02-03,41166042.80472841
2024-02-04,40692311.96882745
2024-02-05,53605983.904203355
2024-02-06,58663163.85723452
2024-02-07,61200400.05968916
2024-02-08,68210158.07259303
2024-02-09,72147503.98700376
2024-02-10,75188482.47892267
2024-02-11,78423419.06993707
2024-02-12,74576694.01233838
2024-02-13,82919030.11138102
2024-02-14,87300420.22205117
2024-02-15,90181483.53917728
2024-02-16,91949564.76382647
2024-02-17,68554231.83264266
2024-02-18,40987903.88783547
2024-02-19,25909906.933749866
2024-02-20,44564586.46284669
2024-02-21,54580137.0439865
2024-02-22,58308700.57991034
2024-02-23,64694141.84977799
2024-02-24,65741782.93864406
2024-02-25,66069919.26023317
2024-02-26,54440389.77939738
2024-02-27,64742248.14973295
2024-02-28,66153722.217760615
2024-02-29,60017609.39304633
2024-03-01,39413892.430550694
2024-03-02,33257324.631582513
2024-03-03,53751399.60123762
2024-03-04,59421459.29610923
2024-03-05,64413109.708727844
2024-03-06,62860206.23673476
2024-03-07,58825833.78848248
2024-03-08,68560724.91366418
2024-03-09,79070672.74300972
2024-03-10,71554969.37837075
2024-03-11,63817506.82213756
2024-03-12,74026702.10235938
2024-03-13,57405832.07071705
2024-03-14,70327813.73859905
2024-03-15,82627129.95007497
2024-03-16,86897804.02554628
2024-03-17,89388474.55993475
2024-03-18,90954541.99950019
2024-03-19,98347506.17904021
2024-03-20,101660248.19578797
2024-03-21,72952644.81219848
2024-03-22,75583272.91870193
2024-03-23,87749676.19929112
2024-03-24,93514998.09756985
2024-03-25,100213536.12845348
2024-03-26,94968607.28919575
2024-03-27,92692213.26857413
2024-03-28,75310299.33925657
2024-03-29,77621628.92255896
2024-03-30,65388957.927300364
2024-03-31,82802811.67624223
2024-04-01,95864775.8457676
2024-04-02,101480730.71909475
2024-04-03,79506275.37200095
2024-04-04,95147002.36513264
2024-04-05,97869211.57524702
2024-04-06,107849577.8340999
2024-04-07,111692748.22151773
2024-04-08,119883159.15909882
2024-04-09,124923336.33663088
2024-04-10,120548343.77950822
2024-04-11,112371643.33756208
2024-04-12,115217155.5960528
2024-04-13,87529919.65227611
2024-04-14,82641183.79838674
2024-04-15,72900910.35543537
2024-04-16,103034630.18284747
2024-04-17,111469982.13017252
2024-04-18,93121290.48144361
2024-04-19,88607253.79937285
2024-04-20,108518370.48862493
2024-04-21,117373044.34754893
2024-04-22,125518088.53374603
2024-04-23,130447873.10772848
2024-04-24,137467339.7176966
2024-04-25,145098903.4811548
2024-04-26,136336369.8302122
2024-04-27,95644872.10356358
2024-04-28,99244447.6607489
2024-04-29,74375267.63041285
2024-04-30,106422350.21129516
2024-05-01,118149802.2535853
2024-05-02,130517233.18905744
2024-05-03,113097848.9703082
2024-05-04,112395864.38160457
2024-05-05,130423217.49430002
2024-05-06,139108179.9989135
2024-05-07,148047679.35151923
2024-05-08,155337886.32700506
2024-05-09,161500412.50012743
2024-05-10,152037705.2545375
2024-05-11,155354577.7778581
2024-05-12,127729608.51770255
2024-05-13,153197486.79700583
2024-05-14,168585108.2499254
2024-05-15,174770454.76726592
2024-05-16,178892187.34220496
2024-05-17,183152394.75455797
2024-05-18,171064381.45647117
2024-05-19,175449588.96027622
2024-05-20,186249463.30688035
2024-05-21,195909532.18840575
2024-05-22,215764418.3390595
2024-05-23,224794327.09420443
2024-05-24,229435713.92646632
2024-05-25,235015285.64486995
2024-05-26,240623586.6439905
2024-05-27,249270103.91981116
2024-05-28,255065744.47605303
2024-05-29,241888089.1015448
2024-05-30,228437609.45978993
2024-05-31,224568649.5845238
2024-06-01,222783324.8072562
2024-06-02,245483513.9767963
2024-06-03,256892321.62069517
2024-06-04,250864515.28835225
2024-06-05,222486440.26749182
2024-06-06,204776842.72452042
2024-06-07,195523190.7467688
2024-06-08,203404154.8749709
2024-06-09,226897615.81033084
2024-06-10,246988728.5127308
2024-06-11,257568377.06018937
2024-06-12,266212724.31136048
2024-06-13,267846480.6984269
2024-06-14,263049502.31428292
2024-06-15,273076969.5533845
2024-06-16,284552250.2748924
2024-06-17,283687067.3451797
2024-06-18,265682541.6566977
2024-06-19,267064383.8404797
2024-06-20,249710662.39065507
2024-06-21,223516803.6337814
2024-06-22,238147351.61343655
2024-06-23,256068777.04135585
2024-06-24,271951241.04472995
2024-06-25,284888182.63226044
2024-06-26,293548777.4963129
2024-06-27,303020712.70526844
2024-06-28,296606029.93299276
2024-06-29,288318864.237236
2024-06-30,299949192.0468324
2024-07-01,304709559.15537786
2024-07-02,307177737.7219519
2024-07-03,326768530.7734762
2024-07-04,322830247.0308669
2024-07-05,284501591.0989786
2024-07-06,271460109.93849194
2024-07-07,296646080.9864943
2024-07-08,309626049.24443716
2024-07-09,327296830.8682173
2024-07-10,317257584.9387249
2024-07-11,316453127.25933003
2024-07-12,315422918.15247065
2024-07-13,309417674.70386803
2024-07-14,283548055.938999
2024-07-15,315918245.53877616
2024-07-16,326272524.4870528
2024-07-17,329138494.84032875
2024-07-18,294178578.08020043
2024-07-19,314544607.13974416
2024-07-20,324213314.37148035
2024-07-21,321957323.48897654
2024-07-22,326058015.6862783
2024-07-23,302350796.7666297
2024-07-24,295761301.0370535
2024-07-25,320398171.32256097
2024-07-26,336107849.1872373
2024-07-27,333602217.9658787
2024-07-28,326166564.5903231
2024-07-29,287200732.9743014
2024-07-30,254720074.47448522
2024-07-31,273031546.46317774
2024-08-01,270374949.3664717
2024-08-02,281838585.4272796
2024-08-03,290398497.41615933
2024-08-04,237562264.79596803
2024-08-05,259985773.75510374
2024-08-06,271025461.4115002
2024-08-07,287332250.7483284
2024-08-08,303208374.6429102
2024-08-09,329105549.74149805
2024-08-10,324717889.10586274
2024-08-11,275240796.8265386
2024-08-12,301993968.1687393
2024-08-13,331107839.92537373
2024-08-14,324235694.45481306
2024-08-15,280194173.79429805
2024-08-16,258338198.19821003
2024-08-17,242125495.564239
2024-08-18,234438294.59345755
2024-08-19,258213296.96999043
2024-08-20,264080136.74746504
2024-08-21,248168612.8336067
2024-08-22,285320136.07203925
2024-08-23,293030470.9028971
2024-08-24,302302429.363175
2024-08-25,294968362.58084595
2024-08-26,290148818.42730707
2024-08-27,259103626.9905334
2024-08-28,189019086.1498647
2024-08-29,174543242.2794522
2024-08-30,162219088.47092527
2024-08-31,220080129.46032247
2024-09-01,249443144.07058182
2024-09-02,235761393.39968726
2024-09-03,207250512.15640202
2024-09-04,256095215.98645446
2024-09-05,281573004.8645374
2024-09-06,266323358.98512924
2024-09-07,261162539.4343842
2024-09-08,265599437.9018338
2024-09-09,264720410.92687693
2024-09-10,269700233.9865233
2024-09-11,267422654.93737757
2024-09-12,288362934.4739553
2024-09-13,286451523.4571688
2024-09-14,246035145.52083957
2024-09-15,255738444.97826737
2024-09-16,269220768.35877645
2024-09-17,266131699.40154782
2024-09-18,268102494.86687925
2024-09-19,227947098.51756638
2024-09-20,246786764.1568102
2024-09-21,274292926.533606
2024-09-22,288445313.655996
2024-09-23,292287688.2942722
2024-09-24,291123095.569797
2024-09-25,281755699.7827979
2024-09-26,247683879.94423878
2024-09-27,186662441.12585184
2024-09-28,209364320.1645166
2024-09-29,232090230.12177348
2024-09-30,248550289.94044337
2024-10-01,254518570.8915399
2024-10-02,253975072.7724071
2024-10-03,259835386.14726526
2024-10-04,251917135.82941645
2024-10-05,237023152.64495733
2024-10-06,212625521.01134226
2024-10-07,213774566.14761478
2024-10-08,163384783.22831765
2024-10-09,179993297.18459418
2024-10-10,191194107.5231006
2024-10-11,211261874.85658562
2024-10-12,221495916.50907463
2024-10-13,224282611.35367823
2024-10-14,220973177.6209065
2024-10-15,224440547.85979688
2024-10-16,214403030.17610124
2024-10-17,193592053.9347291
2024-10-18,187037188.35910818
2024-10-19,211762933.94345456
2024-10-20,221499247.99698988
2024-10-21,219782922.40455154
2024-10-22,211302090.31762737
2024-10-23,191782578.56035817
2024-10-24,174462449.89438537
2024-10-25,180384286.35465607
2024-10-26,191693376.02824938
2024-10-27,189680048.12242004
2024-10-28,158030021.35344273
2024-10-29,118037614.21493854
2024-10-30,120189022.61932783
2024-10-31,134271123.98095775
2024-11-01,138826178.91059178
2024-11-02,146914911.30948108
2024-11-03,152002237.92560586
2024-11-04,156382194.93162873
2024-11-05,159270999.17158258
2024-11-06,160544674.5633786
2024-11-07,162388822.9401013
2024-11-08,152513051.94232997
2024-11-09,146496476.08458036
2024-11-10,122286300.37284243
2024-11-11,95696994.96918206
2024-11-12,104571449.5264569
2024-11-13,95591183.97275825
2024-11-14,84090638.60478307
2024-11-15,82075050.7352508
2024-11-16,80625773.56972031
2024-11-17,94506451.77718
2024-11-18,99083238.63260125
2024-11-19,103303383.47869967
2024-11-20,103597699.96371277
2024-11-21,100001959.4935992
2024-11-22,94070670.56892583
2024-11-23,79691412.48181628
2024-11-24,82850911.62507446
2024-11-25,92772152.78342554
2024-11-26,96175613.29354914
2024-11-27,99794978.6477964
2024-11-28,100920979.80578779
2024-11-29,86229567.15825875
2024-11-30,77342338.5919666
2024-12-01,81492399.33634564
2024-12-02,82325354.89957766
2024-12-03,77053725.48893031
2024-12-04,88325893.08657105
2024-12-05,92509323.69879723
2024-12-06,94481428.27789575
2024-12-07,82693141.86771163
2024-12-08,66770016.10178721
2024-12-09,73641086.54382142
2024-12-10,73431993.02918677
2024-12-11,60661827.77987906
2024-12-12,56795204.41488741
2024-12-13,68872947.33483914
2024-12-14,65448594.49315198
2024-12-15,67583648.60732815
2024-12-16,74017701.26648371
2024-12-17,77275318.18325716
2024-12-18,64291894.74416956
2024-12-19,82296665.87580378
2024-12-20,84388182.79459384
2024-12-21,82872546.92670721
2024-12-22,62965367.966485634
2024-12-23,64718812.98616361
2024-12-24,76086674.0559665
2024-12-25,82543254.93972935
2024-12-26,85374779.04736674
2024-12-27,79554503.43714492
2024-12-28,59236902.43658932
2024-12-29,69602822.90520735
2024-12-30,73031938.47387807
2024-12-31,71419876.13117838
2025-01-01,58651774.03901217
2025-01-02,39920600.459062405
2025-01-03,38984087.65717959
2025-01-04,34277520.73969415
2025-01-05,35292902.1396143
2025-01-06,38829330.327377625
2025-01-07,47338539.53439139
2025-01-08,51298310.05491928
2025-01-09,53685955.072558515
2025-01-10,54187007.36009374
2025-01-11,51111299.913569264
2025-01-12,54403692.11751576
2025-01-13,60239806.818584524
2025-01-14,55068468.60295254
2025-01-15,64257048.25962822
2025-01-16,47775554.957533635
2025-01-17,57415276.294665284
2025-01-18,44022658.40843732
2025-01-19,35540625.83828341
2025-01-20,44385112.62693835
2025-01-21,46632044.0862471
2025-01-22,51279379.78549638
2025-01-23,54392781.36837315
2025-01-24,61091381.69800018
2025-01-25,64884464.78769402
2025-01-26,66685194.08862961
2025-01-27,68831423.48260349
2025-01-28,67914717.18686646
2025-01-29,41581005.61325225
2025-01-30,51593458.25517261
2025-01-31,52987814.64222349
2025-02-01,50345638.36577755
2025-02-02,60565416.10018453
2025-02-03,65797325.78342805
2025-02-04,61815536.29458762
2025-02-05,60707527.6345156
2025-02-06,65550703.98878747
2025-02-07,71194608.40804684
2025-02-08,71876025.31366934
2025-02-09,67154258.8205875
2025-02-10,52952940.92236979
2025-02-11,56838617.75011943
2025-02-12,63280877.33838316
2025-02-13,71679061.86062221
2025-02-14,71942678.50465155
2025-02-15,70169477.69272898
2025-02-16,62577733.73444018
2025-02-17,68951317.85659403
2025-02-18,76296602.50159651
2025-02-19,76028988.36118017
2025-02-20,47974919.873496495
2025-02-21,65917045.3233728
2025-02-22,67330549.72484642
2025-02-23,75431102.3398614
2025-02-24,79848904.67293769
2025-02-25,55796477.458607815
2025-02-26,41932228.107845575
2025-02-27,35191537.00416494
2025-02-28,42744797.86332983
2025-03-01,62085110.47387448
2025-03-02,67534177.02345611
2025-03-03,36206145.83256286
2025-03-04,54809873.84290016
2025-03-05,68615687.47549069
2025-03-06,69037166.98230681
2025-03-07,73354812.17748065
2025-03-08,79309930.86269079
2025-03-09,74699261.98137026
2025-03-10,48290495.099964984
2025-03-11,65166555.416266344
2025-03-12,62753370.58086877
2025-03-13,61319127.84652928
2025-03-14,61746142.699351415
2025-03-15,55809965.9749253
2025-03-16,77905096.51652996
2025-03-17,85175079.76772738
2025-03-18,89687863.86370856
2025-03-19,89079624.99217711
2025-03-20,90611800.8130421
2025-03-21,96068138.38059554
2025-03-22,103684333.18528481
2025-03-23,106908368.1365382
2025-03-24,94913034.93046822
2025-03-25,76155931.98316951
2025-03-26,68567881.72481245
2025-03-27,71489112.17552462
2025-03-28,77560812.93347208
2025-03-29,93564207.29750836
2025-03-30,97392774.18495636
2025-03-31,101936177.40765995
2025-04-01,107065846.73642847
2025-04-02,110922757.71534549
2025-04-03,92835814.5588072
2025-04-04,110295248.45493506
2025-04-05,119108485.30250368
2025-04-06,122847441.5835795
2025-04-07,124379638.5446818
2025-04-08,113901982.71746427
2025-04-09,111731523.62817995
2025-04-10,114211654.2368319
2025-04-11,108394334.40782931
2025-04-12,120371901.99973089
2025-04-13,132179500.14308812
2025-04-14,141313991.32113624
2025-04-15,148645424.66783342
2025-04-16,135889622.11847052
2025-04-17,144626993.75437608
2025-04-18,124164607.80218583
2025-04-19,76171720.4727916
2025-04-20,83051699.4068557
2025-04-21,103702305.54294367
2025-04-22,110922236.37263592
2025-04-23,118908045.43221241
2025-04-24,121157895.06953308
2025-04-25,129216366.85957068
2025-04-26,124588254.64859974
2025-04-27,141601754.99668688
2025-04-28,149109144.29934433
2025-04-29,154583360.3680324
2025-04-30,159301339.275988
2025-05-01,159714763.6885516
2025-05-02,151682844.6421827
2025-05-03,138135455.12378716
2025-05-04,144519944.34870568
2025-05-05,159454423.12040263
2025-05-06,168199486.84565303
2025-05-07,176297436.34299275
2025-05-08,172770686.47311375
2025-05-09,137929881.63751265
2025-05-10,158214572.2494308
2025-05-11,173011399.9254198
2025-05-12,176754429.73292074
2025-05-13,191497046.93732658
2025-05-14,204722048.138264
2025-05-15,220965878.6469642
2025-05-16,230265699.65072262
2025-05-17,232670077.17704406
2025-05-18,236192556.1665924
2025-05-19,227690016.45144266
2025-05-20,238921068.6905252
2025-05-21,247591873.30398875
2025-05-22,260987489.76966396
2025-05-23,260995075.9590998
2025-05-24,254487334.09344497
2025-05-25,264355970.9639136
2025-05-26,274053505.19377965
2025-05-27,252035584.34735855
2025-05-28,221157618.0989716
2025-05-29,232164343.40878677
2025-05-30,185942661.52519727
2025-05-31,149656137.9307151
2025-06-01,194522374.27229688
2025-06-02,187354179.5967382
2025-06-03,172278410.8871491
2025-06-04,186694560.3007982
2025-06-05,214379666.8977335
2025-06-06,247306170.29512838
2025-06-07,259354498.4706282
2025-06-08,267814016.81136566
2025-06-09,276913563.1438784
2025-06-10,282676812.26220655
2025-06-11,283222515.1883817
2025-06-12,285898177.9770352
2025-06-13,277775026.2147836
2025-06-14,256847204.3430795
2025-06-15,267296180.2748271
2025-06-16,213907216.15633264
2025-06-17,229680857.10303247
2025-06-18,276333388.9691014
2025-06-19,320939445.8752351
2025-06-20,324435667.9825094
2025-06-21,309439190.07263786
2025-06-22,272872815.946724
2025-06-23,303245879.9813
2025-06-24,322730671.72325164
2025-06-25,315252675.9664627
2025-06-26,282765382.8833266
2025-06-27,241421418.93052742
2025-06-28,287199727.1306141
2025-06-29,304939758.4340028
2025-06-30,297988873.8630356
2025-07-01,324762373.4458992
2025-07-02,305469712.21643335
2025-07-03,341016650.28466475
2025-07-04,359937280.5887744
2025-07-05,363114324.8253363
2025-07-06,317824553.07915956
2025-07-07,327337489.8441478
2025-07-08,272025995.45331514
2025-07-09,256909125.46085778
2025-07-10,271086118.3828813
2025-07-11,289027829.92502445
2025-07-12,316522759.06807446
2025-07-13,305007403.29070723
2025-07-14,270664668.0423215
2025-07-15,227380371.20269552
2025-07-16,181014094.33725777
2025-07-17,203159693.31708324
2025-07-18,249515045.60599765
2025-07-19,249995872.94248128
2025-07-20,268281222.79539555
2025-07-21,262548399.62368208
2025-07-22,237531091.9493128
2025-07-23,229357731.16872606
2025-07-24,250751895.28563052
2025-07-25,246624144.00353777
2025-07-26,274199497.02338403
2025-07-27,294354901.99692386
2025-07-28,295667133.78249854
2025-07-29,306290397.5684287
2025-07-30,238919310.46501285
2025-07-31,278454353.15286666
2025-08-01,277539845.5966206
2025-08-02,249964875.5465624
2025-08-03,294981452.39407796
2025-08-04,313640899.55106735
2025-08-05,309397284.61279315
2025-08-06,288503250.25140387
2025-08-07,316959400.9135859
2025-08-08,321342631.95163834
2025-08-09,310840320.5958803
2025-08-10,298112603.5503688
2025-08-11,300765776.7463776
2025-08-12,287632756.6736396
2025-08-13,277757446.67687464
2025-08-14,243203137.20613414
2025-08-15,197991817.27154166
2025-08-16,273238708.53099716
2025-08-17,287192733.13950574
2025-08-18,198456653.42951408
2025-08-19,263853759.29667684
2025-08-20,272378628.7251926
2025-08-21,311309758.27826387
2025-08-22,329856037.3053222
2025-08-23,298752809.4582659
2025-08-24,187765312.53653997
2025-08-25,211376763.92981952
2025-08-26,180566255.26134604
2025-08-27,199371021.82222772
2025-08-28,237786518.21273586
2025-08-29,252645895.9184179
2025-08-30,252196522.84326255
2025-08-31,241525247.70949394
2025-09-01,248136518.65847135
2025-09-02,194446703.0699217
2025-09-03,152453859.88649327
2025-09-04,199415916.82175115
2025-09-05,218914068.43431473
2025-09-06,226245897.7513691
2025-09-07,218009120.84257653
2025-09-08,201718392.19947574
2025-09-09,218070368.76125845
2025-09-10,263410363.46841297
2025-09-11,292008093.52878946
2025-09-12,299629484.9951167
2025-09-13,289729906.4756238
2025-09-14,284593136.6785504
2025-09-15,281732826.58724916
2025-09-16,257473541.77005038
2025-09-17,267530668.81277445
2025-09-18,253903680.79336736
2025-09-19,253477986.294419
2025-09-20,270731669.03305846
2025-09-21,286937751.00186527
2025-09-22,287713487.63630944
2025-09-23,278223516.39542174
2025-09-24,264249672.38377044
2025-09-25,253901444.10486168
2025-09-26,266322572.15966097
2025-09-27,275224798.0684681
2025-09-28,275743795.95232105
2025-09-29,262296290.47806692
2025-09-30,266216823.30343437
2025-10-01,259096082.30885777
2025-10-02,233148921.211411
2025-10-03,214756338.9209439
2025-10-04,206067669.81816396
2025-10-05,178557644.71085313
2025-10-06,72164042.8493374
2025-10-07,77254904.23978388
2025-10-08,90961543.46156044
2025-10-09,97729476.98151465
2025-10-10,105649482.4024929
2025-10-11,108332439.84949341
2025-10-12,122171439.0993431
2025-10-13,131266799.53682978
2025-10-14,137729640.2561944
2025-10-15,142696759.84229183
2025-10-16,148300870.61351907
2025-10-17,153549450.8573208
2025-10-18,156997203.8355739
2025-10-19,156437796.5336688
2025-10-20,159182034.19087252
2025-10-21,153265067.24300852
2025-10-22,150512576.78507087
2025-10-23,152935029.40331385
2025-10-24,162922459.100474
2025-10-25,166714920.19097853
2025-10-26,168777557.00233793
2025-10-27,169923515.34133834
2025-10-28,167600362.76258212
2025-10-29,170878736.55284864
2025-10-30,172485971.94518524
2025-10-31,179763973.11186394
2025-11-01,181734265.6075302
2025-11-02,181233168.15528238
2025-11-03,177030306.98858175
2025-11-04,119728342.00858115
2025-11-05,119643270.09985316
2025-11-06,133675727.61126633
2025-11-07,139306121.13770497
2025-11-08,142917865.66928163
2025-11-09,145520656.44088
2025-11-10,145481210.18698722
2025-11-11,144511469.3185697
2025-11-12,148005412.79349986
2025-11-13,150186350.44006684
2025-11-14,151403572.6394209
2025-11-15,152871539.96735412
2025-11-16,149573301.62229404
2025-11-17,151251413.15667817
2025-11-18,152572061.7256039
2025-11-19,150998426.15216082
2025-11-20,145446732.5052268
2025-11-21,141533425.71231332
2025-11-22,145588588.7970414
2025-11-23,150709494.23685703
2025-11-24,152143599.3145034
2025-11-25,153414721.81977445
2025-11-26,153380534.5415473
2025-11-27,153295200.18248716
2025-11-28,152381043.58660188
2025-11-29,151324188.53952953
2025-11-30,150227457.72268322
2025-12-01,117159144.10792062
2025-12-02,120686767.3261914
2025-12-03,129128544.56421024
2025-12-04,121063603.1659087
2025-12-05,95186103.29827462
2025-12-06,115391346.78916137
2025-12-07,106008472.12974457
2025-12-08,108736789.57780258
2025-12-09,113139028.96400097
2025-12-10,115497266.50487693
2025-12-11,116793564.10974136
2025-12-12,118034250.55688165
2025-12-13,84585480.97288276
2025-12-14,82488606.03582038
2025-12-15,72625089.97767478
2025-12-16,85704449.77181889
2025-12-17,86354126.06609982
2025-12-18,65828368.80301613
2025-12-19,84099756.28919695
2025-12-20,68412191.82174425
2025-12-21,38212857.70435663
2025-12-22,41492884.65196877
2025-12-23,51851992.004460566
2025-12-24,57968470.6054249
2025-12-25,61223290.29391992
2025-12-26,53406237.248980016
2025-12-27,61226139.917931385
2025-12-28,53285844.73486143
2025-12-29,53748652.54324491
2025-12-30,46026783.618389085
2025-12-31,37333129.954090536
