date,runoff
2000-01-01,2.730190213309491
2000-01-02,2.744401216945227
2000-01-03,2.7265673992607526
2000-01-04,2.628572004032778
2000-01-05,2.546135415947613
2000-01-06,2.533316509345291
2000-01-07,2.4336622664303165
2000-01-08,3.085853043081713
2000-01-09,2.9506877751947895
2000-01-10,2.612059755104723
2000-01-11,2.780776119056869
2000-01-12,3.7933195826396653
2000-01-13,2.8727816664778127
2000-01-14,2.2968354656744525
2000-01-15,2.1360415915976843
2000-01-16,2.0785988438290106
2000-01-17,2.087021856375184
2000-01-18,2.179344530367092
2000-01-19,2.2408503878496435
2000-01-20,2.0751210537026896
2000-01-21,2.032978271064805
2000-01-22,2.049859822380777
2000-01-23,2.0125033971104846
2000-01-24,2.021109946262019
2000-01-25,2.1958759217723918
2000-01-26,2.141284416783966
2000-01-27,1.965802622659532
2000-01-28,1.9238675201932591
2000-01-29,1.9261174418105222
2000-01-30,1.9555986304420465
2000-01-31,2.285068509493971
2000-02-01,3.3402994781148196
2000-02-02,2.021936499035241
2000-02-03,1.906408844851686
2000-02-04,1.9151735971700028
2000-02-05,1.8895594822571564
2000-02-06,1.8455559611028323
2000-02-07,1.8326097456409656
2000-02-08,1.83093799077997
2000-02-09,1.9683401883671088
2000-02-10,1.9838733697163995
2000-02-11,1.8449565687709872
2000-02-12,1.781459944680625
2000-02-13,1.740620487924739
2000-02-14,1.7278349924686494
2000-02-15,1.7097228619763072
2000-02-16,1.832512609762889
2000-02-17,1.7474107365470894
2000-02-18,1.7050879529659069
2000-02-19,1.6843579335612986
2000-02-20,1.685342073630468
2000-02-21,1.6908812687348795
2000-02-22,1.6804285637303895
2000-02-23,1.6551605813205237
2000-02-24,1.618812304369959
2000-02-25,1.6034783351216835
2000-02-26,1.5962813169092822
2000-02-27,1.6610439483733739
2000-02-28,1.7142403011447667
2000-02-29,1.8967147441763497
2000-03-01,1.8108999050715395
2000-03-02,1.7726124955962097
2000-03-03,1.7698322944854408
2000-03-04,3.1260487578444054
2000-03-05,1.7113925498234595
2000-03-06,1.6665707293861336
2000-03-07,1.7150283824981134
2000-03-08,1.6665118126527345
2000-03-09,1.6058829780302795
2000-03-10,1.6818033561585275
2000-03-11,1.9764810108561435
2000-03-12,1.744801745508961
2000-03-13,1.7041157627587797
2000-03-14,1.7755012113856627
2000-03-15,1.8462752234921147
2000-03-16,2.173291307286013
2000-03-17,1.9558110613010689
2000-03-18,1.9391055457586164
2000-03-19,1.8975096252326866
2000-03-20,1.9487159161152796
2000-03-21,2.107993076551778
2000-03-22,2.282384820297069
2000-03-23,2.2857657907932407
2000-03-24,2.230330827466998
2000-03-25,2.527311523477821
2000-03-26,2.6686075335258956
2000-03-27,2.5468782521492126
2000-03-28,3.5357083711444464
2000-03-29,4.550141725130381
2000-03-30,6.707195791317259
2000-03-31,5.361528669020123
2000-04-01,2.759896325488009
2000-04-02,2.2301849857447498
2000-04-03,2.791884210873761
2000-04-04,3.520571137124709
2000-04-05,2.7553047571550398
2000-04-06,2.5723242223993243
2000-04-07,2.5198370393803886
2000-04-08,3.7456421514169556
2000-04-09,3.6917957102770322
2000-04-10,4.3128082959602265
2000-04-11,5.4039023860485536
2000-04-12,6.485936443281231
2000-04-13,6.684847220493593
2000-04-14,6.483021053525745
2000-04-15,5.988835205517563
2000-04-16,6.260333771576334
2000-04-17,8.267505431167923
2000-04-18,11.396370084660449
2000-04-19,11.68655749481975
2000-04-20,15.19660632302437
2000-04-21,14.690441172840256
2000-04-22,17.66662264056505
2000-04-23,22.078680426517828
2000-04-24,17.959042288100015
2000-04-25,19.920234935321645
2000-04-26,22.435137191407524
2000-04-27,22.463498893818425
2000-04-28,22.752257233405206
2000-04-29,18.791629295986073
2000-04-30,18.95926351934379
2000-05-01,23.96959193923748
2000-05-02,31.198786833374662
2000-05-03,44.01551928793391
2000-05-04,48.04559140195159
2000-05-05,41.877631407413695
2000-05-06,40.38729690175283
2000-05-07,43.69504744707809
2000-05-08,55.94644005488531
2000-05-09,71.30511821575611
2000-05-10,83.29790769166077
2000-05-11,95.63351580122234
2000-05-12,102.44481061653175
2000-05-13,111.13769328892235
2000-05-14,125.13471167495871
2000-05-15,121.1573988359385
2000-05-16,140.0534699030732
2000-05-17,139.99931281263048
2000-05-18,143.82084387227084
2000-05-19,164.32808679925182
2000-05-20,167.09117709494694
2000-05-21,154.71485960207434
2000-05-22,158.31648202016956
2000-05-23,135.77453078447886
2000-05-24,118.82622459055312
2000-05-25,108.47221306761834
2000-05-26,86.09567628748289
2000-05-27,80.9202081729457
2000-05-28,91.67262243536464
2000-05-29,95.44860911566543
2000-05-30,72.61689931371919
2000-05-31,59.21125251214732
2000-06-01,50.08831736379683
2000-06-02,62.31470816945477
2000-06-03,62.52331941470356
2000-06-04,38.516687894765944
2000-06-05,30.202766609710512
2000-06-06,37.76030836937329
2000-06-07,51.1835725771519
2000-06-08,64.06537302199965
2000-06-09,71.52497546259393
2000-06-10,58.037424181854604
2000-06-11,43.62177536784869
2000-06-12,41.31657088872994
2000-06-13,46.25503191232094
2000-06-14,61.52586178357406
2000-06-15,77.13250542363414
2000-06-16,74.58101517014644
2000-06-17,72.47735003542668
2000-06-18,73.07273785921146
2000-06-19,77.98569061493903
2000-06-20,78.14153064761095
2000-06-21,63.56978567685276
2000-06-22,49.04032323643856
2000-06-23,45.61702637530718
2000-06-24,42.237948160077984
2000-06-25,39.25885293164527
2000-06-26,40.19784687132227
2000-06-27,38.200087736758825
2000-06-28,34.95095750115373
2000-06-29,32.718250125222916
2000-06-30,49.154768381260524
2000-07-01,34.00857734334675
2000-07-02,33.40955257778806
2000-07-03,28.706885125378474
2000-07-04,24.9554930973652
2000-07-05,20.269921552988848
2000-07-06,20.020196727838574
2000-07-07,21.087341124352587
2000-07-08,22.450952640358427
2000-07-09,19.018642250411936
2000-07-10,18.88106765953787
2000-07-11,21.253082649621593
2000-07-12,25.643010930227565
2000-07-13,29.240322908656854
2000-07-14,33.28663122254405
2000-07-15,29.09176154146153
2000-07-16,23.986165210034915
2000-07-17,23.08643780835703
2000-07-18,21.706528747330108
2000-07-19,13.527440139687823
2000-07-20,18.180739260611002
2000-07-21,28.07517127069627
2000-07-22,48.546326229180806
2000-07-23,59.074117240273175
2000-07-24,53.285633052286535
2000-07-25,39.35746955951934
2000-07-26,22.615185370939024
2000-07-27,16.573350502689387
2000-07-28,20.411403689109818
2000-07-29,25.15905031055649
2000-07-30,25.189437931564214
2000-07-31,44.26082031271768
2000-08-01,67.57967656606114
2000-08-02,31.50491606120532
2000-08-03,18.809537309605425
2000-08-04,14.5953008246042
2000-08-05,12.291304293800797
2000-08-06,14.0211198096474
2000-08-07,16.90525510607689
2000-08-08,17.0614288930069
2000-08-09,19.755058460288197
2000-08-10,25.26470483129514
2000-08-11,22.747500384953245
2000-08-12,27.584117360442292
2000-08-13,32.53201822761959
2000-08-14,24.88355307073569
2000-08-15,18.23087941759504
2000-08-16,14.254687574469287
2000-08-17,13.47588224183841
2000-08-18,22.744302066466698
2000-08-19,18.006852171270566
2000-08-20,13.802238314934803
2000-08-21,17.074033933856022
2000-08-22,16.828167938652857
2000-08-23,15.943311463946513
2000-08-24,12.902960704376593
2000-08-25,11.340357960417283
2000-08-26,10.596464948414587
2000-08-27,11.89014972970619
2000-08-28,11.38734238393897
2000-08-29,11.038507210134592
2000-08-30,13.209536208358463
2000-08-31,16.56070913324021
2000-09-01,15.3491430418091
2000-09-02,12.214489737138448
2000-09-03,11.082704589749675
2000-09-04,11.958874735345738
2000-09-05,11.638014963524894
2000-09-06,11.707165171381302
2000-09-07,13.75301762355455
2000-09-08,12.052123956177747
2000-09-09,13.251757692735563
2000-09-10,10.921283176592453
2000-09-11,8.878868787808742
2000-09-12,7.9852008310164875
2000-09-13,8.440693270553853
2000-09-14,8.045323806161097
2000-09-15,7.348639547474242
2000-09-16,6.959413563175239
2000-09-17,6.9318316033219585
2000-09-18,7.011746000286704
2000-09-19,9.694000860274421
2000-09-20,15.488357972572828
2000-09-21,14.84903511318798
2000-09-22,13.16504044236944
2000-09-23,10.537661962576355
2000-09-24,9.15111771217894
2000-09-25,9.202196395192667
2000-09-26,12.043578812498227
2000-09-27,9.424432126757702
2000-09-28,7.732272136437835
2000-09-29,7.65709007480638
2000-09-30,7.7627517162730895
2000-10-01,8.844047941311318
2000-10-02,9.335248791689386
2000-10-03,7.8745420823859815
2000-10-04,7.6628909265878145
2000-10-05,10.620536065642153
2000-10-06,13.078051729748639
2000-10-07,12.761677585724806
2000-10-08,10.430599027075893
2000-10-09,8.353880104627093
2000-10-10,7.343878866564115
2000-10-11,7.005806236480382
2000-10-12,6.774967737722337
2000-10-13,6.45358808716284
2000-10-14,6.2065237166761715
2000-10-15,6.395595482926742
2000-10-16,7.318767723820955
2000-10-17,7.8295029410398485
2000-10-18,6.7591848261654395
2000-10-19,7.688727465344992
2000-10-20,6.785462745454379
2000-10-21,6.343125866127069
2000-10-22,6.3156925566202275
2000-10-23,6.564489336333732
2000-10-24,6.118832635726125
2000-10-25,5.979102132944204
2000-10-26,5.513072417727582
2000-10-27,5.446422397104257
2000-10-28,5.70595290901906
2000-10-29,6.172757237251193
2000-10-30,6.140711299622178
2000-10-31,5.652785496822759
2000-11-01,5.721519467994277
2000-11-02,6.73988886976651
2000-11-03,5.635240405681089
2000-11-04,5.39564069735215
2000-11-05,5.306591869152939
2000-11-06,5.764690908687369
2000-11-07,5.832018079038929
2000-11-08,6.1185308232172995
2000-11-09,5.305797389580629
2000-11-10,4.8806935252183505
2000-11-11,5.680387682022126
2000-11-12,5.368737943675006
2000-11-13,4.434555911743905
2000-11-14,4.222357485830494
2000-11-15,4.6080802364603555
2000-11-16,4.488623897702091
2000-11-17,4.439616929443883
2000-11-18,4.055307505809358
2000-11-19,4.015635962846384
2000-11-20,4.178690477902546
2000-11-21,4.107838044768454
2000-11-22,3.7942255430288783
2000-11-23,4.044332591670697
2000-11-24,3.692608619729677
2000-11-25,3.5254147575145565
2000-11-26,3.4386238615375513
2000-11-27,3.3883672366539646
2000-11-28,3.3387522499789206
2000-11-29,3.335183289910062
2000-11-30,3.2677309132089816
2000-12-01,3.2263748427012953
2000-12-02,3.217880773628313
2000-12-03,3.257498039202948
2000-12-04,3.1919251886360778
2000-12-05,3.1431281564647677
2000-12-06,3.088984964718568
2000-12-07,3.1096365556047836
2000-12-08,3.1985356412243626
2000-12-09,3.0770332331604817
2000-12-10,3.0041061093775085
2000-12-11,2.9546073294080357
2000-12-12,2.967550611481361
2000-12-13,3.034527119899206
2000-12-14,2.9135327865607024
2000-12-15,2.881391397454576
2000-12-16,3.216233381194373
2000-12-17,4.609235849757404
2000-12-18,2.9263073669563906
2000-12-19,2.7546633164014884
2000-12-20,2.7264936331038645
2000-12-21,2.7047583877821166
2000-12-22,2.687549765473779
2000-12-23,2.68402733128591
2000-12-24,2.652465911048885
2000-12-25,2.623654132482468
2000-12-26,2.5924132811964733
2000-12-27,2.612745997736999
2000-12-28,2.715443045594821
2000-12-29,2.57696646286138
2000-12-30,2.4969695205307163
2000-12-31,2.482678720552257
2001-01-01,2.4512440459839255
2001-01-02,2.424997604411899
2001-01-03,2.407581207214618
2001-01-04,2.381998071425101
2001-01-05,2.3628127747891003
2001-01-06,2.3544741106895257
2001-01-07,2.3311537104859665
2001-01-08,2.2950537631616887
2001-01-09,2.2729257160834244
2001-01-10,2.2561620494168184
2001-01-11,2.2343181921534376
2001-01-12,2.223266367913752
2001-01-13,2.198543476211089
2001-01-14,2.1859626934224488
2001-01-15,2.180466414761602
2001-01-16,2.168788431559271
2001-01-17,2.1814304521782133
2001-01-18,2.172700904788193
2001-01-19,2.1281851609620968
2001-01-20,2.1100193653620924
2001-01-21,2.323991377030809
2001-01-22,2.198396874880236
2001-01-23,2.0411191353026563
2001-01-24,2.0006923180584817
2001-01-25,2.007519510147326
2001-01-26,1.997998386504604
2001-01-27,1.9960369972366039
2001-01-28,2.0172327195823785
2001-01-29,2.0492360019800695
2001-01-30,2.3092735502978456
2001-01-31,2.6988092465874036
2001-02-01,1.9874761535402607
2001-02-02,1.9007825301412273
2001-02-03,1.8964135679982461
2001-02-04,1.8770081050401806
2001-02-05,1.851507907302358
2001-02-06,1.888791300232212
2001-02-07,1.9702794341553078
2001-02-08,1.87202988228231
2001-02-09,1.961861718851415
2001-02-10,1.9779036761791096
2001-02-11,1.9256623644308712
2001-02-12,1.9950663706762537
2001-02-13,1.8875806296353832
2001-02-14,2.002455703596419
2001-02-15,2.3671938903337604
2001-02-16,1.980335266493699
2001-02-17,2.725674707479046
2001-02-18,1.9203572888219482
2001-02-19,1.7668343878186799
2001-02-20,2.1847407438481854
2001-02-21,1.8141084595419028
2001-02-22,2.152613135332278
2001-02-23,4.195103354043531
2001-02-24,2.1286045148530417
2001-02-25,1.7846230884831327
2001-02-26,1.6907164289049952
2001-02-27,1.5987497817578853
2001-02-28,1.5893467541564914
2001-03-01,1.5589401932214109
2001-03-02,1.539176302297296
2001-03-03,1.5378819761797788
2001-03-04,1.5661657300357723
2001-03-05,1.4991700510110928
2001-03-06,1.5181297109918854
2001-03-07,1.6971804281806249
2001-03-08,1.6561085265129794
2001-03-09,1.6626778391938584
2001-03-10,1.6764441674757828
2001-03-11,1.7114322369662573
2001-03-12,2.598648277045611
2001-03-13,4.391888246641441
2001-03-14,2.6176045960436256
2001-03-15,1.854925599613902
2001-03-16,1.6829736153722974
2001-03-17,1.8128903235327085
2001-03-18,1.836831887880815
2001-03-19,3.0501744897999616
2001-03-20,2.4344043413944076
2001-03-21,1.974562560723107
2001-03-22,2.071044973017393
2001-03-23,2.0551305072856882
2001-03-24,1.9225892044603827
2001-03-25,2.292198340748163
2001-03-26,2.53882952453386
2001-03-27,2.8053908134500167
2001-03-28,6.324791198041215
2001-03-29,3.2152997978615985
2001-03-30,2.719550116520887
2001-03-31,2.5644064573315415
2001-04-01,2.44442623530825
2001-04-02,2.555383114808916
2001-04-03,2.982522902743638
2001-04-04,2.7855644648675524
2001-04-05,3.1108508476731815
2001-04-06,3.689436523798926
2001-04-07,4.429300674233659
2001-04-08,4.920471340885348
2001-04-09,4.99772969702003
2001-04-10,5.2174990500962615
2001-04-11,5.371861041505254
2001-04-12,5.1690084850379066
2001-04-13,6.308216699220097
2001-04-14,6.665636116207812
2001-04-15,7.506185809588608
2001-04-16,8.944601858085877
2001-04-17,8.893228089385762
2001-04-18,6.934819866234763
2001-04-19,7.018159791096754
2001-04-20,7.588480585309513
2001-04-21,5.069028408529567
2001-04-22,6.253416087430917
2001-04-23,8.480341350813122
2001-04-24,8.711681209625128
2001-04-25,13.58348882727909
2001-04-26,17.194863909687488
2001-04-27,17.870025619784105
2001-04-28,22.578355019320476
2001-04-29,23.327021141934644
2001-04-30,25.59993601422759
2001-05-01,27.899448970172045
2001-05-02,31.263527889480372
2001-05-03,23.354211189323944
2001-05-04,25.941445787784232
2001-05-05,34.30859230255307
2001-05-06,41.625345053626056
2001-05-07,45.89902750670762
2001-05-08,40.79797289773238
2001-05-09,38.148611218372665
2001-05-10,41.41660399599111
2001-05-11,46.22120906496601
2001-05-12,50.55435741368463
2001-05-13,55.397241862921724
2001-05-14,56.3153354875086
2001-05-15,54.367888394472956
2001-05-16,53.793564497606425
2001-05-17,53.04292733905217
2001-05-18,61.272813530839606
2001-05-19,64.33032165072565
2001-05-20,73.48950642679695
2001-05-21,69.24103547644377
2001-05-22,72.26641110517086
2001-05-23,74.35878004549313
2001-05-24,76.11281526567159
2001-05-25,84.22062607752704
2001-05-26,95.25288765685373
2001-05-27,104.99296539604079
2001-05-28,108.90743868865954
2001-05-29,114.15401548952163
2001-05-30,129.67030002257113
2001-05-31,129.18444117966516
2001-06-01,127.48456493285214
2001-06-02,134.61570288931543
2001-06-03,134.97037248835704
2001-06-04,130.51518378763217
2001-06-05,119.5065106925427
2001-06-06,105.42012837329771
2001-06-07,92.87354511818397
2001-06-08,96.00026240375111
2001-06-09,94.67154981818997
2001-06-10,96.14573655775658
2001-06-11,95.8676672268879
2001-06-12,89.54459685632844
2001-06-13,79.13442867246329
2001-06-14,80.6080820323717
2001-06-15,70.5124168503482
2001-06-16,63.60425470686498
2001-06-17,37.541503175698665
2001-06-18,35.247283782525095
2001-06-19,26.28554197524255
2001-06-20,25.991144548334614
2001-06-21,31.083170406483845
2001-06-22,38.42929301716971
2001-06-23,39.847726531940346
2001-06-24,32.700925368538094
2001-06-25,24.186725198148828
2001-06-26,24.39444591698109
2001-06-27,21.857744457506957
2001-06-28,21.31604025708694
2001-06-29,22.93104166837738
2001-06-30,23.97054386081212
2001-07-01,24.600862859408643
2001-07-02,30.32595828572179
2001-07-03,31.461615773173524
2001-07-04,29.00813125570616
2001-07-05,21.193277658989608
2001-07-06,17.751022462020902
2001-07-07,16.83117535852042
2001-07-08,12.769465230142373
2001-07-09,21.26724182233651
2001-07-10,14.855992918103638
2001-07-11,18.89724696151475
2001-07-12,28.618633386901784
2001-07-13,29.164379157027348
2001-07-14,16.409731601295512
2001-07-15,22.34941781209963
2001-07-16,25.959567947605382
2001-07-17,29.48004468116251
2001-07-18,12.70234025679894
2001-07-19,8.436056656646086
2001-07-20,8.997074528228415
2001-07-21,10.759981116864314
2001-07-22,13.644828259864566
2001-07-23,55.94263268911519
2001-07-24,138.54141912163763
2001-07-25,40.361246423978464
2001-07-26,23.04904276495617
2001-07-27,18.58526108542492
2001-07-28,23.387268361178958
2001-07-29,30.927857813078383
2001-07-30,18.16053353265365
2001-07-31,12.9383309437729
2001-08-01,9.31422476362364
2001-08-02,8.377382250984793
2001-08-03,10.445713535396782
2001-08-04,15.20277611912027
2001-08-05,13.89366504938579
2001-08-06,13.818099275640414
2001-08-07,16.66464378260368
2001-08-08,17.536577683132062
2001-08-09,18.95968673866168
2001-08-10,17.52406355938418
2001-08-11,17.179388038843282
2001-08-12,15.642320568581997
2001-08-13,17.24834686088212
2001-08-14,24.978844034335797
2001-08-15,90.31021793442326
2001-08-16,32.46563557888947
2001-08-17,13.463739450546168
2001-08-18,10.014109099349557
2001-08-19,12.52535421737269
2001-08-20,13.626499106252886
2001-08-21,17.829938706127436
2001-08-22,18.85713382169751
2001-08-23,20.800192605119708
2001-08-24,12.916808863115666
2001-08-25,10.527270085291528
2001-08-26,8.37279379088797
2001-08-27,8.404963325373098
2001-08-28,7.111727072714877
2001-08-29,8.061930494770115
2001-08-30,8.851975688674289
2001-08-31,10.565129337857908
2001-09-01,8.144188234034708
2001-09-02,7.067996234877726
2001-09-03,11.20504260774629
2001-09-04,11.909327168039534
2001-09-05,9.604646952004705
2001-09-06,8.125068127992103
2001-09-07,9.437596380834776
2001-09-08,7.564679481490861
2001-09-09,6.383238862951598
2001-09-10,7.082640570139188
2001-09-11,7.997065941105585
2001-09-12,11.57086290847876
2001-09-13,11.109303859555553
2001-09-14,13.414579399711652
2001-09-15,11.494070701746669
2001-09-16,10.611193408641752
2001-09-17,9.13004845347912
2001-09-18,8.795849352972768
2001-09-19,10.11389260746392
2001-09-20,11.647317793892304
2001-09-21,11.65972742282001
2001-09-22,9.293702184416212
2001-09-23,8.921380432965426
2001-09-24,8.216436060927082
2001-09-25,8.787722598041817
2001-09-26,8.3960546639474
2001-09-27,7.233803934373841
2001-09-28,6.441431485609534
2001-09-29,6.246473742035384
2001-09-30,5.885118635495507
2001-10-01,5.774280345542174
2001-10-02,5.777140676562543
2001-10-03,7.480415541642143
2001-10-04,9.476314788315372
2001-10-05,7.449481096228259
2001-10-06,6.375646289175051
2001-10-07,5.784505147881368
2001-10-08,5.575935387523738
2001-10-09,6.646510497984638
2001-10-10,7.24186039524628
2001-10-11,7.553620792063427
2001-10-12,5.787478314628644
2001-10-13,5.56360221251699
2001-10-14,5.707590511141749
2001-10-15,5.603067856365996
2001-10-16,5.740059540917473
2001-10-17,5.49816338271633
2001-10-18,5.764264376037846
2001-10-19,6.101603977221487
2001-10-20,6.9055775454012185
2001-10-21,6.919223829194469
2001-10-22,6.5231425229679125
2001-10-23,5.573381742951915
2001-10-24,6.148865053306017
2001-10-25,5.163094559308211
2001-10-26,5.04450828716451
2001-10-27,5.326426751729027
2001-10-28,5.5942501814305485
2001-10-29,6.061679588871841
2001-10-30,5.658618993461863
2001-10-31,6.071218944443209
2001-11-01,6.57681130650362
2001-11-02,7.370470706457455
2001-11-03,6.962144652827121
2001-11-04,3.91223173046156
2001-11-05,3.6810625839905384
2001-11-06,3.6451566459830174
2001-11-07,3.536780009659772
2001-11-08,3.4672979133021045
2001-11-09,3.4860646145637446
2001-11-10,3.4755046881954454
2001-11-11,3.437155381856743
2001-11-12,3.420402056891837
2001-11-13,3.594074003566422
2001-11-14,3.8345061216065095
2001-11-15,3.699385880094534
2001-11-16,3.5178258746679796
2001-11-17,3.446128594444367
2001-11-18,3.532048013879387
2001-11-19,3.728488144596271
2001-11-20,3.6899076012200593
2001-11-21,3.4674284737045844
2001-11-22,3.245623627363466
2001-11-23,3.223796055239497
2001-11-24,3.3599646635791838
2001-11-25,3.4714422196442
2001-11-26,3.2944421399019506
2001-11-27,3.1940468110582434
2001-11-28,3.007719344795481
2001-11-29,3.066878035522123
2001-11-30,3.031868668974323
2001-12-01,3.2597600642226503
2001-12-02,2.965751396002724
2001-12-03,3.0867405519145095
2001-12-04,3.3070389051209492
2001-12-05,2.8753377071673074
2001-12-06,2.8442861764198715
2001-12-07,2.9561080230436487
2001-12-08,2.718558206445737
2001-12-09,2.7004473433336793
2001-12-10,2.6996124649456905
2001-12-11,2.641247936403926
2001-12-12,2.592177919291105
2001-12-13,2.595548359618759
2001-12-14,2.675623008959434
2001-12-15,2.579349276606068
2001-12-16,2.506394471925702
2001-12-17,2.6258907337253
2001-12-18,2.9584540680123887
2001-12-19,2.4687417583065305
2001-12-20,2.419683100801764
2001-12-21,2.4195873433906656
2001-12-22,2.4427817300400307
2001-12-23,2.4588002708028345
2001-12-24,2.403960690661971
2001-12-25,2.3713624738193313
2001-12-26,2.3595749556360874
2001-12-27,2.3284005880976735
2001-12-28,2.2917836018198834
2001-12-29,2.279615971928133
2001-12-30,2.2612739535523394
2001-12-31,2.2573031936863477
2002-01-01,2.1975386643599633
2002-01-02,2.16116332722207
2002-01-03,2.155231348593154
2002-01-04,2.1493501305068827
2002-01-05,2.130569804839644
2002-01-06,2.1117805040350146
2002-01-07,2.0922715913248706
2002-01-08,2.0779422940065464
2002-01-09,2.094722632990748
2002-01-10,2.1498419897557763
2002-01-11,2.107137432299991
2002-01-12,2.3395459421271196
2002-01-13,4.152475267582957
2002-01-14,3.8277280997484926
2002-01-15,2.12399268324907
2002-01-16,1.9751308392550715
2002-01-17,1.9360063481016778
2002-01-18,1.9212525898663733
2002-01-19,1.9110901222765155
2002-01-20,1.9134477212148555
2002-01-21,1.9132792450414566
2002-01-22,1.9054514514318865
2002-01-23,1.9120361171370626
2002-01-24,1.8892222966450982
2002-01-25,1.887392553365698
2002-01-26,1.8399182150834335
2002-01-27,1.8107330230448184
2002-01-28,1.7969932450565933
2002-01-29,1.7843302638507352
2002-01-30,1.7806950717689651
2002-01-31,1.8030066249380803
2002-02-01,1.8488124794235419
2002-02-02,2.024818716044811
2002-02-03,1.7971450347818585
2002-02-04,1.7746939970947375
2002-02-05,1.7691005133968944
2002-02-06,1.9374782751223028
2002-02-07,2.3104703778108844
2002-02-08,1.8964936760235942
2002-02-09,1.771712564735436
2002-02-10,1.7263169652325847
2002-02-11,1.7231926177244858
2002-02-12,1.750220443520184
2002-02-13,1.7371949016536572
2002-02-14,1.742478663598498
2002-02-15,1.8132733486154509
2002-02-16,1.999525854217947
2002-02-17,2.0556033159843543
2002-02-18,1.8476684624365731
2002-02-19,1.6899071430276136
2002-02-20,1.7341222129177813
2002-02-21,1.7063960731029513
2002-02-22,7.583619232293147
2002-02-23,5.455116994006964
2002-02-24,1.844184329170806
2002-02-25,1.6497784115848875
2002-02-26,1.714424637573606
2002-02-27,1.7649462979652126
2002-02-28,1.7874566103313485
2002-03-01,2.431328386137736
2002-03-02,1.9914274719269836
2002-03-03,1.7397319700824574
2002-03-04,1.6592885345841446
2002-03-05,1.6473072689099644
2002-03-06,1.687561630516076
2002-03-07,1.831127815525614
2002-03-08,2.961810610180391
2002-03-09,7.330306246683147
2002-03-10,4.873373225762274
2002-03-11,1.9247896204757347
2002-03-12,1.7672311121780493
2002-03-13,1.777472412381687
2002-03-14,1.9023063968611411
2002-03-15,2.0634759283314152
2002-03-16,2.232685902787776
2002-03-17,2.464079641777218
2002-03-18,2.773793332085159
2002-03-19,3.0842396762258577
2002-03-20,3.297305421144062
2002-03-21,5.215852576275083
2002-03-22,3.5585315262460555
2002-03-23,5.033257370588245
2002-03-24,12.953749509765677
2002-03-25,2.925344232064398
2002-03-26,2.087868114093355
2002-03-27,2.219234440698491
2002-03-28,2.431104085207278
2002-03-29,2.7558893853835027
2002-03-30,3.7953200750965994
2002-03-31,6.69669873758274
2002-04-01,7.263388300526376
2002-04-02,2.703686709088438
2002-04-03,2.438579668689008
2002-04-04,2.5942392137047694
2002-04-05,4.488862705961162
2002-04-06,3.692399031829599
2002-04-07,5.708156804170678
2002-04-08,3.1242199008152185
2002-04-09,2.8463529795189113
2002-04-10,3.2432966405270145
2002-04-11,3.9176144834753934
2002-04-12,5.338709660130095
2002-04-13,6.339530962544912
2002-04-14,7.774427572951895
2002-04-15,8.946679987491786
2002-04-16,8.163641336344767
2002-04-17,10.402390992184916
2002-04-18,8.082775018382458
2002-04-19,8.124358676560222
2002-04-20,9.940731014347843
2002-04-21,13.139125015425913
2002-04-22,21.65101925871318
2002-04-23,20.513104700698864
2002-04-24,16.15145040404636
2002-04-25,8.165795428313174
2002-04-26,5.107796009388916
2002-04-27,6.967487245944198
2002-04-28,4.846333166609937
2002-04-29,3.621923626433402
2002-04-30,5.342438143060781
2002-05-01,7.583781889745711
2002-05-02,9.889670132378145
2002-05-03,10.227334059840608
2002-05-04,14.557046884232584
2002-05-05,18.24409748388126
2002-05-06,20.613989308885504
2002-05-07,20.75883155988127
2002-05-08,21.730660152705585
2002-05-09,23.600950847887525
2002-05-10,27.407792981611742
2002-05-11,26.860934652147048
2002-05-12,29.288106120078297
2002-05-13,33.51199142610032
2002-05-14,45.883000282504966
2002-05-15,55.82515877518878
2002-05-16,46.5124068666761
2002-05-17,43.631913757258495
2002-05-18,46.23474240341752
2002-05-19,32.030647879751285
2002-05-20,25.934354944486955
2002-05-21,27.255024122709713
2002-05-22,42.976962795079345
2002-05-23,63.71988369173497
2002-05-24,66.02801998218919
2002-05-25,61.662859688896454
2002-05-26,61.02608755022358
2002-05-27,57.127907712374096
2002-05-28,87.7525777032781
2002-05-29,79.90720784455976
2002-05-30,85.56825185667935
2002-05-31,81.42026094898725
2002-06-01,86.27506075670905
2002-06-02,97.11512481908436
2002-06-03,103.52807082189064
2002-06-04,114.25040590463598
2002-06-05,128.62762948077034
2002-06-06,133.33814661144174
2002-06-07,127.26031959615639
2002-06-08,133.74162677343134
2002-06-09,158.1455945117801
2002-06-10,175.84077213804676
2002-06-11,166.7229259021946
2002-06-12,164.13783131229383
2002-06-13,158.1721529681455
2002-06-14,166.68500380345876
2002-06-15,168.97523519643676
2002-06-16,168.99151531282592
2002-06-17,67.57726076106525
2002-06-18,53.230826742961696
2002-06-19,66.85346997578212
2002-06-20,70.07501426881142
2002-06-21,80.02424563379118
2002-06-22,93.63522754487607
2002-06-23,129.70342897961976
2002-06-24,127.08787545848861
2002-06-25,128.81283379231456
2002-06-26,123.31197712257796
2002-06-27,135.2990800677342
2002-06-28,140.0114265065056
2002-06-29,153.7870322359798
2002-06-30,138.0939374531674
2002-07-01,135.96713859311797
2002-07-02,125.78347322483559
2002-07-03,121.78839665327004
2002-07-04,123.19757501024239
2002-07-05,113.50279396884875
2002-07-06,98.53886678087355
2002-07-07,91.07338256060926
2002-07-08,83.45014122156972
2002-07-09,83.46057578670039
2002-07-10,78.95330633335541
2002-07-11,70.27561173759692
2002-07-12,67.2290248561796
2002-07-13,72.10526119054968
2002-07-14,72.64168068423274
2002-07-15,69.32105853528361
2002-07-16,70.40414832435985
2002-07-17,75.83776422851513
2002-07-18,74.35598295555248
2002-07-19,75.56267634194126
2002-07-20,69.54126952103539
2002-07-21,61.86839914924518
2002-07-22,66.55100327041366
2002-07-23,47.58858373251323
2002-07-24,35.866844013486705
2002-07-25,33.6982086284707
2002-07-26,40.5296871093047
2002-07-27,41.6185348915557
2002-07-28,46.91195286895129
2002-07-29,42.138529653569655
2002-07-30,34.406365770108835
2002-07-31,36.87744433578908
2002-08-01,35.45711807134543
2002-08-02,32.17686252072452
2002-08-03,32.74153042889621
2002-08-04,36.43900295346974
2002-08-05,38.254577526552424
2002-08-06,38.98070110407678
2002-08-07,51.29265161750511
2002-08-08,41.035286937931595
2002-08-09,41.605030883782895
2002-08-10,42.02285776072567
2002-08-11,41.5746587880686
2002-08-12,50.445525747625254
2002-08-13,66.83683072075102
2002-08-14,66.54191821601749
2002-08-15,28.334167638223853
2002-08-16,15.513015916403024
2002-08-17,14.56394214784252
2002-08-18,19.525276074836057
2002-08-19,21.926351087401603
2002-08-20,21.629355857755055
2002-08-21,26.830897202167442
2002-08-22,32.463178976106576
2002-08-23,30.75113018434859
2002-08-24,31.61878043781308
2002-08-25,34.911284712336816
2002-08-26,41.32050049010589
2002-08-27,35.69926343909374
2002-08-28,32.045550181957736
2002-08-29,31.66138776279985
2002-08-30,26.784584565489915
2002-08-31,29.05943897573971
2002-09-01,28.824426146355616
2002-09-02,27.119188550845077
2002-09-03,19.36029432969643
2002-09-04,15.087548600129931
2002-09-05,12.574320660750656
2002-09-06,10.493249757631732
2002-09-07,9.058599659289223
2002-09-08,9.707478049521644
2002-09-09,11.187986308686874
2002-09-10,11.568027765924729
2002-09-11,10.920823561582791
2002-09-12,9.083543447923715
2002-09-13,10.076024457443433
2002-09-14,11.23445690879051
2002-09-15,11.09974335310068
2002-09-16,11.590254325952902
2002-09-17,11.372011234823105
2002-09-18,10.756389642265782
2002-09-19,10.027826408753349
2002-09-20,9.079176672829282
2002-09-21,7.467998388080912
2002-09-22,7.071962369262592
2002-09-23,8.299881681098656
2002-09-24,10.474151261530663
2002-09-25,10.681422293091229
2002-09-26,9.370409899752806
2002-09-27,9.05239418024088
2002-09-28,8.908773398129094
2002-09-29,8.435923427138839
2002-09-30,8.493062470473502
2002-10-01,7.441119754986436
2002-10-02,7.036601378885556
2002-10-03,6.696531033903069
2002-10-04,6.454249778674805
2002-10-05,6.234070404293931
2002-10-06,6.609276960052409
2002-10-07,6.562686034759475
2002-10-08,6.557084402591722
2002-10-09,5.843804987666066
2002-10-10,5.80773149308767
2002-10-11,5.713385688476993
2002-10-12,5.801763676881208
2002-10-13,6.634049758285866
2002-10-14,6.1399095821614385
2002-10-15,6.575943931900695
2002-10-16,6.958776253545838
2002-10-17,6.306689812849258
2002-10-18,6.00033829850236
2002-10-19,6.181431516858874
2002-10-20,6.406008560772914
2002-10-21,6.359224096667387
2002-10-22,6.560588918111338
2002-10-23,6.598765680310773
2002-10-24,6.545895124369244
2002-10-25,5.722198460061176
2002-10-26,5.658870488270094
2002-10-27,5.295747001253647
2002-10-28,5.160880736524567
2002-10-29,5.26325445289486
2002-10-30,5.267465668609911
2002-10-31,5.163581011911816
2002-11-01,4.813672324470883
2002-11-02,4.692268405708617
2002-11-03,4.645536810787871
2002-11-04,4.639056601733263
2002-11-05,4.873304319140669
2002-11-06,5.000205299050054
2002-11-07,5.73937295510196
2002-11-08,5.491434918424376
2002-11-09,5.421461178384286
2002-11-10,5.777283140228079
2002-11-11,5.58260172522974
2002-11-12,5.537288774564571
2002-11-13,5.249571783289171
2002-11-14,4.524025258918604
2002-11-15,4.956207856397127
2002-11-16,4.660747632840829
2002-11-17,4.227522611501169
2002-11-18,4.074865554046686
2002-11-19,4.451417840801765
2002-11-20,4.215708617530033
2002-11-21,4.4754552224431805
2002-11-22,4.305758000870112
2002-11-23,4.137705540357561
2002-11-24,3.7231683212021993
2002-11-25,3.440268860611262
2002-11-26,3.517778960768793
2002-11-27,3.7439342658017214
2002-11-28,3.746366099797775
2002-11-29,3.6364869603412404
2002-11-30,3.7289479783060484
2002-12-01,3.511672520319769
2002-12-02,3.4468795434370914
2002-12-03,3.365212563136771
2002-12-04,3.743805320276055
2002-12-05,2.8675480075143995
2002-12-06,3.112300354877816
2002-12-07,2.967073647042408
2002-12-08,3.0295061953219715
2002-12-09,2.8659899341015533
2002-12-10,2.823171063742652
2002-12-11,2.9049238800199024
2002-12-12,3.594922050278562
2002-12-13,3.6442469892402465
2002-12-14,3.598106178787409
2002-12-15,2.848631104899975
2002-12-16,2.7119890588390505
2002-12-17,2.3755640354080514
2002-12-18,2.2671942800831264
2002-12-19,2.8048533766073955
2002-12-20,2.5208025518695205
2002-12-21,2.2712646012285753
2002-12-22,2.3437756849854616
2002-12-23,2.2496160600334405
2002-12-24,2.828043573174405
2002-12-25,2.272015048242081
2002-12-26,2.0987182310910213
2002-12-27,2.0355796343336507
2002-12-28,1.9928172461469367
2002-12-29,1.9591671851774062
2002-12-30,1.9464692046975378
2002-12-31,1.9249729950455774
2003-01-01,1.8953188289504717
2003-01-02,1.9255389056953724
2003-01-03,1.9337221408445453
2003-01-04,1.8603964280702314
2003-01-05,1.9418037202355334
2003-01-06,1.9412881723586835
2003-01-07,1.832837084498183
2003-01-08,1.7623181813853044
2003-01-09,1.768889559630086
2003-01-10,1.7550457218625377
2003-01-11,1.7272150012061875
2003-01-12,1.7196393119426925
2003-01-13,1.6878188997141874
2003-01-14,1.8001005221450446
2003-01-15,2.089040760842024
2003-01-16,2.2348596169448953
2003-01-17,2.980331639938203
2003-01-18,3.2536787576681245
2003-01-19,3.051008344770355
2003-01-20,2.5952613942105947
2003-01-21,2.2012604669101683
2003-01-22,2.4684275857739006
2003-01-23,2.0162961967654667
2003-01-24,1.8621609100195415
2003-01-25,1.7769803181692378
2003-01-26,1.8801537959233807
2003-01-27,2.036388348072183
2003-01-28,1.799172260425985
2003-01-29,1.9296867252564898
2003-01-30,2.0073226640293114
2003-01-31,1.5735814688727257
2003-02-01,1.5434104306148548
2003-02-02,1.4956753607437596
2003-02-03,1.4586975007044036
2003-02-04,1.4529732458877793
2003-02-05,1.4731832893674859
2003-02-06,1.4906733953448785
2003-02-07,1.9058857521151784
2003-02-08,1.4623113167563493
2003-02-09,1.3879898496775653
2003-02-10,1.3746783016943462
2003-02-11,1.3668559575161228
2003-02-12,1.3634918284547677
2003-02-13,1.3684607308869272
2003-02-14,1.350880297397573
2003-02-15,1.481588038919019
2003-02-16,2.8928426941272405
2003-02-17,19.942432761265383
2003-02-18,13.007200739167478
2003-02-19,6.387143230810763
2003-02-20,2.657406259598392
2003-02-21,1.5134947061611745
2003-02-22,1.6819261068149525
2003-02-23,2.9025297493071216
2003-02-24,2.1465158558578468
2003-02-25,2.2481457591056824
2003-02-26,2.5818831868323624
2003-02-27,6.33998468286705
2003-02-28,9.106583060678458
2003-03-01,20.379355678670848
2003-03-02,10.08861410366189
2003-03-03,5.565771732797077
2003-03-04,2.606911013034338
2003-03-05,2.4857302524222464
2003-03-06,2.48313511489507
2003-03-07,2.439143996689398
2003-03-08,2.405578707158566
2003-03-09,3.6715427422640374
2003-03-10,3.647445091926582
2003-03-11,2.5444607232204244
2003-03-12,2.5450509247132667
2003-03-13,2.576792109553135
2003-03-14,3.1024515445873724
2003-03-15,8.92897777588417
2003-03-16,3.827781182819721
2003-03-17,3.3177958309723476
2003-03-18,3.194246428248054
2003-03-19,4.546390988509737
2003-03-20,4.071817361168997
2003-03-21,4.125828728693372
2003-03-22,3.625142216273383
2003-03-23,5.132803349372222
2003-03-24,5.305738762718639
2003-03-25,6.329200249764265
2003-03-26,5.562033772680392
2003-03-27,5.608569443547258
2003-03-28,17.395847697059306
2003-03-29,10.259029793063654
2003-03-30,5.755903988700428
2003-03-31,4.767437786616236
2003-04-01,5.2196930805915125
2003-04-02,6.306200434727702
2003-04-03,4.953151726711764
2003-04-04,4.873542098671782
2003-04-05,4.2381417115310205
2003-04-06,4.667217672769639
2003-04-07,5.228057999032385
2003-04-08,6.091063983340331
2003-04-09,6.7636581927684025
2003-04-10,7.521287387163907
2003-04-11,8.061599367688977
2003-04-12,8.770896181822115
2003-04-13,8.805307252054996
2003-04-14,7.219923131825295
2003-04-15,15.316614223183954
2003-04-16,11.9495285293416
2003-04-17,4.880261492400485
2003-04-18,9.1259824792398
2003-04-19,18.81143691901702
2003-04-20,4.805718588726778
2003-04-21,3.9732697135531447
2003-04-22,5.565382106631412
2003-04-23,8.216475832184749
2003-04-24,13.808201197027138
2003-04-25,20.870307315871422
2003-04-26,13.940399813768906
2003-04-27,11.472741588365794
2003-04-28,10.91522917299002
2003-04-29,13.676752169346253
2003-04-30,17.806978312025176
2003-05-01,35.35009325208035
2003-05-02,29.720980299899683
2003-05-03,9.4813801061362
2003-05-04,5.581771867682097
2003-05-05,5.278895594427984
2003-05-06,6.13959569326949
2003-05-07,7.699546703389462
2003-05-08,9.904202137938608
2003-05-09,13.013209832839523
2003-05-10,13.937329447276749
2003-05-11,15.868423285189209
2003-05-12,9.283896611886576
2003-05-13,12.066009601892205
2003-05-14,11.447456684840075
2003-05-15,14.733422044587922
2003-05-16,15.594513148726787
2003-05-17,18.14829131534288
2003-05-18,20.660666521032358
2003-05-19,24.100297398142093
2003-05-20,27.797023062707453
2003-05-21,32.30613869420599
2003-05-22,29.227109437673263
2003-05-23,39.406365151827515
2003-05-24,33.285295758297785
2003-05-25,29.48913265187658
2003-05-26,47.482524176329115
2003-05-27,38.1315511257917
2003-05-28,35.37672885221738
2003-05-29,29.00065011435426
2003-05-30,46.84932838994643
2003-05-31,61.19259591754889
2003-06-01,87.46649020325175
2003-06-02,94.5272132408312
2003-06-03,105.81926366233942
2003-06-04,116.53698469053434
2003-06-05,105.3103969364409
2003-06-06,106.42624588144912
2003-06-07,120.44523114605859
2003-06-08,132.72067145702297
2003-06-09,108.61151200512462
2003-06-10,112.80041921474776
2003-06-11,122.31403585838194
2003-06-12,137.91798005372866
2003-06-13,128.50347020185606
2003-06-14,123.51822528134224
2003-06-15,133.66454002211853
2003-06-16,142.12726797616367
2003-06-17,155.91351668118105
2003-06-18,185.36596345805063
2003-06-19,220.70619446033
2003-06-20,213.11316710845645
2003-06-21,223.20868712918582
2003-06-22,225.01490747221533
2003-06-23,236.7854124095584
2003-06-24,228.3087737539455
2003-06-25,240.03412961827632
2003-06-26,251.3949409885878
2003-06-27,265.0792991146371
2003-06-28,244.9654516845723
2003-06-29,242.2755862392633
2003-06-30,213.24626466842992
2003-07-01,211.2521975653136
2003-07-02,219.61042469680754
2003-07-03,222.49009876921787
2003-07-04,227.50336509543433
2003-07-05,224.93852529593696
2003-07-06,224.63193148015893
2003-07-07,222.75671553247994
2003-07-08,215.3237495587992
2003-07-09,183.7503220655316
2003-07-10,165.54968387196755
2003-07-11,154.91627695079077
2003-07-12,144.71150520075784
2003-07-13,138.12466330319359
2003-07-14,117.48371359168314
2003-07-15,112.96799949886021
2003-07-16,120.33035247970147
2003-07-17,122.96903319896435
2003-07-18,109.49811484360444
2003-07-19,100.59704532293131
2003-07-20,93.64159016742872
2003-07-21,94.49568301803777
2003-07-22,105.85194143537507
2003-07-23,88.38303248035707
2003-07-24,82.19154113885374
2003-07-25,76.48132053268526
2003-07-26,64.27882948002835
2003-07-27,59.84566943061853
2003-07-28,60.64850387946498
2003-07-29,52.198978718655056
2003-07-30,43.97296488550949
2003-07-31,42.278624647811945
2003-08-01,47.954769996217635
2003-08-02,85.40162219433658
2003-08-03,50.44550975979692
2003-08-04,58.63465875442709
2003-08-05,41.553461047408035
2003-08-06,26.750066047300603
2003-08-07,24.549509277859457
2003-08-08,26.690244101674537
2003-08-09,28.672243191331045
2003-08-10,25.282496136711814
2003-08-11,26.6611952181029
2003-08-12,24.672308943011604
2003-08-13,24.49727746920988
2003-08-14,18.90530691109599
2003-08-15,21.145564378228247
2003-08-16,22.354316352621897
2003-08-17,24.7071313571112
2003-08-18,25.222538064354485
2003-08-19,28.8198250240409
2003-08-20,31.90010814893186
2003-08-21,20.848607144387906
2003-08-22,16.96935154671472
2003-08-23,15.024630818943331
2003-08-24,13.490481403309346
2003-08-25,15.783725098863844
2003-08-26,18.750678716095923
2003-08-27,21.451814044091638
2003-08-28,20.811356200635736
2003-08-29,24.84668921772024
2003-08-30,32.52396755265256
2003-08-31,20.692117167746336
2003-09-01,15.091314057348402
2003-09-02,12.964131478198313
2003-09-03,17.605968821961785
2003-09-04,25.754532131399298
2003-09-05,22.597948732285516
2003-09-06,17.067016183190503
2003-09-07,14.488797193422325
2003-09-08,19.616608739651603
2003-09-09,17.518053386411545
2003-09-10,10.850985303966722
2003-09-11,9.647378426249702
2003-09-12,9.37054005296646
2003-09-13,11.994644742115746
2003-09-14,17.335638355898364
2003-09-15,16.181618770774385
2003-09-16,11.926564466876581
2003-09-17,9.344182531601364
2003-09-18,8.230049406280557
2003-09-19,6.975737896919545
2003-09-20,6.455186032803326
2003-09-21,6.438138898878416
2003-09-22,6.733588034100829
2003-09-23,10.868759265476298
2003-09-24,26.654441338653374
2003-09-25,31.601467185905758
2003-09-26,13.15553720455033
2003-09-27,10.01974863521025
2003-09-28,8.007515102741765
2003-09-29,7.940395898185666
2003-09-30,8.146044900772322
2003-10-01,8.752894911549845
2003-10-02,7.3651786616619885
2003-10-03,7.150592786752999
2003-10-04,7.5171344656935535
2003-10-05,8.27817492178259
2003-10-06,8.963601179187203
2003-10-07,10.24074034248935
2003-10-08,11.346683343025106
2003-10-09,8.307028815084522
2003-10-10,6.75055499294517
2003-10-11,6.321095432078138
2003-10-12,5.840050636589817
2003-10-13,5.976735140784991
2003-10-14,6.311490853744397
2003-10-15,6.32404394754593
2003-10-16,6.3921669915756745
2003-10-17,6.297259444436603
2003-10-18,5.851918277622874
2003-10-19,6.084725468543668
2003-10-20,5.964993744562656
2003-10-21,5.512070286420049
2003-10-22,5.558995577020967
2003-10-23,5.700751040974519
2003-10-24,5.706796810651814
2003-10-25,5.446214787114194
2003-10-26,5.36200133687725
2003-10-27,5.423154819771357
2003-10-28,5.642303233849361
2003-10-29,5.65081908724033
2003-10-30,5.50153460212271
2003-10-31,5.532229159998839
2003-11-01,5.643336799068777
2003-11-02,5.365221699071574
2003-11-03,5.684775045477587
2003-11-04,5.5678238075847455
2003-11-05,5.7976604384461465
2003-11-06,4.977848038778581
2003-11-07,5.162171492674477
2003-11-08,6.32858533504255
2003-11-09,4.774655090462343
2003-11-10,4.468462883534969
2003-11-11,4.391770871655615
2003-11-12,4.274223703255548
2003-11-13,4.577368193810042
2003-11-14,4.372387123750704
2003-11-15,4.80756840340647
2003-11-16,5.538111397518103
2003-11-17,5.0893505166558635
2003-11-18,3.7530974771462238
2003-11-19,3.583406831641848
2003-11-20,3.6934689492060273
2003-11-21,3.7007641548765644
2003-11-22,3.5468679777766554
2003-11-23,3.5166460495369125
2003-11-24,3.4609272396922415
2003-11-25,3.407152420253145
2003-11-26,3.402523146080329
2003-11-27,3.33330708622348
2003-11-28,3.26957292648069
2003-11-29,3.3472041835387554
2003-11-30,3.4120907103168023
2003-12-01,3.6410364461880125
2003-12-02,3.4365148297492762
2003-12-03,3.266743513463322
2003-12-04,3.428585913339081
2003-12-05,3.2588247662227543
2003-12-06,3.071830565460465
2003-12-07,3.329604176683897
2003-12-08,3.8822603784866807
2003-12-09,3.630733828155286
2003-12-10,3.1608461982698426
2003-12-11,2.937645726658258
2003-12-12,3.5198044659606365
2003-12-13,5.474244212607547
2003-12-14,3.660715209210621
2003-12-15,2.9282706239205956
2003-12-16,2.842391413472155
2003-12-17,2.7138579008552948
2003-12-18,2.6850256549815352
2003-12-19,2.6696114293646573
2003-12-20,2.6416280122802536
2003-12-21,2.6307624586583955
2003-12-22,2.7073155503135675
2003-12-23,2.8404323532446942
2003-12-24,2.605021849176024
2003-12-25,2.536208116964383
2003-12-26,2.5495418148663114
2003-12-27,2.5226213138915736
2003-12-28,2.482077395667632
2003-12-29,2.474264287298509
2003-12-30,2.590687765831163
2003-12-31,2.805558635725402
2004-01-01,2.772012429735532
2004-01-02,2.4780204474524234
2004-01-03,2.4082499058953686
2004-01-04,2.3879694857141542
2004-01-05,2.463951041228047
2004-01-06,2.3754272755089345
2004-01-07,2.363295443290299
2004-01-08,2.348265871778128
2004-01-09,2.3764696358575255
2004-01-10,2.383581296197486
2004-01-11,2.361949540031891
2004-01-12,2.438245471840834
2004-01-13,2.383496495321685
2004-01-14,2.3061162256434855
2004-01-15,2.3239143031119713
2004-01-16,2.992187197528341
2004-01-17,9.44010913577296
2004-01-18,2.6220105490190724
2004-01-19,2.2464688253534195
2004-01-20,2.2473863017617486
2004-01-21,4.18328250135642
2004-01-22,6.033156532757718
2004-01-23,3.456285405465786
2004-01-24,2.4302980258330407
2004-01-25,2.374319322356114
2004-01-26,2.3877412761543306
2004-01-27,2.3901897242913646
2004-01-28,2.4034877943642
2004-01-29,2.521577499273652
2004-01-30,3.063043621803323
2004-01-31,2.855635647745986
2004-02-01,2.4650276911828444
2004-02-02,2.426209896569158
2004-02-03,2.432614025678122
2004-02-04,2.4806696189859627
2004-02-05,2.4471598682012035
2004-02-06,2.4300279952293518
2004-02-07,2.4474084539594605
2004-02-08,3.448913150751856
2004-02-09,6.430754521098351
2004-02-10,2.8832973794902066
2004-02-11,2.6116341698220835
2004-02-12,2.5941256564658355
2004-02-13,2.5976598993089848
2004-02-14,2.6237480420473163
2004-02-15,2.668122566535192
2004-02-16,2.787272252416347
2004-02-17,5.472736037087938
2004-02-18,4.096668796387372
2004-02-19,2.9340803513997322
2004-02-20,2.895057500694312
2004-02-21,3.256669667772217
2004-02-22,3.040408107601837
2004-02-23,3.0035140756590697
2004-02-24,3.099332121430952
2004-02-25,3.3577313707593612
2004-02-26,4.01540101209619
2004-02-27,6.424126325719349
2004-02-28,3.361449023942444
2004-02-29,3.542338934054999
2004-03-01,3.122181439312066
2004-03-02,3.161153451389835
2004-03-03,3.2468648691826014
2004-03-04,3.4334790034037015
2004-03-05,3.426831395555216
2004-03-06,3.6160254371955127
2004-03-07,3.8474812605217408
2004-03-08,4.426844611957524
2004-03-09,4.652193229652794
2004-03-10,5.204349278300708
2004-03-11,4.898103042578728
2004-03-12,4.667872579330031
2004-03-13,4.73059708070667
2004-03-14,5.476251294529613
2004-03-15,6.140812826284444
2004-03-16,8.578297535910764
2004-03-17,10.176731786343693
2004-03-18,9.66359955800296
2004-03-19,9.269303946021726
2004-03-20,8.79682069017606
2004-03-21,10.415394161064546
2004-03-22,9.844489755485132
2004-03-23,8.50256083352748
2004-03-24,5.672363936093948
2004-03-25,3.896333431817738
2004-03-26,3.7918816990639055
2004-03-27,3.9613909008529253
2004-03-28,4.70158152039729
2004-03-29,4.934540038683692
2004-03-30,5.581501848509938
2004-03-31,6.705693234620141
2004-04-01,6.582022565566737
2004-04-02,9.31183631050528
2004-04-03,9.065345573892776
2004-04-04,9.082078465256911
2004-04-05,9.144209631539733
2004-04-06,10.36281348031891
2004-04-07,13.905715714541135
2004-04-08,14.0551643534326
2004-04-09,10.90971451983514
2004-04-10,8.370971177014356
2004-04-11,8.36050966591665
2004-04-12,10.966108353099983
2004-04-13,10.66542319166749
2004-04-14,7.3266182356897485
2004-04-15,7.122491823691949
2004-04-16,8.211684614507586
2004-04-17,10.464861505347137
2004-04-18,7.297092995898549
2004-04-19,10.604270078760448
2004-04-20,14.39926937196549
2004-04-21,8.94227723940915
2004-04-22,10.657988950135366
2004-04-23,10.110749571916521
2004-04-24,8.092347398736317
2004-04-25,10.684996517462762
2004-04-26,18.14931490566656
2004-04-27,22.508769696103577
2004-04-28,18.471680495026053
2004-04-29,15.587092781161854
2004-04-30,13.22539439900395
2004-05-01,9.726933464700098
2004-05-02,6.224712012430617
2004-05-03,6.94619677117204
2004-05-04,8.261544993070556
2004-05-05,10.393222649351637
2004-05-06,14.671354204189843
2004-05-07,19.354772955354523
2004-05-08,21.74571631242539
2004-05-09,18.23503708770754
2004-05-10,16.40570580155095
2004-05-11,19.288854829528745
2004-05-12,22.183468839840266
2004-05-13,24.24467842637323
2004-05-14,27.646066473738536
2004-05-15,32.90592279742455
2004-05-16,40.94775332845749
2004-05-17,48.39286115026358
2004-05-18,48.47595895236251
2004-05-19,47.12365309488685
2004-05-20,54.240234291531586
2004-05-21,61.426231934228795
2004-05-22,70.15576422052352
2004-05-23,71.62711803458774
2004-05-24,71.65199338386167
2004-05-25,57.51884787509253
2004-05-26,66.62082979423447
2004-05-27,59.901867148594235
2004-05-28,52.46311850807829
2004-05-29,45.50071195684664
2004-05-30,60.48327120941353
2004-05-31,81.3434908719769
2004-06-01,93.11147451785698
2004-06-02,88.69605113469132
2004-06-03,74.21450042886772
2004-06-04,81.97599960083467
2004-06-05,95.54755748127597
2004-06-06,109.87543052623741
2004-06-07,118.02462189775684
2004-06-08,115.20769995272748
2004-06-09,116.92818944317597
2004-06-10,115.76597938753086
2004-06-11,118.8877718598235
2004-06-12,128.65455501941494
2004-06-13,145.28661052621175
2004-06-14,149.69684062516123
2004-06-15,161.1336669359503
2004-06-16,177.13268218317302
2004-06-17,172.03173515200615
2004-06-18,184.0534082816877
2004-06-19,201.42944237464923
2004-06-20,210.34076094579925
2004-06-21,200.1080613926637
2004-06-22,187.4829709681372
2004-06-23,168.9544870123194
2004-06-24,160.4546607244322
2004-06-25,133.84907701945338
2004-06-26,106.88691385833944
2004-06-27,98.21970097958378
2004-06-28,102.40952947551344
2004-06-29,113.69199351634762
2004-06-30,119.23676174479522
2004-07-01,129.0982275220839
2004-07-02,138.40643008077407
2004-07-03,150.30708213206017
2004-07-04,146.76518098057124
2004-07-05,142.37878011943513
2004-07-06,123.5232787574258
2004-07-07,108.94201399859254
2004-07-08,102.84055073880685
2004-07-09,102.89151755268234
2004-07-10,84.58467457576418
2004-07-11,74.25196843167728
2004-07-12,71.84386228526047
2004-07-13,73.63463425900711
2004-07-14,74.33958708646105
2004-07-15,75.24533227601034
2004-07-16,71.62827402121732
2004-07-17,60.94594737654366
2004-07-18,42.61574525456949
2004-07-19,32.41727212945034
2004-07-20,32.66260286657975
2004-07-21,35.810891179565125
2004-07-22,39.76078778649224
2004-07-23,34.51498940876303
2004-07-24,30.449333526595836
2004-07-25,32.53421963588793
2004-07-26,37.533199153197764
2004-07-27,40.04760919312636
2004-07-28,41.615031429719835
2004-07-29,43.36274303042275
2004-07-30,42.56764257012629
2004-07-31,37.30933665571847
2004-08-01,36.63046667543697
2004-08-02,35.539734362526005
2004-08-03,30.74957516163807
2004-08-04,25.546402292559833
2004-08-05,20.61053547052777
2004-08-06,20.925662726412224
2004-08-07,25.86598199775407
2004-08-08,32.644544876476466
2004-08-09,33.6470486895638
2004-08-10,24.546561623028676
2004-08-11,23.375526221279138
2004-08-12,18.729886709686884
2004-08-13,14.460800328262732
2004-08-14,14.721574908845563
2004-08-15,24.969605235897884
2004-08-16,21.868021742583206
2004-08-17,33.08809647771949
2004-08-18,30.63665319367072
2004-08-19,24.790161740619183
2004-08-20,21.125727251865985
2004-08-21,16.314535163594957
2004-08-22,14.937881325367906
2004-08-23,12.714878002853666
2004-08-24,12.940680689905204
2004-08-25,18.3751223645593
2004-08-26,22.781740838493782
2004-08-27,18.252323947142003
2004-08-28,15.414241408279135
2004-08-29,14.796219265789668
2004-08-30,16.440349134693253
2004-08-31,12.885385904636456
2004-09-01,12.20266143074806
2004-09-02,13.806231740117088
2004-09-03,9.45463302716174
2004-09-04,9.229792443465662
2004-09-05,10.447054292341955
2004-09-06,9.155685509303044
2004-09-07,7.666184587893532
2004-09-08,7.635566625305838
2004-09-09,8.80400275604105
2004-09-10,10.377703493088477
2004-09-11,9.633606200044358
2004-09-12,9.12130529002159
2004-09-13,9.814611058645681
2004-09-14,11.182843718648538
2004-09-15,17.021203281708498
2004-09-16,37.29691064934076
2004-09-17,13.896620119315592
2004-09-18,8.159657731798351
2004-09-19,6.5396013917036235
2004-09-20,7.080715256980531
2004-09-21,10.631116211585981
2004-09-22,11.000874979823244
2004-09-23,8.36113993026609
2004-09-24,8.282509583399138
2004-09-25,9.822068100042788
2004-09-26,7.269221425721167
2004-09-27,6.281652323295381
2004-09-28,7.013490293664385
2004-09-29,7.22786601551023
2004-09-30,6.282180656755671
2004-10-01,7.307472173679691
2004-10-02,11.702370499786642
2004-10-03,9.950433160116281
2004-10-04,6.60007784448053
2004-10-05,5.894125125593706
2004-10-06,5.9632994791602405
2004-10-07,7.240431329775967
2004-10-08,9.06455184544856
2004-10-09,15.914214658295277
2004-10-10,13.962659358211287
2004-10-11,7.044854779117835
2004-10-12,6.140765081904826
2004-10-13,5.322652594478546
2004-10-14,4.924203125617524
2004-10-15,5.032238606944244
2004-10-16,5.489440157322907
2004-10-17,5.860433227371647
2004-10-18,5.714440703837603
2004-10-19,5.771757414352665
2004-10-20,5.302770930002721
2004-10-21,4.885844146482209
2004-10-22,4.445185231256717
2004-10-23,4.820167795364175
2004-10-24,4.815406537143623
2004-10-25,4.915592180382387
2004-10-26,5.839721218372387
2004-10-27,4.859362205614642
2004-10-28,4.394041460474914
2004-10-29,4.198592775110519
2004-10-30,4.269004132459853
2004-10-31,4.241063329584754
2004-11-01,4.197335550422759
2004-11-02,4.084719179073969
2004-11-03,4.2071848236389595
2004-11-04,4.339486785379111
2004-11-05,4.352501231771621
2004-11-06,4.451143053787591
2004-11-07,4.125055858617028
2004-11-08,4.109634382551645
2004-11-09,4.1235661466332045
2004-11-10,4.033087469860184
2004-11-11,4.33712951454023
2004-11-12,4.100331089988936
2004-11-13,4.311484837736573
2004-11-14,3.8397133834806154
2004-11-15,3.684120269517835
2004-11-16,3.6812789916188713
2004-11-17,3.7708965786093596
2004-11-18,3.571221372105328
2004-11-19,3.3371804305662707
2004-11-20,3.6382089389670718
2004-11-21,4.148306212742243
2004-11-22,4.7311195806107085
2004-11-23,3.9541325160393552
2004-11-24,3.630408849333431
2004-11-25,3.4782530034143555
2004-11-26,3.3296196579860102
2004-11-27,3.032675596794076
2004-11-28,3.0087896655952817
2004-11-29,4.196816085870649
2004-11-30,3.332508425955093
2004-12-01,3.0902506433500374
2004-12-02,2.862787839456225
2004-12-03,3.036121424981486
2004-12-04,2.997209215544018
2004-12-05,2.749022248763518
2004-12-06,2.8265733029328155
2004-12-07,3.0059424893674893
2004-12-08,3.051402475290438
2004-12-09,2.8754125449441217
2004-12-10,3.0028454541575686
2004-12-11,3.058445078872291
2004-12-12,3.136288228616411
2004-12-13,2.809962495734148
2004-12-14,2.8255831186312665
2004-12-15,2.884577848455487
2004-12-16,2.719136628398999
2004-12-17,3.056228966667664
2004-12-18,2.902808142895355
2004-12-19,7.906557485585409
2004-12-20,3.180441357001806
2004-12-21,2.4477697231898103
2004-12-22,2.543115423338526
2004-12-23,2.7805239194127562
2004-12-24,2.5076336229987
2004-12-25,2.3165529228162525
2004-12-26,2.225175801160583
2004-12-27,2.283301964110019
2004-12-28,2.6322363410364185
2004-12-29,2.5633643084881332
2004-12-30,3.0142176737789725
2004-12-31,6.136541414100163
2005-01-01,3.504792410379968
2005-01-02,2.457704289827279
2005-01-03,2.2610377222116966
2005-01-04,2.1633988459758893
2005-01-05,2.1681161654930503
2005-01-06,2.1437516019369176
2005-01-07,2.1067526095565055
2005-01-08,2.122810187767827
2005-01-09,2.136802974591652
2005-01-10,2.075634223953181
2005-01-11,2.0381021421914003
2005-01-12,2.0563443076084638
2005-01-13,2.230004651333188
2005-01-14,2.2017712084978243
2005-01-15,2.0390678864775915
2005-01-16,2.0099065500622
2005-01-17,1.9921283975937505
2005-01-18,1.9741908039386358
2005-01-19,1.954358555504359
2005-01-20,1.9465614533051845
2005-01-21,2.099288527671175
2005-01-22,2.2626505529033203
2005-01-23,1.9304174386037911
2005-01-24,2.020687215786208
2005-01-25,2.0201359747342913
2005-01-26,2.0464687941997664
2005-01-27,3.5656327341153613
2005-01-28,2.149341263278734
2005-01-29,1.898390836359969
2005-01-30,1.885219939706811
2005-01-31,1.8999100470696304
2005-02-01,1.9168752767474337
2005-02-02,1.8967981553033875
2005-02-03,2.010769479221427
2005-02-04,3.37337716692949
2005-02-05,2.879101671081255
2005-02-06,3.384435518706839
2005-02-07,3.232961885550736
2005-02-08,4.32415470036806
2005-02-09,5.010034143690972
2005-02-10,6.351546952873476
2005-02-11,24.10912434716215
2005-02-12,16.828540371467962
2005-02-13,7.017634945614807
2005-02-14,4.539637270770675
2005-02-15,4.614781004066267
2005-02-16,4.17902221817012
2005-02-17,4.240920314097813
2005-02-18,4.269460467409852
2005-02-19,4.14891807246661
2005-02-20,3.975790335274503
2005-02-21,3.7199602811213817
2005-02-22,3.6727204092358257
2005-02-23,3.6011549221826527
2005-02-24,4.073268751931543
2005-02-25,4.020540796753531
2005-02-26,4.031622373265231
2005-02-27,3.7517862027985807
2005-02-28,5.10881510810087
2005-03-01,4.822871086019656
2005-03-02,4.201731026859265
2005-03-03,7.040248814137542
2005-03-04,6.112646630391768
2005-03-05,5.951468181982636
2005-03-06,6.082836631922889
2005-03-07,4.813191665679803
2005-03-08,6.768234399326297
2005-03-09,5.35302090084582
2005-03-10,7.071434363952891
2005-03-11,6.334549515906211
2005-03-12,6.571313126425384
2005-03-13,6.9010530196860715
2005-03-14,5.70153668464399
2005-03-15,7.707916383470828
2005-03-16,10.217632588218237
2005-03-17,16.749071243069327
2005-03-18,21.424954676803424
2005-03-19,20.53571002184615
2005-03-20,10.703986753884921
2005-03-21,13.195327390372467
2005-03-22,9.671115011783927
2005-03-23,7.953838762012765
2005-03-24,7.345325432951544
2005-03-25,6.095040948688987
2005-03-26,7.656654469778434
2005-03-27,9.68640839010477
2005-03-28,7.543980007647882
2005-03-29,6.914739392102494
2005-03-30,7.54155553119513
2005-03-31,7.086818392837747
2005-04-01,7.347865160430472
2005-04-02,7.908126687053954
2005-04-03,8.62989705922265
2005-04-04,8.519475735855456
2005-04-05,19.009516649963512
2005-04-06,18.68140061180672
2005-04-07,20.279999418366778
2005-04-08,8.603284633879131
2005-04-09,5.463847016769588
2005-04-10,5.287480684402667
2005-04-11,5.391451346793886
2005-04-12,5.20365023353667
2005-04-13,8.389660267667004
2005-04-14,9.8763113990499
2005-04-15,6.892696878343235
2005-04-16,6.951245501699543
2005-04-17,7.121494901063394
2005-04-18,7.892408867224177
2005-04-19,8.900387631648904
2005-04-20,9.269856021392577
2005-04-21,12.440548295629952
2005-04-22,13.265491424731037
2005-04-23,14.245948211125592
2005-04-24,10.417372136986728
2005-04-25,11.987608469788935
2005-04-26,14.741178033654297
2005-04-27,8.386628910176016
2005-04-28,10.25310473518774
2005-04-29,12.31742721790192
2005-04-30,14.780510729748537
2005-05-01,17.219441641991327
2005-05-02,20.54598804145467
2005-05-03,18.963472576534343
2005-05-04,23.094675174589252
2005-05-05,27.989466812709956
2005-05-06,30.497870750038658
2005-05-07,29.27935444579696
2005-05-08,41.95721451252258
2005-05-09,27.884121236300054
2005-05-10,20.508095714128455
2005-05-11,25.71251939917895
2005-05-12,30.19338421961476
2005-05-13,33.53736653110998
2005-05-14,31.130372626721545
2005-05-15,35.32158754289002
2005-05-16,46.51680998708689
2005-05-17,43.89275322893233
2005-05-18,36.71813103460212
2005-05-19,32.89101492345113
2005-05-20,29.617431725802657
2005-05-21,26.62226629086277
2005-05-22,23.270484652552824
2005-05-23,25.24788523807245
2005-05-24,18.48574506013708
2005-05-25,22.72297820758585
2005-05-26,26.522283269450355
2005-05-27,21.18633657355664
2005-05-28,26.14884396367067
2005-05-29,32.03414245203283
2005-05-30,46.79804189224891
2005-05-31,45.77290973674286
2005-06-01,45.96059663757391
2005-06-02,49.002609109491395
2005-06-03,60.97436279906144
2005-06-04,74.4592471822731
2005-06-05,89.51612906096612
2005-06-06,88.66018501239668
2005-06-07,80.5816000230245
2005-06-08,81.36968895406557
2005-06-09,83.14309458643493
2005-06-10,92.33091742870413
2005-06-11,103.43414775086384
2005-06-12,91.16247985070831
2005-06-13,101.799133001834
2005-06-14,109.86026609233926
2005-06-15,124.59146062856652
2005-06-16,141.23575497458816
2005-06-17,156.78727306056686
2005-06-18,170.64693674692046
2005-06-19,192.48704473468314
2005-06-20,207.09687115595347
2005-06-21,218.52162966731854
2005-06-22,222.9009632105264
2005-06-23,228.97737591770635
2005-06-24,246.94296020547694
2005-06-25,247.69169057726714
2005-06-26,261.90883775856685
2005-06-27,269.4754590013958
2005-06-28,275.0407942294929
2005-06-29,278.30498583001264
2005-06-30,278.98917246757486
2005-07-01,271.1788443604813
2005-07-02,252.89822121490437
2005-07-03,213.20838120509606
2005-07-04,186.1435650372768
2005-07-05,174.14319032977764
2005-07-06,199.8690872313928
2005-07-07,179.76461057323286
2005-07-08,181.47267070638355
2005-07-09,215.42707137157208
2005-07-10,220.7505586499239
2005-07-11,234.57189711946637
2005-07-12,271.4860256321874
2005-07-13,246.5490586213694
2005-07-14,238.30946546020894
2005-07-15,216.34152568529055
2005-07-16,196.48711247892652
2005-07-17,172.60328413194716
2005-07-18,139.5373263717429
2005-07-19,124.71196440064583
2005-07-20,124.29786998106566
2005-07-21,131.8480999649301
2005-07-22,130.00936553172917
2005-07-23,123.10903809327701
2005-07-24,111.90702014501197
2005-07-25,98.3124178878013
2005-07-26,93.30967465237367
2005-07-27,91.71461827744753
2005-07-28,88.25776838804136
2005-07-29,79.9614393173261
2005-07-30,75.32071887526439
2005-07-31,72.24181353402345
2005-08-01,71.53843000355157
2005-08-02,67.31224811744015
2005-08-03,57.09956774962154
2005-08-04,51.251026029870225
2005-08-05,52.31487016631836
2005-08-06,40.970613378410505
2005-08-07,39.280079176401095
2005-08-08,37.73062096165091
2005-08-09,33.130671549482535
2005-08-10,24.540397954166078
2005-08-11,26.183973571855347
2005-08-12,32.30112377094725
2005-08-13,29.9251324825208
2005-08-14,25.206639557536334
2005-08-15,25.751456728745627
2005-08-16,40.55239844156391
2005-08-17,37.18119983039064
2005-08-18,23.216180323681556
2005-08-19,23.285491961598694
2005-08-20,21.065045060830954
2005-08-21,20.02190279989118
2005-08-22,19.242174268389743
2005-08-23,19.38104665343667
2005-08-24,18.648641835715566
2005-08-25,17.919648609704836
2005-08-26,15.662117839217466
2005-08-27,22.287846756346642
2005-08-28,15.951754324306162
2005-08-29,12.835575785856763
2005-08-30,12.894655124821208
2005-08-31,11.423567108904912
2005-09-01,10.704361908517635
2005-09-02,13.20313000982883
2005-09-03,13.793710802327478
2005-09-04,12.232792950421565
2005-09-05,13.621355358945829
2005-09-06,14.302992796510758
2005-09-07,16.877773078100056
2005-09-08,20.596120510162653
2005-09-09,20.556955648944072
2005-09-10,17.975640202050702
2005-09-11,15.64181066172965
2005-09-12,13.515409137272075
2005-09-13,10.634297936234406
2005-09-14,9.611044934231268
2005-09-15,8.520692447441464
2005-09-16,7.735339276346505
2005-09-17,9.501849032149604
2005-09-18,12.105286110006283
2005-09-19,9.769932810575058
2005-09-20,7.71508879023878
2005-09-21,8.3253568598964
2005-09-22,9.526161186630816
2005-09-23,10.202739549267537
2005-09-24,9.36620850737626
2005-09-25,7.99948719274618
2005-09-26,8.402829712848446
2005-09-27,8.561261459330424
2005-09-28,8.083068918699722
2005-09-29,7.085831250327041
2005-09-30,6.9848503026161675
2005-10-01,6.208950352420411
2005-10-02,6.309871917217968
2005-10-03,7.82935147216799
2005-10-04,10.041038917322812
2005-10-05,8.076526212400085
2005-10-06,6.8157792639936865
2005-10-07,6.250202967891213
2005-10-08,6.220539310545316
2005-10-09,6.625927109453905
2005-10-10,6.000247989185884
2005-10-11,6.640084934311314
2005-10-12,7.2744264227283395
2005-10-13,7.32433527063797
2005-10-14,7.246020301285323
2005-10-15,8.087255371990155
2005-10-16,6.831717574804579
2005-10-17,5.9294502131093045
2005-10-18,5.477661306812769
2005-10-19,5.362233101905274
2005-10-20,5.4987815943674425
2005-10-21,5.620352726699965
2005-10-22,5.682653075120614
2005-10-23,5.752793168495684
2005-10-24,5.798862886881711
2005-10-25,6.650141023804305
2005-10-26,5.817041470453729
2005-10-27,4.878054966222423
2005-10-28,5.106397331170008
2005-10-29,4.7697881371367234
2005-10-30,4.5397853827177
2005-10-31,4.468942257535517
2005-11-01,4.704218257729914
2005-11-02,4.5811109492883935
2005-11-03,4.57245663384012
2005-11-04,4.233870297327052
2005-11-05,4.267544707969998
2005-11-06,4.1129344951726665
2005-11-07,4.081871269599481
2005-11-08,4.848414576053617
2005-11-09,4.447394154439955
2005-11-10,4.827591973944914
2005-11-11,5.0676011615743235
2005-11-12,4.593156026347596
2005-11-13,4.135890152367452
2005-11-14,3.8521856303454594
2005-11-15,3.784917664411022
2005-11-16,3.4276637971182105
2005-11-17,3.3340424235910167
2005-11-18,3.3986070392361167
2005-11-19,3.532955085215909
2005-11-20,3.5337233423748455
2005-11-21,3.5146211086242802
2005-11-22,3.418117957525686
2005-11-23,3.274503475150057
2005-11-24,3.1556813185632797
2005-11-25,3.1463463196859642
2005-11-26,3.3485904870153043
2005-11-27,3.5683392298426084
2005-11-28,3.354921981443962
2005-11-29,3.2191575265398216
2005-11-30,3.086757561805492
2005-12-01,2.9119487850835526
2005-12-02,2.8421162026660403
2005-12-03,2.799729464144681
2005-12-04,2.621964156101732
2005-12-05,2.8049624384253047
2005-12-06,2.883224690756668
2005-12-07,2.761056717868675
2005-12-08,2.6297915381909007
2005-12-09,2.470108051251111
2005-12-10,2.541831864942523
2005-12-11,2.5856936352510083
2005-12-12,2.6009210715691253
2005-12-13,2.526613940101338
2005-12-14,2.4141388872236593
2005-12-15,2.3972193325340165
2005-12-16,2.443908404390892
2005-12-17,2.5474675711609573
2005-12-18,2.3860542953671753
2005-12-19,2.409370362353239
2005-12-20,2.342629396484471
2005-12-21,2.2837120881413697
2005-12-22,2.5080576396528986
2005-12-23,2.793972686787739
2005-12-24,2.542796874944777
2005-12-25,2.6748281875260025
2005-12-26,3.1191970376991756
2005-12-27,2.7713145156190104
2005-12-28,2.7594244806570765
2005-12-29,2.160874962109122
2005-12-30,2.04079900695851
2005-12-31,1.82919905037053
2006-01-01,2.1967786120177766
2006-01-02,2.206819566339255
2006-01-03,1.842160154981355
2006-01-04,1.6932187849290523
2006-01-05,1.6712720343916148
2006-01-06,1.6606500354394604
2006-01-07,1.6461805754615102
2006-01-08,1.641850296882729
2006-01-09,1.6306848025752931
2006-01-10,1.653967253158928
2006-01-11,1.6372381792202892
2006-01-12,1.6190787141193073
2006-01-13,1.583954431854335
2006-01-14,1.6223343979494242
2006-01-15,3.3628412114419772
2006-01-16,7.619511750106717
2006-01-17,4.39923582028817
2006-01-18,1.659921067967719
2006-01-19,1.5156151354276373
2006-01-20,1.5170496232734598
2006-01-21,1.5001801058284792
2006-01-22,1.4753004281836393
2006-01-23,1.4896537722471885
2006-01-24,1.4678695364471745
2006-01-25,1.4592537923259474
2006-01-26,1.4537335627073165
2006-01-27,1.44836160466075
2006-01-28,2.1116288215433263
2006-01-29,1.6542037487249166
2006-01-30,1.627826485446855
2006-01-31,1.633602861329621
2006-02-01,1.7477762358299658
2006-02-02,1.5945858836831421
2006-02-03,1.6968864079272636
2006-02-04,1.7431989608295992
2006-02-05,1.7891699656478917
2006-02-06,1.7864803623773307
2006-02-07,2.02736829135786
2006-02-08,1.977438786870563
2006-02-09,1.9306182667978251
2006-02-10,1.9803630205930447
2006-02-11,1.8644999458509337
2006-02-12,2.222923083910172
2006-02-13,3.5402820456152173
2006-02-14,5.6281578857597765
2006-02-15,2.7281416709662643
2006-02-16,1.7516177988519852
2006-02-17,2.188721695655555
2006-02-18,4.633798978671286
2006-02-19,4.07783081168126
2006-02-20,2.544785929756131
2006-02-21,1.8389315234971986
2006-02-22,1.6576612190069524
2006-02-23,2.2011835491102123
2006-02-24,2.4243911925520667
2006-02-25,9.226820256422252
2006-02-26,3.319201035812203
2006-02-27,1.8480561649609428
2006-02-28,1.7312867253580513
2006-03-01,1.7898335866118755
2006-03-02,1.8193224811415178
2006-03-03,1.9543737325817339
2006-03-04,2.109124788021047
2006-03-05,2.2329696108751445
2006-03-06,3.4241889896419133
2006-03-07,4.257971142192246
2006-03-08,1.994542859772257
2006-03-09,2.061111320533296
2006-03-10,2.0703425270158293
2006-03-11,2.1134680388385765
2006-03-12,2.184843047171393
2006-03-13,2.6253945620876626
2006-03-14,3.7132068601236043
2006-03-15,3.095906749396931
2006-03-16,2.453471517825827
2006-03-17,2.2491980057136685
2006-03-18,2.5020310493405247
2006-03-19,3.4348852575993996
2006-03-20,3.3285561807051907
2006-03-21,2.6099837683944713
2006-03-22,2.480668141166953
2006-03-23,2.7696268771647254
2006-03-24,2.375755873479534
2006-03-25,2.94281601433222
2006-03-26,2.8985376167385013
2006-03-27,3.1423325036013248
2006-03-28,2.895671822780781
2006-03-29,2.989654926626999
2006-03-30,2.9376192886382326
2006-03-31,4.536329292118843
2006-04-01,5.28606472402884
2006-04-02,2.8204512658949006
2006-04-03,2.5237092989186447
2006-04-04,3.1610102671143765
2006-04-05,3.5125454809954944
2006-04-06,4.161094325320688
2006-04-07,4.400177078876716
2006-04-08,5.811233120937561
2006-04-09,21.90960084766002
2006-04-10,4.5080166690015036
2006-04-11,2.416264043631509
2006-04-12,2.404897572626088
2006-04-13,2.4041064340329057
2006-04-14,2.4411383856745332
2006-04-15,3.634377279687747
2006-04-16,3.0149207557898534
2006-04-17,3.3247711367284256
2006-04-18,3.3357658235027503
2006-04-19,3.7344074097662876
2006-04-20,5.283326986592774
2006-04-21,7.2664191661146935
2006-04-22,7.279990888197048
2006-04-23,8.862374798895097
2006-04-24,9.608632872487398
2006-04-25,10.180887280159869
2006-04-26,11.155106912472963
2006-04-27,11.752579120203263
2006-04-28,11.901578907566325
2006-04-29,14.149520556789405
2006-04-30,15.240684783838542
2006-05-01,16.673718151201797
2006-05-02,20.295002277151617
2006-05-03,22.186353548177898
2006-05-04,25.797424002824467
2006-05-05,34.1189503735114
2006-05-06,44.49925281796969
2006-05-07,59.335807154864526
2006-05-08,67.80484480968875
2006-05-09,79.05002019535385
2006-05-10,73.85609387752473
2006-05-11,70.8496788473471
2006-05-12,84.23910336389268
2006-05-13,98.23008140966881
2006-05-14,117.79201093783561
2006-05-15,136.4365890970562
2006-05-16,156.26465556309645
2006-05-17,173.12101215497393
2006-05-18,186.10927113170428
2006-05-19,184.26949178553818
2006-05-20,178.03821693241392
2006-05-21,184.5629737420921
2006-05-22,187.43590635750073
2006-05-23,195.06072673039404
2006-05-24,204.52319398719604
2006-05-25,223.56532341563232
2006-05-26,218.16326313075749
2006-05-27,215.37085390909058
2006-05-28,221.59286924222235
2006-05-29,212.77923098874888
2006-05-30,197.66947491299
2006-05-31,197.60116703790774
2006-06-01,161.74999483441755
2006-06-02,137.24272841438648
2006-06-03,141.31873948968496
2006-06-04,120.53928535330816
2006-06-05,98.64299224746577
2006-06-06,93.41085321875474
2006-06-07,83.96434453047961
2006-06-08,98.383781856649
2006-06-09,117.30564705163385
2006-06-10,116.85473565313887
2006-06-11,89.97738159983334
2006-06-12,72.8144465759981
2006-06-13,80.88501361602664
2006-06-14,104.28181474384861
2006-06-15,120.33790386441152
2006-06-16,82.92718459128159
2006-06-17,55.66639057988046
2006-06-18,61.97452077769182
2006-06-19,74.69377553742021
2006-06-20,93.19848698218368
2006-06-21,105.71000211282323
2006-06-22,115.68530890860548
2006-06-23,119.5716631294905
2006-06-24,129.56678462250568
2006-06-25,125.03149215275165
2006-06-26,124.70498678270069
2006-06-27,111.68998498439639
2006-06-28,119.30224895133979
2006-06-29,104.93905061181707
2006-06-30,99.17754164421747
2006-07-01,84.34883270685141
2006-07-02,84.16618565837398
2006-07-03,87.155809191293
2006-07-04,80.16365014625092
2006-07-05,71.43212946264033
2006-07-06,69.64046308744481
2006-07-07,70.98694331578758
2006-07-08,68.12357648424799
2006-07-09,59.70947328781089
2006-07-10,58.555083764578185
2006-07-11,60.260894680446896
2006-07-12,61.83579627561077
2006-07-13,47.04632366838703
2006-07-14,21.493902382963135
2006-07-15,22.635141285625746
2006-07-16,20.147107802652858
2006-07-17,20.63421385653462
2006-07-18,24.770097542364223
2006-07-19,34.655605075340354
2006-07-20,36.8786146591253
2006-07-21,31.813429651109924
2006-07-22,30.846094149205047
2006-07-23,32.66604988459572
2006-07-24,35.72479963755491
2006-07-25,38.55247151223468
2006-07-26,35.60990241708269
2006-07-27,50.588649505245336
2006-07-28,38.13586458540432
2006-07-29,35.88309280534878
2006-07-30,36.93021806240375
2006-07-31,40.42703564299232
2006-08-01,41.57279033819393
2006-08-02,42.39075176368156
2006-08-03,45.46434481015391
2006-08-04,70.94703536045311
2006-08-05,104.78028479615851
2006-08-06,62.59870252344102
2006-08-07,45.53466093800231
2006-08-08,43.385591340233
2006-08-09,34.35772681515302
2006-08-10,33.07808678852139
2006-08-11,37.897898273703234
2006-08-12,48.005501428136924
2006-08-13,47.66330447268911
2006-08-14,49.66344368008567
2006-08-15,50.12016726775354
2006-08-16,36.8943770169116
2006-08-17,23.537084487993617
2006-08-18,21.486298751874884
2006-08-19,21.349193895009215
2006-08-20,34.28764619195431
2006-08-21,45.04838961291259
2006-08-22,46.14074857746999
2006-08-23,30.544643707953238
2006-08-24,31.671207132668908
2006-08-25,34.19768228526136
2006-08-26,23.34305183896246
2006-08-27,20.79318625813752
2006-08-28,26.10766909003402
2006-08-29,27.72715025830504
2006-08-30,16.092825026883215
2006-08-31,14.40914551124853
2006-09-01,32.61482185151644
2006-09-02,37.0699580163275
2006-09-03,27.328660123510385
2006-09-04,18.954623861917675
2006-09-05,16.818342631339448
2006-09-06,17.28523814164685
2006-09-07,17.2214682869467
2006-09-08,18.437769310457583
2006-09-09,17.212164087126073
2006-09-10,18.41642242917682
2006-09-11,15.438267215034541
2006-09-12,12.46730533611103
2006-09-13,11.59833373452227
2006-09-14,14.660641597481622
2006-09-15,16.35782234149383
2006-09-16,12.387691511425608
2006-09-17,9.207310198072125
2006-09-18,9.3629643340029
2006-09-19,11.035636203261271
2006-09-20,13.44247977633541
2006-09-21,12.972830226900523
2006-09-22,13.199004743507535
2006-09-23,11.090284900056815
2006-09-24,10.924592369290833
2006-09-25,11.267123889013696
2006-09-26,11.778490662377546
2006-09-27,10.540972419996187
2006-09-28,9.355479913752752
2006-09-29,9.073612313739504
2006-09-30,9.324172163104604
2006-10-01,9.380758754426944
2006-10-02,8.755073483167763
2006-10-03,8.626947878878198
2006-10-04,7.92690238159369
2006-10-05,7.475916147243008
2006-10-06,7.354372143548202
2006-10-07,7.094117035256587
2006-10-08,7.3501465434756375
2006-10-09,8.030163273529388
2006-10-10,7.834385676185292
2006-10-11,7.170756124478635
2006-10-12,7.075691140311606
2006-10-13,8.491172141311504
2006-10-14,10.7111492208406
2006-10-15,9.23235644393181
2006-10-16,8.139711756412597
2006-10-17,7.7246446857995865
2006-10-18,7.892194384803957
2006-10-19,7.631928732333814
2006-10-20,7.8516484234409045
2006-10-21,7.5713562103682275
2006-10-22,7.06298315924611
2006-10-23,6.8491667155249445
2006-10-24,7.480313657801238
2006-10-25,8.6862593763855
2006-10-26,8.506011033072777
2006-10-27,7.502588510367218
2006-10-28,6.674625568712746
2006-10-29,6.296267456393327
2006-10-30,6.4280983475785645
2006-10-31,6.508620426234074
2006-11-01,6.60252500727919
2006-11-02,6.503244437861669
2006-11-03,6.472032749576169
2006-11-04,6.433544275884099
2006-11-05,6.309549467996056
2006-11-06,6.130634686219344
2006-11-07,5.859172130295752
2006-11-08,5.765077463033449
2006-11-09,5.789469420099084
2006-11-10,6.530152796190593
2006-11-11,7.433814453004916
2006-11-12,6.597428601337411
2006-11-13,5.39680429482285
2006-11-14,4.7831641162983045
2006-11-15,5.05212440346824
2006-11-16,5.888422333967744
2006-11-17,5.501171127509544
2006-11-18,4.7730302416518695
2006-11-19,4.132322671980245
2006-11-20,4.107819347697145
2006-11-21,4.472565462290508
2006-11-22,4.047972324636641
2006-11-23,3.7852162581521505
2006-11-24,3.679503329145705
2006-11-25,3.636340624503059
2006-11-26,3.5936076890385027
2006-11-27,3.5419939624985637
2006-11-28,3.6037331061583826
2006-11-29,3.781955344573248
2006-11-30,3.490961890178276
2006-12-01,3.431414258874516
2006-12-02,3.4021256502498605
2006-12-03,4.641904070520515
2006-12-04,9.311866466065537
2006-12-05,13.70267343848724
2006-12-06,3.9581635102921853
2006-12-07,3.2948330794808047
2006-12-08,3.250575309272341
2006-12-09,3.2278549033344963
2006-12-10,3.225046141876602
2006-12-11,3.184415142617973
2006-12-12,3.1547133527842233
2006-12-13,3.1358970613310153
2006-12-14,3.1162468304821083
2006-12-15,3.104392016215214
2006-12-16,3.1355326027116344
2006-12-17,3.0574886162418364
2006-12-18,3.023549523270308
2006-12-19,3.011434542767556
2006-12-20,3.00959076760154
2006-12-21,3.719247263553096
2006-12-22,2.9903342571766927
2006-12-23,2.91221723427229
2006-12-24,2.9126416452959476
2006-12-25,3.38389580268778
2006-12-26,3.560845560003438
2006-12-27,2.892552275269053
2006-12-28,2.8277965917891152
2006-12-29,2.8071475782815156
2006-12-30,2.7875612759780077
2006-12-31,2.8578230987029056
2007-01-01,2.826608001601463
2007-01-02,2.7219339041368036
2007-01-03,2.6931145499661264
2007-01-04,2.6770544998128614
2007-01-05,2.656096077754217
2007-01-06,2.6368590208099176
2007-01-07,2.6168917080497054
2007-01-08,2.6070013769336207
2007-01-09,2.5973840750972994
2007-01-10,2.582210013774389
2007-01-11,2.547766451402476
2007-01-12,2.529571512542374
2007-01-13,2.5039458793094944
2007-01-14,2.483703873700956
2007-01-15,2.4647223430959637
2007-01-16,2.4534552174529027
2007-01-17,2.4377528199816463
2007-01-18,2.7801878450401847
2007-01-19,2.524122457140509
2007-01-20,2.4360224196358633
2007-01-21,2.4059306119659953
2007-01-22,2.3866348916043836
2007-01-23,2.3677551564194417
2007-01-24,2.453679765928901
2007-01-25,2.350798084908255
2007-01-26,2.3158288457083946
2007-01-27,2.322634503289179
2007-01-28,2.2980298945680246
2007-01-29,2.276490595746859
2007-01-30,2.275946273895749
2007-01-31,2.2673386155536366
2007-02-01,2.285587911621905
2007-02-02,2.360924283298207
2007-02-03,2.8364488065023625
2007-02-04,2.7446161726014875
2007-02-05,2.2906559069513106
2007-02-06,2.7499815259421
2007-02-07,2.305869725156649
2007-02-08,2.2170908744063467
2007-02-09,2.4003168255930722
2007-02-10,4.867681843619426
2007-02-11,6.605103206378861
2007-02-12,5.201500065982632
2007-02-13,2.7922784856137084
2007-02-14,3.183608820303981
2007-02-15,2.430959965507773
2007-02-16,2.4237646894054676
2007-02-17,2.3602612780370547
2007-02-18,2.465780321815433
2007-02-19,2.4319810600805236
2007-02-20,2.3875630346437275
2007-02-21,4.608686562057802
2007-02-22,2.6350842594260397
2007-02-23,2.413404610877236
2007-02-24,2.412356008034127
2007-02-25,2.4772249694329265
2007-02-26,3.473095583681966
2007-02-27,11.089455455278646
2007-02-28,4.127846561262712
2007-03-01,3.1509986500018377
2007-03-02,3.082573984095862
2007-03-03,3.6064082485934117
2007-03-04,4.956761757576585
2007-03-05,3.348813451351783
2007-03-06,3.2453385246369786
2007-03-07,3.246865402991134
2007-03-08,3.2795310160437343
2007-03-09,5.13947184781599
2007-03-10,4.474679007483464
2007-03-11,7.741455434715639
2007-03-12,10.622664512401707
2007-03-13,8.35583825625625
2007-03-14,5.847740611046843
2007-03-15,5.3820519744181174
2007-03-16,5.259209944512331
2007-03-17,5.479220551836726
2007-03-18,7.57484625259816
2007-03-19,14.61505361892209
2007-03-20,52.77338755853185
2007-03-21,12.496292763926533
2007-03-22,7.362534356800218
2007-03-23,6.929771899095939
2007-03-24,6.7686114292518775
2007-03-25,6.697169721667089
2007-03-26,6.540892503235269
2007-03-27,7.266065560372584
2007-03-28,7.565393279449028
2007-03-29,8.418471005040349
2007-03-30,9.266204018269978
2007-03-31,11.601002562776493
2007-04-01,27.770425345982407
2007-04-02,7.142235611616537
2007-04-03,5.751882391653081
2007-04-04,6.991422001973671
2007-04-05,9.571362846352011
2007-04-06,9.087611888473234
2007-04-07,9.296973266927349
2007-04-08,9.188296193330014
2007-04-09,9.912277612710993
2007-04-10,11.099649268724756
2007-04-11,12.626313823465187
2007-04-12,14.493706293002358
2007-04-13,16.267796126950316
2007-04-14,17.70519453365283
2007-04-15,19.473615334716214
2007-04-16,22.191425887283454
2007-04-17,26.1395156180559
2007-04-18,38.712069968674676
2007-04-19,39.285788247186474
2007-04-20,39.72362145526954
2007-04-21,38.937185379818956
2007-04-22,38.82561784855947
2007-04-23,44.09224270087685
2007-04-24,46.653323511457906
2007-04-25,45.61244620731215
2007-04-26,46.593685566911546
2007-04-27,45.952755990164235
2007-04-28,53.759289780470965
2007-04-29,64.3780712565224
2007-04-30,79.18981068187995
2007-05-01,97.64284781333349
2007-05-02,110.86891092404207
2007-05-03,111.67250678260984
2007-05-04,133.77082884898581
2007-05-05,155.75324460705556
2007-05-06,150.78802633205183
2007-05-07,147.06924838609987
2007-05-08,109.34283861200892
2007-05-09,79.58311418152464
2007-05-10,69.07607441083624
2007-05-11,58.92250103504923
2007-05-12,78.88728143272593
2007-05-13,99.72478491750127
2007-05-14,128.98732891424618
2007-05-15,150.62084647177474
2007-05-16,164.4152987246273
2007-05-17,173.45150530456257
2007-05-18,168.03698762142488
2007-05-19,145.54699768966762
2007-05-20,87.87001356946338
2007-05-21,55.42229748275495
2007-05-22,40.12313459931198
2007-05-23,40.63681094869239
2007-05-24,46.74847237801949
2007-05-25,43.459635660885006
2007-05-26,44.27364249054853
2007-05-27,47.28734477888424
2007-05-28,55.53864342609753
2007-05-29,71.8901734887093
2007-05-30,86.71891112125245
2007-05-31,101.61026977494586
2007-06-01,102.59672146987388
2007-06-02,117.61981323350442
2007-06-03,113.38230914680251
2007-06-04,94.89109440411566
2007-06-05,98.9970624099978
2007-06-06,102.64503896012175
2007-06-07,109.85701183270592
2007-06-08,114.99720150799874
2007-06-09,118.08250220651716
2007-06-10,120.21932664962087
2007-06-11,124.72935682482587
2007-06-12,135.34591639494778
2007-06-13,134.7156804038978
2007-06-14,128.98705159416238
2007-06-15,113.15729523395355
2007-06-16,87.54473364288894
2007-06-17,67.67696737141593
2007-06-18,59.25412274222164
2007-06-19,55.865074642521215
2007-06-20,56.44020990159582
2007-06-21,57.65726926865826
2007-06-22,61.165835036490776
2007-06-23,62.01938093932821
2007-06-24,61.84191119725657
2007-06-25,68.91833696989163
2007-06-26,70.02919852477228
2007-06-27,66.4712742473345
2007-06-28,86.94437994530384
2007-06-29,197.62287934457564
2007-06-30,72.31630278123069
2007-07-01,56.61322879600614
2007-07-02,56.553251169417386
2007-07-03,50.90100186290407
2007-07-04,40.208558022800666
2007-07-05,43.5140293474583
2007-07-06,44.489550626876905
2007-07-07,51.58644361354993
2007-07-08,40.35103503553308
2007-07-09,27.490047624152076
2007-07-10,23.61271551982591
2007-07-11,26.625267798285545
2007-07-12,32.22983223836795
2007-07-13,39.39036032463992
2007-07-14,35.80124532421868
2007-07-15,27.394283609946843
2007-07-16,22.180812929059346
2007-07-17,24.630832532953978
2007-07-18,24.777990676469962
2007-07-19,24.92607106677458
2007-07-20,28.47998717647118
2007-07-21,35.86652114652098
2007-07-22,44.087269725548296
2007-07-23,49.00910740596994
2007-07-24,39.42449099067235
2007-07-25,28.197095821834374
2007-07-26,30.15563603373719
2007-07-27,26.989573960590583
2007-07-28,20.077110014344544
2007-07-29,18.337912665658152
2007-07-30,22.16484730719205
2007-07-31,25.439832077913128
2007-08-01,29.218525875359777
2007-08-02,31.78615633136063
2007-08-03,27.897435360869355
2007-08-04,21.14828140920429
2007-08-05,21.20888786311535
2007-08-06,27.158071233741193
2007-08-07,29.433856378093942
2007-08-08,26.850871309104807
2007-08-09,28.247385669777188
2007-08-10,28.249495098243166
2007-08-11,29.470646210847534
2007-08-12,41.51165927159872
2007-08-13,42.92875152221499
2007-08-14,43.89830346301784
2007-08-15,28.574965900657517
2007-08-16,17.440381748667523
2007-08-17,15.109052947433856
2007-08-18,13.775084600400403
2007-08-19,15.400195998610823
2007-08-20,20.287339882844805
2007-08-21,23.280530243213537
2007-08-22,25.41458795701756
2007-08-23,23.551052923427505
2007-08-24,25.684246719329085
2007-08-25,21.841775471008578
2007-08-26,19.982198852848487
2007-08-27,19.420595515387884
2007-08-28,17.12103353207017
2007-08-29,15.132528022753412
2007-08-30,14.363224416430667
2007-08-31,16.79755569933091
2007-09-01,16.680600491107676
2007-09-02,17.78196473559912
2007-09-03,17.848883126844093
2007-09-04,17.25470166574506
2007-09-05,17.48201062867746
2007-09-06,19.76172525169803
2007-09-07,14.857899882695557
2007-09-08,13.204682982114024
2007-09-09,14.789284457390497
2007-09-10,13.30297394710427
2007-09-11,10.08165104709128
2007-09-12,8.590188665165758
2007-09-13,8.011403319414924
2007-09-14,9.471628893269038
2007-09-15,8.076778022316747
2007-09-16,8.627480830847476
2007-09-17,10.55374974358608
2007-09-18,11.944567351101654
2007-09-19,14.56240380696367
2007-09-20,14.86255470430296
2007-09-21,13.630702029212438
2007-09-22,13.78036600804213
2007-09-23,12.1485892887355
2007-09-24,10.571009936231171
2007-09-25,9.631910039017022
2007-09-26,9.549042842208463
2007-09-27,10.204581874156109
2007-09-28,9.555472442704964
2007-09-29,8.528183131277846
2007-09-30,7.88946579187086
2007-10-01,7.6668325321274065
2007-10-02,8.067608928936075
2007-10-03,8.16167772284471
2007-10-04,7.922695862772126
2007-10-05,7.7374768437123835
2007-10-06,7.505207741932539
2007-10-07,7.1843688822260106
2007-10-08,6.97804828311006
2007-10-09,6.758707942536069
2007-10-10,7.041776252793619
2007-10-11,6.696524280353505
2007-10-12,6.658328417798173
2007-10-13,6.2991049626148214
2007-10-14,6.466187682616362
2007-10-15,6.524053589758624
2007-10-16,6.337624531473011
2007-10-17,6.044502172648325
2007-10-18,6.034247345652649
2007-10-19,5.972449441692407
2007-10-20,6.432932732612187
2007-10-21,6.31878507183317
2007-10-22,5.8767117982766806
2007-10-23,5.8145731627722
2007-10-24,6.06776513840784
2007-10-25,6.5004091312962755
2007-10-26,6.437984286679649
2007-10-27,5.922498372712115
2007-10-28,5.038669183696898
2007-10-29,5.254747702426041
2007-10-30,5.0249168041436105
2007-10-31,4.814739255899311
2007-11-01,4.987450372456919
2007-11-02,5.064192375263163
2007-11-03,5.389081200577465
2007-11-04,5.993639364769205
2007-11-05,5.343990825949344
2007-11-06,4.793006883576222
2007-11-07,5.023525461441307
2007-11-08,4.939157000213279
2007-11-09,4.6957775735972005
2007-11-10,4.680449187616796
2007-11-11,4.718008961484711
2007-11-12,4.531770963718493
2007-11-13,4.505537170799928
2007-11-14,4.17639406491436
2007-11-15,4.3185956471837
2007-11-16,4.108809139294659
2007-11-17,4.05765537437709
2007-11-18,4.210953172975602
2007-11-19,4.183190730608562
2007-11-20,3.9219571942426983
2007-11-21,3.779900995024716
2007-11-22,4.010815575967231
2007-11-23,4.240086941041194
2007-11-24,4.43145870726336
2007-11-25,4.110320707553009
2007-11-26,4.148761399170638
2007-11-27,3.7572282652534983
2007-11-28,3.559404753740218
2007-11-29,3.4616499541254315
2007-11-30,4.200264647763737
2007-12-01,3.9471080956797997
2007-12-02,3.7778869854030663
2007-12-03,3.7098797738406026
2007-12-04,4.113874109911128
2007-12-05,4.0663578055506875
2007-12-06,3.3433642577891254
2007-12-07,3.5526533188444436
2007-12-08,3.492221800004152
2007-12-09,3.095950531440913
2007-12-10,2.9192265290693893
2007-12-11,2.6760299788970547
2007-12-12,2.6282074577193324
2007-12-13,2.6632813197651912
2007-12-14,2.579556046002636
2007-12-15,2.468113209953641
2007-12-16,2.456045691420636
2007-12-17,2.404065677947272
2007-12-18,2.3954788359904695
2007-12-19,2.52623347350049
2007-12-20,2.569520103792643
2007-12-21,2.505803643459199
2007-12-22,2.3079563846592497
2007-12-23,2.560930521665688
2007-12-24,2.52108489259274
2007-12-25,2.2398905086751086
2007-12-26,2.182353616074898
2007-12-27,2.162136473813477
2007-12-28,2.133925343670098
2007-12-29,2.1430282208703315
2007-12-30,2.0710312043480994
2007-12-31,2.052843649195983
2008-01-01,2.054493686118545
2008-01-02,2.0193816414869867
2008-01-03,1.9825744377339596
2008-01-04,2.126427025260296
2008-01-05,2.109371259070786
2008-01-06,2.198555838846255
2008-01-07,2.9485075151620816
2008-01-08,4.58124711623817
2008-01-09,5.948480807317822
2008-01-10,4.154078784760306
2008-01-11,1.9639250968491624
2008-01-12,1.843989666456393
2008-01-13,1.8350598477849764
2008-01-14,1.8238664308818529
2008-01-15,1.8819870353183328
2008-01-16,3.1903561300287633
2008-01-17,5.678719486727144
2008-01-18,2.3624231747625504
2008-01-19,1.7860983859126773
2008-01-20,1.7461403712155472
2008-01-21,1.7054199028504538
2008-01-22,1.7051014134587317
2008-01-23,1.7267935431251913
2008-01-24,1.7058158929660632
2008-01-25,1.6789239513231256
2008-01-26,1.666533735774312
2008-01-27,1.6535315068694307
2008-01-28,1.6565674067420122
2008-01-29,1.6706667541800184
2008-01-30,1.647235587038391
2008-01-31,1.6311393478994858
2008-02-01,1.6235862681386521
2008-02-02,1.5927011295495663
2008-02-03,1.7173599918318148
2008-02-04,2.1972357493040025
2008-02-05,2.217090369775599
2008-02-06,1.668562323563532
2008-02-07,1.7801885598722627
2008-02-08,1.7469228963933743
2008-02-09,1.638886698846724
2008-02-10,1.6165925667347276
2008-02-11,1.6051059381305888
2008-02-12,1.5794327276631015
2008-02-13,1.5703383838648302
2008-02-14,1.5801060660431783
2008-02-15,1.6248186788503447
2008-02-16,1.5718307897667672
2008-02-17,1.7327256686328085
2008-02-18,1.7112989808779717
2008-02-19,1.7214344465192042
2008-02-20,1.847529470306986
2008-02-21,2.068871647141435
2008-02-22,4.353599293814864
2008-02-23,2.424651492365145
2008-02-24,2.031573873575704
2008-02-25,1.9632945117266742
2008-02-26,1.9498936543715937
2008-02-27,2.021702357027315
2008-02-28,2.3170557677563215
2008-02-29,2.4512649067038415
2008-03-01,3.0341287790414184
2008-03-02,2.3957704939605566
2008-03-03,3.3396486314561455
2008-03-04,3.157101744771297
2008-03-05,2.847225637394278
2008-03-06,3.001769138770359
2008-03-07,4.671938898282893
2008-03-08,3.3028744612181304
2008-03-09,3.0209490143054825
2008-03-10,3.3126961589626513
2008-03-11,3.4175619317328243
2008-03-12,3.08188490848623
2008-03-13,2.9439313964297376
2008-03-14,3.300837892797938
2008-03-15,3.435685654357075
2008-03-16,3.4616157402412258
2008-03-17,3.939233012994131
2008-03-18,3.405246406654807
2008-03-19,2.9383293706485447
2008-03-20,2.649740023516556
2008-03-21,2.504709668483074
2008-03-22,3.257668204583668
2008-03-23,3.1658575592891256
2008-03-24,2.908104596922503
2008-03-25,2.793943655523745
2008-03-26,2.2815734277753275
2008-03-27,2.712827989722
2008-03-28,2.799616118966072
2008-03-29,2.949262735422919
2008-03-30,3.3066994151684868
2008-03-31,3.5101382623846624
2008-04-01,3.2520524055130915
2008-04-02,3.048811396233298
2008-04-03,3.729982077995059
2008-04-04,4.33701764917841
2008-04-05,19.13731347029554
2008-04-06,4.47595221897697
2008-04-07,6.972839865110377
2008-04-08,3.8659092437914206
2008-04-09,4.04452215535749
2008-04-10,6.886385285182326
2008-04-11,8.349911590015475
2008-04-12,7.43105811420463
2008-04-13,4.235906026972568
2008-04-14,4.700205865159047
2008-04-15,10.858481245539057
2008-04-16,4.430202768392423
2008-04-17,3.6652509058807428
2008-04-18,5.21477167953317
2008-04-19,7.2932530803350275
2008-04-20,9.147147971179844
2008-04-21,10.413441243190686
2008-04-22,12.474126090423441
2008-04-23,17.268731243776923
2008-04-24,18.296676169628014
2008-04-25,17.4187438950527
2008-04-26,15.95115111553494
2008-04-27,17.025634026739237
2008-04-28,16.50062633872617
2008-04-29,17.92638589357044
2008-04-30,20.66311085726701
2008-05-01,22.5991884065098
2008-05-02,24.09772429480856
2008-05-03,26.924274550509804
2008-05-04,26.566894109028524
2008-05-05,32.19334068374307
2008-05-06,22.442228198288852
2008-05-07,21.395911319181327
2008-05-08,25.007598577184133
2008-05-09,29.459253320543507
2008-05-10,41.60200928535094
2008-05-11,41.391408622264834
2008-05-12,47.27386363267022
2008-05-13,56.67591556740157
2008-05-14,63.234955652284604
2008-05-15,72.28189645833244
2008-05-16,83.34172055546702
2008-05-17,90.42755227255465
2008-05-18,108.1731312882813
2008-05-19,125.6413134464263
2008-05-20,131.8603894841803
2008-05-21,132.98945469134577
2008-05-22,149.69046485719886
2008-05-23,182.09657932498726
2008-05-24,185.0321428020575
2008-05-25,115.81173607067885
2008-05-26,120.83160715591093
2008-05-27,99.86721410661498
2008-05-28,99.15269882895207
2008-05-29,117.12268861119881
2008-05-30,132.13175942832058
2008-05-31,149.71210230588912
2008-06-01,166.51792389705915
2008-06-02,166.70595247043542
2008-06-03,181.1502006845292
2008-06-04,171.21547482234288
2008-06-05,162.63858623173758
2008-06-06,158.45843075912651
2008-06-07,164.52060173298503
2008-06-08,170.529080400353
2008-06-09,169.1806034793166
2008-06-10,174.95846154548803
2008-06-11,168.1479584848252
2008-06-12,153.83281128600825
2008-06-13,144.93195081019377
2008-06-14,127.48086944300606
2008-06-15,110.68028207029046
2008-06-16,118.9990909894161
2008-06-17,83.34515957134755
2008-06-18,81.28531954519312
2008-06-19,58.75608216342245
2008-06-20,46.28424455090335
2008-06-21,37.66426412849595
2008-06-22,33.15115469304076
2008-06-23,30.689509334532065
2008-06-24,26.80802421214098
2008-06-25,24.359438852213458
2008-06-26,25.509903060433025
2008-06-27,28.399665997790933
2008-06-28,31.578639196706742
2008-06-29,27.84977582584263
2008-06-30,22.970270674792584
2008-07-01,18.904147416155997
2008-07-02,15.937685302761842
2008-07-03,15.612020493444854
2008-07-04,17.781079233693422
2008-07-05,20.08441745603054
2008-07-06,33.85877355323265
2008-07-07,62.887883403648935
2008-07-08,31.997527756783022
2008-07-09,29.93613550840492
2008-07-10,26.22041575646794
2008-07-11,24.880389079568427
2008-07-12,23.74819763746914
2008-07-13,24.132540743184443
2008-07-14,23.960068474162142
2008-07-15,17.6565627333069
2008-07-16,19.81640425897113
2008-07-17,18.84020597396382
2008-07-18,25.036846303998242
2008-07-19,21.553963358159745
2008-07-20,27.482966076553467
2008-07-21,36.18186300141991
2008-07-22,29.566390847400147
2008-07-23,21.11407744246809
2008-07-24,14.405836322450746
2008-07-25,14.943670691608213
2008-07-26,17.807033865497083
2008-07-27,17.87548561221829
2008-07-28,15.238037666108676
2008-07-29,15.595793269267864
2008-07-30,15.510974405231133
2008-07-31,15.2737114153218
2008-08-01,18.11743037022797
2008-08-02,18.858520133055602
2008-08-03,23.665951335616416
2008-08-04,27.322819438810445
2008-08-05,39.299960790406544
2008-08-06,19.430033951336693
2008-08-07,12.937002675797716
2008-08-08,19.004746086858937
2008-08-09,20.912377782312102
2008-08-10,24.460775773694703
2008-08-11,19.96326003146229
2008-08-12,24.030498840652555
2008-08-13,21.992761618556347
2008-08-14,17.484474430393945
2008-08-15,31.125535794800403
2008-08-16,25.31701818180874
2008-08-17,18.92086326877274
2008-08-18,14.447886769393204
2008-08-19,9.4437967366959
2008-08-20,8.989943674579266
2008-08-21,12.689267517947679
2008-08-22,14.001465859855799
2008-08-23,12.894645238010321
2008-08-24,15.053184320814172
2008-08-25,16.249280859705266
2008-08-26,14.808366103704065
2008-08-27,14.198098719938123
2008-08-28,11.659895159844666
2008-08-29,8.412751887183562
2008-08-30,10.263411451540152
2008-08-31,13.595118344648208
2008-09-01,12.011609493028002
2008-09-02,9.325812775510194
2008-09-03,9.370393996788001
2008-09-04,10.40660702446658
2008-09-05,11.757932974566147
2008-09-06,13.571836636580676
2008-09-07,12.529363014877717
2008-09-08,11.604596153383751
2008-09-09,9.608354204133448
2008-09-10,8.334691450598774
2008-09-11,9.011788841760625
2008-09-12,8.800202823853953
2008-09-13,8.983398293039082
2008-09-14,9.148265009409949
2008-09-15,8.478886902829018
2008-09-16,8.21531802059389
2008-09-17,11.474086669518377
2008-09-18,12.662810499082305
2008-09-19,10.548154690554908
2008-09-20,10.511674861449247
2008-09-21,8.682428821234721
2008-09-22,9.23668121476384
2008-09-23,10.287566465694532
2008-09-24,9.04806012541202
2008-09-25,7.575847826649751
2008-09-26,7.346644179705603
2008-09-27,6.89189446672213
2008-09-28,7.135163134548301
2008-09-29,6.8194236411256535
2008-09-30,6.4151207495334654
2008-10-01,6.190638327839623
2008-10-02,5.3514437481103565
2008-10-03,5.087563746152262
2008-10-04,4.9440127584645
2008-10-05,6.0770557367991564
2008-10-06,8.268267050327037
2008-10-07,8.761153471645185
2008-10-08,8.471667164271949
2008-10-09,7.147515147186671
2008-10-10,6.059930183504726
2008-10-11,5.889642059824916
2008-10-12,6.484723937774408
2008-10-13,5.965987825758901
2008-10-14,7.4385581420478895
2008-10-15,7.199437027063002
2008-10-16,5.944020963255682
2008-10-17,5.310015332786479
2008-10-18,5.537584343238502
2008-10-19,5.788994673296232
2008-10-20,5.515901886927438
2008-10-21,4.857184056638208
2008-10-22,5.012561731884145
2008-10-23,5.026462729392099
2008-10-24,4.96430475944836
2008-10-25,5.20980292116018
2008-10-26,4.715725602078085
2008-10-27,4.754692865236129
2008-10-28,5.616316976003789
2008-10-29,6.209777207059018
2008-10-30,5.630098985698006
2008-10-31,4.737545680619924
2008-11-01,4.8965989513505335
2008-11-02,5.186322707741286
2008-11-03,5.0402021859279476
2008-11-04,4.248879451311977
2008-11-05,4.710017592167736
2008-11-06,5.346524624511894
2008-11-07,5.716730792670714
2008-11-08,5.212456648387748
2008-11-09,5.082544971363362
2008-11-10,4.607720186575952
2008-11-11,4.225753670266151
2008-11-12,4.320415297413571
2008-11-13,4.22179907910599
2008-11-14,4.578488494273203
2008-11-15,3.8164417914607935
2008-11-16,3.6216657192318467
2008-11-17,3.5370370211116264
2008-11-18,3.3704570551494157
2008-11-19,3.6694762771109146
2008-11-20,3.5873137774055492
2008-11-21,3.3417155308174125
2008-11-22,3.4948334899237934
2008-11-23,3.492607950108746
2008-11-24,3.0946435005057102
2008-11-25,3.198028911613659
2008-11-26,3.1376717470878472
2008-11-27,3.177317506177167
2008-11-28,3.4127762479963253
2008-11-29,3.6075298373605675
2008-11-30,3.591409379039328
2008-12-01,3.494325633011027
2008-12-02,3.2597135476804513
2008-12-03,3.267156681674075
2008-12-04,3.1997273645016775
2008-12-05,3.1642597939453894
2008-12-06,3.125325296870343
2008-12-07,3.2572067330244407
2008-12-08,6.6875417802957555
2008-12-09,4.190554659711378
2008-12-10,2.6458547009885605
2008-12-11,2.5371447100541458
2008-12-12,2.3883486337448443
2008-12-13,2.3962612195378714
2008-12-14,2.375971220269361
2008-12-15,2.3860049193104103
2008-12-16,2.422416215141614
2008-12-17,2.795312700493662
2008-12-18,3.5555599134780627
2008-12-19,4.588544427508528
2008-12-20,8.638423724837741
2008-12-21,2.5591224381955806
2008-12-22,2.19799275885464
2008-12-23,2.187287419398918
2008-12-24,2.174518494402952
2008-12-25,2.164321020245552
2008-12-26,2.1482541981865397
2008-12-27,2.1277831053178686
2008-12-28,2.1161717910611735
2008-12-29,2.217112309072969
2008-12-30,2.0975139364673225
2008-12-31,2.0650966846767584
2009-01-01,2.0489472888264
2009-01-02,2.045496044256815
2009-01-03,2.633700271345238
2009-01-04,2.51955227958148
2009-01-05,2.0668723273364944
2009-01-06,2.0347160942925546
2009-01-07,2.0141896678061753
2009-01-08,2.0025779068396963
2009-01-09,1.992588064629658
2009-01-10,2.0018201080826565
2009-01-11,1.973217039102433
2009-01-12,1.9783796301659426
2009-01-13,1.9432947708147699
2009-01-14,2.1811832213664752
2009-01-15,2.0811713191954535
2009-01-16,2.9106967279395346
2009-01-17,2.8742912345145855
2009-01-18,4.704709869944584
2009-01-19,2.125949242407931
2009-01-20,1.909473606900258
2009-01-21,1.9265832720287868
2009-01-22,1.9283954139944968
2009-01-23,1.9084185290205127
2009-01-24,2.065347733407043
2009-01-25,3.060315412827128
2009-01-26,3.42169758180047
2009-01-27,3.9981620362868497
2009-01-28,1.987182690889812
2009-01-29,2.0070148544130353
2009-01-30,1.9815794167127105
2009-01-31,1.8664774877402712
2009-02-01,1.869392412988578
2009-02-02,1.8723077167190756
2009-02-03,2.355060936400998
2009-02-04,2.3602733364767015
2009-02-05,4.950081055538324
2009-02-06,2.4849510353789
2009-02-07,2.033726667934189
2009-02-08,2.051881599601578
2009-02-09,2.0137596079970113
2009-02-10,3.0693379440436193
2009-02-11,2.2681832800016677
2009-02-12,2.2911410578983076
2009-02-13,11.65055410761898
2009-02-14,4.859010842113809
2009-02-15,2.4085061709451336
2009-02-16,2.3754531775582937
2009-02-17,2.5084706697466905
2009-02-18,2.4990377906235137
2009-02-19,2.9421560241165112
2009-02-20,5.028113979481013
2009-02-21,2.8100166310574486
2009-02-22,2.979258834767867
2009-02-23,6.203209056347318
2009-02-24,4.899570617152778
2009-02-25,3.25071076609048
2009-02-26,3.2014408435745563
2009-02-27,3.2280111754568783
2009-02-28,3.157554171088279
2009-03-01,3.2211188751327655
2009-03-02,3.508793205088551
2009-03-03,11.484205900198395
2009-03-04,5.459812944477387
2009-03-05,4.49027355107314
2009-03-06,4.183465178924449
2009-03-07,4.863045342942226
2009-03-08,3.6118185593363115
2009-03-09,3.9419150782822103
2009-03-10,3.649981268407666
2009-03-11,3.6465969054722316
2009-03-12,3.9195483493308245
2009-03-13,3.9005477424272725
2009-03-14,4.0842391619933585
2009-03-15,4.086840364300444
2009-03-16,3.886172856847007
2009-03-17,5.244644581694523
2009-03-18,5.108092166541839
2009-03-19,4.813852839632071
2009-03-20,4.257583046536525
2009-03-21,4.0374660046515505
2009-03-22,3.6260565654465946
2009-03-23,3.487693091609751
2009-03-24,5.326868548207718
2009-03-25,5.190370562749311
2009-03-26,3.3099630839282663
2009-03-27,4.274169512312202
2009-03-28,3.870972238795137
2009-03-29,4.937063395180827
2009-03-30,4.279427438415586
2009-03-31,3.6534749648807665
2009-04-01,3.706775793356493
2009-04-02,8.322030729435236
2009-04-03,5.1793633114765685
2009-04-04,4.671837904391916
2009-04-05,4.215773475951712
2009-04-06,7.10804759122285
2009-04-07,8.489747152393509
2009-04-08,15.69659562493655
2009-04-09,5.063297499887939
2009-04-10,3.8115227833682415
2009-04-11,4.199952463663241
2009-04-12,6.222096239212973
2009-04-13,6.542784683603572
2009-04-14,7.819972347533878
2009-04-15,12.315595612397376
2009-04-16,6.34572357486422
2009-04-17,5.444741662482129
2009-04-18,6.419363942194511
2009-04-19,7.372491380155965
2009-04-20,10.050628197372102
2009-04-21,10.311325252326391
2009-04-22,7.725435389366512
2009-04-23,6.974246710918695
2009-04-24,6.14625740564775
2009-04-25,8.000120084754682
2009-04-26,8.327875369191895
2009-04-27,13.140480755992678
2009-04-28,16.163750261156
2009-04-29,15.207247340796043
2009-04-30,15.11153806453096
2009-05-01,16.20863882415727
2009-05-02,18.621994548816897
2009-05-03,19.670021071182717
2009-05-04,17.44007872415379
2009-05-05,13.169042921694471
2009-05-06,10.907200991113983
2009-05-07,10.062396949562515
2009-05-08,14.90216754553657
2009-05-09,17.826929171617135
2009-05-10,19.03837310933307
2009-05-11,16.620630980662852
2009-05-12,17.514953682670264
2009-05-13,24.740721401579545
2009-05-14,28.938415184522093
2009-05-15,34.36216786530087
2009-05-16,35.9417262615307
2009-05-17,37.31107951837281
2009-05-18,39.17202460158835
2009-05-19,45.36822218497597
2009-05-20,57.86921104648535
2009-05-21,53.533270202416396
2009-05-22,58.066830731606935
2009-05-23,55.32732069758955
2009-05-24,54.11351693021318
2009-05-25,53.8424509023115
2009-05-26,56.482537135386885
2009-05-27,56.16898074669433
2009-05-28,63.34436083408623
2009-05-29,74.56193892618309
2009-05-30,80.72399704936234
2009-05-31,90.69525466539396
2009-06-01,103.79181987378088
2009-06-02,115.86085495854569
2009-06-03,123.38199468893465
2009-06-04,127.15610068636194
2009-06-05,121.06530024242748
2009-06-06,88.96598214982633
2009-06-07,58.28284474674101
2009-06-08,51.33718169505763
2009-06-09,70.71767850791414
2009-06-10,95.95314544566416
2009-06-11,123.28994967909716
2009-06-12,125.0219872529674
2009-06-13,126.36887975800424
2009-06-14,130.97562629324844
2009-06-15,143.04908979624946
2009-06-16,117.59534636410135
2009-06-17,83.8075188034087
2009-06-18,75.5491346359253
2009-06-19,85.03331581096295
2009-06-20,113.28913072642011
2009-06-21,128.1977501594626
2009-06-22,139.24859176056793
2009-06-23,148.45255958968244
2009-06-24,166.97947606515197
2009-06-25,189.01449241740465
2009-06-26,228.63421533930983
2009-06-27,228.00231637888984
2009-06-28,208.09183346496937
2009-06-29,201.579255073408
2009-06-30,213.29158741394238
2009-07-01,159.9701308438738
2009-07-02,124.85614483854646
2009-07-03,115.90431477701401
2009-07-04,75.56515525335487
2009-07-05,78.29845611734645
2009-07-06,91.67545219066675
2009-07-07,114.1306449397157
2009-07-08,141.4039136454536
2009-07-09,161.1987819684633
2009-07-10,171.1918951746952
2009-07-11,183.9281823745618
2009-07-12,204.65900802031584
2009-07-13,204.41747399084977
2009-07-14,174.1755183322683
2009-07-15,160.92129720093718
2009-07-16,152.93833769371398
2009-07-17,174.45327397846407
2009-07-18,174.8784859200977
2009-07-19,178.0903453920986
2009-07-20,160.16368012323838
2009-07-21,160.04425676516163
2009-07-22,159.70021813737557
2009-07-23,157.5569241975526
2009-07-24,149.5235260329118
2009-07-25,149.93228011225509
2009-07-26,137.141966713439
2009-07-27,130.8745488114217
2009-07-28,118.01911101955558
2009-07-29,109.28551324289657
2009-07-30,101.50385485485407
2009-07-31,92.99584230951533
2009-08-01,85.3487297197548
2009-08-02,76.43889365164097
2009-08-03,72.84494006955879
2009-08-04,68.58933387866932
2009-08-05,65.15042755204236
2009-08-06,65.23335114182792
2009-08-07,66.19971183522377
2009-08-08,60.62072491368237
2009-08-09,52.780740848431975
2009-08-10,46.711122079609936
2009-08-11,42.1814394993233
2009-08-12,39.80833170932586
2009-08-13,38.60348789902293
2009-08-14,38.31521013852428
2009-08-15,37.7102096598376
2009-08-16,43.98842914189193
2009-08-17,38.64529850393091
2009-08-18,29.968749985909646
2009-08-19,23.866336226309915
2009-08-20,17.33782891513522
2009-08-21,19.29250693192669
2009-08-22,16.859854571115875
2009-08-23,15.988347758031368
2009-08-24,14.913621100812552
2009-08-25,14.33106894151983
2009-08-26,17.82635167354681
2009-08-27,14.071471527306482
2009-08-28,13.064643946626035
2009-08-29,14.1494853949503
2009-08-30,16.712106122339474
2009-08-31,21.551146984896533
2009-09-01,24.322613812391367
2009-09-02,18.783711978807744
2009-09-03,16.967706405261854
2009-09-04,14.660235879285365
2009-09-05,12.380781827479886
2009-09-06,12.336007313685974
2009-09-07,12.03633481459875
2009-09-08,11.573704475953296
2009-09-09,11.893963628612894
2009-09-10,10.616832893195685
2009-09-11,10.117566340730756
2009-09-12,10.572655098775735
2009-09-13,9.85218964396592
2009-09-14,8.90145408509701
2009-09-15,9.337836035603983
2009-09-16,11.54405682021204
2009-09-17,10.932879936979976
2009-09-18,8.722708621504259
2009-09-19,7.232686030178092
2009-09-20,6.803936578209203
2009-09-21,6.955961482478853
2009-09-22,6.871182367066832
2009-09-23,7.001830102481386
2009-09-24,6.984963705566001
2009-09-25,6.076160990534458
2009-09-26,6.218807565384344
2009-09-27,8.248194915078138
2009-09-28,7.819450561212852
2009-09-29,7.141234233171914
2009-09-30,5.8700836864756605
2009-10-01,5.696774973961358
2009-10-02,5.636303832754494
2009-10-03,6.928739665017701
2009-10-04,9.15424344033441
2009-10-05,8.641868314548741
2009-10-06,8.241476954443053
2009-10-07,8.277644106818764
2009-10-08,8.152546946952738
2009-10-09,7.469456032086525
2009-10-10,7.014331354522238
2009-10-11,6.599777406249561
2009-10-12,6.126442946800411
2009-10-13,6.175202446007259
2009-10-14,6.500519398833605
2009-10-15,6.444281817987274
2009-10-16,5.998207172656466
2009-10-17,6.002466405117337
2009-10-18,6.090989623299123
2009-10-19,6.02298658337517
2009-10-20,5.803498011717901
2009-10-21,5.70725083548722
2009-10-22,5.736149096291733
2009-10-23,5.4231570756902885
2009-10-24,5.365238498049038
2009-10-25,5.2461464770211315
2009-10-26,4.995848864499554
2009-10-27,5.071410918593698
2009-10-28,5.012649333491626
2009-10-29,5.470248992792239
2009-10-30,4.958019895274557
2009-10-31,5.509602138064066
2009-11-01,5.267234150568646
2009-11-02,5.160884559081464
2009-11-03,5.667181794250427
2009-11-04,5.439752066975424
2009-11-05,5.001727503581959
2009-11-06,4.9620634813519064
2009-11-07,4.3785621048773
2009-11-08,5.14671925903097
2009-11-09,4.037986441142857
2009-11-10,3.3607478626802867
2009-11-11,3.309817359275094
2009-11-12,3.380391663188738
2009-11-13,3.5832922643817526
2009-11-14,3.1875679574979867
2009-11-15,3.149564098661729
2009-11-16,3.0835624660785284
2009-11-17,3.0617670242473776
2009-11-18,2.9724068988589374
2009-11-19,2.903317804320476
2009-11-20,2.8895428292672394
2009-11-21,2.9034824339271177
2009-11-22,2.8825667158061368
2009-11-23,2.828754553622474
2009-11-24,2.8708722240930675
2009-11-25,3.2994550538194547
2009-11-26,2.7266328606097145
2009-11-27,2.6550448348563105
2009-11-28,2.6554959401123064
2009-11-29,2.6070232266450617
2009-11-30,2.6405212648212917
2009-12-01,2.5902455202833403
2009-12-02,2.509378547747346
2009-12-03,2.4530675798581525
2009-12-04,2.4603850697623746
2009-12-05,2.8465601647017054
2009-12-06,2.406502615141812
2009-12-07,2.3191429417799503
2009-12-08,2.2968382665924003
2009-12-09,2.442471884665828
2009-12-10,2.6976070321475456
2009-12-11,2.247526977466896
2009-12-12,2.1900926173828967
2009-12-13,2.1759070431704024
2009-12-14,2.1488137428740073
2009-12-15,2.1506615595709464
2009-12-16,2.100909772347294
2009-12-17,2.073188970398669
2009-12-18,2.050831715196516
2009-12-19,2.0304715958661306
2009-12-20,2.020940561906671
2009-12-21,2.0048197115241893
2009-12-22,1.973981840254776
2009-12-23,1.9513674677623538
2009-12-24,1.92864439085345
2009-12-25,1.9128085912807906
2009-12-26,1.9058622260742324
2009-12-27,1.8893155401061277
2009-12-28,1.8841111738673018
2009-12-29,1.8637551568375494
2009-12-30,1.842497168452133
2009-12-31,1.8091294044190467
2010-01-01,1.7953855179688514
2010-01-02,1.7824857970663146
2010-01-03,1.8731663417655475
2010-01-04,1.7561720832999725
2010-01-05,1.7326538087179264
2010-01-06,1.7121473825993194
2010-01-07,1.7034751354625417
2010-01-08,1.6861610596963004
2010-01-09,1.6704972503889428
2010-01-10,1.6559361118421545
2010-01-11,1.6342130421277359
2010-01-12,1.6162569903494681
2010-01-13,1.60080165254573
2010-01-14,1.5932959421373465
2010-01-15,1.587009849512548
2010-01-16,1.5867711107593534
2010-01-17,1.612945082400213
2010-01-18,1.5938211203059724
2010-01-19,1.568803809721973
2010-01-20,1.5426586942345497
2010-01-21,1.580273517177386
2010-01-22,1.5398153750773733
2010-01-23,1.5522865141577578
2010-01-24,1.5256309126522019
2010-01-25,1.5156136858843123
2010-01-26,1.4516906503880147
2010-01-27,1.4625982709740302
2010-01-28,2.04834865115437
2010-01-29,2.5004044026720753
2010-01-30,1.449434575307018
2010-01-31,1.4165617752455033
2010-02-01,1.4261643046878425
2010-02-02,1.3946871688991198
2010-02-03,1.4020744718684288
2010-02-04,1.3968704805143315
2010-02-05,1.6574432841629951
2010-02-06,2.3628435717055605
2010-02-07,7.284759240509831
2010-02-08,25.068152875212174
2010-02-09,5.827786865549202
2010-02-10,1.5417508175998353
2010-02-11,1.4021379536748224
2010-02-12,2.14912879833696
2010-02-13,1.5602292445287405
2010-02-14,2.1663834827860766
2010-02-15,7.078487507589892
2010-02-16,1.8167812768589042
2010-02-17,1.3662847959418214
2010-02-18,1.4113725856457855
2010-02-19,1.4463435279388053
2010-02-20,1.5515156335033038
2010-02-21,1.6739158211312453
2010-02-22,1.7834968303859822
2010-02-23,2.0548184420182984
2010-02-24,2.311098179637508
2010-02-25,4.442298558127935
2010-02-26,7.664423218274522
2010-02-27,3.147004804051683
2010-02-28,7.672769141262947
2010-03-01,19.234346542127582
2010-03-02,2.899087848952587
2010-03-03,2.077767581163961
2010-03-04,3.5376237500385916
2010-03-05,2.1862315861179553
2010-03-06,1.9677101831444923
2010-03-07,2.583159273395351
2010-03-08,2.572681435993783
2010-03-09,2.618697743278508
2010-03-10,2.866749909432496
2010-03-11,3.0169015243503403
2010-03-12,3.5657503303943896
2010-03-13,3.9597343051404343
2010-03-14,4.198949554993536
2010-03-15,4.206324259768806
2010-03-16,4.318906473609454
2010-03-17,4.4844059409902375
2010-03-18,4.699271220859943
2010-03-19,4.951876212342404
2010-03-20,4.760869689906634
2010-03-21,4.553607444326373
2010-03-22,10.243540231014286
2010-03-23,17.029078058803496
2010-03-24,8.583756743313044
2010-03-25,5.809931306029652
2010-03-26,8.134496263093222
2010-03-27,7.501912609038547
2010-03-28,7.41687522332969
2010-03-29,7.106743085610807
2010-03-30,8.180671100606961
2010-03-31,4.789847341829948
2010-04-01,4.322406763218197
2010-04-02,4.638708972185848
2010-04-03,7.725309872937702
2010-04-04,6.67662076899672
2010-04-05,4.148323432399945
2010-04-06,4.158077067414334
2010-04-07,5.301644707865575
2010-04-08,8.90326487767492
2010-04-09,11.07182314592395
2010-04-10,11.674410337173176
2010-04-11,13.180748126703296
2010-04-12,11.731620964689148
2010-04-13,6.049889971973265
2010-04-14,5.6552213617399625
2010-04-15,8.389517127835717
2010-04-16,16.832223880773086
2010-04-17,19.348456527760217
2010-04-18,31.775143324861343
2010-04-19,23.406163042783724
2010-04-20,15.383574667251574
2010-04-21,13.38078216407082
2010-04-22,12.340332312049233
2010-04-23,10.183649140946997
2010-04-24,10.234952474677677
2010-04-25,13.371412469746144
2010-04-26,16.327113057771577
2010-04-27,17.042395786298243
2010-04-28,18.65367042066567
2010-04-29,21.88710422708707
2010-04-30,24.736426120404797
2010-05-01,26.387478681829037
2010-05-02,24.30545498570974
2010-05-03,29.55116405301528
2010-05-04,36.754893794853025
2010-05-05,47.04435885664002
2010-05-06,41.969988844784744
2010-05-07,38.08972115939226
2010-05-08,36.82169076164857
2010-05-09,35.678462690195325
2010-05-10,42.23885384290386
2010-05-11,43.05085473117582
2010-05-12,41.67506697313751
2010-05-13,36.831042983675125
2010-05-14,40.097587978686455
2010-05-15,37.20242479087091
2010-05-16,55.01844182794586
2010-05-17,58.435159038438236
2010-05-18,47.24028666145074
2010-05-19,26.496881013531603
2010-05-20,21.27922939789646
2010-05-21,29.650186079798956
2010-05-22,47.40243971157163
2010-05-23,56.79357820595158
2010-05-24,38.27834570032416
2010-05-25,39.17992737472933
2010-05-26,46.71246484700659
2010-05-27,63.34442752304251
2010-05-28,38.938777916308716
2010-05-29,30.830099463678312
2010-05-30,24.82638813096518
2010-05-31,28.993227445648298
2010-06-01,40.895958916141716
2010-06-02,55.977494614512906
2010-06-03,57.01134749982581
2010-06-04,49.03854812450125
2010-06-05,29.818842355081554
2010-06-06,25.798086706888586
2010-06-07,36.46211368292571
2010-06-08,50.01598251661394
2010-06-09,54.1260578501568
2010-06-10,54.020811334062415
2010-06-11,57.82147476120176
2010-06-12,65.95523566106226
2010-06-13,71.40722947907365
2010-06-14,72.70357313402657
2010-06-15,69.95342991120525
2010-06-16,65.0033735234071
2010-06-17,75.42341044255919
2010-06-18,81.55503315585932
2010-06-19,91.57737319679093
2010-06-20,105.86273067967558
2010-06-21,122.85833324662897
2010-06-22,135.14856139893317
2010-06-23,154.19109006583994
2010-06-24,166.59997533784767
2010-06-25,172.7505528830066
2010-06-26,164.0117967894922
2010-06-27,143.38713113458851
2010-06-28,163.03498765374087
2010-06-29,177.75042772152818
2010-06-30,185.45197610904046
2010-07-01,182.75320246873386
2010-07-02,177.66643126531704
2010-07-03,177.20819559145508
2010-07-04,191.16134301053688
2010-07-05,196.42181759682643
2010-07-06,164.7956138326842
2010-07-07,188.126410310584
2010-07-08,201.22370352954707
2010-07-09,202.97403653103356
2010-07-10,204.43414856820698
2010-07-11,205.574542479239
2010-07-12,219.23345673970297
2010-07-13,207.02795707567364
2010-07-14,194.76095827610453
2010-07-15,192.46399661381454
2010-07-16,194.38705227020768
2010-07-17,195.8448739440566
2010-07-18,188.9879224804613
2010-07-19,182.957564985511
2010-07-20,163.17001396260557
2010-07-21,182.89476499827026
2010-07-22,115.39982171949067
2010-07-23,107.13931849912986
2010-07-24,101.86414306038151
2010-07-25,114.33623987678801
2010-07-26,134.6156286590459
2010-07-27,184.0287186441834
2010-07-28,233.27264449990852
2010-07-29,246.1016947952848
2010-07-30,212.16688384453906
2010-07-31,152.22710359040272
2010-08-01,115.35442634701869
2010-08-02,109.85845037383197
2010-08-03,119.79067727248456
2010-08-04,129.54306695836726
2010-08-05,137.38657147382554
2010-08-06,153.57945420441098
2010-08-07,144.33208450850324
2010-08-08,164.16175207494226
2010-08-09,140.3971659688899
2010-08-10,114.80442623983996
2010-08-11,103.80075560724912
2010-08-12,95.37884655367661
2010-08-13,97.98210184252
2010-08-14,94.67199480285247
2010-08-15,95.33662366164378
2010-08-16,100.322319428484
2010-08-17,91.6898160710054
2010-08-18,72.07890784923062
2010-08-19,57.52838527018236
2010-08-20,55.94164634498165
2010-08-21,46.05395613926298
2010-08-22,38.00792385713725
2010-08-23,34.386231001963225
2010-08-24,45.06178986050336
2010-08-25,44.04648166615147
2010-08-26,30.437801695322882
2010-08-27,24.585293650451824
2010-08-28,19.93463163701633
2010-08-29,18.87829069961227
2010-08-30,19.3961784257097
2010-08-31,20.412024437650743
2010-09-01,21.836273105537483
2010-09-02,26.45285541650418
2010-09-03,27.817298589142812
2010-09-04,23.557248470669283
2010-09-05,20.446458158116126
2010-09-06,20.711008295913537
2010-09-07,22.56230426328437
2010-09-08,19.178320425778047
2010-09-09,18.318149098826968
2010-09-10,20.98462859237311
2010-09-11,23.58345942432243
2010-09-12,19.904026538630333
2010-09-13,19.45387353349258
2010-09-14,18.204724130447175
2010-09-15,16.187488820929744
2010-09-16,15.979694697648
2010-09-17,16.170038707444785
2010-09-18,18.45227359284227
2010-09-19,15.408144884761066
2010-09-20,12.634176706362007
2010-09-21,12.61689591304052
2010-09-22,16.88698428055527
2010-09-23,17.37032823957064
2010-09-24,15.67811429485971
2010-09-25,13.480234758994154
2010-09-26,12.498683603202888
2010-09-27,13.179025074605855
2010-09-28,14.65407742372915
2010-09-29,14.271271900292133
2010-09-30,13.964335183638566
2010-10-01,12.07818025923243
2010-10-02,10.444934885751671
2010-10-03,10.32274240364193
2010-10-04,10.132914646232823
2010-10-05,9.89201954357033
2010-10-06,9.801024683740208
2010-10-07,9.677893868052196
2010-10-08,9.83825779484183
2010-10-09,9.46645286850923
2010-10-10,9.447107122546312
2010-10-11,9.749257780903696
2010-10-12,9.802017269845978
2010-10-13,9.207569817519374
2010-10-14,8.972483043022015
2010-10-15,9.010244092914984
2010-10-16,8.136527492558844
2010-10-17,7.932461634760394
2010-10-18,7.815089386774629
2010-10-19,7.530750901770653
2010-10-20,7.889961448067102
2010-10-21,9.008316582521681
2010-10-22,7.816780342662014
2010-10-23,6.883431644379805
2010-10-24,6.708669408629922
2010-10-25,6.703993565808323
2010-10-26,6.769905880225061
2010-10-27,6.660047653156752
2010-10-28,6.640249014331718
2010-10-29,6.885811499042401
2010-10-30,7.354593273460423
2010-10-31,6.523333962298196
2010-11-01,6.263821066645722
2010-11-02,6.3566837720865195
2010-11-03,6.4630203638956205
2010-11-04,6.967659199873314
2010-11-05,8.096436449549364
2010-11-06,7.874995446723756
2010-11-07,6.50656892098487
2010-11-08,6.380267718865304
2010-11-09,6.807899381892356
2010-11-10,6.734153207712901
2010-11-11,7.280624124071759
2010-11-12,7.176793099209373
2010-11-13,6.574768268097847
2010-11-14,5.914364321646738
2010-11-15,5.576076281892465
2010-11-16,5.491655235291986
2010-11-17,5.723718984662466
2010-11-18,6.1852484794151
2010-11-19,6.398439516799125
2010-11-20,5.061187955956254
2010-11-21,5.220667510735345
2010-11-22,7.325273523830313
2010-11-23,6.730672614707369
2010-11-24,5.59633927908087
2010-11-25,5.445442663651763
2010-11-26,5.622483809898589
2010-11-27,4.678020067564121
2010-11-28,4.295456922759174
2010-11-29,4.244291192578043
2010-11-30,4.007784600698333
2010-12-01,3.9455414380951246
2010-12-02,3.884158526302553
2010-12-03,3.8349789671636376
2010-12-04,4.027394801268684
2010-12-05,3.7581815686223
2010-12-06,3.767407392286786
2010-12-07,3.817475253657677
2010-12-08,3.8329714385025633
2010-12-09,3.7227870325539607
2010-12-10,3.712018842995167
2010-12-11,3.287470607160063
2010-12-12,3.2709297609752888
2010-12-13,3.8294936394355465
2010-12-14,3.3885682057589293
2010-12-15,3.4427128925006465
2010-12-16,3.891786948386945
2010-12-17,3.149180042013233
2010-12-18,3.8463621336017173
2010-12-19,3.4215617286150937
2010-12-20,3.7847831406977543
2010-12-21,3.2878839180713486
2010-12-22,3.2720081210939913
2010-12-23,2.9529417340954143
2010-12-24,2.912378961914309
2010-12-25,2.9635513600254173
2010-12-26,2.8839806644684245
2010-12-27,3.0051506718511094
2010-12-28,2.9331950518028695
2010-12-29,3.213551918289389
2010-12-30,2.919577109879431
2010-12-31,2.4006697915202277
2011-01-01,2.1490767588729374
2011-01-02,2.135772914592834
2011-01-03,2.0465932863015754
2011-01-04,2.035370847078807
2011-01-05,1.9733460146203352
2011-01-06,1.9650173617344282
2011-01-07,1.9672181591756788
2011-01-08,1.9362832073268355
2011-01-09,1.8667397540866157
2011-01-10,1.8315878683226359
2011-01-11,1.842555782651784
2011-01-12,1.794317407581007
2011-01-13,1.8658131458449598
2011-01-14,2.3522497390634323
2011-01-15,1.7755458531134258
2011-01-16,1.7053318784371303
2011-01-17,1.7140610935568228
2011-01-18,1.6869493913416767
2011-01-19,1.6628629356330524
2011-01-20,1.6590340588716608
2011-01-21,1.6888101273526746
2011-01-22,1.6399736589441705
2011-01-23,1.6019873725506018
2011-01-24,1.5753130166809652
2011-01-25,1.5529385107660711
2011-01-26,1.5373811213043969
2011-01-27,1.526842336378553
2011-01-28,1.5256035764792972
2011-01-29,1.5663410920649778
2011-01-30,1.5991572209433005
2011-01-31,1.5341728942286148
2011-02-01,1.4986792230503814
2011-02-02,1.541130002770646
2011-02-03,2.398301145412465
2011-02-04,2.804544725838828
2011-02-05,1.6891576663682275
2011-02-06,5.671278582440288
2011-02-07,4.855956539511679
2011-02-08,1.5397270488169266
2011-02-09,1.377044044694334
2011-02-10,1.3582907596822174
2011-02-11,1.3782604989613976
2011-02-12,3.30787286247839
2011-02-13,12.213210013888627
2011-02-14,5.759811621699848
2011-02-15,1.6606820784290048
2011-02-16,1.4825506091410035
2011-02-17,1.4364161696869362
2011-02-18,1.4191024501607117
2011-02-19,1.4982123676979655
2011-02-20,1.9528099208485838
2011-02-21,1.491675029483203
2011-02-22,1.454784612733798
2011-02-23,2.035125468861239
2011-02-24,2.022439651578372
2011-02-25,2.09669555954489
2011-02-26,1.7237728791128775
2011-02-27,1.5609207512628211
2011-02-28,1.6127315603488799
2011-03-01,1.9271890127629623
2011-03-02,4.052690626768505
2011-03-03,2.8875044327667507
2011-03-04,2.7292084600666864
2011-03-05,2.6777809342698125
2011-03-06,2.0535876106872575
2011-03-07,3.111677620888633
2011-03-08,2.5807426886267812
2011-03-09,2.2634492844744933
2011-03-10,2.242494206806171
2011-03-11,2.3216425065645114
2011-03-12,2.539984986836126
2011-03-13,2.856550030165588
2011-03-14,3.1025096438971222
2011-03-15,3.2835491757547732
2011-03-16,3.7499821251988688
2011-03-17,4.314393563060928
2011-03-18,4.792179395725913
2011-03-19,7.384676722922892
2011-03-20,3.8308943538543043
2011-03-21,3.2507799581131493
2011-03-22,3.3808824171403464
2011-03-23,3.7141839995761115
2011-03-24,4.1304942897502706
2011-03-25,4.374764548110613
2011-03-26,4.683920559279766
2011-03-27,4.83050066166941
2011-03-28,8.182939864110716
2011-03-29,5.394321543190119
2011-03-30,4.115093193875224
2011-03-31,3.8383052697733913
2011-04-01,4.233845545274808
2011-04-02,4.306168553737156
2011-04-03,3.963863726172085
2011-04-04,3.931084779175181
2011-04-05,3.0091579216002833
2011-04-06,2.807460590269344
2011-04-07,2.8925444155237545
2011-04-08,3.326890336576045
2011-04-09,3.4016235514817876
2011-04-10,9.26352127264162
2011-04-11,4.932985128002131
2011-04-12,3.4028755532614148
2011-04-13,3.4106358077742303
2011-04-14,3.70652350661363
2011-04-15,4.004493689390956
2011-04-16,5.667286186161289
2011-04-17,12.709644800238308
2011-04-18,7.252933870675955
2011-04-19,4.753596152850956
2011-04-20,4.743577109496383
2011-04-21,5.818286816395964
2011-04-22,7.881836530865698
2011-04-23,8.61080427294707
2011-04-24,10.11405960877298
2011-04-25,12.049674969049645
2011-04-26,13.624623496750111
2011-04-27,15.246593255571582
2011-04-28,15.419755444445588
2011-04-29,16.175096572884456
2011-04-30,20.252018134025665
2011-05-01,18.02061420618466
2011-05-02,18.860008562348924
2011-05-03,21.310211961230653
2011-05-04,24.073201765967344
2011-05-05,25.074304859194097
2011-05-06,35.23055377200102
2011-05-07,26.441951510448966
2011-05-08,26.49467948860689
2011-05-09,31.008382245730257
2011-05-10,42.381096282221534
2011-05-11,45.071623739790105
2011-05-12,50.3155758708058
2011-05-13,50.75175990636151
2011-05-14,46.257347637203104
2011-05-15,54.16612852379387
2011-05-16,67.18226808324168
2011-05-17,79.88054404092182
2011-05-18,91.13797767840187
2011-05-19,93.3891580137113
2011-05-20,87.34960004418492
2011-05-21,72.15647638790381
2011-05-22,63.16692836043588
2011-05-23,65.63281065483453
2011-05-24,82.59451193037056
2011-05-25,108.06683029846532
2011-05-26,100.63627465966287
2011-05-27,111.20398000370635
2011-05-28,104.99095915057791
2011-05-29,104.5461481911769
2011-05-30,119.5561868521367
2011-05-31,118.49257233074925
2011-06-01,85.0719760294492
2011-06-02,77.35657922494796
2011-06-03,70.97378035413432
2011-06-04,80.69353379745256
2011-06-05,101.39486742063113
2011-06-06,120.35426723862831
2011-06-07,121.28585746720732
2011-06-08,129.73786974512765
2011-06-09,140.4451140997457
2011-06-10,144.10786308496458
2011-06-11,141.34428798264142
2011-06-12,156.55573846366914
2011-06-13,155.8563708386876
2011-06-14,140.85820869846523
2011-06-15,144.93760077620982
2011-06-16,151.8399227854376
2011-06-17,155.95364226487047
2011-06-18,156.51141515386612
2011-06-19,149.20191771424575
2011-06-20,144.47478305149596
2011-06-21,143.03376212544453
2011-06-22,140.30057313198992
2011-06-23,146.45315285986837
2011-06-24,142.95821024121014
2011-06-25,138.12030406773232
2011-06-26,131.71373861990125
2011-06-27,126.28374710627193
2011-06-28,114.9297595821979
2011-06-29,101.78999844673359
2011-06-30,85.6886751320505
2011-07-01,77.55701996513152
2011-07-02,76.17346332118491
2011-07-03,63.0191545001724
2011-07-04,56.49329911319941
2011-07-05,54.34323953960604
2011-07-06,54.98441080919957
2011-07-07,57.57915094766547
2011-07-08,65.57023048685022
2011-07-09,58.33906231671568
2011-07-10,46.82795011400443
2011-07-11,38.10108687020838
2011-07-12,33.76156925948374
2011-07-13,31.32047003064231
2011-07-14,33.80425610651499
2011-07-15,45.114616881478966
2011-07-16,46.00997662523065
2011-07-17,35.79245087865226
2011-07-18,27.32941137032182
2011-07-19,29.696193423633453
2011-07-20,25.768235176516807
2011-07-21,26.71577797378688
2011-07-22,29.137134406540362
2011-07-23,30.600524468617696
2011-07-24,30.683006513630072
2011-07-25,39.097247958044484
2011-07-26,40.86636985279619
2011-07-27,33.15131617842939
2011-07-28,24.491390695780808
2011-07-29,26.243072287395005
2011-07-30,22.242922192958062
2011-07-31,19.272007100116117
2011-08-01,15.330106272511907
2011-08-02,11.696188630222105
2011-08-03,8.897255827932089
2011-08-04,10.967295619575129
2011-08-05,14.964638419354374
2011-08-06,17.4873869342839
2011-08-07,24.316899616921347
2011-08-08,25.617077333136795
2011-08-09,22.556500712088216
2011-08-10,20.886121881366076
2011-08-11,20.21766634587855
2011-08-12,23.261984260380267
2011-08-13,27.57001919116752
2011-08-14,23.313511700679868
2011-08-15,22.08367599053125
2011-08-16,19.470267090610434
2011-08-17,15.470632755223152
2011-08-18,15.887315229910833
2011-08-19,16.603639942568314
2011-08-20,16.683344127252404
2011-08-21,15.114714448234329
2011-08-22,14.324985861493383
2011-08-23,13.68448033677597
2011-08-24,17.028328233884224
2011-08-25,21.148692705745187
2011-08-26,23.658652178986976
2011-08-27,26.897588483938126
2011-08-28,28.805656585294525
2011-08-29,22.163057142306197
2011-08-30,15.612096911581125
2011-08-31,14.587459312313623
2011-09-01,22.320678878173812
2011-09-02,30.6372981926974
2011-09-03,28.223317367481265
2011-09-04,22.54217448840831
2011-09-05,15.721577280241181
2011-09-06,11.428526167147881
2011-09-07,10.578800026115537
2011-09-08,13.486305377661601
2011-09-09,22.018221468405383
2011-09-10,21.00233416438249
2011-09-11,14.839907632172837
2011-09-12,11.549932681170166
2011-09-13,12.786532970035784
2011-09-14,18.55078167490222
2011-09-15,23.140062999893335
2011-09-16,27.75211642151516
2011-09-17,14.654788028974734
2011-09-18,14.346196940884585
2011-09-19,15.231269946730897
2011-09-20,12.715996086144557
2011-09-21,10.286547766779263
2011-09-22,10.058101624359976
2011-09-23,10.143615108611533
2011-09-24,9.339351878804619
2011-09-25,9.655374919250605
2011-09-26,9.703867457953148
2011-09-27,8.097153858058888
2011-09-28,7.347485778984778
2011-09-29,7.127036665964366
2011-09-30,7.246397397652559
2011-10-01,6.99916919521696
2011-10-02,6.298977162995754
2011-10-03,6.144377466503019
2011-10-04,6.137440431738891
2011-10-05,10.088969796852155
2011-10-06,10.940777905197699
2011-10-07,10.739616601088754
2011-10-08,8.85320499919209
2011-10-09,8.526470194369853
2011-10-10,8.172412843059961
2011-10-11,8.18856268511975
2011-10-12,7.744279131132598
2011-10-13,7.574531036199016
2011-10-14,8.604772914916863
2011-10-15,6.717337161434047
2011-10-16,6.48937128085424
2011-10-17,6.407855790773148
2011-10-18,6.366931540277953
2011-10-19,6.407326395393294
2011-10-20,7.3836876013882335
2011-10-21,7.628635191815154
2011-10-22,8.066626923615296
2011-10-23,7.462800848115161
2011-10-24,5.752073980148373
2011-10-25,5.372610653389027
2011-10-26,5.33210988140428
2011-10-27,5.462484434210495
2011-10-28,5.482063312499835
2011-10-29,5.66486811304063
2011-10-30,5.8591508763750975
2011-10-31,5.668539855446589
2011-11-01,5.714173397049305
2011-11-02,5.514722840918922
2011-11-03,5.847341541062087
2011-11-04,5.402498112487443
2011-11-05,4.781820989034927
2011-11-06,4.563190358855269
2011-11-07,4.7257807502486555
2011-11-08,5.342571936146004
2011-11-09,7.13578378124272
2011-11-10,5.404038487382087
2011-11-11,5.281576464610065
2011-11-12,4.374613548303933
2011-11-13,4.214343253493894
2011-11-14,4.064966472676569
2011-11-15,4.3042394877575765
2011-11-16,3.810361011676928
2011-11-17,3.830512594760343
2011-11-18,4.100963096075931
2011-11-19,4.185845031888752
2011-11-20,4.088210074577993
2011-11-21,4.025071755380311
2011-11-22,4.061761022337217
2011-11-23,4.0753954678372155
2011-11-24,3.912036345201527
2011-11-25,3.9427116138130147
2011-11-26,3.7902562473918833
2011-11-27,3.6963479734153704
2011-11-28,3.7376657065515433
2011-11-29,3.7044454827539455
2011-11-30,4.105238863650495
2011-12-01,4.715210957222564
2011-12-02,4.283155190725532
2011-12-03,3.543227719771221
2011-12-04,3.398792551304487
2011-12-05,3.4037517500785657
2011-12-06,3.3364238553552634
2011-12-07,3.4910748780869376
2011-12-08,3.709132184051708
2011-12-09,3.387892604626569
2011-12-10,3.1038635715038763
2011-12-11,2.975073256168295
2011-12-12,2.8264025688755763
2011-12-13,2.769524224610162
2011-12-14,2.7225181971037498
2011-12-15,2.7710860490689395
2011-12-16,2.6835457183055444
2011-12-17,2.692465928251691
2011-12-18,2.8170758167318266
2011-12-19,2.64891201859596
2011-12-20,2.9460168541938656
2011-12-21,2.894587901212714
2011-12-22,2.6588655301314925
2011-12-23,2.5557992499613875
2011-12-24,2.4859660379515547
2011-12-25,2.522422656007841
2011-12-26,2.4834563030185635
2011-12-27,2.461277898364499
2011-12-28,2.4709478872116
2011-12-29,2.4742420089449366
2011-12-30,2.3796736355651853
2011-12-31,2.4415418615820355
2012-01-01,2.451758348737276
2012-01-02,2.3266250503669483
2012-01-03,2.310685924338359
2012-01-04,2.394471875936086
2012-01-05,2.643043889141843
2012-01-06,2.4418422645870983
2012-01-07,2.3091142335979673
2012-01-08,2.31143561390539
2012-01-09,2.1856425487746796
2012-01-10,2.1309288970943467
2012-01-11,2.1109050307642
2012-01-12,2.0910702709839035
2012-01-13,2.086392782814801
2012-01-14,2.1017647926348686
2012-01-15,3.1239668273531325
2012-01-16,2.1264258617717853
2012-01-17,2.033369863902529
2012-01-18,1.9898696709789494
2012-01-19,1.9701996853538588
2012-01-20,1.9500868707383965
2012-01-21,1.9295112952224762
2012-01-22,1.9800464251389105
2012-01-23,2.0428143732834094
2012-01-24,1.90199131981707
2012-01-25,1.9150391316150914
2012-01-26,1.903377687627924
2012-01-27,1.853528091274932
2012-01-28,1.8376610405085716
2012-01-29,1.817351641743353
2012-01-30,1.8140619924839796
2012-01-31,1.8540105505097726
2012-02-01,1.8062432569177727
2012-02-02,1.8297117206103666
2012-02-03,2.394961800696513
2012-02-04,3.949974024182589
2012-02-05,2.2092594397053387
2012-02-06,1.8498476082787805
2012-02-07,1.7991882712525493
2012-02-08,1.7595113943495297
2012-02-09,1.7186364424579281
2012-02-10,1.71534840414191
2012-02-11,1.717378782459042
2012-02-12,2.050998126196803
2012-02-13,2.1218849313901926
2012-02-14,1.8822585693104013
2012-02-15,1.7084059389563748
2012-02-16,1.7264992380039954
2012-02-17,1.65380409882203
2012-02-18,1.735627458295694
2012-02-19,1.825649810743098
2012-02-20,3.925698657742902
2012-02-21,6.221954446329788
2012-02-22,2.4474738167197114
2012-02-23,1.8957879429208293
2012-02-24,1.8118917917942297
2012-02-25,1.8212115972211549
2012-02-26,1.8097735495069163
2012-02-27,2.132283814492471
2012-02-28,2.1126252962458953
2012-02-29,2.019592301540223
2012-03-01,2.2351358273997914
2012-03-02,2.2206193866390804
2012-03-03,2.7409254594833836
2012-03-04,6.540467139968979
2012-03-05,5.680417649747403
2012-03-06,2.642646631660559
2012-03-07,3.168770729834397
2012-03-08,2.7767214055045266
2012-03-09,2.507369350444745
2012-03-10,2.702870958985067
2012-03-11,2.1682806492655287
2012-03-12,2.4676426242489167
2012-03-13,2.469477434405216
2012-03-14,2.5307053238810853
2012-03-15,2.385976526148472
2012-03-16,2.6102105874641253
2012-03-17,3.3148595651282973
2012-03-18,5.146422646811925
2012-03-19,23.95818575393118
2012-03-20,10.75227632357501
2012-03-21,3.3296083854986174
2012-03-22,3.2425622277765305
2012-03-23,3.3950346287960804
2012-03-24,4.483787239613196
2012-03-25,5.769775906530228
2012-03-26,7.761631436090839
2012-03-27,3.7009206272661714
2012-03-28,5.093700888161272
2012-03-29,4.699327558753829
2012-03-30,5.371522388797179
2012-03-31,5.953154916396617
2012-04-01,8.446574038296356
2012-04-02,9.426459189577425
2012-04-03,9.510255960046372
2012-04-04,8.956743778470981
2012-04-05,9.244336237941011
2012-04-06,8.928969091673691
2012-04-07,9.331487189883408
2012-04-08,9.998478442320923
2012-04-09,12.040839835537565
2012-04-10,10.970603239273318
2012-04-11,9.083518445703621
2012-04-12,7.690025592295852
2012-04-13,6.4827843824584095
2012-04-14,6.489533460994853
2012-04-15,6.634737554418983
2012-04-16,7.725952065027521
2012-04-17,7.420649906076198
2012-04-18,7.882314069291541
2012-04-19,7.621338965301857
2012-04-20,13.305468285401517
2012-04-21,11.865495960618937
2012-04-22,8.754053760655962
2012-04-23,9.272730402568104
2012-04-24,10.768380464343165
2012-04-25,11.671408282760899
2012-04-26,14.659167835496222
2012-04-27,16.19480146004946
2012-04-28,17.67925099454382
2012-04-29,15.153703990797785
2012-04-30,11.698829693252266
2012-05-01,10.342935913545533
2012-05-02,9.58087139577404
2012-05-03,11.46075683520267
2012-05-04,13.60395448646855
2012-05-05,17.32944120826455
2012-05-06,29.008206910961402
2012-05-07,21.339007289798953
2012-05-08,34.89958673075719
2012-05-09,40.103117425243035
2012-05-10,45.67931916115475
2012-05-11,46.77605821586707
2012-05-12,31.757943839389906
2012-05-13,27.1831280101529
2012-05-14,31.773367561217306
2012-05-15,42.701420634093814
2012-05-16,47.40712503106788
2012-05-17,43.70812636945106
2012-05-18,54.23329975260972
2012-05-19,52.99312289236293
2012-05-20,51.391011727973826
2012-05-21,49.272156734326295
2012-05-22,42.87307557230267
2012-05-23,38.44786429450503
2012-05-24,42.06489379844246
2012-05-25,53.94264076498211
2012-05-26,60.640421837067926
2012-05-27,49.36056928151088
2012-05-28,55.90040928447507
2012-05-29,65.02978180372251
2012-05-30,72.978020479143
2012-05-31,81.61221218131044
2012-06-01,83.32753154154797
2012-06-02,71.84337858924387
2012-06-03,63.94503817999477
2012-06-04,66.73345355798362
2012-06-05,70.6941080735595
2012-06-06,69.36444356915555
2012-06-07,76.36506201677454
2012-06-08,78.55151729789358
2012-06-09,74.17204994277331
2012-06-10,72.1500985301666
2012-06-11,80.90778332446867
2012-06-12,86.17446027329449
2012-06-13,97.8715980090201
2012-06-14,101.32496730015414
2012-06-15,106.90068810079619
2012-06-16,107.87254156149635
2012-06-17,119.0602279979224
2012-06-18,122.73687100190595
2012-06-19,142.4641131770487
2012-06-20,137.11266810539374
2012-06-21,149.241466404578
2012-06-22,167.94931839776837
2012-06-23,169.7779949192834
2012-06-24,169.0670596110326
2012-06-25,156.74475282734505
2012-06-26,140.68844162519358
2012-06-27,123.9485066335575
2012-06-28,128.9487491090216
2012-06-29,138.09167854756708
2012-06-30,146.87210902519087
2012-07-01,153.24970884353064
2012-07-02,162.15323583569892
2012-07-03,167.08601955802848
2012-07-04,164.47853681205538
2012-07-05,158.78886165142634
2012-07-06,150.99893654967633
2012-07-07,144.69829299190607
2012-07-08,131.41699779619483
2012-07-09,132.84839356987212
2012-07-10,128.01454999246735
2012-07-11,117.03084520475527
2012-07-12,112.56047696013964
2012-07-13,100.49300284271
2012-07-14,89.4390199183249
2012-07-15,82.40435703441361
2012-07-16,72.30624932862966
2012-07-17,61.46512857846478
2012-07-18,61.14948820557951
2012-07-19,60.95224902974626
2012-07-20,56.64067253668371
2012-07-21,53.01209215865122
2012-07-22,52.14882751878567
2012-07-23,52.156438162981296
2012-07-24,52.054795753802445
2012-07-25,49.78955681744012
2012-07-26,45.10008228118076
2012-07-27,37.76865417519771
2012-07-28,29.67280344559134
2012-07-29,28.379891453712577
2012-07-30,27.785962485032613
2012-07-31,29.177771905437112
2012-08-01,31.29746300491924
2012-08-02,32.12427401891818
2012-08-03,33.79803035240255
2012-08-04,45.64138447195288
2012-08-05,31.759196611581494
2012-08-06,24.02251944405339
2012-08-07,19.682469369324984
2012-08-08,15.91681666521028
2012-08-09,14.601642297237534
2012-08-10,17.036894300981775
2012-08-11,21.83688119497224
2012-08-12,21.291184917683996
2012-08-13,21.494535871164185
2012-08-14,21.05519225585696
2012-08-15,25.839338045633014
2012-08-16,34.59277364089718
2012-08-17,31.72879716571711
2012-08-18,22.006710485909494
2012-08-19,20.989439743581933
2012-08-20,22.004441888389348
2012-08-21,21.079236558678687
2012-08-22,20.746331007544907
2012-08-23,22.50152520660823
2012-08-24,22.196568031492188
2012-08-25,24.505534600912068
2012-08-26,37.92557339235118
2012-08-27,23.76767383969443
2012-08-28,19.719774090564425
2012-08-29,18.04416378683904
2012-08-30,15.095470032892091
2012-08-31,12.109211461260617
2012-09-01,10.963613999233232
2012-09-02,14.41838504917481
2012-09-03,18.231565504287374
2012-09-04,20.09410451686411
2012-09-05,25.69420434677719
2012-09-06,27.82198814662064
2012-09-07,33.32152173307308
2012-09-08,36.7629271584983
2012-09-09,32.483612703035256
2012-09-10,27.574915582540577
2012-09-11,20.44596442052109
2012-09-12,16.75238456553686
2012-09-13,17.198913472167728
2012-09-14,19.117457905557803
2012-09-15,13.46045045333312
2012-09-16,13.730233584906832
2012-09-17,47.11983575384116
2012-09-18,26.820873940692202
2012-09-19,13.69390049466462
2012-09-20,12.323310628190045
2012-09-21,13.793592227067727
2012-09-22,15.340746765956277
2012-09-23,12.878769112466012
2012-09-24,12.205920562217479
2012-09-25,12.649271846394628
2012-09-26,13.10045212749757
2012-09-27,12.38883218990968
2012-09-28,10.682416498989749
2012-09-29,10.932366100881323
2012-09-30,10.892725249168048
2012-10-01,9.094305423844386
2012-10-02,9.093658393993978
2012-10-03,9.895278801498744
2012-10-04,9.212714127323348
2012-10-05,8.558144100689715
2012-10-06,8.835080820855255
2012-10-07,8.934886743814928
2012-10-08,8.0719239599601
2012-10-09,8.009373105580316
2012-10-10,10.694122829105629
2012-10-11,10.693647064188236
2012-10-12,8.33713532604424
2012-10-13,8.709792905877908
2012-10-14,8.766768519602278
2012-10-15,9.321392709389325
2012-10-16,10.350925978777157
2012-10-17,9.398529486058683
2012-10-18,8.367523475108188
2012-10-19,8.599913596420315
2012-10-20,7.693768311364982
2012-10-21,7.624933159760399
2012-10-22,6.352497272215347
2012-10-23,6.351566989413079
2012-10-24,6.326190717054493
2012-10-25,6.269445428865799
2012-10-26,6.111849102450936
2012-10-27,6.237609530839267
2012-10-28,6.659411486851822
2012-10-29,7.030895466605827
2012-10-30,6.519652066679279
2012-10-31,6.719726765279975
2012-11-01,6.630007572998021
2012-11-02,6.546115607764648
2012-11-03,6.224810938515209
2012-11-04,5.9987419062458445
2012-11-05,5.801599445858714
2012-11-06,6.094620566303824
2012-11-07,5.611733184813287
2012-11-08,5.4898740549955285
2012-11-09,5.418738386728891
2012-11-10,5.70139957124769
2012-11-11,5.785750694572927
2012-11-12,5.706070332031917
2012-11-13,5.599456551218152
2012-11-14,5.243360461893622
2012-11-15,5.036061946762835
2012-11-16,5.542433061268104
2012-11-17,5.740353167210435
2012-11-18,5.435122362392787
2012-11-19,5.318956646184416
2012-11-20,4.93809679541372
2012-11-21,4.90884309553852
2012-11-22,5.441017564422652
2012-11-23,4.737123903438598
2012-11-24,4.590333497692265
2012-11-25,4.39548801792895
2012-11-26,4.339546353778999
2012-11-27,4.322625299930277
2012-11-28,4.822443373446517
2012-11-29,4.144492803342348
2012-11-30,3.7237716717864675
2012-12-01,3.6170961359260123
2012-12-02,3.580808849800741
2012-12-03,3.4679047491839707
2012-12-04,3.4344370810351554
2012-12-05,3.478425805807552
2012-12-06,3.432059076698679
2012-12-07,3.3964412809842677
2012-12-08,3.4468102111682026
2012-12-09,3.202129511257596
2012-12-10,3.164337622038289
2012-12-11,3.1464281165570624
2012-12-12,3.0781116924997347
2012-12-13,3.4446793846274706
2012-12-14,3.4617890128025826
2012-12-15,3.2920234073026515
2012-12-16,3.1515737138505955
2012-12-17,2.963797905734358
2012-12-18,3.032367301440123
2012-12-19,2.8649763526102765
2012-12-20,2.8045028494999684
2012-12-21,2.769310442716175
2012-12-22,2.7402703337882652
2012-12-23,2.71112372313133
2012-12-24,2.72275929555443
2012-12-25,2.6591935001313676
2012-12-26,2.630248406251855
2012-12-27,2.863406908614379
2012-12-28,4.064345234424314
2012-12-29,2.832904566908437
2012-12-30,2.5618312127742104
2012-12-31,2.5101302264148697
2013-01-01,2.480101972475063
2013-01-02,2.4449048180644435
2013-01-03,2.4168484263962116
2013-01-04,2.3850289692992668
2013-01-05,2.356254007608867
2013-01-06,2.3338517515828805
2013-01-07,2.304611351194919
2013-01-08,2.28432153515956
2013-01-09,2.2877529876343172
2013-01-10,2.2524886839420493
2013-01-11,2.273408951508065
2013-01-12,3.4962581415496325
2013-01-13,2.292131205326786
2013-01-14,2.1879678265867266
2013-01-15,2.1696795601836025
2013-01-16,2.2043137247363735
2013-01-17,2.574632209590544
2013-01-18,2.207651462950105
2013-01-19,2.1153290011353936
2013-01-20,2.0707696264463604
2013-01-21,2.04704134291878
2013-01-22,2.023641227682432
2013-01-23,2.060850902230424
2013-01-24,2.0008636179654045
2013-01-25,1.9744053325524524
2013-01-26,1.9501021506520466
2013-01-27,1.924562449103185
2013-01-28,1.9054264184379697
2013-01-29,1.8794426543565061
2013-01-30,1.8577655683034195
2013-01-31,1.9659759805482975
2013-02-01,1.8455337572769803
2013-02-02,1.9350902778406938
2013-02-03,2.978713846356408
2013-02-04,19.065681148174352
2013-02-05,12.575120807541353
2013-02-06,2.5043536486725024
2013-02-07,1.910705090547894
2013-02-08,1.8855057693287434
2013-02-09,1.8981055122307116
2013-02-10,1.9199820891460952
2013-02-11,1.9394038288908844
2013-02-12,2.0181136321714703
2013-02-13,2.0004359427474285
2013-02-14,2.3770188974618325
2013-02-15,3.3501531822424315
2013-02-16,2.4451150388036873
2013-02-17,2.2372728122288703
2013-02-18,2.1859045673015642
2013-02-19,2.1347450203974465
2013-02-20,2.301126271668895
2013-02-21,2.1445434242742603
2013-02-22,4.80520090064874
2013-02-23,2.49496487668332
2013-02-24,2.0447014204938623
2013-02-25,2.106274335429656
2013-02-26,2.8255888380548537
2013-02-27,12.11548914266568
2013-02-28,3.4790772361899998
2013-03-01,2.321371210801104
2013-03-02,2.3244641500726053
2013-03-03,2.3720711556938925
2013-03-04,2.4973148821725286
2013-03-05,2.577819120204623
2013-03-06,2.6798003717928225
2013-03-07,2.7995145777349966
2013-03-08,3.236036175401773
2013-03-09,7.526372405528732
2013-03-10,3.8347013411495623
2013-03-11,3.2353658870118216
2013-03-12,3.1885306435472844
2013-03-13,5.941520782735417
2013-03-14,9.182458591158046
2013-03-15,3.4220320738486807
2013-03-16,3.2851586994842847
2013-03-17,4.277694894366113
2013-03-18,4.32105775169809
2013-03-19,4.4658031045952296
2013-03-20,5.306762318167033
2013-03-21,6.253703113864449
2013-03-22,4.381940574746798
2013-03-23,5.427979844852405
2013-03-24,7.373308220271971
2013-03-25,4.883233757346285
2013-03-26,4.51895979620224
2013-03-27,4.866434142066566
2013-03-28,5.193910224483734
2013-03-29,6.138424843246591
2013-03-30,6.105349341129848
2013-03-31,6.1070278100961595
2013-04-01,6.416356256341234
2013-04-02,7.296814651429366
2013-04-03,6.652755239153025
2013-04-04,5.069127524333698
2013-04-05,5.16700475004812
2013-04-06,5.1649136185134745
2013-04-07,4.918281768576482
2013-04-08,5.927341693632451
2013-04-09,7.714226653229668
2013-04-10,7.912528408026578
2013-04-11,7.9302225356592855
2013-04-12,7.814794966498133
2013-04-13,8.645387873575824
2013-04-14,9.234816963452047
2013-04-15,10.283776922706595
2013-04-16,10.694358565647368
2013-04-17,5.787076684847178
2013-04-18,5.534871145023728
2013-04-19,6.880279739624729
2013-04-20,5.609669477784752
2013-04-21,6.652983878041597
2013-04-22,6.6059635771292395
2013-04-23,8.588726343930356
2013-04-24,11.835549739240578
2013-04-25,12.714780046772576
2013-04-26,11.959093954173076
2013-04-27,11.817567471911504
2013-04-28,11.319056013014684
2013-04-29,15.148531278193587
2013-04-30,12.994981389971187
2013-05-01,11.194435825257328
2013-05-02,9.16198277498285
2013-05-03,10.591155497875866
2013-05-04,13.23359723883298
2013-05-05,13.625818393058053
2013-05-06,13.096167502336787
2013-05-07,14.862902901000247
2013-05-08,18.32947067121665
2013-05-09,19.888010014177254
2013-05-10,21.818301067399034
2013-05-11,29.26575343798774
2013-05-12,27.968979384567515
2013-05-13,27.727189811808515
2013-05-14,26.660648139288618
2013-05-15,25.0188213857804
2013-05-16,25.293783770275176
2013-05-17,29.66256943480202
2013-05-18,35.52796599684536
2013-05-19,43.486974689579924
2013-05-20,56.746405746758576
2013-05-21,54.318927629774116
2013-05-22,56.620469123044685
2013-05-23,56.6489783076898
2013-05-24,62.5917882646781
2013-05-25,80.28856969802987
2013-05-26,80.78168232776957
2013-05-27,51.33786562866731
2013-05-28,31.87119441743137
2013-05-29,28.034438633582756
2013-05-30,34.97085180450596
2013-05-31,44.5210264835872
2013-06-01,59.34746746947514
2013-06-02,82.61616975451797
2013-06-03,116.10340069280392
2013-06-04,138.203193341349
2013-06-05,139.20263282720953
2013-06-06,132.8819127384792
2013-06-07,128.80853810221979
2013-06-08,131.5398251855854
2013-06-09,148.5439858669307
2013-06-10,169.54052208773052
2013-06-11,173.92686641089904
2013-06-12,163.23171139391633
2013-06-13,174.4804104184842
2013-06-14,164.14917793000728
2013-06-15,99.55208963705778
2013-06-16,64.4470835713049
2013-06-17,55.25975974002747
2013-06-18,64.9424100310268
2013-06-19,68.29625383454791
2013-06-20,80.28824978185199
2013-06-21,106.39059018960182
2013-06-22,137.89503650304064
2013-06-23,158.15758630737062
2013-06-24,175.0283887046298
2013-06-25,188.20578095787297
2013-06-26,196.03990051488512
2013-06-27,179.8334889525437
2013-06-28,192.3477160760439
2013-06-29,179.20390483349115
2013-06-30,166.28684361652273
2013-07-01,150.06213970225969
2013-07-02,131.00515436894608
2013-07-03,139.89481740712256
2013-07-04,137.49478888944088
2013-07-05,136.91421352909768
2013-07-06,138.90895842378052
2013-07-07,144.04632483608287
2013-07-08,138.68213943354053
2013-07-09,110.7488511153296
2013-07-10,92.36494946886664
2013-07-11,94.44203395458554
2013-07-12,86.82568266467713
2013-07-13,78.35505542023218
2013-07-14,76.42547050015456
2013-07-15,75.93828602786743
2013-07-16,87.47629763215197
2013-07-17,83.61170503681561
2013-07-18,79.04238791004117
2013-07-19,75.93284440358335
2013-07-20,75.41250247189078
2013-07-21,73.59735276740705
2013-07-22,68.14507837571638
2013-07-23,61.40483284621117
2013-07-24,58.818540020834845
2013-07-25,48.76890006638772
2013-07-26,40.88530937575683
2013-07-27,38.73848013500227
2013-07-28,36.28121491229416
2013-07-29,34.56578282868743
2013-07-30,36.52491676300474
2013-07-31,33.362061611000506
2013-08-01,42.044387654061694
2013-08-02,50.37059199021877
2013-08-03,46.84403655020628
2013-08-04,45.09165627194536
2013-08-05,34.605005023540784
2013-08-06,29.858980205523626
2013-08-07,27.38423115747671
2013-08-08,24.818649750743443
2013-08-09,20.888606630682077
2013-08-10,20.793681530990433
2013-08-11,26.07983959697039
2013-08-12,27.012465823909245
2013-08-13,73.69131795547754
2013-08-14,166.01138620627876
2013-08-15,50.23202910004732
2013-08-16,35.369636529055896
2013-08-17,37.220341482415215
2013-08-18,29.98457134083351
2013-08-19,32.489806474065965
2013-08-20,26.441685029338373
2013-08-21,21.402362778658674
2013-08-22,20.28376364772957
2013-08-23,18.511135436784418
2013-08-24,23.355564901908366
2013-08-25,24.7213955450803
2013-08-26,16.86918917538636
2013-08-27,16.12576023451984
2013-08-28,18.10395862235888
2013-08-29,25.73734465436463
2013-08-30,22.43629488414703
2013-08-31,17.36044023187429
2013-09-01,17.407405316172266
2013-09-02,16.061013732843236
2013-09-03,15.476382591210161
2013-09-04,14.051063233760056
2013-09-05,11.765189656432655
2013-09-06,9.727197518922832
2013-09-07,9.137594974004465
2013-09-08,11.311600121285977
2013-09-09,12.246159164037765
2013-09-10,11.16824374613079
2013-09-11,10.444425780691361
2013-09-12,14.990524000572222
2013-09-13,18.09120821240996
2013-09-14,14.168588145793063
2013-09-15,14.209664673007586
2013-09-16,13.175600314067278
2013-09-17,10.466694264698264
2013-09-18,9.468385361113093
2013-09-19,8.439214391385521
2013-09-20,7.950720921772368
2013-09-21,7.933575590027893
2013-09-22,7.632482552871691
2013-09-23,8.670335564806177
2013-09-24,8.713353528491416
2013-09-25,7.389019900180537
2013-09-26,6.980767401673046
2013-09-27,7.200342594510785
2013-09-28,10.419454309220113
2013-09-29,8.610562988283002
2013-09-30,8.280765412587165
2013-10-01,8.82025324102565
2013-10-02,8.227255269855847
2013-10-03,7.297480863150137
2013-10-04,6.7234254652670815
2013-10-05,6.545394504457419
2013-10-06,6.44769014785907
2013-10-07,6.376972534332208
2013-10-08,6.365000615334687
2013-10-09,6.41242833464753
2013-10-10,7.10366232525192
2013-10-11,7.175720723287442
2013-10-12,8.26820435131005
2013-10-13,9.30457837997991
2013-10-14,8.347879442631022
2013-10-15,7.244954455147189
2013-10-16,7.39159075208008
2013-10-17,7.87335163181392
2013-10-18,7.217820195919446
2013-10-19,6.436750810060137
2013-10-20,6.378614484734244
2013-10-21,6.352143549893568
2013-10-22,6.4268475001641345
2013-10-23,6.701191749533309
2013-10-24,6.96255131854366
2013-10-25,6.321040058647308
2013-10-26,6.372520337772425
2013-10-27,6.678123457762685
2013-10-28,5.645804648517683
2013-10-29,5.886006709056744
2013-10-30,6.654755710719114
2013-10-31,6.0595889436117565
2013-11-01,5.405719894273025
2013-11-02,5.025232046842574
2013-11-03,5.192436068968885
2013-11-04,5.166582053468796
2013-11-05,5.782686179949369
2013-11-06,6.079267005943787
2013-11-07,5.869160577501447
2013-11-08,4.892928434813433
2013-11-09,4.514612547169419
2013-11-10,4.365557572373426
2013-11-11,4.379599935459154
2013-11-12,4.148023926452096
2013-11-13,4.155308181836325
2013-11-14,4.050591710801508
2013-11-15,4.016310480251618
2013-11-16,4.047739633698676
2013-11-17,4.07083451072959
2013-11-18,4.061051761892207
2013-11-19,4.403266708567444
2013-11-20,4.202134427289463
2013-11-21,4.112364050256566
2013-11-22,4.228837461353225
2013-11-23,4.577728227792561
2013-11-24,4.70382950420619
2013-11-25,4.506408247205558
2013-11-26,4.07420666956288
2013-11-27,4.057315644000964
2013-11-28,3.953941954628513
2013-11-29,3.731165132700812
2013-11-30,3.66910095678679
2013-12-01,3.8224646315782063
2013-12-02,3.6497971352481984
2013-12-03,3.566704294100114
2013-12-04,3.3446722855389686
2013-12-05,3.4838845412374724
2013-12-06,3.7546108150087747
2013-12-07,3.7750664335693815
2013-12-08,4.106229268525748
2013-12-09,3.501282880206902
2013-12-10,3.2111939995093075
2013-12-11,3.2891979168333565
2013-12-12,3.0807595866567943
2013-12-13,3.024169565262454
2013-12-14,2.953967388153222
2013-12-15,3.39266933918949
2013-12-16,3.7646726057809925
2013-12-17,3.5747854956407465
2013-12-18,3.0776713331613474
2013-12-19,2.757934154526275
2013-12-20,2.8364640281407847
2013-12-21,2.7013311553089054
2013-12-22,2.7991053673347444
2013-12-23,2.5333798586628316
2013-12-24,2.8412354423646224
2013-12-25,2.7004950989402974
2013-12-26,2.5620150281225915
2013-12-27,2.4756557383300635
2013-12-28,2.3459172344602224
2013-12-29,2.2913429051564607
2013-12-30,2.2743095425852373
2013-12-31,2.3112264546766594
2014-01-01,2.355988844089648
2014-01-02,2.3909275970038233
2014-01-03,2.4096004671508475
2014-01-04,2.301097497537587
2014-01-05,2.318272590038239
2014-01-06,2.163028726339631
2014-01-07,2.068571315092198
2014-01-08,2.110425772590965
2014-01-09,2.296199574606384
2014-01-10,2.081688786897005
2014-01-11,2.0226790346497405
2014-01-12,2.1015162543886725
2014-01-13,2.0750217612905844
2014-01-14,2.0253032464314904
2014-01-15,1.963097931349687
2014-01-16,1.9362211539903103
2014-01-17,1.9275197819970984
2014-01-18,1.8975758386739345
2014-01-19,1.8637668305314052
2014-01-20,1.8643968725175255
2014-01-21,1.8938613825495927
2014-01-22,2.017614925864572
2014-01-23,1.8844887916071735
2014-01-24,1.7985553861029586
2014-01-25,1.7726977994263753
2014-01-26,1.762056624560671
2014-01-27,1.732255931315468
2014-01-28,1.7172286005544597
2014-01-29,1.7051542304200589
2014-01-30,1.7043671100966487
2014-01-31,1.7546300100381755
2014-02-01,1.7587441824376584
2014-02-02,2.0364850187199366
2014-02-03,3.157416310110219
2014-02-04,2.104183794718747
2014-02-05,2.0902989712781186
2014-02-06,2.042370367006343
2014-02-07,1.912374892283012
2014-02-08,1.6541317103467148
2014-02-09,1.6013598252453058
2014-02-10,1.5935608863538393
2014-02-11,1.592917033065768
2014-02-12,1.575442561193132
2014-02-13,1.5666726278762029
2014-02-14,1.608728992113588
2014-02-15,1.6189125316254052
2014-02-16,1.5717269828068277
2014-02-17,1.555471969198655
2014-02-18,1.5589992255922034
2014-02-19,1.5648435600540225
2014-02-20,1.7415862253264471
2014-02-21,1.7100739437429338
2014-02-22,1.7598272557206014
2014-02-23,1.6608488031571695
2014-02-24,1.6778321524241975
2014-02-25,1.7377447149771106
2014-02-26,1.698111739816764
2014-02-27,2.074822513382954
2014-02-28,1.7351169533370174
2014-03-01,1.8146407232601556
2014-03-02,1.7682966150964299
2014-03-03,1.6844304123929899
2014-03-04,2.016517535582476
2014-03-05,1.7851512371105893
2014-03-06,1.6443053687100904
2014-03-07,1.6551090617171103
2014-03-08,1.8289084729135916
2014-03-09,3.8875132018298473
2014-03-10,9.671572118442436
2014-03-11,9.690217119893612
2014-03-12,2.2903290511200223
2014-03-13,1.7925212835491293
2014-03-14,2.361735486388936
2014-03-15,5.6527317198979485
2014-03-16,7.658885283662259
2014-03-17,18.582751246037745
2014-03-18,6.638381266761935
2014-03-19,2.5184966705739513
2014-03-20,2.32056616423469
2014-03-21,3.1280741781617207
2014-03-22,3.26218497645037
2014-03-23,3.097129958751155
2014-03-24,7.466219845899907
2014-03-25,6.589481193579586
2014-03-26,3.1910049133879306
2014-03-27,3.1047932628907424
2014-03-28,5.62401456809146
2014-03-29,4.957662318267073
2014-03-30,3.5006548563712383
2014-03-31,3.4389152878347575
2014-04-01,3.6456637064688935
2014-04-02,3.55702681557513
2014-04-03,4.835385067037799
2014-04-04,4.90375660083019
2014-04-05,5.860688854447183
2014-04-06,9.114021355056158
2014-04-07,6.611524305938217
2014-04-08,4.85134531521768
2014-04-09,4.425653901469767
2014-04-10,4.735894628658015
2014-04-11,5.380951245085285
2014-04-12,4.969318462886356
2014-04-13,6.4575613578745
2014-04-14,4.690250135768277
2014-04-15,5.371312974028144
2014-04-16,6.126867585979843
2014-04-17,6.8714166092850695
2014-04-18,5.635236692428587
2014-04-19,5.188070426479569
2014-04-20,4.187452229645613
2014-04-21,4.059654643474256
2014-04-22,6.244638033291579
2014-04-23,6.559772558546824
2014-04-24,6.865102452280766
2014-04-25,9.095256288780593
2014-04-26,8.313952382558991
2014-04-27,7.967164126871261
2014-04-28,9.15205124314947
2014-04-29,10.923407960467625
2014-04-30,11.020544964221175
2014-05-01,14.238736500262343
2014-05-02,16.25636121378664
2014-05-03,17.797910896842097
2014-05-04,26.09078927985302
2014-05-05,28.44270774969723
2014-05-06,40.31940792620037
2014-05-07,49.14934069434655
2014-05-08,61.42101793877193
2014-05-09,79.42573476994009
2014-05-10,83.17157858393942
2014-05-11,70.56313937531385
2014-05-12,43.42913078632136
2014-05-13,27.220695188006065
2014-05-14,14.431440235068104
2014-05-15,16.181095832798125
2014-05-16,21.96075439870213
2014-05-17,37.251728342225164
2014-05-18,68.73014207477219
2014-05-19,82.12097583129706
2014-05-20,74.95238655384117
2014-05-21,71.44776080185001
2014-05-22,48.79192106485656
2014-05-23,33.785842699802245
2014-05-24,32.45723304659056
2014-05-25,38.65784337236454
2014-05-26,56.60112883552321
2014-05-27,70.96815778132458
2014-05-28,81.07321107345547
2014-05-29,98.3815211146778
2014-05-30,91.9739708071758
2014-05-31,78.25490402393781
2014-06-01,56.82022328590059
2014-06-02,43.94915292328406
2014-06-03,52.10672120001241
2014-06-04,72.3209119686491
2014-06-05,88.07002857431178
2014-06-06,104.44985986919535
2014-06-07,118.02279913423247
2014-06-08,116.52241935859267
2014-06-09,110.23367862723329
2014-06-10,97.0387918609615
2014-06-11,94.10102219851879
2014-06-12,100.18807497929565
2014-06-13,105.46151542624861
2014-06-14,120.70870020326736
2014-06-15,132.56972129452328
2014-06-16,142.01046156870817
2014-06-17,144.75407895586804
2014-06-18,141.0128204312175
2014-06-19,165.3836315054521
2014-06-20,152.0460689217217
2014-06-21,149.45428809141552
2014-06-22,134.7470198717188
2014-06-23,130.38423358765897
2014-06-24,125.71689217591691
2014-06-25,129.20472929539787
2014-06-26,134.62976535248262
2014-06-27,150.36103105943135
2014-06-28,152.32346045871577
2014-06-29,153.1879188492529
2014-06-30,157.57642365837953
2014-07-01,149.61001325515548
2014-07-02,150.96607279962325
2014-07-03,120.63300179988157
2014-07-04,113.60364756994684
2014-07-05,87.51319173656992
2014-07-06,88.02078253486584
2014-07-07,84.54796242559804
2014-07-08,76.69204477658309
2014-07-09,73.47797630985508
2014-07-10,84.12200507809418
2014-07-11,90.90581718228906
2014-07-12,97.70378636709768
2014-07-13,96.48979971092558
2014-07-14,93.3492915196381
2014-07-15,91.1539740911374
2014-07-16,93.32891009432431
2014-07-17,97.57243362476719
2014-07-18,60.28216952750936
2014-07-19,49.57677404179288
2014-07-20,45.374965651099615
2014-07-21,41.7565208599848
2014-07-22,43.76077547025154
2014-07-23,49.957018793418136
2014-07-24,50.839275442567775
2014-07-25,54.542392736614936
2014-07-26,44.68471294103884
2014-07-27,42.40666262066249
2014-07-28,40.708744801431166
2014-07-29,37.11196381348529
2014-07-30,40.998138570252316
2014-07-31,33.3588860886354
2014-08-01,32.37526427473801
2014-08-02,30.229021214189768
2014-08-03,27.092040635966796
2014-08-04,20.861398065849833
2014-08-05,18.24235461132929
2014-08-06,18.769438923077253
2014-08-07,19.854361992110253
2014-08-08,25.95688673037234
2014-08-09,24.935741976772732
2014-08-10,16.581554148514186
2014-08-11,13.730706445938523
2014-08-12,15.835738917739663
2014-08-13,18.05348830816209
2014-08-14,16.666006736734918
2014-08-15,25.034581835582564
2014-08-16,30.784686636975906
2014-08-17,17.833220090760896
2014-08-18,12.547861549375105
2014-08-19,9.845244263506979
2014-08-20,8.612480487382296
2014-08-21,7.972531548325045
2014-08-22,8.101603513247534
2014-08-23,9.606411770263719
2014-08-24,11.386281832234532
2014-08-25,12.862634820724823
2014-08-26,17.17468540099467
2014-08-27,16.538238016384486
2014-08-28,14.20619584973171
2014-08-29,15.82598684308138
2014-08-30,13.853256947225793
2014-08-31,12.014814310630454
2014-09-01,12.120493278557463
2014-09-02,17.662410905467812
2014-09-03,24.294354365868312
2014-09-04,48.98245163017919
2014-09-05,67.97409914145797
2014-09-06,32.59628411482509
2014-09-07,23.289422911960713
2014-09-08,21.392335531524584
2014-09-09,21.571742665234456
2014-09-10,21.489786927113503
2014-09-11,22.437437365226
2014-09-12,23.796631381521905
2014-09-13,21.26296403963193
2014-09-14,19.817234996158426
2014-09-15,16.334065988396897
2014-09-16,13.251194087372102
2014-09-17,13.426184786111122
2014-09-18,13.013474852197303
2014-09-19,13.986441206040913
2014-09-20,14.423473617061981
2014-09-21,13.523132894794426
2014-09-22,10.496073236221488
2014-09-23,9.770677565476472
2014-09-24,10.686112616927009
2014-09-25,14.291113900670819
2014-09-26,10.411479749508636
2014-09-27,9.776524734358281
2014-09-28,9.654716757991718
2014-09-29,8.77507499191983
2014-09-30,7.988570501224378
2014-10-01,7.637820374213314
2014-10-02,7.966590774782439
2014-10-03,7.814717021715986
2014-10-04,8.437163061816609
2014-10-05,10.402621391072293
2014-10-06,11.074796942731028
2014-10-07,11.286449109266195
2014-10-08,12.905573956178982
2014-10-09,9.797736988402898
2014-10-10,8.89294281375466
2014-10-11,8.439661566372592
2014-10-12,8.061395062550025
2014-10-13,8.770603705277917
2014-10-14,10.37261478488205
2014-10-15,10.129543579048393
2014-10-16,8.55886697580709
2014-10-17,8.230403622305566
2014-10-18,7.781992743726745
2014-10-19,9.537675115203154
2014-10-20,8.459497577645905
2014-10-21,7.3873294516959636
2014-10-22,7.764185827736763
2014-10-23,7.998963776658121
2014-10-24,8.730947472001706
2014-10-25,7.567676993346246
2014-10-26,6.812631678906291
2014-10-27,6.925796015940458
2014-10-28,7.428905114841955
2014-10-29,7.04564402952936
2014-10-30,6.678237204136804
2014-10-31,6.054239292523149
2014-11-01,6.213767460887044
2014-11-02,6.079625608545598
2014-11-03,6.3756134904117525
2014-11-04,6.717239801691594
2014-11-05,6.537919294804921
2014-11-06,7.53188135808735
2014-11-07,8.142038613543207
2014-11-08,5.279848841029935
2014-11-09,4.9080973370621575
2014-11-10,4.7511951772751795
2014-11-11,4.739611348728925
2014-11-12,4.691927591941375
2014-11-13,4.690749892194334
2014-11-14,4.678126852773125
2014-11-15,4.617452353604282
2014-11-16,4.561900231724275
2014-11-17,4.4885052412675295
2014-11-18,4.492763107423398
2014-11-19,4.515591500283166
2014-11-20,4.450488493266496
2014-11-21,4.395742945303665
2014-11-22,4.300274070206233
2014-11-23,4.176976243968979
2014-11-24,4.316344922901518
2014-11-25,4.724995298508335
2014-11-26,4.3254826461056295
2014-11-27,4.520951719625915
2014-11-28,4.244807287919169
2014-11-29,4.167362376609267
2014-11-30,4.2606082539786305
2014-12-01,3.9944510358221392
2014-12-02,4.290852228866196
2014-12-03,4.2257233724874625
2014-12-04,3.957208071780555
2014-12-05,4.056805025702157
2014-12-06,3.676706358074559
2014-12-07,3.8038533096804343
2014-12-08,3.8174842085543217
2014-12-09,3.6840497433993153
2014-12-10,3.5588161944101238
2014-12-11,3.4226480933381067
2014-12-12,3.4587818783507034
2014-12-13,3.4678146778441543
2014-12-14,3.6032678373304075
2014-12-15,3.4742903298607075
2014-12-16,3.3471224766516823
2014-12-17,3.368094041870503
2014-12-18,3.399112009169424
2014-12-19,3.3016620743143217
2014-12-20,3.111073976956016
2014-12-21,3.0981528014967266
2014-12-22,3.1278149195088485
2014-12-23,3.2010065933506873
2014-12-24,3.096161003929435
2014-12-25,3.103955229116129
2014-12-26,2.9288179026003553
2014-12-27,2.8662115083678663
2014-12-28,2.8517152491299536
2014-12-29,2.824878964843413
2014-12-30,2.7950647208839667
2014-12-31,2.7783491107909115
2015-01-01,2.7511332001171884
2015-01-02,2.728692415363939
2015-01-03,2.7914219200136317
2015-01-04,2.67977027461371
2015-01-05,2.6866362999540327
2015-01-06,2.6894573405311952
2015-01-07,2.5889079433044087
2015-01-08,2.576516465535936
2015-01-09,2.5885814308389734
2015-01-10,2.573719642913954
2015-01-11,2.665021080034328
2015-01-12,2.6651499103754763
2015-01-13,2.983907077987403
2015-01-14,2.574360393798528
2015-01-15,2.4386642122093365
2015-01-16,2.3863441897373567
2015-01-17,2.3675194367255084
2015-01-18,2.351439476677894
2015-01-19,2.339425714474681
2015-01-20,2.3478003129801324
2015-01-21,2.783136643856471
2015-01-22,2.7524026266938315
2015-01-23,2.471145519051774
2015-01-24,2.354634635303827
2015-01-25,2.3739836419914275
2015-01-26,2.34801795362842
2015-01-27,2.320808124783285
2015-01-28,2.1857547963805066
2015-01-29,2.216327755631623
2015-01-30,2.1841058371186843
2015-01-31,2.2215970352145966
2015-02-01,2.5662599169448304
2015-02-02,2.592795717887873
2015-02-03,2.600707369440181
2015-02-04,2.170321761904394
2015-02-05,2.097990725656935
2015-02-06,2.0808416925151545
2015-02-07,2.089135635929074
2015-02-08,2.110173050905852
2015-02-09,2.0276043906953984
2015-02-10,2.011022741479032
2015-02-11,2.0196626556854635
2015-02-12,1.9896331445916615
2015-02-13,2.0198119409674535
2015-02-14,2.0321812089021303
2015-02-15,2.1592795146300494
2015-02-16,5.879816200905576
2015-02-17,2.3698638220774177
2015-02-18,2.926025375176003
2015-02-19,7.769766036201922
2015-02-20,5.131111626896788
2015-02-21,2.7888485436857327
2015-02-22,2.504311805817427
2015-02-23,2.3603655333977698
2015-02-24,10.346409024864283
2015-02-25,8.727409548809124
2015-02-26,2.521347834549699
2015-02-27,2.1030307538369133
2015-02-28,2.1014305980036077
2015-03-01,4.455994521245798
2015-03-02,9.773182285829062
2015-03-03,4.999870398808634
2015-03-04,2.894856641185926
2015-03-05,3.914451394171692
2015-03-06,3.071169925294817
2015-03-07,4.900753958742404
2015-03-08,5.182338441499306
2015-03-09,3.5075061878299016
2015-03-10,3.358082819883439
2015-03-11,3.424328410391715
2015-03-12,3.6964205671467023
2015-03-13,3.8588917512884917
2015-03-14,4.131830579648706
2015-03-15,4.660405886721085
2015-03-16,4.44180705867635
2015-03-17,4.006520912664779
2015-03-18,3.6505838094571343
2015-03-19,3.5586690871300655
2015-03-20,3.7820933080552255
2015-03-21,3.9306649927634227
2015-03-22,3.978230053255809
2015-03-23,4.060603751428425
2015-03-24,4.887517544554145
2015-03-25,5.282530640416288
2015-03-26,4.442043287080583
2015-03-27,4.365884202999955
2015-03-28,8.400618954543393
2015-03-29,7.036334012185826
2015-03-30,4.496901706606146
2015-03-31,6.332517725448396
2015-04-01,21.316547019282957
2015-04-02,9.390370762614785
2015-04-03,9.449007559743
2015-04-04,5.138940759631354
2015-04-05,4.451800522631873
2015-04-06,4.718272904759526
2015-04-07,5.558661870570744
2015-04-08,7.22282184463944
2015-04-09,6.563717713805976
2015-04-10,7.1528794589580285
2015-04-11,7.64251761776852
2015-04-12,10.493407592513387
2015-04-13,11.43802032729282
2015-04-14,13.482827086520253
2015-04-15,12.769780636220881
2015-04-16,16.778197030219093
2015-04-17,13.904899686107445
2015-04-18,12.467239298306263
2015-04-19,14.039235475414669
2015-04-20,15.702521791184937
2015-04-21,7.302590269120588
2015-04-22,6.647282735977832
2015-04-23,7.873854712605038
2015-04-24,9.768343177591175
2015-04-25,12.587201044335968
2015-04-26,16.960359509705626
2015-04-27,18.697910624523374
2015-04-28,12.984245001992177
2015-04-29,12.45090768102775
2015-04-30,9.696198532014506
2015-05-01,8.481512005291153
2015-05-02,9.231138922588206
2015-05-03,11.199075623473853
2015-05-04,13.592584460192162
2015-05-05,17.611202068678
2015-05-06,20.838960483286737
2015-05-07,23.58959097387451
2015-05-08,28.473799905538854
2015-05-09,30.78498687212374
2015-05-10,34.17927570500062
2015-05-11,37.827437647501476
2015-05-12,46.10430597820335
2015-05-13,48.743177151533885
2015-05-14,51.479677035308924
2015-05-15,53.709462575052
2015-05-16,61.56278732395637
2015-05-17,81.44130568814771
2015-05-18,87.96079421981291
2015-05-19,66.97214536566067
2015-05-20,73.31363077837898
2015-05-21,78.17715401495362
2015-05-22,86.16528382448881
2015-05-23,104.45204845258212
2015-05-24,80.11133638328197
2015-05-25,50.65437662808185
2015-05-26,26.514185428728954
2015-05-27,21.614627918199286
2015-05-28,31.263078483720026
2015-05-29,48.9382045857243
2015-05-30,71.24690537710548
2015-05-31,64.59570538838774
2015-06-01,60.168047970978925
2015-06-02,72.46206705424869
2015-06-03,74.74846964492735
2015-06-04,82.55107361658969
2015-06-05,71.14985531976843
2015-06-06,91.98110553447671
2015-06-07,94.94929051037663
2015-06-08,106.83761959724566
2015-06-09,119.26528600116134
2015-06-10,128.66852485977265
2015-06-11,127.7896887553381
2015-06-12,119.91298537075372
2015-06-13,119.4021201070326
2015-06-14,123.8996812820508
2015-06-15,127.82129113227127
2015-06-16,130.18619978887338
2015-06-17,130.77933104122977
2015-06-18,130.28785432051205
2015-06-19,140.94483604377825
2015-06-20,152.66971888633486
2015-06-21,158.1932807616671
2015-06-22,146.04977135540656
2015-06-23,141.77039609553606
2015-06-24,93.8301121942918
2015-06-25,69.11521547252644
2015-06-26,47.704718597540065
2015-06-27,56.95343105353997
2015-06-28,79.8281687249886
2015-06-29,112.42556263811011
2015-06-30,125.4943908716096
2015-07-01,156.49408520838514
2015-07-02,158.4244601522957
2015-07-03,162.70410607004277
2015-07-04,164.41515167206526
2015-07-05,176.3878189376903
2015-07-06,175.36570442536583
2015-07-07,190.838219994365
2015-07-08,183.47079967042686
2015-07-09,172.028747118754
2015-07-10,156.16016934371603
2015-07-11,112.40248317489149
2015-07-12,116.08489541069548
2015-07-13,120.25885912684693
2015-07-14,134.79922018180434
2015-07-15,131.67115708246985
2015-07-16,131.40988826907287
2015-07-17,130.29095253327898
2015-07-18,141.72421472792098
2015-07-19,130.93686205183033
2015-07-20,127.18521313704554
2015-07-21,125.91710297043855
2015-07-22,124.40410368808492
2015-07-23,121.6253188641779
2015-07-24,107.96239659883372
2015-07-25,102.67650266570205
2015-07-26,110.5391815336384
2015-07-27,113.85311488233806
2015-07-28,94.25458956435321
2015-07-29,79.61255468324046
2015-07-30,67.41441626419483
2015-07-31,64.05012170398491
2015-08-01,71.52342088733818
2015-08-02,80.6144206372181
2015-08-03,91.57761402376653
2015-08-04,93.40249214441896
2015-08-05,63.30103224157264
2015-08-06,44.60174499077029
2015-08-07,38.225725586902286
2015-08-08,34.65188169387336
2015-08-09,37.3376397946082
2015-08-10,41.21334414941567
2015-08-11,38.06485357182283
2015-08-12,31.013361391264453
2015-08-13,29.969206043964654
2015-08-14,28.098183889855058
2015-08-15,25.249981931662738
2015-08-16,23.468347003793006
2015-08-17,21.858518879889875
2015-08-18,15.487295880059106
2015-08-19,14.304247825611025
2015-08-20,14.355185646417677
2015-08-21,15.07506126635799
2015-08-22,19.165511644485527
2015-08-23,17.805381970494704
2015-08-24,18.849706773810535
2015-08-25,14.030268248660013
2015-08-26,12.321458105341183
2015-08-27,13.86551574272852
2015-08-28,13.726876551672524
2015-08-29,13.41434676166551
2015-08-30,15.012137088340289
2015-08-31,16.545023229499073
2015-09-01,12.198615215747955
2015-09-02,10.093469168033971
2015-09-03,12.310124321844357
2015-09-04,11.277550838237588
2015-09-05,12.571861910505913
2015-09-06,14.451641927520734
2015-09-07,13.941042840765693
2015-09-08,12.209689479065593
2015-09-09,10.221037199947162
2015-09-10,10.192921051572934
2015-09-11,10.818645721389087
2015-09-12,9.686083299381767
2015-09-13,8.566352843014782
2015-09-14,9.582566944739826
2015-09-15,10.738391104669265
2015-09-16,10.912405968457461
2015-09-17,10.34662540091165
2015-09-18,9.340679609067013
2015-09-19,9.38972209906023
2015-09-20,11.957259896624034
2015-09-21,10.11936698566173
2015-09-22,26.579301963958372
2015-09-23,19.705150905697092
2015-09-24,12.73321058098591
2015-09-25,12.848168931426654
2015-09-26,13.899637163835846
2015-09-27,13.56798672791497
2015-09-28,11.43394935367008
2015-09-29,11.509250159817297
2015-09-30,10.800517794161154
2015-10-01,10.900422623965365
2015-10-02,10.58648047188626
2015-10-03,10.439520019026217
2015-10-04,10.320117329543129
2015-10-05,9.789413636491874
2015-10-06,9.93037200538331
2015-10-07,9.543883594278904
2015-10-08,8.689058802857557
2015-10-09,8.544294275803598
2015-10-10,8.189518362349451
2015-10-11,8.26164127152193
2015-10-12,8.451833720351841
2015-10-13,7.8927657087205665
2015-10-14,9.185684230109205
2015-10-15,8.88915699611546
2015-10-16,8.19813574733322
2015-10-17,9.28739548215972
2015-10-18,9.588186738508583
2015-10-19,11.442586544141461
2015-10-20,7.683641541588537
2015-10-21,6.388772906026998
2015-10-22,6.243013523555561
2015-10-23,6.240730821954851
2015-10-24,7.146606791749892
2015-10-25,10.374645455086641
2015-10-26,8.867815996783188
2015-10-27,5.57018590469425
2015-10-28,5.43133298037756
2015-10-29,5.590066119911628
2015-10-30,5.6940961270757455
2015-10-31,5.725005443226184
2015-11-01,5.61685862649305
2015-11-02,5.814580844547234
2015-11-03,6.8536158252799675
2015-11-04,25.158165989706653
2015-11-05,6.734743776139528
2015-11-06,5.006975655308827
2015-11-07,4.988259487650271
2015-11-08,5.0229287411615795
2015-11-09,5.446300997723845
2015-11-10,5.091080633258704
2015-11-11,4.847267253594656
2015-11-12,8.107045785534906
2015-11-13,6.239270205649673
2015-11-14,4.706471141486193
2015-11-15,4.587625151222533
2015-11-16,4.46205629016839
2015-11-17,4.415124013479435
2015-11-18,4.4746319823405285
2015-11-19,4.607844561601387
2015-11-20,4.66831496568287
2015-11-21,4.575188616948091
2015-11-22,4.518979488890255
2015-11-23,4.52828257554302
2015-11-24,4.3845441659656785
2015-11-25,4.300253448741251
2015-11-26,4.350204728667934
2015-11-27,4.367011676180889
2015-11-28,4.135003344407854
2015-11-29,4.096527163991158
2015-11-30,4.047141889497347
2015-12-01,3.994725160490651
2015-12-02,3.9461799611501838
2015-12-03,3.939822052828237
2015-12-04,4.054588946605136
2015-12-05,4.241612500974945
2015-12-06,4.054412720593457
2015-12-07,3.994519317840387
2015-12-08,3.9296583841609594
2015-12-09,4.110978217817404
2015-12-10,7.6867450336176955
2015-12-11,4.422787690579017
2015-12-12,3.6472527613461603
2015-12-13,3.615232922779578
2015-12-14,3.57780615698327
2015-12-15,3.539526231338579
2015-12-16,3.525657079471092
2015-12-17,3.5141419666874056
2015-12-18,3.4771634427574933
2015-12-19,3.459729831775322
2015-12-20,3.442243301393646
2015-12-21,3.4076090807350843
2015-12-22,3.59551186468087
2015-12-23,3.4852502105355825
2015-12-24,3.3308291552259655
2015-12-25,3.351439129904498
2015-12-26,3.365736222267154
2015-12-27,3.4468576078102267
2015-12-28,3.3908859338538337
2015-12-29,3.2718528318529327
2015-12-30,3.2109399715548044
2015-12-31,3.1681223831705614
2016-01-01,3.182908405005639
2016-01-02,3.1405643028736674
2016-01-03,3.1754200107217123
2016-01-04,4.515055537106941
2016-01-05,3.1959213590797253
2016-01-06,3.0307001518341274
2016-01-07,3.1001088831610244
2016-01-08,3.0392914264517654
2016-01-09,2.9723390872754587
2016-01-10,2.9508870110427057
2016-01-11,2.933970744615676
2016-01-12,3.063628559194359
2016-01-13,2.8933150795598825
2016-01-14,2.885236446033507
2016-01-15,2.8465061316157083
2016-01-16,2.8054436231287676
2016-01-17,2.7859305018705185
2016-01-18,2.784496967910845
2016-01-19,2.735937749243834
2016-01-20,2.7121513772025407
2016-01-21,2.700000771522229
2016-01-22,2.6880635280454293
2016-01-23,2.6721627200862352
2016-01-24,2.660799217662391
2016-01-25,2.6762624306275558
2016-01-26,2.7091762689910097
2016-01-27,2.862769930612516
2016-01-28,3.159348885357088
2016-01-29,7.792928678111411
2016-01-30,3.587885161869082
2016-01-31,2.706565041197282
2016-02-01,2.627438766202506
2016-02-02,2.612133820595987
2016-02-03,2.591838050524102
2016-02-04,2.6486477513194946
2016-02-05,2.713371284795453
2016-02-06,2.65573870428637
2016-02-07,2.6297334685702545
2016-02-08,2.604795362055301
2016-02-09,2.6335341748142365
2016-02-10,4.802268131080944
2016-02-11,4.659197920721537
2016-02-12,2.6813808129114283
2016-02-13,2.626722238501351
2016-02-14,2.6661101977030444
2016-02-15,2.6949354975173883
2016-02-16,2.6712874924325765
2016-02-17,2.682109756680096
2016-02-18,2.7249594130936776
2016-02-19,5.604723662167201
2016-02-20,3.3229403132609296
2016-02-21,2.7740155378539177
2016-02-22,2.7487623520122435
2016-02-23,2.7315860704792767
2016-02-24,2.786494694445648
2016-02-25,2.8520668405674243
2016-02-26,2.823900200587277
2016-02-27,2.864537422914131
2016-02-28,2.8998982958641726
2016-02-29,2.9073968183103127
2016-03-01,2.844789576019143
2016-03-02,3.0330308898406892
2016-03-03,3.2050890069454914
2016-03-04,3.2222955703224025
2016-03-05,3.2171412218982978
2016-03-06,3.8111374763151002
2016-03-07,3.7226230345520324
2016-03-08,3.577417300751104
2016-03-09,3.565721143402305
2016-03-10,4.9729566531219325
2016-03-11,9.699512139470404
2016-03-12,14.069278759852631
2016-03-13,9.830506361502351
2016-03-14,7.138273070182873
2016-03-15,3.661547939815359
2016-03-16,4.140382625856526
2016-03-17,7.230579368284378
2016-03-18,20.084072970365195
2016-03-19,25.076221276878147
2016-03-20,8.676724551932194
2016-03-21,6.484902829209376
2016-03-22,5.9867620850602785
2016-03-23,5.925186841233687
2016-03-24,9.018103526470565
2016-03-25,9.148821176705416
2016-03-26,10.64937704345029
2016-03-27,6.157922718571682
2016-03-28,6.245735888124677
2016-03-29,7.55389013581489
2016-03-30,8.328670135797822
2016-03-31,10.116566741977845
2016-04-01,9.350569500964063
2016-04-02,21.387710596810955
2016-04-03,41.97424602747401
2016-04-04,12.45269656714563
2016-04-05,8.820969674750874
2016-04-06,9.08688617635007
2016-04-07,8.747666566848167
2016-04-08,9.601584782940794
2016-04-09,11.191105976291729
2016-04-10,8.672329209452748
2016-04-11,10.117185661832204
2016-04-12,9.791851280132935
2016-04-13,10.030181728405699
2016-04-14,11.787489460357556
2016-04-15,13.873285390670395
2016-04-16,19.575194190683614
2016-04-17,18.294029343887875
2016-04-18,13.906380991389355
2016-04-19,10.671218577812562
2016-04-20,14.175493692781993
2016-04-21,13.448459771370477
2016-04-22,13.945571167292256
2016-04-23,9.746506504371181
2016-04-24,10.326969329012085
2016-04-25,11.841450218271975
2016-04-26,14.585315352108545
2016-04-27,16.891238698027298
2016-04-28,15.325171425025543
2016-04-29,17.143897727694284
2016-04-30,20.339412502199416
2016-05-01,22.347931526141135
2016-05-02,23.8841606761968
2016-05-03,24.01997630813103
2016-05-04,26.0011008360551
2016-05-05,26.206952899789375
2016-05-06,24.220145545001426
2016-05-07,26.935892148111378
2016-05-08,33.16611621509139
2016-05-09,40.26537258450815
2016-05-10,48.08251747760702
2016-05-11,54.36730428183926
2016-05-12,63.23042087077219
2016-05-13,57.59907062969661
2016-05-14,64.75527794174124
2016-05-15,68.73834591906007
2016-05-16,62.62215444218439
2016-05-17,71.34547929919383
2016-05-18,86.76478608641415
2016-05-19,104.92829863028783
2016-05-20,106.53801229745886
2016-05-21,115.82319606896125
2016-05-22,121.99795577043993
2016-05-23,113.92769103888789
2016-05-24,80.05785583039278
2016-05-25,71.08925120382764
2016-05-26,59.30010416284935
2016-05-27,70.33371852377027
2016-05-28,85.5085384069632
2016-05-29,89.0891816371285
2016-05-30,84.70394464554451
2016-05-31,81.5084587968338
2016-06-01,96.35036830541256
2016-06-02,123.4231476438396
2016-06-03,129.58854657409384
2016-06-04,139.99809075192218
2016-06-05,152.4918237555553
2016-06-06,144.64683111121525
2016-06-07,145.2399777093721
2016-06-08,158.2109982982022
2016-06-09,171.89833515688926
2016-06-10,183.2050696842371
2016-06-11,204.61588489555703
2016-06-12,223.2512551335873
2016-06-13,214.04746353016327
2016-06-14,223.39863756796106
2016-06-15,230.65435571669062
2016-06-16,227.67769744620463
2016-06-17,226.09174906792597
2016-06-18,208.49401537917328
2016-06-19,210.5739940949515
2016-06-20,211.0395294476957
2016-06-21,216.73947400395915
2016-06-22,208.1108715614778
2016-06-23,171.0269022278049
2016-06-24,144.60584218287298
2016-06-25,138.25820865906474
2016-06-26,144.15477526717476
2016-06-27,145.27506285646524
2016-06-28,140.4341022751129
2016-06-29,143.134285567394
2016-06-30,130.65878645711962
2016-07-01,119.64650547973379
2016-07-02,104.25807016698609
2016-07-03,123.5004128974881
2016-07-04,94.43398327208769
2016-07-05,84.96818429553409
2016-07-06,81.74199887376051
2016-07-07,60.50896595760303
2016-07-08,51.91533167621524
2016-07-09,53.10798444064223
2016-07-10,54.42845013281878
2016-07-11,56.96553580007136
2016-07-12,56.94061285922774
2016-07-13,60.581569102786325
2016-07-14,67.37892017691374
2016-07-15,70.50699645922174
2016-07-16,50.88446821206636
2016-07-17,48.36326975283378
2016-07-18,49.16687213339492
2016-07-19,35.8598789987684
2016-07-20,22.573201968236013
2016-07-21,21.825465766413554
2016-07-22,27.679510531486827
2016-07-23,25.332153408689525
2016-07-24,25.788036049844
2016-07-25,25.138081977406834
2016-07-26,25.78915319207545
2016-07-27,35.90826296734754
2016-07-28,35.48704533033513
2016-07-29,28.07901035598388
2016-07-30,26.30649248035807
2016-07-31,27.661364048544115
2016-08-01,21.574043264243677
2016-08-02,22.983994172374693
2016-08-03,24.913675972037762
2016-08-04,23.176265125685173
2016-08-05,24.927453537190374
2016-08-06,27.562817813726326
2016-08-07,36.99110639178574
2016-08-08,52.006358025142625
2016-08-09,32.78802531771357
2016-08-10,29.843195556893054
2016-08-11,29.39587263457622
2016-08-12,26.594442953424988
2016-08-13,21.83081699402307
2016-08-14,17.684906683854916
2016-08-15,18.52345397229143
2016-08-16,17.515308784145642
2016-08-17,19.539147556419756
2016-08-18,16.677760885911542
2016-08-19,15.776671924953362
2016-08-20,16.773732927551155
2016-08-21,16.075307265011713
2016-08-22,16.804959549579543
2016-08-23,15.135387366374628
2016-08-24,14.742346900073336
2016-08-25,17.389425216618843
2016-08-26,23.15530691854654
2016-08-27,27.793102043348487
2016-08-28,31.870534038919864
2016-08-29,25.87013258748487
2016-08-30,22.85044557522326
2016-08-31,18.351615579050115
2016-09-01,17.484932917772838
2016-09-02,20.55458520647212
2016-09-03,13.783792534550916
2016-09-04,11.874737788167078
2016-09-05,12.300025186424742
2016-09-06,16.998383454971147
2016-09-07,13.863253805370011
2016-09-08,11.260243009889102
2016-09-09,10.24823319914148
2016-09-10,10.780102534241538
2016-09-11,13.048898884705173
2016-09-12,16.88383705468446
2016-09-13,15.055664574924641
2016-09-14,14.276455031415699
2016-09-15,13.399707358783365
2016-09-16,11.48402477989302
2016-09-17,9.260730461031194
2016-09-18,8.550102558381415
2016-09-19,8.253863492768769
2016-09-20,8.78454390957075
2016-09-21,12.387343966449603
2016-09-22,12.694484113587759
2016-09-23,10.751233969278193
2016-09-24,11.523482510936908
2016-09-25,9.010188982263212
2016-09-26,7.964895215754707
2016-09-27,7.662250625115687
2016-09-28,7.458116393945376
2016-09-29,7.5867760259438946
2016-09-30,8.1007292609954
2016-10-01,7.83283527885728
2016-10-02,8.111096553792995
2016-10-03,8.027015802680568
2016-10-04,8.03664007937061
2016-10-05,10.37212256104046
2016-10-06,11.618357729232478
2016-10-07,10.423071078474031
2016-10-08,9.585521859799824
2016-10-09,9.25060037646954
2016-10-10,8.233068352996135
2016-10-11,7.455631279375615
2016-10-12,7.69465640412242
2016-10-13,7.803198588694278
2016-10-14,7.74679506776818
2016-10-15,6.995123291366243
2016-10-16,7.0435835801138
2016-10-17,6.9034025703575095
2016-10-18,6.589450893835988
2016-10-19,7.767531672711758
2016-10-20,7.771813004441994
2016-10-21,7.8410215198263264
2016-10-22,7.193479105406527
2016-10-23,6.907735757507819
2016-10-24,6.914213252936801
2016-10-25,6.469462491374683
2016-10-26,6.538338194425928
2016-10-27,6.180241007525838
2016-10-28,5.988296735089486
2016-10-29,5.996111929635794
2016-10-30,6.064220411476553
2016-10-31,6.171776387475284
2016-11-01,5.586564205937523
2016-11-02,5.5429577149889075
2016-11-03,5.526811272629044
2016-11-04,5.96332905066072
2016-11-05,5.474468120297092
2016-11-06,5.411504194315744
2016-11-07,5.208594808179667
2016-11-08,5.0717095840576185
2016-11-09,5.36626360339715
2016-11-10,5.218505517882747
2016-11-11,5.110644174104233
2016-11-12,4.98905134970943
2016-11-13,4.8750443387484435
2016-11-14,4.641480111893195
2016-11-15,4.358367129097529
2016-11-16,4.3825200776441715
2016-11-17,4.392965919374688
2016-11-18,4.487256234153816
2016-11-19,4.228713941161392
2016-11-20,4.479960649508035
2016-11-21,4.339695212179245
2016-11-22,4.741542429265149
2016-11-23,4.379483797149187
2016-11-24,3.949832281346122
2016-11-25,4.083235358665971
2016-11-26,3.7982760066933503
2016-11-27,3.6481956535694633
2016-11-28,3.563494630464736
2016-11-29,3.5105091551720524
2016-11-30,3.604080207061531
2016-12-01,3.2955330372733234
2016-12-02,3.203159189531032
2016-12-03,3.4368201305176687
2016-12-04,3.6273284533955867
2016-12-05,3.49147656395228
2016-12-06,3.4332069017431337
2016-12-07,3.5135081275421034
2016-12-08,3.328072695288003
2016-12-09,3.1875566269837172
2016-12-10,3.5568068510067503
2016-12-11,3.15025558948663
2016-12-12,3.116811776847816
2016-12-13,2.8998802471029395
2016-12-14,2.824211840784432
2016-12-15,2.969778988042883
2016-12-16,3.004605709147805
2016-12-17,2.8618654883448396
2016-12-18,2.797950502875826
2016-12-19,2.8011663092848123
2016-12-20,2.832954651993864
2016-12-21,3.026780106105347
2016-12-22,3.1934618520239977
2016-12-23,3.04482350548839
2016-12-24,2.870096649485184
2016-12-25,2.6343394037774384
2016-12-26,2.635574832617069
2016-12-27,2.9608586854356167
2016-12-28,3.023420479506546
2016-12-29,2.756973686105775
2016-12-30,2.5741549765946825
2016-12-31,2.4165406812128487
2017-01-01,2.423495838261557
2017-01-02,2.338795223693346
2017-01-03,2.738250429303768
2017-01-04,3.3767463191759357
2017-01-05,2.6809938459857987
2017-01-06,3.107492367112462
2017-01-07,2.5266955740676775
2017-01-08,2.368613589197105
2017-01-09,2.120740328809502
2017-01-10,2.090101549241178
2017-01-11,2.0417115856838572
2017-01-12,2.0191713228383477
2017-01-13,2.003879135627957
2017-01-14,1.9871183248273285
2017-01-15,2.0869367716213056
2017-01-16,2.100083214271011
2017-01-17,2.005764848066897
2017-01-18,2.415170813227694
2017-01-19,2.0079802814140635
2017-01-20,1.9049125785848096
2017-01-21,1.9438445930898767
2017-01-22,2.0133486754096617
2017-01-23,2.0498735311568947
2017-01-24,2.549063287003369
2017-01-25,7.471925393689205
2017-01-26,5.839460123673667
2017-01-27,2.1620857161780207
2017-01-28,1.8820537049469417
2017-01-29,2.032354482285239
2017-01-30,3.5535900209975617
2017-01-31,2.1800989432735194
2017-02-01,1.8832382798121847
2017-02-02,1.8283529055213517
2017-02-03,1.8139921938087424
2017-02-04,5.50870058145374
2017-02-05,3.557188816562148
2017-02-06,1.8332022190349648
2017-02-07,1.7333026654360921
2017-02-08,2.104131687688185
2017-02-09,1.7995252641611834
2017-02-10,1.7242435285346775
2017-02-11,1.7699204109463043
2017-02-12,1.7855960291025101
2017-02-13,1.8352389109777472
2017-02-14,1.8035865927882058
2017-02-15,2.194957000451783
2017-02-16,2.1308559097495734
2017-02-17,2.5388387773259025
2017-02-18,4.630857826232474
2017-02-19,18.29702020552302
2017-02-20,3.2497353218641956
2017-02-21,2.0899887640029187
2017-02-22,1.827285603338889
2017-02-23,1.802680765231158
2017-02-24,1.8212350982442203
2017-02-25,2.0603488888664563
2017-02-26,2.0224440129510333
2017-02-27,2.062105779926858
2017-02-28,2.1529480298214074
2017-03-01,3.4421034702738993
2017-03-02,2.277758998664863
2017-03-03,1.9971817143334485
2017-03-04,2.084418025532483
2017-03-05,2.0371998307715145
2017-03-06,2.2014809848119823
2017-03-07,2.0664276570958253
2017-03-08,2.456706535545926
2017-03-09,2.671543872173801
2017-03-10,2.068904179320032
2017-03-11,2.068027768590871
2017-03-12,1.8335123788054086
2017-03-13,1.9203160133578026
2017-03-14,2.015282902468508
2017-03-15,2.0636577741626456
2017-03-16,2.299506048485637
2017-03-17,2.548440277225831
2017-03-18,2.4218752181047916
2017-03-19,2.5625773973689956
2017-03-20,2.722983348953956
2017-03-21,3.821866560701792
2017-03-22,10.681346788578772
2017-03-23,4.205799730118438
2017-03-24,2.6630546105002932
2017-03-25,2.6950699757748082
2017-03-26,3.5212572756205116
2017-03-27,5.2220709257010425
2017-03-28,5.551220289216032
2017-03-29,6.18884655130552
2017-03-30,5.2024451676683094
2017-03-31,6.840853873085156
2017-04-01,5.620393301480835
2017-04-02,4.8082768867011465
2017-04-03,6.3265567011364245
2017-04-04,11.000395565542082
2017-04-05,17.588291212682634
2017-04-06,11.171878994241649
2017-04-07,5.199375943660595
2017-04-08,2.9496961888364117
2017-04-09,2.775479728779665
2017-04-10,2.8757920122468006
2017-04-11,3.7065754747566064
2017-04-12,5.0038257321269795
2017-04-13,6.583349725604055
2017-04-14,8.295310709873833
2017-04-15,9.673571603584525
2017-04-16,11.788609289772374
2017-04-17,13.3614370566811
2017-04-18,15.14749358812091
2017-04-19,16.789340369578664
2017-04-20,20.72683201390592
2017-04-21,24.17995556402293
2017-04-22,24.247654908654447
2017-04-23,20.532854113442934
2017-04-24,15.823288638495349
2017-04-25,11.862185607142019
2017-04-26,12.917473403919558
2017-04-27,15.957027893823884
2017-04-28,18.468918794598068
2017-04-29,16.967436167626985
2017-04-30,10.933214822732936
2017-05-01,9.969950426194602
2017-05-02,12.037498051848482
2017-05-03,13.24613488457878
2017-05-04,22.712148733239843
2017-05-05,27.228976211090586
2017-05-06,35.16444579885142
2017-05-07,42.3285582512398
2017-05-08,43.10641395209322
2017-05-09,47.48743701738616
2017-05-10,39.38674289856618
2017-05-11,50.20277877961305
2017-05-12,56.067573672459986
2017-05-13,62.37739457322613
2017-05-14,75.25399253714615
2017-05-15,89.60120955862688
2017-05-16,113.48512922792756
2017-05-17,106.17222716638129
2017-05-18,120.91057312987083
2017-05-19,120.81919683476579
2017-05-20,119.79083021433622
2017-05-21,122.00242048108984
2017-05-22,150.86181171565661
2017-05-23,182.19359696698095
2017-05-24,184.67336386053586
2017-05-25,210.3285649926711
2017-05-26,209.02433948684128
2017-05-27,187.31947822782635
2017-05-28,179.9822505679202
2017-05-29,179.03822255551663
2017-05-30,190.57665932506492
2017-05-31,173.38018037261912
2017-06-01,127.65488367735169
2017-06-02,113.4213375579931
2017-06-03,136.5387111968781
2017-06-04,175.15964805607263
2017-06-05,201.72437305365708
2017-06-06,180.80093216939153
2017-06-07,131.08303763462482
2017-06-08,94.36970982769255
2017-06-09,102.26631957965307
2017-06-10,114.69259189075115
2017-06-11,117.79293235548424
2017-06-12,120.50372081489533
2017-06-13,138.51599202235693
2017-06-14,158.87198589771398
2017-06-15,157.94835569638684
2017-06-16,147.1209653121875
2017-06-17,147.1696318332836
2017-06-18,156.7072086624071
2017-06-19,166.01963944072082
2017-06-20,149.83929180395515
2017-06-21,106.60149113776197
2017-06-22,129.43800324714368
2017-06-23,110.71054293126895
2017-06-24,107.6183284928255
2017-06-25,121.59389054905262
2017-06-26,143.31563161415787
2017-06-27,143.15345754895876
2017-06-28,147.3591664815285
2017-06-29,113.07170157522769
2017-06-30,98.84282674886582
2017-07-01,85.4467739732826
2017-07-02,82.66747048248851
2017-07-03,93.72771291876693
2017-07-04,97.74959353166184
2017-07-05,96.2831289102634
2017-07-06,87.67791725562915
2017-07-07,89.88636014370213
2017-07-08,96.80842375662549
2017-07-09,92.21063142927252
2017-07-10,87.28265316373873
2017-07-11,115.99190637892967
2017-07-12,98.0307553410822
2017-07-13,86.89378078736947
2017-07-14,70.7126570858134
2017-07-15,68.23374191208508
2017-07-16,70.96708197984488
2017-07-17,68.98763161443323
2017-07-18,74.35354548879694
2017-07-19,71.5511696900369
2017-07-20,56.346360224032466
2017-07-21,54.297061262046036
2017-07-22,52.48824911418498
2017-07-23,49.55963650867344
2017-07-24,48.68218226462016
2017-07-25,40.820784304663555
2017-07-26,35.38480281706387
2017-07-27,32.020277616009125
2017-07-28,34.31109583226636
2017-07-29,40.20189684329961
2017-07-30,39.9795852124618
2017-07-31,31.679951689943813
2017-08-01,32.09754265093187
2017-08-02,56.59975917166215
2017-08-03,49.312362833131154
2017-08-04,42.44926743212283
2017-08-05,26.27410963903747
2017-08-06,21.28555884375144
2017-08-07,23.765310517932285
2017-08-08,28.14618682366814
2017-08-09,32.2838775620814
2017-08-10,27.409898932972084
2017-08-11,31.49340845141924
2017-08-12,20.38766473829016
2017-08-13,19.68012303780107
2017-08-14,31.85424391962225
2017-08-15,18.980672753156696
2017-08-16,15.39590832333208
2017-08-17,13.600358700226337
2017-08-18,13.657532249917
2017-08-19,16.091246488423753
2017-08-20,17.29361209215632
2017-08-21,17.125414696722935
2017-08-22,15.920250795796232
2017-08-23,15.70119494688424
2017-08-24,20.949543919655326
2017-08-25,23.04009300957562
2017-08-26,18.23843120534485
2017-08-27,14.423200549506662
2017-08-28,12.568264770281385
2017-08-29,13.834965019410145
2017-08-30,18.117453156009912
2017-08-31,21.60122353940765
2017-09-01,22.877865562931273
2017-09-02,18.88761075243501
2017-09-03,15.862476751398226
2017-09-04,13.834875031421873
2017-09-05,14.617055330564272
2017-09-06,17.28543542121702
2017-09-07,14.764386147490761
2017-09-08,10.871698598855852
2017-09-09,8.997956358517213
2017-09-10,13.644297217840654
2017-09-11,16.48329461152647
2017-09-12,12.86421069775288
2017-09-13,12.020318399968673
2017-09-14,13.883133026409668
2017-09-15,13.018720190533832
2017-09-16,12.241573759139179
2017-09-17,11.853590538659516
2017-09-18,10.123168017729816
2017-09-19,9.293670900801526
2017-09-20,9.369072034538666
2017-09-21,10.718088346544432
2017-09-22,10.901057533145536
2017-09-23,9.461153242181918
2017-09-24,11.856549439330896
2017-09-25,10.15674157928602
2017-09-26,8.89131542806532
2017-09-27,9.862900656074565
2017-09-28,9.98035358344661
2017-09-29,10.058312298620447
2017-09-30,9.798112023775191
2017-10-01,10.144165161551507
2017-10-02,9.123463767357904
2017-10-03,8.492802591753355
2017-10-04,8.787565296618078
2017-10-05,10.177036397823803
2017-10-06,10.973983046003424
2017-10-07,10.403570204436349
2017-10-08,9.589277050001366
2017-10-09,8.082961461773392
2017-10-10,8.023367296809365
2017-10-11,8.157772283029619
2017-10-12,8.327213219034613
2017-10-13,8.250316763019159
2017-10-14,8.155381328999704
2017-10-15,8.52435102996726
2017-10-16,7.709318289547865
2017-10-17,7.301600425259448
2017-10-18,7.117771577002368
2017-10-19,7.443639824013499
2017-10-20,7.197178008202833
2017-10-21,6.421714931996717
2017-10-22,7.443752586162264
2017-10-23,7.659093428578446
2017-10-24,6.889790017347708
2017-10-25,6.622451440821966
2017-10-26,6.88370064123004
2017-10-27,6.598411825788664
2017-10-28,6.255352492626827
2017-10-29,6.07086216523221
2017-10-30,6.430763541048794
2017-10-31,5.998284557176867
2017-11-01,5.988645102222466
2017-11-02,5.688645122171032
2017-11-03,5.516599715128535
2017-11-04,5.456483553276928
2017-11-05,5.353602747911335
2017-11-06,5.125906875269384
2017-11-07,4.901335141763969
2017-11-08,5.451430746686516
2017-11-09,5.907391083605734
2017-11-10,5.6093640849396
2017-11-11,5.931837611353282
2017-11-12,5.764056592113251
2017-11-13,5.56767246212591
2017-11-14,5.838870284969318
2017-11-15,5.706853551205761
2017-11-16,5.3548655243042615
2017-11-17,5.271682218053183
2017-11-18,4.761128584609603
2017-11-19,4.514604488997625
2017-11-20,4.35470179840192
2017-11-21,4.108551507706147
2017-11-22,4.003164509727675
2017-11-23,4.077834538837857
2017-11-24,4.432440285114389
2017-11-25,4.848132026845622
2017-11-26,4.711169711193618
2017-11-27,4.120928751764925
2017-11-28,4.197627619894993
2017-11-29,4.2887680691246866
2017-11-30,3.832228266674218
2017-12-01,3.748975745446106
2017-12-02,3.8043201330318746
2017-12-03,3.942758898867988
2017-12-04,3.614393306691563
2017-12-05,3.5383172061805643
2017-12-06,3.631368422398676
2017-12-07,3.46403773800269
2017-12-08,3.55223712292591
2017-12-09,4.312192137159556
2017-12-10,4.001160906916299
2017-12-11,4.082886859058752
2017-12-12,4.133633987693227
2017-12-13,3.13744646104089
2017-12-14,2.8948928981435076
2017-12-15,2.8500481220363993
2017-12-16,2.8148021314950564
2017-12-17,2.788703917284663
2017-12-18,2.7932435750742166
2017-12-19,2.7757567248946295
2017-12-20,2.9737144533069992
2017-12-21,2.8359545697695476
2017-12-22,2.6643814712178484
2017-12-23,2.642133098161396
2017-12-24,2.608187865473185
2017-12-25,2.5683784696109146
2017-12-26,2.5663580197987015
2017-12-27,2.6132199937075957
2017-12-28,2.503083480894565
2017-12-29,2.4416614155778107
2017-12-30,2.4153051071380296
2017-12-31,2.3925387872638657
2018-01-01,2.3602679807181466
2018-01-02,2.329717265431058
2018-01-03,2.3141275463151016
2018-01-04,2.3085015234263513
2018-01-05,2.4261649196200494
2018-01-06,2.251611405866695
2018-01-07,2.206733597822341
2018-01-08,2.1801316652629597
2018-01-09,2.1649171480945504
2018-01-10,2.142456039768077
2018-01-11,2.14528376493676
2018-01-12,2.1376482143779025
2018-01-13,2.07374646400339
2018-01-14,2.0579957716970467
2018-01-15,2.025722949966497
2018-01-16,2.0241754612282796
2018-01-17,2.2088131543248886
2018-01-18,1.9907268375742668
2018-01-19,1.97563728774149
2018-01-20,1.975660048695464
2018-01-21,2.005245257713193
2018-01-22,2.133570087620733
2018-01-23,2.1175748023770606
2018-01-24,1.9079346309909058
2018-01-25,1.8403630616837274
2018-01-26,1.8234264249602956
2018-01-27,1.8142644989651213
2018-01-28,1.8119604404650487
2018-01-29,2.068143416360458
2018-01-30,1.9562196393661642
2018-01-31,2.0953433537454007
2018-02-01,2.0051607482062237
2018-02-02,1.7975895915180449
2018-02-03,1.7975901081938954
2018-02-04,1.668487648673209
2018-02-05,1.7724410256553516
2018-02-06,1.7326011679957025
2018-02-07,1.6375259054203835
2018-02-08,1.630435445389765
2018-02-09,1.5834793977695065
2018-02-10,1.6037855798780334
2018-02-11,1.6257643101042978
2018-02-12,2.552513505547654
2018-02-13,1.6957949215874937
2018-02-14,1.6553393312821203
2018-02-15,1.8379292597190722
2018-02-16,1.8280297405396897
2018-02-17,1.7293575122514193
2018-02-18,1.6678269601810507
2018-02-19,1.6475177559417247
2018-02-20,1.7079493333348166
2018-02-21,1.9327384499029494
2018-02-22,1.560971589795515
2018-02-23,1.5175088382234763
2018-02-24,2.0867175164029876
2018-02-25,1.635291797996443
2018-02-26,1.5512237818071655
2018-02-27,1.9791434925524343
2018-02-28,1.6332973473066215
2018-03-01,2.181301351063246
2018-03-02,9.14748216301714
2018-03-03,4.201819115201488
2018-03-04,1.877997246439405
2018-03-05,1.577271484079607
2018-03-06,1.48788521926777
2018-03-07,1.4546195640648696
2018-03-08,1.434435574447408
2018-03-09,1.567355491125993
2018-03-10,1.52858229059653
2018-03-11,1.5388903945611396
2018-03-12,2.0026338388814655
2018-03-13,9.349088478621612
2018-03-14,7.416080918564811
2018-03-15,2.396384714828694
2018-03-16,1.565772221200899
2018-03-17,1.436504714132524
2018-03-18,1.4431939925194952
2018-03-19,1.8386899362299962
2018-03-20,2.109892701284558
2018-03-21,2.8749478857562534
2018-03-22,3.395168849661508
2018-03-23,3.03189330471351
2018-03-24,3.331505125476156
2018-03-25,3.634431309084975
2018-03-26,3.8466862189784377
2018-03-27,4.44758763567855
2018-03-28,5.339139135306084
2018-03-29,4.754341623712989
2018-03-30,4.706438775356932
2018-03-31,6.405320914294205
2018-04-01,8.423592881675736
2018-04-02,10.50943461991116
2018-04-03,11.108274965996246
2018-04-04,11.846231328316188
2018-04-05,11.482237359720706
2018-04-06,15.521892341332245
2018-04-07,17.420498308751245
2018-04-08,18.71337003114761
2018-04-09,20.23482284196012
2018-04-10,14.561896514841443
2018-04-11,7.296724245689957
2018-04-12,3.854725353485521
2018-04-13,3.6696304146711745
2018-04-14,5.595856025135692
2018-04-15,8.985065053571377
2018-04-16,10.832249570316533
2018-04-17,8.87357645868963
2018-04-18,10.087640720554724
2018-04-19,9.119978865933623
2018-04-20,28.166110585045583
2018-04-21,5.05238966846875
2018-04-22,3.8287064259762262
2018-04-23,4.521934268981513
2018-04-24,6.348984172260938
2018-04-25,9.659104867191875
2018-04-26,12.266040641799858
2018-04-27,16.177482170589702
2018-04-28,18.03345394374839
2018-04-29,17.456536272201035
2018-04-30,17.826373148881185
2018-05-01,19.695574078325397
2018-05-02,21.805856114406794
2018-05-03,24.39983426774395
2018-05-04,17.57274829288761
2018-05-05,16.03292217172828
2018-05-06,22.696443365937945
2018-05-07,18.24828218011294
2018-05-08,11.889631141174364
2018-05-09,12.34605944522602
2018-05-10,14.070685317820201
2018-05-11,20.779553536015257
2018-05-12,22.263068923120407
2018-05-13,28.88682263311655
2018-05-14,23.436006080096274
2018-05-15,24.074568644962177
2018-05-16,27.41322614442119
2018-05-17,22.46718278387014
2018-05-18,24.663277439663524
2018-05-19,20.8856277162611
2018-05-20,17.42040562458774
2018-05-21,19.489212402869388
2018-05-22,23.39949442812189
2018-05-23,22.961415855287047
2018-05-24,22.35214847007802
2018-05-25,25.096987748120494
2018-05-26,29.778182184608553
2018-05-27,35.283825893992336
2018-05-28,38.902006385424265
2018-05-29,39.45716743074798
2018-05-30,43.125499008427965
2018-05-31,49.957574910743574
2018-06-01,59.29460277836766
2018-06-02,62.16179603927715
2018-06-03,72.92691005640752
2018-06-04,88.91489107128162
2018-06-05,106.49835859567077
2018-06-06,121.11846069733002
2018-06-07,126.27348064448984
2018-06-08,136.2338174382699
2018-06-09,146.95868777467626
2018-06-10,166.4439734930063
2018-06-11,165.62709266189847
2018-06-12,150.958478734584
2018-06-13,143.6690033204708
2018-06-14,146.02921547105933
2018-06-15,160.49856402831622
2018-06-16,145.9538748776065
2018-06-17,113.42539533644765
2018-06-18,109.16104792934274
2018-06-19,122.92546459543787
2018-06-20,130.11044638869814
2018-06-21,129.92704101667977
2018-06-22,124.64970381021794
2018-06-23,120.1898261965782
2018-06-24,106.85333607142749
2018-06-25,90.72070728450576
2018-06-26,81.93147934491881
2018-06-27,82.44188421068382
2018-06-28,92.81754265084271
2018-06-29,94.48734466176032
2018-06-30,102.8256937055173
2018-07-01,93.63103738993256
2018-07-02,96.45925392935092
2018-07-03,88.86945930385558
2018-07-04,69.27038340007921
2018-07-05,57.07847588713114
2018-07-06,62.84058344147954
2018-07-07,69.12625901410544
2018-07-08,76.94181099581147
2018-07-09,85.39833532629504
2018-07-10,89.9356857202874
2018-07-11,90.41963871696275
2018-07-12,86.27429431835367
2018-07-13,85.75407311522643
2018-07-14,75.77225156705464
2018-07-15,67.93413415513936
2018-07-16,65.17746398900364
2018-07-17,67.87317324082062
2018-07-18,62.12072587219962
2018-07-19,58.536764306918336
2018-07-20,54.2619846153712
2018-07-21,51.12268407235251
2018-07-22,46.279205785677114
2018-07-23,58.26841677976588
2018-07-24,57.12875819589723
2018-07-25,44.75619403303545
2018-07-26,50.705886634570696
2018-07-27,52.68994837518706
2018-07-28,36.676515437998574
2018-07-29,24.270371369097166
2018-07-30,19.287674069762534
2018-07-31,16.239059760341174
2018-08-01,16.09039407984591
2018-08-02,17.855120963617875
2018-08-03,15.777702540159227
2018-08-04,13.899345264430425
2018-08-05,14.586922671529006
2018-08-06,19.38945953683821
2018-08-07,35.53575086505974
2018-08-08,41.36472082999993
2018-08-09,29.421849777454565
2018-08-10,22.92053543105722
2018-08-11,18.363165357394827
2018-08-12,26.335838673336813
2018-08-13,34.596418088426205
2018-08-14,20.675262212621817
2018-08-15,14.150101134699637
2018-08-16,15.066127830400488
2018-08-17,18.708719681963032
2018-08-18,23.081780372691515
2018-08-19,17.649922909755624
2018-08-20,14.67793853231796
2018-08-21,16.294806503950085
2018-08-22,16.40720746194323
2018-08-23,17.5540675438064
2018-08-24,17.88034498263515
2018-08-25,17.965546091426845
2018-08-26,17.42769778584878
2018-08-27,13.390662296678803
2018-08-28,10.714005483157356
2018-08-29,9.774894502970797
2018-08-30,11.441840578221226
2018-08-31,12.27354672231948
2018-09-01,11.68402860809629
2018-09-02,12.563174670850678
2018-09-03,14.954523530061925
2018-09-04,12.54556279674027
2018-09-05,11.131210112133443
2018-09-06,12.758351026533859
2018-09-07,15.11207959344428
2018-09-08,14.289943650423313
2018-09-09,15.480548794297318
2018-09-10,13.826129735275826
2018-09-11,11.106054010322568
2018-09-12,7.785340395745115
2018-09-13,9.182031252344734
2018-09-14,11.297861221819822
2018-09-15,10.897303317969333
2018-09-16,11.061326378949135
2018-09-17,9.136116379185344
2018-09-18,8.418980451980058
2018-09-19,8.629386663305407
2018-09-20,8.775942561023088
2018-09-21,9.084562956841268
2018-09-22,8.943969026784988
2018-09-23,10.91976886752847
2018-09-24,9.091892700189474
2018-09-25,9.767706747488221
2018-09-26,9.429086722492006
2018-09-27,9.126772623655256
2018-09-28,9.002557015024568
2018-09-29,9.350932667039192
2018-09-30,9.665232640745883
2018-10-01,8.593538587007151
2018-10-02,8.459876316822331
2018-10-03,8.94836425738153
2018-10-04,9.35402489545591
2018-10-05,9.327787176475807
2018-10-06,8.553370510494592
2018-10-07,7.875046840368533
2018-10-08,7.994916694560179
2018-10-09,8.936818536754478
2018-10-10,7.438027161191781
2018-10-11,7.118791656707431
2018-10-12,6.741288537166868
2018-10-13,6.445748424194023
2018-10-14,6.5319417206278345
2018-10-15,6.708834258134601
2018-10-16,7.798903546559021
2018-10-17,5.781979498668921
2018-10-18,5.44164447650021
2018-10-19,5.252674687514991
2018-10-20,4.984106308112251
2018-10-21,5.029896777598006
2018-10-22,4.946379300794912
2018-10-23,4.9255380211726765
2018-10-24,4.852555197711086
2018-10-25,5.0105094016000065
2018-10-26,4.932847923588226
2018-10-27,4.87623011317908
2018-10-28,5.133983451690454
2018-10-29,5.472524271985769
2018-10-30,5.347543353565475
2018-10-31,5.696759375462345
2018-11-01,8.143591460592893
2018-11-02,5.290534284174004
2018-11-03,4.388230743807027
2018-11-04,3.9385243378214407
2018-11-05,3.807782136787679
2018-11-06,3.7538570874827153
2018-11-07,3.8074742491411833
2018-11-08,3.9522277036937425
2018-11-09,3.8907882973917007
2018-11-10,3.9689532328689223
2018-11-11,3.859852371448834
2018-11-12,4.307254580393718
2018-11-13,3.7499494082130043
2018-11-14,3.9422635309105996
2018-11-15,3.472340366558407
2018-11-16,3.408999423711908
2018-11-17,3.3581272287403827
2018-11-18,3.3709376114438867
2018-11-19,3.5201291975437403
2018-11-20,3.311710218508158
2018-11-21,3.270464607196696
2018-11-22,3.244930497111349
2018-11-23,3.2507994878306685
2018-11-24,3.2480412998328028
2018-11-25,3.3673205682094776
2018-11-26,3.2045660525377753
2018-11-27,3.2694627890655514
2018-11-28,3.5343531307746074
2018-11-29,3.130267359842272
2018-11-30,3.0524906204538604
2018-12-01,3.040478727740105
2018-12-02,3.0258006027516196
2018-12-03,2.9348188777107245
2018-12-04,2.9814211981371055
2018-12-05,2.951408197577385
2018-12-06,2.8456787215509234
2018-12-07,2.8178044211265494
2018-12-08,2.826405506880549
2018-12-09,2.9993729197109755
2018-12-10,3.526045091413692
2018-12-11,3.06001048287121
2018-12-12,2.7355351572892816
2018-12-13,2.6892114388153834
2018-12-14,2.658637646300829
2018-12-15,2.6027289065587182
2018-12-16,2.6115151003916193
2018-12-17,2.5900903735127234
2018-12-18,2.566949031114871
2018-12-19,2.6209881031264857
2018-12-20,2.5431277173918243
2018-12-21,2.473620133956566
2018-12-22,2.4542012816623737
2018-12-23,2.472036518598447
2018-12-24,2.410807841442818
2018-12-25,2.3800032969491136
2018-12-26,2.349945728305508
2018-12-27,2.3928739338601925
2018-12-28,2.319431740385207
2018-12-29,2.3208943662032775
2018-12-30,2.3850593207696207
2018-12-31,2.300099154616544
2019-01-01,2.2683401478125758
2019-01-02,2.5444377621014906
2019-01-03,2.27054307416958
2019-01-04,2.3115729980609
2019-01-05,2.448684522195482
2019-01-06,2.182493553851166
2019-01-07,2.1483077748806454
2019-01-08,2.1672299204649885
2019-01-09,2.1282570917889765
2019-01-10,2.0995758115843524
2019-01-11,2.319721803638864
2019-01-12,2.5472139292159204
2019-01-13,2.0713977461717303
2019-01-14,2.019685477953332
2019-01-15,2.03046838532695
2019-01-16,2.0455517032567196
2019-01-17,2.0131898690307257
2019-01-18,1.9785074245695964
2019-01-19,2.306847472781059
2019-01-20,3.0056345630911925
2019-01-21,5.395406663549297
2019-01-22,3.798755840431243
2019-01-23,2.2935823157356645
2019-01-24,2.0293053710723625
2019-01-25,2.0239048756330345
2019-01-26,1.9811743810699847
2019-01-27,1.9526513123921314
2019-01-28,1.9410904171858343
2019-01-29,1.9587933516750744
2019-01-30,2.057998042049653
2019-01-31,2.9090315865243173
2019-02-01,2.1242428606777803
2019-02-02,1.9610740069372983
2019-02-03,1.9525838179477297
2019-02-04,1.8996956624930694
2019-02-05,2.1729116567063587
2019-02-06,3.684911598970054
2019-02-07,2.4452956943024007
2019-02-08,2.3445883810081902
2019-02-09,1.9864168769661712
2019-02-10,1.9591144585872398
2019-02-11,2.0297942012037145
2019-02-12,2.2939868985510916
2019-02-13,3.3643170974783456
2019-02-14,4.104712853485752
2019-02-15,2.4516575260416547
2019-02-16,2.1755496050651164
2019-02-17,2.1794245113600414
2019-02-18,2.763532394777033
2019-02-19,2.198015283902779
2019-02-20,4.07497976573513
2019-02-21,6.943773450063288
2019-02-22,2.8868816840224985
2019-02-23,2.603213988624365
2019-02-24,2.8335492946828422
2019-02-25,3.014199464695126
2019-02-26,3.4986010989137726
2019-02-27,2.7375116199693266
2019-02-28,2.6143115575334015
2019-03-01,2.6771282542131685
2019-03-02,4.744730488977889
2019-03-03,3.398739301113813
2019-03-04,2.9352516087758174
2019-03-05,2.7827150385461588
2019-03-06,2.79686135071896
2019-03-07,3.4166227033909644
2019-03-08,2.9579838226165847
2019-03-09,3.008892068960795
2019-03-10,3.091243590889316
2019-03-11,6.432227639203854
2019-03-12,3.1825676672781507
2019-03-13,2.785029548180161
2019-03-14,2.994554552238653
2019-03-15,3.099891901176936
2019-03-16,3.1296697027250846
2019-03-17,3.6871091818838746
2019-03-18,3.432298538030362
2019-03-19,6.2537711468616575
2019-03-20,4.737202225011937
2019-03-21,3.3631540381002667
2019-03-22,3.4509722981528896
2019-03-23,3.431208527789395
2019-03-24,4.0239944087158825
2019-03-25,4.102992993081904
2019-03-26,4.162705762384864
2019-03-27,4.758209458753178
2019-03-28,6.081308675393023
2019-03-29,5.404016509330738
2019-03-30,7.129327928077643
2019-03-31,5.261617299242348
2019-04-01,5.358257560789873
2019-04-02,6.063805279566669
2019-04-03,6.672826289224861
2019-04-04,7.753645290748455
2019-04-05,8.373795939390275
2019-04-06,8.902053911297351
2019-04-07,8.383790206938398
2019-04-08,9.900675129547134
2019-04-09,10.604193152319276
2019-04-10,10.952264857504009
2019-04-11,9.316717008165277
2019-04-12,14.32693046514749
2019-04-13,14.330452260192416
2019-04-14,16.903186397349415
2019-04-15,19.20973064033131
2019-04-16,28.271211282463327
2019-04-17,25.981159679814432
2019-04-18,18.691366555286095
2019-04-19,13.949177151611618
2019-04-20,17.157809009461424
2019-04-21,27.438040166647696
2019-04-22,34.52655491176992
2019-04-23,39.51981718270655
2019-04-24,48.608813198677765
2019-04-25,38.14835554561484
2019-04-26,26.264696724186937
2019-04-27,21.43022812322952
2019-04-28,24.602164946708303
2019-04-29,26.59936503824211
2019-04-30,29.220074882957285
2019-05-01,19.425284138058924
2019-05-02,16.442549679406415
2019-05-03,15.430992323839485
2019-05-04,13.697919261112233
2019-05-05,13.951733806984974
2019-05-06,15.735594731956427
2019-05-07,20.11547259284439
2019-05-08,26.35381558678461
2019-05-09,32.2462883822474
2019-05-10,43.810166592253175
2019-05-11,47.02036848547044
2019-05-12,44.6463344031251
2019-05-13,44.05964426328158
2019-05-14,52.27070604049252
2019-05-15,48.351818522204624
2019-05-16,48.94953811677794
2019-05-17,51.23114889155272
2019-05-18,54.19367572559299
2019-05-19,46.4747263530087
2019-05-20,50.57163186558321
2019-05-21,47.6212672657972
2019-05-22,55.30509969620216
2019-05-23,59.64288755746957
2019-05-24,56.19002317156934
2019-05-25,43.15268048374896
2019-05-26,36.784094613680935
2019-05-27,36.69896963132801
2019-05-28,38.29505733879023
2019-05-29,43.25994688551145
2019-05-30,52.141572145036626
2019-05-31,67.07726265234393
2019-06-01,84.22635981977422
2019-06-02,93.20699144516362
2019-06-03,90.14993485213792
2019-06-04,64.18317717036925
2019-06-05,52.94467819574123
2019-06-06,51.67854661478422
2019-06-07,55.097524005123496
2019-06-08,62.17226213661618
2019-06-09,69.86222403595112
2019-06-10,76.99410121256815
2019-06-11,64.27767711595142
2019-06-12,48.773448437277025
2019-06-13,24.721012353312727
2019-06-14,28.440158613468054
2019-06-15,43.71548892814735
2019-06-16,50.80202039913365
2019-06-17,46.539836877942406
2019-06-18,55.62215923402167
2019-06-19,62.5832057344709
2019-06-20,73.82047340809277
2019-06-21,86.89620866378147
2019-06-22,87.81738183521757
2019-06-23,92.23438592160889
2019-06-24,76.17668987920909
2019-06-25,78.06064479598668
2019-06-26,61.47251361316325
2019-06-27,64.28936421665195
2019-06-28,77.62252270255019
2019-06-29,87.46190282928886
2019-06-30,115.59285732021223
2019-07-01,120.94885202149192
2019-07-02,127.69690988329695
2019-07-03,138.91859204735525
2019-07-04,147.1391132107661
2019-07-05,154.30380698501617
2019-07-06,153.83893454307875
2019-07-07,167.34054444304428
2019-07-08,182.42737670090844
2019-07-09,183.12750953012235
2019-07-10,180.91832712199184
2019-07-11,189.21201910031056
2019-07-12,184.87752805870832
2019-07-13,179.06093323484941
2019-07-14,177.81261793049248
2019-07-15,166.13512592555261
2019-07-16,145.27993753460393
2019-07-17,139.40046686996868
2019-07-18,149.80562226403796
2019-07-19,138.54588190012566
2019-07-20,129.52054214004207
2019-07-21,128.51921800319087
2019-07-22,128.77263800984647
2019-07-23,125.97367687678218
2019-07-24,130.48421319784492
2019-07-25,123.41967609666436
2019-07-26,129.93849928396597
2019-07-27,136.8391636031954
2019-07-28,139.67199369133547
2019-07-29,122.24563249897432
2019-07-30,115.08948668004842
2019-07-31,104.19717716972765
2019-08-01,93.5997312643583
2019-08-02,83.21569259821929
2019-08-03,74.47238364308049
2019-08-04,68.5445942427597
2019-08-05,62.36589233545109
2019-08-06,57.39020775108067
2019-08-07,52.172014422517485
2019-08-08,47.39787447448161
2019-08-09,52.437068984336086
2019-08-10,56.63579904456054
2019-08-11,55.753865183276304
2019-08-12,42.492190950276225
2019-08-13,38.12151662913315
2019-08-14,53.42109465771447
2019-08-15,42.62871692976818
2019-08-16,28.19525262681294
2019-08-17,31.35986068634427
2019-08-18,25.028807721140932
2019-08-19,18.83993046742443
2019-08-20,17.609329965433055
2019-08-21,13.072687542160939
2019-08-22,11.841670230922158
2019-08-23,13.857803916712006
2019-08-24,15.87688215630603
2019-08-25,14.34506018504354
2019-08-26,15.386334923450262
2019-08-27,17.45255166669103
2019-08-28,17.767241196823758
2019-08-29,18.605360673908514
2019-08-30,17.501629231899376
2019-08-31,21.938939427810855
2019-09-01,18.066750229259615
2019-09-02,15.161930534944819
2019-09-03,13.306326865485193
2019-09-04,13.012770527900726
2019-09-05,11.400659207371518
2019-09-06,11.928234736241548
2019-09-07,14.442934392166192
2019-09-08,10.887331204401226
2019-09-09,8.970702938998443
2019-09-10,9.329192294019686
2019-09-11,8.559998639578039
2019-09-12,9.63673089055308
2019-09-13,9.786014903840767
2019-09-14,9.752216540642225
2019-09-15,8.881833700872221
2019-09-16,8.591966515925591
2019-09-17,8.122807918547418
2019-09-18,6.769123238427382
2019-09-19,6.540094230798823
2019-09-20,6.8703181558964275
2019-09-21,7.344653947329991
2019-09-22,6.506122292337171
2019-09-23,6.0689621390153965
2019-09-24,6.097714689322839
2019-09-25,6.420102684981392
2019-09-26,6.539617610372166
2019-09-27,6.277464906140863
2019-09-28,6.432262266076658
2019-09-29,9.93158206405009
2019-09-30,10.663198557642168
2019-10-01,9.677359302414978
2019-10-02,8.488238360345658
2019-10-03,8.038699327562657
2019-10-04,8.895943170230765
2019-10-05,7.940281851929336
2019-10-06,7.378637508638933
2019-10-07,9.235778695951202
2019-10-08,7.30366183392265
2019-10-09,6.856898571163703
2019-10-10,6.361987024180441
2019-10-11,6.546015612686097
2019-10-12,6.464414484769691
2019-10-13,6.113484384411689
2019-10-14,6.108842029977661
2019-10-15,6.0388812923183
2019-10-16,5.960596526238849
2019-10-17,6.99492762671674
2019-10-18,7.518813271506453
2019-10-19,6.7159253493864455
2019-10-20,5.938371668807137
2019-10-21,5.85202826596797
2019-10-22,5.660354780146452
2019-10-23,6.093735260793973
2019-10-24,5.6083374477922945
2019-10-25,5.291463014775631
2019-10-26,4.954112154449902
2019-10-27,5.062647948523653
2019-10-28,5.846156972369141
2019-10-29,6.014566133711853
2019-10-30,5.84529070104746
2019-10-31,5.417516972789281
2019-11-01,5.266485731493606
2019-11-02,6.2779762812250945
2019-11-03,5.7655213361825135
2019-11-04,4.721466186796045
2019-11-05,4.508448383014869
2019-11-06,6.201245505888669
2019-11-07,4.224632378945162
2019-11-08,3.727748989854373
2019-11-09,3.5774071538053924
2019-11-10,3.499376527570626
2019-11-11,3.4314339209968834
2019-11-12,3.465392128984426
2019-11-13,3.5279358820295816
2019-11-14,4.171095946504207
2019-11-15,6.661505249573612
2019-11-16,4.716007571017332
2019-11-17,3.3191062689704034
2019-11-18,3.1695891858242886
2019-11-19,3.1275869392515996
2019-11-20,3.1144960638500896
2019-11-21,4.1351143017119085
2019-11-22,5.342859137313918
2019-11-23,3.281353778852258
2019-11-24,3.1025974368274785
2019-11-25,3.033548777681939
2019-11-26,3.0301871872598345
2019-11-27,3.7049176050167474
2019-11-28,2.9996291168691482
2019-11-29,2.851215163406497
2019-11-30,2.8040589283202206
2019-12-01,2.779198091462547
2019-12-02,2.757590149445276
2019-12-03,2.734337583301115
2019-12-04,2.7330637483254945
2019-12-05,2.7158638915521847
2019-12-06,2.693009558721793
2019-12-07,2.657151608899528
2019-12-08,2.6309866246055145
2019-12-09,2.6389559624680126
2019-12-10,2.6773965636377812
2019-12-11,2.896414002447443
2019-12-12,2.8288067395488423
2019-12-13,2.861546110668606
2019-12-14,2.8087457896520696
2019-12-15,2.5201168984101683
2019-12-16,2.462787219502176
2019-12-17,2.4370969738665162
2019-12-18,2.4453190759116543
2019-12-19,2.4425482360244386
2019-12-20,2.4099444608551064
2019-12-21,2.3593959669418183
2019-12-22,2.3357582332018545
2019-12-23,2.306682260261447
2019-12-24,2.283838082009965
2019-12-25,2.2643201200620235
2019-12-26,2.244708163996097
2019-12-27,2.242848388931038
2019-12-28,2.2284251077283233
2019-12-29,2.2148856872217917
2019-12-30,2.1934304057456115
2019-12-31,2.19409148790965
2020-01-01,2.1457938826478573
2020-01-02,2.2480634505550063
2020-01-03,2.3614061851383137
2020-01-04,2.1941635622222906
2020-01-05,2.117871443722763
2020-01-06,2.569794415609509
2020-01-07,2.5348768065373126
2020-01-08,2.1320625980549
2020-01-09,2.048079412105474
2020-01-10,2.030934298593624
2020-01-11,2.041268533358678
2020-01-12,2.578002823834473
2020-01-13,5.789765839103392
2020-01-14,2.2775870136916647
2020-01-15,2.0034425198191803
2020-01-16,1.9842159553850978
2020-01-17,1.977906735533593
2020-01-18,1.971544192979734
2020-01-19,1.9493053737808685
2020-01-20,1.9791700411661006
2020-01-21,2.350067000624304
2020-01-22,2.0275002168601057
2020-01-23,1.9320221094524168
2020-01-24,1.9318642626206082
2020-01-25,2.071367959685477
2020-01-26,2.016645542174287
2020-01-27,1.9321297729716587
2020-01-28,2.41908907438172
2020-01-29,2.430292001476182
2020-01-30,1.9439966288851749
2020-01-31,1.9040261599582189
2020-02-01,1.907328004813662
2020-02-02,1.9113672202562582
2020-02-03,1.919207717785064
2020-02-04,1.963707974103882
2020-02-05,2.0082822931747812
2020-02-06,1.968813525812298
2020-02-07,1.9548736830698508
2020-02-08,1.9711047318344022
2020-02-09,1.984507958097931
2020-02-10,1.9980990563610599
2020-02-11,2.163838249218523
2020-02-12,2.2728614901575974
2020-02-13,5.595316992101131
2020-02-14,2.3414978368682617
2020-02-15,2.0057612353680194
2020-02-16,1.9784051908435767
2020-02-17,1.9382702452952354
2020-02-18,1.9802460643079351
2020-02-19,2.120542521650592
2020-02-20,2.302254817514296
2020-02-21,2.0945369511915777
2020-02-22,2.180034317251514
2020-02-23,2.2320762201194078
2020-02-24,2.3512613387887975
2020-02-25,2.433242879880994
2020-02-26,2.5770418618385698
2020-02-27,2.8907479466614774
2020-02-28,4.901695346240611
2020-02-29,2.8061169351871103
2020-03-01,2.44707039706409
2020-03-02,2.3386709668180528
2020-03-03,2.3036994980100327
2020-03-04,2.434831425072808
2020-03-05,3.4620947219066167
2020-03-06,4.587893565108671
2020-03-07,10.12004370488518
2020-03-08,9.702052887149305
2020-03-09,2.735951759330197
2020-03-10,2.588955964297785
2020-03-11,2.926823713944531
2020-03-12,3.8699218959054553
2020-03-13,3.50632547228506
2020-03-14,3.674436306745252
2020-03-15,3.6727053756003865
2020-03-16,3.678481866799148
2020-03-17,4.2188051552968275
2020-03-18,4.202297265992005
2020-03-19,4.041725588334248
2020-03-20,4.133736879320121
2020-03-21,5.094718578099915
2020-03-22,4.289482586816246
2020-03-23,3.815289556702563
2020-03-24,6.964784793248946
2020-03-25,3.822910299261704
2020-03-26,3.5265255001099676
2020-03-27,7.250328358708351
2020-03-28,6.561673142797509
2020-03-29,3.325559774870235
2020-03-30,3.0005798866351463
2020-03-31,12.941733925329414
2020-04-01,6.920162551857385
2020-04-02,4.735723643370123
2020-04-03,4.234577931712071
2020-04-04,4.2396942889427445
2020-04-05,4.428940995621914
2020-04-06,5.3895992944491855
2020-04-07,5.297570286304051
2020-04-08,5.3425376202326795
2020-04-09,5.188506648075932
2020-04-10,5.991906460783646
2020-04-11,5.6258909183937815
2020-04-12,6.717304058928113
2020-04-13,8.13767810891948
2020-04-14,11.262869907396961
2020-04-15,16.525784183322795
2020-04-16,6.5203699456345205
2020-04-17,8.740534450515524
2020-04-18,13.09930148028641
2020-04-19,7.3151063591314855
2020-04-20,7.172876072178282
2020-04-21,10.281480141824076
2020-04-22,10.483170275324412
2020-04-23,11.971536574739154
2020-04-24,13.572949788580628
2020-04-25,17.380249759708253
2020-04-26,22.71274513857184
2020-04-27,27.345427252286495
2020-04-28,27.148695706327768
2020-04-29,31.69505246641734
2020-04-30,37.82974671648416
2020-05-01,39.624006915863106
2020-05-02,47.31839149793719
2020-05-03,46.15025769637935
2020-05-04,34.820896230148634
2020-05-05,29.225530861157424
2020-05-06,20.97709349397495
2020-05-07,22.75678706927337
2020-05-08,32.67662889389139
2020-05-09,47.02379233934279
2020-05-10,56.21938331160039
2020-05-11,52.42587718107537
2020-05-12,64.36542289873555
2020-05-13,74.38148990430518
2020-05-14,66.08233530105775
2020-05-15,69.08847475777586
2020-05-16,51.53761555211361
2020-05-17,54.561742151448264
2020-05-18,47.41832734756177
2020-05-19,48.01298454543394
2020-05-20,52.4578380421242
2020-05-21,70.43388989877468
2020-05-22,83.64814266514249
2020-05-23,92.9417177296664
2020-05-24,103.52118055110104
2020-05-25,94.0966216932105
2020-05-26,88.72315422051825
2020-05-27,91.36092373315314
2020-05-28,103.33964859764369
2020-05-29,110.98126623007447
2020-05-30,113.56675801285202
2020-05-31,89.46794074598476
2020-06-01,87.89003147888269
2020-06-02,90.23294706441024
2020-06-03,109.17238430163879
2020-06-04,122.18520217499893
2020-06-05,134.18699689580518
2020-06-06,145.84553617975288
2020-06-07,149.73949408450113
2020-06-08,149.9633349161961
2020-06-09,175.21797612896734
2020-06-10,180.8526350828946
2020-06-11,164.10064054619457
2020-06-12,155.9029639313401
2020-06-13,134.95029519033787
2020-06-14,127.48242771258104
2020-06-15,113.05953676550111
2020-06-16,122.18249076844425
2020-06-17,134.86487365178763
2020-06-18,144.68261990908016
2020-06-19,151.99364730847228
2020-06-20,136.82441113256644
2020-06-21,122.59809578449693
2020-06-22,125.46479696341446
2020-06-23,138.98831419232573
2020-06-24,160.00135979097266
2020-06-25,147.59682485308568
2020-06-26,121.48899789275788
2020-06-27,124.95035693134882
2020-06-28,125.30933132721657
2020-06-29,89.70677384396686
2020-06-30,92.17884809594669
2020-07-01,94.45194404811834
2020-07-02,95.1396034704412
2020-07-03,92.39467778261387
2020-07-04,92.68394811925495
2020-07-05,79.40332634236444
2020-07-06,60.377828316916414
2020-07-07,58.2028912199186
2020-07-08,63.50119887393921
2020-07-09,75.1440445797919
2020-07-10,58.45337698639317
2020-07-11,55.57381542056211
2020-07-12,52.65494715387331
2020-07-13,50.141989731584125
2020-07-14,48.17396690746152
2020-07-15,45.346668106916496
2020-07-16,50.431561092594116
2020-07-17,56.482637544473036
2020-07-18,59.309776272588216
2020-07-19,44.20915264385
2020-07-20,38.217845829094124
2020-07-21,41.199760442059144
2020-07-22,24.934865468652806
2020-07-23,17.57095061873689
2020-07-24,21.609625880084206
2020-07-25,23.20870100345243
2020-07-26,30.264060296746447
2020-07-27,32.71148367595364
2020-07-28,29.332421085939664
2020-07-29,26.075868853240046
2020-07-30,24.602279045425508
2020-07-31,27.68298211619258
2020-08-01,30.67732403674256
2020-08-02,26.848159441673285
2020-08-03,21.320640434719184
2020-08-04,24.803798401655246
2020-08-05,24.33879657904161
2020-08-06,23.014940891765505
2020-08-07,21.289811360507315
2020-08-08,27.564983741661507
2020-08-09,44.97877099026067
2020-08-10,37.24694816008499
2020-08-11,23.325670102435883
2020-08-12,17.836700382215138
2020-08-13,16.446480482057037
2020-08-14,30.025160687540954
2020-08-15,22.17799772644307
2020-08-16,14.954291220345326
2020-08-17,14.322792661840133
2020-08-18,19.33868121348468
2020-08-19,21.49982981264005
2020-08-20,31.776190438223818
2020-08-21,36.42771935898301
2020-08-22,15.850441826259097
2020-08-23,10.364965663616559
2020-08-24,10.585512043053606
2020-08-25,12.608486717493804
2020-08-26,22.06665125321961
2020-08-27,78.20845826371189
2020-08-28,35.08299281272821
2020-08-29,16.737562854653774
2020-08-30,15.616398123228082
2020-08-31,20.856451490470295
2020-09-01,37.298918594777874
2020-09-02,59.21912306070179
2020-09-03,40.165768585310275
2020-09-04,32.650032266028504
2020-09-05,25.512289697633076
2020-09-06,21.3053068342089
2020-09-07,15.827102657911537
2020-09-08,12.520159058860841
2020-09-09,12.370214097713134
2020-09-10,10.587494024422524
2020-09-11,12.26267539567368
2020-09-12,11.594209134293829
2020-09-13,10.493708956731007
2020-09-14,12.496005735743573
2020-09-15,13.669256410696633
2020-09-16,12.340577444003198
2020-09-17,12.575756274755395
2020-09-18,12.236186405220163
2020-09-19,9.904406622563505
2020-09-20,8.344571847578178
2020-09-21,7.733948778821269
2020-09-22,8.020457681465674
2020-09-23,8.761227517669983
2020-09-24,8.442151853690545
2020-09-25,9.201173904450512
2020-09-26,12.168947446667685
2020-09-27,13.062340215900361
2020-09-28,11.66439009714944
2020-09-29,11.235821047732063
2020-09-30,10.434206062548023
2020-10-01,10.51219656879412
2020-10-02,9.521758600455874
2020-10-03,8.959856950725408
2020-10-04,8.855747770539972
2020-10-05,8.319934646193591
2020-10-06,8.189800172131141
2020-10-07,8.277998481376796
2020-10-08,8.491546097134833
2020-10-09,8.391992821076922
2020-10-10,7.869993045436699
2020-10-11,7.701799330414799
2020-10-12,7.623838598858202
2020-10-13,8.615548264366735
2020-10-14,8.385902610260482
2020-10-15,8.022807174519286
2020-10-16,7.31852407872531
2020-10-17,7.028184085434266
2020-10-18,6.8701603743010295
2020-10-19,6.339387807147762
2020-10-20,6.128698882248764
2020-10-21,6.652504042455678
2020-10-22,6.545484128221866
2020-10-23,7.195614270836697
2020-10-24,7.163214248787685
2020-10-25,7.068339278154514
2020-10-26,6.9892756184015195
2020-10-27,7.002899966286673
2020-10-28,7.1280001899191
2020-10-29,6.594329498511029
2020-10-30,5.860150151962741
2020-10-31,6.027664271121225
2020-11-01,6.166706483124514
2020-11-02,5.912989121514789
2020-11-03,5.860202542217635
2020-11-04,5.58692333252699
2020-11-05,5.486683276083832
2020-11-06,5.4801557508242436
2020-11-07,5.515055861579724
2020-11-08,5.8485337188869115
2020-11-09,5.871616253198362
2020-11-10,5.926474902924954
2020-11-11,5.707120447021487
2020-11-12,5.209893086041302
2020-11-13,5.176360338393092
2020-11-14,6.391707643004609
2020-11-15,6.846680465114177
2020-11-16,4.737981213815507
2020-11-17,4.179696257850703
2020-11-18,4.093896618383189
2020-11-19,4.377439594301669
2020-11-20,4.010450057992162
2020-11-21,3.9434425530626505
2020-11-22,3.89223048079978
2020-11-23,4.327562878412354
2020-11-24,4.161928084741039
2020-11-25,4.912346075066162
2020-11-26,3.888613057326454
2020-11-27,3.737827578647173
2020-11-28,3.7083200293793994
2020-11-29,3.665622914049262
2020-11-30,3.614739005713196
2020-12-01,3.587759415469333
2020-12-02,3.546197022048428
2020-12-03,3.4985788644601903
2020-12-04,3.5936417927490742
2020-12-05,3.6765996442998166
2020-12-06,3.764927270701704
2020-12-07,3.5866146600239133
2020-12-08,4.414767417589237
2020-12-09,4.001556556292022
2020-12-10,3.318021819316874
2020-12-11,3.5202845568348677
2020-12-12,3.9845923241118295
2020-12-13,3.2909039301651664
2020-12-14,3.2417196599145734
2020-12-15,3.1984720386016905
2020-12-16,3.1374535918929696
2020-12-17,3.0885244867453965
2020-12-18,3.056265043883642
2020-12-19,3.049547683418382
2020-12-20,3.0708994240153076
2020-12-21,3.195565614279579
2020-12-22,3.0396426848848077
2020-12-23,2.9742967877208333
2020-12-24,2.9375564023925405
2020-12-25,2.898046812922784
2020-12-26,2.905311678408408
2020-12-27,2.8814913218220077
2020-12-28,2.867949003076144
2020-12-29,2.819651215874098
2020-12-30,2.7631798288036236
2020-12-31,2.728721389349769
2021-01-01,2.711225014128814
2021-01-02,2.6844378343144166
2021-01-03,2.733474913297916
2021-01-04,2.691474413922896
2021-01-05,3.487584246191034
2021-01-06,3.1486141304686375
2021-01-07,2.6784729909517004
2021-01-08,3.6394859076057564
2021-01-09,2.6327078979024128
2021-01-10,2.537488889672302
2021-01-11,2.5068871547413223
2021-01-12,2.478998809110592
2021-01-13,2.4597427194974593
2021-01-14,2.441160189864391
2021-01-15,2.4191477863519797
2021-01-16,2.3954794995121507
2021-01-17,2.3799669647187587
2021-01-18,2.3606288161055704
2021-01-19,2.3382013749769515
2021-01-20,2.31758937438329
2021-01-21,2.296341968020972
2021-01-22,2.5949199953792137
2021-01-23,2.712972012038032
2021-01-24,2.317361880583214
2021-01-25,2.2914861300412346
2021-01-26,2.2739003077879847
2021-01-27,2.245012465225277
2021-01-28,2.2229665945923194
2021-01-29,2.198964721731404
2021-01-30,2.189684297232066
2021-01-31,2.2101555076007755
2021-02-01,2.183213344924883
2021-02-02,2.126690261460403
2021-02-03,2.1344979918616658
2021-02-04,2.0936801206466615
2021-02-05,2.051059869618392
2021-02-06,2.028246573461037
2021-02-07,2.011876183054319
2021-02-08,2.0091993781719735
2021-02-09,2.020759526282257
2021-02-10,2.026909133043213
2021-02-11,2.025179059127822
2021-02-12,1.9762945134521412
2021-02-13,2.017952490123171
2021-02-14,2.040930421482407
2021-02-15,2.023424985822217
2021-02-16,2.034047679281702
2021-02-17,2.069439739660888
2021-02-18,2.1095805941113075
2021-02-19,2.181296463164629
2021-02-20,2.104822619931371
2021-02-21,2.799257460083155
2021-02-22,4.405566103084414
2021-02-23,4.530954568745459
2021-02-24,3.456685474719488
2021-02-25,4.155929158266412
2021-02-26,9.568202608823778
2021-02-27,3.644979202791172
2021-02-28,1.9770269685004862
2021-03-01,1.8859516370384126
2021-03-02,1.9153217224732906
2021-03-03,2.079847111976615
2021-03-04,2.2318988068138843
2021-03-05,2.322474398697708
2021-03-06,2.214650092562477
2021-03-07,3.4249707507444342
2021-03-08,2.5314844085378363
2021-03-09,2.3021740653862555
2021-03-10,2.6009536631040135
2021-03-11,6.30962915355157
2021-03-12,5.1211778293491586
2021-03-13,2.437926079698053
2021-03-14,4.6789884865283975
2021-03-15,2.7132448306782
2021-03-16,2.8506842612453234
2021-03-17,3.3885902422023757
2021-03-18,3.0593819854671462
2021-03-19,3.2854910371277275
2021-03-20,3.4304048821622244
2021-03-21,5.081001847394396
2021-03-22,7.988286607500677
2021-03-23,19.843205480617204
2021-03-24,4.354953674606829
2021-03-25,2.995784792881093
2021-03-26,3.1002104557247137
2021-03-27,3.564720717229534
2021-03-28,7.650782751971306
2021-03-29,19.69385758456501
2021-03-30,4.6294518576533195
2021-03-31,3.3440050259524705
2021-04-01,3.083857583378753
2021-04-02,2.8673346459135143
2021-04-03,2.9382142956496446
2021-04-04,2.9631370821492955
2021-04-05,5.211697679297892
2021-04-06,10.641822117252975
2021-04-07,4.73816192730823
2021-04-08,3.000722599489724
2021-04-09,3.0751150973506407
2021-04-10,3.9211520119405847
2021-04-11,4.628758888563834
2021-04-12,5.334384698428066
2021-04-13,4.867287939998743
2021-04-14,6.273715199132026
2021-04-15,6.865569479653939
2021-04-16,6.000879405110197
2021-04-17,9.616835239741434
2021-04-18,7.650072784356621
2021-04-19,4.132886178882826
2021-04-20,3.5895243321308032
2021-04-21,5.955603409755757
2021-04-22,6.675283013780916
2021-04-23,4.651083087497481
2021-04-24,5.328230228925162
2021-04-25,6.1739112662918405
2021-04-26,7.964151034759833
2021-04-27,9.279275325232863
2021-04-28,10.52261876594641
2021-04-29,12.262780271298888
2021-04-30,13.874000210318638
2021-05-01,14.761917767567821
2021-05-02,15.651034140097453
2021-05-03,17.707380025315228
2021-05-04,19.116018502947448
2021-05-05,20.822981797662724
2021-05-06,27.493506473251717
2021-05-07,33.73785526746265
2021-05-08,45.46631811790754
2021-05-09,61.20532538719183
2021-05-10,75.58950457865109
2021-05-11,83.50674116539166
2021-05-12,86.31176482801344
2021-05-13,60.93645071686409
2021-05-14,55.672509421116004
2021-05-15,52.7782232699514
2021-05-16,60.809127002077915
2021-05-17,86.86183333821299
2021-05-18,94.60763350675875
2021-05-19,108.84335511027308
2021-05-20,100.01129724460787
2021-05-21,83.38768616948346
2021-05-22,83.07378759826074
2021-05-23,42.38993319079425
2021-05-24,58.21268757486023
2021-05-25,48.043055253373694
2021-05-26,66.09015414571647
2021-05-27,87.67573687900214
2021-05-28,111.68662124241821
2021-05-29,136.53096213101892
2021-05-30,155.15818264214872
2021-05-31,153.12229508702455
2021-06-01,142.01487007111527
2021-06-02,150.12989947315225
2021-06-03,153.35506898846248
2021-06-04,160.66191413315644
2021-06-05,158.224696947101
2021-06-06,161.0327124700498
2021-06-07,164.34077164349605
2021-06-08,173.26666574891593
2021-06-09,180.09897839629323
2021-06-10,177.40551606665787
2021-06-11,173.82576715378642
2021-06-12,175.82180500362148
2021-06-13,170.87008054082597
2021-06-14,141.7606780891617
2021-06-15,109.56130373011172
2021-06-16,81.78634445412337
2021-06-17,86.57102441288829
2021-06-18,64.7989204190744
2021-06-19,70.72070166321065
2021-06-20,88.77540030474319
2021-06-21,95.8620938692425
2021-06-22,81.58737013212898
2021-06-23,78.14772962104601
2021-06-24,84.48794169155704
2021-06-25,86.08000189524287
2021-06-26,92.19074745433154
2021-06-27,93.99768719046438
2021-06-28,102.65685846031296
2021-06-29,100.00839336172622
2021-06-30,105.1006155755736
2021-07-01,104.77350873847074
2021-07-02,96.93957363828724
2021-07-03,84.89781449507258
2021-07-04,77.96865226553722
2021-07-05,80.26104019585198
2021-07-06,92.71203968362042
2021-07-07,86.3809823488415
2021-07-08,77.06375568186233
2021-07-09,71.70443083729742
2021-07-10,74.90516493312431
2021-07-11,77.04735555725502
2021-07-12,92.84416983745918
2021-07-13,93.64730421671392
2021-07-14,96.65730290974619
2021-07-15,75.284570770214
2021-07-16,64.50568030615352
2021-07-17,61.99410543008618
2021-07-18,60.66335516787481
2021-07-19,78.4653275162931
2021-07-20,137.82174932994678
2021-07-21,71.63593643637118
2021-07-22,50.58377063909876
2021-07-23,40.27666927518362
2021-07-24,45.169153367939856
2021-07-25,49.81289904810048
2021-07-26,48.613901054011826
2021-07-27,53.891003088864906
2021-07-28,77.79681955500703
2021-07-29,64.95597018764956
2021-07-30,58.48680625961109
2021-07-31,47.2701264019544
2021-08-01,53.369476986376945
2021-08-02,43.409931980716244
2021-08-03,28.879851413759226
2021-08-04,32.6291109731384
2021-08-05,32.270687696710205
2021-08-06,26.40662256380653
2021-08-07,25.081249453448763
2021-08-08,24.28456499326754
2021-08-09,23.113933298656477
2021-08-10,19.975503720766753
2021-08-11,20.131884107694887
2021-08-12,20.77620448082246
2021-08-13,19.978540158637024
2021-08-14,26.416780508258466
2021-08-15,23.150140499871434
2021-08-16,15.394941131076681
2021-08-17,12.307500040092885
2021-08-18,11.682037122971288
2021-08-19,12.446794934461218
2021-08-20,15.20481049262133
2021-08-21,15.507035574649327
2021-08-22,17.76041422646273
2021-08-23,18.0941284315697
2021-08-24,15.585450432581062
2021-08-25,14.858064299303242
2021-08-26,15.737616237523214
2021-08-27,19.54619363194294
2021-08-28,22.25759583545083
2021-08-29,15.904752112326085
2021-08-30,12.803440252552726
2021-08-31,17.059612424072675
2021-09-01,17.570784075587394
2021-09-02,12.364054269139093
2021-09-03,11.803879642230918
2021-09-04,11.585050658180423
2021-09-05,9.858803382355207
2021-09-06,9.550328812828536
2021-09-07,10.233644110490294
2021-09-08,11.41094329579203
2021-09-09,11.826860286258885
2021-09-10,16.818535405667678
2021-09-11,24.383432371067055
2021-09-12,18.590012270080692
2021-09-13,12.730429210616093
2021-09-14,9.70027749899263
2021-09-15,8.750579532286995
2021-09-16,7.662850051804206
2021-09-17,7.278110436583853
2021-09-18,7.136451252535278
2021-09-19,7.441645071670123
2021-09-20,9.641095708551656
2021-09-21,12.207365678747491
2021-09-22,12.103260909079328
2021-09-23,10.843150012399628
2021-09-24,9.576211041511563
2021-09-25,7.884021020472487
2021-09-26,7.020129863333465
2021-09-27,6.826517477076427
2021-09-28,7.17099798521136
2021-09-29,6.855324371429345
2021-09-30,7.209249721547845
2021-10-01,9.525470884231952
2021-10-02,13.84638422777986
2021-10-03,11.025655316619892
2021-10-04,10.040611558027706
2021-10-05,9.05326816468117
2021-10-06,7.744362365344868
2021-10-07,7.105991852641399
2021-10-08,7.712034522457159
2021-10-09,7.5465374646671854
2021-10-10,9.016407783263746
2021-10-11,8.823360465036012
2021-10-12,7.51504257073736
2021-10-13,7.221118519856943
2021-10-14,6.846509819868591
2021-10-15,6.606205707821345
2021-10-16,7.026980404212485
2021-10-17,9.281111996343327
2021-10-18,8.748657633364198
2021-10-19,6.736927974457835
2021-10-20,6.058096783074971
2021-10-21,6.09567574669479
2021-10-22,9.083198363187849
2021-10-23,6.183771383382528
2021-10-24,5.946929588997914
2021-10-25,5.151421193055371
2021-10-26,4.911239929409584
2021-10-27,4.903558366438922
2021-10-28,4.863112859267232
2021-10-29,4.920330414548516
2021-10-30,4.75447271715338
2021-10-31,4.658362618154461
2021-11-01,4.747559534824067
2021-11-02,4.609988100264295
2021-11-03,4.485184568605006
2021-11-04,4.480866634714254
2021-11-05,5.190439869594921
2021-11-06,4.361524692404218
2021-11-07,4.224050876775793
2021-11-08,4.222192043752653
2021-11-09,4.233207117641963
2021-11-10,4.2624070511583
2021-11-11,4.1572019205008655
2021-11-12,4.062954800415273
2021-11-13,4.007434703015231
2021-11-14,3.9954641698549196
2021-11-15,3.89660573254029
2021-11-16,3.8043038906346966
2021-11-17,3.882300707376471
2021-11-18,3.967950269207359
2021-11-19,3.8125126956286395
2021-11-20,3.7592455573453063
2021-11-21,3.719921008307558
2021-11-22,3.6384855986810187
2021-11-23,3.5878170653812465
2021-11-24,3.713600134918938
2021-11-25,3.68202863078126
2021-11-26,3.493643395230172
2021-11-27,3.539469246138983
2021-11-28,3.449113185820625
2021-11-29,3.4178798789852385
2021-11-30,3.340898290470096
2021-12-01,3.3676448511215393
2021-12-02,3.3970278722106237
2021-12-03,3.353889022972069
2021-12-04,3.4320572472524407
2021-12-05,4.542042152766213
2021-12-06,3.328193789501401
2021-12-07,3.1093298369799443
2021-12-08,3.0963837915520167
2021-12-09,3.0454157583926813
2021-12-10,2.9932517254104223
2021-12-11,2.9768936040939074
2021-12-12,2.990261401813114
2021-12-13,2.966458739595962
2021-12-14,3.0679351889327484
2021-12-15,2.9113938305234797
2021-12-16,2.8258345337986346
2021-12-17,2.783897898506885
2021-12-18,2.7584565199327247
2021-12-19,2.759683149088833
2021-12-20,2.7806081812463566
2021-12-21,2.7651410011793764
2021-12-22,2.750388786087142
2021-12-23,2.8773399559890507
2021-12-24,2.7482362717463102
2021-12-25,2.6324346290463057
2021-12-26,2.745566269645795
2021-12-27,2.861423909371976
2021-12-28,2.567875394908092
2021-12-29,2.513609936343981
2021-12-30,2.500282187781791
2021-12-31,2.486908775794449
2022-01-01,2.461172931528121
2022-01-02,2.503487339601212
2022-01-03,2.5336875796025877
2022-01-04,3.211992909551107
2022-01-05,3.806953251128102
2022-01-06,2.668605179887484
2022-01-07,6.287071342517932
2022-01-08,5.350114919530119
2022-01-09,2.4355592775870765
2022-01-10,2.288896940487856
2022-01-11,2.2709592089495243
2022-01-12,2.2550468253665703
2022-01-13,2.2611296381509183
2022-01-14,2.247599376803812
2022-01-15,2.2461772339893327
2022-01-16,2.2817701422043304
2022-01-17,2.443957000795533
2022-01-18,2.3376711621478785
2022-01-19,2.9383594305272775
2022-01-20,2.2860202082231935
2022-01-21,2.345497502795621
2022-01-22,2.8827415353162027
2022-01-23,3.869090059801348
2022-01-24,2.3820908131333542
2022-01-25,2.184411355385593
2022-01-26,2.139084360346782
2022-01-27,2.108914255708749
2022-01-28,2.1067189209893624
2022-01-29,2.131219256515888
2022-01-30,2.1261619502240237
2022-01-31,2.2193703772609723
2022-02-01,2.1546903793060883
2022-02-02,2.1795822350710035
2022-02-03,2.2434346821889597
2022-02-04,2.107787154421356
2022-02-05,2.0592385003087577
2022-02-06,2.2269560151970853
2022-02-07,2.4429587684096963
2022-02-08,2.2169447006621206
2022-02-09,2.112966301182614
2022-02-10,2.020878142286456
2022-02-11,1.9871800753781028
2022-02-12,1.9871955936738093
2022-02-13,1.995207231630589
2022-02-14,2.0121452049918314
2022-02-15,2.1390341002421063
2022-02-16,2.1779694643638594
2022-02-17,2.139006010464886
2022-02-18,2.086755867324331
2022-02-19,2.113940942068311
2022-02-20,2.1270773757906496
2022-02-21,2.1696550110318493
2022-02-22,2.4306340152142103
2022-02-23,8.507046820340204
2022-02-24,3.6772139136551667
2022-02-25,3.478288256303937
2022-02-26,2.9318665535864867
2022-02-27,2.205351929775641
2022-02-28,2.145808783860184
2022-03-01,2.366384945371571
2022-03-02,2.2891130561629938
2022-03-03,2.4860358479852764
2022-03-04,2.412416997939057
2022-03-05,2.4124347616936634
2022-03-06,5.334751995842829
2022-03-07,5.8103715108488405
2022-03-08,2.5010289632660494
2022-03-09,2.9994418588083454
2022-03-10,3.1932692055097407
2022-03-11,3.056109876587402
2022-03-12,3.3969824548226355
2022-03-13,3.666822964676164
2022-03-14,4.544434456242359
2022-03-15,5.1022708929490825
2022-03-16,5.052441831459019
2022-03-17,5.329121334032682
2022-03-18,6.6767408193034345
2022-03-19,7.975217061175721
2022-03-20,6.67521249808225
2022-03-21,4.805582111485886
2022-03-22,4.767030656973227
2022-03-23,5.063338828627384
2022-03-24,5.438334862464198
2022-03-25,4.628356266350432
2022-03-26,4.761000903191812
2022-03-27,6.128267356388123
2022-03-28,10.318717665502838
2022-03-29,11.042664814141443
2022-03-30,12.214135579078226
2022-03-31,12.217142595153522
2022-04-01,13.225689504624293
2022-04-02,16.495672036108424
2022-04-03,17.316480076802407
2022-04-04,20.12652207374864
2022-04-05,24.101897163338517
2022-04-06,26.10041358850019
2022-04-07,28.430935319856417
2022-04-08,31.11153054525161
2022-04-09,32.553358375850856
2022-04-10,33.42182512411882
2022-04-11,35.6260491760776
2022-04-12,35.155502328327785
2022-04-13,37.190386293119936
2022-04-14,26.861974955156597
2022-04-15,26.770242153283423
2022-04-16,24.563695587166677
2022-04-17,22.1071510608728
2022-04-18,30.427895616352828
2022-04-19,36.48109356483406
2022-04-20,42.45701878746493
2022-04-21,27.25643669914673
2022-04-22,22.183694796687814
2022-04-23,15.992744890264433
2022-04-24,16.67940974738449
2022-04-25,20.588923463817046
2022-04-26,24.855498392364993
2022-04-27,29.82718381225405
2022-04-28,38.10862527374254
2022-04-29,43.28416610829823
2022-04-30,43.60034888252323
2022-05-01,47.173519506918986
2022-05-02,51.47111157147467
2022-05-03,58.89917355572041
2022-05-04,60.349557365776576
2022-05-05,57.354781642694974
2022-05-06,54.961395389272596
2022-05-07,58.18813745604792
2022-05-08,68.50772481228353
2022-05-09,76.62675740775818
2022-05-10,86.74145410513762
2022-05-11,95.75067160832229
2022-05-12,105.26912296910358
2022-05-13,99.13448839869136
2022-05-14,88.80022262779669
2022-05-15,84.19066284308394
2022-05-16,70.08644905725826
2022-05-17,57.5877276158216
2022-05-18,69.56894147328886
2022-05-19,72.66890128876501
2022-05-20,53.74651875563846
2022-05-21,45.43516594658
2022-05-22,40.69668371227442
2022-05-23,33.246724290115864
2022-05-24,39.79120080461545
2022-05-25,47.25836303913419
2022-05-26,60.49935572135683
2022-05-27,74.86164653283706
2022-05-28,87.05006329963604
2022-05-29,75.99684737430992
2022-05-30,63.34720003746593
2022-05-31,62.442972207405404
2022-06-01,53.906209809208924
2022-06-02,51.3811924608388
2022-06-03,55.10490002518191
2022-06-04,59.62683851998665
2022-06-05,69.8620296562492
2022-06-06,73.24753926516166
2022-06-07,81.74983525679755
2022-06-08,81.70989622858664
2022-06-09,74.92900569995533
2022-06-10,65.33009291219646
2022-06-11,64.40345465576681
2022-06-12,69.42024128064516
2022-06-13,66.63921647925
2022-06-14,57.392716699524556
2022-06-15,58.34841518462
2022-06-16,61.46639078867935
2022-06-17,59.32183897290746
2022-06-18,47.84838941468328
2022-06-19,34.62886009741506
2022-06-20,28.409565178713954
2022-06-21,31.020285542871726
2022-06-22,40.90017806495741
2022-06-23,32.81509541071515
2022-06-24,33.02423041571731
2022-06-25,35.980850540371804
2022-06-26,39.55424709482594
2022-06-27,43.72494616192931
2022-06-28,46.885274787656215
2022-06-29,49.32876968036824
2022-06-30,49.71591716321079
2022-07-01,51.649484542530814
2022-07-02,45.499317845439215
2022-07-03,43.88010556879729
2022-07-04,45.25662309487955
2022-07-05,49.120290045447526
2022-07-06,51.10580970929098
2022-07-07,50.93666633807272
2022-07-08,42.143299945034805
2022-07-09,47.55402736560097
2022-07-10,55.96472179298018
2022-07-11,42.24376069288333
2022-07-12,41.489970148887984
2022-07-13,44.31074029652805
2022-07-14,38.719524513177724
2022-07-15,42.56381952638064
2022-07-16,34.30522021376983
2022-07-17,26.49163789181586
2022-07-18,19.420668656094115
2022-07-19,20.967469608579215
2022-07-20,20.94469430199001
2022-07-21,17.528381382060395
2022-07-22,20.919422112113114
2022-07-23,21.34867176856188
2022-07-24,40.063311368029815
2022-07-25,47.78948694924074
2022-07-26,34.76461040378347
2022-07-27,40.037533974106985
2022-07-28,55.004883384777635
2022-07-29,48.90935946659133
2022-07-30,42.55972195634364
2022-07-31,42.12522457960045
2022-08-01,35.356517189164045
2022-08-02,21.262408309809725
2022-08-03,20.36842063682922
2022-08-04,16.88768628714422
2022-08-05,18.613804459148188
2022-08-06,22.155691410579244
2022-08-07,19.046572811930794
2022-08-08,22.177252625988103
2022-08-09,26.755817826515912
2022-08-10,28.60454137723382
2022-08-11,23.371940728656803
2022-08-12,37.55692005074198
2022-08-13,32.46809453575635
2022-08-14,31.512551136219894
2022-08-15,41.92704928664162
2022-08-16,69.21671733830634
2022-08-17,72.75545620829159
2022-08-18,48.113800067958586
2022-08-19,30.5150410622285
2022-08-20,34.872190507296814
2022-08-21,44.689006712988906
2022-08-22,31.139206039796
2022-08-23,31.281445319154383
2022-08-24,46.77116696247285
2022-08-25,68.55118094039901
2022-08-26,74.39881630120618
2022-08-27,60.10021752351346
2022-08-28,41.21406918772878
2022-08-29,28.215464492142182
2022-08-30,19.408497766419963
2022-08-31,17.747527421134365
2022-09-01,18.12970262282327
2022-09-02,16.972742027373
2022-09-03,14.076740936098586
2022-09-04,14.667089287301197
2022-09-05,18.53545686229333
2022-09-06,14.7078623803442
2022-09-07,14.925924722645796
2022-09-08,15.165525230115234
2022-09-09,14.865562402325514
2022-09-10,17.868592515127627
2022-09-11,22.0958222951521
2022-09-12,18.84219232578487
2022-09-13,15.08071384145057
2022-09-14,13.362723540620614
2022-09-15,12.29698189507586
2022-09-16,11.06154889984458
2022-09-17,15.644097530308596
2022-09-18,11.416754847553143
2022-09-19,10.028125258250272
2022-09-20,10.216976707253387
2022-09-21,12.63705501476047
2022-09-22,10.969455761820363
2022-09-23,10.193987502077336
2022-09-24,13.279113249203156
2022-09-25,17.744318908536993
2022-09-26,11.955914732441302
2022-09-27,9.730168428673757
2022-09-28,11.552124320883664
2022-09-29,10.685302145830269
2022-09-30,9.829011233048703
2022-10-01,13.557919238193653
2022-10-02,13.51674185097218
2022-10-03,12.231643021347772
2022-10-04,11.96332974432439
2022-10-05,10.935654571835027
2022-10-06,11.623775850039195
2022-10-07,11.231178428269196
2022-10-08,9.789035916255385
2022-10-09,9.033798469153826
2022-10-10,11.031833923673798
2022-10-11,11.457232557784982
2022-10-12,10.782425589969057
2022-10-13,9.17424167835829
2022-10-14,8.043655833594652
2022-10-15,8.121176209877808
2022-10-16,8.299517433367235
2022-10-17,8.19601274329585
2022-10-18,8.3578551130625
2022-10-19,9.188871841695088
2022-10-20,8.393962141528135
2022-10-21,7.2760244066589665
2022-10-22,6.999303061602745
2022-10-23,7.189126521436605
2022-10-24,7.1358190759212965
2022-10-25,7.2868592920183515
2022-10-26,7.293389488581346
2022-10-27,7.300500011466001
2022-10-28,6.6271891027762075
2022-10-29,7.587749320633854
2022-10-30,7.863400830806911
2022-10-31,8.162598535279722
2022-11-01,7.98693246932006
2022-11-02,6.429759083688259
2022-11-03,6.922164206389409
2022-11-04,6.807941649656962
2022-11-05,6.983797230177063
2022-11-06,6.906870779555803
2022-11-07,7.2881560196406125
2022-11-08,5.671880897558203
2022-11-09,7.254535225596208
2022-11-10,5.618115425570046
2022-11-11,5.096494890325794
2022-11-12,4.960615878468202
2022-11-13,5.0631477858542455
2022-11-14,5.792702968882435
2022-11-15,4.815569161492235
2022-11-16,4.735276338406931
2022-11-17,4.629039803428538
2022-11-18,4.665589025043248
2022-11-19,4.6829112107518505
2022-11-20,4.512633477706533
2022-11-21,4.408908631784073
2022-11-22,4.3612181995429244
2022-11-23,4.320899647649598
2022-11-24,4.322026256822487
2022-11-25,4.349586426620096
2022-11-26,4.3515836892247775
2022-11-27,4.218832268887292
2022-11-28,4.1413449701725265
2022-11-29,4.133375352701424
2022-11-30,4.096440410358359
2022-12-01,4.064389040014323
2022-12-02,4.087283830264328
2022-12-03,4.02300836269324
2022-12-04,3.856478326446285
2022-12-05,3.8288526547013557
2022-12-06,3.8275381058637126
2022-12-07,3.7554617551904084
2022-12-08,3.8751242865132625
2022-12-09,4.128340380814147
2022-12-10,3.904697756721254
2022-12-11,3.6511586881370506
2022-12-12,3.6612678803868746
2022-12-13,3.595901495693066
2022-12-14,3.545839332738051
2022-12-15,3.51932358258203
2022-12-16,3.4874660088735494
2022-12-17,3.4735430838540204
2022-12-18,3.419413436058104
2022-12-19,3.3552728723734617
2022-12-20,3.3180198173239552
2022-12-21,3.282742154017529
2022-12-22,3.2576226162048547
2022-12-23,3.2294794843258225
2022-12-24,3.190574699413835
2022-12-25,3.158853752859959
2022-12-26,3.142424046211676
2022-12-27,3.109415151427189
2022-12-28,3.0804521105453073
2022-12-29,3.466290690771797
2022-12-30,3.3172375352834096
2022-12-31,3.0700196364127526
2023-01-01,3.0579623344189972
2023-01-02,2.9858005746103373
2023-01-03,2.95016094648882
2023-01-04,2.9285249505703352
2023-01-05,2.9077709804562946
2023-01-06,2.8956585404846584
2023-01-07,2.900784154557712
2023-01-08,3.250978155565613
2023-01-09,3.182619289374526
2023-01-10,2.8715106488150703
2023-01-11,3.7690199557984028
2023-01-12,3.7289626627503063
2023-01-13,2.8644369068610325
2023-01-14,2.6765896601419823
2023-01-15,2.6490665718620914
2023-01-16,2.6268035318081573
2023-01-17,2.6057447553046202
2023-01-18,2.5878451924771073
2023-01-19,2.633435196728975
2023-01-20,2.7091732990507986
2023-01-21,2.7363074220242165
2023-01-22,2.7918385167113113
2023-01-23,2.665520676992395
2023-01-24,2.8311686476436897
2023-01-25,2.7249008254312437
2023-01-26,2.490968891788349
2023-01-27,2.45551041534134
2023-01-28,2.430338244753725
2023-01-29,2.7752171001999724
2023-01-30,4.575557581729747
2023-01-31,2.5637505640732314
2023-02-01,2.4107227873751054
2023-02-02,2.4483972593374976
2023-02-03,2.6903683772347144
2023-02-04,2.708225486442157
2023-02-05,2.6099779665251
2023-02-06,3.1561433619801322
2023-02-07,2.4408164347649794
2023-02-08,2.418567516187243
2023-02-09,3.56529948726004
2023-02-10,4.4787581448644085
2023-02-11,2.5438459574628394
2023-02-12,2.38761683230964
2023-02-13,2.4124949384261574
2023-02-14,2.449945633562611
2023-02-15,2.522553781770608
2023-02-16,2.6547239055017053
2023-02-17,2.804569655547249
2023-02-18,2.9091298092558406
2023-02-19,3.6789281575118795
2023-02-20,7.140001342887532
2023-02-21,3.3292436865907082
2023-02-22,3.0072162968709186
2023-02-23,3.186059092777765
2023-02-24,3.413900513968923
2023-02-25,3.1926595368039083
2023-02-26,4.101023554341758
2023-02-27,3.602806087196164
2023-02-28,3.2845715883900137
2023-03-01,3.941845629240074
2023-03-02,4.863905341769839
2023-03-03,4.265953834340268
2023-03-04,3.777342356376204
2023-03-05,4.05412497309347
2023-03-06,3.9311557439466323
2023-03-07,4.0520896902344425
2023-03-08,4.073093343423861
2023-03-09,4.173779580073762
2023-03-10,4.475761838542189
2023-03-11,4.549314475037598
2023-03-12,4.041532393720219
2023-03-13,4.795787569887788
2023-03-14,4.485902538435424
2023-03-15,4.510346035221041
2023-03-16,4.339128986760681
2023-03-17,4.848675855146903
2023-03-18,4.559899642468229
2023-03-19,4.566682905729349
2023-03-20,4.578393924561347
2023-03-21,4.451756444748707
2023-03-22,4.318107271986991
2023-03-23,4.4178372597102715
2023-03-24,3.995614746987235
2023-03-25,4.810570261758916
2023-03-26,4.318985463846844
2023-03-27,4.3379942551620445
2023-03-28,4.5396424177741865
2023-03-29,5.399766277711766
2023-03-30,6.102392634734802
2023-03-31,6.299759253961781
2023-04-01,7.0326866773778915
2023-04-02,5.8680946077348
2023-04-03,6.225666065506783
2023-04-04,5.5888927974025995
2023-04-05,3.7380303554127328
2023-04-06,4.183894639805542
2023-04-07,3.5701452579860615
2023-04-08,3.858002748734811
2023-04-09,4.475844629569089
2023-04-10,5.956037019237
2023-04-11,6.94912759574751
2023-04-12,8.045920592988388
2023-04-13,8.899807806586955
2023-04-14,9.970772208295326
2023-04-15,11.002471431352049
2023-04-16,8.742504417264431
2023-04-17,12.184741906489382
2023-04-18,24.267707369023686
2023-04-19,15.13662035316959
2023-04-20,9.436341287111679
2023-04-21,5.737921071578475
2023-04-22,4.480637801854926
2023-04-23,5.632689557954961
2023-04-24,6.379789124882102
2023-04-25,8.635346045889253
2023-04-26,12.937323952670777
2023-04-27,13.252085638973936
2023-04-28,11.135583729453971
2023-04-29,10.900926478754945
2023-04-30,12.307563520715963
2023-05-01,16.000435651626947
2023-05-02,18.95044730369951
2023-05-03,19.61567691472524
2023-05-04,18.990472297461743
2023-05-05,21.0682678809426
2023-05-06,12.700122250426634
2023-05-07,11.020212531294305
2023-05-08,7.9641501639987915
2023-05-09,6.79944157068636
2023-05-10,7.754038714529836
2023-05-11,9.985804942491304
2023-05-12,12.971521695433003
2023-05-13,16.884183727438543
2023-05-14,24.11410380032132
2023-05-15,24.98664922552804
2023-05-16,23.785585175133225
2023-05-17,32.48793849145958
2023-05-18,28.574237851783927
2023-05-19,31.736546958405892
2023-05-20,29.379514449973602
2023-05-21,32.71775358775814
2023-05-22,40.186042760411176
2023-05-23,40.64665817759347
2023-05-24,45.41928623767166
2023-05-25,41.424620402699325
2023-05-26,27.328245615257934
2023-05-27,16.724895806084643
2023-05-28,16.74938805921406
2023-05-29,24.76157374704878
2023-05-30,42.719136141934534
2023-05-31,42.98006066221232
2023-06-01,44.56739102355845
2023-06-02,37.149011564327786
2023-06-03,33.76193740113326
2023-06-04,40.70895571005987
2023-06-05,47.432115810678575
2023-06-06,61.036687873055506
2023-06-07,77.94932398085359
2023-06-08,90.71334190116652
2023-06-09,96.8073701788325
2023-06-10,104.75107645254363
2023-06-11,114.4887314126918
2023-06-12,122.35850052837209
2023-06-13,133.28854068700298
2023-06-14,141.96439697786278
2023-06-15,144.8672581656233
2023-06-16,150.30143788073437
2023-06-17,161.92650652731606
2023-06-18,175.0297942676527
2023-06-19,172.83209683345817
2023-06-20,171.0966098571743
2023-06-21,177.7220895491175
2023-06-22,192.9061053892525
2023-06-23,208.80879791630247
2023-06-24,210.1431383070188
2023-06-25,230.0628295063167
2023-06-26,241.33585814880394
2023-06-27,229.2439720073021
2023-06-28,208.02788771044666
2023-06-29,219.97606012398273
2023-06-30,180.19536816351402
2023-07-01,170.22589661739025
2023-07-02,151.37054560975565
2023-07-03,147.63662880415123
2023-07-04,150.14612763062416
2023-07-05,124.98759645110405
2023-07-06,124.8099066611891
2023-07-07,98.43262743559093
2023-07-08,91.98691414299552
2023-07-09,82.78033052422836
2023-07-10,59.667676952313286
2023-07-11,60.11944335363807
2023-07-12,63.14142180501543
2023-07-13,67.30711758059321
2023-07-14,84.62368535910761
2023-07-15,111.25666951282933
2023-07-16,126.22215620161705
2023-07-17,137.1936393122242
2023-07-18,128.59382818678725
2023-07-19,126.72431263547095
2023-07-20,129.83526480694624
2023-07-21,131.4190049658876
2023-07-22,136.4368361040951
2023-07-23,115.19259432337296
2023-07-24,96.91797426905406
2023-07-25,87.9791324311466
2023-07-26,85.04781350835273
2023-07-27,81.04920796306408
2023-07-28,89.49666689059094
2023-07-29,75.12748250199449
2023-07-30,51.458936969307715
2023-07-31,49.70114550299795
2023-08-01,42.2467240424644
2023-08-02,41.48848989502177
2023-08-03,40.35685478857922
2023-08-04,39.348573395200795
2023-08-05,45.457131273891115
2023-08-06,47.91823127242716
2023-08-07,45.18399580359166
2023-08-08,25.02593556009963
2023-08-09,19.923675769158443
2023-08-10,22.340215040641095
2023-08-11,24.95972337419642
2023-08-12,20.807696314112235
2023-08-13,19.1831521070471
2023-08-14,26.494041095856637
2023-08-15,19.67816905745981
2023-08-16,17.449123352707606
2023-08-17,17.47306748467187
2023-08-18,15.684082164177116
2023-08-19,15.684414188994786
2023-08-20,13.645710131891226
2023-08-21,13.277496158594586
2023-08-22,15.955986493635992
2023-08-23,20.53405846170349
2023-08-24,26.293944648010463
2023-08-25,23.430914638498262
2023-08-26,21.496382967090486
2023-08-27,19.962915744296485
2023-08-28,15.655738400521813
2023-08-29,12.574958980558263
2023-08-30,9.84873499345838
2023-08-31,9.295241224970313
2023-09-01,9.782504415789655
2023-09-02,14.608409109280688
2023-09-03,14.984507057509003
2023-09-04,12.626096475186445
2023-09-05,12.998336325352094
2023-09-06,12.009447942294313
2023-09-07,10.991197705305382
2023-09-08,9.317503563489991
2023-09-09,8.508885685931535
2023-09-10,8.000476412314407
2023-09-11,7.600865802461022
2023-09-12,7.742582219671094
2023-09-13,7.819488328651473
2023-09-14,9.661141112717054
2023-09-15,11.15493465327458
2023-09-16,10.544239361072867
2023-09-17,13.431985334642961
2023-09-18,13.950456823810349
2023-09-19,11.948935014133653
2023-09-20,10.168009560715914
2023-09-21,10.287494557643061
2023-09-22,10.461425146650452
2023-09-23,11.693328966514448
2023-09-24,12.830864037010894
2023-09-25,11.87561559880188
2023-09-26,9.786034732304664
2023-09-27,9.389271554931554
2023-09-28,9.535822213842875
2023-09-29,10.684936710761171
2023-09-30,9.951405356554126
2023-10-01,8.896383629512842
2023-10-02,11.536984191513529
2023-10-03,9.50925981583548
2023-10-04,8.744874585807032
2023-10-05,7.728529406967123
2023-10-06,9.053853304129019
2023-10-07,10.973436809294657
2023-10-08,10.733908056913341
2023-10-09,10.484146107382632
2023-10-10,8.809613628466337
2023-10-11,7.1851980767559755
2023-10-12,7.755159748528223
2023-10-13,8.453001046925774
2023-10-14,9.374604213654127
2023-10-15,8.234899262119734
2023-10-16,7.814782768005833
2023-10-17,7.734111111625739
2023-10-18,6.600355591471581
2023-10-19,6.126972197503871
2023-10-20,6.15742787902846
2023-10-21,6.294879029669309
2023-10-22,6.748976420121742
2023-10-23,6.32923228793284
2023-10-24,5.981479499116535
2023-10-25,5.932900908158399
2023-10-26,6.045315114854309
2023-10-27,6.332772876745927
2023-10-28,6.134497252939377
2023-10-29,6.520316461053698
2023-10-30,6.530998691931075
2023-10-31,6.28837824279406
2023-11-01,6.717758713078261
2023-11-02,6.937985053621965
2023-11-03,5.686404799472761
2023-11-04,5.369735938887677
2023-11-05,5.450561502795006
2023-11-06,5.416312866380407
2023-11-07,5.2986240338643675
2023-11-08,5.48939529295061
2023-11-09,5.738533548707617
2023-11-10,5.672167731149523
2023-11-11,5.360611415442596
2023-11-12,5.1815457330761046
2023-11-13,4.815854437623686
2023-11-14,4.587459837440764
2023-11-15,4.286831627033797
2023-11-16,4.459419088021796
2023-11-17,4.610762670796875
2023-11-18,4.852764492730302
2023-11-19,5.200696171980865
2023-11-20,4.420406269406281
2023-11-21,4.1680088959123
2023-11-22,4.265779210700124
2023-11-23,4.64031520680908
2023-11-24,4.173612016417526
2023-11-25,3.9841918541739356
2023-11-26,4.394136290456737
2023-11-27,4.59787356558384
2023-11-28,5.248234354215218
2023-11-29,4.237820380181075
2023-11-30,4.534197742214391
2023-12-01,4.598296748561897
2023-12-02,3.7361853189328142
2023-12-03,3.6220589829134004
2023-12-04,3.8679852557605985
2023-12-05,3.5919107819231715
2023-12-06,3.536936684208464
2023-12-07,3.438459007602697
2023-12-08,3.681981128330033
2023-12-09,3.4082874514235595
2023-12-10,3.281280954883378
2023-12-11,3.3975242165958166
2023-12-12,3.4112228304293817
2023-12-13,3.8461268564284437
2023-12-14,3.9992601111166017
2023-12-15,4.0233725954066335
2023-12-16,3.610818152867406
2023-12-17,3.590328231782597
2023-12-18,3.293854740897521
2023-12-19,3.5429066884532303
2023-12-20,4.049790339632075
2023-12-21,3.8791957342376278
2023-12-22,3.733038290228476
2023-12-23,3.751059105714744
2023-12-24,3.5969138319878025
2023-12-25,4.129385921096103
2023-12-26,3.7132194694569898
2023-12-27,3.2213125207771873
2023-12-28,2.864759942721207
2023-12-29,3.0247126827929534
2023-12-30,2.9959939049739455
2023-12-31,3.23568825945258
2024-01-01,2.6688869166827094
2024-01-02,2.6657854754331654
2024-01-03,2.708954690930013
2024-01-04,2.641503154223454
2024-01-05,2.5854856677572515
2024-01-06,2.628491612662582
2024-01-07,2.754728882299626
2024-01-08,2.8702818629277105
2024-01-09,3.0342523445758744
2024-01-10,2.8721108662439323
2024-01-11,3.2260554852000647
2024-01-12,3.604226297191253
2024-01-13,4.3986188099372585
2024-01-14,4.2415915051183
2024-01-15,3.789734642375626
2024-01-16,3.0220678876501075
2024-01-17,3.217993468031581
2024-01-18,2.7685163164474793
2024-01-19,2.8590701847976323
2024-01-20,2.8469922672007613
2024-01-21,2.5042258346343713
2024-01-22,2.81235549673438
2024-01-23,2.915342814460689
2024-01-24,2.5463268069002547
2024-01-25,2.4417898025655873
2024-01-26,3.0446853602049386
2024-01-27,3.302299728748553
2024-01-28,4.241480744177222
2024-01-29,3.9802648265718275
2024-01-30,2.9143977192540977
2024-01-31,2.778584692313099
2024-02-01,1.8470647192468825
2024-02-02,1.738030363246798
2024-02-03,1.7775073474528742
2024-02-04,1.8767279260737055
2024-02-05,1.708377424751719
2024-02-06,1.6487365991169316
2024-02-07,1.6319402849265168
2024-02-08,1.615394833172654
2024-02-09,1.613192910467294
2024-02-10,1.6059880372867281
2024-02-11,1.5933065161255069
2024-02-12,1.5900286045436767
2024-02-13,1.5920873521224546
2024-02-14,1.560804238148472
2024-02-15,1.633024951435771
2024-02-16,1.7927981014053016
2024-02-17,2.101922527569179
2024-02-18,3.269151735747708
2024-02-19,12.06107743991649
2024-02-20,2.4160077803859528
2024-02-21,1.5620731379106354
2024-02-22,1.4825068752117008
2024-02-23,1.4381732195031403
2024-02-24,1.4387999974446848
2024-02-25,1.4449949768390142
2024-02-26,1.4119910013843688
2024-02-27,1.5355288779545648
2024-02-28,1.5491586341979169
2024-02-29,1.4643464376236872
2024-03-01,3.580160961161349
2024-03-02,25.628932090797555
2024-03-03,4.3318532027085
2024-03-04,1.6213032427590857
2024-03-05,1.5092763246274454
2024-03-06,1.6043674161621169
2024-03-07,1.779543345815996
2024-03-08,1.7701484379961212
2024-03-09,1.6667242915168694
2024-03-10,1.6133885786229494
2024-03-11,1.8136861189323314
2024-03-12,2.1719046506300277
2024-03-13,4.211775204962961
2024-03-14,2.1414668863602713
2024-03-15,1.6462508439141161
2024-03-16,1.7450767092114567
2024-03-17,1.8817702617496255
2024-03-18,2.3102349611620103
2024-03-19,2.457214136089325
2024-03-20,2.705340047027258
2024-03-21,3.6417448045138032
2024-03-22,5.333737406960011
2024-03-23,2.8406497975117424
2024-03-24,3.3668060118076855
2024-03-25,3.3806711635862796
2024-03-26,3.346434507131869
2024-03-27,4.5473199158687825
2024-03-28,6.217619343817817
2024-03-29,7.860042902462037
2024-03-30,11.87920332899427
2024-03-31,3.8683441922726005
2024-04-01,2.4616713811880793
2024-04-02,2.5894206032960447
2024-04-03,3.9361692424498353
2024-04-04,2.9366353730798926
2024-04-05,3.8666687297324343
2024-04-06,3.6895280983883376
2024-04-07,4.603687483897684
2024-04-08,5.088728547205819
2024-04-09,6.290730639992686
2024-04-10,7.7766983755517245
2024-04-11,9.273100614905648
2024-04-12,8.814941126904358
2024-04-13,12.212186810403475
2024-04-14,14.050239241050162
2024-04-15,27.925672289254326
2024-04-16,8.600757224689804
2024-04-17,5.161716608264866
2024-04-18,13.093320615863531
2024-04-19,17.417382205416477
2024-04-20,15.101390590526009
2024-04-21,13.9637996292947
2024-04-22,17.654846899152968
2024-04-23,18.076884552120582
2024-04-24,21.086164227354477
2024-04-25,24.201836491938593
2024-04-26,28.707938448931376
2024-04-27,24.085429421103754
2024-04-28,21.681444869168555
2024-04-29,17.698927524057673
2024-04-30,6.939465828795055
2024-05-01,6.855333731747144
2024-05-02,8.582304377408308
2024-05-03,10.254761717578067
2024-05-04,19.87432393632537
2024-05-05,20.037750031017502
2024-05-06,24.383143325902388
2024-05-07,28.7927983429575
2024-05-08,31.438634995210396
2024-05-09,36.14101499352676
2024-05-10,36.571520887841174
2024-05-11,47.34646387327027
2024-05-12,37.302458036975835
2024-05-13,26.737567669138606
2024-05-14,29.558354649093797
2024-05-15,34.55680572293407
2024-05-16,42.537780680149524
2024-05-17,48.4253884032807
2024-05-18,51.25276103519337
2024-05-19,68.48326139504859
2024-05-20,77.74127078050492
2024-05-21,85.12866243123997
2024-05-22,96.04559622948949
2024-05-23,107.46721006846599
2024-05-24,132.52573303169783
2024-05-25,157.3392382779468
2024-05-26,160.3140451876629
2024-05-27,164.7102140465276
2024-05-28,162.4149572807638
2024-05-29,136.0277842041544
2024-05-30,112.87702593298668
2024-05-31,101.6898639899186
2024-06-01,95.43955742683914
2024-06-02,92.0554648361734
2024-06-03,106.37232241971681
2024-06-04,122.49786457594703
2024-06-05,111.60937774624018
2024-06-06,89.89333965286023
2024-06-07,54.67985139988798
2024-06-08,47.327798688177964
2024-06-09,56.28191496243734
2024-06-10,70.9327709032844
2024-06-11,94.9944791161401
2024-06-12,108.99001845773675
2024-06-13,125.70139358476834
2024-06-14,140.13082714380283
2024-06-15,145.08296771737577
2024-06-16,147.81975495980365
2024-06-17,156.8392573492711
2024-06-18,158.88071092882868
2024-06-19,147.3618735944597
2024-06-20,116.80172763140322
2024-06-21,113.04013454145664
2024-06-22,111.53208539275568
2024-06-23,111.95961994238786
2024-06-24,114.91432596238364
2024-06-25,114.26168503469836
2024-06-26,116.60088875116968
2024-06-27,121.89190924483177
2024-06-28,110.28811230788033
2024-06-29,107.25042224755033
2024-06-30,103.40921065656147
2024-07-01,88.94855208770902
2024-07-02,78.11299738479305
2024-07-03,72.19703821132295
2024-07-04,66.23699714689722
2024-07-05,65.67644577272527
2024-07-06,50.26149761659991
2024-07-07,40.62630187694495
2024-07-08,36.500183465689716
2024-07-09,30.10721630364949
2024-07-10,33.668877282738706
2024-07-11,31.764493672250236
2024-07-12,27.877992482534506
2024-07-13,31.070320542748345
2024-07-14,31.575933051445332
2024-07-15,27.829462709204837
2024-07-16,25.68923791611894
2024-07-17,24.80081740107169
2024-07-18,30.377651550562373
2024-07-19,27.08772941729895
2024-07-20,26.420117167982404
2024-07-21,25.76085790869798
2024-07-22,22.5650816212536
2024-07-23,21.25659333994139
2024-07-24,27.881654172449135
2024-07-25,17.780893397470013
2024-07-26,14.41065891114082
2024-07-27,14.804569954081781
2024-07-28,17.821237369641377
2024-07-29,43.05461037641792
2024-07-30,32.73477783565428
2024-07-31,36.75035913663312
2024-08-01,45.16637603058388
2024-08-02,28.038431404085433
2024-08-03,26.02757992684548
2024-08-04,44.36145467480606
2024-08-05,36.76303899823598
2024-08-06,29.125538286625165
2024-08-07,24.24188896665971
2024-08-08,15.75586272560644
2024-08-09,14.506303371489047
2024-08-10,15.542629232111512
2024-08-11,19.72234074753144
2024-08-12,16.470312382514578
2024-08-13,12.8661483487516
2024-08-14,14.189569554251497
2024-08-15,21.818122205912484
2024-08-16,26.55484612714864
2024-08-17,31.55873334390276
2024-08-18,31.846460736060834
2024-08-19,31.09785089304342
2024-08-20,25.73730002193913
2024-08-21,21.903425214921725
2024-08-22,17.635274970743293
2024-08-23,11.731015258282428
2024-08-24,10.675768825302242
2024-08-25,12.111682211279001
2024-08-26,13.178796255267132
2024-08-27,15.620280360028735
2024-08-28,24.199774179468864
2024-08-29,53.040789825578884
2024-08-30,47.53545728585884
2024-08-31,29.663194165057405
2024-09-01,27.432220993030313
2024-09-02,33.55187851801223
2024-09-03,30.34368494648269
2024-09-04,15.35296298240622
2024-09-05,10.209559485827588
2024-09-06,12.508599163796388
2024-09-07,13.905690915809549
2024-09-08,13.22622200921908
2024-09-09,13.509994161947104
2024-09-10,12.093183219725018
2024-09-11,10.495587695448414
2024-09-12,8.304402086109512
2024-09-13,9.20758987974156
2024-09-14,11.461671428163264
2024-09-15,10.390938105010523
2024-09-16,9.134537108052593
2024-09-17,9.222576936458552
2024-09-18,8.262969121961467
2024-09-19,8.737568314534204
2024-09-20,9.99193197817487
2024-09-21,8.144980695858305
2024-09-22,7.2374773603444
2024-09-23,6.9105914172953895
2024-09-24,6.756776018374983
2024-09-25,6.877301474653333
2024-09-26,10.951776669846437
2024-09-27,20.891363353830048
2024-09-28,12.549608396994426
2024-09-29,9.711277754224984
2024-09-30,8.424764011522715
2024-10-01,7.668757040327524
2024-10-02,7.478408751724399
2024-10-03,6.652736689143024
2024-10-04,6.833455800528038
2024-10-05,7.696818105635394
2024-10-06,9.124457262953126
2024-10-07,8.577843437898977
2024-10-08,10.948140309363897
2024-10-09,8.908821851497187
2024-10-10,7.422402099899803
2024-10-11,6.853290262131712
2024-10-12,6.6586262637347575
2024-10-13,6.906707891551595
2024-10-14,7.219416306503849
2024-10-15,6.539546746194505
2024-10-16,7.109286255009619
2024-10-17,7.622154102941933
2024-10-18,7.513303595591411
2024-10-19,6.316490001750056
2024-10-20,6.12116922103599
2024-10-21,5.961294887032291
2024-10-22,6.144176910204039
2024-10-23,6.863089385796706
2024-10-24,8.068019412903514
2024-10-25,6.459044840197797
2024-10-26,6.60187740211978
2024-10-27,6.0776797188044185
2024-10-28,8.356112329172449
2024-10-29,8.731709617252147
2024-10-30,6.345842537663734
2024-10-31,5.479189951177325
2024-11-01,5.383299848868273
2024-11-02,5.683503423163703
2024-11-03,5.868383018467943
2024-11-04,5.56754592520495
2024-11-05,5.676569437673865
2024-11-06,5.842141096688365
2024-11-07,5.7711558340226885
2024-11-08,6.073841149893168
2024-11-09,6.066728236117199
2024-11-10,6.439669032029659
2024-11-11,6.32576538599005
2024-11-12,5.012664657334491
2024-11-13,4.561824430160078
2024-11-14,4.943674523040069
2024-11-15,5.35462916194662
2024-11-16,4.533097072340111
2024-11-17,4.026999181048834
2024-11-18,4.033431098102497
2024-11-19,3.9705866755917665
2024-11-20,3.9648625365221055
2024-11-21,3.962572841236696
2024-11-22,3.8231065715425716
2024-11-23,3.997647468205176
2024-11-24,4.0850103791583985
2024-11-25,3.933856954564359
2024-11-26,3.839655418781672
2024-11-27,3.6487912237790305
2024-11-28,3.568997570696998
2024-11-29,3.9259934681595543
2024-11-30,3.8102715873104724
2024-12-01,3.7834282780394837
2024-12-02,3.6734927769239043
2024-12-03,3.5745154186937165
2024-12-04,3.593557474827941
2024-12-05,3.517587289250655
2024-12-06,3.388106185731055
2024-12-07,3.257398066370218
2024-12-08,3.2064599834309493
2024-12-09,3.161044686539646
2024-12-10,3.381573080490616
2024-12-11,3.448866607920799
2024-12-12,3.2663477154302547
2024-12-13,3.143598889764033
2024-12-14,3.638793576932418
2024-12-15,3.7152455525071
2024-12-16,3.379158666087131
2024-12-17,3.015818613460833
2024-12-18,2.846254320113975
2024-12-19,2.956567076991731
2024-12-20,2.8696400888264173
2024-12-21,2.829783455267841
2024-12-22,2.776134329712859
2024-12-23,2.7457034248749124
2024-12-24,3.027648458512975
2024-12-25,2.829598930916366
2024-12-26,2.953628574910702
2024-12-27,2.9885261744772107
2024-12-28,2.892370859591985
2024-12-29,2.554913477548489
2024-12-30,2.617456294125057
2024-12-31,2.5203342450380912
2025-01-01,2.5139999577885153
2025-01-02,2.925650106428885
2025-01-03,2.7967061382773193
2025-01-04,2.894896556853372
2025-01-05,2.9571634790586208
2025-01-06,2.648521596134878
2025-01-07,2.3506574625149366
2025-01-08,2.3173328351886817
2025-01-09,2.294638964818681
2025-01-10,2.2783276939582
2025-01-11,2.282504189547663
2025-01-12,2.261433230961363
2025-01-13,2.232264430437457
2025-01-14,2.222836500618095
2025-01-15,2.217046124604988
2025-01-16,2.267718198716495
2025-01-17,2.1690594342044167
2025-01-18,2.1605199991999307
2025-01-19,2.2283140834201807
2025-01-20,2.5137259288964904
2025-01-21,2.222486674376562
2025-01-22,2.135628749583574
2025-01-23,2.059187785886666
2025-01-24,2.0106373027916633
2025-01-25,1.9924917584613846
2025-01-26,1.9939224973576606
2025-01-27,1.985566599659768
2025-01-28,1.9815102326665446
2025-01-29,2.1996619101029395
2025-01-30,1.9882414931029666
2025-01-31,1.9451857984686882
2025-02-01,2.0263759517494373
2025-02-02,1.911484175840137
2025-02-03,1.8939682416106567
2025-02-04,1.9768451449260407
2025-02-05,1.9319532138751996
2025-02-06,1.8410564900138509
2025-02-07,1.8020277886158411
2025-02-08,1.7991342164795192
2025-02-09,1.8028335696122808
2025-02-10,2.065575930373926
2025-02-11,2.2056709394297163
2025-02-12,1.8458269821005115
2025-02-13,1.7797843893588179
2025-02-14,1.7555580247412716
2025-02-15,1.7528928287327288
2025-02-16,1.925591461112103
2025-02-17,1.8157778116344825
2025-02-18,1.6934213587028126
2025-02-19,1.7552621661667154
2025-02-20,3.307360108437784
2025-02-21,1.8840019286044085
2025-02-22,1.8254783669048378
2025-02-23,1.8219769414222127
2025-02-24,1.816956017144463
2025-02-25,3.312745930400549
2025-02-26,11.324942977211492
2025-02-27,9.27707227187267
2025-02-28,3.596291311191139
2025-03-01,1.8579500159431324
2025-03-02,1.7558480882542395
2025-03-03,7.716514632996976
2025-03-04,2.2676283326219107
2025-03-05,1.8215517884375998
2025-03-06,1.8971119416256752
2025-03-07,1.9723284974329034
2025-03-08,1.9961031253139172
2025-03-09,2.0477325956464987
2025-03-10,4.569900383836787
2025-03-11,2.835147491919205
2025-03-12,2.926309334000974
2025-03-13,2.754365786931971
2025-03-14,2.8502929156682657
2025-03-15,3.548161104504092
2025-03-16,2.886215322479314
2025-03-17,2.6313145194056573
2025-03-18,2.6803921841450182
2025-03-19,2.8101331068020237
2025-03-20,3.1526367099626977
2025-03-21,3.0737811449622994
2025-03-22,3.1243208930553767
2025-03-23,3.2100851986118975
2025-03-24,2.9100368853439282
2025-03-25,3.6687265539505307
2025-03-26,4.277852736387912
2025-03-27,10.182913715859833
2025-03-28,3.154364655999577
2025-03-29,2.077321333441809
2025-03-30,2.1290981230782515
2025-03-31,2.2695594309190024
2025-04-01,2.3580959848767407
2025-04-02,2.659104252073401
2025-04-03,2.3647650502549094
2025-04-04,3.35228106799517
2025-04-05,3.769754633935642
2025-04-06,4.682046043872834
2025-04-07,6.111935989807051
2025-04-08,7.869142075266471
2025-04-09,13.997508451262236
2025-04-10,14.874516600195093
2025-04-11,14.687323494964078
2025-04-12,15.632476771498723
2025-04-13,15.380616288296142
2025-04-14,17.416792423924534
2025-04-15,20.766109753871213
2025-04-16,22.72512284440226
2025-04-17,33.36743302850018
2025-04-18,34.500210693248455
2025-04-19,32.70889949926415
2025-04-20,23.566176807500565
2025-04-21,8.54706479674022
2025-04-22,6.441756125305799
2025-04-23,7.704672833429834
2025-04-24,11.055927757502486
2025-04-25,11.747685491242544
2025-04-26,11.375553235616163
2025-04-27,16.1089916214639
2025-04-28,21.180814159142905
2025-04-29,25.75993708396586
2025-04-30,30.280030386661206
2025-05-01,35.817140815523906
2025-05-02,38.23066161559786
2025-05-03,43.25147704198664
2025-05-04,45.17165057877556
2025-05-05,48.645020898899006
2025-05-06,52.971967797299094
2025-05-07,56.84040091853669
2025-05-08,63.3846896760531
2025-05-09,63.021015201866916
2025-05-10,79.67594811645723
2025-05-11,81.09615684017614
2025-05-12,82.16300963242266
2025-05-13,96.12591859525912
2025-05-14,99.72182519204328
2025-05-15,97.98740165003522
2025-05-16,113.16045223792241
2025-05-17,137.6750054265866
2025-05-18,152.35650543758976
2025-05-19,162.2229448366655
2025-05-20,150.50759435925713
2025-05-21,161.15272006341348
2025-05-22,166.36865741683937
2025-05-23,165.93049627361347
2025-05-24,174.248072661989
2025-05-25,171.343087385193
2025-05-26,161.800959120333
2025-05-27,161.77134634407196
2025-05-28,135.88371504963027
2025-05-29,105.67739025806536
2025-05-30,64.16057614794404
2025-05-31,38.4681212043207
2025-06-01,30.480976800189595
2025-06-02,32.88965077094882
2025-06-03,34.64547771299805
2025-06-04,34.013289902965525
2025-06-05,40.89722527741074
2025-06-06,50.48036321096268
2025-06-07,72.5652924995577
2025-06-08,87.99475646130006
2025-06-09,101.7503948564112
2025-06-10,114.44302198008872
2025-06-11,120.86107217792208
2025-06-12,115.75078057738054
2025-06-13,119.37171364281254
2025-06-14,121.90719534415092
2025-06-15,118.45163086048672
2025-06-16,94.20205711770582
2025-06-17,105.75917928901083
2025-06-18,87.97897893559266
2025-06-19,73.97153177571788
2025-06-20,74.41877910887055
2025-06-21,85.2608090549342
2025-06-22,94.68949144348943
2025-06-23,87.68581333371507
2025-06-24,85.55652934439189
2025-06-25,89.93557861999548
2025-06-26,95.30538084512098
2025-06-27,86.78491163107695
2025-06-28,80.80689416964556
2025-06-29,71.64070910586443
2025-06-30,63.018225179064785
2025-07-01,63.08577158803885
2025-07-02,54.52437556292497
2025-07-03,44.173208972417264
2025-07-04,36.17463108588229
2025-07-05,39.70034061010706
2025-07-06,63.98347580510316
2025-07-07,31.956456787256027
2025-07-08,43.10693626744199
2025-07-09,35.57667018578333
2025-07-10,35.00783766077136
2025-07-11,29.248624515621096
2025-07-12,18.36158981861584
2025-07-13,17.100859100649163
2025-07-14,26.71427773619982
2025-07-15,41.89154293125899
2025-07-16,54.63961594755599
2025-07-17,54.78994431172076
2025-07-18,40.34271253303571
2025-07-19,38.64413042093319
2025-07-20,47.72644123511715
2025-07-21,58.49935861752901
2025-07-22,65.67464673543975
2025-07-23,45.13262016549707
2025-07-24,43.12559976086164
2025-07-25,49.798089253924374
2025-07-26,44.69855002107865
2025-07-27,33.710788646574095
2025-07-28,26.858498628846572
2025-07-29,25.26666714202101
2025-07-30,56.08657471837084
2025-07-31,41.86128035263686
2025-08-01,30.796342488531664
2025-08-02,39.55738348374325
2025-08-03,21.7646476990379
2025-08-04,18.179792571885915
2025-08-05,18.67563722673804
2025-08-06,19.015304814973017
2025-08-07,16.331022019165694
2025-08-08,15.068511547170147
2025-08-09,16.46481940841996
2025-08-10,19.54202315422396
2025-08-11,19.990831644913428
2025-08-12,22.49109265409116
2025-08-13,24.854031846007597
2025-08-14,43.00129507496659
2025-08-15,72.65553074473985
2025-08-16,42.62621824103684
2025-08-17,21.700317931299406
2025-08-18,76.68586806351068
2025-08-19,27.91140121601377
2025-08-20,15.59028936007297
2025-08-21,11.635164782624038
2025-08-22,11.133952261587863
2025-08-23,18.178143626736368
2025-08-24,33.01481521377235
2025-08-25,24.064793464534116
2025-08-26,37.92416651133518
2025-08-27,19.109482116785415
2025-08-28,17.064099494528545
2025-08-29,16.79159053184238
2025-08-30,16.556490204841207
2025-08-31,20.095376792922618
2025-09-01,20.376461547562023
2025-09-02,30.614705815896656
2025-09-03,33.239724317938055
2025-09-04,19.873606956910834
2025-09-05,19.90310364558417
2025-09-06,19.672962631949897
2025-09-07,20.133450663688734
2025-09-08,23.901959710663156
2025-09-09,23.796400830383377
2025-09-10,14.88216254651984
2025-09-11,11.708590092612248
2025-09-12,11.309889932999438
2025-09-13,11.362768825464972
2025-09-14,11.83856491118523
2025-09-15,11.303562882462254
2025-09-16,13.09017215502612
2025-09-17,10.69622862385038
2025-09-18,12.01003800812451
2025-09-19,11.748831910464691
2025-09-20,9.905365769747714
2025-09-21,8.737337496818284
2025-09-22,8.430027590487517
2025-09-23,8.57305213244011
2025-09-24,9.978518813103438
2025-09-25,9.805601261526936
2025-09-26,8.885307907057456
2025-09-27,7.94869999905281
2025-09-28,7.5709567498927
2025-09-29,8.298985614759076
2025-09-30,7.78748428428582
2025-10-01,7.862226957141184
2025-10-02,9.562682772259787
2025-10-03,10.857022907657958
2025-10-04,10.453478089091824
2025-10-05,10.254299069605034
2025-10-06,12.556928299396645
2025-10-07,9.56178056859939
2025-10-08,7.826514428046841
2025-10-09,7.692361489164772
2025-10-10,8.181428207453413
2025-10-11,8.035169437103992
2025-10-12,7.752663461118937
2025-10-13,8.089970224372601
2025-10-14,8.162591266058683
2025-10-15,8.322294540863984
2025-10-16,7.893549477681517
2025-10-17,7.826097528702194
2025-10-18,7.780446436000513
2025-10-19,8.156154753019402
2025-10-20,8.563703259745362
2025-10-21,8.990547614939073
2025-10-22,8.098089386968345
2025-10-23,7.556299278417637
2025-10-24,6.750753625763544
2025-10-25,7.134589142739479
2025-10-26,6.457776136199632
2025-10-27,6.762020377756328
2025-10-28,6.93183798720585
2025-10-29,6.320890856585374
2025-10-30,6.5002543483806035
2025-10-31,6.419906690994315
2025-11-01,6.714444674529574
2025-11-02,6.896441290556796
2025-11-03,6.611026943803708
2025-11-04,6.9511414768868205
2025-11-05,6.266128605333902
2025-11-06,5.096197774666633
2025-11-07,5.451231827959418
2025-11-08,5.533783596841723
2025-11-09,5.1217995931339555
2025-11-10,5.084374793856316
2025-11-11,5.029862996490269
2025-11-12,4.8289540162456115
2025-11-13,4.911350500839306
2025-11-14,4.864051024688807
2025-11-15,4.9569468692748595
2025-11-16,5.344421406773233
2025-11-17,6.622570932974274
2025-11-18,5.995599451712241
2025-11-19,5.686715868458736
2025-11-20,5.053026516531027
2025-11-21,4.947510611331635
2025-11-22,4.440620506635187
2025-11-23,4.338520379802756
2025-11-24,4.219995085142701
2025-11-25,4.1253175490188845
2025-11-26,3.8310039436262042
2025-11-27,4.023707441262458
2025-11-28,3.9853462245753586
2025-11-29,3.963327005637042
2025-11-30,4.028298595386978
2025-12-01,4.5760179813878175
2025-12-02,5.028881210863006
2025-12-03,4.254139938965147
2025-12-04,3.8412211357305424
2025-12-05,4.0741791013189985
2025-12-06,4.269318302147383
2025-12-07,4.623421350508639
2025-12-08,4.592838741919285
2025-12-09,3.760946437957534
2025-12-10,4.820621614158154
2025-12-11,3.51583134582376
2025-12-12,3.8011746402902924
2025-12-13,3.5954862501983524
2025-12-14,4.385543655151243
2025-12-15,4.3119006681822105
2025-12-16,3.991334253104001
2025-12-17,3.503134204805188
2025-12-18,3.4699940627623405
2025-12-19,3.5297122360773217
2025-12-20,3.5726243584325497
2025-12-21,4.046774852173583
2025-12-22,4.079025975541741
2025-12-23,2.6798932991848856
2025-12-24,2.5729432232970106
2025-12-25,2.5392550999262165
2025-12-26,2.4886828931523306
2025-12-27,2.432607060057275
2025-12-28,2.555294405446187
2025-12-29,2.549702507337811
2025-12-30,2.660528593758742
2025-12-31,2.92906413019872
