date,sca_km2
2000-02-24,0.0
2000-02-25,0.0
2000-02-26,69613.62366741376
2000-02-27,13529.596444369041
2000-02-28,35590.10554067731
2000-02-29,5582.327143033393
2000-03-01,33389.078637496146
2000-03-02,19211.538605927984
2000-03-03,20839.153925349998
2000-03-04,300.0612570295954
2000-03-05,52379.01038264076
2000-03-06,23321.813911264468
2000-03-07,20391.34739873095
2000-03-08,70111.94978869858
2000-03-09,13961.42632171452
2000-03-10,32022.711076541666
2000-03-11,1190.8094871995097
2000-03-12,22226.3357939761
2000-03-13,66965.13615685706
2000-03-14,59086.92504218454
2000-03-15,57248.184596388
2000-03-16,7413.597208854227
2000-03-17,17288.314451473954
2000-03-18,12640.710959105083
2000-03-19,54637.26095842775
2000-03-20,20036.959174689644
2000-03-21,31491.92384859947
2000-03-22,24850.962186271256
2000-03-23,0.0
2000-03-24,81038.41952874401
2000-03-25,71863.9431661856
2000-03-26,89360.75307368323
2000-03-27,46940.369557177124
2000-03-28,41957.71932742699
2000-03-29,14229.810348703275
2000-03-30,1170.4764417566792
2000-03-31,244.13431033284309
2000-04-01,22273.803241175134
2000-04-02,80659.4755734087
2000-04-03,32653.457606929223
2000-04-04,23672.528014929136
2000-04-05,41995.83916627407
2000-04-06,76173.91670774242
2000-04-07,1462.7130552784922
2000-04-08,16499.64060951759
2000-04-09,62804.50972423367
2000-04-10,90147.86232325502
2000-04-11,88289.26407182067
2000-04-12,91048.33198571567
2000-04-13,59324.908432318225
2000-04-14,2684.3757785558173
2000-04-15,41237.02215997698
2000-04-16,59258.3663367146
2000-04-17,52692.385194407
2000-04-18,19242.84512652498
2000-04-19,24290.443433435856
2000-04-20,38107.52188750554
2000-04-21,30735.919675036454
2000-04-22,21508.82000142251
2000-04-23,28242.607509021866
2000-04-24,44498.59782507871
2000-04-25,55508.58312655255
2000-04-26,0.0
2000-04-27,0.0
2000-04-28,0.0
2000-04-29,26507.186981096493
2000-04-30,42820.47702614789
2000-05-01,68344.67748230473
2000-05-02,71438.4056804494
2000-05-03,39260.29296843179
2000-05-04,7105.775627309205
2000-05-05,43722.99673852236
2000-05-06,56197.72893246023
2000-05-07,69690.30957891396
2000-05-08,59301.83574633447
2000-05-09,64936.129280082685
2000-05-10,56501.41561249641
2000-05-11,56594.9876284073
2000-05-12,38948.084149207505
2000-05-13,17585.365383312434
2000-05-14,34112.46542325109
2000-05-15,29657.269451182212
2000-05-16,30918.62336973924
2000-05-17,35835.546933307094
2000-05-18,33035.77807290933
2000-05-19,6475.960238172857
2000-05-20,16695.26206290547
2000-05-21,42120.50647917226
2000-05-22,29954.55038526397
2000-05-23,5937.75290176661
2000-05-24,17439.323070843635
2000-05-25,17256.282364906983
2000-05-26,22581.859120818444
2000-05-27,19454.879245251344
2000-05-28,20883.04736204442
2000-05-29,0.0
2000-05-30,1135.6254119838234
2000-05-31,19181.747597256468
2000-06-01,9835.139641233642
2000-06-02,18874.893579611275
2000-06-03,3063.439231914154
2000-06-04,18203.767376744676
2000-06-05,18271.470187138977
2000-06-06,23142.441416200614
2000-06-07,17764.90891266476
2000-06-08,5507.006425498779
2000-06-09,10112.480126562445
2000-06-10,7558.846726323847
2000-06-11,18900.663928751856
2000-06-12,36331.17821043265
2000-06-13,33208.920033658695
2000-06-14,25728.261686500355
2000-06-15,4075.394488046755
2000-06-16,25921.94027798744
2000-06-17,17436.303580603002
2000-06-18,18510.66557647106
2000-06-19,13153.090472124328
2000-06-20,5975.404352582665
2000-06-21,8388.335037444363
2000-06-22,3720.1685885323545
2000-06-23,12442.37159075319
2000-06-24,15184.180475602996
2000-06-25,18432.72233577311
2000-06-26,25179.985513894688
2000-06-27,22677.876130472734
2000-06-28,21372.32201178813
2000-06-29,9997.754270217774
2000-06-30,1880.8274445388465
2000-07-01,4627.667432147057
2000-07-02,3882.6494848818634
2000-07-03,5101.277639562746
2000-07-04,4582.299595205637
2000-07-05,7432.153124017587
2000-07-06,12010.85090331955
2000-07-07,10398.936673221324
2000-07-08,3327.8366967367033
2000-07-09,7140.625585331736
2000-07-10,8784.968488499448
2000-07-11,3646.2601577737155
2000-07-12,4985.417715084313
2000-07-13,1255.6097930596197
2000-07-14,2693.2391355223044
2000-07-15,3255.478735825123
2000-07-16,6680.586628355825
2000-07-17,2672.7663886308837
2000-07-18,8246.260964497184
2000-07-19,3169.8838940718147
2000-07-20,2769.176505969363
2000-07-21,7013.709207194361
2000-07-22,5551.945879041605
2000-07-23,1698.3102783275729
2000-07-24,1725.3535356518985
2000-07-25,5309.481300452267
2000-07-26,11336.592244709685
2000-07-27,12859.5073005951
2000-07-28,12343.289072524205
2000-07-29,9617.289103462197
2000-07-30,13743.460260062506
2000-07-31,3978.600118504902
2000-08-01,2141.5929161145227
2000-08-02,3564.4194408799017
2000-08-03,17847.788710494548
2000-08-04,20558.37899460827
2000-08-05,18216.559715511266
2000-08-06,-9999
2000-08-07,-9999
2000-08-08,-9999
2000-08-09,-9999
2000-08-10,-9999
2000-08-11,-9999
2000-08-12,-9999
2000-08-13,-9999
2000-08-14,-9999
2000-08-15,-9999
2000-08-16,-9999
2000-08-17,-9999
2000-08-18,0.0
2000-08-19,5449.454326673833
2000-08-20,4714.995803142096
2000-08-21,4231.594145000611
2000-08-22,2330.611756854842
2000-08-23,4799.867509355637
2000-08-24,13554.375075492095
2000-08-25,17851.52336917807
2000-08-26,10915.481773095647
2000-08-27,11478.572035305027
2000-08-28,18384.689555969497
2000-08-29,17301.40268035141
2000-08-30,12804.444431840015
2000-08-31,6022.722347461763
2000-09-01,7774.00798636342
2000-09-02,8019.61662132279
2000-09-03,10763.620803251964
2000-09-04,11790.997997813045
2000-09-05,6585.731132514894
2000-09-06,6389.3187236392805
2000-09-07,3823.359837036826
2000-09-08,6855.488772148653
2000-09-09,3492.4464838034914
2000-09-10,6071.574400836583
2000-09-11,20199.328555618944
2000-09-12,25244.645306250808
2000-09-13,12603.41505891238
2000-09-14,10980.826219008206
2000-09-15,19494.776198480704
2000-09-16,21831.465589918214
2000-09-17,18356.80272269088
2000-09-18,0.0
2000-09-19,15199.816802469935
2000-09-20,3478.0776976463835
2000-09-21,3083.3009723136047
2000-09-22,5018.363523901165
2000-09-23,8595.261847586216
2000-09-24,11421.73246912481
2000-09-25,10749.471035960845
2000-09-26,1631.410626555148
2000-09-27,14209.990542417452
2000-09-28,41630.27429252937
2000-09-29,35337.76565406004
2000-09-30,36031.43010042615
2000-10-01,13780.18400634314
2000-10-02,7163.318122658276
2000-10-03,23125.220617336352
2000-10-04,25294.42532492985
2000-10-05,3694.3322938332117
2000-10-06,3135.0441667552705
2000-10-07,2414.0701259413
2000-10-08,4927.925108071383
2000-10-09,4878.099193422063
2000-10-10,17612.968519836348
2000-10-11,31041.312512729477
2000-10-12,32376.67457377484
2000-10-13,21881.744121751235
2000-10-14,28465.235050951884
2000-10-15,39079.40229539881
2000-10-16,14094.933810317825
2000-10-17,11249.460505936764
2000-10-18,31425.06964182569
2000-10-19,11576.190333701847
2000-10-20,29509.67381260427
2000-10-21,28691.101536100476
2000-10-22,15407.261657167954
2000-10-23,7416.584531680703
2000-10-24,17952.54778767478
2000-10-25,20123.003052672473
2000-10-26,29594.190338248984
2000-10-27,0.0
2000-10-28,33327.54829108997
2000-10-29,32917.10651886494
2000-10-30,35643.52141469404
2000-10-31,29294.186550578597
2000-11-01,15674.459591810404
2000-11-02,12341.406996086936
2000-11-03,23500.409475793633
2000-11-04,22571.185793013552
2000-11-05,10350.309050335662
2000-11-06,915.5571489720589
2000-11-07,3778.9812496563127
2000-11-08,273.6123129049019
2000-11-09,15765.114805434978
2000-11-10,6200.871579301715
2000-11-11,1981.662699060233
2000-11-12,5254.627711191542
2000-11-13,727.9744714670346
2000-11-14,74514.40293049593
2000-11-15,22530.141112433226
2000-11-16,2257.81765536734
2000-11-17,259.1033625346201
2000-11-18,33170.937463474394
2000-11-19,67039.77291826427
2000-11-20,43702.362008895325
2000-11-21,7530.9200919156265
2000-11-22,999.1243100821077
2000-11-23,11275.074864401588
2000-11-24,29245.443333217478
2000-11-25,57727.732805021325
2000-11-26,26063.935275972
2000-11-27,7626.491813918991
2000-11-28,66818.61030742466
2000-11-29,36580.23836166864
2000-11-30,28831.945048860063
2000-12-01,43853.18662922105
2000-12-02,45461.48149702844
2000-12-03,2921.0422767667897
2000-12-04,8370.361649980689
2000-12-05,47423.56313070021
2000-12-06,53261.19306691717
2000-12-07,5558.018961620958
2000-12-08,26899.426206984204
2000-12-09,42335.41068259451
2000-12-10,23076.126078526384
2000-12-11,61638.51655774526
2000-12-12,37254.6779512049
2000-12-13,15768.417511364762
2000-12-14,50864.23393483514
2000-12-15,97.86129010085786
2000-12-16,224.99940712904404
2000-12-17,889.5111648354166
2000-12-18,35317.28227310499
2000-12-19,88985.16741795556
2000-12-20,89481.90609447105
2000-12-21,56623.19828306261
2000-12-22,31418.53330563521
2000-12-23,51411.145255286116
2000-12-24,43664.532153464155
2000-12-25,30177.26858306475
2000-12-26,84720.73866473639
2000-12-27,45072.689423737706
2000-12-28,6234.076458568388
2000-12-29,36437.085426036996
2000-12-30,66508.19959173273
2000-12-31,12036.96101525055
2001-01-01,66702.23564868495
2001-01-02,70873.61574501339
2001-01-03,29393.713927679597
2001-01-04,56941.936567867066
2001-01-05,33003.26055015813
2001-01-06,8705.092253791187
2001-01-07,19569.806421099467
2001-01-08,62765.78156124717
2001-01-09,47877.56239305597
2001-01-10,54153.30922249886
2001-01-11,65891.42039693575
2001-01-12,32063.338839826676
2001-01-13,70409.00786178207
2001-01-14,51937.435745723276
2001-01-15,65640.06230638917
2001-01-16,4151.47093834761
2001-01-17,1835.77907513848
2001-01-18,6020.654108545096
2001-01-19,1072.0844056583946
2001-01-20,4153.495185553741
2001-01-21,888.5732420443015
2001-01-22,1325.9038303827815
2001-01-23,20363.649205398462
2001-01-24,74939.19863981039
2001-01-25,18623.116796825165
2001-01-26,49409.46175204889
2001-01-27,49286.847864453775
2001-01-28,58884.351214078815
2001-01-29,39456.625030901065
2001-01-30,21278.704078710212
2001-01-31,6259.937074541482
2001-02-01,19815.0136733551
2001-02-02,50900.60815953692
2001-02-03,23092.90212189584
2001-02-04,14523.225534253788
2001-02-05,21802.877589433963
2001-02-06,5125.1103030180775
2001-02-07,24653.203264308628
2001-02-08,48970.70325996504
2001-02-09,61297.20354496415
2001-02-10,39205.12554740968
2001-02-11,22526.184363175274
2001-02-12,1185.3747310978563
2001-02-13,0.0
2001-02-14,479.78935388817405
2001-02-15,44451.68097527817
2001-02-16,5921.22891670245
2001-02-17,510.0359714453432
2001-02-18,32661.955610632318
2001-02-19,64996.05551731189
2001-02-20,9114.88620885239
2001-02-21,37893.7434011944
2001-02-22,2195.358100151408
2001-02-23,373.74772186194855
2001-02-24,11187.943657923593
2001-02-25,19742.14328126744
2001-02-26,40414.66948855632
2001-02-27,90030.70840798593
2001-02-28,10605.012167804718
2001-03-01,53245.02848480838
2001-03-02,75139.02120596541
2001-03-03,21870.753206819667
2001-03-04,71857.46733895416
2001-03-05,69316.19101132452
2001-03-06,49548.53542278513
2001-03-07,9069.004866082232
2001-03-08,53107.37413702715
2001-03-09,73281.9597841348
2001-03-10,79763.3372398052
2001-03-11,83494.51718472369
2001-03-12,28089.26456870932
2001-03-13,621.9172270280025
2001-03-14,14573.901778666474
2001-03-15,63057.58319472081
2001-03-16,46301.78746574098
2001-03-17,73000.86717767175
2001-03-18,71255.92955091385
2001-03-19,6804.7659806620695
2001-03-20,13065.480838351403
2001-03-21,37686.786488689446
2001-03-22,30357.656581003135
2001-03-23,47639.42365228385
2001-03-24,87375.74649477369
2001-03-25,86504.826065523
2001-03-26,53166.570312406504
2001-03-27,37511.69676540465
2001-03-28,4094.021769429224
2001-03-29,14954.383579032161
2001-03-30,36190.025521962925
2001-03-31,37903.16396373618
2001-04-01,57324.37493917137
2001-04-02,64685.29347403656
2001-04-03,7731.379765865933
2001-04-04,73953.02822110125
2001-04-05,77974.68215650375
2001-04-06,84070.82455097724
2001-04-07,83199.5344277091
2001-04-08,19990.293152231345
2001-04-09,25660.115431813887
2001-04-10,6841.667227206431
2001-04-11,14872.425357080685
2001-04-12,31636.04344048377
2001-04-13,11350.55073074896
2001-04-14,7562.5551383535585
2001-04-15,14870.512680236205
2001-04-16,10905.395715816303
2001-04-17,251.00505975833337
2001-04-18,8733.062503271205
2001-04-19,573.839798590625
2001-04-20,27238.095659854076
2001-04-21,48678.52459327233
2001-04-22,77246.7354546491
2001-04-23,67719.48248715639
2001-04-24,8595.772792859134
2001-04-25,14459.070077151273
2001-04-26,5726.565948126778
2001-04-27,47106.09295828864
2001-04-28,16571.22166737413
2001-04-29,62861.274747502124
2001-04-30,66847.3314175529
2001-05-01,2282.939180985233
2001-05-02,8596.655775526466
2001-05-03,57168.892089216344
2001-05-04,69653.8385973436
2001-05-05,61965.4889450496
2001-05-06,38516.05906378183
2001-05-07,37268.42315580447
2001-05-08,3457.177937088726
2001-05-09,61315.0323804047
2001-05-10,70134.23300567374
2001-05-11,64616.713845002545
2001-05-12,66004.40301480773
2001-05-13,60428.28319284482
2001-05-14,25476.6208649336
2001-05-15,30521.528226865903
2001-05-16,45502.99273841061
2001-05-17,54112.53624057245
2001-05-18,55871.429248729015
2001-05-19,48001.75884196435
2001-05-20,13384.705837176465
2001-05-21,21790.6937044353
2001-05-22,36827.51446432054
2001-05-23,31813.951186530016
2001-05-24,8146.431748040564
2001-05-25,16661.160173270506
2001-05-26,25408.516041813364
2001-05-27,42637.74728684808
2001-05-28,17961.03500128468
2001-05-29,10168.549878197846
2001-05-30,31001.134621276415
2001-05-31,33514.92789063303
2001-06-01,35463.31269207104
2001-06-02,24975.861627564438
2001-06-03,18652.27296451269
2001-06-04,7392.072434735051
2001-06-05,3302.7424323265313
2001-06-06,12461.60004942358
2001-06-07,20355.32273776135
2001-06-08,25353.172714903296
2001-06-09,24857.241892842467
2001-06-10,26402.934565628966
2001-06-11,38579.99882835594
2001-06-12,28788.669515614747
2001-06-13,16679.842809196136
2001-06-14,6613.532810131249
2001-06-15,0.0
2001-06-16,-9999
2001-06-17,-9999
2001-06-18,-9999
2001-06-19,-9999
2001-06-20,-9999
2001-06-21,-9999
2001-06-22,-9999
2001-06-23,-9999
2001-06-24,-9999
2001-06-25,-9999
2001-06-26,-9999
2001-06-27,-9999
2001-06-28,-9999
2001-06-29,-9999
2001-06-30,-9999
2001-07-01,-9999
2001-07-02,-9999
2001-07-03,0.0
2001-07-04,2513.898620155454
2001-07-05,10035.717404697063
2001-07-06,21387.915236571705
2001-07-07,16184.103188805084
2001-07-08,17765.21503642127
2001-07-09,13805.58140995705
2001-07-10,15363.378651887257
2001-07-11,7953.791735787497
2001-07-12,11241.779682424878
2001-07-13,6031.314079253982
2001-07-14,13679.317900078127
2001-07-15,9226.300947152511
2001-07-16,2080.7948850525117
2001-07-17,396.6166407210172
2001-07-18,17102.4176573231
2001-07-19,27824.85881001059
2001-07-20,24283.809512596217
2001-07-21,13885.6545779399
2001-07-22,12185.86991960619
2001-07-23,1106.2522260800242
2001-07-24,633.2842861148284
2001-07-25,3673.374429373161
2001-07-26,2052.5305000666676
2001-07-27,4228.182304122796
2001-07-28,3544.8199162414835
2001-07-29,291.1912129504902
2001-07-30,11089.907377601843
2001-07-31,20683.576408680976
2001-08-01,28445.103764277726
2001-08-02,28906.206827029222
2001-08-03,19403.14774339064
2001-08-04,2242.8867587066184
2001-08-05,12272.462287403128
2001-08-06,17462.232363249837
2001-08-07,3478.901985586153
2001-08-08,6300.548234343074
2001-08-09,0.0
2001-08-10,1911.552145882292
2001-08-11,4088.3022603011027
2001-08-12,6237.3300222058815
2001-08-13,12256.709245550495
2001-08-14,131.60428610496322
2001-08-15,1852.62263711832
2001-08-16,2155.2893276231002
2001-08-17,14686.94850688541
2001-08-18,15524.930608863353
2001-08-19,12893.634614864339
2001-08-20,6478.344046009991
2001-08-21,4158.157238520158
2001-08-22,4637.064577750673
2001-08-23,2498.7659787155026
2001-08-24,7446.063014229471
2001-08-25,14210.409843191788
2001-08-26,17480.232656197863
2001-08-27,10599.387693637065
2001-08-28,20370.115079304804
2001-08-29,13412.171017059925
2001-08-30,9721.45109356305
2001-08-31,6964.680859704413
2001-09-01,17890.204335769435
2001-09-02,17428.855823385853
2001-09-03,4168.7974797101115
2001-09-04,1641.7297563662996
2001-09-05,19135.157254055084
2001-09-06,14747.579745781373
2001-09-07,5445.547623499451
2001-09-08,10039.318382968573
2001-09-09,10148.220663198472
2001-09-10,9118.870562717708
2001-09-11,17884.735262243394
2001-09-12,3755.359586063909
2001-09-13,5909.393935904343
2001-09-14,2317.0915084373178
2001-09-15,5635.527606268387
2001-09-16,6385.487950944854
2001-09-17,23966.92185092782
2001-09-18,16399.61464996139
2001-09-19,17960.31735254122
2001-09-20,6897.411472474448
2001-09-21,12731.282310199646
2001-09-22,24469.140145315316
2001-09-23,20893.30559163144
2001-09-24,14803.554501583516
2001-09-25,14910.742882482242
2001-09-26,15398.72016414815
2001-09-27,30129.094703543313
2001-09-28,36778.05637933194
2001-09-29,30633.581439329904
2001-09-30,32370.958514144873
2001-10-01,26952.81222306655
2001-10-02,19285.287176657974
2001-10-03,2744.386834832232
2001-10-04,10947.589738821445
2001-10-05,37306.480460317565
2001-10-06,40760.39238828757
2001-10-07,0.0
2001-10-08,35397.2606247196
2001-10-09,27051.207552180887
2001-10-10,3415.556178355701
2001-10-11,4366.429589769549
2001-10-12,37640.036327717746
2001-10-13,68681.53226012414
2001-10-14,55569.83160734409
2001-10-15,53616.96595510303
2001-10-16,41007.03584382874
2001-10-17,42336.74258975596
2001-10-18,22362.492058763233
2001-10-19,21223.718991645994
2001-10-20,23251.9448551057
2001-10-21,20477.604341232603
2001-10-22,11522.406651285846
2001-10-23,35859.65908849175
2001-10-24,14807.010221674684
2001-10-25,44213.29627388177
2001-10-26,46727.82602978094
2001-10-27,40144.95528990866
2001-10-28,32477.180485761604
2001-10-29,7114.936148044974
2001-10-30,16530.29438152617
2001-10-31,8572.025018457414
2001-11-01,804.760346145956
2001-11-02,1993.5741150447914
2001-11-03,498.4977614105392
2001-11-04,77517.97602405092
2001-11-05,11830.636383448402
2001-11-06,0.0
2001-11-07,74192.54877251312
2001-11-08,97876.17667095334
2001-11-09,94729.81448926177
2001-11-10,52508.98879118515
2001-11-11,8159.198419745041
2001-11-12,83128.34838577462
2001-11-13,89969.41779727952
2001-11-14,89235.32325321349
2001-11-15,98560.12664897494
2001-11-16,82304.40564841723
2001-11-17,85285.9508562023
2001-11-18,87760.53011308215
2001-11-19,67056.09830107125
2001-11-20,60270.17389756825
2001-11-21,76316.72138242108
2001-11-22,78642.65879647095
2001-11-23,65792.70196733007
2001-11-24,74812.1836112519
2001-11-25,40373.03072731648
2001-11-26,17412.861779035848
2001-11-27,13997.852922116543
2001-11-28,11147.820910300412
2001-11-29,4987.6503209880475
2001-11-30,15352.753418471633
2001-12-01,9759.780380431119
2001-12-02,14042.288166544378
2001-12-03,5187.2658240996325
2001-12-04,7681.391427325005
2001-12-05,61176.62431974309
2001-12-06,10813.696676839701
2001-12-07,7456.345761215256
2001-12-08,43093.62231038364
2001-12-09,23730.810534376953
2001-12-10,3234.680397687071
2001-12-11,5737.705505127208
2001-12-12,72012.04267963953
2001-12-13,1693.1233915579667
2001-12-14,4191.943488437992
2001-12-15,37171.24276365949
2001-12-16,6905.021403294058
2001-12-17,5647.585302749385
2001-12-18,201.45716116268378
2001-12-19,102646.0908267667
2001-12-20,63574.94759617378
2001-12-21,101950.9990954986
2001-12-22,43712.5904429552
2001-12-23,25024.950295518265
2001-12-24,7082.883618333568
2001-12-25,25351.204741709473
2001-12-26,26148.33695242849
2001-12-27,55387.826074098986
2001-12-28,85138.33473195879
2001-12-29,38732.36783137033
2001-12-30,86858.4899841712
2001-12-31,79061.75260599877
2002-01-01,52550.597542104464
2002-01-02,91173.53309805557
2002-01-03,78561.1123881956
2002-01-04,90326.21944021115
2002-01-05,76283.57472186835
2002-01-06,54664.560464452115
2002-01-07,70282.64836266749
2002-01-08,74881.42842631545
2002-01-09,51587.06338729743
2002-01-10,18073.752454245227
2002-01-11,78528.93887764608
2002-01-12,22877.73981677172
2002-01-13,416.106736153554
2002-01-14,2108.9479540157477
2002-01-15,20537.245602417846
2002-01-16,3858.036521715686
2002-01-17,32869.41243227646
2002-01-18,70074.76409547491
2002-01-19,66960.1545896245
2002-01-20,64436.805074090815
2002-01-21,59562.279831976
2002-01-22,25116.3445473188
2002-01-23,31152.626124729108
2002-01-24,59540.30954330603
2002-01-25,28828.064462595412
2002-01-26,42751.045046414765
2002-01-27,60387.074586786344
2002-01-28,64795.569901154005
2002-01-29,77478.85280988688
2002-01-30,58491.040408954985
2002-01-31,39907.94298818584
2002-02-01,38850.41510050894
2002-02-02,1886.71422446201
2002-02-03,81595.99099955475
2002-02-04,20961.52250061237
2002-02-05,36.77050020900735
2002-02-06,360.16451259987747
2002-02-07,1362.9461253499392
2002-02-08,329.4566545047794
2002-02-09,17697.89727818438
2002-02-10,82434.6867139585
2002-02-11,39863.081969892424
2002-02-12,30180.07372351091
2002-02-13,24741.179408409487
2002-02-14,73762.51046964637
2002-02-15,26207.797792259444
2002-02-16,25008.72672806789
2002-02-17,1985.1562153686891
2002-02-18,49769.739672279145
2002-02-19,91953.69828517156
2002-02-20,20905.470173279053
2002-02-21,25978.07722403417
2002-02-22,15.718113799203431
2002-02-23,6205.24113151581
2002-02-24,13791.532772365146
2002-02-25,45962.30878498786
2002-02-26,46085.72385875891
2002-02-27,71211.48146878184
2002-02-28,13911.214977407475
2002-03-01,494.572072054044
2002-03-02,12505.956935653909
2002-03-03,78277.60609395495
2002-03-04,100563.33085618583
2002-03-05,108637.81036556231
2002-03-06,101676.65715337956
2002-03-07,17762.6418627193
2002-03-08,9449.1372535989
2002-03-09,2658.8382839113333
2002-03-10,1480.931475725306
2002-03-11,60676.350998150556
2002-03-12,39524.2160383208
2002-03-13,83865.17144125678
2002-03-14,51086.26116026877
2002-03-15,90226.74170411295
2002-03-16,112468.98675748303
2002-03-17,78742.38258816753
2002-03-18,96445.52936339227
2002-03-19,98088.46873329548
2002-03-20,-9999
2002-03-21,-9999
2002-03-22,-9999
2002-03-23,-9999
2002-03-24,-9999
2002-03-25,-9999
2002-03-26,-9999
2002-03-27,-9999
2002-03-28,0.0
2002-03-29,101973.3485112062
2002-03-30,57270.804454085264
2002-03-31,22843.422902424692
2002-04-01,4311.714232554717
2002-04-02,55844.86901432013
2002-04-03,101253.72419581158
2002-04-04,16271.197871857035
2002-04-05,3533.785820195592
2002-04-06,225.308552080576
2002-04-07,2470.600408312437
2002-04-08,48835.30135032763
2002-04-09,87198.45091568411
2002-04-10,93269.98059705627
2002-04-11,101483.12474134487
2002-04-12,88629.90023416559
2002-04-13,3089.561732606679
2002-04-14,13319.383182694548
2002-04-15,-9999
2002-04-16,32116.689284819648
2002-04-17,2530.1122208156257
2002-04-18,78090.70576359278
2002-04-19,96617.37680695874
2002-04-20,86142.90782266595
2002-04-21,84854.8819460028
2002-04-22,24466.918355734513
2002-04-23,9956.046469634786
2002-04-24,5293.784892833642
2002-04-25,11345.960537238294
2002-04-26,69240.75750053363
2002-04-27,6182.786568112747
2002-04-28,13372.638351922484
2002-04-29,59974.51466836627
2002-04-30,4810.140480847916
2002-05-01,17200.25697948266
2002-05-02,14492.562027634369
2002-05-03,73439.19228904608
2002-05-04,34785.37546642145
2002-05-05,59913.95621706367
2002-05-06,10719.103857080147
2002-05-07,9641.106122641857
2002-05-08,61143.46501033463
2002-05-09,48147.08690031568
2002-05-10,46309.478591028186
2002-05-11,92007.22764391144
2002-05-12,73503.08460804237
2002-05-13,44771.662489378
2002-05-14,32907.74941459639
2002-05-15,16500.975695147165
2002-05-16,66553.1848593804
2002-05-17,80171.81251514461
2002-05-18,31863.555484844885
2002-05-19,14567.058739701908
2002-05-20,17898.029273849275
2002-05-21,57878.96597481271
2002-05-22,24193.901106159945
2002-05-23,20863.600415573423
2002-05-24,47074.7134928273
2002-05-25,59194.82648314961
2002-05-26,74940.26733646325
2002-05-27,32344.675676431507
2002-05-28,29627.683788709754
2002-05-29,2580.3838366380523
2002-05-30,41340.004109197194
2002-05-31,54414.520631263564
2002-06-01,59233.9798677966
2002-06-02,57309.38860355393
2002-06-03,45504.19915739006
2002-06-04,51560.60404538864
2002-06-05,31701.13905119073
2002-06-06,34500.15030939779
2002-06-07,60447.077804518754
2002-06-08,55972.81101688079
2002-06-09,29538.014901298568
2002-06-10,28476.10876273349
2002-06-11,23110.977674757574
2002-06-12,37254.95353503663
2002-06-13,38504.56507005249
2002-06-14,20558.243817775146
2002-06-15,33874.434428689965
2002-06-16,8447.67247369087
2002-06-17,9423.266780120399
2002-06-18,33586.51551267561
2002-06-19,8647.475736778555
2002-06-20,21046.19642887538
2002-06-21,29941.38527849174
2002-06-22,46475.77992708748
2002-06-23,26835.657429963165
2002-06-24,3034.979086949143
2002-06-25,16322.338113090622
2002-06-26,13816.832653355144
2002-06-27,31396.448444836595
2002-06-28,16435.220811477575
2002-06-29,7086.902719991913
2002-06-30,10465.887550420655
2002-07-01,26592.1085263637
2002-07-02,40753.610315504615
2002-07-03,19338.03435738817
2002-07-04,13570.44180118045
2002-07-05,13008.318330929602
2002-07-06,6750.179657903664
2002-07-07,11947.147925115567
2002-07-08,9410.001665707963
2002-07-09,8842.79883267297
2002-07-10,7915.289427501351
2002-07-11,12957.085509978868
2002-07-12,11710.096553003132
2002-07-13,6891.436312491496
2002-07-14,9603.625172963173
2002-07-15,15041.99858893671
2002-07-16,21199.435285602387
2002-07-17,9930.615597509131
2002-07-18,5278.744165548102
2002-07-19,9423.02390970085
2002-07-20,8822.36609285968
2002-07-21,1309.8395453333337
2002-07-22,2990.102527703431
2002-07-23,4941.6939302568
2002-07-24,19362.11295788531
2002-07-25,19575.333122929726
2002-07-26,5549.370950478129
2002-07-27,8945.532990115624
2002-07-28,2382.2680843938724
2002-07-29,4877.998806527023
2002-07-30,1693.7893976251837
2002-07-31,7281.546160586153
2002-08-01,6363.2084080013465
2002-08-02,15146.325763288305
2002-08-03,14079.62197052414
2002-08-04,8849.448347887439
2002-08-05,14942.812912107653
2002-08-06,15883.740882122982
2002-08-07,16684.502983545837
2002-08-08,18082.965172118646
2002-08-09,15251.829347055642
2002-08-10,12168.009365895708
2002-08-11,11286.49117479051
2002-08-12,6111.973717526591
2002-08-13,3975.0543649625615
2002-08-14,3082.317030809556
2002-08-15,9353.74340594118
2002-08-16,30406.968549029527
2002-08-17,28403.955069598524
2002-08-18,21528.572354995365
2002-08-19,8449.12120257684
2002-08-20,12349.921192865564
2002-08-21,19417.337924435848
2002-08-22,8268.026078931742
2002-08-23,12812.3348821606
2002-08-24,14962.380644060846
2002-08-25,9622.656491346745
2002-08-26,2554.8225336349874
2002-08-27,11718.00969037678
2002-08-28,9000.942098234987
2002-08-29,5690.566311819425
2002-08-30,9214.253414436462
2002-08-31,6709.3929886240185
2002-09-01,3940.5768649674646
2002-09-02,2212.826171365379
2002-09-03,5465.748909604659
2002-09-04,1277.0177024180134
2002-09-05,9488.132532265556
2002-09-06,22879.57019374417
2002-09-07,27112.346660623294
2002-09-08,11011.762101616738
2002-09-09,11263.307360676703
2002-09-10,11425.189283649624
2002-09-11,7409.850100023344
2002-09-12,17887.745361012567
2002-09-13,12022.443354385226
2002-09-14,16755.169598912078
2002-09-15,26902.169542192813
2002-09-16,20040.699925141194
2002-09-17,19630.2201265391
2002-09-18,10398.837576870525
2002-09-19,8995.347151939823
2002-09-20,14795.927540867584
2002-09-21,33124.01637270135
2002-09-22,39362.47811658168
2002-09-23,15447.470857746848
2002-09-24,5131.250039396998
2002-09-25,1783.055088687315
2002-09-26,27146.36799103085
2002-09-27,17858.54969285624
2002-09-28,18133.826129979203
2002-09-29,9341.25463646515
2002-09-30,19866.337380610967
2002-10-01,33604.94904915805
2002-10-02,41801.47471003495
2002-10-03,41573.965224725485
2002-10-04,42018.074079254344
2002-10-05,33542.18873394806
2002-10-06,27012.89873860614
2002-10-07,30736.784792784874
2002-10-08,27075.670406639543
2002-10-09,33536.6611574818
2002-10-10,29908.439847579975
2002-10-11,32783.1900068861
2002-10-12,29112.79278508217
2002-10-13,6372.643221311277
2002-10-14,28819.867358186704
2002-10-15,12051.978431476478
2002-10-16,15096.072773448215
2002-10-17,18020.707484442024
2002-10-18,28041.54613526072
2002-10-19,9356.461411455823
2002-10-20,7520.727463480758
2002-10-21,25337.511571663978
2002-10-22,12124.666859201356
2002-10-23,25199.240340644334
2002-10-24,20765.278448400055
2002-10-25,27421.809288275694
2002-10-26,38705.368256091846
2002-10-27,18028.937407313344
2002-10-28,26853.767184233067
2002-10-29,7933.515320024264
2002-10-30,24632.944238941833
2002-10-31,19647.876111025766
2002-11-01,25385.07161894755
2002-11-02,31777.322511264367
2002-11-03,27246.34685475885
2002-11-04,23357.504754469574
2002-11-05,15177.20078956323
2002-11-06,23576.176812410835
2002-11-07,4091.215752066729
2002-11-08,7383.142803672426
2002-11-09,2643.9404463154415
2002-11-10,4012.568393725368
2002-11-11,4146.633250013605
2002-11-12,4752.242138331311
2002-11-13,42993.09132275704
2002-11-14,65256.733743978606
2002-11-15,53288.22803706877
2002-11-16,31115.503751824654
2002-11-17,34608.75503782826
2002-11-18,22147.66331122241
2002-11-19,36910.03383000106
2002-11-20,52241.8070723677
2002-11-21,28012.29065066941
2002-11-22,46308.02364326326
2002-11-23,20818.330784588914
2002-11-24,31440.551059824826
2002-11-25,46094.49216947202
2002-11-26,38303.076934628014
2002-11-27,26715.905401413842
2002-11-28,2015.0100273893383
2002-11-29,12602.612056010283
2002-11-30,498.03197195655645
2002-12-01,32225.3889059398
2002-12-02,1205.2178358670956
2002-12-03,23.99818090625
2002-12-04,1612.8512696708945
2002-12-05,651.5517467664826
2002-12-06,51979.22229626526
2002-12-07,38496.19816091523
2002-12-08,43314.99876510695
2002-12-09,49169.75679000145
2002-12-10,15076.210835577707
2002-12-11,10353.255128367462
2002-12-12,7493.485438656557
2002-12-13,1872.874681947549
2002-12-14,1331.57807126587
2002-12-15,35009.63658742305
2002-12-16,4406.602781261889
2002-12-17,7690.595334987313
2002-12-18,3763.687062482843
2002-12-19,138.81517697046567
2002-12-20,991.2243497969364
2002-12-21,54289.95355246743
2002-12-22,54770.99774649504
2002-12-23,1591.9581838308209
2002-12-24,27525.332574740492
2002-12-25,8642.995330016667
2002-12-26,3475.301108142831
2002-12-27,33750.22474310072
2002-12-28,40093.41708429497
2002-12-29,56866.00079283728
2002-12-30,10394.741315825433
2002-12-31,43643.583031806345
2003-01-01,45213.40309686194
2003-01-02,66499.22345985135
2003-01-03,6782.654697977575
2003-01-04,61635.52325196757
2003-01-05,53749.2096111234
2003-01-06,19813.755853270843
2003-01-07,29053.98698940295
2003-01-08,39912.025763313286
2003-01-09,4517.964025988235
2003-01-10,53084.9462125302
2003-01-11,41106.8489270667
2003-01-12,8680.434146987252
2003-01-13,38866.26387338153
2003-01-14,13676.702080586643
2003-01-15,7197.428311081179
2003-01-16,1602.0588567053921
2003-01-17,26.866563171384804
2003-01-18,320.3664425021446
2003-01-19,8918.43073053744
2003-01-20,26457.006583633145
2003-01-21,5147.440533479719
2003-01-22,2597.8726476656843
2003-01-23,5500.61530429896
2003-01-24,18483.82552827358
2003-01-25,7020.230601742159
2003-01-26,984.3974722633578
2003-01-27,202.02015176188726
2003-01-28,9336.401627226955
2003-01-29,9717.977884913971
2003-01-30,2784.3710344536153
2003-01-31,9076.492740302952
2003-02-01,0.0
2003-02-02,9027.243382150187
2003-02-03,85203.07627864188
2003-02-04,87398.4847108684
2003-02-05,41101.70560432267
2003-02-06,9071.076811713541
2003-02-07,976.1127782403798
2003-02-08,72059.47524949504
2003-02-09,36132.672991419706
2003-02-10,82092.25001947781
2003-02-11,72643.96323944775
2003-02-12,16654.83568808075
2003-02-13,5787.089203638968
2003-02-14,35219.95680973645
2003-02-15,8629.914060535531
2003-02-16,0.0
2003-02-17,10.448460549264707
2003-02-18,0.0
2003-02-19,38.387313776776956
2003-02-20,1905.5873926452814
2003-02-21,39058.35447679495
2003-02-22,33548.44154476622
2003-02-23,952.4973841304533
2003-02-24,25708.031698461557
2003-02-25,15619.526042969483
2003-02-26,6126.447312621693
2003-02-27,1143.950657265625
2003-02-28,1757.6126250728555
2003-03-01,288.22899797463236
2003-03-02,902.2306137784311
2003-03-03,503.2600439944852
2003-03-04,29369.977902852534
2003-03-05,75459.6325951553
2003-03-06,50180.18084077872
2003-03-07,78352.32013330304
2003-03-08,31961.407488913734
2003-03-09,6978.859871802456
2003-03-10,957.1892463789213
2003-03-11,56563.78609423547
2003-03-12,60390.413352297255
2003-03-13,4432.442408168808
2003-03-14,3428.6352665177055
2003-03-15,1313.365515616973
2003-03-16,5516.408879568933
2003-03-17,37623.4194524058
2003-03-18,34183.583380424265
2003-03-19,29457.393267975083
2003-03-20,67927.62696067858
2003-03-21,112843.93030802734
2003-03-22,8095.681046903252
2003-03-23,18021.394453341465
2003-03-24,18489.897750116594
2003-03-25,7665.040975396755
2003-03-26,35006.63703914738
2003-03-27,8726.223993943568
2003-03-28,22504.226256690956
2003-03-29,331.12457992365194
2003-03-30,6330.735653005204
2003-03-31,28212.04846056782
2003-04-01,0.0
2003-04-02,2879.180502128919
2003-04-03,16086.856431194601
2003-04-04,2354.366038158762
2003-04-05,58777.56134250874
2003-04-06,73727.49333832774
2003-04-07,49648.48203959439
2003-04-08,112170.67584891229
2003-04-09,59644.69220829753
2003-04-10,81593.48375885925
2003-04-11,48482.71493041943
2003-04-12,83580.41605379032
2003-04-13,101758.64111959536
2003-04-14,1884.1097301215682
2003-04-15,1982.5759598393986
2003-04-16,5389.48081761685
2003-04-17,37276.72500042489
2003-04-18,5174.6644744162995
2003-04-19,0.0
2003-04-20,29745.230798622713
2003-04-21,53764.220858076704
2003-04-22,100814.66029423955
2003-04-23,103363.2009801686
2003-04-24,30200.805974298637
2003-04-25,12840.43323283612
2003-04-26,1723.5281906299629
2003-04-27,24800.806933440705
2003-04-28,57727.75125864966
2003-04-29,93371.80646458056
2003-04-30,94330.64651289224
2003-05-01,3681.0648062168502
2003-05-02,15.999041744852942
2003-05-03,248.35529481439954
2003-05-04,18126.619665322487
2003-05-05,71230.77939211563
2003-05-06,70908.00664869754
2003-05-07,108944.88848342185
2003-05-08,108355.55929543536
2003-05-09,83902.04538366209
2003-05-10,26059.355241495352
2003-05-11,57391.28665020465
2003-05-12,20070.060074661014
2003-05-13,20784.121160290946
2003-05-14,49478.34551133537
2003-05-15,32936.788611413926
2003-05-16,75389.96643432697
2003-05-17,84258.19406723761
2003-05-18,40942.32748841921
2003-05-19,59392.61130305849
2003-05-20,54272.03853905843
2003-05-21,27275.62683669741
2003-05-22,15638.770248367451
2003-05-23,9055.972025176532
2003-05-24,32076.653597749602
2003-05-25,25516.290747594125
2003-05-26,7378.986177181863
2003-05-27,20568.69581411291
2003-05-28,18508.213959215558
2003-05-29,37271.56135458017
2003-05-30,74690.2654693528
2003-05-31,73855.44344622125
2003-06-01,56241.25634541651
2003-06-02,68458.3946623568
2003-06-03,51158.02433232319
2003-06-04,45450.27358149161
2003-06-05,65695.51203486107
2003-06-06,62221.529538285
2003-06-07,70792.58877643051
2003-06-08,29674.754844273637
2003-06-09,22233.97608493732
2003-06-10,31876.85256833542
2003-06-11,21962.75618955581
2003-06-12,6168.888103639095
2003-06-13,47472.4190426426
2003-06-14,49070.43236851052
2003-06-15,53235.00172360439
2003-06-16,41809.841011389486
2003-06-17,24339.880857010598
2003-06-18,7087.334561398533
2003-06-19,30596.77922925281
2003-06-20,26754.286488146703
2003-06-21,17287.19378182115
2003-06-22,9132.42175582305
2003-06-23,17834.99390207997
2003-06-24,27518.930652067666
2003-06-25,42307.52553887563
2003-06-26,48376.099832778425
2003-06-27,10177.548795102524
2003-06-28,23502.603184465435
2003-06-29,16945.55369929895
2003-06-30,35121.34308789852
2003-07-01,20099.1734519959
2003-07-02,29797.161151424258
2003-07-03,44283.53565414961
2003-07-04,28538.561514143374
2003-07-05,11503.509190483946
2003-07-06,17752.62444882881
2003-07-07,6899.11864815857
2003-07-08,12828.162613503613
2003-07-09,6333.225909352822
2003-07-10,19542.085222640555
2003-07-11,23144.408337363304
2003-07-12,9699.96714680999
2003-07-13,12579.765809173714
2003-07-14,22087.46820547743
2003-07-15,29572.746051461127
2003-07-16,12738.707396134867
2003-07-17,12226.540730888053
2003-07-18,18462.622061402093
2003-07-19,32335.767759016293
2003-07-20,25923.408886132118
2003-07-21,26208.020728553875
2003-07-22,22848.72737608192
2003-07-23,20926.739858812452
2003-07-24,8118.012165662502
2003-07-25,20694.661241605285
2003-07-26,18045.585696024627
2003-07-27,4832.130750487439
2003-07-28,10008.04049697555
2003-07-29,11222.998438525005
2003-07-30,22215.048505658837
2003-07-31,20996.90756560223
2003-08-01,20348.92793176533
2003-08-02,13250.81677275172
2003-08-03,2353.423687384009
2003-08-04,305.93902949705875
2003-08-05,4609.256045039217
2003-08-06,20066.501806535365
2003-08-07,17554.950836258708
2003-08-08,10834.419857818137
2003-08-09,4131.953175831067
2003-08-10,1408.707699617034
2003-08-11,3052.687374151534
2003-08-12,2677.3010829564346
2003-08-13,4085.369345114765
2003-08-14,2943.5614461542286
2003-08-15,8194.183937256184
2003-08-16,12584.197094282727
2003-08-17,11730.93982443584
2003-08-18,10242.916893019612
2003-08-19,3530.890137976655
2003-08-20,3772.8861916450387
2003-08-21,4064.4898374853533
2003-08-22,8127.370165549938
2003-08-23,10469.361338932167
2003-08-24,21025.305025318918
2003-08-25,14392.66076439449
2003-08-26,5243.742763140994
2003-08-27,1840.3001174219364
2003-08-28,6679.682346273408
2003-08-29,1739.3966406634186
2003-08-30,4046.5166654670325
2003-08-31,6808.141831924264
2003-09-01,12269.740519568202
2003-09-02,23541.076814907985
2003-09-03,9813.9435358685
2003-09-04,2168.897743836642
2003-09-05,3053.4614940200977
2003-09-06,11048.211787742397
2003-09-07,7899.031893161458
2003-09-08,1919.7328194090685
2003-09-09,6691.687966156189
2003-09-10,21449.95338195808
2003-09-11,17730.441880815455
2003-09-12,13250.623986405893
2003-09-13,4205.126357131189
2003-09-14,4828.282785993873
2003-09-15,5135.734241788173
2003-09-16,15785.931756355694
2003-09-17,17781.93351293941
2003-09-18,16690.87761963879
2003-09-19,25835.675531392342
2003-09-20,25753.964796673234
2003-09-21,27795.372004567453
2003-09-22,23681.26639407691
2003-09-23,18555.956490063367
2003-09-24,1544.07182029951
2003-09-25,5182.6892100325995
2003-09-26,9150.79971126287
2003-09-27,14071.10474734259
2003-09-28,1617.8583387061274
2003-09-29,15760.027866779847
2003-09-30,20539.50232440559
2003-10-01,41052.49589443104
2003-10-02,39126.05883010754
2003-10-03,49721.37750032805
2003-10-04,56218.86952248852
2003-10-05,47457.94925119725
2003-10-06,44092.16026753421
2003-10-07,5649.07012969001
2003-10-08,6207.438069856431
2003-10-09,912.4361708158701
2003-10-10,33067.952927291095
2003-10-11,17702.097726546508
2003-10-12,47750.752659424856
2003-10-13,55004.581902454665
2003-10-14,62553.75111057824
2003-10-15,57090.299727661695
2003-10-16,20043.54248045839
2003-10-17,36709.666102771174
2003-10-18,54932.08277312125
2003-10-19,25582.922259737385
2003-10-20,36742.34308736135
2003-10-21,52350.46822579453
2003-10-22,52537.06049979045
2003-10-23,36547.98485460875
2003-10-24,41389.68113947088
2003-10-25,44118.982770127855
2003-10-26,42959.17913478768
2003-10-27,53151.018886452075
2003-10-28,48543.059534379514
2003-10-29,49517.095083776076
2003-10-30,48156.90362160167
2003-10-31,44509.9363346192
2003-11-01,36070.406300525996
2003-11-02,40976.94775047203
2003-11-03,24750.872351852453
2003-11-04,32583.969511795734
2003-11-05,5539.516750941545
2003-11-06,3385.3887173294725
2003-11-07,11748.014428460467
2003-11-08,121.20539802395834
2003-11-09,31227.895104465842
2003-11-10,66322.05793997666
2003-11-11,57520.63957947378
2003-11-12,7429.24296629381
2003-11-13,1979.270767798346
2003-11-14,1949.4913584496321
2003-11-15,10593.76578943516
2003-11-16,12833.75826323154
2003-11-17,587.1720635941177
2003-11-18,23436.917641914162
2003-11-19,71682.2647405367
2003-11-20,65335.07711956718
2003-11-21,75113.89194361323
2003-11-22,63774.80820365045
2003-11-23,54207.02658640399
2003-11-24,47614.09602110979
2003-11-25,55367.42436200739
2003-11-26,43001.48874595539
2003-11-27,42864.541947830425
2003-11-28,46373.883189552434
2003-11-29,38720.71188871234
2003-11-30,6104.321187584003
2003-12-01,15460.071053781681
2003-12-02,14940.694724217266
2003-12-03,2248.1778748941792
2003-12-04,38458.33578082905
2003-12-05,11760.448147102206
2003-12-06,43963.7918470632
2003-12-07,16792.047628776472
2003-12-08,4699.808950439094
2003-12-09,25424.585431871896
2003-12-10,34639.62792220971
2003-12-11,30606.983103107774
2003-12-12,271.92428893970583
2003-12-13,578.3348839858456
2003-12-14,3098.6808837010417
2003-12-15,17937.698496586643
2003-12-16,63324.03400536787
2003-12-17,-9999
2003-12-18,-9999
2003-12-19,-9999
2003-12-20,-9999
2003-12-21,-9999
2003-12-22,-9999
2003-12-23,-9999
2003-12-24,0.0
2003-12-25,10658.161326006912
2003-12-26,2736.1982492647676
2003-12-27,22035.20538837716
2003-12-28,62950.246886114306
2003-12-29,10652.656171972543
2003-12-30,7539.535800462011
2003-12-31,583.2736119842524
2004-01-01,7459.222568903675
2004-01-02,26084.133593424755
2004-01-03,455.32722704025724
2004-01-04,26869.840814308856
2004-01-05,7471.974523378794
2004-01-06,47269.95045583756
2004-01-07,15269.829502102875
2004-01-08,15086.16778442366
2004-01-09,60517.806643788026
2004-01-10,26521.429950683178
2004-01-11,69326.8942329051
2004-01-12,5943.801883848038
2004-01-13,20378.71953708425
2004-01-14,70617.0960858144
2004-01-15,38467.50149166603
2004-01-16,131.40890888700977
2004-01-17,69.38281656047795
2004-01-18,61717.66155748116
2004-01-19,29644.02251576082
2004-01-20,7401.840493860786
2004-01-21,1857.8548737740805
2004-01-22,1049.062821464522
2004-01-23,433.1424986127451
2004-01-24,83152.02587302035
2004-01-25,41262.2914814828
2004-01-26,42553.39334200453
2004-01-27,31347.935864223444
2004-01-28,4565.404531678122
2004-01-29,1658.8811948229772
2004-01-30,1356.5883749398897
2004-01-31,1583.2524742570463
2004-02-01,51691.57618157412
2004-02-02,82915.32346404597
2004-02-03,67078.48799180174
2004-02-04,29201.375240211113
2004-02-05,63777.10646120321
2004-02-06,67332.54724114752
2004-02-07,88244.0852187807
2004-02-08,10232.814615873773
2004-02-09,593.7838255377451
2004-02-10,60342.73766465726
2004-02-11,99972.45385091433
2004-02-12,105482.07269301677
2004-02-13,34989.840927990095
2004-02-14,78872.58115045732
2004-02-15,87220.03056593542
2004-02-16,43002.321176338475
2004-02-17,509.2750444791667
2004-02-18,7417.640026549447
2004-02-19,0.0
2004-02-20,70842.91716808827
2004-02-21,16439.11312430242
2004-02-22,78131.03649954995
2004-02-23,76119.65338308139
2004-02-24,70070.09647387653
2004-02-25,64005.89390351929
2004-02-26,24385.238939340594
2004-02-27,1231.102961492341
2004-02-28,8177.27048069358
2004-02-29,34679.050671665165
2004-03-01,62073.278337290314
2004-03-02,71177.70986663055
2004-03-03,98036.33048928296
2004-03-04,49838.6295922484
2004-03-05,53824.80567083281
2004-03-06,66412.5605248035
2004-03-07,59127.10896985036
2004-03-08,30440.82293292542
2004-03-09,69678.18249345465
2004-03-10,19804.509475514442
2004-03-11,23307.259043378785
2004-03-12,52785.20117823347
2004-03-13,44847.478854984845
2004-03-14,31500.300500265414
2004-03-15,21216.79421288376
2004-03-16,53354.5853845333
2004-03-17,28023.719676301567
2004-03-18,7844.240106250675
2004-03-19,37820.992944640384
2004-03-20,6649.734946370471
2004-03-21,4522.272439671872
2004-03-22,99.66381160171568
2004-03-23,4991.050072262621
2004-03-24,38585.14523454933
2004-03-25,88190.96103223944
2004-03-26,83365.2053930646
2004-03-27,65376.88465404181
2004-03-28,68400.71584288112
2004-03-29,34517.69597280678
2004-03-30,60417.289219423124
2004-03-31,94428.54190615151
2004-04-01,21215.426693572324
2004-04-02,12004.474266544243
2004-04-03,15332.201183177815
2004-04-04,84405.1335597912
2004-04-05,89274.36153732074
2004-04-06,79786.14168609936
2004-04-07,14072.499959849747
2004-04-08,12872.104163418677
2004-04-09,1938.2373716178313
2004-04-10,7880.369824861464
2004-04-11,5166.194021236149
2004-04-12,2489.9779890726086
2004-04-13,13441.032264103618
2004-04-14,68436.7605576532
2004-04-15,93148.15466201898
2004-04-16,13108.572082974264
2004-04-17,4754.4662232877445
2004-04-18,68170.40994142664
2004-04-19,42094.28631811681
2004-04-20,7182.555090986276
2004-04-21,22595.9424100629
2004-04-22,7072.539411066541
2004-04-23,15542.318074290679
2004-04-24,89513.26194094511
2004-04-25,92397.39302730316
2004-04-26,67209.80594200907
2004-04-27,18519.369042740025
2004-04-28,19773.115001821505
2004-04-29,706.6345373412988
2004-04-30,0.0
2004-05-01,11817.285235395313
2004-05-02,41416.63781071014
2004-05-03,66805.69681581046
2004-05-04,77489.62167881125
2004-05-05,91048.1856039434
2004-05-06,92842.22159457889
2004-05-07,57422.73140594992
2004-05-08,7497.105794756318
2004-05-09,25591.264015568788
2004-05-10,70741.57585836184
2004-05-11,59397.371076741496
2004-05-12,40247.454780514236
2004-05-13,80837.3615336407
2004-05-14,77718.62709284038
2004-05-15,79181.17782149771
2004-05-16,53989.94063159336
2004-05-17,22678.407373749393
2004-05-18,47541.86166594745
2004-05-19,48171.67601132833
2004-05-20,22044.720165751696
2004-05-21,52873.930253740415
2004-05-22,47259.56750770619
2004-05-23,9623.031750173659
2004-05-24,30635.640994748344
2004-05-25,29820.546141145354
2004-05-26,15970.222315482277
2004-05-27,2922.4189212886617
2004-05-28,18993.417184934937
2004-05-29,68764.08097978763
2004-05-30,60143.59695422611
2004-05-31,11326.604504370714
2004-06-01,13280.41507991953
2004-06-02,12614.233174641606
2004-06-03,37043.71918714445
2004-06-04,36760.98857834585
2004-06-05,49234.12590178258
2004-06-06,38418.42610108924
2004-06-07,25007.646766027305
2004-06-08,15127.266302261949
2004-06-09,19393.699053692388
2004-06-10,22879.090732033736
2004-06-11,50467.60792596846
2004-06-12,46262.51664574765
2004-06-13,52509.23479671116
2004-06-14,50900.77847575238
2004-06-15,16733.949680111884
2004-06-16,25602.836989748583
2004-06-17,16522.439572591968
2004-06-18,12942.69119167471
2004-06-19,14751.675790805939
2004-06-20,9661.494691214648
2004-06-21,1276.4520980547184
2004-06-22,4311.13186733646
2004-06-23,14014.523631110413
2004-06-24,2585.428091452941
2004-06-25,10290.578485959993
2004-06-26,6474.187430975184
2004-06-27,34535.36413815369
2004-06-28,38414.865302115446
2004-06-29,35161.63313827162
2004-06-30,39546.57679680634
2004-07-01,36634.93532776797
2004-07-02,13076.00997702537
2004-07-03,9801.758942204531
2004-07-04,5598.2146435526965
2004-07-05,10247.971991722794
2004-07-06,19920.631849819863
2004-07-07,31621.94117110316
2004-07-08,30932.892973132723
2004-07-09,2738.6390815680797
2004-07-10,9736.371708274939
2004-07-11,26061.8608782851
2004-07-12,12651.687234086883
2004-07-13,20375.775193527083
2004-07-14,3155.530548587255
2004-07-15,9460.452219925486
2004-07-16,7296.908273267345
2004-07-17,10045.134066339038
2004-07-18,9412.950173235291
2004-07-19,8005.490209975368
2004-07-20,6679.431648488477
2004-07-21,3021.217881021324
2004-07-22,3443.923065467218
2004-07-23,6802.555380176287
2004-07-24,27310.120263934747
2004-07-25,34122.76708008786
2004-07-26,26683.97208730044
2004-07-27,24212.629703928204
2004-07-28,10247.80604702365
2004-07-29,4904.650792161825
2004-07-30,3787.398720922305
2004-07-31,4950.0771895987755
2004-08-01,2931.9594353526963
2004-08-02,2571.5107804762247
2004-08-03,3551.131147429596
2004-08-04,10297.4255605084
2004-08-05,29952.873033702024
2004-08-06,22741.680117510383
2004-08-07,15101.127323482731
2004-08-08,10031.339428530817
2004-08-09,4429.03167522255
2004-08-10,14263.590322530561
2004-08-11,5962.29044273995
2004-08-12,16385.2884802592
2004-08-13,24029.537587900613
2004-08-14,25265.8979310165
2004-08-15,27872.320926636527
2004-08-16,22620.28039923795
2004-08-17,6581.088893617097
2004-08-18,1643.850114693873
2004-08-19,6277.01856335717
2004-08-20,4707.122178765993
2004-08-21,7983.566286199206
2004-08-22,11415.348809670892
2004-08-23,16835.914552010905
2004-08-24,16829.358388633704
2004-08-25,6822.101356891485
2004-08-26,5694.175363910116
2004-08-27,6086.691248302757
2004-08-28,6311.778466068141
2004-08-29,9780.391058764038
2004-08-30,4277.874950423775
2004-08-31,4295.074731575738
2004-09-01,7988.152829234255
2004-09-02,4338.445147893138
2004-09-03,24813.95206362478
2004-09-04,19343.993168854486
2004-09-05,7078.932974652885
2004-09-06,12326.239091027815
2004-09-07,29006.80060503224
2004-09-08,25901.94211825185
2004-09-09,28902.9175014712
2004-09-10,23718.94198484169
2004-09-11,27053.45333245104
2004-09-12,23388.587989032432
2004-09-13,25204.320099090462
2004-09-14,23437.064352490153
2004-09-15,13072.456208408335
2004-09-16,1620.192910916913
2004-09-17,10237.264108725556
2004-09-18,14268.150937951845
2004-09-19,18342.7898408809
2004-09-20,7632.11407645956
2004-09-21,2543.4905402193617
2004-09-22,7562.8133951636655
2004-09-23,16341.611779710067
2004-09-24,27374.0793377476
2004-09-25,4837.1876969256155
2004-09-26,23738.183215973302
2004-09-27,19679.92973476852
2004-09-28,8899.607735175732
2004-09-29,8638.335101120212
2004-09-30,24473.682638223752
2004-10-01,1481.4418921932595
2004-10-02,469.1256454854779
2004-10-03,9286.32143507371
2004-10-04,76521.58178571051
2004-10-05,69633.25143429133
2004-10-06,66199.03767130537
2004-10-07,40481.942683893554
2004-10-08,20557.08391332016
2004-10-09,22611.885422478357
2004-10-10,4804.171307071754
2004-10-11,19774.059683690994
2004-10-12,9100.075495250252
2004-10-13,21702.266040744813
2004-10-14,68282.96796425893
2004-10-15,71921.22556673623
2004-10-16,33670.088660076326
2004-10-17,30192.340641435883
2004-10-18,17416.592364009655
2004-10-19,15906.765587708827
2004-10-20,7008.895628609007
2004-10-21,27886.50108709489
2004-10-22,76823.36033852569
2004-10-23,71784.99828765361
2004-10-24,69764.97873299601
2004-10-25,44433.79845131807
2004-10-26,12341.20621132219
2004-10-27,21217.60772059743
2004-10-28,15618.471294472247
2004-10-29,65449.11548765183
2004-10-30,61101.07636587297
2004-10-31,64356.61526976433
2004-11-01,49800.200819363556
2004-11-02,55829.95709914249
2004-11-03,64381.1927440625
2004-11-04,56671.76064196057
2004-11-05,59069.266903887394
2004-11-06,53058.70126182688
2004-11-07,52812.679672588354
2004-11-08,50728.046541558055
2004-11-09,46655.384856219294
2004-11-10,8283.455483879157
2004-11-11,6686.3635013447265
2004-11-12,3244.3499826593143
2004-11-13,22484.59455764704
2004-11-14,54357.573812573195
2004-11-15,56667.353170631046
2004-11-16,61522.94223246011
2004-11-17,4961.076686091539
2004-11-18,32350.530906123706
2004-11-19,56630.62030673704
2004-11-20,32429.344255631466
2004-11-21,6456.648465656921
2004-11-22,2445.3557216754903
2004-11-23,69051.33729837401
2004-11-24,63652.6275445117
2004-11-25,36379.225048208275
2004-11-26,13332.44462639191
2004-11-27,46888.6087897451
2004-11-28,61160.07322240146
2004-11-29,3624.186128332966
2004-11-30,15847.952192106983
2004-12-01,9018.567066057474
2004-12-02,53561.022624849276
2004-12-03,33674.61975525199
2004-12-04,17593.030436324523
2004-12-05,65303.91237665658
2004-12-06,58360.37808385498
2004-12-07,14047.666945890633
2004-12-08,11330.803689246384
2004-12-09,65872.57233416388
2004-12-10,10897.724513292525
2004-12-11,2023.118138061335
2004-12-12,4478.719694968878
2004-12-13,9157.42787640496
2004-12-14,26264.49292307078
2004-12-15,10616.352945494793
2004-12-16,16104.578253820971
2004-12-17,4231.464025122793
2004-12-18,1329.1239850458335
2004-12-19,0.749978828125
2004-12-20,28710.87458758708
2004-12-21,2142.3752475735914
2004-12-22,3456.266585622915
2004-12-23,5826.07054096814
2004-12-24,13631.632566373892
2004-12-25,46532.198534587995
2004-12-26,53543.27436692326
2004-12-27,11355.233657288727
2004-12-28,441.9183489737132
2004-12-29,2838.842617599142
2004-12-30,3368.2871634594353
2004-12-31,487.27949399687515
2005-01-01,782.1649951139094
2005-01-02,2385.0647691327204
2005-01-03,28952.02074387761
2005-01-04,1224.5586818103557
2005-01-05,47702.437877233795
2005-01-06,30388.176605544748
2005-01-07,84439.78365838846
2005-01-08,23316.248129703064
2005-01-09,41827.589311078744
2005-01-10,66215.52875510837
2005-01-11,71089.51757956864
2005-01-12,29671.37755527395
2005-01-13,12081.55208995231
2005-01-14,45018.33896818295
2005-01-15,75988.07884056804
2005-01-16,76160.38023400473
2005-01-17,42903.176794076826
2005-01-18,59503.196728419876
2005-01-19,69711.26991372854
2005-01-20,55364.40741842256
2005-01-21,2446.7231886575373
2005-01-22,119.33690400759804
2005-01-23,77327.92628789379
2005-01-24,791.7534367557598
2005-01-25,46189.45299498388
2005-01-26,12178.9832303538
2005-01-27,1518.5672518954038
2005-01-28,5653.126733562685
2005-01-29,53398.94383340674
2005-01-30,29338.717247247143
2005-01-31,13744.83486102076
2005-02-01,47593.97332631954
2005-02-02,9101.844280227575
2005-02-03,207.4331483398284
2005-02-04,473.1927680993872
2005-02-05,138.65021544681377
2005-02-06,863.6445401999389
2005-02-07,616.9967908208945
2005-02-08,5725.8106984495125
2005-02-09,4.751020234375
2005-02-10,849.9859846254291
2005-02-11,376.5511805175857
2005-02-12,74.71603540625
2005-02-13,19701.424668307158
2005-02-14,2137.423660913602
2005-02-15,6985.329502883027
2005-02-16,3572.123607922855
2005-02-17,2243.8613751932594
2005-02-18,452.7192456215074
2005-02-19,157.73199346997546
2005-02-20,4928.776200067526
2005-02-21,95369.60659651374
2005-02-22,100703.21385546474
2005-02-23,198.94089739914216
2005-02-24,3102.7313652545968
2005-02-25,33783.47960262819
2005-02-26,63705.23930376816
2005-02-27,3210.25904676152
2005-02-28,10120.769440922984
2005-03-01,30815.758241724572
2005-03-02,8389.752207067646
2005-03-03,13052.423286845897
2005-03-04,10533.85216202561
2005-03-05,1520.3843942566796
2005-03-06,73232.64742976923
2005-03-07,9474.58858806967
2005-03-08,51308.89482380455
2005-03-09,3047.8672369106625
2005-03-10,34718.14517241929
2005-03-11,83787.950386642
2005-03-12,89920.76883789075
2005-03-13,85794.01356478273
2005-03-14,60414.57227721065
2005-03-15,33449.125291779834
2005-03-16,7217.74133641061
2005-03-17,460.09875993707107
2005-03-18,0.0
2005-03-19,6573.002455473287
2005-03-20,9093.122520044059
2005-03-21,726.4701490158088
2005-03-22,23111.145639413113
2005-03-23,37864.92239249733
2005-03-24,75568.93063049103
2005-03-25,16129.290091767603
2005-03-26,73557.72001591895
2005-03-27,2052.606581955208
2005-03-28,25695.540266205506
2005-03-29,62466.01640536266
2005-03-30,57287.90995548581
2005-03-31,88773.16058588312
2005-04-01,78472.28646861918
2005-04-02,108540.84151413527
2005-04-03,117027.22410163099
2005-04-04,32811.69256392026
2005-04-05,3244.0529038457084
2005-04-06,1019.361746116789
2005-04-07,29.85428850704657
2005-04-08,180.53926846250002
2005-04-09,3674.2176904484672
2005-04-10,2692.896111859313
2005-04-11,91281.10790014773
2005-04-12,6489.832663477956
2005-04-13,52359.608637834215
2005-04-14,1958.1303896450986
2005-04-15,23922.12902515876
2005-04-16,77764.70012979345
2005-04-17,97006.46519071683
2005-04-18,117445.46047677341
2005-04-19,60554.453982052124
2005-04-20,55161.975500731765
2005-04-21,103643.51517648427
2005-04-22,39620.79448488023
2005-04-23,43240.56663975024
2005-04-24,9940.06661138192
2005-04-25,12051.555100587999
2005-04-26,15960.027969963061
2005-04-27,44273.43090535863
2005-04-28,49373.592355968336
2005-04-29,74332.36555235375
2005-04-30,70627.19683496823
2005-05-01,82632.0196064024
2005-05-02,52966.402900391666
2005-05-03,16590.88665352152
2005-05-04,9491.319690753247
2005-05-05,31531.739686978974
2005-05-06,42428.80343989097
2005-05-07,44921.9297507875
2005-05-08,19031.5768921114
2005-05-09,5663.701215022607
2005-05-10,41212.64695024335
2005-05-11,46942.495877213194
2005-05-12,49522.991682056956
2005-05-13,5943.985510811522
2005-05-14,34990.81228135242
2005-05-15,27492.832721040588
2005-05-16,3740.975695111705
2005-05-17,30082.868534821115
2005-05-18,11027.777165484804
2005-05-19,2853.2466564930714
2005-05-20,34899.14958542479
2005-05-21,14021.713629785108
2005-05-22,11490.360468987561
2005-05-23,5445.54955914908
2005-05-24,35079.194353685794
2005-05-25,24507.872658157925
2005-05-26,9100.685574479905
2005-05-27,40455.59715634089
2005-05-28,39043.82138113122
2005-05-29,13932.24389500553
2005-05-30,3210.382804612439
2005-05-31,12423.654348078926
2005-06-01,39003.58901005707
2005-06-02,66371.10227202383
2005-06-03,66641.35716660741
2005-06-04,55160.59892111491
2005-06-05,36547.000909616414
2005-06-06,20235.162877004783
2005-06-07,16828.444567037186
2005-06-08,24919.547121087235
2005-06-09,45284.255467607225
2005-06-10,9471.8117283315
2005-06-11,29683.650624941016
2005-06-12,11460.185976945464
2005-06-13,11499.879868157052
2005-06-14,24557.323330482846
2005-06-15,33283.111046275415
2005-06-16,42514.02974725927
2005-06-17,53320.409681634264
2005-06-18,14281.382420913658
2005-06-19,23816.103612446183
2005-06-20,43582.98773498459
2005-06-21,50603.78887988382
2005-06-22,69119.96246081377
2005-06-23,62671.84380011263
2005-06-24,71341.58779646289
2005-06-25,61493.58627631277
2005-06-26,62376.51715976344
2005-06-27,57651.473421215895
2005-06-28,55381.55068791591
2005-06-29,40740.83050567947
2005-06-30,32624.60211763212
2005-07-01,32080.85050394543
2005-07-02,4824.505273099145
2005-07-03,9508.496828087005
2005-07-04,17834.34610958137
2005-07-05,5634.192341944854
2005-07-06,3320.009571695161
2005-07-07,14133.03319053732
2005-07-08,15714.307675777816
2005-07-09,30087.978568611627
2005-07-10,45108.057550196
2005-07-11,27361.05258425452
2005-07-12,2332.4796895526338
2005-07-13,1291.1998494630516
2005-07-14,9017.807208511524
2005-07-15,18258.062349879237
2005-07-16,13163.547336425248
2005-07-17,15919.127433838486
2005-07-18,28046.597850709866
2005-07-19,42371.82971349193
2005-07-20,31625.808726905594
2005-07-21,27277.08525228154
2005-07-22,20696.117831400807
2005-07-23,6738.366567164893
2005-07-24,3037.907897607904
2005-07-25,17181.078512946086
2005-07-26,14492.254156608959
2005-07-27,8895.977074026352
2005-07-28,11216.39344985839
2005-07-29,9191.84887968027
2005-07-30,10661.278667624882
2005-07-31,8894.515766905934
2005-08-01,5333.418784456312
2005-08-02,10287.883910772553
2005-08-03,15817.094945016064
2005-08-04,26839.763107172355
2005-08-05,7661.827703528248
2005-08-06,21869.93414720962
2005-08-07,15032.11586254344
2005-08-08,1670.6921346020833
2005-08-09,8340.682655554407
2005-08-10,17970.476757771576
2005-08-11,13866.57461330527
2005-08-12,5652.4985149152635
2005-08-13,13674.357382317601
2005-08-14,26263.97151707169
2005-08-15,26806.54420260736
2005-08-16,2954.354854935294
2005-08-17,6327.106398798772
2005-08-18,8183.81287000723
2005-08-19,10797.470578205222
2005-08-20,14668.605191198474
2005-08-21,9811.665375709808
2005-08-22,15616.872265721393
2005-08-23,13444.338829550376
2005-08-24,16936.439227117775
2005-08-25,9358.460686716357
2005-08-26,15867.715967932232
2005-08-27,2044.2624234702812
2005-08-28,10707.746792539641
2005-08-29,13828.708621167341
2005-08-30,14743.451882657982
2005-08-31,24063.59405954731
2005-09-01,26344.343124293573
2005-09-02,20694.348974471144
2005-09-03,26816.620851046144
2005-09-04,22694.62129154242
2005-09-05,26393.74767953807
2005-09-06,21340.196969981156
2005-09-07,18644.214972401347
2005-09-08,7090.841563339895
2005-09-09,6226.304926409433
2005-09-10,5190.042571261946
2005-09-11,5601.331415757169
2005-09-12,8947.356094927258
2005-09-13,23900.839300545038
2005-09-14,24293.449858374686
2005-09-15,25747.933983239098
2005-09-16,30509.6564125166
2005-09-17,23682.63969987924
2005-09-18,6008.74070148174
2005-09-19,12219.261008618072
2005-09-20,19535.626472943488
2005-09-21,18307.708532578657
2005-09-22,0.0
2005-09-23,5563.3305684920315
2005-09-24,8629.195144882971
2005-09-25,13079.332579703922
2005-09-26,4441.968960573158
2005-09-27,15162.593858179778
2005-09-28,8884.267096665691
2005-09-29,18612.595939319435
2005-09-30,13598.356153911216
2005-10-01,27318.730729244155
2005-10-02,27397.057381899864
2005-10-03,10544.13369867341
2005-10-04,14584.845983688732
2005-10-05,34878.778841192674
2005-10-06,33611.20737025326
2005-10-07,35460.85769345462
2005-10-08,28529.91007670712
2005-10-09,15285.108472271319
2005-10-10,17613.587337168945
2005-10-11,16576.33172011736
2005-10-12,9327.868355198469
2005-10-13,14434.602968752759
2005-10-14,7238.057461573532
2005-10-15,4781.427875399816
2005-10-16,4541.403082410478
2005-10-17,23170.948582009543
2005-10-18,46631.60873120303
2005-10-19,57260.07150860198
2005-10-20,56117.230583427794
2005-10-21,55501.2524758095
2005-10-22,51434.35253088765
2005-10-23,54189.74930004241
2005-10-24,44001.62571830607
2005-10-25,5483.537455827387
2005-10-26,15724.744367027635
2005-10-27,56294.10105334548
2005-10-28,54826.85136744033
2005-10-29,45100.043986577395
2005-10-30,28180.375433239795
2005-10-31,39385.33174278758
2005-11-01,29968.644282645822
2005-11-02,13670.2290878321
2005-11-03,32741.49952308706
2005-11-04,30639.428331787713
2005-11-05,38553.46662698897
2005-11-06,29659.516083436058
2005-11-07,21550.037062444528
2005-11-08,8758.858701962443
2005-11-09,18314.227384038655
2005-11-10,6515.205162715383
2005-11-11,2672.752874468566
2005-11-12,15707.87304001935
2005-11-13,33189.986752439436
2005-11-14,34575.17015500919
2005-11-15,41601.86511803848
2005-11-16,23189.9538629596
2005-11-17,51494.997367138916
2005-11-18,37961.82174061957
2005-11-19,52033.08841327726
2005-11-20,37785.61524783239
2005-11-21,14688.964569199625
2005-11-22,8580.479131775057
2005-11-23,29655.351796206338
2005-11-24,30249.321730384825
2005-11-25,4913.207412302455
2005-11-26,5247.638985525675
2005-11-27,2464.920330166176
2005-11-28,7764.453161152573
2005-11-29,11502.273565015737
2005-11-30,26675.05280285655
2005-12-01,32245.533267447692
2005-12-02,61026.637969202835
2005-12-03,8773.571432182116
2005-12-04,7607.758486235546
2005-12-05,20562.286109645574
2005-12-06,65817.75802694894
2005-12-07,59340.82770495946
2005-12-08,41577.87870267552
2005-12-09,13181.804881540198
2005-12-10,52570.76665074245
2005-12-11,43332.066947057276
2005-12-12,55539.715841157325
2005-12-13,45396.244107488754
2005-12-14,40917.750341517516
2005-12-15,56675.86830304564
2005-12-16,26999.549925503467
2005-12-17,42532.565050268764
2005-12-18,41009.45697766196
2005-12-19,47006.8084158005
2005-12-20,1244.603958968811
2005-12-21,15948.005950689161
2005-12-22,4775.398224335294
2005-12-23,52958.64732118269
2005-12-24,60981.06416317737
2005-12-25,32886.24437929866
2005-12-26,10717.550698335659
2005-12-27,3280.448332679718
2005-12-28,23858.110447543568
2005-12-29,3647.650854908825
2005-12-30,26432.309684694268
2005-12-31,0.0
2006-01-01,25.205526763235294
2006-01-02,30.750539625
2006-01-03,17537.493349211392
2006-01-04,20019.40054554042
2006-01-05,35127.94886885077
2006-01-06,72501.74697324289
2006-01-07,68431.25810749616
2006-01-08,26492.830087523966
2006-01-09,23.360358804595585
2006-01-10,5890.940412982595
2006-01-11,33420.080783183985
2006-01-12,16952.044891611444
2006-01-13,1706.0710507059437
2006-01-14,5194.480898579903
2006-01-15,143.18136435171564
2006-01-16,948.265650012929
2006-01-17,715.6273571382351
2006-01-18,26217.635366772247
2006-01-19,57033.28821206096
2006-01-20,7964.884671783577
2006-01-21,30442.9747389533
2006-01-22,110.36886184221814
2006-01-23,4797.1715204068005
2006-01-24,93636.6633867134
2006-01-25,36658.74530790853
2006-01-26,55305.655967657
2006-01-27,5760.394454362746
2006-01-28,483.50404703125
2006-01-29,203.280193105576
2006-01-30,436.4117088132356
2006-01-31,438.6901263190564
2006-02-01,134.716093875
2006-02-02,37956.60900031788
2006-02-03,75212.15629438606
2006-02-04,83417.60678350985
2006-02-05,66530.09048420953
2006-02-06,21467.753710493802
2006-02-07,45601.862766783765
2006-02-08,35374.522242190666
2006-02-09,70879.10964239974
2006-02-10,44153.623841099165
2006-02-11,14225.172384477697
2006-02-12,1995.3968449070474
2006-02-13,8558.459985154906
2006-02-14,468.56766315778185
2006-02-15,1635.94262060625
2006-02-16,74208.73559134797
2006-02-17,11627.53624676899
2006-02-18,2176.0480439387866
2006-02-19,61.011418828125
2006-02-20,23360.848472963502
2006-02-21,4491.190778304656
2006-02-22,15991.205654185516
2006-02-23,5591.726477943628
2006-02-24,16930.471927613657
2006-02-25,94.08840010036764
2006-02-26,3594.902468415687
2006-02-27,59260.87397827993
2006-02-28,101782.3733217676
2006-03-01,31661.637136634767
2006-03-02,68968.76112556348
2006-03-03,54174.276933031375
2006-03-04,24214.302694428116
2006-03-05,32500.420146912587
2006-03-06,20560.072250297126
2006-03-07,23816.60971210976
2006-03-08,6607.874883562446
2006-03-09,4133.29783103897
2006-03-10,48601.63007319351
2006-03-11,98236.20064664731
2006-03-12,91877.43674983393
2006-03-13,59258.00765559033
2006-03-14,1882.093610800735
2006-03-15,10206.87204553376
2006-03-16,15476.750696940557
2006-03-17,66011.3637573014
2006-03-18,44264.77438643513
2006-03-19,14233.92410047547
2006-03-20,790.1684687565565
2006-03-21,44860.423428587506
2006-03-22,84238.87655638222
2006-03-23,31921.412148199703
2006-03-24,14418.499452958518
2006-03-25,12375.318693683697
2006-03-26,5797.172386163297
2006-03-27,68811.95539838976
2006-03-28,72636.68823961118
2006-03-29,90737.70286488303
2006-03-30,2460.203401781066
2006-03-31,38823.31129627748
2006-04-01,8879.631845203925
2006-04-02,32011.861785162197
2006-04-03,47591.49383025961
2006-04-04,67649.32845227703
2006-04-05,106114.8606288937
2006-04-06,64335.51568709183
2006-04-07,69919.40973996972
2006-04-08,18541.434324786147
2006-04-09,155.45087331832107
2006-04-10,1243.3324373251223
2006-04-11,6892.4508029985345
2006-04-12,20136.70553841165
2006-04-13,59963.58972161044
2006-04-14,50764.498309296665
2006-04-15,2437.398594983271
2006-04-16,22963.63327276286
2006-04-17,5438.821493026412
2006-04-18,30386.65859425764
2006-04-19,70872.83844421427
2006-04-20,100444.22373762698
2006-04-21,36668.82708492373
2006-04-22,86181.86541013974
2006-04-23,53871.64058514539
2006-04-24,111062.02950924798
2006-04-25,83017.52878453332
2006-04-26,108535.19511528964
2006-04-27,103336.38001054585
2006-04-28,101627.9539771984
2006-04-29,47370.30309374167
2006-04-30,20094.623928004625
2006-05-01,15573.644827949738
2006-05-02,40037.2335764709
2006-05-03,72234.16368276626
2006-05-04,92128.98931743266
2006-05-05,79575.8967542196
2006-05-06,66770.15676825446
2006-05-07,29146.930163861165
2006-05-08,13960.846779258922
2006-05-09,28760.064409242328
2006-05-10,73703.16386837802
2006-05-11,68795.34791432248
2006-05-12,74132.53046308181
2006-05-13,80206.93712837849
2006-05-14,65604.11245277531
2006-05-15,79543.31934177905
2006-05-16,72729.7279006321
2006-05-17,1973.7785489153205
2006-05-18,29547.601297800218
2006-05-19,25771.392756962006
2006-05-20,32113.498177586916
2006-05-21,46394.4480903382
2006-05-22,52108.95182000722
2006-05-23,53320.81884708632
2006-05-24,42660.41204728018
2006-05-25,30946.404710340095
2006-05-26,31772.51604505081
2006-05-27,40919.8106711149
2006-05-28,23022.684371343665
2006-05-29,22775.661909018272
2006-05-30,16774.990842599633
2006-05-31,7300.661411923161
2006-06-01,11837.808005506437
2006-06-02,19367.47708278791
2006-06-03,8975.369925101468
2006-06-04,4497.041962226042
2006-06-05,2704.019402929104
2006-06-06,11743.740139930622
2006-06-07,17656.203568328605
2006-06-08,21655.01298602609
2006-06-09,15235.87134307211
2006-06-10,24495.82522767199
2006-06-11,5024.36625157114
2006-06-12,6294.797544666786
2006-06-13,19474.474273027903
2006-06-14,25363.41294405976
2006-06-15,18385.96688756452
2006-06-16,13015.313455195896
2006-06-17,27498.908099069267
2006-06-18,42444.7935252711
2006-06-19,45932.4386782556
2006-06-20,48246.54002086717
2006-06-21,0.0
2006-06-22,45479.35126438092
2006-06-23,33503.592775611694
2006-06-24,37807.59092847604
2006-06-25,39424.48717648348
2006-06-26,32005.445486558852
2006-06-27,20778.919469776287
2006-06-28,9960.271087048222
2006-06-29,13621.507461598394
2006-06-30,7687.893820992653
2006-07-01,17938.18725133002
2006-07-02,13966.729312607711
2006-07-03,14641.168694775433
2006-07-04,17718.708046986278
2006-07-05,18793.167751841196
2006-07-06,25533.461019263872
2006-07-07,30249.24195344039
2006-07-08,33775.08393882791
2006-07-09,27368.30697489503
2006-07-10,27642.288611529282
2006-07-11,18402.37096219297
2006-07-12,4201.025367230335
2006-07-13,799.515362656005
2006-07-14,5697.394396241545
2006-07-15,12183.130184983824
2006-07-16,14482.907732965818
2006-07-17,27130.232357232744
2006-07-18,24201.325268074517
2006-07-19,5363.677744454047
2006-07-20,3645.197958158456
2006-07-21,16817.411487378555
2006-07-22,24877.14744504316
2006-07-23,21601.72412417202
2006-07-24,23776.90167548984
2006-07-25,22409.71296254677
2006-07-26,21514.516937132124
2006-07-27,13375.163263772487
2006-07-28,12866.97104693052
2006-07-29,15897.599449546447
2006-07-30,15935.299610631615
2006-07-31,21241.72171244396
2006-08-01,5250.505440356314
2006-08-02,10365.776869816917
2006-08-03,4907.573211353554
2006-08-04,4275.024972464646
2006-08-05,3049.0086144075985
2006-08-06,4746.404497765991
2006-08-07,2444.5482811846186
2006-08-08,2603.773674992462
2006-08-09,9244.033884485292
2006-08-10,7486.081990314273
2006-08-11,5081.025670039091
2006-08-12,2352.3438523421564
2006-08-13,6938.286539234623
2006-08-14,5087.363860797919
2006-08-15,3417.332761312011
2006-08-16,4087.677183400241
2006-08-17,6636.995116862499
2006-08-18,10486.653909878674
2006-08-19,17372.089047325502
2006-08-20,14588.716396130818
2006-08-21,1365.1981411550862
2006-08-22,5732.035111103186
2006-08-23,0.0
2006-08-24,3741.512361081064
2006-08-25,5735.440585783639
2006-08-26,8652.89341215404
2006-08-27,9627.394448979965
2006-08-28,1634.4063920679541
2006-08-29,4900.646815162803
2006-08-30,9393.69576789363
2006-08-31,19600.72052377894
2006-09-01,506.8906270773897
2006-09-02,1347.0435487923405
2006-09-03,10405.153320578242
2006-09-04,38701.67937245612
2006-09-05,34041.09045184158
2006-09-06,22931.531990277454
2006-09-07,17422.09515253224
2006-09-08,25389.661373169107
2006-09-09,26693.40259603193
2006-09-10,22855.26413373176
2006-09-11,14685.014663287746
2006-09-12,21932.108791639726
2006-09-13,24776.415256284366
2006-09-14,10494.160670689156
2006-09-15,6496.05098340208
2006-09-16,13589.668992947183
2006-09-17,29101.15983045557
2006-09-18,23674.370800952638
2006-09-19,19709.544261525924
2006-09-20,2041.036438126225
2006-09-21,12065.20865493438
2006-09-22,3669.548636703558
2006-09-23,23844.931655462395
2006-09-24,11575.642691638606
2006-09-25,9613.570196554043
2006-09-26,9846.975315504345
2006-09-27,18793.510326623775
2006-09-28,33993.88800435703
2006-09-29,31078.78845471217
2006-09-30,22214.00759303064
2006-10-01,16675.864988171095
2006-10-02,20102.301728123486
2006-10-03,17210.684819966613
2006-10-04,27568.169806413196
2006-10-05,31522.54165634014
2006-10-06,21382.488477917293
2006-10-07,28116.148276814587
2006-10-08,30010.628594858576
2006-10-09,16567.042066195816
2006-10-10,18905.809682967723
2006-10-11,20949.13862211685
2006-10-12,19150.149369641367
2006-10-13,1137.785481783456
2006-10-14,7177.059067667769
2006-10-15,3212.0711526642767
2006-10-16,31375.16174730388
2006-10-17,36946.204003624356
2006-10-18,12448.196228459621
2006-10-19,18645.961293213986
2006-10-20,1100.7117524895223
2006-10-21,27687.098070205717
2006-10-22,28867.421118139053
2006-10-23,50455.66529662035
2006-10-24,10419.485378677151
2006-10-25,16184.947499485366
2006-10-26,8696.58150681979
2006-10-27,14732.42071992358
2006-10-28,42310.36172174046
2006-10-29,47426.43815850039
2006-10-30,46493.707511564935
2006-10-31,59935.614507594146
2006-11-01,50469.44359091103
2006-11-02,42152.30306263556
2006-11-03,35258.94650034713
2006-11-04,47157.55879796108
2006-11-05,41721.64074949773
2006-11-06,40548.17546135308
2006-11-07,41105.00863165572
2006-11-08,38791.65562548467
2006-11-09,23180.96545951664
2006-11-10,12965.066430331073
2006-11-11,662.7344154594364
2006-11-12,1372.4665448510416
2006-11-13,13096.657444210476
2006-11-14,26817.1020567426
2006-11-15,14409.549550768204
2006-11-16,2829.0924473050873
2006-11-17,8207.61749386513
2006-11-18,10045.990483774443
2006-11-19,66760.25487214673
2006-11-20,64454.95039897306
2006-11-21,868.3355797157477
2006-11-22,17051.504167041603
2006-11-23,19910.624103934973
2006-11-24,68508.63903223471
2006-11-25,25405.143706173654
2006-11-26,39440.68416096692
2006-11-27,176.3934021891544
2006-11-28,15670.086366599746
2006-11-29,16507.793763316047
2006-11-30,31736.101612754966
2006-12-01,32796.52955236891
2006-12-02,17.749005359375
2006-12-03,231.3091300144608
2006-12-04,9.890038265747549
2006-12-05,5949.891939117582
2006-12-06,12100.632729393566
2006-12-07,32578.40252012612
2006-12-08,84032.90298120884
2006-12-09,35836.96457406245
2006-12-10,12613.666774499934
2006-12-11,40958.569675211605
2006-12-12,75860.04741358249
2006-12-13,28390.97062090862
2006-12-14,91770.82542581549
2006-12-15,20265.03125010626
2006-12-16,15941.660877845596
2006-12-17,98542.15139713968
2006-12-18,87313.53451982565
2006-12-19,46698.20811219639
2006-12-20,3006.608781228
2006-12-21,2126.3001812595594
2006-12-22,84635.35375928727
2006-12-23,33156.09013878136
2006-12-24,18522.82764730242
2006-12-25,709.2710484233455
2006-12-26,7114.736856625188
2006-12-27,74929.830238495
2006-12-28,47048.33948598983
2006-12-29,53956.46240411432
2006-12-30,56913.52444020845
2006-12-31,54697.19198407837
2007-01-01,19039.99627270321
2007-01-02,72042.15347303098
2007-01-03,72973.29000407849
2007-01-04,76789.89447684943
2007-01-05,73986.09761162382
2007-01-06,57595.77914021523
2007-01-07,59873.389082912356
2007-01-08,41129.24081506978
2007-01-09,29726.64112219927
2007-01-10,14933.110167080942
2007-01-11,26147.08683960366
2007-01-12,6258.111632541356
2007-01-13,33018.95115502123
2007-01-14,16672.046458624573
2007-01-15,14203.977400974987
2007-01-16,34022.11544102449
2007-01-17,27798.497877941045
2007-01-18,11822.22381373235
2007-01-19,11954.392163054046
2007-01-20,65453.72668794337
2007-01-21,69124.60156643852
2007-01-22,60509.23533517825
2007-01-23,53142.19771751295
2007-01-24,16732.482189337632
2007-01-25,72313.88983121485
2007-01-26,59940.482734832214
2007-01-27,57084.10628504621
2007-01-28,65299.93618871637
2007-01-29,73749.26472753198
2007-01-30,85202.51219632197
2007-01-31,65883.11452959725
2007-02-01,71843.41027878805
2007-02-02,7818.429830392701
2007-02-03,17847.716034542093
2007-02-04,5250.356107405699
2007-02-05,17708.578761151894
2007-02-06,4467.018332442587
2007-02-07,53427.67147177786
2007-02-08,65646.96227929695
2007-02-09,2988.54846272267
2007-02-10,3286.1408358602316
2007-02-11,275.913275765625
2007-02-12,9079.145506728983
2007-02-13,1323.1148336893996
2007-02-14,13730.618496847983
2007-02-15,22387.949096870958
2007-02-16,32861.82200225109
2007-02-17,13289.026385352638
2007-02-18,1227.767475631556
2007-02-19,24780.712595945235
2007-02-20,2960.402397651896
2007-02-21,652.6109179492034
2007-02-22,5002.882602565811
2007-02-23,79977.39813125442
2007-02-24,41052.56560328363
2007-02-25,1977.5792093024506
2007-02-26,20143.540697395994
2007-02-27,48.733541704718135
2007-02-28,13058.774580533023
2007-03-01,19358.370929343615
2007-03-02,73718.49135567526
2007-03-03,1859.536715013358
2007-03-04,2989.5368925106013
2007-03-05,67491.81128318011
2007-03-06,62853.323014685746
2007-03-07,89394.9070022812
2007-03-08,85574.33828240595
2007-03-09,17370.490389778017
2007-03-10,739.7107757670957
2007-03-11,7361.789384590694
2007-03-12,266.9775964525735
2007-03-13,235.62244712898286
2007-03-14,28145.037218072197
2007-03-15,50839.79179184276
2007-03-16,75107.71481352615
2007-03-17,4332.673612335234
2007-03-18,11754.152123238217
2007-03-19,1747.8741573871316
2007-03-20,1018.9709658200367
2007-03-21,3681.5439320500604
2007-03-22,39624.23200402397
2007-03-23,108888.78414808029
2007-03-24,19649.419467418826
2007-03-25,72943.65289816381
2007-03-26,112126.17112120935
2007-03-27,100208.19411819045
2007-03-28,56547.38087532674
2007-03-29,45043.01048197229
2007-03-30,50853.56699387089
2007-03-31,32869.176312016614
2007-04-01,11575.79607805472
2007-04-02,32807.38486485015
2007-04-03,59115.9618935506
2007-04-04,23358.055236681364
2007-04-05,13742.370644723196
2007-04-06,52429.40204881984
2007-04-07,49408.054567394574
2007-04-08,56658.45192498826
2007-04-09,89759.65684333179
2007-04-10,89379.93953789418
2007-04-11,66263.51364609314
2007-04-12,96294.5221868356
2007-04-13,99633.67816201811
2007-04-14,93600.67407634293
2007-04-15,93028.03531919
2007-04-16,92572.62641708917
2007-04-17,59921.25719372981
2007-04-18,31562.55767185419
2007-04-19,37983.14909804332
2007-04-20,39767.474197777265
2007-04-21,67358.47110681281
2007-04-22,73216.03121889902
2007-04-23,15853.653986663152
2007-04-24,44307.131965886496
2007-04-25,39890.24746690563
2007-04-26,69947.10194374551
2007-04-27,82740.80835386296
2007-04-28,72092.19764596892
2007-04-29,67873.68375337866
2007-04-30,41637.02066388289
2007-05-01,56730.52109637163
2007-05-02,44725.62476604172
2007-05-03,27650.01495598005
2007-05-04,6284.206781150552
2007-05-05,16133.962878601871
2007-05-06,52468.90254658718
2007-05-07,57595.77667356311
2007-05-08,3955.2185864295357
2007-05-09,38158.314987685786
2007-05-10,34757.45321819629
2007-05-11,24835.941927317628
2007-05-12,58672.70019233583
2007-05-13,66166.11161674916
2007-05-14,54530.79519234713
2007-05-15,53222.45606534117
2007-05-16,7400.679178298528
2007-05-17,42228.18654698779
2007-05-18,22850.438321572237
2007-05-19,16449.949494470315
2007-05-20,2308.831804111764
2007-05-21,18299.767636155128
2007-05-22,13954.716952582607
2007-05-23,18277.711887972924
2007-05-24,7436.425835924999
2007-05-25,6455.013956221997
2007-05-26,12217.617220295648
2007-05-27,7174.641968944544
2007-05-28,25542.338584311477
2007-05-29,9644.051478131127
2007-05-30,20421.387155510947
2007-05-31,14785.569929456497
2007-06-01,29235.03791973903
2007-06-02,4843.269567271996
2007-06-03,2208.9488635560656
2007-06-04,7472.578518587808
2007-06-05,20638.52397053846
2007-06-06,18402.9235559626
2007-06-07,45332.92206443772
2007-06-08,48643.85368306912
2007-06-09,52088.41099989512
2007-06-10,50715.127088523506
2007-06-11,46871.40938549494
2007-06-12,42904.12209242105
2007-06-13,38596.202820614686
2007-06-14,19761.940580171868
2007-06-15,14325.187738168197
2007-06-16,8010.581724880766
2007-06-17,9907.330569807662
2007-06-18,20073.800417679435
2007-06-19,15452.018844133827
2007-06-20,35724.07638268829
2007-06-21,43943.64180134092
2007-06-22,37758.683697169894
2007-06-23,39462.22183380505
2007-06-24,33468.6878270789
2007-06-25,23745.377889156345
2007-06-26,17099.412805696385
2007-06-27,28539.732554681734
2007-06-28,848.9922043005514
2007-06-29,5792.137713763602
2007-06-30,8367.682363528495
2007-07-01,22703.357167443613
2007-07-02,2473.0770314092533
2007-07-03,6848.411078298162
2007-07-04,19972.11190911207
2007-07-05,24671.08779674086
2007-07-06,7879.063760505139
2007-07-07,6236.416331383274
2007-07-08,9948.147983857478
2007-07-09,35424.88961258829
2007-07-10,29511.383296570235
2007-07-11,27173.34341822616
2007-07-12,16550.441266268816
2007-07-13,780.8146790515932
2007-07-14,4238.583060362319
2007-07-15,7424.057349547737
2007-07-16,8504.006401056311
2007-07-17,10770.491214933088
2007-07-18,16676.27665395086
2007-07-19,22528.693373029724
2007-07-20,21462.838416479543
2007-07-21,2482.7630052951604
2007-07-22,3382.2944525628063
2007-07-23,895.6571608340073
2007-07-24,9937.47732127518
2007-07-25,5340.475758308397
2007-07-26,4398.4153748913
2007-07-27,7759.260761911892
2007-07-28,17773.61887797445
2007-07-29,18342.388385904847
2007-07-30,17496.036056494002
2007-07-31,9674.680460774505
2007-08-01,1606.5730439962622
2007-08-02,5171.606999860477
2007-08-03,9076.730530266112
2007-08-04,11231.80286909375
2007-08-05,4207.658559699267
2007-08-06,2566.109491651592
2007-08-07,2364.60745224087
2007-08-08,8672.484983095588
2007-08-09,6185.613015197428
2007-08-10,20435.9270785785
2007-08-11,16713.815086039096
2007-08-12,10697.026912564343
2007-08-13,1176.0921566360905
2007-08-14,1741.0760698225492
2007-08-15,4503.878919085355
2007-08-16,9965.320430960908
2007-08-17,8187.088146348896
2007-08-18,16099.86107766196
2007-08-19,20124.098747798715
2007-08-20,9493.5947686008
2007-08-21,7943.112806610481
2007-08-22,2602.373813082354
2007-08-23,10393.89477216318
2007-08-24,3430.026261276225
2007-08-25,6808.1690321508595
2007-08-26,3130.832356039153
2007-08-27,4505.940500414337
2007-08-28,4375.094732863484
2007-08-29,12151.245630526964
2007-08-30,10044.417430485906
2007-08-31,4297.923239188114
2007-09-01,9299.260871163598
2007-09-02,5663.956528825368
2007-09-03,7015.20123432868
2007-09-04,4380.775288740563
2007-09-05,4304.316744267035
2007-09-06,5198.08339288131
2007-09-07,8273.680763569546
2007-09-08,13680.72535074032
2007-09-09,3308.208491278675
2007-09-10,13472.241000956248
2007-09-11,21910.182341962758
2007-09-12,27393.567735165252
2007-09-13,33375.369956067276
2007-09-14,26540.91941634929
2007-09-15,28470.43260316851
2007-09-16,28483.610616067104
2007-09-17,15785.140902339037
2007-09-18,14396.579796390377
2007-09-19,11255.423690346819
2007-09-20,4545.732155083578
2007-09-21,3482.662895011885
2007-09-22,2108.222970695587
2007-09-23,2778.1982289813113
2007-09-24,11017.80885386104
2007-09-25,17439.610679884514
2007-09-26,21085.02348349386
2007-09-27,13227.818591543806
2007-09-28,4827.509295089094
2007-09-29,16203.06450334263
2007-09-30,19963.493235706366
2007-10-01,16438.350795678685
2007-10-02,5302.3704999278825
2007-10-03,8770.274471713421
2007-10-04,3228.2208141956503
2007-10-05,8050.770487387011
2007-10-06,5351.180002698343
2007-10-07,11851.428685301778
2007-10-08,15086.074578441368
2007-10-09,18049.96796204895
2007-10-10,14354.3446718805
2007-10-11,6396.56648288829
2007-10-12,22092.95038915204
2007-10-13,32287.945175490117
2007-10-14,25292.869796018458
2007-10-15,20075.145385644002
2007-10-16,25062.21399216527
2007-10-17,32468.62118230504
2007-10-18,27207.07765234915
2007-10-19,33963.679275246875
2007-10-20,10727.462934675063
2007-10-21,13164.769201275432
2007-10-22,31529.45783456272
2007-10-23,29469.99756786982
2007-10-24,16022.422399579094
2007-10-25,11273.701976701133
2007-10-26,12752.230514307468
2007-10-27,23065.873657630134
2007-10-28,43830.75242942157
2007-10-29,41683.12675244195
2007-10-30,27463.470523788856
2007-10-31,38582.74025585674
2007-11-01,37125.27321444267
2007-11-02,36117.507546189285
2007-11-03,31689.745009453218
2007-11-04,18717.424804917046
2007-11-05,25562.37190027843
2007-11-06,29734.00900051931
2007-11-07,18379.3258412576
2007-11-08,24292.66580903867
2007-11-09,26030.0407998755
2007-11-10,6654.621970906128
2007-11-11,24682.66711029762
2007-11-12,26547.76151866232
2007-11-13,15926.06090027206
2007-11-14,18426.494543619774
2007-11-15,14296.607601098893
2007-11-16,25822.669453798902
2007-11-17,23165.152729511345
2007-11-18,22090.332142989882
2007-11-19,6269.62795535625
2007-11-20,21820.680861214278
2007-11-21,28473.931087030964
2007-11-22,20880.87502913285
2007-11-23,28557.44742014572
2007-11-24,16324.325153559563
2007-11-25,26202.91381843303
2007-11-26,17561.10061170754
2007-11-27,23284.47220718779
2007-11-28,3760.8402551200375
2007-11-29,201.97520008112747
2007-11-30,3336.7073721517772
2007-12-01,6595.102845677688
2007-12-02,5379.884061518931
2007-12-03,37443.70489020174
2007-12-04,31149.139503344253
2007-12-05,7155.390516492102
2007-12-06,1464.311445954228
2007-12-07,3213.2293786871305
2007-12-08,41213.596884673425
2007-12-09,75.7036878288603
2007-12-10,1610.5159563602938
2007-12-11,34261.20640178739
2007-12-12,6328.824334385902
2007-12-13,8066.029852725065
2007-12-14,27428.7670905513
2007-12-15,62948.55091763971
2007-12-16,22800.559232649888
2007-12-17,44037.5233931604
2007-12-18,357.48999143008575
2007-12-19,1049.312162291483
2007-12-20,8891.79312437224
2007-12-21,1301.3898521201588
2007-12-22,47319.533508710054
2007-12-23,9860.450452155268
2007-12-24,23790.940826599828
2007-12-25,52517.48456047232
2007-12-26,54898.6068191497
2007-12-27,46718.43338997694
2007-12-28,37916.96237788172
2007-12-29,11746.421312561268
2007-12-30,36485.85995164546
2007-12-31,30380.488232163505
2008-01-01,18115.141308840164
2008-01-02,11855.32886038868
2008-01-03,2550.670121988114
2008-01-04,581.86649471875
2008-01-05,2904.6360014866414
2008-01-06,118.99187350863971
2008-01-07,9725.824925500858
2008-01-08,0.0
2008-01-09,186.0577689892157
2008-01-10,1463.217365501654
2008-01-11,15517.193853284325
2008-01-12,21905.59387252394
2008-01-13,42358.84960102205
2008-01-14,36109.19441666832
2008-01-15,9926.854001804906
2008-01-16,11.248117765625
2008-01-17,2675.016885100797
2008-01-18,1410.9377071489585
2008-01-19,11754.61186992073
2008-01-20,3445.550085808822
2008-01-21,8712.717590179594
2008-01-22,100.74875271979167
2008-01-23,6673.485339616482
2008-01-24,14033.87436159455
2008-01-25,18458.342631853742
2008-01-26,17260.502786644676
2008-01-27,45799.77446630422
2008-01-28,17875.847834077627
2008-01-29,13914.030587610723
2008-01-30,81754.5780840783
2008-01-31,70989.46570255214
2008-02-01,76523.52117375206
2008-02-02,6232.67674187739
2008-02-03,712.2399356659315
2008-02-04,9495.914757281309
2008-02-05,2376.967904648837
2008-02-06,7518.98311706115
2008-02-07,27.7381563125
2008-02-08,2633.4032360503065
2008-02-09,60850.98395134463
2008-02-10,44333.03977224322
2008-02-11,18537.133199099095
2008-02-12,49623.91733832122
2008-02-13,82333.85729801877
2008-02-14,9188.336015142586
2008-02-15,36572.594100142705
2008-02-16,2097.3418642981624
2008-02-17,25846.74757613599
2008-02-18,79728.33411809782
2008-02-19,88054.0100851077
2008-02-20,106583.61149057827
2008-02-21,1037.9593184844366
2008-02-22,6719.795663603001
2008-02-23,14650.229659075363
2008-02-24,28006.95649172659
2008-02-25,55069.23155006302
2008-02-26,51609.006859304754
2008-02-27,102364.50265251266
2008-02-28,53693.32190417522
2008-02-29,92211.48612632901
2008-03-01,8430.9531438731
2008-03-02,41796.956297693054
2008-03-03,15538.89639877315
2008-03-04,12496.650693055637
2008-03-05,37851.61681445635
2008-03-06,35722.43394592882
2008-03-07,20105.24678878634
2008-03-08,76964.47407346698
2008-03-09,72045.36649355532
2008-03-10,50125.897603269375
2008-03-11,46614.33504946848
2008-03-12,78745.79232303653
2008-03-13,47254.27088591615
2008-03-14,92672.91536331625
2008-03-15,95623.4558588349
2008-03-16,42214.73655666194
2008-03-17,13453.634426170936
2008-03-18,46793.042304256
2008-03-19,40370.81872719175
2008-03-20,41769.24676694709
2008-03-21,50033.67994498729
2008-03-22,24549.10679550078
2008-03-23,73373.41209669215
2008-03-24,89582.3304596451
2008-03-25,90537.32318921479
2008-03-26,13338.895162289951
2008-03-27,42586.05208266992
2008-03-28,40945.90511367853
2008-03-29,37882.01237938874
2008-03-30,19759.93983702165
2008-03-31,14242.817596410168
2008-04-01,30774.856048790563
2008-04-02,8657.300605615821
2008-04-03,16931.0741355685
2008-04-04,17258.140251864777
2008-04-05,3948.3834894249994
2008-04-06,17599.777639710977
2008-04-07,8076.005312179485
2008-04-08,7168.375281864284
2008-04-09,10648.851960858507
2008-04-10,2173.147761928493
2008-04-11,1963.798115828493
2008-04-12,11029.105802063352
2008-04-13,26164.493552450745
2008-04-14,5977.441948032599
2008-04-15,338.2138121388481
2008-04-16,9735.2316554913
2008-04-17,87881.46735644888
2008-04-18,73576.84630975785
2008-04-19,63040.842928177175
2008-04-20,72089.32176979017
2008-04-21,74806.5751666011
2008-04-22,57307.46067415834
2008-04-23,44098.179384021
2008-04-24,61485.73239144262
2008-04-25,20602.45845784342
2008-04-26,22578.63328853411
2008-04-27,75446.81233930986
2008-04-28,88609.35691264317
2008-04-29,74911.60584245126
2008-04-30,62280.982474029035
2008-05-01,62861.71984713944
2008-05-02,74800.28416687518
2008-05-03,86529.73044701524
2008-05-04,32716.789835450472
2008-05-05,13510.243697358395
2008-05-06,45161.02426547615
2008-05-07,77228.69904709175
2008-05-08,69719.44370403672
2008-05-09,4352.869792136516
2008-05-10,20385.675340341353
2008-05-11,38320.596682642084
2008-05-12,42444.70058258958
2008-05-13,18966.912157720162
2008-05-14,45105.822835558996
2008-05-15,38673.15301271794
2008-05-16,36874.41587350798
2008-05-17,18929.806467071452
2008-05-18,12385.505400269249
2008-05-19,39725.81574765102
2008-05-20,42084.789399236266
2008-05-21,70858.99307691837
2008-05-22,30503.215104047482
2008-05-23,12706.579035813667
2008-05-24,17539.734853918682
2008-05-25,5978.878577305826
2008-05-26,17170.071232260278
2008-05-27,23384.902766888466
2008-05-28,13654.12695498406
2008-05-29,26652.103488696826
2008-05-30,40638.66650446572
2008-05-31,39501.44546937384
2008-06-01,47244.314439037786
2008-06-02,13133.103617737852
2008-06-03,5436.640562906437
2008-06-04,30918.915746891395
2008-06-05,43906.60259634365
2008-06-06,50028.087365044164
2008-06-07,28161.066819863405
2008-06-08,24423.48219025886
2008-06-09,17748.38276240498
2008-06-10,23365.633521884127
2008-06-11,32093.835428735045
2008-06-12,18409.47561282189
2008-06-13,30205.661985220497
2008-06-14,33318.89639522111
2008-06-15,19415.3312835595
2008-06-16,1887.6247636237736
2008-06-17,14415.064735285172
2008-06-18,8085.784080117162
2008-06-19,6116.276669347119
2008-06-20,15389.943825082284
2008-06-21,10822.350467703369
2008-06-22,13476.547524790989
2008-06-23,15675.145984208511
2008-06-24,13958.618264740875
2008-06-25,32086.302928741825
2008-06-26,23377.681449654352
2008-06-27,10023.883083448889
2008-06-28,5381.417422263296
2008-06-29,8643.48007572138
2008-06-30,5493.011010806804
2008-07-01,7551.919635799633
2008-07-02,25700.407170770643
2008-07-03,24681.810918619176
2008-07-04,25094.90577642661
2008-07-05,23393.651025652343
2008-07-06,4245.316675107476
2008-07-07,4419.470881408453
2008-07-08,5611.5953907769035
2008-07-09,2376.021219664522
2008-07-10,13249.607159043026
2008-07-11,11048.698366967521
2008-07-12,9801.168149183452
2008-07-13,11070.072435796017
2008-07-14,3497.285432120894
2008-07-15,19173.278335051717
2008-07-16,21014.627801373474
2008-07-17,19466.49797733838
2008-07-18,2226.461900016974
2008-07-19,6392.2503172115785
2008-07-20,1977.2382809882965
2008-07-21,2313.0093126841293
2008-07-22,4699.464095196691
2008-07-23,3080.01360525294
2008-07-24,10602.565895733085
2008-07-25,5302.108520767036
2008-07-26,4272.693565834373
2008-07-27,6299.326002315996
2008-07-28,9567.384914940503
2008-07-29,16271.321030720661
2008-07-30,19059.72338900535
2008-07-31,20451.71534934254
2008-08-01,19926.097940223117
2008-08-02,14154.74689241673
2008-08-03,10133.06989550772
2008-08-04,10777.230009491112
2008-08-05,574.711006158946
2008-08-06,13604.73962959908
2008-08-07,18995.080587184686
2008-08-08,9575.07892724504
2008-08-09,6490.544186191238
2008-08-10,4479.967785451717
2008-08-11,6762.799926916421
2008-08-12,2233.625186375001
2008-08-13,5452.315711165683
2008-08-14,11325.38989448505
2008-08-15,807.5428814943631
2008-08-16,3332.6817091582097
2008-08-17,2344.1203087714443
2008-08-18,7287.93490972978
2008-08-19,21235.60485546017
2008-08-20,19964.22479685492
2008-08-21,5178.864370082968
2008-08-22,4365.756929178617
2008-08-23,9891.08389012941
2008-08-24,4188.697148704657
2008-08-25,9612.475994758775
2008-08-26,8877.018297323963
2008-08-27,6791.5724365746955
2008-08-28,9048.255537736453
2008-08-29,14827.78334622739
2008-08-30,11912.089564364958
2008-08-31,1803.312065246017
2008-09-01,8164.542171664522
2008-09-02,17783.766676896208
2008-09-03,22372.06115487882
2008-09-04,8211.961311879168
2008-09-05,10772.243373425805
2008-09-06,2977.025684333149
2008-09-07,1159.9751475901348
2008-09-08,9304.24705110699
2008-09-09,29645.317827705887
2008-09-10,49102.68315113088
2008-09-11,31670.310666601305
2008-09-12,37747.20388197463
2008-09-13,30650.923951852747
2008-09-14,14139.369209829907
2008-09-15,17297.768856251187
2008-09-16,17341.458839007057
2008-09-17,2097.420655347916
2008-09-18,3079.805774166974
2008-09-19,13591.265669896873
2008-09-20,18648.373761845578
2008-09-21,36561.85015305809
2008-09-22,16570.241110387225
2008-09-23,8335.698887789833
2008-09-24,26052.491363064153
2008-09-25,41873.40805457782
2008-09-26,39815.42276994218
2008-09-27,44948.40530831568
2008-09-28,29642.048633428014
2008-09-29,35143.087091750334
2008-09-30,34636.79303412676
2008-10-01,27187.256194149002
2008-10-02,36644.625287385374
2008-10-03,38388.747098438755
2008-10-04,39173.94879046889
2008-10-05,31325.249341681123
2008-10-06,8169.753833607111
2008-10-07,4778.2071600055215
2008-10-08,11108.733984077031
2008-10-09,15905.001518509502
2008-10-10,41990.6576898125
2008-10-11,33009.329745740804
2008-10-12,34470.29944506694
2008-10-13,21336.288278332566
2008-10-14,11935.86567399136
2008-10-15,4463.298759377207
2008-10-16,38320.81101776001
2008-10-17,55247.408860389
2008-10-18,46604.37326310838
2008-10-19,29161.78873784521
2008-10-20,21524.394820300633
2008-10-21,46533.70923979324
2008-10-22,20289.585891940085
2008-10-23,28265.58752462142
2008-10-24,36619.88561878325
2008-10-25,16190.268328293407
2008-10-26,25751.315500637742
2008-10-27,29216.64395341174
2008-10-28,5086.557231836522
2008-10-29,4025.774076930456
2008-10-30,13357.989450308942
2008-10-31,54695.710115066926
2008-11-01,48485.841943750595
2008-11-02,29923.957532816243
2008-11-03,29357.1470858868
2008-11-04,46197.96407660498
2008-11-05,39590.47878878176
2008-11-06,34097.16179761936
2008-11-07,34483.02114666826
2008-11-08,22000.440052331047
2008-11-09,10125.022536505818
2008-11-10,22336.489280587364
2008-11-11,3394.448025553926
2008-11-12,1962.8057491098045
2008-11-13,4446.849045280942
2008-11-14,3874.3023224398908
2008-11-15,35168.97075954601
2008-11-16,49864.229070061614
2008-11-17,0.0
2008-11-18,13363.852301859875
2008-11-19,205.79483568075977
2008-11-20,21565.13678616139
2008-11-21,57182.40583564858
2008-11-22,28194.599174522544
2008-11-23,18594.05586359332
2008-11-24,50277.90369196351
2008-11-25,14949.680527349376
2008-11-26,25356.149770899825
2008-11-27,48510.10510347142
2008-11-28,31029.07443333948
2008-11-29,17506.743766017647
2008-11-30,32832.01085065697
2008-12-01,10261.598190803052
2008-12-02,55410.41176961586
2008-12-03,31842.456322491416
2008-12-04,47517.95415515231
2008-12-05,42615.515492418155
2008-12-06,45775.90678674543
2008-12-07,1905.3967746443625
2008-12-08,3086.200511627756
2008-12-09,9630.337223590812
2008-12-10,18199.60521677661
2008-12-11,13862.719732971753
2008-12-12,86388.29837254512
2008-12-13,57767.39168071838
2008-12-14,39757.29501897066
2008-12-15,5638.1260194441775
2008-12-16,0.0
2008-12-17,6436.806352615501
2008-12-18,2287.3880070890928
2008-12-19,1521.311431927391
2008-12-20,0.0
2008-12-21,-9999
2008-12-22,-9999
2008-12-23,0.0
2008-12-24,83799.70538219129
2008-12-25,39698.65349414473
2008-12-26,84489.80857455096
2008-12-27,68813.5647185765
2008-12-28,45177.65697683696
2008-12-29,20002.327208872237
2008-12-30,38088.33984156647
2008-12-31,79570.73082588913
2009-01-01,53717.17445535196
2009-01-02,18783.39829451716
2009-01-03,193.3441946119485
2009-01-04,8342.517255929895
2009-01-05,86536.07402721471
2009-01-06,43780.99004362232
2009-01-07,57859.96226442149
2009-01-08,65053.13492074718
2009-01-09,39167.328819961505
2009-01-10,8063.794644919732
2009-01-11,74860.1172786471
2009-01-12,19641.524851011567
2009-01-13,23149.683273949096
2009-01-14,2358.4755435473667
2009-01-15,277.87103515196077
2009-01-16,4742.296966431006
2009-01-17,151.45578914227943
2009-01-18,77.05178808737746
2009-01-19,57060.951979279176
2009-01-20,91453.71932498865
2009-01-21,36379.03016621219
2009-01-22,9841.603101439041
2009-01-23,21629.622926552318
2009-01-24,230.2367366457107
2009-01-25,1970.5049644893381
2009-01-26,10608.135949624213
2009-01-27,10701.989783407533
2009-01-28,35619.561186347186
2009-01-29,1303.8258007822303
2009-01-30,61607.99597147766
2009-01-31,83318.04548981306
2009-02-01,92873.26878098556
2009-02-02,9968.33536587053
2009-02-03,6967.17428897843
2009-02-04,33473.792732037815
2009-02-05,65.33716042175244
2009-02-06,11112.174358946391
2009-02-07,45907.40312738883
2009-02-08,100157.08245613727
2009-02-09,1745.8743106523284
2009-02-10,5.997683640625
2009-02-11,14585.758367910777
2009-02-12,2070.2124077992034
2009-02-13,0.0
2009-02-14,24717.423055219537
2009-02-15,80044.14681569391
2009-02-16,51768.85101014474
2009-02-17,17672.111484748115
2009-02-18,36585.84175744847
2009-02-19,50841.4803855598
2009-02-20,830.2079087947916
2009-02-21,13500.894827313788
2009-02-22,5699.972616884192
2009-02-23,2003.31684192788
2009-02-24,11254.762540821384
2009-02-25,47450.66553701153
2009-02-26,57013.543831209456
2009-02-27,49854.937386550824
2009-02-28,79709.81126829538
2009-03-01,2046.4332242402575
2009-03-02,18731.073479078677
2009-03-03,2853.9064436270837
2009-03-04,673.014845240012
2009-03-05,27795.763006632078
2009-03-06,4588.365225238727
2009-03-07,7422.966528627511
2009-03-08,1604.6691595378675
2009-03-09,2289.3871103389097
2009-03-10,69720.56648910911
2009-03-11,86214.77477891231
2009-03-12,81158.1572271263
2009-03-13,51134.975408014536
2009-03-14,87534.14611442667
2009-03-15,94559.06460214945
2009-03-16,41299.37699502783
2009-03-17,24062.71473409233
2009-03-18,51895.31571375662
2009-03-19,8535.141565020222
2009-03-20,19147.27376228759
2009-03-21,26770.313933834102
2009-03-22,65.513806734375
2009-03-23,27328.620285393525
2009-03-24,20126.53508256839
2009-03-25,9962.654708335358
2009-03-26,76796.3521952004
2009-03-27,1318.413923669975
2009-03-28,41017.15069429823
2009-03-29,327.58392231721814
2009-03-30,64238.45981481099
2009-03-31,90126.14413700278
2009-04-01,22165.618689001974
2009-04-02,150.22572598651956
2009-04-03,17938.393937870955
2009-04-04,80797.4221173259
2009-04-05,18472.99362447515
2009-04-06,1935.00450543511
2009-04-07,2196.06125313609
2009-04-08,4259.386373429348
2009-04-09,8022.497861889522
2009-04-10,90918.53981796835
2009-04-11,52877.323316754984
2009-04-12,9537.129087162515
2009-04-13,29547.461557106268
2009-04-14,26649.74587687901
2009-04-15,3377.034830348836
2009-04-16,41206.88823681132
2009-04-17,75494.80890164484
2009-04-18,98706.15885681954
2009-04-19,96571.05930819167
2009-04-20,7271.743896709193
2009-04-21,1397.4042650673407
2009-04-22,43166.00231138216
2009-04-23,26311.735438160285
2009-04-24,62942.15638947583
2009-04-25,71182.37384276705
2009-04-26,27222.826573657436
2009-04-27,15661.271045424839
2009-04-28,10186.46321838816
2009-04-29,35814.17545734332
2009-04-30,61778.1938923206
2009-05-01,88837.60050957958
2009-05-02,30681.000340296618
2009-05-03,19613.192226230993
2009-05-04,8271.64852268309
2009-05-05,2954.725390803372
2009-05-06,26185.621557893803
2009-05-07,62150.04676266194
2009-05-08,24585.998809578232
2009-05-09,15772.88591716654
2009-05-10,7858.6686802943095
2009-05-11,38678.73779250447
2009-05-12,80291.89519566407
2009-05-13,88801.18563545962
2009-05-14,61583.31340158368
2009-05-15,28090.021824614443
2009-05-16,61071.26441969434
2009-05-17,81843.34700648213
2009-05-18,94687.03345455519
2009-05-19,48507.014221266465
2009-05-20,19321.817799694953
2009-05-21,25497.61515034361
2009-05-22,58799.054390921454
2009-05-23,57981.256182899124
2009-05-24,42142.03208469703
2009-05-25,9350.864652830149
2009-05-26,70449.65567612613
2009-05-27,60630.102123870536
2009-05-28,66567.81767544315
2009-05-29,72265.66031421167
2009-05-30,69838.38980567319
2009-05-31,72972.94156535134
2009-06-01,25608.894251071684
2009-06-02,49754.70202829942
2009-06-03,45732.94863637239
2009-06-04,27621.75189421011
2009-06-05,8192.88178471434
2009-06-06,5603.623370001347
2009-06-07,11984.754401269607
2009-06-08,26392.88035152904
2009-06-09,50228.68196207208
2009-06-10,22199.365610541343
2009-06-11,24730.753616302314
2009-06-12,32563.483406456555
2009-06-13,18020.94461648896
2009-06-14,11886.582484227876
2009-06-15,19128.559907970113
2009-06-16,2317.6270946394607
2009-06-17,4171.492866970953
2009-06-18,27132.87153046585
2009-06-19,24882.47910903449
2009-06-20,26837.996769337737
2009-06-21,41037.044875612184
2009-06-22,39912.29843861089
2009-06-23,41715.15146242445
2009-06-24,35498.436455281146
2009-06-25,29467.635474948394
2009-06-26,23578.65349417352
2009-06-27,25343.55863302912
2009-06-28,46658.098530682095
2009-06-29,38275.60576326839
2009-06-30,12104.543079138663
2009-07-01,21998.17798464106
2009-07-02,29170.9401624874
2009-07-03,5121.920869124512
2009-07-04,11932.019487178222
2009-07-05,35690.077411294704
2009-07-06,33562.540274244755
2009-07-07,41489.56036343558
2009-07-08,38268.443364793646
2009-07-09,34532.62453352895
2009-07-10,16697.600034714585
2009-07-11,25302.125138376505
2009-07-12,30646.882030963643
2009-07-13,14076.066194708696
2009-07-14,6613.905212751965
2009-07-15,30432.854548660795
2009-07-16,40211.300193020536
2009-07-17,31535.916050095624
2009-07-18,26929.110566123203
2009-07-19,21763.390740274634
2009-07-20,26416.26215151485
2009-07-21,22906.363026488434
2009-07-22,15053.312292946084
2009-07-23,6322.369431999514
2009-07-24,9933.209364180464
2009-07-25,23049.357123654583
2009-07-26,27823.418047302122
2009-07-27,30988.419790001786
2009-07-28,15517.01697025833
2009-07-29,9779.437367513727
2009-07-30,20786.693690205706
2009-07-31,17358.135048949334
2009-08-01,30763.731937836907
2009-08-02,26186.037863692498
2009-08-03,30840.766819351807
2009-08-04,35017.425904841155
2009-08-05,28605.690362055248
2009-08-06,21167.872887130747
2009-08-07,8145.132636131676
2009-08-08,12178.035547258465
2009-08-09,20234.74271000726
2009-08-10,21059.451807216534
2009-08-11,26891.009357800896
2009-08-12,26267.038579309305
2009-08-13,30499.06297164824
2009-08-14,23415.875231658396
2009-08-15,26742.774463605467
2009-08-16,3829.5566692585785
2009-08-17,6617.403192970029
2009-08-18,6650.425760171631
2009-08-19,6082.138124377451
2009-08-20,20662.69588289298
2009-08-21,13161.543471310915
2009-08-22,15308.661466367577
2009-08-23,10595.513517107118
2009-08-24,19571.639221292542
2009-08-25,23417.40053701081
2009-08-26,5104.30017087696
2009-08-27,26392.49520742177
2009-08-28,25615.128861988174
2009-08-29,23700.340610948355
2009-08-30,11217.560495751779
2009-08-31,1182.4456353911153
2009-09-01,3104.2850072254887
2009-09-02,4223.276849044546
2009-09-03,4006.7322195293514
2009-09-04,21653.93745848442
2009-09-05,26459.566323806728
2009-09-06,21038.27397872511
2009-09-07,22103.02760903521
2009-09-08,33034.27663806399
2009-09-09,0.0
2009-09-10,28034.35745554026
2009-09-11,18384.28246981398
2009-09-12,9248.635758160655
2009-09-13,14511.162379480678
2009-09-14,19041.041401403083
2009-09-15,18381.004098151243
2009-09-16,5939.405962636272
2009-09-17,17750.21552719515
2009-09-18,24123.48938113971
2009-09-19,30175.532068177687
2009-09-20,31123.355675451206
2009-09-21,24368.330253707347
2009-09-22,21107.48459188775
2009-09-23,14616.93684244933
2009-09-24,19639.33678169903
2009-09-25,30585.548058577297
2009-09-26,25245.297102008408
2009-09-27,16140.442440060211
2009-09-28,9902.3232935818
2009-09-29,20959.592664235115
2009-09-30,32080.26699022102
2009-10-01,24445.18236892952
2009-10-02,21088.819406235743
2009-10-03,17956.995670228498
2009-10-04,3445.16114265386
2009-10-05,10049.947744315987
2009-10-06,20349.179226783435
2009-10-07,18534.827299259567
2009-10-08,12136.491217089406
2009-10-09,7812.138102045706
2009-10-10,22169.535349216065
2009-10-11,27535.077924861263
2009-10-12,27367.33972212876
2009-10-13,27902.669652885495
2009-10-14,8083.9844896240165
2009-10-15,11932.044232407101
2009-10-16,5276.442709992522
2009-10-17,17037.614355615136
2009-10-18,7254.213920757293
2009-10-19,26821.005028875315
2009-10-20,24956.900651217577
2009-10-21,10737.292100615334
2009-10-22,16436.897281172976
2009-10-23,12205.763687021878
2009-10-24,24426.130758388368
2009-10-25,22886.76272095062
2009-10-26,28808.479457337187
2009-10-27,26716.315039463498
2009-10-28,576.5757938206497
2009-10-29,11374.512621058813
2009-10-30,48675.31077478127
2009-10-31,48668.187103855664
2009-11-01,49418.41547540639
2009-11-02,38972.83976791264
2009-11-03,10764.3927726753
2009-11-04,30913.648186615774
2009-11-05,7817.918859534316
2009-11-06,12251.122531648523
2009-11-07,13829.055267331136
2009-11-08,1736.9946749800254
2009-11-09,270.9988795331495
2009-11-10,21960.24117737153
2009-11-11,82352.9456622789
2009-11-12,82357.18297960481
2009-11-13,19490.734785372053
2009-11-14,45129.28417327408
2009-11-15,15179.773517226777
2009-11-16,33988.6231951864
2009-11-17,17405.375800066926
2009-11-18,53944.999377496824
2009-11-19,75701.69240331929
2009-11-20,71917.24092685363
2009-11-21,80603.6775953982
2009-11-22,36825.48602879086
2009-11-23,57473.346645321
2009-11-24,36097.20291989039
2009-11-25,30969.51731153405
2009-11-26,52938.33734683368
2009-11-27,7131.148728208708
2009-11-28,3247.320877010722
2009-11-29,39448.65751810871
2009-11-30,19118.50991241839
2009-12-01,23420.92198863093
2009-12-02,72029.25061710355
2009-12-03,5019.408774994482
2009-12-04,26859.1761285301
2009-12-05,18356.610007282135
2009-12-06,33552.774626801045
2009-12-07,75897.21493680999
2009-12-08,2894.5065067574756
2009-12-09,672.7144607738359
2009-12-10,1086.4035130716913
2009-12-11,27663.37224576624
2009-12-12,380.7213499310049
2009-12-13,30053.677167937218
2009-12-14,17256.332352524638
2009-12-15,16695.125945820462
2009-12-16,17019.444351115384
2009-12-17,66373.26627901958
2009-12-18,66453.40169066665
2009-12-19,53309.089416403905
2009-12-20,3366.8731724852937
2009-12-21,8983.286909789906
2009-12-22,70949.71225378088
2009-12-23,79979.22272052507
2009-12-24,73024.70766029108
2009-12-25,66571.30801432309
2009-12-26,24159.686279554535
2009-12-27,12049.702887472356
2009-12-28,34958.53820576668
2009-12-29,34000.956809462274
2009-12-30,75466.49464358987
2009-12-31,46903.28229139775
2010-01-01,91230.33180896366
2010-01-02,65610.0126664235
2010-01-03,15186.698200191491
2010-01-04,83533.7670737601
2010-01-05,76333.66696655215
2010-01-06,83782.89706182304
2010-01-07,56819.66612876874
2010-01-08,55532.59911503308
2010-01-09,14510.714474127151
2010-01-10,67528.31815940197
2010-01-11,41379.397418905806
2010-01-12,38891.17085800988
2010-01-13,50054.55605582798
2010-01-14,37816.48323968745
2010-01-15,31083.738495901485
2010-01-16,9188.397617061275
2010-01-17,13078.041841818496
2010-01-18,12590.93532889986
2010-01-19,39456.06050077652
2010-01-20,10935.849004952328
2010-01-21,47817.39693860975
2010-01-22,2956.3819376680754
2010-01-23,38687.316223179965
2010-01-24,30640.02935947142
2010-01-25,21532.022474598518
2010-01-26,42297.26133706523
2010-01-27,4020.335797059743
2010-01-28,16510.72938455864
2010-01-29,3619.407236573837
2010-01-30,47699.70385075383
2010-01-31,3645.3067934348637
2010-02-01,8755.760272618814
2010-02-02,68357.51293531948
2010-02-03,13559.434860737065
2010-02-04,59784.779706064524
2010-02-05,1167.949192700184
2010-02-06,559.7241966960175
2010-02-07,0.0
2010-02-08,0.0
2010-02-09,890.846494235478
2010-02-10,38515.43559120974
2010-02-11,0.6511183999999999
2010-02-12,29.89425212457108
2010-02-13,7128.399402400185
2010-02-14,55.59550447291669
2010-02-15,5888.367061123712
2010-02-16,23693.757807040558
2010-02-17,66332.7335619849
2010-02-18,27368.64817590416
2010-02-19,18098.50906934858
2010-02-20,62855.26821237587
2010-02-21,33570.694775884505
2010-02-22,4547.584728441488
2010-02-23,61938.35216431233
2010-02-24,21409.865361200536
2010-02-25,14098.82455634415
2010-02-26,2614.147291595219
2010-02-27,25062.367510255524
2010-02-28,4255.413694383515
2010-03-01,3621.865178891789
2010-03-02,27810.822381887632
2010-03-03,3003.551972877261
2010-03-04,5762.519229293201
2010-03-05,41917.91151846628
2010-03-06,0.0
2010-03-07,46403.01658251227
2010-03-08,99766.8240052566
2010-03-09,64568.04164573027
2010-03-10,2597.664341560048
2010-03-11,98985.50991119485
2010-03-12,46522.95050410143
2010-03-13,54062.062165336545
2010-03-14,79405.72580224957
2010-03-15,105190.12138404965
2010-03-16,111155.2363444422
2010-03-17,81690.25294479459
2010-03-18,102296.66665598014
2010-03-19,91441.89468120574
2010-03-20,45216.31706363219
2010-03-21,3167.1192145181362
2010-03-22,3269.142293040011
2010-03-23,5719.978258989519
2010-03-24,42429.45093702644
2010-03-25,47851.309973782336
2010-03-26,40233.020340324234
2010-03-27,36379.63183147865
2010-03-28,29544.101669736214
2010-03-29,5811.043413112626
2010-03-30,11217.902149411517
2010-03-31,59821.54390220941
2010-04-01,33430.34896527287
2010-04-02,22472.90716533857
2010-04-03,10453.520586687837
2010-04-04,8427.068748015323
2010-04-05,27996.29451858031
2010-04-06,95104.90505235751
2010-04-07,26786.245906507713
2010-04-08,6804.201658395228
2010-04-09,32515.955863426796
2010-04-10,48595.267383810504
2010-04-11,25951.8315802097
2010-04-12,4384.770041603615
2010-04-13,78797.9709246462
2010-04-14,102801.9653501928
2010-04-15,31538.245295023935
2010-04-16,15711.800362318954
2010-04-17,5558.879962389101
2010-04-18,1826.9131387313726
2010-04-19,26574.471572556045
2010-04-20,43793.53964329841
2010-04-21,15528.202511423531
2010-04-22,39575.27941461166
2010-04-23,24656.85308876085
2010-04-24,57392.60580151168
2010-04-25,63073.48756804454
2010-04-26,61791.215670646954
2010-04-27,28958.90158156128
2010-04-28,9533.069066334318
2010-04-29,44690.650105503235
2010-04-30,32894.450685528456
2010-05-01,11764.51235328229
2010-05-02,84953.73000676105
2010-05-03,85475.2884767215
2010-05-04,32235.65054835284
2010-05-05,399.99517580962015
2010-05-06,15142.572936198227
2010-05-07,3889.3383102967537
2010-05-08,24294.760415567664
2010-05-09,53322.25611319959
2010-05-10,8522.121203538434
2010-05-11,44879.27716200612
2010-05-12,33447.29699512022
2010-05-13,2664.7475458089457
2010-05-14,25322.735007276755
2010-05-15,33442.85903716028
2010-05-16,5183.6275079158695
2010-05-17,387.7911479879903
2010-05-18,2878.9115985999388
2010-05-19,29586.10823332684
2010-05-20,71865.30765146203
2010-05-21,99289.97095306161
2010-05-22,26591.25958906718
2010-05-23,6146.806499126534
2010-05-24,62792.59720222238
2010-05-25,82296.24114488333
2010-05-26,80889.4673626776
2010-05-27,13964.51054541312
2010-05-28,9600.125675291665
2010-05-29,29741.534219818383
2010-05-30,80142.02981097219
2010-05-31,86807.23059009762
2010-06-01,78415.10887848306
2010-06-02,26516.701314684306
2010-06-03,6339.204806867218
2010-06-04,4092.92686306195
2010-06-05,13475.837887651642
2010-06-06,43619.65232420278
2010-06-07,24891.516210918202
2010-06-08,3526.5581918560665
2010-06-09,28305.700054127454
2010-06-10,31084.07865143293
2010-06-11,43384.49535272752
2010-06-12,23197.855132587254
2010-06-13,18908.782756574994
2010-06-14,4841.2176311384155
2010-06-15,5484.448055542465
2010-06-16,3980.3363271248145
2010-06-17,14288.746526189034
2010-06-18,40605.32423262447
2010-06-19,71705.80807906803
2010-06-20,65745.03665950266
2010-06-21,67906.57251186468
2010-06-22,49690.48759856456
2010-06-23,58202.740502474226
2010-06-24,10617.008883252998
2010-06-25,5112.791175543076
2010-06-26,0.0
2010-06-27,35960.2513973658
2010-06-28,41210.6865610958
2010-06-29,22510.348993445572
2010-06-30,14116.558848361085
2010-07-01,23344.23719021226
2010-07-02,25811.432765843438
2010-07-03,35407.11178486885
2010-07-04,21390.255432591613
2010-07-05,12434.350184595147
2010-07-06,14724.982772090383
2010-07-07,39849.6502608231
2010-07-08,54267.059822084375
2010-07-09,50393.803497576024
2010-07-10,41853.12438331587
2010-07-11,45069.13000407772
2010-07-12,17950.44108650998
2010-07-13,12391.14856081011
2010-07-14,21591.687030981004
2010-07-15,42665.17730984051
2010-07-16,47133.40606317613
2010-07-17,49659.40938072217
2010-07-18,41768.4516305053
2010-07-19,39871.71449636792
2010-07-20,10226.649345259384
2010-07-21,1264.8602375957723
2010-07-22,2178.593993149019
2010-07-23,16030.361595849876
2010-07-24,22219.57267280773
2010-07-25,14553.60639318456
2010-07-26,32619.78144317174
2010-07-27,18605.916606975978
2010-07-28,5089.318489514335
2010-07-29,1160.2839496405015
2010-07-30,4695.314207083214
2010-07-31,8562.85810082549
2010-08-01,20653.290164515576
2010-08-02,18837.014657742155
2010-08-03,23633.124302582455
2010-08-04,16523.988764432044
2010-08-05,5469.43461228603
2010-08-06,10039.863657119175
2010-08-07,3232.149343629106
2010-08-08,5006.481053388849
2010-08-09,4596.023916896695
2010-08-10,6673.556736409741
2010-08-11,6226.97474464748
2010-08-12,17280.529259653988
2010-08-13,3213.4633418796566
2010-08-14,2036.4684223753677
2010-08-15,1484.8771034374386
2010-08-16,621.1750997117643
2010-08-17,3773.399998906127
2010-08-18,7724.054720782539
2010-08-19,4808.741324043141
2010-08-20,6818.984051952757
2010-08-21,16313.70311615578
2010-08-22,23757.16295079261
2010-08-23,21829.328971855637
2010-08-24,6000.885582718749
2010-08-25,1921.327959418504
2010-08-26,6037.946255310416
2010-08-27,27441.843257069282
2010-08-28,29009.681611284923
2010-08-29,30474.126163000525
2010-08-30,29126.099202246278
2010-08-31,24594.36436035382
2010-09-01,15203.265360738236
2010-09-02,4781.611275971265
2010-09-03,1779.894235578739
2010-09-04,7932.566334269544
2010-09-05,11520.399709185962
2010-09-06,15252.694835526783
2010-09-07,5789.4341130245075
2010-09-08,3360.304216904781
2010-09-09,11547.744234549267
2010-09-10,2768.7467535735286
2010-09-11,4562.023239798526
2010-09-12,4424.243765894426
2010-09-13,2124.1511352887246
2010-09-14,1639.6036832695468
2010-09-15,9179.14768754492
2010-09-16,15160.064575384251
2010-09-17,10157.254444478895
2010-09-18,14602.952554854415
2010-09-19,33424.8268122905
2010-09-20,40888.32356964451
2010-09-21,36838.04614891549
2010-09-22,13443.284674353183
2010-09-23,7136.948194253919
2010-09-24,6612.081272712934
2010-09-25,26067.414483225068
2010-09-26,10920.098177450436
2010-09-27,22463.25586292389
2010-09-28,10881.639149164348
2010-09-29,9724.369884147918
2010-09-30,22427.789831444352
2010-10-01,25534.030281238764
2010-10-02,41647.29251394051
2010-10-03,38782.78616913164
2010-10-04,38710.32615920021
2010-10-05,41971.589669742905
2010-10-06,35844.34602736504
2010-10-07,29673.02001035964
2010-10-08,21373.050318377725
2010-10-09,30111.228256937615
2010-10-10,12660.352357291978
2010-10-11,20130.17468812083
2010-10-12,11417.423611256618
2010-10-13,27163.797354737442
2010-10-14,33012.22965846204
2010-10-15,25905.01263233822
2010-10-16,35643.29348621878
2010-10-17,35467.80485886959
2010-10-18,32667.8822829207
2010-10-19,34524.44319680011
2010-10-20,16415.348880493504
2010-10-21,9306.688864396328
2010-10-22,4120.5182902799015
2010-10-23,50739.632035500064
2010-10-24,49639.97864999185
2010-10-25,72921.50349465452
2010-10-26,31181.371095266804
2010-10-27,42321.31712381828
2010-10-28,49649.18418954344
2010-10-29,2511.3903631027574
2010-10-30,9044.182799510661
2010-10-31,37192.77280593907
2010-11-01,53793.47348219727
2010-11-02,53995.398508956925
2010-11-03,52416.89580493643
2010-11-04,13758.198384597245
2010-11-05,10780.906146782352
2010-11-06,11097.319083799384
2010-11-07,40985.44101797552
2010-11-08,45683.09208983699
2010-11-09,41485.34468405228
2010-11-10,42510.28660092221
2010-11-11,47465.990231370226
2010-11-12,37814.09916455981
2010-11-13,25814.01786963344
2010-11-14,30158.222478504882
2010-11-15,32727.29390402706
2010-11-16,27666.147837512042
2010-11-17,32091.171251057465
2010-11-18,19470.788849399163
2010-11-19,25523.073205958335
2010-11-20,32032.223731689613
2010-11-21,8323.217771448713
2010-11-22,2824.6143306137255
2010-11-23,18138.137823001463
2010-11-24,24038.2932807116
2010-11-25,2497.7541356317406
2010-11-26,28309.58207839721
2010-11-27,42162.47706302453
2010-11-28,35873.06317668703
2010-11-29,35738.6475508163
2010-11-30,27426.717584331152
2010-12-01,26737.38345143965
2010-12-02,23270.12219475171
2010-12-03,33044.26539358196
2010-12-04,14655.148719894061
2010-12-05,25134.486840761056
2010-12-06,14925.118892757671
2010-12-07,20408.833045845167
2010-12-08,29755.10804210009
2010-12-09,12199.05933060013
2010-12-10,23001.05116005246
2010-12-11,17360.03560400519
2010-12-12,23197.302336625562
2010-12-13,15080.447315168265
2010-12-14,22996.01399475516
2010-12-15,23821.96645333439
2010-12-16,4031.0542862802067
2010-12-17,578.3776129794729
2010-12-18,13870.220790858448
2010-12-19,32122.674648765984
2010-12-20,24649.69202129869
2010-12-21,22765.608532610015
2010-12-22,13802.71016786974
2010-12-23,8853.208860845405
2010-12-24,32362.747189235528
2010-12-25,15094.052946705757
2010-12-26,6792.090220063551
2010-12-27,5351.413444118563
2010-12-28,3756.079236421323
2010-12-29,2647.7914312110915
2010-12-30,1339.9303169222426
2010-12-31,25452.29659440839
2011-01-01,92654.73298001566
2011-01-02,83142.31030502106
2011-01-03,55896.54192820232
2011-01-04,26094.937258122707
2011-01-05,40856.90907120439
2011-01-06,12680.614277341308
2011-01-07,653.7793710626838
2011-01-08,10043.234728879355
2011-01-09,59101.4589400528
2011-01-10,58200.75832084483
2011-01-11,12380.528742749018
2011-01-12,38770.63986358118
2011-01-13,24298.23268184271
2011-01-14,623.0885630120711
2011-01-15,8180.478180285843
2011-01-16,80041.59318142865
2011-01-17,4875.983681796385
2011-01-18,42586.948286891784
2011-01-19,58364.63568355049
2011-01-20,6511.80653699601
2011-01-21,14941.240493972542
2011-01-22,65423.392578596206
2011-01-23,59876.25602828876
2011-01-24,55142.823016846705
2011-01-25,54687.01376445626
2011-01-26,47030.254750151355
2011-01-27,73108.6015327171
2011-01-28,180.0547367792279
2011-01-29,9422.488027634561
2011-01-30,14528.128819614945
2011-01-31,17679.16492722494
2011-02-01,52053.264746812914
2011-02-02,46847.86166573789
2011-02-03,4004.084352099328
2011-02-04,6.189205943259804
2011-02-05,1431.3608526132355
2011-02-06,86.235857765625
2011-02-07,9.99973096875
2011-02-08,57141.92156254624
2011-02-09,17537.60972714987
2011-02-10,61892.921318383065
2011-02-11,19670.01894705846
2011-02-12,343.70467257898287
2011-02-13,518.2788696234682
2011-02-14,5891.528377580826
2011-02-15,27943.12205524259
2011-02-16,52730.63034918065
2011-02-17,46299.42083787243
2011-02-18,51830.926121083605
2011-02-19,3471.840593496629
2011-02-20,787.373061485723
2011-02-21,74213.19247459852
2011-02-22,151.80489358915443
2011-02-23,3788.1644991946705
2011-02-24,329.221792859375
2011-02-25,2305.9553765076594
2011-02-26,4711.803260236029
2011-02-27,34428.15361660749
2011-02-28,289.8521353199143
2011-03-01,2871.794831841299
2011-03-02,30.728811892585785
2011-03-03,458.74088311715684
2011-03-04,3971.6418335698527
2011-03-05,5826.391198137744
2011-03-06,19973.558368050322
2011-03-07,2712.2620287821082
2011-03-08,61392.21232466019
2011-03-09,98309.5818211246
2011-03-10,90169.51674199813
2011-03-11,107175.23377353625
2011-03-12,70327.53985763548
2011-03-13,87286.98379310618
2011-03-14,110036.04721247486
2011-03-15,68649.23333642498
2011-03-16,16742.096577112752
2011-03-17,881.8040641499383
2011-03-18,22244.82011555362
2011-03-19,26.757664451654414
2011-03-20,43235.97430087482
2011-03-21,98427.46812511845
2011-03-22,68033.80513883913
2011-03-23,69775.82803272523
2011-03-24,78261.3665633795
2011-03-25,101478.68916963214
2011-03-26,67018.13280187946
2011-03-27,69664.77782737341
2011-03-28,2778.79389304908
2011-03-29,21292.215957015433
2011-03-30,30452.02424546703
2011-03-31,51574.777141460916
2011-04-01,16286.92804495611
2011-04-02,17516.178299278352
2011-04-03,18608.812790618744
2011-04-04,1490.7954324365808
2011-04-05,30554.743160059104
2011-04-06,37995.353922085655
2011-04-07,90346.78567867079
2011-04-08,104214.23288830579
2011-04-09,48336.458412723274
2011-04-10,9141.607866932483
2011-04-11,2346.3713176346196
2011-04-12,26560.02686812786
2011-04-13,90444.40797005533
2011-04-14,104628.42340038343
2011-04-15,50920.13196464377
2011-04-16,22856.032919402027
2011-04-17,444.47944060661763
2011-04-18,11719.616872651766
2011-04-19,25523.579148534536
2011-04-20,38449.82855399562
2011-04-21,75758.37009844068
2011-04-22,102524.46073828916
2011-04-23,102809.7815535754
2011-04-24,107733.54531615063
2011-04-25,103409.31982776425
2011-04-26,102304.27787529124
2011-04-27,102851.38279182531
2011-04-28,77388.41542630194
2011-04-29,28070.756168062846
2011-04-30,47532.856961374615
2011-05-01,62993.88325918947
2011-05-02,81970.8973670193
2011-05-03,91737.83688478288
2011-05-04,88802.89164554792
2011-05-05,58083.15650171781
2011-05-06,3337.9981475585173
2011-05-07,37945.146017986815
2011-05-08,60516.69418580435
2011-05-09,29697.53681521809
2011-05-10,57202.770583817684
2011-05-11,22848.94784036664
2011-05-12,29305.22946241376
2011-05-13,39153.19969137558
2011-05-14,74751.58953524659
2011-05-15,80642.48584818003
2011-05-16,71578.49452908523
2011-05-17,67188.66882103597
2011-05-18,56901.862034970196
2011-05-19,54604.75490719046
2011-05-20,28159.309674033546
2011-05-21,7489.762338967828
2011-05-22,35200.73161883871
2011-05-23,57698.647409915466
2011-05-24,35060.312224578345
2011-05-25,40017.04158266583
2011-05-26,11843.005495525458
2011-05-27,12108.74162657163
2011-05-28,51706.30434643093
2011-05-29,48353.01486703775
2011-05-30,41099.864761394594
2011-05-31,47214.13775816688
2011-06-01,5014.909132672672
2011-06-02,12057.035288097857
2011-06-03,31605.863263594558
2011-06-04,57149.65493191195
2011-06-05,43159.79669198071
2011-06-06,25081.138744569784
2011-06-07,37112.01263315497
2011-06-08,38207.59734274519
2011-06-09,34908.2670749487
2011-06-10,35855.036102423524
2011-06-11,32288.374542441306
2011-06-12,3640.3775900566193
2011-06-13,21087.427667901153
2011-06-14,30803.49743516934
2011-06-15,35101.03406057351
2011-06-16,42517.0737240163
2011-06-17,11045.578468067763
2011-06-18,12304.000257920407
2011-06-19,23829.37648283553
2011-06-20,16693.885179304223
2011-06-21,37163.20157746334
2011-06-22,37893.12459075829
2011-06-23,13379.623603080512
2011-06-24,28404.416276892207
2011-06-25,37738.329678788046
2011-06-26,16423.259345646264
2011-06-27,18480.166122209946
2011-06-28,6063.791013194421
2011-06-29,13741.642869281697
2011-06-30,8314.070286844057
2011-07-01,10278.940272104597
2011-07-02,9496.522948762742
2011-07-03,9867.87065126349
2011-07-04,6036.232089134136
2011-07-05,21245.7368133816
2011-07-06,23262.193802563776
2011-07-07,18098.223626132112
2011-07-08,2572.979819854228
2011-07-09,2405.4569691905026
2011-07-10,5995.935610697426
2011-07-11,10069.539460991604
2011-07-12,24365.395892588786
2011-07-13,28689.661242727034
2011-07-14,19379.449992651294
2011-07-15,3530.570548673652
2011-07-16,1092.9496787265318
2011-07-17,11865.213570741482
2011-07-18,6342.20698870294
2011-07-19,3173.746539447917
2011-07-20,18892.79974201423
2011-07-21,13992.445457653994
2011-07-22,9777.783281799877
2011-07-23,10490.851041893882
2011-07-24,9227.478866234505
2011-07-25,5912.488504035169
2011-07-26,9719.332670851412
2011-07-27,10408.460329632104
2011-07-28,2211.0437130640935
2011-07-29,1868.3624463945469
2011-07-30,4496.578437091173
2011-07-31,6044.246408406986
2011-08-01,6072.153357577756
2011-08-02,17498.919668505394
2011-08-03,26618.441344320654
2011-08-04,20295.44513651852
2011-08-05,24357.70804024481
2011-08-06,14977.44429611644
2011-08-07,2453.6004899025734
2011-08-08,14788.078769897487
2011-08-09,13761.274988450674
2011-08-10,14157.476113709186
2011-08-11,6530.0141588844945
2011-08-12,3191.0187199919715
2011-08-13,4784.80442074332
2011-08-14,3368.7622539475487
2011-08-15,2131.360583349754
2011-08-16,7897.792172120531
2011-08-17,16223.920930978747
2011-08-18,10187.942242727639
2011-08-19,2521.2025097746946
2011-08-20,11590.429837906437
2011-08-21,27194.823265448944
2011-08-22,23273.62000227622
2011-08-23,24412.446360593392
2011-08-24,20753.80315691693
2011-08-25,10789.307191432235
2011-08-26,5391.374186845771
2011-08-27,7200.542933435357
2011-08-28,645.6160765536765
2011-08-29,3213.7669936364578
2011-08-30,8642.891836851599
2011-08-31,6182.3279760057
2011-09-01,6461.52086364559
2011-09-02,2931.582490067277
2011-09-03,4245.3337762800875
2011-09-04,5557.1159479069265
2011-09-05,12337.352681979657
2011-09-06,21460.370753222556
2011-09-07,20012.47393079652
2011-09-08,11974.261713764397
2011-09-09,3763.762498108639
2011-09-10,8957.962237929103
2011-09-11,3899.6073510364577
2011-09-12,19473.940718536163
2011-09-13,17946.223950213058
2011-09-14,2769.5696936453437
2011-09-15,4724.02997115907
2011-09-16,1782.4484906994487
2011-09-17,42053.828328206495
2011-09-18,10912.033748573913
2011-09-19,11983.645873145662
2011-09-20,13325.209040662494
2011-09-21,26823.66672674109
2011-09-22,19792.574227235313
2011-09-23,17126.37536410068
2011-09-24,18587.768627966685
2011-09-25,16302.807129756198
2011-09-26,17013.521673964537
2011-09-27,16762.607580763306
2011-09-28,30752.568228720527
2011-09-29,25739.284565912934
2011-09-30,26049.92268654229
2011-10-01,18468.225968312578
2011-10-02,29197.65640288856
2011-10-03,31802.056178478484
2011-10-04,31283.41606111319
2011-10-05,12632.822553039961
2011-10-06,6438.688549255266
2011-10-07,2307.8265698348646
2011-10-08,7959.027883919182
2011-10-09,18903.31396223534
2011-10-10,29429.873776588942
2011-10-11,40373.008513353765
2011-10-12,46167.33768240888
2011-10-13,35175.82564222425
2011-10-14,9104.432271878479
2011-10-15,26294.470430784313
2011-10-16,20191.03555617122
2011-10-17,18655.638997916696
2011-10-18,10194.087217716666
2011-10-19,13308.840632200547
2011-10-20,2540.1797538976107
2011-10-21,11823.718460289954
2011-10-22,3442.619819281311
2011-10-23,3933.6471068835763
2011-10-24,42226.496942120466
2011-10-25,51449.08778984209
2011-10-26,63008.61370759704
2011-10-27,61231.71279226581
2011-10-28,28906.680212493193
2011-10-29,4111.628123310662
2011-10-30,10513.170885869655
2011-10-31,5604.554220472486
2011-11-01,7730.288977245828
2011-11-02,6224.570013268199
2011-11-03,4223.689659775185
2011-11-04,3805.4769555858447
2011-11-05,30506.195225185922
2011-11-06,63034.54908668352
2011-11-07,6971.58498154031
2011-11-08,7441.853903525003
2011-11-09,1333.5301930769601
2011-11-10,1014.4714917936885
2011-11-11,50781.9676477695
2011-11-12,58895.44320698839
2011-11-13,46431.42747958136
2011-11-14,15112.35575845332
2011-11-15,11650.3994093454
2011-11-16,35276.34499022308
2011-11-17,23851.96767684995
2011-11-18,19443.865203533715
2011-11-19,7544.109667916608
2011-11-20,41608.92859417409
2011-11-21,25692.765882115997
2011-11-22,43763.85250864523
2011-11-23,3736.164559467037
2011-11-24,3679.5647730752476
2011-11-25,43895.41336885538
2011-11-26,22941.454386143363
2011-11-27,37730.92713802735
2011-11-28,22322.083439997892
2011-11-29,57512.14771315996
2011-11-30,64343.08426151075
2011-12-01,6633.746761461576
2011-12-02,38300.858357166806
2011-12-03,24460.23734566313
2011-12-04,50321.98245763049
2011-12-05,12754.325088011406
2011-12-06,12695.82202459786
2011-12-07,2244.259202523835
2011-12-08,17734.1134620043
2011-12-09,36749.67897664258
2011-12-10,69858.19349403022
2011-12-11,63362.509940818556
2011-12-12,45340.03426943612
2011-12-13,49838.97277750954
2011-12-14,45807.76054714087
2011-12-15,14824.31598638693
2011-12-16,41058.98147544712
2011-12-17,35225.32609703896
2011-12-18,8721.773786953865
2011-12-19,60.55479228645833
2011-12-20,289.28984500379903
2011-12-21,15422.877571301968
2011-12-22,42469.78077954063
2011-12-23,34535.7789408286
2011-12-24,15967.401718117884
2011-12-25,28949.07917248126
2011-12-26,30019.033636219538
2011-12-27,7288.10000643321
2011-12-28,11032.950224598295
2011-12-29,30482.90021775474
2011-12-30,46115.447950223606
2011-12-31,39849.323164539936
2012-01-01,39597.84204041892
2012-01-02,35431.70571865703
2012-01-03,11707.130024162321
2012-01-04,1942.6655317647674
2012-01-05,1978.74438293842
2012-01-06,2231.6750813170347
2012-01-07,2075.1314704376837
2012-01-08,9180.684427225433
2012-01-09,36594.72637781549
2012-01-10,60991.62563391411
2012-01-11,57843.324636739904
2012-01-12,42639.08660306827
2012-01-13,25462.966342929503
2012-01-14,2138.978061370037
2012-01-15,15.748940625
2012-01-16,32815.7829425592
2012-01-17,39964.896837906104
2012-01-18,62252.077379562004
2012-01-19,7633.455861774016
2012-01-20,21912.98216791574
2012-01-21,47138.67942330219
2012-01-22,4506.52873696728
2012-01-23,29387.871420529576
2012-01-24,59062.37629103821
2012-01-25,19210.443654543426
2012-01-26,2442.2404500384196
2012-01-27,10977.977313063897
2012-01-28,22310.023989572066
2012-01-29,50591.482022693235
2012-01-30,63623.68310339857
2012-01-31,13867.995497817288
2012-02-01,66633.40106383008
2012-02-02,29536.17406257824
2012-02-03,9127.046402785538
2012-02-04,219.00740520153187
2012-02-05,6484.79733148474
2012-02-06,12197.227811167766
2012-02-07,15751.743694065684
2012-02-08,39927.91427371456
2012-02-09,62585.74849150833
2012-02-10,40915.89295511084
2012-02-11,989.0861754674637
2012-02-12,370.70469735502445
2012-02-13,745.0003933545955
2012-02-14,3986.002094009559
2012-02-15,28914.17880177174
2012-02-16,28.185043406985297
2012-02-17,19936.70034670459
2012-02-18,1508.2340252518995
2012-02-19,1421.4089628541667
2012-02-20,29.2553556875
2012-02-21,5583.2349870856015
2012-02-22,444.2738045840074
2012-02-23,1349.1348558390316
2012-02-24,39324.64740395896
2012-02-25,12.996274234375
2012-02-26,30738.773580891906
2012-02-27,1820.7526736162995
2012-02-28,47184.85580821575
2012-02-29,66433.30658236583
2012-03-01,29158.492682411485
2012-03-02,58277.5431838176
2012-03-03,28744.74787882181
2012-03-04,4129.784583218016
2012-03-05,751.079881531434
2012-03-06,47945.297047664695
2012-03-07,331.4943504604166
2012-03-08,9609.804359430145
2012-03-09,42499.14097768101
2012-03-10,8684.206019347372
2012-03-11,24502.83436948995
2012-03-12,2236.9884140600475
2012-03-13,31533.222101059433
2012-03-14,4398.795479756067
2012-03-15,80464.00913166945
2012-03-16,1041.9879539417284
2012-03-17,7275.742239733404
2012-03-18,1568.3059148310044
2012-03-19,59.226588809742644
2012-03-20,1490.4242845215686
2012-03-21,40851.69812719913
2012-03-22,97633.18243987848
2012-03-23,11101.161761410905
2012-03-24,25296.471932641165
2012-03-25,2404.7792124440575
2012-03-26,426.86270585140926
2012-03-27,7922.47786757948
2012-03-28,10024.44756824689
2012-03-29,100453.14266574709
2012-03-30,79299.40423748425
2012-03-31,58969.32661461226
2012-04-01,13801.127489982506
2012-04-02,36213.2011649966
2012-04-03,29101.672345809846
2012-04-04,68527.13943296748
2012-04-05,52504.33472004861
2012-04-06,53664.5713061834
2012-04-07,37013.17040469745
2012-04-08,29655.925616924476
2012-04-09,7686.548254685601
2012-04-10,1863.2893996742657
2012-04-11,2932.70867841777
2012-04-12,29550.11375558639
2012-04-13,1298.4893775728556
2012-04-14,27635.270466155
2012-04-15,8824.975113102262
2012-04-16,28795.697133361376
2012-04-17,74576.43296612712
2012-04-18,86739.79376557449
2012-04-19,89348.0274567401
2012-04-20,9977.285751893507
2012-04-21,21029.054319710733
2012-04-22,17211.89890145145
2012-04-23,25179.77512085123
2012-04-24,33398.240593731
2012-04-25,34715.093057306556
2012-04-26,4011.6324065150084
2012-04-27,8565.559564632234
2012-04-28,13570.838068624198
2012-04-29,3612.7886355447326
2012-04-30,2738.1303331635427
2012-05-01,9777.873812192589
2012-05-02,58779.43173430162
2012-05-03,68821.76001213174
2012-05-04,67012.97488884936
2012-05-05,60772.09237321918
2012-05-06,12948.839529595045
2012-05-07,36545.525932465185
2012-05-08,27976.16931735765
2012-05-09,29235.179021892243
2012-05-10,3021.780821593076
2012-05-11,6619.045509225744
2012-05-12,2458.7189009615195
2012-05-13,16452.709911493872
2012-05-14,40063.49329843765
2012-05-15,25869.80426113907
2012-05-16,55790.222590975936
2012-05-17,7309.602909565193
2012-05-18,18634.032328679976
2012-05-19,21525.900430751393
2012-05-20,27652.5129668945
2012-05-21,2297.9406458662374
2012-05-22,2924.8808642585773
2012-05-23,32026.720220769042
2012-05-24,62299.44026461232
2012-05-25,25796.11629928732
2012-05-26,1829.3785457732229
2012-05-27,40578.75914516275
2012-05-28,65466.03287632297
2012-05-29,52256.7189032929
2012-05-30,66634.43938600273
2012-05-31,15644.903772576266
2012-06-01,26016.674930809764
2012-06-02,28595.754304799186
2012-06-03,35909.97010243319
2012-06-04,55323.32739884768
2012-06-05,62129.2546906879
2012-06-06,1964.980967329045
2012-06-07,5919.412199014095
2012-06-08,4806.338259111947
2012-06-09,16876.91798790601
2012-06-10,25250.88455704783
2012-06-11,11516.91199453364
2012-06-12,16484.503330991585
2012-06-13,8084.67844283854
2012-06-14,30733.93767002906
2012-06-15,40596.58639093454
2012-06-16,39482.928561945024
2012-06-17,44360.241510612264
2012-06-18,8873.720040237744
2012-06-19,18711.800215687424
2012-06-20,40958.33511242453
2012-06-21,44204.701218118666
2012-06-22,31546.31159177743
2012-06-23,7624.418098994674
2012-06-24,7894.217998576474
2012-06-25,8546.909072688723
2012-06-26,13320.769027690678
2012-06-27,16822.549606851095
2012-06-28,17382.700328761595
2012-06-29,15131.26103899712
2012-06-30,27344.418479036383
2012-07-01,32433.48421535878
2012-07-02,34995.469681776456
2012-07-03,45581.437724063944
2012-07-04,17474.299377487863
2012-07-05,18226.794078326348
2012-07-06,30653.110956828034
2012-07-07,20762.677192106607
2012-07-08,19393.229516101816
2012-07-09,12724.109747864708
2012-07-10,29571.201204618003
2012-07-11,26153.47641375171
2012-07-12,14526.21618814883
2012-07-13,16335.619198679782
2012-07-14,16962.77563370661
2012-07-15,5910.884976031375
2012-07-16,6014.2599515750035
2012-07-17,28182.390461592262
2012-07-18,18683.507628127427
2012-07-19,4923.627771840195
2012-07-20,4839.697432773103
2012-07-21,3959.63960019412
2012-07-22,16795.331785900864
2012-07-23,11143.426732438176
2012-07-24,8348.78227172752
2012-07-25,4713.181309100248
2012-07-26,605.7339195153799
2012-07-27,12554.591979113164
2012-07-28,24575.09365826342
2012-07-29,29693.139493251198
2012-07-30,16165.8583733065
2012-07-31,15228.767038493972
2012-08-01,14154.436341636956
2012-08-02,12917.341786962745
2012-08-03,16929.878921628555
2012-08-04,1680.0653006156238
2012-08-05,1416.0157355726726
2012-08-06,4588.811260162746
2012-08-07,6250.251786239521
2012-08-08,16614.040581898043
2012-08-09,11236.515006378122
2012-08-10,7287.073258851106
2012-08-11,2127.6165741264085
2012-08-12,2110.909863285661
2012-08-13,6650.189050751165
2012-08-14,890.3026503396446
2012-08-15,1601.6275774442402
2012-08-16,3912.7082478107213
2012-08-17,14482.536194265444
2012-08-18,19215.89951416295
2012-08-19,17681.923009264774
2012-08-20,18122.770815649583
2012-08-21,18873.032278557417
2012-08-22,17918.69754990013
2012-08-23,17546.653343385857
2012-08-24,8462.11258749681
2012-08-25,6516.723291858149
2012-08-26,3037.281275671998
2012-08-27,5425.112796751719
2012-08-28,1526.5066245677694
2012-08-29,8616.99083332598
2012-08-30,12596.637697962808
2012-08-31,18852.487962515945
2012-09-01,23726.924464168525
2012-09-02,13111.292875061887
2012-09-03,4867.136134478433
2012-09-04,1165.7118670932598
2012-09-05,2911.3715864841924
2012-09-06,2636.694239654288
2012-09-07,2464.7841016604184
2012-09-08,972.6238677470586
2012-09-09,2063.0896587607226
2012-09-10,1664.0671253052092
2012-09-11,11058.618685837006
2012-09-12,16048.581710117465
2012-09-13,5040.375725030761
2012-09-14,3074.157911129964
2012-09-15,9464.498504566667
2012-09-16,5510.41235595417
2012-09-17,683.0118478362743
2012-09-18,5233.219070208024
2012-09-19,40123.45936017597
2012-09-20,21529.52810305324
2012-09-21,22578.97140936046
2012-09-22,6392.647609717341
2012-09-23,27330.67332271991
2012-09-24,18823.574792799394
2012-09-25,20636.94204372007
2012-09-26,16263.213931037792
2012-09-27,25378.38792925471
2012-09-28,25258.57430751539
2012-09-29,11916.673624613242
2012-09-30,13809.089819059172
2012-10-01,30041.44336657733
2012-10-02,24498.317910321748
2012-10-03,18870.8480439601
2012-10-04,14379.38563943512
2012-10-05,27266.862656699945
2012-10-06,11260.65546699094
2012-10-07,28289.411129414148
2012-10-08,20698.889431455456
2012-10-09,27324.692510683162
2012-10-10,8567.278131796324
2012-10-11,20345.033824344795
2012-10-12,26262.968692898037
2012-10-13,4361.147166565872
2012-10-14,15016.729225500183
2012-10-15,8851.070664512497
2012-10-16,5444.2620412291035
2012-10-17,9640.289754325058
2012-10-18,13783.559263338402
2012-10-19,9433.515940246632
2012-10-20,1386.3611092621936
2012-10-21,6821.245717025313
2012-10-22,35179.23769076602
2012-10-23,46078.90010375351
2012-10-24,61068.97631679859
2012-10-25,65006.62907604137
2012-10-26,43114.53720774623
2012-10-27,57404.90199237004
2012-10-28,49534.512567683
2012-10-29,58889.96737671212
2012-10-30,62380.15668450914
2012-10-31,54589.67406263972
2012-11-01,55451.370576589274
2012-11-02,49071.62046952955
2012-11-03,36874.19752863386
2012-11-04,44263.76083434966
2012-11-05,27802.54480196498
2012-11-06,44444.36294918133
2012-11-07,41465.75414579637
2012-11-08,40552.03833896776
2012-11-09,46620.14892934032
2012-11-10,35112.225095038426
2012-11-11,46674.788706871164
2012-11-12,37227.780649465654
2012-11-13,34575.1421648461
2012-11-14,30520.51524532538
2012-11-15,27471.690122857053
2012-11-16,10226.180112527683
2012-11-17,5312.523714195958
2012-11-18,11864.265089969906
2012-11-19,33505.52839850186
2012-11-20,44148.9521635472
2012-11-21,16303.378743917692
2012-11-22,13149.758178352304
2012-11-23,993.662926659804
2012-11-24,28569.001708150914
2012-11-25,42880.17378255441
2012-11-26,29984.376841163084
2012-11-27,48955.77417369419
2012-11-28,2410.8060025585796
2012-11-29,12004.00276698082
2012-11-30,56038.05310444046
2012-12-01,81548.87558178957
2012-12-02,66364.23983569666
2012-12-03,45874.291318696836
2012-12-04,78110.8217079197
2012-12-05,8369.108254271508
2012-12-06,12211.524118280387
2012-12-07,10074.30558594865
2012-12-08,11220.287971059055
2012-12-09,30835.50068865859
2012-12-10,13392.460201138116
2012-12-11,3901.4151818743267
2012-12-12,21528.655521236655
2012-12-13,85.10400834178918
2012-12-14,1406.0369296083334
2012-12-15,1320.8999917511023
2012-12-16,2755.6837347666674
2012-12-17,23858.60618209357
2012-12-18,2308.5875402668503
2012-12-19,46116.850643287275
2012-12-20,68716.82279191173
2012-12-21,71647.52036715724
2012-12-22,44804.04027324138
2012-12-23,22261.289311283897
2012-12-24,7340.320858922065
2012-12-25,37294.69517683951
2012-12-26,44536.27656144924
2012-12-27,25.394661826286764
2012-12-28,264.6645370454657
2012-12-29,21227.472016060652
2012-12-30,97011.72368980866
2012-12-31,96646.71746568414
2013-01-01,47493.829047960506
2013-01-02,83872.28866505007
2013-01-03,22813.82695759832
2013-01-04,24186.710251780416
2013-01-05,39872.8610044093
2013-01-06,18512.49052970183
2013-01-07,58841.073654976346
2013-01-08,40086.445080610596
2013-01-09,40298.35416317019
2013-01-10,57220.45558220714
2013-01-11,65459.200434236336
2013-01-12,712.2265542074751
2013-01-13,68602.39095191967
2013-01-14,39625.13638056097
2013-01-15,3409.7071634857207
2013-01-16,18076.176797103453
2013-01-17,706.1738700000612
2013-01-18,7870.359791918135
2013-01-19,10809.708544418321
2013-01-20,80830.05010027453
2013-01-21,39742.79491663935
2013-01-22,50297.52174761389
2013-01-23,11167.959858951665
2013-01-24,60944.185754810336
2013-01-25,88009.12683131479
2013-01-26,74099.81948537265
2013-01-27,13923.854190237555
2013-01-28,63324.9568644879
2013-01-29,54808.14884632675
2013-01-30,4786.495240512069
2013-01-31,21388.392329541228
2013-02-01,40538.11734863121
2013-02-02,21754.397253089835
2013-02-03,841.6609791883578
2013-02-04,216.6391301340686
2013-02-05,201.88903877095586
2013-02-06,57879.40585013425
2013-02-07,101250.87058785387
2013-02-08,92432.75141980757
2013-02-09,55256.719448382675
2013-02-10,33256.02093159184
2013-02-11,1798.5643497995711
2013-02-12,19277.47604979492
2013-02-13,9760.59343439069
2013-02-14,17956.579339768927
2013-02-15,329.41974279295346
2013-02-16,12490.734374896883
2013-02-17,83104.50855244126
2013-02-18,32825.971819650855
2013-02-19,49971.28400606197
2013-02-20,28775.635644007434
2013-02-21,293.1019972412377
2013-02-22,224.991234828125
2013-02-23,10398.672093443258
2013-02-24,36184.536251367965
2013-02-25,15319.18132347768
2013-02-26,872.151560588603
2013-02-27,88.01638727126226
2013-02-28,12038.076724724091
2013-03-01,80961.01141291708
2013-03-02,105206.09014647201
2013-03-03,71259.87785970622
2013-03-04,37413.27080530819
2013-03-05,107482.6854166947
2013-03-06,97759.25446754559
2013-03-07,81861.70466014872
2013-03-08,31800.63556516338
2013-03-09,4887.035701084378
2013-03-10,35596.325136441475
2013-03-11,26684.728738832004
2013-03-12,7618.479372611395
2013-03-13,7405.306972979177
2013-03-14,335.160911546875
2013-03-15,33923.67403596352
2013-03-16,27433.89063196781
2013-03-17,9371.404816614348
2013-03-18,37841.59741939968
2013-03-19,48221.4549306636
2013-03-20,6403.259820826717
2013-03-21,37317.081450073514
2013-03-22,59270.57303956247
2013-03-23,11742.381021355075
2013-03-24,2599.27095952402
2013-03-25,79923.08260834945
2013-03-26,90836.44177704565
2013-03-27,27910.77719073842
2013-03-28,28090.462939976245
2013-03-29,41354.523670402436
2013-03-30,77491.81953319877
2013-03-31,69202.01528589768
2013-04-01,29865.42862693436
2013-04-02,3265.2672439363346
2013-04-03,7988.129515310846
2013-04-04,36058.341329283525
2013-04-05,73036.00269580576
2013-04-06,63890.16580217361
2013-04-07,11975.86678081886
2013-04-08,25172.255179240983
2013-04-09,11554.09550825484
2013-04-10,35211.34583080018
2013-04-11,46780.46883644497
2013-04-12,71997.60375267523
2013-04-13,55813.31703399028
2013-04-14,52677.29694457698
2013-04-15,78919.28410945514
2013-04-16,3043.8783238133583
2013-04-17,67928.74049436155
2013-04-18,56470.76828238169
2013-04-19,52999.24324762212
2013-04-20,4766.818367546333
2013-04-21,10703.738975531667
2013-04-22,52462.4296846317
2013-04-23,58184.76153335084
2013-04-24,23175.83893698645
2013-04-25,11228.684251655332
2013-04-26,1905.2089114384817
2013-04-27,1553.1912619021443
2013-04-28,7973.981636019123
2013-04-29,4937.419007128553
2013-04-30,12053.048910421998
2013-05-01,23433.73952230055
2013-05-02,64385.73567485023
2013-05-03,69224.54848339916
2013-05-04,6378.2614409476755
2013-05-05,5665.66801761955
2013-05-06,23635.13258224754
2013-05-07,26335.405288068727
2013-05-08,12300.904557622349
2013-05-09,51646.14926197302
2013-05-10,44159.53860333281
2013-05-11,8246.65081746141
2013-05-12,1995.9656646503677
2013-05-13,15433.032577690858
2013-05-14,33300.46866314195
2013-05-15,69894.19827121045
2013-05-16,79519.47994831497
2013-05-17,73775.7863616353
2013-05-18,86717.45339704688
2013-05-19,50775.30118869163
2013-05-20,26501.298263784152
2013-05-21,42318.301671713685
2013-05-22,54970.00161063583
2013-05-23,70130.64919383508
2013-05-24,50337.26402312144
2013-05-25,7562.212417644614
2013-05-26,2593.442923101284
2013-05-27,5710.626211143999
2013-05-28,8142.024226593319
2013-05-29,23678.973092163917
2013-05-30,78753.55465017373
2013-05-31,86165.11701710294
2013-06-01,79365.57943771448
2013-06-02,67867.29824041379
2013-06-03,30595.01415576862
2013-06-04,25727.155146554363
2013-06-05,40681.285620115385
2013-06-06,35871.178923725354
2013-06-07,66453.12998318319
2013-06-08,61270.73003614395
2013-06-09,63251.199388710585
2013-06-10,60748.338292689616
2013-06-11,49722.90590267772
2013-06-12,19162.252369900994
2013-06-13,30499.683143370563
2013-06-14,7434.88729220392
2013-06-15,3073.23529805607
2013-06-16,6795.755458061214
2013-06-17,19203.667728212677
2013-06-18,25215.58481317949
2013-06-19,42644.9094878897
2013-06-20,55126.97046133194
2013-06-21,57359.017715996575
2013-06-22,47057.177124286725
2013-06-23,43507.535546502404
2013-06-24,38607.3183883812
2013-06-25,41590.90550610825
2013-06-26,31520.50192769915
2013-06-27,13348.04766456715
2013-06-28,7958.325013432226
2013-06-29,2351.9777497922787
2013-06-30,6242.538289584991
2013-07-01,10069.552944116982
2013-07-02,2225.6883805174025
2013-07-03,20661.27137227727
2013-07-04,32161.184168435047
2013-07-05,32677.111896155206
2013-07-06,16359.332233084328
2013-07-07,12141.855331523422
2013-07-08,16832.840088500616
2013-07-09,4929.442280028436
2013-07-10,7987.942936175668
2013-07-11,12106.625035770043
2013-07-12,12269.336046718801
2013-07-13,30361.11476463415
2013-07-14,29999.78820157971
2013-07-15,6962.120358838477
2013-07-16,14730.865912263735
2013-07-17,16205.977577204605
2013-07-18,22688.715025741607
2013-07-19,26299.998392630456
2013-07-20,10108.407788693816
2013-07-21,18132.205793253797
2013-07-22,12031.069909953432
2013-07-23,10113.680558493013
2013-07-24,10757.1975068
2013-07-25,7287.491493508578
2013-07-26,17832.445759304872
2013-07-27,27748.069224628387
2013-07-28,25040.76271966546
2013-07-29,24625.79281299913
2013-07-30,18439.13471267649
2013-07-31,20543.33682758268
2013-08-01,20459.91166121785
2013-08-02,7507.044056554356
2013-08-03,4652.034559195341
2013-08-04,5288.097129048954
2013-08-05,10311.319280441918
2013-08-06,11585.07791361054
2013-08-07,15977.562019260242
2013-08-08,11786.491835758336
2013-08-09,18950.908017214355
2013-08-10,18208.39296196834
2013-08-11,2893.748690227696
2013-08-12,4572.640532616849
2013-08-13,2359.293556079289
2013-08-14,986.8613289680761
2013-08-15,7276.56095501783
2013-08-16,5541.220845925126
2013-08-17,1554.3648235334554
2013-08-18,4310.655403501469
2013-08-19,4604.289052412929
2013-08-20,10054.859350010609
2013-08-21,13334.733741091544
2013-08-22,9784.96194122733
2013-08-23,16320.05253248487
2013-08-24,15350.387523161146
2013-08-25,6159.5469477629895
2013-08-26,13432.449352675238
2013-08-27,14162.597490632419
2013-08-28,11102.174459218328
2013-08-29,1475.8024498682598
2013-08-30,4550.177228897549
2013-08-31,1358.0222675009804
2013-09-01,3051.8792905993882
2013-09-02,7136.583855624814
2013-09-03,3927.9895058615207
2013-09-04,10442.797121893562
2013-09-05,11437.09934625324
2013-09-06,26469.547821134376
2013-09-07,26121.844776615402
2013-09-08,22707.16191028255
2013-09-09,15758.435425383583
2013-09-10,14914.772737771878
2013-09-11,24183.43495763243
2013-09-12,11256.762922107777
2013-09-13,7048.3084632434475
2013-09-14,7748.946503349028
2013-09-15,6299.663072454107
2013-09-16,2628.1921485618263
2013-09-17,25209.24457458885
2013-09-18,30055.168134686344
2013-09-19,26913.889904982956
2013-09-20,29374.263705597037
2013-09-21,22927.18815220204
2013-09-22,24079.65829849566
2013-09-23,5582.039686357903
2013-09-24,12443.513926962254
2013-09-25,26515.68505971041
2013-09-26,23565.881302793827
2013-09-27,26147.778521940025
2013-09-28,8730.433703869056
2013-09-29,21822.46154207752
2013-09-30,15883.102932681133
2013-10-01,8656.245379582726
2013-10-02,11786.396589392769
2013-10-03,22946.322306246933
2013-10-04,28973.731782121024
2013-10-05,23349.115941774868
2013-10-06,26356.83773057862
2013-10-07,22276.67047057691
2013-10-08,24303.811666089456
2013-10-09,23249.250081839476
2013-10-10,22765.843763046425
2013-10-11,14965.892835237808
2013-10-12,4443.758435380762
2013-10-13,2404.642069443811
2013-10-14,17872.029239177875
2013-10-15,35367.525113512726
2013-10-16,22151.774623809117
2013-10-17,18798.299400837805
2013-10-18,23502.895469530453
2013-10-19,36188.09757801358
2013-10-20,31135.63811975841
2013-10-21,36643.34061243915
2013-10-22,40527.54736350963
2013-10-23,28059.9478739158
2013-10-24,22014.16618293728
2013-10-25,28079.26527099636
2013-10-26,13194.018182660115
2013-10-27,4088.6994783647697
2013-10-28,34869.76808884683
2013-10-29,3734.0684918124384
2013-10-30,6433.384736021019
2013-10-31,8586.944020510904
2013-11-01,20629.06514039184
2013-11-02,56092.70035458033
2013-11-03,65102.463809919675
2013-11-04,53578.62515985101
2013-11-05,2765.084531190992
2013-11-06,5066.113591019666
2013-11-07,1548.359623339951
2013-11-08,32008.960514743096
2013-11-09,25448.708337026226
2013-11-10,46241.83983087979
2013-11-11,35168.09110983686
2013-11-12,13859.0088460631
2013-11-13,15898.602740209624
2013-11-14,59791.13100908542
2013-11-15,58624.32337536096
2013-11-16,70525.22012040985
2013-11-17,59344.0426913883
2013-11-18,67141.35910663666
2013-11-19,16189.646386288936
2013-11-20,61189.20121911731
2013-11-21,62323.48611028751
2013-11-22,19748.970779968473
2013-11-23,20832.463238290547
2013-11-24,10548.259962263417
2013-11-25,35911.200343968085
2013-11-26,51318.2111312148
2013-11-27,25744.134001848823
2013-11-28,38962.02922514515
2013-11-29,48656.43239232843
2013-11-30,53382.25712625524
2013-12-01,33898.19045717818
2013-12-02,2627.0369559280634
2013-12-03,9802.863028531072
2013-12-04,31498.897769692772
2013-12-05,4922.412941878621
2013-12-06,20547.562550174276
2013-12-07,81.50318951991423
2013-12-08,11174.386791038116
2013-12-09,13487.894486948482
2013-12-10,13876.679446834562
2013-12-11,15260.227510613075
2013-12-12,41527.238453931015
2013-12-13,55386.0186793182
2013-12-14,12893.10488730772
2013-12-15,43957.26467590779
2013-12-16,49063.677521621146
2013-12-17,13013.686814768258
2013-12-18,30206.973652837205
2013-12-19,6405.324159976043
2013-12-20,66725.4396969164
2013-12-21,143.75977849877452
2013-12-22,12218.82748339088
2013-12-23,18686.39490088211
2013-12-24,28109.236570355053
2013-12-25,23915.634923981193
2013-12-26,36419.395984256575
2013-12-27,48362.31896064143
2013-12-28,1056.5056914800248
2013-12-29,6013.639867198651
2013-12-30,22346.549724088734
2013-12-31,107.9238244891544
2014-01-01,19711.679487203208
2014-01-02,62577.25272557375
2014-01-03,33979.285361475646
2014-01-04,2025.4047882362752
2014-01-05,28095.63141606943
2014-01-06,15380.646633684924
2014-01-07,40128.27200499807
2014-01-08,35.740016703125
2014-01-09,15895.901120221693
2014-01-10,5550.41259057108
2014-01-11,70956.63495652747
2014-01-12,34561.06975423805
2014-01-13,2142.6070467591303
2014-01-14,29378.29038051655
2014-01-15,42207.74240212463
2014-01-16,27733.849229312375
2014-01-17,8335.061148436582
2014-01-18,52220.41442328127
2014-01-19,73031.02742980597
2014-01-20,26070.656164215045
2014-01-21,20120.450625060592
2014-01-22,248.15447248174019
2014-01-23,37943.35304591194
2014-01-24,22977.738653876608
2014-01-25,4390.557347348654
2014-01-26,40400.102830650685
2014-01-27,64493.94628811532
2014-01-28,67951.22432865649
2014-01-29,78315.49802922015
2014-01-30,40451.0837198778
2014-01-31,36111.83184670328
2014-02-01,15912.838399118817
2014-02-02,5039.546429415565
2014-02-03,4.618716440257353
2014-02-04,0.312811462745098
2014-02-05,441.6731214488358
2014-02-06,257.0591709714461
2014-02-07,5162.752714957475
2014-02-08,60574.32483028055
2014-02-09,64919.92927968745
2014-02-10,6289.525187885906
2014-02-11,20749.170288518686
2014-02-12,37577.543950053616
2014-02-13,56716.742934826994
2014-02-14,5355.771433782228
2014-02-15,20981.275157873504
2014-02-16,57029.27786422879
2014-02-17,86558.64293687738
2014-02-18,83065.93071113156
2014-02-19,245.4139651471814
2014-02-20,3264.297305123222
2014-02-21,9313.948672332974
2014-02-22,24382.861489941228
2014-02-23,23057.39565806401
2014-02-24,13997.124973649377
2014-02-25,42644.01094350008
2014-02-26,16856.54233138203
2014-02-27,4282.172308991731
2014-02-28,27291.29758867173
2014-03-01,31561.951945042307
2014-03-02,8143.032067934498
2014-03-03,5596.9180898847435
2014-03-04,3.250606140625
2014-03-05,2367.3612930600493
2014-03-06,61875.48048162441
2014-03-07,33082.897010686946
2014-03-08,42923.20079855734
2014-03-09,259.5163816520221
2014-03-10,257.43409473400726
2014-03-11,38.497602453125
2014-03-12,60048.14710097948
2014-03-13,83194.56975791992
2014-03-14,40905.63006688309
2014-03-15,1113.2637032517155
2014-03-16,11523.774670501816
2014-03-17,144.3544079732843
2014-03-18,900.9827401961397
2014-03-19,91161.47661225968
2014-03-20,63728.9580066112
2014-03-21,34080.23673157527
2014-03-22,33556.27028410553
2014-03-23,43696.3688789408
2014-03-24,5845.210095303063
2014-03-25,17383.595950903844
2014-03-26,20181.8273355416
2014-03-27,2206.0550993363972
2014-03-28,1389.6612478007964
2014-03-29,14469.58595318932
2014-03-30,74621.71559364523
2014-03-31,107238.01664954421
2014-04-01,93956.90353428715
2014-04-02,9165.632759431875
2014-04-03,61041.883124419175
2014-04-04,7700.315523320404
2014-04-05,5701.5444685405655
2014-04-06,6408.993647224276
2014-04-07,8058.539155269552
2014-04-08,41095.36928799614
2014-04-09,71114.72620773429
2014-04-10,103519.87880778726
2014-04-11,54932.60585052864
2014-04-12,23093.51500819459
2014-04-13,29399.652624893515
2014-04-14,46583.42560375426
2014-04-15,8740.466278169062
2014-04-16,444.95811538792884
2014-04-17,3079.335415740932
2014-04-18,2907.9083894667856
2014-04-19,2278.4086918441176
2014-04-20,65330.44898540341
2014-04-21,13789.262233337742
2014-04-22,24621.925072282156
2014-04-23,30297.313572176805
2014-04-24,75519.17796886724
2014-04-25,15037.798233379663
2014-04-26,36186.884253051954
2014-04-27,88805.41005777786
2014-04-28,105517.95578327606
2014-04-29,91165.76487353019
2014-04-30,53951.21374710084
2014-05-01,51933.69547390155
2014-05-02,34155.978916939006
2014-05-03,40003.97626641839
2014-05-04,52647.89628351161
2014-05-05,19032.39089701232
2014-05-06,55248.900344899004
2014-05-07,42372.33786713342
2014-05-08,22795.396844404895
2014-05-09,71091.92287440276
2014-05-10,52023.159624956075
2014-05-11,4468.079266465074
2014-05-12,581.0360142186274
2014-05-13,6741.639524800979
2014-05-14,3837.0369005957727
2014-05-15,40670.44985349991
2014-05-16,49980.504121077414
2014-05-17,20389.13679169075
2014-05-18,5458.600800718199
2014-05-19,17569.106417278108
2014-05-20,11734.549673847621
2014-05-21,19624.301485670774
2014-05-22,8539.220257374694
2014-05-23,70367.30938119443
2014-05-24,62155.53904740431
2014-05-25,43851.48037772574
2014-05-26,37143.02796443848
2014-05-27,58065.43146940466
2014-05-28,66628.35452573127
2014-05-29,71291.271512814
2014-05-30,152.3951652742647
2014-05-31,9850.695507191906
2014-06-01,5035.488329030698
2014-06-02,40806.51845915129
2014-06-03,60270.287128575714
2014-06-04,36703.57381165958
2014-06-05,54978.32424539091
2014-06-06,69266.52662202735
2014-06-07,32673.486247622543
2014-06-08,30234.249050343795
2014-06-09,37643.30429913046
2014-06-10,33455.94727190602
2014-06-11,31520.69471818811
2014-06-12,30545.69616344194
2014-06-13,52945.18641492168
2014-06-14,61886.08807736161
2014-06-15,67133.37019149684
2014-06-16,49809.19881300441
2014-06-17,8065.490138384805
2014-06-18,5100.844601082846
2014-06-19,21117.328340146298
2014-06-20,13438.674152789466
2014-06-21,19872.217092256218
2014-06-22,5516.768962252944
2014-06-23,15073.957992985781
2014-06-24,29968.907090760527
2014-06-25,39905.77317226426
2014-06-26,31870.079417654582
2014-06-27,42262.208056545
2014-06-28,39979.18338542024
2014-06-29,35893.24993132277
2014-06-30,32802.351843925615
2014-07-01,25624.917131486516
2014-07-02,7747.5364635798405
2014-07-03,794.8987230128066
2014-07-04,3783.635369336158
2014-07-05,19947.61896643502
2014-07-06,11438.545848371701
2014-07-07,16083.796885342263
2014-07-08,35890.16614476507
2014-07-09,36013.56276515108
2014-07-10,17455.09267898128
2014-07-11,22614.006319230866
2014-07-12,22532.74250696088
2014-07-13,12867.60972541929
2014-07-14,17452.698445057234
2014-07-15,24695.543988372672
2014-07-16,3995.890270536398
2014-07-17,1190.6755842552086
2014-07-18,3666.206458351658
2014-07-19,7030.222831058821
2014-07-20,20901.830396471894
2014-07-21,28424.037912727
2014-07-22,30524.64876184329
2014-07-23,23593.788815491043
2014-07-24,26863.625904100587
2014-07-25,24130.074888123527
2014-07-26,16543.16771290871
2014-07-27,21213.305898791135
2014-07-28,21312.029549906565
2014-07-29,14989.570821900128
2014-07-30,20247.312552909752
2014-07-31,8783.964229181554
2014-08-01,4447.1421892938115
2014-08-02,2159.4990873474276
2014-08-03,9768.367489974944
2014-08-04,12605.26339284919
2014-08-05,16632.96904589432
2014-08-06,12962.539947311945
2014-08-07,9383.342699698405
2014-08-08,1498.3763087849268
2014-08-09,4369.790386327267
2014-08-10,11390.267761986157
2014-08-11,13770.49672443296
2014-08-12,15747.356734772064
2014-08-13,13006.914571103307
2014-08-14,15255.35925069051
2014-08-15,3576.4013921973046
2014-08-16,1221.5500098286761
2014-08-17,9337.943972882224
2014-08-18,28092.491653890018
2014-08-19,33061.134578833255
2014-08-20,32426.77287757689
2014-08-21,24786.462168860246
2014-08-22,16469.90587210564
2014-08-23,7893.080724398652
2014-08-24,19445.96286375425
2014-08-25,9533.052169319857
2014-08-26,3305.9349771219368
2014-08-27,2008.2436578272677
2014-08-28,3991.7638587117644
2014-08-29,5252.030142187742
2014-08-30,5099.901335934191
2014-08-31,15898.215129979555
2014-09-01,11862.421269901957
2014-09-02,1427.8540829600486
2014-09-03,2264.3417390480404
2014-09-04,1091.525673389215
2014-09-05,3428.152687932844
2014-09-06,9203.971491465321
2014-09-07,28660.688405950754
2014-09-08,10329.745926857293
2014-09-09,18812.065463224993
2014-09-10,33249.456217976716
2014-09-11,20050.45109640344
2014-09-12,15616.783109217042
2014-09-13,34656.78917567695
2014-09-14,14739.952915669906
2014-09-15,29880.707605764397
2014-09-16,43717.693156765075
2014-09-17,42066.34946250626
2014-09-18,41352.469319114345
2014-09-19,36484.061090639974
2014-09-20,19957.382240875908
2014-09-21,26286.04687869861
2014-09-22,31745.44403654811
2014-09-23,28303.394696194857
2014-09-24,22127.028509426764
2014-09-25,4981.556840135416
2014-09-26,42192.3694560367
2014-09-27,35037.004942351516
2014-09-28,17611.484381648766
2014-09-29,24170.866752647195
2014-09-30,36230.54992948186
2014-10-01,30056.662220909537
2014-10-02,34461.943988415915
2014-10-03,30570.50866771519
2014-10-04,31513.36990664721
2014-10-05,9831.432106110356
2014-10-06,9813.091104478859
2014-10-07,4310.098506378185
2014-10-08,4050.2920830691796
2014-10-09,19271.790805351502
2014-10-10,13336.141186174142
2014-10-11,22649.337852617387
2014-10-12,13844.668574851092
2014-10-13,10481.78890338217
2014-10-14,10091.770673824027
2014-10-15,14846.691859692542
2014-10-16,25335.19706082634
2014-10-17,26351.97353115342
2014-10-18,37707.5847107022
2014-10-19,15677.800929471383
2014-10-20,6117.461946802822
2014-10-21,57225.52322280269
2014-10-22,57726.71919644778
2014-10-23,34735.677914159365
2014-10-24,10148.53246194639
2014-10-25,38229.925493687064
2014-10-26,0.0
2014-10-27,24975.4417763041
2014-10-28,2127.0490703149508
2014-10-29,12119.87878941795
2014-10-30,7903.063169978919
2014-10-31,43935.45395225612
2014-11-01,40600.85264971186
2014-11-02,19596.147419695753
2014-11-03,3254.158067029167
2014-11-04,2259.0750767587624
2014-11-05,61213.35846027525
2014-11-06,4011.071555676838
2014-11-07,1903.8005632625611
2014-11-08,22879.477592684325
2014-11-09,67910.81214809674
2014-11-10,77651.90322144846
2014-11-11,63954.99137359866
2014-11-12,72175.78071596692
2014-11-13,16717.39677879542
2014-11-14,66853.29834386377
2014-11-15,50088.81270238705
2014-11-16,51126.08780073301
2014-11-17,64670.113626765764
2014-11-18,49057.01672863054
2014-11-19,47460.43769240808
2014-11-20,26507.53098984224
2014-11-21,20881.00432776763
2014-11-22,20403.337992885034
2014-11-23,49932.04086611701
2014-11-24,10147.993930847482
2014-11-25,12019.232342022122
2014-11-26,52714.00065085588
2014-11-27,2179.280424492218
2014-11-28,28421.132881881822
2014-11-29,10917.271539077878
2014-11-30,13471.538906420097
2014-12-01,37875.03723490755
2014-12-02,14945.620463736272
2014-12-03,44959.518576200426
2014-12-04,26736.773743032856
2014-12-05,30105.782595534212
2014-12-06,45519.64719277754
2014-12-07,14009.277018042889
2014-12-08,5962.432096891605
2014-12-09,20637.139744462595
2014-12-10,32292.74788469264
2014-12-11,30810.41486521001
2014-12-12,3140.110368475734
2014-12-13,4616.880191497672
2014-12-14,20965.30993932686
2014-12-15,22877.359707414435
2014-12-16,77369.70670300807
2014-12-17,75796.25013738754
2014-12-18,50751.318391761
2014-12-19,13794.35863637855
2014-12-20,5668.628100730142
2014-12-21,1397.7271514490196
2014-12-22,14.496702765625
2014-12-23,12995.702445989338
2014-12-24,13468.310102487061
2014-12-25,72075.6857492213
2014-12-26,60783.80895946658
2014-12-27,52571.00858964503
2014-12-28,53219.34356387352
2014-12-29,25374.960769386398
2014-12-30,1937.0214740857234
2014-12-31,645.6011117069239
2015-01-01,61630.60075347514
2015-01-02,39902.23731327069
2015-01-03,7736.562785730394
2015-01-04,9212.902307961087
2015-01-05,15578.326838333089
2015-01-06,33549.524436899934
2015-01-07,51422.645980474386
2015-01-08,61497.000950336
2015-01-09,65549.73452613266
2015-01-10,31148.78251899086
2015-01-11,7412.382029719912
2015-01-12,3905.771703131066
2015-01-13,498.914106683885
2015-01-14,32172.968967098353
2015-01-15,87380.58734693879
2015-01-16,69308.62094600171
2015-01-17,69088.33820427659
2015-01-18,75610.33824443062
2015-01-19,50757.89682570056
2015-01-20,14358.105178037085
2015-01-21,770.0658727742644
2015-01-22,1501.6297872314342
2015-01-23,24881.02833315177
2015-01-24,1933.9343995083937
2015-01-25,968.7417685992034
2015-01-26,8257.73461779859
2015-01-27,1272.4483625271444
2015-01-28,31921.986905611557
2015-01-29,18984.236712611582
2015-01-30,31774.65315649237
2015-01-31,24210.96816111181
2015-02-01,2349.2097319803943
2015-02-02,198.00557544675243
2015-02-03,8736.885803422914
2015-02-04,86395.5730145877
2015-02-05,84396.3501067773
2015-02-06,28640.854939509078
2015-02-07,31514.876533059156
2015-02-08,2851.7778543199775
2015-02-09,79493.40530702844
2015-02-10,68173.73358298866
2015-02-11,43259.17602868092
2015-02-12,53774.849871749255
2015-02-13,40376.213847478226
2015-02-14,57808.24561888455
2015-02-15,35661.53865246616
2015-02-16,306.1767475443015
2015-02-17,5689.910281696143
2015-02-18,4273.4356344900725
2015-02-19,1250.5381877764707
2015-02-20,2750.70471111495
2015-02-21,19239.853043792114
2015-02-22,15205.858977174486
2015-02-23,5593.245057413909
2015-02-24,24.296446696323528
2015-02-25,143.88292603762255
2015-02-26,4686.68296711354
2015-02-27,29548.75235189737
2015-02-28,1228.271868826961
2015-03-01,9534.072916464951
2015-03-02,47.61019774699755
2015-03-03,20156.78369974436
2015-03-04,41826.15760544921
2015-03-05,1.9295644013480393
2015-03-06,39484.97453200813
2015-03-07,1.0002151875
2015-03-08,4786.08744219124
2015-03-09,37528.917337885556
2015-03-10,47827.07207478879
2015-03-11,10499.849522483704
2015-03-12,19313.754528677455
2015-03-13,59576.61626482481
2015-03-14,13001.945072690873
2015-03-15,993.2939039590685
2015-03-16,687.8613371417279
2015-03-17,23385.594739274442
2015-03-18,79257.87623838808
2015-03-19,100929.2701285737
2015-03-20,57011.21400297245
2015-03-21,48682.83288965471
2015-03-22,113250.37908461405
2015-03-23,17467.683058756505
2015-03-24,41747.42935520965
2015-03-25,64563.10406621268
2015-03-26,47411.45777233248
2015-03-27,72202.8946982297
2015-03-28,4899.202087927753
2015-03-29,49.250597640625
2015-03-30,7563.186832899141
2015-03-31,12655.699389238722
2015-04-01,308.29395230569855
2015-04-02,22911.867297101762
2015-04-03,9479.652949439767
2015-04-04,25968.50874291264
2015-04-05,85076.44889473233
2015-04-06,61511.35796714723
2015-04-07,34294.49893041858
2015-04-08,32298.732075414708
2015-04-09,74991.28306715975
2015-04-10,102897.28192419367
2015-04-11,85025.62615973572
2015-04-12,80280.52820908914
2015-04-13,110371.63459285711
2015-04-14,107198.5405005078
2015-04-15,40962.874354021995
2015-04-16,19385.222673898228
2015-04-17,42795.89529781645
2015-04-18,34994.7952951543
2015-04-19,1915.8395246371942
2015-04-20,1195.2609942189952
2015-04-21,60231.222423844345
2015-04-22,106330.60501465533
2015-04-23,105691.16209391448
2015-04-24,107488.94474924124
2015-04-25,77719.51871497514
2015-04-26,80101.36075241154
2015-04-27,9447.973239680272
2015-04-28,69528.07685263055
2015-04-29,67745.76640743554
2015-04-30,83.42364597359068
2015-05-01,42667.76445966554
2015-05-02,42230.104243756025
2015-05-03,76275.22382126561
2015-05-04,71487.23013702582
2015-05-05,63146.24126287326
2015-05-06,77335.83523616711
2015-05-07,63370.37854030902
2015-05-08,37984.402862929266
2015-05-09,32732.894634969107
2015-05-10,48275.79577052517
2015-05-11,25377.688800424796
2015-05-12,9975.131818314274
2015-05-13,9296.309453853806
2015-05-14,19642.972439551413
2015-05-15,51353.85922284022
2015-05-16,79068.76695989812
2015-05-17,15918.469170064063
2015-05-18,18204.96377613781
2015-05-19,30301.32279391451
2015-05-20,37589.28453304494
2015-05-21,65336.5869771348
2015-05-22,67841.89145352323
2015-05-23,32579.55056254142
2015-05-24,5625.360428707427
2015-05-25,9470.77587453904
2015-05-26,8901.394695294675
2015-05-27,64612.12027149033
2015-05-28,46066.349103189576
2015-05-29,19692.852432760657
2015-05-30,30834.890136488793
2015-05-31,19802.063279768307
2015-06-01,24283.415955548702
2015-06-02,39652.46037612963
2015-06-03,16203.298767498773
2015-06-04,1815.1681076411767
2015-06-05,5217.656276834805
2015-06-06,36073.605592794076
2015-06-07,57451.42304689244
2015-06-08,46695.11576963298
2015-06-09,22877.717089206933
2015-06-10,25815.088913791893
2015-06-11,32077.881412202336
2015-06-12,46779.63262937667
2015-06-13,16950.313623324186
2015-06-14,36060.702923157645
2015-06-15,21290.83547820648
2015-06-16,20244.89261207373
2015-06-17,37637.2685666385
2015-06-18,52220.91808887828
2015-06-19,55294.23668951949
2015-06-20,44827.88722381419
2015-06-21,20950.547640768073
2015-06-22,28938.94319468927
2015-06-23,17700.81329925999
2015-06-24,466.4540309035539
2015-06-25,578.2973320648897
2015-06-26,23606.31277418295
2015-06-27,23029.021406042008
2015-06-28,33137.99136238623
2015-06-29,23351.783995350856
2015-06-30,9793.473175599143
2015-07-01,18469.09052397739
2015-07-02,31134.300552793015
2015-07-03,51382.76816126071
2015-07-04,58926.4597317108
2015-07-05,49460.73131097951
2015-07-06,37948.0241442553
2015-07-07,30043.222278863588
2015-07-08,39331.12651462318
2015-07-09,28517.822582639175
2015-07-10,3514.0357336023285
2015-07-11,4712.581914388914
2015-07-12,4214.305602940993
2015-07-13,17175.176550028984
2015-07-14,25981.959069909477
2015-07-15,34449.675107194766
2015-07-16,32700.257627097253
2015-07-17,22565.939657327217
2015-07-18,7558.883029618319
2015-07-19,2068.080986517463
2015-07-20,2453.760264015195
2015-07-21,3854.6994135725477
2015-07-22,4243.969595752391
2015-07-23,5878.5227546629285
2015-07-24,31808.413123888215
2015-07-25,24550.748552033703
2015-07-26,11142.139076173584
2015-07-27,9504.808708598292
2015-07-28,15512.282007613894
2015-07-29,9860.43307884988
2015-07-30,23784.260890893573
2015-07-31,6197.622934506313
2015-08-01,2606.3783776346204
2015-08-02,3791.3288418636653
2015-08-03,2033.2801903076597
2015-08-04,5681.151628919975
2015-08-05,4731.3252446370725
2015-08-06,14599.259505435295
2015-08-07,12998.507273466992
2015-08-08,11282.810555436881
2015-08-09,13257.931298883266
2015-08-10,4176.792442307108
2015-08-11,10983.318937170903
2015-08-12,2150.9008377025125
2015-08-13,6796.28943062959
2015-08-14,5223.518327984927
2015-08-15,6216.963530741548
2015-08-16,3250.403598872979
2015-08-17,5307.251545117033
2015-08-18,26734.423008128335
2015-08-19,23489.198903460863
2015-08-20,22685.078590889098
2015-08-21,12707.886984686704
2015-08-22,6621.247319807661
2015-08-23,9330.139993495655
2015-08-24,4777.73217118511
2015-08-25,16232.036485112312
2015-08-26,19877.78357467868
2015-08-27,15852.442135248473
2015-08-28,4948.166439864887
2015-08-29,12306.918893669128
2015-08-30,10930.426800116364
2015-08-31,1250.5611765596204
2015-09-01,18128.116974659086
2015-09-02,23199.009112215706
2015-09-03,3844.3770035822326
2015-09-04,13318.842150349756
2015-09-05,10018.427769427455
2015-09-06,1686.8752041128673
2015-09-07,6207.933694271081
2015-09-08,6487.72143571434
2015-09-09,29500.476344284463
2015-09-10,15191.130228834134
2015-09-11,19081.25622961386
2015-09-12,23814.132225920854
2015-09-13,17910.297182978386
2015-09-14,12633.678193552822
2015-09-15,7784.800092514397
2015-09-16,6090.858974116236
2015-09-17,4574.99244305282
2015-09-18,12235.223404714097
2015-09-19,11249.719089475735
2015-09-20,1796.0850775276951
2015-09-21,19008.35209412741
2015-09-22,808.7250454821079
2015-09-23,4649.272594970095
2015-09-24,69053.21985768196
2015-09-25,54849.526913487476
2015-09-26,14969.091232552517
2015-09-27,10897.859723807469
2015-09-28,26742.01248967746
2015-09-29,15546.82786323357
2015-09-30,73133.29994564783
2015-10-01,69997.72219243589
2015-10-02,55614.397803635205
2015-10-03,53835.55808329656
2015-10-04,46146.988734163206
2015-10-05,40859.66565732341
2015-10-06,31264.458032123544
2015-10-07,36106.22777517212
2015-10-08,59322.494098448056
2015-10-09,50312.49404914799
2015-10-10,56342.04154355768
2015-10-11,45114.56868584628
2015-10-12,48577.64266492657
2015-10-13,42123.45587194599
2015-10-14,6310.8200685275115
2015-10-15,27155.07058239566
2015-10-16,36756.39629973735
2015-10-17,33178.756518423914
2015-10-18,25862.318103506408
2015-10-19,540.5312592535539
2015-10-20,23946.288413033766
2015-10-21,66611.45956279722
2015-10-22,30150.066076934643
2015-10-23,33201.03843568608
2015-10-24,890.9261426379901
2015-10-25,153.17057204761028
2015-10-26,6065.846019761703
2015-10-27,70350.97235391325
2015-10-28,91965.14892368676
2015-10-29,79738.60684017972
2015-10-30,89040.73031251605
2015-10-31,71282.1905088604
2015-11-01,46620.263634654206
2015-11-02,4340.381884331312
2015-11-03,5905.978800211521
2015-11-04,201.7316185
2015-11-05,22459.989773961264
2015-11-06,74311.6276870062
2015-11-07,9862.866533231976
2015-11-08,35236.72555484343
2015-11-09,4084.905463174878
2015-11-10,20991.137506801704
2015-11-11,12985.503016985298
2015-11-12,12944.732268594182
2015-11-13,12156.706261208641
2015-11-14,71257.73515577191
2015-11-15,34319.77244364123
2015-11-16,67681.88339074774
2015-11-17,86564.4639773011
2015-11-18,43880.077069124614
2015-11-19,61482.101464106534
2015-11-20,7709.821764879104
2015-11-21,21847.404900289708
2015-11-22,3782.6124616208945
2015-11-23,8773.687800572647
2015-11-24,17484.17959698057
2015-11-25,30.719587624019606
2015-11-26,2761.096187042953
2015-11-27,89426.71964143793
2015-11-28,86886.37208865314
2015-11-29,76351.46768599526
2015-11-30,69322.89143744556
2015-12-01,82179.31313708992
2015-12-02,84197.66745117366
2015-12-03,76763.63110550243
2015-12-04,27673.84021868043
2015-12-05,67024.06771838061
2015-12-06,26513.01656247503
2015-12-07,30023.40932037331
2015-12-08,9690.888042975605
2015-12-09,55.25382890814951
2015-12-10,13264.096239038603
2015-12-11,2757.4460684341316
2015-12-12,98282.45309756782
2015-12-13,58298.762858617
2015-12-14,71669.78139334952
2015-12-15,77937.34324251646
2015-12-16,36761.452992756225
2015-12-17,44740.28301196164
2015-12-18,58556.512267978986
2015-12-19,32404.674644031835
2015-12-20,15452.806122445221
2015-12-21,64387.127405579915
2015-12-22,2031.50981770723
2015-12-23,12779.434596621933
2015-12-24,73746.80041660562
2015-12-25,2979.6614074931354
2015-12-26,5534.302058135599
2015-12-27,3450.8555494670954
2015-12-28,59240.737026622606
2015-12-29,80154.83389434103
2015-12-30,57314.489708958616
2015-12-31,48558.463962245216
2016-01-01,21378.90314523877
2016-01-02,58693.74855777197
2016-01-03,19976.422314803352
2016-01-04,5815.497707605086
2016-01-05,38593.9428099508
2016-01-06,47148.47436734779
2016-01-07,14573.610149998405
2016-01-08,13815.603049817959
2016-01-09,45514.9152087075
2016-01-10,56496.13152232823
2016-01-11,57648.34408917702
2016-01-12,3323.8137302003684
2016-01-13,81827.17570217451
2016-01-14,1787.4686381460174
2016-01-15,53529.38543742961
2016-01-16,92034.72638670434
2016-01-17,68112.13421676186
2016-01-18,6184.314437661398
2016-01-19,42845.84696927012
2016-01-20,77487.38749055252
2016-01-21,80371.25372198551
2016-01-22,74802.79807394696
2016-01-23,79019.3529302995
2016-01-24,64381.018604106335
2016-01-25,54107.97038133941
2016-01-26,3469.0141922580274
2016-01-27,20460.517673426286
2016-01-28,15755.84568653034
2016-01-29,1897.0653359732844
2016-01-30,5088.136992299998
2016-01-31,56649.26503115352
2016-02-01,45601.48415302033
2016-02-02,53555.966002428606
2016-02-03,81040.5047269633
2016-02-04,17016.958588882484
2016-02-05,27041.530767871234
2016-02-06,7462.7456935074715
2016-02-07,63638.288570887875
2016-02-08,76634.3216033137
2016-02-09,36211.83819903236
2016-02-10,3441.7824242737133
2016-02-11,0.0
2016-02-12,58010.176997950184
2016-02-13,15028.693467680994
2016-02-14,27825.936711446222
2016-02-15,12980.884838814023
2016-02-16,53448.32653047636
2016-02-17,53315.290338332656
2016-02-18,36614.33102989924
2016-02-19,-9999
2016-02-20,-9999
2016-02-21,-9999
2016-02-22,-9999
2016-02-23,-9999
2016-02-24,-9999
2016-02-25,-9999
2016-02-26,-9999
2016-02-27,-9999
2016-02-28,94355.61839920413
2016-02-29,67128.85233506023
2016-03-01,49334.21000478599
2016-03-02,21599.919617945176
2016-03-03,47891.80679457225
2016-03-04,90251.37028555479
2016-03-05,31939.951777596085
2016-03-06,15656.6757655209
2016-03-07,55166.69612399131
2016-03-08,71589.94461544004
2016-03-09,54301.33576535816
2016-03-10,40564.64063528816
2016-03-11,266.5274751198529
2016-03-12,807.5526685182597
2016-03-13,1733.133665677022
2016-03-14,2239.4672466355996
2016-03-15,34996.0724198772
2016-03-16,30795.24954805911
2016-03-17,191.00365666856624
2016-03-18,559.3067492528186
2016-03-19,2367.7035834452818
2016-03-20,837.5965195527574
2016-03-21,65427.56021955063
2016-03-22,110427.83223630725
2016-03-23,13417.888839788779
2016-03-24,38129.34536035876
2016-03-25,97.23190350373777
2016-03-26,2014.9438712702815
2016-03-27,31642.42481219002
2016-03-28,39117.28992143745
2016-03-29,76314.5560841884
2016-03-30,81490.13901840744
2016-03-31,15380.944010985584
2016-04-01,9811.684066856014
2016-04-02,4196.194545475918
2016-04-03,149.1364963661765
2016-04-04,14158.339840592467
2016-04-05,10124.862481768632
2016-04-06,5654.165948626781
2016-04-07,74734.4205256096
2016-04-08,35502.97474682612
2016-04-09,1606.217283569241
2016-04-10,2826.8161874035522
2016-04-11,2902.4733107134202
2016-04-12,58874.64286529654
2016-04-13,45561.07959508972
2016-04-14,103967.66544802325
2016-04-15,10702.350414379478
2016-04-16,72918.60630340465
2016-04-17,1964.5566684848643
2016-04-18,58566.35767567343
2016-04-19,6955.0379288092545
2016-04-20,36975.98313940262
2016-04-21,24629.746214015377
2016-04-22,8776.998752132473
2016-04-23,40844.24341587387
2016-04-24,55111.381329178694
2016-04-25,63118.26922009865
2016-04-26,13616.486229328557
2016-04-27,29645.697817635704
2016-04-28,67991.93373953438
2016-04-29,90918.12718653891
2016-04-30,100148.6712443061
2016-05-01,92547.97794633434
2016-05-02,94747.64036882148
2016-05-03,13461.026975299143
2016-05-04,10243.901106975003
2016-05-05,16269.704989455455
2016-05-06,48677.108422951744
2016-05-07,91567.79576107618
2016-05-08,54584.40433770083
2016-05-09,62979.66643687218
2016-05-10,67502.18079546453
2016-05-11,16246.922811727634
2016-05-12,2968.9413230781224
2016-05-13,36326.28818793242
2016-05-14,7525.688991499633
2016-05-15,38255.20354598069
2016-05-16,26574.40328524345
2016-05-17,69336.38863551813
2016-05-18,66389.2895666426
2016-05-19,34859.984529177476
2016-05-20,50735.89977988234
2016-05-21,75745.27482240008
2016-05-22,70689.67145838459
2016-05-23,9529.2311065943
2016-05-24,1555.7123329131734
2016-05-25,15846.99458637327
2016-05-26,42908.05916332887
2016-05-27,50034.466110140434
2016-05-28,15689.879825496213
2016-05-29,32338.85467324012
2016-05-30,35626.28545548627
2016-05-31,59020.408601739684
2016-06-01,64807.88770073055
2016-06-02,32134.20035754514
2016-06-03,9704.843485077445
2016-06-04,33971.97426822465
2016-06-05,40278.372509289075
2016-06-06,43942.21545332887
2016-06-07,41259.08673619573
2016-06-08,30405.717981155412
2016-06-09,24620.272768401854
2016-06-10,14747.581558676473
2016-06-11,4820.6218165876235
2016-06-12,15677.73060497531
2016-06-13,32800.80986885396
2016-06-14,44905.230553069545
2016-06-15,34599.67331147281
2016-06-16,5176.690782761582
2016-06-17,25646.822078226473
2016-06-18,28037.773017402353
2016-06-19,24953.358039243438
2016-06-20,15742.082728054973
2016-06-21,10688.71844548897
2016-06-22,11040.21029438921
2016-06-23,20338.471642263885
2016-06-24,30367.03941232509
2016-06-25,26913.77696519735
2016-06-26,25164.375742723776
2016-06-27,10251.212947906437
2016-06-28,7472.584956573406
2016-06-29,7587.712154258449
2016-06-30,20300.620160675197
2016-07-01,20569.36992419074
2016-07-02,20955.770262209
2016-07-03,7811.772752505146
2016-07-04,15131.03530427818
2016-07-05,21181.752315292466
2016-07-06,5203.438446106436
2016-07-07,8902.333063534561
2016-07-08,31203.162602904315
2016-07-09,7207.576612957413
2016-07-10,4523.6299865795345
2016-07-11,8746.420205230146
2016-07-12,12614.60348791202
2016-07-13,5996.185256098221
2016-07-14,6146.921949975554
2016-07-15,241.010808393321
2016-07-16,7216.10870292672
2016-07-17,5513.915029670036
2016-07-18,7106.039547023773
2016-07-19,2608.23666885625
2016-07-20,30458.94165349283
2016-07-21,28225.769097361383
2016-07-22,4365.561042102758
2016-07-23,25134.312264859458
2016-07-24,25535.223185487634
2016-07-25,19839.59939225406
2016-07-26,11522.180625433517
2016-07-27,4585.548785791483
2016-07-28,5466.635828376041
2016-07-29,9413.393805184864
2016-07-30,12108.452195855516
2016-07-31,5324.925930785603
2016-08-01,14771.382487647243
2016-08-02,8908.541924228306
2016-08-03,6234.137587217399
2016-08-04,13339.871406222725
2016-08-05,11771.547129340508
2016-08-06,8400.304814891968
2016-08-07,1917.3828374162997
2016-08-08,2810.4425925776955
2016-08-09,4663.927918489033
2016-08-10,2628.7878963723033
2016-08-11,1530.157124204289
2016-08-12,2650.497297145159
2016-08-13,6612.512334973467
2016-08-14,4352.045905176594
2016-08-15,2923.79160849295
2016-08-16,4745.534398307968
2016-08-17,5253.612778213176
2016-08-18,2048.5747379289837
2016-08-19,4306.952238805454
2016-08-20,4783.053953176409
2016-08-21,11420.12861103328
2016-08-22,1569.6322485473033
2016-08-23,4839.374225787317
2016-08-24,11458.958732444793
2016-08-25,837.6492922128679
2016-08-26,2307.8598320857227
2016-08-27,2238.394736579534
2016-08-28,1307.923883869056
2016-08-29,6539.442914922608
2016-08-30,2088.698134028063
2016-08-31,5058.473190228678
2016-09-01,1369.8109133893383
2016-09-02,4169.851572004964
2016-09-03,23277.905756783377
2016-09-04,27481.01388722665
2016-09-05,18205.52980263549
2016-09-06,3540.2399084417893
2016-09-07,12001.028705050496
2016-09-08,22085.327189298372
2016-09-09,26438.804595417092
2016-09-10,25904.812277413177
2016-09-11,11735.238469155087
2016-09-12,4767.152585280579
2016-09-13,9114.692211178804
2016-09-14,4491.87319996581
2016-09-15,7297.215864206615
2016-09-16,12005.537958584553
2016-09-17,23452.633563454536
2016-09-18,20417.43023865643
2016-09-19,29115.370563336382
2016-09-20,22877.41785253366
2016-09-21,7318.875500573343
2016-09-22,6106.095991590568
2016-09-23,29269.099562336778
2016-09-24,12490.873432550858
2016-09-25,19682.746664612598
2016-09-26,27911.80472653367
2016-09-27,22339.678727914423
2016-09-28,27194.58462685354
2016-09-29,18182.081206662697
2016-09-30,20144.601126701466
2016-10-01,22409.043139049896
2016-10-02,20916.851845747926
2016-10-03,12593.267023795528
2016-10-04,19801.365120551975
2016-10-05,3060.2656098602342
2016-10-06,4896.162923199508
2016-10-07,13173.144139945887
2016-10-08,3261.672754640871
2016-10-09,12889.045931653869
2016-10-10,19633.70748600131
2016-10-11,35122.695303484325
2016-10-12,11943.292136997077
2016-10-13,16007.689599369072
2016-10-14,16447.994106638285
2016-10-15,27005.723480191908
2016-10-16,29027.18875466052
2016-10-17,21459.291872495545
2016-10-18,25532.36826482697
2016-10-19,8089.041021410114
2016-10-20,7909.261380771199
2016-10-21,12236.291227116484
2016-10-22,7402.858299440624
2016-10-23,10186.467638470343
2016-10-24,9691.686567668507
2016-10-25,17439.94199901648
2016-10-26,6725.892473709433
2016-10-27,27917.045888619337
2016-10-28,32475.066417985778
2016-10-29,28029.590481436786
2016-10-30,20266.182895573296
2016-10-31,9583.40529495692
2016-11-01,26005.49864908758
2016-11-02,24806.09067061791
2016-11-03,24094.14153929408
2016-11-04,2447.7337737231633
2016-11-05,27468.317682342506
2016-11-06,7286.948080724445
2016-11-07,19589.458420973657
2016-11-08,26774.40833636534
2016-11-09,20390.323031438063
2016-11-10,5820.858422520705
2016-11-11,4697.4684869821685
2016-11-12,19235.1853982172
2016-11-13,25690.11519642168
2016-11-14,12648.481171075418
2016-11-15,14739.50574335318
2016-11-16,6280.704081448466
2016-11-17,7441.891732765686
2016-11-18,9224.495586405263
2016-11-19,20024.951777852395
2016-11-20,12.158286269240197
2016-11-21,1154.3455791132353
2016-11-22,432.16014239283083
2016-11-23,119.7508584642157
2016-11-24,349.5575681768383
2016-11-25,4688.320289143198
2016-11-26,3170.267132000919
2016-11-27,49480.335751691084
2016-11-28,47577.12861353301
2016-11-29,1110.0388517291665
2016-11-30,5632.63337277347
2016-12-01,37636.67042520052
2016-12-02,63723.96130759804
2016-12-03,37090.595298569366
2016-12-04,39806.88475882567
2016-12-05,64442.83793819724
2016-12-06,37871.27859712479
2016-12-07,33325.6288883816
2016-12-08,19961.19352153695
2016-12-09,11513.842669112824
2016-12-10,10325.171896788788
2016-12-11,11892.654152797608
2016-12-12,26155.551024216362
2016-12-13,39928.55660995615
2016-12-14,55364.868674268146
2016-12-15,8387.562250915325
2016-12-16,47379.706638836506
2016-12-17,44256.82726672011
2016-12-18,32779.67825202965
2016-12-19,13198.137190334015
2016-12-20,43143.80928904236
2016-12-21,16672.058263188224
2016-12-22,19313.005094729062
2016-12-23,2514.418079723652
2016-12-24,13857.47674494184
2016-12-25,41496.52084569098
2016-12-26,31748.501357682497
2016-12-27,15524.406586441983
2016-12-28,31991.8872705086
2016-12-29,8537.367521476346
2016-12-30,48128.23908435676
2016-12-31,25300.531122210738
2017-01-01,29165.281617261666
2017-01-02,32330.66696574131
2017-01-03,3153.935065717283
2017-01-04,1425.7798972588846
2017-01-05,3755.631167124999
2017-01-06,1580.4459804883581
2017-01-07,3359.195384505515
2017-01-08,17458.040086493576
2017-01-09,28565.722956370115
2017-01-10,45826.06944085191
2017-01-11,77774.14370342436
2017-01-12,57352.932537360364
2017-01-13,13591.121187325663
2017-01-14,1613.973873813848
2017-01-15,18251.844389713533
2017-01-16,1616.8732681451588
2017-01-17,19859.50475017947
2017-01-18,1435.7328835879284
2017-01-19,11194.756232522432
2017-01-20,60909.927688277865
2017-01-21,69.1144174357843
2017-01-22,11598.194915981496
2017-01-23,631.6037195768382
2017-01-24,4.998913375
2017-01-25,0.0
2017-01-26,28.000355984375
2017-01-27,18738.57672320173
2017-01-28,1820.3955579231629
2017-01-29,2680.9810758716308
2017-01-30,5439.910196742462
2017-01-31,56190.1325518729
2017-02-01,23676.17599076283
2017-02-02,3680.182980129963
2017-02-03,0.0
2017-02-04,10.49940934375
2017-02-05,4877.981958709558
2017-02-06,64357.30731220827
2017-02-07,84803.16667216604
2017-02-08,264.8807143922181
2017-02-09,73774.19993630887
2017-02-10,100694.06278959205
2017-02-11,57566.224611433056
2017-02-12,65070.07401853894
2017-02-13,71033.0060105741
2017-02-14,14415.111064506053
2017-02-15,7310.937949374147
2017-02-16,32742.07393487845
2017-02-17,3448.0315964506735
2017-02-18,3237.610065744116
2017-02-19,2032.790090981372
2017-02-20,19549.06757696741
2017-02-21,44824.65786956927
2017-02-22,49954.63976826743
2017-02-23,96250.51988926413
2017-02-24,74403.58645948852
2017-02-25,46035.12840209275
2017-02-26,96961.86204299862
2017-02-27,92790.41732251663
2017-02-28,12662.075502945521
2017-03-01,15986.303665543193
2017-03-02,29890.68690422288
2017-03-03,17704.41258900392
2017-03-04,34869.16380905228
2017-03-05,67991.30390616026
2017-03-06,31057.152117441117
2017-03-07,1512.483718822181
2017-03-08,1731.1309335652568
2017-03-09,6454.071419656374
2017-03-10,3549.960137024816
2017-03-11,16228.135433862568
2017-03-12,25756.19826500375
2017-03-13,37131.78946595443
2017-03-14,13169.400170582781
2017-03-15,12516.671313635003
2017-03-16,9174.484994087743
2017-03-17,56219.81618023381
2017-03-18,68225.73926797973
2017-03-19,27454.858769708986
2017-03-20,66531.60894343638
2017-03-21,3081.088220255208
2017-03-22,981.690730361887
2017-03-23,3468.333251964827
2017-03-24,71982.72643079268
2017-03-25,39170.70542704412
2017-03-26,80922.28513822763
2017-03-27,34942.366132188006
2017-03-28,679.6240113561884
2017-03-29,40120.1260617942
2017-03-30,72850.99182183945
2017-03-31,15830.669579122228
2017-04-01,14878.528860904522
2017-04-02,38612.753665421114
2017-04-03,67416.76169939296
2017-04-04,3878.1682245614556
2017-04-05,1518.3021224879285
2017-04-06,646.0590317399509
2017-04-07,4026.0196453155622
2017-04-08,17247.327725561823
2017-04-09,85559.5872623761
2017-04-10,114578.17008607952
2017-04-11,116684.94029412715
2017-04-12,122256.21202436252
2017-04-13,24436.676615702567
2017-04-14,73464.53071421881
2017-04-15,115590.47664135919
2017-04-16,105620.43336575768
2017-04-17,114736.9320022087
2017-04-18,92340.20854780753
2017-04-19,20736.69089916407
2017-04-20,39564.723029592256
2017-04-21,22129.902407191425
2017-04-22,663.1149493584556
2017-04-23,2097.739791089522
2017-04-24,0.0
2017-04-25,63081.71345133758
2017-04-26,62033.364570639664
2017-04-27,49161.27727876271
2017-04-28,63117.54684568963
2017-04-29,3838.5148314108446
2017-04-30,52151.95197065692
2017-05-01,79713.9972646431
2017-05-02,66810.32825943436
2017-05-03,37449.28278614193
2017-05-04,16498.098768992037
2017-05-05,45805.906731570256
2017-05-06,49765.48629939227
2017-05-07,35837.7509910489
2017-05-08,48003.48785160057
2017-05-09,65547.21935013696
2017-05-10,71585.05426344661
2017-05-11,25204.904751984745
2017-05-12,49754.163228946236
2017-05-13,61698.80323269928
2017-05-14,47311.86423117096
2017-05-15,16932.310665063673
2017-05-16,11654.382548005871
2017-05-17,7763.79764891397
2017-05-18,49635.431392428494
2017-05-19,70206.1629629746
2017-05-20,32505.564346740677
2017-05-21,24953.291679267182
2017-05-22,17427.53827784284
2017-05-23,65367.627498179754
2017-05-24,56851.80994163678
2017-05-25,57815.56987158385
2017-05-26,34714.24422040856
2017-05-27,62203.20653679847
2017-05-28,56183.462013400014
2017-05-29,49232.20086545241
2017-05-30,59473.13359379041
2017-05-31,4205.105153929106
2017-06-01,30768.585350665006
2017-06-02,55223.436684425855
2017-06-03,62123.255025966275
2017-06-04,66032.95392209165
2017-06-05,18969.94678426618
2017-06-06,4842.741068350857
2017-06-07,32678.627581800836
2017-06-08,42507.48029033275
2017-06-09,15021.244833021025
2017-06-10,8463.040277709133
2017-06-11,27779.301359357603
2017-06-12,29657.681152607787
2017-06-13,19516.059426821947
2017-06-14,10230.009832573956
2017-06-15,17426.96888939221
2017-06-16,53373.93829158009
2017-06-17,49955.08424883355
2017-06-18,49540.60523576861
2017-06-19,29026.97219661444
2017-06-20,3369.327726647978
2017-06-21,277.2078763254291
2017-06-22,18345.721176334187
2017-06-23,44862.0135653917
2017-06-24,47988.188413087846
2017-06-25,37084.671233794856
2017-06-26,9378.812259843511
2017-06-27,24350.07658927192
2017-06-28,10959.530264097608
2017-06-29,2015.2075887352942
2017-06-30,5507.353038520165
2017-07-01,24031.940369312073
2017-07-02,20236.953222353477
2017-07-03,5277.636839034008
2017-07-04,8910.272563783581
2017-07-05,2671.1521227446683
2017-07-06,11876.14393844093
2017-07-07,5803.550516512928
2017-07-08,16355.739260170902
2017-07-09,27344.803385037463
2017-07-10,25817.84743895704
2017-07-11,19583.727956248775
2017-07-12,2095.185664474939
2017-07-13,6156.410290280581
2017-07-14,22622.330138891364
2017-07-15,16461.415297428357
2017-07-16,8413.37024958983
2017-07-17,5065.018067914587
2017-07-18,2718.714860948654
2017-07-19,3345.6223897167893
2017-07-20,13019.031604806489
2017-07-21,13308.695085446996
2017-07-22,5871.328131087012
2017-07-23,3710.7704579797146
2017-07-24,4649.0208616605405
2017-07-25,5867.048944943203
2017-07-26,14474.02068923592
2017-07-27,21385.819339640762
2017-07-28,11172.143252470898
2017-07-29,3989.1857231694235
2017-07-30,12529.115051230508
2017-07-31,15641.749823203803
2017-08-01,22931.705096063364
2017-08-02,6187.483947563481
2017-08-03,1531.5390488611522
2017-08-04,6773.556556368929
2017-08-05,17809.750220415022
2017-08-06,14661.864772960727
2017-08-07,10675.402962379476
2017-08-08,4789.315250705209
2017-08-09,7886.712337394488
2017-08-10,1375.9672940785538
2017-08-11,3345.8060493363373
2017-08-12,8941.406514453129
2017-08-13,8588.431320430827
2017-08-14,840.0848711234676
2017-08-15,5376.007333368382
2017-08-16,11593.376803874451
2017-08-17,14480.001956681683
2017-08-18,18649.724102389715
2017-08-19,15021.36956723315
2017-08-20,5059.231504623163
2017-08-21,9937.885802864468
2017-08-22,12278.544287539107
2017-08-23,15370.763121261336
2017-08-24,3588.3427374433195
2017-08-25,3411.6272433055155
2017-08-26,4885.550439285172
2017-08-27,11019.365974136215
2017-08-28,15219.002622640937
2017-08-29,6533.681630151165
2017-08-30,2920.9675437762266
2017-08-31,4041.9952773454665
2017-09-01,1843.430201524755
2017-09-02,1283.2185079739577
2017-09-03,24473.40293137815
2017-09-04,13514.805333555938
2017-09-05,10079.649688826168
2017-09-06,4609.282358916666
2017-09-07,13637.30505665994
2017-09-08,29080.4312406568
2017-09-09,26055.129925119432
2017-09-10,15526.400646543014
2017-09-11,3720.1723647780013
2017-09-12,12811.312349175008
2017-09-13,8953.092675692586
2017-09-14,3250.0177642452213
2017-09-15,6699.324230832473
2017-09-16,4797.012259275188
2017-09-17,7112.552328004966
2017-09-18,19818.385446433575
2017-09-19,27909.431846375366
2017-09-20,28352.638530264085
2017-09-21,14253.873402952831
2017-09-22,8483.971191168568
2017-09-23,13481.421610598412
2017-09-24,15926.036569629348
2017-09-25,9388.843988317458
2017-09-26,14733.053618613296
2017-09-27,8801.504227935044
2017-09-28,11150.033021249874
2017-09-29,10278.012018163057
2017-09-30,14260.92721297489
2017-10-01,14359.178620251598
2017-10-02,13410.526978760357
2017-10-03,23269.152377766313
2017-10-04,12395.585690672004
2017-10-05,11195.36995185901
2017-10-06,8168.411711573779
2017-10-07,11019.699066379731
2017-10-08,21710.623209542617
2017-10-09,31699.43033782255
2017-10-10,22889.58701191152
2017-10-11,9168.027189960228
2017-10-12,14794.234918740012
2017-10-13,4502.453243117406
2017-10-14,14017.56075669376
2017-10-15,8877.787523321262
2017-10-16,21053.098487354357
2017-10-17,31475.1495866203
2017-10-18,28111.44394271355
2017-10-19,19329.85447687825
2017-10-20,9718.520671037011
2017-10-21,30201.435193818514
2017-10-22,11386.089655014466
2017-10-23,9142.281357352946
2017-10-24,14191.170070537193
2017-10-25,32710.588256430914
2017-10-26,26836.86459549026
2017-10-27,27184.66636088908
2017-10-28,16303.201220379837
2017-10-29,30143.57566142875
2017-10-30,27916.248295590744
2017-10-31,28344.24816058156
2017-11-01,26574.809738096345
2017-11-02,28576.172456642522
2017-11-03,25539.052486165292
2017-11-04,27240.845991870974
2017-11-05,24567.18388195645
2017-11-06,25087.819853861412
2017-11-07,25362.50375048322
2017-11-08,20144.622835275914
2017-11-09,10877.771062850845
2017-11-10,10301.214240436633
2017-11-11,13143.830610549569
2017-11-12,5868.694901466301
2017-11-13,5882.224848438289
2017-11-14,230.98693395177696
2017-11-15,1639.7886992760416
2017-11-16,3018.381834320465
2017-11-17,3639.243170685049
2017-11-18,4348.274815399815
2017-11-19,42046.58574080507
2017-11-20,46602.223815567035
2017-11-21,40002.50737591089
2017-11-22,49609.5690558849
2017-11-23,36055.82372410037
2017-11-24,43768.92558561386
2017-11-25,10427.656568245151
2017-11-26,25742.683936843594
2017-11-27,10877.334016351264
2017-11-28,14851.416031586883
2017-11-29,16413.293425551652
2017-11-30,38690.92195282801
2017-12-01,25449.274340627686
2017-12-02,5697.5745755642165
2017-12-03,5957.201920313602
2017-12-04,32608.17060861416
2017-12-05,9476.368395941554
2017-12-06,11324.98913638731
2017-12-07,32604.56090823754
2017-12-08,42577.63818440303
2017-12-09,1782.7905900624385
2017-12-10,3018.8572913795965
2017-12-11,109.0916298971201
2017-12-12,4393.729866862256
2017-12-13,155.51715921875
2017-12-14,1857.9708501999387
2017-12-15,5659.359798892403
2017-12-16,14926.729521679481
2017-12-17,73720.09257732947
2017-12-18,11249.729444356977
2017-12-19,30726.14019929916
2017-12-20,10714.83753634565
2017-12-21,7599.127804939341
2017-12-22,93944.11386300604
2017-12-23,1534.6249803401352
2017-12-24,30789.185648668394
2017-12-25,60724.24189650414
2017-12-26,6715.3252240818
2017-12-27,10697.616418496202
2017-12-28,51971.24361234596
2017-12-29,91188.72477544827
2017-12-30,78519.29285110974
2017-12-31,35396.21975852523
2018-01-01,67795.97646191507
2018-01-02,75542.98825040898
2018-01-03,58481.15578033214
2018-01-04,34476.34041188603
2018-01-05,11113.262567287742
2018-01-06,62542.716252506594
2018-01-07,81419.89150891035
2018-01-08,67420.69593417877
2018-01-09,70440.69213484878
2018-01-10,57972.36289920656
2018-01-11,1838.1602831860287
2018-01-12,75195.8030802998
2018-01-13,42736.13431952661
2018-01-14,21828.175186649092
2018-01-15,50992.579714114596
2018-01-16,27722.195272730023
2018-01-17,4130.311483595709
2018-01-18,15123.576418995628
2018-01-19,15587.021290375425
2018-01-20,66464.47735713676
2018-01-21,75568.39809892631
2018-01-22,62675.550415268786
2018-01-23,23407.902010890306
2018-01-24,59475.603000813026
2018-01-25,46068.734825013984
2018-01-26,37627.30676895385
2018-01-27,22061.26593740723
2018-01-28,4862.030600167401
2018-01-29,6229.5797031647635
2018-01-30,10620.516367255697
2018-01-31,0.0
2018-02-01,38334.76447300732
2018-02-02,41940.137832080916
2018-02-03,19764.415986132473
2018-02-04,60150.96630456818
2018-02-05,39594.00382509397
2018-02-06,20022.457495348597
2018-02-07,7319.722393266054
2018-02-08,30847.39476699615
2018-02-09,25596.538214868993
2018-02-10,4738.672077087315
2018-02-11,1008.3062419818012
2018-02-12,0.0
2018-02-13,19551.710315569795
2018-02-14,59384.97398315381
2018-02-15,4894.161559845406
2018-02-16,8025.573637421262
2018-02-17,71044.07306711406
2018-02-18,45786.12300413263
2018-02-19,54977.63805792514
2018-02-20,23717.64341183387
2018-02-21,10290.681672976967
2018-02-22,22918.56013443464
2018-02-23,43240.06249705847
2018-02-24,816.5145472375613
2018-02-25,24882.928699498323
2018-02-26,24863.007178503347
2018-02-27,1227.569596764399
2018-02-28,11563.654731588147
2018-03-01,1873.8500215175243
2018-03-02,1276.0062519866426
2018-03-03,763.9170146700367
2018-03-04,39726.93416495601
2018-03-05,40130.26581616257
2018-03-06,85600.09049679647
2018-03-07,95305.14530867648
2018-03-08,52079.847756281284
2018-03-09,10009.105009878065
2018-03-10,41984.426591376534
2018-03-11,57624.135920305365
2018-03-12,12683.992737813169
2018-03-13,3670.913050336885
2018-03-14,1526.1359368570463
2018-03-15,8883.262977665994
2018-03-16,68944.1586830769
2018-03-17,87964.90298036682
2018-03-18,58437.37431658444
2018-03-19,94277.58255222169
2018-03-20,45299.72277576868
2018-03-21,10043.799780337496
2018-03-22,43489.640902543055
2018-03-23,65610.09735420039
2018-03-24,7253.978351652754
2018-03-25,47283.276008708475
2018-03-26,88873.72053458892
2018-03-27,32357.400769674805
2018-03-28,49980.0990454442
2018-03-29,50065.58991560032
2018-03-30,87212.7602732269
2018-03-31,94265.06156523983
2018-04-01,88068.12746526962
2018-04-02,58659.40247139141
2018-04-03,6668.9515876158075
2018-04-04,64593.129637175625
2018-04-05,69863.73060527637
2018-04-06,64292.648293931445
2018-04-07,74465.37607931523
2018-04-08,19330.371941730988
2018-04-09,1269.2460958680147
2018-04-10,1005.5887730042891
2018-04-11,1784.4421056145222
2018-04-12,29925.587639842095
2018-04-13,77378.81668177673
2018-04-14,69007.67728494361
2018-04-15,64244.17266921006
2018-04-16,2100.8208551264706
2018-04-17,4996.459643452392
2018-04-18,23674.60185930937
2018-04-19,1726.3202585223046
2018-04-20,8.501103125
2018-04-21,33196.606823543305
2018-04-22,86096.67739929681
2018-04-23,97102.4557760863
2018-04-24,91059.58061762537
2018-04-25,79699.3075619601
2018-04-26,61763.09997739194
2018-04-27,39881.03226678413
2018-04-28,40234.834877179375
2018-04-29,78214.54124344717
2018-04-30,81765.47808531583
2018-05-01,57884.805316188416
2018-05-02,5596.660204133219
2018-05-03,4439.296168328671
2018-05-04,34698.363173009995
2018-05-05,26577.396509549668
2018-05-06,916.6126333276349
2018-05-07,413.9347961295344
2018-05-08,25396.885677654274
2018-05-09,56642.095404800566
2018-05-10,80660.79795281336
2018-05-11,82525.2616608829
2018-05-12,40490.24788116
2018-05-13,3506.332537388235
2018-05-14,4403.912449122675
2018-05-15,31387.71580541349
2018-05-16,11584.896496413528
2018-05-17,16933.462831674922
2018-05-18,567.000634456679
2018-05-19,7857.551343759495
2018-05-20,24596.51960401308
2018-05-21,53671.198051407926
2018-05-22,12306.896539377329
2018-05-23,17325.844942545067
2018-05-24,33944.00463670214
2018-05-25,38642.08017774636
2018-05-26,47171.771678828685
2018-05-27,31580.585866889367
2018-05-28,43162.08780015478
2018-05-29,19441.22288483206
2018-05-30,52293.95733284848
2018-05-31,44717.04877015584
2018-06-01,24369.632263353487
2018-06-02,59251.12851273808
2018-06-03,65461.38091353688
2018-06-04,55982.28982324534
2018-06-05,39475.6943002159
2018-06-06,51498.092683123374
2018-06-07,54818.21999686648
2018-06-08,47598.39885279412
2018-06-09,14065.791423410772
2018-06-10,5254.710461705208
2018-06-11,14719.44383024767
2018-06-12,34736.15987421297
2018-06-13,39892.25239180916
2018-06-14,39313.434735390176
2018-06-15,12425.067087324573
2018-06-16,12950.069787902878
2018-06-17,15571.086206063477
2018-06-18,18340.76965517402
2018-06-19,3999.674620414339
2018-06-20,8831.057147122187
2018-06-21,9794.89244425937
2018-06-22,5347.312514214463
2018-06-23,5010.038383818018
2018-06-24,6628.1668110092505
2018-06-25,19653.686172160847
2018-06-26,9038.410880950183
2018-06-27,2701.8502902597434
2018-06-28,4459.5782055164245
2018-06-29,4569.964958910538
2018-06-30,7039.616542795158
2018-07-01,20634.327800316856
2018-07-02,24444.484244918138
2018-07-03,11822.777492162373
2018-07-04,5931.334594396385
2018-07-05,3075.6807150172795
2018-07-06,11243.473450339034
2018-07-07,24735.449893105935
2018-07-08,29027.972211209282
2018-07-09,22266.965689481873
2018-07-10,19286.362213774584
2018-07-11,20832.925701157426
2018-07-12,19355.886620848778
2018-07-13,10526.22881432243
2018-07-14,31538.042934159286
2018-07-15,23924.245206507057
2018-07-16,19399.729347445173
2018-07-17,4198.229662995465
2018-07-18,6064.243622937072
2018-07-19,9330.687118482165
2018-07-20,10638.741694396509
2018-07-21,4718.703052753857
2018-07-22,11705.046158978132
2018-07-23,687.0351149585175
2018-07-24,2132.9184419287376
2018-07-25,8947.254157817524
2018-07-26,2592.924051487192
2018-07-27,2382.6084801724264
2018-07-28,2366.2867226453427
2018-07-29,4157.693730060969
2018-07-30,6935.697326285051
2018-07-31,15213.5309353516
2018-08-01,6590.85996825974
2018-08-02,8694.615638754782
2018-08-03,21323.209043867537
2018-08-04,22033.242727962646
2018-08-05,17396.95182828621
2018-08-06,20781.14094819995
2018-08-07,7323.789140494549
2018-08-08,6258.593622904413
2018-08-09,5346.78680498903
2018-08-10,17558.595517287013
2018-08-11,13664.488825811397
2018-08-12,13654.535770062683
2018-08-13,1236.7466652757962
2018-08-14,9140.761671514587
2018-08-15,7879.058540112808
2018-08-16,6951.139466730637
2018-08-17,6558.975361063602
2018-08-18,1036.248257150184
2018-08-19,14279.035728245955
2018-08-20,12916.65550613658
2018-08-21,12304.269603267097
2018-08-22,7257.823963530145
2018-08-23,7862.494186009071
2018-08-24,5901.329262572548
2018-08-25,3281.3260435503057
2018-08-26,3079.7338202596807
2018-08-27,8559.143782313608
2018-08-28,15209.412292221015
2018-08-29,12719.16558463187
2018-08-30,11042.747426775559
2018-08-31,9099.159445149322
2018-09-01,8328.58603589853
2018-09-02,6744.266869686092
2018-09-03,1316.4091910898894
2018-09-04,5486.641150819975
2018-09-05,2990.818742200552
2018-09-06,3709.1960236426485
2018-09-07,1031.5252678878064
2018-09-08,6738.383895100982
2018-09-09,6076.924870773404
2018-09-10,5027.44491049571
2018-09-11,11774.319607550438
2018-09-12,22298.7261869462
2018-09-13,13740.192253722684
2018-09-14,1547.024798166421
2018-09-15,1761.689694331923
2018-09-16,12972.285059791548
2018-09-17,37369.62843406927
2018-09-18,41312.389575854904
2018-09-19,30177.95140437568
2018-09-20,25020.874183874585
2018-09-21,18713.805368951584
2018-09-22,8354.237448968384
2018-09-23,7002.438062143135
2018-09-24,24333.43290598383
2018-09-25,39972.38913897675
2018-09-26,38655.52742875856
2018-09-27,42281.30684679048
2018-09-28,33634.28189858037
2018-09-29,23351.20604391647
2018-09-30,19207.24044803679
2018-10-01,37965.32965644327
2018-10-02,34130.24731536962
2018-10-03,26255.301265623206
2018-10-04,15028.597456514011
2018-10-05,14102.19352605028
2018-10-06,28537.35134270587
2018-10-07,31278.28057451722
2018-10-08,28487.71976160789
2018-10-09,13590.643778238975
2018-10-10,23404.26363471581
2018-10-11,9655.391817621872
2018-10-12,26395.376569055185
2018-10-13,50798.72285391861
2018-10-14,6582.626599094238
2018-10-15,28949.244645389514
2018-10-16,4811.4781750911825
2018-10-17,7574.065242198345
2018-10-18,21452.585565174457
2018-10-19,23617.9571259176
2018-10-20,66496.31690246625
2018-10-21,54555.96422683029
2018-10-22,70357.25324326573
2018-10-23,40649.89355667174
2018-10-24,34391.06025338844
2018-10-25,46067.338475415956
2018-10-26,57141.22689292458
2018-10-27,66293.77656473244
2018-10-28,65964.79883540743
2018-10-29,63073.03109088669
2018-10-30,43939.30018932704
2018-10-31,27161.51876272725
2018-11-01,5509.6035838483485
2018-11-02,13602.909238843933
2018-11-03,1556.5088252925239
2018-11-04,45657.017774287866
2018-11-05,58709.700314498856
2018-11-06,86463.87964480191
2018-11-07,87427.5939893331
2018-11-08,17157.978084407787
2018-11-09,21017.955683864646
2018-11-10,8158.3889922325925
2018-11-11,18546.65353384521
2018-11-12,3591.6071023044738
2018-11-13,11142.155226229657
2018-11-14,1513.7428689001222
2018-11-15,50526.015633938114
2018-11-16,83804.04215481349
2018-11-17,82681.83474550943
2018-11-18,44205.47791956827
2018-11-19,12674.353164256678
2018-11-20,61295.919841085895
2018-11-21,38267.18064418094
2018-11-22,1270.0294307262257
2018-11-23,84067.64111574799
2018-11-24,66151.82068125882
2018-11-25,31433.268899909956
2018-11-26,60245.947142469995
2018-11-27,22378.863605969058
2018-11-28,9216.01008211593
2018-11-29,49306.54981989641
2018-11-30,85557.84017059655
2018-12-01,69452.54895922485
2018-12-02,67998.13113494402
2018-12-03,71460.49068308665
2018-12-04,55056.410412975434
2018-12-05,6654.805164812994
2018-12-06,28232.87154974326
2018-12-07,67031.55209093903
2018-12-08,6846.18397076912
2018-12-09,30208.786166763093
2018-12-10,95.44115284828428
2018-12-11,39449.866976285586
2018-12-12,24707.005853142575
2018-12-13,50690.53380048516
2018-12-14,74902.11533082523
2018-12-15,76000.38099590763
2018-12-16,86336.46160275975
2018-12-17,71895.2690898774
2018-12-18,82404.40679256433
2018-12-19,24992.234049790444
2018-12-20,39676.65747509909
2018-12-21,74993.57712165893
2018-12-22,30669.35928891538
2018-12-23,24428.601145656852
2018-12-24,37379.170888308516
2018-12-25,62634.20088189172
2018-12-26,2186.126931498099
2018-12-27,45873.19090449863
2018-12-28,67712.72883447386
2018-12-29,57335.98901970442
2018-12-30,6028.339057814216
2018-12-31,48187.11637477458
2019-01-01,8739.351215274508
2019-01-02,194.76338484313726
2019-01-03,71221.60737687336
2019-01-04,1071.649730520221
2019-01-05,1607.69234360625
2019-01-06,45617.334078124935
2019-01-07,80484.260947182
2019-01-08,15084.100854356862
2019-01-09,69987.34940550583
2019-01-10,16696.096744617706
2019-01-11,8636.894525245098
2019-01-12,1685.4041912366415
2019-01-13,23816.890136789825
2019-01-14,70749.56679294333
2019-01-15,9179.142585235164
2019-01-16,160.7756956105392
2019-01-17,85134.31112479442
2019-01-18,16692.507797966253
2019-01-19,24250.657255077927
2019-01-20,46.101345191053916
2019-01-21,92.964293734375
2019-01-22,18.95310255625
2019-01-23,8360.4556837315
2019-01-24,11687.038062825908
2019-01-25,8867.239181423774
2019-01-26,46884.540201447635
2019-01-27,57220.16314999584
2019-01-28,88706.97020877735
2019-01-29,31896.975175577234
2019-01-30,11641.006521347374
2019-01-31,4355.5774494606
2019-02-01,16812.74108966751
2019-02-02,30940.41961113624
2019-02-03,23475.81597215492
2019-02-04,1372.7896191898285
2019-02-05,307.73555518253676
2019-02-06,662.0431141990197
2019-02-07,2581.8643168047774
2019-02-08,24431.839104497725
2019-02-09,97229.02221494973
2019-02-10,47632.60679909139
2019-02-11,35558.722930502845
2019-02-12,893.1861873495708
2019-02-13,4863.529237205944
2019-02-14,3860.642614015625
2019-02-15,23879.770065820372
2019-02-16,86606.24497819084
2019-02-17,22480.866915881747
2019-02-18,4698.9936533952205
2019-02-19,23179.443968301006
2019-02-20,26349.695387812193
2019-02-21,68.3411856997549
2019-02-22,49336.301197360925
2019-02-23,27118.989725523767
2019-02-24,6297.187068349757
2019-02-25,12668.95864839859
2019-02-26,3700.939920132966
2019-02-27,56356.808150823854
2019-02-28,48268.719422238835
2019-03-01,8934.54767180705
2019-03-02,26.013182761151956
2019-03-03,26219.479791517577
2019-03-04,39465.5427835066
2019-03-05,72269.04517168588
2019-03-06,89079.29301803873
2019-03-07,27983.621793108658
2019-03-08,42652.69257730715
2019-03-09,47784.73651458013
2019-03-10,94141.01390385676
2019-03-11,424.56310361262246
2019-03-12,50486.92301783624
2019-03-13,3479.091571405637
2019-03-14,1703.8387707539216
2019-03-15,74841.46049093448
2019-03-16,89588.33371370459
2019-03-17,72778.70216705241
2019-03-18,41081.66550672992
2019-03-19,24998.81128468406
2019-03-20,3175.7108797269602
2019-03-21,39999.2419177186
2019-03-22,77610.88110604134
2019-03-23,15149.777831067458
2019-03-24,18001.700554801402
2019-03-25,40222.560715840256
2019-03-26,106280.92811482267
2019-03-27,8406.476926388117
2019-03-28,22592.145013805068
2019-03-29,13350.640409701176
2019-03-30,6664.333512588978
2019-03-31,86475.82627289214
2019-04-01,100431.52288920405
2019-04-02,74630.41149433768
2019-04-03,82866.58290899597
2019-04-04,96821.98592481679
2019-04-05,50937.828235054425
2019-04-06,41214.31561195332
2019-04-07,101446.72658807873
2019-04-08,18227.556338989085
2019-04-09,81471.42296466672
2019-04-10,24347.11508648923
2019-04-11,28793.031933401304
2019-04-12,892.2365448745703
2019-04-13,13707.072375001111
2019-04-14,11692.799210379999
2019-04-15,14634.83286976191
2019-04-16,16854.462286977076
2019-04-17,1695.719341727819
2019-04-18,13858.78668522039
2019-04-19,96194.34666602123
2019-04-20,84715.0859514094
2019-04-21,75884.84113056
2019-04-22,56000.851757419056
2019-04-23,55083.74353387378
2019-04-24,8511.26015612298
2019-04-25,19763.979516741958
2019-04-26,27610.71490447904
2019-04-27,36153.64693413684
2019-04-28,44532.914010652814
2019-04-29,40524.26794317727
2019-04-30,2509.890044185232
2019-05-01,30999.71723179707
2019-05-02,5901.103372275132
2019-05-03,18174.66662415506
2019-05-04,68217.6349697298
2019-05-05,44829.90584272387
2019-05-06,76081.06850318298
2019-05-07,56889.59030335708
2019-05-08,80242.12533929154
2019-05-09,80797.59296472404
2019-05-10,16111.968258401997
2019-05-11,17881.115106472786
2019-05-12,29666.04329879186
2019-05-13,38937.713121260014
2019-05-14,36513.666244291955
2019-05-15,36164.4833257065
2019-05-16,1325.1121815632964
2019-05-17,8171.805357611961
2019-05-18,8329.672337443446
2019-05-19,40037.99579105574
2019-05-20,34709.04918710106
2019-05-21,70373.05335281538
2019-05-22,47582.67331882071
2019-05-23,2588.6564716267158
2019-05-24,707.1726788819855
2019-05-25,29083.62286716695
2019-05-26,19767.80613103949
2019-05-27,42187.176032472395
2019-05-28,53319.13859805884
2019-05-29,62973.73983504014
2019-05-30,78016.37778161225
2019-05-31,71663.04893321417
2019-06-01,41799.20383849178
2019-06-02,30580.943820892342
2019-06-03,14762.17975138137
2019-06-04,7458.299659665568
2019-06-05,18710.24753367277
2019-06-06,11813.262762585473
2019-06-07,25746.9622831165
2019-06-08,14285.53062070503
2019-06-09,56476.481161698655
2019-06-10,43998.38867451904
2019-06-11,1451.5009785713235
2019-06-12,2790.82872823462
2019-06-13,43099.89466846541
2019-06-14,76210.70899297911
2019-06-15,22453.350456395325
2019-06-16,47728.06619629506
2019-06-17,39402.482461803374
2019-06-18,20147.84120481537
2019-06-19,43688.13608802916
2019-06-20,15049.499585402764
2019-06-21,12533.515044921745
2019-06-22,20956.258899990375
2019-06-23,21237.539033521978
2019-06-24,2049.709965692463
2019-06-25,17520.102675894974
2019-06-26,31507.55463204857
2019-06-27,30539.335015171313
2019-06-28,35726.29372783429
2019-06-29,49703.81803358811
2019-06-30,9692.091429551967
2019-07-01,25868.04219965165
2019-07-02,44963.12840659102
2019-07-03,59771.80421577131
2019-07-04,33127.09798556869
2019-07-05,36985.4036734082
2019-07-06,28913.76111605818
2019-07-07,37288.23716672859
2019-07-08,42974.697682144826
2019-07-09,31100.904147907768
2019-07-10,12410.155474308338
2019-07-11,24325.57415032342
2019-07-12,30314.839819270885
2019-07-13,27050.76469022575
2019-07-14,25203.13455757121
2019-07-15,18587.286032561264
2019-07-16,32452.946107271742
2019-07-17,40514.95774387314
2019-07-18,25224.379069150138
2019-07-19,12530.437314085179
2019-07-20,31918.34056093008
2019-07-21,27787.521689299087
2019-07-22,21620.739329292606
2019-07-23,31624.80964186704
2019-07-24,24227.326200225074
2019-07-25,17365.70459225608
2019-07-26,7500.836785081679
2019-07-27,1245.3174564770218
2019-07-28,1873.0205428045956
2019-07-29,3518.7335217818627
2019-07-30,22829.115842040483
2019-07-31,17568.803305367655
2019-08-01,16794.72599370853
2019-08-02,13985.675249938984
2019-08-03,6173.849016083395
2019-08-04,16017.03715966875
2019-08-05,10059.130197345408
2019-08-06,19162.809256583954
2019-08-07,15939.73318173597
2019-08-08,21280.643186694317
2019-08-09,10861.456873516127
2019-08-10,791.9976951113964
2019-08-11,3611.1751039059445
2019-08-12,14227.296623090446
2019-08-13,12393.425373101167
2019-08-14,387.0027348274509
2019-08-15,8592.996417087072
2019-08-16,7169.386310084679
2019-08-17,9944.088478921938
2019-08-18,18926.477812271554
2019-08-19,5992.387274244671
2019-08-20,14325.638301675835
2019-08-21,22920.21161080428
2019-08-22,21613.75451552468
2019-08-23,12766.076053649265
2019-08-24,10715.640685785233
2019-08-25,8490.537128781252
2019-08-26,3502.4928072670336
2019-08-27,9080.51950622813
2019-08-28,4411.844579264646
2019-08-29,8032.1593231930165
2019-08-30,4091.286501222061
2019-08-31,3145.025815846446
2019-09-01,1779.7397222112745
2019-09-02,3061.2345746580877
2019-09-03,15639.057154587112
2019-09-04,13191.433196095413
2019-09-05,14644.19567821312
2019-09-06,10700.53961603175
2019-09-07,9675.59122197488
2019-09-08,8445.52117176545
2019-09-09,17606.35379142274
2019-09-10,16945.159601947948
2019-09-11,13769.114636885548
2019-09-12,14366.614252104846
2019-09-13,11260.58365756202
2019-09-14,12510.578797757726
2019-09-15,10232.45498074485
2019-09-16,12338.117379786758
2019-09-17,9622.08232322972
2019-09-18,25837.56783521979
2019-09-19,25536.507482781304
2019-09-20,18378.6995095059
2019-09-21,13033.65243941361
2019-09-22,23566.02467219071
2019-09-23,24384.99966588896
2019-09-24,22294.453282360548
2019-09-25,21168.585141164345
2019-09-26,18009.474157450306
2019-09-27,13309.8730160815
2019-09-28,13210.697845319675
2019-09-29,14307.80491646912
2019-09-30,9536.10855829264
2019-10-01,3993.996648237501
2019-10-02,11620.036634057842
2019-10-03,2703.525952051958
2019-10-04,2603.8940292537986
2019-10-05,9734.569360750056
2019-10-06,4270.488553974515
2019-10-07,4162.554750080943
2019-10-08,33202.20468301555
2019-10-09,28857.705602284434
2019-10-10,43670.26934263992
2019-10-11,44278.03279679206
2019-10-12,46688.48447548802
2019-10-13,42534.64001607778
2019-10-14,45944.93534229471
2019-10-15,34866.032524603856
2019-10-16,39909.915975051415
2019-10-17,6469.830215434257
2019-10-18,5361.0928451943655
2019-10-19,3039.735941925612
2019-10-20,33633.04147432559
2019-10-21,9381.798271908328
2019-10-22,8656.983132156429
2019-10-23,11681.51679071175
2019-10-24,7572.501194377516
2019-10-25,33259.494869422706
2019-10-26,18002.028744018615
2019-10-27,46100.607330246174
2019-10-28,13476.076461833882
2019-10-29,33721.49867281045
2019-10-30,16974.21111331335
2019-10-31,12570.878289739514
2019-11-01,5894.222366290012
2019-11-02,2061.0407993719364
2019-11-03,30775.805807433026
2019-11-04,41309.574542102535
2019-11-05,29912.454450098186
2019-11-06,725.3641188784313
2019-11-07,5090.677331785725
2019-11-08,14812.549025964214
2019-11-09,77686.82500185742
2019-11-10,91446.91655827341
2019-11-11,48269.464920135724
2019-11-12,25015.883032182337
2019-11-13,1515.1761695043506
2019-11-14,840.1559639216297
2019-11-15,70.97726675882353
2019-11-16,1419.4312769219976
2019-11-17,50767.02454943668
2019-11-18,62693.557610059564
2019-11-19,86612.41759992216
2019-11-20,2163.151854326593
2019-11-21,3320.2141698962614
2019-11-22,0.0
2019-11-23,25036.68169738192
2019-11-24,6180.900621496813
2019-11-25,1287.285672652206
2019-11-26,2645.2096877349263
2019-11-27,2106.4152501972426
2019-11-28,40532.765637993965
2019-11-29,27434.65818640771
2019-11-30,90868.24004380291
2019-12-01,78619.1205697155
2019-12-02,85603.0546884996
2019-12-03,97940.89696164012
2019-12-04,87328.19417526295
2019-12-05,100404.65992736658
2019-12-06,81364.38986524074
2019-12-07,89583.1765618051
2019-12-08,92708.4804664975
2019-12-09,22053.572943400934
2019-12-10,6752.678151544616
2019-12-11,2811.251809127881
2019-12-12,6683.314292362249
2019-12-13,201.35844703547792
2019-12-14,25403.896442385354
2019-12-15,41811.70830262467
2019-12-16,81829.75284404139
2019-12-17,82126.80040955261
2019-12-18,10541.022807189887
2019-12-19,5328.679583567278
2019-12-20,21923.78861520393
2019-12-21,50792.563075286314
2019-12-22,47787.826672552736
2019-12-23,69862.67060747028
2019-12-24,8197.541366296073
2019-12-25,69820.11890510884
2019-12-26,84041.17545487676
2019-12-27,74512.71794307747
2019-12-28,91785.5560179421
2019-12-29,32163.923903510433
2019-12-30,34749.20618348385
2019-12-31,37.190302469914215
2020-01-01,95.21983599424021
2020-01-02,8880.394876816421
2020-01-03,13999.000319727662
2020-01-04,9718.019736633334
2020-01-05,10507.151824801102
2020-01-06,54.51361913547794
2020-01-07,1617.7308913334557
2020-01-08,16101.292115168888
2020-01-09,76358.5889552335
2020-01-10,86282.8463046808
2020-01-11,1339.067716947304
2020-01-12,560.1091088427696
2020-01-13,0.0
2020-01-14,18956.027177619064
2020-01-15,33070.48818919703
2020-01-16,49703.64418023748
2020-01-17,76488.02081831094
2020-01-18,54365.02816441386
2020-01-19,75818.60324902585
2020-01-20,26928.342835495998
2020-01-21,208.34254912150735
2020-01-22,40580.163045315276
2020-01-23,68013.6015033656
2020-01-24,31678.771252331026
2020-01-25,7679.34530691176
2020-01-26,55934.41302427643
2020-01-27,58133.37648221152
2020-01-28,13740.410450984862
2020-01-29,12431.504066422858
2020-01-30,62325.92504176641
2020-01-31,56023.229097827214
2020-02-01,81494.58540184725
2020-02-02,87498.76763815718
2020-02-03,40525.87662510004
2020-02-04,806.0246617740194
2020-02-05,55090.18252742807
2020-02-06,13581.884756427811
2020-02-07,90582.07706804696
2020-02-08,91892.48652719925
2020-02-09,101931.77768174624
2020-02-10,87283.37966984372
2020-02-11,17679.340391225596
2020-02-12,278.96283693192396
2020-02-13,5442.252560645591
2020-02-14,86830.20748600592
2020-02-15,73087.56636261418
2020-02-16,72048.68884701212
2020-02-17,94976.32509426022
2020-02-18,34292.698192625416
2020-02-19,4141.197919711336
2020-02-20,55255.17997754019
2020-02-21,103820.83191913569
2020-02-22,76967.48583835333
2020-02-23,104216.06441438553
2020-02-24,35018.46207183923
2020-02-25,90011.26339435454
2020-02-26,95464.24143294377
2020-02-27,23536.68920303477
2020-02-28,7576.044550466979
2020-02-29,4455.813370756066
2020-03-01,65189.05312194318
2020-03-02,80587.08810768735
2020-03-03,88887.53872758544
2020-03-04,12266.161979219924
2020-03-05,9651.96521922512
2020-03-06,115.37323634773284
2020-03-07,2869.759345171872
2020-03-08,9487.580858097797
2020-03-09,2613.0818980841937
2020-03-10,11112.191187514949
2020-03-11,60455.26223026979
2020-03-12,13619.676643982166
2020-03-13,1249.8719616444857
2020-03-14,51211.082848536964
2020-03-15,88260.76195763919
2020-03-16,78112.83815398297
2020-03-17,88385.76337659406
2020-03-18,53520.64587437051
2020-03-19,88652.85885461637
2020-03-20,58238.85103038646
2020-03-21,33415.95488743851
2020-03-22,59575.81912036071
2020-03-23,48397.16032508949
2020-03-24,2996.6550501330853
2020-03-25,4743.899398574262
2020-03-26,6681.781675525799
2020-03-27,6.748857875
2020-03-28,3591.4376854295338
2020-03-29,36577.712312941476
2020-03-30,22054.30327650417
2020-03-31,3353.660268836399
2020-04-01,24687.45477964234
2020-04-02,40879.58241093708
2020-04-03,71157.41072889886
2020-04-04,102423.12794688114
2020-04-05,72558.41001275631
2020-04-06,43277.75799232884
2020-04-07,20414.429839714463
2020-04-08,62527.905704079516
2020-04-09,20121.969347846993
2020-04-10,42383.19798422808
2020-04-11,85272.14349228812
2020-04-12,63758.60083299683
2020-04-13,14598.00054633664
2020-04-14,8104.876282142228
2020-04-15,4021.1781934020833
2020-04-16,19659.76393137776
2020-04-17,2726.473999647306
2020-04-18,2813.385687890073
2020-04-19,13611.461347912695
2020-04-20,33387.060944974815
2020-04-21,25629.51797962419
2020-04-22,73236.79920000685
2020-04-23,84537.83371036188
2020-04-24,96796.92890679724
2020-04-25,95972.8350651414
2020-04-26,36468.11804229091
2020-04-27,41919.23708066944
2020-04-28,24865.328064469613
2020-04-29,65870.91615898328
2020-04-30,33771.521498551214
2020-05-01,52751.24621578872
2020-05-02,30159.51199000619
2020-05-03,1182.931568619485
2020-05-04,39999.30088023043
2020-05-05,4692.324390588356
2020-05-06,17553.582273390006
2020-05-07,49461.87698561986
2020-05-08,73332.07532593892
2020-05-09,6850.5265033389705
2020-05-10,24077.40209995305
2020-05-11,41324.60208748323
2020-05-12,40723.91926504747
2020-05-13,39536.83715667997
2020-05-14,6234.915787424449
2020-05-15,40144.824485440855
2020-05-16,32702.861263178773
2020-05-17,28687.42054522941
2020-05-18,12646.104207039156
2020-05-19,30184.303552469388
2020-05-20,70643.47881098595
2020-05-21,48576.964687766675
2020-05-22,64771.84462589282
2020-05-23,19532.412084205567
2020-05-24,34106.43976535811
2020-05-25,62483.193850147414
2020-05-26,57008.44337950957
2020-05-27,67611.6676562827
2020-05-28,29044.147301260684
2020-05-29,25654.961241387085
2020-05-30,6678.448471629106
2020-05-31,4732.312369484377
2020-06-01,10549.21540165588
2020-06-02,5722.793266115257
2020-06-03,14041.48662491758
2020-06-04,17082.738649975374
2020-06-05,35907.30029490868
2020-06-06,44291.28780281297
2020-06-07,53438.943326634864
2020-06-08,53532.48399915581
2020-06-09,30738.531667926545
2020-06-10,25544.228845703004
2020-06-11,22254.484464837922
2020-06-12,20883.083495110404
2020-06-13,6294.009664683331
2020-06-14,27490.772907939016
2020-06-15,19317.199542815753
2020-06-16,34396.0866811157
2020-06-17,38164.90164771762
2020-06-18,22587.89884647859
2020-06-19,25519.831271524177
2020-06-20,18298.133202358447
2020-06-21,41343.73952534122
2020-06-22,55318.274745236755
2020-06-23,44005.74548415509
2020-06-24,6747.039065778065
2020-06-25,20840.639954039183
2020-06-26,21213.4865228031
2020-06-27,21982.647564594405
2020-06-28,13889.214422164368
2020-06-29,31025.719164537168
2020-06-30,26652.94725706996
2020-07-01,12531.69563901416
2020-07-02,22998.10068297682
2020-07-03,30298.18074849838
2020-07-04,12805.452249596137
2020-07-05,6609.422636899023
2020-07-06,19026.346707201494
2020-07-07,30826.24449854745
2020-07-08,12591.415228586166
2020-07-09,6249.657640929476
2020-07-10,13137.075600614522
2020-07-11,24960.274087656373
2020-07-12,2855.115606023528
2020-07-13,10723.11555080825
2020-07-14,14792.308795565412
2020-07-15,21217.765753589996
2020-07-16,2644.025873721263
2020-07-17,2567.396967911518
2020-07-18,3230.532749221016
2020-07-19,6853.9386771587
2020-07-20,13197.593367107891
2020-07-21,1638.9060124566806
2020-07-22,14463.282781498776
2020-07-23,40465.17622328374
2020-07-24,30167.37803686988
2020-07-25,14612.299120947973
2020-07-26,5873.984847819544
2020-07-27,9697.692672179775
2020-07-28,23057.269764002238
2020-07-29,23856.744122644326
2020-07-30,23286.858240106016
2020-07-31,12220.479043948415
2020-08-01,3037.1222213927076
2020-08-02,10662.3857440842
2020-08-03,21217.62739549253
2020-08-04,2752.6559479237735
2020-08-05,4258.2419391011645
2020-08-06,7044.716545021013
2020-08-07,16405.5287577459
2020-08-08,21630.06385419751
2020-08-09,918.883147789583
2020-08-10,3110.4557111802706
2020-08-11,10216.777080504406
2020-08-12,18319.34766660755
2020-08-13,15773.739342904662
2020-08-14,16259.039187674027
2020-08-15,10734.129948397978
2020-08-16,21985.48834666111
2020-08-17,22368.964015318885
2020-08-18,6213.303005364647
2020-08-19,2644.479563992709
2020-08-20,2231.8886187178305
2020-08-21,4049.806146305822
2020-08-22,15370.607893851096
2020-08-23,21902.158752116626
2020-08-24,22662.653156157856
2020-08-25,16887.40792819309
2020-08-26,6186.23766225086
2020-08-27,128.0480827270833
2020-08-28,2299.438033076838
2020-08-29,9164.193093429287
2020-08-30,9753.139185125923
2020-08-31,3387.436216548098
2020-09-01,12897.350471142348
2020-09-02,8465.246659036951
2020-09-03,4616.446809738234
2020-09-04,11047.885980254547
2020-09-05,9644.614497979841
2020-09-06,3979.9342148109063
2020-09-07,15670.352492699012
2020-09-08,24418.245980476855
2020-09-09,20156.276955566245
2020-09-10,17516.363945969926
2020-09-11,12305.980217590577
2020-09-12,10051.903572388293
2020-09-13,21669.502116528874
2020-09-14,10233.194132111457
2020-09-15,7273.894456903311
2020-09-16,11980.095019277143
2020-09-17,4930.400538064707
2020-09-18,14610.583549359135
2020-09-19,19144.601735078737
2020-09-20,23983.448552325517
2020-09-21,27635.772164722064
2020-09-22,22564.831958902036
2020-09-23,15888.159328390258
2020-09-24,17917.384221618817
2020-09-25,19488.471946615864
2020-09-26,3177.5966221520835
2020-09-27,6533.274270950922
2020-09-28,6752.287824561458
2020-09-29,11894.564311123228
2020-09-30,17919.980038950933
2020-10-01,4422.109301087253
2020-10-02,27584.881605348335
2020-10-03,22114.940881485305
2020-10-04,23767.46925251607
2020-10-05,23535.847168739427
2020-10-06,27984.207355622435
2020-10-07,16907.309484333953
2020-10-08,14196.865579587742
2020-10-09,17825.32380764637
2020-10-10,13691.842255168744
2020-10-11,17026.72420510153
2020-10-12,13634.656330795156
2020-10-13,8405.701749580756
2020-10-14,7539.171472691731
2020-10-15,17642.373708118197
2020-10-16,32727.228772299386
2020-10-17,27357.896512657982
2020-10-18,27491.86616904369
2020-10-19,28030.181587591658
2020-10-20,26798.760460488615
2020-10-21,22275.610679698966
2020-10-22,18588.638974540627
2020-10-23,2991.667282077267
2020-10-24,5427.129105380703
2020-10-25,716.9219987977943
2020-10-26,34875.11243590919
2020-10-27,45701.428971219546
2020-10-28,14027.334824379424
2020-10-29,9487.435201277753
2020-10-30,20994.59325379553
2020-10-31,25353.373309185594
2020-11-01,24984.141295033212
2020-11-02,37416.56708177539
2020-11-03,32063.302359320693
2020-11-04,23953.61009406247
2020-11-05,21438.01831239865
2020-11-06,29897.54062842602
2020-11-07,34600.145778341255
2020-11-08,39775.08616495772
2020-11-09,28334.712946452
2020-11-10,19034.306961808885
2020-11-11,13359.014397010707
2020-11-12,13200.074669514146
2020-11-13,2037.0397459812518
2020-11-14,680.7224399261642
2020-11-15,0.0
2020-11-16,12699.600060603
2020-11-17,23094.15401663284
2020-11-18,17988.387047106957
2020-11-19,664.4200624892769
2020-11-20,13202.675211744556
2020-11-21,46630.92243890311
2020-11-22,858.3702287815568
2020-11-23,1056.5230402042282
2020-11-24,307.5725771905637
2020-11-25,6012.631006334436
2020-11-26,55430.492639761265
2020-11-27,79742.89559678882
2020-11-28,42628.26010357208
2020-11-29,18396.305555128856
2020-11-30,66895.89638668916
2020-12-01,20583.01761733945
2020-12-02,81612.50756870613
2020-12-03,79315.99022592178
2020-12-04,10101.402046684365
2020-12-05,19226.40578881005
2020-12-06,4063.5415519096214
2020-12-07,15438.924505784495
2020-12-08,361.1928952282476
2020-12-09,14359.546595540936
2020-12-10,50507.5269354552
2020-12-11,5936.549313601101
2020-12-12,15034.612100301236
2020-12-13,30848.103720253028
2020-12-14,34409.38884230764
2020-12-15,15212.07700295415
2020-12-16,46588.469990755344
2020-12-17,67575.25937625644
2020-12-18,71407.82549691563
2020-12-19,77421.981461391
2020-12-20,22451.89317285755
2020-12-21,17405.041957208214
2020-12-22,49211.221840912636
2020-12-23,49853.19509356069
2020-12-24,3004.8138731112126
2020-12-25,46518.77098884198
2020-12-26,17385.36066841208
2020-12-27,27165.812092931625
2020-12-28,12808.170982651478
2020-12-29,38289.01860205531
2020-12-30,87776.8350736011
2020-12-31,69207.98010682213
2021-01-01,31746.560544833475
2021-01-02,73019.64884767953
2021-01-03,46587.66904125666
2021-01-04,37424.11235791937
2021-01-05,8221.51309424859
2021-01-06,15235.734819617766
2021-01-07,43786.52221629701
2021-01-08,10211.00665740332
2021-01-09,41279.5938449903
2021-01-10,80237.74403883013
2021-01-11,82895.93752825631
2021-01-12,73119.57895048133
2021-01-13,83570.11617023456
2021-01-14,41982.62797391096
2021-01-15,63120.02173441823
2021-01-16,82528.0785575677
2021-01-17,44741.45134697542
2021-01-18,26177.54889052015
2021-01-19,61002.7215770302
2021-01-20,71960.94501576821
2021-01-21,18980.915762143944
2021-01-22,10420.47912079502
2021-01-23,710.5256232810049
2021-01-24,100500.19619659372
2021-01-25,67467.33559629795
2021-01-26,63150.295224034744
2021-01-27,77207.27309972611
2021-01-28,45586.778819946754
2021-01-29,49840.14890060003
2021-01-30,52684.4402192699
2021-01-31,61246.433390536185
2021-02-01,19874.629952998144
2021-02-02,17809.794535234887
2021-02-03,10694.65952310251
2021-02-04,27994.471889573426
2021-02-05,67086.14229577742
2021-02-06,49296.835361362384
2021-02-07,93988.585033641
2021-02-08,26725.825400021822
2021-02-09,7892.507254863911
2021-02-10,55088.567893932595
2021-02-11,79167.42711176928
2021-02-12,31592.340600476644
2021-02-13,7518.9020381388455
2021-02-14,57954.229287181355
2021-02-15,63787.390001801956
2021-02-16,80531.02953638008
2021-02-17,71769.63514122702
2021-02-18,76405.7857343826
2021-02-19,62126.89043547076
2021-02-20,12682.200198030074
2021-02-21,7886.784584395105
2021-02-22,1225.0925445862133
2021-02-23,8174.794896257723
2021-02-24,2967.649091065196
2021-02-25,3470.292539123836
2021-02-26,112.28880368449757
2021-02-27,13496.271938211217
2021-02-28,70846.32107689828
2021-03-01,74704.87302859344
2021-03-02,48843.76715311734
2021-03-03,18321.108556435393
2021-03-04,29608.64645091941
2021-03-05,36739.283846638515
2021-03-06,22975.581186868483
2021-03-07,839.3765525115806
2021-03-08,22654.83037459201
2021-03-09,23525.850161912917
2021-03-10,1507.390652945833
2021-03-11,0.0
2021-03-12,614.6591826386029
2021-03-13,6242.795248683773
2021-03-14,1579.3376016791058
2021-03-15,33598.07033055903
2021-03-16,1165.8855733181988
2021-03-17,11504.5099985508
2021-03-18,48624.128679273745
2021-03-19,65751.31729231657
2021-03-20,41436.185207065304
2021-03-21,425.9288980634191
2021-03-22,293.13579587352945
2021-03-23,90.00546419417893
2021-03-24,10604.107850490878
2021-03-25,26451.462007597576
2021-03-26,43976.51018731354
2021-03-27,63277.99585758197
2021-03-28,3350.616918226224
2021-03-29,4655.593517612564
2021-03-30,16927.920764508268
2021-03-31,81240.87478257137
2021-04-01,80230.09642612412
2021-04-02,56142.06040197182
2021-04-03,86631.58236732405
2021-04-04,27780.495587611047
2021-04-05,8495.295188851042
2021-04-06,82.74496829993873
2021-04-07,23502.352234354235
2021-04-08,23725.285654142433
2021-04-09,64189.82395496015
2021-04-10,57533.96579542767
2021-04-11,16369.40268938167
2021-04-12,36618.04029050657
2021-04-13,17407.27646104687
2021-04-14,22741.714612171887
2021-04-15,2142.185385814093
2021-04-16,8861.543786335787
2021-04-17,611.5797996419731
2021-04-18,5661.793606456437
2021-04-19,70699.35158956262
2021-04-20,6693.007382629415
2021-04-21,28867.11048141455
2021-04-22,14429.092473211018
2021-04-23,38352.68096908745
2021-04-24,108410.00319049817
2021-04-25,106087.42725623092
2021-04-26,107575.13514001669
2021-04-27,101251.5420914149
2021-04-28,101235.63064595475
2021-04-29,66624.16297104632
2021-04-30,85641.39205524139
2021-05-01,92951.38227154652
2021-05-02,83365.33884168952
2021-05-03,93977.390953628
2021-05-04,60244.84932782962
2021-05-05,6784.4573547782475
2021-05-06,35936.40900514381
2021-05-07,12348.87812078124
2021-05-08,20745.895034088913
2021-05-09,43268.36040374104
2021-05-10,46852.33917684856
2021-05-11,6915.121421404966
2021-05-12,16920.880422123162
2021-05-13,20405.187822370284
2021-05-14,15643.326382498346
2021-05-15,16266.284113020838
2021-05-16,24724.56283152872
2021-05-17,12919.827084433624
2021-05-18,42253.26292738255
2021-05-19,17210.225072316767
2021-05-20,50732.59836532546
2021-05-21,23705.910497043023
2021-05-22,16693.171707716592
2021-05-23,3506.3711883755514
2021-05-24,25311.002680863923
2021-05-25,40184.50918542502
2021-05-26,57498.07651698166
2021-05-27,55842.560738176915
2021-05-28,79661.65413657241
2021-05-29,63539.45390793721
2021-05-30,45712.102966710794
2021-05-31,23378.92546096788
2021-06-01,10181.198393191178
2021-06-02,37753.07909784931
2021-06-03,35466.00692171338
2021-06-04,37564.76205425507
2021-06-05,45642.44868158408
2021-06-06,68364.93278891448
2021-06-07,55081.52515267501
2021-06-08,64702.99446327045
2021-06-09,63707.96732203486
2021-06-10,57146.487343217
2021-06-11,43176.438438172765
2021-06-12,42319.490103704324
2021-06-13,17580.993412758024
2021-06-14,15203.952449399572
2021-06-15,15785.559425749816
2021-06-16,2341.014421469179
2021-06-17,8819.538457100736
2021-06-18,5585.784591574879
2021-06-19,24865.848653296605
2021-06-20,7364.319352946195
2021-06-21,6184.138002545768
2021-06-22,21827.96889283381
2021-06-23,30141.318395895494
2021-06-24,22388.316731740742
2021-06-25,17878.556882769535
2021-06-26,9989.530851837317
2021-06-27,16286.609072089328
2021-06-28,18231.04614629639
2021-06-29,35368.177263572084
2021-06-30,28568.272063022032
2021-07-01,10225.77382085453
2021-07-02,2660.873397517892
2021-07-03,3575.5871476464476
2021-07-04,11652.011160378312
2021-07-05,11016.608444736892
2021-07-06,12313.949833244178
2021-07-07,10884.722902896146
2021-07-08,27623.684718074517
2021-07-09,37510.8745430473
2021-07-10,38077.84464605878
2021-07-11,34408.53910830698
2021-07-12,6652.556949697429
2021-07-13,3814.7019189167895
2021-07-14,6462.133643069673
2021-07-15,15231.925924974255
2021-07-16,28110.139868733953
2021-07-17,34608.08074346969
2021-07-18,29673.060551762872
2021-07-19,4446.260998189216
2021-07-20,2068.713347897121
2021-07-21,1244.1888608783083
2021-07-22,3631.495870498657
2021-07-23,12171.51220161576
2021-07-24,29884.491035327253
2021-07-25,22979.694918249454
2021-07-26,21884.415407176893
2021-07-27,18460.44269266104
2021-07-28,14837.335154592347
2021-07-29,8902.887946860106
2021-07-30,5072.796213903184
2021-07-31,10473.692148876527
2021-08-01,1992.852097333701
2021-08-02,9022.12466138401
2021-08-03,5831.036282870098
2021-08-04,4090.786304887377
2021-08-05,5132.526078106558
2021-08-06,4059.9127947680163
2021-08-07,3982.5531367723656
2021-08-08,3677.558402900676
2021-08-09,3703.2694721502453
2021-08-10,12740.546459128429
2021-08-11,14633.384167299031
2021-08-12,6091.046578719912
2021-08-13,14850.17855093579
2021-08-14,5970.226913221934
2021-08-15,4816.475139598287
2021-08-16,18053.191745864653
2021-08-17,25150.835030762824
2021-08-18,23002.28450875429
2021-08-19,9427.07465959014
2021-08-20,6725.28654920509
2021-08-21,2091.157728736274
2021-08-22,7420.935502129412
2021-08-23,4507.560058059867
2021-08-24,15317.177160897241
2021-08-25,17946.682522128558
2021-08-26,13394.25023768297
2021-08-27,8036.868398384622
2021-08-28,3041.7211394964456
2021-08-29,7251.191055401589
2021-08-30,15238.394850882534
2021-08-31,3279.309726903553
2021-09-01,4784.6351774935065
2021-09-02,21499.004100056016
2021-09-03,20736.583239595475
2021-09-04,20315.925882365573
2021-09-05,25241.756365282195
2021-09-06,25357.956887129803
2021-09-07,20647.075806369063
2021-09-08,19886.982179517792
2021-09-09,9932.503634327391
2021-09-10,6379.831168681921
2021-09-11,1608.8023618562497
2021-09-12,4981.784579689952
2021-09-13,13616.348315936333
2021-09-14,24703.687428143287
2021-09-15,12510.110984387682
2021-09-16,25225.829810157593
2021-09-17,27912.012594830278
2021-09-18,22722.171854463173
2021-09-19,24748.626530530084
2021-09-20,11395.692042390692
2021-09-21,8499.445078317214
2021-09-22,4409.58217648174
2021-09-23,8149.852140412682
2021-09-24,12842.6393640731
2021-09-25,19721.482701158096
2021-09-26,25788.503078723348
2021-09-27,21802.821266314117
2021-09-28,18935.535737631006
2021-09-29,22253.291346028138
2021-09-30,19714.97228580895
2021-10-01,12323.400743746446
2021-10-02,4632.369372146691
2021-10-03,10027.807331541058
2021-10-04,6554.10138568548
2021-10-05,5106.249206266052
2021-10-06,15273.545082686347
2021-10-07,23107.601428071324
2021-10-08,14913.982356856073
2021-10-09,13506.758244256445
2021-10-10,4442.722287129778
2021-10-11,13367.422202487878
2021-10-12,17897.654955344064
2021-10-13,31227.543942375665
2021-10-14,41634.07192069361
2021-10-15,45170.6182384014
2021-10-16,26707.99298606086
2021-10-17,1974.708616842708
2021-10-18,4942.117337099323
2021-10-19,64829.791061090946
2021-10-20,58568.3195608307
2021-10-21,38062.08618326531
2021-10-22,6357.671022891065
2021-10-23,15772.091037053116
2021-10-24,9274.585026518203
2021-10-25,54456.928701574405
2021-10-26,75759.8292728813
2021-10-27,86007.89466011072
2021-10-28,99685.70790168463
2021-10-29,56038.347800264375
2021-10-30,82829.61024041138
2021-10-31,44879.359982062975
2021-11-01,50416.82372355756
2021-11-02,32917.83865281726
2021-11-03,51643.460170914885
2021-11-04,21517.81809335232
2021-11-05,9920.852038126288
2021-11-06,75771.15923764101
2021-11-07,79474.71006016036
2021-11-08,84896.45454401927
2021-11-09,71186.37356822255
2021-11-10,63639.844857038726
2021-11-11,78638.38770438467
2021-11-12,68484.82733721167
2021-11-13,75721.08640594421
2021-11-14,29295.968069432518
2021-11-15,66142.25927577994
2021-11-16,59882.47306505152
2021-11-17,29899.98940830379
2021-11-18,1245.4842759707105
2021-11-19,62976.47925983087
2021-11-20,65832.18966462032
2021-11-21,51252.26372905702
2021-11-22,61924.785491066454
2021-11-23,52061.18882596213
2021-11-24,25820.8196865707
2021-11-25,22254.488502553922
2021-11-26,49896.007266616245
2021-11-27,13712.28371142272
2021-11-28,33014.32011668877
2021-11-29,30925.621033805863
2021-11-30,19947.046505235965
2021-12-01,25900.643090528374
2021-12-02,34751.77586585656
2021-12-03,43687.815517990355
2021-12-04,36634.24362437126
2021-12-05,6842.418278919612
2021-12-06,45657.228381371664
2021-12-07,59965.830863424606
2021-12-08,40947.02738417924
2021-12-09,41826.972886576856
2021-12-10,72285.42381700531
2021-12-11,59424.05544031914
2021-12-12,32798.29820026629
2021-12-13,16525.737327109004
2021-12-14,1418.544577320649
2021-12-15,24343.551846814757
2021-12-16,11920.459669414395
2021-12-17,43791.201691017566
2021-12-18,44462.555366139444
2021-12-19,45117.27635097598
2021-12-20,30158.44810011147
2021-12-21,52653.08561008357
2021-12-22,28770.585040027836
2021-12-23,25764.296157345474
2021-12-24,46759.853861327974
2021-12-25,14598.162158585834
2021-12-26,11032.06081609412
2021-12-27,6821.289769232041
2021-12-28,57446.60811317513
2021-12-29,57316.21171018451
2021-12-30,31968.89653932535
2021-12-31,42959.80830931757
2022-01-01,8776.997121578
2022-01-02,6958.974031407107
2022-01-03,9448.741342824507
2022-01-04,3370.6913727582105
2022-01-05,0.05585928750000001
2022-01-06,29483.477106668448
2022-01-07,201.9011583375613
2022-01-08,67.30300165349266
2022-01-09,22808.198792194566
2022-01-10,15786.7150048027
2022-01-11,99434.97524878345
2022-01-12,50685.61502326315
2022-01-13,26673.171003438576
2022-01-14,58226.76012971892
2022-01-15,62255.584816822644
2022-01-16,25312.459713997105
2022-01-17,8714.992268715072
2022-01-18,43824.364954809
2022-01-19,2535.6673837620096
2022-01-20,63342.59475872328
2022-01-21,26802.868318690205
2022-01-22,18134.899202867637
2022-01-23,2623.1590771576607
2022-01-24,37520.5292716028
2022-01-25,56037.42573994202
2022-01-26,47873.109678421075
2022-01-27,86666.8884310173
2022-01-28,36139.642928053545
2022-01-29,29831.48129753328
2022-01-30,37627.71488195796
2022-01-31,29234.31817954766
2022-02-01,71969.23715287277
2022-02-02,4852.304534805638
2022-02-03,24254.23068423601
2022-02-04,37936.16188967287
2022-02-05,109369.29718420992
2022-02-06,444.3131717061276
2022-02-07,28658.462774743624
2022-02-08,25109.965437719133
2022-02-09,24340.488615080634
2022-02-10,49074.877501548064
2022-02-11,55182.37045754793
2022-02-12,91009.28933906015
2022-02-13,22038.827256125693
2022-02-14,27996.001735069218
2022-02-15,13687.831098012502
2022-02-16,40702.83261814278
2022-02-17,48087.963102959875
2022-02-18,8386.49091890999
2022-02-19,52305.58085124221
2022-02-20,53795.466627752336
2022-02-21,92382.16524500049
2022-02-22,1147.1038550534931
2022-02-23,1478.247049087194
2022-02-24,6888.423549454535
2022-02-25,15855.803538452501
2022-02-26,11811.726893888663
2022-02-27,62455.733105532025
2022-02-28,54048.54878875838
2022-03-01,8278.837922523899
2022-03-02,30155.196886767262
2022-03-03,1334.5600710386632
2022-03-04,56544.998912159346
2022-03-05,54467.81310302507
2022-03-06,564.8125767023896
2022-03-07,404.31014290398286
2022-03-08,20357.208022549352
2022-03-09,20203.18211899575
2022-03-10,50866.828299695524
2022-03-11,99209.83325108414
2022-03-12,12822.646081931436
2022-03-13,68239.35420491207
2022-03-14,45964.989536050416
2022-03-15,24838.228192797134
2022-03-16,90218.8750454341
2022-03-17,101152.56770653122
2022-03-18,62736.87802840966
2022-03-19,19697.310893812948
2022-03-20,17354.898148932938
2022-03-21,55396.71715055061
2022-03-22,72251.38030311042
2022-03-23,49677.147169154654
2022-03-24,17689.270026804097
2022-03-25,68879.99653728152
2022-03-26,98727.03313860478
2022-03-27,59277.29661757992
2022-03-28,26167.116526912323
2022-03-29,54972.42517913667
2022-03-30,60151.9560336796
2022-03-31,55118.63881351641
2022-04-01,92428.88928123326
2022-04-02,60069.33772910846
2022-04-03,26072.75886703068
2022-04-04,75922.23532865012
2022-04-05,84760.58465761795
2022-04-06,89049.5455192442
2022-04-07,77401.48370388364
2022-04-08,82071.49876420289
2022-04-09,14842.932275963576
2022-04-10,69780.45199552659
2022-04-11,65956.03894910483
2022-04-12,6914.968752791664
2022-04-13,4621.685376539346
2022-04-14,25174.333453196938
2022-04-15,56495.45595852857
2022-04-16,62562.97562241698
2022-04-17,76073.67088736877
2022-04-18,69839.48695813214
2022-04-19,25601.026412442367
2022-04-20,21703.79144890305
2022-04-21,2299.9385314859064
2022-04-22,10296.807940782413
2022-04-23,17987.21091068624
2022-04-24,42212.08991871954
2022-04-25,14331.48787147586
2022-04-26,63847.683174596896
2022-04-27,57726.23116942189
2022-04-28,34285.68223574355
2022-04-29,32068.040771662574
2022-04-30,48014.76914494464
2022-05-01,60363.34524308176
2022-05-02,62416.17036293482
2022-05-03,12213.189046091973
2022-05-04,9214.117278990998
2022-05-05,29361.33980660124
2022-05-06,16528.107245648946
2022-05-07,35185.79457590384
2022-05-08,39753.383505813246
2022-05-09,41605.353806204614
2022-05-10,42802.38318122581
2022-05-11,19739.917831903174
2022-05-12,33095.2661336979
2022-05-13,33616.431982525406
2022-05-14,39892.52394508486
2022-05-15,16437.72252454503
2022-05-16,11510.03891461171
2022-05-17,22337.91321563375
2022-05-18,18923.00466868402
2022-05-19,25849.980388359854
2022-05-20,2102.6839812509193
2022-05-21,12030.44097611623
2022-05-22,16510.08224714277
2022-05-23,9973.622788085971
2022-05-24,14361.39590874327
2022-05-25,33761.54578658699
2022-05-26,43747.356582817694
2022-05-27,25876.776198072243
2022-05-28,4445.805021156312
2022-05-29,12505.419955862988
2022-05-30,11006.833727994423
2022-05-31,11586.31301702574
2022-06-01,5121.732009340877
2022-06-02,12718.295268487618
2022-06-03,17491.636833508095
2022-06-04,19054.18462776206
2022-06-05,12994.524759260477
2022-06-06,20181.806693452058
2022-06-07,18004.57394990441
2022-06-08,8761.338384163977
2022-06-09,16994.959531275726
2022-06-10,6802.258961191797
2022-06-11,10017.879030692218
2022-06-12,3739.574237580885
2022-06-13,10455.27786287427
2022-06-14,30219.829710767313
2022-06-15,30867.91253328258
2022-06-16,14468.010183640865
2022-06-17,10097.301211738479
2022-06-18,3960.4102000166663
2022-06-19,4027.9787933686266
2022-06-20,4139.9755927843735
2022-06-21,2155.6616032455845
2022-06-22,4562.33153921446
2022-06-23,35270.90391164686
2022-06-24,48199.71248016988
2022-06-25,50200.09119478418
2022-06-26,35711.400774979484
2022-06-27,29728.7216249392
2022-06-28,37889.70758692964
2022-06-29,31662.288609707502
2022-06-30,36774.08696149193
2022-07-01,28572.86701543708
2022-07-02,33693.19005613908
2022-07-03,25850.039649984185
2022-07-04,28701.094767015544
2022-07-05,13894.716837002034
2022-07-06,4657.415826971812
2022-07-07,4530.080233924691
2022-07-08,15771.93765097814
2022-07-09,5164.266909657105
2022-07-10,4517.727794324263
2022-07-11,2547.897162372182
2022-07-12,6426.155106127817
2022-07-13,3537.878153278249
2022-07-14,1192.799503702267
2022-07-15,2977.5253330648898
2022-07-16,1767.2492494833948
2022-07-17,10459.78799357114
2022-07-18,26808.83286255761
2022-07-19,20996.47107337343
2022-07-20,20367.316105383772
2022-07-21,16399.40449284983
2022-07-22,19701.77336899383
2022-07-23,18361.635055787567
2022-07-24,10044.294915754415
2022-07-25,2683.034062294301
2022-07-26,9446.535818017894
2022-07-27,14129.716007234003
2022-07-28,6259.931386193751
2022-07-29,8914.205195159555
2022-07-30,3288.5455806337013
2022-07-31,2261.247823021263
2022-08-01,398.4286242647061
2022-08-02,15915.365974640983
2022-08-03,12064.859027487251
2022-08-04,7500.37711102745
2022-08-05,4272.676968188238
2022-08-06,1373.2638046947295
2022-08-07,9971.913119268384
2022-08-08,4171.138983018383
2022-08-09,8077.4450008162385
2022-08-10,4325.833672855146
2022-08-11,9380.32377604375
2022-08-12,3782.9403325159933
2022-08-13,3987.6381297194835
2022-08-14,15187.638293066913
2022-08-15,1050.745013449632
2022-08-16,1907.783208717464
2022-08-17,846.7418496194241
2022-08-18,4414.522604031985
2022-08-19,16233.599698439528
2022-08-20,8274.647042812807
2022-08-21,4422.546502169426
2022-08-22,6090.3041356379945
2022-08-23,3186.227591364399
2022-08-24,1087.2714383751836
2022-08-25,2961.1622008351096
2022-08-26,1003.9170672157479
2022-08-27,3718.3474782174026
2022-08-28,6997.861230558699
2022-08-29,5688.619245214155
2022-08-30,14927.783132259094
2022-08-31,13834.059434908217
2022-09-01,13179.196694619794
2022-09-02,17942.48957107028
2022-09-03,17526.261374222508
2022-09-04,18762.49803787427
2022-09-05,15803.01139979234
2022-09-06,17024.9316459524
2022-09-07,15934.169077265567
2022-09-08,15188.388012459505
2022-09-09,10466.817633662256
2022-09-10,12309.012620828922
2022-09-11,3069.5943877694235
2022-09-12,6160.552071785912
2022-09-13,12363.14569372593
2022-09-14,6999.913833792343
2022-09-15,17124.854726338915
2022-09-16,15032.17618663848
2022-09-17,4772.623312048406
2022-09-18,24789.207546682792
2022-09-19,25258.462350836653
2022-09-20,20469.182986626056
2022-09-21,4166.77832202506
2022-09-22,13079.667479166916
2022-09-23,16865.67180867111
2022-09-24,6895.940154105086
2022-09-25,540.0895905481617
2022-09-26,46483.23119959217
2022-09-27,48382.11547616659
2022-09-28,13977.68978783435
2022-09-29,23130.20705140115
2022-09-30,26662.424810471373
2022-10-01,9737.974594425243
2022-10-02,9137.099789479536
2022-10-03,22099.932247317374
2022-10-04,16033.234311039105
2022-10-05,31806.998253020814
2022-10-06,13643.13946822701
2022-10-07,24156.071290230262
2022-10-08,40171.33153089934
2022-10-09,39452.519556274536
2022-10-10,16640.428018539762
2022-10-11,-9999
2022-10-12,-9999
2022-10-13,-9999
2022-10-14,-9999
2022-10-15,-9999
2022-10-16,-9999
2022-10-17,-9999
2022-10-18,-9999
2022-10-19,-9999
2022-10-20,-9999
2022-10-21,-9999
2022-10-22,-9999
2022-10-23,0.0
2022-10-24,59098.75535555036
2022-10-25,39500.91793727577
2022-10-26,36029.31613300295
2022-10-27,27135.90335822339
2022-10-28,33194.027697790974
2022-10-29,49211.166373303684
2022-10-30,34212.190617523425
2022-10-31,16558.038588204654
2022-11-01,14949.832684161436
2022-11-02,19276.882715523334
2022-11-03,31424.094187521994
2022-11-04,18832.90772663563
2022-11-05,9807.507977087556
2022-11-06,676.4883082658088
2022-11-07,2943.493640965686
2022-11-08,39469.20447689832
2022-11-09,960.0568080770834
2022-11-10,50832.42386493603
2022-11-11,52317.937059884294
2022-11-12,78111.77074741291
2022-11-13,1557.825693904963
2022-11-14,2897.732931300858
2022-11-15,80589.54884936524
2022-11-16,39049.33723169749
2022-11-17,84857.62289271614
2022-11-18,22317.66687405656
2022-11-19,6815.158473672491
2022-11-20,42610.7963475583
2022-11-21,68609.2199972885
2022-11-22,80058.6520430801
2022-11-23,67624.29141561041
2022-11-24,87221.50780086532
2022-11-25,69481.60998702329
2022-11-26,47370.81478906537
2022-11-27,89052.69572061319
2022-11-28,71045.25347820712
2022-11-29,52527.270787440044
2022-11-30,62738.97726194513
2022-12-01,61003.59876937346
2022-12-02,9836.877019670597
2022-12-03,19426.502075109925
2022-12-04,46763.065187553526
2022-12-05,21998.26822155688
2022-12-06,20106.691615026382
2022-12-07,36918.573876126626
2022-12-08,1859.9498225181371
2022-12-09,1346.2685891658089
2022-12-10,8643.311784977202
2022-12-11,14065.511057915142
2022-12-12,3589.4243674689947
2022-12-13,49074.03398815094
2022-12-14,38168.10036574358
2022-12-15,59118.26039281004
2022-12-16,48738.357764383734
2022-12-17,55303.21750049601
2022-12-18,56468.54490273377
2022-12-19,27728.2893329293
2022-12-20,53707.61571517755
2022-12-21,63827.05438478113
2022-12-22,38880.63603861069
2022-12-23,8571.90706225392
2022-12-24,32769.430129310946
2022-12-25,48682.72154751874
2022-12-26,7128.304023380146
2022-12-27,41607.83535478819
2022-12-28,52482.25070079833
2022-12-29,1110.7165969699759
2022-12-30,33637.50441202114
2022-12-31,64015.44239013819
2023-01-01,69158.47661531507
2023-01-02,57524.40164019829
2023-01-03,51605.727913535644
2023-01-04,71905.69010941527
2023-01-05,44766.97665072444
2023-01-06,17755.25812484333
2023-01-07,2885.0088628875624
2023-01-08,7712.056595165063
2023-01-09,2393.6317905649507
2023-01-10,18826.28497027434
2023-01-11,49.05177184938726
2023-01-12,13865.75471842524
2023-01-13,4686.900392182654
2023-01-14,42539.71358867599
2023-01-15,39146.52684515776
2023-01-16,66140.47545338044
2023-01-17,46350.55895014988
2023-01-18,43583.19750127813
2023-01-19,14390.982546080204
2023-01-20,16148.829328579095
2023-01-21,11640.533172022362
2023-01-22,32111.503542333587
2023-01-23,12665.379773828437
2023-01-24,2610.1679182800253
2023-01-25,3190.7540820756744
2023-01-26,38769.44495512296
2023-01-27,64718.05707257804
2023-01-28,1790.749546733333
2023-01-29,108.22694134375
2023-01-30,55.878965278370096
2023-01-31,25186.363433517763
2023-02-01,38426.523572247665
2023-02-02,6252.515811216969
2023-02-03,25024.647371688603
2023-02-04,31082.434965033102
2023-02-05,31949.848189057437
2023-02-06,4750.047896620648
2023-02-07,61466.837843551395
2023-02-08,24928.17785001091
2023-02-09,71.36119154105393
2023-02-10,592.36417469038
2023-02-11,5156.787170414096
2023-02-12,54035.206067416926
2023-02-13,72707.50158220339
2023-02-14,13260.39646056196
2023-02-15,24177.49323087777
2023-02-16,2894.679640612745
2023-02-17,5872.619692495395
2023-02-18,14257.786848307373
2023-02-19,2301.3350179483455
2023-02-20,2426.329072230392
2023-02-21,69948.00140107292
2023-02-22,63426.24518706907
2023-02-23,96063.75156351477
2023-02-24,64079.1761282915
2023-02-25,66692.86662123451
2023-02-26,3893.47994822549
2023-02-27,54294.49811463243
2023-02-28,9660.85220299504
2023-03-01,9487.78950616262
2023-03-02,3742.4474820205282
2023-03-03,19776.862100526458
2023-03-04,24815.228177079833
2023-03-05,24535.377057244605
2023-03-06,82991.85040994042
2023-03-07,88045.78472925365
2023-03-08,83167.95938279715
2023-03-09,105839.17661613727
2023-03-10,96179.26907160356
2023-03-11,103700.1374509774
2023-03-12,85283.36312954416
2023-03-13,64329.69336710376
2023-03-14,86260.47331314589
2023-03-15,75538.16125847615
2023-03-16,49040.17692598456
2023-03-17,6012.377132568075
2023-03-18,16008.798235394186
2023-03-19,15454.256920435406
2023-03-20,7475.783766398216
2023-03-21,17791.205358890144
2023-03-22,32651.85121098162
2023-03-23,6983.404945725918
2023-03-24,2143.590126536276
2023-03-25,388.6319389663603
2023-03-26,43780.934340263746
2023-03-27,55812.66211927313
2023-03-28,69545.72724632363
2023-03-29,23816.185491686258
2023-03-30,22321.27109898139
2023-03-31,5871.409235794796
2023-04-01,1812.8501084131126
2023-04-02,49933.30360702899
2023-04-03,988.5962717338238
2023-04-04,4890.6141119143995
2023-04-05,40526.79634355653
2023-04-06,3413.080077851836
2023-04-07,74530.10050611626
2023-04-08,89972.8534743213
2023-04-09,90699.08167724588
2023-04-10,66299.29972122292
2023-04-11,45345.20876380108
2023-04-12,49009.722795016845
2023-04-13,81669.80114845502
2023-04-14,91931.90852757281
2023-04-15,77062.16058680713
2023-04-16,11916.407512565364
2023-04-17,16232.127839250346
2023-04-18,2049.8586316894607
2023-04-19,101.52309290974266
2023-04-20,1822.4351238248162
2023-04-21,11866.63563255289
2023-04-22,40566.71254471279
2023-04-23,105205.43979491376
2023-04-24,107751.61178884245
2023-04-25,98140.18815490943
2023-04-26,57522.99416817595
2023-04-27,8066.45524116341
2023-04-28,32478.230582912918
2023-04-29,53953.76441105043
2023-04-30,86604.05534393397
2023-05-01,36353.06523669946
2023-05-02,5458.101606274938
2023-05-03,33788.80489655122
2023-05-04,19765.106179196617
2023-05-05,19622.300931531
2023-05-06,4562.388681392953
2023-05-07,4683.047048734681
2023-05-08,10661.904915630521
2023-05-09,21160.77700259571
2023-05-10,88028.0508367833
2023-05-11,98460.68980148168
2023-05-12,54986.91626247333
2023-05-13,19836.60048304435
2023-05-14,17171.85580118285
2023-05-15,48001.9363407673
2023-05-16,45898.798403555316
2023-05-17,71453.9058697543
2023-05-18,1878.8823520803928
2023-05-19,62955.010801094024
2023-05-20,74443.41822136226
2023-05-21,71984.88243799254
2023-05-22,70670.44420584891
2023-05-23,3977.5620844387886
2023-05-24,10409.315173048888
2023-05-25,23380.25632838038
2023-05-26,7586.3163448289815
2023-05-27,41096.73010493505
2023-05-28,42779.609114038685
2023-05-29,20922.054857014693
2023-05-30,1206.0818063504903
2023-05-31,1319.025313891912
2023-06-01,991.5260891486523
2023-06-02,12753.585214398354
2023-06-03,27134.846692224884
2023-06-04,48967.93127338294
2023-06-05,47319.53181296918
2023-06-06,15860.273454829714
2023-06-07,14397.308817313107
2023-06-08,50361.777421899824
2023-06-09,63460.42015602721
2023-06-10,50379.89664759314
2023-06-11,32125.846396132394
2023-06-12,39109.36538771517
2023-06-13,25022.18798331871
2023-06-14,9342.80955848671
2023-06-15,24536.82803762903
2023-06-16,43326.3771884039
2023-06-17,38647.395362888616
2023-06-18,53564.45909549567
2023-06-19,55005.19565561671
2023-06-20,60717.42179736465
2023-06-21,64817.522960565475
2023-06-22,55433.05288015129
2023-06-23,60974.48260912346
2023-06-24,49774.43901248883
2023-06-25,48237.86721518295
2023-06-26,5239.326025503127
2023-06-27,16186.91750256189
2023-06-28,13468.40523490342
2023-06-29,11425.989405990193
2023-06-30,15026.521240692784
2023-07-01,18087.824635998622
2023-07-02,34937.19467252872
2023-07-03,32448.386910217636
2023-07-04,11486.122130161892
2023-07-05,3069.490505441176
2023-07-06,3601.6704650561264
2023-07-07,1282.1314076756125
2023-07-08,1969.9993963620716
2023-07-09,4923.004694319545
2023-07-10,9727.572421120534
2023-07-11,34350.57474558517
2023-07-12,33995.882762871275
2023-07-13,36967.129964520704
2023-07-14,39815.31766489512
2023-07-15,19308.842201913
2023-07-16,4373.096211573714
2023-07-17,10883.01522460085
2023-07-18,28564.693491658083
2023-07-19,23731.79665571164
2023-07-20,822.8868675357229
2023-07-21,5476.55307583891
2023-07-22,5507.844875506125
2023-07-23,1953.9053360101714
2023-07-24,9676.345006764577
2023-07-25,6015.763023913296
2023-07-26,14768.927530557357
2023-07-27,6090.021216636644
2023-07-28,1666.2076242919115
2023-07-29,563.8738908470589
2023-07-30,13468.67238155349
2023-07-31,6950.8937244859035
2023-08-01,13815.888597957413
2023-08-02,16444.1061591579
2023-08-03,3208.7250232984106
2023-08-04,13972.249453422184
2023-08-05,7496.492246171812
2023-08-06,5544.862674139889
2023-08-07,2553.185458212194
2023-08-08,27549.942176930886
2023-08-09,20503.78424959218
2023-08-10,16787.698372413437
2023-08-11,8619.300467679726
2023-08-12,19426.43590743811
2023-08-13,22971.613331059383
2023-08-14,8725.98984508358
2023-08-15,15012.467351178124
2023-08-16,16290.015169871522
2023-08-17,10952.963831860176
2023-08-18,8249.621085691608
2023-08-19,13385.548327746326
2023-08-20,15051.883087484683
2023-08-21,18822.4583998755
2023-08-22,15716.19306949179
2023-08-23,8698.909495466916
2023-08-24,736.6029083876837
2023-08-25,1166.27304820337
2023-08-26,2076.824653491545
2023-08-27,6686.639898765197
2023-08-28,10039.051155935173
2023-08-29,22108.77035631129
2023-08-30,26153.09428364707
2023-08-31,25423.158767971887
2023-09-01,26953.928465361816
2023-09-02,11716.931146204597
2023-09-03,8817.382676759375
2023-09-04,16937.24549203904
2023-09-05,11356.476337365924
2023-09-06,7164.758422211578
2023-09-07,14687.582633438486
2023-09-08,20025.535708975247
2023-09-09,16681.872182018207
2023-09-10,23685.279883417046
2023-09-11,20148.387323469145
2023-09-12,21359.68693391613
2023-09-13,22839.121545936523
2023-09-14,17956.82457167917
2023-09-15,13963.205472420403
2023-09-16,7912.1522390855425
2023-09-17,7131.032326453005
2023-09-18,3210.054713146629
2023-09-19,14231.035470734127
2023-09-20,9379.134027767952
2023-09-21,7417.89723731171
2023-09-22,7541.567607390565
2023-09-23,13188.836502684431
2023-09-24,4596.778891058826
2023-09-25,2313.4242177560673
2023-09-26,26648.426275072852
2023-09-27,28402.382599909943
2023-09-28,24989.773989110963
2023-09-29,6650.713879120095
2023-09-30,3165.3646844649506
2023-10-01,23958.118016988974
2023-10-02,3122.8039232801457
2023-10-03,31872.547938143907
2023-10-04,30681.204485631395
2023-10-05,35130.76146382834
2023-10-06,29798.052659051456
2023-10-07,6698.679961729349
2023-10-08,21167.254526819877
2023-10-09,7754.856218082174
2023-10-10,20826.603476691187
2023-10-11,67746.9248184632
2023-10-12,53989.97299948145
2023-10-13,39227.842577889394
2023-10-14,16300.15701157193
2023-10-15,8242.66675361403
2023-10-16,4648.367077827271
2023-10-17,216.70597649393386
2023-10-18,51416.76230024277
2023-10-19,43805.31601934291
2023-10-20,46385.171171344155
2023-10-21,51815.52722318451
2023-10-22,11677.631542699879
2023-10-23,46748.82068550853
2023-10-24,18611.28509812384
2023-10-25,54828.687084736404
2023-10-26,62927.370476262
2023-10-27,44844.68242558382
2023-10-28,51716.22889389244
2023-10-29,24248.621484851516
2023-10-30,52098.1644338358
2023-10-31,59517.89900194327
2023-11-01,14883.576344872803
2023-11-02,17600.09740959105
2023-11-03,53134.15510157594
2023-11-04,53392.96707767496
2023-11-05,55248.28431029198
2023-11-06,22451.74568959051
2023-11-07,43039.657836156926
2023-11-08,18603.426427770144
2023-11-09,12096.346362086339
2023-11-10,7011.1524427390295
2023-11-11,68670.13493617642
2023-11-12,63474.81502994798
2023-11-13,42687.01705982646
2023-11-14,34405.03635917708
2023-11-15,42010.39803247845
2023-11-16,35037.541797611506
2023-11-17,52878.664143956245
2023-11-18,26000.716007169274
2023-11-19,14003.12189914661
2023-11-20,33299.25215617509
2023-11-21,42472.926946146494
2023-11-22,49374.188008353856
2023-11-23,9703.56660385686
2023-11-24,37871.97817106393
2023-11-25,11249.643139732834
2023-11-26,8325.540982556482
2023-11-27,1111.4725912561885
2023-11-28,41999.08349267062
2023-11-29,8883.883936653616
2023-11-30,17326.379820436214
2023-12-01,19163.255109690628
2023-12-02,41113.49125005461
2023-12-03,17076.681512047973
2023-12-04,67255.11473697014
2023-12-05,51475.68008956696
2023-12-06,58173.03947059111
2023-12-07,35220.62604825394
2023-12-08,24602.31050397329
2023-12-09,18160.27166930761
2023-12-10,36839.751840636636
2023-12-11,15052.85532454992
2023-12-12,13580.232407672622
2023-12-13,19895.72419765815
2023-12-14,17369.02912835159
2023-12-15,29234.340986595093
2023-12-16,13580.084153250205
2023-12-17,25550.899824431213
2023-12-18,51606.36539237697
2023-12-19,35215.79055212849
2023-12-20,26279.71345082586
2023-12-21,46820.17828230525
2023-12-22,30848.8379511527
2023-12-23,2891.197962372671
2023-12-24,13656.492005913784
2023-12-25,66460.25890952065
2023-12-26,35293.38341885646
2023-12-27,33931.221441903625
2023-12-28,51929.667725882886
2023-12-29,33916.09718427356
2023-12-30,10360.305169753625
2023-12-31,21010.6628724213
2024-01-01,40540.2086911492
2024-01-02,37829.88373241901
2024-01-03,24100.957102752265
2024-01-04,11251.865137149503
2024-01-05,951.3439224965687
2024-01-06,34837.66925644545
2024-01-07,19000.95665740221
2024-01-08,9874.796948210971
2024-01-09,33827.00582914334
2024-01-10,23875.19933491781
2024-01-11,24615.351966152208
2024-01-12,1678.1858122000615
2024-01-13,7238.585652032972
2024-01-14,39625.990293183015
2024-01-15,13094.4299937085
2024-01-16,26878.83755881375
2024-01-17,17929.490154211588
2024-01-18,39446.73391734812
2024-01-19,32658.96116168935
2024-01-20,24243.517332875123
2024-01-21,40387.490099127885
2024-01-22,13970.520559986324
2024-01-23,26277.55064517047
2024-01-24,24471.99080950928
2024-01-25,25307.123768084948
2024-01-26,2035.024725199387
2024-01-27,41828.84981063463
2024-01-28,6943.73965861231
2024-01-29,2684.806547777697
2024-01-30,6567.329089546255
2024-01-31,563.6338876865809
2024-02-01,21069.347421520426
2024-02-02,50817.326730116845
2024-02-03,56.99105947610296
2024-02-04,5241.47225058707
2024-02-05,42002.34572550098
2024-02-06,66723.67437585781
2024-02-07,19892.050393068497
2024-02-08,58402.32049823896
2024-02-09,76538.91764775779
2024-02-10,50359.73441943684
2024-02-11,65477.224189898276
2024-02-12,10017.31897573676
2024-02-13,51543.026555740544
2024-02-14,73696.3437026272
2024-02-15,45143.55460837265
2024-02-16,56050.90330724615
2024-02-17,387.40466839803923
2024-02-18,105.4786656875
2024-02-19,36.872946257291666
2024-02-20,7351.439788652029
2024-02-21,51259.863181439156
2024-02-22,25484.389360304398
2024-02-23,69049.93967668945
2024-02-24,28004.879338493447
2024-02-25,39570.42464546461
2024-02-26,3325.9678944020843
2024-02-27,16183.444780990003
2024-02-28,26775.41153153578
2024-02-29,8310.060089421397
2024-03-01,1300.323094923897
2024-03-02,888.0345626950368
2024-03-03,19954.01501859982
2024-03-04,39340.99470160802
2024-03-05,7707.607060274262
2024-03-06,19046.412319092335
2024-03-07,3651.2228147500005
2024-03-08,20915.963479239774
2024-03-09,84220.15089864272
2024-03-10,8696.439745848538
2024-03-11,13934.64963043855
2024-03-12,29185.663849949684
2024-03-13,801.4327537406864
2024-03-14,33600.72494035315
2024-03-15,79522.42728162084
2024-03-16,79809.92211754595
2024-03-17,72583.56162599844
2024-03-18,53886.521396609794
2024-03-19,94582.99901786457
2024-03-20,101576.91951880218
2024-03-21,37883.35801937634
2024-03-22,7935.835496293569
2024-03-23,86350.88217241477
2024-03-24,16801.369648986765
2024-03-25,85859.82930706348
2024-03-26,14823.88193113046
2024-03-27,17212.50015922524
2024-03-28,5714.30333056863
2024-03-29,2102.044368417586
2024-03-30,3202.999743070466
2024-03-31,32929.22110715218
2024-04-01,54276.046741063175
2024-04-02,78730.70267403533
2024-04-03,6879.527199110671
2024-04-04,47119.57753054329
2024-04-05,27139.32714309586
2024-04-06,65295.861729944656
2024-04-07,57196.7808362653
2024-04-08,93162.4769346471
2024-04-09,99119.22436357329
2024-04-10,34529.89416685282
2024-04-11,16847.573177105085
2024-04-12,56764.28137943136
2024-04-13,10254.707629298504
2024-04-14,8480.072306653683
2024-04-15,648.1803406164831
2024-04-16,44481.17999266919
2024-04-17,81595.96095961798
2024-04-18,9916.486265621943
2024-04-19,15618.169407220892
2024-04-20,4426.589926630147
2024-04-21,52606.2466188232
2024-04-22,55639.16073161488
2024-04-23,59809.610554496874
2024-04-24,57106.543619214404
2024-04-25,81857.03556708628
2024-04-26,28456.291957700745
2024-04-27,667.8671156661766
2024-04-28,10530.633870578786
2024-04-29,1604.4913960736517
2024-04-30,37837.0097069763
2024-05-01,41010.53764434228
2024-05-02,88824.44950909693
2024-05-03,12664.336977932187
2024-05-04,3384.5341127773904
2024-05-05,62068.42655709187
2024-05-06,62207.213458220176
2024-05-07,83554.86202927158
2024-05-08,88354.51974303405
2024-05-09,93474.74090306394
2024-05-10,45923.69610859695
2024-05-11,29701.256942965316
2024-05-12,4401.309664498713
2024-05-13,53629.23566148496
2024-05-14,82651.20297110168
2024-05-15,77339.87317428293
2024-05-16,83558.18113760221
2024-05-17,67326.13296993838
2024-05-18,48564.32510790866
2024-05-19,28565.990145747764
2024-05-20,30534.16616108399
2024-05-21,73646.19544548911
2024-05-22,67160.56907314922
2024-05-23,67078.71266291951
2024-05-24,39032.11664606938
2024-05-25,41419.31465118617
2024-05-26,45556.559265645556
2024-05-27,56336.59695989815
2024-05-28,49128.418834337725
2024-05-29,23786.26853561508
2024-05-30,15479.586426220163
2024-05-31,17378.063419604165
2024-06-01,19463.486103395837
2024-06-02,38246.60541248177
2024-06-03,51264.88597605724
2024-06-04,25398.957821624663
2024-06-05,6791.28617125239
2024-06-06,12640.851883386447
2024-06-07,5075.886257379041
2024-06-08,2779.7757904490813
2024-06-09,31529.928290684966
2024-06-10,30632.35847401978
2024-06-11,40521.737145517305
2024-06-12,37642.78816957914
2024-06-13,25374.82461297976
2024-06-14,30021.41905139146
2024-06-15,24286.610881097433
2024-06-16,46371.64268231567
2024-06-17,24680.089175157103
2024-06-18,17826.55905850959
2024-06-19,13325.374005679412
2024-06-20,3173.987870669974
2024-06-21,1621.949727221262
2024-06-22,2646.8993564730395
2024-06-23,11571.906225988425
2024-06-24,11409.071986393246
2024-06-25,26749.31006828993
2024-06-26,20276.95186777491
2024-06-27,21208.55320816061
2024-06-28,33523.65927329115
2024-06-29,13532.91486673486
2024-06-30,21774.93044322395
2024-07-01,31915.776697468395
2024-07-02,15556.93263491673
2024-07-03,33808.500345507106
2024-07-04,31398.363397041598
2024-07-05,10835.915013032907
2024-07-06,11730.37588890526
2024-07-07,11092.641597189642
2024-07-08,13981.385893642833
2024-07-09,16870.383511677202
2024-07-10,13559.646699034207
2024-07-11,15453.075801233224
2024-07-12,9176.690757582968
2024-07-13,3862.684455782417
2024-07-14,2863.7640026488357
2024-07-15,11710.01869096484
2024-07-16,12165.371644059138
2024-07-17,16447.152710238133
2024-07-18,4676.761284132112
2024-07-19,8934.635119732664
2024-07-20,14377.926717057971
2024-07-21,16118.229582894179
2024-07-22,11427.122649716544
2024-07-23,7184.265330474264
2024-07-24,5636.589846077633
2024-07-25,16670.90218555778
2024-07-26,18713.372500113794
2024-07-27,19177.87470037837
2024-07-28,22416.190644235787
2024-07-29,14129.655766688908
2024-07-30,3830.4347681204054
2024-07-31,5274.848353890932
2024-08-01,12052.442871725434
2024-08-02,9291.111777220707
2024-08-03,10392.976869399936
2024-08-04,4775.516221581315
2024-08-05,5781.94129647445
2024-08-06,13695.370001154964
2024-08-07,6246.572686402455
2024-08-08,12831.28898927966
2024-08-09,19357.458411573472
2024-08-10,16818.418916141432
2024-08-11,9674.624328103671
2024-08-12,17607.75890637158
2024-08-13,16379.434258570893
2024-08-14,20583.60952221962
2024-08-15,8090.730192762497
2024-08-16,2299.644339664338
2024-08-17,3875.1096163574753
2024-08-18,3504.545580140747
2024-08-19,5936.3486401851105
2024-08-20,8656.603852306866
2024-08-21,3117.3824649034295
2024-08-22,9046.213539720226
2024-08-23,12134.91711445281
2024-08-24,12768.363634813726
2024-08-25,8104.287817446079
2024-08-26,8831.050368192218
2024-08-27,4025.2637908222423
2024-08-28,1780.534444055637
2024-08-29,742.3284753962624
2024-08-30,2147.1907777436895
2024-08-31,9340.87506623542
2024-09-01,5669.099978202266
2024-09-02,4678.32653201219
2024-09-03,3348.884979591666
2024-09-04,9642.920283746273
2024-09-05,22863.624096469746
2024-09-06,6608.561743880887
2024-09-07,8191.899192219236
2024-09-08,6519.694379851591
2024-09-09,9902.150614233462
2024-09-10,8830.797946209559
2024-09-11,2491.1882034009795
2024-09-12,26142.118353896803
2024-09-13,15168.943141893758
2024-09-14,6966.962116145162
2024-09-15,9407.01518421568
2024-09-16,13593.402472992035
2024-09-17,10472.175831239712
2024-09-18,21299.848901216315
2024-09-19,12367.738559427216
2024-09-20,13163.746830798958
2024-09-21,21199.60732600554
2024-09-22,24319.954100567345
2024-09-23,20085.000966531872
2024-09-24,20982.519868378633
2024-09-25,23407.828267365516
2024-09-26,15208.429673286026
2024-09-27,2450.2463937608445
2024-09-28,4717.768058806745
2024-09-29,18374.359537476113
2024-09-30,22143.08098862182
2024-10-01,22553.11874131392
2024-10-02,22461.517877333405
2024-10-03,19341.000284488862
2024-10-04,22186.480254750008
2024-10-05,9402.125462587563
2024-10-06,5851.451929255148
2024-10-07,18545.11507635299
2024-10-08,6020.980673703738
2024-10-09,11414.328009083765
2024-10-10,17735.97820526599
2024-10-11,39170.836278362534
2024-10-12,43994.5114177376
2024-10-13,32979.68727307751
2024-10-14,32090.308693865478
2024-10-15,28718.52927424466
2024-10-16,20759.516284592348
2024-10-17,5428.171246720715
2024-10-18,15951.860374325785
2024-10-19,34519.35322508315
2024-10-20,25872.988677694964
2024-10-21,28204.920391133815
2024-10-22,24920.882541679788
2024-10-23,6895.42670395092
2024-10-24,5424.863745004412
2024-10-25,20253.41598555223
2024-10-26,18959.891562234767
2024-10-27,14719.812929676102
2024-10-28,3225.3616570599265
2024-10-29,5293.525142344547
2024-10-30,15410.337783381749
2024-10-31,64297.517049185844
2024-11-01,6389.398117109
2024-11-02,35409.828993318784
2024-11-03,46504.308898933436
2024-11-04,41783.61977984243
2024-11-05,41132.80506524052
2024-11-06,36995.09622119555
2024-11-07,35163.15221517515
2024-11-08,16963.234758244274
2024-11-09,12759.357502909861
2024-11-10,3486.9114620911146
2024-11-11,933.784688135723
2024-11-12,55957.59926703412
2024-11-13,3486.0303133008565
2024-11-14,7824.29441117647
2024-11-15,6436.578146373829
2024-11-16,4487.455485276227
2024-11-17,65460.76815729591
2024-11-18,57514.90957328219
2024-11-19,0.0
2024-11-20,50547.438630551595
2024-11-21,32542.273273196297
2024-11-22,32453.73666472964
2024-11-23,16340.452600509365
2024-11-24,48132.77369624249
2024-11-25,68274.24676853897
2024-11-26,52797.10843795122
2024-11-27,65312.89844865794
2024-11-28,47819.184126575514
2024-11-29,35477.74913926546
2024-11-30,8959.60124970974
2024-12-01,18254.34961805809
2024-12-02,21816.642623374886
2024-12-03,4976.920731250798
2024-12-04,60024.40889399466
2024-12-05,57309.25919522176
2024-12-06,47272.11994973395
2024-12-07,28489.518506614604
2024-12-08,3103.647666261029
2024-12-09,31790.65930360876
2024-12-10,9735.76970873309
2024-12-11,19040.79713311457
2024-12-12,9173.28326490141
2024-12-13,55573.61101833699
2024-12-14,36016.56836395772
2024-12-15,23389.79235120081
2024-12-16,32620.634990475035
2024-12-17,39422.855646190255
2024-12-18,31.418261573529406
2024-12-19,45651.640581397194
2024-12-20,56562.48575916922
2024-12-21,27502.02859233088
2024-12-22,63.72819601004902
2024-12-23,6915.856156032908
2024-12-24,69517.97851474804
2024-12-25,52584.750573882855
2024-12-26,52250.80841744384
2024-12-27,53466.31594810799
2024-12-28,2491.9446583788604
2024-12-29,85891.2154474798
2024-12-30,28172.554536659227
2024-12-31,29001.25392862908
2025-01-01,9182.343723247974
2025-01-02,4359.029727570523
2025-01-03,5362.3777272951575
2025-01-04,85.13740759558826
2025-01-05,5224.360332053247
2025-01-06,8126.387154112932
2025-01-07,75421.65948643626
2025-01-08,89921.41671431069
2025-01-09,51265.86235284209
2025-01-10,60511.475684798075
2025-01-11,20270.008535568693
2025-01-12,64204.255699551606
2025-01-13,81310.94626051783
2025-01-14,12102.765766946626
2025-01-15,65575.50153537447
2025-01-16,2481.2630302512866
2025-01-17,38975.61520993919
2025-01-18,418.68338339650745
2025-01-19,598.5063434802697
2025-01-20,30500.748351625647
2025-01-21,12548.029082683517
2025-01-22,40386.87454996531
2025-01-23,49157.38578900776
2025-01-24,47199.93591088377
2025-01-25,68421.34942634217
2025-01-26,61445.50288537057
2025-01-27,68069.14203430251
2025-01-28,18566.870286621077
2025-01-29,258.292371204473
2025-01-30,45411.699022955916
2025-01-31,15973.680667530265
2025-02-01,34889.17111956964
2025-02-02,52128.41050884093
2025-02-03,42606.69117849089
2025-02-04,38054.847298554436
2025-02-05,22466.794206230934
2025-02-06,64496.05470892969
2025-02-07,62865.37938257523
2025-02-08,44156.979714963934
2025-02-09,39740.118642073474
2025-02-10,5686.603948204349
2025-02-11,19298.264903067466
2025-02-12,25841.18818869436
2025-02-13,50185.1054200507
2025-02-14,37784.757284828935
2025-02-15,24327.11291814381
2025-02-16,19014.796263990993
2025-02-17,21545.649640611304
2025-02-18,37986.33470063333
2025-02-19,16013.591207800511
2025-02-20,116.21879528125
2025-02-21,76651.83430834244
2025-02-22,12805.854190402091
2025-02-23,57429.44353981669
2025-02-24,79802.64606099253
2025-02-25,508.12156363823533
2025-02-26,1814.4622358168494
2025-02-27,0.0
2025-02-28,12658.679864296813
2025-03-01,40275.94759238911
2025-03-02,39998.81758602985
2025-03-03,12.397349485171567
2025-03-04,10753.435022274081
2025-03-05,92194.78833668563
2025-03-06,38333.067852107146
2025-03-07,32544.95732313241
2025-03-08,86023.3841950935
2025-03-09,20574.753775593126
2025-03-10,3167.270422486398
2025-03-11,5801.566938905946
2025-03-12,6939.5693096765335
2025-03-13,0.0
2025-03-14,6170.778476973773
2025-03-15,12574.63917131238
2025-03-16,85363.57930933159
2025-03-17,94387.14288347463
2025-03-18,103189.51075413452
2025-03-19,11259.05652045221
2025-03-20,48930.825454892896
2025-03-21,70966.77822599893
2025-03-22,93092.1725819873
2025-03-23,110773.25037262686
2025-03-24,53875.95397694093
2025-03-25,20072.933831590315
2025-03-26,2251.3011624939336
2025-03-27,7745.845198364779
2025-03-28,8171.232293887564
2025-03-29,80248.42178028189
2025-03-30,68390.36732750607
2025-03-31,48017.64149599169
2025-04-01,96590.86276525127
2025-04-02,101784.06763544076
2025-04-03,29064.5576554826
2025-04-04,65891.22412366285
2025-04-05,86905.5164870885
2025-04-06,94960.35206663031
2025-04-07,67511.84576201148
2025-04-08,45233.62729081686
2025-04-09,14817.309208603054
2025-04-10,10640.196037426964
2025-04-11,9967.664091839397
2025-04-12,43890.949900616455
2025-04-13,92411.95806354008
2025-04-14,97763.51429763519
2025-04-15,97871.71028760486
2025-04-16,60383.06119650287
2025-04-17,76793.3672021582
2025-04-18,12564.47892432448
2025-04-19,3737.283847756435
2025-04-20,6333.737456655331
2025-04-21,45605.09249186377
2025-04-22,62117.58521468419
2025-04-23,63125.22174203665
2025-04-24,49416.73524211352
2025-04-25,61835.62499735452
2025-04-26,41107.936094124554
2025-04-27,101131.94591605326
2025-04-28,89235.90758606
2025-04-29,96765.74293930591
2025-04-30,91851.51593990577
2025-05-01,86137.88448528522
2025-05-02,53604.049574914905
2025-05-03,13074.72004975686
2025-05-04,19992.876005915143
2025-05-05,44335.11359963669
2025-05-06,69331.39780657944
2025-05-07,82252.87063727231
2025-05-08,52456.59504220125
2025-05-09,3572.9809219380495
2025-05-10,8912.373042484258
2025-05-11,44585.66242629022
2025-05-12,0.0
2025-05-13,25008.03890830696
2025-05-14,53748.934192027606
2025-05-15,54584.8886243722
2025-05-16,44883.273083078886
2025-05-17,61162.4843739222
2025-05-18,57997.0540277272
2025-05-19,24133.856587907932
2025-05-20,52428.20532450544
2025-05-21,48620.26236213093
2025-05-22,63867.51523243259
2025-05-23,50681.450496743564
2025-05-24,25780.262002466756
2025-05-25,38572.70366321383
2025-05-26,50718.00346784405
2025-05-27,28514.05593840564
2025-05-28,14524.693266778484
2025-05-29,20658.034884204444
2025-05-30,2558.820080440565
2025-05-31,9307.352342311766
2025-06-01,7808.099482025187
2025-06-02,11593.946606324394
2025-06-03,3104.7616182449133
2025-06-04,8464.53008317745
2025-06-05,50924.78332925574
2025-06-06,68555.03284224548
2025-06-07,49747.68091082223
2025-06-08,45775.85167768457
2025-06-09,42567.55853946453
2025-06-10,42435.83537288051
2025-06-11,39426.32289216468
2025-06-12,30619.753044962737
2025-06-13,32626.1600517996
2025-06-14,7073.319561927753
2025-06-15,18585.04497829495
2025-06-16,1382.3368827563131
2025-06-17,7651.174109691301
2025-06-18,25425.303593904526
2025-06-19,37397.642038597565
2025-06-20,36697.863078559065
2025-06-21,26058.133122189385
2025-06-22,11142.45701239608
2025-06-23,29435.823116426323
2025-06-24,29076.000743739078
2025-06-25,27002.531647131174
2025-06-26,24245.740691908715
2025-06-27,10115.630312836402
2025-06-28,13352.778901678135
2025-06-29,14098.479681246752
2025-06-30,9079.231155569609
2025-07-01,23316.309133555893
2025-07-02,13825.938560563245
2025-07-03,20710.876880187887
2025-07-04,20608.535606063004
2025-07-05,23433.594151281068
2025-07-06,22848.025105825694
2025-07-07,18423.955526674214
2025-07-08,11113.809887536465
2025-07-09,5195.4928523434455
2025-07-10,5123.713227208764
2025-07-11,7238.226956805333
2025-07-12,12651.545971964459
2025-07-13,17080.967206691672
2025-07-14,1809.5206345875606
2025-07-15,1257.7249979326584
2025-07-16,705.4414806324141
2025-07-17,3946.4210610595583
2025-07-18,16066.799408515872
2025-07-19,5668.329494831373
2025-07-20,12745.942945143317
2025-07-21,9010.721513752693
2025-07-22,4606.395663819486
2025-07-23,1878.5065913349265
2025-07-24,2376.5255727999393
2025-07-25,5228.718357228429
2025-07-26,2970.8721430440582
2025-07-27,7324.119468451471
2025-07-28,5355.90971225435
2025-07-29,6217.975724321569
2025-07-30,352.3194535222426
2025-07-31,3527.6812878912992
2025-08-01,4069.0287996267775
2025-08-02,2468.840297062805
2025-08-03,6738.3543323942995
2025-08-04,11017.595162756255
2025-08-05,12434.19625866158
2025-08-06,5302.060917224204
2025-08-07,8116.958261282294
2025-08-08,8681.231528942893
2025-08-09,13882.606894720466
2025-08-10,8746.077558182904
2025-08-11,13156.261675784866
2025-08-12,9241.312727940809
2025-08-13,10359.16052809847
2025-08-14,9206.773776928248
2025-08-15,1265.876185115625
2025-08-16,8883.761559339582
2025-08-17,7161.221084231127
2025-08-18,1659.2304954086997
2025-08-19,9188.727652180638
2025-08-20,9918.430624106926
2025-08-21,18024.240887918448
2025-08-22,21107.1660258559
2025-08-23,13142.636874883885
2025-08-24,2253.8058591405024
2025-08-25,4536.970418677205
2025-08-26,10826.660337626841
2025-08-27,12262.136738193565
2025-08-28,31027.96844632784
2025-08-29,36035.18566807079
2025-08-30,26163.117056540817
2025-08-31,12066.076868955452
2025-09-01,10634.877226058465
2025-09-02,4432.9162949506745
2025-09-03,3772.5393448049626
2025-09-04,20955.858762837437
2025-09-05,23340.001169651383
2025-09-06,19638.385526202033
2025-09-07,8306.517548580578
2025-09-08,2670.0374267642155
2025-09-09,7477.736631092342
2025-09-10,24259.42995961753
2025-09-11,32822.25105690279
2025-09-12,23061.926794098108
2025-09-13,27343.32270672236
2025-09-14,20772.35635123192
2025-09-15,20624.529077290994
2025-09-16,5962.22629804167
2025-09-17,13560.692746779774
2025-09-18,10651.552084424817
2025-09-19,4504.478581962624
2025-09-20,21879.36244789238
2025-09-21,28450.674692165558
2025-09-22,20171.875164130997
2025-09-23,23314.883544236145
2025-09-24,13187.569818404545
2025-09-25,16508.15245038094
2025-09-26,14111.107611527179
2025-09-27,18954.145919706247
2025-09-28,24448.39599930368
2025-09-29,12616.203915128684
2025-09-30,22311.346124074273
2025-10-01,15480.414050032301
2025-10-02,8695.792201078006
2025-10-03,4154.606697273591
2025-10-04,5721.480336176652
2025-10-05,14296.848330700186
2025-10-06,166.3987886869486
2025-10-07,6468.793031743137
2025-10-08,47866.16335669571
2025-10-09,43591.31200450049
2025-10-10,47369.19326782704
2025-10-11,61117.28328759014
2025-10-12,67589.60698723425
2025-10-13,72272.12862006621
2025-10-14,54970.83220185759
2025-10-15,55495.01612445095
2025-10-16,57075.25334618703
2025-10-17,41837.16170147736
2025-10-18,49514.51289198495
2025-10-19,23131.879640783616
2025-10-20,39929.84560395528
2025-10-21,29141.297986572426
2025-10-22,17215.33225200516
2025-10-23,42247.3322023593
2025-10-24,31270.32881856832
2025-10-25,32693.691539002557
2025-10-26,28208.664867702173
2025-10-27,27974.26387945942
2025-10-28,32145.456312696333
2025-10-29,22289.829499549152
2025-10-30,37093.22056689153
2025-10-31,42495.05054825653
2025-11-01,29544.04750679246
2025-11-02,38275.16378731754
2025-11-03,22054.503244699154
2025-11-04,11083.532571737562
2025-11-05,40774.87994053136
2025-11-06,41185.58754985145
2025-11-07,47441.01710024821
2025-11-08,23062.278699744602
2025-11-09,34675.92226251977
2025-11-10,30467.340600612908
2025-11-11,19787.446381226113
2025-11-12,37257.78882070161
2025-11-13,16448.594166995284
2025-11-14,26334.506657688173
2025-11-15,37978.93619018055
2025-11-16,22350.725851271865
2025-11-17,32271.918425645523
2025-11-18,20545.954228051247
2025-11-19,29298.616060980057
2025-11-20,28755.317102215162
2025-11-21,19780.301448193935
2025-11-22,31316.2904334113
2025-11-23,10370.542515668987
2025-11-24,21201.90343045354
2025-11-25,29877.18513125086
2025-11-26,13105.522150571629
2025-11-27,25171.948660103415
2025-11-28,8215.35724729615
2025-11-29,19032.56426441936
2025-11-30,26870.065540785905
2025-12-01,4798.5938442253055
2025-12-02,12305.746135571515
2025-12-03,12353.18741500871
2025-12-04,16999.144790562328
2025-12-05,0.0
2025-12-06,25994.057313217894
2025-12-07,9037.328169095823
2025-12-08,2316.0987521357843
2025-12-09,0.0
2025-12-10,22228.865579910518
2025-12-11,22330.235800177998
2025-12-12,14408.328757371075
2025-12-13,89.81604475471813
2025-12-14,8329.417216235603
2025-12-15,355.25724786513484
2025-12-16,26203.583881690272
2025-12-17,6184.844018270222
2025-12-18,1.6227598994485293
2025-12-19,8971.842715558574
2025-12-20,101.05770096783088
2025-12-21,0.17052775202205883
2025-12-22,3984.410015249693
2025-12-23,2615.6627105284933
2025-12-24,57159.3607613821
2025-12-25,71923.90550328507
2025-12-26,1572.8945364003062
2025-12-27,61129.69822289335
2025-12-28,0.0
2025-12-29,0.0
2025-12-30,5445.90698663658
2025-12-31,0.0
