date,precip_mm_hr
2000-06-01,0.01363716265391247
2000-06-02,0.035425128786558506
2000-06-03,0.11540894783675491
2000-06-04,0.03034447870126567
2000-06-05,0.009007662401818089
2000-06-06,0.010180268960647778
2000-06-07,0.045631819937128976
2000-06-08,0.09456250592655581
2000-06-09,0.08094854030164295
2000-06-10,0.03679224747448044
2000-06-11,0.005138523477389962
2000-06-12,0.004792951279731215
2000-06-13,0.006794082711239222
2000-06-14,0.03196389795515802
2000-06-15,0.024783639885934617
2000-06-16,0.020348329483086104
2000-06-17,0.026606263188226797
2000-06-18,0.030460204906011496
2000-06-19,0.0271557765073507
2000-06-20,0.05778909541669986
2000-06-21,0.028076314145148575
2000-06-22,0.024665485869926233
2000-06-23,0.01573976242696885
2000-06-24,0.021118952819519123
2000-06-25,0.005912803374520758
2000-06-26,0.04451697126601957
2000-06-27,0.022736984590462878
2000-06-28,0.11140581724041573
2000-06-29,0.05449533729008148
2000-06-30,0.044824760819075514
2000-07-01,0.05396860225153332
2000-07-02,0.029159879403145732
2000-07-03,0.02515045627406459
2000-07-04,0.018390110453599524
2000-07-05,0.011226225521227103
2000-07-06,0.02064474946817629
2000-07-07,0.05255177286028012
2000-07-08,0.04777406397579005
2000-07-09,0.019694001719517372
2000-07-10,0.07089034063332957
2000-07-11,0.04505112670139055
2000-07-12,0.09676735254912794
2000-07-13,0.07584657397201922
2000-07-14,0.15871070855564925
2000-07-15,0.028375410330160535
2000-07-16,0.0863069317393135
2000-07-17,0.0533878936490035
2000-07-18,0.026624356242714503
2000-07-19,0.043843757161280486
2000-07-20,0.08518590557503486
2000-07-21,0.09829077312051379
2000-07-22,0.15327850708811605
2000-07-23,0.09074248598643127
2000-07-24,0.0920413784658007
2000-07-25,0.058397099298017396
2000-07-26,0.023711495104127657
2000-07-27,0.04528205469246686
2000-07-28,0.08886386501013155
2000-07-29,0.16341079887892002
2000-07-30,0.0442874295992961
2000-07-31,0.16656653469218746
2000-08-01,0.08560263763496564
2000-08-02,0.08350182836386538
2000-08-03,0.01786555787236688
2000-08-04,0.013940977975225243
2000-08-05,0.011010190475484205
2000-08-06,0.11119545304809883
2000-08-07,0.021974145209785058
2000-08-08,0.01046060988361238
2000-08-09,0.07704310580689556
2000-08-10,0.05373848473254721
2000-08-11,0.027944445196489233
2000-08-12,0.05312804496955539
2000-08-13,0.024580499929174934
2000-08-14,0.034402520297755285
2000-08-15,0.028704916407886343
2000-08-16,0.0635478156634314
2000-08-17,0.019477667864498636
2000-08-18,0.0346025249691245
2000-08-19,0.01363491758444812
2000-08-20,0.008436915143764578
2000-08-21,0.04906264556340232
2000-08-22,0.027186557923228646
2000-08-23,0.02968325596046366
2000-08-24,0.012997006542305062
2000-08-25,0.025367425408854873
2000-08-26,0.0334101680242643
2000-08-27,0.022467727424971464
2000-08-28,0.05528084975454726
2000-08-29,0.033561540610637694
2000-08-30,0.06387221592358579
2000-08-31,0.06086087784034329
2000-09-01,0.013374429132582378
2000-09-02,0.017546916417300697
2000-09-03,0.018781377927886492
2000-09-04,0.021639452998614632
2000-09-05,0.010904315631875324
2000-09-06,0.03588516160686351
2000-09-07,0.05082613912260296
2000-09-08,0.0228749559565895
2000-09-09,0.03352379394287805
2000-09-10,0.012033329191732474
2000-09-11,0.0032656454292666888
2000-09-12,0.007830342928071065
2000-09-13,0.039177555015178625
2000-09-14,0.00641202911323125
2000-09-15,0.004744622841637195
2000-09-16,0.015140644098852771
2000-09-17,0.0028557088908078834
2000-09-18,0.019581701578954894
2000-09-19,0.0877345701563579
2000-09-20,0.04578271499978469
2000-09-21,0.055574731549543684
2000-09-22,0.018079896030719744
2000-09-23,0.012187795853458557
2000-09-24,0.008063301940458645
2000-09-25,0.20604782120528803
2000-09-26,0.06081247723885371
2000-09-27,0.009039150616931623
2000-09-28,0.005070730942223174
2000-09-29,0.004122434608195868
2000-09-30,0.008845025939932421
2000-10-01,0.021684587754939286
2000-10-02,0.0070802883603485
2000-10-03,0.004624966927363024
2000-10-04,0.010462380146792391
2000-10-05,0.0480971476285897
2000-10-06,0.04450521709488394
2000-10-07,0.011940383393417773
2000-10-08,0.004753637589991727
2000-10-09,0.004109543057013434
2000-10-10,0.003028023280379018
2000-10-11,0.003626364506089225
2000-10-12,0.002505537198094371
2000-10-13,0.008253863962282061
2000-10-14,0.0004961522295228668
2000-10-15,0.0007214587154084335
2000-10-16,0.004318440487277185
2000-10-17,0.0025689237418470776
2000-10-18,0.0034386183289681757
2000-10-19,0.011567701267473026
2000-10-20,0.004242339991860635
2000-10-21,0.002630363918681686
2000-10-22,0.004939742291478046
2000-10-23,0.003877235422893442
2000-10-24,0.0018498266272926785
2000-10-25,0.001518929632022911
2000-10-26,0.0018870302189762924
2000-10-27,0.007156485866225262
2000-10-28,0.002522105884472873
2000-10-29,0.0006473579665693726
2000-10-30,0.0014557001691976018
2000-10-31,0.0007540232731979788
2000-11-01,0.002137500845232517
2000-11-02,0.005255561645710048
2000-11-03,0.0032140027216090296
2000-11-04,0.004494194385198096
2000-11-05,0.00519202218646959
2000-11-06,0.015659147127208645
2000-11-07,0.012706988719551929
2000-11-08,0.022802761548148594
2000-11-09,0.0023742318628001673
2000-11-10,0.013981059497142645
2000-11-11,0.007881428235500958
2000-11-12,0.009800396785157543
2000-11-13,0.006577168866802929
2000-11-14,0.0005164545257221069
2000-11-15,0.0033988026702093227
2000-11-16,0.006275273256827352
2000-11-17,0.004484035017511778
2000-11-18,0.002942450714327224
2000-11-19,0.0008938942363974437
2000-11-20,0.0043832411343704214
2000-11-21,0.005869979351941351
2000-11-22,0.007371639155584809
2000-11-23,0.005166443889243358
2000-11-24,0.0018323786777915177
2000-11-25,0.0006791541474233301
2000-11-26,0.002259103574350473
2000-11-27,0.0018148075592827892
2000-11-28,0.0003866495065446324
2000-11-29,0.0003885014199344521
2000-11-30,0.0004120342998795333
2000-12-01,0.001668220866040912
2000-12-02,0.008671411393888233
2000-12-03,0.0051704299833394045
2000-12-04,0.00504316778519548
2000-12-05,0.0005716978657268889
2000-12-06,0.0009373228880167927
2000-12-07,0.009379323108817124
2000-12-08,0.0024292724464065863
2000-12-09,0.0013343509235439145
2000-12-10,0.0007611173287598707
2000-12-11,0.0007585647791484514
2000-12-12,0.004100527813268595
2000-12-13,0.005831940130976023
2000-12-14,0.0017213997669476681
2000-12-15,0.006105674146348308
2000-12-16,0.043141245755732895
2000-12-17,0.03026537711197023
2000-12-18,0.002754459198439668
2000-12-19,0.0008324787000781789
2000-12-20,0.001031861956366973
2000-12-21,0.0038355873473600315
2000-12-22,0.004978428240393348
2000-12-23,0.003713236712384443
2000-12-24,0.0021187403993690956
2000-12-25,0.0003668743483488191
2000-12-26,0.0005467005955371928
2000-12-27,0.005317838014880648
2000-12-28,0.010558769129510983
2000-12-29,0.003276944784823723
2000-12-30,0.003541304728129959
2000-12-31,0.004662256247521013
2001-01-01,0.0012135408716664774
2001-01-02,0.0034057294000357824
2001-01-03,0.0035735926288297734
2001-01-04,0.002391022296031767
2001-01-05,0.010778596837718956
2001-01-06,0.0010965691620457667
2001-01-07,0.001198496900201093
2001-01-08,0.0009996315332877251
2001-01-09,0.0005971442574797488
2001-01-10,0.0005393535047804011
2001-01-11,0.0012400721036553387
2001-01-12,0.0008954997789229269
2001-01-13,0.0009730184677674231
2001-01-14,0.0016033073042366031
2001-01-15,0.0008823320752590025
2001-01-16,0.002520868375234399
2001-01-17,0.0010620022909518935
2001-01-18,0.0029637744396609446
2001-01-19,0.0014275056763572746
2001-01-20,0.003358973145482262
2001-01-21,0.005005119858255333
2001-01-22,0.0021281903742339722
2001-01-23,0.002420424505728246
2001-01-24,0.0007505930158840039
2001-01-25,0.001046057240484552
2001-01-26,0.0005722434820927325
2001-01-27,0.0006433913430613149
2001-01-28,0.0006789811671545818
2001-01-29,0.0017015214446631179
2001-01-30,0.002506407734140491
2001-01-31,0.003278398394028289
2001-02-01,0.0006815634700295696
2001-02-02,0.0002646956220179557
2001-02-03,0.0014501870166181968
2001-02-04,0.0007527929342950353
2001-02-05,0.001592036687850687
2001-02-06,0.002241678237208652
2001-02-07,0.004488861911912895
2001-02-08,0.0005200741717119628
2001-02-09,0.0005437225459625554
2001-02-10,0.0008995849822882675
2001-02-11,0.00034360016439856557
2001-02-12,0.0006379459411436722
2001-02-13,0.0076669565719220956
2001-02-14,0.010456519568839936
2001-02-15,0.003504518411749185
2001-02-16,0.010905447939103951
2001-02-17,0.005831106580305396
2001-02-18,0.002134719834798381
2001-02-19,0.0032441497245633746
2001-02-20,0.00789775621762666
2001-02-21,0.0036779322616140486
2001-02-22,0.021162998973859603
2001-02-23,0.017540079172560983
2001-02-24,0.005114812001959075
2001-02-25,0.0018573282173725788
2001-02-26,0.0016828246859455266
2001-02-27,0.001929083797320256
2001-02-28,0.002982720638589329
2001-03-01,0.0014755255110807247
2001-03-02,0.0015649867980842395
2001-03-03,0.0011709260441466489
2001-03-04,0.0005406592900913044
2001-03-05,0.001011710049339014
2001-03-06,0.008761499319474505
2001-03-07,0.0016433395747367172
2001-03-08,0.0024039492732343395
2001-03-09,0.0003457990601812707
2001-03-10,0.0005879498635387137
2001-03-11,0.002573993429803359
2001-03-12,0.03552196125860459
2001-03-13,0.03173072022228179
2001-03-14,0.004857721091079526
2001-03-15,0.0010267779081942143
2001-03-16,0.000829952346042323
2001-03-17,0.0005627873238675144
2001-03-18,0.003384998003541681
2001-03-19,0.028500790362391826
2001-03-20,0.004881096430996987
2001-03-21,0.00491629866657096
2001-03-22,0.005408425293872542
2001-03-23,0.0009139717169719468
2001-03-24,0.0020457883736476534
2001-03-25,0.001976172674304376
2001-03-26,0.0011682949666613968
2001-03-27,0.018674127028448943
2001-03-28,0.12870188888323242
2001-03-29,0.018911893859549524
2001-03-30,0.010341633537099855
2001-03-31,0.02290791836084511
2001-04-01,0.0016413258525400946
2001-04-02,0.012220566257188691
2001-04-03,0.01021574737518731
2001-04-04,0.0016086931467465858
2001-04-05,0.0012238221557237048
2001-04-06,0.0014529695122585077
2001-04-07,0.0023356742507542366
2001-04-08,0.006698539633498685
2001-04-09,0.01335464235783733
2001-04-10,0.05435991064885066
2001-04-11,0.0183793797393031
2001-04-12,0.023816211631589437
2001-04-13,0.022664584866000932
2001-04-14,0.01916203636935806
2001-04-15,0.020200639206049413
2001-04-16,0.024223406098555177
2001-04-17,0.041219186360152885
2001-04-18,0.012154020956018733
2001-04-19,0.04761571550776777
2001-04-20,0.010657150077393304
2001-04-21,0.002412050892279584
2001-04-22,0.002138748574111228
2001-04-23,0.005409489314704132
2001-04-24,0.038110636423247427
2001-04-25,0.023427111138135295
2001-04-26,0.028670474220151624
2001-04-27,0.013410459515022033
2001-04-28,0.014308825474943587
2001-04-29,0.008952863091779445
2001-04-30,0.028746999799739735
2001-05-01,0.047872278376545216
2001-05-02,0.017611121165916385
2001-05-03,0.0032425411293865933
2001-05-04,0.0018023066147812552
2001-05-05,0.001590476820598983
2001-05-06,0.00655671874212263
2001-05-07,0.026586775865916873
2001-05-08,0.029738983807777758
2001-05-09,0.007162358803537339
2001-05-10,0.003155827023485539
2001-05-11,0.014868191253577068
2001-05-12,0.0064349712136698685
2001-05-13,0.010613997047676441
2001-05-14,0.010303809421082482
2001-05-15,0.009874447251738245
2001-05-16,0.006380244757717688
2001-05-17,0.003961703944915232
2001-05-18,0.005980809928511091
2001-05-19,0.037316844305878276
2001-05-20,0.031808150065419205
2001-05-21,0.01729855286982192
2001-05-22,0.01817685214558288
2001-05-23,0.006540510397497177
2001-05-24,0.005441926588260943
2001-05-25,0.010886288194586013
2001-05-26,0.005600332102589168
2001-05-27,0.004183285034002122
2001-05-28,0.031001518602207977
2001-05-29,0.016447787056167614
2001-05-30,0.00981523417025075
2001-05-31,0.005549561489832231
2001-06-01,0.01606006047177469
2001-06-02,0.03237986438580958
2001-06-03,0.013095348990225778
2001-06-04,0.04597478260639357
2001-06-05,0.02013274812924316
2001-06-06,0.03170126972556989
2001-06-07,0.034256285554578436
2001-06-08,0.012909231489933053
2001-06-09,0.013488558745126064
2001-06-10,0.0191804482586074
2001-06-11,0.027964681763412876
2001-06-12,0.02636509115397455
2001-06-13,0.1482305611322996
2001-06-14,0.04428124267325339
2001-06-15,0.058991562176282125
2001-06-16,0.14576763172369298
2001-06-17,0.0963827288072051
2001-06-18,0.016353735620818318
2001-06-19,0.013277190358143825
2001-06-20,0.007925528767324079
2001-06-21,0.02678207043588035
2001-06-22,0.04637316303795724
2001-06-23,0.0908297411764073
2001-06-24,0.03825525934731909
2001-06-25,0.014700427623296332
2001-06-26,0.028984843559147266
2001-06-27,0.019616133493501747
2001-06-28,0.049258413758349995
2001-06-29,0.04215235101270237
2001-06-30,0.09959799642201742
2001-07-01,0.11373756790078127
2001-07-02,0.17714377506985543
2001-07-03,0.09297328545573527
2001-07-04,0.03793469264575252
2001-07-05,0.05823355905373679
2001-07-06,0.0515129382672093
2001-07-07,0.0529989016808421
2001-07-08,0.06034725947469834
2001-07-09,0.04545043520231469
2001-07-10,0.06364087603302089
2001-07-11,0.14843683958659346
2001-07-12,0.18302252450048745
2001-07-13,0.077477713519194
2001-07-14,0.07544945632814795
2001-07-15,0.11820306599173287
2001-07-16,0.07600252862713568
2001-07-17,0.07898837410712203
2001-07-18,0.04060273492690762
2001-07-19,0.04311196831276081
2001-07-20,0.028538935918340638
2001-07-21,0.036773515345484786
2001-07-22,0.14105681185634944
2001-07-23,0.37932711082548354
2001-07-24,0.07886249882035123
2001-07-25,0.04491855924817026
2001-07-26,0.03433321350196668
2001-07-27,0.0559536125299695
2001-07-28,0.05324111102843702
2001-07-29,0.1581583710541772
2001-07-30,0.04729525276806602
2001-07-31,0.016912229817711077
2001-08-01,0.013117083527306608
2001-08-02,0.02504538512170307
2001-08-03,0.03083200520910139
2001-08-04,0.024728125532418956
2001-08-05,0.013124275406904324
2001-08-06,0.020522386053239982
2001-08-07,0.056523200259316446
2001-08-08,0.022237674632382385
2001-08-09,0.024943788974410373
2001-08-10,0.012931618159782651
2001-08-11,0.014702093711285086
2001-08-12,0.01867939319043429
2001-08-13,0.09151745391073071
2001-08-14,0.23381277787357407
2001-08-15,0.02690916015704865
2001-08-16,0.032353363671602624
2001-08-17,0.03546907012890845
2001-08-18,0.021460077385575253
2001-08-19,0.012200288060592474
2001-08-20,0.013315609410504997
2001-08-21,0.025563800956615135
2001-08-22,0.04075760393125784
2001-08-23,0.03739201204003347
2001-08-24,0.021249578025795253
2001-08-25,0.025936146832336807
2001-08-26,0.01399308408998158
2001-08-27,0.008530192033502951
2001-08-28,0.007967971913514657
2001-08-29,0.005480612028541511
2001-08-30,0.03524427700885863
2001-08-31,0.02001945173882762
2001-09-01,0.009910627551308976
2001-09-02,0.02377785616821316
2001-09-03,0.03159948101149104
2001-09-04,0.031113705247013658
2001-09-05,0.022527443987327905
2001-09-06,0.0194173015167782
2001-09-07,0.02690394065502437
2001-09-08,0.019410692522370404
2001-09-09,0.020974305285831527
2001-09-10,0.01488250206243755
2001-09-11,0.05441234385923796
2001-09-12,0.049924819653225004
2001-09-13,0.09504430160948825
2001-09-14,0.040687550339660844
2001-09-15,0.028711729605134337
2001-09-16,0.03200469897841268
2001-09-17,0.008017100530528993
2001-09-18,0.004722817160828156
2001-09-19,0.03699239606928891
2001-09-20,0.03745795172278375
2001-09-21,0.008335197871796918
2001-09-22,0.007844174323475466
2001-09-23,0.0040787826987889325
2001-09-24,0.010259053904885773
2001-09-25,0.02526493316436373
2001-09-26,0.004986504193905872
2001-09-27,0.002847749963410026
2001-09-28,0.003902894328231961
2001-09-29,0.0033144953424943152
2001-09-30,0.00766837166700634
2001-10-01,0.014191196375272455
2001-10-02,0.01220691244929242
2001-10-03,0.026687947693724574
2001-10-04,0.019610345825703326
2001-10-05,0.0022795598579236245
2001-10-06,0.0022539974619934077
2001-10-07,0.007763780261795555
2001-10-08,0.013792715924219382
2001-10-09,0.009566525706177557
2001-10-10,0.01290570265253303
2001-10-11,0.01592311386943321
2001-10-12,0.008820093347426339
2001-10-13,0.005307443529132914
2001-10-14,0.0024101589268664446
2001-10-15,0.0037467867751985627
2001-10-16,0.0018792047425503116
2001-10-17,0.002132368487189268
2001-10-18,0.003505716416011071
2001-10-19,0.003968602949506025
2001-10-20,0.008480727238005692
2001-10-21,0.009700053547505248
2001-10-22,0.005098142139005116
2001-10-23,0.0023126818405629166
2001-10-24,0.004783658349157389
2001-10-25,0.001763607323985576
2001-10-26,0.014703363516522442
2001-10-27,0.0006782969578885847
2001-10-28,0.0036388346629633926
2001-10-29,0.006376169795977852
2001-10-30,0.021206274226492263
2001-10-31,0.012989173353138593
2001-11-01,0.1713568986860732
2001-11-02,0.0684534300065615
2001-11-03,0.05562582248340626
2001-11-04,0.0059454469810016645
2001-11-05,0.02661476562475674
2001-11-06,0.006114952696843057
2001-11-07,0.0014228076176714497
2001-11-08,0.0013493181766878403
2001-11-09,0.0024990252097395844
2001-11-10,0.011918584897165083
2001-11-11,0.006539426833983301
2001-11-12,0.0005365458630137583
2001-11-13,0.0007066131114145066
2001-11-14,0.0006645810907888217
2001-11-15,0.0004541176450208486
2001-11-16,0.0010513404370692224
2001-11-17,0.00047641147080229937
2001-11-18,0.002221427778748462
2001-11-19,0.0005329472504871399
2001-11-20,0.0027810604599314264
2001-11-21,0.001660624282222151
2001-11-22,0.0008827904482518389
2001-11-23,0.001029625592500581
2001-11-24,0.0011551144316313043
2001-11-25,0.0020215055627063
2001-11-26,0.001714584935775691
2001-11-27,0.0023369985049516346
2001-11-28,0.0026650893767394173
2001-11-29,0.002162423629976967
2001-11-30,0.0035338944861152796
2001-12-01,0.00519503728326888
2001-12-02,0.00548796012704086
2001-12-03,0.011771230295544353
2001-12-04,0.003477864781950586
2001-12-05,0.0025614390911250407
2001-12-06,0.006339032424887111
2001-12-07,0.005129915777680134
2001-12-08,0.0020822749057063388
2001-12-09,0.0017429277735086237
2001-12-10,0.0038924280164114033
2001-12-11,0.0022373651255767034
2001-12-12,0.003346633356417284
2001-12-13,0.00739649270755702
2001-12-14,0.006886851473109613
2001-12-15,0.002430773790483441
2001-12-16,0.003540545047033478
2001-12-17,0.006722183404768422
2001-12-18,0.008448359208585101
2001-12-19,0.000749517187776413
2001-12-20,0.0005793072483564446
2001-12-21,0.0007715266567339137
2001-12-22,0.0010935669876502112
2001-12-23,0.0020659823526233715
2001-12-24,0.00397964975510261
2001-12-25,0.005103861130005216
2001-12-26,0.0033390506906834346
2001-12-27,0.0006336584893610409
2001-12-28,0.0010822086037770397
2001-12-29,0.0010301999583852842
2001-12-30,0.00035071730939066105
2001-12-31,0.0007613082638388423
2002-01-01,0.0029007870845201753
2002-01-02,0.0004045881427654728
2002-01-03,0.00038521540202749534
2002-01-04,0.0009236470431600221
2002-01-05,0.001893643321813573
2002-01-06,0.001966487041876629
2002-01-07,0.0009641279371982114
2002-01-08,0.001846365077563982
2002-01-09,0.01121814298515085
2002-01-10,0.011590353372302959
2002-01-11,0.006680631351957106
2002-01-12,0.04291658761482198
2002-01-13,0.07647644652762793
2002-01-14,0.034504477764476536
2002-01-15,0.007237843433046692
2002-01-16,0.007433509989994039
2002-01-17,0.010877628625887308
2002-01-18,0.007808643034730024
2002-01-19,0.003363872392774247
2002-01-20,0.0019366408167703388
2002-01-21,0.0016821348380056575
2002-01-22,0.006067445521358867
2002-01-23,0.003034851449681198
2002-01-24,0.00448827369818257
2002-01-25,0.006186809384545952
2002-01-26,0.0041967006315334855
2002-01-27,0.0026152236537518242
2002-01-28,0.0020924902166081527
2002-01-29,0.002158509359600367
2002-01-30,0.004215889125428957
2002-01-31,0.0015003581289058958
2002-02-01,0.00999172156527219
2002-02-02,0.012950586466232731
2002-02-03,0.0006889511233359361
2002-02-04,0.0008579748774914398
2002-02-05,0.0013829749966715865
2002-02-06,0.007333651287380965
2002-02-07,0.007982957176059654
2002-02-08,0.0046375427985954855
2002-02-09,0.001290190335457832
2002-02-10,0.0007763709994473188
2002-02-11,0.0007292497979974684
2002-02-12,0.00048051258045034024
2002-02-13,0.0007950826395796317
2002-02-14,0.0009047886148841419
2002-02-15,0.0154057077701602
2002-02-16,0.013574275544773015
2002-02-17,0.007880810764866063
2002-02-18,0.003908843771548834
2002-02-19,0.0022845761570201143
2002-02-20,0.00432920499580608
2002-02-21,0.018395167797889043
2002-02-22,0.20053635393675215
2002-02-23,0.008851712942246221
2002-02-24,0.00145145328361086
2002-02-25,0.0008048713963835041
2002-02-26,0.008244322085168562
2002-02-27,0.003637065378457882
2002-02-28,0.005654612551924362
2002-03-01,0.01642178513509451
2002-03-02,0.004111658305225063
2002-03-03,0.0014440020051776344
2002-03-04,0.0005372177406034372
2002-03-05,0.0009924066156682288
2002-03-06,0.0009887186849867845
2002-03-07,0.004905678431666949
2002-03-08,0.02757779775387548
2002-03-09,0.08249558649377373
2002-03-10,0.006223013630078149
2002-03-11,0.0027418740852287564
2002-03-12,0.0010327935546692731
2002-03-13,0.001201155184341515
2002-03-14,0.0008090977508855252
2002-03-15,0.0016153960818638302
2002-03-16,0.0006133002716436758
2002-03-17,0.0024525892464053855
2002-03-18,0.002462085968333437
2002-03-19,0.005290318456862674
2002-03-20,0.0875926153490234
2002-03-21,0.06323296867756592
2002-03-22,0.0509097093429593
2002-03-23,0.055471448187525106
2002-03-24,0.04361988811624533
2002-03-25,0.0014246728842050198
2002-03-26,0.001993082674721379
2002-03-27,0.0026635988328614652
2002-03-28,0.004727406405966126
2002-03-29,0.004339884325879725
2002-03-30,0.05373214932652428
2002-03-31,0.06493646674585044
2002-04-01,0.01739114026278654
2002-04-02,0.0026689590135909515
2002-04-03,0.0058679133958239055
2002-04-04,0.018850902247557026
2002-04-05,0.055621956860660696
2002-04-06,0.054088350978615654
2002-04-07,0.03801641669174537
2002-04-08,0.006272233632827028
2002-04-09,0.0014453272857481237
2002-04-10,0.000565158674861447
2002-04-11,0.002138970329247945
2002-04-12,0.007682109669958896
2002-04-13,0.035790203002851864
2002-04-14,0.03080168677519972
2002-04-15,0.04821096287437099
2002-04-16,0.026168917544344753
2002-04-17,0.030342159127712622
2002-04-18,0.005345637265912656
2002-04-19,0.009302099582353706
2002-04-20,0.0030019573805858176
2002-04-21,0.025222302623695857
2002-04-22,0.08989047627913752
2002-04-23,0.082234848724566
2002-04-24,0.04709051860184506
2002-04-25,0.02091024321496829
2002-04-26,0.05960132923905409
2002-04-27,0.018206148112927065
2002-04-28,0.005765353818778707
2002-04-29,0.02386024592809609
2002-04-30,0.030534323146798693
2002-05-01,0.009249109253679604
2002-05-02,0.0081140813032033
2002-05-03,0.0056945837321668155
2002-05-04,0.00550224474541371
2002-05-05,0.02508682744083503
2002-05-06,0.025127111766184724
2002-05-07,0.01978731815168924
2002-05-08,0.02201111979813803
2002-05-09,0.01907088955853045
2002-05-10,0.0020359364502631574
2002-05-11,0.0005942113706125697
2002-05-12,0.0013442947103424786
2002-05-13,0.016905551576369013
2002-05-14,0.11113490792239157
2002-05-15,0.024169843245879886
2002-05-16,0.014006853908319707
2002-05-17,0.008533935952993055
2002-05-18,0.007899596291990213
2002-05-19,0.01125583312318534
2002-05-20,0.008423216732453043
2002-05-21,0.0023661790122482228
2002-05-22,0.017716426285987
2002-05-23,0.011271821817565341
2002-05-24,0.00428669613823311
2002-05-25,0.0035664970120425125
2002-05-26,0.009504157016167209
2002-05-27,0.02309593544843259
2002-05-28,0.03827269077263075
2002-05-29,0.028255060937141963
2002-05-30,0.007675754199494582
2002-05-31,0.005186121495098105
2002-06-01,0.014908680942768957
2002-06-02,0.027986265077440134
2002-06-03,0.006663217246309537
2002-06-04,0.02261375463628307
2002-06-05,0.01432084751900918
2002-06-06,0.005960531771053399
2002-06-07,0.011889484941191549
2002-06-08,0.011606376437505082
2002-06-09,0.07044677703804597
2002-06-10,0.022011149690552408
2002-06-11,0.022930953814167362
2002-06-12,0.018390899860686448
2002-06-13,0.011841348474927009
2002-06-14,0.0030559929622373987
2002-06-15,0.017487859461364844
2002-06-16,0.1354469537832608
2002-06-17,0.05016805812792891
2002-06-18,0.08822816005913763
2002-06-19,0.023697062201294083
2002-06-20,0.021324108957350582
2002-06-21,0.01965268570012495
2002-06-22,0.02417557663188031
2002-06-23,0.20176989227166825
2002-06-24,0.07684963914993004
2002-06-25,0.06605738948762736
2002-06-26,0.04049850351812662
2002-06-27,0.030958352274817615
2002-06-28,0.06796270046538455
2002-06-29,0.05557508922263186
2002-06-30,0.03188170518314758
2002-07-01,0.04866855120674299
2002-07-02,0.023762092798633647
2002-07-03,0.03544289801041262
2002-07-04,0.03427125537021602
2002-07-05,0.05996246138003135
2002-07-06,0.03510861137268789
2002-07-07,0.023186559767616598
2002-07-08,0.018452228063656186
2002-07-09,0.04278752260786236
2002-07-10,0.05679660120039575
2002-07-11,0.027602290927750062
2002-07-12,0.04457737188863344
2002-07-13,0.024840527756501765
2002-07-14,0.046300885913576596
2002-07-15,0.031778267898661415
2002-07-16,0.01712536695914071
2002-07-17,0.07193621626817494
2002-07-18,0.03540627238447025
2002-07-19,0.023202505801651917
2002-07-20,0.07144504477612784
2002-07-21,0.07096067204512614
2002-07-22,0.04708285275132496
2002-07-23,0.028317850057785473
2002-07-24,0.027335936399155984
2002-07-25,0.03930060406146961
2002-07-26,0.03142023526981944
2002-07-27,0.05052514213427687
2002-07-28,0.0206263853190401
2002-07-29,0.05801485639376632
2002-07-30,0.014279551541523106
2002-07-31,0.020459174468110852
2002-08-01,0.0175926430923628
2002-08-02,0.01907386967550558
2002-08-03,0.05301287865608328
2002-08-04,0.036790401206231144
2002-08-05,0.019983238811276133
2002-08-06,0.037729441613336814
2002-08-07,0.05590097414980198
2002-08-08,0.08848805652876342
2002-08-09,0.09787746887146631
2002-08-10,0.08387064567413904
2002-08-11,0.21819827108512205
2002-08-12,0.21167812742240769
2002-08-13,0.2740322321066822
2002-08-14,0.08660727237623321
2002-08-15,0.0588001018503037
2002-08-16,0.041416788426892275
2002-08-17,0.04366933375788948
2002-08-18,0.017549239626173257
2002-08-19,0.015473051647362353
2002-08-20,0.018873947474659165
2002-08-21,0.03729894810777014
2002-08-22,0.0599994838640864
2002-08-23,0.04013707207827576
2002-08-24,0.06250615118314119
2002-08-25,0.20559830234297288
2002-08-26,0.04673761060926545
2002-08-27,0.019422556925481293
2002-08-28,0.04223962568168329
2002-08-29,0.1086225026248693
2002-08-30,0.033535766116443995
2002-08-31,0.03227763890965177
2002-09-01,0.040262570214838075
2002-09-02,0.036920283732304375
2002-09-03,0.08329147788997052
2002-09-04,0.06389501288398675
2002-09-05,0.009443200859681618
2002-09-06,0.029087608973693935
2002-09-07,0.03574335129154173
2002-09-08,0.05143730909341966
2002-09-09,0.0349901846887772
2002-09-10,0.016568184141420313
2002-09-11,0.03675948010731087
2002-09-12,0.02967439472781263
2002-09-13,0.0785040453359296
2002-09-14,0.026166195034313732
2002-09-15,0.05772429438142625
2002-09-16,0.09177327901559683
2002-09-17,0.05867364679524614
2002-09-18,0.055631840176160165
2002-09-19,0.0211525875939766
2002-09-20,0.021763949674292144
2002-09-21,0.005205057425174342
2002-09-22,0.007832860097434186
2002-09-23,0.047216864619804774
2002-09-24,0.042443441062884966
2002-09-25,0.03871839895470814
2002-09-26,0.00977313591166147
2002-09-27,0.017756814738088246
2002-09-28,0.007320503584543125
2002-09-29,0.014546075457833317
2002-09-30,0.016682931075811373
2002-10-01,0.004488126797586593
2002-10-02,0.001324368137294313
2002-10-03,0.005223111588738481
2002-10-04,0.0022845345707591547
2002-10-05,0.0030055097894649842
2002-10-06,0.00418394254232533
2002-10-07,0.006795125663020044
2002-10-08,0.006336898708028303
2002-10-09,0.0017047756353495026
2002-10-10,0.0030199955957977216
2002-10-11,0.0008418594078680142
2002-10-12,0.03804118390565802
2002-10-13,0.009288165515159296
2002-10-14,0.00983345254285107
2002-10-15,0.00662534432720947
2002-10-16,0.0036296274204907913
2002-10-17,0.0015486367624102575
2002-10-18,0.0034836042893961207
2002-10-19,0.016167509288173953
2002-10-20,0.01282629613909701
2002-10-21,0.010600131293965575
2002-10-22,0.0058201824372193
2002-10-23,0.0032467448953275124
2002-10-24,0.000682830765918386
2002-10-25,0.0013796982299234019
2002-10-26,0.0008473633137318832
2002-10-27,0.000938182124972876
2002-10-28,0.0011370300351676863
2002-10-29,0.0029391954968404246
2002-10-30,0.0017824986103557193
2002-10-31,0.0008851725789891517
2002-11-01,0.00053219201045137
2002-11-02,0.0010771261006539857
2002-11-03,0.0014437602327998585
2002-11-04,0.0012006110909626709
2002-11-05,0.005422674473962286
2002-11-06,0.00648449610959959
2002-11-07,0.01055344483505669
2002-11-08,0.002963202129182946
2002-11-09,0.0063114297379807
2002-11-10,0.005561197545034473
2002-11-11,0.010875007299342205
2002-11-12,0.007733870876000665
2002-11-13,0.0009684795273742512
2002-11-14,0.00019811288846900284
2002-11-15,0.0002450554613491942
2002-11-16,0.0013550412616225168
2002-11-17,0.002234632430605861
2002-11-18,0.003064575020189118
2002-11-19,0.0013291770616890297
2002-11-20,0.002507389643893928
2002-11-21,5.412695783846183e-05
2002-11-22,0.000342780452679521
2002-11-23,0.00025403889184532626
2002-11-24,9.34349978148419e-05
2002-11-25,7.14553043861796e-05
2002-11-26,0.00028888909230423757
2002-11-27,0.0005303249027773123
2002-11-28,0.00045309108612171065
2002-11-29,0.0016103418018084308
2002-11-30,0.0009791121326703561
2002-12-01,0.0022111789230361725
2002-12-02,0.008695757304556715
2002-12-03,0.005597439267530662
2002-12-04,0.014287930836768076
2002-12-05,0.0060314819973357236
2002-12-06,0.001729521405705837
2002-12-07,0.0008596563906508835
2002-12-08,0.0011803339572109143
2002-12-09,0.0017586264482943451
2002-12-10,0.006247689057427895
2002-12-11,0.012757977527807897
2002-12-12,0.009848551712018564
2002-12-13,0.02107296752520678
2002-12-14,0.033239859006907374
2002-12-15,0.006406083808459481
2002-12-16,0.005223210102787312
2002-12-17,0.007459346456247263
2002-12-18,0.011834630704300766
2002-12-19,0.01791683209303931
2002-12-20,0.011504421024723622
2002-12-21,0.0019726089467310332
2002-12-22,0.004375999248798511
2002-12-23,0.01978668992713108
2002-12-24,0.02660960789878565
2002-12-25,0.004423444312184779
2002-12-26,0.007504304181728889
2002-12-27,0.0020279226057279753
2002-12-28,0.00221188746563834
2002-12-29,0.000801120861957735
2002-12-30,0.001220525347289808
2002-12-31,0.0010174285185226353
2003-01-01,0.0021987948205160917
2003-01-02,0.001854531356507881
2003-01-03,0.00085200645136826
2003-01-04,0.00045139110113954687
2003-01-05,0.0012738829129893153
2003-01-06,0.00033280126001259715
2003-01-07,0.00024268153493379546
2003-01-08,0.0003488900316699684
2003-01-09,0.0008524940577310469
2003-01-10,0.0004064446758781648
2003-01-11,0.0010641950280001094
2003-01-12,0.0009655312384167596
2003-01-13,0.0005312708756688515
2003-01-14,0.0009690041015721887
2003-01-15,0.001575799051151681
2003-01-16,0.005084021315437855
2003-01-17,0.009258010284541665
2003-01-18,0.0054186082596482076
2003-01-19,0.0014668450191146893
2003-01-20,0.000572109006752909
2003-01-21,0.0045568007543676835
2003-01-22,0.004786403873771556
2003-01-23,0.004207129999694619
2003-01-24,0.004536344964414706
2003-01-25,0.0014986011737890804
2003-01-26,0.008362048092628593
2003-01-27,0.00791777357217809
2003-01-28,0.010312238503423884
2003-01-29,0.01564147024073091
2003-01-30,0.018058880756586248
2003-01-31,0.005094579971705299
2003-02-01,0.006438593866709521
2003-02-02,0.0007083156502205782
2003-02-03,0.0002068391673049042
2003-02-04,0.0003081766343876105
2003-02-05,0.001542071408347431
2003-02-06,0.006877611398712041
2003-02-07,0.007628615046674847
2003-02-08,0.0021624903620141986
2003-02-09,0.0006861599105863625
2003-02-10,0.00044387924829850545
2003-02-11,0.0009653916361676568
2003-02-12,0.002343962186247997
2003-02-13,0.001673929543324384
2003-02-14,0.005635856774915093
2003-02-15,0.05241414898848293
2003-02-16,0.08100703893534726
2003-02-17,0.3294495172137627
2003-02-18,0.14596942599050122
2003-02-19,0.03845995204530588
2003-02-20,0.006081697765004688
2003-02-21,0.003954076601013447
2003-02-22,0.011383432110490482
2003-02-23,0.010941558744238654
2003-02-24,0.013093960567799177
2003-02-25,0.007475233552184584
2003-02-26,0.013273584120174844
2003-02-27,0.10448723695270709
2003-02-28,0.04600495386669927
2003-03-01,0.143200859795383
2003-03-02,0.018123181026714633
2003-03-03,0.009777759051803545
2003-03-04,0.001255715856183572
2003-03-05,0.0027025670703050655
2003-03-06,0.00044719452280152255
2003-03-07,0.001158187447316852
2003-03-08,0.010284142053242315
2003-03-09,0.06161214320130625
2003-03-10,0.008277835732093541
2003-03-11,0.002049108773692474
2003-03-12,0.001761477196590203
2003-03-13,0.00929522159578388
2003-03-14,0.02890854657116439
2003-03-15,0.01122752315597524
2003-03-16,0.005481630386744077
2003-03-17,0.003184415220490228
2003-03-18,0.007422966660139031
2003-03-19,0.0009650764823093621
2003-03-20,0.0021650346922452326
2003-03-21,0.002536808814927726
2003-03-22,0.025614182452332882
2003-03-23,0.018586728635668973
2003-03-24,0.020894108792533096
2003-03-25,0.032748688530999805
2003-03-26,0.013134075055796125
2003-03-27,0.01815223165959046
2003-03-28,0.25145066304313407
2003-03-29,0.05851622708406691
2003-03-30,0.026496515566530505
2003-03-31,0.021792235623027328
2003-04-01,0.005194867941842437
2003-04-02,0.017743100987794382
2003-04-03,0.01959945618250413
2003-04-04,0.007774768606821112
2003-04-05,0.0029005839994699027
2003-04-06,0.0027569065253712157
2003-04-07,0.0017044040233058241
2003-04-08,0.0023148258083606314
2003-04-09,0.0009887972130186535
2003-04-10,0.0023321171994639058
2003-04-11,0.0029262356773038676
2003-04-12,0.00926137334677978
2003-04-13,0.07544726233699747
2003-04-14,0.06586369283844896
2003-04-15,0.14985426413814423
2003-04-16,0.020683367631352475
2003-04-17,0.0052647863647524
2003-04-18,0.09204430192436455
2003-04-19,0.06281312211678794
2003-04-20,0.006611009957730481
2003-04-21,0.009440799227242001
2003-04-22,0.011404935532331684
2003-04-23,0.014008966539483532
2003-04-24,0.06863710066070242
2003-04-25,0.14425212330693557
2003-04-26,0.045892290698923664
2003-04-27,0.01587929766132477
2003-04-28,0.019524343589391303
2003-04-29,0.015013917787375914
2003-04-30,0.10728330907453364
2003-05-01,0.2583191980138763
2003-05-02,0.10492899124275472
2003-05-03,0.021583990459450746
2003-05-04,0.007668717072065203
2003-05-05,0.002332474968505812
2003-05-06,0.0028876277505890634
2003-05-07,0.0011787684541663874
2003-05-08,0.0024913953063539014
2003-05-09,0.00817137822842502
2003-05-10,0.02506413372110941
2003-05-11,0.008674367859762305
2003-05-12,0.04341928532564458
2003-05-13,0.027069843122437362
2003-05-14,0.01490246247669062
2003-05-15,0.006169818274309983
2003-05-16,0.0020180896806699634
2003-05-17,0.0053889868581435225
2003-05-18,0.006754755144158558
2003-05-19,0.01289292504982953
2003-05-20,0.02373299905670629
2003-05-21,0.032544932822812296
2003-05-22,0.10245226873037376
2003-05-23,0.06517794144213969
2003-05-24,0.051531932193608194
2003-05-25,0.07367994469083591
2003-05-26,0.052028469541490284
2003-05-27,0.09088388633858747
2003-05-28,0.023267436314023223
2003-05-29,0.02888704872384774
2003-05-30,0.010920857628233988
2003-05-31,0.030837106189009613
2003-06-01,0.007736494902812287
2003-06-02,0.003592382759631637
2003-06-03,0.036066185275368506
2003-06-04,0.016379063389497982
2003-06-05,0.006586910934532913
2003-06-06,0.006416714330064241
2003-06-07,0.008915792432916498
2003-06-08,0.10064998419354038
2003-06-09,0.03305416185398058
2003-06-10,0.014899845747457783
2003-06-11,0.04792712499513978
2003-06-12,0.022033069766744427
2003-06-13,0.01505058696994391
2003-06-14,0.0042291101939341234
2003-06-15,0.0033988647809832934
2003-06-16,0.00365555219406389
2003-06-17,0.05043866564434991
2003-06-18,0.03144787239299399
2003-06-19,0.0342880386686022
2003-06-20,0.042123256833469326
2003-06-21,0.020474372691489513
2003-06-22,0.03385511171578453
2003-06-23,0.025804480136918512
2003-06-24,0.03727588947164245
2003-06-25,0.03526413987131785
2003-06-26,0.031629113166051964
2003-06-27,0.02837561873500838
2003-06-28,0.02718348544332023
2003-06-29,0.013877567794110987
2003-06-30,0.034621778696638426
2003-07-01,0.029528006228204142
2003-07-02,0.053807165767822435
2003-07-03,0.09817793332272685
2003-07-04,0.07155586560793731
2003-07-05,0.11690574372506267
2003-07-06,0.06573626424678505
2003-07-07,0.06873447458000968
2003-07-08,0.07765860676140604
2003-07-09,0.04413158180502911
2003-07-10,0.04572637032848342
2003-07-11,0.06788162959589696
2003-07-12,0.059576525254577295
2003-07-13,0.01514875751329683
2003-07-14,0.039035067790479494
2003-07-15,0.11535099642485773
2003-07-16,0.062178495628104014
2003-07-17,0.04632451371015361
2003-07-18,0.039271414993490676
2003-07-19,0.06679084845082961
2003-07-20,0.1079372960982049
2003-07-21,0.06565763010154743
2003-07-22,0.03263072548086483
2003-07-23,0.04535934079862187
2003-07-24,0.0635990325111494
2003-07-25,0.027647752213408462
2003-07-26,0.11987567834318728
2003-07-27,0.04872445898653758
2003-07-28,0.0320178163510843
2003-07-29,0.07471096132631752
2003-07-30,0.04619624866523019
2003-07-31,0.05405926369493735
2003-08-01,0.05370540436290232
2003-08-02,0.1222781289219414
2003-08-03,0.08832821939956599
2003-08-04,0.06799980015766044
2003-08-05,0.03051200356338213
2003-08-06,0.03205505069221299
2003-08-07,0.053099628834227204
2003-08-08,0.03278014718109089
2003-08-09,0.03742892655287618
2003-08-10,0.02288204168379071
2003-08-11,0.031042030249352294
2003-08-12,0.03794131914096668
2003-08-13,0.06216333017940697
2003-08-14,0.04651491673756868
2003-08-15,0.035086977979471745
2003-08-16,0.03456319133721263
2003-08-17,0.03273081367129822
2003-08-18,0.20519654463531412
2003-08-19,0.09971507962452475
2003-08-20,0.10771013496757532
2003-08-21,0.04806469499130571
2003-08-22,0.0304130416498778
2003-08-23,0.032033230668618864
2003-08-24,0.03849256020202675
2003-08-25,0.030087413417997363
2003-08-26,0.05346846898413146
2003-08-27,0.047379312653788364
2003-08-28,0.049979231476814746
2003-08-29,0.08679704338865643
2003-08-30,0.047527198490863225
2003-08-31,0.014692665800468286
2003-09-01,0.032532386176758334
2003-09-02,0.0479608363047466
2003-09-03,0.10370491914300338
2003-09-04,0.07255919174188422
2003-09-05,0.08843661120288399
2003-09-06,0.04861797579391107
2003-09-07,0.04994533946422451
2003-09-08,0.12581716292942682
2003-09-09,0.051387084107473835
2003-09-10,0.03568410693396539
2003-09-11,0.031210248131279594
2003-09-12,0.04008734952513368
2003-09-13,0.03872137029651329
2003-09-14,0.06138390675819819
2003-09-15,0.04250193449383422
2003-09-16,0.031624388946163554
2003-09-17,0.014244721385321653
2003-09-18,0.04304675342551002
2003-09-19,0.05409494205694883
2003-09-20,0.07285611037849174
2003-09-21,0.055343374912917805
2003-09-22,0.022775998490902928
2003-09-23,0.23679840230746554
2003-09-24,0.24330875406731248
2003-09-25,0.04647707889306327
2003-09-26,0.04387719696145323
2003-09-27,0.03967871271303352
2003-09-28,0.06269912866051562
2003-09-29,0.022760475844318055
2003-09-30,0.013510347002761528
2003-10-01,0.005857235081629213
2003-10-02,0.0036383691152029737
2003-10-03,0.0014814370703712515
2003-10-04,0.0025290023261875763
2003-10-05,0.003727585459169299
2003-10-06,0.02195534474991283
2003-10-07,0.030908007632726695
2003-10-08,0.07718874591724326
2003-10-09,0.008115762312482963
2003-10-10,0.008447528266208154
2003-10-11,0.007258046636323638
2003-10-12,0.0022596923183155967
2003-10-13,0.0027015677161764916
2003-10-14,0.0004289735788294953
2003-10-15,0.0012822832452483353
2003-10-16,0.002975955087218527
2003-10-17,0.002252532048360973
2003-10-18,0.0009822646944370166
2003-10-19,0.009592057347683397
2003-10-20,0.002173217397110397
2003-10-21,0.0009675982212307551
2003-10-22,0.0032991708346035986
2003-10-23,0.000982860617115692
2003-10-24,0.0028258103116087932
2003-10-25,0.004795077801745124
2003-10-26,0.004575890137329454
2003-10-27,0.001400141149090582
2003-10-28,0.0005473801839378509
2003-10-29,0.0007965937252378126
2003-10-30,0.008711796775447757
2003-10-31,0.005888844462312789
2003-11-01,0.0020284191940293382
2003-11-02,0.008251470527458029
2003-11-03,0.005712471050179359
2003-11-04,0.00899251860717467
2003-11-05,0.0415913828974256
2003-11-06,0.003658300291044017
2003-11-07,0.026427824439844275
2003-11-08,0.03951751251130328
2003-11-09,0.002265981539656669
2003-11-10,0.001725860170619791
2003-11-11,0.0023173542382069773
2003-11-12,0.00777719121912551
2003-11-13,0.02113676052384081
2003-11-14,0.014075996329343402
2003-11-15,0.023942241266567757
2003-11-16,0.05662414559717808
2003-11-17,0.004871430315710765
2003-11-18,0.002017402421241064
2003-11-19,0.0008198833137884289
2003-11-20,0.00044375348352939585
2003-11-21,0.0003408197235317369
2003-11-22,0.0011493836644674348
2003-11-23,0.0011878971497055425
2003-11-24,0.0008552555234943097
2003-11-25,0.0013323763367538149
2003-11-26,0.0005628386514328429
2003-11-27,0.00159818628798307
2003-11-28,0.0008123981439244521
2003-11-29,0.0010251970092018997
2003-11-30,0.002162886104367771
2003-12-01,0.0033732838041734487
2003-12-02,0.006208741877417719
2003-12-03,0.0142662576187323
2003-12-04,0.011831013651553373
2003-12-05,0.003755988352614971
2003-12-06,0.0021971177789306246
2003-12-07,0.01100836783684698
2003-12-08,0.03964272153676006
2003-12-09,0.021795269551832783
2003-12-10,0.005204299828562726
2003-12-11,0.008141506387565275
2003-12-12,0.04070778244090702
2003-12-13,0.04387251391875763
2003-12-14,0.013826575399357433
2003-12-15,0.00453070606591593
2003-12-16,0.0029396831135924686
2003-12-17,0.0002937452380449073
2003-12-18,0.000991810687101974
2003-12-19,0.0017432023806547754
2003-12-20,0.00036956701590301426
2003-12-21,0.0008576638305191563
2003-12-22,0.0104979674878653
2003-12-23,0.010063891835849478
2003-12-24,0.0023096940368635146
2003-12-25,0.0032167318569094184
2003-12-26,0.0030976887748478984
2003-12-27,0.00195715304150114
2003-12-28,0.002200902203199752
2003-12-29,0.005596927023211376
2003-12-30,0.0077196242561095
2003-12-31,0.005520841925032861
2004-01-01,0.004039212651674305
2004-01-02,0.005165970154559858
2004-01-03,0.003157936636597119
2004-01-04,0.0070093042852571565
2004-01-05,0.018326742958904404
2004-01-06,0.0068559720377117175
2004-01-07,0.001082940034287743
2004-01-08,0.00558170568003111
2004-01-09,0.0035761559497628154
2004-01-10,0.003045768434947411
2004-01-11,0.0024015008994157402
2004-01-12,0.012107390993165981
2004-01-13,0.006757447892645167
2004-01-14,0.0017372349878344907
2004-01-15,0.008705313591991717
2004-01-16,0.05208137023396235
2004-01-17,0.04787044905736508
2004-01-18,0.002539373140234431
2004-01-19,0.004132781336665686
2004-01-20,0.02388782349733897
2004-01-21,0.08742022251199927
2004-01-22,0.026222444902470533
2004-01-23,0.020320319410722123
2004-01-24,0.0013861050044022976
2004-01-25,0.0014716652488740826
2004-01-26,0.0011323016948303875
2004-01-27,0.0012681531571379133
2004-01-28,0.007643619278031421
2004-01-29,0.022140440386750584
2004-01-30,0.015682044080458177
2004-01-31,0.0045325779882909745
2004-02-01,0.0014594030365849208
2004-02-02,0.0002791870632133287
2004-02-03,0.0009802972963382137
2004-02-04,0.0005476203926371066
2004-02-05,0.0007705868340184365
2004-02-06,0.00027097971316360583
2004-02-07,0.002389266378563673
2004-02-08,0.015435009435028757
2004-02-09,0.052473731344146644
2004-02-10,0.00494742558942295
2004-02-11,0.0029284890016065047
2004-02-12,0.003751363188396803
2004-02-13,0.001031019154239712
2004-02-14,0.001995411432158298
2004-02-15,0.0021020972675266387
2004-02-16,0.006383594427627801
2004-02-17,0.06532599053559238
2004-02-18,0.0036391831809499575
2004-02-19,0.0016953990374898192
2004-02-20,0.000697920192519481
2004-02-21,0.004575510304678312
2004-02-22,0.0007341716468100563
2004-02-23,0.0010862794390066846
2004-02-24,0.0008919391489875341
2004-02-25,0.003036518584806721
2004-02-26,0.025715193413376247
2004-02-27,0.02555412255723715
2004-02-28,0.017121151003862783
2004-02-29,0.004578107533039296
2004-03-01,0.0007904409762427937
2004-03-02,0.0001435927587671055
2004-03-03,0.0005236671444269033
2004-03-04,0.001790043309723949
2004-03-05,0.0013908641266914133
2004-03-06,0.0010716878972481375
2004-03-07,0.0008795952741558705
2004-03-08,0.0011203366136405884
2004-03-09,0.0033907960153865078
2004-03-10,0.009804034407863114
2004-03-11,0.01979777064815066
2004-03-12,0.0038225803082628583
2004-03-13,0.006353174834243937
2004-03-14,0.017644995094199954
2004-03-15,0.017565871436336155
2004-03-16,0.012739242777868157
2004-03-17,0.019964357829524024
2004-03-18,0.030995893575821533
2004-03-19,0.005488225533334501
2004-03-20,0.012475901168789823
2004-03-21,0.019295361503741587
2004-03-22,0.02611572267794641
2004-03-23,0.024915088459337167
2004-03-24,0.009915350009491538
2004-03-25,0.0034724861393789185
2004-03-26,0.0031724116336735333
2004-03-27,0.0016096226857994333
2004-03-28,0.0011623373264110738
2004-03-29,0.0016513898583934978
2004-03-30,0.0019790290643699453
2004-03-31,0.0020439528728060773
2004-04-01,0.009543280027543982
2004-04-02,0.009590246460484671
2004-04-03,0.0034568315878138996
2004-04-04,0.0012198704016431064
2004-04-05,0.005203577640749168
2004-04-06,0.006351674017129791
2004-04-07,0.015228620383430674
2004-04-08,0.05205400743521979
2004-04-09,0.033285682667150415
2004-04-10,0.018692714458032604
2004-04-11,0.013534720135345076
2004-04-12,0.018411939681252487
2004-04-13,0.011338950200392732
2004-04-14,0.0036983972673251706
2004-04-15,0.0016469443264211128
2004-04-16,0.04996359379054674
2004-04-17,0.052053156367753595
2004-04-18,0.012810563064584645
2004-04-19,0.06094986706018164
2004-04-20,0.08474699454030672
2004-04-21,0.03745509969046726
2004-04-22,0.10225073342331001
2004-04-23,0.027303724005742817
2004-04-24,0.003968206732533238
2004-04-25,0.00305983795417409
2004-04-26,0.15335076102279513
2004-04-27,0.05049948318809378
2004-04-28,0.16632993548105388
2004-04-29,0.09162290833983197
2004-04-30,0.06717959433134957
2004-05-01,0.012923036556827498
2004-05-02,0.004733575005479514
2004-05-03,0.002156467516006921
2004-05-04,0.000836550549388084
2004-05-05,0.0016127947672825603
2004-05-06,0.009243366435396763
2004-05-07,0.0825091579903012
2004-05-08,0.055619857606473
2004-05-09,0.03561096497554973
2004-05-10,0.020732177588760285
2004-05-11,0.02030899535601737
2004-05-12,0.0035622876005662525
2004-05-13,0.011307769430528589
2004-05-14,0.007270801097481502
2004-05-15,0.012631908573930947
2004-05-16,0.025359529662990432
2004-05-17,0.030443380525343726
2004-05-18,0.09158061768974858
2004-05-19,0.019282544408740835
2004-05-20,0.03314274785265477
2004-05-21,0.02125677378707437
2004-05-22,0.03511751516473674
2004-05-23,0.053639808186442005
2004-05-24,0.01857911614636494
2004-05-25,0.021425583511461788
2004-05-26,0.05089950934988789
2004-05-27,0.06038926159538085
2004-05-28,0.025069675153861725
2004-05-29,0.0119570301093183
2004-05-30,0.02907201553378405
2004-05-31,0.12202273386095315
2004-06-01,0.04542816835422348
2004-06-02,0.023668712226314254
2004-06-03,0.007746024878899929
2004-06-04,0.005463558277911212
2004-06-05,0.010633649000222347
2004-06-06,0.02663581996088931
2004-06-07,0.03467026985489823
2004-06-08,0.03573230604549493
2004-06-09,0.03822109182687635
2004-06-10,0.01080996697834917
2004-06-11,0.021755275220594984
2004-06-12,0.013381189224275163
2004-06-13,0.04859916717986383
2004-06-14,0.036054524497698935
2004-06-15,0.03035182471495096
2004-06-16,0.01569221726223834
2004-06-17,0.04281858124210532
2004-06-18,0.03950461152807903
2004-06-19,0.07570097380399365
2004-06-20,0.0939154287751389
2004-06-21,0.047921375782614996
2004-06-22,0.04241668477354938
2004-06-23,0.08396146533790365
2004-06-24,0.08060981006216694
2004-06-25,0.05718634782033763
2004-06-26,0.04738206034886798
2004-06-27,0.014501484749536183
2004-06-28,0.01923097553711617
2004-06-29,0.00789748465549485
2004-06-30,0.01106952362486032
2004-07-01,0.036701319878182655
2004-07-02,0.043483572537616394
2004-07-03,0.079609582265152
2004-07-04,0.043126014783985325
2004-07-05,0.05337747005703775
2004-07-06,0.03767685704132522
2004-07-07,0.027220311831449108
2004-07-08,0.19707665754435416
2004-07-09,0.050520839792609386
2004-07-10,0.047788456743302274
2004-07-11,0.0519383533851429
2004-07-12,0.020113616127430456
2004-07-13,0.09029760852347933
2004-07-14,0.04888180056908042
2004-07-15,0.0760432046643034
2004-07-16,0.041817804004611936
2004-07-17,0.061661695618896575
2004-07-18,0.03924380860756346
2004-07-19,0.03197262766371689
2004-07-20,0.03074142661685646
2004-07-21,0.041159938292165084
2004-07-22,0.03710691190561026
2004-07-23,0.040617047719631615
2004-07-24,0.045414719159967976
2004-07-25,0.04185227553404477
2004-07-26,0.019016662034261812
2004-07-27,0.06750528427174372
2004-07-28,0.05394685004416703
2004-07-29,0.07453714043823252
2004-07-30,0.038397700893536044
2004-07-31,0.03281083005027373
2004-08-01,0.036489671070899295
2004-08-02,0.053431975807833224
2004-08-03,0.059291596049853755
2004-08-04,0.03745518097137155
2004-08-05,0.05426626685855034
2004-08-06,0.10534419348278175
2004-08-07,0.08440473093190114
2004-08-08,0.07442920647969271
2004-08-09,0.03797973510887346
2004-08-10,0.05509344358753685
2004-08-11,0.06309138368828411
2004-08-12,0.02375070663894934
2004-08-13,0.0482275577975321
2004-08-14,0.05648780137324855
2004-08-15,0.04261240991971424
2004-08-16,0.07928997934639834
2004-08-17,0.11969782132596195
2004-08-18,0.054167496881152376
2004-08-19,0.06377707150559779
2004-08-20,0.04460962804276969
2004-08-21,0.025427558932831912
2004-08-22,0.03889673760626349
2004-08-23,0.03473077689146726
2004-08-24,0.14165672298966642
2004-08-25,0.038949843269713506
2004-08-26,0.022360127392721956
2004-08-27,0.05737448843663327
2004-08-28,0.06693605718903768
2004-08-29,0.07879274562091919
2004-08-30,0.03530324822565452
2004-08-31,0.04064595525587788
2004-09-01,0.07640521010650993
2004-09-02,0.02086580031627045
2004-09-03,0.00496945812286837
2004-09-04,0.012703865903390696
2004-09-05,0.023502186559860853
2004-09-06,0.02190291165359396
2004-09-07,0.05221063835538654
2004-09-08,0.03923643692706364
2004-09-09,0.06695146060320217
2004-09-10,0.0222805479333205
2004-09-11,0.026292165834895194
2004-09-12,0.027132425864076402
2004-09-13,0.019881147389727075
2004-09-14,0.020547093302942254
2004-09-15,0.12565181731357525
2004-09-16,0.022627528080807924
2004-09-17,0.0195881951229238
2004-09-18,0.014371699756417727
2004-09-19,0.005690728485787269
2004-09-20,0.07301859114506071
2004-09-21,0.038944064657218135
2004-09-22,0.01462682831604594
2004-09-23,0.012140467787574652
2004-09-24,0.010737081170215618
2004-09-25,0.009104707814981525
2004-09-26,0.009337074992078712
2004-09-27,0.018916599019887487
2004-09-28,0.013722701345664038
2004-09-29,0.005756103986908885
2004-09-30,0.008704218251585875
2004-10-01,0.07190570902947001
2004-10-02,0.17060250512241668
2004-10-03,0.07398617189577325
2004-10-04,0.014929388658383846
2004-10-05,0.02046874560479037
2004-10-06,0.007181782391003822
2004-10-07,0.010882656730846568
2004-10-08,0.14464742686668522
2004-10-09,0.17697663231425015
2004-10-10,0.1679071917938202
2004-10-11,0.03144602248333096
2004-10-12,0.011191837852936997
2004-10-13,0.0038147892331992024
2004-10-14,0.0015330828233199253
2004-10-15,0.0007998956579466391
2004-10-16,0.00478939373895863
2004-10-17,0.0034033924137177457
2004-10-18,0.1000357799464801
2004-10-19,0.010531195728443857
2004-10-20,0.05695024335740989
2004-10-21,0.0018501007159549953
2004-10-22,0.0009376611443795571
2004-10-23,0.0019288620429424935
2004-10-24,0.0009497771201662347
2004-10-25,0.028839171596152294
2004-10-26,0.031374759811941356
2004-10-27,0.005743613291307737
2004-10-28,0.005125075015837501
2004-10-29,0.00011726404036469567
2004-10-30,0.0004051968942905509
2004-10-31,0.0006058756694164645
2004-11-01,0.0005521876322536556
2004-11-02,0.0005837599519528195
2004-11-03,0.0011572245382613817
2004-11-04,0.0007380407597341299
2004-11-05,0.0006991274222661485
2004-11-06,0.0007098385622895965
2004-11-07,0.0007724269455684531
2004-11-08,0.000252571940743207
2004-11-09,0.00027375758593343406
2004-11-10,0.004152744348236394
2004-11-11,0.006724819126453433
2004-11-12,0.008320078676122535
2004-11-13,0.0020218982354135813
2004-11-14,0.0017609803507147
2004-11-15,0.0005652731364241464
2004-11-16,0.0014146859933866797
2004-11-17,0.0015451444144006692
2004-11-18,0.0012520397337037286
2004-11-19,0.004303371625599323
2004-11-20,0.010448116633611103
2004-11-21,0.029830466816351937
2004-11-22,0.020682729172624828
2004-11-23,0.005220553386694182
2004-11-24,0.0022398016767241754
2004-11-25,0.0033453029595189782
2004-11-26,0.002279914534283291
2004-11-27,0.0008652537172429971
2004-11-28,0.0045611913252905445
2004-11-29,0.05566735446026156
2004-11-30,0.004862871363828877
2004-12-01,0.003407537273510148
2004-12-02,0.002972146552099661
2004-12-03,0.002305975334579177
2004-12-04,0.004595727400466297
2004-12-05,0.0023517039983463246
2004-12-06,0.001844955080124785
2004-12-07,0.00686514640763699
2004-12-08,0.0013309863844864574
2004-12-09,0.0006811333544744076
2004-12-10,0.007753597822840191
2004-12-11,0.020655705372338327
2004-12-12,0.008450357997740493
2004-12-13,0.00941760412013051
2004-12-14,0.012911248173520086
2004-12-15,0.004901427997477044
2004-12-16,0.008868558800450763
2004-12-17,0.005905182212762992
2004-12-18,0.007645878693917264
2004-12-19,0.03669422749941891
2004-12-20,0.005553548125067311
2004-12-21,0.005697946242925073
2004-12-22,0.010015012177402409
2004-12-23,0.003390059470930618
2004-12-24,0.0025579292737202305
2004-12-25,0.001538771508863645
2004-12-26,0.0013575224623297833
2004-12-27,0.014625363464910866
2004-12-28,0.03551479474281573
2004-12-29,0.011037728519940067
2004-12-30,0.012377409829786098
2004-12-31,0.1127398444802691
2005-01-01,0.060574178249119
2005-01-02,0.02363575603800984
2005-01-03,0.008743165463664328
2005-01-04,0.011708014714635787
2005-01-05,0.004043916086283174
2005-01-06,0.0033250365666449623
2005-01-07,0.0013828831314914736
2005-01-08,0.003348206065001324
2005-01-09,0.00429445335313607
2005-01-10,0.003906320493108443
2005-01-11,0.014383348211571285
2005-01-12,0.004802454670906533
2005-01-13,0.017577405829651463
2005-01-14,0.005861329050536168
2005-01-15,0.00643513446587809
2005-01-16,0.004635459940101709
2005-01-17,0.004891436474890779
2005-01-18,0.005404165088418942
2005-01-19,0.0007225494421779597
2005-01-20,0.01199454014973817
2005-01-21,0.04218136825155546
2005-01-22,0.018926782107083193
2005-01-23,0.008337094940748881
2005-01-24,0.02393969669725611
2005-01-25,0.002269217780393139
2005-01-26,0.015901977057129747
2005-01-27,0.0654108064370798
2005-01-28,0.0033123570442592054
2005-01-29,0.001096677979903775
2005-01-30,0.002591069215470685
2005-01-31,0.005210426871325189
2005-02-01,0.002124962888199721
2005-02-02,0.006620024703738163
2005-02-03,0.020888365207945986
2005-02-04,0.0379581512077189
2005-02-05,0.016400300377866217
2005-02-06,0.055843630639681785
2005-02-07,0.012694922614092148
2005-02-08,0.05047290256301932
2005-02-09,0.04577323065099664
2005-02-10,0.09396129042812859
2005-02-11,0.16252048275963946
2005-02-12,0.05950816055521097
2005-02-13,0.005037423654845114
2005-02-14,0.010754874099351275
2005-02-15,0.012762652918118903
2005-02-16,0.006840680364450451
2005-02-17,0.005616196082685815
2005-02-18,0.02392192375499184
2005-02-19,0.015301815160706226
2005-02-20,0.008321004141723936
2005-02-21,0.0035379463428684174
2005-02-22,0.004081752010657208
2005-02-23,0.016168584631352213
2005-02-24,0.015002027634965458
2005-02-25,0.0022564956185095447
2005-02-26,0.003734455203183971
2005-02-27,0.013306556741791997
2005-02-28,0.009936102970606226
2005-03-01,0.0036206842716194777
2005-03-02,0.007240661279279119
2005-03-03,0.03754407394336078
2005-03-04,0.04162882005214973
2005-03-05,0.022262056090623487
2005-03-06,0.0011843549995645044
2005-03-07,0.010632161010947367
2005-03-08,0.0074476970222418755
2005-03-09,0.020965669294651
2005-03-10,0.013195616335573828
2005-03-11,0.0015470322577125788
2005-03-12,0.0023096673546344347
2005-03-13,0.0014382907359560286
2005-03-14,0.008015717797046714
2005-03-15,0.02941034885057741
2005-03-16,0.06139255570701
2005-03-17,0.09976572738974451
2005-03-18,0.21368263518940636
2005-03-19,0.07446327273586985
2005-03-20,0.029079495493245434
2005-03-21,0.04760958499236836
2005-03-22,0.017173766176047645
2005-03-23,0.026061808122263126
2005-03-24,0.002146443158099613
2005-03-25,0.008021124668046838
2005-03-26,0.012306478163355844
2005-03-27,0.030082584639045794
2005-03-28,0.005913262244280016
2005-03-29,0.006221565157243008
2005-03-30,0.0021576460262048556
2005-03-31,0.0010737615544002348
2005-04-01,0.002180814963603555
2005-04-02,0.0006152112132656679
2005-04-03,0.001178832106192774
2005-04-04,0.01949951365927384
2005-04-05,0.1833098539962165
2005-04-06,0.07264911832477859
2005-04-07,0.14427757707062405
2005-04-08,0.011137509724100696
2005-04-09,0.0062892940249144975
2005-04-10,0.009781444981178215
2005-04-11,0.0009652966777581987
2005-04-12,0.006695648898164168
2005-04-13,0.037858932244236726
2005-04-14,0.01956991977999993
2005-04-15,0.011320586518713465
2005-04-16,0.002382181580985276
2005-04-17,0.001557950241467423
2005-04-18,0.00745776193863326
2005-04-19,0.004562463240166119
2005-04-20,0.013558232438298814
2005-04-21,0.00889083466235668
2005-04-22,0.0130460509872678
2005-04-23,0.02627851260556982
2005-04-24,0.02762375161838885
2005-04-25,0.11393581828591845
2005-04-26,0.07100988573337497
2005-04-27,0.021244619312629564
2005-04-28,0.008082148568226992
2005-04-29,0.014522772026450964
2005-04-30,0.006678239978530245
2005-05-01,0.02535005909076955
2005-05-02,0.012648160646524381
2005-05-03,0.042894178272275506
2005-05-04,0.037440233171066935
2005-05-05,0.029419248151202674
2005-05-06,0.019942968432508222
2005-05-07,0.04982116873318438
2005-05-08,0.046079542578966584
2005-05-09,0.02143500624403754
2005-05-10,0.014354939110188656
2005-05-11,0.007670268266698564
2005-05-12,0.008435747443352291
2005-05-13,0.02523289219402545
2005-05-14,0.0030689738254432823
2005-05-15,0.0071666262397987075
2005-05-16,0.028306107221788612
2005-05-17,0.022368730553744148
2005-05-18,0.028175202126052717
2005-05-19,0.032582544400443524
2005-05-20,0.016993773649145727
2005-05-21,0.024568688370650488
2005-05-22,0.10246736883712997
2005-05-23,0.03122387272302152
2005-05-24,0.01375835123175719
2005-05-25,0.09539698869328761
2005-05-26,0.06204007217544823
2005-05-27,0.007236590488632577
2005-05-28,0.024529012295361776
2005-05-29,0.08254316088772565
2005-05-30,0.06507628723033869
2005-05-31,0.0313662063718621
2005-06-01,0.004933162416065226
2005-06-02,0.0017738426516136453
2005-06-03,0.003693975853970441
2005-06-04,0.007670716335447949
2005-06-05,0.0118136082413215
2005-06-06,0.010871716157363206
2005-06-07,0.006569311576409946
2005-06-08,0.0060588583225496696
2005-06-09,0.01486092268957847
2005-06-10,0.011505638495901511
2005-06-11,0.018501902372829494
2005-06-12,0.02439451729770388
2005-06-13,0.013252329647262907
2005-06-14,0.009067494487132918
2005-06-15,0.009482641825747306
2005-06-16,0.009563245310879518
2005-06-17,0.015272075213507302
2005-06-18,0.02696787273242601
2005-06-19,0.011146772330305333
2005-06-20,0.01036844060328971
2005-06-21,0.011176696545747532
2005-06-22,0.00840992633932801
2005-06-23,0.017255799701591096
2005-06-24,0.024601372462783825
2005-06-25,0.06625217365667939
2005-06-26,0.035958631886528925
2005-06-27,0.026236398444737723
2005-06-28,0.03014850820358336
2005-06-29,0.019688554785579297
2005-06-30,0.029263446495197253
2005-07-01,0.08254381322580447
2005-07-02,0.07279729690972461
2005-07-03,0.04377755027579541
2005-07-04,0.05482399584998601
2005-07-05,0.09275294587348513
2005-07-06,0.1356045212530231
2005-07-07,0.116400313382712
2005-07-08,0.05452775506791679
2005-07-09,0.067105836514552
2005-07-10,0.06240812061788585
2005-07-11,0.13559586912009938
2005-07-12,0.2064848862856924
2005-07-13,0.07445127724337003
2005-07-14,0.06640023501742759
2005-07-15,0.09502718453301323
2005-07-16,0.041426418597195654
2005-07-17,0.04306923913231513
2005-07-18,0.04908041585061306
2005-07-19,0.08471858628865075
2005-07-20,0.04277910751235784
2005-07-21,0.026745362685021885
2005-07-22,0.09737390515031133
2005-07-23,0.049795597721895256
2005-07-24,0.05315508719464132
2005-07-25,0.03517576483905881
2005-07-26,0.04934060651837633
2005-07-27,0.06222866661258297
2005-07-28,0.030542593642831132
2005-07-29,0.0631481224858516
2005-07-30,0.020256266014376356
2005-07-31,0.04373795528180244
2005-08-01,0.048223229319707975
2005-08-02,0.028513441673476286
2005-08-03,0.019607221414932294
2005-08-04,0.06335073640430536
2005-08-05,0.05248582820474165
2005-08-06,0.033034403172473366
2005-08-07,0.08536397701234526
2005-08-08,0.044150500200972796
2005-08-09,0.02492589087070816
2005-08-10,0.03053271803252477
2005-08-11,0.023311149283593787
2005-08-12,0.04894927088295078
2005-08-13,0.03042687709531584
2005-08-14,0.030070325293972584
2005-08-15,0.055791941814970894
2005-08-16,0.036445986316972684
2005-08-17,0.03893983523626182
2005-08-18,0.03260653459230177
2005-08-19,0.03691337289669464
2005-08-20,0.021392943921765394
2005-08-21,0.020043371143957447
2005-08-22,0.02746162847633944
2005-08-23,0.024102131792720593
2005-08-24,0.07349830325102057
2005-08-25,0.024425168944164393
2005-08-26,0.09058554742876053
2005-08-27,0.04360815691596253
2005-08-28,0.02136278208009001
2005-08-29,0.02364105971996041
2005-08-30,0.023688599238423782
2005-08-31,0.013322741441946142
2005-09-01,0.02400050373283137
2005-09-02,0.01717485439511278
2005-09-03,0.042928521763585026
2005-09-04,0.04004800497019782
2005-09-05,0.03931841709448405
2005-09-06,0.022824558452079015
2005-09-07,0.09465299353320934
2005-09-08,0.03891307992333824
2005-09-09,0.03862979592236029
2005-09-10,0.03466433892158814
2005-09-11,0.06523498999025074
2005-09-12,0.053066998442449775
2005-09-13,0.046970973043271684
2005-09-14,0.029082614766511045
2005-09-15,0.04429131523147231
2005-09-16,0.026104630674525783
2005-09-17,0.07011533608129919
2005-09-18,0.03676075154400194
2005-09-19,0.01497024163617821
2005-09-20,0.011342384544045129
2005-09-21,0.01667403539218972
2005-09-22,0.02149560103332589
2005-09-23,0.05782608269660394
2005-09-24,0.015677957272702395
2005-09-25,0.01845100191745914
2005-09-26,0.017824774130732614
2005-09-27,0.008257506721859641
2005-09-28,0.007378149086856874
2005-09-29,0.011530304725525412
2005-09-30,0.015020598067186978
2005-10-01,0.010502949009172492
2005-10-02,0.007757908827353334
2005-10-03,0.04676317927120742
2005-10-04,0.028551548052977944
2005-10-05,0.010528429597111113
2005-10-06,0.004292730787180711
2005-10-07,0.0009311414544299275
2005-10-08,0.03626495423749153
2005-10-09,0.004532187898100706
2005-10-10,0.004955037001938269
2005-10-11,0.016888481418539193
2005-10-12,0.005424944709731514
2005-10-13,0.007442495981144968
2005-10-14,0.011992935606473359
2005-10-15,0.05667842638123241
2005-10-16,0.005785115616611933
2005-10-17,0.0021567842168104634
2005-10-18,0.001464965388959434
2005-10-19,0.0007391566230131677
2005-10-20,0.0011520275698143716
2005-10-21,0.0033720325372045205
2005-10-22,0.011585769278894804
2005-10-23,0.006210360238602088
2005-10-24,0.001607054232002203
2005-10-25,0.0068944757437984245
2005-10-26,0.001573977421172748
2005-10-27,0.0011834259580822465
2005-10-28,0.0007896685434151011
2005-10-29,0.0006292694468592269
2005-10-30,0.0006084687611236937
2005-10-31,0.0025606671127847884
2005-11-01,0.0014456013451369957
2005-11-02,0.0055229951310499245
2005-11-03,0.0035041570695338742
2005-11-04,0.0023014779483214384
2005-11-05,0.0010690214048338816
2005-11-06,0.001230202222840575
2005-11-07,0.01230652019111625
2005-11-08,0.005871074188539568
2005-11-09,0.004166670672517741
2005-11-10,0.03302995971128071
2005-11-11,0.012511966313855958
2005-11-12,0.00273279724084337
2005-11-13,0.0011992216553433376
2005-11-14,0.002785116932759579
2005-11-15,0.000853382036577174
2005-11-16,0.000957005658861291
2005-11-17,0.0018027341818678986
2005-11-18,0.0012643779754061386
2005-11-19,0.0011678833243129955
2005-11-20,0.001845256901608737
2005-11-21,0.004618871216707172
2005-11-22,0.0029050607920912243
2005-11-23,0.0013708569645034193
2005-11-24,0.0008608862011956787
2005-11-25,0.0016869381225753232
2005-11-26,0.024809065619834463
2005-11-27,0.031041194218172613
2005-11-28,0.005705973924339009
2005-11-29,0.0026301996534146286
2005-11-30,0.0032106294509861195
2005-12-01,0.001925923124827477
2005-12-02,0.001509409313692572
2005-12-03,0.0015672703909343265
2005-12-04,0.0008229594104374514
2005-12-05,0.002879505591980873
2005-12-06,0.0007021804156128822
2005-12-07,0.0006856574098904372
2005-12-08,0.0013383083212540937
2005-12-09,0.0016378151370614023
2005-12-10,0.0010514897959372918
2005-12-11,0.000503356632996025
2005-12-12,0.0009956104946232938
2005-12-13,0.0014978281715037215
2005-12-14,0.0010805820128131324
2005-12-15,0.0017860145868585598
2005-12-16,0.001950041522104346
2005-12-17,0.00022352950892627532
2005-12-18,0.000429208661640615
2005-12-19,0.0005927469755254314
2005-12-20,0.0027258756461164503
2005-12-21,0.0024294685258351503
2005-12-22,0.0017359851569008487
2005-12-23,0.0001744439886477252
2005-12-24,0.0008056290025201961
2005-12-25,0.001020105795294345
2005-12-26,0.006808096284917033
2005-12-27,0.014472720026740335
2005-12-28,0.0022825938528238405
2005-12-29,0.0036991692442927115
2005-12-30,0.0012183741968756312
2005-12-31,0.012182279684786862
2006-01-01,0.11920768069460923
2006-01-02,0.030598241013227175
2006-01-03,0.004177514761389744
2006-01-04,0.0028808996941105157
2006-01-05,0.0042305987358652675
2006-01-06,0.0014313645283394198
2006-01-07,0.0012757876895906322
2006-01-08,0.0030446956578289736
2006-01-09,0.007348501501091406
2006-01-10,0.005370470773197569
2006-01-11,0.0026331074015600686
2006-01-12,0.0011037402125810632
2006-01-13,0.005681042919502929
2006-01-14,0.046130676506125144
2006-01-15,0.13753371814484242
2006-01-16,0.06897842467683016
2006-01-17,0.05134327271314228
2006-01-18,0.0031521298623713506
2006-01-19,0.005310207046827154
2006-01-20,0.004045028365830898
2006-01-21,0.0018972249936919352
2006-01-22,0.003264906305235026
2006-01-23,0.0026388017218515916
2006-01-24,0.0036724658185306415
2006-01-25,0.0007795184261856417
2006-01-26,0.0009390013193819933
2006-01-27,0.020398326659034554
2006-01-28,0.0281400065789123
2006-01-29,0.01112670153178807
2006-01-30,0.036888867967109516
2006-01-31,0.01609052796935682
2006-02-01,0.006729899301346628
2006-02-02,0.0030952014202108437
2006-02-03,0.0008503039045521202
2006-02-04,0.0006931790168091688
2006-02-05,0.002044897819172656
2006-02-06,0.0035235652345960745
2006-02-07,0.004623363924243802
2006-02-08,0.0026900517705153006
2006-02-09,0.0009535779716848458
2006-02-10,0.0049326610945238485
2006-02-11,0.01108360498714148
2006-02-12,0.022762493086153548
2006-02-13,0.01284426199017314
2006-02-14,0.04566061952769537
2006-02-15,0.011645716878178298
2006-02-16,0.012674683966193707
2006-02-17,0.023265925662733677
2006-02-18,0.028225283484758418
2006-02-19,0.05950302249690386
2006-02-20,0.008243793932990837
2006-02-21,0.020797789173878724
2006-02-22,0.017155128482740516
2006-02-23,0.013389995036569976
2006-02-24,0.032386231122741624
2006-02-25,0.11534694743469576
2006-02-26,0.022840001476525942
2006-02-27,0.0036191534381897063
2006-02-28,0.000819741132668661
2006-03-01,0.0023476692869025574
2006-03-02,0.0014121216346435455
2006-03-03,0.005606000791876134
2006-03-04,0.012575165507125152
2006-03-05,0.0056343518341305
2006-03-06,0.03789694142460174
2006-03-07,0.008046334453433212
2006-03-08,0.005859533594939832
2006-03-09,0.004838660425966587
2006-03-10,0.002701187876881466
2006-03-11,0.0011767723049070158
2006-03-12,0.0009613367170250766
2006-03-13,0.00922032687169466
2006-03-14,0.017296624007397468
2006-03-15,0.012415227815272519
2006-03-16,0.006367754107037977
2006-03-17,0.0007958818069619338
2006-03-18,0.006386543721744733
2006-03-19,0.02416242126096187
2006-03-20,0.013766243934417886
2006-03-21,0.001324538539116457
2006-03-22,0.003957484773420388
2006-03-23,0.004252474219745704
2006-03-24,0.01806961808774373
2006-03-25,0.03368765918446216
2006-03-26,0.016787659851625118
2006-03-27,0.010272183610052346
2006-03-28,0.00315404696516503
2006-03-29,0.0020079965522206418
2006-03-30,0.027207383758483434
2006-03-31,0.09207637686939492
2006-04-01,0.0145065462693259
2006-04-02,0.002973958930510496
2006-04-03,0.00451113517999853
2006-04-04,0.0007064616866654706
2006-04-05,0.0007901371669653772
2006-04-06,0.0005025081830954545
2006-04-07,0.003307255048747108
2006-04-08,0.09003346684538788
2006-04-09,0.1903467666410672
2006-04-10,0.006183161000038203
2006-04-11,0.004610268637129088
2006-04-12,0.0028608771173095297
2006-04-13,0.0007379894205057148
2006-04-14,0.012563365707789388
2006-04-15,0.019656555813813772
2006-04-16,0.025367876604933268
2006-04-17,0.017953638761066395
2006-04-18,0.003985854300168904
2006-04-19,0.00640299846244064
2006-04-20,0.007274120514658796
2006-04-21,0.012822103171876773
2006-04-22,0.012074195128865038
2006-04-23,0.007457852311769817
2006-04-24,0.003287072829737735
2006-04-25,0.0019356455622708908
2006-04-26,0.005762359822049015
2006-04-27,0.043824498935255224
2006-04-28,0.009849540355255947
2006-04-29,0.01679108536448827
2006-04-30,0.048546755776671
2006-05-01,0.006075249492859641
2006-05-02,0.009983672836389823
2006-05-03,0.004124729492366924
2006-05-04,0.0006576348649985654
2006-05-05,0.0014201534439926163
2006-05-06,0.005124060257771901
2006-05-07,0.006762263935647645
2006-05-08,0.020713183572811412
2006-05-09,0.027695352327125018
2006-05-10,0.007512117324351152
2006-05-11,0.0029667689122846548
2006-05-12,0.0008442425707272502
2006-05-13,0.002394313955581626
2006-05-14,0.0015897402631894694
2006-05-15,0.0022895996256019372
2006-05-16,0.07346536756994823
2006-05-17,0.01590378990347289
2006-05-18,0.031449100617153516
2006-05-19,0.011387046088422552
2006-05-20,0.024069367514544127
2006-05-21,0.008054676249384466
2006-05-22,0.0029482554048984666
2006-05-23,0.009264625995561562
2006-05-24,0.013885740732566336
2006-05-25,0.011204813543843482
2006-05-26,0.008540314981335836
2006-05-27,0.019107363299117167
2006-05-28,0.013255528387473006
2006-05-29,0.02192491645198188
2006-05-30,0.015759015045772942
2006-05-31,0.0210303662517247
2006-06-01,0.015865648276370686
2006-06-02,0.020851110225834874
2006-06-03,0.044697748667677915
2006-06-04,0.027787423528842312
2006-06-05,0.02840653560935455
2006-06-06,0.032287782363778696
2006-06-07,0.025120951780337856
2006-06-08,0.024682163242724504
2006-06-09,0.02528102236760093
2006-06-10,0.03264923851585233
2006-06-11,0.038196345596046406
2006-06-12,0.026185481594519125
2006-06-13,0.015240946754715089
2006-06-14,0.022780581050113623
2006-06-15,0.03486608944259357
2006-06-16,0.045038335275203026
2006-06-17,0.007671163412530447
2006-06-18,0.013303933323215795
2006-06-19,0.003052402046603389
2006-06-20,0.010541045537312912
2006-06-21,0.017285453480343195
2006-06-22,0.016781864339068246
2006-06-23,0.023624515166824192
2006-06-24,0.01651478809415028
2006-06-25,0.022366085546014
2006-06-26,0.05614097395082297
2006-06-27,0.0499245321418342
2006-06-28,0.023437909467506464
2006-06-29,0.036458668131404484
2006-06-30,0.03211509687901692
2006-07-01,0.042227950409884155
2006-07-02,0.08978892413718487
2006-07-03,0.05237807345584037
2006-07-04,0.027421868262826343
2006-07-05,0.03945517750108216
2006-07-06,0.1196947707408449
2006-07-07,0.14460065355220963
2006-07-08,0.051426630767843866
2006-07-09,0.20135857453214678
2006-07-10,0.03510030384424214
2006-07-11,0.23070337306421007
2006-07-12,0.35137157430526084
2006-07-13,0.2058296198348139
2006-07-14,0.07424355640723244
2006-07-15,0.06518232479954834
2006-07-16,0.061285178128823635
2006-07-17,0.035245029920902886
2006-07-18,0.03245557937901653
2006-07-19,0.07969714169824073
2006-07-20,0.06257671749399062
2006-07-21,0.05548985444511813
2006-07-22,0.038093626809534493
2006-07-23,0.13415572877248422
2006-07-24,0.0671068984250346
2006-07-25,0.05031134895158431
2006-07-26,0.09367782351794908
2006-07-27,0.07794163952652178
2006-07-28,0.12374216116057984
2006-07-29,0.09482226251604498
2006-07-30,0.05734627054981928
2006-07-31,0.13351309268370035
2006-08-01,0.16497189632228737
2006-08-02,0.19086934789316218
2006-08-03,0.28201339637349626
2006-08-04,0.3607805711495009
2006-08-05,0.2553820286516857
2006-08-06,0.0683352050572921
2006-08-07,0.12788339886394334
2006-08-08,0.05361868457359238
2006-08-09,0.02314743644703555
2006-08-10,0.11776714022259556
2006-08-11,0.15997226604768913
2006-08-12,0.09999797004067569
2006-08-13,0.08281483116378059
2006-08-14,0.0923058960177243
2006-08-15,0.049251540513777795
2006-08-16,0.04230736079079417
2006-08-17,0.018860332203400165
2006-08-18,0.01291789050044551
2006-08-19,0.034541589425886664
2006-08-20,0.13480726562407785
2006-08-21,0.062414264078460666
2006-08-22,0.027049750789040337
2006-08-23,0.04905762566024029
2006-08-24,0.03225563303094305
2006-08-25,0.052672321962626195
2006-08-26,0.009106621364317072
2006-08-27,0.054925463153449997
2006-08-28,0.04281770922103162
2006-08-29,0.05420216979879255
2006-08-30,0.01829394422849393
2006-08-31,0.07068135648041418
2006-09-01,0.3107766408842082
2006-09-02,0.20177932656762645
2006-09-03,0.03563789268211449
2006-09-04,0.018407074840873155
2006-09-05,0.03445473152143775
2006-09-06,0.04115458431279716
2006-09-07,0.03478869033189742
2006-09-08,0.015031649986585446
2006-09-09,0.03660148574937605
2006-09-10,0.02336158005849914
2006-09-11,0.025070476408610154
2006-09-12,0.01863507054128514
2006-09-13,0.044758689743627365
2006-09-14,0.04781056998556799
2006-09-15,0.06583043626134333
2006-09-16,0.007554822274314414
2006-09-17,0.010348464789870185
2006-09-18,0.020352581021632888
2006-09-19,0.0681726191019014
2006-09-20,0.0392790114715579
2006-09-21,0.08678012860007064
2006-09-22,0.03949792405192527
2006-09-23,0.01537524812385886
2006-09-24,0.012784896464163626
2006-09-25,0.01530944917641203
2006-09-26,0.016681711010071952
2006-09-27,0.008774641850547599
2006-09-28,0.009010904313873738
2006-09-29,0.009976499679127946
2006-09-30,0.015057348894806576
2006-10-01,0.019318845490077667
2006-10-02,0.011608469067453971
2006-10-03,0.003509489525894637
2006-10-04,0.0010832290081040595
2006-10-05,0.00463003867118725
2006-10-06,0.0027098772052374875
2006-10-07,0.002280339543290905
2006-10-08,0.003020689017258761
2006-10-09,0.01494118852548963
2006-10-10,0.006608124804847679
2006-10-11,0.0022988284001633544
2006-10-12,0.041334832864654066
2006-10-13,0.03658206633676162
2006-10-14,0.0419952627840062
2006-10-15,0.007668885992298046
2006-10-16,0.0028029806230953024
2006-10-17,0.005681773811202878
2006-10-18,0.008476629727326266
2006-10-19,0.023505860594415125
2006-10-20,0.016146585941779174
2006-10-21,0.005124152670778815
2006-10-22,0.0007166379822153558
2006-10-23,0.0019401978490120233
2006-10-24,0.014565312210350562
2006-10-25,0.010974633494093815
2006-10-26,0.023783354968523365
2006-10-27,0.004333156753076484
2006-10-28,0.0014859811390638003
2006-10-29,0.00041632327075866095
2006-10-30,0.0005547339510922038
2006-10-31,0.0006260101173173501
2006-11-01,0.00555995712785965
2006-11-02,0.0023063341124911897
2006-11-03,0.0019427981465250375
2006-11-04,0.003798869340685806
2006-11-05,0.0033135390700466064
2006-11-06,0.0006549206396311912
2006-11-07,0.0006735655471308378
2006-11-08,0.00123940637326147
2006-11-09,0.019574225765148348
2006-11-10,0.12772984964670997
2006-11-11,0.08941067893685256
2006-11-12,0.03646099008008849
2006-11-13,0.006752302715139119
2006-11-14,0.013118167372340043
2006-11-15,0.013099849407961611
2006-11-16,0.036855455845697514
2006-11-17,0.03180248134535204
2006-11-18,0.010256814471118212
2006-11-19,0.001041673312260275
2006-11-20,0.00152887495650656
2006-11-21,0.009322261755639012
2006-11-22,0.00205464603598302
2006-11-23,0.0014186187359408297
2006-11-24,0.0005413563215259047
2006-11-25,0.005651632425852304
2006-11-26,0.002498738799156411
2006-11-27,0.00521399520761929
2006-11-28,0.0012700009593437935
2006-11-29,0.0020543154883040505
2006-11-30,0.0012620497343424348
2006-12-01,0.004706260015062848
2006-12-02,0.03203617491699207
2006-12-03,0.08582356437383139
2006-12-04,0.22588093773551887
2006-12-05,0.04468816062081443
2006-12-06,0.004725561156953336
2006-12-07,0.002425246809516454
2006-12-08,0.0012834530297604035
2006-12-09,0.0036376700382221064
2006-12-10,0.011872924002008116
2006-12-11,0.0031470535179481873
2006-12-12,0.0025087811344463224
2006-12-13,0.002020522641581814
2006-12-14,0.0029767152586289633
2006-12-15,0.006395533849085879
2006-12-16,0.0026145225505005668
2006-12-17,0.0008905112148931768
2006-12-18,0.001298868865816171
2006-12-19,0.0017921061944937372
2006-12-20,0.0049457989918305755
2006-12-21,0.033888457800301
2006-12-22,0.0008530458481078687
2006-12-23,0.0014674553275616853
2006-12-24,0.004209260113726827
2006-12-25,0.02768030805230736
2006-12-26,0.01648951012629006
2006-12-27,0.0020131632311966635
2006-12-28,0.0028054916150654064
2006-12-29,0.0025196129018688175
2006-12-30,0.003937267667322523
2006-12-31,0.004782944915933688
2007-01-01,0.0021938556232187515
2007-01-02,0.0015920012643136363
2007-01-03,0.0021631298827046504
2007-01-04,0.002523529218149634
2007-01-05,0.0019220220760077713
2007-01-06,0.0007671334790387869
2007-01-07,0.0010646692935553951
2007-01-08,0.00031340798507613305
2007-01-09,0.0005674489294395851
2007-01-10,0.0009890918446453954
2007-01-11,0.0007815125214432856
2007-01-12,0.0014674547991710904
2007-01-13,0.0003957119852671586
2007-01-14,0.0004612440371991473
2007-01-15,0.0005228366555722612
2007-01-16,0.0010343708696099372
2007-01-17,0.0008170689983322504
2007-01-18,0.005094446525192472
2007-01-19,0.000901140217951448
2007-01-20,0.00043160311584577196
2007-01-21,0.0005307483591443025
2007-01-22,0.0003913444846776688
2007-01-23,0.0003372298405719537
2007-01-24,0.0014699534478927465
2007-01-25,0.0020540685987178544
2007-01-26,0.006177126355126059
2007-01-27,0.0037280433213606775
2007-01-28,0.001460811414914693
2007-01-29,0.00025501977288746116
2007-01-30,0.0003769495287400027
2007-01-31,0.0003707855432274721
2007-02-01,0.0009521592219743881
2007-02-02,0.003196996736200568
2007-02-03,0.02522355876993737
2007-02-04,0.006959095659570532
2007-02-05,0.010864931634230156
2007-02-06,0.005288114972262539
2007-02-07,0.0013729639903176244
2007-02-08,0.005286928760988473
2007-02-09,0.037521422585008124
2007-02-10,0.09452476220556444
2007-02-11,0.07104031041103713
2007-02-12,0.01884960210158028
2007-02-13,0.009402966826415443
2007-02-14,0.0029285151639862434
2007-02-15,0.006147407932254484
2007-02-16,0.0036830009147796406
2007-02-17,0.001875204233538627
2007-02-18,0.0055009569218341554
2007-02-19,0.0021744051432504197
2007-02-20,0.023766032216888666
2007-02-21,0.013343471827243443
2007-02-22,0.0010548333133715653
2007-02-23,0.0007640219774723138
2007-02-24,0.0018099242142165415
2007-02-25,0.00526747850610973
2007-02-26,0.038875527817763635
2007-02-27,0.04636981047749287
2007-02-28,0.006177398882294511
2007-03-01,0.0028936198618791844
2007-03-02,0.00186885649406507
2007-03-03,0.01168856501765255
2007-03-04,0.008392890068355847
2007-03-05,0.0006517767952837007
2007-03-06,0.00020437439403620517
2007-03-07,0.00038299597658315133
2007-03-08,0.0016588303755470943
2007-03-09,0.03395822950199283
2007-03-10,0.008137863633667948
2007-03-11,0.06746423146000734
2007-03-12,0.03892161749773067
2007-03-13,0.023641604246567426
2007-03-14,0.0038054855254710993
2007-03-15,0.0019882398744943876
2007-03-16,0.0023453203306916253
2007-03-17,0.04724535219578273
2007-03-18,0.05785327008368429
2007-03-19,0.2925609094674112
2007-03-20,0.19202671368474433
2007-03-21,0.07031281239578316
2007-03-22,0.005206205154961606
2007-03-23,0.0021706273865098377
2007-03-24,0.004702240819403326
2007-03-25,0.002873831302257793
2007-03-26,0.006174791953646895
2007-03-27,0.0014270919767108206
2007-03-28,0.012104556601251986
2007-03-29,0.03739952343601058
2007-03-30,0.043712173680769684
2007-03-31,0.2849026481077342
2007-04-01,0.11974472448150997
2007-04-02,0.005314474973352821
2007-04-03,0.007821617187400974
2007-04-04,0.010279025117307319
2007-04-05,0.012695510191203225
2007-04-06,0.005945200623490953
2007-04-07,0.003933358557762083
2007-04-08,0.0008552847705958051
2007-04-09,0.0011835332305443244
2007-04-10,0.0037554591488655627
2007-04-11,0.0016356516516039892
2007-04-12,0.007680842860798203
2007-04-13,0.029492856757379438
2007-04-14,0.02955177408387393
2007-04-15,0.012493498459183749
2007-04-16,0.0107832599600397
2007-04-17,0.029326994788963792
2007-04-18,0.025872665841692614
2007-04-19,0.035511658270353456
2007-04-20,0.017316270781043638
2007-04-21,0.009251380781143691
2007-04-22,0.03395429505134492
2007-04-23,0.011921200058907382
2007-04-24,0.016107263000882277
2007-04-25,0.005467757935679847
2007-04-26,0.017215310745806497
2007-04-27,0.008924523316545016
2007-04-28,0.007427352108697634
2007-04-29,0.03038534604695005
2007-04-30,0.025204522603898823
2007-05-01,0.0029660580565312967
2007-05-02,0.008311540773056271
2007-05-03,0.06485196595403764
2007-05-04,0.02432164333707517
2007-05-05,0.01148204247986601
2007-05-06,0.013960254656773374
2007-05-07,0.021498988710164375
2007-05-08,0.02524965685617888
2007-05-09,0.0055579453939624225
2007-05-10,0.009357292098907422
2007-05-11,0.009483575487916325
2007-05-12,0.0095500837788723
2007-05-13,0.005193293561020183
2007-05-14,0.00509572565215987
2007-05-15,0.031145157037881097
2007-05-16,0.0337396519048428
2007-05-17,0.0188443871593157
2007-05-18,0.12070283665797923
2007-05-19,0.02889052869903916
2007-05-20,0.0198252336365232
2007-05-21,0.009350190348940383
2007-05-22,0.012582170206473753
2007-05-23,0.012596084773882736
2007-05-24,0.023141302197576683
2007-05-25,0.01906622485649714
2007-05-26,0.01629425407775809
2007-05-27,0.028221200428530397
2007-05-28,0.032558549029224435
2007-05-29,0.024274939530997415
2007-05-30,0.0253540380920824
2007-05-31,0.011292743631638617
2007-06-01,0.07466320397610733
2007-06-02,0.06084739618085636
2007-06-03,0.0637985912478631
2007-06-04,0.04227053182657675
2007-06-05,0.036198754159985407
2007-06-06,0.01099846870781265
2007-06-07,0.005871997573210384
2007-06-08,0.00902706647841095
2007-06-09,0.008369958222678065
2007-06-10,0.015183339247469774
2007-06-11,0.03318754811112101
2007-06-12,0.04976863912771358
2007-06-13,0.03905619182656404
2007-06-14,0.04241609239818235
2007-06-15,0.027185333798439616
2007-06-16,0.05481646247408838
2007-06-17,0.022658844337941676
2007-06-18,0.02387046062966093
2007-06-19,0.024572969537489567
2007-06-20,0.02811366865279732
2007-06-21,0.012460209155636325
2007-06-22,0.04367267168351848
2007-06-23,0.03586393414659966
2007-06-24,0.019961494210109697
2007-06-25,0.07503031852829872
2007-06-26,0.018588587736104466
2007-06-27,0.06714533325448692
2007-06-28,0.37613250502630485
2007-06-29,0.11288918391282401
2007-06-30,0.028515725276159247
2007-07-01,0.06277766256445567
2007-07-02,0.04245538312064608
2007-07-03,0.02789419918248165
2007-07-04,0.04587104402321156
2007-07-05,0.09456810205257138
2007-07-06,0.03571869738063364
2007-07-07,0.20056681036824342
2007-07-08,0.20184146453245697
2007-07-09,0.05809246989246563
2007-07-10,0.027261048785102982
2007-07-11,0.019629971034777906
2007-07-12,0.107446060765088
2007-07-13,0.06608358614064824
2007-07-14,0.08091702534116951
2007-07-15,0.06555733772883972
2007-07-16,0.0394732906696982
2007-07-17,0.028612533574093213
2007-07-18,0.03274151295252192
2007-07-19,0.05594864440729228
2007-07-20,0.16069191614228137
2007-07-21,0.13604051275601053
2007-07-22,0.08168635151223134
2007-07-23,0.08249166068462678
2007-07-24,0.03049812816287829
2007-07-25,0.020176573595822072
2007-07-26,0.05396452676629219
2007-07-27,0.03712630164903447
2007-07-28,0.01850650542026777
2007-07-29,0.03625249305546205
2007-07-30,0.05785516713727418
2007-07-31,0.02777766816534825
2007-08-01,0.042723584267614204
2007-08-02,0.03441695670774288
2007-08-03,0.02342511959157318
2007-08-04,0.018977333466607585
2007-08-05,0.06314605625328991
2007-08-06,0.12193628821673493
2007-08-07,0.02835213197512713
2007-08-08,0.03041834587259289
2007-08-09,0.02930723748036745
2007-08-10,0.02198951747161045
2007-08-11,0.08195791807491706
2007-08-12,0.255926088274937
2007-08-13,0.12177821402420559
2007-08-14,0.06657914394735
2007-08-15,0.033499001948638106
2007-08-16,0.01831077773647993
2007-08-17,0.02692941886407585
2007-08-18,0.024112194100321067
2007-08-19,0.03838852492099835
2007-08-20,0.0347618482915854
2007-08-21,0.019780223558850347
2007-08-22,0.0251358518676935
2007-08-23,0.045867910326910594
2007-08-24,0.06094153649669333
2007-08-25,0.025459297556806697
2007-08-26,0.030387452534744144
2007-08-27,0.025220710971039523
2007-08-28,0.018250559736619345
2007-08-29,0.025189066239312666
2007-08-30,0.0215633776433973
2007-08-31,0.020898859736859548
2007-09-01,0.03131401291769149
2007-09-02,0.022685478966103168
2007-09-03,0.0183101033092067
2007-09-04,0.03382408388112415
2007-09-05,0.045851523890749826
2007-09-06,0.05463348154661788
2007-09-07,0.031651859756864575
2007-09-08,0.02338923103602668
2007-09-09,0.0490039934544031
2007-09-10,0.03649910072117832
2007-09-11,0.03896736048257216
2007-09-12,0.019589416200773636
2007-09-13,0.02472190967931167
2007-09-14,0.02832490660124802
2007-09-15,0.03944328114012936
2007-09-16,0.017686623683133458
2007-09-17,0.028051406102209638
2007-09-18,0.017402571763075296
2007-09-19,0.033970894544828704
2007-09-20,0.10228839452432989
2007-09-21,0.05507369848078966
2007-09-22,0.04388824901653723
2007-09-23,0.025095687172907676
2007-09-24,0.0238851317595259
2007-09-25,0.024345474424423398
2007-09-26,0.022256425301677683
2007-09-27,0.032871070137389664
2007-09-28,0.015405538366294757
2007-09-29,0.006985809342808443
2007-09-30,0.010595602622227186
2007-10-01,0.006260673807181992
2007-10-02,0.005182506980432297
2007-10-03,0.004107485843809424
2007-10-04,0.00200790414661739
2007-10-05,0.0038984683054852517
2007-10-06,0.0024361155139002097
2007-10-07,0.0029432283418624693
2007-10-08,0.0016325319372398493
2007-10-09,0.0029393874470997824
2007-10-10,0.0035045420066249925
2007-10-11,0.003102619872074702
2007-10-12,0.00212442034394336
2007-10-13,0.0011590512988621275
2007-10-14,0.0030303325281706124
2007-10-15,0.002521496627810092
2007-10-16,0.0015057706751036967
2007-10-17,0.001209179803935483
2007-10-18,0.00064516471644068
2007-10-19,0.0022092609777037355
2007-10-20,0.010045459424610695
2007-10-21,0.003409512790990256
2007-10-22,0.001552715295456064
2007-10-23,0.0016827333242179904
2007-10-24,0.002527900832585413
2007-10-25,0.0022782961567550755
2007-10-26,0.004395219535325405
2007-10-27,0.00394885087662494
2007-10-28,0.007956196754501524
2007-10-29,0.004950902018662688
2007-10-30,0.0033133810224175164
2007-10-31,0.006840623904211023
2007-11-01,0.015184650448095775
2007-11-02,0.016667226764453334
2007-11-03,0.009286607744698337
2007-11-04,0.02501085369464842
2007-11-05,0.0038752126041775594
2007-11-06,0.00425484608069283
2007-11-07,0.0033705712284257776
2007-11-08,0.001957385044015707
2007-11-09,0.002249874284305513
2007-11-10,0.004045207475868447
2007-11-11,0.002139471779697896
2007-11-12,0.0021208494522863236
2007-11-13,0.00104906660559268
2007-11-14,0.0007326328279816103
2007-11-15,0.0009224187671797702
2007-11-16,0.0005906184068391378
2007-11-17,0.0003795482682281418
2007-11-18,0.0007656372712081335
2007-11-19,0.0003110499742115212
2007-11-20,0.00028535002435292785
2007-11-21,0.00021783055382781162
2007-11-22,0.0003322823310715728
2007-11-23,0.00029612275182427174
2007-11-24,0.0005639883943508008
2007-11-25,0.0007140797991104247
2007-11-26,0.0004964175945556187
2007-11-27,0.00036560244049942283
2007-11-28,0.001704979927235103
2007-11-29,0.03191594881041691
2007-11-30,0.00845634741806948
2007-12-01,0.00447076662973507
2007-12-02,0.005394475347355412
2007-12-03,0.002126284064624851
2007-12-04,0.00233891047587502
2007-12-05,0.005435357658760499
2007-12-06,0.009803648463508247
2007-12-07,0.004964329456468688
2007-12-08,0.0034008737557091333
2007-12-09,0.01711060759562844
2007-12-10,0.00333950595714514
2007-12-11,0.0016076116580837588
2007-12-12,0.0014042797400988178
2007-12-13,0.0021426382076158595
2007-12-14,0.00046653749175119537
2007-12-15,0.0002507713527010047
2007-12-16,0.0004201430986038647
2007-12-17,0.0005864582710563157
2007-12-18,0.0028661033280380625
2007-12-19,0.004838345282387125
2007-12-20,0.01402720241645307
2007-12-21,0.004564016957623048
2007-12-22,0.0012500851604245861
2007-12-23,0.006759248442917158
2007-12-24,0.0046364900714773215
2007-12-25,0.002523784316835339
2007-12-26,0.0018281240999690113
2007-12-27,0.0008006168184150084
2007-12-28,0.0007046595588056574
2007-12-29,0.0006657693250250179
2007-12-30,0.0020444584318674987
2007-12-31,0.0002874257317776903
2008-01-01,0.0020065158954073498
2008-01-02,0.0009418387274540957
2008-01-03,0.0025724730674870485
2008-01-04,0.012123485447033544
2008-01-05,0.019218714292289493
2008-01-06,0.04614651166984607
2008-01-07,0.18459885546641736
2008-01-08,0.08978351328603922
2008-01-09,0.10556104105968192
2008-01-10,0.03766699202304944
2008-01-11,0.0023565057340250778
2008-01-12,0.0017841400897527435
2008-01-13,0.0033898567175655665
2008-01-14,0.0068061822638258145
2008-01-15,0.016560815934392837
2008-01-16,0.08153879673783748
2008-01-17,0.0445758162415842
2008-01-18,0.012545822794870565
2008-01-19,0.0017903071593260225
2008-01-20,0.0023970528333679265
2008-01-21,0.0005754314679277386
2008-01-22,0.004428106426179908
2008-01-23,0.0018877328958880825
2008-01-24,0.0032583768745127195
2008-01-25,0.0013670397099181868
2008-01-26,6.353846678797802e-05
2008-01-27,0.0031775665277114927
2008-01-28,0.0027342836859418945
2008-01-29,0.003015766675272678
2008-01-30,0.0002904679404803313
2008-01-31,0.0007828177965176177
2008-02-01,0.0014678689945071468
2008-02-02,0.005187780418450221
2008-02-03,0.004037665316627535
2008-02-04,0.06277149975370395
2008-02-05,0.003811498084798677
2008-02-06,0.00671580079583151
2008-02-07,0.02515084845513919
2008-02-08,0.0036119839241917917
2008-02-09,0.0007662978597028731
2008-02-10,0.0009680473572872875
2008-02-11,0.0004848210534333152
2008-02-12,0.0006467025031164774
2008-02-13,0.000579987857338876
2008-02-14,0.004949270333870562
2008-02-15,0.001223683042100098
2008-02-16,0.007920091660230761
2008-02-17,0.00340493023455917
2008-02-18,0.001121049059487516
2008-02-19,0.000537767978442351
2008-02-20,0.0038083824640940895
2008-02-21,0.026004958780028502
2008-02-22,0.021549078805291725
2008-02-23,0.009335347773150482
2008-02-24,0.0038476699857957486
2008-02-25,0.001558628800982789
2008-02-26,0.0010008854863820396
2008-02-27,0.0009199134593477057
2008-02-28,0.0006456908381695475
2008-02-29,0.006487724153706882
2008-03-01,0.0023579359414630865
2008-03-02,0.0029852839783690963
2008-03-03,0.018412752207315423
2008-03-04,0.004044752201858592
2008-03-05,0.0055222909154919965
2008-03-06,0.020752615339013635
2008-03-07,0.0077661567527728525
2008-03-08,0.0012023772892032745
2008-03-09,0.0020940254119959753
2008-03-10,0.0032193382944421343
2008-03-11,0.0013050841904987493
2008-03-12,0.00041082603658094085
2008-03-13,0.001150900918622773
2008-03-14,0.0002685939876585203
2008-03-15,0.0013165647312628898
2008-03-16,0.005023235545980559
2008-03-17,0.011414815650494362
2008-03-18,0.007175459798223029
2008-03-19,0.0016690256711341168
2008-03-20,0.0009855984518906034
2008-03-21,0.0026494030286173375
2008-03-22,0.005323400420143394
2008-03-23,0.0027759569169262233
2008-03-24,0.0010806759463036651
2008-03-25,0.0016856415814350567
2008-03-26,0.00492894440769551
2008-03-27,0.004350683759502042
2008-03-28,0.003438584471761204
2008-03-29,0.002961501612212595
2008-03-30,0.011040008957545066
2008-03-31,0.01034465474404198
2008-04-01,0.0053850198502334275
2008-04-02,0.03018313573760527
2008-04-03,0.011982594593365817
2008-04-04,0.09056945658250828
2008-04-05,0.17903102474137045
2008-04-06,0.02149058119439134
2008-04-07,0.03958028669583151
2008-04-08,0.028446161870277802
2008-04-09,0.03749080061030487
2008-04-10,0.07625453700040229
2008-04-11,0.04155024032913581
2008-04-12,0.035280807677593666
2008-04-13,0.008106342568747673
2008-04-14,0.16234549642642904
2008-04-15,0.2315166382987534
2008-04-16,0.012238479759846637
2008-04-17,0.004099518188931117
2008-04-18,0.004988977193634876
2008-04-19,0.014925889152396407
2008-04-20,0.002348020681898203
2008-04-21,0.03016667050949788
2008-04-22,0.01571289533550767
2008-04-23,0.024225182523700255
2008-04-24,0.006024469060790112
2008-04-25,0.015726935076462355
2008-04-26,0.025459491545123954
2008-04-27,0.006003355778043573
2008-04-28,0.01026406353256937
2008-04-29,0.005174200552365373
2008-04-30,0.004949902699864901
2008-05-01,0.0016802371282739828
2008-05-02,0.0012616493789140686
2008-05-03,0.0050608410319359365
2008-05-04,0.025205354632578197
2008-05-05,0.015363940570511941
2008-05-06,0.0038441257766131994
2008-05-07,0.0016859331221388278
2008-05-08,0.002568569062570368
2008-05-09,0.013331896825054966
2008-05-10,0.012532353777313834
2008-05-11,0.01030189229006869
2008-05-12,0.021291524379334913
2008-05-13,0.02367898348365586
2008-05-14,0.009010414633340309
2008-05-15,0.019993675893080678
2008-05-16,0.007794730526465312
2008-05-17,0.024258785966220123
2008-05-18,0.014318460260134261
2008-05-19,0.0319677798809567
2008-05-20,0.007805752208588789
2008-05-21,0.01478452403048955
2008-05-22,0.058276623001311596
2008-05-23,0.0333329906834191
2008-05-24,0.054150611095156155
2008-05-25,0.05009198845905666
2008-05-26,0.03599259465462841
2008-05-27,0.02162792985313543
2008-05-28,0.025259258754817257
2008-05-29,0.01596029999405795
2008-05-30,0.01812876856241835
2008-05-31,0.01193766404435832
2008-06-01,0.04693261263995043
2008-06-02,0.054931525954729214
2008-06-03,0.04135613403658824
2008-06-04,0.041039058139253216
2008-06-05,0.026210724062992852
2008-06-06,0.03890285808033732
2008-06-07,0.04094443223743533
2008-06-08,0.02714196622022775
2008-06-09,0.03769689290102056
2008-06-10,0.050961339596642174
2008-06-11,0.04353214327082931
2008-06-12,0.08432344006676201
2008-06-13,0.07212642560570606
2008-06-14,0.05040652806690855
2008-06-15,0.16016789218673042
2008-06-16,0.11157304279581161
2008-06-17,0.05792141621036173
2008-06-18,0.04330481025990255
2008-06-19,0.07979956117803699
2008-06-20,0.019934885293422213
2008-06-21,0.09404996459524374
2008-06-22,0.030503714200169472
2008-06-23,0.07233617403595125
2008-06-24,0.015021794539806383
2008-06-25,0.021855896731307743
2008-06-26,0.10155751461202381
2008-06-27,0.16129222345725874
2008-06-28,0.08201370128161789
2008-06-29,0.09347455083569797
2008-06-30,0.05813394091070801
2008-07-01,0.04127263813484709
2008-07-02,0.02414912470648138
2008-07-03,0.019325696418409203
2008-07-04,0.05507402799093511
2008-07-05,0.1179753485794588
2008-07-06,0.2679857116533772
2008-07-07,0.08415896799916865
2008-07-08,0.05117012512817907
2008-07-09,0.026874988008363774
2008-07-10,0.025125034975677932
2008-07-11,0.10534738662727393
2008-07-12,0.07891630085595304
2008-07-13,0.05115100739839141
2008-07-14,0.03915732704201309
2008-07-15,0.029214227554766124
2008-07-16,0.03119802957019128
2008-07-17,0.17326552976511314
2008-07-18,0.05778890512727064
2008-07-19,0.06366131264627295
2008-07-20,0.12086463526893729
2008-07-21,0.04897483410441435
2008-07-22,0.030516509159537932
2008-07-23,0.02091196891244141
2008-07-24,0.01513273085787354
2008-07-25,0.11486202682848722
2008-07-26,0.026495123065759216
2008-07-27,0.01573504431354697
2008-07-28,0.016488971141119663
2008-07-29,0.019666736818649676
2008-07-30,0.030434675352670915
2008-07-31,0.02823965024087253
2008-08-01,0.027431423150677
2008-08-02,0.07261624242780723
2008-08-03,0.14595617812452374
2008-08-04,0.08941099876066409
2008-08-05,0.12283799771110367
2008-08-06,0.02327992228470974
2008-08-07,0.047901636064945095
2008-08-08,0.21059197042823158
2008-08-09,0.20844378875303457
2008-08-10,0.09216547679987526
2008-08-11,0.14602511829180834
2008-08-12,0.06217387811269672
2008-08-13,0.06952959879621348
2008-08-14,0.10334074002065083
2008-08-15,0.07542991666526336
2008-08-16,0.04209411629575725
2008-08-17,0.0321812618142896
2008-08-18,0.02071274577440447
2008-08-19,0.03643461731793271
2008-08-20,0.035121960135822604
2008-08-21,0.07340173544276116
2008-08-22,0.027228785614786324
2008-08-23,0.04976580949529264
2008-08-24,0.029885925226934194
2008-08-25,0.02742099981641158
2008-08-26,0.04234753128925856
2008-08-27,0.022644655163891837
2008-08-28,0.02778103311184876
2008-08-29,0.03632709230293467
2008-08-30,0.06199566525390097
2008-08-31,0.053747969131850204
2008-09-01,0.02708155614061345
2008-09-02,0.02864008490733279
2008-09-03,0.01812700801383981
2008-09-04,0.04652091659072752
2008-09-05,0.1195480609047236
2008-09-06,0.05331244214825967
2008-09-07,0.03248357265830014
2008-09-08,0.026504713191626835
2008-09-09,0.014304807468324382
2008-09-10,0.010673540639877655
2008-09-11,0.010392720835273562
2008-09-12,0.009887219205319146
2008-09-13,0.013171212344316407
2008-09-14,0.01124229488583161
2008-09-15,0.010313506804500291
2008-09-16,0.03714332210251859
2008-09-17,0.028236875911588414
2008-09-18,0.02558778282578283
2008-09-19,0.05973021631275241
2008-09-20,0.025666357928731925
2008-09-21,0.016169701501462734
2008-09-22,0.029237105446669354
2008-09-23,0.0134977284963851
2008-09-24,0.006225828411667106
2008-09-25,0.012963136167336391
2008-09-26,0.006705786676212974
2008-09-27,0.004566882568971446
2008-09-28,0.00832133828992994
2008-09-29,0.0036471939336302616
2008-09-30,0.005413844483718403
2008-10-01,0.007347778407031744
2008-10-02,0.004427543377767861
2008-10-03,0.012635274704383916
2008-10-04,0.0058272138343155476
2008-10-05,0.033090660090918114
2008-10-06,0.0321700292272811
2008-10-07,0.045458786280486864
2008-10-08,0.014831892591845471
2008-10-09,0.0044250144521676615
2008-10-10,0.002204490553321959
2008-10-11,0.004930510436647327
2008-10-12,0.00723544378820084
2008-10-13,0.017831557618005495
2008-10-14,0.053002063480856905
2008-10-15,0.024947087910047967
2008-10-16,0.002584304189446369
2008-10-17,0.0017511623289772976
2008-10-18,0.002090307730984498
2008-10-19,0.009543909563538285
2008-10-20,0.0029797236032943863
2008-10-21,0.0014998551112404604
2008-10-22,0.0009064578026803774
2008-10-23,0.0002707410368828869
2008-10-24,0.001503185790394749
2008-10-25,0.001783596004130779
2008-10-26,0.000594348420326652
2008-10-27,0.001862366057393341
2008-10-28,0.007084092303605466
2008-10-29,0.0228805203884217
2008-10-30,0.006651622259608749
2008-10-31,0.0002595191876675404
2008-11-01,0.004013627274026831
2008-11-02,0.009372758282924007
2008-11-03,0.01751938047843006
2008-11-04,0.002697126321336415
2008-11-05,0.0028002669193929325
2008-11-06,0.007512233298113566
2008-11-07,0.011322109446318293
2008-11-08,0.008917545302762288
2008-11-09,0.007660604201068427
2008-11-10,0.005970221969349961
2008-11-11,0.01677753997835339
2008-11-12,0.11728187864001148
2008-11-13,0.15736986746769221
2008-11-14,0.01647216682223974
2008-11-15,0.0054217320948935265
2008-11-16,0.003475864547599268
2008-11-17,0.004754626185998429
2008-11-18,0.005910766147459693
2008-11-19,0.013967372904716852
2008-11-20,0.0042733600849015185
2008-11-21,0.004092795746536656
2008-11-22,0.001573874760591729
2008-11-23,0.002318547094261932
2008-11-24,0.0013648043771959564
2008-11-25,0.003412526249507222
2008-11-26,0.0005832343564560636
2008-11-27,0.006093481634032957
2008-11-28,0.0023731334312749584
2008-11-29,0.002216133804595243
2008-11-30,0.0053201785520162964
2008-12-01,0.0026650694253455938
2008-12-02,0.0010866746629584131
2008-12-03,0.0005029547396488529
2008-12-04,0.0005817735603227671
2008-12-05,0.000802302943805213
2008-12-06,0.0017098299253714255
2008-12-07,0.041114883241107916
2008-12-08,0.22918757631162398
2008-12-09,0.03842193901329837
2008-12-10,0.00904910062376782
2008-12-11,0.0015184502233260375
2008-12-12,0.0013122074882316315
2008-12-13,0.0017381752935829485
2008-12-14,0.008015299971191657
2008-12-15,0.009594070948387606
2008-12-16,0.013719981507628497
2008-12-17,0.030088672959559398
2008-12-18,0.046191878590074564
2008-12-19,0.18774019095165959
2008-12-20,0.11054093807871812
2008-12-21,0.0017929921240789127
2008-12-22,0.0015238792097918357
2008-12-23,0.0012640556345647979
2008-12-24,0.0005973223589784974
2008-12-25,0.0015350892449735721
2008-12-26,0.0007903327375410515
2008-12-27,0.0004011953565419311
2008-12-28,0.0009185640330051559
2008-12-29,0.003936400235184406
2008-12-30,0.0009276572996523003
2008-12-31,0.000757491002408847
2009-01-01,0.0021003011843241303
2009-01-02,0.004108886085379432
2009-01-03,0.048348677774290263
2009-01-04,0.006419060569949564
2009-01-05,0.0012134764700820018
2009-01-06,0.0015751358901950408
2009-01-07,0.0017453976750589895
2009-01-08,0.001079604742210457
2009-01-09,0.0043478257782401525
2009-01-10,0.0004582952366011481
2009-01-11,0.0017012422190894698
2009-01-12,0.005862251430863186
2009-01-13,0.00513640157355312
2009-01-14,0.013022469868271913
2009-01-15,0.019931499165658156
2009-01-16,0.052609471669148845
2009-01-17,0.016611533299784792
2009-01-18,0.0913175114312603
2009-01-19,0.0002703314423123016
2009-01-20,0.0028200764365495807
2009-01-21,0.001920890295616618
2009-01-22,0.0025322293298667403
2009-01-23,0.004509622054493833
2009-01-24,0.04729161066325483
2009-01-25,0.09943039878442758
2009-01-26,0.14774971812277968
2009-01-27,0.022180690209570215
2009-01-28,0.0018769570888561966
2009-01-29,0.004324289320002328
2009-01-30,0.0020283732628095666
2009-01-31,0.0018560234696319894
2009-02-01,0.0017025380039450966
2009-02-02,0.009787921022391267
2009-02-03,0.0038702353427562397
2009-02-04,0.08568662157645329
2009-02-05,0.050482159536797695
2009-02-06,0.003245342121963208
2009-02-07,0.004499167563995318
2009-02-08,0.00117645458965623
2009-02-09,0.012571996035845197
2009-02-10,0.018881741131990627
2009-02-11,0.006564626860711326
2009-02-12,0.02280292218063438
2009-02-13,0.259087231760837
2009-02-14,0.006469752138567871
2009-02-15,0.0003315334594524778
2009-02-16,0.0018360265817045946
2009-02-17,0.00227572976317244
2009-02-18,0.0014174792511409719
2009-02-19,0.027574441437127287
2009-02-20,0.04533848491118755
2009-02-21,0.0019961171907370554
2009-02-22,0.023276751790963526
2009-02-23,0.019492521276537528
2009-02-24,0.00885495481940719
2009-02-25,0.0016784520690487615
2009-02-26,0.001452742151025327
2009-02-27,0.0017896691512894957
2009-02-28,0.0041460121763515915
2009-03-01,0.0039016398028015177
2009-03-02,0.01877621996712765
2009-03-03,0.056231642222819
2009-03-04,0.005388867769558332
2009-03-05,0.0030489061086939363
2009-03-06,0.01483388461608944
2009-03-07,0.005155102979834877
2009-03-08,0.006198640976403755
2009-03-09,0.00520348474957926
2009-03-10,0.0014554363352338728
2009-03-11,0.0016798635744577541
2009-03-12,0.0016719888273828845
2009-03-13,0.0008350261044514076
2009-03-14,0.0005664880794059053
2009-03-15,0.0017770907012687597
2009-03-16,0.003974550335203143
2009-03-17,0.0055114591607854915
2009-03-18,0.0421062355075299
2009-03-19,0.02549410358835716
2009-03-20,0.05266502060360267
2009-03-21,0.005817115094331843
2009-03-22,0.006666665967379162
2009-03-23,0.00918579483353492
2009-03-24,0.1450714269907878
2009-03-25,0.024748188168966952
2009-03-26,0.005397086927342178
2009-03-27,0.02291553331496565
2009-03-28,0.023023471610210147
2009-03-29,0.02868290060396704
2009-03-30,0.005646862515119654
2009-03-31,0.0011993869356092255
2009-04-01,0.05558929822629959
2009-04-02,0.11545568442097849
2009-04-03,0.018638436009098272
2009-04-04,0.003772811108107245
2009-04-05,0.07611008676430976
2009-04-06,0.09767789799028528
2009-04-07,0.023872381408892907
2009-04-08,0.10468331348792355
2009-04-09,0.005404990435429876
2009-04-10,0.00284499570176918
2009-04-11,0.011089398380161533
2009-04-12,0.02635902927665535
2009-04-13,0.012873348582322667
2009-04-14,0.2965162041443908
2009-04-15,0.11279241080574923
2009-04-16,0.0074009248632840256
2009-04-17,0.0016129538754632363
2009-04-18,0.0026604201005042275
2009-04-19,0.016576131789850276
2009-04-20,0.03908965622769228
2009-04-21,0.08131998419146225
2009-04-22,0.016160812005957186
2009-04-23,0.01850662302135018
2009-04-24,0.001710245675030939
2009-04-25,0.003244845756117416
2009-04-26,0.013834630903277582
2009-04-27,0.04237689647111165
2009-04-28,0.039589536857051674
2009-04-29,0.01394460948047016
2009-04-30,0.006564007850297147
2009-05-01,0.0021699571295487287
2009-05-02,0.010827292796135386
2009-05-03,0.05426623396015097
2009-05-04,0.05150702245222646
2009-05-05,0.0386092201515743
2009-05-06,0.0035712063736660356
2009-05-07,0.004921164607703019
2009-05-08,0.01512808204962199
2009-05-09,0.04665876564054379
2009-05-10,0.015960898515103152
2009-05-11,0.0029981611379178213
2009-05-12,0.001248968783984189
2009-05-13,0.0025791328832761224
2009-05-14,0.004837179625094869
2009-05-15,0.010356181405665483
2009-05-16,0.008297035982072095
2009-05-17,0.010048518591201563
2009-05-18,0.006613945896704147
2009-05-19,0.08415669766363201
2009-05-20,0.029102616782379777
2009-05-21,0.018630178830434885
2009-05-22,0.012384320628739927
2009-05-23,0.008420892080563347
2009-05-24,0.014310110670397823
2009-05-25,0.019100939594228296
2009-05-26,0.006224343017732443
2009-05-27,0.0016453100457377305
2009-05-28,0.0018396092643128276
2009-05-29,0.0033432031122339356
2009-05-30,0.004171133117326773
2009-05-31,0.010859376884021376
2009-06-01,0.019247749788165604
2009-06-02,0.017122537804516533
2009-06-03,0.007876106504633927
2009-06-04,0.01829472133545728
2009-06-05,0.07562161149467547
2009-06-06,0.024236758496095207
2009-06-07,0.007600597625865809
2009-06-08,0.004614817816859966
2009-06-09,0.005288217588287924
2009-06-10,0.01174506686167726
2009-06-11,0.008779898891803691
2009-06-12,0.014634515712568139
2009-06-13,0.020890969579428934
2009-06-14,0.026741812851625718
2009-06-15,0.03140125000606495
2009-06-16,0.05438409089259437
2009-06-17,0.039503234872749086
2009-06-18,0.00992181276643311
2009-06-19,0.012477632958406272
2009-06-20,0.010531016515732999
2009-06-21,0.013395526643248837
2009-06-22,0.006584905044748675
2009-06-23,0.010495327631516593
2009-06-24,0.009476915148555554
2009-06-25,0.020142481480002243
2009-06-26,0.014988497491634193
2009-06-27,0.016046499275014746
2009-06-28,0.017986764929827117
2009-06-29,0.020818878295679726
2009-06-30,0.017686885948862446
2009-07-01,0.018446451230798216
2009-07-02,0.06333232568422228
2009-07-03,0.03590635169143752
2009-07-04,0.06366481596283548
2009-07-05,0.005641280070428453
2009-07-06,0.005857187880617188
2009-07-07,0.00801908129291599
2009-07-08,0.019175731187519716
2009-07-09,0.012757275828480132
2009-07-10,0.02535501127604946
2009-07-11,0.01858973380993461
2009-07-12,0.0500494912347018
2009-07-13,0.036617175729563696
2009-07-14,0.027643404665949067
2009-07-15,0.019681623424435177
2009-07-16,0.03229561404834826
2009-07-17,0.03129765625629891
2009-07-18,0.040978488503026586
2009-07-19,0.031169495754396134
2009-07-20,0.015675674743835386
2009-07-21,0.035125564887836025
2009-07-22,0.034401155859398916
2009-07-23,0.044593594777659465
2009-07-24,0.032261622524932365
2009-07-25,0.03139276661612964
2009-07-26,0.016889505377673343
2009-07-27,0.10930877411664464
2009-07-28,0.04936702344055126
2009-07-29,0.029517811775013846
2009-07-30,0.016977487769742793
2009-07-31,0.009014005017042248
2009-08-01,0.015433824421934212
2009-08-02,0.007343265009251808
2009-08-03,0.0275870255063385
2009-08-04,0.019830620530645344
2009-08-05,0.010913646542572555
2009-08-06,0.05801814185606976
2009-08-07,0.029816836154957622
2009-08-08,0.020433583334563632
2009-08-09,0.04483058356911111
2009-08-10,0.015202043676814388
2009-08-11,0.0437779150797333
2009-08-12,0.03864013739285854
2009-08-13,0.01747353992172148
2009-08-14,0.02447550069599484
2009-08-15,0.09799238969065721
2009-08-16,0.12635445267850548
2009-08-17,0.01373783079267331
2009-08-18,0.04290987846499299
2009-08-19,0.016533927327243115
2009-08-20,0.01685585679068426
2009-08-21,0.029337483550810665
2009-08-22,0.013135023994928658
2009-08-23,0.012936544623728417
2009-08-24,0.00927068269833523
2009-08-25,0.0247820275686222
2009-08-26,0.06431026866742705
2009-08-27,0.01080275487249053
2009-08-28,0.01361290859262229
2009-08-29,0.012488256852148539
2009-08-30,0.10382009432928829
2009-08-31,0.07389899251802247
2009-09-01,0.03001932671344638
2009-09-02,0.0628647817480591
2009-09-03,0.09925717672706767
2009-09-04,0.019687438426035524
2009-09-05,0.009713206865961253
2009-09-06,0.00816913726344951
2009-09-07,0.012865004624077409
2009-09-08,0.015321601093595726
2009-09-09,0.019021512524772754
2009-09-10,0.015147901879038783
2009-09-11,0.020994416081410835
2009-09-12,0.013299341010390275
2009-09-13,0.005910093758778658
2009-09-14,0.013782141774881587
2009-09-15,0.14129096105484357
2009-09-16,0.018411241636015232
2009-09-17,0.013099605118156735
2009-09-18,0.0073835600772384005
2009-09-19,0.0020876720315699594
2009-09-20,0.005994142921135928
2009-09-21,0.013913974778890911
2009-09-22,0.004113934165761619
2009-09-23,0.010327563992658625
2009-09-24,0.008001254551329023
2009-09-25,0.006809714667853523
2009-09-26,0.018237360690442374
2009-09-27,0.014397481827717273
2009-09-28,0.024427814897090044
2009-09-29,0.018836511873402653
2009-09-30,0.021903414092376464
2009-10-01,0.01664687608024045
2009-10-02,0.01062567623380659
2009-10-03,0.04368276755580403
2009-10-04,0.02422451994061453
2009-10-05,0.012863836917629174
2009-10-06,0.019142017469687963
2009-10-07,0.012899168126079798
2009-10-08,0.009298089829631867
2009-10-09,0.004994476463162636
2009-10-10,0.0022611443949387498
2009-10-11,0.002731971362943149
2009-10-12,0.0022986754547359876
2009-10-13,0.005496265550344763
2009-10-14,0.006593018939034464
2009-10-15,0.0022841485762989068
2009-10-16,0.0029990039451731326
2009-10-17,0.007312463578125583
2009-10-18,0.002664566360410401
2009-10-19,0.0007485676207199564
2009-10-20,0.0008152293949727903
2009-10-21,0.0012691468622005261
2009-10-22,0.0011388218892815587
2009-10-23,0.001006716856890937
2009-10-24,0.000782909671164582
2009-10-25,0.0007843586589433321
2009-10-26,0.001122288100615816
2009-10-27,0.0012548360953907247
2009-10-28,0.0038853293532657004
2009-10-29,0.0009236763009131407
2009-10-30,0.0005908740195873848
2009-10-31,0.0011817074954781216
2009-11-01,0.004241475172406703
2009-11-02,0.004030210461764341
2009-11-03,0.006561440901727444
2009-11-04,0.00991100614178591
2009-11-05,0.009122090601588854
2009-11-06,0.003887120201995342
2009-11-07,0.013422854730685208
2009-11-08,0.06068672247018434
2009-11-09,0.017101289917491887
2009-11-10,0.002676452896836888
2009-11-11,0.000829293278609893
2009-11-12,0.0007648611885468101
2009-11-13,0.004935939375065949
2009-11-14,0.006032437752325183
2009-11-15,0.002590019052867094
2009-11-16,0.004984301194645449
2009-11-17,0.002154895854183268
2009-11-18,0.0008620077229412019
2009-11-19,0.0009638122712215702
2009-11-20,0.0009610970148734491
2009-11-21,0.00022670876928414525
2009-11-22,0.0008993919894421896
2009-11-23,0.0022331613721635903
2009-11-24,0.021204642954382482
2009-11-25,0.008383317394392785
2009-11-26,0.0018730792593421083
2009-11-27,0.00494299702902731
2009-11-28,0.003696353384509788
2009-11-29,0.0018132051011393983
2009-11-30,0.01062231270420936
2009-12-01,0.0033768787429163767
2009-12-02,0.002213456030522014
2009-12-03,0.003261464252465132
2009-12-04,0.002334618438671739
2009-12-05,0.025292159635116235
2009-12-06,0.00047437014789107677
2009-12-07,0.0009436357291281278
2009-12-08,0.005703532287743774
2009-12-09,0.02125655404039133
2009-12-10,0.01217280137754409
2009-12-11,0.0028362191296240837
2009-12-12,0.005494084584958746
2009-12-13,0.0013164436124206826
2009-12-14,0.0034207438568751103
2009-12-15,0.0029424927991262852
2009-12-16,0.0012163852351416427
2009-12-17,0.0008323668002396032
2009-12-18,0.00039653836510329915
2009-12-19,0.002693796658026457
2009-12-20,0.00930809055831027
2009-12-21,0.002415587904480618
2009-12-22,0.0005646258878614687
2009-12-23,0.0003653858368852522
2009-12-24,0.000286841104438085
2009-12-25,0.0002649573943428248
2009-12-26,0.000984178205826651
2009-12-27,0.0012320618442005513
2009-12-28,0.0007314204590877587
2009-12-29,0.0008178389108420525
2009-12-30,0.0003694997802383174
2009-12-31,0.00023678240843004635
2010-01-01,0.0006253669182050641
2010-01-02,0.0010588481881407233
2010-01-03,0.005352240612876874
2010-01-04,0.0007564084874517322
2010-01-05,0.0005071179551111389
2010-01-06,0.0002772561029905113
2010-01-07,0.0005246649579937539
2010-01-08,0.00013948959538239358
2010-01-09,0.0005631630373557694
2010-01-10,0.00010102076859625681
2010-01-11,0.00013991253894597296
2010-01-12,0.00034699808106985737
2010-01-13,0.00026983355864850346
2010-01-14,0.0009243717984908495
2010-01-15,0.0004090085074988689
2010-01-16,0.0021636252166157386
2010-01-17,0.004083305195737566
2010-01-18,0.0014904538740149627
2010-01-19,0.0023455194632181343
2010-01-20,0.0037696790959266657
2010-01-21,0.003983511207766298
2010-01-22,0.005710091514735146
2010-01-23,0.0024839753337380713
2010-01-24,0.00477533242852478
2010-01-25,0.0023756095193494084
2010-01-26,0.006963045388411669
2010-01-27,0.010507797307679964
2010-01-28,0.11214411049751064
2010-01-29,0.04438235174752832
2010-01-30,0.0031339212390025743
2010-01-31,0.0023005432753311996
2010-02-01,0.004087868632257278
2010-02-02,0.0011059088092288862
2010-02-03,0.001329165787651558
2010-02-04,0.0029260390968708578
2010-02-05,0.06854663473055203
2010-02-06,0.047523355120679456
2010-02-07,0.12907539261662945
2010-02-08,0.40510564712880237
2010-02-09,0.012226464961783198
2010-02-10,0.0030570672691921197
2010-02-11,0.00799690197953795
2010-02-12,0.00998357839818604
2010-02-13,0.005421939981897029
2010-02-14,0.042974121339240515
2010-02-15,0.08151317726329893
2010-02-16,0.0021880399247420773
2010-02-17,0.0022437703677395636
2010-02-18,0.003530322055757
2010-02-19,0.002319770759174218
2010-02-20,0.005148127456622559
2010-02-21,0.015110766611014605
2010-02-22,0.016039069578412987
2010-02-23,0.014323094724317439
2010-02-24,0.02839373248903722
2010-02-25,0.04508098535112003
2010-02-26,0.1448590304677119
2010-02-27,0.0272629414049248
2010-02-28,0.16340467503533074
2010-03-01,0.08554131943002684
2010-03-02,0.0011248283301483943
2010-03-03,0.016485277549552493
2010-03-04,0.012026276783255149
2010-03-05,0.0008555444863537927
2010-03-06,0.007423675022201508
2010-03-07,0.000688536395927297
2010-03-08,0.00023609101878437373
2010-03-09,0.01081825189080612
2010-03-10,0.0033989468897581525
2010-03-11,0.0005612875135624022
2010-03-12,0.0011252225247193532
2010-03-13,0.0020358979907853137
2010-03-14,0.0008148480333888069
2010-03-15,0.0005728717413752664
2010-03-16,0.0014994301182324737
2010-03-17,0.0011092959521820502
2010-03-18,0.0015746041321169956
2010-03-19,0.0007882123717523713
2010-03-20,0.0018016172740563325
2010-03-21,0.012053896403466612
2010-03-22,0.04520850050066339
2010-03-23,0.02210614606705072
2010-03-24,0.007777985303802202
2010-03-25,0.005411262704954008
2010-03-26,0.0973510091330855
2010-03-27,0.0037620768909819523
2010-03-28,0.00621935493137713
2010-03-29,0.16347065479693823
2010-03-30,0.05081633131504561
2010-03-31,0.0010681729563780129
2010-04-01,0.015504681133474783
2010-04-02,0.02914518510644666
2010-04-03,0.041617359918098826
2010-04-04,0.012790507141399976
2010-04-05,0.0017295516849138751
2010-04-06,0.001110796271258883
2010-04-07,0.004239604225374704
2010-04-08,0.005763983847323288
2010-04-09,0.010402261205784018
2010-04-10,0.007228913840977862
2010-04-11,0.0724370195973412
2010-04-12,0.07118894032016444
2010-04-13,0.0014092138957583383
2010-04-14,0.0033761716203131588
2010-04-15,0.016977758851735907
2010-04-16,0.03421289694713346
2010-04-17,0.06130950417230479
2010-04-18,0.29091853233155057
2010-04-19,0.0739417992362394
2010-04-20,0.1329536293659302
2010-04-21,0.07749542257866389
2010-04-22,0.029615974798771323
2010-04-23,0.011715209366122125
2010-04-24,0.0050984080464916755
2010-04-25,0.0032786796606761406
2010-04-26,0.03360400225061444
2010-04-27,0.0433082414460499
2010-04-28,0.031719756099611536
2010-04-29,0.020123765276067476
2010-04-30,0.047076321332092046
2010-05-01,0.0267714994719188
2010-05-02,0.006171000845021372
2010-05-03,0.013529049408955898
2010-05-04,0.11050532068528329
2010-05-05,0.14809746370536644
2010-05-06,0.06807905626941665
2010-05-07,0.06806169350883728
2010-05-08,0.013113583267923192
2010-05-09,0.06621233034382684
2010-05-10,0.05464609396709836
2010-05-11,0.01050695548457053
2010-05-12,0.03343381901198093
2010-05-13,0.07514413082975051
2010-05-14,0.021384819253566008
2010-05-15,0.014449268764328945
2010-05-16,0.19304821074174588
2010-05-17,0.24407146550887218
2010-05-18,0.18839481566530936
2010-05-19,0.017645949308207762
2010-05-20,0.0035813652114884496
2010-05-21,0.015156521903591883
2010-05-22,0.17537171113633757
2010-05-23,0.03410052448934056
2010-05-24,0.0015316169059441166
2010-05-25,0.0027080966301923385
2010-05-26,0.006404864241200256
2010-05-27,0.11092294545644411
2010-05-28,0.14393603368874336
2010-05-29,0.012236746864565539
2010-05-30,0.005211770121065827
2010-05-31,0.011736803079514604
2010-06-01,0.016695600556397686
2010-06-02,0.05399374384991704
2010-06-03,0.1253145077434303
2010-06-04,0.06453096946277559
2010-06-05,0.016467660216789526
2010-06-06,0.012622958579626167
2010-06-07,0.0379175197975566
2010-06-08,0.047026504212982725
2010-06-09,0.020924691052955045
2010-06-10,0.013791588186081281
2010-06-11,0.021058310811369208
2010-06-12,0.011689311231263048
2010-06-13,0.027344579036497462
2010-06-14,0.035869441142354
2010-06-15,0.06505920064575736
2010-06-16,0.04357711568858532
2010-06-17,0.023831130047456676
2010-06-18,0.015718741013925192
2010-06-19,0.01680476327420645
2010-06-20,0.014033120982553536
2010-06-21,0.020086846566970653
2010-06-22,0.003918403093545892
2010-06-23,0.07020888324149954
2010-06-24,0.06908858841336078
2010-06-25,0.04352760416394485
2010-06-26,0.022580299550809785
2010-06-27,0.02322300770252196
2010-06-28,0.011474645073381733
2010-06-29,0.034175459740981635
2010-06-30,0.02804857434445288
2010-07-01,0.07929981447878784
2010-07-02,0.021783014971642964
2010-07-03,0.031169142741767367
2010-07-04,0.10744581248812951
2010-07-05,0.13156206197717946
2010-07-06,0.05107396194971324
2010-07-07,0.0351258672202935
2010-07-08,0.0711899242447917
2010-07-09,0.04501222667339214
2010-07-10,0.06247264689066173
2010-07-11,0.08853758211803857
2010-07-12,0.07264899239463259
2010-07-13,0.05131730618488224
2010-07-14,0.049053635970488105
2010-07-15,0.06546563500405954
2010-07-16,0.05983812268945681
2010-07-17,0.0476982220153831
2010-07-18,0.06629528198292703
2010-07-19,0.09554503726330388
2010-07-20,0.11401352878589452
2010-07-21,0.22934628777679752
2010-07-22,0.346635402466052
2010-07-23,0.03941907388117357
2010-07-24,0.03419018687302411
2010-07-25,0.05409385849887445
2010-07-26,0.1588093555817877
2010-07-27,0.22424570182460282
2010-07-28,0.8377656524369944
2010-07-29,1.0941529254903029
2010-07-30,0.11985298533703286
2010-07-31,0.04276228939139893
2010-08-01,0.032474208684702
2010-08-02,0.07375476401575214
2010-08-03,0.25957801208061637
2010-08-04,0.4326598678312094
2010-08-05,0.5034339131098612
2010-08-06,0.3430256995374158
2010-08-07,0.14343937299067314
2010-08-08,0.13049969127639774
2010-08-09,0.06220878426804135
2010-08-10,0.19656030304155678
2010-08-11,0.04521506745301846
2010-08-12,0.16005136660249825
2010-08-13,0.11208487861754886
2010-08-14,0.05362286022609245
2010-08-15,0.06763507004779419
2010-08-16,0.057530773343953366
2010-08-17,0.03333917520527741
2010-08-18,0.02293539825346181
2010-08-19,0.06742751367534662
2010-08-20,0.02924967672324849
2010-08-21,0.03635244725825501
2010-08-22,0.016094832346427827
2010-08-23,0.09638163886715644
2010-08-24,0.14555214778363798
2010-08-25,0.12006392500137285
2010-08-26,0.06264543697461286
2010-08-27,0.021384100077983633
2010-08-28,0.0282072447960956
2010-08-29,0.011627137597252745
2010-08-30,0.009278047777249575
2010-08-31,0.0076442818985963295
2010-09-01,0.026606455111682435
2010-09-02,0.08073186908592773
2010-09-03,0.02395202135998145
2010-09-04,0.015784369550027058
2010-09-05,0.011318190560739825
2010-09-06,0.029741860902257635
2010-09-07,0.02918112088474032
2010-09-08,0.03731105903930692
2010-09-09,0.032197743734196455
2010-09-10,0.06838870901887127
2010-09-11,0.039846583040061445
2010-09-12,0.04688299128913285
2010-09-13,0.06750932675616832
2010-09-14,0.0685851536863409
2010-09-15,0.020685679968770875
2010-09-16,0.02694326352602987
2010-09-17,0.17058576166045858
2010-09-18,0.04476054233096727
2010-09-19,0.03838441656859433
2010-09-20,0.04744121551675422
2010-09-21,0.034475357746075304
2010-09-22,0.049106515042799156
2010-09-23,0.05717322383757332
2010-09-24,0.022681898814720648
2010-09-25,0.0024319481928786603
2010-09-26,0.014346039852125191
2010-09-27,0.011689118763569642
2010-09-28,0.04591998629923978
2010-09-29,0.02209372518532707
2010-09-30,0.018021112067397385
2010-10-01,0.012660215614791744
2010-10-02,0.00554768955107932
2010-10-03,0.005552540561069305
2010-10-04,0.0044834524240725615
2010-10-05,0.004887842946113313
2010-10-06,0.004558644409424145
2010-10-07,0.004919182845227231
2010-10-08,0.00300442009268991
2010-10-09,0.004208236092788278
2010-10-10,0.020052611209002792
2010-10-11,0.003094958115892119
2010-10-12,0.0033423207863112173
2010-10-13,0.002772844913808594
2010-10-14,0.007079575398612461
2010-10-15,0.007788488044852442
2010-10-16,0.007094533930705289
2010-10-17,0.0037072677623615187
2010-10-18,0.006097866074948863
2010-10-19,0.008236601287004302
2010-10-20,0.008223728758053899
2010-10-21,0.05988778349890211
2010-10-22,0.03363786892081827
2010-10-23,0.0014306017773989214
2010-10-24,0.00023022730247337144
2010-10-25,0.00046138774792398474
2010-10-26,0.0004422429052533394
2010-10-27,0.00028112161935882595
2010-10-28,0.002589224477225756
2010-10-29,0.009995556766730439
2010-10-30,0.002919723168597341
2010-10-31,0.0005666523198438295
2010-11-01,0.0002667881652712421
2010-11-02,0.0006146650842848883
2010-11-03,0.000889720757152873
2010-11-04,0.004862444321333639
2010-11-05,0.004543367667534909
2010-11-06,0.0014701423338340628
2010-11-07,0.0006421917920872913
2010-11-08,0.0036167040464692496
2010-11-09,0.001425558796812734
2010-11-10,0.0015775924537820975
2010-11-11,0.0007191895007643926
2010-11-12,0.0013395443000943413
2010-11-13,0.0005425543178988325
2010-11-14,0.0003939180663271279
2010-11-15,0.0005299158105178773
2010-11-16,0.00028705052175728566
2010-11-17,0.0006364846369834134
2010-11-18,0.001105600849180797
2010-11-19,0.00018884253068090543
2010-11-20,0.00035607339176721566
2010-11-21,0.0034219772742948326
2010-11-22,0.002173361128790071
2010-11-23,0.00045451749340815275
2010-11-24,0.0007817578635420052
2010-11-25,0.0035847990693976166
2010-11-26,0.0018483781536454856
2010-11-27,0.0010317854748165404
2010-11-28,0.0002242332141396113
2010-11-29,0.00027850286289364453
2010-11-30,0.0002887931112777109
2010-12-01,0.0020199396259482473
2010-12-02,0.002533424239813175
2010-12-03,0.002274298725258672
2010-12-04,0.001640202937953527
2010-12-05,0.0013611415948123423
2010-12-06,0.0014398700865076272
2010-12-07,0.0010532062148161205
2010-12-08,0.0008344969155289357
2010-12-09,0.0011013395922644998
2010-12-10,0.002078699896833586
2010-12-11,0.0009852951104653317
2010-12-12,0.002153478186552046
2010-12-13,0.002241039704753384
2010-12-14,0.005492180864931213
2010-12-15,0.0013346840495867417
2010-12-16,0.0027175230473399435
2010-12-17,0.004401846002046396
2010-12-18,0.0007873921475465627
2010-12-19,0.0010854227688739154
2010-12-20,0.0009530051612914133
2010-12-21,0.002455430252008033
2010-12-22,0.0012813187960441937
2010-12-23,0.0029235081131144514
2010-12-24,0.0011405429290666695
2010-12-25,0.004876584187566618
2010-12-26,0.00218467897687624
2010-12-27,0.000916370791974431
2010-12-28,0.0038199759278658534
2010-12-29,0.028976622790529656
2010-12-30,0.030248611354029443
2010-12-31,0.004222168601772991
2011-01-01,0.003340341047061554
2011-01-02,0.003951646247190435
2011-01-03,0.003980869810536992
2011-01-04,0.0026458485526021248
2011-01-05,0.0022001969779810657
2011-01-06,0.0035628496803639313
2011-01-07,0.00552760336381138
2011-01-08,0.003463678742843016
2011-01-09,0.0021949733269171637
2011-01-10,0.0019252557582038303
2011-01-11,0.0023221585384923756
2011-01-12,0.002470914382268275
2011-01-13,0.009470692194217019
2011-01-14,0.08206280877489841
2011-01-15,0.00484332051207335
2011-01-16,0.0044924261437580045
2011-01-17,0.0016510654876762537
2011-01-18,0.0008744604203498506
2011-01-19,0.0014239214450650335
2011-01-20,0.0032512366135223456
2011-01-21,0.0013096416155488056
2011-01-22,0.000769548468393124
2011-01-23,0.0003291210369135317
2011-01-24,0.0006294578230107624
2011-01-25,0.0015758432065804049
2011-01-26,0.004238949798212126
2011-01-27,0.002992532557256908
2011-01-28,0.0034639918637856377
2011-01-29,0.01513171971842551
2011-01-30,0.00545804717311873
2011-01-31,0.0025284505553432963
2011-02-01,0.006272972483741815
2011-02-02,0.022718146115773337
2011-02-03,0.08978251332913746
2011-02-04,0.1431526650103273
2011-02-05,0.05060343441784239
2011-02-06,0.3940151521346395
2011-02-07,0.24809056150493897
2011-02-08,0.001522262879602428
2011-02-09,0.0036915870559696756
2011-02-10,0.007750311273261157
2011-02-11,0.01659279133974371
2011-02-12,0.09484438151242548
2011-02-13,0.0990643332481243
2011-02-14,0.1108893893290454
2011-02-15,0.0034827486573185676
2011-02-16,0.0037034043219910575
2011-02-17,0.0025191304079083894
2011-02-18,0.010036316444719936
2011-02-19,0.01964994227946775
2011-02-20,0.005561763203362234
2011-02-21,0.008850052519913106
2011-02-22,0.012399553805820949
2011-02-23,0.018359486641120613
2011-02-24,0.02796380051094166
2011-02-25,0.018528121176442387
2011-02-26,0.0069286986832365555
2011-02-27,0.005083114338511188
2011-02-28,0.020696261812599148
2011-03-01,0.0051382363693657
2011-03-02,0.07246327183812583
2011-03-03,0.045165197757158965
2011-03-04,0.013220038108889198
2011-03-05,0.0077646846789981155
2011-03-06,0.003198470886358862
2011-03-07,0.01585249940519164
2011-03-08,0.0009644882557927706
2011-03-09,0.0013025008507314853
2011-03-10,0.0014606702678332932
2011-03-11,0.0016553082347277165
2011-03-12,0.0004068183465274261
2011-03-13,0.0021729381878072772
2011-03-14,0.0013250959704918807
2011-03-15,0.002584436111143769
2011-03-16,0.0134247323226292
2011-03-17,0.0162731418736289
2011-03-18,0.026321856515735313
2011-03-19,0.16646860978931946
2011-03-20,0.0068385620895798525
2011-03-21,0.0021829856634284633
2011-03-22,0.0007626530632224653
2011-03-23,0.002127444582285199
2011-03-24,0.0024502137929105273
2011-03-25,0.0026315306029112365
2011-03-26,0.01952883332777227
2011-03-27,0.10112014228031106
2011-03-28,0.10530751840330606
2011-03-29,0.0512361660678957
2011-03-30,0.009682083582798474
2011-03-31,0.018166126153499683
2011-04-01,0.010880113126968644
2011-04-02,0.013203739507214145
2011-04-03,0.010631750409619849
2011-04-04,0.020169205064384618
2011-04-05,0.01196650229197011
2011-04-06,0.007127799151461225
2011-04-07,0.0010729911106371816
2011-04-08,0.0015296120226295702
2011-04-09,0.011909521408628684
2011-04-10,0.10601226330627843
2011-04-11,0.04325581964412313
2011-04-12,0.0056766533202759
2011-04-13,0.0014223333423444978
2011-04-14,0.002398345267923126
2011-04-15,0.019537689415702126
2011-04-16,0.08689736142537227
2011-04-17,0.17099070396881094
2011-04-18,0.031189842321667757
2011-04-19,0.013472198508454214
2011-04-20,0.01148277392846601
2011-04-21,0.003978337820362411
2011-04-22,0.0018643062634027625
2011-04-23,0.003404850156218579
2011-04-24,0.006778604720479576
2011-04-25,0.01947774381655765
2011-04-26,0.021602238198016186
2011-04-27,0.0014118572918476494
2011-04-28,0.15902297825856893
2011-04-29,0.06394033042457986
2011-04-30,0.05068510550770389
2011-05-01,0.0025096390000593238
2011-05-02,0.0026403821212905064
2011-05-03,0.006896675131064793
2011-05-04,0.0032934000402853737
2011-05-05,0.02264454796324042
2011-05-06,0.029964993401055042
2011-05-07,0.0025545395736889594
2011-05-08,0.0024995503022372215
2011-05-09,0.01672297050879921
2011-05-10,0.020744955130670435
2011-05-11,0.012079950500026365
2011-05-12,0.01338174864495293
2011-05-13,0.003723405295887274
2011-05-14,0.0031507167977232373
2011-05-15,0.004426706724884394
2011-05-16,0.004424366679370273
2011-05-17,0.010734222235645602
2011-05-18,0.005251687930628578
2011-05-19,0.02080018260291544
2011-05-20,0.01189515926277122
2011-05-21,0.020759101131500275
2011-05-22,0.002867163778663589
2011-05-23,0.0027314801455589153
2011-05-24,0.0077652764669638935
2011-05-25,0.022463984126994702
2011-05-26,0.04669343928231097
2011-05-27,0.010643008671028653
2011-05-28,0.0031888873981297736
2011-05-29,0.018529053345517618
2011-05-30,0.01080495068984444
2011-05-31,0.018609437169403203
2011-06-01,0.08816817029826894
2011-06-02,0.017493854530497448
2011-06-03,0.0039883652656666595
2011-06-04,0.008460039974056989
2011-06-05,0.026216381024252094
2011-06-06,0.005179864602498068
2011-06-07,0.006655751055205475
2011-06-08,0.012230839041473126
2011-06-09,0.024009903608744342
2011-06-10,0.00654005920074111
2011-06-11,0.11535304395728337
2011-06-12,0.03488100841317671
2011-06-13,0.01866084529691748
2011-06-14,0.018206350428226045
2011-06-15,0.013142143773633558
2011-06-16,0.035806176280014944
2011-06-17,0.05329009031829988
2011-06-18,0.027740245380937126
2011-06-19,0.05853129850281773
2011-06-20,0.008736007764729919
2011-06-21,0.021125341128625946
2011-06-22,0.045422358891819205
2011-06-23,0.027051015430247103
2011-06-24,0.0338890287920718
2011-06-25,0.03333613087642123
2011-06-26,0.05982612942645043
2011-06-27,0.05013133083568281
2011-06-28,0.03938255809856176
2011-06-29,0.028825625565966535
2011-06-30,0.034772652890873286
2011-07-01,0.045743346897212496
2011-07-02,0.0993927882752999
2011-07-03,0.0609583320602385
2011-07-04,0.058325800582671554
2011-07-05,0.04032451838488922
2011-07-06,0.03356597420787676
2011-07-07,0.0940722606818443
2011-07-08,0.043770599973828275
2011-07-09,0.08627351290951528
2011-07-10,0.05038895823188563
2011-07-11,0.04123289904826317
2011-07-12,0.015772655515614756
2011-07-13,0.04572458344362086
2011-07-14,0.1363645042570476
2011-07-15,0.16564323497366304
2011-07-16,0.08494879659849781
2011-07-17,0.03352195740104277
2011-07-18,0.027716434699994755
2011-07-19,0.026239102905804845
2011-07-20,0.02750869893899517
2011-07-21,0.033592304015248944
2011-07-22,0.027057182601803724
2011-07-23,0.061985921091451644
2011-07-24,0.05466668926102845
2011-07-25,0.07646083406102312
2011-07-26,0.026964570802033395
2011-07-27,0.031990318359798854
2011-07-28,0.1045029269384722
2011-07-29,0.04261941818242927
2011-07-30,0.01202189077698142
2011-07-31,0.027400377154860173
2011-08-01,0.013283320142885238
2011-08-02,0.006593915140312392
2011-08-03,0.011884664745363769
2011-08-04,0.04231783009840962
2011-08-05,0.048476092824208575
2011-08-06,0.12187497484993172
2011-08-07,0.24458205244683012
2011-08-08,0.017886801958050345
2011-08-09,0.012978207109347677
2011-08-10,0.034237286922578776
2011-08-11,0.10300022534551202
2011-08-12,0.16301944785614594
2011-08-13,0.1023198729665451
2011-08-14,0.041630681102283386
2011-08-15,0.1766753881107301
2011-08-16,0.06122094591425413
2011-08-17,0.01995059630735827
2011-08-18,0.035210782830000696
2011-08-19,0.03178052371405602
2011-08-20,0.020967081391415742
2011-08-21,0.0343583924203074
2011-08-22,0.021539772971462402
2011-08-23,0.004115317979672894
2011-08-24,0.12312898752741104
2011-08-25,0.04179572900456797
2011-08-26,0.0225658460660792
2011-08-27,0.08812835156368157
2011-08-28,0.038002864509480885
2011-08-29,0.01170191383587617
2011-08-30,0.012961145655875021
2011-08-31,0.062369674469084355
2011-09-01,0.13753044837123626
2011-09-02,0.1324300900484517
2011-09-03,0.0411553222794224
2011-09-04,0.032652854603973006
2011-09-05,0.02559421128552551
2011-09-06,0.028124711279030903
2011-09-07,0.012900988176819556
2011-09-08,0.1586975497252668
2011-09-09,0.13297396971281877
2011-09-10,0.02388533192835003
2011-09-11,0.024959938314085214
2011-09-12,0.015547773478792026
2011-09-13,0.028991701406219057
2011-09-14,0.1192328879722031
2011-09-15,0.2135790064786782
2011-09-16,0.1775358630013326
2011-09-17,0.04337113223300703
2011-09-18,0.05241937568759221
2011-09-19,0.06493223569705407
2011-09-20,0.015468402380079651
2011-09-21,0.018070683689733243
2011-09-22,0.014307365202345634
2011-09-23,0.017009116675868578
2011-09-24,0.007796272439645633
2011-09-25,0.023739083973340104
2011-09-26,0.019836676270177458
2011-09-27,0.005249917657274595
2011-09-28,0.009537246134337712
2011-09-29,0.014727865529063643
2011-09-30,0.011439894963888456
2011-10-01,0.00842360763195305
2011-10-02,0.007938944896879255
2011-10-03,0.004412445234954023
2011-10-04,0.023444813709818373
2011-10-05,0.1158905888189782
2011-10-06,0.0466394319396373
2011-10-07,0.0760190668180099
2011-10-08,0.014855338712793013
2011-10-09,0.013934381287803423
2011-10-10,0.009348075120175395
2011-10-11,0.0037902959933230488
2011-10-12,0.005433008856820169
2011-10-13,0.009964832879570507
2011-10-14,0.005564399901898879
2011-10-15,0.00398674175222904
2011-10-16,0.003529018325272425
2011-10-17,0.0030066389892775443
2011-10-18,0.0015315871313317322
2011-10-19,0.005898199012467818
2011-10-20,0.01684549164246973
2011-10-21,0.010743868252000906
2011-10-22,0.06972613190557836
2011-10-23,0.04550807252432196
2011-10-24,0.0013701553208089452
2011-10-25,0.0013737641899203717
2011-10-26,0.0009758415079560868
2011-10-27,0.001978775492242156
2011-10-28,0.001954263273486338
2011-10-29,0.0034851420789210226
2011-10-30,0.00479365907974969
2011-10-31,0.00802562924935534
2011-11-01,0.02894243818341952
2011-11-02,0.014522730471374349
2011-11-03,0.05783986209201575
2011-11-04,0.005925848384269544
2011-11-05,0.0033601331637749627
2011-11-06,0.0014609956712174877
2011-11-07,0.0034031804412164466
2011-11-08,0.04703628465261925
2011-11-09,0.023690740655805894
2011-11-10,0.03268962809570881
2011-11-11,0.005338508302576152
2011-11-12,0.0011854313557262885
2011-11-13,0.0018036277897288792
2011-11-14,0.0028819365012516134
2011-11-15,0.005466470076769903
2011-11-16,0.0012689507869256941
2011-11-17,0.004696883678261087
2011-11-18,0.003842211756392043
2011-11-19,0.007298747693246876
2011-11-20,0.0023187616491416045
2011-11-21,0.0035617825715547028
2011-11-22,0.005574796415259166
2011-11-23,0.0037824448733268486
2011-11-24,0.003211122708285278
2011-11-25,0.0017199815690068251
2011-11-26,0.0017078106603333001
2011-11-27,0.001930860767001474
2011-11-28,0.002406216409187809
2011-11-29,0.0009692345610200373
2011-11-30,0.0024102092358321264
2011-12-01,0.009295061478735074
2011-12-02,0.009393875632591581
2011-12-03,0.005484148514579021
2011-12-04,0.001871233006016636
2011-12-05,0.003531263396725121
2011-12-06,0.0034962735998521617
2011-12-07,0.0027063288991615174
2011-12-08,0.011049665331675812
2011-12-09,0.0024995343944079636
2011-12-10,0.0014210260249770581
2011-12-11,0.0017178109192672053
2011-12-12,0.0009603070768743191
2011-12-13,0.001021364863778619
2011-12-14,0.001557081779038713
2011-12-15,0.0011885161610893106
2011-12-16,0.0010937758871769495
2011-12-17,0.0014828871012124811
2011-12-18,0.002571418307226375
2011-12-19,0.006794941444606233
2011-12-20,0.01576093125010428
2011-12-21,0.0037122722581798165
2011-12-22,0.0006755113888221912
2011-12-23,0.0011892424537450154
2011-12-24,0.0023324462291876642
2011-12-25,0.0008034742440998498
2011-12-26,0.0016593641908086792
2011-12-27,0.0007034759400018618
2011-12-28,0.0006687648350468077
2011-12-29,0.0006871438675173055
2011-12-30,0.0005217002520920706
2011-12-31,0.0005186077396345469
2012-01-01,0.0028016865537907223
2012-01-02,0.002275691270381857
2012-01-03,0.006087269929132753
2012-01-04,0.015673266903297945
2012-01-05,0.013842077663937318
2012-01-06,0.031054978175367367
2012-01-07,0.0037401182554960316
2012-01-08,0.0008625476881578198
2012-01-09,0.0015977222837025285
2012-01-10,0.0009806576159081329
2012-01-11,0.001944079275285583
2012-01-12,0.0009060107424500381
2012-01-13,0.002211258157008038
2012-01-14,0.024983735142303554
2012-01-15,0.0934962856463422
2012-01-16,0.005931246541903803
2012-01-17,0.0065481757131943315
2012-01-18,0.006763199133449927
2012-01-19,0.0024785576511439566
2012-01-20,0.0013103088690400637
2012-01-21,0.0025853410158085607
2012-01-22,0.009063510952387223
2012-01-23,0.007681018929455779
2012-01-24,0.006097500136312506
2012-01-25,0.005206947362888091
2012-01-26,0.0041759548951608655
2012-01-27,0.002346113855688741
2012-01-28,0.0026802337508384324
2012-01-29,0.0010938549446621443
2012-01-30,0.004369830127647115
2012-01-31,0.003502561756030909
2012-02-01,0.006944293221672347
2012-02-02,0.012966807720881943
2012-02-03,0.056974095593920304
2012-02-04,0.10652894129840634
2012-02-05,0.003789597920516939
2012-02-06,0.00027440329388584404
2012-02-07,0.001486766464050124
2012-02-08,0.00047233037906707984
2012-02-09,0.0008817520762798939
2012-02-10,0.0006716771886035594
2012-02-11,0.00578490930381721
2012-02-12,0.025446254146047564
2012-02-13,0.012550770818878738
2012-02-14,0.002539339800581934
2012-02-15,0.001010609589137838
2012-02-16,0.004176525644493987
2012-02-17,0.006769681856586304
2012-02-18,0.01902629227913805
2012-02-19,0.01873761775136429
2012-02-20,0.0294687472643613
2012-02-21,0.01722178825363015
2012-02-22,0.008883333551318552
2012-02-23,0.0016817365466450323
2012-02-24,0.0015775370273066224
2012-02-25,0.0034183463547334744
2012-02-26,0.014819637538817381
2012-02-27,0.0074969786328041455
2012-02-28,0.002316781905941511
2012-02-29,0.0010359168680252582
2012-03-01,0.001006037128466439
2012-03-02,0.0020847889337600356
2012-03-03,0.006201472804365302
2012-03-04,0.04998632300189173
2012-03-05,0.003831738265760991
2012-03-06,0.00776461850009399
2012-03-07,0.014773641945428023
2012-03-08,0.00643455748452592
2012-03-09,0.014946657437111462
2012-03-10,0.0070510863170110665
2012-03-11,0.01006907091776528
2012-03-12,0.024634811200034624
2012-03-13,0.0026294733891483973
2012-03-14,0.0029522153648608366
2012-03-15,0.004064119311854286
2012-03-16,0.008532478199754199
2012-03-17,0.01625811919989113
2012-03-18,0.036555396879020735
2012-03-19,0.27846257290010207
2012-03-20,0.04415823802277949
2012-03-21,0.0011378902904816304
2012-03-22,0.000769870301183051
2012-03-23,0.004627418885245715
2012-03-24,0.008377143624546588
2012-03-25,0.0691878912662635
2012-03-26,0.03164863643555461
2012-03-27,0.01742485222417622
2012-03-28,0.0051618628554217835
2012-03-29,0.0038543118418353796
2012-03-30,0.0023949976570265944
2012-03-31,0.013341504915528034
2012-04-01,0.04373544077755396
2012-04-02,0.017770974646306482
2012-04-03,0.008410421148808425
2012-04-04,0.0029045413589389893
2012-04-05,0.006458726346935109
2012-04-06,0.00400227567308775
2012-04-07,0.0021402155205403326
2012-04-08,0.044848653997637884
2012-04-09,0.036652388326385905
2012-04-10,0.07192443553115165
2012-04-11,0.07827932021114674
2012-04-12,0.028159983527035783
2012-04-13,0.019442174591479826
2012-04-14,0.003770991017804127
2012-04-15,0.010441583100282497
2012-04-16,0.003368721874938754
2012-04-17,0.0014952633036860587
2012-04-18,0.0025497506764141317
2012-04-19,0.03331563462724426
2012-04-20,0.15975647698497256
2012-04-21,0.037209125771351645
2012-04-22,0.029939961396244476
2012-04-23,0.034867618389240386
2012-04-24,0.023653136830189103
2012-04-25,0.04013464014048989
2012-04-26,0.06083973415251405
2012-04-27,0.030238121783036018
2012-04-28,0.05848887022708437
2012-04-29,0.07492923475103401
2012-04-30,0.02329844405688595
2012-05-01,0.006158390093350622
2012-05-02,0.0019018655648657434
2012-05-03,0.0012807808748127294
2012-05-04,0.0011399860143915784
2012-05-05,0.0059385022816134045
2012-05-06,0.007474758736151044
2012-05-07,0.01887235272067419
2012-05-08,0.004588248389252661
2012-05-09,0.007481262506701261
2012-05-10,0.03624552682401249
2012-05-11,0.03242094430329712
2012-05-12,0.025192088910248874
2012-05-13,0.003652921145193372
2012-05-14,0.005085060176860613
2012-05-15,0.016096310078903515
2012-05-16,0.01781702105515841
2012-05-17,0.050574173624331975
2012-05-18,0.010336781481103601
2012-05-19,0.006367101671093823
2012-05-20,0.022654120078627916
2012-05-21,0.03806336787610096
2012-05-22,0.010441210441538382
2012-05-23,0.002807400990746424
2012-05-24,0.006835571669043068
2012-05-25,0.05775752261191483
2012-05-26,0.024524086228730282
2012-05-27,0.01169365873291103
2012-05-28,0.003709604233499681
2012-05-29,0.0059755339119106484
2012-05-30,0.01751691161428774
2012-05-31,0.05811132889245643
2012-06-01,0.014478441770418406
2012-06-02,0.002877979105722434
2012-06-03,0.0040739706747021515
2012-06-04,0.0011634660182182903
2012-06-05,0.017326414749107646
2012-06-06,0.021690231880504052
2012-06-07,0.021310550176019443
2012-06-08,0.022222091929029863
2012-06-09,0.011217378197892978
2012-06-10,0.005924900340447113
2012-06-11,0.015168450525663945
2012-06-12,0.01468458568319094
2012-06-13,0.014166910146142726
2012-06-14,0.007411803850371974
2012-06-15,0.004342562607959121
2012-06-16,0.0050847481040508374
2012-06-17,0.005733137761770791
2012-06-18,0.022777875553646323
2012-06-19,0.014205053489397688
2012-06-20,0.026379017425737863
2012-06-21,0.017456132521018273
2012-06-22,0.022636022831016213
2012-06-23,0.014931028055253188
2012-06-24,0.02064342313533212
2012-06-25,0.029803581683660697
2012-06-26,0.01265089075512395
2012-06-27,0.013023730999933257
2012-06-28,0.013142975211574084
2012-06-29,0.010320578249069309
2012-06-30,0.020958437703028323
2012-07-01,0.02675337626275573
2012-07-02,0.049184980377659844
2012-07-03,0.03429489141650153
2012-07-04,0.047431938856728764
2012-07-05,0.05596645432146668
2012-07-06,0.0762643387419797
2012-07-07,0.05531574714200645
2012-07-08,0.029515772024365
2012-07-09,0.04557862257568851
2012-07-10,0.051039252415294764
2012-07-11,0.062272125058285555
2012-07-12,0.058049433521890195
2012-07-13,0.03918524389117165
2012-07-14,0.07977742682307072
2012-07-15,0.04431701098268341
2012-07-16,0.041595808734880786
2012-07-17,0.030820453840058364
2012-07-18,0.05482429313880258
2012-07-19,0.0444775158808167
2012-07-20,0.0392940326270644
2012-07-21,0.020095210936892142
2012-07-22,0.013488931852084492
2012-07-23,0.01796557157175283
2012-07-24,0.04140135507372021
2012-07-25,0.04830776820857709
2012-07-26,0.050654147420432866
2012-07-27,0.01803207879156181
2012-07-28,0.02052169512378526
2012-07-29,0.024427987306951063
2012-07-30,0.044675612893968174
2012-07-31,0.011146029652366038
2012-08-01,0.03495688953635812
2012-08-02,0.030562342617279904
2012-08-03,0.16480132745807463
2012-08-04,0.12655513288029327
2012-08-05,0.05092890274788133
2012-08-06,0.02360078877407891
2012-08-07,0.04748428370708919
2012-08-08,0.021356639641897473
2012-08-09,0.07871308203023747
2012-08-10,0.044582387821415236
2012-08-11,0.03477253116210212
2012-08-12,0.03775905123615514
2012-08-13,0.036915637573258483
2012-08-14,0.0431116797739286
2012-08-15,0.055048399365830655
2012-08-16,0.08819182732097822
2012-08-17,0.031522585466657385
2012-08-18,0.019768900166889026
2012-08-19,0.020905901417371305
2012-08-20,0.029027859552764042
2012-08-21,0.06501331720067417
2012-08-22,0.11189240469538422
2012-08-23,0.04325965488733391
2012-08-24,0.08463574900454536
2012-08-25,0.16442650670265108
2012-08-26,0.06637331507075782
2012-08-27,0.1465746886280925
2012-08-28,0.02131689124217412
2012-08-29,0.03845500805387037
2012-08-30,0.04382149271642872
2012-08-31,0.022598010339422037
2012-09-01,0.022611286082030498
2012-09-02,0.09240356992769888
2012-09-03,0.0592593478341908
2012-09-04,0.05524519776785418
2012-09-05,0.11749129082893423
2012-09-06,0.13165542827980956
2012-09-07,0.39799218175116324
2012-09-08,0.23439677979349777
2012-09-09,0.1874093442418769
2012-09-10,0.132491400858933
2012-09-11,0.050547384654719085
2012-09-12,0.040577801854876944
2012-09-13,0.0886188321503666
2012-09-14,0.05083851877405714
2012-09-15,0.02285264201329279
2012-09-16,0.11621547727149652
2012-09-17,0.3960088959855448
2012-09-18,0.0720638971375271
2012-09-19,0.024221193854887347
2012-09-20,0.030315755975449544
2012-09-21,0.012341717354871036
2012-09-22,0.1097603006040507
2012-09-23,0.01637391829065874
2012-09-24,0.01151225825594035
2012-09-25,0.06311293166088301
2012-09-26,0.04038919441052865
2012-09-27,0.022786285182635767
2012-09-28,0.008627788760850403
2012-09-29,0.011385392840235667
2012-09-30,0.009320386756671985
2012-10-01,0.003658742603858514
2012-10-02,0.005508765951720081
2012-10-03,0.003935197102009603
2012-10-04,0.00435637960775463
2012-10-05,0.0018326948656109902
2012-10-06,0.009544916101711352
2012-10-07,0.002695863109168198
2012-10-08,0.0018962692679905127
2012-10-09,0.0034357968320138025
2012-10-10,0.00589493761612271
2012-10-11,0.0012745727519797869
2012-10-12,0.011115075788511064
2012-10-13,0.007167415143258681
2012-10-14,0.007328128863617279
2012-10-15,0.02196750706649031
2012-10-16,0.007548505305097319
2012-10-17,0.0019322112053474353
2012-10-18,0.002610597483418218
2012-10-19,0.010140862860908798
2012-10-20,0.009775077210260672
2012-10-21,0.01002765581490977
2012-10-22,0.000570569160375778
2012-10-23,0.0011883190605296446
2012-10-24,0.0004268496264673191
2012-10-25,0.0004236477825329178
2012-10-26,0.0002882218277312726
2012-10-27,0.0006931133179298095
2012-10-28,0.0008144692289110026
2012-10-29,0.00029856237291198655
2012-10-30,0.00043096048849039167
2012-10-31,0.0010249660344878078
2012-11-01,0.0013908491944428795
2012-11-02,0.003066979736643377
2012-11-03,0.0015575965937905925
2012-11-04,0.0027942569062906356
2012-11-05,0.0035039415131118954
2012-11-06,0.0004731187721484768
2012-11-07,0.00034229848697226557
2012-11-08,0.0004322996343521961
2012-11-09,0.0009756644229023027
2012-11-10,0.0011154994535875267
2012-11-11,0.001749647126553523
2012-11-12,0.005294521198527362
2012-11-13,0.0006917464534127637
2012-11-14,0.0014354343207187217
2012-11-15,0.0023511352584251986
2012-11-16,0.006580911716601174
2012-11-17,0.01669350154374793
2012-11-18,0.004876707361258347
2012-11-19,0.0008687799448279395
2012-11-20,0.001245894753957915
2012-11-21,0.004959265932070454
2012-11-22,0.0014525922505925126
2012-11-23,0.001951092733060557
2012-11-24,0.0053756328451130785
2012-11-25,0.0007156812302152718
2012-11-26,0.0007542039485599844
2012-11-27,0.002269028900392034
2012-11-28,0.015710341624934638
2012-11-29,0.002423814746706671
2012-11-30,0.0003506167076433875
2012-12-01,0.003482116322681389
2012-12-02,0.0009415605320738804
2012-12-03,0.0004432530410855145
2012-12-04,0.0004153778087113521
2012-12-05,0.0051027683856082655
2012-12-06,0.0025869414246320944
2012-12-07,0.006111315585891288
2012-12-08,0.008468005599999294
2012-12-09,0.0016885262088411944
2012-12-10,0.008038076776513317
2012-12-11,0.007243898070582756
2012-12-12,0.012623378523960152
2012-12-13,0.03371026660674937
2012-12-14,0.013696711369278176
2012-12-15,0.008385945375199277
2012-12-16,0.0035085343343071868
2012-12-17,0.011378973252375732
2012-12-18,0.009758016315737318
2012-12-19,0.0007994388403798588
2012-12-20,0.0015449616786676462
2012-12-21,0.0009654557971115037
2012-12-22,0.0008389896531124154
2012-12-23,0.002760697113800925
2012-12-24,0.002345335737057172
2012-12-25,0.0004896392195992221
2012-12-26,0.00472632388376256
2012-12-27,0.042592243696777034
2012-12-28,0.07787322746107213
2012-12-29,0.007952376896922214
2012-12-30,0.0025518407765302044
2012-12-31,0.001149627975330426
2013-01-01,0.004669531979962164
2013-01-02,0.0009231471176171732
2013-01-03,0.0007124388370126081
2013-01-04,0.0012342073645672596
2013-01-05,0.0009768850093626329
2013-01-06,0.0013500619304657945
2013-01-07,0.0009187621532417934
2013-01-08,0.002357647254816405
2013-01-09,0.001348852641074368
2013-01-10,0.001012040612220616
2013-01-11,0.012450655539257546
2013-01-12,0.018108215310987434
2013-01-13,0.0016436737155322485
2013-01-14,0.0015178594523826195
2013-01-15,0.0018676082021391721
2013-01-16,0.003650261299586154
2013-01-17,0.014452423836896747
2013-01-18,0.005406121167202533
2013-01-19,0.0017122674887594012
2013-01-20,0.000313010705513522
2013-01-21,0.0012103238917194553
2013-01-22,0.005936377859845855
2013-01-23,0.002892989465085595
2013-01-24,0.0016994293049171086
2013-01-25,0.0009396696153706999
2013-01-26,0.0012749223051163204
2013-01-27,0.004682943003372129
2013-01-28,0.003349276255768602
2013-01-29,0.0017263970658423146
2013-01-30,0.008016940476054033
2013-01-31,0.007416046117373005
2013-02-01,0.010588183732957739
2013-02-02,0.00263114101544453
2013-02-03,0.17588824791629373
2013-02-04,0.39577278509344793
2013-02-05,0.22860378580237464
2013-02-06,0.0004557426936412843
2013-02-07,0.0024423569827318873
2013-02-08,0.0006833692045363588
2013-02-09,0.00016301990476262228
2013-02-10,0.000387216678746011
2013-02-11,0.002411071011180855
2013-02-12,0.0010771491989815642
2013-02-13,0.0019115814514686449
2013-02-14,0.012431089718829908
2013-02-15,0.02684906481589432
2013-02-16,0.005507048028046996
2013-02-17,0.001004666309589036
2013-02-18,0.0007546833576958327
2013-02-19,0.002878356365282038
2013-02-20,0.0008252111655705489
2013-02-21,0.031465833779771316
2013-02-22,0.026623217279254673
2013-02-23,0.0038144083724762578
2013-02-24,0.002416703269731806
2013-02-25,0.008429431021300162
2013-02-26,0.047842603638551945
2013-02-27,0.13730789687773248
2013-02-28,0.005209008171776796
2013-03-01,0.0006595770038055571
2013-03-02,0.00012937643090544913
2013-03-03,0.0010575716567835
2013-03-04,0.00037338890250778557
2013-03-05,0.0002776251523012201
2013-03-06,0.0006558917640396239
2013-03-07,0.0009737334680193514
2013-03-08,0.022076295194684497
2013-03-09,0.07214625482463183
2013-03-10,0.001524264167546274
2013-03-11,0.0031860782298259744
2013-03-12,0.02377752921496197
2013-03-13,0.0935004845983552
2013-03-14,0.04265445628983272
2013-03-15,0.0021546782235415955
2013-03-16,0.05765160234649299
2013-03-17,0.010760750128281272
2013-03-18,0.0063082376507396214
2013-03-19,0.0064584615263869405
2013-03-20,0.029128762795390954
2013-03-21,0.004789181742913427
2013-03-22,0.022812596512348415
2013-03-23,0.0907742880988282
2013-03-24,0.0692205486755977
2013-03-25,0.0018611921977879017
2013-03-26,0.0024539191542038365
2013-03-27,0.003535231591749854
2013-03-28,0.025368320082428102
2013-03-29,0.00735014247395206
2013-03-30,0.003582130001957665
2013-03-31,0.005070945989279544
2013-04-01,0.03163680173751185
2013-04-02,0.02525449766682791
2013-04-03,0.006969289435135533
2013-04-04,0.0035229477618028407
2013-04-05,0.0006250025468242073
2013-04-06,0.0014218842273486364
2013-04-07,0.007343664348849507
2013-04-08,0.023127231111375244
2013-04-09,0.023650739672036483
2013-04-10,0.01266690611306069
2013-04-11,0.004549924832010582
2013-04-12,0.003729082697380248
2013-04-13,0.005458955191982973
2013-04-14,0.010914067426622636
2013-04-15,0.10372658925736811
2013-04-16,0.07238732153949944
2013-04-17,0.0034034571124080403
2013-04-18,0.0017216158532073476
2013-04-19,0.03129664100714996
2013-04-20,0.04959163513527664
2013-04-21,0.059262884559723665
2013-04-22,0.0050204920670893
2013-04-23,0.0210792320563081
2013-04-24,0.039149382490418216
2013-04-25,0.01963591998913836
2013-04-26,0.08881714840733908
2013-04-27,0.02792793149679403
2013-04-28,0.018913360758078153
2013-04-29,0.07989903643436133
2013-04-30,0.05100032158725398
2013-05-01,0.00683869754270083
2013-05-02,0.002070129134958417
2013-05-03,0.002592093220279281
2013-05-04,0.024584227880108375
2013-05-05,0.02913748747391936
2013-05-06,0.008425722044491333
2013-05-07,0.017722875155687115
2013-05-08,0.016411485780658087
2013-05-09,0.002670841215300725
2013-05-10,0.01088023356773592
2013-05-11,0.04953654884823677
2013-05-12,0.03554280957598856
2013-05-13,0.018628873078584796
2013-05-14,0.012379609713779167
2013-05-15,0.0028547500747751605
2013-05-16,0.002131416355071956
2013-05-17,0.002688202921934519
2013-05-18,0.012676704177471758
2013-05-19,0.034561381535185426
2013-05-20,0.03167678463802013
2013-05-21,0.01598520796196367
2013-05-22,0.011205870426901082
2013-05-23,0.005266993452718427
2013-05-24,0.03188484495725381
2013-05-25,0.11930937870978776
2013-05-26,0.29520277509393816
2013-05-27,0.015235533693802652
2013-05-28,0.021723134674536158
2013-05-29,0.005758941895360813
2013-05-30,0.011174493087555826
2013-05-31,0.022504402343072626
2013-06-01,0.011691529209081368
2013-06-02,0.09368029282705817
2013-06-03,0.05008287974038521
2013-06-04,0.03321994314638807
2013-06-05,0.05801632110638667
2013-06-06,0.059396607634907846
2013-06-07,0.05927319851845851
2013-06-08,0.05249836228300111
2013-06-09,0.042329022653502406
2013-06-10,0.041954432643959275
2013-06-11,0.08868816033990712
2013-06-12,0.04450350435555284
2013-06-13,0.13448125580357376
2013-06-14,0.09071220215525425
2013-06-15,0.166420783836247
2013-06-16,0.07002957854228763
2013-06-17,0.08124560733950924
2013-06-18,0.035091911147018824
2013-06-19,0.02205075021171578
2013-06-20,0.044088730093046286
2013-06-21,0.04501568107174246
2013-06-22,0.04093149976834744
2013-06-23,0.03076222678910865
2013-06-24,0.02965406210640911
2013-06-25,0.06603364189251663
2013-06-26,0.13032347713847853
2013-06-27,0.05340145914956841
2013-06-28,0.09146191835975187
2013-06-29,0.06301884083029717
2013-06-30,0.07627454049882511
2013-07-01,0.039701108728103146
2013-07-02,0.05528724517896863
2013-07-03,0.06411642204663662
2013-07-04,0.04682864076404191
2013-07-05,0.03325432578951139
2013-07-06,0.0975446840378314
2013-07-07,0.0796256121611575
2013-07-08,0.04417065681013136
2013-07-09,0.0672749673699154
2013-07-10,0.0681458662126387
2013-07-11,0.03419101121725472
2013-07-12,0.0400626704272504
2013-07-13,0.04959881572319412
2013-07-14,0.06692636383486884
2013-07-15,0.07846751064936094
2013-07-16,0.05575547914049947
2013-07-17,0.0783990960147269
2013-07-18,0.05829687214101689
2013-07-19,0.11321245312997492
2013-07-20,0.16217126929308076
2013-07-21,0.10534717879397543
2013-07-22,0.06668586941324145
2013-07-23,0.05770802456537181
2013-07-24,0.03965620994005767
2013-07-25,0.03571461782990218
2013-07-26,0.043680688014623444
2013-07-27,0.03994284314688073
2013-07-28,0.025820845541474978
2013-07-29,0.04706478637383725
2013-07-30,0.13177630806418153
2013-07-31,0.0742264754665081
2013-08-01,0.2883548074631287
2013-08-02,0.33960725030062977
2013-08-03,0.08173367653512477
2013-08-04,0.05475656348021509
2013-08-05,0.031027278124309863
2013-08-06,0.05257978044978896
2013-08-07,0.13360188530342992
2013-08-08,0.03452526507904105
2013-08-09,0.08278993675104626
2013-08-10,0.19700839946403031
2013-08-11,0.17940948734591808
2013-08-12,0.2124545435235196
2013-08-13,0.5538720769215209
2013-08-14,0.32261174458750824
2013-08-15,0.10665181722556458
2013-08-16,0.06176163685321245
2013-08-17,0.0422586149495398
2013-08-18,0.0486259578131298
2013-08-19,0.0681964274415054
2013-08-20,0.020636829073066614
2013-08-21,0.02600046447134968
2013-08-22,0.024841703132954494
2013-08-23,0.018100336436700584
2013-08-24,0.030239420390260167
2013-08-25,0.019471578354401466
2013-08-26,0.025184880408381394
2013-08-27,0.10806549932833223
2013-08-28,0.07526882893837387
2013-08-29,0.09507439416282279
2013-08-30,0.02361511447731774
2013-08-31,0.062236917630979875
2013-09-01,0.02757470023271445
2013-09-02,0.03975317689133343
2013-09-03,0.024761419913939823
2013-09-04,0.02669995634221972
2013-09-05,0.01933928133542264
2013-09-06,0.01689612211687335
2013-09-07,0.02009948087800687
2013-09-08,0.043556454260989606
2013-09-09,0.04958891914862408
2013-09-10,0.03247536477032652
2013-09-11,0.019204213673694046
2013-09-12,0.11164447176650585
2013-09-13,0.08042906151123051
2013-09-14,0.07731306615687547
2013-09-15,0.1137459840390225
2013-09-16,0.023297524771486906
2013-09-17,0.015365218124386919
2013-09-18,0.012434132453866759
2013-09-19,0.010952769283921781
2013-09-20,0.018667340852477888
2013-09-21,0.011146282687569124
2013-09-22,0.0115891743980925
2013-09-23,0.053272994300519225
2013-09-24,0.016478318493735433
2013-09-25,0.0279008384634765
2013-09-26,0.019680518889293754
2013-09-27,0.02608875890739434
2013-09-28,0.11223268930752416
2013-09-29,0.02152235576723546
2013-09-30,0.029880416802534452
2013-10-01,0.014792749796819119
2013-10-02,0.012278947233479401
2013-10-03,0.005652407489668643
2013-10-04,0.0076478009218983465
2013-10-05,0.00674003632887218
2013-10-06,0.006092773830238783
2013-10-07,0.01089989115939973
2013-10-08,0.0086939957231536
2013-10-09,0.010453303291649512
2013-10-10,0.02522170517216057
2013-10-11,0.021889146345367875
2013-10-12,0.02940060839885043
2013-10-13,0.025514142629661167
2013-10-14,0.009541380601764448
2013-10-15,0.009263056894243239
2013-10-16,0.013772444893908919
2013-10-17,0.030361623845694068
2013-10-18,0.003952495170867659
2013-10-19,0.0016095267090691502
2013-10-20,0.0019013568956234362
2013-10-21,0.003629592004463776
2013-10-22,0.0021893852172895855
2013-10-23,0.003886129543278084
2013-10-24,0.002038022933437721
2013-10-25,0.001545942553825176
2013-10-26,0.01151270691245379
2013-10-27,0.003796138167725492
2013-10-28,0.0017968309284737457
2013-10-29,0.016181290845622733
2013-10-30,0.03851546126823004
2013-10-31,0.0033088133501145206
2013-11-01,0.002111946198815456
2013-11-02,0.0008042575151590556
2013-11-03,0.00027803269888482707
2013-11-04,0.004463662910881861
2013-11-05,0.037050868950061856
2013-11-06,0.04223884637093839
2013-11-07,0.0174184408524782
2013-11-08,0.0014714799436845074
2013-11-09,0.0015141771832609195
2013-11-10,0.00043255012072729814
2013-11-11,0.0006973956198934842
2013-11-12,0.0036221350700692367
2013-11-13,0.005269447431909062
2013-11-14,0.0003900787299149252
2013-11-15,0.00021257558862951503
2013-11-16,0.00028375115836536715
2013-11-17,0.0002600560799784701
2013-11-18,0.0007453934967609829
2013-11-19,0.0004767805154617562
2013-11-20,0.0009120479336843029
2013-11-21,0.0006660352132839594
2013-11-22,0.0014383723276901411
2013-11-23,0.004698318818792662
2013-11-24,0.002097414097671246
2013-11-25,0.0008062434047739895
2013-11-26,0.00036048298187205265
2013-11-27,0.0008396235645538456
2013-11-28,0.0005648132375479523
2013-11-29,0.0007722847621698823
2013-11-30,0.0003034621539613196
2013-12-01,0.0006610965412388809
2013-12-02,0.003956380713937466
2013-12-03,0.002258144281028151
2013-12-04,0.0018420068047951164
2013-12-05,0.006441426221377408
2013-12-06,0.00751987710691619
2013-12-07,0.008587795994405652
2013-12-08,0.005754622654905958
2013-12-09,0.0013692185798406726
2013-12-10,0.001895323282791623
2013-12-11,0.011275129397141995
2013-12-12,0.0006139079922752713
2013-12-13,0.0008358550623963893
2013-12-14,0.002674748311373812
2013-12-15,0.0008997061173243492
2013-12-16,0.0037290539312051273
2013-12-17,0.00573236987839464
2013-12-18,0.0018147731636335492
2013-12-19,0.0014575330882868546
2013-12-20,0.0010662229931591024
2013-12-21,0.0030468037097067914
2013-12-22,0.002030980212827792
2013-12-23,0.000607096763387306
2013-12-24,0.000915844679301548
2013-12-25,0.00060570629002062
2013-12-26,0.0005986158289871153
2013-12-27,0.0007845398512393547
2013-12-28,0.0005340810795042662
2013-12-29,0.0009030475691093685
2013-12-30,0.0010486369933336366
2013-12-31,0.0009718086646440491
2014-01-01,0.001359536479663889
2014-01-02,0.0001475881319369293
2014-01-03,0.0007385139864301068
2014-01-04,0.0008186062752304573
2014-01-05,0.0012724354487659302
2014-01-06,0.0008349696529050662
2014-01-07,0.0020927843127032187
2014-01-08,0.017476958444841772
2014-01-09,0.00268773530625081
2014-01-10,0.0010100644646642734
2014-01-11,0.0008815862852099665
2014-01-12,0.0012946815410584862
2014-01-13,0.0031137837000243746
2014-01-14,0.0007524742072931645
2014-01-15,0.0007579981265915539
2014-01-16,0.002500627714843328
2014-01-17,0.0013494013244546277
2014-01-18,0.0006001181978947704
2014-01-19,0.0004629183469553345
2014-01-20,0.00029453620536339196
2014-01-21,0.007137143422416217
2014-01-22,0.024553749319526495
2014-01-23,0.0021758325555187603
2014-01-24,0.0006597706339508308
2014-01-25,0.0014947803063444347
2014-01-26,0.00048364359219730597
2014-01-27,0.0002669037531937414
2014-01-28,0.0002848213472601202
2014-01-29,0.0004667802758370691
2014-01-30,0.0019500733634822444
2014-01-31,0.003970350681674713
2014-02-01,0.0101475157727933
2014-02-02,0.06521527289987883
2014-02-03,0.100532971027127
2014-02-04,0.007979491424416585
2014-02-05,0.00679258597060424
2014-02-06,0.06982215508024939
2014-02-07,0.00273698717008358
2014-02-08,0.00075909551069035
2014-02-09,0.00029649744864251724
2014-02-10,0.0019557194587471716
2014-02-11,0.0002554760784759702
2014-02-12,0.0002144957724584817
2014-02-13,0.0005387673401093215
2014-02-14,0.0005008128162073605
2014-02-15,0.0023032826625018292
2014-02-16,0.0008187340832164074
2014-02-17,0.0002964389361470054
2014-02-18,0.0024382702825303014
2014-02-19,0.004583492327434611
2014-02-20,0.0018799987896205024
2014-02-21,0.008766246638476029
2014-02-22,0.0034486904724788095
2014-02-23,0.002341253084917027
2014-02-24,0.001416458348392194
2014-02-25,0.0015133364168389554
2014-02-26,0.006725265661101805
2014-02-27,0.0030922541795265577
2014-02-28,0.004235601637995406
2014-03-01,0.00556770002659991
2014-03-02,0.005803147659790605
2014-03-03,0.01619128027007502
2014-03-04,0.007933046743493427
2014-03-05,0.0019511666644086215
2014-03-06,0.0005750798778155924
2014-03-07,0.002409692356576866
2014-03-08,0.005303863412077178
2014-03-09,0.1128741469857742
2014-03-10,0.16902352047163066
2014-03-11,0.10919887281306649
2014-03-12,0.0045097472692546044
2014-03-13,0.0010979273082320998
2014-03-14,0.03309685035627974
2014-03-15,0.133915321458599
2014-03-16,0.037330749495878196
2014-03-17,0.31783375250388185
2014-03-18,0.039323647792046675
2014-03-19,0.0022364047871421583
2014-03-20,0.008147814606555006
2014-03-21,0.02041362091744942
2014-03-22,0.015041313638804468
2014-03-23,0.065460949752077
2014-03-24,0.11293407185014703
2014-03-25,0.02446153224668793
2014-03-26,0.008419356348635679
2014-03-27,0.02513888281843505
2014-03-28,0.0758159592780825
2014-03-29,0.029191686840373595
2014-03-30,0.0025108198813472773
2014-03-31,0.0011477729927208138
2014-04-01,0.006700777034676731
2014-04-02,0.03761397471450291
2014-04-03,0.006278228727185197
2014-04-04,0.009763190638484427
2014-04-05,0.02862391454670273
2014-04-06,0.10740686853785762
2014-04-07,0.020364611194487688
2014-04-08,0.007683676685570835
2014-04-09,0.0005302566343612348
2014-04-10,0.0018649920062351762
2014-04-11,0.004580187833663634
2014-04-12,0.03406070217420284
2014-04-13,0.009932995099438796
2014-04-14,0.0022692501088587584
2014-04-15,0.007333067173033102
2014-04-16,0.03379737750914505
2014-04-17,0.028065572190558045
2014-04-18,0.04012745169885654
2014-04-19,0.031264987052460995
2014-04-20,0.0015262818712865399
2014-04-21,0.010006368554317503
2014-04-22,0.006499239041645981
2014-04-23,0.008403831685679184
2014-04-24,0.007895807307684275
2014-04-25,0.02533681452746783
2014-04-26,0.040749059803337005
2014-04-27,0.0033003621562325415
2014-04-28,0.0035792294824073673
2014-04-29,0.00533037436627409
2014-04-30,0.022581920537510857
2014-05-01,0.0056858561773668395
2014-05-02,0.015073524974687318
2014-05-03,0.031826875050765646
2014-05-04,0.03314942407518015
2014-05-05,0.020603704482944345
2014-05-06,0.008405668659503452
2014-05-07,0.09173843122559132
2014-05-08,0.025322343566875204
2014-05-09,0.010339471050974176
2014-05-10,0.028853835992805447
2014-05-11,0.05159945636416667
2014-05-12,0.12050367878545257
2014-05-13,0.03934470044805417
2014-05-14,0.018538030623388775
2014-05-15,0.0032356734313061086
2014-05-16,0.0026255657614886684
2014-05-17,0.025837396907407568
2014-05-18,0.03299552783793147
2014-05-19,0.03167530032125311
2014-05-20,0.03500883475521601
2014-05-21,0.009640241498946335
2014-05-22,0.11318251221454192
2014-05-23,0.00665989682972225
2014-05-24,0.0019768435158004213
2014-05-25,0.011742803306611592
2014-05-26,0.004043040906133989
2014-05-27,0.004808085365757884
2014-05-28,0.0029324561190483705
2014-05-29,0.05523110134784834
2014-05-30,0.06950486371137178
2014-05-31,0.11794333944193872
2014-06-01,0.033459765000202216
2014-06-02,0.009794648624215302
2014-06-03,0.0071889688099977525
2014-06-04,0.006916530864521685
2014-06-05,0.020086099230047106
2014-06-06,0.010864970120563432
2014-06-07,0.02290639889092784
2014-06-08,0.009676019697502569
2014-06-09,0.00781362285534355
2014-06-10,0.007210377212591796
2014-06-11,0.013751340855045683
2014-06-12,0.006086266978762665
2014-06-13,0.0074729047330864985
2014-06-14,0.012799001436761432
2014-06-15,0.01615261694326903
2014-06-16,0.04094955480378552
2014-06-17,0.05355258175301667
2014-06-18,0.031574008441986844
2014-06-19,0.019858870450777683
2014-06-20,0.027141764485870464
2014-06-21,0.015563063579937203
2014-06-22,0.02444767118813018
2014-06-23,0.012579126984001116
2014-06-24,0.013063945974508153
2014-06-25,0.017047163022154123
2014-06-26,0.011656038409768166
2014-06-27,0.014910767342352185
2014-06-28,0.020338568488693646
2014-06-29,0.01732498889310255
2014-06-30,0.02854869690390267
2014-07-01,0.07226345594856567
2014-07-02,0.1965289213993527
2014-07-03,0.13071275246141797
2014-07-04,0.03580819149083323
2014-07-05,0.05426667449766818
2014-07-06,0.03998356626784715
2014-07-07,0.028841655201043558
2014-07-08,0.017099612051050806
2014-07-09,0.03416509565296016
2014-07-10,0.04171283673161519
2014-07-11,0.027915028062622634
2014-07-12,0.03496451870365153
2014-07-13,0.04203002546342913
2014-07-14,0.046560229546351674
2014-07-15,0.1093826098035608
2014-07-16,0.13024941568332607
2014-07-17,0.10626377943755172
2014-07-18,0.049009217254060884
2014-07-19,0.038067351018857776
2014-07-20,0.02081939471013494
2014-07-21,0.02944308895416779
2014-07-22,0.041163676529365104
2014-07-23,0.07266928006051464
2014-07-24,0.06232501974743989
2014-07-25,0.046808179549130045
2014-07-26,0.03345668303714228
2014-07-27,0.030647615843694694
2014-07-28,0.05080932498559761
2014-07-29,0.01597800970219
2014-07-30,0.015410959591448914
2014-07-31,0.027892379562370416
2014-08-01,0.047413321827508015
2014-08-02,0.03392558772329245
2014-08-03,0.018522233423341656
2014-08-04,0.027696923969437928
2014-08-05,0.030824835641697818
2014-08-06,0.017086530585573623
2014-08-07,0.045020435728485665
2014-08-08,0.10043569398810345
2014-08-09,0.05483988960223523
2014-08-10,0.04188057276218228
2014-08-11,0.012669363719381606
2014-08-12,0.03093697107833965
2014-08-13,0.029072583676069245
2014-08-14,0.021759310163452242
2014-08-15,0.12033967840539288
2014-08-16,0.10917819894619214
2014-08-17,0.031043329403107337
2014-08-18,0.02698295857487313
2014-08-19,0.028098982069310614
2014-08-20,0.011336979166826033
2014-08-21,0.014270132867712318
2014-08-22,0.06885630079545715
2014-08-23,0.020419834602987234
2014-08-24,0.025286729584408026
2014-08-25,0.04361181251704406
2014-08-26,0.0433851930613834
2014-08-27,0.05302596684343461
2014-08-28,0.02565326881433888
2014-08-29,0.02954047107173283
2014-08-30,0.023885275419892524
2014-08-31,0.051678469930089684
2014-09-01,0.1377310866344597
2014-09-02,0.15427286565903098
2014-09-03,0.3893758660463789
2014-09-04,0.8599743343595065
2014-09-05,0.41184161575054334
2014-09-06,0.129215935996031
2014-09-07,0.05830732294993143
2014-09-08,0.08217005317699051
2014-09-09,0.03112963698431182
2014-09-10,0.046066613471224024
2014-09-11,0.042996679986903
2014-09-12,0.03760723000514052
2014-09-13,0.056484718634071
2014-09-14,0.03484850646345381
2014-09-15,0.01458167198998595
2014-09-16,0.013116871306685068
2014-09-17,0.04583399273314708
2014-09-18,0.04141100828417936
2014-09-19,0.020448875536838475
2014-09-20,0.07039971065515008
2014-09-21,0.01471495447890096
2014-09-22,0.020813532478072033
2014-09-23,0.03238206733510548
2014-09-24,0.1454902063955693
2014-09-25,0.041939944334477265
2014-09-26,0.007241861852907573
2014-09-27,0.07665177228096857
2014-09-28,0.05141722006618332
2014-09-29,0.017033508827014265
2014-09-30,0.012428456591525775
2014-10-01,0.004492303443963664
2014-10-02,0.005318354311286653
2014-10-03,0.003279768839777244
2014-10-04,0.04984152978230644
2014-10-05,0.0794267641670259
2014-10-06,0.019253621534256794
2014-10-07,0.162888649360631
2014-10-08,0.023657374327823808
2014-10-09,0.010362264857386344
2014-10-10,0.002781744668257019
2014-10-11,0.004644395112408585
2014-10-12,0.019130487069952486
2014-10-13,0.03306836025636911
2014-10-14,0.06319944316354298
2014-10-15,0.005205586126343244
2014-10-16,0.005061518075705591
2014-10-17,0.0017975962344405972
2014-10-18,0.002275862694639729
2014-10-19,0.02706928062933996
2014-10-20,0.0294355268552466
2014-10-21,0.0025012189917240604
2014-10-22,0.00118434934332039
2014-10-23,0.017717230131225725
2014-10-24,0.004621541805364027
2014-10-25,0.0010463872736176565
2014-10-26,0.0019342222546561516
2014-10-27,0.008375013058448545
2014-10-28,0.01121862747723918
2014-10-29,0.004012984777699853
2014-10-30,0.0018460232142816567
2014-10-31,0.0011469609746126083
2014-11-01,0.0012027329299444725
2014-11-02,0.007744535302245603
2014-11-03,0.020098849627461408
2014-11-04,0.025687854194338743
2014-11-05,0.005425440550422373
2014-11-06,0.06403360701982554
2014-11-07,0.013701769275030123
2014-11-08,0.000963413445855999
2014-11-09,0.0003311597899132729
2014-11-10,0.0004238397500853075
2014-11-11,0.0008758231763458091
2014-11-12,0.00041203891796783075
2014-11-13,0.0004969457697679689
2014-11-14,0.000286592163709556
2014-11-15,0.0002090021324164949
2014-11-16,0.00018202770841903044
2014-11-17,0.00012175883478072177
2014-11-18,0.00022286275627421846
2014-11-19,0.0002850261414931877
2014-11-20,0.0008105380116280335
2014-11-21,0.002525315953359777
2014-11-22,0.0006282043928919236
2014-11-23,0.0005584347014718185
2014-11-24,0.002235082068635924
2014-11-25,0.0010696419637267814
2014-11-26,0.004421412762797457
2014-11-27,0.015900359158636454
2014-11-28,0.005143663983884987
2014-11-29,0.006171623993013254
2014-11-30,0.004535552985551253
2014-12-01,0.0017707072823829135
2014-12-02,0.0010301527396129823
2014-12-03,0.0009778879529969134
2014-12-04,0.0018150308341207946
2014-12-05,0.001365583017974384
2014-12-06,0.0002818022331060181
2014-12-07,0.0009001803832692051
2014-12-08,0.0016263397167780944
2014-12-09,0.0006168126459147419
2014-12-10,0.0006113882989882344
2014-12-11,0.0003576086139372578
2014-12-12,0.0016665439410312463
2014-12-13,0.0018306781874027945
2014-12-14,0.001182765371358248
2014-12-15,0.0002949232129819234
2014-12-16,0.0005231805472236588
2014-12-17,9.105029562486788e-05
2014-12-18,0.00022710450438954494
2014-12-19,0.00038379668759709585
2014-12-20,0.0006844414491529563
2014-12-21,0.001612242475896275
2014-12-22,0.0022505497647633426
2014-12-23,0.0016811313730476143
2014-12-24,0.0007072973117933112
2014-12-25,0.0007533334244093812
2014-12-26,0.0002435402561858441
2014-12-27,0.000611462209213066
2014-12-28,0.00016399719573201256
2014-12-29,0.00010232450011054384
2014-12-30,0.00025941807462505166
2014-12-31,0.0010038707131796367
2015-01-01,0.0009053718061744075
2015-01-02,0.00032087826675125414
2015-01-03,0.0006568567282631656
2015-01-04,0.0046900159769365886
2015-01-05,0.004048457053421313
2015-01-06,0.0021465627570546753
2015-01-07,0.0004477770918317925
2015-01-08,0.0001991959080794219
2015-01-09,0.00015837215637202223
2015-01-10,0.0006129758721258015
2015-01-11,0.0013866891033569371
2015-01-12,0.007533046820086328
2015-01-13,0.03369442682209492
2015-01-14,0.003022230394397984
2015-01-15,0.0009596382758985598
2015-01-16,0.0003831828118195677
2015-01-17,0.00024736932899530934
2015-01-18,0.0002794632159713131
2015-01-19,0.00027180712194907036
2015-01-20,0.004836920910065237
2015-01-21,0.029678056559973364
2015-01-22,0.007552107480032999
2015-01-23,0.004496751528854809
2015-01-24,0.0015845874555755835
2015-01-25,0.000984405589203885
2015-01-26,0.0021509389836462493
2015-01-27,0.0034997556895411223
2015-01-28,0.0009351435070646852
2015-01-29,0.0004448904085791886
2015-01-30,0.0006541697094957501
2015-01-31,0.005970127029620876
2015-02-01,0.008790502204134559
2015-02-02,0.022046422817159083
2015-02-03,0.003603664689652118
2015-02-04,0.0003870611599839193
2015-02-05,0.000400530141724212
2015-02-06,0.0003488623193141777
2015-02-07,0.012379426568063219
2015-02-08,0.0034657124540566223
2015-02-09,0.00032264344619028964
2015-02-10,0.0009642793593238685
2015-02-11,0.0004867094195625555
2015-02-12,0.0005952405004960313
2015-02-13,0.0009605780825353193
2015-02-14,0.0002992501733185147
2015-02-15,0.049331407244925254
2015-02-16,0.09820443657006275
2015-02-17,0.013555084959848354
2015-02-18,0.07678526080400812
2015-02-19,0.034582977901012314
2015-02-20,0.018336685685825544
2015-02-21,0.017752549963488642
2015-02-22,0.02842028994492494
2015-02-23,0.0633814889484089
2015-02-24,0.41524002716478764
2015-02-25,0.21906364496134934
2015-02-26,0.00192748289273735
2015-02-27,0.0037729604689117273
2015-02-28,0.004884892102688871
2015-03-01,0.09557817467108465
2015-03-02,0.12181356352072878
2015-03-03,0.004562915939596713
2015-03-04,0.0083417426848043
2015-03-05,0.008765763645069475
2015-03-06,0.00257229033339595
2015-03-07,0.05323710322841837
2015-03-08,0.05521790222483655
2015-03-09,0.0017419171197839579
2015-03-10,0.00134316241103884
2015-03-11,0.004681544315549682
2015-03-12,0.0007788085698984323
2015-03-13,0.0021096445527965494
2015-03-14,0.006098505141370462
2015-03-15,0.10195295248283191
2015-03-16,0.039609182250527605
2015-03-17,0.004997099832993694
2015-03-18,0.0008253985029506137
2015-03-19,0.001028574906674817
2015-03-20,0.0026016504939706336
2015-03-21,0.004895525265207067
2015-03-22,0.002222205916362923
2015-03-23,0.0037751829889745847
2015-03-24,0.1443933265891769
2015-03-25,0.007952947190277086
2015-03-26,0.0024192871100127337
2015-03-27,0.01358271184691863
2015-03-28,0.23824069537124853
2015-03-29,0.2392970387372496
2015-03-30,0.03374030585985349
2015-03-31,0.11456038727211126
2015-04-01,0.07838680047159793
2015-04-02,0.05210996064694756
2015-04-03,0.03623612005666705
2015-04-04,0.007087316750932211
2015-04-05,0.002355350352786034
2015-04-06,0.009136769397571333
2015-04-07,0.01473788632029257
2015-04-08,0.0035162181268181525
2015-04-09,0.0012549151378252281
2015-04-10,0.0010123501124264468
2015-04-11,0.0011446404393152252
2015-04-12,0.0009472173986351526
2015-04-13,0.0038545494744970845
2015-04-14,0.010479104390609324
2015-04-15,0.12568022289896055
2015-04-16,0.027865653125155928
2015-04-17,0.006177835702570486
2015-04-18,0.01688498698163638
2015-04-19,0.44651476537288626
2015-04-20,0.1654299764401493
2015-04-21,0.01566967453424107
2015-04-22,0.005400692192664446
2015-04-23,0.007808111263787665
2015-04-24,0.007979889761204204
2015-04-25,0.008550832103763575
2015-04-26,0.22666895366355877
2015-04-27,0.13444832718037986
2015-04-28,0.01221503769735546
2015-04-29,0.047625293770420234
2015-04-30,0.07098482320030544
2015-05-01,0.01174057316904364
2015-05-02,0.004650567815394818
2015-05-03,0.001710923708247079
2015-05-04,0.0038522828288059816
2015-05-05,0.003566882501599853
2015-05-06,0.004550619787020902
2015-05-07,0.02723474671157808
2015-05-08,0.0391766546027897
2015-05-09,0.03975280412327236
2015-05-10,0.014536159927104107
2015-05-11,0.15622156708371338
2015-05-12,0.11103052215643731
2015-05-13,0.08691161618253902
2015-05-14,0.034058006462888236
2015-05-15,0.0141678027253224
2015-05-16,0.0219704633609078
2015-05-17,0.122421891131629
2015-05-18,0.046045486367068456
2015-05-19,0.022981051912220902
2015-05-20,0.008772145757750684
2015-05-21,0.006309985900632576
2015-05-22,0.00886394905151215
2015-05-23,0.09408509390519845
2015-05-24,0.04612096016522331
2015-05-25,0.09032892581781334
2015-05-26,0.03125462794782037
2015-05-27,0.004255023673984136
2015-05-28,0.014951266165371435
2015-05-29,0.06951097053844336
2015-05-30,0.023705543172122694
2015-05-31,0.026278184612307357
2015-06-01,0.015480045544057864
2015-06-02,0.017609812796375995
2015-06-03,0.05277808729623148
2015-06-04,0.09448309707560223
2015-06-05,0.055255463983089344
2015-06-06,0.01839932584177686
2015-06-07,0.0198037841396803
2015-06-08,0.030741301441171417
2015-06-09,0.06736209233033323
2015-06-10,0.059170684380531996
2015-06-11,0.02417871531208947
2015-06-12,0.03761035222890959
2015-06-13,0.010266768500107241
2015-06-14,0.02388585402433567
2015-06-15,0.023882631507310185
2015-06-16,0.017375617337108983
2015-06-17,0.023971000960270154
2015-06-18,0.012410106297957503
2015-06-19,0.01393903928412651
2015-06-20,0.06375066669681297
2015-06-21,0.01925127324575328
2015-06-22,0.026240275294327493
2015-06-23,0.06037851352632867
2015-06-24,0.3090319380344232
2015-06-25,0.06177648867607934
2015-06-26,0.026305133884943384
2015-06-27,0.020171597872463077
2015-06-28,0.027490722222253985
2015-06-29,0.04770900694384944
2015-06-30,0.023133090226992985
2015-07-01,0.03170580593519319
2015-07-02,0.03425337628381041
2015-07-03,0.02459492049916325
2015-07-04,0.07342117068594955
2015-07-05,0.05189192000958397
2015-07-06,0.050849029169330116
2015-07-07,0.04515860668602753
2015-07-08,0.029827904079467372
2015-07-09,0.20035262779026608
2015-07-10,0.14681181833984078
2015-07-11,0.10575351358408952
2015-07-12,0.1712622866992092
2015-07-13,0.037019472073594614
2015-07-14,0.03909542747020235
2015-07-15,0.11345232940904926
2015-07-16,0.2710064466134715
2015-07-17,0.18526033651734036
2015-07-18,0.22758568831705317
2015-07-19,0.18203419924525177
2015-07-20,0.23296904238422536
2015-07-21,0.11223725465648836
2015-07-22,0.12193025192528868
2015-07-23,0.1748765298097467
2015-07-24,0.08408882214640184
2015-07-25,0.23862839146241024
2015-07-26,0.3715575491110919
2015-07-27,0.05600557993999179
2015-07-28,0.09813804923803947
2015-07-29,0.04106218297918141
2015-07-30,0.15041517393161127
2015-07-31,0.15741862486764552
2015-08-01,0.24478959579459772
2015-08-02,0.1929482818864406
2015-08-03,0.3204169236864522
2015-08-04,0.12319549746220977
2015-08-05,0.024017829066161664
2015-08-06,0.01944292085375842
2015-08-07,0.020823963342214508
2015-08-08,0.02958391875148843
2015-08-09,0.03210386023346605
2015-08-10,0.02788284392633207
2015-08-11,0.032658696165736044
2015-08-12,0.021614382804631425
2015-08-13,0.03888062330087324
2015-08-14,0.048536427360580295
2015-08-15,0.038602637285804195
2015-08-16,0.06720989422007674
2015-08-17,0.03280684894674549
2015-08-18,0.02015650229521527
2015-08-19,0.036566323495954116
2015-08-20,0.09601533678575921
2015-08-21,0.06153512740391902
2015-08-22,0.04963201109320485
2015-08-23,0.10215804658598737
2015-08-24,0.05775377054594712
2015-08-25,0.008094433940717745
2015-08-26,0.026528824573241627
2015-08-27,0.08808146700747554
2015-08-28,0.027043214597049236
2015-08-29,0.018313579304544993
2015-08-30,0.04879941595080076
2015-08-31,0.027732861782850525
2015-09-01,0.025691291854197596
2015-09-02,0.05005138431533236
2015-09-03,0.02161558909505304
2015-09-04,0.02066289037029184
2015-09-05,0.03663630412211014
2015-09-06,0.05001651654611569
2015-09-07,0.037049271676336405
2015-09-08,0.013734448811531682
2015-09-09,0.004852107350119525
2015-09-10,0.01242216479068214
2015-09-11,0.005284569709611266
2015-09-12,0.010003112275514169
2015-09-13,0.008672901469229837
2015-09-14,0.01255150894305852
2015-09-15,0.027241191544762403
2015-09-16,0.013543829281289844
2015-09-17,0.020766004761482205
2015-09-18,0.006127006577456288
2015-09-19,0.052884804474271484
2015-09-20,0.03227694807689855
2015-09-21,0.06752524402307296
2015-09-22,0.4588052052692361
2015-09-23,0.07869657428868594
2015-09-24,0.034879726701587586
2015-09-25,0.02036648475086029
2015-09-26,0.022346149293310347
2015-09-27,0.015198010868011508
2015-09-28,0.03532818613926015
2015-09-29,0.005258133196545669
2015-09-30,0.0037887679772908214
2015-10-01,0.008663787408210456
2015-10-02,0.006322720365217478
2015-10-03,0.023184472689144017
2015-10-04,0.006617764698582109
2015-10-05,0.012744163096927108
2015-10-06,0.016919837738417563
2015-10-07,0.004179665879143801
2015-10-08,0.0032312109515318737
2015-10-09,0.0018910969306071613
2015-10-10,0.002873510473901223
2015-10-11,0.006453104385740434
2015-10-12,0.003777343863442402
2015-10-13,0.03148202659483571
2015-10-14,0.025744058974522786
2015-10-15,0.010849308850758937
2015-10-16,0.08423376165285389
2015-10-17,0.013695620653566372
2015-10-18,0.083803908349608
2015-10-19,0.2017150209646997
2015-10-20,0.010679840637019499
2015-10-21,0.004874895015578906
2015-10-22,0.004419712267621314
2015-10-23,0.0075712569961319245
2015-10-24,0.1942459530713653
2015-10-25,0.25088458271424297
2015-10-26,0.07387515674455088
2015-10-27,0.0021867028129033475
2015-10-28,0.00024331903303114586
2015-10-29,0.0012103162155021065
2015-10-30,0.0012758533840897463
2015-10-31,0.0018087103041123625
2015-11-01,0.015447229856486689
2015-11-02,0.027414298450396012
2015-11-03,0.12403157767937296
2015-11-04,0.264545308871899
2015-11-05,0.025031322381896436
2015-11-06,0.0024794897676505535
2015-11-07,0.011849808994415265
2015-11-08,0.013500982712793085
2015-11-09,0.013488179935916127
2015-11-10,0.0185080776541133
2015-11-11,0.003926736724700869
2015-11-12,0.12785309482755497
2015-11-13,0.0075862745620775066
2015-11-14,0.0011709568299593915
2015-11-15,0.0017152393738853859
2015-11-16,0.0005766926010803134
2015-11-17,0.000494800261395801
2015-11-18,0.001856332966036408
2015-11-19,0.0013118830979120396
2015-11-20,0.0008557759844631173
2015-11-21,0.003092581652194705
2015-11-22,0.0047939183253542135
2015-11-23,0.002024081729312877
2015-11-24,0.003353802868451035
2015-11-25,0.0057846685819200605
2015-11-26,0.0037767623424535533
2015-11-27,0.0007869019735385494
2015-11-28,0.00013779781926956833
2015-11-29,0.0004417111454443487
2015-11-30,0.00018130038846191296
2015-12-01,0.0005760564730444591
2015-12-02,0.00018697983418562705
2015-12-03,0.0006697349344223053
2015-12-04,0.0036400265062218455
2015-12-05,0.0033990280266950603
2015-12-06,0.006165839289684119
2015-12-07,0.009775711650782027
2015-12-08,0.00810102297191687
2015-12-09,0.0033389685543980152
2015-12-10,0.08682844286133046
2015-12-11,0.0024149380829813554
2015-12-12,0.0005131464282924738
2015-12-13,0.001682509532870495
2015-12-14,0.0007434568855992488
2015-12-15,0.00034154909747907247
2015-12-16,0.0013482515786072914
2015-12-17,0.0016088450809948198
2015-12-18,0.0003131036104026054
2015-12-19,0.0007322771309804774
2015-12-20,0.00133166647973626
2015-12-21,0.003112566742664622
2015-12-22,0.0036988253447799253
2015-12-23,0.0031376317690448136
2015-12-24,0.0012562886856190875
2015-12-25,0.0033696945193070764
2015-12-26,0.011209022476520504
2015-12-27,0.00979255436784417
2015-12-28,0.006901467154341597
2015-12-29,0.0013041982753087072
2015-12-30,0.0010098391649655866
2015-12-31,0.0008156759446830749
2016-01-01,0.0008497046328594569
2016-01-02,0.0017441627309259322
2016-01-03,0.0216766277969358
2016-01-04,0.05006104515294449
2016-01-05,0.0009327172347379645
2016-01-06,0.0019312534313698148
2016-01-07,0.0066446847672196165
2016-01-08,0.004748260998836773
2016-01-09,0.0007185489307131232
2016-01-10,0.0004772280930818297
2016-01-11,0.004420676709398523
2016-01-12,0.02012823541960166
2016-01-13,0.000967994983648968
2016-01-14,0.002697080097520655
2016-01-15,0.001139881816861269
2016-01-16,0.0009488727293039829
2016-01-17,0.0008756866456537775
2016-01-18,0.0014597299398080932
2016-01-19,0.0019480746612066443
2016-01-20,0.001737291429071777
2016-01-21,0.0010698236638210293
2016-01-22,0.0017571487154420886
2016-01-23,0.0009438276921671175
2016-01-24,0.0005515598216116652
2016-01-25,0.0018325521745456996
2016-01-26,0.009740487778744993
2016-01-27,0.006405507398287785
2016-01-28,0.025565787408468887
2016-01-29,0.06906588142781163
2016-01-30,0.0019413871240828414
2016-01-31,0.0041580064590345574
2016-02-01,0.0008292853035168132
2016-02-02,0.0005102325416485411
2016-02-03,7.52361277618604e-05
2016-02-04,0.0012568055536385124
2016-02-05,0.0012277148712769503
2016-02-06,0.00400510848786362
2016-02-07,0.0011546725075156253
2016-02-08,0.0011503922545923393
2016-02-09,0.0032168324735498124
2016-02-10,0.12106446139541949
2016-02-11,0.052342152594545936
2016-02-12,0.0011840449812324984
2016-02-13,0.0007848868284479011
2016-02-14,0.0010764244530696895
2016-02-15,0.0012257423447831165
2016-02-16,0.00028000728862083186
2016-02-17,0.0005669007535974795
2016-02-18,0.0004270980566323767
2016-02-19,0.08601300400408446
2016-02-20,0.008609026325514097
2016-02-21,0.00022148203385525148
2016-02-22,0.0006593538379922428
2016-02-23,0.002541611083356381
2016-02-24,0.001901151574629006
2016-02-25,0.0010691702464108107
2016-02-26,0.0006465002797872092
2016-02-27,0.001686572154490133
2016-02-28,0.0009953872286499663
2016-02-29,0.0006293690286003342
2016-03-01,0.0025133134889604052
2016-03-02,0.004996007560216026
2016-03-03,0.006995446199234323
2016-03-04,0.00710120402597576
2016-03-05,0.01901850315042953
2016-03-06,0.010473143168179301
2016-03-07,0.0028637227499505517
2016-03-08,0.001492961749712279
2016-03-09,0.0024052442883070392
2016-03-10,0.016431004320745797
2016-03-11,0.24927245466502787
2016-03-12,0.15816149004130733
2016-03-13,0.05777124490921779
2016-03-14,0.044527705961108215
2016-03-15,0.003485076384349667
2016-03-16,0.051771903665271374
2016-03-17,0.06915569667474147
2016-03-18,0.12893132841583588
2016-03-19,0.0339290236465609
2016-03-20,0.007281864899407928
2016-03-21,0.0015840854342308662
2016-03-22,0.0006311069943166137
2016-03-23,0.004819912863660495
2016-03-24,0.1645405289090707
2016-03-25,0.19629369472895025
2016-03-26,0.05271934867271233
2016-03-27,0.009325566235607737
2016-03-28,0.009301913263813175
2016-03-29,0.004093886457342444
2016-03-30,0.00976405501569216
2016-03-31,0.05087092996368124
2016-04-01,0.05921946887383734
2016-04-02,0.4910901770973803
2016-04-03,0.5464198976542891
2016-04-04,0.050837356813178754
2016-04-05,0.012455751316412368
2016-04-06,0.013413864632665048
2016-04-07,0.00877690543162961
2016-04-08,0.06390328673314116
2016-04-09,0.03236741426483549
2016-04-10,0.021527568704808177
2016-04-11,0.024223542129253196
2016-04-12,0.004313842001214065
2016-04-13,0.0015204335530096366
2016-04-14,0.0016241423679731917
2016-04-15,0.008878312690099265
2016-04-16,0.043387230843675635
2016-04-17,0.14169587846719142
2016-04-18,0.008900275456177796
2016-04-19,0.025556701749169707
2016-04-20,0.008796538906142124
2016-04-21,0.059945114370010454
2016-04-22,0.011903686427909666
2016-04-23,0.010052207529401449
2016-04-24,0.0027192594596981584
2016-04-25,0.003350293047552353
2016-04-26,0.02826578594261837
2016-04-27,0.008814657670057817
2016-04-28,0.003927014391833219
2016-04-29,0.0011904517444896482
2016-04-30,0.015168991089395838
2016-05-01,0.012277422985422434
2016-05-02,0.009005326495601998
2016-05-03,0.020585074971339153
2016-05-04,0.06460365248852475
2016-05-05,0.03151727862042174
2016-05-06,0.004228291007937731
2016-05-07,0.002423955905774652
2016-05-08,0.005994194733254012
2016-05-09,0.00856040269666003
2016-05-10,0.05162404592878883
2016-05-11,0.06368784375395836
2016-05-12,0.07964386563857234
2016-05-13,0.03312445102730348
2016-05-14,0.09565956908719961
2016-05-15,0.01388418703791878
2016-05-16,0.0276170709324175
2016-05-17,0.008944222516191399
2016-05-18,0.023842366187189604
2016-05-19,0.00961926888248981
2016-05-20,0.012254735847290203
2016-05-21,0.011518054223886395
2016-05-22,0.02019367457334818
2016-05-23,0.10409037915669092
2016-05-24,0.07055750904525208
2016-05-25,0.02996411884444411
2016-05-26,0.013858013352935052
2016-05-27,0.011790107224607927
2016-05-28,0.018877181255862466
2016-05-29,0.02947267853322868
2016-05-30,0.015641407129601225
2016-05-31,0.006985280695320611
2016-06-01,0.04974804675413827
2016-06-02,0.06303171332441464
2016-06-03,0.04887881265607957
2016-06-04,0.04381935845570361
2016-06-05,0.021723256291463214
2016-06-06,0.01953688658318119
2016-06-07,0.02495011210448508
2016-06-08,0.023546511435539322
2016-06-09,0.025709850247189504
2016-06-10,0.057280162164254925
2016-06-11,0.04015643451718206
2016-06-12,0.03421145724127817
2016-06-13,0.03523175185398265
2016-06-14,0.04805399720045399
2016-06-15,0.15766429563551268
2016-06-16,0.03862480531641646
2016-06-17,0.020047546185425903
2016-06-18,0.02311276019313732
2016-06-19,0.02750767289273316
2016-06-20,0.03793960367122457
2016-06-21,0.04099186565892398
2016-06-22,0.03285308686560807
2016-06-23,0.01305117965452198
2016-06-24,0.00881847754944665
2016-06-25,0.030166312936361146
2016-06-26,0.01738183465597597
2016-06-27,0.08605809881446252
2016-06-28,0.027321007604579603
2016-06-29,0.011977057283558535
2016-06-30,0.026597586103359525
2016-07-01,0.06656335920910629
2016-07-02,0.07129443860371605
2016-07-03,0.06229240935490173
2016-07-04,0.036646520609879066
2016-07-05,0.08254512974738287
2016-07-06,0.07868840139489493
2016-07-07,0.0197988274389321
2016-07-08,0.061709567207039906
2016-07-09,0.04481810723198864
2016-07-10,0.042595498352250495
2016-07-11,0.054165798995629906
2016-07-12,0.04184656436578193
2016-07-13,0.06065970353492257
2016-07-14,0.10620303681534192
2016-07-15,0.07421940749136037
2016-07-16,0.10341718500742657
2016-07-17,0.12553280721560045
2016-07-18,0.09705640522874158
2016-07-19,0.0429976504434147
2016-07-20,0.05928217839948572
2016-07-21,0.03844602880618137
2016-07-22,0.03965436215692427
2016-07-23,0.015650771366936093
2016-07-24,0.01860850198475916
2016-07-25,0.03670337606224422
2016-07-26,0.1251856587837514
2016-07-27,0.29531180296991005
2016-07-28,0.03649145087468164
2016-07-29,0.09505227742753315
2016-07-30,0.027289106713369437
2016-07-31,0.03802767491967885
2016-08-01,0.04123495601526122
2016-08-02,0.024062901264115692
2016-08-03,0.014214412658220169
2016-08-04,0.018218816367696365
2016-08-05,0.06416496262479478
2016-08-06,0.10738359425561728
2016-08-07,0.24458185804404411
2016-08-08,0.02563973970787873
2016-08-09,0.026572112084050553
2016-08-10,0.037800068947237454
2016-08-11,0.07378624605685495
2016-08-12,0.011917262213505676
2016-08-13,0.01896190374715411
2016-08-14,0.08695427810747204
2016-08-15,0.028945552409807233
2016-08-16,0.024974451333050054
2016-08-17,0.045532414444076914
2016-08-18,0.023889015704582656
2016-08-19,0.020822962517603086
2016-08-20,0.018015424416822894
2016-08-21,0.04790539691098907
2016-08-22,0.03293452181299067
2016-08-23,0.0226297207697768
2016-08-24,0.039777485264380956
2016-08-25,0.027249753019988134
2016-08-26,0.0398711588847641
2016-08-27,0.2642797720077324
2016-08-28,0.05296440556462951
2016-08-29,0.04084958636868731
2016-08-30,0.05079616493515652
2016-08-31,0.019660989571501405
2016-09-01,0.05062517425430327
2016-09-02,0.03218411303936933
2016-09-03,0.01651217703194673
2016-09-04,0.023561307742480764
2016-09-05,0.01632088921253453
2016-09-06,0.031258616711196306
2016-09-07,0.011767200522792835
2016-09-08,0.014195840648102327
2016-09-09,0.014935827773257146
2016-09-10,0.032383595337194475
2016-09-11,0.032755136550656004
2016-09-12,0.045786394227998406
2016-09-13,0.044339955678314606
2016-09-14,0.016728351757850046
2016-09-15,0.007397169716395748
2016-09-16,0.010770821638146135
2016-09-17,0.00622048620343145
2016-09-18,0.008503586179450715
2016-09-19,0.018414496855831814
2016-09-20,0.013579884635873804
2016-09-21,0.07250335919226511
2016-09-22,0.013430248518387464
2016-09-23,0.015069381786938887
2016-09-24,0.027923230854159212
2016-09-25,0.007159476770877081
2016-09-26,0.00997712385144429
2016-09-27,0.0045604901743606
2016-09-28,0.014086650520311208
2016-09-29,0.008147317224019776
2016-09-30,0.005934860552979865
2016-10-01,0.010908193172419221
2016-10-02,0.016231507113467165
2016-10-03,0.0076502179769578635
2016-10-04,0.008677356741137366
2016-10-05,0.04301554537118491
2016-10-06,0.021021507039665543
2016-10-07,0.00716459058441999
2016-10-08,0.004728193259678354
2016-10-09,0.003171531347959904
2016-10-10,0.0017418750218552053
2016-10-11,0.0013384669244252028
2016-10-12,0.009555583610079663
2016-10-13,0.006045318508742264
2016-10-14,0.003870465778624693
2016-10-15,0.0082817053174431
2016-10-16,0.007021014733698989
2016-10-17,0.005968661094053144
2016-10-18,0.0026434895150360153
2016-10-19,0.0018159018695889494
2016-10-20,0.017649340603542226
2016-10-21,0.0020781470889887194
2016-10-22,0.0028401431458125724
2016-10-23,0.0019229351967254326
2016-10-24,0.0015308680239445478
2016-10-25,0.002526334291094917
2016-10-26,0.0018154173382750958
2016-10-27,0.0019538131234524774
2016-10-28,0.001326563950659413
2016-10-29,0.0010980674257386623
2016-10-30,0.0032699369557050786
2016-10-31,0.0014189898383452724
2016-11-01,0.0035720490885088486
2016-11-02,0.00031895192498644236
2016-11-03,0.003743185066889098
2016-11-04,0.008241213651166906
2016-11-05,0.0008254595865344922
2016-11-06,0.0010976265178367012
2016-11-07,0.00036280198095680173
2016-11-08,0.0003781336678591456
2016-11-09,0.0005647347024798342
2016-11-10,0.0008659640833833737
2016-11-11,0.001601256224489328
2016-11-12,0.0014330188201085352
2016-11-13,0.00038194529093779574
2016-11-14,0.0002182067879615416
2016-11-15,0.0005758400356012888
2016-11-16,0.001033696937823818
2016-11-17,0.0016146405191807477
2016-11-18,0.0011202934933923047
2016-11-19,0.0021420951559398002
2016-11-20,0.006064110203384662
2016-11-21,0.004895267050416038
2016-11-22,0.003392807050475767
2016-11-23,0.004242644887239188
2016-11-24,0.0019089801313887547
2016-11-25,0.005637830324409362
2016-11-26,0.0016365616947741398
2016-11-27,0.0005232909039558269
2016-11-28,0.001034340583654439
2016-11-29,0.003990951165900388
2016-11-30,0.0029684031906623085
2016-12-01,0.0011148040309224058
2016-12-02,0.00039454632386878527
2016-12-03,0.0012623007278536429
2016-12-04,0.0010785663622771325
2016-12-05,0.00035000179344495173
2016-12-06,0.000985730368423777
2016-12-07,0.0008128944849455196
2016-12-08,0.0008278499295427668
2016-12-09,0.0011285244639322033
2016-12-10,0.04308834786170687
2016-12-11,0.000618245724750951
2016-12-12,0.006274908822113722
2016-12-13,0.0016246782374973996
2016-12-14,0.0006104951948704859
2016-12-15,0.0006311126486700608
2016-12-16,0.00039384929153465253
2016-12-17,0.00040132932674978746
2016-12-18,0.0009001942437620946
2016-12-19,0.0022875665266008133
2016-12-20,9.758486858346037e-05
2016-12-21,0.0010777882355177926
2016-12-22,0.000490355754175269
2016-12-23,0.0016014984786106939
2016-12-24,0.0004900631904563983
2016-12-25,0.00011295966982295272
2016-12-26,0.0003626977895567924
2016-12-27,0.0030630136277545726
2016-12-28,0.004911503140031442
2016-12-29,0.004329097753885004
2016-12-30,0.0011057697221400476
2016-12-31,0.0008437421275921739
2017-01-01,0.0029042189051192635
2017-01-02,0.0029815375468267248
2017-01-03,0.0471102746454194
2017-01-04,0.04477676510071824
2017-01-05,0.03658590005266679
2017-01-06,0.03895713533905038
2017-01-07,0.0022826641657438533
2017-01-08,0.0013491308564748234
2017-01-09,0.0006229663665635763
2017-01-10,0.000583352923656364
2017-01-11,0.0006366909746125739
2017-01-12,0.0007650541846140305
2017-01-13,0.0011414360320769789
2017-01-14,0.0028147624677115506
2017-01-15,0.023618270099259653
2017-01-16,0.0016430793227903118
2017-01-17,0.011721928747952703
2017-01-18,0.005433682769147781
2017-01-19,0.0012147899483118322
2017-01-20,0.002310878698214844
2017-01-21,0.006133394845540989
2017-01-22,0.006282182020828496
2017-01-23,0.028441616827089216
2017-01-24,0.07274066382522033
2017-01-25,0.179122728755516
2017-01-26,0.05670255897177075
2017-01-27,0.002458660320873866
2017-01-28,0.015697119658665395
2017-01-29,0.007303032545631616
2017-01-30,0.021975262119782714
2017-01-31,0.001709756000333711
2017-02-01,0.0019849912167333767
2017-02-02,0.004113113438929164
2017-02-03,0.02126268574071843
2017-02-04,0.12274774105042245
2017-02-05,0.027598681148865337
2017-02-06,0.0006616302307570541
2017-02-07,0.0054783736217265625
2017-02-08,0.002476143189159465
2017-02-09,0.0004705610973553178
2017-02-10,0.0006033559754783513
2017-02-11,0.0010669965076252265
2017-02-12,0.0002101765148207303
2017-02-13,0.00019797224867701345
2017-02-14,0.009348516026375382
2017-02-15,0.01501451877240452
2017-02-16,0.037279319823960336
2017-02-17,0.0853679397765814
2017-02-18,0.21757483784135745
2017-02-19,0.1272088727531904
2017-02-20,0.011204277726005333
2017-02-21,0.004091640342441676
2017-02-22,0.000706476574891326
2017-02-23,0.00042507059561633175
2017-02-24,0.0013896158359634095
2017-02-25,0.0011120568899229213
2017-02-26,0.0013052145634864698
2017-02-27,0.0029918524456032432
2017-02-28,0.010829739070592165
2017-03-01,0.023010804154539686
2017-03-02,0.0029035168685418665
2017-03-03,0.002945836823762057
2017-03-04,0.00016373439246479446
2017-03-05,0.00031750036912162657
2017-03-06,0.0013037563427409388
2017-03-07,0.00803849770762352
2017-03-08,0.01746182633227402
2017-03-09,0.01108624275318224
2017-03-10,0.0019115260139743835
2017-03-11,0.0005410822300288259
2017-03-12,0.000956646874834968
2017-03-13,0.001156459235221218
2017-03-14,0.001463311082733161
2017-03-15,0.002989220833965766
2017-03-16,0.004177891508924217
2017-03-17,0.0010195534936689877
2017-03-18,0.0049047776355269695
2017-03-19,0.0011890869231019274
2017-03-20,0.003926531911947583
2017-03-21,0.04551940383095667
2017-03-22,0.0787306618798151
2017-03-23,0.012769197792603137
2017-03-24,0.0036972670137815846
2017-03-25,0.0148235374050449
2017-03-26,0.01132382329707943
2017-03-27,0.038136621331845845
2017-03-28,0.05802160900615306
2017-03-29,0.01305787242444216
2017-03-30,0.019994269199698413
2017-03-31,0.1240315283003963
2017-04-01,0.008708731898249705
2017-04-02,0.011791511011669023
2017-04-03,0.027879284913131942
2017-04-04,0.24550020984394083
2017-04-05,0.2395020189257474
2017-04-06,0.262816175208
2017-04-07,0.04127367356974758
2017-04-08,0.006452650095341865
2017-04-09,0.0007162052858760245
2017-04-10,0.0007636354820940622
2017-04-11,0.0009496708851664116
2017-04-12,0.0015423916816594276
2017-04-13,0.005575406698122519
2017-04-14,0.0031881123630469487
2017-04-15,0.0018556749505404216
2017-04-16,0.004193762128956071
2017-04-17,0.06983431480565004
2017-04-18,0.026187982241114082
2017-04-19,0.1295071444786026
2017-04-20,0.1162920056838515
2017-04-21,0.14994410587704446
2017-04-22,0.21621062451770506
2017-04-23,0.14245105218523754
2017-04-24,0.02903902086134177
2017-04-25,0.006290999648106713
2017-04-26,0.0089688055682821
2017-04-27,0.004503372360095434
2017-04-28,0.03133463868212136
2017-04-29,0.07687953648207323
2017-04-30,0.004297026419475976
2017-05-01,0.00105023393189533
2017-05-02,0.009076490774609624
2017-05-03,0.014298892973879639
2017-05-04,0.005021331793582412
2017-05-05,0.004532639581553312
2017-05-06,0.031132841422592573
2017-05-07,0.010458765651069466
2017-05-08,0.03441344800737239
2017-05-09,0.005982808645007835
2017-05-10,0.009541408855526163
2017-05-11,0.015565562756079558
2017-05-12,0.009697695511661242
2017-05-13,0.019791305814230036
2017-05-14,0.02795673573164344
2017-05-15,0.04135307851816908
2017-05-16,0.03933821268554229
2017-05-17,0.03967680424661272
2017-05-18,0.013280462041332038
2017-05-19,0.017788960024078284
2017-05-20,0.006484470955906214
2017-05-21,0.015479154072022357
2017-05-22,0.019826957793872786
2017-05-23,0.00890205242444099
2017-05-24,0.01187831032781053
2017-05-25,0.007565528244252531
2017-05-26,0.007616764935288352
2017-05-27,0.0025021233793991924
2017-05-28,0.0036043365550274824
2017-05-29,0.002540503408564406
2017-05-30,0.011341365153537938
2017-05-31,0.016002971564283094
2017-06-01,0.015579386586979459
2017-06-02,0.009000568370525852
2017-06-03,0.005846263732809315
2017-06-04,0.01542242063267945
2017-06-05,0.06298932355545779
2017-06-06,0.15435314571769837
2017-06-07,0.011063858032094436
2017-06-08,0.027417629204672056
2017-06-09,0.0287436042744971
2017-06-10,0.06159564155847569
2017-06-11,0.017269924758792687
2017-06-12,0.02676457955265708
2017-06-13,0.01993731509984629
2017-06-14,0.032447661455869775
2017-06-15,0.035849772241497366
2017-06-16,0.019303845480374098
2017-06-17,0.005050372684727051
2017-06-18,0.014633218138340025
2017-06-19,0.06370034677861601
2017-06-20,0.11808009798892685
2017-06-21,0.17046374585924617
2017-06-22,0.03752297351310178
2017-06-23,0.016185512546152987
2017-06-24,0.02739307631990717
2017-06-25,0.06660044126303225
2017-06-26,0.07454020357923959
2017-06-27,0.04343472862013564
2017-06-28,0.13475107186994476
2017-06-29,0.11021276884901168
2017-06-30,0.03285200068036314
2017-07-01,0.03125035702152108
2017-07-02,0.03615435849819915
2017-07-03,0.02888466807008185
2017-07-04,0.05222411359030857
2017-07-05,0.041241532450774096
2017-07-06,0.05565578045930972
2017-07-07,0.026536231683780807
2017-07-08,0.019219351834373934
2017-07-09,0.015769702075628732
2017-07-10,0.07167305325070732
2017-07-11,0.0921143471970189
2017-07-12,0.16984367797041677
2017-07-13,0.03138158527150274
2017-07-14,0.022005631291452048
2017-07-15,0.023442886733404972
2017-07-16,0.059880323214259415
2017-07-17,0.06346254420875712
2017-07-18,0.06312565502128027
2017-07-19,0.023841982337231248
2017-07-20,0.0372923479015144
2017-07-21,0.029139796133859638
2017-07-22,0.04913629931119479
2017-07-23,0.028464488047645897
2017-07-24,0.03135914630743461
2017-07-25,0.02356708318825333
2017-07-26,0.04308111652336647
2017-07-27,0.030836926018965517
2017-07-28,0.16188393222103464
2017-07-29,0.16505544032698727
2017-07-30,0.029877610130554916
2017-07-31,0.031251970678274725
2017-08-01,0.06583176359304901
2017-08-02,0.14227698953115994
2017-08-03,0.055218488800286035
2017-08-04,0.04186694194177331
2017-08-05,0.009192162069028889
2017-08-06,0.02206631290685501
2017-08-07,0.01959529687797067
2017-08-08,0.029070028627375434
2017-08-09,0.05207619692541781
2017-08-10,0.027466159794010646
2017-08-11,0.03324292894295483
2017-08-12,0.017545728218422135
2017-08-13,0.1313025635871376
2017-08-14,0.07698469122174124
2017-08-15,0.011374571801534252
2017-08-16,0.021944973980337498
2017-08-17,0.015309962457719317
2017-08-18,0.01778431015286634
2017-08-19,0.06367323470154762
2017-08-20,0.018665278491891705
2017-08-21,0.0362326034563302
2017-08-22,0.017845601543517917
2017-08-23,0.019572098660771236
2017-08-24,0.11477045752426615
2017-08-25,0.0703217876284381
2017-08-26,0.023050996190396987
2017-08-27,0.011079598823815106
2017-08-28,0.02516581097348187
2017-08-29,0.022617884039032803
2017-08-30,0.05778798772961453
2017-08-31,0.07018833425744643
2017-09-01,0.07017758834553775
2017-09-02,0.02176252122809409
2017-09-03,0.01799764646809133
2017-09-04,0.02344184171068867
2017-09-05,0.023622796668533095
2017-09-06,0.03241187198340118
2017-09-07,0.016538281945480484
2017-09-08,0.013939534571890864
2017-09-09,0.008350440211821318
2017-09-10,0.06208433278386157
2017-09-11,0.0266781352375473
2017-09-12,0.012106454700959697
2017-09-13,0.011758386494411499
2017-09-14,0.07366135613746017
2017-09-15,0.008452991612219185
2017-09-16,0.012806995247788503
2017-09-17,0.012399345857904585
2017-09-18,0.011335964945368069
2017-09-19,0.012637596298661354
2017-09-20,0.010678765809852752
2017-09-21,0.011393918890475332
2017-09-22,0.008573612494157995
2017-09-23,0.0176017763767181
2017-09-24,0.00965512918824462
2017-09-25,0.0081258184484071
2017-09-26,0.010351755393982946
2017-09-27,0.011016842587337042
2017-09-28,0.016233569958415076
2017-09-29,0.00533672669320076
2017-09-30,0.004692947312625486
2017-10-01,0.008079797912871245
2017-10-02,0.0027775999310746913
2017-10-03,0.004305356962763952
2017-10-04,0.007599469961123381
2017-10-05,0.00903443717759386
2017-10-06,0.0064566511256589935
2017-10-07,0.006842831500283136
2017-10-08,0.0047657694844988495
2017-10-09,0.004638964600433617
2017-10-10,0.004629450427355612
2017-10-11,0.004965400147072848
2017-10-12,0.003790167169769724
2017-10-13,0.004670287525170188
2017-10-14,0.005078128843777491
2017-10-15,0.003911815142683516
2017-10-16,0.0027389791807846215
2017-10-17,0.004037990225755785
2017-10-18,0.00301096954207256
2017-10-19,0.0032645259499380344
2017-10-20,0.004384891307045412
2017-10-21,0.0019942816817203842
2017-10-22,0.007126752545601683
2017-10-23,0.0060687574379163604
2017-10-24,0.0024548846367294075
2017-10-25,0.0014687662261627554
2017-10-26,0.002037446012322233
2017-10-27,0.0017616825216541464
2017-10-28,0.003270218243949272
2017-10-29,0.0022561727471732632
2017-10-30,0.0015432658007691108
2017-10-31,0.00303899464603854
2017-11-01,0.004971885706287101
2017-11-02,0.005119173814993166
2017-11-03,0.004710790490284376
2017-11-04,0.004783241047789837
2017-11-05,0.004895020690125561
2017-11-06,0.004039860632539748
2017-11-07,0.004311112893680614
2017-11-08,0.006811399238903991
2017-11-09,0.004864670397128404
2017-11-10,0.007462718708048422
2017-11-11,0.0037004585649815253
2017-11-12,0.002789385380881703
2017-11-13,0.004464305039129238
2017-11-14,0.02106943201392909
2017-11-15,0.02579509238105571
2017-11-16,0.004115455531657469
2017-11-17,0.004552341343277249
2017-11-18,0.002130036665160861
2017-11-19,0.00029196056738647257
2017-11-20,0.00027494428955374296
2017-11-21,0.0005959868130546426
2017-11-22,0.0012548992260305353
2017-11-23,0.0006922145623574456
2017-11-24,0.0013641489154534987
2017-11-25,0.0037129769889404224
2017-11-26,0.0020747430085626592
2017-11-27,0.0009893110128048302
2017-11-28,0.0011426407032830556
2017-11-29,0.0005570714313321861
2017-11-30,0.00017469652351521442
2017-12-01,0.002632173915114812
2017-12-02,0.0026057577810309177
2017-12-03,0.001322992042459535
2017-12-04,0.0009758204636463683
2017-12-05,0.0016932104156587397
2017-12-06,0.002420217164270948
2017-12-07,0.0004654837271573312
2017-12-08,0.002450503286811911
2017-12-09,0.00363144239482601
2017-12-10,0.0030489887393070026
2017-12-11,0.05347241594477755
2017-12-12,0.046026931342529234
2017-12-13,0.006462394743234699
2017-12-14,0.000965996795354883
2017-12-15,0.0016495271659219505
2017-12-16,0.000354249192834055
2017-12-17,0.0009816497849663415
2017-12-18,0.0025831657262730544
2017-12-19,0.009975377175705548
2017-12-20,0.01552353234517578
2017-12-21,0.0037936805751483827
2017-12-22,0.00040631327833882567
2017-12-23,0.0006734536601700223
2017-12-24,0.00039738373490565176
2017-12-25,0.0007734550537044055
2017-12-26,0.004200620072303342
2017-12-27,0.0024051600921304495
2017-12-28,0.0007428712379662643
2017-12-29,0.0002480802237057924
2017-12-30,0.00012836116106919838
2017-12-31,0.00013773725465410547
2018-01-01,0.0005033531597725038
2018-01-02,0.0005714930651610998
2018-01-03,0.00046120245633200996
2018-01-04,0.002393771415311887
2018-01-05,0.0011552827878845587
2018-01-06,0.0004481933644512207
2018-01-07,0.00016336123802472563
2018-01-08,0.00014207652886366156
2018-01-09,0.000211151233491634
2018-01-10,0.00010442432904831839
2018-01-11,0.00042968498901918393
2018-01-12,0.0013848566915041407
2018-01-13,0.00013543673218871
2018-01-14,0.00023543453076318847
2018-01-15,0.00024837329968953743
2018-01-16,0.0005519817435233897
2018-01-17,0.005713515071365516
2018-01-18,0.0014891886353247787
2018-01-19,0.0005853316184411331
2018-01-20,0.0015288677744577479
2018-01-21,0.0026293558536108247
2018-01-22,0.0010116366582797135
2018-01-23,0.0010778857624669184
2018-01-24,0.000754696697318956
2018-01-25,0.0002804487122289785
2018-01-26,0.0005770139156591671
2018-01-27,0.0006653320137985619
2018-01-28,0.0014713588154873444
2018-01-29,0.006774202813016265
2018-01-30,0.0032259734912113494
2018-01-31,0.005067135923937482
2018-02-01,0.0016731677157010019
2018-02-02,0.0018392104407033692
2018-02-03,0.001639259494233299
2018-02-04,0.0005088317907234608
2018-02-05,0.0006387276629023903
2018-02-06,0.00020558060645877528
2018-02-07,0.00045385022153757545
2018-02-08,0.00011259678084954253
2018-02-09,0.001062896429258374
2018-02-10,0.0017469318670798055
2018-02-11,0.0060804874349793
2018-02-12,0.08032240641489188
2018-02-13,0.00233445878713403
2018-02-14,0.005579066381443921
2018-02-15,0.004967665772848705
2018-02-16,0.0015317713971086918
2018-02-17,0.0009759800950040095
2018-02-18,0.0003773190919004335
2018-02-19,0.0008008277817693844
2018-02-20,0.034649368635098564
2018-02-21,0.005202165111455408
2018-02-22,0.0011426838135451688
2018-02-23,0.007159665600423962
2018-02-24,0.03491418423719625
2018-02-25,0.004704711723364627
2018-02-26,0.023296288258927555
2018-02-27,0.011780624373836798
2018-02-28,0.007486667330224112
2018-03-01,0.05594387733835398
2018-03-02,0.045133461183169195
2018-03-03,0.028744316297481098
2018-03-04,0.0028817850696635154
2018-03-05,0.002030740508401196
2018-03-06,0.0005619465685573378
2018-03-07,0.0002072087305434212
2018-03-08,0.005976127806112081
2018-03-09,0.0028441118320981567
2018-03-10,0.0015928312373529579
2018-03-11,0.0019546425970092826
2018-03-12,0.05757495558652146
2018-03-13,0.1957607230616848
2018-03-14,0.06670703351964542
2018-03-15,0.008206268985541122
2018-03-16,0.0011444130556615708
2018-03-17,0.001024743789538204
2018-03-18,0.0019800304645943285
2018-03-19,0.00183740164591367
2018-03-20,0.004768279984440471
2018-03-21,0.008098283545617126
2018-03-22,0.006044828825144253
2018-03-23,0.01070393917134007
2018-03-24,0.00518566418466293
2018-03-25,0.000864246649410026
2018-03-26,0.0011894826709513582
2018-03-27,0.014964744947472734
2018-03-28,0.004603603159298812
2018-03-29,0.0015871954232685038
2018-03-30,0.002356278346108952
2018-03-31,0.010846754337523178
2018-04-01,0.005740621504224805
2018-04-02,0.09125274416817167
2018-04-03,0.06944912312790105
2018-04-04,0.009125096892784313
2018-04-05,0.012274841036768321
2018-04-06,0.01563629029028537
2018-04-07,0.05427812482725008
2018-04-08,0.20469188888585407
2018-04-09,0.15889825047542117
2018-04-10,0.06744268186943217
2018-04-11,0.035069538294123744
2018-04-12,0.0028908080332543467
2018-04-13,0.0026377695296595696
2018-04-14,0.0024559656058531594
2018-04-15,0.028167726237471612
2018-04-16,0.1367524070314134
2018-04-17,0.05245372427099696
2018-04-18,0.09043154101483442
2018-04-19,0.08969583875081462
2018-04-20,0.24941977094222134
2018-04-21,0.005407580446757198
2018-04-22,0.002876098959875262
2018-04-23,0.004134060414366536
2018-04-24,0.007590764209833046
2018-04-25,0.006460712220568915
2018-04-26,0.006184446751667442
2018-04-27,0.010197008557940014
2018-04-28,0.006233460403633158
2018-04-29,0.007810177741885363
2018-04-30,0.014292662733145976
2018-05-01,0.023042421184729527
2018-05-02,0.06557876828279141
2018-05-03,0.06062125103862065
2018-05-04,0.009063300007627749
2018-05-05,0.03325657658064904
2018-05-06,0.17562560672530947
2018-05-07,0.06845166632991755
2018-05-08,0.020606720554609437
2018-05-09,0.0034625171972718044
2018-05-10,0.0031775464854475206
2018-05-11,0.009730114843146703
2018-05-12,0.16810513558459214
2018-05-13,0.06394199763342967
2018-05-14,0.08069111777390345
2018-05-15,0.06730362989968147
2018-05-16,0.04392912656590258
2018-05-17,0.048142739788471514
2018-05-18,0.07641730908399626
2018-05-19,0.03298112711431219
2018-05-20,0.01083196516641344
2018-05-21,0.014703434420234026
2018-05-22,0.013878842812242423
2018-05-23,0.011704260555028377
2018-05-24,0.009672137232063956
2018-05-25,0.007439008763157492
2018-05-26,0.019575680309642803
2018-05-27,0.02140446867394293
2018-05-28,0.022371789192821394
2018-05-29,0.047916786550770384
2018-05-30,0.02635003003502886
2018-05-31,0.04694471826295018
2018-06-01,0.022738682694983293
2018-06-02,0.007328523097429782
2018-06-03,0.008135511777836122
2018-06-04,0.018811512074701574
2018-06-05,0.04349802696992786
2018-06-06,0.02945111203241196
2018-06-07,0.017368599770680553
2018-06-08,0.016333374237199327
2018-06-09,0.0397703562513305
2018-06-10,0.05600860689279269
2018-06-11,0.0361102856638731
2018-06-12,0.022711422685301616
2018-06-13,0.010515000139928706
2018-06-14,0.021322093292310704
2018-06-15,0.0731914760128796
2018-06-16,0.06281462743554302
2018-06-17,0.02967572408879196
2018-06-18,0.042768195711515376
2018-06-19,0.029381622080410657
2018-06-20,0.038577249849782565
2018-06-21,0.032121581102395304
2018-06-22,0.053839511144401865
2018-06-23,0.0474632258185095
2018-06-24,0.036574494926155256
2018-06-25,0.01911761610229836
2018-06-26,0.04831995449244545
2018-06-27,0.1013046504169256
2018-06-28,0.13267845356518482
2018-06-29,0.097389848128872
2018-06-30,0.030410068690146768
2018-07-01,0.06684975818042489
2018-07-02,0.0674380335572359
2018-07-03,0.10999447481029054
2018-07-04,0.11061998362756083
2018-07-05,0.07688475599765471
2018-07-06,0.04092447593038307
2018-07-07,0.060485604366030045
2018-07-08,0.0460756796250189
2018-07-09,0.026875513617624767
2018-07-10,0.04243540920770793
2018-07-11,0.07586815638509276
2018-07-12,0.16792366999678954
2018-07-13,0.05285971113901908
2018-07-14,0.05169203333181265
2018-07-15,0.08164078959296132
2018-07-16,0.08351573884674558
2018-07-17,0.10101942222903595
2018-07-18,0.06145577249444583
2018-07-19,0.05355684930417875
2018-07-20,0.07945927496553006
2018-07-21,0.08202673542705938
2018-07-22,0.1690896032126857
2018-07-23,0.32832733907890455
2018-07-24,0.0972880363601992
2018-07-25,0.12307106880457144
2018-07-26,0.08671665607024795
2018-07-27,0.06732722093983562
2018-07-28,0.04636820016451917
2018-07-29,0.03541837343842317
2018-07-30,0.04161755954661021
2018-07-31,0.0204721686784431
2018-08-01,0.030767977994490835
2018-08-02,0.024068347185708206
2018-08-03,0.018770129336106837
2018-08-04,0.025110129299066596
2018-08-05,0.022828462416285212
2018-08-06,0.1533749064324677
2018-08-07,0.31094690243280254
2018-08-08,0.15902528529621382
2018-08-09,0.033011119201176345
2018-08-10,0.03140665036362944
2018-08-11,0.03432467344990195
2018-08-12,0.06557172687156049
2018-08-13,0.08210047073856151
2018-08-14,0.022669966006442836
2018-08-15,0.02423714970187169
2018-08-16,0.027022938531245926
2018-08-17,0.1516084601894592
2018-08-18,0.041616016551141936
2018-08-19,0.007578213984779347
2018-08-20,0.02070701349881618
2018-08-21,0.051431829333424314
2018-08-22,0.022699587469679122
2018-08-23,0.0422982932558029
2018-08-24,0.05376148845018477
2018-08-25,0.0278311339097484
2018-08-26,0.0319084019561748
2018-08-27,0.016816376778312842
2018-08-28,0.017394466499750034
2018-08-29,0.016412107400507994
2018-08-30,0.02120537997990759
2018-08-31,0.01757649217149959
2018-09-01,0.03671375180339578
2018-09-02,0.06118899602663054
2018-09-03,0.03213719866109569
2018-09-04,0.031100495469900707
2018-09-05,0.023427355888044923
2018-09-06,0.06708763392453199
2018-09-07,0.05601441004533958
2018-09-08,0.04733257123500113
2018-09-09,0.046346101412882694
2018-09-10,0.07082818520019894
2018-09-11,0.039679267512736
2018-09-12,0.018913241091657852
2018-09-13,0.05089345848837779
2018-09-14,0.0516792247432283
2018-09-15,0.1003455030565248
2018-09-16,0.03790200378729812
2018-09-17,0.007676834136608804
2018-09-18,0.003925639301238948
2018-09-19,0.006135351452513399
2018-09-20,0.011426766796424397
2018-09-21,0.028315732262682615
2018-09-22,0.15313947906441738
2018-09-23,0.1862263842626491
2018-09-24,0.03812908583148467
2018-09-25,0.027459688803782443
2018-09-26,0.02544027948209208
2018-09-27,0.0203667239721427
2018-09-28,0.018565758037104703
2018-09-29,0.03183844894845018
2018-09-30,0.02604517629497868
2018-10-01,0.009656656529259521
2018-10-02,0.033525808436419835
2018-10-03,0.012272455300667109
2018-10-04,0.019503966846734413
2018-10-05,0.015122120809206715
2018-10-06,0.006846026678819942
2018-10-07,0.00446422288626654
2018-10-08,0.05976792397208782
2018-10-09,0.009135400978908909
2018-10-10,0.008416395769046466
2018-10-11,0.006051147818309229
2018-10-12,0.004352748664578097
2018-10-13,0.0035078065068479105
2018-10-14,0.0033605494246701415
2018-10-15,0.044951412451896745
2018-10-16,0.10814853117090789
2018-10-17,0.004595087328667204
2018-10-18,0.0023088897310105942
2018-10-19,0.0018540365469133545
2018-10-20,0.0007213221776166575
2018-10-21,0.0004427099897420561
2018-10-22,0.000893346054526034
2018-10-23,0.0009417376131893334
2018-10-24,0.0009837100958580655
2018-10-25,0.000794640176804564
2018-10-26,0.0005853459878653936
2018-10-27,0.0002352174155524648
2018-10-28,0.00024217955050510783
2018-10-29,0.0007441770260535998
2018-10-30,0.002795753646878899
2018-10-31,0.03451654036546556
2018-11-01,0.36172589318113674
2018-11-02,0.02766725076575112
2018-11-03,0.02459612730804891
2018-11-04,0.0012759339799440145
2018-11-05,0.0009554334780895153
2018-11-06,0.00039086251057593826
2018-11-07,0.0018330177409577367
2018-11-08,0.005702999989796903
2018-11-09,0.013790717152887735
2018-11-10,0.011713158821421122
2018-11-11,0.016332370299588204
2018-11-12,0.02713982019564346
2018-11-13,0.01423434027209515
2018-11-14,0.020999393951243832
2018-11-15,0.002483966088864911
2018-11-16,0.0004941612149705975
2018-11-17,0.0015786369847032146
2018-11-18,0.005968682164652977
2018-11-19,0.00662592483723978
2018-11-20,0.0010779632627389679
2018-11-21,0.0012164201387303297
2018-11-22,0.004291097534020202
2018-11-23,0.001345085681925048
2018-11-24,0.005240662690916334
2018-11-25,0.001855122656984467
2018-11-26,0.0007267367770471189
2018-11-27,0.0044775060752432335
2018-11-28,0.007746251733971034
2018-11-29,0.0009895224853992285
2018-11-30,0.0007386536100716571
2018-12-01,0.0010895252777411235
2018-12-02,0.0011133139105083414
2018-12-03,0.00012858597786275417
2018-12-04,0.00020448115716085032
2018-12-05,0.0014651496651413541
2018-12-06,0.0004429050327154545
2018-12-07,0.0010104627823563131
2018-12-08,0.00408652297168846
2018-12-09,0.02997273488097887
2018-12-10,0.0345385605942239
2018-12-11,0.0021660191530033014
2018-12-12,0.0016663535256608954
2018-12-13,0.000356196067912413
2018-12-14,0.00037773125724840326
2018-12-15,0.000358822008380245
2018-12-16,0.0005226924231707317
2018-12-17,0.00025167369913952275
2018-12-18,0.0010516355758972502
2018-12-19,0.0008561065390939763
2018-12-20,0.00022638488638905473
2018-12-21,0.00018379749463566853
2018-12-22,0.00039292641157378486
2018-12-23,0.0004717390734531213
2018-12-24,0.0004748346724190608
2018-12-25,0.00031234087597058744
2018-12-26,0.0005985321702549175
2018-12-27,0.0002559231465516001
2018-12-28,9.10898195891169e-05
2018-12-29,0.00024184694387809568
2018-12-30,0.0012288312540936655
2018-12-31,0.0005887552017432256
2019-01-01,0.008660244479861485
2019-01-02,0.0037931657622940545
2019-01-03,0.0007565332200938633
2019-01-04,0.04682307667674714
2019-01-05,0.00671232176939316
2019-01-06,0.0005780045456696199
2019-01-07,0.0005624526607616022
2019-01-08,0.0011767158438316556
2019-01-09,0.0006506737566761101
2019-01-10,0.009050136913302097
2019-01-11,0.012690605366555755
2019-01-12,0.048943205013000354
2019-01-13,0.0006459105112705384
2019-01-14,0.0007967836404158439
2019-01-15,0.0034090600756553307
2019-01-16,0.010789135541791601
2019-01-17,0.0006718522192734676
2019-01-18,0.008763391812081063
2019-01-19,0.01955330288965551
2019-01-20,0.055783626848203864
2019-01-21,0.19377089743060782
2019-01-22,0.022556371571948394
2019-01-23,0.004429971149374763
2019-01-24,0.0008261930671412169
2019-01-25,0.0027243876720424937
2019-01-26,0.00040037051635995137
2019-01-27,0.00018199075260606214
2019-01-28,0.0002147293129131151
2019-01-29,0.001248538144190407
2019-01-30,0.013714117778932304
2019-01-31,0.032159574764387175
2019-02-01,0.003015598913239897
2019-02-02,0.0008195353133634004
2019-02-03,0.0005871963666126913
2019-02-04,0.006197986571466866
2019-02-05,0.034601502176355686
2019-02-06,0.056458558531318453
2019-02-07,0.03595708951562181
2019-02-08,0.004240780148589226
2019-02-09,0.0007300638643148641
2019-02-10,0.0018042904459640242
2019-02-11,0.003819006868641566
2019-02-12,0.04771305015391452
2019-02-13,0.05278653661881389
2019-02-14,0.0549730858856528
2019-02-15,0.003892544556565687
2019-02-16,0.0010044245516209853
2019-02-17,0.005040916060449616
2019-02-18,0.007077398574543682
2019-02-19,0.004874910872608363
2019-02-20,0.07637462023372164
2019-02-21,0.009131899359826536
2019-02-22,0.0003578539603827007
2019-02-23,0.0010326364895533874
2019-02-24,0.006475590700490858
2019-02-25,0.004834630149463131
2019-02-26,0.022772235064175368
2019-02-27,0.00021599711611715655
2019-02-28,0.0009119683743931159
2019-03-01,0.0069591491842690405
2019-03-02,0.04027358516728304
2019-03-03,0.00658606143857513
2019-03-04,0.0021626402293307098
2019-03-05,0.00048615096427131685
2019-03-06,0.0032220653599208562
2019-03-07,0.005312601527920941
2019-03-08,0.0003547963488798374
2019-03-09,0.00023814362711023322
2019-03-10,0.005473571873650183
2019-03-11,0.04672204749397085
2019-03-12,0.0003970767937357102
2019-03-13,0.00970791141318164
2019-03-14,0.011154499779881465
2019-03-15,0.0014555508069302389
2019-03-16,0.000763873129689652
2019-03-17,0.000710188104795802
2019-03-18,0.003582715665893444
2019-03-19,0.07174012613393084
2019-03-20,0.005169699123411983
2019-03-21,0.001504664558802532
2019-03-22,0.0026882763125572824
2019-03-23,0.006639525762926502
2019-03-24,0.0031254865074375666
2019-03-25,0.0010246190585620541
2019-03-26,0.0012997301632813032
2019-03-27,0.012568416362537879
2019-03-28,0.012315043699150834
2019-03-29,0.14803128474465174
2019-03-30,0.15204015471682159
2019-03-31,0.000620705363566382
2019-04-01,0.0010063336418688162
2019-04-02,0.0014853436459799532
2019-04-03,0.0013207720918623034
2019-04-04,0.0023165119506379514
2019-04-05,0.010244982854242772
2019-04-06,0.007769695808571224
2019-04-07,0.005070587728483212
2019-04-08,0.001777051682695905
2019-04-09,0.0368549817488968
2019-04-10,0.010624190309587354
2019-04-11,0.040841285589471095
2019-04-12,0.02104920464165419
2019-04-13,0.030057318827196613
2019-04-14,0.022496430053589284
2019-04-15,0.03222989466312382
2019-04-16,0.0984739897089986
2019-04-17,0.054631275930535905
2019-04-18,0.013989128249482475
2019-04-19,0.003003136885133137
2019-04-20,0.004702797186118424
2019-04-21,0.0046536726447803075
2019-04-22,0.007472175403845453
2019-04-23,0.10460004935564503
2019-04-24,0.1048635321858496
2019-04-25,0.04708346724639744
2019-04-26,0.011680137381058086
2019-04-27,0.020861416429458022
2019-04-28,0.0039025622242963116
2019-04-29,0.019264689894475173
2019-04-30,0.04704806415282928
2019-05-01,0.01581260365198203
2019-05-02,0.029188858087482877
2019-05-03,0.014353386468371681
2019-05-04,0.0031641693779002307
2019-05-05,0.003122569540488011
2019-05-06,0.0014487611351504906
2019-05-07,0.002988007953665449
2019-05-08,0.0019427750397841266
2019-05-09,0.016601745520919413
2019-05-10,0.04429098251207774
2019-05-11,0.05308947358351465
2019-05-12,0.015182362492738171
2019-05-13,0.042041227988416495
2019-05-14,0.01904090264658247
2019-05-15,0.04148614672367819
2019-05-16,0.058124579186949604
2019-05-17,0.07274184258808475
2019-05-18,0.028824251865574715
2019-05-19,0.0924385825365054
2019-05-20,0.018195429282742585
2019-05-21,0.008888843675068057
2019-05-22,0.029216159004589612
2019-05-23,0.07635230937850304
2019-05-24,0.10270562538427343
2019-05-25,0.030256309440313458
2019-05-26,0.022470930260886222
2019-05-27,0.008800719566090942
2019-05-28,0.0038286950445597474
2019-05-29,0.0026137936841514357
2019-05-30,0.009125151298416007
2019-05-31,0.0076803783331378436
2019-06-01,0.016298436215489123
2019-06-02,0.048374490519951505
2019-06-03,0.050868472815810584
2019-06-04,0.04920663248742904
2019-06-05,0.02902132292540293
2019-06-06,0.025793561716586526
2019-06-07,0.025545057963047305
2019-06-08,0.03956868685790043
2019-06-09,0.007631430910134061
2019-06-10,0.054382631599028494
2019-06-11,0.21026062342535895
2019-06-12,0.0637957598875041
2019-06-13,0.003965088508683736
2019-06-14,0.012009284621847652
2019-06-15,0.03254990490003559
2019-06-16,0.01633210439989291
2019-06-17,0.01986742378602594
2019-06-18,0.010646383505427789
2019-06-19,0.02230242654113875
2019-06-20,0.028082627483391163
2019-06-21,0.02276869862302694
2019-06-22,0.028036039570987846
2019-06-23,0.0424850312195921
2019-06-24,0.07262325536188007
2019-06-25,0.0316186012283921
2019-06-26,0.01694950834376719
2019-06-27,0.027490222334158994
2019-06-28,0.015002533176729543
2019-06-29,0.03405255732519665
2019-06-30,0.03989237178815983
2019-07-01,0.03584431394438833
2019-07-02,0.03871424395619406
2019-07-03,0.0765717159463803
2019-07-04,0.061533024800302635
2019-07-05,0.04471360574786439
2019-07-06,0.03658726184401788
2019-07-07,0.055081026583496104
2019-07-08,0.06890523118427815
2019-07-09,0.08915653463669329
2019-07-10,0.054499722263150155
2019-07-11,0.04070864068739789
2019-07-12,0.08716212485572748
2019-07-13,0.043735618989360826
2019-07-14,0.04930484713780861
2019-07-15,0.03994200594325173
2019-07-16,0.03201445789283493
2019-07-17,0.01131136341904402
2019-07-18,0.1008986735940094
2019-07-19,0.04880734301965554
2019-07-20,0.02128640132288866
2019-07-21,0.034109019362133904
2019-07-22,0.02848975116687495
2019-07-23,0.037208572835610375
2019-07-24,0.0622636132049303
2019-07-25,0.2083888508267406
2019-07-26,0.11786738325264974
2019-07-27,0.2218441237135676
2019-07-28,0.07691741356832965
2019-07-29,0.037003211989752954
2019-07-30,0.02886467221092512
2019-07-31,0.07299058016139869
2019-08-01,0.05683833425924198
2019-08-02,0.03054173951002772
2019-08-03,0.020114308047300588
2019-08-04,0.022211892029702564
2019-08-05,0.011079503362575687
2019-08-06,0.05544725828725177
2019-08-07,0.027659466316499785
2019-08-08,0.033136561691646436
2019-08-09,0.3093913363611098
2019-08-10,0.10325091141773009
2019-08-11,0.045513562201417994
2019-08-12,0.03706695776535593
2019-08-13,0.17986457043148657
2019-08-14,0.09373642892482362
2019-08-15,0.009820271549601326
2019-08-16,0.11167441088257614
2019-08-17,0.09020642526161218
2019-08-18,0.06761628004641386
2019-08-19,0.051088114201974656
2019-08-20,0.009141462833636102
2019-08-21,0.008662083073410183
2019-08-22,0.008647735312322566
2019-08-23,0.00835007528941682
2019-08-24,0.01693947990581026
2019-08-25,0.02416456828066796
2019-08-26,0.02622043636584846
2019-08-27,0.017637712160082735
2019-08-28,0.022501378569776163
2019-08-29,0.014354474054442453
2019-08-30,0.06806447700652263
2019-08-31,0.013045326752607684
2019-09-01,0.04210061854664256
2019-09-02,0.013388908914516983
2019-09-03,0.02447737116260219
2019-09-04,0.026189931707723723
2019-09-05,0.0345294958974729
2019-09-06,0.019557920276413843
2019-09-07,0.0329834816104447
2019-09-08,0.01882967037583186
2019-09-09,0.02388833153203528
2019-09-10,0.02227639808218466
2019-09-11,0.02220636296417149
2019-09-12,0.0254526347166878
2019-09-13,0.0315975865055062
2019-09-14,0.018136591934214248
2019-09-15,0.020503392583298148
2019-09-16,0.024097022664996227
2019-09-17,0.009638987048901032
2019-09-18,0.01210224484333428
2019-09-19,0.023126474555782643
2019-09-20,0.019488411922466968
2019-09-21,0.022341175080107047
2019-09-22,0.006117238343032393
2019-09-23,0.0068395937219434665
2019-09-24,0.005549900272849307
2019-09-25,0.007942460354366685
2019-09-26,0.01811010310966944
2019-09-27,0.018100186535082517
2019-09-28,0.03601171944413533
2019-09-29,0.020365223092787262
2019-09-30,0.07234292368383216
2019-10-01,0.033539536204278596
2019-10-02,0.01019558014320119
2019-10-03,0.061419228440726656
2019-10-04,0.04072451535448767
2019-10-05,0.009690381827093048
2019-10-06,0.05576807336211913
2019-10-07,0.016383839483958416
2019-10-08,0.004616345862248027
2019-10-09,0.0015741981337336437
2019-10-10,0.0015403611354931567
2019-10-11,0.003565916518199802
2019-10-12,0.001726215861621162
2019-10-13,0.0011286389155434734
2019-10-14,0.0031949636144503473
2019-10-15,0.002155695543395674
2019-10-16,0.004720482239073443
2019-10-17,0.08424873828471782
2019-10-18,0.018276034842369223
2019-10-19,0.005772335967513244
2019-10-20,0.0020204661756460392
2019-10-21,0.003059345710080181
2019-10-22,0.008500091236523408
2019-10-23,0.005831203071151138
2019-10-24,0.002704399992098688
2019-10-25,0.002501411451650368
2019-10-26,0.001129108572874053
2019-10-27,0.0039216331800166
2019-10-28,0.005924660638000314
2019-10-29,0.007754985704812098
2019-10-30,0.013523661958211834
2019-10-31,0.0059068734329007005
2019-11-01,0.06914736956823908
2019-11-02,0.034307815904560654
2019-11-03,0.013046068485005596
2019-11-04,0.014719663872592603
2019-11-05,0.09529495585538575
2019-11-06,0.14261119905330358
2019-11-07,0.03957235168923633
2019-11-08,0.00981010346892412
2019-11-09,0.0006494536843506345
2019-11-10,0.0002526422585024093
2019-11-11,0.0020697400783784795
2019-11-12,0.009646899286857798
2019-11-13,0.04783022654343531
2019-11-14,0.10915824229592591
2019-11-15,0.11213156115275238
2019-11-16,0.07246930462091672
2019-11-17,0.002855853128622884
2019-11-18,0.0012108489948284538
2019-11-19,0.0068766864442940685
2019-11-20,0.015260997088906984
2019-11-21,0.08942228363622279
2019-11-22,0.10289364268844609
2019-11-23,0.007416077444969013
2019-11-24,0.015747324059109724
2019-11-25,0.004525096446364958
2019-11-26,0.010948175985190779
2019-11-27,0.019920456540766115
2019-11-28,0.0017874091647428236
2019-11-29,0.0006725549001774741
2019-11-30,0.00041814131246280305
2019-12-01,0.0008826952748066828
2019-12-02,0.00021127288743840917
2019-12-03,0.0002707918516032161
2019-12-04,0.0003586474912328715
2019-12-05,0.00016351676390004158
2019-12-06,0.0006667029878374385
2019-12-07,0.001286969503551928
2019-12-08,0.0017236325342195804
2019-12-09,0.0015780195088659827
2019-12-10,0.01730885601972698
2019-12-11,0.005555774751510806
2019-12-12,0.01786470625571147
2019-12-13,0.008659902141067512
2019-12-14,0.0033403533901172084
2019-12-15,0.0004658835724480069
2019-12-16,0.0007508024374286041
2019-12-17,0.00027497611581842166
2019-12-18,0.001516238506093278
2019-12-19,0.0015658604056395676
2019-12-20,0.0009288132155827873
2019-12-21,0.0005617638262552912
2019-12-22,0.0004196087809683524
2019-12-23,0.00028863091289519434
2019-12-24,0.0003362238108520986
2019-12-25,0.00010462348286057884
2019-12-26,0.00033790121404324346
2019-12-27,0.00031854386802898643
2019-12-28,0.00011208709217301954
2019-12-29,0.0002157604931842915
2019-12-30,0.0008590209430436418
2019-12-31,0.0008469347285116348
2020-01-01,0.008248050688473469
2020-01-02,0.004198917506079175
2020-01-03,0.013403355837811702
2020-01-04,0.0023836644177432005
2020-01-05,0.005670312242477655
2020-01-06,0.02991041433051895
2020-01-07,0.0026624393158645445
2020-01-08,0.002998088790297269
2020-01-09,0.0012616622280324297
2020-01-10,0.001758126002453967
2020-01-11,0.015411865627765024
2020-01-12,0.0888269669954408
2020-01-13,0.17309227765846585
2020-01-14,0.0009608070157019219
2020-01-15,0.0015631923840856395
2020-01-16,0.0005801777790390006
2020-01-17,0.0010340392945435814
2020-01-18,0.0018619082202514456
2020-01-19,0.0023704885108305988
2020-01-20,0.016557248211600855
2020-01-21,0.007646681498047205
2020-01-22,0.001740005167122261
2020-01-23,0.0015757790360431138
2020-01-24,0.002937619698583151
2020-01-25,0.0027229555977017037
2020-01-26,0.0016131586845439642
2020-01-27,0.008300566896854109
2020-01-28,0.07514495589700113
2020-01-29,0.005791008047389499
2020-01-30,0.0006023987077767776
2020-01-31,0.0011155559230943616
2020-02-01,0.00035981907407098653
2020-02-02,0.00010849823651482808
2020-02-03,0.0003932631223558011
2020-02-04,0.0008793473650320957
2020-02-05,0.00016452997785562239
2020-02-06,0.00023032328809192244
2020-02-07,0.00010622799576042171
2020-02-08,0.00017718644642519796
2020-02-09,7.213129259161219e-06
2020-02-10,0.0007185360976201678
2020-02-11,0.01106163916129512
2020-02-12,0.01308734855908482
2020-02-13,0.01840711544472191
2020-02-14,0.0006356736477879631
2020-02-15,0.00031677613276197525
2020-02-16,0.00016861158634853764
2020-02-17,5.363061504554135e-05
2020-02-18,0.000551559828307032
2020-02-19,0.013611654647447478
2020-02-20,0.005799555729814004
2020-02-21,0.00034251611635380383
2020-02-22,0.0005000526486073692
2020-02-23,6.354000777014094e-05
2020-02-24,0.0005256463501945069
2020-02-25,0.00012666477070290115
2020-02-26,0.002032908098638984
2020-02-27,0.043002651371936956
2020-02-28,0.05601433341961918
2020-02-29,0.04407677618073077
2020-03-01,0.006896236623223226
2020-03-02,0.0011000035233869323
2020-03-03,0.001542654482024767
2020-03-04,0.06206703343109187
2020-03-05,0.03196737385004487
2020-03-06,0.0593689064399627
2020-03-07,0.07573155849794619
2020-03-08,0.010599977322126712
2020-03-09,0.0037263992740695405
2020-03-10,0.0017661660208917575
2020-03-11,0.023883106888492617
2020-03-12,0.030359349457787045
2020-03-13,0.0055891466776127685
2020-03-14,0.0030046023054810882
2020-03-15,0.003055431977863441
2020-03-16,0.0010257806217844627
2020-03-17,0.00543948080279646
2020-03-18,0.0012407352537158439
2020-03-19,0.00599790118736003
2020-03-20,0.03770733455461664
2020-03-21,0.019636247945024367
2020-03-22,0.009425187334116012
2020-03-23,0.07258112556632156
2020-03-24,0.10160709463350664
2020-03-25,0.0220009004184585
2020-03-26,0.019724782674636045
2020-03-27,0.26945985411402024
2020-03-28,0.06928806916687652
2020-03-29,0.006447305356899487
2020-03-30,0.020629437316787742
2020-03-31,0.267933503402622
2020-04-01,0.05595770248548084
2020-04-02,0.006180957505999327
2020-04-03,0.002636227115472256
2020-04-04,0.0011817547344956359
2020-04-05,0.027098049496282934
2020-04-06,0.02140782293364559
2020-04-07,0.023698380230253075
2020-04-08,0.005605326841776273
2020-04-09,0.048665806992198815
2020-04-10,0.00510254662303526
2020-04-11,0.0032134381358197585
2020-04-12,0.008243923262853512
2020-04-13,0.04969286408851517
2020-04-14,0.3067565979596021
2020-04-15,0.07807381770810244
2020-04-16,0.029485147128700456
2020-04-17,0.1634120348790395
2020-04-18,0.08494535277177107
2020-04-19,0.040856375050794175
2020-04-20,0.021580236426678563
2020-04-21,0.006801193701166375
2020-04-22,0.0029800243771801955
2020-04-23,0.0024695095387592806
2020-04-24,0.002506513477510725
2020-04-25,0.04524870071537003
2020-04-26,0.006751950092803951
2020-04-27,0.04940747224688605
2020-04-28,0.017787394517816378
2020-04-29,0.07062425396552771
2020-04-30,0.016180481990253227
2020-05-01,0.12251074422200336
2020-05-02,0.1592196229380356
2020-05-03,0.05062168653979041
2020-05-04,0.038862244246443224
2020-05-05,0.03497675984848798
2020-05-06,0.015755921514911477
2020-05-07,0.0067699482611602
2020-05-08,0.024161826394168837
2020-05-09,0.04608590936227819
2020-05-10,0.0169734898606556
2020-05-11,0.03430381345690522
2020-05-12,0.017910061281276517
2020-05-13,0.07048123861656679
2020-05-14,0.17280698865207728
2020-05-15,0.018592346436285018
2020-05-16,0.014685702117721047
2020-05-17,0.021717021999402467
2020-05-18,0.02324545659016843
2020-05-19,0.008266642096002662
2020-05-20,0.0027989144179546258
2020-05-21,0.0035541156870010026
2020-05-22,0.016539958880070992
2020-05-23,0.05968350461876147
2020-05-24,0.028403365087143712
2020-05-25,0.013432929896041657
2020-05-26,0.006279180872323926
2020-05-27,0.008208511547687907
2020-05-28,0.023107359986890248
2020-05-29,0.07013229534851778
2020-05-30,0.059946094373311165
2020-05-31,0.0685862690612274
2020-06-01,0.025156996139371654
2020-06-02,0.038119965219793904
2020-06-03,0.042935169879768365
2020-06-04,0.028382466897255657
2020-06-05,0.020019537441402842
2020-06-06,0.008210572836841614
2020-06-07,0.006968322412212515
2020-06-08,0.03239513148493178
2020-06-09,0.03410240415733254
2020-06-10,0.025168681272720747
2020-06-11,0.024243508705400627
2020-06-12,0.03817213151182072
2020-06-13,0.039995174160375034
2020-06-14,0.00746336035144095
2020-06-15,0.01238929788903824
2020-06-16,0.0071712005863306645
2020-06-17,0.008375390271315213
2020-06-18,0.012087953061640174
2020-06-19,0.025919326119831942
2020-06-20,0.015271074793664132
2020-06-21,0.006735450662799243
2020-06-22,0.013602665084241586
2020-06-23,0.057139265009263404
2020-06-24,0.03861152214319631
2020-06-25,0.018215064320975527
2020-06-26,0.017530303106241686
2020-06-27,0.015141716802464405
2020-06-28,0.07656042409158054
2020-06-29,0.008731052021389832
2020-06-30,0.021159392133212652
2020-07-01,0.014930387297344144
2020-07-02,0.021424346909224137
2020-07-03,0.00943824719752011
2020-07-04,0.07648171485707068
2020-07-05,0.03066702917531625
2020-07-06,0.01038284171700425
2020-07-07,0.033892060247823236
2020-07-08,0.030952834074145244
2020-07-09,0.031788986241853
2020-07-10,0.022430690661222122
2020-07-11,0.036130360186814946
2020-07-12,0.05309229443757074
2020-07-13,0.022908705564606457
2020-07-14,0.04310518067020501
2020-07-15,0.04449397987036998
2020-07-16,0.03259449817957179
2020-07-17,0.058411621562769356
2020-07-18,0.023946656635728227
2020-07-19,0.026601652385763362
2020-07-20,0.08576098976859566
2020-07-21,0.07079874517841728
2020-07-22,0.016996808687975585
2020-07-23,0.008413257022199529
2020-07-24,0.024620019492630475
2020-07-25,0.049407625443877855
2020-07-26,0.03837340823865052
2020-07-27,0.030537320108375086
2020-07-28,0.044098832044717075
2020-07-29,0.06628842041617908
2020-07-30,0.027491799639991054
2020-07-31,0.08507249694194749
2020-08-01,0.0752754521815488
2020-08-02,0.07507330379349084
2020-08-03,0.0710897751538057
2020-08-04,0.04967532283072827
2020-08-05,0.04866964988198161
2020-08-06,0.030027179880836856
2020-08-07,0.05848001459433006
2020-08-08,0.3326742475949234
2020-08-09,0.15516569051440024
2020-08-10,0.02794381591529875
2020-08-11,0.015553238369066372
2020-08-12,0.034736015426355814
2020-08-13,0.06972200339851423
2020-08-14,0.03261623722488466
2020-08-15,0.03129818850458822
2020-08-16,0.023198710631702098
2020-08-17,0.11789133034581162
2020-08-18,0.12879606379520553
2020-08-19,0.06793580783253754
2020-08-20,0.05849314018161658
2020-08-21,0.1078760502327423
2020-08-22,0.034948429290712395
2020-08-23,0.01182361622722616
2020-08-24,0.02332783911771913
2020-08-25,0.41499126566925265
2020-08-26,0.5154865734202905
2020-08-27,0.3566494538116485
2020-08-28,0.057747396190202985
2020-08-29,0.040158420444617975
2020-08-30,0.03637143916059461
2020-08-31,0.5882455629739924
2020-09-01,0.41444635975919175
2020-09-02,0.036452651437811096
2020-09-03,0.0495800748655594
2020-09-04,0.016618874665145417
2020-09-05,0.009682474710946298
2020-09-06,0.04058787343284615
2020-09-07,0.005374659146180848
2020-09-08,0.007623399587041439
2020-09-09,0.007009753921741695
2020-09-10,0.008589414345459621
2020-09-11,0.0059074985972816674
2020-09-12,0.008431839302455087
2020-09-13,0.009757010205380905
2020-09-14,0.008283382721628678
2020-09-15,0.005183989329373121
2020-09-16,0.0074378615687957774
2020-09-17,0.00879469264701896
2020-09-18,0.006277383840333185
2020-09-19,0.007260834749402471
2020-09-20,0.012783325295794158
2020-09-21,0.01359847619905893
2020-09-22,0.008306326337360687
2020-09-23,0.006605678520329243
2020-09-24,0.012113782318902715
2020-09-25,0.05649185939184747
2020-09-26,0.07926950097225552
2020-09-27,0.031890900564900584
2020-09-28,0.018024141979291117
2020-09-29,0.015881246591094075
2020-09-30,0.010771131147618582
2020-10-01,0.002513987442592475
2020-10-02,0.004444288618245828
2020-10-03,0.0020797249128332914
2020-10-04,0.0043451274649586955
2020-10-05,0.003422466922458691
2020-10-06,0.004271944977013658
2020-10-07,0.005387332028329063
2020-10-08,0.004642033500116507
2020-10-09,0.009321996875316613
2020-10-10,0.003956941200082191
2020-10-11,0.004114085591815247
2020-10-12,0.005773354817191519
2020-10-13,0.007579530543252488
2020-10-14,0.01017134606921257
2020-10-15,0.008310363845432048
2020-10-16,0.01590533328568025
2020-10-17,0.008879475274620243
2020-10-18,0.011995948035875257
2020-10-19,0.012720977609509746
2020-10-20,0.012856605859839181
2020-10-21,0.015399446714784555
2020-10-22,0.0028332379943275562
2020-10-23,0.0012595562200701385
2020-10-24,0.0015256823573727184
2020-10-25,0.004719660482928232
2020-10-26,0.0005041398971881317
2020-10-27,0.0005077605802661965
2020-10-28,0.002225978519315528
2020-10-29,0.0019034100187908334
2020-10-30,0.0005837712485816012
2020-10-31,0.0007546351080392983
2020-11-01,0.011906710490877234
2020-11-02,0.001183152377784119
2020-11-03,0.0014824138417575752
2020-11-04,0.0018935468084413064
2020-11-05,0.0021638659397291743
2020-11-06,0.0017089532084089032
2020-11-07,0.003050794437422568
2020-11-08,0.0041581707486897665
2020-11-09,0.0014700832997137008
2020-11-10,0.001181191651384444
2020-11-11,0.0022804165169280784
2020-11-12,0.006401811771672958
2020-11-13,0.034886361895213734
2020-11-14,0.22159205140584295
2020-11-15,0.15061308765287015
2020-11-16,0.0028018801509219937
2020-11-17,0.00040792754497791337
2020-11-18,0.005337133219463882
2020-11-19,0.012721909883273834
2020-11-20,0.0005986840998911578
2020-11-21,0.0006063827908569065
2020-11-22,0.008530040626959494
2020-11-23,0.020116919608095314
2020-11-24,0.009919600012648532
2020-11-25,0.03852292768727776
2020-11-26,0.0012564015978064039
2020-11-27,0.0004560819744532735
2020-11-28,0.0034641181258392006
2020-11-29,0.0012557091996543085
2020-11-30,0.0025094576367961094
2020-12-01,0.0024125001444173853
2020-12-02,0.0003967477816619307
2020-12-03,0.0005273576281480596
2020-12-04,0.004861845307229488
2020-12-05,0.0036498332191191997
2020-12-06,0.0023812263392780668
2020-12-07,0.03899508183572579
2020-12-08,0.019584098163087038
2020-12-09,0.007885014525497447
2020-12-10,0.0010291887954738724
2020-12-11,0.04160487398582768
2020-12-12,0.02632941371103736
2020-12-13,0.0010280688162944988
2020-12-14,0.001814294791899688
2020-12-15,0.0013159359664204923
2020-12-16,0.000296607288495092
2020-12-17,0.0007027260349567907
2020-12-18,0.0008644981553821483
2020-12-19,0.0001455042145104717
2020-12-20,0.0017448854248599385
2020-12-21,0.0040211515889098295
2020-12-22,0.0003382764171836423
2020-12-23,0.0003417728891012681
2020-12-24,0.0014023164513230805
2020-12-25,0.0012311769462604993
2020-12-26,0.0008199572237257255
2020-12-27,0.0026117159240363137
2020-12-28,0.0032565428979970078
2020-12-29,0.0010452534511228744
2020-12-30,0.0028693929533645385
2020-12-31,0.0015122872708707425
2021-01-01,0.0027252141549566236
2021-01-02,0.0011610720942078472
2021-01-03,0.008596647553432958
2021-01-04,0.029721211067830246
2021-01-05,0.06409590333541479
2021-01-06,0.008360532387246392
2021-01-07,0.0030944181597433893
2021-01-08,0.004577587552700186
2021-01-09,0.0028455454464383283
2021-01-10,0.002783460558436923
2021-01-11,0.006844975004989956
2021-01-12,0.0035759342133422126
2021-01-13,0.0024931009333336537
2021-01-14,0.005558408914916783
2021-01-15,0.0004933461318650232
2021-01-16,0.0004368211223149882
2021-01-17,0.0034073457162096614
2021-01-18,0.001186022130944545
2021-01-19,0.0008603842251696758
2021-01-20,0.001134468240853297
2021-01-21,0.0010654695051608928
2021-01-22,0.0127894431920815
2021-01-23,0.003451502226544576
2021-01-24,0.0009535235568447603
2021-01-25,0.0008162626312494384
2021-01-26,0.0002148663636339635
2021-01-27,0.0008522964562666415
2021-01-28,0.0007946376193013575
2021-01-29,0.00030384967717044924
2021-01-30,0.00029410402467854735
2021-01-31,0.0017957484265989979
2021-02-01,0.0004693497345506686
2021-02-02,0.0008361004055313456
2021-02-03,0.0013306902084180277
2021-02-04,0.0003950847577816552
2021-02-05,0.00030345958183313105
2021-02-06,5.216930608628311e-05
2021-02-07,0.00031498170241788204
2021-02-08,0.000921653469529092
2021-02-09,0.0015220519301513643
2021-02-10,0.0005440659339934078
2021-02-11,0.00014242144958323324
2021-02-12,0.00038592013402009216
2021-02-13,0.0005969122556906151
2021-02-14,0.0002853028045920729
2021-02-15,0.0001651069029007649
2021-02-16,0.00022668720768683563
2021-02-17,0.00031157505493980615
2021-02-18,0.0006131170289621253
2021-02-19,0.0015578783778422685
2021-02-20,0.008843045691391308
2021-02-21,0.008875940311475547
2021-02-22,0.050895164426649556
2021-02-23,0.010581698340864434
2021-02-24,0.02956812963009154
2021-02-25,0.02437364841854385
2021-02-26,0.03360269136574441
2021-02-27,0.00702715460109235
2021-02-28,0.00035130193606933076
2021-03-01,0.0013798367546173373
2021-03-02,0.00038732549522023103
2021-03-03,0.0008657608245750876
2021-03-04,0.0030455302523803712
2021-03-05,0.003273699287514723
2021-03-06,0.01118509696175831
2021-03-07,0.030097961883409092
2021-03-08,0.004341682326465945
2021-03-09,0.0067016799026453616
2021-03-10,0.03805678261848724
2021-03-11,0.06818576732541909
2021-03-12,0.012973557850147964
2021-03-13,0.017620688277656404
2021-03-14,0.06837175678399976
2021-03-15,0.00461587365882984
2021-03-16,0.008178848025720728
2021-03-17,0.004798456729444277
2021-03-18,0.0019962583410311732
2021-03-19,0.0015830866125092313
2021-03-20,0.006741710106620748
2021-03-21,0.10572796077660922
2021-03-22,0.18101489346742172
2021-03-23,0.16360844862603288
2021-03-24,0.0082187386482878
2021-03-25,0.004676592170606161
2021-03-26,0.0028585545356056776
2021-03-27,0.013225088845936575
2021-03-28,0.09525267003542992
2021-03-29,0.041819894628312634
2021-03-30,0.005349090078632636
2021-03-31,0.002069352539128025
2021-04-01,0.0025042392958042063
2021-04-02,0.0009409317653584199
2021-04-03,0.0007389846666733209
2021-04-04,0.019498071378438744
2021-04-05,0.04468656158876108
2021-04-06,0.12093097152138291
2021-04-07,0.009013033418694312
2021-04-08,0.002582754592022997
2021-04-09,0.0007514240263063116
2021-04-10,0.006598846236224604
2021-04-11,0.018036368341615053
2021-04-12,0.00629327453782083
2021-04-13,0.011060591529792992
2021-04-14,0.025628726793969957
2021-04-15,0.050166063496821366
2021-04-16,0.09307361114060661
2021-04-17,0.075272406282622
2021-04-18,0.05966918925493205
2021-04-19,0.0071806952940301925
2021-04-20,0.005545248905836802
2021-04-21,0.03689082063702687
2021-04-22,0.04074140173739054
2021-04-23,0.0030739167023901776
2021-04-24,0.002227571234602007
2021-04-25,0.0011187228647497934
2021-04-26,0.004209160531682482
2021-04-27,0.006534894101252935
2021-04-28,0.0035542814802560522
2021-04-29,0.002331942692432201
2021-04-30,0.007451119627835218
2021-05-01,0.005202086575480674
2021-05-02,0.003236054290171122
2021-05-03,0.004999828440854001
2021-05-04,0.057194940743249684
2021-05-05,0.04950071863223307
2021-05-06,0.027118437931574594
2021-05-07,0.02298222585753905
2021-05-08,0.0199118646474898
2021-05-09,0.011021583265560119
2021-05-10,0.054118312397411036
2021-05-11,0.05440583661650012
2021-05-12,0.046247885249413624
2021-05-13,0.024515150586003613
2021-05-14,0.02467945937447006
2021-05-15,0.010380267656909461
2021-05-16,0.03588549556122798
2021-05-17,0.013796576801499065
2021-05-18,0.022221215840653036
2021-05-19,0.027200925669646454
2021-05-20,0.026490167375775774
2021-05-21,0.017380753253003502
2021-05-22,0.0326681539336173
2021-05-23,0.07531774950983414
2021-05-24,0.015063519610527126
2021-05-25,0.006591836898429874
2021-05-26,0.004842605513861092
2021-05-27,0.009327427384853417
2021-05-28,0.008014937636347329
2021-05-29,0.022053563551315315
2021-05-30,0.016757391600462954
2021-05-31,0.03235968786939592
2021-06-01,0.02876334985901466
2021-06-02,0.016661145931590474
2021-06-03,0.03157947954013701
2021-06-04,0.013189406595214658
2021-06-05,0.010087356514450212
2021-06-06,0.004628132325680697
2021-06-07,0.0021176173178896578
2021-06-08,0.014303084916366521
2021-06-09,0.005575222429803604
2021-06-10,0.009302680620747905
2021-06-11,0.04003636494119437
2021-06-12,0.039962032737503365
2021-06-13,0.02463838513655772
2021-06-14,0.017571728462092526
2021-06-15,0.030294305018550932
2021-06-16,0.03756023720526549
2021-06-17,0.035715915930580655
2021-06-18,0.01616561368452334
2021-06-19,0.01336197149711017
2021-06-20,0.042247457265702955
2021-06-21,0.02227430951487767
2021-06-22,0.011731585551894413
2021-06-23,0.04366191697784426
2021-06-24,0.011466191380472194
2021-06-25,0.062198308187367636
2021-06-26,0.01467446329126186
2021-06-27,0.016605600221223323
2021-06-28,0.0156667687933632
2021-06-29,0.02519866965634207
2021-06-30,0.01947528629770954
2021-07-01,0.02873295445141815
2021-07-02,0.056142205561142584
2021-07-03,0.03300382953461023
2021-07-04,0.09183429559921068
2021-07-05,0.02579546492082739
2021-07-06,0.04564608297256801
2021-07-07,0.02862646243864435
2021-07-08,0.010255870027159445
2021-07-09,0.020060709769959384
2021-07-10,0.01900106448291515
2021-07-11,0.08538052805352253
2021-07-12,0.13252294257958622
2021-07-13,0.04613706229621114
2021-07-14,0.02250587852161113
2021-07-15,0.007271964196630628
2021-07-16,0.010835635113826143
2021-07-17,0.0069046566505340115
2021-07-18,0.20037172910776613
2021-07-19,0.28996356343761903
2021-07-20,0.24000126990924203
2021-07-21,0.08070797182840168
2021-07-22,0.009927729332043937
2021-07-23,0.012975523177245454
2021-07-24,0.047931893417592894
2021-07-25,0.033783120155645975
2021-07-26,0.016505426370505713
2021-07-27,0.1483338880627104
2021-07-28,0.3115033801007461
2021-07-29,0.12744566347670588
2021-07-30,0.07336289190352265
2021-07-31,0.08118113730138017
2021-08-01,0.05515465932017974
2021-08-02,0.014672749425648337
2021-08-03,0.04359282852159308
2021-08-04,0.012359529713898244
2021-08-05,0.049250265982365204
2021-08-06,0.00802050668371344
2021-08-07,0.012002630459310252
2021-08-08,0.03706387294165795
2021-08-09,0.011066298247046644
2021-08-10,0.010858859515170169
2021-08-11,0.010035033685669811
2021-08-12,0.028691288182131236
2021-08-13,0.0508024937137485
2021-08-14,0.06261937877090853
2021-08-15,0.05475872962809727
2021-08-16,0.007640209549974814
2021-08-17,0.010522650031128093
2021-08-18,0.00555041765908751
2021-08-19,0.05873291366979651
2021-08-20,0.04035203850123535
2021-08-21,0.00903683678419464
2021-08-22,0.02091059185626241
2021-08-23,0.008742444799351922
2021-08-24,0.01747788223219346
2021-08-25,0.024322802316231455
2021-08-26,0.014780928448128302
2021-08-27,0.044746917147238524
2021-08-28,0.08105461640489356
2021-08-29,0.02655404456881641
2021-08-30,0.05675575551999534
2021-08-31,0.06883209696565733
2021-09-01,0.059187794113597036
2021-09-02,0.02887435215704735
2021-09-03,0.02574191640183016
2021-09-04,0.020367141815373475
2021-09-05,0.026260288035075
2021-09-06,0.013259390846324447
2021-09-07,0.024689099214026695
2021-09-08,0.08946143449030305
2021-09-09,0.09809878655555351
2021-09-10,0.13542840572069
2021-09-11,0.10637473020493866
2021-09-12,0.0833670151712974
2021-09-13,0.05378450500069749
2021-09-14,0.03388431902888519
2021-09-15,0.04160297111277617
2021-09-16,0.030218669055605673
2021-09-17,0.05634531986266429
2021-09-18,0.09483569342409821
2021-09-19,0.024502048655188718
2021-09-20,0.10513957999053279
2021-09-21,0.0410437870646408
2021-09-22,0.08547313206789173
2021-09-23,0.03933360194335836
2021-09-24,0.03348429086355561
2021-09-25,0.03538370237947227
2021-09-26,0.0391313498559238
2021-09-27,0.01634358805849711
2021-09-28,0.013483091267621101
2021-09-29,0.01314750651735006
2021-09-30,0.016875209482146967
2021-10-01,0.053732740943436004
2021-10-02,0.08184640518755303
2021-10-03,0.03034996052218212
2021-10-04,0.036444772155022884
2021-10-05,0.013916587896364258
2021-10-06,0.009297819321350115
2021-10-07,0.01725197527351154
2021-10-08,0.009345444605601556
2021-10-09,0.020510952150851584
2021-10-10,0.128655502728534
2021-10-11,0.03952011675501761
2021-10-12,0.009954526697643573
2021-10-13,0.004466020890032781
2021-10-14,0.00683409647565795
2021-10-15,0.0032315532974777567
2021-10-16,0.010757641111001203
2021-10-17,0.08010123126368095
2021-10-18,0.06497691407062646
2021-10-19,0.015064128836483259
2021-10-20,0.002946961419100341
2021-10-21,0.0074585287892997894
2021-10-22,0.1419956395190661
2021-10-23,0.12051919083526276
2021-10-24,0.05539160551999752
2021-10-25,0.003993906124588576
2021-10-26,0.005522194400295996
2021-10-27,0.0013966513639066054
2021-10-28,0.00028086241484722303
2021-10-29,0.0012314926140723087
2021-10-30,0.0008656453467079995
2021-10-31,0.0021141988828745914
2021-11-01,0.0012583240982239118
2021-11-02,0.00044585845359730554
2021-11-03,0.0007839198037110804
2021-11-04,0.006505083745604785
2021-11-05,0.00494948077167513
2021-11-06,0.0004569232363780859
2021-11-07,7.490814040200268e-05
2021-11-08,0.00021057379474946421
2021-11-09,0.00024069668382312544
2021-11-10,0.00028369777675199103
2021-11-11,0.00030992845584947937
2021-11-12,0.0004472940971478937
2021-11-13,8.256012513592014e-05
2021-11-14,0.0001951471529998674
2021-11-15,7.116940619859925e-05
2021-11-16,0.000453470398371138
2021-11-17,0.0006755565608104997
2021-11-18,0.0020011617010414996
2021-11-19,0.0014278105558825844
2021-11-20,0.0002192882713773959
2021-11-21,6.861737600045006e-05
2021-11-22,0.00017256692382623258
2021-11-23,0.00034997664557770696
2021-11-24,0.0019726387104545954
2021-11-25,0.0018436590511579332
2021-11-26,0.0013860290285647463
2021-11-27,0.0016336205997017127
2021-11-28,0.00020834051196084454
2021-11-29,0.00028565696562171406
2021-11-30,0.0006294383191950793
2021-12-01,0.0008095659210862121
2021-12-02,0.0006566894028820978
2021-12-03,0.0009109582375831786
2021-12-04,0.01672218115978409
2021-12-05,0.03798536265669765
2021-12-06,0.0017459812661659272
2021-12-07,0.0009255713413466747
2021-12-08,0.0002199883854727517
2021-12-09,0.0007691696686739494
2021-12-10,0.002359790702774964
2021-12-11,0.0007196648048212176
2021-12-12,0.0003327720041424726
2021-12-13,0.00034861080553250865
2021-12-14,0.0011629455546384006
2021-12-15,0.0003661480590973901
2021-12-16,0.0007650013228022399
2021-12-17,0.00025159721734977685
2021-12-18,0.0016779967703085814
2021-12-19,5.506369448413944e-05
2021-12-20,0.0008361106733752217
2021-12-21,0.00044752764704227406
2021-12-22,0.0029101838611966667
2021-12-23,0.002882161306904271
2021-12-24,0.0006906382834076257
2021-12-25,0.0005158185668208335
2021-12-26,0.010198896420398264
2021-12-27,0.00567968578947754
2021-12-28,5.518174816276593e-05
2021-12-29,0.00023153616647912862
2021-12-30,0.0018063060991955373
2021-12-31,0.0005936585730711308
2022-01-01,0.021836462385115874
2022-01-02,0.006805240911472963
2022-01-03,0.047111844501864404
2022-01-04,0.05816635388068527
2022-01-05,0.06572945470902593
2022-01-06,0.012674270745732503
2022-01-07,0.16652654639175266
2022-01-08,0.05384071651576016
2022-01-09,0.0025347100170384934
2022-01-10,0.001785442782793241
2022-01-11,0.000622409971709897
2022-01-12,0.0024106793991754906
2022-01-13,0.0008906954735640826
2022-01-14,0.0011138995595521104
2022-01-15,0.003740897899218806
2022-01-16,0.010951690476134979
2022-01-17,0.03594121695104689
2022-01-18,0.01620919688373078
2022-01-19,0.017279368021269153
2022-01-20,0.005452867691346995
2022-01-21,0.0083230885788968
2022-01-22,0.03867246104003224
2022-01-23,0.020579101005917626
2022-01-24,0.0029944983855470695
2022-01-25,0.0011661001919353662
2022-01-26,0.0011940313696461855
2022-01-27,0.0006761396469290232
2022-01-28,0.0002733603096516241
2022-01-29,0.0008262320750291778
2022-01-30,0.0006773361018077465
2022-01-31,0.005215251686840019
2022-02-01,0.0014220772246191296
2022-02-02,0.012564556955295821
2022-02-03,0.0017286472681826317
2022-02-04,0.0012383926598063422
2022-02-05,0.0021497789569659208
2022-02-06,0.007300719190890841
2022-02-07,0.0023707225837548774
2022-02-08,0.007089462263887261
2022-02-09,0.001151356204128105
2022-02-10,0.00015297295849685082
2022-02-11,8.033659546393552e-05
2022-02-12,0.0004924951098263692
2022-02-13,0.0006032779561163114
2022-02-14,0.003382310983655139
2022-02-15,0.0018804699856119933
2022-02-16,0.0010431192204553945
2022-02-17,0.0047685607165482485
2022-02-18,0.0008645530824657407
2022-02-19,0.000512154775181808
2022-02-20,0.00028419616859899556
2022-02-21,0.004294115609095508
2022-02-22,0.03964751399668658
2022-02-23,0.015892595805856755
2022-02-24,0.008721150378659576
2022-02-25,0.030431484793784682
2022-02-26,0.006095659025257916
2022-02-27,0.00020987933182606492
2022-02-28,0.006366726472026523
2022-03-01,0.0011676598047239044
2022-03-02,0.0020652591462600716
2022-03-03,0.0037387010627329487
2022-03-04,0.0003231187330604911
2022-03-05,0.0035858594991564673
2022-03-06,0.05764217888009266
2022-03-07,0.014361465488940567
2022-03-08,0.0020110546812434193
2022-03-09,0.004865619966684763
2022-03-10,0.001042206094327597
2022-03-11,0.0014394697314192837
2022-03-12,0.00260525423545165
2022-03-13,0.00531993780391888
2022-03-14,0.013750211645514489
2022-03-15,0.008861308238260661
2022-03-16,0.0034068847794684123
2022-03-17,0.0016427605846593735
2022-03-18,0.13317042470926693
2022-03-19,0.020121751680030765
2022-03-20,0.014021979245901305
2022-03-21,0.002735749124567702
2022-03-22,0.0022331926845734927
2022-03-23,0.011125455849667782
2022-03-24,0.004833238152314564
2022-03-25,0.0014284485760877141
2022-03-26,0.0010579063164982579
2022-03-27,0.004707065609199277
2022-03-28,0.007680904471275773
2022-03-29,0.005236596967184529
2022-03-30,0.004921130229761764
2022-03-31,0.006438790546350841
2022-04-01,0.0005657685282717771
2022-04-02,0.005750037002234261
2022-04-03,0.0024046478264460706
2022-04-04,0.0019019733402793639
2022-04-05,0.0005979603721383428
2022-04-06,0.0010186768094584383
2022-04-07,0.000524017196703242
2022-04-08,0.005312619448630176
2022-04-09,0.012068576709382151
2022-04-10,0.002310847906552166
2022-04-11,0.001926900811589036
2022-04-12,0.05138634456702987
2022-04-13,0.03603330801596589
2022-04-14,0.010698587683896657
2022-04-15,0.0024098714863215543
2022-04-16,0.0008967906820184205
2022-04-17,0.0009221564836268372
2022-04-18,0.008546088891664734
2022-04-19,0.02797595033790135
2022-04-20,0.03260324914485614
2022-04-21,0.03399640856948476
2022-04-22,0.014521017598370182
2022-04-23,0.0026370083320247915
2022-04-24,0.01253201554254304
2022-04-25,0.01195231410848138
2022-04-26,0.001662761583995645
2022-04-27,0.004453475845873844
2022-04-28,0.025030950200810118
2022-04-29,0.020469637671700385
2022-04-30,0.010608310415201863
2022-05-01,0.006033049749472772
2022-05-02,0.06683203206717428
2022-05-03,0.0758780991622187
2022-05-04,0.04284734138038923
2022-05-05,0.017661937406612576
2022-05-06,0.01563072113434955
2022-05-07,0.012366050906955743
2022-05-08,0.008454881475391142
2022-05-09,0.017166048010319204
2022-05-10,0.011682988689576288
2022-05-11,0.01956779526937194
2022-05-12,0.033617227373194426
2022-05-13,0.014641188407312157
2022-05-14,0.012106230948962089
2022-05-15,0.06136023471948273
2022-05-16,0.024002393693385866
2022-05-17,0.03686832024825812
2022-05-18,0.013725866783715584
2022-05-19,0.054818704363120106
2022-05-20,0.0674818981113782
2022-05-21,0.020830491788212186
2022-05-22,0.050060929297086006
2022-05-23,0.026472580201749408
2022-05-24,0.02130366038460949
2022-05-25,0.016670126254976245
2022-05-26,0.010477618413138408
2022-05-27,0.02963049184505525
2022-05-28,0.03828310424352908
2022-05-29,0.031750197090009286
2022-05-30,0.022557630577706298
2022-05-31,0.04458139913665994
2022-06-01,0.04336906549118573
2022-06-02,0.02814559566000819
2022-06-03,0.029234383029463674
2022-06-04,0.02930940516674764
2022-06-05,0.043633806576688104
2022-06-06,0.02305317199088643
2022-06-07,0.03585363162211926
2022-06-08,0.046407573361824384
2022-06-09,0.050455981303538316
2022-06-10,0.04053389483530556
2022-06-11,0.035510414897054816
2022-06-12,0.059474133456725434
2022-06-13,0.050931537011109126
2022-06-14,0.015447308589385393
2022-06-15,0.03504949782317362
2022-06-16,0.04760249734543286
2022-06-17,0.08960572122660214
2022-06-18,0.15007642408187885
2022-06-19,0.07793740797620692
2022-06-20,0.13474653239897957
2022-06-21,0.2941531404775898
2022-06-22,0.07071849740998364
2022-06-23,0.03365251529783079
2022-06-24,0.034943939251693944
2022-06-25,0.030760985657023742
2022-06-26,0.014049924797260197
2022-06-27,0.02234447495782466
2022-06-28,0.03863457720972783
2022-06-29,0.06853297576357757
2022-06-30,0.05684187963727368
2022-07-01,0.041614400107975916
2022-07-02,0.04339982214855931
2022-07-03,0.01839571955672962
2022-07-04,0.09410760886147033
2022-07-05,0.2521342531306014
2022-07-06,0.09759320068960839
2022-07-07,0.03741586116825058
2022-07-08,0.12186313188523686
2022-07-09,0.10750179567480893
2022-07-10,0.05337295064690951
2022-07-11,0.04959203364469202
2022-07-12,0.03104995742542973
2022-07-13,0.07526521569020937
2022-07-14,0.10671776976137434
2022-07-15,0.09645220082642378
2022-07-16,0.03499865997143932
2022-07-17,0.0420530590453558
2022-07-18,0.03139509485978056
2022-07-19,0.0442458647335196
2022-07-20,0.043145397815549866
2022-07-21,0.04470144921072032
2022-07-22,0.09481030319703986
2022-07-23,0.17154559761098914
2022-07-24,0.4512956899042016
2022-07-25,0.17683523020728367
2022-07-26,0.21835707548466998
2022-07-27,0.39221932437152046
2022-07-28,0.23095638714865543
2022-07-29,0.13648379824220006
2022-07-30,0.12733781959706747
2022-07-31,0.24471763292346038
2022-08-01,0.0964107253678822
2022-08-02,0.05420030003963185
2022-08-03,0.02960786130515963
2022-08-04,0.026816081434065477
2022-08-05,0.04774129806275362
2022-08-06,0.022162011481753386
2022-08-07,0.030483404135045623
2022-08-08,0.035380997905303885
2022-08-09,0.11312079823124402
2022-08-10,0.01769473658749853
2022-08-11,0.24232891468671372
2022-08-12,0.06392332553001588
2022-08-13,0.06907862463633202
2022-08-14,0.19439211100015458
2022-08-15,0.33849334140258897
2022-08-16,0.2265527124391681
2022-08-17,0.08576081360289209
2022-08-18,0.04661037499926369
2022-08-19,0.05537986969123352
2022-08-20,0.1406391981100898
2022-08-21,0.06050151561887965
2022-08-22,0.033069392938696894
2022-08-23,0.1010731647528951
2022-08-24,0.11955036795497156
2022-08-25,0.282929255905605
2022-08-26,0.26596353599593264
2022-08-27,0.08055224818669182
2022-08-28,0.04849946723457597
2022-08-29,0.030109790393606
2022-08-30,0.010111483201400278
2022-08-31,0.017282948727521605
2022-09-01,0.009347530131421996
2022-09-02,0.019970503287425764
2022-09-03,0.010913257467335097
2022-09-04,0.06348696333089317
2022-09-05,0.021695357385789954
2022-09-06,0.013389100882664734
2022-09-07,0.023179414325833488
2022-09-08,0.014844548553046871
2022-09-09,0.016766165114650913
2022-09-10,0.0519578597807033
2022-09-11,0.09971233606709302
2022-09-12,0.04964803567622477
2022-09-13,0.017922700815249725
2022-09-14,0.014711141298356259
2022-09-15,0.03322858323703547
2022-09-16,0.04974522781456256
2022-09-17,0.04508253384412174
2022-09-18,0.013559615723871087
2022-09-19,0.015611465421103242
2022-09-20,0.017406790392876785
2022-09-21,0.06601019032864851
2022-09-22,0.06376867312278146
2022-09-23,0.031502162532575685
2022-09-24,0.0931512071861573
2022-09-25,0.15772544968595342
2022-09-26,0.040405438154358285
2022-09-27,0.023437507097273266
2022-09-28,0.036455086471273455
2022-09-29,0.027611430410330352
2022-09-30,0.014145481138141684
2022-10-01,0.08506932785270996
2022-10-02,0.021269402909465523
2022-10-03,0.017861054844113555
2022-10-04,0.016943822219719254
2022-10-05,0.015430503783263421
2022-10-06,0.04517320531613601
2022-10-07,0.016036033536000444
2022-10-08,0.010077351654898148
2022-10-09,0.011637735830205536
2022-10-10,0.018824078755420342
2022-10-11,0.051746262865100257
2022-10-12,0.012758913726643882
2022-10-13,0.003130519735926722
2022-10-14,0.0017133243159965768
2022-10-15,0.0018202226785615872
2022-10-16,0.0023595731018884853
2022-10-17,0.010557467429535103
2022-10-18,0.006061445777923424
2022-10-19,0.05553691099480742
2022-10-20,0.01764842431225165
2022-10-21,0.0018419580350761008
2022-10-22,0.00044996418505585743
2022-10-23,0.0006612124350688107
2022-10-24,0.0012301324277496299
2022-10-25,0.0007973841792172903
2022-10-26,0.0016786388869750074
2022-10-27,0.0011355163692096273
2022-10-28,0.0009594098572709738
2022-10-29,0.0016462816901846953
2022-10-30,0.0021319855833705883
2022-10-31,0.01910215454913196
2022-11-01,0.04179248613161908
2022-11-02,0.030695889878237924
2022-11-03,0.02435859704567274
2022-11-04,0.03627049754580628
2022-11-05,0.15891649838385877
2022-11-06,0.09209535724373832
2022-11-07,0.02683090293545128
2022-11-08,0.019432209246189328
2022-11-09,0.05082819011610732
2022-11-10,0.0029913381128399683
2022-11-11,0.0012786564115590338
2022-11-12,0.0007765747738130756
2022-11-13,0.023328153229025508
2022-11-14,0.012720711265014317
2022-11-15,0.0017397803337800004
2022-11-16,0.0012519257913338432
2022-11-17,0.00014992355837717633
2022-11-18,0.003933760443287052
2022-11-19,0.011267801842713114
2022-11-20,0.0007202201671955274
2022-11-21,0.0004412969290012279
2022-11-22,0.00027164030207781634
2022-11-23,0.0002622570292597876
2022-11-24,0.00014919931939486332
2022-11-25,0.0008817602853678595
2022-11-26,0.0005672184730539106
2022-11-27,0.0006638912488260209
2022-11-28,0.00041910986796637713
2022-11-29,0.001027776243691519
2022-11-30,0.001298364329670073
2022-12-01,0.0008879894645351039
2022-12-02,0.0013287648936753035
2022-12-03,0.0009018603476823639
2022-12-04,0.000614154367107445
2022-12-05,0.0012073473963791093
2022-12-06,0.0012715603062098805
2022-12-07,0.0011630328191528188
2022-12-08,0.009456935261596812
2022-12-09,0.006513409689649038
2022-12-10,0.002870149532515282
2022-12-11,0.0011094032316855767
2022-12-12,0.0017583703204502607
2022-12-13,0.0008772706249854514
2022-12-14,0.00022481270914829273
2022-12-15,8.153818403234622e-05
2022-12-16,0.00010477592796430067
2022-12-17,4.5233861733245754e-05
2022-12-18,0.0003575926981970996
2022-12-19,0.00025528052025945334
2022-12-20,0.0002738397087191643
2022-12-21,0.00028789897375653756
2022-12-22,9.685447123686815e-05
2022-12-23,0.00046215253775220145
2022-12-24,0.0003309616621783942
2022-12-25,0.000984194117218078
2022-12-26,0.0006971631016339027
2022-12-27,0.0003367155354471572
2022-12-28,0.0006875247244806817
2022-12-29,0.015067522727987953
2022-12-30,0.001156122519458611
2022-12-31,0.00015618763171709572
2023-01-01,0.0027495225582633512
2023-01-02,0.0004991800735784127
2023-01-03,0.00028845691178897405
2023-01-04,0.0009420584318639006
2023-01-05,0.001911419238991221
2023-01-06,0.004517254504172662
2023-01-07,0.025999371229972482
2023-01-08,0.058832949757372945
2023-01-09,0.012797438509052609
2023-01-10,0.021123402905032587
2023-01-11,0.06708346669480143
2023-01-12,0.01758107272175034
2023-01-13,0.003373124790476502
2023-01-14,0.0008618065155832909
2023-01-15,0.0018699600489902703
2023-01-16,0.0012669736449616351
2023-01-17,0.0019613029114023497
2023-01-18,0.0026760730715872914
2023-01-19,0.001495880278146055
2023-01-20,0.003433460404635036
2023-01-21,0.014981191463662712
2023-01-22,0.0027500501333684035
2023-01-23,0.005712327860387427
2023-01-24,0.011821779179764555
2023-01-25,0.005555325157233865
2023-01-26,0.000962989479525417
2023-01-27,0.001997376265654007
2023-01-28,0.007623353941750875
2023-01-29,0.04596274344396642
2023-01-30,0.022405231447529733
2023-01-31,0.0007063195142345604
2023-02-01,0.0021039524487279507
2023-02-02,0.003976641950962788
2023-02-03,0.008803817249265397
2023-02-04,0.001196069084938299
2023-02-05,0.0171317199538906
2023-02-06,0.003636037803671925
2023-02-07,0.00044834786356247726
2023-02-08,0.0015714402762327146
2023-02-09,0.050772824610589164
2023-02-10,0.004923086355933464
2023-02-11,0.0008942925446926882
2023-02-12,9.531668396484835e-05
2023-02-13,0.0007074913230008706
2023-02-14,0.0029121861704885206
2023-02-15,0.007562167788262129
2023-02-16,0.010867318338903175
2023-02-17,0.010805764192764744
2023-02-18,0.01265274114023577
2023-02-19,0.01572973797110776
2023-02-20,0.033582247413167246
2023-02-21,0.00040649856837732376
2023-02-22,0.0005943422644808838
2023-02-23,0.0013003168524959622
2023-02-24,0.00033519622807138405
2023-02-25,0.028488525001289927
2023-02-26,0.007009837571071435
2023-02-27,0.003730951050466508
2023-02-28,0.008178769990412046
2023-03-01,0.012103179198780178
2023-03-02,0.02507827000893873
2023-03-03,0.003989131616970492
2023-03-04,0.00879477481267451
2023-03-05,0.0026788360631478684
2023-03-06,0.0003537764602325083
2023-03-07,0.0010178986775900487
2023-03-08,0.0013656379429656403
2023-03-09,0.0008711800375365987
2023-03-10,0.00033288235410925456
2023-03-11,0.0005505450731329505
2023-03-12,0.01081063782541573
2023-03-13,0.0015884195945009357
2023-03-14,0.0010606184971889254
2023-03-15,0.0007838125270616058
2023-03-16,0.018677194371079665
2023-03-17,0.010230043776322495
2023-03-18,0.018942547593389692
2023-03-19,0.019262691292051996
2023-03-20,0.011098843248451578
2023-03-21,0.011794866858864314
2023-03-22,0.020326573143178067
2023-03-23,0.005824753713033749
2023-03-24,0.030026079027999968
2023-03-25,0.017382322375747907
2023-03-26,0.0014985549670174661
2023-03-27,0.0035269436238076807
2023-03-28,0.007623018827419208
2023-03-29,0.01489085825670759
2023-03-30,0.01749365691890196
2023-03-31,0.014097953965204246
2023-04-01,0.06395382712774886
2023-04-02,0.017218916472912602
2023-04-03,0.045430349575723936
2023-04-04,0.013438252173463693
2023-04-05,0.03315631596544388
2023-04-06,0.00539127300905615
2023-04-07,0.0008660949716001227
2023-04-08,0.0007087093394764373
2023-04-09,0.003339327867123227
2023-04-10,0.001711467795100172
2023-04-11,0.0042090553432985595
2023-04-12,0.0013102898881639314
2023-04-13,0.001438915395052229
2023-04-14,0.004805060096021777
2023-04-15,0.055179542669735335
2023-04-16,0.10905908729704135
2023-04-17,0.16092636114880793
2023-04-18,0.2483634608744609
2023-04-19,0.15231828727374755
2023-04-20,0.05528063685572373
2023-04-21,0.021766666489191754
2023-04-22,0.004349094618886516
2023-04-23,0.0015574046397754996
2023-04-24,0.0014085856621718453
2023-04-25,0.008534056040314864
2023-04-26,0.05888154310088868
2023-04-27,0.054942969676384304
2023-04-28,0.020613302285767316
2023-04-29,0.004641236383332516
2023-04-30,0.004128370696821644
2023-05-01,0.028486740613699057
2023-05-02,0.04020806452113383
2023-05-03,0.014021446543429614
2023-05-04,0.0435204896700617
2023-05-05,0.0076393661989206645
2023-05-06,0.07202287421145971
2023-05-07,0.07999630416572637
2023-05-08,0.0199306389477668
2023-05-09,0.0038724295863180424
2023-05-10,0.00472245376507139
2023-05-11,0.0054364858364933065
2023-05-12,0.010719784634712704
2023-05-13,0.04214858455898441
2023-05-14,0.028434908759602168
2023-05-15,0.007900428849117987
2023-05-16,0.008628065892698454
2023-05-17,0.055736614717980915
2023-05-18,0.048181781034206506
2023-05-19,0.012555594132468994
2023-05-20,0.004001361530754231
2023-05-21,0.0050215597175652365
2023-05-22,0.03164317711498954
2023-05-23,0.1756664504332189
2023-05-24,0.1943466509558685
2023-05-25,0.09146489607390224
2023-05-26,0.08161612310117519
2023-05-27,0.012377773231679757
2023-05-28,0.007693131317251007
2023-05-29,0.04643588893994326
2023-05-30,0.11443671567063551
2023-05-31,0.18171553836519663
2023-06-01,0.08782822170251896
2023-06-02,0.02831426070102532
2023-06-03,0.008128692319704246
2023-06-04,0.005467399156833277
2023-06-05,0.022509559234286734
2023-06-06,0.014078133628948122
2023-06-07,0.022592721965175346
2023-06-08,0.016507814133136182
2023-06-09,0.008052711412379216
2023-06-10,0.017599050939305548
2023-06-11,0.018060027474486682
2023-06-12,0.04639375381280805
2023-06-13,0.03458217453528079
2023-06-14,0.041506858341836574
2023-06-15,0.021553417954654475
2023-06-16,0.012508413869223417
2023-06-17,0.02243853411451145
2023-06-18,0.013945177069675015
2023-06-19,0.00648146362687244
2023-06-20,0.012214761032236551
2023-06-21,0.008740676037261622
2023-06-22,0.019578031148346456
2023-06-23,0.01659133570456055
2023-06-24,0.048410526660229464
2023-06-25,0.1823391130570801
2023-06-26,0.07993984091611701
2023-06-27,0.03469490930888479
2023-06-28,0.022602277758936334
2023-06-29,0.029760750922436005
2023-06-30,0.022285579635547746
2023-07-01,0.023363561317600406
2023-07-02,0.023921080930171913
2023-07-03,0.051812816302599284
2023-07-04,0.07125519342058956
2023-07-05,0.05411043448138207
2023-07-06,0.1582901907835224
2023-07-07,0.18986524516690714
2023-07-08,0.4741252345427575
2023-07-09,0.18878117996393515
2023-07-10,0.06051252390375895
2023-07-11,0.03634491384438959
2023-07-12,0.03456803621447714
2023-07-13,0.019810994759230354
2023-07-14,0.03150642016913758
2023-07-15,0.06555663445187898
2023-07-16,0.1140281998407912
2023-07-17,0.040151316131205726
2023-07-18,0.060569801905553576
2023-07-19,0.4857065949263086
2023-07-20,0.28764862606018854
2023-07-21,0.16414375653030724
2023-07-22,0.17667020189295637
2023-07-23,0.15491356684773588
2023-07-24,0.11508399088120388
2023-07-25,0.047352678721703075
2023-07-26,0.1213164916946697
2023-07-27,0.16873224244021381
2023-07-28,0.2381897507123218
2023-07-29,0.09290554461537008
2023-07-30,0.03395997808633183
2023-07-31,0.041346501365316916
2023-08-01,0.011590686452387311
2023-08-02,0.04335391482422707
2023-08-03,0.011922927781040121
2023-08-04,0.03538863654481164
2023-08-05,0.03242147655345951
2023-08-06,0.06853342954213958
2023-08-07,0.03400401950662925
2023-08-08,0.0073740433747155705
2023-08-09,0.009309048366660565
2023-08-10,0.07229258515678189
2023-08-11,0.007753732266521102
2023-08-12,0.013858148332144275
2023-08-13,0.021844852486650652
2023-08-14,0.05829305278028906
2023-08-15,0.007427117060950709
2023-08-16,0.0074024036549284545
2023-08-17,0.021717085656344608
2023-08-18,0.011158260041183088
2023-08-19,0.01307065866058975
2023-08-20,0.011183434913282353
2023-08-21,0.014311305641028232
2023-08-22,0.015892991489015216
2023-08-23,0.05888975411540069
2023-08-24,0.04011775015351845
2023-08-25,0.03285022582387886
2023-08-26,0.04154137132369956
2023-08-27,0.059009306253866134
2023-08-28,0.03096087092668552
2023-08-29,0.0073178807339252016
2023-08-30,0.010313748520789486
2023-08-31,0.008259629644914182
2023-09-01,0.0071007246311374185
2023-09-02,0.07264325113881223
2023-09-03,0.04870208253971656
2023-09-04,0.05705826138736975
2023-09-05,0.019130120050570815
2023-09-06,0.020498092443030524
2023-09-07,0.030584183705893907
2023-09-08,0.013728862727437691
2023-09-09,0.008862080744177693
2023-09-10,0.01861301369178001
2023-09-11,0.026708974718848796
2023-09-12,0.03992757255010725
2023-09-13,0.038526683516651665
2023-09-14,0.039349397131718575
2023-09-15,0.09433119118591557
2023-09-16,0.030931306518108843
2023-09-17,0.04546359854276953
2023-09-18,0.044899126443554406
2023-09-19,0.023595734468749616
2023-09-20,0.028106470894495868
2023-09-21,0.028105868850662
2023-09-22,0.04037047561602431
2023-09-23,0.03351378497520255
2023-09-24,0.09734122807758937
2023-09-25,0.029102878497284743
2023-09-26,0.009652597696374526
2023-09-27,0.01847122361169378
2023-09-28,0.0304577939601506
2023-09-29,0.06597992921489203
2023-09-30,0.00919653624351607
2023-10-01,0.022348796797819884
2023-10-02,0.03446338657579224
2023-10-03,0.015323071643762273
2023-10-04,0.014771191033497975
2023-10-05,0.0072387559762314025
2023-10-06,0.01566682173406324
2023-10-07,0.04159510813713215
2023-10-08,0.03905473982651339
2023-10-09,0.11806350098509553
2023-10-10,0.02268072750182029
2023-10-11,0.005138617902653421
2023-10-12,0.006468333479394958
2023-10-13,0.07663108434514837
2023-10-14,0.05658116353236972
2023-10-15,0.07878368570147841
2023-10-16,0.09100220104907515
2023-10-17,0.0284493899623024
2023-10-18,0.0025149938738349142
2023-10-19,0.001910996810810656
2023-10-20,0.0007004896675610704
2023-10-21,0.0028563792349182307
2023-10-22,0.015896452022184548
2023-10-23,0.0018470087272101398
2023-10-24,0.0023868559841298915
2023-10-25,0.0006165421425591199
2023-10-26,0.0014159655903675738
2023-10-27,0.0006329363249875592
2023-10-28,0.0013846154510373607
2023-10-29,0.001400847433736064
2023-10-30,0.0007309877696580108
2023-10-31,0.0006334957983861588
2023-11-01,0.05695224986773786
2023-11-02,0.014377366935102172
2023-11-03,0.003116257195653897
2023-11-04,0.0014963714776420754
2023-11-05,0.0014630934459565637
2023-11-06,0.0015583085088411695
2023-11-07,0.003470192799024039
2023-11-08,0.006440919096847117
2023-11-09,0.17158741117363885
2023-11-10,0.052985511383835115
2023-11-11,0.0005053579168034929
2023-11-12,0.0005636306338708718
2023-11-13,0.0010316935978447394
2023-11-14,0.0010931769021696018
2023-11-15,0.000194894619320485
2023-11-16,0.00038761240543169545
2023-11-17,0.0013802058580562437
2023-11-18,0.0033296253036471956
2023-11-19,0.0019119479296912018
2023-11-20,0.0006312317298656074
2023-11-21,0.0010185864711120896
2023-11-22,0.0010124265850288458
2023-11-23,0.0031306285409095163
2023-11-24,0.0010439476515182278
2023-11-25,0.0043578942917505675
2023-11-26,0.010899957361537926
2023-11-27,0.009974368547120563
2023-11-28,0.003142545887391482
2023-11-29,0.006200193696345911
2023-11-30,0.02238104733036081
2023-12-01,0.001623194848141782
2023-12-02,0.0003662897236097548
2023-12-03,0.0002540260614867843
2023-12-04,8.970652845986133e-05
2023-12-05,0.0002539932123141677
2023-12-06,0.0005105446091056182
2023-12-07,0.00022396374143640154
2023-12-08,0.00022246342254972899
2023-12-09,0.00012631419926820197
2023-12-10,0.0005066770589608194
2023-12-11,0.0005849702704618247
2023-12-12,0.0006558748258815919
2023-12-13,0.0008574964962711168
2023-12-14,0.0002822010476266148
2023-12-15,0.0009443127572125063
2023-12-16,0.001302877088636726
2023-12-17,0.0006705710756465831
2023-12-18,0.00011619333694186082
2023-12-19,0.00029327250720377645
2023-12-20,0.00046465580448453564
2023-12-21,0.0004088786532757443
2023-12-22,0.0015677030851935843
2023-12-23,0.004386090873452311
2023-12-24,0.0032862115399942752
2023-12-25,0.0014242781713022007
2023-12-26,0.0006890296568545212
2023-12-27,0.00041542195230830477
2023-12-28,0.00031891548427031544
2023-12-29,0.0006172012003569821
2023-12-30,0.0009758902637872425
2023-12-31,0.0002954354735943235
2024-01-01,0.0003841313513320713
2024-01-02,0.000602560901986203
2024-01-03,0.0008526962971497526
2024-01-04,0.003511401507150632
2024-01-05,0.002008530872243804
2024-01-06,0.00037192657037574925
2024-01-07,0.0006840877976269232
2024-01-08,0.001044755045959709
2024-01-09,0.0001639941137042283
2024-01-10,0.00036755907338270345
2024-01-11,0.000245010808924914
2024-01-12,0.002524485462989375
2024-01-13,0.0013259906139336975
2024-01-14,0.0006431151919852296
2024-01-15,0.0014646158420457364
2024-01-16,0.0019288466465512144
2024-01-17,0.000799651849542796
2024-01-18,0.0007945914151940659
2024-01-19,0.0015932018333964194
2024-01-20,0.0009563496925461612
2024-01-21,0.0014394456063900644
2024-01-22,0.001608722915135024
2024-01-23,0.0004307808408311285
2024-01-24,0.001741507007049015
2024-01-25,0.007402940523055162
2024-01-26,0.005388862147967828
2024-01-27,0.01201096513432588
2024-01-28,0.06825358101740683
2024-01-29,0.007841023787396024
2024-01-30,0.013163586582855366
2024-01-31,0.031238796399309997
2024-02-01,0.006901664777610392
2024-02-02,0.006141219794570591
2024-02-03,0.012787085639910184
2024-02-04,0.0030021062278162832
2024-02-05,0.0004587915781763476
2024-02-06,0.0012222592306010136
2024-02-07,0.0005124252712253692
2024-02-08,0.0007680183869165725
2024-02-09,0.00035779750035479897
2024-02-10,0.0006837546809138118
2024-02-11,0.0005903361029309509
2024-02-12,0.002713635453846999
2024-02-13,0.0005573773457640612
2024-02-14,0.000610286802954968
2024-02-15,0.00021245702049071084
2024-02-16,0.0054344317012988
2024-02-17,0.019301722026571017
2024-02-18,0.13445456618176677
2024-02-19,0.1990675964687159
2024-02-20,0.016183152596532704
2024-02-21,0.009811058158696113
2024-02-22,0.002485597795791553
2024-02-23,0.0011921394110882793
2024-02-24,0.013072105081805657
2024-02-25,0.0037873821323003718
2024-02-26,0.015045378727697553
2024-02-27,0.003880114417816383
2024-02-28,0.0039839074169084965
2024-02-29,0.022080829528871197
2024-03-01,0.13657364342057093
2024-03-02,0.3253821568580894
2024-03-03,0.013332156623111302
2024-03-04,0.0016314514779798414
2024-03-05,0.0032994988584986646
2024-03-06,0.00954350148603758
2024-03-07,0.0038911124810007596
2024-03-08,0.00044106133282302887
2024-03-09,0.0017548456278148076
2024-03-10,0.01005850141081857
2024-03-11,0.01310904382226688
2024-03-12,0.009444124271300147
2024-03-13,0.05727655181544443
2024-03-14,0.0013025239509792009
2024-03-15,0.00026447747668797815
2024-03-16,0.00022566218820738483
2024-03-17,0.0004993900046166538
2024-03-18,0.00040909628412231185
2024-03-19,0.000456401746203288
2024-03-20,0.005175196316825975
2024-03-21,0.04181075115161743
2024-03-22,0.005430182228061433
2024-03-23,0.008143978326009691
2024-03-24,0.0016192620970630846
2024-03-25,0.00157992582053546
2024-03-26,0.009302236575106131
2024-03-27,0.04144437779037366
2024-03-28,0.06144297848707194
2024-03-29,0.21075649292012208
2024-03-30,0.21592569334798425
2024-03-31,0.004331669787785872
2024-04-01,0.00047656904528820736
2024-04-02,0.015347469320784048
2024-04-03,0.0374562080675538
2024-04-04,0.010359383786129042
2024-04-05,0.0035889217311402617
2024-04-06,0.0018673690122530642
2024-04-07,0.0014546956828420028
2024-04-08,0.0011119054710075436
2024-04-09,0.0021093494019461963
2024-04-10,0.04012032941359391
2024-04-11,0.008565367687864242
2024-04-12,0.085628990025382
2024-04-13,0.2004653337695557
2024-04-14,0.0668063517462319
2024-04-15,0.30518465021714497
2024-04-16,0.0047187529968140286
2024-04-17,0.018653495574272615
2024-04-18,0.10311271757915934
2024-04-19,0.1426384639832605
2024-04-20,0.040911853866852095
2024-04-21,0.02362658577445164
2024-04-22,0.02497715790822084
2024-04-23,0.016715314016890873
2024-04-24,0.005445213629919765
2024-04-25,0.013296174146238788
2024-04-26,0.0699335186894105
2024-04-27,0.10618138728037232
2024-04-28,0.17610134291790794
2024-04-29,0.08961195591148124
2024-04-30,0.02566829153431808
2024-05-01,0.001411757717234394
2024-05-02,0.0003993942552539017
2024-05-03,0.01793554461301987
2024-05-04,0.009931645170703565
2024-05-05,0.0023337920399390377
2024-05-06,0.0030173234409195276
2024-05-07,0.001509549953650234
2024-05-08,0.00026444154677277205
2024-05-09,0.0016612556235201718
2024-05-10,0.021100900876464736
2024-05-11,0.02715887620563186
2024-05-12,0.02517030427522717
2024-05-13,0.0011582510939191564
2024-05-14,0.0009851816668505224
2024-05-15,0.0012576036966381312
2024-05-16,0.006739555914408633
2024-05-17,0.008602611820202293
2024-05-18,0.03077016829153676
2024-05-19,0.025007413141416426
2024-05-20,0.014092825240833098
2024-05-21,0.015323023368843829
2024-05-22,0.0055617329117907685
2024-05-23,0.012439311940690687
2024-05-24,0.01980786632757847
2024-05-25,0.018936354672553557
2024-05-26,0.017140722827994375
2024-05-27,0.011229424372325266
2024-05-28,0.011731386401875819
2024-05-29,0.017937611163483986
2024-05-30,0.01661716755034529
2024-05-31,0.014386946670703098
2024-06-01,0.004925054252993493
2024-06-02,0.002875328523113358
2024-06-03,0.004682494348338698
2024-06-04,0.025054574392279906
2024-06-05,0.0713099785885273
2024-06-06,0.03353203106931415
2024-06-07,0.02790660196926724
2024-06-08,0.014752488615449625
2024-06-09,0.005746422483886753
2024-06-10,0.009996695226248584
2024-06-11,0.0062406155044081955
2024-06-12,0.010731394018826048
2024-06-13,0.0302909763787816
2024-06-14,0.012371256634240494
2024-06-15,0.00449327354819145
2024-06-16,0.015239511163741172
2024-06-17,0.02476575612708981
2024-06-18,0.01785462497864611
2024-06-19,0.020828431983230034
2024-06-20,0.035217709075615736
2024-06-21,0.04177352813366377
2024-06-22,0.015355076220376136
2024-06-23,0.014542383454498957
2024-06-24,0.01316626069748498
2024-06-25,0.011688035751410275
2024-06-26,0.012136950241145606
2024-06-27,0.015134238369440754
2024-06-28,0.021271685564685453
2024-06-29,0.012776165523657563
2024-06-30,0.010004971828281424
2024-07-01,0.056179853156635436
2024-07-02,0.010283626703750555
2024-07-03,0.054087540726801005
2024-07-04,0.031019891471546265
2024-07-05,0.05202609605375551
2024-07-06,0.02054895445508656
2024-07-07,0.04192471949402243
2024-07-08,0.014919727237721316
2024-07-09,0.008648034063408081
2024-07-10,0.06188504546267389
2024-07-11,0.04309081194942956
2024-07-12,0.045535441672395205
2024-07-13,0.08439687917210302
2024-07-14,0.03708698177051257
2024-07-15,0.034939681460360375
2024-07-16,0.013250786724084343
2024-07-17,0.03271531822074269
2024-07-18,0.024434097918524026
2024-07-19,0.012334869670282073
2024-07-20,0.01791638184784033
2024-07-21,0.020157365647304793
2024-07-22,0.024885603003662365
2024-07-23,0.044174978796083356
2024-07-24,0.012017187089054223
2024-07-25,0.021218015315882622
2024-07-26,0.005553732919378417
2024-07-27,0.01966094589184766
2024-07-28,0.03340961113702864
2024-07-29,0.1594990819465426
2024-07-30,0.26208791628925787
2024-07-31,0.010854507917940993
2024-08-01,0.10363746602106348
2024-08-02,0.017589115288468817
2024-08-03,0.13248494982011058
2024-08-04,0.13166076268232188
2024-08-05,0.03539049929431519
2024-08-06,0.03662192625312608
2024-08-07,0.05608651667871619
2024-08-08,0.010328542323805544
2024-08-09,0.008384933705857687
2024-08-10,0.10550832378810779
2024-08-11,0.031203717314422993
2024-08-12,0.005228580571463303
2024-08-13,0.007926015877713813
2024-08-14,0.02858102682965419
2024-08-15,0.23084758427946822
2024-08-16,0.06291307253230789
2024-08-17,0.08878799292958117
2024-08-18,0.04185634334077819
2024-08-19,0.057596566589110804
2024-08-20,0.04554202346961009
2024-08-21,0.023045067739406597
2024-08-22,0.019832647489944
2024-08-23,0.011967741225602374
2024-08-24,0.00632889105313169
2024-08-25,0.019325230357081856
2024-08-26,0.05267633044809131
2024-08-27,0.0725712121908559
2024-08-28,0.13840299456423247
2024-08-29,0.17144026536277887
2024-08-30,0.10978450646625203
2024-08-31,0.020125816779635777
2024-09-01,0.01669937610581525
2024-09-02,0.09800370267247242
2024-09-03,0.02036830073467727
2024-09-04,0.02056329700662415
2024-09-05,0.013697428934434923
2024-09-06,0.028265350202274338
2024-09-07,0.0177278057021126
2024-09-08,0.02052637216253522
2024-09-09,0.015732512317321465
2024-09-10,0.021722813284226483
2024-09-11,0.012866093852892588
2024-09-12,0.01846184181612787
2024-09-13,0.05392604267289651
2024-09-14,0.023849065041107915
2024-09-15,0.010859460058012055
2024-09-16,0.018898830293124984
2024-09-17,0.011452909210133764
2024-09-18,0.020483496847354676
2024-09-19,0.03685215710256142
2024-09-20,0.01889677769947082
2024-09-21,0.03659190648455528
2024-09-22,0.013760399737464615
2024-09-23,0.04583519333288851
2024-09-24,0.04430259391161899
2024-09-25,0.020610384310552832
2024-09-26,0.11237327711842425
2024-09-27,0.05588885247049148
2024-09-28,0.01316550620270714
2024-09-29,0.00783130840142388
2024-09-30,0.004599606243227474
2024-10-01,0.01846213442828612
2024-10-02,0.008736054944245964
2024-10-03,0.006645685648205074
2024-10-04,0.010951874685509571
2024-10-05,0.11494865473182007
2024-10-06,0.012693255422684442
2024-10-07,0.05032886149206759
2024-10-08,0.060441381742508765
2024-10-09,0.016638823934758032
2024-10-10,0.005259477479060814
2024-10-11,0.0035954295973847864
2024-10-12,0.002949974375570281
2024-10-13,0.007430770635409925
2024-10-14,0.004332626528660367
2024-10-15,0.003753300306470351
2024-10-16,0.0060011702258462385
2024-10-17,0.010198443188029042
2024-10-18,0.00580741353481223
2024-10-19,0.000876360063000226
2024-10-20,0.0027775983963729393
2024-10-21,0.001848458220380283
2024-10-22,0.024960443441452738
2024-10-23,0.024375050230878288
2024-10-24,0.005114921286027413
2024-10-25,0.006434276230502566
2024-10-26,0.0022095786919859727
2024-10-27,0.010317375902563933
2024-10-28,0.0420957772147118
2024-10-29,0.04346352823737178
2024-10-30,0.007198102116913347
2024-10-31,0.0017028903696809647
2024-11-01,0.0023708057151075484
2024-11-02,0.0012559868635171499
2024-11-03,0.0008468289925743203
2024-11-04,0.0006443655397865628
2024-11-05,0.0026660990188875277
2024-11-06,0.002704757234318534
2024-11-07,0.007207839563416098
2024-11-08,0.0074240409781397825
2024-11-09,0.010255406553619468
2024-11-10,0.04274830756207804
2024-11-11,0.058131290648601515
2024-11-12,0.0029275091283150617
2024-11-13,0.00747243151358782
2024-11-14,0.017602948257599577
2024-11-15,0.03711974666806102
2024-11-16,0.005091442807837323
2024-11-17,0.00020613854196384508
2024-11-18,0.00019874986947888878
2024-11-19,0.00019356265738439222
2024-11-20,0.0003213407337868674
2024-11-21,0.0008518504149803471
2024-11-22,0.0013191126579127981
2024-11-23,0.005780733722291086
2024-11-24,0.0002810359041814654
2024-11-25,1.648297325063384e-05
2024-11-26,0.00034798666715015386
2024-11-27,0.00019817961598756457
2024-11-28,0.0007357371450844453
2024-11-29,0.005311473323254075
2024-11-30,0.0013472086044510954
2024-12-01,0.0034395011983035704
2024-12-02,0.0047392534391196145
2024-12-03,0.0011420678772420998
2024-12-04,0.001314158474451695
2024-12-05,0.0006528803467694182
2024-12-06,0.0013737174906742389
2024-12-07,0.0008937818312319725
2024-12-08,0.002009569751170981
2024-12-09,0.0012670475203291794
2024-12-10,0.0004965181978187959
2024-12-11,0.0020597983577101972
2024-12-12,0.0009097248367021965
2024-12-13,0.00010388025305633278
2024-12-14,0.0007858943911174079
2024-12-15,0.0004966372852074195
2024-12-16,0.00035566276311538303
2024-12-17,0.0001040383432513307
2024-12-18,0.0007810726381352495
2024-12-19,0.0008816376182736995
2024-12-20,6.792496053044064e-05
2024-12-21,0.0004350128409716379
2024-12-22,0.0013312199242924523
2024-12-23,0.0007433275466307511
2024-12-24,0.00040159879835817793
2024-12-25,0.0004984655848933518
2024-12-26,0.00022255068155405475
2024-12-27,0.0038933868260855597
2024-12-28,0.004677229157068454
2024-12-29,0.0003341070418679912
2024-12-30,0.0001275080871070993
2024-12-31,0.0008446829642533222
2025-01-01,0.008320209595840013
2025-01-02,0.04227659431291623
2025-01-03,0.007837074156206015
2025-01-04,0.009199442962089254
2025-01-05,0.011379176545592434
2025-01-06,0.005911687002947694
2025-01-07,0.0001523139055939283
2025-01-08,0.001371092561087465
2025-01-09,0.0016983663154873177
2025-01-10,0.00036224918420887996
2025-01-11,0.00235627578012519
2025-01-12,0.0012030994988753943
2025-01-13,0.0004247066778822876
2025-01-14,0.0016163020137420537
2025-01-15,0.0014792351018127505
2025-01-16,0.0034497616784826195
2025-01-17,0.0017454464451917742
2025-01-18,0.0023589817870695393
2025-01-19,0.00785327736492303
2025-01-20,0.020689620547527363
2025-01-21,0.0009141744628779772
2025-01-22,0.0019085310179933728
2025-01-23,0.00037079786849936414
2025-01-24,0.003138078819959562
2025-01-25,0.002223866892348576
2025-01-26,0.0012866446123893345
2025-01-27,0.0008977125312971549
2025-01-28,0.002041786831150264
2025-01-29,0.01054149825985284
2025-01-30,0.0017052114155320678
2025-01-31,0.0018182958226355698
2025-02-01,0.001258395682306302
2025-02-02,0.0003833234482889524
2025-02-03,0.0010201643094250048
2025-02-04,0.0010012165488958427
2025-02-05,0.0021434543247155235
2025-02-06,0.0003423944693222054
2025-02-07,0.0001414056711141175
2025-02-08,0.0010092730088781493
2025-02-09,0.005592557983646587
2025-02-10,0.016139225465821368
2025-02-11,0.006233311063385084
2025-02-12,0.0008752934713180082
2025-02-13,0.0003048233731080873
2025-02-14,0.0012941810859592724
2025-02-15,0.002204918636934333
2025-02-16,0.007086129496869143
2025-02-17,0.001156559836789266
2025-02-18,0.0031252704255716147
2025-02-19,0.03853780284484941
2025-02-20,0.06462314912989932
2025-02-21,0.004513104152887747
2025-02-22,0.0015890801831114415
2025-02-23,0.0014138693649889675
2025-02-24,0.0035219930460226403
2025-02-25,0.12652529955097672
2025-02-26,0.1180910208934395
2025-02-27,0.16099191468537202
2025-02-28,0.03286917662442015
2025-03-01,0.0022572403742110595
2025-03-02,0.020169716743733062
2025-03-03,0.055704131718399816
2025-03-04,0.00039246805401956094
2025-03-05,0.00029644663183039016
2025-03-06,9.682880774510887e-05
2025-03-07,0.0006993188797892292
2025-03-08,0.0002725416269791706
2025-03-09,0.014596257890745354
2025-03-10,0.04384098827764214
2025-03-11,0.04233916095508288
2025-03-12,0.02653596288809769
2025-03-13,0.029725682729747446
2025-03-14,0.024430026684736834
2025-03-15,0.020307048521323392
2025-03-16,0.0009987404805717722
2025-03-17,0.0010237634194601533
2025-03-18,0.0015137321721713545
2025-03-19,0.005238372954566548
2025-03-20,0.0012476296474533911
2025-03-21,0.0014664533984126511
2025-03-22,0.003258852714989172
2025-03-23,0.002045105690428393
2025-03-24,0.01873847125489313
2025-03-25,0.059997519994036
2025-03-26,0.13920132137579674
2025-03-27,0.2589251761343796
2025-03-28,0.0075246187939303575
2025-03-29,0.0008624583830250229
2025-03-30,0.0019065820846296275
2025-03-31,0.001310733870794164
2025-04-01,0.0006777138786516447
2025-04-02,0.0007225576459769336
2025-04-03,0.009164917688300439
2025-04-04,0.0017774848897606523
2025-04-05,0.0013688526200999085
2025-04-06,0.002979899137770664
2025-04-07,0.006169115089498968
2025-04-08,0.07926419529976102
2025-04-09,0.08752450909227354
2025-04-10,0.03164706056150619
2025-04-11,0.04311607304446414
2025-04-12,0.01137651979907195
2025-04-13,0.0014508635273121951
2025-04-14,0.004218441685055623
2025-04-15,0.015637996362958647
2025-04-16,0.06892263027558221
2025-04-17,0.026386732127539326
2025-04-18,0.3357699592259702
2025-04-19,0.33292615014834115
2025-04-20,0.16141654960239699
2025-04-21,0.02571626266102605
2025-04-22,0.01004816344817255
2025-04-23,0.005083823194316635
2025-04-24,0.012664061550784365
2025-04-25,0.0038169049685578193
2025-04-26,0.004883803974121992
2025-04-27,0.0019078365583690944
2025-04-28,0.002265466720155446
2025-04-29,0.003551734580591341
2025-04-30,0.012199563378518966
2025-05-01,0.036784104807624986
2025-05-02,0.016271943868962416
2025-05-03,0.04231955219096043
2025-05-04,0.02595788478042737
2025-05-05,0.02512363377206157
2025-05-06,0.019456327818990884
2025-05-07,0.0072676485469520755
2025-05-08,0.03242019835808994
2025-05-09,0.06898097042671719
2025-05-10,0.034664199291657365
2025-05-11,0.020269034403193522
2025-05-12,0.021410606400111495
2025-05-13,0.013430261891275884
2025-05-14,0.008360420451712055
2025-05-15,0.0028217015056829007
2025-05-16,0.004587168436380636
2025-05-17,0.005441103263629849
2025-05-18,0.03977816895698857
2025-05-19,0.016428817761362544
2025-05-20,0.009324687505792805
2025-05-21,0.006048327879470369
2025-05-22,0.0018632560935050737
2025-05-23,0.021226544104418207
2025-05-24,0.062458080009651785
2025-05-25,0.009389019486561042
2025-05-26,0.00887975603629136
2025-05-27,0.1335880051591951
2025-05-28,0.03499028476390848
2025-05-29,0.10367185888842026
2025-05-30,0.06028742685598562
2025-05-31,0.04464501107101559
2025-06-01,0.013201382429807241
2025-06-02,0.03071887971058488
2025-06-03,0.041998537766411145
2025-06-04,0.011879914877924024
2025-06-05,0.004806633275880595
2025-06-06,0.008540472572134188
2025-06-07,0.025727712946222482
2025-06-08,0.014911074791928072
2025-06-09,0.01597627687144244
2025-06-10,0.016660951340719193
2025-06-11,0.020636450739741363
2025-06-12,0.023248785661574286
2025-06-13,0.025367770375594362
2025-06-14,0.027115231960148867
2025-06-15,0.035604209703885385
2025-06-16,0.04548997165347464
2025-06-17,0.02385945695695586
2025-06-18,0.012106779651356798
2025-06-19,0.03905470885734732
2025-06-20,0.03275253840219652
2025-06-21,0.07027720768626494
2025-06-22,0.021755038107272372
2025-06-23,0.0378298668792527
2025-06-24,0.02028053491690027
2025-06-25,0.048598189069051126
2025-06-26,0.04446813818788953
2025-06-27,0.06724484267090451
2025-06-28,0.020977205286576133
2025-06-29,0.04732545523657233
2025-06-30,0.021449710741137263
2025-07-01,0.0455025532265018
2025-07-02,0.02706372069649935
2025-07-03,0.021584763540346073
2025-07-04,0.010216706207541868
2025-07-05,0.08045444925936296
2025-07-06,0.03947823919548602
2025-07-07,0.11169790030123397
2025-07-08,0.18505839615248443
2025-07-09,0.06621574766387216
2025-07-10,0.04612972184695592
2025-07-11,0.044476800342852105
2025-07-12,0.013580587353424774
2025-07-13,0.12862788203415101
2025-07-14,0.10315257493027677
2025-07-15,0.1670864467618627
2025-07-16,0.12413421754267685
2025-07-17,0.08162946726466098
2025-07-18,0.1898166308562643
2025-07-19,0.1279153696903126
2025-07-20,0.05452273566437959
2025-07-21,0.19447775854286597
2025-07-22,0.18434602566939481
2025-07-23,0.12176598092297475
2025-07-24,0.069572651225191
2025-07-25,0.04125104090205824
2025-07-26,0.02418911028573717
2025-07-27,0.020558851958097837
2025-07-28,0.018586820938665358
2025-07-29,0.16657468759453378
2025-07-30,0.06766516533075903
2025-07-31,0.009674111816894943
2025-08-01,0.048208665444878174
2025-08-02,0.03375452067534515
2025-08-03,0.015601161285776818
2025-08-04,0.014858957910422924
2025-08-05,0.06121250392263772
2025-08-06,0.04925096723147747
2025-08-07,0.009154839429190492
2025-08-08,0.023580769875392277
2025-08-09,0.015721703639459392
2025-08-10,0.045749256345647686
2025-08-11,0.05347645247305626
2025-08-12,0.08756408044229065
2025-08-13,0.11193195620415586
2025-08-14,0.5235504411695292
2025-08-15,0.1583631388003007
2025-08-16,0.03037699151824629
2025-08-17,0.07670357735196616
2025-08-18,0.23984438738486058
2025-08-19,0.026715669405898305
2025-08-20,0.03414823118188137
2025-08-21,0.012792900537518283
2025-08-22,0.005727468082232912
2025-08-23,0.2613646681924381
2025-08-24,0.3236990866340869
2025-08-25,0.327790125523493
2025-08-26,0.539388169485288
2025-08-27,0.026087449039057235
2025-08-28,0.05638877476739103
2025-08-29,0.05256595983223424
2025-08-30,0.047572835343032166
2025-08-31,0.11666561024747811
2025-09-01,0.148293298678373
2025-09-02,0.2529251389963617
2025-09-03,0.16271817894054508
2025-09-04,0.020485462137967498
2025-09-05,0.026200160274598
2025-09-06,0.016168082086342246
2025-09-07,0.0377551532715265
2025-09-08,0.023831469269204483
2025-09-09,0.01896362066825144
2025-09-10,0.022138249120985304
2025-09-11,0.021942257639674737
2025-09-12,0.0021397294413684695
2025-09-13,0.0043344579307316574
2025-09-14,0.0062120791926946915
2025-09-15,0.029748016068748575
2025-09-16,0.02416291100697266
2025-09-17,0.005324951515782819
2025-09-18,0.04450039737287528
2025-09-19,0.00917903855431899
2025-09-20,0.0010371174349597756
2025-09-21,0.0012930082395432002
2025-09-22,0.0013934510551970025
2025-09-23,0.0031204389178179537
2025-09-24,0.0067147993582635564
2025-09-25,0.022523104772171836
2025-09-26,0.006191474055026838
2025-09-27,0.004452744418375877
2025-09-28,0.004025010402399556
2025-09-29,0.005059680523098248
2025-09-30,0.002010756455150242
2025-10-01,0.013068180644872151
2025-10-02,0.06928716116855638
2025-10-03,0.04000430653991544
2025-10-04,0.040609028232636506
2025-10-05,0.14840331569256432
2025-10-06,0.2672459336494807
2025-10-07,0.05591923523289477
2025-10-08,0.007124169734421842
2025-10-09,0.011148482616126611
2025-10-10,0.009219970076885171
2025-10-11,0.006699106364535597
2025-10-12,0.006284217676883454
2025-10-13,0.0035042212177772147
2025-10-14,0.0020401822967479792
2025-10-15,0.0027544053141683065
2025-10-16,0.004915920948264741
2025-10-17,0.001986307382726322
2025-10-18,0.0008342613210850879
2025-10-19,0.0011805397907325493
2025-10-20,0.0006962658917502017
2025-10-21,0.0034923731810069724
2025-10-22,0.01535660065635202
2025-10-23,0.0008299148650273133
2025-10-24,0.0033017916593315877
2025-10-25,0.0013332920302802837
2025-10-26,0.006861112003165442
2025-10-27,0.008516005116912447
2025-10-28,0.007391061434029037
2025-10-29,0.002663030669162067
2025-10-30,0.0017348949267201707
2025-10-31,0.006552454399689371
2025-11-01,0.0012954175569720203
2025-11-02,0.002446138869483488
2025-11-03,0.0023909827633430574
2025-11-04,0.14389420107454376
2025-11-05,0.005461977376325561
2025-11-06,0.0031383128597911644
2025-11-07,0.00046736233824126624
2025-11-08,0.00020515561326575529
2025-11-09,0.0008849462216300718
2025-11-10,0.0018462860086777087
2025-11-11,0.00109343147849373
2025-11-12,0.0003986002134579674
2025-11-13,0.0011152033048181982
2025-11-14,0.0009091535544035592
2025-11-15,0.0008915054318902507
2025-11-16,0.005915159849312954
2025-11-17,0.0001356184344269566
2025-11-18,0.000623224035406782
2025-11-19,0.0001412172966608659
2025-11-20,0.00253600603820003
2025-11-21,0.0005739070264089268
2025-11-22,0.0017481622285526188
2025-11-23,0.0012676614335589073
2025-11-24,0.0019827949895015844
2025-11-25,0.003259602569675135
2025-11-26,0.0032718088749641347
2025-11-27,0.003764670998077152
2025-11-28,0.0013946244146077565
2025-11-29,0.001581995374987005
2025-11-30,0.010891080608631315
2025-12-01,0.042810215814199526
2025-12-02,0.003954046325076172
2025-12-03,0.0021013227398993632
2025-12-04,0.020527650753335423
2025-12-05,0.021125102917850552
2025-12-06,0.017565130744931098
2025-12-07,0.00627067273433414
2025-12-08,0.0014329423417670558
2025-12-09,0.013401575171217503
2025-12-10,0.0031247114616413073
2025-12-11,0.0024077870552182902
2025-12-12,0.010120365554727128
2025-12-13,0.025846703196380858
2025-12-14,0.028928386338841344
2025-12-15,0.024692597817840303
2025-12-16,0.00908516320017085
2025-12-17,0.0070138273088051675
2025-12-18,0.009787481677768722
2025-12-19,0.009055120325276394
2025-12-20,0.029726791497191173
2025-12-21,0.07403325829575018
2025-12-22,0.0370727691657818
2025-12-23,0.003381272619018594
2025-12-24,0.0015106714638719937
2025-12-25,0.007859567088163414
2025-12-26,0.00259627029908245
2025-12-27,0.005344826257973056
2025-12-28,0.017947536951779586
2025-12-29,0.012100533558479613
2025-12-30,0.07238267545132834
2025-12-31,0.034643354671470505
