date,runoff
2000-01-01,0.0017152562650446675
2000-01-02,0.0017241844023224075
2000-01-03,0.0017129802131916148
2000-01-04,0.0016514140941751086
2000-01-05,0.00159962287703109
2000-01-06,0.0015915693319874275
2000-01-07,0.0015289610332451242
2000-01-08,0.0019387032959644742
2000-01-09,0.0018537850102606918
2000-01-10,0.001641040187519905
2000-01-11,0.0017470371246101157
2000-01-12,0.00238317284551109
2000-01-13,0.0018048400904486532
2000-01-14,0.001442998880835962
2000-01-15,0.0013419792894000023
2000-01-16,0.0013058905830119728
2000-01-17,0.0013111823846490684
2000-01-18,0.0013691845869126017
2000-01-19,0.0014078259632055773
2000-01-20,0.0013037056431958376
2000-01-21,0.0012772292198339563
2000-01-22,0.0012878351426437423
2000-01-23,0.0012643657733037686
2000-01-24,0.001269772882772046
2000-01-25,0.001379570519929142
2000-01-26,0.00134527312171376
2000-01-27,0.0012350257677726762
2000-01-28,0.0012086798205636089
2000-01-29,0.001210093345574085
2000-01-30,0.0012286150563525762
2000-01-31,0.001435606229140602
2000-02-01,0.0020985605980971965
2000-02-02,0.001270292168870043
2000-02-03,0.0011977113165696275
2000-02-04,0.0012032178180039483
2000-02-05,0.0011871256164922533
2000-02-06,0.0011594801744362262
2000-02-07,0.0011513466469364453
2000-02-08,0.0011502963582111535
2000-02-09,0.0012366200066856522
2000-02-10,0.0012463788090194825
2000-02-11,0.001159103603072295
2000-02-12,0.0011192115172574547
2000-02-13,0.0010935539151899999
2000-02-14,0.00108552136087351
2000-02-15,0.001074142320267164
2000-02-16,0.0011512856208135698
2000-02-17,0.0010978199243617856
2000-02-18,0.0010712304144668851
2000-02-19,0.0010582066714745792
2000-02-20,0.00105882496261455
2000-02-21,0.0010623049908777197
2000-02-22,0.0010557380243498154
2000-02-23,0.0010398632823914434
2000-02-24,0.0010170272875002818
2000-02-25,0.0010073936412096725
2000-02-26,0.0010028720769178214
2000-02-27,0.0010435595384793025
2000-02-28,0.0010769804250255377
2000-02-29,0.0011916209471747462
2000-03-01,0.0011377073261783911
2000-03-02,0.0011136530611477935
2000-03-03,0.0011119063852751444
2000-03-04,0.0019639564637615567
2000-03-05,0.0010751913103802103
2000-03-06,0.0010470317675245362
2000-03-07,0.0010774755412530088
2000-03-08,0.0010469947527789753
2000-03-09,0.0010089043706797503
2000-03-10,0.0010566017448752222
2000-03-11,0.0012417345209450841
2000-03-12,0.001096180812111738
2000-03-13,0.0010706196308901729
2000-03-14,0.0011154679119342473
2000-03-15,0.001159932054789988
2000-03-16,0.0013653816178876167
2000-03-17,0.0012287485171495751
2000-03-18,0.0012182531897341792
2000-03-19,0.0011921203353511451
2000-03-20,0.0012242909551189154
2000-03-21,0.001324357663286497
2000-03-22,0.001433920187382054
2000-03-23,0.0014360442997597262
2000-03-24,0.0014012169944370692
2000-03-25,0.0015877966682439014
2000-03-26,0.001676566624739713
2000-03-27,0.001600089567755599
2000-03-28,0.0022213272560320718
2000-03-29,0.002858650310452311
2000-03-30,0.004213830796789986
2000-03-31,0.0033684083969393644
2000-04-01,0.0017339192852166422
2000-04-02,0.0014011253686131353
2000-04-03,0.0017540158413268969
2000-04-04,0.00221181720967661
2000-04-05,0.0017310346084233872
2000-04-06,0.0016160761315044804
2000-04-07,0.001583100784560194
2000-04-08,0.002353219250260722
2000-04-09,0.002319389942300653
2000-04-10,0.0027095443436577203
2000-04-11,0.003395029906038594
2000-04-12,0.004074823455444912
2000-04-13,0.00419979019041274
2000-04-14,0.004072991846599943
2000-04-15,0.00376251700577743
2000-04-16,0.003933087398313725
2000-04-17,0.00519410347966626
2000-04-18,0.007159829044580039
2000-04-19,0.0073421408010599905
2000-04-20,0.009547347315185084
2000-04-21,0.009229346415186196
2000-04-22,0.01109914797096743
2000-04-23,0.01387104632522936
2000-04-24,0.011282862142240684
2000-04-25,0.012514991668860265
2000-04-26,0.014094992150034534
2000-04-27,0.014112810537746304
2000-04-28,0.014294224473173073
2000-04-29,0.011805939279690474
2000-04-30,0.011911256356298727
2000-05-01,0.015059021361923188
2000-05-02,0.01960080082217799
2000-05-03,0.02765297994615026
2000-05-04,0.0301848938063832
2000-05-05,0.026309840716088974
2000-05-06,0.025373530276843668
2000-05-07,0.027451641837868045
2000-05-08,0.03514864324957192
2000-05-09,0.04479781304360782
2000-05-10,0.052332345686654604
2000-05-11,0.06008225592730888
2000-05-12,0.06436148747977409
2000-05-13,0.06982283643356803
2000-05-14,0.07861653636024514
2000-05-15,0.0761177687901635
2000-05-16,0.08798932415822092
2000-05-17,0.08795529968321342
2000-05-18,0.09035619653653748
2000-05-19,0.10323997904290663
2000-05-20,0.10497590495659238
2000-05-21,0.09720041883319194
2000-05-22,0.09946315693358043
2000-05-23,0.08530105830218854
2000-05-24,0.07465319639157555
2000-05-25,0.06814823455906996
2000-05-26,0.054090058423567525
2000-05-27,0.05083854354203187
2000-05-28,0.05759380397702305
2000-05-29,0.05996608733608619
2000-05-30,0.04562194637163732
2000-05-31,0.03719977873244596
2000-06-01,0.03146824706387554
2000-06-02,0.03914954096276038
2000-06-03,0.039280602067450966
2000-06-04,0.02419831039544432
2000-06-05,0.01897504591307948
2000-06-06,0.02372311100700735
2000-06-07,0.032156346873688006
2000-06-08,0.0402494053024985
2000-06-09,0.04493593950755002
2000-06-10,0.036462314951422124
2000-06-11,0.027405608271291477
2000-06-12,0.025957351514036286
2000-06-13,0.02905996545247147
2000-06-14,0.038653944099602794
2000-06-15,0.0484588995014036
2000-06-16,0.04685591241971228
2000-06-17,0.04553427380849253
2000-06-18,0.04590832931931359
2000-06-19,0.048994917555198865
2000-06-20,0.04909282486989151
2000-06-21,0.03993804996377665
2000-06-22,0.030809839278250123
2000-06-23,0.028659135140663452
2000-06-24,0.02653621159837955
2000-06-25,0.024664579457210994
2000-06-26,0.025254507305467976
2000-06-27,0.023999404692138918
2000-06-28,0.02195812164695062
2000-06-29,0.020555411573525178
2000-06-30,0.030881740038388686
2000-07-01,0.021366066389462604
2000-07-02,0.02098972595097134
2000-07-03,0.018035250555504524
2000-07-04,0.01567841891523266
2000-07-05,0.01273468411330313
2000-07-06,0.012577793187246751
2000-07-07,0.013248232229517421
2000-07-08,0.014104928288463749
2000-07-09,0.01194856135430895
2000-07-10,0.011862129398851291
2000-07-11,0.013352360208663282
2000-07-12,0.016110355585578284
2000-07-13,0.0183703856297273
2000-07-14,0.020912499967352238
2000-07-15,0.018277051174646793
2000-07-16,0.015069433605886633
2000-07-17,0.014504175165270644
2000-07-18,0.013637240088520363
2000-07-19,0.00849868494015658
2000-07-20,0.011422144423448466
2000-07-21,0.017638373025991402
2000-07-22,0.03049948307761564
2000-07-23,0.03711362278144517
2000-07-24,0.03347697734914006
2000-07-25,0.024726535868882956
2000-07-26,0.014208108359464108
2000-07-27,0.010412294038685228
2000-07-28,0.012823571004476631
2000-07-29,0.015806304797878968
2000-07-30,0.01582539597953335
2000-07-31,0.027807091596514795
2000-08-01,0.042457284864088896
2000-08-02,0.019793128108895983
2000-08-03,0.01181719008280498
2000-08-04,0.009169573994358193
2000-08-05,0.0077220761369428915
2000-08-06,0.008808841771975594
2000-08-07,0.01062081483975699
2000-08-08,0.010718931837305939
2000-08-09,0.012411218685476929
2000-08-10,0.015872682802511688
2000-08-11,0.014291235958281575
2000-08-12,0.01732986584142538
2000-08-13,0.020438410410910927
2000-08-14,0.015633222217661114
2000-08-15,0.011453645239024588
2000-08-16,0.008955581940470149
2000-08-17,0.00846629342147498
2000-08-18,0.014289226597983193
2000-08-19,0.011312898951119262
2000-08-20,0.008671328329403758
2000-08-21,0.010726851020072838
2000-08-22,0.010572384424090699
2000-08-23,0.010016468721035857
2000-08-24,0.008106352472408583
2000-08-25,0.007124639134896021
2000-08-26,0.006657284463730503
2000-08-27,0.007470048686269242
2000-08-28,0.007154157344437691
2000-08-29,0.006934999824049905
2000-08-30,0.008298960134450084
2000-08-31,0.010404352032285548
2000-09-01,0.009643179305670359
2000-09-02,0.007673816990411848
2000-09-03,0.006962767058696693
2000-09-04,0.007513225530107376
2000-09-05,0.00731164370216969
2000-09-06,0.007355087681521982
2000-09-07,0.008640405172896846
2000-09-08,0.007571809840263829
2000-09-09,0.008325486002590796
2000-09-10,0.006861353212554941
2000-09-11,0.00557819570246628
2000-09-12,0.005016744139756492
2000-09-13,0.005302909644558403
2000-09-14,0.005054516712995962
2000-09-15,0.004616821187737274
2000-09-16,0.0043722879296395675
2000-09-17,0.0043549594192632875
2000-09-18,0.0044051660566590345
2000-09-19,0.006090306685547116
2000-09-20,0.009730641813233444
2000-09-21,0.009328983886763608
2000-09-22,0.008271005437004987
2000-09-23,0.006620341180668881
2000-09-24,0.005749237511531881
2000-09-25,0.005781327960989365
2000-09-26,0.0075664413091041495
2000-09-27,0.0059209487203875305
2000-09-28,0.004857840365993524
2000-09-29,0.004810606842994403
2000-09-30,0.004876989321261726
2000-10-01,0.005556319323737171
2000-10-02,0.005864918824203823
2000-10-03,0.00494722220280676
2000-10-04,0.004814251258431905
2000-10-05,0.006672407268885224
2000-10-06,0.008216354323839457
2000-10-07,0.008017590614999839
2000-10-08,0.00655307833210397
2000-10-09,0.005248368819520526
2000-10-10,0.004613830265083912
2000-10-11,0.004401434369016169
2000-10-12,0.004256408876184927
2000-10-13,0.004054500431713643
2000-10-14,0.0038992809501988816
2000-10-15,0.004018066275127298
2000-10-16,0.004598054058465537
2000-10-17,0.004918926126954762
2000-10-18,0.004246493179543484
2000-10-19,0.004830483198885826
2000-10-20,0.004263002419622421
2000-10-21,0.003985101964252036
2000-10-22,0.0039678668442325125
2000-10-23,0.004124174720894786
2000-10-24,0.003844188570461069
2000-10-25,0.0037564021520840127
2000-10-26,0.003463616548785947
2000-10-27,0.0034217433251247523
2000-10-28,0.0035847947251195157
2000-10-29,0.0038780669830914436
2000-10-30,0.003857933955356073
2000-10-31,0.0035513920206407786
2000-11-01,0.003594574497121212
2000-11-02,0.004234370394126576
2000-11-03,0.003540369225468918
2000-11-04,0.003389839456952932
2000-11-05,0.0033338940654124532
2000-11-06,0.0036216971802803706
2000-11-07,0.0036639958267960125
2000-11-08,0.003843998955175618
2000-11-09,0.003333394929470492
2000-11-10,0.003066321205783592
2000-11-11,0.0035687332376964018
2000-11-12,0.0033729376614052373
2000-11-13,0.002786032919328815
2000-11-14,0.002652718149644914
2000-11-15,0.002895050482887782
2000-11-16,0.00282000141397839
2000-11-17,0.002789212530139472
2000-11-18,0.0025477681269651725
2000-11-19,0.002522844272839732
2000-11-20,0.002625284123781429
2000-11-21,0.002580770712505372
2000-11-22,0.0023837420198586884
2000-11-23,0.00254087307982051
2000-11-24,0.0023199006569112196
2000-11-25,0.0022148602394914127
2000-11-26,0.002160333405665816
2000-11-27,0.002128759418523331
2000-11-28,0.0020975885439375205
2000-11-29,0.00209534632612868
2000-11-30,0.0020529690180698277
2000-12-01,0.002026986850713821
2000-12-02,0.0020216504074425322
2000-12-03,0.0020465401615151826
2000-12-04,0.0020053436755694937
2000-12-05,0.0019746866851739543
2000-12-06,0.0019406709420951563
2000-12-07,0.001953645411961042
2000-12-08,0.002009496726943556
2000-12-09,0.0019331622043034808
2000-12-10,0.0018873453577883063
2000-12-11,0.001856247490672378
2000-12-12,0.0018643791752554824
2000-12-13,0.001906457516579279
2000-12-14,0.001830442194539794
2000-12-15,0.0018102491989152537
2000-12-16,0.002020615424539316
2000-12-17,0.002895776502979008
2000-12-18,0.0018384678914125626
2000-12-19,0.0017306316199188427
2000-12-20,0.0017129338692181677
2000-12-21,0.0016992785877917433
2000-12-22,0.0016884671809222626
2000-12-23,0.0016862541932412226
2000-12-24,0.001666425566088669
2000-12-25,0.0016483244156808292
2000-12-26,0.0016286971876465326
2000-12-27,0.0016414713230388201
2000-12-28,0.0017059912798832162
2000-12-29,0.001618992643327564
2000-12-30,0.0015687341463744315
2000-12-31,0.0015597558766274897
2001-01-01,0.0015400068781034595
2001-01-02,0.0015235174140646242
2001-01-03,0.0015125754715356711
2001-01-04,0.0014965027328200542
2001-01-05,0.0014844494699773345
2001-01-06,0.0014792106606924824
2001-01-07,0.001464559497430119
2001-01-08,0.0014418795169240388
2001-01-09,0.00142797745574194
2001-01-10,0.0014174455945789915
2001-01-11,0.0014037220771328067
2001-01-12,0.0013967787108153684
2001-01-13,0.001381246424941554
2001-01-14,0.0013733424824278844
2001-01-15,0.0013698894166445956
2001-01-16,0.001362552662687587
2001-01-17,0.001370495078188073
2001-01-18,0.001365010694433878
2001-01-19,0.0013370434458082677
2001-01-20,0.0013256306898176665
2001-01-21,0.0014600597240182125
2001-01-22,0.0013811543218895453
2001-01-23,0.0012823437603223004
2001-01-24,0.001256945401183861
2001-01-25,0.001261234620281478
2001-01-26,0.0012552529246110332
2001-01-27,0.0012540206715563823
2001-01-28,0.0012673369948544822
2001-01-29,0.001287443224217927
2001-01-30,0.0014508131724818064
2001-01-31,0.0016955410087556302
2001-02-01,0.0012486422767791112
2001-02-02,0.0011941765549588132
2001-02-03,0.001191431731667396
2001-02-04,0.0011792401481826077
2001-02-05,0.0011632195157312672
2001-02-06,0.0011866430021218123
2001-02-07,0.0012378383479834322
2001-02-08,0.0011761125537268812
2001-02-09,0.0012325498743664739
2001-02-10,0.0012426283178667724
2001-02-11,0.001209807440832825
2001-02-12,0.001253410870348927
2001-02-13,0.0011858823919943594
2001-02-14,0.0012580532573606546
2001-02-15,0.0014872019287068504
2001-02-16,0.001244155977185449
2001-02-17,0.0017124193749160025
2001-02-18,0.0012064744993658236
2001-02-19,0.0011100229347495681
2001-02-20,0.0013725747862239326
2001-02-21,0.0011397231172870833
2001-02-22,0.0013523904483271922
2001-02-23,0.002635595598963995
2001-02-24,0.001337306907081115
2001-02-25,0.0011211987788768243
2001-02-26,0.00106220142939341
2001-02-27,0.0010044229028551381
2001-02-28,0.0009985154016396358
2001-03-01,0.0009794123208769448
2001-03-02,0.0009669955531499247
2001-03-03,0.0009661823860045518
2001-03-04,0.0009839518021294695
2001-03-05,0.0009418614167717748
2001-03-06,0.00095377292220705
2001-03-07,0.0010662624707086699
2001-03-08,0.0010404588339110233
2001-03-09,0.0010445860389233276
2001-03-10,0.0010532348065868853
2001-03-11,0.0010752162440350135
2001-03-12,0.0016326143563626994
2001-03-13,0.00275922673581638
2001-03-14,0.0016445237628080899
2001-03-15,0.0011653666987812953
2001-03-16,0.001057336966340144
2001-03-17,0.0011389578169753096
2001-03-18,0.0011539992298566781
2001-03-19,0.001916288058467131
2001-03-20,0.001529427245718191
2001-03-21,0.0012405292446263042
2001-03-22,0.0013011448242103325
2001-03-23,0.0012911464779712784
2001-03-24,0.0012078767120260307
2001-03-25,0.0014400855828749486
2001-03-26,0.0015950329125816957
2001-03-27,0.001762501434958964
2001-03-28,0.003973583113239947
2001-03-29,0.0020200288959331125
2001-03-30,0.0017085715686493892
2001-03-31,0.0016111017542352849
2001-04-01,0.0015357235529276782
2001-04-02,0.0016054327921541354
2001-04-03,0.0018737855954618476
2001-04-04,0.0017500454278817836
2001-04-05,0.0019544082972969283
2001-04-06,0.0023179077710705123
2001-04-07,0.00278273128890768
2001-04-08,0.003091311826290543
2001-04-09,0.0031398497921586535
2001-04-10,0.0032779210363859464
2001-04-11,0.0033748997639333196
2001-04-12,0.0032474565855552195
2001-04-13,0.00396317009776421
2001-04-14,0.004187720713779218
2001-04-15,0.0047158004499911164
2001-04-16,0.0056194928472819905
2001-04-17,0.005587217008700395
2001-04-18,0.004356836811050059
2001-04-19,0.0044091955542434865
2001-04-20,0.004767502572776409
2001-04-21,0.003184643580155608
2001-04-22,0.003928741327108802
2001-04-23,0.005327818758117662
2001-04-24,0.005473159233022097
2001-04-25,0.008533897820955063
2001-04-26,0.010802763083649863
2001-04-27,0.011226936955314905
2001-04-28,0.01418496949864425
2001-04-29,0.014655322901487937
2001-04-30,0.016083293544561856
2001-05-01,0.017527974572648156
2001-05-02,0.019641474728907853
2001-05-03,0.014672405190811222
2001-05-04,0.016297848843973374
2001-05-05,0.021554552354974135
2001-05-06,0.026151340496283787
2001-05-07,0.028836303824744974
2001-05-08,0.025631539616842544
2001-05-09,0.023967064300530264
2001-05-10,0.026020197836283416
2001-05-11,0.029038716071917558
2001-05-12,0.031761039159984766
2001-05-13,0.0348036066162544
2001-05-14,0.03538040373236497
2001-05-15,0.03415690992197464
2001-05-16,0.033796087933285784
2001-05-17,0.03332449621681531
2001-05-18,0.03849496521280383
2001-05-19,0.04041586066268616
2001-05-20,0.04617016634925377
2001-05-21,0.04350104227909599
2001-05-22,0.045401750323535585
2001-05-23,0.046716292041609576
2001-05-24,0.047818273832421536
2001-05-25,0.05291204833320043
2001-05-26,0.05984312430706576
2001-05-27,0.06596237903251256
2001-05-28,0.06842166732927023
2001-05-29,0.07171785661448783
2001-05-30,0.08146604343523951
2001-05-31,0.08116080007887586
2001-06-01,0.08009284394602742
2001-06-02,0.08457301862290255
2001-06-03,0.08479584165142684
2001-06-04,0.08199684607462734
2001-06-05,0.07508058968921909
2001-06-06,0.0662307464046331
2001-06-07,0.05834828992657275
2001-06-08,0.060312666396368744
2001-06-09,0.05947789577279935
2001-06-10,0.06040406129363397
2001-06-11,0.06022936278377773
2001-06-12,0.05625686078939344
2001-06-13,0.04971661824127497
2001-06-14,0.05064244866355276
2001-06-15,0.04429979426942241
2001-06-16,0.03995970531196091
2001-06-17,0.023585645500961247
2001-06-18,0.022144290181341304
2001-06-19,0.016514029071431013
2001-06-20,0.016329072349934033
2001-06-21,0.019528164197960458
2001-06-22,0.02414340410701102
2001-06-23,0.025034542373091915
2001-06-24,0.020544527204626944
2001-06-25,0.015195436466219453
2001-06-26,0.015325938093036411
2001-06-27,0.013732242148446294
2001-06-28,0.013391913654467432
2001-06-29,0.014406546728480976
2001-06-30,0.015059619411625652
2001-07-01,0.015455620615515692
2001-07-02,0.019052441727132875
2001-07-03,0.019765924476723134
2001-07-04,0.018224510010705144
2001-07-05,0.013314787410855138
2001-07-06,0.011152172599733248
2001-07-07,0.010574273851334378
2001-07-08,0.008022483243290737
2001-07-09,0.013361255782894231
2001-07-10,0.00933335516405204
2001-07-11,0.01187229412984498
2001-07-12,0.01797980593974651
2001-07-13,0.01832267357100755
2001-07-14,0.010309499609078298
2001-07-15,0.01404113850215431
2001-07-16,0.01630923418555794
2001-07-17,0.01852099208570002
2001-07-18,0.007980311628101804
2001-07-19,0.0052999966676474455
2001-07-20,0.00565245907643586
2001-07-21,0.006760014350828555
2001-07-22,0.008572434639936986
2001-07-23,0.035146251252135746
2001-07-24,0.08703937035526622
2001-07-25,0.0253571639280845
2001-07-26,0.014480681533888385
2001-07-27,0.01167628737326085
2001-07-28,0.014693173531732143
2001-07-29,0.019430588249742503
2001-07-30,0.011409450069296992
2001-07-31,0.008128574010096649
2001-08-01,0.005851710368734146
2001-08-02,0.005263134165753737
2001-08-03,0.006562574100920403
2001-08-04,0.00955122352181565
2001-08-05,0.008728767652969985
2001-08-06,0.008681293060830639
2001-08-07,0.010469649518741561
2001-08-08,0.011017446547056746
2001-08-09,0.011911522246046247
2001-08-10,0.011009584483433685
2001-08-11,0.010793040286940263
2001-08-12,0.009827369618534289
2001-08-13,0.010836364027152795
2001-08-14,0.01569308926337845
2001-08-15,0.056737866231596865
2001-08-16,0.020396705165038487
2001-08-17,0.008458664649407152
2001-08-18,0.006291416359111022
2001-08-19,0.007869119224191116
2001-08-20,0.008560919253422106
2001-08-21,0.011201752142381099
2001-08-22,0.01184709284018878
2001-08-23,0.013067829672138294
2001-08-24,0.008115052650484357
2001-08-25,0.006613812429473643
2001-08-26,0.00526025144172608
2001-08-27,0.00528046211983202
2001-08-28,0.0044679796877504846
2001-08-29,0.005064949951874119
2001-08-30,0.005561299972435469
2001-08-31,0.00663759770268934
2001-09-01,0.00511662880631224
2001-09-02,0.004440505560413071
2001-09-03,0.007039626557642547
2001-09-04,0.007482097012092263
2001-09-05,0.00603416962585849
2001-09-06,0.005104616499800401
2001-09-07,0.005929219231786431
2001-09-08,0.004752549404956488
2001-09-09,0.004010303164072318
2001-09-10,0.004449705940548559
2001-09-11,0.005024198457157732
2001-09-12,0.007269455072759551
2001-09-13,0.006979478188916753
2001-09-14,0.00842777959063991
2001-09-15,0.007221209967688956
2001-09-16,0.006666537695815194
2001-09-17,0.005736000639680045
2001-09-18,0.005526038308806057
2001-09-19,0.0063541058693901715
2001-09-20,0.007317488253949475
2001-09-21,0.007325284668155841
2001-09-22,0.0058388169511294635
2001-09-23,0.005604903865632673
2001-09-24,0.005162018881006995
2001-09-25,0.005520932632563485
2001-09-26,0.005274865206749152
2001-09-27,0.004544675113862831
2001-09-28,0.004046862983277153
2001-09-29,0.003924379762344655
2001-09-30,0.0036973565288069897
2001-10-01,0.0036277217940832002
2001-10-02,0.0036295188119901843
2001-10-03,0.00469961014452025
2001-10-04,0.005953544273565531
2001-10-05,0.004680175417575884
2001-10-06,0.004005533089930762
2001-10-07,0.0036341455795709837
2001-10-08,0.003503110537980006
2001-10-09,0.004175704944211139
2001-10-10,0.0045497366274959
2001-10-11,0.00474560172554898
2001-10-12,0.0036360134871128934
2001-10-13,0.003495362156348906
2001-10-14,0.0035858235572085403
2001-10-15,0.003520156653280302
2001-10-16,0.0036062223947954724
2001-10-17,0.0034542498696497627
2001-10-18,0.0036214292089149424
2001-10-19,0.0038333645757465855
2001-10-20,0.0043384651702135825
2001-10-21,0.004347038519299974
2001-10-22,0.0040981983693865204
2001-10-23,0.0035015061974365655
2001-10-24,0.003863056593706198
2001-10-25,0.0032437411308189825
2001-10-26,0.003169238685805743
2001-10-27,0.0033463554340157123
2001-10-28,0.0035146169029352807
2001-10-29,0.0038082818701860102
2001-10-30,0.00355505694538066
2001-10-31,0.003814275020160877
2001-11-01,0.00413191606302859
2001-11-02,0.004630536727422602
2001-11-03,0.004374003750981594
2001-11-04,0.002457880023621651
2001-11-05,0.0023126467996373045
2001-11-06,0.002290088706498054
2001-11-07,0.002222000518527965
2001-11-08,0.0021783480284908482
2001-11-09,0.0021901383066027275
2001-11-10,0.0021835039776928454
2001-11-11,0.002159410825634462
2001-11-12,0.0021488854616996352
2001-11-13,0.0022579957695250323
2001-11-14,0.0024090485037908662
2001-11-15,0.0023241585061423795
2001-11-16,0.0022100924841958938
2001-11-17,0.002165048293322049
2001-11-18,0.0022190276174572257
2001-11-19,0.002342442155856691
2001-11-20,0.0023182037279214232
2001-11-21,0.0021784300537458024
2001-11-22,0.0020390800002406677
2001-11-23,0.002025366714018398
2001-11-24,0.0021109153536034543
2001-11-25,0.002180951710601673
2001-11-26,0.002069750485789106
2001-11-27,0.002006676595940367
2001-11-28,0.001889615391816538
2001-11-29,0.001926782148332638
2001-11-30,0.001904787330896981
2001-12-01,0.002047961290551474
2001-12-02,0.0018632488087312554
2001-12-03,0.0019392608780253561
2001-12-04,0.0020776644693481466
2001-12-05,0.001806445936365539
2001-12-06,0.0017869376499486727
2001-12-07,0.0018571903092891359
2001-12-08,0.0017079483959625678
2001-12-09,0.0016965701515945068
2001-12-10,0.0016960456348855365
2001-12-11,0.0016593778149110855
2001-12-12,0.0016285493202998665
2001-12-13,0.0016306668170441537
2001-12-14,0.0016809741338322964
2001-12-15,0.001620489658511373
2001-12-16,0.001574655421327796
2001-12-17,0.0016497295720964786
2001-12-18,0.0018586642242973616
2001-12-19,0.001550999907284718
2001-12-20,0.0015201785494066058
2001-12-21,0.001520118389312811
2001-12-22,0.0015346903839014098
2001-12-23,0.0015447541158224787
2001-12-24,0.0015103008630965404
2001-12-25,0.0014898208630598968
2001-12-26,0.001482415293178878
2001-12-27,0.0014628298339063347
2001-12-28,0.001439825020976506
2001-12-29,0.0014321806439287724
2001-12-30,0.0014206571750586283
2001-12-31,0.0014181625244280868
2002-01-01,0.0013806151466465718
2002-01-02,0.0013577621510513487
2002-01-03,0.001354035354486861
2002-01-04,0.001350340448498482
2002-01-05,0.0013385416107826067
2002-01-06,0.001326737134389776
2002-01-07,0.0013144805580577843
2002-01-08,0.001305478102155948
2002-01-09,0.0013160204377895284
2002-01-10,0.0013506494616412558
2002-01-11,0.0013238201003151072
2002-01-12,0.0014698319608028247
2002-01-13,0.0026088142809401003
2002-01-14,0.0024047901761476507
2002-01-15,0.0013344094997819898
2002-01-16,0.00124088626858291
2002-01-17,0.0012163061026148419
2002-01-18,0.0012070369769243705
2002-01-19,0.0012006523535685175
2002-01-20,0.0012021335274185066
2002-01-21,0.0012020276813823863
2002-01-22,0.0011971098291518577
2002-01-23,0.0012012466797818866
2002-01-24,0.0011869137778698943
2002-01-25,0.001185764232095349
2002-01-26,0.0011559382310458487
2002-01-27,0.0011376024816732496
2002-01-28,0.0011289703943704172
2002-01-29,0.0011210148102716953
2002-01-30,0.0011187309818547226
2002-01-31,0.001132748331697103
2002-02-01,0.0011615260990844795
2002-02-02,0.001272102936764083
2002-02-03,0.0011290657570583213
2002-02-04,0.0011149607753387846
2002-02-05,0.0011114466399831675
2002-02-06,0.0012172308484554458
2002-02-07,0.0014515650856195468
2002-02-08,0.001191482059952835
2002-02-09,0.0011130876748829375
2002-02-10,0.0010845676523317113
2002-02-11,0.0010826047646869904
2002-02-12,0.0010995851374465905
2002-02-13,0.001091401772718651
2002-02-14,0.0010947213237648425
2002-02-15,0.0011391984544846085
2002-02-16,0.0012562125641820026
2002-02-17,0.0012914435225063446
2002-02-18,0.0011608073644356445
2002-02-19,0.0010616929913129336
2002-02-20,0.001089471339967464
2002-02-21,0.0010720522477770911
2002-02-22,0.004764448402346353
2002-02-23,0.003427205751052698
2002-02-24,0.0011586184395090133
2002-02-25,0.0010364819061365659
2002-02-26,0.0010770962353499982
2002-02-27,0.001108836732435041
2002-02-28,0.0011229789537813418
2002-03-01,0.0015274947607582486
2002-03-02,0.0012511247131987322
2002-03-03,0.0010929956992136375
2002-03-04,0.0010424566905952823
2002-03-05,0.0010349293978408735
2002-03-06,0.001060219410823727
2002-03-07,0.0011504156165993197
2002-03-08,0.0018607729894502384
2002-03-09,0.00460530319573526
2002-03-10,0.003061722189406334
2002-03-11,0.0012092591348834701
2002-03-12,0.0011102721789009783
2002-03-13,0.0011167063292582893
2002-03-14,0.0011951339321868476
2002-03-15,0.0012963895323428517
2002-03-16,0.0014026965828111409
2002-03-17,0.0015480709082185402
2002-03-18,0.0017426501522144525
2002-03-19,0.0019376896898084524
2002-03-20,0.002071549357188313
2002-03-21,0.003276886630605997
2002-03-22,0.0022356660224613412
2002-03-23,0.0031621702386877156
2002-03-24,0.008138260804733956
2002-03-25,0.0018378627968848918
2002-03-26,0.0013117140504816755
2002-03-27,0.0013942456314780876
2002-03-28,0.0015273538425268566
2002-03-29,0.0017314019041622351
2002-03-30,0.0023844296653484785
2002-03-31,0.004207235967940748
2002-04-01,0.004563261646457935
2002-04-02,0.0016986053000535902
2002-04-03,0.0015320504169044926
2002-04-04,0.0016298443392842225
2002-04-05,0.0028201514465147747
2002-04-06,0.0023197689822180303
2002-04-07,0.0035861793337624913
2002-04-08,0.0019628074747783377
2002-04-09,0.0017882361297933956
2002-04-10,0.0020376180586036186
2002-04-11,0.0024612617663241033
2002-04-12,0.003354072235389183
2002-04-13,0.003982843447295428
2002-04-14,0.00488432473921922
2002-04-15,0.005620798442938176
2002-04-16,0.005128850319468804
2002-04-17,0.006535356486814408
2002-04-18,0.005078045632733147
2002-04-19,0.005104170783231883
2002-04-20,0.0062453161938541835
2002-04-21,0.00825472393463585
2002-04-22,0.013602365962294485
2002-04-23,0.012887465196331504
2002-04-24,0.010147233097549117
2002-04-25,0.005130203639001737
2002-04-26,0.003208999527931915
2002-04-27,0.004377360263019099
2002-04-28,0.0030447341309765143
2002-04-29,0.00227549244058804
2002-04-30,0.003356414674269373
2002-05-01,0.00476455059274071
2002-05-02,0.00621323692799561
2002-05-03,0.006425376054506325
2002-05-04,0.00914554075646686
2002-05-05,0.011461949558225017
2002-05-06,0.012950846478483618
2002-05-07,0.013041844379381703
2002-05-08,0.013652400770018978
2002-05-09,0.014827420670363889
2002-05-10,0.0172190891292407
2002-05-11,0.01687552252676243
2002-05-12,0.01840040568194016
2002-05-13,0.021054083692602307
2002-05-14,0.028826234637407456
2002-05-15,0.0350724476519839
2002-05-16,0.029221662612167954
2002-05-17,0.027411977767404918
2002-05-18,0.029047218462502928
2002-05-19,0.020123421870516783
2002-05-20,0.016293393984626647
2002-05-21,0.01712311129551395
2002-05-22,0.02700050140370752
2002-05-23,0.04003234982579446
2002-05-24,0.041482448508838046
2002-05-25,0.038740013749349794
2002-05-26,0.03833995832649317
2002-05-27,0.03589090647781739
2002-05-28,0.05513101539431247
2002-05-29,0.05020212079343149
2002-05-30,0.05375870126945307
2002-05-31,0.051152704311042366
2002-06-01,0.054202757653530304
2002-06-02,0.06101308453325935
2002-06-03,0.06504205136314656
2002-06-04,0.07177841439636294
2002-06-05,0.08081098022005298
2002-06-06,0.08377038721689745
2002-06-07,0.07995196064170695
2002-06-08,0.0840238757365984
2002-06-09,0.09935579596365461
2002-06-10,0.11047288375357098
2002-06-11,0.104744549220864
2002-06-12,0.10312045003925958
2002-06-13,0.09937248145261746
2002-06-14,0.10472072446421402
2002-06-15,0.1061595743018763
2002-06-16,0.10616980237005119
2002-06-17,0.04245576712197916
2002-06-18,0.033442544998978106
2002-06-19,0.04200104177977174
2002-06-20,0.04402499381241754
2002-06-21,0.05027565039596523
2002-06-22,0.05882682089045543
2002-06-23,0.08148685687558337
2002-06-24,0.07984362171130462
2002-06-25,0.08092733579635711
2002-06-26,0.07747139385506613
2002-06-27,0.08500235390546165
2002-06-28,0.08796291017467692
2002-06-29,0.09661750644312649
2002-06-30,0.0867582376592385
2002-07-01,0.08542206516422116
2002-07-02,0.07902412419332784
2002-07-03,0.07651419646547024
2002-07-04,0.07739952013031196
2002-07-05,0.07130872329190073
2002-07-06,0.061907557858912964
2002-07-07,0.057217328395055146
2002-07-08,0.0524279871971447
2002-07-09,0.0524345427672021
2002-07-10,0.049602827185479724
2002-07-11,0.044151020220178104
2002-07-12,0.04223698609542038
2002-07-13,0.04530050704776751
2002-07-14,0.0456375153971296
2002-07-15,0.04355131718388246
2002-07-16,0.04423177400233503
2002-07-17,0.047645471581358685
2002-07-18,0.046714534755241316
2002-07-19,0.04747264617945683
2002-07-20,0.043689665886145417
2002-07-21,0.03886914498912876
2002-07-22,0.041811015491925015
2002-07-23,0.02989777635047986
2002-07-24,0.022533532133256894
2002-07-25,0.021171075622859685
2002-07-26,0.025462987668637735
2002-07-27,0.026147061976384254
2002-07-28,0.029472679475474824
2002-07-29,0.026473751402266297
2002-07-30,0.02161597904677114
2002-07-31,0.023168447065496745
2002-08-01,0.022276119669545343
2002-08-02,0.020215281982588092
2002-08-03,0.020570037545932927
2002-08-04,0.02289299397647315
2002-08-05,0.024033638187251752
2002-08-06,0.024489829118372095
2002-08-07,0.03222487635065954
2002-08-08,0.02578063340241485
2002-08-09,0.026138578012951014
2002-08-10,0.026401079931273913
2002-08-11,0.02611949658514334
2002-08-12,0.03169266509720571
2002-08-13,0.04199058808086878
2002-08-14,0.04180530775903691
2002-08-15,0.017801088846984326
2002-08-16,0.00974613329526707
2002-08-17,0.009149872741853233
2002-08-18,0.012266856701347651
2002-08-19,0.013775344622104254
2002-08-20,0.013588755817464849
2002-08-21,0.016856651341885888
2002-08-22,0.020395161791505925
2002-08-23,0.019319558193701895
2002-08-24,0.01986466399836982
2002-08-25,0.02193319701011093
2002-08-26,0.02595982030663043
2002-08-27,0.022428248761891027
2002-08-28,0.020132784319733178
2002-08-29,0.019891432272889333
2002-08-30,0.016827555185938727
2002-08-31,0.018256744353866906
2002-09-01,0.01810909631601159
2002-09-02,0.01703777188783425
2002-09-03,0.01216320605803745
2002-09-04,0.009478831231018392
2002-09-05,0.007899882648062304
2002-09-06,0.006592438980886482
2002-09-07,0.005691112561455066
2002-09-08,0.006098773800101552
2002-09-09,0.007028910848649995
2002-09-10,0.007267673879638137
2002-09-11,0.0068610644570239205
2002-09-12,0.0057067836269803504
2002-09-13,0.006330315006302446
2002-09-14,0.007058106245944868
2002-09-15,0.006973471750788824
2002-09-16,0.0072816378320956845
2002-09-17,0.007144525469910002
2002-09-18,0.006757757988148825
2002-09-19,0.0063000343304083
2002-09-20,0.00570404017771361
2002-09-21,0.00469180900292356
2002-09-22,0.004442997305060929
2002-09-23,0.00521444402783086
2002-09-24,0.006580440250933312
2002-09-25,0.00671065935937249
2002-09-26,0.005887008974039422
2002-09-27,0.005687213936823206
2002-09-28,0.00559698343013289
2002-09-29,0.005299912965513477
2002-09-30,0.0053358108680041745
2002-10-01,0.004674922361257941
2002-10-02,0.004420781578117541
2002-10-03,0.004207130607227848
2002-10-04,0.004054916142862959
2002-10-05,0.00391658730060892
2002-10-06,0.004152312779483312
2002-10-07,0.004123041787259639
2002-10-08,0.00411952253258523
2002-10-09,0.003671401013720223
2002-10-10,0.0036487376522899417
2002-10-11,0.0035894644076455776
2002-10-12,0.0036449883405801323
2002-10-13,0.004167876419395829
2002-10-14,0.0038574302721728917
2002-10-15,0.004131371130402814
2002-10-16,0.004371887536535352
2002-10-17,0.003962210823424706
2002-10-18,0.0037697438840415816
2002-10-19,0.0038835166445726444
2002-10-20,0.004024608345685962
2002-10-21,0.003995215761692158
2002-10-22,0.0041217242627693265
2002-10-23,0.00414570901307078
2002-10-24,0.004112492810084991
2002-10-25,0.0035950010774345492
2002-10-26,0.003555214948307834
2002-10-27,0.0033270807204970844
2002-10-28,0.0032423502850893213
2002-10-29,0.003306667107237473
2002-10-30,0.0033093128255114166
2002-10-31,0.003244046747208607
2002-11-01,0.0030242147862702203
2002-11-02,0.0029479421400484297
2002-11-03,0.0029185827713961725
2002-11-04,0.0029145115462025834
2002-11-05,0.003061678898461317
2002-11-06,0.0031414051020674854
2002-11-07,0.0036057910436698955
2002-11-08,0.0034500226768063333
2002-11-09,0.0034060613090572045
2002-11-10,0.0036296083155323406
2002-11-11,0.0035072986994712386
2002-11-12,0.003478830601484075
2002-11-13,0.003298070898574324
2002-11-14,0.0028422425041125924
2002-11-15,0.003113763478861717
2002-11-16,0.0029281390498179564
2002-11-17,0.0026559631668320607
2002-11-18,0.0025600555729488193
2002-11-19,0.0027966265143524287
2002-11-20,0.002648540963398979
2002-11-21,0.0028117281249489035
2002-11-22,0.002705114958933982
2002-11-23,0.0025995351226481764
2002-11-24,0.0023390999490166217
2002-11-25,0.002161366884927964
2002-11-26,0.002210063010293634
2002-11-27,0.002352146262200319
2002-11-28,0.002353674074613148
2002-11-29,0.002284641931199933
2002-11-30,0.0023427310487872015
2002-12-01,0.00220622660717921
2002-12-02,0.002165520080949966
2002-12-03,0.002114212373917495
2002-12-04,0.0023520652515001596
2002-12-05,0.0018015520168623003
2002-12-06,0.0019553189577710068
2002-12-07,0.0018640795198548701
2002-12-08,0.0019033030944824471
2002-12-09,0.0018005731491007226
2002-12-10,0.0017736719700959778
2002-12-11,0.0018250336040293946
2002-12-12,0.0022585285593024473
2002-12-13,0.0022895172098970217
2002-12-14,0.002260529004673206
2002-12-15,0.0017896673739658264
2002-12-16,0.0017038212946589872
2002-12-17,0.0014924605160785366
2002-12-18,0.0014243766511315913
2002-12-19,0.0017621637874548164
2002-12-20,0.001583707372825689
2002-12-21,0.0014269338516560968
2002-12-22,0.001472489318851334
2002-12-23,0.0014133330425501918
2002-12-24,0.001776733149602285
2002-12-25,0.0014274053239129473
2002-12-26,0.0013185306931705215
2002-12-27,0.0012788635398981014
2002-12-28,0.0012519978461131172
2002-12-29,0.0012308570195085282
2002-12-30,0.00122287944693306
2002-12-31,0.0012093743409149912
2003-01-01,0.001190743956141306
2003-01-02,0.0012097298772372534
2003-01-03,0.0012148710374719968
2003-01-04,0.0011688037753406347
2003-01-05,0.001219948331945573
2003-01-06,0.0012196244362985276
2003-01-07,0.0011514894737611953
2003-01-08,0.0011071856044634514
2003-01-09,0.0011113141071770688
2003-01-10,0.0011026166437742297
2003-01-11,0.0010851318481238026
2003-01-12,0.0010803723817657826
2003-01-13,0.001060381041541511
2003-01-14,0.0011309225574348122
2003-01-15,0.0013124507719278712
2003-01-16,0.0014040622300866452
2003-01-17,0.0018724089231563579
2003-01-18,0.0020441406779375774
2003-01-19,0.0019168119322086504
2003-01-20,0.00163048652952726
2003-01-21,0.0013829533885428241
2003-01-22,0.0015508025267497389
2003-01-23,0.0012667486195020125
2003-01-24,0.0011699123203436012
2003-01-25,0.0011163971684984343
2003-01-26,0.0011812164449142419
2003-01-27,0.001279371618529357
2003-01-28,0.0011303393721602273
2003-01-29,0.0012123357665462832
2003-01-30,0.0012611109506794377
2003-01-31,0.0009886107787963738
2003-02-01,0.0009696556663860983
2003-02-02,0.0009396658593537559
2003-02-03,0.0009164343255978842
2003-02-04,0.0009128380326036957
2003-02-05,0.0009255350980046338
2003-02-06,0.0009365233484597741
2003-02-07,0.0011973826808250848
2003-02-08,0.0009187047244124432
2003-02-09,0.0008720118744371056
2003-02-10,0.0008636488248721518
2003-02-11,0.0008587343962753364
2003-02-12,0.0008566208646170739
2003-02-13,0.0008597426035294796
2003-02-14,0.0008486976043430447
2003-02-15,0.000930815425819934
2003-02-16,0.0018174435358757042
2003-02-17,0.012528937568979149
2003-02-18,0.008171841818854816
2003-02-19,0.004012756103577714
2003-02-20,0.001669529365875122
2003-02-21,0.0009508609562071601
2003-02-22,0.0010566788636164164
2003-02-23,0.0018235294789012574
2003-02-24,0.0013485598006429164
2003-02-25,0.0014124093183109268
2003-02-26,0.0016220816008491355
2003-02-27,0.003983128499458216
2003-02-28,0.005721258384061057
2003-03-01,0.012803436674487577
2003-03-02,0.006338224517312203
2003-03-03,0.0034967251687992545
2003-03-04,0.0016378054634152346
2003-03-05,0.0015616730174671525
2003-03-06,0.0015600426087577367
2003-03-07,0.0015324049589189978
2003-03-08,0.0015113173904136485
2003-03-09,0.002306665909337423
2003-03-10,0.0022915264346177948
2003-03-11,0.001598570742576014
2003-03-12,0.0015989415397473252
2003-03-13,0.0016188831049507725
2003-03-14,0.0019491313912521735
2003-03-15,0.00560967693601273
2003-03-16,0.0024048235258644756
2003-03-17,0.0020844225642124843
2003-03-18,0.0020068020064827404
2003-03-19,0.0028562938905751433
2003-03-20,0.002558140529848514
2003-03-21,0.002592073453671251
2003-03-22,0.002277514536470123
2003-03-23,0.0032247105199241072
2003-03-24,0.003333358096838158
2003-03-25,0.003976353123019486
2003-03-26,0.003494376775827448
2003-03-27,0.0035236130541692746
2003-03-28,0.010929032198080548
2003-03-29,0.006445289064494047
2003-03-30,0.0036161767518924246
2003-03-31,0.0029951676963165517
2003-04-01,0.003279299447507022
2003-04-02,0.003961903369063145
2003-04-03,0.0031118434494205255
2003-04-04,0.0030618282846939884
2003-04-05,0.002662634671903958
2003-04-06,0.0029322038862051353
2003-04-07,0.0032845547512189576
2003-04-08,0.0038267427695258863
2003-04-09,0.004249303595482333
2003-04-10,0.004725288094999078
2003-04-11,0.005064741919555462
2003-04-12,0.005510361348665977
2003-04-13,0.005531980283316063
2003-04-14,0.004535954427143212
2003-04-15,0.009622742905426418
2003-04-16,0.007507353727357207
2003-04-17,0.003066049778908667
2003-04-18,0.0057334461701220255
2003-04-19,0.011818383522342083
2003-04-20,0.0030192178102357017
2003-04-21,0.002496227455384151
2003-04-22,0.003496480384125123
2003-04-23,0.005162043867507404
2003-04-24,0.00867507454123059
2003-04-25,0.013111879605473485
2003-04-26,0.008758129012853534
2003-04-27,0.00720780984077617
2003-04-28,0.006857549753163337
2003-04-29,0.008592491002851277
2003-04-30,0.011187327154832684
2003-05-01,0.022208880767704445
2003-05-02,0.01867236114690927
2003-05-03,0.005956726585949578
2003-05-04,0.0035067773371314464
2003-05-05,0.0033164937361208208
2003-05-06,0.0038572330698366524
2003-05-07,0.004837280441711003
2003-05-08,0.006222366736409593
2003-05-09,0.008175617063348028
2003-05-10,0.008756200039064096
2003-05-11,0.009969419831487775
2003-05-12,0.005832656548959748
2003-05-13,0.007580533569727734
2003-05-14,0.007191924468038361
2003-05-15,0.009256349372409788
2003-05-16,0.009797334357246442
2003-05-17,0.01140175883231359
2003-05-18,0.012980171680874062
2003-05-19,0.015141137749334128
2003-05-20,0.017463624961172344
2003-05-21,0.02029650041396482
2003-05-22,0.018362084197549755
2003-05-23,0.024757254780199398
2003-05-24,0.02091166095496256
2003-05-25,0.018526701650780086
2003-05-26,0.029831143880212473
2003-05-27,0.023956346208237982
2003-05-28,0.022225614722644855
2003-05-29,0.01821980994456654
2003-05-30,0.029433335319366365
2003-05-31,0.03844456807816718
2003-06-01,0.054951279427793
2003-06-02,0.05938721556400553
2003-06-03,0.06648150523520531
2003-06-04,0.07321496946454484
2003-06-05,0.06616180705614981
2003-06-06,0.0668628449854627
2003-06-07,0.07567034571836656
2003-06-08,0.0833824552252131
2003-06-09,0.06823574984430794
2003-06-10,0.07086745268316885
2003-06-11,0.07684443204221723
2003-06-12,0.08664769150377395
2003-06-13,0.08073297650442067
2003-06-14,0.07760097033832716
2003-06-15,0.08397544558235616
2003-06-16,0.08929219863193538
2003-06-17,0.09795348140537283
2003-06-18,0.11645713496351906
2003-06-19,0.13865981972126196
2003-06-20,0.13388946061863768
2003-06-21,0.14023202381442662
2003-06-22,0.14136679118130432
2003-06-23,0.14876167240170238
2003-06-24,0.14343617988118854
2003-06-25,0.150802695960591
2003-06-26,0.1579401850571093
2003-06-27,0.16653745454199562
2003-06-28,0.15390082481180903
2003-06-29,0.1522109027929323
2003-06-30,0.13397307985604237
2003-07-01,0.1327202967807585
2003-07-02,0.13797139664261862
2003-07-03,0.1397805669231029
2003-07-04,0.14293017768372335
2003-07-05,0.14131880368000843
2003-07-06,0.14112618451348533
2003-07-07,0.1399480702975278
2003-07-08,0.13527827059197356
2003-07-09,0.11544209981795515
2003-07-10,0.10400745378591947
2003-07-11,0.09732696033480247
2003-07-12,0.09091575916930675
2003-07-13,0.08677754133504076
2003-07-14,0.07380975684275681
2003-07-15,0.07097273587216446
2003-07-16,0.07559817259605867
2003-07-17,0.07725593754338879
2003-07-18,0.06879276270952711
2003-07-19,0.06320061928065386
2003-07-20,0.05883081824131484
2003-07-21,0.0593674065368099
2003-07-22,0.06650203521683584
2003-07-23,0.05552710190174346
2003-07-24,0.05163726511978165
2003-07-25,0.04804978919163198
2003-07-26,0.04038351043743126
2003-07-27,0.037598354475906336
2003-07-28,0.038102739412701016
2003-07-29,0.032794281086948145
2003-07-30,0.02762624492050703
2003-07-31,0.02656176681430757
2003-08-01,0.03012783478374591
2003-08-02,0.05365401531355066
2003-08-03,0.03169265505276903
2003-08-04,0.03683753069181717
2003-08-05,0.02610617899382843
2003-08-06,0.016805868746548665
2003-08-07,0.015423357459617133
2003-08-08,0.016768285296676913
2003-08-09,0.01801348657945683
2003-08-10,0.015883860283088136
2003-08-11,0.016750035183810817
2003-08-12,0.015500506990800267
2003-08-13,0.015390542552954568
2003-08-14,0.011877357835277581
2003-08-15,0.01328481129294482
2003-08-16,0.014044216035829228
2003-08-17,0.01552238435438363
2003-08-18,0.015846191310886288
2003-08-19,0.018106205636879386
2003-08-20,0.02004140960264119
2003-08-21,0.013098246359369169
2003-08-22,0.010661083763451443
2003-08-23,0.009439302806281932
2003-08-24,0.008475465420940565
2003-08-25,0.009916207753433917
2003-08-26,0.011780211863933368
2003-08-27,0.013477214245486088
2003-08-28,0.01307484325934403
2003-08-29,0.015610062309413626
2003-08-30,0.020433352532303158
2003-08-31,0.01299993071398204
2003-09-01,0.009481196899188051
2003-09-02,0.00814478333064104
2003-09-03,0.011061041892551736
2003-09-04,0.016180419362842816
2003-09-05,0.014197279351179407
2003-09-06,0.010722442081553877
2003-09-07,0.00910266253165345
2003-09-08,0.012324236925173959
2003-09-09,0.01100580856086424
2003-09-10,0.006817188206815493
2003-09-11,0.0060610158977980845
2003-09-12,0.005887090743475869
2003-09-13,0.007535698223736503
2003-09-14,0.01089120536494011
2003-09-15,0.01016618653155681
2003-09-16,0.0074929264351407225
2003-09-17,0.005870531492976715
2003-09-18,0.005170571536346515
2003-09-19,0.004382543777598842
2003-09-20,0.004055504349410543
2003-09-21,0.004044794398461626
2003-09-22,0.004230411861201694
2003-09-23,0.006828354790991695
2003-09-24,0.016745792023761866
2003-09-25,0.019853786857408153
2003-09-26,0.008265034978196669
2003-09-27,0.006294959426978544
2003-09-28,0.0050307631975459845
2003-09-29,0.004988595206627832
2003-09-30,0.005117795266890067
2003-10-01,0.005499051956572067
2003-10-02,0.0046272119726322326
2003-10-03,0.004492397275643935
2003-10-04,0.004722679000388916
2003-10-05,0.005200806642886327
2003-10-06,0.005631429270023445
2003-10-07,0.006433798621619823
2003-10-08,0.007128613089565546
2003-10-09,0.005218934252096776
2003-10-10,0.004241071441737379
2003-10-11,0.003971261228965584
2003-10-12,0.003669042323042438
2003-10-13,0.0037549150768939367
2003-10-14,0.003965227102449507
2003-10-15,0.003973113649212369
2003-10-16,0.004015912307524272
2003-10-17,0.00395628614520169
2003-10-18,0.0036764982305224434
2003-10-19,0.003822760564490115
2003-10-20,0.0037475384833758167
2003-10-21,0.0034629869545564815
2003-10-22,0.003492468013531746
2003-10-23,0.0035815266243440324
2003-10-24,0.003585324910729151
2003-10-25,0.0034216128930638625
2003-10-26,0.003368705352989998
2003-10-27,0.0034071253481068467
2003-10-28,0.0035448064841644865
2003-10-29,0.0035501566135473597
2003-10-30,0.0034563678558543302
2003-10-31,0.003475651872199838
2003-11-01,0.003545455826913315
2003-11-02,0.0033707285623629565
2003-11-03,0.00357148962170852
2003-11-04,0.003498014395505412
2003-11-05,0.0036424104595964555
2003-11-06,0.0031273590364992577
2003-11-07,0.003243161209383894
2003-11-08,0.003975966799633024
2003-11-09,0.002999702005163758
2003-11-10,0.002807335151499231
2003-11-11,0.002759152994368324
2003-11-12,0.0026853033717106883
2003-11-13,0.0028757554816415455
2003-11-14,0.0027469750534791274
2003-11-15,0.0030203799659723404
2003-11-16,0.0034793474186523205
2003-11-17,0.003197411050756234
2003-11-18,0.0023579030975995397
2003-11-19,0.00225129406303413
2003-11-20,0.0023204411633994193
2003-11-21,0.0023250244144748123
2003-11-22,0.0022283383372007086
2003-11-23,0.002209351252893454
2003-11-24,0.002174345619512674
2003-11-25,0.0021405613082603287
2003-11-26,0.0021376529425762006
2003-11-27,0.0020941675913605964
2003-11-28,0.0020541262725311434
2003-11-29,0.0021028985153525434
2003-11-30,0.0021436638147922923
2003-12-01,0.00228750016945138
2003-12-02,0.0021590083954264624
2003-12-03,0.0020523486790210723
2003-12-04,0.0021540270122681377
2003-12-05,0.0020473736846966933
2003-12-06,0.0019298936011402667
2003-12-07,0.002091841219096972
2003-12-08,0.0024390503651619006
2003-12-09,0.0022810274958475966
2003-12-10,0.0019858181375036576
2003-12-11,0.001845591275131085
2003-12-12,0.002211335544512405
2003-12-13,0.0034392225260662453
2003-12-14,0.002299863455129539
2003-12-15,0.0018397013178571117
2003-12-16,0.0017857472552278207
2003-12-17,0.0017049954044192211
2003-12-18,0.0016868813953186147
2003-12-19,0.0016771973275451417
2003-12-20,0.0016596165995660468
2003-12-21,0.0016527902587374058
2003-12-22,0.0017008851385116991
2003-12-23,0.0017845164654050566
2003-12-24,0.0016366185863515518
2003-12-25,0.0015933859995809598
2003-12-26,0.0016017629649480623
2003-12-27,0.0015848500195679354
2003-12-28,0.0015593780911271784
2003-12-29,0.0015544694649756816
2003-12-30,0.0016276131236035397
2003-12-31,0.0017626068701802411
2004-01-01,0.0017415312910092008
2004-01-02,0.0015568292922159615
2004-01-03,0.0015129955849753842
2004-01-04,0.0015002543050440496
2004-01-05,0.0015479901142516662
2004-01-06,0.0014923745959574317
2004-01-07,0.001484752708984853
2004-01-08,0.0014753103021622387
2004-01-09,0.0014930294642921135
2004-01-10,0.0014974974020546625
2004-01-11,0.001483907138231257
2004-01-12,0.001531840455988658
2004-01-13,0.0014974441254614092
2004-01-14,0.0014488295667726618
2004-01-15,0.0014600113019260395
2004-01-16,0.0018798572391502213
2004-01-17,0.005930797883203915
2004-01-18,0.0016472918257832575
2004-01-19,0.0014113557759201395
2004-01-20,0.0014119321852669117
2004-01-21,0.0026281690865067697
2004-01-22,0.0037903621111672185
2004-01-23,0.0021714293629092286
2004-01-24,0.0015268474315138368
2004-01-25,0.0014916785186008114
2004-01-26,0.0015001109311958386
2004-01-27,0.0015016491815295374
2004-01-28,0.0015100037635268789
2004-01-29,0.001584194237580949
2004-01-30,0.0019243731578813931
2004-01-31,0.0017940680146031798
2004-02-01,0.001548666525210589
2004-02-02,0.001524279042945889
2004-02-03,0.001528302470516157
2004-02-04,0.0015584936480721688
2004-02-05,0.001537440972074195
2004-02-06,0.0015266777833763286
2004-02-07,0.0015375971473755247
2004-02-08,0.002166797705369791
2004-02-09,0.004040155124542554
2004-02-10,0.0018114466420867004
2004-02-11,0.0016407728113426703
2004-02-12,0.001629772996355597
2004-02-13,0.0016319934028860097
2004-02-14,0.001648383414855564
2004-02-15,0.0016762619416941548
2004-02-16,0.0017511183543314336
2004-02-17,0.0034382750069167794
2004-02-18,0.002573753573857634
2004-02-19,0.0018433513094980648
2004-02-20,0.0018188349996724432
2004-02-21,0.0020460197328361043
2004-02-22,0.0019101522778279326
2004-02-23,0.0018869734095116918
2004-02-24,0.0019471715973571212
2004-02-25,0.002109512275721845
2004-02-26,0.0025226966638034524
2004-02-27,0.004035990926167529
2004-02-28,0.002111847910756525
2004-02-29,0.0022254929418211626
2004-03-01,0.0019615268006892986
2004-03-02,0.001986011170881498
2004-03-03,0.00203985981689825
2004-03-04,0.002157101121664565
2004-03-05,0.002152924727304169
2004-03-06,0.0022717868723849933
2004-03-07,0.0024172002026013302
2004-03-08,0.0027811882549513118
2004-03-09,0.0029227647013236775
2004-03-10,0.003269659623556073
2004-03-11,0.0030772588260190676
2004-03-12,0.002932615334673178
2004-03-13,0.0029720223303592646
2004-03-14,0.0034404834857695286
2004-03-15,0.0038579977400120544
2004-03-16,0.005389360243164938
2004-03-17,0.006393584911816719
2004-03-18,0.006071206908567318
2004-03-19,0.005823488630392621
2004-03-20,0.005526648556478653
2004-03-21,0.006543525795596444
2004-03-22,0.0061848521201734175
2004-03-23,0.005341778264215832
2004-03-24,0.0035636922773979794
2004-03-25,0.002447891834440022
2004-03-26,0.0023822694876425785
2004-03-27,0.002488764529245886
2004-03-28,0.0029537931530067766
2004-03-29,0.0031001505591824823
2004-03-30,0.0035066076961758567
2004-03-31,0.004212886807695105
2004-04-01,0.004135190063760557
2004-04-02,0.005850209810584365
2004-04-03,0.005695350717547925
2004-04-04,0.005705863243966315
2004-04-05,0.0057448974737799065
2004-04-06,0.006510491708216891
2004-04-07,0.008736338546311005
2004-04-08,0.008830230434470053
2004-04-09,0.006854085143508177
2004-04-10,0.005259106375037966
2004-04-11,0.005252533876035993
2004-04-12,0.006889514863879254
2004-04-13,0.006700607840317747
2004-04-14,0.0046029861835611115
2004-04-15,0.004474742698790908
2004-04-16,0.005159033759970617
2004-04-17,0.006574603913077857
2004-04-18,0.004584436797411415
2004-04-19,0.006662188077647205
2004-04-20,0.009046416210096428
2004-04-21,0.0056180323934536605
2004-04-22,0.0066959372392359365
2004-04-23,0.006352131240887127
2004-04-24,0.005084059530700148
2004-04-25,0.006712904884506989
2004-04-26,0.011402401908282058
2004-04-27,0.014141252155793524
2004-04-28,0.011604929773955353
2004-04-29,0.009792672472557003
2004-04-30,0.00830892312557222
2004-05-01,0.0061109967663297675
2004-05-02,0.00391070784202906
2004-05-03,0.004363984411014102
2004-05-04,0.005190358803292035
2004-05-05,0.006529596427530555
2004-05-06,0.009217354927414123
2004-05-07,0.012159737225761426
2004-05-08,0.013661859881021945
2004-05-09,0.011456257316993986
2004-05-10,0.010306970379356498
2004-05-11,0.012118323818830481
2004-05-12,0.013936880193352976
2004-05-13,0.015231845884620735
2004-05-14,0.01736878569549904
2004-05-15,0.020673317910307965
2004-05-16,0.025725639954954485
2004-05-17,0.030403067840027023
2004-05-18,0.030455274468329623
2004-05-19,0.02960568124841986
2004-05-20,0.034076710564889034
2004-05-21,0.038591351126248105
2004-05-22,0.044075725391448564
2004-05-23,0.045000111112036056
2004-05-24,0.04501573918017551
2004-05-25,0.036136516677462614
2004-05-26,0.04185488437031527
2004-05-27,0.03763366098582244
2004-05-28,0.032960228289618164
2004-05-29,0.02858605999959567
2004-05-30,0.03799893112450404
2004-05-31,0.05110447310908507
2004-06-01,0.05849777031494933
2004-06-02,0.055723757506655265
2004-06-03,0.046625647618694074
2004-06-04,0.05150185002245171
2004-06-05,0.06002825216372421
2004-06-06,0.06902981325837927
2004-06-07,0.07414958531195455
2004-06-08,0.07237983938333793
2004-06-09,0.07346074589419163
2004-06-10,0.07273058135491335
2004-06-11,0.07469186378504059
2004-06-12,0.08082789633037553
2004-06-13,0.0912770720945881
2004-06-14,0.09404782219494169
2004-06-15,0.10123306807494545
2004-06-16,0.11128453298884196
2004-06-17,0.10807983636725967
2004-06-18,0.11563251531669076
2004-06-19,0.12654909951448323
2004-06-20,0.13214768196286344
2004-06-21,0.12571893500916323
2004-06-22,0.11778715599176856
2004-06-23,0.1061465391468083
2004-06-24,0.10080647887517726
2004-06-25,0.08409138191502195
2004-06-26,0.06715226204864555
2004-06-27,0.061707040276811356
2004-06-28,0.06433932191860749
2004-06-29,0.07142758889606597
2004-06-30,0.07491111850352752
2004-07-01,0.0811066358980881
2004-07-02,0.08695456278511055
2004-07-03,0.09443120960978041
2004-07-04,0.09220599170714353
2004-07-05,0.08945021244993902
2004-07-06,0.07760414521107792
2004-07-07,0.06844338944836996
2004-07-08,0.06461011327908757
2004-07-09,0.06464213344617452
2004-07-10,0.05314076370414318
2004-07-11,0.046649187087206015
2004-07-12,0.045136281819874086
2004-07-13,0.046261343668041785
2004-07-14,0.04670423396482649
2004-07-15,0.04727327311211185
2004-07-16,0.0450008373666754
2004-07-17,0.03828960984369657
2004-07-18,0.026773564596746912
2004-07-19,0.02036632057525964
2004-07-20,0.02052045089256056
2004-07-21,0.022498379473027165
2004-07-22,0.024979922652063676
2004-07-23,0.021684222415246077
2004-07-24,0.019129952866770314
2004-07-25,0.02043979345715649
2004-07-26,0.02358042845544174
2004-07-27,0.02516011969924368
2004-07-28,0.026144860908182483
2004-07-29,0.02724286985202199
2004-07-30,0.026743343833939087
2004-07-31,0.023439785671859108
2004-08-01,0.02301328206007703
2004-08-02,0.02232802378609789
2004-08-03,0.019318581242559994
2004-08-04,0.016049660704243938
2004-08-05,0.01294867658649123
2004-08-06,0.013146656931343075
2004-08-07,0.016250438323635912
2004-08-08,0.020509105865936485
2004-08-09,0.021138934123962807
2004-08-10,0.015421505580070046
2004-08-11,0.014685796470994758
2004-08-12,0.011767149177281685
2004-08-13,0.009085073354850858
2004-08-14,0.00924890634748579
2004-08-15,0.015687284939992902
2004-08-16,0.013738698906487821
2004-08-17,0.02078776947669658
2004-08-18,0.019247637426237987
2004-08-19,0.015574548626604243
2004-08-20,0.013272348514671175
2004-08-21,0.010249691949751193
2004-08-22,0.00938480198373143
2004-08-23,0.007988188532562552
2004-08-24,0.00813005025038022
2004-08-25,0.011544266624033891
2004-08-26,0.014312747702103331
2004-08-27,0.011467117876746695
2004-08-28,0.009684077694503329
2004-08-29,0.009295802054705912
2004-08-30,0.010328735234392854
2004-08-31,0.008095311012654526
2004-09-01,0.007666385795126598
2004-09-02,0.008673837219637673
2004-09-03,0.005939922593847147
2004-09-04,0.005798665322488933
2004-09-05,0.006563416438475822
2004-09-06,0.005752107253938977
2004-09-07,0.004816320518354539
2004-09-08,0.004797084623399152
2004-09-09,0.005531160726880127
2004-09-10,0.006519846436530358
2004-09-11,0.006052363424733326
2004-09-12,0.005730507701560302
2004-09-13,0.006166080672786566
2004-09-14,0.0070256799895916005
2004-09-15,0.010693659886854105
2004-09-16,0.023431978968434217
2004-09-17,0.008730624191091772
2004-09-18,0.00512634759910068
2004-09-19,0.004108538739657006
2004-09-20,0.004448496352498077
2004-09-21,0.006679054300849067
2004-09-22,0.006911357178751981
2004-09-23,0.005252929842906265
2004-09-24,0.005203529916692814
2004-09-25,0.006170765598002666
2004-09-26,0.0045669263378359855
2004-09-27,0.00394648088980729
2004-09-28,0.004406261918086403
2004-09-29,0.004540944585314862
2004-09-30,0.003946812818063928
2004-10-01,0.004590957570077116
2004-10-02,0.007352075404043482
2004-10-03,0.0062514116176208365
2004-10-04,0.004146533387065665
2004-10-05,0.00370301490326445
2004-10-06,0.0037464740522852743
2004-10-07,0.004548838809648204
2004-10-08,0.005694852053506113
2004-10-09,0.009998188500872892
2004-10-10,0.008772113687941632
2004-10-11,0.004425966819932315
2004-10-12,0.003857967744356125
2004-10-13,0.0033439843000054913
2004-10-14,0.0030936563395447692
2004-10-15,0.00316153019510597
2004-10-16,0.0034487694577229585
2004-10-17,0.0036818477921873867
2004-10-18,0.0035901272265576748
2004-10-19,0.003626136749382657
2004-10-20,0.003331493540429316
2004-10-21,0.0030695571105013794
2004-10-22,0.002792710844844273
2004-10-23,0.0030282955997936963
2004-10-24,0.0030253043144420444
2004-10-25,0.003088246468214002
2004-10-26,0.0036688353643263335
2004-10-27,0.0030529196927997844
2004-10-28,0.002760579503656452
2004-10-29,0.002637787845979369
2004-10-30,0.0026820241490893063
2004-10-31,0.0026644701937098393
2004-11-01,0.0026369979880010723
2004-11-02,0.002566246164351226
2004-11-03,0.0026431858453554308
2004-11-04,0.0027263052440135234
2004-11-05,0.0027344816379519443
2004-11-06,0.002796453877975184
2004-11-07,0.0025915878940080263
2004-11-08,0.0025818992711024013
2004-11-09,0.0025906519746713777
2004-11-10,0.00253380827329434
2004-11-11,0.0027248242762937334
2004-11-12,0.0025760544289460054
2004-11-13,0.00270871287411447
2004-11-14,0.0024123199932679536
2004-11-15,0.002314567806544319
2004-11-16,0.0023127827588603988
2004-11-17,0.002369085476082906
2004-11-18,0.0022436384844189213
2004-11-19,0.002096601040179752
2004-11-20,0.0022857237732678707
2004-11-21,0.0026061950504557233
2004-11-22,0.002972350593653711
2004-11-23,0.002484204411066248
2004-11-24,0.002280823326204956
2004-11-25,0.0021852306210873506
2004-11-26,0.0020918509453059044
2004-11-27,0.0019052942875154334
2004-11-28,0.0018902878264507685
2004-11-29,0.0026366716316823325
2004-11-30,0.002093665828874483
2004-12-01,0.0019414661113077547
2004-12-02,0.0017985614164108571
2004-12-03,0.0019074591470764665
2004-12-04,0.0018830123482054674
2004-12-05,0.0017270875897042442
2004-12-06,0.0017758094446417658
2004-12-07,0.0018884990731109462
2004-12-08,0.0019170595467669777
2004-12-09,0.001806492953589803
2004-12-10,0.0018865533445602454
2004-12-11,0.001921484099260467
2004-12-12,0.0019703894647688873
2004-12-13,0.0017653736182381445
2004-12-14,0.001775187356181225
2004-12-15,0.0018122511034037857
2004-12-16,0.0017083117925765967
2004-12-17,0.0019200918151901128
2004-12-18,0.0018237043811274972
2004-12-19,0.00496733604712722
2004-12-20,0.0019981288983494387
2004-12-21,0.0015378241166568974
2004-12-22,0.0015977255508968623
2004-12-23,0.0017468786788661166
2004-12-24,0.0015754339244631948
2004-12-25,0.0014553864762966552
2004-12-26,0.001397978322228282
2004-12-27,0.0014344963877740418
2004-12-28,0.0016537162330415105
2004-12-29,0.001610447018779839
2004-12-30,0.0018936980009501136
2004-12-31,0.003855314202991828
2005-01-01,0.002201904142165267
2005-01-02,0.0015440655600487724
2005-01-03,0.0014205087614847086
2005-01-04,0.0013591666273876201
2005-01-05,0.001362130308019315
2005-01-06,0.0013468231436755981
2005-01-07,0.0013235783334160545
2005-01-08,0.0013336665908181009
2005-01-09,0.0013424576322437116
2005-01-10,0.0013040280450867016
2005-01-11,0.0012804483186382553
2005-01-12,0.0012919090543654082
2005-01-13,0.0014010120725769372
2005-01-14,0.0013832742646135738
2005-01-15,0.0012810550525314637
2005-01-16,0.0012627342905787854
2005-01-17,0.001251565073410776
2005-01-18,0.001240295686484264
2005-01-19,0.0012278359727943594
2005-01-20,0.0012229374026027553
2005-01-21,0.001318888984976445
2005-01-22,0.0014215220307927509
2005-01-23,0.0012127948410242447
2005-01-24,0.001269507300142116
2005-01-25,0.0012691609800713603
2005-01-26,0.0012857047114730252
2005-01-27,0.0022401273934045934
2005-01-28,0.001350334877616072
2005-01-29,0.0011926739608456363
2005-01-30,0.0011843992762136085
2005-01-31,0.001193628412910905
2005-02-01,0.0012042869070886786
2005-02-02,0.0011916733506510786
2005-02-03,0.0012632764303313335
2005-02-04,0.002119341828905209
2005-02-05,0.0018088106663588293
2005-02-06,0.002126289296182287
2005-02-07,0.002031125194797153
2005-02-08,0.0027166727815047943
2005-02-09,0.003147580125062696
2005-02-10,0.0039903925559953675
2005-02-11,0.015146683326171256
2005-02-12,0.010572618406952516
2005-02-13,0.004408865817327464
2005-02-14,0.0028520508321216347
2005-02-15,0.0028992602751435077
2005-02-16,0.002625492541337667
2005-02-17,0.0026643803434830025
2005-02-18,0.0026823108439057073
2005-02-19,0.00260657945452414
2005-02-20,0.0024978110491492636
2005-02-21,0.002337084481075849
2005-02-22,0.002307405784765021
2005-02-23,0.0022624443936390417
2005-02-24,0.002559052373677691
2005-02-25,0.002525925760366581
2005-02-26,0.0025328878187043493
2005-02-27,0.002357079282640046
2005-02-28,0.0032096397820218525
2005-03-01,0.0030299939562710024
2005-03-02,0.002639759469035917
2005-03-03,0.004423073098370165
2005-03-04,0.0038403021802917575
2005-03-05,0.003739040978022331
2005-03-06,0.0038215738930151228
2005-03-07,0.0030239128098735833
2005-03-08,0.004252178621160141
2005-03-09,0.0033630633471361015
2005-03-10,0.004442665582966613
2005-03-11,0.003979713827419727
2005-03-12,0.004128461802669893
2005-03-13,0.00433562261329523
2005-03-14,0.0035820202090838735
2005-03-15,0.004842538736948455
2005-03-16,0.006419281054275461
2005-03-17,0.010522691511859677
2005-03-18,0.013460339707663903
2005-03-19,0.012901667107440923
2005-03-20,0.006724835599751295
2005-03-21,0.008290033370318212
2005-03-22,0.006075928531668746
2005-03-23,0.004997040756057746
2005-03-24,0.004614739077974217
2005-03-25,0.003829241318783331
2005-03-26,0.004810333171859833
2005-03-27,0.006085536676497133
2005-03-28,0.004739544852372856
2005-03-29,0.004344221148268567
2005-03-30,0.004738021662375046
2005-03-31,0.004452330679485434
2005-04-01,0.004616334675031339
2005-04-02,0.004968321906147928
2005-04-03,0.005421777913260805
2005-04-04,0.005352405139973147
2005-04-05,0.011942828148151683
2005-04-06,0.011736687532978993
2005-04-07,0.012741015584877346
2005-04-08,0.0054050585180054934
2005-04-09,0.003432690433462215
2005-04-10,0.003321887363749131
2005-04-11,0.0033872074755779713
2005-04-12,0.003269220445030995
2005-04-13,0.00527084789387928
2005-04-14,0.00620484423399113
2005-04-15,0.004330372823840991
2005-04-16,0.004367156302344459
2005-04-17,0.004474116376941222
2005-04-18,0.00495844710372411
2005-04-19,0.005591715028531336
2005-04-20,0.005823835474628607
2005-04-21,0.007815839460798443
2005-04-22,0.008334114291467095
2005-04-23,0.008950091389791776
2005-04-24,0.00654476846930324
2005-04-25,0.00753127764888707
2005-04-26,0.00926122211306092
2005-04-27,0.005268943427698624
2005-04-28,0.006441566615928791
2005-04-29,0.0077384880004853305
2005-04-30,0.009285933084870815
2005-05-01,0.010818204172373
2005-05-02,0.012908124326956188
2005-05-03,0.011913900718468378
2005-05-04,0.014509350333641115
2005-05-05,0.017584528752509414
2005-05-06,0.019160446630974843
2005-05-07,0.018394907396850898
2005-05-08,0.026359839217645484
2005-05-09,0.01751834484376527
2005-05-10,0.012884318274349828
2005-05-11,0.016154024644335185
2005-05-12,0.018969151377484717
2005-05-13,0.021070025734893645
2005-05-14,0.019557819239426812
2005-05-15,0.022190971906981154
2005-05-16,0.029224428895569574
2005-05-17,0.02757585152820679
2005-05-18,0.02306835765171388
2005-05-19,0.020663951960599863
2005-05-20,0.018607306214256405
2005-05-21,0.016725577881892956
2005-05-22,0.014619803556666078
2005-05-23,0.015862115805197696
2005-05-24,0.011613765910464894
2005-05-25,0.0142758297722375
2005-05-26,0.016662763026341974
2005-05-27,0.013310426637669055
2005-05-28,0.016428147831499533
2005-05-29,0.020125617353809615
2005-05-30,0.029401114309248084
2005-05-31,0.0287570696768783
2005-06-01,0.028874984952871847
2005-06-02,0.030786145180962884
2005-06-03,0.038307461981346144
2005-06-04,0.046779411045169424
2005-06-05,0.05623897574823067
2005-06-06,0.055701224427945645
2005-06-07,0.05062581120282848
2005-06-08,0.051120932191025835
2005-06-09,0.052235083544495006
2005-06-10,0.058007381245767396
2005-06-11,0.06498304370308479
2005-06-12,0.057273304233037385
2005-06-13,0.06395583714507931
2005-06-14,0.0690202861235581
2005-06-15,0.07827523605220296
2005-06-16,0.0887321009310988
2005-06-17,0.0985024234155515
2005-06-18,0.1072098295345607
2005-06-19,0.12093099147875065
2005-06-20,0.13010969125510147
2005-06-21,0.13728735547707044
2005-06-22,0.1400386946548642
2005-06-23,0.1438562326835986
2005-06-24,0.15514320487131017
2005-06-25,0.15561359863903437
2005-06-26,0.1645455956313707
2005-06-27,0.16929936495803233
2005-06-28,0.17279581589047335
2005-06-29,0.17484656131685547
2005-06-30,0.17527640514635037
2005-07-01,0.17036952570899888
2005-07-02,0.15888462871298983
2005-07-03,0.1339492793722855
2005-07-04,0.11694566721814886
2005-07-05,0.10940636911372476
2005-07-06,0.12556879824385456
2005-07-07,0.11293805575007358
2005-07-08,0.11401115345226934
2005-07-09,0.13534318306063983
2005-07-10,0.13868769175514942
2005-07-11,0.14737101985647177
2005-07-12,0.17056251394777788
2005-07-13,0.15489573414320568
2005-07-14,0.14971916669299573
2005-07-15,0.13591769376068422
2005-07-16,0.12344405493691886
2005-07-17,0.10843891499989286
2005-07-18,0.08766505428813615
2005-07-19,0.07835094317656849
2005-07-20,0.0780907861940834
2005-07-21,0.08283425762666652
2005-07-22,0.08167906311277287
2005-07-23,0.07734389634967855
2005-07-24,0.07030617005015705
2005-07-25,0.06176529015878676
2005-07-26,0.05862229058493094
2005-07-27,0.057620188084213576
2005-07-28,0.05544840408131973
2005-07-29,0.0502361919995224
2005-07-30,0.047320635136940944
2005-07-31,0.04538629677095533
2005-08-01,0.044944392393198196
2005-08-02,0.0422892715440967
2005-08-03,0.03587310174815955
2005-08-04,0.03219872485776031
2005-08-05,0.032867090494402805
2005-08-06,0.025740001900766904
2005-08-07,0.024677914956372667
2005-08-08,0.023704459738007663
2005-08-09,0.02081451748795978
2005-08-10,0.01541763322290581
2005-08-11,0.016450218191371744
2005-08-12,0.020293349762227686
2005-08-13,0.018800620822208212
2005-08-14,0.01583620299091805
2005-08-15,0.016178487225058595
2005-08-16,0.025477256181782062
2005-08-17,0.023359283041912284
2005-08-18,0.014585686578346618
2005-08-19,0.014629231976977932
2005-08-20,0.013234224611126996
2005-08-21,0.012578865035926957
2005-08-22,0.012088996512418224
2005-08-23,0.012176243813845142
2005-08-24,0.01171610666075565
2005-08-25,0.01125811285798163
2005-08-26,0.009839807357239353
2005-08-27,0.014002456164707312
2005-08-28,0.010021772992165461
2005-08-29,0.008064017545304529
2005-08-30,0.008101134448661463
2005-08-31,0.007176915717149031
2005-09-01,0.006725071292609245
2005-09-02,0.00829493540675547
2005-09-03,0.008665970875057296
2005-09-04,0.007685316079779786
2005-09-05,0.00855768766730359
2005-09-06,0.008985929948582218
2005-09-07,0.01060354911210417
2005-09-08,0.01293962031233271
2005-09-09,0.012915014783660281
2005-09-10,0.011293289868393903
2005-09-11,0.009827049266890358
2005-09-12,0.008491126400034438
2005-09-13,0.006681053235981957
2005-09-14,0.006038189191617776
2005-09-15,0.005353169545383612
2005-09-16,0.004859767312665029
2005-09-17,0.00596958629565481
2005-09-18,0.007605209241145546
2005-09-19,0.006138011330020348
2005-09-20,0.0048470448389717515
2005-09-21,0.005230448942002389
2005-09-22,0.005984860533723403
2005-09-23,0.006409924424747888
2005-09-24,0.005884369427329215
2005-09-25,0.005025719621150459
2005-09-26,0.005279121666616619
2005-09-27,0.005378657239050516
2005-09-28,0.005078230277142913
2005-09-29,0.004451710502045882
2005-09-30,0.004388268694084354
2005-10-01,0.003900805496782851
2005-10-02,0.003964209997118849
2005-10-03,0.004918830965844687
2005-10-04,0.006308335157944142
2005-10-05,0.005074119787728626
2005-10-06,0.0042820489307795525
2005-10-07,0.003926722667971447
2005-10-08,0.003908086320269867
2005-10-09,0.0041627733228313995
2005-10-10,0.003769687146741696
2005-10-11,0.0041716680502638295
2005-10-12,0.00457019640439859
2005-10-13,0.00460155189884027
2005-10-14,0.004552350110197831
2005-10-15,0.0050808604382942225
2005-10-16,0.0042920622578141825
2005-10-17,0.0037252080740475704
2005-10-18,0.003441369333352852
2005-10-19,0.0033688509605796814
2005-10-20,0.003454638264349343
2005-10-21,0.003531015963370233
2005-10-22,0.003570156482745786
2005-10-23,0.003614222362846708
2005-10-24,0.0036431659041081385
2005-10-25,0.004177985841024566
2005-10-26,0.003654586694208966
2005-10-27,0.0030646635173095828
2005-10-28,0.0032081208010336687
2005-10-29,0.002996644316310156
2005-10-30,0.0028521438842261456
2005-10-31,0.0028076363207195035
2005-11-01,0.002955449697011298
2005-11-02,0.0028781068873243716
2005-11-03,0.002872669768430619
2005-11-04,0.0026599511336148525
2005-11-05,0.0026811072580289765
2005-11-06,0.0025839725840975784
2005-11-07,0.002564456950345337
2005-11-08,0.0030460417873335666
2005-11-09,0.0027940986123743813
2005-11-10,0.0030329598787737265
2005-11-11,0.0031837469047995056
2005-11-12,0.0028856742699147953
2005-11-13,0.0025983945956591257
2005-11-14,0.002420155747520466
2005-11-15,0.002377894296489187
2005-11-16,0.0021534476879348963
2005-11-17,0.0020946295709034285
2005-11-18,0.00213519262799212
2005-11-19,0.0022195974897632744
2005-11-20,0.002220080151337039
2005-11-21,0.0022080790731860453
2005-11-22,0.002147450464339863
2005-11-23,0.0020572239154917
2005-11-24,0.00198257327484475
2005-11-25,0.001976708513030557
2005-11-26,0.002103769467754252
2005-11-27,0.0022418277634849806
2005-11-28,0.002107747262207147
2005-11-29,0.0020224525341294214
2005-11-30,0.0019392715645782318
2005-12-01,0.0018294470373363596
2005-12-02,0.0017855743526010753
2005-12-03,0.0017589446626808845
2005-12-04,0.0016472626791905645
2005-12-05,0.0017622323061116975
2005-12-06,0.0018114009750101016
2005-12-07,0.001734648307792119
2005-12-08,0.001652180272881251
2005-12-09,0.0015518582879651753
2005-12-10,0.0015969191486287853
2005-12-11,0.0016244755349753548
2005-12-12,0.0016340422513960245
2005-12-13,0.0015873584078431899
2005-12-14,0.00151669536826112
2005-12-15,0.0015060655696332813
2005-12-16,0.001535398222948506
2005-12-17,0.0016004598105035502
2005-12-18,0.0014990510767028907
2005-12-19,0.0015136995175987242
2005-12-20,0.0014717691571119475
2005-12-21,0.0014347540503393788
2005-12-22,0.0015757003151414164
2005-12-23,0.0017553279372308312
2005-12-24,0.001597525421204274
2005-12-25,0.001680474783114299
2005-12-26,0.0019596518347843716
2005-12-27,0.001741092822819332
2005-12-28,0.0017336228462365153
2005-12-29,0.001357580984162612
2005-12-30,0.0012821426380176205
2005-12-31,0.0011492038598140489
2006-01-01,0.001380137639791796
2006-01-02,0.0013864459218019588
2006-01-03,0.0011573467414994492
2006-01-04,0.001063773547638766
2006-01-05,0.0010499853869556024
2006-01-06,0.0010433120606206233
2006-01-07,0.001034221546795615
2006-01-08,0.0010315010266555037
2006-01-09,0.0010244862465241462
2006-01-10,0.0010391135677395291
2006-01-11,0.0010286034396386513
2006-01-12,0.001017194660817134
2006-01-13,0.000995127646981801
2006-01-14,0.0010192400611923128
2006-01-15,0.002112722559826414
2006-01-16,0.004786998064178642
2006-01-17,0.002763842887346405
2006-01-18,0.0010428540829981034
2006-01-19,0.0009521931269717294
2006-01-20,0.0009530943514551675
2006-01-21,0.0009424959889877011
2006-01-22,0.0009268652015266058
2006-01-23,0.0009358827649217587
2006-01-24,0.000922196704971419
2006-01-25,0.0009167838187153942
2006-01-26,0.0009133157056177487
2006-01-27,0.0009099407449098789
2006-01-28,0.0013266418390719267
2006-01-29,0.0010392621473144026
2006-01-30,0.001022690493855289
2006-01-31,0.001026319532181581
2006-02-01,0.0010980495511957573
2006-02-02,0.0010018069121359226
2006-02-03,0.0010660777509484242
2006-02-04,0.0010951738542633834
2006-02-05,0.001124055378210168
2006-02-06,0.0011223656209039463
2006-02-07,0.0012737047207744396
2006-02-08,0.0012423362487299226
2006-02-09,0.001212921012386348
2006-02-10,0.0012441734138433605
2006-02-11,0.00117138183182467
2006-02-12,0.0013965630408466754
2006-02-13,0.0022242006909129167
2006-02-14,0.003535919595326625
2006-02-15,0.0017139692576151856
2006-02-16,0.0011004630332341005
2006-02-17,0.001375075839994891
2006-02-18,0.0029112084170461105
2006-02-19,0.0025619185115493535
2006-02-20,0.001598775055281072
2006-02-21,0.0011553183369019514
2006-02-22,0.0010414343210822072
2006-02-23,0.0013829050645331545
2006-02-24,0.0015231364326455626
2006-02-25,0.005796798030451096
2006-02-26,0.002085305391494438
2006-02-27,0.0011610509405720825
2006-02-28,0.001087689930094418
2006-03-01,0.0011244723015477946
2006-03-02,0.001142998853597037
2006-03-03,0.001227845507872511
2006-03-04,0.0013250686669295487
2006-03-05,0.001402874823899227
2006-03-06,0.0021512646219842215
2006-03-07,0.002675092615313222
2006-03-08,0.0012530819718884745
2006-03-09,0.0012949039551400892
2006-03-10,0.0013007035088400101
2006-03-11,0.0013277973369464255
2006-03-12,0.0013726390588212085
2006-03-13,0.001649417849672947
2006-03-14,0.0023328416090516025
2006-03-15,0.0019450195894813252
2006-03-16,0.0015414062989252788
2006-03-17,0.001413070397739723
2006-03-18,0.0015719140782925096
2006-03-19,0.0021579846082098093
2006-03-20,0.002091182810148227
2006-03-21,0.0016397359380234597
2006-03-22,0.001558492719624655
2006-03-23,0.0017400325551435742
2006-03-24,0.0014925810393491793
2006-03-25,0.0018488395353737648
2006-03-26,0.0018210214007586308
2006-03-27,0.0019741868121057084
2006-03-28,0.0018192209507327153
2006-03-29,0.0018782663267269246
2006-03-30,0.0018455746653068819
2006-03-31,0.002849972577251506
2006-04-01,0.0033209977792467683
2006-04-02,0.0017719632428888886
2006-04-03,0.001585533551845233
2006-04-04,0.001985921214612393
2006-04-05,0.002206775049284407
2006-04-06,0.0026142292489930055
2006-04-07,0.0027644342379721455
2006-04-08,0.0036509375682804474
2006-04-09,0.013764821196477098
2006-04-10,0.0028321850238623237
2006-04-11,0.0015180305088769621
2006-04-12,0.001510889464085118
2006-04-13,0.001510392427130748
2006-04-14,0.0015336579442183417
2006-04-15,0.0022833165133076165
2006-04-16,0.0018941397158966124
2006-04-17,0.002088804836495342
2006-04-18,0.00209571230590166
2006-04-19,0.002346160965124205
2006-04-20,0.0033192777813995976
2006-04-21,0.004565165803598168
2006-04-22,0.004573692308900151
2006-04-23,0.005567833267760526
2006-04-24,0.006036673801225678
2006-04-25,0.006396195622516583
2006-04-26,0.007008254196204365
2006-04-27,0.007383619232128802
2006-04-28,0.007477229126970164
2006-04-29,0.008889510212181
2006-04-30,0.009575039838473924
2006-05-01,0.010475350538221217
2006-05-02,0.012750441209289459
2006-05-03,0.013938692526436886
2006-05-04,0.01620736640514883
2006-05-05,0.021435408822293466
2006-05-06,0.027956888063599798
2006-05-07,0.037278030837453
2006-05-08,0.04259874798951091
2006-05-09,0.04966358817454957
2006-05-10,0.046400476830363205
2006-05-11,0.04451168088101956
2006-05-12,0.05292365678489189
2006-05-13,0.061713561836243526
2006-05-14,0.07400344626113754
2006-05-15,0.08571699989590506
2006-05-16,0.0981740862424168
2006-05-17,0.10876418033516391
2006-05-18,0.11692412189280876
2006-05-19,0.11576827090688573
2006-05-20,0.11185343992590416
2006-05-21,0.11595265247935005
2006-05-22,0.11775758740425309
2006-05-23,0.12254792063843165
2006-05-24,0.12849276512797922
2006-05-25,0.14045608242458776
2006-05-26,0.13706220982823536
2006-05-27,0.13530786414613483
2006-05-28,0.13921687778530592
2006-05-29,0.13367966350682445
2006-05-30,0.12418688031322203
2006-05-31,0.12414396553383575
2006-06-01,0.10162027929708456
2006-06-02,0.08622346113359057
2006-06-03,0.08878423638625045
2006-06-04,0.0757294357654454
2006-06-05,0.06197297522728984
2006-06-06,0.05868585654785445
2006-06-07,0.052751038112357394
2006-06-08,0.06181012494504734
2006-06-09,0.07369788560868476
2006-06-10,0.0734145981668508
2006-06-11,0.05652876006552947
2006-06-12,0.045746056471224705
2006-06-13,0.05081643237777796
2006-06-14,0.06551559491995632
2006-06-15,0.075602916792954
2006-06-16,0.0520994369620455
2006-06-17,0.03497270070381712
2006-06-18,0.03893581645661937
2006-06-19,0.04692675470955428
2006-06-20,0.05855243635024818
2006-06-21,0.06641286109589864
2006-06-22,0.07267989970507578
2006-06-23,0.0751215220481122
2006-06-24,0.0814010093443453
2006-06-25,0.07855168815616125
2006-06-26,0.07834655945164076
2006-06-27,0.0701698165766276
2006-06-28,0.07495226118316876
2006-06-29,0.06592850678765304
2006-06-30,0.06230880867848471
2006-07-01,0.05299259481787276
2006-07-02,0.05287784585545044
2006-07-03,0.05475609245891632
2006-07-04,0.05036323200921928
2006-07-05,0.044877608523017004
2006-07-06,0.04375198476246636
2006-07-07,0.04459791800043812
2006-07-08,0.04279899282922602
2006-07-09,0.03751278853764794
2006-07-10,0.03678753728871514
2006-07-11,0.03785922190840274
2006-07-12,0.03884866206343836
2006-07-13,0.029557098632223555
2006-07-14,0.013503656464267301
2006-07-15,0.01422064576712319
2006-07-16,0.012657525733029662
2006-07-17,0.012963552656204762
2006-07-18,0.015561943189227701
2006-07-19,0.021772564942402022
2006-07-20,0.02316918232724693
2006-07-21,0.019986953383543726
2006-07-22,0.019379219800750174
2006-07-23,0.0205226164996376
2006-07-24,0.02244429201198489
2006-07-25,0.02422079164006603
2006-07-26,0.02237210723295724
2006-07-27,0.03178258334566247
2006-07-28,0.023959056161774732
2006-07-29,0.022543740521633996
2006-07-30,0.023201602434952066
2006-07-31,0.0253984963486374
2006-08-01,0.0261183227217481
2006-08-02,0.02663221126064657
2006-08-03,0.028563212149690414
2006-08-04,0.04457284561900519
2006-08-05,0.06582876133451367
2006-08-06,0.03932796189934478
2006-08-07,0.028607388624368877
2006-08-08,0.02725722442202838
2006-08-09,0.02158542136921209
2006-08-10,0.020781480837163517
2006-08-11,0.02380955258322367
2006-08-12,0.030159707070889146
2006-08-13,0.029944720045864404
2006-08-14,0.031201317952385257
2006-08-15,0.03148825693243213
2006-08-16,0.023179085110874617
2006-08-17,0.014787296296098831
2006-08-18,0.0134988794433119
2006-08-19,0.013412742600699083
2006-08-20,0.02154139285156016
2006-08-21,0.028301886123918308
2006-08-22,0.028988166350292555
2006-08-23,0.019189831986144074
2006-08-24,0.01989760134330962
2006-08-25,0.021484872557175273
2006-08-26,0.014665394270646007
2006-08-27,0.013063427898042964
2006-08-28,0.016402279502024393
2006-08-29,0.01741972700676491
2006-08-30,0.010110401398065513
2006-08-31,0.009052620946197637
2006-09-01,0.020490432220221167
2006-09-02,0.02328939479105835
2006-09-03,0.01716937349771893
2006-09-04,0.011908341467281466
2006-09-05,0.010566211623439976
2006-09-06,0.010859541167027061
2006-09-07,0.010819477422654161
2006-09-08,0.011583624895085522
2006-09-09,0.01081363201050824
2006-09-10,0.011570213605396805
2006-09-11,0.009699172033117197
2006-09-12,0.00783264971126945
2006-09-13,0.0072867137627392374
2006-09-14,0.009210624676283027
2006-09-15,0.010276887345414537
2006-09-16,0.007782631909978489
2006-09-17,0.0057845407343648
2006-09-18,0.005882331258458628
2006-09-19,0.0069331960989825305
2006-09-20,0.00844530814801577
2006-09-21,0.008150248364958713
2006-09-22,0.008292343686637185
2006-09-23,0.006967529428249526
2006-09-24,0.006863432230156156
2006-09-25,0.007078629446934587
2006-09-26,0.007399898293871366
2006-09-27,0.006622420992837956
2006-09-28,0.005877629132335067
2006-09-29,0.0057005443400451675
2006-09-30,0.00585795987442699
2006-10-01,0.00589351069605473
2006-10-02,0.005500420655572695
2006-10-03,0.005419925075301784
2006-10-04,0.004980117834333755
2006-10-05,0.004696783376482477
2006-10-06,0.004620422721169961
2006-10-07,0.004456916089715903
2006-10-08,0.00461776796584826
2006-10-09,0.005044992029165808
2006-10-10,0.004921993730819119
2006-10-11,0.00450506499791087
2006-10-12,0.0044453399249529645
2006-10-13,0.005334623258832364
2006-10-14,0.0067293354570356016
2006-10-15,0.0058002761691770864
2006-10-16,0.005113816435859358
2006-10-17,0.0048530483802813945
2006-10-18,0.004958312354023072
2006-10-19,0.0047947990981337665
2006-10-20,0.004932839141969494
2006-10-21,0.004756744094755417
2006-10-22,0.004437356069457329
2006-10-23,0.004303024771632577
2006-10-24,0.004699546135464921
2006-10-25,0.005457187833476153
2006-10-26,0.005343945870105294
2006-10-27,0.004713540427961645
2006-10-28,0.004193368384279699
2006-10-29,0.0039556629235309865
2006-10-30,0.004038486369651905
2006-10-31,0.004089074786244632
2006-11-01,0.004148070829878815
2006-11-02,0.0040856972934634975
2006-11-03,0.004066088387236619
2006-11-04,0.004041907802561421
2006-11-05,0.003964007416710588
2006-11-06,0.003851603270341752
2006-11-07,0.0036810555013610134
2006-11-08,0.0036219400350678
2006-11-09,0.0036372644095269756
2006-11-10,0.0041026026101629535
2006-11-11,0.0046703327671224265
2006-11-12,0.004144868986220365
2006-11-13,0.0033905704931429673
2006-11-14,0.003005047845099529
2006-11-15,0.0031740235506629963
2006-11-16,0.003699432094631927
2006-11-17,0.0034561395010296813
2006-11-18,0.0029986811854097613
2006-11-19,0.0025961533074680136
2006-11-20,0.0025807589659726416
2006-11-21,0.0028099126180358013
2006-11-22,0.002543159761071688
2006-11-23,0.0023780818895670166
2006-11-24,0.0023116671896349084
2006-11-25,0.002284549994945083
2006-11-26,0.002257702804986666
2006-11-27,0.002225276211638572
2006-11-28,0.00226406415119119
2006-11-29,0.002376033203574841
2006-11-30,0.0021932150455927528
2006-12-01,0.0021558039351271077
2006-12-02,0.002137403213744042
2006-12-03,0.0029163004833444145
2006-12-04,0.00585022875597264
2006-12-05,0.00860877617561149
2006-12-06,0.0024867369042650077
2006-12-07,0.0020699960956219354
2006-12-08,0.002042190920269353
2006-12-09,0.002027916706539019
2006-12-10,0.0020261520874790785
2006-12-11,0.0020006254499233354
2006-12-12,0.001981965145287043
2006-12-13,0.0019701437118782336
2006-12-14,0.0019577983516872654
2006-12-15,0.0019503505026901133
2006-12-16,0.0019699147388465396
2006-12-17,0.001920883196615966
2006-12-18,0.0018995607841461107
2006-12-19,0.0018919494843520758
2006-12-20,0.001890791122971456
2006-12-21,0.0023366365240635035
2006-12-22,0.001878693119693846
2006-12-23,0.0018296156919416628
2006-12-24,0.0018298823303845573
2006-12-25,0.002125950216773635
2006-12-26,0.002237119826258793
2006-12-27,0.0018172610787107915
2006-12-28,0.0017765779822566537
2006-12-29,0.0017636051316423484
2006-12-30,0.001751299934894014
2006-12-31,0.001795442292094925
2007-01-01,0.0017758312442616225
2007-01-02,0.0017100691956728853
2007-01-03,0.0016919632858520915
2007-01-04,0.0016818734754396047
2007-01-05,0.00166870623728664
2007-01-06,0.0016566204557598163
2007-01-07,0.0016440758872015163
2007-01-08,0.0016378622350070539
2007-01-09,0.0016318201148840096
2007-01-10,0.0016222869315829296
2007-01-11,0.0016006475835767461
2007-01-12,0.0015892165181807334
2007-01-13,0.0015731170802243016
2007-01-14,0.0015603999344489426
2007-01-15,0.0015484746886797538
2007-01-16,0.0015413960581308298
2007-01-17,0.001531530944884326
2007-01-18,0.0017466675383857706
2007-01-19,0.0015857931206566121
2007-01-20,0.0015304438118268306
2007-01-21,0.001511538476447398
2007-01-22,0.0014994158393221684
2007-01-23,0.0014875545470574433
2007-01-24,0.0015415371318840008
2007-01-25,0.0014769011782904678
2007-01-26,0.0014549315710707944
2007-01-27,0.0014592072610012184
2007-01-28,0.001443749287028491
2007-01-29,0.001430217110014755
2007-01-30,0.0014298751369680547
2007-01-31,0.0014244673306450016
2007-02-01,0.0014359325462410272
2007-02-02,0.0014832630153319962
2007-02-03,0.0017820137813526512
2007-02-04,0.0017243194493364617
2007-02-05,0.001439116540783826
2007-02-06,0.0017276902606033105
2007-02-07,0.0014486747015539962
2007-02-08,0.0013928989247562573
2007-02-09,0.0015080115858300933
2007-02-10,0.003058146548841185
2007-02-11,0.004149690596932659
2007-02-12,0.0032678695910318928
2007-02-13,0.0017542635464921073
2007-02-14,0.002000118873717041
2007-02-15,0.0015272632985727074
2007-02-16,0.0015227428287706254
2007-02-17,0.0014828464788128903
2007-02-18,0.0015491393693375362
2007-02-19,0.0015279048065726174
2007-02-20,0.001499998950035602
2007-02-21,0.002895431410112049
2007-02-22,0.0016555054526483789
2007-02-23,0.0015162340553103457
2007-02-24,0.0015155752650958699
2007-02-25,0.0015563295289943385
2007-02-26,0.0021819904451961906
2007-02-27,0.006967008325234312
2007-02-28,0.0025933411675248498
2007-03-01,0.0019796313638570148
2007-03-02,0.001936643210025585
2007-03-03,0.0022657448234019396
2007-03-04,0.0031141114701714982
2007-03-05,0.002103909546263494
2007-03-06,0.0020389008829632686
2007-03-07,0.002039860152266249
2007-03-08,0.002060382494323904
2007-03-09,0.00322890003891013
2007-03-10,0.002811240463845225
2007-03-11,0.004863609821113533
2007-03-12,0.006673744476681715
2007-03-13,0.005249599038511659
2007-03-14,0.0036738735896703623
2007-03-15,0.0033813022707770645
2007-03-16,0.003304126123716127
2007-03-17,0.0034423489371852314
2007-03-18,0.004758936732019657
2007-03-19,0.00918198379058438
2007-03-20,0.03315515644152697
2007-03-21,0.007850861214235684
2007-03-22,0.00462555067428799
2007-03-23,0.0043536653993226275
2007-03-24,0.004252415492180633
2007-03-25,0.004207531866152336
2007-03-26,0.004109349887222011
2007-03-27,0.00456494364894332
2007-03-28,0.004752997852252853
2007-03-29,0.005288948390152132
2007-03-30,0.005821541084587405
2007-03-31,0.007288390468032908
2007-04-01,0.017446914806683433
2007-04-02,0.00448714683670345
2007-04-03,0.0036136501625371044
2007-04-04,0.004392397398538717
2007-04-05,0.0060132587125935905
2007-04-06,0.005709339646010638
2007-04-07,0.005840872025806442
2007-04-08,0.0057725950865493095
2007-04-09,0.00622744019562464
2007-04-10,0.0069734126417881175
2007-04-11,0.007932547624169402
2007-04-12,0.009105746699111574
2007-04-13,0.01022032790579702
2007-04-14,0.011123380964313798
2007-04-15,0.012234400571472367
2007-04-16,0.013941879249979746
2007-04-17,0.01642228724963229
2007-04-18,0.024321060204126378
2007-04-19,0.0246815017099199
2007-04-20,0.024956572710302227
2007-04-21,0.024462490137264727
2007-04-22,0.024392397252880515
2007-04-23,0.027701181831163414
2007-04-24,0.029310194230453286
2007-04-25,0.02865625762619207
2007-04-26,0.02927272638022115
2007-04-27,0.02887005902517425
2007-04-28,0.033774554663181515
2007-04-29,0.04044585960198974
2007-04-30,0.04975141227802728
2007-05-01,0.06134462926141831
2007-05-02,0.06965397250861256
2007-05-03,0.07015883580504255
2007-05-04,0.08404222209312805
2007-05-05,0.09785278963748234
2007-05-06,0.09473336531605722
2007-05-07,0.09239702364322853
2007-05-08,0.06869520960580623
2007-05-09,0.04999850725644338
2007-05-10,0.04339740462780987
2007-05-11,0.037018369108413565
2007-05-12,0.04956134669672052
2007-05-13,0.06265261712392843
2007-05-14,0.08103696326833831
2007-05-15,0.09462833369542814
2007-05-16,0.10329477039065144
2007-05-17,0.10897181438301258
2007-05-18,0.10557011536111946
2007-05-19,0.091440661690389
2007-05-20,0.055204795090772175
2007-05-21,0.03481934794031454
2007-05-22,0.02520756893025271
2007-05-23,0.02553028878038798
2007-05-24,0.029369972002963804
2007-05-25,0.02730374315331318
2007-05-26,0.027815147196724874
2007-05-27,0.02970852140407769
2007-05-28,0.03489244288705416
2007-05-29,0.04516537707538783
2007-05-30,0.05448160896389471
2007-05-31,0.06383718283609484
2007-06-01,0.0644569262670253
2007-06-02,0.07389526215376636
2007-06-03,0.07123302807299249
2007-06-04,0.059615825805890046
2007-06-05,0.0621954216566953
2007-06-06,0.06448728198270214
2007-06-07,0.06901824161794198
2007-06-08,0.07224759263571463
2007-06-09,0.07418594891832156
2007-06-10,0.07552842003827014
2007-06-11,0.07836187005792411
2007-06-12,0.08503177907272405
2007-06-13,0.0846358300187588
2007-06-14,0.08103678904054684
2007-06-15,0.07109166190668845
2007-06-16,0.05500043627751801
2007-06-17,0.04251840832083653
2007-06-18,0.03722671217846024
2007-06-19,0.03509752500417089
2007-06-20,0.03545885673540583
2007-06-21,0.03622348064113532
2007-06-22,0.03842775541483358
2007-06-23,0.03896400008753366
2007-06-24,0.03885250379490897
2007-06-25,0.04329830525645713
2007-06-26,0.043996209831866404
2007-06-27,0.041760925316641356
2007-06-28,0.054623260930538306
2007-06-29,0.12415760640393306
2007-06-30,0.04543309502967292
2007-07-01,0.035567556759734414
2007-07-02,0.035529875502484515
2007-07-03,0.0319788203462069
2007-07-04,0.025261236642343334
2007-07-05,0.027337916271075777
2007-07-06,0.027950792611357887
2007-07-07,0.032409452707053775
2007-07-08,0.02535074856994558
2007-07-09,0.01727076603814563
2007-07-10,0.014834811886972218
2007-07-11,0.01672746359461231
2007-07-12,0.020248560484431157
2007-07-13,0.0247471996639036
2007-07-14,0.02249231941401221
2007-07-15,0.01721060179591423
2007-07-16,0.013935211603529394
2007-07-17,0.015474449219493312
2007-07-18,0.015566902091966312
2007-07-19,0.01565993437080243
2007-07-20,0.017892700733703918
2007-07-21,0.022533329290398897
2007-07-22,0.02769805753343257
2007-07-23,0.03079022776967506
2007-07-24,0.02476864243314982
2007-07-25,0.01771497276222329
2007-07-26,0.018945435882496517
2007-07-27,0.016956340844351853
2007-07-28,0.012613549256830383
2007-07-29,0.011520889436301886
2007-07-30,0.013925181118180896
2007-07-31,0.015982707410129558
2007-08-01,0.018356691529682573
2007-08-02,0.019969818777925225
2007-08-03,0.017526709512083894
2007-08-04,0.013286518281850304
2007-08-05,0.01332459460315067
2007-08-06,0.017062200136501386
2007-08-07,0.01849197404299225
2007-08-08,0.01686920017892148
2007-08-09,0.017746567621926307
2007-08-10,0.017747892881380498
2007-08-11,0.018515087447623518
2007-08-12,0.02607991680978814
2007-08-13,0.026970212419656796
2007-08-14,0.027579338491767504
2007-08-15,0.0179523716133783
2007-08-16,0.010957010948665923
2007-08-17,0.009492341449558822
2007-08-18,0.008654268866386379
2007-08-19,0.009675253592500748
2007-08-20,0.012745627270034993
2007-08-21,0.014626114751480589
2007-08-22,0.015966847659292203
2007-08-23,0.014796072038636494
2007-08-24,0.016136262185512472
2007-08-25,0.01372220954925074
2007-08-26,0.012553920823769145
2007-08-27,0.012201090592984012
2007-08-28,0.010756378763194326
2007-08-29,0.009507089788270891
2007-08-30,0.009023770778469371
2007-08-31,0.010553152124806918
2007-09-01,0.010479674404222998
2007-09-02,0.011171612244762753
2007-09-03,0.011213654073669066
2007-09-04,0.01084035646650781
2007-09-05,0.010983164510016978
2007-09-06,0.012415407132009965
2007-09-07,0.009334553224519608
2007-09-08,0.00829591106970695
2007-09-09,0.009291445225099107
2007-09-10,0.008357662881970769
2007-09-11,0.00633384994064411
2007-09-12,0.005396830907243087
2007-09-13,0.005033205989984392
2007-09-14,0.005950600335521807
2007-09-15,0.005074277988624317
2007-09-16,0.005420259905160823
2007-09-17,0.006630448413136815
2007-09-18,0.0075042368412089125
2007-09-19,0.009148906271159229
2007-09-20,0.009337477640512985
2007-09-21,0.008563559761729083
2007-09-22,0.008657586938329338
2007-09-23,0.0076324146894141505
2007-09-24,0.006641292219339784
2007-09-25,0.006051297802706523
2007-09-26,0.005999236053382372
2007-09-27,0.006411081874984126
2007-09-28,0.006003275483484932
2007-09-29,0.005357875606637948
2007-09-30,0.004956598101257665
2007-10-01,0.004816727592704573
2007-10-02,0.0050685174578051434
2007-10-03,0.005127616669028743
2007-10-04,0.004977475066907682
2007-10-05,0.004861110250530092
2007-10-06,0.004715185973876401
2007-10-07,0.004513617284083787
2007-10-08,0.004383995289793352
2007-10-09,0.004246193574911914
2007-10-10,0.004424032719685755
2007-10-11,0.0042071263642750505
2007-10-12,0.004183129614075217
2007-10-13,0.003957445601638832
2007-10-14,0.0040624161933823085
2007-10-15,0.004098770751857538
2007-10-16,0.003981645722014599
2007-10-17,0.003797490068702351
2007-10-18,0.0037910474200672727
2007-10-19,0.0037522225640489286
2007-10-20,0.004041523597305911
2007-10-21,0.003969809733071497
2007-10-22,0.003692074889403806
2007-10-23,0.003653035967012685
2007-10-24,0.0038121051484751845
2007-10-25,0.0040839159973010885
2007-10-26,0.004044697262539999
2007-10-27,0.003720840543999027
2007-10-28,0.003165570238546559
2007-10-29,0.003301322696812997
2007-10-30,0.0031569302342446407
2007-10-31,0.0030248850915141788
2007-11-01,0.0031333917527988494
2007-11-02,0.0031816053169907467
2007-11-03,0.003385718418834976
2007-11-04,0.003765535243925996
2007-11-05,0.003357390155405908
2007-11-06,0.0030112316150641715
2007-11-07,0.0031560561159230246
2007-11-08,0.003103051189384176
2007-11-09,0.0029501467931076354
2007-11-10,0.002940516654534235
2007-11-11,0.002964113778693034
2007-11-12,0.0028471087836195764
2007-11-13,0.0028306272661633596
2007-11-14,0.002623841390324282
2007-11-15,0.0027131802772991506
2007-11-16,0.002581380807714821
2007-11-17,0.0025492431876589917
2007-11-18,0.00264555333051344
2007-11-19,0.002628111431054983
2007-11-20,0.002463990097051605
2007-11-21,0.002374742547738287
2007-11-22,0.002519815839599404
2007-11-23,0.0026638567725063298
2007-11-24,0.00278408708443296
2007-11-25,0.002582330458370126
2007-11-26,0.002606481023707426
2007-11-27,0.0023604982868087143
2007-11-28,0.002236214632196615
2007-11-29,0.0021747996686310557
2007-11-30,0.0026388382087082396
2007-12-01,0.002479791282277163
2007-12-02,0.002373477235671547
2007-12-03,0.002330751349712366
2007-12-04,0.002584562901965915
2007-12-05,0.002554710535508554
2007-12-06,0.0021004860619391326
2007-12-07,0.0022319730079513283
2007-12-08,0.002194006590523099
2007-12-09,0.0019450470957791904
2007-12-10,0.0018340193180171132
2007-12-11,0.0016812298148217695
2007-12-12,0.0016511850660491604
2007-12-13,0.0016732204031184212
2007-12-14,0.0016206195624650075
2007-12-15,0.001550605018498244
2007-12-16,0.0015430235369346614
2007-12-17,0.0015103668219070237
2007-12-18,0.0015049720935867942
2007-12-19,0.0015871193777135075
2007-12-20,0.0016143144293400704
2007-12-21,0.001574284230257007
2007-12-22,0.0014499856562879933
2007-12-23,0.001608917979493627
2007-12-24,0.0015838847548601048
2007-12-25,0.0014072229140994084
2007-12-26,0.0013710750607291182
2007-12-27,0.0013583735354814814
2007-12-28,0.0013406497455834268
2007-12-29,0.0013463686757413027
2007-12-30,0.0013011361739719161
2007-12-31,0.0012897097474290206
2008-01-01,0.0012907463917460292
2008-01-02,0.0012686870662678227
2008-01-03,0.001245562748215409
2008-01-04,0.0013359388878684542
2008-01-05,0.0013252235136542042
2008-01-06,0.001381254191831684
2008-01-07,0.0018524152505046505
2008-01-08,0.0028781924349219556
2008-01-09,0.003737164144282001
2008-01-10,0.0026098216989841423
2008-01-11,0.0012338462023734158
2008-01-12,0.0011584961416416927
2008-01-13,0.0011528859364086685
2008-01-14,0.0011458536137606923
2008-01-15,0.0011823681871416475
2008-01-16,0.0020043579063021007
2008-01-17,0.003567685185287054
2008-01-18,0.0014842047017252385
2008-01-19,0.0011221256421944403
2008-01-20,0.0010970218107053814
2008-01-21,0.0010714389637160818
2008-01-22,0.001071238871091825
2008-01-23,0.0010848670648825622
2008-01-24,0.0010716877465750136
2008-01-25,0.0010547927437442948
2008-01-26,0.0010470085260946408
2008-01-27,0.001038839807856651
2008-01-28,0.0010407471278122747
2008-01-29,0.0010496051165004572
2008-01-30,0.0010348843633305647
2008-01-31,0.0010247718169987847
2008-02-01,0.0010200265551789324
2008-02-02,0.0010006228055048445
2008-02-03,0.0010789403869981044
2008-02-04,0.001380424838680123
2008-02-05,0.0013928986077193536
2008-02-06,0.0010482829969713184
2008-02-07,0.001118412763109412
2008-02-08,0.001097513436236555
2008-02-09,0.001029639130706441
2008-02-10,0.0010156327257342097
2008-02-11,0.001008416191303223
2008-02-12,0.0009922868627005878
2008-02-13,0.0009865732936970763
2008-02-14,0.000992709891055642
2008-02-15,0.001020800823647127
2008-02-16,0.0009875109055018539
2008-02-17,0.001088593953724361
2008-02-18,0.0010751325252013684
2008-02-19,0.0010815001844419294
2008-02-20,0.0011607200419040847
2008-02-21,0.001299779420874496
2008-02-22,0.002735171501167298
2008-02-23,0.0015232999673630324
2008-02-24,0.0012763468997743317
2008-02-25,0.0012334500339758006
2008-02-26,0.0012250308753313892
2008-02-27,0.0012701450679303184
2008-02-28,0.0014557023912573034
2008-02-29,0.001540019983959731
2008-03-01,0.0019062072568542926
2008-03-02,0.0015051553292302316
2008-03-03,0.0020981517002836188
2008-03-04,0.0019834656650307733
2008-03-05,0.0017887843816626853
2008-03-06,0.0018858771437951576
2008-03-07,0.002935170020799282
2008-03-08,0.002075048135709591
2008-03-09,0.0018979270008029293
2008-03-10,0.002081218668629802
2008-03-11,0.002147101138230611
2008-03-12,0.0019362102946738453
2008-03-13,0.0018495402800037027
2008-03-14,0.002073768650959811
2008-03-15,0.0021584874616543902
2008-03-16,0.0021747781735795575
2008-03-17,0.0024748437204375195
2008-03-18,0.0021393638452594462
2008-03-19,0.001846020778039594
2008-03-20,0.001664713013005429
2008-03-21,0.0015735969347629227
2008-03-22,0.0020466470688046278
2008-03-23,0.001988966551245243
2008-03-24,0.001827031906040706
2008-03-25,0.001755309698187557
2008-03-26,0.0014334104257912525
2008-03-27,0.0017043483573690882
2008-03-28,0.0017588734529802657
2008-03-29,0.0018528897215790742
2008-03-30,0.0020774511830118896
2008-03-31,0.002205262701615943
2008-04-01,0.002043118913699507
2008-04-02,0.001915431687812565
2008-04-03,0.0023433807273193453
2008-04-04,0.0027247539962957437
2008-04-05,0.01202311716818358
2008-04-06,0.0028120403656177522
2008-04-07,0.004380723073974331
2008-04-08,0.0024287776793651713
2008-04-09,0.002540992174197089
2008-04-10,0.004326407532463531
2008-04-11,0.005245875579482775
2008-04-12,0.004668601082871003
2008-04-13,0.0026612300914000595
2008-04-14,0.002952928890416414
2008-04-15,0.00682189757126991
2008-04-16,0.0027832980342758005
2008-04-17,0.0023027130302587157
2008-04-18,0.0032762075515808823
2008-04-19,0.00458202435039748
2008-04-20,0.00574674350100979
2008-04-21,0.00654229886473942
2008-04-22,0.007836934885800388
2008-04-23,0.010849170622202082
2008-04-24,0.011494982392236102
2008-04-25,0.010943416854088185
2008-04-26,0.010021394023103551
2008-04-27,0.010696443525567534
2008-04-28,0.010366604702737153
2008-04-29,0.011262345591768282
2008-04-30,0.012981707347883608
2008-05-01,0.014198058182987335
2008-05-02,0.015139521183721983
2008-05-03,0.016915316148820105
2008-05-04,0.01669079001937064
2008-05-05,0.02022563447459257
2008-05-06,0.014099447112153796
2008-05-07,0.013442093066504478
2008-05-08,0.015711154455147387
2008-05-09,0.0185079298047693
2008-05-10,0.026136679677950178
2008-05-11,0.02600436871110984
2008-05-12,0.029700051803538192
2008-05-13,0.03560694005136269
2008-05-14,0.03972769125156465
2008-05-15,0.045411479077560615
2008-05-16,0.05235987134723564
2008-05-17,0.056811582142526296
2008-05-18,0.06796033486868658
2008-05-19,0.07893481156984644
2008-05-20,0.08284197858134049
2008-05-21,0.08355131969640037
2008-05-22,0.09404381658540993
2008-05-23,0.11440312730143867
2008-05-24,0.11624741039238765
2008-05-25,0.07275932823015106
2008-05-26,0.07591308846512883
2008-05-27,0.06274209900609239
2008-05-28,0.06229320105000608
2008-05-29,0.07358294101263825
2008-05-30,0.08301246816648453
2008-05-31,0.0940574104255917
2008-06-01,0.10461575564013065
2008-06-02,0.10473388557368576
2008-06-03,0.11380855997633556
2008-06-04,0.1075670165507
2008-06-05,0.10217854148478407
2008-06-06,0.09955233697042334
2008-06-07,0.1033609275557944
2008-06-08,0.10713578566910413
2008-06-09,0.10628859799851613
2008-06-10,0.10991856751427602
2008-06-11,0.10563983338580393
2008-06-12,0.09664626737047372
2008-06-13,0.09105425527512503
2008-06-14,0.080090522235225
2008-06-15,0.06953546544577556
2008-06-16,0.07476180060977983
2008-06-17,0.05236203192692928
2008-06-18,0.05106792666912443
2008-06-19,0.036913815582879726
2008-06-20,0.029078318445278604
2008-06-21,0.023662770710905192
2008-06-22,0.020827386129911824
2008-06-23,0.01928084457287434
2008-06-24,0.016842281266404725
2008-06-25,0.015303944721706169
2008-06-26,0.016026729870974657
2008-06-27,0.01784223853357023
2008-06-28,0.019839445053931933
2008-06-29,0.01749676716021215
2008-06-30,0.014431192556708305
2008-07-01,0.011876629376523895
2008-07-02,0.010012934055878421
2008-07-03,0.009808333438030474
2008-07-04,0.011171055923564304
2008-07-05,0.012618140195246414
2008-07-06,0.021271951375692495
2008-07-07,0.03950964129812429
2008-07-08,0.020102613980230083
2008-07-09,0.018807533530703822
2008-07-10,0.01647311318424218
2008-07-11,0.01563123442368041
2008-07-12,0.01491992923519074
2008-07-13,0.015161394799308257
2008-07-14,0.015053038195235471
2008-07-15,0.011092827781675786
2008-07-16,0.012449759503992837
2008-07-17,0.011836457831412694
2008-07-18,0.015729529492319396
2008-07-19,0.013541390085715529
2008-07-20,0.017266317018870155
2008-07-21,0.022731444458202733
2008-07-22,0.018575239515743424
2008-07-23,0.013265029461053995
2008-07-24,0.009050541931046992
2008-07-25,0.009388439183317714
2008-07-26,0.01118736205659164
2008-07-27,0.011230367224086721
2008-07-28,0.009573376772930605
2008-07-29,0.009798138599664202
2008-07-30,0.009744850705207713
2008-07-31,0.009595788992246734
2008-08-01,0.011382370282316048
2008-08-02,0.01184796379754211
2008-08-03,0.01486825756636638
2008-08-04,0.017165704057042278
2008-08-05,0.024690405684240566
2008-08-06,0.012207020339678765
2008-08-07,0.008127739518801871
2008-08-08,0.011939831016958032
2008-08-09,0.013138310595806666
2008-08-10,0.015367610172048672
2008-08-11,0.012542022410289792
2008-08-12,0.015097286440937602
2008-08-13,0.01381706738525563
2008-08-14,0.010984712406317178
2008-08-15,0.01955478047450294
2008-08-16,0.01590554893827633
2008-08-17,0.01188713119826022
2008-08-18,0.009076960344025825
2008-08-19,0.005933114637749155
2008-08-20,0.00564797908037654
2008-08-21,0.00797209861162163
2008-08-22,0.008796494075339448
2008-08-23,0.008101128237220872
2008-08-24,0.009457241693006442
2008-08-25,0.010208695592419648
2008-08-26,0.00930343336908525
2008-08-27,0.008920029696969643
2008-08-28,0.007325390049817902
2008-08-29,0.005285355324479799
2008-08-30,0.006448041864323327
2008-08-31,0.008541204125999152
2008-09-01,0.00754635641712732
2008-09-02,0.005858990597741974
2008-09-03,0.0058869989829187005
2008-09-04,0.0065380052311214895
2008-09-05,0.007386982819102819
2008-09-06,0.00852657727127339
2008-09-07,0.007871637772167104
2008-09-08,0.007290648160106177
2008-09-09,0.006036498726376442
2008-09-10,0.005236313447378542
2008-09-11,0.005661703420785537
2008-09-12,0.005528773399631318
2008-09-13,0.005643866910228402
2008-09-14,0.005747445286113677
2008-09-15,0.00532690499357307
2008-09-16,0.005161316466326607
2008-09-17,0.007208654895037486
2008-09-18,0.007955476851298115
2008-09-19,0.0066269332918393355
2008-09-20,0.006604014648619458
2008-09-21,0.005454781267190426
2008-09-22,0.005802993229046526
2008-09-23,0.006463217378160628
2008-09-24,0.005684491044234254
2008-09-25,0.004759565976150165
2008-09-26,0.00461556758751208
2008-09-27,0.004329868704547934
2008-09-28,0.00448270351603607
2008-09-29,0.004284338529752298
2008-09-30,0.004030333125880255
2008-10-01,0.0038893008716711177
2008-10-02,0.0033620724926904117
2008-10-03,0.00319628850285259
2008-10-04,0.0031061018448738
2008-10-05,0.0038179420154520836
2008-10-06,0.005194581970881957
2008-10-07,0.005504240440097765
2008-10-08,0.005322369155105981
2008-10-09,0.004490463732507651
2008-10-10,0.0038071827971245735
2008-10-11,0.0037001983937739982
2008-10-12,0.004074061692525669
2008-10-13,0.0037481630200808095
2008-10-14,0.004673313014546477
2008-10-15,0.004523083924799241
2008-10-16,0.003734362223950071
2008-10-17,0.003336044874325677
2008-10-18,0.003479016294047633
2008-10-19,0.003636966147367829
2008-10-20,0.00346539417759296
2008-10-21,0.0030515512593258763
2008-10-22,0.0031491680955501216
2008-10-23,0.0031579014698584944
2008-10-24,0.0031188504005048986
2008-10-25,0.0032730859031744023
2008-10-26,0.0029626792462166996
2008-10-27,0.0029871606328752717
2008-10-28,0.0035284804819110927
2008-10-29,0.0039013249725293533
2008-10-30,0.0035371391015038486
2008-10-31,0.0029763878245568465
2008-11-01,0.00307631387284702
2008-11-02,0.003258334336424581
2008-11-03,0.003166533355207192
2008-11-04,0.0026693807130193053
2008-11-05,0.002959093159169748
2008-11-06,0.0033589820275903397
2008-11-07,0.0035915659868313555
2008-11-08,0.003274753121169184
2008-11-09,0.0031931354313715103
2008-11-10,0.0028948242796668702
2008-11-11,0.0026548518202595514
2008-11-12,0.0027143234820625993
2008-11-13,0.0026523673277029196
2008-11-14,0.0028764593162603942
2008-11-15,0.0023976994940020156
2008-11-16,0.0022753304090412595
2008-11-17,0.002222161987315316
2008-11-18,0.002117507253423623
2008-11-19,0.002305367641808988
2008-11-20,0.0022537486221215187
2008-11-21,0.0020994502406055885
2008-11-22,0.002195647398359557
2008-11-23,0.0021942491913437023
2008-11-24,0.001944225946765732
2008-11-25,0.002009178371418287
2008-11-26,0.001971258667476584
2008-11-27,0.001996166322748696
2008-11-28,0.0021440945074209573
2008-11-29,0.002266449467404504
2008-11-30,0.0022563217052448924
2008-12-01,0.0021953283346008773
2008-12-02,0.0020479320662908176
2008-12-03,0.0020526082541080224
2008-12-04,0.0020102454333185363
2008-12-05,0.0019879627468207184
2008-12-06,0.001963501945624972
2008-12-07,0.0020463571468866434
2008-12-08,0.004201483061685836
2008-12-09,0.0026327378579857424
2008-12-10,0.0016622720388288403
2008-12-11,0.0015939744190827153
2008-12-12,0.0015004925067751416
2008-12-13,0.001505463630137913
2008-12-14,0.00149271633209494
2008-12-15,0.0014990200559372691
2008-12-16,0.0015218956427694263
2008-12-17,0.0017561698078423095
2008-12-18,0.002233799091215035
2008-12-19,0.0028827770088514365
2008-12-20,0.005427134835479971
2008-12-21,0.0016077820416074287
2008-12-22,0.0013809004338852118
2008-12-23,0.001374174748443464
2008-12-24,0.001366152604605117
2008-12-25,0.0013597459881903185
2008-12-26,0.001349651923292667
2008-12-27,0.0013367908522492924
2008-12-28,0.001329495983405683
2008-12-29,0.0013929123911975456
2008-12-30,0.001317774088781498
2008-12-31,0.00129740778098425
2009-01-01,0.0012872618386707891
2009-01-02,0.001285093576239357
2009-01-03,0.0016546359549061448
2009-01-04,0.0015829218827288383
2009-01-05,0.001298523337761849
2009-01-06,0.001278321016355827
2009-01-07,0.0012654251816780438
2009-01-08,0.001258130032186679
2009-01-09,0.001251853861627557
2009-01-10,0.001257653941158545
2009-01-11,0.0012396839136386087
2009-01-12,0.0012429273384455615
2009-01-13,0.0012208850922617832
2009-01-14,0.0013703397541389726
2009-01-15,0.0013075067541005122
2009-01-16,0.0018286604258944165
2009-01-17,0.0018057884844543026
2009-01-18,0.0029557585549535303
2009-01-19,0.0013356387182953395
2009-01-20,0.0011996367693381039
2009-01-21,0.0012103860058423805
2009-01-22,0.001211524493499644
2009-01-23,0.0011989739111480332
2009-01-24,0.0012975655036606235
2009-01-25,0.0019226591463389164
2009-01-26,0.00214969938199179
2009-01-27,0.0025118661871883887
2009-01-28,0.0012484579073358084
2009-01-29,0.0012609175676799
2009-01-30,0.001244937621060448
2009-01-31,0.0011726242328480632
2009-02-01,0.0011744555498639697
2009-02-02,0.00117628710466329
2009-02-03,0.0014795793370115113
2009-02-04,0.0014828540545905962
2009-02-05,0.0031099142842134792
2009-02-06,0.0015611834702887492
2009-02-07,0.0012776994040770513
2009-02-08,0.0012891053347452296
2009-02-09,0.0012651549943561435
2009-02-10,0.0019283275987127485
2009-02-11,0.0014249979954973197
2009-02-12,0.0014394213394008865
2009-02-13,0.00731952148495597
2009-02-14,0.0030526989468447324
2009-02-15,0.0015131565848317235
2009-02-16,0.0014923908690552636
2009-02-17,0.0015759598034556647
2009-02-18,0.0015700335478656465
2009-02-19,0.0018484248930727104
2009-02-20,0.0031589388763536017
2009-02-21,0.0017654076290378312
2009-02-22,0.0018717349277033598
2009-02-23,0.0038971984975302563
2009-02-24,0.0030781808374123723
2009-02-25,0.002042276021723026
2009-02-26,0.002011321935497927
2009-02-27,0.0020280148853163297
2009-02-28,0.0019837499042280613
2009-03-01,0.0020236847616297553
2009-03-02,0.0022044176623425794
2009-03-03,0.007215012354578847
2009-03-04,0.00343015600646914
2009-03-05,0.0028210378173271567
2009-03-06,0.0026282838546432597
2009-03-07,0.0030552336430679236
2009-03-08,0.0022691438793916497
2009-03-09,0.002476528741966866
2009-03-10,0.002293119800741968
2009-03-11,0.002290993557046606
2009-03-12,0.0024624767276510153
2009-03-13,0.0024505394970975943
2009-03-14,0.002565944591112544
2009-03-15,0.002567578810051622
2009-03-16,0.0024415084001320232
2009-03-17,0.003294975358430946
2009-03-18,0.003209185590210474
2009-03-19,0.0030243281958633158
2009-03-20,0.0026748487921899587
2009-03-21,0.0025365591106521167
2009-03-22,0.0022780889811150947
2009-03-23,0.0021911614058146528
2009-03-24,0.0033466329949615597
2009-03-25,0.0032608774224808785
2009-03-26,0.0020795015999608454
2009-03-27,0.0026852693259674177
2009-03-28,0.002431958532427232
2009-03-29,0.0031017358710847638
2009-03-30,0.002688572645511237
2009-03-31,0.0022953147338035684
2009-04-01,0.002328801257756871
2009-04-02,0.005228359283163214
2009-04-03,0.003253962059362788
2009-04-04,0.002935106570859646
2009-04-05,0.002648581711041244
2009-04-06,0.004465668034280133
2009-04-07,0.005333728002099959
2009-04-08,0.009861468206242193
2009-04-09,0.003181043106861099
2009-04-10,0.002394609101469135
2009-04-11,0.002638642077416137
2009-04-12,0.003909064468839298
2009-04-13,0.004110538659423854
2009-04-14,0.004912938481793258
2009-04-15,0.007737337284758109
2009-04-16,0.003986733988337552
2009-04-17,0.003420687394817615
2009-04-18,0.00403299893383758
2009-04-19,0.0046318062262304446
2009-04-20,0.0063143596732330885
2009-04-21,0.006478143959986866
2009-04-22,0.004853545143928246
2009-04-23,0.004381606932203295
2009-04-24,0.003861418325441567
2009-04-25,0.005026117238861265
2009-04-26,0.005232031208624916
2009-04-27,0.008255575685729816
2009-04-28,0.010154960547037293
2009-04-29,0.009554032590192787
2009-04-30,0.009493902737358256
2009-05-01,0.010183162021257453
2009-05-02,0.011699365363546186
2009-05-03,0.012357793501504342
2009-05-04,0.010956820571932056
2009-05-05,0.008273520015551384
2009-05-06,0.006852506005957498
2009-05-07,0.006321753453281071
2009-05-08,0.009362364614970272
2009-05-09,0.01119986138660207
2009-05-10,0.011960957369507525
2009-05-11,0.010441998245982926
2009-05-12,0.01100386115579477
2009-05-13,0.015543487475307802
2009-05-14,0.01818071052476097
2009-05-15,0.02158821148216918
2009-05-16,0.02258057729680335
2009-05-17,0.023440880634427064
2009-05-18,0.02461002910522912
2009-05-19,0.02850282260824189
2009-05-20,0.03635663417031817
2009-05-21,0.03363255668245807
2009-05-22,0.03648078976993482
2009-05-23,0.034759678278840196
2009-05-24,0.03399709972062194
2009-05-25,0.033826801072442576
2009-05-26,0.035485449041168335
2009-05-27,0.0352884556018366
2009-05-28,0.03979642562860504
2009-05-29,0.04684392766978088
2009-05-30,0.05071527287856046
2009-05-31,0.056979767569404836
2009-06-01,0.06520775308292012
2009-06-02,0.07279018742806882
2009-06-03,0.07751538275692763
2009-06-04,0.0798864845671501
2009-06-05,0.07605990736763278
2009-06-06,0.05589334307713424
2009-06-07,0.036616501703480665
2009-06-08,0.032252852604523666
2009-06-09,0.04442875097815175
2009-06-10,0.060283064921294045
2009-06-11,0.07745755499861973
2009-06-12,0.07854571665321464
2009-06-13,0.07939190890617334
2009-06-14,0.08228612148430432
2009-06-15,0.08987133800634563
2009-06-16,0.07387989071523983
2009-06-17,0.052652511530008946
2009-06-18,0.04746413853190538
2009-06-19,0.05342262490402612
2009-06-20,0.0711744882435884
2009-06-21,0.08054090629059134
2009-06-22,0.08748365526020807
2009-06-23,0.09326609613381345
2009-06-24,0.10490572820105581
2009-06-25,0.11874934234351067
2009-06-26,0.14364064025742201
2009-06-27,0.14324364643426207
2009-06-28,0.13073478152379528
2009-06-29,0.1266432201251559
2009-06-30,0.13400155410769352
2009-07-01,0.10050207044635145
2009-07-02,0.078441525289932
2009-07-03,0.07281749128607186
2009-07-04,0.047474203568503195
2009-07-05,0.04919141411609008
2009-07-06,0.05759558178557529
2009-07-07,0.07170317394447577
2009-07-08,0.0888377474945937
2009-07-09,0.101273976934307
2009-07-10,0.10755220251387645
2009-07-11,0.11555384148631202
2009-07-12,0.12857809100382994
2009-07-13,0.12842634598795394
2009-07-14,0.10942667935018306
2009-07-15,0.10109964567942469
2009-07-16,0.09608430966305084
2009-07-17,0.10960118078600475
2009-07-18,0.109868322409802
2009-07-19,0.1118861899030396
2009-07-20,0.10062366879228594
2009-07-21,0.10054864044366202
2009-07-22,0.10033249637836919
2009-07-23,0.09898596076330768
2009-07-24,0.09393893639690085
2009-07-25,0.09419573828273219
2009-07-26,0.08616015706855357
2009-07-27,0.08222261902828017
2009-07-28,0.07414612307393373
2009-07-29,0.06865919464317226
2009-07-30,0.06377032710659589
2009-07-31,0.05842512377595285
2009-08-01,0.05362078534006462
2009-08-02,0.04802313428196203
2009-08-03,0.0457652141678636
2009-08-04,0.043091607345561736
2009-08-05,0.0409310964797278
2009-08-06,0.04098319365823437
2009-08-07,0.04159031481248936
2009-08-08,0.03808528713232041
2009-08-09,0.03315977618432306
2009-08-10,0.029346506482856097
2009-08-11,0.026500709737038077
2009-08-12,0.025009792369971105
2009-08-13,0.024252842951594397
2009-08-14,0.024071730942490474
2009-08-15,0.023691636231007195
2009-08-16,0.027635960420370347
2009-08-17,0.024279110682562048
2009-08-18,0.018828023746586375
2009-08-19,0.014994150420830053
2009-08-20,0.010892581595224963
2009-08-21,0.012120618271241937
2009-08-22,0.010592291716478387
2009-08-23,0.010044763008081081
2009-08-24,0.009369560370910057
2009-08-25,0.009003568933364431
2009-08-26,0.011199498570422323
2009-08-27,0.008840475501651084
2009-08-28,0.008207930814045417
2009-08-29,0.008889488121571884
2009-08-30,0.010499467981641556
2009-08-31,0.013539620684499131
2009-09-01,0.015280809198050183
2009-09-02,0.011800965183810167
2009-09-03,0.010660050194738846
2009-09-04,0.009210369781706605
2009-09-05,0.0077782908649408206
2009-09-06,0.007750161042731019
2009-09-07,0.007561890229578453
2009-09-08,0.007271240302370837
2009-09-09,0.007472444788182611
2009-09-10,0.006670080731448975
2009-09-11,0.006356413911508014
2009-09-12,0.00664232580130335
2009-09-13,0.006189689615338565
2009-09-14,0.005592385033481659
2009-09-15,0.005866544273709896
2009-09-16,0.007252614007760971
2009-09-17,0.006868638937854208
2009-09-18,0.005480087262146478
2009-09-19,0.004543972784711503
2009-09-20,0.004274608701564839
2009-09-21,0.0043701191419071046
2009-09-22,0.004316856219731751
2009-09-23,0.004398936342058492
2009-09-24,0.004388339940080047
2009-09-25,0.003817379886436798
2009-09-26,0.003906998342325203
2009-09-27,0.005181971547047507
2009-09-28,0.004912610666811067
2009-09-29,0.00448651771546404
2009-09-30,0.0036879107435370843
2009-10-01,0.0035790286394705557
2009-10-02,0.0035410373290835247
2009-10-03,0.004353016892870198
2009-10-04,0.005751201266575526
2009-10-05,0.005429298916961729
2009-10-06,0.005177750953181381
2009-10-07,0.005200473155612128
2009-10-08,0.005121880211372029
2009-10-09,0.004692724775385362
2009-10-10,0.004406790318964364
2009-10-11,0.004146344635177457
2009-10-12,0.0038489697881525955
2009-10-13,0.003879603198267126
2009-10-14,0.0040839852734574945
2009-10-15,0.004048653719484669
2009-10-16,0.0037684049930951013
2009-10-17,0.0037710808781404644
2009-10-18,0.003826696052441513
2009-10-19,0.00378397278733602
2009-10-20,0.0036460779455020974
2009-10-21,0.0035856101542039898
2009-10-22,0.0036037656375297288
2009-10-23,0.0034071267653997014
2009-10-24,0.0033707391164083124
2009-10-25,0.0032959189320163496
2009-10-26,0.0031386681493014933
2009-10-27,0.0031861404045505208
2009-10-28,0.003149223131717685
2009-10-29,0.0034367125083447584
2009-10-30,0.0031149019017532305
2009-10-31,0.003461436327457307
2009-11-01,0.003309167373092455
2009-11-02,0.003242352686630662
2009-11-03,0.0035604365697113434
2009-11-04,0.0034175526553730175
2009-11-05,0.0031423614350172195
2009-11-06,0.0031174423058315283
2009-11-07,0.0027508545176323186
2009-11-08,0.0032334532628691235
2009-11-09,0.002536886077596735
2009-11-10,0.0021114074025304465
2009-11-11,0.0020794100476861695
2009-11-12,0.002123748722826429
2009-11-13,0.002251222085554433
2009-11-14,0.002002606222343186
2009-11-15,0.00197873009948296
2009-11-16,0.001937264228995394
2009-11-17,0.0019235711287974482
2009-11-18,0.0018674301631715032
2009-11-19,0.0018240245785804909
2009-11-20,0.0018153703785376825
2009-11-21,0.00182412800799095
2009-11-22,0.0018109875988099235
2009-11-23,0.0017771798267832118
2009-11-24,0.001803640473294797
2009-11-25,0.002072899875147112
2009-11-26,0.0017130213396260945
2009-11-27,0.0016680457884439448
2009-11-28,0.0016683291976777664
2009-11-29,0.0016378759622024178
2009-11-30,0.001658921279692892
2009-12-01,0.0016273352805276644
2009-12-02,0.00157653018255267
2009-12-03,0.0015411525227867645
2009-12-04,0.0015457497740483913
2009-12-05,0.0017883662949668988
2009-12-06,0.001511897840430963
2009-12-07,0.0014570136692418243
2009-12-08,0.0014430006405272955
2009-12-09,0.0015344957219263192
2009-12-10,0.0016947857112529724
2009-12-11,0.0014120205655136129
2009-12-12,0.0013759371287323005
2009-12-13,0.001367024967622565
2009-12-14,0.0013500034601658388
2009-12-15,0.0013511643606593752
2009-12-16,0.0013199075404142044
2009-12-17,0.001302491801766162
2009-12-18,0.0012884457393827612
2009-12-19,0.001275654388044582
2009-12-20,0.0012696664661658716
2009-12-21,0.0012595384576917364
2009-12-22,0.0012401644039581748
2009-12-23,0.0012259568062938857
2009-12-24,0.0012116809145120296
2009-12-25,0.001201731990698377
2009-12-26,0.0011973679004669516
2009-12-27,0.0011869723585614246
2009-12-28,0.00118370268828233
2009-12-29,0.0011709139142359554
2009-12-30,0.0011575584719731495
2009-12-31,0.001136594999893706
2010-01-01,0.0011279603314281767
2010-01-02,0.0011198560143782
2010-01-03,0.0011768265403345139
2010-01-04,0.0011033242862318307
2010-01-05,0.0010885488073574135
2010-01-06,0.0010756655380151725
2010-01-07,0.0010702171534444352
2010-01-08,0.001059339494889098
2010-01-09,0.0010494986248581629
2010-01-10,0.001040350513493319
2010-01-11,0.0010267028814558092
2010-01-12,0.001015421898116994
2010-01-13,0.0010057120013973408
2010-01-14,0.0010009964996206403
2010-01-15,0.0009970472290882159
2010-01-16,0.000996897240219261
2010-01-17,0.0010133411746452309
2010-01-18,0.0010013264455488065
2010-01-19,0.0009856091894746382
2010-01-20,0.00096918338407782
2010-01-21,0.0009928150931055354
2010-01-22,0.0009673970539627631
2010-01-23,0.0009752321122439013
2010-01-24,0.0009584855913392218
2010-01-25,0.0009521922162885626
2010-01-26,0.0009120322352802108
2010-01-27,0.0009188850048988573
2010-01-28,0.0012868857414258294
2010-01-29,0.001570892129024847
2010-01-30,0.000910614844323996
2010-01-31,0.000889962335945569
2010-02-01,0.0008959951752349175
2010-02-02,0.0008762195002273433
2010-02-03,0.0008808606119118403
2010-02-04,0.000877591177156035
2010-02-05,0.001041297402377918
2010-02-06,0.0014844688183009952
2010-02-07,0.00457668805115231
2010-02-08,0.015749198009241763
2010-02-09,0.003661337544815653
2010-02-10,0.0009686130058389743
2010-02-11,0.0008809004946883598
2010-02-12,0.0013502013954064063
2010-02-13,0.00098022217409526
2010-02-14,0.0013610417410564774
2010-02-15,0.0044470967573048146
2010-02-16,0.0011414023287302849
2010-02-17,0.0008583755610323203
2010-02-18,0.0008867022004692825
2010-02-19,0.000908672877666131
2010-02-20,0.0009747478024453722
2010-02-21,0.0010516463597869043
2010-02-22,0.0011204912013432966
2010-02-23,0.0012909504213366955
2010-02-24,0.001451959505396994
2010-02-25,0.002790897277370057
2010-02-26,0.004815213928689343
2010-02-27,0.001977122209273488
2010-02-28,0.004820457298409038
2010-03-01,0.012084078702499057
2010-03-02,0.0018213670870217487
2010-03-03,0.0013053683378998289
2010-03-04,0.0022225306028289733
2010-03-05,0.0013735114156686321
2010-03-06,0.0012362242026131608
2010-03-07,0.0016228833088990857
2010-03-08,0.0016163005528114162
2010-03-09,0.0016452105382694139
2010-03-10,0.001801050607572782
2010-03-11,0.0018953841440930127
2010-03-12,0.00224020127388126
2010-03-13,0.0024877237643348388
2010-03-14,0.0026380119948048258
2010-03-15,0.0026426451916081
2010-03-16,0.002713375555625004
2010-03-17,0.0028173514606379874
2010-03-18,0.0029523416952525715
2010-03-19,0.0031110421008542118
2010-03-20,0.0029910412552445545
2010-03-21,0.0028608276666434044
2010-03-22,0.006435557666213277
2010-03-23,0.010698607256704814
2010-03-24,0.0053927900187363586
2010-03-25,0.003650119696263386
2010-03-26,0.005110539774933777
2010-03-27,0.004713115789420746
2010-03-28,0.0046596906075821055
2010-03-29,0.004464848471814143
2010-03-30,0.005139549357836374
2010-03-31,0.0030092466164554493
2010-04-01,0.0027155746308585166
2010-04-02,0.002914293146123273
2010-04-03,0.004853466287576101
2010-04-04,0.004194621879281777
2010-04-05,0.002606205868795636
2010-04-06,0.002612333640950057
2010-04-07,0.003330785985487849
2010-04-08,0.005593522673378987
2010-04-09,0.0069559307347644575
2010-04-10,0.007334509285807244
2010-04-11,0.00828087387175054
2010-04-12,0.00737045216143383
2010-04-13,0.0038008749817761197
2010-04-14,0.0035529223655008796
2010-04-15,0.005270757965532458
2010-04-16,0.010574932590917487
2010-04-17,0.012155768897125926
2010-04-18,0.01996289979905599
2010-04-19,0.014705044214163208
2010-04-20,0.00966481115423826
2010-04-21,0.00840654630077918
2010-04-22,0.007752878245548143
2010-04-23,0.006397930775985088
2010-04-24,0.006430162363429157
2010-04-25,0.00840065974136892
2010-04-26,0.01025759407747927
2010-04-27,0.01070697418858017
2010-04-28,0.011719265895521759
2010-04-29,0.013750687577071399
2010-04-30,0.015540788942469613
2010-05-01,0.016578071339899386
2010-05-02,0.015270029075543335
2010-05-03,0.01856567320262067
2010-05-04,0.02309145404790389
2010-05-05,0.02955586422897858
2010-05-06,0.02636786475862707
2010-05-07,0.02393006631331217
2010-05-08,0.023133419591265483
2010-05-09,0.02241518058272472
2010-05-10,0.02653678059834653
2010-05-11,0.02704692439859919
2010-05-12,0.02618257855198273
2010-05-13,0.023139295173613166
2010-05-14,0.02519151913237964
2010-05-15,0.023372617734221134
2010-05-16,0.03456562351528801
2010-05-17,0.03671219395298617
2010-05-18,0.02967895689595092
2010-05-19,0.016646803926350148
2010-05-20,0.013368787039867342
2010-05-21,0.018627884308275555
2010-05-22,0.029780830396837443
2010-05-23,0.035680862218745286
2010-05-24,0.02404857066659766
2010-05-25,0.024614994063741978
2010-05-26,0.029347350083488166
2010-05-27,0.03979646752629023
2010-05-28,0.024463490656634425
2010-05-29,0.01936917105600579
2010-05-30,0.015597308045599305
2010-05-31,0.018215146614173224
2010-06-01,0.025693099844823753
2010-06-02,0.03516815343889857
2010-06-03,0.03581767691532986
2010-06-04,0.03080872405490166
2010-06-05,0.018733843494345193
2010-06-06,0.016207782752439323
2010-06-07,0.022907513412992943
2010-06-08,0.031422802318228645
2010-06-09,0.03400497861909497
2010-06-10,0.033938856945511575
2010-06-11,0.036326643599696576
2010-06-12,0.04143672137883758
2010-06-13,0.044861964978254426
2010-06-14,0.045676399652061835
2010-06-15,0.043948607804549386
2010-06-16,0.04083870901797255
2010-06-17,0.04738515165059299
2010-06-18,0.05123737565411007
2010-06-19,0.05753396314527153
2010-06-20,0.06650881361593468
2010-06-21,0.0771863897199962
2010-06-22,0.08490778976542168
2010-06-23,0.09687135788568507
2010-06-24,0.1046673048864734
2010-06-25,0.10853143736213289
2010-06-26,0.10304126819185805
2010-06-27,0.0900837142432113
2010-06-28,0.10242758274910667
2010-06-29,0.1116726348506469
2010-06-30,0.11651117286086562
2010-07-01,0.11481565422194193
2010-07-02,0.11161986363820342
2010-07-03,0.1113319746821054
2010-07-04,0.120098112444595
2010-07-05,0.12340303308611464
2010-07-06,0.1035337053441963
2010-07-07,0.11819140012022811
2010-07-08,0.12641984301019124
2010-07-09,0.12751949886276823
2010-07-10,0.12843682187829283
2010-07-11,0.12915328031074225
2010-07-12,0.13773456455414634
2010-07-13,0.1300663956241328
2010-07-14,0.12235958954092194
2010-07-15,0.12091651137640297
2010-07-16,0.12212468113929266
2010-07-17,0.12304056522209293
2010-07-18,0.11873264964181474
2010-07-19,0.11494404604077325
2010-07-20,0.10251241373307876
2010-07-21,0.11490459162069867
2010-07-22,0.07250054088702275
2010-07-23,0.0673108365828782
2010-07-24,0.0639966800539986
2010-07-25,0.07183234003779616
2010-07-26,0.08457297198734792
2010-07-27,0.11561700392294082
2010-07-28,0.1465547576104538
2010-07-29,0.15461467548227237
2010-07-30,0.13329495321434454
2010-07-31,0.09563747312189305
2010-08-01,0.07247202100710484
2010-08-02,0.0690191453889199
2010-08-03,0.07525911882765987
2010-08-04,0.08138610859794042
2010-08-05,0.086313831287173
2010-08-06,0.09648709446032824
2010-08-07,0.09067738613716245
2010-08-08,0.10313547838336445
2010-08-09,0.08820525300716683
2010-08-10,0.0721264805663639
2010-08-11,0.06521336700415514
2010-08-12,0.059922258642051036
2010-08-13,0.06155776737764444
2010-08-14,0.059478175336738326
2010-08-15,0.059895731889543266
2010-08-16,0.0630280213021967
2010-08-17,0.057604605968440324
2010-08-18,0.045283950423404114
2010-08-19,0.03614250859575471
2010-08-20,0.03514563157628082
2010-08-21,0.0289336385475529
2010-08-22,0.023878676730830814
2010-08-23,0.021603329273492112
2010-08-24,0.028310304899475107
2010-08-25,0.027672432222024465
2010-08-26,0.019122707933526488
2010-08-27,0.01544583917864921
2010-08-28,0.012524036471913696
2010-08-29,0.011860384759270157
2010-08-30,0.012185750428829701
2010-08-31,0.012823960992990489
2010-09-01,0.013718752659397112
2010-09-02,0.016619144615011513
2010-09-03,0.017476363166582277
2010-09-04,0.014799964423558992
2010-09-05,0.012845594157767478
2010-09-06,0.01301179916394739
2010-09-07,0.014174885527309423
2010-09-08,0.012048880002201112
2010-09-09,0.011508472872187942
2010-09-10,0.013183702544692701
2010-09-11,0.01481643159212739
2010-09-12,0.012504808658960235
2010-09-13,0.012221997681715079
2010-09-14,0.011437213043228957
2010-09-15,0.010169874421234246
2010-09-16,0.010039326677688412
2010-09-17,0.010158911296271413
2010-09-18,0.01159273728626949
2010-09-19,0.009680247521752587
2010-09-20,0.007937487521427965
2010-09-21,0.007926630772742424
2010-09-22,0.01060933609816942
2010-09-23,0.01091299946559012
2010-09-24,0.009849857214068052
2010-09-25,0.00846902791311725
2010-09-26,0.007852363271501692
2010-09-27,0.008279791355268455
2010-09-28,0.009206500699829341
2010-09-29,0.008966001129811062
2010-09-30,0.008773166534021458
2010-10-01,0.0075881798487857895
2010-10-02,0.006562084910212905
2010-10-03,0.006485316844948314
2010-10-04,0.006366056564624967
2010-10-05,0.006214712957851302
2010-10-06,0.006157544961771907
2010-10-07,0.0060801873835345625
2010-10-08,0.006180936858341175
2010-10-09,0.005947348470924971
2010-10-10,0.005935194404954368
2010-10-11,0.006125022134615241
2010-10-12,0.006158168559178497
2010-10-13,0.005784703841638883
2010-10-14,0.0056370093473798386
2010-10-15,0.005660732924252919
2010-10-16,0.005111815905457455
2010-10-17,0.00498361046417935
2010-10-18,0.0049098707361858495
2010-10-19,0.0047312335974917
2010-10-20,0.004956909499852447
2010-10-21,0.005659521955778292
2010-10-22,0.004910933088056284
2010-10-23,0.004324551892198425
2010-10-24,0.004214756604565394
2010-10-25,0.004211818981884376
2010-10-26,0.0042532287377672305
2010-10-27,0.004184209732671172
2010-10-28,0.0041717711343938636
2010-10-29,0.00432604704832345
2010-10-30,0.0046205616471925795
2010-10-31,0.004098318642145922
2010-11-01,0.003935278309659999
2010-11-02,0.003993619789502624
2010-11-03,0.004060426308848748
2010-11-04,0.0043774682939734175
2010-11-05,0.005086628498236172
2010-11-06,0.004947507031320512
2010-11-07,0.00408778591735399
2010-11-08,0.004008436527277739
2010-11-09,0.004277098353681946
2010-11-10,0.0042307669344761566
2010-11-11,0.0045740901426466985
2010-11-12,0.0045088577588248665
2010-11-13,0.004130632513476568
2010-11-14,0.0037157302839218834
2010-11-15,0.003503199055603244
2010-11-16,0.003450161092029427
2010-11-17,0.0035959563549590977
2010-11-18,0.003885914671239831
2010-11-19,0.004019853054265918
2010-11-20,0.003179717774864973
2010-11-21,0.003279911638335672
2010-11-22,0.004602141361310144
2010-11-23,0.004228580233736514
2010-11-24,0.0035159293894483214
2010-11-25,0.003421127802464729
2010-11-26,0.0035323548275233434
2010-11-27,0.002938990547170512
2010-11-28,0.002698643252794107
2010-11-29,0.002666498115498935
2010-11-30,0.002517911613551772
2010-12-01,0.002478807021464787
2010-12-02,0.0024402428864438554
2010-12-03,0.002409345571482454
2010-12-04,0.0025302318245111048
2010-12-05,0.0023610972046305763
2010-12-06,0.0023668933765469374
2010-12-07,0.0023983487720264
2010-12-08,0.002408084331113055
2010-12-09,0.0023388604024313715
2010-12-10,0.002332095231084017
2010-12-11,0.0020653705839221255
2010-12-12,0.0020549787108909852
2010-12-13,0.002405899385679881
2010-12-14,0.0021288856784134626
2010-12-15,0.002162902360731005
2010-12-16,0.0024450354824721
2010-12-17,0.001978488813887087
2010-12-18,0.002416497105267089
2010-12-19,0.0021496140315183294
2010-12-20,0.002377809781263525
2010-12-21,0.002065630248661431
2010-12-22,0.002055656196269316
2010-12-23,0.001855201071715532
2010-12-24,0.0018297172981776868
2010-12-25,0.0018618666246347033
2010-12-26,0.0018118759194440015
2010-12-27,0.0018880016096195302
2010-12-28,0.0018427951154012
2010-12-29,0.0020189307814602966
2010-12-30,0.0018342395722425872
2010-12-31,0.0015082333385178545
2011-01-01,0.0013501687013412606
2011-01-02,0.0013418104916680363
2011-01-03,0.00128578292428638
2011-01-04,0.0012787323682144631
2011-01-05,0.001239764943181547
2011-01-06,0.0012345324234939836
2011-01-07,0.0012359150859842368
2011-01-08,0.001216480040869463
2011-01-09,0.0011727890030503315
2011-01-10,0.001150704647172536
2011-01-11,0.0011575952966503028
2011-01-12,0.0011272892854968062
2011-01-13,0.0011722068565815638
2011-01-14,0.0014778131875974412
2011-01-15,0.0011154959583329395
2011-01-16,0.0010713836619185388
2011-01-17,0.0010768678369221646
2011-01-18,0.0010598347683638445
2011-01-19,0.0010447023267282642
2011-01-20,0.0010422968148994381
2011-01-21,0.0010610037854839336
2011-01-22,0.001030322019066347
2011-01-23,0.0010064569361850453
2011-01-24,0.0009896986327531524
2011-01-25,0.0009756417325193479
2011-01-26,0.0009658677213124401
2011-01-27,0.0009592466746242317
2011-01-28,0.00095846841724578
2011-01-29,0.0009840619742404746
2011-01-30,0.0010046788786519897
2011-01-31,0.000963852135891104
2011-02-01,0.0009415530515411892
2011-02-02,0.0009682229756791676
2011-02-03,0.001506745224225961
2011-02-04,0.0017619698759969572
2011-02-05,0.0010612221286861283
2011-02-06,0.003563010398294775
2011-02-07,0.0030507800652781266
2011-02-08,0.0009673415625281881
2011-02-09,0.0008651351152714187
2011-02-10,0.0008533532659883941
2011-02-11,0.0008658993590199127
2011-02-12,0.0020781884074148635
2011-02-13,0.007673012997594396
2011-02-14,0.003618631742739244
2011-02-15,0.001043332191796209
2011-02-16,0.000931420165590722
2011-02-17,0.0009024359629801684
2011-02-18,0.000891558528234483
2011-02-19,0.0009412597472270073
2011-02-20,0.0012268630349812231
2011-02-21,0.0009371526303400873
2011-02-22,0.0009139760332879636
2011-02-23,0.0012785782080673288
2011-02-24,0.0012706082770839219
2011-02-25,0.0013172599392044732
2011-02-26,0.0010829693169357496
2011-02-27,0.0009806566168136354
2011-02-28,0.001013207028300962
2011-03-01,0.001210766565623242
2011-03-02,0.0025461240590362033
2011-03-03,0.0018140897452869063
2011-03-04,0.0017146394734408302
2011-03-05,0.0016823298616823492
2011-03-06,0.0012901771451226465
2011-03-07,0.0019549277218889076
2011-03-08,0.0016213650768930907
2011-03-09,0.0014220238380752122
2011-03-10,0.0014088587010529397
2011-03-11,0.0014585840338763845
2011-03-12,0.0015957588378096607
2011-03-13,0.00179464248013537
2011-03-14,0.0019491678924470565
2011-03-15,0.0020629069241547304
2011-03-16,0.0023559458614628524
2011-03-17,0.0027105402959957626
2011-03-18,0.0030107117414991096
2011-03-19,0.0046394617314845475
2011-03-20,0.0024067793918313204
2011-03-21,0.002042319491972753
2011-03-22,0.0021240570415604087
2011-03-23,0.0023334555020175815
2011-03-24,0.002595004616779881
2011-03-25,0.0027484686827537927
2011-03-26,0.0029426975619172378
2011-03-27,0.0030347872770327116
2011-03-28,0.005140974720360476
2011-03-29,0.0033890106914588824
2011-03-30,0.0025853287978353083
2011-03-31,0.0024114353384748783
2011-04-01,0.002659935583008716
2011-04-02,0.002705372890917584
2011-04-03,0.002490318094671611
2011-04-04,0.002469724549971349
2011-04-05,0.0018905191852098175
2011-04-06,0.001763801783058993
2011-04-07,0.0018172561407847454
2011-04-08,0.0020901362348711
2011-04-09,0.0021370877675698486
2011-04-10,0.005819855635630725
2011-04-11,0.003099173678423358
2011-04-12,0.002137874344228824
2011-04-13,0.0021427497646689673
2011-04-14,0.002328642757292627
2011-04-15,0.0025158440813299633
2011-04-16,0.003560502154474725
2011-04-17,0.007984900745679249
2011-04-18,0.004556693596286563
2011-04-19,0.002986471617589652
2011-04-20,0.002980177101258918
2011-04-21,0.003655369089303327
2011-04-22,0.004951804978173064
2011-04-23,0.0054097827705353275
2011-04-24,0.006354210788835065
2011-04-25,0.007570271251306176
2011-04-26,0.008559740891953103
2011-04-27,0.00957875186670827
2011-04-28,0.009687541916532287
2011-04-29,0.010162088926658064
2011-04-30,0.012723436196805367
2011-05-01,0.01132154502145205
2011-05-02,0.01184889891102175
2011-05-03,0.013388251997146525
2011-05-04,0.015124114776862643
2011-05-05,0.01575306302531867
2011-05-06,0.02213377946482573
2011-05-07,0.01661229417906625
2011-05-08,0.016645420806814613
2011-05-09,0.01948117814524574
2011-05-10,0.02662614515397547
2011-05-11,0.02831648308551286
2011-05-12,0.031611023408187215
2011-05-13,0.031885058307313335
2011-05-14,0.029061420318726904
2011-05-15,0.034030153229151615
2011-05-16,0.042207610908547286
2011-05-17,0.05018536911949428
2011-05-18,0.057257910615277366
2011-05-19,0.05867222642194205
2011-05-20,0.05487784257468144
2011-05-21,0.04533268326307255
2011-05-22,0.03968495275006072
2011-05-23,0.0412341561842064
2011-05-24,0.05189043362482196
2011-05-25,0.06789355071647864
2011-05-26,0.06322526531640417
2011-05-27,0.06986448140843761
2011-05-28,0.06596111859831913
2011-05-29,0.06568166378921693
2011-05-30,0.07511179899601082
2011-05-31,0.0744435776162298
2011-06-01,0.05344691338826552
2011-06-02,0.0485996750377242
2011-06-03,0.04458964830101123
2011-06-04,0.050696134181396735
2011-06-05,0.06370185518165428
2011-06-06,0.07561319716829408
2011-06-07,0.076198473596374
2011-06-08,0.08150849446644512
2011-06-09,0.08823537667087591
2011-06-10,0.09053651785640784
2011-06-11,0.08880028736042522
2011-06-12,0.09835696059542734
2011-06-13,0.0979175792312751
2011-06-14,0.08849490551068187
2011-06-15,0.09105780489579215
2011-06-16,0.09539422475839664
2011-06-17,0.09797869051295674
2011-06-18,0.09832911424448207
2011-06-19,0.09373688429049698
2011-06-20,0.09076703724230809
2011-06-21,0.08986170831708495
2011-06-22,0.08814456805274737
2011-06-23,0.09200995841016055
2011-06-24,0.08981424245110345
2011-06-25,0.08677480262258795
2011-06-26,0.0827498444096983
2011-06-27,0.07933842387295775
2011-06-28,0.07220522189348846
2011-06-29,0.06395009831311516
2011-06-30,0.05383435782134115
2011-07-01,0.048725602979921775
2011-07-02,0.04785637629014587
2011-07-03,0.03959211305032437
2011-07-04,0.03549221030995365
2011-07-05,0.03414142415012968
2011-07-06,0.0345442433499699
2011-07-07,0.03617440239785233
2011-07-08,0.041194839866728096
2011-07-09,0.036651820685518824
2011-07-10,0.029419904305817708
2011-07-11,0.02393720688051111
2011-07-12,0.02121088227031322
2011-07-13,0.019677248926579842
2011-07-14,0.021237700504972628
2011-07-15,0.028343493751391113
2011-07-16,0.028906008188096688
2011-07-17,0.022486794257639643
2011-07-18,0.01716984547245301
2011-07-19,0.01865678866239912
2011-07-20,0.016189028372527715
2011-07-21,0.016784327085229974
2011-07-22,0.018305556914177356
2011-07-23,0.019224939365973474
2011-07-24,0.0192767591416695
2011-07-25,0.02456305028826158
2011-07-26,0.025674510361192615
2011-07-27,0.020827487583950893
2011-07-28,0.015386844156793051
2011-07-29,0.01648734726816329
2011-07-30,0.013974232073055745
2011-07-31,0.012107739144808168
2011-08-01,0.009631219355904207
2011-08-02,0.007348191612193167
2011-08-03,0.005589747456484535
2011-08-04,0.006890260770244987
2011-08-05,0.009401612267817477
2011-08-06,0.010986542202102052
2011-08-07,0.015277219224893052
2011-08-08,0.016094062667719213
2011-08-09,0.014171239415950521
2011-08-10,0.013121815188866697
2011-08-11,0.012701854506435375
2011-08-12,0.014614463140874449
2011-08-13,0.017321008592924406
2011-08-14,0.014646835524441258
2011-08-15,0.013874184814419486
2011-08-16,0.012232297019620433
2011-08-17,0.009719505852830358
2011-08-18,0.009981288794457708
2011-08-19,0.010431323537532506
2011-08-20,0.010481398107964704
2011-08-21,0.009495898317014513
2011-08-22,0.008999747206557536
2011-08-23,0.008597346264413828
2011-08-24,0.010698136175281916
2011-08-25,0.01328677668105089
2011-08-26,0.014863671833080414
2011-08-27,0.016898550488078475
2011-08-28,0.018097304241215764
2011-08-29,0.013924056437738868
2011-08-30,0.009808381448123822
2011-08-31,0.00916464752329465
2011-09-01,0.014023083116772493
2011-09-02,0.019248042650246214
2011-09-03,0.017731446585267097
2011-09-04,0.01416223889107808
2011-09-05,0.009877163061700823
2011-09-06,0.007180031271398148
2011-09-07,0.006646186384007976
2011-09-08,0.008472841811010252
2011-09-09,0.013833062668935048
2011-09-10,0.013194826162808112
2011-09-11,0.009323249499130475
2011-09-12,0.0072563055481056045
2011-09-13,0.008033206140047018
2011-09-14,0.011654625503466649
2011-09-15,0.014537865472011349
2011-09-16,0.01743541212923423
2011-09-17,0.009206947141287346
2011-09-18,0.009013073177999655
2011-09-19,0.009569124917874422
2011-09-20,0.007988890974231338
2011-09-21,0.0064625773752450474
2011-09-22,0.006319054892782193
2011-09-23,0.006372779186017601
2011-09-24,0.005867496610120026
2011-09-25,0.006066039736302566
2011-09-26,0.006096505427085566
2011-09-27,0.0050870792138802915
2011-09-28,0.00461609632665605
2011-09-29,0.0044775980196925065
2011-09-30,0.004552587022960639
2011-10-01,0.004397264613168043
2011-10-02,0.00395736531086048
2011-10-03,0.0038602372438523856
2011-10-04,0.0038558790155201624
2011-10-05,0.006338447983417261
2011-10-06,0.006873600877648927
2011-10-07,0.006747220237400727
2011-10-08,0.005562072293190655
2011-10-09,0.00535679944507648
2011-10-10,0.00513436106438825
2011-10-11,0.0051445072870351174
2011-10-12,0.004865383823139531
2011-10-13,0.004758738695670086
2011-10-14,0.005405993538342784
2011-10-15,0.004220202165548162
2011-10-16,0.004076981410095028
2011-10-17,0.004025768877584228
2011-10-18,0.004000058003407059
2011-10-19,0.004025436282171077
2011-10-20,0.004638840310712857
2011-10-21,0.0047927299140962335
2011-10-22,0.0050679005078320015
2011-10-23,0.004688543621286187
2011-10-24,0.0036137705290102016
2011-10-25,0.0033753707115155526
2011-10-26,0.0033499258899249815
2011-10-27,0.0034318343838508247
2011-10-28,0.0034441349164234724
2011-10-29,0.0035589829874037547
2011-10-30,0.003681042148474324
2011-10-31,0.0035612897787528513
2011-11-01,0.003589959289671416
2011-11-02,0.0034646534357783334
2011-11-03,0.0036736228718675483
2011-11-04,0.0033941476638373767
2011-11-05,0.003004204018379313
2011-11-06,0.002866848182760906
2011-11-07,0.0029689964455867084
2011-11-08,0.0033564987304741493
2011-11-09,0.004483093440564329
2011-11-10,0.0033951154124124304
2011-11-11,0.00331817800681858
2011-11-12,0.0027483738163363667
2011-11-13,0.0026476831663101033
2011-11-14,0.0025538364233615466
2011-11-15,0.002704160945137752
2011-11-16,0.002393879212334538
2011-11-17,0.002406539549686087
2011-11-18,0.002576451490071996
2011-11-19,0.0026297790097013236
2011-11-20,0.0025684393376893704
2011-11-21,0.002528772358795275
2011-11-22,0.0025518225824393797
2011-11-23,0.0025603884940561873
2011-11-24,0.0024577572718112698
2011-11-25,0.002477029169575493
2011-11-26,0.002381248289137664
2011-11-27,0.0023222499254000363
2011-11-28,0.0023482080071021007
2011-11-29,0.002327337227946408
2011-11-30,0.002579137763388922
2011-12-01,0.0029623559178975217
2011-12-02,0.002690914625375131
2011-12-03,0.002226051326090728
2011-12-04,0.0021353091769182576
2011-12-05,0.0021384248194567784
2011-12-06,0.002096125717850805
2011-12-07,0.0021932860308366605
2011-12-08,0.0023302816725218048
2011-12-09,0.002128461228472465
2011-12-10,0.0019500185045394228
2011-12-11,0.0018691053160811535
2011-12-12,0.0017757021800783267
2011-12-13,0.0017399680631398746
2011-12-14,0.0017104362807819338
2011-12-15,0.0017409492875156555
2011-12-16,0.0016859516173701819
2011-12-17,0.0016915557858713554
2011-12-18,0.0017698425993175808
2011-12-19,0.0016641928145882578
2011-12-20,0.001850850479739226
2011-12-21,0.0018185399713447662
2011-12-22,0.0016704461602113163
2011-12-23,0.001605694231237721
2011-12-24,0.001561821150957772
2011-12-25,0.0015847252117146176
2011-12-26,0.001560244396874328
2011-12-27,0.001546310698282146
2011-12-28,0.001552385919294969
2011-12-29,0.0015544554684836596
2011-12-30,0.0014950423938473415
2011-12-31,0.0015339114300651387
2012-01-01,0.0015403299914951616
2012-01-02,0.0014617143430509347
2012-01-03,0.0014517005038515282
2012-01-04,0.0015043394656718925
2012-01-05,0.0016605061316014096
2012-01-06,0.0015341001598224869
2012-01-07,0.0014507130809327778
2012-01-08,0.0014521715002386735
2012-01-09,0.0013731413498803682
2012-01-10,0.0013387672123676556
2012-01-11,0.0013261871137335874
2012-01-12,0.0013137258222774258
2012-01-13,0.0013107871658982425
2012-01-14,0.0013204447113768184
2012-01-15,0.0019626484800536323
2012-01-16,0.0013359381569007186
2012-01-17,0.0012774752400800833
2012-01-18,0.0012501460166145961
2012-01-19,0.0012377882453822842
2012-01-20,0.0012251522645232674
2012-01-21,0.0012122255517109024
2012-01-22,0.001243974511095288
2012-01-23,0.0012834088024402646
2012-01-24,0.0011949359833878298
2012-01-25,0.001203133339316577
2012-01-26,0.0011958069762079018
2012-01-27,0.0011644887068662322
2012-01-28,0.0011545201493268693
2012-01-29,0.001141760663448739
2012-01-30,0.0011396939241151817
2012-01-31,0.001164791814401068
2012-02-01,0.0011347817626477185
2012-02-02,0.0011495259475706068
2012-02-03,0.0015046472634621805
2012-02-04,0.0024815918168317208
2012-02-05,0.0013879787849910103
2012-02-06,0.0011621764241956827
2012-02-07,0.0011303494310456628
2012-02-08,0.0011054222258445228
2012-02-09,0.001079742323772615
2012-02-10,0.0010776765965226367
2012-02-11,0.0010789521923078294
2012-02-12,0.0012885502879630849
2012-02-13,0.0013330852936649675
2012-02-14,0.0011825387797907594
2012-02-15,0.0010733149564997942
2012-02-16,0.001084682166152611
2012-02-17,0.0010390110651749937
2012-02-18,0.0010904170182401015
2012-02-19,0.0011469740314755618
2012-02-20,0.0024663406910424104
2012-02-21,0.003908975386719658
2012-02-22,0.0015376382118711318
2012-02-23,0.0011910386794440097
2012-02-24,0.0011383304841939077
2012-02-25,0.0011441857006435165
2012-02-26,0.0011369996874104145
2012-02-27,0.0013396184463016214
2012-02-28,0.0013272678795097717
2012-02-29,0.001268819414546835
2012-03-01,0.0014042357607479603
2012-03-02,0.0013951157310007375
2012-03-03,0.0017220007395383496
2012-03-04,0.004109082650527708
2012-03-05,0.0035687520650763693
2012-03-06,0.0016602565525133716
2012-03-07,0.0019907967658598005
2012-03-08,0.0017444897296375191
2012-03-09,0.0015752678938505142
2012-03-10,0.001698092800789364
2012-03-11,0.001362233645808699
2012-03-12,0.0015503093705707355
2012-03-13,0.001551462099637164
2012-03-14,0.0015899288410777324
2012-03-15,0.0014990022177849452
2012-03-16,0.0016398784382889574
2012-03-17,0.0020825778398558107
2012-03-18,0.0032332669146928955
2012-03-19,0.015051855366414336
2012-03-20,0.0067551737741918345
2012-03-21,0.0020918438633068083
2012-03-22,0.002037156659956281
2012-03-23,0.002132948242469561
2012-03-24,0.0028169627582655347
2012-03-25,0.0036248918567410742
2012-03-26,0.004876285499384466
2012-03-27,0.002325122719071053
2012-03-28,0.0032001441943824717
2012-03-29,0.0029523770898287355
2012-03-30,0.0033746870036002233
2012-03-31,0.0037401006777300445
2012-04-01,0.005306604267615957
2012-04-02,0.0059222222331941545
2012-04-03,0.005974867992026885
2012-04-04,0.005627121072197858
2012-04-05,0.005807802537350283
2012-04-06,0.005609671480112126
2012-04-07,0.005862555578217204
2012-04-08,0.006281596317172395
2012-04-09,0.007564720532519175
2012-04-10,0.006892338799600615
2012-04-11,0.005706767919204956
2012-04-12,0.004831298753924604
2012-04-13,0.004072843156765432
2012-04-14,0.004077083300615658
2012-04-15,0.004168308530909763
2012-04-16,0.004853869748111581
2012-04-17,0.004662062071737951
2012-04-18,0.00495210499418394
2012-04-19,0.004788146021671043
2012-04-20,0.00835922996303737
2012-04-21,0.007454559827039681
2012-04-22,0.005499780009577245
2012-04-23,0.005825641319618971
2012-04-24,0.006765291284763471
2012-04-25,0.0073326232294388775
2012-04-26,0.009209698777616215
2012-04-27,0.010174468624965165
2012-04-28,0.01110708180032983
2012-04-29,0.009520393700825932
2012-04-30,0.007349850873839765
2012-05-01,0.006498003523043688
2012-05-02,0.006019232508444192
2012-05-03,0.007200280356988612
2012-05-04,0.008546755478261087
2012-05-05,0.010887311974562955
2012-05-06,0.018224557541514502
2012-05-07,0.013406342812757108
2012-05-08,0.02192584769206891
2012-05-09,0.025194993036066704
2012-05-10,0.028698270908812964
2012-05-11,0.02938730294971026
2012-05-12,0.01995209413245203
2012-05-13,0.017077942187187996
2012-05-14,0.019961784166269373
2012-05-15,0.026827390601533236
2012-05-16,0.029783773973288817
2012-05-17,0.027459858739178035
2012-05-18,0.03407235390458275
2012-05-19,0.033293206312985775
2012-05-20,0.03228667160393145
2012-05-21,0.030955489884482837
2012-05-22,0.026935233713252432
2012-05-23,0.024155071609020216
2012-05-24,0.02642748929158144
2012-05-25,0.03388974587709464
2012-05-26,0.038097661827341464
2012-05-27,0.031011035529151708
2012-05-28,0.03511972417757976
2012-05-29,0.04085530015804742
2012-05-30,0.04584882263044662
2012-05-31,0.051273298675574314
2012-06-01,0.052350957025112284
2012-06-02,0.04513597793532465
2012-06-03,0.04017380430933479
2012-06-04,0.041925640838279266
2012-06-05,0.044413942729627696
2012-06-06,0.04357857405807212
2012-06-07,0.04797674917163317
2012-06-08,0.049350401124854906
2012-06-09,0.04659897787902807
2012-06-10,0.04532867634062884
2012-06-11,0.05083073756606413
2012-06-12,0.05413955487425062
2012-06-13,0.06148834276693485
2012-06-14,0.0636579400657803
2012-06-15,0.0671609157884308
2012-06-16,0.06777148780244098
2012-06-17,0.07480021025477647
2012-06-18,0.07711008043018486
2012-06-19,0.08950382338919649
2012-06-20,0.08614175006498227
2012-06-21,0.09376173096181534
2012-06-22,0.10551503671334049
2012-06-23,0.10666391229167119
2012-06-24,0.10621726347007114
2012-06-25,0.09847570985688833
2012-06-26,0.08838824845997238
2012-06-27,0.07787129684580683
2012-06-28,0.08101272530415067
2012-06-29,0.08675681848999373
2012-06-30,0.09227316980980782
2012-07-01,0.09627993021464229
2012-07-02,0.10187361756282112
2012-07-03,0.10497266470707846
2012-07-04,0.1033345000494575
2012-07-05,0.09975993190480506
2012-07-06,0.09486587076215354
2012-07-07,0.09090745853007011
2012-07-08,0.0825634154369199
2012-07-09,0.08346269730987858
2012-07-10,0.08042580982857049
2012-07-11,0.07352523991271584
2012-07-12,0.07071670770816338
2012-07-13,0.06313525404889807
2012-07-14,0.05619053152651937
2012-07-15,0.05177096781799684
2012-07-16,0.04542677889555333
2012-07-17,0.03861578814619995
2012-07-18,0.03841748543291163
2012-07-19,0.0382935688902433
2012-07-20,0.03558479843319144
2012-07-21,0.03330512385363392
2012-07-22,0.03276277333362161
2012-07-23,0.03276755476059836
2012-07-24,0.03270369738601386
2012-07-25,0.031280549189790306
2012-07-26,0.028334362312819585
2012-07-27,0.02372835430311815
2012-07-28,0.018642093786496183
2012-07-29,0.0178298150729434
2012-07-30,0.01745667609546354
2012-07-31,0.018331087635164705
2012-08-01,0.019662794642472035
2012-08-02,0.02018224298158629
2012-08-03,0.02123378914242582
2012-08-04,0.028674438242136908
2012-08-05,0.019952881193126343
2012-08-06,0.015092273343336831
2012-08-07,0.012365614209846778
2012-08-08,0.009999823225311098
2012-08-09,0.009173558057670306
2012-08-10,0.010703517851688285
2012-08-11,0.013719134694761385
2012-08-12,0.01337629815763396
2012-08-13,0.01350405445653919
2012-08-14,0.01322803453492735
2012-08-15,0.016233699121517904
2012-08-16,0.021733090765458228
2012-08-17,0.01993378258244399
2012-08-18,0.013825830834044336
2012-08-19,0.013186725175574893
2012-08-20,0.013824405575800303
2012-08-21,0.013243140493791517
2012-08-22,0.013033990842068832
2012-08-23,0.014136700767420154
2012-08-24,0.013945109828943364
2012-08-25,0.015395730139084806
2012-08-26,0.023826939621099393
2012-08-27,0.014932165260989732
2012-08-28,0.012389051095859248
2012-08-29,0.011336340168529966
2012-08-30,0.009483807912535742
2012-08-31,0.0076076753635785825
2012-09-01,0.006887947773031032
2012-09-02,0.009058425734170619
2012-09-03,0.01145407627657342
2012-09-04,0.012624226141823928
2012-09-05,0.016142518116979105
2012-09-06,0.017479309405567724
2012-09-07,0.02093442011287315
2012-09-08,0.023096501050583324
2012-09-09,0.020407999387202287
2012-09-10,0.017324084776385106
2012-09-11,0.012845283964543926
2012-09-12,0.010524773124009939
2012-09-13,0.0108053072424345
2012-09-14,0.012010642805904215
2012-09-15,0.008456598319725107
2012-09-16,0.008626090981584093
2012-09-17,0.02960328298396469
2012-09-18,0.016850354175498808
2012-09-19,0.008603264527821794
2012-09-20,0.007742184283735977
2012-09-21,0.008665896379530877
2012-09-22,0.009637904301500543
2012-09-23,0.008091153978404852
2012-09-24,0.00766843336149918
2012-09-25,0.007946971122016106
2012-09-26,0.008230427490753265
2012-09-27,0.007783348547195437
2012-09-28,0.006711283974422338
2012-09-29,0.0068683161176407576
2012-09-30,0.006843411545453284
2012-10-01,0.005713544894577092
2012-10-02,0.005713138394693248
2012-10-03,0.006216760603672408
2012-10-04,0.005787935781149025
2012-10-05,0.005376698742198244
2012-10-06,0.0055506856834630644
2012-10-07,0.0056133892759858825
2012-10-08,0.005071228398589321
2012-10-09,0.0050319304975362045
2012-10-10,0.006718638537475879
2012-10-11,0.006718339635680953
2012-10-12,0.005237848824894874
2012-10-13,0.0054719728963277025
2012-10-14,0.005507768123311916
2012-10-15,0.005856213668109463
2012-10-16,0.006503023323268539
2012-10-17,0.005904675251043307
2012-10-18,0.005256940338303335
2012-10-19,0.0054029406461104336
2012-10-20,0.004833650136733147
2012-10-21,0.004790404093117036
2012-10-22,0.0039909895990867215
2012-10-23,0.003990405144056052
2012-10-24,0.003974462368371649
2012-10-25,0.003938811844608531
2012-10-26,0.0038398011291963462
2012-10-27,0.003918810775350745
2012-10-28,0.00418381005786653
2012-10-29,0.0044171968089179855
2012-10-30,0.0040960054719877395
2012-10-31,0.004221703446648549
2012-11-01,0.004165336895370855
2012-11-02,0.004112631329930041
2012-11-03,0.003910769992858531
2012-11-04,0.0037687409422662763
2012-11-05,0.0036448851615822463
2012-11-06,0.003828977211353618
2012-11-07,0.0035256006911482235
2012-11-08,0.0034490420562026266
2012-11-09,0.0034043507009748225
2012-11-10,0.0035819340668763163
2012-11-11,0.003634928100787157
2012-11-12,0.003584868496740805
2012-11-13,0.0035178878319543625
2012-11-14,0.0032941686034573085
2012-11-15,0.0031639322283215547
2012-11-16,0.0034820625264812438
2012-11-17,0.003606406867048039
2012-11-18,0.0034146440192816705
2012-11-19,0.00334166230118069
2012-11-20,0.0031023851101799472
2012-11-21,0.0030840063204011035
2012-11-22,0.00341834771075567
2012-11-23,0.0029761228408391573
2012-11-24,0.0028839010015411404
2012-11-25,0.0027614883109343064
2012-11-26,0.002726342668171961
2012-11-27,0.0027157119276895987
2012-11-28,0.0030297252436123972
2012-11-29,0.0026037992560775645
2012-11-30,0.002339479007173317
2012-12-01,0.00227245954445616
2012-12-02,0.0022496618673696275
2012-12-03,0.002178729276303968
2012-12-04,0.002157703038941881
2012-12-05,0.0021853391850936606
2012-12-06,0.0021562090452939076
2012-12-07,0.002133831979055666
2012-12-08,0.0021654765225898195
2012-12-09,0.002011754594567654
2012-12-10,0.0019880116427266853
2012-12-11,0.0019767599023421617
2012-12-12,0.0019338397520176408
2012-12-13,0.002164137819683371
2012-12-14,0.0021748870329714705
2012-12-15,0.0020682309043972345
2012-12-16,0.0019799926507243454
2012-12-17,0.0018620215182643923
2012-12-18,0.0019051005993486621
2012-12-19,0.0017999363612334997
2012-12-20,0.0017619435669682909
2012-12-21,0.0017398337535481007
2012-12-22,0.0017215891533977703
2012-12-23,0.0017032776429797751
2012-12-24,0.0017105877521431622
2012-12-25,0.0016706522090771756
2012-12-26,0.001652467302627395
2012-12-27,0.001798950349843716
2012-12-28,0.002553446127183987
2012-12-29,0.0017797870943113369
2012-12-30,0.0016094838433881027
2012-12-31,0.0015770024286025919
2013-01-01,0.0015581370211860987
2013-01-02,0.0015360242250445518
2013-01-03,0.0015183976504019201
2013-01-04,0.001498406910244041
2013-01-05,0.0014803288902309046
2013-01-06,0.001466254555844829
2013-01-07,0.0014478841215383239
2013-01-08,0.0014351369386125356
2013-01-09,0.0014372927665569906
2013-01-10,0.001415137783528435
2013-01-11,0.0014282810509220728
2013-01-12,0.002196542443186402
2013-01-13,0.0014400434046957281
2013-01-14,0.0013746022178139062
2013-01-15,0.001363112518901412
2013-01-16,0.0013848716137234965
2013-01-17,0.0016175261365151507
2013-01-18,0.0013869685651938639
2013-01-19,0.0013289664962317625
2013-01-20,0.001300971836288568
2013-01-21,0.0012860644181969538
2013-01-22,0.0012713631735487797
2013-01-23,0.0012947403459807876
2013-01-24,0.0012570530212453201
2013-01-25,0.0012404304652066718
2013-01-26,0.0012251618642088462
2013-01-27,0.0012091164132818379
2013-01-28,0.0011970941020426477
2013-01-29,0.0011807696665095838
2013-01-30,0.0011671509239475416
2013-01-31,0.0012351346807719795
2013-02-01,0.0011594662247666335
2013-02-02,0.0012157305766874855
2013-02-03,0.0018713925358866377
2013-02-04,0.011978113787576952
2013-02-05,0.007900385344463825
2013-02-06,0.0015733732634569508
2013-02-07,0.0012004104553734614
2013-02-08,0.001184578850166868
2013-02-09,0.0011924947044707906
2013-02-10,0.0012062387782092857
2013-02-11,0.0012184405876703689
2013-02-12,0.0012678904327907954
2013-02-13,0.0012567843320552916
2013-02-14,0.001493374540764567
2013-02-15,0.002104751239194798
2013-02-16,0.0015361562973222533
2013-02-17,0.0014055783326312357
2013-02-18,0.0013733059643887661
2013-02-19,0.001341164711769681
2013-02-20,0.0014456946021187429
2013-02-21,0.0013473206101958092
2013-02-22,0.003018892569996078
2013-02-23,0.001567474718404297
2013-02-24,0.0012845943497088708
2013-02-25,0.0013232778551971788
2013-02-26,0.0017751909494389741
2013-02-27,0.007611619349718265
2013-02-28,0.0021857484496347486
2013-03-01,0.0014584135908956737
2013-03-02,0.0014603567461516638
2013-03-03,0.0014902660961500086
2013-03-04,0.0015689511216301982
2013-03-05,0.0016195283297580569
2013-03-06,0.0016835985838564757
2013-03-07,0.0017588096591713532
2013-03-08,0.0020330566334573054
2013-03-09,0.004728482784352814
2013-03-10,0.002409171151488689
2013-03-11,0.0020326355212744816
2013-03-12,0.0020032110348830886
2013-03-13,0.0037327914724763376
2013-03-14,0.005768927582486956
2013-03-15,0.0021499095283685895
2013-03-16,0.002063918115846549
2013-03-17,0.002687484165660699
2013-03-18,0.0027147271073232697
2013-03-19,0.002805664131484661
2013-03-20,0.0033340011508960475
2013-03-21,0.003928921652965202
2013-03-22,0.0027529770589782183
2013-03-23,0.0034101566953217474
2013-03-24,0.004632319410300804
2013-03-25,0.0030679171198890877
2013-03-26,0.002839060100697168
2013-03-27,0.0030573626738221423
2013-03-28,0.003263101233458044
2013-03-29,0.0038564974771928087
2013-03-30,0.003835717620189193
2013-03-31,0.0038367721270862265
2013-04-01,0.004031109339486984
2013-04-02,0.004584261926044475
2013-04-03,0.004179628235475037
2013-04-04,0.0031847058501773716
2013-04-05,0.0032461977285796265
2013-04-06,0.0032448839642681333
2013-04-07,0.0030899362160483547
2013-04-08,0.0037238833856705444
2013-04-09,0.004846503196891651
2013-04-10,0.004971087310345212
2013-04-11,0.00498220373847119
2013-04-12,0.00490968576510898
2013-04-13,0.005431510098307985
2013-04-14,0.005801822003420348
2013-04-15,0.00646083657798047
2013-04-16,0.006718786640189802
2013-04-17,0.003635761161104423
2013-04-18,0.003477311713094441
2013-04-19,0.004322571691569321
2013-04-20,0.00352430415642597
2013-04-21,0.004179771879051277
2013-04-22,0.004150231129351482
2013-04-23,0.005395912196287233
2013-04-24,0.007435745957008487
2013-04-25,0.007988126991142848
2013-04-26,0.007513363255480932
2013-04-27,0.007424448503612917
2013-04-28,0.007111256075151012
2013-04-29,0.009517143917108162
2013-04-30,0.008164164948883805
2013-05-01,0.007032962791130065
2013-05-02,0.005756063544001581
2013-05-03,0.006653948773690999
2013-05-04,0.008314076602549505
2013-05-05,0.008560491591801151
2013-05-06,0.00822773565261152
2013-05-07,0.009337696396907166
2013-05-08,0.011515585709189882
2013-05-09,0.012494746193796284
2013-05-10,0.013707461632543995
2013-05-11,0.01838636249263801
2013-05-12,0.017571657418744953
2013-05-13,0.017419751856460112
2013-05-14,0.0167496914786876
2013-05-15,0.01571820524328013
2013-05-16,0.01589095179784513
2013-05-17,0.0186356642157515
2013-05-18,0.02232063024887669
2013-05-19,0.027320919040920055
2013-05-20,0.03565122587481074
2013-05-21,0.034126150065763285
2013-05-22,0.03557210553302255
2013-05-23,0.03559001657721847
2013-05-24,0.0393236179801543
2013-05-25,0.05044171337025079
2013-05-26,0.050751513956089234
2013-05-27,0.03225328228938707
2013-05-28,0.020023244399769876
2013-05-29,0.017612782533922334
2013-05-30,0.021970620346966927
2013-05-31,0.027970567482777757
2013-06-01,0.037285356491024955
2013-06-02,0.05190404026599113
2013-06-03,0.07294256805276603
2013-06-04,0.08682687824178213
2013-06-05,0.08745478132021903
2013-06-06,0.08348375590267264
2013-06-07,0.08092463700661279
2013-06-08,0.08264058238600068
2013-06-09,0.0933235351701397
2013-06-10,0.10651471874460136
2013-06-11,0.10927046248153235
2013-06-12,0.10255117546663016
2013-06-13,0.10961822939621829
2013-06-14,0.10312757861111703
2013-06-15,0.06254412041176519
2013-06-16,0.04048921694929794
2013-06-17,0.03471723275428815
2013-06-18,0.04080040838538858
2013-06-19,0.04290747827668289
2013-06-20,0.05044151238124067
2013-06-21,0.066840444110781
2013-06-22,0.08663327709818854
2013-06-23,0.09936332987188397
2013-06-24,0.10996249961733243
2013-06-25,0.1182412651440493
2013-06-26,0.12316309168410758
2013-06-27,0.11298132895172197
2013-06-28,0.12084345752105562
2013-06-29,0.11258578943974473
2013-06-30,0.10447057824663399
2013-07-01,0.09427732324858755
2013-07-02,0.08230467265212706
2013-07-03,0.08788964989878005
2013-07-04,0.08638181944390153
2013-07-05,0.08601706994062347
2013-07-06,0.08727027884200002
2013-07-07,0.09049785613004913
2013-07-08,0.08712777862639466
2013-07-09,0.06957854430655169
2013-07-10,0.05802876205279558
2013-07-11,0.0593337012324133
2013-07-12,0.05454868874386567
2013-07-13,0.04922697292382393
2013-07-14,0.04801470111691314
2013-07-15,0.04770862492696518
2013-07-16,0.054957440996237235
2013-07-17,0.052529490508142616
2013-07-18,0.04965879315142797
2013-07-19,0.04770520619807963
2013-07-20,0.04737829866103325
2013-07-21,0.04623792137617161
2013-07-22,0.04281250150487494
2013-07-23,0.038577907037404206
2013-07-24,0.03695305505810223
2013-07-25,0.03063931625364971
2013-07-26,0.025686409215439777
2013-07-27,0.02433765252909826
2013-07-28,0.022793862815260954
2013-07-29,0.021716133646677373
2013-07-30,0.02294696977615933
2013-07-31,0.020959889502976517
2013-08-01,0.02641460619924247
2013-08-02,0.03164558757263316
2013-08-03,0.02943001069340307
2013-08-04,0.028329068628496826
2013-08-05,0.02174077519550538
2013-08-06,0.018759060308580544
2013-08-07,0.0172042862901321
2013-08-08,0.01559244636779681
2013-08-09,0.013123376245605731
2013-08-10,0.013063739055800296
2013-08-11,0.016384795477615507
2013-08-12,0.016970722777077445
2013-08-13,0.046296955496486124
2013-08-14,0.10429752068955586
2013-08-15,0.031558534712978675
2013-08-16,0.02222115893356571
2013-08-17,0.02338387398928733
2013-08-18,0.018837963595473958
2013-08-19,0.020411890656210904
2013-08-20,0.016612126760916324
2013-08-21,0.013446146229625955
2013-08-22,0.012743380481640261
2013-08-23,0.011629717547242392
2013-08-24,0.014673255667814685
2013-08-25,0.01553134590499666
2013-08-26,0.010598156230378778
2013-08-27,0.010131093114329043
2013-08-28,0.011373906586335851
2013-08-29,0.01616962124060199
2013-08-30,0.014095719476546349
2013-08-31,0.010906787273096245
2013-09-01,0.010936293332669583
2013-09-02,0.010090415786390819
2013-09-03,0.009723118217328486
2013-09-04,0.008827653884609996
2013-09-05,0.007391541867397068
2013-09-06,0.006111162659774718
2013-09-07,0.005740741780625933
2013-09-08,0.0071065718722200895
2013-09-09,0.007693713473314254
2013-09-10,0.007016507480581618
2013-09-11,0.00656176506229901
2013-09-12,0.00941787501945353
2013-09-13,0.01136589607467254
2013-09-14,0.008901489524588751
2013-09-15,0.00892729606741039
2013-09-16,0.008277639731567867
2013-09-17,0.006575755353715221
2013-09-18,0.005948562569499411
2013-09-19,0.005301980530994681
2013-09-20,0.004995081956637956
2013-09-21,0.004984310312395874
2013-09-22,0.004795147038780053
2013-09-23,0.005447183615659506
2013-09-24,0.0054742098760866605
2013-09-25,0.004642190355287042
2013-09-26,0.00438570359023624
2013-09-27,0.0045236528522793334
2013-09-28,0.006546076604886909
2013-09-29,0.005409631182184566
2013-09-30,0.005202434132267992
2013-10-01,0.0055413701789703024
2013-10-02,0.005168816105540079
2013-10-03,0.004584680477038588
2013-10-04,0.004224027174238839
2013-10-05,0.004112178293009962
2013-10-06,0.004050795020533012
2013-10-07,0.004006366310379547
2013-10-08,0.003998844889723579
2013-10-09,0.0040286416021619855
2013-10-10,0.00446291296802363
2013-10-11,0.00450818403304942
2013-10-12,0.0051945425798969715
2013-10-13,0.005845649977813663
2013-10-14,0.005244598872271795
2013-10-15,0.00455168048679317
2013-10-16,0.00464380550642402
2013-10-17,0.004946474296015504
2013-10-18,0.00453463324667384
2013-10-19,0.004043922324409649
2013-10-20,0.004007397874297787
2013-10-21,0.003990767371190087
2013-10-22,0.004037700518228896
2013-10-23,0.004210058726171864
2013-10-24,0.004374259240842584
2013-10-25,0.003971226440318373
2013-10-26,0.004003569194630925
2013-10-27,0.004195565951349601
2013-10-28,0.003547006266222557
2013-10-29,0.0036979144656614647
2013-10-30,0.004180885042187643
2013-10-31,0.003806968411379051
2013-11-01,0.0033961717650759595
2013-11-02,0.00315712828711721
2013-11-03,0.0032621750875543015
2013-11-04,0.003245932167245341
2013-11-05,0.003633002803464738
2013-11-06,0.0038193312568446935
2013-11-07,0.0036873307955013683
2013-11-08,0.0030740078516564378
2013-11-09,0.0028363289187806466
2013-11-10,0.0027426843521462262
2013-11-11,0.0027515065401173826
2013-11-12,0.002606017702619169
2013-11-13,0.002610594074119981
2013-11-14,0.002544805404114417
2013-11-15,0.002523268041923501
2013-11-16,0.002543013571774247
2013-11-17,0.0025575230489251785
2013-11-18,0.002551376985859361
2013-11-19,0.0027663753139667243
2013-11-20,0.0026400129074637037
2013-11-21,0.002583614199098821
2013-11-22,0.0026567892281208817
2013-11-23,0.002875981674872015
2013-11-24,0.0029552054605790253
2013-11-25,0.0028311745244660245
2013-11-26,0.00255964162532961
2013-11-27,0.0025490297502753123
2013-11-28,0.002484084689864323
2013-11-29,0.002344123987618954
2013-11-30,0.0023051318448545433
2013-12-01,0.0024014833747713453
2013-12-02,0.0022930041181225525
2013-12-03,0.002240800606563244
2013-12-04,0.0021013078372065968
2013-12-05,0.0021887686641459798
2013-12-06,0.0023588538600179294
2013-12-07,0.002371705209246419
2013-12-08,0.0025797599904260446
2013-12-09,0.002199699261498942
2013-12-10,0.0020174494066680622
2013-12-11,0.0020664557752484826
2013-12-12,0.001935503305355401
2013-12-13,0.0018999503287670072
2013-12-14,0.0018558454442357494
2013-12-15,0.0021314622369170647
2013-12-16,0.0023651752326371268
2013-12-17,0.0022458776636503602
2013-12-18,0.0019335630939626973
2013-12-19,0.0017326865410588193
2013-12-20,0.0017820233444265136
2013-12-21,0.0016971254110853065
2013-12-22,0.0017585525705995269
2013-12-23,0.0015916091315271328
2013-12-24,0.0017850210103402889
2013-12-25,0.0016966001543038578
2013-12-26,0.0016095993263410431
2013-12-27,0.0015553436513557157
2013-12-28,0.0014738347584971063
2013-12-29,0.0014395481509953468
2013-12-30,0.0014288468519713302
2013-12-31,0.0014520400948604976
2014-01-01,0.001480162299864642
2014-01-02,0.001502112753916062
2014-01-03,0.001513844082139975
2014-01-04,0.0014456765246204219
2014-01-05,0.0014564668662130518
2014-01-06,0.0013589340977924976
2014-01-07,0.0012995907356955164
2014-01-08,0.001325886017282429
2014-01-09,0.0014425993789503155
2014-01-10,0.0013078318558874564
2014-01-11,0.0012707586707491356
2014-01-12,0.001320288565925189
2014-01-13,0.0013036432622191916
2014-01-14,0.0012724073455108822
2014-01-15,0.001233326531326949
2014-01-16,0.0012164410555366013
2014-01-17,0.00121097437312265
2014-01-18,0.001192161934291533
2014-01-19,0.001170921248295108
2014-01-20,0.0011713170754644626
2014-01-21,0.0011898283078257096
2014-01-22,0.0012675771179480586
2014-01-23,0.0011839399286002205
2014-01-24,0.0011299518176440043
2014-01-25,0.0011137066537247541
2014-01-26,0.001107021280021905
2014-01-27,0.0010882988388006588
2014-01-28,0.0010788578397416691
2014-01-29,0.0010712720536237143
2014-01-30,0.0010707775411683213
2014-01-31,0.0011023554706487404
2014-02-01,0.001104940220952688
2014-02-02,0.0012794323523688516
2014-02-03,0.001983663292348358
2014-02-04,0.0013219644620737852
2014-02-05,0.0013132412492077087
2014-02-06,0.0012831298531770432
2014-02-07,0.001201459517037217
2014-02-08,0.0010392168888269419
2014-02-09,0.0010060626763119518
2014-02-10,0.0010011629522088195
2014-02-11,0.0010007584480168587
2014-02-12,0.00098978001976971
2014-02-13,0.0009842702633459436
2014-02-14,0.001010692393896229
2014-02-15,0.0010170902557971406
2014-02-16,0.0009874456882369457
2014-02-17,0.0009772333910153513
2014-02-18,0.0009794494082723023
2014-02-19,0.0009831211419309256
2014-02-20,0.0010941606447579957
2014-02-21,0.0010743628892212296
2014-02-22,0.0011056206674010761
2014-02-23,0.0010434369374777107
2014-02-24,0.0010541068153820782
2014-02-25,0.001091747195811541
2014-02-26,0.001066847572109594
2014-02-27,0.0013035180836802776
2014-02-28,0.0010900962908327444
2014-03-01,0.0011400575147488198
2014-03-02,0.001110941586676036
2014-03-03,0.0010582522066792455
2014-03-04,0.0012668876767701553
2014-03-05,0.0011215305910112696
2014-03-06,0.0010330434383572552
2014-03-07,0.0010398309149314412
2014-03-08,0.0011490213030086421
2014-03-09,0.0024423504788699557
2014-03-10,0.00607621571131505
2014-03-11,0.0060879295308852
2014-03-12,0.0014389111919002023
2014-03-13,0.0011261608611901565
2014-03-14,0.0014837726579117745
2014-03-15,0.0035513582350068158
2014-03-16,0.004811734692336951
2014-03-17,0.011674710553553519
2014-03-18,0.004170597712225337
2014-03-19,0.0015822586908549627
2014-03-20,0.0014579078161844601
2014-03-21,0.001965228944657462
2014-03-22,0.0020494847543271856
2014-03-23,0.0019457880771486188
2014-03-24,0.004690691624506575
2014-03-25,0.004139875985776287
2014-03-26,0.0020047655078369838
2014-03-27,0.0019506025880102764
2014-03-28,0.003533316534355267
2014-03-29,0.003114677252130163
2014-03-30,0.0021993047022431556
2014-03-31,0.0021605164957595553
2014-04-01,0.002290407269897379
2014-04-02,0.002234720680121162
2014-04-03,0.003037855930223359
2014-04-04,0.0030808107035268473
2014-04-05,0.0036820083912330833
2014-04-06,0.005725931531364274
2014-04-07,0.004153724686277046
2014-04-08,0.0030478830395246643
2014-04-09,0.0027804401848666627
2014-04-10,0.002975350542536065
2014-04-11,0.0033806107318230913
2014-04-12,0.0031220002858832786
2014-04-13,0.004056996659796093
2014-04-14,0.0029466741514142156
2014-04-15,0.003374555437677516
2014-04-16,0.0038492365699355473
2014-04-17,0.004317003383629127
2014-04-18,0.0035403668925986344
2014-04-19,0.0032594323498526426
2014-04-20,0.002630788740088673
2014-04-21,0.0025504992389142147
2014-04-22,0.003923226468735931
2014-04-23,0.004121211380607953
2014-04-24,0.004313036481503661
2014-04-25,0.005714142280440938
2014-04-26,0.0052232840195339135
2014-04-27,0.005005412486146778
2014-04-28,0.005749824007241231
2014-04-29,0.0068626881191251815
2014-04-30,0.006923714949213323
2014-05-01,0.00894556059476527
2014-05-02,0.010213143861861685
2014-05-03,0.011181630503872352
2014-05-04,0.01639167467309175
2014-05-05,0.017869279739071542
2014-05-06,0.025330878673275478
2014-05-07,0.030878330065728717
2014-05-08,0.03858807540636247
2014-05-09,0.04989963281890658
2014-05-10,0.052252978764738243
2014-05-11,0.044331660960725494
2014-05-12,0.027284578306499715
2014-05-13,0.01710154396293921
2014-05-14,0.009066627722913246
2014-05-15,0.0101658579930412
2014-05-16,0.013796958682164552
2014-05-17,0.023403592947939603
2014-05-18,0.04318007083039795
2014-05-19,0.05159293209664966
2014-05-20,0.04708922843170124
2014-05-21,0.04488742899353943
2014-05-22,0.030653779316208045
2014-05-23,0.021226132186006833
2014-05-24,0.020391426230223733
2014-05-25,0.02428699206169455
2014-05-26,0.0355599548963463
2014-05-27,0.0445861158902691
2014-05-28,0.0509346684136214
2014-05-29,0.06180870462209298
2014-05-30,0.05778312766596981
2014-05-31,0.049164052285873706
2014-06-01,0.035697602129427096
2014-06-02,0.027611284930836325
2014-06-03,0.032736319818873184
2014-06-04,0.04543599077574865
2014-06-05,0.05533045556252124
2014-06-06,0.06562117014788588
2014-06-07,0.07414844015124757
2014-06-08,0.07320581871865775
2014-06-09,0.06925488449945176
2014-06-10,0.060965127953526786
2014-06-11,0.05911945881509164
2014-06-12,0.062943681525651
2014-06-13,0.06625674803687091
2014-06-14,0.0758358715300187
2014-06-15,0.08328761999700267
2014-06-16,0.08921881439621118
2014-06-17,0.09094250635337592
2014-06-18,0.08859204113953291
2014-06-19,0.10390313051913658
2014-06-20,0.09552373714550151
2014-06-21,0.09389543729843096
2014-06-22,0.08465551920314641
2014-06-23,0.08191457592736144
2014-06-24,0.07898229430150043
2014-06-25,0.08117354619357763
2014-06-26,0.0845818534388549
2014-06-27,0.0944651033052507
2014-06-28,0.09569800982781498
2014-06-29,0.0962411103279233
2014-06-30,0.09899821140144466
2014-07-01,0.09399327244611698
2014-07-02,0.09484522393949019
2014-07-03,0.07578831361261484
2014-07-04,0.07137208509368748
2014-07-05,0.05498061991008639
2014-07-06,0.05529951648095964
2014-07-07,0.053117699104003324
2014-07-08,0.04818217779876291
2014-07-09,0.046162922493047404
2014-07-10,0.05285008917507381
2014-07-11,0.057112054570701384
2014-07-12,0.06138291422618642
2014-07-13,0.06062022076712677
2014-07-14,0.05864718008876312
2014-07-15,0.057267960445149695
2014-07-16,0.05863437535182956
2014-07-17,0.06130039117958152
2014-07-18,0.03787258794221748
2014-07-19,0.03114686729933326
2014-07-20,0.028507059226064457
2014-07-21,0.026233752381940055
2014-07-22,0.027492935811814497
2014-07-23,0.031385758051082374
2014-07-24,0.03194004040014876
2014-07-25,0.034266543186601175
2014-07-26,0.028073404354830914
2014-07-27,0.026642207339669096
2014-07-28,0.02557548159918042
2014-07-29,0.0233157851525767
2014-07-30,0.0257572947463434
2014-07-31,0.020957894464460527
2014-08-01,0.0203399289210719
2014-08-02,0.01899154050550743
2014-08-03,0.01702071606848113
2014-08-04,0.013106282322602174
2014-08-05,0.011460854589438827
2014-08-06,0.011791998061979713
2014-08-07,0.01247360664814286
2014-08-08,0.016307549696823603
2014-08-09,0.015666010170533217
2014-08-10,0.010417448022033567
2014-08-11,0.008626388058997654
2014-08-12,0.00994888570688226
2014-08-13,0.011342198347765953
2014-08-14,0.010470505801795092
2014-08-15,0.015728106828206818
2014-08-16,0.019340640210376445
2014-08-17,0.011203813689420248
2014-08-18,0.007883259573108337
2014-08-19,0.006185326143779975
2014-08-20,0.005410835861011429
2014-08-21,0.005008784596716531
2014-08-22,0.005089874732999218
2014-08-23,0.006035278382149785
2014-08-24,0.00715349104728866
2014-08-25,0.008081017525326887
2014-08-26,0.010790085830143535
2014-08-27,0.010390234435723436
2014-08-28,0.008925116761064892
2014-08-29,0.009942758915029715
2014-08-30,0.008703381051680954
2014-08-31,0.007548369860529224
2014-09-01,0.007614763224235752
2014-09-02,0.011096501926388913
2014-09-03,0.015263055053134175
2014-09-04,0.030773481139274795
2014-09-05,0.042705082907692746
2014-09-06,0.020478785790296772
2014-09-07,0.014631701617079624
2014-09-08,0.01343984655922788
2014-09-09,0.013552560028270955
2014-09-10,0.013501070907629092
2014-09-11,0.014096437246252959
2014-09-12,0.014950357987927852
2014-09-13,0.013358568243561348
2014-09-14,0.012450281418970836
2014-09-15,0.010261962292469333
2014-09-16,0.008325131914576716
2014-09-17,0.008435070735276247
2014-09-18,0.008175783563144112
2014-09-19,0.008787054758085847
2014-09-20,0.009061622653530312
2014-09-21,0.008495978891049649
2014-09-22,0.006594212846061403
2014-09-23,0.0061384792261780395
2014-09-24,0.006713606079826321
2014-09-25,0.008978466970210989
2014-09-26,0.006541066546086096
2014-09-27,0.006142152740575829
2014-09-28,0.006065626243053191
2014-09-29,0.00551298670794153
2014-09-30,0.005018861152669015
2014-10-01,0.004798500552924699
2014-10-02,0.00500505227470157
2014-10-03,0.0049096367958923835
2014-10-04,0.0053006917724761
2014-10-05,0.006535501236119092
2014-10-06,0.0069577990381447284
2014-10-07,0.007090770617520385
2014-10-08,0.008107994261506038
2014-10-09,0.006155479450000094
2014-10-10,0.005587037782794769
2014-10-11,0.005302261471016518
2014-10-12,0.005064613563784549
2014-10-13,0.005510177598749078
2014-10-14,0.006516649429014358
2014-10-15,0.0063639386740546346
2014-10-16,0.005377152892267305
2014-10-17,0.005170794074414784
2014-10-18,0.004889077597281796
2014-10-19,0.005992094219502036
2014-10-20,0.005314723548729705
2014-10-21,0.004641128322195075
2014-10-22,0.004877890309281113
2014-10-23,0.005025390782258615
2014-10-24,0.00548526336301433
2014-10-25,0.004754432607439754
2014-10-26,0.004280071444004237
2014-10-27,0.004351167529958698
2014-10-28,0.00466724844977333
2014-10-29,0.004426462670626694
2014-10-30,0.004195637413103395
2014-10-31,0.0038036074651340585
2014-11-01,0.0039038318703433863
2014-11-02,0.003819556550802755
2014-11-03,0.004005512483936368
2014-11-04,0.004220140998781323
2014-11-05,0.004107481953492494
2014-11-06,0.00473194381257859
2014-11-07,0.005115278296008034
2014-11-08,0.0033170926182786126
2014-11-09,0.0030835377937422077
2014-11-10,0.0029849631921405775
2014-11-11,0.002977685591338148
2014-11-12,0.0029477280220186215
2014-11-13,0.0029469881259997998
2014-11-14,0.0029390576355359547
2014-11-15,0.002900938564446893
2014-11-16,0.0028660376536507534
2014-11-17,0.0028199268674534714
2014-11-18,0.002822601894110578
2014-11-19,0.0028369439511887746
2014-11-20,0.002796042646908137
2014-11-21,0.0027616484703893067
2014-11-22,0.002701669650844299
2014-11-23,0.002624207147356867
2014-11-24,0.002711766248010246
2014-11-25,0.002968502981427359
2014-11-26,0.0027175070703521066
2014-11-27,0.0028403115369946435
2014-11-28,0.002666822355093272
2014-11-29,0.0026181671849616955
2014-11-30,0.0026767493945702744
2014-12-01,0.0025095347317587824
2014-12-02,0.0026957503297992042
2014-12-03,0.002654832785521803
2014-12-04,0.0024861366450285084
2014-12-05,0.002548708951661426
2014-12-06,0.00230990997794704
2014-12-07,0.002389790714556576
2014-12-08,0.0023983543979870007
2014-12-09,0.0023145234981419046
2014-12-10,0.0022358448667226297
2014-12-11,0.002150296545831137
2014-12-12,0.0021729977850416843
2014-12-13,0.002178672688514162
2014-12-14,0.0022637718436192764
2014-12-15,0.0021827410507247852
2014-12-16,0.0021028471825738724
2014-12-17,0.0021160226779858827
2014-12-18,0.0021355098779908713
2014-12-19,0.002074286447303311
2014-12-20,0.0019545484794345797
2014-12-21,0.0019464306834472364
2014-12-22,0.001965066064054331
2014-12-23,0.002011049115526096
2014-12-24,0.0019451793262196915
2014-12-25,0.0019500760889131744
2014-12-26,0.0018400451485468588
2014-12-27,0.0018007123542911204
2014-12-28,0.0017916050036910314
2014-12-29,0.001774744967885244
2014-12-30,0.0017560140133569802
2014-12-31,0.0017455123439874304
2015-01-01,0.0017284138059205857
2015-01-02,0.001714315265660319
2015-01-03,0.0017537254046788404
2015-01-04,0.0016835796751464595
2015-01-05,0.001687893291437197
2015-01-06,0.0016896656249179684
2015-01-07,0.001626494940802649
2015-01-08,0.0016187099301568997
2015-01-09,0.0016262898076404163
2015-01-10,0.0016169528117329942
2015-01-11,0.0016743134165966636
2015-01-12,0.001674394354931548
2015-01-13,0.001874655210790191
2015-01-14,0.0016173553668237496
2015-01-15,0.0015321035318128257
2015-01-16,0.0014992332043554737
2015-01-17,0.001487406454928242
2015-01-18,0.0014773041360206136
2015-01-19,0.0014697564271520661
2015-01-20,0.001475017812415145
2015-01-21,0.0017485201366477284
2015-01-22,0.00172921132979932
2015-01-23,0.0015525100825310608
2015-01-24,0.0014793115111200578
2015-01-25,0.0014914676256579775
2015-01-26,0.0014751545462894677
2015-01-27,0.0014580598291632071
2015-01-28,0.0013732118700251524
2015-01-29,0.00139241949139922
2015-01-30,0.0013721759027541338
2015-01-31,0.0013957299438259066
2015-02-01,0.0016122661999204988
2015-02-02,0.0016289374554958964
2015-02-03,0.0016339079919170554
2015-02-04,0.0013635159854876009
2015-02-05,0.0013180736340807967
2015-02-06,0.0013072996644165214
2015-02-07,0.0013125103776969733
2015-02-08,0.0013257272435634442
2015-02-09,0.0012738530514167191
2015-02-10,0.0012634355436678107
2015-02-11,0.0012688636149061389
2015-02-12,0.0012499974176760802
2015-02-13,0.001268957404164471
2015-02-14,0.0012767284613661055
2015-02-15,0.0013565786359486713
2015-02-16,0.0036940252465739675
2015-02-17,0.0014888793272735234
2015-02-18,0.0018382907286033036
2015-02-19,0.004881396104402442
2015-02-20,0.003223647686440726
2015-02-21,0.0017521086675565593
2015-02-22,0.001573346975464647
2015-02-23,0.0014829119777879285
2015-02-24,0.006500185523374522
2015-02-25,0.005483040644285159
2015-02-26,0.0015840499495182714
2015-02-27,0.001321240058115857
2015-02-28,0.0013202347518537713
2015-03-01,0.0027995018377516795
2015-03-02,0.006140052829825148
2015-03-03,0.0031411946992411692
2015-03-04,0.0018187088086369348
2015-03-05,0.0024592745389438934
2015-03-06,0.0019294785505047675
2015-03-07,0.0030789242779482727
2015-03-08,0.003255831200342763
2015-03-09,0.0022036090870259746
2015-03-10,0.0021097330754701483
2015-03-11,0.00215135221379867
2015-03-12,0.0023222955327910026
2015-03-13,0.0024243689030382055
2015-03-14,0.00259584414788985
2015-03-15,0.002927924346032818
2015-03-16,0.0027905884902718224
2015-03-17,0.002517117694942714
2015-03-18,0.0022934983503041964
2015-03-19,0.0022357524458053897
2015-03-20,0.0023761198798531663
2015-03-21,0.0024694608169650405
2015-03-22,0.0024993438147170167
2015-03-23,0.0025510955209449154
2015-03-24,0.0030706084315825295
2015-03-25,0.0033187774727538107
2015-03-26,0.0027907369020009273
2015-03-27,0.002742889559543784
2015-03-28,0.005277732746161643
2015-03-29,0.004420613603591612
2015-03-30,0.002825201990668727
2015-03-31,0.003978437344449773
2015-04-01,0.013392232030464595
2015-04-02,0.00589954949041546
2015-04-03,0.005936388364551781
2015-04-04,0.0032285663799835294
2015-04-05,0.0027968669362114667
2015-04-06,0.0029642796024343747
2015-04-07,0.003492258360710986
2015-04-08,0.004537775558612656
2015-04-09,0.004123689945010479
2015-04-10,0.004493833889403174
2015-04-11,0.004801451620728411
2015-04-12,0.0065925381414754704
2015-04-13,0.007185996027110244
2015-04-14,0.00847065655642881
2015-04-15,0.008022681398807359
2015-04-16,0.010540989939800504
2015-04-17,0.008735825872184301
2015-04-18,0.007832608222673598
2015-04-19,0.008820223033636882
2015-04-20,0.009865191351148248
2015-04-21,0.004587890488032969
2015-04-22,0.0041761901067648224
2015-04-23,0.004946790359150806
2015-04-24,0.006137012634793388
2015-04-25,0.00790797481634171
2015-04-26,0.010655434469222722
2015-04-27,0.011747060034722702
2015-04-28,0.008157419757045092
2015-04-29,0.007822347798795906
2015-04-30,0.006091687384299282
2015-05-01,0.0053285542279094215
2015-05-02,0.005799511255032181
2015-05-03,0.007035877768599636
2015-05-04,0.008539612199851682
2015-05-05,0.011064329707141633
2015-05-06,0.0130921857941346
2015-05-07,0.01482028377016699
2015-05-08,0.017888813548416073
2015-05-09,0.01934082883467661
2015-05-10,0.02147330852696362
2015-05-11,0.023765285326699796
2015-05-12,0.028965271096913544
2015-05-13,0.030623155698006672
2015-05-14,0.0323423760464854
2015-05-15,0.03374325046106112
2015-05-16,0.03867714276326079
2015-05-17,0.0511659257783655
2015-05-18,0.05526182850862628
2015-05-19,0.042075600213467484
2015-05-20,0.046059671554295134
2015-05-21,0.04911520543653431
2015-05-22,0.05413378972234726
2015-05-23,0.06562254513683259
2015-05-24,0.05033036561432741
2015-05-25,0.031823876753967535
2015-05-26,0.01665767551560261
2015-05-27,0.01357950291249468
2015-05-28,0.01964119238739105
2015-05-29,0.03074568270243293
2015-05-30,0.044761240523599956
2015-05-31,0.040582589382336096
2015-06-01,0.03780089047811361
2015-06-02,0.045524672195723453
2015-06-03,0.04696111656833808
2015-06-04,0.05186314327725116
2015-06-05,0.044700268318052225
2015-06-06,0.057787610095671085
2015-06-07,0.05965238781368668
2015-06-08,0.06712129267158176
2015-06-09,0.07492903901661091
2015-06-10,0.08083667295556392
2015-06-11,0.08028453958158499
2015-06-12,0.07533595952938063
2015-06-13,0.07501500575849698
2015-06-14,0.07784062206364088
2015-06-15,0.08030439393999587
2015-06-16,0.0817901601586719
2015-06-17,0.08216279796670391
2015-06-18,0.08185402514925512
2015-06-19,0.08854932959294837
2015-06-20,0.09591554849394997
2015-06-21,0.09938575509927688
2015-06-22,0.09175653187256684
2015-06-23,0.08906799200849914
2015-06-24,0.05894925818960103
2015-06-25,0.04342199520430426
2015-06-26,0.029970738686164865
2015-06-27,0.03578129060537365
2015-06-28,0.05015246405363104
2015-06-29,0.07063194708050553
2015-06-30,0.07884250669463948
2015-07-01,0.09831822661569554
2015-07-02,0.09953099475920675
2015-07-03,0.10221970466549941
2015-07-04,0.10329467800411107
2015-07-05,0.11081656876342375
2015-07-06,0.11017441998114809
2015-07-07,0.11989510872156975
2015-07-08,0.11526648841290124
2015-07-09,0.1080779591197584
2015-07-10,0.09810844222921603
2015-07-11,0.0706174472871627
2015-07-12,0.07293094201260289
2015-07-13,0.07555325652361983
2015-07-14,0.08468831432067156
2015-07-15,0.08272309233634519
2015-07-16,0.0825589488393627
2015-07-17,0.08185597161761217
2015-07-18,0.08903897832302626
2015-07-19,0.08226176764711451
2015-07-20,0.07990477461638638
2015-07-21,0.07910807777913459
2015-07-22,0.07815752807552279
2015-07-23,0.07641174199249384
2015-07-24,0.06782793969908445
2015-07-25,0.06450704922011109
2015-07-26,0.06944681829646202
2015-07-27,0.07152881423600764
2015-07-28,0.059215938314970365
2015-07-29,0.050017003405454515
2015-07-30,0.04235345921605987
2015-07-31,0.040239823582277165
2015-08-01,0.044934962837523906
2015-08-02,0.05064643092516276
2015-08-03,0.05753411444607712
2015-08-04,0.05868060365922162
2015-08-05,0.03976920421399363
2015-08-06,0.028021279306619153
2015-08-07,0.024015511805433248
2015-08-08,0.021770225708543048
2015-08-09,0.02345756726673275
2015-08-10,0.02589249877576707
2015-08-11,0.023914443121504113
2015-08-12,0.019484306319440516
2015-08-13,0.018828310267442052
2015-08-14,0.017652830824204425
2015-08-15,0.015863433063899705
2015-08-16,0.014744111612539518
2015-08-17,0.013732728683354234
2015-08-18,0.00972997454806293
2015-08-19,0.0089867184271712
2015-08-20,0.009018720379211174
2015-08-21,0.009470985998337676
2015-08-22,0.01204083281843623
2015-08-23,0.01118632424492628
2015-08-24,0.011842426758552118
2015-08-25,0.008814589326580129
2015-08-26,0.007741020426577908
2015-08-27,0.008711082704000069
2015-08-28,0.008623981907916243
2015-08-29,0.008427633434572031
2015-08-30,0.009431453554758657
2015-08-31,0.010394497281311163
2015-09-01,0.007663843739413844
2015-09-02,0.006341274736868633
2015-09-03,0.0077338999178841105
2015-09-04,0.007085180232258772
2015-09-05,0.007898337925375615
2015-09-06,0.009079319541737794
2015-09-07,0.008758532997923679
2015-09-08,0.007670801203199237
2015-09-09,0.006421420019381121
2015-09-10,0.006403755902275756
2015-09-11,0.0067968706951070405
2015-09-12,0.006085332436552012
2015-09-13,0.005381855927449502
2015-09-14,0.006020297745940128
2015-09-15,0.006746450312872732
2015-09-16,0.006855776060166283
2015-09-17,0.0065003214627567096
2015-09-18,0.005868330763593934
2015-09-19,0.0058991419641484496
2015-09-20,0.007512210999243945
2015-09-21,0.00635754517609314
2015-09-22,0.016698585319053584
2015-09-23,0.01237986400356937
2015-09-24,0.007999706070550366
2015-09-25,0.008071929254800107
2015-09-26,0.008732519665073789
2015-09-27,0.0085241585460408
2015-09-28,0.0071834384166634705
2015-09-29,0.007230746541524984
2015-09-30,0.0067854817301190315
2015-10-01,0.006848247461383658
2015-10-02,0.006651011664188948
2015-10-03,0.006558682991903353
2015-10-04,0.006483667628431375
2015-10-05,0.006150250260677695
2015-10-06,0.006238808092352885
2015-10-07,0.005995994728916789
2015-10-08,0.005458946587782472
2015-10-09,0.005367997517356885
2015-10-10,0.005145107696247491
2015-10-11,0.005190419290732106
2015-10-12,0.005309908690345858
2015-10-13,0.004958671291258491
2015-10-14,0.005770954107009964
2015-10-15,0.0055846593230844165
2015-10-16,0.005150521613383981
2015-10-17,0.005834854732488255
2015-10-18,0.006023828410735251
2015-10-19,0.0071888647767010235
2015-10-20,0.004827287940715069
2015-10-21,0.0040137799555463455
2015-10-22,0.003922205862007233
2015-10-23,0.003920771742800901
2015-10-24,0.004489893053458907
2015-10-25,0.006517925208179372
2015-10-26,0.0055712517287605685
2015-10-27,0.003499498395354935
2015-10-28,0.003412263320233458
2015-10-29,0.00351198824442692
2015-10-30,0.003577345639919373
2015-10-31,0.0035967645792726937
2015-11-01,0.0035288207766607555
2015-11-02,0.0036530407931279823
2015-11-03,0.004305819948079981
2015-11-04,0.015805749218685036
2015-11-05,0.004231137962175535
2015-11-06,0.0031456586137579286
2015-11-07,0.0031339000836461926
2015-11-08,0.0031556812232897964
2015-11-09,0.003421667055329772
2015-11-10,0.0031984980055507436
2015-11-11,0.003045320976004683
2015-11-12,0.005093293868996222
2015-11-13,0.003919854102976368
2015-11-14,0.002956865083001086
2015-11-15,0.002882199468722118
2015-11-16,0.002803310175746242
2015-11-17,0.0027738247277246703
2015-11-18,0.002811210920053499
2015-11-19,0.0028949024189263814
2015-11-20,0.002932893266210541
2015-11-21,0.0028743861510911015
2015-11-22,0.0028390724727312957
2015-11-23,0.0028449171855236934
2015-11-24,0.0027546127787636127
2015-11-25,0.0027016566953011896
2015-11-26,0.0027330388478792635
2015-11-27,0.0027435979004600463
2015-11-28,0.0025978374539254927
2015-11-29,0.0025736645925647714
2015-11-30,0.002542638035856923
2015-12-01,0.0025097069520139043
2015-12-02,0.0024792081769100106
2015-12-03,0.002475213787790661
2015-12-04,0.0025473166883910985
2015-12-05,0.0026648152135048033
2015-12-06,0.0025472059734785906
2015-12-07,0.0025095776302934774
2015-12-08,0.0024688284098516437
2015-12-09,0.0025827435426288114
2015-12-10,0.004829237725796188
2015-12-11,0.002778639472900393
2015-12-12,0.0022914056019258376
2015-12-13,0.002271288971062791
2015-12-14,0.0022477754099198633
2015-12-15,0.0022237258466449627
2015-12-16,0.002215012479526587
2015-12-17,0.0022077780497609875
2015-12-18,0.002184546098912405
2015-12-19,0.0021735933417331636
2015-12-20,0.0021626073376647126
2015-12-21,0.0021408482075938717
2015-12-22,0.0022588991132821076
2015-12-23,0.002189626653017284
2015-12-24,0.0020926108182657715
2015-12-25,0.002105559142531762
2015-12-26,0.0021145413655019487
2015-12-27,0.0021655062997777887
2015-12-28,0.002130341803197763
2015-12-29,0.002055558634992332
2015-12-30,0.002017289812278509
2015-12-31,0.0019903894386810407
2016-01-01,0.0019996788341466267
2016-01-02,0.001973075930760817
2016-01-03,0.0019949742113155823
2016-01-04,0.00283660722952324
2016-01-05,0.0020078542905282016
2016-01-06,0.0019040532038988836
2016-01-07,0.0019476596019721325
2016-01-08,0.0019094507170614409
2016-01-09,0.0018673875601899097
2016-01-10,0.0018539101812230275
2016-01-11,0.0018432824484633547
2016-01-12,0.0019247406478532427
2016-01-13,0.0018177403144916794
2016-01-14,0.0018126648707729363
2016-01-15,0.001788332348398332
2016-01-16,0.0017625346129155367
2016-01-17,0.001750275392541211
2016-01-18,0.0017493747673417296
2016-01-19,0.0017188671845226923
2016-01-20,0.0017039232720188616
2016-01-21,0.0016962895905209053
2016-01-22,0.0016887899549419892
2016-01-23,0.0016788001892698683
2016-01-24,0.001671661009504909
2016-01-25,0.0016813758538358715
2016-01-26,0.0017020541447418912
2016-01-27,0.0017985501650862345
2016-01-28,0.0019848774428436983
2016-01-29,0.004895948155192367
2016-01-30,0.002254107597395859
2016-01-31,0.0017004136272384528
2016-02-01,0.0016507021315877828
2016-02-02,0.0016410867195517376
2016-02-03,0.0016283357959713954
2016-02-04,0.0016640267872911874
2016-02-05,0.0017046896853373614
2016-02-06,0.0016684817155384127
2016-02-07,0.0016521437903387027
2016-02-08,0.0016364762946347042
2016-02-09,0.0016545316038927929
2016-02-10,0.0030170500421932275
2016-02-11,0.0029271654350827366
2016-02-12,0.0016845915042460542
2016-02-13,0.001650251969316124
2016-02-14,0.001674997660461992
2016-02-15,0.0016931073056644817
2016-02-16,0.0016782503229239411
2016-02-17,0.0016850494669769943
2016-02-18,0.0017119699874814298
2016-02-19,0.0035211969219254564
2016-02-20,0.002087654612086982
2016-02-21,0.0017427897541495612
2016-02-22,0.0017269243082124583
2016-02-23,0.0017161332196040646
2016-02-24,0.0017506298494740888
2016-02-25,0.0017918258928484672
2016-02-26,0.0017741300541278967
2016-02-27,0.0017996606013587638
2016-02-28,0.0018218762545280296
2016-02-29,0.0018265872404298977
2016-03-01,0.0017872539133768626
2016-03-02,0.0019055175022281514
2016-03-03,0.0020136139131950843
2016-03-04,0.00202442402653014
2016-03-05,0.0020211857802044557
2016-03-06,0.002394367030300011
2016-03-07,0.0023387573698298732
2016-03-08,0.002247531108960475
2016-03-09,0.002240182937000999
2016-03-10,0.0031242859979060435
2016-03-11,0.006093769175494972
2016-03-12,0.008839097884042366
2016-03-13,0.006176066979849265
2016-03-14,0.0044846573493459545
2016-03-15,0.002300386622482461
2016-03-16,0.0026012170155989955
2016-03-17,0.004542649263370788
2016-03-18,0.01261792377032744
2016-03-19,0.015754267024740753
2016-03-20,0.005451197530199881
2016-03-21,0.0040741740820042826
2016-03-22,0.003761214557019386
2016-03-23,0.0037225295883932673
2016-03-24,0.005665670654444828
2016-03-25,0.005747794701122681
2016-03-26,0.006690526763869222
2016-03-27,0.003868747119229977
2016-03-28,0.003923916201770428
2016-03-29,0.004745770942167989
2016-03-30,0.005232530524897246
2016-03-31,0.006355785908369221
2016-04-01,0.005874544139846743
2016-04-02,0.013436940919831657
2016-04-03,0.026370539355892713
2016-04-04,0.007823471675845272
2016-04-05,0.005541820282201091
2016-04-06,0.00570888371357787
2016-04-07,0.005495767221698413
2016-04-08,0.006032245802146174
2016-04-09,0.0070308707961210535
2016-04-10,0.005448436133324259
2016-04-11,0.0063561747480011905
2016-04-12,0.006151781723030353
2016-04-13,0.006301514072284958
2016-04-14,0.007405551835715387
2016-04-15,0.008715964025911092
2016-04-16,0.012298218018419753
2016-04-17,0.011493319510136853
2016-04-18,0.008736756509966553
2016-04-19,0.0067042488219406495
2016-04-20,0.008905827970561702
2016-04-21,0.008449065111138276
2016-04-22,0.008761377942721662
2016-04-23,0.006123293630759993
2016-04-24,0.00648797243289515
2016-04-25,0.007439452963786267
2016-04-26,0.009163300569094961
2016-04-27,0.010612008958172886
2016-04-28,0.009628119012189414
2016-04-29,0.01077074331354627
2016-04-30,0.012778342165191333
2016-05-01,0.014040204735235972
2016-05-02,0.015005348724593068
2016-05-03,0.015090675604907317
2016-05-04,0.016335327439709793
2016-05-05,0.016464655074198885
2016-05-06,0.015216432973729968
2016-05-07,0.016922614965207965
2016-05-08,0.02083678578430471
2016-05-09,0.02529693068755654
2016-05-10,0.03020809280632933
2016-05-11,0.0341565429501609
2016-05-12,0.03972484225138809
2016-05-13,0.03618691704215625
2016-05-14,0.040682841672647026
2016-05-15,0.04318522493843176
2016-05-16,0.03934269568981688
2016-05-17,0.04482317010513893
2016-05-18,0.05451043015042549
2016-05-19,0.06592175179908494
2016-05-20,0.06693306282023032
2016-05-21,0.0727665280339433
2016-05-22,0.07664585307564728
2016-05-23,0.07157566709597375
2016-05-24,0.05029676617757241
2016-05-25,0.04466219346559389
2016-05-26,0.03725560024619371
2016-05-27,0.044187526112163054
2016-05-28,0.05372118598270354
2016-05-29,0.055970743798671944
2016-05-30,0.05321569574859405
2016-05-31,0.05120811506973045
2016-06-01,0.06053262225817149
2016-06-02,0.07754123731584506
2016-06-03,0.08141468140412313
2016-06-04,0.08795453191718892
2016-06-05,0.09580378494864712
2016-06-06,0.09087512733467003
2016-06-07,0.09124777478378135
2016-06-08,0.09939688623416809
2016-06-09,0.1079960271233961
2016-06-10,0.11509954216080487
2016-06-11,0.12855099867540892
2016-06-12,0.14025876738558302
2016-06-13,0.1344764372266883
2016-06-14,0.1403513611699592
2016-06-15,0.14490980400347903
2016-06-16,0.14303970289387208
2016-06-17,0.1420433225396321
2016-06-18,0.13098745441254236
2016-06-19,0.13229421190731538
2016-06-20,0.13258668692480743
2016-06-21,0.13616770687091834
2016-06-22,0.13074674230738884
2016-06-23,0.10744854483300788
2016-06-24,0.09084937582629753
2016-06-25,0.08686144190255761
2016-06-26,0.09056599067996815
2016-06-27,0.09126981721074051
2016-06-28,0.08822845843452048
2016-06-29,0.0899248626946617
2016-06-30,0.08208706520196679
2016-07-01,0.07516854214565692
2016-07-02,0.0655006772654919
2016-07-03,0.07758977961511226
2016-07-04,0.059328643349074256
2016-07-05,0.053381705689186584
2016-07-06,0.05135483784316021
2016-07-07,0.038015073984293046
2016-07-08,0.03261607835065728
2016-07-09,0.03336536868077185
2016-07-10,0.03419495815048754
2016-07-11,0.0357888954756217
2016-07-12,0.03577323750782996
2016-07-13,0.03806068728956039
2016-07-14,0.042331158613780714
2016-07-15,0.04429638888037907
2016-07-16,0.03196843299369014
2016-07-17,0.030384476889995245
2016-07-18,0.030889344283901637
2016-07-19,0.02252915632637228
2016-07-20,0.014181732067378973
2016-07-21,0.01371196289213093
2016-07-22,0.01738979709950365
2016-07-23,0.01591505772363626
2016-07-24,0.016201468374642678
2016-07-25,0.015793131333031295
2016-07-26,0.016202170225085955
2016-07-27,0.02255955380740804
2016-07-28,0.0222949216263568
2016-07-29,0.01764078495138016
2016-07-30,0.0165271913357231
2016-07-31,0.01737839647679089
2016-08-01,0.013554005391617685
2016-08-02,0.01443981441576094
2016-08-03,0.015652147087777422
2016-08-04,0.014560609646673493
2016-08-05,0.015660802915063696
2016-08-06,0.017316484289924293
2016-08-07,0.023239855845989664
2016-08-08,0.03267326612992654
2016-08-09,0.020599248202739086
2016-08-10,0.01874914352061349
2016-08-11,0.018468110557685987
2016-08-12,0.016708097724788165
2016-08-13,0.01371532482883342
2016-08-14,0.011110635016686956
2016-08-15,0.0116374567315313
2016-08-16,0.011004084250151858
2016-08-17,0.01227557153212241
2016-08-18,0.01047789040742337
2016-08-19,0.009911776560076243
2016-08-20,0.010538185343977232
2016-08-21,0.010099395772650413
2016-08-22,0.010557803632406099
2016-08-23,0.0095088861858392
2016-08-24,0.009261956459495275
2016-08-25,0.010924997241190393
2016-08-26,0.014547442543545147
2016-08-27,0.017461161560275204
2016-08-28,0.02002282951351996
2016-08-29,0.01625304595331852
2016-08-30,0.014355911811892821
2016-08-31,0.011529498363229522
2016-09-01,0.010985000453408278
2016-09-02,0.0129135255407932
2016-09-03,0.008659739671509938
2016-09-04,0.007460366053479558
2016-09-05,0.007727555083295083
2016-09-06,0.01067932321148707
2016-09-07,0.008709661630037379
2016-09-08,0.007074306498676279
2016-09-09,0.006438506047957004
2016-09-10,0.006772655736417593
2016-09-11,0.008198038896635554
2016-09-12,0.010607358837073798
2016-09-13,0.009458799925609118
2016-09-14,0.008969257459018054
2016-09-15,0.00841843615322962
2016-09-16,0.007214898564800755
2016-09-17,0.005818102293656233
2016-09-18,0.005371646601231035
2016-09-19,0.005185532860596412
2016-09-20,0.005518935604924882
2016-09-21,0.007782413563031609
2016-09-22,0.007975375965085954
2016-09-23,0.006754518909659211
2016-09-24,0.007239688090470996
2016-09-25,0.005660698300698025
2016-09-26,0.005003987030884164
2016-09-27,0.004813848985686867
2016-09-28,0.004685600588480682
2016-09-29,0.004766431674449704
2016-09-30,0.005089325479454395
2016-10-01,0.004921019685597941
2016-10-02,0.005095838785317092
2016-10-03,0.0050430146141614745
2016-10-04,0.005049061116272808
2016-10-05,0.006516340186814318
2016-10-06,0.007299293942028749
2016-10-07,0.006548348859066036
2016-10-08,0.006022154186764152
2016-10-09,0.0058117380151070305
2016-10-10,0.005172468205392681
2016-10-11,0.004684039302269064
2016-10-12,0.004834208085647735
2016-10-13,0.004902400280169901
2016-10-14,0.004866964473475028
2016-10-15,0.004394722752936517
2016-10-16,0.004425168182516811
2016-10-17,0.004337098730779491
2016-10-18,0.004139856949804074
2016-10-19,0.004879992353866597
2016-10-20,0.0048826821228933935
2016-10-21,0.004926162734254723
2016-10-22,0.004519340829392154
2016-10-23,0.00433982107824486
2016-10-24,0.004343890598588972
2016-10-25,0.004064473609093548
2016-10-26,0.00410774512936788
2016-10-27,0.0038827687008644997
2016-10-28,0.0037621787089178204
2016-10-29,0.0037670886457210327
2016-10-30,0.0038098781552616265
2016-10-31,0.0038774507590954035
2016-11-01,0.0035097881486773823
2016-11-02,0.0034823921429223254
2016-11-03,0.0034722480561546983
2016-11-04,0.003746492630734943
2016-11-05,0.0034393631972419797
2016-11-06,0.0033998057817971406
2016-11-07,0.003272326899882762
2016-11-08,0.0031863280426885684
2016-11-09,0.003371383144198797
2016-11-10,0.0032785533550309695
2016-11-11,0.0032107889022941886
2016-11-12,0.0031343975751218426
2016-11-13,0.0030627720748704138
2016-11-14,0.002916034129121882
2016-11-15,0.002738166918592584
2016-11-16,0.0027533411347010327
2016-11-17,0.0027599037893412067
2016-11-18,0.002819142172209001
2016-11-19,0.0026567116259150468
2016-11-20,0.0028145586830404315
2016-11-21,0.0027264361892396067
2016-11-22,0.002978898802773716
2016-11-23,0.002751433575617396
2016-11-24,0.002481502766154193
2016-11-25,0.0025653139464278697
2016-11-26,0.0023862867448170275
2016-11-27,0.0022919979788911487
2016-11-28,0.0022387841186158365
2016-11-29,0.002205495716947303
2016-11-30,0.0022642822191469777
2016-12-01,0.0020704358477619264
2016-12-02,0.002012401495322364
2016-12-03,0.0021592002022292104
2016-12-04,0.0022788880513638665
2016-12-05,0.002193538392080119
2016-12-06,0.0021569301723747525
2016-12-07,0.002207379837006539
2016-12-08,0.0020908790579089705
2016-12-09,0.0020025991038884012
2016-12-10,0.0022345824862319004
2016-12-11,0.00197916453220631
2016-12-12,0.001958153282193012
2016-12-13,0.0018218649152994912
2016-12-14,0.0017743258437098838
2016-12-15,0.0018657791644721298
2016-12-16,0.0018876592339540908
2016-12-17,0.0017979819445064227
2016-12-18,0.0017578270209697685
2016-12-19,0.0017598473681467873
2016-12-20,0.0017798185605279195
2016-12-21,0.001901590414689995
2016-12-22,0.002006309092371058
2016-12-23,0.0019129262746178464
2016-12-24,0.001803153214495503
2016-12-25,0.001655037493195741
2016-12-26,0.0016558136578185805
2016-12-27,0.0018601749377561237
2016-12-28,0.0018994797117273543
2016-12-29,0.0017320831217557946
2016-12-30,0.0016172263123922575
2016-12-31,0.0015182043078826968
2017-01-01,0.0015225739216348849
2017-01-02,0.001469360318024773
2017-01-03,0.0017203201378526499
2017-01-04,0.0021214585164057477
2017-01-05,0.0016843483902533678
2017-01-06,0.0019522983143387
2017-01-07,0.001587409694809029
2017-01-08,0.0014880938619347838
2017-01-09,0.0013323661911138172
2017-01-10,0.0013131172177815946
2017-01-11,0.0012827159703694719
2017-01-12,0.001268554932478032
2017-01-13,0.0012589475359710087
2017-01-14,0.0012484174690207807
2017-01-15,0.0013111289297079297
2017-01-16,0.0013193882509845317
2017-01-17,0.0012601322446624385
2017-01-18,0.0015173436811643213
2017-01-19,0.001261524102237047
2017-01-20,0.0011967712794704087
2017-01-21,0.001221230520978596
2017-01-22,0.001264896823811276
2017-01-23,0.001287843755253958
2017-01-24,0.0016014623273181605
2017-01-25,0.004694276164713114
2017-01-26,0.0036686713302178063
2017-01-27,0.001358341646731829
2017-01-28,0.001182410072684128
2017-01-29,0.0012768373212742883
2017-01-30,0.0022325614959727066
2017-01-31,0.0013696585507623994
2017-02-01,0.0011831542880318784
2017-02-02,0.0011486722648919759
2017-02-03,0.0011396500727328097
2017-02-04,0.003460869919806801
2017-02-05,0.0022348224580876095
2017-02-06,0.0011517188714415276
2017-02-07,0.0010889564549804707
2017-02-08,0.0013219317255596078
2017-02-09,0.001130561148601089
2017-02-10,0.0010832650048938437
2017-02-11,0.001111961744902035
2017-02-12,0.0011218100339039532
2017-02-13,0.0011529984337950198
2017-02-14,0.0011331126995289128
2017-02-15,0.0013789932028086815
2017-02-16,0.0013387213576869885
2017-02-17,0.0015950387256966363
2017-02-18,0.0029093606226607486
2017-02-19,0.01149519853458451
2017-02-20,0.002041663193791778
2017-02-21,0.0013130463598664257
2017-02-22,0.0011480017267198586
2017-02-23,0.0011325436086338163
2017-02-24,0.0011442004652840354
2017-02-25,0.0012944249534621696
2017-02-26,0.0012706110171390817
2017-02-27,0.0012955287294495218
2017-02-28,0.0013526008475396017
2017-03-01,0.0021625194880332014
2017-03-02,0.0014310139907746015
2017-03-03,0.0012547398460529045
2017-03-04,0.001309546514318757
2017-03-05,0.0012798814367747002
2017-03-06,0.0013830919300667067
2017-03-07,0.0012982439713600255
2017-03-08,0.0015434387157088711
2017-03-09,0.001678411394835789
2017-03-10,0.00129979985938566
2017-03-11,0.0012992492497663677
2017-03-12,0.0011519137309376993
2017-03-13,0.0012064485678398356
2017-03-14,0.0012661120120661205
2017-03-15,0.0012965037779363528
2017-03-16,0.0014446766884392101
2017-03-17,0.0016010709181705867
2017-03-18,0.0015215557585546722
2017-03-19,0.0016099526377581234
2017-03-20,0.0017107285148619529
2017-03-21,0.0024011076336186927
2017-03-22,0.006710611923268075
2017-03-23,0.0026423156531149177
2017-03-24,0.0016730779718383353
2017-03-25,0.0016931917923322702
2017-03-26,0.0022122482797712418
2017-03-27,0.0032807933411198352
2017-03-28,0.003487583148347289
2017-03-29,0.0038881751787026584
2017-03-30,0.0032684633561034836
2017-03-31,0.0042978021849403875
2017-04-01,0.003531041454688293
2017-04-02,0.0030208250743036023
2017-04-03,0.00397469229978316
2017-04-04,0.0069110559842252015
2017-04-05,0.011049935842167678
2017-04-06,0.007018791344199158
2017-04-07,0.0032665351000858646
2017-04-08,0.0018531620409506235
2017-04-09,0.0017437096397481418
2017-04-10,0.0018067313559051899
2017-04-11,0.002328675406549953
2017-04-12,0.003143679658062558
2017-04-13,0.0041360238589875815
2017-04-14,0.005211572291278405
2017-04-15,0.006077471898301625
2017-04-16,0.007406255374395654
2017-04-17,0.008394392635995524
2017-04-18,0.009516491982898723
2017-04-19,0.01054799080097012
2017-04-20,0.013021740497445115
2017-04-21,0.015191183408212763
2017-04-22,0.015233715875164163
2017-04-23,0.012899872868066271
2017-04-24,0.009941063753902113
2017-04-25,0.007452480080173285
2017-04-26,0.008115470151716212
2017-04-27,0.010025086139766066
2017-04-28,0.011603194721233317
2017-04-29,0.010659880416532918
2017-04-30,0.006868849331578073
2017-05-01,0.006263673442000027
2017-05-02,0.007562621039457784
2017-05-03,0.008321953443990646
2017-05-04,0.014269026098402405
2017-05-05,0.017106746558955218
2017-05-06,0.022092246785321762
2017-05-07,0.026593137861532907
2017-05-08,0.027081829769402658
2017-05-09,0.02983423039827308
2017-05-10,0.02474492699707399
2017-05-11,0.03154015804635125
2017-05-12,0.035224746077660456
2017-05-13,0.03918892402342691
2017-05-14,0.04727871396641486
2017-05-15,0.05629242801537832
2017-05-16,0.0712976253261298
2017-05-17,0.06670325640063274
2017-05-18,0.07596269925081686
2017-05-19,0.07590529161603324
2017-05-20,0.0752592149141772
2017-05-21,0.0766486580534384
2017-05-22,0.09477972136878933
2017-05-23,0.11446407914187759
2017-05-24,0.11602200564798153
2017-05-25,0.13214001979159445
2017-05-26,0.13132063330379593
2017-05-27,0.11768444082352116
2017-05-28,0.1130747892137685
2017-05-29,0.11248169868302116
2017-05-30,0.11973078186459139
2017-05-31,0.10892700412189103
2017-06-01,0.08019984758706797
2017-06-02,0.07125754787622197
2017-06-03,0.08578115863864214
2017-06-04,0.11004496399062423
2017-06-05,0.1267343912543979
2017-06-06,0.11358913020699118
2017-06-07,0.08235360322068097
2017-06-08,0.05928826322184454
2017-06-09,0.06424934955335125
2017-06-10,0.07205622005228447
2017-06-11,0.07400402514658912
2017-06-12,0.07570709215838511
2017-06-13,0.08702339564730245
2017-06-14,0.09981215514680736
2017-06-15,0.09923187964743457
2017-06-16,0.09242951507223161
2017-06-17,0.09246009006836231
2017-06-18,0.09845212253912133
2017-06-19,0.10430270582721207
2017-06-20,0.09413731789223712
2017-06-21,0.0669729437332879
2017-06-22,0.08132010177247215
2017-06-23,0.06955447698977933
2017-06-24,0.06761177711394455
2017-06-25,0.07639199698932313
2017-06-26,0.09003879429596055
2017-06-27,0.08993690759224135
2017-06-28,0.09257916620132194
2017-06-29,0.0710378872434207
2017-06-30,0.06209852229680446
2017-07-01,0.053682382154563245
2017-07-02,0.051936270216352776
2017-07-03,0.05888492530978048
2017-07-04,0.06141169281663759
2017-07-05,0.06049037875688533
2017-07-06,0.05508410957802296
2017-07-07,0.05647157536018497
2017-07-08,0.0608203979884487
2017-07-09,0.05793181093820552
2017-07-10,0.054835782847285616
2017-07-11,0.0728725211675866
2017-07-12,0.061588334192300184
2017-07-13,0.05459147174521715
2017-07-14,0.044425596243483176
2017-07-15,0.04286820483481
2017-07-16,0.04458544001236908
2017-07-17,0.04334183997891149
2017-07-18,0.04671300340401791
2017-07-19,0.04495239616778949
2017-07-20,0.03539989518517089
2017-07-21,0.03411241240600005
2017-07-22,0.032976016724196366
2017-07-23,0.031136100554618105
2017-07-24,0.030584835341643066
2017-07-25,0.02564587100242236
2017-07-26,0.022230687233241068
2017-07-27,0.02011690669814264
2017-07-28,0.02155612521059588
2017-07-29,0.025257051721521307
2017-07-30,0.025117383278008495
2017-07-31,0.019903095157102414
2017-08-01,0.020165448859994245
2017-08-02,0.03555909439786995
2017-08-03,0.030980749576108663
2017-08-04,0.026668974035052497
2017-08-05,0.01650684664648338
2017-08-06,0.01337276354729312
2017-08-07,0.014930680491745788
2017-08-08,0.01768298891815774
2017-08-09,0.02028251474140708
2017-08-10,0.017220412204185114
2017-08-11,0.019785898392927825
2017-08-12,0.012808656884603038
2017-08-13,0.012364140114808768
2017-08-14,0.02001259516096557
2017-08-15,0.011924706819291515
2017-08-16,0.009672559838106462
2017-08-17,0.008544496406768687
2017-08-18,0.008580415988057815
2017-08-19,0.010109409673031481
2017-08-20,0.010864802145183278
2017-08-21,0.010759131252776265
2017-08-22,0.010001980735792903
2017-08-23,0.009864357754284405
2017-08-24,0.013161660415762324
2017-08-25,0.014475058803313692
2017-08-26,0.011458389689131763
2017-08-27,0.009061451097412075
2017-08-28,0.007896078003236752
2017-08-29,0.008691889052466914
2017-08-30,0.011382384597602593
2017-08-31,0.013571081541489356
2017-09-01,0.014373138562422633
2017-09-02,0.01186624013114748
2017-09-03,0.009965683890566677
2017-09-04,0.008691832517043151
2017-09-05,0.00918324137638127
2017-09-06,0.010859665108947682
2017-09-07,0.00927580273182653
2017-09-08,0.006830201442543575
2017-09-09,0.005653013090921807
2017-09-10,0.0085721010100111
2017-09-11,0.010355715954576529
2017-09-12,0.008082007578302733
2017-09-13,0.007551827833411378
2017-09-14,0.008722150854512016
2017-09-15,0.008179078974357643
2017-09-16,0.00769083266873085
2017-09-17,0.007447080183495306
2017-09-18,0.006359933194347926
2017-09-19,0.005838797297035099
2017-09-20,0.005886168453229131
2017-09-21,0.0067336949990116175
2017-09-22,0.0068486463463931025
2017-09-23,0.005944018952997611
2017-09-24,0.007448939128300502
2017-09-25,0.006381025959796432
2017-09-26,0.005586015369233371
2017-09-27,0.006196418864654147
2017-09-28,0.006270209279893578
2017-09-29,0.006319187249986974
2017-09-30,0.006155715067932062
2017-10-01,0.006373124759650822
2017-10-02,0.005731863776223533
2017-10-03,0.005335647597840539
2017-10-04,0.00552083380712222
2017-10-05,0.0063937762855705025
2017-10-06,0.006894462180836176
2017-10-07,0.0065360973330720155
2017-10-08,0.006024513404626786
2017-10-09,0.005078162766767551
2017-10-10,0.005040722421286734
2017-10-11,0.005125163056061436
2017-10-12,0.005231615209329284
2017-10-13,0.005183304609101779
2017-10-14,0.005123660926700906
2017-10-15,0.005355468068969244
2017-10-16,0.004843419491765435
2017-10-17,0.004587268613455893
2017-10-18,0.004471777179147847
2017-10-19,0.004676505607789975
2017-10-20,0.0045216646843983825
2017-10-21,0.004034475955463264
2017-10-22,0.004676576451199048
2017-10-23,0.004811865460467971
2017-10-24,0.004328546573234024
2017-10-25,0.004160589715855193
2017-10-26,0.004324720890874925
2017-10-27,0.004145486702118597
2017-10-28,0.0039299578837896365
2017-10-29,0.0038140508717576195
2017-10-30,0.004040160791373543
2017-10-31,0.003768453610324329
2017-11-01,0.003762397572389115
2017-11-02,0.0035739210176099017
2017-11-03,0.0034658325918060146
2017-11-04,0.003428064299053469
2017-11-05,0.0033634288955947974
2017-11-06,0.0032203777740392437
2017-11-07,0.003079289409217888
2017-11-08,0.0034248898469152944
2017-11-09,0.0037113493106918243
2017-11-10,0.0035241122917755168
2017-11-11,0.003726707969467009
2017-11-12,0.0036212986675787746
2017-11-13,0.0034979193119302134
2017-11-14,0.003668300760970262
2017-11-15,0.003585360558278602
2017-11-16,0.003364222241460869
2017-11-17,0.003311961894727981
2017-11-18,0.0029912039071942572
2017-11-19,0.002836323856192118
2017-11-20,0.0027358641554340118
2017-11-21,0.0025812189493233744
2017-11-22,0.0025150090172623763
2017-11-23,0.002561920853154958
2017-11-24,0.002784703765845998
2017-11-25,0.003045864274317501
2017-11-26,0.002959816983966858
2017-11-27,0.002588995017566646
2017-11-28,0.0026371814821728834
2017-11-29,0.002694440945553172
2017-11-30,0.0024076174295292897
2017-12-01,0.0023553135981254753
2017-12-02,0.002390083998765978
2017-12-03,0.0024770588766583144
2017-12-04,0.002270761477869028
2017-12-05,0.002222966270273041
2017-12-06,0.0022814261829963637
2017-12-07,0.002176299806326618
2017-12-08,0.0022317115306911468
2017-12-09,0.0027091572386721556
2017-12-10,0.00251375024332856
2017-12-11,0.0025650949997289424
2017-12-12,0.0025969771484154977
2017-12-13,0.0019711171303406047
2017-12-14,0.0018187315872599554
2017-12-15,0.0017905576223848116
2017-12-16,0.0017684141446889993
2017-12-17,0.0017520178052645048
2017-12-18,0.0017548698689876592
2017-12-19,0.0017438836640044995
2017-12-20,0.0018682516410846509
2017-12-21,0.001781703274543183
2017-12-22,0.001673911579016155
2017-12-23,0.001659933922409632
2017-12-24,0.0016386076526306943
2017-12-25,0.0016135971917010763
2017-12-26,0.0016123278335509691
2017-12-27,0.0016417691134836794
2017-12-28,0.0015725752739146307
2017-12-29,0.0015339865404875792
2017-12-30,0.0015174280520150914
2017-12-31,0.001503124992614393
2018-01-01,0.0014828506898073035
2018-01-02,0.0014636570433198474
2018-01-03,0.0014538627208387348
2018-01-04,0.0014503281425664333
2018-01-05,0.0015242507859426352
2018-01-06,0.0014145866289943655
2018-01-07,0.0013863919116320759
2018-01-08,0.0013696791085232173
2018-01-09,0.0013601205086258461
2018-01-10,0.0013460091999745235
2018-01-11,0.0013477857330848409
2018-01-12,0.0013429886585552716
2018-01-13,0.0013028420500358826
2018-01-14,0.0012929465953069254
2018-01-15,0.001272671026449438
2018-01-16,0.001271698808564994
2018-01-17,0.001387698403869181
2018-01-18,0.0012506845360062625
2018-01-19,0.0012412044474903786
2018-01-20,0.0012412187471786244
2018-01-21,0.00125980580930819
2018-01-22,0.0013404265541144232
2018-01-23,0.001330377432594744
2018-01-24,0.0011986698996828686
2018-01-25,0.0011562177082465282
2018-01-26,0.0011455771777417187
2018-01-27,0.0011398211498699284
2018-01-28,0.001138373613079996
2018-01-29,0.0012993219060817981
2018-01-30,0.0012290052084535355
2018-01-31,0.001316410408846516
2018-02-01,0.0012597527157689275
2018-02-02,0.0011293450521503608
2018-02-03,0.0011293453767546632
2018-02-04,0.0010482360820813434
2018-02-05,0.0011135453342616265
2018-02-06,0.0010885157355486614
2018-02-07,0.0010287842051270495
2018-02-08,0.001024329586569603
2018-02-09,0.0009948292043362522
2018-02-10,0.0010075866693330107
2018-02-11,0.0010213949214227538
2018-02-12,0.0016036299451438374
2018-02-13,0.0010653920189531315
2018-02-14,0.001039975582988673
2018-02-15,0.0011546886594471434
2018-02-16,0.0011484692348039123
2018-02-17,0.001086477891881247
2018-02-18,0.0010478210010844617
2018-02-19,0.0010350616374182398
2018-02-20,0.001073028091632572
2018-02-21,0.0012142530284987704
2018-02-22,0.0009806885563873999
2018-02-23,0.0009533828556466257
2018-02-24,0.0013109911814715503
2018-02-25,0.0010273806154661477
2018-02-26,0.0009745644450925311
2018-02-27,0.0012434072389805773
2018-02-28,0.0010261275914005123
2018-03-01,0.0013704139697381225
2018-03-02,0.005746953458777513
2018-03-03,0.002639814810997125
2018-03-04,0.0011798615814343145
2018-03-05,0.0009909290501281139
2018-03-06,0.000934771662272858
2018-03-07,0.0009138723405994335
2018-03-08,0.0009011916436735658
2018-03-09,0.0009846992757501568
2018-03-10,0.0009603398099518462
2018-03-11,0.0009668159301209957
2018-03-12,0.0012581651717841304
2018-03-13,0.005873613679822685
2018-03-14,0.004659191581463825
2018-03-15,0.0015055412166995578
2018-03-16,0.0009837045781481233
2018-03-17,0.0009024915914906982
2018-03-18,0.0009066941655846005
2018-03-19,0.0011551665584391896
2018-03-20,0.001325551112449215
2018-03-21,0.0018062010290274717
2018-03-22,0.0021330325674294858
2018-03-23,0.0019048028084288318
2018-03-24,0.0020930355001069745
2018-03-25,0.002283350457558695
2018-03-26,0.002416700713598156
2018-03-27,0.002794220167973347
2018-03-28,0.0033543420554122366
2018-03-29,0.0029869399635533422
2018-03-30,0.0029568447488112853
2018-03-31,0.004024176328193192
2018-04-01,0.00529216623590691
2018-04-02,0.0066026072051692955
2018-04-03,0.006978831781162795
2018-04-04,0.007442456721149847
2018-04-05,0.007213775608739348
2018-04-06,0.009751709955602612
2018-04-07,0.010944519073660008
2018-04-08,0.011756772487700089
2018-04-09,0.012712633164730563
2018-04-10,0.009148587562233156
2018-04-11,0.004584205128166378
2018-04-12,0.0024217513418516717
2018-04-13,0.0023054644795364935
2018-04-14,0.0035156257826325643
2018-04-15,0.005644914061240596
2018-04-16,0.0068054173842672944
2018-04-17,0.005574870769048095
2018-04-18,0.00633761298428981
2018-04-19,0.005729674368697302
2018-04-20,0.01769550612533229
2018-04-21,0.00317419020478541
2018-04-22,0.0024054048147113655
2018-04-23,0.0028409288287605033
2018-04-24,0.003988782475686618
2018-04-25,0.00606838309558331
2018-04-26,0.007706204115586551
2018-04-27,0.010163587690879638
2018-04-28,0.011329611653656048
2018-04-29,0.010967160112473114
2018-04-30,0.01119951206241334
2018-05-01,0.012373847311740179
2018-05-02,0.01369964302580954
2018-05-03,0.015329323352553933
2018-05-04,0.011040170921604439
2018-05-05,0.010072767116359545
2018-05-06,0.014259159119344285
2018-05-07,0.011464578615494988
2018-05-08,0.007469722880314823
2018-05-09,0.007756476346887141
2018-05-10,0.008839981561433875
2018-05-11,0.01305486306914722
2018-05-12,0.013986889361534279
2018-05-13,0.01814829723480169
2018-05-14,0.014723793258265986
2018-05-15,0.015124973525732234
2018-05-16,0.017222502542160612
2018-05-17,0.01411512496091731
2018-05-18,0.01549483290163789
2018-05-19,0.013121504727057793
2018-05-20,0.01094446084435007
2018-05-21,0.012244199511024505
2018-05-22,0.014700854622162578
2018-05-23,0.01442562947009307
2018-05-24,0.01404285405229521
2018-05-25,0.015767313668790556
2018-05-26,0.018708298529821622
2018-05-27,0.022167247953780233
2018-05-28,0.024440388750248062
2018-05-29,0.024789171577341253
2018-05-30,0.02709382005575242
2018-05-31,0.03138610743469745
2018-06-01,0.0372521439726518
2018-06-02,0.03905347311810624
2018-06-03,0.04581671224034313
2018-06-04,0.05586124484011965
2018-06-05,0.0669081501749162
2018-06-06,0.07609330570115537
2018-06-07,0.07933197391470732
2018-06-08,0.08558960754191772
2018-06-09,0.09232756336149174
2018-06-10,0.10456929591243992
2018-06-11,0.104056086262606
2018-06-12,0.09484045292845505
2018-06-13,0.09026080191659738
2018-06-14,0.09174361753083407
2018-06-15,0.10083406135520966
2018-06-16,0.09169628440938994
2018-06-17,0.0712600971967354
2018-06-18,0.0685809986596788
2018-06-19,0.07722856534060463
2018-06-20,0.08174256768924776
2018-06-21,0.08162734230609908
2018-06-22,0.0783118276353596
2018-06-23,0.07550988622452469
2018-06-24,0.06713116662859522
2018-06-25,0.05699575831033581
2018-06-26,0.05147387993908213
2018-06-27,0.05179454446254458
2018-06-28,0.0583131060838878
2018-06-29,0.059362167920915906
2018-06-30,0.06460077927030472
2018-07-01,0.05882418840372123
2018-07-02,0.06060103022026992
2018-07-03,0.055832702094881725
2018-07-04,0.04351948026544447
2018-07-05,0.0358598506753582
2018-07-06,0.0394799248497787
2018-07-07,0.043428933366996846
2018-07-08,0.04833909473086511
2018-07-09,0.05365195032153173
2018-07-10,0.05650256441136989
2018-07-11,0.056806610409882316
2018-07-12,0.05420227613462938
2018-07-13,0.0538754444459349
2018-07-14,0.047604312909533535
2018-07-15,0.04267997469624607
2018-07-16,0.04094808226249716
2018-07-17,0.04264167568334274
2018-07-18,0.0390276705710739
2018-07-19,0.036776027993732655
2018-07-20,0.03409037531947308
2018-07-21,0.03211809335244351
2018-07-22,0.029075152814700828
2018-07-23,0.036607437257851455
2018-07-24,0.03589144079853404
2018-07-25,0.028118312724321696
2018-07-26,0.03185623818465166
2018-07-27,0.03310273533867316
2018-07-28,0.023042212435732283
2018-07-29,0.015247987610116573
2018-07-30,0.012117582000338628
2018-07-31,0.010202274133345318
2018-08-01,0.01010887414288915
2018-08-02,0.011217573027210982
2018-08-03,0.009912424049463646
2018-08-04,0.008732336277747341
2018-08-05,0.009164310375918104
2018-08-06,0.012181529251794204
2018-08-07,0.022325521133003432
2018-08-08,0.025987601966192427
2018-08-09,0.018484430833413598
2018-08-10,0.014399946129996082
2018-08-11,0.011536754571814942
2018-08-12,0.01654562823477746
2018-08-13,0.021735380408658293
2018-08-14,0.012989341500368482
2018-08-15,0.008889874963286259
2018-08-16,0.009465373520525771
2018-08-17,0.011753850881529719
2018-08-18,0.014501249106981601
2018-08-19,0.01108865627784078
2018-08-20,0.0092214915659596
2018-08-21,0.010237297316259419
2018-08-22,0.010307913805343181
2018-08-23,0.011028434643398961
2018-08-24,0.01123342014893828
2018-08-25,0.011286948190659061
2018-08-26,0.01094904218275929
2018-08-27,0.008412753545707646
2018-08-28,0.0067311299187582845
2018-08-29,0.006141128539189705
2018-08-30,0.007188396119714432
2018-08-31,0.007710919849887571
2018-09-01,0.0073405520147641285
2018-09-02,0.00789288012167683
2018-09-03,0.009395257535775537
2018-09-04,0.00788181536975596
2018-09-05,0.006993240906545254
2018-09-06,0.00801550068680894
2018-09-07,0.0094942429557272
2018-09-08,0.00897773175437917
2018-09-09,0.009725735656183792
2018-09-10,0.008686338239050705
2018-09-11,0.0069774364541577046
2018-09-12,0.004891180777151722
2018-09-13,0.005768659104644916
2018-09-14,0.007097940336853337
2018-09-15,0.006846287741095232
2018-09-16,0.006949336086073499
2018-09-17,0.00573981284570609
2018-09-18,0.005289268452853545
2018-09-19,0.005421457254359299
2018-09-20,0.005513531762763157
2018-09-21,0.005707424138784098
2018-09-22,0.005619095267711059
2018-09-23,0.006860401839974177
2018-09-24,0.005712029088335925
2018-09-25,0.0061366127942562585
2018-09-26,0.005923872994474953
2018-09-27,0.005733942582479045
2018-09-28,0.0056559034774081
2018-09-29,0.005874772300830758
2018-09-30,0.006072232901332392
2018-10-01,0.005398935513141185
2018-10-02,0.00531496149359597
2018-10-03,0.005621856594295663
2018-10-04,0.005876715009488517
2018-10-05,0.005860231025463628
2018-10-06,0.005373699709219141
2018-10-07,0.004947539319646342
2018-10-08,0.005022848181787115
2018-10-09,0.005614602934992562
2018-10-10,0.004672979423049584
2018-10-11,0.004472418049551831
2018-10-12,0.004235249742483236
2018-10-13,0.004049575122496158
2018-10-14,0.00410372651128666
2018-10-15,0.004214860172127945
2018-10-16,0.004899701897509522
2018-10-17,0.0036325588272583297
2018-10-18,0.0034187415715436187
2018-10-19,0.0033000203143649254
2018-10-20,0.0031312908269036715
2018-10-21,0.003160058928584606
2018-10-22,0.003107588637456582
2018-10-23,0.0030944949946512864
2018-10-24,0.003048643154522025
2018-10-25,0.003147878708326972
2018-10-26,0.003099087479033515
2018-10-27,0.0030635170438513895
2018-10-28,0.0032254519253708314
2018-10-29,0.003438141964385001
2018-10-30,0.0033596220494404726
2018-10-31,0.003579018839632058
2018-11-01,0.005116253880279652
2018-11-02,0.0033238058037586187
2018-11-03,0.0027569288905524986
2018-11-04,0.0024743984915578934
2018-11-05,0.0023922590207123623
2018-11-06,0.0023583803267619285
2018-11-07,0.002392065588689931
2018-11-08,0.002483007702758666
2018-11-09,0.002444408074767012
2018-11-10,0.002493515603843382
2018-11-11,0.002424972417672579
2018-11-12,0.002706055192838378
2018-11-13,0.0023559253068455572
2018-11-14,0.002476747659151098
2018-11-15,0.002181515976092779
2018-11-16,0.0021417216978327318
2018-11-17,0.0021097609755665317
2018-11-18,0.00211780916542623
2018-11-19,0.002211539558826009
2018-11-20,0.0020805992463883457
2018-11-21,0.0020546864755994474
2018-11-22,0.002038644537538604
2018-11-23,0.002042331761619815
2018-11-24,0.002040598915600352
2018-11-25,0.002115536739117428
2018-11-26,0.0020132853643563277
2018-11-27,0.0020540570781246836
2018-11-28,0.002220475819189439
2018-11-29,0.001966606822506268
2018-11-30,0.0019177431796507743
2018-12-01,0.0019101966452987453
2018-12-02,0.0019009750365907244
2018-12-03,0.0018438152925112827
2018-12-04,0.0018730934437870773
2018-12-05,0.0018542376193863128
2018-12-06,0.0017878125237024318
2018-12-07,0.0017703003488350668
2018-12-08,0.0017757040258953001
2018-12-09,0.0018843717066523568
2018-12-10,0.0022152562500566443
2018-12-11,0.0019224675725010429
2018-12-12,0.001718614254023954
2018-12-13,0.0016895111358803273
2018-12-14,0.0016703029910041518
2018-12-15,0.001635178033173041
2018-12-16,0.001640698005350918
2018-12-17,0.0016272378087584796
2018-12-18,0.0016126991394980164
2018-12-19,0.0016466494688096008
2018-12-20,0.0015977332747000759
2018-12-21,0.0015540647722733086
2018-12-22,0.001541864776868148
2018-12-23,0.0015530698576511725
2018-12-24,0.0015146026213466795
2018-12-25,0.0014952495053340686
2018-12-26,0.001476365680801763
2018-12-27,0.0015033355502144664
2018-12-28,0.0014571951084743687
2018-12-29,0.0014581140107858747
2018-12-30,0.0014984259787138583
2018-12-31,0.0014450493104645602
2019-01-01,0.0014250965485190586
2019-01-02,0.0015985563171330864
2019-01-03,0.0014264805485117561
2019-01-04,0.0014522578125521189
2019-01-05,0.0015383988439114623
2019-01-06,0.0013711629773681456
2019-01-07,0.0013496855831306436
2019-01-08,0.0013615735199503601
2019-01-09,0.0013370886367260484
2019-01-10,0.0013190694725957774
2019-01-11,0.0014573773422288773
2019-01-12,0.0016003004586264604
2019-01-13,0.0013013664557875637
2019-01-14,0.0012688779531151591
2019-01-15,0.0012756523710065685
2019-01-16,0.0012851285442968304
2019-01-17,0.0012647970528740456
2019-01-18,0.0012430076259473029
2019-01-19,0.0014492889766071506
2019-01-20,0.001888305616819141
2019-01-21,0.0033896924239936095
2019-01-22,0.002386588202869689
2019-01-23,0.0014409550723912484
2019-01-24,0.0012749217012251034
2019-01-25,0.001271528811751141
2019-01-26,0.001244683155301848
2019-01-27,0.001226763388389827
2019-01-28,0.0012195001955780382
2019-01-29,0.0012306221566576424
2019-01-30,0.0012929480216678116
2019-01-31,0.0018276142921009857
2019-02-01,0.0013345666750585973
2019-02-02,0.0012320549902411291
2019-02-03,0.0012267209846525155
2019-02-04,0.0011934937246806554
2019-02-05,0.0013651431004275123
2019-02-06,0.0023150649634068763
2019-02-07,0.0015362697950831318
2019-02-08,0.0014729998993734405
2019-02-09,0.0012479767807373832
2019-02-10,0.0012308238937527927
2019-02-11,0.0012752288113089562
2019-02-12,0.0014412092536587322
2019-02-13,0.0021136497929393422
2019-02-14,0.002578807294754849
2019-02-15,0.001540266649109902
2019-02-16,0.001366800405265529
2019-02-17,0.001369234835389273
2019-02-18,0.001736203664743655
2019-02-19,0.0013809145853643841
2019-02-20,0.0025601273270387695
2019-02-21,0.004362461946867194
2019-02-22,0.0018136985001348577
2019-02-23,0.0016354827885150334
2019-02-24,0.0017801921479039054
2019-02-25,0.0018936865609980558
2019-02-26,0.0021980144183909073
2019-02-27,0.001719855977028471
2019-02-28,0.001642454894159979
2019-03-01,0.0016819198120269182
2019-03-02,0.0029809017179438595
2019-03-03,0.002135275722207768
2019-03-04,0.001844087158063676
2019-03-05,0.0017482552609089012
2019-03-06,0.0017571427554370798
2019-03-07,0.0021465110631179586
2019-03-08,0.0018583687901707101
2019-03-09,0.0018903521619001457
2019-03-10,0.001942089935786835
2019-03-11,0.004041080618688455
2019-03-12,0.001999464763889191
2019-03-13,0.0017497093636783256
2019-03-14,0.0018813445421149197
2019-03-15,0.0019475232819070342
2019-03-16,0.001966231341300011
2019-03-17,0.0023164456063534777
2019-03-18,0.0021563594881265726
2019-03-19,0.003928964395051128
2019-03-20,0.0029761720467767886
2019-03-21,0.002112919094808808
2019-03-22,0.002168091375482245
2019-03-23,0.002155674683498065
2019-03-24,0.0025280955101248865
2019-03-25,0.002577726783470938
2019-03-26,0.0026152416427473227
2019-03-27,0.002989369951124355
2019-03-28,0.0038206139463426193
2019-03-29,0.003395101604586849
2019-03-30,0.004479037517085582
2019-03-31,0.00330563855690218
2019-04-01,0.0033663533061042195
2019-04-02,0.003809617346470438
2019-04-03,0.004192237977541327
2019-04-04,0.0048712681618505085
2019-04-05,0.005260881046758251
2019-04-06,0.00559276187742574
2019-04-07,0.005267159997559144
2019-04-08,0.006220150874961241
2019-04-09,0.006662139748208646
2019-04-10,0.006880817615447493
2019-04-11,0.005853276134387845
2019-04-12,0.009000968913962562
2019-04-13,0.00900318150009871
2019-04-14,0.010619515162691247
2019-04-15,0.012068613633592885
2019-04-16,0.01776153618757027
2019-04-17,0.016322799304121546
2019-04-18,0.01174294868903572
2019-04-19,0.008763643421209309
2019-04-20,0.010779483148994205
2019-04-21,0.01723809208126213
2019-04-22,0.021691488502932663
2019-04-23,0.024828531611314916
2019-04-24,0.030538740842657362
2019-04-25,0.02396690367278443
2019-04-26,0.01650093293355195
2019-04-27,0.01346365277793155
2019-04-28,0.015456438658664293
2019-04-29,0.016711190050289332
2019-04-30,0.018357664701798303
2019-05-01,0.01220403624467221
2019-05-02,0.010330117738105367
2019-05-03,0.009694601544717156
2019-05-04,0.008605789338838044
2019-05-05,0.008765249653304542
2019-05-06,0.009885969598973327
2019-05-07,0.012637650747193346
2019-05-08,0.016556922324569148
2019-05-09,0.020258899142796463
2019-05-10,0.027523966042249687
2019-05-11,0.02954079215295664
2019-05-12,0.028049292837882798
2019-05-13,0.027680701692437776
2019-05-14,0.03283934415162284
2019-05-15,0.030377282594526975
2019-05-16,0.030752803052527977
2019-05-17,0.032186236941766755
2019-05-18,0.034047459902598776
2019-05-19,0.029197989632599338
2019-05-20,0.03177189192463823
2019-05-21,0.0299183099510165
2019-05-22,0.03474571781862776
2019-05-23,0.03747095570469229
2019-05-24,0.03530167561519781
2019-05-25,0.02711089695962901
2019-05-26,0.023109799614888505
2019-05-27,0.02305631940000059
2019-05-28,0.024059069840771805
2019-05-29,0.027178287636936024
2019-05-30,0.032758215107159
2019-05-31,0.0421416406979982
2019-06-01,0.05291565058672243
2019-06-02,0.05855777932354581
2019-06-03,0.056637167547772434
2019-06-04,0.040323416374164554
2019-06-05,0.03326277067924001
2019-06-06,0.03246731689875968
2019-06-07,0.03461530730625468
2019-06-08,0.039060048498438284
2019-06-09,0.04389130723692743
2019-06-10,0.048371946332726116
2019-06-11,0.04038278645867955
2019-06-12,0.0306421737914233
2019-06-13,0.015531105162766746
2019-06-14,0.01786767823091792
2019-06-15,0.027464484305143737
2019-06-16,0.03191663472447701
2019-06-17,0.02923889566005063
2019-06-18,0.034944912129700266
2019-06-19,0.03931822596071329
2019-06-20,0.046378098084347945
2019-06-21,0.054592997071257116
2019-06-22,0.055171728928764416
2019-06-23,0.05794673482211818
2019-06-24,0.047858403392081306
2019-06-25,0.04904200791103067
2019-06-26,0.03862042783283145
2019-06-27,0.04039012894075243
2019-06-28,0.04876675541691581
2019-06-29,0.05494839738613466
2019-06-30,0.0726218165116661
2019-07-01,0.07598674816446103
2019-07-02,0.08022625077051368
2019-07-03,0.08727633121634049
2019-07-04,0.09244091658432503
2019-07-05,0.09694217287903281
2019-07-06,0.09665011433871844
2019-07-07,0.10513257129582267
2019-07-08,0.11461095248107014
2019-07-09,0.11505081458877908
2019-07-10,0.11366288419927739
2019-07-11,0.11887343951399944
2019-07-12,0.11615027287211337
2019-07-13,0.11249596678596105
2019-07-14,0.1117117061743336
2019-07-15,0.10437526081465215
2019-07-16,0.09127287975274828
2019-07-17,0.08757907159114137
2019-07-18,0.09411616482788189
2019-07-19,0.08704217411916655
2019-07-20,0.08137195726314955
2019-07-21,0.08074287014288165
2019-07-22,0.08090208258602376
2019-07-23,0.07914362063135817
2019-07-24,0.08197738863979158
2019-07-25,0.07753905629819556
2019-07-26,0.0816345410223839
2019-07-27,0.08596991943258653
2019-07-28,0.08774965973522254
2019-07-29,0.07680145727430471
2019-07-30,0.07230557127718704
2019-07-31,0.06546242092183653
2019-08-01,0.05880452016677431
2019-08-02,0.05228069362467765
2019-08-03,0.04678766409530144
2019-08-04,0.04306349943556496
2019-08-05,0.03918169768245277
2019-08-06,0.03605569784748813
2019-08-07,0.03277734062702817
2019-08-08,0.029777962262785135
2019-08-09,0.032943862540234695
2019-08-10,0.035581736636304116
2019-08-11,0.03502765708040054
2019-08-12,0.026695940959580854
2019-08-13,0.023950041983288286
2019-08-14,0.03356208181045216
2019-08-15,0.026781714119459364
2019-08-16,0.017713814765321537
2019-08-17,0.019701996311816093
2019-08-18,0.015724479210642732
2019-08-19,0.011836284742989974
2019-08-20,0.011063153548497429
2019-08-21,0.008212984244962966
2019-08-22,0.007439591187883173
2019-08-23,0.008706237709015735
2019-08-24,0.009974734161459218
2019-08-25,0.009012359005203682
2019-08-26,0.009666545299615694
2019-08-27,0.010964656763244386
2019-08-28,0.011162362104605866
2019-08-29,0.011688915044733421
2019-08-30,0.010995489999986053
2019-08-31,0.013783253312732556
2019-09-01,0.0113505302189807
2019-09-02,0.009525562070164844
2019-09-03,0.008359769370460481
2019-09-04,0.008175341067725135
2019-09-05,0.007162523708331247
2019-09-06,0.007493975790595373
2019-09-07,0.009073848987159887
2019-09-08,0.006840022708648024
2019-09-09,0.005635890987727101
2019-09-10,0.005861113797901428
2019-09-11,0.005377863865943637
2019-09-12,0.00605432652786998
2019-09-13,0.0061481149891333894
2019-09-14,0.006126880990878637
2019-09-15,0.005580058424588224
2019-09-16,0.0053979478512711085
2019-09-17,0.0051031965114085994
2019-09-18,0.004252737038969025
2019-09-19,0.00410884836839334
2019-09-20,0.004316313274548983
2019-09-21,0.004614317213624385
2019-09-22,0.004087505320572718
2019-09-23,0.00381285717036046
2019-09-24,0.003830921110305168
2019-09-25,0.004033463052852905
2019-09-26,0.00410854892912025
2019-09-27,0.0039438501231033336
2019-09-28,0.004041102373202198
2019-09-29,0.0062395683180320885
2019-09-30,0.00669921020236902
2019-10-01,0.006079851539880209
2019-10-02,0.005332780095613404
2019-10-03,0.005050354849707743
2019-10-04,0.005588922772425864
2019-10-05,0.004988523556471472
2019-10-06,0.00463566756355954
2019-10-07,0.005802426216887392
2019-10-08,0.004588563704218118
2019-10-09,0.004307882350331728
2019-10-10,0.0039969515853367985
2019-10-11,0.00411256850749953
2019-10-12,0.00406130217257129
2019-10-13,0.003840828503631513
2019-10-14,0.003837911920204942
2019-10-15,0.0037939587212694353
2019-10-16,0.003744775907991175
2019-10-17,0.0043945998255982424
2019-10-18,0.004723733718911578
2019-10-19,0.004219315187253423
2019-10-20,0.003730813025198749
2019-10-21,0.00367656733127487
2019-10-22,0.003556147462433651
2019-10-23,0.0038284210135418875
2019-10-24,0.0035234673016241867
2019-10-25,0.003324389283611126
2019-10-26,0.003112446843164644
2019-10-27,0.0031806350228229872
2019-10-28,0.003672878660397576
2019-10-29,0.003778682595843468
2019-10-30,0.0036723344209140052
2019-10-31,0.00340358334128614
2019-11-01,0.003308697174898541
2019-11-02,0.0039441713971716166
2019-11-03,0.003622218900692659
2019-11-04,0.0029662857985567155
2019-11-05,0.0028324562504466557
2019-11-06,0.0038959648866962893
2019-11-07,0.0026541473631290953
2019-11-08,0.002341977778028473
2019-11-09,0.00224752473408882
2019-11-10,0.0021985015854957043
2019-11-11,0.0021558162879582073
2019-11-12,0.0021771507095367376
2019-11-13,0.002216444149139273
2019-11-14,0.0026205128197537546
2019-11-15,0.004185125475235091
2019-11-16,0.0029628563946758925
2019-11-17,0.0020852458537309803
2019-11-18,0.0019913109651113698
2019-11-19,0.00196492283426666
2019-11-20,0.001956698423404041
2019-11-21,0.002597907163431447
2019-11-22,0.0033566791661083376
2019-11-23,0.0020615276545811524
2019-11-24,0.0019492230488142156
2019-11-25,0.0019058428679700561
2019-11-26,0.0019037309312251655
2019-11-27,0.0023276338412245566
2019-11-28,0.0018845326638554484
2019-11-29,0.0017912908222226353
2019-11-30,0.0017616646711679045
2019-12-01,0.0017460457205297774
2019-12-02,0.0017324704180694708
2019-12-03,0.0017178618719093147
2019-12-04,0.0017170615784308917
2019-12-05,0.0017062556785545865
2019-12-06,0.0016918973245543254
2019-12-07,0.0016693693802431703
2019-12-08,0.0016529310921648097
2019-12-09,0.0016579378703117204
2019-12-10,0.00168208837882468
2019-12-11,0.0018196872289857197
2019-12-12,0.0017772126128640913
2019-12-13,0.0017977812938127808
2019-12-14,0.0017646092162855519
2019-12-15,0.0015832766074577412
2019-12-16,0.0015472589371721486
2019-12-17,0.0015311189061361107
2019-12-18,0.0015362844847012995
2019-12-19,0.0015345436900662541
2019-12-20,0.0015140601979818273
2019-12-21,0.0014823028425965997
2019-12-22,0.0014674523128821214
2019-12-23,0.0014491851809785724
2019-12-24,0.0014348332066455626
2019-12-25,0.0014225709450826484
2019-12-26,0.0014102496312240495
2019-12-27,0.001409081217823267
2019-12-28,0.0014000197160550555
2019-12-29,0.0013915135043868394
2019-12-30,0.0013780341117090285
2019-12-31,0.0013784494400323256
2020-01-01,0.001348106217201883
2020-01-02,0.001412357607533954
2020-01-03,0.0014835657726806784
2020-01-04,0.0013784947210957854
2020-01-05,0.0013305637990699468
2020-01-06,0.0016144867671721236
2020-01-07,0.0015925495968498902
2020-01-08,0.0013394794659190004
2020-01-09,0.0012867165905867553
2020-01-10,0.0012759450834504613
2020-01-11,0.0012824376204315074
2020-01-12,0.0016196437425232465
2020-01-13,0.003637450636315036
2020-01-14,0.001430905940316676
2020-01-15,0.0012586732298081008
2020-01-16,0.0012465940402556378
2020-01-17,0.00124263023992221
2020-01-18,0.00123863293932245
2020-01-19,0.0012246612849768686
2020-01-20,0.001243423918285813
2020-01-21,0.0014764418707696183
2020-01-22,0.0012737876036604534
2020-01-23,0.0012138029838682934
2020-01-24,0.0012137038157715588
2020-01-25,0.0013013477422719592
2020-01-26,0.0012669680975802146
2020-01-27,0.0012138706240367315
2020-01-28,0.0015198053492047974
2020-01-29,0.0015268436466801668
2020-01-30,0.001221326038261284
2020-01-31,0.0011962143823372711
2020-02-01,0.0011982887836177736
2020-02-02,0.0012008264418219541
2020-02-03,0.0012057522753561127
2020-02-04,0.001233709793874363
2020-02-05,0.00126171384270354
2020-02-06,0.0012369173834084837
2020-02-07,0.0012281596043785983
2020-02-08,0.0012383568455619864
2020-02-09,0.0012467774924855065
2020-02-10,0.0012553161709742886
2020-02-11,0.0013594426847704114
2020-02-12,0.001427937105468499
2020-02-13,0.003515287132312492
2020-02-14,0.0014710582488713742
2020-02-15,0.0012601299749654946
2020-02-16,0.0012429433970748238
2020-02-17,0.0012177284078541384
2020-02-18,0.0012440999354462173
2020-02-19,0.0013322419177328136
2020-02-20,0.0014464036169420608
2020-02-21,0.0013159037822291287
2020-02-22,0.0013696179491264442
2020-02-23,0.0014023135464895286
2020-02-24,0.0014771922199611298
2020-02-25,0.0015286975514544807
2020-02-26,0.001619040013128896
2020-02-27,0.0018161274998365958
2020-02-28,0.0030795157095621813
2020-02-29,0.001762957624733824
2020-03-01,0.0015373847613648728
2020-03-02,0.0014692822529937058
2020-03-03,0.0014473112450110576
2020-03-04,0.0015296955632703908
2020-03-05,0.0021750790963132186
2020-03-06,0.0028823681011483785
2020-03-07,0.006357970328480707
2020-03-08,0.006095365413498056
2020-03-09,0.0017188759864326436
2020-03-10,0.0016265251102426173
2020-03-11,0.001838792289105451
2020-03-12,0.0024312986490194065
2020-03-13,0.0022028672963164287
2020-03-14,0.002308483806339807
2020-03-15,0.002307396339805015
2020-03-16,0.0023110254505791833
2020-03-17,0.002650486379428437
2020-03-18,0.0026401152117293057
2020-03-19,0.0025392352163544274
2020-03-20,0.0025970417906176374
2020-03-21,0.0032007835634032165
2020-03-22,0.0026948898450258013
2020-03-23,0.002396975596495453
2020-03-24,0.004375662432994685
2020-03-25,0.002401763367821837
2020-03-26,0.002215558069329914
2020-03-27,0.004555056669780748
2020-03-28,0.004122405432592807
2020-03-29,0.0020893003025280734
2020-03-30,0.001885129989928113
2020-03-31,0.008130711951037975
2020-04-01,0.004347628276717188
2020-04-02,0.002975243120135656
2020-04-03,0.0026603957086141867
2020-04-04,0.0026636100867741177
2020-04-05,0.002782505318940756
2020-04-06,0.0033860439140166003
2020-04-07,0.0033282262088555224
2020-04-08,0.003356477171322324
2020-04-09,0.003259706408349542
2020-04-10,0.003764446537943731
2020-04-11,0.003534495361235455
2020-04-12,0.00422018136872587
2020-04-13,0.005112538786197275
2020-04-14,0.007075956860759485
2020-04-15,0.010382410250038955
2020-04-16,0.004096456483191837
2020-04-17,0.005491286432351591
2020-04-18,0.008229704590631442
2020-04-19,0.0045957537869710414
2020-04-20,0.004506396866128571
2020-04-21,0.006459393613391786
2020-04-22,0.00658610649346793
2020-04-23,0.007521180396856466
2020-04-24,0.008527276614832881
2020-04-25,0.010919232712450301
2020-04-26,0.014269400793168076
2020-04-27,0.01717990753397026
2020-04-28,0.017056309912422647
2020-04-29,0.019912582298814
2020-04-30,0.023766736011351604
2020-05-01,0.02489398935549659
2020-05-02,0.029728026667522358
2020-05-03,0.028994140503926548
2020-05-04,0.02187640997395303
2020-05-05,0.018361092448606606
2020-05-06,0.01317896857975789
2020-05-07,0.014297070366222799
2020-05-08,0.020529262817496296
2020-05-09,0.029542943207039433
2020-05-10,0.035320121276560645
2020-05-11,0.03293683123136599
2020-05-12,0.040437913205130405
2020-05-13,0.04673055962905302
2020-05-14,0.041516572391680724
2020-05-15,0.043405195210558724
2020-05-16,0.03237877622236038
2020-05-17,0.03427869955755878
2020-05-18,0.02979081188715119
2020-05-19,0.030164408378425593
2020-05-20,0.03295691080929539
2020-05-21,0.04425045930184224
2020-05-22,0.05255238263850275
2020-05-23,0.05839111972589575
2020-05-24,0.06503772251452565
2020-05-25,0.05911669417464182
2020-05-26,0.05574078516192268
2020-05-27,0.05739797763892828
2020-05-28,0.06492367411637537
2020-05-29,0.06972456031661349
2020-05-30,0.07134890903671784
2020-05-31,0.05620870118758988
2020-06-01,0.05521737144694589
2020-06-02,0.056689320403819306
2020-06-03,0.06858812079479923
2020-06-04,0.0767634916075566
2020-06-05,0.08430368184275956
2020-06-06,0.0916282200564616
2020-06-07,0.09407461945360958
2020-06-08,0.09421524862555002
2020-06-09,0.11008160890714797
2020-06-10,0.11362161283251482
2020-06-11,0.10309708474615926
2020-06-12,0.09794685158515375
2020-06-13,0.08478322798405499
2020-06-14,0.08009150122622646
2020-06-15,0.07103024463815646
2020-06-16,0.07676178815222322
2020-06-17,0.0847295614561868
2020-06-18,0.0908976118339027
2020-06-19,0.09549080299310747
2020-06-20,0.08596065111584147
2020-06-21,0.07702289417483409
2020-06-22,0.07882391416720626
2020-06-23,0.08732013451817272
2020-06-24,0.10052169019551799
2020-06-25,0.0927284763148688
2020-06-26,0.07632609763000757
2020-06-27,0.07850071452943422
2020-06-28,0.0787262420690544
2020-06-29,0.05635874932915041
2020-06-30,0.057911842892995564
2020-07-01,0.05933992730044931
2020-07-02,0.059771952925113205
2020-07-03,0.05804743902121908
2020-07-04,0.05822917462147008
2020-07-05,0.04988555460721219
2020-07-06,0.03793268607641968
2020-07-07,0.03656627048254741
2020-07-08,0.039894959946523145
2020-07-09,0.04720963858779787
2020-07-10,0.03672363947396622
2020-07-11,0.034914539876328164
2020-07-12,0.033080745638523354
2020-07-13,0.031501967009342394
2020-07-14,0.03026554638840138
2020-07-15,0.02848928114609448
2020-07-16,0.03168389172972582
2020-07-17,0.03548551212370128
2020-07-18,0.03726167679966786
2020-07-19,0.027774631113617484
2020-07-20,0.024010561306423477
2020-07-21,0.025883964740653975
2020-07-22,0.015665459499727665
2020-07-23,0.011039041523427528
2020-07-24,0.013576360355916368
2020-07-25,0.014580987656337906
2020-07-26,0.019013553992180913
2020-07-27,0.020551160516421297
2020-07-28,0.01842824679076049
2020-07-29,0.01638230083712227
2020-07-30,0.01545651034177947
2020-07-31,0.017391978140731894
2020-08-01,0.019273189095877538
2020-08-02,0.016867496434039817
2020-08-03,0.013394803740097935
2020-08-04,0.015583115930143158
2020-08-05,0.015290976105743013
2020-08-06,0.014459256853895434
2020-08-07,0.013375435213161735
2020-08-08,0.017317845045465186
2020-08-09,0.028258147860523563
2020-08-10,0.023400589773536585
2020-08-11,0.014654474103864504
2020-08-12,0.011206000200708718
2020-08-13,0.0103325872854066
2020-08-14,0.01886346406459681
2020-08-15,0.013933442937778049
2020-08-16,0.009395111585982411
2020-08-17,0.008998369317417286
2020-08-18,0.01214962750486243
2020-08-19,0.01350738040292893
2020-08-20,0.019963557653496476
2020-08-21,0.02288590499928715
2020-08-22,0.009958122885973078
2020-08-23,0.006511843828617449
2020-08-24,0.0066504032437154
2020-08-25,0.007921347651707423
2020-08-26,0.013863488934259864
2020-08-27,0.049134872494361784
2020-08-28,0.022041073521249045
2020-08-29,0.010515461306713488
2020-08-30,0.009811083706812159
2020-08-31,0.013103174610777223
2020-09-01,0.02343324047064534
2020-09-02,0.03720472344569399
2020-09-03,0.025234353954692
2020-09-04,0.020512553347090724
2020-09-05,0.01602822928826427
2020-09-06,0.013385170325468895
2020-09-07,0.009943459931526193
2020-09-08,0.007865855338714598
2020-09-09,0.007771651633505093
2020-09-10,0.006651648433865033
2020-09-11,0.007704089882126478
2020-09-12,0.007284122461097268
2020-09-13,0.00659272747511963
2020-09-14,0.007850680887280198
2020-09-15,0.008587781753319012
2020-09-16,0.007753032250978883
2020-09-17,0.007900784580060966
2020-09-18,0.00768744803548568
2020-09-19,0.006222495204943489
2020-09-20,0.005242520858399735
2020-09-21,0.004858893725330321
2020-09-22,0.005038894440246144
2020-09-23,0.005504286959899689
2020-09-24,0.005303826007034212
2020-09-25,0.005780685575838732
2020-09-26,0.007645204808493663
2020-09-27,0.008206483483181462
2020-09-28,0.007328214017662857
2020-09-29,0.0070589632733616715
2020-09-30,0.0065553444709838355
2020-10-01,0.006604342413984468
2020-10-02,0.005982094585958242
2020-10-03,0.0056290769389310755
2020-10-04,0.005563669802574349
2020-10-05,0.00522704240791593
2020-10-06,0.005145284744715118
2020-10-07,0.0052006957932795965
2020-10-08,0.005334858198532055
2020-10-09,0.005272313332745191
2020-10-10,0.004944364246577506
2020-10-11,0.0048386956664082355
2020-10-12,0.004789716429511836
2020-10-13,0.005412763207929115
2020-10-14,0.005268487125982227
2020-10-15,0.005040370521531705
2020-10-16,0.004597900987161305
2020-10-17,0.004415493369531684
2020-10-18,0.004316214147437364
2020-10-19,0.003982753509169271
2020-10-20,0.003850387091383872
2020-10-21,0.004179470419837583
2020-10-22,0.004112234599608204
2020-10-23,0.00452068225822856
2020-10-24,0.004500326775106456
2020-10-25,0.004440721079143899
2020-10-26,0.004391048921846003
2020-10-27,0.004399608489583531
2020-10-28,0.004478203358650877
2020-10-29,0.004142921958678821
2020-10-30,0.0036816699485828497
2020-10-31,0.0037869115691004664
2020-11-01,0.0038742655651999593
2020-11-02,0.003714866307254428
2020-11-03,0.0036817028630341934
2020-11-04,0.003510013771833426
2020-11-05,0.0034470374326815334
2020-11-06,0.0034429364808349675
2020-11-07,0.0034648626577483068
2020-11-08,0.0036743718638143764
2020-11-09,0.003688873586587322
2020-11-10,0.0037233388198801213
2020-11-11,0.0035855282369691953
2020-11-12,0.003273142549732022
2020-11-13,0.003252075425834441
2020-11-14,0.004015623719384691
2020-11-15,0.004301462771822912
2020-11-16,0.00297666145056236
2020-11-17,0.0026259160102884284
2020-11-18,0.002572011938543613
2020-11-19,0.002750149294498764
2020-11-20,0.002519586201021964
2020-11-21,0.002477488385977776
2020-11-22,0.0024453141340276424
2020-11-23,0.0027188139871667165
2020-11-24,0.0026147530627047117
2020-11-25,0.003086207085590217
2020-11-26,0.0024430414688317546
2020-11-27,0.0023483097040918606
2020-11-28,0.002329771432105928
2020-11-29,0.0023029467463340975
2020-11-30,0.0022709786650854298
2020-12-01,0.0022540285965632705
2020-12-02,0.0022279168057591264
2020-12-03,0.002198000449479283
2020-12-04,0.002257724230821003
2020-12-05,0.0023098429344605453
2020-12-06,0.0023653352272040283
2020-12-07,0.002253309397974056
2020-12-08,0.0027736006944936637
2020-12-09,0.0025139988121158784
2020-12-10,0.00208456454257058
2020-12-11,0.0022116371641123147
2020-12-12,0.0025033409446211896
2020-12-13,0.0020675275870370427
2020-12-14,0.0020366273122951173
2020-12-15,0.0020094567682635784
2020-12-16,0.001971121610335678
2020-12-17,0.0019403816444028023
2020-12-18,0.0019201144808895316
2020-12-19,0.0019158942640832332
2020-12-20,0.0019293086066627162
2020-12-21,0.0020076307919989662
2020-12-22,0.0019096713970071049
2020-12-23,0.0018686174957224745
2020-12-24,0.0018455351566944846
2020-12-25,0.0018207130506972642
2020-12-26,0.0018252772403929767
2020-12-27,0.001810311976921135
2020-12-28,0.001801803944418917
2020-12-29,0.0017714606072835595
2020-12-30,0.0017359821633289245
2020-12-31,0.0017143334687182877
2021-01-01,0.0017033412795781262
2021-01-02,0.0016865120939135029
2021-01-03,0.0017173198949728948
2021-01-04,0.001690932861814249
2021-01-05,0.0021910930231116947
2021-01-06,0.0019781332770026617
2021-01-07,0.0016827646499083077
2021-01-08,0.0022865260354864854
2021-01-09,0.0016540124911061606
2021-01-10,0.0015941906517259446
2021-01-11,0.0015749649518806683
2021-01-12,0.0015574439530390326
2021-01-13,0.0015453462141385805
2021-01-14,0.0015336716428145328
2021-01-15,0.0015198422353068463
2021-01-16,0.0015049725104477568
2021-01-17,0.001495226679420535
2021-01-18,0.0014830773865245914
2021-01-19,0.0014689872294662107
2021-01-20,0.0014560376324084564
2021-01-21,0.0014426888383569465
2021-01-22,0.00163027204392785
2021-01-23,0.0017044388401415617
2021-01-24,0.0014558947082400461
2021-01-25,0.0014396381327774661
2021-01-26,0.0014285897480719608
2021-01-27,0.001410440810061065
2021-01-28,0.0013965903766600504
2021-01-29,0.0013815110746404357
2021-01-30,0.001375680599464324
2021-01-31,0.0013885417443277117
2021-02-01,0.0013716151898706657
2021-02-02,0.0013361042673864154
2021-02-03,0.0013410095148015074
2021-02-04,0.0013153654739628826
2021-02-05,0.0012885890785902685
2021-02-06,0.001274256506094234
2021-02-07,0.001263971722796182
2021-02-08,0.0012622900061442204
2021-02-09,0.0012695527295890356
2021-02-10,0.001273416252164448
2021-02-11,0.0012723293241885514
2021-02-12,0.0012416173529766878
2021-02-13,0.0012677891944570853
2021-02-14,0.0012822251998788174
2021-02-15,0.0012712273184703714
2021-02-16,0.0012779010811332096
2021-02-17,0.00130013632796777
2021-02-18,0.001325355029487056
2021-02-19,0.00137041089889028
2021-02-20,0.0013223658073510775
2021-02-21,0.0017586481236633053
2021-02-22,0.0027678199205849064
2021-02-23,0.002846595879212616
2021-02-24,0.002171680708507978
2021-02-25,0.0026109842058063956
2021-02-26,0.006011273276856218
2021-02-27,0.0022899772268857475
2021-02-28,0.001242077521687429
2021-03-01,0.0011848589688848471
2021-03-02,0.0012033108784996007
2021-03-03,0.0013066748139971241
2021-03-04,0.0014022020856534602
2021-03-05,0.0014591066744551802
2021-03-06,0.0013913654908112906
2021-03-07,0.0021517557674810917
2021-03-08,0.0015904183050835655
2021-03-09,0.00144635288399574
2021-03-10,0.0016340627271980883
2021-03-11,0.003964057479577147
2021-03-12,0.0032174067262335606
2021-03-13,0.0015316397962063322
2021-03-14,0.002939598961444201
2021-03-15,0.0017046102398775537
2021-03-16,0.0017909572801662467
2021-03-17,0.0021288995229241845
2021-03-18,0.0019220727157234349
2021-03-19,0.0020641269087072977
2021-03-20,0.0021551697889342497
2021-03-21,0.0031921659556761518
2021-03-22,0.0050186827949539325
2021-03-23,0.01246659751151157
2021-03-24,0.002736022397975641
2021-03-25,0.0018821174472257688
2021-03-26,0.0019477234154659233
2021-03-27,0.0022395544140313556
2021-03-28,0.004806644234471458
2021-03-29,0.012372768915567612
2021-03-30,0.00290847731555559
2021-03-31,0.002100888627885366
2021-04-01,0.001937449637981063
2021-04-02,0.0018014179713218635
2021-04-03,0.0018459484815703403
2021-04-04,0.0018616063523946875
2021-04-05,0.0032742762948733436
2021-04-06,0.006685780342016004
2021-04-07,0.0029767749847582777
2021-04-08,0.0018852196500245867
2021-04-09,0.0019319571254598905
2021-04-10,0.002463484237063729
2021-04-11,0.0029080419541047914
2021-04-12,0.003351355055604668
2021-04-13,0.0030578990768335913
2021-04-14,0.003941494350085162
2021-04-15,0.004313329893890782
2021-04-16,0.003770083837094898
2021-04-17,0.006041826981305255
2021-04-18,0.004806198193608397
2021-04-19,0.0025965073336235303
2021-04-20,0.002255137414676423
2021-04-21,0.0037416389564747677
2021-04-22,0.004193781427578515
2021-04-23,0.002922067248714805
2021-04-24,0.0033474884779862222
2021-04-25,0.003878792007865309
2021-04-26,0.005003519495286255
2021-04-27,0.0058297532014762255
2021-04-28,0.006610890213794843
2021-04-29,0.0077041557707859245
2021-04-30,0.008716413115089586
2021-05-01,0.009274251959244204
2021-05-02,0.009832843965361824
2021-05-03,0.011124754010868524
2021-05-04,0.012009738493694282
2021-05-05,0.013082147101412695
2021-05-06,0.0172729390781628
2021-05-07,0.02119598383093522
2021-05-08,0.028564451890595928
2021-05-09,0.03845256543397385
2021-05-10,0.047489501159330504
2021-05-11,0.05246354640755007
2021-05-12,0.05422581717808306
2021-05-13,0.03828364351763879
2021-05-14,0.03497654489779046
2021-05-15,0.033158194502489864
2021-05-16,0.03820365172863775
2021-05-17,0.05457140059337919
2021-05-18,0.05943774001622001
2021-05-19,0.0683814064863524
2021-05-20,0.06283261999028052
2021-05-21,0.05238874948438299
2021-05-22,0.05219154106708899
2021-05-23,0.02663169698795359
2021-05-24,0.03657242509371931
2021-05-25,0.03018330045778935
2021-05-26,0.041521484621686124
2021-05-27,0.05508273974501594
2021-05-28,0.07016770328815637
2021-05-29,0.0857762902475321
2021-05-30,0.09747893884920375
2021-05-31,0.0961998818564603
2021-06-01,0.0892215840608801
2021-06-02,0.09431989367865315
2021-06-03,0.09634612327613645
2021-06-04,0.10093668691197745
2021-06-05,0.09940549248190561
2021-06-06,0.10116964290431965
2021-06-07,0.10324794836257344
2021-06-08,0.10885568796650673
2021-06-09,0.1131481240817736
2021-06-10,0.11145594230152737
2021-06-11,0.10920694634507108
2021-06-12,0.1104609675522769
2021-06-13,0.10735002078886832
2021-06-14,0.08906188662022396
2021-06-15,0.06883246145759765
2021-06-16,0.05138269818570104
2021-06-17,0.05438869836674955
2021-06-18,0.040710260287036185
2021-06-19,0.04443065029126087
2021-06-20,0.05577360903729004
2021-06-21,0.0602258612927197
2021-06-22,0.05125769152839192
2021-06-23,0.04909671940733784
2021-06-24,0.05307999076427134
2021-06-25,0.05408021090475386
2021-06-26,0.05791931872706754
2021-06-27,0.05905453805642079
2021-06-28,0.06449470764544675
2021-06-29,0.06283079561068916
2021-06-30,0.06603001082020878
2021-07-01,0.06582450424087066
2021-07-02,0.06090279358677865
2021-07-03,0.053337495494408534
2021-07-04,0.04898421312317248
2021-07-05,0.05042441781668313
2021-07-06,0.058246823293543505
2021-07-07,0.05426930344716146
2021-07-08,0.04841570711696114
2021-07-09,0.045048683284249366
2021-07-10,0.04705956120178251
2021-07-11,0.04840540365299622
2021-07-12,0.05832983475298996
2021-07-13,0.0588344081226306
2021-07-14,0.06072545552688507
2021-07-15,0.047297924901091845
2021-07-16,0.04052603065409781
2021-07-17,0.03894812061680366
2021-07-18,0.03811206981223317
2021-07-19,0.0492962519442768
2021-07-20,0.08658723404881277
2021-07-21,0.04500565131902713
2021-07-22,0.03177951817251686
2021-07-23,0.02530402789249154
2021-07-24,0.02837775658392913
2021-07-25,0.0312952140681512
2021-07-26,0.03054193731435184
2021-07-27,0.033857304237299504
2021-07-28,0.048876258325063655
2021-07-29,0.04080892762463015
2021-07-30,0.036744641589512385
2021-07-31,0.02969770386881629
2021-08-01,0.033529652738764376
2021-08-02,0.027272516556576573
2021-08-03,0.018143917529820197
2021-08-04,0.020499409435531874
2021-08-05,0.020274228139578847
2021-08-06,0.016590098583766533
2021-08-07,0.015757426002940316
2021-08-08,0.015256904828654404
2021-08-09,0.014521449350697978
2021-08-10,0.012549714572060925
2021-08-11,0.01264796136713805
2021-08-12,0.013052759007725631
2021-08-13,0.012551622230016407
2021-08-14,0.016596480365437358
2021-08-15,0.014544196714021213
2021-08-16,0.009671952194519034
2021-08-17,0.007732251199163521
2021-08-18,0.007339300853830084
2021-08-19,0.00781976394427896
2021-08-20,0.00955250162759602
2021-08-21,0.009742376114316772
2021-08-22,0.011158073024809909
2021-08-23,0.011367730717615961
2021-08-24,0.009791640658480878
2021-08-25,0.009334656520112361
2021-08-26,0.009887239620406761
2021-08-27,0.01227999826588118
2021-08-28,0.013983450865612413
2021-08-29,0.009992243606931874
2021-08-30,0.008043828228618242
2021-08-31,0.0107177906312081
2021-09-01,0.011038936891823774
2021-09-02,0.007767781689022207
2021-09-03,0.007415849053105756
2021-09-04,0.007278368600631722
2021-09-05,0.0061938447310342735
2021-09-06,0.0060000439711428225
2021-09-07,0.006429340376793051
2021-09-08,0.0071689847406093505
2021-09-09,0.007430286762775791
2021-09-10,0.010566332734918811
2021-09-11,0.01531901877527704
2021-09-12,0.0116792723298428
2021-09-13,0.007997958660084611
2021-09-14,0.006094250016613335
2021-09-15,0.005497597307453775
2021-09-16,0.004814225578635558
2021-09-17,0.00457251090534998
2021-09-18,0.004483512782890997
2021-09-19,0.004675252394208918
2021-09-20,0.0060570687475810245
2021-09-21,0.007669341263508989
2021-09-22,0.007603936898082781
2021-09-23,0.0068122656439539775
2021-09-24,0.006016304616531361
2021-09-25,0.004953177395181119
2021-09-26,0.004410433262418593
2021-09-27,0.004288795269249219
2021-09-28,0.004505216948179775
2021-09-29,0.00430689335112441
2021-09-30,0.004529248801374524
2021-10-01,0.00598442684763492
2021-10-02,0.008699063229783395
2021-10-03,0.006926925554806206
2021-10-04,0.006308066667234308
2021-10-05,0.005687763022113839
2021-10-06,0.004865436115468236
2021-10-07,0.00446437650577639
2021-10-08,0.004845125979281313
2021-10-09,0.004741151588106345
2021-10-10,0.005664605294915948
2021-10-11,0.0055433223086881105
2021-10-12,0.004721364756453847
2021-10-13,0.004536705435919248
2021-10-14,0.004301355563055859
2021-10-15,0.0041503832492237784
2021-10-16,0.00441473715051562
2021-10-17,0.00583090709969683
2021-10-18,0.0054963898644148105
2021-10-19,0.004232510196180078
2021-10-20,0.0038060309537262115
2021-10-21,0.003829640133946899
2021-10-22,0.005706566825692191
2021-10-23,0.0038849866779404663
2021-10-24,0.003736189583268375
2021-10-25,0.003236407277484612
2021-10-26,0.0030855121438025544
2021-10-27,0.0030806861617348833
2021-10-28,0.003055276060551839
2021-10-29,0.0030912232885831766
2021-10-30,0.002987022323692149
2021-10-31,0.0029266406518810386
2021-11-01,0.0029826790807767124
2021-11-02,0.00289624910829
2021-11-03,0.002817840637504807
2021-11-04,0.0028151278729794437
2021-11-05,0.003260920964868718
2021-11-06,0.0027401506742363007
2021-11-07,0.002653782031353205
2021-11-08,0.0026526142097951792
2021-11-09,0.002659534487512997
2021-11-10,0.00267787949829599
2021-11-11,0.0026117838253295763
2021-11-12,0.002552572579753661
2021-11-13,0.002517691788504367
2021-11-14,0.0025101712385078674
2021-11-15,0.0024480629087915663
2021-11-16,0.0023900737943950943
2021-11-17,0.0024390757019976048
2021-11-18,0.002492885486683148
2021-11-19,0.0023952310190184013
2021-11-20,0.00236176566110448
2021-11-21,0.0023370598077253886
2021-11-22,0.0022858975861785318
2021-11-23,0.002254064815421615
2021-11-24,0.0023330886859963852
2021-11-25,0.0023132537235805643
2021-11-26,0.0021948997151507903
2021-11-27,0.0022236900453956048
2021-11-28,0.0021669233784468033
2021-11-29,0.002147300890253016
2021-11-30,0.0020989368050878185
2021-12-01,0.002115740471551106
2021-12-02,0.0021342005080581955
2021-12-03,0.0021070983006506194
2021-12-04,0.0021562078959347503
2021-12-05,0.002853561711799333
2021-12-06,0.0020909551359811793
2021-12-07,0.0019534527143825744
2021-12-08,0.001945319293707504
2021-12-09,0.0019132983605991177
2021-12-10,0.00188052603435363
2021-12-11,0.0018702489591755965
2021-12-12,0.0018786473479310542
2021-12-13,0.0018636932010391344
2021-12-14,0.0019274463104858276
2021-12-15,0.001829098384234704
2021-12-16,0.001775345309073611
2021-12-17,0.0017489983988589295
2021-12-18,0.0017330147198544531
2021-12-19,0.001733785356030147
2021-12-20,0.0017469316168032913
2021-12-21,0.0017372142801198877
2021-12-22,0.0017279461239171122
2021-12-23,0.0018077038596482945
2021-12-24,0.001726593795536946
2021-12-25,0.0016538408085196527
2021-12-26,0.0017249163527682098
2021-12-27,0.001797704520209748
2021-12-28,0.0016132811323907779
2021-12-29,0.0015791885745448599
2021-12-30,0.0015708153468815295
2021-12-31,0.0015624134309327846
2022-01-01,0.0015462447523188056
2022-01-02,0.0015728290002569904
2022-01-03,0.0015918024588151838
2022-01-04,0.002017951326075627
2022-01-05,0.002391738268966325
2022-01-06,0.0016765651460540847
2022-01-07,0.003949885416944837
2022-01-08,0.003361237649192581
2022-01-09,0.0015301528404150532
2022-01-10,0.001438011460913663
2022-01-11,0.0014267419873612997
2022-01-12,0.0014167449492430762
2022-01-13,0.001420566508153728
2022-01-14,0.0014120660507752714
2022-01-15,0.00141117258212227
2022-01-16,0.0014335340126589832
2022-01-17,0.0015354287538936074
2022-01-18,0.001468654120486316
2022-01-19,0.0018460396633154519
2022-01-20,0.0014362041388392656
2022-01-21,0.0014735710598859856
2022-01-22,0.001811097430080445
2022-01-23,0.0024307760436411787
2022-01-24,0.0014965609982827818
2022-01-25,0.0013723678462014605
2022-01-26,0.001343890924763183
2022-01-27,0.001324936398904448
2022-01-28,0.0013235571683977453
2022-01-29,0.0013389496321911847
2022-01-30,0.001335772353092065
2022-01-31,0.0013943310343336498
2022-02-01,0.0013536954877060366
2022-02-02,0.0013693339261346923
2022-02-03,0.001409449559625571
2022-02-04,0.0013242282916322455
2022-02-05,0.0012937273460497112
2022-02-06,0.0013990967509972174
2022-02-07,0.0015348016091820667
2022-02-08,0.001392807090337781
2022-02-09,0.0013274821176428022
2022-02-10,0.0012696272507133682
2022-02-11,0.0012484562641269126
2022-02-12,0.0012484660135772636
2022-02-13,0.0012534993669793984
2022-02-14,0.0012641407372338954
2022-02-15,0.0013438593485898427
2022-02-16,0.0013683206945122128
2022-02-17,0.0013438417010405528
2022-02-18,0.001311015275638244
2022-02-19,0.001328094440871129
2022-02-20,0.0013363474739868225
2022-02-21,0.001363097095768569
2022-02-22,0.0015270585185978907
2022-02-23,0.005344596608867394
2022-02-24,0.0023102288523922164
2022-02-25,0.002185252768899404
2022-02-26,0.001841960479456187
2022-02-27,0.0013855238714633872
2022-02-28,0.0013481155789663766
2022-03-01,0.0014866937048081245
2022-03-02,0.0014381472367156374
2022-03-03,0.0015618650094761713
2022-03-04,0.0015156135823222762
2022-03-05,0.001515624742493912
2022-03-06,0.0033515858121243923
2022-03-07,0.0036503962572408356
2022-03-08,0.0015712845124809488
2022-03-09,0.0018844150180004431
2022-03-10,0.0020061880611920184
2022-03-11,0.001920016996225017
2022-03-12,0.0021341719743469146
2022-03-13,0.002303700684409961
2022-03-14,0.002855064688956508
2022-03-15,0.0032055283446633183
2022-03-16,0.0031742229764565653
2022-03-17,0.003348048319425488
2022-03-18,0.004194697301514157
2022-03-19,0.00501047178419509
2022-03-20,0.004193737125722428
2022-03-21,0.003019132067696103
2022-03-22,0.002994911914991334
2022-03-23,0.0031810690718575723
2022-03-24,0.0034166622892348344
2022-03-25,0.0029077890045957726
2022-03-26,0.002991123690676475
2022-03-27,0.003850115983007472
2022-03-28,0.006482788282185695
2022-03-29,0.006937611860488085
2022-03-30,0.007673594488760259
2022-03-31,0.007675483662319339
2022-04-01,0.008309108527219944
2022-04-02,0.010363492136234427
2022-04-03,0.010879169076008072
2022-04-04,0.012644592641298052
2022-04-05,0.015142142810176552
2022-04-06,0.016397721195280317
2022-04-07,0.017861883648520482
2022-04-08,0.01954598160330526
2022-04-09,0.020451817470526122
2022-04-10,0.020997436242320002
2022-04-11,0.02238225151865249
2022-04-12,0.022086628003241262
2022-04-13,0.02336505448511548
2022-04-14,0.01687617610256311
2022-04-15,0.01681854449053988
2022-04-16,0.01543227008255397
2022-04-17,0.013888933150004095
2022-04-18,0.019116484387660497
2022-04-19,0.02291943762295985
2022-04-20,0.02667384386454215
2022-04-21,0.01712399875404033
2022-04-22,0.013937022151922931
2022-04-23,0.010047525529378765
2022-04-24,0.010478926313258018
2022-04-25,0.012935098730366027
2022-04-26,0.01561559671940661
2022-04-27,0.0187390840583927
2022-04-28,0.023941942921914885
2022-04-29,0.027193503490182083
2022-04-30,0.027392146969945796
2022-05-01,0.0296370100822998
2022-05-02,0.032336994749082346
2022-05-03,0.03700371349765377
2022-05-04,0.03791492470366808
2022-05-05,0.036033441209815595
2022-05-06,0.03452978379215964
2022-05-07,0.036557001353316486
2022-05-08,0.04304033602324863
2022-05-09,0.04814116066821307
2022-05-10,0.05449577171129353
2022-05-11,0.060155859675185094
2022-05-12,0.06613587647053952
2022-05-13,0.06228176025205671
2022-05-14,0.05578920379142949
2022-05-15,0.052893223774622425
2022-05-16,0.04403217777799888
2022-05-17,0.03617979073442913
2022-05-18,0.043707050934717266
2022-05-19,0.0456546168841376
2022-05-20,0.03376653120010989
2022-05-21,0.02854488037620883
2022-05-22,0.025567904156906063
2022-05-23,0.020887428228565517
2022-05-24,0.024999029789588546
2022-05-25,0.02969031347466829
2022-05-26,0.03800903630316391
2022-05-27,0.04703222053944567
2022-05-28,0.05468965705002681
2022-05-29,0.047745416398814015
2022-05-30,0.03979820937296139
2022-05-31,0.03923012351470209
2022-06-01,0.03386685793880122
2022-06-02,0.03228050259805435
2022-06-03,0.03461994132939146
2022-06-04,0.03746087281304748
2022-06-05,0.0438911851168642
2022-06-06,0.04601814921582961
2022-06-07,0.05135976109174342
2022-06-08,0.05133466918861352
2022-06-09,0.047074539288097156
2022-06-10,0.04104397218088353
2022-06-11,0.04046180685517739
2022-06-12,0.04361362926182354
2022-06-13,0.041866435901235184
2022-06-14,0.036057274107455684
2022-06-15,0.03665769667364259
2022-06-16,0.03861658113636151
2022-06-17,0.037269255254163476
2022-06-18,0.03006100062762508
2022-06-19,0.021755762270294705
2022-06-20,0.017848457745702134
2022-06-21,0.01948865645386214
2022-06-22,0.02569575054710962
2022-06-23,0.020616255130091604
2022-06-24,0.020747645289583557
2022-06-25,0.022605157329385117
2022-06-26,0.02485016238347864
2022-06-27,0.027470425861675373
2022-06-28,0.029455918831524937
2022-06-29,0.030991057263600855
2022-06-30,0.03123428469229968
2022-07-01,0.03244905850003536
2022-07-02,0.0285851841418206
2022-07-03,0.02756790556965085
2022-07-04,0.028432709896853505
2022-07-05,0.03086007884378647
2022-07-06,0.03210749194569213
2022-07-07,0.032001226739056136
2022-07-08,0.02647674836280106
2022-07-09,0.029876066132431874
2022-07-10,0.03516012884704065
2022-07-11,0.02653986335248135
2022-07-12,0.02606629050513305
2022-07-13,0.027838454087144297
2022-07-14,0.02432574356065574
2022-07-15,0.026740941986732877
2022-07-16,0.021552433822579008
2022-07-17,0.016643509907740207
2022-07-18,0.012201136544014817
2022-07-19,0.013172922323479249
2022-07-20,0.013158613618127875
2022-07-21,0.011012297178087934
2022-07-22,0.013142736232806361
2022-07-23,0.01341241457203076
2022-07-24,0.025169984672660795
2022-07-25,0.03002399484598233
2022-07-26,0.021841048109480943
2022-07-27,0.025153789890258047
2022-07-28,0.03455710535253321
2022-07-29,0.030727560605639973
2022-07-30,0.026738367666949894
2022-07-31,0.02646539242003447
2022-08-01,0.02221291663973832
2022-08-02,0.013358219103397205
2022-08-03,0.012796566677321833
2022-08-04,0.01060977713747647
2022-08-05,0.011694219896923734
2022-08-06,0.013919428878300078
2022-08-07,0.011966108875502852
2022-08-08,0.013932974824524533
2022-08-09,0.016809482331890127
2022-08-10,0.017970952561050694
2022-08-11,0.014683543866522824
2022-08-12,0.02359533123325072
2022-08-13,0.020398250017536614
2022-08-14,0.01979792488466237
2022-08-15,0.026340887756891366
2022-08-16,0.043485764281764115
2022-08-17,0.045708995464525386
2022-08-18,0.03022774625714963
2022-08-19,0.019171233969312234
2022-08-20,0.021908635871551826
2022-08-21,0.02807610193949081
2022-08-22,0.01956336887733989
2022-08-23,0.01965273144770789
2022-08-24,0.029384229994211607
2022-08-25,0.04306763756276822
2022-08-26,0.04674144502842564
2022-08-27,0.037758275645121846
2022-08-28,0.025892954284875154
2022-08-29,0.017726512975308965
2022-08-30,0.012193490118991759
2022-08-31,0.011149976822036882
2022-09-01,0.011390080389123874
2022-09-02,0.010663213850638143
2022-09-03,0.008843786035254082
2022-09-04,0.009214675471097312
2022-09-05,0.011644997609882572
2022-09-06,0.00924029137981544
2022-09-07,0.009377290185605507
2022-09-08,0.009527820456185686
2022-09-09,0.009339367242508993
2022-09-10,0.011226036599827398
2022-09-11,0.013881815793754365
2022-09-12,0.01183770576732171
2022-09-13,0.009474537258170754
2022-09-14,0.008395200876251596
2022-09-15,0.007725643119605858
2022-09-16,0.006949475885988595
2022-09-17,0.009828486004022535
2022-09-18,0.007172635878364986
2022-09-19,0.006300222084166043
2022-09-20,0.006418868993632727
2022-09-21,0.007939295833716657
2022-09-22,0.006891617890895946
2022-09-23,0.006404425905376682
2022-09-24,0.008342672273857201
2022-09-25,0.011147961057235116
2022-09-26,0.007511365892818504
2022-09-27,0.0061130291493468785
2022-09-28,0.0072576824572055535
2022-09-29,0.006713096897125591
2022-09-30,0.006175127657587151
2022-10-01,0.008517833593027059
2022-10-02,0.008491963684379123
2022-10-03,0.007684593630831516
2022-10-04,0.007516024412772844
2022-10-05,0.006870382116697622
2022-10-06,0.007302697904731855
2022-10-07,0.0070560465234293475
2022-10-08,0.006150012955965769
2022-10-09,0.005675531084181827
2022-10-10,0.006930807296967172
2022-10-11,0.007198066211288809
2022-10-12,0.006774115208314917
2022-10-13,0.00576376526409229
2022-10-14,0.005053468800516982
2022-10-15,0.005102171381912262
2022-10-16,0.0052142151872906295
2022-10-17,0.005149187825006137
2022-10-18,0.005250866139336998
2022-10-19,0.005772956740642069
2022-10-20,0.00527355056860713
2022-10-21,0.00457120034615147
2022-10-22,0.00439734871542428
2022-10-23,0.004516606295773527
2022-10-24,0.004483115614630537
2022-10-25,0.00457800741948399
2022-10-26,0.004582110049590877
2022-10-27,0.004586577272741188
2022-10-28,0.00416356617672926
2022-10-29,0.004767043151923526
2022-10-30,0.004940222653296151
2022-10-31,0.005128195174251707
2022-11-01,0.005017832050567436
2022-11-02,0.004039529735789127
2022-11-03,0.004348885826634323
2022-11-04,0.004277124908625882
2022-11-05,0.0043876070958228435
2022-11-06,0.004339277651327538
2022-11-07,0.0045788220953872655
2022-11-08,0.003563388805914324
2022-11-09,0.004557699655881288
2022-11-10,0.0035296103672468656
2022-11-11,0.0032018995408392434
2022-11-12,0.003116532841757023
2022-11-13,0.003180949048237269
2022-11-14,0.0036392959034433816
2022-11-15,0.00302540648403867
2022-11-16,0.0029749620984556428
2022-11-17,0.0029082184403361453
2022-11-18,0.0029311806797623664
2022-11-19,0.002942063433431361
2022-11-20,0.0028350855580511905
2022-11-21,0.002769919881703085
2022-11-22,0.00273995811849496
2022-11-23,0.0027146277776288097
2022-11-24,0.0027153355757275044
2022-11-25,0.002732650396387469
2022-11-26,0.0027339051870533056
2022-11-27,0.002650503413683298
2022-11-28,0.0026018216134431685
2022-11-29,0.002596814659630691
2022-11-30,0.0025736100891417327
2022-12-01,0.002553473648274767
2022-12-02,0.0025678574198602644
2022-12-03,0.002527476021559689
2022-12-04,0.002422852656272457
2022-12-05,0.0024054966836718817
2022-12-06,0.0024046708114969385
2022-12-07,0.00235938846763267
2022-12-08,0.002434567078097992
2022-12-09,0.0025936514122379367
2022-12-10,0.002453146765259012
2022-12-11,0.0022938595208382346
2022-12-12,0.002300210673683381
2022-12-13,0.002259143901001098
2022-12-14,0.0022276920855811796
2022-12-15,0.002211033427017481
2022-12-16,0.0021910187398992693
2022-12-17,0.002182271589517192
2022-12-18,0.0021482643554959183
2022-12-19,0.0021079677112667903
2022-12-20,0.00208456328480807
2022-12-21,0.0020623999085321236
2022-12-22,0.0020466184276674675
2022-12-23,0.0020289373580342374
2022-12-24,0.00200449522366016
2022-12-25,0.0019845663732656195
2022-12-26,0.001974244324228914
2022-12-27,0.0019535063136297704
2022-12-28,0.0019353101318819893
2022-12-29,0.002177715235674076
2022-12-30,0.002084071812029164
2022-12-31,0.001928755875505072
2023-01-01,0.0019211808125356481
2023-01-02,0.001875844809935883
2023-01-03,0.0018534540273738166
2023-01-04,0.001839861099903508
2023-01-05,0.0018268223097528736
2023-01-06,0.0018192126060607846
2023-01-07,0.0018224327998803023
2023-01-08,0.002042444010557721
2023-01-09,0.001999497195740932
2023-01-10,0.0018040415669617644
2023-01-11,0.002367906477997744
2023-01-12,0.0023427402743660237
2023-01-13,0.0017995974516232711
2023-01-14,0.001681581437487879
2023-01-15,0.0016642899134851489
2023-01-16,0.0016503030422608317
2023-01-17,0.0016370727559035737
2023-01-18,0.00162582726204319
2023-01-19,0.0016544694203936288
2023-01-20,0.0017020522788614375
2023-01-21,0.0017190994333782762
2023-01-22,0.0017539871337306145
2023-01-23,0.0016746272909956502
2023-01-24,0.0017786964939641688
2023-01-25,0.0017119331794764217
2023-01-26,0.0015649642200175143
2023-01-27,0.0015426872469413615
2023-01-28,0.0015268726992608756
2023-01-29,0.0017435446419708804
2023-01-30,0.002874617955142787
2023-01-31,0.0016106896858691204
2023-02-01,0.001514549185684285
2023-02-02,0.001538218369520165
2023-02-03,0.0016902379884865502
2023-02-04,0.0017014568106383315
2023-02-05,0.0016397322929687162
2023-02-06,0.0019828635560352748
2023-02-07,0.0015334556768774226
2023-02-08,0.0015194776775443025
2023-02-09,0.002239918029326732
2023-02-10,0.00281380320321574
2023-02-11,0.0015981845127770453
2023-02-12,0.0015000327487002705
2023-02-13,0.001515662548840487
2023-02-14,0.0015391911437163774
2023-02-15,0.001584807592160126
2023-02-16,0.0016678441629002594
2023-02-17,0.0017619855382165145
2023-02-18,0.0018276760010452174
2023-02-19,0.002311305835051046
2023-02-20,0.004485743145701798
2023-02-21,0.002091614739312591
2023-02-22,0.0018892993493298217
2023-02-23,0.0020016582701998338
2023-02-24,0.002144800833391827
2023-02-25,0.0020058050336424424
2023-02-26,0.002576489473293358
2023-02-27,0.0022634817466850826
2023-02-28,0.0020635492602342855
2023-03-01,0.0024764851102433163
2023-03-02,0.0030557739418243263
2023-03-03,0.0026801077833597804
2023-03-04,0.0023731350696400756
2023-03-05,0.002547025194608423
2023-03-06,0.002469769133959759
2023-03-07,0.002545746517519162
2023-03-08,0.0025589421723663398
2023-03-09,0.0026221988265641314
2023-03-10,0.0028119207581149826
2023-03-11,0.0028581305862596567
2023-03-12,0.0025391138408288427
2023-03-13,0.003012978595766756
2023-03-14,0.0028182917058017097
2023-03-15,0.002833648460359227
2023-03-16,0.002726080455162221
2023-03-17,0.003046205937288943
2023-03-18,0.0028647807729988177
2023-03-19,0.002869042393580916
2023-03-20,0.0028763999023448533
2023-03-21,0.002796839244051088
2023-03-22,0.002712873453030364
2023-03-23,0.002775529338844205
2023-03-24,0.0025102658393779155
2023-03-25,0.0030222658991650936
2023-03-26,0.002713425181654319
2023-03-27,0.0027253675541071163
2023-03-28,0.0028520540657534805
2023-03-29,0.003392431374367433
2023-03-30,0.003833860053949567
2023-03-31,0.003957856663595822
2023-04-01,0.004418322146443488
2023-04-02,0.003686661094426449
2023-04-03,0.00391130723085849
2023-04-04,0.0035112510984307474
2023-04-05,0.0023484370996542047
2023-04-06,0.0026285536656854708
2023-04-07,0.0022429624101014704
2023-04-08,0.0024238103825393745
2023-04-09,0.0028119727720101635
2023-04-10,0.0037419113738966963
2023-04-11,0.0043658257168653625
2023-04-12,0.005054891647438045
2023-04-13,0.005591350750406943
2023-04-14,0.006264189730898103
2023-04-15,0.006912360157765411
2023-04-16,0.005492524074253434
2023-04-17,0.0076551277603927985
2023-04-18,0.015246313938152678
2023-04-19,0.009509660816234717
2023-04-20,0.005928430712597817
2023-04-21,0.0036048788902610846
2023-04-22,0.0028149841075400628
2023-04-23,0.0035387666420583974
2023-04-24,0.004008135848107438
2023-04-25,0.005425201267601639
2023-04-26,0.008127941362675842
2023-04-27,0.008325692036528366
2023-04-28,0.006995988654476286
2023-04-29,0.006848564010787536
2023-04-30,0.007732291081196616
2023-05-01,0.010052357290384173
2023-05-02,0.011905717522761004
2023-05-03,0.012323651501295768
2023-05-04,0.01193086343419764
2023-05-05,0.013236249364699353
2023-05-06,0.00797891815401071
2023-05-07,0.006923506096490263
2023-05-08,0.005003518948226081
2023-05-09,0.004271784689605015
2023-05-10,0.004871515332396554
2023-05-11,0.006273634124693342
2023-05-12,0.008149426273227987
2023-05-13,0.0106075766360427
2023-05-14,0.015149811693633027
2023-05-15,0.01569799291552221
2023-05-16,0.014943418151054657
2023-05-17,0.020410717086379402
2023-05-18,0.017951914212869867
2023-05-19,0.019938651430188525
2023-05-20,0.018457833442748126
2023-05-21,0.020555099621268835
2023-05-22,0.025247091311119
2023-05-23,0.025536475353390688
2023-05-24,0.028534903866125637
2023-05-25,0.026025234185678554
2023-05-26,0.017169113080743783
2023-05-27,0.010507503167272541
2023-05-28,0.010522890553257771
2023-05-29,0.015556588070289284
2023-05-30,0.026838520461886596
2023-05-31,0.027002447654918223
2023-06-01,0.02799969624724036
2023-06-02,0.02333906059559478
2023-06-03,0.021211113557227837
2023-06-04,0.02557561410362827
2023-06-05,0.0297994745611404
2023-06-06,0.03834661803469237
2023-06-07,0.048972070027341816
2023-06-08,0.05699113096977342
2023-06-09,0.06081973607269598
2023-06-10,0.06581041104004232
2023-06-11,0.07192814364190044
2023-06-12,0.07687236720343858
2023-06-13,0.08373922203570891
2023-06-14,0.08918987407635394
2023-06-15,0.09101361178319511
2023-06-16,0.0944276635793973
2023-06-17,0.10173117369031104
2023-06-18,0.10996338266964474
2023-06-19,0.10858266777502013
2023-06-20,0.10749233901533788
2023-06-21,0.11165483124578071
2023-06-22,0.12119426852431317
2023-06-23,0.13118521818603526
2023-06-24,0.1320235245075952
2023-06-25,0.14453817457145784
2023-06-26,0.15162051371061083
2023-06-27,0.14402372306968464
2023-06-28,0.1306946072694399
2023-06-29,0.1382011090099574
2023-06-30,0.11320868145660619
2023-07-01,0.10694530887351252
2023-07-02,0.09509933609557285
2023-07-03,0.09275348335507642
2023-07-04,0.09433008910336683
2023-07-05,0.0785241104522736
2023-07-06,0.07841247591344173
2023-07-07,0.06184081243520515
2023-07-08,0.057791259384319366
2023-07-09,0.05200717512719883
2023-07-10,0.03748652977151191
2023-07-11,0.03777035437334055
2023-07-12,0.039668928123362056
2023-07-13,0.04228604825751877
2023-07-14,0.05316527243258559
2023-07-15,0.06989758386781379
2023-07-16,0.07929972906533445
2023-07-17,0.08619262064869733
2023-07-18,0.08078974438051753
2023-07-19,0.07961521146835585
2023-07-20,0.0815696834228608
2023-07-21,0.0825646764517656
2023-07-22,0.08571715507936771
2023-07-23,0.0723703491927785
2023-07-24,0.06088922367021473
2023-07-25,0.055273349585702326
2023-07-26,0.05343173315815263
2023-07-27,0.050919588334116805
2023-07-28,0.05622674853801482
2023-07-29,0.047199233375895176
2023-07-30,0.032329345991666286
2023-07-31,0.031225004319598296
2023-08-01,0.026541725092337303
2023-08-02,0.026065360527908202
2023-08-03,0.025354404860201383
2023-08-04,0.02472094680717295
2023-08-05,0.028558680207847107
2023-08-06,0.03010487913963261
2023-08-07,0.0283870814216698
2023-08-08,0.015722674760463292
2023-08-09,0.012517153390694435
2023-08-10,0.01403535681290677
2023-08-11,0.015681076608752422
2023-08-12,0.013072543916515028
2023-08-13,0.0120519155312009
2023-08-14,0.01664501973323406
2023-08-15,0.012362912516451049
2023-08-16,0.010962502907073509
2023-08-17,0.010977545933073141
2023-08-18,0.009853606559145089
2023-08-19,0.009853815155471412
2023-08-20,0.008572988680644964
2023-08-21,0.008341656328234082
2023-08-22,0.010024431874657359
2023-08-23,0.01290062950615293
2023-08-24,0.016519308094496154
2023-08-25,0.014720594533482444
2023-08-26,0.013505214904204808
2023-08-27,0.01254180611007919
2023-08-28,0.00983579944155024
2023-08-29,0.007900283675816255
2023-08-30,0.0061875192131088195
2023-08-31,0.0058397838613981
2023-09-01,0.006145909506675177
2023-09-02,0.00917780934268877
2023-09-03,0.009414094843539306
2023-09-04,0.007932411073977774
2023-09-05,0.008166272704564295
2023-09-06,0.007544998411586132
2023-09-07,0.006905277380478438
2023-09-08,0.005853770291879856
2023-09-09,0.0053457518857820685
2023-09-10,0.00502634110351225
2023-09-11,0.004775283650156842
2023-09-12,0.004864317729648543
2023-09-13,0.004912634394401692
2023-09-14,0.0060696623774726104
2023-09-15,0.0070081459734630345
2023-09-16,0.006624473465637101
2023-09-17,0.008438714960195607
2023-09-18,0.008764447381953647
2023-09-19,0.007506980848327068
2023-09-20,0.006388105127997904
2023-09-21,0.006463172201551617
2023-09-22,0.006572445002773844
2023-09-23,0.007346395013528881
2023-09-24,0.008061057364476175
2023-09-25,0.007460917542596883
2023-09-26,0.006148127446469424
2023-09-27,0.005898858907445799
2023-09-28,0.005990930124542193
2023-09-29,0.006712867310634261
2023-09-30,0.00625202240511203
2023-10-01,0.005589199493270953
2023-10-02,0.007248170591831078
2023-10-03,0.005974242159222162
2023-10-04,0.005494013145022968
2023-10-05,0.004855488976650133
2023-10-06,0.005688130639028937
2023-10-07,0.006894119004770149
2023-10-08,0.006743633814698957
2023-10-09,0.006586719565056617
2023-10-10,0.005534685786794605
2023-10-11,0.00451413822987926
2023-10-12,0.004872219627862741
2023-10-13,0.005310642069364481
2023-10-14,0.005889644073660588
2023-10-15,0.005173618483614935
2023-10-16,0.004909678101342463
2023-10-17,0.004858995711762818
2023-10-18,0.004146707883063847
2023-10-19,0.0038493022926720474
2023-10-20,0.003868436233701721
2023-10-21,0.003954790637187962
2023-10-22,0.004240079695114006
2023-10-23,0.003976373251166273
2023-10-24,0.003757895744802028
2023-10-25,0.0037273759912398834
2023-10-26,0.0037980008038903737
2023-10-27,0.003978597644585452
2023-10-28,0.003854029948063103
2023-10-29,0.004096422881224512
2023-10-30,0.004103134048581187
2023-10-31,0.00395070648387105
2023-11-01,0.004220467007570983
2023-11-02,0.004358825356562189
2023-11-03,0.0035725135231704313
2023-11-04,0.0033735646571114975
2023-11-05,0.0034243437398991986
2023-11-06,0.0034028268551440635
2023-11-07,0.003328888231265462
2023-11-08,0.0034487412714466746
2023-11-09,0.003605263682217277
2023-11-10,0.0035635690106165965
2023-11-11,0.0033678321275872085
2023-11-12,0.0032553331771344816
2023-11-13,0.0030255857102586426
2023-11-14,0.0028820956094750606
2023-11-15,0.002693224365692874
2023-11-16,0.0028016533397199153
2023-11-17,0.002896735736273739
2023-11-18,0.0030487746452112826
2023-11-19,0.00326736454042544
2023-11-20,0.0027771433326071885
2023-11-21,0.0026185733640914843
2023-11-22,0.0026799980751455615
2023-11-23,0.0029153022714168884
2023-11-24,0.0026220935538216862
2023-11-25,0.0025030893472905032
2023-11-26,0.0027606390810879598
2023-11-27,0.002888638088586152
2023-11-28,0.0032972306517713846
2023-11-29,0.0026624327938046
2023-11-30,0.002848633419888021
2023-12-01,0.0028889039555029822
2023-12-02,0.0023472779458465366
2023-12-03,0.002275577479003752
2023-12-04,0.002430081944730669
2023-12-05,0.0022566367142261828
2023-12-06,0.002222098950131707
2023-12-07,0.002160229835319985
2023-12-08,0.0023132238799174107
2023-12-09,0.002141274397522968
2023-12-10,0.0020614819025422436
2023-12-11,0.0021345123390112816
2023-12-12,0.0021431185647188917
2023-12-13,0.0024163492911538037
2023-12-14,0.0025125560584369332
2023-12-15,0.002527704852664766
2023-12-16,0.002268515368801063
2023-12-17,0.0022556424688325344
2023-12-18,0.0020693814492957815
2023-12-19,0.0022258496364880127
2023-12-20,0.0025443019384905584
2023-12-21,0.0024371249864015877
2023-12-22,0.002345300808621783
2023-12-23,0.002356622480098499
2023-12-24,0.0022597799065670887
2023-12-25,0.002594308278382368
2023-12-26,0.002332849530931178
2023-12-27,0.002023806420517541
2023-12-28,0.001799800400590086
2023-12-29,0.0019002915451929922
2023-12-30,0.0018822488229905832
2023-12-31,0.002032838053444582
2024-01-01,0.0016767421486675832
2024-01-02,0.0016747936519994702
2024-01-03,0.0017019149371674635
2024-01-04,0.0016595381568395575
2024-01-05,0.0016243448783109023
2024-01-06,0.0016513635878767886
2024-01-07,0.0017306728120368882
2024-01-08,0.0018032695758083944
2024-01-09,0.0019062848875468672
2024-01-10,0.001804418656697207
2024-01-11,0.0020267862126952304
2024-01-12,0.002264374001034205
2024-01-13,0.0027634552473699524
2024-01-14,0.0026648020227481757
2024-01-15,0.0023809205880611414
2024-01-16,0.0018986299388271022
2024-01-17,0.0020217212082901427
2024-01-18,0.0017393348395709806
2024-01-19,0.0017962257804491804
2024-01-20,0.0017886377656193954
2024-01-21,0.0015732929636197467
2024-01-22,0.0017668770336184709
2024-01-23,0.0018315793540242223
2024-01-24,0.0015997431193969852
2024-01-25,0.0015340672002833913
2024-01-26,0.0019128394841217955
2024-01-27,0.002074687057032962
2024-01-28,0.0026647324366082872
2024-01-29,0.0025006221716832207
2024-01-30,0.001830985593023151
2024-01-31,0.0017456603493095106
2024-02-01,0.0011604280596225415
2024-02-02,0.0010919266558293052
2024-02-03,0.0011167282773992765
2024-02-04,0.0011790641242831602
2024-02-05,0.0010732970423017502
2024-02-06,0.0010358273820107553
2024-02-07,0.001025275009870411
2024-02-08,0.0010148802433664296
2024-02-09,0.001013496873923121
2024-02-10,0.001008970374706483
2024-02-11,0.0010010031427839445
2024-02-12,0.000998943777707626
2024-02-13,0.0010002371966296591
2024-02-14,0.0009805834168408376
2024-02-15,0.0010259564572715528
2024-02-16,0.0011263347734544965
2024-02-17,0.0013205438091733652
2024-02-18,0.00205386165725269
2024-02-19,0.0075774349131990364
2024-02-20,0.0015178695101541264
2024-02-21,0.000981380609745623
2024-02-22,0.0009313926895211552
2024-02-23,0.0009035398387066827
2024-02-24,0.0009039336152229801
2024-02-25,0.0009078256433923529
2024-02-26,0.0008870907233878821
2024-02-27,0.0009647040397510974
2024-02-28,0.0009732670053179185
2024-02-29,0.0009199832997295796
2024-03-01,0.0022492548279471176
2024-03-02,0.016101510481153266
2024-03-03,0.0027215094058200264
2024-03-04,0.001018592232556843
2024-03-05,0.0009482107359701947
2024-03-06,0.001007952211018216
2024-03-07,0.0011180074040077234
2024-03-08,0.0011121050040873812
2024-03-09,0.001047128243735437
2024-03-10,0.001013619803464155
2024-03-11,0.001139457779592655
2024-03-12,0.0013645104435990817
2024-03-13,0.0026460697764041003
2024-03-14,0.001345387759178363
2024-03-15,0.0010342656933180732
2024-03-16,0.001096353559494344
2024-03-17,0.001182231998014601
2024-03-18,0.0014514171838799872
2024-03-19,0.0015437576184021565
2024-03-20,0.0016996440182513086
2024-03-21,0.0022879451992702865
2024-03-22,0.00335094839135817
2024-03-23,0.0017846530759018397
2024-03-24,0.002115213466369768
2024-03-25,0.002123924320411399
2024-03-26,0.00210241496212884
2024-03-27,0.0028568774940415267
2024-03-28,0.003906251835918319
2024-03-29,0.004938113017270413
2024-03-30,0.007463171552833894
2024-03-31,0.0024303074484695528
2024-04-01,0.0015465579059217613
2024-04-02,0.0016268170221207215
2024-04-03,0.0024729188905867846
2024-04-04,0.0018449565152170127
2024-04-05,0.002429254830375451
2024-04-06,0.0023179653032847298
2024-04-07,0.002892290713140904
2024-04-08,0.003197020295199843
2024-04-09,0.003952184389700888
2024-04-10,0.004885751382816084
2024-04-11,0.005825873907454161
2024-04-12,0.005538032815521133
2024-04-13,0.007672370164659252
2024-04-14,0.008827136206885161
2024-04-15,0.017544449509862007
2024-04-16,0.00540347065997817
2024-04-17,0.0032428754258770703
2024-04-18,0.0082259470813115
2024-04-19,0.010942561365460252
2024-04-20,0.009487527533800454
2024-04-21,0.008772830069206988
2024-04-22,0.01109174979990442
2024-04-23,0.011356897160263588
2024-04-24,0.013247492837829809
2024-04-25,0.015204930215489914
2024-04-26,0.018035912311529588
2024-04-27,0.01513179686508393
2024-04-28,0.013621481011017822
2024-04-29,0.011119443682794442
2024-04-30,0.004359755661300805
2024-05-01,0.004306899231792969
2024-05-02,0.005391877562269006
2024-05-03,0.006442607623772207
2024-05-04,0.012486147843884658
2024-05-05,0.012588821141673923
2024-05-06,0.01531883718114226
2024-05-07,0.01808922598329127
2024-05-08,0.019751486682907635
2024-05-09,0.022705781483838616
2024-05-10,0.022976249061065167
2024-05-11,0.029745663283985934
2024-05-12,0.023435464143697578
2024-05-13,0.016798016575172197
2024-05-14,0.01857019073217336
2024-05-15,0.021710493733088074
2024-05-16,0.026724582945551523
2024-05-17,0.030423503256669544
2024-05-18,0.0321998148839189
2024-05-19,0.04302496675356476
2024-05-20,0.04884135951727517
2024-05-21,0.0534825269163415
2024-05-22,0.06034114760922971
2024-05-23,0.06751683617434161
2024-05-24,0.08325998414107147
2024-05-25,0.09884919844704282
2024-05-26,0.10071813642957389
2024-05-27,0.10348005248238304
2024-05-28,0.10203804542801366
2024-05-29,0.0854601660861901
2024-05-30,0.07091558125412455
2024-05-31,0.06388718831748136
2024-06-01,0.05996040056529167
2024-06-02,0.05783432671544279
2024-06-03,0.06682896728891309
2024-06-04,0.07695992339441736
2024-06-05,0.07011917465813367
2024-06-06,0.05647596027327711
2024-06-07,0.034352902309937844
2024-06-08,0.0297339367839378
2024-06-09,0.03535940711288765
2024-06-10,0.0445638838992661
2024-06-11,0.05968077779133973
2024-06-12,0.06847354850062053
2024-06-13,0.07897255723064091
2024-06-14,0.08803792424885241
2024-06-15,0.09114913243603083
2024-06-16,0.09286853331908447
2024-06-17,0.09853508281651527
2024-06-18,0.099817636693188
2024-06-19,0.09258086695916393
2024-06-20,0.07338129560026169
2024-06-21,0.07101805508953606
2024-06-22,0.0700706153332529
2024-06-23,0.07033921614765944
2024-06-24,0.07219552564120915
2024-06-25,0.071785500568751
2024-06-26,0.07325511752449766
2024-06-27,0.07657922879190732
2024-06-28,0.06928908274370014
2024-06-29,0.06738063809327084
2024-06-30,0.06496737684330862
2024-07-01,0.05588239254954788
2024-07-02,0.04907489869845775
2024-07-03,0.04535816644054574
2024-07-04,0.041613739504340594
2024-07-05,0.04126157017498741
2024-07-06,0.031577048462457374
2024-07-07,0.02552368640115934
2024-07-08,0.022931430952905188
2024-07-09,0.01891501593410617
2024-07-10,0.021152648051665657
2024-07-11,0.0199562090991653
2024-07-12,0.017514494422193168
2024-07-13,0.019520091203936142
2024-07-14,0.01983774490403354
2024-07-15,0.01748400533856115
2024-07-16,0.016139397930971574
2024-07-17,0.015581243100952678
2024-07-18,0.019084918290833888
2024-07-19,0.017018007522829635
2024-07-20,0.016598576639340876
2024-07-21,0.016184393565478933
2024-07-22,0.014176630416963548
2024-07-23,0.01335456581819785
2024-07-24,0.01751679489801207
2024-07-25,0.01117093917098607
2024-07-26,0.009053571747586534
2024-07-27,0.009301048418252546
2024-07-28,0.011196285482274701
2024-07-29,0.027049283902343433
2024-07-30,0.020565795193950614
2024-07-31,0.023088605125186488
2024-08-01,0.028376011707225396
2024-08-02,0.017615291012850365
2024-08-03,0.016351963066835503
2024-08-04,0.027870315660248304
2024-08-05,0.023096571314482815
2024-08-06,0.018298271591258172
2024-08-07,0.015230093391982539
2024-08-08,0.009898703071871512
2024-08-09,0.009113660879482677
2024-08-10,0.009764738015571945
2024-08-11,0.01239066361150795
2024-08-12,0.010347559801375795
2024-08-13,0.008083224917665692
2024-08-14,0.008914671204067474
2024-08-15,0.01370734926188063
2024-08-16,0.016683220811811447
2024-08-17,0.019826939097912225
2024-08-18,0.020007705335230854
2024-08-19,0.019537387290337854
2024-08-20,0.016169593200047492
2024-08-21,0.013760941322945454
2024-08-22,0.011079453633629981
2024-08-23,0.0073700716232193726
2024-08-24,0.006707107538698233
2024-08-25,0.007609227625185753
2024-08-26,0.008279647598323465
2024-08-27,0.009813522742364423
2024-08-28,0.015203634556906516
2024-08-29,0.03332315331280855
2024-08-30,0.02986439938281685
2024-08-31,0.01863605670579827
2024-09-01,0.017234436155035473
2024-09-02,0.021079142966481022
2024-09-03,0.019063578594366602
2024-09-04,0.009645579203307296
2024-09-05,0.006414209085521635
2024-09-06,0.007858592774247148
2024-09-07,0.008736322966378328
2024-09-08,0.00830944307601362
2024-09-09,0.008487724413496673
2024-09-10,0.007597605537096324
2024-09-11,0.006593907802534073
2024-09-12,0.005217283995895214
2024-09-13,0.005784716445834784
2024-09-14,0.0072008549547942806
2024-09-15,0.006528161150612937
2024-09-16,0.005738820660366237
2024-09-17,0.005794132142515214
2024-09-18,0.005191253519707931
2024-09-19,0.0054894229419251254
2024-09-20,0.006277483466871464
2024-09-21,0.005117126674593031
2024-09-22,0.004546982962920183
2024-09-23,0.004341615161425434
2024-09-24,0.004244979833464618
2024-09-25,0.004320700581041473
2024-09-26,0.006880510909001149
2024-09-27,0.013125108171325596
2024-09-28,0.00788435703925136
2024-09-29,0.006101160984432501
2024-09-30,0.005292902004351694
2024-10-01,0.0048179366750356455
2024-10-02,0.004698349368270207
2024-10-03,0.0041796165813343415
2024-10-04,0.004293154307206086
2024-10-05,0.004835566185916796
2024-10-06,0.005732487945021622
2024-10-07,0.005389074953716656
2024-10-08,0.006878226346530289
2024-10-09,0.005597013871214533
2024-10-10,0.004663162896661745
2024-10-11,0.0043056154113312265
2024-10-12,0.004183316737340935
2024-10-13,0.004339175316087907
2024-10-14,0.004535636011487169
2024-10-15,0.0041085044083304136
2024-10-16,0.004466446231275413
2024-10-17,0.004788658136152004
2024-10-18,0.00472027223623335
2024-10-19,0.0039683678433014785
2024-10-20,0.0038456565423891855
2024-10-21,0.0037452146568081523
2024-10-22,0.0038601112433097706
2024-10-23,0.004311771761968039
2024-10-24,0.005068775346502208
2024-10-25,0.0040579286653159696
2024-10-26,0.004147663968554085
2024-10-27,0.0038183340354068043
2024-10-28,0.00524977122625312
2024-10-29,0.0054857421847496505
2024-10-30,0.003986808727337853
2024-10-31,0.003442329712161093
2024-11-01,0.0033820862544197364
2024-11-02,0.0035706907183463924
2024-11-03,0.0036868422899763113
2024-11-04,0.003497839814448544
2024-11-05,0.0035663344057366726
2024-11-06,0.0036703556655206943
2024-11-07,0.003625758803397469
2024-11-08,0.003815922434434194
2024-11-09,0.0038114537091939247
2024-11-10,0.004045755712607881
2024-11-11,0.003974195151908325
2024-11-12,0.0031492327590020223
2024-11-13,0.002865990030922031
2024-11-14,0.0031058893467013327
2024-11-15,0.0033640737455748354
2024-11-16,0.002847941918289195
2024-11-17,0.0025299832740411157
2024-11-18,0.0025340241595328155
2024-11-19,0.002494541822767723
2024-11-20,0.002490945602492169
2024-11-21,0.0024895070894668876
2024-11-22,0.002401886676907692
2024-11-23,0.0025115429071027816
2024-11-24,0.002566429112325607
2024-11-25,0.002471466183642479
2024-11-26,0.002412283576643013
2024-11-27,0.0022923721489867908
2024-11-28,0.002242241369566169
2024-11-29,0.0024665259072268715
2024-11-30,0.002393823031009126
2024-12-01,0.002376958581720158
2024-12-02,0.0023078910288001934
2024-12-03,0.0022457079863974056
2024-12-04,0.0022576712576465427
2024-12-05,0.002209942591661
2024-12-06,0.0021285954119171857
2024-12-07,0.002046477353060725
2024-12-08,0.0020144752363345664
2024-12-09,0.0019859428387961385
2024-12-10,0.002124490954418499
2024-12-11,0.0021667684645930224
2024-12-12,0.002052100016839001
2024-12-13,0.001974982425828504
2024-12-14,0.0022860910751239666
2024-12-15,0.002334122428192424
2024-12-16,0.002122974085955707
2024-12-17,0.001894703799669149
2024-12-18,0.0017881741465068108
2024-12-19,0.0018574787123302877
2024-12-20,0.0018028663778763894
2024-12-21,0.00177782623961728
2024-12-22,0.001744120896204301
2024-12-23,0.0017250025212574528
2024-12-24,0.0019021359616266842
2024-12-25,0.0017777103112294416
2024-12-26,0.0018556325830460492
2024-12-27,0.0018775571822917975
2024-12-28,0.00181714710336389
2024-12-29,0.0016051377400917118
2024-12-30,0.0016444305913529645
2024-12-31,0.0015834131566122337
2025-01-01,0.001579433607555006
2025-01-02,0.0018380549640523828
2025-01-03,0.0017570452424097312
2025-01-04,0.0018187338858635421
2025-01-05,0.0018578534050446383
2025-01-06,0.0016639475296373702
2025-01-07,0.0014768128315372016
2025-01-08,0.0014558764603191873
2025-01-09,0.001441618917697983
2025-01-10,0.0014313712765637169
2025-01-11,0.0014339951817373695
2025-01-12,0.001420757241922972
2025-01-13,0.0014024317906051241
2025-01-14,0.0013965086444410846
2025-01-15,0.001392870810459764
2025-01-16,0.0014247058057501518
2025-01-17,0.0013627229215152188
2025-01-18,0.0013573579768604539
2025-01-19,0.0013999499644534324
2025-01-20,0.0015792614474719623
2025-01-21,0.0013962888642772187
2025-01-22,0.0013417199192477967
2025-01-23,0.001293695484449081
2025-01-24,0.0012631933897987956
2025-01-25,0.0012517933567742
2025-01-26,0.0012526922259604996
2025-01-27,0.0012474425895774692
2025-01-28,0.001244894155822001
2025-01-29,0.0013819490868772252
2025-01-30,0.0012491231053578008
2025-01-31,0.001222073140264792
2025-02-01,0.0012730812782310954
2025-02-02,0.0012008999197785457
2025-02-03,0.0011898954425890948
2025-02-04,0.0012419632900768694
2025-02-05,0.0012137596998619705
2025-02-06,0.0011566533582176568
2025-02-07,0.0011321333726638499
2025-02-08,0.0011303154708521045
2025-02-09,0.0011326396087845637
2025-02-10,0.0012977088695972536
2025-02-11,0.0013857242909451853
2025-02-12,0.001159650444793933
2025-02-13,0.0011181588408728028
2025-02-14,0.0011029385007342558
2025-02-15,0.0011012640774179098
2025-02-16,0.0012097628954523835
2025-02-17,0.001140771896460565
2025-02-18,0.001063900815670452
2025-02-19,0.001102752626039115
2025-02-20,0.002077866267010034
2025-02-21,0.0011836340543751793
2025-02-22,0.001146866320988488
2025-02-23,0.0011446665321362748
2025-02-24,0.0011415121102275956
2025-02-25,0.002081249937795686
2025-02-26,0.007114954591163355
2025-02-27,0.005828369121693111
2025-02-28,0.0022593888046243036
2025-03-01,0.0011672668041408144
2025-03-02,0.001103120734651678
2025-03-03,0.004847940632133723
2025-03-04,0.001424649346906735
2025-03-05,0.001144399427552534
2025-03-06,0.0011918704885473927
2025-03-07,0.001239125682692653
2025-03-08,0.0012540622168664324
2025-03-09,0.0012864987013345053
2025-03-10,0.0028710637910112206
2025-03-11,0.0017811962236672294
2025-03-12,0.0018384691272185986
2025-03-13,0.0017304446954752133
2025-03-14,0.001790711415262925
2025-03-15,0.0022291507508229976
2025-03-16,0.0018132798550140306
2025-03-17,0.0016531370937860443
2025-03-18,0.0016839703930585914
2025-03-19,0.0017654808055328733
2025-03-20,0.001980660483585262
2025-03-21,0.0019311190629028498
2025-03-22,0.0019628709236808387
2025-03-23,0.0020167527967114747
2025-03-24,0.0018282458763364626
2025-03-25,0.0023048966243166434
2025-03-26,0.0026875833307355196
2025-03-27,0.006397468741331942
2025-03-28,0.0019817460747103667
2025-03-29,0.0013050879804370218
2025-03-30,0.0013376170190273968
2025-03-31,0.0014258625695006614
2025-04-01,0.001481486122072623
2025-04-02,0.001670596138518493
2025-04-03,0.001485675997238145
2025-04-04,0.0021060880945358257
2025-04-05,0.0023683680433756976
2025-04-06,0.0029415198878196642
2025-04-07,0.0038398557166317575
2025-04-08,0.004943829620122275
2025-04-09,0.008794007812715563
2025-04-10,0.009344992764100628
2025-04-11,0.009227387717772574
2025-04-12,0.00982118520158905
2025-04-13,0.009662952537203832
2025-04-14,0.0109421908321567
2025-04-15,0.013046416942779889
2025-04-16,0.014277177151521794
2025-04-17,0.02096326412408298
2025-04-18,0.02167493761001452
2025-04-19,0.020549536993915422
2025-04-20,0.01480557369781821
2025-04-21,0.005369738111609554
2025-04-22,0.004047066939862371
2025-04-23,0.004840500959689684
2025-04-24,0.006945944373945229
2025-04-25,0.0073805447841680865
2025-04-26,0.007146750750412975
2025-04-27,0.010120558145571154
2025-04-28,0.01330695715196247
2025-04-29,0.016183815052530248
2025-04-30,0.01902358728460357
2025-05-01,0.0225023058394687
2025-05-02,0.0240186128912489
2025-05-03,0.027172966413491942
2025-05-04,0.028379325469683025
2025-05-05,0.0305614885194839
2025-05-06,0.0332799155139898
2025-05-07,0.03571027883254621
2025-05-08,0.03982176243426365
2025-05-09,0.03959328204588495
2025-05-10,0.050056830661063915
2025-05-11,0.05094908421144092
2025-05-12,0.051619340051807086
2025-05-13,0.060391610555158515
2025-05-14,0.06265075766094674
2025-05-15,0.061561097009404056
2025-05-16,0.07109364531092525
2025-05-17,0.0864950414248818
2025-05-18,0.09571877050843186
2025-05-19,0.10191741260686422
2025-05-20,0.09455718246406764
2025-05-21,0.10124503830181486
2025-05-22,0.10452197819410876
2025-05-23,0.10424670116675969
2025-05-24,0.109472261986881
2025-05-25,0.10764718981000626
2025-05-26,0.1016522978759674
2025-05-27,0.1016336934945732
2025-05-28,0.08536965388718928
2025-05-29,0.0663923725277705
2025-05-30,0.04030921716374974
2025-05-31,0.024167798118441573
2025-06-01,0.019149832918721868
2025-06-02,0.020663094924663443
2025-06-03,0.02176620237410135
2025-06-04,0.02136902707966327
2025-06-05,0.025693895442906962
2025-06-06,0.03171455191555136
2025-06-07,0.045589524121027104
2025-06-08,0.055283165464272005
2025-06-09,0.06392521715059117
2025-06-10,0.0718994264520644
2025-06-11,0.0759316000191436
2025-06-12,0.07272103262303216
2025-06-13,0.074995902738496
2025-06-14,0.07658883236366486
2025-06-15,0.07441785592364383
2025-06-16,0.05918293453091503
2025-06-17,0.06644375691375842
2025-06-18,0.05527325315131865
2025-06-19,0.04647300129299373
2025-06-20,0.04675398676663394
2025-06-21,0.0535655487230607
2025-06-22,0.05948916769262748
2025-06-23,0.0550890703303325
2025-06-24,0.05375133653986569
2025-06-25,0.05650249712505196
2025-06-26,0.059876103426838675
2025-06-27,0.05452307412900326
2025-06-28,0.0507673534274639
2025-06-29,0.04500864977357047
2025-06-30,0.03959152919948339
2025-07-01,0.03963396558380901
2025-07-02,0.03425522380310202
2025-07-03,0.02775204931425671
2025-07-04,0.022726900969483994
2025-07-05,0.024941946397701073
2025-07-06,0.040197952948121646
2025-07-07,0.02007681092905467
2025-07-08,0.027082157916749294
2025-07-09,0.022351228910025833
2025-07-10,0.021993856904393583
2025-07-11,0.01837560115767328
2025-07-12,0.01153576473134584
2025-07-13,0.010743704071255316
2025-07-14,0.0167833845531281
2025-07-15,0.026318580703623775
2025-07-16,0.034327624176805245
2025-07-17,0.034422068756963256
2025-07-18,0.02534551991427175
2025-07-19,0.024278376828316225
2025-07-20,0.02998438604670984
2025-07-21,0.03675252767395252
2025-07-22,0.041260439920413935
2025-07-23,0.028354804408631366
2025-07-24,0.027093883353995245
2025-07-25,0.03128590973758817
2025-07-26,0.028082097572656
2025-07-27,0.021178979084955852
2025-07-28,0.016873992082397208
2025-07-29,0.01587391563447706
2025-07-30,0.03523668358402251
2025-07-31,0.026299568080501413
2025-08-01,0.01934796306001087
2025-08-02,0.024852132836201607
2025-08-03,0.013673753623565887
2025-08-04,0.011421549661311075
2025-08-05,0.01173306665619952
2025-08-06,0.01194646459305844
2025-08-07,0.010260049902896997
2025-08-08,0.009466871103039736
2025-08-09,0.010344108811703504
2025-08-10,0.012277378141466096
2025-08-11,0.012559344420484871
2025-08-12,0.014130146461797758
2025-08-13,0.01561467535399579
2025-08-14,0.027015788285667596
2025-08-15,0.04564621677000107
2025-08-16,0.026780144305209815
2025-08-17,0.013633338110901451
2025-08-18,0.048178297246505714
2025-08-19,0.017535483633541214
2025-08-20,0.009794680739958034
2025-08-21,0.007309853061128318
2025-08-22,0.006994963676266007
2025-08-23,0.011420513702906167
2025-08-24,0.020741730139773106
2025-08-25,0.015118832217559112
2025-08-26,0.02382605574075102
2025-08-27,0.012005631974939463
2025-08-28,0.010720609656664132
2025-08-29,0.010549404477167987
2025-08-30,0.010401701468477619
2025-08-31,0.01262502545590453
2025-09-01,0.012801618421498436
2025-09-02,0.019233848871490135
2025-09-03,0.020883030459474337
2025-09-04,0.012485697397821707
2025-09-05,0.012504228846582444
2025-09-06,0.012359641552424134
2025-09-07,0.012648945564125458
2025-09-08,0.015016531060985359
2025-09-09,0.014950213142970585
2025-09-10,0.009349796369824429
2025-09-11,0.007355982895729644
2025-09-12,0.007105497437494409
2025-09-13,0.007138718877944958
2025-09-14,0.0074376402545350976
2025-09-15,0.0071015224349395495
2025-09-16,0.008223969044341662
2025-09-17,0.006719961514025727
2025-09-18,0.007545369123526678
2025-09-19,0.007381265028033722
2025-09-20,0.006223097794172912
2025-09-21,0.005489277929489221
2025-09-22,0.005296208875335232
2025-09-23,0.005386064791030553
2025-09-24,0.006269056575839955
2025-09-25,0.00616042022067617
2025-09-26,0.005582241112774647
2025-09-27,0.0049938123013813385
2025-09-28,0.004756493131624737
2025-09-29,0.005213881069471634
2025-09-30,0.004892527686327894
2025-10-01,0.0049394851610329036
2025-10-02,0.006007805410697203
2025-10-03,0.006820981362877209
2025-10-04,0.006567452222344241
2025-10-05,0.006442316962766104
2025-10-06,0.007888955806177458
2025-10-07,0.00600723859653411
2025-10-08,0.004917048578053798
2025-10-09,0.0048327662933361
2025-10-10,0.005140025014168066
2025-10-11,0.005048137177585621
2025-10-12,0.004870651322256319
2025-10-13,0.005082566058486897
2025-10-14,0.005128190607325613
2025-10-15,0.005228525024071575
2025-10-16,0.0049591636982029095
2025-10-17,0.004916786658862486
2025-10-18,0.004888106121374303
2025-10-19,0.005124146834381937
2025-10-20,0.005380191312918077
2025-10-21,0.005648358509062798
2025-10-22,0.00508766696480521
2025-10-23,0.0047472844985944245
2025-10-24,0.004241196233843255
2025-10-25,0.00448234290268343
2025-10-26,0.004057131595400939
2025-10-27,0.00424827462964444
2025-10-28,0.004354963429971694
2025-10-29,0.003971132703343475
2025-10-30,0.004083818754125674
2025-10-31,0.004033339918606579
2025-11-01,0.0042183849455389956
2025-11-02,0.004332725270376368
2025-11-03,0.004153412215917635
2025-11-04,0.0043670909482124015
2025-11-05,0.003936728032896293
2025-11-06,0.0032017128763741323
2025-11-07,0.0034247648751857696
2025-11-08,0.0034766284552673384
2025-11-09,0.0032177973525796856
2025-11-10,0.003194285026912385
2025-11-11,0.003160037705427184
2025-11-12,0.003033815588964957
2025-11-13,0.0030855816108809435
2025-11-14,0.00305586546787927
2025-11-15,0.003114227767563032
2025-11-16,0.0033576606700580314
2025-11-17,0.0041606647874241525
2025-11-18,0.0037667666787881845
2025-11-19,0.00357270895388601
2025-11-20,0.0031745903079076674
2025-11-21,0.003108299389211667
2025-11-22,0.002789843032752971
2025-11-23,0.002725698094661315
2025-11-24,0.002651233959070745
2025-11-25,0.002591752302370161
2025-11-26,0.0024068482421780546
2025-11-27,0.0025279152213230475
2025-11-28,0.0025038145865260595
2025-11-29,0.0024899808971914415
2025-11-30,0.002530799637887681
2025-12-01,0.002874907203633269
2025-12-02,0.003159420893477642
2025-12-03,0.002672685641870161
2025-12-04,0.002413267246496031
2025-12-05,0.0025596243054363645
2025-12-06,0.0026822215278368366
2025-12-07,0.002904688617936323
2025-12-08,0.0028854749343150965
2025-12-09,0.002362834248235147
2025-12-10,0.0030285807138219325
2025-12-11,0.002208839411029349
2025-12-12,0.0023881078265178507
2025-12-13,0.0022588830208496464
2025-12-14,0.002755240713066148
2025-12-15,0.0027089741217643953
2025-12-16,0.0025075765967328754
2025-12-17,0.0022008623658498266
2025-12-18,0.0021800418984749327
2025-12-19,0.0022175601528501027
2025-12-20,0.002244519917908723
2025-12-21,0.0025424074427407286
2025-12-22,0.002562669379488683
2025-12-23,0.0016836569659760268
2025-12-24,0.0016164650220523435
2025-12-25,0.0015953002825453083
2025-12-26,0.0015635280294315254
2025-12-27,0.001528298094328469
2025-12-28,0.0016053770600335498
2025-12-29,0.0016018639208327991
2025-12-30,0.0016714909886236013
2025-12-31,0.0018401998423219165
