date,sca_km2
2000-02-24,0.0
2000-02-25,0.0
2000-02-26,83440.37260298805
2000-02-27,18463.058892140692
2000-02-28,44309.78305543299
2000-02-29,7424.4881194002455
2000-03-01,43478.061731385
2000-03-02,23950.56906090787
2000-03-03,26226.395419835553
2000-03-04,390.90100115931386
2000-03-05,66168.30929711612
2000-03-06,28240.509962855653
2000-03-07,25529.05987585711
2000-03-08,84854.19405094284
2000-03-09,15575.09886158849
2000-03-10,41770.07493399355
2000-03-11,1670.6779806875
2000-03-12,28061.648177541687
2000-03-13,78153.36197975972
2000-03-14,74364.51735075485
2000-03-15,73798.26786858018
2000-03-16,9509.795687404689
2000-03-17,21466.825705986514
2000-03-18,16006.830990694361
2000-03-19,68676.91353495161
2000-03-20,25125.39675391641
2000-03-21,39367.473078500254
2000-03-22,30364.510695879413
2000-03-23,0.0
2000-03-24,94508.09911935906
2000-03-25,81198.32702389077
2000-03-26,101018.51496167993
2000-03-27,52118.68866558135
2000-03-28,49652.423842419295
2000-03-29,16644.21629634802
2000-03-30,1569.1402406370098
2000-03-31,374.8175778678923
2000-04-01,28259.284809877958
2000-04-02,94361.03662875718
2000-04-03,38320.517620822924
2000-04-04,28467.29657520786
2000-04-05,49262.67075233334
2000-04-06,90382.03351610273
2000-04-07,2081.296606189951
2000-04-08,21854.541405698783
2000-04-09,73734.87121982605
2000-04-10,98733.62625050932
2000-04-11,98717.27663389783
2000-04-12,98645.95100226332
2000-04-13,66925.44686630536
2000-04-14,3428.1545932750028
2000-04-15,50188.43386831639
2000-04-16,69311.45646641606
2000-04-17,60400.62138746883
2000-04-18,24564.405398858336
2000-04-19,28786.26774953359
2000-04-20,47965.329714966894
2000-04-21,36542.97148199434
2000-04-22,26252.358107219385
2000-04-23,34646.96184055907
2000-04-24,53222.84233438697
2000-04-25,64179.15906689508
2000-04-26,0.0
2000-04-27,0.0
2000-04-28,0.0
2000-04-29,34413.19322248904
2000-04-30,49906.47925198258
2000-05-01,76523.73050801737
2000-05-02,78596.25721025318
2000-05-03,45302.522344102406
2000-05-04,8998.881002108317
2000-05-05,49251.3577835473
2000-05-06,64568.13824755511
2000-05-07,75306.2190024634
2000-05-08,66174.67016456049
2000-05-09,70495.46584876666
2000-05-10,61923.127506295794
2000-05-11,62910.95388913815
2000-05-12,43448.10151230876
2000-05-13,22160.642190972805
2000-05-14,38319.621773880805
2000-05-15,35234.02887278035
2000-05-16,35382.40659843551
2000-05-17,41218.43604896736
2000-05-18,38224.246523845984
2000-05-19,8420.19284178064
2000-05-20,20393.52844260223
2000-05-21,45517.99065153939
2000-05-22,33989.34861333899
2000-05-23,6958.306101176476
2000-05-24,20930.37075643605
2000-05-25,20025.80427473337
2000-05-26,26282.64899701056
2000-05-27,23226.88251838062
2000-05-28,24235.988614499063
2000-05-29,0.0
2000-05-30,1367.5162471862736
2000-05-31,24045.36505270172
2000-06-01,12355.247361928421
2000-06-02,22566.392321948286
2000-06-03,3996.9749949235293
2000-06-04,20925.639572305878
2000-06-05,23462.618689269148
2000-06-06,26944.984663455405
2000-06-07,22823.03011121767
2000-06-08,6442.578188269114
2000-06-09,12442.033322635045
2000-06-10,9161.544987465191
2000-06-11,23220.53639264145
2000-06-12,41110.55987416612
2000-06-13,36081.51654741157
2000-06-14,30498.192036598073
2000-06-15,4708.485919545095
2000-06-16,29265.268468530638
2000-06-17,19555.566586444846
2000-06-18,20968.208536556376
2000-06-19,15148.386862018862
2000-06-20,7098.988283788731
2000-06-21,10371.130295638466
2000-06-22,4489.04896698186
2000-06-23,16229.95715163454
2000-06-24,17443.84511882426
2000-06-25,21889.459308247064
2000-06-26,27371.494757899523
2000-06-27,24876.531930712295
2000-06-28,23454.73090959999
2000-06-29,11495.49730187818
2000-06-30,2472.9092160017144
2000-07-01,5258.499072041418
2000-07-02,4928.874994149509
2000-07-03,6084.9823329708315
2000-07-04,5617.852037755639
2000-07-05,9099.559166588722
2000-07-06,14059.06219423135
2000-07-07,12492.942965101229
2000-07-08,3962.1696781948517
2000-07-09,8835.526897062009
2000-07-10,9883.400620023045
2000-07-11,4789.81272063333
2000-07-12,5962.42571156741
2000-07-13,1712.7027186311268
2000-07-14,3222.2344182061274
2000-07-15,3802.9814692326017
2000-07-16,8146.306464696086
2000-07-17,3278.4083485318633
2000-07-18,10254.042160611265
2000-07-19,3746.04317592745
2000-07-20,3441.826638491664
2000-07-21,8007.853941681618
2000-07-22,6416.605121631375
2000-07-23,2240.5224856526975
2000-07-24,1946.4223374647065
2000-07-25,7089.922368004166
2000-07-26,12398.723799082583
2000-07-27,14664.942620559064
2000-07-28,13696.12467415196
2000-07-29,10863.644136754148
2000-07-30,15383.314546358819
2000-07-31,4569.656435887253
2000-08-01,2810.8158143289206
2000-08-02,4452.535448748531
2000-08-03,20853.31390701518
2000-08-04,22977.23116636251
2000-08-05,20660.74315532768
2000-08-06,-9999
2000-08-07,-9999
2000-08-08,-9999
2000-08-09,-9999
2000-08-10,-9999
2000-08-11,-9999
2000-08-12,-9999
2000-08-13,-9999
2000-08-14,-9999
2000-08-15,-9999
2000-08-16,-9999
2000-08-17,-9999
2000-08-18,0.0
2000-08-19,7124.057043508087
2000-08-20,5670.945207047059
2000-08-21,5457.12575367181
2000-08-22,2771.1899373830897
2000-08-23,6123.091818552453
2000-08-24,16269.386321559072
2000-08-25,19179.553247960805
2000-08-26,13181.786913684558
2000-08-27,12752.65505420246
2000-08-28,20003.821058452464
2000-08-29,18906.629138625267
2000-08-30,14169.917717690209
2000-08-31,7079.495336674022
2000-09-01,8759.335365821815
2000-09-02,9750.144912095582
2000-09-03,11724.808989931611
2000-09-04,13167.433589840679
2000-09-05,7268.411871364458
2000-09-06,7878.980028806374
2000-09-07,4637.641448258332
2000-09-08,7879.528310331865
2000-09-09,3941.5230872191187
2000-09-10,7200.020334114952
2000-09-11,22923.18163046667
2000-09-12,26905.113057575225
2000-09-13,15093.154329788716
2000-09-14,13076.95518748113
2000-09-15,20851.730674708342
2000-09-16,23519.145029860803
2000-09-17,19326.344097779187
2000-09-18,0.0
2000-09-19,16524.750057723282
2000-09-20,4718.077188802938
2000-09-21,3626.1625149950996
2000-09-22,6642.237255609067
2000-09-23,10807.143371487991
2000-09-24,14212.44781325661
2000-09-25,13570.471084651943
2000-09-26,2172.2806781806385
2000-09-27,19144.18603791937
2000-09-28,45347.244932258036
2000-09-29,38654.91197391905
2000-09-30,38788.95074801387
2000-10-01,16053.140202859055
2000-10-02,9312.764891938721
2000-10-03,25383.706848993897
2000-10-04,28282.60423721203
2000-10-05,3995.4963792651965
2000-10-06,4125.067153344364
2000-10-07,2707.394359103188
2000-10-08,6778.630574935789
2000-10-09,6900.925369376226
2000-10-10,21221.160323110784
2000-10-11,37159.95703221582
2000-10-12,37530.512497899115
2000-10-13,28341.507773875983
2000-10-14,32825.29079667206
2000-10-15,44587.86426879453
2000-10-16,16066.375529766154
2000-10-17,13355.780218715186
2000-10-18,36445.7269937102
2000-10-19,12971.159708223038
2000-10-20,34961.252796615634
2000-10-21,32135.994443082123
2000-10-22,18689.107527719367
2000-10-23,9252.361649316666
2000-10-24,22274.55242607502
2000-10-25,24168.523629208594
2000-10-26,33384.47070950732
2000-10-27,0.0
2000-10-28,36933.02357245124
2000-10-29,37015.36414814344
2000-10-30,39086.863371008
2000-10-31,29697.36575947182
2000-11-01,16858.4810785821
2000-11-02,13914.873849852429
2000-11-03,26172.074695936026
2000-11-04,24261.257067426483
2000-11-05,12727.568942904156
2000-11-06,1275.8929167894605
2000-11-07,4888.393920059798
2000-11-08,358.6919408306373
2000-11-09,18937.380093193886
2000-11-10,7294.50528719877
2000-11-11,2645.295777367893
2000-11-12,6332.898335489702
2000-11-13,1070.3584216789218
2000-11-14,82746.89955066054
2000-11-15,27048.177679433593
2000-11-16,2910.5174988289205
2000-11-17,403.7630112350491
2000-11-18,38319.43012468701
2000-11-19,75852.43572561005
2000-11-20,51663.97028224359
2000-11-21,10316.946859233334
2000-11-22,1477.274425952941
2000-11-23,15526.523533439453
2000-11-24,33966.16286280099
2000-11-25,66078.70927860888
2000-11-26,30545.80433555979
2000-11-27,10174.59769025564
2000-11-28,77271.77717506055
2000-11-29,43001.225888238754
2000-11-30,36477.59514393235
2000-12-01,52412.92318840944
2000-12-02,55515.20007984291
2000-12-03,4187.480737597796
2000-12-04,10643.686663920827
2000-12-05,56826.49964471892
2000-12-06,63813.230300069445
2000-12-07,7510.910260966906
2000-12-08,32455.288554511993
2000-12-09,48077.724128290996
2000-12-10,25973.40399919169
2000-12-11,75423.27736215458
2000-12-12,44306.60226654146
2000-12-13,20629.469542965922
2000-12-14,60448.2119990506
2000-12-15,148.87017713970593
2000-12-16,295.12664924632355
2000-12-17,1261.1568831747552
2000-12-18,41234.38505389897
2000-12-19,98297.22853548931
2000-12-20,101664.87881335459
2000-12-21,65469.40639039759
2000-12-22,37637.606841661545
2000-12-23,58665.52050687279
2000-12-24,49215.21414687995
2000-12-25,37336.3144146926
2000-12-26,92924.29553458361
2000-12-27,54487.3036069669
2000-12-28,8193.2310983723
2000-12-29,45191.93718722475
2000-12-30,76978.11790245298
2000-12-31,14680.867639709568
2001-01-01,78457.11286840503
2001-01-02,78473.69007143824
2001-01-03,37106.442891286504
2001-01-04,65090.105660327274
2001-01-05,43497.05212789707
2001-01-06,10584.831069010052
2001-01-07,23572.114595595798
2001-01-08,77003.68998625956
2001-01-09,55448.06689603394
2001-01-10,67282.01786657733
2001-01-11,75942.22903479927
2001-01-12,41032.92424142058
2001-01-13,81598.83898562372
2001-01-14,64530.02469370588
2001-01-15,79347.82588076887
2001-01-16,5560.646247153186
2001-01-17,2532.3839825105388
2001-01-18,7744.749678574018
2001-01-19,1568.1880929301471
2001-01-20,5198.199143525004
2001-01-21,1327.3714273637254
2001-01-22,1945.2757117573528
2001-01-23,25562.649653144133
2001-01-24,87260.88302513013
2001-01-25,21972.616758980166
2001-01-26,59328.82037712178
2001-01-27,53708.966692002876
2001-01-28,69184.45855112454
2001-01-29,44711.57314306107
2001-01-30,25394.515689301228
2001-01-31,8200.013015306131
2001-02-01,24048.13857934805
2001-02-02,61379.05605638525
2001-02-03,26712.163076152465
2001-02-04,18631.275103133823
2001-02-05,25747.886171143877
2001-02-06,7072.7005594338225
2001-02-07,29121.07471045513
2001-02-08,57868.09565007746
2001-02-09,71980.38881303501
2001-02-10,44433.59096658359
2001-02-11,28679.775241845095
2001-02-12,1432.2573553833338
2001-02-13,0.0
2001-02-14,623.5859957230393
2001-02-15,52434.74418783387
2001-02-16,6923.800403779164
2001-02-17,766.9977770762256
2001-02-18,39157.22376521004
2001-02-19,72455.7039738865
2001-02-20,11883.852621074751
2001-02-21,43223.06387686704
2001-02-22,2887.170358130636
2001-02-23,618.5377141911764
2001-02-24,13665.877884780391
2001-02-25,23483.99769879339
2001-02-26,46075.67030412235
2001-02-27,100253.47228706551
2001-02-28,12856.55106286642
2001-03-01,62812.10534160147
2001-03-02,83527.56928439978
2001-03-03,25928.44150290564
2001-03-04,79567.3947044948
2001-03-05,78871.81732727299
2001-03-06,57861.19490080733
2001-03-07,11514.245897659304
2001-03-08,63781.92220753385
2001-03-09,79446.31648547295
2001-03-10,85700.60578646383
2001-03-11,88518.86960415967
2001-03-12,32524.675719127972
2001-03-13,970.8990160894608
2001-03-14,17054.83356084533
2001-03-15,72625.06859735315
2001-03-16,50836.45281579336
2001-03-17,80494.62598669417
2001-03-18,77013.73058347357
2001-03-19,8110.853383562748
2001-03-20,15031.810259664715
2001-03-21,44725.31550480244
2001-03-22,35227.58342577547
2001-03-23,53869.59548481149
2001-03-24,93502.8527301969
2001-03-25,90488.0539669438
2001-03-26,57704.87758387301
2001-03-27,40638.33812933102
2001-03-28,4768.132953168872
2001-03-29,17266.454416714216
2001-03-30,40188.86524950702
2001-03-31,46541.89359610985
2001-04-01,63148.83019676097
2001-04-02,70405.0724064424
2001-04-03,9643.765028325493
2001-04-04,78065.87460395947
2001-04-05,79636.67394554544
2001-04-06,86242.17359167074
2001-04-07,85054.09125025629
2001-04-08,22913.05533545389
2001-04-09,31327.46418675684
2001-04-10,8622.093276915924
2001-04-11,18421.116368171573
2001-04-12,36690.714414444315
2001-04-13,13980.120002323762
2001-04-14,10133.060044857588
2001-04-15,17212.943869356113
2001-04-16,14541.973491871568
2001-04-17,304.03030409166655
2001-04-18,11641.161232887507
2001-04-19,776.5424693700982
2001-04-20,31059.820601979653
2001-04-21,53679.98456277077
2001-04-22,80007.89423593567
2001-04-23,71272.62809543648
2001-04-24,9460.676507205882
2001-04-25,19269.703155633575
2001-04-26,7394.96177533823
2001-04-27,51714.20695574212
2001-04-28,19918.525992714218
2001-04-29,67666.85279682152
2001-04-30,70929.21308071472
2001-05-01,2687.2624592507345
2001-05-02,11217.50341393676
2001-05-03,62283.81781099192
2001-05-04,71080.69188457975
2001-05-05,65159.0283723926
2001-05-06,42038.49503316176
2001-05-07,42062.81566387794
2001-05-08,4167.943051135541
2001-05-09,64025.15421125197
2001-05-10,70925.08589767844
2001-05-11,65574.1650793409
2001-05-12,67012.50090886839
2001-05-13,60315.1712115353
2001-05-14,27740.32348585367
2001-05-15,31387.675712402473
2001-05-16,49155.27668721074
2001-05-17,55034.30922641081
2001-05-18,55410.904469891335
2001-05-19,49366.675170850394
2001-05-20,14705.544275717151
2001-05-21,23599.621912227198
2001-05-22,38807.00612890236
2001-05-23,34233.07214309706
2001-05-24,8555.928178738477
2001-05-25,19121.71864635415
2001-05-26,26749.128551705904
2001-05-27,43253.9203295502
2001-05-28,20089.616379530387
2001-05-29,11416.74602966053
2001-05-30,33656.89192332968
2001-05-31,34379.71842531524
2001-06-01,37161.08280716881
2001-06-02,25956.075863780414
2001-06-03,20815.002065905886
2001-06-04,8826.100818900746
2001-06-05,4270.585835153676
2001-06-06,14772.716916003184
2001-06-07,22485.471628206644
2001-06-08,27721.2211434674
2001-06-09,25913.67823152695
2001-06-10,28643.431141914927
2001-06-11,38071.9735351685
2001-06-12,28835.003838081357
2001-06-13,17479.231713043147
2001-06-14,7390.383602820579
2001-06-15,0.0
2001-06-16,-9999
2001-06-17,-9999
2001-06-18,-9999
2001-06-19,-9999
2001-06-20,-9999
2001-06-21,-9999
2001-06-22,-9999
2001-06-23,-9999
2001-06-24,-9999
2001-06-25,-9999
2001-06-26,-9999
2001-06-27,-9999
2001-06-28,-9999
2001-06-29,-9999
2001-06-30,-9999
2001-07-01,-9999
2001-07-02,-9999
2001-07-03,0.0
2001-07-04,2704.052260059066
2001-07-05,11298.316615381373
2001-07-06,21341.32791687476
2001-07-07,16522.071850280623
2001-07-08,17787.981566731134
2001-07-09,13914.487108658077
2001-07-10,15771.699062021797
2001-07-11,8210.059753573776
2001-07-12,12156.52042548604
2001-07-13,6122.211886528185
2001-07-14,14578.74126726641
2001-07-15,9813.425851045342
2001-07-16,2597.8013737752453
2001-07-17,498.7861470732843
2001-07-18,17956.382654529163
2001-07-19,27275.873965493374
2001-07-20,23799.246366509054
2001-07-21,14345.816718114713
2001-07-22,12389.217241446564
2001-07-23,1308.2211362424018
2001-07-24,910.4062598105392
2001-07-25,4120.78302765858
2001-07-26,2308.4500028078423
2001-07-27,4546.338448913478
2001-07-28,4190.540512812008
2001-07-29,321.86491929828435
2001-07-30,11874.113743105392
2001-07-31,21891.58008721228
2001-08-01,27955.04826065294
2001-08-02,28127.900257702448
2001-08-03,19143.80492793824
2001-08-04,2783.1632310982836
2001-08-05,12467.469494613477
2001-08-06,17479.565980322546
2001-08-07,3840.8960534306357
2001-08-08,6776.142180499264
2001-08-09,0.0
2001-08-10,2251.2087480997543
2001-08-11,4472.7607512830855
2001-08-12,6630.528963405636
2001-08-13,12586.702576145837
2001-08-14,155.9297642240196
2001-08-15,2242.3887024156884
2001-08-16,2468.1017787409305
2001-08-17,14787.38572915293
2001-08-18,15918.437662735038
2001-08-19,12991.240122303187
2001-08-20,7282.055775830391
2001-08-21,4272.911170434069
2001-08-22,5128.717341251961
2001-08-23,2686.3722822178897
2001-08-24,8726.597228847291
2001-08-25,15292.413267844348
2001-08-26,17650.19493626176
2001-08-27,11475.582073306361
2001-08-28,19827.665775318404
2001-08-29,14083.674838804409
2001-08-30,10284.479730938228
2001-08-31,7797.945839451724
2001-09-01,18521.843023513255
2001-09-02,17115.20504817279
2001-09-03,4640.4397932575985
2001-09-04,1770.1688775585785
2001-09-05,21287.775205105656
2001-09-06,15503.281862064445
2001-09-07,6449.412014410783
2001-09-08,10559.789326146565
2001-09-09,11544.695101811758
2001-09-10,9935.661287265206
2001-09-11,17612.407029323767
2001-09-12,4217.78156030637
2001-09-13,6514.015520847543
2001-09-14,2880.6434441137258
2001-09-15,6633.421286922065
2001-09-16,8446.13101269485
2001-09-17,27284.861235593653
2001-09-18,17810.89954065096
2001-09-19,19305.946906925736
2001-09-20,7382.189550746818
2001-09-21,14677.50193506763
2001-09-22,25917.776928459563
2001-09-23,23521.26207484264
2001-09-24,16404.528695646066
2001-09-25,16298.27793274705
2001-09-26,17303.910082479175
2001-09-27,30431.9257111478
2001-09-28,36354.221695097454
2001-09-29,30757.016831845838
2001-09-30,32153.995129668907
2001-10-01,27396.102848417664
2001-10-02,20548.144084062027
2001-10-03,3528.9911185468136
2001-10-04,12484.310492085047
2001-10-05,40724.01782157648
2001-10-06,40779.68459307191
2001-10-07,0.0
2001-10-08,35087.572439896256
2001-10-09,27248.62555999854
2001-10-10,4077.386495768379
2001-10-11,5113.425294788976
2001-10-12,39930.17980127677
2001-10-13,70643.03578620263
2001-10-14,58194.299332768955
2001-10-15,54403.41622120011
2001-10-16,44062.37194007976
2001-10-17,44593.91600831476
2001-10-18,23424.550849456864
2001-10-19,22011.87397824192
2001-10-20,24651.596186928193
2001-10-21,23199.772644641187
2001-10-22,12932.049798673517
2001-10-23,38576.41463815795
2001-10-24,16092.972444311012
2001-10-25,45792.51916248929
2001-10-26,47752.42383138011
2001-10-27,41073.977987304985
2001-10-28,34537.49757987502
2001-10-29,8869.256233739947
2001-10-30,18964.540326219874
2001-10-31,10497.199729235535
2001-11-01,992.6520443821082
2001-11-02,2783.89154370441
2001-11-03,798.935384535294
2001-11-04,83503.88792672896
2001-11-05,14493.293440558344
2001-11-06,0.0
2001-11-07,82463.50703692484
2001-11-08,105307.96926293487
2001-11-09,101957.40896305213
2001-11-10,60091.52792224387
2001-11-11,10165.832230616179
2001-11-12,92194.61419629671
2001-11-13,94209.05271669125
2001-11-14,93049.02754897984
2001-11-15,102716.00973505511
2001-11-16,87154.90527840603
2001-11-17,94219.90902260477
2001-11-18,93630.09681887462
2001-11-19,74160.71193105269
2001-11-20,63810.50744646059
2001-11-21,84051.83685583787
2001-11-22,87022.19282093366
2001-11-23,75431.1421723323
2001-11-24,84033.45139107533
2001-11-25,45432.1322342596
2001-11-26,21557.628576554886
2001-11-27,17208.629746916915
2001-11-28,14676.589802982373
2001-11-29,6543.620110876716
2001-11-30,19975.634180583587
2001-12-01,12883.503784188966
2001-12-02,17222.029130559044
2001-12-03,7052.175775235291
2001-12-04,10034.18753153383
2001-12-05,72443.98617023135
2001-12-06,13400.023422406128
2001-12-07,10870.604592319854
2001-12-08,50693.057585070695
2001-12-09,28711.9869685434
2001-12-10,4710.304929018625
2001-12-11,7312.416356840442
2001-12-12,85331.80105032574
2001-12-13,2011.2945773235297
2001-12-14,5073.323489914462
2001-12-15,42133.035088982935
2001-12-16,8890.651149204414
2001-12-17,7304.2547993492635
2001-12-18,314.09044156421567
2001-12-19,112834.66059923296
2001-12-20,72915.612345157
2001-12-21,113353.70423072691
2001-12-22,48491.33356366156
2001-12-23,30397.611927034068
2001-12-24,8621.443617137247
2001-12-25,31206.34825768679
2001-12-26,31998.703485913735
2001-12-27,63358.96992917955
2001-12-28,98645.8628565048
2001-12-29,44002.573576736286
2001-12-30,100868.24825376162
2001-12-31,89567.37049174009
2002-01-01,61819.243952470046
2002-01-02,103177.15472315418
2002-01-03,88058.59110581943
2002-01-04,102931.74797264508
2002-01-05,83417.24215431085
2002-01-06,67711.79451897694
2002-01-07,78105.54151500671
2002-01-08,88887.95691479275
2002-01-09,60792.622547477426
2002-01-10,22394.633160221318
2002-01-11,90045.3146467777
2002-01-12,26495.93854286106
2002-01-13,727.8357301024511
2002-01-14,2687.1741705245095
2002-01-15,23537.302072816667
2002-01-16,5101.627488993134
2002-01-17,39113.38180157573
2002-01-18,79899.63372845328
2002-01-19,77135.17172757136
2002-01-20,73689.78254327775
2002-01-21,67442.88357052406
2002-01-22,33584.724451468406
2002-01-23,34660.919947410766
2002-01-24,71819.37309764382
2002-01-25,34537.416705143594
2002-01-26,51136.91672998995
2002-01-27,71249.62757754166
2002-01-28,73498.55436786843
2002-01-29,93694.69284491909
2002-01-30,66641.47778767384
2002-01-31,50151.77679256887
2002-02-01,44115.693574346136
2002-02-02,2941.8755876580885
2002-02-03,92140.58440233633
2002-02-04,25763.012420108815
2002-02-05,44.938094798529406
2002-02-06,545.8796229911765
2002-02-07,2061.2404410443623
2002-02-08,467.48189814730404
2002-02-09,20538.278340633315
2002-02-10,90405.85502238631
2002-02-11,44122.169281018396
2002-02-12,36519.087466801495
2002-02-13,29843.649281104405
2002-02-14,83564.8567082579
2002-02-15,31247.15093642107
2002-02-16,31700.880009957124
2002-02-17,2993.000353145344
2002-02-18,57539.3170506906
2002-02-19,101587.49654538797
2002-02-20,23948.733442718618
2002-02-21,32080.62029039658
2002-02-22,23.1885059495098
2002-02-23,8916.488147393135
2002-02-24,16381.117443203686
2002-02-25,52582.85278598329
2002-02-26,55115.590390223915
2002-02-27,80874.13135069802
2002-02-28,18305.7788912032
2002-03-01,693.1697592700979
2002-03-02,14243.753130316172
2002-03-03,84569.26062735985
2002-03-04,111435.90756368986
2002-03-05,115232.49227955496
2002-03-06,110354.46939494771
2002-03-07,21102.941907838234
2002-03-08,11582.088607416908
2002-03-09,3325.167862416177
2002-03-10,2113.033425276225
2002-03-11,66734.17694415544
2002-03-12,43844.45004864412
2002-03-13,92445.51763197161
2002-03-14,57522.450287123516
2002-03-15,97290.1239751689
2002-03-16,116295.93506696408
2002-03-17,84803.00701038714
2002-03-18,102277.83907869777
2002-03-19,102108.45055607085
2002-03-20,-9999
2002-03-21,-9999
2002-03-22,-9999
2002-03-23,-9999
2002-03-24,-9999
2002-03-25,-9999
2002-03-26,-9999
2002-03-27,-9999
2002-03-28,0.0
2002-03-29,104150.08528855012
2002-03-30,60229.20776481908
2002-03-31,25443.750880368912
2002-04-01,5474.378637253678
2002-04-02,61495.52987906487
2002-04-03,105692.88708663701
2002-04-04,18533.13304462623
2002-04-05,4149.869359291178
2002-04-06,257.68713454191175
2002-04-07,3093.2817408026963
2002-04-08,54254.13831345412
2002-04-09,91847.01697780348
2002-04-10,97707.0281940667
2002-04-11,103828.67257048345
2002-04-12,91404.91247579744
2002-04-13,4023.382094698039
2002-04-14,16001.70471893235
2002-04-15,-9999
2002-04-16,35150.7155706988
2002-04-17,3468.7245493122505
2002-04-18,82545.70062051377
2002-04-19,97333.39375711333
2002-04-20,88960.08609114862
2002-04-21,86764.44658486616
2002-04-22,27226.636674763962
2002-04-23,11280.333865836266
2002-04-24,7467.967882856864
2002-04-25,13085.45420879853
2002-04-26,78928.10199731545
2002-04-27,7734.083514740689
2002-04-28,15374.958653489708
2002-04-29,63937.68189754938
2002-04-30,6157.78911824044
2002-05-01,21983.666939656123
2002-05-02,16823.94461556762
2002-05-03,80861.61146539479
2002-05-04,38067.614513822016
2002-05-05,66158.89309260115
2002-05-06,12889.583451656357
2002-05-07,11625.0606860441
2002-05-08,66343.362046324
2002-05-09,52171.608090604896
2002-05-10,50816.18676268875
2002-05-11,92044.86703453591
2002-05-12,75597.00994138046
2002-05-13,47402.28905810731
2002-05-14,35736.64082581102
2002-05-15,19249.472364939946
2002-05-16,69319.53563424734
2002-05-17,81393.51405164808
2002-05-18,34414.60765120347
2002-05-19,16680.61203283113
2002-05-20,21179.86714116223
2002-05-21,64100.30472797205
2002-05-22,25648.090926313507
2002-05-23,25737.537136683815
2002-05-24,52018.31493227006
2002-05-25,61857.77369922817
2002-05-26,75138.66349635716
2002-05-27,33551.618205962775
2002-05-28,34976.14189511298
2002-05-29,3333.743310875736
2002-05-30,47285.98009563776
2002-05-31,56763.581403735036
2002-06-01,60459.184544248295
2002-06-02,59502.616496223054
2002-06-03,47266.1616836546
2002-06-04,54179.87030410247
2002-06-05,33708.53309158676
2002-06-06,38043.20777310528
2002-06-07,60704.23630326666
2002-06-08,55369.480099777145
2002-06-09,30919.924562558077
2002-06-10,30237.46985629708
2002-06-11,26129.06485425959
2002-06-12,38135.50629632078
2002-06-13,40485.92148088456
2002-06-14,21529.427502800256
2002-06-15,35827.21482202568
2002-06-16,9744.643634298762
2002-06-17,10662.472580525246
2002-06-18,36571.295446040654
2002-06-19,9796.499627114954
2002-06-20,24894.37953330664
2002-06-21,31752.44196340346
2002-06-22,45896.58517099084
2002-06-23,26811.27786913948
2002-06-24,3793.0307409825973
2002-06-25,18578.42099228873
2002-06-26,15062.747086254636
2002-06-27,32884.2417473907
2002-06-28,17427.608717549752
2002-06-29,7956.20126785122
2002-06-30,11045.678265385035
2002-07-01,27961.64013911005
2002-07-02,39913.25961751488
2002-07-03,19690.04415959241
2002-07-04,14613.59016060957
2002-07-05,13595.171742061753
2002-07-06,7739.87979914706
2002-07-07,12535.003812005623
2002-07-08,10907.196622524001
2002-07-09,9667.715107692158
2002-07-10,8776.19782613454
2002-07-11,14094.35961820049
2002-07-12,13027.363647859293
2002-07-13,7739.555459766424
2002-07-14,10410.509655729411
2002-07-15,16213.348973604398
2002-07-16,21715.11347167526
2002-07-17,11751.296115330137
2002-07-18,5528.1271375843135
2002-07-19,10254.627170773512
2002-07-20,9583.402221901473
2002-07-21,1461.9442539507356
2002-07-22,3538.9102357887273
2002-07-23,4989.210405300493
2002-07-24,21415.24242085957
2002-07-25,20281.2597579196
2002-07-26,6457.609099737012
2002-07-27,9677.618366382596
2002-07-28,2863.2652661159304
2002-07-29,5388.852719519609
2002-07-30,2130.3592986186277
2002-07-31,8881.204606581112
2002-08-01,6758.754320573039
2002-08-02,15765.780268664701
2002-08-03,14413.393202427209
2002-08-04,9406.94218241764
2002-08-05,15544.312954525492
2002-08-06,15982.880788122304
2002-08-07,17150.33237985956
2002-08-08,17944.900871894122
2002-08-09,15503.286424559305
2002-08-10,12743.955596540196
2002-08-11,11645.560526399748
2002-08-12,6725.537236840198
2002-08-13,4534.3886228764695
2002-08-14,3497.823344631864
2002-08-15,10095.273363653914
2002-08-16,30092.729626619843
2002-08-17,28014.59370491839
2002-08-18,21766.75382566055
2002-08-19,9371.72007917475
2002-08-20,12657.777306789205
2002-08-21,19616.005517132126
2002-08-22,8650.353301082596
2002-08-23,13709.57701226323
2002-08-24,14914.583304871074
2002-08-25,10366.352537245093
2002-08-26,2721.3916691541663
2002-08-27,12034.848356169843
2002-08-28,9431.683224669609
2002-08-29,6036.263001338238
2002-08-30,9882.36660362059
2002-08-31,6923.068263150982
2002-09-01,4661.348990352939
2002-09-02,2327.1474993742636
2002-09-03,6836.703253613968
2002-09-04,1515.7168431178927
2002-09-05,11216.98870578308
2002-09-06,24785.811942643402
2002-09-07,26721.293939114235
2002-09-08,11649.47118696568
2002-09-09,11986.632198729887
2002-09-10,13979.27860447818
2002-09-11,8738.722126033812
2002-09-12,19333.55062408113
2002-09-13,12221.557832736034
2002-09-14,18127.503037393843
2002-09-15,29078.89873351471
2002-09-16,20977.93478278015
2002-09-17,21493.64927835219
2002-09-18,11769.02442835735
2002-09-19,11121.817372087986
2002-09-20,16942.6197939441
2002-09-21,33283.99675484832
2002-09-22,38688.90543136511
2002-09-23,17046.10017087105
2002-09-24,6692.257573018627
2002-09-25,2148.212313242644
2002-09-26,31829.458426149027
2002-09-27,19337.929184487733
2002-09-28,21188.96493501593
2002-09-29,11472.400656386513
2002-09-30,21324.68280236226
2002-10-01,36685.66245268924
2002-10-02,41807.98509936836
2002-10-03,41782.34342811294
2002-10-04,42128.925181530816
2002-10-05,34590.32516301996
2002-10-06,28356.397623449004
2002-10-07,31503.149917524057
2002-10-08,29445.738188990952
2002-10-09,32948.28315444366
2002-10-10,31469.309806566438
2002-10-11,32881.71204635273
2002-10-12,30209.500847128227
2002-10-13,6643.964953060536
2002-10-14,29950.30654698828
2002-10-15,13604.70382741787
2002-10-16,15568.851448980857
2002-10-17,21702.196642231873
2002-10-18,28807.809456459603
2002-10-19,11847.332988852695
2002-10-20,8811.878363222311
2002-10-21,29106.984828329438
2002-10-22,14116.355785037005
2002-10-23,29745.79844441033
2002-10-24,25681.84594216227
2002-10-25,30633.61001398142
2002-10-26,42889.457118148086
2002-10-27,20214.50629336547
2002-10-28,31581.72962135028
2002-10-29,9466.659973773041
2002-10-30,29001.81188580788
2002-10-31,23010.806068094385
2002-11-01,29360.939184166462
2002-11-02,36469.581885052765
2002-11-03,30425.504992218426
2002-11-04,27452.31988569906
2002-11-05,17574.20953841126
2002-11-06,27499.638599664486
2002-11-07,5337.689374294851
2002-11-08,9439.442522683095
2002-11-09,3677.237983930638
2002-11-10,5757.591987407845
2002-11-11,5164.886825952201
2002-11-12,6067.579558896078
2002-11-13,52362.29738826865
2002-11-14,70453.34998464656
2002-11-15,59159.89660893314
2002-11-16,36323.479159604976
2002-11-17,40535.503230816
2002-11-18,26221.269803984622
2002-11-19,42680.406178363024
2002-11-20,60197.71790285903
2002-11-21,31549.59748438042
2002-11-22,53625.58952381528
2002-11-23,25115.259598580415
2002-11-24,37410.19122243335
2002-11-25,52543.07513190929
2002-11-26,43990.04140842256
2002-11-27,31691.090246027477
2002-11-28,2372.4409124058816
2002-11-29,15240.606730716181
2002-11-30,525.2741499678922
2002-12-01,39435.72252871713
2002-12-02,1497.703950381863
2002-12-03,47.9962556875
2002-12-04,2635.0821208698535
2002-12-05,810.5535199519605
2002-12-06,62044.51860040975
2002-12-07,45015.218855219595
2002-12-08,52438.919850750055
2002-12-09,57413.23135485909
2002-12-10,19343.848633157344
2002-12-11,13254.064022881854
2002-12-12,9891.77845204902
2002-12-13,2356.0032869485303
2002-12-14,1734.3239026982842
2002-12-15,42653.982620906565
2002-12-16,5435.636548569848
2002-12-17,10325.420117573032
2002-12-18,4545.845229042648
2002-12-19,225.99301632671572
2002-12-20,1421.996953069608
2002-12-21,61955.500471503496
2002-12-22,64780.38280772449
2002-12-23,2169.0661523450985
2002-12-24,35604.70437890734
2002-12-25,11110.402663229905
2002-12-26,4876.645453801224
2002-12-27,39508.09414876055
2002-12-28,47138.66674529955
2002-12-29,67039.49912457755
2002-12-30,12258.889995178182
2002-12-31,52361.59011690688
2003-01-01,52189.257029964225
2003-01-02,78312.008049718
2003-01-03,8137.638672341423
2003-01-04,72447.47259700659
2003-01-05,60706.949754489804
2003-01-06,23760.9987136537
2003-01-07,34722.37330417619
2003-01-08,46722.23254233195
2003-01-09,6088.377125137746
2003-01-10,61333.63719503649
2003-01-11,52118.57580827437
2003-01-12,11142.38982662206
2003-01-13,47238.3523333625
2003-01-14,17973.05665861617
2003-01-15,8992.617594330146
2003-01-16,2176.7282160534314
2003-01-17,29.469113126225487
2003-01-18,413.42564424779414
2003-01-19,11251.024545721326
2003-01-20,32259.254256501485
2003-01-21,6252.05650993186
2003-01-22,3336.290601170589
2003-01-23,7568.240757036274
2003-01-24,20979.572485486744
2003-01-25,9608.030579296814
2003-01-26,1193.9866589098037
2003-01-27,320.90184540735294
2003-01-28,12017.755080532357
2003-01-29,13262.397718162261
2003-01-30,3848.3563059928915
2003-01-31,11170.789223411031
2003-02-01,0.0
2003-02-02,11384.900319810537
2003-02-03,96797.18130665932
2003-02-04,95294.0541718697
2003-02-05,47817.577354444395
2003-02-06,11676.0451166125
2003-02-07,1533.6527970424013
2003-02-08,81287.77133841431
2003-02-09,41327.800548281375
2003-02-10,95425.92444894687
2003-02-11,80424.51042635071
2003-02-12,23360.072644104417
2003-02-13,7707.663954887256
2003-02-14,40150.445656739896
2003-02-15,11329.139146156376
2003-02-16,0.0
2003-02-17,15.078733744607844
2003-02-18,0.0
2003-02-19,70.21697548357844
2003-02-20,2639.7157324401965
2003-02-21,44028.80945782936
2003-02-22,37326.508866799726
2003-02-23,1381.6854501865198
2003-02-24,30334.265434994628
2003-02-25,18222.687351146073
2003-02-26,7956.297518824265
2003-02-27,1444.8233529245097
2003-02-28,2624.7393789583343
2003-03-01,464.1160723779412
2003-03-02,1321.591424095343
2003-03-03,935.0238838497552
2003-03-04,34736.12443630833
2003-03-05,88506.70387591657
2003-03-06,55259.606002903885
2003-03-07,89670.72423610836
2003-03-08,39971.02954075166
2003-03-09,8821.708958931371
2003-03-10,1414.9063888649505
2003-03-11,64740.28462890941
2003-03-12,70535.00583313532
2003-03-13,5264.484515190931
2003-03-14,4352.818625446812
2003-03-15,1923.0630772127452
2003-03-16,7642.100435915684
2003-03-17,44955.30057015331
2003-03-18,40166.04782103061
2003-03-19,34582.22430448557
2003-03-20,74526.10479424433
2003-03-21,117018.74978726503
2003-03-22,9199.852149233819
2003-03-23,19856.498672517657
2003-03-24,22309.869225419334
2003-03-25,9149.682700844607
2003-03-26,37960.42983623066
2003-03-27,10007.676413213465
2003-03-28,25643.22793431814
2003-03-29,431.9158032379902
2003-03-30,8032.392979972054
2003-03-31,31091.48412128507
2003-04-01,0.0
2003-04-02,3226.2252586352947
2003-04-03,18413.277676995822
2003-04-04,3391.0946538115195
2003-04-05,64903.84576769891
2003-04-06,79260.80732452603
2003-04-07,55308.651699958325
2003-04-08,113925.54166423492
2003-04-09,64298.71561464876
2003-04-10,84256.50257101405
2003-04-11,54656.95979564446
2003-04-12,88536.53009903507
2003-04-13,103953.401851641
2003-04-14,2391.283554516421
2003-04-15,2534.367007630391
2003-04-16,6902.553439898284
2003-04-17,41161.63061304827
2003-04-18,6048.847766497795
2003-04-19,0.0
2003-04-20,34566.13918244023
2003-04-21,58978.493410005445
2003-04-22,103244.62542418952
2003-04-23,104514.10461472506
2003-04-24,32958.03906357374
2003-04-25,13945.024178101698
2003-04-26,2064.0860215455887
2003-04-27,29229.028917682826
2003-04-28,61445.275525518366
2003-04-29,95564.07644703306
2003-04-30,96254.90950183175
2003-05-01,4799.506791026713
2003-05-02,23.927469276225487
2003-05-03,428.39390089509806
2003-05-04,22735.5058847794
2003-05-05,77504.27223446175
2003-05-06,80480.13238627223
2003-05-07,111889.76338201511
2003-05-08,110927.4181290732
2003-05-09,88961.19493284597
2003-05-10,28955.36672638994
2003-05-11,63810.128467278155
2003-05-12,22956.21097324485
2003-05-13,25526.672050084308
2003-05-14,50972.428653566414
2003-05-15,40180.749913706924
2003-05-16,79803.14826749054
2003-05-17,87679.68457472103
2003-05-18,45489.43830998185
2003-05-19,65037.09960481154
2003-05-20,59285.96600881001
2003-05-21,30579.408996153186
2003-05-22,18805.839887667873
2003-05-23,10381.332741803673
2003-05-24,36621.669972696596
2003-05-25,29241.907572816624
2003-05-26,9906.709765931844
2003-05-27,23079.550182585564
2003-05-28,21501.30447773799
2003-05-29,40459.353110196
2003-05-30,75615.5106836748
2003-05-31,74652.66882939063
2003-06-01,59974.008698534795
2003-06-02,69669.52473824976
2003-06-03,53669.80848095162
2003-06-04,47208.561370491414
2003-06-05,67195.41761472236
2003-06-06,63195.626773846365
2003-06-07,70444.6722190249
2003-06-08,30902.581375699025
2003-06-09,24231.72503273628
2003-06-10,35178.399576540236
2003-06-11,25663.408182955885
2003-06-12,7593.462396260538
2003-06-13,49241.87315270757
2003-06-14,51985.98030606686
2003-06-15,54126.87587954799
2003-06-16,45833.7827023031
2003-06-17,27163.461057472072
2003-06-18,8716.107010094835
2003-06-19,33172.28673437796
2003-06-20,28897.089717431154
2003-06-21,19375.449393847804
2003-06-22,10489.121577397791
2003-06-23,20517.2240923066
2003-06-24,29276.23052600809
2003-06-25,43192.4833706911
2003-06-26,48325.76046760389
2003-06-27,10865.858285993145
2003-06-28,24932.615567054625
2003-06-29,17586.64351845784
2003-06-30,36890.75745483349
2003-07-01,20639.313610743386
2003-07-02,31014.074344098535
2003-07-03,43655.566406368525
2003-07-04,28914.68925663332
2003-07-05,13005.6789610728
2003-07-06,19099.002146478924
2003-07-07,8028.002049449505
2003-07-08,13389.321834088965
2003-07-09,6542.021303226473
2003-07-10,20216.026421168866
2003-07-11,24615.758925396578
2003-07-12,10740.976049353676
2003-07-13,13957.373947583821
2003-07-14,22689.99291398725
2003-07-15,28868.213567266906
2003-07-16,13524.787359140186
2003-07-17,12848.860747274504
2003-07-18,19841.419336707622
2003-07-19,31651.694719578205
2003-07-20,25340.10922766201
2003-07-21,25704.584252957848
2003-07-22,22401.433531414936
2003-07-23,21163.362493759592
2003-07-24,8492.072499225738
2003-07-25,20826.566988351988
2003-07-26,18075.79674639264
2003-07-27,5105.329922670345
2003-07-28,10078.978774256377
2003-07-29,11700.286595451229
2003-07-30,22039.237325000973
2003-07-31,20387.23614394757
2003-08-01,20189.96508239142
2003-08-02,13505.610354963965
2003-08-03,2687.662061221568
2003-08-04,331.22350927475475
2003-08-05,5473.400419384561
2003-08-06,20494.89053915517
2003-08-07,17427.558955479166
2003-08-08,11279.428711832834
2003-08-09,4557.01238741397
2003-08-10,1762.4678452644616
2003-08-11,3074.826852501471
2003-08-12,3282.8908592105377
2003-08-13,4466.716384463238
2003-08-14,3378.1785897517166
2003-08-15,9095.114535724513
2003-08-16,12802.353093931355
2003-08-17,12633.876995914705
2003-08-18,10280.12266296103
2003-08-19,3861.904327627207
2003-08-20,4066.239070918136
2003-08-21,5024.918027831371
2003-08-22,9042.814203592645
2003-08-23,11765.628513283575
2003-08-24,22295.110838691187
2003-08-25,15041.326373780137
2003-08-26,6090.301986811769
2003-08-27,1886.5921548303927
2003-08-28,7668.483696514707
2003-08-29,1916.575924778677
2003-08-30,4584.2262162497545
2003-08-31,7723.995306623037
2003-09-01,13005.550462527432
2003-09-02,23192.118157791418
2003-09-03,10435.390404066171
2003-09-04,2467.126280972059
2003-09-05,3072.6699547811277
2003-09-06,12941.53812666739
2003-09-07,8948.507677323536
2003-09-08,2329.321947203186
2003-09-09,8610.249820769614
2003-09-10,21821.033075807605
2003-09-11,19366.351730244372
2003-09-12,13735.02620710441
2003-09-13,5170.150865685295
2003-09-14,5029.90439600294
2003-09-15,5602.938624916427
2003-09-16,16826.36927642499
2003-09-17,18051.471037012994
2003-09-18,18313.978150385305
2003-09-19,25313.414445329432
2003-09-20,25094.824180687498
2003-09-21,27393.692739920345
2003-09-22,23081.627579217416
2003-09-23,18897.516788667384
2003-09-24,2162.968839917158
2003-09-25,6478.839429191662
2003-09-26,10061.15852736128
2003-09-27,16547.66295196886
2003-09-28,1974.1534288605403
2003-09-29,20210.835905227683
2003-09-30,23988.602249134805
2003-10-01,44670.45750779889
2003-10-02,42345.504932746255
2003-10-03,50865.21897679285
2003-10-04,56412.070023447035
2003-10-05,47990.73901435194
2003-10-06,45073.73380126632
2003-10-07,6732.559406998042
2003-10-08,8166.052071844861
2003-10-09,1463.989956072794
2003-10-10,36063.190758993514
2003-10-11,20994.777719102956
2003-10-12,52116.78646412958
2003-10-13,58507.447102181315
2003-10-14,64213.59708262523
2003-10-15,59271.42738377007
2003-10-16,22015.281451849758
2003-10-17,39824.79866351997
2003-10-18,57013.1350956936
2003-10-19,28257.430198591202
2003-10-20,41421.26991864109
2003-10-21,54176.829394141416
2003-10-22,54051.72221153619
2003-10-23,39981.17013790479
2003-10-24,44484.58355199426
2003-10-25,46310.778744136456
2003-10-26,45058.95561368214
2003-10-27,55467.5974128667
2003-10-28,48976.13297442062
2003-10-29,50802.151790049276
2003-10-30,49953.00908323536
2003-10-31,46270.55684122264
2003-11-01,38180.80344485106
2003-11-02,42101.96857868099
2003-11-03,26888.190555835063
2003-11-04,34353.07156078506
2003-11-05,7013.813732005886
2003-11-06,4357.344786007106
2003-11-07,14145.394573120828
2003-11-08,185.45198503725487
2003-11-09,37475.14093799144
2003-11-10,70730.24398782101
2003-11-11,63010.57113923454
2003-11-12,9203.724136849754
2003-11-13,2636.1878255968136
2003-11-14,2791.2959642095593
2003-11-15,12771.909519177932
2003-11-16,17378.2650705358
2003-11-17,895.0184538406862
2003-11-18,27804.423896834563
2003-11-19,80225.16973312249
2003-11-20,75656.74581208447
2003-11-21,82110.70425783706
2003-11-22,71692.00438753722
2003-11-23,60597.24456825928
2003-11-24,54236.77826042802
2003-11-25,66539.93841712963
2003-11-26,48618.15073682673
2003-11-27,53530.358080666665
2003-11-28,56843.21213527598
2003-11-29,47442.02798197525
2003-11-30,7903.800440390201
2003-12-01,18019.8900199892
2003-12-02,20326.06815373332
2003-12-03,2911.4094228142167
2003-12-04,48125.58994214136
2003-12-05,14719.758960670579
2003-12-06,52496.334200014455
2003-12-07,19981.90184776492
2003-12-08,6376.211098112747
2003-12-09,31174.274415293185
2003-12-10,39657.82616345884
2003-12-11,35388.78551752103
2003-12-12,349.42536138259806
2003-12-13,934.8842961870096
2003-12-14,3894.877370893629
2003-12-15,20739.049052912993
2003-12-16,72709.58434804286
2003-12-17,-9999
2003-12-18,-9999
2003-12-19,-9999
2003-12-20,-9999
2003-12-21,-9999
2003-12-22,-9999
2003-12-23,-9999
2003-12-24,0.0
2003-12-25,14496.497402907353
2003-12-26,3470.60392578897
2003-12-27,25782.008649473508
2003-12-28,71452.21720956429
2003-12-29,13744.48741987108
2003-12-30,10213.084738816668
2003-12-31,911.7531248799019
2004-01-01,10526.034581273767
2004-01-02,29780.764276295813
2004-01-03,665.4099166404412
2004-01-04,30327.991977499267
2004-01-05,9336.323168639954
2004-01-06,56314.95731306814
2004-01-07,19990.48062743334
2004-01-08,19132.56790032722
2004-01-09,69834.07309103283
2004-01-10,31286.40321703801
2004-01-11,75873.06844934239
2004-01-12,7776.613208200239
2004-01-13,23980.50508528429
2004-01-14,82659.67850495786
2004-01-15,43385.18861718385
2004-01-16,168.73035027475487
2004-01-17,98.21033132892157
2004-01-18,67819.29438952183
2004-01-19,38923.50993522081
2004-01-20,8851.449277476959
2004-01-21,2671.572827731373
2004-01-22,1637.1739322691176
2004-01-23,611.1347982102941
2004-01-24,93973.68669238838
2004-01-25,49077.25640386467
2004-01-26,49017.375896996346
2004-01-27,36306.05037864409
2004-01-28,6225.8569948779395
2004-01-29,2147.2652692477936
2004-01-30,1904.171909330392
2004-01-31,2360.3634511090686
2004-02-01,60226.41008328436
2004-02-02,95509.98709028191
2004-02-03,75075.52723813184
2004-02-04,36343.29324889386
2004-02-05,71967.92896224611
2004-02-06,81544.40023728425
2004-02-07,96398.18976757592
2004-02-08,13266.963457490696
2004-02-09,887.6757077068628
2004-02-10,68134.1014874362
2004-02-11,108785.45907714916
2004-02-12,111859.49013006366
2004-02-13,41522.73132314024
2004-02-14,84060.64073728441
2004-02-15,97550.51329558578
2004-02-16,48904.332022226154
2004-02-17,722.6439608286764
2004-02-18,10262.399827420826
2004-02-19,0.0
2004-02-20,79344.23584860761
2004-02-21,18696.80190677425
2004-02-22,88437.5263489324
2004-02-23,83209.94673337309
2004-02-24,77605.22934246201
2004-02-25,69271.24257446422
2004-02-26,27589.757298516684
2004-02-27,1661.5978067411756
2004-02-28,9832.358380910764
2004-02-29,41435.49421005069
2004-03-01,69279.1195421487
2004-03-02,77590.48471664682
2004-03-03,103455.19738803622
2004-03-04,56186.26882770681
2004-03-05,61118.72502031605
2004-03-06,71893.48349442556
2004-03-07,65051.71872938501
2004-03-08,33009.57638503894
2004-03-09,72021.50376515016
2004-03-10,22752.97604412057
2004-03-11,26175.31426099366
2004-03-12,59791.553495498876
2004-03-13,47980.96658565189
2004-03-14,35628.30077430344
2004-03-15,22367.32172457599
2004-03-16,58239.244103126395
2004-03-17,29298.76296267821
2004-03-18,8746.584387318127
2004-03-19,41102.00781790647
2004-03-20,7390.64800785735
2004-03-21,6020.422338928928
2004-03-22,171.09699392524507
2004-03-23,6803.152575746324
2004-03-24,40677.348417731366
2004-03-25,94752.4687331533
2004-03-26,88906.79054163753
2004-03-27,70639.24733604662
2004-03-28,74907.5566048851
2004-03-29,37860.83363569092
2004-03-30,64879.67390986953
2004-03-31,97346.11722421458
2004-04-01,25531.173598708807
2004-04-02,14540.355146414691
2004-04-03,17801.270387894616
2004-04-04,87115.38368485188
2004-04-05,89115.10043324134
2004-04-06,80870.55300695504
2004-04-07,15415.60965843136
2004-04-08,15473.862051441665
2004-04-09,2814.6186057585783
2004-04-10,9386.70594962376
2004-04-11,6125.440063209553
2004-04-12,2888.0182014193633
2004-04-13,16078.51242626765
2004-04-14,73996.27993352886
2004-04-15,95837.41451352867
2004-04-16,14310.148611921288
2004-04-17,6385.983821254168
2004-04-18,72299.4527254851
2004-04-19,42789.19058733233
2004-04-20,8401.753577672058
2004-04-21,24989.007998291178
2004-04-22,8877.421352666419
2004-04-23,17023.007443001225
2004-04-24,90904.69487374519
2004-04-25,92246.11902259623
2004-04-26,68742.47838652227
2004-04-27,21682.544325951967
2004-04-28,23003.13411539753
2004-04-29,1055.633913279902
2004-04-30,0.0
2004-05-01,14831.359207249994
2004-05-02,46394.16776664569
2004-05-03,72538.06242015222
2004-05-04,81540.50846059741
2004-05-05,91077.43295106653
2004-05-06,92412.15135181113
2004-05-07,57885.83171400381
2004-05-08,8728.632126175975
2004-05-09,28847.712852420562
2004-05-10,74606.80595898326
2004-05-11,63115.33781211732
2004-05-12,44502.53854206707
2004-05-13,81156.69225982836
2004-05-14,77204.43729800338
2004-05-15,79012.31809543494
2004-05-16,54544.418576479315
2004-05-17,27050.700037541177
2004-05-18,49830.477262820015
2004-05-19,51334.24899237739
2004-05-20,25332.145806761033
2004-05-21,54698.99351552913
2004-05-22,49746.087368471315
2004-05-23,11327.003397786279
2004-05-24,34094.58975369757
2004-05-25,32729.383716471817
2004-05-26,18485.51766313138
2004-05-27,3343.267226904168
2004-05-28,20189.64967230123
2004-05-29,68326.34446301476
2004-05-30,60034.4978950963
2004-05-31,12474.495222417385
2004-06-01,15504.39495315073
2004-06-02,16092.842120018608
2004-06-03,40285.93134018693
2004-06-04,40340.23419467766
2004-06-05,51731.6033917358
2004-06-06,41709.87847514135
2004-06-07,26458.035225224998
2004-06-08,16942.748508600944
2004-06-09,21757.5723735691
2004-06-10,25146.923606542954
2004-06-11,52369.56311748869
2004-06-12,47927.81973224921
2004-06-13,52196.69933567008
2004-06-14,51251.40984362445
2004-06-15,18073.052974145827
2004-06-16,27647.238755781134
2004-06-17,18056.5676670549
2004-06-18,14337.258407406367
2004-06-19,15950.734779380857
2004-06-20,10863.696782996814
2004-06-21,1683.5505663024508
2004-06-22,5105.460833390194
2004-06-23,15922.343006044593
2004-06-24,3213.309493288483
2004-06-25,12665.247414999256
2004-06-26,7320.559734229176
2004-06-27,39252.65585080782
2004-06-28,39978.88972427363
2004-06-29,36160.1828987977
2004-06-30,40385.383341284934
2004-07-01,36354.25106887565
2004-07-02,15257.527494300233
2004-07-03,10642.92785391863
2004-07-04,6570.311993929171
2004-07-05,10832.891821191904
2004-07-06,21193.675560168147
2004-07-07,31683.146238719375
2004-07-08,30435.20053386153
2004-07-09,3068.9652688605383
2004-07-10,10380.051233376462
2004-07-11,26965.663205108332
2004-07-12,13611.463372309805
2004-07-13,21899.9062528172
2004-07-14,3333.165789729658
2004-07-15,11050.406851792883
2004-07-16,7993.8345582480415
2004-07-17,10868.395250738971
2004-07-18,11348.98680762598
2004-07-19,9438.676964171817
2004-07-20,8352.878574369124
2004-07-21,3446.419798560786
2004-07-22,4456.793979624507
2004-07-23,7877.966415382845
2004-07-24,27190.88850768509
2004-07-25,33528.29755171445
2004-07-26,26228.31489002035
2004-07-27,24811.601244182086
2004-07-28,10777.998331088478
2004-07-29,5785.667454275739
2004-07-30,4064.5947583696106
2004-07-31,5792.0976099725485
2004-08-01,3387.0096760556344
2004-08-02,3152.903446744605
2004-08-03,4274.502562155881
2004-08-04,10809.749163652707
2004-08-05,29214.276410701237
2004-08-06,22507.67130423284
2004-08-07,15077.186967970581
2004-08-08,10756.760046272542
2004-08-09,4814.4915671470635
2004-08-10,15197.776006569355
2004-08-11,6309.218002120595
2004-08-12,17091.38785487131
2004-08-13,23883.583905203428
2004-08-14,24565.76846350956
2004-08-15,27307.43593040245
2004-08-16,22058.112556753193
2004-08-17,7360.848575907843
2004-08-18,1759.8775279857848
2004-08-19,7027.572295978432
2004-08-20,5213.2177322039215
2004-08-21,8977.084304613729
2004-08-22,12511.254360200235
2004-08-23,17497.260736795597
2004-08-24,17122.540662040443
2004-08-25,7354.875570430148
2004-08-26,6260.029892071076
2004-08-27,6858.717101721817
2004-08-28,7556.529471719613
2004-08-29,10619.580535708077
2004-08-30,4805.7548465458285
2004-08-31,5023.516428169364
2004-09-01,9287.8028820527
2004-09-02,5279.0670954799
2004-09-03,25098.164626969123
2004-09-04,21195.750621386058
2004-09-05,7828.610052112503
2004-09-06,14021.398831971072
2004-09-07,28467.812621650297
2004-09-08,25264.318756531127
2004-09-09,28388.83932026276
2004-09-10,23160.63339092893
2004-09-11,26477.10587414412
2004-09-12,22683.529818081617
2004-09-13,24672.646172045843
2004-09-14,23320.481227295826
2004-09-15,14103.712586598776
2004-09-16,1859.1782533357846
2004-09-17,10510.521003123773
2004-09-18,15262.652402795322
2004-09-19,18861.250802949773
2004-09-20,8652.534823920827
2004-09-21,2609.256659366425
2004-09-22,9889.909223027948
2004-09-23,18288.99479527646
2004-09-24,28780.354827370124
2004-09-25,5790.5160638000025
2004-09-26,24315.486326713486
2004-09-27,20461.771394740434
2004-09-28,9615.358145075723
2004-09-29,10372.467923278422
2004-09-30,24763.72187528164
2004-10-01,1901.2032116139721
2004-10-02,685.918158088235
2004-10-03,11737.378058086517
2004-10-04,78567.45246071025
2004-10-05,69131.11914302666
2004-10-06,65491.71040887423
2004-10-07,41235.89370593424
2004-10-08,21697.140921273032
2004-10-09,23364.470433032133
2004-10-10,6452.764835334561
2004-10-11,22114.77056778895
2004-10-12,10294.993408184057
2004-10-13,27244.388768654648
2004-10-14,72540.22538447677
2004-10-15,73312.21766520542
2004-10-16,35795.266307231366
2004-10-17,36089.2760286615
2004-10-18,18948.970300798774
2004-10-19,19470.4230398419
2004-10-20,7992.804706575981
2004-10-21,32574.194050102957
2004-10-22,78922.01285940985
2004-10-23,73920.80863315253
2004-10-24,72419.46411402815
2004-10-25,48018.74334066202
2004-10-26,14219.37154910173
2004-10-27,25049.01322007327
2004-10-28,18372.379813392905
2004-10-29,70886.30762328497
2004-10-30,66513.03975285335
2004-10-31,70229.30351197546
2004-11-01,55034.28685176099
2004-11-02,63741.2976069625
2004-11-03,69427.42500523405
2004-11-04,62242.322549863435
2004-11-05,63271.215741623266
2004-11-06,58035.20742868604
2004-11-07,59032.76622758824
2004-11-08,56108.03244815978
2004-11-09,52564.78186209089
2004-11-10,9748.360597120341
2004-11-11,8949.716111328433
2004-11-12,3868.046357598772
2004-11-13,28684.027929221065
2004-11-14,61574.40192905831
2004-11-15,63430.639247457584
2004-11-16,67398.37815428211
2004-11-17,6099.437751101965
2004-11-18,40598.68071866181
2004-11-19,61045.830802789256
2004-11-20,37847.05082278532
2004-11-21,7722.778585833576
2004-11-22,3567.4905627269623
2004-11-23,77017.47758735293
2004-11-24,70609.97922146581
2004-11-25,44593.25697681721
2004-11-26,16215.629409669367
2004-11-27,57296.09085627135
2004-11-28,67751.72153010586
2004-11-29,4585.3059398615205
2004-11-30,20558.10307805807
2004-12-01,11759.597481121582
2004-12-02,60391.04650849981
2004-12-03,38474.53578171814
2004-12-04,23268.384203296086
2004-12-05,72714.7719445351
2004-12-06,69369.49566081431
2004-12-07,16072.037717476478
2004-12-08,14110.285223034063
2004-12-09,74245.636923052
2004-12-10,13502.798572543375
2004-12-11,2549.2912461039227
2004-12-12,5460.477728638481
2004-12-13,11564.933157566913
2004-12-14,29731.68545209512
2004-12-15,13848.158642409553
2004-12-16,19199.363951312258
2004-12-17,5389.244225843625
2004-12-18,1598.695834567402
2004-12-19,0.9999719375
2004-12-20,34813.735615891645
2004-12-21,2918.8660573909324
2004-12-22,4486.029606555882
2004-12-23,7875.169983249999
2004-12-24,17372.746488927463
2004-12-25,54586.9114251006
2004-12-26,61109.96647106822
2004-12-27,13954.68507722623
2004-12-28,705.1901213529411
2004-12-29,3727.822400351961
2004-12-30,4935.6076071026955
2004-12-31,740.2998565137254
2005-01-01,1212.438502359069
2005-01-02,3160.748876513725
2005-01-03,32158.44402419266
2005-01-04,1599.0728294664216
2005-01-05,56475.355880006115
2005-01-06,35353.706009199515
2005-01-07,96943.20414135692
2005-01-08,28041.783185967888
2005-01-09,50321.990801817905
2005-01-10,74293.2901646922
2005-01-11,81163.99877787573
2005-01-12,37355.232111665435
2005-01-13,13697.796991714948
2005-01-14,53484.825626545404
2005-01-15,84496.41711072865
2005-01-16,87058.33246990603
2005-01-17,48450.67626464242
2005-01-18,68472.85320435732
2005-01-19,81570.61381896303
2005-01-20,63535.266586142665
2005-01-21,3259.3942511799
2005-01-22,190.82409220000005
2005-01-23,87604.48930337034
2005-01-24,1250.3670827509804
2005-01-25,55629.73372934026
2005-01-26,15623.540589129654
2005-01-27,2180.3736769080883
2005-01-28,7744.269375636768
2005-01-29,61093.93111871521
2005-01-30,34702.11714199165
2005-01-31,16207.490542246078
2005-02-01,54477.858114256174
2005-02-02,11657.060834140688
2005-02-03,286.59513697794114
2005-02-04,646.6397916232842
2005-02-05,236.85267671960784
2005-02-06,1356.6744496607841
2005-02-07,937.9384494306373
2005-02-08,7210.154201583086
2005-02-09,10.001815
2005-02-10,1090.5796626531862
2005-02-11,606.2169193379901
2005-02-12,117.948150875
2005-02-13,24484.135696901732
2005-02-14,2823.1220742504893
2005-02-15,8700.010212926472
2005-02-16,4917.60937808652
2005-02-17,2929.814911652205
2005-02-18,706.3870907426472
2005-02-19,267.1205234740196
2005-02-20,6663.579484941179
2005-02-21,103667.89661729819
2005-02-22,112610.48963359967
2005-02-23,305.7496870860295
2005-02-24,4425.2449563299015
2005-02-25,38865.21089578577
2005-02-26,73200.58432056457
2005-02-27,4056.424031770344
2005-02-28,12753.895452987983
2005-03-01,36642.45948516595
2005-03-02,10564.494236980883
2005-03-03,15898.829287176935
2005-03-04,13188.975240103671
2005-03-05,2179.3768796568647
2005-03-06,82413.30924243285
2005-03-07,12059.758958674516
2005-03-08,57436.5077609835
2005-03-09,4169.561440430636
2005-03-10,41999.961912976236
2005-03-11,88894.97976099169
2005-03-12,94892.12214506925
2005-03-13,90639.89704525401
2005-03-14,64186.06691708302
2005-03-15,37163.825525781576
2005-03-16,8494.957780309556
2005-03-17,743.416256642647
2005-03-18,0.0
2005-03-19,10261.232480127204
2005-03-20,10919.93127940514
2005-03-21,981.8980812698528
2005-03-22,29694.271390569076
2005-03-23,44723.3789251429
2005-03-24,84454.0567350837
2005-03-25,18783.52100694216
2005-03-26,81701.94905504514
2005-03-27,2770.5427635321084
2005-03-28,30818.790902534067
2005-03-29,69286.2010559689
2005-03-30,64092.511249154355
2005-03-31,94196.4627830861
2005-04-01,82382.44937837543
2005-04-02,112332.74976073534
2005-04-03,118496.60918189486
2005-04-04,36817.676741446536
2005-04-05,3919.9742835289217
2005-04-06,1765.7442471642162
2005-04-07,54.048495183823526
2005-04-08,308.46907419583334
2005-04-09,5284.169191822796
2005-04-10,3485.21837931348
2005-04-11,102693.6822788631
2005-04-12,7701.802807625243
2005-04-13,56985.6442973909
2005-04-14,2736.3746574227935
2005-04-15,27765.624313654414
2005-04-16,87046.914679831
2005-04-17,102456.42373941495
2005-04-18,119919.77250410675
2005-04-19,63793.886160926966
2005-04-20,61271.954453345534
2005-04-21,107107.61117104345
2005-04-22,44140.74182189662
2005-04-23,48142.23648134023
2005-04-24,12429.55638649803
2005-04-25,15743.686978788475
2005-04-26,18217.682708828186
2005-04-27,52104.465325702986
2005-04-28,53811.68604282376
2005-04-29,81200.19320485844
2005-04-30,77050.79405282957
2005-05-01,85319.97993069021
2005-05-02,60185.22239383868
2005-05-03,19346.12571143258
2005-05-04,12895.265755808094
2005-05-05,36200.68037160906
2005-05-06,50108.532527929674
2005-05-07,49738.04982871881
2005-05-08,22961.610860786768
2005-05-09,7266.775074310058
2005-05-10,44398.11851911167
2005-05-11,50739.79374836295
2005-05-12,54047.827042558776
2005-05-13,7675.093248816665
2005-05-14,38982.01307861225
2005-05-15,32787.22241453482
2005-05-16,4934.169377775248
2005-05-17,33364.73230192869
2005-05-18,13852.959351890448
2005-05-19,3525.6626625681383
2005-05-20,41527.635299484755
2005-05-21,16028.734648111038
2005-05-22,14872.780281032348
2005-05-23,6629.954924978674
2005-05-24,41328.97321047818
2005-05-25,27098.18210418286
2005-05-26,10999.86761772058
2005-05-27,47930.579218090665
2005-05-28,41048.58251593424
2005-05-29,16805.17160234509
2005-05-30,4267.714276029168
2005-05-31,16096.767961126936
2005-06-01,44058.93521659481
2005-06-02,69123.78188197273
2005-06-03,71423.1801440156
2005-06-04,58334.23825679284
2005-06-05,41637.17464388359
2005-06-06,24161.14018963433
2005-06-07,20517.918853655407
2005-06-08,28125.395033311048
2005-06-09,50530.12077370851
2005-06-10,12350.148449211021
2005-06-11,32607.525502802262
2005-06-12,14394.801333442387
2005-06-13,13744.717165170581
2005-06-14,30414.0119447348
2005-06-15,37022.88211308279
2005-06-16,45923.57724017914
2005-06-17,57274.35941648827
2005-06-18,17635.097571338465
2005-06-19,27811.21185023334
2005-06-20,46389.26958394993
2005-06-21,54629.781488244844
2005-06-22,69331.77301542465
2005-06-23,63215.212492035345
2005-06-24,70748.93941774234
2005-06-25,60907.7027490978
2005-06-26,62208.84799377111
2005-06-27,57038.30340947381
2005-06-28,55976.00008409877
2005-06-29,41740.04217975345
2005-06-30,35229.63728517088
2005-07-01,34252.99052818457
2005-07-02,5455.9105595948595
2005-07-03,11022.924907205868
2005-07-04,19466.543333398527
2005-07-05,6779.7265164928895
2005-07-06,4041.4756924446065
2005-07-07,15734.016275247552
2005-07-08,16411.061134490687
2005-07-09,31499.904507229436
2005-07-10,45240.77766538156
2005-07-11,28443.315648943153
2005-07-12,2811.051146164461
2005-07-13,1571.28849230098
2005-07-14,10276.927167198533
2005-07-15,18862.973477987987
2005-07-16,14880.231215272304
2005-07-17,15996.644724333835
2005-07-18,29385.412724932383
2005-07-19,41643.487431719324
2005-07-20,31260.081274897082
2005-07-21,27971.058398372817
2005-07-22,21406.676208725963
2005-07-23,7889.805730089708
2005-07-24,3191.543788829657
2005-07-25,18802.890810541936
2005-07-26,15557.893997248031
2005-07-27,9627.867147882353
2005-07-28,12131.428371821803
2005-07-29,9685.072805058335
2005-07-30,11480.774077394843
2005-07-31,9398.135261370102
2005-08-01,6045.796531407105
2005-08-02,10396.393113552696
2005-08-03,16334.71193155195
2005-08-04,26756.5110992392
2005-08-05,8281.434656059319
2005-08-06,23153.948540951962
2005-08-07,15566.419341498777
2005-08-08,2038.437214623529
2005-08-09,8899.198191292637
2005-08-10,19830.749053669384
2005-08-11,15048.988734021561
2005-08-12,6188.342217117891
2005-08-13,14453.832415324021
2005-08-14,25634.55130021153
2005-08-15,26219.051353623996
2005-08-16,3312.458633722549
2005-08-17,7008.080524348285
2005-08-18,8441.100971386273
2005-08-19,11634.138581332334
2005-08-20,15549.909004542893
2005-08-21,10669.776394964201
2005-08-22,16489.933555735533
2005-08-23,13767.187322197538
2005-08-24,18059.956279207363
2005-08-25,9747.890631148292
2005-08-26,16454.794309422286
2005-08-27,2198.3289874870097
2005-08-28,11659.923993031849
2005-08-29,14998.686260360044
2005-08-30,15061.6319924843
2005-08-31,24100.8564655821
2005-09-01,25872.819037155154
2005-09-02,20566.80825159047
2005-09-03,26346.952447215936
2005-09-04,22044.272253537274
2005-09-05,25861.803102136775
2005-09-06,20717.056344780663
2005-09-07,18651.703595021077
2005-09-08,7114.983831508578
2005-09-09,7031.0384048576025
2005-09-10,5292.463052645833
2005-09-11,6830.671617148041
2005-09-12,10424.15869235073
2005-09-13,23651.595707872795
2005-09-14,24908.69667750909
2005-09-15,25615.457470726476
2005-09-16,29902.06093647793
2005-09-17,23706.702791237498
2005-09-18,6957.9003655848055
2005-09-19,12982.449105594113
2005-09-20,20120.312010127946
2005-09-21,19057.991889549754
2005-09-22,0.0
2005-09-23,7197.7918785438715
2005-09-24,9227.865885704405
2005-09-25,14516.461245147788
2005-09-26,4832.381434145592
2005-09-27,16979.428401911508
2005-09-28,9910.301535227953
2005-09-29,19407.034247754185
2005-09-30,14486.415715184063
2005-10-01,26659.857460822823
2005-10-02,27296.16790554364
2005-10-03,10858.657265642394
2005-10-04,16422.570755929395
2005-10-05,36501.51283772589
2005-10-06,33540.322870128955
2005-10-07,35327.96275724115
2005-10-08,28198.30113298312
2005-10-09,17517.57636752475
2005-10-10,19044.854016704932
2005-10-11,19496.733622249023
2005-10-12,10843.418489438232
2005-10-13,17228.53602157303
2005-10-14,8946.783257567882
2005-10-15,5517.1755558223
2005-10-16,5930.253736004415
2005-10-17,26112.84446635152
2005-10-18,52283.160970136676
2005-10-19,60782.091347710535
2005-10-20,59567.74099646021
2005-10-21,58249.953693002324
2005-10-22,53161.2083027431
2005-10-23,55208.68372068498
2005-10-24,45324.168494797676
2005-10-25,7809.8032811816165
2005-10-26,18436.89973571201
2005-10-27,60154.09438613479
2005-10-28,57591.37326819258
2005-10-29,49590.6194276128
2005-10-30,31959.150106137975
2005-10-31,43533.54048291717
2005-11-01,35493.305424073784
2005-11-02,17813.049041379923
2005-11-03,41653.52605937605
2005-11-04,36352.225241129236
2005-11-05,46376.34932632302
2005-11-06,34827.90033742041
2005-11-07,26707.67739034514
2005-11-08,11272.829303853923
2005-11-09,21743.826116181168
2005-11-10,7679.507231374996
2005-11-11,3509.705601576223
2005-11-12,20904.72018369855
2005-11-13,36576.671698005346
2005-11-14,38830.76015833161
2005-11-15,45736.99328123141
2005-11-16,28533.40219279167
2005-11-17,59089.78678289171
2005-11-18,45673.79205361501
2005-11-19,60068.99130897528
2005-11-20,41510.1977453417
2005-11-21,19179.538800520346
2005-11-22,10630.116815988244
2005-11-23,37002.27037494885
2005-11-24,35774.68409122353
2005-11-25,5902.4068742477875
2005-11-26,6807.664023963238
2005-11-27,3135.0253121794117
2005-11-28,10401.055196387984
2005-11-29,13502.50852983578
2005-11-30,33475.43715529637
2005-12-01,35905.57179945099
2005-12-02,70112.15783192357
2005-12-03,10281.505534682354
2005-12-04,10031.358853832342
2005-12-05,23877.616801391407
2005-12-06,71760.84774522076
2005-12-07,69727.83675748804
2005-12-08,45676.95159472535
2005-12-09,16732.63943436101
2005-12-10,61243.748462002564
2005-12-11,52876.67798757901
2005-12-12,65385.09458943667
2005-12-13,52848.39412943293
2005-12-14,51271.52566843321
2005-12-15,63251.59009346363
2005-12-16,33281.43542394169
2005-12-17,48363.46834166332
2005-12-18,51724.696414623155
2005-12-19,57606.94454437931
2005-12-20,1776.754490600491
2005-12-21,20152.09443321739
2005-12-22,6394.6219256235345
2005-12-23,65453.0181050368
2005-12-24,69378.23746478271
2005-12-25,40868.46191350837
2005-12-26,12570.206196915931
2005-12-27,4515.777158317158
2005-12-28,30297.537654261505
2005-12-29,4439.014004108576
2005-12-30,31472.986423715927
2005-12-31,0.0
2006-01-01,49.18655767132353
2006-01-02,46.99760075
2006-01-03,20433.098815498754
2006-01-04,22517.076495777193
2006-01-05,38401.25637589239
2006-01-06,81019.62164743239
2006-01-07,77012.62745378325
2006-01-08,32727.024806161535
2006-01-09,37.06283893529412
2006-01-10,7773.7040588382315
2006-01-11,37345.889252505665
2006-01-12,19525.843725449762
2006-01-13,2286.8357692345594
2006-01-14,6963.124224843383
2006-01-15,213.48197718186273
2006-01-16,1326.3596416441176
2006-01-17,1091.7190785012256
2006-01-18,30917.805263800255
2006-01-19,66476.30332493898
2006-01-20,10185.044704921558
2006-01-21,35655.78827560049
2006-01-22,166.3319067127451
2006-01-23,6187.314294149022
2006-01-24,107353.40816909264
2006-01-25,41415.971716530126
2006-01-26,63699.05063462575
2006-01-27,7299.85665722402
2006-01-28,699.1202407446078
2006-01-29,276.823407602696
2006-01-30,591.7338319198526
2006-01-31,542.4167454502453
2006-02-01,226.9430630625
2006-02-02,43061.48840298261
2006-02-03,82297.3511727341
2006-02-04,93949.90714265834
2006-02-05,74769.80825598084
2006-02-06,25007.734740958826
2006-02-07,55416.460322698025
2006-02-08,41603.594032931825
2006-02-09,81207.04772034321
2006-02-10,48136.137057217646
2006-02-11,16587.672513294114
2006-02-12,2722.006570821814
2006-02-13,11523.392261358087
2006-02-14,740.6347864541665
2006-02-15,2300.105637235294
2006-02-16,83717.56370456703
2006-02-17,14167.497332488723
2006-02-18,3197.286392740441
2006-02-19,109.020798375
2006-02-20,27851.946750942156
2006-02-21,5755.529772999754
2006-02-22,17716.514878002938
2006-02-23,7257.3612504124985
2006-02-24,18680.582942024736
2006-02-25,142.0221491120098
2006-02-26,4523.37628069902
2006-02-27,68292.76705859267
2006-02-28,108446.4955410729
2006-03-01,37659.837631627444
2006-03-02,75783.0671307179
2006-03-03,62318.91221781283
2006-03-04,29494.341563899266
2006-03-05,38508.45050974339
2006-03-06,24881.545712831874
2006-03-07,27233.416056999533
2006-03-08,8864.667107355883
2006-03-09,5842.38459886618
2006-03-10,52563.61895614657
2006-03-11,103717.49731626334
2006-03-12,99487.9032613004
2006-03-13,68113.89480823831
2006-03-14,2444.9955401892166
2006-03-15,13680.846854162257
2006-03-16,18849.767016922306
2006-03-17,76049.0088528269
2006-03-18,49363.40972582395
2006-03-19,16439.367770016896
2006-03-20,1179.2961013669121
2006-03-21,50375.66621132759
2006-03-22,91676.7528933072
2006-03-23,37478.645612320615
2006-03-24,18271.06850401813
2006-03-25,13592.713106226984
2006-03-26,7455.689628937501
2006-03-27,78546.44025343146
2006-03-28,79254.8061327746
2006-03-29,96583.15881171297
2006-03-30,2944.925993529167
2006-03-31,45966.83172762133
2006-04-01,11114.416488337509
2006-04-02,37804.56723162086
2006-04-03,55179.420672679465
2006-04-04,74388.81323270613
2006-04-05,109679.61966595716
2006-04-06,69604.37686159015
2006-04-07,76988.02571461767
2006-04-08,20403.852798471817
2006-04-09,331.2227684620098
2006-04-10,1913.674133289951
2006-04-11,9083.587094362492
2006-04-12,25890.00214908331
2006-04-13,66141.7549234989
2006-04-14,56268.41363409478
2006-04-15,3464.685027282599
2006-04-16,27824.524431137
2006-04-17,7075.5673835598
2006-04-18,34681.74802485102
2006-04-19,76578.76331863496
2006-04-20,104210.45833486675
2006-04-21,42727.31221876328
2006-04-22,91707.37209325637
2006-04-23,60229.67177651995
2006-04-24,111982.61825748718
2006-04-25,85657.80227348051
2006-04-26,108736.98237159297
2006-04-27,103458.01079802847
2006-04-28,102158.11225429196
2006-04-29,50278.510273415166
2006-04-30,22966.88586074214
2006-05-01,18488.251300972275
2006-05-02,45638.298967777686
2006-05-03,75166.85632611746
2006-05-04,92142.14113623851
2006-05-05,82874.1424501002
2006-05-06,69183.98417418374
2006-05-07,34602.95364197065
2006-05-08,15140.453977883311
2006-05-09,32730.66639159609
2006-05-10,75713.56863438933
2006-05-11,71416.96623704364
2006-05-12,76031.84233390482
2006-05-13,79739.33164827307
2006-05-14,69734.80515436157
2006-05-15,79274.73556617822
2006-05-16,72753.26411228998
2006-05-17,2555.9995689249995
2006-05-18,33315.47997365561
2006-05-19,28609.52750695146
2006-05-20,35585.622344455354
2006-05-21,50757.5408377232
2006-05-22,53866.988183509035
2006-05-23,56099.310076816866
2006-05-24,44331.11688501025
2006-05-25,33485.81729929216
2006-05-26,34984.979800752924
2006-05-27,43220.010684949186
2006-05-28,25133.67226432723
2006-05-29,24937.851865287274
2006-05-30,20381.529574093158
2006-05-31,8471.716395335783
2006-06-01,14386.705064105881
2006-06-02,21662.79084016816
2006-06-03,10949.25755247255
2006-06-04,5465.725624559806
2006-06-05,3329.962708296325
2006-06-06,13442.938571524981
2006-06-07,19812.26398161545
2006-06-08,25146.627620321095
2006-06-09,16458.159265656603
2006-06-10,27639.520107121094
2006-06-11,6393.953597917891
2006-06-12,7985.815188746079
2006-06-13,21492.109534436033
2006-06-14,27291.00678336225
2006-06-15,21571.64472915196
2006-06-16,14478.994068164207
2006-06-17,29734.85928540855
2006-06-18,45641.48140786838
2006-06-19,47208.90534653333
2006-06-20,49342.35173085409
2006-06-21,0.0
2006-06-22,45786.021909310715
2006-06-23,33899.301975738264
2006-06-24,38126.07494896071
2006-06-25,39560.37314782251
2006-06-26,32818.236454216414
2006-06-27,22275.029414690696
2006-06-28,10759.99447745416
2006-06-29,15162.904432064213
2006-06-30,8589.57347152623
2006-07-01,20046.441276840465
2006-07-02,14402.338609707831
2006-07-03,15684.611595014212
2006-07-04,18844.1011764456
2006-07-05,20263.1860382422
2006-07-06,26022.470562182127
2006-07-07,29458.17406232475
2006-07-08,33081.230244614475
2006-07-09,26733.82276292157
2006-07-10,27347.135142281862
2006-07-11,18624.4543079767
2006-07-12,4718.83852066544
2006-07-13,1112.5418640965686
2006-07-14,6587.681198450735
2006-07-15,13459.063759362736
2006-07-16,15539.46500009387
2006-07-17,28226.40894383604
2006-07-18,24650.141388445823
2006-07-19,6346.397717651718
2006-07-20,3661.935026327206
2006-07-21,17500.85741247303
2006-07-22,24938.42906389852
2006-07-23,21341.666656494348
2006-07-24,23699.763443850265
2006-07-25,21985.20322800096
2006-07-26,21551.903807957602
2006-07-27,13643.135850040922
2006-07-28,13555.175992395836
2006-07-29,16150.637504261766
2006-07-30,15819.44148202941
2006-07-31,20875.847758150732
2006-08-01,5383.590622536525
2006-08-02,10669.930134289703
2006-08-03,4959.301853316912
2006-08-04,4937.07789252402
2006-08-05,3317.2775944948535
2006-08-06,5534.876756176958
2006-08-07,2707.3305634936287
2006-08-08,3182.4698188066154
2006-08-09,10316.449593560043
2006-08-10,7924.311345751718
2006-08-11,5870.568479162011
2006-08-12,2801.1664756205882
2006-08-13,8296.855273515197
2006-08-14,5909.334263586767
2006-08-15,3946.445182704413
2006-08-16,4382.931651632106
2006-08-17,7308.675696033336
2006-08-18,11872.08422726298
2006-08-19,17210.834682449993
2006-08-20,14981.6418633973
2006-08-21,1534.1431556980385
2006-08-22,6545.283617723528
2006-08-23,0.0
2006-08-24,4177.5263026475495
2006-08-25,6141.187491412505
2006-08-26,8706.835874162985
2006-08-27,10147.711110856373
2006-08-28,1799.1883734999994
2006-08-29,6170.947897359804
2006-08-30,10674.36656378087
2006-08-31,20026.779100747786
2006-09-01,759.0595056705882
2006-09-02,1913.997933760785
2006-09-03,12582.583329605131
2006-09-04,39582.5217474769
2006-09-05,35792.98121543373
2006-09-06,24241.88544255468
2006-09-07,19234.7287962304
2006-09-08,26886.345184338486
2006-09-09,26504.40580052699
2006-09-10,23612.32642288235
2006-09-11,15172.982133430636
2006-09-12,22531.06741387181
2006-09-13,24869.831578146317
2006-09-14,11952.470748404416
2006-09-15,7603.859908494857
2006-09-16,14437.481994136015
2006-09-17,28309.355873879413
2006-09-18,22982.311781047825
2006-09-19,20192.516310737272
2006-09-20,2344.0219864181377
2006-09-21,14143.03139150146
2006-09-22,4607.354359965934
2006-09-23,25797.51173807966
2006-09-24,13020.006721165928
2006-09-25,10827.712035579163
2006-09-26,12273.957590236016
2006-09-27,20557.252908434082
2006-09-28,33552.08843213114
2006-09-29,31447.312683717886
2006-09-30,22819.857842190468
2006-10-01,18211.971392639964
2006-10-02,21056.767455888265
2006-10-03,19143.621318265694
2006-10-04,27835.223701313473
2006-10-05,31053.73096565223
2006-10-06,22190.85299858775
2006-10-07,27794.740436594377
2006-10-08,30023.925364692404
2006-10-09,17203.911618575232
2006-10-10,20126.34892816741
2006-10-11,21109.245657909574
2006-10-12,21053.546268965452
2006-10-13,1305.0111466676467
2006-10-14,9738.789263888973
2006-10-15,4345.242581518138
2006-10-16,34903.69529293574
2006-10-17,37706.49950915825
2006-10-18,14342.695312735279
2006-10-19,22829.41833309015
2006-10-20,1406.2519026409313
2006-10-21,33421.21912637279
2006-10-22,33230.01043019363
2006-10-23,53167.395077960224
2006-10-24,11968.639068241657
2006-10-25,19714.050593906137
2006-10-26,11370.751309428671
2006-10-27,18724.166075081892
2006-10-28,49349.15627837295
2006-10-29,50956.84692979366
2006-10-30,50952.09875140638
2006-10-31,61746.41317080171
2006-11-01,52728.290456306815
2006-11-02,44912.51852009537
2006-11-03,38173.86939997384
2006-11-04,50134.15488548185
2006-11-05,43554.58332561252
2006-11-06,44397.1643039601
2006-11-07,43809.758260772054
2006-11-08,42178.62159753288
2006-11-09,25683.200807069625
2006-11-10,14972.095206351458
2006-11-11,785.3228224374999
2006-11-12,1827.665163230883
2006-11-13,17406.950756633356
2006-11-14,30642.97716501349
2006-11-15,17396.288368109064
2006-11-16,3627.8633376549014
2006-11-17,10400.265328173295
2006-11-18,12606.4393236299
2006-11-19,75076.74149220811
2006-11-20,70918.00237296907
2006-11-21,1165.5847403904404
2006-11-22,22119.052028312988
2006-11-23,23588.77732344876
2006-11-24,79925.29015622943
2006-11-25,29067.001267498745
2006-11-26,46168.02972158116
2006-11-27,267.10182269019595
2006-11-28,20436.38694500858
2006-11-29,21517.542584142175
2006-11-30,37755.13150968088
2006-12-01,38581.95886656201
2006-12-02,32.9980575625
2006-12-03,330.3569505519607
2006-12-04,20.70741280465686
2006-12-05,8760.870478579653
2006-12-06,15564.839490939214
2006-12-07,38595.58254236465
2006-12-08,94376.78157167016
2006-12-09,42611.20582843354
2006-12-10,16455.618859090682
2006-12-11,45495.08501960274
2006-12-12,90195.30574701393
2006-12-13,31959.378018858606
2006-12-14,103451.46226334161
2006-12-15,24664.08263969164
2006-12-16,18406.503948332833
2006-12-17,110270.3528609793
2006-12-18,95945.71502595652
2006-12-19,57065.85421498287
2006-12-20,3679.0420926713255
2006-12-21,2988.851016350245
2006-12-22,94511.3847928718
2006-12-23,41792.091061120096
2006-12-24,21524.511901932365
2006-12-25,954.0343705242647
2006-12-26,9432.72822704363
2006-12-27,82640.9686894162
2006-12-28,55475.59021800914
2006-12-29,58659.369121850556
2006-12-30,63596.074737426
2006-12-31,63258.1192812238
2007-01-01,23499.981730925752
2007-01-02,84931.1727245422
2007-01-03,82463.30989255449
2007-01-04,91154.04896838765
2007-01-05,83597.90310773629
2007-01-06,69940.46450127657
2007-01-07,72619.14761129925
2007-01-08,50584.698300387055
2007-01-09,36975.70003318531
2007-01-10,17994.900864289215
2007-01-11,32839.36188779514
2007-01-12,7100.029367337011
2007-01-13,41630.928730992404
2007-01-14,19617.81467986421
2007-01-15,17472.423754229174
2007-01-16,40395.94050213535
2007-01-17,34334.60356717477
2007-01-18,15774.224620236286
2007-01-19,14673.133384228187
2007-01-20,78356.82743898776
2007-01-21,77959.91152027508
2007-01-22,72762.45668403062
2007-01-23,60170.82046917624
2007-01-24,20680.31911684584
2007-01-25,82925.28104923845
2007-01-26,67487.79454351164
2007-01-27,68195.00890065552
2007-01-28,71535.67016218456
2007-01-29,85086.77927582052
2007-01-30,92687.48529962664
2007-01-31,76319.60935767967
2007-02-01,81541.58552264249
2007-02-02,10090.910020954172
2007-02-03,24038.32873255861
2007-02-04,6361.663688794608
2007-02-05,22351.965946295335
2007-02-06,5738.3791457904435
2007-02-07,62898.41553189712
2007-02-08,75272.07290298867
2007-02-09,4053.10618828848
2007-02-10,4577.372647212501
2007-02-11,375.875477
2007-02-12,12432.002558989707
2007-02-13,1859.185602332108
2007-02-14,18197.272031914224
2007-02-15,27802.03234854511
2007-02-16,39883.83817129824
2007-02-17,18004.018099638466
2007-02-18,1735.8679493992645
2007-02-19,30426.99876314119
2007-02-20,3846.072529586765
2007-02-21,1056.5279695997551
2007-02-22,6257.494354924755
2007-02-23,91119.91839280027
2007-02-24,48211.08024597394
2007-02-25,2692.957613457354
2007-02-26,25356.86877157378
2007-02-27,79.99215460906863
2007-02-28,16995.76784105956
2007-03-01,22615.098347287
2007-03-02,84546.46354151498
2007-03-03,2510.645121120343
2007-03-04,4183.9242258269605
2007-03-05,76250.3831695198
2007-03-06,69387.42725201043
2007-03-07,98465.65914183279
2007-03-08,92366.7836627339
2007-03-09,21524.791051238
2007-03-10,1076.835522244363
2007-03-11,9195.846667446809
2007-03-12,466.2596250877452
2007-03-13,398.28355358406867
2007-03-14,34713.084032454404
2007-03-15,57148.272968736426
2007-03-16,84120.94280617054
2007-03-17,5269.326474987009
2007-03-18,13985.344038227195
2007-03-19,2352.434764278186
2007-03-20,1609.6961816362752
2007-03-21,4599.891701981864
2007-03-22,46193.73371528723
2007-03-23,116074.56039258043
2007-03-24,22331.783509348534
2007-03-25,82433.58659551144
2007-03-26,115278.18419318271
2007-03-27,103650.56658755594
2007-03-28,59038.10104175756
2007-03-29,47735.494337322016
2007-03-30,52912.72608210362
2007-03-31,35040.00181877062
2007-04-01,12912.811517611515
2007-04-02,35884.76130814532
2007-04-03,64463.938774213144
2007-04-04,27107.572739074054
2007-04-05,16403.476472187245
2007-04-06,58106.42640126146
2007-04-07,55105.450309794105
2007-04-08,64288.577396742185
2007-04-09,92164.66573206386
2007-04-10,91591.93124645803
2007-04-11,69572.60742839327
2007-04-12,96135.16125425234
2007-04-13,99738.5591432075
2007-04-14,93603.58675416067
2007-04-15,93439.24878683836
2007-04-16,92592.53778398027
2007-04-17,61493.21731407462
2007-04-18,36601.56145680441
2007-04-19,42758.18441949752
2007-04-20,42930.74559689312
2007-04-21,70179.84639892397
2007-04-22,76042.43278880711
2007-04-23,17816.720281525253
2007-04-24,49243.10403386369
2007-04-25,44520.1665761269
2007-04-26,72755.71743528318
2007-04-27,82907.80203247933
2007-04-28,72125.46391574343
2007-04-29,70030.9389950367
2007-04-30,42761.06571429404
2007-05-01,60419.50651129972
2007-05-02,45367.460348936314
2007-05-03,29841.507362814973
2007-05-04,7535.966199494119
2007-05-05,19703.27541113971
2007-05-06,55215.7793814605
2007-05-07,57881.439741113485
2007-05-08,5419.8171233012245
2007-05-09,40620.87288770121
2007-05-10,39301.49137811831
2007-05-11,25607.95750640714
2007-05-12,59245.68820407379
2007-05-13,65666.93818815782
2007-05-14,54215.10253172988
2007-05-15,54713.140759459544
2007-05-16,8263.66399878873
2007-05-17,44920.32712526515
2007-05-18,23166.34169133064
2007-05-19,18315.498762651005
2007-05-20,3005.86933425196
2007-05-21,20845.443436044137
2007-05-22,16073.48914507206
2007-05-23,20844.618498571304
2007-05-24,9555.752188680142
2007-05-25,7861.437534646081
2007-05-26,15784.331547068114
2007-05-27,9137.084967084553
2007-05-28,31417.130166324732
2007-05-29,12119.95815120588
2007-05-30,24606.24663583431
2007-05-31,18283.92091343895
2007-06-01,32100.146683555904
2007-06-02,6571.480298650009
2007-06-03,2739.283539514952
2007-06-04,10472.189300039709
2007-06-05,22303.203969616177
2007-06-06,21309.219497065944
2007-06-07,47746.27331258475
2007-06-08,48402.142471518855
2007-06-09,52394.43236706367
2007-06-10,49939.77764888182
2007-06-11,46650.76804869573
2007-06-12,43324.040115289405
2007-06-13,38698.489627885254
2007-06-14,20765.468049907864
2007-06-15,15135.656803207365
2007-06-16,9339.486791149006
2007-06-17,11540.092852526228
2007-06-18,23140.85304118018
2007-06-19,17813.02430018431
2007-06-20,38250.4054585652
2007-06-21,44087.59250243545
2007-06-22,36982.00590187569
2007-06-23,39280.980662110465
2007-06-24,32744.361314252237
2007-06-25,24242.216480109582
2007-06-26,17463.621407569128
2007-06-27,28337.27406674733
2007-06-28,1041.8292144514705
2007-06-29,6276.743700575244
2007-06-30,9011.012075173287
2007-07-01,22856.504012453915
2007-07-02,2762.9229092666674
2007-07-03,7168.3595479828455
2007-07-04,21742.530820378935
2007-07-05,24477.902680557847
2007-07-06,8937.964791720093
2007-07-07,6700.3471482978
2007-07-08,10516.011437606374
2007-07-09,35792.487155167386
2007-07-10,28847.630617617397
2007-07-11,27121.698001888966
2007-07-12,16705.115677097296
2007-07-13,1069.2939744894604
2007-07-14,4679.967548290931
2007-07-15,8071.123978976224
2007-07-16,9116.817314332588
2007-07-17,11651.257624073534
2007-07-18,17612.86069267379
2007-07-19,22123.366692808355
2007-07-20,22045.212733355664
2007-07-21,2549.265774537746
2007-07-22,4089.4816010223026
2007-07-23,1009.757097176961
2007-07-24,10660.150302502685
2007-07-25,5825.096963412259
2007-07-26,5058.348035280142
2007-07-27,8388.886178352453
2007-07-28,17822.05362035221
2007-07-29,18391.49270493603
2007-07-30,17720.94592054289
2007-07-31,10605.758092480872
2007-08-01,1760.9964957857842
2007-08-02,5548.519793114219
2007-08-03,9661.720852478195
2007-08-04,11228.848844553924
2007-08-05,5094.804824758333
2007-08-06,3084.34596813946
2007-08-07,2684.170264700002
2007-08-08,8889.670474830125
2007-08-09,6930.388074192156
2007-08-10,20206.854280418404
2007-08-11,16415.038939380393
2007-08-12,10938.277193779648
2007-08-13,1222.1681646250001
2007-08-14,2180.699349478676
2007-08-15,4701.929089320834
2007-08-16,10711.446629026961
2007-08-17,8780.110630660036
2007-08-18,16799.550578386257
2007-08-19,20063.434366451973
2007-08-20,9795.847814173037
2007-08-21,8555.979680725248
2007-08-22,2731.4510021600486
2007-08-23,11081.405564539215
2007-08-24,3728.91815068946
2007-08-25,7101.09651472917
2007-08-26,3471.515020978433
2007-08-27,5142.580451128427
2007-08-28,4970.697074868867
2007-08-29,12563.541469196814
2007-08-30,11544.975106823276
2007-08-31,4580.553608243627
2007-09-01,10492.1342479424
2007-09-02,5979.459128945588
2007-09-03,7631.119580813725
2007-09-04,4891.256628537742
2007-09-05,4724.82393464461
2007-09-06,6437.382825979656
2007-09-07,9215.11710147916
2007-09-08,15541.614336415181
2007-09-09,4048.1299332794133
2007-09-10,16409.784267680865
2007-09-11,22262.44647450001
2007-09-12,27488.48727024856
2007-09-13,32636.0914299848
2007-09-14,26213.611941924504
2007-09-15,27591.334668838506
2007-09-16,27993.501630004153
2007-09-17,16704.649826355137
2007-09-18,14902.723845837492
2007-09-19,12309.460393789934
2007-09-20,5207.333123937258
2007-09-21,3881.2768715870084
2007-09-22,2737.2171029245114
2007-09-23,3486.848155716176
2007-09-24,14058.511381099765
2007-09-25,19506.440139506118
2007-09-26,22896.91656805417
2007-09-27,14454.692991828902
2007-09-28,5600.818028648035
2007-09-29,18875.94257430982
2007-09-30,21320.590022948534
2007-10-01,18914.399554254644
2007-10-02,6214.806536318632
2007-10-03,11430.26821921274
2007-10-04,4437.4389706551465
2007-10-05,10343.459930123769
2007-10-06,7156.253971224999
2007-10-07,13585.211183095593
2007-10-08,17905.289814884803
2007-10-09,19148.28063174018
2007-10-10,16461.10791254509
2007-10-11,7464.6710716414245
2007-10-12,24937.26234839853
2007-10-13,34225.727679130665
2007-10-14,26702.759402411786
2007-10-15,22851.930141520334
2007-10-16,26916.22115510637
2007-10-17,35748.52028470532
2007-10-18,30168.40179149585
2007-10-19,35028.21810089679
2007-10-20,12035.288818418128
2007-10-21,15371.53039591446
2007-10-22,36269.15265311196
2007-10-23,32050.97508121227
2007-10-24,18293.461616275494
2007-10-25,12085.72618784999
2007-10-26,15086.129281796795
2007-10-27,26093.727997567188
2007-10-28,45876.98013122652
2007-10-29,44608.84904190758
2007-10-30,30640.086203032875
2007-10-31,41640.43086138708
2007-11-01,38978.31567139832
2007-11-02,38813.26319823664
2007-11-03,33568.622541125034
2007-11-04,21410.18326564169
2007-11-05,27863.403921237274
2007-11-06,32022.53045742307
2007-11-07,21729.410228491917
2007-11-08,27494.249450110077
2007-11-09,29988.594984595875
2007-11-10,8063.6524267791665
2007-11-11,30623.87034344636
2007-11-12,30047.569911610553
2007-11-13,20660.776517371345
2007-11-14,22145.555212892923
2007-11-15,17896.270664684038
2007-11-16,30787.620089677457
2007-11-17,27056.98120452181
2007-11-18,26540.015565593407
2007-11-19,7551.716769751232
2007-11-20,26097.95688060885
2007-11-21,32367.515511039495
2007-11-22,25040.945684493145
2007-11-23,32492.921489542197
2007-11-24,19056.084393692152
2007-11-25,29892.376531197333
2007-11-26,19119.344285627216
2007-11-27,27572.714620674273
2007-11-28,3990.3175945617645
2007-11-29,281.4083353083333
2007-11-30,4250.205885033334
2007-12-01,8679.336203766177
2007-12-02,7439.911828440687
2007-12-03,43412.85192755077
2007-12-04,37290.566342507846
2007-12-05,8216.495619491176
2007-12-06,1997.7268610720585
2007-12-07,4136.568757708336
2007-12-08,51218.291374383385
2007-12-09,101.35455554191176
2007-12-10,2359.231438745587
2007-12-11,40964.01816369517
2007-12-12,7779.0798467421555
2007-12-13,10854.377203068634
2007-12-14,32139.37734944977
2007-12-15,75658.78905653144
2007-12-16,26693.275060377913
2007-12-17,54539.7412946522
2007-12-18,467.658283492647
2007-12-19,1425.5680368348042
2007-12-20,12726.076836666667
2007-12-21,1841.6278877632355
2007-12-22,55139.87788745905
2007-12-23,11581.660061394363
2007-12-24,29421.2237236027
2007-12-25,61846.213598293194
2007-12-26,63680.42101883686
2007-12-27,54439.54362322577
2007-12-28,42424.83337574734
2007-12-29,14241.552215222537
2007-12-30,41595.108736387316
2007-12-31,37020.65745463779
2008-01-01,20082.05943109754
2008-01-02,14293.695500390908
2008-01-03,3029.0413782830888
2008-01-04,905.7911085625
2008-01-05,3775.4332523875014
2008-01-06,145.26593220833334
2008-01-07,11986.19350964559
2008-01-08,0.0
2008-01-09,277.8156758232843
2008-01-10,1946.2989943073528
2008-01-11,19087.97117750489
2008-01-12,26111.155085536753
2008-01-13,46263.68140137233
2008-01-14,40143.94606393704
2008-01-15,11821.530227581852
2008-01-16,20.9965045625
2008-01-17,3869.3729011399514
2008-01-18,2041.708935673039
2008-01-19,14403.16840933088
2008-01-20,4521.33543613505
2008-01-21,11104.247060541422
2008-01-22,170.22205805514707
2008-01-23,8713.734043404413
2008-01-24,17340.176972242647
2008-01-25,22392.523237387497
2008-01-26,20295.503342929926
2008-01-27,54801.65849814636
2008-01-28,22568.073182959066
2008-01-29,16358.784426303431
2008-01-30,94098.55354590567
2008-01-31,79446.38625658174
2008-02-01,91489.09734884583
2008-02-02,8204.86334753848
2008-02-03,1076.7789891759805
2008-02-04,12506.080618941434
2008-02-05,3088.7824219061295
2008-02-06,8788.076927895592
2008-02-07,59.974203375
2008-02-08,3411.8759802583327
2008-02-09,67323.98703147625
2008-02-10,53145.706367481864
2008-02-11,22419.335583132604
2008-02-12,56712.6000599598
2008-02-13,93264.78500237178
2008-02-14,10979.208527006125
2008-02-15,44572.792129670546
2008-02-16,2584.193779653676
2008-02-17,33307.07835046101
2008-02-18,87814.55623393669
2008-02-19,99472.34733388784
2008-02-20,114517.49256230379
2008-02-21,1510.260545290441
2008-02-22,9799.057961767892
2008-02-23,17354.04512377989
2008-02-24,35223.585784046576
2008-02-25,61317.97704469454
2008-02-26,60179.14806925068
2008-02-27,109571.31509288088
2008-02-28,61450.15068194725
2008-02-29,99871.71102502212
2008-03-01,10184.374615471314
2008-03-02,48202.37823303704
2008-03-03,18877.77921727547
2008-03-04,17132.654250243857
2008-03-05,44455.376325045756
2008-03-06,40876.048642411224
2008-03-07,25623.905442019113
2008-03-08,84334.42775770134
2008-03-09,80031.32171553238
2008-03-10,54583.527294773514
2008-03-11,52685.33218450858
2008-03-12,84274.62226820238
2008-03-13,54842.06853263795
2008-03-14,98654.23989903608
2008-03-15,99611.36919056305
2008-03-16,48992.25871749852
2008-03-17,14875.604840231355
2008-03-18,53533.825237194156
2008-03-19,43759.64906407666
2008-03-20,49518.12756754018
2008-03-21,56960.17977634794
2008-03-22,29811.089381761998
2008-03-23,80878.16571188469
2008-03-24,94132.42935688981
2008-03-25,94801.50559942542
2008-03-26,15501.089512046314
2008-03-27,51228.93516733752
2008-03-28,46885.76527615955
2008-03-29,43345.48775859142
2008-03-30,22723.278655225968
2008-03-31,15877.967505657345
2008-04-01,37427.22469166406
2008-04-02,10091.226160018852
2008-04-03,21605.582322519385
2008-04-04,20845.073401079906
2008-04-05,5021.393860066912
2008-04-06,21845.95615672108
2008-04-07,9162.12098165145
2008-04-08,8838.617279338227
2008-04-09,12453.696447034554
2008-04-10,2936.5077392169105
2008-04-11,2935.2698331610304
2008-04-12,15418.802904861994
2008-04-13,31480.590721050256
2008-04-14,7211.6311032230415
2008-04-15,504.15841378700986
2008-04-16,11496.212344125484
2008-04-17,98079.93406589866
2008-04-18,78665.45429622065
2008-04-19,69968.09038211341
2008-04-20,78157.77506664372
2008-04-21,80817.16096158861
2008-04-22,61910.12105538818
2008-04-23,47056.956502954614
2008-04-24,67381.87646165483
2008-04-25,24435.063226207312
2008-04-26,29203.31036905664
2008-04-27,78228.292387822
2008-04-28,91161.50177492297
2008-04-29,78275.6101775787
2008-04-30,67373.72124918063
2008-05-01,68142.72658764666
2008-05-02,76459.38288778802
2008-05-03,86738.37560012238
2008-05-04,33819.5707212196
2008-05-05,17274.735102307826
2008-05-06,48301.08366667988
2008-05-07,79165.06442813564
2008-05-08,71606.45489309725
2008-05-09,5639.821971961521
2008-05-10,24707.10471148138
2008-05-11,43066.26285055459
2008-05-12,48050.01935992408
2008-05-13,22363.270607068633
2008-05-14,50693.00689219903
2008-05-15,42682.61779073668
2008-05-16,41169.113987279605
2008-05-17,22329.269851990455
2008-05-18,13928.34464033259
2008-05-19,46197.15995425487
2008-05-20,44272.12959097172
2008-05-21,70976.60706238364
2008-05-22,33158.830975488476
2008-05-23,15666.698547065904
2008-05-24,20842.414863169113
2008-05-25,7553.420012229898
2008-05-26,20539.98956336174
2008-05-27,25308.83990210563
2008-05-28,17104.530405242873
2008-05-29,30817.208674251713
2008-05-30,46042.4319399493
2008-05-31,42491.569372356826
2008-06-01,48628.81672234428
2008-06-02,15494.46752698602
2008-06-03,6575.320671026225
2008-06-04,34139.495413597586
2008-06-05,45010.12216821319
2008-06-06,50155.53929801683
2008-06-07,30285.81602089093
2008-06-08,25460.366845501958
2008-06-09,19905.801213469378
2008-06-10,24613.77378506353
2008-06-11,33183.7164096238
2008-06-12,19070.482365476728
2008-06-13,31343.012436329453
2008-06-14,33243.48115273332
2008-06-15,20122.46628515489
2008-06-16,2089.9318864671573
2008-06-17,14764.510482911519
2008-06-18,8776.034453501965
2008-06-19,6553.042034280147
2008-06-20,16315.97086085662
2008-06-21,12001.723421457838
2008-06-22,14732.103302315185
2008-06-23,16712.532249769854
2008-06-24,15370.51646010856
2008-06-25,31303.205098983348
2008-06-26,23077.07699877231
2008-06-27,10881.682330894124
2008-06-28,5937.946090875493
2008-06-29,10478.885193992404
2008-06-30,6176.724137747063
2008-07-01,8784.772821288463
2008-07-02,25817.94044129559
2008-07-03,24246.16254410907
2008-07-04,24822.297501217152
2008-07-05,22834.060903872087
2008-07-06,5144.73057521152
2008-07-07,4618.929922083089
2008-07-08,6398.781858775984
2008-07-09,2618.669748673773
2008-07-10,13491.082515262995
2008-07-11,11875.862672127687
2008-07-12,9970.472470524994
2008-07-13,12227.3244941696
2008-07-14,3825.4759046453437
2008-07-15,19896.742460610076
2008-07-16,20552.484616120597
2008-07-17,19124.956982429416
2008-07-18,2331.2821756198505
2008-07-19,7029.069598758337
2008-07-20,2322.311868248774
2008-07-21,2682.021292165196
2008-07-22,5610.521283347552
2008-07-23,3376.683356654165
2008-07-24,11370.870646099987
2008-07-25,5763.4038539933845
2008-07-26,4735.547094342398
2008-07-27,7010.342333976473
2008-07-28,10012.398805295094
2008-07-29,16764.52480308651
2008-07-30,18663.561594682375
2008-07-31,19743.902099203937
2008-08-01,19532.411785224016
2008-08-02,14661.504207883085
2008-08-03,10763.038582675725
2008-08-04,10735.199072126223
2008-08-05,694.7628434551473
2008-08-06,13819.571238500715
2008-08-07,18765.203974536533
2008-08-08,10081.673039979658
2008-08-09,6766.790650191173
2008-08-10,4618.9459639786755
2008-08-11,6898.662982147547
2008-08-12,2399.2529148578424
2008-08-13,6575.776273249752
2008-08-14,12304.00012909486
2008-08-15,982.8878588571079
2008-08-16,4167.874781238235
2008-08-17,2590.5855801205885
2008-08-18,9268.1354120718
2008-08-19,21320.65247622254
2008-08-20,19975.625503839
2008-08-21,5422.64777359289
2008-08-22,4895.999575994604
2008-08-23,11342.508976171563
2008-08-24,4436.574999224755
2008-08-25,10220.023047394849
2008-08-26,9148.780152391906
2008-08-27,7804.185012530881
2008-08-28,11041.485492358568
2008-08-29,15413.223918954653
2008-08-30,13715.212433877694
2008-08-31,2068.650365467647
2008-09-01,9535.31660149583
2008-09-02,18805.186807518865
2008-09-03,22369.870676758608
2008-09-04,8964.52435828602
2008-09-05,11973.431027339708
2008-09-06,3779.977284009068
2008-09-07,1458.713214118137
2008-09-08,11616.544859478921
2008-09-09,32762.920814091685
2008-09-10,49476.70983648174
2008-09-11,33111.85447697993
2008-09-12,37235.30511025628
2008-09-13,31593.491800313248
2008-09-14,15415.047525384054
2008-09-15,18985.503108901747
2008-09-16,17874.574372582116
2008-09-17,2489.797536467157
2008-09-18,3846.0895547365208
2008-09-19,15796.60364754142
2008-09-20,20218.705756175023
2008-09-21,39510.98623760885
2008-09-22,18269.136613260784
2008-09-23,10179.63667343774
2008-09-24,30348.100833585315
2008-09-25,42991.870956852166
2008-09-26,41322.43408554035
2008-09-27,45330.05364249948
2008-09-28,31500.804418469397
2008-09-29,36938.56133890611
2008-09-30,34025.078096895864
2008-10-01,27970.603143756878
2008-10-02,35979.32725638433
2008-10-03,37622.92473805881
2008-10-04,38624.264446326415
2008-10-05,30789.444107845367
2008-10-06,9383.274409623285
2008-10-07,5623.43832294632
2008-10-08,14069.124914212005
2008-10-09,19214.84067481911
2008-10-10,44368.400299955625
2008-10-11,34229.447008194365
2008-10-12,35766.45960471029
2008-10-13,23170.057412506154
2008-10-14,14383.264335949478
2008-10-15,4725.331054589707
2008-10-16,42754.07240801002
2008-10-17,58010.187558805315
2008-10-18,48020.63630887764
2008-10-19,31895.835348034823
2008-10-20,23975.040366197292
2008-10-21,48615.114661003616
2008-10-22,24618.296417972553
2008-10-23,32344.12554946592
2008-10-24,39364.58114883796
2008-10-25,18225.42442415832
2008-10-26,30298.89996653825
2008-10-27,31352.20369245247
2008-10-28,6665.584646048529
2008-10-29,4719.687661295345
2008-10-30,16410.94751628407
2008-10-31,59162.93999728236
2008-11-01,50758.63943461892
2008-11-02,33056.71843471547
2008-11-03,32569.745723952256
2008-11-04,51648.610341458065
2008-11-05,42020.16090025078
2008-11-06,37131.50271589763
2008-11-07,36709.85860551158
2008-11-08,23309.58993165958
2008-11-09,10795.140788055869
2008-11-10,24501.543416273547
2008-11-11,3828.8687197563713
2008-11-12,2328.1810868475477
2008-11-13,5316.273801488477
2008-11-14,4749.061052724019
2008-11-15,39330.45229113892
2008-11-16,53593.53805988845
2008-11-17,0.0
2008-11-18,16462.646647443158
2008-11-19,317.70832405637253
2008-11-20,26172.603415862977
2008-11-21,63302.57494732131
2008-11-22,34102.55657348704
2008-11-23,21739.320567349492
2008-11-24,58218.77829446692
2008-11-25,17197.026116194367
2008-11-26,30464.11584057402
2008-11-27,54970.62107810606
2008-11-28,33594.39439849436
2008-11-29,20570.74107769413
2008-11-30,35009.53158868115
2008-12-01,12496.637416693387
2008-12-02,60978.24700317627
2008-12-03,37056.533042989446
2008-12-04,54555.78975638754
2008-12-05,47761.57836414611
2008-12-06,53735.58946475304
2008-12-07,2319.590965923039
2008-12-08,4416.082987298282
2008-12-09,11822.026832791431
2008-12-10,22207.69237961863
2008-12-11,15506.812279375
2008-12-12,95436.47705050313
2008-12-13,66445.10356547922
2008-12-14,46385.46779905153
2008-12-15,7078.616799460289
2008-12-16,0.0
2008-12-17,8555.990954873532
2008-12-18,3047.012620517404
2008-12-19,1904.7534452421562
2008-12-20,0.0
2008-12-21,-9999
2008-12-22,-9999
2008-12-23,0.0
2008-12-24,95292.19438829667
2008-12-25,45153.298456088254
2008-12-26,97072.66195548374
2008-12-27,79974.31649211323
2008-12-28,55017.10994788409
2008-12-29,24536.521194375015
2008-12-30,44597.94404113697
2008-12-31,94284.22063470258
2009-01-01,60839.20898018606
2009-01-02,22567.191794534305
2009-01-03,321.7909353906863
2009-01-04,11028.790428104405
2009-01-05,98005.26668999845
2009-01-06,52743.5723366887
2009-01-07,68919.82118221381
2009-01-08,73093.73853180204
2009-01-09,51750.17580625296
2009-01-10,10404.25078877427
2009-01-11,87199.73711938017
2009-01-12,22120.902653520625
2009-01-13,27193.244345120856
2009-01-14,2946.2284151007357
2009-01-15,401.8214603904412
2009-01-16,6329.869271227451
2009-01-17,230.15574496960787
2009-01-18,130.71462567058825
2009-01-19,64847.08879085365
2009-01-20,103967.75669703743
2009-01-21,40861.98695202455
2009-01-22,10766.254504616676
2009-01-23,26450.02668199461
2009-01-24,336.2440529583333
2009-01-25,2895.9456201960793
2009-01-26,12408.916900131859
2009-01-27,13025.710903039459
2009-01-28,39520.50329395054
2009-01-29,1689.8580123379893
2009-01-30,68095.34450158848
2009-01-31,91449.13619273284
2009-02-01,103903.75526673555
2009-02-02,12183.914312175737
2009-02-03,9956.046924622795
2009-02-04,37484.1603809652
2009-02-05,112.13090818946077
2009-02-06,14142.825819419844
2009-02-07,53895.17521656351
2009-02-08,110129.20348746667
2009-02-09,2226.4694717303914
2009-02-10,12.9947369375
2009-02-11,17553.44079029338
2009-02-12,2784.7008455328432
2009-02-13,0.0
2009-02-14,29082.362445776707
2009-02-15,90825.9704414097
2009-02-16,58481.52920396316
2009-02-17,22383.384583261286
2009-02-18,41516.13160237808
2009-02-19,58856.087782488205
2009-02-20,1293.0544322522062
2009-02-21,16729.797658121086
2009-02-22,7501.744571113724
2009-02-23,2777.147515937991
2009-02-24,15125.965721024522
2009-02-25,53551.23318105119
2009-02-26,68920.9296310009
2009-02-27,54682.1772495298
2009-02-28,91028.49929233745
2009-03-01,2363.552267458822
2009-03-02,22300.27783371174
2009-03-03,4398.29795359951
2009-03-04,913.6669258176472
2009-03-05,34271.4180587978
2009-03-06,5533.373910786766
2009-03-07,9681.501577759795
2009-03-08,2051.045712858824
2009-03-09,3403.2261152463248
2009-03-10,76986.91324475344
2009-03-11,93947.85013189462
2009-03-12,88045.05512778957
2009-03-13,55828.618681268585
2009-03-14,95291.41366044556
2009-03-15,101549.56483233959
2009-03-16,46583.04758354045
2009-03-17,29636.380435357103
2009-03-18,57466.366449014175
2009-03-19,12096.319106073526
2009-03-20,22538.470909536023
2009-03-21,32008.2845096929
2009-03-22,108.42804033970587
2009-03-23,31142.648285517866
2009-03-24,22346.81022983823
2009-03-25,12329.760095650241
2009-03-26,85298.00354964545
2009-03-27,1589.4104986318628
2009-03-28,50658.35980590853
2009-03-29,444.3789159654412
2009-03-30,75036.70254607598
2009-03-31,95162.38212487356
2009-04-01,25983.918558031095
2009-04-02,242.3499162477941
2009-04-03,21546.523063156605
2009-04-04,90847.46458029181
2009-04-05,21312.14545115662
2009-04-06,2383.501627774266
2009-04-07,2853.7329080789223
2009-04-08,5676.762403798282
2009-04-09,10618.95933364437
2009-04-10,97053.76577643631
2009-04-11,56922.878789912924
2009-04-12,11545.144327108086
2009-04-13,33212.05508471521
2009-04-14,27953.993845535304
2009-04-15,4232.592039207842
2009-04-16,46902.16025539804
2009-04-17,81340.74144172663
2009-04-18,102465.91633438777
2009-04-19,97524.60985306109
2009-04-20,9697.764849939214
2009-04-21,1916.1979955249997
2009-04-22,53168.046760827536
2009-04-23,30458.813777912732
2009-04-24,70641.92707473677
2009-04-25,76328.0633971673
2009-04-26,31165.2860904142
2009-04-27,18962.053841025965
2009-04-28,11137.621487860033
2009-04-29,42350.7752905812
2009-04-30,66104.82096634468
2009-05-01,91990.71641938486
2009-05-02,35601.06489820224
2009-05-03,22784.009761447036
2009-05-04,9977.409857142404
2009-05-05,3435.394861597302
2009-05-06,32974.84107004707
2009-05-07,67085.20068182386
2009-05-08,30167.83309813678
2009-05-09,17687.898264702224
2009-05-10,10111.499849963242
2009-05-11,44726.51988786476
2009-05-12,86121.7884828384
2009-05-13,91584.88497799073
2009-05-14,65540.29581622232
2009-05-15,32655.40371483236
2009-05-16,64440.370561297794
2009-05-17,85213.50394996507
2009-05-18,94384.61406526114
2009-05-19,50567.76980947032
2009-05-20,23862.608447951698
2009-05-21,28387.0398087162
2009-05-22,64832.98312448753
2009-05-23,61437.66776646644
2009-05-24,46850.922222081565
2009-05-25,10971.555940820575
2009-05-26,74213.10327879018
2009-05-27,64303.863311758396
2009-05-28,68918.05908439071
2009-05-29,74255.53607146768
2009-05-30,70565.81560222757
2009-05-31,73982.98592816848
2009-06-01,28791.503817776695
2009-06-02,53182.00223491466
2009-06-03,48625.98655403257
2009-06-04,29796.709583201497
2009-06-05,9956.177918479652
2009-06-06,6699.3796103843115
2009-06-07,15596.552913123503
2009-06-08,29277.50837313777
2009-06-09,55036.45478539482
2009-06-10,25911.67785969093
2009-06-11,29619.597877274802
2009-06-12,36979.0717270998
2009-06-13,22001.2896674385
2009-06-14,14653.972274589441
2009-06-15,21109.046221659566
2009-06-16,3223.0608416379905
2009-06-17,5010.274571630399
2009-06-18,32143.401675307145
2009-06-19,28625.58466684586
2009-06-20,30551.154269452487
2009-06-21,45379.92836986342
2009-06-22,42369.28439923234
2009-06-23,46072.93210648349
2009-06-24,37750.6060084901
2009-06-25,31887.506608982123
2009-06-26,25931.926295663732
2009-06-27,27876.82504237996
2009-06-28,48914.14806101096
2009-06-29,40029.62832021072
2009-06-30,14063.758181103665
2009-07-01,23227.475476119896
2009-07-02,33869.8647268093
2009-07-03,6212.978506548783
2009-07-04,14127.632455185047
2009-07-05,39929.648276597
2009-07-06,36677.54315457567
2009-07-07,44335.27944349771
2009-07-08,39590.87840200512
2009-07-09,37876.42671602863
2009-07-10,17821.573635932364
2009-07-11,27412.849458593915
2009-07-12,32077.034731653217
2009-07-13,15531.41953770048
2009-07-14,7519.1203027622605
2009-07-15,31488.922652996334
2009-07-16,41204.25792514749
2009-07-17,31790.21140122158
2009-07-18,28428.00278934265
2009-07-19,22868.281277026734
2009-07-20,28150.705404362026
2009-07-21,24245.282837151997
2009-07-22,15887.632933255385
2009-07-23,6985.698241482354
2009-07-24,10395.337360136517
2009-07-25,23888.802012370856
2009-07-26,28355.7726025826
2009-07-27,30969.05610284561
2009-07-28,15756.930929670112
2009-07-29,9876.636381418124
2009-07-30,22281.50882434685
2009-07-31,17770.59574838848
2009-08-01,31136.21111727649
2009-08-02,26017.109464173514
2009-08-03,30456.66598625076
2009-08-04,34332.784853766214
2009-08-05,28045.36478988015
2009-08-06,21584.077055758342
2009-08-07,8937.5958760723
2009-08-08,12755.903030025243
2009-08-09,20357.883422299037
2009-08-10,21694.84979511642
2009-08-11,26374.828696210316
2009-08-12,25655.36154322206
2009-08-13,29829.268992295096
2009-08-14,22756.47350240148
2009-08-15,26302.79922402253
2009-08-16,3866.4922864578402
2009-08-17,7278.095398908336
2009-08-18,7332.753117324265
2009-08-19,7173.18854752059
2009-08-20,21640.424714018645
2009-08-21,14881.042904779157
2009-08-22,16470.835428916907
2009-08-23,11947.471614710275
2009-08-24,20878.694837087747
2009-08-25,22884.931899497056
2009-08-26,5598.999592864955
2009-08-27,25864.289726757346
2009-08-28,24899.832704431607
2009-08-29,23651.66293090439
2009-08-30,11910.473947244114
2009-08-31,1337.257489592402
2009-09-01,3611.579051170098
2009-09-02,5194.627846064461
2009-09-03,4689.711068923281
2009-09-04,25092.36560824753
2009-09-05,28526.765681056644
2009-09-06,23179.185005637744
2009-09-07,23470.74436935417
2009-09-08,33302.27895950294
2009-09-09,0.0
2009-09-10,28502.592789453927
2009-09-11,19436.26402343603
2009-09-12,9883.787376567156
2009-09-13,16183.888560901203
2009-09-14,20324.328553835538
2009-09-15,20132.08437017722
2009-09-16,6624.577487752205
2009-09-17,18538.654772422786
2009-09-18,25712.02695680834
2009-09-19,29477.730869463525
2009-09-20,30188.74355955638
2009-09-21,24534.55498893998
2009-09-22,22019.902633368656
2009-09-23,15034.560879853163
2009-09-24,20155.83446903799
2009-09-25,29734.28486894534
2009-09-26,24594.726862142667
2009-09-27,16291.546745284053
2009-09-28,10531.88758152646
2009-09-29,22158.117489131906
2009-09-30,31421.1793951397
2009-10-01,24245.943808105636
2009-10-02,22035.585524711038
2009-10-03,17818.20789144681
2009-10-04,4071.806406780883
2009-10-05,10892.778943542402
2009-10-06,22864.247806747815
2009-10-07,20374.046885993645
2009-10-08,14263.523668250224
2009-10-09,9112.438445758093
2009-10-10,25693.38673807403
2009-10-11,32428.36039277305
2009-10-12,29918.82198298331
2009-10-13,31150.244744589465
2009-10-14,8899.557864221804
2009-10-15,15407.718082898766
2009-10-16,7216.008344090694
2009-10-17,21960.11690292622
2009-10-18,10083.18257426079
2009-10-19,31461.06580816253
2009-10-20,29990.882321071356
2009-10-21,12464.754576505877
2009-10-22,20966.466828172775
2009-10-23,14704.8105870588
2009-10-24,30234.053688315707
2009-10-25,27175.80346005025
2009-10-26,33606.097134210104
2009-10-27,30567.446614526983
2009-10-28,740.9356685046572
2009-10-29,15754.106543442404
2009-10-30,53457.44512066037
2009-10-31,52276.35554611349
2009-11-01,52912.205980113
2009-11-02,42922.62434895644
2009-11-03,12717.688098436769
2009-11-04,34067.05941015151
2009-11-05,9739.550551321077
2009-11-06,14369.48513047033
2009-11-07,16670.013707018126
2009-11-08,1990.858945553676
2009-11-09,392.5462005411766
2009-11-10,25978.0843601549
2009-11-11,92839.65170747966
2009-11-12,90562.31273361106
2009-11-13,23392.347773689937
2009-11-14,49847.142036776946
2009-11-15,19012.848966254653
2009-11-16,38911.152702075284
2009-11-17,20148.862404490465
2009-11-18,63797.34779014829
2009-11-19,84605.43625375861
2009-11-20,84394.45989195193
2009-11-21,90768.39538670394
2009-11-22,42069.34875253188
2009-11-23,66819.41958218958
2009-11-24,41492.12481537038
2009-11-25,36878.334278126946
2009-11-26,59879.383626563744
2009-11-27,8774.28635867524
2009-11-28,4403.8423821071065
2009-11-29,46107.256963122
2009-11-30,24260.502865387218
2009-12-01,27163.841529240457
2009-12-02,84495.95377094018
2009-12-03,6206.6349373296525
2009-12-04,31873.87027491886
2009-12-05,21821.196139346335
2009-12-06,41292.11838741296
2009-12-07,87486.6617836403
2009-12-08,4217.591463084563
2009-12-09,914.7451244080885
2009-12-10,1431.657167498284
2009-12-11,31850.78514442034
2009-12-12,581.5934257507353
2009-12-13,37310.72691446784
2009-12-14,21848.03961429511
2009-12-15,20357.490105389705
2009-12-16,22502.40045854166
2009-12-17,75475.30461698712
2009-12-18,76568.93377066132
2009-12-19,59273.1338813096
2009-12-20,4450.837564287991
2009-12-21,11288.151947780625
2009-12-22,81947.15011345256
2009-12-23,91362.53581575051
2009-12-24,82835.19393594343
2009-12-25,79577.17056442023
2009-12-26,28170.855462375283
2009-12-27,16329.856137189961
2009-12-28,39939.68820346245
2009-12-29,40745.32188110001
2009-12-30,86428.23646120843
2009-12-31,57880.41720634658
2010-01-01,103838.24207704052
2010-01-02,74519.60473968413
2010-01-03,20346.65056567671
2010-01-04,92817.92860529767
2010-01-05,86621.51970466426
2010-01-06,93198.87379192698
2010-01-07,65985.55805375832
2010-01-08,62978.301150510146
2010-01-09,17649.519344200995
2010-01-10,78957.06484536445
2010-01-11,46274.62222386029
2010-01-12,48982.68149971719
2010-01-13,56001.34900792696
2010-01-14,45881.93731810588
2010-01-15,36055.755769845324
2010-01-16,11493.52772709657
2010-01-17,17293.215332779404
2010-01-18,14815.895793982354
2010-01-19,45531.92581714341
2010-01-20,13210.392270275985
2010-01-21,58947.08027312383
2010-01-22,3831.052133830147
2010-01-23,48434.313474562456
2010-01-24,37474.025380876716
2010-01-25,26659.00099862721
2010-01-26,51612.74979300565
2010-01-27,5188.199327622792
2010-01-28,20435.029441695347
2010-01-29,4700.71470629044
2010-01-30,53406.283389485834
2010-01-31,4584.417560955636
2010-02-01,11611.364171974998
2010-02-02,79433.92576605786
2010-02-03,16845.660650028192
2010-02-04,72386.5683329852
2010-02-05,1560.2032450852942
2010-02-06,820.0291304683822
2010-02-07,0.0
2010-02-08,0.0
2010-02-09,1271.1369629963235
2010-02-10,44724.20540638208
2010-02-11,0.3020246490196078
2010-02-12,34.933474687009806
2010-02-13,9447.251489214948
2010-02-14,76.43634786151962
2010-02-15,7438.24992397402
2010-02-16,27266.90484756128
2010-02-17,74982.02447899802
2010-02-18,31865.68843505808
2010-02-19,22236.4887585956
2010-02-20,72313.35042679899
2010-02-21,37532.5636183218
2010-02-22,6396.869293083327
2010-02-23,69348.34000840105
2010-02-24,26148.262239072083
2010-02-25,16818.161864736983
2010-02-26,3238.4334424105405
2010-02-27,31048.077588350014
2010-02-28,5006.198859626468
2010-03-01,5699.863535253432
2010-03-02,30767.961682161054
2010-03-03,4162.629133860538
2010-03-04,8549.982946243137
2010-03-05,47664.7042887078
2010-03-06,0.0
2010-03-07,53733.32891084771
2010-03-08,109393.3325426907
2010-03-09,70115.60789982488
2010-03-10,2863.306464039951
2010-03-11,104916.33605555179
2010-03-12,52459.908101122965
2010-03-13,60567.542188859006
2010-03-14,86817.57325768855
2010-03-15,109745.20502711735
2010-03-16,114856.0067628278
2010-03-17,86874.68070526456
2010-03-18,104980.59386490354
2010-03-19,92897.47859724321
2010-03-20,49016.2796567605
2010-03-21,3847.088730091424
2010-03-22,3818.8523084862745
2010-03-23,6831.600006042157
2010-03-24,48158.65288805616
2010-03-25,52233.64369929752
2010-03-26,44510.3004343159
2010-03-27,41560.23186606762
2010-03-28,32220.541045776474
2010-03-29,7629.605691325976
2010-03-30,14217.703109305397
2010-03-31,68404.10038411514
2010-04-01,37858.755409161975
2010-04-02,27441.940520922784
2010-04-03,11938.321016047286
2010-04-04,11652.63937953675
2010-04-05,32685.023164931135
2010-04-06,99954.7063910932
2010-04-07,30557.837668754415
2010-04-08,7819.530016776962
2010-04-09,38681.89541632331
2010-04-10,53054.865225270056
2010-04-11,28574.56979166449
2010-04-12,5524.250673881372
2010-04-13,86296.42893983261
2010-04-14,104499.10466602782
2010-04-15,32809.07498639338
2010-04-16,19338.982761361993
2010-04-17,6140.382808762501
2010-04-18,2712.5190068857855
2010-04-19,29126.239493628196
2010-04-20,50407.99595649137
2010-04-21,19303.09362353382
2010-04-22,45894.869084447615
2010-04-23,31602.373057876208
2010-04-24,64020.223601235026
2010-04-25,71459.06305194527
2010-04-26,67439.32761054634
2010-04-27,31555.574441642628
2010-04-28,12084.422945402212
2010-04-29,49640.87093982591
2010-04-30,36081.72203405982
2010-05-01,14737.345532073274
2010-05-02,89257.8004134504
2010-05-03,87106.49769226754
2010-05-04,34341.777287960074
2010-05-05,586.4755629860291
2010-05-06,19547.135512717632
2010-05-07,5261.661849492893
2010-05-08,28321.152170169385
2010-05-09,60546.24573306269
2010-05-10,9916.738385811506
2010-05-11,52449.26997133874
2010-05-12,38192.63142007796
2010-05-13,3751.7568477926466
2010-05-14,29103.729250063516
2010-05-15,36984.33923981887
2010-05-16,6599.747828179169
2010-05-17,457.87613654632344
2010-05-18,4178.141797748283
2010-05-19,34021.45954406176
2010-05-20,83157.85200079148
2010-05-21,99772.4641383391
2010-05-22,29913.93845456226
2010-05-23,7987.588418069616
2010-05-24,66275.48971581174
2010-05-25,85599.08773963258
2010-05-26,81566.05594701998
2010-05-27,17524.142537509055
2010-05-28,10779.697580347549
2010-05-29,38528.53718098644
2010-05-30,84702.65109149655
2010-05-31,87429.665787358
2010-06-01,81041.08715023503
2010-06-02,28821.306152746067
2010-06-03,8557.928088616907
2010-06-04,5111.28393964338
2010-06-05,18062.206937278665
2010-06-06,48820.84033395906
2010-06-07,29165.846635477905
2010-06-08,4928.57093772206
2010-06-09,32564.97016730786
2010-06-10,37503.70458597694
2010-06-11,47436.69497094309
2010-06-12,28913.790727649528
2010-06-13,22839.17311864974
2010-06-14,6692.295943022304
2010-06-15,7111.814091943383
2010-06-16,5647.108555271567
2010-06-17,17869.618715227916
2010-06-18,44163.462625773995
2010-06-19,72871.02900182774
2010-06-20,68077.15643127963
2010-06-21,69092.82681669062
2010-06-22,53443.146416340634
2010-06-23,59897.73512173674
2010-06-24,12863.58931012009
2010-06-25,6437.217961511517
2010-06-26,0.0
2010-06-27,38569.28780693937
2010-06-28,45457.343333046985
2010-06-29,25043.4199855613
2010-06-30,16495.919802271554
2010-07-01,26462.640434004396
2010-07-02,28690.047942564437
2010-07-03,39078.95533152516
2010-07-04,23514.312128720623
2010-07-05,15183.803981868388
2010-07-06,15299.598891722067
2010-07-07,41582.66780236128
2010-07-08,55147.373803823226
2010-07-09,50732.28258985872
2010-07-10,43882.359374719344
2010-07-11,45532.337801388385
2010-07-12,19887.84286658455
2010-07-13,13320.444995312499
2010-07-14,25176.12444146276
2010-07-15,43692.94786517665
2010-07-16,46831.07144984724
2010-07-17,49164.76267223008
2010-07-18,41520.233193123786
2010-07-19,40294.29697024411
2010-07-20,10674.953271672306
2010-07-21,1548.0810157943615
2010-07-22,2670.944472933825
2010-07-23,18517.329715728687
2010-07-24,24067.327330142612
2010-07-25,15349.613265645568
2010-07-26,33000.13025843236
2010-07-27,19221.235666134795
2010-07-28,5957.968658620594
2010-07-29,1334.2158475066174
2010-07-30,5347.158276486518
2010-07-31,8870.198689183328
2010-08-01,21835.627756009282
2010-08-02,19324.76685754118
2010-08-03,24228.57872008676
2010-08-04,17687.043141515438
2010-08-05,6155.153574699017
2010-08-06,10644.728912001709
2010-08-07,3637.482265337499
2010-08-08,6032.160575674754
2010-08-09,5033.731952964712
2010-08-10,7282.701160983578
2010-08-11,6729.369774911275
2010-08-12,17791.822683993876
2010-08-13,3653.331773178679
2010-08-14,2106.398845807355
2010-08-15,1768.1172244397064
2010-08-16,695.5620543526957
2010-08-17,4283.057490528431
2010-08-18,8157.637109804413
2010-08-19,5309.446956378673
2010-08-20,7204.985746975736
2010-08-21,16347.812361589211
2010-08-22,23636.24026372425
2010-08-23,21886.189586684548
2010-08-24,7256.917432200733
2010-08-25,2252.4122599352945
2010-08-26,7053.163560276228
2010-08-27,28980.886774582625
2010-08-28,28900.435163747803
2010-08-29,30102.721293104165
2010-08-30,28554.397509733844
2010-08-31,24381.982147056144
2010-09-01,15868.862046022294
2010-09-02,5278.555442687989
2010-09-03,2043.9722697124998
2010-09-04,8767.527868584559
2010-09-05,12835.22302626445
2010-09-06,15201.884446396793
2010-09-07,7237.057111729905
2010-09-08,3779.2165465764724
2010-09-09,12404.176699941656
2010-09-10,3279.9074276414203
2010-09-11,5526.095520722306
2010-09-12,5298.758882218877
2010-09-13,2616.011724969611
2010-09-14,2203.2292801196077
2010-09-15,10516.753152930134
2010-09-16,17875.72242597429
2010-09-17,10525.128459930627
2010-09-18,15449.077938788243
2010-09-19,35839.805841775415
2010-09-20,40730.32418154907
2010-09-21,37760.40872604585
2010-09-22,14484.834721065941
2010-09-23,8736.701305722794
2010-09-24,7940.969139574023
2010-09-25,30132.108435738
2010-09-26,12501.85964524682
2010-09-27,24227.983029909836
2010-09-28,11582.762317561013
2010-09-29,10322.955108377446
2010-09-30,23921.54682183972
2010-10-01,27306.011738838493
2010-10-02,41943.421393221535
2010-10-03,39188.2593195569
2010-10-04,38134.324633537915
2010-10-05,41266.42821149871
2010-10-06,35158.28130859755
2010-10-07,31240.904845291694
2010-10-08,23108.39370893115
2010-10-09,31774.534150267147
2010-10-10,14484.6948018316
2010-10-11,23123.052990468896
2010-10-12,13228.96717461984
2010-10-13,27733.847716765456
2010-10-14,33389.43530800907
2010-10-15,26387.572680370613
2010-10-16,35199.58074306885
2010-10-17,35199.04387586374
2010-10-18,32535.17797387135
2010-10-19,34376.190654629914
2010-10-20,18715.33870492942
2010-10-21,11360.266407848037
2010-10-22,4882.131121815441
2010-10-23,56006.92775222436
2010-10-24,55178.190664796006
2010-10-25,77994.45658529246
2010-10-26,35687.91847183827
2010-10-27,48804.74742685783
2010-10-28,54275.97349597478
2010-10-29,3159.3703275941175
2010-10-30,11683.048555550733
2010-10-31,41797.78077060639
2010-11-01,58567.077039733354
2010-11-02,57606.27349219953
2010-11-03,55909.231094434064
2010-11-04,15071.975088772062
2010-11-05,12645.892194363483
2010-11-06,13605.213167315695
2010-11-07,45028.024327723266
2010-11-08,50274.000865023816
2010-11-09,44901.63804214168
2010-11-10,46924.64519068727
2010-11-11,49621.424558548286
2010-11-12,42089.279161014216
2010-11-13,29199.935523860066
2010-11-14,34348.994103496625
2010-11-15,37755.081667631624
2010-11-16,32081.980325826218
2010-11-17,37941.9936874419
2010-11-18,22371.459839601463
2010-11-19,30855.345259220827
2010-11-20,36814.16105816649
2010-11-21,10186.607378235054
2010-11-22,3339.8816660852935
2010-11-23,21814.07207693996
2010-11-24,28318.516600450766
2010-11-25,3097.147363518381
2010-11-26,33010.02638038534
2010-11-27,47259.81042944832
2010-11-28,44469.17176948502
2010-11-29,41937.961436173275
2010-11-30,34674.460390678956
2010-12-01,32230.966343040443
2010-12-02,29205.43577278407
2010-12-03,40371.420499439504
2010-12-04,16927.004881426958
2010-12-05,32158.731307996815
2010-12-06,16669.719099923048
2010-12-07,25912.231776626963
2010-12-08,35900.518962326474
2010-12-09,16224.683004319115
2010-12-10,29974.700455990922
2010-12-11,21926.33797769831
2010-12-12,30554.470252475534
2010-12-13,18137.312171925747
2010-12-14,30417.513097919156
2010-12-15,28013.238812646832
2010-12-16,5161.943903491661
2010-12-17,822.2450462600493
2010-12-18,18047.75422527843
2010-12-19,40313.920023751765
2010-12-20,29506.42851600245
2010-12-21,30899.13229110347
2010-12-22,16220.954586612985
2010-12-23,12559.946768057594
2010-12-24,39118.20107055861
2010-12-25,21083.64636321764
2010-12-26,8670.188801096821
2010-12-27,6900.389058931371
2010-12-28,4897.192821724267
2010-12-29,3286.678202612255
2010-12-30,1992.7465972377447
2010-12-31,28755.394734083595
2011-01-01,104238.12790830714
2011-01-02,94061.81209638939
2011-01-03,66547.3776177199
2011-01-04,31831.103906702956
2011-01-05,46639.254387443674
2011-01-06,17054.311323891183
2011-01-07,903.9023926718138
2011-01-08,13400.392367486025
2011-01-09,67462.59995073115
2011-01-10,71431.94028565446
2011-01-11,16492.719419927696
2011-01-12,46384.209691484044
2011-01-13,30712.64934390492
2011-01-14,851.4913993036765
2011-01-15,10161.57690343725
2011-01-16,88378.47325235512
2011-01-17,5963.071330834805
2011-01-18,50299.61611043722
2011-01-19,69333.84919913184
2011-01-20,8103.66382706054
2011-01-21,18194.092216605397
2011-01-22,79471.67515417917
2011-01-23,67738.88310278974
2011-01-24,67403.10988927206
2011-01-25,64888.98521346442
2011-01-26,57735.38773376544
2011-01-27,84892.67188373195
2011-01-28,306.1177450732843
2011-01-29,12712.849687210788
2011-01-30,17063.689209446824
2011-01-31,22886.60462835787
2011-02-01,59584.07014562035
2011-02-02,55627.328312787504
2011-02-03,4819.935311278432
2011-02-04,15.46652919240196
2011-02-05,1825.413275700735
2011-02-06,152.9768429375
2011-02-07,16.0001673125
2011-02-08,63366.34773685884
2011-02-09,22129.99787538849
2011-02-10,70318.52785807698
2011-02-11,24304.633790283606
2011-02-12,486.16164626053927
2011-02-13,774.8211327254903
2011-02-14,7916.542963873281
2011-02-15,32864.77464119167
2011-02-16,60354.596051692366
2011-02-17,53332.96475886147
2011-02-18,63124.380358800256
2011-02-19,4706.954971465687
2011-02-20,1122.29553310049
2011-02-21,83854.18715836003
2011-02-22,217.1900752286765
2011-02-23,4876.024769653674
2011-02-24,490.8096253676471
2011-02-25,3668.6700940100495
2011-02-26,5950.975716943873
2011-02-27,40658.9288531998
2011-02-28,431.8732548960783
2011-03-01,3934.6634954585784
2011-03-02,56.098382498039214
2011-03-03,636.363457322794
2011-03-04,5948.99900732059
2011-03-05,6681.6222761323515
2011-03-06,23932.918535581877
2011-03-07,3741.1094784254915
2011-03-08,69431.22505271691
2011-03-09,106304.13200774415
2011-03-10,97858.61623007203
2011-03-11,115922.51928326853
2011-03-12,75576.72433385949
2011-03-13,96578.12245380406
2011-03-14,114322.83878643933
2011-03-15,72999.18194192743
2011-03-16,19639.756484523514
2011-03-17,1155.088322412009
2011-03-18,26951.25541467499
2011-03-19,41.060198023774504
2011-03-20,51085.0426286674
2011-03-21,104746.16358549712
2011-03-22,75042.36237815951
2011-03-23,75942.60775246355
2011-03-24,84965.25642294079
2011-03-25,106660.708548221
2011-03-26,69720.7231095114
2011-03-27,73293.71419434721
2011-03-28,3349.3112655752457
2011-03-29,27531.13206445072
2011-03-30,35820.25405423626
2011-03-31,57156.40301338424
2011-04-01,19013.937136144603
2011-04-02,20228.51594758456
2011-04-03,23716.440857422047
2011-04-04,1987.3427146284318
2011-04-05,36283.76147994706
2011-04-06,40747.673082536756
2011-04-07,101504.2048160966
2011-04-08,109519.33263911372
2011-04-09,53482.18631068311
2011-04-10,11985.072177375236
2011-04-11,3087.756518655638
2011-04-12,32424.097012178197
2011-04-13,95823.9232403875
2011-04-14,107755.48051359982
2011-04-15,54540.66339271963
2011-04-16,25872.19812968183
2011-04-17,749.36297926299
2011-04-18,14343.828607029154
2011-04-19,31644.95344136812
2011-04-20,41342.45173626787
2011-04-21,82792.43467120551
2011-04-22,105319.86256698436
2011-04-23,104653.40721174217
2011-04-24,108322.26847960148
2011-04-25,103545.16222543485
2011-04-26,102609.31344774565
2011-04-27,103140.03028650123
2011-04-28,81507.25979455063
2011-04-29,29505.52799338237
2011-04-30,51931.727863824
2011-05-01,65507.19604444321
2011-05-02,83506.97242872536
2011-05-03,91610.46912733988
2011-05-04,88996.46702675655
2011-05-05,61393.15550270858
2011-05-06,4034.914245142159
2011-05-07,43724.999032198226
2011-05-08,63946.03051074556
2011-05-09,31738.986967458328
2011-05-10,62002.975386685655
2011-05-11,24411.57070674635
2011-05-12,33980.532292876465
2011-05-13,42932.01693631623
2011-05-14,76051.68096964427
2011-05-15,80424.23601717914
2011-05-16,71449.67210693505
2011-05-17,68332.84019836069
2011-05-18,58416.71551645142
2011-05-19,57539.35700083327
2011-05-20,31125.78185304267
2011-05-21,9172.056143080374
2011-05-22,40459.355322551135
2011-05-23,61591.564191275946
2011-05-24,37292.091976248565
2011-05-25,42703.79929907209
2011-05-26,13352.12758820268
2011-05-27,13622.781987396804
2011-05-28,54939.85312316025
2011-05-29,49910.19831341691
2011-05-30,44021.0217690811
2011-05-31,48950.33148963157
2011-06-01,5458.318157175245
2011-06-02,14776.854083771312
2011-06-03,35045.81634688261
2011-06-04,57685.142114522554
2011-06-05,43716.46260905018
2011-06-06,28900.876618731414
2011-06-07,38489.418199025175
2011-06-08,40357.38406170531
2011-06-09,36983.511201758556
2011-06-10,36411.99550723054
2011-06-11,33998.89933948338
2011-06-12,4413.634617884804
2011-06-13,23664.277698321366
2011-06-14,32207.848038826243
2011-06-15,36404.43890895829
2011-06-16,42425.51450705707
2011-06-17,12197.060957087257
2011-06-18,13732.51708531446
2011-06-19,25483.882947996844
2011-06-20,18298.971970105173
2011-06-21,36772.39353322466
2011-06-22,37168.61490469428
2011-06-23,13606.207439097067
2011-06-24,28718.280806291426
2011-06-25,37052.75944499503
2011-06-26,17162.796830982337
2011-06-27,18975.019498147565
2011-06-28,6819.781079838972
2011-06-29,14933.96377467501
2011-06-30,8649.898315870096
2011-07-01,11210.310676937257
2011-07-02,9946.028029142391
2011-07-03,11384.108115660774
2011-07-04,7054.360685179903
2011-07-05,22020.556693619135
2011-07-06,24301.032999065206
2011-07-07,18484.568805243158
2011-07-08,2822.6115814818636
2011-07-09,2632.8719921490183
2011-07-10,7060.677406802939
2011-07-11,11396.840456705644
2011-07-12,24831.083196702224
2011-07-13,28606.815996131627
2011-07-14,19519.846410134567
2011-07-15,4101.3011337335765
2011-07-16,1220.0640785870096
2011-07-17,13667.928872373039
2011-07-18,7163.449766812501
2011-07-19,3642.904481432105
2011-07-20,19314.406835357117
2011-07-21,14287.882256076955
2011-07-22,10019.99951654558
2011-07-23,10526.0801035674
2011-07-24,10278.086717300237
2011-07-25,6104.419286180391
2011-07-26,10382.905757733812
2011-07-27,10734.062280604887
2011-07-28,2524.844317374263
2011-07-29,2186.060382066421
2011-07-30,4983.5793139029365
2011-07-31,7072.5890857568675
2011-08-01,6538.754087482599
2011-08-02,18204.79510040759
2011-08-03,26036.98988883456
2011-08-04,20077.423286686786
2011-08-05,24260.42322902869
2011-08-06,15366.291622720815
2011-08-07,2617.8377442482843
2011-08-08,14697.256510623518
2011-08-09,14507.217194256606
2011-08-10,14032.466300377444
2011-08-11,7359.749328500252
2011-08-12,3412.8013926568624
2011-08-13,5669.3439658019615
2011-08-14,3952.727688862501
2011-08-15,2323.604295024264
2011-08-16,8931.240043414706
2011-08-17,17349.038655751705
2011-08-18,11970.446285088477
2011-08-19,2724.843966442402
2011-08-20,12933.747548525978
2011-08-21,26922.801238085798
2011-08-22,22573.103208647335
2011-08-23,23838.409374163737
2011-08-24,20251.363853612263
2011-08-25,11769.26425635048
2011-08-26,5596.915892414953
2011-08-27,7800.727409972803
2011-08-28,751.232246831618
2011-08-29,3717.54443109559
2011-08-30,9033.962266653421
2011-08-31,6389.173619355391
2011-09-01,7882.309171483577
2011-09-02,3009.3444158237758
2011-09-03,4906.76834790857
2011-09-04,6321.506106169116
2011-09-05,12903.10089517647
2011-09-06,21537.08818431053
2011-09-07,19481.88697981546
2011-09-08,13004.415514222785
2011-09-09,3861.1767168669126
2011-09-10,10052.088859166653
2011-09-11,3965.5535985737743
2011-09-12,19371.062041425503
2011-09-13,17779.60490464362
2011-09-14,3346.001674133822
2011-09-15,5509.494059395346
2011-09-16,2232.321844740196
2011-09-17,44617.58014823788
2011-09-18,11940.844735632594
2011-09-19,13638.788115995583
2011-09-20,14744.145964555144
2011-09-21,28598.815469321562
2011-09-22,22092.40170783603
2011-09-23,18599.804211699284
2011-09-24,21041.823268911277
2011-09-25,17327.834519619602
2011-09-26,19688.306625714213
2011-09-27,18464.70168418383
2011-09-28,31003.461963020614
2011-09-29,27120.159409931603
2011-09-30,26087.633931906385
2011-10-01,19614.71017384534
2011-10-02,28760.1775067549
2011-10-03,30950.598489857846
2011-10-04,30874.371835845115
2011-10-05,13654.93735710341
2011-10-06,7890.51972893113
2011-10-07,3241.090110205394
2011-10-08,10407.469030923521
2011-10-09,21450.540206770573
2011-10-10,32791.444843967656
2011-10-11,41019.76471752831
2011-10-12,45577.08749978623
2011-10-13,35463.077038643394
2011-10-14,10119.450321968874
2011-10-15,27864.825078985785
2011-10-16,22231.126873987516
2011-10-17,21644.837291580367
2011-10-18,11987.543825899005
2011-10-19,16064.568805060528
2011-10-20,2999.9851748421606
2011-10-21,15472.090420091396
2011-10-22,4201.913438035787
2011-10-23,5536.209945506126
2011-10-24,47717.2870651801
2011-10-25,56896.6606311495
2011-10-26,66959.58314470416
2011-10-27,63920.491285630385
2011-10-28,33977.07086642622
2011-10-29,4716.331435485779
2011-10-30,13198.628666518134
2011-10-31,7139.696432508088
2011-11-01,9796.616797524259
2011-11-02,7809.752764817406
2011-11-03,5220.458299972541
2011-11-04,5273.506524124753
2011-11-05,34670.15353380222
2011-11-06,68454.00710246319
2011-11-07,8440.918704268142
2011-11-08,8632.928704317648
2011-11-09,1860.6743428747552
2011-11-10,1132.19165161397
2011-11-11,59287.94442744632
2011-11-12,65311.57451359633
2011-11-13,53297.2453081252
2011-11-14,17450.283074972285
2011-11-15,15303.748125649032
2011-11-16,40157.30122421003
2011-11-17,28347.53899504242
2011-11-18,23016.843648497346
2011-11-19,8663.09139322598
2011-11-20,48069.62239540402
2011-11-21,28958.100561741434
2011-11-22,48289.6478389331
2011-11-23,4464.652438668383
2011-11-24,4245.06880511446
2011-11-25,47771.16322320692
2011-11-26,26760.759177911266
2011-11-27,41949.31914373537
2011-11-28,25908.65189932674
2011-11-29,64350.69566600446
2011-11-30,68321.1455552527
2011-12-01,8516.170412129664
2011-12-02,41918.279443215986
2011-12-03,29585.251270702713
2011-12-04,57082.44215497556
2011-12-05,15720.594794026949
2011-12-06,17534.289763503923
2011-12-07,3022.6345278683834
2011-12-08,21156.361615838745
2011-12-09,41882.42475128758
2011-12-10,80310.8566421421
2011-12-11,71757.54638675056
2011-12-12,53460.62065641354
2011-12-13,58286.83067227951
2011-12-14,52837.82705654398
2011-12-15,18890.920344678172
2011-12-16,46227.61982927998
2011-12-17,42620.18410921184
2011-12-18,10346.8526622343
2011-12-19,91.54111266029412
2011-12-20,451.194026955392
2011-12-21,18879.76588178334
2011-12-22,50294.87425912899
2011-12-23,39728.23106694695
2011-12-24,20419.008689794355
2011-12-25,31982.511029645553
2011-12-26,35407.943667675485
2011-12-27,9519.520624004652
2011-12-28,14025.314787519117
2011-12-29,37088.62858592356
2011-12-30,52684.935188566255
2011-12-31,49327.067485506246
2012-01-01,44518.45037788853
2012-01-02,45213.84661620962
2012-01-03,14351.43721327891
2012-01-04,2554.617465339216
2012-01-05,2830.674233963726
2012-01-06,2797.1160192970597
2012-01-07,2454.3183643789234
2012-01-08,11025.536925294115
2012-01-09,41713.9803745133
2012-01-10,68987.66324420061
2012-01-11,68784.20380842651
2012-01-12,48410.31970507517
2012-01-13,32052.14916929636
2012-01-14,2885.0450649835784
2012-01-15,24.99829575
2012-01-16,36492.608628326714
2012-01-17,46261.3371265826
2012-01-18,75303.48301147632
2012-01-19,9601.449861931369
2012-01-20,27746.00066981887
2012-01-21,53232.18230475738
2012-01-22,5534.462495469856
2012-01-23,35093.15937025883
2012-01-24,65809.51238785445
2012-01-25,24555.44822340905
2012-01-26,3114.2781170198527
2012-01-27,14171.379992668388
2012-01-28,26056.975256161775
2012-01-29,61070.12982599975
2012-01-30,72075.72370289589
2012-01-31,16919.468183142395
2012-02-01,78927.53352684097
2012-02-02,34021.39059344953
2012-02-03,11809.836259997053
2012-02-04,348.931744117647
2012-02-05,8735.309527288233
2012-02-06,15034.056948500007
2012-02-07,18940.594203396562
2012-02-08,45875.2407041404
2012-02-09,70005.88050162696
2012-02-10,50463.54491476001
2012-02-11,1357.0610580546568
2012-02-12,547.8589593039216
2012-02-13,1152.0713745482842
2012-02-14,5196.6911725867685
2012-02-15,33802.329050713735
2012-02-16,50.649572424264704
2012-02-17,25005.65285151225
2012-02-18,2031.9174888590687
2012-02-19,2013.2601342242647
2012-02-20,37.0069795
2012-02-21,7834.586333108579
2012-02-22,770.70841872549
2012-02-23,2043.714895568382
2012-02-24,47245.16085993451
2012-02-25,18.995002
2012-02-26,38674.53914864
2012-02-27,2437.2873333267157
2012-02-28,55487.69002238328
2012-02-29,72949.56941256665
2012-03-01,35388.05162729218
2012-03-02,66978.52759331069
2012-03-03,32732.80690622283
2012-03-04,6439.711330723776
2012-03-05,1107.6421862612751
2012-03-06,55319.0084374752
2012-03-07,478.6914777715686
2012-03-08,13202.865973892645
2012-03-09,47870.14174149471
2012-03-10,10879.41904904412
2012-03-11,28923.982051771814
2012-03-12,3043.3424982973042
2012-03-13,38863.699627057766
2012-03-14,5278.426725167647
2012-03-15,91321.22861333542
2012-03-16,1388.3746775688724
2012-03-17,9005.707086421067
2012-03-18,2024.1440628333332
2012-03-19,90.15004341544117
2012-03-20,3131.497192797059
2012-03-21,47250.34601803477
2012-03-22,107469.16983662668
2012-03-23,13069.520235797067
2012-03-24,28876.324054412515
2012-03-25,3315.7554757865196
2012-03-26,805.0172150063726
2012-03-27,9269.196337565198
2012-03-28,11503.754953298027
2012-03-29,106740.2578852993
2012-03-30,82239.21002734952
2012-03-31,62092.555290923985
2012-04-01,15649.027200454153
2012-04-02,40383.31900689067
2012-04-03,34497.53619957064
2012-04-04,73442.87448407621
2012-04-05,58795.480996975784
2012-04-06,58203.983231176666
2012-04-07,44489.36933880417
2012-04-08,33060.8647909691
2012-04-09,9495.73428356224
2012-04-10,2615.732425424753
2012-04-11,3697.3204742999997
2012-04-12,34607.98823260052
2012-04-13,1699.5890013848039
2012-04-14,34412.75245502354
2012-04-15,11313.805547840188
2012-04-16,35177.78810049216
2012-04-17,78960.81395609514
2012-04-18,88678.85441159153
2012-04-19,92001.68216459104
2012-04-20,12335.920317793629
2012-04-21,26190.919190179677
2012-04-22,19671.51196912843
2012-04-23,32327.15091582378
2012-04-24,38668.72210335435
2012-04-25,41833.22394981052
2012-04-26,5141.453671575492
2012-04-27,11298.772863418622
2012-04-28,17810.756538059795
2012-04-29,4703.330021816911
2012-04-30,4178.845541532845
2012-05-01,11691.447879829173
2012-05-02,67604.71980693011
2012-05-03,74963.02002652384
2012-05-04,71548.07722030544
2012-05-05,67956.3510698897
2012-05-06,15483.016193632593
2012-05-07,40876.9530236316
2012-05-08,31348.069606854442
2012-05-09,33537.49305771473
2012-05-10,4114.253101775983
2012-05-11,7552.201383764954
2012-05-12,3222.095120781617
2012-05-13,20399.96797349046
2012-05-14,45742.36813934261
2012-05-15,28757.528944777216
2012-05-16,62413.46677515484
2012-05-17,8259.750255729652
2012-05-18,21850.56658716003
2012-05-19,25333.929797130168
2012-05-20,30813.42289018285
2012-05-21,3203.8875946448543
2012-05-22,3807.109580503678
2012-05-23,38621.071538608296
2012-05-24,65029.49738884647
2012-05-25,27573.854475186792
2012-05-26,2432.831856948776
2012-05-27,44735.757552952906
2012-05-28,68505.20583395463
2012-05-29,55491.964620408835
2012-05-30,68009.38412282815
2012-05-31,17263.22777551812
2012-06-01,31205.735363773812
2012-06-02,31758.23430298236
2012-06-03,41197.880347415114
2012-06-04,58903.27336932097
2012-06-05,63215.14982594777
2012-06-06,2588.6748422852934
2012-06-07,7934.996314338483
2012-06-08,7045.969461309567
2012-06-09,19918.157620436512
2012-06-10,29172.347291393155
2012-06-11,13488.64595302499
2012-06-12,20016.85321340832
2012-06-13,9968.668926819118
2012-06-14,33780.55030092156
2012-06-15,45622.42468740145
2012-06-16,43092.670345326645
2012-06-17,48708.99326585115
2012-06-18,10798.128323948038
2012-06-19,22114.203731793143
2012-06-20,43552.50558599653
2012-06-21,44900.67059071029
2012-06-22,35403.73788172844
2012-06-23,8501.64988352525
2012-06-24,10142.79966716176
2012-06-25,9603.30282550049
2012-06-26,15653.44652768772
2012-06-27,19311.534953886552
2012-06-28,19316.660060389222
2012-06-29,17531.87836184609
2012-06-30,28398.87820057357
2012-07-01,35653.523237732836
2012-07-02,36321.78597448349
2012-07-03,45473.35238234526
2012-07-04,19407.396919427953
2012-07-05,19920.169329430886
2012-07-06,32132.9401976586
2012-07-07,21641.127202038995
2012-07-08,20989.565471760052
2012-07-09,13566.326122707107
2012-07-10,30824.01795038483
2012-07-11,26914.523792872307
2012-07-12,15766.9877101929
2012-07-13,16719.445953843388
2012-07-14,18125.55754364632
2012-07-15,6938.091528949267
2012-07-16,6784.908959482839
2012-07-17,30037.492752677965
2012-07-18,19373.873555189468
2012-07-19,5900.133934655641
2012-07-20,5563.638159430883
2012-07-21,4666.824708445832
2012-07-22,17691.49292672671
2012-07-23,12357.33280014706
2012-07-24,8984.667492734072
2012-07-25,5071.200927049759
2012-07-26,845.0167781166671
2012-07-27,13079.13359410539
2012-07-28,25368.490978291662
2012-07-29,29588.472342590925
2012-07-30,16762.65052830268
2012-07-31,16225.727813438223
2012-08-01,14271.58761881911
2012-08-02,13454.841816865179
2012-08-03,17070.581861874758
2012-08-04,2006.4215088838241
2012-08-05,1706.3855080227943
2012-08-06,5744.596840068626
2012-08-07,7198.42442316152
2012-08-08,17260.866734094354
2012-08-09,12276.527968063483
2012-08-10,7758.634849096568
2012-08-11,2862.0307399987737
2012-08-12,2458.081030147548
2012-08-13,7675.506941775733
2012-08-14,1112.452258652206
2012-08-15,1962.7453921897052
2012-08-16,4210.877979228434
2012-08-17,14550.886511220573
2012-08-18,19369.540319904165
2012-08-19,17727.552767372803
2012-08-20,18568.954899664957
2012-08-21,18874.954033086768
2012-08-22,17858.805830477704
2012-08-23,17808.37537158528
2012-08-24,8896.518650036267
2012-08-25,7324.893066401228
2012-08-26,3176.211907556128
2012-08-27,6280.381432726961
2012-08-28,1709.2722715674022
2012-08-29,9842.757641714703
2012-08-30,13113.29704735293
2012-08-31,18506.376570238008
2012-09-01,23319.88930747036
2012-09-02,13675.144780426714
2012-09-03,5714.749112887257
2012-09-04,1313.2381882539216
2012-09-05,3835.454357943873
2012-09-06,2959.5187216022064
2012-09-07,2772.0568168286786
2012-09-08,1228.948547698284
2012-09-09,2511.889120398283
2012-09-10,1976.16714056152
2012-09-11,11911.26722343479
2012-09-12,17166.79172445905
2012-09-13,5499.965769158331
2012-09-14,3763.5611128899504
2012-09-15,10110.17013364339
2012-09-16,6232.086862806621
2012-09-17,1013.5112327122548
2012-09-18,6369.323743753919
2012-09-19,45531.00998414973
2012-09-20,22597.530794950995
2012-09-21,24971.72838635075
2012-09-22,7662.458817456865
2012-09-23,30381.3881738338
2012-09-24,21656.65885072941
2012-09-25,21913.725300070833
2012-09-26,18288.56248789314
2012-09-27,26675.715283511756
2012-09-28,28552.817155552715
2012-09-29,13170.798841335774
2012-09-30,15288.857563731615
2012-10-01,30968.637286797573
2012-10-02,26130.586977284318
2012-10-03,21448.249498661746
2012-10-04,15933.011523936495
2012-10-05,29990.55939019044
2012-10-06,12300.417660638232
2012-10-07,30699.340042098047
2012-10-08,22373.550171775005
2012-10-09,29040.25692236224
2012-10-10,10677.06435869167
2012-10-11,22553.210079705652
2012-10-12,30658.963379898483
2012-10-13,5667.28276549363
2012-10-14,19410.939921107605
2012-10-15,10581.80952491543
2012-10-16,7962.294891250008
2012-10-17,12625.055624902194
2012-10-18,16607.603092289217
2012-10-19,12463.190166614191
2012-10-20,1732.0400943500001
2012-10-21,9300.792941647052
2012-10-22,39827.27887156618
2012-10-23,51825.388981440694
2012-10-24,66575.14038257305
2012-10-25,69439.3407508863
2012-10-26,48297.47422147503
2012-10-27,61170.069655061976
2012-10-28,54177.947285656155
2012-10-29,61823.024047898296
2012-10-30,64684.03547755637
2012-10-31,57155.07951449366
2012-11-01,58510.84700821297
2012-11-02,52812.16470782497
2012-11-03,42026.35718102281
2012-11-04,49846.048607591874
2012-11-05,32823.85928097896
2012-11-06,51202.731273357684
2012-11-07,47001.96413406328
2012-11-08,47656.721838039506
2012-11-09,52093.53797920369
2012-11-10,40707.834072625745
2012-11-11,52441.48934020884
2012-11-12,42366.90658809934
2012-11-13,40851.89886819266
2012-11-14,35863.88695446351
2012-11-15,35235.92786410423
2012-11-16,12083.971648379409
2012-11-17,6928.719777901217
2012-11-18,14509.59120314999
2012-11-19,39616.354049058624
2012-11-20,50446.676609790644
2012-11-21,18697.563881535785
2012-11-22,16530.561845760545
2012-11-23,1303.234479752696
2012-11-24,35995.461061310736
2012-11-25,49777.29526630341
2012-11-26,38198.52367705877
2012-11-27,54667.85638922381
2012-11-28,3152.0407730166667
2012-11-29,14465.15227062891
2012-11-30,64192.65862337698
2012-12-01,94481.79821521694
2012-12-02,74833.02394620892
2012-12-03,53998.93341126253
2012-12-04,86319.20875372992
2012-12-05,10661.154413239208
2012-12-06,14868.830270896555
2012-12-07,13512.051097000241
2012-12-08,15194.140506785541
2012-12-09,38110.09508785935
2012-12-10,17423.946453765675
2012-12-11,5340.519515720101
2012-12-12,26412.515659575478
2012-12-13,105.12783415882352
2012-12-14,2080.5237966340687
2012-12-15,1855.2619961095584
2012-12-16,3438.950016753675
2012-12-17,27489.210260822805
2012-12-18,3157.2139807806375
2012-12-19,52267.10892565414
2012-12-20,76140.58459538037
2012-12-21,84466.00958808213
2012-12-22,53555.98045842942
2012-12-23,27639.28582223607
2012-12-24,10052.72877718749
2012-12-25,44282.64916336841
2012-12-26,53919.232270126464
2012-12-27,32.998713375
2012-12-28,442.54527247965694
2012-12-29,24805.50115336812
2012-12-30,108123.63090514822
2012-12-31,108849.94839053873
2013-01-01,51344.224958848536
2013-01-02,100042.38300985539
2013-01-03,25475.41030301889
2013-01-04,29339.979226994856
2013-01-05,46445.849619627006
2013-01-06,25690.31947579781
2013-01-07,69031.0065172575
2013-01-08,49479.06625355499
2013-01-09,49997.99873773704
2013-01-10,65621.24880106746
2013-01-11,78889.45848461418
2013-01-12,1034.9391583276965
2013-01-13,78654.16310542534
2013-01-14,48289.67161136419
2013-01-15,4289.622336687501
2013-01-16,21647.846284345847
2013-01-17,1161.6944854629903
2013-01-18,8957.152253671326
2013-01-19,13495.878075296825
2013-01-20,92311.5716091877
2013-01-21,48743.88428557523
2013-01-22,60979.315660419576
2013-01-23,13817.019378953666
2013-01-24,71674.57659696246
2013-01-25,101389.29554999524
2013-01-26,82550.56942446955
2013-01-27,19764.939080990927
2013-01-28,70394.01541691151
2013-01-29,65265.64315575784
2013-01-30,6505.092804077205
2013-01-31,27712.24809181642
2013-02-01,48775.10200293552
2013-02-02,26765.49921371693
2013-02-03,1247.4881679051477
2013-02-04,338.7222129764706
2013-02-05,351.1920588595588
2013-02-06,63782.772482238055
2013-02-07,113264.6944416696
2013-02-08,103076.92459702726
2013-02-09,63296.95034177868
2013-02-10,40064.04473616297
2013-02-11,2578.205248528432
2013-02-12,24702.480163222797
2013-02-13,11860.066525334565
2013-02-14,22650.783364458108
2013-02-15,447.2132507426471
2013-02-16,15055.008502089477
2013-02-17,92673.83472980882
2013-02-18,38675.60865072602
2013-02-19,58210.800408671326
2013-02-20,33665.38088400393
2013-02-21,442.98568805490197
2013-02-22,326.988242625
2013-02-23,11816.313967520839
2013-02-24,42698.86788072885
2013-02-25,18101.698380971327
2013-02-26,1281.9724667973046
2013-02-27,135.9048225865196
2013-02-28,14558.027726462738
2013-03-01,88772.71031159363
2013-03-02,114353.72189081901
2013-03-03,78266.34625181401
2013-03-04,40815.28536066912
2013-03-05,113424.64701067071
2013-03-06,103776.34659665641
2013-03-07,90185.78329237286
2013-03-08,35441.25635277963
2013-03-09,6247.658514587256
2013-03-10,40539.75580954659
2013-03-11,31504.355031102932
2013-03-12,8828.548074795828
2013-03-13,9423.077057698769
2013-03-14,416.8993924375
2013-03-15,38023.8058186809
2013-03-16,33267.28228394092
2013-03-17,11709.607205981854
2013-03-18,42646.15833060091
2013-03-19,55547.059427926644
2013-03-20,8422.3981601326
2013-03-21,43691.13168858525
2013-03-22,63691.46038970562
2013-03-23,14436.84753682304
2013-03-24,3211.3488782725485
2013-03-25,90461.2532973409
2013-03-26,96131.17767003737
2013-03-27,31833.186349725765
2013-03-28,32846.31240039756
2013-03-29,46600.01497370775
2013-03-30,85022.44963463239
2013-03-31,74465.80421892871
2013-04-01,33040.5841450934
2013-04-02,4140.146922799263
2013-04-03,10366.678013513234
2013-04-04,39989.459750211005
2013-04-05,79502.72682695618
2013-04-06,69524.00142227802
2013-04-07,13505.805161689945
2013-04-08,30861.995287632584
2013-04-09,13939.865195300492
2013-04-10,43715.29971019926
2013-04-11,51985.239617527994
2013-04-12,78795.65597111837
2013-04-13,63318.01181613627
2013-04-14,58950.68915268876
2013-04-15,83481.16733441959
2013-04-16,3818.1087794860273
2013-04-17,74770.04370619712
2013-04-18,60560.070468581594
2013-04-19,57629.358865055845
2013-04-20,5779.984188221074
2013-04-21,12981.978333586996
2013-04-22,59093.69028516734
2013-04-23,59670.60337759334
2013-04-24,28130.151384504672
2013-04-25,12576.03129178136
2013-04-26,2421.8273733512256
2013-04-27,2198.760026537745
2013-04-28,10523.237932744856
2013-04-29,6380.031730011029
2013-04-30,14252.488353985296
2013-05-01,29641.288489784303
2013-05-02,69699.15364169501
2013-05-03,74779.89724291523
2013-05-04,7913.337718401466
2013-05-05,7782.051298968134
2013-05-06,28071.367365141916
2013-05-07,30131.771037232575
2013-05-08,15545.663639824985
2013-05-09,56836.897881178105
2013-05-10,50105.446919914735
2013-05-11,9669.182519714192
2013-05-12,2978.2808997593147
2013-05-13,17369.89381099142
2013-05-14,36843.668125902754
2013-05-15,74149.24117580545
2013-05-16,80805.9790551822
2013-05-17,77154.11977872418
2013-05-18,86437.71654326897
2013-05-19,53025.76481303725
2013-05-20,29985.952409892918
2013-05-21,44759.87845597421
2013-05-22,59000.129677812714
2013-05-23,70852.42227823535
2013-05-24,52147.29438006664
2013-05-25,8563.644094147057
2013-05-26,3259.736975548039
2013-05-27,7488.769817097802
2013-05-28,11156.404474116913
2013-05-29,29004.45146967377
2013-05-30,81613.18369312906
2013-05-31,86029.7600261139
2013-06-01,78865.49849472009
2013-06-02,69075.45003975139
2013-06-03,33918.47825159042
2013-06-04,30672.49652417773
2013-06-05,43802.79859955339
2013-06-06,37703.53201365438
2013-06-07,66264.25593517724
2013-06-08,60595.31639949969
2013-06-09,62590.74303957475
2013-06-10,60125.72444416319
2013-06-11,50079.449215040135
2013-06-12,19870.612309499033
2013-06-13,32280.586213660048
2013-06-14,8698.005721581367
2013-06-15,3645.0602562933823
2013-06-16,8648.594815738243
2013-06-17,21510.13114559707
2013-06-18,29448.153478486034
2013-06-19,44919.265620733306
2013-06-20,54785.5258572659
2013-06-21,56679.00310149975
2013-06-22,46396.02095154378
2013-06-23,44091.95089662202
2013-06-24,38534.997694551996
2013-06-25,41705.291597849915
2013-06-26,31754.619472533603
2013-06-27,14592.826075510546
2013-06-28,8607.541413648774
2013-06-29,2938.641032466422
2013-06-30,6947.862533671324
2013-07-01,11058.984197678186
2013-07-02,2714.888254504169
2013-07-03,21821.440533704426
2013-07-04,32815.97913923286
2013-07-05,32574.812768388496
2013-07-06,17698.281678986288
2013-07-07,12270.156370038241
2013-07-08,17539.034180939958
2013-07-09,5420.815213238234
2013-07-10,8797.803218929175
2013-07-11,12766.657224829396
2013-07-12,12622.240325722532
2013-07-13,30375.13478490271
2013-07-14,29867.622704040932
2013-07-15,8064.804784104902
2013-07-16,14896.961756064704
2013-07-17,16824.346645827678
2013-07-18,23074.792938530638
2013-07-19,25747.36066430077
2013-07-20,10494.70811491838
2013-07-21,18100.072145381124
2013-07-22,12487.314916162251
2013-07-23,10398.785122525482
2013-07-24,11186.398540774264
2013-07-25,8127.193044499756
2013-07-26,18258.192525285533
2013-07-27,26999.038948369875
2013-07-28,24369.06002409878
2013-07-29,23965.493678861763
2013-07-30,18508.037453540182
2013-07-31,20359.734091343664
2013-08-01,20513.35854083456
2013-08-02,7517.296261245101
2013-08-03,4734.702647163228
2013-08-04,5411.891184866175
2013-08-05,10858.281701443133
2013-08-06,11669.100823805142
2013-08-07,16198.735977345346
2013-08-08,11905.660487893136
2013-08-09,18461.425948969372
2013-08-10,18163.704612128924
2013-08-11,3161.9337375039213
2013-08-12,5135.69442988995
2013-08-13,2730.9032730374993
2013-08-14,1451.3593738213233
2013-08-15,8078.803799271325
2013-08-16,6523.966631897551
2013-08-17,1932.458383653186
2013-08-18,5332.717222301961
2013-08-19,5538.472468682594
2013-08-20,10275.368999384553
2013-08-21,14243.606200533579
2013-08-22,10138.11097047476
2013-08-23,16741.954403443626
2013-08-24,15814.900348405143
2013-08-25,6775.916998321321
2013-08-26,14015.614901822295
2013-08-27,14292.355792851713
2013-08-28,11682.357382532102
2013-08-29,1703.9665217051474
2013-08-30,5103.416755798535
2013-08-31,1549.180778060784
2013-09-01,3235.2725837627463
2013-09-02,8015.397823768387
2013-09-03,4680.870271062986
2013-09-04,12378.747482261995
2013-09-05,12713.675285613723
2013-09-06,26796.731028129914
2013-09-07,25720.451980811275
2013-09-08,22722.676544645365
2013-09-09,16596.837509381374
2013-09-10,15658.483494024753
2013-09-11,23894.56471267624
2013-09-12,12298.041061564703
2013-09-13,7510.1993305181395
2013-09-14,8798.952324128923
2013-09-15,7892.275908242162
2013-09-16,3343.542888062992
2013-09-17,27271.985717444342
2013-09-18,30300.38530133529
2013-09-19,26315.797248051236
2013-09-20,28770.942098462987
2013-09-21,22594.680343701726
2013-09-22,24364.64211033187
2013-09-23,6251.166151027943
2013-09-24,14098.597786575236
2013-09-25,26025.48980607965
2013-09-26,22894.770158429164
2013-09-27,25660.122803143884
2013-09-28,9477.099723220588
2013-09-29,22671.670290455873
2013-09-30,16696.381606022518
2013-10-01,10835.97546716371
2013-10-02,13078.489699080863
2013-10-03,23547.06748958191
2013-10-04,28425.7851562184
2013-10-05,22648.687570808856
2013-10-06,25954.19719640811
2013-10-07,21556.527532566197
2013-10-08,23832.94013270369
2013-10-09,22915.782817579173
2013-10-10,22721.128172503686
2013-10-11,15104.445436000251
2013-10-12,5121.622896027694
2013-10-13,3150.9996586654415
2013-10-14,21019.268850900226
2013-10-15,38820.98602960333
2013-10-16,23492.35913359927
2013-10-17,20990.25607494632
2013-10-18,26470.541980177706
2013-10-19,39067.448408246775
2013-10-20,33708.86994363187
2013-10-21,37845.49362795456
2013-10-22,41516.77287847687
2013-10-23,28922.97170436103
2013-10-24,25375.25733529462
2013-10-25,30156.27018311254
2013-10-26,14782.049669268867
2013-10-27,5301.241209371575
2013-10-28,39113.51014663614
2013-10-29,4574.901492168627
2013-10-30,8319.533945875975
2013-10-31,11939.003744502694
2013-11-01,24077.16272197623
2013-11-02,63928.48098444539
2013-11-03,70712.11253813285
2013-11-04,60118.68453673164
2013-11-05,3512.9331281676477
2013-11-06,6873.054180770835
2013-11-07,2212.059542453186
2013-11-08,37624.855373796316
2013-11-09,30290.057971453913
2013-11-10,54018.451667745634
2013-11-11,42316.79622321861
2013-11-12,15665.1426764206
2013-11-13,19924.27440539196
2013-11-14,67441.71416342414
2013-11-15,67425.93280497042
2013-11-16,77745.20101438722
2013-11-17,65967.24123466261
2013-11-18,74471.19719951833
2013-11-19,18677.025878183355
2013-11-20,69178.45980239141
2013-11-21,68693.85652313555
2013-11-22,23490.643889251718
2013-11-23,25516.845615261267
2013-11-24,12498.90069626445
2013-11-25,41046.937080296324
2013-11-26,57580.9855468907
2013-11-27,30249.83101973408
2013-11-28,42864.73848254027
2013-11-29,56808.86491978853
2013-11-30,60496.833816743914
2013-12-01,40902.893117154905
2013-12-02,3520.1536781370105
2013-12-03,12906.863497137738
2013-12-04,39806.47479892798
2013-12-05,6200.276681907595
2013-12-06,26335.08665670857
2013-12-07,112.55268359828432
2013-12-08,15204.75786846104
2013-12-09,17674.394108777695
2013-12-10,17952.96690291961
2013-12-11,18648.757102756397
2013-12-12,48257.37812927634
2013-12-13,65797.50677524344
2013-12-14,15666.667118756612
2013-12-15,51342.026306619606
2013-12-16,53710.536748027305
2013-12-17,17028.176427301958
2013-12-18,38478.692720349194
2013-12-19,7738.022436362252
2013-12-20,77118.92939323376
2013-12-21,205.97010633063724
2013-12-22,16529.806746976217
2013-12-23,22431.79135265073
2013-12-24,34549.25422892891
2013-12-25,28259.208858561997
2013-12-26,44739.61097218236
2013-12-27,57907.949215268716
2013-12-28,1383.1478785237741
2013-12-29,8396.632589828674
2013-12-30,24982.559778087987
2013-12-31,170.38684693186275
2014-01-01,21819.22445052305
2014-01-02,73647.48973171145
2014-01-03,39052.75815586443
2014-01-04,2463.376699016421
2014-01-05,35770.52343159971
2014-01-06,19143.54279521151
2014-01-07,48973.91824473455
2014-01-08,49.99810659705882
2014-01-09,20666.60420847229
2014-01-10,7331.757927186033
2014-01-11,81188.7553734307
2014-01-12,41548.688553571556
2014-01-13,2801.1179745887252
2014-01-14,37146.57467298751
2014-01-15,48513.510690156094
2014-01-16,37617.96547609827
2014-01-17,10327.019051893138
2014-01-18,59887.11234679539
2014-01-19,83738.8869644905
2014-01-20,31933.20152734779
2014-01-21,22968.03184538187
2014-01-22,352.3865988987745
2014-01-23,42121.9033425015
2014-01-24,26936.906134789468
2014-01-25,5770.155417772548
2014-01-26,46038.47216115466
2014-01-27,72998.22161573189
2014-01-28,79289.36074558065
2014-01-29,85468.42152890646
2014-01-30,49938.700307033374
2014-01-31,40954.03270218045
2014-02-01,20053.76450611742
2014-02-02,6124.572405296812
2014-02-03,6.414197211764706
2014-02-04,1.0002115
2014-02-05,708.065002597794
2014-02-06,337.812088669853
2014-02-07,6212.745119577451
2014-02-08,71772.33490889843
2014-02-09,72234.87430446967
2014-02-10,8482.47567710613
2014-02-11,25087.731713341418
2014-02-12,42717.74477573433
2014-02-13,63702.59725651763
2014-02-14,6547.579579690442
2014-02-15,24864.49847396251
2014-02-16,63294.81269611078
2014-02-17,98475.67756706174
2014-02-18,89876.12989719752
2014-02-19,309.1618791767156
2014-02-20,4535.102554002939
2014-02-21,11731.805055707107
2014-02-22,28527.40856602328
2014-02-23,26265.07494641642
2014-02-24,16883.533675916176
2014-02-25,47627.44601382975
2014-02-26,20363.40681375882
2014-02-27,5629.956969789463
2014-02-28,32519.056326750226
2014-03-01,37206.95263663405
2014-03-02,10160.722533346321
2014-03-03,7659.220691797547
2014-03-04,8.0014844375
2014-03-05,3449.215281444118
2014-03-06,69649.61421802902
2014-03-07,39320.965032890905
2014-03-08,48458.68560515575
2014-03-09,359.9194216034313
2014-03-10,500.0137034370099
2014-03-11,64.998131125
2014-03-12,69270.68812607444
2014-03-13,89064.95201427003
2014-03-14,44722.563944085734
2014-03-15,1423.4265273500002
2014-03-16,13858.628483246803
2014-03-17,264.2836803487745
2014-03-18,1182.743787917647
2014-03-19,100231.62095284261
2014-03-20,70457.41159681878
2014-03-21,39600.90597614024
2014-03-22,39875.49585481987
2014-03-23,49417.75143710804
2014-03-24,7496.398570158334
2014-03-25,20109.07189713946
2014-03-26,24269.56140262867
2014-03-27,2794.856490249755
2014-03-28,2063.8733979958333
2014-03-29,16564.254524583073
2014-03-30,82812.9976847533
2014-03-31,110880.12613129205
2014-04-01,97963.08561013047
2014-04-02,10814.549942496307
2014-04-03,66946.02660887814
2014-04-04,9390.823747942886
2014-04-05,6711.2590926529365
2014-04-06,7484.216656608086
2014-04-07,9667.751688616421
2014-04-08,47599.054009006046
2014-04-09,77807.53498581551
2014-04-10,106546.6903438668
2014-04-11,58312.41539984724
2014-04-12,25081.85248550242
2014-04-13,34930.610920623556
2014-04-14,50335.20331642713
2014-04-15,10404.877124191655
2014-04-16,646.5022587789217
2014-04-17,3934.7817615186264
2014-04-18,3346.4075114191187
2014-04-19,3060.0947713862743
2014-04-20,76879.62386346085
2014-04-21,16249.780496988971
2014-04-22,30807.140783039926
2014-04-23,35158.084300281094
2014-04-24,82088.20495780015
2014-04-25,17868.288310126736
2014-04-26,40528.64277615732
2014-04-27,94178.01917696356
2014-04-28,105785.65802421283
2014-04-29,93086.59262611796
2014-04-30,58196.89639155865
2014-05-01,56326.29792381337
2014-05-02,38064.744935738985
2014-05-03,43594.67137662098
2014-05-04,56341.814524402325
2014-05-05,20790.541617927942
2014-05-06,60449.371296426216
2014-05-07,46466.11071250535
2014-05-08,27263.421250948264
2014-05-09,73775.73721992722
2014-05-10,55438.26712375828
2014-05-11,5965.365209275493
2014-05-12,734.3422949156867
2014-05-13,9347.428340093873
2014-05-14,5193.382814588729
2014-05-15,47640.57241295114
2014-05-16,55083.138855983496
2014-05-17,23634.021404517127
2014-05-18,6771.422234080152
2014-05-19,20101.39071628847
2014-05-20,14300.708623857077
2014-05-21,22985.125627928162
2014-05-22,9595.768608158307
2014-05-23,74204.19844165783
2014-05-24,67636.90175590315
2014-05-25,49564.287178159524
2014-05-26,41385.55941623127
2014-05-27,63201.80164165666
2014-05-28,68625.04010154505
2014-05-29,72686.64071858807
2014-05-30,186.76387130857847
2014-05-31,13130.536540950488
2014-06-01,6519.024343757844
2014-06-02,44887.183775296275
2014-06-03,62862.499561199154
2014-06-04,38339.792579227884
2014-06-05,57855.382858783996
2014-06-06,69753.33761254654
2014-06-07,36202.12664503111
2014-06-08,32709.02426542207
2014-06-09,41142.97181549577
2014-06-10,37336.160953226994
2014-06-11,35315.67837403482
2014-06-12,35663.158899840404
2014-06-13,54028.245428837276
2014-06-14,62155.34507767354
2014-06-15,66549.8661441848
2014-06-16,50546.12444426509
2014-06-17,8550.51754546715
2014-06-18,5615.831088416663
2014-06-19,22577.33332110638
2014-06-20,15152.308294304878
2014-06-21,23227.2838683461
2014-06-22,6657.128826427942
2014-06-23,17651.99485886693
2014-06-24,32558.160333180433
2014-06-25,40958.111975427186
2014-06-26,33114.0060192093
2014-06-27,42353.53882645383
2014-06-28,41305.63795973259
2014-06-29,36715.17195480046
2014-06-30,34808.71621876494
2014-07-01,26727.067706285045
2014-07-02,8905.348926716417
2014-07-03,892.5383855651958
2014-07-04,4555.564033108574
2014-07-05,21856.45037960662
2014-07-06,12566.002172173992
2014-07-07,18006.145412990216
2014-07-08,35875.01749422124
2014-07-09,36032.773103124986
2014-07-10,18334.099352121062
2014-07-11,23893.464265616687
2014-07-12,23741.116781332126
2014-07-13,13205.390854325726
2014-07-14,18715.66826507818
2014-07-15,24729.128068461316
2014-07-16,4318.218224302206
2014-07-17,1445.7951583882368
2014-07-18,4400.261897479656
2014-07-19,7763.840956918874
2014-07-20,21717.07888639757
2014-07-21,28774.52455200541
2014-07-22,29736.381902082114
2014-07-23,23614.6948046625
2014-07-24,26487.537226450033
2014-07-25,24170.068089923276
2014-07-26,16867.28291311984
2014-07-27,21136.322321679898
2014-07-28,21679.90678943628
2014-07-29,15017.258007083816
2014-07-30,20821.701327894883
2014-07-31,9127.778132693868
2014-08-01,5023.958455093631
2014-08-02,2333.4792679799025
2014-08-03,10738.318658527449
2014-08-04,12968.3912024848
2014-08-05,16699.07077884927
2014-08-06,13655.902854550728
2014-08-07,9862.401413346079
2014-08-08,1702.9643218482854
2014-08-09,4393.288305573527
2014-08-10,12519.910666077205
2014-08-11,14095.355193260777
2014-08-12,15978.445213725243
2014-08-13,13244.107574753667
2014-08-14,15135.696236928181
2014-08-15,3852.045683530881
2014-08-16,1636.4501866066173
2014-08-17,11223.317033149748
2014-08-18,29171.308774102472
2014-08-19,32351.1099538456
2014-08-20,31719.510300037997
2014-08-21,24318.257301343387
2014-08-22,17200.866166016902
2014-08-23,8394.449955499758
2014-08-24,20519.81897451498
2014-08-25,10186.606493546798
2014-08-26,4134.779095120098
2014-08-27,2387.143653270587
2014-08-28,5552.278316495593
2014-08-29,6469.229264346815
2014-08-30,6550.021085444859
2014-08-31,17056.205579468846
2014-09-01,12719.022160372533
2014-09-02,1852.4423628171571
2014-09-03,2587.892148503677
2014-09-04,1414.5006300909317
2014-09-05,3764.8391033149514
2014-09-06,10613.802305700243
2014-09-07,31373.9853331174
2014-09-08,11730.729583740937
2014-09-09,20916.40440038209
2014-09-10,35281.15356597515
2014-09-11,23352.009025384563
2014-09-12,16866.893683460537
2014-09-13,36755.70441963259
2014-09-14,16472.753540710546
2014-09-15,31401.488224655892
2014-09-16,43547.43185012685
2014-09-17,41433.39030506067
2014-09-18,40660.7129818266
2014-09-19,36411.17555924966
2014-09-20,21494.338237248292
2014-09-21,27640.107235112264
2014-09-22,31793.860007218384
2014-09-23,29735.023534253687
2014-09-24,22684.74939385025
2014-09-25,5997.507179957605
2014-09-26,41869.25353841188
2014-09-27,34671.77471977715
2014-09-28,18740.56303575124
2014-09-29,25447.954896345116
2014-09-30,35513.86593232147
2014-10-01,29413.32230082207
2014-10-02,33818.133081787244
2014-10-03,30110.647077344613
2014-10-04,31063.660385607596
2014-10-05,10338.131226746566
2014-10-06,11580.098109615914
2014-10-07,5313.156117266421
2014-10-08,5603.870753734313
2014-10-09,22752.215684546805
2014-10-10,14988.124577769593
2014-10-11,28204.701738429183
2014-10-12,15191.399498423032
2014-10-13,11455.035010099504
2014-10-14,10914.531970829898
2014-10-15,17951.428838436776
2014-10-16,30326.53994743407
2014-10-17,30975.990096685273
2014-10-18,41704.61956988453
2014-10-19,17009.94401632939
2014-10-20,7815.94621795834
2014-10-21,60147.570203319556
2014-10-22,58347.57385062077
2014-10-23,36616.21451730364
2014-10-24,11607.112095999744
2014-10-25,43918.25353690951
2014-10-26,0.0
2014-10-27,29949.47847234538
2014-10-28,2850.9685175583295
2014-10-29,16596.29513467647
2014-10-30,9473.491016775964
2014-10-31,50701.37702304806
2014-11-01,45492.127367046385
2014-11-02,22422.12462713459
2014-11-03,4350.72829664142
2014-11-04,2934.0618950117655
2014-11-05,67853.29132365296
2014-11-06,4879.877573460042
2014-11-07,2731.8940879235297
2014-11-08,25781.65545805051
2014-11-09,75059.25538247294
2014-11-10,85737.92125420067
2014-11-11,72074.1667342401
2014-11-12,81476.23380962509
2014-11-13,18971.32989038825
2014-11-14,76209.99954038086
2014-11-15,55046.517698568685
2014-11-16,58192.23512244659
2014-11-17,72031.38459122446
2014-11-18,55695.695450779225
2014-11-19,52195.24812242089
2014-11-20,29717.55419082626
2014-11-21,27019.147724401704
2014-11-22,23591.147892657846
2014-11-23,59839.91312397599
2014-11-24,12372.134263162752
2014-11-25,14315.60115887746
2014-11-26,58918.59796150102
2014-11-27,3089.0950532639704
2014-11-28,36654.544562425275
2014-11-29,14025.689082377705
2014-11-30,17829.151969417904
2014-12-01,42626.257319644144
2014-12-02,18056.35067110024
2014-12-03,51146.33738347314
2014-12-04,30759.7890525321
2014-12-05,35975.59614852577
2014-12-06,52540.59958879273
2014-12-07,16920.35844755832
2014-12-08,7600.766241872302
2014-12-09,26308.428345794597
2014-12-10,38224.668300751226
2014-12-11,38947.730820945355
2014-12-12,4064.9581768735297
2014-12-13,5580.212730737989
2014-12-14,25067.931720359567
2014-12-15,26813.316849276947
2014-12-16,89354.46119932424
2014-12-17,85713.77161010502
2014-12-18,60524.486006869156
2014-12-19,16350.22457668947
2014-12-20,7895.494347395833
2014-12-21,2045.9742959080884
2014-12-22,22.248437464460782
2014-12-23,17363.930690005614
2014-12-24,16423.33893789657
2014-12-25,83212.3395891731
2014-12-26,68952.67367731403
2014-12-27,65905.00712993678
2014-12-28,65602.75664850329
2014-12-29,31930.471027192405
2014-12-30,2478.2376202632367
2014-12-31,948.7960685816178
2015-01-01,74771.6121557996
2015-01-02,46665.25504360295
2015-01-03,10421.961962391906
2015-01-04,11517.028273433827
2015-01-05,20749.769154916667
2015-01-06,42192.39566264212
2015-01-07,59696.88540885886
2015-01-08,75457.57487992343
2015-01-09,73309.67204601929
2015-01-10,39782.137671842895
2015-01-11,8779.79422183039
2015-01-12,5013.116798960051
2015-01-13,772.1697385906862
2015-01-14,35674.881122391416
2015-01-15,98273.22937415405
2015-01-16,78928.47727754485
2015-01-17,83454.37773619364
2015-01-18,84808.39609205246
2015-01-19,62512.01171121103
2015-01-20,17291.452325671544
2015-01-21,1005.1739787855398
2015-01-22,2140.724836477451
2015-01-23,28241.95183732327
2015-01-24,2653.400467988973
2015-01-25,1437.9461768615195
2015-01-26,11654.557045080152
2015-01-27,1654.2017704904413
2015-01-28,38505.93523015759
2015-01-29,22775.903896568627
2015-01-30,36350.243617796594
2015-01-31,29668.593477741662
2015-02-01,3019.8805187995113
2015-02-02,287.94401456985287
2015-02-03,10087.1873560473
2015-02-04,98269.04609267256
2015-02-05,92220.53814361076
2015-02-06,36681.44283615657
2015-02-07,36120.85510970315
2015-02-08,3695.5652244507346
2015-02-09,91277.7403031443
2015-02-10,75222.12878512293
2015-02-11,53045.026252748365
2015-02-12,59029.8213393439
2015-02-13,47422.50894932334
2015-02-14,65004.60410257499
2015-02-15,43034.525460096964
2015-02-16,470.7113061791667
2015-02-17,6819.790468887255
2015-02-18,5736.896747730877
2015-02-19,1777.5659860821083
2015-02-20,3846.360863169607
2015-02-21,21433.017747398044
2015-02-22,17599.902559715687
2015-02-23,6878.013521328184
2015-02-24,35.26159822720588
2015-02-25,272.53651539828434
2015-02-26,5507.465596280388
2015-02-27,32796.00021462353
2015-02-28,1564.3439997134797
2015-03-01,11027.975644512255
2015-03-02,79.55640194534314
2015-03-03,23727.066068221553
2015-03-04,49562.65965772446
2015-03-05,4.609787283823529
2015-03-06,47468.20931933941
2015-03-07,1.0002154375
2015-03-08,6492.612537539948
2015-03-09,40150.60560843407
2015-03-10,54071.95090183128
2015-03-11,12106.703134661528
2015-03-12,22392.521289272798
2015-03-13,67958.98378066983
2015-03-14,15571.001735894375
2015-03-15,1326.9862633629898
2015-03-16,979.2988391340687
2015-03-17,29114.29568392843
2015-03-18,85183.24656048277
2015-03-19,107190.25800881366
2015-03-20,63264.59971781502
2015-03-21,54205.86028079426
2015-03-22,115557.84878573145
2015-03-23,20200.482656917153
2015-03-24,44949.418882617814
2015-03-25,70291.10319982046
2015-03-26,51499.979429281615
2015-03-27,74916.96369649802
2015-03-28,6012.518286188236
2015-03-29,84.001024
2015-03-30,9096.567558041177
2015-03-31,15734.529297414949
2015-04-01,471.2775654838236
2015-04-02,28824.96403147352
2015-04-03,11697.6240752
2015-04-04,29759.266545182618
2015-04-05,93207.62388061306
2015-04-06,66833.83604027216
2015-04-07,40638.78554169169
2015-04-08,35862.16383600591
2015-04-09,82698.78802742778
2015-04-10,106530.75293229076
2015-04-11,89230.09161940368
2015-04-12,85224.51319451183
2015-04-13,110856.87840631953
2015-04-14,107633.00107659807
2015-04-15,42555.900766825944
2015-04-16,23625.065082891666
2015-04-17,45435.21146266866
2015-04-18,37208.436892178426
2015-04-19,2445.4467215806385
2015-04-20,1837.6705842306376
2015-04-21,70614.21348499563
2015-04-22,108350.19271561292
2015-04-23,106834.10408848511
2015-04-24,107969.2130288069
2015-04-25,82132.94414873004
2015-04-26,83001.91510802116
2015-04-27,10849.257624700967
2015-04-28,76044.04229892649
2015-04-29,71375.9601582043
2015-04-30,152.92891781911766
2015-05-01,46332.21569087905
2015-05-02,47967.398037657564
2015-05-03,80140.97061077003
2015-05-04,74414.44173918797
2015-05-05,66342.98994731321
2015-05-06,79526.01846811229
2015-05-07,68209.72336451137
2015-05-08,40094.217494226934
2015-05-09,37884.77493791519
2015-05-10,51862.675993887686
2015-05-11,29050.852761647064
2015-05-12,11839.245888472795
2015-05-13,11693.76273470612
2015-05-14,24218.150076489957
2015-05-15,53589.981756623754
2015-05-16,80092.19261256972
2015-05-17,18157.386101361295
2015-05-18,20453.466772463726
2015-05-19,34277.98779014214
2015-05-20,40690.26333892346
2015-05-21,68634.09295391593
2015-05-22,69336.84594766048
2015-05-23,36461.729345387495
2015-05-24,6015.723638896078
2015-05-25,11625.39148159434
2015-05-26,10655.132519018374
2015-05-27,72316.69221551137
2015-05-28,51434.562579709054
2015-05-29,22750.13307053335
2015-05-30,35360.153579710044
2015-05-31,23261.55090537796
2015-06-01,27177.145956285807
2015-06-02,42224.04807459521
2015-06-03,18296.090011074997
2015-06-04,2383.3681924338257
2015-06-05,6828.5134271245015
2015-06-06,40822.13619672418
2015-06-07,59834.68852334021
2015-06-08,52518.35000351326
2015-06-09,26122.336583481083
2015-06-10,29717.151941640943
2015-06-11,34832.802945955096
2015-06-12,50059.21337817324
2015-06-13,20202.95165160664
2015-06-14,39954.00361574411
2015-06-15,25495.580031948553
2015-06-16,23085.364300149027
2015-06-17,42969.08928748523
2015-06-18,54118.44227263107
2015-06-19,56302.78357716835
2015-06-20,45996.14319313478
2015-06-21,23103.630378623522
2015-06-22,32397.71432735712
2015-06-23,19616.785374343614
2015-06-24,698.7984269083331
2015-06-25,892.738623439951
2015-06-26,28461.386329120316
2015-06-27,25360.01669185297
2015-06-28,36591.011479912224
2015-06-29,26954.59934526498
2015-06-30,10952.48745548725
2015-07-01,21644.591585854658
2015-07-02,33217.37873742871
2015-07-03,51315.02286084897
2015-07-04,58113.99763217064
2015-07-05,48682.32017815877
2015-07-06,38667.93464412234
2015-07-07,31268.704450079695
2015-07-08,40180.32379829385
2015-07-09,29356.01703442672
2015-07-10,3858.465084172061
2015-07-11,4810.260215246079
2015-07-12,4667.360726948777
2015-07-13,17444.724012785282
2015-07-14,26476.61582532479
2015-07-15,34626.41561299558
2015-07-16,32404.81178942036
2015-07-17,24198.92586699803
2015-07-18,8474.636920582847
2015-07-19,2664.0766057607852
2015-07-20,2674.7824863301457
2015-07-21,4483.08415678627
2015-07-22,4655.452305745346
2015-07-23,6562.658341857597
2015-07-24,31316.770899207364
2015-07-25,24220.07230902723
2015-07-26,11486.834276373284
2015-07-27,9628.304425378432
2015-07-28,16761.457606848766
2015-07-29,10079.93497114289
2015-07-30,23365.292295281637
2015-07-31,6623.938809859564
2015-08-01,2861.502649851225
2015-08-02,4233.464815419609
2015-08-03,2596.5200361433835
2015-08-04,6656.595816865686
2015-08-05,5054.815956236518
2015-08-06,15116.568504647055
2015-08-07,12990.581238611272
2015-08-08,12074.154806543136
2015-08-09,13609.808186972297
2015-08-10,4493.038645746078
2015-08-11,11428.010407014199
2015-08-12,2499.111861945834
2015-08-13,7222.396107967648
2015-08-14,5412.711886211034
2015-08-15,6953.090165278187
2015-08-16,3623.9935293470594
2015-08-17,6029.055049137259
2015-08-18,26379.289276562497
2015-08-19,22780.690724008833
2015-08-20,22082.619360765213
2015-08-21,13319.912041162985
2015-08-22,7648.845306716668
2015-08-23,10214.681358260535
2015-08-24,5263.278815099023
2015-08-25,17435.796903195354
2015-08-26,19546.07916652993
2015-08-27,17117.148468328658
2015-08-28,5229.821092147308
2015-08-29,13233.122056071556
2015-08-30,11026.859234524993
2015-08-31,1616.5695500901977
2015-09-01,19558.172389655625
2015-09-02,22533.237970878217
2015-09-03,4250.255475441422
2015-09-04,13816.109756943864
2015-09-05,11369.534159639448
2015-09-06,2037.834721657599
2015-09-07,7364.265728848287
2015-09-08,7351.83943800613
2015-09-09,29272.69172445616
2015-09-10,16470.0899920093
2015-09-11,19455.673672667403
2015-09-12,24338.72117706201
2015-09-13,18424.18592752035
2015-09-14,13641.74435948185
2015-09-15,8305.39981347696
2015-09-16,7133.0981748134855
2015-09-17,5528.0278228865245
2015-09-18,13037.608980712985
2015-09-19,12084.229566138487
2015-09-20,2026.236731302206
2015-09-21,20474.465207473768
2015-09-22,1036.4762508276956
2015-09-23,6522.401489137996
2015-09-24,72304.18395860615
2015-09-25,57213.79523669381
2015-09-26,17636.383757968873
2015-09-27,12532.154058773292
2015-09-28,30972.838008083327
2015-09-29,16461.62110086225
2015-09-30,73173.24171724872
2015-10-01,70828.35183822154
2015-10-02,56240.82702325309
2015-10-03,55886.86074976016
2015-10-04,47126.837657484524
2015-10-05,43784.561556569
2015-10-06,32341.996724552708
2015-10-07,40175.757991558225
2015-10-08,58968.78859032026
2015-10-09,49747.62314162829
2015-10-10,55560.64720446019
2015-10-11,44361.23218028443
2015-10-12,48837.635404918525
2015-10-13,41529.829906204526
2015-10-14,6786.141309674024
2015-10-15,28815.036536557818
2015-10-16,37652.691296262645
2015-10-17,35699.487354972305
2015-10-18,26733.275526183363
2015-10-19,653.3418284948527
2015-10-20,28775.792573540428
2015-10-21,72157.21200016594
2015-10-22,32888.24605678433
2015-10-23,38338.041495600875
2015-10-24,1140.3381800943623
2015-10-25,293.9871307573529
2015-10-26,7845.51544694191
2015-10-27,77278.9120836928
2015-10-28,94773.80828237337
2015-10-29,82324.13227513009
2015-10-30,89844.49017056839
2015-10-31,73749.34715880195
2015-11-01,49899.50003457702
2015-11-02,5107.713762907843
2015-11-03,8014.146557100982
2015-11-04,326.965801625
2015-11-05,25199.80620945738
2015-11-06,81524.91087678303
2015-11-07,12304.082845438234
2015-11-08,42836.01131723258
2015-11-09,5163.255505962007
2015-11-10,26475.32708922919
2015-11-11,15492.021812517893
2015-11-12,15225.17478210149
2015-11-13,16506.087798113967
2015-11-14,77683.19425656083
2015-11-15,40874.92253684122
2015-11-16,75854.00365310951
2015-11-17,94379.87703749604
2015-11-18,48798.24059115371
2015-11-19,65765.57334798746
2015-11-20,9113.70210634338
2015-11-21,23898.50699601717
2015-11-22,4500.131603718867
2015-11-23,10354.252831591666
2015-11-24,19743.02286867108
2015-11-25,40.19610094509805
2015-11-26,3828.2157990276946
2015-11-27,95592.12738236063
2015-11-28,95643.89760353141
2015-11-29,84000.59325365828
2015-11-30,77697.38140114414
2015-12-01,89081.36375599013
2015-12-02,91433.63057658574
2015-12-03,85807.01254801925
2015-12-04,31401.503474237
2015-12-05,73489.85609738526
2015-12-06,31947.51296418334
2015-12-07,35605.098798791885
2015-12-08,12545.688483233831
2015-12-09,72.48778182156862
2015-12-10,17041.660315691675
2015-12-11,3538.4553325007364
2015-12-12,111912.57789059372
2015-12-13,67938.44915029847
2015-12-14,84964.99775950937
2015-12-15,90191.91824108189
2015-12-16,43735.060499667205
2015-12-17,53002.032989945685
2015-12-18,68400.93922111286
2015-12-19,37739.09967842516
2015-12-20,19394.798331152433
2015-12-21,78046.89340853406
2015-12-22,2962.688525862255
2015-12-23,17403.26591769191
2015-12-24,85230.81672812338
2015-12-25,4225.399023900492
2015-12-26,7340.576914691422
2015-12-27,4472.496042551224
2015-12-28,69112.63963784114
2015-12-29,88988.3930042856
2015-12-30,65966.95427185722
2015-12-31,58006.879566512995
2016-01-01,26775.435086985806
2016-01-02,67943.70083470453
2016-01-03,23162.22192791347
2016-01-04,7920.776079041176
2016-01-05,45227.137886189026
2016-01-06,58200.813606083226
2016-01-07,18279.52230117011
2016-01-08,17814.44765883725
2016-01-09,55884.38170886957
2016-01-10,65184.199732736306
2016-01-11,66887.12118532228
2016-01-12,4694.818495102942
2016-01-13,93355.56005699013
2016-01-14,2278.028346778922
2016-01-15,63349.240882248785
2016-01-16,100621.15946315692
2016-01-17,77647.83101482572
2016-01-18,7927.044865998533
2016-01-19,49155.480677796826
2016-01-20,91639.47872830046
2016-01-21,88370.908972455
2016-01-22,88648.82035146983
2016-01-23,88625.68353214664
2016-01-24,76890.8918513024
2016-01-25,60680.84968993479
2016-01-26,4587.77651212598
2016-01-27,27328.732961539474
2016-01-28,18848.31826002109
2016-01-29,2752.641661835049
2016-01-30,6766.967577269608
2016-01-31,65815.4123219196
2016-02-01,52534.61069802939
2016-02-02,61880.99206340936
2016-02-03,92593.31884465588
2016-02-04,19696.725864890446
2016-02-05,33053.879301899986
2016-02-06,8923.625887128432
2016-02-07,71639.4210119627
2016-02-08,84484.38268376492
2016-02-09,42988.88865831402
2016-02-10,4692.138788929657
2016-02-11,0.0
2016-02-12,65876.78879081647
2016-02-13,17853.63400970955
2016-02-14,32932.023789372586
2016-02-15,15154.758432931629
2016-02-16,61435.623001370994
2016-02-17,60525.40410181099
2016-02-18,41521.77255234837
2016-02-19,-9999
2016-02-20,-9999
2016-02-21,-9999
2016-02-22,-9999
2016-02-23,-9999
2016-02-24,-9999
2016-02-25,-9999
2016-02-26,-9999
2016-02-27,-9999
2016-02-28,101963.82516639408
2016-02-29,74978.51080322894
2016-03-01,59047.208489034616
2016-03-02,26011.44254733013
2016-03-03,55813.477027606525
2016-03-04,94770.15767596313
2016-03-05,36916.72358929999
2016-03-06,19618.49462418776
2016-03-07,61670.05617393207
2016-03-08,80009.78342214852
2016-03-09,60977.732713386526
2016-03-10,47588.922564944565
2016-03-11,344.55086781446073
2016-03-12,1103.3752535169117
2016-03-13,2335.8006818764707
2016-03-14,2933.4061706791663
2016-03-15,40647.12128681493
2016-03-16,35477.59556559706
2016-03-17,300.89205271642174
2016-03-18,759.5412801487746
2016-03-19,3604.9398993210775
2016-03-20,1216.9359280549018
2016-03-21,71648.36278855066
2016-03-22,115984.30936498831
2016-03-23,16266.30732957106
2016-03-24,41828.31816844666
2016-03-25,159.3243507169118
2016-03-26,3285.7617941830867
2016-03-27,35854.421248869105
2016-03-28,42916.132460695015
2016-03-29,82361.36435007333
2016-03-30,86478.55463543555
2016-03-31,17342.647550077196
2016-04-01,11033.905409734303
2016-04-02,5043.685769863725
2016-04-03,185.03830409019608
2016-04-04,16854.25786047916
2016-04-05,12012.052581420838
2016-04-06,6863.229469000977
2016-04-07,83014.21170755803
2016-04-08,39714.7232787694
2016-04-09,2188.627789810051
2016-04-10,3682.3832752674007
2016-04-11,3875.335589882842
2016-04-12,62464.96657980042
2016-04-13,50705.10212699617
2016-04-14,105567.82424290723
2016-04-15,12682.097566743125
2016-04-16,80224.35084537303
2016-04-17,2462.439888300245
2016-04-18,68655.86052688904
2016-04-19,8263.147718274507
2016-04-20,42740.62314594673
2016-04-21,27185.462452247313
2016-04-22,11055.09572413431
2016-04-23,47603.31648628797
2016-04-24,60843.927870447435
2016-04-25,70416.60053464389
2016-04-26,16551.817552260785
2016-04-27,34424.90030117898
2016-04-28,72361.94683450936
2016-04-29,92351.71626892118
2016-04-30,100131.26348503302
2016-05-01,93521.2587526906
2016-05-02,95047.45615362393
2016-05-03,16144.471358542884
2016-05-04,13273.963318269123
2016-05-05,17928.80236050394
2016-05-06,50903.86829858625
2016-05-07,91708.04550373422
2016-05-08,57473.55789874598
2016-05-09,66410.09732986154
2016-05-10,70607.48475448923
2016-05-11,18506.17469564461
2016-05-12,3576.7661959431407
2016-05-13,39948.59965629793
2016-05-14,8877.29278750539
2016-05-15,41432.706908692926
2016-05-16,30842.671098676437
2016-05-17,70663.3864094422
2016-05-18,68723.85169126517
2016-05-19,37736.122176134726
2016-05-20,54564.11048322221
2016-05-21,75681.13396623684
2016-05-22,70355.9175399893
2016-05-23,11218.254397219107
2016-05-24,1877.5478115196067
2016-05-25,19915.353354188977
2016-05-26,45726.58886175142
2016-05-27,54379.27513253008
2016-05-28,18498.238727511027
2016-05-29,36565.450633178145
2016-05-30,38826.812761347974
2016-05-31,59594.34316598086
2016-06-01,65538.80516731397
2016-06-02,33914.40313526888
2016-06-03,12010.745597987978
2016-06-04,36279.011897629345
2016-06-05,43639.35783222543
2016-06-06,46101.88076306005
2016-06-07,43180.14466381613
2016-06-08,33692.923994644865
2016-06-09,27003.365943578436
2016-06-10,17759.087354663727
2016-06-11,5545.102793014701
2016-06-12,18953.159195418604
2016-06-13,34868.863501983586
2016-06-14,45164.90304991778
2016-06-15,36372.01268737695
2016-06-16,5757.32695157083
2016-06-17,28397.889109742177
2016-06-18,29133.547796849027
2016-06-19,27971.14336246399
2016-06-20,17078.070471494357
2016-06-21,11793.789647948766
2016-06-22,12158.860409350986
2016-06-23,21488.81978718286
2016-06-24,32105.772315326245
2016-06-25,28105.140100250774
2016-06-26,26863.3198030483
2016-06-27,11133.20036516765
2016-06-28,8799.601824844363
2016-06-29,7889.933969499514
2016-06-30,21363.201464987273
2016-07-01,21644.038185510304
2016-07-02,21048.114315617146
2016-07-03,8274.4832938397
2016-07-04,15448.006506076954
2016-07-05,22552.113837756417
2016-07-06,5681.62906970662
2016-07-07,10375.948158215693
2016-07-08,30896.016458209815
2016-07-09,7806.711631415689
2016-07-10,4977.746213025979
2016-07-11,9286.423132383588
2016-07-12,13404.602633733084
2016-07-13,6325.144140702696
2016-07-14,6999.478851508092
2016-07-15,268.2675075764705
2016-07-16,7522.084879533333
2016-07-17,6199.114287975002
2016-07-18,8054.234007608333
2016-07-19,3010.091967339706
2016-07-20,29800.77231051473
2016-07-21,27588.991850472285
2016-07-22,4636.589269486028
2016-07-23,24851.14265839021
2016-07-24,25363.976791388974
2016-07-25,19648.755336939725
2016-07-26,12019.401837975973
2016-07-27,5484.637323325735
2016-07-28,6100.788557386523
2016-07-29,9752.019809691923
2016-07-30,12934.957501940693
2016-07-31,5539.83933710564
2016-08-01,15173.843814067643
2016-08-02,9745.016848459069
2016-08-03,6596.1444313607835
2016-08-04,13950.978620528665
2016-08-05,11975.843291089943
2016-08-06,8893.996087013724
2016-08-07,2160.4512077774507
2016-08-08,3175.1536389887274
2016-08-09,5002.681641854165
2016-08-10,3152.148758396812
2016-08-11,1934.0027458188724
2016-08-12,2906.8927157875005
2016-08-13,7179.842406945106
2016-08-14,4830.639791054166
2016-08-15,3311.9558112955874
2016-08-16,5358.654750733093
2016-08-17,5853.107744932109
2016-08-18,2336.986569511518
2016-08-19,4867.265385488724
2016-08-20,5828.899105822057
2016-08-21,11533.398833515203
2016-08-22,1905.5669704524526
2016-08-23,5368.550254335539
2016-08-24,12683.793314413475
2016-08-25,943.4582806593138
2016-08-26,2798.705734498039
2016-08-27,2801.3345950134812
2016-08-28,1525.0516856769593
2016-08-29,7532.290955659312
2016-08-30,2394.1583241941175
2016-08-31,5923.17667373064
2016-09-01,1758.8528896281864
2016-09-02,5375.401921008336
2016-09-03,24745.364072360055
2016-09-04,27274.594431404417
2016-09-05,19741.81176676765
2016-09-06,3762.8883464446067
2016-09-07,13533.665007226458
2016-09-08,22677.679259388955
2016-09-09,25960.56406204266
2016-09-10,25940.552429550244
2016-09-11,12509.184068025228
2016-09-12,5799.973224653436
2016-09-13,9943.391258725731
2016-09-14,5394.216848653924
2016-09-15,8374.9326179076
2016-09-16,14028.848012768864
2016-09-17,23728.831260036037
2016-09-18,20877.723241558597
2016-09-19,28481.285151060547
2016-09-20,22338.862294602706
2016-09-21,8222.880593624996
2016-09-22,7482.862422998039
2016-09-23,29378.866086781847
2016-09-24,13732.052277256616
2016-09-25,20675.972183739243
2016-09-26,27562.57559360147
2016-09-27,22177.097271613744
2016-09-28,26711.93156846496
2016-09-29,18480.69386965981
2016-09-30,20363.375623608845
2016-10-01,22126.74529674462
2016-10-02,20807.371527701252
2016-10-03,12780.867341312736
2016-10-04,19967.4171017483
2016-10-05,3368.4598102066175
2016-10-06,5827.696668574513
2016-10-07,15474.709804299735
2016-10-08,4248.19955520147
2016-10-09,16405.70154005049
2016-10-10,21985.05221245048
2016-10-11,35522.52642893889
2016-10-12,13398.397582473775
2016-10-13,17452.135341533332
2016-10-14,17656.497260905642
2016-10-15,26937.777345904433
2016-10-16,29293.461934237752
2016-10-17,22293.85688610957
2016-10-18,26015.521525710054
2016-10-19,8701.027562290927
2016-10-20,8609.03520859951
2016-10-21,14978.56332327547
2016-10-22,8104.04565017696
2016-10-23,11447.73072705195
2016-10-24,11093.10208113774
2016-10-25,20686.29082507428
2016-10-26,7833.806488103923
2016-10-27,30695.614738393917
2016-10-28,34379.589613179945
2016-10-29,29760.825140054185
2016-10-30,22786.47170247843
2016-10-31,11231.956953909548
2016-11-01,28628.433135185314
2016-11-02,26936.35821626153
2016-11-03,26275.167752739013
2016-11-04,3197.281836455884
2016-11-05,31699.50996083655
2016-11-06,9168.8113721603
2016-11-07,23156.52033570347
2016-11-08,30204.70845848604
2016-11-09,23006.79607090443
2016-11-10,7188.702123082845
2016-11-11,5484.398850753425
2016-11-12,23107.885943989935
2016-11-13,28904.435269068177
2016-11-14,15684.6211717223
2016-11-15,17925.55398958433
2016-11-16,7786.17940487893
2016-11-17,8871.49570168186
2016-11-18,10129.39803258358
2016-11-19,23027.02880327551
2016-11-20,13.86153107867647
2016-11-21,1622.8249977813725
2016-11-22,555.8384418421568
2016-11-23,180.04095394411766
2016-11-24,535.2157400580883
2016-11-25,5629.394547911521
2016-11-26,4635.426658277698
2016-11-27,54121.39395623921
2016-11-28,55661.82569437499
2016-11-29,1480.6404943686273
2016-11-30,7727.296270641669
2016-12-01,44806.12591915469
2016-12-02,72923.7784454118
2016-12-03,43025.98775618775
2016-12-04,42929.892338425285
2016-12-05,70727.79642215735
2016-12-06,41742.10657826276
2016-12-07,39118.91334409387
2016-12-08,22434.41844207697
2016-12-09,13749.369019723523
2016-12-10,12401.384756090427
2016-12-11,14405.460974637257
2016-12-12,31794.23179418358
2016-12-13,45169.93898729121
2016-12-14,66570.67287575745
2016-12-15,9508.911453902198
2016-12-16,55389.07728504001
2016-12-17,50941.05326255837
2016-12-18,39902.19231599829
2016-12-19,16488.386061770078
2016-12-20,49510.589989356864
2016-12-21,19799.291436907602
2016-12-22,21643.09611897352
2016-12-23,3295.9131972026967
2016-12-24,17001.227857935042
2016-12-25,51659.01128563772
2016-12-26,36921.23849470073
2016-12-27,17890.801784030864
2016-12-28,37072.41558723582
2016-12-29,10062.84810832427
2016-12-30,56545.503528123576
2016-12-31,29272.987154401475
2017-01-01,38053.58481140116
2017-01-02,40901.516459065686
2017-01-03,3916.0323562463254
2017-01-04,2191.4125504992653
2017-01-05,4869.594306144364
2017-01-06,2226.3112178272063
2017-01-07,4370.0893301875
2017-01-08,21704.021149177675
2017-01-09,33890.64903853479
2017-01-10,54061.40157354659
2017-01-11,88910.43184793346
2017-01-12,65634.12012642359
2017-01-13,16666.062110963976
2017-01-14,2235.6008869784314
2017-01-15,23678.506459018885
2017-01-16,2074.3612031313723
2017-01-17,26053.96567441814
2017-01-18,1996.547232509804
2017-01-19,13809.73731044559
2017-01-20,69437.7352194713
2017-01-21,94.20851657328431
2017-01-22,15413.137977412505
2017-01-23,827.0378619105392
2017-01-24,9.997824875
2017-01-25,0.0
2017-01-26,39.000509375
2017-01-27,23522.299735502438
2017-01-28,2269.3756887171558
2017-01-29,3550.099974981863
2017-01-30,6711.736506234556
2017-01-31,67150.98540673422
2017-02-01,26294.605106499046
2017-02-02,4736.7229267100465
2017-02-03,0.0
2017-02-04,21.998651375
2017-02-05,6833.827822176716
2017-02-06,70398.16987515785
2017-02-07,93581.26550895178
2017-02-08,458.679202214951
2017-02-09,83486.3530814333
2017-02-10,110001.4438705771
2017-02-11,65260.06061335275
2017-02-12,72487.1769973848
2017-02-13,80749.68459948972
2017-02-14,19026.60349737547
2017-02-15,8803.144364675727
2017-02-16,37146.09350034287
2017-02-17,4355.414835560785
2017-02-18,4098.9843387901965
2017-02-19,3156.577161018138
2017-02-20,24029.569283633828
2017-02-21,52266.544024326686
2017-02-22,56347.99146250952
2017-02-23,109358.93629793858
2017-02-24,82315.03557198326
2017-02-25,52777.40987490561
2017-02-26,105064.64177424573
2017-02-27,104475.38079519886
2017-02-28,15607.728483398274
2017-03-01,18861.33883453331
2017-03-02,36209.78448281737
2017-03-03,21361.016096851963
2017-03-04,40901.90728324631
2017-03-05,75990.17053947771
2017-03-06,39400.17625254286
2017-03-07,1890.2214585754898
2017-03-08,2416.8445613139706
2017-03-09,9093.233912810538
2017-03-10,4375.397113105146
2017-03-11,21359.325154059297
2017-03-12,29839.17352329732
2017-03-13,45671.299579656785
2017-03-14,16914.193268497056
2017-03-15,15688.45843901664
2017-03-16,11887.747152141175
2017-03-17,64192.72890731252
2017-03-18,76291.85860408626
2017-03-19,31436.456837844125
2017-03-20,76219.12394508207
2017-03-21,3863.098601237501
2017-03-22,1349.7236687737745
2017-03-23,4888.012320240687
2017-03-24,77872.24227579503
2017-03-25,42976.386872204785
2017-03-26,84486.67142895891
2017-03-27,38657.83360629313
2017-03-28,849.0207098203432
2017-03-29,48269.72100042058
2017-03-30,76823.12312352478
2017-03-31,17528.27758101984
2017-04-01,18289.461425094138
2017-04-02,41853.24129825442
2017-04-03,75920.8089413417
2017-04-04,4605.007892200982
2017-04-05,2652.395551063726
2017-04-06,994.0920058593138
2017-04-07,5897.693277854899
2017-04-08,21054.43266197671
2017-04-09,93694.10901775435
2017-04-10,121207.75806993216
2017-04-11,119521.43496230817
2017-04-12,124281.04697593515
2017-04-13,28059.95987049879
2017-04-14,78612.47325920445
2017-04-15,117219.58155983078
2017-04-16,107381.0313449773
2017-04-17,115430.35372823598
2017-04-18,94415.36841318545
2017-04-19,23730.520008099036
2017-04-20,44840.52172024129
2017-04-21,27763.853384025748
2017-04-22,839.9431559776959
2017-04-23,2998.725533543382
2017-04-24,0.0
2017-04-25,69938.51419356374
2017-04-26,70696.36061613138
2017-04-27,54773.1875788388
2017-04-28,71328.58825554169
2017-04-29,4657.406012657104
2017-04-30,59149.18204828433
2017-05-01,83347.00891429542
2017-05-02,71532.88628893858
2017-05-03,43800.84842478897
2017-05-04,20846.66242246272
2017-05-05,53306.12442878708
2017-05-06,53713.8712818971
2017-05-07,38944.79266526845
2017-05-08,50472.72121336083
2017-05-09,69787.08221785245
2017-05-10,74632.85115698587
2017-05-11,28790.373753538493
2017-05-12,56465.78850648218
2017-05-13,64593.019157894225
2017-05-14,53294.912296888564
2017-05-15,19358.83919505122
2017-05-16,15206.591493599006
2017-05-17,9615.881225870093
2017-05-18,53257.516102760485
2017-05-19,73561.38567727985
2017-05-20,34619.87238486179
2017-05-21,29035.08432926591
2017-05-22,19367.858295988968
2017-05-23,67270.83646817923
2017-05-24,60398.87528595274
2017-05-25,59400.85033578014
2017-05-26,37816.66449193015
2017-05-27,63952.34179903678
2017-05-28,58931.11257231029
2017-05-29,51740.28367984506
2017-05-30,61068.90004485836
2017-05-31,5193.533018922057
2017-06-01,35179.02723296836
2017-06-02,57269.9844952917
2017-06-03,61721.02695843826
2017-06-04,65758.69537713336
2017-06-05,20821.269580646072
2017-06-06,5701.311299783576
2017-06-07,34347.49808097916
2017-06-08,45793.64235163254
2017-06-09,16545.298066493386
2017-06-10,10403.725113541675
2017-06-11,32248.337474761007
2017-06-12,32451.566578794103
2017-06-13,23090.55841823108
2017-06-14,11924.340892852948
2017-06-15,20075.88586188455
2017-06-16,54140.59195270789
2017-06-17,50013.946520519625
2017-06-18,50728.12495855511
2017-06-19,30743.791113815467
2017-06-20,4006.2798595845584
2017-06-21,347.4395212419119
2017-06-22,21748.94875603238
2017-06-23,45488.23657598274
2017-06-24,47590.05763465434
2017-06-25,38103.05690695924
2017-06-26,10269.175113026458
2017-06-27,25929.064567785565
2017-06-28,12026.87750883995
2017-06-29,2448.959351480392
2017-06-30,5908.316179847058
2017-07-01,26495.202510740713
2017-07-02,20589.829429560526
2017-07-03,6483.174924997058
2017-07-04,10487.428167030637
2017-07-05,3132.8542126544116
2017-07-06,13575.275951494854
2017-07-07,6416.7749890301475
2017-07-08,18388.882099600018
2017-07-09,27614.215134424994
2017-07-10,26276.98527383113
2017-07-11,20709.844294821087
2017-07-12,2704.4768456625015
2017-07-13,6788.329164491432
2017-07-14,22926.824181251253
2017-07-15,18001.779769979898
2017-07-16,8957.094657980646
2017-07-17,5714.4718804428885
2017-07-18,3008.0237689583337
2017-07-19,3791.488437408087
2017-07-20,14078.543779800248
2017-07-21,14103.380643035534
2017-07-22,6599.016787886763
2017-07-23,4126.424834676469
2017-07-24,5771.453697690442
2017-07-25,6087.849601838484
2017-07-26,15378.6814500924
2017-07-27,21409.777726002696
2017-07-28,11647.674673773037
2017-07-29,4412.265147465196
2017-07-30,12543.321634869357
2017-07-31,16136.446829555629
2017-08-01,22623.96810673601
2017-08-02,7109.985095886027
2017-08-03,1684.6554928803926
2017-08-04,7010.190937487498
2017-08-05,17861.719007182088
2017-08-06,14552.765884697556
2017-08-07,11256.880743039457
2017-08-08,5097.005955679655
2017-08-09,8389.403123305634
2017-08-10,1571.9824475193639
2017-08-11,3552.013820823528
2017-08-12,9034.769629344353
2017-08-13,9158.612038588235
2017-08-14,1019.12457035049
2017-08-15,6031.212903840933
2017-08-16,13336.859164602678
2017-08-17,14600.542874127443
2017-08-18,19280.410957279662
2017-08-19,15670.80508956078
2017-08-20,5317.180366051228
2017-08-21,10246.33867729558
2017-08-22,12524.694451397056
2017-08-23,15832.316021684806
2017-08-24,4066.9059610796585
2017-08-25,3758.379482831616
2017-08-26,5469.0476217772075
2017-08-27,12796.464300917396
2017-08-28,16390.305661037248
2017-08-29,7351.463953599024
2017-08-30,3383.4314431213224
2017-08-31,4457.742522532843
2017-09-01,2380.3137056637247
2017-09-02,1490.8098045556378
2017-09-03,26352.2698817098
2017-09-04,14893.752488238464
2017-09-05,11288.852215187255
2017-09-06,5280.678438534312
2017-09-07,14117.630082869118
2017-09-08,29270.454072915443
2017-09-09,25540.22651127696
2017-09-10,17419.161250741672
2017-09-11,4003.122287191175
2017-09-12,14799.494294786511
2017-09-13,9843.79452881838
2017-09-14,3996.680140984312
2017-09-15,8562.21240644192
2017-09-16,5229.79315526495
2017-09-17,8922.847497253933
2017-09-18,20335.270859052456
2017-09-19,27442.1982342304
2017-09-20,28293.711313341664
2017-09-21,14891.64463502058
2017-09-22,9038.654745942898
2017-09-23,14301.358048861513
2017-09-24,16917.93730171519
2017-09-25,9901.70100364387
2017-09-26,15836.901515154394
2017-09-27,9482.728242634543
2017-09-28,12421.899831121797
2017-09-29,10825.21892432891
2017-09-30,14337.280982263217
2017-10-01,15134.816425037476
2017-10-02,14435.169942214194
2017-10-03,23246.43229137844
2017-10-04,12655.120109539695
2017-10-05,11828.713218749748
2017-10-06,8361.666929017649
2017-10-07,12313.400454449005
2017-10-08,23534.96675723064
2017-10-09,31565.006247156634
2017-10-10,25399.147506138484
2017-10-11,10212.412793347046
2017-10-12,17177.409257145322
2017-10-13,5399.17691814731
2017-10-14,16177.503415231355
2017-10-15,10822.166998762987
2017-10-16,23236.958074985538
2017-10-17,33267.9598015657
2017-10-18,28759.85408799636
2017-10-19,20912.91089323923
2017-10-20,10780.571950893867
2017-10-21,30613.7100268103
2017-10-22,13122.782147431113
2017-10-23,11739.727446902196
2017-10-24,16712.710226457584
2017-10-25,33957.540377235026
2017-10-26,28633.757758605163
2017-10-27,28953.25663978703
2017-10-28,17926.28809895294
2017-10-29,31707.107869201758
2017-10-30,28880.20760932088
2017-10-31,29838.90809862894
2017-11-01,27197.6398011358
2017-11-02,30121.978029175254
2017-11-03,26607.099444159812
2017-11-04,28595.67354476178
2017-11-05,25818.585350867896
2017-11-06,26510.921568965474
2017-11-07,27408.26495333655
2017-11-08,21862.77963200933
2017-11-09,12613.565244864943
2017-11-10,11759.159733235532
2017-11-11,15877.741711797791
2017-11-12,7148.6623808708355
2017-11-13,7209.7512188360315
2017-11-14,261.61360040833335
2017-11-15,2592.1774934409286
2017-11-16,4040.9004242566175
2017-11-17,5032.033970147795
2017-11-18,5447.4366773529455
2017-11-19,48205.17388245019
2017-11-20,55970.88910684489
2017-11-21,46831.07635156349
2017-11-22,60827.634618199736
2017-11-23,42496.01052977571
2017-11-24,52015.483096235264
2017-11-25,12495.825939417891
2017-11-26,30495.481144783138
2017-11-27,12859.17488099635
2017-11-28,18529.52625151863
2017-11-29,23126.69743019609
2017-11-30,44842.09832908282
2017-12-01,31878.413895358804
2017-12-02,7318.355359681612
2017-12-03,7751.561350640677
2017-12-04,38015.9930123959
2017-12-05,11691.781065864188
2017-12-06,14666.733892099488
2017-12-07,37705.133337426
2017-12-08,49949.82859688112
2017-12-09,2011.1394253235294
2017-12-10,3869.6029462031875
2017-12-11,164.15511900588234
2017-12-12,5867.141948595591
2017-12-13,251.024172625
2017-12-14,2152.012531675
2017-12-15,7666.5277863311285
2017-12-16,17457.08309147647
2017-12-17,85119.34131568318
2017-12-18,12989.22726924706
2017-12-19,36242.34946520537
2017-12-20,14022.928609054165
2017-12-21,9684.04209834755
2017-12-22,104608.98247474768
2017-12-23,2169.5366795808827
2017-12-24,35885.8993962941
2017-12-25,67156.36430694605
2017-12-26,8944.041867810047
2017-12-27,13251.587329513472
2017-12-28,61478.71315783605
2017-12-29,102842.31644377486
2017-12-30,88722.43736162799
2017-12-31,45522.163004995535
2018-01-01,75454.6589914581
2018-01-02,90179.60841154068
2018-01-03,66350.87664648071
2018-01-04,41623.03770066151
2018-01-05,14425.096036588486
2018-01-06,74289.98040802381
2018-01-07,94967.2216966345
2018-01-08,74350.19876890106
2018-01-09,83037.56878143703
2018-01-10,62390.36725476605
2018-01-11,2494.399177537745
2018-01-12,83293.80164000175
2018-01-13,49093.92700858631
2018-01-14,26437.623940347326
2018-01-15,59815.66938558313
2018-01-16,31447.440875808377
2018-01-17,5404.923004573771
2018-01-18,17781.98465983064
2018-01-19,17652.182946080135
2018-01-20,78142.10698458963
2018-01-21,85660.89031146638
2018-01-22,72995.21016523335
2018-01-23,27458.285191197545
2018-01-24,67397.19130947039
2018-01-25,56216.97550560446
2018-01-26,43514.5726806424
2018-01-27,27785.674013326763
2018-01-28,6102.374426593384
2018-01-29,8349.74004459804
2018-01-30,14374.776409894614
2018-01-31,0.0
2018-02-01,46002.32132823381
2018-02-02,48263.29936301762
2018-02-03,24576.062740450263
2018-02-04,67904.20841252353
2018-02-05,47947.7796815789
2018-02-06,23522.219217314436
2018-02-07,8893.871958457597
2018-02-08,39107.01617576614
2018-02-09,30691.39981940245
2018-02-10,6684.308748901959
2018-02-11,1252.1312142541667
2018-02-12,0.0
2018-02-13,23339.69512905686
2018-02-14,68089.66475636704
2018-02-15,6497.658606308329
2018-02-16,9258.61519414951
2018-02-17,80280.07313665537
2018-02-18,51241.55937542081
2018-02-19,65327.12814689429
2018-02-20,29352.404225018625
2018-02-21,13344.554524980875
2018-02-22,28547.60513766495
2018-02-23,51048.65945288129
2018-02-24,1147.5954254654412
2018-02-25,28930.999627256366
2018-02-26,28324.889989182848
2018-02-27,1716.212045264705
2018-02-28,14538.572707815176
2018-03-01,2552.8630870414217
2018-03-02,1756.7350757928928
2018-03-03,1148.2252469245097
2018-03-04,45268.37319442346
2018-03-05,48168.63578928234
2018-03-06,92322.48576901211
2018-03-07,101566.39572072754
2018-03-08,57716.64491807539
2018-03-09,12868.205948572038
2018-03-10,49505.51221046449
2018-03-11,63623.585846268485
2018-03-12,15353.858681572065
2018-03-13,4643.170401504169
2018-03-14,1967.9795018872549
2018-03-15,10480.74191181127
2018-03-16,77221.6773637864
2018-03-17,94606.61020530527
2018-03-18,65042.25186809062
2018-03-19,98114.03959450874
2018-03-20,49702.446224181906
2018-03-21,11754.771213726965
2018-03-22,47916.52849674996
2018-03-23,72460.39799487355
2018-03-24,7995.556210838727
2018-03-25,51585.76902875516
2018-03-26,91468.63752242217
2018-03-27,34013.94412073849
2018-03-28,55133.83903420412
2018-03-29,53191.34329559355
2018-03-30,89403.8935631373
2018-03-31,94822.3064124445
2018-04-01,87796.50402714814
2018-04-02,63187.826365605164
2018-04-03,8155.7331929424045
2018-04-04,69244.39626869108
2018-04-05,70831.95112546357
2018-04-06,67454.81372878357
2018-04-07,76617.89805529139
2018-04-08,21171.671868599027
2018-04-09,1571.2019547507355
2018-04-10,1506.9182310914214
2018-04-11,2415.6233114147067
2018-04-12,34094.25418167347
2018-04-13,81966.87011806012
2018-04-14,71467.37556732088
2018-04-15,65865.28793271851
2018-04-16,2485.270806990686
2018-04-17,6418.568156862501
2018-04-18,25029.988408076722
2018-04-19,2092.6228319732836
2018-04-20,20.0020445
2018-04-21,36621.039925861995
2018-04-22,92012.73979022312
2018-04-23,98751.38716362856
2018-04-24,91052.27151746192
2018-04-25,81292.62931282342
2018-04-26,64402.513503702154
2018-04-27,45182.395634926965
2018-04-28,43498.922011993294
2018-04-29,78968.66899179782
2018-04-30,81254.11658596489
2018-05-01,58856.81988874726
2018-05-02,6447.127485968139
2018-05-03,5912.526471800991
2018-05-04,40039.30968865383
2018-05-05,30894.738434501
2018-05-06,1350.327404901715
2018-05-07,605.4342958433822
2018-05-08,30573.983697339452
2018-05-09,61860.323961850496
2018-05-10,80517.28864360513
2018-05-11,81945.54434226235
2018-05-12,41567.62062524088
2018-05-13,4433.312171673533
2018-05-14,5069.839773456621
2018-05-15,37240.39109986194
2018-05-16,12566.630542460769
2018-05-17,20349.69675163994
2018-05-18,791.6562892696076
2018-05-19,9706.09246839754
2018-05-20,26884.952628847794
2018-05-21,55431.7554488031
2018-05-22,14519.656091161014
2018-05-23,18598.32202853948
2018-05-24,38150.50930245194
2018-05-25,42235.99503357497
2018-05-26,52001.11347212789
2018-05-27,36080.95889857534
2018-05-28,46343.344919949726
2018-05-29,22882.9180932375
2018-05-30,53344.094610502645
2018-05-31,47214.90475154037
2018-06-01,26598.436100302184
2018-06-02,59041.62174597989
2018-06-03,64880.201783960314
2018-06-04,55214.79857355017
2018-06-05,41641.69232456465
2018-06-06,50895.05861457616
2018-06-07,54193.215674336985
2018-06-08,47498.596899146774
2018-06-09,16772.994508007352
2018-06-10,6039.4472301181395
2018-06-11,16680.805607154885
2018-06-12,36214.99626251514
2018-06-13,39786.025920517815
2018-06-14,40246.54249635508
2018-06-15,13727.08192004043
2018-06-16,15136.497646313961
2018-06-17,16474.450959840688
2018-06-18,20983.44437373697
2018-06-19,4592.267626578186
2018-06-20,10399.23654285809
2018-06-21,11016.846024729395
2018-06-22,6336.1257544553955
2018-06-23,6276.789518635787
2018-06-24,7601.023595429656
2018-06-25,21365.183233707132
2018-06-26,9996.968731425486
2018-06-27,2811.2074201257337
2018-06-28,5363.166354001469
2018-06-29,5419.7518312536695
2018-06-30,7674.589152307847
2018-07-01,21910.943399492648
2018-07-02,25453.48424092698
2018-07-03,12760.49486808505
2018-07-04,6992.010181811276
2018-07-05,3389.977025295099
2018-07-06,13155.161886192136
2018-07-07,26300.50361600221
2018-07-08,28791.998478571095
2018-07-09,23389.340020049513
2018-07-10,19910.399658791455
2018-07-11,22245.38873062501
2018-07-12,20135.482727197526
2018-07-13,11624.479600708082
2018-07-14,31005.341156305654
2018-07-15,23613.878504203185
2018-07-16,20269.329177171567
2018-07-17,4610.601836286276
2018-07-18,7051.282128628438
2018-07-19,9911.786913474993
2018-07-20,11863.21522277842
2018-07-21,5081.099814979904
2018-07-22,12374.607506492885
2018-07-23,811.6870863289223
2018-07-24,2418.0931386056386
2018-07-25,9341.721993080633
2018-07-26,2717.999246286518
2018-07-27,2374.7936043696072
2018-07-28,2481.7900483149506
2018-07-29,4714.09521822794
2018-07-30,7415.735643671322
2018-07-31,16239.57640238137
2018-08-01,7356.514940755885
2018-08-02,9385.989222805872
2018-08-03,21389.12161922723
2018-08-04,21720.671623062735
2018-08-05,17369.099817337006
2018-08-06,20472.585988867395
2018-08-07,7528.843848008091
2018-08-08,6601.8221275524475
2018-08-09,5812.392303638971
2018-08-10,17709.82042735835
2018-08-11,13595.887517052937
2018-08-12,14132.06624349387
2018-08-13,1457.6784042049019
2018-08-14,9750.227052558328
2018-08-15,7986.800818452694
2018-08-16,7185.918294316422
2018-08-17,7028.08394517647
2018-08-18,1219.5667599458327
2018-08-19,14778.353293745835
2018-08-20,12923.470398574998
2018-08-21,12618.418219381127
2018-08-22,7346.994556328678
2018-08-23,8081.162952803189
2018-08-24,6291.660933289222
2018-08-25,3422.5727144348043
2018-08-26,3627.805040520344
2018-08-27,8895.578161067657
2018-08-28,15877.111615321804
2018-08-29,12897.10146256789
2018-08-30,11376.560731159567
2018-08-31,9215.590352680403
2018-09-01,8644.101690284799
2018-09-02,6856.121831460788
2018-09-03,1490.5438787455892
2018-09-04,6222.887225484803
2018-09-05,3091.818988860784
2018-09-06,4660.442846844362
2018-09-07,1176.0438720129903
2018-09-08,6945.880766805144
2018-09-09,6552.392400377204
2018-09-10,5439.788916148529
2018-09-11,12693.321095889214
2018-09-12,22052.819209220368
2018-09-13,14997.54950127499
2018-09-14,1741.9045837705876
2018-09-15,2468.59378816544
2018-09-16,15640.550509195824
2018-09-17,38384.4079339968
2018-09-18,40550.939146698984
2018-09-19,29569.861924641697
2018-09-20,26223.970610495853
2018-09-21,19250.774184693866
2018-09-22,9440.65076182476
2018-09-23,7533.5628706235275
2018-09-24,25394.00434483724
2018-09-25,41457.444395072016
2018-09-26,39672.70532703478
2018-09-27,43640.844822532585
2018-09-28,34714.10495181768
2018-09-29,26492.360859485525
2018-09-30,20949.29962241006
2018-10-01,41380.72118263527
2018-10-02,37846.975382533106
2018-10-03,28134.388621622795
2018-10-04,18139.259860259812
2018-10-05,16251.172967234055
2018-10-06,34482.89381045569
2018-10-07,34303.04945938632
2018-10-08,33207.64470934438
2018-10-09,16671.179493002946
2018-10-10,25975.355569555122
2018-10-11,12086.27276261177
2018-10-12,29539.296855068864
2018-10-13,56660.091085015985
2018-10-14,7737.101125522053
2018-10-15,33344.21634694635
2018-10-16,5282.9239008796585
2018-10-17,9391.1888370196
2018-10-18,25804.566364310776
2018-10-19,28930.391367099997
2018-10-20,72063.13117333269
2018-10-21,60849.00744441473
2018-10-22,75375.48158477194
2018-10-23,47069.232396084364
2018-10-24,42605.28884197934
2018-10-25,52231.17180953063
2018-10-26,62956.55180585418
2018-10-27,70475.198632062
2018-10-28,67836.83103664436
2018-10-29,67254.71579363289
2018-10-30,46729.44720227997
2018-10-31,31726.058793321605
2018-11-01,6133.794800796077
2018-11-02,18175.537939085054
2018-11-03,1891.03288273652
2018-11-04,51720.01752171708
2018-11-05,66201.19484883532
2018-11-06,97120.30975630633
2018-11-07,95215.52202262449
2018-11-08,19728.541929949024
2018-11-09,25601.46132637059
2018-11-10,10382.219591933825
2018-11-11,24081.63242983507
2018-11-12,4799.626415105388
2018-11-13,13905.504412546332
2018-11-14,2234.645986012256
2018-11-15,58228.52112570564
2018-11-16,91181.83899960249
2018-11-17,90197.32792236224
2018-11-18,51035.80138180312
2018-11-19,15877.065839394845
2018-11-20,70310.26574075322
2018-11-21,45358.68476917748
2018-11-22,1569.4074318769601
2018-11-23,91912.3167717092
2018-11-24,72894.58007700746
2018-11-25,35557.958561618085
2018-11-26,64894.878567276224
2018-11-27,26540.675009955117
2018-11-28,10854.62644441739
2018-11-29,56998.967321624754
2018-11-30,93507.61891984532
2018-12-01,77251.59674414444
2018-12-02,78030.52731976414
2018-12-03,78966.19142073962
2018-12-04,64594.79752191031
2018-12-05,8286.66628266397
2018-12-06,33339.23004229412
2018-12-07,76354.65396914365
2018-12-08,8866.60996991935
2018-12-09,37456.51762774013
2018-12-10,145.28007604485288
2018-12-11,46386.29911951077
2018-12-12,28308.742510527714
2018-12-13,59370.51376061647
2018-12-14,84572.28364596865
2018-12-15,87733.31478643516
2018-12-16,96595.37007287827
2018-12-17,81365.71357535869
2018-12-18,92891.13728691897
2018-12-19,27132.824088528454
2018-12-20,48579.86818114609
2018-12-21,84356.70723783571
2018-12-22,38905.320847007766
2018-12-23,28826.692401870096
2018-12-24,46681.40433894459
2018-12-25,77202.05349319954
2018-12-26,3227.0560189436296
2018-12-27,56959.14589894198
2018-12-28,77346.7479033797
2018-12-29,70953.75465518159
2018-12-30,7966.017588159557
2018-12-31,58273.35658028826
2019-01-01,11239.860936135054
2019-01-02,310.8255165272059
2019-01-03,83876.97615589228
2019-01-04,1641.0329798419118
2019-01-05,2440.7901555024514
2019-01-06,50616.72272904883
2019-01-07,93716.93189602166
2019-01-08,18613.351392956356
2019-01-09,82252.53918618367
2019-01-10,20805.512174049276
2019-01-11,10838.218280611527
2019-01-12,2397.098181333088
2019-01-13,28083.664534111722
2019-01-14,86191.94964620957
2019-01-15,11623.971790522059
2019-01-16,226.3461672848039
2019-01-17,96318.7935494367
2019-01-18,21694.29073124635
2019-01-19,30798.995891108112
2019-01-20,68.85793319362746
2019-01-21,132.9471965
2019-01-22,24.624109344607845
2019-01-23,10384.067316000246
2019-01-24,14663.406833810543
2019-01-25,10301.999429415448
2019-01-26,55387.26574273461
2019-01-27,65600.47693820906
2019-01-28,102837.13594856331
2019-01-29,37186.22325748507
2019-01-30,13641.026071447304
2019-01-31,5544.474419643383
2019-02-01,20162.078534106353
2019-02-02,37115.92864649677
2019-02-03,26848.84655814704
2019-02-04,1957.158226356618
2019-02-05,400.11342553210795
2019-02-06,1026.5936837857844
2019-02-07,3092.728188397302
2019-02-08,29531.860736521594
2019-02-09,106080.31971543349
2019-02-10,53207.820059074045
2019-02-11,43926.34791597079
2019-02-12,1211.778602084804
2019-02-13,6401.742034053675
2019-02-14,4748.9363085
2019-02-15,27287.242397143644
2019-02-16,95633.69493113796
2019-02-17,27287.284930563947
2019-02-18,6671.547285247304
2019-02-19,27593.39500680881
2019-02-20,30488.710896249493
2019-02-21,123.3274074352941
2019-02-22,56537.935806785026
2019-02-23,32376.307260921083
2019-02-24,7934.374185062254
2019-02-25,16364.594454854674
2019-02-26,4976.8455333821075
2019-02-27,63585.329892862756
2019-02-28,56332.537653215135
2019-03-01,11034.62005982916
2019-03-02,35.430071687009814
2019-03-03,33347.09118559458
2019-03-04,46553.41327190075
2019-03-05,81988.00615007401
2019-03-06,99537.99032217523
2019-03-07,32008.173594546337
2019-03-08,52040.59646030347
2019-03-09,54264.6625035942
2019-03-10,104184.65491889046
2019-03-11,595.8755254151962
2019-03-12,57821.38567572242
2019-03-13,4496.7838254196095
2019-03-14,2310.006901595588
2019-03-15,84494.99039539185
2019-03-16,98534.50618382536
2019-03-17,82449.60231380218
2019-03-18,48070.37642603189
2019-03-19,30458.563337027696
2019-03-20,4130.00290588505
2019-03-21,46700.158214132316
2019-03-22,86166.79149146347
2019-03-23,18457.22206759754
2019-03-24,22548.029025060056
2019-03-25,44893.13655324461
2019-03-26,112464.47479261718
2019-03-27,9967.301391585046
2019-03-28,25682.285489910544
2019-03-29,15520.724099443622
2019-03-30,7371.291438917889
2019-03-31,94358.85573082617
2019-04-01,104962.34210862259
2019-04-02,79817.93346554863
2019-04-03,88388.43617997068
2019-04-04,98205.20665548099
2019-04-05,57003.94410897721
2019-04-06,46431.06031963915
2019-04-07,104235.6676436665
2019-04-08,22270.31503820222
2019-04-09,84893.95394722976
2019-04-10,27038.129417790435
2019-04-11,31160.17177993875
2019-04-12,1243.5062819669117
2019-04-13,15502.805919920576
2019-04-14,13002.60338462792
2019-04-15,16697.25303950932
2019-04-16,20746.412445940176
2019-04-17,2045.3092688058825
2019-04-18,17145.83232139802
2019-04-19,98209.20711785722
2019-04-20,86165.74021560058
2019-04-21,81277.90910319357
2019-04-22,59938.75517272171
2019-04-23,57073.52238779408
2019-04-24,9445.408124478427
2019-04-25,24365.799365436986
2019-04-26,29678.352001524025
2019-04-27,37740.2028370044
2019-04-28,47332.42890232228
2019-04-29,41663.657252751174
2019-04-30,3374.3620079468137
2019-05-01,35179.96738435879
2019-05-02,7029.777142130141
2019-05-03,21024.284724432095
2019-05-04,73283.08784442308
2019-05-05,47229.04758732925
2019-05-06,79175.34081189464
2019-05-07,60626.226654122605
2019-05-08,81418.22685687507
2019-05-09,83109.34803314916
2019-05-10,18732.923145757824
2019-05-11,22811.415044444613
2019-05-12,33906.46702296886
2019-05-13,43580.387163505104
2019-05-14,41734.66952729776
2019-05-15,41894.963270149805
2019-05-16,1884.526217808333
2019-05-17,10137.358846044352
2019-05-18,11720.273501518865
2019-05-19,42447.93663851661
2019-05-20,40750.65204899589
2019-05-21,72817.95998005892
2019-05-22,51262.38198837251
2019-05-23,3433.4850623938723
2019-05-24,929.0745797705879
2019-05-25,33994.09760105638
2019-05-26,22562.761404739227
2019-05-27,47642.13954705761
2019-05-28,56154.62131357274
2019-05-29,66370.74397412792
2019-05-30,78455.22150184184
2019-05-31,71259.14504632747
2019-06-01,46556.001929747
2019-06-02,33588.04874579512
2019-06-03,18333.516106286774
2019-06-04,8937.078524753424
2019-06-05,21074.771646660298
2019-06-06,14504.94399797768
2019-06-07,30034.207810069387
2019-06-08,16715.9229339985
2019-06-09,57828.783224570296
2019-06-10,46342.831233956815
2019-06-11,1721.186831775244
2019-06-12,4606.385883856375
2019-06-13,47365.306950631064
2019-06-14,77957.75934157058
2019-06-15,25313.112957534115
2019-06-16,51492.14241612136
2019-06-17,43799.65457561465
2019-06-18,22692.762423989716
2019-06-19,49264.11707939303
2019-06-20,16786.896733215173
2019-06-21,15426.820441584772
2019-06-22,24352.214263225713
2019-06-23,24529.815826988528
2019-06-24,2679.9609742397083
2019-06-25,19853.611227401198
2019-06-26,36929.82562916348
2019-06-27,33109.66435725738
2019-06-28,40426.30631156908
2019-06-29,51535.7753432499
2019-06-30,11912.176438472543
2019-07-01,28503.111174412297
2019-07-02,46084.73928072075
2019-07-03,59556.630911480584
2019-07-04,34244.465708683856
2019-07-05,38578.052084598756
2019-07-06,29984.00370492107
2019-07-07,38858.39817348306
2019-07-08,43505.55536319821
2019-07-09,32696.73856145589
2019-07-10,13618.697643116882
2019-07-11,25134.95165013066
2019-07-12,30821.833931854657
2019-07-13,28220.86037687625
2019-07-14,27064.159317834587
2019-07-15,19752.94589219411
2019-07-16,32711.21924105639
2019-07-17,40357.61797052588
2019-07-18,26511.475493837243
2019-07-19,13573.63672445515
2019-07-20,31767.19257750392
2019-07-21,29105.565385967908
2019-07-22,22316.085686541428
2019-07-23,31613.264645684536
2019-07-24,25078.45617280443
2019-07-25,18471.908406768882
2019-07-26,8042.976577408331
2019-07-27,1507.5205203671567
2019-07-28,2329.2231564247545
2019-07-29,3546.293656510787
2019-07-30,23403.708504441216
2019-07-31,17699.694507294862
2019-08-01,17857.4458205402
2019-08-02,14152.879354810295
2019-08-03,6549.979881068378
2019-08-04,16828.13552530464
2019-08-05,10512.586978378178
2019-08-06,19986.790271327216
2019-08-07,15971.020332529166
2019-08-08,21221.63982560174
2019-08-09,11508.882342108327
2019-08-10,1137.7017384950984
2019-08-11,4120.234106340934
2019-08-12,14456.320643968616
2019-08-13,12734.7572349179
2019-08-14,493.60353018725493
2019-08-15,9222.395593391666
2019-08-16,7584.964077222552
2019-08-17,11035.962467557592
2019-08-18,19864.2435535539
2019-08-19,6694.520820412741
2019-08-20,15058.851794305876
2019-08-21,23401.906683610054
2019-08-22,23119.11988084731
2019-08-23,13283.688252299014
2019-08-24,11433.333224081858
2019-08-25,8850.995228563237
2019-08-26,4203.065551503921
2019-08-27,9764.655383708334
2019-08-28,4755.371916186518
2019-08-29,8568.842043792893
2019-08-30,4557.142938297301
2019-08-31,3456.9833067622576
2019-09-01,1956.1168762416671
2019-09-02,3791.275580336029
2019-09-03,15702.401071006601
2019-09-04,13030.423593149733
2019-09-05,15170.032730693629
2019-09-06,10765.264872082842
2019-09-07,10677.332895373282
2019-09-08,8551.92616582157
2019-09-09,17780.478625473774
2019-09-10,17101.69621508798
2019-09-11,13802.235514320577
2019-09-12,14598.749451417147
2019-09-13,11389.579103363962
2019-09-14,13232.618223469848
2019-09-15,10377.27614371299
2019-09-16,13505.984343404914
2019-09-17,10061.087079873516
2019-09-18,25103.93599520272
2019-09-19,24994.94339691029
2019-09-20,18129.50292999485
2019-09-21,13963.719785732354
2019-09-22,22894.502663287014
2019-09-23,23677.55763538016
2019-09-24,21698.31990510073
2019-09-25,20524.04465883359
2019-09-26,18228.682379206133
2019-09-27,13740.082661873526
2019-09-28,14038.515567170838
2019-09-29,14844.212195402688
2019-09-30,11094.562686391178
2019-10-01,4611.320562469852
2019-10-02,14316.264744936021
2019-10-03,3083.716584814215
2019-10-04,3538.209448178921
2019-10-05,11639.534384777195
2019-10-06,4650.994138891669
2019-10-07,5949.012883667157
2019-10-08,36140.019334157114
2019-10-09,33350.38107466814
2019-10-10,45611.25383028674
2019-10-11,45324.486011322006
2019-10-12,47740.0147850291
2019-10-13,42018.1275907144
2019-10-14,45654.37582271319
2019-10-15,34817.809799759576
2019-10-16,40000.509460950685
2019-10-17,7165.075396997059
2019-10-18,6411.628641714215
2019-10-19,3880.8733936757367
2019-10-20,39482.517788531346
2019-10-21,11516.433889888964
2019-10-22,9306.728643814191
2019-10-23,15605.388821488224
2019-10-24,9678.385414285276
2019-10-25,39727.44409138293
2019-10-26,21681.94352239142
2019-10-27,48778.2169987996
2019-10-28,15173.49072245516
2019-10-29,36085.559767170416
2019-10-30,19875.74246426275
2019-10-31,15768.113808707842
2019-11-01,7437.509239448777
2019-11-02,2645.9158346742647
2019-11-03,37306.00621126891
2019-11-04,46300.38069898926
2019-11-05,34534.316317002456
2019-11-06,949.784025213971
2019-11-07,6233.061208445833
2019-11-08,17874.82566943875
2019-11-09,84580.59576375317
2019-11-10,97366.40647128025
2019-11-11,52217.38937308186
2019-11-12,29889.775023688464
2019-11-13,1928.3929845522075
2019-11-14,1350.9294552683825
2019-11-15,118.08466845196078
2019-11-16,1962.2977910517147
2019-11-17,57502.586165640925
2019-11-18,68916.33436708042
2019-11-19,93492.86883489984
2019-11-20,2722.442007157106
2019-11-21,3976.911232180392
2019-11-22,0.0
2019-11-23,31265.248960462763
2019-11-24,7724.223029410784
2019-11-25,1788.885718134068
2019-11-26,3581.4869454813734
2019-11-27,2645.857194231618
2019-11-28,49985.93582778205
2019-11-29,30964.747937715685
2019-11-30,103500.46270196425
2019-12-01,87030.6858309169
2019-12-02,96443.58075630071
2019-12-03,107568.04272319945
2019-12-04,97447.21794812319
2019-12-05,110370.9405322608
2019-12-06,86847.70257725967
2019-12-07,102478.20125507515
2019-12-08,100963.74382557554
2019-12-09,27473.748799455178
2019-12-10,8340.280695427206
2019-12-11,4011.465230705147
2019-12-12,8460.451020080638
2019-12-13,316.17882746299017
2019-12-14,32171.20373491175
2019-12-15,48130.354873424985
2019-12-16,96657.16714371179
2019-12-17,93284.53090391963
2019-12-18,12716.435216996562
2019-12-19,6953.916002388727
2019-12-20,25978.922388732844
2019-12-21,59933.76785059585
2019-12-22,54127.44959696396
2019-12-23,84943.7231850208
2019-12-24,10237.891918203934
2019-12-25,82716.25294398217
2019-12-26,95606.68368549465
2019-12-27,86268.53758048243
2019-12-28,105068.69528584297
2019-12-29,38190.449676754375
2019-12-30,43751.66853534828
2019-12-31,42.854516498529414
2020-01-01,153.87391716887257
2020-01-02,10856.982787670828
2020-01-03,18189.584079880387
2020-01-04,12447.2521258674
2020-01-05,14429.393194134804
2020-01-06,100.00673021911764
2020-01-07,2198.6439262208337
2020-01-08,19170.47737375808
2020-01-09,85255.40444028504
2020-01-10,100377.53929632354
2020-01-11,1731.8665947446082
2020-01-12,751.3560539769609
2020-01-13,0.0
2020-01-14,21686.290936487243
2020-01-15,39831.32269780198
2020-01-16,53618.26346267336
2020-01-17,88344.32327574195
2020-01-18,60701.550929791934
2020-01-19,88669.08977707327
2020-01-20,31912.38380177817
2020-01-21,308.38979160612746
2020-01-22,47523.086495500014
2020-01-23,77264.0623798951
2020-01-24,39855.63996950591
2020-01-25,9951.806380690196
2020-01-26,65242.27357784851
2020-01-27,66038.36541520023
2020-01-28,16106.94863562769
2020-01-29,15988.449940978428
2020-01-30,71561.57148717892
2020-01-31,70905.5005812061
2020-02-01,88978.7605631391
2020-02-02,102106.75757096754
2020-02-03,45076.15509975782
2020-02-04,1122.9409461446078
2020-02-05,64474.382807959315
2020-02-06,17354.187063765687
2020-02-07,102829.66580570463
2020-02-08,99814.26828073604
2020-02-09,115100.71232802465
2020-02-10,95746.06764214546
2020-02-11,22058.58709752451
2020-02-12,336.498678700245
2020-02-13,7397.822705035291
2020-02-14,94334.7750162188
2020-02-15,79038.5045561826
2020-02-16,79112.83385131999
2020-02-17,102689.4104549952
2020-02-18,39776.03691628109
2020-02-19,5690.840899321076
2020-02-20,63257.02587121606
2020-02-21,110432.97431442613
2020-02-22,85995.21106340893
2020-02-23,112539.66984715324
2020-02-24,42423.872882949036
2020-02-25,101815.9000662238
2020-02-26,102343.02359941427
2020-02-27,28664.575611697303
2020-02-28,9080.218696192642
2020-02-29,5589.1909327071035
2020-03-01,74883.93760568167
2020-03-02,88588.35253847159
2020-03-03,98971.04453478438
2020-03-04,16076.116780743358
2020-03-05,13552.283538776714
2020-03-06,155.66647877843138
2020-03-07,4263.463105294852
2020-03-08,11701.580983367876
2020-03-09,3381.4745644919103
2020-03-10,13835.043914977437
2020-03-11,66801.3331794238
2020-03-12,18461.790968288242
2020-03-13,1666.9699727752447
2020-03-14,59687.403285316825
2020-03-15,94599.87204143305
2020-03-16,84757.12866664138
2020-03-17,95007.75128017481
2020-03-18,58694.7091397622
2020-03-19,96436.38896735637
2020-03-20,65920.56553494571
2020-03-21,38267.81520233975
2020-03-22,67870.20119167565
2020-03-23,53667.94179521375
2020-03-24,3955.170620415932
2020-03-25,5743.80450886103
2020-03-26,9165.846335439464
2020-03-27,14.9972479375
2020-03-28,5592.314361502698
2020-03-29,41379.903898503595
2020-03-30,26256.34205439974
2020-03-31,4330.59030227108
2020-04-01,28315.20962823211
2020-04-02,49181.56300889775
2020-04-03,76316.53560146574
2020-04-04,105622.49880188185
2020-04-05,78643.41271980124
2020-04-06,49079.00530005808
2020-04-07,25008.169765292867
2020-04-08,67621.76647778304
2020-04-09,22036.142679107365
2020-04-10,47795.409808374476
2020-04-11,88762.80653932897
2020-04-12,68285.69949452554
2020-04-13,17770.643968467648
2020-04-14,9320.241645484548
2020-04-15,5567.706867673774
2020-04-16,22217.75817955858
2020-04-17,3310.700563903429
2020-04-18,3994.2476098691186
2020-04-19,16790.593965127435
2020-04-20,40382.507823538406
2020-04-21,29865.658895793356
2020-04-22,79109.1997297706
2020-04-23,88233.77902879553
2020-04-24,96683.98266063292
2020-04-25,97165.87447510425
2020-04-26,39924.996842473745
2020-04-27,48346.46917924345
2020-04-28,29317.3220516826
2020-04-29,71468.54663125431
2020-04-30,36326.42303176795
2020-05-01,54915.72594687203
2020-05-02,35847.93846797402
2020-05-03,1549.290461847549
2020-05-04,46042.58763649911
2020-05-05,5592.412928408091
2020-05-06,22439.12695001936
2020-05-07,54133.67298653476
2020-05-08,74591.64009536822
2020-05-09,9272.384551296065
2020-05-10,25950.44596410173
2020-05-11,46186.867815917576
2020-05-12,45429.91212811339
2020-05-13,42929.906728011476
2020-05-14,7090.296924585539
2020-05-15,44771.66187005751
2020-05-16,35810.05366019509
2020-05-17,31938.72985034047
2020-05-18,15565.436811163956
2020-05-19,32460.17747543091
2020-05-20,72754.50082812384
2020-05-21,50680.16149934209
2020-05-22,66716.43899748649
2020-05-23,22171.678899352202
2020-05-24,37971.44854278226
2020-05-25,64367.10452044652
2020-05-26,58996.97995451934
2020-05-27,68435.75061983994
2020-05-28,32766.033872946795
2020-05-29,30362.811633067413
2020-05-30,8124.377516240196
2020-05-31,6452.723890635054
2020-06-01,13439.875995173043
2020-06-02,7423.4067042308825
2020-06-03,17457.89536724557
2020-06-04,20210.576350676187
2020-06-05,40120.579131726176
2020-06-06,46587.87998869557
2020-06-07,55641.585972786335
2020-06-08,56223.610510080376
2020-06-09,34641.421798261836
2020-06-10,28876.61060772309
2020-06-11,24375.060878861263
2020-06-12,23660.337225625015
2020-06-13,7466.33448888603
2020-06-14,31920.89785513259
2020-06-15,22140.312034552488
2020-06-16,38172.57193969209
2020-06-17,40802.32964706936
2020-06-18,24855.986935377223
2020-06-19,28673.127489592156
2020-06-20,20174.12850314068
2020-06-21,44028.22049752079
2020-06-22,54668.115828423295
2020-06-23,44167.32356251932
2020-06-24,7711.081619953678
2020-06-25,22176.646101453443
2020-06-26,23276.197164330395
2020-06-27,22861.117639233096
2020-06-28,14610.228456199238
2020-06-29,31442.258452396352
2020-06-30,27833.323725546343
2020-07-01,13161.780504108068
2020-07-02,24250.296002635325
2020-07-03,31038.692916141954
2020-07-04,14128.214853356603
2020-07-05,7653.233227426223
2020-07-06,20015.018437426486
2020-07-07,31743.809900732598
2020-07-08,13059.007909933094
2020-07-09,7123.765006602692
2020-07-10,13996.545313658831
2020-07-11,25703.255919401752
2020-07-12,3410.8544280757365
2020-07-13,11144.985725978913
2020-07-14,16360.380888876698
2020-07-15,21544.13967762405
2020-07-16,3262.667998496076
2020-07-17,2958.7752398313714
2020-07-18,3640.5346964401983
2020-07-19,7720.812473152944
2020-07-20,14141.493373140192
2020-07-21,1880.6012666272054
2020-07-22,16248.642627360548
2020-07-23,39625.933955766806
2020-07-24,29983.291747798285
2020-07-25,16081.550665863479
2020-07-26,6522.8018737210805
2020-07-27,10847.903586002212
2020-07-28,23199.35245664265
2020-07-29,23452.46716925124
2020-07-30,23302.377743895075
2020-07-31,12898.993194811515
2020-08-01,3797.775062051716
2020-08-02,11236.063160609794
2020-08-03,21554.97072241915
2020-08-04,3011.911537001716
2020-08-05,4851.245089111021
2020-08-06,7908.306067163965
2020-08-07,16302.816560667638
2020-08-08,21791.784420647567
2020-08-09,978.1757165441174
2020-08-10,3556.790647599263
2020-08-11,10341.65854389755
2020-08-12,18263.87674161937
2020-08-13,15946.726215111514
2020-08-14,16082.360943668858
2020-08-15,10777.68499076911
2020-08-16,21478.976937039224
2020-08-17,21695.226495101484
2020-08-18,6227.729887830885
2020-08-19,3086.023888778186
2020-08-20,2460.983260480883
2020-08-21,4567.303577870838
2020-08-22,15662.6156396419
2020-08-23,21199.56603471571
2020-08-24,22025.57952704978
2020-08-25,17137.525977933325
2020-08-26,7400.390785992161
2020-08-27,196.05522272205886
2020-08-28,2542.2825889382357
2020-08-29,9995.441643336275
2020-08-30,10461.254022909556
2020-08-31,3773.7548016539245
2020-09-01,12879.92853564117
2020-09-02,8997.685867538221
2020-09-03,4774.281557599755
2020-09-04,11647.210616242639
2020-09-05,10869.963807017639
2020-09-06,4437.714586207349
2020-09-07,16219.323472769116
2020-09-08,24650.87066520001
2020-09-09,21221.832283158346
2020-09-10,17891.119457345347
2020-09-11,13812.212673044596
2020-09-12,10816.683366892641
2020-09-13,21674.79508729879
2020-09-14,10790.531850612508
2020-09-15,7630.553271218139
2020-09-16,13184.171867217145
2020-09-17,5548.49737822255
2020-09-18,15226.304432988229
2020-09-19,19610.631774000012
2020-09-20,23425.059119446832
2020-09-21,27130.909647123295
2020-09-22,21947.479744102446
2020-09-23,16615.06359186666
2020-09-24,18130.159118557352
2020-09-25,20271.790786592905
2020-09-26,3528.2496250879904
2020-09-27,8614.34519977451
2020-09-28,7514.1523064073535
2020-09-29,13368.058513048023
2020-09-30,19071.424972197303
2020-10-01,4930.224455719113
2020-10-02,29084.418265946104
2020-10-03,22912.26397346522
2020-10-04,24874.583480035315
2020-10-05,24544.557876915937
2020-10-06,27938.00129317478
2020-10-07,17939.529280351722
2020-10-08,14520.225698766171
2020-10-09,18836.86039036521
2020-10-10,13807.040102022047
2020-10-11,18183.41350709437
2020-10-12,14425.073848024744
2020-10-13,9697.676919021078
2020-10-14,8671.48170563554
2020-10-15,18926.27599761469
2020-10-16,33185.61638637821
2020-10-17,27265.209251289478
2020-10-18,28721.95030359268
2020-10-19,28220.696914448046
2020-10-20,27455.894750402957
2020-10-21,23859.135875184325
2020-10-22,20318.664420254427
2020-10-23,3743.9920775705846
2020-10-24,6079.518343844358
2020-10-25,1026.7112654198531
2020-10-26,39828.69790713578
2020-10-27,47748.988112474
2020-10-28,14764.838227369364
2020-10-29,10721.297627389213
2020-10-30,23499.290402680188
2020-10-31,29063.754464327725
2020-11-01,27390.446256636522
2020-11-02,41259.641067486315
2020-11-03,35745.902640928405
2020-11-04,27868.849648700532
2020-11-05,26417.98421284708
2020-11-06,33523.356318579215
2020-11-07,39778.82511070196
2020-11-08,42878.21551974045
2020-11-09,30984.856518763754
2020-11-10,21492.603616051227
2020-11-11,15591.748244249
2020-11-12,15456.856495185537
2020-11-13,2236.8373387482843
2020-11-14,892.9249823899512
2020-11-15,0.0
2020-11-16,16507.58314685417
2020-11-17,26482.017529133092
2020-11-18,21048.766667951015
2020-11-19,926.9238092791666
2020-11-20,14958.90852080442
2020-11-21,52561.98258204141
2020-11-22,1147.0883285948528
2020-11-23,1449.0951045607842
2020-11-24,432.8300662294118
2020-11-25,7665.194313706128
2020-11-26,62622.10173353778
2020-11-27,90405.41281193921
2020-11-28,48071.06938256075
2020-11-29,20670.914033732115
2020-11-30,75141.01308970951
2020-12-01,23948.210239103897
2020-12-02,91239.59795887317
2020-12-03,87227.4040928408
2020-12-04,12837.655383635532
2020-12-05,25944.684978701953
2020-12-06,5656.685005797549
2020-12-07,18486.85941270098
2020-12-08,542.3366110620096
2020-12-09,18968.678223345574
2020-12-10,57355.639523397425
2020-12-11,7755.149714686024
2020-12-12,17779.307686587035
2020-12-13,36018.716688399756
2020-12-14,41058.50992786225
2020-12-15,16896.244332480124
2020-12-16,54634.94724619388
2020-12-17,76942.69133671206
2020-12-18,87050.52235164987
2020-12-19,88527.31693206042
2020-12-20,27944.65646946298
2020-12-21,22246.757637922066
2020-12-22,57494.27377875857
2020-12-23,58238.35851068486
2020-12-24,3544.309286699753
2020-12-25,56143.19243731201
2020-12-26,20414.822602260327
2020-12-27,33030.46086813335
2020-12-28,16068.973735213225
2020-12-29,46040.65461434586
2020-12-30,100516.75569136557
2020-12-31,77164.30161235102
2021-01-01,37985.02933143287
2021-01-02,80225.98560218677
2021-01-03,55323.040916597245
2021-01-04,44031.286737881135
2021-01-05,10218.074745168136
2021-01-06,19022.055168844352
2021-01-07,50855.84093300295
2021-01-08,12534.923778013492
2021-01-09,46291.579646773775
2021-01-10,94883.78750018096
2021-01-11,92816.06052600188
2021-01-12,87363.69472089509
2021-01-13,93881.75010492222
2021-01-14,50496.38525926493
2021-01-15,73560.35564995275
2021-01-16,90670.96559540764
2021-01-17,54374.4666533059
2021-01-18,29575.984755215686
2021-01-19,73115.92001875077
2021-01-20,81323.32252392604
2021-01-21,25946.046704104665
2021-01-22,12778.328580222545
2021-01-23,952.6963844075981
2021-01-24,113371.34989313224
2021-01-25,77277.71607483053
2021-01-26,74174.33503681887
2021-01-27,86950.50296515414
2021-01-28,57294.89997893456
2021-01-29,56426.0394107821
2021-01-30,63903.85722858799
2021-01-31,72671.15181561834
2021-02-01,24319.514982455144
2021-02-02,23412.969288010074
2021-02-03,13413.752011378192
2021-02-04,35349.72106188945
2021-02-05,74145.57230535346
2021-02-06,57530.30699268265
2021-02-07,102066.60850074104
2021-02-08,31372.081565993652
2021-02-09,10223.559806156614
2021-02-10,62227.25152087845
2021-02-11,89519.06133909132
2021-02-12,38250.667743314174
2021-02-13,9730.779455983095
2021-02-14,65358.007041162484
2021-02-15,73882.88588706614
2021-02-16,91136.39066115402
2021-02-17,80207.35214328875
2021-02-18,88557.64868737392
2021-02-19,69420.91541371212
2021-02-20,15170.334627501703
2021-02-21,9030.206864872529
2021-02-22,1680.5884094919122
2021-02-23,11704.44645670417
2021-02-24,3993.606430463725
2021-02-25,5242.267460445345
2021-02-26,199.45033568112746
2021-02-27,16077.658475716902
2021-02-28,79308.03244055151
2021-03-01,84285.02524806645
2021-03-02,56389.962540769324
2021-03-03,22256.1308520336
2021-03-04,36172.890316423276
2021-03-05,41879.24660072296
2021-03-06,28087.00245397379
2021-03-07,1305.7315403764703
2021-03-08,26986.709773064227
2021-03-09,26457.37301066203
2021-03-10,2012.054500581128
2021-03-11,0.0
2021-03-12,770.4794058154413
2021-03-13,6885.0786920458295
2021-03-14,1859.046724246323
2021-03-15,37259.91277318921
2021-03-16,1468.8230479014703
2021-03-17,14728.209882971803
2021-03-18,53504.81246719038
2021-03-19,72318.34436907167
2021-03-20,46879.02202465853
2021-03-21,522.2109704321078
2021-03-22,466.96808121249995
2021-03-23,128.32818810490198
2021-03-24,13371.384567864687
2021-03-25,30558.663455228943
2021-03-26,47591.425582863936
2021-03-27,68589.79046668272
2021-03-28,3836.8158117012263
2021-03-29,6907.902602481864
2021-03-30,18812.98481850296
2021-03-31,87077.84525128084
2021-04-01,84710.15399663243
2021-04-02,61529.00056676058
2021-04-03,91781.46831867732
2021-04-04,29935.106092987007
2021-04-05,12086.595185893624
2021-04-06,172.5210440193627
2021-04-07,29449.473406582845
2021-04-08,25819.20956004365
2021-04-09,70835.13256584336
2021-04-10,63538.64344537103
2021-04-11,19056.73180189926
2021-04-12,44138.321355236745
2021-04-13,20236.297913328177
2021-04-14,27885.61275157478
2021-04-15,2456.854789770098
2021-04-16,10988.17463903039
2021-04-17,886.3214895796569
2021-04-18,7656.97607073039
2021-04-19,76020.4134847896
2021-04-20,7993.803414789951
2021-04-21,31670.297615375763
2021-04-22,17137.813958561757
2021-04-23,40157.1178016329
2021-04-24,111338.98057329873
2021-04-25,106935.30837931363
2021-04-26,107924.7144162942
2021-04-27,101428.71346633085
2021-04-28,101990.4096904099
2021-04-29,71642.30874018552
2021-04-30,90185.48786346371
2021-05-01,95189.94059435904
2021-05-02,85274.59952369212
2021-05-03,94661.67669900725
2021-05-04,64046.35996796967
2021-05-05,8451.364572838482
2021-05-06,38459.02686574853
2021-05-07,14332.700771337246
2021-05-08,23585.467852881142
2021-05-09,49295.73253906567
2021-05-10,51184.99010182035
2021-05-11,9148.077506588472
2021-05-12,20455.183454566166
2021-05-13,23216.20013901471
2021-05-14,19578.458301949984
2021-05-15,19782.83708346715
2021-05-16,29412.21473370884
2021-05-17,15614.468199166891
2021-05-18,47147.383010909245
2021-05-19,20532.480613275
2021-05-20,53928.976309167825
2021-05-21,26450.106935146843
2021-05-22,18767.18520558456
2021-05-23,4403.5402406225485
2021-05-24,28030.286453194884
2021-05-25,45565.900250097024
2021-05-26,61722.75283305148
2021-05-27,58961.207275287015
2021-05-28,79406.64280434752
2021-05-29,64353.634218695086
2021-05-30,50807.1924192637
2021-05-31,26449.02162849339
2021-06-01,12335.914659619111
2021-06-02,40992.001613297085
2021-06-03,40138.467209139955
2021-06-04,40170.858226546916
2021-06-05,48326.681827251625
2021-06-06,68631.54072686846
2021-06-07,56013.98431697668
2021-06-08,64120.346725235555
2021-06-09,63480.60593396815
2021-06-10,56851.39994139187
2021-06-11,44655.36990537107
2021-06-12,44197.00150350043
2021-06-13,19847.664472401953
2021-06-14,16694.72556078504
2021-06-15,17890.56729574167
2021-06-16,2895.173190827206
2021-06-17,10504.950520270844
2021-06-18,7236.808038439707
2021-06-19,28336.436973136544
2021-06-20,8243.064660184322
2021-06-21,7621.884043875982
2021-06-22,24815.66998738509
2021-06-23,32334.176879697323
2021-06-24,25973.365791204185
2021-06-25,19452.41148294143
2021-06-26,11407.879746269602
2021-06-27,17843.062022437483
2021-06-28,20686.16392922624
2021-06-29,36890.283031185005
2021-06-30,28787.92117802013
2021-07-01,11386.37476696544
2021-07-02,3358.05399757941
2021-07-03,4854.563257574021
2021-07-04,12724.965201775729
2021-07-05,13078.307439098766
2021-07-06,14147.406274235047
2021-07-07,12582.53531761836
2021-07-08,28775.68675829046
2021-07-09,36782.7940300894
2021-07-10,37674.14256488992
2021-07-11,34126.1775937836
2021-07-12,7313.406514049507
2021-07-13,4240.91648494069
2021-07-14,7476.585332097549
2021-07-15,16530.293316295843
2021-07-16,27709.520219050257
2021-07-17,33953.84093045173
2021-07-18,29230.917505896796
2021-07-19,5091.50466304583
2021-07-20,2384.7437488034316
2021-07-21,1639.4453955566169
2021-07-22,4308.250935619367
2021-07-23,13169.820270714701
2021-07-24,29864.472921057815
2021-07-25,22781.959698297804
2021-07-26,22143.703249970815
2021-07-27,18418.82420457624
2021-07-28,15093.933528007105
2021-07-29,9217.493131164709
2021-07-30,5278.363365730884
2021-07-31,11267.355638882353
2021-08-01,2240.093604558335
2021-08-02,10038.758856345572
2021-08-03,6397.276033728678
2021-08-04,4587.842912474509
2021-08-05,5827.587828885293
2021-08-06,4301.354720689705
2021-08-07,4535.321086548529
2021-08-08,4301.680848909561
2021-08-09,4223.438269953677
2021-08-10,13393.151749568364
2021-08-11,15468.428431187502
2021-08-12,6421.066332697313
2021-08-13,15618.679507148294
2021-08-14,6338.049034846811
2021-08-15,5123.2165648313685
2021-08-16,18886.66844272009
2021-08-17,24747.948897005404
2021-08-18,23353.691200858586
2021-08-19,9950.475044145835
2021-08-20,7851.917473642893
2021-08-21,2304.1820545558817
2021-08-22,8356.539877593137
2021-08-23,5022.0043460191155
2021-08-24,15220.547813440182
2021-08-25,18244.729481705635
2021-08-26,13263.466891625483
2021-08-27,8443.44029860686
2021-08-28,3100.7004804590715
2021-08-29,8114.8962353455945
2021-08-30,16451.195735566907
2021-08-31,3992.5342502762264
2021-09-01,5620.61354204559
2021-09-02,22442.652779036765
2021-09-03,22245.941617578923
2021-09-04,20462.469495903926
2021-09-05,24958.264126117152
2021-09-06,25154.497865779915
2021-09-07,20640.169807085567
2021-09-08,20104.119908114197
2021-09-09,10332.155645307104
2021-09-10,7016.092653271325
2021-09-11,1814.9835212468133
2021-09-12,5868.336442593141
2021-09-13,14110.820074018138
2021-09-14,25346.981764286294
2021-09-15,13620.636673888466
2021-09-16,24499.216033014705
2021-09-17,27338.549153152693
2021-09-18,21969.14784774487
2021-09-19,24202.978299806873
2021-09-20,11763.885591104392
2021-09-21,9688.191919467403
2021-09-22,4619.280046828924
2021-09-23,8779.64915809289
2021-09-24,13835.33858189018
2021-09-25,19964.87953056398
2021-09-26,25363.24996445663
2021-09-27,21128.03479974218
2021-09-28,19443.357279174277
2021-09-29,21955.09314516078
2021-09-30,19541.51918313555
2021-10-01,12747.085900316411
2021-10-02,5409.8487419335825
2021-10-03,10819.77645408773
2021-10-04,7424.747236183574
2021-10-05,6155.895186470342
2021-10-06,15671.656407585526
2021-10-07,23142.455660309563
2021-10-08,15332.765541917877
2021-10-09,14886.503037034046
2021-10-10,4714.739607234313
2021-10-11,14806.409006667867
2021-10-12,20275.426376060812
2021-10-13,33816.60411502821
2021-10-14,44112.59972923109
2021-10-15,45896.08439393254
2021-10-16,28006.243953385296
2021-10-17,2870.661378050244
2021-10-18,6020.62500747304
2021-10-19,68684.59853895521
2021-10-20,59782.612849737714
2021-10-21,40304.62635452795
2021-10-22,7343.938296299262
2021-10-23,18034.684726627693
2021-10-24,10382.363075049749
2021-10-25,62904.4266586642
2021-10-26,82529.33255992315
2021-10-27,93340.212151159
2021-10-28,104222.7180869541
2021-10-29,60786.47773797453
2021-10-30,90360.98473935899
2021-10-31,50222.929742241715
2021-11-01,58882.21656870388
2021-11-02,38730.04031594906
2021-11-03,62134.89438348306
2021-11-04,24922.397402314957
2021-11-05,12320.612875159053
2021-11-06,84712.80134323696
2021-11-07,87482.99983518902
2021-11-08,92355.64415157515
2021-11-09,77707.99893132836
2021-11-10,71947.84570506669
2021-11-11,86429.25431463917
2021-11-12,77531.16353233729
2021-11-13,84209.27069645948
2021-11-14,34765.51391391617
2021-11-15,77314.95715499896
2021-11-16,69164.03196313609
2021-11-17,33862.27414906399
2021-11-18,1533.1492287460783
2021-11-19,71758.1044521402
2021-11-20,74066.00150983722
2021-11-21,60345.17596987058
2021-11-22,72500.25438371788
2021-11-23,61295.598774786755
2021-11-24,32485.6955497983
2021-11-25,27209.13100359485
2021-11-26,58727.802025623096
2021-11-27,16310.078990578208
2021-11-28,41524.861510916875
2021-11-29,36699.4062607076
2021-11-30,24436.650695003944
2021-12-01,30966.537509430415
2021-12-02,39375.35544928709
2021-12-03,52907.36732961604
2021-12-04,41107.370635511084
2021-12-05,8659.664164695345
2021-12-06,53151.096452510916
2021-12-07,71073.99227553273
2021-12-08,46518.772241006016
2021-12-09,48268.68412626815
2021-12-10,86946.66829143345
2021-12-11,67547.23546708269
2021-12-12,41431.78524564826
2021-12-13,19316.715359604892
2021-12-14,2070.961608111275
2021-12-15,30434.647424958315
2021-12-16,15564.762857702932
2021-12-17,54054.74727904468
2021-12-18,52900.737852792474
2021-12-19,59400.778364958656
2021-12-20,35481.3146230032
2021-12-21,65724.41821053602
2021-12-22,34151.373773127474
2021-12-23,32794.97827908386
2021-12-24,58410.36755874819
2021-12-25,17696.033842215213
2021-12-26,14487.501551115192
2021-12-27,8688.45575614044
2021-12-28,71192.57393712354
2021-12-29,66676.89591713346
2021-12-30,43349.783131586526
2021-12-31,50998.93869509953
2022-01-01,12033.467712463464
2022-01-02,9561.690242205637
2022-01-03,11642.285214961528
2022-01-04,4548.409715126471
2022-01-05,0.2587178171568627
2022-01-06,36429.041895126174
2022-01-07,268.949936947549
2022-01-08,113.80383143431371
2022-01-09,25425.880133140934
2022-01-10,17281.442457605885
2022-01-11,112343.72300688288
2022-01-12,59416.7798517731
2022-01-13,33099.704092965185
2022-01-14,64496.04416616618
2022-01-15,73919.29733025434
2022-01-16,30234.79510689536
2022-01-17,11145.823127716174
2022-01-18,53455.55640582819
2022-01-19,3398.280644111274
2022-01-20,74455.22432528016
2022-01-21,31945.205956044152
2022-01-22,23503.97611442448
2022-01-23,3567.0754563938717
2022-01-24,43965.60221801417
2022-01-25,68247.16770858479
2022-01-26,54925.779224688515
2022-01-27,101391.21750657626
2022-01-28,41123.118106504924
2022-01-29,38826.50131076619
2022-01-30,41823.90431689755
2022-01-31,37320.53586327448
2022-02-01,81449.01372509413
2022-02-02,6594.858434895099
2022-02-03,26647.99528931247
2022-02-04,41725.23874141718
2022-02-05,121650.83912742286
2022-02-06,653.0933019769608
2022-02-07,36431.65967992376
2022-02-08,29409.10178050639
2022-02-09,29336.96520949264
2022-02-10,55507.98603585317
2022-02-11,63012.476346005664
2022-02-12,102372.46444702012
2022-02-13,25166.66615104534
2022-02-14,34799.459666552946
2022-02-15,16967.773733205384
2022-02-16,48228.76531363005
2022-02-17,56498.40148255313
2022-02-18,11289.101189106854
2022-02-19,62215.948464850095
2022-02-20,59367.60054521633
2022-02-21,104637.7051367893
2022-02-22,1561.2585144595587
2022-02-23,2113.2952656862753
2022-02-24,9034.07532786029
2022-02-25,20183.5834125902
2022-02-26,15859.818754713482
2022-02-27,69605.66104410279
2022-02-28,64657.3215232841
2022-03-01,10501.246308461026
2022-03-02,38645.869984707155
2022-03-03,1691.078370079657
2022-03-04,65993.9303721664
2022-03-05,61940.01172570301
2022-03-06,767.5439619240194
2022-03-07,637.0528932419119
2022-03-08,24308.850616042917
2022-03-09,23756.466029874995
2022-03-10,55631.986137699896
2022-03-11,105609.06037584982
2022-03-12,14972.244798605387
2022-03-13,70701.88179586364
2022-03-14,51103.75679994578
2022-03-15,28787.110470260577
2022-03-16,93753.7715609413
2022-03-17,103147.5636505873
2022-03-18,65311.04976193084
2022-03-19,22452.34162099632
2022-03-20,20344.43721573922
2022-03-21,59694.75534149233
2022-03-22,75189.02622139508
2022-03-23,52396.11554067153
2022-03-24,21454.982359351452
2022-03-25,75164.9438449745
2022-03-26,101486.77396113682
2022-03-27,61650.26896016023
2022-03-28,28705.332999017886
2022-03-29,56908.64419673064
2022-03-30,64493.21613400701
2022-03-31,59315.768513467585
2022-04-01,92690.0337170719
2022-04-02,63224.77003946269
2022-04-03,30286.977805008337
2022-04-04,79682.5894976766
2022-04-05,84778.56870710634
2022-04-06,89482.32949777218
2022-04-07,77573.97400084946
2022-04-08,83219.87945115993
2022-04-09,15684.285749299483
2022-04-10,72043.98310572583
2022-04-11,68062.35303096882
2022-04-12,8342.43990280515
2022-04-13,5444.37582161912
2022-04-14,29591.130527044614
2022-04-15,62313.81913089385
2022-04-16,65743.1209864368
2022-04-17,76412.81368866921
2022-04-18,72060.0992974761
2022-04-19,29528.387514992417
2022-04-20,23889.71490266273
2022-04-21,2792.464065657353
2022-04-22,13305.4757557245
2022-04-23,20937.706781376724
2022-04-24,45610.16732804629
2022-04-25,16731.764521570327
2022-04-26,66828.38466600758
2022-04-27,59508.11868410781
2022-04-28,38871.539592955334
2022-04-29,37318.93415304896
2022-04-30,49658.50208237545
2022-05-01,63257.64151171956
2022-05-02,62381.3759944257
2022-05-03,13597.704757838219
2022-05-04,10207.677226355623
2022-05-05,33527.51155415589
2022-05-06,19227.055440206885
2022-05-07,36906.770968456425
2022-05-08,41601.05053660274
2022-05-09,43395.26758196493
2022-05-10,46356.34591607965
2022-05-11,21433.682943571846
2022-05-12,35999.02862746694
2022-05-13,34807.51389838902
2022-05-14,40389.240294778836
2022-05-15,17440.723168415443
2022-05-16,13069.135295326954
2022-05-17,25864.766586949758
2022-05-18,20410.718063475764
2022-05-19,29024.976174062525
2022-05-20,2427.435723367402
2022-05-21,14964.698359419108
2022-05-22,18899.349347458578
2022-05-23,11334.041573524737
2022-05-24,16724.87594287819
2022-05-25,34904.3780650179
2022-05-26,44819.82777171443
2022-05-27,27683.528688234815
2022-05-28,5548.609499509066
2022-05-29,14101.672288302923
2022-05-30,12286.190263333088
2022-05-31,12844.781994544353
2022-06-01,5930.383433817891
2022-06-02,15443.608546831612
2022-06-03,19278.124215893393
2022-06-04,22642.07881250052
2022-06-05,14576.465740436272
2022-06-06,22767.75728847354
2022-06-07,20301.019379883084
2022-06-08,10258.885591431866
2022-06-09,19071.267503455158
2022-06-10,8109.064179608329
2022-06-11,12321.048408490677
2022-06-12,4442.893372431863
2022-06-13,13041.397675559063
2022-06-14,30940.05812476715
2022-06-15,30822.09518332992
2022-06-16,16095.683212787995
2022-06-17,11175.979340617156
2022-06-18,5055.155083849753
2022-06-19,4541.541342648039
2022-06-20,5365.061616626472
2022-06-21,2352.5526592526944
2022-06-22,5742.470086394369
2022-06-23,38532.86618601931
2022-06-24,48163.00999790218
2022-06-25,49916.17277491297
2022-06-26,35666.63444288205
2022-06-27,31520.814541326283
2022-06-28,37439.23404142468
2022-06-29,31428.634823059812
2022-06-30,36227.35275554278
2022-07-01,27996.84936026813
2022-07-02,33088.654766658095
2022-07-03,25272.923945294366
2022-07-04,28295.93207138162
2022-07-05,14307.23778138995
2022-07-06,5100.291346197053
2022-07-07,4781.428040993144
2022-07-08,15950.774754662014
2022-07-09,5270.373031956863
2022-07-10,4780.3329899048995
2022-07-11,2665.3104171441187
2022-07-12,6739.619946340441
2022-07-13,3776.8156451455875
2022-07-14,1288.915819348529
2022-07-15,3837.544499484803
2022-07-16,1935.263042092402
2022-07-17,11244.333655973036
2022-07-18,26392.418350873304
2022-07-19,20529.70718070296
2022-07-20,20455.303981362762
2022-07-21,16645.196913788724
2022-07-22,19299.284770147297
2022-07-23,18190.782221816917
2022-07-24,10351.758755275736
2022-07-25,3013.997776868381
2022-07-26,9756.918479726222
2022-07-27,14461.434916599022
2022-07-28,6316.432517984069
2022-07-29,9629.292802323776
2022-07-30,3503.6988092916654
2022-07-31,2869.2055897279415
2022-08-01,446.62964997843136
2022-08-02,16788.306150770324
2022-08-03,12272.009303613228
2022-08-04,8127.441711080151
2022-08-05,4945.975531685296
2022-08-06,1386.1920334436268
2022-08-07,10711.180128490425
2022-08-08,4385.215614157353
2022-08-09,8590.31899477598
2022-08-10,4376.288081140198
2022-08-11,9603.62402793799
2022-08-12,4195.54430709044
2022-08-13,4038.9621515901968
2022-08-14,15032.103750370094
2022-08-15,1062.3185617710785
2022-08-16,2432.437243591912
2022-08-17,933.4451682674023
2022-08-18,4759.416188864212
2022-08-19,16127.653609972778
2022-08-20,8387.105487119612
2022-08-21,4626.552118137989
2022-08-22,5985.380806100984
2022-08-23,3533.8781523779417
2022-08-24,1187.4948318125
2022-08-25,3942.196109281128
2022-08-26,1079.8869645269615
2022-08-27,3971.8292674691197
2022-08-28,7919.1706153544155
2022-08-29,6057.466759832601
2022-08-30,16295.16499421446
2022-08-31,14298.74796973431
2022-09-01,13835.849546910526
2022-09-02,18009.802559266667
2022-09-03,18023.3439609478
2022-09-04,19268.998822721576
2022-09-05,15947.034169528919
2022-09-06,17868.005881954403
2022-09-07,16178.255432179896
2022-09-08,16120.210699589445
2022-09-09,11004.149621634793
2022-09-10,12731.971992347057
2022-09-11,3082.3561488227924
2022-09-12,6708.619643770342
2022-09-13,13321.173033058085
2022-09-14,7940.332623835787
2022-09-15,18415.861883724494
2022-09-16,15303.91322649729
2022-09-17,5624.956404799998
2022-09-18,26109.84819705271
2022-09-19,24511.452872796825
2022-09-20,20984.95530236959
2022-09-21,4843.765526925492
2022-09-22,14739.423280208557
2022-09-23,17116.946234781117
2022-09-24,8261.735471457603
2022-09-25,699.7588309629905
2022-09-26,48603.44872599846
2022-09-27,47919.300211216825
2022-09-28,16204.488261073275
2022-09-29,24344.541403863695
2022-09-30,26841.460458396858
2022-10-01,11732.980051777684
2022-10-02,10504.376820179157
2022-10-03,23768.014067976485
2022-10-04,17746.489459496563
2022-10-05,32737.199660940187
2022-10-06,14057.578914849993
2022-10-07,25342.602120768912
2022-10-08,41443.008211572684
2022-10-09,39103.36496101164
2022-10-10,18713.14602654043
2022-10-11,-9999
2022-10-12,-9999
2022-10-13,-9999
2022-10-14,-9999
2022-10-15,-9999
2022-10-16,-9999
2022-10-17,-9999
2022-10-18,-9999
2022-10-19,-9999
2022-10-20,-9999
2022-10-21,-9999
2022-10-22,-9999
2022-10-23,0.0
2022-10-24,62534.955613191145
2022-10-25,43736.872980949025
2022-10-26,39296.10670898571
2022-10-27,30765.834914161325
2022-10-28,36326.16510320009
2022-10-29,52478.61593014533
2022-10-30,37149.71175332748
2022-10-31,19428.020329613748
2022-11-01,17854.004003997296
2022-11-02,22396.299309740458
2022-11-03,36522.89946597136
2022-11-04,21561.91565007085
2022-11-05,12221.155097925248
2022-11-06,915.7220117252455
2022-11-07,4146.779588180145
2022-11-08,44548.30813582725
2022-11-09,1225.4320805791663
2022-11-10,57901.53881977377
2022-11-11,59007.2155473189
2022-11-12,88364.82850032442
2022-11-13,2181.550663200736
2022-11-14,3902.321530279412
2022-11-15,89629.2272145443
2022-11-16,46631.56685800941
2022-11-17,95473.87675997819
2022-11-18,26314.13320524145
2022-11-19,8790.392438704412
2022-11-20,48570.843702473
2022-11-21,79538.69176893447
2022-11-22,89248.29062299454
2022-11-23,77238.48089945353
2022-11-24,95555.56581771464
2022-11-25,75059.57719612679
2022-11-26,53389.31383340293
2022-11-27,94511.51808179055
2022-11-28,80242.47330009565
2022-11-29,57786.4020485846
2022-11-30,68047.18079217646
2022-12-01,71283.4552426938
2022-12-02,11193.94823279018
2022-12-03,23839.994482898794
2022-12-04,55281.19268945
2022-12-05,26457.585649905388
2022-12-06,23633.007507872055
2022-12-07,41864.22088943749
2022-12-08,2422.973152629412
2022-12-09,1643.6814924443624
2022-12-10,11354.440099899262
2022-12-11,17118.419241809064
2022-12-12,4650.734741332108
2022-12-13,58944.60148506909
2022-12-14,42454.028595643176
2022-12-15,69500.67621651747
2022-12-16,55159.466923336375
2022-12-17,65552.44910517114
2022-12-18,65285.73204504958
2022-12-19,33643.88476137304
2022-12-20,67122.79744841211
2022-12-21,72560.62182778896
2022-12-22,50799.50415380399
2022-12-23,11116.6466264848
2022-12-24,39158.98276996253
2022-12-25,63174.0522062528
2022-12-26,9176.659001567647
2022-12-27,53923.57520008855
2022-12-28,61245.333322088074
2022-12-29,1585.685707441912
2022-12-30,40285.43334028045
2022-12-31,74310.55095219014
2023-01-01,86145.3400303891
2023-01-02,66431.6612279533
2023-01-03,65429.031909343896
2023-01-04,83295.20317597143
2023-01-05,56416.807923891996
2023-01-06,22453.9540602657
2023-01-07,3802.2394720080897
2023-01-08,9686.72596494853
2023-01-09,3244.639712025245
2023-01-10,21953.279909787023
2023-01-11,65.43599663897058
2023-01-12,15965.142381638247
2023-01-13,6716.686138855396
2023-01-14,49028.299458659814
2023-01-15,47059.23843330953
2023-01-16,75362.3433085952
2023-01-17,56446.94792363895
2023-01-18,55259.536909100476
2023-01-19,17659.031409300485
2023-01-20,21023.193073176215
2023-01-21,14183.327602141422
2023-01-22,39102.94518272379
2023-01-23,16059.1314702576
2023-01-24,3634.8372824960775
2023-01-25,4695.68500667059
2023-01-26,43913.641955779625
2023-01-27,72722.49787227606
2023-01-28,2178.9422856730394
2023-01-29,175.9627865
2023-01-30,82.03488585367647
2023-01-31,28260.80463888234
2023-02-01,45931.73851491551
2023-02-02,7734.501715703428
2023-02-03,30911.004006399766
2023-02-04,37406.8008663027
2023-02-05,39759.20357129805
2023-02-06,6814.250668926226
2023-02-07,69722.36634837203
2023-02-08,32883.1036236022
2023-02-09,110.8154559122549
2023-02-10,1020.8185384862745
2023-02-11,6485.278283627696
2023-02-12,62057.93359972255
2023-02-13,81474.27323407652
2023-02-14,15521.574976502941
2023-02-15,28160.378633765955
2023-02-16,3632.724451651471
2023-02-17,6949.24458662524
2023-02-18,16207.14664262695
2023-02-19,2662.9989408563724
2023-02-20,3785.295741469607
2023-02-21,76808.33682792302
2023-02-22,73780.80548174737
2023-02-23,104789.62328879633
2023-02-24,72244.32534360248
2023-02-25,75664.56938624312
2023-02-26,5179.424611905389
2023-02-27,63373.426258112726
2023-02-28,11223.215963073526
2023-03-01,11728.30354653235
2023-03-02,4870.757107378184
2023-03-03,23219.872427108356
2023-03-04,30732.688255596793
2023-03-05,28812.06698060516
2023-03-06,91709.13759055335
2023-03-07,93949.00348804571
2023-03-08,89935.76289812707
2023-03-09,110348.9015530754
2023-03-10,100514.73682332531
2023-03-11,106506.2769358984
2023-03-12,90216.49936731438
2023-03-13,70964.4699269967
2023-03-14,92708.12106537893
2023-03-15,82288.42213479165
2023-03-16,55936.99154522978
2023-03-17,7492.147712372546
2023-03-18,20056.60912109069
2023-03-19,18962.78898983382
2023-03-20,9746.40678584755
2023-03-21,21147.48081092324
2023-03-22,37189.17102591933
2023-03-23,8848.586180299268
2023-03-24,2687.2559607512276
2023-03-25,489.3700828855393
2023-03-26,51498.04421001291
2023-03-27,61997.290097176854
2023-03-28,77453.51160800911
2023-03-29,27694.197696455663
2023-03-30,26185.412175193414
2023-03-31,7630.207163765688
2023-04-01,2637.521319301472
2023-04-02,57181.33565178229
2023-04-03,1384.5331962708328
2023-04-04,6483.87231717304
2023-04-05,44677.53688378958
2023-04-06,4933.980176747059
2023-04-07,80357.14683012017
2023-04-08,92070.86403823095
2023-04-09,92878.84327460255
2023-04-10,70776.63208041145
2023-04-11,48448.534685210485
2023-04-12,52872.951421111946
2023-04-13,82579.11165380818
2023-04-14,91900.7288447149
2023-04-15,79362.73214965712
2023-04-16,14003.341439552923
2023-04-17,18049.174353694132
2023-04-18,2441.60727457402
2023-04-19,171.85517811911765
2023-04-20,2375.077725552451
2023-04-21,15684.640080135778
2023-04-22,43894.602171892715
2023-04-23,107205.69184187158
2023-04-24,107943.71452565404
2023-04-25,98484.34021934542
2023-04-26,61388.893249620254
2023-04-27,10300.613190082835
2023-04-28,37506.51271158431
2023-04-29,58806.85355804054
2023-04-30,87619.82881978073
2023-05-01,40926.63066678287
2023-05-02,7068.851521898043
2023-05-03,36258.79254074461
2023-05-04,23336.940599028207
2023-05-05,24669.431391018632
2023-05-06,5731.428410836767
2023-05-07,6225.680432239464
2023-05-08,12850.981362537746
2023-05-09,24892.118111779157
2023-05-10,91508.99698205547
2023-05-11,98393.54995394195
2023-05-12,57687.13871782058
2023-05-13,22456.192150594597
2023-05-14,19651.658378356384
2023-05-15,54777.58661649844
2023-05-16,49856.4211361495
2023-05-17,73964.85292949123
2023-05-18,2517.4064900735298
2023-05-19,65428.36854598158
2023-05-20,76931.68228594454
2023-05-21,73485.53075670893
2023-05-22,71804.09771618192
2023-05-23,4355.145874369608
2023-05-24,11684.078623376221
2023-05-25,29117.457722757845
2023-05-26,9097.872598747297
2023-05-27,46065.43371184658
2023-05-28,46780.33982927187
2023-05-29,24001.004400120368
2023-05-30,1664.4812187387251
2023-05-31,1838.4315292303925
2023-06-01,1379.9516246563717
2023-06-02,14861.04872914731
2023-06-03,31289.244606983357
2023-06-04,54066.38930837026
2023-06-05,52249.98144248915
2023-06-06,17927.359508933558
2023-06-07,17254.46172306224
2023-06-08,54536.63157543263
2023-06-09,65241.675237330615
2023-06-10,53959.88324940539
2023-06-11,33216.42254355908
2023-06-12,42284.745056915635
2023-06-13,29195.364191715722
2023-06-14,10663.184033555628
2023-06-15,29434.49808081596
2023-06-16,46741.843935277204
2023-06-17,41685.1987809201
2023-06-18,56117.22901834042
2023-06-19,55937.493280517716
2023-06-20,60538.97912402699
2023-06-21,64525.4538381572
2023-06-22,54644.21783673379
2023-06-23,60348.00569204512
2023-06-24,49120.3416084845
2023-06-25,48470.12807745559
2023-06-26,5931.990799759801
2023-06-27,18895.53348536127
2023-06-28,14639.97152225195
2023-06-29,12141.29903237597
2023-06-30,16375.321372991166
2023-07-01,19021.57498411839
2023-07-02,36134.5406534757
2023-07-03,33383.36784012282
2023-07-04,12458.286653679635
2023-07-05,3296.2439709166674
2023-07-06,4094.8707748276956
2023-07-07,1556.9405135009806
2023-07-08,2365.4175788406856
2023-07-09,5807.36222931838
2023-07-10,10390.585196733082
2023-07-11,35860.919416043376
2023-07-12,35421.72292769855
2023-07-13,36844.52369417253
2023-07-14,39467.09294056275
2023-07-15,20203.85938451398
2023-07-16,5243.775374698777
2023-07-17,11618.154535872558
2023-07-18,28183.6215315667
2023-07-19,24031.349256547554
2023-07-20,870.4697323669118
2023-07-21,6331.104645220101
2023-07-22,5632.743698004165
2023-07-23,2276.280135530147
2023-07-24,10941.419113340198
2023-07-25,6478.144958245345
2023-07-26,16259.800485118121
2023-07-27,6450.580431190686
2023-07-28,2134.22461702353
2023-07-29,648.9930537598037
2023-07-30,14471.545388484305
2023-07-31,8253.302881632839
2023-08-01,13858.226213456612
2023-08-02,17507.591377689485
2023-08-03,3353.9532308558837
2023-08-04,14375.321908088725
2023-08-05,8662.115761072291
2023-08-06,5794.025332964702
2023-08-07,2823.8095588024507
2023-08-08,27291.507347128172
2023-08-09,20655.37109489831
2023-08-10,16834.244422375
2023-08-11,8785.99786267059
2023-08-12,19784.565649316668
2023-08-13,22891.248528240678
2023-08-14,9569.491270986025
2023-08-15,15075.580949395593
2023-08-16,16273.820179826465
2023-08-17,11774.57507224092
2023-08-18,8280.361731550001
2023-08-19,14117.097111483587
2023-08-20,15104.957330971576
2023-08-21,18332.110510957355
2023-08-22,16090.134500592147
2023-08-23,8711.372163184076
2023-08-24,921.8593099894608
2023-08-25,1368.233984991177
2023-08-26,2664.2024983928923
2023-08-27,7539.213037689452
2023-08-28,10708.39733138872
2023-08-29,22450.76725667011
2023-08-30,25720.350345086532
2023-08-31,24887.2185279201
2023-09-01,26678.61417652059
2023-09-02,11795.660294209796
2023-09-03,9179.796934660295
2023-09-04,17331.236783577948
2023-09-05,12178.257845512004
2023-09-06,7912.495593261029
2023-09-07,15778.984035070076
2023-09-08,20259.448722328445
2023-09-09,16703.079835772067
2023-09-10,23245.46090409805
2023-09-11,19880.18205909781
2023-09-12,20799.356136062044
2023-09-13,22681.34686214437
2023-09-14,17448.251131104174
2023-09-15,14167.671842147289
2023-09-16,8089.100995561272
2023-09-17,7866.882828128677
2023-09-18,3280.7319325340704
2023-09-19,15405.070860733811
2023-09-20,9634.580142602212
2023-09-21,7830.551979051958
2023-09-22,8029.405801388725
2023-09-23,13944.69136695147
2023-09-24,5649.153960859315
2023-09-25,3171.9500585502437
2023-09-26,29809.219817078898
2023-09-27,31021.630606689472
2023-09-28,25437.00358289462
2023-09-29,7261.47002771201
2023-09-30,3795.185132661765
2023-10-01,26091.143407010775
2023-10-02,3973.023083913481
2023-10-03,34388.774869197114
2023-10-04,34106.25141538748
2023-10-05,35704.2583370904
2023-10-06,30236.69779097499
2023-10-07,8265.803244195838
2023-10-08,24185.78943784559
2023-10-09,8543.199315739956
2023-10-10,23103.2823201495
2023-10-11,67630.60667340459
2023-10-12,54469.750626453395
2023-10-13,39860.051985630285
2023-10-14,18334.382977537025
2023-10-15,10394.83831494559
2023-10-16,6091.447658292893
2023-10-17,298.8261232147059
2023-10-18,59044.22471524553
2023-10-19,49058.259445914184
2023-10-20,51949.979768544836
2023-10-21,57047.24343731098
2023-10-22,14173.76819636517
2023-10-23,54015.942950014956
2023-10-24,22084.62498199242
2023-10-25,59067.028273764474
2023-10-26,65921.65878030976
2023-10-27,47981.03138058676
2023-10-28,55523.90750589016
2023-10-29,26838.84518404216
2023-10-30,55040.856549707336
2023-10-31,61425.386338217184
2023-11-01,17418.798677137987
2023-11-02,20796.47374070512
2023-11-03,58830.50654665271
2023-11-04,59917.63965694999
2023-11-05,59870.505661771334
2023-11-06,28138.836779109315
2023-11-07,47445.58224062332
2023-11-08,23032.89828675176
2023-11-09,15129.449640718882
2023-11-10,7519.312254367157
2023-11-11,75013.52678089288
2023-11-12,67718.69529079947
2023-11-13,48130.54604228627
2023-11-14,40835.42264598648
2023-11-15,48164.52240226977
2023-11-16,43070.48144680563
2023-11-17,58120.698375319575
2023-11-18,31124.254954987537
2023-11-19,17012.464422047058
2023-11-20,39137.61276953424
2023-11-21,50695.891158122264
2023-11-22,54048.26866241783
2023-11-23,12350.580261253932
2023-11-24,42767.211701531654
2023-11-25,14575.00032369585
2023-11-26,10944.047361073779
2023-11-27,1433.430738026225
2023-11-28,50393.52018423509
2023-11-29,10436.631856627942
2023-11-30,21828.97454200982
2023-12-01,24116.29413038112
2023-12-02,48754.034269636046
2023-12-03,21560.160463091917
2023-12-04,72896.95044456361
2023-12-05,63770.98386267045
2023-12-06,67667.83364384498
2023-12-07,45026.46646034319
2023-12-08,30629.038601799984
2023-12-09,22336.054175119836
2023-12-10,49230.942934491955
2023-12-11,17931.328989016383
2023-12-12,19221.111064992132
2023-12-13,23601.772973776926
2023-12-14,21610.904664923044
2023-12-15,35752.81959496988
2023-12-16,15814.454157754652
2023-12-17,32587.898664671335
2023-12-18,60417.08398584176
2023-12-19,43580.23934181667
2023-12-20,31864.44885667282
2023-12-21,53114.76928790223
2023-12-22,39049.36750117965
2023-12-23,3524.7296618156884
2023-12-24,17066.382985318625
2023-12-25,73994.92333388115
2023-12-26,40810.82933808759
2023-12-27,44193.61947500713
2023-12-28,58882.9716598077
2023-12-29,43523.79669994542
2023-12-30,12946.153077984796
2023-12-31,27323.889781779155
2024-01-01,52079.667809011335
2024-01-02,44480.242952090535
2024-01-03,32827.89339887792
2024-01-04,14117.623668974984
2024-01-05,1323.746312127941
2024-01-06,43929.00807012484
2024-01-07,22562.04324514462
2024-01-08,12847.423037532355
2024-01-09,39229.81664826846
2024-01-10,31682.83653307551
2024-01-11,30217.492361281133
2024-01-12,2118.681654292157
2024-01-13,9398.662083598774
2024-01-14,44624.733375118856
2024-01-15,17469.04987217891
2024-01-16,32523.762600517657
2024-01-17,24879.225197030155
2024-01-18,49820.29958033652
2024-01-19,37564.0048877714
2024-01-20,32641.298193599006
2024-01-21,47990.626148847456
2024-01-22,19715.74317542965
2024-01-23,33382.140794899016
2024-01-24,29112.84773524066
2024-01-25,32919.047237436
2024-01-26,2376.3644363007356
2024-01-27,51749.87507911522
2024-01-28,8766.677219743142
2024-01-29,3746.230012035538
2024-01-30,8552.146757898534
2024-01-31,752.8291578857844
2024-02-01,24396.7523923137
2024-02-02,58399.50947478549
2024-02-03,74.61970402843137
2024-02-04,7225.740072939216
2024-02-05,47957.41631174216
2024-02-06,79166.16852164996
2024-02-07,23513.892759516428
2024-02-08,71316.36446922329
2024-02-09,87147.89462981398
2024-02-10,59370.55642957722
2024-02-11,80297.19646470246
2024-02-12,12536.016598640685
2024-02-13,63562.65096230342
2024-02-14,83949.31603065493
2024-02-15,55517.7253813306
2024-02-16,64737.303604076675
2024-02-17,534.6437358404411
2024-02-18,157.9681316875
2024-02-19,59.0194973507353
2024-02-20,9082.38154303112
2024-02-21,59073.48040394561
2024-02-22,29685.097946299506
2024-02-23,82478.37835413752
2024-02-24,32249.741102980886
2024-02-25,48015.36863801962
2024-02-26,4012.317902395343
2024-02-27,20179.594189215444
2024-02-28,34468.193739995586
2024-02-29,10972.36056012793
2024-03-01,1731.915902458333
2024-03-02,1293.9530074781862
2024-03-03,23036.425758370828
2024-03-04,46627.40298671539
2024-03-05,10010.820777787265
2024-03-06,24201.33355608651
2024-03-07,4497.735985891176
2024-03-08,25998.32262115125
2024-03-09,94208.96503120796
2024-03-10,11188.77620513381
2024-03-11,18497.522627523045
2024-03-12,33285.61127522232
2024-03-13,1231.4392040754901
2024-03-14,38786.12064776176
2024-03-15,89742.75888570563
2024-03-16,85599.69070401814
2024-03-17,81096.63236449615
2024-03-18,61584.97267142387
2024-03-19,99738.15584572917
2024-03-20,107011.16769628091
2024-03-21,40630.99887773651
2024-03-22,9609.90889478822
2024-03-23,95668.73802930696
2024-03-24,19793.273647437763
2024-03-25,92882.30058039236
2024-03-26,17664.025432524024
2024-03-27,20347.846731749727
2024-03-28,7841.16048350931
2024-03-29,2711.499264137009
2024-03-30,4613.342418061517
2024-03-31,37594.12605358723
2024-04-01,60493.619896273594
2024-04-02,85625.95246625748
2024-04-03,8139.265303626466
2024-04-04,54448.90308011303
2024-04-05,31758.312358588984
2024-04-06,72213.68850833837
2024-04-07,63531.49640586147
2024-04-08,96542.67233644222
2024-04-09,101269.33459052612
2024-04-10,39782.62497697985
2024-04-11,21359.110718340435
2024-04-12,61586.59991308599
2024-04-13,12140.766154708064
2024-04-14,10624.46482230465
2024-04-15,832.7191242132351
2024-04-16,51588.2520605811
2024-04-17,85523.58490984996
2024-04-18,12145.011661530885
2024-04-19,18167.330624952683
2024-04-20,5775.924553279169
2024-04-21,58977.88147110403
2024-04-22,60845.1546701102
2024-04-23,64509.14277588696
2024-04-24,64039.018773698546
2024-04-25,84045.5327088785
2024-04-26,33270.13544115174
2024-04-27,872.379446272549
2024-04-28,12467.861323438956
2024-04-29,2343.7446194938725
2024-04-30,42060.600731126404
2024-05-01,46598.589857133215
2024-05-02,91370.27410615889
2024-05-03,14745.913729290201
2024-05-04,4478.150118116421
2024-05-05,64885.46065521633
2024-05-06,66884.69717720486
2024-05-07,85336.85384813759
2024-05-08,88415.2744475261
2024-05-09,93603.41883326576
2024-05-10,47453.89433769113
2024-05-11,33843.32076460491
2024-05-12,5276.82074239314
2024-05-13,57258.2050432818
2024-05-14,83312.86000672486
2024-05-15,77611.29933663177
2024-05-16,83841.5119174285
2024-05-17,67471.28964265119
2024-05-18,50987.7927383752
2024-05-19,30727.927393972815
2024-05-20,35322.3787934642
2024-05-21,73949.69231729212
2024-05-22,66951.73906273476
2024-05-23,68559.93181354605
2024-05-24,40566.232697671214
2024-05-25,44488.82310084331
2024-05-26,47241.11332254333
2024-05-27,56479.91809798648
2024-05-28,51590.096561993596
2024-05-29,25237.268321519387
2024-05-30,18005.480508987006
2024-05-31,20386.846559054175
2024-06-01,22453.23106301715
2024-06-02,42178.98911819601
2024-06-03,51268.73668493549
2024-06-04,30379.87320755491
2024-06-05,7608.813755347797
2024-06-06,15493.864339561258
2024-06-07,6536.644187430395
2024-06-08,3769.397241356865
2024-06-09,36548.10089150859
2024-06-10,34063.3638498152
2024-06-11,43418.17799425756
2024-06-12,40704.12571224407
2024-06-13,27807.400680886807
2024-06-14,33581.63706563897
2024-06-15,26037.877504021082
2024-06-16,46784.76716968031
2024-06-17,26543.40658185
2024-06-18,19305.670304497067
2024-06-19,15502.271568657088
2024-06-20,3764.9504299061296
2024-06-21,2343.52754513946
2024-06-22,3395.1765995718133
2024-06-23,14032.006814153423
2024-06-24,13045.352428358328
2024-06-25,27275.890132427954
2024-06-26,22981.661568180145
2024-06-27,22098.161057714216
2024-06-28,33989.149852631395
2024-06-29,14348.987494815434
2024-06-30,22138.90459324513
2024-07-01,32614.38024515443
2024-07-02,15831.239704724283
2024-07-03,33178.480248736545
2024-07-04,31498.74425997059
2024-07-05,11499.266790442396
2024-07-06,11974.090242661288
2024-07-07,11619.79471770956
2024-07-08,15519.015430425492
2024-07-09,17865.55025768016
2024-07-10,14453.874706554394
2024-07-11,16213.257243415675
2024-07-12,9466.383799954163
2024-07-13,4697.509519157353
2024-07-14,3171.207550344853
2024-07-15,12936.426204039444
2024-07-16,12850.057178490924
2024-07-17,16866.020236514938
2024-07-18,4996.001478059068
2024-07-19,9063.606236453166
2024-07-20,15612.584982676703
2024-07-21,16477.422301657112
2024-07-22,11792.693579244613
2024-07-23,7996.735345514218
2024-07-24,5846.581839401225
2024-07-25,17438.656132261778
2024-07-26,18857.35001959975
2024-07-27,18762.522865498053
2024-07-28,22378.7975823429
2024-07-29,13933.808321508575
2024-07-30,4453.079478829902
2024-07-31,5318.654645311518
2024-08-01,12124.537644207106
2024-08-02,9619.301003605387
2024-08-03,10250.827815182098
2024-08-04,5300.440511506615
2024-08-05,5877.202450938976
2024-08-06,13383.651902523523
2024-08-07,6292.940545531369
2024-08-08,12837.83580850612
2024-08-09,19162.933948960315
2024-08-10,16501.780234722788
2024-08-11,9944.902680620346
2024-08-12,17532.015980550983
2024-08-13,15723.162976175241
2024-08-14,20210.69509007454
2024-08-15,8089.434300011027
2024-08-16,2658.5896823664225
2024-08-17,4095.016667255394
2024-08-18,3685.3447406622536
2024-08-19,6045.299337586278
2024-08-20,9388.30112718529
2024-08-21,3594.2303960384825
2024-08-22,9139.053337976233
2024-08-23,13168.54159359338
2024-08-24,13286.095552812994
2024-08-25,8491.786488859312
2024-08-26,9746.647344505152
2024-08-27,4174.22850103848
2024-08-28,2239.702866513235
2024-08-29,915.3865427637255
2024-08-30,2475.414449019607
2024-08-31,9555.909535183582
2024-09-01,5774.938077165932
2024-09-02,5214.787308961028
2024-09-03,3350.9053862007354
2024-09-04,9997.61392555882
2024-09-05,22716.654185220108
2024-09-06,6742.267257041177
2024-09-07,8420.005411535789
2024-09-08,7140.766933272303
2024-09-09,10881.944520955396
2024-09-10,9599.401695357843
2024-09-11,2803.0650510424002
2024-09-12,25554.494441600502
2024-09-13,15434.128259177935
2024-09-14,7768.057622634807
2024-09-15,10460.969447373283
2024-09-16,14092.766771707584
2024-09-17,11314.526898364702
2024-09-18,21432.86086258627
2024-09-19,12987.766007990194
2024-09-20,13318.178554866394
2024-09-21,20484.637788242424
2024-09-22,24052.210519430646
2024-09-23,19644.03887531743
2024-09-24,20554.527652814988
2024-09-25,23471.360540937512
2024-09-26,14903.044229328425
2024-09-27,2808.753548819361
2024-09-28,5477.2884467977965
2024-09-29,19181.118886695604
2024-09-30,22573.206339521555
2024-10-01,22024.73527683996
2024-10-02,22751.97852741742
2024-10-03,18791.99121365271
2024-10-04,22290.68447415321
2024-10-05,10093.520384360776
2024-10-06,7522.364421179169
2024-10-07,19160.618142934814
2024-10-08,7790.125565586774
2024-10-09,14718.129474991178
2024-10-10,20255.46031706986
2024-10-11,41526.52535934109
2024-10-12,44320.435075261936
2024-10-13,33169.96182119244
2024-10-14,33652.91709596891
2024-10-15,29415.598598408367
2024-10-16,22167.212665083356
2024-10-17,6197.9024942816195
2024-10-18,19277.01386051789
2024-10-19,35431.184428459266
2024-10-20,26658.835367171607
2024-10-21,29285.207340237033
2024-10-22,26433.069881289954
2024-10-23,8584.074170916423
2024-10-24,6789.250830920836
2024-10-25,22650.84319554043
2024-10-26,20849.389440087783
2024-10-27,15669.657923236264
2024-10-28,4596.676799863723
2024-10-29,6605.1322521475495
2024-10-30,18532.131626334336
2024-10-31,67841.58621789205
2024-11-01,7631.188764237014
2024-11-02,39227.51056216058
2024-11-03,48164.069694434635
2024-11-04,43962.89948380004
2024-11-05,43985.439750080724
2024-11-06,38585.73165895295
2024-11-07,37337.8011987589
2024-11-08,18265.960788078188
2024-11-09,14820.479447407095
2024-11-10,4542.402330179416
2024-11-11,1199.9526041058834
2024-11-12,62142.43754036389
2024-11-13,4123.77013424412
2024-11-14,9948.135684732604
2024-11-15,7470.32516323627
2024-11-16,6160.477519004905
2024-11-17,71721.17701730809
2024-11-18,61996.163589494936
2024-11-19,0.0
2024-11-20,54287.777166323074
2024-11-21,37251.54317341667
2024-11-22,38421.52196943631
2024-11-23,18789.343841781854
2024-11-24,57319.22172746774
2024-11-25,74080.6008872318
2024-11-26,60920.218581082336
2024-11-27,73879.326190574
2024-11-28,53704.27309298896
2024-11-29,42501.53988365157
2024-11-30,10933.020517734307
2024-12-01,23728.148351606153
2024-12-02,27817.71572414165
2024-12-03,6295.5552996958295
2024-12-04,70149.13156310424
2024-12-05,62009.028303772655
2024-12-06,56793.98685376825
2024-12-07,32477.62264728604
2024-12-08,3595.3758422156866
2024-12-09,39926.53664442009
2024-12-10,11081.578850430382
2024-12-11,23761.593068120295
2024-12-12,11195.673057608084
2024-12-13,64491.68711048341
2024-12-14,43952.72531820427
2024-12-15,24919.003339612736
2024-12-16,38012.31330079198
2024-12-17,44673.72882801281
2024-12-18,47.60283377205882
2024-12-19,55900.657147193444
2024-12-20,64784.1986094141
2024-12-21,34997.81760139731
2024-12-22,70.96546113014705
2024-12-23,8873.99217352401
2024-12-24,81823.732126098
2024-12-25,59528.512517556934
2024-12-26,66725.55068956593
2024-12-27,60973.10419842774
2024-12-28,3028.336257578432
2024-12-29,98549.74732406027
2024-12-30,32988.158774426985
2024-12-31,35852.0817567512
2025-01-01,10090.04170536054
2025-01-02,5633.89275927304
2025-01-03,6601.603241890198
2025-01-04,56.744602464705885
2025-01-05,7819.947056050974
2025-01-06,10171.981448232593
2025-01-07,86825.75453646341
2025-01-08,101143.43981845699
2025-01-09,59443.64737014444
2025-01-10,72702.40660583078
2025-01-11,23726.346973406617
2025-01-12,75211.21875949283
2025-01-13,93519.5822548106
2025-01-14,16301.526793769106
2025-01-15,79222.50527572072
2025-01-16,3099.876500804412
2025-01-17,48081.65329027355
2025-01-18,494.5955434382353
2025-01-19,845.0307158453431
2025-01-20,36895.95058806125
2025-01-21,15181.525751970585
2025-01-22,50001.81792815639
2025-01-23,55562.16280792059
2025-01-24,58591.32050729852
2025-01-25,83024.03564734389
2025-01-26,70286.6114166809
2025-01-27,82907.14249414386
2025-01-28,21930.71591267061
2025-01-29,432.42187527769613
2025-01-30,53938.21671878751
2025-01-31,19374.671907071082
2025-02-01,42551.053575627695
2025-02-02,59460.06674770979
2025-02-03,52158.19034197455
2025-02-04,43467.40108410882
2025-02-05,25675.83974222328
2025-02-06,75411.41209893873
2025-02-07,70417.4649994598
2025-02-08,54902.46292545715
2025-02-09,47672.528781966656
2025-02-10,7370.5482404904415
2025-02-11,24474.08456204243
2025-02-12,29861.300390125005
2025-02-13,59273.79718420252
2025-02-14,45147.43768264376
2025-02-15,28132.631036499988
2025-02-16,23187.50073113386
2025-02-17,25049.96204908997
2025-02-18,46018.20146928183
2025-02-19,19869.05144923383
2025-02-20,138.9645684375
2025-02-21,86496.68904750547
2025-02-22,15395.293326882107
2025-02-23,69138.86348845086
2025-02-24,88207.35961651278
2025-02-25,728.1366211463239
2025-02-26,2651.5952358044124
2025-02-27,0.0
2025-02-28,15390.887402630633
2025-03-01,46391.8167460953
2025-03-02,44644.10491011805
2025-03-03,23.398311958088232
2025-03-04,12961.88275101325
2025-03-05,106485.4430871227
2025-03-06,41297.922121173004
2025-03-07,38610.075017643845
2025-03-08,96174.76929662186
2025-03-09,24593.170968063485
2025-03-10,4416.6762543992645
2025-03-11,7772.056240482844
2025-03-12,9022.842733003912
2025-03-13,0.0
2025-03-14,7379.046819787498
2025-03-15,15912.72160926151
2025-03-16,92097.33105503113
2025-03-17,104352.08749416568
2025-03-18,111035.21310304488
2025-03-19,14061.29415056642
2025-03-20,58008.26753466273
2025-03-21,76952.38932074328
2025-03-22,103169.74466182772
2025-03-23,115257.51671623449
2025-03-24,57961.16452675388
2025-03-25,24909.182787708814
2025-03-26,2657.3924404164213
2025-03-27,10104.697374860292
2025-03-28,9848.799574672783
2025-03-29,89033.8197305905
2025-03-30,73217.20547160975
2025-03-31,55253.69131681807
2025-04-01,104163.00719611792
2025-04-02,106150.40833194419
2025-04-03,33555.22746405884
2025-04-04,74573.555800037
2025-04-05,91453.5064917929
2025-04-06,98034.44882578768
2025-04-07,73647.39674775464
2025-04-08,46708.96257823597
2025-04-09,18974.768382899994
2025-04-10,12856.855464665441
2025-04-11,12561.222535979163
2025-04-12,48318.11547790052
2025-04-13,93620.4182208023
2025-04-14,97583.84421562211
2025-04-15,99325.57858074963
2025-04-16,62570.577455409024
2025-04-17,80218.4074411769
2025-04-18,13317.484376394334
2025-04-19,5402.373651117649
2025-04-20,8310.607564590686
2025-04-21,52546.67359125255
2025-04-22,68743.83117889309
2025-04-23,69191.85309186492
2025-04-24,55915.05616744557
2025-04-25,67608.06686722081
2025-04-26,44687.431252999944
2025-04-27,102627.37223200055
2025-04-28,90114.40463966512
2025-04-29,96885.75889846038
2025-04-30,92641.3678436332
2025-05-01,86095.21063096837
2025-05-02,58826.058622772856
2025-05-03,14890.15881357131
2025-05-04,25087.077599103668
2025-05-05,45741.156812488516
2025-05-06,69896.95191846008
2025-05-07,82319.79503902598
2025-05-08,54143.80389283362
2025-05-09,4605.419549051229
2025-05-10,10751.141972533336
2025-05-11,49031.25233414254
2025-05-12,0.0
2025-05-13,27443.573412696802
2025-05-14,58257.134929482025
2025-05-15,57280.843598729625
2025-05-16,48307.08339685461
2025-05-17,62898.38502535562
2025-05-18,57635.6068555919
2025-05-19,26306.660798250738
2025-05-20,53529.160893397035
2025-05-21,51087.144190819294
2025-05-22,63911.85717933426
2025-05-23,49973.99990375945
2025-05-24,27893.777599524547
2025-05-25,38906.921616771775
2025-05-26,50005.778656823444
2025-05-27,29997.33305104804
2025-05-28,15370.537032355855
2025-05-29,23915.959374603677
2025-05-30,3069.671027215931
2025-05-31,10600.054201782603
2025-06-01,9464.484012676714
2025-06-02,14176.045076507822
2025-06-03,4158.004891754656
2025-06-04,10352.990925082106
2025-06-05,54329.6089151829
2025-06-06,68056.94318656597
2025-06-07,48825.087142118064
2025-06-08,46560.716393272254
2025-06-09,42152.39353520802
2025-06-10,42157.74893559184
2025-06-11,39964.08095845408
2025-06-12,30276.441989615978
2025-06-13,32935.36461135589
2025-06-14,7354.162685621822
2025-06-15,20083.711794049268
2025-06-16,1594.8867128343138
2025-06-17,8335.557735644119
2025-06-18,26460.596892832127
2025-06-19,36793.08873341536
2025-06-20,35739.92028799899
2025-06-21,26000.692328926943
2025-06-22,11613.232712637748
2025-06-23,29145.738141362497
2025-06-24,28606.56016088653
2025-06-25,26594.739553696556
2025-06-26,24173.201815173776
2025-06-27,10153.772443307598
2025-06-28,13938.910183479638
2025-06-29,13961.864426403185
2025-06-30,9858.234353450494
2025-07-01,23345.708502216658
2025-07-02,13862.108662337243
2025-07-03,20846.025744942886
2025-07-04,20069.40694074977
2025-07-05,22806.85842581105
2025-07-06,22716.099043604405
2025-07-07,17830.689813399273
2025-07-08,11403.306266186506
2025-07-09,5469.45905358064
2025-07-10,6105.412299275734
2025-07-11,7557.6794603151975
2025-07-12,12882.864872190921
2025-07-13,17191.74481299167
2025-07-14,1858.3325256637252
2025-07-15,1437.5412685166664
2025-07-16,781.010346512255
2025-07-17,4069.9791982348033
2025-07-18,15957.603147649756
2025-07-19,5781.612774104902
2025-07-20,12626.385637793379
2025-07-21,8992.061358796322
2025-07-22,4835.116110855882
2025-07-23,2037.1644142992645
2025-07-24,2353.655041064708
2025-07-25,5787.871211974511
2025-07-26,2970.440545743873
2025-07-27,7357.9163828674
2025-07-28,5405.384640162252
2025-07-29,6141.173776314953
2025-07-30,420.6440214710785
2025-07-31,3480.860065492157
2025-08-01,4368.194160487497
2025-08-02,2427.4563090803927
2025-08-03,6579.605063046568
2025-08-04,11226.538402908576
2025-08-05,12658.759245381363
2025-08-06,5390.397400529168
2025-08-07,8210.520699974997
2025-08-08,8215.094102131374
2025-08-09,13705.64677415171
2025-08-10,8947.791603535044
2025-08-11,12494.965741552443
2025-08-12,9322.958694497049
2025-08-13,9822.327127140434
2025-08-14,9197.756075545343
2025-08-15,1285.5514206004902
2025-08-16,8762.248368899744
2025-08-17,7244.742119842405
2025-08-18,1669.2691116571082
2025-08-19,10030.025497788236
2025-08-20,10116.635793739464
2025-08-21,17269.647346540944
2025-08-22,21023.191376216924
2025-08-23,12565.21798316691
2025-08-24,2223.247294031862
2025-08-25,4753.336810630884
2025-08-26,10624.047706967642
2025-08-27,12454.401394294608
2025-08-28,30554.025881418656
2025-08-29,35611.71413981621
2025-08-30,26318.1209310554
2025-08-31,11844.504789115925
2025-09-01,11023.403499048283
2025-09-02,4695.269063655145
2025-09-03,4114.4704132781835
2025-09-04,21323.460341382597
2025-09-05,24486.3829594873
2025-09-06,20103.318963904178
2025-09-07,8707.462000035539
2025-09-08,2929.4972988242675
2025-09-09,7755.961159644851
2025-09-10,24414.535623804677
2025-09-11,32863.085928988745
2025-09-12,22248.666027448784
2025-09-13,27034.37920928313
2025-09-14,20553.907205633084
2025-09-15,20447.69914721498
2025-09-16,6125.178019150733
2025-09-17,13412.651773491165
2025-09-18,11153.373989578673
2025-09-19,4660.670786818632
2025-09-20,22129.36339620763
2025-09-21,28534.812871147053
2025-09-22,19314.474585155163
2025-09-23,23388.567104787526
2025-09-24,13130.464783128422
2025-09-25,17296.977187790202
2025-09-26,14374.585752902443
2025-09-27,18463.8995630554
2025-09-28,24518.842177803937
2025-09-29,12448.428640408822
2025-09-30,22482.331599290206
2025-10-01,16167.740865646807
2025-10-02,9190.492012132336
2025-10-03,5079.469295635053
2025-10-04,6439.581192747302
2025-10-05,18423.772412286256
2025-10-06,233.98772550490202
2025-10-07,7770.3225229823465
2025-10-08,54028.00888000971
2025-10-09,49097.73374110941
2025-10-10,53004.14547100648
2025-10-11,65871.19574275384
2025-10-12,69314.97386866715
2025-10-13,73481.24658942067
2025-10-14,55941.317060564725
2025-10-15,56796.68800502838
2025-10-16,58795.70463616465
2025-10-17,43118.845332370794
2025-10-18,51271.127106699634
2025-10-19,24361.66720541052
2025-10-20,42443.51782578991
2025-10-21,31817.453103670323
2025-10-22,21495.92546914976
2025-10-23,47244.08546784728
2025-10-24,35094.53297290716
2025-10-25,39007.09866452467
2025-10-26,30691.05620239044
2025-10-27,32281.71555846425
2025-10-28,36110.95378334363
2025-10-29,25361.435623789203
2025-10-30,41453.498597105965
2025-10-31,46255.5237675662
2025-11-01,33126.645543785075
2025-11-02,42059.77059134903
2025-11-03,24935.78791925786
2025-11-04,12756.528913023789
2025-11-05,44500.40950635902
2025-11-06,51847.57157913803
2025-11-07,55254.30307193847
2025-11-08,27828.305839070348
2025-11-09,44653.43190596203
2025-11-10,34375.3109880863
2025-11-11,26625.452464424747
2025-11-12,44506.47058999012
2025-11-13,20746.657344033843
2025-11-14,35149.92147083209
2025-11-15,43207.90681315076
2025-11-16,29091.677412553447
2025-11-17,36987.45406699658
2025-11-18,24546.260070879183
2025-11-19,35551.622981821856
2025-11-20,32506.682199846324
2025-11-21,26098.18151040983
2025-11-22,36926.06259981522
2025-11-23,13459.73637112622
2025-11-24,28490.652477211806
2025-11-25,34566.67836673753
2025-11-26,18720.017817518143
2025-11-27,31323.734686663753
2025-11-28,10582.29336943137
2025-11-29,25434.7471121304
2025-11-30,31308.534118474516
2025-12-01,6562.833083960788
2025-12-02,14162.710048066438
2025-12-03,15096.080207280891
2025-12-04,21065.6568390194
2025-12-05,0.0
2025-12-06,32716.6571288081
2025-12-07,10478.736305247801
2025-12-08,3146.7528110850517
2025-12-09,0.0
2025-12-10,24491.845453413218
2025-12-11,27837.790911905904
2025-12-12,16595.162990973535
2025-12-13,106.19426479436274
2025-12-14,11631.428678143133
2025-12-15,430.07977619803916
2025-12-16,29913.708253619647
2025-12-17,7336.430011685778
2025-12-18,2.9476343012254898
2025-12-19,10780.628359810058
2025-12-20,119.69258959460784
2025-12-21,0.0
2025-12-22,5122.841242350246
2025-12-23,3213.8934308943635
2025-12-24,66165.19516944911
2025-12-25,78217.81126884566
2025-12-26,1950.7266421747547
2025-12-27,70369.70032207399
2025-12-28,0.0
2025-12-29,0.0
2025-12-30,6249.046042812741
2025-12-31,0.0
