date,max_temp,min_temp,temp_mean
2000-01-01,262.3284735134399,249.65678259048235,255.51277574424208
2000-01-02,263.08087986382816,250.5961135855836,256.0913241534642
2000-01-03,262.8150359526897,250.2314863620882,255.71702099233227
2000-01-04,263.0038662023986,249.78029826578592,255.69465960399103
2000-01-05,262.12138736719754,249.62804787005143,255.18609260585205
2000-01-06,262.6324786221193,250.15599912298282,256.16309903727506
2000-01-07,262.90091447789825,251.65018065005356,257.86087662849917
2000-01-08,263.36286360257566,255.192167952768,259.2140187420251
2000-01-09,261.20815728495637,253.46066643079996,257.71541304614425
2000-01-10,258.68093643616663,251.06022219744514,254.7819373710331
2000-01-11,259.67927908816444,253.41551450224097,257.3212215194248
2000-01-12,261.01857160943774,257.10081854420264,259.28845890417745
2000-01-13,259.75939063583974,253.36563641893753,257.027452629351
2000-01-14,256.92212428206307,250.0014245178793,253.80107856880034
2000-01-15,254.10154753545726,244.7314829842873,250.11116869700268
2000-01-16,250.68247858389407,242.63594809164132,246.45393501852615
2000-01-17,253.4517131714874,243.48037072872913,249.5813554414975
2000-01-18,259.2034235738999,250.9910287440564,256.4182399317997
2000-01-19,259.8645747041574,248.9781187148312,255.98569225676593
2000-01-20,254.39571620369566,245.423152726649,250.329493714029
2000-01-21,253.77512978946558,246.5835978094362,250.52209792154216
2000-01-22,254.86558486752674,247.60954190732386,251.25236215994562
2000-01-23,254.03313914192748,246.22351530362872,250.01518895225007
2000-01-24,253.85180540363913,245.91656620839152,250.5002756332198
2000-01-25,256.60155813028683,249.12891311868435,253.61648403854966
2000-01-26,258.3773696374306,248.3821800237082,253.99880891657907
2000-01-27,255.01260578922802,244.73147452805506,250.1750234198015
2000-01-28,253.08880776703418,243.99432690124075,248.631844863786
2000-01-29,255.11756706650374,246.0319124738725,250.85633087306044
2000-01-30,259.0785795006822,249.38276728306582,255.01352842767676
2000-01-31,260.0035302250559,253.26871969972137,256.82832863040704
2000-02-01,258.93761855059495,252.6475104192228,256.0403300435465
2000-02-02,257.43470536838083,250.56643647100088,254.0420528412261
2000-02-03,257.2557302645376,250.57362090844438,253.988299787665
2000-02-04,257.5905196874459,249.23703298540855,253.8197552000844
2000-02-05,257.29222103290743,249.35202250114102,253.45303340954624
2000-02-06,256.33091345905854,245.44561267652279,251.51988501939806
2000-02-07,254.74802824156754,244.66674558436964,249.77078339384644
2000-02-08,254.81940522994194,245.70843464675403,250.16255579162538
2000-02-09,255.91027135865855,247.433509807976,252.79356479835758
2000-02-10,257.87443097054313,251.34522000082706,254.5426540282873
2000-02-11,257.39044117803127,246.3919313085984,252.97500313548656
2000-02-12,254.7907964774719,244.42702599453526,249.83406819407318
2000-02-13,252.8817146983484,243.58368641921678,248.10143992864352
2000-02-14,253.1310842808425,243.6279151217144,249.04127012798992
2000-02-15,257.9650882426905,249.49065065513844,254.51151380802128
2000-02-16,258.06752864486333,250.21625937976987,254.4356875249421
2000-02-17,256.9302880211272,247.72991982686213,252.45193842418595
2000-02-18,255.2739054771876,245.26657526046284,250.41159811166656
2000-02-19,254.05731098040835,244.3485353461889,249.3701425105761
2000-02-20,253.92877926291726,244.77249238240375,249.72596299720973
2000-02-21,254.3616977029491,246.03079849253456,250.02307125808508
2000-02-22,254.90832752909657,245.39571146838304,250.0489573749131
2000-02-23,255.44259244120792,245.078688279676,250.41414011338955
2000-02-24,255.21919000734002,244.27005110581499,249.6028810684006
2000-02-25,254.80775964349095,243.93793961794364,249.10480109759033
2000-02-26,255.08724862037684,244.26949939483492,249.56189770299557
2000-02-27,258.07827373464085,246.5139741113987,252.69234559668112
2000-02-28,259.04469672558736,247.78780100589404,254.09873863319584
2000-02-29,262.25821493814607,252.4916554317705,257.56749175475136
2000-03-01,260.4122781471259,250.25165445106322,255.4436625384774
2000-03-02,259.8706466431496,249.7138114935927,255.2338210834402
2000-03-03,259.94902416042083,251.24355445676449,256.37508709789313
2000-03-04,261.2874007725856,255.0787710759167,258.8402149769441
2000-03-05,260.41747464111256,248.447576535186,256.03945947328566
2000-03-06,258.99871362463847,247.88568384063743,254.6482628591157
2000-03-07,260.152073508615,248.14096265210802,254.92226429424502
2000-03-08,257.9531173690638,245.82841288925883,252.34914254051884
2000-03-09,257.00222436788346,246.2270158368161,251.82960670436591
2000-03-10,259.551680138487,249.26673111547845,254.9515756169734
2000-03-11,261.21445245344705,251.93779029815536,256.8023222178462
2000-03-12,261.39500869059475,249.15173877055085,255.8698888148906
2000-03-13,259.35605979200585,246.90618433298923,253.689631152592
2000-03-14,259.33292839548886,246.90692832446288,253.3261709411827
2000-03-15,259.259208329464,246.34545148061872,253.4544458758151
2000-03-16,260.4360567489518,250.10449989832247,256.212295303988
2000-03-17,261.47971379242057,251.62258249512377,257.0880367726967
2000-03-18,260.1977932890429,250.07456572213246,255.81164156677204
2000-03-19,258.68303543867995,246.12174355811447,253.04440369713896
2000-03-20,258.76548876641885,247.05344115058614,253.69115602462142
2000-03-21,260.83790804524335,251.4340672678718,256.5730831043596
2000-03-22,261.9466536211908,252.47748784668886,257.59959011306574
2000-03-23,262.59830337061004,248.90599081806593,256.675694244265
2000-03-24,262.6768408261455,247.51124796602306,256.61115524200346
2000-03-25,264.7927698751432,252.84864474175825,258.75749977138383
2000-03-26,266.41058446022384,254.84919913956534,260.45231195255855
2000-03-27,266.88766794264905,256.7183940960739,261.76520939050954
2000-03-28,267.5223126333832,257.7061095012992,262.63491921402533
2000-03-29,267.8837433918091,259.26885352899234,264.2286919829302
2000-03-30,268.2883581294385,261.3469095681648,265.0858495417198
2000-03-31,267.53957942308625,260.16219072012115,264.31355282016443
2000-04-01,266.906389103039,253.39287945873448,261.54224293527886
2000-04-02,264.68343490297065,252.18016121621662,259.35883089333686
2000-04-03,265.88554242031734,255.8472518453606,260.8028912827358
2000-04-04,265.58808420950936,255.64704926650933,261.3976071649554
2000-04-05,264.6423098465738,251.05248724672197,258.90989997840694
2000-04-06,263.99762392704054,251.345491892316,258.7147254669917
2000-04-07,265.1561360996052,254.93608238174474,260.8937664249958
2000-04-08,266.2720859427007,254.07959858569492,260.721060007376
2000-04-09,265.11588085768125,251.5763155475254,258.63432814159665
2000-04-10,266.3669040196269,252.58725839024848,260.2269310514727
2000-04-11,268.06772801652187,255.86174194879843,262.09552979366657
2000-04-12,268.75387649316946,257.6754619380925,262.74887566203927
2000-04-13,268.9830532791543,257.81769008996156,263.54788486442976
2000-04-14,268.7351791856946,257.6728635326226,263.8041282010006
2000-04-15,268.54106813347323,255.47537881573336,262.3853101164791
2000-04-16,268.1495274831227,254.33856973115024,261.9325956197232
2000-04-17,269.7588505861874,255.7948444863238,263.801472707715
2000-04-18,270.71263809927035,256.7702499358597,264.66381879457646
2000-04-19,270.9997924582358,257.0179303946977,265.550509163412
2000-04-20,271.7712939221654,258.15726845219666,265.72974505592174
2000-04-21,271.16863804015117,257.4170102331158,265.0135356384237
2000-04-22,270.97322460363335,258.28437258133647,265.36250500623703
2000-04-23,271.37266593151094,258.850260511528,265.96814688036795
2000-04-24,271.27106744794764,257.9629939550761,265.4408467652998
2000-04-25,271.2846578486171,258.2143971361921,265.07549744251753
2000-04-26,271.2457913762711,258.6276724688259,265.7215115372473
2000-04-27,270.7054988088362,258.8760101015653,266.1610307205624
2000-04-28,270.573681139733,260.7604059181287,266.3050813748213
2000-04-29,270.1396767410675,259.30280013986743,265.47694506605205
2000-04-30,270.8295059841694,256.44632067176394,264.8473208263198
2000-05-01,271.4896913516045,256.3605271600396,265.23468309832447
2000-05-02,273.4519757848313,260.2308518312215,267.6429317160215
2000-05-03,275.1365374753858,264.0751787007482,270.39485106825185
2000-05-04,273.8525721778083,263.2220355144714,269.4923743694081
2000-05-05,274.08990693364075,261.6569942518482,268.6576491920247
2000-05-06,273.78537198243373,261.54453344437115,268.1721981052725
2000-05-07,274.3969765558904,261.4705466569798,268.67250272575984
2000-05-08,275.65455451288204,263.09734891486943,269.859675197666
2000-05-09,276.6777229818287,264.5794092752223,270.9882742333742
2000-05-10,277.7315294838837,265.9851144968363,272.17527119207034
2000-05-11,278.3230161636935,265.8518613522442,272.42733752210216
2000-05-12,278.19610391474924,266.25509876260196,272.87500699960134
2000-05-13,277.6918078433762,266.7135217433665,272.80628062406606
2000-05-14,277.0689074853227,264.3689402739859,271.29309181403187
2000-05-15,276.94129433929385,264.19415884786304,271.4097599139722
2000-05-16,276.9649584570443,264.3573724741414,271.1576104689804
2000-05-17,277.41923513219933,263.68301171418545,271.3454492834974
2000-05-18,278.20417727475666,265.0387746938609,272.4201944078819
2000-05-19,278.32511092991456,266.75102661685145,273.59361558153114
2000-05-20,278.7817829525481,264.7567167556301,273.1550699811831
2000-05-21,278.65051096742707,264.6131156878188,272.79324405187396
2000-05-22,279.5813722968601,266.9668070664106,274.4066530926445
2000-05-23,277.9063796035044,267.825483562208,273.6277238500937
2000-05-24,278.3817462503568,267.15665559290346,273.6942843215493
2000-05-25,277.7974039011416,265.84841751262,272.73261756929776
2000-05-26,277.2102296669011,265.15426600633356,272.1424819109155
2000-05-27,277.49109583448035,265.2579628951958,272.3505373099016
2000-05-28,278.32903551703265,265.2040691688041,272.7796656258422
2000-05-29,278.80141639503637,266.3273974702787,273.89286370383553
2000-05-30,277.45709459364,268.5743692185037,273.3655715968284
2000-05-31,277.20651259624606,265.7975579866554,272.55140671360397
2000-06-01,277.60690544446703,265.6222860123776,272.63958184545675
2000-06-02,278.6839791339155,266.9803971648259,273.9471052919035
2000-06-03,277.58661578122997,268.05422433342534,273.5332375966481
2000-06-04,276.54204187989825,267.01946709313137,272.39838279589964
2000-06-05,276.80660145299544,265.29309626768855,272.22277450554594
2000-06-06,278.13984841501946,265.32228214536116,272.85476546445784
2000-06-07,279.40848580067814,266.82036122815583,274.2820629761196
2000-06-08,278.7717712696027,268.9293910387577,274.5655564187865
2000-06-09,278.30964127854196,270.38524080726114,274.5818757371814
2000-06-10,277.25653349817003,268.0290770017239,273.36970272336407
2000-06-11,278.1976984192965,266.5438710454607,273.4734001250581
2000-06-12,279.79209742779136,266.1895747737735,273.72671074757596
2000-06-13,281.13010585598437,267.07047165029854,275.7605214113689
2000-06-14,282.2248387084125,270.94281816317334,277.3933612745786
2000-06-15,282.9056901848163,270.7979631455391,277.4987597003777
2000-06-16,283.2520750170803,269.7311891433691,277.21381299507215
2000-06-17,283.35741370594656,269.9611395553656,277.8355328064776
2000-06-18,284.05122326281787,271.8347600288201,278.8006722840118
2000-06-19,283.67114921440464,272.4998839379629,278.8541842239365
2000-06-20,283.1592868391719,273.29368311163466,278.633103579846
2000-06-21,282.2686653343408,272.0163477553861,277.6776291327941
2000-06-22,281.53383658027127,270.67389165326284,276.80741149206955
2000-06-23,281.4641840263756,270.2140079077861,276.48703588058413
2000-06-24,282.8655437402695,270.2039479390511,277.59608694137745
2000-06-25,284.34166743961475,271.6324225915597,278.814125377102
2000-06-26,285.06078923822855,272.0145690575186,279.2242423508621
2000-06-27,285.4248191340375,271.8079628852784,279.38261257410306
2000-06-28,285.538321566066,272.6801936554761,279.5965926984468
2000-06-29,285.1060533648982,272.94266478434736,279.97308277643646
2000-06-30,283.54809995306414,274.27715281115286,278.9899890932057
2000-07-01,283.1084138575286,273.9118250624509,278.73530833205535
2000-07-02,282.7716977910179,273.42622304225495,278.41127995072134
2000-07-03,282.98263482744863,272.7293702966973,278.3858864003202
2000-07-04,283.72368823900234,272.56821269579905,278.7842311627931
2000-07-05,284.9134624804489,272.6941266916849,279.61251935872065
2000-07-06,285.8463514347391,274.1424299085514,280.64796385754516
2000-07-07,285.6868312878905,274.61371031916633,280.58280396470366
2000-07-08,285.53599638211534,274.4315150720375,280.4461147171275
2000-07-09,285.2367112479504,275.0923627902631,280.7117622158237
2000-07-10,285.58840799917425,275.6024823788614,281.0415787370895
2000-07-11,285.4331583054544,275.7849768444734,280.91903957969276
2000-07-12,284.98981918000595,275.88413863589665,280.6130136066803
2000-07-13,285.13689565001374,275.8990184608203,280.66673385077087
2000-07-14,284.8665610300289,276.1687403442932,280.6588885377669
2000-07-15,284.4455027014075,275.6077418629563,280.2223374405179
2000-07-16,283.9489297298824,275.63635412465527,279.8670545793987
2000-07-17,282.2443121177876,275.7593928285342,279.0535016956764
2000-07-18,283.8624376821889,274.90397711828297,279.72333767060536
2000-07-19,285.3265060140441,274.5168377486568,280.80698037597193
2000-07-20,285.3006830732038,276.0984977810926,281.1291953513139
2000-07-21,285.4544173129226,276.7723599184263,281.4279731355916
2000-07-22,284.9763952965497,277.7002450377551,281.02042784488697
2000-07-23,283.72536523802523,277.5338857152663,280.35949628092766
2000-07-24,284.2363878575692,276.9327007321952,280.37755652066954
2000-07-25,284.51765993996776,275.77247542294737,280.2847972161031
2000-07-26,285.5952565322447,275.52956563229543,281.1342623060095
2000-07-27,286.3572391597171,276.0677757558858,281.73915514404257
2000-07-28,286.9451064797312,277.1705452685966,282.5125848660464
2000-07-29,287.38805646692333,278.3982222986535,283.0106529556297
2000-07-30,286.99901143820455,278.38423526277614,282.7180054618443
2000-07-31,285.2303390493528,277.03824144372055,280.9858289412249
2000-08-01,281.3996612612285,274.1756224981579,278.0639615447238
2000-08-02,280.1423912644389,272.0482495335275,276.4036831573564
2000-08-03,281.20792263582126,270.1332883412049,276.40773936024243
2000-08-04,282.1301571137501,270.80771615688576,276.9777804025107
2000-08-05,283.7739373502845,270.90364428972003,278.5580149473978
2000-08-06,284.20432486008065,273.0299538386016,279.3479549194974
2000-08-07,284.4133435768861,273.7606422840968,279.60599778698037
2000-08-08,284.8968152537993,273.8870692611358,280.08710907550693
2000-08-09,284.20013095315113,274.6011556130809,279.70584428253727
2000-08-10,282.34150850254815,274.8715499616502,278.80453263504484
2000-08-11,282.98711792107366,274.41348796651283,278.9037204313323
2000-08-12,283.72962290596064,274.4799800958572,279.32188074664185
2000-08-13,283.44937412573245,275.16343662480006,279.3628117142995
2000-08-14,283.6333977991424,273.97660223455813,279.01700593882157
2000-08-15,283.25007338670554,273.3337831392541,278.7688661826265
2000-08-16,283.93854218063876,272.9863706503321,278.9408872876325
2000-08-17,284.53586261555057,272.78699790669725,279.5718696844593
2000-08-18,282.64055172483535,273.54233736419116,278.3598843751388
2000-08-19,281.84329009103897,272.91322673079304,277.7606761714465
2000-08-20,283.03790837034666,272.01506293464064,278.15999733924855
2000-08-21,282.5355028512322,271.95590912851833,277.7087347681481
2000-08-22,281.3688507022937,271.6257053190527,277.0111082561014
2000-08-23,282.1001301837797,270.90624504404946,277.0264961358918
2000-08-24,283.1304734151853,270.92679553082814,277.85641592989344
2000-08-25,284.423302718238,271.510079919942,278.8651371313439
2000-08-26,285.57606447637454,272.21729197839306,280.2320705783078
2000-08-27,285.72400851966376,274.5968438631844,280.4492391021006
2000-08-28,286.02109305164316,273.72570158529106,280.5565360913248
2000-08-29,286.0526801805959,273.7741475098915,280.72190733433354
2000-08-30,285.3886002543,273.73857473471696,279.8899067372613
2000-08-31,284.08186879626106,272.869841902721,278.6671626195195
2000-09-01,283.4535110009423,273.1917256193506,278.5120796795471
2000-09-02,283.705010746382,272.46018143178753,278.4502843660499
2000-09-03,284.4345071570169,272.3225948123797,278.9209190180514
2000-09-04,284.26264775279657,272.2256876168708,278.62785634268994
2000-09-05,283.9042574062676,271.5298302914551,278.22163722754317
2000-09-06,283.57894579218276,271.51344961598494,278.08787659208394
2000-09-07,282.1535162168086,272.2440685405053,277.27649744212863
2000-09-08,281.2588862511434,271.3744858626877,276.26091060064886
2000-09-09,278.9380532445804,269.89854286826056,274.6428375374338
2000-09-10,278.52145215318313,267.29868163763996,273.5315440387495
2000-09-11,279.13372758915057,266.012333556087,273.5352910595104
2000-09-12,281.24940265656215,267.55252799014664,275.29060282531304
2000-09-13,281.7681327062646,269.32833113985436,276.141605228129
2000-09-14,281.69630545564394,268.7831004922132,275.8933863205631
2000-09-15,283.18978842219633,269.1814784097934,276.9891850235732
2000-09-16,284.46312686698354,271.00295013851616,278.3184187663433
2000-09-17,284.39367125084976,271.2217306781243,278.44785028752955
2000-09-18,283.97714449137845,270.79701718505254,277.7231533788147
2000-09-19,282.8507202108662,271.355598469707,277.38773110920016
2000-09-20,279.78950731133625,271.6640579764531,275.56330056711136
2000-09-21,278.0395207544959,270.2242552123426,274.04734851746446
2000-09-22,276.97816168715354,267.01938940487037,272.41661026054214
2000-09-23,275.9039316398467,264.72834598167594,270.559605679776
2000-09-24,275.0249079219526,262.76345501730907,269.4247012862802
2000-09-25,274.9130473392892,262.5619216689397,270.09126292602843
2000-09-26,273.2531312707629,263.8510165829358,269.17055500322675
2000-09-27,272.61269039066224,259.14906317520075,266.87220489208954
2000-09-28,272.66847961526224,258.2101046474688,266.1228531707857
2000-09-29,274.77347385250874,261.0741066537305,268.39251217266803
2000-09-30,276.226277480199,262.9349223081013,270.069448330039
2000-10-01,275.1410942131205,263.9734823208008,269.78183286617065
2000-10-02,275.1889503295057,263.1535039178529,269.6046868307095
2000-10-03,276.4452516837899,262.43696634922253,269.8848575865858
2000-10-04,277.3394245137121,263.46136659348946,271.2893110624862
2000-10-05,277.0475067181376,266.6058716412264,272.39669579356587
2000-10-06,276.329935811527,267.77082408788215,272.0413129363068
2000-10-07,274.96097664546335,266.41074017516536,270.7833926956659
2000-10-08,273.2537765947287,263.54891351088855,268.7437853786612
2000-10-09,271.32867643925164,261.43333104853616,266.5434473929222
2000-10-10,271.13696149172284,259.0501340153301,265.67252727498715
2000-10-11,270.83452097794145,258.0154277492323,264.77557686436137
2000-10-12,270.19223242068756,257.2222775267245,263.74520327854714
2000-10-13,269.48473067776166,256.2811078253607,263.1648149460451
2000-10-14,269.215392420094,255.37780679362055,263.00361143482576
2000-10-15,271.40974513784096,257.3657928977845,265.24704548807694
2000-10-16,273.97906661620914,261.0901389144448,268.35306948143386
2000-10-17,273.4560971882834,260.9050748089955,267.6974483310164
2000-10-18,273.0326019870337,259.16681439963384,266.1937380870873
2000-10-19,273.04856234201173,259.72154092122594,267.0855199409339
2000-10-20,272.1163070578411,258.9171056671072,265.60571149651884
2000-10-21,271.9308734483144,258.3922970892001,265.06532487906725
2000-10-22,270.9286999891386,258.2502452318599,265.0692707259724
2000-10-23,269.7436486321537,258.4317531176201,264.42596722476407
2000-10-24,269.75650419723945,256.9861282424796,263.89526043663557
2000-10-25,269.53942045000497,256.0830353885528,262.8088897557871
2000-10-26,270.00702126607666,255.73714033753043,263.54175959561206
2000-10-27,270.48527024046155,257.7631300334023,264.39369175053514
2000-10-28,272.40707977995356,259.5157098704773,266.083438251788
2000-10-29,274.5623370688198,261.4733320706044,267.7693264022626
2000-10-30,274.1858871235602,261.49114020694526,267.5026221153689
2000-10-31,272.6888349164501,260.44264233326675,266.38911101293036
2000-11-01,272.97928736102165,260.9759762209379,267.2538794732349
2000-11-02,270.4274339694183,258.59666005937373,264.61926254603054
2000-11-03,270.02175885963254,256.7054124309233,263.400402205601
2000-11-04,270.41594576090665,257.03118516290965,263.7815913339148
2000-11-05,269.7991391362004,257.52420005825206,263.7960200424857
2000-11-06,269.5886978522193,259.6710557928082,264.980271032449
2000-11-07,269.54906916470196,261.5648473809349,265.8776832402773
2000-11-08,269.0644788619651,260.66769802395584,265.0934369829902
2000-11-09,267.58777090429874,255.91242858814823,262.36803526891924
2000-11-10,267.8834910248001,256.184914015402,263.556952193146
2000-11-11,269.29895523197695,259.51054494244653,265.0454395938117
2000-11-12,267.60312271183943,258.0203741272504,263.06348643184424
2000-11-13,263.59447377075674,250.82050502286108,259.1287196048608
2000-11-14,261.00441102803967,248.9620879883569,255.70605129935115
2000-11-15,264.035452486469,252.7217125208925,259.37383989811104
2000-11-16,265.73617313576926,258.17052044185203,262.2641688503318
2000-11-17,265.47441199325556,258.7355107214449,262.2989276200905
2000-11-18,261.38508831749004,250.46288578923682,256.7406522977264
2000-11-19,258.44095597335513,248.56435968223838,253.54599973312602
2000-11-20,260.46935579504566,250.06545811813456,255.92573760341145
2000-11-21,261.9232410372955,254.33177714518123,258.11866492613166
2000-11-22,262.2049516242979,254.6775717132545,258.4758634014019
2000-11-23,262.49387512753634,255.86048089529157,259.30363779197137
2000-11-24,262.36112877195063,252.59956014233563,258.0984365473344
2000-11-25,259.80991429152857,247.38366640737843,254.07696967669384
2000-11-26,256.7688755004141,247.51214186701853,252.8308013473922
2000-11-27,258.81095895241674,248.1304417363351,254.29736001392757
2000-11-28,255.27057995590386,244.30301664240986,250.285697101314
2000-11-29,255.0945844192517,245.46235562396677,250.45491865234467
2000-11-30,254.2819992646779,242.6238797880192,249.0245132919186
2000-12-01,251.51126095125312,242.23527503641296,246.8816361413859
2000-12-02,257.246325375242,244.42408954361363,252.82003187522224
2000-12-03,261.5220768375999,252.57802823402332,257.4909650713609
2000-12-04,259.93949788212444,250.70494897179367,255.55940433728279
2000-12-05,257.764261241,245.7709871784602,252.41118162317693
2000-12-06,255.39845514110678,245.23136761427673,250.41429926043028
2000-12-07,257.2560027720007,247.99844723642812,254.03907094234742
2000-12-08,258.4709927746628,250.06307960225632,254.22168852119833
2000-12-09,257.13488498592875,247.33481704606558,252.02649275419077
2000-12-10,256.8708874451463,246.41608215159238,251.8286614260909
2000-12-11,254.11909428017722,244.4536416552306,249.58790763659593
2000-12-12,257.5557138567774,246.76627138892243,253.26830767683418
2000-12-13,259.91412404928894,249.52880207694344,255.05949227269
2000-12-14,258.3808502493354,247.55930782964404,253.13655053946886
2000-12-15,260.4021762923029,251.21780261967203,256.4576873927199
2000-12-16,263.09556760352007,256.6179077357006,260.78425536539294
2000-12-17,263.7465105647598,258.93127087881845,261.6671001064259
2000-12-18,260.6350185455394,248.28518529499195,255.9231668375339
2000-12-19,254.89723575094473,245.85893075700645,250.85691087707224
2000-12-20,254.58062153207752,247.82707621981066,251.03294921538676
2000-12-21,257.37180778791486,249.44661563786374,254.02617020935932
2000-12-22,260.3680164768752,253.67613172429384,257.21190256969203
2000-12-23,260.07408210172196,253.40460555252895,256.62776223940216
2000-12-24,258.69346342571134,250.8990404889711,254.72496278280562
2000-12-25,258.1626480017275,249.2863145824119,253.73447023332508
2000-12-26,256.0246632649771,248.95982391264488,252.1072183110992
2000-12-27,256.9471057946676,249.61144899915342,253.27934146461308
2000-12-28,258.2233730615842,251.05039835614576,254.83333536341303
2000-12-29,257.4821192295057,247.05238021948537,252.7052290493818
2000-12-30,255.14964690187054,246.7444188613416,251.06211551841346
2000-12-31,257.0937657944626,247.92171789213398,252.67339456246495
2001-01-01,255.2506291757078,245.75338040440568,250.66155499386267
2001-01-02,254.05793371694108,245.17683057067492,249.52147373499534
2001-01-03,254.3500418253886,245.34540205163995,250.03142084443616
2001-01-04,252.64785225044363,243.99981371300723,248.0062030633943
2001-01-05,254.12062676209254,244.48745608727702,249.99957200957775
2001-01-06,256.76505314379153,248.71910445528727,252.81312972815832
2001-01-07,255.7416986085277,244.95779922701976,250.86914119523195
2001-01-08,253.32670825628887,243.2347853029152,248.17322993956802
2001-01-09,252.86182578552223,243.6818390027162,248.392056936354
2001-01-10,254.68591863056895,245.78376664865968,249.706243218296
2001-01-11,254.14903565662885,244.56260230166075,248.98118077562296
2001-01-12,255.21253207845675,245.05615263446253,249.95337424800624
2001-01-13,255.0608337752417,244.88924938670343,249.3876930332611
2001-01-14,255.1743559875005,244.9180138092281,249.35856268715668
2001-01-15,255.8437348952323,245.1345180521754,250.04115480268834
2001-01-16,257.36678930179295,246.57324944366346,252.6898719387055
2001-01-17,258.86834231367186,251.95991141224317,255.56317172119978
2001-01-18,258.68175119187873,249.31295606657562,254.2049477551335
2001-01-19,258.92490554375496,250.2964422187858,255.42061261316377
2001-01-20,258.88034607708164,251.32299033150352,255.61861167657835
2001-01-21,259.0382664606895,253.29122479528903,256.3888175820158
2001-01-22,257.04177271113923,251.417500944052,254.47141975809546
2001-01-23,255.8064894131545,246.58276024907408,251.69538689538098
2001-01-24,253.3356782169386,245.3581747886808,249.36151030419526
2001-01-25,255.58273242903763,247.4867168667545,251.430766815875
2001-01-26,255.68823802451374,246.5072015108093,250.90510215759298
2001-01-27,255.7728618917066,246.9287255608036,251.0970640473798
2001-01-28,256.872403046853,248.05690835466942,252.14455031836366
2001-01-29,258.7868194888723,249.02961411195596,254.63642078612818
2001-01-30,260.0259740754307,252.9775245235565,256.55129111621363
2001-01-31,260.36938014918394,250.48692379370996,256.1323680020043
2001-02-01,257.5426596672099,247.80058719150827,252.88298496589942
2001-02-02,254.96573941286536,245.27626556775286,250.11798790236622
2001-02-03,255.90105372650078,246.36801281775988,250.86019194796825
2001-02-04,255.68555697532094,247.5944961421761,251.73984802327297
2001-02-05,255.48964867044606,246.17490244636582,251.26965296213763
2001-02-06,257.96928194477164,248.2323471632264,253.0688721006375
2001-02-07,258.5924327429647,248.5720427172667,253.94688810010115
2001-02-08,257.63753945244656,246.9330345741736,252.34418763061123
2001-02-09,258.7260755841935,248.22039767952086,253.23346029142976
2001-02-10,257.5842015790049,247.93702309616918,252.46425990950257
2001-02-11,257.14200445350076,247.32336367093592,252.42568522056996
2001-02-12,256.8271850852704,245.56604881533048,251.52142946492327
2001-02-13,257.46107501755927,245.90459746358798,253.10482724888251
2001-02-14,260.88573324367644,252.324613144769,256.9044589849091
2001-02-15,260.87762791670013,248.53582587732976,255.14483410938098
2001-02-16,261.87679251564924,251.8302391944608,258.3340968286359
2001-02-17,262.4803871600684,256.06311004960907,259.2850214802963
2001-02-18,261.51542206242107,250.14834717925137,256.5780447217562
2001-02-19,259.3716828604749,249.2364198025832,254.83919232805997
2001-02-20,261.2194953728569,250.2281005532759,256.70344620886726
2001-02-21,260.06301994596464,248.961823622203,254.8843176955443
2001-02-22,261.5396061211366,253.27752765486258,258.3479276344489
2001-02-23,263.045581985314,257.48371314202626,260.33295993717184
2001-02-24,262.2332230438312,254.469191162935,258.78911939151385
2001-02-25,259.8197471355609,252.43008317487445,256.35289458683536
2001-02-26,257.17743711973935,247.190822859456,252.9273851263008
2001-02-27,255.96324613795065,246.43913552721867,251.46193236366238
2001-02-28,256.95570252904224,246.98061036588282,252.16492282188622
2001-03-01,255.2498572502513,245.2617090382859,250.19009408961654
2001-03-02,256.2401215637723,246.40635761494002,251.23278159952818
2001-03-03,258.459938822959,248.35091057949114,253.2903483623714
2001-03-04,258.1772886356986,247.60184033649415,252.73412576689904
2001-03-05,258.5901954869561,247.4882186751906,252.96239153831348
2001-03-06,260.21709659814155,249.3696628309147,255.205377225053
2001-03-07,261.77646941743166,249.62815831384853,255.93402407567868
2001-03-08,261.0642467942441,247.63776657993142,254.7040196199858
2001-03-09,261.6606489456996,248.64205483521886,255.1627099965058
2001-03-10,262.4058117284774,249.7115842465145,255.85370613991742
2001-03-11,263.35164439241095,250.67580276856694,257.1802718031924
2001-03-12,263.8941825921621,253.59007449032197,259.3627150139209
2001-03-13,263.4926687028675,255.7890399098224,260.12651109325657
2001-03-14,263.124271388029,253.82124737039643,258.74949193985077
2001-03-15,261.58076307250934,249.09674711788446,255.92446054854415
2001-03-16,260.77595920257954,247.5486036522378,254.82715083333918
2001-03-17,260.77589454214217,248.04392367671565,254.6841050476348
2001-03-18,261.80548728173346,249.5830379075991,256.80878164771406
2001-03-19,264.60748309361384,255.30217405339044,260.86753296730967
2001-03-20,265.50804020849665,253.29614876876786,260.5213113589028
2001-03-21,263.31387998221953,250.42178869110933,257.5961784388925
2001-03-22,263.3219590229859,250.07539423479977,257.464981491292
2001-03-23,261.8972446831892,248.12413312641368,255.62459395421934
2001-03-24,262.2029162045959,250.21180988697702,256.4160389698884
2001-03-25,263.32090012661087,251.75745878151307,257.37660156091584
2001-03-26,265.20692864991975,253.37977053360027,259.17623817647416
2001-03-27,266.40390261162105,255.11574924050353,260.97499749443944
2001-03-28,266.37884652040066,257.96549804887945,262.70910856238737
2001-03-29,266.1420018021992,255.88135531970434,261.22872934961856
2001-03-30,265.74647834309314,254.34294410548014,260.556314440427
2001-03-31,265.48619574850295,253.23073162416958,259.9251777812567
2001-04-01,264.8454229762251,250.97418282916547,258.4167345776533
2001-04-02,265.5766596212153,252.0899844318651,259.7392958212031
2001-04-03,265.3242487469794,254.56510127808573,260.9115050391031
2001-04-04,266.0727427349574,252.54115028554472,260.3982346397362
2001-04-05,267.0794046953223,254.30983210528447,260.8934466732698
2001-04-06,267.4149722293678,255.37188914224606,261.4655852999359
2001-04-07,268.4211906199308,256.7817843373523,262.34974445159173
2001-04-08,268.90340989825245,256.2839579183322,262.9216868950156
2001-04-09,269.0518267037788,255.23886722000356,263.11762058665414
2001-04-10,269.25078595293667,257.24991108961945,264.439898628914
2001-04-11,270.084332857425,258.26758753671555,265.1125761615004
2001-04-12,269.9110637547181,258.1490570599709,264.5488163870687
2001-04-13,270.0888153062037,259.6626158326547,265.69830653479977
2001-04-14,270.2863922546581,260.40768932137007,266.0286265126801
2001-04-15,270.59035022949655,259.9360710247011,265.72459879329057
2001-04-16,269.86101402178605,260.3120401585199,265.8945416245424
2001-04-17,269.677302527089,262.2807874356399,266.3742868637843
2001-04-18,269.4284437680155,260.4628072767697,265.5527742483824
2001-04-19,269.46759639929144,260.7863233666499,265.8457700239869
2001-04-20,269.62283324443433,259.0700649628521,265.35482247165976
2001-04-21,268.39854596895793,255.64171622999564,262.91197112279286
2001-04-22,268.39897278783593,254.2489978827896,262.19955836103827
2001-04-23,270.08368990028833,257.3950508560794,264.6340813570261
2001-04-24,270.18204341859536,258.9130139299597,265.3856668633769
2001-04-25,270.65404130879807,259.38998777647856,265.7363524438897
2001-04-26,270.9761513669762,260.6521875041219,266.3581641114208
2001-04-27,271.9132648111121,260.7008035172694,266.83839773890406
2001-04-28,271.7482699876194,259.7020988014545,266.49160993513226
2001-04-29,271.018129875002,257.3647538317527,264.7553296350722
2001-04-30,272.1247985132027,258.4142932348332,266.71319445830096
2001-05-01,272.24007136385785,263.6390495103111,268.43454313399207
2001-05-02,272.9681309021315,262.20383137088896,268.44766977224697
2001-05-03,272.3354581292656,258.63273239829346,266.31077261624887
2001-05-04,273.61547236171106,258.9206646450516,267.7046998029563
2001-05-05,274.7278570509933,262.589054617043,269.3814673629226
2001-05-06,275.2022085369847,264.3814083675734,269.9089623601688
2001-05-07,274.63425158110795,263.97542806512683,270.01321827273114
2001-05-08,274.1797547597088,262.02493953272034,269.5159943795042
2001-05-09,274.4002546438986,261.22802247870106,268.58392086809357
2001-05-10,274.92368562551286,261.96779500715667,268.8151667141829
2001-05-11,276.5826316301504,263.2404686771822,270.1455408030442
2001-05-12,276.8977495016423,264.21897941532904,271.0056026816957
2001-05-13,276.81481976093494,264.66571536968064,271.10543397433435
2001-05-14,276.13257625839196,264.3352198739465,271.1141394340099
2001-05-15,275.2766041083146,263.02761077380865,269.976004226578
2001-05-16,274.5183389793141,262.0170411429249,268.8741562855947
2001-05-17,275.2867610080254,262.58309071836413,270.1090285393715
2001-05-18,275.88967655772274,262.9091813991823,269.9596006460512
2001-05-19,277.11868290354596,264.42170811500677,271.78619569470123
2001-05-20,276.0256908147931,264.81770182805514,271.24742343037
2001-05-21,275.45886707770654,263.7574299284373,270.4689756877466
2001-05-22,275.3391748752976,262.7745635398813,269.66466998325393
2001-05-23,275.78754581961505,262.71494384291356,270.3024000810875
2001-05-24,276.1854597646098,264.0587649800447,271.0493669581173
2001-05-25,276.45419264974805,264.76790106275223,271.61828441023084
2001-05-26,277.1797018468766,265.0916098353797,272.23149542792265
2001-05-27,277.8046508921919,264.0728709576798,271.74199351129164
2001-05-28,278.11842968079,265.50853636639516,273.07425555308913
2001-05-29,277.38718657192527,267.1958842261337,273.025605969911
2001-05-30,278.4528485346262,265.67183264586964,273.14826116028064
2001-05-31,279.5645641796205,265.36111548604566,273.4845908456072
2001-06-01,280.4743793302381,266.4449308522668,274.7960447996195
2001-06-02,281.4316235143413,269.4940542449066,276.1733199170637
2001-06-03,280.60392708035266,268.4829433106557,275.382196855853
2001-06-04,279.03432668575925,268.0428933986433,274.18703412552645
2001-06-05,278.19176415763684,267.51589213200344,273.5062430213438
2001-06-06,278.04439516655333,267.0032226040999,272.9522946856817
2001-06-07,278.63839959088176,266.7235148842326,273.41340641070786
2001-06-08,279.5668759285693,266.8849397713821,274.2909306762274
2001-06-09,280.5994529676566,268.35875343793447,275.2260162609012
2001-06-10,282.0542319511656,268.64367676300037,276.22554574796635
2001-06-11,283.84442409320746,269.45659700484674,277.54476366487444
2001-06-12,284.9484997624502,270.8091367554632,279.172786246596
2001-06-13,284.39774669271026,273.6854368654863,279.5849938665373
2001-06-14,283.6664665501,273.5679835705058,278.72313578591155
2001-06-15,281.5229945976004,273.39099367592377,277.6635332188948
2001-06-16,280.9588347144993,273.44927069475455,277.1638337736232
2001-06-17,278.17451322269665,272.4498532269575,275.5858106000895
2001-06-18,279.79388356073093,268.5500418145539,275.2436370370065
2001-06-19,281.180901160231,267.9724159287526,275.8159319002094
2001-06-20,282.53409096317114,270.4883363241361,277.4917256694168
2001-06-21,282.38958120271593,271.33571419087804,277.3797075082193
2001-06-22,281.93804004856196,271.5232966778722,277.5600280667168
2001-06-23,280.03901054817754,273.19049689029157,276.76484317918624
2001-06-24,281.15869996612815,271.0811026850956,276.8657456329983
2001-06-25,282.68700918808696,270.4700013886343,277.4332859509307
2001-06-26,282.756490313969,272.05250007206575,278.0992038648813
2001-06-27,284.6841804103006,272.21555930035026,279.34530300743967
2001-06-28,286.52204179654996,273.69914706219487,281.1781261661994
2001-06-29,287.8964927634128,274.93348466409026,282.31241169915234
2001-06-30,287.8410050978845,275.8218880099516,282.44297278971254
2001-07-01,286.1123412563985,275.7533322516228,281.3567832057161
2001-07-02,285.8664150056366,275.72017808755896,281.0808904980468
2001-07-03,285.0829372157038,276.4277169770495,280.7946995423233
2001-07-04,284.5988811648311,276.93371512317333,280.772231201317
2001-07-05,285.2630587888282,276.2544454374013,281.14228379212636
2001-07-06,286.3901542766994,276.7194950472949,281.8244374852026
2001-07-07,287.1126975655854,276.01347130090454,282.1532989479765
2001-07-08,287.1313822011747,276.0890784939804,282.209796149306
2001-07-09,286.82716008521845,276.8591702868291,282.158567286193
2001-07-10,287.364289570297,275.92862030152764,282.1391863458506
2001-07-11,287.3820286759988,276.05074264321803,282.5424585109623
2001-07-12,285.5806409609941,277.34791733549497,281.46901580854546
2001-07-13,285.6056848546872,276.2752606626627,281.22301890665256
2001-07-14,285.97167493451843,275.60837112043066,281.2248750535025
2001-07-15,285.07052373520264,275.70229402580463,280.75979001592896
2001-07-16,283.48400899812157,275.7381981151897,279.51804266683666
2001-07-17,281.35567620890725,274.93289904412234,278.2259163224516
2001-07-18,284.0171013895518,273.0389744806298,279.4120745788206
2001-07-19,287.08302877231057,272.78881075118335,281.19194015095457
2001-07-20,289.02920919611665,274.7551130092159,283.04236140029104
2001-07-21,289.2243578569714,276.4217964789238,283.8529891674075
2001-07-22,287.9115789634532,278.27206279429254,283.3563039168577
2001-07-23,286.27156710439886,277.99514806766985,281.9568147887354
2001-07-24,283.3293304477569,276.94175353258186,280.03289169704385
2001-07-25,283.55163297239034,276.0924689203995,279.9448739784509
2001-07-26,284.4585235674349,275.62454756663743,280.28236380918014
2001-07-27,284.8084520384786,275.46334090115636,280.48291947691047
2001-07-28,284.29002898375774,275.64403839475216,280.00822893412237
2001-07-29,280.14055466684914,273.7796097076193,277.1348793809062
2001-07-30,279.3063702120368,272.0434443267702,275.9999150440655
2001-07-31,281.3111122058679,269.25272915231426,276.3739853298913
2001-08-01,283.34148627672926,268.8232465019877,277.37483524156465
2001-08-02,285.26602004995345,271.3858510951773,279.10785538582735
2001-08-03,285.422612113992,273.12686298955094,280.2009499231386
2001-08-04,285.0138160340643,274.7398625588299,280.1819831090366
2001-08-05,285.53591035758365,274.4877230956343,280.6201520424293
2001-08-06,285.7131985452399,275.24355289459237,280.87334104904903
2001-08-07,284.6617052828777,275.41702961797245,280.2620411566179
2001-08-08,284.8478169259667,275.16408172906796,280.2156585066864
2001-08-09,284.8974001945226,274.6309022026613,280.02912756343164
2001-08-10,284.8224717869221,274.52073656110355,279.9730121054898
2001-08-11,285.14546444762345,274.4492068429596,280.19447225751526
2001-08-12,286.1438452545638,274.4060691204587,280.8907635613538
2001-08-13,286.99267621113484,275.249004273018,281.7146468532023
2001-08-14,285.5518412005045,276.4842545437386,281.2178168028214
2001-08-15,282.98679955543935,276.1169565767842,279.637297786843
2001-08-16,283.7803001769785,274.1941425303203,279.4050433118078
2001-08-17,284.5794034242391,272.94327983310245,279.4792983098027
2001-08-18,285.40658329814664,274.0690773489836,280.407404810736
2001-08-19,285.53304730472087,274.65799760070576,280.5366113258394
2001-08-20,285.52018821254904,275.23500348732836,280.6602764406141
2001-08-21,284.92099571486483,275.33477135402126,280.1354295225522
2001-08-22,283.79080034658614,274.63582490825235,279.2762825649256
2001-08-23,282.5585116617631,273.81043332817495,278.15316430447797
2001-08-24,282.4137119226614,272.31777253631697,277.7758788418175
2001-08-25,282.6781026025052,270.9042100693825,277.27201050191155
2001-08-26,283.33562945220433,270.34158923481516,277.39029776944545
2001-08-27,282.9439712054263,270.507638366287,277.3039049589333
2001-08-28,284.0375544997557,270.28214543132526,278.25856266096685
2001-08-29,283.34110518666233,271.82825618898454,278.12215100403995
2001-08-30,283.0516538617506,270.6181848123869,277.6150012197102
2001-08-31,281.8292478373046,271.20365834156837,276.79497156607033
2001-09-01,282.84163037665877,270.5481702406889,277.5087454100967
2001-09-02,284.3106666350992,271.4190173479347,278.43904226381375
2001-09-03,283.05753468798684,271.861117600094,277.841449850136
2001-09-04,281.33407350658206,270.99301430064645,276.3938198190636
2001-09-05,280.4979829466638,268.70860022002495,275.2444774987632
2001-09-06,281.23722038495146,268.40111862637286,275.61092098913826
2001-09-07,281.2534527343501,269.276514585757,275.76949239809994
2001-09-08,281.879928727137,268.76787639055556,276.16545443396217
2001-09-09,282.2708474892209,269.30681289432465,276.3825601464553
2001-09-10,281.29209691662885,269.27283426197,275.65647888145105
2001-09-11,281.5067389035173,268.62340593823205,275.8803337461929
2001-09-12,277.8422846468544,269.77488508474624,273.84715573065864
2001-09-13,277.7594530293341,268.895848886018,273.26213284918276
2001-09-14,275.0267204784325,267.1428732433922,271.5748786881218
2001-09-15,276.2429658499331,265.3433591905121,271.3108696200056
2001-09-16,275.85353249419387,263.4565595764038,270.36068448058603
2001-09-17,275.91723024033877,262.3034171766563,269.69469285049666
2001-09-18,275.9134772398796,262.82059192133494,269.7415217899707
2001-09-19,276.1176402099022,263.5068992705008,270.6600773329611
2001-09-20,275.23916574589623,265.2672390739145,270.78693331641693
2001-09-21,275.9083547218435,263.9497780285698,270.71704158999205
2001-09-22,276.14875668059216,263.3288649247662,270.099114870798
2001-09-23,276.08005680583045,263.0656844415633,269.8116079594733
2001-09-24,276.37631327333514,262.7273958685054,270.1329187429802
2001-09-25,275.816394565139,263.4093324193374,270.0825148393952
2001-09-26,275.41790934660185,263.19797447204087,269.8801681837805
2001-09-27,275.33804555603575,261.6183124907893,268.93579922858476
2001-09-28,276.9070894071569,261.9946768195603,270.35275522272855
2001-09-29,277.52750543400634,264.7777952428038,271.4530733446388
2001-09-30,278.03474949029834,264.7360052101046,271.84906131355604
2001-10-01,278.18883865233204,265.391108266954,272.3826247036576
2001-10-02,278.2345679225956,265.6901471003175,272.07947277053427
2001-10-03,277.44604631901046,265.7560736093967,272.09699839813226
2001-10-04,275.3858810272322,264.46735669401846,270.30692915019455
2001-10-05,274.19880816858966,261.675137661062,268.45469459083245
2001-10-06,275.23311742482014,261.50055688550015,268.76855565812104
2001-10-07,277.2820214250459,262.69043924184615,270.69945879272746
2001-10-08,278.4089933445676,264.30143928115234,272.1205229390021
2001-10-09,276.35619068659395,264.7770475979289,270.8333766055758
2001-10-10,273.75390547519214,263.57078817056674,268.96155987935435
2001-10-11,270.78202195932886,261.00689391699615,266.5250644708489
2001-10-12,268.59448463032146,253.2158337628027,262.0428962162692
2001-10-13,269.3639295562803,254.64900324639163,262.37050513324715
2001-10-14,269.34407029066136,256.5958716019393,263.01245847983597
2001-10-15,270.130055531183,257.44260205702,263.7457351191685
2001-10-16,270.8309724627597,258.28602654946974,264.5222502821814
2001-10-17,270.6382539900207,258.47682838028095,264.5617463538766
2001-10-18,271.0634106610168,259.28952718934835,265.43644992120915
2001-10-19,271.7038222293599,259.40174910775045,266.07659255825325
2001-10-20,272.3591322324877,259.65315448543316,266.304441810226
2001-10-21,272.0369879091578,260.267882604432,266.2036867918612
2001-10-22,270.9818595005071,259.31495894419965,265.39275291876936
2001-10-23,270.6729236930843,258.4150312755123,264.5601185224588
2001-10-24,271.43888836097125,257.5053550939498,265.21948369731643
2001-10-25,269.30135475578567,255.08996912341465,262.0339806959084
2001-10-26,270.6442141293212,256.54471104836665,263.894805082656
2001-10-27,271.79516625524775,258.3068494896517,265.0406943495759
2001-10-28,271.498528266513,259.39191458876473,265.6055461753671
2001-10-29,270.30809349467967,258.7854180730473,264.5238493439562
2001-10-30,269.64625161529034,258.9621797442859,264.80419757209546
2001-10-31,269.26068005460525,260.03671429621204,264.6854255508646
2001-11-01,268.1547027569243,261.46075953439026,265.4865651876527
2001-11-02,268.491515939786,262.5177910657574,265.43687679031495
2001-11-03,266.03252049416955,260.2492561439766,263.8338515628885
2001-11-04,263.2540424999343,250.7210097499465,257.6031804554532
2001-11-05,261.7908534072369,252.04956966002092,257.91056552164275
2001-11-06,262.17160262313774,252.45152032810182,257.51276003971924
2001-11-07,259.2496465562108,247.92370689314131,253.729738718306
2001-11-08,257.41982938309764,248.0420467158872,253.15974342893426
2001-11-09,259.8093378419617,250.31255631288897,255.00697937430044
2001-11-10,260.1023674458033,249.9270769353101,255.38933804052505
2001-11-11,259.7143491853629,249.59079015055906,255.25781294202434
2001-11-12,259.08384661270514,249.04934121852068,253.9355864769806
2001-11-13,262.9118168119696,251.6459978296052,257.93230784634346
2001-11-14,264.6292423552745,254.98030880188622,259.32940248272456
2001-11-15,263.9398705446061,253.81292740440114,258.5017605069452
2001-11-16,262.38961379498204,252.24815481369768,256.9219914257094
2001-11-17,260.97283576492447,251.44084129240062,255.69500110590357
2001-11-18,262.78308141235465,251.7516632431203,257.28263527047125
2001-11-19,264.4704142083407,254.04299641266874,258.9580227170767
2001-11-20,264.6741994372253,254.11967676741776,258.9969247155204
2001-11-21,263.2231645218927,251.68286765324083,257.12818870900264
2001-11-22,261.5852533414334,249.70734522020695,255.33961410067715
2001-11-23,262.0300138206434,249.9915246831594,255.9686599140525
2001-11-24,263.8516642861371,252.3952857618298,257.7268560983001
2001-11-25,264.2444239759376,252.89858856910183,258.0337456165401
2001-11-26,262.9623666080044,251.97483664113065,257.2860082533759
2001-11-27,261.27522163302575,249.5231504559997,255.18947930504234
2001-11-28,261.0283053248746,250.9961847104818,256.30794022579397
2001-11-29,262.01058440275807,252.16230490822034,257.7191394012245
2001-11-30,261.8998869465408,252.1500059655916,258.21271327798365
2001-12-01,263.27512716673596,252.09301300987923,258.3486269969144
2001-12-02,261.42936896823886,251.87016160297227,257.5020636219482
2001-12-03,263.2405284069693,256.44971770897394,260.58132238072193
2001-12-04,262.92753828242144,253.12288621914576,258.86573990859347
2001-12-05,259.0746916790781,249.2246192862241,254.38719287264627
2001-12-06,259.52421506719304,250.19781841807918,255.88924437373018
2001-12-07,261.9821907340787,253.00952314327571,257.7484457417745
2001-12-08,258.22363925287846,247.98679046417337,253.45607258596087
2001-12-09,256.74776508356496,247.34612245222723,252.70197373582633
2001-12-10,258.10956351190544,251.304988339113,255.15288480789837
2001-12-11,258.33912840310705,251.84614548210178,255.2652943595229
2001-12-12,256.6531846916222,247.85718497215504,252.62788755016678
2001-12-13,259.39730803731766,251.4072851211658,256.69066643824937
2001-12-14,261.7230823380173,255.83067183860788,259.0840627151338
2001-12-15,259.26535346929865,249.05609730277163,255.07329699767456
2001-12-16,256.59938239454465,249.15395495332862,253.3931717580852
2001-12-17,258.657341542212,252.25868280228931,256.2445408530484
2001-12-18,260.33211824268386,252.8505512814105,257.39077858709226
2001-12-19,256.3802991785025,245.29968298880192,251.8367701736757
2001-12-20,253.5929868140819,247.2494133714285,250.52307839941872
2001-12-21,255.52300642907718,249.00853300201499,252.4316032013103
2001-12-22,257.9897087156451,251.47377999376587,254.89020521315436
2001-12-23,258.9026373131752,251.88627958554997,255.48129182004647
2001-12-24,258.54544814566685,252.00930451927854,255.40125997872352
2001-12-25,258.83783134498435,252.5217135572478,255.6055788731065
2001-12-26,259.1700962242757,251.24640677509936,255.4379696334473
2001-12-27,256.4575206722587,246.57221425734758,251.69793533470047
2001-12-28,254.0384441318644,246.1776681306615,249.90656987291942
2001-12-29,254.55275861343932,245.63805593557314,250.20719639760932
2001-12-30,253.40006639127748,245.58326034507158,249.4615388370564
2001-12-31,254.8671358288526,247.26814680787982,251.08940396647486
2002-01-01,257.0000417474042,248.53479014176875,252.5727800493154
2002-01-02,255.32256713967314,246.71478997442802,250.9129656639008
2002-01-03,256.421882533004,247.28717188172718,251.77112149716143
2002-01-04,257.1434800938462,248.49462917075988,252.53282924744371
2002-01-05,257.3231365143538,248.79178559599364,252.4489600761491
2002-01-06,257.67428458969397,248.4255600082728,252.59460352273817
2002-01-07,257.14321712400044,247.69911599443142,252.06545290760545
2002-01-08,257.20775333599147,246.72259527965545,251.82536841203662
2002-01-09,258.75339889509434,248.9607923148886,254.30776142837456
2002-01-10,260.82062840094835,251.94874449705688,256.44141724208913
2002-01-11,260.16153381264644,250.7451959999278,255.7645573215022
2002-01-12,262.80520899746006,254.400273172181,259.4657290443908
2002-01-13,263.78663556581404,259.138669998995,261.66241685307796
2002-01-14,260.83296602896803,255.92543018958128,258.8337421471651
2002-01-15,259.0513580181363,252.7385266577232,256.209501954662
2002-01-16,256.7233412354792,248.65950719830997,253.37471580679244
2002-01-17,253.43475482743474,246.6715533925037,250.1773515197446
2002-01-18,252.30228188784096,243.21675260663204,248.0386037540933
2002-01-19,249.93848734514788,242.99835460460176,246.59202108589295
2002-01-20,251.77604901246616,243.52716670690432,247.58912734772406
2002-01-21,251.1088686936225,243.6992563555091,247.0791641472908
2002-01-22,251.21195899225526,243.81098061748673,247.21730707175684
2002-01-23,252.20289834333994,244.44014858948228,248.0796241260571
2002-01-24,251.37165401668486,244.0370792887728,247.3580491011226
2002-01-25,253.35312890699387,244.0909528692966,248.8951722688797
2002-01-26,252.35469230877828,243.89667056477546,248.20676243967532
2002-01-27,252.1098546447932,243.25039966086788,247.43039660710247
2002-01-28,251.0128077576769,241.99734830474503,246.40410127574603
2002-01-29,251.5331116659116,242.70004314223854,246.73381901510254
2002-01-30,253.24964803236807,244.0246100815448,249.04967492269606
2002-01-31,256.44655433086683,247.49427106034227,251.47723722113034
2002-02-01,257.0810033819901,248.29036186592978,253.06988126900603
2002-02-02,257.3376032767531,248.2108225000249,253.52795865181633
2002-02-03,255.1959391051583,245.00453944606207,250.21043943978083
2002-02-04,255.51163797371058,246.12928846182757,251.36420796038658
2002-02-05,257.1108649060942,250.5808406703198,254.1783879656217
2002-02-06,257.5136349559153,252.52409366048576,254.96315388582778
2002-02-07,257.89157760868295,252.93246001173966,255.4806488027415
2002-02-08,257.78747798163863,252.0206173776173,254.81318113983238
2002-02-09,256.9453669550793,247.26506476184846,252.85901640162737
2002-02-10,254.69157421246845,245.7578101159526,250.2948708683729
2002-02-11,255.60002183542218,247.5443496783424,251.77057542825295
2002-02-12,256.9532360662369,246.37963245563057,251.96154505128965
2002-02-13,256.24412630793495,246.50405723759866,251.71310263084334
2002-02-14,257.8184304658911,248.93594854811275,253.42083118054197
2002-02-15,260.0340471025455,250.71791846494278,255.65373536381017
2002-02-16,262.04002697482133,253.97435167317062,258.74235050708455
2002-02-17,263.0825272786137,256.52916568883484,259.7538989907507
2002-02-18,262.0800881922003,251.15543461481752,257.5467149287257
2002-02-19,259.5998645292116,250.19765853680727,255.46382230982405
2002-02-20,260.54844557050484,251.39165086862224,256.0134435979377
2002-02-21,260.562633515626,251.77934255760815,256.65370398977365
2002-02-22,261.4608047978657,254.32477399998314,258.645102596418
2002-02-23,261.4518442405104,254.66916175504272,258.1586641299633
2002-02-24,259.7378068441256,251.59949548840234,255.80449874946763
2002-02-25,258.4169654905401,249.25221567751709,254.17854444407683
2002-02-26,258.00927405211377,248.55728177011656,253.71526000421102
2002-02-27,258.25861228887663,247.13363435571097,252.68580689562575
2002-02-28,258.51099356583006,247.9124679419187,254.69549939510358
2002-03-01,261.5028130493006,254.95265593894607,258.55350197315556
2002-03-02,261.8838562982239,253.4894502388577,258.20326045557476
2002-03-03,258.86652724438585,248.35554383289937,254.36597172444553
2002-03-04,257.6789692281981,248.37668893647654,253.02480402888096
2002-03-05,257.45613469653796,248.6758604529896,252.87937648318413
2002-03-06,258.3378110346064,249.72814187763728,253.56608097738552
2002-03-07,260.1458003458687,250.5642765719014,255.99299538897927
2002-03-08,261.39363112302345,254.63567936351896,258.20092432656077
2002-03-09,262.5363188016374,257.0578041079477,259.8621901520713
2002-03-10,263.7903320942872,252.7319271818675,259.40461441025985
2002-03-11,262.04358807121287,251.68006298051094,257.6727905142297
2002-03-12,262.3221885539534,248.8829742352844,256.3402758652684
2002-03-13,260.92453523550887,248.2641312188137,255.52381980139458
2002-03-14,262.1612802335766,251.6937167573013,257.00810130718054
2002-03-15,262.01460820215505,251.18106962841108,256.50234409176164
2002-03-16,262.9662559143752,252.22468024897452,257.5552746738417
2002-03-17,264.11950333614436,254.29809685943428,258.91608555730085
2002-03-18,265.3028003662572,255.73452711879526,260.0465024702626
2002-03-19,266.88348251766615,256.7219577547446,261.4387637172052
2002-03-20,268.322649726479,258.5680703176273,263.22107902732574
2002-03-21,267.27361449896074,258.94093682387296,263.2234333338626
2002-03-22,267.14910026293114,258.06107056365096,263.0845756973025
2002-03-23,267.915381416838,260.62307333545715,264.013242328051
2002-03-24,266.5061597032888,260.2995029534291,263.7484589726676
2002-03-25,265.01346572732587,255.40814302122965,261.0836571432798
2002-03-26,263.8646417596566,251.6027350798532,258.3065989415018
2002-03-27,263.0122596881438,250.18527079150388,257.3398416986764
2002-03-28,263.8232243846271,252.52945653830292,258.1547290745064
2002-03-29,264.0914264773181,253.64478659699245,258.91301915502515
2002-03-30,265.6184193214477,255.7837428686387,260.9554351472215
2002-03-31,266.637928556643,258.08620126472846,262.73266687083935
2002-04-01,266.3209688417254,257.56385759080007,262.59862553933755
2002-04-02,263.9985690392607,251.8821562581235,258.8085075816001
2002-04-03,264.75782173122786,253.11633249552176,260.27196986761555
2002-04-04,267.1273829261176,258.604346622541,263.39183816034006
2002-04-05,268.5925456129516,260.83214232740255,264.9382252897423
2002-04-06,267.8442989347542,261.4737792656495,265.05788980194825
2002-04-07,268.51523630944786,260.309325356165,265.05336596327913
2002-04-08,267.7194349019082,253.86225056414796,262.0822258036926
2002-04-09,266.0971246690986,253.66922908373618,260.6097379510618
2002-04-10,266.25429547968423,254.3833840157214,260.65289602617423
2002-04-11,266.0614308098092,252.507272513167,260.05260716781686
2002-04-12,268.1635642368871,255.4666472229954,262.72482897328996
2002-04-13,269.61536597849346,260.01522755460866,265.16997317721115
2002-04-14,271.0462272827012,261.4635147879534,266.56892145708804
2002-04-15,271.24162278239925,262.265921304664,267.2245390486755
2002-04-16,271.3710938952624,261.787008930359,267.1025502626424
2002-04-17,270.585867246548,260.3704568688454,266.25917644903967
2002-04-18,270.1948987403363,256.5543997844619,264.28499717379907
2002-04-19,270.3454467592911,255.82463475747048,263.6388341704251
2002-04-20,270.8330591333857,257.4911345551338,264.8970170587616
2002-04-21,271.17240509436783,260.1229108168313,265.8804879820511
2002-04-22,271.65908748852854,261.4720157350679,266.9743641052201
2002-04-23,271.20753909467714,263.3720079868996,267.75354730456485
2002-04-24,271.0503489183698,264.5548965556281,267.80385127984016
2002-04-25,269.2183649617215,260.52113671403646,265.8556634130495
2002-04-26,268.01396869319535,256.97297789418786,263.6974520540005
2002-04-27,267.7856740452242,258.58055016479705,264.07703865628434
2002-04-28,266.4557026798686,256.9997706654972,262.3606638007926
2002-04-29,265.74963536991845,255.9247560250584,261.7311105460811
2002-04-30,268.23475301327915,258.8541467698326,264.0331195225796
2002-05-01,269.32024675032034,259.2695242904138,264.5715782461656
2002-05-02,269.85386640805126,258.4784761835983,264.78874479579395
2002-05-03,270.0174743682719,257.84703409451686,265.14422755457446
2002-05-04,271.34073140253315,261.06485966552975,266.4820505625209
2002-05-05,272.02646766356924,261.13012397009607,267.2610882355057
2002-05-06,272.25649847189464,262.38926565481034,267.8759847102439
2002-05-07,272.3289220568611,262.33169473957724,267.99235388111686
2002-05-08,272.6013021111549,261.0343736836989,267.567113517335
2002-05-09,272.7687577147397,260.99172603022043,267.2310101250958
2002-05-10,273.308229873636,259.23342279341995,267.1414083846386
2002-05-11,273.08015016291574,258.8611700093575,266.8580672866661
2002-05-12,274.3091476079227,261.860795574818,268.7286290471168
2002-05-13,275.11884712904214,264.4325828019729,270.4182743888081
2002-05-14,274.7965116855502,265.749584957223,270.92745648588783
2002-05-15,275.40504751286585,265.5545716061951,271.3759313708664
2002-05-16,274.89760589272544,262.4928224145114,269.3978227949647
2002-05-17,274.7125281339295,262.16397236785934,269.29306791689424
2002-05-18,273.56890343301376,262.6043816038916,268.7835234970646
2002-05-19,272.09974629790065,262.9421285508398,268.00033436807826
2002-05-20,271.5952170242267,261.0707683486447,267.25371164503554
2002-05-21,272.43184709692036,260.2969035751451,267.427472529813
2002-05-22,273.7219607632622,261.9448729377328,268.52726960402504
2002-05-23,274.35821283817256,262.30265266503153,268.99714639393375
2002-05-24,274.7672521265126,261.6298366094809,268.7692816475032
2002-05-25,274.45665882841956,261.34334743377156,268.4249544264149
2002-05-26,274.9021126109207,261.47353485190564,268.7039711258452
2002-05-27,274.80611405944717,262.6052920145341,270.02738685530403
2002-05-28,275.0494557384232,264.52750278657743,270.24627847130273
2002-05-29,274.3983115412125,263.3551135399048,269.7546911034004
2002-05-30,274.7049282111174,262.104499365769,269.1376769695207
2002-05-31,275.4316222709268,261.53112313881115,269.69828134979855
2002-06-01,276.5274622510461,263.5912195035585,271.04166471482284
2002-06-02,276.54218128883815,264.18900464214204,270.95621689090774
2002-06-03,276.72137980375754,264.2137670810905,271.2750269156901
2002-06-04,277.3024477157721,264.66504318928156,271.5801287325532
2002-06-05,277.22288351334845,264.66504462412377,272.0115095932946
2002-06-06,277.00730234856815,264.2201947578067,271.82269497446
2002-06-07,277.2809380966237,263.3439020924797,271.20312967614984
2002-06-08,279.11772305542877,264.3250044637275,273.46059810692066
2002-06-09,279.41571648745656,267.683371689405,274.4491609099206
2002-06-10,279.1280837847056,266.0206925359298,273.60614736402283
2002-06-11,278.7123524419917,265.8204429077105,273.403343702178
2002-06-12,278.9945815469594,265.9001081437944,273.11337923764916
2002-06-13,279.67706236354786,266.5705280451792,274.2413917966278
2002-06-14,280.0191638338435,267.0166309168513,274.6475946524111
2002-06-15,279.7341205800703,266.9765659596052,274.3310437787878
2002-06-16,278.4752733784883,268.4832073576762,274.3397708628906
2002-06-17,276.5526570912105,266.8037002562048,272.75128077973085
2002-06-18,277.2606600379099,265.7861753472681,272.462307814027
2002-06-19,277.19046829627433,266.6065061774315,272.8020173568442
2002-06-20,277.378765526105,265.937668208031,272.5025924403954
2002-06-21,278.6289594041465,265.0912964831014,273.0135199986811
2002-06-22,281.59845831923985,266.633626686768,275.8743303434471
2002-06-23,282.2884486576669,271.16157971965185,277.6374467845307
2002-06-24,279.8101338534529,270.7396097398685,275.92248867020726
2002-06-25,280.5389410108873,270.1723955688184,275.9352357295523
2002-06-26,280.96485657485505,270.28222425100853,276.3136124212239
2002-06-27,281.77358223962494,270.14984037968895,276.66270501809623
2002-06-28,282.11501737028,270.28760538658366,277.12634162086516
2002-06-29,282.217343270031,271.2963140924537,277.2420149715971
2002-06-30,282.00933324201685,270.84189645062287,277.2569067971894
2002-07-01,282.77230495504153,269.69315479197905,276.84097607277283
2002-07-02,284.1237557270035,269.8011504809959,278.24959931322263
2002-07-03,283.8315570582597,272.37792924381796,278.9088472387504
2002-07-04,283.0663784001139,272.5213438269685,278.1860304771775
2002-07-05,282.1318964817941,272.2720605795304,277.55174681292993
2002-07-06,281.72546956847225,271.40494935588197,277.0157282631937
2002-07-07,281.95426683152465,270.56841248790596,276.9848812232635
2002-07-08,282.37530078039185,270.0197735232667,277.1701807201844
2002-07-09,282.59537585546684,270.90234092516584,277.61689248599606
2002-07-10,281.81155992737627,271.0831946367455,277.10535330520594
2002-07-11,282.1377457844434,270.3073415454303,276.97210476969576
2002-07-12,282.47179029907807,270.1669686484177,277.1256895956448
2002-07-13,282.9073779836299,271.1668057935152,277.58766600147715
2002-07-14,283.41258549214314,271.18053308261193,277.96901205385734
2002-07-15,284.36440082642,271.82937932959595,278.9634269911199
2002-07-16,285.96601852581864,272.9898322102356,280.5378766991126
2002-07-17,285.638530516409,274.6836931254359,280.79499818968753
2002-07-18,285.2953455965641,274.8173072516334,280.5622487169705
2002-07-19,285.75710864793155,274.6973179992634,280.5575895338972
2002-07-20,285.3858939334403,274.49324048768517,280.4328781597564
2002-07-21,284.125755825093,274.9457939775274,279.88918300122606
2002-07-22,282.90736437844095,274.3906667251111,278.7237523904799
2002-07-23,282.2569121987764,272.2631469977088,277.86408486310705
2002-07-24,283.2186949896982,271.6370604955443,278.27886308296775
2002-07-25,283.8210732854047,272.25273440751096,278.800953785232
2002-07-26,283.81730198542135,273.611035927193,279.06110787884535
2002-07-27,284.0567889593797,273.81562996791257,279.3748536471319
2002-07-28,283.90774938299774,274.5481468498765,279.28294564723535
2002-07-29,283.1258455204318,273.3649907405377,278.57076382999145
2002-07-30,283.0752478036426,272.7568581747096,278.46319461855063
2002-07-31,283.5376995812588,273.094725797617,278.8385425884133
2002-08-01,284.25125932193697,272.98533607502793,279.3511906199897
2002-08-02,285.72242114981435,272.99786787965917,280.3671037380377
2002-08-03,286.5584254933226,274.70110414371476,281.5860598364793
2002-08-04,286.22106332288746,276.07759532273457,281.5186321053548
2002-08-05,286.48683879526345,276.3081741463456,281.7572137069113
2002-08-06,287.0427112678688,277.0387193604032,282.4372770350303
2002-08-07,286.624094656924,277.3070898210492,282.08675285595314
2002-08-08,287.4558442077064,277.14036031279505,282.70313772703315
2002-08-09,287.4677371572464,277.7811800440654,282.760409513595
2002-08-10,287.8389810664661,277.92930261912653,283.01587981842744
2002-08-11,288.02711501147166,278.2158587398097,283.11323447714705
2002-08-12,286.25110410135426,278.00687219106186,282.0483005789481
2002-08-13,281.8294965825661,277.2767329223496,279.44132272751307
2002-08-14,280.4865090572473,274.7464274305883,277.8767698135261
2002-08-15,281.11144600916987,271.38398816791903,276.87648894595225
2002-08-16,282.4910694819922,269.9883886162573,277.06365554436667
2002-08-17,283.3622641535853,270.580446072695,278.08188498367224
2002-08-18,283.3952952645973,272.3211989994191,278.510961284646
2002-08-19,283.5529679893663,272.9518740644078,278.784722813129
2002-08-20,284.3958160749937,274.092701639357,279.86581625134124
2002-08-21,284.49582823998014,275.3226290470054,280.0914194299912
2002-08-22,284.3598106421758,275.8421238804743,280.0590665221335
2002-08-23,285.1556102780713,275.611046713638,280.64554446814253
2002-08-24,285.52908184553195,275.872699839973,280.8330564349794
2002-08-25,285.118899124962,275.77005898919265,280.55837995632425
2002-08-26,283.8540961555592,276.4915776207657,279.99086973349085
2002-08-27,284.41272429446997,275.35897858584326,280.02211408654506
2002-08-28,284.55201177645466,274.87516929764917,279.8953483975198
2002-08-29,284.234844971312,274.9773421601514,279.72510928248056
2002-08-30,283.724162289315,274.1766735936728,279.0545775913818
2002-08-31,283.00106141512066,273.92757928426556,278.6937950741963
2002-09-01,282.3022832093376,274.19003812091114,278.1712502954551
2002-09-02,281.2315615085585,273.5018329464439,277.2536716318765
2002-09-03,279.44946391960434,271.07364701334,275.5252750493888
2002-09-04,277.41191338569166,269.4525536835631,273.6378671327703
2002-09-05,277.3854289429658,265.69014625430725,272.4695442108676
2002-09-06,277.81243808082604,264.84264674529527,271.94435146433625
2002-09-07,278.4162594233336,264.69802436725803,272.29033728602263
2002-09-08,278.39852264314493,266.52139378662156,273.2144003828312
2002-09-09,277.9652732320969,267.3023843473579,273.0021752289373
2002-09-10,277.581184849648,266.4125081578277,272.58130317654417
2002-09-11,278.06652289737184,266.2851488171833,272.7165512076571
2002-09-12,279.49742263603207,266.49551980455493,274.25327515181203
2002-09-13,279.5946054718062,269.94691478563294,275.23589352060975
2002-09-14,280.001981688002,269.7900052957291,275.2786948216817
2002-09-15,280.1649189984549,269.0081078221506,275.26463955245106
2002-09-16,278.92692298430694,268.2110537302315,273.89044601608833
2002-09-17,276.8668180656966,266.76423951540403,271.9822582873006
2002-09-18,275.712783231788,265.5157314045709,270.9406254459071
2002-09-19,275.7053065052599,264.114812863875,270.31192577548086
2002-09-20,276.0791694853254,262.9781635612786,270.3934246550661
2002-09-21,276.66028249589095,262.9425788910183,270.2546772241811
2002-09-22,277.6409502412734,263.5530698753527,271.49590792039794
2002-09-23,277.23034218053886,264.7762876005651,271.7882820643579
2002-09-24,275.6952740658106,265.74925850471567,270.83233971687565
2002-09-25,274.4058443895778,264.75928227236983,269.8407823951815
2002-09-26,274.72566021386234,261.81330588606124,269.08351911293806
2002-09-27,274.7527465221821,261.7113662005594,269.05267537485133
2002-09-28,274.2653816933179,261.52980703030363,268.55029519582064
2002-09-29,274.3407620684941,261.0636452684609,268.41678614380373
2002-09-30,274.5343834636829,261.5917912149555,268.6029098651794
2002-10-01,274.7865396820879,261.1751539952213,268.5540415602573
2002-10-02,275.9376232063212,262.3737088662058,269.68980964055777
2002-10-03,276.5260560839689,263.2361230563802,270.5486657565108
2002-10-04,276.8105963527002,264.14070210570765,270.92103342212164
2002-10-05,276.67556868555647,264.83061553996725,271.1455096905193
2002-10-06,276.2466502694872,263.9918021293922,270.3468496973566
2002-10-07,275.9985387196892,263.35160681400663,270.2417904931242
2002-10-08,276.0317620452934,263.4425197910771,270.17210207317083
2002-10-09,277.2369026632235,263.47121414217867,270.98666930129565
2002-10-10,276.9644871834836,265.28823021069917,271.3360075504985
2002-10-11,276.61115366049916,264.8309315035092,271.15902174110096
2002-10-12,275.430296589389,264.14811999221814,270.08642403863087
2002-10-13,274.3669030709477,263.44878359601677,269.3425237152981
2002-10-14,274.88838896834545,262.5738227344878,269.2744516327463
2002-10-15,274.44775015608224,263.3250868101962,269.3082471331941
2002-10-16,274.19254906042875,263.1274167870606,268.87315485803924
2002-10-17,273.2360108556756,261.64505457760026,267.6650459937245
2002-10-18,273.2965535871642,260.91203059527874,267.7415965011232
2002-10-19,272.3457961570872,261.6006071038133,267.2817264449923
2002-10-20,270.7846134785206,260.59042822809414,265.9308796108587
2002-10-21,271.01185575060714,260.8755106840978,266.32342435768214
2002-10-22,271.1219952783972,259.6705824439581,266.03569510468736
2002-10-23,270.8396708823701,257.9998942168922,265.0110685951297
2002-10-24,270.16322392219934,257.56359643007994,264.35119565329535
2002-10-25,270.38190628076336,256.9466547774627,264.0468577215322
2002-10-26,270.606793211394,256.88169791287595,264.3387809020271
2002-10-27,270.1496656709791,257.0917808958012,264.00345214012424
2002-10-28,270.14756284363654,257.2419444740305,263.84141760701266
2002-10-29,269.50885964685216,257.2082281170893,263.74306159263546
2002-10-30,269.6217509958933,256.6530786400194,263.39521634718653
2002-10-31,269.4736176414173,256.159919456365,263.0911526945899
2002-11-01,269.6938065061734,256.9381968853768,263.5112511782113
2002-11-02,270.2763218477846,257.3628606206369,263.9367824645164
2002-11-03,270.70175091631955,257.7269027973944,264.36316409468924
2002-11-04,270.41633306981214,258.4093900113166,264.70326179897563
2002-11-05,270.2294402129333,259.0277315350684,264.88338482831426
2002-11-06,270.37612341391815,258.4682895203278,264.7116126297182
2002-11-07,269.3310346806917,258.95941880319737,264.2857754270813
2002-11-08,268.4904384913691,257.9438892281286,263.5028375767423
2002-11-09,268.05658878637234,258.0415883404892,263.4515671196603
2002-11-10,267.74600141302165,258.8972082422598,263.4390019774231
2002-11-11,267.7217253124768,259.3006865092377,263.57316140352856
2002-11-12,267.54739646253523,257.8734901845025,262.9936740446408
2002-11-13,265.9676495121224,252.44178394204025,259.76631541589455
2002-11-14,265.87441230681037,252.6751230908029,259.44432009111716
2002-11-15,267.3082218260483,254.32045086161483,261.04526751857145
2002-11-16,266.89103396562945,253.74422099854695,260.57832258210675
2002-11-17,266.18895122160586,252.95746505196033,259.5178403566571
2002-11-18,265.81268890983563,254.61397568945029,260.58235951526376
2002-11-19,263.51954928948805,249.11407026216813,257.4815060384407
2002-11-20,263.66131540034,248.96186411175697,256.65840211213344
2002-11-21,265.3181220206913,252.10434835651648,258.5361663223328
2002-11-22,265.65904058431045,253.54094041477072,259.0433498878456
2002-11-23,265.79823782468145,252.53582784840947,259.18786924471493
2002-11-24,264.332943160446,249.7759805622376,256.68494771495585
2002-11-25,264.4756656937195,249.8099799080133,257.1537155390284
2002-11-26,265.57636951531407,250.58481857368895,258.19755171942813
2002-11-27,266.5538807617251,253.2181755744825,259.63109434618207
2002-11-28,266.79318799354246,252.8504348961798,259.92385209103793
2002-11-29,266.003372185879,252.56276201774548,260.0850765914405
2002-11-30,266.1557970624296,255.03248915614458,261.1868027334697
2002-12-01,262.35916997077845,251.52528963731677,256.888182049351
2002-12-02,265.99571896219203,255.38192401754642,261.86102802217033
2002-12-03,264.8609617362438,258.6985636307489,261.90363315339926
2002-12-04,262.20996074043325,255.7047541928168,259.2426268286813
2002-12-05,259.2759620287668,250.60359786755944,255.8402315328058
2002-12-06,256.2635563106671,243.95673139219716,250.7701157661957
2002-12-07,255.04045445907175,243.66775614168435,249.4637014395651
2002-12-08,256.42721200739436,246.15780225552945,251.43734674384487
2002-12-09,257.2919475279686,247.30402067630132,252.24100552044266
2002-12-10,260.9004375300454,250.83048592650056,256.2151368747722
2002-12-11,262.6138739167338,254.99899678264524,259.006727848546
2002-12-12,264.1410334393163,257.03966962654226,260.68824895679717
2002-12-13,265.5542996216991,258.5424797121752,262.1775606093359
2002-12-14,265.70276465899315,259.1397457231728,262.8228189138657
2002-12-15,264.52274441351227,258.2006719800162,261.2486719316234
2002-12-16,262.9347833241967,255.49357645799793,259.3695968101089
2002-12-17,260.98808638940716,252.94590937268848,256.9898142379338
2002-12-18,260.41156180756917,253.21450545244448,257.5219354864336
2002-12-19,260.53395996395983,255.85053000855632,258.3434193832764
2002-12-20,260.18343726055156,252.6671792781722,257.01924781791905
2002-12-21,256.5083913844406,247.24202811489073,252.07066345904067
2002-12-22,256.52061441827243,247.46909524706666,252.61497694608855
2002-12-23,257.7817629554014,249.565137592888,253.80409725933654
2002-12-24,257.0535673407256,250.3266456854265,253.5727720484039
2002-12-25,257.8654944368916,249.4126289546132,253.5319805589971
2002-12-26,258.56185066519134,250.64429701338108,254.69014978451347
2002-12-27,256.7835940932461,249.02961228429686,252.7967490394015
2002-12-28,255.52776953023687,246.1236551756713,250.7872236453141
2002-12-29,253.70849709442123,245.0042756652431,249.07732261266
2002-12-30,254.75969054191262,244.99762106814646,250.3858941169292
2002-12-31,253.57869912420347,243.81159525834926,249.16645957028564
2003-01-01,254.05894235460482,244.00690611666664,249.434442968626
2003-01-02,255.9319507839496,247.07485359714317,251.464128392913
2003-01-03,256.4268581310888,244.76754500931557,251.54650966777007
2003-01-04,254.28869977697573,244.06664100939759,249.5080560463421
2003-01-05,257.50566233107327,247.38200113028412,252.3716750670434
2003-01-06,257.4576709870418,248.42101477769302,252.58402715421232
2003-01-07,256.7093603415611,245.5670574539338,251.23158223148508
2003-01-08,254.38917961073042,244.0143333321489,249.30725257796345
2003-01-09,256.0175096608239,245.58914056567264,250.90936963220415
2003-01-10,254.36108962513356,243.51345716147017,248.95751261456462
2003-01-11,255.2490589538477,244.68323908087925,249.99409378236308
2003-01-12,256.90139555689433,244.42738983901964,251.1460874229082
2003-01-13,254.9928615295991,243.61748804892684,249.54679953865647
2003-01-14,258.0764252961758,246.92361448759215,252.65620740648498
2003-01-15,260.28570170654024,249.87677271891494,255.2904520654383
2003-01-16,262.5261052529114,253.56466808052076,258.36475026326036
2003-01-17,265.31788345578786,257.1821039736038,261.0480286406424
2003-01-18,266.1192665722461,256.6423481161774,261.2190287762977
2003-01-19,264.4911465051066,252.6275381619634,258.32413148776203
2003-01-20,262.61474757911753,251.25154705067052,256.60469860129086
2003-01-21,262.73691294204,252.51568329291527,258.11768421258546
2003-01-22,262.71226162774957,253.931163956544,258.2447514790437
2003-01-23,260.68064148916415,251.00934679228126,256.5997928142357
2003-01-24,258.7633964675526,249.76403161649895,254.74768237803173
2003-01-25,259.71064852473177,251.03499013635584,255.54424349680284
2003-01-26,259.7629596931274,251.19109790566446,256.45492004236837
2003-01-27,261.57758518470746,255.41552285354868,258.57386218091756
2003-01-28,261.37761340050076,253.59509332760734,257.7546404788075
2003-01-29,259.00523934307654,252.20038290452314,255.85198711940672
2003-01-30,259.42514781736014,252.86070873957675,256.47393552521174
2003-01-31,258.06999757641466,249.95752145060035,254.2138005688528
2003-02-01,256.9541877835718,249.7354783357567,253.4911446784494
2003-02-02,257.2365670987733,245.87568448390286,252.31150125267084
2003-02-03,254.90333807198965,245.563682597731,250.2701741476789
2003-02-04,254.96769350789774,246.9327336106626,250.39091011779814
2003-02-05,256.48535895561747,247.32328658030323,252.50829296744251
2003-02-06,260.0430231070346,252.45416338896777,257.1206368273576
2003-02-07,260.04322616104156,252.91059866901855,256.93819719351706
2003-02-08,256.5719595490357,246.886058544461,252.39088400997372
2003-02-09,254.91981264691063,245.58154514625704,250.15842380014183
2003-02-10,254.19932920154127,245.41982966602848,249.48942330010738
2003-02-11,254.12963586888276,245.65974671328323,249.42594860531952
2003-02-12,254.0931705571038,245.27783925925573,249.8707719726179
2003-02-13,255.75942583985824,246.20164392829324,251.4126504851915
2003-02-14,256.4145257475517,247.77926478028746,252.49360903813414
2003-02-15,259.91816920465976,252.06868488134717,256.7314745701668
2003-02-16,262.08745220392944,256.83578624856824,260.0065489278286
2003-02-17,262.83086013574024,259.4107329788131,261.33210923520176
2003-02-18,262.29787920535694,259.485341479961,260.9142111201458
2003-02-19,261.8476280155297,256.0823505553283,259.41333135321867
2003-02-20,259.1564298658623,251.19745486325488,256.05958835392124
2003-02-21,258.57796265960627,250.00865665825864,255.2300649950596
2003-02-22,260.2556018118541,254.08876901878662,257.61492863479486
2003-02-23,261.6727629662157,256.21611278064364,258.86784843641277
2003-02-24,261.47770074128084,255.69014631994565,258.5698449842538
2003-02-25,261.4181916440864,254.45019790511748,257.8394342683269
2003-02-26,262.10665685010684,255.76431676351706,259.0278829383189
2003-02-27,263.1031947053571,257.24091409757546,260.61036666713557
2003-02-28,263.9688312560612,259.9519805946924,261.829903794643
2003-03-01,263.9946877750646,260.02809267370253,262.1855237496969
2003-03-02,263.6017938087022,258.221076939994,261.3992674874366
2003-03-03,259.5982127717806,253.25944175037316,256.9471764053575
2003-03-04,255.6656164217233,247.42560070917875,252.2017757282898
2003-03-05,254.45868501922465,246.27058243438682,250.92909202342543
2003-03-06,255.4253368885108,246.56933012083977,251.09084320344047
2003-03-07,254.86556028863797,244.65361865429563,249.77616334272324
2003-03-08,255.55541417126727,245.78816920084367,251.89216562820855
2003-03-09,258.9325251619864,252.53917223271057,256.0134939550327
2003-03-10,260.5787160636976,251.17427714920802,256.62811089880597
2003-03-11,259.48328435327164,249.4784950338716,254.88001505024803
2003-03-12,259.69947666265506,250.41842942523476,254.96355338667826
2003-03-13,261.38534528473707,250.9607665330365,257.2180713295959
2003-03-14,263.7492480462762,255.78044879146955,260.91368408467696
2003-03-15,264.54744820187756,256.73648398595554,260.9778020671797
2003-03-16,262.50898725957825,255.94973214133867,259.33477147166474
2003-03-17,262.9792004303673,251.58029698275504,257.94353019371243
2003-03-18,261.81710063144294,250.7579609811837,257.3041732472661
2003-03-19,263.3038457646227,253.1049679785923,258.52188610829126
2003-03-20,262.26344230455857,249.52832345560327,256.2025734712156
2003-03-21,262.72650176070675,249.35013532736028,256.9444334611172
2003-03-22,264.7158637610227,254.48003340564188,260.09081008788144
2003-03-23,266.3370626825173,255.91253701691878,261.4221311221695
2003-03-24,267.0141747198171,257.4053005643448,262.4101479624511
2003-03-25,267.21156366177723,254.66591099357709,262.0078493862559
2003-03-26,265.46391299822767,252.12263918958905,259.28149828252623
2003-03-27,266.84807888096833,255.05272589061,262.0025354930085
2003-03-28,266.5251232845391,260.6090189434058,263.845739572408
2003-03-29,267.2328348170362,259.45325617187933,263.8179410671401
2003-03-30,266.1919534913048,257.0976415456064,262.07281456515767
2003-03-31,265.9911059425832,256.3625100819453,261.64631171818
2003-04-01,266.09345951210867,256.39472594649584,261.48610751099505
2003-04-02,264.7950066446133,256.5067160786793,261.6378170610723
2003-04-03,264.94037477291175,257.8044859139173,261.49549929976064
2003-04-04,264.5907097579518,255.74658959823878,261.04896478043355
2003-04-05,263.5309604617274,251.95705762489376,258.4930551797126
2003-04-06,264.58036168228983,252.93462251593718,259.1276699268346
2003-04-07,265.1016799445484,252.58453360185757,259.58222564500664
2003-04-08,267.0293722367697,255.01351166399283,261.40480293421376
2003-04-09,267.957129532021,257.610350595588,262.54663032388305
2003-04-10,268.53471215749414,258.36564823808396,263.3275372644137
2003-04-11,268.90615403774075,255.4741359832553,262.7848328529641
2003-04-12,268.5504868588214,253.72684614649972,261.6354906197507
2003-04-13,269.5371627303858,254.82722975468857,263.39217923044663
2003-04-14,269.1440646167523,259.68975436787053,265.19575877508163
2003-04-15,269.6380092374442,263.5274553513467,267.1270430552811
2003-04-16,269.8735186799863,260.10352235327144,266.0101179839325
2003-04-17,269.30216626689185,256.77592488667625,263.8521692391733
2003-04-18,269.8910416904367,258.0649180059638,265.3908939982967
2003-04-19,268.0318022928562,262.5153028875441,265.4433671093967
2003-04-20,267.02016675992166,258.76837128222087,263.5391165930947
2003-04-21,267.35686774813126,255.45686063912484,262.0438170026603
2003-04-22,267.78563869921413,255.47813418542364,262.2614761154066
2003-04-23,270.1459100947446,258.882184680713,264.79726133457484
2003-04-24,272.2391396899478,262.45914621577253,267.7475441953727
2003-04-25,270.72725954139105,264.4904401426763,267.5515524773872
2003-04-26,270.5085934595052,264.35806441642444,267.6292680674618
2003-04-27,271.08913194921547,262.9455490512679,267.36441436148743
2003-04-28,270.7071505172827,260.578865078337,266.1637010040054
2003-04-29,270.3690026820294,257.41465229821586,264.28032746799505
2003-04-30,271.04612309672734,258.11241827627964,265.5768659448846
2003-05-01,269.8665203128823,262.2029571141852,266.668369049019
2003-05-02,268.7119452869161,263.0387618200964,266.26009895898886
2003-05-03,266.68357270394904,260.1484862483057,263.95875849947276
2003-05-04,265.4611582963912,257.2001108461931,261.96787981375957
2003-05-05,265.4473261852715,253.75139618224426,260.2724668857638
2003-05-06,265.54085993363014,252.57033891432974,259.73963091351567
2003-05-07,265.7787144139998,252.90095844585437,260.02101462649676
2003-05-08,266.73126409525406,255.0938202387901,260.99838840956807
2003-05-09,267.3681780769348,256.7786722138162,261.96814066899907
2003-05-10,267.73705360582244,255.70271171063447,262.64473098493943
2003-05-11,267.9958497436978,254.36091438815606,261.0998677543436
2003-05-12,268.3757185471762,255.24137181707462,263.98172251052654
2003-05-13,270.43293035387666,257.5645787464209,265.147938737601
2003-05-14,269.9680101891802,257.13245445717575,264.5738361937442
2003-05-15,270.1563170261011,255.98869363643786,263.9134243197513
2003-05-16,269.6810940540675,255.26856958204291,263.3173898539031
2003-05-17,270.2717510964042,256.4372925687991,263.99485771400634
2003-05-18,271.03490869886696,257.00959098568813,264.5944039929411
2003-05-19,271.37642735124746,257.801247203552,265.2644045888594
2003-05-20,271.9155898475825,258.57022621637213,265.8284721290617
2003-05-21,272.2171310894201,259.31309318274634,266.68709850742505
2003-05-22,272.9634685876786,261.96960586676647,268.54439277944863
2003-05-23,272.9649959147728,264.03072374824217,269.0182494368228
2003-05-24,273.18368600130196,262.7653947756903,268.6540197360926
2003-05-25,273.0043730383971,263.25549317857366,269.37217885307035
2003-05-26,273.8809493293597,265.0713418142049,270.1105342758785
2003-05-27,272.7717258617296,264.8171947702912,269.26851085169847
2003-05-28,272.3858507348409,262.5758915612639,268.40110055605095
2003-05-29,272.5081600200619,261.3522125937142,267.90975072428307
2003-05-30,273.57753509531864,260.52154323486735,267.7728725980081
2003-05-31,275.05622919487274,261.80907777149866,269.5706171880391
2003-06-01,275.56089525032036,263.43748269389124,270.30772057524786
2003-06-02,276.10164805569923,263.8004353451925,270.5465590725637
2003-06-03,276.4442127411785,264.44084622628344,271.4020253604814
2003-06-04,275.77998238634086,262.7201911150823,270.20874772754246
2003-06-05,275.1543936286456,261.5949923658266,269.0554191889818
2003-06-06,275.8916206176593,261.9076521954071,269.44759701582643
2003-06-07,276.89646898820405,262.7896669888123,271.04742907631487
2003-06-08,277.2368049512748,265.0911458440351,272.29152811853993
2003-06-09,276.13183223379826,265.8458971849203,271.93627054824464
2003-06-10,276.45731403981273,264.60933869688944,271.28766673677626
2003-06-11,276.187645544508,264.56545862478595,271.39728084774794
2003-06-12,276.08685480913863,265.68043013321034,271.78095549458357
2003-06-13,276.14596670984986,263.14854584869556,270.68461237266513
2003-06-14,276.51419006289154,263.3507391422669,271.01508317578924
2003-06-15,277.0056007952808,264.91073178280465,271.63138179323835
2003-06-16,277.7938341967519,265.26103044006487,272.3778284083456
2003-06-17,277.90635615483535,265.4297054893004,272.42412391046605
2003-06-18,278.2574958874388,266.7425300788481,273.2119327917998
2003-06-19,278.6100241183437,266.9728937998714,273.61792876253486
2003-06-20,278.8748820631988,267.05871014477924,273.7077599841345
2003-06-21,279.2450037628922,267.77383241115706,274.2435697489592
2003-06-22,279.2044825262518,267.35739857054017,274.14996589133267
2003-06-23,279.4920523280671,267.6974846861752,274.4288945764587
2003-06-24,279.8237933590463,267.06647143460714,274.2997140178028
2003-06-25,280.98635046638185,266.86541176982314,274.7066644077689
2003-06-26,281.70359008194015,267.26914844261154,275.44108534154134
2003-06-27,280.9175601505716,267.85976705237573,275.7138271558161
2003-06-28,280.7758756272451,268.6935992010619,275.92904751044756
2003-06-29,280.43644267369154,268.9311142341456,275.4583324763579
2003-06-30,280.6382773963216,268.1594956820944,275.3564816816284
2003-07-01,281.3253723906708,268.09682111462445,276.12986506644336
2003-07-02,282.8625587711535,270.48589422198745,277.60042183012644
2003-07-03,283.9707482033257,271.9530341368858,278.64026493755335
2003-07-04,284.1832164674311,271.08940105910284,278.6766352677567
2003-07-05,282.3669325090208,270.6174475429067,277.52585944150036
2003-07-06,282.40168599474816,271.47275717990107,277.50668224430217
2003-07-07,281.8246092432487,271.5866630852957,277.35766149317124
2003-07-08,282.5370485517599,272.1701073961698,277.7832482012081
2003-07-09,282.0632867371806,271.4671149551469,277.3729770121448
2003-07-10,282.3302162545106,271.177058641914,277.4544983518704
2003-07-11,282.6987696044012,271.3646660405771,277.6570425057515
2003-07-12,282.73224953646496,271.1909406481,277.9568296348074
2003-07-13,282.08236815805196,272.0092670489187,277.503237761113
2003-07-14,283.5972730994552,270.9470979242967,278.1385584806144
2003-07-15,285.53797986894233,271.433980897252,279.9633406151552
2003-07-16,284.49666566812505,274.01892728945523,279.7744645669019
2003-07-17,284.3052770998333,273.91078487544786,279.7535046438887
2003-07-18,285.22022564470603,273.34382405861925,279.9875511574512
2003-07-19,287.83879316835424,273.44694810582723,282.0932036951254
2003-07-20,288.04522649044594,275.5148270589329,282.3009825448709
2003-07-21,286.9424661520834,275.6928546089526,281.8419302290511
2003-07-22,286.9904570454787,275.5876910122153,281.882952331751
2003-07-23,286.6400412022028,275.89005155364987,281.67453995159264
2003-07-24,285.7000527092164,276.34929336378895,281.16545043087916
2003-07-25,286.29897149004586,275.3765180011672,281.3687572152405
2003-07-26,286.32698194457254,274.91957871581656,281.2365391982953
2003-07-27,286.27558386819544,275.8903412388388,281.54842437851795
2003-07-28,285.72342112496864,276.3655949505922,281.3011182518421
2003-07-29,285.35409287726895,275.74431760087805,280.8006987383165
2003-07-30,286.464945017982,274.67680728253123,281.2269851593267
2003-07-31,287.99652656865715,274.5480248748264,282.1368307035596
2003-08-01,286.96480727057445,275.7647043674209,281.829035603837
2003-08-02,285.9234142810135,275.6205853641225,281.29874724127694
2003-08-03,284.653385414852,275.79454614588127,280.39222044202023
2003-08-04,282.6976363439579,276.01718546078547,279.4194342607793
2003-08-05,283.57350282164396,274.6507054353151,279.43422766970815
2003-08-06,285.01969102732505,273.5173397650577,279.96476332295373
2003-08-07,285.799046889673,274.12907783383963,280.44748195122435
2003-08-08,285.7366506251605,274.3167321863446,280.4712156636744
2003-08-09,284.21586250798435,274.12178161223056,279.4630923771554
2003-08-10,283.5008053092598,273.53265597595043,278.94600585650187
2003-08-11,283.2602720950982,273.3521167670935,278.5598309126939
2003-08-12,283.0608821908801,273.17126264765875,278.33596535518933
2003-08-13,283.1032094181716,272.2030142496632,278.08760459710925
2003-08-14,284.1465924841102,271.3584367470657,278.73703142845824
2003-08-15,284.5817153077734,273.86530416676266,279.94822552116557
2003-08-16,285.5059988416085,275.19054756494063,280.8987284949251
2003-08-17,285.7965945942343,275.10871874819895,280.85459793134464
2003-08-18,285.13452551574403,274.265902326384,280.0107456682203
2003-08-19,283.07022903868784,273.95124649557084,278.7217734509681
2003-08-20,281.2121249599601,273.69375405160935,277.34300753175154
2003-08-21,280.4941630955918,271.6477159161484,276.54937572477695
2003-08-22,281.52359772781136,271.00233972281876,276.83887014178805
2003-08-23,282.92408163880657,271.18345533116735,277.8598139891086
2003-08-24,283.78386147633864,271.2930883546867,278.3536786881437
2003-08-25,284.1219128125685,271.9933107827157,278.75427626703157
2003-08-26,283.93970616012524,273.11910039909105,278.9557028475934
2003-08-27,282.7552257373234,273.6782148486236,278.72900071911556
2003-08-28,283.9149138060017,274.5568001902964,279.48453079499075
2003-08-29,283.81731610199876,275.3639053840439,279.6795849189137
2003-08-30,282.92845765948096,274.7940732434196,278.8233816482406
2003-08-31,282.9842319676586,273.68618898323143,278.6808415552706
2003-09-01,284.1650051397147,273.31128586262867,279.17517236538447
2003-09-02,284.56774447906366,272.74467848297195,279.14684384761574
2003-09-03,283.6944192040388,273.38901259216664,278.8232735258853
2003-09-04,281.3088003704534,273.6863369336663,277.4157852304152
2003-09-05,280.83030871953326,272.44068154755644,276.71281310887133
2003-09-06,280.8503113639954,270.6805516344657,276.1190979898281
2003-09-07,280.9637632444569,270.4084838646736,276.12097060664496
2003-09-08,280.7075672324563,271.432117761837,276.16408777442064
2003-09-09,280.0020803634797,270.05499368517394,275.4800240929918
2003-09-10,280.7608877899023,268.73332696657343,275.4111672319617
2003-09-11,281.81186017713185,268.94759989648713,275.9121980932576
2003-09-12,282.18430031400845,268.88631414874504,276.73525306127294
2003-09-13,281.9514755653757,271.4253132630003,277.2431142941331
2003-09-14,281.8579446094831,271.90897118171836,277.0510971710584
2003-09-15,280.77926534314173,271.3351561388428,276.13456562350825
2003-09-16,280.6822435153623,270.83397756800696,275.89489421817336
2003-09-17,280.71926976521365,268.71641922874886,275.30475278979173
2003-09-18,280.4794298838918,267.8814503152772,274.50886680991505
2003-09-19,281.89448767753044,267.8771258121796,275.9259872521704
2003-09-20,283.80428984382024,270.7465591092694,277.7712040646096
2003-09-21,284.44209593992747,271.25102465009513,278.27268353775975
2003-09-22,284.64718100699463,271.5646827964181,278.44705036844084
2003-09-23,281.76427156462796,271.442061182485,276.7717557818457
2003-09-24,277.10714333678027,269.49932431533466,273.4170928013066
2003-09-25,274.39867627129325,267.1751378777902,271.26476570818977
2003-09-26,274.37496446278726,264.9672217546779,270.1070562767877
2003-09-27,272.0346503813269,261.35144746731817,267.54212737014984
2003-09-28,271.3811805244536,260.865062367854,266.94530734706115
2003-09-29,271.2170526507495,258.95369250390104,265.94865907857127
2003-09-30,270.47298330434626,256.47556376780875,263.9452381356207
2003-10-01,270.13800061658856,256.1646325195639,263.2598909886624
2003-10-02,270.81856947629916,256.6566986060152,264.2429274892676
2003-10-03,271.22872927116714,256.42642710930147,264.7256071293395
2003-10-04,272.3102426078227,259.10786797531426,266.07519583079585
2003-10-05,274.0944676504141,260.8951457754869,267.63475323777726
2003-10-06,274.0245941865188,261.50244688716003,268.23446160886397
2003-10-07,273.1011527161043,262.34278277598264,267.9249513063848
2003-10-08,271.8864173721305,262.93555259996884,267.5260348447141
2003-10-09,270.6747003703238,259.8660712432233,266.1228191588623
2003-10-10,269.3075169760533,258.10767072277974,264.259618353875
2003-10-11,267.5771339935937,255.85353699886835,262.2544980249193
2003-10-12,266.8970494020726,253.3364010866476,260.4897399635611
2003-10-13,267.7466899644588,254.0388073129314,261.14078148827065
2003-10-14,268.43934857823854,255.2774781552455,261.7219833673686
2003-10-15,268.82059899445426,255.35054611730334,262.30125395935795
2003-10-16,269.36172735320105,256.4714188601613,263.4303453558085
2003-10-17,268.65381418608797,254.67775865734882,261.84111325196295
2003-10-18,268.78333244696466,255.13129087434135,262.4496635440058
2003-10-19,269.23856289534547,257.0610383367963,263.4480849364769
2003-10-20,268.7844580118861,255.29562162536098,262.31974611406275
2003-10-21,268.0296754669226,254.49840768957574,261.60647532034113
2003-10-22,269.87958994394484,257.0631826505296,263.66117900360183
2003-10-23,270.2243838208903,258.25457967046714,264.1900856191735
2003-10-24,269.8118608581808,256.18200677962216,263.57630179780097
2003-10-25,268.6774153118507,255.09945435652082,261.79386964789336
2003-10-26,268.84948310136457,255.7382679477792,262.56918740405507
2003-10-27,269.98659575775264,257.0990325621644,263.6823208042551
2003-10-28,270.8187720431657,258.8175551521626,264.527096661086
2003-10-29,271.49367803951236,258.77062793782306,264.8950694970081
2003-10-30,271.49149753932215,258.86492521581937,264.87981740363625
2003-10-31,272.5951818070124,258.8942597688096,265.58164092634246
2003-11-01,271.7231081630645,258.73782860806693,265.17214601337656
2003-11-02,271.1795421957915,258.243303300388,264.99355242379613
2003-11-03,272.1810947008307,258.6462057330215,265.5839470271239
2003-11-04,270.36187725152,257.2188972720174,264.0699329290319
2003-11-05,267.9975263762186,258.7050482049373,264.2422376285859
2003-11-06,266.5523967216513,258.0830912570077,262.5666350409905
2003-11-07,266.21213717534465,257.4610589451279,262.4857007985673
2003-11-08,264.4433946534917,256.9678040789119,261.5449042400959
2003-11-09,264.3360406903402,250.69272969545992,258.6688425289836
2003-11-10,262.54849619816133,250.14419159222604,257.0078079540595
2003-11-11,263.3302982942892,253.37826302324063,258.1101846455083
2003-11-12,264.88707028707006,254.21514383227492,260.255342106752
2003-11-13,264.72344160357886,256.6923014564394,260.9822217596836
2003-11-14,265.1223329353928,258.46570566380103,261.87474621764534
2003-11-15,264.73808412351747,257.8454405678213,261.3866492903346
2003-11-16,264.0486615411703,257.01735339592346,260.8523445868018
2003-11-17,262.14921445907595,255.65887646723448,259.1525620022724
2003-11-18,260.34574227253097,249.55749454042365,255.75852618190225
2003-11-19,256.69151147153195,245.86408470964574,251.40409859383368
2003-11-20,256.4529189679643,247.0395638421186,251.88213422368452
2003-11-21,258.87392635953256,249.32797056005177,253.9608233830682
2003-11-22,258.7724760501242,250.20496472208367,254.08161078679848
2003-11-23,259.855027578719,250.28381475967572,254.7988517630886
2003-11-24,258.2962415930741,246.67982236678398,252.496461873637
2003-11-25,257.28717858123946,246.27857442972473,251.87216758929765
2003-11-26,257.7912772741388,247.73283006232535,252.29172428167843
2003-11-27,256.19354451726207,246.76914101821566,250.89439417655157
2003-11-28,256.7724254181069,246.44879646887924,251.40806850915405
2003-11-29,258.3118417755778,248.3672900730503,253.28138152749463
2003-11-30,260.76671188385404,251.26490638147075,256.44400527312314
2003-12-01,261.11951277481484,251.82227654742175,256.2671060411744
2003-12-02,261.6438736614014,251.3238560238931,256.6334585092347
2003-12-03,260.92644006776453,251.81371768757748,256.991416528836
2003-12-04,260.4920099349898,251.60333759059384,256.03766007066594
2003-12-05,261.51468121807306,251.6077714418176,256.5563296693785
2003-12-06,259.94029797231525,248.79176067898652,254.30633883246188
2003-12-07,262.0190417618394,250.21602733167288,257.4348275617316
2003-12-08,263.49054660510376,255.3328792211328,259.1165210061744
2003-12-09,262.815091123254,255.15954938589962,258.86154112774364
2003-12-10,261.59619366123763,249.1440204586844,255.7280391602865
2003-12-11,259.9977207380924,249.4777587635964,255.60947369029842
2003-12-12,261.29229435795907,252.20467441877784,257.4512251177393
2003-12-13,261.4678804995859,256.31982308270335,259.45870463718194
2003-12-14,261.1020734977055,255.54467601637666,258.541181438868
2003-12-15,260.0316908782002,252.74242407115483,256.7228915340757
2003-12-16,257.5496576873608,245.78870246113405,252.48592789511565
2003-12-17,253.10297282840787,244.21812375968938,248.78034861438346
2003-12-18,252.9849463135046,244.90341826674083,249.22786698950762
2003-12-19,253.3377445897428,245.1131747120839,249.10185281356272
2003-12-20,253.3750005422151,244.99307862683727,249.37689517217316
2003-12-21,255.15964611875614,247.46144770778452,251.0773677352461
2003-12-22,255.97049226355446,248.7400514321618,252.63702754021642
2003-12-23,257.3424208778038,249.03587944647418,253.4890727864211
2003-12-24,255.3155994840937,245.55180439356184,250.71760531822187
2003-12-25,254.8472662241924,245.5166637959956,251.2426950993962
2003-12-26,256.0527363768312,248.59480376110173,252.40000406765074
2003-12-27,255.4646317615683,246.1510500842273,251.42400075264
2003-12-28,252.73286329135482,243.9392988611035,248.9993697092762
2003-12-29,258.1527207438487,249.31140828805192,254.91931887989128
2003-12-30,259.8198892743353,253.63137485568828,256.75813587667807
2003-12-31,259.7401945945774,254.675391369605,257.0802657540088
2004-01-01,258.5519125051535,252.28294764661698,255.82166102878853
2004-01-02,256.03856442748753,249.04115457916777,252.71681683016675
2004-01-03,255.10375564929396,249.19250071745927,252.3604656975363
2004-01-04,253.74696381905753,247.40255440761166,251.06475864862378
2004-01-05,256.27123840081333,250.44956159020018,253.91343393770316
2004-01-06,255.44704207918744,248.4352482343335,252.2658922452298
2004-01-07,255.3902345800966,248.13997330888816,252.25121447230964
2004-01-08,256.08103778142686,249.51387282687523,253.50088834578474
2004-01-09,256.31460542225295,249.0040183599157,252.6799115699516
2004-01-10,258.35263869124293,250.65828848607632,254.85815335873488
2004-01-11,257.831075670957,247.70642970474287,253.02695819674636
2004-01-12,259.72636121068285,249.8474041473883,256.2370614622989
2004-01-13,259.087784037084,248.23561111240176,254.30297697200245
2004-01-14,256.5034308312738,247.30303902619752,252.18218682626966
2004-01-15,258.80927183525387,250.4691975229002,255.39402864040377
2004-01-16,261.4683925576988,255.615985701208,258.63824581615523
2004-01-17,260.8422710809883,254.7917127054134,258.4301749605026
2004-01-18,258.8233037329542,248.39211769547788,254.297129191338
2004-01-19,257.19828133630926,249.0738360171225,253.94188598159428
2004-01-20,257.6801041293845,251.51933144913335,254.9517045199809
2004-01-21,259.92683628876426,254.03051983920264,257.1157545500207
2004-01-22,259.4946376414278,254.60556309850855,256.9509442982886
2004-01-23,259.3393081789699,252.57108566887092,256.3731345637708
2004-01-24,255.91371832394242,246.2848049319515,251.50822277613284
2004-01-25,253.8454855895307,246.9641166214043,250.77363765505925
2004-01-26,255.0312812508825,245.22175779730003,250.6853704788552
2004-01-27,252.9523259224731,244.16355900518613,248.57336335090974
2004-01-28,255.06073856256467,246.0298725575785,252.00586710185326
2004-01-29,257.0954238457317,251.67045340849546,254.40733129498412
2004-01-30,257.18472991629227,252.75512805466045,254.8053760000403
2004-01-31,256.9562760321213,249.59036856432164,253.87648840145988
2004-02-01,254.34084846730897,245.9412079842377,250.21266077444773
2004-02-02,251.73982730571362,243.85515520358754,247.5586827653174
2004-02-03,252.19364852571803,244.64318469342547,248.8242406940346
2004-02-04,255.77091659286714,246.5115873902265,251.348482202497
2004-02-05,253.62610517093478,244.86408943886804,249.15598283675908
2004-02-06,253.01456681835788,244.85612986158685,248.58256257226824
2004-02-07,255.52357738630567,246.1076825385423,251.94385226757765
2004-02-08,259.2581995149594,252.59864084865924,256.7362091873522
2004-02-09,260.66855947024095,253.6335207531343,257.9025149551699
2004-02-10,258.8389085519363,246.6466247803254,253.2509804093772
2004-02-11,257.56846745982466,246.8235195250494,252.99612238485625
2004-02-12,258.0967442507199,250.15842721971893,253.7626199919637
2004-02-13,258.4625138411876,249.78421826913183,254.29467211917347
2004-02-14,256.7192107489187,248.9552452983376,252.45710284075932
2004-02-15,257.20518265578386,248.6597237322808,252.95618290805123
2004-02-16,260.65038765535456,251.33709089976972,256.7164499709497
2004-02-17,261.8144477552923,256.0275282747844,259.15990473373864
2004-02-18,260.97725820940576,254.2097050269015,258.04264805727325
2004-02-19,258.7033977102438,250.53607364477736,254.77444294231123
2004-02-20,258.1813533754369,249.7616541320812,253.87337865260082
2004-02-21,260.05284848080703,251.6235197032889,256.48929760035946
2004-02-22,259.3194663775412,248.72719816037227,254.25248851009485
2004-02-23,259.54221589308577,249.25384065622197,254.9553797846907
2004-02-24,261.1789946293382,252.56664587057435,256.8208916649964
2004-02-25,262.80445608648614,254.60304037322757,258.5608614510119
2004-02-26,263.08967878698866,256.1873175314826,259.39438838894506
2004-02-27,262.5821257409515,255.33530977180294,259.3672707177764
2004-02-28,262.098703376063,254.46428376797496,258.45926059997055
2004-02-29,261.90557803978794,252.93239119681354,257.7967314648289
2004-03-01,259.83311001765753,248.131061290742,254.398411875544
2004-03-02,259.5383806652929,247.98459977276036,254.22467011500757
2004-03-03,259.4395217381223,249.55921459586585,254.619081238002
2004-03-04,260.76291830707487,251.7170179970288,255.8777294668863
2004-03-05,260.69247314185736,251.5110427056372,255.81398025283335
2004-03-06,261.2137488580695,250.2138322397204,256.2553456992269
2004-03-07,264.7672042962471,253.7925685757135,259.73068430794876
2004-03-08,268.7101972541828,258.4326898912016,263.28892932055896
2004-03-09,268.4901584667669,258.7333408332648,263.40170821462704
2004-03-10,267.0983847352799,257.3399552025133,262.34151012676864
2004-03-11,266.3031001821802,256.5450764475412,261.65724213824205
2004-03-12,266.61513926142027,254.82852327031173,260.8671041935901
2004-03-13,266.41207122250114,254.9683766259814,261.68149692409116
2004-03-14,267.74970522092906,258.8009456895178,263.50395518776924
2004-03-15,268.71115914089785,258.8146374695221,264.0424295741654
2004-03-16,269.3561954000644,259.8768910704882,264.59480911473196
2004-03-17,269.6386462840491,260.747201214456,265.594300608592
2004-03-18,269.19532161656696,261.55410736503984,265.5968489398206
2004-03-19,268.2390608800388,258.14680472250285,263.78390007193957
2004-03-20,268.15674732548644,258.02977652065766,264.3683645151173
2004-03-21,268.24504684912387,262.4131440992884,265.4363635776938
2004-03-22,268.3828378753503,262.3349890494519,265.55214885281043
2004-03-23,266.90888081957894,260.17018706171325,263.9742324288893
2004-03-24,265.54138925326555,254.89004312843272,260.85742943955194
2004-03-25,264.41523532958865,253.4822428969897,259.2436241739096
2004-03-26,263.79160741602436,252.24323788134586,258.23754433619473
2004-03-27,263.77812355052663,250.16976026595538,257.48476877338396
2004-03-28,264.0524287236573,251.09026268685324,258.2280549360748
2004-03-29,263.70115203112283,252.19518783034076,258.05950180671994
2004-03-30,264.96500774286596,253.12028773014234,259.09087343497976
2004-03-31,265.4989403522758,254.8005859024928,259.9463981373226
2004-04-01,267.38375454851507,256.1982218062201,262.36924864619755
2004-04-02,267.75285277976116,256.2660080012216,262.6562952682653
2004-04-03,268.76589660058823,254.73385920668176,262.4621865658524
2004-04-04,268.4056119606934,253.6700984079478,261.6308619056034
2004-04-05,269.5667351976818,255.54803920050043,262.8657130404504
2004-04-06,270.564146488625,257.4574212356199,264.2829432440688
2004-04-07,270.33415173247164,258.0389129430703,265.0941777432846
2004-04-08,269.92202094146046,260.2652764816351,265.40805750283624
2004-04-09,269.31333084506076,261.20341432075486,265.37909932969046
2004-04-10,269.1736740501249,260.9918047674984,265.41350554999156
2004-04-11,269.81655783936236,260.9575910921007,265.91136870705475
2004-04-12,270.14168668203627,261.78611630247696,266.25454429051285
2004-04-13,268.9458717207508,260.7019606304402,265.1525549076343
2004-04-14,267.6561965024717,254.29486392230814,262.0429905544018
2004-04-15,267.470860483203,253.54260021881203,261.5844678902265
2004-04-16,269.3518912628706,257.8642847178421,264.8523409908408
2004-04-17,270.39847205202994,259.15381596562713,265.56941857555233
2004-04-18,270.3710287467075,257.8179622696815,265.08023435908586
2004-04-19,271.81131174902896,260.76151215056143,267.29634761792613
2004-04-20,271.02973954503204,260.70175579565404,266.75239913842296
2004-04-21,270.8220135296814,259.9887169345814,265.8385158694856
2004-04-22,270.2502201667331,260.0534098352678,266.3009174265102
2004-04-23,270.53522667694705,260.46758126065185,266.3944454758989
2004-04-24,269.8837757944519,258.52940476046484,264.5843954287069
2004-04-25,271.32426487576373,259.69931198810093,265.73461277106065
2004-04-26,272.8960793173193,262.4157501868971,268.09594000697365
2004-04-27,271.19190603566096,260.12753367601033,266.4944503228745
2004-04-28,270.7561142222207,260.1918034450542,266.5602831338461
2004-04-29,270.1457988388095,264.45795029442985,267.2479136218099
2004-04-30,269.6272494195138,264.09096680726554,266.8612856052537
2004-05-01,267.92165633382257,260.19929473518755,264.8921447610228
2004-05-02,267.7559655724288,256.44629134523205,263.170763814825
2004-05-03,267.3830504997936,255.46178003191415,262.31589563540376
2004-05-04,267.2859239018333,253.91319916684563,261.03670531117314
2004-05-05,268.69629721433523,255.17505683360739,262.93850842604826
2004-05-06,271.13532290557356,258.53661718832006,264.9415481056275
2004-05-07,271.6263279557362,260.6391608951179,266.8146148692443
2004-05-08,271.520542839264,263.5119438205034,267.61054656182046
2004-05-09,272.50648092082474,259.84013574788287,267.1848262396267
2004-05-10,271.57630968812157,257.95647511246557,265.13726806280636
2004-05-11,271.43688439154863,257.6031560818833,264.68662147042767
2004-05-12,271.88469186555204,257.2401559156906,265.2392039735607
2004-05-13,272.29547037588424,257.3368434514559,265.9590279734087
2004-05-14,273.5166607246966,260.0524233884232,267.2242579881327
2004-05-15,274.55431158952877,261.8932984642716,268.79650870195417
2004-05-16,275.63102250963743,264.6762126237403,270.5146623008454
2004-05-17,275.34653971299895,262.8432389624827,269.81447106701046
2004-05-18,274.6758989206371,261.64610051197815,268.691367330309
2004-05-19,275.1488543204737,261.50289145511425,269.0446354381926
2004-05-20,275.4761987629962,262.13375479419045,270.15776983743825
2004-05-21,275.68964731961887,262.9992618905244,270.08680091451976
2004-05-22,275.41655589611725,263.41195574662646,270.633024227681
2004-05-23,274.53784042605525,266.7022925196099,271.0021979340267
2004-05-24,274.1431166164276,263.57186593638744,269.954430686841
2004-05-25,273.82532846839126,261.76439347539247,268.7548006991534
2004-05-26,273.93368274462784,262.80725960189153,269.6338589958595
2004-05-27,273.6530451736981,264.46696531130044,269.91337946368657
2004-05-28,273.6738050049754,261.2658635259937,268.9385256539119
2004-05-29,274.30816359692955,260.793104311254,268.5565817568775
2004-05-30,276.35405055569504,263.53047367167244,271.0329950862395
2004-05-31,275.9104739821791,266.60276180478263,271.6491632945485
2004-06-01,275.2910339917044,265.33782467069756,271.11907801835133
2004-06-02,275.1413153862393,263.70472780585555,270.34085179153584
2004-06-03,274.8992094675618,262.35328465990483,269.40891399850256
2004-06-04,275.62692720987786,263.6145343545651,270.354174597767
2004-06-05,276.3066812301922,263.94487076285753,270.77380371845265
2004-06-06,276.6741768364461,263.5547979946989,270.99158088217627
2004-06-07,275.89899652477425,263.6256157554427,270.84235839692224
2004-06-08,275.45004015293176,263.44267197551125,270.343273705474
2004-06-09,275.78423803421225,263.6480752726873,270.86702029824795
2004-06-10,275.9978548806697,264.3871140253277,271.0737052561958
2004-06-11,277.1048047196696,264.9591638715409,271.9099300730585
2004-06-12,278.5071409608384,265.78778973783517,273.1660691131706
2004-06-13,279.2727865181325,265.3728258157529,273.0020075840925
2004-06-14,279.86065260093534,265.4150216443995,273.97424128177573
2004-06-15,280.1653387623713,267.66553157628323,274.81976524533997
2004-06-16,280.513786316106,267.42338556925284,274.7501072912197
2004-06-17,280.9055858683922,268.06599066925605,275.39479627879086
2004-06-18,281.4536365446946,269.36436212847315,276.1273703819656
2004-06-19,281.89914541719634,270.44085672190295,276.8081317507245
2004-06-20,281.33563130241976,270.8261648375195,276.7409942067002
2004-06-21,280.1453629482513,271.41540586550184,276.13219990344305
2004-06-22,279.8589142062317,270.48637520361564,275.57611789216446
2004-06-23,279.9010409130368,270.1379870778656,275.4609622094016
2004-06-24,279.23812094854225,270.2250670206273,275.0111616345139
2004-06-25,278.6359311500794,268.4034508265259,274.342613878175
2004-06-26,278.1294788646627,267.32670296124223,273.4044548318966
2004-06-27,278.56492304638766,266.65839628924857,273.64748566827336
2004-06-28,280.0092052157967,267.0442456177813,274.809719285498
2004-06-29,281.50726335490845,268.7339669684255,276.1747354537043
2004-06-30,283.0568853098325,269.82229852297854,277.42064104064417
2004-07-01,283.73884953889683,270.6153445346253,278.0958879861985
2004-07-02,283.49551492070935,271.29767093179214,278.24906298000667
2004-07-03,283.72059430833724,272.0770733209167,278.446536016669
2004-07-04,283.8113367228403,272.74882853871185,278.91019983862833
2004-07-05,283.7182336137149,272.19510156968255,278.6480297040004
2004-07-06,283.65285496138813,271.87407889591975,278.60208119014465
2004-07-07,284.37448919266967,271.5136887203592,278.8459704327699
2004-07-08,284.71169631962573,271.75133953826696,279.01943386939644
2004-07-09,281.7984619342126,272.3349694242957,277.601599687714
2004-07-10,281.8113523486951,271.40588617547814,277.21562591494956
2004-07-11,283.02239616123614,270.82925756300347,277.84923843537905
2004-07-12,283.0308087269902,271.3623895826014,277.91292356424
2004-07-13,283.20525772830734,271.5431017957789,278.17110126104177
2004-07-14,283.4205159142452,272.214267803626,278.3440803121699
2004-07-15,283.31090576842104,272.33703716130293,278.3639071648523
2004-07-16,283.16684761212196,273.069128814192,278.4669805980318
2004-07-17,282.41599540529813,272.1836991561927,277.72585161187675
2004-07-18,280.90012669598644,271.26753453497435,276.37874118099046
2004-07-19,280.34273618371793,269.6859522610622,275.7227126594796
2004-07-20,280.4068550511401,269.34844615817866,275.4339544465219
2004-07-21,281.43363852148525,269.4334975811628,276.16586814385477
2004-07-22,281.36971813339545,270.8565347804709,276.4226846639819
2004-07-23,281.8429424904511,270.03031183714035,276.92606261795055
2004-07-24,284.74765922128444,270.22203444996615,278.8021470075508
2004-07-25,286.44253695692333,272.42081297984504,280.4502715266398
2004-07-26,287.1132979364125,274.2120393565919,281.41525825263426
2004-07-27,286.71523531745333,275.6889937480662,281.4475229376304
2004-07-28,285.5692324884019,275.76506287524245,281.06989191169885
2004-07-29,285.0568136639071,275.29329828737764,280.33255787419904
2004-07-30,283.7619692262294,274.6720287716434,279.4117160136808
2004-07-31,283.26449403326603,274.2876745866956,279.0146055377774
2004-08-01,283.0158151832121,274.44663216187183,278.87559997003103
2004-08-02,282.48721823353515,274.5230371483838,278.54152744497827
2004-08-03,282.32700647165666,273.89863515730667,278.35373470138757
2004-08-04,284.1379823832672,272.85770241283274,279.34511920712436
2004-08-05,286.6793447661528,272.4871639863489,280.5820582010434
2004-08-06,287.6647023957624,274.41453951029627,282.0703340514487
2004-08-07,285.8338178429747,276.0876569398443,281.191623045426
2004-08-08,284.61304977547144,275.6036375163285,280.1037015834916
2004-08-09,283.56618424504387,274.57158034211653,279.1115988814452
2004-08-10,283.9832005880514,273.58030958513024,279.1674110436738
2004-08-11,283.3967055158632,272.70113866551924,278.5532366041381
2004-08-12,284.15599685652916,271.9590084078765,278.90537140910277
2004-08-13,285.6617041041622,272.59522096758855,279.9163953259144
2004-08-14,287.02351539100397,273.8126866620282,281.1269671704209
2004-08-15,287.4231682832557,273.9225874258561,281.4823307070567
2004-08-16,287.4951845938997,274.5567546146045,281.4312127785368
2004-08-17,284.6261817863067,274.9396533774807,279.89149395779805
2004-08-18,283.7529022794537,274.86608988127955,279.2332711402864
2004-08-19,282.741696647185,273.52548366554555,278.22037508803743
2004-08-20,282.1519302804476,272.05274017666005,277.3843450124137
2004-08-21,281.9983130297906,271.25870377164875,276.97381569104044
2004-08-22,281.8709753448554,270.9458495052703,276.877051386316
2004-08-23,282.4418792405059,270.8325835105256,277.4083883624308
2004-08-24,283.0017447972625,271.73955612173955,278.08028082488926
2004-08-25,282.39618261852326,272.4200679867981,277.70202607581996
2004-08-26,281.9216904858545,272.3295180359832,277.1470492655193
2004-08-27,281.54298706670465,271.4282010624203,276.80743583473776
2004-08-28,282.06860103349555,270.77381088149986,276.9430622705375
2004-08-29,282.1874816714156,270.5670033613337,276.8171475985433
2004-08-30,280.9919238647821,270.645037394273,275.9567066764898
2004-08-31,280.4247830900988,269.46259357421206,275.2588219463023
2004-09-01,280.0657276711398,269.0809579557336,275.08994253386624
2004-09-02,279.33850943501255,268.09485610386207,274.4163707428462
2004-09-03,280.59446465625734,267.2687862050359,274.58044934314086
2004-09-04,280.7685877931467,267.70702447646556,275.1866800991531
2004-09-05,280.3535257818619,268.7235808397754,275.11284150628904
2004-09-06,281.8513794689294,268.5490806938496,276.0875745799295
2004-09-07,283.79074596440114,269.5831353399631,277.4874772844548
2004-09-08,285.273391074952,271.07036725425036,279.0381001096095
2004-09-09,284.9721808305975,271.26196739402167,278.47268504236166
2004-09-10,284.7466080234769,271.391988482911,278.642193426262
2004-09-11,285.6232359250604,272.2515771018978,279.55578052801235
2004-09-12,286.5027018675006,272.57959863475463,280.2194071220438
2004-09-13,286.4110477360086,273.82185366363484,280.56297925214204
2004-09-14,285.2412997010391,273.9321935083792,279.68789082929294
2004-09-15,282.65721979738635,272.94625753240865,277.5126345738517
2004-09-16,280.10442490602446,271.9618116207272,275.9436250222462
2004-09-17,279.97506651141964,270.68344133474,275.3275299122824
2004-09-18,279.34209390229177,267.59831661918463,274.1998325675237
2004-09-19,279.47039228500137,266.66156964688713,273.62111205994086
2004-09-20,279.3025724683629,267.7462637726075,274.1621362843802
2004-09-21,277.4022462465084,268.7512714636755,273.361093655647
2004-09-22,276.959174551558,267.0868431385632,272.30689380758395
2004-09-23,276.555711732842,263.63140095250105,270.8374605101468
2004-09-24,276.432507032611,263.11106737611965,270.14632499015653
2004-09-25,276.66386253364567,264.2472048160153,271.0393210111726
2004-09-26,277.44906116006865,263.6394226424141,271.0489971509933
2004-09-27,278.55367092707877,264.601114403418,272.1649339400494
2004-09-28,277.9180008021185,265.76923437067734,272.2084994612821
2004-09-29,276.6363223237383,264.9485533053919,271.07847122737826
2004-09-30,277.7388191372579,265.21952040456256,272.4099793443221
2004-10-01,277.7419839416726,268.20289827337785,273.3780568260432
2004-10-02,274.66669557238635,269.0283649910159,272.18001365696676
2004-10-03,273.535632557744,261.8023525979819,269.1109744237405
2004-10-04,271.4872746319866,256.96975522850914,264.3744064684645
2004-10-05,271.73462067772175,255.6093752832315,264.29440114909255
2004-10-06,272.52907517259854,256.7972056245902,265.58661797906575
2004-10-07,272.5061717695388,259.50688722759645,266.07780422186966
2004-10-08,270.83953455029337,259.5321246075289,265.99342055738947
2004-10-09,270.3424767649804,260.0387836405037,265.61397908275615
2004-10-10,269.6285522959131,259.64605506669926,265.9258899559117
2004-10-11,269.5571666029994,261.09371771611575,265.4895647205581
2004-10-12,268.23946074146954,257.5611807131639,263.3807835871926
2004-10-13,265.855276402852,252.47406307598325,260.0959788658225
2004-10-14,264.27021046817964,250.47447117804595,257.5657553396855
2004-10-15,265.31767652244133,252.2433311969277,259.3346193365595
2004-10-16,266.6024236671511,254.4706801942226,261.16930656639386
2004-10-17,266.93921958138463,254.94577200505304,261.23172779007155
2004-10-18,266.9468036901477,254.97260464140885,262.00433721571653
2004-10-19,267.4907768763305,257.3463031730472,262.74969600484536
2004-10-20,266.54500301478345,256.08460640687474,261.7064153058802
2004-10-21,265.8785832256691,251.5426198041941,259.71167056872576
2004-10-22,264.2672286437457,250.49128331248156,258.2986162244284
2004-10-23,265.28094394234387,252.74432965652673,258.8916922684281
2004-10-24,264.6296301824475,252.8892739388258,258.5659583523205
2004-10-25,265.1230912341944,253.42850791041025,259.6691290362362
2004-10-26,265.60045886266573,255.3370468970016,261.32208504281
2004-10-27,264.73280902465797,253.543199736674,259.54980478370896
2004-10-28,263.34785673116335,250.45381844896684,257.82985211521947
2004-10-29,262.1482965131737,249.39137080627546,256.1692572649445
2004-10-30,262.4098250895106,250.1878403050259,256.3180357625996
2004-10-31,262.71152520834,250.83018960540778,256.38928897798854
2004-11-01,262.24278575948523,250.44579995129197,256.04570788253835
2004-11-02,261.6470086381968,249.79840525715292,255.48017239360664
2004-11-03,262.8262140402592,250.58437274814767,256.58711099795613
2004-11-04,264.33473579846316,251.66207545597402,257.8368865336117
2004-11-05,265.2189263540019,252.89592767946098,258.81224997429706
2004-11-06,264.7504926012261,252.2821016847967,258.23432751888333
2004-11-07,264.5338703170798,251.78818773547914,257.7666368279531
2004-11-08,264.7055157424658,252.3083543542363,258.1785384424214
2004-11-09,264.6835330336764,252.6782913209887,258.1190387343047
2004-11-10,265.16526362725403,253.69858318782275,259.90471333978985
2004-11-11,265.3804393215361,255.28217395898966,260.6004533495443
2004-11-12,265.3010124251316,255.71168252537774,261.00229587975844
2004-11-13,265.6183130202224,253.7597051621337,260.2026021754953
2004-11-14,263.00551053370464,249.1381077706668,256.1812194329365
2004-11-15,262.4998966005256,249.2967856922533,256.08741063027435
2004-11-16,263.1771023752094,251.58528958010814,257.7902432371391
2004-11-17,265.21835277859236,254.11655048783086,259.77453002814974
2004-11-18,263.6299407755677,250.36252522799037,257.19979764793715
2004-11-19,262.91485847104013,249.4801711236136,256.7763349143549
2004-11-20,266.0466531562081,253.63577751700666,260.8553989748724
2004-11-21,266.4321857477072,258.5092332112836,262.60135176902713
2004-11-22,266.0900049024679,259.348301394493,262.82590086504797
2004-11-23,263.72812577302574,251.20776640351417,257.9189695856388
2004-11-24,261.44462682527643,249.97269216431567,256.1176617157752
2004-11-25,261.69981650155586,251.3046578674545,256.7783129472178
2004-11-26,260.7863266198274,248.3947488527618,255.16523628828347
2004-11-27,258.5816869211612,246.25086186015483,252.23803682796995
2004-11-28,259.79978940901185,248.12072119202924,255.15924373494246
2004-11-29,262.4588842253577,254.68768215021055,259.1892210951578
2004-11-30,262.30630699328344,253.40327439703572,258.63188799412166
2004-12-01,259.9847147090143,248.2731939616272,254.7942066800711
2004-12-02,257.5451149109785,247.83711663263688,253.7882015629412
2004-12-03,259.3759038539111,251.05347084497316,255.38775033505053
2004-12-04,261.0905906862695,251.66676783334626,256.5961897114973
2004-12-05,258.30299457087574,247.09070817874996,252.82546760338172
2004-12-06,258.1758682017819,248.39267107810235,253.71552884404682
2004-12-07,260.72041103020007,252.2959383058542,256.9376827523222
2004-12-08,261.72426337368927,250.02470512508737,256.11916486901924
2004-12-09,259.4966032040672,249.65246801345853,254.8106678004755
2004-12-10,261.63254133147717,253.16092222357153,257.7283506703914
2004-12-11,263.26447056666456,256.1447284800157,259.9893748303579
2004-12-12,263.6200160688779,252.50122402994901,258.3738796429448
2004-12-13,262.3629606488893,252.64712150258183,257.89723501321674
2004-12-14,261.7097834028279,253.97345853284773,258.07073632114003
2004-12-15,263.1469685330018,251.56260454288912,257.79395048448663
2004-12-16,262.17723956190594,251.3619746040348,257.3663676416465
2004-12-17,264.5325392786161,254.77599972337356,259.65439664696277
2004-12-18,264.4085203141368,255.34186112201863,260.69779245602103
2004-12-19,262.0304103476187,257.2396113785064,259.74430892494485
2004-12-20,259.6208838742635,253.32169244428744,256.63807338273966
2004-12-21,258.59272758203537,252.5497691262652,255.4482266039256
2004-12-22,258.4262478266688,253.0171472849032,256.0324203369581
2004-12-23,258.698487320563,251.7444445459383,255.5563553030607
2004-12-24,257.0410160199978,249.74858064641577,253.47776850414164
2004-12-25,254.60893008095732,244.34642210390288,249.9351301897541
2004-12-26,250.96409265010638,243.60688332522682,247.39327127741458
2004-12-27,257.26489131106405,247.1360665394924,253.74793365588323
2004-12-28,262.16593631332665,254.72269923284844,259.34331605745194
2004-12-29,262.6496928620337,256.44502764895776,259.6903049537058
2004-12-30,262.6513119771239,257.6767967837161,260.3374265364062
2004-12-31,262.95226113455516,258.95765262684057,261.14326308303225
2005-01-01,261.85193025739534,257.6496223967788,259.8904078756597
2005-01-02,260.24316921138154,255.58797029881416,258.0436431186984
2005-01-03,258.45103818580327,249.35277637639533,254.6737392346292
2005-01-04,257.3882117353639,249.4931418164935,254.81068848250226
2005-01-05,258.8587921070471,252.49555854321602,255.79125095875546
2005-01-06,257.25293668697304,247.93950974179683,253.09932382836294
2005-01-07,254.7665968509845,247.0908705570006,251.51417386704566
2005-01-08,255.96876942940526,249.1038457895546,252.73286419998368
2005-01-09,255.67542623674558,247.29158822248232,251.68797553745017
2005-01-10,253.6618674337993,244.1084705930467,249.24675847463732
2005-01-11,252.0840333635301,243.71602979338874,248.8988278130146
2005-01-12,256.45871647683526,249.95254747844655,253.51217425297
2005-01-13,258.45531210853767,251.33874561402695,255.52119542256085
2005-01-14,257.69539166344083,248.39539658483523,253.53040650758373
2005-01-15,254.47066238871807,245.94388730212424,250.20265581740264
2005-01-16,253.18331803695298,244.93377644020782,249.01028937443695
2005-01-17,253.24382691678417,245.29568915059488,249.41116943827464
2005-01-18,252.43134746449135,243.88233838235678,247.99515080040268
2005-01-19,250.88123380010322,242.58892265163362,246.42521022223602
2005-01-20,251.22059981484824,242.5200588979903,247.79774943799066
2005-01-21,255.48709670803117,248.97602302838968,252.95207779509641
2005-01-22,256.30841291854114,249.01408477572076,253.36201317467356
2005-01-23,254.44701092503425,247.45045027769,251.46675824898497
2005-01-24,257.6813252989357,251.2093213424503,255.00804278224808
2005-01-25,256.46372058818577,247.2716084171061,252.22722891035826
2005-01-26,254.91626702833,246.72813867506082,251.4400136095252
2005-01-27,255.866565273878,250.1762675755088,253.22104686849354
2005-01-28,255.59469369929568,248.2414232229976,252.57396372606044
2005-01-29,252.76185713811822,244.4800058355668,248.68715935714346
2005-01-30,252.68708926625993,244.34000268120192,249.25139167678336
2005-01-31,253.5779779689588,245.49894040802738,249.6515291443309
2005-02-01,253.03734984316353,244.67189529752088,248.67999782823446
2005-02-02,254.1607583832238,245.91765019030666,250.86769863602848
2005-02-03,257.1693129096703,250.82456335575446,254.1267304606426
2005-02-04,257.95207388110157,252.11225051279501,255.13408849730024
2005-02-05,257.35387948380753,252.1995507082292,254.65018244782547
2005-02-06,258.31788789249305,253.1439234712428,256.31652156794974
2005-02-07,259.60559794621355,255.57881542887048,257.5075117746455
2005-02-08,259.40535688948887,255.61228977431045,257.5952955134271
2005-02-09,260.592622523886,256.06401387126476,258.3499474888538
2005-02-10,260.8555078498997,256.44285125130153,258.9328059101658
2005-02-11,261.18723237931476,257.921008283443,259.661530918214
2005-02-12,260.90917454452045,257.15896521359315,259.2207209636464
2005-02-13,259.2006391285032,253.7447624172522,256.7390192211961
2005-02-14,258.60969664546593,252.02169538509105,255.50960845194697
2005-02-15,258.37653015940896,252.2847735221222,255.7872781891783
2005-02-16,257.5414563644411,251.65098729580993,254.9182050788565
2005-02-17,257.3795303341567,251.7105485833211,254.83781121114987
2005-02-18,257.662038616438,253.3561701773445,255.66462118614848
2005-02-19,259.09154841146614,254.64031467996102,256.90721714393584
2005-02-20,259.18164131187586,250.94238824367326,255.74503787445462
2005-02-21,256.6275188147756,248.45212054253915,252.5625475237353
2005-02-22,255.84077797562543,248.16450123133183,252.07792029242148
2005-02-23,258.30876456132523,251.2651143049997,255.59778948971612
2005-02-24,260.765631749963,254.4345528585726,257.6795683310218
2005-02-25,259.47245664371883,251.94878443041074,255.66024818167966
2005-02-26,258.80665080825287,250.94073939152725,254.83070603709
2005-02-27,260.93706278843405,253.4911760412614,257.9378413957845
2005-02-28,262.5376737232039,253.9748608068632,258.34945541091696
2005-03-01,262.22062754571215,251.15658899424355,257.17855162610886
2005-03-02,261.7271853435624,251.38884952331784,258.03712536433346
2005-03-03,264.4033539640458,254.63971754727393,259.8209090381663
2005-03-04,263.15298387519726,253.59431361065117,258.7391029924565
2005-03-05,264.3691432650609,253.87353162814884,259.57083340028606
2005-03-06,262.2990405208355,250.80940092665534,256.9765049972964
2005-03-07,263.0051846726979,251.7980096022406,258.4579456620049
2005-03-08,263.89497750756897,253.2338333695669,258.7788611692435
2005-03-09,263.7914382834494,253.58710230527157,259.6074787808773
2005-03-10,264.9654413217827,254.9122475857132,260.71930084793024
2005-03-11,263.4507884521262,251.64257773139317,258.15096068031903
2005-03-12,265.65057601917783,254.40633674042974,260.70985458992135
2005-03-13,267.6669553003327,258.6220648903864,262.743606901927
2005-03-14,267.7776250607231,259.2558014713681,263.54966568608575
2005-03-15,268.3081638730934,259.3908789953082,264.06171305948067
2005-03-16,268.5444543645766,260.8562912248808,264.83852941096904
2005-03-17,267.97476819639036,262.1894350572413,265.2600718030818
2005-03-18,267.90049499766445,262.3583390046659,265.31958680380853
2005-03-19,266.9854702287331,262.23976464473935,264.50000401963706
2005-03-20,266.1350362100297,260.450636978177,263.43126584275547
2005-03-21,265.92963667381076,260.2956397403751,263.49100381931106
2005-03-22,265.6667806494044,258.1665597765847,262.320905815703
2005-03-23,264.73773732183497,255.90655426371814,260.72755556404877
2005-03-24,263.3362453753904,253.0713950884262,258.3615522853392
2005-03-25,263.3057368340208,253.195997188225,259.14299764457536
2005-03-26,264.3619757134272,254.79082336777626,259.6709694591618
2005-03-27,264.53062001346916,256.54478161880917,260.83620321284434
2005-03-28,263.5757501899661,254.37215322407843,259.3497603604967
2005-03-29,262.886635000569,252.81406435087712,258.1645932748628
2005-03-30,263.1123277156828,251.5354230574188,258.173995663026
2005-03-31,262.4561540543271,249.89898512051315,256.76311135377085
2005-04-01,263.21168907887574,252.84532229557064,257.871921362603
2005-04-02,264.20648905716394,253.5722116433766,258.48259672858705
2005-04-03,264.6104165940254,253.62933863621603,259.1590354119698
2005-04-04,267.65093290723405,256.09825911765563,262.684795257286
2005-04-05,267.8117858770477,260.8537592910786,264.84045788435174
2005-04-06,267.5325728415535,262.36076491381976,264.9950368866997
2005-04-07,265.87319416573865,260.718984566617,263.4542322100585
2005-04-08,264.87113539247986,258.01293165459595,261.6000048072036
2005-04-09,262.5590406525656,255.34393382245725,259.38572618479276
2005-04-10,262.1956216677894,253.29469908662716,258.3485033432865
2005-04-11,261.2387405522723,249.79366287963984,256.0116871769918
2005-04-12,263.4676953056699,251.84846039189793,258.9661537152609
2005-04-13,265.44305353264343,255.97625786308788,261.6512019590204
2005-04-14,267.04591414053453,258.10905954228207,263.1459926012403
2005-04-15,266.4840318050274,256.0871195354031,261.6050724633181
2005-04-16,265.6117542576035,252.16663249351924,259.4892594173785
2005-04-17,264.78819302199173,251.14757956553785,258.79608858080934
2005-04-18,265.81593195149327,253.50183547966313,260.11658655868086
2005-04-19,266.91027953211017,255.33303374483964,261.31057575369005
2005-04-20,268.4034273184208,255.71454832292503,262.820022097221
2005-04-21,267.98154283614167,254.83276837049596,261.96367048124404
2005-04-22,269.81652749212157,256.8481577690726,264.2280446389407
2005-04-23,270.35041378715965,258.1485306382519,264.7005722084451
2005-04-24,270.00884921619485,258.21642919865684,265.1601634297381
2005-04-25,270.757518909118,261.73015235995655,266.81206240173174
2005-04-26,270.5066374151227,259.4226895990214,265.8545581317714
2005-04-27,269.27287255413,257.56358622190254,264.4551737359265
2005-04-28,269.1954297507519,258.01581477625933,263.8250190815515
2005-04-29,269.83333309302145,257.3564281096238,263.938955678809
2005-04-30,270.2601383439846,258.3474476227905,264.56105989294747
2005-05-01,270.8801997163376,258.5593280796089,265.3604635611695
2005-05-02,270.8460678086148,258.95405806273675,265.22268358414266
2005-05-03,271.3586320204006,260.8516809422119,266.8704803870879
2005-05-04,272.0516994120661,261.6469916014849,267.73080037882926
2005-05-05,272.0209154416704,260.34197788536727,266.6287022514274
2005-05-06,272.0685657058309,260.1780284433228,266.7291419452723
2005-05-07,271.9810505927704,259.9895416803521,267.2889176208734
2005-05-08,272.92110958259036,263.2195456975827,268.6143957104585
2005-05-09,271.23203184813946,261.80297158731673,267.333402959571
2005-05-10,271.3469123823223,261.1549165543685,266.97705505557514
2005-05-11,271.6853899771326,260.260570192572,266.8737962255954
2005-05-12,271.33001764912615,259.65261632595866,266.1576235891123
2005-05-13,270.84723297373415,260.22838495003526,266.75149842371087
2005-05-14,270.5178974967566,260.15281181906676,266.02297259931504
2005-05-15,271.54792231703925,259.9776162758385,266.8188877470095
2005-05-16,271.97123737791696,261.7215388348087,267.78103654472164
2005-05-17,271.61646354228935,262.133785444813,267.27464847175884
2005-05-18,271.2075977463126,262.4392979503187,267.36231745530284
2005-05-19,271.35909448637756,262.62035315309436,267.40214287311215
2005-05-20,271.0337421760109,262.845601445065,267.38305525439824
2005-05-21,271.0389109333819,262.7139158833251,267.53380675373234
2005-05-22,271.3173041380789,262.54860451140604,267.92108913980974
2005-05-23,271.6479648210334,262.88888998388705,267.921065763941
2005-05-24,271.5449709453717,261.56310364351623,267.34193591931773
2005-05-25,271.5916695173479,262.6382238143953,267.79218507631145
2005-05-26,271.3746111324565,262.34680617293895,267.73142759091047
2005-05-27,271.2866469241356,259.650503739459,266.6195805619615
2005-05-28,271.8389775213348,260.26632384262155,267.29244886152884
2005-05-29,272.5442282775749,263.9964858771122,268.78971915940815
2005-05-30,273.49634107963004,263.9083340778205,269.3873983736036
2005-05-31,273.7790895828585,262.58134952672066,268.99442346446494
2005-06-01,273.2900698120317,260.6765188940647,267.83369250742334
2005-06-02,273.2224390628747,260.25641911446974,267.53756003186555
2005-06-03,274.5157030082592,261.618471347743,268.94663019997756
2005-06-04,275.5821838149209,263.9130962522556,270.3958724263503
2005-06-05,275.69859069563904,264.0651646297332,270.45682321189435
2005-06-06,275.14522500719846,263.6733419994148,270.0925896987139
2005-06-07,274.5980419185008,263.75112064528673,270.01789830075217
2005-06-08,274.8605154024346,264.7717753796551,270.40736080017126
2005-06-09,275.0337969246224,262.9816813679059,269.93769036160705
2005-06-10,275.11803073800075,263.21700579198233,270.09720260624545
2005-06-11,275.2537715382902,263.6751473787161,270.3127314416117
2005-06-12,275.356424756108,264.2163802928331,270.7708507423081
2005-06-13,275.77081391496785,265.1398816020945,271.33140422951215
2005-06-14,276.4694813464671,265.0749240072484,271.65476816729824
2005-06-15,276.9022019232536,264.9612259976764,271.81101600223775
2005-06-16,277.51478196944197,266.4735207372081,272.71631896359315
2005-06-17,277.6783677455725,265.859595769474,272.6385959087782
2005-06-18,277.96207765570654,266.32806567306756,273.12030234314204
2005-06-19,278.29127981465103,266.0184561671341,273.0009549270854
2005-06-20,278.3738588962907,265.4213190378405,272.509366906354
2005-06-21,279.2971422239577,265.4785026919874,273.5876074281496
2005-06-22,280.0872374713022,266.17203758512926,274.2163689475435
2005-06-23,281.75442605581514,267.7111092597033,275.9619994060481
2005-06-24,282.2027531661606,267.0728901708834,275.5990636122305
2005-06-25,282.6172094837149,267.5278099564829,276.19148828791515
2005-06-26,282.2313876769493,267.9122791160678,276.08336998646337
2005-06-27,282.18010786177,267.7199900793353,276.046972009325
2005-06-28,282.58898545621656,268.0832103632761,276.0950733042545
2005-06-29,282.4535332336408,268.8453397893473,276.6155298755362
2005-06-30,281.64861521452053,270.2212615202666,276.71198054606606
2005-07-01,281.5226944622054,270.5564419040899,276.8929655987875
2005-07-02,280.25486627646217,271.8404550858051,276.3080654504871
2005-07-03,279.5270902255537,270.3341659333341,275.46518424609644
2005-07-04,279.9474468337497,268.78130369779007,275.20411648393815
2005-07-05,279.66152732234343,269.6317420276356,275.8078281440547
2005-07-06,280.30678897159805,271.4718889652321,276.5671708706031
2005-07-07,280.71060298967916,271.7250766143721,276.9173033289904
2005-07-08,282.45963020448943,272.61295622271035,278.3416541424004
2005-07-09,284.2732225533513,273.1814423871324,279.5187196221809
2005-07-10,284.8319498523982,273.7022725605455,280.00811917088254
2005-07-11,284.9057767570137,273.93514561323815,280.0115280430467
2005-07-12,283.6509647844286,275.35606078169985,279.9464660147658
2005-07-13,283.2653899460173,276.1460326016712,279.836244135667
2005-07-14,283.92575849034944,275.52771188528766,279.91452865167446
2005-07-15,283.8154931154627,275.381842441111,279.8558650600212
2005-07-16,283.0422672752871,275.59835871079747,279.3829459556168
2005-07-17,282.10385311162037,273.9270980403458,278.3791011980324
2005-07-18,282.61109588724264,271.9850709326,278.05480924595014
2005-07-19,283.78329406792557,271.479653749214,278.65219620587857
2005-07-20,284.1860689124945,272.6525293975976,279.27418103042083
2005-07-21,284.43898709475644,272.9627750363814,279.4023128910449
2005-07-22,284.39733825170214,273.45377687129843,279.5490637407715
2005-07-23,284.1037066470419,273.6495809279442,279.3860634546097
2005-07-24,284.1879600867415,273.2828623418187,279.3541775709679
2005-07-25,284.9528149152604,273.41287174408023,280.0215658412168
2005-07-26,285.17727706437074,274.5808169728924,280.4229888614952
2005-07-27,285.33014682248285,274.91679847697594,280.5274904664788
2005-07-28,285.37679138674565,275.3146947319171,280.80895989002585
2005-07-29,285.30491969670504,275.32758421787065,280.69161657170525
2005-07-30,284.94573828512426,274.97469020437177,280.35935306950813
2005-07-31,285.2802133652331,274.71180328532125,280.66012657085406
2005-08-01,285.4064513054824,275.254889310284,280.89636915095645
2005-08-02,286.1805397003577,275.6636173186278,281.4117702983537
2005-08-03,286.6440583137414,275.02349939485066,281.59503770580477
2005-08-04,286.8768032528087,274.94986477426306,281.39539868141856
2005-08-05,285.22583755680614,274.04983503898853,280.19970051222765
2005-08-06,284.05839901489514,273.2750414155865,279.22769674624675
2005-08-07,283.2044011988003,273.50068570438515,278.56096467595734
2005-08-08,281.09770208617874,273.5545101744245,277.639557780469
2005-08-09,282.7969273220831,272.01431590348415,278.03175358473163
2005-08-10,284.1116603312731,271.9966141169774,279.00908238368424
2005-08-11,284.543372997798,273.4940691182465,279.5502624116577
2005-08-12,284.51217278425577,273.63918620080716,279.56908197371143
2005-08-13,285.2793142279504,273.87919467060914,280.1220397217516
2005-08-14,287.1143819735529,274.00327001512,281.4111136058596
2005-08-15,287.71981362973224,275.40272185478227,282.1653812587342
2005-08-16,284.6810930264415,275.71580057617894,280.48699771281275
2005-08-17,283.29232652188176,274.4069614266134,279.0574748832001
2005-08-18,283.58858423234966,272.3400573193253,278.76397894083965
2005-08-19,283.3758815067019,272.83965124845446,278.462356900875
2005-08-20,283.33314984751587,272.29839881684984,278.42067124946414
2005-08-21,283.64384371148975,272.2626660661928,278.3867020340636
2005-08-22,284.6460374423968,271.9326710529207,278.9246961507164
2005-08-23,284.5461638913546,272.4611802025499,279.1001802119249
2005-08-24,283.6080266380214,272.3806799282332,278.1809182243321
2005-08-25,282.4231989915096,271.04051214293054,277.1357556156162
2005-08-26,283.31485915139746,270.5131615238702,277.91616945692147
2005-08-27,281.8447201343021,272.1175980209968,277.0437412185805
2005-08-28,280.3924886652993,270.5879630264475,275.62462050598657
2005-08-29,281.2294485698805,269.79922410130143,276.02535102441067
2005-08-30,281.7837020534853,269.86276754268533,276.53709615120295
2005-08-31,283.3156893886039,269.60911560641296,277.5794089972347
2005-09-01,285.24504106302754,270.7604200803447,279.1377466743445
2005-09-02,284.6633027567699,272.24269335574076,279.09739808469607
2005-09-03,285.151351590818,271.647820607759,279.0185477339137
2005-09-04,286.1875123113613,271.7401475055484,279.8166222507563
2005-09-05,287.4998477700021,273.2485338031746,281.3502171031712
2005-09-06,288.2724337437758,274.6513796596125,282.1737543719746
2005-09-07,286.6472089033088,274.6779119727169,281.0401234995863
2005-09-08,284.4503928102211,274.08189470341296,279.41755605562224
2005-09-09,283.3915190526111,273.36455118548855,278.4925486739914
2005-09-10,281.83401516881713,272.00638424793044,277.15971133088243
2005-09-11,280.35553259611834,271.7834762656549,276.0554289510924
2005-09-12,279.94274937042775,269.4735421039714,275.15781283057515
2005-09-13,280.3264254085815,268.60592995417943,274.69535049335275
2005-09-14,280.26918422576233,268.5912383835685,275.252073938155
2005-09-15,281.32338418225294,270.02905307670375,276.17184075782177
2005-09-16,282.81395624962386,270.5908423428684,277.09838963526863
2005-09-17,282.0382271933469,271.0071533668234,276.76823386237106
2005-09-18,278.97811973708116,269.9914820222263,274.64934715632023
2005-09-19,279.5912073758048,268.3427456011852,274.3297007239787
2005-09-20,280.60983566816725,267.64193550105693,274.82072812573705
2005-09-21,280.5290756598894,268.9598758126629,275.20373841567107
2005-09-22,279.39840906184656,268.129600499752,274.2502255896578
2005-09-23,278.3907970734236,267.78779421638194,273.35454797393743
2005-09-24,278.46945636664105,267.1841165348589,273.25149975134474
2005-09-25,278.60199531429635,266.9111000307611,273.3263197470296
2005-09-26,278.2274236439558,267.6891091669113,273.3405949427066
2005-09-27,277.5156265181493,266.49007895321495,272.3819985351704
2005-09-28,277.04578884343516,265.2135403057467,271.646558394581
2005-09-29,277.2051985099455,264.53692704080515,271.55329519828933
2005-09-30,276.72750919427915,264.7478327903391,271.1277907352804
2005-10-01,278.26628277461214,264.378092491162,272.35687067478773
2005-10-02,278.6507006768449,266.63772977283844,273.1557975071139
2005-10-03,277.86459190515365,266.09399891424545,272.58009913126983
2005-10-04,275.7517341284861,265.85500718762694,271.0689219691566
2005-10-05,276.3783934242219,262.9642153040624,270.36525396134687
2005-10-06,276.6575215322464,262.76715562162497,269.85691464043543
2005-10-07,277.49616995180304,264.0056059207416,271.2462276807333
2005-10-08,277.15309952163494,264.89546300022516,271.49948241773745
2005-10-09,275.28652981232983,262.9114522338053,269.5688139001807
2005-10-10,274.85673935601073,261.84258199429456,268.4956966196476
2005-10-11,273.99356499952654,261.8734930076826,268.63316680457416
2005-10-12,272.9654797556708,261.7355967298486,267.8098126443223
2005-10-13,271.56142889260144,260.49527691768236,266.55000995495993
2005-10-14,271.35485981673804,260.6545664676667,266.5389758433953
2005-10-15,270.6002672715292,262.9731214211878,266.8851614356262
2005-10-16,269.77024368066805,260.55412599937415,265.8717065049545
2005-10-17,268.24152299463464,255.78377723969186,262.85539473898694
2005-10-18,265.8340660373748,251.81510154169356,259.30077940320564
2005-10-19,265.4041350517838,252.4423180627023,259.3781845706326
2005-10-20,267.2882308325377,254.7584800527924,261.0710431846102
2005-10-21,268.6653111725216,256.17510358820255,262.1715627847896
2005-10-22,270.03785984410746,256.67714175134824,263.15723303719227
2005-10-23,270.88867868597777,257.3348333505257,263.9257551136354
2005-10-24,270.83896818815265,257.9305688224173,264.77421672968984
2005-10-25,269.071016243159,260.442720684306,264.7667086689375
2005-10-26,268.0540277412256,253.70170448176032,262.17795586561385
2005-10-27,265.6545141571998,252.2623908868274,259.34061175488273
2005-10-28,266.95082000905927,254.94103150192853,260.8445681036168
2005-10-29,266.5009220164813,254.33088338674122,260.3186333728395
2005-10-30,266.1731936440201,253.81648840489075,259.91173428139734
2005-10-31,266.1244966498471,253.54713699169307,260.3181503517526
2005-11-01,264.4653262644392,252.15282761728915,258.598640688917
2005-11-02,264.44534571703707,252.09493420591778,258.5355083579004
2005-11-03,263.68450758547334,249.52653609173018,257.0781429823959
2005-11-04,263.7060103912375,249.2864545105973,257.12460514069454
2005-11-05,263.9426247241899,252.15682306755483,257.68070084537266
2005-11-06,264.0074178687286,251.9897098964282,257.77313892219024
2005-11-07,265.281745439632,252.35993496882935,260.33253502026616
2005-11-08,266.65130151609077,255.81533342952807,261.5047033366918
2005-11-09,266.0612476822727,253.83591177818505,260.06001666412845
2005-11-10,266.12906248471273,254.97570285772773,261.92483691369335
2005-11-11,265.8684010118484,258.9887218535021,262.4628209587658
2005-11-12,265.3060025978364,255.1549012805422,260.5895171139783
2005-11-13,263.25514330021616,250.09685147077457,257.017519926849
2005-11-14,263.11337896183613,249.72857491948892,257.41303892429755
2005-11-15,261.9501274124937,251.3352938829043,256.52082942692897
2005-11-16,261.08675055237546,247.6399653795703,254.83065073311815
2005-11-17,259.1259187619124,246.989827482254,253.35430109372888
2005-11-18,260.58366457520054,248.40126462095324,254.8831989859834
2005-11-19,262.8841901479844,252.21301524007296,257.69959314622514
2005-11-20,263.52774428736706,252.0711824152236,257.7261928302867
2005-11-21,263.7948788050091,251.71342383796008,257.9863832836154
2005-11-22,262.9890702463411,250.78519723207003,257.1083200121094
2005-11-23,261.4654214862515,248.15641671435478,254.64653929365127
2005-11-24,260.81747895517157,247.9314801094831,254.53335495985593
2005-11-25,262.6157038090593,250.9898646331793,257.509540228834
2005-11-26,262.1834042970471,254.6385297390073,258.35532345428163
2005-11-27,261.7007533787835,254.63395985641932,258.38123947831787
2005-11-28,260.8168852335564,253.2432830733554,256.9080228583874
2005-11-29,260.09649833401414,252.01326497511081,256.0030791870988
2005-11-30,259.4393958988831,249.32658797562806,254.5059932959685
2005-12-01,258.0215693863412,246.01405520080684,252.50069838179428
2005-12-02,257.00331344830425,245.7535127683463,251.62352975055535
2005-12-03,259.3185174728983,248.1682752609995,253.95906768214948
2005-12-04,257.4264286742927,246.2664812511629,252.29227132996138
2005-12-05,260.3008260605078,247.77341244141448,254.98229962421868
2005-12-06,258.710792456354,247.78071133049082,252.92770666601845
2005-12-07,259.18647355566645,248.5515319268506,253.57589323445634
2005-12-08,258.7124860033694,248.36650952305402,253.35001457169017
2005-12-09,257.43974037080375,247.13549009282048,252.7126847981575
2005-12-10,255.18221659539654,243.66760897876406,249.88801205032345
2005-12-11,256.3330206312271,245.2883067018989,250.770092156083
2005-12-12,257.96767316255745,247.38477918131727,252.13123716785145
2005-12-13,257.72376434494123,247.24823375432032,251.81369287798825
2005-12-14,257.77887047277363,247.21057233668827,252.05776471871079
2005-12-15,258.21755995031685,248.0061558420318,252.8574329970445
2005-12-16,259.46218988941854,248.93098451045373,253.81377545734716
2005-12-17,259.23990561577557,246.0628147288871,252.83513059448615
2005-12-18,258.3651817962263,245.98271245480805,251.88637289083448
2005-12-19,258.98968825650877,247.41486125820532,252.90435119288995
2005-12-20,260.9031657038683,249.24405084278231,255.31790796368693
2005-12-21,260.8663954875848,251.48079265782192,255.98477733308772
2005-12-22,259.0133796755765,246.89953131505658,253.50554869968062
2005-12-23,257.463146107142,244.27519733684227,250.97358058583185
2005-12-24,257.505724192165,244.9669145432686,251.4487368840036
2005-12-25,261.1320889205203,248.74703967736605,255.14263796184207
2005-12-26,263.8778746889272,252.62622503231194,258.8555425774986
2005-12-27,263.9688662960958,256.44251241698174,260.249421891279
2005-12-28,261.37618184702075,252.10600499760528,257.1507163200148
2005-12-29,259.30596949858045,250.66833947858197,255.15382497463517
2005-12-30,257.87091161102984,249.71121053163307,253.95435764492743
2005-12-31,258.6273104527905,251.42731343650343,255.9230326749693
2006-01-01,259.7695139214853,256.1200269217135,258.108289197813
2006-01-02,259.49657087627327,255.10913211673648,257.77520947851167
2006-01-03,256.25169627617333,248.68161874365285,253.24410347646798
2006-01-04,254.9907799758249,248.4088360157254,252.1570434733533
2006-01-05,254.98315162222792,247.73284731971248,251.331592447274
2006-01-06,252.6153940827389,243.67092450408722,248.5228788313925
2006-01-07,251.4226008096928,243.3201852530613,247.5444427737563
2006-01-08,253.35493072142708,246.41960098757494,249.85872218978378
2006-01-09,256.4974774997933,249.52832788689477,253.8918520162731
2006-01-10,259.71089801551585,252.20471239315762,256.5497147145128
2006-01-11,257.54504063040577,249.27321117848848,253.63182302429345
2006-01-12,255.6026965331458,249.04080586809732,252.09471070243876
2006-01-13,256.692944231547,249.71345342268611,253.72007161379713
2006-01-14,257.72666814119145,251.0967499249371,255.16698091176866
2006-01-15,261.4608995378383,256.32963591504034,259.6954395537533
2006-01-16,262.60696680710254,258.60873558581375,260.6150341304172
2006-01-17,260.7135707135134,256.02664232885826,258.7248152582236
2006-01-18,258.16424194109004,252.87794414178217,255.87088540157077
2006-01-19,255.22923696535636,249.3140486534436,252.3444055637381
2006-01-20,255.19178415343035,249.34643077186345,252.6392264303219
2006-01-21,254.18961712764033,246.8252987214479,250.73199319046478
2006-01-22,254.50954481872165,247.74204914590408,251.83049062499924
2006-01-23,255.11156107102417,245.62446723643566,251.07553231256276
2006-01-24,251.99193834872526,244.97738285763666,248.92507525752345
2006-01-25,253.7968698897645,246.5932398016136,250.18372245039876
2006-01-26,254.25968701783415,246.50634966221637,250.92528303176445
2006-01-27,258.4629364932837,251.5275770635035,256.13693886033604
2006-01-28,261.7972142902194,257.1354171303233,259.78408128527866
2006-01-29,262.5694560175225,257.83660260569997,260.33451015837653
2006-01-30,263.81155600664584,258.5023521054204,261.31993108547294
2006-01-31,263.6084573752991,258.8923191182903,261.23176663983475
2006-02-01,263.48881460927527,254.81643583671865,260.20997337264816
2006-02-02,260.7597401294997,252.74564460316086,257.0827179831958
2006-02-03,258.80981378282786,248.74530080781557,254.18498621235207
2006-02-04,258.5710826768572,249.82502977956705,254.86526248819226
2006-02-05,260.89337807526664,253.88426141191957,257.57905144371557
2006-02-06,261.7134856574729,255.43016490698594,258.6084638233998
2006-02-07,261.627649199404,253.75175318071325,257.79672002148413
2006-02-08,260.28744151345387,248.32256621881342,254.47757187410056
2006-02-09,258.8056079761889,248.38980750791154,254.6569242715589
2006-02-10,261.73062380193727,253.7658639625329,257.8348812191591
2006-02-11,264.1399989044631,257.28024103572153,261.02452870772817
2006-02-12,265.1568572435719,259.50556774147583,262.3990494805759
2006-02-13,265.18818894940483,259.52130326527237,262.315099077111
2006-02-14,263.97539748096995,259.10258050043217,261.7215488000829
2006-02-15,262.94980342042413,256.0118228979288,260.09321780327843
2006-02-16,261.67647015718717,253.90450277282562,258.3525923129303
2006-02-17,263.11663980016374,257.1593928623913,260.5013050337212
2006-02-18,265.6455458173304,260.2815102211389,262.90506007530087
2006-02-19,265.3661456905248,260.7240147394795,263.3556933036234
2006-02-20,265.03092663390424,256.58685379218923,261.35684501220226
2006-02-21,263.7366175723706,255.9222172358425,260.3740615284864
2006-02-22,263.8318500842951,256.36424863533205,260.81521146233814
2006-02-23,265.08320246523687,258.29186585292507,261.92438952359936
2006-02-24,264.40442449554536,257.67259331593687,261.7915047114588
2006-02-25,265.0242684349095,261.0783986536221,263.42882355104666
2006-02-26,264.38078755486464,256.3842980978096,261.4787236335407
2006-02-27,261.7210989627683,250.90939850484182,257.0636145388623
2006-02-28,258.93502008835827,248.3744438439693,254.17976133390215
2006-03-01,259.6008126923924,249.69972287232918,255.15055956229347
2006-03-02,259.418828400881,252.03616656242886,255.84691897520338
2006-03-03,259.29095263831294,250.34373614015053,254.77802515130688
2006-03-04,260.18708790371073,251.20659807773538,256.16091702943623
2006-03-05,260.4468223056102,251.0580171231787,255.74744608409625
2006-03-06,260.8954546783908,251.81262435842027,257.13342068249517
2006-03-07,262.08194566024054,252.50367353232005,257.6412979671175
2006-03-08,262.33048652739933,251.61565192505617,257.63396133122313
2006-03-09,263.8375504972286,252.15462407930787,258.56327117419147
2006-03-10,262.6943887192802,250.10674848814182,256.668332205667
2006-03-11,261.0939875523149,249.31663336902605,255.8514030980327
2006-03-12,261.7814217442899,252.3817055270074,256.7247945990161
2006-03-13,262.81188076863606,253.22287818717462,258.12691402821815
2006-03-14,263.37767241525484,255.44974913462943,259.66390455974505
2006-03-15,263.38247044787823,255.0165320379915,259.52076018447065
2006-03-16,260.9624912218748,252.75530478952444,257.07026435418464
2006-03-17,260.41542050230174,249.6196826431377,255.3489282004304
2006-03-18,261.84965589816744,251.53824688271325,257.6546215506157
2006-03-19,263.25727313432884,256.0467487878679,259.91005078334325
2006-03-20,264.6696645051988,257.33584854751473,261.380316678072
2006-03-21,264.503306157893,252.0300005657157,259.1425667198457
2006-03-22,262.88969836031055,251.47788924468998,257.9651556999579
2006-03-23,263.81326857197865,252.52430982306765,258.69944770398774
2006-03-24,264.2594702054437,253.2991891986345,260.19178958904916
2006-03-25,265.4522395789582,257.0633533002015,261.2090156371948
2006-03-26,265.76874374368833,254.59168808585562,260.64781261723846
2006-03-27,264.5110063468505,252.1242624943555,258.9980534889643
2006-03-28,263.71698843989634,250.33351602905492,257.37804182952954
2006-03-29,264.77228321703944,252.08547297768078,259.12251824402637
2006-03-30,267.1708837553618,256.2759904507926,262.4596777904674
2006-03-31,267.6963801803495,260.22168673201026,263.94509277536076
2006-04-01,267.8704220518168,259.3518977777978,263.98465137435323
2006-04-02,266.5784726175799,254.9885500481973,261.5192407529201
2006-04-03,265.9158484558353,254.80226598247597,261.17989953428395
2006-04-04,266.0794466502065,252.84478366951967,259.8335742756768
2006-04-05,266.21084616718923,252.38597294755863,260.2211682081998
2006-04-06,266.91899013146633,252.94507123838167,260.3325576732038
2006-04-07,267.72344111482244,253.31378360176726,261.7633897110292
2006-04-08,268.2317631171598,258.7456295460625,264.6287106436468
2006-04-09,267.7585051396856,263.17466737230785,265.56224993916624
2006-04-10,265.6031120026496,258.8149009069969,262.8544818010151
2006-04-11,263.58605132528214,256.7738392552176,260.6398080720938
2006-04-12,263.3005150291943,253.8004371400323,259.3570931899671
2006-04-13,262.25510913412404,250.5652045573352,257.2793208239012
2006-04-14,263.84278551232126,253.3836199868794,259.8829877128552
2006-04-15,265.5397759150986,257.6204922329757,261.6755411016838
2006-04-16,266.10056483513364,257.062137267615,261.87111829194646
2006-04-17,266.9961091600665,256.955414923654,262.48933362948094
2006-04-18,266.5340479946836,255.51941764264885,261.84013073843033
2006-04-19,266.42553372999464,254.50793754661208,261.0743281043043
2006-04-20,267.12411638191855,254.7075409707198,261.68436390717034
2006-04-21,268.34858833924585,255.86302972693406,262.58228644120675
2006-04-22,267.9755958313183,254.62866979226544,261.1887406387937
2006-04-23,268.77047135017983,254.08456163091552,261.9056750012024
2006-04-24,269.0040876046511,254.31599690655298,262.27137018814085
2006-04-25,270.04903722100363,256.72291184860757,263.74406277456194
2006-04-26,270.9382483463746,258.29108632754725,264.2392245146893
2006-04-27,271.4449747642079,258.6569582109916,264.9768968756503
2006-04-28,272.10852066867636,258.58518430444116,265.5061355872731
2006-04-29,272.1066350146995,260.1679697711972,266.7217309128283
2006-04-30,272.23153313033,259.68296134013656,267.05600994045915
2006-05-01,271.7353503646494,259.1480552450145,266.2457826485987
2006-05-02,271.84427990666205,260.38695807339565,266.7567789413217
2006-05-03,272.2475665084437,259.1573265786844,266.37595481248985
2006-05-04,273.50810670238246,259.917900743641,267.9752746043562
2006-05-05,274.4997281459921,263.28430401847675,269.3462571938614
2006-05-06,274.918223435342,263.8818905172027,270.00297138459416
2006-05-07,275.1516770764887,264.19178996993986,270.21859541139935
2006-05-08,274.85477767365165,264.75502458169024,270.68307480960016
2006-05-09,274.7876644999461,264.64830427016176,270.52634209828756
2006-05-10,274.3680838202678,261.8423430634532,269.10323865603544
2006-05-11,275.02936071265987,262.44919409265293,269.7431805263669
2006-05-12,275.33825719950704,264.09095734291884,270.12250972023776
2006-05-13,276.39027430040653,264.75047076424005,270.83768026978254
2006-05-14,276.4527246531204,265.33637349386555,271.2046298397697
2006-05-15,277.27105421741817,266.05269650904086,272.00478380056444
2006-05-16,278.06153807779623,267.20148352255046,273.0112690221331
2006-05-17,276.63403308598276,266.54642460376914,272.1649888210194
2006-05-18,276.16163571152725,264.6299902963881,270.9519810541951
2006-05-19,275.68451321751024,264.27572621899867,270.6754161480159
2006-05-20,276.0591463641326,263.755415660274,270.988903951802
2006-05-21,276.46697653432165,263.42094611269124,270.99486067046956
2006-05-22,277.0885692127697,263.3498792989055,271.3930504042789
2006-05-23,277.51167452012805,263.6291889716555,271.7653652748729
2006-05-24,278.29169405457515,264.88738409539826,272.8955223581975
2006-05-25,278.9304407117991,265.70689665321424,273.4568921083014
2006-05-26,278.50392424866163,265.2215121884122,273.03564322745734
2006-05-27,278.88584386532955,265.83401840598,273.42671409305103
2006-05-28,278.3141815386599,266.8469036636481,273.5882800459177
2006-05-29,278.58232865807895,266.5973393971018,273.4343338624531
2006-05-30,279.2137135110812,266.70752451468144,274.35307617532266
2006-05-31,278.540780278688,269.02992136223736,274.28285146950674
2006-06-01,278.20247730108434,266.4095104066756,273.39732116276895
2006-06-02,278.11441624351653,265.85207993845944,273.20458292709577
2006-06-03,278.04923769619,268.03094792920194,273.5867844317584
2006-06-04,277.16198230719596,267.60214170233365,272.99534641385793
2006-06-05,276.98463641383916,267.63896228616244,273.24243444262095
2006-06-06,277.0582825962439,267.833557207402,273.0897512821735
2006-06-07,277.6262093228109,267.38629209059457,273.35006507898714
2006-06-08,278.84591711526275,267.29033698166654,274.0449271240941
2006-06-09,279.0159154943574,267.5520018421106,274.26716407379405
2006-06-10,278.4503199025731,267.9730747696753,273.79666670334655
2006-06-11,276.6101302862992,267.15142374065056,272.4770742346938
2006-06-12,276.34570082204255,266.46550731495677,271.99731394891745
2006-06-13,277.8073396119439,266.8850237142329,273.2302811715761
2006-06-14,278.812681515703,267.1991056226463,274.0755793476417
2006-06-15,278.68970352280905,267.62145906191967,273.79786861081874
2006-06-16,276.590024955291,267.61701854313844,272.68999816500076
2006-06-17,275.82901108269215,266.26963167712216,271.8458195559351
2006-06-18,276.65926322805984,264.9152200137323,271.9702284050259
2006-06-19,277.7484978781445,264.77710034128836,272.4443338389178
2006-06-20,279.05961402369036,265.322988469521,273.23028921605277
2006-06-21,280.6331070891847,266.20293783684656,274.67690443378456
2006-06-22,282.06229368112355,268.17272508461747,276.5285205605353
2006-06-23,282.26543640580167,269.3951059209674,277.2340360753237
2006-06-24,283.4421587365778,269.4919025963262,277.4780565042367
2006-06-25,283.77155586363284,270.1794634625738,278.0713628872415
2006-06-26,283.8980536272037,270.64068267427234,278.29829898945195
2006-06-27,283.22776593100104,271.00860400177856,278.12211093622557
2006-06-28,282.60302620341764,272.7477632368082,278.01154132213185
2006-06-29,282.5440837100168,271.32316451194544,277.55532855170856
2006-06-30,282.0225334412403,270.70341332444417,277.0650424780121
2006-07-01,283.1466687524541,270.8044327800715,278.06290920071615
2006-07-02,283.5590844934169,271.5572666580183,278.6475850945995
2006-07-03,283.9377570332238,272.4243059927351,278.8796441727599
2006-07-04,284.4333622729901,272.9609993177459,279.40042523749946
2006-07-05,285.470577289069,273.4122019563,280.5226242190981
2006-07-06,287.5042806213442,275.0654750635311,282.119397764464
2006-07-07,288.77546804311226,275.5193766064814,282.95909343470026
2006-07-08,289.3340335945438,275.99936308448406,283.4644843241288
2006-07-09,289.1871733373809,276.3095221485141,283.4070175747411
2006-07-10,287.8602277490765,276.84751121206807,282.7231210056919
2006-07-11,286.343887887294,276.9344972392888,281.75080899568655
2006-07-12,283.8171511746638,275.6263549316417,279.8790945422573
2006-07-13,279.26978604936403,271.30428639594436,275.9792642129306
2006-07-14,278.3941214529463,269.41324547057826,274.7064766315822
2006-07-15,280.23070963056756,268.6824294093497,275.35592682368815
2006-07-16,281.77187231164606,268.70268001531855,276.2200175759455
2006-07-17,283.80283050045364,269.6306989897081,277.75722028571704
2006-07-18,285.3655543273548,272.1071599520283,280.05918163483676
2006-07-19,284.79674647791796,274.783448230131,280.3490505267596
2006-07-20,285.1022438260629,275.2197211112135,280.618417926123
2006-07-21,286.14249621826576,275.50615904084896,281.48755678736427
2006-07-22,287.45531914030374,276.40341782478816,282.6041902047807
2006-07-23,287.78813141292903,276.45146560219695,282.61389789884333
2006-07-24,287.65462702515634,276.3815812883232,282.43451102987837
2006-07-25,287.6163707471557,276.1238797612524,282.52676680719384
2006-07-26,287.5451925371722,276.6073903611867,282.32617694707477
2006-07-27,286.16134759723207,276.5358822893156,281.44360913742133
2006-07-28,285.52608347780466,276.74273392630914,281.1010008037832
2006-07-29,286.0161996219828,276.706318896963,281.47289168253087
2006-07-30,286.5273376481912,276.6893467416317,281.7086799527231
2006-07-31,287.19102446418486,276.7879977635063,282.34979072320056
2006-08-01,286.86866660833374,278.1547160501601,282.5688470475067
2006-08-02,286.3360399216226,277.72709726385375,282.1739573539419
2006-08-03,286.1322051101128,277.57621820177775,282.1007138195474
2006-08-04,285.9412201748482,278.22724389125074,281.8358503497325
2006-08-05,283.9612966194346,278.0682212823687,280.8641257628934
2006-08-06,283.88479334289394,277.21444421627405,280.29604770643635
2006-08-07,283.2532800002909,276.63219949920386,279.71262024174234
2006-08-08,283.1131688286199,275.49262814098313,279.38242213788084
2006-08-09,284.26452922886335,274.939103014802,279.92976883321904
2006-08-10,284.99479046394134,275.6721010011747,280.58581561499966
2006-08-11,284.8398413951256,276.46906376471964,280.6470979519898
2006-08-12,284.11703992817235,276.2750211254338,280.137342482448
2006-08-13,284.46404523972575,275.9877896751963,280.1471059270964
2006-08-14,283.9703073379829,276.22492748683845,279.96802981323356
2006-08-15,283.43388032445375,275.83359910333905,279.559046689563
2006-08-16,283.2156233473697,274.66537806324743,279.10373919157144
2006-08-17,283.58168828664253,274.0290455488504,279.2942669715185
2006-08-18,284.67968366216354,274.6919075677203,280.3048397954265
2006-08-19,286.01160359122866,274.56991224522534,281.1645118152151
2006-08-20,285.4668607932233,276.35610636904534,281.1120201993316
2006-08-21,284.5653361593251,276.7809950828546,280.4781105642561
2006-08-22,284.1938333851995,276.39403708013526,280.2785930644106
2006-08-23,284.8019463266612,275.82872237479114,280.5719186294277
2006-08-24,284.83817879425726,275.9642271578699,280.41619929640217
2006-08-25,284.18709595013337,274.956227585731,279.8725221326139
2006-08-26,283.5657291018089,273.4400015527645,279.0412029500348
2006-08-27,282.54621059583724,273.60562813894364,278.20647408742724
2006-08-28,281.3309606222981,273.49471678637263,277.43230287181217
2006-08-29,280.4556155009074,272.207828932309,276.31863124160844
2006-08-30,280.3772293854498,269.0980592826543,275.6681932751901
2006-08-31,281.4025323308147,268.73921258120504,276.2038926346249
2006-09-01,279.6155424390738,272.36995955677963,276.15384018198046
2006-09-02,277.8289576298253,272.9407639274088,275.25576555204293
2006-09-03,278.45344269563776,270.93354474974063,275.11115907766606
2006-09-04,279.39741453978274,267.8938548757896,274.48454216190305
2006-09-05,279.73244012802087,267.8378261706894,274.467042284675
2006-09-06,280.6569338616132,267.9506556481878,274.9213600181121
2006-09-07,281.4961935958469,268.5132200990398,275.8672752668212
2006-09-08,282.15516675300614,269.5200966981604,276.4256659054932
2006-09-09,282.82767708458243,269.8787018184445,276.9727919502445
2006-09-10,282.32757271624143,270.02084167921504,277.0466795100497
2006-09-11,281.1979365043154,270.40793024246364,276.21779418842436
2006-09-12,280.97057647828393,270.15280785626874,275.9300124106361
2006-09-13,281.86527425309106,270.00377133276487,276.53936330860535
2006-09-14,280.7405903764441,270.3593347212717,275.90029593080726
2006-09-15,279.7650273165637,269.4031778827872,274.7534117375023
2006-09-16,280.4849489736401,268.00943266523484,275.0433184896397
2006-09-17,282.3210301414292,268.1929684790087,276.4168556302611
2006-09-18,282.75932107817323,270.8660156163083,277.36817418909635
2006-09-19,280.7448897096788,269.7232617163637,275.5727799859977
2006-09-20,278.7953866196487,268.6234523012498,274.0145650914057
2006-09-21,278.3035372362656,267.842772609384,273.24922790029893
2006-09-22,276.29811779883147,265.496711702273,271.3511136443311
2006-09-23,276.45221807384996,264.3677371784342,270.88514520367784
2006-09-24,275.5302749673787,264.059703827938,270.16623002285434
2006-09-25,274.9696336099235,264.2430545428336,269.826704527587
2006-09-26,274.48858701100363,262.74808689504516,269.1664207463049
2006-09-27,274.5659278692225,260.8095366731344,268.2805112470564
2006-09-28,276.04737365318584,260.8486586277353,269.495749582545
2006-09-29,276.94404353033326,263.7161957717327,270.8413413931323
2006-09-30,276.98542793287345,264.11232539953,271.1617834104631
2006-10-01,276.9029351820789,264.3164796237729,270.8554892918675
2006-10-02,276.9400673823684,264.1616235843003,271.01251837843233
2006-10-03,276.5017161591103,264.22447513103197,270.90519582712335
2006-10-04,276.43575364985134,263.36520009608887,270.3916482888778
2006-10-05,277.46634785447577,265.06664207273775,271.8435573127102
2006-10-06,276.38410586825523,264.60715345849195,270.78161538377043
2006-10-07,277.14223733482635,263.4593976987634,270.8490789121687
2006-10-08,277.81562857119087,264.79991182669096,272.15098206397437
2006-10-09,276.43330758873907,264.27177161651787,270.61117527323523
2006-10-10,276.0344026916986,263.1315987579274,269.83009704261013
2006-10-11,276.6153691971604,262.994697245502,270.73978267397706
2006-10-12,276.68101695516407,265.57350745800983,271.294809619875
2006-10-13,274.62355895457887,265.2464997688409,270.0501959883415
2006-10-14,273.342404405262,263.9671501655943,268.8563394658834
2006-10-15,272.11525071795586,261.2073294905182,267.19973612016105
2006-10-16,272.4137624255068,259.4052055283209,266.2424069272289
2006-10-17,273.01082765526724,259.4437321875557,266.8952639633519
2006-10-18,273.0541811534724,260.58770271290314,267.081324352256
2006-10-19,271.8398812508106,260.1119685201207,266.2016753974192
2006-10-20,271.40257009286455,260.3503140455975,266.56662682252687
2006-10-21,271.2454881989376,259.14203283552644,265.5382992287599
2006-10-22,270.4895454063844,257.82202044329017,264.3323085475625
2006-10-23,271.8483904087078,258.11225460205856,265.64587440980443
2006-10-24,272.0983220528016,260.5978470512913,267.06514954233427
2006-10-25,271.44215311175867,262.17159804658394,266.8155948247014
2006-10-26,270.222379987971,259.81337586665745,265.61314188978184
2006-10-27,269.225922692921,257.7052440563517,263.8686576832632
2006-10-28,268.58925900108,255.08320748607386,262.27731669771623
2006-10-29,268.719801260138,254.60047263672615,261.8444406215291
2006-10-30,270.19238325471576,255.52773070371933,263.00881848347115
2006-10-31,270.7354756413352,256.6416477253687,263.7488089975939
2006-11-01,271.22819136195443,256.9278669181877,264.0377899749078
2006-11-02,270.5593053473267,257.72964420622077,263.9217417315657
2006-11-03,270.3850770310105,257.6046012018684,263.9024536776718
2006-11-04,270.6496442386897,257.77312639301033,264.1231484939078
2006-11-05,271.2036293311625,257.91881932555447,264.3596490335262
2006-11-06,270.5628017603486,257.5776060868491,263.98370307141727
2006-11-07,270.3870713399591,257.201580004243,263.7805848824052
2006-11-08,270.8945667804079,257.4727707681731,264.2567057626634
2006-11-09,270.9147640951257,258.6275716514053,265.05266468538275
2006-11-10,270.05086318902715,260.3961248456051,265.35707660735073
2006-11-11,269.0729215791713,261.7594384258049,265.4533428732429
2006-11-12,267.81156786722016,260.8964560400038,264.57186623897053
2006-11-13,266.25158780319293,255.54765032175405,261.6148742184248
2006-11-14,263.7262303824857,254.54237739818373,259.6828664097108
2006-11-15,265.0203926526385,255.96363192645052,261.0709539547293
2006-11-16,265.2162888970526,255.99351629772423,261.095471231915
2006-11-17,265.64645304084723,257.62711623422416,262.50421687764356
2006-11-18,264.649476428551,253.88108290366952,260.1091750504715
2006-11-19,261.380850412041,248.65885729252676,255.5826502157326
2006-11-20,260.0297158710637,249.03279537308578,255.43617223406866
2006-11-21,263.37477359484217,255.6325881519362,260.3168623541727
2006-11-22,262.1689791627291,252.58403002779633,258.1675587683107
2006-11-23,257.96004912017736,247.55289205308853,253.13254887406498
2006-11-24,255.23148888008222,244.50293349932136,250.00237107295885
2006-11-25,254.87379819312545,245.15051920027693,250.20925634249411
2006-11-26,255.8012002959504,246.4457767068323,251.06248981510245
2006-11-27,257.3651325540884,248.90942030235482,254.32197709362273
2006-11-28,258.4225367444027,251.60458705814844,255.20224204958402
2006-11-29,259.5182468509062,247.51761556058534,254.75625753246453
2006-11-30,256.1848253593435,246.2114783894972,251.56845407614145
2006-12-01,256.33955265880365,248.25253704482682,252.2068243220832
2006-12-02,258.6941354027275,249.66939747808195,255.63862528224615
2006-12-03,262.27326830272597,256.8307458521519,260.49692458139833
2006-12-04,264.1047650040964,261.05803928283234,262.71856310316105
2006-12-05,263.84629738977037,258.7612528021621,261.6362434413956
2006-12-06,260.95825269364735,252.86505063224135,257.7671191444515
2006-12-07,256.7016622412012,247.86180861599158,252.94203187806124
2006-12-08,253.35099193570187,245.25032755347885,249.349457958234
2006-12-09,252.74048730944935,245.4380522186084,249.94264117912792
2006-12-10,256.2185845947352,249.32636911144445,253.34069801860778
2006-12-11,255.06519957781362,246.11159601733786,251.40140971567985
2006-12-12,251.409043261777,245.0437872609926,248.4125216069708
2006-12-13,254.51312012458436,246.77496911090532,251.05111018994052
2006-12-14,254.54916632078923,247.22827117275997,251.36941274076975
2006-12-15,258.3759062635595,250.78405319630923,255.3133829520791
2006-12-16,259.9776389486475,249.44149352091526,255.35667879165408
2006-12-17,256.9842612391912,247.4321571728253,252.44533476111013
2006-12-18,255.0461065791104,248.21217643930376,251.33353626623804
2006-12-19,257.11738400024535,248.9299964571515,253.25773638647613
2006-12-20,259.1261653633887,250.93391700767498,255.12694080118249
2006-12-21,258.4629124024376,249.99612081883748,254.65219940812946
2006-12-22,255.17378201773232,246.02584512451665,250.81153521996137
2006-12-23,255.0575321027378,247.52082412434845,251.42530540155818
2006-12-24,256.05088108332825,249.63665973659954,253.4122563864924
2006-12-25,258.73990421999366,253.7773176849164,256.69979443408835
2006-12-26,260.4469574150998,253.86887202428255,257.5175807461983
2006-12-27,256.94930619038837,247.64517542837055,252.71261784575572
2006-12-28,257.31731764300525,248.19245948997718,254.10492709283747
2006-12-29,258.36199255149336,252.79133290586563,255.35697182520545
2006-12-30,259.1544677763999,252.58577308371505,255.79408671195813
2006-12-31,258.2061793310691,252.16633303481228,255.2164686961985
2007-01-01,256.7159349771383,250.3910386783856,253.55013615136494
2007-01-02,255.18367068800194,247.76212687961882,251.4195939558118
2007-01-03,253.98804124299886,246.0474205850352,250.08405606268587
2007-01-04,253.17597937805604,245.68638633069042,249.5040399630812
2007-01-05,252.7525805254169,244.1233669002115,248.44685801188234
2007-01-06,251.8536277362691,243.16051141889236,247.37372321033806
2007-01-07,250.7282112757934,243.11004492537322,246.96847174906205
2007-01-08,253.62941173307362,245.74538023005195,250.02893931232074
2007-01-09,255.5344443401939,248.60558925201292,252.08034994545247
2007-01-10,256.37775946485567,246.2664550911175,251.85552661016393
2007-01-11,254.15993156968239,245.70353621287285,250.0730073638108
2007-01-12,253.99762904220077,246.44535783922663,249.9077045258768
2007-01-13,253.19287520707337,244.58364709405535,248.66550119102848
2007-01-14,253.2507117093186,244.06876870795801,248.96375780328034
2007-01-15,254.5540184426669,246.67413264578454,250.32425112354562
2007-01-16,255.16800033185794,247.24052625085366,250.96572625741385
2007-01-17,255.41867481002592,247.1694058866827,251.9360223848661
2007-01-18,258.2321069873168,249.952789062281,255.02177493580086
2007-01-19,258.5188186321148,248.3644645543061,254.3107081095756
2007-01-20,255.05246357681347,245.40775864618058,250.25507199650372
2007-01-21,253.33409930005075,245.13267573751196,248.90253218681835
2007-01-22,254.4700749544743,245.9272330373171,250.13133622477096
2007-01-23,257.32551125799694,248.6275523452697,253.11862871449912
2007-01-24,259.4043632695631,251.7496551835323,255.61103409527246
2007-01-25,258.9347374589953,248.99994786325382,253.75635476497408
2007-01-26,259.15185646265445,248.90397805466904,254.38027357987588
2007-01-27,260.3162067293199,250.01186297327456,255.42008018892764
2007-01-28,259.23253673245705,246.67788233475784,253.40314518386413
2007-01-29,258.1094819064099,245.76623411284746,252.331458096922
2007-01-30,259.3286870420136,248.4114697387848,253.80319743406622
2007-01-31,259.4355423872426,248.93386807666377,254.04008020969144
2007-02-01,261.14954279882863,250.95498131928684,255.80306057234912
2007-02-02,263.0859948701383,253.07895363462148,258.50631226569095
2007-02-03,262.8458720017494,253.96886842179842,258.1390956272629
2007-02-04,263.36937442135803,252.82718341253513,258.48468889643533
2007-02-05,262.3215898312752,252.07491942757392,258.1910420883402
2007-02-06,263.2366892906267,252.3331664712974,258.456060977463
2007-02-07,261.2911618527748,249.22145957734566,255.65214576826813
2007-02-08,260.17412560371775,249.02268202118282,255.37326487414745
2007-02-09,261.95174526631257,252.90819056882742,257.67662717839045
2007-02-10,263.2025831404327,255.77785667141634,259.9483735252024
2007-02-11,263.8790045812312,256.66601695179713,260.43610141848285
2007-02-12,261.558663317027,253.48092749351616,257.7399959797445
2007-02-13,260.4900292473578,252.64287947580192,256.55638503337235
2007-02-14,260.4357893004838,251.55021889182282,256.25102527240364
2007-02-15,258.79233323473994,249.60832414433304,254.47127423619682
2007-02-16,258.3688244823613,248.56129045463356,253.4993260412154
2007-02-17,258.0815642311153,248.08810090614767,253.43153288015745
2007-02-18,258.0797549795797,248.78270943750152,254.35552991145903
2007-02-19,259.2395897141881,251.86929206522748,255.49543540542143
2007-02-20,260.00713917697584,252.2021197216038,256.50724014156094
2007-02-21,261.66807451709286,255.06756958144476,258.76898789968305
2007-02-22,260.76946872853586,251.05277349538838,256.7380476827946
2007-02-23,258.5555930367589,247.3892767814415,253.01987897721332
2007-02-24,259.0333350407099,248.50526710401542,254.5687824979987
2007-02-25,260.6951740841373,251.72565585287094,256.22473701840545
2007-02-26,260.89987254207017,252.00388578011135,257.47286447324234
2007-02-27,261.9611014784677,257.2620308607809,259.85122042170974
2007-02-28,262.08930342873253,254.9065714730231,259.003344728457
2007-03-01,259.4367345165756,250.07634662600296,255.34891540246383
2007-03-02,257.23749987335395,249.2302304558091,253.4871803017521
2007-03-03,259.8319944481703,253.00450704838133,257.03544785586155
2007-03-04,260.62668027874173,253.17979660399192,257.0330400600677
2007-03-05,258.6318016315592,247.85057744529058,253.51470098670293
2007-03-06,257.8588381265334,247.75368682969153,252.76954457024078
2007-03-07,257.6226789926054,247.97395579427456,252.9011189559448
2007-03-08,258.8470720761144,249.99707187459674,254.25669376875652
2007-03-09,259.6395800005794,251.77358763640007,256.13901184442005
2007-03-10,261.7193768500064,253.26220227984712,257.5394582201032
2007-03-11,261.96795898069985,253.92622466296032,258.95606080931776
2007-03-12,262.6874474113389,258.36738826330475,260.6016033612147
2007-03-13,262.4102629373135,254.68293846255432,259.3237092602473
2007-03-14,259.7556466615346,249.62116276244362,255.34935074617724
2007-03-15,257.05694237226595,246.83954687015085,252.257016602039
2007-03-16,258.2180449672615,247.90017892250634,253.94709171586547
2007-03-17,262.4765189779437,253.2882775946138,258.84963136982105
2007-03-18,265.48663550437817,257.42633030264835,262.4435580948763
2007-03-19,266.62594782115275,261.75354531136435,264.52385055883076
2007-03-20,266.92853923696896,260.85375337656205,264.3645995387307
2007-03-21,265.44176439447745,259.3426088314791,262.6579311859048
2007-03-22,264.84714068341003,253.87195417632816,259.95795835941414
2007-03-23,262.7664772844173,251.92862631010402,257.66215414215253
2007-03-24,262.59915498574577,251.81484841209476,257.53944357922165
2007-03-25,262.27119124749873,250.28587854565188,256.67223220390036
2007-03-26,263.35576506056634,251.4262103903691,258.82783416950656
2007-03-27,265.9411549847521,256.78670316473125,261.0758979443082
2007-03-28,267.9815019981685,258.3885045339942,263.25489659911614
2007-03-29,268.91118654927493,259.4639995560646,264.57196781063504
2007-03-30,269.9404622594653,262.1518575372724,265.89609221721804
2007-03-31,270.662035651454,263.21177310695174,266.5822758460485
2007-04-01,268.3034455739454,261.06114892002876,265.2125209239503
2007-04-02,267.68977721161815,258.00953700007966,263.189372198088
2007-04-03,266.87880101805433,256.9756019757959,262.64662761154443
2007-04-04,268.4653571856241,257.5483202114508,263.81748418157815
2007-04-05,268.9963386740416,258.6110744039383,264.3012261532965
2007-04-06,268.882715274439,256.7661978236466,263.4205469004615
2007-04-07,267.7124044684752,253.72152081114712,261.3879413964857
2007-04-08,266.826277596379,252.89165537728178,260.8072762805761
2007-04-09,267.55516911263976,255.46605089560487,261.6183990595219
2007-04-10,268.7017307800005,256.73780015919937,262.6630544402091
2007-04-11,270.1261438794082,258.0713242628344,264.1322632930638
2007-04-12,271.208021512425,259.9902590579109,265.1662803428152
2007-04-13,271.7188908173155,260.18320934904875,265.55387463467827
2007-04-14,272.2309990990659,259.20613434823144,265.54188571937067
2007-04-15,272.6336806772257,260.0240180414618,266.4712127768664
2007-04-16,273.5596599584779,261.5677140632144,267.4358211112542
2007-04-17,273.32358510029354,262.47273608697105,268.27393778890377
2007-04-18,272.66543300524114,261.2953998872456,267.9179691378862
2007-04-19,272.0562773894973,260.2514336495211,266.2586241554281
2007-04-20,271.7847837467283,259.7861592350249,266.08859519427307
2007-04-21,271.52681888124243,259.07533630879954,265.5897803521277
2007-04-22,272.29047130725036,259.4330985689754,266.68310898395026
2007-04-23,271.99394330829296,261.28681679215754,267.5174750282778
2007-04-24,271.55588185353145,260.8476665170492,266.8248331359922
2007-04-25,271.98126725685313,261.93956769174434,267.594132078545
2007-04-26,272.3146296140764,260.7545957380111,266.87615017834634
2007-04-27,273.9528592965225,260.92758917488874,268.04024068765494
2007-04-28,274.6058725402064,262.81993324755473,269.0152706870052
2007-04-29,274.8052142689726,263.487772223487,269.62101865995834
2007-04-30,275.5271401758457,264.7931681278989,270.6469326056476
2007-05-01,275.9833311770393,264.0841546276441,270.87116491241886
2007-05-02,275.8843282569316,263.5374032727973,270.3402135443644
2007-05-03,275.8483030703487,264.5240000388153,270.74488588854393
2007-05-04,275.6998563232939,264.1349071339661,270.69610057404986
2007-05-05,275.57812032269453,263.7483478941121,270.1938939005225
2007-05-06,276.2998405494475,262.92789613111114,270.8583657051817
2007-05-07,276.8038710893718,263.0947382070605,271.28296037715546
2007-05-08,274.8415601380941,263.4974588493683,270.5961748443324
2007-05-09,274.11800377788444,262.78623821820395,269.3648896884877
2007-05-10,274.1394661981919,262.90726012397135,269.47251467564644
2007-05-11,274.7491188569047,264.98181771862903,270.6229707714325
2007-05-12,276.083668047663,264.37107529690496,270.73210641079055
2007-05-13,277.1649594309788,264.32006005949535,271.4797845372826
2007-05-14,278.2493595584133,265.41992647711766,272.72223386182804
2007-05-15,278.65469373501855,265.92794278303745,273.1711009016073
2007-05-16,278.39029644915814,265.91738622862425,273.4014529451781
2007-05-17,278.3087747336005,266.26888517551174,273.29069725461653
2007-05-18,278.45269545786584,266.20331733079445,273.6401518158735
2007-05-19,277.2732321168333,267.9207494322591,273.08719412629637
2007-05-20,275.8252727951984,266.0521456387333,271.8174603190635
2007-05-21,274.54230030191167,265.393132691791,270.5112835162806
2007-05-22,274.7396055683876,265.17347898630044,270.6607059353706
2007-05-23,274.5437653540063,263.85113982925725,270.2584515497616
2007-05-24,274.37248118928414,263.58174541185775,270.04671028188073
2007-05-25,273.9106378085044,265.0867259162316,270.0663920706447
2007-05-26,274.4116313970397,264.18530219467857,270.0218256252838
2007-05-27,274.480856468903,264.03599919281453,270.1058260443412
2007-05-28,274.6215766272567,263.96616912838186,269.96659490768843
2007-05-29,275.1789634137563,263.47284047952263,270.2120654432636
2007-05-30,276.12297621474596,263.9726279079736,271.1147110043328
2007-05-31,276.5599709944901,264.5695043151917,271.5274846206581
2007-06-01,277.13007284864506,265.52151121210954,272.2242309234306
2007-06-02,277.27317781009884,267.08731541787023,272.8513117138132
2007-06-03,277.5552404058228,268.4356190614863,273.3457961303048
2007-06-04,277.3178512941584,268.7437655877948,273.3579459576024
2007-06-05,278.21991469185116,268.7094406738676,273.9309063225119
2007-06-06,278.57815651516665,267.7406544967341,274.08093152893497
2007-06-07,280.4375811430918,266.98158964908197,274.71935592279885
2007-06-08,281.6271967336728,267.5931752836193,275.719641230239
2007-06-09,281.83809824920735,267.7483748953937,275.681490876314
2007-06-10,283.22539190494774,269.55433748739523,277.53940313361755
2007-06-11,283.6454459422355,271.2248097277809,278.4389004752224
2007-06-12,284.20942246716226,272.3134045020277,279.1159300077617
2007-06-13,284.0850592668892,271.8637246819078,278.67388515631825
2007-06-14,283.0847065649006,272.4808211610876,278.3013063435809
2007-06-15,281.18197703658853,271.65080290087445,276.83031145069936
2007-06-16,278.7542227870349,269.2920365561303,274.54284884368843
2007-06-17,277.9871596916731,268.4282636154631,273.63015717131225
2007-06-18,277.78338007223175,267.4447312756472,273.33780579523653
2007-06-19,278.0885700558851,267.6180631075984,273.57378879902734
2007-06-20,280.06886633043405,266.94033113529224,274.7012581422084
2007-06-21,282.1826786944956,267.71436514974965,276.2694032854403
2007-06-22,283.66683957908316,270.7114607381645,278.17322646328336
2007-06-23,284.68314551977244,270.80969898837793,278.7091524288023
2007-06-24,285.4853888019966,271.54705742795375,279.4943549854274
2007-06-25,285.4581822842186,273.01577507057345,280.12975336281363
2007-06-26,284.8130864750383,274.0660754172531,279.96633396346755
2007-06-27,286.20260042575217,273.9928689517011,280.91575166926054
2007-06-28,284.5086410880428,275.12333097194863,280.5617490306852
2007-06-29,281.7649288213486,276.5105807997322,279.2098223275655
2007-06-30,283.3249786468005,274.9424634966844,279.5670284885619
2007-07-01,284.4770743760461,274.19908119905745,279.86325050204687
2007-07-02,283.2830898711431,274.94916176722757,279.35341410617957
2007-07-03,283.3589818116907,273.77561300927744,279.1799281809698
2007-07-04,284.34776639413656,273.3531413332795,279.45253592505986
2007-07-05,284.8074978023606,272.87988934404336,279.5984437063336
2007-07-06,284.4226992366754,273.2591281456153,279.71342244612225
2007-07-07,284.0186625141683,274.00168319353793,279.49296005266876
2007-07-08,280.59478953151796,272.2872665354974,277.11471287528684
2007-07-09,283.35774134626735,270.92788019706273,278.2393340992648
2007-07-10,285.7615165080189,272.37791345773877,280.390863615279
2007-07-11,286.5583852911358,274.5446212073898,281.3323071695523
2007-07-12,285.537946504124,274.6291710047231,280.55388076305655
2007-07-13,283.73726248021103,274.2848273181828,279.3928996853194
2007-07-14,282.7396386589967,273.6914960499243,278.35078196214647
2007-07-15,281.54399359020687,270.9920808738138,277.1507629027529
2007-07-16,282.62571564764283,271.06380227858244,277.73749082064313
2007-07-17,283.10918487359186,272.826644749454,278.555991294354
2007-07-18,284.98979924496416,272.8036869621042,279.92429861412245
2007-07-19,286.39128878766206,274.8214806789751,281.22573548909793
2007-07-20,286.7409704142611,275.40708740979903,281.7243424753136
2007-07-21,284.9051930736895,276.698883974267,280.7775779707603
2007-07-22,283.8927070359142,276.7093897255363,280.41997518380754
2007-07-23,284.36876829653914,276.12129284335134,280.44533062930265
2007-07-24,284.38944329478284,274.62276048746213,280.07352576310427
2007-07-25,285.0730307800425,273.98221954350817,280.1966990284935
2007-07-26,284.63755670216466,274.70033197006364,280.139883125551
2007-07-27,284.266393635813,273.48909740765936,279.5721947258903
2007-07-28,284.48218623571955,272.4892166046415,279.4574949152346
2007-07-29,285.60588734689287,273.4202406427749,280.40507030051435
2007-07-30,285.748084883665,274.60664203590176,281.06524050288186
2007-07-31,286.2689118482233,275.9475104927261,281.67978650040396
2007-08-01,285.85690698945893,275.9515774271891,281.3760584778336
2007-08-02,285.0075835578261,275.38397789451653,280.43490277991845
2007-08-03,284.10266179149306,273.82322460500177,279.52347115603857
2007-08-04,284.5096162581068,272.8495898375877,279.43324796607857
2007-08-05,284.91217983446563,274.2199739409269,280.26415384641274
2007-08-06,283.53222841647477,275.7898758815842,279.7804820017617
2007-08-07,284.31095826648067,274.90368916049067,280.15428708868717
2007-08-08,286.01987888498627,274.71502616411914,281.1520310957881
2007-08-09,286.5014413653441,275.94771385932506,281.7419158507307
2007-08-10,288.01182045132543,275.9242552398539,282.5998334847345
2007-08-11,288.71630319137347,276.67389747157705,283.33207944640054
2007-08-12,287.4778238082421,277.7424591238212,282.65279551007376
2007-08-13,285.45968220841667,277.2127536396558,281.3751014222484
2007-08-14,284.5841154627446,276.31664647132305,280.38957108256085
2007-08-15,283.41669504656204,273.63178256936936,278.83757651610927
2007-08-16,283.1062314658451,272.15169174452893,278.10644377598277
2007-08-17,283.10861181990896,271.8879393946287,278.05646565223793
2007-08-18,284.8185691891953,271.53601785026916,279.24020756827906
2007-08-19,285.9537824709676,273.0978403135086,280.408666689016
2007-08-20,285.79994511346405,274.6248490669873,280.60510385029863
2007-08-21,285.57371265873394,275.15681189396906,280.6039181960212
2007-08-22,285.2256532059306,276.0529068263161,280.7161462068302
2007-08-23,285.7146171161594,275.7774354149893,280.9219239503942
2007-08-24,285.0427748743645,275.32461182891115,280.42831103438016
2007-08-25,285.1554319547567,274.9281165393469,280.24397566808506
2007-08-26,284.42453489566134,274.2529144725828,279.6065538191242
2007-08-27,284.0234234153397,273.2623702883682,279.0880486123502
2007-08-28,284.1165427256926,273.001218045207,279.0294348862439
2007-08-29,284.5372759754833,273.1981957378655,279.28488665242384
2007-08-30,284.9295517694235,273.54903828058445,279.5959206593313
2007-08-31,284.73773124416124,274.11727337178786,279.81057188819125
2007-09-01,285.2049556749902,274.1155227453838,280.1071727979231
2007-09-02,285.09230708443874,274.4010080035916,280.03789283910294
2007-09-03,284.74518691313517,273.97249562034864,279.6953433765672
2007-09-04,284.20470076137883,273.40760218274704,279.09789985133887
2007-09-05,282.57252168518386,272.59969661561485,277.7985764374387
2007-09-06,280.66986563346416,272.65849846951875,276.5233627507142
2007-09-07,280.28061790746585,270.4619667118746,275.7305273823806
2007-09-08,280.3126049279246,268.9361281282624,275.2247352298249
2007-09-09,279.98438846785893,269.36987664922384,275.15943765794003
2007-09-10,279.1274005337282,269.8125530031696,274.825149799352
2007-09-11,279.5440649910585,268.99753474549635,274.7750344858718
2007-09-12,280.9064061400141,268.0841311374336,275.204552460242
2007-09-13,281.91743949758205,268.3019691739048,275.6222141413559
2007-09-14,282.64471689049236,269.0424032157875,276.7520776006972
2007-09-15,283.9974700387812,270.62585162254146,278.08724807075845
2007-09-16,283.7464954152181,271.07371517951003,277.7869023209338
2007-09-17,283.55687561785504,271.0074345123221,278.1086750323402
2007-09-18,283.6487890399647,271.7645440101742,278.2787986052706
2007-09-19,282.94325836164035,271.7000246921135,277.6086836056931
2007-09-20,281.83794812096494,271.35935292406765,276.88723261958484
2007-09-21,280.19401530778026,271.1108372450048,275.78138444422046
2007-09-22,277.66846983685673,269.97413863339125,273.94201485950117
2007-09-23,276.3479008473895,267.4694808903796,272.2722624297969
2007-09-24,275.9645373282481,265.1361347707373,270.97406753080554
2007-09-25,275.8080863067488,262.82824390157043,269.7786447313687
2007-09-26,275.5894774503413,262.55363854988684,269.56570577180094
2007-09-27,274.8239874342675,262.68112257406244,269.3650533040187
2007-09-28,273.4147395768756,262.8335173867543,268.57206169575323
2007-09-29,273.1385982488218,260.97627061828155,267.7976635332988
2007-09-30,273.24494807203047,258.7748110652622,266.70756617106167
2007-10-01,273.3328753444996,258.9403962804637,267.3014106453843
2007-10-02,272.6794089803517,260.14603374407125,267.1623739131735
2007-10-03,272.45016482578626,260.4746297968061,267.08555560320787
2007-10-04,272.02412298784486,260.3608838329464,266.6103558960065
2007-10-05,271.82366936637595,259.87864093779837,266.16544130400524
2007-10-06,271.43376046371577,259.6389526745982,266.0192101064144
2007-10-07,271.5831262355389,257.7422897182025,265.5666659952954
2007-10-08,271.0729716769059,257.8514630363313,264.9926022154544
2007-10-09,271.94878180768063,258.07771165868,265.97255160546354
2007-10-10,271.75633960802304,258.571618076422,265.66187257606725
2007-10-11,271.08754842009716,258.2081285148122,265.12941325805275
2007-10-12,271.0374784985907,257.45636178909785,264.7082206389215
2007-10-13,271.0930389000387,257.1348693719536,264.61035719354976
2007-10-14,271.58577816361236,259.02031240503027,265.70965152448304
2007-10-15,271.712008567098,259.1622633416047,265.74184121020386
2007-10-16,271.2948178159427,258.7031607110083,265.18220274527744
2007-10-17,270.78548764853304,258.0844413263827,264.74659986439883
2007-10-18,271.2676871615486,258.5420152461714,265.1676773977839
2007-10-19,272.680594076979,259.8173668014216,266.9246336873004
2007-10-20,272.1305301761917,260.15461524341606,266.34717616505236
2007-10-21,269.2917405434197,256.5350148646046,263.39274370876865
2007-10-22,268.96253178902225,255.42125914677584,262.53691939980945
2007-10-23,270.1928033605101,255.80306065013988,263.97612869062755
2007-10-24,270.2862476725885,258.15810409012556,264.9618012147377
2007-10-25,270.68010842214295,259.5447035245728,265.7051902657735
2007-10-26,270.4397091025152,260.4548029441303,265.80270015020204
2007-10-27,269.68404005760635,255.44162695594065,263.52226281565953
2007-10-28,268.6974010550516,254.55561944135195,262.01239445275127
2007-10-29,269.1518614800707,256.6660531938178,263.00286368277244
2007-10-30,268.4092551750962,254.38354275196195,261.7106257096269
2007-10-31,268.77565170511906,254.35185179500294,262.08738919566093
2007-11-01,270.3074983095385,256.97901843444157,263.4962232584456
2007-11-02,270.8715260447129,257.4376430714011,264.08781195498955
2007-11-03,272.0053577325445,259.28256126552634,266.3303569746118
2007-11-04,272.12939069416575,260.8388066506492,266.686011319159
2007-11-05,270.0329183273783,255.6691831473698,263.09327529513246
2007-11-06,269.70603161349044,254.78419555955617,263.1063874863236
2007-11-07,269.7570166325682,257.46719886946426,263.86332511997716
2007-11-08,268.1247544009994,255.51826071740962,262.2230522388829
2007-11-09,267.67771026464266,255.19692642639637,261.8390692318726
2007-11-10,266.6451900231407,254.4462668915306,260.95196953143136
2007-11-11,266.1095464584646,253.31120476292,259.9664247942573
2007-11-12,266.4171091074271,253.15705459486517,259.9258326865675
2007-11-13,266.0829790018673,253.312137124984,259.5540784231645
2007-11-14,266.3229987916454,252.906298325526,259.84262807606115
2007-11-15,266.2110604276762,252.93793221061554,259.6444221813865
2007-11-16,265.5296270141039,252.13841105991693,258.82278639637696
2007-11-17,266.7151304945657,252.83781104167412,260.1169520325487
2007-11-18,268.02554143703543,254.99366538040817,261.52610311517554
2007-11-19,267.25310054953894,254.25993057462796,260.99313455414256
2007-11-20,266.25519230577663,253.4186113015372,259.7461355654864
2007-11-21,266.96591494123277,253.5645062467782,260.3196446108967
2007-11-22,268.3884195453971,254.99668324438287,261.7074014051612
2007-11-23,269.21554139228994,256.49744048465635,262.6739120147151
2007-11-24,269.609222294967,256.36977426053323,263.2002900091358
2007-11-25,268.8979813766951,255.32683543728768,262.0610054638865
2007-11-26,269.99537905840424,256.6407633822163,263.0137214060989
2007-11-27,268.90753293902657,255.58544259077843,261.8582679396048
2007-11-28,268.20259184399447,255.18399084561887,261.5805206598546
2007-11-29,266.97688558805214,257.27575251648733,262.206773583678
2007-11-30,264.1168614656104,254.1918253573037,259.95454626414363
2007-12-01,263.24940221878256,252.74768969499053,258.9374952032807
2007-12-02,263.33254650279474,252.32079291242061,258.65167120926475
2007-12-03,261.28488929483734,249.39852773495946,255.51953165938036
2007-12-04,264.22324219846223,251.41335807214531,257.9709198655141
2007-12-05,264.29784896093514,253.1453099062472,258.7680473021279
2007-12-06,264.35331467071853,255.39817497661804,260.12452542588113
2007-12-07,262.9136555965399,254.22287040819427,258.75025371338
2007-12-08,259.84879375790143,249.33481028083946,254.7188363641195
2007-12-09,261.1071422646432,252.99038466384295,257.76475281093457
2007-12-10,259.7938386418779,251.3454371322383,256.0181360775928
2007-12-11,257.3507039739998,248.22071809458004,252.9277182322994
2007-12-12,257.25491972643437,248.08146277099138,253.39698540645037
2007-12-13,257.33257115694613,250.09504884909018,254.10342123724024
2007-12-14,256.4879499953007,244.04808543366963,251.4137171687516
2007-12-15,253.01476527118677,243.0534861483484,248.26234831576562
2007-12-16,254.81197818900762,244.39390569562573,249.48210762753823
2007-12-17,254.2097928343555,244.1583251805381,249.64147165885618
2007-12-18,259.1154247831358,250.06189168545615,255.8079139542173
2007-12-19,261.0717992285932,255.13284657304752,258.2374415037753
2007-12-20,261.88306206950534,256.58602429245934,259.3376082803598
2007-12-21,262.4014711320465,251.6623100084935,258.5279095034905
2007-12-22,258.43337403924176,248.77052922926288,253.94051817635383
2007-12-23,260.89896479006,252.9888727865522,257.6991377785987
2007-12-24,260.58864944331015,253.06625721239095,257.2473527756796
2007-12-25,258.7177744468553,249.21499655134804,254.15411138083445
2007-12-26,256.2091377640141,247.51686404618286,251.82417461227962
2007-12-27,255.8593441156945,246.4783148373342,251.22648188806102
2007-12-28,254.8528510128682,246.363349945528,250.94073728870066
2007-12-29,255.5321590108004,245.40619728987343,250.66477470005228
2007-12-30,252.7202293817156,243.63943943044288,248.01552356626087
2007-12-31,252.63947014038845,244.05482333753054,248.00195700443987
2008-01-01,254.63258114588433,245.23197969308532,249.8854124852326
2008-01-02,254.26018371148209,244.7446345099787,249.14628153876808
2008-01-03,254.91302407994226,245.04318503592705,251.29041468084228
2008-01-04,258.04137710442166,251.4863735673086,255.11011343330904
2008-01-05,258.98156910588574,253.80611337080435,256.87727913040436
2008-01-06,260.9241431808024,254.0575107057113,257.9388733618827
2008-01-07,260.2990041791161,254.77170317722909,258.2004278447799
2008-01-08,261.9519958470153,258.1249669462702,260.4944757605803
2008-01-09,261.33477155950914,257.59469353173984,259.59071596159527
2008-01-10,258.2930065581775,254.49820234607046,256.6185704753388
2008-01-11,255.8552501809649,247.4491226692451,252.40551690030267
2008-01-12,255.36962410913313,247.78756046231723,252.34702954886444
2008-01-13,256.0723446743815,248.81480761254267,252.5113883916022
2008-01-14,254.54044279819541,248.6848511396921,251.95011958411806
2008-01-15,257.83436754279995,252.14505582112744,255.41540116554637
2008-01-16,261.227998032481,256.09494849527584,259.52201075372113
2008-01-17,261.92443338301877,257.0273528355518,259.72989488560074
2008-01-18,258.4954247072908,250.8760913203333,255.5497265994608
2008-01-19,254.15683595128183,248.37179089597691,251.3914025208084
2008-01-20,252.01003494477317,244.5576675480901,248.83953922336013
2008-01-21,248.80365170575482,243.44575972429294,246.3369862543967
2008-01-22,250.97198995475742,245.50213162086976,248.36219768861218
2008-01-23,251.2678587211783,245.45671986876354,248.22515822731395
2008-01-24,249.90440061187846,243.13337684820402,246.65760592777923
2008-01-25,249.2950197171361,241.95196585214114,246.08566632595065
2008-01-26,250.5538351094175,241.8501704106657,246.390351605202
2008-01-27,249.12327067686363,241.5506242148029,245.9963296282293
2008-01-28,253.0061004809421,245.54444169686346,249.54857668727809
2008-01-29,253.00110589611873,245.25966532114796,249.21416157302366
2008-01-30,250.81767568071666,242.30726318209742,246.72029053305252
2008-01-31,249.10662160063754,241.6622657603887,245.1394714694474
2008-02-01,250.16194936470615,242.52767099596167,246.0911801690044
2008-02-02,252.2882683116193,244.1359548057402,248.940150441853
2008-02-03,256.2737102300556,249.33476662637793,252.90141955720836
2008-02-04,256.4401200521941,250.39747975799867,253.4850350939763
2008-02-05,257.1568466238175,251.56552572543544,254.38916966295253
2008-02-06,257.7428065744473,252.01271672283434,254.8207052548061
2008-02-07,257.4259006576576,252.3795866631734,254.85253201782942
2008-02-08,257.07693396509677,247.77417645503476,253.36229408306204
2008-02-09,253.61018157711007,244.74429014621558,249.35313614329797
2008-02-10,252.47505696538138,244.34615579779708,248.2434742357669
2008-02-11,252.65109974493402,243.87217794864287,248.13704356151388
2008-02-12,251.26746211890264,242.62457546641025,246.71121229127948
2008-02-13,252.43570711976628,243.1372725712685,248.64687227622957
2008-02-14,256.3598770315886,248.56465287259599,253.2428210401327
2008-02-15,258.619634177424,251.5596781345441,255.14554074894934
2008-02-16,260.3265452862741,252.27319416508485,257.2613644786152
2008-02-17,261.04344443718327,250.86500956366808,256.8600547852916
2008-02-18,257.26464811547174,246.27036321734772,252.28300702548222
2008-02-19,255.66362815635085,246.79035171767654,251.41728144015624
2008-02-20,258.3174323437712,249.47395166155263,254.70395810714396
2008-02-21,261.88384445201024,255.14509957100194,259.4609806191075
2008-02-22,262.43682880109964,257.4190497379461,259.9994927357387
2008-02-23,261.8372715423571,254.60712221403827,258.23357568480867
2008-02-24,259.94334278197016,251.50252946663485,255.82512409207314
2008-02-25,257.7475659913037,245.92987007005806,252.52664895558866
2008-02-26,256.2701588870699,246.38121486858984,251.7323557278446
2008-02-27,258.100357396978,249.10903545763895,254.13496300102705
2008-02-28,261.48049993261196,253.0763444400749,257.1317896039389
2008-02-29,261.4450966395215,253.45455587055167,257.40082976222527
2008-03-01,263.476833445554,252.38137039518617,258.39136398541115
2008-03-02,262.80027024597894,251.74519837329808,257.942941587555
2008-03-03,262.9125154324121,254.60613685996947,258.67604525847423
2008-03-04,263.56210222878326,253.62105259450973,258.9509064595285
2008-03-05,263.46178285874106,252.92542460637873,258.6962084953135
2008-03-06,264.735463876775,256.3190044380274,260.76497313443326
2008-03-07,264.7607775581719,255.20277079613993,260.25845647201174
2008-03-08,263.5662367365623,251.2637744409827,257.57666039680936
2008-03-09,263.8929571568825,251.6462938201356,258.6298270164722
2008-03-10,264.3826739613561,254.924087164416,259.57328524167025
2008-03-11,264.2922913454193,250.56991723681463,258.43407871557537
2008-03-12,262.8581234502007,249.7749400433566,256.8063987951675
2008-03-13,263.9396820443922,251.63911167764186,258.15627222423996
2008-03-14,264.2534409763692,253.19635438071552,258.4577655285439
2008-03-15,264.5964702186034,253.15632228731278,258.48953540307747
2008-03-16,265.5981683355939,254.0094827443229,260.12005375593145
2008-03-17,265.8413517282894,255.55180402010527,261.41016355859665
2008-03-18,265.0885919105408,253.82833019801734,259.83930877702124
2008-03-19,264.1501101290092,251.44341461499977,258.6076591115805
2008-03-20,263.97799773488845,251.6296763847522,258.1204926760058
2008-03-21,264.31965118544446,252.7012272866156,259.027385961628
2008-03-22,265.51481524745617,253.03932883524098,259.9935558136363
2008-03-23,264.72431239853483,250.64540533723098,258.18900169172275
2008-03-24,264.75253117873075,250.87062962974628,258.2745680898031
2008-03-25,265.51073533802594,252.8944831537581,259.1704184887892
2008-03-26,265.71091355629585,254.3426863743276,260.527616272497
2008-03-27,265.8394736867901,252.03402575442874,259.41243252954337
2008-03-28,265.73755816435244,251.64610966504878,259.2816821302492
2008-03-29,266.08511727390385,252.11004394007801,259.59298904650666
2008-03-30,266.5511917786284,253.08107791380223,260.7969867319418
2008-03-31,266.8552178503892,254.6987691245547,261.61611582867863
2008-04-01,266.31381372457327,253.9669633072137,260.7591594904131
2008-04-02,266.3985688232697,254.15097537064918,261.39951354395026
2008-04-03,267.4786052841729,255.46333043425813,262.10653631212347
2008-04-04,268.27562868599637,256.7128303222082,263.41634436627305
2008-04-05,268.1085646378352,260.08720314197797,264.77340730494836
2008-04-06,266.8054767676178,258.79411982215083,263.130281358327
2008-04-07,266.3762869044936,258.90051922730703,263.23599764191306
2008-04-08,268.0984532910716,260.59240026118664,264.5063242245543
2008-04-09,268.80114630365034,261.0061438058941,265.44395102439904
2008-04-10,270.13345703359437,263.45235454765555,267.21852458554184
2008-04-11,271.13428878056743,264.1155321709719,267.72603799738715
2008-04-12,269.4077481536813,260.7135655428269,265.6767853629262
2008-04-13,267.98402624738844,256.90602335732484,263.22442016928267
2008-04-14,267.99931983389297,257.3960991404068,264.13515745772503
2008-04-15,268.1702538843192,262.0677359044487,265.13770860760894
2008-04-16,268.1989371314589,257.8925931389031,264.21572236085973
2008-04-17,266.62312744339584,255.20747577727778,261.42139771314805
2008-04-18,266.99698632931063,254.92982694209778,261.3925899621128
2008-04-19,267.31384334475035,254.11569115739897,261.4040608281095
2008-04-20,266.9737465214296,253.21334407903362,260.5652313875654
2008-04-21,268.04189886394835,254.2755233429235,262.61561889170815
2008-04-22,269.4813862719568,259.26192455940514,264.4609837099955
2008-04-23,270.16563021867813,259.32478192332303,265.0088379240408
2008-04-24,269.9643759496534,257.6707267839239,264.00633855084163
2008-04-25,269.8517167542723,257.9082300265075,264.67801923329176
2008-04-26,270.35568321157587,259.8807960170743,265.70069734549884
2008-04-27,269.88298704769596,258.1477677816932,264.59621871997695
2008-04-28,269.9894414811612,255.93305819919547,263.43292733122377
2008-04-29,270.92965479138104,257.0239232823538,264.6591414614675
2008-04-30,271.02438677456604,258.79094344749836,265.0963937144407
2008-05-01,271.0324806416422,258.34563376248315,264.89046789030107
2008-05-02,271.9594603503394,258.87675545137756,266.0033480805437
2008-05-03,273.24978225054696,260.13281729933476,267.1539892963183
2008-05-04,273.1854006340672,261.5816892928776,268.3925344734209
2008-05-05,271.9521926572591,261.28152512534353,267.68759057711566
2008-05-06,271.1769590631703,258.44933857370825,265.76372691195877
2008-05-07,271.0775304080881,257.5818591195842,265.0563633306239
2008-05-08,271.97157013384856,258.94641043984626,266.5376830993278
2008-05-09,272.8911544410632,261.19523035623683,267.78226571557957
2008-05-10,273.13572992579986,262.69285867182487,268.42666258836954
2008-05-11,273.4489488989887,262.56549449444014,268.7729460673104
2008-05-12,273.786542256435,262.71499985708215,268.94115298539265
2008-05-13,274.08084074366536,262.03054811901126,268.6038096333045
2008-05-14,274.0275933777755,261.78104994263094,268.23442584835425
2008-05-15,274.54847125705635,262.50521145217573,268.7908441254576
2008-05-16,275.46239160034975,263.7500977073999,270.4217828360441
2008-05-17,275.7959061663676,264.56304014156905,271.49611655641377
2008-05-18,276.64526113670075,267.66235780492497,272.75300850313914
2008-05-19,276.5005610543874,267.1215513398006,272.34409528444723
2008-05-20,276.46589917977707,264.40781311866584,271.3791306801523
2008-05-21,276.9577176842304,263.1465133300677,271.28505535611055
2008-05-22,278.108292511949,266.21574407641134,273.35731783971386
2008-05-23,276.8338992294488,266.3967885335311,272.69974994406766
2008-05-24,276.05688063632414,265.56209027587835,271.21822551810413
2008-05-25,274.8903505737881,265.8336656639541,271.1841650079467
2008-05-26,275.39906231464136,266.23553981662474,271.30300276966574
2008-05-27,274.75971712973774,264.74852228966597,270.4024669047148
2008-05-28,274.7406453940391,264.2110292465678,270.5697150435205
2008-05-29,276.0216139189184,265.52543300484416,271.52345008761915
2008-05-30,276.68513248300917,264.7474964582614,271.72207902651536
2008-05-31,277.4604686963507,264.9135108930422,272.2649851718314
2008-06-01,278.4411316749167,266.0867094298926,273.1195999295692
2008-06-02,278.7487569744404,267.67861833894415,273.8972728626316
2008-06-03,278.94870977901286,266.98135001151525,273.82658458483525
2008-06-04,278.89700291593476,265.63583061269486,273.1321737199146
2008-06-05,279.8373581510585,265.881712291369,273.98264873787764
2008-06-06,280.0799737634256,266.82800718334846,274.23497203348325
2008-06-07,280.94526254463284,267.576068712592,275.46821231551985
2008-06-08,281.6731569913247,268.84633110033866,276.1654080397477
2008-06-09,282.41804066408156,269.6349522162766,276.90597638652514
2008-06-10,283.49629745204817,270.65862783806267,277.7459278058035
2008-06-11,284.47492808785046,271.5742547580368,278.6731760015786
2008-06-12,284.6410409371703,272.1696410372064,279.0894006863228
2008-06-13,285.6437035542454,273.0135142341294,280.1189637567127
2008-06-14,286.6374341880579,274.12154790256335,281.0640444592717
2008-06-15,286.5756003290154,274.4099854518703,281.25285134686476
2008-06-16,284.8819273414756,275.239959791533,280.6845684693866
2008-06-17,285.09460408718974,276.4072473387025,280.9057506306024
2008-06-18,284.2352222406854,275.4254942976155,280.0289084721003
2008-06-19,283.0919876705394,274.2643468648194,278.9194072311998
2008-06-20,283.30020229101086,272.647285434471,278.56282874470014
2008-06-21,282.2684563946895,272.44572931272944,277.8552356966421
2008-06-22,283.16968939419843,271.99279390113276,278.2899323300798
2008-06-23,282.82046976609803,271.8931000023075,278.13935194995423
2008-06-24,284.30339393794856,271.6596135528054,279.07935827398063
2008-06-25,286.9987350470033,272.8216752064491,281.15082774739636
2008-06-26,287.84562166348877,275.2421298733589,282.35606452919217
2008-06-27,286.01291137756374,275.1929033296271,280.83442258356484
2008-06-28,283.5055193947466,273.9476565234722,278.99663450131516
2008-06-29,282.7064344880628,273.19693124347555,278.07376610670417
2008-06-30,282.1510966732215,271.649055477536,277.4968304153787
2008-07-01,282.6627608243836,271.10539729343446,277.81504164151886
2008-07-02,285.46256474673737,271.6851431074627,279.82080863955923
2008-07-03,286.9310957406372,273.8928753761627,281.3094480175676
2008-07-04,287.893951802968,274.4247000319423,282.08769319332515
2008-07-05,288.4204990995249,275.1751428738909,282.8246204919721
2008-07-06,286.57273808656174,277.10611257100413,281.9447754560708
2008-07-07,285.0925928070176,277.51978427317044,281.2464490546433
2008-07-08,285.4227509034241,276.90674965242874,281.32391429924957
2008-07-09,285.5400414603814,276.7270509933162,281.33408140130086
2008-07-10,286.0012830071841,275.59137785510177,281.159185711013
2008-07-11,284.78391609021384,274.82767692229015,280.19243273749186
2008-07-12,283.9173854127264,274.82707747845035,279.6810376621501
2008-07-13,283.95554629068295,274.350245572136,279.4740089765068
2008-07-14,284.0714116050655,274.1723907217394,279.56655883118964
2008-07-15,285.6474891595642,274.0123350723947,280.6022359202256
2008-07-16,286.7363053213647,274.8486481029428,281.7208303784515
2008-07-17,287.42960812125943,275.3056687345421,282.0234702251382
2008-07-18,286.2640112404068,275.8278080763881,281.3225290987939
2008-07-19,286.0195002506952,275.2137368757284,281.2340487613541
2008-07-20,284.98479853295584,276.00679817086365,280.7841443907688
2008-07-21,284.00551517251375,276.49268490980916,280.2350382647362
2008-07-22,283.862762149557,274.6913134806555,279.7030339383907
2008-07-23,284.1633684167132,273.62762516615123,279.4372908122576
2008-07-24,285.03759274075026,273.23948113680973,279.8435076179619
2008-07-25,284.9325429009872,273.35432643253824,279.86294852264336
2008-07-26,284.78126412338133,274.10009249037597,280.031505970372
2008-07-27,285.61457424273124,274.28039009404495,280.55863255788745
2008-07-28,286.45657439737556,274.1268765339886,281.1695746868503
2008-07-29,288.0686247269379,275.8043026468335,282.85694757823774
2008-07-30,288.71263224272315,277.4839450502368,283.38882040234864
2008-07-31,288.9982986018242,276.5728471005547,283.2432326564999
2008-08-01,289.2214887956825,277.4673457029502,283.5620988704333
2008-08-02,288.0254193727378,276.9735362070113,282.83685334951593
2008-08-03,287.1307330804249,276.8793749275974,282.2044702623803
2008-08-04,286.55968515837776,276.7556715965114,281.72719725498223
2008-08-05,284.33993744370014,276.47187964626033,280.4934694714286
2008-08-06,285.365522269635,275.2991231499718,280.76639043544776
2008-08-07,286.3673381035405,274.97168465927723,281.361752502766
2008-08-08,286.2226870973131,275.7845380685177,281.502879044784
2008-08-09,285.88638011124306,276.7978935842257,281.43574457281375
2008-08-10,284.7536851327085,276.2911876053039,280.6987797609939
2008-08-11,284.4615336816396,275.8304178659313,280.1779866513355
2008-08-12,283.7271520214505,275.8612237779745,279.62675702811333
2008-08-13,283.6162543639924,275.2187991216497,279.4824874925817
2008-08-14,284.39972026556865,274.8934477989466,280.09917529589507
2008-08-15,283.15282168882504,275.4480270996112,279.27348252890283
2008-08-16,282.44161370650147,274.71845217203554,278.68378019076954
2008-08-17,281.8699793268226,273.5898351291823,278.0326758471513
2008-08-18,281.1877058568486,271.23608909570055,276.81437156620535
2008-08-19,282.5021050387963,270.2124828144394,277.20276185554025
2008-08-20,283.94596786973835,271.242631623483,278.73739887375393
2008-08-21,283.4395776558629,273.1250284506343,278.80074955797346
2008-08-22,283.5344931330483,272.97925077580754,278.76451578836003
2008-08-23,283.70564017769027,273.40861342268994,279.05142116558375
2008-08-24,284.1176737340805,273.1884101295161,279.00329693311835
2008-08-25,284.24985163524434,272.58718099856486,278.9658422174908
2008-08-26,283.80909021383695,272.44911411556967,278.52966012035506
2008-08-27,282.4272680528784,272.2307911410632,277.60412402672637
2008-08-28,281.2297121627677,271.68170289492406,276.7022224351757
2008-08-29,281.9359046695173,271.5749230695091,277.20653051893714
2008-08-30,281.4854880326211,271.67397886402847,276.80944348543056
2008-08-31,280.47162550896047,271.38571421227635,276.1959882105767
2008-09-01,280.888895550962,270.2435512493381,276.076509090431
2008-09-02,281.789994475111,270.27933058850044,276.76990149372523
2008-09-03,282.3228694183274,270.97403220528685,277.014661557795
2008-09-04,281.000630586941,270.13017392561335,275.8881401953275
2008-09-05,279.07385132320434,268.99367669572234,274.28163480985853
2008-09-06,274.94331781417367,268.3417058172627,272.06670921027956
2008-09-07,275.376627993726,267.6240185245943,271.90164650262
2008-09-08,275.5081319115307,265.61930596199414,271.30080384914953
2008-09-09,275.5536999438005,261.47005235929674,269.54434911989296
2008-09-10,275.9946367531246,261.2224227227381,269.4171824472837
2008-09-11,277.415010929495,262.8549269325753,271.0343739436696
2008-09-12,278.6742681459864,264.691874007264,272.2756681688765
2008-09-13,279.12386044658325,265.55338926816177,273.0466137623312
2008-09-14,278.7611392333823,265.45169287039494,272.64318872055196
2008-09-15,278.78105132724744,265.5493788343311,272.69830672070105
2008-09-16,279.1279018135539,265.7066170061286,273.4310483137617
2008-09-17,278.1679783078052,268.49889532285965,273.6735970287055
2008-09-18,277.54663679614725,267.73824690221716,272.9839471405545
2008-09-19,277.4107991580767,266.41146033951276,272.6192095262914
2008-09-20,277.3160828840923,265.3495104009901,271.801178662049
2008-09-21,276.3135851487128,263.8126643057213,270.63682407030404
2008-09-22,275.1669389741056,263.44922001867724,270.10244042298723
2008-09-23,274.6815822179872,263.96925835358417,269.80939930441787
2008-09-24,274.5620107793565,261.3540040512492,268.9906263889613
2008-09-25,274.69109139784285,261.03722887152935,268.23453542934845
2008-09-26,275.3619701020669,261.51442526529434,269.03051757789297
2008-09-27,276.77781751256964,262.90804985027074,270.37495070169996
2008-09-28,276.7562488240817,263.7861673978378,270.92756571989725
2008-09-29,277.2560879115744,262.7997965295366,270.5935988848706
2008-09-30,277.94565984615303,263.4958063424677,271.2882316862081
2008-10-01,278.0029230256942,264.0612594841257,271.41086866265124
2008-10-02,278.6344192503831,263.85776816262484,271.58209575265295
2008-10-03,279.5304806043041,264.49171106819665,273.04095440064054
2008-10-04,280.5111674693187,267.1466952230243,274.2003258681822
2008-10-05,279.36146312689596,267.1321437428909,273.60001843842326
2008-10-06,276.06453537128124,265.7388961844324,270.93021006370736
2008-10-07,273.7002935551227,264.6207100948717,269.5122906493815
2008-10-08,272.5839069488803,263.1691266802337,268.1462704987681
2008-10-09,271.95543555794006,258.5482523919334,266.22834146928136
2008-10-10,271.8936138379673,258.2654642703867,265.3329779725126
2008-10-11,273.5869524627417,258.8409746959823,267.0762311538312
2008-10-12,274.33182914903296,260.73958039205854,267.94008004856437
2008-10-13,273.0175911965451,260.24243434858,267.09503821504387
2008-10-14,272.25834084230996,262.720557644552,267.38005233715916
2008-10-15,270.3312214277946,259.97358800202966,266.03820951102796
2008-10-16,269.6515267436234,255.64216863159137,263.24899244129097
2008-10-17,268.9251915224981,254.37719973707766,262.18670861948897
2008-10-18,270.2138886392626,256.82095175268296,263.8483395692534
2008-10-19,270.04735124687954,258.5367431648895,264.5871382765164
2008-10-20,268.88562370137845,254.35735279530104,262.26114188851807
2008-10-21,268.4329425215924,253.66806340279248,261.5456349617481
2008-10-22,268.8297546375138,255.9672477811905,262.58618331859526
2008-10-23,268.70791748930776,256.4418211880781,262.3759736007708
2008-10-24,269.02779464449844,256.38618835803936,262.858668608337
2008-10-25,268.65973747442393,254.7574498956594,262.37922335458586
2008-10-26,267.4518036305813,252.72425239393695,260.320376356224
2008-10-27,269.3425159722109,254.91317410025297,263.1312751765565
2008-10-28,270.0991697541614,259.44468093682366,265.26183951711175
2008-10-29,268.9599383315328,259.0618560553121,264.1133260418701
2008-10-30,268.3221651792315,256.9892913258135,263.2941499939414
2008-10-31,267.21208205955463,252.97933280445818,260.3846846211868
2008-11-01,268.9182634525674,254.38256594374894,262.3539451469834
2008-11-02,269.09783984715756,256.9093363219852,263.0893006664515
2008-11-03,267.9402492910391,253.6815569563954,261.74958320727626
2008-11-04,265.23671782678707,252.0385196971296,259.23569547115267
2008-11-05,268.3738607597391,254.39375963514277,261.9296307935386
2008-11-06,270.4385907501861,258.1715294996637,264.26981238607846
2008-11-07,271.1745331705203,258.3247792256312,264.60795670977205
2008-11-08,271.4046580310402,257.8609823313196,264.91749253211157
2008-11-09,271.5293625845291,258.30790539747164,265.48981143726934
2008-11-10,269.3930875123004,257.32998883725327,263.7186556879726
2008-11-11,269.3075476102473,257.1350498651808,263.7004646674338
2008-11-12,267.83025316784347,258.497702771273,263.51019704704225
2008-11-13,265.4862198843864,259.1906321761713,262.40158343397536
2008-11-14,264.5054126369824,254.73454577906966,260.32215321769854
2008-11-15,262.77256714278616,252.45246794027062,257.69203978010466
2008-11-16,262.4927101544087,251.44280021913602,257.1868087919855
2008-11-17,263.18814818458947,251.38205057663137,258.0715243960238
2008-11-18,263.47741968134557,252.78539187322758,258.6025284222571
2008-11-19,263.6367132424362,255.37441999071584,259.5813464326653
2008-11-20,260.95265879073486,249.68859325930794,256.19255236320834
2008-11-21,258.0366009657017,247.46753627860386,253.16121830581244
2008-11-22,261.3182504151423,251.01522899997653,256.63773105559454
2008-11-23,261.75157294180764,250.43759964456973,256.0498013349545
2008-11-24,259.8483242521882,248.84931197026674,254.69604767519002
2008-11-25,262.4000513849682,251.2967824103161,257.033964249557
2008-11-26,262.0942116796657,249.41267833073525,255.72567120118396
2008-11-27,261.0757458084864,249.27709016938874,254.8980958021963
2008-11-28,263.41212128587483,251.29540749844483,257.3254977709869
2008-11-29,265.7300967909357,251.52472606196574,258.7092952337608
2008-11-30,265.06305997213786,250.95173036379984,258.1386687239894
2008-12-01,265.59333988749705,251.5713581414844,259.1911402013139
2008-12-02,262.9768113328174,250.21759183488004,256.6444670682506
2008-12-03,263.5669847028642,252.35959176408235,257.52079199796015
2008-12-04,263.6088564825235,252.168853389805,257.42484168098275
2008-12-05,263.65834124947276,252.2426223066916,257.31942187385476
2008-12-06,263.3683248902703,251.95281230128964,257.0865703204059
2008-12-07,265.2311363256491,253.14828708638305,260.7459878626849
2008-12-08,265.7863079724477,260.70848190495514,263.50464501492
2008-12-09,264.60888968959824,253.80539253307674,260.58309932340507
2008-12-10,260.68812541636765,252.78999451413358,256.9133819317547
2008-12-11,258.76681840304815,247.2591969992251,253.90683445194512
2008-12-12,255.12660216920486,245.53357196408098,250.8330276301703
2008-12-13,255.89276792249987,247.61023146123694,251.55328989181433
2008-12-14,256.0151544809841,248.36600687522807,252.3095043688552
2008-12-15,258.5721401306836,250.61103671380536,255.22609251985915
2008-12-16,261.09057060134137,255.2479069733936,258.7150494466808
2008-12-17,262.6767194003783,256.7411536430377,259.8644988139309
2008-12-18,263.1976900104702,258.0472072824381,261.1978670248884
2008-12-19,264.87318773911977,260.96832965980826,263.17500960813163
2008-12-20,265.48662896178223,259.66383561879235,263.15539293804557
2008-12-21,261.0190300828802,250.99184501799303,256.7752775683508
2008-12-22,255.77094469207515,248.70776976105222,252.5677339539113
2008-12-23,255.66581834881885,249.03785275335653,252.19696116722525
2008-12-24,254.7483268337004,246.1431116594621,250.38262337524662
2008-12-25,255.03633199194132,246.770260765763,251.31769013576303
2008-12-26,253.38086329422688,244.35268898747267,248.97423259915777
2008-12-27,253.3800049718345,245.84793063655042,249.84613867913396
2008-12-28,253.85848394718445,247.04324171997902,250.4769512451632
2008-12-29,255.72606043946413,248.48688133352772,252.94132115688905
2008-12-30,255.93554639447638,247.94643142537083,252.29607284532503
2008-12-31,252.901655345216,244.07934539869046,248.57344424682552
2009-01-01,251.61592375590624,244.11725200900943,248.27420184407876
2009-01-02,256.4994171460694,248.39978134508567,253.62931468825758
2009-01-03,259.88106413907246,254.99764552872762,257.9109399599728
2009-01-04,258.92313409415647,250.52901853129057,255.9447857503472
2009-01-05,253.36997864302919,244.35640332099948,249.50277661097795
2009-01-06,251.26622736498928,244.42881838808006,248.30919612376127
2009-01-07,252.5711420802181,245.61497700268012,249.13487961070075
2009-01-08,252.11991475724918,243.63900727618022,247.95560931569366
2009-01-09,251.66914219518694,243.70885195666116,248.66868850094815
2009-01-10,255.8128221304633,245.84616725506558,251.2633226060503
2009-01-11,253.1162843501076,245.43919146116178,249.7579282253252
2009-01-12,255.73919104188602,249.1468711271037,252.39174369990226
2009-01-13,257.15388945203125,250.90868281926652,254.3621105271354
2009-01-14,259.48405940916257,253.2642809301032,257.05212460097476
2009-01-15,261.6580877192377,256.6839915593743,259.5403695857685
2009-01-16,262.85488475757944,259.4701324207402,261.4751798287664
2009-01-17,263.0054941213879,256.7752879371383,260.3427587576145
2009-01-18,260.69791812922745,256.19838340894853,258.8972555748278
2009-01-19,258.96238373610714,249.6137533276917,255.0732235220343
2009-01-20,255.4461280934894,248.1907190546454,252.47026286910867
2009-01-21,259.7190158962584,254.01288714574065,257.3068011932978
2009-01-22,261.0411452274893,254.21787973876314,257.6726604426352
2009-01-23,260.15832898634443,253.37125921797073,257.2950725436692
2009-01-24,262.8909692027489,257.92233575286593,260.58192669136173
2009-01-25,262.9527438644067,258.4750228528228,260.8472960564922
2009-01-26,262.547408155592,257.56875060117716,260.00988618722226
2009-01-27,261.081109969943,251.55093127764133,257.5872967414554
2009-01-28,258.76198624361814,251.30778724510742,255.5471659268517
2009-01-29,259.85226891788136,253.96088760670025,256.97234214852756
2009-01-30,258.4892511934006,250.1371641914831,254.87038381704997
2009-01-31,255.6148895021793,247.38258108798965,252.10935603034144
2009-02-01,256.5605152603977,248.64965829609432,252.68772437886497
2009-02-02,256.6349760237034,248.9117396847957,253.5591142804697
2009-02-03,259.36316639400894,251.06303585490065,255.8480346307433
2009-02-04,258.5505920567824,251.62104486661963,255.57151592718193
2009-02-05,258.9664111989806,254.57508439287844,257.23635597337915
2009-02-06,259.9525267407775,250.15682577005902,256.4083401076215
2009-02-07,256.5753390318298,248.56912439677268,253.53108350290185
2009-02-08,257.37440810773523,251.38159778973696,254.1728874414554
2009-02-09,259.0842685546169,252.78363224860232,256.8711382903493
2009-02-10,261.3779984641554,257.31888450052287,259.47772219094185
2009-02-11,261.52948029362483,254.51876644645913,258.38468077703783
2009-02-12,261.3852015558584,255.3602679220907,259.0418833864948
2009-02-13,262.73716953688273,258.3130943458976,260.6146631376946
2009-02-14,261.33855700832504,252.15141972916868,257.8867623608963
2009-02-15,257.2785775347079,248.01517998343903,252.9501516168202
2009-02-16,255.91970161751536,247.98872146530854,252.52768803881085
2009-02-17,258.8765477757041,250.62598099623523,255.16846034983396
2009-02-18,257.45859222946666,248.54009213657164,253.39718314356182
2009-02-19,259.1720064993212,252.10936773000202,256.03918521167185
2009-02-20,260.3879122693255,253.574873001624,257.4493188735338
2009-02-21,259.4530098008154,251.01924908928135,255.1915644421425
2009-02-22,259.3424528795092,251.36085263165018,256.5636278931166
2009-02-23,261.3949079608051,256.66365199798787,259.15051384102367
2009-02-24,261.28887288979223,255.51276918243576,258.53242465885205
2009-02-25,259.5563623070047,253.22553644352152,256.4374212792322
2009-02-26,259.21387634410405,251.20950958582324,255.3457735689364
2009-02-27,258.02911426039327,248.11971353567625,253.60326060718785
2009-02-28,255.62182049141705,246.88292019384932,251.6663143025271
2009-03-01,260.13889880237286,250.41067661968398,256.08159060886
2009-03-02,262.72673474951273,252.57413448613576,258.79094843623744
2009-03-03,264.3044312352306,258.8369395540152,261.8215426897869
2009-03-04,265.0089190682578,258.0263705624815,261.7128776588769
2009-03-05,262.91356144475924,255.6307720122804,259.31699347489985
2009-03-06,262.93497409266877,255.17545647951326,259.31614185968243
2009-03-07,262.94816055629053,253.68020584341716,258.8993399326811
2009-03-08,262.25613644345293,253.1031191964826,258.60227357899896
2009-03-09,261.3179551479535,254.84878810883455,258.10863478340224
2009-03-10,259.53943532466053,248.977386123596,255.13895121932757
2009-03-11,259.5280151120945,249.26998228111438,255.19861946578607
2009-03-12,261.8240067028466,253.31658225340206,257.1626341147106
2009-03-13,262.2894987028493,253.45572082243893,257.43061834414624
2009-03-14,261.7475972784264,252.98350820930793,256.87966178435556
2009-03-15,261.653146304538,251.8464416836461,256.5917380536695
2009-03-16,263.5092887812815,253.26434522163274,258.66753943911135
2009-03-17,264.2538046667186,251.9860082946367,258.36682086481375
2009-03-18,263.7416982250336,251.83115818716172,259.2023844753248
2009-03-19,265.696293739655,256.76886708861775,261.2632510728119
2009-03-20,264.7979472401743,256.4247409012685,261.34849633667045
2009-03-21,264.5032274073069,253.61525085284242,260.004915888651
2009-03-22,263.94877511072497,252.8194155951862,259.01440761963244
2009-03-23,264.8641599044243,254.39261375619702,260.1141123826558
2009-03-24,265.3060194915413,256.82395025886836,261.6460634296145
2009-03-25,266.8256602397793,256.52811227923473,262.4240416564869
2009-03-26,265.1486538868666,254.8953004072012,260.0566747533634
2009-03-27,265.57138048613734,256.2585973273039,261.6845362173162
2009-03-28,266.0430060480674,257.2633216516821,262.0903396795696
2009-03-29,266.2652950693159,257.2622042206263,262.4430440549103
2009-03-30,265.5475160200795,253.45539464053135,260.4966806037205
2009-03-31,264.40191633289203,251.6959646403948,258.9544623562892
2009-04-01,266.6458180894565,255.51267471231142,262.16236270837544
2009-04-02,267.37074732797726,260.52582727784727,264.0982873414774
2009-04-03,266.9571024452513,258.9306760822088,263.2846532081721
2009-04-04,266.303633354351,253.82850900990084,260.9399885961402
2009-04-05,267.61217679582813,254.33581607938308,262.67987434057073
2009-04-06,267.02021884693136,260.52808445652926,263.84786614264067
2009-04-07,266.546884702729,259.09971141015836,263.1700239069283
2009-04-08,266.0718955156625,258.9268610559603,262.93472036352176
2009-04-09,266.84716228212693,255.13202501519186,262.278359519805
2009-04-10,265.9621510572991,254.11588459822477,260.9523208509247
2009-04-11,268.60878464062154,258.38645688172704,263.91729676501393
2009-04-12,268.80393492992624,258.28790441469175,264.03393510493817
2009-04-13,269.03701301943454,257.3780031210097,264.0809716341304
2009-04-14,269.08273251941307,259.05353761479716,265.1223621042069
2009-04-15,269.0741174467173,262.11193570289333,266.1143170908488
2009-04-16,268.95532728687584,257.41785627125165,264.1378787641164
2009-04-17,267.8955812610472,256.6199005263116,262.7970200342886
2009-04-18,268.27945945061794,255.27359195096304,261.96963048555523
2009-04-19,268.565331561418,255.35502730838215,263.37291578769094
2009-04-20,269.57574004957024,261.73319045088857,265.8256988728391
2009-04-21,269.0476866800146,262.89857911753677,265.90404161518074
2009-04-22,268.2293885703952,260.48677310840316,264.6038205238026
2009-04-23,267.42743016718345,255.60744317886875,262.6874107958334
2009-04-24,266.5391061552507,254.26711079570345,261.2777537735433
2009-04-25,266.6368936472804,254.56326238821546,261.39850891150945
2009-04-26,267.7879187233357,257.2559244241569,263.6561697267685
2009-04-27,270.1912521238471,260.9420822572575,265.9250569985975
2009-04-28,271.49793274513297,262.4016811537597,267.47405200092135
2009-04-29,271.3287489204359,261.24309052117127,266.7477251362889
2009-04-30,270.9572994157948,258.22227631443775,265.2310462972264
2009-05-01,270.920016409748,257.25315068234863,264.7070238713746
2009-05-02,271.6299228981461,259.1038582143367,266.56875053037857
2009-05-03,271.2168180368771,261.29119670059254,266.9156492620333
2009-05-04,271.0062394760873,261.4279616817317,266.83864423360154
2009-05-05,270.60379841165496,263.0295848090705,267.2818793145107
2009-05-06,270.3435904656058,259.2343224690079,265.89029675137425
2009-05-07,269.59968258437533,257.6496249119155,264.0855930706328
2009-05-08,270.2885361359499,258.9373172449428,265.6090681669561
2009-05-09,270.77551628326285,261.73184825365087,266.4870827854536
2009-05-10,269.9753066596227,261.20847842422194,266.15567667625936
2009-05-11,269.7783065506576,259.35485604957796,265.4662280504603
2009-05-12,269.4000943493956,257.2139698359258,263.85468047961314
2009-05-13,270.78127391261404,257.90161981680046,265.00278598508754
2009-05-14,271.9621991842549,259.9186850885038,266.5787787669619
2009-05-15,272.3410044303316,258.92703255119113,266.49169460917267
2009-05-16,272.18718022715524,258.9274946321707,266.03294374046675
2009-05-17,271.9180885445355,258.216710234344,265.77703795424435
2009-05-18,274.2826609266753,260.75215089835854,268.4464566726897
2009-05-19,274.60730850166993,264.5508086075953,270.1507809367115
2009-05-20,274.1797704658639,263.3742372389668,269.6020092082435
2009-05-21,274.17057315051215,262.2071479125224,268.8840649895874
2009-05-22,273.7505487055822,261.7323734512786,268.26532758718025
2009-05-23,273.43788833220793,260.7549535934678,267.9897085860911
2009-05-24,273.0562879259814,260.9163873795162,267.5005144803493
2009-05-25,272.8311318444105,261.35489690454364,268.5728228199091
2009-05-26,273.5158196346166,261.58899627416514,268.3957326069706
2009-05-27,273.71311976548105,261.24908071263917,268.06120325507135
2009-05-28,273.98289530625567,262.0768764382674,268.887753727429
2009-05-29,274.41698594595516,263.33694052784443,269.26202895174663
2009-05-30,274.26905952843435,262.9077233421623,269.05801695258765
2009-05-31,275.540886049766,263.6673247807634,270.39356852882844
2009-06-01,275.32494734599356,265.33737250395006,270.96569748676575
2009-06-02,276.06928138418806,265.7028530436995,271.53668154214563
2009-06-03,276.31633803439416,265.13605473906824,271.60517880381644
2009-06-04,276.3677990571199,265.0759283699729,271.93617060289586
2009-06-05,275.5645639394338,268.05819814520004,272.1928155512799
2009-06-06,274.592755831017,266.86355177724806,271.2413410470042
2009-06-07,273.8141888026804,263.5182007019092,269.8362175741444
2009-06-08,273.8432934893663,263.10054745613064,269.47978937724986
2009-06-09,275.2258152222285,264.73557463639764,270.6014923504195
2009-06-10,275.6271765891963,264.3061297518052,270.7873545003909
2009-06-11,275.363707986773,263.33452521243,270.30696623369295
2009-06-12,275.3410742391619,263.550727689803,270.1160753024558
2009-06-13,275.2236609551286,264.02846656959804,270.6168500294129
2009-06-14,275.4377311702446,264.57388264246975,270.8181329073176
2009-06-15,275.8487196892073,265.2212903886431,271.49891385082213
2009-06-16,274.973541757244,267.12593218537313,271.72888422358346
2009-06-17,274.7388935939954,266.6000458002542,271.4503068527977
2009-06-18,275.27458048403696,264.1884328961212,270.8819230818276
2009-06-19,276.0237373376149,264.1194118905898,270.84166119032284
2009-06-20,276.4516853959996,263.83481262966114,270.97306548469425
2009-06-21,276.8076838074001,263.71684782479775,271.24728345392936
2009-06-22,277.2269422348487,263.745810866992,271.43850000433645
2009-06-23,278.0237206457886,265.0279371839101,272.6936309803903
2009-06-24,278.8413769857836,266.3815461792288,273.6265791266894
2009-06-25,279.15990162792843,267.28606042811987,274.220828834757
2009-06-26,280.0617098059961,268.05657601632925,274.86769133335224
2009-06-27,280.31651789176027,267.5524508826343,274.51494465364925
2009-06-28,280.4342768246627,266.0614491542578,274.36946728704305
2009-06-29,280.507618799777,266.6303339040652,275.2946186601416
2009-06-30,279.26542521830635,268.9168313853684,275.0077166422297
2009-07-01,278.10156814391644,268.0401370125677,273.72042677775227
2009-07-02,277.72569779046205,268.1891648071344,273.6815496576754
2009-07-03,276.64492597555665,268.0958180629076,272.866499165579
2009-07-04,276.2564651251589,266.9739242519652,272.31098915824305
2009-07-05,277.8956014033059,265.63042279771645,272.83147916997814
2009-07-06,279.16694003868605,265.9586333109725,273.7140685761053
2009-07-07,280.68573814031146,266.48846386370445,274.85785816224137
2009-07-08,281.0920746051414,268.32823957343595,275.9890165762481
2009-07-09,281.16214590574066,269.3469626675374,276.2241969729917
2009-07-10,281.7688513009218,269.4765469365511,276.66961880026304
2009-07-11,282.8149526209257,270.33311648675755,277.33580940006203
2009-07-12,282.75535229501764,270.4052585998366,277.5999495696192
2009-07-13,281.6162972970294,272.17415493461084,277.40864612238045
2009-07-14,280.72123760652477,272.1051783742882,276.8867885442941
2009-07-15,282.2227140656624,269.24571510183705,277.094689043723
2009-07-16,283.6818331142896,270.24224976108945,278.12400810973276
2009-07-17,284.09539775820474,271.17884191246293,278.6150653620642
2009-07-18,283.9725857598576,271.10476226828433,278.12062540130415
2009-07-19,283.8723573716129,271.18023941127916,278.301423089972
2009-07-20,284.65029706716354,271.04359311780183,278.948291897599
2009-07-21,284.80446824014166,272.24972794854943,279.2530602576127
2009-07-22,283.8648854442691,273.1678175956354,279.1940411312107
2009-07-23,283.49916549116216,273.303175000457,278.9564663022415
2009-07-24,283.68805695181584,273.20415820117614,279.3537307846082
2009-07-25,285.2245257433879,274.4087932128758,280.30602687234705
2009-07-26,285.80015800034977,274.1960594816076,280.9873722092221
2009-07-27,286.17768814337205,274.5528191863801,280.70908327166694
2009-07-28,284.6263618460779,274.04771838585697,279.6182377796828
2009-07-29,283.4594174385054,273.84659238880266,279.0541091718152
2009-07-30,283.11377982066756,272.46169942543594,278.2208456389012
2009-07-31,283.88317931127244,272.77027527820275,278.9630479766868
2009-08-01,284.96078059604264,273.1753786040354,279.88958257817177
2009-08-02,285.7885228587288,274.4587913924796,280.75405072740915
2009-08-03,287.0012869686288,274.60901126201884,281.4175978770826
2009-08-04,287.6256397044477,274.50906490712515,281.8336054716655
2009-08-05,287.3620924696711,274.4672865879338,281.4784950923608
2009-08-06,286.09707139179477,274.500979137599,280.8127953797063
2009-08-07,284.4936324864897,274.8527553471866,279.8748493027941
2009-08-08,284.5645540712169,274.1328961487925,279.81437697884496
2009-08-09,285.2973591598061,274.04549424590465,280.23485229299865
2009-08-10,286.0649540909552,274.1543815820199,280.8776194909064
2009-08-11,287.440658544261,274.4218149695376,281.77792507907634
2009-08-12,288.6913245434524,275.8533266721572,282.9866981282941
2009-08-13,289.5089992213552,275.87941292543553,283.3194039738589
2009-08-14,288.4947132793617,275.7452605642001,282.43410340728036
2009-08-15,287.62746542363806,275.4363410164634,281.73421269469316
2009-08-16,285.42594245348255,274.90794436934164,280.4688926287307
2009-08-17,283.5228649890581,274.1335029804117,279.26914056892286
2009-08-18,283.0628197021305,273.02323261352205,278.1520478744787
2009-08-19,281.0593808019908,270.84856702605373,276.62497428264027
2009-08-20,281.62129291541873,270.25678410793245,276.45465382542847
2009-08-21,280.83209821568784,270.67539856471603,276.057308465485
2009-08-22,281.3490354557577,269.9020602383865,276.159917568919
2009-08-23,281.58005739849625,269.72596601836176,276.4352644420677
2009-08-24,282.7514356700366,269.8797331321123,277.10422079781256
2009-08-25,284.18088366998796,271.0222983983478,278.55480015547306
2009-08-26,282.0824179047734,271.100861321263,277.14449468077254
2009-08-27,284.2779945628082,270.33369594905224,278.4440650059183
2009-08-28,286.2792275635729,273.2868801774138,280.5489870781534
2009-08-29,286.07790804573074,274.2627195230825,280.70809804942064
2009-08-30,285.0300191393739,274.6821205784004,280.1446136969132
2009-08-31,282.56331587548055,274.23751270069005,278.6808913613868
2009-09-01,282.11812186299295,273.67526987199597,277.94886414326953
2009-09-02,279.6861976976578,271.3767334314221,275.48296566960954
2009-09-03,276.0127259984607,269.65809516359553,273.13336053485926
2009-09-04,275.4975443729253,263.8930919198704,270.89450897867385
2009-09-05,274.9204740214661,261.299017896222,268.86510925691545
2009-09-06,275.04275477466183,261.0231108820048,268.8116832681801
2009-09-07,276.25967371350816,262.1150325928286,270.2690667422139
2009-09-08,277.87038381232566,263.3347956756933,271.59006865483695
2009-09-09,278.15048671812315,264.7149574482153,272.2889293768997
2009-09-10,278.4864965401727,264.5821356508976,272.25180402575876
2009-09-11,278.36756219619195,265.49347497543044,272.7878735037855
2009-09-12,278.77897595483074,265.90758979995746,273.0407449892965
2009-09-13,278.4079784625394,265.0342811583383,272.2625694151974
2009-09-14,278.31608393983834,264.591271328126,272.14639981160394
2009-09-15,278.4444808635151,265.5067364896207,272.74664611544034
2009-09-16,277.27311778189187,266.7356129910757,272.22563344597233
2009-09-17,277.9182505745551,266.130954898314,272.3533296224042
2009-09-18,278.7393289180148,264.8461519165778,272.3884156831524
2009-09-19,280.947419299802,265.86461004013,274.5673777645105
2009-09-20,281.8921495675597,269.24170986880483,276.09080055089066
2009-09-21,281.3957197356313,269.43133320780237,275.8947842566294
2009-09-22,280.5632010026855,267.8528217947193,274.6479848613944
2009-09-23,280.0864315951657,267.7219017999367,274.1869942016681
2009-09-24,280.509726633295,267.630745391899,274.3374061860091
2009-09-25,281.5331739037681,267.0289351380984,274.9268410527258
2009-09-26,282.18821418501926,268.5128828569671,276.236266804648
2009-09-27,280.4173217641258,268.921281185227,274.9726727505147
2009-09-28,279.34353308828685,266.2748625409594,273.5365428353383
2009-09-29,279.35358730671476,265.6958553194866,272.9690437424161
2009-09-30,280.47471915635674,266.3803625612024,274.34063380624144
2009-10-01,280.75266024911804,268.6198245908229,275.0722108147936
2009-10-02,280.5343072193615,267.95478922649846,274.84371998122276
2009-10-03,279.57702952961375,267.38159479821184,274.1228431979795
2009-10-04,277.22297424484674,267.55499484967913,272.6104042321099
2009-10-05,276.78438230729836,264.8603116987696,271.3685996187516
2009-10-06,275.98497415782657,263.7660443273022,270.1184189802086
2009-10-07,275.2415012659561,263.21208502957626,269.4380012823764
2009-10-08,273.64084266866394,264.02125536365344,268.92237850053755
2009-10-09,272.32106505191564,261.7253006997679,267.5008536226649
2009-10-10,271.90332816151744,259.2706095967574,265.9833641333854
2009-10-11,271.7469955041483,258.6341501918486,265.57775970982806
2009-10-12,272.1108620864858,258.8713889114,266.1620066048048
2009-10-13,272.6689925870545,260.4192556850199,267.13405612769947
2009-10-14,272.02277760585,261.380552741031,267.0293690815587
2009-10-15,271.4358026444714,259.9754555387743,266.21191129979576
2009-10-16,271.07026587487826,258.8506064765233,265.54635953344723
2009-10-17,270.38151862768683,258.8854959703824,265.110941814388
2009-10-18,269.928367543919,259.150847561571,264.9493701081292
2009-10-19,269.58682918702266,257.22387118221644,263.78430354378656
2009-10-20,269.79207451938237,256.83770073129756,263.92193610604545
2009-10-21,270.02630292100787,258.08652445225374,264.5781160880149
2009-10-22,269.08904186339043,257.9163015697956,263.9180629624564
2009-10-23,268.5754873256086,256.36327804264886,262.84993287283646
2009-10-24,268.1771329762456,255.8701174045665,262.33984200201417
2009-10-25,268.49336108135145,255.48645373187222,262.44637758050493
2009-10-26,268.79066289128224,255.50878288971398,262.79932632287455
2009-10-27,269.5814379752617,258.1268966689541,264.4115312562692
2009-10-28,268.81388864078144,259.81067668158613,264.8633855438993
2009-10-29,268.55048544311506,255.98948633971375,263.1038497498782
2009-10-30,267.479495421392,254.0041607871473,261.2168841938131
2009-10-31,268.969749132828,254.79860334302884,262.1644559286117
2009-11-01,268.9266940957042,255.97358323863457,262.48173545293713
2009-11-02,269.1606949546594,256.9185233380315,263.05723747056135
2009-11-03,270.0438039298865,257.35684795978034,263.96752477957864
2009-11-04,269.19682356222,254.7458304244418,262.3119815653425
2009-11-05,269.1329962147134,254.69434464730202,262.88452437414963
2009-11-06,268.528753243713,254.95719269107533,261.6363382849171
2009-11-07,268.42034531780627,255.53432588948533,263.3772627128064
2009-11-08,267.58235389350557,260.7865294162044,264.34273897280053
2009-11-09,264.82230769811645,258.81604164469303,262.16103838491557
2009-11-10,261.6847519711719,246.76723763403507,256.05580213683913
2009-11-11,257.13892150841457,245.79465871861382,251.78791564478388
2009-11-12,259.5480573919802,248.35570818478587,254.02141218753923
2009-11-13,261.8386477607253,250.71794770136253,257.26395210923124
2009-11-14,262.46262188379495,252.07269509623197,257.74078238245124
2009-11-15,260.6786307044785,249.4438037872407,255.63585222285266
2009-11-16,260.09182663167996,250.2163221681872,255.71471159053203
2009-11-17,259.55431919023926,249.99131016011717,254.8317621466289
2009-11-18,256.93496704379766,244.55609077280707,251.22687438719865
2009-11-19,253.8090889329417,244.3864741490017,249.09160622911833
2009-11-20,255.91260340708342,245.85622836484708,251.43162596390772
2009-11-21,258.2613447818114,249.42790248724205,253.45029321385272
2009-11-22,258.99285042635137,249.96521936348023,254.29817309862153
2009-11-23,260.2788942537344,251.60831377694618,255.93077332252506
2009-11-24,260.3957830874289,251.6253300707207,255.8042162980648
2009-11-25,260.5531403369615,253.03223891310938,257.20048927125544
2009-11-26,259.6115836127811,247.64958739456307,254.2322348527331
2009-11-27,260.41739069875035,249.19620190376406,256.6060140967348
2009-11-28,263.5681431946361,256.1804655907238,260.20564817494073
2009-11-29,261.96720359722053,252.9103776458994,257.6527439615102
2009-11-30,262.64560002387753,254.17709518393292,258.9997055413093
2009-12-01,262.35318933301784,252.513882369793,257.9171464714996
2009-12-02,259.3217967878922,249.61118997891026,254.4753845805426
2009-12-03,260.70571295297043,252.40911261177507,257.28323259763044
2009-12-04,262.0202032638958,254.38960297609358,258.56357180620773
2009-12-05,260.4858349692654,253.94849675009803,257.47678122201654
2009-12-06,258.6048593627928,248.63217717173143,254.21058331130604
2009-12-07,255.40235798917053,246.73203341523615,251.10407026031825
2009-12-08,256.735049758843,247.8980629589198,253.5053494676802
2009-12-09,260.7997364108042,254.85045260736175,258.7320594352354
2009-12-10,262.510183857045,257.2976584424616,260.17202469246473
2009-12-11,259.5450492466369,254.60045765996557,257.10763137648155
2009-12-12,260.10238285068186,255.13477402130766,258.220442282649
2009-12-13,259.84734007333884,250.08131226493154,255.9152142245779
2009-12-14,256.21531548938503,248.93986660748465,253.45389548660188
2009-12-15,259.0848388523381,248.4571800812568,254.55019048059594
2009-12-16,255.02130114156205,246.963500560061,251.3281655668218
2009-12-17,253.67373752752363,245.0470728164788,249.63290197532106
2009-12-18,252.52120602647867,245.82399182379262,248.87456711654622
2009-12-19,253.81035621829432,246.48857259055592,251.02277018472822
2009-12-20,257.04713643083153,250.68977444885124,254.41763995675953
2009-12-21,256.3735679484396,249.1206381322562,253.13781049342973
2009-12-22,254.26108213842974,246.8427322203559,250.57505402006777
2009-12-23,252.7988686916586,245.0879156347134,248.85692112001146
2009-12-24,251.1743878659358,244.32764257552253,247.66798909704784
2009-12-25,252.4840484150121,245.7796469889199,248.77996170870586
2009-12-26,253.8583546653699,246.70653561927847,250.39068495550003
2009-12-27,255.71854854034535,249.07730847640255,252.75212016544342
2009-12-28,256.56918287348407,249.23552397580895,252.68402782464688
2009-12-29,257.483154035786,249.6613762356476,253.79035694044276
2009-12-30,256.13538321159814,246.40720885567927,251.55990990340675
2009-12-31,255.12368148398684,246.30571766938832,251.1087901035371
2010-01-01,256.39521502086166,248.6400771486984,252.24945099561913
2010-01-02,257.0210374001038,249.8083540416438,253.16186967770284
2010-01-03,258.18635236576256,249.30543140846603,254.73757703007038
2010-01-04,256.77496390871545,246.24005967824505,252.19214555995475
2010-01-05,257.1601673717063,248.46171435595608,252.4958222970365
2010-01-06,256.96503340795164,248.94227325963803,252.89395791807567
2010-01-07,257.5650212665666,250.25805957602245,253.55141022999467
2010-01-08,256.59293995272077,249.19879768902285,252.47781128362675
2010-01-09,256.6375085782539,248.67690333832357,252.72045603736046
2010-01-10,256.95515544799974,246.9683492611303,251.8075152902141
2010-01-11,256.377294208781,246.43141909041736,251.15123805210962
2010-01-12,256.2252003263295,247.5282304521624,252.01937119326195
2010-01-13,257.73156486068325,247.67763906574461,252.91206718325876
2010-01-14,257.646127652883,247.84950839400852,252.7269510355778
2010-01-15,259.13579347691996,249.4177922550215,254.01843947685222
2010-01-16,260.11765389689543,250.85654631266405,255.81535891593387
2010-01-17,261.38960364642776,254.1029852427384,257.55803847716294
2010-01-18,260.4455235639631,253.23796644885752,256.75779690258173
2010-01-19,260.2291400704707,251.47532679624229,255.88019479916844
2010-01-20,260.2886325900861,250.28757349807313,256.19014665248795
2010-01-21,260.7833000734191,250.5846576104304,255.7377057926618
2010-01-22,260.3982952856619,251.81337850468833,256.77053631208463
2010-01-23,260.51184231932666,251.50138049405913,256.2415025900089
2010-01-24,260.64635691892727,252.65497604874403,256.89101474286116
2010-01-25,260.2787652407153,249.85270790056532,255.52800857864344
2010-01-26,258.6891115419734,249.01695718887095,255.06244440513038
2010-01-27,260.72626310151804,253.84304103021523,257.3767656928101
2010-01-28,260.63644099188895,254.48335339582792,257.8980106276447
2010-01-29,260.19019719974364,251.70077147789505,257.2203234001669
2010-01-30,257.80389241801504,248.829088762269,253.51713954515495
2010-01-31,258.13682086188743,251.1590348872358,254.85110047236319
2010-02-01,258.41544912270984,250.19331142041153,254.37166591467468
2010-02-02,255.55390400825283,246.9756294338418,251.13242687103877
2010-02-03,255.67482903473578,246.8116119951753,251.37533453741293
2010-02-04,256.506483199271,248.59205657741978,252.2495889607853
2010-02-05,258.5570111398989,250.3542503214492,255.80639541122898
2010-02-06,262.22445701146876,256.73549042606635,259.88616736986785
2010-02-07,262.7150855566527,259.34675311209986,261.13394076617817
2010-02-08,262.99623591196985,259.342638508122,261.3718026426954
2010-02-09,260.1725911036931,253.99700399631996,257.501907432996
2010-02-10,256.23858357087175,251.7755978999611,254.26499588866207
2010-02-11,258.59366500181636,253.20422055207737,256.48772421904
2010-02-12,259.70548176441775,255.24688619572095,257.41626288962726
2010-02-13,258.99247783462135,254.61552034923136,256.65057812952955
2010-02-14,258.5458096118186,254.27263868938903,256.28253948151905
2010-02-15,258.0275048760019,254.22920631751578,256.0973878111641
2010-02-16,257.4786875741008,249.70173877522032,254.22747336955584
2010-02-17,254.93546857147913,247.1611360756022,251.18115154141103
2010-02-18,256.71594672094665,248.0958912339751,252.67963664914265
2010-02-19,257.8001999883918,247.98767489623526,253.3933912941982
2010-02-20,258.9203904995524,247.42658137680687,254.6180672594908
2010-02-21,259.70107956629244,251.15235013917555,255.73340364437303
2010-02-22,262.40445647755155,253.73162614072515,258.2282804326315
2010-02-23,261.82947229074375,253.56359673740928,257.30633230519413
2010-02-24,262.24922852183397,254.3902588598138,258.26111797190015
2010-02-25,262.8979461782778,255.58930761585276,260.0199851260205
2010-02-26,263.86241137199374,258.14120043257964,261.3909074997364
2010-02-27,265.0316615443371,259.5623000166907,262.46996388842217
2010-02-28,265.83348908882596,260.6916339018048,263.32688818121403
2010-03-01,264.8662671700884,258.4142132452315,262.23917988028
2010-03-02,262.5265411744093,253.52183656860797,258.38946729898436
2010-03-03,262.68977313998596,254.7589491958381,259.80688113925953
2010-03-04,263.76215074430087,256.53256011955517,260.4817598592795
2010-03-05,261.6385403527465,251.12750052401057,257.1295359407024
2010-03-06,261.2957826211382,250.203186106697,257.19546145384095
2010-03-07,261.1488757495676,248.52447768260438,255.35355702144776
2010-03-08,260.1878331835233,248.39129318094672,254.65972393355477
2010-03-09,261.0769133344196,250.6015946232086,256.11894269987215
2010-03-10,261.33737846391745,252.93425056976807,256.66220677775624
2010-03-11,262.1601685327527,253.49000301614748,257.67496899699023
2010-03-12,263.25636088482435,254.4982246526407,258.7234774309277
2010-03-13,263.2145281464184,253.77180136240844,258.25846262832573
2010-03-14,263.0925801005455,250.8461862416916,257.08724822338934
2010-03-15,265.0667269827264,252.10011132846856,259.14396273325355
2010-03-16,266.08371278038896,255.62945600952423,260.27674162702965
2010-03-17,267.0065171417553,256.23789048130135,261.1880955680967
2010-03-18,268.34445556954,257.5850587707641,262.676717785131
2010-03-19,270.37300877723766,259.47891514940267,264.42569597967804
2010-03-20,271.3048431026863,260.2784850070163,265.76740699858857
2010-03-21,270.5435064869956,262.13115286618313,266.51433135134215
2010-03-22,270.0976384826908,263.83995174343414,266.9619718140495
2010-03-23,269.82611821333734,262.8055790157449,266.6637017177202
2010-03-24,269.07051815177437,257.66929823241946,264.0325536103552
2010-03-25,269.03108878347217,257.19493145763954,263.7130255988541
2010-03-26,269.3663375262089,260.03551190261174,264.9723881504481
2010-03-27,268.6615094863504,258.4530854685987,264.0970815793269
2010-03-28,269.08401374983987,259.0712220240305,264.5253414805146
2010-03-29,269.3431659178433,261.35449342309477,265.76842808123763
2010-03-30,268.0993426328062,261.12909651843694,264.7134583586741
2010-03-31,266.52077063768456,255.1567180362098,261.7880244745733
2010-04-01,265.3972934107808,254.30596928519836,260.3436999943798
2010-04-02,266.0397110402641,255.67612844303358,261.94489758952164
2010-04-03,266.9816097908896,258.55378421529616,263.445998318755
2010-04-04,267.3296234877772,259.2677490617381,263.5837846628206
2010-04-05,266.73408239539083,254.1814864057272,261.7690306961285
2010-04-06,265.25811574165635,252.48224896639277,259.98054476045974
2010-04-07,268.274174398016,257.32229637246417,263.9143357288908
2010-04-08,269.77054814446075,260.2955897239936,265.17213848645974
2010-04-09,270.10660889412776,258.4661531452357,264.70451171019715
2010-04-10,269.8860044651689,257.747167719864,264.51526395957285
2010-04-11,270.37258082434295,261.43115275160477,266.7582330546638
2010-04-12,270.30883997452327,259.8433122918582,266.4116292808702
2010-04-13,268.58402477718585,255.3959672672527,262.56276897730055
2010-04-14,268.31339366667316,255.8787012668308,262.86736959577206
2010-04-15,270.2999846941885,260.45531544844397,265.9036162045257
2010-04-16,271.62007732023596,261.9759210233061,266.94255710051397
2010-04-17,272.00173955266706,262.5220565836498,268.4702220733469
2010-04-18,272.3343740797945,266.31549264117945,269.343843032673
2010-04-19,271.78072858171214,263.9953875441476,268.1076063942676
2010-04-20,271.1545087202369,263.9613365101575,267.94831112761915
2010-04-21,271.2466459671424,263.9943121050808,267.6765912746447
2010-04-22,270.10832417444595,262.0554052923309,266.49478791835645
2010-04-23,269.58900317777426,259.87498610330886,265.2993273203318
2010-04-24,269.08440322655304,257.3912161042987,263.79350384841035
2010-04-25,268.8518972030264,256.8439119417119,263.6858208704624
2010-04-26,269.13131269230496,257.11875538115873,263.8187716070525
2010-04-27,271.0790815127972,259.9026297956222,266.51993520390505
2010-04-28,271.8423641241656,260.37295575910514,266.6198752096513
2010-04-29,271.5331655172721,259.52078540775483,265.9058627398847
2010-04-30,271.85216630430494,260.01936240640805,267.30613034823415
2010-05-01,272.4081737444831,259.8968217045535,267.34079096889394
2010-05-02,272.02585274518964,258.42035596981583,265.8068109366973
2010-05-03,273.18358871596706,259.213197020662,267.3618847916918
2010-05-04,273.4973854608209,264.19953657879483,269.5888124841197
2010-05-05,273.4598878105675,266.7359549720325,270.55011464287315
2010-05-06,274.2646433776403,266.03797938244105,270.6223272134655
2010-05-07,273.6556885287726,265.6835986161765,269.9894993023784
2010-05-08,273.2720181625057,262.022365091368,268.78241773102934
2010-05-09,272.89146988122485,261.5586387732886,268.24963217232016
2010-05-10,272.6720558410072,264.30966009877756,268.82064436316716
2010-05-11,272.5436779756102,262.25929419971067,268.1017084575101
2010-05-12,272.54476076997526,261.326390236442,267.6675144180287
2010-05-13,271.87402399339913,262.0174380026431,268.13847371575315
2010-05-14,272.3500829754653,263.4820815998986,268.36354121372494
2010-05-15,273.126930498281,263.2888819909081,269.00723796371534
2010-05-16,274.2961568940619,266.08744071790176,270.8454002186858
2010-05-17,272.95597500518966,268.407194031286,270.987600889827
2010-05-18,273.4289671015183,267.9343813147325,270.89043325211935
2010-05-19,272.8654535050094,262.1131866760414,268.8016355524609
2010-05-20,271.84985535463744,259.6883413086877,266.4268584740065
2010-05-21,273.8969020663714,260.9166564665092,268.78014427230767
2010-05-22,274.07956820161223,265.5050944812341,270.1820509670284
2010-05-23,274.14318120528634,264.47842115709346,269.8918083073954
2010-05-24,274.05125798977133,261.6343337965629,268.7878286405272
2010-05-25,273.5162513212125,260.06293006213093,267.3866395389591
2010-05-26,274.8560251363675,260.98586597781815,269.1802746494364
2010-05-27,275.2810312944997,264.87216117572694,270.41042860213156
2010-05-28,272.5405011496822,266.0986738962987,269.7925715223298
2010-05-29,273.03764812612565,263.1547619236322,268.99311393223144
2010-05-30,272.4270314150696,259.474228413391,266.9781693151725
2010-05-31,273.2899984158416,259.67674121653766,267.3871180824332
2010-06-01,274.2606837907128,262.75371323586324,269.01111395630505
2010-06-02,274.81021879152394,264.24653713002846,269.84190827686206
2010-06-03,273.87930348182095,264.6343051626587,269.6156789251474
2010-06-04,273.1331232424805,264.72426653303296,269.45018039531016
2010-06-05,272.61120367154257,262.9839525133541,268.58322063646904
2010-06-06,272.69522244605446,259.71874085207986,267.32196326828506
2010-06-07,273.61816904596895,260.1169882498446,268.5712907736781
2010-06-08,274.15680562768773,263.70975651786154,269.7581342836012
2010-06-09,273.81738032217544,263.22566166186186,269.036940501866
2010-06-10,274.18249228389436,261.85240201926143,268.8390325537356
2010-06-11,274.2903010752079,261.740036644686,268.7483789267968
2010-06-12,274.7928940102942,262.70932077271647,269.5108716372243
2010-06-13,274.90779076668235,264.14378443545917,269.9742742604312
2010-06-14,275.3885705191238,264.2022712920564,270.63266133203615
2010-06-15,275.4265716234388,265.3956826882392,271.88732962968277
2010-06-16,275.60884773963886,267.6031851466496,272.1128850328475
2010-06-17,275.99256139217397,265.38208543580254,271.5029000628151
2010-06-18,276.6820425113446,263.64290968947194,271.1160583054964
2010-06-19,277.08495360614893,263.54052635341714,271.267122610019
2010-06-20,278.1323722646534,265.27438815482145,272.27408447995276
2010-06-21,277.99167934851965,264.9793692268164,272.0552091232139
2010-06-22,278.16322327648857,265.17085763512813,272.50766465541005
2010-06-23,278.3548459438435,266.1095170677599,272.88509410387525
2010-06-24,277.7414289773272,268.5531237088942,273.8799609291135
2010-06-25,277.59465807520394,268.96781167883296,273.7871239200932
2010-06-26,278.126707797464,265.0712810898743,273.0602773102839
2010-06-27,277.72593388094305,265.02919149113774,272.28816706052925
2010-06-28,278.06801703171425,265.9518662026086,272.8536207814006
2010-06-29,278.2564372351605,266.5143741603097,273.69671327356974
2010-06-30,278.2355239067491,268.6852328157708,274.06670612339525
2010-07-01,278.3124265166032,267.96631562250855,273.79342002840684
2010-07-02,278.5687305584669,267.4085443713745,273.77105715482713
2010-07-03,279.15048634759876,266.7296426207408,273.72886909941553
2010-07-04,279.21969769074,266.97170550841196,274.3026828027616
2010-07-05,278.98694950864524,269.79743016893076,274.9512357199902
2010-07-06,278.4520499889763,269.261433266179,274.6455618987841
2010-07-07,279.90447311437816,268.0752627566815,274.892129675231
2010-07-08,280.89235003372374,267.94934700693284,275.10484797066556
2010-07-09,280.76794347898715,268.27996110213354,275.1865762746618
2010-07-10,280.6752788583005,268.08032158480154,275.13109182309194
2010-07-11,280.5612247193904,268.0448367825685,275.1542893036565
2010-07-12,280.1049644638746,268.67606100712277,275.24706422862647
2010-07-13,279.81791241284816,269.4640500979697,275.44238124766156
2010-07-14,280.7049614054477,268.7703412176554,275.54792511106905
2010-07-15,281.5396413571851,268.03231574953315,275.6420788115136
2010-07-16,283.2399836794106,268.9093885018137,276.7758786023954
2010-07-17,284.37736751672793,270.75993365284415,278.30772573357484
2010-07-18,284.4131889138939,271.19482744907054,278.1886898276667
2010-07-19,283.6324058575158,270.4157301638857,277.57030077721595
2010-07-20,282.3020323963802,271.3578857958188,278.1453587774471
2010-07-21,279.9935319310222,274.449897154124,277.2134737688097
2010-07-22,278.6958495174129,273.74188373864695,276.3698916361788
2010-07-23,281.37779260452464,270.91707851218,276.86229632971686
2010-07-24,282.7023296971518,270.7490030867836,277.70521802970126
2010-07-25,283.8235557622579,272.5070188758644,278.723220399474
2010-07-26,284.6840517465278,273.30661186478056,279.6934999514615
2010-07-27,283.6361371571907,275.0706728613076,279.80197098853785
2010-07-28,282.2293531466782,276.6272641781552,279.4143357716755
2010-07-29,281.9128957738742,276.37835466556106,279.18770839017407
2010-07-30,282.36734461233965,275.0299359659925,278.9458587554894
2010-07-31,283.16312828636717,273.1769054538761,278.7227166973179
2010-08-01,283.34540135299727,272.27147403118374,278.5593905503994
2010-08-02,283.89732199156504,273.4218267232704,279.26380595881517
2010-08-03,284.68565081206515,275.0434676493875,280.25473213804133
2010-08-04,285.3181593210143,276.3184937676138,281.1077970980937
2010-08-05,286.2506839631917,277.36023898954176,281.92560761619046
2010-08-06,285.2652163525267,278.42031705965195,281.71972593442007
2010-08-07,284.6736069087989,278.6790842039252,281.56968555785073
2010-08-08,284.45797745518394,278.42609235729014,281.2048674883623
2010-08-09,283.95621133882713,276.682998700384,280.53799891101914
2010-08-10,284.78380248590776,275.87382430490067,280.43246164932134
2010-08-11,284.8526543744659,275.35906056712605,280.3675574990525
2010-08-12,285.3061958521595,275.5209979024243,280.6708761895666
2010-08-13,285.1862953905842,276.125849844393,280.8060193399128
2010-08-14,285.48245602628026,277.28947955844245,281.34401834034594
2010-08-15,285.3054648927202,277.38046276885206,281.3851747793936
2010-08-16,284.65143601336547,277.65021512460254,281.2201332363876
2010-08-17,285.408005135928,276.9804658988123,281.2744096765654
2010-08-18,285.59606143060444,276.2619911575763,281.31859652273414
2010-08-19,285.828062441506,276.38475486434425,281.5240943014907
2010-08-20,285.0129707978413,276.2331935821119,280.8568283374189
2010-08-21,284.3005864610234,274.74895520275885,279.7859073724903
2010-08-22,284.76779244777975,273.6056816844793,279.9020984242902
2010-08-23,284.4782390499274,273.23736903327745,279.3227022520511
2010-08-24,281.93806854092537,273.13349897528303,277.6829997686019
2010-08-25,278.81450381363356,272.6882495434735,275.9170682818255
2010-08-26,279.95245427203685,271.34095349034595,276.05446106646826
2010-08-27,282.0333230608504,269.4127190233331,276.6566373678014
2010-08-28,282.83437093093943,269.4188138926519,276.76033039160717
2010-08-29,283.68165763456875,270.3396007378649,277.8558715336825
2010-08-30,284.36842047433606,272.02187648827754,278.9614610244816
2010-08-31,284.7726453220593,273.14660353457634,279.63869304348736
2010-09-01,284.99700801204983,273.94499368489465,280.122157114702
2010-09-02,284.2207182867593,273.89249354031034,279.32810160393944
2010-09-03,282.69225176272505,273.3204761390707,278.3348263308116
2010-09-04,282.8130062357385,272.44595259839286,278.0294638881005
2010-09-05,283.2165192765496,272.49979366292854,278.4509109665247
2010-09-06,283.62661646803684,272.2158981013621,278.32135674935273
2010-09-07,281.6017076572168,271.853002962191,276.9311303582215
2010-09-08,281.476568253615,271.5973321912763,276.97486820970533
2010-09-09,282.13308932529645,271.6373395514304,277.3025826037527
2010-09-10,281.7882359276227,272.17592567898777,277.1432656079962
2010-09-11,281.2287538311083,272.3915791274343,276.8406598002782
2010-09-12,280.4289019831132,271.4811929322581,276.23109023544924
2010-09-13,279.27145340077004,270.9873564278946,275.15353478012855
2010-09-14,278.0861755797557,268.99113865492365,273.82768682858637
2010-09-15,278.09715293187725,266.466261629081,272.92519444484793
2010-09-16,277.57786562821747,266.20810892330275,272.49941767694406
2010-09-17,276.9522689907154,267.31572159763914,272.4754966333592
2010-09-18,275.87770197140946,265.6519452996514,271.42839952557836
2010-09-19,276.1628902909717,262.8936547640975,270.4580884121017
2010-09-20,277.59796265927054,262.7731677788751,270.7745243275544
2010-09-21,279.26142496802873,264.97302500596095,273.0138971861474
2010-09-22,278.8778588279987,267.59525449879675,274.01829452079386
2010-09-23,277.38064858581,266.68470387929113,272.4270925947048
2010-09-24,275.2213004573475,264.6119618826005,270.3587899349408
2010-09-25,273.9680789524899,260.56697124992974,268.09964811520837
2010-09-26,273.71776181752585,260.0003742976225,267.8688605261403
2010-09-27,274.33374337161337,262.1274858162336,268.9950968058532
2010-09-28,274.91283646134013,263.23988216150485,269.81378580388565
2010-09-29,274.67539800201234,263.5395415214132,269.7107710510881
2010-09-30,275.0551949391156,262.8832868006494,269.66652831494883
2010-10-01,274.4949729147142,260.0978518299119,268.20187064089606
2010-10-02,273.94604814407546,259.3683199058991,267.57852402427056
2010-10-03,274.24112769152475,261.9465600859483,268.35818232781224
2010-10-04,275.0787305885055,262.3786176115344,268.7805681681689
2010-10-05,275.37183829319974,262.4508960550738,269.16237759341595
2010-10-06,275.47849505454786,262.1566362184599,269.1188473139787
2010-10-07,275.3293409666846,262.51597200893644,269.1427495838373
2010-10-08,274.5258389530467,261.91355940334194,268.6494321887826
2010-10-09,274.06614656186554,261.16379240038094,268.08512496287204
2010-10-10,272.9095252517455,260.6851341072858,267.1524313100333
2010-10-11,272.4233610591607,259.40990538753204,266.1844072604776
2010-10-12,272.82329174997426,259.6555642628332,266.5529620351447
2010-10-13,274.23497533594013,260.5867476319026,267.80601386449183
2010-10-14,275.81967672496705,262.2213634789218,269.5145763672096
2010-10-15,275.9085060735003,262.6176243895748,269.3244868428527
2010-10-16,276.4951795036265,261.9365818785723,269.6560482822485
2010-10-17,276.90643222637567,263.5409818284923,270.6054209571619
2010-10-18,277.33913416912804,264.66979462505407,271.030499141421
2010-10-19,276.7935305090452,264.66346276146237,270.62066359956435
2010-10-20,274.935905685865,262.0403640207298,268.61955146340745
2010-10-21,272.717974215504,260.88809177372406,267.4558044630671
2010-10-22,267.7639325639935,257.6961290024698,263.7975999629054
2010-10-23,264.25962068706764,251.39963408889537,258.51656472574865
2010-10-24,263.0561498753423,250.57509543702918,256.8036843570746
2010-10-25,264.3482688689184,251.29636943339287,258.05186843453197
2010-10-26,265.62484986014096,253.37492150226961,259.40515082761016
2010-10-27,265.29315946414926,253.82287501427447,259.4321266424086
2010-10-28,265.89867325984346,254.2879551277613,260.61405320393385
2010-10-29,268.2617125493946,256.3545361150802,262.6838604206366
2010-10-30,268.2198669359457,254.5259928993506,261.9715201372219
2010-10-31,266.39077207679264,251.97694146184546,259.19847663655787
2010-11-01,266.67648787265455,252.0869575349323,259.81793592957814
2010-11-02,267.28039253027237,253.92351398889164,260.4240397412716
2010-11-03,268.76829403700253,255.09005940826137,262.0424097173496
2010-11-04,270.13967853267434,257.46561858258355,264.3099027190663
2010-11-05,269.8308581569539,259.1465304468164,264.3777281987886
2010-11-06,267.84262632232395,254.95182591237707,261.86959705628567
2010-11-07,266.6351872323652,251.85757380454817,259.1184872640288
2010-11-08,267.6264604674957,252.0618732540156,260.1186873266393
2010-11-09,268.6947442735089,254.40713574051358,260.920382476789
2010-11-10,268.5020747350894,253.97425476569097,260.81925475298965
2010-11-11,269.5739247873155,255.04735572505052,261.9526820649036
2010-11-12,268.2658262463471,255.09158416905328,261.1757327115047
2010-11-13,266.7240966066653,253.3178004534957,259.9879442137128
2010-11-14,266.0110649759673,251.95745739493424,258.86867485137446
2010-11-15,265.8484888652389,251.3361142595258,258.6981629931415
2010-11-16,265.6131857350313,251.0978226204848,258.56990943972374
2010-11-17,266.45257158876626,252.58179033687622,259.36741888592013
2010-11-18,266.9063634229536,253.62901735698858,260.2852075684612
2010-11-19,266.1768550444891,250.9149366372682,258.5248675902144
2010-11-20,264.95058110291717,250.49412626733377,257.4280414932357
2010-11-21,265.2675145860228,251.3861119322903,260.2809539975959
2010-11-22,267.05084327503806,256.40637140238357,261.75277518400617
2010-11-23,265.4383109184773,252.75941734039324,259.03384847980567
2010-11-24,265.44071361129147,251.6758304940175,258.49090225311306
2010-11-25,266.0362155390417,253.1229400509204,260.50910787729225
2010-11-26,266.0666843553271,253.45491395439026,260.0599476733614
2010-11-27,264.1124404370613,249.15380855574264,257.1112585679162
2010-11-28,262.25690502926636,249.07003003059862,255.5615280942826
2010-11-29,262.449684191111,249.24303738382903,255.53579892958487
2010-11-30,262.7697915310634,249.76525482231708,255.84155200894
2010-12-01,263.11242660476796,250.350707568454,256.2875132801432
2010-12-02,262.55551829186487,250.2709442991824,255.87451783347515
2010-12-03,263.67407789348925,250.43322836905767,256.91532680955345
2010-12-04,263.92500869277956,250.9804001689826,257.37684929133945
2010-12-05,261.7131225485487,247.7714684514023,255.02497424281313
2010-12-06,262.99383951818135,248.51137560416245,255.77602399279343
2010-12-07,263.740456233378,250.08219301498346,256.769305524616
2010-12-08,263.476055101523,250.611152023929,256.7017179207443
2010-12-09,263.28070245125315,251.01487918688207,256.95711783040554
2010-12-10,262.31699896880133,248.84590016779865,255.45061318501664
2010-12-11,262.01811065728714,247.96812554554435,254.6660823662845
2010-12-12,262.9361238732852,248.65779618560006,256.20009815042005
2010-12-13,263.5477808880354,250.0541538667037,256.8029152250925
2010-12-14,262.38058829324365,248.71776180778897,255.17452347853015
2010-12-15,263.9786018833646,249.75303880784531,257.0683353070075
2010-12-16,264.1988326132687,251.45241228455887,257.6980385127446
2010-12-17,261.38430619411895,250.71865332312055,256.59617951286555
2010-12-18,259.6856698515102,246.04220192143254,253.47605147365107
2010-12-19,259.60978427122916,246.3820774259589,253.50203264096413
2010-12-20,262.1712694704414,247.5639167609292,254.77219868297973
2010-12-21,262.0025041987648,247.95974550803427,255.15077204905998
2010-12-22,260.99202973604724,250.19686897073228,255.66140681782733
2010-12-23,259.04746313536776,248.41790464425884,254.07856966000313
2010-12-24,257.94177790410333,245.0674066319943,251.39860031907878
2010-12-25,258.86733494096393,245.22792018140132,252.73013352738033
2010-12-26,261.2461844554832,249.61721408857704,255.49441815694695
2010-12-27,260.71150086399894,247.01704498756558,253.96725346699887
2010-12-28,260.8105345104056,248.66841479460027,255.6586980646191
2010-12-29,262.12960274263435,253.28714522499254,258.0289894889425
2010-12-30,261.8833127425383,255.75762530823775,258.9134692387738
2010-12-31,259.81547963151365,245.62228188916714,254.64626140983935
2011-01-01,254.93071041446544,243.28586204367386,249.4050866012185
2011-01-02,256.3145750207269,245.52414461009556,250.44945406638462
2011-01-03,256.8215513817854,246.68167874486747,251.4452105469648
2011-01-04,258.59069953469907,246.5817716146473,252.6698420059894
2011-01-05,255.31174833281605,245.68163794550333,250.10279879301189
2011-01-06,257.6418034683927,247.0990535643058,253.2381099010111
2011-01-07,259.38436613210075,252.3505143537547,256.10907265848596
2011-01-08,258.6776805122107,249.46779513042702,255.00280742337281
2011-01-09,255.63059439535306,242.75491898523524,249.9167547406322
2011-01-10,254.03803908989792,243.33299692131885,249.60794096050938
2011-01-11,259.02293221575974,249.55741244342744,254.5434170422353
2011-01-12,257.8484473562168,248.0401703807697,252.96308182017432
2011-01-13,257.3564301733343,249.00349397867427,253.36297978030757
2011-01-14,257.82696574943486,251.87927262608693,255.37416622578826
2011-01-15,257.70458557802107,248.01787060897058,254.09533858647526
2011-01-16,252.43125830621813,244.13839932107112,248.80500126277082
2011-01-17,255.7700736718197,246.77157495364173,252.1282009810129
2011-01-18,254.08643624551615,243.96294090762066,249.60461531141254
2011-01-19,251.4029231312424,242.7124629113898,247.1690583261728
2011-01-20,255.9491732169396,246.25950653975715,252.39952763626428
2011-01-21,257.81541699809543,248.95805301680252,253.5375643812623
2011-01-22,255.54505021238379,245.96803701230493,250.87002580957994
2011-01-23,253.82781260865644,244.49714038625368,248.96683251095837
2011-01-24,252.5138388389402,243.60287756479133,247.80311577163798
2011-01-25,251.83719615915882,243.08887606628622,247.0924956968607
2011-01-26,251.85203583708306,242.6949892572116,246.82989948984155
2011-01-27,252.86184653270232,242.95368209418322,248.1340419856493
2011-01-28,256.93066242277166,246.8162411210124,252.77314156928404
2011-01-29,258.82449097197576,251.3519551104555,255.44952548634294
2011-01-30,260.3820581189211,249.11261364517782,255.33804252088296
2011-01-31,259.5340545543845,247.8562193002346,254.24721031733296
2011-02-01,258.3940444693058,247.13936503889332,253.91543229883558
2011-02-02,260.60757306872506,250.65422275476462,256.4348119266507
2011-02-03,263.61173107709067,256.3348093611075,260.97429426988964
2011-02-04,264.4295449396109,259.90412420263215,262.3105031174498
2011-02-05,262.3462128530504,258.91592819171683,260.74617764041113
2011-02-06,262.67571892733196,259.7612416829368,261.33888016853507
2011-02-07,262.56652433668734,255.23260452235064,260.00914340504653
2011-02-08,257.6666827691853,248.9093446156993,253.97261296516012
2011-02-09,256.15915529203124,248.45254391034567,252.83834756466965
2011-02-10,255.15797656341456,248.16462566332328,252.23484940642916
2011-02-11,257.2490442130635,250.92535399950762,254.51406745519776
2011-02-12,260.5308073439526,254.34612911794224,258.40960297646006
2011-02-13,262.28885152464534,257.69297827324124,260.10093762022717
2011-02-14,261.16860911978245,255.01687614002682,258.47988720243154
2011-02-15,259.1880437371884,250.45151427723246,255.215750528901
2011-02-16,257.6359759729936,248.84610331488778,253.80483394246045
2011-02-17,255.91461281561124,245.36966506086503,251.12562196964117
2011-02-18,254.25233393040676,245.4635484535595,250.32594456351848
2011-02-19,257.13282010860496,249.651137722547,253.94333741114096
2011-02-20,258.14362168566873,249.07986271030867,254.2514237275953
2011-02-21,257.0365308904817,247.596885644348,252.95725778767877
2011-02-22,259.115944156923,252.02746278517833,255.88987096231196
2011-02-23,260.0414119133677,253.78164203154853,257.1864385419259
2011-02-24,259.37208718161855,254.33331974459784,256.7670584143751
2011-02-25,258.58691072225497,253.56918926728375,256.0636308440686
2011-02-26,257.6818965753725,251.6012938073283,254.90234363338675
2011-02-27,256.36630800813646,249.40556786322696,252.92925286302858
2011-02-28,258.3687785026492,250.9081889321451,255.76210740575596
2011-03-01,260.76477634435963,252.73334288554682,257.2058567858991
2011-03-02,259.94099766331595,253.30051572516797,257.5655168860003
2011-03-03,261.30447129305713,255.68566785152123,258.7509593552316
2011-03-04,260.9012449824891,254.83873193846216,258.0479327317322
2011-03-05,259.9093745506113,253.0421627087516,256.782057834434
2011-03-06,260.32532835324133,252.11467606544727,256.48762236131824
2011-03-07,261.45186171278357,253.8758933674267,258.09988055709454
2011-03-08,261.02647164392346,249.01650839093966,255.82627798377013
2011-03-09,259.01914167918954,247.92215889894229,254.00428513273852
2011-03-10,258.02251815711327,248.15567130191158,253.2004511525408
2011-03-11,258.4527199237854,249.71754426175593,253.8653439162679
2011-03-12,259.7549339947398,251.01581793237003,255.11070835348562
2011-03-13,261.38897889227485,252.21458681639947,256.4821815723674
2011-03-14,262.7782387767788,253.25006809842577,257.69298253643893
2011-03-15,265.07302527657623,254.87403930391736,260.2532509404403
2011-03-16,267.4111770922588,258.12240578262737,262.4572427245873
2011-03-17,267.4328588657323,259.78325852338236,263.83738995753924
2011-03-18,267.3553770354622,261.5339546770714,264.35731188378196
2011-03-19,265.8421386115595,259.72798695415787,263.13772352433904
2011-03-20,262.97181057926815,253.1360875890396,259.0694582946628
2011-03-21,261.9033291342565,251.53978740917174,257.48024713761384
2011-03-22,262.87522485159474,252.29845760092815,257.80538393425803
2011-03-23,262.90210858752164,250.58141703616542,256.863258842071
2011-03-24,262.4967628054154,249.65185944312685,256.1271871237097
2011-03-25,263.34413488959495,249.91396396670217,257.4835362987983
2011-03-26,264.77173197368865,255.02998791292725,259.91645768063984
2011-03-27,264.6041936416073,255.59773796395316,260.2716416761386
2011-03-28,266.1196073036232,258.4554082666604,262.79144153529603
2011-03-29,266.6940405110641,259.06418271801425,262.92120181373264
2011-03-30,265.71121126147875,255.86807970795937,261.4014089420687
2011-03-31,264.28466296144643,253.09150971325585,259.2654729705083
2011-04-01,264.3478594049459,254.3062585461039,260.1615114674481
2011-04-02,264.2999268748042,256.90320728424325,260.5508955289453
2011-04-03,263.5283813155511,255.3820400724405,259.6417244308219
2011-04-04,262.25129946374847,254.16944629943274,258.78311306354163
2011-04-05,261.7801272427324,253.89019829409125,258.24113136354435
2011-04-06,261.8124875610078,253.39488555009993,257.7950666327114
2011-04-07,261.90061975976687,250.67723970337124,256.6893986329661
2011-04-08,261.9938069694491,251.7550854260954,257.3499031684654
2011-04-09,264.39028593331307,254.93162607519176,260.1104149359264
2011-04-10,265.7195486774161,256.7978997050948,262.06937219606453
2011-04-11,267.8104365228191,259.4988715533647,264.07646272822745
2011-04-12,268.1771182738071,256.2135074745345,262.8802587328556
2011-04-13,266.40668682961285,253.81541389957846,260.601966899871
2011-04-14,266.2993750492011,253.4050533183982,260.21824521311936
2011-04-15,267.3951719087658,255.60307768351348,262.20736225398946
2011-04-16,268.59166012239893,259.55473831509886,264.65536045511806
2011-04-17,269.19410122862814,261.75009141600566,265.3554840152111
2011-04-18,268.8889351384531,258.363723390975,264.4479963891209
2011-04-19,267.77497088946666,255.26755622628457,262.60714809891
2011-04-20,267.2663602233633,255.38378903133454,262.2450283395567
2011-04-21,267.34512530292193,255.27287548298602,262.23351725580284
2011-04-22,267.3636222998714,254.50455884133243,261.6405651742235
2011-04-23,268.78447859846574,257.20160556688546,262.99570707928063
2011-04-24,269.9706313535487,258.16591662918574,263.95323374864626
2011-04-25,271.0334651708656,258.3831143250852,264.4702561229609
2011-04-26,271.48579010804343,258.8374828998148,264.89068064187063
2011-04-27,271.75994289899666,259.1203243619352,265.0523650923874
2011-04-28,272.2631656931333,259.45241684915817,266.31267022785056
2011-04-29,271.3462585395684,261.9964156819679,266.9631013670753
2011-04-30,271.90611500144973,258.15367454835217,266.2844393656595
2011-05-01,271.34706136583446,257.7263819215849,265.4319124451736
2011-05-02,272.7643692103366,260.2113562400499,266.99406056582137
2011-05-03,273.53859950079266,261.17009480255433,267.42323759999255
2011-05-04,274.0496919294299,261.29399697090287,268.13517669740656
2011-05-05,273.27820292077087,263.0760488751815,268.61532386718125
2011-05-06,272.3484833156827,262.3830081057389,268.2998204406157
2011-05-07,272.00379077465163,260.04826069613586,266.8234214197065
2011-05-08,271.3625006542895,258.7194010175438,265.5514491957756
2011-05-09,272.7910609415951,259.6211444231452,267.77179677588583
2011-05-10,272.72784180679054,260.2008607595141,267.24388707681067
2011-05-11,273.05672701261193,261.07027570937316,267.9339026241413
2011-05-12,272.8259458549906,260.3867085082511,267.594494157531
2011-05-13,272.45734659422203,259.2182998945194,266.76153444019565
2011-05-14,273.34825968291574,259.0694691271503,267.5302034387713
2011-05-15,275.13998799437195,262.50744933904576,269.4212760671215
2011-05-16,276.25764801555744,263.9087712473189,270.4570310851482
2011-05-17,276.4389529444537,265.3416543146113,271.2450088150388
2011-05-18,276.73873127728547,265.7151943534662,271.4016650637754
2011-05-19,276.4046945252021,265.088054200575,271.3424802741786
2011-05-20,275.0505724056114,263.7734566216252,270.07296386206133
2011-05-21,273.7927018444988,263.1355384110161,269.4659346487097
2011-05-22,273.5452995035444,262.1221623761713,268.41959869641886
2011-05-23,274.2705108849644,262.0692657234464,269.0407817597448
2011-05-24,276.3605548488738,264.279486686071,271.0986858288935
2011-05-25,276.86243228067707,264.89537961391255,271.43399118122807
2011-05-26,275.5539025955536,265.94234135640994,271.71994935865155
2011-05-27,276.2179192373071,265.29637950145843,271.7798485265031
2011-05-28,276.3883274917633,263.6852223656399,270.91944901621906
2011-05-29,276.71275274774365,263.71808922844895,271.5172523882343
2011-05-30,276.36709280115514,264.8552813869226,271.277119483734
2011-05-31,276.18550467616956,264.4706919382564,271.0950389439473
2011-06-01,274.2969391578837,265.72441923938146,271.0613735755247
2011-06-02,274.2101242729636,263.6474905290303,270.1401137237657
2011-06-03,274.57467829775976,261.8215024325028,269.1933199653967
2011-06-04,276.1153192401767,261.81904323071075,270.5131936547822
2011-06-05,277.5922116852966,265.7930431507225,272.57604142889056
2011-06-06,277.306958203383,265.7072815870574,272.38691369513487
2011-06-07,277.49198331051093,265.59979780344713,272.38041598898803
2011-06-08,277.6092274222698,266.19614005440184,272.47577046804486
2011-06-09,277.4747788861818,266.1273695081455,272.3367083917003
2011-06-10,278.2576731482024,265.3226448916182,272.4114001296777
2011-06-11,278.9568561006156,265.2199074974916,273.2713917712244
2011-06-12,278.0610107151422,266.86470716204474,273.55755293682506
2011-06-13,278.2773848774827,265.5896627526777,272.8178095499907
2011-06-14,278.5237718966368,265.1993196497136,272.8454097790196
2011-06-15,279.44085508345336,266.8260672946298,273.67251441890386
2011-06-16,280.6388274419345,267.54235205490073,274.75126522651004
2011-06-17,280.03208288730525,267.7324408482802,274.63498659022207
2011-06-18,279.3182845404451,267.61602144112595,274.12796311943265
2011-06-19,279.4213899534691,266.9818464844501,273.7901962951897
2011-06-20,280.14887622388835,267.1220955767233,274.38587329762476
2011-06-21,281.57659694847365,267.07631121713575,275.36773794220545
2011-06-22,282.67430505255237,268.1383512825735,276.83254418500957
2011-06-23,282.8818187700371,270.26303647458906,277.43282603449825
2011-06-24,284.0133877545552,270.4408165859187,277.8790452668807
2011-06-25,284.940353410171,270.1768858096599,278.47270713003314
2011-06-26,284.4393862463415,270.5712183516444,278.627810528603
2011-06-27,283.65506973248176,272.1664285897805,278.4474312565601
2011-06-28,282.81199473042153,272.16667065410104,277.93588993193754
2011-06-29,282.7171283708256,271.73762024138256,277.70764848749536
2011-06-30,281.6606505894124,271.4128184887686,277.0311270823043
2011-07-01,281.7897186207114,271.44713693284393,277.0823837460719
2011-07-02,281.37074406720564,270.7765750104278,276.6455402870163
2011-07-03,281.21397849847256,269.97061140910847,276.35495132613966
2011-07-04,281.81134812785336,269.95053272524825,276.7163975401955
2011-07-05,282.9331303409827,269.824713861739,277.386645965005
2011-07-06,284.20172727652346,270.7602556140603,278.64346789237777
2011-07-07,284.1189628990508,272.5744297849033,279.31193070905977
2011-07-08,282.77766634388166,274.5036838277902,278.74259762278797
2011-07-09,281.35735296838277,273.35343905387566,277.65568041816186
2011-07-10,281.5476558143931,272.3557435006085,277.4024785244726
2011-07-11,282.36026783171553,272.083374313135,277.8632173721838
2011-07-12,284.3093749293161,270.9331096535391,278.87219884112307
2011-07-13,285.15863578395874,271.62987610535595,279.46210943976564
2011-07-14,284.7416555948146,273.0540728662806,279.7046490613907
2011-07-15,283.2698428072879,274.5472114183176,279.0022114741444
2011-07-16,281.8531054451292,274.2355695211247,278.2618585686462
2011-07-17,282.88765612699893,271.7485458364923,278.2316052403785
2011-07-18,283.3730297476497,271.84154549764753,278.52835713672283
2011-07-19,284.04575090304036,272.5493348422397,279.00347131829045
2011-07-20,285.13970919521404,272.4742994253726,279.7778286481733
2011-07-21,285.24465686230064,273.8102740302453,280.18637228591723
2011-07-22,285.69922331689224,274.6760368148482,280.8992240387045
2011-07-23,286.2800799403962,275.6668452837512,281.52216801568716
2011-07-24,286.84474538457795,276.3819892235446,282.0227730815358
2011-07-25,286.960453616771,277.02143641672734,282.3931567221773
2011-07-26,286.4775208865088,277.3595711655478,281.98930030472127
2011-07-27,285.0564514321585,275.91184578805223,280.7810359688254
2011-07-28,284.59921172705316,275.3190260819697,280.3094458339984
2011-07-29,283.4982890424026,275.04849240269346,279.38908679632357
2011-07-30,283.6920080601804,274.13314787035364,279.3026763729564
2011-07-31,283.92613297684323,273.3179968259221,279.2207663297625
2011-08-01,284.2507971569732,272.93107036742947,279.40312025057875
2011-08-02,285.2247677389868,273.86363873839093,280.2261408071437
2011-08-03,286.7639461722275,274.08466625425547,281.2009532604951
2011-08-04,287.18525097398015,274.89927734407166,281.68211294682527
2011-08-05,287.6737311298891,276.2085307817189,282.5470086950739
2011-08-06,287.7336562692911,276.2379664924287,282.4704129323888
2011-08-07,286.5253147913527,276.6772912550076,281.60252345218066
2011-08-08,285.87915892749584,275.94059099481666,281.1131959524631
2011-08-09,285.7504223484887,274.827365464175,280.8033674059784
2011-08-10,285.46339072182457,274.4780400605229,280.467876234797
2011-08-11,284.81788986642937,274.95087584134933,280.0106029282368
2011-08-12,282.9432334494077,274.56110824321996,278.7734212482371
2011-08-13,281.8178315747923,274.55204441176573,278.18072091045116
2011-08-14,282.49038598838473,274.0117455856432,278.3894939950141
2011-08-15,281.42487371516887,273.8047841278946,277.92242566621707
2011-08-16,281.32079173453224,272.1965754155266,277.3077686333667
2011-08-17,281.5521949463218,271.36800025764035,277.01005282368624
2011-08-18,281.86475252815114,271.28355704307216,277.13381715888477
2011-08-19,282.80372286190834,271.32663883696756,277.92422214868714
2011-08-20,284.2508640425863,271.55694212373356,278.9347973203895
2011-08-21,285.79436513329586,272.29769315637037,279.79586760798173
2011-08-22,286.86430776331804,273.3777265330426,280.7263427977852
2011-08-23,287.97927584458085,274.1659556614919,282.0037071711848
2011-08-24,287.79154042326905,275.61199142834175,282.3182253444957
2011-08-25,286.34810021765674,275.5143351316502,281.1906185706038
2011-08-26,285.56589302937437,275.46635165340257,280.69761265404657
2011-08-27,284.7108827884937,275.7760007841951,280.24542275174383
2011-08-28,283.25754943771125,275.71846821837704,279.348946680483
2011-08-29,283.1634094867903,274.28244614525113,279.0879493925182
2011-08-30,284.0433228653267,273.8745573091031,279.35586661992204
2011-08-31,284.00366592476763,273.7039438389232,279.39736107202293
2011-09-01,283.00094949400057,273.8829724002943,278.9035757432644
2011-09-02,282.2617733539881,274.63547903551256,278.5789024152108
2011-09-03,283.33231316680997,274.5025678835307,278.8211721551293
2011-09-04,283.0941852635689,274.5745133576058,278.86147722103266
2011-09-05,283.8015073426238,273.45892196109185,278.98727245382827
2011-09-06,284.56379846811484,272.8024913407974,279.1838055486205
2011-09-07,285.19941182094067,273.4240992807034,279.6004360159762
2011-09-08,285.38714898100227,273.62994186206555,280.1693852166104
2011-09-09,283.9040755674459,275.39454894576835,279.4712297244746
2011-09-10,283.42564842140024,274.2327958284518,279.00149170330883
2011-09-11,282.8579602929692,272.98908806598104,278.34496923136254
2011-09-12,283.912183360612,271.76609901433517,278.3172213264344
2011-09-13,283.7545234476154,272.2293788296962,278.4921310020683
2011-09-14,282.69748464305496,273.66619576638715,278.21610401797494
2011-09-15,280.82830020596293,273.54222487461584,276.8776550087674
2011-09-16,277.5924499039991,270.4541134475854,274.59701621296625
2011-09-17,278.47436727252176,267.20458221390436,273.5127948804162
2011-09-18,278.17370611953675,267.6605662639317,273.35417817711755
2011-09-19,277.5967653566198,268.5808063693037,273.360916939796
2011-09-20,276.90791669776314,264.07117265448755,271.6606711990902
2011-09-21,276.440107818426,263.05835246623906,270.2683106455618
2011-09-22,276.4925605395468,263.21029862190096,270.3602786811144
2011-09-23,276.4764368826015,263.2502210787957,270.4329088860333
2011-09-24,276.787085464115,263.27740266949104,270.278040898085
2011-09-25,276.8724067958925,263.5646773428387,270.99539399486406
2011-09-26,276.340603811762,263.3699578457364,270.5134061283588
2011-09-27,276.1775735608759,263.20817402926355,270.0789754767367
2011-09-28,276.90645581485626,263.3122733124753,270.2950288926533
2011-09-29,277.8207122219955,264.32194136898414,271.5793052021797
2011-09-30,277.71727170598496,264.6125100633738,271.5533494172196
2011-10-01,277.01552447633713,263.7295717764649,270.5916568009224
2011-10-02,277.67630744750954,263.7786733719302,271.4189495666782
2011-10-03,279.5268734637271,265.9352864323584,273.27209683581805
2011-10-04,279.49174665792793,266.26403141559814,273.33434789686675
2011-10-05,277.3681553720583,265.88003177860577,272.13351231443346
2011-10-06,275.48056875009416,266.3948313201699,270.90277179861744
2011-10-07,273.67038939568624,264.8793159238586,269.62740881883667
2011-10-08,273.16789020629227,262.8961601771794,268.3228513429084
2011-10-09,272.7248340550916,261.07015106711975,267.3369469529815
2011-10-10,273.33383772177615,260.48454039876054,267.3343354027685
2011-10-11,275.0195082515914,261.0171752217058,268.2744539655528
2011-10-12,276.2448654273675,261.76456244958473,269.18838203217825
2011-10-13,277.04701718610505,262.6249092031261,270.53907408447947
2011-10-14,273.4821522297018,260.7055281944279,267.7442314132678
2011-10-15,272.3849963606978,259.5326721212383,266.0762744860889
2011-10-16,272.21370381214945,259.8259509287223,266.3083456589106
2011-10-17,272.08450849658084,259.33478798509634,266.0525696475046
2011-10-18,271.255492582186,258.7116984542384,265.0154533288426
2011-10-19,271.6130902669425,258.55995300417476,266.0058137811316
2011-10-20,270.49207287344393,261.64520773458565,266.07101371686036
2011-10-21,270.37052262784766,260.42192613855616,265.5935054174035
2011-10-22,270.41806998557615,260.9471118660631,266.324079094232
2011-10-23,268.9136936804676,259.8412699568175,265.14668976054145
2011-10-24,267.0235170189277,252.54875359303762,261.0362803721977
2011-10-25,265.20008954668475,251.08912256110887,258.5780712589898
2011-10-26,265.734791824609,251.7918197630257,259.58551203899987
2011-10-27,267.2879278950148,255.27392152691206,261.1000641536756
2011-10-28,268.43681762285246,256.4678969922404,263.0520238299915
2011-10-29,268.59792195434204,259.2763281154572,264.16091221332937
2011-10-30,268.93883958973277,258.590526897745,263.92579875686846
2011-10-31,267.6139376713865,256.79551806739147,262.4463643486341
2011-11-01,267.20415950962774,256.7676818047736,262.2078292623952
2011-11-02,267.3089237029394,258.145645517464,263.02491236164326
2011-11-03,267.26382960669696,258.3096855767967,262.838747544774
2011-11-04,266.733191585469,257.70727608329037,262.5783714631593
2011-11-05,264.90833404774526,252.3456607990276,259.47485128949614
2011-11-06,262.33946117392594,249.6441833752407,256.36142512284255
2011-11-07,265.261847465953,252.45126255661128,260.23472371682504
2011-11-08,267.76285559350646,258.70716500506074,263.90120961791047
2011-11-09,269.442690036879,262.17589789492826,266.13088076930023
2011-11-10,269.4312172015546,262.2104350560074,266.2283549269533
2011-11-11,268.2276438392223,256.8742366274666,263.3340764808645
2011-11-12,264.6822106684363,252.5235796815187,258.99399483176575
2011-11-13,262.6294829865953,251.10233346895797,256.8514820871762
2011-11-14,263.2161172170857,252.19175788842304,258.75778412086567
2011-11-15,264.17343069656346,254.49762573556484,259.6765377518095
2011-11-16,261.3848358368354,250.48080096371655,256.20971510966314
2011-11-17,261.87207121366043,251.65516414087716,257.53349667872334
2011-11-18,264.6722954818072,254.6011106669348,259.9752581859362
2011-11-19,265.44478938333833,255.82554043107103,261.3541888437232
2011-11-20,265.219775891893,253.0286222449154,259.2115258415731
2011-11-21,263.70520531242727,252.14502422299128,257.94156439955225
2011-11-22,264.03558446868254,253.93480426088712,259.314585203569
2011-11-23,265.39367700938976,256.35672466684304,260.41401085003054
2011-11-24,265.5698028311597,256.68805080297693,261.0165575869842
2011-11-25,264.860320907742,254.2734370744384,259.3679296974417
2011-11-26,263.7658180298886,253.72732147845946,258.65869729420314
2011-11-27,263.6016548279557,254.02991137924653,258.5031205690133
2011-11-28,263.61564376893546,252.29346899430521,258.2237839529455
2011-11-29,263.11720846992336,251.29197088317994,257.4913076605725
2011-11-30,265.07537652651285,254.15320808093082,259.7180772393664
2011-12-01,267.79351375770773,256.0425757440204,262.82101050340344
2011-12-02,265.5132330386688,254.66482625095247,260.3080961957899
2011-12-03,264.3376699843597,254.5212115079146,259.38443703054617
2011-12-04,263.66862775069586,252.63942338293643,258.22280831073806
2011-12-05,263.3294284261329,254.66331149318867,259.27650138581623
2011-12-06,262.2959481155376,252.38612810547292,257.4911503386791
2011-12-07,261.6278577122904,251.85330108428897,256.9123786784954
2011-12-08,261.1168396866313,251.73466108314082,257.51083652941736
2011-12-09,260.99603120289675,248.49762356211792,255.63202327042652
2011-12-10,256.788064799495,246.24952561450147,251.4545124835986
2011-12-11,256.4282081896746,246.22429462415815,251.13284818971152
2011-12-12,257.15017945720297,247.42202039067413,252.37411032237097
2011-12-13,256.3094318309611,245.6729300604558,250.97530453277662
2011-12-14,255.99521156518114,246.58002690351194,251.25030169611043
2011-12-15,257.26941230756523,246.5638548410033,252.04782538919332
2011-12-16,255.7504789717143,245.99469111012175,250.5294164113102
2011-12-17,257.3147238537133,247.55007032225564,252.90324971620805
2011-12-18,259.65496478779016,250.0645085306002,254.8525802459692
2011-12-19,258.9094686559636,250.42264284638125,255.63969613573
2011-12-20,258.3421400527923,254.03059249023548,256.30906281780824
2011-12-21,258.24267983859636,249.03728949650014,254.5164157150069
2011-12-22,256.21378973720755,245.58364514684803,251.2428747999909
2011-12-23,254.43061504874427,245.9299417539158,249.91133230248477
2011-12-24,254.8832883968062,246.20513620193904,250.75730729567815
2011-12-25,255.75375962098653,248.0013554325039,251.58894158893693
2011-12-26,256.4461916566017,247.24010446649694,251.66462314459633
2011-12-27,256.77982541061704,247.99673100942334,252.759530589654
2011-12-28,258.3367615027295,250.07485521108185,254.3124481179109
2011-12-29,257.64889697009136,245.8845350997894,252.19173986450446
2011-12-30,255.5901220590481,245.07904864455512,250.43931015816003
2011-12-31,255.57321749019061,245.9034901983789,250.6028621592583
2012-01-01,256.1936135518859,245.78580584740126,250.75483441380032
2012-01-02,254.84192412949454,245.19062388076526,249.72274379365527
2012-01-03,256.15888167649166,247.26057936710848,251.6603061469563
2012-01-04,256.3607569962311,248.57164204287028,253.0633338997998
2012-01-05,257.4182265835953,251.0137225141226,254.33281934729206
2012-01-06,256.45469247461943,251.74638051434016,254.12753437004176
2012-01-07,256.39578716503854,249.45518139883583,253.372439386
2012-01-08,254.1050242318949,246.2226722346497,250.40435178163665
2012-01-09,253.53527461247555,243.71222907119753,249.0018347714528
2012-01-10,251.10308971483872,242.21938705923648,246.6140152505472
2012-01-11,251.00553042190467,242.26047025495873,247.16263055231414
2012-01-12,251.08388205514365,242.52861000498206,246.74647469838814
2012-01-13,252.78174983370596,243.4228431964554,248.6300542046302
2012-01-14,255.91727075763666,247.81419792627727,252.77444559722477
2012-01-15,258.60927511193495,253.49820282166942,256.3937108524669
2012-01-16,258.22640261726184,250.161766445214,254.58955492888535
2012-01-17,254.75084651099007,246.9010449463603,251.04569890768778
2012-01-18,251.81214456152253,245.16364323968986,248.36785760249637
2012-01-19,252.27433787953152,245.41792422806165,248.79459079249884
2012-01-20,251.53393965181488,243.020542267237,247.40421150095665
2012-01-21,250.68713647667929,243.0249731492288,247.46318604489443
2012-01-22,255.2806029631109,248.36893324112947,252.4959767300514
2012-01-23,256.04210833656646,246.042789677592,251.83032206823273
2012-01-24,253.17211255784102,245.25721369051755,249.2798609874779
2012-01-25,255.87422847867623,247.5724043752968,251.79408124417827
2012-01-26,255.59485239245336,245.86861405982296,251.14404053753202
2012-01-27,253.956885539741,244.39921812461986,249.83271536735083
2012-01-28,254.18401755160127,245.22445944728273,249.73390423753315
2012-01-29,252.91933164956842,244.06476370116528,248.26166054193632
2012-01-30,253.57596457180586,245.29618308722758,249.54856647908474
2012-01-31,255.43915691044805,246.4331182928152,250.8919782141355
2012-02-01,254.47541304772747,246.21124458272558,250.57238089838873
2012-02-02,257.5274264357523,249.31320032900453,253.56339843388733
2012-02-03,260.2714249747971,252.68588611262564,257.2635270644701
2012-02-04,260.82871652809365,255.83573762691574,258.52310156473686
2012-02-05,259.6559638922352,251.84139884679198,256.6433672543326
2012-02-06,257.22751040073865,249.44262959502794,253.61791508068256
2012-02-07,256.1260612955347,247.4911146708061,252.171404124172
2012-02-08,254.64599294688728,244.03245299964976,249.7746153715035
2012-02-09,251.87608120708026,243.3622548262679,248.0194896034566
2012-02-10,253.67049361376525,245.48700256271727,249.55942722440122
2012-02-11,255.09635826154374,246.881885884897,251.80143842145787
2012-02-12,257.8853851408358,251.97169169574266,255.3137529174544
2012-02-13,258.4707812496497,253.77834929362012,256.060982071304
2012-02-14,258.3466638863454,250.80364070246895,254.91116812541503
2012-02-15,255.39972614662688,248.01776196828425,251.8061452402571
2012-02-16,255.5178935583193,247.7192115031251,251.81986684987737
2012-02-17,254.59487749408376,246.35633157872095,251.52468983247917
2012-02-18,258.52680119727853,251.4704314735847,255.74259633782594
2012-02-19,261.3749422084351,254.6744143454908,258.65810210212277
2012-02-20,262.6458297278516,257.28029797131364,260.191174925195
2012-02-21,261.5613800529803,257.70917574497264,259.6129820198349
2012-02-22,261.00007777194463,255.9225748578042,258.83619177358673
2012-02-23,259.57788873106136,252.71418394536101,256.4302348848815
2012-02-24,257.1180676546792,250.03019396684266,253.895270117391
2012-02-25,258.0497451512827,249.94251817597294,254.43366134737298
2012-02-26,258.26853099800485,250.13435225119912,255.36898405829953
2012-02-27,262.0195744547649,255.28948357507485,258.76820637135836
2012-02-28,260.1833499032079,248.83313862753917,255.53851017703988
2012-02-29,258.0085147573776,247.9177402925602,253.77208338764856
2012-03-01,257.8671995230546,248.75946756730025,253.2525485573422
2012-03-02,257.4097565545454,247.7996158997315,252.67775236866126
2012-03-03,259.1698342198007,249.94348483348972,255.34168128750326
2012-03-04,262.3845803547684,255.52422034167546,260.00296915629167
2012-03-05,263.84662617305423,255.15574916231444,260.4509419734949
2012-03-06,260.71058719788545,252.51500782975285,256.8536384194474
2012-03-07,258.9824204211357,252.63084391782843,256.02499338858
2012-03-08,258.7185893120408,250.8239684315514,255.19495420001002
2012-03-09,257.25711984640424,248.76678209095263,253.22041743390247
2012-03-10,257.8879722123074,248.5121347653279,253.5203300237157
2012-03-11,257.97933448568955,248.57304415271417,254.3223529313132
2012-03-12,259.52032923038996,253.49122081917548,257.0921184756322
2012-03-13,261.2828272332131,255.106219861134,258.3652075454129
2012-03-14,260.8793075484905,250.11783007958252,256.81211119730557
2012-03-15,259.2637991122016,248.5072961597674,255.04516102025158
2012-03-16,262.4319128109984,254.2482342545054,259.4184978738319
2012-03-17,265.29056193457654,258.8249162819898,262.4934316244667
2012-03-18,267.0705263454139,260.61201943615913,264.2983417753933
2012-03-19,267.85368916920487,263.2289440877038,265.69397545413767
2012-03-20,266.261518345415,258.62460744969474,263.3377154217821
2012-03-21,262.3312744932574,251.12806508307824,257.54456346970596
2012-03-22,260.8897004289837,250.45826814198406,256.0254572111156
2012-03-23,263.36618414975106,254.21454121739995,259.40414939869794
2012-03-24,264.85548089128724,256.46848577286767,260.6918084512615
2012-03-25,265.47320499389053,257.3657602361957,262.3147556665096
2012-03-26,265.2931217420238,256.8560709425467,261.68366525331044
2012-03-27,265.2125657437619,255.80561201312187,261.4530272837967
2012-03-28,265.84041401309634,252.9545514237714,260.66465390821
2012-03-29,264.37117334452887,251.6934631202619,259.18048387963427
2012-03-30,265.7588724673463,255.1152625124032,260.9933378824616
2012-03-31,267.6887030869427,258.60672356312705,263.3490839082538
2012-04-01,267.93857229878284,257.5286658433246,263.2942017027197
2012-04-02,268.20222195059586,256.24766207484043,262.770807585494
2012-04-03,268.2150408008062,255.15441548871473,262.0512289940427
2012-04-04,267.2188571138149,254.4812335351572,260.77564165955414
2012-04-05,267.01956210697466,254.68710704838097,261.2325442420998
2012-04-06,266.4978976405872,253.92068609516028,260.4837491313135
2012-04-07,266.5296097072057,253.22198928513674,259.9011647735558
2012-04-08,266.8649028327457,253.2106562689004,261.1907304286282
2012-04-09,268.8849149470436,259.0520611731408,264.21578437947494
2012-04-10,268.71265328046576,259.89502630523555,265.12679254168296
2012-04-11,268.67064744484475,261.4246159965728,265.19487540760923
2012-04-12,267.2139048134228,258.1657975402483,263.3119575657651
2012-04-13,266.5455751287723,257.11511953791876,262.2367741416998
2012-04-14,266.31137817953174,254.70068949691296,261.3765463626733
2012-04-15,265.7874572084811,254.38480068668864,260.99442024700096
2012-04-16,265.9560686793784,253.2976032271985,260.4071936923253
2012-04-17,266.0868146122146,252.93725754068151,260.3957389567983
2012-04-18,266.57742555080216,254.12627718146365,260.485522356886
2012-04-19,268.0676137951139,255.71045760892991,263.1343432507122
2012-04-20,270.1580882342346,260.1343989117341,265.37296302264343
2012-04-21,270.4296016483621,258.2269830992502,264.7100890353707
2012-04-22,269.44833213174655,257.92916255549096,264.04612434340265
2012-04-23,269.4790140951416,257.94661520106166,264.0226132090013
2012-04-24,269.7554343597963,257.42194916324263,264.1483218130578
2012-04-25,269.8707753624485,257.7679558766265,264.5192844184776
2012-04-26,270.69262876676163,259.3927050995336,266.08447495691416
2012-04-27,270.40202261374174,259.53133150824016,265.3408798382314
2012-04-28,269.9923496131394,259.82653551749274,265.5996458610266
2012-04-29,269.4734438469128,262.5311193388697,266.4329037871447
2012-04-30,268.87197017597776,260.9839844853977,265.5385595368938
2012-05-01,268.67797165209095,259.6218941583466,264.82337650799025
2012-05-02,268.7125767100932,256.0589679608561,263.3493198406438
2012-05-03,269.2723917606961,255.42801475508907,263.32520701485146
2012-05-04,269.9210843061115,256.80436651723704,263.78956377286164
2012-05-05,270.0464656729817,256.8945455166141,264.93322444337366
2012-05-06,271.1967558622504,258.4111178312283,265.7764274899438
2012-05-07,271.49325537125054,258.18645653508247,266.1572877574518
2012-05-08,272.3030526759726,259.6659374378318,266.8551071268258
2012-05-09,272.4592213225061,260.46013362787494,267.1442785541113
2012-05-10,273.0306889991084,261.8195976288189,268.2490372937429
2012-05-11,272.8058685405214,263.33064491458174,268.68856996630177
2012-05-12,271.7545827521418,263.9023734376954,268.24725722190755
2012-05-13,271.9819239028251,260.95949836697434,267.49824230964043
2012-05-14,272.32950256734557,260.944940670935,267.34843629675953
2012-05-15,271.98034171129336,260.2048428607551,266.6702675237968
2012-05-16,272.4423393295787,260.1188584860105,267.3131717589911
2012-05-17,272.5712853813544,261.35656796532817,268.2508587889497
2012-05-18,273.1998721339972,262.5505318750048,268.71007911729424
2012-05-19,272.6337861618014,260.64259522926756,267.55212882307916
2012-05-20,272.4772491081396,260.6682280735498,267.7916210030651
2012-05-21,272.1843815919493,263.01553672841305,268.44333598033126
2012-05-22,272.01708839631414,262.27543682313166,267.970068534087
2012-05-23,271.9795583319141,259.84875785644294,267.18885074154605
2012-05-24,272.5503605015024,259.68122335821255,267.4098742852357
2012-05-25,273.77896147502236,263.5778303422066,269.7287535946466
2012-05-26,273.6690825297602,263.5036760217802,269.51220450731637
2012-05-27,273.9722818257989,260.3569553180302,268.35782713171784
2012-05-28,274.67525499406963,260.2765534495682,268.5756147290878
2012-05-29,275.01231023245464,261.6648851259325,269.06328513296006
2012-05-30,275.32356260823565,261.86394466623574,269.62955031776306
2012-05-31,275.7379826120026,264.46967536924507,270.90011212583676
2012-06-01,275.3683608135711,262.5492968948903,270.1444480626305
2012-06-02,274.85673906349365,261.3123625458237,268.9428355384426
2012-06-03,274.4343459836468,260.726241634868,268.4970999145066
2012-06-04,274.06777036121605,260.48478798297606,267.8794921853515
2012-06-05,275.06385430811133,261.1972660221781,269.1045057038888
2012-06-06,275.15455494731594,264.1016601245058,270.9964874960384
2012-06-07,275.55323762282256,265.9150652304776,271.41551308236444
2012-06-08,275.42030732000586,265.26091560843486,270.95335630125237
2012-06-09,275.4874541713473,264.6743020727941,270.92655510271464
2012-06-10,275.1721637842539,264.169277836929,270.33150024965306
2012-06-11,275.31707019807493,263.9677065011728,270.3952017453855
2012-06-12,275.72484117166954,263.98882964968186,270.7651639617187
2012-06-13,276.2052168605974,264.47575256975006,271.339132817754
2012-06-14,276.8645179252187,263.9254941103985,271.26152072862226
2012-06-15,277.2307395330361,263.9717536625105,271.2473903928242
2012-06-16,277.8369613943475,264.30785958084124,272.0529387057356
2012-06-17,278.53552541930463,265.31095069140923,272.9099163315886
2012-06-18,278.5170668543638,266.99458995104845,273.6203930410696
2012-06-19,278.76452576790496,266.5117534822168,273.49397216733047
2012-06-20,279.13383382266954,265.9170392536343,273.28841417577803
2012-06-21,279.6748699139488,266.264474923558,273.80904411507487
2012-06-22,280.10199863578214,267.1823729572139,274.7370459061936
2012-06-23,279.8702620329891,268.27903705844517,274.65753369690145
2012-06-24,279.51195934286216,268.4906748667356,274.4992450871322
2012-06-25,278.7839749098937,269.44093112751295,274.61762156128503
2012-06-26,278.19905678644596,267.71683048466645,273.7143355825517
2012-06-27,278.39397695339505,267.0380204123679,273.51927069295135
2012-06-28,278.82686521618547,266.95135973487857,273.5739450419824
2012-06-29,279.4041560303161,266.7180367575694,273.87490707336946
2012-06-30,280.53201338648074,267.5594122798644,274.83191613294827
2012-07-01,281.89414836535633,268.7872881251915,276.3716482238156
2012-07-02,282.589390107471,269.6353568369675,276.58501381406035
2012-07-03,283.7837163683696,269.74819362976433,277.45866977514726
2012-07-04,283.0396824397057,270.2581123010358,277.2142891639766
2012-07-05,282.4633063200664,269.60503637483635,276.59179144418965
2012-07-06,282.5301320833829,269.5114686521138,276.75501427769854
2012-07-07,282.0673201399091,269.72508796750594,276.529524282126
2012-07-08,281.55693727530127,269.45552987565947,276.1958409956616
2012-07-09,282.0818336771288,270.55873592749623,276.8893717980982
2012-07-10,282.86470786271764,270.0223250089921,277.13425424183015
2012-07-11,283.41198883573185,270.37418695555675,277.9411114695445
2012-07-12,282.9642251940083,271.4440342300832,277.75414249250036
2012-07-13,282.0037552450707,271.28958901649276,276.97881483109563
2012-07-14,281.75644403873235,271.51324596709435,277.0745030407601
2012-07-15,281.0499211985571,270.9914257951265,276.61904862565484
2012-07-16,281.5479726439078,270.39361948252304,276.61585405257
2012-07-17,282.6735585714307,269.65524557359157,277.0069179226608
2012-07-18,283.08773282119785,269.982946863569,277.3918419895077
2012-07-19,282.3971773399846,270.9047992244439,277.3132371875854
2012-07-20,282.0224447198817,271.5131117868479,277.30848461503973
2012-07-21,283.45861831229485,271.67878086678087,278.413706129241
2012-07-22,285.0544416146098,273.37813790016264,279.9960404636485
2012-07-23,285.62131117618395,273.8918267379274,280.39806394970344
2012-07-24,285.04246831836485,274.41902713788136,280.21670081341483
2012-07-25,284.2498043370057,274.5457630245159,279.6757714556234
2012-07-26,283.09854621571606,274.3695996432891,279.011046802241
2012-07-27,284.36971915237484,272.5977082586263,279.3038650758048
2012-07-28,285.268421694841,272.0664831979643,279.53025942690283
2012-07-29,286.2566847845262,273.54737255766537,280.567946776239
2012-07-30,287.1389694739428,274.4972932491426,281.4811914424261
2012-07-31,287.3457400714527,275.3767643331336,281.94404181813684
2012-08-01,287.3063664137115,276.4823117390958,282.2840981094102
2012-08-02,287.2912656081118,276.12222235858906,282.23312297854636
2012-08-03,286.07563419123704,275.8718858822639,281.1056966659451
2012-08-04,281.7137840833661,275.5038322199897,278.3846093574643
2012-08-05,281.04515316554466,273.73852769910854,277.6548000436442
2012-08-06,282.5479253329626,272.67147183760943,278.0180023467177
2012-08-07,283.2427277367938,272.21385402783466,278.44502168897463
2012-08-08,283.8224934688341,271.9071703114905,278.6617025616983
2012-08-09,283.6248602367388,272.0287045040537,278.5605395315213
2012-08-10,283.65218806558494,273.4448896964008,279.0799110584319
2012-08-11,283.39076756839626,274.11344580387816,278.98627628485315
2012-08-12,283.87780484776636,273.75473200873483,279.28469127488273
2012-08-13,284.1108922958324,273.89004649172267,279.3374003485574
2012-08-14,284.4736085665042,273.6913413069701,279.63790634789143
2012-08-15,284.13094089715,275.1091429191965,280.07203908017186
2012-08-16,284.6717704169984,275.9078721476299,280.48003940589433
2012-08-17,286.0836733384987,275.4725879760486,281.06301170652694
2012-08-18,286.8520714080175,275.6583508079925,281.9549176990596
2012-08-19,287.52205229393616,276.7058783843625,282.6018928396292
2012-08-20,287.5498615849718,277.53260572167505,282.6638214197752
2012-08-21,287.0068352503609,277.34206422719035,282.3551553641602
2012-08-22,286.5899236050913,276.57489661157086,281.79259748404286
2012-08-23,285.72616897981277,276.1452964409822,281.0915358728975
2012-08-24,286.0547353607918,275.87382273645034,281.106397245293
2012-08-25,284.8724543230397,275.68816790519634,280.38140371089116
2012-08-26,284.0536474516427,275.68609315326484,279.92191331468473
2012-08-27,283.64760855549275,274.7361102303974,279.21633428721003
2012-08-28,283.5230166463901,273.773736197997,278.97035691000946
2012-08-29,283.531596406609,272.7770403475925,278.6290625024102
2012-08-30,283.8929221794041,272.0178288278074,278.4650229153055
2012-08-31,284.92540825285874,272.71728278096214,279.45952661544214
2012-09-01,285.6265882057471,273.9614514423883,280.29901433190884
2012-09-02,285.10405397620275,274.65296041476097,280.1508899650835
2012-09-03,284.13367749370906,274.60813698336017,279.52858444349226
2012-09-04,283.5418219162845,274.1913055588566,279.19682194474154
2012-09-05,282.9247317213938,275.2467398694502,279.07629772397854
2012-09-06,282.71633583416536,275.6929570133571,278.92973304530324
2012-09-07,281.8870662546481,275.2856910529137,278.4108391098515
2012-09-08,281.69766169772964,275.2208543094019,278.3577071980982
2012-09-09,282.05418889421975,275.59279329434656,278.684653528738
2012-09-10,281.9186517206029,274.4518927444566,278.4250187135019
2012-09-11,283.10710667010034,273.3230706611412,278.6621581962067
2012-09-12,283.5751213052717,274.02309525791685,278.89394796517337
2012-09-13,283.17323420985167,274.13083244507146,278.82539407950924
2012-09-14,282.00183704623373,273.1587169815993,277.83103046993426
2012-09-15,281.1327304545823,271.31723659028904,276.6679078077573
2012-09-16,280.49188915861754,271.1096127815621,276.13310607524033
2012-09-17,277.83995937831736,271.98668295295437,274.92323051349325
2012-09-18,276.38474945057686,267.08955092497865,272.5948128065913
2012-09-19,275.27648482997927,261.78718380760216,269.40604713822904
2012-09-20,275.0212971542903,261.4018871665472,269.0651441869844
2012-09-21,275.2853337661009,262.35692578022093,269.42069669065137
2012-09-22,274.62225275485196,262.0173146647057,269.2380013185518
2012-09-23,274.2103868236762,261.16457630363004,268.1469479775405
2012-09-24,274.1740011253357,260.61192871146534,267.76090681477064
2012-09-25,274.9083229074677,261.3442283551761,268.9747569080059
2012-09-26,274.84270506204524,262.53465714305713,269.24269412713375
2012-09-27,275.4058357729705,262.4227903797881,269.41300467879125
2012-09-28,275.451179793265,262.19526068050766,269.19302736136075
2012-09-29,275.81095582333637,262.40063657241944,270.0480815875972
2012-09-30,275.92045614817977,262.2405080528326,269.96971265318683
2012-10-01,275.1707954121214,261.81669933084714,268.7828666394207
2012-10-02,274.9805429124905,261.7497256615693,268.9502634989613
2012-10-03,274.139225780103,261.88135867622765,268.43544559532256
2012-10-04,273.14278452346224,260.0819150004826,267.14873046734215
2012-10-05,272.88817386726123,259.8870087907508,266.52820414769695
2012-10-06,273.4882111084646,260.4554730804426,267.7413559578189
2012-10-07,272.80141844292007,260.19895890265593,266.8608565939278
2012-10-08,272.76153210237015,260.2721140628855,266.8840927151278
2012-10-09,272.86663971294627,261.18418392836395,267.3400078027462
2012-10-10,272.3701839735272,261.4414756521405,267.41390520651464
2012-10-11,272.0583825363008,259.8651226887662,266.3066150408001
2012-10-12,271.44766907866716,259.8456494729614,265.84090911935965
2012-10-13,270.93609208308305,260.51884989141814,265.9487164882403
2012-10-14,271.19662455507085,259.8880119385946,265.88832548138515
2012-10-15,271.67095816390395,260.4717181664256,267.0957321740052
2012-10-16,270.6436840299531,261.26669717479854,266.445923479237
2012-10-17,269.52777114199506,259.0660444171588,264.53771262914796
2012-10-18,269.118987531285,258.45423921629913,264.1985700787745
2012-10-19,269.11915083129776,259.89680297604656,265.3629524010987
2012-10-20,268.53007087161086,260.308004585089,265.0055310883202
2012-10-21,267.58431067630517,256.33354058794345,262.68738606783535
2012-10-22,265.46191051665454,251.9754251446916,259.46938749027106
2012-10-23,264.0176770356641,251.62316770404084,258.475885089815
2012-10-24,263.9103339438441,252.43545576921795,258.35101544781077
2012-10-25,264.2400639793491,252.69447362284018,258.4386186887872
2012-10-26,264.4028356045763,252.6615994068756,258.575641294651
2012-10-27,265.68971537812024,253.83102010813934,259.905011398131
2012-10-28,267.40879483429586,255.81686212447192,261.83862601794294
2012-10-29,266.98687817057527,254.7794025236351,260.84563651777216
2012-10-30,267.766548660119,254.36662224537227,261.21185317281953
2012-10-31,268.6381084188963,255.86870913009471,262.0272326193178
2012-11-01,268.40186877089553,255.69228744602677,261.7433430635271
2012-11-02,268.28646390738805,255.55490569129265,261.9186453300835
2012-11-03,267.2631730123414,253.43476547211372,260.28860646712434
2012-11-04,266.6046822296604,252.86167843087364,259.597081799661
2012-11-05,266.0821217456724,251.39944395132213,259.33886309529805
2012-11-06,265.54335880125893,250.67600282864288,258.7839541370901
2012-11-07,265.3393800258342,252.247013373186,258.66214800701385
2012-11-08,265.4275510400589,251.9116585975305,258.59573620311556
2012-11-09,266.01752290229297,252.402662207814,259.40943550616936
2012-11-10,266.00858860644905,253.3743843305718,259.6983345306495
2012-11-11,266.66254459052425,252.81690578833144,259.8583467558427
2012-11-12,267.6176871184438,254.52995310003433,260.91418471009524
2012-11-13,266.4027709078985,253.86651787932416,260.07410917705306
2012-11-14,264.16751197320224,250.5184349377385,257.6419107819806
2012-11-15,265.96715657458174,251.15606604205448,259.5707798605617
2012-11-16,268.23620150685514,256.13820572573445,262.338285673127
2012-11-17,266.0583488400183,257.9251792762865,262.1029716234954
2012-11-18,264.5585599840562,255.25331803030932,260.1888480653604
2012-11-19,262.9922808713334,251.96852151195873,257.9750640419185
2012-11-20,262.400892738618,251.08466780857023,257.4818538905845
2012-11-21,263.0083799617584,255.29766649869615,259.24088960407147
2012-11-22,264.41178446124326,255.08460340065054,259.9107382463034
2012-11-23,262.85774623687973,254.54268494767385,258.78357189874606
2012-11-24,261.15939379061933,249.01683847737476,256.0753121526131
2012-11-25,258.7095493200803,248.2502487880432,254.56374234972063
2012-11-26,261.2741616046645,250.40061424032316,255.8936565471772
2012-11-27,260.6321769789503,250.5255593118255,256.3560674182519
2012-11-28,263.11262488353776,256.12332353134985,260.09157280927155
2012-11-29,261.09054642745053,248.46817750800557,256.8735060009604
2012-11-30,255.81160058222997,244.84853682787218,250.65133608007483
2012-12-01,254.32482238742614,244.55988828129404,249.11438126726907
2012-12-02,255.63058716757303,245.37249315643717,251.0609721851739
2012-12-03,257.3451594494652,246.95503987712547,252.33077829565997
2012-12-04,256.92722617712906,246.49192909291142,251.8458493046766
2012-12-05,260.1922272988734,249.15150479205099,255.8574022146062
2012-12-06,261.27934951817184,250.92271354768766,256.05295847598774
2012-12-07,260.9192196789377,250.51706493531418,256.4807817917976
2012-12-08,262.4761859181416,250.94945274609358,257.20148787005473
2012-12-09,258.33895815907204,246.2439748332339,252.67839163097216
2012-12-10,258.58875096647887,248.34796639695696,253.7287306948872
2012-12-11,258.39621344053586,249.9158247839715,254.37256401347327
2012-12-12,257.93692087277867,250.2569065831676,254.56775594857515
2012-12-13,258.9610542533112,252.97084767564112,256.71670359671094
2012-12-14,260.1544336394807,255.4961711409318,257.9930288997774
2012-12-15,259.93948152176256,255.0336324735634,257.5874550751642
2012-12-16,258.7530707828967,252.97751467421185,256.12726986427975
2012-12-17,258.0221716180233,250.5943279976409,255.4037997077609
2012-12-18,260.7504230084475,252.75790341848975,257.5328260876743
2012-12-19,256.52101252095355,248.45158490853942,252.8098734954283
2012-12-20,252.93247671458087,245.55192872901233,249.13667297290922
2012-12-21,253.12115613526169,246.22540393555914,249.32975214680383
2012-12-22,253.93054246274883,246.75409036516257,250.31481050995427
2012-12-23,256.3973937951214,249.01557652218116,253.13224584174898
2012-12-24,257.8106280576026,249.02572475724028,254.08202882843096
2012-12-25,254.7131252036468,246.0302534371579,250.65544570802751
2012-12-26,255.95209604974013,248.1339693509541,252.84486265161107
2012-12-27,259.61826760069516,254.03071257074697,257.58577524876256
2012-12-28,259.64869957278296,256.11075407628476,258.04359967500557
2012-12-29,258.8498748318622,250.26198783842142,255.71574384225215
2012-12-30,254.76791556203398,246.24897514516888,250.84618166089223
2012-12-31,254.25324039366475,246.64450069208377,250.7810710437818
2013-01-01,256.08526394908245,246.3890642788023,251.97347003615607
2013-01-02,251.42233282968635,243.98610400152145,247.7121455017593
2013-01-03,251.78988462687514,245.08029944202744,248.3211940730424
2013-01-04,253.0452373854242,244.22212896772197,248.79194366225053
2013-01-05,250.6732982111947,242.64882593844786,246.57223198299096
2013-01-06,249.90781292415548,242.29006398958222,245.71370586183153
2013-01-07,248.7629894974013,241.5328422472664,244.66012378626408
2013-01-08,249.8785848997953,241.38032265299861,246.71657912049372
2013-01-09,254.42125443871834,244.90564490686754,249.71894312155797
2013-01-10,252.78425072929332,243.86829628824574,248.23969362039844
2013-01-11,254.72886102274254,245.49432620913933,251.01259630949608
2013-01-12,259.74745729245956,252.21308376443656,256.80302751325894
2013-01-13,257.285165312695,249.7980729093394,253.68570315236303
2013-01-14,255.10696946971984,247.98920280381463,251.81199851127204
2013-01-15,255.95736772700164,249.1518535632716,252.4389736955972
2013-01-16,256.51791670571197,250.0749706075211,253.10600119868775
2013-01-17,256.52073115925333,251.33118753835518,254.48815179048245
2013-01-18,258.0763638956083,253.5531430389771,255.83790522647794
2013-01-19,256.14865436058557,248.94538327126844,252.9676853338034
2013-01-20,252.74912892824113,244.39957410617703,248.77878899224686
2013-01-21,250.86298125640837,244.2911651852377,247.43709671572745
2013-01-22,251.39095025905507,245.29770311255677,248.78646387823397
2013-01-23,254.00827226836017,244.8640858088127,249.97911283286564
2013-01-24,251.73805911733785,244.08832084040077,247.88167939239037
2013-01-25,251.84451637379553,244.6370947218994,247.83061357141915
2013-01-26,251.18889454379428,244.55958761981188,247.621974641577
2013-01-27,254.90700074888053,246.37103071075714,251.43623913402064
2013-01-28,256.3763124923241,245.26731882441987,251.08688328605388
2013-01-29,255.93839521313103,247.4675859523557,251.87906239129558
2013-01-30,258.536736329325,250.8805473474892,254.90093274068067
2013-01-31,259.36467465673303,251.90765141503528,255.68814517850623
2013-02-01,258.41212938368784,250.71534688425191,255.0277060895363
2013-02-02,260.5580807714408,251.90505373843368,256.69444979031005
2013-02-03,260.25501338333004,251.15454597330498,257.1058865059167
2013-02-04,261.72404884113587,257.29138016974355,259.4548270761353
2013-02-05,261.24615386283045,256.0594329583985,259.01876391552685
2013-02-06,258.1410279950227,249.1884364692221,254.95786012085784
2013-02-07,253.73711122189988,245.09229470465647,249.8611162733153
2013-02-08,251.87303595949524,245.11191124712423,248.6181093060189
2013-02-09,254.48611517014496,247.10375815740053,251.04846768056302
2013-02-10,255.3538946292137,248.70963214462932,251.8037597133272
2013-02-11,255.68262939747098,248.3574181840052,252.12019621537115
2013-02-12,257.51363884311195,248.8292167797294,253.00953387926037
2013-02-13,257.38302634507573,248.95685751335245,253.41145117129483
2013-02-14,258.6188606762618,251.09571971663894,255.1804709430282
2013-02-15,260.01193307183996,253.60239089026197,257.1893311220902
2013-02-16,260.7992437751044,252.8823145525244,257.28958654811026
2013-02-17,259.3560897972937,249.12895578875273,254.9463728053025
2013-02-18,258.2241538645866,248.62984027931066,253.32801297766227
2013-02-19,258.2470455360184,249.15815360662285,254.00882049111624
2013-02-20,258.0540311155679,248.44660875229977,252.9869149497039
2013-02-21,258.54888191049633,249.04579124018915,255.0658794366853
2013-02-22,260.3958362882294,255.31825687262582,257.98394434960113
2013-02-23,261.7863206300858,251.56600648883168,257.7077870259675
2013-02-24,260.62903082236653,250.94861901826684,256.5290735786501
2013-02-25,261.77851000481235,253.45682059911738,258.23013391242205
2013-02-26,262.7227734592487,257.11067874940176,260.24499476902173
2013-02-27,261.8047999674324,256.9083424958947,259.5338997858851
2013-02-28,259.94953137731954,250.37980469653448,256.3023591334097
2013-03-01,258.3188613286568,248.98339623747412,253.98995858134836
2013-03-02,259.2377815704284,250.98742175637375,255.11634404474137
2013-03-03,260.53019401650414,252.79738696630912,256.59244521397454
2013-03-04,262.19748820006566,253.52571880719702,257.5443415663809
2013-03-05,260.9230843918333,252.66168703357877,256.1590939871613
2013-03-06,261.07846220342617,252.26357100814332,256.16337054175807
2013-03-07,262.4264878688199,253.03109851954682,257.4947055836172
2013-03-08,263.37615644148246,254.6435231046645,259.12602823650457
2013-03-09,263.03977591039956,256.843930076613,260.1895239866339
2013-03-10,263.6831212716336,252.45354276028044,258.7226261825389
2013-03-11,263.6465602288726,251.75931849788668,258.67475628803595
2013-03-12,265.02106407360526,255.90705040086564,261.0876938100571
2013-03-13,265.1719545915965,258.26320920221934,262.3504620344376
2013-03-14,265.748862668902,259.2390369435527,262.60682381338273
2013-03-15,264.2379286557927,253.3446118343655,259.61746717643445
2013-03-16,262.9048487554899,252.47244708790623,258.452159229192
2013-03-17,263.1864599770937,252.88394358504175,258.3411461182629
2013-03-18,263.3489139061567,252.92443997990017,258.7652883231869
2013-03-19,264.1172610929075,254.44479156088263,259.3940165553787
2013-03-20,265.9115587101048,256.66783273998897,261.6998710178882
2013-03-21,265.987404345303,252.7083663193441,260.3546502921621
2013-03-22,265.4043974177231,252.74878841216352,260.88144268966084
2013-03-23,266.9509496060602,258.7223691699471,262.8858320805065
2013-03-24,266.34717718531624,258.3513074395472,262.8384434813617
2013-03-25,264.96176393064854,252.25581441610933,259.51678839922346
2013-03-26,263.84664778568134,252.33769630192293,258.75149521728724
2013-03-27,266.52617002812286,256.66439861576293,261.5910603634414
2013-03-28,266.41724248346725,255.31029138015114,261.00892705070794
2013-03-29,266.5150177758642,253.02548610072037,260.5319684532446
2013-03-30,265.76755627387814,252.64699743002467,259.146316401385
2013-03-31,266.03126056622045,252.1935073083295,259.9997392889263
2013-04-01,266.38251903359117,254.76982584298173,261.37895601449685
2013-04-02,266.50304001625983,257.9597704951162,262.47300532947673
2013-04-03,266.7411710760629,255.88827046049508,262.1696436691249
2013-04-04,265.4830242203281,253.592412287813,260.32957315902576
2013-04-05,264.39341405029626,250.78868218496612,258.29640342428263
2013-04-06,264.7220425142831,251.28448152205885,259.3875427652454
2013-04-07,266.8093251140609,256.3997920554409,262.2260073929642
2013-04-08,268.555237781589,258.0893695946504,264.1213653283985
2013-04-09,269.58582812615975,259.2189387210023,264.8276471952557
2013-04-10,269.2304663941857,257.5763741850632,264.07901859011344
2013-04-11,268.5370866717401,256.0250395878144,262.81209251184697
2013-04-12,268.2505811046167,254.97048199586612,262.5326278199035
2013-04-13,269.09187513431056,256.54947649315983,263.32586720287213
2013-04-14,268.62209824979124,255.43351711650735,262.21407574696195
2013-04-15,269.3272632417618,255.96234045374857,263.4857157860391
2013-04-16,268.2298465850432,257.34392293732867,264.20272429162196
2013-04-17,267.79480806084507,255.15498449640464,262.5683528037325
2013-04-18,267.4198570745633,254.648158165394,261.9170713731212
2013-04-19,267.72163756126326,254.24239812592037,261.58897463463086
2013-04-20,267.9715603748414,256.6117336899335,263.6027464982372
2013-04-21,268.7959508466884,256.77629812242486,263.84918832884796
2013-04-22,268.59862044523635,256.07405464326223,262.81291687512226
2013-04-23,269.2929286936392,255.4863070150773,263.9853734317262
2013-04-24,270.34242032419786,259.92113477245294,265.5135541011463
2013-04-25,270.6327400546807,260.7984101538181,265.9802706897218
2013-04-26,270.21706232558415,261.37295229310917,266.35946115362196
2013-04-27,270.4307219046285,262.06546735639245,266.8304537908447
2013-04-28,270.3542948813567,261.9102341126961,266.5625756104094
2013-04-29,270.7168350475363,262.6514485325454,266.974564148429
2013-04-30,270.33288929765695,261.7445872530182,266.2263623858742
2013-05-01,269.3632460665449,259.02986919857415,264.7623542504295
2013-05-02,269.0274893222898,255.99521321171366,263.6457349045648
2013-05-03,269.55451512999883,256.2581692443726,264.1447797343732
2013-05-04,270.5069905867326,260.2780530652717,266.0486584941503
2013-05-05,270.6025047244541,262.34198020761045,266.8623028671306
2013-05-06,271.35098362574723,260.6520961628522,266.76180000276247
2013-05-07,271.1946774515417,260.47149376302406,266.3892868115686
2013-05-08,271.4232638289759,260.29020181706477,266.5251200305063
2013-05-09,271.419280339021,257.7516342317369,265.50037352544695
2013-05-10,271.9862313765043,257.65747264055796,266.7334764669372
2013-05-11,272.17135193202193,263.1629785761676,268.1448365012072
2013-05-12,272.00690301093147,263.15884404959144,268.1724391307739
2013-05-13,271.8794828384381,262.17656133240473,267.77641640128564
2013-05-14,271.58392965556106,259.09244909389093,266.49756587965305
2013-05-15,271.0232878815668,257.0865253264221,264.76178437539403
2013-05-16,271.66406528592444,257.83228179453755,265.3816740806466
2013-05-17,272.736759022089,258.83356295755857,266.4949608480725
2013-05-18,273.27129524542886,260.41090283672247,267.3517668817031
2013-05-19,274.03841975827544,262.1232146707775,269.0659426491508
2013-05-20,274.6410350697589,262.58565303263975,269.3882298039833
2013-05-21,274.83632990316323,261.5422140955768,268.85568950942127
2013-05-22,274.45622490367816,261.08040572885477,268.18726697850974
2013-05-23,274.7283881121608,261.10775874267625,268.53459428009137
2013-05-24,276.3175475449485,263.3213002797697,271.3943784965366
2013-05-25,276.0328878697625,267.6415194297518,272.3126585667329
2013-05-26,274.9572059222815,267.90723645921304,271.7759245655686
2013-05-27,274.1075749077754,266.4015619897846,270.589368726726
2013-05-28,272.96329589993525,264.36869427863445,269.3162068576744
2013-05-29,273.21296283547116,262.91280970832804,269.02103946340395
2013-05-30,273.8545566409457,261.10688328793384,268.02957013732106
2013-05-31,275.0279943231476,261.1406539906692,268.7892547721644
2013-06-01,276.4996585176496,264.2407637427932,271.0241670254181
2013-06-02,277.21471582182477,266.65566900030757,272.4596457655763
2013-06-03,277.03797798342623,267.9548119308109,272.73156187991265
2013-06-04,277.6292415092264,265.3709186444502,272.5060794341835
2013-06-05,277.441265024416,264.7009910232031,271.72083544267844
2013-06-06,277.4897182678488,263.5291082980197,271.66623805356596
2013-06-07,277.5837596326527,263.0750762443138,271.30690012832605
2013-06-08,279.1930908331543,264.6114993199318,273.39341371370995
2013-06-09,280.44623401501775,268.4968528778197,275.01127957908085
2013-06-10,280.75719475802646,268.3747857228588,275.41218309588925
2013-06-11,281.8503190087285,270.4974162071194,276.7629277646203
2013-06-12,279.6464131716658,270.20382361826216,275.11374624006737
2013-06-13,279.19359537484206,268.56804506002015,274.222160877971
2013-06-14,277.7212447696435,268.22183505199206,273.76965749642676
2013-06-15,275.46730506027717,268.74441890863466,272.70186120925905
2013-06-16,275.17199271578716,267.1310465981908,271.7879288803097
2013-06-17,275.5652902384849,267.0527256872278,272.0107983698568
2013-06-18,275.64457825222513,264.87996895766986,271.37883790877436
2013-06-19,276.6026391965408,262.72904304141247,270.9352160023944
2013-06-20,277.83849482644536,262.4683423462805,271.56310606962484
2013-06-21,279.63540118112405,265.33583443819276,273.5600576788899
2013-06-22,281.2132140701932,268.1406196749162,275.30065698061065
2013-06-23,281.3564380194946,269.16728575202865,275.90084916027484
2013-06-24,281.66199462682823,268.8241300525884,275.9025622766103
2013-06-25,281.91530074389385,268.3567979596015,275.89087243146554
2013-06-26,282.1986290984374,268.42700289789417,275.981923671172
2013-06-27,281.4626112167473,268.9323028191373,276.4072887478942
2013-06-28,281.06748391503186,270.5896714453371,276.46052405483323
2013-06-29,280.5414896703875,270.6321500110522,276.1112392254369
2013-06-30,280.69554847461677,270.5231499772804,276.15242449621434
2013-07-01,280.6502660963175,270.6588501950842,276.06755621394257
2013-07-02,280.418986659906,270.49179242166343,276.28794481862224
2013-07-03,282.09509173250314,269.29864899454685,276.8161315541001
2013-07-04,283.0628739955568,269.5455525420532,277.0601019089273
2013-07-05,284.33917383451364,271.26050820749634,278.8037900951357
2013-07-06,284.44339355097924,273.02863520789003,279.5081041603375
2013-07-07,284.1534174320461,274.4104538495066,279.7065730405667
2013-07-08,283.0472915319789,273.50463235555594,278.65011476729865
2013-07-09,280.91568054543416,273.4231313541337,277.4822958597027
2013-07-10,280.07911997901607,273.1449707352375,276.82410834948956
2013-07-11,281.51935519941753,272.1586211229487,277.4924442888052
2013-07-12,282.44864479440434,270.4911629474604,277.7124762387516
2013-07-13,283.5513577246792,270.1860179670577,277.78929518335985
2013-07-14,284.55867500989547,271.02850325906,278.95716592965124
2013-07-15,283.91634493873244,272.88524653831996,279.2869745124856
2013-07-16,284.8381555451359,273.1316326410887,279.74998900289796
2013-07-17,284.5288992561508,272.60441196865116,279.14787799675025
2013-07-18,285.7684638255514,272.62765683361056,279.9668178493498
2013-07-19,286.03959030791435,272.8964110410761,280.05903134174537
2013-07-20,285.0895087738924,274.230524570974,279.88906612166494
2013-07-21,284.9980436249423,274.2156367295901,279.6486851950635
2013-07-22,284.6263716249342,274.16789707918724,279.69327917385806
2013-07-23,284.317886988776,273.7013407682153,279.49086989682695
2013-07-24,283.3953653761705,272.13218888215647,278.38613889513243
2013-07-25,283.1819923049638,272.1208029824111,278.3504500769897
2013-07-26,284.9987391114548,271.8613441406648,279.49919704021937
2013-07-27,286.928789999964,272.70194246084,280.71379021075137
2013-07-28,288.05033114241405,274.31039824065925,281.8408558702604
2013-07-29,288.7517448414354,275.07241895138264,282.35430190106484
2013-07-30,287.66889006573314,274.9954339312256,282.2271504097768
2013-07-31,288.6290306765028,276.5766042241859,283.04887711599895
2013-08-01,287.5083661782245,276.68676696448176,282.0893593884878
2013-08-02,285.8110599366787,276.9258838963956,281.1460912817436
2013-08-03,284.65160113517277,277.29658908791095,280.9835794791611
2013-08-04,285.3114943420946,277.09224968475144,281.12065819620716
2013-08-05,285.7677108621341,276.5426988392522,281.363392049011
2013-08-06,286.1929291161032,275.84026881366196,281.20581570247344
2013-08-07,286.29083953306457,275.8198919100352,281.603981885399
2013-08-08,286.0570379485877,275.07819256700043,281.07457049869817
2013-08-09,287.3022347156163,274.49111529366,281.58455464444376
2013-08-10,286.96114403635596,274.90585876577757,281.34212800967805
2013-08-11,285.78461764255786,275.30921593225,281.0583774553545
2013-08-12,285.41642049429834,275.7352657688696,280.98001538388564
2013-08-13,283.21271865894425,276.65295773631703,279.7016375075514
2013-08-14,280.3199486523203,275.3040346403232,277.64842757088115
2013-08-15,280.57083801976876,274.4750760788111,277.5762554942154
2013-08-16,281.4438316694197,274.6558613584325,278.2181762868844
2013-08-17,282.30041798878324,275.27843249376826,278.80170940326155
2013-08-18,282.9940609283665,275.1370082515432,279.2958681006414
2013-08-19,283.496613588785,275.56248469414317,279.4709543476415
2013-08-20,283.67663509662725,274.65111279347235,279.48160276880066
2013-08-21,283.64300714721156,274.4463359588986,279.24918618783806
2013-08-22,283.9289669926089,274.2766826265337,279.5573497912059
2013-08-23,284.8122500699328,274.62437181958694,280.2876620402006
2013-08-24,284.79891581752963,274.9406928341116,280.1071591659135
2013-08-25,284.0139944020023,273.9786031869665,279.4975645310203
2013-08-26,284.6232138841653,273.49225881401,279.71242021510295
2013-08-27,285.06370043079164,274.29391256989646,280.1557598045909
2013-08-28,284.24780006991574,274.41219932556254,279.50527480279226
2013-08-29,283.4995814651368,273.49590189600735,278.8575084086423
2013-08-30,282.9714254603132,273.178575275081,278.3302054914211
2013-08-31,282.5880718840876,272.68946979257805,277.9141272150294
2013-09-01,282.11968542233313,272.10476645672003,277.3751849119533
2013-09-02,281.8738534981625,271.10207230962885,276.92449658344833
2013-09-03,281.0789839093438,271.0869659702999,276.29080964565185
2013-09-04,280.868488279794,270.66367796183135,276.07721638145625
2013-09-05,280.71065442812056,270.01879737144117,275.9904099116751
2013-09-06,281.96191620192434,270.25538356732864,276.56882725299323
2013-09-07,282.81858868220945,271.0453990662353,277.49814878867744
2013-09-08,282.9499283526385,271.3624386788375,277.5799482451311
2013-09-09,282.46971428993527,271.52553945129426,277.3598457303338
2013-09-10,282.87678359483334,270.54319366001545,277.3739714575257
2013-09-11,283.75000613583114,270.41596278111473,278.02727226799277
2013-09-12,282.6340618072549,272.21421545642994,277.6428486622227
2013-09-13,280.6046080561921,270.515979270476,275.8077023241348
2013-09-14,279.4481543871886,269.08681873997403,274.3432121953571
2013-09-15,277.66867445187,268.07334905289537,273.01577845082767
2013-09-16,276.3334315406806,266.2880478550757,271.66662858129763
2013-09-17,277.094638873579,264.73783039185423,271.5515036218136
2013-09-18,278.59146934306244,265.44116734081234,272.7374208749905
2013-09-19,279.632537309995,266.1127801945713,273.5066499514609
2013-09-20,280.75817156345755,267.47937155225475,274.81872892286157
2013-09-21,280.370913222224,268.27943217072897,274.817037472116
2013-09-22,280.9575944589996,268.11692617228795,275.1996778625308
2013-09-23,280.4248540499751,268.5588341069237,274.98055583674994
2013-09-24,280.13854249615594,267.76959613036087,274.33922825239114
2013-09-25,281.12919470722574,267.16752034646504,274.8154865406392
2013-09-26,283.24139438616226,268.869972840166,276.8326231211276
2013-09-27,283.1850151162424,270.5678314190787,277.3681757678185
2013-09-28,280.3809372139369,269.61848337523423,275.258835835644
2013-09-29,279.60382549504124,267.091135545858,273.7942679599186
2013-09-30,279.6203728483253,266.7964122490994,274.0097056321284
2013-10-01,279.24067331358634,267.261249678307,273.72857747185606
2013-10-02,279.1187603946276,267.01023512056287,273.39787806887136
2013-10-03,279.917951336749,267.1386095797377,274.1103282789767
2013-10-04,280.9379632560478,268.2727292169033,275.08907936983485
2013-10-05,281.79300363462175,269.1968472676548,275.8318474558755
2013-10-06,282.5747633180862,269.27303148424147,276.3242268679318
2013-10-07,283.49643477746565,269.55537650707385,276.9223842734227
2013-10-08,283.88780025076284,270.58693706737444,277.3903612482223
2013-10-09,283.12713741786837,270.4851523455399,277.05502225782885
2013-10-10,281.2999117101879,268.81726140613114,275.3859051643473
2013-10-11,278.4910743193344,267.0901603559819,272.96666670923014
2013-10-12,276.69294881795037,267.17270611972066,272.1812292231117
2013-10-13,275.19226491032254,266.8987729352026,271.1050053145454
2013-10-14,274.5457464878014,261.8305795608774,268.8304328928045
2013-10-15,273.09645458496675,260.12044516842013,266.9048123769222
2013-10-16,272.63640116161713,259.74368079182796,266.7051506376088
2013-10-17,271.9230459372682,260.84157402271774,267.10680290224667
2013-10-18,270.80471065239266,256.4862337276945,264.43864320753204
2013-10-19,270.24217618175305,255.5175055466734,263.4984224009436
2013-10-20,270.3838402662436,257.3074448677617,263.86908642963743
2013-10-21,270.9462020197786,257.94690873822196,264.2470213847675
2013-10-22,272.3175286449763,258.06462475071913,265.41729508644505
2013-10-23,272.17710109814874,259.7754547673574,266.34675915466113
2013-10-24,270.78281009717847,257.47045510638856,264.61629249107466
2013-10-25,269.66920899899606,256.3566385360714,263.1496765030845
2013-10-26,269.93899398231304,256.84204836652475,264.4659360381693
2013-10-27,268.2384965639775,255.43634970660398,262.7017955271822
2013-10-28,266.0834911808819,253.50973064955159,260.18496577907064
2013-10-29,267.0909004707852,256.1422987444542,262.27511949758576
2013-10-30,267.22123725968453,258.4527040499998,263.3112694374142
2013-10-31,266.52856021634364,255.9615608387848,261.7872820364216
2013-11-01,264.34765692687597,254.898861265624,259.77294205723797
2013-11-02,262.4751886333859,248.9764613280323,256.33649814010096
2013-11-03,261.7678827337542,249.60656217032206,255.9598861141229
2013-11-04,263.9765924737465,251.71590406523939,259.203609867105
2013-11-05,266.24716463052005,257.5466738355318,262.4411815112799
2013-11-06,266.3787222431449,259.2530615903152,262.65491891275207
2013-11-07,264.77084381540647,255.55310773958257,260.7899992996839
2013-11-08,262.2761969094801,248.8976401331779,256.4482543518444
2013-11-09,259.8223171934033,247.0984642041703,253.38738825204243
2013-11-10,258.62642840857245,247.40545575943918,253.79562234878765
2013-11-11,259.53889797796376,248.3224913862514,254.33630276513102
2013-11-12,258.6008552811082,247.62350790842834,253.61313955272988
2013-11-13,259.759149355011,249.22871215005725,254.94077994604933
2013-11-14,258.2507468430746,246.59696977727305,252.57325825436166
2013-11-15,258.851718356895,247.47199580683076,253.14120453569714
2013-11-16,259.8393666753808,249.45308857944644,254.53412219234664
2013-11-17,260.8789314328702,250.72608145081583,255.24173552457015
2013-11-18,261.060021268427,250.61611470497905,255.70182958376964
2013-11-19,264.0114824882041,252.91547365001995,258.055098183568
2013-11-20,262.664602782132,251.46001897090562,256.8089338059575
2013-11-21,260.9256993568746,249.48228067937833,254.97793779399683
2013-11-22,263.20626585326687,250.7477069379796,257.3133897879824
2013-11-23,264.48143876580605,251.80580046389977,258.76291791124646
2013-11-24,266.1816506636672,256.04796059660555,261.04218813900167
2013-11-25,265.0557266841513,251.74523135593813,258.62745299330135
2013-11-26,262.9655117135417,249.76059432834322,256.1819793336816
2013-11-27,263.9162642343601,251.05621120008362,257.9794377233761
2013-11-28,263.12070831544537,251.20405019432087,256.80678635150264
2013-11-29,261.93113839517923,250.03021798347865,255.77625682328576
2013-11-30,263.10132570399657,251.16819257720158,256.70753197197484
2013-12-01,263.7521553761164,252.06535407667133,257.603237955071
2013-12-02,263.90538889348744,253.4689212791421,258.78833811662395
2013-12-03,262.3960321051326,248.95706734495369,255.84450108214017
2013-12-04,261.2993962519429,247.47962867262098,254.59123390095777
2013-12-05,263.0734977846041,250.46969564315708,257.3776061370353
2013-12-06,263.69303623025644,252.85959783645532,258.2398259391604
2013-12-07,263.69240634105597,254.7985275873138,259.8518934261042
2013-12-08,264.21289120262844,254.61591357242793,259.57806941824475
2013-12-09,262.3977125778585,251.7126590253969,257.1897110264119
2013-12-10,260.7378409077369,251.35766486706,255.8551403763251
2013-12-11,260.58941574507577,250.99301852731512,256.10975459377187
2013-12-12,258.5836521621479,247.07884014602925,253.02062240635226
2013-12-13,257.7685420961776,247.21536377694187,252.67450308168037
2013-12-14,259.1178380744262,249.4129929888335,254.4249241337979
2013-12-15,262.49683933221695,252.58437965303477,257.39782350353573
2013-12-16,263.93216073652786,254.10081772751562,259.5907203983389
2013-12-17,263.4428090835613,254.6592246388715,258.88618228305063
2013-12-18,260.5768519430624,251.38680144372242,255.95582589535317
2013-12-19,258.23520875478147,246.83379181510915,253.7509782635901
2013-12-20,255.3383048660141,245.5744217673526,250.5118043193021
2013-12-21,256.2946325789443,247.9959757160563,253.2798937272783
2013-12-22,257.7874119538782,250.4515819378787,254.50021652823176
2013-12-23,256.31727475425396,248.21411943383265,252.4755547919833
2013-12-24,256.1069270322817,248.46674702624898,252.1744862412022
2013-12-25,256.0095206673869,246.3525251326135,251.49075983115384
2013-12-26,254.28491816013144,244.0070338611963,249.03323541331667
2013-12-27,253.36296502454206,243.79311650791692,248.60030919430793
2013-12-28,254.2226944701678,245.14996992120132,249.95629594582206
2013-12-29,254.32788365496128,245.45871170592142,249.92355906136515
2013-12-30,254.30564504343053,246.0277575379714,249.9402622232267
2013-12-31,255.9829133477362,248.61655261390942,252.85331387969845
2014-01-01,255.18302474836244,245.18648705540483,250.66425138009558
2014-01-02,253.6079427890798,244.40621230806232,249.31058202311075
2014-01-03,255.77946262409696,246.63712376283132,251.58356348558178
2014-01-04,257.7979487868199,249.01071304224504,253.6305108270582
2014-01-05,256.2021732040192,248.1897225480811,251.99390568848486
2014-01-06,254.79221330159612,244.58420407102105,249.92603885641623
2014-01-07,253.4628287274425,243.97837643192355,249.99225337098497
2014-01-08,257.4823470375131,250.4483152675906,254.78818015269178
2014-01-09,257.1422480605197,249.60081230852248,253.78949582094816
2014-01-10,255.6336946820365,246.05321940468866,251.6995285188384
2014-01-11,252.7065976951059,243.906092202025,248.44285906644706
2014-01-12,255.9395939630297,246.19694142364546,252.52337243660168
2014-01-13,259.3113059838347,252.27140819075325,255.78926504442288
2014-01-14,258.63782924391325,247.9015068827914,253.60070289872377
2014-01-15,255.79916846081503,244.97354407268253,250.6262443807302
2014-01-16,254.94114955651096,245.53380900700023,251.08729330927193
2014-01-17,256.6034920583237,246.96195370359962,252.066335114858
2014-01-18,256.04995077271917,244.96783828094368,250.92874436895647
2014-01-19,255.1711313989003,246.0744620772084,250.688007571211
2014-01-20,257.64306295687027,247.963125649058,253.58710699122943
2014-01-21,259.7561045422734,252.76848852323624,256.5078861486652
2014-01-22,260.4733340398793,254.7836093116596,257.7908400614417
2014-01-23,259.1667017591195,250.15323913211495,255.24296039355912
2014-01-24,256.30066410383375,248.23596843225974,252.14236028213276
2014-01-25,257.5526620684765,249.12062350342626,253.42379653183568
2014-01-26,257.43693068975534,248.2789732161239,252.8433090571892
2014-01-27,255.99359319794434,246.37513116582676,251.2026442580515
2014-01-28,256.87734936178896,247.09657137380415,252.00209166459288
2014-01-29,257.06638410669945,248.85655671745707,252.51915305267494
2014-01-30,257.79191899338747,248.91009646171662,253.40467417165726
2014-01-31,258.12516116686635,249.20826740525894,254.02727986105265
2014-02-01,260.48516282187387,252.48090115038866,256.961959768015
2014-02-02,261.76659541930013,255.3290898554207,258.97458146311857
2014-02-03,260.7401465434482,257.15670294572806,259.0874501513969
2014-02-04,260.5686675043743,256.8609583882922,258.7082405621971
2014-02-05,259.65924797438356,252.9189005784203,256.92505101479526
2014-02-06,258.1085017375762,252.24534978318766,256.2280512015174
2014-02-07,260.1580281853513,251.66100668224684,257.0102310409764
2014-02-08,255.83768611588826,246.68684594247242,251.73407005085903
2014-02-09,252.796766857281,244.06980933804152,248.3662693771687
2014-02-10,252.36813053993802,244.3391060901086,248.8673014471548
2014-02-11,253.70331684643588,244.46387633139744,249.20516834735673
2014-02-12,252.47446104817638,244.16008551444534,248.2738143127436
2014-02-13,253.51574240236795,245.14642787376636,249.5965956315729
2014-02-14,255.51427496697795,247.58991841278856,251.77463053348572
2014-02-15,256.3948292073994,247.9394491422772,252.28225029156806
2014-02-16,254.03098712643197,243.9511512853751,249.3360430598447
2014-02-17,254.10624923255287,244.80759491645583,249.66214956072372
2014-02-18,256.3450451947492,247.5031562554765,252.48524473368005
2014-02-19,258.8495996566692,252.05341929002827,255.7192758803123
2014-02-20,259.867219840162,253.22676618385273,256.5765065964595
2014-02-21,259.85424742672797,253.38993414756044,256.86101764190096
2014-02-22,260.40207238395936,251.26127520801757,256.5030645599638
2014-02-23,259.4473518594174,250.40689778808783,255.0925571293203
2014-02-24,260.37131621743487,252.28383880180047,256.37144151848787
2014-02-25,260.12004284422073,251.6555046481578,255.57307018823937
2014-02-26,259.45208232981474,251.57390666726388,255.9886656519728
2014-02-27,260.5954055836883,252.24829386350402,256.8663244420633
2014-02-28,260.3036132503629,251.08200101918732,255.9751791463544
2014-03-01,260.80057158663095,250.80640031397806,256.45263402240175
2014-03-02,259.8952643627735,249.41779650259247,255.03922015197972
2014-03-03,259.48836932109924,249.825776629559,256.05423028688585
2014-03-04,261.66875561255574,255.152699235056,258.3411772321655
2014-03-05,261.0757434499653,251.71124846796764,257.09947882654063
2014-03-06,258.7963801455151,247.6002578424073,253.81248964187608
2014-03-07,259.19600164290006,248.38250434224233,254.27010379333402
2014-03-08,260.48469117008216,250.24360566945535,256.2286811411034
2014-03-09,261.5227060514656,254.54393426154513,258.49860671746984
2014-03-10,261.8607271432362,257.27883773441806,259.6868819612674
2014-03-11,263.0637159752935,257.7055048770736,260.43189449809415
2014-03-12,262.71691483447046,251.28265159691398,258.0127123066801
2014-03-13,261.1501678510632,250.37608354988708,256.54612696656534
2014-03-14,263.0879170106455,254.3551208341882,259.40223397678255
2014-03-15,264.99474329021336,258.93167326113786,262.3705329481806
2014-03-16,266.60798915514295,260.94630522365253,263.5846099663603
2014-03-17,266.53669847956894,261.2262897737035,264.02703907909967
2014-03-18,265.815681878833,257.1072994267947,262.46993794267075
2014-03-19,262.76218618267944,251.25241448940423,258.093482457833
2014-03-20,261.93505793382866,251.01429071971165,257.80279566893586
2014-03-21,263.2859130158402,255.0929187845279,259.52804839652197
2014-03-22,263.53344613454107,251.95924596519166,258.17893992938593
2014-03-23,263.42691428664756,252.23193674914623,259.19120634088256
2014-03-24,265.37631803229414,257.74160184187434,262.35759264342477
2014-03-25,265.6699836637989,257.81521015640226,262.0767747431102
2014-03-26,264.9991812291969,256.4680744772135,260.9857343702142
2014-03-27,265.8575885949565,257.5105267576961,262.4743162670012
2014-03-28,265.93886818021645,259.31293345098476,263.0710303547716
2014-03-29,265.6402350225752,256.1149367953803,261.6064081123199
2014-03-30,264.4141367976779,250.5175736505506,258.4929389096094
2014-03-31,262.5701163487751,249.70002249216304,256.7662450218951
2014-04-01,263.05082769797997,252.62030096037105,257.9009122796555
2014-04-02,264.1490436663974,254.52269702425917,259.6088271707068
2014-04-03,264.6724982017931,254.7107290133536,259.9314673303332
2014-04-04,267.3766751557997,258.41835430959145,263.53449929778594
2014-04-05,268.2588079886751,260.0844366022735,264.4636233039161
2014-04-06,267.83891277405604,260.67156493386943,264.82528254771046
2014-04-07,267.67261632325494,258.4808526256532,264.05929639247256
2014-04-08,265.53964378991617,255.51003712073907,261.21959123942486
2014-04-09,263.93851570664765,251.85516887727243,258.2392920216559
2014-04-10,263.84589796495356,251.9231434225644,258.88338104603827
2014-04-11,265.6295662272695,255.24175316056144,260.4918580383797
2014-04-12,265.30835428280807,254.74154788449925,260.90868624611534
2014-04-13,265.5556851400919,255.99673231580744,261.0888638547831
2014-04-14,264.94973576774777,255.26048972079275,260.30688863467594
2014-04-15,266.50241286174366,256.2625515122682,262.1273075172674
2014-04-16,267.33302829637336,259.2562763891193,263.5851279844719
2014-04-17,267.21756758640333,258.9674643768902,263.45383464938567
2014-04-18,267.0398236137111,259.2762687437505,263.91347952611056
2014-04-19,267.15362671936475,257.47392428384455,263.5019668041136
2014-04-20,266.1436623983792,254.24887183505498,261.2156067775164
2014-04-21,266.4150032608905,254.79815313841357,262.08238765491944
2014-04-22,268.86009390988096,257.29361175792576,263.7276787211749
2014-04-23,268.640139592456,255.51246897839442,262.63551456086714
2014-04-24,268.0419520532827,255.3980859400351,262.4351491241405
2014-04-25,269.57782544760903,258.38134597911613,264.57530550237266
2014-04-26,269.7127686787092,256.0222868172831,264.2628812747757
2014-04-27,269.1125267791849,255.2311973558431,262.93630548863104
2014-04-28,270.04675510960044,256.57312761504124,264.1514355158589
2014-04-29,271.2206604291799,259.82519229860645,265.6017535774305
2014-04-30,272.0421941853468,261.43090407104216,266.848114716077
2014-05-01,271.63614111765764,259.5691703503943,265.85354342845113
2014-05-02,271.98911416674093,259.0957990650789,266.1394154604138
2014-05-03,271.93148328717274,260.8090001676357,266.84363687281535
2014-05-04,273.0030929163474,261.8198361601886,268.2056695950742
2014-05-05,273.20444642765153,262.8550617982695,268.976951179258
2014-05-06,273.4699050747607,262.0859087564723,268.39142400035024
2014-05-07,273.4099947710302,262.0354948052609,268.31101171421597
2014-05-08,273.3910568804293,262.5204440878845,269.23073018452834
2014-05-09,274.09926752554617,264.30550630681796,269.7632207376555
2014-05-10,273.46685863206955,263.55316616249763,269.1609179949889
2014-05-11,272.54459507625387,264.34574249527424,269.16543789531784
2014-05-12,271.5745834375245,265.6908395565829,269.1992696917742
2014-05-13,271.41412087659876,264.2478789055766,268.3445501863646
2014-05-14,270.100300905594,262.0438877228888,266.7980912826729
2014-05-15,270.8285226769313,260.3929372346978,266.4159105954878
2014-05-16,271.511022419545,259.64328883913606,266.3641734822607
2014-05-17,272.6294133832901,260.195321984873,267.6511019601287
2014-05-18,273.4171613863903,261.9400442464795,268.48231657594596
2014-05-19,273.30510145744427,262.41815782272926,268.80767687335924
2014-05-20,272.86339996773677,263.8635897434699,269.2224185871403
2014-05-21,272.8303491396515,263.80750810670304,268.9726960543536
2014-05-22,272.50946154695697,262.15370031520433,268.5326227102449
2014-05-23,271.6737948635269,260.4195857514173,266.7363070507824
2014-05-24,272.28525400544487,260.2393634502327,267.1311693940914
2014-05-25,272.3803184639237,260.8428631915977,267.1554084732773
2014-05-26,272.85222954933613,261.3552690732306,267.7849221862999
2014-05-27,272.93790133939285,260.7549766506354,267.5954219533263
2014-05-28,273.9179987563028,261.4195048087002,268.4629670415733
2014-05-29,275.2631310815173,263.25086679009024,270.04355266412455
2014-05-30,274.5409440271192,264.7302456497866,270.23512686929155
2014-05-31,274.2495510281221,265.75462654746724,270.44473495768835
2014-06-01,273.9244276563957,264.7494358956668,270.0136468058695
2014-06-02,274.2835671145963,261.6831159523019,269.306250100708
2014-06-03,274.9465856249071,261.6873475466949,269.3644049271089
2014-06-04,275.9508061876309,263.0618971214418,270.5424286134617
2014-06-05,276.2621576917445,263.19956044531915,270.6173586642213
2014-06-06,276.7918130135512,264.1325574825168,271.3394058606935
2014-06-07,277.0748449126791,264.14031748885543,271.56552683174186
2014-06-08,276.4914523382902,263.2140490983511,270.6929705728636
2014-06-09,276.0857822111467,262.8833058634402,270.20635984624505
2014-06-10,275.78002584689375,262.38142987933594,269.88524768777177
2014-06-11,275.79928408642576,262.7725707744582,270.2495913033066
2014-06-12,275.70297740745787,263.93077182943154,270.54791636004154
2014-06-13,276.98073680944196,263.942091975588,271.29663294337377
2014-06-14,278.3627775815403,264.8140151053183,272.0477047220436
2014-06-15,280.32173780795017,266.5631823458318,274.35437574089406
2014-06-16,280.79987394084446,268.46002009526023,275.24808837219837
2014-06-17,280.1831187774743,270.27438095598865,275.86517558296106
2014-06-18,279.2798492321415,270.45111571259906,275.5054236397791
2014-06-19,279.71548446748716,268.6316610330766,275.15935893746047
2014-06-20,279.58450667305704,268.7515458694364,274.7212053632262
2014-06-21,279.2045101591464,268.602974219791,274.5247403225681
2014-06-22,278.41426581069703,268.64602499652483,274.1759703801663
2014-06-23,278.668042563282,267.71038864062115,273.89946096924604
2014-06-24,279.02561231789014,267.05088341512015,273.89353834390135
2014-06-25,279.71113699387547,267.3385780501653,274.2061334052133
2014-06-26,280.3811152849592,268.3788948198743,275.1796479588781
2014-06-27,281.11000876887834,268.57669433610147,275.63203530071854
2014-06-28,282.00590549508706,269.4303621643324,276.69570320647125
2014-06-29,282.23683920913317,271.30170846637805,277.3487188361449
2014-06-30,283.2289054614855,272.03534847944155,278.3579361255978
2014-07-01,283.3336006869395,272.2999473063471,278.51592045120384
2014-07-02,282.3766775658994,273.2713082353955,277.95435600533057
2014-07-03,279.98755935960884,272.93074099971227,276.8361931139713
2014-07-04,280.4884459078622,271.556420511274,276.5351858309101
2014-07-05,280.5629489371786,269.9848466081829,276.16061114783895
2014-07-06,280.71260679026784,270.2680610896999,276.2025390023213
2014-07-07,280.8249849077812,268.5458145014157,275.7065415716244
2014-07-08,281.42068958093057,268.15431078334524,275.72636667676204
2014-07-09,282.82913345638644,269.09702293205896,277.29260553572215
2014-07-10,283.45263624995533,271.69461032724564,278.4669159900963
2014-07-11,284.71564179708133,272.52167406355295,279.32813436803133
2014-07-12,284.6906041645194,273.09889288706074,279.4670252599532
2014-07-13,284.53874552755366,273.25959214684696,279.51127170313356
2014-07-14,285.04089810691846,272.85201387686436,279.6011484847987
2014-07-15,285.45134048520913,273.09374325496145,279.85478446797197
2014-07-16,284.4944150109489,274.48863917602006,279.81183699504885
2014-07-17,282.1901968301218,275.0509917671989,278.6441210250384
2014-07-18,281.84281852225445,273.5043765032277,277.9421023909948
2014-07-19,281.8256794480958,271.98813960133555,277.46038811300764
2014-07-20,283.055557219924,270.6112206175405,277.7303798548075
2014-07-21,284.66720586558415,271.2848237095933,278.9869807144433
2014-07-22,286.4353488451387,272.94760752606976,280.3911405199519
2014-07-23,287.5160982988874,274.3151697899307,281.5815766920249
2014-07-24,287.32180681543133,274.9851808268135,281.54382873900846
2014-07-25,286.7263761956013,274.83590467081774,281.1419687530844
2014-07-26,286.2914657956678,274.74318934845223,280.8404342455925
2014-07-27,286.4354414432434,274.4199082587206,280.9654568591572
2014-07-28,286.57190622139393,274.5229384064028,280.79243765476343
2014-07-29,286.32668191492866,274.5146989648564,280.9503707859738
2014-07-30,286.2056437456784,274.93572344915077,280.86509126009025
2014-07-31,285.92455727944895,275.056608095553,280.75919239975775
2014-08-01,285.2749712543144,274.6353026330523,280.30841611143137
2014-08-02,284.81664142123753,275.0963222453493,280.13267976032256
2014-08-03,284.88302289787646,273.79362476984767,279.92861274829465
2014-08-04,285.33263054369024,273.27667846873686,279.9613942137495
2014-08-05,285.9283650585944,272.93339152877064,280.235893960651
2014-08-06,286.7497673377709,274.16698562219744,281.30129070506035
2014-08-07,287.2475376537138,275.2214498501805,281.9236308532869
2014-08-08,286.1274681789988,276.13097053965754,281.34988660117136
2014-08-09,285.0796189853204,274.8499589951631,280.4716075220249
2014-08-10,285.56263276547963,274.1075457125208,280.4866371428123
2014-08-11,286.7231253304524,274.4808379786654,281.3670540634712
2014-08-12,286.86981022236756,275.7892610927527,281.7637326492925
2014-08-13,286.6421892655767,276.2361351824796,281.70570171790973
2014-08-14,287.244273874011,275.8822308574917,281.8104091578212
2014-08-15,284.54751042597474,275.0418430533125,279.6053007411968
2014-08-16,278.9464209214809,272.6593991051019,275.95802153472454
2014-08-17,279.5589388314284,269.51782325516837,275.1389920326859
2014-08-18,280.5433080410089,266.8657089876025,274.9555761091325
2014-08-19,282.214402400825,266.5487513320346,275.4483087919051
2014-08-20,283.18268400405344,268.9021037967958,277.027369474465
2014-08-21,283.1838491295861,270.2812707921423,277.33181429419585
2014-08-22,283.1452445141972,270.1170210399293,277.2212477300819
2014-08-23,282.73467476332974,270.3054027617428,277.18691200083765
2014-08-24,282.5275100066884,271.8072052155334,277.49853887780256
2014-08-25,282.52542799156333,271.87654178408263,277.5029540243479
2014-08-26,281.5001846705727,272.122395657758,276.8393704090979
2014-08-27,279.8869356205103,271.2915411613853,275.8430008820785
2014-08-28,280.23158356223547,270.7237424680681,276.0029836269056
2014-08-29,280.4344820897098,269.6415423583111,275.7709195325285
2014-08-30,280.56111281751885,269.56143201980234,275.4968639544604
2014-08-31,281.06778991013203,270.31083828566784,276.22556227313106
2014-09-01,281.63628838587823,271.21806946908265,276.92627690286736
2014-09-02,281.3615568117994,272.59705463147253,277.23547251018715
2014-09-03,279.9446483733546,273.838951928467,276.920890625425
2014-09-04,278.09405575803356,273.8347917550756,275.89763947304635
2014-09-05,277.8331970119956,273.43537105979243,275.7190696615389
2014-09-06,278.4307442797698,272.1117511920186,275.52150854548876
2014-09-07,279.0313064308581,269.0791566180272,274.5750895854845
2014-09-08,278.60298438052524,267.7079445061531,273.6167100005238
2014-09-09,278.42734642925586,267.310930322761,273.2586072414412
2014-09-10,278.5405232093738,266.5017118330811,273.04315204423335
2014-09-11,278.67815114036125,266.8827662676203,273.31657796100694
2014-09-12,278.3547361486146,267.4275356542402,273.40885132046014
2014-09-13,278.0913183441857,266.80522087882383,272.7126970866206
2014-09-14,277.39185122471116,266.17491096195886,272.2508439131256
2014-09-15,277.7046142561356,264.6930617151177,271.87691229837117
2014-09-16,279.13867522678606,265.21899314619407,272.92614413591474
2014-09-17,281.18138298456097,266.4206836628803,274.7850220242056
2014-09-18,282.32056011767355,268.75150912350847,276.2117609808087
2014-09-19,280.92450017024896,267.8770601866724,275.0602594031011
2014-09-20,279.23442385695205,267.10932825683363,273.7278613089494
2014-09-21,278.7384382186562,265.5810444529693,272.8589382143682
2014-09-22,279.1805074154208,265.44723000500613,272.7688800042338
2014-09-23,279.41564718377384,265.6779727896411,273.2838642160766
2014-09-24,278.8264527779433,266.4621098797039,273.15323780232353
2014-09-25,276.3418834414456,265.04973101470597,271.3430920774652
2014-09-26,277.7527291669757,263.89096975605423,271.6001403476341
2014-09-27,278.59959211588335,265.22272277129184,272.5933578127152
2014-09-28,277.99325705714364,265.77692900244716,272.17395031350424
2014-09-29,277.96150480130814,264.65712051969405,271.5577845289193
2014-09-30,278.88493881097384,264.86129717155944,272.5701691194619
2014-10-01,279.7184040338017,267.20026634508287,273.97688013338274
2014-10-02,280.1890868163562,267.6964373700379,274.32227062339047
2014-10-03,280.15314405902404,267.4209719751819,274.2692101204083
2014-10-04,279.67163627927016,267.1695087002581,273.71863534230346
2014-10-05,278.3734571956219,266.81413087333436,273.0006123656178
2014-10-06,277.2606481107569,265.44419693716685,271.80022764835695
2014-10-07,275.55829920183004,265.2384365155827,270.99123601588786
2014-10-08,273.1571960802974,263.58152976840813,269.06498643115543
2014-10-09,271.93071810795743,261.0965961269026,266.95373521083627
2014-10-10,270.6991198723055,258.0441213721802,265.0185152937766
2014-10-11,269.822521578869,256.10143429972106,263.3459878787342
2014-10-12,270.28026367552314,256.0664514305809,264.56346351398054
2014-10-13,270.9617492779087,261.0052751170922,266.56248170575134
2014-10-14,271.5128551491481,261.08478277527496,267.0104792154734
2014-10-15,270.64606039370034,258.42731113215495,265.4290938073536
2014-10-16,269.27807426038163,256.51667632716794,263.0552190654754
2014-10-17,268.67370903222763,254.58465610728055,261.7381723974537
2014-10-18,269.10916385302977,254.32859442860837,262.94634243616315
2014-10-19,271.05921881287327,260.74121805708523,266.44774214493833
2014-10-20,270.6004925336854,257.4559767466087,265.05533059854616
2014-10-21,270.01359520804925,256.086905270781,263.50640737269487
2014-10-22,270.45728500538456,257.028941670506,263.7832349169633
2014-10-23,271.30879676009704,258.6309129293697,265.10708179279555
2014-10-24,270.39231841938465,257.74979714238293,264.7856914284158
2014-10-25,268.6764394834821,255.21714275992016,262.1080474450355
2014-10-26,267.9026442908065,254.4851482796975,260.94512670953657
2014-10-27,268.1269982702806,254.95995218735976,261.94120138822416
2014-10-28,268.35484482279725,258.3919709067285,263.735007192524
2014-10-29,266.9884505937014,258.5368160927629,262.8798111286673
2014-10-30,266.70519298963734,256.5525961275954,261.9255569417167
2014-10-31,265.2223306440292,254.22388299264108,259.89840715929387
2014-11-01,265.85964024235216,253.5014267083186,259.8726007070107
2014-11-02,266.91826372485934,253.890899672451,261.617171249221
2014-11-03,267.1950533469003,258.67107942696504,263.20050387983235
2014-11-04,267.51268839524425,258.6436700343904,263.585087337141
2014-11-05,265.9990119953065,254.1321481540699,260.5835755760081
2014-11-06,266.9763082032648,256.38436179979345,262.9686238009789
2014-11-07,267.1334844334825,261.12294504593046,264.50766136051607
2014-11-08,264.6902096924203,253.41906096453914,260.5315528037299
2014-11-09,260.8414772203124,248.3377980003539,255.0236434944669
2014-11-10,258.5254866046275,248.0008392148646,253.45015364281798
2014-11-11,258.7366617982952,249.02908027091686,253.49344032771816
2014-11-12,258.29096627444164,249.07340835441437,253.4175005060969
2014-11-13,259.8901786532585,249.9596850916715,254.6989072234105
2014-11-14,260.3813248265246,251.1082790824357,255.1498060654277
2014-11-15,260.2189328553198,250.8751392429632,255.0700097134695
2014-11-16,260.4434852541264,250.97871159430827,255.20269752180528
2014-11-17,260.20465011172996,250.30286920787438,254.73920191868464
2014-11-18,261.5207061114573,250.93322016865142,255.9912930444932
2014-11-19,261.98371851789904,252.06086202967427,256.39866698132164
2014-11-20,262.0210246841206,251.64384376705303,256.4832443903818
2014-11-21,261.5289482691921,250.3391227565213,255.71616385473905
2014-11-22,260.66314175828614,248.88952024451388,254.8710551204642
2014-11-23,259.1616042507966,247.5220022207506,253.35176135582458
2014-11-24,262.1109671219288,249.37072444528232,256.8995842006175
2014-11-25,263.6804975690836,251.11646785662674,257.6457651201932
2014-11-26,261.7066468038984,249.34487079261666,255.91180476667802
2014-11-27,263.1605107690839,253.57291998293923,258.9536754166539
2014-11-28,262.6088837154204,253.53090807276482,258.16469697010274
2014-11-29,261.79415410876874,253.22634721448102,257.44104923863006
2014-11-30,262.6933613737861,252.69009459917476,258.19149044661515
2014-12-01,261.5986551492953,250.25267776086477,256.2606375261657
2014-12-02,263.09532279154547,251.73504063235148,257.4078501784732
2014-12-03,261.0711662540714,251.07733446611084,255.63056005446222
2014-12-04,261.51881837963515,252.31507926482226,257.3231546168333
2014-12-05,262.00065482782384,248.872948803692,255.9151556818209
2014-12-06,258.85071188421995,247.51514356051723,253.1658993960908
2014-12-07,260.4857499039015,249.94758030016544,255.8508336470686
2014-12-08,259.5976014727043,250.35895401161636,255.0169205647624
2014-12-09,258.6579712728042,248.19678919838464,253.68364953113428
2014-12-10,256.05950003901063,245.77896499158211,250.97740631378696
2014-12-11,255.0914726118789,244.8891196950417,250.4562666750856
2014-12-12,257.7915615669508,249.09609651654125,253.83106472066012
2014-12-13,259.168602429255,250.78025096017876,255.37098972077322
2014-12-14,258.99197774772136,250.10091621164065,255.03687373245862
2014-12-15,257.57479668843064,246.16966564913994,252.66328316460576
2014-12-16,255.04516767926268,244.6080090581547,250.23681687265687
2014-12-17,256.6320229322332,247.3282103764522,251.91950402031196
2014-12-18,258.5668205167284,249.33102583461192,253.75840440207986
2014-12-19,259.45423556643163,248.86183118628216,254.14613663040606
2014-12-20,258.19737615255576,248.04474094019596,253.97064320170145
2014-12-21,259.5748939641038,252.64168974980154,256.14672919322464
2014-12-22,260.20071533199837,253.8211259546666,257.7596114966568
2014-12-23,260.9938323110403,251.70012228286024,257.4235864225285
2014-12-24,258.4484867607165,249.04136820247777,254.0452326518161
2014-12-25,257.2540228489888,249.02603809726247,253.27917283815668
2014-12-26,255.04013190323474,245.06073687952883,250.52930202144438
2014-12-27,254.03654420638685,244.8162243145623,249.4122444467106
2014-12-28,254.21246559878128,245.8438174867751,249.99271641183054
2014-12-29,255.5459784187559,247.69832826533934,251.27154689174586
2014-12-30,256.50127305814055,247.87863945314484,252.48252820795383
2014-12-31,257.8908374681659,249.17917033902026,253.71297937182206
2015-01-01,256.50075495069956,246.1119108634421,251.32825630121795
2015-01-02,256.82457149379263,247.0553549775669,252.58089589905447
2015-01-03,258.0661881940448,250.31089203259356,254.10313092105574
2015-01-04,256.9128603822998,248.52287579245814,252.82506062998448
2015-01-05,258.00674405991765,250.85207231226047,254.91226210819715
2015-01-06,259.0724316720279,246.57689741243885,253.98444575178567
2015-01-07,255.25727118148234,244.6687769706349,250.31874686388483
2015-01-08,254.9550320175441,246.14634888694096,250.60588099375056
2015-01-09,257.00425501471676,248.83534087456573,252.46165856912023
2015-01-10,257.89161181894775,249.5144566725295,253.6298825599193
2015-01-11,261.34505540766355,250.62289173670962,256.0180731553203
2015-01-12,260.9700879242907,251.42622035967568,257.3180400482119
2015-01-13,261.2034619987281,255.6630276576671,258.6222497627255
2015-01-14,259.0733901331602,248.96795035262664,254.45810777768253
2015-01-15,256.0558018078777,245.93566050092232,251.3231272214621
2015-01-16,253.86841329467623,244.88104943776142,249.25801753272694
2015-01-17,254.30915193489184,245.9381136306049,250.08209566724594
2015-01-18,254.9856209466342,247.68123697163475,251.09798089844784
2015-01-19,256.29450011594406,248.13051677506152,251.86194284915132
2015-01-20,258.03717010000753,248.97304905917605,254.1727474308614
2015-01-21,259.45440533633393,253.1844758393677,256.6671079524111
2015-01-22,259.5156991924154,252.32494445927964,256.29512741635864
2015-01-23,257.8436714129089,248.932602613068,253.75948904435737
2015-01-24,256.670353143102,249.0004458974583,253.84609034415053
2015-01-25,257.80787141476156,250.89300609451064,254.5903444720503
2015-01-26,256.5374913232577,248.74982215615648,253.04456771694524
2015-01-27,255.95997913037056,247.247748177905,252.23987210984944
2015-01-28,253.5087386330003,245.18733863847285,249.91010159152214
2015-01-29,254.9733854063289,245.47365418302266,250.5943529295918
2015-01-30,253.94124565798003,245.29547144640478,249.932865710773
2015-01-31,256.15681743160843,247.192882726619,251.9408658119506
2015-02-01,258.00713903494653,251.18587306698257,255.0625916579247
2015-02-02,259.0380816301174,253.47491731512713,256.50900366583556
2015-02-03,259.78429543359846,253.2727882298524,256.9398779450916
2015-02-04,256.7929041591488,247.65721899483452,252.61939153094187
2015-02-05,256.4071011134464,248.48646352057816,252.18799360816354
2015-02-06,256.47894175297944,249.44439311087277,252.85651493473313
2015-02-07,256.5651418272635,250.3474275053813,253.52907382398118
2015-02-08,258.41150323852725,247.88413174946803,253.88170557025558
2015-02-09,256.23260466990655,245.2503214194521,251.1069655976233
2015-02-10,256.1473305669695,246.13258962877023,251.4306587023355
2015-02-11,257.77668569569,249.02050015209073,253.03499024806607
2015-02-12,257.58988293279367,249.54699175428888,253.5062830428711
2015-02-13,259.86699046994534,250.97369717448024,255.6257985345035
2015-02-14,259.3831127934769,246.70585069872385,253.32862014364014
2015-02-15,259.74239049697684,248.30688099158544,255.60102731213223
2015-02-16,261.346917854398,255.58853400029219,258.6678743750599
2015-02-17,262.4460191125794,255.2670749269891,258.8547898369158
2015-02-18,261.5045173259191,255.22487811706984,258.3299113966755
2015-02-19,261.4108677527785,255.58009930992225,258.6760588222162
2015-02-20,262.80052894588573,256.2844201816412,259.63487281374546
2015-02-21,263.2128331542978,255.51198987540275,259.712543837631
2015-02-22,264.5290506339727,256.6612262567652,260.88339873685993
2015-02-23,265.88548258951556,259.5531415188348,263.0305362862751
2015-02-24,265.6545018695976,260.63477583103474,263.38900614691005
2015-02-25,264.2869542031008,259.53534824767604,262.16432719241106
2015-02-26,261.1907432309047,254.96133892706123,258.7107610104376
2015-02-27,259.84285732572687,251.7733182912134,256.084688870987
2015-02-28,259.76636530224556,251.7570926214777,256.34142673891125
2015-03-01,261.2402883197437,255.22560114527417,259.10002315327495
2015-03-02,263.38774134954275,257.1240068392823,260.7396440183126
2015-03-03,260.6874073954669,252.04649117107581,257.0793520512514
2015-03-04,258.52185925878496,251.11137254923162,255.09361088818278
2015-03-05,259.2986702001459,253.0609523999714,256.6713904798731
2015-03-06,259.8559431956487,252.05905006274003,256.1476323009897
2015-03-07,259.66325741017494,252.00608394614488,256.7007075082786
2015-03-08,260.5365997356708,254.6741033337638,257.8740494281664
2015-03-09,260.2304192683146,249.487804052975,255.8526718072809
2015-03-10,259.188377027779,249.25392427531528,255.0367397557696
2015-03-11,261.4044336012475,253.60326189626898,257.7068284918029
2015-03-12,262.60819241632885,252.48919531780268,257.6898898906067
2015-03-13,262.5376356873587,252.03434581294852,257.7192266645365
2015-03-14,263.0116145563197,251.73965388992895,257.7146154076098
2015-03-15,263.30107152841873,253.48294195758032,259.5057620618831
2015-03-16,264.32072443332,258.06677555159723,261.08388332445054
2015-03-17,264.00541656128416,253.1005433424312,259.66780712176984
2015-03-18,261.4691046667897,249.5659215748205,255.83123155643975
2015-03-19,261.44057674542074,251.06580810040103,256.58821575780894
2015-03-20,263.66002906663255,253.07633049353456,258.8961237465198
2015-03-21,263.85866502657404,252.35010600876095,258.06447215936646
2015-03-22,264.62061462516635,251.3944703370236,258.2523423927479
2015-03-23,266.32766199868746,252.89357254691393,260.4825147137141
2015-03-24,268.36174619110596,258.3009473395088,263.73306067636673
2015-03-25,268.1652116989655,255.64250230868345,262.5092966460315
2015-03-26,267.63526627257363,254.39901356520778,261.83171269475173
2015-03-27,267.6741081072342,256.02701905079107,262.87204957082776
2015-03-28,268.2011279446002,260.9301328939272,264.9373299974646
2015-03-29,267.34168305347714,261.0285040204843,264.77162117192984
2015-03-30,267.4278395113446,260.0436709873027,264.22490558472686
2015-03-31,267.48686501696267,261.31381062895076,264.45645616182935
2015-04-01,267.0978990399178,260.9537742423655,264.6693042092666
2015-04-02,267.72559598605415,262.1131206939572,264.935023944609
2015-04-03,267.71922731852777,260.2811824533001,264.498832696659
2015-04-04,265.8957766265996,255.7517719359491,261.55921779058554
2015-04-05,264.7688496308933,253.12075791472404,259.5743614500153
2015-04-06,264.54103499820263,253.70989709555434,259.81149055625053
2015-04-07,266.02084987977184,256.68896410255104,261.82433952670067
2015-04-08,266.2676392338402,254.68804975444894,261.0554880865942
2015-04-09,265.4829083135531,252.0480676807588,259.31546220537797
2015-04-10,264.7931695927029,251.06404924441793,258.61390284422043
2015-04-11,266.242375258451,253.98793698867954,260.78538662285206
2015-04-12,267.732185115688,255.9976918375729,261.91425288881845
2015-04-13,267.6557913918589,255.20358161100904,261.80255319000656
2015-04-14,270.077858383219,258.75994804396856,264.46342045642774
2015-04-15,270.2641115689581,260.9751432210771,265.64176111052825
2015-04-16,269.958781836291,257.7990980981534,264.7295870031485
2015-04-17,268.536355333957,256.53938136217283,263.09281442558495
2015-04-18,269.2196632635966,257.08747206806936,264.3569053699591
2015-04-19,270.117094523627,262.0481555977609,266.92419070809996
2015-04-20,270.41668415571917,262.2264865810902,266.8762933065672
2015-04-21,269.8367527153337,255.99379237836317,263.83019747922214
2015-04-22,267.8620261602954,254.72882628789407,262.1512663976697
2015-04-23,268.14345976418235,256.4623118460099,262.2903581234469
2015-04-24,268.52631924809936,257.021111258085,262.81971377707134
2015-04-25,268.60176162624606,256.5150626125746,262.36289726143997
2015-04-26,269.3501724330608,257.2069722522762,264.41629310264597
2015-04-27,269.1463814356357,258.935572084825,264.85590613907755
2015-04-28,268.92403765149027,254.9939815231975,262.5739463075991
2015-04-29,267.9373136399624,254.91776437445907,262.7441072844324
2015-04-30,267.886844628675,258.6649485799476,264.10111400083576
2015-05-01,268.33796873476246,255.7043330076302,263.1870322016336
2015-05-02,267.67167845013086,254.12798610839562,261.66158574569397
2015-05-03,267.3128523504489,252.9266309764988,261.1831709722964
2015-05-04,269.0100169925027,256.10965766650537,263.67311425002544
2015-05-05,270.97214372343086,259.755938212841,265.35539974646935
2015-05-06,272.0094750310943,259.87107036042835,266.0497012138655
2015-05-07,272.8387527416945,260.5841909536492,267.2777973467494
2015-05-08,273.1819577276338,262.4178806504422,268.08005320825606
2015-05-09,272.98001803933477,261.23762127694084,267.7991212360162
2015-05-10,272.8936449962185,259.6786338899496,266.83162617247575
2015-05-11,273.50447628493976,261.06567809092115,268.9404827756784
2015-05-12,273.78310417486256,266.2122524038524,270.4071216458469
2015-05-13,273.9019528501367,266.62937978054066,270.6168927814519
2015-05-14,273.8209289926945,265.6433697666277,270.3248927306741
2015-05-15,274.3253114045366,262.34351992828334,269.34544026058524
2015-05-16,275.29649658476785,262.2366490259589,270.1720687885715
2015-05-17,275.167406811407,266.22619251468467,271.21709695702424
2015-05-18,274.23684100927386,263.25426866358976,269.8739159955662
2015-05-19,273.74187612519233,262.0007899208098,268.7925715108732
2015-05-20,273.7022065371082,261.5041003017999,268.4039211792643
2015-05-21,273.3724786267795,260.1420166870428,267.4865597950631
2015-05-22,273.888456804818,261.09029999480794,268.37545317807377
2015-05-23,274.0783988375307,262.76262077410905,269.57811123867083
2015-05-24,273.01585135948096,265.2132120259935,269.4707416559771
2015-05-25,272.6491302343467,265.1548678698218,269.27578156100003
2015-05-26,272.29165776996064,262.7481040490119,268.57486738445846
2015-05-27,272.87228428449214,260.85471102615725,267.79528617049647
2015-05-28,273.11662435227817,261.3014007675652,268.0280515145843
2015-05-29,273.96313181770864,262.6827942405957,269.49053569118706
2015-05-30,274.6281392660953,262.6171926791447,269.5371878152965
2015-05-31,273.755119289708,262.3192124417065,268.6570570727591
2015-06-01,273.5830316471821,263.271926110714,269.4606755024701
2015-06-02,274.29947768123617,264.8046633051313,270.0337062413916
2015-06-03,274.70372452244845,265.8817343024897,271.16885040090233
2015-06-04,274.97416602343014,267.797095018839,271.8491263924895
2015-06-05,275.06974485361843,267.715165898057,271.7927159953864
2015-06-06,275.6394274382527,265.4080291864362,271.18889330821855
2015-06-07,276.1399489251489,264.1994470253355,270.88926086209193
2015-06-08,276.46929324895797,264.1603483963593,270.8026170693107
2015-06-09,276.47056311102585,264.7415947016125,271.47100356105744
2015-06-10,276.39433425355446,264.5239088798383,271.4579773418262
2015-06-11,276.25040473869745,263.98487209206644,270.96077797813683
2015-06-12,276.2093453910787,263.5929630687226,270.44867248053225
2015-06-13,276.1417036230718,263.6208394367237,270.73815310543785
2015-06-14,275.9925691599888,263.82505588882333,270.49647228535366
2015-06-15,275.81331984512065,263.63158788366314,270.9384366798753
2015-06-16,276.2449662277583,264.23412878818294,271.1647387175099
2015-06-17,277.1762961094133,263.2454999514676,271.31993193045975
2015-06-18,278.09536337944456,263.093156797517,272.0043957083394
2015-06-19,279.8258495373949,265.8299460977491,273.835405662123
2015-06-20,280.13151994591277,268.1995551730546,274.7862100695417
2015-06-21,278.7839585379153,266.7710571360114,274.1160108727406
2015-06-22,278.4093235580697,266.2993860283895,273.17818067565446
2015-06-23,278.59098385995486,267.0078745828571,274.34926916606383
2015-06-24,276.7162497251608,271.46163029269223,274.42198380047853
2015-06-25,276.5335059641399,268.442996588856,273.2144647215696
2015-06-26,276.90386281131185,265.5826730319177,272.2623552938913
2015-06-27,277.44655152513036,264.87116323071166,272.1719649254441
2015-06-28,278.7100750770286,265.04778044281204,272.9556010446578
2015-06-29,279.3550803768899,266.2732140132098,274.10400700743264
2015-06-30,279.61470965255734,268.8329127088075,275.1862371008516
2015-07-01,280.4554570458306,269.8345689672667,275.78608042279797
2015-07-02,281.0705211888631,270.0176746560154,276.279749890189
2015-07-03,282.8899951795585,270.83083579440654,277.68384350125825
2015-07-04,284.36807156349266,270.52277824828997,278.45276982841017
2015-07-05,284.8067972750487,270.76788143815946,278.6886933264855
2015-07-06,283.7265339216968,272.04442552454583,278.6531779152899
2015-07-07,283.4867581563416,272.31109485396985,278.4050504727996
2015-07-08,284.08627199111,272.19104409652164,278.9074366669698
2015-07-09,283.9564005858414,272.78351236011986,278.9462263099185
2015-07-10,281.66627820289307,273.655042611727,277.9308960168661
2015-07-11,280.7600054762496,274.06035469262565,277.74880340328457
2015-07-12,282.3088610418899,274.3615003787609,278.7467072141644
2015-07-13,283.4648597068303,273.8608791417314,279.20270510591797
2015-07-14,285.0280479693969,274.1783719135571,280.470734521608
2015-07-15,286.0895324026733,274.9285220529649,281.1154481366833
2015-07-16,285.9717621701332,274.55986735949074,280.9260647416286
2015-07-17,284.41130982691175,275.2833570195374,280.3987305336041
2015-07-18,283.95279865869486,276.5362936163982,280.2701940368783
2015-07-19,283.2004989506581,276.5705901673218,279.9838118657868
2015-07-20,283.7511898667891,275.62653216744314,279.76035816221395
2015-07-21,284.2226928344624,275.4777160142802,280.05603437272595
2015-07-22,284.3405108818546,275.3042433264796,280.2908737346356
2015-07-23,285.29086007126074,274.9405381127739,280.61962675705115
2015-07-24,285.76420540040186,274.3968972076761,280.66363093231985
2015-07-25,285.72827639701717,274.6289648011096,280.5081941187512
2015-07-26,284.11477833323596,275.5383533681108,280.154123439087
2015-07-27,284.20374625507424,277.1195481835318,280.56585692365064
2015-07-28,284.87450184229976,276.3459829002805,280.5445485819363
2015-07-29,285.2878689819149,275.26007259118484,280.5995244381069
2015-07-30,285.7828400417899,274.9190816311558,280.7404441660003
2015-07-31,285.56150750837634,276.03243889134336,281.1156636568159
2015-08-01,285.3313716377283,277.29478669757845,281.3711468834823
2015-08-02,285.2465717861555,278.43125405079013,281.5447004886527
2015-08-03,284.2913616142807,278.7383286522229,281.1824157877294
2015-08-04,283.8822940977862,277.6937896442726,280.7054599152857
2015-08-05,284.67974828707486,276.1948516640891,280.619786562102
2015-08-06,285.37223605246163,274.8573205915665,280.5740357772752
2015-08-07,286.0371167349598,275.0744762696498,281.1024038345117
2015-08-08,285.94672163224874,275.6091302842277,281.29036516857417
2015-08-09,285.4677011739086,276.39995334497587,281.2573746138604
2015-08-10,284.9461631416068,276.57263286807466,280.90787073420694
2015-08-11,284.77165266976004,275.3299565149856,280.44751561092187
2015-08-12,284.6242477749243,274.52496970627783,280.0213720796871
2015-08-13,284.45869310887974,274.1915938371361,280.03802567194504
2015-08-14,284.0584816036183,274.66815649751106,279.72076237690493
2015-08-15,283.682282742066,274.1509689089928,279.23098790098487
2015-08-16,283.17664915624977,273.796523242179,278.91230061182114
2015-08-17,282.63065360258713,272.9461643538936,278.23218227679604
2015-08-18,283.8477418914507,272.0902540620507,278.7773918923225
2015-08-19,284.828066854565,272.6464861938246,279.32470263422846
2015-08-20,284.98731541823093,272.8206563745929,279.7008337388434
2015-08-21,283.851358069798,272.8399172077952,278.9372612377509
2015-08-22,282.61802821515715,272.64308940834263,277.6684780655217
2015-08-23,281.92966309174943,271.40958338443613,276.92165288985666
2015-08-24,281.07494175267794,271.12980645776554,276.344775635804
2015-08-25,281.951316753346,269.9593585659315,276.62037358197426
2015-08-26,283.00701548577,270.029284488263,277.27681008736204
2015-08-27,282.5999653242263,270.1597378085199,276.95867724005984
2015-08-28,282.39932325799447,270.31582503914325,277.0223539277698
2015-08-29,282.4487305433734,270.66056029204714,277.0576032333497
2015-08-30,281.90507114852676,270.7409796310155,276.8943069001878
2015-08-31,280.26897228244303,269.83281029932766,275.6948921290036
2015-09-01,280.7463008458268,268.88108690876055,275.45979563164224
2015-09-02,281.7918768305719,269.4291042623498,276.3128618632673
2015-09-03,280.4340886464768,269.07429449379805,275.33346734557955
2015-09-04,280.44781534640384,268.0081079326011,274.8576084522917
2015-09-05,279.93416744289004,268.82178813038286,274.90068320762623
2015-09-06,278.75055189135435,267.9482032715089,273.8257026401153
2015-09-07,277.7845676236575,266.66684736686017,272.64135483539764
2015-09-08,277.62623863144813,265.7897542851413,272.3829911619369
2015-09-09,279.1441151306124,265.99071644861465,273.55474041449855
2015-09-10,279.8020995259768,267.9397034404034,274.36609306846475
2015-09-11,280.1545851749706,267.802478307748,274.69789435264363
2015-09-12,280.8312131006594,268.01097309684366,275.16564997493964
2015-09-13,280.91681957219953,268.62228642500725,275.20666778015254
2015-09-14,280.08507544837977,268.17322113488547,274.427248310912
2015-09-15,279.4318776207767,268.077861161813,274.1823604529708
2015-09-16,278.9940347034342,267.2960951631575,273.4881714240036
2015-09-17,278.79154333321554,266.68970000354227,273.24907234529763
2015-09-18,279.7183653013436,267.0010945826087,273.88640607102275
2015-09-19,279.239630612988,267.8183828459622,274.02388288326966
2015-09-20,278.31174208480496,268.20702757953114,273.7513736695159
2015-09-21,278.985041196371,268.3554612007175,274.4665269568682
2015-09-22,274.91530293700254,270.5688679835077,272.8286972380957
2015-09-23,275.1929895216012,266.0499598298878,271.5788038975609
2015-09-24,274.03367153338843,262.1787895985,268.644724374725
2015-09-25,273.1350918999517,261.17824238554084,267.48600542716133
2015-09-26,273.0959103387208,261.5871434813253,268.2015348547023
2015-09-27,272.55730700182124,262.8780635925224,268.02222714427785
2015-09-28,271.9660291598958,260.8151146817722,267.15247237158366
2015-09-29,272.16748506812337,258.3160771372438,266.3774417406556
2015-09-30,272.52925119314347,257.4569308788924,265.89520381279635
2015-10-01,272.50916727859766,257.9149811960859,265.311219634421
2015-10-02,272.27685281353894,257.8493267300733,265.3824807665593
2015-10-03,272.11495589005074,257.8918771629533,265.4369954940513
2015-10-04,272.0927298141662,257.4447368959925,265.34589006160985
2015-10-05,271.85250890830326,257.77142642805995,265.3120719325409
2015-10-06,272.35332714959804,258.49876031874504,265.7048551500804
2015-10-07,273.00255993210817,258.70683916939214,266.1661427065756
2015-10-08,273.9994961516166,259.0429037532111,267.1604424759785
2015-10-09,274.65462178777886,260.965534043909,267.94572531999154
2015-10-10,274.5131299631775,260.4304638267862,267.7433272845054
2015-10-11,275.3007365634388,261.37258982602344,268.63383482455293
2015-10-12,275.4736364002623,261.2047901834857,268.7821896454762
2015-10-13,274.9521017840698,260.7764357322019,268.0565626629713
2015-10-14,274.2758964482971,261.8491945186133,268.4858340113914
2015-10-15,272.57804051918214,259.4248339619268,266.1564939696486
2015-10-16,273.19405186946096,259.1900071196514,267.08850286018964
2015-10-17,273.69737595710575,260.427322902918,267.3383669237245
2015-10-18,272.79703862527407,260.2113581124832,267.51284555538746
2015-10-19,271.0138620955802,263.6041929156339,267.8878985552459
2015-10-20,269.20984731172786,256.73444389300806,264.1984280167378
2015-10-21,266.62859808171623,252.7837573093495,260.09420678092647
2015-10-22,266.49095022418317,252.2365240409253,259.8562645841051
2015-10-23,266.37533238495627,253.35627663589992,261.1191612019492
2015-10-24,267.48510629932474,259.48365270893436,264.49330815626735
2015-10-25,267.7121006715961,263.2877072632092,265.418482095991
2015-10-26,266.79337778818535,255.37724621167408,262.3086634895071
2015-10-27,262.9261358230308,250.40414017991347,257.5045306198445
2015-10-28,262.11009815925627,250.99634308119786,257.2440324499756
2015-10-29,265.115738096166,255.2988531767057,260.428720809003
2015-10-30,266.2085701131588,256.65382602936927,261.1251959695565
2015-10-31,266.785259372596,257.21621470490044,261.71836278144735
2015-11-01,266.3434862022639,257.3485158518213,262.15735929647917
2015-11-02,267.0945811073898,259.5741524849098,263.40609908595405
2015-11-03,266.82433062081924,260.810756892277,263.86594714638386
2015-11-04,265.2600270597789,259.81446014951047,262.9721551150856
2015-11-05,263.63966014273706,254.80486125600814,259.8763852028056
2015-11-06,261.0836222827618,249.5212017004493,255.84127094977273
2015-11-07,261.1577059914673,250.49950302736863,257.310776181868
2015-11-08,262.8536145517542,256.0925931717149,259.3863077981658
2015-11-09,263.61653796534256,256.879340034479,260.390679294137
2015-11-10,263.6427191251341,255.80167755353858,259.9969640625742
2015-11-11,263.23046198830724,254.33296128418183,258.9101407985644
2015-11-12,265.42588003013844,255.69214897719476,262.1461027729902
2015-11-13,267.2683796048071,258.80012152502235,263.74229815924974
2015-11-14,263.6189619683791,253.44965564246968,258.7451071161699
2015-11-15,262.12085807150953,252.64300929520746,258.1380241536
2015-11-16,259.2660300786582,248.338339504472,254.20135668852996
2015-11-17,258.24486722529025,249.52972088347983,254.1598442807687
2015-11-18,260.8373902387407,252.6948679561432,256.8817273529068
2015-11-19,263.01596904489276,255.17400649820115,259.2431169136558
2015-11-20,264.571234359828,256.64698025620834,260.44998735228575
2015-11-21,263.5289513746263,255.3463164212078,259.1926124204407
2015-11-22,263.2776807041797,254.3945474202878,259.22914861334084
2015-11-23,263.27476168771165,254.70663232025547,259.17536618875823
2015-11-24,262.4614226512671,254.31661959485277,258.49473386155876
2015-11-25,263.2910405597137,256.41945985533613,260.4750752034744
2015-11-26,263.472814182636,254.95334990460182,260.1638287016527
2015-11-27,259.21376989133813,248.03093705486245,254.42247433603356
2015-11-28,258.369006001034,249.8388946434782,254.11024623113096
2015-11-29,258.2918820683254,250.77978138668394,254.09250825354002
2015-11-30,257.51073744545783,249.63417958007201,253.32709246220688
2015-12-01,258.0178701509656,250.10781768566326,253.64120258759365
2015-12-02,257.3907597241532,249.8846307011483,253.27878711801813
2015-12-03,259.0073215231255,250.72530245705173,255.00547079506498
2015-12-04,261.6859607604147,252.93595275402953,257.84115946850056
2015-12-05,261.01910622472104,251.13777442218182,255.92310738224026
2015-12-06,261.140644117001,250.7050968936947,255.85092610938753
2015-12-07,261.2303872490905,252.04058150597368,256.8251698095907
2015-12-08,262.15948469207916,254.56863604905655,258.63029611715046
2015-12-09,262.598227893089,256.3248689034507,259.6358418915683
2015-12-10,261.49289945973084,255.99117041960028,259.2584510337179
2015-12-11,259.5296524005819,250.42636457798775,256.3497190263951
2015-12-12,254.79778234306505,246.5833594375392,251.03129221851034
2015-12-13,253.2929704202541,245.6391736285074,249.63584213989108
2015-12-14,251.4949210871774,242.95628476196106,247.2098630079232
2015-12-15,250.51603574731143,243.50521770296857,247.03989540553442
2015-12-16,253.03529171862291,246.02029478193123,249.48883950320607
2015-12-17,253.4025101505218,243.62286094311776,249.06126705819165
2015-12-18,251.68733261422,244.033602160458,248.05345578074147
2015-12-19,253.63465940069133,246.52548344626138,250.4342604902247
2015-12-20,254.59653551591683,244.08957477469818,249.79856903836955
2015-12-21,252.4826058750126,244.1209969951884,249.01701517638446
2015-12-22,254.54638325906947,248.79188398733737,251.8539851625484
2015-12-23,254.27259101167846,245.06567659404968,250.37805567032584
2015-12-24,251.37534324256637,243.1382068622698,247.702019137196
2015-12-25,255.9500506312579,246.48118905476056,252.2427885687305
2015-12-26,259.5017006889691,250.93198377531124,256.69503790602545
2015-12-27,262.4653573001348,256.8240702600191,259.76153268637097
2015-12-28,261.4319548299048,252.2579376410851,257.3778832049994
2015-12-29,258.09453369757296,248.4009932683714,253.41739181340287
2015-12-30,255.49859677918508,246.83093450454558,251.15292688050437
2015-12-31,255.17073488730054,247.0002795787779,251.72671256280094
2016-01-01,257.974119671126,250.82566233563244,254.10650423050004
2016-01-02,256.69785101850283,248.23658646983304,252.51505375412356
2016-01-03,257.2955310108547,248.43817554410194,253.59497660057713
2016-01-04,260.4774034464717,254.2568945813535,257.722630013307
2016-01-05,258.8793106275714,248.41219641430015,254.23337950540383
2016-01-06,255.9916589682173,248.5909625524393,252.977194868802
2016-01-07,257.0005800361636,251.27385769252297,254.10794414347416
2016-01-08,257.3220722502262,247.47863373352948,252.83578726646323
2016-01-09,255.35559481923795,247.61111002498492,251.82261542756478
2016-01-10,257.47318326352007,250.30416343950853,253.69426708408716
2016-01-11,257.9154440759328,251.1277212499137,254.45998575288448
2016-01-12,258.3497921670496,249.2023179105993,254.4509274660649
2016-01-13,255.6985152575539,247.04794961730425,251.37022690890745
2016-01-14,257.5007947121748,249.164450404541,253.973046234639
2016-01-15,256.8157728219466,246.69647416716828,252.26390558161842
2016-01-16,256.4408952007536,247.44365811044054,252.15737820561515
2016-01-17,256.47895119638673,248.8260939553116,252.257059033625
2016-01-18,255.9450158305634,247.91481322839175,252.12886279980768
2016-01-19,254.35193300170363,244.21842076134243,249.9890170626237
2016-01-20,253.1675828479666,244.06397190792202,248.82767150421486
2016-01-21,254.2909357862245,246.5401634277998,249.9276755423659
2016-01-22,254.59358967279056,246.36730084964572,249.95748202020144
2016-01-23,254.55781686280335,246.24356855950703,249.76468828087286
2016-01-24,254.7969255331081,246.1801977428219,249.95779583723876
2016-01-25,256.02289492487284,247.29514973349575,251.55188337020556
2016-01-26,257.682565203798,250.69577532296742,254.3095848443065
2016-01-27,259.2390417979247,250.90650357106225,254.97214410791776
2016-01-28,259.62157078251437,252.1726044657256,256.61061241715373
2016-01-29,261.4275498921702,256.7492244070066,259.25317401620043
2016-01-30,260.5201840801283,253.5901498076561,257.46147496150525
2016-01-31,258.01676620934734,248.25592753962886,253.56258696983713
2016-02-01,255.91265817949153,246.52399853555278,251.11568935999983
2016-02-02,255.06432666591445,246.61414302195965,250.63482580718775
2016-02-03,254.57953454126937,246.1405891280149,250.57126594666732
2016-02-04,258.0600653655928,248.95515729208768,254.22153573001984
2016-02-05,260.6402026571124,250.411914073808,255.55796919882465
2016-02-06,260.70242989923713,250.80782842409386,256.2850617097287
2016-02-07,260.2338098887549,249.93168356672098,255.4492890583702
2016-02-08,259.8328916042606,249.9772708009912,254.98239189897865
2016-02-09,260.18831967271547,251.68037652120913,256.11955169691754
2016-02-10,260.09296882169895,253.36423438984556,256.98569049335765
2016-02-11,259.3799426520987,254.05739106944588,256.7878154810408
2016-02-12,258.31033218090613,250.9296635373486,254.60760044412743
2016-02-13,257.8615411946288,248.9358142494459,253.52779424966644
2016-02-14,257.8571060284121,249.51117215207526,254.05268350669954
2016-02-15,258.27350763130954,249.4649942332029,253.9845969629606
2016-02-16,257.25972481082357,246.95103705971917,252.42102470432127
2016-02-17,257.1767009391256,247.02109245931547,252.4799780630175
2016-02-18,259.23981412315374,250.00823083527777,254.2112613425088
2016-02-19,261.4927585904981,251.70163117043035,258.1584380790214
2016-02-20,262.7435280684117,250.19567520167095,257.8468398263458
2016-02-21,259.2222828493272,249.2182491753973,254.8348767972248
2016-02-22,258.5139815866962,248.65367895990707,253.8675002250484
2016-02-23,257.7711481051779,249.22357618810898,253.23693189938982
2016-02-24,257.8357475985908,249.53398366198877,253.27151259617438
2016-02-25,258.29881168399913,249.25178733778273,253.27346348256836
2016-02-26,258.6254560876659,249.6787701754855,253.69398068814093
2016-02-27,259.2895253040955,250.05505893478113,254.02859886524658
2016-02-28,259.7298932721196,249.87193256599446,254.30371246224414
2016-02-29,260.33849030819965,250.3474459671981,254.76543812581056
2016-03-01,260.71247226727866,250.34285485886105,255.37939047609362
2016-03-02,263.317323969437,253.03970804396462,258.1742625398144
2016-03-03,264.4570112357479,250.9920328715566,258.1718712954457
2016-03-04,264.2209032407143,249.74941570141578,256.8700600839419
2016-03-05,265.04411687126486,251.92927628434515,258.97428413092854
2016-03-06,265.9295191567817,251.78503473024838,259.6599559655393
2016-03-07,264.3659008508806,250.47884338682366,257.2537508231961
2016-03-08,264.9000161126415,251.33375260942034,258.25012230668347
2016-03-09,265.28174964479695,251.25027265340213,258.6602793334307
2016-03-10,266.5511460900802,253.902073559028,261.2073382586879
2016-03-11,266.82447724295275,259.136187458984,263.6077906278092
2016-03-12,267.09078524938235,260.68850944717065,264.041826023982
2016-03-13,265.81750319951317,259.631767180694,262.7817234329846
2016-03-14,264.4512577464872,257.9676300680553,261.3972118696962
2016-03-15,263.1919270149077,252.63443872505124,258.69962662759
2016-03-16,263.0478040194883,252.41959335893225,259.25954974006095
2016-03-17,264.5476932422346,259.2217820901377,262.2406194669556
2016-03-18,265.2292853021984,260.56480637014334,262.9294379048999
2016-03-19,264.9483477673006,259.45448389511654,262.3363999093605
2016-03-20,263.8894086023404,257.686807216706,261.15033916436516
2016-03-21,262.4640649873245,251.6680682054355,257.9217351689855
2016-03-22,260.87189594664505,251.335863527997,256.26151626147595
2016-03-23,264.28155969726026,253.61071707870443,259.72228903993226
2016-03-24,265.76820920043417,257.68040872167296,262.4330807598644
2016-03-25,267.5856186065115,262.48135707241676,265.21219068186116
2016-03-26,267.7432273895987,257.16915822607706,263.6771203899888
2016-03-27,265.70323460429023,253.54699900808384,260.3306637790624
2016-03-28,265.29044630167283,253.10518538958857,260.38823909548046
2016-03-29,266.29057071892726,255.30635418404154,261.1570924094774
2016-03-30,266.3098116020877,253.73598361886914,259.81574636599754
2016-03-31,266.4496598255674,254.24041539438986,262.1013524062982
2016-04-01,268.7446857792861,260.093660679246,265.15914470644657
2016-04-02,270.38123271138727,264.46779210307506,267.9070328163121
2016-04-03,270.08584465798685,264.1577602643295,267.7792160162645
2016-04-04,269.47801821387486,260.7576571752444,265.65852674188716
2016-04-05,268.4025089705659,260.35277314851817,264.66776872500867
2016-04-06,268.63422482095336,259.74638549416255,264.8808688667876
2016-04-07,267.29250238419456,255.894316125871,262.19789458611046
2016-04-08,266.4722411701182,256.2288040761731,262.15425233983547
2016-04-09,267.2721429166758,258.7543095338558,263.6592186391773
2016-04-10,268.0493763078031,259.3104389432195,264.2846370041413
2016-04-11,268.3884565633905,259.6990935379751,264.5689964470586
2016-04-12,268.3835505263932,257.8280536242986,263.60986905213053
2016-04-13,268.0814914029407,254.77667187125388,262.2681530158438
2016-04-14,267.26471559615675,254.10249360410094,261.801043532177
2016-04-15,269.9411645971435,258.76955761963063,265.2523234865227
2016-04-16,270.2328500089836,260.1307717613795,265.5335135880265
2016-04-17,270.95904594395023,262.0596996874343,267.10754946218407
2016-04-18,271.23227497117614,259.1532608944025,266.02821818993283
2016-04-19,269.88386829845933,258.9058090872512,265.55547360250034
2016-04-20,270.324913240841,257.9168285488049,265.0256464806555
2016-04-21,269.64123774019595,258.0189383768386,265.1590512879736
2016-04-22,268.90650205584495,259.5530666152201,264.98331834077766
2016-04-23,267.61786271004365,257.9150952100888,263.4567640158633
2016-04-24,267.4556332448332,255.07061253829045,262.1257932998929
2016-04-25,267.4184604062314,254.37558656436107,261.93899021635
2016-04-26,268.8550878854204,258.03476824914344,263.9275075342366
2016-04-27,269.00445135127865,255.21393511622767,263.37053170827465
2016-04-28,267.87179854134877,254.7933231611522,262.09197966062663
2016-04-29,269.44383389591115,255.78383395205245,263.34607372209814
2016-04-30,271.1940037170162,258.39926753457644,264.80520323303335
2016-05-01,271.63200975350816,258.6339484026093,264.90749697606464
2016-05-02,272.0065931868674,259.2792252597512,266.08599243415875
2016-05-03,272.1020854793317,262.33488017903,267.3747966699075
2016-05-04,271.34899077092604,263.2005484881328,267.56389616641064
2016-05-05,272.12211558059914,260.7414556200769,267.3215833790451
2016-05-06,272.2635510915978,259.61312274699094,266.68369060388966
2016-05-07,273.37811632761105,260.69095523463704,267.71024745386194
2016-05-08,274.32700442486316,262.3277552193825,268.5362171816768
2016-05-09,274.84506578399794,263.4052369057064,269.62613718246484
2016-05-10,275.0288580956982,264.6528283077739,270.4424537831471
2016-05-11,274.4414413719139,265.31258850647276,270.43970791844606
2016-05-12,274.46355724144394,264.42712552117365,270.2274833180102
2016-05-13,274.2746764985138,264.1168900105304,269.7922791205797
2016-05-14,274.4800652161077,264.2992994890864,270.4238601011597
2016-05-15,274.6362130729426,264.7447721607706,270.3475504399217
2016-05-16,274.35566320258755,264.2045322980107,269.91225609987714
2016-05-17,274.7354779882774,263.12535908759264,269.57583345961285
2016-05-18,276.0360804680482,263.1862781575204,270.8380243517648
2016-05-19,276.15524917560185,264.07332056079474,270.96943627420046
2016-05-20,276.01430693492415,262.8824734338018,270.34855620281036
2016-05-21,276.2631146988623,263.0260676085679,270.42448096050737
2016-05-22,277.43392579368,264.75894991944324,271.9596769100653
2016-05-23,276.7377338891843,266.62430387920523,272.477305275393
2016-05-24,274.76579281393555,268.3912124181912,271.89144487850723
2016-05-25,274.7558194181499,265.5725002032335,270.94280731011855
2016-05-26,274.95908939017977,263.5167899070002,270.18915361834803
2016-05-27,275.3795099396815,263.1206049489033,270.0250088123301
2016-05-28,275.6070594522749,263.34867862638555,270.47202092380263
2016-05-29,274.562972925807,263.29875091793923,269.51892309328105
2016-05-30,274.1713468475386,262.4247769037791,269.05811807552055
2016-05-31,274.8460159910776,262.10714508383865,269.40164641497313
2016-06-01,276.36487986396116,263.44720929624657,271.24762683579416
2016-06-02,277.50266156147916,267.32623075576925,273.09019950170796
2016-06-03,276.93869201767933,266.15057159360066,272.33646682919414
2016-06-04,277.397315226978,265.3629725057043,272.05667516326696
2016-06-05,277.5222723481137,264.4997001781369,271.8011074782549
2016-06-06,277.7384285326187,264.76381010398376,272.1738765009268
2016-06-07,278.2580524732042,266.5152287056926,273.2391587440544
2016-06-08,278.59740457618284,268.0109639184724,273.8341802676921
2016-06-09,279.4072633570364,268.2090789921161,274.489160840084
2016-06-10,279.7299226951172,269.1288900931706,275.18129643715054
2016-06-11,280.178630073805,270.4187030508874,275.90644473129527
2016-06-12,280.2637134042098,269.9823171706455,275.67748111186864
2016-06-13,280.64630701134206,269.7105598842748,275.75914633749363
2016-06-14,282.1805145710211,270.06069239210206,276.73800149584486
2016-06-15,282.4137495909148,270.03280440976596,277.27213896394045
2016-06-16,281.0377517170649,271.69879873698693,277.0165285338748
2016-06-17,281.39579123802366,269.56715532949084,276.6708924084725
2016-06-18,281.59763479887613,268.737625516316,276.1349961867488
2016-06-19,282.3699786009991,269.2565629878965,276.89377962281895
2016-06-20,282.62071708208913,270.9390913844517,277.50403408082593
2016-06-21,282.2212582544195,272.024976685187,277.9740849131264
2016-06-22,281.18334022371164,273.0713818109797,277.4157104329534
2016-06-23,280.77707656344774,270.72913997453105,276.5514512203483
2016-06-24,281.66067266902894,269.1175179891395,276.4665275549346
2016-06-25,282.6220100777154,269.9484268101785,277.51085561294695
2016-06-26,283.36096018730484,271.4669967640239,278.2224588921057
2016-06-27,283.5976436955194,272.12529845029155,278.5922660724442
2016-06-28,283.42813437962553,273.06731507437286,279.100232053635
2016-06-29,284.52506357557843,273.2248344048265,279.74177245306294
2016-06-30,284.97919958815396,273.2637235200569,279.82430477221016
2016-07-01,284.92052393822433,273.56706069767574,279.7535566970266
2016-07-02,285.1202695746399,273.2337991808431,280.10355015938615
2016-07-03,283.3709756347035,274.40715648134056,279.33151396059367
2016-07-04,283.6532557890168,272.7328453700238,278.9541683107048
2016-07-05,283.8942430316073,272.27751491414267,278.5925369106001
2016-07-06,282.9196929555703,272.3730045690648,278.13359057767553
2016-07-07,282.69303302042425,271.24202189515,277.87567001768116
2016-07-08,283.6442679538026,270.8883825117265,278.11709352107266
2016-07-09,283.6202278282507,272.29355361121253,279.0532474311998
2016-07-10,284.1524960576288,274.96854856019485,279.94195479746026
2016-07-11,285.0030811475398,275.177442264185,280.5536869768093
2016-07-12,285.7844494056547,275.3226898439673,281.22358215888806
2016-07-13,286.3862332877194,276.9333773262541,282.0591797209428
2016-07-14,286.1994223205451,277.61354000806426,282.0460302223458
2016-07-15,284.96697580041615,277.06673865473067,281.1329565334912
2016-07-16,283.66195178848983,275.6272532417484,279.8514551002598
2016-07-17,283.4396016211457,274.89110847653916,279.3011378995612
2016-07-18,282.5264903002878,274.9927672559771,278.7520086814641
2016-07-19,282.1608691434851,272.0474516943021,277.88692441124476
2016-07-20,284.290457567927,270.96519297497724,278.52975588256857
2016-07-21,285.6187648195659,272.86982965620905,280.23265138975546
2016-07-22,283.74231300066947,273.807434437969,279.2425980895455
2016-07-23,284.75981942831595,272.8167550773855,279.43554618347474
2016-07-24,286.03220346303925,273.9416728989234,280.77437069813135
2016-07-25,286.44568409493075,274.6349644157591,281.20490942712445
2016-07-26,286.6545009029487,275.45606476752016,281.5323976245126
2016-07-27,284.36653332645807,276.2108853422012,280.4386283692011
2016-07-28,284.0771745142376,275.65341220823996,280.1186708356479
2016-07-29,284.44798995665576,274.5147599023439,279.9448242989629
2016-07-30,284.59905374257517,274.5878387958087,280.0800293803153
2016-07-31,284.38764333409904,274.16086702473723,279.910946394383
2016-08-01,285.31550940582486,273.6677046783181,280.24108094947655
2016-08-02,284.9358979965458,274.3412371377107,280.2646595383612
2016-08-03,285.0450994629799,275.07660851859896,280.5526217505758
2016-08-04,285.6106181179277,275.0741132635821,280.78042444136406
2016-08-05,286.40045688847357,275.7306545320327,281.70123680210236
2016-08-06,287.0449346435018,276.74799461599866,282.3721981862242
2016-08-07,285.25506764149304,277.8140959894264,281.5056786571523
2016-08-08,284.6682015192582,277.735173694935,281.2002753027939
2016-08-09,284.7371809904293,276.9089894751901,280.8975601936478
2016-08-10,284.69229566030555,276.2987764848676,280.6196854702117
2016-08-11,284.15220286629363,275.88725569301477,280.13906177849873
2016-08-12,284.06596497349386,275.11659550799897,279.8511057662844
2016-08-13,284.07304116164,274.00393417770476,279.4286509215489
2016-08-14,284.0215566287796,272.8403796818176,278.9067517147228
2016-08-15,283.29721886196137,273.22187362802254,278.5432177329014
2016-08-16,282.6408863968845,272.15309622259275,277.86933910493985
2016-08-17,282.77399298201175,271.53018697680545,277.9037982510962
2016-08-18,283.1321592444229,272.8188051114439,278.47594478518806
2016-08-19,284.11967877661766,272.69140055074524,279.02187859122967
2016-08-20,283.4367610806415,272.8891526932079,278.73865522778095
2016-08-21,283.423709658916,272.98331738940766,278.622630593881
2016-08-22,282.91246880777874,273.25234416185475,278.5140273219267
2016-08-23,283.18326388224773,272.5345806915561,278.4425023732019
2016-08-24,283.9624465334716,272.24685708794715,278.77646529404876
2016-08-25,283.8752190871898,274.2268243161676,279.5597306217145
2016-08-26,284.0609212714941,275.35895777945296,279.72245053110464
2016-08-27,282.53434216353236,275.26072659803583,278.9503858521448
2016-08-28,282.0802340838872,274.7788581053601,278.39426668614396
2016-08-29,281.9812675604605,274.30045445238164,277.97593706007905
2016-08-30,281.14591654016067,273.2427654723026,277.1591671871732
2016-08-31,280.9361283620955,271.84873948981357,276.7182142224112
2016-09-01,280.52096928378324,271.42637036092617,276.2889512508528
2016-09-02,279.90258848099745,270.05250873468776,275.40959145251577
2016-09-03,280.9561198444006,269.47007832077173,275.8516765268286
2016-09-04,282.2643606447443,270.1014443644405,276.9207847813016
2016-09-05,282.4634236354423,271.90928430170453,277.4897130582596
2016-09-06,281.76628069947327,271.8318847639934,276.97249831363604
2016-09-07,282.03883490225473,270.333832539436,276.993921072267
2016-09-08,282.7299827805417,270.1030505094507,276.95808786524356
2016-09-09,284.2616443275104,270.21372759374884,278.1636400548103
2016-09-10,283.9140481416946,272.0161838847374,278.409090796684
2016-09-11,282.2767174894263,271.86731194841957,277.15577844412246
2016-09-12,280.6282323641218,271.1019031507007,275.92874297219373
2016-09-13,280.0839039299492,270.0304979866528,275.37693925292683
2016-09-14,279.96179621607405,269.16527673613007,274.92095126170796
2016-09-15,279.7879176217251,267.96557743814617,274.29431710333176
2016-09-16,279.6832016350684,267.5238680510383,274.07180715188986
2016-09-17,280.47482480416477,267.37868160174986,274.64839008016145
2016-09-18,281.4927529671452,269.012093885325,275.71187483248156
2016-09-19,282.8111907970561,269.2187996161959,276.6779567213009
2016-09-20,282.643070041982,271.0258273052903,277.0732650600596
2016-09-21,280.45588416545877,270.3710200226948,275.479703176395
2016-09-22,279.1883831291743,268.4868536699568,274.25148359033625
2016-09-23,279.26526298174645,267.07341535494015,273.51789901608413
2016-09-24,279.3154935941065,267.54410846484427,273.8260000558385
2016-09-25,278.8369674389384,266.6326608703748,272.88836024450734
2016-09-26,279.8257445968387,266.2217901343043,273.92443277465077
2016-09-27,280.39129254012306,268.7398248559899,274.83803765465984
2016-09-28,280.5042959742679,268.32789576184996,274.75005084739195
2016-09-29,280.18547861867995,268.1473337498845,274.6236300328475
2016-09-30,280.980457163108,267.97176872972165,274.8017374229056
2016-10-01,281.7230114583281,268.0825054171539,275.3253032562508
2016-10-02,280.684657887286,268.16688210137005,274.91438418010483
2016-10-03,279.33789152954387,267.051168185975,273.667697458145
2016-10-04,279.1090518741662,266.66111583153986,273.331139039099
2016-10-05,278.040858772245,267.80931291420285,273.14663690815706
2016-10-06,276.9045996948917,267.168060526718,272.228440625227
2016-10-07,276.340853124765,264.8801860651338,271.145901469632
2016-10-08,274.48827822520445,264.1554585875811,269.4419200256663
2016-10-09,273.62974762334903,261.46961438728374,268.0535517690472
2016-10-10,272.8514780129413,259.79108273166446,266.62742982025725
2016-10-11,273.7120694944353,259.52149692793904,267.1685126622251
2016-10-12,274.31293674209456,261.40308744850523,268.42953271554524
2016-10-13,273.594225947069,261.2245602933126,267.68651826762215
2016-10-14,273.96746697514675,261.2338988298869,268.07380719782174
2016-10-15,274.0855538754357,260.24441483583735,267.5901130947132
2016-10-16,275.11523418586575,261.88109023171245,268.88302530398425
2016-10-17,273.95944843235924,261.40504145917686,267.7310161373067
2016-10-18,274.3220392579246,260.8699940550505,268.26167893833383
2016-10-19,273.5577396955546,263.1626389121531,268.7668839236754
2016-10-20,272.462233686473,262.9026447970068,267.7791742963759
2016-10-21,270.98030216030594,261.2412843084913,266.36323632190187
2016-10-22,270.8994935517661,260.8603277618777,266.086515039495
2016-10-23,271.1933888499522,260.19834821195985,266.2225806103934
2016-10-24,270.59396730821476,259.8393593984652,265.47686603570907
2016-10-25,269.75402825873357,259.09386724094026,264.82552716679777
2016-10-26,268.63290135387695,257.5559668772037,263.458552232664
2016-10-27,268.1675607198167,255.1181267897707,261.83906834818634
2016-10-28,268.57805027563256,255.73071481317078,262.61851850088516
2016-10-29,269.4435663206019,257.5047018667937,263.6327079810926
2016-10-30,270.39801011033563,259.11375525888394,265.0550669124945
2016-10-31,268.95947529679944,256.6813306320645,262.87397231059487
2016-11-01,268.81117771028545,255.9204577768175,262.3256949280524
2016-11-02,269.7091030133011,257.07944195526983,263.4505883100362
2016-11-03,270.17294946091414,257.8908692108878,264.5099007630951
2016-11-04,268.76004146631675,257.0920323369879,263.63606723409686
2016-11-05,266.87132288999237,253.60216597780288,260.58726290448135
2016-11-06,266.97360247939434,254.25721672110245,260.8653636519428
2016-11-07,266.4605792582295,253.0168979523141,259.66744399030506
2016-11-08,267.9653636112658,253.6135758312524,261.6396654445065
2016-11-09,269.7049515002761,256.6985358922157,263.38279995612385
2016-11-10,269.2073644959666,256.91517434304126,263.1913851853776
2016-11-11,267.5118809426878,256.4497995510468,262.14449334438547
2016-11-12,265.9831121516908,254.30830681848033,259.94089975889
2016-11-13,266.37256577957527,254.05872449582893,260.19465721416486
2016-11-14,266.50734557513744,252.90377162271074,260.0864679053815
2016-11-15,265.08978982991766,252.04858198547583,258.51012047650397
2016-11-16,265.6845667321059,253.24773686950812,259.56077478475476
2016-11-17,267.6754961694473,254.36645698924215,261.02316606440127
2016-11-18,268.01407022673965,254.67794256488077,261.1102435650367
2016-11-19,267.8133400492212,254.71738787681792,262.0061383637027
2016-11-20,268.1569349631109,260.9402969873957,264.9793119057659
2016-11-21,266.5639950890362,261.83866485093307,264.324825121713
2016-11-22,267.1112843933959,261.0110781647302,264.16331772213954
2016-11-23,266.4543397743977,261.3089961223196,263.7402140880143
2016-11-24,265.4196221922714,259.1943072456638,262.42026781127043
2016-11-25,265.9696926575343,259.40565341870075,263.2829402889819
2016-11-26,267.13034242379314,260.7469147619562,264.32762616133897
2016-11-27,264.2638253819082,252.46487193619987,258.9314517044499
2016-11-28,261.7067329564366,251.93076214914618,257.43991167227693
2016-11-29,263.793980962569,254.2211301812451,260.37154659732903
2016-11-30,265.6161139784791,257.5808733065332,261.9737382445136
2016-12-01,261.8903433769474,248.4666660318406,256.30002731479846
2016-12-02,259.21728938833223,248.40971759332922,255.0124726840415
2016-12-03,262.3465824840446,254.00879921195605,258.4451266476508
2016-12-04,264.94378980321926,253.99535740750682,259.8375706016836
2016-12-05,261.67081499836786,251.79205933833717,256.4717871428384
2016-12-06,262.01767232869713,252.8950713607419,257.47932081773774
2016-12-07,263.7951180017135,255.22520705309773,259.06088778453056
2016-12-08,262.6953935083557,254.40470153824677,258.49470498870505
2016-12-09,262.92747050730185,254.23501786766352,258.53132333505437
2016-12-10,262.3812263617976,253.65948625312313,259.0209776113102
2016-12-11,262.3353427973369,250.50976757201948,257.4090110067902
2016-12-12,259.75258278115655,249.98215942259486,255.49731135240594
2016-12-13,258.8128772103136,246.79159814622528,253.56812728495734
2016-12-14,257.126608009286,246.14474319670273,252.61817846030067
2016-12-15,261.61704917244526,250.96850496911654,256.520402784723
2016-12-16,259.9782817283793,251.0689315485373,255.67622470017216
2016-12-17,259.32199921321785,250.7228847746199,254.7264908967401
2016-12-18,258.89291568707085,249.75772449179524,254.24565674231192
2016-12-19,260.48559421482497,251.3069116471705,255.7847413765171
2016-12-20,259.41971995173895,249.59166913734978,254.42034217491613
2016-12-21,262.02400769723226,251.43030847037664,257.32278498323296
2016-12-22,263.06688130929183,254.220482364661,258.5804322997966
2016-12-23,261.451004290311,252.84909087451595,257.61768194116604
2016-12-24,258.94530871171236,249.57938183469497,254.76042220644877
2016-12-25,255.97501284885467,245.45550725476795,251.16303722741114
2016-12-26,257.25682012668364,246.79215039817956,252.92538382785634
2016-12-27,261.7665048731769,251.66991698495144,257.10994297638933
2016-12-28,261.35023914153174,250.62166032638726,255.9477830257245
2016-12-29,263.3791812107203,252.06578841253835,257.9295125591485
2016-12-30,260.03087174642127,248.4891462259651,254.30147813229405
2016-12-31,258.45714090951543,247.96774135714836,253.01923334546092
2017-01-01,256.9571953121888,245.8028874131887,251.24449687061886
2017-01-02,256.590088359833,245.71648435237913,251.92692291333043
2017-01-03,259.4086328864934,250.938406255026,256.273434355994
2017-01-04,260.1305846946541,254.12882961575565,257.52660638903524
2017-01-05,258.68259404608443,252.68390183907363,255.47369298509838
2017-01-06,258.28415851562266,253.49889820645285,256.29809812700614
2017-01-07,258.6162872437008,252.6311530416332,255.82172586445344
2017-01-08,255.86920848560783,248.1008585293986,252.45705478057386
2017-01-09,252.58810517401912,244.517855407061,248.8523277920531
2017-01-10,250.6402082145259,242.42812576162726,246.65742896281608
2017-01-11,248.45834375529412,240.93070447438507,244.48745500242023
2017-01-12,248.46708304964412,241.10552921733967,244.86816350912557
2017-01-13,250.6015850049523,243.02103886148674,246.97248472199604
2017-01-14,252.364851545431,244.31029359431196,249.19917602854022
2017-01-15,255.52434376284526,248.68473059313067,252.1044819973299
2017-01-16,256.254151993436,247.60373490388048,252.5268114556843
2017-01-17,255.27530060030236,246.85395458227035,251.87661952379375
2017-01-18,255.72241584676038,249.91577156324664,252.737074967395
2017-01-19,255.64800738095178,244.70103983440356,251.0517378248049
2017-01-20,253.66369051277823,244.34986517766652,249.94976401343305
2017-01-21,257.7404804662908,250.05101828697929,254.6424256695148
2017-01-22,260.2984490812754,252.81183136180007,256.73441126624596
2017-01-23,259.89638901318887,253.32624433114665,257.382367981945
2017-01-24,262.0528783624486,258.14265179700453,260.61915925489507
2017-01-25,263.0341428095805,260.0556464760169,261.5969868007234
2017-01-26,262.64242113972716,259.2643924698716,261.08560679164555
2017-01-27,261.4313647671041,253.0042654816146,258.02865760233186
2017-01-28,259.67943090117217,253.55484110837375,257.51712907357654
2017-01-29,261.5996519231141,256.68447313483387,259.19405144305955
2017-01-30,261.2474086180633,256.44140574613044,258.9821933405027
2017-01-31,260.39476884460777,249.78957875335323,256.215867543831
2017-02-01,257.88615158444276,249.1513358544,254.0519194590561
2017-02-02,258.78974413873044,251.6298338932175,256.28670720643856
2017-02-03,262.2446690499787,257.32718514327746,260.36024788948345
2017-02-04,262.61585271666945,259.46132454168867,261.1327674394124
2017-02-05,261.8038923550079,254.09766367229028,259.05677369028683
2017-02-06,257.27659464321573,248.1494997486875,253.27690564727678
2017-02-07,255.68112714009038,249.34618901272916,253.02547118942636
2017-02-08,258.9495254814118,252.91477844572407,256.252583350884
2017-02-09,256.87485401361477,246.8904024082801,252.62381302477723
2017-02-10,254.43477266654781,246.9909697520467,251.21453918231384
2017-02-11,256.2149985577281,250.06760856258595,253.10144117805717
2017-02-12,256.4484026760993,249.47886158875434,252.63537573367248
2017-02-13,255.69161616663843,248.29810591728005,251.75320237982987
2017-02-14,258.8504071901275,249.63235951442235,255.3301218539717
2017-02-15,261.4731927625659,255.49068908312435,258.9317600800356
2017-02-16,263.86551876555615,256.9304743212402,260.795639252809
2017-02-17,266.2604158206312,260.3817205523015,263.3743539175825
2017-02-18,266.9312556228114,262.41577751697344,265.1004645373527
2017-02-19,265.95371668764153,260.84171634389736,263.71655853875467
2017-02-20,262.5643233414588,255.63522113714285,259.56329988637594
2017-02-21,260.5269436310139,253.2976328524881,257.1520207617187
2017-02-22,258.2731513322354,247.1751039406065,253.6794094728238
2017-02-23,256.3754682861708,246.40721850307008,251.84246105880356
2017-02-24,256.2934276488914,247.13236263748803,252.90702711259013
2017-02-25,258.9188362944846,247.28068896279285,253.8424692092796
2017-02-26,256.95308455394195,245.86728610810954,251.9324005798452
2017-02-27,257.0133568428061,247.4870423270869,252.85192061164864
2017-02-28,260.3702174461643,252.62938868252223,256.5648893208757
2017-03-01,261.09549882062396,252.81094489565126,257.222834088195
2017-03-02,260.422048962699,251.59917619156985,256.1347102193494
2017-03-03,259.11106217317774,251.37075964084238,255.23672162283816
2017-03-04,258.9331932386852,248.26623298774066,254.03466224626928
2017-03-05,257.8937979099723,246.36415375754052,252.2300984928438
2017-03-06,258.9098494873101,248.2891556042295,253.7466724368947
2017-03-07,259.9231303039516,250.541368904241,256.1770543590049
2017-03-08,261.18561678687456,254.33184350515805,257.9642050225898
2017-03-09,260.8836314523809,254.76653929652352,257.8483453815936
2017-03-10,259.6973733849392,254.10369112656267,256.8705353584205
2017-03-11,259.30926012039265,252.65723869668187,256.2172256136195
2017-03-12,257.7781315506334,250.00960891792104,254.21219594092977
2017-03-13,259.07457561963463,251.09938033079624,255.30326610020788
2017-03-14,260.10443772264625,251.85911591351666,256.0160044937319
2017-03-15,262.15707518407635,253.42105447401832,258.2319237258524
2017-03-16,263.45546639754656,254.46132796103103,259.12580967603094
2017-03-17,262.3337419369973,250.78505341022162,257.2925401633365
2017-03-18,261.12603830423103,249.37316165219397,255.92428513512047
2017-03-19,262.1773584606189,250.44978364643433,256.53956889953446
2017-03-20,262.23642881106827,250.0742635904324,257.5141356604559
2017-03-21,264.8739168058252,256.6732231128443,261.77863390059144
2017-03-22,267.7387746834398,262.0191954756259,265.231348149718
2017-03-23,267.6990394399615,257.2427832763409,263.54296244380316
2017-03-24,265.3939815297987,254.429209812151,260.13674877172247
2017-03-25,266.7109184819457,255.06728499028836,261.71624765741217
2017-03-26,266.5533282995466,255.32024586724268,261.53281454027126
2017-03-27,269.0355063464387,259.6203968874427,264.65311420771377
2017-03-28,269.2523645390747,261.87917891577035,266.15481344042814
2017-03-29,270.34040444093074,258.73496864857066,265.4309421783633
2017-03-30,269.2522016027816,258.3116094404901,264.6231315895293
2017-03-31,269.7070264111167,261.081375061018,265.7444255386952
2017-04-01,268.55707453707254,256.930998579813,263.46258109279177
2017-04-02,267.3413803728327,256.1870295439538,262.6624136787373
2017-04-03,267.55616572912834,257.76258672395613,263.48994212641344
2017-04-04,268.12081786954786,262.04063844058834,265.34396397205535
2017-04-05,267.84375560226266,263.4809051940513,265.5060358913037
2017-04-06,266.89442292152995,261.156852310704,264.565557909129
2017-04-07,265.42259286131497,259.65331867247136,262.672575401467
2017-04-08,263.9187426276639,255.37440020292885,260.5902721687972
2017-04-09,262.62319344566765,251.60981827720943,257.65624977704715
2017-04-10,262.3202291947768,251.57181092435664,257.5961454677874
2017-04-11,264.29459001372487,254.24640357910178,259.3665875382867
2017-04-12,265.304795968507,255.79796367756583,260.2863356701518
2017-04-13,267.9186479799466,256.31079513842207,262.4558610144882
2017-04-14,266.7635279532654,254.03459438606782,260.0340026414785
2017-04-15,268.73288193941124,254.40357014674044,262.7944004588901
2017-04-16,271.2396203600739,259.4552929552957,265.40579169265294
2017-04-17,272.46647011561447,261.1547833389288,266.5089792715514
2017-04-18,272.61565284508873,262.2419847983221,267.4330145663536
2017-04-19,272.07140120948304,263.9908367610417,268.0962331853707
2017-04-20,272.9036740177538,263.6600952249563,268.4188227696993
2017-04-21,273.1756519967942,265.1570853246978,269.253077104983
2017-04-22,272.1763029611807,265.77524583289403,268.9544915358867
2017-04-23,271.680257635729,265.2797356769706,268.4405509631548
2017-04-24,270.8721955909526,261.92226275191047,267.20487675157307
2017-04-25,269.8214661454826,260.1886272336717,265.344556601947
2017-04-26,269.5839236389773,259.0524838354625,264.5706135727992
2017-04-27,269.9484465477776,257.77771446767997,264.3278833014889
2017-04-28,269.32301169717636,257.1730461982442,263.8625292962485
2017-04-29,269.24196113168415,257.59186741303677,264.9548661903872
2017-04-30,268.67959821999773,256.3229660309966,263.7378306491464
2017-05-01,267.44499008574127,255.47263746829785,262.24260028025196
2017-05-02,268.21837503692956,255.58525791095724,262.5724465790864
2017-05-03,269.29859477826363,256.6731516500382,264.6679062626335
2017-05-04,270.91490766844095,259.96119410503076,265.91264907083524
2017-05-05,271.3562637047676,259.94435225883956,266.2942496358168
2017-05-06,272.49586118416147,260.80510864763073,267.03161353285964
2017-05-07,273.5650116815814,260.85914301727837,267.9357438354845
2017-05-08,273.30194723112965,260.509872135134,267.5933366695011
2017-05-09,273.40658483795045,261.1613851505991,267.4089226003663
2017-05-10,273.30180103177577,261.5101441586897,268.36185506066664
2017-05-11,274.0301924942568,262.8045673997142,269.6564374628416
2017-05-12,274.7439723373453,263.7227860316238,269.7068887099335
2017-05-13,274.897443696654,263.94831728626383,270.27257221848544
2017-05-14,275.42709028538826,264.3544918817498,270.70598646264267
2017-05-15,275.5202550350799,265.7588371776515,271.1192676209811
2017-05-16,275.3916856836958,266.45101738193165,271.63648386658343
2017-05-17,275.0329578800951,267.07132972137646,271.69885898651813
2017-05-18,275.7437232306945,264.455224127776,271.21100428812935
2017-05-19,275.52607927955694,264.0282106133982,270.2690079352786
2017-05-20,275.0079065594125,264.11716330547006,270.4420178903523
2017-05-21,275.9293564819532,264.8644718454694,271.50674060049107
2017-05-22,275.7638595625111,267.1974153315903,272.1751071247657
2017-05-23,276.3682895722675,264.87337671459414,271.49956837956296
2017-05-24,277.0072697323926,265.0887322949263,271.8825517544278
2017-05-25,277.292194726096,264.7973283589592,271.7323352693219
2017-05-26,277.21634069425164,264.69899331953604,271.5861887778571
2017-05-27,276.56115838644325,264.9177490457831,271.30067148765
2017-05-28,277.04291537615535,265.4950959966002,271.83375583372623
2017-05-29,277.2843520321627,265.4349916918209,272.3975841744697
2017-05-30,277.2978755504143,265.82234935698744,272.0986920846107
2017-05-31,275.78225379438163,267.019857887807,271.9863329801047
2017-06-01,275.59086307174056,264.3807252526479,271.2305304064596
2017-06-02,276.5993497141211,263.50198997916004,271.0544261685128
2017-06-03,278.780786466773,264.5874927368288,273.08024450892765
2017-06-04,280.9095296395786,267.8852359345057,275.349552622618
2017-06-05,279.52795115161615,268.07550908658027,274.6567749330586
2017-06-06,278.0419065875151,268.02654939222185,274.0355625688054
2017-06-07,277.34201394163694,265.8551856277452,272.86029643421
2017-06-08,277.75352994043334,265.97164336634455,272.9242398002923
2017-06-09,277.35187553389636,267.97951949832867,273.33136816557305
2017-06-10,276.75520255181084,267.42455006569116,272.5865090808838
2017-06-11,277.2137720802359,266.5421838561173,272.65484880131385
2017-06-12,277.53994332572825,266.2678564563409,272.7498277569848
2017-06-13,278.41581023296095,267.5268492487463,273.7900100581057
2017-06-14,279.1208677372461,268.7455819894042,274.6164417967537
2017-06-15,279.35926358079473,268.65737229170617,274.91326027100513
2017-06-16,280.6527687834742,268.5982671100183,275.4598065822786
2017-06-17,281.0034199929492,269.16141294010947,275.6409052210461
2017-06-18,281.57064336109215,269.3335367628893,276.19262685389623
2017-06-19,281.590327334208,270.1875586823494,276.828644563426
2017-06-20,279.8091139160011,271.6805626833906,275.9271029284675
2017-06-21,278.2556870596224,271.8915691435786,275.3233657147532
2017-06-22,280.1863271283814,269.90754122623684,276.0081368909771
2017-06-23,281.71743055884133,268.7375199855752,276.19901769012756
2017-06-24,283.27047952787944,269.0511324447033,277.63810634811796
2017-06-25,282.9238356835302,271.8665182640965,278.44552960626424
2017-06-26,283.0698103857052,273.1056764244701,278.8964552469008
2017-06-27,283.26462751862897,273.88442862600874,278.9216084401393
2017-06-28,282.142334276629,274.02681422450075,278.3512190304393
2017-06-29,280.4801634679034,274.6284782009031,277.6120008319023
2017-06-30,281.11914155003245,273.22684759502584,277.5472114049842
2017-07-01,282.17853625841366,271.59865321167456,277.55195347874684
2017-07-02,282.65028568290234,271.87753888917734,278.0686216534493
2017-07-03,282.3829850062407,272.3251700318105,277.901629366983
2017-07-04,282.5022057869696,272.41663857995246,277.96471002036486
2017-07-05,281.93037657045704,272.5186591040363,277.68849319793213
2017-07-06,282.4037967156944,272.7842811631125,278.14274942610353
2017-07-07,283.9218356175828,273.87027908669324,279.3789960781512
2017-07-08,284.9738479758771,274.26580036833036,280.28749706478646
2017-07-09,285.44795280106894,274.9634989847311,280.7966186591751
2017-07-10,285.9014724202351,275.42217643835784,281.18748440879403
2017-07-11,285.2770640926511,275.74460519355955,280.8361654936359
2017-07-12,283.4502092122359,275.83582325013367,279.9670353086264
2017-07-13,283.8864416074492,275.17264486569354,279.94337081788586
2017-07-14,284.7219947886781,273.842285701623,279.96022344745444
2017-07-15,284.8006788921741,273.65434259320966,279.93969732865384
2017-07-16,285.3083104556033,275.0517748295125,280.62390345473534
2017-07-17,285.065045727411,275.7413749149526,280.94178824678534
2017-07-18,284.63993621172153,276.39861601331313,280.6257909497488
2017-07-19,284.4878755043155,276.1603821759497,280.503897716547
2017-07-20,284.7902798892332,275.79204127430046,280.7100164543561
2017-07-21,285.02269357717256,275.54825374677534,280.6932812286088
2017-07-22,284.8644935938848,276.4291112034399,280.7694605444107
2017-07-23,284.5726496468929,276.264218113265,280.5280629395191
2017-07-24,284.56618682495446,275.7238876692696,280.2944668523404
2017-07-25,284.7923077987882,275.19857356396545,280.30981761653476
2017-07-26,285.55079475451294,274.685988071995,280.63288361540566
2017-07-27,286.48885908944646,275.43923845763516,281.55918992715686
2017-07-28,286.9693901310241,276.7135707712948,282.3349471700096
2017-07-29,286.63054763575815,277.8772721490517,282.39976264483374
2017-07-30,287.26255678769064,277.9290628626507,282.72517622235085
2017-07-31,287.26359240983106,276.51643835741163,282.2454687100833
2017-08-01,287.5159476347086,276.0181798019103,282.18959618329956
2017-08-02,286.07435345227367,276.58941116833364,281.6804423256502
2017-08-03,286.2382702899467,277.20715374312954,281.728016960332
2017-08-04,285.8216715153415,276.38929988473694,281.3100780333338
2017-08-05,286.19607786334944,275.2980404224861,281.2906421087075
2017-08-06,287.14957633514956,275.63275679853643,282.16612332496476
2017-08-07,286.8529284821832,277.2066410423884,282.4573328300114
2017-08-08,286.2774138433398,277.6291617890217,282.08720392034445
2017-08-09,286.038511900405,276.6213237334089,281.5106470255031
2017-08-10,285.60351252855054,275.7932331502888,280.9897258407493
2017-08-11,284.6772943384496,275.5062670664257,280.2660351726653
2017-08-12,284.64744143207986,273.8452079363437,279.7080087328396
2017-08-13,283.7042726630341,273.51305735364804,279.042129360343
2017-08-14,281.20651883391906,273.8467843165541,277.56698764436146
2017-08-15,282.06339763774207,271.24776966316404,277.3390943443392
2017-08-16,282.7496563163082,270.6096529225837,277.41424497179446
2017-08-17,283.4989500217343,270.90202551684587,278.0193282674968
2017-08-18,284.0368689204074,271.6074184668979,278.5636009187678
2017-08-19,284.095755712909,272.0959082917017,278.85620537906664
2017-08-20,283.71125239035234,273.60822986266624,279.14373645155365
2017-08-21,283.8522364560654,273.5895265870661,279.1272855849029
2017-08-22,284.3334867899661,274.1095781675396,279.56952813657193
2017-08-23,284.6581244704662,274.1748839951504,279.7632106095831
2017-08-24,284.1872477416371,273.54389470499376,279.22055507481053
2017-08-25,281.8994357663289,273.34961411542497,277.6873212893817
2017-08-26,281.391284827045,272.0597748182279,276.93727056740903
2017-08-27,281.5470868556128,271.0029381662132,276.7411250627888
2017-08-28,282.5277710126727,270.58023064134954,277.1915814219284
2017-08-29,282.92807288736657,271.3826593673377,277.8136828826478
2017-08-30,283.0545931532583,272.4910888165485,278.3269052784457
2017-08-31,282.63931106580384,273.7351920240081,278.2494021603184
2017-09-01,281.8697827951109,273.71566346914375,277.78845824164614
2017-09-02,280.60662629234116,272.17194524352715,276.6273491047226
2017-09-03,280.06242898636447,269.84482169288395,275.3783132390106
2017-09-04,280.69990015241603,268.7440811353992,275.3816694564141
2017-09-05,281.4015135746347,268.902756809404,276.0967965176435
2017-09-06,280.69562068741897,270.0919538630546,275.8545800147282
2017-09-07,280.1376612007683,268.77138592249116,275.01329099002237
2017-09-08,281.5293554350571,268.30259862521325,275.85367720422647
2017-09-09,283.5448133927338,270.4279852632575,277.79984855319094
2017-09-10,281.74411333368255,271.34551335734943,276.8219253740998
2017-09-11,279.2980654735153,269.5436007180989,274.73017569223845
2017-09-12,278.739098704457,267.27754954696167,273.53780160442795
2017-09-13,278.8400426130519,266.5614674722032,273.39150134360915
2017-09-14,278.14677135828634,267.4086575572614,273.08280499606764
2017-09-15,278.3594185445371,266.7452335933695,273.16142242773356
2017-09-16,278.7424877094926,266.15212169869085,273.1146583347419
2017-09-17,278.3492256132934,266.69509093098117,273.05669091721967
2017-09-18,279.4387678996348,265.8774226629687,273.5714536793388
2017-09-19,280.4915066816785,266.72937934506933,274.1694589587499
2017-09-20,280.71760951985897,267.90829348213947,274.99667212777047
2017-09-21,279.9862674927739,269.0206047021225,274.84506907660517
2017-09-22,279.6442792006211,269.14284785593657,274.6663050474488
2017-09-23,279.04637684508185,269.4201367352956,274.5689942971679
2017-09-24,279.3714874297726,268.7109072267061,274.5733519518645
2017-09-25,278.85282749728225,267.48474763646647,273.71115608473013
2017-09-26,279.40244828555836,266.9475166484071,273.84720138448233
2017-09-27,279.64026423034846,267.4275089312279,273.9333490434664
2017-09-28,279.0009107331217,267.5476408837981,273.4608377652078
2017-09-29,277.63491112183897,267.47433775704354,272.7970949793874
2017-09-30,278.6381505058474,266.58443507058985,273.34882728871776
2017-10-01,277.5724209569735,266.2736842523778,272.33822959683783
2017-10-02,276.6358060303102,264.15287095528606,271.0091689531589
2017-10-03,277.8751978624561,263.99857228131054,272.07774114871694
2017-10-04,278.0340709732423,267.00051087860794,272.92739879287745
2017-10-05,277.34666712738067,267.25557942953236,272.71748901716956
2017-10-06,276.7476946253023,266.93084378700974,272.149581419505
2017-10-07,275.5946803657967,266.02779928018776,270.98901217385674
2017-10-08,274.75073116041557,262.0703388035408,269.2533753447652
2017-10-09,274.53543833489215,261.23791599135035,268.7189744777716
2017-10-10,274.93795286260803,262.1499632713129,268.8628315320799
2017-10-11,274.8422739478146,262.3527850178895,268.9056718647124
2017-10-12,274.3407132483087,262.0677516671824,268.42832079897687
2017-10-13,273.47143194039074,261.5701560489726,267.69536020404416
2017-10-14,273.03271504435025,261.02533744168056,267.80267646221444
2017-10-15,271.6172884326456,259.49931625049123,266.36005973758915
2017-10-16,271.98598699888817,259.04227953007006,265.5788326399422
2017-10-17,273.2194884511278,259.47271880300485,266.39767068574594
2017-10-18,274.6430316194844,259.7969614448676,267.74687419622467
2017-10-19,274.2276618464927,261.2284759765318,268.19628674322024
2017-10-20,272.62074249183814,260.0513898555567,266.6206254075764
2017-10-21,272.4429600463483,259.28855821793485,265.95644493256736
2017-10-22,271.9313586225886,259.7502373521281,266.366820777367
2017-10-23,270.3034529597699,259.3088104123911,265.20646326745486
2017-10-24,269.47722742562615,256.7365945560675,263.639321545998
2017-10-25,271.10269358981606,256.68031753965073,264.4273131509321
2017-10-26,272.00284129166545,258.9001331453875,265.6794059861319
2017-10-27,270.16212653577116,257.4167743254912,263.81743990415004
2017-10-28,270.3335335431703,257.4081546925569,264.16458320873295
2017-10-29,270.62394667671504,257.9811937672538,264.4388201594377
2017-10-30,272.0485747055909,259.48114828678723,265.93934616188284
2017-10-31,272.0789046473695,259.7691237877082,265.9247936157396
2017-11-01,272.5191319646185,260.11794793228626,266.20042191511584
2017-11-02,272.52062799722137,259.89936010910964,266.1147503738242
2017-11-03,272.4822231634506,259.7244462674674,266.02003650422176
2017-11-04,273.49814505619446,259.65924470575504,266.9585515646698
2017-11-05,272.6885506525099,259.63036134756237,266.0142720178087
2017-11-06,272.3880455752913,258.6190682888526,265.3151812384399
2017-11-07,271.61749704774974,258.07035219771603,264.9278934763543
2017-11-08,270.5447872116733,258.5172872996668,264.8843631805691
2017-11-09,269.4020986717488,258.49944018372605,263.92536058054077
2017-11-10,269.9599295349642,258.210902821279,264.6263328321913
2017-11-11,270.12719212351004,259.2362733643582,264.6913672114627
2017-11-12,269.1556756618879,258.3332950202963,263.67468334056736
2017-11-13,268.62149898704064,258.32245173297116,263.6606495264076
2017-11-14,268.4685859568332,259.2632784475943,263.960210694438
2017-11-15,266.3111398995515,258.7667238376612,262.50957191731084
2017-11-16,265.01129596237837,256.03044454254535,260.4462179562303
2017-11-17,264.00257279372966,254.98536830605522,259.37940516321555
2017-11-18,263.9472894953212,252.13600784165448,258.6109268880217
2017-11-19,261.687833888181,248.7153005435643,255.13397713964872
2017-11-20,261.0580733704286,248.4531027782789,254.6348200012014
2017-11-21,260.7372353169757,247.80091832113314,254.2453630104462
2017-11-22,261.05462169501993,248.03353445014994,254.44493513526976
2017-11-23,262.99148704377785,249.29589882828728,256.76991704820216
2017-11-24,265.0112892429034,253.17760092245624,259.5410293679671
2017-11-25,265.94252845749605,256.23170781742306,260.9879697692467
2017-11-26,264.64743462189153,253.9335065960387,259.19823159230026
2017-11-27,263.5504528822025,252.87525385094798,258.6453263287642
2017-11-28,262.9347999011742,252.8580293366532,258.4852563624356
2017-11-29,263.27297606352846,251.62864009738948,257.77938519823425
2017-11-30,261.8997369715305,248.32003225310552,255.15186276894215
2017-12-01,261.6943286805468,249.15198434274714,256.56568274958346
2017-12-02,264.22463581925433,256.26160843278126,260.11427075887684
2017-12-03,263.94943626340154,253.89287505172823,259.28501073994073
2017-12-04,262.7969432580493,252.68978220185406,258.11203268389363
2017-12-05,262.4281113224581,251.43866268411747,257.2204540848714
2017-12-06,262.56091337612384,251.04926826587294,256.6995926307358
2017-12-07,261.0206187179859,247.08142984816317,254.2423746375426
2017-12-08,262.9684723405351,249.80236383032667,257.6014519434718
2017-12-09,267.1590703584716,257.06132337216116,262.5872722582181
2017-12-10,265.81275862498194,256.76657390396645,261.01231767408103
2017-12-11,263.4933565146095,258.3872888725333,261.2864881876196
2017-12-12,261.83581724922647,251.65808328268253,258.0952644705314
2017-12-13,258.0135660682079,250.1496714957216,254.5552285005646
2017-12-14,257.10256582404577,251.39124125942513,254.62993176320128
2017-12-15,258.1233519286765,251.39504250841802,255.13681521516995
2017-12-16,256.8335591496094,247.4693306143185,252.66189439397738
2017-12-17,255.04860619575769,246.82193266196396,251.63431011304462
2017-12-18,258.6620056673316,251.66719298734583,255.31490131092644
2017-12-19,260.02891109176295,252.81382421515522,256.71153099284453
2017-12-20,261.6295599773788,254.48866522760756,258.33071444836656
2017-12-21,260.8763084838498,250.77255795050533,256.84640468903837
2017-12-22,255.96402089316615,244.99724947400523,251.16935587692683
2017-12-23,257.54693864002917,248.0429374030279,254.05207555681866
2017-12-24,257.97607338240124,247.9055781158026,253.7449879140068
2017-12-25,256.25127660173024,246.26460737020483,252.2852672966224
2017-12-26,260.1181167615546,251.287874628162,256.85873626153057
2017-12-27,262.19931641311456,253.20229220547625,258.23034759587296
2017-12-28,257.2750143464104,247.63591708692326,253.28470856129843
2017-12-29,253.10255530444152,245.1729236643252,249.20950783027848
2017-12-30,252.31266840340587,244.78380661404339,248.23877792843825
2017-12-31,252.92742966598277,245.25180671429382,249.23092784709803
2018-01-01,251.9902676676003,244.27977468303598,248.0291706912956
2018-01-02,251.12597626445626,243.6747315884621,247.3778394725496
2018-01-03,253.41855407354072,245.71150760080417,249.76672669475704
2018-01-04,255.3655925959811,248.1846361990207,252.18955724997213
2018-01-05,256.4369860391154,248.00373085091778,252.54288592591482
2018-01-06,253.85102684284251,244.7027493875347,249.3536939985052
2018-01-07,252.62023471170923,244.48975714508072,248.30384613273097
2018-01-08,253.54621821072035,245.22468140626157,249.09039376041252
2018-01-09,255.27916740848704,246.11832407730506,250.5933741017716
2018-01-10,256.4731139929199,247.65596857051798,252.29551712679213
2018-01-11,260.4008510307251,251.64557217737493,256.53422387844046
2018-01-12,259.38895836046936,249.6014388792448,254.72863164287685
2018-01-13,258.43140210517146,249.58217554925156,253.9585619978146
2018-01-14,258.3635664508899,246.47476356923534,253.17510463933775
2018-01-15,256.7800855692376,245.09579339822997,251.67601147310418
2018-01-16,258.9818731615979,249.2318133565851,254.4578248828703
2018-01-17,258.9565596720047,252.27135135388258,255.9121204450744
2018-01-18,259.5653738878039,250.3869410154436,255.32118673508444
2018-01-19,259.6796938225973,247.3221942720805,253.74615914075846
2018-01-20,258.0155754103077,247.44966410204773,252.96614327345995
2018-01-21,259.51439234400766,250.03486137803466,254.34533920468922
2018-01-22,259.04272012567736,249.70096699972484,253.90277858938555
2018-01-23,257.91539259561176,247.41617227929686,253.26751805675227
2018-01-24,256.8089323531931,245.87148861747295,251.35724719319143
2018-01-25,255.94158836032366,245.7772791842239,251.09832839252923
2018-01-26,255.33049038391948,245.63955178945508,250.30321594371426
2018-01-27,256.7429101482814,247.13459341808084,252.5918765310734
2018-01-28,259.06241693556495,251.01277637965237,255.46866774182647
2018-01-29,260.91896929936144,254.06144709404376,257.9830245768731
2018-01-30,262.87019134811084,253.8626095336215,258.7611625873437
2018-01-31,262.76285334709,254.60602063116661,259.60384294541325
2018-02-01,261.90079604354344,250.5130437217678,257.46838180617584
2018-02-02,258.4909320321771,249.54058620215113,254.3067975072653
2018-02-03,258.01886831778404,247.75232009341434,253.7236978825714
2018-02-04,255.41389228682942,245.5726185519496,250.73206840312469
2018-02-05,255.8438721014776,247.4407318475832,251.76819306849833
2018-02-06,256.5928507599736,244.96183216666796,251.2024930766816
2018-02-07,257.10640807713895,246.35547226498065,252.35352648807984
2018-02-08,256.5015861755704,245.9109501064652,251.55388263371734
2018-02-09,255.64535793042145,244.67964925449405,250.52539345753772
2018-02-10,257.2875568473369,247.19776000328415,252.60469537539984
2018-02-11,258.21189815100774,249.61254983090134,254.497554668784
2018-02-12,259.242108518776,253.8315094479549,256.82101212882685
2018-02-13,259.060931328432,252.23774728839726,255.78844813988775
2018-02-14,258.7618317958503,251.53925070972636,255.76820306148593
2018-02-15,262.9496325056782,255.13335674940353,259.26497625701734
2018-02-16,261.93430869125604,252.67807812609743,257.7841468709089
2018-02-17,258.4907023109095,249.01976935216157,253.89251553478326
2018-02-18,257.7148302618779,248.27074176833077,253.11106804228143
2018-02-19,258.6173662784621,249.08384983644703,254.3838567557309
2018-02-20,260.8868151995874,252.3532564335171,256.7809203948408
2018-02-21,262.60564846138953,252.70673106836432,258.02014234138915
2018-02-22,260.7704503324371,251.66757941723353,256.4203702287197
2018-02-23,260.450443986559,251.87003464937808,256.70735875791866
2018-02-24,263.02607807245835,255.87199370460894,259.97267585600855
2018-02-25,263.5593587900805,251.97980115442596,258.5799841554558
2018-02-26,264.01170084464627,252.5459942135196,259.92437428788
2018-02-27,265.7838729562386,256.8742709546853,261.70454070819073
2018-02-28,265.16732922464905,256.3321845209695,261.16552352512366
2018-03-01,265.7275790940111,258.5168985915962,262.5970537869725
2018-03-02,265.5893224368997,259.740142783619,262.699676709385
2018-03-03,264.0802451188648,257.29047185168383,261.46733384762973
2018-03-04,263.20232896407316,253.66192044997615,259.0547658678627
2018-03-05,261.46509584851395,250.20839198401634,256.48591298927914
2018-03-06,259.9071497167906,248.2886189948219,254.70274845600792
2018-03-07,260.30491647630913,250.12225693828768,255.34373347254547
2018-03-08,260.66124565459194,252.00387624760708,256.1379941159127
2018-03-09,261.713072810549,250.2994294563109,256.5349489598315
2018-03-10,260.97499597082634,248.04165345934484,254.70330838148536
2018-03-11,262.54708010211584,249.92548584273695,256.9386139577797
2018-03-12,264.0351047135138,254.24946376788344,259.509326114659
2018-03-13,265.2425570326485,257.32450143387365,261.73241274480876
2018-03-14,265.23406688566337,258.7509992412862,262.33349143192066
2018-03-15,264.82075361767244,255.91071411714913,261.0463655500714
2018-03-16,262.5103896809238,250.096277476533,257.2296918426561
2018-03-17,260.3918425451347,248.15704732242372,255.02270605073898
2018-03-18,262.2253884297413,251.17263367579181,257.6040416184661
2018-03-19,263.6854068391087,254.60822100692485,258.6883773575237
2018-03-20,263.90159721786347,254.33656227591973,259.00761171115676
2018-03-21,265.68955195419835,255.2143521591061,260.72369611309836
2018-03-22,265.96279421101417,252.22497893385153,259.86346202559736
2018-03-23,264.69572278159956,251.11650074498147,259.2152545700956
2018-03-24,265.53285699459224,251.41717092047375,259.3059835727835
2018-03-25,265.9120663146329,252.24410353475062,259.6512795039894
2018-03-26,267.45168454953824,254.97066348002792,261.60320107719554
2018-03-27,268.9669776834886,257.6253688904718,263.7191539780816
2018-03-28,267.55683526033056,254.14084344892277,261.68634846662366
2018-03-29,266.769019293578,252.68806195716445,260.1505386700831
2018-03-30,266.74973169567204,253.11761900370186,260.7665547089829
2018-03-31,270.00381745905514,257.2693464842017,263.8379366465381
2018-04-01,271.17452413590803,258.72577113457373,265.0870577720435
2018-04-02,271.3360040453141,260.283771813932,265.9586390116024
2018-04-03,270.24647564746857,258.977264227155,265.33929494405146
2018-04-04,270.0088718653946,256.0280446246784,263.81274019678034
2018-04-05,269.83080822639886,255.54151773177617,263.80102636651856
2018-04-06,270.4481331127181,257.95991112818496,264.4776987678048
2018-04-07,271.18635419943683,257.6897394985904,265.0687963723064
2018-04-08,271.33434336248064,260.524095911789,266.8550517170878
2018-04-09,271.2166491029477,263.4211394748335,267.5562589488961
2018-04-10,270.6320432622354,264.05985024240334,267.37213255071947
2018-04-11,268.7874972703307,260.95723204274066,265.4966455129713
2018-04-12,267.36089391165086,255.84909722045902,262.8588396114689
2018-04-13,265.9551991335886,253.30941377801418,260.23669236600773
2018-04-14,267.4105736564105,254.93193883882657,262.3008512044875
2018-04-15,269.3739687487377,259.3702913974532,264.5496844248628
2018-04-16,269.4322141801839,260.79819462269865,265.34809750054444
2018-04-17,269.63053163084544,260.64117819277607,265.56280546484294
2018-04-18,269.87693851857546,260.4687719207826,265.88019174553233
2018-04-19,269.3394925050336,262.5687150191528,265.97023318196165
2018-04-20,268.1536975182647,262.54996755518425,265.6241905696689
2018-04-21,268.23900488635894,256.89090077229474,263.9002023831274
2018-04-22,267.2226937219761,254.17760067903643,261.1772321288827
2018-04-23,267.6379304025349,254.8780432731969,262.0031526179741
2018-04-24,269.44622033975395,258.826364942858,264.02710567531284
2018-04-25,270.4549739934621,259.8279398706325,265.02148307596565
2018-04-26,270.8102927702563,260.01549875993567,265.55107401402836
2018-04-27,271.15805753970244,257.7298489160829,264.8070485190372
2018-04-28,270.59602232093044,255.89701233110893,263.7282814303574
2018-04-29,269.4350223025565,255.14700747466907,263.09297758901596
2018-04-30,271.7822378544683,258.2112493542788,265.1401331940886
2018-05-01,272.7737577161881,260.5584832256395,266.86660001294337
2018-05-02,272.87809945623695,262.3412363292562,267.9054314136919
2018-05-03,271.7165209091723,263.015279078576,267.72460946818535
2018-05-04,271.6163466359714,258.8380364204839,266.35171205630917
2018-05-05,271.37506387747146,258.7881315843941,266.1149761784554
2018-05-06,271.7990262630184,263.3899633796564,268.16926847623125
2018-05-07,271.2688271480082,262.6987881875331,267.57404509295696
2018-05-08,270.7436389843865,259.50692500205196,266.064232054189
2018-05-09,269.8686109039754,257.3353568843656,264.6653532790337
2018-05-10,271.55758201062395,258.46114459627796,265.99413098774335
2018-05-11,274.4464404911486,262.1882938959009,268.84813320977
2018-05-12,274.20941090902977,264.7756583519252,269.7362099325449
2018-05-13,273.50816036720255,264.57707792404943,269.3178607637876
2018-05-14,272.5575602633362,264.7944974009965,269.1078788691834
2018-05-15,273.43933810269414,265.02640646371464,269.65479068855706
2018-05-16,273.4856790382349,263.34191573822454,269.02350968873606
2018-05-17,273.2311552367868,262.82508897243997,268.73706282792403
2018-05-18,272.82136676083627,263.857631879871,268.93607184063404
2018-05-19,272.69336693086115,263.56097140983013,268.69500325329767
2018-05-20,272.28924705440824,260.5532895172767,267.47313468724974
2018-05-21,273.28570471159856,260.1731810972836,267.86632406004145
2018-05-22,272.9163925649016,261.52969386298787,267.9111790202027
2018-05-23,272.73252202584547,260.7514360016136,267.5122359711457
2018-05-24,272.45413075625055,259.0556161614827,266.62863804845307
2018-05-25,272.99922927739374,258.8544498904744,266.40021517768525
2018-05-26,273.4894827427034,259.391669923631,267.4219998042669
2018-05-27,274.1274828181295,260.92922923016533,268.1074304090728
2018-05-28,274.353098438137,260.9138096635953,268.12667356979
2018-05-29,274.214294928328,260.7348775648187,268.38421029910944
2018-05-30,274.356473001146,260.4609756950173,267.841846671154
2018-05-31,276.314989960572,261.35859798114984,270.12497931603036
2018-06-01,276.5497436763286,263.0260821255188,270.8220143457864
2018-06-02,277.3999488843987,263.8352799892959,271.5672307866459
2018-06-03,279.4688911049079,266.3415239679904,273.8145263527678
2018-06-04,280.0946646951678,267.99367594726806,274.5312473759481
2018-06-05,279.87290246657625,268.8427144094757,274.8866756699274
2018-06-06,279.2884050797842,267.32384161118944,273.84930297503684
2018-06-07,280.52659422844346,266.45242117721733,274.445719711018
2018-06-08,280.1575557508947,267.6994213631821,274.5609400748602
2018-06-09,279.94158863772816,268.5931552021871,275.11371204071486
2018-06-10,278.8059877328796,268.9661596917416,274.5927937294539
2018-06-11,278.9335914717416,267.3585975708138,273.84896402916974
2018-06-12,279.0781827116406,265.89180977550103,273.2897966494966
2018-06-13,279.73385541940905,265.43993421952206,273.4988314403032
2018-06-14,280.60345448431775,267.10839063145215,274.9707531406394
2018-06-15,279.34028972576607,268.79847724833957,274.98591084323806
2018-06-16,278.2804055380584,269.4016158528371,274.21825736160247
2018-06-17,278.0622733224378,266.9983208157633,273.34887589811234
2018-06-18,278.4956308544387,267.5723018711935,273.6844806574871
2018-06-19,279.3073695258416,267.98849213715937,274.3919797065741
2018-06-20,278.9908911702192,267.9850527196165,274.2079701445568
2018-06-21,279.2050858928898,268.1843658697791,274.4179284601443
2018-06-22,279.0609416299549,268.0247276562051,274.50426029181517
2018-06-23,279.2525326513168,269.8627032679603,274.94152035721044
2018-06-24,279.46594561241886,269.30515193652997,274.9702276282292
2018-06-25,279.8716517049308,269.042321925027,275.17500548317935
2018-06-26,280.20100485621066,269.9467879124517,275.6724679260342
2018-06-27,279.48766384990444,270.90532618386675,276.0322566864395
2018-06-28,279.2316132416602,273.11473323209066,276.59343533312403
2018-06-29,280.104818540572,273.1620174937334,276.9634282926822
2018-06-30,281.7895815728493,271.8675377934678,277.5393318515027
2018-07-01,282.82029163650435,271.7069898631954,278.0541802717137
2018-07-02,282.2556228125292,271.4669143059015,277.29199768577524
2018-07-03,280.665759850754,271.69789135339585,276.696417868164
2018-07-04,279.0013498393013,271.2930099860911,275.5158273496339
2018-07-05,278.90111679720934,269.93039054447826,275.09761100961356
2018-07-06,281.25452867529367,268.8197058988305,276.15642781511184
2018-07-07,282.83599127974446,269.3530388296273,277.29546797017673
2018-07-08,284.1359336824343,270.9834567287237,278.7534979598838
2018-07-09,285.15315635621255,273.6154438676559,280.0180118863116
2018-07-10,284.9823049922154,273.6933435714394,280.06974473068396
2018-07-11,285.2918600380693,274.2447390164019,280.2203025341248
2018-07-12,285.08194485971853,273.62545903697304,279.8953751693214
2018-07-13,284.1588232268102,273.3738349847668,279.21843998274466
2018-07-14,285.50584826445925,272.49270884215997,279.7552846057347
2018-07-15,286.17668175524506,273.1033681252017,280.2692331843828
2018-07-16,285.7889419495288,273.6873319730956,280.62051747364956
2018-07-17,284.93098825317776,275.1452573939015,280.2301477572152
2018-07-18,285.00049942742953,274.6836677235821,280.0977782448184
2018-07-19,285.34657500122836,274.7665638857502,280.65770435955903
2018-07-20,285.20689831290423,275.7204658486608,280.60118883476406
2018-07-21,286.00679625079874,276.14166214115494,281.54605170663746
2018-07-22,286.8694372507151,276.85674053032767,282.04542276308274
2018-07-23,285.442379829283,277.21942787927736,281.5313362765096
2018-07-24,285.60821887719953,277.27165280024786,281.6559103507129
2018-07-25,286.2300200269554,276.88664532359536,281.66562506655754
2018-07-26,284.722461776924,276.64177217017976,280.75425543027853
2018-07-27,283.2282924518923,276.2196944237653,279.8060350953755
2018-07-28,283.32982557348066,274.7549869404665,279.2568579595569
2018-07-29,282.6276044208884,273.9799018252684,278.54008262073415
2018-07-30,282.8792864008615,272.42993128152926,278.27918932982783
2018-07-31,283.2349460384306,271.7644234866201,278.3606752461381
2018-08-01,283.78242744290935,272.44493295954896,278.9106576212598
2018-08-02,284.26425300709747,273.6639885173578,279.54809388763374
2018-08-03,286.13753012464036,274.22651846230764,280.86356339146766
2018-08-04,287.7095371339817,274.6777659908428,282.2014169910048
2018-08-05,288.72909726871114,276.9372467645371,283.39921959123154
2018-08-06,288.0251951717038,277.4482826967154,282.85459221995023
2018-08-07,286.24254069033174,277.0252526122932,281.68603861168225
2018-08-08,284.83475641891476,276.8859946702974,280.8607736721929
2018-08-09,285.2053977540861,276.021793636699,280.96257486901055
2018-08-10,285.975766007459,275.6393248660294,281.1911593488605
2018-08-11,287.1033684425686,276.07387965410254,282.19815498749176
2018-08-12,286.882151167888,276.6327040123953,281.94341810695755
2018-08-13,284.0850894668375,275.80092455252776,280.15520248906125
2018-08-14,283.83625307579973,275.28615365731105,279.7958968386361
2018-08-15,284.88306371017256,275.03858433313087,280.4204893741172
2018-08-16,285.87584684775544,275.8522734079698,281.2701256371315
2018-08-17,286.1946333812556,276.17967605697953,281.42102080563996
2018-08-18,284.66079590095165,276.27006497295747,280.66525808164505
2018-08-19,285.4612768126626,275.32746795000776,280.89434329916224
2018-08-20,286.66685231657016,275.368062884066,281.6642704972312
2018-08-21,287.0631821663592,275.7307013798231,282.0326259880123
2018-08-22,286.1878690404707,276.499378999661,281.67069446401257
2018-08-23,286.0699677338702,276.2177932084448,281.29006387244607
2018-08-24,285.6444197935018,275.2652643319268,280.59776355394547
2018-08-25,284.0895677991724,274.94931695668294,279.55059110342285
2018-08-26,282.5319731169258,274.5248123031876,278.60444394965486
2018-08-27,283.4986528630524,273.9505868573595,279.1029612393107
2018-08-28,284.7122498404453,273.63994771519293,279.68631137701374
2018-08-29,285.02809893930726,273.60288218393896,279.80626498176116
2018-08-30,284.5416933208572,273.7019528430014,279.47344761349615
2018-08-31,284.67319361875684,273.447780633999,279.49522439734204
2018-09-01,284.5007653265453,273.9922306162685,279.50082219658645
2018-09-02,283.80989513110654,273.9383109467103,279.10007566304876
2018-09-03,283.2118300349877,274.3458385394877,278.7952639444994
2018-09-04,283.96370512458566,273.0276619313494,278.8939267101289
2018-09-05,283.73486061615154,272.6213086734156,278.6361416328704
2018-09-06,283.7382705819002,273.2606887670389,278.9643754911093
2018-09-07,282.6123853492412,274.1021307211529,278.5039050977914
2018-09-08,282.85263728760407,273.3088505185637,278.3745990117357
2018-09-09,283.03787255497804,273.0542209889697,278.20291981218577
2018-09-10,282.719738834388,272.60921260050833,277.7821570148962
2018-09-11,282.0180419052554,270.81776404290457,276.9934974744177
2018-09-12,282.11777174230605,270.07033562070103,276.825638363147
2018-09-13,280.2557942568582,270.1506090404646,275.41008693457894
2018-09-14,278.19265747983826,269.4860176110147,273.71374040383586
2018-09-15,275.35165671426114,267.5056849031683,271.80025350353293
2018-09-16,275.39567524850514,264.3060656655004,270.5140622399474
2018-09-17,275.25610067575315,261.70080154126526,269.2311081976076
2018-09-18,277.3463239867684,262.8974123061482,270.91015220896946
2018-09-19,278.66715504319194,265.1293326541433,272.36974675278253
2018-09-20,279.06273360605854,266.3263928528937,273.14812041024874
2018-09-21,278.8713457440032,267.3692249313828,273.4713180960677
2018-09-22,278.15287632243707,267.3255051953982,273.2856871089346
2018-09-23,276.5951319485248,267.44747518825704,272.36293214052006
2018-09-24,276.4123371812026,264.99212759795773,271.2126408537163
2018-09-25,275.69377961113196,263.8808543973201,270.20901723436947
2018-09-26,275.0667539827674,262.42796035249086,269.22463870749374
2018-09-27,274.5651741703955,262.7088787111771,268.893601201639
2018-09-28,274.9714407387264,262.90352631130264,269.38676615632033
2018-09-29,274.83527776953343,263.3274305171289,269.5598493524517
2018-09-30,274.2220827019211,262.43706324230396,268.89952368705383
2018-10-01,273.81406857483904,260.8469836139271,267.749174938241
2018-10-02,273.8419828862048,260.58796057894244,267.64646659145006
2018-10-03,273.770832042914,261.94407220220734,268.19209379550915
2018-10-04,272.73576851440174,261.9231883712668,267.56446982810735
2018-10-05,271.97148452931503,260.764601517342,266.8223284033611
2018-10-06,271.5331267471451,259.4574263619079,266.1054471822819
2018-10-07,271.566016992421,258.023919064858,265.30027937910603
2018-10-08,271.37398996200557,258.4159916574239,265.9584279935631
2018-10-09,270.9469892613173,258.6390222142194,265.7504042597432
2018-10-10,269.51949935077533,257.5054635412916,264.0346394259916
2018-10-11,268.8670442770205,258.01560494777834,263.91664677001404
2018-10-12,268.1945937177875,256.67532906152337,263.06068569027116
2018-10-13,267.8405960140976,255.3321456761436,262.0565520345839
2018-10-14,268.21289154567165,256.11334616069894,262.6033130981518
2018-10-15,268.40502792451383,256.51089698421316,263.6831393424718
2018-10-16,267.60361276999686,260.79386450925574,264.7127374139958
2018-10-17,267.24039247289795,257.95682437864565,263.20372188399205
2018-10-18,265.7570390897392,255.36145081523372,260.76033580659924
2018-10-19,265.2043026458031,252.23050418694976,259.0398334268378
2018-10-20,263.3938710160774,250.03866326067077,257.2034905784346
2018-10-21,263.26363027003856,250.13926338854503,257.0173465343128
2018-10-22,262.30035144264195,249.09587866370524,255.80188611816666
2018-10-23,262.8598855539857,250.29319858442474,256.42646959010034
2018-10-24,263.3411632617219,250.41324334137934,257.3520890989357
2018-10-25,264.1562308054428,252.18871699968636,258.01155253691684
2018-10-26,264.3481627104364,251.94789356575208,257.9572151115458
2018-10-27,264.96440798199757,252.144091731755,258.592305910216
2018-10-28,266.79682353434055,253.03885227637076,260.0958488733733
2018-10-29,268.0192539903073,253.78884858642817,260.9651783136034
2018-10-30,268.71414285043454,256.32858251333494,262.4798126916124
2018-10-31,269.1172753529801,258.25961775738415,263.9383682201515
2018-11-01,267.2299183460057,259.85043538298174,264.30641511962114
2018-11-02,265.43991980054045,259.0026708999246,262.26518798580196
2018-11-03,263.0745169998041,256.71350547841763,260.38727991256656
2018-11-04,261.27478821700305,251.38205317650437,256.93687016091167
2018-11-05,258.86836650500595,247.37203849214688,253.66657317184755
2018-11-06,257.3731052585917,247.03964014425938,253.25936499544656
2018-11-07,260.75564531033893,251.67435185680876,256.67945281145023
2018-11-08,262.7049314482423,253.80667930189446,258.65393540274886
2018-11-09,262.809924031513,254.40645498106375,258.98124789223806
2018-11-10,264.0597409418337,256.07284725871125,260.35387004167245
2018-11-11,264.00865487229095,256.76181343140155,260.57885127749415
2018-11-12,264.1409652711539,257.523164055888,260.8569666419658
2018-11-13,263.2185226814639,255.7691662873263,259.8641471459066
2018-11-14,262.6014947164967,255.5193535972836,259.4859191702042
2018-11-15,260.18160033424203,249.96989987204438,255.8800836338465
2018-11-16,257.728593352622,247.22492266284232,252.83688569090015
2018-11-17,256.0814833449392,247.1827340628032,252.8009705899433
2018-11-18,259.9375095631057,252.783478331621,256.35459030642335
2018-11-19,260.741472143596,253.32463564133806,256.8291099789925
2018-11-20,260.2166332525452,249.70706677766364,255.11180041293494
2018-11-21,259.37158862674033,249.9201954176452,255.4211486946205
2018-11-22,261.1685657450188,253.40449058826835,257.67733366170063
2018-11-23,259.30704401479505,250.02847924279948,254.68322887018627
2018-11-24,261.3936041433957,251.7597743457041,257.61458577512775
2018-11-25,263.94553593397103,252.5319107694081,258.73351680624756
2018-11-26,259.9394505132471,250.66683416873673,255.2809377579887
2018-11-27,262.6702788214392,253.355895258955,259.35191028144754
2018-11-28,264.42175030605506,256.00560996647135,260.4761649601381
2018-11-29,261.1422542933802,249.55597159747887,255.92149507108235
2018-11-30,258.7640636639185,248.3047271379041,254.00971061448217
2018-12-01,259.1565289059993,249.7867245768704,254.56457123993928
2018-12-02,257.071933953536,247.54223365092136,252.40159849912482
2018-12-03,256.96333313003316,247.79761913177362,252.69033315827332
2018-12-04,258.6918502371677,250.16613473664424,253.97968238746293
2018-12-05,259.16375131808604,250.59114443656148,255.10307025444055
2018-12-06,257.9654295090273,246.03015456006474,252.57885502813198
2018-12-07,257.061449286325,247.67551338006817,252.83494991377228
2018-12-08,259.65261918947675,250.8675356190436,255.61093475113088
2018-12-09,259.951296614546,252.8996738731899,256.3989963595995
2018-12-10,259.84697594648753,253.54017745561816,256.80689595566093
2018-12-11,258.63132584080495,250.95474920863376,254.84703678803945
2018-12-12,257.30170582800844,248.27040622030913,253.4424742812403
2018-12-13,256.00806517170645,245.40142830404665,251.17913150338612
2018-12-14,253.40063624377478,243.8880998831534,248.9562098517674
2018-12-15,252.89353854901626,244.78999571837522,248.88242434946395
2018-12-16,254.51929660266916,246.07815189316187,249.99486077205123
2018-12-17,254.854896686725,247.3643000224955,250.7181692956785
2018-12-18,255.98240606260467,248.37028476831642,252.4368041064815
2018-12-19,259.1676149959119,248.64584005264496,253.9221249130497
2018-12-20,256.5825022930731,246.89571652482175,251.47356511737956
2018-12-21,255.02734961504308,245.9826506427764,250.43000682329486
2018-12-22,256.09140602667765,247.562501818524,251.49519937088405
2018-12-23,256.27781003091854,247.67551340322592,252.20429268435333
2018-12-24,255.49682584488426,245.94666195787488,250.5776129464419
2018-12-25,254.35553979596622,245.521403003902,249.55890562201697
2018-12-26,254.8731662545753,245.56087711733628,250.49524319043826
2018-12-27,253.46498711012134,243.6655670686086,248.6417407954571
2018-12-28,253.65489792533484,243.7525106733915,248.80277251516205
2018-12-29,256.2759526416753,246.67235725850077,251.85958767465308
2018-12-30,259.2648565997121,249.48553041614971,254.32215056688293
2018-12-31,257.4924622169995,246.02961058332872,251.82289986126372
2019-01-01,258.0601097304263,248.1163245728585,254.24698507121028
2019-01-02,258.6954479955401,249.92067270436877,255.0907568963197
2019-01-03,254.9316197073696,246.34053009441928,250.65094092419184
2019-01-04,256.3806843411414,247.0416956543783,253.49089728978166
2019-01-05,258.7624105867198,252.02673242051046,255.63738927653174
2019-01-06,256.11007935251655,247.13708129148378,251.96808594735157
2019-01-07,253.42055357911497,246.12680160390798,250.2526036816409
2019-01-08,256.2757637378547,248.840047935805,252.83550092780692
2019-01-09,253.9191532295251,246.31020589727092,250.19456936447705
2019-01-10,255.02103687236226,247.1751898870557,252.34808474937927
2019-01-11,257.37310245890785,251.49956873723642,254.45228244305721
2019-01-12,256.67525328949245,251.66767743403034,254.3665053115664
2019-01-13,255.12405058472044,244.21247109100685,251.0763186026438
2019-01-14,251.1943975462619,243.5851392575059,248.0604162607052
2019-01-15,256.02310989843846,248.29163250517342,252.9834706111391
2019-01-16,258.91688828156214,251.487451828691,255.96507045752372
2019-01-17,255.38054686211564,245.79038344299235,251.14316035958853
2019-01-18,254.3588691722668,247.16681459354265,251.75601102650754
2019-01-19,257.80187559576797,250.55328720108622,254.83311999100823
2019-01-20,259.67858702467845,254.4938555358387,257.5465173311996
2019-01-21,260.20286073106354,257.001048898948,258.65020292023604
2019-01-22,259.93744578604714,254.79910567439015,257.68487188253346
2019-01-23,256.9649441363705,250.73611618818444,254.08427519509502
2019-01-24,255.00036257449108,248.70961302755288,251.75233776274524
2019-01-25,254.6027789098024,246.9572237445904,251.08318685866473
2019-01-26,252.57325435807266,243.43900077223847,248.51132594263441
2019-01-27,249.70507616501064,241.73010449984122,245.60209620973404
2019-01-28,248.4251198904822,241.72921718591533,244.81712532127133
2019-01-29,251.28115659047123,242.81767995309949,248.09728535050124
2019-01-30,256.47163864422697,249.3541239066865,253.49856512559498
2019-01-31,258.4821247851897,252.227304982196,255.36060139807844
2019-02-01,258.0494849908955,249.6440938613299,254.1535599447157
2019-02-02,256.68851159445165,248.94285774600326,252.78731684885716
2019-02-03,256.4206197244695,249.05575255352176,252.49439516299347
2019-02-04,258.2808240401774,250.80348866961307,255.5831276751709
2019-02-05,260.7145378518543,255.4603721797334,258.10204281577285
2019-02-06,259.923086408965,256.0733003161683,257.95590287893395
2019-02-07,260.1195274330808,256.2148279463264,258.09630561314674
2019-02-08,258.25255315492694,248.24678225000886,254.41818725629383
2019-02-09,255.003752565273,247.17041927465883,252.00796196632234
2019-02-10,256.5222846064302,250.30561658324734,253.4190775643799
2019-02-11,258.89409930336785,251.50418897206887,255.0365463272841
2019-02-12,259.9911702886611,252.71461135987477,257.19284357818543
2019-02-13,262.5525368175799,257.2847877228345,259.94696120196534
2019-02-14,262.7147862872678,257.7862149592328,260.431387630166
2019-02-15,260.655513417546,252.73111842856605,257.4487756783345
2019-02-16,257.3201908411135,247.3765103972234,252.86383664983165
2019-02-17,257.7655302772828,249.08733420863237,254.9100314754976
2019-02-18,259.25281422504594,253.54140588941553,256.7339456780686
2019-02-19,258.61528631076976,253.0938673205261,255.85979762478738
2019-02-20,260.27032395083233,254.59658250178876,258.1059641436827
2019-02-21,262.1412071400242,256.1286188679937,259.5345959625474
2019-02-22,260.17780541404915,250.96270807388913,256.2127230466676
2019-02-23,257.46083901395747,249.56797927601778,254.01423212171295
2019-02-24,258.7313700435489,251.37910340527935,255.21741377727867
2019-02-25,257.5724915408371,249.92431005045742,253.8228315923274
2019-02-26,257.0886257849428,250.1957642605465,253.69253516190224
2019-02-27,256.7333213073183,246.99587489559042,252.2199428543011
2019-02-28,255.2078979914817,245.80973842417825,251.18464338709256
2019-03-01,257.8515318164077,249.89174065076477,254.79380151074224
2019-03-02,261.00355049979487,254.96303409850395,258.64127302081516
2019-03-03,262.5373856837579,254.79919598626662,258.91841787249695
2019-03-04,261.13775785964054,250.9104692241972,256.6325813850154
2019-03-05,259.48146663557935,248.44994567085226,254.41626028014548
2019-03-06,258.2974140317256,247.85485754968272,253.55279595161912
2019-03-07,258.91722642235175,250.4918942211464,254.7152421530393
2019-03-08,259.28373456421014,249.66007747727096,254.71022093266265
2019-03-09,259.8757043654488,247.25095464626588,254.04249027450848
2019-03-10,259.3580587159296,246.89492795028266,254.25788663996886
2019-03-11,260.9298677040933,253.12021069439652,257.65733134465444
2019-03-12,260.8114401953969,248.51640618187255,255.39557527796234
2019-03-13,261.03816455293656,248.6546076321416,256.80772823006197
2019-03-14,262.42953674800145,254.46406096276024,258.7624686162408
2019-03-15,261.5139330577501,248.93316383034926,255.93229953087553
2019-03-16,260.9811795715792,248.7401915731654,256.1819959221309
2019-03-17,263.4612703378111,253.50627992443842,258.506583902259
2019-03-18,262.55333516935866,252.91158807787727,258.1122258766445
2019-03-19,263.64122115036156,254.5953584929676,259.57936481136375
2019-03-20,263.7083295134541,254.93294377045783,259.959617637967
2019-03-21,263.0682671679457,253.0906116773205,258.44932480989814
2019-03-22,262.31127954627215,251.46495238489695,257.1466789317875
2019-03-23,263.6854038790873,252.86871106222725,259.44803338684835
2019-03-24,264.777562991099,255.44858090881277,260.41153020165393
2019-03-25,264.43669616404037,250.96294645905692,258.4588631333453
2019-03-26,264.3123099946818,250.27907193900725,259.03240755167724
2019-03-27,268.1711263950553,256.79720089209684,263.33726608023113
2019-03-28,269.41457179184977,257.1064680969246,263.75134740068614
2019-03-29,268.6073713526057,256.5610700867739,263.48989055873056
2019-03-30,267.5109818330366,257.9151494761466,263.37286476657135
2019-03-31,265.3937680946458,253.35852033255023,259.98877185275944
2019-04-01,265.03095378123766,252.28531357508288,259.0964243575246
2019-04-02,267.0650481543149,255.292966604598,261.5385391973557
2019-04-03,268.6918368243086,257.75055269826737,263.466834790442
2019-04-04,270.25417099487356,259.9319299101535,264.9334097731672
2019-04-05,270.1389074207846,258.7585702241055,264.6100481594307
2019-04-06,269.4486883491671,255.2737526405013,263.0890795850897
2019-04-07,268.29158271548243,255.189418531767,262.8489259582305
2019-04-08,269.47285974877866,257.7486967586029,264.2062371443066
2019-04-09,269.7399748793081,257.03304295166186,264.3493820732649
2019-04-10,270.5716284670797,259.7300126025221,265.65340910826586
2019-04-11,270.5254416616015,260.7810900047437,266.68374054897185
2019-04-12,271.34301747658424,262.78893330694433,267.5536026199693
2019-04-13,271.24867127366633,262.9816015085664,267.53153080830117
2019-04-14,271.8576585544624,262.9412240152407,267.8537156713667
2019-04-15,272.09392603137195,262.16536473204167,267.8444047113266
2019-04-16,271.4206603394361,263.7514591344954,268.145715963691
2019-04-17,271.25803645129866,265.2117172700381,268.29998946566343
2019-04-18,271.02288171005733,261.51370560812444,267.335542870496
2019-04-19,270.6392933252989,258.9298579993718,265.3303503996796
2019-04-20,271.5827931779172,259.1341761574589,266.2611762608188
2019-04-21,272.1432472852267,261.39191522402433,266.812934608689
2019-04-22,271.7118883413242,259.06285521753864,265.7255122624344
2019-04-23,272.05757399104345,259.43459905433593,267.2000487087249
2019-04-24,272.0604541990385,264.90910529508574,268.9114168599785
2019-04-25,271.73006589535225,265.2635431522423,268.4826099469516
2019-04-26,271.60550657250076,262.56080030211575,267.67387352793526
2019-04-27,271.37082198535245,261.7835668383195,267.2191181955101
2019-04-28,271.5805567121299,260.1685551190991,266.6901019124432
2019-04-29,271.88556080732275,259.5658004226987,267.1606036568485
2019-04-30,270.8829338892635,263.83140879530777,267.5419800433746
2019-05-01,270.50470647556534,261.80192803920437,266.447837242942
2019-05-02,269.98247509768,261.8382517546493,266.44157194759356
2019-05-03,269.55788643640915,259.2303399418293,265.37098499403515
2019-05-04,268.8284595162981,256.81940852736767,263.56594718517255
2019-05-05,268.35095643732376,255.4726833144389,262.932906388506
2019-05-06,268.7131330865739,256.9633232131322,263.2226741588658
2019-05-07,269.91678974623426,257.4346624381633,264.2374766533271
2019-05-08,270.3472334538821,257.7829893184954,264.54018713072264
2019-05-09,271.5867468982601,259.0496390022746,265.8190347433007
2019-05-10,272.5841415292567,260.73379960080337,267.4171836597967
2019-05-11,272.1043524864187,261.62443276395453,267.00578059712694
2019-05-12,272.2884218100313,259.9797174604836,266.6825919990971
2019-05-13,272.42018036317813,259.9219678155093,267.1717044728431
2019-05-14,272.6046358623564,260.02678317448186,267.11822757819715
2019-05-15,272.23260746485363,259.6924301261145,266.9132392435698
2019-05-16,272.6642425581543,261.9360010171125,268.648161555322
2019-05-17,273.33341308668315,265.912768932535,269.97541250492947
2019-05-18,273.5488949847109,264.10234589836415,269.7248184913984
2019-05-19,273.45659593372466,263.0579097238011,269.32841169613613
2019-05-20,273.90382320746727,261.17780787369736,268.9146966292091
2019-05-21,273.27477756145964,259.80522761138116,267.1522284837981
2019-05-22,274.38347723574003,260.3206592019085,269.0879509695961
2019-05-23,274.3731010604566,265.1175046552272,270.2513204097717
2019-05-24,273.63690121175046,265.7353373817126,270.1345252518411
2019-05-25,273.73903780095395,263.184605665766,269.27862417326315
2019-05-26,273.1605041822024,263.1069860264342,268.69908757405705
2019-05-27,273.1418657812863,261.5039266414678,268.18200744183054
2019-05-28,272.78313100185915,259.6244323136186,266.9045047868713
2019-05-29,274.13494640536857,260.2952081629517,268.5044477512547
2019-05-30,275.5472757987565,263.64242809619304,269.8884946630925
2019-05-31,276.3570072139503,264.82190156468954,271.1162521230269
2019-06-01,276.454964688851,265.1173824266823,271.3700365598942
2019-06-02,276.25724586372564,264.47085151907885,271.25526518193345
2019-06-03,275.8080619887614,265.14638054703175,271.45341581206543
2019-06-04,275.00062699120843,266.1104221079428,271.093929112248
2019-06-05,275.09466727767233,265.314091380429,270.7305665144422
2019-06-06,275.14649562057764,263.8131259594098,270.434339031282
2019-06-07,275.13432284556967,263.47879414348284,270.06183099181806
2019-06-08,275.32216387348655,263.8717934450607,270.34679328759574
2019-06-09,275.7719481942781,263.4951595957652,270.3473880578547
2019-06-10,276.62217632492985,263.6670482129465,271.6308449724561
2019-06-11,274.86337117044985,267.91926793829884,271.9725592174268
2019-06-12,274.3046987241492,265.9532396179847,270.8250543620083
2019-06-13,274.8363259683348,261.4620875345251,269.5401389257311
2019-06-14,274.9212842231427,261.33202664972436,269.41328206891325
2019-06-15,275.24053718365127,264.05062174335,270.68743528404616
2019-06-16,275.3674213397788,262.48739036000313,269.8530824353458
2019-06-17,274.7514947014445,262.3071463124331,269.1641971826345
2019-06-18,274.8769322695496,263.1257934545501,269.6655303242068
2019-06-19,275.2575569698506,262.6240024492684,269.67360881822793
2019-06-20,276.1366510366469,263.82099173949547,271.00590592959617
2019-06-21,276.21551970026485,264.16336822742824,271.06465222463896
2019-06-22,276.5329939350867,263.75616346511026,271.01941808640294
2019-06-23,277.02927168340767,265.24924787078874,272.16826224346676
2019-06-24,276.8612921958723,268.24146343815465,273.4163341923813
2019-06-25,277.20472956686115,266.7324699178586,272.8408750567002
2019-06-26,276.71753720653084,264.43608877084506,271.5591989556196
2019-06-27,276.3451693256522,264.71625147853456,271.0473775378482
2019-06-28,276.6694151587375,264.95077691888065,271.37198494182115
2019-06-29,277.9777304181493,264.8734587880193,272.80934646389744
2019-06-30,278.63640898721366,267.85298667769325,273.98564468165813
2019-07-01,278.41364462445665,266.01706287476173,272.9072763679741
2019-07-02,279.5041983311533,266.4865649708526,273.6475522939103
2019-07-03,281.12443622867227,267.532468757722,275.27203727333483
2019-07-04,281.5045826258644,268.94520245770457,275.8878448851125
2019-07-05,280.74446394181007,269.28356501291574,275.85900474857715
2019-07-06,281.4487709771006,269.3567863418453,276.35081867922713
2019-07-07,282.3448611655637,270.26766679395297,276.9811846412436
2019-07-08,283.4495708737586,270.41539302395506,277.6661206508814
2019-07-09,282.9132094169778,269.704856305118,277.0415823287518
2019-07-10,282.61163015196365,269.9689230203731,277.1606101451932
2019-07-11,283.3863601177053,271.7143178641805,278.2269401463325
2019-07-12,282.9213308630392,271.5617896454108,277.64419056451527
2019-07-13,282.6344553548104,270.817281195798,277.19431368357385
2019-07-14,282.41757333974766,271.4745513586995,277.284991951296
2019-07-15,282.04260957049024,271.3340568549809,277.29278796255727
2019-07-16,282.1936315630287,271.0828009176497,277.24892260190273
2019-07-17,282.84318706069774,271.0635635908601,277.5411050387612
2019-07-18,282.59450185688183,271.925056846164,277.8153411387216
2019-07-19,282.1498605493534,271.73567775624934,277.519807066919
2019-07-20,283.1634366254393,271.44610102202057,277.90302022820094
2019-07-21,283.8483531552639,271.39074046128843,278.16999741683503
2019-07-22,284.28954430305185,271.78008856121363,278.6142281375236
2019-07-23,285.1774344615583,272.22111628387734,279.30367834827945
2019-07-24,286.0242597781522,272.7888225278861,280.08058241711836
2019-07-25,285.2935958685012,274.10447045825765,280.2212290167374
2019-07-26,284.2450994165817,275.18245639266155,279.80838408258353
2019-07-27,283.28930182031286,276.30237381700164,279.81762881198676
2019-07-28,283.6940275445557,276.58507525187713,280.13663374904684
2019-07-29,284.60714104483793,275.69241202407005,280.5145582853816
2019-07-30,285.9408663442568,275.40273142694826,281.13496292240904
2019-07-31,285.5059538882823,276.0774468970772,280.98422268807883
2019-08-01,285.0239316972704,274.99129436309795,280.5115572599993
2019-08-02,284.85252232067364,274.489119660696,280.0427518188162
2019-08-03,284.28368389730576,274.4545815716522,279.9369590764513
2019-08-04,285.4058541584718,274.7643235140443,280.70654249574187
2019-08-05,285.8305345884533,275.1429319506289,281.0769663690875
2019-08-06,286.23886440994346,275.4764304320726,281.34657932562476
2019-08-07,286.5388455871592,276.17064031225186,281.5352343235848
2019-08-08,287.02041530943245,276.1549120378144,282.0012065952537
2019-08-09,287.2138639045477,277.1496131468288,282.11122510401685
2019-08-10,284.44017323254326,277.2834473097601,280.92975301471523
2019-08-11,284.89850769044466,276.97097243176637,280.9224959866833
2019-08-12,285.811479103418,275.4393859164937,280.9930166686374
2019-08-13,286.2853521191962,275.99329321033014,281.55308053651044
2019-08-14,284.57479718466874,277.3718163333573,280.99419594441014
2019-08-15,284.4126108615539,275.3803954336174,280.2076452976548
2019-08-16,283.8261611017129,274.970793320862,279.5502320169109
2019-08-17,281.4811307902658,274.9465811707207,278.2308210997381
2019-08-18,281.0310974500416,272.4562618469729,277.0071933953403
2019-08-19,279.5802206607272,271.07699793959796,275.49490951281075
2019-08-20,279.5116197976819,267.98022803777735,274.6475572657694
2019-08-21,280.62049964921357,267.60865969889613,275.05896808156047
2019-08-22,281.7994414549672,268.3336214692699,276.221840796049
2019-08-23,282.89575837218774,270.4275686810152,277.5648140979401
2019-08-24,283.25091263976543,271.24672187597685,277.97034524527004
2019-08-25,283.75554473302975,272.2340838475633,278.5661613275778
2019-08-26,283.9585834417706,272.7796432751808,278.87841845622535
2019-08-27,284.0400610961016,273.4573050624181,279.25625457735526
2019-08-28,284.1372026598077,274.5271787393199,279.7974000864911
2019-08-29,284.78572539396737,274.5849775373719,280.0530512185999
2019-08-30,284.42846057604424,274.02143303155776,279.67686226189653
2019-08-31,284.02338242169105,274.51764237028897,279.5384764987655
2019-09-01,284.1160852512674,273.82997163418906,279.4490851840335
2019-09-02,283.9367328801935,274.2288693731106,279.51485327167245
2019-09-03,284.800488563662,273.9375249614804,279.88606119803046
2019-09-04,284.7872994679492,273.15020800497956,279.4175955471579
2019-09-05,284.5345885633552,272.66716382370794,279.0107077530416
2019-09-06,284.0505907352482,272.1237238891693,278.5941733897054
2019-09-07,282.67557461928317,273.0715767630755,278.1183176026724
2019-09-08,282.73783130628556,271.6795522241579,277.82107005867715
2019-09-09,283.3187271749513,271.0235396445563,277.58983081882354
2019-09-10,283.3827296463912,271.1011995690444,277.8536482128671
2019-09-11,283.0032363698519,271.15066296468166,277.653006960081
2019-09-12,282.581862060508,270.77125941795464,277.2058302426516
2019-09-13,282.3491609095104,270.99375662908375,277.12108931222605
2019-09-14,282.11929034550013,271.4648399263365,277.0940965478559
2019-09-15,281.32522329734735,270.6259194517962,276.2810355905945
2019-09-16,280.28873839913376,269.2158834986596,275.11908475858763
2019-09-17,278.61758853973276,267.30211946688325,273.57694961235796
2019-09-18,280.458346627722,267.02209928589843,274.6215053233281
2019-09-19,282.12095740010375,269.1203941025329,276.24950854982967
2019-09-20,280.8346390625992,269.2583473496806,275.5093792347827
2019-09-21,279.8600133174627,268.8768782188665,274.61643558257606
2019-09-22,281.5630931502276,268.3425731845683,275.6926005876767
2019-09-23,282.99952706084684,269.7891372722241,276.8597282522831
2019-09-24,283.6342675982766,270.1324899822454,277.5334663154962
2019-09-25,283.66904880137236,271.4072977875256,277.8620832482582
2019-09-26,282.5772017681491,270.33430896924676,276.6904659671986
2019-09-27,282.3173128772791,269.61015785306637,276.50134161251293
2019-09-28,281.34872218084786,270.5454088635126,276.05819376365775
2019-09-29,280.3777122903382,270.15066343434074,275.2572493033278
2019-09-30,279.1282745658468,269.15856622200704,274.0132840495274
2019-10-01,276.7899449072985,267.58996582621484,272.4146661672976
2019-10-02,276.2371553452307,265.0039251994455,271.14911261531705
2019-10-03,275.2733975017966,264.3679328355639,270.680641145914
2019-10-04,273.6064451695307,265.5598345630904,269.90751216283974
2019-10-05,273.79083541489155,261.68813210321093,268.55322842132784
2019-10-06,273.729358823903,261.1661408958964,269.154424079746
2019-10-07,273.3840150471334,263.2594323463267,269.07893099647407
2019-10-08,272.46552357140985,259.7998393325367,266.67523802823786
2019-10-09,271.23423393140746,258.6091333698877,264.80009449573026
2019-10-10,271.2548655029326,257.80929326694144,264.7844805517013
2019-10-11,272.48181627450185,258.5812140399402,266.14601868752766
2019-10-12,272.81975349684194,259.59031927098107,266.2354911932778
2019-10-13,273.28305219029573,259.7735481250362,266.8929458049585
2019-10-14,273.7705558596067,260.31617271939234,267.2368466584569
2019-10-15,273.88532977741573,260.88687481178124,267.54775917596385
2019-10-16,274.44003136944383,261.5586920484493,268.15285270082336
2019-10-17,273.4175795125336,262.7894072651894,268.2950354009702
2019-10-18,271.18154606216916,261.6754824432442,266.74467508484577
2019-10-19,270.0984843606016,258.2501994242144,264.7164915935298
2019-10-20,269.16239634020394,257.2629114323751,263.1975377244952
2019-10-21,269.0420928750717,257.6003676495536,263.47739923435165
2019-10-22,269.81626169980984,258.3298230304873,265.20313418776334
2019-10-23,269.32222440138986,259.1291647716369,264.61426126708966
2019-10-24,268.34923300490715,256.0532169672208,262.87527918105724
2019-10-25,267.02675938348386,254.69986008522818,260.93572852129137
2019-10-26,266.84620134371437,253.48646750315052,260.4435970148208
2019-10-27,268.61851625347623,254.60461997120234,262.7601481119389
2019-10-28,270.56529388696134,257.73765698614477,264.4658814972478
2019-10-29,270.7509440415868,258.449264739787,264.46907178324386
2019-10-30,269.7487877110774,257.992278008379,263.7684977806107
2019-10-31,269.11706432668575,257.31240385296695,262.8306986213161
2019-11-01,269.2555379213751,257.0988959321945,264.52094769836805
2019-11-02,269.59427890538956,261.36505854986746,265.38655622218533
2019-11-03,268.5216732891214,256.54020857450877,263.145192250594
2019-11-04,265.6712195104501,253.6140116471867,259.5627466587658
2019-11-05,266.11103980183367,254.89744535735932,261.7002132345921
2019-11-06,265.8948193564756,260.4968972489689,263.30889856955156
2019-11-07,265.38577389834245,260.2243466631602,262.79228560610215
2019-11-08,264.63549201480237,251.1730213087182,259.39397060446925
2019-11-09,260.20770604906863,247.73450554737158,254.2543771386971
2019-11-10,258.9756812460035,248.80262143358513,254.09435248465408
2019-11-11,259.3518190489033,248.96044407896585,254.75210750673102
2019-11-12,262.92103125843033,253.13929788189085,259.1145950580879
2019-11-13,265.2671806213008,256.9427604980366,261.9068909845694
2019-11-14,266.40783993757987,261.50756163557696,264.1583226874279
2019-11-15,266.13897619706415,261.48708279893424,263.7815346390254
2019-11-16,265.7031840257308,257.94295780316475,262.5102114637685
2019-11-17,263.11703084863507,251.4796011868686,258.12911118905583
2019-11-18,259.2223342026187,249.03272083965732,254.3984979598937
2019-11-19,259.08748078320997,251.42737643397967,255.79521492354758
2019-11-20,261.8214413295653,255.27533285711914,259.0583197453838
2019-11-21,263.47255595321553,258.2726214757982,261.6467068846648
2019-11-22,265.46120233273024,261.4363597422636,263.95204942359055
2019-11-23,264.5359264818571,254.4765131185397,260.3925145816397
2019-11-24,261.0038734410434,253.29104262413853,257.6850581296266
2019-11-25,259.5583153271932,254.00790672824598,256.96745266496504
2019-11-26,260.3581399041714,254.97332716510462,257.961473412015
2019-11-27,261.1037581836788,256.16209649533346,258.830315963291
2019-11-28,260.46292209035516,251.8883509585148,256.7354676723689
2019-11-29,257.4384077976864,248.18518692056995,253.44393313547405
2019-11-30,254.06853144353624,246.335353874495,250.4237087507064
2019-12-01,253.46159759719362,246.66267915110666,249.92051058418684
2019-12-02,253.229495974171,245.14621282602812,249.09375540211624
2019-12-03,252.91980344835176,245.73942725571212,249.63950735178327
2019-12-04,255.61989500307087,248.4851313358802,251.78615032907751
2019-12-05,255.6558935875052,248.80107009718566,251.75843165913966
2019-12-06,255.22911977347596,247.59486251570655,251.0785122766809
2019-12-07,254.60051746392574,247.66389615049252,250.5215713793473
2019-12-08,254.79096988404592,247.483129776858,250.77453008578405
2019-12-09,257.7674163334002,249.38341499604124,253.79363504483288
2019-12-10,258.5462711496802,250.96796807786816,254.9179196769339
2019-12-11,259.13145414292563,252.69096423131742,255.67195781964824
2019-12-12,259.03776128096024,253.62518717025856,256.7118451456701
2019-12-13,259.8578764431251,254.83253711931192,257.495013738076
2019-12-14,258.3226485388164,249.9821412851002,254.81380841359032
2019-12-15,254.83387407748043,246.5533198386906,250.88133486471557
2019-12-16,251.90997525113625,244.15813691193966,248.03917592697576
2019-12-17,250.84421793869168,244.28616051159722,247.6366529113079
2019-12-18,255.70529387341108,247.69792966085652,252.8057434589154
2019-12-19,259.39632146385713,251.7345735653846,255.97764832231505
2019-12-20,257.8290151301136,250.1360938564115,254.01588966250566
2019-12-21,256.73442592803076,247.72349552730793,252.49450442497002
2019-12-22,254.81759361853213,246.2482578277229,250.58629432201596
2019-12-23,253.2198905198774,246.15613695181864,249.7162150280286
2019-12-24,253.67539581724995,244.78424976459937,249.54592319877824
2019-12-25,251.46586813013417,243.78733843145898,247.55072247826521
2019-12-26,250.61389763667992,243.26194613045305,246.94305180597607
2019-12-27,253.33605482872156,245.32227278176526,249.45302228077267
2019-12-28,254.6615064077581,247.4770168943667,250.6370874616504
2019-12-29,254.67280138536728,247.58094132089926,250.66343789434796
2019-12-30,254.53720172479757,247.50838759893512,250.9644292989117
2019-12-31,255.34196455239467,248.68100373331865,252.1148414984868
2020-01-01,255.66141219003822,247.70633847471362,251.97128300491462
2020-01-02,255.16433829007656,247.87090289393427,251.6717276646278
2020-01-03,255.6391052533913,248.99603680222748,252.6453118645479
2020-01-04,255.84446913089465,247.730742758282,252.28638768145314
2020-01-05,254.25392865634416,247.2283187202831,251.68559143705394
2020-01-06,258.03332281412247,252.05325649475014,256.1238104947407
2020-01-07,259.0285216936209,253.53860861514156,256.5596385814105
2020-01-08,256.4043029818085,248.01071083891128,252.8886592135246
2020-01-09,252.05416849827824,243.99524230602896,248.46335608005853
2020-01-10,251.15218493120335,245.04156987179292,248.0424647995118
2020-01-11,254.79425307477098,247.2577295880079,251.98569517345064
2020-01-12,260.0075255552095,253.98868594335937,257.95259808122233
2020-01-13,261.688497029832,257.20328003765167,259.8536427319362
2020-01-14,258.1871569159664,251.04797195853595,254.99338287494183
2020-01-15,255.60435954472624,249.59667740645975,252.68459709894535
2020-01-16,254.2293026677804,246.4323489449009,250.54069236473714
2020-01-17,252.26996509669684,246.1230814480069,249.18600222018284
2020-01-18,252.05538626833646,243.636839148066,248.14993503130992
2020-01-19,250.0501810358634,243.48533031272868,247.1098222071315
2020-01-20,252.9435585279752,247.04778420696456,250.22360256538417
2020-01-21,255.56102951891205,249.65127552209682,252.86135854427326
2020-01-22,255.09218946267347,247.15458612346194,251.7343952700587
2020-01-23,251.5868473368107,244.6681566216831,248.03562801664353
2020-01-24,254.44989974418505,246.05629054664365,251.67752909308257
2020-01-25,257.90178218403656,251.3072275202617,254.65687436642656
2020-01-26,257.4924300177013,249.14892250893695,253.6282921400146
2020-01-27,255.6281504981018,248.07092424441217,252.08909406404248
2020-01-28,257.01929826420155,250.36460662097593,254.46532254952842
2020-01-29,258.4894083594992,248.23611438537463,254.51096128784144
2020-01-30,254.44345314482746,244.82858894205927,249.68987023703204
2020-01-31,253.69531589956782,245.47502169188934,249.86641256360735
2020-02-01,253.22487359874873,245.66780399522065,249.10214812708924
2020-02-02,252.6469788036977,245.20656693279213,248.6286512097633
2020-02-03,253.6321995416096,246.25229499678414,249.72594294091
2020-02-04,254.89734295479664,247.2231203873589,251.2326285153369
2020-02-05,254.95029756201825,246.89335468005555,250.96086050753433
2020-02-06,256.21798844287,246.53914625582192,251.63507500477442
2020-02-07,254.8416295260242,244.35642268130724,249.78287640525377
2020-02-08,255.16320021447137,245.02042673786605,250.3740132827746
2020-02-09,257.2864911465631,248.27096926953524,252.3395529896637
2020-02-10,257.6288614423869,249.1576522717224,253.28368928441625
2020-02-11,260.1106765065568,252.0486659928754,256.9010853568704
2020-02-12,263.8940263634643,257.4931343152184,261.3036175513605
2020-02-13,265.0130164933444,259.22046373558993,262.4262573651568
2020-02-14,261.75703832981844,250.5830362551271,256.87004103254844
2020-02-15,259.58810072438195,250.11662263713683,255.24157965716114
2020-02-16,258.67598730793753,249.2783970868186,254.33246074086492
2020-02-17,257.7432010974863,249.54370613470493,253.47123177073883
2020-02-18,259.84525097486875,251.4338776500325,256.0548574800768
2020-02-19,260.4123385933379,253.55855985962083,257.3421879038037
2020-02-20,259.9801159140649,249.85498190746404,255.26545199060118
2020-02-21,259.0257384070152,250.35359424569953,254.5323713169967
2020-02-22,259.1883848859692,250.27060504422596,254.40073141895482
2020-02-23,258.80513624943507,249.53143442760432,253.82192720806492
2020-02-24,258.9848200540418,249.31013603009512,253.78161617252314
2020-02-25,258.87436909396286,248.82454439788796,253.51204003591576
2020-02-26,259.521475487943,248.2072142523489,254.61547987277626
2020-02-27,263.4947098560721,253.59239778635074,258.69536470662337
2020-02-28,263.6355190547679,253.8501497496878,258.93136632873365
2020-02-29,263.53215366797224,253.29315610867874,259.0010698525618
2020-03-01,263.3605453408803,251.2228204520377,257.4390321726026
2020-03-02,262.2873493186178,250.15273902983898,256.518959290731
2020-03-03,262.3741531456278,250.6200886992714,256.54249232873894
2020-03-04,262.33868164899934,251.64000111426319,256.98080629467114
2020-03-05,262.79277131694005,253.609859334918,258.5016216279744
2020-03-06,263.65225825155585,255.7838065302093,260.38153625150363
2020-03-07,263.4452184776173,258.06179781980234,260.5544565741802
2020-03-08,262.34785144803425,256.00580811193333,259.3250565758654
2020-03-09,263.17355917394616,254.7479338958032,259.1777927185135
2020-03-10,263.5104613888414,253.9225359511365,258.8807950907008
2020-03-11,262.47614808744515,253.11275162965168,258.6617249938879
2020-03-12,264.37820529708887,256.808149278173,260.5810315136787
2020-03-13,264.2595520679679,255.35600984419537,260.18592046838734
2020-03-14,263.2399621058061,251.91663472174034,258.15128193889194
2020-03-15,261.9173700231859,249.83908576375293,256.0197458543855
2020-03-16,262.42283470672714,251.21378746447553,257.5153732005352
2020-03-17,264.7401226198944,254.97882526508,259.5288086740033
2020-03-18,264.23386763949304,253.7921908957783,258.6114410152936
2020-03-19,263.9477864642681,253.10009285300558,258.246650390674
2020-03-20,264.14651160947557,252.7492009087138,258.5092391684632
2020-03-21,265.10144215806156,254.00659940890117,260.3066583664324
2020-03-22,265.4346276671124,252.02561198086173,259.16816149503
2020-03-23,266.46150838147645,252.01189376600144,261.1775612665007
2020-03-24,266.72584618277415,258.46807109621693,262.89934572873943
2020-03-25,266.66667299593064,257.27369426608266,262.3389345300562
2020-03-26,267.03600697108004,257.44141843391856,262.74348436480324
2020-03-27,267.2308453332119,260.5593394300734,264.42901762893104
2020-03-28,266.5914968337772,257.2879373625199,262.9173271597699
2020-03-29,264.649876749378,254.34149120880792,259.95847954614015
2020-03-30,264.9148374851016,254.61582151511004,261.04225021345036
2020-03-31,266.5770956698175,258.40597565160726,263.371875428975
2020-04-01,266.3958487449286,258.8223446383664,262.9261854728128
2020-04-02,265.4291538707638,253.3086962744038,260.5977324387082
2020-04-03,263.94244560144364,251.71222916258802,258.75954159925897
2020-04-04,264.8479563725381,254.14695454210036,259.4988387214039
2020-04-05,265.2811040470733,254.96025000799287,260.25455415466007
2020-04-06,266.1266843930428,255.9620165149869,261.10101570562597
2020-04-07,265.796031334821,254.06441047038257,260.4054440752704
2020-04-08,265.69778266425135,252.45169331054296,259.71257715514065
2020-04-09,266.2307143646772,253.65938214038204,261.8297242435099
2020-04-10,268.16841544779237,254.35962777460082,262.39381534043815
2020-04-11,268.26228761648787,253.92663651849895,262.30783105347103
2020-04-12,270.4455974928837,258.3627873122017,264.60273811922286
2020-04-13,271.0981985972335,260.09323634918877,266.2131361266764
2020-04-14,271.10399013410694,261.63523770163874,267.2118619848081
2020-04-15,270.8189846841878,261.9214374751651,267.02821730526335
2020-04-16,269.63219069255985,261.26147191055503,266.0563980722797
2020-04-17,269.62231718092966,263.56032872051156,266.9285169065925
2020-04-18,269.4900142030791,261.9991745416768,266.27229911011386
2020-04-19,268.77678439612964,259.4879326489664,264.7435069891433
2020-04-20,268.55343802237,257.50445589121654,263.6451742170953
2020-04-21,268.66952772906404,256.3305341551851,263.28772714327647
2020-04-22,268.09129678888917,255.4567644693852,262.1227966804354
2020-04-23,268.23276884228295,255.0957614594942,261.91725223005545
2020-04-24,269.60069883744876,256.3532524120353,263.6073060725983
2020-04-25,270.5299887943512,259.21770838680146,264.87390275248396
2020-04-26,271.32619375706093,260.8869101096719,266.4283435099996
2020-04-27,271.86654701796255,260.45079477449775,266.5394757505156
2020-04-28,271.36709993243204,259.16501813618527,265.4900060681483
2020-04-29,272.2416356889456,259.5556901754029,266.78720351738167
2020-04-30,272.57076777537685,259.926060780169,266.6256700607826
2020-05-01,273.13814009646813,259.74582831422765,268.4188352331153
2020-05-02,273.7153991016364,265.87272728433476,269.8881053456239
2020-05-03,272.8954156234158,265.9427744675844,269.70987412397216
2020-05-04,272.2195308620997,261.1612200967235,267.8458919336173
2020-05-05,270.8834920109602,260.9826350220344,266.771357410497
2020-05-06,270.4822471988085,261.84625932952645,266.63539831499963
2020-05-07,270.78767471090526,259.03122377311263,265.73138809106996
2020-05-08,271.93240567489283,259.3941484679496,266.9491467660744
2020-05-09,273.28529037363023,263.1050845766791,268.5998317110166
2020-05-10,272.5915770862724,259.76268032464924,267.0403816766142
2020-05-11,272.426718603578,259.45872387923816,266.99891762032246
2020-05-12,273.05194443099475,261.94131444831953,268.1258412079115
2020-05-13,273.8307233203575,262.91475729399735,269.0684506606336
2020-05-14,273.6463487889342,263.5967636243358,269.85564592093635
2020-05-15,274.0187892628763,263.23734215996484,269.68005241395883
2020-05-16,273.3035056997834,262.03354912334066,268.435131574843
2020-05-17,272.86022686663773,262.64382959822035,268.3859489864423
2020-05-18,271.7625336220648,260.78185321731564,267.3505901048899
2020-05-19,271.82186433233613,259.2805280563762,266.430959036275
2020-05-20,273.08718021785455,259.5624258455542,267.46313968256237
2020-05-21,275.580574043539,261.99454817781736,269.8561248578352
2020-05-22,276.13359104677414,264.6521313369839,271.4008058340127
2020-05-23,275.3931006165898,266.6755641472352,271.4809128612996
2020-05-24,275.9629153467448,265.6306963166025,271.39918730618206
2020-05-25,276.32792766175146,265.6466530952086,271.72342015983054
2020-05-26,276.5089995533081,265.6977024784099,271.7214279248268
2020-05-27,276.91473423213034,265.5300257748639,271.69101767334473
2020-05-28,276.1576800642025,265.5495723217356,271.2570200877029
2020-05-29,275.97126567317633,266.0185633518515,271.67844078931273
2020-05-30,275.7471566930068,267.3312112069858,272.30452240320176
2020-05-31,275.47434762086203,268.86416823268723,272.4475774929157
2020-06-01,275.670136848716,267.4434597148293,272.1236249996673
2020-06-02,276.0065221099614,267.06794524210545,271.9880897098686
2020-06-03,276.36650719742727,267.2269393813304,272.3332624141332
2020-06-04,276.73020408843433,267.3919648664233,272.6718935709357
2020-06-05,277.59474002220094,267.92816586625855,273.3440280258349
2020-06-06,277.617658396495,267.5179325454,272.9789371743047
2020-06-07,277.65073311151747,265.7072305663202,272.3059932467093
2020-06-08,278.31747145694175,265.2783987961326,273.1107396712252
2020-06-09,278.6862201430243,267.0648750772878,273.7680183390678
2020-06-10,278.2233461501139,267.4393897786534,273.7449486188725
2020-06-11,277.82508989010427,268.10505529556025,273.5677662283938
2020-06-12,278.0182790803171,268.1158563958973,273.8155267785877
2020-06-13,277.56230244814384,268.4371426388639,273.7391031076001
2020-06-14,278.2875733314199,266.03666298370985,273.3662496149555
2020-06-15,278.29668507674864,265.67837823389857,273.06415969221877
2020-06-16,279.19664351015575,266.37388308033195,273.72513426368846
2020-06-17,279.5703160129131,267.0885986434739,274.5936822270041
2020-06-18,279.2563500820262,267.50240427126425,274.3787689205571
2020-06-19,279.3770476868531,267.63727938190857,274.5214710964758
2020-06-20,278.94952549769,266.47687450841306,273.9747083245743
2020-06-21,279.86628625708977,266.00180280950275,274.12831171676635
2020-06-22,282.14463111411743,268.05308449335587,276.4379349923739
2020-06-23,283.43632500068605,271.3251426521476,278.2861739073419
2020-06-24,281.260704395826,272.0783754938232,277.13230085663383
2020-06-25,281.01332840472816,270.2790976131908,276.4070591350284
2020-06-26,281.17254757265204,270.2344709788004,276.55297858457817
2020-06-27,281.6912469683864,270.8657269319409,277.0417829888337
2020-06-28,281.03520467872113,270.0822876041297,276.4102734608812
2020-06-29,280.6713813989667,268.3842341276696,275.8200495108182
2020-06-30,282.1045816228398,269.77645472837634,277.01489848065586
2020-07-01,282.3881542208272,270.46392536116804,277.5180178623012
2020-07-02,283.2356320851071,270.1421028308972,277.7046903837092
2020-07-03,283.86321610817447,271.03955378743655,278.16364528982564
2020-07-04,282.53973568836295,271.44427318242805,277.8513433394582
2020-07-05,280.4510573217896,271.69745044921876,276.5076669597556
2020-07-06,281.7281846772162,269.5515411300337,276.74931197251675
2020-07-07,282.94905905568186,269.68354669769974,277.8686650126597
2020-07-08,283.44069158062206,272.48533283147424,278.5836574285764
2020-07-09,283.21652507678124,272.2887528028148,278.4053861109299
2020-07-10,282.90487614131854,272.04315891073105,278.1437094820512
2020-07-11,283.2496936471198,272.68057887600924,278.37514348226335
2020-07-12,282.0243779955537,273.10110355768785,277.7445119681398
2020-07-13,282.642787592844,271.6399926315649,277.92176801950825
2020-07-14,283.2248246703687,271.01517819773454,278.05882414710015
2020-07-15,284.18036827463726,272.04201739691155,278.9384169989708
2020-07-16,283.9918884948619,273.7480204707828,279.4776052547645
2020-07-17,284.9346763042158,274.6499996164156,280.302259474442
2020-07-18,285.110377966905,275.6484359627525,280.65243597712555
2020-07-19,284.1600827353254,274.8313964516909,279.78598224321036
2020-07-20,283.1636481869183,274.27503575110615,278.8298305197037
2020-07-21,279.4825398311618,273.28650181364804,276.52941828096124
2020-07-22,280.6928683591033,270.12639542521833,276.3615824567629
2020-07-23,282.78266545721436,269.59676591218073,277.0317263500211
2020-07-24,284.602324652427,271.7483334114088,279.41863202281564
2020-07-25,285.19123497010554,274.1264655407763,280.3763765944564
2020-07-26,285.22299605796076,275.0494446752881,280.45746600296405
2020-07-27,285.0231384406516,274.3081296440317,280.2184938342213
2020-07-28,285.3634273078133,273.3472465588479,280.10560001352655
2020-07-29,286.1316180262809,274.17422056553124,280.6898184912079
2020-07-30,286.516232609472,274.8662798128389,281.1521450571007
2020-07-31,285.96003232895316,275.1790627943427,280.9242634783272
2020-08-01,285.11155376749247,275.2080044054509,280.49820246589144
2020-08-02,285.5670344805252,273.64745800924527,280.360329514854
2020-08-03,285.57737186962873,272.967715209659,279.9955659112648
2020-08-04,285.2441310368193,273.76107396125667,280.18630156468265
2020-08-05,285.6664755085476,274.61763832134113,280.7964544649033
2020-08-06,286.8888632201606,275.47485698226046,281.7980043876197
2020-08-07,287.95135256014345,276.03571505018897,282.621945018847
2020-08-08,287.79138242349035,277.07473744849034,282.8999023255609
2020-08-09,286.5711556082643,277.8720081043426,282.280728300865
2020-08-10,285.53025340918794,277.6062864766736,281.741700225809
2020-08-11,286.84264573624046,276.7635566661161,282.14125532291
2020-08-12,287.7105009563251,276.32472591118454,282.4323454602866
2020-08-13,287.5060165073769,276.27091277142193,282.41399416185993
2020-08-14,287.47942177592853,277.4671635637545,282.62205273196287
2020-08-15,287.3052531597383,276.5655181723562,282.33075725842457
2020-08-16,288.7280639496783,275.3292714246572,282.692583562807
2020-08-17,289.288624246748,276.17724945512253,283.1521109267879
2020-08-18,287.3929070336219,276.6178777185709,282.5534474371528
2020-08-19,285.9267336115037,276.86224527105674,281.5522981150112
2020-08-20,284.2789186612708,276.85839214400033,280.5911307193865
2020-08-21,283.1372608321976,275.76316498415207,279.400128115634
2020-08-22,284.6107932203573,274.05872982948426,279.76620871970266
2020-08-23,286.8928890024046,273.826325024203,281.12002580167865
2020-08-24,288.52490223442715,275.19931943215835,282.4876377878876
2020-08-25,287.6938535995633,276.43106309491264,282.44959447745845
2020-08-26,284.796666717638,277.1374981819196,280.7876094813981
2020-08-27,281.2077426966134,275.8563817313425,278.622409819256
2020-08-28,281.2031718465492,273.83740815721444,277.74123212914225
2020-08-29,282.3067164217674,272.8051373652937,277.98637085754905
2020-08-30,282.9622157179619,272.7192606459403,278.4349870087511
2020-08-31,282.5962262385414,273.1558062731313,278.5026251064768
2020-09-01,283.28757911277955,273.7568890171731,278.90159292090044
2020-09-02,283.45037922815203,274.2828352521166,279.41627144002285
2020-09-03,282.8285221285511,275.30792675359567,279.1597728568129
2020-09-04,281.81558402643395,274.93265920768454,278.3441456807617
2020-09-05,282.1972412434031,273.16944537996386,277.85601825859203
2020-09-06,281.42648783724127,272.23189967859633,276.96448367137236
2020-09-07,280.47750985480195,268.65496339689554,275.3942906347756
2020-09-08,281.0815100964477,267.91788285482846,275.3625389567909
2020-09-09,280.9664012284709,268.2074003815982,275.32962473385413
2020-09-10,281.22608999945317,268.4929115842512,275.555581211867
2020-09-11,281.2669402414821,268.7016201693625,275.8191284219355
2020-09-12,281.39830781123266,269.09236101391934,275.8129778245493
2020-09-13,281.8113873524892,268.70925851234114,276.19228639761445
2020-09-14,281.3127704123991,270.53354193642497,276.3679128103968
2020-09-15,280.52582712905087,269.3101364447168,275.4818762217821
2020-09-16,280.72377444056315,268.5799692726229,275.2651335982409
2020-09-17,280.8256702694994,268.8773250755302,275.4269401244231
2020-09-18,280.1998005320188,269.6424677175937,275.11171368920617
2020-09-19,280.1251558056175,267.9160966178671,274.6443229788378
2020-09-20,280.01170273286914,266.09896337656374,273.7283906097573
2020-09-21,281.4793433395889,267.007692981553,275.2412256679083
2020-09-22,281.4402932121907,269.0452405526248,275.8069108334215
2020-09-23,280.0760706404011,267.7009928243587,274.5102708640584
2020-09-24,279.46353141493034,266.51756307008196,273.47327163269455
2020-09-25,279.4915173593645,266.8816644650505,273.8701858181785
2020-09-26,276.532928986606,267.62346092939845,272.3259688025854
2020-09-27,275.5943865474724,265.96604277861877,271.0942548195213
2020-09-28,275.899407507498,264.4810338054182,270.7218124483553
2020-09-29,275.480250271378,264.0641058101249,270.26975155953033
2020-09-30,275.9399257008845,263.8475907107329,270.3665919712519
2020-10-01,275.94792621621343,263.9749679306031,270.57507192385185
2020-10-02,276.2418910552613,263.7549945504251,270.6023196481344
2020-10-03,276.36556980257143,264.2301418773067,270.73341487834665
2020-10-04,275.8968544999762,263.69592969603644,270.3119884688302
2020-10-05,275.6717688587362,263.22088543498427,269.9913099336771
2020-10-06,276.6848671444546,263.3366935885128,270.4770668654823
2020-10-07,276.32687956144565,264.39408508784373,270.7460187255099
2020-10-08,276.1566687110275,264.68398108492005,270.7184168524537
2020-10-09,276.10897565991957,264.499169733846,270.7681756310718
2020-10-10,276.1677988195347,263.8910035080885,270.4934398229433
2020-10-11,276.37078200966795,264.54726288630815,270.87961993697735
2020-10-12,275.2566977991547,263.97481632154194,270.01173877979375
2020-10-13,274.176309547686,263.4704048157226,269.1969249515423
2020-10-14,274.4200641453153,263.4791710215803,269.18056966838384
2020-10-15,274.6016420662959,262.45237656636994,268.87503006525003
2020-10-16,274.7478912085546,261.7748595971407,268.44612066968597
2020-10-17,275.3509979232257,262.0285453632665,268.9088526310642
2020-10-18,274.30451766333147,262.00197779035415,268.7028580957395
2020-10-19,273.6785481282739,261.9040777972084,267.95992376754003
2020-10-20,273.66097603177496,261.077780493681,267.7661315863409
2020-10-21,273.4110797956082,261.34205463844546,267.83664666834215
2020-10-22,271.7780985423168,259.5887112206803,265.87417038486353
2020-10-23,271.20363338020064,259.6790190093557,266.10742562729433
2020-10-24,270.9135082526431,260.58002678595636,266.1972323954882
2020-10-25,269.32185503479315,260.2359026375058,265.17209475577033
2020-10-26,268.14661699728487,256.3764910129682,262.5900706515777
2020-10-27,269.9701495531658,257.4332376936689,263.9385424610951
2020-10-28,271.0907893745106,259.1994236997856,265.8175307535236
2020-10-29,268.33912680443166,257.80715652425727,263.79494150584213
2020-10-30,266.3401388435806,253.31548602711766,260.6268464444749
2020-10-31,266.46819740752136,254.3032966029146,260.50775601817116
2020-11-01,267.3300169911225,255.0301535320253,261.5432906721625
2020-11-02,267.6810652698633,255.3526098141446,261.7296249674807
2020-11-03,267.91600289747515,256.0527696985667,261.93545307080524
2020-11-04,266.5018763634632,255.06171247353808,260.6370003718745
2020-11-05,266.0912426116282,254.32438883411098,260.05041574698436
2020-11-06,266.2179995909672,254.12913985011838,260.078194073959
2020-11-07,267.43674731455127,254.48439500019182,261.08896116226373
2020-11-08,269.9549900017206,256.7484886029323,263.30948788708423
2020-11-09,270.32717778895636,258.35433857326154,264.2987926447296
2020-11-10,269.5409411228494,258.6207398606871,264.17157790258284
2020-11-11,268.11584376904875,256.917925749031,262.51673955215546
2020-11-12,268.22275261733216,256.3519786946124,262.51447425231476
2020-11-13,269.22413976575365,259.13605751980475,264.96011470970734
2020-11-14,267.9570038852993,262.8863962535612,265.49454231147445
2020-11-15,265.5967449646632,261.41785869334393,263.7321251500684
2020-11-16,262.9167744427461,250.71174788968344,258.60004383298127
2020-11-17,258.5655717715378,247.38389124243213,253.402712465313
2020-11-18,257.5971815852924,247.6554699404145,253.8289993575362
2020-11-19,260.1010700222689,253.33178277082723,257.1238460330029
2020-11-20,258.5407896684489,248.2591218667771,253.87924403649635
2020-11-21,256.3262615195117,245.98665594062018,251.36591938119633
2020-11-22,257.55289790828215,246.94114450830534,254.3045569580477
2020-11-23,261.22383542853896,255.56921132934394,259.04541688906977
2020-11-24,261.59662819263025,256.67126323844496,259.2554176361339
2020-11-25,261.9826584696511,257.0263081977084,259.72049982169057
2020-11-26,259.8757386930813,247.55906413420462,254.78527513387343
2020-11-27,256.134153804799,247.47481244118688,252.38184083799337
2020-11-28,259.05758956069553,251.14129470138943,255.23198037756433
2020-11-29,260.9214296809219,251.88366133827077,257.0159804704913
2020-11-30,259.4029621263307,251.32611653612824,255.38413912928343
2020-12-01,261.441692495471,252.50652055064648,257.08875685073275
2020-12-02,258.3885140320627,247.60325897260083,253.1037124194198
2020-12-03,257.5720291651979,248.16446188169647,253.12412226584615
2020-12-04,259.8446837785228,252.16356484541748,256.88624625895557
2020-12-05,261.42887076561425,255.358311627935,258.35233697353834
2020-12-06,261.5071936445364,253.66997427610525,257.8641158822673
2020-12-07,261.77135401634905,255.56796347899856,259.7749585322563
2020-12-08,264.00962358581137,259.8481691960029,262.0343435871424
2020-12-09,263.08716133340863,256.68500588986404,260.2265316855026
2020-12-10,259.75795962660453,251.2236211947436,256.0274625846567
2020-12-11,258.9116311953868,252.81894389516177,256.56631786074746
2020-12-12,259.74207317614935,251.8966222791736,256.573231738888
2020-12-13,255.11948535661824,248.50429380052034,252.0573547445564
2020-12-14,253.47959511103716,247.50882049105047,250.42182622380577
2020-12-15,253.54263884439106,246.54701258921293,250.19615087375675
2020-12-16,252.80585000844192,244.32865497966947,248.81022267198495
2020-12-17,249.83357778646297,242.26112091942193,246.10551698374044
2020-12-18,248.48535957696748,242.38605232532183,245.23957287531368
2020-12-19,250.83457040410107,243.76570418490695,247.55473532020915
2020-12-20,253.88096861143495,246.1610237439961,250.92050001144995
2020-12-21,257.7366163679036,250.43211388381292,254.49926433941144
2020-12-22,256.04907153250855,245.74394346197624,251.21550111227444
2020-12-23,254.34691473787385,245.60066384162442,250.1168199855953
2020-12-24,254.15256497559946,246.02026353973253,250.0278347798441
2020-12-25,254.24621252416495,246.44778008772377,251.14399742131022
2020-12-26,257.0347696207901,249.60873073362245,253.18574474097127
2020-12-27,255.18739873104013,248.64999300483507,252.3325552078381
2020-12-28,255.72778469247777,247.64543861753847,252.18107914822713
2020-12-29,253.24575396136223,244.36798226048276,249.1571063311313
2020-12-30,251.1741561508823,243.82997811855222,247.25077512153263
2020-12-31,251.28434681016103,244.1078269495604,247.6404386778382
2021-01-01,253.86605538767049,245.80482446575766,249.506268033488
2021-01-02,253.65949360315838,245.83777521333522,249.5615286936873
2021-01-03,256.14175894709365,247.69437180328197,252.48645140424026
2021-01-04,257.9619413474642,249.39986989554322,253.84509654858311
2021-01-05,259.3571478086358,251.86436720686632,256.93459680568867
2021-01-06,260.96705434066513,252.37584086996853,257.3972410345904
2021-01-07,257.3317743616247,251.33226236009435,254.61300130893704
2021-01-08,258.6433307379302,250.0887350918661,254.9329397854514
2021-01-09,256.34039791393616,248.33602988393278,252.42614858499476
2021-01-10,255.3333500689436,246.79442362786435,251.13097694738906
2021-01-11,254.04323162713945,246.36580769229047,249.91379151461803
2021-01-12,253.01846062244834,246.31430888450726,249.31381460608745
2021-01-13,254.33274836267256,247.10945682008048,250.43702870263292
2021-01-14,255.3461719491754,248.05963387196587,251.88178847339756
2021-01-15,257.72833171938487,249.50195494957654,253.3344090689775
2021-01-16,257.0457580426254,248.95300094545013,252.59629122309636
2021-01-17,258.37590515375365,249.36791044489644,254.02203793909598
2021-01-18,257.89781946821626,247.61216279274637,252.84188654041373
2021-01-19,256.37767399449444,246.62192529107168,251.18544814704728
2021-01-20,255.61372627930515,245.41043355991795,250.18908382498148
2021-01-21,257.22822207799004,245.8234351269379,252.4864192427393
2021-01-22,259.8666079618785,251.95737230054817,256.5938667311495
2021-01-23,257.9348901693292,251.00598185707702,255.24220188500004
2021-01-24,254.69689184624653,246.69631428785124,251.0544834410898
2021-01-25,252.9860507701948,245.10192414641338,248.9064557396092
2021-01-26,252.0972892840288,244.169727004257,247.6747047026753
2021-01-27,251.57240828978672,244.01574799455557,247.2877957947232
2021-01-28,251.86149477206192,244.16267537988654,247.46334212954173
2021-01-29,251.48659369306466,243.08934136860117,246.81513439372316
2021-01-30,252.74087737491837,243.30373750859584,248.3787153227317
2021-01-31,255.846267458843,247.05863301790643,251.9272806832229
2021-02-01,258.0612587908587,246.81540708574337,252.50163909355254
2021-02-02,257.34827051586433,247.90529776977326,253.00098118681984
2021-02-03,258.3486761948576,248.37779645393977,253.68052165022448
2021-02-04,258.16850523087453,248.02378536096205,253.424968347708
2021-02-05,257.34975434785656,247.09410421788252,252.13992726239675
2021-02-06,257.5474774448761,247.52558148433602,252.9127679473488
2021-02-07,261.0062336683745,251.33017897663117,256.0001935609628
2021-02-08,263.5768104701679,253.54004430468936,258.6843056285876
2021-02-09,263.36073600596933,251.50184549137572,257.9937361527513
2021-02-10,261.2412257811033,248.71847689197614,255.12164114761362
2021-02-11,261.19511492607603,248.56111613513218,254.82240018557363
2021-02-12,261.0617800570044,248.46785453608084,255.27265488514064
2021-02-13,263.06862560001593,252.06812902008932,257.6850782999021
2021-02-14,261.35288980104053,248.2651137846643,254.69052621817377
2021-02-15,260.5479899574228,247.51916937783562,254.19926501599787
2021-02-16,260.6651007748706,249.20181242045817,254.4672047716535
2021-02-17,261.10651436535676,249.15759598007423,254.78014532455418
2021-02-18,261.5927606453515,249.9329745394254,255.21302356774723
2021-02-19,263.84338067735007,250.8376443785592,258.03372701315163
2021-02-20,265.77270078405064,256.22271797511496,261.56159329419984
2021-02-21,266.59693784624403,257.6806998569665,262.30886912504417
2021-02-22,266.3567266716062,260.0861811851762,263.34486815164416
2021-02-23,265.2605671339795,258.4284655459796,262.0936073350443
2021-02-24,263.65635679821514,257.75334362595953,260.94188851245076
2021-02-25,265.05969523903747,259.7083093802934,262.341836395493
2021-02-26,265.3522175261685,260.5357473585845,263.204936772997
2021-02-27,264.7297480553919,255.43841777398546,261.52897138642174
2021-02-28,260.4969887682827,249.15179242653693,255.65998415920794
2021-03-01,259.2488548375911,248.6989269764765,254.24717906780967
2021-03-02,259.7891691234793,248.68877436659207,255.55572291079127
2021-03-03,261.9308932223043,253.46415674641113,257.9567077456815
2021-03-04,262.67436640439865,253.6198550138529,258.1539448887278
2021-03-05,261.4872724110968,249.95813600883187,256.15206884791064
2021-03-06,261.85696233205203,250.59281411145125,257.8521567604033
2021-03-07,264.15839125717065,257.2657095719076,260.712601891645
2021-03-08,264.15734730424805,254.4112231602033,259.7495077090037
2021-03-09,263.3792213204265,253.4778467774778,258.6881759769356
2021-03-10,263.3980700330543,254.96933723134998,259.3575592678631
2021-03-11,263.15297017542247,256.7746436109112,260.54355480006313
2021-03-12,264.4166038901038,255.83556451421242,260.99221394342743
2021-03-13,264.1555956887518,254.8333141221846,260.1835443666129
2021-03-14,264.46500656918823,255.97669659622431,260.74834003873787
2021-03-15,264.39103648482615,254.6385240482112,260.1176043479395
2021-03-16,264.7482296671621,257.14848744788554,261.162755863552
2021-03-17,265.59487585664886,257.04669140370675,261.6621056618182
2021-03-18,264.38584855688305,252.82430535516716,259.4428853274511
2021-03-19,263.67508685569976,251.4520318443755,257.9876125902429
2021-03-20,264.4912806859168,251.65371835630913,259.1862000689794
2021-03-21,265.5824229064757,256.61698981934734,262.01450681738146
2021-03-22,266.7062165204905,260.2051775534809,263.77126492237653
2021-03-23,266.1036822745057,259.9569625761632,263.14467658602206
2021-03-24,265.1922486727043,254.639979309833,261.12853605933157
2021-03-25,263.97649474360196,252.61134782034372,259.1228028695149
2021-03-26,265.6555800453035,255.36904370150535,261.107926170207
2021-03-27,266.91532950407566,257.6510360591157,262.6184720862858
2021-03-28,267.4933001311573,258.853066687107,264.36636822519813
2021-03-29,268.67786509237055,261.32247750813144,265.3350132823246
2021-03-30,266.388130583738,257.2553764931939,262.4088304998722
2021-03-31,264.26665814068815,253.34178578032353,259.52956244862514
2021-04-01,262.1417009735374,252.2961785769514,257.42150663641706
2021-04-02,260.47518556874087,250.73454031330996,255.9131610184573
2021-04-03,259.89869469566645,249.49986225240428,255.4381406608364
2021-04-04,263.8811428264633,253.84833558866774,260.05917191401215
2021-04-05,267.2820251548374,259.6247115045789,263.378640249312
2021-04-06,267.1165557548321,260.9144645037876,264.21449875330114
2021-04-07,266.4426379234786,255.6488024839516,262.56070226908474
2021-04-08,264.1821011053487,254.22655161099914,259.7097435628096
2021-04-09,263.45474708699123,252.5088146322102,258.43145596273524
2021-04-10,263.8666979600348,252.2842888818674,258.5471470169427
2021-04-11,265.02933750030473,253.82016721955077,260.0765341572026
2021-04-12,265.88166175269686,252.83033360082644,259.89011696461307
2021-04-13,266.44827186654874,253.067798937827,261.25472537537786
2021-04-14,267.9812026354761,254.75335020802888,261.84431526262574
2021-04-15,267.0182377126101,256.19330966944347,263.12669674134946
2021-04-16,268.5863796230803,260.67893091536195,265.0867633273063
2021-04-17,269.0905712009622,262.51698001367123,265.9600159892274
2021-04-18,268.33086862862626,259.8041829091768,264.56751735779756
2021-04-19,266.6188747831773,253.78502950922413,261.1211164131944
2021-04-20,266.9228777286354,253.9348401283234,262.133320684042
2021-04-21,267.3297441113304,257.86899206171114,263.11200548516956
2021-04-22,266.4259438640766,256.83423915316104,262.3817047402887
2021-04-23,265.2413251500733,255.65507764574699,260.963212741369
2021-04-24,265.0919562939437,255.0502637680819,260.39646875505105
2021-04-25,267.1362734238166,256.99816164715656,261.8020746803789
2021-04-26,267.61487782085186,256.9819930726742,261.96099163944547
2021-04-27,267.9907326797668,256.6399683621107,262.1527200727243
2021-04-28,268.65616695511403,256.7755874756193,262.4867587997186
2021-04-29,269.527082246011,257.2907916188894,263.5922913644901
2021-04-30,269.96916824730835,257.8327499479645,263.9552942832709
2021-05-01,270.3763871675189,257.2624690712135,264.1658494170835
2021-05-02,271.3671959584124,258.38203241045215,265.39925847111977
2021-05-03,272.3732501746441,260.4487530626492,266.7005587808459
2021-05-04,273.0588891460601,261.7728372222923,267.96528531081515
2021-05-05,272.79697179849524,262.50617332825203,268.3201209546211
2021-05-06,272.70490642439376,261.8711554595134,267.73268363281267
2021-05-07,272.88460101488147,261.8337037911145,268.30045941700035
2021-05-08,273.16245969561055,262.5480334816217,268.31463537188284
2021-05-09,273.57587344673846,262.8487376015155,268.83781730021764
2021-05-10,273.7711551598759,261.9495194667455,268.3987351220905
2021-05-11,273.5531038097547,262.42385972069263,269.2844447039326
2021-05-12,273.1002816871647,265.4633637531372,269.79880701180286
2021-05-13,272.1625426027152,263.52968810399653,268.61369849110787
2021-05-14,271.23582606224585,262.32969379634153,267.4151345350186
2021-05-15,271.38371395121754,262.5442767447921,267.64027887468933
2021-05-16,272.4033963509581,262.6609719960075,268.4921094464907
2021-05-17,273.0980448037857,262.9800105802399,268.9144788976123
2021-05-18,273.56906899406687,262.0894428981233,268.9694597505354
2021-05-19,273.562212722279,262.3159618191877,269.0084062352588
2021-05-20,273.28985640819417,262.4322334250414,268.5864500402468
2021-05-21,273.0217420385213,264.13750431030724,269.3278732655753
2021-05-22,273.0049958889892,262.70777263795384,268.85924805138717
2021-05-23,272.5313762747256,263.30549759194076,269.1695411455042
2021-05-24,272.93178094780677,263.18896397939375,268.86111886328547
2021-05-25,273.0747137196724,262.18998602619484,268.42505351800565
2021-05-26,273.6636092914537,261.4416563209687,268.26545047643305
2021-05-27,274.82571538278734,261.27290326024075,269.19544333973175
2021-05-28,276.0013567740381,262.6118046742837,270.27947537974194
2021-05-29,276.9779054843385,263.92387385851015,271.4836928978321
2021-05-30,276.8133940849041,265.026609325241,271.7719961914375
2021-05-31,276.47467246649853,264.69118713728363,271.56315004775246
2021-06-01,275.6702142380691,266.21195916176544,271.75386164149603
2021-06-02,276.6804750387176,266.16368529303213,272.1034689281083
2021-06-03,277.25620648540246,266.28412431216236,272.8529147568851
2021-06-04,277.66589688839116,267.9248179340443,273.4825661444649
2021-06-05,278.4738818294516,267.0901064189451,273.5995198759293
2021-06-06,278.83066608800004,265.42222294336784,273.07946574464194
2021-06-07,279.7666205999902,265.4036701489401,273.7503729428901
2021-06-08,281.2095052903201,266.59303018448463,275.30687729028347
2021-06-09,281.85440971283634,269.0062710266299,276.14465540478744
2021-06-10,282.1346063339126,269.5422966953149,276.69803954299624
2021-06-11,281.2310558907864,268.62873761287335,275.7572106970904
2021-06-12,280.21386092738356,267.7004642136666,274.745963270485
2021-06-13,279.2242860256336,267.7897702821973,274.3584616746307
2021-06-14,278.73860205562085,268.393113867232,274.16506010806484
2021-06-15,277.71503793770154,268.79757115327556,273.7755528029851
2021-06-16,277.1833780423402,269.8511480984602,274.08090503663277
2021-06-17,277.4060564419191,269.53813089075135,273.8747496689045
2021-06-18,277.0769052067571,267.0032676308469,273.21152060942404
2021-06-19,278.6253862134223,266.86288681820105,273.86212427585417
2021-06-20,278.69603033394674,268.77040120917053,274.45895906456786
2021-06-21,278.2694547852659,268.84399977277457,274.22451655043034
2021-06-22,278.7241429598339,267.6005849019417,274.0913928388802
2021-06-23,278.92015255156304,267.112253776687,273.9663757691202
2021-06-24,279.04977177869415,267.14869390311463,274.07897790688287
2021-06-25,278.84899233103,267.49750154778246,274.0385865229119
2021-06-26,278.97863770783124,268.00374591000855,274.3322647152974
2021-06-27,280.3968987692464,268.1056467501957,275.12302706764234
2021-06-28,281.25569773614353,268.5491097639921,275.82330581816234
2021-06-29,282.3458884424116,269.19161260515415,276.7935853657767
2021-06-30,282.4896984628439,270.7644749649484,277.4904903856632
2021-07-01,281.5123403512756,272.23746158611897,277.21796110872964
2021-07-02,280.6415516092756,271.4153222666716,276.4312358691066
2021-07-03,280.5882099426215,270.31904373014413,276.0568470479982
2021-07-04,281.236114867177,269.60447114456935,276.1390345324579
2021-07-05,282.00962810744073,270.10397634632494,277.0068162544773
2021-07-06,282.4422856421269,271.475156690778,277.57261762456733
2021-07-07,282.5327952357556,272.10844880737596,277.9776148892108
2021-07-08,284.1728394894454,272.1642053712141,279.1698057637464
2021-07-09,285.0526983048956,272.67303309624805,279.5414215232404
2021-07-10,285.5737017355982,272.1364864866035,279.9141297175978
2021-07-11,285.96131952521245,272.5726103970319,279.91860820543883
2021-07-12,283.87928853648907,273.4085003650723,279.3988178434201
2021-07-13,281.9980539843597,275.03222216703534,278.5289912694493
2021-07-14,282.194415750411,275.0100734054287,278.6719504549649
2021-07-15,283.9265171276455,273.5918895356982,279.58480078304706
2021-07-16,285.55743508247673,272.67052196173125,280.2505903524638
2021-07-17,287.38101993668164,273.49797008692195,281.52687573126195
2021-07-18,288.4992093053973,275.71471165372685,282.8702792260881
2021-07-19,285.28597070236776,276.47804578368704,281.0602051293205
2021-07-20,281.8461077022321,275.85467099911983,278.91579017577385
2021-07-21,281.7882394939941,274.4104961714944,278.28569556103486
2021-07-22,282.77428493019556,273.3806600869126,278.6198811414176
2021-07-23,284.3462082272484,273.7208985472439,280.1103455389738
2021-07-24,287.2718674926497,274.8900893668649,282.2304693141576
2021-07-25,288.72372721954207,278.06462010518067,284.17079069687446
2021-07-26,289.30107399220236,279.31413638029665,284.55019103432454
2021-07-27,288.61965598068866,278.9284057193505,283.79970537452
2021-07-28,286.69909465842,278.01994487639337,282.3543680432267
2021-07-29,286.1142883845892,277.93710494500897,281.8685553904402
2021-07-30,285.2369489883097,277.7286368907679,281.3927280933025
2021-07-31,284.851480224621,277.28278608148213,281.06613755559204
2021-08-01,284.0146225476411,277.1188478376848,280.4457285686922
2021-08-02,283.81220184245115,274.4311183809272,279.80308256473904
2021-08-03,284.16269848446007,274.04652823831736,279.7928926185122
2021-08-04,283.92280480658917,274.8251300969528,279.789687168223
2021-08-05,283.58819762370376,274.4086858930469,279.1734579260016
2021-08-06,283.09360355933154,273.86499844015736,279.07256795037364
2021-08-07,283.83990774258353,274.4779597873136,279.64636206385876
2021-08-08,283.8610278528763,274.52193151767693,279.5650388203085
2021-08-09,283.23253400893805,274.20761350250496,279.104505772219
2021-08-10,283.810303497942,273.49060943498694,279.2802804181325
2021-08-11,284.6863051543282,273.5288457533223,279.78846670051655
2021-08-12,284.5679016215908,273.73048266270604,279.81650511755083
2021-08-13,284.95858955271444,272.76639078800906,279.7104992802279
2021-08-14,282.57323938668804,273.7339909708134,278.1793987302945
2021-08-15,279.7817200010863,271.6960609874641,275.93996010832814
2021-08-16,280.878366356437,268.9578316618053,275.9403978260728
2021-08-17,282.5187674115289,268.84975063001974,276.63241057535356
2021-08-18,283.4743598204945,270.5027766208902,278.246451549664
2021-08-19,284.12859097220604,272.28539506159404,278.82499326779185
2021-08-20,283.72032609716643,272.8687663108358,278.84756299879484
2021-08-21,283.5879043783461,273.73656032147943,279.1388277631299
2021-08-22,284.2161444892304,273.9561770660438,279.5746606222891
2021-08-23,284.9651887310905,274.58954827566976,280.21973231915405
2021-08-24,286.02274991167764,275.11968379523665,281.04652334003265
2021-08-25,286.2280594262442,275.1782181864246,281.08829396435084
2021-08-26,286.16236540582315,275.56377384877516,281.2249210756769
2021-08-27,285.0985496194194,275.1329730361557,280.28005978991365
2021-08-28,282.1362315548344,273.6477541805642,278.07857365892846
2021-08-29,280.7167295809304,270.0013643493349,276.1317990140824
2021-08-30,280.8928502392321,269.5357842892104,275.939757984511
2021-08-31,280.70949069017433,271.1509705604499,276.30232483547593
2021-09-01,279.89084689285124,268.7675749734758,275.1481525891425
2021-09-02,280.67089398703536,267.3311077443914,274.6554198683876
2021-09-03,281.32142187046065,268.0145309367864,275.592273900337
2021-09-04,282.4516402656817,270.20777886419825,277.0011928526504
2021-09-05,283.5995548721014,271.01311558769174,278.0120020449976
2021-09-06,284.6865947097434,271.86150222589356,278.8316135827042
2021-09-07,285.32658070344945,272.69365748236106,279.5212030505019
2021-09-08,284.9736183285938,272.81109559148473,279.39038319181503
2021-09-09,283.8043282399267,273.1180896421533,278.5889572400267
2021-09-10,283.031537873206,273.04742513117594,278.3928926112819
2021-09-11,281.52672603370297,273.84018360953974,277.5191211686242
2021-09-12,279.8717366814977,270.3503012775091,275.6264704522061
2021-09-13,280.2676323647797,268.0550515853099,274.90817175262384
2021-09-14,281.144164370457,267.6898011856226,275.2824931219278
2021-09-15,281.62273178092653,268.578339663154,275.98569755108156
2021-09-16,282.5448072497971,268.8859619054758,276.45592695270386
2021-09-17,283.6340279078906,270.4043109923667,277.9442863937376
2021-09-18,285.37375626185,271.9322330172617,279.282720252724
2021-09-19,285.1336852287048,272.85160022644845,279.4138991335373
2021-09-20,283.29479828947,272.7762818221004,278.15775606865367
2021-09-21,281.26635641954954,271.7259495061584,276.41888226988306
2021-09-22,280.15997177555346,271.1780559772708,275.7013241617579
2021-09-23,280.1730174366717,269.79170984659436,275.22651654622103
2021-09-24,280.4722521781033,268.56870063291547,274.90405601268344
2021-09-25,280.9140851545381,267.71042611244724,275.25011502518447
2021-09-26,282.6407169123564,270.04785879813727,276.6412124358131
2021-09-27,283.5403652256853,270.80251956669645,277.6962373736644
2021-09-28,282.68614835999415,270.79847527470366,277.21640848559605
2021-09-29,283.1721511328942,269.6829911394478,277.0577534402982
2021-09-30,282.9601363431983,270.0179492847074,276.7425208949287
2021-10-01,281.8541466493444,270.53541141109116,276.55171822141864
2021-10-02,279.97865274850096,271.1499744462895,275.5572109824227
2021-10-03,278.7980072687196,270.0714452972127,274.39428964224356
2021-10-04,277.56255988685405,267.98906972630647,272.84242400251486
2021-10-05,276.8095076155484,266.67227035856075,272.090745156879
2021-10-06,277.8497274426274,265.823254833258,272.17081546165497
2021-10-07,278.36583196719613,265.44961133725974,272.1754314463165
2021-10-08,277.55344381594745,265.917211951754,272.12967105143866
2021-10-09,276.3757768080993,264.4072684414074,270.9366822952902
2021-10-10,274.92540755444116,264.27628150266605,270.2780884626537
2021-10-11,272.8942481465046,263.56931442013587,268.6715746142213
2021-10-12,272.75423310002395,260.2766485805157,267.1110334813733
2021-10-13,272.32672737889135,259.9293864011889,266.2778653163319
2021-10-14,272.655281563809,259.25440313616554,265.96899200044544
2021-10-15,273.97107143002376,259.9904679266225,267.4402845734
2021-10-16,275.0409489360775,261.49913726120343,268.9110168021072
2021-10-17,273.5582495430028,262.88731476570075,269.00566974768714
2021-10-18,272.4978148948351,261.4421312343965,267.67212717750186
2021-10-19,270.96004099924414,257.19683940690817,264.37318258899774
2021-10-20,269.66065370044817,256.50821258199346,263.1314996510113
2021-10-21,269.8950234841605,257.0124676965594,264.0907344998284
2021-10-22,269.0730986670788,258.2614290573676,265.10349088055466
2021-10-23,266.1573370967094,259.5807308483616,263.3565617120603
2021-10-24,265.9457291542716,258.88192422179344,262.7687619626552
2021-10-25,264.8908533478914,252.43101946184223,259.41969907852865
2021-10-26,261.2997501290754,250.44188562870428,256.1947031421066
2021-10-27,261.0204954141466,249.0268100324937,255.39740540151192
2021-10-28,260.3235115959573,249.83062073050286,255.27416114582635
2021-10-29,261.48448472981556,250.86599078095475,256.38098881474934
2021-10-30,259.8955684686358,249.00200075308643,254.36257593514833
2021-10-31,260.61528676039114,249.7295014269985,255.8968902950885
2021-11-01,262.5419140164219,252.15784191279454,257.4259769430942
2021-11-02,261.31565240842957,249.21641223562892,255.60336200729012
2021-11-03,260.54157544852944,247.7392390366998,254.59192361431255
2021-11-04,261.7199635452691,249.23729640476324,257.45160373299825
2021-11-05,263.6644376841967,254.54914228058186,259.9094298228822
2021-11-06,261.09694799028654,248.71971354024,255.37587908574386
2021-11-07,259.3338544013471,248.69321402094204,254.20386816585088
2021-11-08,260.03495233321604,250.71068211161653,255.0131677855527
2021-11-09,260.94400232514454,251.34472072854686,256.0356690406305
2021-11-10,261.52173662238533,251.66605000180533,256.2973910548929
2021-11-11,260.5649595088581,250.3071100966908,255.06965561241606
2021-11-12,260.38999760447,250.06758276971908,254.79958642225725
2021-11-13,260.3977038915524,250.47766022661415,255.03790291788945
2021-11-14,261.2475132951246,250.19729430288893,255.78276248859376
2021-11-15,259.36112164947053,247.0885294247158,253.22381788314857
2021-11-16,259.16826579988566,247.9602875907581,254.17819348122737
2021-11-17,262.67084035804174,251.8711879741105,258.00986304109523
2021-11-18,264.63255875375046,253.86038356055874,259.7878427738774
2021-11-19,262.1396496553881,248.0726760855083,255.07660773021323
2021-11-20,260.94836109049896,248.40580132537633,254.63731558735958
2021-11-21,260.92857400046375,248.9898131881963,254.66830690124655
2021-11-22,260.6635575130137,249.53831990389463,254.8120153716846
2021-11-23,260.416171352272,249.9195597751678,255.64361648835705
2021-11-24,263.1204314448858,253.89822412973365,258.6017962975241
2021-11-25,262.59339684519455,249.07131021580585,256.113219463309
2021-11-26,261.10714664383005,248.53165500929745,255.67452764771815
2021-11-27,262.88226214893757,251.97582110817376,257.5447220614799
2021-11-28,260.96890091079445,248.98045409526765,255.0083919440207
2021-11-29,261.23706058386716,249.03996718356834,255.14882698095175
2021-11-30,261.6336793237746,249.70258755112292,255.80556149223472
2021-12-01,262.10681132520534,251.2999395775921,256.88723091384196
2021-12-02,263.1883928930309,253.33340381639545,258.0273837399635
2021-12-03,263.1158150710475,252.15803303303184,257.3612332228007
2021-12-04,263.8655860092498,253.1508035231642,258.34621131285166
2021-12-05,262.9617118124362,254.95578290488257,259.33714808432995
2021-12-06,261.3921519320583,248.43159335694907,256.0473364151524
2021-12-07,258.21601372189764,247.90978248974247,254.088249872686
2021-12-08,259.37932366475604,247.9487187168216,253.94921055127267
2021-12-09,257.9195643240529,245.29296879293202,251.93319831331613
2021-12-10,255.5643102451391,244.9596091902429,250.53536196342446
2021-12-11,256.1164683924884,247.2197907157595,251.27881346353882
2021-12-12,257.5269161088707,247.98535359617298,252.87012494259253
2021-12-13,257.5995822960494,248.82226107731788,253.2711675533264
2021-12-14,257.9385349400015,249.3314269699082,253.75261763827274
2021-12-15,255.6640373014905,244.3872172928482,250.40733497783987
2021-12-16,254.10064356737402,244.60690646171744,249.9006974741398
2021-12-17,253.33783992884767,244.2465543376789,248.91445575746926
2021-12-18,252.5427266940252,243.07721008926933,247.91405977675092
2021-12-19,254.94428998023136,244.89713057129222,250.18205300114948
2021-12-20,256.88451241502577,247.93132932184588,252.94012559984566
2021-12-21,257.1456779859716,246.40834910845288,252.04087743012568
2021-12-22,258.4288714732044,248.1696775396768,253.99183944357162
2021-12-23,260.29267728403113,250.16517467886644,255.33135485538253
2021-12-24,258.226980041936,246.35618520778905,252.58411869500142
2021-12-25,256.51559051725553,246.19721835687406,252.23798326863408
2021-12-26,257.9419848630887,250.1290394457782,254.44550270622284
2021-12-27,257.5454272957805,248.69811801298843,253.59800389526484
2021-12-28,254.52967845626713,244.05542410038592,249.49797084930825
2021-12-29,252.26746196018155,243.018963309071,247.49695301916003
2021-12-30,252.47842514064325,243.58887069127775,248.13069311290454
2021-12-31,255.15947238098084,246.14829224180636,250.49080660458074
2022-01-01,256.9598855685493,247.22520688524148,253.33652717979908
2022-01-02,259.2597712617362,251.52229052560884,255.4289515474832
2022-01-03,258.7955777515775,251.16641184498434,256.0037690791588
2022-01-04,261.53193701121984,256.4980436768222,259.1311659360778
2022-01-05,261.4742662478839,256.5779181269538,259.4661726064017
2022-01-06,260.4147147083268,250.47409102289876,256.13490333709416
2022-01-07,258.1694417518633,251.018668639661,255.7018172917289
2022-01-08,259.84634147753764,254.80437788349101,257.6476024133084
2022-01-09,259.0314474243004,253.4149618885217,256.4229245534027
2022-01-10,257.55626303502663,247.70318139484306,253.6931139649302
2022-01-11,252.58840741808697,244.31946215038388,248.6299022489726
2022-01-12,250.3425917986774,244.69292174757157,247.76169209458106
2022-01-13,252.58003278855523,246.32847865747183,249.50890427090076
2022-01-14,251.9922990089411,244.2561925848389,248.08193807364054
2022-01-15,252.29086006013313,244.70791298673825,249.4813094152112
2022-01-16,256.38275023323354,249.07831401126361,252.92816558031086
2022-01-17,258.6218157685106,251.36164587808105,255.90674079799044
2022-01-18,259.73800230287276,252.0829428677784,255.89591986090096
2022-01-19,259.83584018846216,253.03797987593484,256.5691550715177
2022-01-20,258.5814358143338,248.44781202104593,253.7409331726657
2022-01-21,256.3478308766802,249.06899802118272,252.93693959621038
2022-01-22,257.41204730319527,251.29096892529185,254.6788035132864
2022-01-23,259.22125386790213,253.43706058115268,256.4022708475212
2022-01-24,257.9532108960358,249.21842128438425,254.11368375773162
2022-01-25,254.58577869161678,246.4082169362781,250.48383800762755
2022-01-26,253.01517075194784,244.4800118232031,248.75669367936854
2022-01-27,251.05703380387317,243.1636650994954,246.98978953644522
2022-01-28,253.56177893298812,243.98891865803142,250.08442904370926
2022-01-29,257.43468494236436,248.0617334699648,252.76097504519444
2022-01-30,256.1643566680968,247.6138350589381,252.67065927883093
2022-01-31,258.3104585104813,251.69276737743525,254.89153296059635
2022-02-01,257.0421730561387,247.79621346315247,252.8520282200067
2022-02-02,258.07281974250805,249.62998536596382,254.94454161981233
2022-02-03,258.4480759118645,251.5696553274894,255.2579485034323
2022-02-04,255.61196990338368,246.42521951602959,251.76531967130614
2022-02-05,254.35457736429154,246.34963576842756,251.00768953022813
2022-02-06,259.0257412348947,252.2905157738129,256.3022565994884
2022-02-07,260.1284212934312,250.42838314586427,256.0889547388271
2022-02-08,257.403719446867,249.69319894211455,254.05611323472428
2022-02-09,257.19664152960235,247.53338971638948,253.04003852122773
2022-02-10,255.11630510762606,245.36172811293403,250.59472992335242
2022-02-11,253.9807867577039,244.76514423186666,249.86384603396303
2022-02-12,256.16602413687093,248.2136760560223,252.217001089279
2022-02-13,258.00588797811474,249.9244712579629,253.76645784271517
2022-02-14,259.61509484312853,251.37967955251676,255.7222588317294
2022-02-15,259.84849367209256,251.16332677374433,255.51305760796396
2022-02-16,258.91114210790033,250.11664090489458,254.33761957967204
2022-02-17,257.98982134537,249.55874252877604,253.60114313202726
2022-02-18,258.6713262988911,249.01765400033838,253.93357185404525
2022-02-19,257.7782419907084,248.05441627670268,253.28052481136586
2022-02-20,257.1547329138653,245.98481123525536,251.962721193097
2022-02-21,256.72493677306613,245.8359175766874,252.3153275380626
2022-02-22,260.26176533042303,252.64406829252184,256.9381535935546
2022-02-23,262.3930086918649,254.49244445202126,258.8982648502762
2022-02-24,261.839070981578,253.8785092404332,257.9363848147835
2022-02-25,260.57076511900044,254.11968574063954,257.19077917106927
2022-02-26,260.59992076262694,252.0776972585328,256.9002147492105
2022-02-27,258.16604866482,247.96236204314235,253.67366336240158
2022-02-28,258.97865775749636,248.44127043536398,254.89102250630268
2022-03-01,261.45726556440036,252.75786886781347,257.27189825014835
2022-03-02,260.7997154950911,251.26587273590607,256.32411612349716
2022-03-03,261.96688067589685,252.1550628086474,257.85473959214875
2022-03-04,261.4079121197431,248.58141921363458,255.859585399684
2022-03-05,262.09986051381986,251.25902980092548,258.05418266462084
2022-03-06,264.49287328645215,257.8293170325668,261.9079808063707
2022-03-07,264.82537257394034,256.5822246775929,261.5211753818208
2022-03-08,263.6197318694484,254.15415800654594,259.34183051444353
2022-03-09,263.6764987031216,255.22181848178155,259.72493561880606
2022-03-10,263.5514358797799,253.97723494336705,258.6383486674622
2022-03-11,263.4484742833784,253.83521611983147,258.7221290074398
2022-03-12,265.8541653480397,254.63593280101043,260.96937545251694
2022-03-13,265.667778311601,253.70815168573859,260.68886397578774
2022-03-14,268.0995301195669,259.3088608533945,263.7028249164216
2022-03-15,268.917583825969,255.4460112813439,263.2546008224818
2022-03-16,268.028873435878,254.63330865380098,261.99629635373975
2022-03-17,269.1770898657287,258.00849762874896,263.7551050196729
2022-03-18,270.0703328096636,260.21269654346315,265.4251623689284
2022-03-19,269.33278309312254,260.3141671627607,265.05104302095805
2022-03-20,268.22605664651485,258.4710930766729,263.80680399650026
2022-03-21,267.48068604892904,254.68033790281052,261.9873093289221
2022-03-22,267.4973624758707,254.56913800955562,261.77309619704073
2022-03-23,267.6546640059699,257.1456873073116,263.04961462013347
2022-03-24,267.474150181223,255.95521754243572,262.3778481258611
2022-03-25,265.42993526545496,252.8245098337903,259.5648101723847
2022-03-26,266.4020642937403,253.15796007211327,260.75286403410433
2022-03-27,269.0576982895394,258.2885913684307,264.46100200517134
2022-03-28,270.6082052589658,261.2696116328703,266.0573330716508
2022-03-29,270.2231617246527,259.96194071585137,265.504741203995
2022-03-30,269.1951144341991,259.5937736491193,264.6956750310545
2022-03-31,269.43389603793986,255.85740235082045,263.26736714765593
2022-04-01,269.2367015282293,254.7342209480195,263.16369265881946
2022-04-02,270.4115496195531,259.4604606292517,265.44973697780944
2022-04-03,269.11669947047784,257.80711912855895,264.4276657106084
2022-04-04,268.82224778833046,255.97257417582267,262.855633787472
2022-04-05,269.48788069139226,256.37416424842434,263.1995674910732
2022-04-06,270.6663632028435,258.0946685396204,264.9414806078283
2022-04-07,271.0493190566865,259.7105601708522,265.2800622215768
2022-04-08,271.3891303059613,259.73675745683414,265.97220042416836
2022-04-09,270.8619065959466,256.87305014919275,265.3116773757782
2022-04-10,270.8092122392624,256.30956851525406,264.61308239647457
2022-04-11,272.5683376901931,259.6836157423614,266.78552573255485
2022-04-12,272.9621920745569,262.30639614234656,268.32755450389703
2022-04-13,271.7035794296674,262.68958456417124,267.62605870573043
2022-04-14,271.16551065688594,260.3698029319938,266.5054586484262
2022-04-15,270.3511453030242,259.043727012862,265.1830675974655
2022-04-16,269.6146525680564,257.194732111996,263.6520909641308
2022-04-17,271.432609142506,258.30321951701893,265.8124152811848
2022-04-18,272.85252422141525,261.8942283065,267.72053080054343
2022-04-19,273.08243044748724,263.1670690212168,268.41292304908876
2022-04-20,272.58143755206856,262.99409146500454,268.29168438374717
2022-04-21,271.4439997538049,263.01854593882575,267.7474711024594
2022-04-22,271.3154097251273,261.53609403801204,266.98511700625255
2022-04-23,270.86701560612437,257.9934194445299,265.6692808033888
2022-04-24,270.8757781804225,257.70582940865165,265.3455262623702
2022-04-25,271.7401420676832,259.251303514516,266.3395959813556
2022-04-26,271.7690249726452,258.07351178644495,265.7936259513322
2022-04-27,273.44249622233343,259.3273642643316,267.63930268064894
2022-04-28,274.2951856424351,262.00310389794186,268.6956550216337
2022-04-29,273.6253155002362,262.1828058657955,268.37748852273586
2022-04-30,274.37724120219013,262.49078829882455,269.0485858203329
2022-05-01,274.41111173532136,262.2204295427682,268.60361937227924
2022-05-02,276.3716763056609,263.10109543198007,270.8879609345965
2022-05-03,276.16612984028,266.2432185106996,271.61927595663707
2022-05-04,274.91772157127133,266.3597805804222,270.99411208128026
2022-05-05,274.94701288727896,264.0611963387179,270.4383474148603
2022-05-06,274.72209134179894,263.32396566750634,269.80582799129957
2022-05-07,275.11593330393697,264.52174307073375,270.36584493126094
2022-05-08,276.4967071388016,264.9688036673767,271.36114815980824
2022-05-09,276.8910786403861,263.95668956874084,271.0485911240106
2022-05-10,276.76998392884985,264.56798022402023,271.67222964186857
2022-05-11,278.09053540969086,265.7253367931051,272.7927182282254
2022-05-12,277.2217378710926,265.6480572912061,272.08627148829635
2022-05-13,276.83855146395643,263.83524445903805,271.50285898561964
2022-05-14,278.0481681893842,264.21772798022863,272.7319298490805
2022-05-15,277.54369099422354,268.302493027668,273.39742812528823
2022-05-16,276.5542209860374,264.5860170511456,271.84888055653573
2022-05-17,276.06894314426364,264.18156444898625,271.19418388388016
2022-05-18,276.71726121698174,265.2722780070677,271.8946057882748
2022-05-19,277.411166840172,265.7634102560115,272.66249605831064
2022-05-20,275.9541440632083,267.3402375811251,272.1635682485474
2022-05-21,275.564411195642,265.17693849764385,271.2362442303282
2022-05-22,275.49493495868074,265.12663979798486,271.2085095177994
2022-05-23,274.531799249151,266.93474698759053,270.93642878504284
2022-05-24,275.6217183840786,265.76822220107806,271.51592079202584
2022-05-25,277.1913415588109,264.96074649912305,272.22511200610916
2022-05-26,278.1848313868675,266.59934802510753,273.1121464864159
2022-05-27,278.56629942283763,266.94302103898565,273.4110496449325
2022-05-28,278.1339673402883,267.3841992384236,273.72830199595
2022-05-29,277.5783419585548,267.60999134611626,273.19909372941754
2022-05-30,277.07925277400716,267.4965588138951,272.8987476156847
2022-05-31,277.0421364567892,267.697900479023,272.95739950714824
2022-06-01,276.7657383110744,267.55719803542223,272.7070303547474
2022-06-02,276.87072049699555,266.37758461607143,272.3182136972695
2022-06-03,277.5688472312146,265.762756210138,272.38692230678924
2022-06-04,277.70083066182127,265.8159879329551,272.6311863941082
2022-06-05,278.8183951392787,266.5795305699374,273.3961112864182
2022-06-06,279.69939241529465,266.74274953047234,274.33216510130393
2022-06-07,279.93399173497477,268.2582064990569,274.6816985069678
2022-06-08,279.6916602039548,268.88527120254673,274.9152368294834
2022-06-09,279.6555464045471,268.62221996875246,274.6617372092735
2022-06-10,279.0404850954087,268.1909692943348,274.2810656684915
2022-06-11,279.4459175072307,268.3566338316987,274.6082076320915
2022-06-12,279.9652409799413,269.14188204525783,275.1662701384594
2022-06-13,280.0608596799126,269.2776238236244,275.30597781778937
2022-06-14,281.2463914509722,268.5430004615564,275.7295202950287
2022-06-15,282.0691825002155,269.13157622274923,276.82480341472234
2022-06-16,281.28567539115704,270.8485469748848,276.7605579003175
2022-06-17,280.06457703109197,270.56608164131694,275.59652817669297
2022-06-18,278.26064995822804,270.76849865100064,274.54370045654997
2022-06-19,277.08419321108045,269.27376798398933,273.46254188535215
2022-06-20,275.975483212646,268.4736529374281,272.5380704491097
2022-06-21,275.98845024554566,268.7987907280982,273.0466408802887
2022-06-22,276.8302836393315,266.6059786737262,272.77612846698673
2022-06-23,278.27189162236795,264.74115350457953,272.71076675110265
2022-06-24,279.99338364739435,265.283259832849,274.2682894012822
2022-06-25,282.63030883059275,269.04126810584273,276.907280347915
2022-06-26,284.162788893103,271.134872132164,278.61726710617955
2022-06-27,285.41827751647594,272.3211547901486,279.8529071978627
2022-06-28,286.3504047126599,272.449900453279,280.3229464805457
2022-06-29,286.82812277779385,273.4047150056547,280.98590672145605
2022-06-30,287.34283642039014,274.175797868443,281.4822817230435
2022-07-01,287.40010166785214,275.0295472396135,281.8860396705565
2022-07-02,287.7972879259086,274.9731206493124,282.04328151808335
2022-07-03,288.65907205650734,276.03243470008783,283.0790020227284
2022-07-04,288.6589183726453,276.2250445985686,282.90175821743117
2022-07-05,287.4041990238035,276.0692121507682,282.3521006497471
2022-07-06,286.3821882653175,277.7971332657733,282.1197078235051
2022-07-07,287.0031664278267,277.02752339011164,282.4523659442444
2022-07-08,287.5271092408638,277.0935369738672,282.56355665008965
2022-07-09,286.450955417382,277.7532979741406,282.2298150784388
2022-07-10,285.42000290985914,277.7199821144537,281.67814825466934
2022-07-11,284.67240844292115,277.28003461910134,281.1255329484195
2022-07-12,285.2529631860394,277.135043842206,281.2729575902462
2022-07-13,284.36787407340296,276.6620859576461,280.4773610623704
2022-07-14,282.89445857017006,276.44535591243283,279.4869268186529
2022-07-15,283.01562326275376,275.72670545279254,279.45242440702776
2022-07-16,282.85756945043653,275.40303620025037,279.4316061956704
2022-07-17,285.04233529390154,274.6636479138748,280.6305726505373
2022-07-18,287.1684843655372,274.7905060717607,281.89848670294623
2022-07-19,287.8355841941425,276.4214830711198,282.86638728876045
2022-07-20,287.17844364470756,276.86802024275687,282.54474055956865
2022-07-21,287.23317705566063,276.15581292456136,282.5685929809167
2022-07-22,288.23824533617295,277.1871721414098,283.29314799988475
2022-07-23,288.6392910280558,277.17023022373377,283.5524423953403
2022-07-24,287.0179502274844,278.72773998336027,282.6136578398062
2022-07-25,286.30086706753985,278.1401022045394,282.0486763218923
2022-07-26,286.4788177397831,277.7803893897255,282.3251064341963
2022-07-27,286.50634376303805,278.2647637688643,282.2624391494593
2022-07-28,285.61840858804754,277.9291576571718,281.7081839014341
2022-07-29,284.8334006345331,277.42764500187786,281.02465330914725
2022-07-30,284.8072121382402,276.7036096805177,280.58763939291634
2022-07-31,283.19739149258504,276.17434783607905,279.54101524843287
2022-08-01,281.7168389505977,274.7022375570521,278.52725721316534
2022-08-02,283.5145877719655,273.6009878059499,279.1094361035991
2022-08-03,284.10928881212357,273.8414161666226,279.6122066755493
2022-08-04,284.7281964768887,274.3195066601792,280.35224972533865
2022-08-05,284.79508575591154,275.32234638862,280.6148460532871
2022-08-06,285.08032580086876,275.63460530320395,280.85462921366474
2022-08-07,285.7764152774258,275.45479301373354,281.1464097468192
2022-08-08,286.0990411938845,276.1554039286313,281.55784264950745
2022-08-09,286.0426875414189,276.93079362092953,281.9718055274632
2022-08-10,286.60520469952104,277.16045997195465,282.2574057233219
2022-08-11,286.92610542236946,276.44375339856794,282.2392535292374
2022-08-12,285.0500471421567,276.67156536157364,281.2304738950532
2022-08-13,286.61374820824557,276.88747974762157,281.9299042504701
2022-08-14,286.80830816061564,277.3533156828561,282.1270314704279
2022-08-15,286.1490003077234,278.09340734799423,282.0069021388908
2022-08-16,284.2504838635297,278.21021101091185,280.96388282121774
2022-08-17,283.1448738399382,277.73949831337035,280.2452369227597
2022-08-18,284.53033279134934,276.650169945187,280.7330498099227
2022-08-19,285.84090495245266,275.0056744395788,281.0162286406121
2022-08-20,284.8882369004143,275.5065027176608,280.48975600074476
2022-08-21,283.3862356741351,275.6177957234913,279.6483963550888
2022-08-22,283.7560973249069,274.97821318360224,279.7253119936445
2022-08-23,283.95363320520147,275.58020633065485,280.12449817123263
2022-08-24,284.060625999832,276.83582307551046,280.3779180948061
2022-08-25,283.1162388451676,277.2020305384055,280.1857983919165
2022-08-26,282.8030425860278,276.4165356661144,279.71410438500754
2022-08-27,282.60993818911254,275.5851872510416,279.16454115646263
2022-08-28,282.6124195448064,274.8676186979521,278.82812549736536
2022-08-29,282.66948370554456,273.68628339335646,278.39773012099954
2022-08-30,283.02664324904134,272.4387047180615,278.0933162696746
2022-08-31,283.17614801266365,271.7927163225026,278.00584349317234
2022-09-01,282.8534373202385,271.41209771183037,277.75777288130223
2022-09-02,283.18371844014786,271.6594991748573,277.8906797028844
2022-09-03,283.4892048027888,271.8557865346599,278.227953520637
2022-09-04,282.97448770265515,272.4620477291775,277.9667771610191
2022-09-05,282.23782591293127,271.8719544494092,277.4114484018896
2022-09-06,282.72789284249023,271.21054944733913,277.40427107811956
2022-09-07,283.6566506736822,271.74388802209023,278.3189605051212
2022-09-08,284.044238342558,272.78168285760444,278.8777876432795
2022-09-09,284.06694128757414,273.0302081192089,278.9418631048328
2022-09-10,283.3237692407193,273.0468322877513,278.28700714823873
2022-09-11,281.6251363933172,272.38207203316887,277.2726220195172
2022-09-12,280.8140881813866,270.88506012527534,276.2146624731494
2022-09-13,280.85989212722075,269.9046168834073,275.7496884199834
2022-09-14,280.89888165449776,269.37776841657393,275.56308363147906
2022-09-15,281.16218839400557,268.8925059029121,275.3267942418452
2022-09-16,281.80275247069085,269.4251580150487,276.52084798639237
2022-09-17,279.9133605823949,269.49613182148425,274.9765990785034
2022-09-18,280.09320507078775,267.71041053437426,274.48285526200624
2022-09-19,281.4398581433951,268.31023696146246,275.49255820947786
2022-09-20,281.6683017624717,269.5717769928871,276.33272354770736
2022-09-21,280.1147696393737,269.7380335455973,275.3436711487849
2022-09-22,280.57285021200363,268.2593052920187,274.9215812367508
2022-09-23,281.00541164488226,268.306377176247,275.31378605516596
2022-09-24,280.16269922599747,269.9495667273525,275.59082471062425
2022-09-25,276.84921184017287,269.4660909630557,273.75628918763636
2022-09-26,276.8291329717272,262.76001241542264,271.21602303315257
2022-09-27,276.11477627460056,261.92927270274816,270.01872582885164
2022-09-28,276.2280704256956,263.75484783983353,270.50895643068566
2022-09-29,276.16481862336246,262.4600979917534,269.7268983926975
2022-09-30,275.92858426758846,262.43754482483087,269.8756090470367
2022-10-01,275.14043335258515,262.7785297868851,269.7069276406203
2022-10-02,274.5852877845164,262.31195927771967,269.1255894397873
2022-10-03,274.43978177922463,262.54019446308195,268.9198345480696
2022-10-04,274.72629498630647,261.7413401750292,268.76010233715726
2022-10-05,274.1248821914312,261.1805322819023,267.92415137312
2022-10-06,273.1203015163829,261.73501170615583,268.30522479628365
2022-10-07,273.70680882899336,261.4079173272334,268.29693627430265
2022-10-08,273.34375509023533,258.44929027900884,266.48591315433066
2022-10-09,273.7680535485005,258.46772972875294,267.07467170520835
2022-10-10,273.9253262212753,261.1221670500558,268.08957466284755
2022-10-11,272.5663243531904,261.35191198256996,267.02843979702163
2022-10-12,271.51812001986764,260.0394719276945,265.88510934980684
2022-10-13,271.0444526807887,257.64966816171744,264.7936615664607
2022-10-14,270.86063337626547,256.402564664022,264.19415220200375
2022-10-15,271.7432471264085,257.5639908283451,264.71380113776286
2022-10-16,272.26995647595436,257.92491653181537,265.03784851481424
2022-10-17,272.07329032757593,257.5838986379105,265.1193131350064
2022-10-18,270.8780142403852,258.4020562864907,264.81779950598536
2022-10-19,269.7037804472942,257.93812780285845,264.63654296836955
2022-10-20,267.58159250062283,255.63182639563456,263.00073752303155
2022-10-21,265.445902178066,251.00087116687095,258.8209026619109
2022-10-22,265.67036194350504,250.40179201450908,258.86792240065193
2022-10-23,267.0082893621016,253.3441890069317,260.18517634437114
2022-10-24,267.52170144314084,254.35625168919367,261.0225602944341
2022-10-25,267.7273897525989,254.4709111704081,260.8735217283727
2022-10-26,267.7314980675886,253.34224845934446,260.6425346804652
2022-10-27,267.20395450239874,251.595677599199,259.32669760648724
2022-10-28,266.6552949281726,250.99913586523337,259.6648846276737
2022-10-29,268.6025931324682,254.79498121129316,261.61511060785136
2022-10-30,268.83954766386853,255.29516422300296,262.4591711582586
2022-10-31,268.27739444694186,257.7373434496572,263.55346980890727
2022-11-01,267.5130107161952,257.55888733013006,262.74542012712146
2022-11-02,266.1761424579948,256.4617963885167,262.0535273546968
2022-11-03,267.8158653115555,255.18321250042246,261.7158224637944
2022-11-04,267.72552529249185,255.2202670355707,262.29816544717227
2022-11-05,267.7287038182982,258.9223141045253,263.78381348703545
2022-11-06,266.9280676238988,261.540067712983,264.22112962766084
2022-11-07,266.5177538801327,256.35249845114225,262.68706644223295
2022-11-08,263.5091953452115,253.934034875567,259.6093931540991
2022-11-09,264.2668130697688,256.6034735025977,261.25312708194804
2022-11-10,262.032874032507,248.96733712818497,256.84080581162664
2022-11-11,258.12511787281665,247.73806175145856,253.1791845040812
2022-11-12,257.35759984286494,247.1620452017027,252.36749295501298
2022-11-13,259.22066915217755,247.52316068007923,255.26675979384962
2022-11-14,262.4783517500654,253.07886929711097,258.6958984479457
2022-11-15,258.72969495184645,247.8241333350891,253.85146081428496
2022-11-16,257.39215991671415,248.0321637463384,252.88620158817437
2022-11-17,256.3712954363824,246.54538522375418,251.87930908995156
2022-11-18,259.59143488561836,250.1474213568132,255.63127633677618
2022-11-19,261.7889723066943,254.42396857694155,258.7801529934287
2022-11-20,260.61301049959513,248.4194185729669,254.9524942941305
2022-11-21,257.02380940977855,248.01246812174492,252.49656131259047
2022-11-22,256.1465954167259,247.86622224450605,251.73627760195754
2022-11-23,256.4836412384706,248.1380835588815,252.40465801245892
2022-11-24,258.6773090229936,250.08438917238118,254.4685015540881
2022-11-25,260.6815264926893,252.0874941712196,256.0987042935361
2022-11-26,262.43860080223664,252.9160344326419,257.34206837733404
2022-11-27,260.40295360607644,251.27718793705142,255.23178348100225
2022-11-28,259.4627317286474,250.96608041348912,254.70689693059026
2022-11-29,260.3036615414908,251.39172096154877,255.77782607281753
2022-11-30,260.7884371586694,251.80357251746463,255.9572820969138
2022-12-01,260.7677029170646,252.1961687121405,256.7888606079167
2022-12-02,262.77434594982583,254.86250198146294,258.6396753052762
2022-12-03,262.1193267967676,251.4375961964308,256.9117012132948
2022-12-04,259.42135135518305,249.02097291222222,254.29123469776653
2022-12-05,259.45909841325073,250.2011398381819,254.51326534847982
2022-12-06,260.8929190465638,249.64681916163488,255.5001197249551
2022-12-07,259.5513473771793,248.77748165736912,255.00677278056943
2022-12-08,261.9645351784477,253.75316015319947,258.81123584582406
2022-12-09,262.38760166876216,256.96777110401644,259.7673134465234
2022-12-10,261.48783363450593,253.16818991533657,258.19686353510974
2022-12-11,259.83180122268146,251.51577322881658,256.0297772779156
2022-12-12,261.02461887691055,253.50072026250515,257.17669516928487
2022-12-13,259.42878128850765,247.73054427357337,254.1685446067034
2022-12-14,257.99094083998614,247.65346653057549,253.44459651847077
2022-12-15,257.52644579692145,250.02966585528324,253.37334580592184
2022-12-16,257.32774820099985,249.43097698346452,253.26785947035657
2022-12-17,257.5414984668437,248.81970088739172,253.03555183931746
2022-12-18,257.64968851807254,248.27449393386937,252.61594831057178
2022-12-19,256.93487777706565,246.38178930113727,251.59641250813758
2022-12-20,255.70746682191296,245.46795246960758,250.44690172642441
2022-12-21,254.52348559815894,245.41424424310767,249.53683359892688
2022-12-22,254.61566010347047,245.6351703992236,249.74925833425277
2022-12-23,255.4188373504564,246.23091401092043,250.54038748985622
2022-12-24,254.5953997843589,245.43197256097375,249.64628719341175
2022-12-25,253.80746140849888,244.8240004823919,249.67768120743543
2022-12-26,256.66711695260983,247.47647175327623,251.9861349946016
2022-12-27,255.4537868377104,245.59243209533676,250.28602012920396
2022-12-28,256.05543318623864,245.6106819568279,250.9402133649377
2022-12-29,258.4313787208251,249.40514235866522,255.4899841259525
2022-12-30,259.6142184326015,248.63863983085096,254.85770829389716
2022-12-31,255.2966443299032,245.59956464998032,250.51034434243036
2023-01-01,253.6189298931404,244.3819135302726,248.79489338138987
2023-01-02,252.69463367027652,244.20117212357005,248.08183922186683
2023-01-03,252.10738897427694,243.51459408614198,247.37528748546393
2023-01-04,252.58750429646528,243.54212433820854,247.91737000421375
2023-01-05,253.76634637836364,244.92901560388552,249.05516266706053
2023-01-06,256.5059811362163,246.35540160638058,252.5631365926479
2023-01-07,259.4272387710831,252.3286345254199,256.416981566082
2023-01-08,261.8893898521038,255.26553563135144,259.36169450203045
2023-01-09,262.24988721482487,256.4703554588487,259.4945254053667
2023-01-10,260.5540555770137,254.25149447926518,257.6840214868049
2023-01-11,260.50352743495813,255.38985994623513,258.64664081719917
2023-01-12,258.2993952169107,253.8076651272388,256.16886259349593
2023-01-13,256.97807050776294,251.77034328392247,254.71901412755545
2023-01-14,255.04919990812508,246.60803531429008,251.1607768829599
2023-01-15,252.55575121236353,244.33011565299086,248.71371746658323
2023-01-16,250.5941414782435,243.16855922133232,246.70051698870233
2023-01-17,249.03151617339947,242.39128003030388,245.31663636014682
2023-01-18,249.74827501063686,242.41292486646,247.06985674384228
2023-01-19,254.00955534336356,247.67220120014048,250.78163044941604
2023-01-20,255.31925821608118,249.0674435373948,252.13518131796428
2023-01-21,255.50306409221866,248.83761130249894,252.3652225570973
2023-01-22,255.7987667983039,249.18916309195575,252.4290186861649
2023-01-23,255.66420439009184,248.9753706281839,252.34557029580756
2023-01-24,256.55176729853844,250.6541004343405,254.34227967811887
2023-01-25,258.5287203382909,252.1497074646987,255.85958308212153
2023-01-26,256.0031279807808,246.73313882767334,251.88136897979953
2023-01-27,253.7135242526009,246.67636580922178,250.37024306005375
2023-01-28,257.0601101945213,250.20764870471942,254.6660237081014
2023-01-29,260.38283036603025,255.40819136051513,258.1830434212931
2023-01-30,261.01942275544053,255.36645528865012,258.58565776236617
2023-01-31,257.4026470190623,248.37686347936054,253.52084273970758
2023-02-01,255.3681551256688,248.35972909352208,252.78389511759914
2023-02-02,258.41201422769865,252.7209141926471,255.76007144513852
2023-02-03,260.34771636422124,254.6040457999314,257.78212826821726
2023-02-04,260.7702910753722,251.06728821748874,256.7759129419323
2023-02-05,258.33351296764283,250.42906346294805,255.1778743193976
2023-02-06,260.24235795749235,251.24654346499386,256.6397802555065
2023-02-07,256.35312301589767,246.59164100554815,252.05027301547202
2023-02-08,255.67499081223792,247.1677528758374,252.55624181284313
2023-02-09,258.18463249065735,252.13405063321787,256.0830676964906
2023-02-10,259.5531671329431,254.51967177927204,257.27326862453526
2023-02-11,257.3264897322535,251.50605795519644,254.7946657974694
2023-02-12,254.2670138816824,246.8373113402231,250.80873075984294
2023-02-13,256.5406137910232,247.92700309710366,253.4108000951805
2023-02-14,259.6313477329035,252.24021193662597,256.34195872372646
2023-02-15,262.209199497738,254.3116004877946,258.4510433807751
2023-02-16,264.25863117189374,257.2228486903801,261.3726316198714
2023-02-17,266.53148391323725,260.31616647156915,263.3834463645953
2023-02-18,266.8065534962263,260.59844437149604,263.895762954472
2023-02-19,265.76014124566035,261.3209360035206,263.55173707208394
2023-02-20,264.61092646309,257.9847948366602,261.9068038868014
2023-02-21,261.5227363444581,250.82580337087944,256.89061794291734
2023-02-22,259.37126818747066,249.7307772509511,254.99903275667845
2023-02-23,258.0339962455666,249.3657139699815,253.78621333080187
2023-02-24,258.6895435363496,250.7535945022995,254.5172599568331
2023-02-25,259.0654324221093,251.66555201327722,255.4535873177733
2023-02-26,260.6335600614167,253.21524767565688,256.8237508503368
2023-02-27,260.4683544806507,251.2260426670045,255.6947747159363
2023-02-28,260.7534956391918,252.05008385120465,257.04977798393327
2023-03-01,262.57691596906693,255.19917888717202,259.3044012239117
2023-03-02,264.04005669405785,257.4368034309746,260.9705348359483
2023-03-03,264.59928487537644,255.9558488180199,260.45014732588464
2023-03-04,264.52347223251775,255.44962074893792,260.08635171117453
2023-03-05,263.8021696040163,251.08849237627095,258.27923224957556
2023-03-06,261.24231708233907,249.38099889360083,255.60517429818537
2023-03-07,262.0633663959946,250.038620824511,256.50321631142464
2023-03-08,261.7303127078425,251.26291063971047,256.3480605254833
2023-03-09,262.0991816365028,252.361564949988,257.0217646170199
2023-03-10,263.8971209537879,254.2008517865555,258.7179861879137
2023-03-11,264.89597078644437,254.5203223109915,259.3208564858024
2023-03-12,264.9923856377553,254.6725630530565,259.90825586652625
2023-03-13,264.88925305991665,250.40053351429654,257.787674230814
2023-03-14,263.9014969643868,249.5162587239161,257.01315658314826
2023-03-15,265.2536322295754,252.94784252377465,259.34933321978446
2023-03-16,265.5411295655821,254.71287293378037,260.2000684169913
2023-03-17,265.8696395857404,256.0808767069282,261.33525805997004
2023-03-18,266.4553763210448,255.5284580850578,261.42823029897136
2023-03-19,266.2492813167719,255.76533304801902,261.58599310590665
2023-03-20,266.2719592624885,255.059642772857,261.1648223891407
2023-03-21,265.28238311822605,253.33583370782085,259.7225949925705
2023-03-22,264.4068737864893,252.02270535586777,258.65318818311675
2023-03-23,264.9992560452552,252.77699469411948,259.9141765471545
2023-03-24,266.0171243038253,253.35973942808997,261.3237048815801
2023-03-25,266.8028005479854,257.54304619660815,262.6735603738332
2023-03-26,265.93063454751046,254.073842143104,260.90619393931485
2023-03-27,265.1322975022037,252.5425328848553,259.42346643825135
2023-03-28,265.4891375252981,253.8867593586133,260.2447295752629
2023-03-29,266.44917663304875,256.68703022383704,261.84808883638425
2023-03-30,267.77741369991975,257.3612698172724,262.82746685186174
2023-03-31,268.5968144501494,258.6033828841816,264.47896431198217
2023-04-01,267.89582970255105,260.7700362668733,264.62350977043286
2023-04-02,267.5049429282626,260.0531769991679,263.87485720015104
2023-04-03,267.5499154943777,260.2119257045419,264.25172544268725
2023-04-04,266.94817251261634,257.445986106406,263.1568436157916
2023-04-05,265.0017580521527,256.5520014366239,261.5110377578727
2023-04-06,265.61257608718705,256.11997930629593,261.6903489613641
2023-04-07,264.97032202534626,252.99819051906707,259.6613127199688
2023-04-08,265.69238291471737,253.02285159409377,260.01699260151685
2023-04-09,266.5627545338013,255.7011730892413,260.9509706996923
2023-04-10,267.0225529925624,255.79759983751794,261.4962441655274
2023-04-11,267.88872833585776,256.79529645333554,262.11898441870187
2023-04-12,268.1264510339003,254.82701213625015,261.4506432615861
2023-04-13,269.14014005696487,255.28427986387157,262.83778086190165
2023-04-14,270.4800286229988,258.2848706109921,264.1364536018769
2023-04-15,271.11594452763535,259.0278851837047,265.46692612658006
2023-04-16,268.98704171351886,260.23446664788383,265.2997271902092
2023-04-17,271.3203670119962,261.3744793724224,267.03072456903664
2023-04-18,270.5062077920869,264.25742538169516,267.81091007547775
2023-04-19,270.21068203872244,264.51505169740835,267.4708255058964
2023-04-20,268.98510701142607,262.438088071195,265.7980529953504
2023-04-21,267.40130183364533,258.99530643928864,263.9856834965466
2023-04-22,266.2056353042955,255.7973316913471,261.9552927065787
2023-04-23,266.48541626075666,255.93404077497092,261.4668960920537
2023-04-24,267.3184238975057,256.70543505110095,261.8185319216353
2023-04-25,267.6666749919722,257.4280603996152,262.40155153817403
2023-04-26,268.1559323605272,257.9180057798734,263.2318787649916
2023-04-27,267.8526069629571,256.7135472452201,262.7567834029647
2023-04-28,268.31892254407484,255.20910305894006,262.66212878894805
2023-04-29,268.18904903524617,253.80890928211565,261.67703980189134
2023-04-30,268.93559780652714,253.53187524144357,262.6986366789946
2023-05-01,270.35639106749477,258.1606614188646,264.91271684058506
2023-05-02,269.9773133324889,259.32317620883686,265.40181343287
2023-05-03,269.46803362168424,256.8639840622243,263.9033379705208
2023-05-04,269.1289917955115,256.75487153647117,264.27023879418164
2023-05-05,269.8248806891009,257.83868671006206,264.4935745911407
2023-05-06,269.3506541781807,258.2138102380358,265.11457504344776
2023-05-07,268.7208050895572,261.3383037823733,265.3498896065437
2023-05-08,267.8550558225123,260.90129074791633,264.79481876980043
2023-05-09,267.99714336845506,257.65892277134316,263.74398510701565
2023-05-10,267.56054489268007,255.32249530758352,261.9727502426482
2023-05-11,269.1239590016479,256.4740589389757,263.31507155571296
2023-05-12,271.1602282988931,259.25574401758314,265.59752624834607
2023-05-13,271.9773886567026,261.0277037022498,266.6231076768681
2023-05-14,270.6678955407748,258.8966830819251,265.35266207173
2023-05-15,271.4368579208284,258.1627165184219,265.34949370802326
2023-05-16,271.45440936740243,258.0231787245672,265.75485067405316
2023-05-17,272.8147577879643,260.19040594405766,267.3945272022405
2023-05-18,272.09805793799967,259.9600946077116,267.59635718040323
2023-05-19,272.3310119656272,259.78636685569893,266.80638944493955
2023-05-20,272.7488629053668,260.3175160489919,267.3268824338833
2023-05-21,274.0206448498738,261.98095391258266,268.46522674335887
2023-05-22,274.87403882625057,263.4973416928262,269.9790279995836
2023-05-23,274.181636067581,265.880202934967,270.6533229312894
2023-05-24,273.97971040977023,265.3996486366355,270.44834861492404
2023-05-25,273.19909008303154,264.702713871638,269.31556885263785
2023-05-26,271.4214785673097,263.3682597558133,268.1366376717442
2023-05-27,271.524400816369,259.99089343926704,267.17295517911936
2023-05-28,271.3860797702476,258.87800331153494,266.0448723754384
2023-05-29,273.2630743681794,260.4625208038565,268.7037977146718
2023-05-30,273.2646616952849,264.6038556655161,269.6895405002262
2023-05-31,273.9996645484813,265.50786614440705,270.75601678488795
2023-06-01,273.4538488928991,267.5078886265779,270.8900008511036
2023-06-02,273.68263435774446,266.5434468618315,270.3772390330258
2023-06-03,273.4467658279479,263.3019131405636,269.37203462762506
2023-06-04,273.3426394717258,261.3420980426076,268.0623067990534
2023-06-05,273.3983940262894,261.0638397321758,268.27047679299795
2023-06-06,274.3684595502889,264.26733762364086,270.2037798192714
2023-06-07,275.48512114059713,266.06790649464745,271.2684999511968
2023-06-08,275.9281514420514,265.08210489591465,271.4647899537361
2023-06-09,276.57989470626256,265.3789432656253,271.54065896124763
2023-06-10,276.8113485898058,264.22075558396205,271.31623796377727
2023-06-11,276.72114708062685,263.82862798699676,271.1904550185741
2023-06-12,277.245348419887,265.6500995953823,272.0332009120639
2023-06-13,277.5708055858854,266.38057208152713,272.7718046197846
2023-06-14,277.3213295151742,265.93171875513804,272.39585079154364
2023-06-15,276.82072591316154,265.94369199796256,271.85755715984527
2023-06-16,276.91950397174986,265.4822344603815,271.91829083694824
2023-06-17,277.8208436686105,265.51154978764987,272.5219776918055
2023-06-18,278.135776451298,265.1624337184963,272.3940749469685
2023-06-19,279.16781134833866,265.6562442824369,273.6169480978615
2023-06-20,279.9503822143016,266.19003996849494,273.8081588598159
2023-06-21,280.68113819183446,266.9672092892949,274.14707427607203
2023-06-22,282.20934126914614,267.63527189848276,275.689059200742
2023-06-23,283.36700561779514,269.43548202309773,276.89050838244196
2023-06-24,283.040809325522,270.2176590391757,277.13785675261335
2023-06-25,283.4168808419409,271.4470516592104,278.2620445251771
2023-06-26,281.37086287877645,272.88778538926505,277.4679566300111
2023-06-27,281.00355996850254,270.4436472804993,276.4194022465586
2023-06-28,281.1714999431707,270.27924439190224,276.85004930306417
2023-06-29,281.0144715299673,271.20206159056704,276.8317373817974
2023-06-30,280.5525740253094,270.6907217013228,276.2911654429278
2023-07-01,280.91256469146725,269.6469679669145,276.21490661538456
2023-07-02,282.2284671854518,268.81237531188214,276.8418193740471
2023-07-03,282.27736924253026,270.57681356368494,277.2046661355779
2023-07-04,281.81225905428226,271.39924832847794,277.42350534316734
2023-07-05,280.12730104930756,273.2719793271157,277.00794805021644
2023-07-06,280.9479483401156,273.3486665169403,277.15390011622463
2023-07-07,279.5557031311219,273.0554317288784,276.41449077933027
2023-07-08,279.7663332320443,272.86791422224434,276.6809059735939
2023-07-09,278.84102407958534,272.23011055514655,275.9777526835073
2023-07-10,279.5658725269297,271.0259657611903,275.890483993099
2023-07-11,280.8994818725441,269.27616932902873,276.05091687761046
2023-07-12,281.67039082372384,269.8426662125954,276.77907862861974
2023-07-13,283.08569462320264,270.7129236553464,277.66883921479166
2023-07-14,283.9696594076402,271.7488093043055,278.70649623443063
2023-07-15,284.66331682146756,273.51611417210955,279.7796418607934
2023-07-16,283.61950799149486,275.15358261968026,279.8135682578059
2023-07-17,284.5332160026366,274.62623281820936,280.1140054453281
2023-07-18,286.16852352678995,274.13654562496515,281.02363610986436
2023-07-19,286.242941149541,275.7411935750757,281.61125444929905
2023-07-20,285.71832306255095,276.95735600868204,281.52731179871705
2023-07-21,284.8400766835056,277.0470314575688,281.19588091929126
2023-07-22,284.19261432729155,277.44478614790484,280.7793303223491
2023-07-23,283.79370593985664,276.0793153796435,280.06544289476733
2023-07-24,284.0856471647017,274.87874591207634,279.87144905532364
2023-07-25,284.5263346816241,274.8401601317351,280.15907925601385
2023-07-26,284.9170347617039,275.5206552242533,280.53778938027796
2023-07-27,284.7794976739813,276.24342543430936,280.7940462430343
2023-07-28,283.4413579899621,276.4860372298929,279.90221690257357
2023-07-29,282.25873975769355,274.552768540077,278.6636350896527
2023-07-30,283.2403570524896,273.864818621588,279.09154081300204
2023-07-31,283.93858608412125,274.73774626501927,279.79624319783085
2023-08-01,285.3285191480785,275.01336992641916,280.7895690921935
2023-08-02,285.6766155615456,275.40953859404107,281.1237170683914
2023-08-03,285.4244992610433,275.89376380425546,281.2005924629584
2023-08-04,286.0638790845178,276.38612674484136,281.6774339561538
2023-08-05,285.648312609402,276.87530142959884,281.43656356040816
2023-08-06,285.0740080153582,276.99314547579667,280.87536564838393
2023-08-07,283.4316237817834,274.96822616571063,279.6087272703792
2023-08-08,285.1880288314802,273.1597457408448,280.0988759889446
2023-08-09,286.45011656676337,274.63049550277134,281.4461292244987
2023-08-10,286.2935269008693,276.1117727928032,281.65097633969117
2023-08-11,285.9663093237835,275.4644682865939,281.4141514023916
2023-08-12,286.5947407529114,274.9579647934485,281.5578970847278
2023-08-13,287.1536579899085,275.2574142095757,281.9360576006918
2023-08-14,284.73863515002705,275.2044380413436,280.2921474103703
2023-08-15,284.3730235256161,274.1635080170806,279.79316707780737
2023-08-16,284.7442558450868,274.0591777333977,280.004240871429
2023-08-17,285.03014313764584,273.80881839960324,279.95505469356726
2023-08-18,285.4017806495712,273.71417759039576,280.44379118748515
2023-08-19,285.8393968925469,274.94878476875465,280.9855393460105
2023-08-20,287.0164183181599,275.0231146423601,281.822423177772
2023-08-21,288.7580208030383,276.4327913543328,283.4001385125635
2023-08-22,288.2472797635771,277.07840932040637,283.0211859641007
2023-08-23,286.88814484997573,276.3138303539561,281.8497103692398
2023-08-24,283.74609481672337,275.89722573186384,279.7131443377532
2023-08-25,282.2778322227526,274.6357540981868,278.34899696307565
2023-08-26,281.2688052007218,273.9256983622184,277.66307376902887
2023-08-27,281.53217636506656,272.4156648716475,277.18483458699336
2023-08-28,280.75540478450625,270.12709367524945,275.8116698821533
2023-08-29,281.0251494790955,268.09650994098087,275.49399187391776
2023-08-30,283.8361471513393,268.7610378131076,277.7161407467477
2023-08-31,285.79634350650434,271.96035185860336,279.8423221136112
2023-09-01,286.0592425430823,272.72503774473404,280.07990071797764
2023-09-02,284.1168021553319,272.5656343753323,278.67490541608635
2023-09-03,282.3885165820865,271.2214019679226,277.1315325451989
2023-09-04,282.4645070339017,270.5896659991637,277.00561197449923
2023-09-05,281.6323420719986,270.14036299838193,276.38512021470416
2023-09-06,281.2970239671584,269.32982546686486,276.0269615678863
2023-09-07,281.85636887656295,269.65497319052633,276.33630782390696
2023-09-08,283.17658672181506,269.5508348545952,277.3975569830204
2023-09-09,283.89415981525633,270.92638252401787,278.29736689168203
2023-09-10,284.9285721618648,271.8548357412675,278.9616583499112
2023-09-11,286.3012368324806,272.7737650398322,280.3413004230738
2023-09-12,287.48314258099896,274.1906892524019,281.2485397549406
2023-09-13,287.8631977122973,274.12896895067354,281.5295130212342
2023-09-14,286.2834805356692,274.26836780156293,280.5869890273649
2023-09-15,285.05131015181803,273.58011300481,279.55642278439814
2023-09-16,284.34442459711477,273.80091231082736,279.15735994792317
2023-09-17,283.6370775880826,273.9621115212364,278.7791767938867
2023-09-18,282.4218282581494,273.6048158413007,277.9212451555579
2023-09-19,282.3311802545226,271.87319183496214,277.3996258293728
2023-09-20,282.0157181066734,271.21025353868794,276.84282754481717
2023-09-21,281.092990599287,271.504650404969,276.4819328858087
2023-09-22,280.11029454390075,270.48364382447147,275.3920196120934
2023-09-23,278.9304179366602,269.1576718687585,274.22341910741727
2023-09-24,277.11550804193035,268.108453022353,272.670800915678
2023-09-25,275.254822375724,264.8841576418081,270.8362739710681
2023-09-26,276.08248524805344,262.97363318001663,270.16404866536317
2023-09-27,275.9779728254002,262.4057892587128,269.6708862453043
2023-09-28,276.11837711122655,263.1076320002839,270.3983608138075
2023-09-29,275.4544955959176,264.5718229851932,270.4767336442335
2023-09-30,275.2092181872602,262.6983779464596,269.5569933261958
2023-10-01,275.54477757014695,261.88338752630375,269.4339651754112
2023-10-02,275.2897676223619,263.5411255635739,269.9063273569877
2023-10-03,274.7048664204765,262.3339998569457,268.9334807423704
2023-10-04,274.9109781166133,261.87461491420294,269.0878574002158
2023-10-05,275.42023106763907,262.2055165043789,269.51171360919756
2023-10-06,277.62706579322065,263.9335638455013,271.7609323476236
2023-10-07,275.910224740642,265.52638906809506,270.8409372470291
2023-10-08,275.37771875906253,264.2195719092445,270.08191400428825
2023-10-09,273.68047693900803,263.88364610136114,269.2525246232467
2023-10-10,272.29928942237433,259.2109295082015,266.8372188092017
2023-10-11,271.61249089456805,258.0789970810014,265.31676802803486
2023-10-12,273.5021535036452,260.9353396704143,267.4316951338506
2023-10-13,273.8278699474043,262.5063493610152,268.5718189264777
2023-10-14,271.44534788740117,261.25173180473945,266.99055715316615
2023-10-15,269.3069276278727,259.49127714627457,264.6213281987133
2023-10-16,268.62378476192043,260.6555791959846,265.60565852216206
2023-10-17,268.64544596836305,260.0508681050531,265.02381570684685
2023-10-18,267.13331238934455,254.27649769780402,261.50322730198826
2023-10-19,265.5920634747884,252.66890043890982,259.43094201500145
2023-10-20,265.6270680191861,252.8715021969857,259.6810174671323
2023-10-21,265.9227607631448,254.51808753974382,260.23423135022466
2023-10-22,267.26044340390166,254.53254782225352,261.40060213167396
2023-10-23,265.6189656132088,251.84650863869484,258.51802896514135
2023-10-24,265.6324659239553,251.2481461561507,258.46772934494555
2023-10-25,266.094995510471,251.3527707578167,259.50273399693384
2023-10-26,267.1651058373994,254.42827944391055,260.8782229455453
2023-10-27,268.1972775471531,255.98410312693196,261.9658082460773
2023-10-28,267.9366778798541,255.53860886032797,261.6217176061911
2023-10-29,268.884730355004,256.7006091279527,262.55284639150494
2023-10-30,268.9634911322927,256.7486923624991,262.44491314023367
2023-10-31,269.4685716505203,256.56740977167635,262.93254333992587
2023-11-01,268.9338424456378,257.48554624324396,263.51940881882797
2023-11-02,267.96332129212806,255.94180937468363,262.47717575132117
2023-11-03,265.5723810835438,252.22164379183087,259.36500649014494
2023-11-04,265.7274513948947,252.86917793295476,259.3351410499618
2023-11-05,266.39626367909676,253.6501805443774,259.82048771351907
2023-11-06,266.9360392751373,254.64114046102668,260.68751968644966
2023-11-07,266.98935532279586,255.17709484664144,261.0724212925667
2023-11-08,267.3634161781749,255.48196060221196,261.4675086177798
2023-11-09,266.80312772556414,255.72271878706513,262.3707041975042
2023-11-10,266.22684282426235,253.1652996472458,261.1490357367635
2023-11-11,264.0482239214867,251.82939251689248,258.576814605277
2023-11-12,264.56664871785205,253.70970343014332,259.01214626903675
2023-11-13,263.77130642905206,253.5204622505676,258.1852496231349
2023-11-14,262.8431965112479,251.0575475159246,256.9177394594512
2023-11-15,262.0869816639737,249.73813282783874,256.18815099610873
2023-11-16,264.32267224541664,253.04731268212703,258.7177811378969
2023-11-17,265.03373859200804,254.70961493562527,259.6631853254423
2023-11-18,266.7925397447428,256.32765638777823,261.86691985381685
2023-11-19,267.24264999639024,254.17948306239182,261.357636009125
2023-11-20,264.5219535859027,251.32885842487696,257.74482218461753
2023-11-21,264.3529897400075,252.317037091789,258.3524534384426
2023-11-22,266.03929589658577,254.22994749498216,260.0499250981
2023-11-23,266.27120640222836,253.63923920420288,260.4201616936564
2023-11-24,262.9982690554815,250.17924134938536,256.3668405447843
2023-11-25,264.76142198315773,251.84917519503415,259.3659816997764
2023-11-26,266.4249676543567,256.8811529413333,261.95239239542275
2023-11-27,266.8866285932354,257.08334555911887,262.0666996744763
2023-11-28,264.75832134692723,251.54607668889724,258.2682557496825
2023-11-29,263.67826382805566,251.21382470149044,258.2617822834099
2023-11-30,264.74694345416856,255.34462195333282,260.60747863227846
2023-12-01,263.92587201375375,251.54740454361925,258.5154225222433
2023-12-02,260.511986064371,248.52098891762364,254.5248577490177
2023-12-03,261.5129775948347,250.27621496009598,256.2576405517075
2023-12-04,260.62361263406086,250.25437893840245,255.44355782076758
2023-12-05,260.5859856714669,250.61974880488248,255.15834117193603
2023-12-06,261.0307572919321,250.21860390944227,255.03331404885992
2023-12-07,261.22550444858314,250.17877855728182,255.3139886088772
2023-12-08,262.5160864703809,250.85950906404406,256.4757668874831
2023-12-09,260.0878262221553,248.5760635917175,254.15391107365878
2023-12-10,258.9348733989694,247.1843984098275,253.05120493858783
2023-12-11,260.51588008045286,249.47735765548052,255.43305032560698
2023-12-12,259.7781015890298,248.77173522051328,254.49631388416412
2023-12-13,260.27601691049824,248.66757587586167,254.57305579491177
2023-12-14,261.9714572542754,248.67146913281212,255.17573945259875
2023-12-15,262.145866408817,249.03379608932642,255.87663089428023
2023-12-16,261.671836736712,251.29943949900036,257.23881983902095
2023-12-17,260.0439095656646,247.88656124627153,254.81529088923057
2023-12-18,257.7258599374359,246.51887860024678,252.3003539216633
2023-12-19,260.3106193540789,248.34037411955455,254.6828688032718
2023-12-20,262.83046243884627,252.66003684613935,257.50317347233425
2023-12-21,263.0215217634053,252.58072841728463,256.94611034433194
2023-12-22,263.7145145767555,252.79243174066983,258.6985716920679
2023-12-23,264.52861624077525,252.62876015489354,259.126203349285
2023-12-24,263.56082943334826,251.3428526348878,258.24947797025254
2023-12-25,262.59311463894954,249.91920135587972,255.8867260742018
2023-12-26,263.0369854591711,250.6106741101415,256.73548973044996
2023-12-27,261.36988227400496,247.75208835001527,254.46263846442838
2023-12-28,260.9560788557519,247.56483060835725,254.80091254661266
2023-12-29,262.0071559569973,251.077088826584,256.3351155158998
2023-12-30,262.312709519836,251.58777470954078,257.1728669328459
2023-12-31,260.6352533900499,246.2812235670989,253.91499121419253
2024-01-01,259.4796272653355,245.5336619143804,252.6086793723262
2024-01-02,259.57950423587044,246.92177034019412,253.25635809132203
2024-01-03,260.13605866032486,248.88728932170386,253.9662819313326
2024-01-04,260.131578208603,249.01006616016738,254.49569453757863
2024-01-05,261.1823099715796,248.65176942643646,255.2490963988666
2024-01-06,259.9495154809398,247.47699260100288,253.42509249975083
2024-01-07,260.8691161178403,248.49088348191523,254.51185295628937
2024-01-08,261.72385891653164,250.18231350757512,256.0082941246037
2024-01-09,261.1320264089058,247.11398323760451,254.45757877622106
2024-01-10,261.48767426702824,247.91410556213378,254.9469304518412
2024-01-11,263.11380160885705,251.09273245091873,256.86747375874165
2024-01-12,264.4922546697844,253.32689747920526,259.46701605704857
2024-01-13,265.4399998567209,254.72801310412822,260.2873891163268
2024-01-14,263.4121468042697,249.61815447251428,256.80483213914925
2024-01-15,262.9118580331362,249.46484938846532,256.05782028273404
2024-01-16,261.2218740280201,249.16660374454068,255.51530074826704
2024-01-17,259.9090430879057,246.36376363943984,253.46448525360375
2024-01-18,259.27074112506347,245.75367588798417,252.6296106804514
2024-01-19,260.16307058859866,247.29664216626827,254.1056524237358
2024-01-20,260.93301105738436,247.7965603100223,254.6010112804928
2024-01-21,260.57626273040734,247.07500752382367,253.7693668766507
2024-01-22,262.23347390626213,249.3468036918243,255.57901871141297
2024-01-23,261.7143693643886,249.4888266496605,255.1994153183682
2024-01-24,260.8756563992062,248.37070457129286,254.27811625325091
2024-01-25,261.0977071117154,249.4172195137429,255.8066921447441
2024-01-26,261.5214868175805,251.81406547541974,257.0040407144214
2024-01-27,260.8957992713259,250.90120157599614,256.20513061365523
2024-01-28,263.0804762231697,254.2759742721215,259.3894446961851
2024-01-29,262.8634305268559,253.66821346825336,258.8235846387295
2024-01-30,260.9420710475062,253.19920907516544,257.6181194330466
2024-01-31,260.08357963513697,254.4877953383237,257.32355550720587
2024-02-01,258.32151539017696,250.7244762844467,254.88447108010052
2024-02-02,254.45164326942458,247.25977412051756,250.85615761275724
2024-02-03,257.5239186209507,248.87011173196572,254.47305371936653
2024-02-04,259.1576623682463,251.19408267098473,255.69126433092688
2024-02-05,255.9695829606882,246.08428225025676,251.23868647651753
2024-02-06,253.63124961028015,244.48768404735074,248.865106036276
2024-02-07,253.22600488239843,243.07825255971866,248.15869069850032
2024-02-08,252.90374077926975,242.87658947596557,248.02545693553472
2024-02-09,254.25061612352354,244.83156181026385,249.31385456663776
2024-02-10,254.91290268567855,246.09154615271888,249.98517276845513
2024-02-11,255.9395262017071,246.45997137063858,250.77330190514292
2024-02-12,257.75776637412326,247.6003985474303,252.91477920277836
2024-02-13,258.0915690707899,247.69046251814808,252.74592998712646
2024-02-14,258.3033610823004,246.8211423875846,252.5632067238606
2024-02-15,261.0807101623464,249.31057103031944,255.3290293979996
2024-02-16,262.4759561939417,252.2417229588086,257.35563481976885
2024-02-17,263.8320817998748,255.8249457785959,260.49296559668215
2024-02-18,264.1880059415674,259.3321525369709,262.07191534764416
2024-02-19,263.31609631285374,257.59919404831504,261.2995527083964
2024-02-20,259.6775705116819,252.67525447576415,256.8302740083689
2024-02-21,256.9465028520871,249.33457255897642,253.5263921008579
2024-02-22,255.641755922787,245.36065457859368,251.05082806383942
2024-02-23,253.082019690063,243.946394425535,248.7164708244324
2024-02-24,253.85585960670542,245.34897300271464,249.8775245840083
2024-02-25,255.08833559716257,246.5485214722341,251.0416618462922
2024-02-26,257.5321480004841,248.3261869014219,254.31578686099942
2024-02-27,260.8867769911865,252.23343747131,256.55523242499254
2024-02-28,260.3880020766185,252.1527915572976,256.1727100350032
2024-02-29,260.90634188412366,251.36468524175092,257.4230000039628
2024-03-01,263.1860795287902,257.5678776509699,261.10784651374877
2024-03-02,263.5107938574817,259.49408003172096,261.61691007527656
2024-03-03,260.16200266982935,253.91039388671302,257.67884823821544
2024-03-04,257.2758576397491,249.18787202646965,253.63979705302475
2024-03-05,256.7442361638027,248.64697625017777,252.64487127088228
2024-03-06,258.2312430820977,249.12171694754488,254.33867383110996
2024-03-07,260.37638095924444,251.71080785773614,256.3428532980422
2024-03-08,260.4357606402264,250.42414503853678,255.78431847422516
2024-03-09,258.97757448324694,249.7109880803257,254.40563917446423
2024-03-10,261.54391269294075,252.0007444357567,257.62663444362147
2024-03-11,263.6926923340095,255.9535712733585,259.76639726268587
2024-03-12,263.76153958060013,253.23322098793992,258.89351638420345
2024-03-13,263.09326293396896,253.63144504726074,259.69050324860336
2024-03-14,262.9382487741166,251.52599623797929,258.4958318357432
2024-03-15,260.75577353343755,250.16710981084418,255.89293689231292
2024-03-16,260.4294952949191,249.66807969702708,255.3594818791294
2024-03-17,260.4296075704729,249.7417708013674,255.40867601275298
2024-03-18,262.5766845270195,252.26296670771308,257.3636922742708
2024-03-19,263.0543059920403,252.47937193774132,257.6619178854471
2024-03-20,264.63700527298806,253.41954541445682,260.0102612200507
2024-03-21,265.9401860085268,258.7100200108246,262.40198083186425
2024-03-22,266.43805713158935,256.0275494126015,261.8830309085129
2024-03-23,264.85469137870825,254.5146571470765,260.72715751391394
2024-03-24,266.682066833167,254.3910775564067,261.392300035246
2024-03-25,265.19259517540314,252.16212951925104,258.98701330184724
2024-03-26,267.4543827096905,254.73592610440795,262.58127004741726
2024-03-27,269.24044982642016,260.8432797717343,265.2792374468527
2024-03-28,270.3136530465386,263.5149049550124,267.00048931256674
2024-03-29,269.75172731021485,262.7912135273431,266.5949543695201
2024-03-30,268.13910240186533,262.23476526091906,265.1501963239153
2024-03-31,266.7918943219802,256.20884227934533,262.7124765417983
2024-04-01,264.8053510079269,253.1441758598682,259.68947936870427
2024-04-02,264.685084541917,252.86942872504702,259.61838799429677
2024-04-03,265.6446722234801,256.63699717949834,261.8079730208872
2024-04-04,265.6395578008132,256.147483368731,261.1053020713869
2024-04-05,265.99983087791367,253.10662396645174,260.2815559783456
2024-04-06,264.6671974669456,252.1510615714204,258.74573168955044
2024-04-07,265.2750066163774,251.18205736547438,258.6483963958289
2024-04-08,265.09096752493105,250.9689226481199,258.9185862051708
2024-04-09,266.2201629695964,254.663747332243,260.48748115272934
2024-04-10,267.2176025931677,256.05806643603023,261.8637089233089
2024-04-11,267.4581672973454,254.991483742593,262.05888632298013
2024-04-12,267.5979485762273,254.2273182660336,262.4312797833529
2024-04-13,268.75804069229076,259.74947204855266,264.99272837374224
2024-04-14,269.9574174484226,262.81797489047756,266.71585616883027
2024-04-15,270.7524858161206,263.70937929668344,267.67158285585833
2024-04-16,269.8589024758444,257.5620822810346,265.18110242580786
2024-04-17,268.8959760463027,257.2417564976861,264.6981861393248
2024-04-18,270.2055958598113,262.43898398729203,266.8408491809607
2024-04-19,270.51292863250706,262.0017636800544,266.7222052485407
2024-04-20,270.5141229182948,259.2665546581315,265.62829386003716
2024-04-21,269.85476756457126,257.97177096636364,264.39684078123497
2024-04-22,269.66478212577914,256.8749825147192,263.71630322727833
2024-04-23,268.9537238898954,256.19048562437575,262.7624447865774
2024-04-24,269.66200295922624,256.3232143140804,263.7585789337859
2024-04-25,269.6740547866225,256.60646178620715,263.70170342759286
2024-04-26,270.6052271330455,259.55659697899733,265.88725025937276
2024-04-27,269.95220144292534,262.028032625195,266.50370171579806
2024-04-28,269.7407872162366,263.25879498152784,266.83307980495863
2024-04-29,269.23741866454844,263.3722224693027,266.57930790074926
2024-04-30,268.4462832166669,261.1307662457327,265.0452588660089
2024-05-01,268.3356559983755,257.8421561252987,263.97076264611377
2024-05-02,268.61606611197277,256.1742398980577,262.90068337059523
2024-05-03,270.78151458607766,258.5699345675474,266.06636755159553
2024-05-04,271.7748938617284,261.5818300392916,267.3031088008957
2024-05-05,271.85163518035597,259.2818762641072,266.42435723820506
2024-05-06,272.0431530988451,258.5100626777427,265.9694000327025
2024-05-07,271.94724484315816,258.2693629729465,265.09525952638626
2024-05-08,273.3065544243042,259.17445606067713,267.0520967980218
2024-05-09,274.1728574222802,262.43188843421416,268.27426273909106
2024-05-10,273.81419157717676,262.5641590806241,268.5569141573665
2024-05-11,274.0023938613961,262.9265877009077,269.2900058671293
2024-05-12,272.4712380980257,263.2071067902652,268.45305676230475
2024-05-13,271.61191984576163,258.8799174599052,266.6282136586537
2024-05-14,272.6718580145285,258.5737324173484,266.99595828854785
2024-05-15,275.08289669490966,263.31919780422976,269.5739824012835
2024-05-16,275.3799480153401,263.95801025887755,269.88891690884986
2024-05-17,275.19369490242013,263.9416743165849,269.9108565541267
2024-05-18,275.4485405603107,264.33978063004304,270.65847241696054
2024-05-19,276.22946368344464,264.68754242123504,271.41749830695784
2024-05-20,276.208498316294,264.21373608186065,270.9776556797815
2024-05-21,276.23786791755236,263.5572059460557,270.6498371319154
2024-05-22,277.19545705222,264.21535622920067,271.27299858084297
2024-05-23,277.7584954089115,265.5074674940222,272.40379605983924
2024-05-24,277.7270879750698,266.60508547126057,272.80908255895696
2024-05-25,277.78109433697534,264.9278071423477,272.39150577205686
2024-05-26,277.71089712367825,264.1199141861996,271.9002878937861
2024-05-27,277.7043368025344,264.22230264527184,272.03101745382276
2024-05-28,277.5575272150201,265.663418646665,272.63273604036675
2024-05-29,276.40566931470454,266.8812599555999,272.24415575783115
2024-05-30,275.81308153536594,265.5030729052534,271.4708503715443
2024-05-31,275.66977532876797,265.25300190086637,271.3468924639253
2024-06-01,275.71550049668565,264.72957264871576,271.2508398366723
2024-06-02,276.2934981395975,263.45385436189144,270.89749714130687
2024-06-03,277.5479783120729,263.7536411664061,272.09968998167824
2024-06-04,277.5503339257825,266.34777743197145,272.7686190678763
2024-06-05,276.41017510185213,266.6962430444423,272.5639720052018
2024-06-06,275.95017630899446,267.4742227872186,272.2315720786076
2024-06-07,275.5169056122721,266.7071258606125,271.7117212226951
2024-06-08,275.71973760890586,264.79116862431704,271.30753950215603
2024-06-09,276.2640946792758,263.77444580274044,271.148548903102
2024-06-10,277.4921340541631,263.79789724638636,272.02282679060096
2024-06-11,277.7921046055342,265.2143574929496,272.27992489503157
2024-06-12,278.81224911403564,265.8006649810844,273.37414146953563
2024-06-13,278.7990609317017,266.77787200622004,273.79434213360247
2024-06-14,278.8288749789221,266.37358804295417,273.33157475998365
2024-06-15,279.3164773463043,265.7172643348219,273.40634371154795
2024-06-16,280.82298972654434,266.3889980562308,275.1432418731703
2024-06-17,281.32100114519585,268.3958954100126,275.90858643768354
2024-06-18,280.4146919536388,268.37903741710494,275.23646127246093
2024-06-19,279.7855350263199,268.6554225986049,275.02558112400004
2024-06-20,279.4032664441842,269.338334816415,275.0962306689184
2024-06-21,279.2189732969037,269.4639429316363,275.1105245329016
2024-06-22,280.1516934857602,270.5770857212624,275.8482010496675
2024-06-23,281.0085618423843,270.3258804607228,276.33519748309743
2024-06-24,281.65304012917665,269.48922851442643,276.40766268317293
2024-06-25,282.33436524262453,269.43769531498856,277.04906699556574
2024-06-26,283.4624978615754,271.21113727909966,278.25158592636075
2024-06-27,284.25831057600885,272.0373517813111,278.8266013009818
2024-06-28,285.05960250176076,272.1102501429019,279.6177419447584
2024-06-29,285.17208469476026,274.4699602232198,280.469766697679
2024-06-30,286.26062218653703,274.99561239085494,281.09022814239233
2024-07-01,286.4586568406939,274.6722093530662,281.30816264004847
2024-07-02,286.27082533558246,274.7101935485635,281.3453071878775
2024-07-03,287.8555623951664,274.99820022713465,282.3177432000045
2024-07-04,287.1883804159559,275.4308533845512,281.6478785933733
2024-07-05,284.62352478175745,275.1603986099203,280.2475885094263
2024-07-06,282.9291496998468,274.33858790744233,278.8816851376075
2024-07-07,282.7479700427492,273.51955879845883,278.5182746104258
2024-07-08,283.4051311524477,272.4482037591378,278.7171283706471
2024-07-09,284.717844063055,272.3515190930936,279.5986422860545
2024-07-10,284.97552984506115,273.1682155592947,280.0425665585818
2024-07-11,284.3781084193457,273.58956804315574,279.45184955921286
2024-07-12,283.7723314359872,273.5192175496786,279.13255245206153
2024-07-13,283.2253296866402,273.628220775388,278.78121192088986
2024-07-14,282.91605089586056,273.1751304254247,278.3922799007691
2024-07-15,284.42384914988537,273.35541439296514,279.5455333776056
2024-07-16,285.31960123222024,273.69767519103976,280.2176505530569
2024-07-17,285.79643814147744,273.710453780041,280.60553278728287
2024-07-18,285.0530261604032,274.44282474843857,280.3537371952183
2024-07-19,285.496953043101,274.81155179042787,280.7583885140309
2024-07-20,286.2633435806979,275.2696776852924,281.2884267618682
2024-07-21,286.94572453621396,275.45830789203086,281.7376015254063
2024-07-22,287.5331972554079,275.47370012664453,282.36577917861104
2024-07-23,286.80756979396097,276.2705599639825,282.18700510144555
2024-07-24,286.4510186502708,275.9822824144061,281.69931539224274
2024-07-25,287.46379738772976,275.68969615190923,282.4047902960055
2024-07-26,289.0995923789271,277.2082798392512,283.8123394368994
2024-07-27,290.12584564919047,278.06781954549655,284.65272466761473
2024-07-28,290.6743755801755,278.9725013263327,285.33307994884547
2024-07-29,289.834359407769,279.48094086874386,284.89862830873216
2024-07-30,288.2657831480107,279.5753421543692,283.9736694635313
2024-07-31,288.3219325504985,279.0682843100705,283.9365487229415
2024-08-01,288.0189504730132,279.19749322673005,283.5549983081533
2024-08-02,287.3841385250701,278.8057436899987,283.2826501043499
2024-08-03,288.15225746321426,278.6250980909316,283.6807510765434
2024-08-04,287.2201631369261,278.7736687114847,282.9683471422419
2024-08-05,287.5635159602927,278.2867193694928,283.1462693537593
2024-08-06,287.29927888683034,277.8262285637512,282.61590520578505
2024-08-07,286.00331598926783,276.73881706971264,281.7606845061441
2024-08-08,286.7490335971438,276.0680126424523,281.9215038114108
2024-08-09,288.30314736842706,276.6625717834585,283.0882762137964
2024-08-10,288.44726323967467,276.9085215232657,283.0154943196713
2024-08-11,286.46111548936875,277.32790881775657,282.02133221829433
2024-08-12,287.5771739483385,277.3621460333643,282.67696423917
2024-08-13,289.6375741519191,277.30184999323825,284.1162775176166
2024-08-14,290.05210582511546,278.05692511096925,284.5600081326496
2024-08-15,288.7663240877334,278.3173624511448,283.57369242006
2024-08-16,286.51297793434384,278.0978656743857,282.417353074776
2024-08-17,286.3577040791394,277.7916415330564,282.1075999085326
2024-08-18,285.80994878825805,278.17628656044303,281.9294455096327
2024-08-19,284.96161220162514,276.70838815102957,280.9839953482837
2024-08-20,283.8571785362502,275.6148864374966,279.77298461552124
2024-08-21,283.2238278380541,275.15111268185603,279.42951727767206
2024-08-22,283.7457092873198,273.77678527623766,279.2089422468963
2024-08-23,283.51145285441834,273.0391009126102,278.8202384984921
2024-08-24,284.3660643855537,272.48386034611167,279.0763187532096
2024-08-25,284.8864307042005,273.57590082023586,279.9731462523932
2024-08-26,285.07089269465894,273.80403031286545,280.0364856465148
2024-08-27,284.2196307157663,275.0601378569272,279.9713616077164
2024-08-28,282.7459102108493,276.6334753657499,279.67479006581294
2024-08-29,282.33945316141336,276.73983933053535,279.2452110426656
2024-08-30,281.91249807573973,276.64550891542626,279.10172629201514
2024-08-31,283.6478585912738,275.5560503831023,279.78354637195866
2024-09-01,284.30392856582546,275.05949532332215,279.81414687864793
2024-09-02,283.49150814539234,275.0041010584876,279.4429707926492
2024-09-03,281.85265972308326,274.8099259096981,278.3651106407486
2024-09-04,282.26893412411727,272.6864996018779,277.9106090583447
2024-09-05,283.1378161849241,272.2133889317592,278.210095774516
2024-09-06,282.9962240238016,272.98246919301283,278.42087510567524
2024-09-07,282.12949124158786,273.13470246361476,277.8514797181139
2024-09-08,282.52229717384296,271.8078673811747,277.71682568528803
2024-09-09,282.2891247178566,271.63010289705284,277.30232658439576
2024-09-10,281.49701771173375,271.23211395513556,276.62710773975243
2024-09-11,280.6469565904351,268.76133868785985,275.56679973228904
2024-09-12,282.04531536466095,267.83883810709415,275.95188149512217
2024-09-13,282.1897665713751,269.92800061441454,276.6025010475533
2024-09-14,280.4692086537797,270.21874300236874,275.79800638016224
2024-09-15,279.80985702605096,268.7226751917764,274.89355023135613
2024-09-16,280.61510740599215,267.93522777842986,274.8503915110564
2024-09-17,280.39732530771255,268.0264744811635,274.9220167313052
2024-09-18,280.9327942443549,267.73787247399355,275.3169329970554
2024-09-19,281.0775284077234,270.197066171199,276.42574325532297
2024-09-20,283.1338769972462,270.0949557364018,277.49478900680583
2024-09-21,284.2222086179268,270.17583158709414,277.89458097012357
2024-09-22,285.1566320154001,271.10801315572667,278.4685791133528
2024-09-23,286.25688322006226,272.2594758566533,279.8520965568491
2024-09-24,286.1952302816885,272.85078348781485,279.84420380452667
2024-09-25,285.973564788923,272.759058083741,279.75073015584627
2024-09-26,283.09874728988376,272.4861351133447,277.9679437090698
2024-09-27,279.6152105840772,271.12645483177454,275.375955429003
2024-09-28,278.50431542153046,269.3556140915393,274.0517309650774
2024-09-29,279.4505400599454,267.52474569073127,274.070439436235
2024-09-30,280.4180560361034,267.40964677645945,274.33011294799934
2024-10-01,280.5377651026689,267.3300670578046,274.1360950215019
2024-10-02,279.45369880766384,266.5238109956346,273.28990505641303
2024-10-03,279.57876274099954,266.29929286032547,273.26940007805473
2024-10-04,279.11207584205465,266.4761198894787,273.33324831934203
2024-10-05,278.1984372767005,267.80548254307513,273.155189951266
2024-10-06,276.73468075243215,266.06962325168666,272.07841106707264
2024-10-07,277.1889100640859,265.62148672436297,272.005586993642
2024-10-08,275.48945753032194,265.5477096415062,271.1612842700399
2024-10-09,273.9511061082153,262.0156985870049,268.7404459093866
2024-10-10,272.91965190391437,260.4039846167759,267.0763604657955
2024-10-11,273.8199105352345,260.4249181037618,267.4370217058037
2024-10-12,275.1723932198463,261.410669447693,268.7514238413516
2024-10-13,275.5397255342451,262.79295286001116,269.5428311227363
2024-10-14,273.97917399013545,262.16782921091044,268.32692954568506
2024-10-15,275.0776057464753,262.29431175742104,268.96158817160943
2024-10-16,274.1501107727273,263.2927198628595,269.03953649761786
2024-10-17,273.9088233177494,264.3512632285473,269.1913471178719
2024-10-18,273.72388336827794,260.4000722444033,267.7671581256836
2024-10-19,274.1088661229599,259.64201606516696,267.67839706386155
2024-10-20,274.90230359980495,261.7168375985377,268.7106166858486
2024-10-21,274.9032861210321,262.7094406079659,268.973446091712
2024-10-22,274.78272636312323,262.60055453966356,268.9583690437275
2024-10-23,273.0099412965993,262.714199927116,268.25867113732085
2024-10-24,272.9713431392957,261.86587647443446,267.8124966228315
2024-10-25,272.72541792589635,260.94287551440243,267.3958360514704
2024-10-26,274.79383053624554,262.2359659717471,268.4966031044684
2024-10-27,276.239028004466,262.5116427768047,270.75198951353013
2024-10-28,274.8564145115397,266.35042317319864,270.58058880733415
2024-10-29,272.17535582280607,263.68657754720516,268.1810157347064
2024-10-30,271.2378033412121,261.565757440038,266.71687247653944
2024-10-31,269.71048274025895,256.17386047805667,263.2975317622526
2024-11-01,271.1754415123017,257.29057359342306,265.19516773439136
2024-11-02,271.99025526108915,260.1593348527071,266.33833124765914
2024-11-03,272.2371005971829,260.7939037483653,266.33211715128965
2024-11-04,271.3069701895957,259.4921507724557,265.273444872407
2024-11-05,272.4704638049878,260.3514871338317,266.4783773904083
2024-11-06,273.69302818417253,262.00809015375074,267.6097450158885
2024-11-07,273.79634157373255,262.57466324889435,268.2411847051056
2024-11-08,272.8558063299656,262.9801214585834,267.769546574484
2024-11-09,271.87594134276713,261.8589367188912,266.84401275497214
2024-11-10,270.4093869185516,261.2056314744668,265.9429033575059
2024-11-11,268.43894575253813,258.9364566306082,264.32437815635217
2024-11-12,266.5371644280836,255.0737544045595,261.41768081653476
2024-11-13,266.3614735277418,255.87680303859938,262.56516907702087
2024-11-14,267.07549139303,260.04102053497303,263.8304821301489
2024-11-15,266.6928755065456,259.8986351200135,263.26550333738896
2024-11-16,265.41452276805677,255.74357539394347,261.1462288986528
2024-11-17,262.5065072144409,250.77193439183424,257.22400775552677
2024-11-18,261.3847137475381,250.86512247388018,256.39257986021937
2024-11-19,261.80733093511174,252.78098427189823,257.0469588512255
2024-11-20,263.17483423117346,253.5168068882238,258.2819446424974
2024-11-21,263.72640964071974,252.4626542560243,258.28747234107135
2024-11-22,262.0911040238116,251.3012041938615,257.7939212939065
2024-11-23,261.9110968717936,253.76486866396954,257.8512734445064
2024-11-24,261.96977953574543,249.62767038522827,256.42908018457956
2024-11-25,260.15879607605603,248.7484386374522,254.49429033090408
2024-11-26,260.2080553861128,249.75893280337124,254.852164194824
2024-11-27,259.0563712383469,249.54164212718868,254.1047267696622
2024-11-28,260.45809680825573,250.25224862136037,255.68226558149544
2024-11-29,263.4643300231364,254.40310307736735,259.29154134753765
2024-11-30,264.3934505470523,253.62201246695025,259.4779387758615
2024-12-01,262.2551926679927,253.02465542306481,257.7708397162148
2024-12-02,262.0380290760053,253.387239448705,257.7296579313558
2024-12-03,262.08656172584784,251.80224255655105,257.2902282071027
2024-12-04,259.54727711976443,249.03779584302723,254.32551961694253
2024-12-05,258.78978567598546,249.24499223141356,253.6814611687559
2024-12-06,257.4645804059082,248.55870229245377,252.54611460166697
2024-12-07,257.71869330497043,249.37379819872694,253.61722850855827
2024-12-08,257.1278905589162,249.90548601694334,253.59959741077265
2024-12-09,255.28763553867526,246.04407769268116,251.12287069566457
2024-12-10,255.94496720642982,245.61177884040174,252.2300908780173
2024-12-11,258.6003638525817,252.25946571956578,255.45416550019087
2024-12-12,258.62705096089536,247.90505836066393,254.38575239759118
2024-12-13,254.8743309639826,245.4865460283617,250.54936426829497
2024-12-14,258.6819945401397,247.9997479359969,254.09355370995684
2024-12-15,260.5474890638731,250.38935932005234,255.9219702560253
2024-12-16,260.6805031881128,251.48148106050058,255.95172889686532
2024-12-17,258.30031297371613,248.21710675240976,253.22677935945745
2024-12-18,258.5646594741391,248.4562611100974,253.94161030292003
2024-12-19,257.8145668475007,249.08290860593522,252.91422109022628
2024-12-20,256.708633437438,248.01588883040475,251.78968508840035
2024-12-21,256.76822764330365,247.66948001481293,252.78816983570533
2024-12-22,259.2228394503554,250.63666471841447,254.76766604146044
2024-12-23,257.7875724516878,248.41671006678112,253.48573778357948
2024-12-24,256.6634028119393,244.80242407364545,251.18877967235582
2024-12-25,255.1531702502723,244.6940173871676,249.7872724996593
2024-12-26,257.0412047135188,246.3587960014996,251.25676630654857
2024-12-27,257.77220479795534,247.55652546622858,253.39330027080922
2024-12-28,259.56790016272697,248.14111708927433,254.49597101291116
2024-12-29,255.79986978921323,245.34728861722803,250.8351997511866
2024-12-30,256.9950176627412,247.39692905693857,252.1811368987371
2024-12-31,257.61539800640156,248.92245669544033,253.12884707182613
2025-01-01,259.2848114295474,251.22790317198243,256.00757702429297
2025-01-02,262.086707708737,256.16010866480804,259.86350634516805
2025-01-03,264.1903299395469,259.25801836162304,261.6180964583002
2025-01-04,263.67053738401535,259.1871208995085,261.4909189514588
2025-01-05,261.9253589861345,255.8652098172387,259.359927082456
2025-01-06,258.9678418427665,247.7221377267341,254.62904789391195
2025-01-07,253.85193431214753,245.2019692825362,249.94681511923625
2025-01-08,252.61074171135223,245.21203137328962,248.83400471572241
2025-01-09,251.399794478097,244.29956914468514,247.42225723241668
2025-01-10,252.49666304998155,244.38439086437197,248.53265938537396
2025-01-11,254.77201224753796,246.84805266381798,251.0630284421468
2025-01-12,255.39870115262374,247.04656724404484,251.3103103111632
2025-01-13,253.15649982518016,245.4286680311924,248.89836292138978
2025-01-14,255.12407111284188,245.95153432077007,250.77311080756553
2025-01-15,254.89780963748015,247.02851192957658,250.56724244124402
2025-01-16,256.33250446054245,246.77750347292695,252.0037337494395
2025-01-17,255.35362493072043,246.8431613853114,251.9058608575423
2025-01-18,259.0070769027289,252.17548795140974,256.10686608027675
2025-01-19,260.8967146395728,255.3509311665969,258.4661151797784
2025-01-20,261.4336206327482,255.9244432362733,258.77256876857257
2025-01-21,260.52170053307043,252.63049393481012,256.85916089328725
2025-01-22,258.1396770307275,250.4458359547426,254.4173278762885
2025-01-23,256.5976369393533,246.17368020945213,252.03362564100968
2025-01-24,252.80653408621936,243.92827123989494,248.40730135765926
2025-01-25,252.57520199490713,243.9060568823676,248.60649489497044
2025-01-26,254.9320060969564,246.93423295941264,250.54731329352043
2025-01-27,255.32442904663628,246.86452560329695,250.56910517625366
2025-01-28,257.53368528756135,247.44320424866467,253.68659922171108
2025-01-29,259.12364969130283,253.40498694887256,256.313889613038
2025-01-30,258.39864676243167,251.34595638016177,254.92158691229258
2025-01-31,257.8162052445159,250.08759673483374,254.1418351640529
2025-02-01,258.4367784682537,250.3250924117071,254.6299620476446
2025-02-02,257.87291015957925,246.33975109219608,252.51335748726075
2025-02-03,257.17163231226186,246.88452077287477,252.592846732364
2025-02-04,258.0605616849569,249.8243545826434,254.25510951511203
2025-02-05,257.0695677598462,247.5822845243346,252.6998446709796
2025-02-06,255.03420361000104,245.50477738217182,250.23626050395202
2025-02-07,254.54947924671626,245.28539372333051,250.53860244508405
2025-02-08,256.94724801460717,248.20174209569078,252.76623824643337
2025-02-09,259.22499067299805,248.59587851588665,254.33012798486632
2025-02-10,260.73475395616873,251.79708645084045,256.66783432347637
2025-02-11,260.6656074071485,253.34588350382938,256.9311805857234
2025-02-12,259.26158787191576,251.42861439050716,255.486517748425
2025-02-13,257.16176350564325,247.83064255361728,252.73584057267792
2025-02-14,258.397191063782,247.61075998362102,252.8781320214416
2025-02-15,259.44025186395714,249.56862004628675,254.88745648986952
2025-02-16,260.38621239569045,252.10115353279147,256.5977952715174
2025-02-17,259.906049168838,250.4052507216837,255.34920501812954
2025-02-18,258.65804905411005,248.91845906849443,254.18056311282095
2025-02-19,260.1465309899716,251.5496601471219,256.2684379380764
2025-02-20,261.0639500899581,254.0986621385807,258.0430353563911
2025-02-21,260.46169904618966,252.0303062615692,256.7098196080846
2025-02-22,261.3796732411603,249.56282301929318,256.29171486216563
2025-02-23,259.51777758481563,248.15535208094366,254.42578846943394
2025-02-24,258.96448945057637,248.43286369608208,253.84465678942405
2025-02-25,261.48840546815774,251.88956926402145,258.2767104149346
2025-02-26,263.43356279866464,258.8792003639616,261.17733319155593
2025-02-27,263.8016507043617,259.50138636812494,261.7224711183268
2025-02-28,263.16619025333443,256.9021295555277,260.3555043976123
2025-03-01,260.00581110650353,250.44685983766146,256.07516060110675
2025-03-02,258.0562862339981,250.47030946736967,254.63344075422503
2025-03-03,259.6366186112973,253.53599359893502,257.2870134454471
2025-03-04,259.25893210292355,249.86835906455804,255.47602301926995
2025-03-05,255.75144058944602,248.41827646903792,252.32703981056042
2025-03-06,259.2811852172701,249.63257717237232,254.54183580557319
2025-03-07,258.909953434864,247.80040116571686,254.13574440340582
2025-03-08,258.375826118357,247.54834821084697,253.5503964503761
2025-03-09,261.7601341686315,252.09846896222703,257.94936527381657
2025-03-10,263.71973858938935,257.38566433777385,260.7719210951997
2025-03-11,265.5271697848572,257.6431617265577,261.55887707895755
2025-03-12,265.2850010552064,258.0305539932651,261.8451893992178
2025-03-13,264.7682540883102,257.13597151399506,261.3371971636084
2025-03-14,263.8952880543735,257.07113039772514,260.9355613149181
2025-03-15,264.36893079866167,255.56582524963073,260.88826526275375
2025-03-16,262.43143302752173,250.1308511951196,257.21830348281406
2025-03-17,260.41335104902566,251.08391282377286,255.7250934668366
2025-03-18,260.0883687357036,250.94584386800761,255.38303314845652
2025-03-19,261.68813153678553,252.47269134894412,256.8203516027476
2025-03-20,262.6331182148758,250.0286623325542,257.05711161126567
2025-03-21,261.99878971993866,249.7440774129759,256.65744657622
2025-03-22,262.69527317931204,251.46657811574036,257.24239019450346
2025-03-23,264.6874126670921,253.46537428086933,259.46353310576103
2025-03-24,267.3051693483527,257.245937788105,262.7006825941878
2025-03-25,267.9280918435039,260.62223784820384,264.5348373383479
2025-03-26,268.4353176507974,262.2831307940029,265.304353663601
2025-03-27,268.07072214276843,261.36805328080993,264.8421708153412
2025-03-28,264.7385627654212,256.66431174792785,261.5473804037788
2025-03-29,263.69977237615706,253.92155473166923,259.1477488218808
2025-03-30,264.80581803011995,253.89146601891488,259.7978212894221
2025-03-31,263.630367134749,251.0371987857909,257.6311352349944
2025-04-01,263.0173418146329,250.03415353087513,257.39517791182817
2025-04-02,264.31176343224547,252.56503459829864,258.53963497301254
2025-04-03,264.64023536911475,253.59906166305868,259.64211361288136
2025-04-04,265.1780777505356,250.9902869490745,258.8126932437345
2025-04-05,267.1951820410489,252.30595008620514,261.3412745377511
2025-04-06,270.0052980347117,258.5161218789099,264.55320079802317
2025-04-07,271.68139414119247,261.1910012825818,266.10811939984035
2025-04-08,271.82421010640036,261.3133528618204,266.96848698096596
2025-04-09,271.34006425485126,260.6445761977627,266.474742574879
2025-04-10,270.84556895385106,259.9531590601151,265.9864962872733
2025-04-11,270.76106312800727,260.37336324820143,266.5388720485878
2025-04-12,270.81278591321666,258.11132247965463,265.65307603254246
2025-04-13,271.15144359245966,256.7517275640856,265.5760254344348
2025-04-14,272.65847329627275,260.09212803774466,266.85022022385937
2025-04-15,272.6549837794915,260.7458239465448,266.6865567839197
2025-04-16,272.5678823867711,261.07210553354133,267.3373460293198
2025-04-17,271.2001269918195,259.0359454688964,265.558727466784
2025-04-18,271.2934375001909,260.44484106102664,267.3844533648808
2025-04-19,270.31932213156006,265.3089730225205,267.79591039203046
2025-04-20,270.31569825994643,263.96090170899197,267.3096074004459
2025-04-21,270.1268683707622,261.68176479112816,266.2382118497547
2025-04-22,269.66993265866273,259.19287611665476,265.15419994216006
2025-04-23,269.17614676161804,257.0706412233597,263.6203199733
2025-04-24,269.01466830171506,257.0191430095585,263.6471069081564
2025-04-25,268.0672012311581,255.1191875024888,262.61496877137756
2025-04-26,269.286069399349,255.79288952723593,263.47623667245773
2025-04-27,269.3607023800626,256.41947635314114,263.2683475079867
2025-04-28,270.6977274709803,257.71707360710167,264.297340878164
2025-04-29,271.71787270169625,258.73955838176494,265.54446626636945
2025-04-30,273.22854008569374,260.62695283060316,267.07887314604363
2025-05-01,273.5441348387983,262.10056519028194,267.6265846347642
2025-05-02,273.17599985989943,262.1132144701755,268.09046525466886
2025-05-03,273.08627379828073,262.93017603756425,268.7776651690448
2025-05-04,273.4040876000873,262.5272296754335,268.8769740889089
2025-05-05,273.7538076442215,261.84127544013364,268.54611728356673
2025-05-06,273.7948340585609,261.40912132496084,267.98020144365876
2025-05-07,274.7408311558095,262.1468178486346,268.9124053243958
2025-05-08,275.6409280930857,263.69389095826983,270.85550066907723
2025-05-09,274.9376518501877,266.1821586974036,271.3818692667641
2025-05-10,275.48176429316857,265.59924579070207,271.2009497810278
2025-05-11,274.96550530120834,264.3939892512981,270.28782121424274
2025-05-12,274.22967047513765,264.1682666480763,269.6907772541528
2025-05-13,274.7439662066644,263.4652613614844,269.9243897369314
2025-05-14,274.90855900174563,262.1816644411108,269.25583770630817
2025-05-15,275.2606251833627,262.5089517358995,269.8272244995227
2025-05-16,276.53609949437316,264.8560017138263,271.55235513307474
2025-05-17,277.14518264024866,265.0475378655996,271.6446452811548
2025-05-18,277.5857817919759,264.3915951954669,271.841548884578
2025-05-19,276.54229368285013,264.0834206307775,271.3046023087343
2025-05-20,276.8404346028341,263.4795562502335,270.98611814392257
2025-05-21,277.31385617001865,264.086758397859,271.7391197100815
2025-05-22,278.6850580089036,265.9180649426715,272.8342156606195
2025-05-23,279.2780798485465,266.67964885103777,273.8539658177672
2025-05-24,278.97756181609776,266.72886047199364,273.6214958259306
2025-05-25,278.501869968235,265.2589771348588,272.9350147532057
2025-05-26,279.67963253060014,265.84174323085597,274.0384974171603
2025-05-27,279.81494468683337,268.5066584695946,275.0454492834551
2025-05-28,278.1079948802997,266.548979353086,273.4672382734853
2025-05-29,277.3792183867208,266.2303001916323,272.8114382736501
2025-05-30,275.92559242403604,267.91010010835083,272.25673296723073
2025-05-31,274.18878920346606,266.9747396764707,271.209237954098
2025-06-01,274.8264486166504,266.46581275618774,271.1648785555546
2025-06-02,274.6570269603916,267.2565471457272,271.3888190416513
2025-06-03,274.3841569035413,267.0741611906519,271.08153305025166
2025-06-04,274.95532128803643,265.67991691153225,270.9828762716192
2025-06-05,275.8511407225984,263.4823174391404,270.67517013463225
2025-06-06,278.1344468765856,263.9025828764418,272.60058260788173
2025-06-07,280.12968695698765,267.56356022204403,274.4941305430216
2025-06-08,280.7160339667122,267.92090861199347,275.2520163419772
2025-06-09,281.78584926863095,268.2471207416989,276.00314604345783
2025-06-10,282.2737731601263,268.96812167056567,276.5548714594863
2025-06-11,282.0724668782645,268.21400069812603,276.01163948570064
2025-06-12,282.25594786380367,268.43469242145864,276.3556459569202
2025-06-13,282.0116510302934,269.63319593783586,276.56758525355633
2025-06-14,281.5469644269189,269.98653953076564,276.6818669497156
2025-06-15,281.66507552974485,270.63198551875274,277.21329539608456
2025-06-16,280.9069969679235,273.08731765721893,277.30261615898996
2025-06-17,281.36943646410293,272.0446628222005,277.3453587635176
2025-06-18,283.0851781971812,271.74069891750713,278.35461270998894
2025-06-19,284.3671033219621,271.608038620024,278.4625377901739
2025-06-20,286.0536652490647,272.41200600135244,280.44460323048264
2025-06-21,285.94769978169523,274.5259047815226,280.8041054018548
2025-06-22,284.63417711463416,274.27073591133245,280.06622086118875
2025-06-23,285.9309856635677,273.08508569663246,280.14605434549674
2025-06-24,287.08350599756824,273.46229498982365,281.43799257532737
2025-06-25,287.40516228645123,275.0382151240146,281.62148070844694
2025-06-26,286.5987574374976,274.86549126269847,281.32028928212185
2025-06-27,285.4447196418382,276.145165588274,281.33271971065426
2025-06-28,286.21322560080665,275.75054503921154,281.5699654431373
2025-06-29,285.7832216590343,275.3165299238751,281.1158635394549
2025-06-30,285.71151164544386,275.5349429063123,281.0318078738218
2025-07-01,286.7751462923457,275.1156315550922,281.50188110865076
2025-07-02,286.3818610051076,275.75234415204295,281.6811999815856
2025-07-03,287.6759798162117,275.90291310043244,282.42901088088166
2025-07-04,289.4203454526926,275.69300236818515,283.41552142349735
2025-07-05,289.9059132322854,276.51219803081045,283.9162264201957
2025-07-06,289.83373798457507,277.1252879232434,284.19557602742185
2025-07-07,289.0398643504065,277.79255095456915,283.8435868921098
2025-07-08,286.992043972248,277.48736072527726,282.483548439499
2025-07-09,285.823408125957,277.3998744546914,281.5218358671737
2025-07-10,284.5530772885077,276.5315065933766,280.6481242399237
2025-07-11,283.7289170539786,275.24170184783344,279.6107460023691
2025-07-12,284.56806502810724,273.99846407889277,280.07700283995007
2025-07-13,285.34249968053246,274.763714758601,281.02078364105716
2025-07-14,284.58317893694357,277.16821280227936,280.80853453213945
2025-07-15,284.35556349264164,277.8070845481833,280.8915915370248
2025-07-16,284.13211862889216,277.8854717221687,281.21205977753044
2025-07-17,285.28866825853834,278.6137424114351,281.9736129990026
2025-07-18,286.50857888691536,278.55204137885005,282.8346152011501
2025-07-19,286.8198127189253,278.8142508305004,283.05924623376114
2025-07-20,288.14664787700383,279.1965245433225,283.68793249172904
2025-07-21,287.7381698388398,278.99497726653266,283.2919526937171
2025-07-22,286.2774028006929,278.62103728004433,282.28480846425333
2025-07-23,284.9192876618382,277.33208883040055,281.3907838580067
2025-07-24,284.95074895271716,277.0993912891954,281.1543755826225
2025-07-25,285.1932987634881,277.40834366761794,281.4859287139111
2025-07-26,285.92823189800396,277.3878761451239,281.7192318942952
2025-07-27,286.25957022783115,276.8974547293757,281.9993298676444
2025-07-28,286.45979092805,276.7173715990121,282.2233084275596
2025-07-29,287.3997488451875,277.4375041456166,282.8288912959107
2025-07-30,285.41656081605277,278.3478085172156,282.008919540718
2025-07-31,285.64502369923474,278.0094531295593,281.8425619106196
2025-08-01,285.2926512941351,277.6767370655828,281.646942843123
2025-08-02,284.57061016413036,277.2723853240396,281.10109737220154
2025-08-03,285.61906697916055,276.4722238170546,281.4788178387457
2025-08-04,286.0340139985902,275.88206072574917,281.4437556690697
2025-08-05,285.3506447813902,274.95184043827544,280.51213418389005
2025-08-06,284.6273296001674,274.6409203412484,279.97914148569447
2025-08-07,285.88358454263647,274.9831458869583,281.152005281875
2025-08-08,286.9125168553365,275.4205642658241,281.9915147495606
2025-08-09,287.31248835953716,276.2619580711398,282.4352550487789
2025-08-10,288.0310929034872,277.25218165830375,283.3369210209048
2025-08-11,289.5475195350606,278.70757647345835,284.69547701730215
2025-08-12,289.468549715414,279.47519844889626,284.6261141317289
2025-08-13,289.4915783188447,279.1883338669613,284.58752350304667
2025-08-14,288.1113563358613,279.7753981519513,283.69889694346335
2025-08-15,285.9152815920436,279.50667228545916,282.5094249224386
2025-08-16,286.148938903246,276.8803344694383,282.0511154765937
2025-08-17,285.8069640199676,276.5001772971542,281.5195001779446
2025-08-18,283.37335386870353,276.47429544881516,279.89600626978176
2025-08-19,283.11996518501957,275.40874155620236,279.39428308406156
2025-08-20,284.0567341579491,273.5226417443345,279.4176477508088
2025-08-21,285.6636691962026,273.34027477535886,280.10789467063546
2025-08-22,286.9116312449729,273.85899440094533,281.25749095145756
2025-08-23,286.13368596543006,275.06559610305953,281.1020466934966
2025-08-24,282.05102445871256,275.5551064783943,278.82205456933235
2025-08-25,282.0288325132438,274.1784481160743,278.2449501365521
2025-08-26,280.30300479950415,272.824247343002,276.88144947700164
2025-08-27,281.2601569033572,271.44689983860917,277.00263368299704
2025-08-28,282.4317215749725,268.7657645019466,276.65879594505725
2025-08-29,282.66059435295165,268.58090670150125,276.15248093374447
2025-08-30,283.7040220956771,268.87400485207496,277.94049015750306
2025-08-31,283.00011452460177,272.77506885874504,278.0789951516288
2025-09-01,282.599622761882,273.310104569552,278.2650659706512
2025-09-02,281.73064419498394,274.344948350427,277.7908570656412
2025-09-03,279.85811643061504,273.1917624065936,276.66850019237745
2025-09-04,280.6993034141254,269.7704584243856,275.95443816952354
2025-09-05,280.929147962074,269.1862773694793,275.558256651432
2025-09-06,281.5236306847747,270.34545679882297,276.33338882474175
2025-09-07,281.69329501572685,271.499847494966,277.3970551203742
2025-09-08,281.51303639083,274.2315488188158,278.137909705931
2025-09-09,282.10472483596965,272.89401075185765,277.93012149851637
2025-09-10,283.4101825545185,269.6714916046826,277.59036442123005
2025-09-11,285.10083707398917,269.27088240929385,278.6914976520485
2025-09-12,285.7293511266143,273.1506962554401,279.92504054177874
2025-09-13,285.49655117826006,273.65822697325336,280.0055972648392
2025-09-14,284.6474699832401,272.49777852762696,279.00970823513416
2025-09-15,284.08764236751756,271.7369930630696,278.4086682012665
2025-09-16,282.179630590122,271.93856744467394,277.424710549993
2025-09-17,282.46349522422514,271.349962214845,277.3750969360007
2025-09-18,280.89643075792367,270.85091488097135,276.39045130251577
2025-09-19,279.86026813739056,269.40453221901885,275.0957806462316
2025-09-20,280.5448172253821,267.96997906661335,274.91586315341505
2025-09-21,282.1019298941643,268.4280284319696,276.13167978569345
2025-09-22,283.7828535148744,270.2310267025243,277.9275363907025
2025-09-23,283.0260927017771,270.6210673164595,277.33418500407015
2025-09-24,281.13686726246164,269.928695035519,276.02568132301246
2025-09-25,280.5191895217485,269.6052579741933,275.5041916606322
2025-09-26,280.7880630986017,268.70346353454687,275.495882455935
2025-09-27,281.2731042847098,268.62755882876854,275.59732237371765
2025-09-28,281.75783878143557,269.6144442349431,276.262469400259
2025-09-29,280.19466338827283,268.5676264403832,274.94861147107406
2025-09-30,279.7296036849376,267.3276163785972,274.2028418578771
2025-10-01,279.2995249244748,268.4361734834287,274.06957132736187
2025-10-02,278.33846404612444,268.33724762320173,273.5710561441821
2025-10-03,277.0115066105539,266.8089887655171,272.29477365957916
2025-10-04,274.6975130051184,265.3261637286158,270.15647813471537
2025-10-05,273.2593560267798,264.17272872433455,269.1690542534792
2025-10-06,270.4226669531295,265.5525482014276,268.2058645703301
2025-10-07,270.682288920491,260.23591833478827,266.514357700055
2025-10-08,269.2119289165921,256.92483807265614,263.75272860290943
2025-10-09,268.1572745286296,256.09987279649755,262.296384845114
2025-10-10,268.08404202077605,256.64425429143324,263.1452514035525
2025-10-11,267.6380369753005,254.1224574194513,260.90775998697865
2025-10-12,269.02932523680045,255.0059637333791,262.5612447551399
2025-10-13,270.1598619523552,257.96233276540727,263.64828005565704
2025-10-14,270.7850919179068,257.96921505085027,264.05170078350966
2025-10-15,270.6776042558591,257.5648790735818,263.9264284126993
2025-10-16,269.50268679622894,256.1907288772612,262.59046972667767
2025-10-17,270.4870879993569,256.5186421717226,263.2235749187775
2025-10-18,270.11438360775463,256.65104115965187,263.30899432312225
2025-10-19,270.83350452956876,257.4691666472417,264.23924265665505
2025-10-20,270.54492189710516,257.1734091977328,263.67864915841324
2025-10-21,270.4309661851025,255.8815198884321,263.58109408246673
2025-10-22,269.1701127283213,255.72326145756787,262.3837215971784
2025-10-23,268.557143341096,254.58340107968112,261.29699151374797
2025-10-24,268.7600720509247,254.6454727442702,262.2573856242737
2025-10-25,268.7582488189391,254.23773443703874,261.7609415964168
2025-10-26,268.57887675707025,253.5508565972587,261.58255812342725
2025-10-27,268.43117777240815,254.75483227405314,261.4665021656186
2025-10-28,268.47231883792824,253.9578128501783,261.1413484929235
2025-10-29,268.9729994003112,253.87294254120744,261.6647839658012
2025-10-30,269.1964088948922,253.80422600841592,261.2334470966207
2025-10-31,270.1298086550093,254.58769395099606,262.6156341841156
2025-11-01,270.5050511466207,256.5478290607051,263.44982226411554
2025-11-02,270.3004982671429,256.72265167216784,263.32701914537824
2025-11-03,269.25571777765106,255.3388815381359,262.2837648836281
2025-11-04,266.72071002056396,254.21516281679573,262.3178226636721
2025-11-05,264.6574991325189,250.37465564928172,258.7952788465296
2025-11-06,261.8391724925285,248.48353771245573,255.44739672271953
2025-11-07,263.5227580206186,250.04386476775062,256.95334908976326
2025-11-08,264.65790369930005,251.89422757289495,257.80468740305184
2025-11-09,263.97615022359906,251.39913236542552,257.4069130515165
2025-11-10,264.16523432985736,251.4493666753594,257.7312928933735
2025-11-11,263.5105321822905,250.1683471242171,256.593548984149
2025-11-12,263.79536048746036,249.27086416409264,256.7161847396062
2025-11-13,264.0934337213469,250.2747744992961,257.06645979163176
2025-11-14,264.6571392842535,250.82885889438586,257.62396139091726
2025-11-15,264.9499426886504,251.90368432596827,257.9216218701727
2025-11-16,267.00836097385434,252.3917941257365,260.4032621457395
2025-11-17,269.0059985547305,255.5094991926542,261.9467945341137
2025-11-18,267.9497142515116,254.068832516934,260.7333920335093
2025-11-19,267.7744917867758,253.37544877044996,260.56897999094195
2025-11-20,265.70845072422253,252.21114960722792,258.9560482530613
2025-11-21,264.76146929827604,251.69337161282806,257.9437751579045
2025-11-22,263.5424351188468,249.54301047969736,256.68773741964947
2025-11-23,263.8246677633435,248.90361183346837,256.24427628990924
2025-11-24,263.86803132540354,249.58840387036227,256.54402552835035
2025-11-25,264.25954956425943,249.79171704790846,257.07246106457467
2025-11-26,263.7700090259688,249.7168337806636,256.52551032147187
2025-11-27,264.84490451510203,250.98478931308128,257.3646288835771
2025-11-28,264.8566107685913,251.02257974835635,257.47948259617385
2025-11-29,265.0028629301944,251.39381036358822,257.7133705238141
2025-11-30,265.97717908058866,251.44200075871643,259.1399399765099
2025-12-01,266.02774470969547,254.12394261910563,260.37296754270653
2025-12-02,264.85765116138236,251.89649220721307,258.623961714904
2025-12-03,262.9573977255601,249.10236688219726,255.82902450419746
2025-12-04,264.04728308007026,249.901757522479,258.1627301850799
2025-12-05,264.2306471191786,253.31984590460917,259.4199274693711
2025-12-06,263.400170067442,251.46867229384426,258.14676504402576
2025-12-07,264.29520257974906,252.89986304264826,258.7137513893866
2025-12-08,262.7010754557132,250.59277869698244,256.91743591876707
2025-12-09,262.7868055883088,249.9119810590822,257.4565706432387
2025-12-10,264.785994910544,250.44243702743003,257.7440865478477
2025-12-11,263.494613075509,249.67905798654937,256.6210953796149
2025-12-12,265.40940871907185,253.03997230936724,260.0213077019173
2025-12-13,266.3846793184776,257.0431253941844,262.0586540742641
2025-12-14,266.47863057456163,259.8844064208663,263.0424951408752
2025-12-15,266.0296768124417,257.10343203541754,261.9774586776274
2025-12-16,264.97779100184164,252.8532423243834,258.87582450663
2025-12-17,265.23277706960647,253.5588672840362,260.3426856978935
2025-12-18,266.44965414447034,257.08161161762393,262.29421168605563
2025-12-19,265.5304905796629,255.87884575675784,261.0058592100482
2025-12-20,267.07992465305387,259.6540326793338,263.93377008456315
2025-12-21,265.50567525491243,260.23981483559345,263.26703767853286
2025-12-22,263.15077204047856,255.9827055850334,260.08909516610163
2025-12-23,260.1512992162913,252.1364974549271,256.33909387763424
2025-12-24,257.1471997344866,248.64065846707328,252.81618363624696
2025-12-25,256.81388931333424,249.63396388199877,253.22370559156556
2025-12-26,259.12924372105635,247.74050430582275,253.83524379969666
2025-12-27,256.39843603297805,246.89940054723525,252.21861098914982
2025-12-28,259.2010444527241,250.30272157506957,255.6231153499086
2025-12-29,260.8025222011557,253.71588113468746,257.2764109082671
2025-12-30,261.33679779839645,254.43868605290015,258.55611396968925
2025-12-31,262.0769294380536,257.4384952108945,259.8654501223964
