{
"type": "FeatureCollection",
"name": "main_stem",
"crs": { "type": "name", "properties": { "name": "urn:ogc:def:crs:OGC:1.3:CRS84" } },
"features": [
{ "type": "Feature", "properties": { "HYRIV_ID": 40541609, "NEXT_DOWN": 40541742, "MAIN_RIV": 41023100, "LENGTH_KM": 4.21, "DIST_DN_KM": 1792.5, "DIST_UP_KM": 1560.3, "CATCH_SKM": 13.32, "UPLAND_SKM": 196731.8, "ENDORHEIC": 0, "DIS_AV_CMS": 1604.924, "ORD_STRA": 8, "ORD_CLAS": 1, "ORD_FLOW": 3, "HYBAS_L12": 4120641250 }, "geometry": { "type": "MultiLineString", "coordinates": [ [ [ 72.818749999999767, 34.185416666666107 ], [ 72.78958333333307, 34.156249999999467 ] ] ] } },
{ "type": "Feature", "properties": { "HYRIV_ID": 40541742, "NEXT_DOWN": 40542595, "MAIN_RIV": 41023100, "LENGTH_KM": 0.6, "DIST_DN_KM": 1791.9, "DIST_UP_KM": 1560.9, "CATCH_SKM": 0.53, "UPLAND_SKM": 196743.2, "ENDORHEIC": 0, "DIS_AV_CMS": 1605.679, "ORD_STRA": 8, "ORD_CLAS": 1, "ORD_FLOW": 3, "HYBAS_L12": 4120641250 }, "geometry": { "type": "MultiLineString", "coordinates": [ [ [ 72.78958333333307, 34.156249999999467 ], [ 72.785416666666407, 34.152083333332804 ] ] ] } },
{ "type": "Feature", "properties": { "HYRIV_ID": 40542595, "NEXT_DOWN": 40542742, "MAIN_RIV": 41023100, "LENGTH_KM": 3.99, "DIST_DN_KM": 1788.0, "DIST_UP_KM": 1564.9, "CATCH_SKM": 9.95, "UPLAND_SKM": 196758.6, "ENDORHEIC": 0, "DIS_AV_CMS": 1609.156, "ORD_STRA": 8, "ORD_CLAS": 1, "ORD_FLOW": 3, "HYBAS_L12": 4120641250 }, "geometry": { "type": "MultiLineString", "coordinates": [ [ [ 72.785416666666407, 34.152083333332804 ], [ 72.768749999999756, 34.135416666666124 ], [ 72.764583333333093, 34.135416666666124 ], [ 72.756249999999881, 34.127083333332813 ] ] ] } },
{ "type": "Feature", "properties": { "HYRIV_ID": 40542742, "NEXT_DOWN": 40543771, "MAIN_RIV": 41023100, "LENGTH_KM": 2.9, "DIST_DN_KM": 1784.9, "DIST_UP_KM": 1568.0, "CATCH_SKM": 7.82, "UPLAND_SKM": 199637.1, "ENDORHEIC": 0, "DIS_AV_CMS": 1706.266, "ORD_STRA": 8, "ORD_CLAS": 1, "ORD_FLOW": 3, "HYBAS_L12": 4121388820 }, "geometry": { "type": "MultiLineString", "coordinates": [ [ [ 72.756249999999881, 34.127083333332813 ], [ 72.752083333333161, 34.122916666666107 ], [ 72.727083333333184, 34.122916666666107 ] ] ] } },
{ "type": "Feature", "properties": { "HYRIV_ID": 40543771, "NEXT_DOWN": 40544394, "MAIN_RIV": 41023100, "LENGTH_KM": 5.44, "DIST_DN_KM": 1779.5, "DIST_UP_KM": 1573.4, "CATCH_SKM": 13.15, "UPLAND_SKM": 199656.3, "ENDORHEIC": 0, "DIS_AV_CMS": 1711.369, "ORD_STRA": 8, "ORD_CLAS": 1, "ORD_FLOW": 3, "HYBAS_L12": 4121388820 }, "geometry": { "type": "MultiLineString", "coordinates": [ [ [ 72.727083333333184, 34.122916666666107 ], [ 72.714583333333138, 34.110416666666133 ], [ 72.710416666666475, 34.110416666666133 ], [ 72.706249999999812, 34.106249999999427 ], [ 72.70208333333315, 34.106249999999427 ], [ 72.689583333333104, 34.093749999999453 ], [ 72.689583333333104, 34.089583333332804 ] ] ] } },
{ "type": "Feature", "properties": { "HYRIV_ID": 40544394, "NEXT_DOWN": 40544810, "MAIN_RIV": 41023100, "LENGTH_KM": 2.59, "DIST_DN_KM": 1777.0, "DIST_UP_KM": 1575.8, "CATCH_SKM": 5.16, "UPLAND_SKM": 199693.8, "ENDORHEIC": 0, "DIS_AV_CMS": 1714.555, "ORD_STRA": 8, "ORD_CLAS": 1, "ORD_FLOW": 3, "HYBAS_L12": 4121388820 }, "geometry": { "type": "MultiLineString", "coordinates": [ [ [ 72.689583333333104, 34.089583333332804 ], [ 72.689583333333104, 34.081249999999478 ], [ 72.693749999999767, 34.077083333332787 ], [ 72.693749999999767, 34.072916666666124 ], [ 72.689583333333104, 34.068749999999461 ] ] ] } },
{ "type": "Feature", "properties": { "HYRIV_ID": 40544810, "NEXT_DOWN": 40546011, "MAIN_RIV": 41023100, "LENGTH_KM": 2.96, "DIST_DN_KM": 1773.9, "DIST_UP_KM": 1579.0, "CATCH_SKM": 14.05, "UPLAND_SKM": 199718.5, "ENDORHEIC": 0, "DIS_AV_CMS": 1717.876, "ORD_STRA": 8, "ORD_CLAS": 1, "ORD_FLOW": 3, "HYBAS_L12": 4121388820 }, "geometry": { "type": "MultiLineString", "coordinates": [ [ [ 72.689583333333104, 34.068749999999461 ], [ 72.685416666666441, 34.064583333332813 ], [ 72.677083333333115, 34.064583333332813 ], [ 72.668749999999733, 34.056249999999444 ], [ 72.66458333333307, 34.056249999999444 ] ] ] } },
{ "type": "Feature", "properties": { "HYRIV_ID": 40546011, "NEXT_DOWN": 40546404, "MAIN_RIV": 41023100, "LENGTH_KM": 5.66, "DIST_DN_KM": 1768.4, "DIST_UP_KM": 1584.4, "CATCH_SKM": 14.76, "UPLAND_SKM": 199749.2, "ENDORHEIC": 0, "DIS_AV_CMS": 1723.138, "ORD_STRA": 8, "ORD_CLAS": 1, "ORD_FLOW": 3, "HYBAS_L12": 4121388820 }, "geometry": { "type": "MultiLineString", "coordinates": [ [ [ 72.66458333333307, 34.056249999999444 ], [ 72.652083333333081, 34.04374999999947 ], [ 72.647916666666418, 34.04374999999947 ], [ 72.639583333333093, 34.035416666666116 ], [ 72.639583333333093, 34.031249999999453 ], [ 72.627083333333218, 34.018749999999478 ] ] ] } },
{ "type": "Feature", "properties": { "HYRIV_ID": 40546276, "NEXT_DOWN": 40546905, "MAIN_RIV": 41023100, "LENGTH_KM": 1.2, "DIST_DN_KM": 1746.7, "DIST_UP_KM": 1606.2, "CATCH_SKM": 1.07, "UPLAND_SKM": 200881.2, "ENDORHEIC": 0, "DIS_AV_CMS": 1744.227, "ORD_STRA": 8, "ORD_CLAS": 1, "ORD_FLOW": 3, "HYBAS_L12": 4121389180 }, "geometry": { "type": "MultiLineString", "coordinates": [ [ [ 72.443749999999824, 34.018749999999478 ], [ 72.435416666666441, 34.010416666666124 ] ] ] } },
{ "type": "Feature", "properties": { "HYRIV_ID": 40546404, "NEXT_DOWN": 40547038, "MAIN_RIV": 41023100, "LENGTH_KM": 2.57, "DIST_DN_KM": 1765.9, "DIST_UP_KM": 1587.0, "CATCH_SKM": 6.05, "UPLAND_SKM": 199843.8, "ENDORHEIC": 0, "DIS_AV_CMS": 1727.274, "ORD_STRA": 8, "ORD_CLAS": 1, "ORD_FLOW": 3, "HYBAS_L12": 4121388960 }, "geometry": { "type": "MultiLineString", "coordinates": [ [ [ 72.627083333333218, 34.018749999999478 ], [ 72.618749999999835, 34.018749999999478 ], [ 72.606249999999733, 34.006249999999461 ] ] ] } },
{ "type": "Feature", "properties": { "HYRIV_ID": 40546537, "NEXT_DOWN": 40546276, "MAIN_RIV": 41023100, "LENGTH_KM": 6.25, "DIST_DN_KM": 1747.7, "DIST_UP_KM": 1605.2, "CATCH_SKM": 20.1, "UPLAND_SKM": 200443.2, "ENDORHEIC": 0, "DIS_AV_CMS": 1734.313, "ORD_STRA": 8, "ORD_CLAS": 1, "ORD_FLOW": 3, "HYBAS_L12": 4120644860 }, "geometry": { "type": "MultiLineString", "coordinates": [ [ [ 72.502083333333104, 34.002083333332799 ], [ 72.497916666666384, 34.006249999999461 ], [ 72.485416666666509, 34.006249999999461 ], [ 72.477083333333184, 34.014583333332773 ], [ 72.464583333333138, 34.014583333332773 ], [ 72.460416666666475, 34.018749999999478 ], [ 72.443749999999824, 34.018749999999478 ] ] ] } },
{ "type": "Feature", "properties": { "HYRIV_ID": 40546669, "NEXT_DOWN": 40546537, "MAIN_RIV": 41023100, "LENGTH_KM": 0.99, "DIST_DN_KM": 1754.1, "DIST_UP_KM": 1598.8, "CATCH_SKM": 0.89, "UPLAND_SKM": 200001.3, "ENDORHEIC": 0, "DIS_AV_CMS": 1722.862, "ORD_STRA": 8, "ORD_CLAS": 1, "ORD_FLOW": 3, "HYBAS_L12": 4120645450 }, "geometry": { "type": "MultiLineString", "coordinates": [ [ [ 72.51041666666643, 33.99791666666615 ], [ 72.506249999999767, 33.99791666666615 ], [ 72.502083333333104, 34.002083333332799 ] ] ] } },
{ "type": "Feature", "properties": { "HYRIV_ID": 40546670, "NEXT_DOWN": 40546669, "MAIN_RIV": 41023100, "LENGTH_KM": 1.15, "DIST_DN_KM": 1754.9, "DIST_UP_KM": 1598.0, "CATCH_SKM": 1.42, "UPLAND_SKM": 199983.7, "ENDORHEIC": 0, "DIS_AV_CMS": 1723.333, "ORD_STRA": 8, "ORD_CLAS": 1, "ORD_FLOW": 3, "HYBAS_L12": 4120645450 }, "geometry": { "type": "MultiLineString", "coordinates": [ [ [ 72.522916666666418, 33.99791666666615 ], [ 72.51041666666643, 33.99791666666615 ] ] ] } },
{ "type": "Feature", "properties": { "HYRIV_ID": 40546770, "NEXT_DOWN": 40546670, "MAIN_RIV": 41023100, "LENGTH_KM": 4.83, "DIST_DN_KM": 1756.0, "DIST_UP_KM": 1596.8, "CATCH_SKM": 11.75, "UPLAND_SKM": 199957.2, "ENDORHEIC": 0, "DIS_AV_CMS": 1724.034, "ORD_STRA": 8, "ORD_CLAS": 1, "ORD_FLOW": 3, "HYBAS_L12": 4120645450 }, "geometry": { "type": "MultiLineString", "coordinates": [ [ [ 72.572916666666487, 33.993749999999444 ], [ 72.568749999999767, 33.99791666666615 ], [ 72.522916666666418, 33.99791666666615 ] ] ] } },
{ "type": "Feature", "properties": { "HYRIV_ID": 40546905, "NEXT_DOWN": 40547035, "MAIN_RIV": 41023100, "LENGTH_KM": 2.87, "DIST_DN_KM": 1743.8, "DIST_UP_KM": 1609.1, "CATCH_SKM": 4.45, "UPLAND_SKM": 200900.3, "ENDORHEIC": 0, "DIS_AV_CMS": 1744.351, "ORD_STRA": 8, "ORD_CLAS": 1, "ORD_FLOW": 3, "HYBAS_L12": 4121389180 }, "geometry": { "type": "MultiLineString", "coordinates": [ [ [ 72.435416666666441, 34.010416666666124 ], [ 72.435416666666441, 34.006249999999461 ], [ 72.41874999999979, 33.989583333332781 ] ] ] } },
{ "type": "Feature", "properties": { "HYRIV_ID": 40547034, "NEXT_DOWN": 40547943, "MAIN_RIV": 41023100, "LENGTH_KM": 0.6, "DIST_DN_KM": 1740.8, "DIST_UP_KM": 1612.0, "CATCH_SKM": 0.36, "UPLAND_SKM": 201046.6, "ENDORHEIC": 0, "DIS_AV_CMS": 1745.999, "ORD_STRA": 8, "ORD_CLAS": 1, "ORD_FLOW": 3, "HYBAS_L12": 4121389180 }, "geometry": { "type": "MultiLineString", "coordinates": [ [ [ 72.397916666666418, 33.989583333332781 ], [ 72.393749999999756, 33.985416666666133 ] ] ] } },
{ "type": "Feature", "properties": { "HYRIV_ID": 40547035, "NEXT_DOWN": 40547034, "MAIN_RIV": 41023100, "LENGTH_KM": 2.36, "DIST_DN_KM": 1741.2, "DIST_UP_KM": 1611.6, "CATCH_SKM": 3.74, "UPLAND_SKM": 200967.9, "ENDORHEIC": 0, "DIS_AV_CMS": 1744.856, "ORD_STRA": 8, "ORD_CLAS": 1, "ORD_FLOW": 3, "HYBAS_L12": 4121389180 }, "geometry": { "type": "MultiLineString", "coordinates": [ [ [ 72.41874999999979, 33.989583333332781 ], [ 72.41458333333307, 33.989583333332781 ], [ 72.410416666666407, 33.985416666666133 ], [ 72.406249999999801, 33.985416666666133 ], [ 72.402083333333081, 33.989583333332781 ], [ 72.397916666666418, 33.989583333332781 ] ] ] } },
{ "type": "Feature", "properties": { "HYRIV_ID": 40547037, "NEXT_DOWN": 40546770, "MAIN_RIV": 41023100, "LENGTH_KM": 1.2, "DIST_DN_KM": 1761.0, "DIST_UP_KM": 1591.8, "CATCH_SKM": 1.78, "UPLAND_SKM": 199928.4, "ENDORHEIC": 0, "DIS_AV_CMS": 1727.887, "ORD_STRA": 8, "ORD_CLAS": 1, "ORD_FLOW": 3, "HYBAS_L12": 4120645450 }, "geometry": { "type": "MultiLineString", "coordinates": [ [ [ 72.581249999999812, 33.985416666666133 ], [ 72.572916666666487, 33.993749999999444 ] ] ] } },
{ "type": "Feature", "properties": { "HYRIV_ID": 40547038, "NEXT_DOWN": 40547037, "MAIN_RIV": 41023100, "LENGTH_KM": 3.64, "DIST_DN_KM": 1762.2, "DIST_UP_KM": 1590.6, "CATCH_SKM": 14.42, "UPLAND_SKM": 199918.6, "ENDORHEIC": 0, "DIS_AV_CMS": 1728.452, "ORD_STRA": 8, "ORD_CLAS": 1, "ORD_FLOW": 3, "HYBAS_L12": 4120645450 }, "geometry": { "type": "MultiLineString", "coordinates": [ [ [ 72.606249999999733, 34.006249999999461 ], [ 72.602083333333184, 34.006249999999461 ], [ 72.597916666666521, 34.002083333332799 ], [ 72.597916666666521, 33.99791666666615 ], [ 72.593749999999801, 33.993749999999444 ], [ 72.589583333333138, 33.993749999999444 ], [ 72.581249999999812, 33.985416666666133 ] ] ] } },
{ "type": "Feature", "properties": { "HYRIV_ID": 40547943, "NEXT_DOWN": 40548228, "MAIN_RIV": 41023100, "LENGTH_KM": 5.47, "DIST_DN_KM": 1735.4, "DIST_UP_KM": 1617.5, "CATCH_SKM": 10.86, "UPLAND_SKM": 201081.3, "ENDORHEIC": 0, "DIS_AV_CMS": 1745.663, "ORD_STRA": 8, "ORD_CLAS": 1, "ORD_FLOW": 3, "HYBAS_L12": 4121389600 }, "geometry": { "type": "MultiLineString", "coordinates": [ [ [ 72.393749999999756, 33.985416666666133 ], [ 72.389583333333093, 33.981249999999427 ], [ 72.381249999999767, 33.981249999999427 ], [ 72.377083333333104, 33.977083333332807 ], [ 72.377083333333104, 33.972916666666158 ], [ 72.372916666666384, 33.968749999999453 ], [ 72.372916666666384, 33.96458333333279 ], [ 72.368749999999778, 33.960416666666141 ], [ 72.360416666666509, 33.960416666666141 ], [ 72.356249999999733, 33.956249999999478 ] ] ] } },
{ "type": "Feature", "properties": { "HYRIV_ID": 40548227, "NEXT_DOWN": 40548351, "MAIN_RIV": 41023100, "LENGTH_KM": 0.38, "DIST_DN_KM": 1730.3, "DIST_UP_KM": 1622.6, "CATCH_SKM": 0.36, "UPLAND_SKM": 201209.0, "ENDORHEIC": 0, "DIS_AV_CMS": 1746.438, "ORD_STRA": 8, "ORD_CLAS": 1, "ORD_FLOW": 3, "HYBAS_L12": 4120647980 }, "geometry": { "type": "MultiLineString", "coordinates": [ [ [ 72.32708333333315, 33.947916666666124 ], [ 72.322916666666487, 33.947916666666124 ] ] ] } },
{ "type": "Feature", "properties": { "HYRIV_ID": 40548228, "NEXT_DOWN": 40548461, "MAIN_RIV": 41023100, "LENGTH_KM": 0.93, "DIST_DN_KM": 1734.3, "DIST_UP_KM": 1618.6, "CATCH_SKM": 1.25, "UPLAND_SKM": 201136.3, "ENDORHEIC": 0, "DIS_AV_CMS": 1746.248, "ORD_STRA": 8, "ORD_CLAS": 1, "ORD_FLOW": 3, "HYBAS_L12": 4121389600 }, "geometry": { "type": "MultiLineString", "coordinates": [ [ [ 72.356249999999733, 33.956249999999478 ], [ 72.356249999999733, 33.947916666666124 ] ] ] } },
{ "type": "Feature", "properties": { "HYRIV_ID": 40548351, "NEXT_DOWN": 40549296, "MAIN_RIV": 41023100, "LENGTH_KM": 1.75, "DIST_DN_KM": 1728.6, "DIST_UP_KM": 1624.3, "CATCH_SKM": 2.49, "UPLAND_SKM": 201222.3, "ENDORHEIC": 0, "DIS_AV_CMS": 1746.297, "ORD_STRA": 8, "ORD_CLAS": 1, "ORD_FLOW": 3, "HYBAS_L12": 4120647980 }, "geometry": { "type": "MultiLineString", "coordinates": [ [ [ 72.322916666666487, 33.947916666666124 ], [ 72.314583333333161, 33.947916666666124 ], [ 72.310416666666498, 33.943749999999461 ], [ 72.306249999999778, 33.943749999999461 ] ] ] } },
{ "type": "Feature", "properties": { "HYRIV_ID": 40548461, "NEXT_DOWN": 40548227, "MAIN_RIV": 41023100, "LENGTH_KM": 3.56, "DIST_DN_KM": 1730.7, "DIST_UP_KM": 1622.2, "CATCH_SKM": 6.23, "UPLAND_SKM": 201191.0, "ENDORHEIC": 0, "DIS_AV_CMS": 1746.338, "ORD_STRA": 8, "ORD_CLAS": 1, "ORD_FLOW": 3, "HYBAS_L12": 4120647980 }, "geometry": { "type": "MultiLineString", "coordinates": [ [ [ 72.356249999999733, 33.947916666666124 ], [ 72.352083333333184, 33.943749999999461 ], [ 72.347916666666407, 33.943749999999461 ], [ 72.343749999999744, 33.939583333332799 ], [ 72.335416666666475, 33.947916666666124 ], [ 72.32708333333315, 33.947916666666124 ] ] ] } },
{ "type": "Feature", "properties": { "HYRIV_ID": 40549296, "NEXT_DOWN": 40549816, "MAIN_RIV": 41023100, "LENGTH_KM": 4.84, "DIST_DN_KM": 1723.7, "DIST_UP_KM": 1629.1, "CATCH_SKM": 11.58, "UPLAND_SKM": 201280.9, "ENDORHEIC": 0, "DIS_AV_CMS": 1746.304, "ORD_STRA": 8, "ORD_CLAS": 1, "ORD_FLOW": 3, "HYBAS_L12": 4120647980 }, "geometry": { "type": "MultiLineString", "coordinates": [ [ [ 72.306249999999778, 33.943749999999461 ], [ 72.302083333333115, 33.939583333332799 ], [ 72.302083333333115, 33.935416666666136 ], [ 72.306249999999778, 33.931249999999487 ], [ 72.302083333333115, 33.927083333332781 ], [ 72.297916666666453, 33.927083333332781 ], [ 72.285416666666464, 33.914583333332764 ], [ 72.281249999999801, 33.914583333332764 ] ] ] } },
{ "type": "Feature", "properties": { "HYRIV_ID": 40549816, "NEXT_DOWN": 40550064, "MAIN_RIV": 41023100, "LENGTH_KM": 5.1, "DIST_DN_KM": 1718.8, "DIST_UP_KM": 1634.0, "CATCH_SKM": 14.61, "UPLAND_SKM": 201574.9, "ENDORHEIC": 0, "DIS_AV_CMS": 1748.274, "ORD_STRA": 8, "ORD_CLAS": 1, "ORD_FLOW": 3, "HYBAS_L12": 4120648320 }, "geometry": { "type": "MultiLineString", "coordinates": [ [ [ 72.281249999999801, 33.914583333332764 ], [ 72.268749999999756, 33.914583333332764 ], [ 72.26041666666643, 33.906249999999453 ], [ 72.252083333333104, 33.906249999999453 ], [ 72.247916666666441, 33.90208333333279 ], [ 72.239583333333059, 33.90208333333279 ], [ 72.237500000000352, 33.9 ] ] ] } },
{ "type": "Feature", "properties": { "HYRIV_ID": 40528899, "NEXT_DOWN": 40529133, "MAIN_RIV": 41023100, "LENGTH_KM": 5.45, "DIST_DN_KM": 1850.8, "DIST_UP_KM": 1502.1, "CATCH_SKM": 16.79, "UPLAND_SKM": 194285.8, "ENDORHEIC": 0, "DIS_AV_CMS": 1480.567, "ORD_STRA": 8, "ORD_CLAS": 1, "ORD_FLOW": 3, "HYBAS_L12": 4121382670 }, "geometry": { "type": "MultiLineString", "coordinates": [ [ [ 72.806249999999778, 34.589583333332776 ], [ 72.818749999999767, 34.577083333332759 ], [ 72.818749999999767, 34.564583333332784 ], [ 72.814583333333104, 34.560416666666136 ], [ 72.814583333333104, 34.55624999999943 ], [ 72.806249999999778, 34.547916666666119 ] ] ] } },
{ "type": "Feature", "properties": { "HYRIV_ID": 40529133, "NEXT_DOWN": 40529288, "MAIN_RIV": 41023100, "LENGTH_KM": 1.58, "DIST_DN_KM": 1849.2, "DIST_UP_KM": 1503.6, "CATCH_SKM": 3.36, "UPLAND_SKM": 194295.5, "ENDORHEIC": 0, "DIS_AV_CMS": 1481.896, "ORD_STRA": 8, "ORD_CLAS": 1, "ORD_FLOW": 3, "HYBAS_L12": 4121382670 }, "geometry": { "type": "MultiLineString", "coordinates": [ [ [ 72.806249999999778, 34.547916666666119 ], [ 72.802083333333059, 34.543749999999456 ], [ 72.797916666666396, 34.543749999999456 ], [ 72.793749999999733, 34.539583333332793 ] ] ] } },
{ "type": "Feature", "properties": { "HYRIV_ID": 40529288, "NEXT_DOWN": 40529556, "MAIN_RIV": 41023100, "LENGTH_KM": 1.75, "DIST_DN_KM": 1847.3, "DIST_UP_KM": 1505.6, "CATCH_SKM": 4.42, "UPLAND_SKM": 194315.7, "ENDORHEIC": 0, "DIS_AV_CMS": 1483.91, "ORD_STRA": 8, "ORD_CLAS": 1, "ORD_FLOW": 3, "HYBAS_L12": 4121382670 }, "geometry": { "type": "MultiLineString", "coordinates": [ [ [ 72.793749999999733, 34.539583333332793 ], [ 72.785416666666407, 34.539583333332793 ], [ 72.781249999999744, 34.53541666666613 ], [ 72.777083333333081, 34.53541666666613 ] ] ] } },
{ "type": "Feature", "properties": { "HYRIV_ID": 40529556, "NEXT_DOWN": 40530467, "MAIN_RIV": 41023100, "LENGTH_KM": 1.2, "DIST_DN_KM": 1846.3, "DIST_UP_KM": 1506.6, "CATCH_SKM": 1.42, "UPLAND_SKM": 194321.3, "ENDORHEIC": 0, "DIS_AV_CMS": 1484.766, "ORD_STRA": 8, "ORD_CLAS": 1, "ORD_FLOW": 3, "HYBAS_L12": 4120632570 }, "geometry": { "type": "MultiLineString", "coordinates": [ [ [ 72.777083333333081, 34.53541666666613 ], [ 72.768749999999756, 34.527083333332776 ] ] ] } },
{ "type": "Feature", "properties": { "HYRIV_ID": 40530467, "NEXT_DOWN": 40530589, "MAIN_RIV": 41023100, "LENGTH_KM": 8.51, "DIST_DN_KM": 1837.6, "DIST_UP_KM": 1515.2, "CATCH_SKM": 33.26, "UPLAND_SKM": 194365.3, "ENDORHEIC": 0, "DIS_AV_CMS": 1492.576, "ORD_STRA": 8, "ORD_CLAS": 1, "ORD_FLOW": 3, "HYBAS_L12": 4120632570 }, "geometry": { "type": "MultiLineString", "coordinates": [ [ [ 72.768749999999756, 34.527083333332776 ], [ 72.768749999999756, 34.510416666666096 ], [ 72.781249999999744, 34.497916666666121 ], [ 72.793749999999733, 34.497916666666121 ], [ 72.797916666666396, 34.502083333332784 ], [ 72.802083333333059, 34.502083333332784 ], [ 72.806249999999778, 34.506249999999447 ], [ 72.810416666666441, 34.506249999999447 ], [ 72.814583333333104, 34.510416666666096 ], [ 72.827083333333093, 34.510416666666096 ] ] ] } },
{ "type": "Feature", "properties": { "HYRIV_ID": 40530589, "NEXT_DOWN": 40531396, "MAIN_RIV": 41023100, "LENGTH_KM": 2.26, "DIST_DN_KM": 1835.6, "DIST_UP_KM": 1517.3, "CATCH_SKM": 6.9, "UPLAND_SKM": 194439.2, "ENDORHEIC": 0, "DIS_AV_CMS": 1496.599, "ORD_STRA": 8, "ORD_CLAS": 1, "ORD_FLOW": 3, "HYBAS_L12": 4120632570 }, "geometry": { "type": "MultiLineString", "coordinates": [ [ [ 72.827083333333093, 34.510416666666096 ], [ 72.831249999999756, 34.506249999999447 ], [ 72.831249999999756, 34.502083333332784 ], [ 72.839583333333138, 34.493749999999473 ] ] ] } },
{ "type": "Feature", "properties": { "HYRIV_ID": 40531396, "NEXT_DOWN": 40531874, "MAIN_RIV": 41023100, "LENGTH_KM": 2.92, "DIST_DN_KM": 1832.5, "DIST_UP_KM": 1520.4, "CATCH_SKM": 6.9, "UPLAND_SKM": 194461.2, "ENDORHEIC": 0, "DIS_AV_CMS": 1499.872, "ORD_STRA": 8, "ORD_CLAS": 1, "ORD_FLOW": 3, "HYBAS_L12": 4120632570 }, "geometry": { "type": "MultiLineString", "coordinates": [ [ [ 72.839583333333138, 34.493749999999473 ], [ 72.843749999999801, 34.489583333332767 ], [ 72.843749999999801, 34.468749999999481 ] ] ] } },
{ "type": "Feature", "properties": { "HYRIV_ID": 40531874, "NEXT_DOWN": 40532557, "MAIN_RIV": 41023100, "LENGTH_KM": 3.55, "DIST_DN_KM": 1829.1, "DIST_UP_KM": 1523.8, "CATCH_SKM": 11.15, "UPLAND_SKM": 194478.8, "ENDORHEIC": 0, "DIS_AV_CMS": 1503.409, "ORD_STRA": 8, "ORD_CLAS": 1, "ORD_FLOW": 3, "HYBAS_L12": 4120632570 }, "geometry": { "type": "MultiLineString", "coordinates": [ [ [ 72.843749999999801, 34.468749999999481 ], [ 72.835416666666475, 34.460416666666113 ], [ 72.827083333333093, 34.460416666666113 ], [ 72.82291666666643, 34.456249999999464 ], [ 72.818749999999767, 34.456249999999464 ], [ 72.814583333333104, 34.452083333332759 ] ] ] } },
{ "type": "Feature", "properties": { "HYRIV_ID": 40532557, "NEXT_DOWN": 40535816, "MAIN_RIV": 41023100, "LENGTH_KM": 2.32, "DIST_DN_KM": 1826.6, "DIST_UP_KM": 1526.2, "CATCH_SKM": 6.73, "UPLAND_SKM": 194491.6, "ENDORHEIC": 0, "DIS_AV_CMS": 1505.932, "ORD_STRA": 8, "ORD_CLAS": 1, "ORD_FLOW": 3, "HYBAS_L12": 4120632570 }, "geometry": { "type": "MultiLineString", "coordinates": [ [ [ 72.814583333333104, 34.452083333332759 ], [ 72.814583333333104, 34.431249999999459 ] ] ] } },
{ "type": "Feature", "properties": { "HYRIV_ID": 40535816, "NEXT_DOWN": 40536529, "MAIN_RIV": 41023100, "LENGTH_KM": 12.63, "DIST_DN_KM": 1814.1, "DIST_UP_KM": 1538.7, "CATCH_SKM": 47.83, "UPLAND_SKM": 195978.5, "ENDORHEIC": 0, "DIS_AV_CMS": 1560.865, "ORD_STRA": 8, "ORD_CLAS": 1, "ORD_FLOW": 3, "HYBAS_L12": 4120635270 }, "geometry": { "type": "MultiLineString", "coordinates": [ [ [ 72.814583333333104, 34.431249999999459 ], [ 72.818749999999767, 34.427083333332767 ], [ 72.818749999999767, 34.397916666666113 ], [ 72.82291666666643, 34.39374999999945 ], [ 72.818749999999767, 34.389583333332801 ], [ 72.818749999999767, 34.36458333333281 ], [ 72.852083333333127, 34.33124999999945 ] ] ] } },
{ "type": "Feature", "properties": { "HYRIV_ID": 40536529, "NEXT_DOWN": 40536926, "MAIN_RIV": 41023100, "LENGTH_KM": 2.32, "DIST_DN_KM": 1811.6, "DIST_UP_KM": 1541.2, "CATCH_SKM": 4.43, "UPLAND_SKM": 196405.9, "ENDORHEIC": 0, "DIS_AV_CMS": 1578.626, "ORD_STRA": 8, "ORD_CLAS": 1, "ORD_FLOW": 3, "HYBAS_L12": 4121386140 }, "geometry": { "type": "MultiLineString", "coordinates": [ [ [ 72.852083333333127, 34.33124999999945 ], [ 72.852083333333127, 34.310416666666121 ] ] ] } },
{ "type": "Feature", "properties": { "HYRIV_ID": 40536926, "NEXT_DOWN": 40538170, "MAIN_RIV": 41023100, "LENGTH_KM": 1.53, "DIST_DN_KM": 1810.1, "DIST_UP_KM": 1542.8, "CATCH_SKM": 2.84, "UPLAND_SKM": 196437.1, "ENDORHEIC": 0, "DIS_AV_CMS": 1580.972, "ORD_STRA": 8, "ORD_CLAS": 1, "ORD_FLOW": 3, "HYBAS_L12": 4121386140 }, "geometry": { "type": "MultiLineString", "coordinates": [ [ [ 72.852083333333127, 34.310416666666121 ], [ 72.847916666666464, 34.306249999999459 ], [ 72.847916666666464, 34.297916666666104 ] ] ] } },
{ "type": "Feature", "properties": { "HYRIV_ID": 40538170, "NEXT_DOWN": 40538309, "MAIN_RIV": 41023100, "LENGTH_KM": 4.72, "DIST_DN_KM": 1805.4, "DIST_UP_KM": 1547.5, "CATCH_SKM": 11.35, "UPLAND_SKM": 196452.9, "ENDORHEIC": 0, "DIS_AV_CMS": 1585.396, "ORD_STRA": 8, "ORD_CLAS": 1, "ORD_FLOW": 3, "HYBAS_L12": 4121386140 }, "geometry": { "type": "MultiLineString", "coordinates": [ [ [ 72.847916666666464, 34.297916666666104 ], [ 72.847916666666464, 34.293749999999442 ], [ 72.843749999999801, 34.289583333332779 ], [ 72.843749999999801, 34.28541666666613 ], [ 72.839583333333138, 34.281249999999467 ], [ 72.839583333333138, 34.277083333332804 ], [ 72.831249999999756, 34.26874999999945 ], [ 72.831249999999756, 34.260416666666138 ] ] ] } },
{ "type": "Feature", "properties": { "HYRIV_ID": 40538309, "NEXT_DOWN": 40539080, "MAIN_RIV": 41023100, "LENGTH_KM": 0.6, "DIST_DN_KM": 1804.9, "DIST_UP_KM": 1547.9, "CATCH_SKM": 0.35, "UPLAND_SKM": 196479.3, "ENDORHEIC": 0, "DIS_AV_CMS": 1586.688, "ORD_STRA": 8, "ORD_CLAS": 1, "ORD_FLOW": 3, "HYBAS_L12": 4121386140 }, "geometry": { "type": "MultiLineString", "coordinates": [ [ [ 72.831249999999756, 34.260416666666138 ], [ 72.827083333333093, 34.256249999999433 ] ] ] } },
{ "type": "Feature", "properties": { "HYRIV_ID": 40539080, "NEXT_DOWN": 40539926, "MAIN_RIV": 41023100, "LENGTH_KM": 3.06, "DIST_DN_KM": 1801.7, "DIST_UP_KM": 1551.2, "CATCH_SKM": 6.39, "UPLAND_SKM": 196634.7, "ENDORHEIC": 0, "DIS_AV_CMS": 1594.197, "ORD_STRA": 8, "ORD_CLAS": 1, "ORD_FLOW": 3, "HYBAS_L12": 4120641250 }, "geometry": { "type": "MultiLineString", "coordinates": [ [ [ 72.827083333333093, 34.256249999999433 ], [ 72.82291666666643, 34.25208333333277 ], [ 72.82291666666643, 34.247916666666121 ], [ 72.818749999999767, 34.243749999999459 ], [ 72.818749999999767, 34.231249999999442 ] ] ] } },
{ "type": "Feature", "properties": { "HYRIV_ID": 40539926, "NEXT_DOWN": 40540389, "MAIN_RIV": 41023100, "LENGTH_KM": 2.78, "DIST_DN_KM": 1798.9, "DIST_UP_KM": 1554.0, "CATCH_SKM": 3.73, "UPLAND_SKM": 196671.1, "ENDORHEIC": 0, "DIS_AV_CMS": 1597.926, "ORD_STRA": 8, "ORD_CLAS": 1, "ORD_FLOW": 3, "HYBAS_L12": 4120641250 }, "geometry": { "type": "MultiLineString", "coordinates": [ [ [ 72.818749999999767, 34.231249999999442 ], [ 72.818749999999767, 34.206249999999493 ] ] ] } },
{ "type": "Feature", "properties": { "HYRIV_ID": 40540389, "NEXT_DOWN": 40540661, "MAIN_RIV": 41023100, "LENGTH_KM": 1.39, "DIST_DN_KM": 1797.5, "DIST_UP_KM": 1555.3, "CATCH_SKM": 2.31, "UPLAND_SKM": 196697.0, "ENDORHEIC": 0, "DIS_AV_CMS": 1599.997, "ORD_STRA": 8, "ORD_CLAS": 1, "ORD_FLOW": 3, "HYBAS_L12": 4120641250 }, "geometry": { "type": "MultiLineString", "coordinates": [ [ [ 72.818749999999767, 34.206249999999493 ], [ 72.818749999999767, 34.193749999999476 ] ] ] } },
{ "type": "Feature", "properties": { "HYRIV_ID": 40540661, "NEXT_DOWN": 40541609, "MAIN_RIV": 41023100, "LENGTH_KM": 0.93, "DIST_DN_KM": 1796.6, "DIST_UP_KM": 1556.3, "CATCH_SKM": 1.6, "UPLAND_SKM": 196705.3, "ENDORHEIC": 0, "DIS_AV_CMS": 1601.116, "ORD_STRA": 8, "ORD_CLAS": 1, "ORD_FLOW": 3, "HYBAS_L12": 4120641250 }, "geometry": { "type": "MultiLineString", "coordinates": [ [ [ 72.818749999999767, 34.193749999999476 ], [ 72.818749999999767, 34.185416666666107 ] ] ] } },
{ "type": "Feature", "properties": { "HYRIV_ID": 40521316, "NEXT_DOWN": 40521812, "MAIN_RIV": 41023100, "LENGTH_KM": 4.12, "DIST_DN_KM": 1889.5, "DIST_UP_KM": 1463.3, "CATCH_SKM": 10.05, "UPLAND_SKM": 192956.6, "ENDORHEIC": 0, "DIS_AV_CMS": 1407.711, "ORD_STRA": 8, "ORD_CLAS": 1, "ORD_FLOW": 3, "HYBAS_L12": 4120622060 }, "geometry": { "type": "MultiLineString", "coordinates": [ [ [ 72.935416666666384, 34.806249999999444 ], [ 72.931249999999778, 34.802083333332781 ], [ 72.931249999999778, 34.79374999999947 ], [ 72.927083333333059, 34.789583333332764 ], [ 72.927083333333059, 34.77708333333279 ], [ 72.922916666666396, 34.772916666666084 ] ] ] } },
{ "type": "Feature", "properties": { "HYRIV_ID": 40521477, "NEXT_DOWN": 40521662, "MAIN_RIV": 41023100, "LENGTH_KM": 1.9, "DIST_DN_KM": 1880.7, "DIST_UP_KM": 1472.2, "CATCH_SKM": 8.99, "UPLAND_SKM": 193560.0, "ENDORHEIC": 0, "DIS_AV_CMS": 1437.336, "ORD_STRA": 8, "ORD_CLAS": 1, "ORD_FLOW": 3, "HYBAS_L12": 4120623180 }, "geometry": { "type": "MultiLineString", "coordinates": [ [ [ 72.860416666666509, 34.768749999999436 ], [ 72.839583333333138, 34.768749999999436 ] ] ] } },
{ "type": "Feature", "properties": { "HYRIV_ID": 40521662, "NEXT_DOWN": 40522118, "MAIN_RIV": 41023100, "LENGTH_KM": 0.98, "DIST_DN_KM": 1879.9, "DIST_UP_KM": 1473.0, "CATCH_SKM": 0.7, "UPLAND_SKM": 193574.6, "ENDORHEIC": 0, "DIS_AV_CMS": 1438.498, "ORD_STRA": 8, "ORD_CLAS": 1, "ORD_FLOW": 3, "HYBAS_L12": 4120623180 }, "geometry": { "type": "MultiLineString", "coordinates": [ [ [ 72.839583333333138, 34.768749999999436 ], [ 72.835416666666475, 34.768749999999436 ], [ 72.831249999999756, 34.764583333332773 ] ] ] } },
{ "type": "Feature", "properties": { "HYRIV_ID": 40521663, "NEXT_DOWN": 40521477, "MAIN_RIV": 41023100, "LENGTH_KM": 1.36, "DIST_DN_KM": 1882.6, "DIST_UP_KM": 1470.3, "CATCH_SKM": 2.12, "UPLAND_SKM": 193547.7, "ENDORHEIC": 0, "DIS_AV_CMS": 1435.271, "ORD_STRA": 8, "ORD_CLAS": 1, "ORD_FLOW": 3, "HYBAS_L12": 4120623180 }, "geometry": { "type": "MultiLineString", "coordinates": [ [ [ 72.872916666666384, 34.764583333332773 ], [ 72.868749999999835, 34.764583333332773 ], [ 72.864583333333059, 34.768749999999436 ], [ 72.860416666666509, 34.768749999999436 ] ] ] } },
{ "type": "Feature", "properties": { "HYRIV_ID": 40521664, "NEXT_DOWN": 40521663, "MAIN_RIV": 41023100, "LENGTH_KM": 0.76, "DIST_DN_KM": 1883.9, "DIST_UP_KM": 1469.0, "CATCH_SKM": 1.23, "UPLAND_SKM": 193531.3, "ENDORHEIC": 0, "DIS_AV_CMS": 1433.709, "ORD_STRA": 8, "ORD_CLAS": 1, "ORD_FLOW": 3, "HYBAS_L12": 4120623180 }, "geometry": { "type": "MultiLineString", "coordinates": [ [ [ 72.88124999999971, 34.764583333332773 ], [ 72.872916666666384, 34.764583333332773 ] ] ] } },
{ "type": "Feature", "properties": { "HYRIV_ID": 40521810, "NEXT_DOWN": 40521664, "MAIN_RIV": 41023100, "LENGTH_KM": 2.12, "DIST_DN_KM": 1884.9, "DIST_UP_KM": 1468.0, "CATCH_SKM": 6.7, "UPLAND_SKM": 193506.1, "ENDORHEIC": 0, "DIS_AV_CMS": 1432.174, "ORD_STRA": 8, "ORD_CLAS": 1, "ORD_FLOW": 3, "HYBAS_L12": 4120623180 }, "geometry": { "type": "MultiLineString", "coordinates": [ [ [ 72.902083333333081, 34.76041666666611 ], [ 72.885416666666544, 34.76041666666611 ], [ 72.88124999999971, 34.764583333332773 ] ] ] } },
{ "type": "Feature", "properties": { "HYRIV_ID": 40521812, "NEXT_DOWN": 40521810, "MAIN_RIV": 41023100, "LENGTH_KM": 2.56, "DIST_DN_KM": 1887.0, "DIST_UP_KM": 1465.9, "CATCH_SKM": 4.58, "UPLAND_SKM": 193494.5, "ENDORHEIC": 0, "DIS_AV_CMS": 1430.132, "ORD_STRA": 8, "ORD_CLAS": 1, "ORD_FLOW": 3, "HYBAS_L12": 4120623180 }, "geometry": { "type": "MultiLineString", "coordinates": [ [ [ 72.922916666666396, 34.772916666666084 ], [ 72.918749999999733, 34.768749999999436 ], [ 72.910416666666407, 34.768749999999436 ], [ 72.902083333333081, 34.76041666666611 ] ] ] } },
{ "type": "Feature", "properties": { "HYRIV_ID": 40522118, "NEXT_DOWN": 40522389, "MAIN_RIV": 41023100, "LENGTH_KM": 1.66, "DIST_DN_KM": 1878.2, "DIST_UP_KM": 1474.7, "CATCH_SKM": 4.94, "UPLAND_SKM": 193584.7, "ENDORHEIC": 0, "DIS_AV_CMS": 1439.827, "ORD_STRA": 8, "ORD_CLAS": 1, "ORD_FLOW": 3, "HYBAS_L12": 4120623180 }, "geometry": { "type": "MultiLineString", "coordinates": [ [ [ 72.831249999999756, 34.764583333332773 ], [ 72.827083333333093, 34.76041666666611 ], [ 72.827083333333093, 34.756249999999461 ], [ 72.82291666666643, 34.752083333332799 ] ] ] } },
{ "type": "Feature", "properties": { "HYRIV_ID": 40522389, "NEXT_DOWN": 40523771, "MAIN_RIV": 41023100, "LENGTH_KM": 1.2, "DIST_DN_KM": 1877.0, "DIST_UP_KM": 1475.9, "CATCH_SKM": 1.94, "UPLAND_SKM": 193593.5, "ENDORHEIC": 0, "DIS_AV_CMS": 1440.79, "ORD_STRA": 8, "ORD_CLAS": 1, "ORD_FLOW": 3, "HYBAS_L12": 4120623180 }, "geometry": { "type": "MultiLineString", "coordinates": [ [ [ 72.82291666666643, 34.752083333332799 ], [ 72.814583333333104, 34.743749999999444 ] ] ] } },
{ "type": "Feature", "properties": { "HYRIV_ID": 40523771, "NEXT_DOWN": 40524350, "MAIN_RIV": 41023100, "LENGTH_KM": 5.18, "DIST_DN_KM": 1871.6, "DIST_UP_KM": 1481.2, "CATCH_SKM": 20.46, "UPLAND_SKM": 193727.1, "ENDORHEIC": 0, "DIS_AV_CMS": 1448.659, "ORD_STRA": 8, "ORD_CLAS": 1, "ORD_FLOW": 3, "HYBAS_L12": 4120626780 }, "geometry": { "type": "MultiLineString", "coordinates": [ [ [ 72.814583333333104, 34.743749999999444 ], [ 72.814583333333104, 34.739583333332781 ], [ 72.810416666666441, 34.735416666666119 ], [ 72.810416666666441, 34.727083333332807 ], [ 72.806249999999778, 34.722916666666102 ], [ 72.806249999999778, 34.718749999999439 ], [ 72.802083333333059, 34.71458333333279 ], [ 72.802083333333059, 34.710416666666127 ], [ 72.797916666666396, 34.706249999999422 ], [ 72.797916666666396, 34.702083333332773 ] ] ] } },
{ "type": "Feature", "properties": { "HYRIV_ID": 40524350, "NEXT_DOWN": 40524791, "MAIN_RIV": 41023100, "LENGTH_KM": 2.13, "DIST_DN_KM": 1869.7, "DIST_UP_KM": 1483.2, "CATCH_SKM": 4.41, "UPLAND_SKM": 193740.0, "ENDORHEIC": 0, "DIS_AV_CMS": 1450.42, "ORD_STRA": 8, "ORD_CLAS": 1, "ORD_FLOW": 3, "HYBAS_L12": 4120626780 }, "geometry": { "type": "MultiLineString", "coordinates": [ [ [ 72.797916666666396, 34.702083333332773 ], [ 72.797916666666396, 34.693749999999447 ], [ 72.793749999999733, 34.689583333332799 ], [ 72.797916666666396, 34.685416666666093 ] ] ] } },
{ "type": "Feature", "properties": { "HYRIV_ID": 40524791, "NEXT_DOWN": 40525525, "MAIN_RIV": 41023100, "LENGTH_KM": 1.66, "DIST_DN_KM": 1868.0, "DIST_UP_KM": 1484.9, "CATCH_SKM": 5.12, "UPLAND_SKM": 193771.4, "ENDORHEIC": 0, "DIS_AV_CMS": 1452.514, "ORD_STRA": 8, "ORD_CLAS": 1, "ORD_FLOW": 3, "HYBAS_L12": 4120626780 }, "geometry": { "type": "MultiLineString", "coordinates": [ [ [ 72.797916666666396, 34.685416666666093 ], [ 72.797916666666396, 34.68124999999943 ], [ 72.806249999999778, 34.672916666666119 ] ] ] } },
{ "type": "Feature", "properties": { "HYRIV_ID": 40525525, "NEXT_DOWN": 40526355, "MAIN_RIV": 41023100, "LENGTH_KM": 2.45, "DIST_DN_KM": 1865.4, "DIST_UP_KM": 1487.5, "CATCH_SKM": 5.47, "UPLAND_SKM": 193780.8, "ENDORHEIC": 0, "DIS_AV_CMS": 1454.481, "ORD_STRA": 8, "ORD_CLAS": 1, "ORD_FLOW": 3, "HYBAS_L12": 4120626780 }, "geometry": { "type": "MultiLineString", "coordinates": [ [ [ 72.806249999999778, 34.672916666666119 ], [ 72.806249999999778, 34.664583333332807 ], [ 72.802083333333059, 34.660416666666102 ], [ 72.802083333333059, 34.65208333333279 ] ] ] } },
{ "type": "Feature", "properties": { "HYRIV_ID": 40526355, "NEXT_DOWN": 40526785, "MAIN_RIV": 41023100, "LENGTH_KM": 3.33, "DIST_DN_KM": 1862.2, "DIST_UP_KM": 1490.7, "CATCH_SKM": 7.59, "UPLAND_SKM": 193794.9, "ENDORHEIC": 0, "DIS_AV_CMS": 1456.938, "ORD_STRA": 8, "ORD_CLAS": 1, "ORD_FLOW": 3, "HYBAS_L12": 4120626780 }, "geometry": { "type": "MultiLineString", "coordinates": [ [ [ 72.802083333333059, 34.65208333333279 ], [ 72.802083333333059, 34.647916666666084 ], [ 72.797916666666396, 34.643749999999464 ], [ 72.797916666666396, 34.639583333332801 ], [ 72.785416666666407, 34.627083333332784 ] ] ] } },
{ "type": "Feature", "properties": { "HYRIV_ID": 40526785, "NEXT_DOWN": 40527222, "MAIN_RIV": 41023100, "LENGTH_KM": 1.66, "DIST_DN_KM": 1860.4, "DIST_UP_KM": 1492.5, "CATCH_SKM": 4.95, "UPLAND_SKM": 194149.8, "ENDORHEIC": 0, "DIS_AV_CMS": 1469.83, "ORD_STRA": 8, "ORD_CLAS": 1, "ORD_FLOW": 3, "HYBAS_L12": 4121382670 }, "geometry": { "type": "MultiLineString", "coordinates": [ [ [ 72.785416666666407, 34.627083333332784 ], [ 72.777083333333081, 34.61874999999943 ], [ 72.777083333333081, 34.614583333332767 ] ] ] } },
{ "type": "Feature", "properties": { "HYRIV_ID": 40527222, "NEXT_DOWN": 40527609, "MAIN_RIV": 41023100, "LENGTH_KM": 1.66, "DIST_DN_KM": 1858.8, "DIST_UP_KM": 1494.0, "CATCH_SKM": 2.83, "UPLAND_SKM": 194168.0, "ENDORHEIC": 0, "DIS_AV_CMS": 1471.442, "ORD_STRA": 8, "ORD_CLAS": 1, "ORD_FLOW": 3, "HYBAS_L12": 4121382670 }, "geometry": { "type": "MultiLineString", "coordinates": [ [ [ 72.777083333333081, 34.614583333332767 ], [ 72.781249999999744, 34.610416666666119 ], [ 72.781249999999744, 34.606249999999456 ], [ 72.785416666666407, 34.602083333332793 ] ] ] } },
{ "type": "Feature", "properties": { "HYRIV_ID": 40527609, "NEXT_DOWN": 40528899, "MAIN_RIV": 41023100, "LENGTH_KM": 2.56, "DIST_DN_KM": 1856.3, "DIST_UP_KM": 1496.6, "CATCH_SKM": 7.95, "UPLAND_SKM": 194230.9, "ENDORHEIC": 0, "DIS_AV_CMS": 1475.318, "ORD_STRA": 8, "ORD_CLAS": 1, "ORD_FLOW": 3, "HYBAS_L12": 4121382670 }, "geometry": { "type": "MultiLineString", "coordinates": [ [ [ 72.785416666666407, 34.602083333332793 ], [ 72.78958333333307, 34.597916666666144 ], [ 72.797916666666396, 34.597916666666144 ], [ 72.806249999999778, 34.589583333332776 ] ] ] } },
{ "type": "Feature", "properties": { "HYRIV_ID": 40500999, "NEXT_DOWN": 40501528, "MAIN_RIV": 41023100, "LENGTH_KM": 2.12, "DIST_DN_KM": 1992.4, "DIST_UP_KM": 1360.4, "CATCH_SKM": 3.33, "UPLAND_SKM": 187310.3, "ENDORHEIC": 0, "DIS_AV_CMS": 1202.224, "ORD_STRA": 8, "ORD_CLAS": 1, "ORD_FLOW": 3, "HYBAS_L12": 4120606050 }, "geometry": { "type": "MultiLineString", "coordinates": [ [ [ 73.206249999999756, 35.335416666666113 ], [ 73.202083333333093, 35.33124999999945 ], [ 73.202083333333093, 35.322916666666138 ], [ 73.19791666666643, 35.318749999999433 ] ] ] } },
{ "type": "Feature", "properties": { "HYRIV_ID": 40501528, "NEXT_DOWN": 40501680, "MAIN_RIV": 41023100, "LENGTH_KM": 1.66, "DIST_DN_KM": 1990.6, "DIST_UP_KM": 1362.3, "CATCH_SKM": 3.5, "UPLAND_SKM": 187321.0, "ENDORHEIC": 0, "DIS_AV_CMS": 1202.442, "ORD_STRA": 8, "ORD_CLAS": 1, "ORD_FLOW": 3, "HYBAS_L12": 4120606050 }, "geometry": { "type": "MultiLineString", "coordinates": [ [ [ 73.19791666666643, 35.318749999999433 ], [ 73.189583333333104, 35.310416666666121 ], [ 73.189583333333104, 35.306249999999416 ] ] ] } },
{ "type": "Feature", "properties": { "HYRIV_ID": 40501680, "NEXT_DOWN": 40502201, "MAIN_RIV": 41023100, "LENGTH_KM": 0.6, "DIST_DN_KM": 1990.2, "DIST_UP_KM": 1362.7, "CATCH_SKM": 0.7, "UPLAND_SKM": 187380.7, "ENDORHEIC": 0, "DIS_AV_CMS": 1203.751, "ORD_STRA": 8, "ORD_CLAS": 1, "ORD_FLOW": 3, "HYBAS_L12": 4120606050 }, "geometry": { "type": "MultiLineString", "coordinates": [ [ [ 73.189583333333104, 35.306249999999416 ], [ 73.19374999999971, 35.302083333332767 ] ] ] } },
{ "type": "Feature", "properties": { "HYRIV_ID": 40502201, "NEXT_DOWN": 40503262, "MAIN_RIV": 41023100, "LENGTH_KM": 3.31, "DIST_DN_KM": 1986.9, "DIST_UP_KM": 1366.0, "CATCH_SKM": 14.54, "UPLAND_SKM": 187402.3, "ENDORHEIC": 0, "DIS_AV_CMS": 1204.204, "ORD_STRA": 8, "ORD_CLAS": 1, "ORD_FLOW": 3, "HYBAS_L12": 4120606050 }, "geometry": { "type": "MultiLineString", "coordinates": [ [ [ 73.19374999999971, 35.302083333332767 ], [ 73.202083333333093, 35.293749999999442 ], [ 73.218749999999744, 35.293749999999442 ], [ 73.222916666666407, 35.289583333332793 ] ] ] } },
{ "type": "Feature", "properties": { "HYRIV_ID": 40503262, "NEXT_DOWN": 40503875, "MAIN_RIV": 41023100, "LENGTH_KM": 3.24, "DIST_DN_KM": 1983.5, "DIST_UP_KM": 1369.4, "CATCH_SKM": 8.24, "UPLAND_SKM": 187416.3, "ENDORHEIC": 0, "DIS_AV_CMS": 1204.493, "ORD_STRA": 8, "ORD_CLAS": 1, "ORD_FLOW": 3, "HYBAS_L12": 4120606050 }, "geometry": { "type": "MultiLineString", "coordinates": [ [ [ 73.222916666666407, 35.289583333332793 ], [ 73.222916666666407, 35.260416666666138 ] ] ] } },
{ "type": "Feature", "properties": { "HYRIV_ID": 40503875, "NEXT_DOWN": 40504052, "MAIN_RIV": 41023100, "LENGTH_KM": 3.53, "DIST_DN_KM": 1979.9, "DIST_UP_KM": 1373.0, "CATCH_SKM": 12.62, "UPLAND_SKM": 187663.5, "ENDORHEIC": 0, "DIS_AV_CMS": 1208.895, "ORD_STRA": 8, "ORD_CLAS": 1, "ORD_FLOW": 3, "HYBAS_L12": 4120606750 }, "geometry": { "type": "MultiLineString", "coordinates": [ [ [ 73.222916666666407, 35.260416666666138 ], [ 73.210416666666418, 35.247916666666121 ], [ 73.206249999999756, 35.247916666666121 ], [ 73.202083333333093, 35.243749999999459 ], [ 73.19374999999971, 35.243749999999459 ] ] ] } },
{ "type": "Feature", "properties": { "HYRIV_ID": 40504052, "NEXT_DOWN": 40506285, "MAIN_RIV": 41023100, "LENGTH_KM": 2.49, "DIST_DN_KM": 1977.4, "DIST_UP_KM": 1375.4, "CATCH_SKM": 7.89, "UPLAND_SKM": 189200.0, "ENDORHEIC": 0, "DIS_AV_CMS": 1234.382, "ORD_STRA": 8, "ORD_CLAS": 1, "ORD_FLOW": 3, "HYBAS_L12": 4120610120 }, "geometry": { "type": "MultiLineString", "coordinates": [ [ [ 73.19374999999971, 35.243749999999459 ], [ 73.177083333333059, 35.243749999999459 ], [ 73.172916666666396, 35.239583333332767 ], [ 73.168749999999733, 35.239583333332767 ] ] ] } },
{ "type": "Feature", "properties": { "HYRIV_ID": 40506285, "NEXT_DOWN": 40506468, "MAIN_RIV": 41023100, "LENGTH_KM": 7.51, "DIST_DN_KM": 1970.1, "DIST_UP_KM": 1382.8, "CATCH_SKM": 24.38, "UPLAND_SKM": 189298.5, "ENDORHEIC": 0, "DIS_AV_CMS": 1236.737, "ORD_STRA": 8, "ORD_CLAS": 1, "ORD_FLOW": 3, "HYBAS_L12": 4120610120 }, "geometry": { "type": "MultiLineString", "coordinates": [ [ [ 73.168749999999733, 35.239583333332767 ], [ 73.152083333333081, 35.22291666666613 ], [ 73.152083333333081, 35.218749999999424 ], [ 73.147916666666532, 35.214583333332762 ], [ 73.147916666666532, 35.210416666666113 ], [ 73.122916666666498, 35.185416666666121 ] ] ] } },
{ "type": "Feature", "properties": { "HYRIV_ID": 40506468, "NEXT_DOWN": 40507526, "MAIN_RIV": 41023100, "LENGTH_KM": 0.98, "DIST_DN_KM": 1968.9, "DIST_UP_KM": 1383.9, "CATCH_SKM": 2.63, "UPLAND_SKM": 189334.5, "ENDORHEIC": 0, "DIS_AV_CMS": 1237.656, "ORD_STRA": 8, "ORD_CLAS": 1, "ORD_FLOW": 3, "HYBAS_L12": 4120610120 }, "geometry": { "type": "MultiLineString", "coordinates": [ [ [ 73.122916666666498, 35.185416666666121 ], [ 73.118749999999835, 35.181249999999459 ], [ 73.114583333333115, 35.181249999999459 ] ] ] } },
{ "type": "Feature", "properties": { "HYRIV_ID": 40507526, "NEXT_DOWN": 40507859, "MAIN_RIV": 41023100, "LENGTH_KM": 3.78, "DIST_DN_KM": 1965.3, "DIST_UP_KM": 1387.5, "CATCH_SKM": 13.86, "UPLAND_SKM": 189367.1, "ENDORHEIC": 0, "DIS_AV_CMS": 1238.503, "ORD_STRA": 8, "ORD_CLAS": 1, "ORD_FLOW": 3, "HYBAS_L12": 4120610120 }, "geometry": { "type": "MultiLineString", "coordinates": [ [ [ 73.114583333333115, 35.181249999999459 ], [ 73.114583333333115, 35.177083333332753 ], [ 73.110416666666453, 35.172916666666104 ], [ 73.110416666666453, 35.168749999999442 ], [ 73.10624999999979, 35.164583333332779 ], [ 73.10624999999979, 35.16041666666613 ], [ 73.097916666666464, 35.152083333332804 ] ] ] } },
{ "type": "Feature", "properties": { "HYRIV_ID": 40507859, "NEXT_DOWN": 40508312, "MAIN_RIV": 41023100, "LENGTH_KM": 1.58, "DIST_DN_KM": 1963.8, "DIST_UP_KM": 1389.1, "CATCH_SKM": 3.86, "UPLAND_SKM": 189386.9, "ENDORHEIC": 0, "DIS_AV_CMS": 1239.033, "ORD_STRA": 8, "ORD_CLAS": 1, "ORD_FLOW": 3, "HYBAS_L12": 4120610120 }, "geometry": { "type": "MultiLineString", "coordinates": [ [ [ 73.097916666666464, 35.152083333332804 ], [ 73.093749999999801, 35.147916666666113 ], [ 73.089583333333081, 35.147916666666113 ], [ 73.085416666666418, 35.14374999999945 ] ] ] } },
{ "type": "Feature", "properties": { "HYRIV_ID": 40508312, "NEXT_DOWN": 40508854, "MAIN_RIV": 41023100, "LENGTH_KM": 2.93, "DIST_DN_KM": 1960.8, "DIST_UP_KM": 1392.0, "CATCH_SKM": 8.95, "UPLAND_SKM": 190603.2, "ENDORHEIC": 0, "DIS_AV_CMS": 1275.021, "ORD_STRA": 8, "ORD_CLAS": 1, "ORD_FLOW": 3, "HYBAS_L12": 4120610610 }, "geometry": { "type": "MultiLineString", "coordinates": [ [ [ 73.085416666666418, 35.14374999999945 ], [ 73.081249999999756, 35.14374999999945 ], [ 73.077083333333093, 35.139583333332787 ], [ 73.068749999999767, 35.139583333332787 ], [ 73.060416666666384, 35.131249999999476 ] ] ] } },
{ "type": "Feature", "properties": { "HYRIV_ID": 40508854, "NEXT_DOWN": 40509157, "MAIN_RIV": 41023100, "LENGTH_KM": 3.75, "DIST_DN_KM": 1956.9, "DIST_UP_KM": 1395.9, "CATCH_SKM": 14.05, "UPLAND_SKM": 190779.6, "ENDORHEIC": 0, "DIS_AV_CMS": 1279.637, "ORD_STRA": 8, "ORD_CLAS": 1, "ORD_FLOW": 3, "HYBAS_L12": 4120613740 }, "geometry": { "type": "MultiLineString", "coordinates": [ [ [ 73.060416666666384, 35.131249999999476 ], [ 73.043749999999733, 35.114583333332753 ], [ 73.03958333333307, 35.114583333332753 ], [ 73.035416666666407, 35.118749999999459 ], [ 73.031249999999744, 35.118749999999459 ] ] ] } },
{ "type": "Feature", "properties": { "HYRIV_ID": 40509156, "NEXT_DOWN": 40509305, "MAIN_RIV": 41023100, "LENGTH_KM": 0.38, "DIST_DN_KM": 1953.4, "DIST_UP_KM": 1399.5, "CATCH_SKM": 0.35, "UPLAND_SKM": 190828.6, "ENDORHEIC": 0, "DIS_AV_CMS": 1281.102, "ORD_STRA": 8, "ORD_CLAS": 1, "ORD_FLOW": 3, "HYBAS_L12": 4120613740 }, "geometry": { "type": "MultiLineString", "coordinates": [ [ [ 73.00624999999971, 35.106249999999442 ], [ 73.002083333333161, 35.106249999999442 ] ] ] } },
{ "type": "Feature", "properties": { "HYRIV_ID": 40509157, "NEXT_DOWN": 40509156, "MAIN_RIV": 41023100, "LENGTH_KM": 3.18, "DIST_DN_KM": 1953.7, "DIST_UP_KM": 1399.1, "CATCH_SKM": 9.83, "UPLAND_SKM": 190794.5, "ENDORHEIC": 0, "DIS_AV_CMS": 1280.071, "ORD_STRA": 8, "ORD_CLAS": 1, "ORD_FLOW": 3, "HYBAS_L12": 4120613740 }, "geometry": { "type": "MultiLineString", "coordinates": [ [ [ 73.031249999999744, 35.118749999999459 ], [ 73.018749999999869, 35.118749999999459 ], [ 73.014583333333206, 35.114583333332753 ], [ 73.014583333333206, 35.11041666666609 ], [ 73.010416666666487, 35.106249999999442 ], [ 73.00624999999971, 35.106249999999442 ] ] ] } },
{ "type": "Feature", "properties": { "HYRIV_ID": 40509305, "NEXT_DOWN": 40510166, "MAIN_RIV": 41023100, "LENGTH_KM": 0.98, "DIST_DN_KM": 1952.6, "DIST_UP_KM": 1400.3, "CATCH_SKM": 1.05, "UPLAND_SKM": 190880.0, "ENDORHEIC": 0, "DIS_AV_CMS": 1282.852, "ORD_STRA": 8, "ORD_CLAS": 1, "ORD_FLOW": 3, "HYBAS_L12": 4120613740 }, "geometry": { "type": "MultiLineString", "coordinates": [ [ [ 73.002083333333161, 35.106249999999442 ], [ 72.997916666666384, 35.106249999999442 ], [ 72.993749999999835, 35.102083333332779 ] ] ] } },
{ "type": "Feature", "properties": { "HYRIV_ID": 40510166, "NEXT_DOWN": 40510342, "MAIN_RIV": 41023100, "LENGTH_KM": 3.19, "DIST_DN_KM": 1949.4, "DIST_UP_KM": 1403.5, "CATCH_SKM": 8.26, "UPLAND_SKM": 190894.6, "ENDORHEIC": 0, "DIS_AV_CMS": 1284.96, "ORD_STRA": 8, "ORD_CLAS": 1, "ORD_FLOW": 3, "HYBAS_L12": 4120613740 }, "geometry": { "type": "MultiLineString", "coordinates": [ [ [ 72.993749999999835, 35.102083333332779 ], [ 72.993749999999835, 35.089583333332762 ], [ 72.98124999999979, 35.077083333332787 ] ] ] } },
{ "type": "Feature", "properties": { "HYRIV_ID": 40510342, "NEXT_DOWN": 40510840, "MAIN_RIV": 41023100, "LENGTH_KM": 1.36, "DIST_DN_KM": 1947.8, "DIST_UP_KM": 1405.0, "CATCH_SKM": 3.87, "UPLAND_SKM": 190903.5, "ENDORHEIC": 0, "DIS_AV_CMS": 1286.07, "ORD_STRA": 8, "ORD_CLAS": 1, "ORD_FLOW": 3, "HYBAS_L12": 4120613740 }, "geometry": { "type": "MultiLineString", "coordinates": [ [ [ 72.98124999999979, 35.077083333332787 ], [ 72.977083333333127, 35.072916666666124 ], [ 72.968749999999801, 35.072916666666124 ] ] ] } },
{ "type": "Feature", "properties": { "HYRIV_ID": 40510840, "NEXT_DOWN": 40511318, "MAIN_RIV": 41023100, "LENGTH_KM": 2.17, "DIST_DN_KM": 1945.9, "DIST_UP_KM": 1407.0, "CATCH_SKM": 4.92, "UPLAND_SKM": 190913.5, "ENDORHEIC": 0, "DIS_AV_CMS": 1287.49, "ORD_STRA": 8, "ORD_CLAS": 1, "ORD_FLOW": 3, "HYBAS_L12": 4120613740 }, "geometry": { "type": "MultiLineString", "coordinates": [ [ [ 72.968749999999801, 35.072916666666124 ], [ 72.964583333333138, 35.068749999999476 ], [ 72.960416666666418, 35.068749999999476 ], [ 72.952083333333093, 35.060416666666107 ] ] ] } },
{ "type": "Feature", "properties": { "HYRIV_ID": 40511318, "NEXT_DOWN": 40511653, "MAIN_RIV": 41023100, "LENGTH_KM": 1.52, "DIST_DN_KM": 1944.2, "DIST_UP_KM": 1408.7, "CATCH_SKM": 4.39, "UPLAND_SKM": 190923.0, "ENDORHEIC": 0, "DIS_AV_CMS": 1288.62, "ORD_STRA": 8, "ORD_CLAS": 1, "ORD_FLOW": 3, "HYBAS_L12": 4120613740 }, "geometry": { "type": "MultiLineString", "coordinates": [ [ [ 72.952083333333093, 35.060416666666107 ], [ 72.952083333333093, 35.056249999999459 ], [ 72.956249999999756, 35.052083333332753 ], [ 72.956249999999756, 35.04791666666609 ] ] ] } },
{ "type": "Feature", "properties": { "HYRIV_ID": 40511653, "NEXT_DOWN": 40511807, "MAIN_RIV": 41023100, "LENGTH_KM": 1.58, "DIST_DN_KM": 1942.8, "DIST_UP_KM": 1410.1, "CATCH_SKM": 2.11, "UPLAND_SKM": 190980.8, "ENDORHEIC": 0, "DIS_AV_CMS": 1291.303, "ORD_STRA": 8, "ORD_CLAS": 1, "ORD_FLOW": 3, "HYBAS_L12": 4120613740 }, "geometry": { "type": "MultiLineString", "coordinates": [ [ [ 72.956249999999756, 35.04791666666609 ], [ 72.952083333333093, 35.043749999999442 ], [ 72.94791666666643, 35.043749999999442 ], [ 72.943749999999767, 35.039583333332779 ] ] ] } },
{ "type": "Feature", "properties": { "HYRIV_ID": 40511806, "NEXT_DOWN": 40512546, "MAIN_RIV": 41023100, "LENGTH_KM": 3.47, "DIST_DN_KM": 1938.3, "DIST_UP_KM": 1414.5, "CATCH_SKM": 12.3, "UPLAND_SKM": 191006.0, "ENDORHEIC": 0, "DIS_AV_CMS": 1294.902, "ORD_STRA": 8, "ORD_CLAS": 1, "ORD_FLOW": 3, "HYBAS_L12": 4120613740 }, "geometry": { "type": "MultiLineString", "coordinates": [ [ [ 72.935416666666384, 35.035416666666116 ], [ 72.918749999999733, 35.035416666666116 ], [ 72.91458333333307, 35.039583333332779 ], [ 72.906249999999744, 35.039583333332779 ], [ 72.902083333333081, 35.035416666666116 ] ] ] } },
{ "type": "Feature", "properties": { "HYRIV_ID": 40511807, "NEXT_DOWN": 40511806, "MAIN_RIV": 41023100, "LENGTH_KM": 0.98, "DIST_DN_KM": 1941.8, "DIST_UP_KM": 1411.1, "CATCH_SKM": 2.29, "UPLAND_SKM": 190990.3, "ENDORHEIC": 0, "DIS_AV_CMS": 1292.164, "ORD_STRA": 8, "ORD_CLAS": 1, "ORD_FLOW": 3, "HYBAS_L12": 4120613740 }, "geometry": { "type": "MultiLineString", "coordinates": [ [ [ 72.943749999999767, 35.039583333332779 ], [ 72.939583333333104, 35.039583333332779 ], [ 72.935416666666384, 35.035416666666116 ] ] ] } },
{ "type": "Feature", "properties": { "HYRIV_ID": 40512546, "NEXT_DOWN": 40512900, "MAIN_RIV": 41023100, "LENGTH_KM": 2.99, "DIST_DN_KM": 1935.3, "DIST_UP_KM": 1417.5, "CATCH_SKM": 8.09, "UPLAND_SKM": 191518.9, "ENDORHEIC": 0, "DIS_AV_CMS": 1311.655, "ORD_STRA": 8, "ORD_CLAS": 1, "ORD_FLOW": 3, "HYBAS_L12": 4120616950 }, "geometry": { "type": "MultiLineString", "coordinates": [ [ [ 72.902083333333081, 35.035416666666116 ], [ 72.885416666666544, 35.018749999999436 ], [ 72.889583333333206, 35.014583333332787 ] ] ] } },
{ "type": "Feature", "properties": { "HYRIV_ID": 40512900, "NEXT_DOWN": 40514344, "MAIN_RIV": 41023100, "LENGTH_KM": 1.2, "DIST_DN_KM": 1934.2, "DIST_UP_KM": 1418.7, "CATCH_SKM": 2.29, "UPLAND_SKM": 191550.7, "ENDORHEIC": 0, "DIS_AV_CMS": 1313.255, "ORD_STRA": 8, "ORD_CLAS": 1, "ORD_FLOW": 3, "HYBAS_L12": 4120616950 }, "geometry": { "type": "MultiLineString", "coordinates": [ [ [ 72.889583333333206, 35.014583333332787 ], [ 72.897916666666418, 35.006249999999461 ] ] ] } },
{ "type": "Feature", "properties": { "HYRIV_ID": 40514344, "NEXT_DOWN": 40515109, "MAIN_RIV": 41023100, "LENGTH_KM": 5.61, "DIST_DN_KM": 1928.4, "DIST_UP_KM": 1424.5, "CATCH_SKM": 18.99, "UPLAND_SKM": 191573.6, "ENDORHEIC": 0, "DIS_AV_CMS": 1317.305, "ORD_STRA": 8, "ORD_CLAS": 1, "ORD_FLOW": 3, "HYBAS_L12": 4120616950 }, "geometry": { "type": "MultiLineString", "coordinates": [ [ [ 72.897916666666418, 35.006249999999461 ], [ 72.902083333333081, 35.006249999999461 ], [ 72.906249999999744, 35.00208333333277 ], [ 72.910416666666407, 35.00208333333277 ], [ 72.91458333333307, 34.997916666666107 ], [ 72.910416666666407, 34.993749999999444 ], [ 72.910416666666407, 34.98541666666609 ], [ 72.906249999999744, 34.981249999999427 ], [ 72.906249999999744, 34.977083333332779 ], [ 72.902083333333081, 34.972916666666116 ], [ 72.902083333333081, 34.96874999999941 ] ] ] } },
{ "type": "Feature", "properties": { "HYRIV_ID": 40515109, "NEXT_DOWN": 40515673, "MAIN_RIV": 41023100, "LENGTH_KM": 3.1, "DIST_DN_KM": 1925.4, "DIST_UP_KM": 1427.4, "CATCH_SKM": 10.38, "UPLAND_SKM": 191617.9, "ENDORHEIC": 0, "DIS_AV_CMS": 1320.635, "ORD_STRA": 8, "ORD_CLAS": 1, "ORD_FLOW": 3, "HYBAS_L12": 4120616950 }, "geometry": { "type": "MultiLineString", "coordinates": [ [ [ 72.902083333333081, 34.96874999999941 ], [ 72.902083333333081, 34.960416666666099 ], [ 72.897916666666418, 34.956249999999436 ], [ 72.893749999999756, 34.956249999999436 ], [ 72.885416666666544, 34.947916666666124 ] ] ] } },
{ "type": "Feature", "properties": { "HYRIV_ID": 40515673, "NEXT_DOWN": 40516696, "MAIN_RIV": 41023100, "LENGTH_KM": 1.99, "DIST_DN_KM": 1923.3, "DIST_UP_KM": 1429.6, "CATCH_SKM": 4.4, "UPLAND_SKM": 191634.1, "ENDORHEIC": 0, "DIS_AV_CMS": 1322.415, "ORD_STRA": 8, "ORD_CLAS": 1, "ORD_FLOW": 3, "HYBAS_L12": 4120616950 }, "geometry": { "type": "MultiLineString", "coordinates": [ [ [ 72.885416666666544, 34.947916666666124 ], [ 72.88124999999971, 34.943749999999461 ], [ 72.88124999999971, 34.931249999999444 ] ] ] } },
{ "type": "Feature", "properties": { "HYRIV_ID": 40516696, "NEXT_DOWN": 40517188, "MAIN_RIV": 41023100, "LENGTH_KM": 3.79, "DIST_DN_KM": 1919.7, "DIST_UP_KM": 1433.2, "CATCH_SKM": 9.86, "UPLAND_SKM": 192320.0, "ENDORHEIC": 0, "DIS_AV_CMS": 1347.298, "ORD_STRA": 8, "ORD_CLAS": 1, "ORD_FLOW": 3, "HYBAS_L12": 4120618550 }, "geometry": { "type": "MultiLineString", "coordinates": [ [ [ 72.88124999999971, 34.931249999999444 ], [ 72.88124999999971, 34.922916666666133 ], [ 72.872916666666384, 34.914583333332764 ], [ 72.872916666666384, 34.910416666666116 ], [ 72.864583333333059, 34.90208333333279 ] ] ] } },
{ "type": "Feature", "properties": { "HYRIV_ID": 40517188, "NEXT_DOWN": 40517189, "MAIN_RIV": 41023100, "LENGTH_KM": 1.53, "DIST_DN_KM": 1918.1, "DIST_UP_KM": 1434.8, "CATCH_SKM": 5.81, "UPLAND_SKM": 192329.5, "ENDORHEIC": 0, "DIS_AV_CMS": 1348.568, "ORD_STRA": 8, "ORD_CLAS": 1, "ORD_FLOW": 3, "HYBAS_L12": 4120618550 }, "geometry": { "type": "MultiLineString", "coordinates": [ [ [ 72.864583333333059, 34.90208333333279 ], [ 72.864583333333059, 34.893749999999436 ], [ 72.868749999999835, 34.889583333332773 ] ] ] } },
{ "type": "Feature", "properties": { "HYRIV_ID": 40517189, "NEXT_DOWN": 40517340, "MAIN_RIV": 41023100, "LENGTH_KM": 0.38, "DIST_DN_KM": 1917.5, "DIST_UP_KM": 1435.3, "CATCH_SKM": 0.18, "UPLAND_SKM": 192342.9, "ENDORHEIC": 0, "DIS_AV_CMS": 1349.343, "ORD_STRA": 8, "ORD_CLAS": 1, "ORD_FLOW": 3, "HYBAS_L12": 4120618550 }, "geometry": { "type": "MultiLineString", "coordinates": [ [ [ 72.868749999999835, 34.889583333332773 ], [ 72.872916666666384, 34.889583333332773 ] ] ] } },
{ "type": "Feature", "properties": { "HYRIV_ID": 40517340, "NEXT_DOWN": 40517635, "MAIN_RIV": 41023100, "LENGTH_KM": 1.36, "DIST_DN_KM": 1916.2, "DIST_UP_KM": 1436.7, "CATCH_SKM": 2.64, "UPLAND_SKM": 192797.2, "ENDORHEIC": 0, "DIS_AV_CMS": 1367.333, "ORD_STRA": 8, "ORD_CLAS": 1, "ORD_FLOW": 3, "HYBAS_L12": 4120622060 }, "geometry": { "type": "MultiLineString", "coordinates": [ [ [ 72.872916666666384, 34.889583333332773 ], [ 72.877083333333161, 34.885416666666124 ], [ 72.885416666666544, 34.885416666666124 ] ] ] } },
{ "type": "Feature", "properties": { "HYRIV_ID": 40517635, "NEXT_DOWN": 40518499, "MAIN_RIV": 41023100, "LENGTH_KM": 2.72, "DIST_DN_KM": 1913.7, "DIST_UP_KM": 1439.2, "CATCH_SKM": 4.4, "UPLAND_SKM": 192813.7, "ENDORHEIC": 0, "DIS_AV_CMS": 1369.824, "ORD_STRA": 8, "ORD_CLAS": 1, "ORD_FLOW": 3, "HYBAS_L12": 4120622060 }, "geometry": { "type": "MultiLineString", "coordinates": [ [ [ 72.885416666666544, 34.885416666666124 ], [ 72.889583333333206, 34.885416666666124 ], [ 72.893749999999756, 34.881249999999461 ], [ 72.906249999999744, 34.881249999999461 ], [ 72.910416666666407, 34.877083333332756 ] ] ] } },
{ "type": "Feature", "properties": { "HYRIV_ID": 40518499, "NEXT_DOWN": 40519423, "MAIN_RIV": 41023100, "LENGTH_KM": 7.02, "DIST_DN_KM": 1906.5, "DIST_UP_KM": 1446.3, "CATCH_SKM": 28.71, "UPLAND_SKM": 192851.6, "ENDORHEIC": 0, "DIS_AV_CMS": 1375.941, "ORD_STRA": 8, "ORD_CLAS": 1, "ORD_FLOW": 3, "HYBAS_L12": 4120622060 }, "geometry": { "type": "MultiLineString", "coordinates": [ [ [ 72.910416666666407, 34.877083333332756 ], [ 72.91458333333307, 34.877083333332756 ], [ 72.918749999999733, 34.872916666666107 ], [ 72.927083333333059, 34.872916666666107 ], [ 72.931249999999778, 34.868749999999444 ], [ 72.94791666666643, 34.868749999999444 ], [ 72.960416666666418, 34.856249999999427 ], [ 72.964583333333138, 34.856249999999427 ], [ 72.968749999999801, 34.852083333332764 ], [ 72.972916666666464, 34.852083333332764 ] ] ] } },
{ "type": "Feature", "properties": { "HYRIV_ID": 40519423, "NEXT_DOWN": 40519585, "MAIN_RIV": 41023100, "LENGTH_KM": 5.09, "DIST_DN_KM": 1901.5, "DIST_UP_KM": 1451.4, "CATCH_SKM": 15.33, "UPLAND_SKM": 192870.8, "ENDORHEIC": 0, "DIS_AV_CMS": 1391.125, "ORD_STRA": 8, "ORD_CLAS": 1, "ORD_FLOW": 3, "HYBAS_L12": 4120622060 }, "geometry": { "type": "MultiLineString", "coordinates": [ [ [ 72.972916666666464, 34.852083333332764 ], [ 72.977083333333127, 34.847916666666116 ], [ 72.997916666666384, 34.847916666666116 ], [ 73.002083333333161, 34.843749999999453 ], [ 73.002083333333161, 34.835416666666127 ], [ 73.00624999999971, 34.831249999999478 ], [ 73.00624999999971, 34.827083333332773 ] ] ] } },
{ "type": "Feature", "properties": { "HYRIV_ID": 40519585, "NEXT_DOWN": 40519921, "MAIN_RIV": 41023100, "LENGTH_KM": 0.6, "DIST_DN_KM": 1901.0, "DIST_UP_KM": 1451.8, "CATCH_SKM": 0.7, "UPLAND_SKM": 192880.7, "ENDORHEIC": 0, "DIS_AV_CMS": 1394.552, "ORD_STRA": 8, "ORD_CLAS": 1, "ORD_FLOW": 3, "HYBAS_L12": 4120622060 }, "geometry": { "type": "MultiLineString", "coordinates": [ [ [ 73.00624999999971, 34.827083333332773 ], [ 73.002083333333161, 34.82291666666611 ] ] ] } },
{ "type": "Feature", "properties": { "HYRIV_ID": 40519920, "NEXT_DOWN": 40520220, "MAIN_RIV": 41023100, "LENGTH_KM": 1.52, "DIST_DN_KM": 1898.1, "DIST_UP_KM": 1454.8, "CATCH_SKM": 4.58, "UPLAND_SKM": 192902.2, "ENDORHEIC": 0, "DIS_AV_CMS": 1400.003, "ORD_STRA": 8, "ORD_CLAS": 1, "ORD_FLOW": 3, "HYBAS_L12": 4120622060 }, "geometry": { "type": "MultiLineString", "coordinates": [ [ [ 72.993749999999835, 34.814583333332799 ], [ 72.977083333333127, 34.814583333332799 ] ] ] } },
{ "type": "Feature", "properties": { "HYRIV_ID": 40519921, "NEXT_DOWN": 40519920, "MAIN_RIV": 41023100, "LENGTH_KM": 1.2, "DIST_DN_KM": 1899.8, "DIST_UP_KM": 1453.0, "CATCH_SKM": 2.47, "UPLAND_SKM": 192888.5, "ENDORHEIC": 0, "DIS_AV_CMS": 1398.223, "ORD_STRA": 8, "ORD_CLAS": 1, "ORD_FLOW": 3, "HYBAS_L12": 4120622060 }, "geometry": { "type": "MultiLineString", "coordinates": [ [ [ 73.002083333333161, 34.82291666666611 ], [ 72.993749999999835, 34.814583333332799 ] ] ] } },
{ "type": "Feature", "properties": { "HYRIV_ID": 40520218, "NEXT_DOWN": 40521316, "MAIN_RIV": 41023100, "LENGTH_KM": 0.76, "DIST_DN_KM": 1893.5, "DIST_UP_KM": 1459.4, "CATCH_SKM": 1.23, "UPLAND_SKM": 192929.3, "ENDORHEIC": 0, "DIS_AV_CMS": 1404.178, "ORD_STRA": 8, "ORD_CLAS": 1, "ORD_FLOW": 3, "HYBAS_L12": 4120622060 }, "geometry": { "type": "MultiLineString", "coordinates": [ [ [ 72.943749999999767, 34.806249999999444 ], [ 72.935416666666384, 34.806249999999444 ] ] ] } },
{ "type": "Feature", "properties": { "HYRIV_ID": 40520220, "NEXT_DOWN": 40520218, "MAIN_RIV": 41023100, "LENGTH_KM": 3.92, "DIST_DN_KM": 1894.2, "DIST_UP_KM": 1458.6, "CATCH_SKM": 13.22, "UPLAND_SKM": 192923.0, "ENDORHEIC": 0, "DIS_AV_CMS": 1403.313, "ORD_STRA": 8, "ORD_CLAS": 1, "ORD_FLOW": 3, "HYBAS_L12": 4120622060 }, "geometry": { "type": "MultiLineString", "coordinates": [ [ [ 72.977083333333127, 34.814583333332799 ], [ 72.972916666666464, 34.818749999999461 ], [ 72.968749999999801, 34.818749999999461 ], [ 72.960416666666418, 34.810416666666093 ], [ 72.956249999999756, 34.810416666666093 ], [ 72.952083333333093, 34.806249999999444 ], [ 72.943749999999767, 34.806249999999444 ] ] ] } },
{ "type": "Feature", "properties": { "HYRIV_ID": 40496719, "NEXT_DOWN": 40497528, "MAIN_RIV": 41023100, "LENGTH_KM": 2.77, "DIST_DN_KM": 2006.2, "DIST_UP_KM": 1346.7, "CATCH_SKM": 6.82, "UPLAND_SKM": 184869.1, "ENDORHEIC": 0, "DIS_AV_CMS": 1163.258, "ORD_STRA": 8, "ORD_CLAS": 1, "ORD_FLOW": 3, "HYBAS_L12": 4120600450 }, "geometry": { "type": "MultiLineString", "coordinates": [ [ [ 73.23124999999979, 35.44791666666611 ], [ 73.222916666666407, 35.439583333332784 ], [ 73.218749999999744, 35.439583333332784 ], [ 73.210416666666418, 35.43124999999943 ] ] ] } },
{ "type": "Feature", "properties": { "HYRIV_ID": 40497528, "NEXT_DOWN": 40497862, "MAIN_RIV": 41023100, "LENGTH_KM": 2.45, "DIST_DN_KM": 2003.6, "DIST_UP_KM": 1349.3, "CATCH_SKM": 3.32, "UPLAND_SKM": 187102.5, "ENDORHEIC": 0, "DIS_AV_CMS": 1198.361, "ORD_STRA": 8, "ORD_CLAS": 1, "ORD_FLOW": 3, "HYBAS_L12": 4121372430 }, "geometry": { "type": "MultiLineString", "coordinates": [ [ [ 73.210416666666418, 35.43124999999943 ], [ 73.206249999999756, 35.427083333332767 ], [ 73.206249999999756, 35.410416666666087 ] ] ] } },
{ "type": "Feature", "properties": { "HYRIV_ID": 40497862, "NEXT_DOWN": 40498447, "MAIN_RIV": 41023100, "LENGTH_KM": 1.06, "DIST_DN_KM": 2002.7, "DIST_UP_KM": 1350.2, "CATCH_SKM": 1.05, "UPLAND_SKM": 187131.4, "ENDORHEIC": 0, "DIS_AV_CMS": 1198.876, "ORD_STRA": 8, "ORD_CLAS": 1, "ORD_FLOW": 3, "HYBAS_L12": 4121372430 }, "geometry": { "type": "MultiLineString", "coordinates": [ [ [ 73.206249999999756, 35.410416666666087 ], [ 73.206249999999756, 35.406249999999481 ], [ 73.202083333333093, 35.402083333332776 ] ] ] } },
{ "type": "Feature", "properties": { "HYRIV_ID": 40498447, "NEXT_DOWN": 40500343, "MAIN_RIV": 41023100, "LENGTH_KM": 1.99, "DIST_DN_KM": 2000.5, "DIST_UP_KM": 1352.3, "CATCH_SKM": 5.95, "UPLAND_SKM": 187151.7, "ENDORHEIC": 0, "DIS_AV_CMS": 1199.235, "ORD_STRA": 8, "ORD_CLAS": 1, "ORD_FLOW": 3, "HYBAS_L12": 4121372430 }, "geometry": { "type": "MultiLineString", "coordinates": [ [ [ 73.202083333333093, 35.402083333332776 ], [ 73.19791666666643, 35.397916666666113 ], [ 73.19791666666643, 35.385416666666096 ] ] ] } },
{ "type": "Feature", "properties": { "HYRIV_ID": 40500343, "NEXT_DOWN": 40500999, "MAIN_RIV": 41023100, "LENGTH_KM": 6.1, "DIST_DN_KM": 1994.4, "DIST_UP_KM": 1358.5, "CATCH_SKM": 25.73, "UPLAND_SKM": 187227.7, "ENDORHEIC": 0, "DIS_AV_CMS": 1200.727, "ORD_STRA": 8, "ORD_CLAS": 1, "ORD_FLOW": 3, "HYBAS_L12": 4121372430 }, "geometry": { "type": "MultiLineString", "coordinates": [ [ [ 73.19791666666643, 35.385416666666096 ], [ 73.202083333333093, 35.381249999999447 ], [ 73.202083333333093, 35.36874999999943 ], [ 73.19791666666643, 35.364583333332767 ], [ 73.19791666666643, 35.360416666666104 ], [ 73.202083333333093, 35.356249999999456 ], [ 73.202083333333093, 35.34791666666613 ], [ 73.206249999999756, 35.343749999999439 ], [ 73.206249999999756, 35.335416666666113 ] ] ] } },
{ "type": "Feature", "properties": { "HYRIV_ID": 40482371, "NEXT_DOWN": 40482687, "MAIN_RIV": 41023100, "LENGTH_KM": 7.49, "DIST_DN_KM": 2216.4, "DIST_UP_KM": 1136.4, "CATCH_SKM": 37.76, "UPLAND_SKM": 144394.8, "ENDORHEIC": 0, "DIS_AV_CMS": 954.677, "ORD_STRA": 8, "ORD_CLAS": 1, "ORD_FLOW": 4, "HYBAS_L12": 4120590440 }, "geometry": { "type": "MultiLineString", "coordinates": [ [ [ 74.735416666666509, 35.852083333332779 ], [ 74.727083333333013, 35.852083333332779 ], [ 74.718749999999687, 35.843749999999453 ], [ 74.714583333333138, 35.843749999999453 ], [ 74.710416666666475, 35.839583333332762 ], [ 74.706249999999756, 35.839583333332762 ], [ 74.702083333333093, 35.835416666666099 ], [ 74.689583333333104, 35.835416666666099 ], [ 74.685416666666441, 35.831249999999436 ], [ 74.66458333333307, 35.831249999999436 ] ] ] } },
{ "type": "Feature", "properties": { "HYRIV_ID": 40482687, "NEXT_DOWN": 40485282, "MAIN_RIV": 41023100, "LENGTH_KM": 1.57, "DIST_DN_KM": 2215.1, "DIST_UP_KM": 1137.8, "CATCH_SKM": 4.35, "UPLAND_SKM": 144416.7, "ENDORHEIC": 0, "DIS_AV_CMS": 954.677, "ORD_STRA": 8, "ORD_CLAS": 1, "ORD_FLOW": 4, "HYBAS_L12": 4120590440 }, "geometry": { "type": "MultiLineString", "coordinates": [ [ [ 74.66458333333307, 35.831249999999436 ], [ 74.660416666666407, 35.82708333333273 ], [ 74.656249999999687, 35.82708333333273 ], [ 74.652083333333081, 35.822916666666082 ] ] ] } },
{ "type": "Feature", "properties": { "HYRIV_ID": 40485282, "NEXT_DOWN": 40487323, "MAIN_RIV": 41023100, "LENGTH_KM": 13.17, "DIST_DN_KM": 2201.7, "DIST_UP_KM": 1151.1, "CATCH_SKM": 59.91, "UPLAND_SKM": 144497.9, "ENDORHEIC": 0, "DIS_AV_CMS": 954.215, "ORD_STRA": 8, "ORD_CLAS": 1, "ORD_FLOW": 4, "HYBAS_L12": 4120590440 }, "geometry": { "type": "MultiLineString", "coordinates": [ [ [ 74.652083333333081, 35.822916666666082 ], [ 74.647916666666362, 35.818749999999461 ], [ 74.647916666666362, 35.814583333332756 ], [ 74.643749999999699, 35.810416666666107 ], [ 74.639583333333036, 35.810416666666107 ], [ 74.63124999999971, 35.802083333332781 ], [ 74.63124999999971, 35.797916666666133 ], [ 74.622916666666384, 35.789583333332764 ], [ 74.622916666666384, 35.785416666666116 ], [ 74.627083333333047, 35.781249999999453 ], [ 74.63124999999971, 35.781249999999453 ], [ 74.635416666666373, 35.777083333332747 ], [ 74.647916666666362, 35.777083333332747 ], [ 74.652083333333081, 35.772916666666099 ], [ 74.652083333333081, 35.764583333332773 ], [ 74.647916666666362, 35.760416666666082 ], [ 74.647916666666362, 35.756249999999419 ], [ 74.639583333333036, 35.747916666666107 ], [ 74.635416666666373, 35.747916666666107 ], [ 74.63124999999971, 35.743749999999444 ], [ 74.627083333333047, 35.743749999999444 ] ] ] } },
{ "type": "Feature", "properties": { "HYRIV_ID": 40487323, "NEXT_DOWN": 40487934, "MAIN_RIV": 41023100, "LENGTH_KM": 9.17, "DIST_DN_KM": 2192.6, "DIST_UP_KM": 1160.3, "CATCH_SKM": 45.66, "UPLAND_SKM": 171912.0, "ENDORHEIC": 0, "DIS_AV_CMS": 1035.518, "ORD_STRA": 8, "ORD_CLAS": 1, "ORD_FLOW": 3, "HYBAS_L12": 4120592910 }, "geometry": { "type": "MultiLineString", "coordinates": [ [ [ 74.627083333333047, 35.743749999999444 ], [ 74.622916666666384, 35.739583333332781 ], [ 74.627083333333047, 35.735416666666076 ], [ 74.622916666666384, 35.731249999999427 ], [ 74.622916666666384, 35.727083333332764 ], [ 74.635416666666373, 35.71458333333279 ], [ 74.643749999999699, 35.71458333333279 ], [ 74.652083333333081, 35.706249999999436 ], [ 74.643749999999699, 35.697916666666067 ], [ 74.643749999999699, 35.693749999999461 ], [ 74.639583333333036, 35.689583333332756 ], [ 74.639583333333036, 35.681249999999444 ] ] ] } },
{ "type": "Feature", "properties": { "HYRIV_ID": 40487934, "NEXT_DOWN": 40488726, "MAIN_RIV": 41023100, "LENGTH_KM": 2.87, "DIST_DN_KM": 2189.7, "DIST_UP_KM": 1163.2, "CATCH_SKM": 15.35, "UPLAND_SKM": 171947.5, "ENDORHEIC": 0, "DIS_AV_CMS": 1035.526, "ORD_STRA": 8, "ORD_CLAS": 1, "ORD_FLOW": 3, "HYBAS_L12": 4120592910 }, "geometry": { "type": "MultiLineString", "coordinates": [ [ [ 74.639583333333036, 35.681249999999444 ], [ 74.639583333333036, 35.672916666666119 ], [ 74.635416666666373, 35.668749999999427 ], [ 74.63124999999971, 35.668749999999427 ], [ 74.627083333333047, 35.664583333332764 ], [ 74.622916666666384, 35.664583333332764 ] ] ] } },
{ "type": "Feature", "properties": { "HYRIV_ID": 40488726, "NEXT_DOWN": 40491139, "MAIN_RIV": 41023100, "LENGTH_KM": 2.72, "DIST_DN_KM": 2187.2, "DIST_UP_KM": 1165.7, "CATCH_SKM": 9.24, "UPLAND_SKM": 172780.6, "ENDORHEIC": 0, "DIS_AV_CMS": 1039.664, "ORD_STRA": 8, "ORD_CLAS": 1, "ORD_FLOW": 3, "HYBAS_L12": 4120595920 }, "geometry": { "type": "MultiLineString", "coordinates": [ [ [ 74.622916666666384, 35.664583333332764 ], [ 74.614583333333059, 35.656249999999453 ], [ 74.614583333333059, 35.647916666666127 ], [ 74.618749999999721, 35.643749999999436 ] ] ] } },
{ "type": "Feature", "properties": { "HYRIV_ID": 40491139, "NEXT_DOWN": 40491470, "MAIN_RIV": 41023100, "LENGTH_KM": 9.64, "DIST_DN_KM": 2177.3, "DIST_UP_KM": 1175.5, "CATCH_SKM": 55.67, "UPLAND_SKM": 172887.7, "ENDORHEIC": 0, "DIS_AV_CMS": 1039.759, "ORD_STRA": 8, "ORD_CLAS": 1, "ORD_FLOW": 3, "HYBAS_L12": 4120595920 }, "geometry": { "type": "MultiLineString", "coordinates": [ [ [ 74.618749999999721, 35.643749999999436 ], [ 74.618749999999721, 35.639583333332773 ], [ 74.614583333333059, 35.63541666666611 ], [ 74.614583333333059, 35.631249999999405 ], [ 74.610416666666509, 35.627083333332799 ], [ 74.614583333333059, 35.622916666666093 ], [ 74.618749999999721, 35.622916666666093 ], [ 74.635416666666373, 35.606249999999456 ], [ 74.635416666666373, 35.602083333332764 ], [ 74.627083333333047, 35.593749999999439 ], [ 74.627083333333047, 35.58958333333279 ], [ 74.63124999999971, 35.585416666666127 ], [ 74.635416666666373, 35.585416666666127 ], [ 74.639583333333036, 35.581249999999422 ], [ 74.639583333333036, 35.577083333332773 ] ] ] } },
{ "type": "Feature", "properties": { "HYRIV_ID": 40491470, "NEXT_DOWN": 40491814, "MAIN_RIV": 41023100, "LENGTH_KM": 1.06, "DIST_DN_KM": 2176.3, "DIST_UP_KM": 1176.6, "CATCH_SKM": 1.57, "UPLAND_SKM": 172909.2, "ENDORHEIC": 0, "DIS_AV_CMS": 1039.844, "ORD_STRA": 8, "ORD_CLAS": 1, "ORD_FLOW": 3, "HYBAS_L12": 4120595920 }, "geometry": { "type": "MultiLineString", "coordinates": [ [ [ 74.639583333333036, 35.577083333332773 ], [ 74.643749999999699, 35.57291666666611 ], [ 74.643749999999699, 35.568749999999447 ] ] ] } },
{ "type": "Feature", "properties": { "HYRIV_ID": 40491814, "NEXT_DOWN": 40493498, "MAIN_RIV": 41023100, "LENGTH_KM": 1.95, "DIST_DN_KM": 2174.5, "DIST_UP_KM": 1178.4, "CATCH_SKM": 6.11, "UPLAND_SKM": 176906.8, "ENDORHEIC": 0, "DIS_AV_CMS": 1096.837, "ORD_STRA": 8, "ORD_CLAS": 1, "ORD_FLOW": 3, "HYBAS_L12": 4120598640 }, "geometry": { "type": "MultiLineString", "coordinates": [ [ [ 74.643749999999699, 35.568749999999447 ], [ 74.639583333333036, 35.564583333332756 ], [ 74.63124999999971, 35.564583333332756 ], [ 74.627083333333047, 35.560416666666093 ] ] ] } },
{ "type": "Feature", "properties": { "HYRIV_ID": 40492559, "NEXT_DOWN": 40493004, "MAIN_RIV": 41023100, "LENGTH_KM": 1.89, "DIST_DN_KM": 2048.2, "DIST_UP_KM": 1304.7, "CATCH_SKM": 3.32, "UPLAND_SKM": 182436.3, "ENDORHEIC": 0, "DIS_AV_CMS": 1142.432, "ORD_STRA": 8, "ORD_CLAS": 1, "ORD_FLOW": 3, "HYBAS_L12": 4120596980 }, "geometry": { "type": "MultiLineString", "coordinates": [ [ [ 73.60208333333307, 35.539583333332764 ], [ 73.581249999999756, 35.539583333332764 ] ] ] } },
{ "type": "Feature", "properties": { "HYRIV_ID": 40492832, "NEXT_DOWN": 40493335, "MAIN_RIV": 41023100, "LENGTH_KM": 0.6, "DIST_DN_KM": 2039.5, "DIST_UP_KM": 1313.4, "CATCH_SKM": 0.17, "UPLAND_SKM": 184108.6, "ENDORHEIC": 0, "DIS_AV_CMS": 1153.606, "ORD_STRA": 8, "ORD_CLAS": 1, "ORD_FLOW": 3, "HYBAS_L12": 4120597730 }, "geometry": { "type": "MultiLineString", "coordinates": [ [ [ 73.510416666666487, 35.535416666666102 ], [ 73.506249999999767, 35.531249999999439 ] ] ] } },
{ "type": "Feature", "properties": { "HYRIV_ID": 40492833, "NEXT_DOWN": 40493005, "MAIN_RIV": 41023100, "LENGTH_KM": 0.75, "DIST_DN_KM": 2062.4, "DIST_UP_KM": 1290.5, "CATCH_SKM": 1.05, "UPLAND_SKM": 182052.5, "ENDORHEIC": 0, "DIS_AV_CMS": 1138.604, "ORD_STRA": 8, "ORD_CLAS": 1, "ORD_FLOW": 3, "HYBAS_L12": 4120596830 }, "geometry": { "type": "MultiLineString", "coordinates": [ [ [ 73.72708333333307, 35.531249999999439 ], [ 73.718749999999744, 35.531249999999439 ] ] ] } },
{ "type": "Feature", "properties": { "HYRIV_ID": 40493002, "NEXT_DOWN": 40492832, "MAIN_RIV": 41023100, "LENGTH_KM": 5.09, "DIST_DN_KM": 2039.9, "DIST_UP_KM": 1313.0, "CATCH_SKM": 19.39, "UPLAND_SKM": 183237.9, "ENDORHEIC": 0, "DIS_AV_CMS": 1147.384, "ORD_STRA": 8, "ORD_CLAS": 1, "ORD_FLOW": 3, "HYBAS_L12": 4120597080 }, "geometry": { "type": "MultiLineString", "coordinates": [ [ [ 73.552083333333059, 35.527083333332776 ], [ 73.547916666666396, 35.527083333332776 ], [ 73.539583333333184, 35.535416666666102 ], [ 73.535416666666521, 35.535416666666102 ], [ 73.527083333333138, 35.543749999999456 ], [ 73.522916666666475, 35.543749999999456 ], [ 73.51458333333315, 35.535416666666102 ], [ 73.510416666666487, 35.535416666666102 ] ] ] } },
{ "type": "Feature", "properties": { "HYRIV_ID": 40493003, "NEXT_DOWN": 40493002, "MAIN_RIV": 41023100, "LENGTH_KM": 0.38, "DIST_DN_KM": 2044.9, "DIST_UP_KM": 1307.9, "CATCH_SKM": 1.22, "UPLAND_SKM": 183176.4, "ENDORHEIC": 0, "DIS_AV_CMS": 1146.737, "ORD_STRA": 8, "ORD_CLAS": 1, "ORD_FLOW": 3, "HYBAS_L12": 4120597080 }, "geometry": { "type": "MultiLineString", "coordinates": [ [ [ 73.556249999999721, 35.527083333332776 ], [ 73.552083333333059, 35.527083333332776 ] ] ] } },
{ "type": "Feature", "properties": { "HYRIV_ID": 40493004, "NEXT_DOWN": 40493003, "MAIN_RIV": 41023100, "LENGTH_KM": 2.92, "DIST_DN_KM": 2045.5, "DIST_UP_KM": 1307.4, "CATCH_SKM": 7.86, "UPLAND_SKM": 183163.1, "ENDORHEIC": 0, "DIS_AV_CMS": 1146.607, "ORD_STRA": 8, "ORD_CLAS": 1, "ORD_FLOW": 3, "HYBAS_L12": 4120597080 }, "geometry": { "type": "MultiLineString", "coordinates": [ [ [ 73.581249999999756, 35.539583333332764 ], [ 73.57291666666643, 35.539583333332764 ], [ 73.564583333333218, 35.531249999999439 ], [ 73.560416666666384, 35.531249999999439 ], [ 73.556249999999721, 35.527083333332776 ] ] ] } },
{ "type": "Feature", "properties": { "HYRIV_ID": 40493005, "NEXT_DOWN": 40492559, "MAIN_RIV": 41023100, "LENGTH_KM": 12.32, "DIST_DN_KM": 2050.3, "DIST_UP_KM": 1302.6, "CATCH_SKM": 73.19, "UPLAND_SKM": 182192.3, "ENDORHEIC": 0, "DIS_AV_CMS": 1139.795, "ORD_STRA": 8, "ORD_CLAS": 1, "ORD_FLOW": 3, "HYBAS_L12": 4120596830 }, "geometry": { "type": "MultiLineString", "coordinates": [ [ [ 73.718749999999744, 35.531249999999439 ], [ 73.689583333333047, 35.531249999999439 ], [ 73.685416666666384, 35.527083333332776 ], [ 73.656249999999801, 35.527083333332776 ], [ 73.652083333333138, 35.531249999999439 ], [ 73.647916666666475, 35.531249999999439 ], [ 73.643749999999812, 35.535416666666102 ], [ 73.63541666666643, 35.535416666666102 ], [ 73.622916666666441, 35.547916666666119 ], [ 73.610416666666396, 35.547916666666119 ], [ 73.60208333333307, 35.539583333332764 ] ] ] } },
{ "type": "Feature", "properties": { "HYRIV_ID": 40493335, "NEXT_DOWN": 40493495, "MAIN_RIV": 41023100, "LENGTH_KM": 10.97, "DIST_DN_KM": 2028.4, "DIST_UP_KM": 1324.5, "CATCH_SKM": 74.06, "UPLAND_SKM": 184205.8, "ENDORHEIC": 0, "DIS_AV_CMS": 1154.631, "ORD_STRA": 8, "ORD_CLAS": 1, "ORD_FLOW": 3, "HYBAS_L12": 4120597730 }, "geometry": { "type": "MultiLineString", "coordinates": [ [ [ 73.506249999999767, 35.531249999999439 ], [ 73.493749999999778, 35.531249999999439 ], [ 73.485416666666453, 35.539583333332764 ], [ 73.472916666666407, 35.539583333332764 ], [ 73.468749999999744, 35.535416666666102 ], [ 73.456249999999756, 35.535416666666102 ], [ 73.452083333333036, 35.531249999999439 ], [ 73.431249999999721, 35.531249999999439 ], [ 73.427083333333059, 35.527083333332776 ], [ 73.418749999999733, 35.527083333332776 ], [ 73.41458333333307, 35.522916666666127 ], [ 73.410416666666521, 35.522916666666127 ], [ 73.406249999999858, 35.518749999999464 ], [ 73.402083333333138, 35.518749999999464 ] ] ] } },
{ "type": "Feature", "properties": { "HYRIV_ID": 40493336, "NEXT_DOWN": 40492833, "MAIN_RIV": 41023100, "LENGTH_KM": 6.32, "DIST_DN_KM": 2063.1, "DIST_UP_KM": 1289.8, "CATCH_SKM": 25.51, "UPLAND_SKM": 181930.7, "ENDORHEIC": 0, "DIS_AV_CMS": 1137.794, "ORD_STRA": 8, "ORD_CLAS": 1, "ORD_FLOW": 3, "HYBAS_L12": 4120597250 }, "geometry": { "type": "MultiLineString", "coordinates": [ [ [ 73.789583333333127, 35.518749999999464 ], [ 73.743749999999721, 35.518749999999464 ], [ 73.731249999999733, 35.531249999999439 ], [ 73.72708333333307, 35.531249999999439 ] ] ] } },
{ "type": "Feature", "properties": { "HYRIV_ID": 40493495, "NEXT_DOWN": 40493781, "MAIN_RIV": 41023100, "LENGTH_KM": 0.6, "DIST_DN_KM": 2028.0, "DIST_UP_KM": 1324.9, "CATCH_SKM": 2.62, "UPLAND_SKM": 184234.4, "ENDORHEIC": 0, "DIS_AV_CMS": 1154.939, "ORD_STRA": 8, "ORD_CLAS": 1, "ORD_FLOW": 3, "HYBAS_L12": 4120597730 }, "geometry": { "type": "MultiLineString", "coordinates": [ [ [ 73.402083333333138, 35.518749999999464 ], [ 73.397916666666475, 35.514583333332759 ] ] ] } },
{ "type": "Feature", "properties": { "HYRIV_ID": 40493498, "NEXT_DOWN": 40494285, "MAIN_RIV": 41023100, "LENGTH_KM": 6.04, "DIST_DN_KM": 2168.4, "DIST_UP_KM": 1184.4, "CATCH_SKM": 34.24, "UPLAND_SKM": 176959.4, "ENDORHEIC": 0, "DIS_AV_CMS": 1096.847, "ORD_STRA": 8, "ORD_CLAS": 1, "ORD_FLOW": 3, "HYBAS_L12": 4120598640 }, "geometry": { "type": "MultiLineString", "coordinates": [ [ [ 74.627083333333047, 35.560416666666093 ], [ 74.627083333333047, 35.55624999999943 ], [ 74.622916666666384, 35.552083333332781 ], [ 74.627083333333047, 35.547916666666119 ], [ 74.627083333333047, 35.543749999999456 ], [ 74.63124999999971, 35.539583333332764 ], [ 74.63124999999971, 35.531249999999439 ], [ 74.635416666666373, 35.527083333332776 ], [ 74.622916666666384, 35.514583333332759 ] ] ] } },
{ "type": "Feature", "properties": { "HYRIV_ID": 40493781, "NEXT_DOWN": 40493940, "MAIN_RIV": 41023100, "LENGTH_KM": 1.57, "DIST_DN_KM": 2026.4, "DIST_UP_KM": 1326.5, "CATCH_SKM": 3.84, "UPLAND_SKM": 184381.7, "ENDORHEIC": 0, "DIS_AV_CMS": 1156.865, "ORD_STRA": 8, "ORD_CLAS": 1, "ORD_FLOW": 3, "HYBAS_L12": 4120597990 }, "geometry": { "type": "MultiLineString", "coordinates": [ [ [ 73.397916666666475, 35.514583333332759 ], [ 73.393749999999812, 35.51041666666611 ], [ 73.389583333333036, 35.51041666666611 ], [ 73.385416666666487, 35.506249999999447 ] ] ] } },
{ "type": "Feature", "properties": { "HYRIV_ID": 40493940, "NEXT_DOWN": 40494282, "MAIN_RIV": 41023100, "LENGTH_KM": 6.47, "DIST_DN_KM": 2019.7, "DIST_UP_KM": 1333.1, "CATCH_SKM": 30.58, "UPLAND_SKM": 184535.4, "ENDORHEIC": 0, "DIS_AV_CMS": 1159.013, "ORD_STRA": 8, "ORD_CLAS": 1, "ORD_FLOW": 3, "HYBAS_L12": 4120598440 }, "geometry": { "type": "MultiLineString", "coordinates": [ [ [ 73.385416666666487, 35.506249999999447 ], [ 73.372916666666441, 35.506249999999447 ], [ 73.368749999999778, 35.502083333332784 ], [ 73.327083333333036, 35.502083333332784 ], [ 73.32291666666643, 35.506249999999447 ], [ 73.31874999999971, 35.506249999999447 ] ] ] } },
{ "type": "Feature", "properties": { "HYRIV_ID": 40494125, "NEXT_DOWN": 40493336, "MAIN_RIV": 41023100, "LENGTH_KM": 3.36, "DIST_DN_KM": 2069.6, "DIST_UP_KM": 1283.3, "CATCH_SKM": 9.96, "UPLAND_SKM": 181080.7, "ENDORHEIC": 0, "DIS_AV_CMS": 1133.393, "ORD_STRA": 8, "ORD_CLAS": 1, "ORD_FLOW": 3, "HYBAS_L12": 4120597880 }, "geometry": { "type": "MultiLineString", "coordinates": [ [ [ 73.814583333333047, 35.497916666666136 ], [ 73.797916666666509, 35.514583333332759 ], [ 73.79374999999979, 35.514583333332759 ], [ 73.789583333333127, 35.518749999999464 ] ] ] } },
{ "type": "Feature", "properties": { "HYRIV_ID": 40494282, "NEXT_DOWN": 40495453, "MAIN_RIV": 41023100, "LENGTH_KM": 2.55, "DIST_DN_KM": 2017.4, "DIST_UP_KM": 1335.5, "CATCH_SKM": 6.29, "UPLAND_SKM": 184555.8, "ENDORHEIC": 0, "DIS_AV_CMS": 1159.266, "ORD_STRA": 8, "ORD_CLAS": 1, "ORD_FLOW": 3, "HYBAS_L12": 4120598440 }, "geometry": { "type": "MultiLineString", "coordinates": [ [ [ 73.31874999999971, 35.506249999999447 ], [ 73.310416666666384, 35.506249999999447 ], [ 73.297916666666396, 35.49374999999943 ] ] ] } },
{ "type": "Feature", "properties": { "HYRIV_ID": 40494284, "NEXT_DOWN": 40494929, "MAIN_RIV": 41023100, "LENGTH_KM": 0.38, "DIST_DN_KM": 2164.6, "DIST_UP_KM": 1188.2, "CATCH_SKM": 0.87, "UPLAND_SKM": 177124.5, "ENDORHEIC": 0, "DIS_AV_CMS": 1098.435, "ORD_STRA": 8, "ORD_CLAS": 1, "ORD_FLOW": 3, "HYBAS_L12": 4120598630 }, "geometry": { "type": "MultiLineString", "coordinates": [ [ [ 74.602083333333127, 35.49374999999943 ], [ 74.597916666666464, 35.49374999999943 ] ] ] } },
{ "type": "Feature", "properties": { "HYRIV_ID": 40494285, "NEXT_DOWN": 40494284, "MAIN_RIV": 41023100, "LENGTH_KM": 3.23, "DIST_DN_KM": 2165.0, "DIST_UP_KM": 1187.9, "CATCH_SKM": 11.01, "UPLAND_SKM": 177005.5, "ENDORHEIC": 0, "DIS_AV_CMS": 1097.132, "ORD_STRA": 8, "ORD_CLAS": 1, "ORD_FLOW": 3, "HYBAS_L12": 4120598640 }, "geometry": { "type": "MultiLineString", "coordinates": [ [ [ 74.622916666666384, 35.514583333332759 ], [ 74.618749999999721, 35.51041666666611 ], [ 74.618749999999721, 35.506249999999447 ], [ 74.606249999999847, 35.49374999999943 ], [ 74.602083333333127, 35.49374999999943 ] ] ] } },
{ "type": "Feature", "properties": { "HYRIV_ID": 40494449, "NEXT_DOWN": 40494125, "MAIN_RIV": 41023100, "LENGTH_KM": 5.41, "DIST_DN_KM": 2073.0, "DIST_UP_KM": 1279.9, "CATCH_SKM": 20.27, "UPLAND_SKM": 181049.0, "ENDORHEIC": 0, "DIS_AV_CMS": 1133.143, "ORD_STRA": 8, "ORD_CLAS": 1, "ORD_FLOW": 3, "HYBAS_L12": 4120597880 }, "geometry": { "type": "MultiLineString", "coordinates": [ [ [ 73.864583333333059, 35.489583333332767 ], [ 73.860416666666396, 35.49374999999943 ], [ 73.839583333333081, 35.49374999999943 ], [ 73.835416666666362, 35.489583333332767 ], [ 73.822916666666544, 35.489583333332767 ], [ 73.814583333333047, 35.497916666666136 ] ] ] } },
{ "type": "Feature", "properties": { "HYRIV_ID": 40494585, "NEXT_DOWN": 40494449, "MAIN_RIV": 41023100, "LENGTH_KM": 1.73, "DIST_DN_KM": 2078.3, "DIST_UP_KM": 1274.5, "CATCH_SKM": 2.62, "UPLAND_SKM": 180587.9, "ENDORHEIC": 0, "DIS_AV_CMS": 1128.714, "ORD_STRA": 8, "ORD_CLAS": 1, "ORD_FLOW": 3, "HYBAS_L12": 4120599050 }, "geometry": { "type": "MultiLineString", "coordinates": [ [ [ 73.881249999999767, 35.485416666666119 ], [ 73.868749999999721, 35.485416666666119 ], [ 73.864583333333059, 35.489583333332767 ] ] ] } },
{ "type": "Feature", "properties": { "HYRIV_ID": 40494587, "NEXT_DOWN": 40494585, "MAIN_RIV": 41023100, "LENGTH_KM": 3.62, "DIST_DN_KM": 2079.9, "DIST_UP_KM": 1273.0, "CATCH_SKM": 12.59, "UPLAND_SKM": 180571.1, "ENDORHEIC": 0, "DIS_AV_CMS": 1128.596, "ORD_STRA": 8, "ORD_CLAS": 1, "ORD_FLOW": 3, "HYBAS_L12": 4120599050 }, "geometry": { "type": "MultiLineString", "coordinates": [ [ [ 73.91874999999979, 35.489583333332767 ], [ 73.893749999999756, 35.489583333332767 ], [ 73.889583333333093, 35.485416666666119 ], [ 73.881249999999767, 35.485416666666119 ] ] ] } },
{ "type": "Feature", "properties": { "HYRIV_ID": 40494588, "NEXT_DOWN": 40494587, "MAIN_RIV": 41023100, "LENGTH_KM": 4.97, "DIST_DN_KM": 2083.7, "DIST_UP_KM": 1269.2, "CATCH_SKM": 13.46, "UPLAND_SKM": 180481.3, "ENDORHEIC": 0, "DIS_AV_CMS": 1127.904, "ORD_STRA": 8, "ORD_CLAS": 1, "ORD_FLOW": 3, "HYBAS_L12": 4120599050 }, "geometry": { "type": "MultiLineString", "coordinates": [ [ [ 73.968749999999744, 35.489583333332767 ], [ 73.956249999999869, 35.489583333332767 ], [ 73.952083333333036, 35.485416666666119 ], [ 73.922916666666453, 35.485416666666119 ], [ 73.91874999999979, 35.489583333332767 ] ] ] } },
{ "type": "Feature", "properties": { "HYRIV_ID": 40494929, "NEXT_DOWN": 40495101, "MAIN_RIV": 41023100, "LENGTH_KM": 6.16, "DIST_DN_KM": 2158.5, "DIST_UP_KM": 1194.4, "CATCH_SKM": 34.96, "UPLAND_SKM": 177333.0, "ENDORHEIC": 0, "DIS_AV_CMS": 1100.679, "ORD_STRA": 8, "ORD_CLAS": 1, "ORD_FLOW": 3, "HYBAS_L12": 4121370610 }, "geometry": { "type": "MultiLineString", "coordinates": [ [ [ 74.597916666666464, 35.49374999999943 ], [ 74.585416666666475, 35.49374999999943 ], [ 74.581249999999812, 35.489583333332767 ], [ 74.577083333333093, 35.489583333332767 ], [ 74.57291666666643, 35.485416666666119 ], [ 74.568749999999767, 35.485416666666119 ], [ 74.560416666666441, 35.47708333333275 ], [ 74.53958333333307, 35.47708333333275 ] ] ] } },
{ "type": "Feature", "properties": { "HYRIV_ID": 40495100, "NEXT_DOWN": 40495288, "MAIN_RIV": 41023100, "LENGTH_KM": 2.92, "DIST_DN_KM": 2154.4, "DIST_UP_KM": 1198.4, "CATCH_SKM": 15.56, "UPLAND_SKM": 177412.5, "ENDORHEIC": 0, "DIS_AV_CMS": 1101.339, "ORD_STRA": 8, "ORD_CLAS": 1, "ORD_FLOW": 3, "HYBAS_L12": 4121370610 }, "geometry": { "type": "MultiLineString", "coordinates": [ [ [ 74.527083333333081, 35.472916666666102 ], [ 74.522916666666362, 35.472916666666102 ], [ 74.518749999999756, 35.47708333333275 ], [ 74.514583333333036, 35.47708333333275 ], [ 74.510416666666373, 35.481249999999456 ], [ 74.50624999999971, 35.481249999999456 ], [ 74.502083333333047, 35.485416666666119 ] ] ] } },
{ "type": "Feature", "properties": { "HYRIV_ID": 40495101, "NEXT_DOWN": 40495100, "MAIN_RIV": 41023100, "LENGTH_KM": 1.35, "DIST_DN_KM": 2157.1, "DIST_UP_KM": 1195.7, "CATCH_SKM": 2.8, "UPLAND_SKM": 177383.5, "ENDORHEIC": 0, "DIS_AV_CMS": 1101.074, "ORD_STRA": 8, "ORD_CLAS": 1, "ORD_FLOW": 3, "HYBAS_L12": 4121370610 }, "geometry": { "type": "MultiLineString", "coordinates": [ [ [ 74.53958333333307, 35.47708333333275 ], [ 74.535416666666407, 35.47708333333275 ], [ 74.531249999999744, 35.472916666666102 ], [ 74.527083333333081, 35.472916666666102 ] ] ] } },
{ "type": "Feature", "properties": { "HYRIV_ID": 40495288, "NEXT_DOWN": 40495943, "MAIN_RIV": 41023100, "LENGTH_KM": 3.15, "DIST_DN_KM": 2151.3, "DIST_UP_KM": 1201.6, "CATCH_SKM": 15.73, "UPLAND_SKM": 177453.7, "ENDORHEIC": 0, "DIS_AV_CMS": 1101.667, "ORD_STRA": 8, "ORD_CLAS": 1, "ORD_FLOW": 3, "HYBAS_L12": 4121371370 }, "geometry": { "type": "MultiLineString", "coordinates": [ [ [ 74.502083333333047, 35.485416666666119 ], [ 74.497916666666384, 35.485416666666119 ], [ 74.489583333333059, 35.47708333333275 ], [ 74.485416666666396, 35.47708333333275 ], [ 74.477083333333184, 35.468749999999439 ] ] ] } },
{ "type": "Feature", "properties": { "HYRIV_ID": 40495453, "NEXT_DOWN": 40495757, "MAIN_RIV": 41023100, "LENGTH_KM": 5.69, "DIST_DN_KM": 2011.5, "DIST_UP_KM": 1341.3, "CATCH_SKM": 21.15, "UPLAND_SKM": 184774.9, "ENDORHEIC": 0, "DIS_AV_CMS": 1161.786, "ORD_STRA": 8, "ORD_CLAS": 1, "ORD_FLOW": 3, "HYBAS_L12": 4120600450 }, "geometry": { "type": "MultiLineString", "coordinates": [ [ [ 73.297916666666396, 35.49374999999943 ], [ 73.281249999999858, 35.47708333333275 ], [ 73.277083333333195, 35.47708333333275 ], [ 73.264583333333036, 35.464583333332776 ], [ 73.252083333333161, 35.464583333332776 ] ] ] } },
{ "type": "Feature", "properties": { "HYRIV_ID": 40495757, "NEXT_DOWN": 40496115, "MAIN_RIV": 41023100, "LENGTH_KM": 1.57, "DIST_DN_KM": 2010.2, "DIST_UP_KM": 1342.7, "CATCH_SKM": 2.97, "UPLAND_SKM": 184800.2, "ENDORHEIC": 0, "DIS_AV_CMS": 1162.15, "ORD_STRA": 8, "ORD_CLAS": 1, "ORD_FLOW": 3, "HYBAS_L12": 4120600450 }, "geometry": { "type": "MultiLineString", "coordinates": [ [ [ 73.252083333333161, 35.464583333332776 ], [ 73.247916666666441, 35.460416666666127 ], [ 73.243749999999778, 35.460416666666127 ], [ 73.239583333333115, 35.456249999999464 ] ] ] } },
{ "type": "Feature", "properties": { "HYRIV_ID": 40495943, "NEXT_DOWN": 40496888, "MAIN_RIV": 41023100, "LENGTH_KM": 2.63, "DIST_DN_KM": 2148.7, "DIST_UP_KM": 1204.2, "CATCH_SKM": 12.24, "UPLAND_SKM": 177503.0, "ENDORHEIC": 0, "DIS_AV_CMS": 1102.044, "ORD_STRA": 8, "ORD_CLAS": 1, "ORD_FLOW": 3, "HYBAS_L12": 4121371370 }, "geometry": { "type": "MultiLineString", "coordinates": [ [ [ 74.477083333333184, 35.468749999999439 ], [ 74.472916666666464, 35.464583333332776 ], [ 74.472916666666464, 35.460416666666127 ], [ 74.468749999999687, 35.456249999999464 ], [ 74.464583333333138, 35.456249999999464 ], [ 74.460416666666362, 35.452083333332801 ] ] ] } },
{ "type": "Feature", "properties": { "HYRIV_ID": 40496115, "NEXT_DOWN": 40496719, "MAIN_RIV": 41023100, "LENGTH_KM": 1.2, "DIST_DN_KM": 2009.0, "DIST_UP_KM": 1343.9, "CATCH_SKM": 7.34, "UPLAND_SKM": 184824.2, "ENDORHEIC": 0, "DIS_AV_CMS": 1162.519, "ORD_STRA": 8, "ORD_CLAS": 1, "ORD_FLOW": 3, "HYBAS_L12": 4120600450 }, "geometry": { "type": "MultiLineString", "coordinates": [ [ [ 73.239583333333115, 35.456249999999464 ], [ 73.23124999999979, 35.44791666666611 ] ] ] } },
{ "type": "Feature", "properties": { "HYRIV_ID": 40496117, "NEXT_DOWN": 40494588, "MAIN_RIV": 41023100, "LENGTH_KM": 5.44, "DIST_DN_KM": 2088.6, "DIST_UP_KM": 1264.2, "CATCH_SKM": 22.73, "UPLAND_SKM": 180420.3, "ENDORHEIC": 0, "DIS_AV_CMS": 1127.498, "ORD_STRA": 8, "ORD_CLAS": 1, "ORD_FLOW": 3, "HYBAS_L12": 4120599050 }, "geometry": { "type": "MultiLineString", "coordinates": [ [ [ 73.985416666666396, 35.44791666666611 ], [ 73.972916666666407, 35.460416666666127 ], [ 73.972916666666407, 35.464583333332776 ], [ 73.968749999999744, 35.468749999999439 ], [ 73.968749999999744, 35.481249999999456 ], [ 73.972916666666407, 35.485416666666119 ], [ 73.968749999999744, 35.489583333332767 ] ] ] } },
{ "type": "Feature", "properties": { "HYRIV_ID": 40496722, "NEXT_DOWN": 40497713, "MAIN_RIV": 41023100, "LENGTH_KM": 1.35, "DIST_DN_KM": 2126.3, "DIST_UP_KM": 1226.6, "CATCH_SKM": 5.07, "UPLAND_SKM": 178755.3, "ENDORHEIC": 0, "DIS_AV_CMS": 1113.971, "ORD_STRA": 8, "ORD_CLAS": 1, "ORD_FLOW": 3, "HYBAS_L12": 4120601370 }, "geometry": { "type": "MultiLineString", "coordinates": [ [ [ 74.281249999999744, 35.43124999999943 ], [ 74.277083333333081, 35.435416666666093 ], [ 74.268749999999756, 35.435416666666093 ] ] ] } },
{ "type": "Feature", "properties": { "HYRIV_ID": 40496886, "NEXT_DOWN": 40497050, "MAIN_RIV": 41023100, "LENGTH_KM": 4.21, "DIST_DN_KM": 2105.1, "DIST_UP_KM": 1247.7, "CATCH_SKM": 27.11, "UPLAND_SKM": 180052.8, "ENDORHEIC": 0, "DIS_AV_CMS": 1125.05, "ORD_STRA": 8, "ORD_CLAS": 1, "ORD_FLOW": 3, "HYBAS_L12": 4120600220 }, "geometry": { "type": "MultiLineString", "coordinates": [ [ [ 74.114583333333059, 35.427083333332767 ], [ 74.110416666666396, 35.43124999999943 ], [ 74.106249999999733, 35.43124999999943 ], [ 74.10208333333307, 35.435416666666093 ], [ 74.072916666666487, 35.435416666666093 ] ] ] } },
{ "type": "Feature", "properties": { "HYRIV_ID": 40496888, "NEXT_DOWN": 40497203, "MAIN_RIV": 41023100, "LENGTH_KM": 3.83, "DIST_DN_KM": 2144.9, "DIST_UP_KM": 1208.0, "CATCH_SKM": 16.96, "UPLAND_SKM": 177568.6, "ENDORHEIC": 0, "DIS_AV_CMS": 1102.668, "ORD_STRA": 8, "ORD_CLAS": 1, "ORD_FLOW": 3, "HYBAS_L12": 4121371370 }, "geometry": { "type": "MultiLineString", "coordinates": [ [ [ 74.460416666666362, 35.452083333332801 ], [ 74.460416666666362, 35.44791666666611 ], [ 74.45208333333315, 35.439583333332784 ], [ 74.44791666666643, 35.439583333332784 ], [ 74.435416666666441, 35.427083333332767 ] ] ] } },
{ "type": "Feature", "properties": { "HYRIV_ID": 40497049, "NEXT_DOWN": 40496117, "MAIN_RIV": 41023100, "LENGTH_KM": 7.22, "DIST_DN_KM": 2094.1, "DIST_UP_KM": 1258.8, "CATCH_SKM": 26.76, "UPLAND_SKM": 180167.0, "ENDORHEIC": 0, "DIS_AV_CMS": 1125.949, "ORD_STRA": 8, "ORD_CLAS": 1, "ORD_FLOW": 3, "HYBAS_L12": 4120600220 }, "geometry": { "type": "MultiLineString", "coordinates": [ [ [ 74.035416666666464, 35.422916666666104 ], [ 74.022916666666418, 35.435416666666093 ], [ 74.022916666666418, 35.439583333332784 ], [ 74.018749999999756, 35.443749999999447 ], [ 74.018749999999756, 35.44791666666611 ], [ 74.014583333333093, 35.452083333332801 ], [ 74.006249999999767, 35.452083333332801 ], [ 73.997916666666384, 35.443749999999447 ], [ 73.989583333333059, 35.443749999999447 ], [ 73.985416666666396, 35.44791666666611 ] ] ] } },
{ "type": "Feature", "properties": { "HYRIV_ID": 40497050, "NEXT_DOWN": 40497049, "MAIN_RIV": 41023100, "LENGTH_KM": 4.06, "DIST_DN_KM": 2101.1, "DIST_UP_KM": 1251.8, "CATCH_SKM": 22.39, "UPLAND_SKM": 180093.7, "ENDORHEIC": 0, "DIS_AV_CMS": 1125.359, "ORD_STRA": 8, "ORD_CLAS": 1, "ORD_FLOW": 3, "HYBAS_L12": 4120600220 }, "geometry": { "type": "MultiLineString", "coordinates": [ [ [ 74.072916666666487, 35.435416666666093 ], [ 74.06874999999971, 35.43124999999943 ], [ 74.052083333333115, 35.43124999999943 ], [ 74.047916666666453, 35.427083333332767 ], [ 74.04374999999979, 35.427083333332767 ], [ 74.039583333333127, 35.422916666666104 ], [ 74.035416666666464, 35.422916666666104 ] ] ] } },
{ "type": "Feature", "properties": { "HYRIV_ID": 40497203, "NEXT_DOWN": 40497536, "MAIN_RIV": 41023100, "LENGTH_KM": 1.44, "DIST_DN_KM": 2143.2, "DIST_UP_KM": 1209.6, "CATCH_SKM": 6.12, "UPLAND_SKM": 177613.1, "ENDORHEIC": 0, "DIS_AV_CMS": 1103.024, "ORD_STRA": 8, "ORD_CLAS": 1, "ORD_FLOW": 3, "HYBAS_L12": 4121371520 }, "geometry": { "type": "MultiLineString", "coordinates": [ [ [ 74.435416666666441, 35.427083333332767 ], [ 74.435416666666441, 35.422916666666104 ], [ 74.431249999999778, 35.418749999999456 ], [ 74.427083333333115, 35.418749999999456 ] ] ] } },
{ "type": "Feature", "properties": { "HYRIV_ID": 40497529, "NEXT_DOWN": 40496886, "MAIN_RIV": 41023100, "LENGTH_KM": 3.52, "DIST_DN_KM": 2109.3, "DIST_UP_KM": 1243.5, "CATCH_SKM": 12.77, "UPLAND_SKM": 179755.4, "ENDORHEIC": 0, "DIS_AV_CMS": 1122.306, "ORD_STRA": 8, "ORD_CLAS": 1, "ORD_FLOW": 3, "HYBAS_L12": 4120600630 }, "geometry": { "type": "MultiLineString", "coordinates": [ [ [ 74.143749999999756, 35.410416666666087 ], [ 74.139583333333093, 35.410416666666087 ], [ 74.135416666666373, 35.414583333332793 ], [ 74.13124999999971, 35.414583333332793 ], [ 74.118749999999721, 35.427083333332767 ], [ 74.114583333333059, 35.427083333332767 ] ] ] } },
{ "type": "Feature", "properties": { "HYRIV_ID": 40497531, "NEXT_DOWN": 40497529, "MAIN_RIV": 41023100, "LENGTH_KM": 0.38, "DIST_DN_KM": 2112.8, "DIST_UP_KM": 1240.0, "CATCH_SKM": 1.23, "UPLAND_SKM": 179440.0, "ENDORHEIC": 0, "DIS_AV_CMS": 1120.351, "ORD_STRA": 8, "ORD_CLAS": 1, "ORD_FLOW": 3, "HYBAS_L12": 4120601210 }, "geometry": { "type": "MultiLineString", "coordinates": [ [ [ 74.147916666666418, 35.410416666666087 ], [ 74.143749999999756, 35.410416666666087 ] ] ] } },
{ "type": "Feature", "properties": { "HYRIV_ID": 40497532, "NEXT_DOWN": 40496722, "MAIN_RIV": 41023100, "LENGTH_KM": 4.88, "DIST_DN_KM": 2127.8, "DIST_UP_KM": 1225.0, "CATCH_SKM": 16.62, "UPLAND_SKM": 178593.2, "ENDORHEIC": 0, "DIS_AV_CMS": 1112.887, "ORD_STRA": 8, "ORD_CLAS": 1, "ORD_FLOW": 3, "HYBAS_L12": 4120600640 }, "geometry": { "type": "MultiLineString", "coordinates": [ [ [ 74.322916666666487, 35.410416666666087 ], [ 74.306249999999778, 35.410416666666087 ], [ 74.28958333333307, 35.427083333332767 ], [ 74.285416666666407, 35.427083333332767 ], [ 74.281249999999744, 35.43124999999943 ] ] ] } },
{ "type": "Feature", "properties": { "HYRIV_ID": 40497533, "NEXT_DOWN": 40497532, "MAIN_RIV": 41023100, "LENGTH_KM": 1.73, "DIST_DN_KM": 2132.5, "DIST_UP_KM": 1220.4, "CATCH_SKM": 10.67, "UPLAND_SKM": 177877.6, "ENDORHEIC": 0, "DIS_AV_CMS": 1105.407, "ORD_STRA": 8, "ORD_CLAS": 1, "ORD_FLOW": 3, "HYBAS_L12": 4120601220 }, "geometry": { "type": "MultiLineString", "coordinates": [ [ [ 74.339583333333138, 35.414583333332793 ], [ 74.335416666666362, 35.410416666666087 ], [ 74.322916666666487, 35.410416666666087 ] ] ] } },
{ "type": "Feature", "properties": { "HYRIV_ID": 40497534, "NEXT_DOWN": 40497533, "MAIN_RIV": 41023100, "LENGTH_KM": 2.49, "DIST_DN_KM": 2134.2, "DIST_UP_KM": 1218.6, "CATCH_SKM": 7.87, "UPLAND_SKM": 177795.1, "ENDORHEIC": 0, "DIS_AV_CMS": 1104.786, "ORD_STRA": 8, "ORD_CLAS": 1, "ORD_FLOW": 3, "HYBAS_L12": 4120601220 }, "geometry": { "type": "MultiLineString", "coordinates": [ [ [ 74.364583333333059, 35.410416666666087 ], [ 74.347916666666521, 35.410416666666087 ], [ 74.343749999999687, 35.414583333332793 ], [ 74.339583333333138, 35.414583333332793 ] ] ] } },
{ "type": "Feature", "properties": { "HYRIV_ID": 40497535, "NEXT_DOWN": 40497534, "MAIN_RIV": 41023100, "LENGTH_KM": 2.49, "DIST_DN_KM": 2136.7, "DIST_UP_KM": 1216.2, "CATCH_SKM": 8.4, "UPLAND_SKM": 177759.4, "ENDORHEIC": 0, "DIS_AV_CMS": 1104.466, "ORD_STRA": 8, "ORD_CLAS": 1, "ORD_FLOW": 3, "HYBAS_L12": 4120601220 }, "geometry": { "type": "MultiLineString", "coordinates": [ [ [ 74.389583333333036, 35.414583333332793 ], [ 74.38124999999971, 35.414583333332793 ], [ 74.377083333333047, 35.410416666666087 ], [ 74.364583333333059, 35.410416666666087 ] ] ] } },
{ "type": "Feature", "properties": { "HYRIV_ID": 40497536, "NEXT_DOWN": 40497535, "MAIN_RIV": 41023100, "LENGTH_KM": 4.06, "DIST_DN_KM": 2139.2, "DIST_UP_KM": 1213.7, "CATCH_SKM": 12.42, "UPLAND_SKM": 177706.1, "ENDORHEIC": 0, "DIS_AV_CMS": 1103.966, "ORD_STRA": 8, "ORD_CLAS": 1, "ORD_FLOW": 3, "HYBAS_L12": 4121371520 }, "geometry": { "type": "MultiLineString", "coordinates": [ [ [ 74.427083333333115, 35.418749999999456 ], [ 74.422916666666453, 35.418749999999456 ], [ 74.418749999999733, 35.414583333332793 ], [ 74.410416666666407, 35.414583333332793 ], [ 74.406249999999744, 35.410416666666087 ], [ 74.402083333333081, 35.414583333332793 ], [ 74.389583333333036, 35.414583333332793 ] ] ] } },
{ "type": "Feature", "properties": { "HYRIV_ID": 40497713, "NEXT_DOWN": 40497868, "MAIN_RIV": 41023100, "LENGTH_KM": 7.21, "DIST_DN_KM": 2119.1, "DIST_UP_KM": 1233.7, "CATCH_SKM": 42.34, "UPLAND_SKM": 178842.7, "ENDORHEIC": 0, "DIS_AV_CMS": 1114.626, "ORD_STRA": 8, "ORD_CLAS": 1, "ORD_FLOW": 3, "HYBAS_L12": 4120601370 }, "geometry": { "type": "MultiLineString", "coordinates": [ [ [ 74.268749999999756, 35.435416666666093 ], [ 74.252083333333104, 35.418749999999456 ], [ 74.247916666666384, 35.418749999999456 ], [ 74.243749999999721, 35.414583333332793 ], [ 74.235416666666396, 35.414583333332793 ], [ 74.231249999999733, 35.410416666666087 ], [ 74.222916666666407, 35.410416666666087 ], [ 74.218749999999687, 35.406249999999481 ], [ 74.206249999999812, 35.406249999999481 ] ] ] } },
{ "type": "Feature", "properties": { "HYRIV_ID": 40497867, "NEXT_DOWN": 40497531, "MAIN_RIV": 41023100, "LENGTH_KM": 4.22, "DIST_DN_KM": 2113.4, "DIST_UP_KM": 1239.5, "CATCH_SKM": 16.8, "UPLAND_SKM": 178923.3, "ENDORHEIC": 0, "DIS_AV_CMS": 1115.294, "ORD_STRA": 8, "ORD_CLAS": 1, "ORD_FLOW": 3, "HYBAS_L12": 4120601370 }, "geometry": { "type": "MultiLineString", "coordinates": [ [ [ 74.189583333333161, 35.402083333332776 ], [ 74.177083333333115, 35.402083333332776 ], [ 74.172916666666453, 35.406249999999481 ], [ 74.152083333333081, 35.406249999999481 ], [ 74.147916666666418, 35.410416666666087 ] ] ] } },
{ "type": "Feature", "properties": { "HYRIV_ID": 40497868, "NEXT_DOWN": 40497867, "MAIN_RIV": 41023100, "LENGTH_KM": 1.73, "DIST_DN_KM": 2117.4, "DIST_UP_KM": 1235.5, "CATCH_SKM": 9.45, "UPLAND_SKM": 178891.5, "ENDORHEIC": 0, "DIS_AV_CMS": 1115.035, "ORD_STRA": 8, "ORD_CLAS": 1, "ORD_FLOW": 3, "HYBAS_L12": 4120601370 }, "geometry": { "type": "MultiLineString", "coordinates": [ [ [ 74.206249999999812, 35.406249999999481 ], [ 74.202083333333036, 35.406249999999481 ], [ 74.197916666666373, 35.402083333332776 ], [ 74.189583333333161, 35.402083333332776 ] ] ] } },
{ "type": "Feature", "properties": { "HYRIV_ID": 40489027, "NEXT_DOWN": 40488584, "MAIN_RIV": 41023100, "LENGTH_KM": 2.54, "DIST_DN_KM": 2265.4, "DIST_UP_KM": 1087.4, "CATCH_SKM": 9.24, "UPLAND_SKM": 143255.5, "ENDORHEIC": 0, "DIS_AV_CMS": 952.007, "ORD_STRA": 8, "ORD_CLAS": 1, "ORD_FLOW": 4, "HYBAS_L12": 4121368340 }, "geometry": { "type": "MultiLineString", "coordinates": [ [ [ 74.956249999999756, 35.63541666666611 ], [ 74.952083333333093, 35.63541666666611 ], [ 74.94374999999971, 35.643749999999436 ], [ 74.939583333333047, 35.643749999999436 ], [ 74.935416666666384, 35.647916666666127 ] ] ] } },
{ "type": "Feature", "properties": { "HYRIV_ID": 40489197, "NEXT_DOWN": 40489344, "MAIN_RIV": 41023100, "LENGTH_KM": 3.83, "DIST_DN_KM": 2274.4, "DIST_UP_KM": 1078.4, "CATCH_SKM": 12.91, "UPLAND_SKM": 142781.8, "ENDORHEIC": 0, "DIS_AV_CMS": 951.088, "ORD_STRA": 8, "ORD_CLAS": 1, "ORD_FLOW": 4, "HYBAS_L12": 4120593760 }, "geometry": { "type": "MultiLineString", "coordinates": [ [ [ 75.060416666666384, 35.631249999999405 ], [ 75.056249999999721, 35.631249999999405 ], [ 75.052083333333059, 35.63541666666611 ], [ 75.031249999999687, 35.63541666666611 ], [ 75.027083333333195, 35.631249999999405 ], [ 75.022916666666362, 35.631249999999405 ] ] ] } },
{ "type": "Feature", "properties": { "HYRIV_ID": 40489343, "NEXT_DOWN": 40489027, "MAIN_RIV": 41023100, "LENGTH_KM": 4.58, "DIST_DN_KM": 2267.8, "DIST_UP_KM": 1085.1, "CATCH_SKM": 16.4, "UPLAND_SKM": 143234.6, "ENDORHEIC": 0, "DIS_AV_CMS": 952.015, "ORD_STRA": 8, "ORD_CLAS": 1, "ORD_FLOW": 4, "HYBAS_L12": 4121368340 }, "geometry": { "type": "MultiLineString", "coordinates": [ [ [ 75.002083333333161, 35.627083333332799 ], [ 74.985416666666453, 35.627083333332799 ], [ 74.98124999999979, 35.631249999999405 ], [ 74.972916666666464, 35.631249999999405 ], [ 74.968749999999744, 35.63541666666611 ], [ 74.956249999999756, 35.63541666666611 ] ] ] } },
{ "type": "Feature", "properties": { "HYRIV_ID": 40489344, "NEXT_DOWN": 40489343, "MAIN_RIV": 41023100, "LENGTH_KM": 2.1, "DIST_DN_KM": 2272.3, "DIST_UP_KM": 1080.5, "CATCH_SKM": 8.2, "UPLAND_SKM": 143139.1, "ENDORHEIC": 0, "DIS_AV_CMS": 951.813, "ORD_STRA": 8, "ORD_CLAS": 1, "ORD_FLOW": 4, "HYBAS_L12": 4121368340 }, "geometry": { "type": "MultiLineString", "coordinates": [ [ [ 75.022916666666362, 35.631249999999405 ], [ 75.018749999999699, 35.627083333332799 ], [ 75.002083333333161, 35.627083333332799 ] ] ] } },
{ "type": "Feature", "properties": { "HYRIV_ID": 40490048, "NEXT_DOWN": 40489197, "MAIN_RIV": 41023100, "LENGTH_KM": 3.05, "DIST_DN_KM": 2278.4, "DIST_UP_KM": 1074.4, "CATCH_SKM": 12.04, "UPLAND_SKM": 142703.7, "ENDORHEIC": 0, "DIS_AV_CMS": 953.017, "ORD_STRA": 8, "ORD_CLAS": 1, "ORD_FLOW": 4, "HYBAS_L12": 4120593760 }, "geometry": { "type": "MultiLineString", "coordinates": [ [ [ 75.06874999999971, 35.606249999999456 ], [ 75.06874999999971, 35.61874999999943 ], [ 75.064583333333047, 35.622916666666093 ], [ 75.064583333333047, 35.627083333332799 ], [ 75.060416666666384, 35.631249999999405 ] ] ] } },
{ "type": "Feature", "properties": { "HYRIV_ID": 40490352, "NEXT_DOWN": 40490516, "MAIN_RIV": 41023100, "LENGTH_KM": 1.73, "DIST_DN_KM": 2289.0, "DIST_UP_KM": 1063.8, "CATCH_SKM": 16.58, "UPLAND_SKM": 142368.9, "ENDORHEIC": 0, "DIS_AV_CMS": 956.567, "ORD_STRA": 8, "ORD_CLAS": 1, "ORD_FLOW": 4, "HYBAS_L12": 4120594700 }, "geometry": { "type": "MultiLineString", "coordinates": [ [ [ 75.156249999999687, 35.597916666666102 ], [ 75.152083333333195, 35.602083333332764 ], [ 75.139583333333036, 35.602083333332764 ] ] ] } },
{ "type": "Feature", "properties": { "HYRIV_ID": 40490516, "NEXT_DOWN": 40490048, "MAIN_RIV": 41023100, "LENGTH_KM": 7.75, "DIST_DN_KM": 2281.5, "DIST_UP_KM": 1071.4, "CATCH_SKM": 37.7, "UPLAND_SKM": 142600.2, "ENDORHEIC": 0, "DIS_AV_CMS": 953.749, "ORD_STRA": 8, "ORD_CLAS": 1, "ORD_FLOW": 4, "HYBAS_L12": 4120593760 }, "geometry": { "type": "MultiLineString", "coordinates": [ [ [ 75.139583333333036, 35.602083333332764 ], [ 75.110416666666339, 35.602083333332764 ], [ 75.10624999999979, 35.597916666666102 ], [ 75.089583333333081, 35.597916666666102 ], [ 75.085416666666418, 35.593749999999439 ], [ 75.077083333333093, 35.593749999999439 ], [ 75.072916666666373, 35.597916666666102 ], [ 75.072916666666373, 35.602083333332764 ], [ 75.06874999999971, 35.606249999999456 ] ] ] } },
{ "type": "Feature", "properties": { "HYRIV_ID": 40490518, "NEXT_DOWN": 40490696, "MAIN_RIV": 41023100, "LENGTH_KM": 1.35, "DIST_DN_KM": 2295.8, "DIST_UP_KM": 1057.1, "CATCH_SKM": 2.79, "UPLAND_SKM": 142267.0, "ENDORHEIC": 0, "DIS_AV_CMS": 959.872, "ORD_STRA": 8, "ORD_CLAS": 1, "ORD_FLOW": 4, "HYBAS_L12": 4120594700 }, "geometry": { "type": "MultiLineString", "coordinates": [ [ [ 75.214583333333081, 35.593749999999439 ], [ 75.210416666666418, 35.593749999999439 ], [ 75.206249999999756, 35.597916666666102 ], [ 75.202083333333036, 35.597916666666102 ] ] ] } },
{ "type": "Feature", "properties": { "HYRIV_ID": 40490520, "NEXT_DOWN": 40490518, "MAIN_RIV": 41023100, "LENGTH_KM": 0.75, "DIST_DN_KM": 2297.1, "DIST_UP_KM": 1055.8, "CATCH_SKM": 2.97, "UPLAND_SKM": 142248.6, "ENDORHEIC": 0, "DIS_AV_CMS": 960.56, "ORD_STRA": 8, "ORD_CLAS": 1, "ORD_FLOW": 4, "HYBAS_L12": 4120594700 }, "geometry": { "type": "MultiLineString", "coordinates": [ [ [ 75.222916666666407, 35.593749999999439 ], [ 75.214583333333081, 35.593749999999439 ] ] ] } },
{ "type": "Feature", "properties": { "HYRIV_ID": 40490695, "NEXT_DOWN": 40490352, "MAIN_RIV": 41023100, "LENGTH_KM": 3.46, "DIST_DN_KM": 2290.9, "DIST_UP_KM": 1061.9, "CATCH_SKM": 10.82, "UPLAND_SKM": 142342.0, "ENDORHEIC": 0, "DIS_AV_CMS": 957.454, "ORD_STRA": 8, "ORD_CLAS": 1, "ORD_FLOW": 4, "HYBAS_L12": 4120594700 }, "geometry": { "type": "MultiLineString", "coordinates": [ [ [ 75.189583333333047, 35.58958333333279 ], [ 75.177083333333059, 35.58958333333279 ], [ 75.172916666666339, 35.593749999999439 ], [ 75.160416666666407, 35.593749999999439 ], [ 75.156249999999687, 35.597916666666102 ] ] ] } },
{ "type": "Feature", "properties": { "HYRIV_ID": 40490696, "NEXT_DOWN": 40490695, "MAIN_RIV": 41023100, "LENGTH_KM": 1.57, "DIST_DN_KM": 2294.2, "DIST_UP_KM": 1058.7, "CATCH_SKM": 5.93, "UPLAND_SKM": 142297.3, "ENDORHEIC": 0, "DIS_AV_CMS": 959.273, "ORD_STRA": 8, "ORD_CLAS": 1, "ORD_FLOW": 4, "HYBAS_L12": 4120594700 }, "geometry": { "type": "MultiLineString", "coordinates": [ [ [ 75.202083333333036, 35.597916666666102 ], [ 75.19374999999971, 35.58958333333279 ], [ 75.189583333333047, 35.58958333333279 ] ] ] } },
{ "type": "Feature", "properties": { "HYRIV_ID": 40490999, "NEXT_DOWN": 40490520, "MAIN_RIV": 41023100, "LENGTH_KM": 8.79, "DIST_DN_KM": 2297.8, "DIST_UP_KM": 1055.0, "CATCH_SKM": 63.55, "UPLAND_SKM": 142135.9, "ENDORHEIC": 0, "DIS_AV_CMS": 960.123, "ORD_STRA": 8, "ORD_CLAS": 1, "ORD_FLOW": 4, "HYBAS_L12": 4120595060 }, "geometry": { "type": "MultiLineString", "coordinates": [ [ [ 75.310416666666384, 35.585416666666127 ], [ 75.289583333333013, 35.585416666666127 ], [ 75.285416666666521, 35.581249999999422 ], [ 75.272916666666362, 35.581249999999422 ], [ 75.268749999999699, 35.585416666666127 ], [ 75.256249999999767, 35.585416666666127 ], [ 75.252083333333104, 35.58958333333279 ], [ 75.239583333333115, 35.58958333333279 ], [ 75.235416666666453, 35.593749999999439 ], [ 75.222916666666407, 35.593749999999439 ] ] ] } },
{ "type": "Feature", "properties": { "HYRIV_ID": 40484468, "NEXT_DOWN": 40481942, "MAIN_RIV": 41023100, "LENGTH_KM": 10.02, "DIST_DN_KM": 2225.0, "DIST_UP_KM": 1127.9, "CATCH_SKM": 48.75, "UPLAND_SKM": 143827.4, "ENDORHEIC": 0, "DIS_AV_CMS": 952.846, "ORD_STRA": 8, "ORD_CLAS": 1, "ORD_FLOW": 4, "HYBAS_L12": 4120588070 }, "geometry": { "type": "MultiLineString", "coordinates": [ [ [ 74.760416666666373, 35.768749999999436 ], [ 74.743749999999721, 35.785416666666116 ], [ 74.735416666666509, 35.785416666666116 ], [ 74.73124999999979, 35.789583333332764 ], [ 74.73124999999979, 35.797916666666133 ], [ 74.739583333333172, 35.806249999999444 ], [ 74.739583333333172, 35.843749999999453 ] ] ] } },
{ "type": "Feature", "properties": { "HYRIV_ID": 40486201, "NEXT_DOWN": 40484468, "MAIN_RIV": 41023100, "LENGTH_KM": 7.2, "DIST_DN_KM": 2235.0, "DIST_UP_KM": 1117.8, "CATCH_SKM": 40.77, "UPLAND_SKM": 143708.0, "ENDORHEIC": 0, "DIS_AV_CMS": 952.883, "ORD_STRA": 8, "ORD_CLAS": 1, "ORD_FLOW": 4, "HYBAS_L12": 4121366700 }, "geometry": { "type": "MultiLineString", "coordinates": [ [ [ 74.747916666666384, 35.71458333333279 ], [ 74.739583333333172, 35.722916666666102 ], [ 74.739583333333172, 35.727083333332764 ], [ 74.743749999999721, 35.731249999999427 ], [ 74.743749999999721, 35.747916666666107 ], [ 74.747916666666384, 35.747916666666107 ], [ 74.760416666666373, 35.760416666666082 ], [ 74.760416666666373, 35.768749999999436 ] ] ] } },
{ "type": "Feature", "properties": { "HYRIV_ID": 40486330, "NEXT_DOWN": 40486201, "MAIN_RIV": 41023100, "LENGTH_KM": 4.74, "DIST_DN_KM": 2242.2, "DIST_UP_KM": 1110.7, "CATCH_SKM": 18.3, "UPLAND_SKM": 143643.9, "ENDORHEIC": 0, "DIS_AV_CMS": 952.961, "ORD_STRA": 8, "ORD_CLAS": 1, "ORD_FLOW": 4, "HYBAS_L12": 4121366700 }, "geometry": { "type": "MultiLineString", "coordinates": [ [ [ 74.797916666666396, 35.710416666666084 ], [ 74.793749999999733, 35.710416666666084 ], [ 74.78958333333307, 35.71458333333279 ], [ 74.747916666666384, 35.71458333333279 ] ] ] } },
{ "type": "Feature", "properties": { "HYRIV_ID": 40481942, "NEXT_DOWN": 40482371, "MAIN_RIV": 41023100, "LENGTH_KM": 1.06, "DIST_DN_KM": 2224.1, "DIST_UP_KM": 1128.8, "CATCH_SKM": 0.87, "UPLAND_SKM": 143858.0, "ENDORHEIC": 0, "DIS_AV_CMS": 952.93, "ORD_STRA": 8, "ORD_CLAS": 1, "ORD_FLOW": 4, "HYBAS_L12": 4120588070 }, "geometry": { "type": "MultiLineString", "coordinates": [ [ [ 74.739583333333172, 35.843749999999453 ], [ 74.739583333333172, 35.847916666666116 ], [ 74.735416666666509, 35.852083333332779 ] ] ] } },
{ "type": "Feature", "properties": { "HYRIV_ID": 40486331, "NEXT_DOWN": 40486330, "MAIN_RIV": 41023100, "LENGTH_KM": 5.4, "DIST_DN_KM": 2246.9, "DIST_UP_KM": 1105.9, "CATCH_SKM": 30.32, "UPLAND_SKM": 143604.4, "ENDORHEIC": 0, "DIS_AV_CMS": 953.106, "ORD_STRA": 8, "ORD_CLAS": 1, "ORD_FLOW": 4, "HYBAS_L12": 4121366700 }, "geometry": { "type": "MultiLineString", "coordinates": [ [ [ 74.847916666666464, 35.710416666666084 ], [ 74.839583333333081, 35.710416666666084 ], [ 74.831249999999756, 35.718749999999453 ], [ 74.818749999999767, 35.718749999999453 ], [ 74.810416666666384, 35.710416666666084 ], [ 74.797916666666396, 35.710416666666084 ] ] ] } },
{ "type": "Feature", "properties": { "HYRIV_ID": 40486468, "NEXT_DOWN": 40486331, "MAIN_RIV": 41023100, "LENGTH_KM": 1.73, "DIST_DN_KM": 2252.3, "DIST_UP_KM": 1100.6, "CATCH_SKM": 2.96, "UPLAND_SKM": 143498.7, "ENDORHEIC": 0, "DIS_AV_CMS": 952.889, "ORD_STRA": 8, "ORD_CLAS": 1, "ORD_FLOW": 4, "HYBAS_L12": 4121367460 }, "geometry": { "type": "MultiLineString", "coordinates": [ [ [ 74.864583333333115, 35.706249999999436 ], [ 74.860416666666453, 35.710416666666084 ], [ 74.847916666666464, 35.710416666666084 ] ] ] } },
{ "type": "Feature", "properties": { "HYRIV_ID": 40486896, "NEXT_DOWN": 40486468, "MAIN_RIV": 41023100, "LENGTH_KM": 5.18, "DIST_DN_KM": 2254.0, "DIST_UP_KM": 1098.8, "CATCH_SKM": 23.53, "UPLAND_SKM": 143445.0, "ENDORHEIC": 0, "DIS_AV_CMS": 952.647, "ORD_STRA": 8, "ORD_CLAS": 1, "ORD_FLOW": 4, "HYBAS_L12": 4121367460 }, "geometry": { "type": "MultiLineString", "coordinates": [ [ [ 74.91458333333307, 35.693749999999461 ], [ 74.910416666666407, 35.693749999999461 ], [ 74.906249999999687, 35.697916666666067 ], [ 74.889583333333036, 35.697916666666067 ], [ 74.885416666666373, 35.702083333332773 ], [ 74.877083333333047, 35.702083333332773 ], [ 74.872916666666384, 35.706249999999436 ], [ 74.864583333333115, 35.706249999999436 ] ] ] } },
{ "type": "Feature", "properties": { "HYRIV_ID": 40488251, "NEXT_DOWN": 40486896, "MAIN_RIV": 41023100, "LENGTH_KM": 4.84, "DIST_DN_KM": 2259.4, "DIST_UP_KM": 1093.5, "CATCH_SKM": 24.06, "UPLAND_SKM": 143391.6, "ENDORHEIC": 0, "DIS_AV_CMS": 952.708, "ORD_STRA": 8, "ORD_CLAS": 1, "ORD_FLOW": 4, "HYBAS_L12": 4121367570 }, "geometry": { "type": "MultiLineString", "coordinates": [ [ [ 74.927083333333059, 35.656249999999453 ], [ 74.927083333333059, 35.660416666666102 ], [ 74.918749999999733, 35.668749999999427 ], [ 74.918749999999733, 35.672916666666119 ], [ 74.91458333333307, 35.677083333332781 ], [ 74.91458333333307, 35.681249999999444 ], [ 74.918749999999733, 35.685416666666093 ], [ 74.918749999999733, 35.689583333332756 ], [ 74.91458333333307, 35.693749999999461 ] ] ] } },
{ "type": "Feature", "properties": { "HYRIV_ID": 40488584, "NEXT_DOWN": 40488251, "MAIN_RIV": 41023100, "LENGTH_KM": 1.19, "DIST_DN_KM": 2264.2, "DIST_UP_KM": 1088.6, "CATCH_SKM": 6.98, "UPLAND_SKM": 143355.7, "ENDORHEIC": 0, "DIS_AV_CMS": 952.756, "ORD_STRA": 8, "ORD_CLAS": 1, "ORD_FLOW": 4, "HYBAS_L12": 4121367570 }, "geometry": { "type": "MultiLineString", "coordinates": [ [ [ 74.935416666666384, 35.647916666666127 ], [ 74.927083333333059, 35.656249999999453 ] ] ] } },
{ "type": "Feature", "properties": { "HYRIV_ID": 40491472, "NEXT_DOWN": 40490999, "MAIN_RIV": 41023100, "LENGTH_KM": 3.76, "DIST_DN_KM": 2306.6, "DIST_UP_KM": 1046.3, "CATCH_SKM": 9.78, "UPLAND_SKM": 141842.0, "ENDORHEIC": 0, "DIS_AV_CMS": 963.896, "ORD_STRA": 8, "ORD_CLAS": 1, "ORD_FLOW": 4, "HYBAS_L12": 4120595380 }, "geometry": { "type": "MultiLineString", "coordinates": [ [ [ 75.339583333333081, 35.568749999999447 ], [ 75.339583333333081, 35.57291666666611 ], [ 75.331249999999699, 35.581249999999422 ], [ 75.327083333333036, 35.581249999999422 ], [ 75.322916666666373, 35.585416666666127 ], [ 75.310416666666384, 35.585416666666127 ] ] ] } },
{ "type": "Feature", "properties": { "HYRIV_ID": 40492094, "NEXT_DOWN": 40491472, "MAIN_RIV": 41023100, "LENGTH_KM": 1.99, "DIST_DN_KM": 2310.6, "DIST_UP_KM": 1042.3, "CATCH_SKM": 8.03, "UPLAND_SKM": 141782.8, "ENDORHEIC": 0, "DIS_AV_CMS": 965.668, "ORD_STRA": 8, "ORD_CLAS": 1, "ORD_FLOW": 4, "HYBAS_L12": 4120595380 }, "geometry": { "type": "MultiLineString", "coordinates": [ [ [ 75.343749999999744, 35.552083333332781 ], [ 75.343749999999744, 35.564583333332756 ], [ 75.339583333333081, 35.568749999999447 ] ] ] } },
{ "type": "Feature", "properties": { "HYRIV_ID": 40493006, "NEXT_DOWN": 40492094, "MAIN_RIV": 41023100, "LENGTH_KM": 2.91, "DIST_DN_KM": 2312.4, "DIST_UP_KM": 1040.5, "CATCH_SKM": 10.48, "UPLAND_SKM": 141750.7, "ENDORHEIC": 0, "DIS_AV_CMS": 966.528, "ORD_STRA": 8, "ORD_CLAS": 1, "ORD_FLOW": 4, "HYBAS_L12": 4120595380 }, "geometry": { "type": "MultiLineString", "coordinates": [ [ [ 75.347916666666407, 35.527083333332776 ], [ 75.343749999999744, 35.531249999999439 ], [ 75.343749999999744, 35.552083333332781 ] ] ] } },
{ "type": "Feature", "properties": { "HYRIV_ID": 40493785, "NEXT_DOWN": 40493006, "MAIN_RIV": 41023100, "LENGTH_KM": 2.32, "DIST_DN_KM": 2315.3, "DIST_UP_KM": 1037.6, "CATCH_SKM": 17.3, "UPLAND_SKM": 141727.0, "ENDORHEIC": 0, "DIS_AV_CMS": 967.985, "ORD_STRA": 8, "ORD_CLAS": 1, "ORD_FLOW": 4, "HYBAS_L12": 4120595380 }, "geometry": { "type": "MultiLineString", "coordinates": [ [ [ 75.347916666666407, 35.506249999999447 ], [ 75.347916666666407, 35.527083333332776 ] ] ] } },
{ "type": "Feature", "properties": { "HYRIV_ID": 40495102, "NEXT_DOWN": 40493785, "MAIN_RIV": 41023100, "LENGTH_KM": 4.11, "DIST_DN_KM": 2317.8, "DIST_UP_KM": 1035.1, "CATCH_SKM": 12.41, "UPLAND_SKM": 141675.3, "ENDORHEIC": 0, "DIS_AV_CMS": 968.92, "ORD_STRA": 8, "ORD_CLAS": 1, "ORD_FLOW": 4, "HYBAS_L12": 4120595380 }, "geometry": { "type": "MultiLineString", "coordinates": [ [ [ 75.360416666666396, 35.472916666666102 ], [ 75.360416666666396, 35.49374999999943 ], [ 75.347916666666407, 35.506249999999447 ] ] ] } },
{ "type": "Feature", "properties": { "HYRIV_ID": 40495103, "NEXT_DOWN": 40495291, "MAIN_RIV": 41023100, "LENGTH_KM": 1.35, "DIST_DN_KM": 2326.1, "DIST_UP_KM": 1026.7, "CATCH_SKM": 4.37, "UPLAND_SKM": 141491.7, "ENDORHEIC": 0, "DIS_AV_CMS": 967.54, "ORD_STRA": 8, "ORD_CLAS": 1, "ORD_FLOW": 4, "HYBAS_L12": 4120599590 }, "geometry": { "type": "MultiLineString", "coordinates": [ [ [ 75.414583333333013, 35.472916666666102 ], [ 75.410416666666464, 35.472916666666102 ], [ 75.406249999999687, 35.47708333333275 ], [ 75.402083333333138, 35.47708333333275 ] ] ] } },
{ "type": "Feature", "properties": { "HYRIV_ID": 40495291, "NEXT_DOWN": 40495102, "MAIN_RIV": 41023100, "LENGTH_KM": 4.43, "DIST_DN_KM": 2321.9, "DIST_UP_KM": 1031.0, "CATCH_SKM": 20.98, "UPLAND_SKM": 141531.1, "ENDORHEIC": 0, "DIS_AV_CMS": 967.848, "ORD_STRA": 8, "ORD_CLAS": 1, "ORD_FLOW": 4, "HYBAS_L12": 4120599590 }, "geometry": { "type": "MultiLineString", "coordinates": [ [ [ 75.402083333333138, 35.47708333333275 ], [ 75.393749999999812, 35.47708333333275 ], [ 75.38958333333315, 35.472916666666102 ], [ 75.38541666666643, 35.472916666666102 ], [ 75.381249999999767, 35.468749999999439 ], [ 75.364583333333115, 35.468749999999439 ], [ 75.360416666666396, 35.472916666666102 ] ] ] } },
{ "type": "Feature", "properties": { "HYRIV_ID": 40495597, "NEXT_DOWN": 40495103, "MAIN_RIV": 41023100, "LENGTH_KM": 4.06, "DIST_DN_KM": 2327.5, "DIST_UP_KM": 1025.4, "CATCH_SKM": 23.61, "UPLAND_SKM": 141464.6, "ENDORHEIC": 0, "DIS_AV_CMS": 967.34, "ORD_STRA": 8, "ORD_CLAS": 1, "ORD_FLOW": 4, "HYBAS_L12": 4120599590 }, "geometry": { "type": "MultiLineString", "coordinates": [ [ [ 75.452083333333036, 35.460416666666127 ], [ 75.435416666666384, 35.460416666666127 ], [ 75.431249999999721, 35.464583333332776 ], [ 75.427083333333059, 35.464583333332776 ], [ 75.418749999999847, 35.472916666666102 ], [ 75.414583333333013, 35.472916666666102 ] ] ] } },
{ "type": "Feature", "properties": { "HYRIV_ID": 40496406, "NEXT_DOWN": 40495597, "MAIN_RIV": 41023100, "LENGTH_KM": 2.58, "DIST_DN_KM": 2331.7, "DIST_UP_KM": 1021.2, "CATCH_SKM": 5.25, "UPLAND_SKM": 141426.2, "ENDORHEIC": 0, "DIS_AV_CMS": 967.044, "ORD_STRA": 8, "ORD_CLAS": 1, "ORD_FLOW": 4, "HYBAS_L12": 4120599590 }, "geometry": { "type": "MultiLineString", "coordinates": [ [ [ 75.460416666666362, 35.439583333332784 ], [ 75.460416666666362, 35.443749999999447 ], [ 75.456249999999699, 35.44791666666611 ], [ 75.456249999999699, 35.456249999999464 ], [ 75.452083333333036, 35.460416666666127 ] ] ] } },
{ "type": "Feature", "properties": { "HYRIV_ID": 40496562, "NEXT_DOWN": 40496406, "MAIN_RIV": 41023100, "LENGTH_KM": 0.97, "DIST_DN_KM": 2334.3, "DIST_UP_KM": 1018.6, "CATCH_SKM": 1.05, "UPLAND_SKM": 140777.5, "ENDORHEIC": 0, "DIS_AV_CMS": 959.96, "ORD_STRA": 8, "ORD_CLAS": 1, "ORD_FLOW": 4, "HYBAS_L12": 4120600470 }, "geometry": { "type": "MultiLineString", "coordinates": [ [ [ 75.468749999999744, 35.435416666666093 ], [ 75.464583333333024, 35.435416666666093 ], [ 75.460416666666362, 35.439583333332784 ] ] ] } },
{ "type": "Feature", "properties": { "HYRIV_ID": 40497870, "NEXT_DOWN": 40496562, "MAIN_RIV": 41023100, "LENGTH_KM": 5.25, "DIST_DN_KM": 2335.3, "DIST_UP_KM": 1017.6, "CATCH_SKM": 26.24, "UPLAND_SKM": 140759.2, "ENDORHEIC": 0, "DIS_AV_CMS": 959.825, "ORD_STRA": 8, "ORD_CLAS": 1, "ORD_FLOW": 4, "HYBAS_L12": 4120600470 }, "geometry": { "type": "MultiLineString", "coordinates": [ [ [ 75.502083333333104, 35.406249999999481 ], [ 75.497916666666441, 35.402083333332776 ], [ 75.481249999999733, 35.418749999999456 ], [ 75.481249999999733, 35.422916666666104 ], [ 75.468749999999744, 35.435416666666093 ] ] ] } },
{ "type": "Feature", "properties": { "HYRIV_ID": 40498011, "NEXT_DOWN": 40497870, "MAIN_RIV": 41023100, "LENGTH_KM": 1.2, "DIST_DN_KM": 2340.5, "DIST_UP_KM": 1012.4, "CATCH_SKM": 1.23, "UPLAND_SKM": 140707.5, "ENDORHEIC": 0, "DIS_AV_CMS": 959.44, "ORD_STRA": 8, "ORD_CLAS": 1, "ORD_FLOW": 4, "HYBAS_L12": 4120600470 }, "geometry": { "type": "MultiLineString", "coordinates": [ [ [ 75.51041666666643, 35.397916666666113 ], [ 75.502083333333104, 35.406249999999481 ] ] ] } },
{ "type": "Feature", "properties": { "HYRIV_ID": 40498452, "NEXT_DOWN": 40498011, "MAIN_RIV": 41023100, "LENGTH_KM": 1.52, "DIST_DN_KM": 2341.7, "DIST_UP_KM": 1011.2, "CATCH_SKM": 1.75, "UPLAND_SKM": 140661.0, "ENDORHEIC": 0, "DIS_AV_CMS": 959.081, "ORD_STRA": 8, "ORD_CLAS": 1, "ORD_FLOW": 4, "HYBAS_L12": 4120600470 }, "geometry": { "type": "MultiLineString", "coordinates": [ [ [ 75.514583333333093, 35.385416666666096 ], [ 75.514583333333093, 35.393749999999464 ], [ 75.51041666666643, 35.397916666666113 ] ] ] } },
{ "type": "Feature", "properties": { "HYRIV_ID": 40499059, "NEXT_DOWN": 40498452, "MAIN_RIV": 41023100, "LENGTH_KM": 2.26, "DIST_DN_KM": 2343.2, "DIST_UP_KM": 1009.6, "CATCH_SKM": 3.15, "UPLAND_SKM": 140639.0, "ENDORHEIC": 0, "DIS_AV_CMS": 958.936, "ORD_STRA": 8, "ORD_CLAS": 1, "ORD_FLOW": 4, "HYBAS_L12": 4120600470 }, "geometry": { "type": "MultiLineString", "coordinates": [ [ [ 75.527083333333138, 35.36874999999943 ], [ 75.522916666666475, 35.372916666666121 ], [ 75.522916666666475, 35.377083333332784 ], [ 75.514583333333093, 35.385416666666096 ] ] ] } },
{ "type": "Feature", "properties": { "HYRIV_ID": 40499866, "NEXT_DOWN": 40499059, "MAIN_RIV": 41023100, "LENGTH_KM": 5.26, "DIST_DN_KM": 2345.5, "DIST_UP_KM": 1007.4, "CATCH_SKM": 21.18, "UPLAND_SKM": 140621.1, "ENDORHEIC": 0, "DIS_AV_CMS": 958.811, "ORD_STRA": 8, "ORD_CLAS": 1, "ORD_FLOW": 4, "HYBAS_L12": 4120600470 }, "geometry": { "type": "MultiLineString", "coordinates": [ [ [ 75.572916666666373, 35.34791666666613 ], [ 75.560416666666384, 35.360416666666104 ], [ 75.547916666666339, 35.360416666666104 ], [ 75.543749999999847, 35.364583333332767 ], [ 75.531249999999687, 35.364583333332767 ], [ 75.527083333333138, 35.36874999999943 ] ] ] } },
{ "type": "Feature", "properties": { "HYRIV_ID": 40500012, "NEXT_DOWN": 40499866, "MAIN_RIV": 41023100, "LENGTH_KM": 0.6, "DIST_DN_KM": 2350.7, "DIST_UP_KM": 1002.1, "CATCH_SKM": 0.53, "UPLAND_SKM": 140487.2, "ENDORHEIC": 0, "DIS_AV_CMS": 957.653, "ORD_STRA": 8, "ORD_CLAS": 1, "ORD_FLOW": 4, "HYBAS_L12": 4120603070 }, "geometry": { "type": "MultiLineString", "coordinates": [ [ [ 75.577083333333036, 35.343749999999439 ], [ 75.572916666666373, 35.34791666666613 ] ] ] } },
{ "type": "Feature", "properties": { "HYRIV_ID": 40500346, "NEXT_DOWN": 40500012, "MAIN_RIV": 41023100, "LENGTH_KM": 1.2, "DIST_DN_KM": 2351.3, "DIST_UP_KM": 1001.5, "CATCH_SKM": 1.4, "UPLAND_SKM": 140453.6, "ENDORHEIC": 0, "DIS_AV_CMS": 957.423, "ORD_STRA": 8, "ORD_CLAS": 1, "ORD_FLOW": 4, "HYBAS_L12": 4120603070 }, "geometry": { "type": "MultiLineString", "coordinates": [ [ [ 75.585416666666362, 35.335416666666113 ], [ 75.577083333333036, 35.343749999999439 ] ] ] } },
{ "type": "Feature", "properties": { "HYRIV_ID": 40500828, "NEXT_DOWN": 40500346, "MAIN_RIV": 41023100, "LENGTH_KM": 2.17, "DIST_DN_KM": 2352.3, "DIST_UP_KM": 1000.5, "CATCH_SKM": 9.8, "UPLAND_SKM": 140418.2, "ENDORHEIC": 0, "DIS_AV_CMS": 957.128, "ORD_STRA": 8, "ORD_CLAS": 1, "ORD_FLOW": 4, "HYBAS_L12": 4120603070 }, "geometry": { "type": "MultiLineString", "coordinates": [ [ [ 75.60208333333307, 35.322916666666138 ], [ 75.589583333333024, 35.335416666666113 ], [ 75.585416666666362, 35.335416666666113 ] ] ] } },
{ "type": "Feature", "properties": { "HYRIV_ID": 40500829, "NEXT_DOWN": 40500828, "MAIN_RIV": 41023100, "LENGTH_KM": 1.89, "DIST_DN_KM": 2354.5, "DIST_UP_KM": 998.4, "CATCH_SKM": 3.5, "UPLAND_SKM": 140055.7, "ENDORHEIC": 0, "DIS_AV_CMS": 953.518, "ORD_STRA": 8, "ORD_CLAS": 1, "ORD_FLOW": 4, "HYBAS_L12": 4120603780 }, "geometry": { "type": "MultiLineString", "coordinates": [ [ [ 75.622916666666441, 35.322916666666138 ], [ 75.60208333333307, 35.322916666666138 ] ] ] } },
{ "type": "Feature", "properties": { "HYRIV_ID": 40501534, "NEXT_DOWN": 40501861, "MAIN_RIV": 41023100, "LENGTH_KM": 1.79, "DIST_DN_KM": 2366.2, "DIST_UP_KM": 986.7, "CATCH_SKM": 3.85, "UPLAND_SKM": 132945.0, "ENDORHEIC": 0, "DIS_AV_CMS": 924.713, "ORD_STRA": 8, "ORD_CLAS": 1, "ORD_FLOW": 4, "HYBAS_L12": 4120603790 }, "geometry": { "type": "MultiLineString", "coordinates": [ [ [ 75.714583333333024, 35.306249999999416 ], [ 75.702083333333036, 35.318749999999433 ] ] ] } },
{ "type": "Feature", "properties": { "HYRIV_ID": 40501692, "NEXT_DOWN": 40501534, "MAIN_RIV": 41023100, "LENGTH_KM": 4.06, "DIST_DN_KM": 2368.0, "DIST_UP_KM": 984.9, "CATCH_SKM": 16.47, "UPLAND_SKM": 132892.6, "ENDORHEIC": 0, "DIS_AV_CMS": 924.341, "ORD_STRA": 8, "ORD_CLAS": 1, "ORD_FLOW": 4, "HYBAS_L12": 4120603790 }, "geometry": { "type": "MultiLineString", "coordinates": [ [ [ 75.752083333333047, 35.310416666666121 ], [ 75.735416666666396, 35.310416666666121 ], [ 75.727083333333013, 35.302083333332767 ], [ 75.718749999999687, 35.302083333332767 ], [ 75.714583333333024, 35.306249999999416 ] ] ] } },
{ "type": "Feature", "properties": { "HYRIV_ID": 40501861, "NEXT_DOWN": 40500829, "MAIN_RIV": 41023100, "LENGTH_KM": 9.6, "DIST_DN_KM": 2356.4, "DIST_UP_KM": 996.5, "CATCH_SKM": 45.73, "UPLAND_SKM": 133012.4, "ENDORHEIC": 0, "DIS_AV_CMS": 925.085, "ORD_STRA": 8, "ORD_CLAS": 1, "ORD_FLOW": 4, "HYBAS_L12": 4120603790 }, "geometry": { "type": "MultiLineString", "coordinates": [ [ [ 75.702083333333036, 35.318749999999433 ], [ 75.689583333333047, 35.318749999999433 ], [ 75.66874999999979, 35.297916666666104 ], [ 75.656249999999687, 35.297916666666104 ], [ 75.631249999999767, 35.322916666666138 ], [ 75.622916666666441, 35.322916666666138 ] ] ] } },
{ "type": "Feature", "properties": { "HYRIV_ID": 40501184, "NEXT_DOWN": 40501363, "MAIN_RIV": 41023100, "LENGTH_KM": 2.85, "DIST_DN_KM": 2384.0, "DIST_UP_KM": 968.8, "CATCH_SKM": 8.76, "UPLAND_SKM": 132702.7, "ENDORHEIC": 0, "DIS_AV_CMS": 923.462, "ORD_STRA": 8, "ORD_CLAS": 1, "ORD_FLOW": 4, "HYBAS_L12": 4121372440 }, "geometry": { "type": "MultiLineString", "coordinates": [ [ [ 75.856249999999733, 35.314583333332784 ], [ 75.856249999999733, 35.318749999999433 ], [ 75.839583333333024, 35.335416666666113 ] ] ] } },
{ "type": "Feature", "properties": { "HYRIV_ID": 40501361, "NEXT_DOWN": 40501692, "MAIN_RIV": 41023100, "LENGTH_KM": 0.76, "DIST_DN_KM": 2371.8, "DIST_UP_KM": 981.1, "CATCH_SKM": 1.05, "UPLAND_SKM": 132860.7, "ENDORHEIC": 0, "DIS_AV_CMS": 924.177, "ORD_STRA": 8, "ORD_CLAS": 1, "ORD_FLOW": 4, "HYBAS_L12": 4121373050 }, "geometry": { "type": "MultiLineString", "coordinates": [ [ [ 75.76041666666643, 35.310416666666121 ], [ 75.752083333333047, 35.310416666666121 ] ] ] } },
{ "type": "Feature", "properties": { "HYRIV_ID": 40501363, "NEXT_DOWN": 40501361, "MAIN_RIV": 41023100, "LENGTH_KM": 11.31, "DIST_DN_KM": 2372.6, "DIST_UP_KM": 980.3, "CATCH_SKM": 72.32, "UPLAND_SKM": 132846.4, "ENDORHEIC": 0, "DIS_AV_CMS": 924.102, "ORD_STRA": 8, "ORD_CLAS": 1, "ORD_FLOW": 4, "HYBAS_L12": 4121373050 }, "geometry": { "type": "MultiLineString", "coordinates": [ [ [ 75.839583333333024, 35.335416666666113 ], [ 75.835416666666362, 35.339583333332776 ], [ 75.827083333333036, 35.339583333332776 ], [ 75.822916666666373, 35.343749999999439 ], [ 75.810416666666498, 35.343749999999439 ], [ 75.806249999999665, 35.34791666666613 ], [ 75.797916666666339, 35.34791666666613 ], [ 75.79374999999979, 35.343749999999439 ], [ 75.79374999999979, 35.339583333332776 ], [ 75.797916666666339, 35.335416666666113 ], [ 75.797916666666339, 35.327083333332801 ], [ 75.789583333333013, 35.318749999999433 ], [ 75.785416666666464, 35.318749999999433 ], [ 75.777083333333081, 35.310416666666121 ], [ 75.76041666666643, 35.310416666666121 ] ] ] } },
{ "type": "Feature", "properties": { "HYRIV_ID": 40503268, "NEXT_DOWN": 40501184, "MAIN_RIV": 41023100, "LENGTH_KM": 6.29, "DIST_DN_KM": 2386.7, "DIST_UP_KM": 966.1, "CATCH_SKM": 29.79, "UPLAND_SKM": 132622.7, "ENDORHEIC": 0, "DIS_AV_CMS": 923.082, "ORD_STRA": 8, "ORD_CLAS": 1, "ORD_FLOW": 4, "HYBAS_L12": 4121372860 }, "geometry": { "type": "MultiLineString", "coordinates": [ [ [ 75.864583333333059, 35.260416666666138 ], [ 75.864583333333059, 35.272916666666113 ], [ 75.860416666666396, 35.277083333332776 ], [ 75.860416666666396, 35.302083333332767 ], [ 75.856249999999733, 35.306249999999416 ], [ 75.856249999999733, 35.314583333332784 ] ] ] } },
{ "type": "Feature", "properties": { "HYRIV_ID": 40504555, "NEXT_DOWN": 40503268, "MAIN_RIV": 41023100, "LENGTH_KM": 7.38, "DIST_DN_KM": 2393.2, "DIST_UP_KM": 959.6, "CATCH_SKM": 30.16, "UPLAND_SKM": 132536.2, "ENDORHEIC": 0, "DIS_AV_CMS": 922.603, "ORD_STRA": 8, "ORD_CLAS": 1, "ORD_FLOW": 4, "HYBAS_L12": 4121372860 }, "geometry": { "type": "MultiLineString", "coordinates": [ [ [ 75.910416666666464, 35.231249999999442 ], [ 75.893749999999756, 35.231249999999442 ], [ 75.889583333333093, 35.227083333332779 ], [ 75.88541666666643, 35.227083333332779 ], [ 75.88124999999971, 35.231249999999442 ], [ 75.877083333333047, 35.231249999999442 ], [ 75.872916666666384, 35.235416666666104 ], [ 75.872916666666384, 35.239583333332767 ], [ 75.868749999999721, 35.243749999999459 ], [ 75.868749999999721, 35.247916666666121 ], [ 75.872916666666384, 35.252083333332784 ], [ 75.864583333333059, 35.260416666666138 ] ] ] } }
]
}
