{
"type": "FeatureCollection",
"name": "major_tributaries",
"crs": { "type": "name", "properties": { "name": "urn:ogc:def:crs:OGC:1.3:CRS84" } },
"features": [
{ "type": "Feature", "properties": { "HYRIV_ID": 40479596, "NEXT_DOWN": 40479747, "MAIN_RIV": 41023100, "LENGTH_KM": 0.46, "DIST_DN_KM": 2238.6, "DIST_UP_KM": 255.6, "CATCH_SKM": 0.87, "UPLAND_SKM": 26532.0, "ENDORHEIC": 0, "DIS_AV_CMS": 79.891, "ORD_STRA": 6, "ORD_CLAS": 2, "ORD_FLOW": 5, "HYBAS_L12": 4120587360 }, "geometry": { "type": "MultiLineString", "coordinates": [ [ [ 74.368749999999721, 35.914583333332779 ], [ 74.368749999999721, 35.910416666666116 ] ] ] } },
{ "type": "Feature", "properties": { "HYRIV_ID": 40479747, "NEXT_DOWN": 40480169, "MAIN_RIV": 41023100, "LENGTH_KM": 1.72, "DIST_DN_KM": 2236.8, "DIST_UP_KM": 257.3, "CATCH_SKM": 2.43, "UPLAND_SKM": 26583.9, "ENDORHEIC": 0, "DIS_AV_CMS": 79.938, "ORD_STRA": 6, "ORD_CLAS": 2, "ORD_FLOW": 5, "HYBAS_L12": 4120587360 }, "geometry": { "type": "MultiLineString", "coordinates": [ [ [ 74.368749999999721, 35.910416666666116 ], [ 74.372916666666384, 35.90624999999941 ], [ 74.385416666666373, 35.90624999999941 ] ] ] } },
{ "type": "Feature", "properties": { "HYRIV_ID": 40480169, "NEXT_DOWN": 40480339, "MAIN_RIV": 41023100, "LENGTH_KM": 2.54, "DIST_DN_KM": 2234.5, "DIST_UP_KM": 259.7, "CATCH_SKM": 7.13, "UPLAND_SKM": 26601.3, "ENDORHEIC": 0, "DIS_AV_CMS": 79.813, "ORD_STRA": 6, "ORD_CLAS": 2, "ORD_FLOW": 5, "HYBAS_L12": 4120587360 }, "geometry": { "type": "MultiLineString", "coordinates": [ [ [ 74.385416666666373, 35.90624999999941 ], [ 74.389583333333036, 35.902083333332762 ], [ 74.393749999999756, 35.902083333332762 ], [ 74.397916666666418, 35.897916666666099 ], [ 74.402083333333081, 35.897916666666099 ], [ 74.406249999999744, 35.893749999999436 ] ] ] } },
{ "type": "Feature", "properties": { "HYRIV_ID": 40480339, "NEXT_DOWN": 40480600, "MAIN_RIV": 41023100, "LENGTH_KM": 0.46, "DIST_DN_KM": 2233.9, "DIST_UP_KM": 260.3, "CATCH_SKM": 0.35, "UPLAND_SKM": 26625.5, "ENDORHEIC": 0, "DIS_AV_CMS": 79.863, "ORD_STRA": 6, "ORD_CLAS": 2, "ORD_FLOW": 5, "HYBAS_L12": 4120587360 }, "geometry": { "type": "MultiLineString", "coordinates": [ [ [ 74.406249999999744, 35.893749999999436 ], [ 74.406249999999744, 35.889583333332787 ] ] ] } },
{ "type": "Feature", "properties": { "HYRIV_ID": 40480600, "NEXT_DOWN": 40480892, "MAIN_RIV": 41023100, "LENGTH_KM": 5.39, "DIST_DN_KM": 2228.6, "DIST_UP_KM": 265.5, "CATCH_SKM": 32.87, "UPLAND_SKM": 26690.3, "ENDORHEIC": 0, "DIS_AV_CMS": 79.662, "ORD_STRA": 6, "ORD_CLAS": 2, "ORD_FLOW": 5, "HYBAS_L12": 4120587360 }, "geometry": { "type": "MultiLineString", "coordinates": [ [ [ 74.406249999999744, 35.889583333332787 ], [ 74.410416666666407, 35.885416666666124 ], [ 74.418749999999733, 35.885416666666124 ], [ 74.422916666666453, 35.889583333332787 ], [ 74.44791666666643, 35.889583333332787 ], [ 74.456249999999812, 35.881249999999419 ] ] ] } },
{ "type": "Feature", "properties": { "HYRIV_ID": 40480892, "NEXT_DOWN": 40481340, "MAIN_RIV": 41023100, "LENGTH_KM": 2.69, "DIST_DN_KM": 2225.8, "DIST_UP_KM": 268.4, "CATCH_SKM": 13.57, "UPLAND_SKM": 26734.2, "ENDORHEIC": 0, "DIS_AV_CMS": 79.614, "ORD_STRA": 6, "ORD_CLAS": 2, "ORD_FLOW": 5, "HYBAS_L12": 4120587360 }, "geometry": { "type": "MultiLineString", "coordinates": [ [ [ 74.456249999999812, 35.881249999999419 ], [ 74.460416666666362, 35.87708333333277 ], [ 74.464583333333138, 35.87708333333277 ], [ 74.468749999999687, 35.872916666666107 ], [ 74.481249999999733, 35.872916666666107 ] ] ] } },
{ "type": "Feature", "properties": { "HYRIV_ID": 40481340, "NEXT_DOWN": 40482240, "MAIN_RIV": 41023100, "LENGTH_KM": 4.11, "DIST_DN_KM": 2221.9, "DIST_UP_KM": 272.3, "CATCH_SKM": 22.27, "UPLAND_SKM": 27200.0, "ENDORHEIC": 0, "DIS_AV_CMS": 81.021, "ORD_STRA": 6, "ORD_CLAS": 2, "ORD_FLOW": 5, "HYBAS_L12": 4120590330 }, "geometry": { "type": "MultiLineString", "coordinates": [ [ [ 74.481249999999733, 35.872916666666107 ], [ 74.489583333333059, 35.864583333332796 ], [ 74.493749999999721, 35.864583333332796 ], [ 74.497916666666384, 35.86041666666609 ], [ 74.50624999999971, 35.86041666666609 ], [ 74.514583333333036, 35.868749999999444 ] ] ] } },
{ "type": "Feature", "properties": { "HYRIV_ID": 40482240, "NEXT_DOWN": 40485281, "MAIN_RIV": 41023100, "LENGTH_KM": 4.75, "DIST_DN_KM": 2216.9, "DIST_UP_KM": 277.2, "CATCH_SKM": 22.1, "UPLAND_SKM": 27241.8, "ENDORHEIC": 0, "DIS_AV_CMS": 81.167, "ORD_STRA": 6, "ORD_CLAS": 2, "ORD_FLOW": 5, "HYBAS_L12": 4120590330 }, "geometry": { "type": "MultiLineString", "coordinates": [ [ [ 74.514583333333036, 35.868749999999444 ], [ 74.518749999999756, 35.864583333332796 ], [ 74.518749999999756, 35.856249999999427 ], [ 74.522916666666362, 35.852083333332779 ], [ 74.522916666666362, 35.847916666666116 ], [ 74.535416666666407, 35.835416666666099 ], [ 74.53958333333307, 35.835416666666099 ] ] ] } },
{ "type": "Feature", "properties": { "HYRIV_ID": 40485281, "NEXT_DOWN": 40487323, "MAIN_RIV": 41023100, "LENGTH_KM": 15.2, "DIST_DN_KM": 2201.8, "DIST_UP_KM": 292.4, "CATCH_SKM": 83.22, "UPLAND_SKM": 27368.5, "ENDORHEIC": 0, "DIS_AV_CMS": 81.658, "ORD_STRA": 6, "ORD_CLAS": 2, "ORD_FLOW": 5, "HYBAS_L12": 4120590330 }, "geometry": { "type": "MultiLineString", "coordinates": [ [ [ 74.53958333333307, 35.835416666666099 ], [ 74.547916666666396, 35.82708333333273 ], [ 74.556249999999778, 35.82708333333273 ], [ 74.560416666666441, 35.822916666666082 ], [ 74.564583333333104, 35.822916666666082 ], [ 74.568749999999767, 35.818749999999461 ], [ 74.568749999999767, 35.810416666666107 ], [ 74.577083333333093, 35.802083333332781 ], [ 74.577083333333093, 35.797916666666133 ], [ 74.57291666666643, 35.793749999999427 ], [ 74.57291666666643, 35.789583333332764 ], [ 74.577083333333093, 35.785416666666116 ], [ 74.577083333333093, 35.777083333332747 ], [ 74.581249999999812, 35.772916666666099 ], [ 74.589583333333138, 35.772916666666099 ], [ 74.610416666666509, 35.752083333332756 ], [ 74.622916666666384, 35.752083333332756 ], [ 74.627083333333047, 35.747916666666107 ], [ 74.627083333333047, 35.743749999999444 ] ] ] } },
{ "type": "Feature", "properties": { "HYRIV_ID": 40504392, "NEXT_DOWN": 40504555, "MAIN_RIV": 41023100, "LENGTH_KM": 2.71, "DIST_DN_KM": 2400.4, "DIST_UP_KM": 707.7, "CATCH_SKM": 7.54, "UPLAND_SKM": 60982.5, "ENDORHEIC": 0, "DIS_AV_CMS": 133.457, "ORD_STRA": 7, "ORD_CLAS": 2, "ORD_FLOW": 4, "HYBAS_L12": 4120607260 }, "geometry": { "type": "MultiLineString", "coordinates": [ [ [ 75.935416666666498, 35.231249999999442 ], [ 75.931249999999665, 35.235416666666104 ], [ 75.927083333333115, 35.235416666666104 ], [ 75.922916666666339, 35.231249999999442 ], [ 75.910416666666464, 35.231249999999442 ] ] ] } },
{ "type": "Feature", "properties": { "HYRIV_ID": 40505588, "NEXT_DOWN": 40504392, "MAIN_RIV": 41023100, "LENGTH_KM": 6.17, "DIST_DN_KM": 2403.3, "DIST_UP_KM": 704.8, "CATCH_SKM": 29.11, "UPLAND_SKM": 60875.1, "ENDORHEIC": 0, "DIS_AV_CMS": 132.915, "ORD_STRA": 7, "ORD_CLAS": 2, "ORD_FLOW": 4, "HYBAS_L12": 4120607260 }, "geometry": { "type": "MultiLineString", "coordinates": [ [ [ 75.981249999999676, 35.20624999999945 ], [ 75.968749999999687, 35.20624999999945 ], [ 75.964583333333024, 35.202083333332787 ], [ 75.960416666666362, 35.202083333332787 ], [ 75.94374999999971, 35.218749999999424 ], [ 75.94374999999971, 35.22291666666613 ], [ 75.935416666666498, 35.231249999999442 ] ] ] } },
{ "type": "Feature", "properties": { "HYRIV_ID": 40506294, "NEXT_DOWN": 40505588, "MAIN_RIV": 41023100, "LENGTH_KM": 6.4, "DIST_DN_KM": 2409.5, "DIST_UP_KM": 698.6, "CATCH_SKM": 45.08, "UPLAND_SKM": 60828.3, "ENDORHEIC": 0, "DIS_AV_CMS": 132.658, "ORD_STRA": 7, "ORD_CLAS": 2, "ORD_FLOW": 4, "HYBAS_L12": 4120607260 }, "geometry": { "type": "MultiLineString", "coordinates": [ [ [ 76.039583333333127, 35.185416666666121 ], [ 76.027083333333081, 35.185416666666121 ], [ 76.022916666666418, 35.18958333333277 ], [ 76.010416666666373, 35.18958333333277 ], [ 76.00624999999971, 35.193749999999433 ], [ 76.002083333333047, 35.193749999999433 ], [ 75.993749999999721, 35.202083333332787 ], [ 75.985416666666339, 35.202083333332787 ], [ 75.981249999999676, 35.20624999999945 ] ] ] } },
{ "type": "Feature", "properties": { "HYRIV_ID": 40506624, "NEXT_DOWN": 40504555, "MAIN_RIV": 41023100, "LENGTH_KM": 6.97, "DIST_DN_KM": 2400.6, "DIST_UP_KM": 952.3, "CATCH_SKM": 21.22, "UPLAND_SKM": 71509.9, "ENDORHEIC": 0, "DIS_AV_CMS": 788.959, "ORD_STRA": 7, "ORD_CLAS": 1, "ORD_FLOW": 4, "HYBAS_L12": 4120607420 }, "geometry": { "type": "MultiLineString", "coordinates": [ [ [ 75.914583333333127, 35.177083333332753 ], [ 75.914583333333127, 35.181249999999459 ], [ 75.910416666666464, 35.185416666666121 ], [ 75.910416666666464, 35.18958333333277 ], [ 75.906249999999744, 35.193749999999433 ], [ 75.906249999999744, 35.202083333332787 ], [ 75.914583333333127, 35.210416666666113 ], [ 75.914583333333127, 35.214583333332762 ], [ 75.910416666666464, 35.218749999999424 ], [ 75.910416666666464, 35.22291666666613 ], [ 75.914583333333127, 35.227083333332779 ], [ 75.910416666666464, 35.231249999999442 ] ] ] } },
{ "type": "Feature", "properties": { "HYRIV_ID": 40504394, "NEXT_DOWN": 40506123, "MAIN_RIV": 41023100, "LENGTH_KM": 3.69, "DIST_DN_KM": 2438.5, "DIST_UP_KM": 669.6, "CATCH_SKM": 22.96, "UPLAND_SKM": 60039.6, "ENDORHEIC": 0, "DIS_AV_CMS": 129.091, "ORD_STRA": 7, "ORD_CLAS": 2, "ORD_FLOW": 4, "HYBAS_L12": 4120606950 }, "geometry": { "type": "MultiLineString", "coordinates": [ [ [ 76.231249999999733, 35.231249999999442 ], [ 76.227083333333013, 35.235416666666104 ], [ 76.218749999999687, 35.235416666666104 ], [ 76.214583333333024, 35.239583333332767 ], [ 76.20208333333315, 35.239583333332767 ], [ 76.197916666666487, 35.235416666666104 ] ] ] } },
{ "type": "Feature", "properties": { "HYRIV_ID": 40505197, "NEXT_DOWN": 40504394, "MAIN_RIV": 41023100, "LENGTH_KM": 4.88, "DIST_DN_KM": 2442.2, "DIST_UP_KM": 665.9, "CATCH_SKM": 24.73, "UPLAND_SKM": 59956.2, "ENDORHEIC": 0, "DIS_AV_CMS": 128.769, "ORD_STRA": 7, "ORD_CLAS": 2, "ORD_FLOW": 4, "HYBAS_L12": 4120606950 }, "geometry": { "type": "MultiLineString", "coordinates": [ [ [ 76.272916666666362, 35.210416666666113 ], [ 76.268749999999699, 35.210416666666113 ], [ 76.25624999999971, 35.22291666666613 ], [ 76.247916666666384, 35.22291666666613 ], [ 76.243749999999665, 35.227083333332779 ], [ 76.235416666666339, 35.227083333332779 ], [ 76.231249999999733, 35.231249999999442 ] ] ] } },
{ "type": "Feature", "properties": { "HYRIV_ID": 40506122, "NEXT_DOWN": 40506625, "MAIN_RIV": 41023100, "LENGTH_KM": 4.15, "DIST_DN_KM": 2426.8, "DIST_UP_KM": 681.3, "CATCH_SKM": 13.68, "UPLAND_SKM": 60641.1, "ENDORHEIC": 0, "DIS_AV_CMS": 131.72, "ORD_STRA": 7, "ORD_CLAS": 2, "ORD_FLOW": 4, "HYBAS_L12": 4121374660 }, "geometry": { "type": "MultiLineString", "coordinates": [ [ [ 76.16458333333307, 35.18958333333277 ], [ 76.156249999999744, 35.18958333333277 ], [ 76.147916666666418, 35.197916666666138 ], [ 76.147916666666418, 35.202083333332787 ], [ 76.143749999999699, 35.20624999999945 ], [ 76.13124999999971, 35.20624999999945 ] ] ] } },
{ "type": "Feature", "properties": { "HYRIV_ID": 40506123, "NEXT_DOWN": 40506296, "MAIN_RIV": 41023100, "LENGTH_KM": 5.77, "DIST_DN_KM": 2432.7, "DIST_UP_KM": 675.3, "CATCH_SKM": 23.15, "UPLAND_SKM": 60528.5, "ENDORHEIC": 0, "DIS_AV_CMS": 131.159, "ORD_STRA": 7, "ORD_CLAS": 2, "ORD_FLOW": 4, "HYBAS_L12": 4121374660 }, "geometry": { "type": "MultiLineString", "coordinates": [ [ [ 76.197916666666487, 35.235416666666104 ], [ 76.197916666666487, 35.227083333332779 ], [ 76.193749999999767, 35.22291666666613 ], [ 76.193749999999767, 35.210416666666113 ], [ 76.185416666666441, 35.202083333332787 ], [ 76.185416666666441, 35.197916666666138 ], [ 76.177083333333115, 35.18958333333277 ] ] ] } },
{ "type": "Feature", "properties": { "HYRIV_ID": 40506295, "NEXT_DOWN": 40506294, "MAIN_RIV": 41023100, "LENGTH_KM": 2.49, "DIST_DN_KM": 2415.6, "DIST_UP_KM": 692.5, "CATCH_SKM": 8.77, "UPLAND_SKM": 60769.8, "ENDORHEIC": 0, "DIS_AV_CMS": 132.346, "ORD_STRA": 7, "ORD_CLAS": 2, "ORD_FLOW": 4, "HYBAS_L12": 4121374530 }, "geometry": { "type": "MultiLineString", "coordinates": [ [ [ 76.06458333333299, 35.18958333333277 ], [ 76.052083333333115, 35.18958333333277 ], [ 76.047916666666339, 35.185416666666121 ], [ 76.039583333333127, 35.185416666666121 ] ] ] } },
{ "type": "Feature", "properties": { "HYRIV_ID": 40506296, "NEXT_DOWN": 40506122, "MAIN_RIV": 41023100, "LENGTH_KM": 1.57, "DIST_DN_KM": 2431.2, "DIST_UP_KM": 676.9, "CATCH_SKM": 3.33, "UPLAND_SKM": 60570.1, "ENDORHEIC": 0, "DIS_AV_CMS": 131.362, "ORD_STRA": 7, "ORD_CLAS": 2, "ORD_FLOW": 4, "HYBAS_L12": 4121374660 }, "geometry": { "type": "MultiLineString", "coordinates": [ [ [ 76.177083333333115, 35.18958333333277 ], [ 76.172916666666453, 35.185416666666121 ], [ 76.168749999999733, 35.185416666666121 ], [ 76.16458333333307, 35.18958333333277 ] ] ] } },
{ "type": "Feature", "properties": { "HYRIV_ID": 40506475, "NEXT_DOWN": 40506295, "MAIN_RIV": 41023100, "LENGTH_KM": 1.2, "DIST_DN_KM": 2418.3, "DIST_UP_KM": 689.8, "CATCH_SKM": 2.1, "UPLAND_SKM": 60720.4, "ENDORHEIC": 0, "DIS_AV_CMS": 132.105, "ORD_STRA": 7, "ORD_CLAS": 2, "ORD_FLOW": 4, "HYBAS_L12": 4121374530 }, "geometry": { "type": "MultiLineString", "coordinates": [ [ [ 76.072916666666373, 35.181249999999459 ], [ 76.06458333333299, 35.18958333333277 ] ] ] } },
{ "type": "Feature", "properties": { "HYRIV_ID": 40506625, "NEXT_DOWN": 40506475, "MAIN_RIV": 41023100, "LENGTH_KM": 7.55, "DIST_DN_KM": 2419.5, "DIST_UP_KM": 688.6, "CATCH_SKM": 46.49, "UPLAND_SKM": 60701.6, "ENDORHEIC": 0, "DIS_AV_CMS": 132.0, "ORD_STRA": 7, "ORD_CLAS": 2, "ORD_FLOW": 4, "HYBAS_L12": 4121374530 }, "geometry": { "type": "MultiLineString", "coordinates": [ [ [ 76.13124999999971, 35.20624999999945 ], [ 76.127083333333047, 35.202083333332787 ], [ 76.127083333333047, 35.197916666666138 ], [ 76.122916666666384, 35.193749999999433 ], [ 76.114583333333059, 35.193749999999433 ], [ 76.110416666666339, 35.18958333333277 ], [ 76.110416666666339, 35.185416666666121 ], [ 76.102083333333013, 35.177083333332753 ], [ 76.077083333333036, 35.177083333332753 ], [ 76.072916666666373, 35.181249999999459 ] ] ] } },
{ "type": "Feature", "properties": { "HYRIV_ID": 40506626, "NEXT_DOWN": 40506776, "MAIN_RIV": 41023100, "LENGTH_KM": 1.36, "DIST_DN_KM": 2463.8, "DIST_UP_KM": 644.2, "CATCH_SKM": 9.65, "UPLAND_SKM": 55976.3, "ENDORHEIC": 0, "DIS_AV_CMS": 115.779, "ORD_STRA": 7, "ORD_CLAS": 2, "ORD_FLOW": 4, "HYBAS_L12": 4120609270 }, "geometry": { "type": "MultiLineString", "coordinates": [ [ [ 76.431249999999778, 35.177083333332753 ], [ 76.427083333333059, 35.177083333332753 ], [ 76.422916666666396, 35.181249999999459 ], [ 76.418749999999733, 35.181249999999459 ] ] ] } },
{ "type": "Feature", "properties": { "HYRIV_ID": 40506774, "NEXT_DOWN": 40505197, "MAIN_RIV": 41023100, "LENGTH_KM": 9.28, "DIST_DN_KM": 2446.9, "DIST_UP_KM": 661.2, "CATCH_SKM": 70.87, "UPLAND_SKM": 59868.3, "ENDORHEIC": 0, "DIS_AV_CMS": 128.377, "ORD_STRA": 7, "ORD_CLAS": 2, "ORD_FLOW": 4, "HYBAS_L12": 4120606950 }, "geometry": { "type": "MultiLineString", "coordinates": [ [ [ 76.34791666666635, 35.172916666666104 ], [ 76.343749999999687, 35.172916666666104 ], [ 76.339583333333024, 35.177083333332753 ], [ 76.32708333333315, 35.177083333332753 ], [ 76.32291666666643, 35.181249999999459 ], [ 76.310416666666441, 35.181249999999459 ], [ 76.306249999999778, 35.185416666666121 ], [ 76.306249999999778, 35.18958333333277 ], [ 76.293749999999733, 35.202083333332787 ], [ 76.281249999999744, 35.202083333332787 ], [ 76.277083333333081, 35.20624999999945 ], [ 76.277083333333081, 35.210416666666113 ], [ 76.272916666666362, 35.210416666666113 ] ] ] } },
{ "type": "Feature", "properties": { "HYRIV_ID": 40506775, "NEXT_DOWN": 40506774, "MAIN_RIV": 41023100, "LENGTH_KM": 5.8, "DIST_DN_KM": 2456.1, "DIST_UP_KM": 651.9, "CATCH_SKM": 24.38, "UPLAND_SKM": 59690.3, "ENDORHEIC": 0, "DIS_AV_CMS": 127.624, "ORD_STRA": 7, "ORD_CLAS": 2, "ORD_FLOW": 4, "HYBAS_L12": 4120609560 }, "geometry": { "type": "MultiLineString", "coordinates": [ [ [ 76.402083333333024, 35.172916666666104 ], [ 76.393749999999699, 35.172916666666104 ], [ 76.389583333333036, 35.177083333332753 ], [ 76.38124999999971, 35.177083333332753 ], [ 76.37708333333299, 35.181249999999459 ], [ 76.368749999999665, 35.181249999999459 ], [ 76.364583333333059, 35.177083333332753 ], [ 76.360416666666339, 35.177083333332753 ], [ 76.356249999999847, 35.172916666666104 ], [ 76.34791666666635, 35.172916666666104 ] ] ] } },
{ "type": "Feature", "properties": { "HYRIV_ID": 40506776, "NEXT_DOWN": 40506775, "MAIN_RIV": 41023100, "LENGTH_KM": 1.95, "DIST_DN_KM": 2462.1, "DIST_UP_KM": 646.0, "CATCH_SKM": 6.14, "UPLAND_SKM": 59620.8, "ENDORHEIC": 0, "DIS_AV_CMS": 127.355, "ORD_STRA": 7, "ORD_CLAS": 2, "ORD_FLOW": 4, "HYBAS_L12": 4120609560 }, "geometry": { "type": "MultiLineString", "coordinates": [ [ [ 76.418749999999733, 35.181249999999459 ], [ 76.41458333333307, 35.177083333332753 ], [ 76.406249999999744, 35.177083333332753 ], [ 76.402083333333024, 35.172916666666104 ] ] ] } },
{ "type": "Feature", "properties": { "HYRIV_ID": 40507533, "NEXT_DOWN": 40506626, "MAIN_RIV": 41023100, "LENGTH_KM": 3.46, "DIST_DN_KM": 2465.4, "DIST_UP_KM": 642.7, "CATCH_SKM": 5.97, "UPLAND_SKM": 55954.9, "ENDORHEIC": 0, "DIS_AV_CMS": 115.701, "ORD_STRA": 7, "ORD_CLAS": 2, "ORD_FLOW": 4, "HYBAS_L12": 4120609270 }, "geometry": { "type": "MultiLineString", "coordinates": [ [ [ 76.452083333333093, 35.152083333332804 ], [ 76.443749999999767, 35.16041666666613 ], [ 76.443749999999767, 35.164583333332779 ], [ 76.431249999999778, 35.177083333332753 ] ] ] } },
{ "type": "Feature", "properties": { "HYRIV_ID": 40508166, "NEXT_DOWN": 40506624, "MAIN_RIV": 41023100, "LENGTH_KM": 7.23, "DIST_DN_KM": 2407.4, "DIST_UP_KM": 945.4, "CATCH_SKM": 34.92, "UPLAND_SKM": 71326.6, "ENDORHEIC": 0, "DIS_AV_CMS": 787.563, "ORD_STRA": 7, "ORD_CLAS": 1, "ORD_FLOW": 4, "HYBAS_L12": 4120609550 }, "geometry": { "type": "MultiLineString", "coordinates": [ [ [ 75.964583333333024, 35.135416666666124 ], [ 75.964583333333024, 35.139583333332787 ], [ 75.956249999999699, 35.147916666666113 ], [ 75.952083333333036, 35.147916666666113 ], [ 75.939583333333161, 35.16041666666613 ], [ 75.931249999999665, 35.16041666666613 ], [ 75.927083333333115, 35.164583333332779 ], [ 75.922916666666339, 35.164583333332779 ], [ 75.914583333333127, 35.172916666666104 ], [ 75.914583333333127, 35.177083333332753 ] ] ] } },
{ "type": "Feature", "properties": { "HYRIV_ID": 40509587, "NEXT_DOWN": 40508166, "MAIN_RIV": 41023100, "LENGTH_KM": 5.31, "DIST_DN_KM": 2414.8, "DIST_UP_KM": 938.1, "CATCH_SKM": 29.5, "UPLAND_SKM": 70983.9, "ENDORHEIC": 0, "DIS_AV_CMS": 784.576, "ORD_STRA": 7, "ORD_CLAS": 1, "ORD_FLOW": 4, "HYBAS_L12": 4120610740 }, "geometry": { "type": "MultiLineString", "coordinates": [ [ [ 75.985416666666339, 35.093749999999424 ], [ 75.981249999999676, 35.097916666666116 ], [ 75.981249999999676, 35.102083333332779 ], [ 75.977083333333013, 35.106249999999442 ], [ 75.977083333333013, 35.118749999999459 ], [ 75.97291666666635, 35.122916666666107 ], [ 75.97291666666635, 35.12708333333277 ], [ 75.964583333333024, 35.135416666666124 ] ] ] } },
{ "type": "Feature", "properties": { "HYRIV_ID": 40509588, "NEXT_DOWN": 40509587, "MAIN_RIV": 41023100, "LENGTH_KM": 1.52, "DIST_DN_KM": 2420.0, "DIST_UP_KM": 932.9, "CATCH_SKM": 3.69, "UPLAND_SKM": 70914.3, "ENDORHEIC": 0, "DIS_AV_CMS": 784.108, "ORD_STRA": 7, "ORD_CLAS": 1, "ORD_FLOW": 4, "HYBAS_L12": 4120610740 }, "geometry": { "type": "MultiLineString", "coordinates": [ [ [ 76.002083333333047, 35.093749999999424 ], [ 75.985416666666339, 35.093749999999424 ] ] ] } },
{ "type": "Feature", "properties": { "HYRIV_ID": 40511009, "NEXT_DOWN": 40509588, "MAIN_RIV": 41023100, "LENGTH_KM": 9.24, "DIST_DN_KM": 2421.5, "DIST_UP_KM": 931.4, "CATCH_SKM": 41.98, "UPLAND_SKM": 70608.6, "ENDORHEIC": 0, "DIS_AV_CMS": 781.258, "ORD_STRA": 7, "ORD_CLAS": 1, "ORD_FLOW": 4, "HYBAS_L12": 4120611790 }, "geometry": { "type": "MultiLineString", "coordinates": [ [ [ 76.060416666666441, 35.060416666666107 ], [ 76.056249999999665, 35.056249999999459 ], [ 76.047916666666339, 35.056249999999459 ], [ 76.04374999999979, 35.060416666666107 ], [ 76.04374999999979, 35.072916666666124 ], [ 76.039583333333127, 35.077083333332787 ], [ 76.039583333333127, 35.08124999999945 ], [ 76.04374999999979, 35.085416666666099 ], [ 76.039583333333127, 35.089583333332762 ], [ 76.031249999999744, 35.089583333332762 ], [ 76.027083333333081, 35.093749999999424 ], [ 76.002083333333047, 35.093749999999424 ] ] ] } },
{ "type": "Feature", "properties": { "HYRIV_ID": 40511327, "NEXT_DOWN": 40511009, "MAIN_RIV": 41023100, "LENGTH_KM": 2.04, "DIST_DN_KM": 2430.7, "DIST_UP_KM": 922.2, "CATCH_SKM": 7.03, "UPLAND_SKM": 70524.8, "ENDORHEIC": 0, "DIS_AV_CMS": 780.972, "ORD_STRA": 7, "ORD_CLAS": 1, "ORD_FLOW": 4, "HYBAS_L12": 4120611790 }, "geometry": { "type": "MultiLineString", "coordinates": [ [ [ 76.072916666666373, 35.04791666666609 ], [ 76.072916666666373, 35.052083333332753 ], [ 76.06458333333299, 35.060416666666107 ], [ 76.060416666666441, 35.060416666666107 ] ] ] } },
{ "type": "Feature", "properties": { "HYRIV_ID": 40511971, "NEXT_DOWN": 40511327, "MAIN_RIV": 41023100, "LENGTH_KM": 3.26, "DIST_DN_KM": 2432.8, "DIST_UP_KM": 920.1, "CATCH_SKM": 10.72, "UPLAND_SKM": 70473.6, "ENDORHEIC": 0, "DIS_AV_CMS": 780.636, "ORD_STRA": 7, "ORD_CLAS": 1, "ORD_FLOW": 4, "HYBAS_L12": 4121376630 }, "geometry": { "type": "MultiLineString", "coordinates": [ [ [ 76.093749999999687, 35.031249999999453 ], [ 76.081249999999699, 35.031249999999453 ], [ 76.072916666666373, 35.039583333332779 ], [ 76.072916666666373, 35.04791666666609 ] ] ] } },
{ "type": "Feature", "properties": { "HYRIV_ID": 40512253, "NEXT_DOWN": 40511971, "MAIN_RIV": 41023100, "LENGTH_KM": 3.91, "DIST_DN_KM": 2436.0, "DIST_UP_KM": 916.9, "CATCH_SKM": 17.75, "UPLAND_SKM": 70363.5, "ENDORHEIC": 0, "DIS_AV_CMS": 779.864, "ORD_STRA": 7, "ORD_CLAS": 1, "ORD_FLOW": 4, "HYBAS_L12": 4121376630 }, "geometry": { "type": "MultiLineString", "coordinates": [ [ [ 76.127083333333047, 35.022916666666099 ], [ 76.122916666666384, 35.022916666666099 ], [ 76.114583333333059, 35.031249999999453 ], [ 76.106249999999733, 35.031249999999453 ], [ 76.102083333333013, 35.035416666666116 ], [ 76.09791666666635, 35.031249999999453 ], [ 76.093749999999687, 35.031249999999453 ] ] ] } },
{ "type": "Feature", "properties": { "HYRIV_ID": 40513224, "NEXT_DOWN": 40512253, "MAIN_RIV": 41023100, "LENGTH_KM": 3.46, "DIST_DN_KM": 2440.1, "DIST_UP_KM": 912.8, "CATCH_SKM": 21.27, "UPLAND_SKM": 70323.1, "ENDORHEIC": 0, "DIS_AV_CMS": 779.714, "ORD_STRA": 7, "ORD_CLAS": 1, "ORD_FLOW": 4, "HYBAS_L12": 4121376880 }, "geometry": { "type": "MultiLineString", "coordinates": [ [ [ 76.147916666666418, 34.997916666666107 ], [ 76.147916666666418, 35.00208333333277 ], [ 76.127083333333047, 35.022916666666099 ] ] ] } },
{ "type": "Feature", "properties": { "HYRIV_ID": 40514043, "NEXT_DOWN": 40513224, "MAIN_RIV": 41023100, "LENGTH_KM": 2.59, "DIST_DN_KM": 2443.5, "DIST_UP_KM": 909.3, "CATCH_SKM": 11.61, "UPLAND_SKM": 70290.6, "ENDORHEIC": 0, "DIS_AV_CMS": 779.668, "ORD_STRA": 7, "ORD_CLAS": 1, "ORD_FLOW": 4, "HYBAS_L12": 4121376880 }, "geometry": { "type": "MultiLineString", "coordinates": [ [ [ 76.156249999999744, 34.977083333332779 ], [ 76.152083333333081, 34.981249999999427 ], [ 76.152083333333081, 34.993749999999444 ], [ 76.147916666666418, 34.997916666666107 ] ] ] } },
{ "type": "Feature", "properties": { "HYRIV_ID": 40514530, "NEXT_DOWN": 40514043, "MAIN_RIV": 41023100, "LENGTH_KM": 5.05, "DIST_DN_KM": 2446.1, "DIST_UP_KM": 906.7, "CATCH_SKM": 25.33, "UPLAND_SKM": 70254.5, "ENDORHEIC": 0, "DIS_AV_CMS": 779.886, "ORD_STRA": 7, "ORD_CLAS": 1, "ORD_FLOW": 4, "HYBAS_L12": 4121376880 }, "geometry": { "type": "MultiLineString", "coordinates": [ [ [ 76.20208333333315, 34.96874999999941 ], [ 76.172916666666453, 34.96874999999941 ], [ 76.168749999999733, 34.964583333332762 ], [ 76.156249999999744, 34.977083333332779 ] ] ] } },
{ "type": "Feature", "properties": { "HYRIV_ID": 40514689, "NEXT_DOWN": 40514530, "MAIN_RIV": 41023100, "LENGTH_KM": 1.2, "DIST_DN_KM": 2451.2, "DIST_UP_KM": 901.7, "CATCH_SKM": 4.4, "UPLAND_SKM": 70129.8, "ENDORHEIC": 0, "DIS_AV_CMS": 780.21, "ORD_STRA": 7, "ORD_CLAS": 1, "ORD_FLOW": 4, "HYBAS_L12": 4121377670 }, "geometry": { "type": "MultiLineString", "coordinates": [ [ [ 76.210416666666362, 34.960416666666099 ], [ 76.20208333333315, 34.96874999999941 ] ] ] } },
{ "type": "Feature", "properties": { "HYRIV_ID": 40515254, "NEXT_DOWN": 40514689, "MAIN_RIV": 41023100, "LENGTH_KM": 2.26, "DIST_DN_KM": 2452.2, "DIST_UP_KM": 900.6, "CATCH_SKM": 5.98, "UPLAND_SKM": 70098.4, "ENDORHEIC": 0, "DIS_AV_CMS": 780.219, "ORD_STRA": 7, "ORD_CLAS": 1, "ORD_FLOW": 4, "HYBAS_L12": 4121377670 }, "geometry": { "type": "MultiLineString", "coordinates": [ [ [ 76.22291666666635, 34.943749999999461 ], [ 76.210416666666362, 34.956249999999436 ], [ 76.210416666666362, 34.960416666666099 ] ] ] } },
{ "type": "Feature", "properties": { "HYRIV_ID": 40516710, "NEXT_DOWN": 40515254, "MAIN_RIV": 41023100, "LENGTH_KM": 6.48, "DIST_DN_KM": 2454.7, "DIST_UP_KM": 898.2, "CATCH_SKM": 27.63, "UPLAND_SKM": 69891.7, "ENDORHEIC": 0, "DIS_AV_CMS": 779.455, "ORD_STRA": 7, "ORD_CLAS": 1, "ORD_FLOW": 4, "HYBAS_L12": 4120616770 }, "geometry": { "type": "MultiLineString", "coordinates": [ [ [ 76.197916666666487, 34.90208333333279 ], [ 76.206249999999699, 34.910416666666116 ], [ 76.206249999999699, 34.914583333332764 ], [ 76.210416666666362, 34.918749999999427 ], [ 76.218749999999687, 34.918749999999427 ], [ 76.227083333333013, 34.927083333332781 ], [ 76.227083333333013, 34.931249999999444 ], [ 76.231249999999733, 34.935416666666107 ], [ 76.22291666666635, 34.943749999999461 ] ] ] } },
{ "type": "Feature", "properties": { "HYRIV_ID": 40516881, "NEXT_DOWN": 40516710, "MAIN_RIV": 41023100, "LENGTH_KM": 0.46, "DIST_DN_KM": 2461.0, "DIST_UP_KM": 891.9, "CATCH_SKM": 1.41, "UPLAND_SKM": 69849.6, "ENDORHEIC": 0, "DIS_AV_CMS": 780.302, "ORD_STRA": 7, "ORD_CLAS": 1, "ORD_FLOW": 4, "HYBAS_L12": 4120616770 }, "geometry": { "type": "MultiLineString", "coordinates": [ [ [ 76.197916666666487, 34.897916666666099 ], [ 76.197916666666487, 34.90208333333279 ] ] ] } },
{ "type": "Feature", "properties": { "HYRIV_ID": 40518056, "NEXT_DOWN": 40516881, "MAIN_RIV": 41023100, "LENGTH_KM": 4.11, "DIST_DN_KM": 2461.6, "DIST_UP_KM": 891.3, "CATCH_SKM": 9.86, "UPLAND_SKM": 69757.5, "ENDORHEIC": 0, "DIS_AV_CMS": 779.825, "ORD_STRA": 7, "ORD_CLAS": 1, "ORD_FLOW": 4, "HYBAS_L12": 4120616770 }, "geometry": { "type": "MultiLineString", "coordinates": [ [ [ 76.185416666666441, 34.864583333332781 ], [ 76.189583333333104, 34.868749999999444 ], [ 76.189583333333104, 34.885416666666124 ], [ 76.193749999999767, 34.889583333332773 ], [ 76.193749999999767, 34.893749999999436 ], [ 76.197916666666487, 34.897916666666099 ] ] ] } },
{ "type": "Feature", "properties": { "HYRIV_ID": 40518968, "NEXT_DOWN": 40518056, "MAIN_RIV": 41023100, "LENGTH_KM": 3.19, "DIST_DN_KM": 2465.6, "DIST_UP_KM": 887.3, "CATCH_SKM": 8.98, "UPLAND_SKM": 69616.6, "ENDORHEIC": 0, "DIS_AV_CMS": 779.375, "ORD_STRA": 7, "ORD_CLAS": 1, "ORD_FLOW": 4, "HYBAS_L12": 4120619470 }, "geometry": { "type": "MultiLineString", "coordinates": [ [ [ 76.189583333333104, 34.839583333332747 ], [ 76.193749999999767, 34.843749999999453 ], [ 76.193749999999767, 34.847916666666116 ], [ 76.185416666666441, 34.856249999999427 ], [ 76.185416666666441, 34.864583333332781 ] ] ] } },
{ "type": "Feature", "properties": { "HYRIV_ID": 40519126, "NEXT_DOWN": 40518968, "MAIN_RIV": 41023100, "LENGTH_KM": 0.46, "DIST_DN_KM": 2468.8, "DIST_UP_KM": 884.1, "CATCH_SKM": 0.7, "UPLAND_SKM": 69508.0, "ENDORHEIC": 0, "DIS_AV_CMS": 778.969, "ORD_STRA": 7, "ORD_CLAS": 1, "ORD_FLOW": 4, "HYBAS_L12": 4120619470 }, "geometry": { "type": "MultiLineString", "coordinates": [ [ [ 76.189583333333104, 34.835416666666127 ], [ 76.189583333333104, 34.839583333332747 ] ] ] } },
{ "type": "Feature", "properties": { "HYRIV_ID": 40519432, "NEXT_DOWN": 40519126, "MAIN_RIV": 41023100, "LENGTH_KM": 0.93, "DIST_DN_KM": 2469.3, "DIST_UP_KM": 883.6, "CATCH_SKM": 2.11, "UPLAND_SKM": 69492.3, "ENDORHEIC": 0, "DIS_AV_CMS": 778.954, "ORD_STRA": 7, "ORD_CLAS": 1, "ORD_FLOW": 4, "HYBAS_L12": 4120619470 }, "geometry": { "type": "MultiLineString", "coordinates": [ [ [ 76.189583333333104, 34.827083333332773 ], [ 76.189583333333104, 34.835416666666127 ] ] ] } },
{ "type": "Feature", "properties": { "HYRIV_ID": 40520071, "NEXT_DOWN": 40519432, "MAIN_RIV": 41023100, "LENGTH_KM": 2.13, "DIST_DN_KM": 2470.3, "DIST_UP_KM": 882.5, "CATCH_SKM": 7.75, "UPLAND_SKM": 69474.9, "ENDORHEIC": 0, "DIS_AV_CMS": 779.002, "ORD_STRA": 7, "ORD_CLAS": 1, "ORD_FLOW": 4, "HYBAS_L12": 4120619470 }, "geometry": { "type": "MultiLineString", "coordinates": [ [ [ 76.197916666666487, 34.810416666666093 ], [ 76.197916666666487, 34.814583333332799 ], [ 76.193749999999767, 34.818749999999461 ], [ 76.193749999999767, 34.82291666666611 ], [ 76.189583333333104, 34.827083333332773 ] ] ] } },
{ "type": "Feature", "properties": { "HYRIV_ID": 40522265, "NEXT_DOWN": 40520071, "MAIN_RIV": 41023100, "LENGTH_KM": 7.77, "DIST_DN_KM": 2472.5, "DIST_UP_KM": 880.4, "CATCH_SKM": 39.67, "UPLAND_SKM": 69427.4, "ENDORHEIC": 0, "DIS_AV_CMS": 779.047, "ORD_STRA": 7, "ORD_CLAS": 1, "ORD_FLOW": 4, "HYBAS_L12": 4120619470 }, "geometry": { "type": "MultiLineString", "coordinates": [ [ [ 76.214583333333024, 34.747916666666136 ], [ 76.214583333333024, 34.752083333332799 ], [ 76.206249999999699, 34.76041666666611 ], [ 76.206249999999699, 34.772916666666084 ], [ 76.20208333333315, 34.77708333333279 ], [ 76.20208333333315, 34.781249999999453 ], [ 76.197916666666487, 34.785416666666102 ], [ 76.20208333333315, 34.789583333332764 ], [ 76.20208333333315, 34.806249999999444 ], [ 76.197916666666487, 34.810416666666093 ] ] ] } },
{ "type": "Feature", "properties": { "HYRIV_ID": 40522696, "NEXT_DOWN": 40522265, "MAIN_RIV": 41023100, "LENGTH_KM": 4.46, "DIST_DN_KM": 2480.3, "DIST_UP_KM": 189.5, "CATCH_SKM": 13.41, "UPLAND_SKM": 10494.5, "ENDORHEIC": 0, "DIS_AV_CMS": 190.959, "ORD_STRA": 6, "ORD_CLAS": 2, "ORD_FLOW": 4, "HYBAS_L12": 4120623270 }, "geometry": { "type": "MultiLineString", "coordinates": [ [ [ 76.172916666666453, 34.735416666666119 ], [ 76.177083333333115, 34.739583333332781 ], [ 76.185416666666441, 34.739583333332781 ], [ 76.189583333333104, 34.743749999999444 ], [ 76.210416666666362, 34.743749999999444 ], [ 76.214583333333024, 34.747916666666136 ] ] ] } },
{ "type": "Feature", "properties": { "HYRIV_ID": 40522827, "NEXT_DOWN": 40522265, "MAIN_RIV": 41023100, "LENGTH_KM": 3.92, "DIST_DN_KM": 2480.1, "DIST_UP_KM": 872.8, "CATCH_SKM": 20.11, "UPLAND_SKM": 58893.3, "ENDORHEIC": 0, "DIS_AV_CMS": 589.179, "ORD_STRA": 6, "ORD_CLAS": 1, "ORD_FLOW": 4, "HYBAS_L12": 4120623190 }, "geometry": { "type": "MultiLineString", "coordinates": [ [ [ 76.247916666666384, 34.731249999999456 ], [ 76.239583333333059, 34.731249999999456 ], [ 76.227083333333013, 34.743749999999444 ], [ 76.22291666666635, 34.743749999999444 ], [ 76.218749999999687, 34.747916666666136 ], [ 76.214583333333024, 34.747916666666136 ] ] ] } },
{ "type": "Feature", "properties": { "HYRIV_ID": 40507865, "NEXT_DOWN": 40507533, "MAIN_RIV": 41023100, "LENGTH_KM": 1.58, "DIST_DN_KM": 2468.7, "DIST_UP_KM": 639.4, "CATCH_SKM": 7.9, "UPLAND_SKM": 55923.8, "ENDORHEIC": 0, "DIS_AV_CMS": 115.582, "ORD_STRA": 7, "ORD_CLAS": 2, "ORD_FLOW": 4, "HYBAS_L12": 4120609270 }, "geometry": { "type": "MultiLineString", "coordinates": [ [ [ 76.464583333333024, 35.14374999999945 ], [ 76.456249999999756, 35.152083333332804 ], [ 76.452083333333093, 35.152083333332804 ] ] ] } },
{ "type": "Feature", "properties": { "HYRIV_ID": 40508722, "NEXT_DOWN": 40507865, "MAIN_RIV": 41023100, "LENGTH_KM": 3.05, "DIST_DN_KM": 2470.4, "DIST_UP_KM": 637.7, "CATCH_SKM": 9.13, "UPLAND_SKM": 55901.8, "ENDORHEIC": 0, "DIS_AV_CMS": 115.501, "ORD_STRA": 7, "ORD_CLAS": 2, "ORD_FLOW": 4, "HYBAS_L12": 4120609270 }, "geometry": { "type": "MultiLineString", "coordinates": [ [ [ 76.47291666666635, 35.118749999999459 ], [ 76.47291666666635, 35.122916666666107 ], [ 76.468749999999687, 35.12708333333277 ], [ 76.468749999999687, 35.139583333332787 ], [ 76.464583333333024, 35.14374999999945 ] ] ] } },
{ "type": "Feature", "properties": { "HYRIV_ID": 40509589, "NEXT_DOWN": 40508722, "MAIN_RIV": 41023100, "LENGTH_KM": 2.78, "DIST_DN_KM": 2473.3, "DIST_UP_KM": 634.8, "CATCH_SKM": 7.2, "UPLAND_SKM": 55880.9, "ENDORHEIC": 0, "DIS_AV_CMS": 115.427, "ORD_STRA": 7, "ORD_CLAS": 2, "ORD_FLOW": 4, "HYBAS_L12": 4120609270 }, "geometry": { "type": "MultiLineString", "coordinates": [ [ [ 76.47291666666635, 35.093749999999424 ], [ 76.47291666666635, 35.118749999999459 ] ] ] } },
{ "type": "Feature", "properties": { "HYRIV_ID": 40510172, "NEXT_DOWN": 40509589, "MAIN_RIV": 41023100, "LENGTH_KM": 2.26, "DIST_DN_KM": 2476.1, "DIST_UP_KM": 632.0, "CATCH_SKM": 8.78, "UPLAND_SKM": 55802.9, "ENDORHEIC": 0, "DIS_AV_CMS": 115.081, "ORD_STRA": 7, "ORD_CLAS": 2, "ORD_FLOW": 4, "HYBAS_L12": 4121375940 }, "geometry": { "type": "MultiLineString", "coordinates": [ [ [ 76.485416666666339, 35.077083333332787 ], [ 76.47291666666635, 35.089583333332762 ], [ 76.47291666666635, 35.093749999999424 ] ] ] } },
{ "type": "Feature", "properties": { "HYRIV_ID": 40511328, "NEXT_DOWN": 40510172, "MAIN_RIV": 41023100, "LENGTH_KM": 3.92, "DIST_DN_KM": 2478.5, "DIST_UP_KM": 629.6, "CATCH_SKM": 15.46, "UPLAND_SKM": 55760.4, "ENDORHEIC": 0, "DIS_AV_CMS": 114.912, "ORD_STRA": 7, "ORD_CLAS": 2, "ORD_FLOW": 4, "HYBAS_L12": 4121375940 }, "geometry": { "type": "MultiLineString", "coordinates": [ [ [ 76.50624999999971, 35.04791666666609 ], [ 76.50624999999971, 35.056249999999459 ], [ 76.485416666666339, 35.077083333332787 ] ] ] } },
{ "type": "Feature", "properties": { "HYRIV_ID": 40512556, "NEXT_DOWN": 40511328, "MAIN_RIV": 41023100, "LENGTH_KM": 3.84, "DIST_DN_KM": 2482.3, "DIST_UP_KM": 625.8, "CATCH_SKM": 23.55, "UPLAND_SKM": 55732.1, "ENDORHEIC": 0, "DIS_AV_CMS": 114.794, "ORD_STRA": 7, "ORD_CLAS": 2, "ORD_FLOW": 4, "HYBAS_L12": 4121375940 }, "geometry": { "type": "MultiLineString", "coordinates": [ [ [ 76.510416666666373, 35.014583333332787 ], [ 76.510416666666373, 35.039583333332779 ], [ 76.50624999999971, 35.043749999999442 ], [ 76.50624999999971, 35.04791666666609 ] ] ] } },
{ "type": "Feature", "properties": { "HYRIV_ID": 40513712, "NEXT_DOWN": 40512556, "MAIN_RIV": 41023100, "LENGTH_KM": 3.92, "DIST_DN_KM": 2486.3, "DIST_UP_KM": 621.8, "CATCH_SKM": 15.47, "UPLAND_SKM": 55628.7, "ENDORHEIC": 0, "DIS_AV_CMS": 114.309, "ORD_STRA": 7, "ORD_CLAS": 2, "ORD_FLOW": 4, "HYBAS_L12": 4121377080 }, "geometry": { "type": "MultiLineString", "coordinates": [ [ [ 76.531249999999687, 34.98541666666609 ], [ 76.531249999999687, 34.989583333332796 ], [ 76.527083333333024, 34.993749999999444 ], [ 76.527083333333024, 34.997916666666107 ], [ 76.510416666666373, 35.014583333332787 ] ] ] } },
{ "type": "Feature", "properties": { "HYRIV_ID": 40514044, "NEXT_DOWN": 40513712, "MAIN_RIV": 41023100, "LENGTH_KM": 1.2, "DIST_DN_KM": 2490.2, "DIST_UP_KM": 617.9, "CATCH_SKM": 2.29, "UPLAND_SKM": 55542.8, "ENDORHEIC": 0, "DIS_AV_CMS": 113.959, "ORD_STRA": 7, "ORD_CLAS": 2, "ORD_FLOW": 4, "HYBAS_L12": 4121377080 }, "geometry": { "type": "MultiLineString", "coordinates": [ [ [ 76.53958333333307, 34.977083333332779 ], [ 76.531249999999687, 34.98541666666609 ] ] ] } },
{ "type": "Feature", "properties": { "HYRIV_ID": 40515001, "NEXT_DOWN": 40514044, "MAIN_RIV": 41023100, "LENGTH_KM": 6.25, "DIST_DN_KM": 2491.4, "DIST_UP_KM": 616.7, "CATCH_SKM": 36.06, "UPLAND_SKM": 55397.2, "ENDORHEIC": 0, "DIS_AV_CMS": 113.223, "ORD_STRA": 7, "ORD_CLAS": 2, "ORD_FLOW": 4, "HYBAS_L12": 4120615640 }, "geometry": { "type": "MultiLineString", "coordinates": [ [ [ 76.593749999999801, 34.952083333332787 ], [ 76.581249999999756, 34.952083333332787 ], [ 76.577083333333093, 34.956249999999436 ], [ 76.572916666666316, 34.956249999999436 ], [ 76.568749999999767, 34.960416666666099 ], [ 76.564583333333104, 34.960416666666099 ], [ 76.560416666666384, 34.964583333332762 ], [ 76.556249999999721, 34.964583333332762 ], [ 76.552083333333059, 34.96874999999941 ], [ 76.547916666666396, 34.96874999999941 ], [ 76.53958333333307, 34.977083333332779 ] ] ] } },
{ "type": "Feature", "properties": { "HYRIV_ID": 40515395, "NEXT_DOWN": 40515001, "MAIN_RIV": 41023100, "LENGTH_KM": 1.53, "DIST_DN_KM": 2497.6, "DIST_UP_KM": 610.5, "CATCH_SKM": 3.17, "UPLAND_SKM": 55312.2, "ENDORHEIC": 0, "DIS_AV_CMS": 112.9, "ORD_STRA": 7, "ORD_CLAS": 2, "ORD_FLOW": 4, "HYBAS_L12": 4120615640 }, "geometry": { "type": "MultiLineString", "coordinates": [ [ [ 76.59791666666635, 34.939583333332799 ], [ 76.59791666666635, 34.947916666666124 ], [ 76.593749999999801, 34.952083333332787 ] ] ] } },
{ "type": "Feature", "properties": { "HYRIV_ID": 40515539, "NEXT_DOWN": 40515395, "MAIN_RIV": 41023100, "LENGTH_KM": 2.12, "DIST_DN_KM": 2499.2, "DIST_UP_KM": 608.9, "CATCH_SKM": 6.69, "UPLAND_SKM": 55108.0, "ENDORHEIC": 0, "DIS_AV_CMS": 111.878, "ORD_STRA": 7, "ORD_CLAS": 2, "ORD_FLOW": 4, "HYBAS_L12": 4120616970 }, "geometry": { "type": "MultiLineString", "coordinates": [ [ [ 76.618749999999835, 34.935416666666107 ], [ 76.602083333333013, 34.935416666666107 ], [ 76.59791666666635, 34.939583333332799 ] ] ] } },
{ "type": "Feature", "properties": { "HYRIV_ID": 40515689, "NEXT_DOWN": 40515539, "MAIN_RIV": 41023100, "LENGTH_KM": 3.26, "DIST_DN_KM": 2501.1, "DIST_UP_KM": 607.0, "CATCH_SKM": 17.24, "UPLAND_SKM": 55088.3, "ENDORHEIC": 0, "DIS_AV_CMS": 111.805, "ORD_STRA": 7, "ORD_CLAS": 2, "ORD_FLOW": 4, "HYBAS_L12": 4120616970 }, "geometry": { "type": "MultiLineString", "coordinates": [ [ [ 76.652083333333024, 34.931249999999444 ], [ 76.635416666666316, 34.931249999999444 ], [ 76.63124999999971, 34.935416666666107 ], [ 76.618749999999835, 34.935416666666107 ] ] ] } },
{ "type": "Feature", "properties": { "HYRIV_ID": 40515847, "NEXT_DOWN": 40515689, "MAIN_RIV": 41023100, "LENGTH_KM": 3.26, "DIST_DN_KM": 2504.5, "DIST_UP_KM": 603.6, "CATCH_SKM": 14.26, "UPLAND_SKM": 55014.6, "ENDORHEIC": 0, "DIS_AV_CMS": 111.492, "ORD_STRA": 7, "ORD_CLAS": 2, "ORD_FLOW": 4, "HYBAS_L12": 4120616970 }, "geometry": { "type": "MultiLineString", "coordinates": [ [ [ 76.685416666666384, 34.927083333332781 ], [ 76.656249999999687, 34.927083333332781 ], [ 76.652083333333024, 34.931249999999444 ] ] ] } },
{ "type": "Feature", "properties": { "HYRIV_ID": 40515849, "NEXT_DOWN": 40515996, "MAIN_RIV": 41023100, "LENGTH_KM": 6.03, "DIST_DN_KM": 2511.7, "DIST_UP_KM": 596.4, "CATCH_SKM": 27.81, "UPLAND_SKM": 54784.1, "ENDORHEIC": 0, "DIS_AV_CMS": 110.532, "ORD_STRA": 7, "ORD_CLAS": 2, "ORD_FLOW": 4, "HYBAS_L12": 4120617380 }, "geometry": { "type": "MultiLineString", "coordinates": [ [ [ 76.777083333333024, 34.935416666666107 ], [ 76.772916666666362, 34.931249999999444 ], [ 76.75208333333299, 34.931249999999444 ], [ 76.747916666666498, 34.935416666666107 ], [ 76.743749999999665, 34.935416666666107 ], [ 76.735416666666339, 34.927083333332781 ], [ 76.731249999999676, 34.927083333332781 ], [ 76.727083333333013, 34.931249999999444 ], [ 76.722916666666464, 34.931249999999444 ] ] ] } },
{ "type": "Feature", "properties": { "HYRIV_ID": 40515995, "NEXT_DOWN": 40515847, "MAIN_RIV": 41023100, "LENGTH_KM": 1.74, "DIST_DN_KM": 2507.6, "DIST_UP_KM": 600.5, "CATCH_SKM": 7.21, "UPLAND_SKM": 54958.1, "ENDORHEIC": 0, "DIS_AV_CMS": 111.283, "ORD_STRA": 7, "ORD_CLAS": 2, "ORD_FLOW": 4, "HYBAS_L12": 4120616970 }, "geometry": { "type": "MultiLineString", "coordinates": [ [ [ 76.702083333333093, 34.922916666666133 ], [ 76.69791666666643, 34.927083333332781 ], [ 76.685416666666384, 34.927083333332781 ] ] ] } },
{ "type": "Feature", "properties": { "HYRIV_ID": 40515996, "NEXT_DOWN": 40515995, "MAIN_RIV": 41023100, "LENGTH_KM": 2.34, "DIST_DN_KM": 2509.3, "DIST_UP_KM": 598.8, "CATCH_SKM": 10.39, "UPLAND_SKM": 54832.8, "ENDORHEIC": 0, "DIS_AV_CMS": 110.714, "ORD_STRA": 7, "ORD_CLAS": 2, "ORD_FLOW": 4, "HYBAS_L12": 4120617380 }, "geometry": { "type": "MultiLineString", "coordinates": [ [ [ 76.722916666666464, 34.931249999999444 ], [ 76.714583333333081, 34.922916666666133 ], [ 76.702083333333093, 34.922916666666133 ] ] ] } },
{ "type": "Feature", "properties": { "HYRIV_ID": 40516285, "NEXT_DOWN": 40515849, "MAIN_RIV": 41023100, "LENGTH_KM": 3.35, "DIST_DN_KM": 2517.7, "DIST_UP_KM": 590.4, "CATCH_SKM": 18.48, "UPLAND_SKM": 54539.7, "ENDORHEIC": 0, "DIS_AV_CMS": 109.651, "ORD_STRA": 7, "ORD_CLAS": 2, "ORD_FLOW": 4, "HYBAS_L12": 4120616980 }, "geometry": { "type": "MultiLineString", "coordinates": [ [ [ 76.793749999999676, 34.914583333332764 ], [ 76.793749999999676, 34.927083333332781 ], [ 76.78541666666635, 34.935416666666107 ], [ 76.777083333333024, 34.935416666666107 ] ] ] } },
{ "type": "Feature", "properties": { "HYRIV_ID": 40517058, "NEXT_DOWN": 40516285, "MAIN_RIV": 41023100, "LENGTH_KM": 2.86, "DIST_DN_KM": 2521.2, "DIST_UP_KM": 586.9, "CATCH_SKM": 13.03, "UPLAND_SKM": 54498.7, "ENDORHEIC": 0, "DIS_AV_CMS": 109.513, "ORD_STRA": 7, "ORD_CLAS": 2, "ORD_FLOW": 4, "HYBAS_L12": 4120616980 }, "geometry": { "type": "MultiLineString", "coordinates": [ [ [ 76.802083333333059, 34.893749999999436 ], [ 76.789583333333013, 34.906249999999453 ], [ 76.789583333333013, 34.910416666666116 ], [ 76.793749999999676, 34.914583333332764 ] ] ] } },
{ "type": "Feature", "properties": { "HYRIV_ID": 40517647, "NEXT_DOWN": 40517058, "MAIN_RIV": 41023100, "LENGTH_KM": 2.64, "DIST_DN_KM": 2523.9, "DIST_UP_KM": 584.2, "CATCH_SKM": 11.44, "UPLAND_SKM": 54472.3, "ENDORHEIC": 0, "DIS_AV_CMS": 109.419, "ORD_STRA": 7, "ORD_CLAS": 2, "ORD_FLOW": 4, "HYBAS_L12": 4120616980 }, "geometry": { "type": "MultiLineString", "coordinates": [ [ [ 76.81874999999971, 34.877083333332756 ], [ 76.81874999999971, 34.881249999999461 ], [ 76.806249999999721, 34.893749999999436 ], [ 76.802083333333059, 34.893749999999436 ] ] ] } },
{ "type": "Feature", "properties": { "HYRIV_ID": 40518512, "NEXT_DOWN": 40517647, "MAIN_RIV": 41023100, "LENGTH_KM": 3.05, "DIST_DN_KM": 2526.7, "DIST_UP_KM": 581.4, "CATCH_SKM": 11.27, "UPLAND_SKM": 54445.7, "ENDORHEIC": 0, "DIS_AV_CMS": 109.325, "ORD_STRA": 7, "ORD_CLAS": 2, "ORD_FLOW": 4, "HYBAS_L12": 4120616980 }, "geometry": { "type": "MultiLineString", "coordinates": [ [ [ 76.827083333333093, 34.852083333332764 ], [ 76.82291666666643, 34.856249999999427 ], [ 76.82291666666643, 34.872916666666107 ], [ 76.81874999999971, 34.877083333332756 ] ] ] } },
{ "type": "Feature", "properties": { "HYRIV_ID": 40518971, "NEXT_DOWN": 40518512, "MAIN_RIV": 41023100, "LENGTH_KM": 5.06, "DIST_DN_KM": 2529.8, "DIST_UP_KM": 578.3, "CATCH_SKM": 19.56, "UPLAND_SKM": 54290.6, "ENDORHEIC": 0, "DIS_AV_CMS": 108.631, "ORD_STRA": 7, "ORD_CLAS": 2, "ORD_FLOW": 4, "HYBAS_L12": 4120619890 }, "geometry": { "type": "MultiLineString", "coordinates": [ [ [ 76.872916666666441, 34.843749999999453 ], [ 76.868749999999665, 34.839583333332747 ], [ 76.864583333333002, 34.843749999999453 ], [ 76.847916666666464, 34.843749999999453 ], [ 76.843749999999744, 34.847916666666116 ], [ 76.831249999999756, 34.847916666666116 ], [ 76.827083333333093, 34.852083333332764 ] ] ] } },
{ "type": "Feature", "properties": { "HYRIV_ID": 40518972, "NEXT_DOWN": 40518971, "MAIN_RIV": 41023100, "LENGTH_KM": 0.6, "DIST_DN_KM": 2534.8, "DIST_UP_KM": 573.3, "CATCH_SKM": 0.35, "UPLAND_SKM": 54241.8, "ENDORHEIC": 0, "DIS_AV_CMS": 108.472, "ORD_STRA": 7, "ORD_CLAS": 2, "ORD_FLOW": 4, "HYBAS_L12": 4120619890 }, "geometry": { "type": "MultiLineString", "coordinates": [ [ [ 76.87708333333299, 34.839583333332747 ], [ 76.872916666666441, 34.843749999999453 ] ] ] } },
{ "type": "Feature", "properties": { "HYRIV_ID": 40519128, "NEXT_DOWN": 40518972, "MAIN_RIV": 41023100, "LENGTH_KM": 3.7, "DIST_DN_KM": 2535.4, "DIST_UP_KM": 572.7, "CATCH_SKM": 22.2, "UPLAND_SKM": 54171.8, "ENDORHEIC": 0, "DIS_AV_CMS": 108.16, "ORD_STRA": 7, "ORD_CLAS": 2, "ORD_FLOW": 4, "HYBAS_L12": 4120619890 }, "geometry": { "type": "MultiLineString", "coordinates": [ [ [ 76.91041666666635, 34.835416666666127 ], [ 76.902083333333024, 34.835416666666127 ], [ 76.897916666666362, 34.839583333332747 ], [ 76.885416666666316, 34.839583333332747 ], [ 76.88124999999971, 34.843749999999453 ], [ 76.87708333333299, 34.839583333332747 ] ] ] } },
{ "type": "Feature", "properties": { "HYRIV_ID": 40519936, "NEXT_DOWN": 40519128, "MAIN_RIV": 41023100, "LENGTH_KM": 5.88, "DIST_DN_KM": 2539.1, "DIST_UP_KM": 569.0, "CATCH_SKM": 21.15, "UPLAND_SKM": 54130.0, "ENDORHEIC": 0, "DIS_AV_CMS": 108.017, "ORD_STRA": 7, "ORD_CLAS": 2, "ORD_FLOW": 4, "HYBAS_L12": 4120619890 }, "geometry": { "type": "MultiLineString", "coordinates": [ [ [ 76.960416666666418, 34.818749999999461 ], [ 76.956249999999756, 34.814583333332799 ], [ 76.939583333333047, 34.814583333332799 ], [ 76.922916666666339, 34.831249999999478 ], [ 76.914583333333013, 34.831249999999478 ], [ 76.91041666666635, 34.835416666666127 ] ] ] } },
{ "type": "Feature", "properties": { "HYRIV_ID": 40520550, "NEXT_DOWN": 40519936, "MAIN_RIV": 41023100, "LENGTH_KM": 3.59, "DIST_DN_KM": 2544.8, "DIST_UP_KM": 563.3, "CATCH_SKM": 13.92, "UPLAND_SKM": 53974.2, "ENDORHEIC": 0, "DIS_AV_CMS": 107.473, "ORD_STRA": 7, "ORD_CLAS": 2, "ORD_FLOW": 4, "HYBAS_L12": 4120620520 }, "geometry": { "type": "MultiLineString", "coordinates": [ [ [ 76.97708333333307, 34.797916666666119 ], [ 76.97708333333307, 34.814583333332799 ], [ 76.972916666666407, 34.814583333332799 ], [ 76.968749999999744, 34.818749999999461 ], [ 76.960416666666418, 34.818749999999461 ] ] ] } },
{ "type": "Feature", "properties": { "HYRIV_ID": 40520551, "NEXT_DOWN": 40520666, "MAIN_RIV": 41023100, "LENGTH_KM": 1.74, "DIST_DN_KM": 2553.5, "DIST_UP_KM": 554.5, "CATCH_SKM": 2.64, "UPLAND_SKM": 53346.4, "ENDORHEIC": 0, "DIS_AV_CMS": 104.752, "ORD_STRA": 7, "ORD_CLAS": 2, "ORD_FLOW": 4, "HYBAS_L12": 4120621260 }, "geometry": { "type": "MultiLineString", "coordinates": [ [ [ 77.043749999999676, 34.797916666666119 ], [ 77.039583333333013, 34.802083333332781 ], [ 77.027083333333024, 34.802083333332781 ] ] ] } },
{ "type": "Feature", "properties": { "HYRIV_ID": 40520666, "NEXT_DOWN": 40520550, "MAIN_RIV": 41023100, "LENGTH_KM": 5.22, "DIST_DN_KM": 2548.5, "DIST_UP_KM": 559.6, "CATCH_SKM": 21.51, "UPLAND_SKM": 53487.1, "ENDORHEIC": 0, "DIS_AV_CMS": 105.169, "ORD_STRA": 7, "ORD_CLAS": 2, "ORD_FLOW": 4, "HYBAS_L12": 4120621530 }, "geometry": { "type": "MultiLineString", "coordinates": [ [ [ 77.027083333333024, 34.802083333332781 ], [ 77.018749999999642, 34.802083333332781 ], [ 77.014583333333036, 34.797916666666119 ], [ 77.00208333333299, 34.797916666666119 ], [ 76.997916666666441, 34.79374999999947 ], [ 76.98124999999979, 34.79374999999947 ], [ 76.97708333333307, 34.797916666666119 ] ] ] } },
{ "type": "Feature", "properties": { "HYRIV_ID": 40521336, "NEXT_DOWN": 40520551, "MAIN_RIV": 41023100, "LENGTH_KM": 11.0, "DIST_DN_KM": 2555.3, "DIST_UP_KM": 552.8, "CATCH_SKM": 61.33, "UPLAND_SKM": 53285.6, "ENDORHEIC": 0, "DIS_AV_CMS": 104.546, "ORD_STRA": 7, "ORD_CLAS": 2, "ORD_FLOW": 4, "HYBAS_L12": 4120621260 }, "geometry": { "type": "MultiLineString", "coordinates": [ [ [ 77.114583333333115, 34.772916666666084 ], [ 77.114583333333115, 34.785416666666102 ], [ 77.106249999999733, 34.79374999999947 ], [ 77.106249999999733, 34.806249999999444 ], [ 77.10208333333307, 34.810416666666093 ], [ 77.093749999999744, 34.810416666666093 ], [ 77.089583333333081, 34.814583333332799 ], [ 77.077083333333036, 34.802083333332781 ], [ 77.052083333333059, 34.802083333332781 ], [ 77.047916666666339, 34.797916666666119 ], [ 77.043749999999676, 34.797916666666119 ] ] ] } },
{ "type": "Feature", "properties": { "HYRIV_ID": 40521493, "NEXT_DOWN": 40521336, "MAIN_RIV": 41023100, "LENGTH_KM": 3.48, "DIST_DN_KM": 2566.5, "DIST_UP_KM": 541.6, "CATCH_SKM": 11.64, "UPLAND_SKM": 53185.4, "ENDORHEIC": 0, "DIS_AV_CMS": 104.439, "ORD_STRA": 7, "ORD_CLAS": 2, "ORD_FLOW": 4, "HYBAS_L12": 4120621260 }, "geometry": { "type": "MultiLineString", "coordinates": [ [ [ 77.147916666666362, 34.772916666666084 ], [ 77.13958333333315, 34.772916666666084 ], [ 77.135416666666316, 34.768749999999436 ], [ 77.118749999999665, 34.768749999999436 ], [ 77.114583333333115, 34.772916666666084 ] ] ] } },
{ "type": "Feature", "properties": { "HYRIV_ID": 40522403, "NEXT_DOWN": 40521493, "MAIN_RIV": 41023100, "LENGTH_KM": 5.83, "DIST_DN_KM": 2569.7, "DIST_UP_KM": 538.4, "CATCH_SKM": 24.16, "UPLAND_SKM": 52675.8, "ENDORHEIC": 0, "DIS_AV_CMS": 102.818, "ORD_STRA": 7, "ORD_CLAS": 2, "ORD_FLOW": 4, "HYBAS_L12": 4120622220 }, "geometry": { "type": "MultiLineString", "coordinates": [ [ [ 77.189583333333047, 34.743749999999444 ], [ 77.189583333333047, 34.752083333332799 ], [ 77.185416666666328, 34.756249999999461 ], [ 77.181249999999665, 34.756249999999461 ], [ 77.177083333333002, 34.76041666666611 ], [ 77.172916666666339, 34.76041666666611 ], [ 77.16041666666635, 34.772916666666084 ], [ 77.147916666666362, 34.772916666666084 ] ] ] } },
{ "type": "Feature", "properties": { "HYRIV_ID": 40522543, "NEXT_DOWN": 40522403, "MAIN_RIV": 41023100, "LENGTH_KM": 0.6, "DIST_DN_KM": 2575.8, "DIST_UP_KM": 532.3, "CATCH_SKM": 0.88, "UPLAND_SKM": 52175.7, "ENDORHEIC": 0, "DIS_AV_CMS": 100.625, "ORD_STRA": 7, "ORD_CLAS": 2, "ORD_FLOW": 4, "HYBAS_L12": 4120623400 }, "geometry": { "type": "MultiLineString", "coordinates": [ [ [ 77.19374999999971, 34.739583333332781 ], [ 77.189583333333047, 34.743749999999444 ] ] ] } },
{ "type": "Feature", "properties": { "HYRIV_ID": 40523361, "NEXT_DOWN": 40522543, "MAIN_RIV": 41023100, "LENGTH_KM": 4.99, "DIST_DN_KM": 2576.4, "DIST_UP_KM": 531.7, "CATCH_SKM": 33.7, "UPLAND_SKM": 52156.9, "ENDORHEIC": 0, "DIS_AV_CMS": 100.568, "ORD_STRA": 7, "ORD_CLAS": 2, "ORD_FLOW": 4, "HYBAS_L12": 4120623400 }, "geometry": { "type": "MultiLineString", "coordinates": [ [ [ 77.231249999999733, 34.71458333333279 ], [ 77.222916666666407, 34.71458333333279 ], [ 77.218749999999744, 34.718749999999439 ], [ 77.218749999999744, 34.722916666666102 ], [ 77.206249999999699, 34.735416666666119 ], [ 77.197916666666373, 34.735416666666119 ], [ 77.19374999999971, 34.739583333332781 ] ] ] } },
{ "type": "Feature", "properties": { "HYRIV_ID": 40523940, "NEXT_DOWN": 40523361, "MAIN_RIV": 41023100, "LENGTH_KM": 2.78, "DIST_DN_KM": 2581.3, "DIST_UP_KM": 526.8, "CATCH_SKM": 13.06, "UPLAND_SKM": 52110.5, "ENDORHEIC": 0, "DIS_AV_CMS": 100.505, "ORD_STRA": 7, "ORD_CLAS": 2, "ORD_FLOW": 4, "HYBAS_L12": 4120623400 }, "geometry": { "type": "MultiLineString", "coordinates": [ [ [ 77.25208333333299, 34.69791666666611 ], [ 77.247916666666441, 34.69791666666611 ], [ 77.231249999999733, 34.71458333333279 ] ] ] } },
{ "type": "Feature", "properties": { "HYRIV_ID": 40523941, "NEXT_DOWN": 40523940, "MAIN_RIV": 41023100, "LENGTH_KM": 1.14, "DIST_DN_KM": 2583.9, "DIST_UP_KM": 524.2, "CATCH_SKM": 1.94, "UPLAND_SKM": 52072.0, "ENDORHEIC": 0, "DIS_AV_CMS": 100.409, "ORD_STRA": 7, "ORD_CLAS": 2, "ORD_FLOW": 4, "HYBAS_L12": 4120623400 }, "geometry": { "type": "MultiLineString", "coordinates": [ [ [ 77.264583333333093, 34.69791666666611 ], [ 77.25208333333299, 34.69791666666611 ] ] ] } },
{ "type": "Feature", "properties": { "HYRIV_ID": 40524369, "NEXT_DOWN": 40523941, "MAIN_RIV": 41023100, "LENGTH_KM": 3.7, "DIST_DN_KM": 2585.2, "DIST_UP_KM": 522.9, "CATCH_SKM": 16.95, "UPLAND_SKM": 52009.6, "ENDORHEIC": 0, "DIS_AV_CMS": 100.219, "ORD_STRA": 7, "ORD_CLAS": 2, "ORD_FLOW": 4, "HYBAS_L12": 4120623400 }, "geometry": { "type": "MultiLineString", "coordinates": [ [ [ 77.297916666666339, 34.685416666666093 ], [ 77.293749999999676, 34.685416666666093 ], [ 77.289583333333013, 34.689583333332799 ], [ 77.277083333333024, 34.689583333332799 ], [ 77.272916666666362, 34.693749999999447 ], [ 77.268749999999642, 34.693749999999447 ], [ 77.264583333333093, 34.69791666666611 ] ] ] } },
{ "type": "Feature", "properties": { "HYRIV_ID": 40524529, "NEXT_DOWN": 40524369, "MAIN_RIV": 41023100, "LENGTH_KM": 0.98, "DIST_DN_KM": 2588.7, "DIST_UP_KM": 519.4, "CATCH_SKM": 1.24, "UPLAND_SKM": 51947.1, "ENDORHEIC": 0, "DIS_AV_CMS": 100.076, "ORD_STRA": 7, "ORD_CLAS": 2, "ORD_FLOW": 4, "HYBAS_L12": 4120623400 }, "geometry": { "type": "MultiLineString", "coordinates": [ [ [ 77.306249999999665, 34.68124999999943 ], [ 77.302083333333002, 34.685416666666093 ], [ 77.297916666666339, 34.685416666666093 ] ] ] } },
{ "type": "Feature", "properties": { "HYRIV_ID": 40525117, "NEXT_DOWN": 40524529, "MAIN_RIV": 41023100, "LENGTH_KM": 5.45, "DIST_DN_KM": 2589.7, "DIST_UP_KM": 518.4, "CATCH_SKM": 33.01, "UPLAND_SKM": 51605.1, "ENDORHEIC": 0, "DIS_AV_CMS": 98.48, "ORD_STRA": 7, "ORD_CLAS": 2, "ORD_FLOW": 5, "HYBAS_L12": 4120625130 }, "geometry": { "type": "MultiLineString", "coordinates": [ [ [ 77.356249999999733, 34.664583333332807 ], [ 77.35208333333307, 34.668749999999456 ], [ 77.347916666666407, 34.668749999999456 ], [ 77.343749999999687, 34.672916666666119 ], [ 77.322916666666373, 34.672916666666119 ], [ 77.31458333333299, 34.68124999999943 ], [ 77.306249999999665, 34.68124999999943 ] ] ] } },
{ "type": "Feature", "properties": { "HYRIV_ID": 40525254, "NEXT_DOWN": 40525117, "MAIN_RIV": 41023100, "LENGTH_KM": 1.96, "DIST_DN_KM": 2595.3, "DIST_UP_KM": 512.8, "CATCH_SKM": 7.24, "UPLAND_SKM": 51546.7, "ENDORHEIC": 0, "DIS_AV_CMS": 98.379, "ORD_STRA": 7, "ORD_CLAS": 2, "ORD_FLOW": 5, "HYBAS_L12": 4120625130 }, "geometry": { "type": "MultiLineString", "coordinates": [ [ [ 77.372916666666441, 34.664583333332807 ], [ 77.368749999999721, 34.660416666666102 ], [ 77.360416666666396, 34.660416666666102 ], [ 77.356249999999733, 34.664583333332807 ] ] ] } },
{ "type": "Feature", "properties": { "HYRIV_ID": 40525383, "NEXT_DOWN": 40525249, "MAIN_RIV": 41023100, "LENGTH_KM": 1.36, "DIST_DN_KM": 2496.2, "DIST_UP_KM": 856.7, "CATCH_SKM": 7.06, "UPLAND_SKM": 58586.9, "ENDORHEIC": 0, "DIS_AV_CMS": 589.227, "ORD_STRA": 6, "ORD_CLAS": 1, "ORD_FLOW": 4, "HYBAS_L12": 4120623700 }, "geometry": { "type": "MultiLineString", "coordinates": [ [ [ 76.34791666666635, 34.656249999999439 ], [ 76.343749999999687, 34.660416666666102 ], [ 76.335416666666362, 34.660416666666102 ] ] ] } },
{ "type": "Feature", "properties": { "HYRIV_ID": 40525388, "NEXT_DOWN": 40525254, "MAIN_RIV": 41023100, "LENGTH_KM": 3.1, "DIST_DN_KM": 2597.1, "DIST_UP_KM": 511.0, "CATCH_SKM": 15.89, "UPLAND_SKM": 51493.8, "ENDORHEIC": 0, "DIS_AV_CMS": 98.226, "ORD_STRA": 7, "ORD_CLAS": 2, "ORD_FLOW": 5, "HYBAS_L12": 4120625130 }, "geometry": { "type": "MultiLineString", "coordinates": [ [ [ 77.402083333333138, 34.656249999999439 ], [ 77.389583333333093, 34.656249999999439 ], [ 77.381249999999767, 34.664583333332807 ], [ 77.372916666666441, 34.664583333332807 ] ] ] } },
{ "type": "Feature", "properties": { "HYRIV_ID": 40525679, "NEXT_DOWN": 40525388, "MAIN_RIV": 41023100, "LENGTH_KM": 1.2, "DIST_DN_KM": 2600.4, "DIST_UP_KM": 507.7, "CATCH_SKM": 1.41, "UPLAND_SKM": 51448.1, "ENDORHEIC": 0, "DIS_AV_CMS": 98.127, "ORD_STRA": 7, "ORD_CLAS": 2, "ORD_FLOW": 5, "HYBAS_L12": 4121381310 }, "geometry": { "type": "MultiLineString", "coordinates": [ [ [ 77.41041666666635, 34.647916666666084 ], [ 77.402083333333138, 34.656249999999439 ] ] ] } },
{ "type": "Feature", "properties": { "HYRIV_ID": 40525680, "NEXT_DOWN": 40525679, "MAIN_RIV": 41023100, "LENGTH_KM": 2.29, "DIST_DN_KM": 2601.4, "DIST_UP_KM": 506.7, "CATCH_SKM": 4.59, "UPLAND_SKM": 51409.7, "ENDORHEIC": 0, "DIS_AV_CMS": 97.982, "ORD_STRA": 7, "ORD_CLAS": 2, "ORD_FLOW": 5, "HYBAS_L12": 4121381310 }, "geometry": { "type": "MultiLineString", "coordinates": [ [ [ 77.435416666666328, 34.647916666666084 ], [ 77.41041666666635, 34.647916666666084 ] ] ] } },
{ "type": "Feature", "properties": { "HYRIV_ID": 40526078, "NEXT_DOWN": 40525383, "MAIN_RIV": 41023100, "LENGTH_KM": 4.14, "DIST_DN_KM": 2497.7, "DIST_UP_KM": 855.1, "CATCH_SKM": 24.9, "UPLAND_SKM": 58525.1, "ENDORHEIC": 0, "DIS_AV_CMS": 588.938, "ORD_STRA": 6, "ORD_CLAS": 1, "ORD_FLOW": 4, "HYBAS_L12": 4121381300 }, "geometry": { "type": "MultiLineString", "coordinates": [ [ [ 76.38124999999971, 34.63541666666611 ], [ 76.372916666666384, 34.63541666666611 ], [ 76.368749999999665, 34.639583333332801 ], [ 76.364583333333059, 34.639583333332801 ], [ 76.34791666666635, 34.656249999999439 ] ] ] } },
{ "type": "Feature", "properties": { "HYRIV_ID": 40526079, "NEXT_DOWN": 40526078, "MAIN_RIV": 41023100, "LENGTH_KM": 5.01, "DIST_DN_KM": 2501.7, "DIST_UP_KM": 851.2, "CATCH_SKM": 20.84, "UPLAND_SKM": 58463.6, "ENDORHEIC": 0, "DIS_AV_CMS": 589.044, "ORD_STRA": 6, "ORD_CLAS": 1, "ORD_FLOW": 4, "HYBAS_L12": 4121381300 }, "geometry": { "type": "MultiLineString", "coordinates": [ [ [ 76.431249999999778, 34.63541666666611 ], [ 76.41458333333307, 34.63541666666611 ], [ 76.410416666666407, 34.639583333332801 ], [ 76.397916666666362, 34.639583333332801 ], [ 76.393749999999699, 34.63541666666611 ], [ 76.38124999999971, 34.63541666666611 ] ] ] } },
{ "type": "Feature", "properties": { "HYRIV_ID": 40526081, "NEXT_DOWN": 40526079, "MAIN_RIV": 41023100, "LENGTH_KM": 1.52, "DIST_DN_KM": 2506.7, "DIST_UP_KM": 846.2, "CATCH_SKM": 4.06, "UPLAND_SKM": 58414.3, "ENDORHEIC": 0, "DIS_AV_CMS": 589.559, "ORD_STRA": 6, "ORD_CLAS": 1, "ORD_FLOW": 4, "HYBAS_L12": 4121381300 }, "geometry": { "type": "MultiLineString", "coordinates": [ [ [ 76.44791666666643, 34.63541666666611 ], [ 76.431249999999778, 34.63541666666611 ] ] ] } },
{ "type": "Feature", "properties": { "HYRIV_ID": 40526524, "NEXT_DOWN": 40526081, "MAIN_RIV": 41023100, "LENGTH_KM": 3.33, "DIST_DN_KM": 2508.2, "DIST_UP_KM": 844.7, "CATCH_SKM": 9.71, "UPLAND_SKM": 58391.6, "ENDORHEIC": 0, "DIS_AV_CMS": 589.68, "ORD_STRA": 6, "ORD_CLAS": 1, "ORD_FLOW": 4, "HYBAS_L12": 4121381300 }, "geometry": { "type": "MultiLineString", "coordinates": [ [ [ 76.477083333333013, 34.622916666666136 ], [ 76.47291666666635, 34.622916666666136 ], [ 76.468749999999687, 34.627083333332784 ], [ 76.464583333333024, 34.627083333332784 ], [ 76.460416666666475, 34.631249999999447 ], [ 76.456249999999756, 34.631249999999447 ], [ 76.452083333333093, 34.63541666666611 ], [ 76.44791666666643, 34.63541666666611 ] ] ] } },
{ "type": "Feature", "properties": { "HYRIV_ID": 40526531, "NEXT_DOWN": 40525680, "MAIN_RIV": 41023100, "LENGTH_KM": 4.22, "DIST_DN_KM": 2603.6, "DIST_UP_KM": 504.4, "CATCH_SKM": 22.08, "UPLAND_SKM": 51376.0, "ENDORHEIC": 0, "DIS_AV_CMS": 97.912, "ORD_STRA": 7, "ORD_CLAS": 2, "ORD_FLOW": 5, "HYBAS_L12": 4121381310 }, "geometry": { "type": "MultiLineString", "coordinates": [ [ [ 77.464583333333024, 34.622916666666136 ], [ 77.460416666666362, 34.627083333332784 ], [ 77.460416666666362, 34.631249999999447 ], [ 77.44374999999971, 34.647916666666084 ], [ 77.435416666666328, 34.647916666666084 ] ] ] } },
{ "type": "Feature", "properties": { "HYRIV_ID": 40526800, "NEXT_DOWN": 40526531, "MAIN_RIV": 41023100, "LENGTH_KM": 1.06, "DIST_DN_KM": 2607.9, "DIST_UP_KM": 500.2, "CATCH_SKM": 1.77, "UPLAND_SKM": 51322.5, "ENDORHEIC": 0, "DIS_AV_CMS": 97.783, "ORD_STRA": 7, "ORD_CLAS": 2, "ORD_FLOW": 5, "HYBAS_L12": 4121381310 }, "geometry": { "type": "MultiLineString", "coordinates": [ [ [ 77.468749999999687, 34.614583333332767 ], [ 77.464583333333024, 34.61874999999943 ], [ 77.464583333333024, 34.622916666666136 ] ] ] } },
{ "type": "Feature", "properties": { "HYRIV_ID": 40527236, "NEXT_DOWN": 40526524, "MAIN_RIV": 41023100, "LENGTH_KM": 4.53, "DIST_DN_KM": 2511.5, "DIST_UP_KM": 841.4, "CATCH_SKM": 25.62, "UPLAND_SKM": 58220.1, "ENDORHEIC": 0, "DIS_AV_CMS": 589.137, "ORD_STRA": 6, "ORD_CLAS": 1, "ORD_FLOW": 4, "HYBAS_L12": 4120627030 }, "geometry": { "type": "MultiLineString", "coordinates": [ [ [ 76.514583333333036, 34.602083333332793 ], [ 76.50624999999971, 34.602083333332793 ], [ 76.489583333333002, 34.61874999999943 ], [ 76.485416666666339, 34.61874999999943 ], [ 76.48124999999979, 34.622916666666136 ], [ 76.477083333333013, 34.622916666666136 ] ] ] } },
{ "type": "Feature", "properties": { "HYRIV_ID": 40527238, "NEXT_DOWN": 40526800, "MAIN_RIV": 41023100, "LENGTH_KM": 1.8, "DIST_DN_KM": 2609.1, "DIST_UP_KM": 499.0, "CATCH_SKM": 3.53, "UPLAND_SKM": 50793.6, "ENDORHEIC": 0, "DIS_AV_CMS": 95.0, "ORD_STRA": 7, "ORD_CLAS": 2, "ORD_FLOW": 5, "HYBAS_L12": 4120627520 }, "geometry": { "type": "MultiLineString", "coordinates": [ [ [ 77.481249999999733, 34.602083333332793 ], [ 77.468749999999687, 34.614583333332767 ] ] ] } },
{ "type": "Feature", "properties": { "HYRIV_ID": 40527366, "NEXT_DOWN": 40527236, "MAIN_RIV": 41023100, "LENGTH_KM": 0.98, "DIST_DN_KM": 2516.2, "DIST_UP_KM": 836.7, "CATCH_SKM": 1.94, "UPLAND_SKM": 58164.2, "ENDORHEIC": 0, "DIS_AV_CMS": 589.191, "ORD_STRA": 6, "ORD_CLAS": 1, "ORD_FLOW": 4, "HYBAS_L12": 4120627030 }, "geometry": { "type": "MultiLineString", "coordinates": [ [ [ 76.522916666666362, 34.597916666666144 ], [ 76.518749999999699, 34.597916666666144 ], [ 76.514583333333036, 34.602083333332793 ] ] ] } },
{ "type": "Feature", "properties": { "HYRIV_ID": 40527633, "NEXT_DOWN": 40527238, "MAIN_RIV": 41023100, "LENGTH_KM": 1.66, "DIST_DN_KM": 2610.9, "DIST_UP_KM": 497.2, "CATCH_SKM": 2.83, "UPLAND_SKM": 50776.3, "ENDORHEIC": 0, "DIS_AV_CMS": 94.958, "ORD_STRA": 7, "ORD_CLAS": 2, "ORD_FLOW": 5, "HYBAS_L12": 4120627520 }, "geometry": { "type": "MultiLineString", "coordinates": [ [ [ 77.489583333333059, 34.589583333332776 ], [ 77.485416666666396, 34.593749999999439 ], [ 77.485416666666396, 34.597916666666144 ], [ 77.481249999999733, 34.602083333332793 ] ] ] } },
{ "type": "Feature", "properties": { "HYRIV_ID": 40527771, "NEXT_DOWN": 40527633, "MAIN_RIV": 41023100, "LENGTH_KM": 2.89, "DIST_DN_KM": 2612.4, "DIST_UP_KM": 495.7, "CATCH_SKM": 4.24, "UPLAND_SKM": 50735.5, "ENDORHEIC": 0, "DIS_AV_CMS": 94.799, "ORD_STRA": 7, "ORD_CLAS": 2, "ORD_FLOW": 5, "HYBAS_L12": 4120627520 }, "geometry": { "type": "MultiLineString", "coordinates": [ [ [ 77.518749999999642, 34.585416666666127 ], [ 77.514583333333093, 34.585416666666127 ], [ 77.510416666666316, 34.589583333332776 ], [ 77.489583333333059, 34.589583333332776 ] ] ] } },
{ "type": "Feature", "properties": { "HYRIV_ID": 40527881, "NEXT_DOWN": 40527366, "MAIN_RIV": 41023100, "LENGTH_KM": 2.26, "DIST_DN_KM": 2517.2, "DIST_UP_KM": 835.7, "CATCH_SKM": 4.42, "UPLAND_SKM": 58151.5, "ENDORHEIC": 0, "DIS_AV_CMS": 589.141, "ORD_STRA": 6, "ORD_CLAS": 1, "ORD_FLOW": 4, "HYBAS_L12": 4120627030 }, "geometry": { "type": "MultiLineString", "coordinates": [ [ [ 76.527083333333024, 34.581249999999422 ], [ 76.531249999999687, 34.585416666666127 ], [ 76.527083333333024, 34.589583333332776 ], [ 76.527083333333024, 34.593749999999439 ], [ 76.522916666666362, 34.597916666666144 ] ] ] } },
{ "type": "Feature", "properties": { "HYRIV_ID": 40528653, "NEXT_DOWN": 40527881, "MAIN_RIV": 41023100, "LENGTH_KM": 7.25, "DIST_DN_KM": 2519.4, "DIST_UP_KM": 833.4, "CATCH_SKM": 32.17, "UPLAND_SKM": 57258.8, "ENDORHEIC": 0, "DIS_AV_CMS": 581.309, "ORD_STRA": 6, "ORD_CLAS": 1, "ORD_FLOW": 4, "HYBAS_L12": 4120628490 }, "geometry": { "type": "MultiLineString", "coordinates": [ [ [ 76.589583333333138, 34.560416666666136 ], [ 76.585416666666418, 34.55624999999943 ], [ 76.577083333333093, 34.55624999999943 ], [ 76.564583333333104, 34.568749999999447 ], [ 76.560416666666384, 34.568749999999447 ], [ 76.556249999999721, 34.57291666666611 ], [ 76.53541666666635, 34.57291666666611 ], [ 76.527083333333024, 34.581249999999422 ] ] ] } },
{ "type": "Feature", "properties": { "HYRIV_ID": 40528654, "NEXT_DOWN": 40527771, "MAIN_RIV": 41023100, "LENGTH_KM": 5.59, "DIST_DN_KM": 2615.5, "DIST_UP_KM": 492.6, "CATCH_SKM": 9.9, "UPLAND_SKM": 46282.1, "ENDORHEIC": 0, "DIS_AV_CMS": 82.603, "ORD_STRA": 7, "ORD_CLAS": 2, "ORD_FLOW": 5, "HYBAS_L12": 4120628370 }, "geometry": { "type": "MultiLineString", "coordinates": [ [ [ 77.560416666666328, 34.55624999999943 ], [ 77.556249999999665, 34.55624999999943 ], [ 77.552083333333002, 34.560416666666136 ], [ 77.547916666666339, 34.560416666666136 ], [ 77.539583333333013, 34.568749999999447 ], [ 77.539583333333013, 34.57291666666611 ], [ 77.531249999999801, 34.581249999999422 ], [ 77.522916666666418, 34.581249999999422 ], [ 77.518749999999642, 34.585416666666127 ] ] ] } },
{ "type": "Feature", "properties": { "HYRIV_ID": 40530097, "NEXT_DOWN": 40528653, "MAIN_RIV": 41023100, "LENGTH_KM": 7.42, "DIST_DN_KM": 2526.5, "DIST_UP_KM": 826.4, "CATCH_SKM": 36.07, "UPLAND_SKM": 56921.7, "ENDORHEIC": 0, "DIS_AV_CMS": 579.612, "ORD_STRA": 6, "ORD_CLAS": 1, "ORD_FLOW": 4, "HYBAS_L12": 4120628970 }, "geometry": { "type": "MultiLineString", "coordinates": [ [ [ 76.622916666666384, 34.510416666666096 ], [ 76.62708333333299, 34.514583333332801 ], [ 76.62708333333299, 34.522916666666113 ], [ 76.622916666666384, 34.527083333332776 ], [ 76.622916666666384, 34.53541666666613 ], [ 76.59791666666635, 34.560416666666136 ], [ 76.589583333333138, 34.560416666666136 ] ] ] } },
{ "type": "Feature", "properties": { "HYRIV_ID": 40530227, "NEXT_DOWN": 40530097, "MAIN_RIV": 41023100, "LENGTH_KM": 0.84, "DIST_DN_KM": 2533.9, "DIST_UP_KM": 819.0, "CATCH_SKM": 1.42, "UPLAND_SKM": 56858.7, "ENDORHEIC": 0, "DIS_AV_CMS": 579.409, "ORD_STRA": 6, "ORD_CLAS": 1, "ORD_FLOW": 4, "HYBAS_L12": 4120628970 }, "geometry": { "type": "MultiLineString", "coordinates": [ [ [ 76.62708333333299, 34.506249999999447 ], [ 76.622916666666384, 34.506249999999447 ], [ 76.622916666666384, 34.510416666666096 ] ] ] } },
{ "type": "Feature", "properties": { "HYRIV_ID": 40530350, "NEXT_DOWN": 40530227, "MAIN_RIV": 41023100, "LENGTH_KM": 0.6, "DIST_DN_KM": 2534.9, "DIST_UP_KM": 818.0, "CATCH_SKM": 0.18, "UPLAND_SKM": 56793.8, "ENDORHEIC": 0, "DIS_AV_CMS": 579.044, "ORD_STRA": 6, "ORD_CLAS": 1, "ORD_FLOW": 4, "HYBAS_L12": 4121383020 }, "geometry": { "type": "MultiLineString", "coordinates": [ [ [ 76.63124999999971, 34.502083333332784 ], [ 76.62708333333299, 34.506249999999447 ] ] ] } },
{ "type": "Feature", "properties": { "HYRIV_ID": 40530743, "NEXT_DOWN": 40530350, "MAIN_RIV": 41023100, "LENGTH_KM": 2.56, "DIST_DN_KM": 2535.3, "DIST_UP_KM": 817.6, "CATCH_SKM": 9.38, "UPLAND_SKM": 56763.9, "ENDORHEIC": 0, "DIS_AV_CMS": 578.84, "ORD_STRA": 6, "ORD_CLAS": 1, "ORD_FLOW": 4, "HYBAS_L12": 4121383020 }, "geometry": { "type": "MultiLineString", "coordinates": [ [ [ 76.652083333333024, 34.489583333332767 ], [ 76.647916666666362, 34.489583333332767 ], [ 76.635416666666316, 34.502083333332784 ], [ 76.63124999999971, 34.502083333332784 ] ] ] } },
{ "type": "Feature", "properties": { "HYRIV_ID": 40530891, "NEXT_DOWN": 40530743, "MAIN_RIV": 41023100, "LENGTH_KM": 1.75, "DIST_DN_KM": 2537.9, "DIST_UP_KM": 815.0, "CATCH_SKM": 6.72, "UPLAND_SKM": 56735.6, "ENDORHEIC": 0, "DIS_AV_CMS": 578.656, "ORD_STRA": 6, "ORD_CLAS": 1, "ORD_FLOW": 4, "HYBAS_L12": 4121383020 }, "geometry": { "type": "MultiLineString", "coordinates": [ [ [ 76.668749999999733, 34.485416666666104 ], [ 76.664583333333013, 34.485416666666104 ], [ 76.66041666666635, 34.489583333332767 ], [ 76.652083333333024, 34.489583333332767 ] ] ] } },
{ "type": "Feature", "properties": { "HYRIV_ID": 40532169, "NEXT_DOWN": 40530891, "MAIN_RIV": 41023100, "LENGTH_KM": 5.7, "DIST_DN_KM": 2539.8, "DIST_UP_KM": 813.1, "CATCH_SKM": 20.53, "UPLAND_SKM": 56710.3, "ENDORHEIC": 0, "DIS_AV_CMS": 578.493, "ORD_STRA": 6, "ORD_CLAS": 1, "ORD_FLOW": 4, "HYBAS_L12": 4121383020 }, "geometry": { "type": "MultiLineString", "coordinates": [ [ [ 76.685416666666384, 34.443749999999447 ], [ 76.685416666666384, 34.447916666666138 ], [ 76.681249999999721, 34.452083333332759 ], [ 76.681249999999721, 34.456249999999464 ], [ 76.677083333333059, 34.460416666666113 ], [ 76.672916666666396, 34.460416666666113 ], [ 76.668749999999733, 34.464583333332776 ], [ 76.668749999999733, 34.468749999999481 ], [ 76.672916666666396, 34.47291666666613 ], [ 76.672916666666396, 34.481249999999456 ], [ 76.668749999999733, 34.485416666666104 ] ] ] } },
{ "type": "Feature", "properties": { "HYRIV_ID": 40532578, "NEXT_DOWN": 40532169, "MAIN_RIV": 41023100, "LENGTH_KM": 1.66, "DIST_DN_KM": 2545.5, "DIST_UP_KM": 807.4, "CATCH_SKM": 2.48, "UPLAND_SKM": 56653.5, "ENDORHEIC": 0, "DIS_AV_CMS": 578.088, "ORD_STRA": 6, "ORD_CLAS": 1, "ORD_FLOW": 4, "HYBAS_L12": 4121383020 }, "geometry": { "type": "MultiLineString", "coordinates": [ [ [ 76.693749999999767, 34.431249999999459 ], [ 76.693749999999767, 34.435416666666121 ], [ 76.685416666666384, 34.443749999999447 ] ] ] } },
{ "type": "Feature", "properties": { "HYRIV_ID": 40532711, "NEXT_DOWN": 40532578, "MAIN_RIV": 41023100, "LENGTH_KM": 1.58, "DIST_DN_KM": 2547.2, "DIST_UP_KM": 805.7, "CATCH_SKM": 4.25, "UPLAND_SKM": 56636.3, "ENDORHEIC": 0, "DIS_AV_CMS": 577.965, "ORD_STRA": 6, "ORD_CLAS": 1, "ORD_FLOW": 4, "HYBAS_L12": 4121383020 }, "geometry": { "type": "MultiLineString", "coordinates": [ [ [ 76.706249999999756, 34.431249999999459 ], [ 76.702083333333093, 34.431249999999459 ], [ 76.69791666666643, 34.427083333332767 ], [ 76.693749999999767, 34.431249999999459 ] ] ] } },
{ "type": "Feature", "properties": { "HYRIV_ID": 40532848, "NEXT_DOWN": 40532711, "MAIN_RIV": 41023100, "LENGTH_KM": 2.73, "DIST_DN_KM": 2548.6, "DIST_UP_KM": 804.3, "CATCH_SKM": 6.2, "UPLAND_SKM": 56510.6, "ENDORHEIC": 0, "DIS_AV_CMS": 577.215, "ORD_STRA": 6, "ORD_CLAS": 1, "ORD_FLOW": 4, "HYBAS_L12": 4120632700 }, "geometry": { "type": "MultiLineString", "coordinates": [ [ [ 76.731249999999676, 34.422916666666104 ], [ 76.722916666666464, 34.422916666666104 ], [ 76.714583333333081, 34.431249999999459 ], [ 76.706249999999756, 34.431249999999459 ] ] ] } },
{ "type": "Feature", "properties": { "HYRIV_ID": 40532996, "NEXT_DOWN": 40532848, "MAIN_RIV": 41023100, "LENGTH_KM": 0.98, "DIST_DN_KM": 2551.3, "DIST_UP_KM": 801.6, "CATCH_SKM": 3.54, "UPLAND_SKM": 56493.4, "ENDORHEIC": 0, "DIS_AV_CMS": 577.102, "ORD_STRA": 6, "ORD_CLAS": 1, "ORD_FLOW": 4, "HYBAS_L12": 4120632700 }, "geometry": { "type": "MultiLineString", "coordinates": [ [ [ 76.739583333333002, 34.418749999999442 ], [ 76.735416666666339, 34.422916666666104 ], [ 76.731249999999676, 34.422916666666104 ] ] ] } },
{ "type": "Feature", "properties": { "HYRIV_ID": 40533269, "NEXT_DOWN": 40532996, "MAIN_RIV": 41023100, "LENGTH_KM": 1.97, "DIST_DN_KM": 2552.5, "DIST_UP_KM": 800.4, "CATCH_SKM": 4.25, "UPLAND_SKM": 56465.0, "ENDORHEIC": 0, "DIS_AV_CMS": 576.901, "ORD_STRA": 6, "ORD_CLAS": 1, "ORD_FLOW": 4, "HYBAS_L12": 4120632700 }, "geometry": { "type": "MultiLineString", "coordinates": [ [ [ 76.75624999999971, 34.41041666666613 ], [ 76.75208333333299, 34.41041666666613 ], [ 76.747916666666498, 34.414583333332793 ], [ 76.743749999999665, 34.414583333332793 ], [ 76.739583333333002, 34.418749999999442 ] ] ] } },
{ "type": "Feature", "properties": { "HYRIV_ID": 40533624, "NEXT_DOWN": 40533269, "MAIN_RIV": 41023100, "LENGTH_KM": 1.8, "DIST_DN_KM": 2554.4, "DIST_UP_KM": 798.5, "CATCH_SKM": 2.3, "UPLAND_SKM": 56445.2, "ENDORHEIC": 0, "DIS_AV_CMS": 576.773, "ORD_STRA": 6, "ORD_CLAS": 1, "ORD_FLOW": 4, "HYBAS_L12": 4120632700 }, "geometry": { "type": "MultiLineString", "coordinates": [ [ [ 76.760416666666316, 34.397916666666113 ], [ 76.764583333333036, 34.402083333332818 ], [ 76.75624999999971, 34.41041666666613 ] ] ] } },
{ "type": "Feature", "properties": { "HYRIV_ID": 40534056, "NEXT_DOWN": 40533624, "MAIN_RIV": 41023100, "LENGTH_KM": 2.05, "DIST_DN_KM": 2556.2, "DIST_UP_KM": 796.6, "CATCH_SKM": 4.25, "UPLAND_SKM": 56259.6, "ENDORHEIC": 0, "DIS_AV_CMS": 575.691, "ORD_STRA": 6, "ORD_CLAS": 1, "ORD_FLOW": 4, "HYBAS_L12": 4120633600 }, "geometry": { "type": "MultiLineString", "coordinates": [ [ [ 76.764583333333036, 34.385416666666096 ], [ 76.760416666666316, 34.385416666666096 ], [ 76.75624999999971, 34.389583333332801 ], [ 76.75624999999971, 34.39374999999945 ], [ 76.760416666666316, 34.397916666666113 ] ] ] } },
{ "type": "Feature", "properties": { "HYRIV_ID": 40534482, "NEXT_DOWN": 40534056, "MAIN_RIV": 41023100, "LENGTH_KM": 4.64, "DIST_DN_KM": 2558.3, "DIST_UP_KM": 794.6, "CATCH_SKM": 15.77, "UPLAND_SKM": 56222.6, "ENDORHEIC": 0, "DIS_AV_CMS": 575.426, "ORD_STRA": 6, "ORD_CLAS": 1, "ORD_FLOW": 4, "HYBAS_L12": 4120633600 }, "geometry": { "type": "MultiLineString", "coordinates": [ [ [ 76.797916666666396, 34.372916666666121 ], [ 76.797916666666396, 34.381249999999433 ], [ 76.793749999999676, 34.385416666666096 ], [ 76.781249999999687, 34.385416666666096 ], [ 76.777083333333024, 34.381249999999433 ], [ 76.768749999999699, 34.381249999999433 ], [ 76.764583333333036, 34.385416666666096 ] ] ] } },
{ "type": "Feature", "properties": { "HYRIV_ID": 40535033, "NEXT_DOWN": 40534482, "MAIN_RIV": 41023100, "LENGTH_KM": 2.13, "DIST_DN_KM": 2562.9, "DIST_UP_KM": 790.0, "CATCH_SKM": 3.37, "UPLAND_SKM": 56167.7, "ENDORHEIC": 0, "DIS_AV_CMS": 575.069, "ORD_STRA": 6, "ORD_CLAS": 1, "ORD_FLOW": 4, "HYBAS_L12": 4120633600 }, "geometry": { "type": "MultiLineString", "coordinates": [ [ [ 76.806249999999721, 34.356249999999442 ], [ 76.806249999999721, 34.36458333333281 ], [ 76.797916666666396, 34.372916666666121 ] ] ] } },
{ "type": "Feature", "properties": { "HYRIV_ID": 40535985, "NEXT_DOWN": 40535033, "MAIN_RIV": 41023100, "LENGTH_KM": 4.97, "DIST_DN_KM": 2565.0, "DIST_UP_KM": 787.8, "CATCH_SKM": 20.74, "UPLAND_SKM": 56148.0, "ENDORHEIC": 0, "DIS_AV_CMS": 574.93, "ORD_STRA": 6, "ORD_CLAS": 1, "ORD_FLOW": 4, "HYBAS_L12": 4120633600 }, "geometry": { "type": "MultiLineString", "coordinates": [ [ [ 76.843749999999744, 34.327083333332787 ], [ 76.835416666666418, 34.335416666666113 ], [ 76.831249999999756, 34.335416666666113 ], [ 76.82291666666643, 34.343749999999467 ], [ 76.81874999999971, 34.343749999999467 ], [ 76.806249999999721, 34.356249999999442 ] ] ] } },
{ "type": "Feature", "properties": { "HYRIV_ID": 40536265, "NEXT_DOWN": 40535985, "MAIN_RIV": 41023100, "LENGTH_KM": 4.26, "DIST_DN_KM": 2569.8, "DIST_UP_KM": 783.1, "CATCH_SKM": 15.24, "UPLAND_SKM": 55051.0, "ENDORHEIC": 0, "DIS_AV_CMS": 564.843, "ORD_STRA": 6, "ORD_CLAS": 1, "ORD_FLOW": 4, "HYBAS_L12": 4120635550 }, "geometry": { "type": "MultiLineString", "coordinates": [ [ [ 76.885416666666316, 34.318749999999433 ], [ 76.864583333333002, 34.318749999999433 ], [ 76.856249999999676, 34.327083333332787 ], [ 76.843749999999744, 34.327083333332787 ] ] ] } },
{ "type": "Feature", "properties": { "HYRIV_ID": 40536398, "NEXT_DOWN": 40536265, "MAIN_RIV": 41023100, "LENGTH_KM": 2.95, "DIST_DN_KM": 2574.0, "DIST_UP_KM": 778.8, "CATCH_SKM": 17.02, "UPLAND_SKM": 54980.0, "ENDORHEIC": 0, "DIS_AV_CMS": 564.39, "ORD_STRA": 6, "ORD_CLAS": 1, "ORD_FLOW": 4, "HYBAS_L12": 4120635550 }, "geometry": { "type": "MultiLineString", "coordinates": [ [ [ 76.91041666666635, 34.31458333333277 ], [ 76.906249999999687, 34.31458333333277 ], [ 76.902083333333024, 34.318749999999433 ], [ 76.897916666666362, 34.318749999999433 ], [ 76.893749999999699, 34.322916666666138 ], [ 76.889583333333036, 34.318749999999433 ], [ 76.885416666666316, 34.318749999999433 ] ] ] } },
{ "type": "Feature", "properties": { "HYRIV_ID": 40536689, "NEXT_DOWN": 40536398, "MAIN_RIV": 41023100, "LENGTH_KM": 1.58, "DIST_DN_KM": 2577.2, "DIST_UP_KM": 775.7, "CATCH_SKM": 3.19, "UPLAND_SKM": 54952.3, "ENDORHEIC": 0, "DIS_AV_CMS": 564.203, "ORD_STRA": 6, "ORD_CLAS": 1, "ORD_FLOW": 4, "HYBAS_L12": 4120635550 }, "geometry": { "type": "MultiLineString", "coordinates": [ [ [ 76.922916666666339, 34.306249999999459 ], [ 76.918749999999676, 34.306249999999459 ], [ 76.91041666666635, 34.31458333333277 ] ] ] } },
{ "type": "Feature", "properties": { "HYRIV_ID": 40536811, "NEXT_DOWN": 40536689, "MAIN_RIV": 41023100, "LENGTH_KM": 7.71, "DIST_DN_KM": 2578.7, "DIST_UP_KM": 774.1, "CATCH_SKM": 18.97, "UPLAND_SKM": 54938.1, "ENDORHEIC": 0, "DIS_AV_CMS": 564.11, "ORD_STRA": 6, "ORD_CLAS": 1, "ORD_FLOW": 4, "HYBAS_L12": 4120635550 }, "geometry": { "type": "MultiLineString", "coordinates": [ [ [ 76.985416666666339, 34.302083333332796 ], [ 76.98124999999979, 34.302083333332796 ], [ 76.968749999999744, 34.31458333333277 ], [ 76.964583333333081, 34.31458333333277 ], [ 76.960416666666418, 34.310416666666121 ], [ 76.956249999999756, 34.310416666666121 ], [ 76.952083333333036, 34.306249999999459 ], [ 76.947916666666373, 34.306249999999459 ], [ 76.94374999999971, 34.302083333332796 ], [ 76.939583333333047, 34.306249999999459 ], [ 76.935416666666384, 34.302083333332796 ], [ 76.927083333333059, 34.302083333332796 ], [ 76.922916666666339, 34.306249999999459 ] ] ] } },
{ "type": "Feature", "properties": { "HYRIV_ID": 40523244, "NEXT_DOWN": 40522827, "MAIN_RIV": 41023100, "LENGTH_KM": 1.66, "DIST_DN_KM": 2484.2, "DIST_UP_KM": 868.7, "CATCH_SKM": 7.06, "UPLAND_SKM": 58744.5, "ENDORHEIC": 0, "DIS_AV_CMS": 588.77, "ORD_STRA": 6, "ORD_CLAS": 1, "ORD_FLOW": 4, "HYBAS_L12": 4120623700 }, "geometry": { "type": "MultiLineString", "coordinates": [ [ [ 76.25624999999971, 34.718749999999439 ], [ 76.25624999999971, 34.722916666666102 ], [ 76.247916666666384, 34.731249999999456 ] ] ] } },
{ "type": "Feature", "properties": { "HYRIV_ID": 40523937, "NEXT_DOWN": 40523244, "MAIN_RIV": 41023100, "LENGTH_KM": 2.86, "DIST_DN_KM": 2485.8, "DIST_UP_KM": 867.0, "CATCH_SKM": 15.0, "UPLAND_SKM": 58723.8, "ENDORHEIC": 0, "DIS_AV_CMS": 588.834, "ORD_STRA": 6, "ORD_CLAS": 1, "ORD_FLOW": 4, "HYBAS_L12": 4120623700 }, "geometry": { "type": "MultiLineString", "coordinates": [ [ [ 76.272916666666362, 34.69791666666611 ], [ 76.264583333333036, 34.706249999999422 ], [ 76.264583333333036, 34.710416666666127 ], [ 76.25624999999971, 34.718749999999439 ] ] ] } },
{ "type": "Feature", "properties": { "HYRIV_ID": 40524956, "NEXT_DOWN": 40523937, "MAIN_RIV": 41023100, "LENGTH_KM": 5.34, "DIST_DN_KM": 2488.7, "DIST_UP_KM": 864.2, "CATCH_SKM": 25.24, "UPLAND_SKM": 58683.1, "ENDORHEIC": 0, "DIS_AV_CMS": 588.857, "ORD_STRA": 6, "ORD_CLAS": 1, "ORD_FLOW": 4, "HYBAS_L12": 4120623700 }, "geometry": { "type": "MultiLineString", "coordinates": [ [ [ 76.314583333333104, 34.668749999999456 ], [ 76.306249999999778, 34.677083333332781 ], [ 76.302083333333115, 34.677083333332781 ], [ 76.293749999999733, 34.685416666666093 ], [ 76.28958333333307, 34.685416666666093 ], [ 76.281249999999744, 34.693749999999447 ], [ 76.277083333333081, 34.693749999999447 ], [ 76.272916666666362, 34.69791666666611 ] ] ] } },
{ "type": "Feature", "properties": { "HYRIV_ID": 40525249, "NEXT_DOWN": 40524956, "MAIN_RIV": 41023100, "LENGTH_KM": 2.34, "DIST_DN_KM": 2494.0, "DIST_UP_KM": 858.8, "CATCH_SKM": 7.59, "UPLAND_SKM": 58637.4, "ENDORHEIC": 0, "DIS_AV_CMS": 589.217, "ORD_STRA": 6, "ORD_CLAS": 1, "ORD_FLOW": 4, "HYBAS_L12": 4120623700 }, "geometry": { "type": "MultiLineString", "coordinates": [ [ [ 76.335416666666362, 34.660416666666102 ], [ 76.32291666666643, 34.660416666666102 ], [ 76.314583333333104, 34.668749999999456 ] ] ] } },
{ "type": "Feature", "properties": { "HYRIV_ID": 40537091, "NEXT_DOWN": 40536811, "MAIN_RIV": 41023100, "LENGTH_KM": 4.7, "DIST_DN_KM": 2586.4, "DIST_UP_KM": 766.5, "CATCH_SKM": 16.31, "UPLAND_SKM": 54665.7, "ENDORHEIC": 0, "DIS_AV_CMS": 562.437, "ORD_STRA": 6, "ORD_CLAS": 1, "ORD_FLOW": 4, "HYBAS_L12": 4120636350 }, "geometry": { "type": "MultiLineString", "coordinates": [ [ [ 77.027083333333024, 34.293749999999442 ], [ 77.022916666666362, 34.293749999999442 ], [ 77.018749999999642, 34.297916666666104 ], [ 77.014583333333036, 34.293749999999442 ], [ 77.00208333333299, 34.293749999999442 ], [ 76.997916666666441, 34.297916666666104 ], [ 76.989583333333002, 34.297916666666104 ], [ 76.985416666666339, 34.302083333332796 ] ] ] } },
{ "type": "Feature", "properties": { "HYRIV_ID": 40537631, "NEXT_DOWN": 40537091, "MAIN_RIV": 41023100, "LENGTH_KM": 1.99, "DIST_DN_KM": 2591.1, "DIST_UP_KM": 761.8, "CATCH_SKM": 4.08, "UPLAND_SKM": 54635.9, "ENDORHEIC": 0, "DIS_AV_CMS": 560.975, "ORD_STRA": 6, "ORD_CLAS": 1, "ORD_FLOW": 4, "HYBAS_L12": 4120636350 }, "geometry": { "type": "MultiLineString", "coordinates": [ [ [ 77.031249999999687, 34.277083333332804 ], [ 77.031249999999687, 34.289583333332779 ], [ 77.027083333333024, 34.293749999999442 ] ] ] } },
{ "type": "Feature", "properties": { "HYRIV_ID": 40537748, "NEXT_DOWN": 40537631, "MAIN_RIV": 41023100, "LENGTH_KM": 0.6, "DIST_DN_KM": 2593.1, "DIST_UP_KM": 759.8, "CATCH_SKM": 1.06, "UPLAND_SKM": 54615.3, "ENDORHEIC": 0, "DIS_AV_CMS": 560.108, "ORD_STRA": 6, "ORD_CLAS": 1, "ORD_FLOW": 4, "HYBAS_L12": 4120636350 }, "geometry": { "type": "MultiLineString", "coordinates": [ [ [ 77.03541666666635, 34.272916666666156 ], [ 77.031249999999687, 34.277083333332804 ] ] ] } },
{ "type": "Feature", "properties": { "HYRIV_ID": 40538450, "NEXT_DOWN": 40537748, "MAIN_RIV": 41023100, "LENGTH_KM": 5.3, "DIST_DN_KM": 2593.7, "DIST_UP_KM": 759.2, "CATCH_SKM": 13.66, "UPLAND_SKM": 54539.8, "ENDORHEIC": 0, "DIS_AV_CMS": 559.469, "ORD_STRA": 6, "ORD_CLAS": 1, "ORD_FLOW": 4, "HYBAS_L12": 4120636350 }, "geometry": { "type": "MultiLineString", "coordinates": [ [ [ 77.081249999999699, 34.25208333333277 ], [ 77.077083333333036, 34.256249999999433 ], [ 77.072916666666373, 34.256249999999433 ], [ 77.064583333333047, 34.264583333332787 ], [ 77.047916666666339, 34.264583333332787 ], [ 77.043749999999676, 34.26874999999945 ], [ 77.039583333333013, 34.26874999999945 ], [ 77.03541666666635, 34.272916666666156 ] ] ] } },
{ "type": "Feature", "properties": { "HYRIV_ID": 40538451, "NEXT_DOWN": 40538450, "MAIN_RIV": 41023100, "LENGTH_KM": 0.77, "DIST_DN_KM": 2598.8, "DIST_UP_KM": 754.1, "CATCH_SKM": 0.89, "UPLAND_SKM": 54450.4, "ENDORHEIC": 0, "DIS_AV_CMS": 556.821, "ORD_STRA": 6, "ORD_CLAS": 1, "ORD_FLOW": 4, "HYBAS_L12": 4121385950 }, "geometry": { "type": "MultiLineString", "coordinates": [ [ [ 77.089583333333081, 34.25208333333277 ], [ 77.081249999999699, 34.25208333333277 ] ] ] } },
{ "type": "Feature", "properties": { "HYRIV_ID": 40538812, "NEXT_DOWN": 40538451, "MAIN_RIV": 41023100, "LENGTH_KM": 3.39, "DIST_DN_KM": 2599.5, "DIST_UP_KM": 753.3, "CATCH_SKM": 10.11, "UPLAND_SKM": 54365.8, "ENDORHEIC": 0, "DIS_AV_CMS": 555.949, "ORD_STRA": 6, "ORD_CLAS": 1, "ORD_FLOW": 4, "HYBAS_L12": 4121386180 }, "geometry": { "type": "MultiLineString", "coordinates": [ [ [ 77.114583333333115, 34.239583333332796 ], [ 77.097916666666407, 34.256249999999433 ], [ 77.093749999999744, 34.25208333333277 ], [ 77.089583333333081, 34.25208333333277 ] ] ] } },
{ "type": "Feature", "properties": { "HYRIV_ID": 40538813, "NEXT_DOWN": 40539098, "MAIN_RIV": 41023100, "LENGTH_KM": 0.6, "DIST_DN_KM": 2608.4, "DIST_UP_KM": 744.5, "CATCH_SKM": 0.71, "UPLAND_SKM": 54218.0, "ENDORHEIC": 0, "DIS_AV_CMS": 551.936, "ORD_STRA": 6, "ORD_CLAS": 1, "ORD_FLOW": 4, "HYBAS_L12": 4121386300 }, "geometry": { "type": "MultiLineString", "coordinates": [ [ [ 77.164583333333013, 34.239583333332796 ], [ 77.16041666666635, 34.243749999999459 ] ] ] } },
{ "type": "Feature", "properties": { "HYRIV_ID": 40539098, "NEXT_DOWN": 40538812, "MAIN_RIV": 41023100, "LENGTH_KM": 5.3, "DIST_DN_KM": 2602.9, "DIST_UP_KM": 750.0, "CATCH_SKM": 20.58, "UPLAND_SKM": 54329.8, "ENDORHEIC": 0, "DIS_AV_CMS": 554.604, "ORD_STRA": 6, "ORD_CLAS": 1, "ORD_FLOW": 4, "HYBAS_L12": 4121386180 }, "geometry": { "type": "MultiLineString", "coordinates": [ [ [ 77.16041666666635, 34.243749999999459 ], [ 77.156249999999687, 34.243749999999459 ], [ 77.152083333333024, 34.239583333332796 ], [ 77.143749999999642, 34.239583333332796 ], [ 77.13958333333315, 34.235416666666104 ], [ 77.135416666666316, 34.235416666666104 ], [ 77.131249999999767, 34.231249999999442 ], [ 77.122916666666441, 34.239583333332796 ], [ 77.114583333333115, 34.239583333332796 ] ] ] } },
{ "type": "Feature", "properties": { "HYRIV_ID": 40539243, "NEXT_DOWN": 40538813, "MAIN_RIV": 41023100, "LENGTH_KM": 1.67, "DIST_DN_KM": 2609.0, "DIST_UP_KM": 743.9, "CATCH_SKM": 3.37, "UPLAND_SKM": 54122.2, "ENDORHEIC": 0, "DIS_AV_CMS": 551.166, "ORD_STRA": 6, "ORD_CLAS": 1, "ORD_FLOW": 4, "HYBAS_L12": 4121386300 }, "geometry": { "type": "MultiLineString", "coordinates": [ [ [ 77.172916666666339, 34.227083333332779 ], [ 77.172916666666339, 34.231249999999442 ], [ 77.164583333333013, 34.239583333332796 ] ] ] } },
{ "type": "Feature", "properties": { "HYRIV_ID": 40540109, "NEXT_DOWN": 40540553, "MAIN_RIV": 41023100, "LENGTH_KM": 2.52, "DIST_DN_KM": 2624.3, "DIST_UP_KM": 728.6, "CATCH_SKM": 8.7, "UPLAND_SKM": 53873.0, "ENDORHEIC": 0, "DIS_AV_CMS": 543.924, "ORD_STRA": 6, "ORD_CLAS": 1, "ORD_FLOW": 4, "HYBAS_L12": 4120638960 }, "geometry": { "type": "MultiLineString", "coordinates": [ [ [ 77.310416666666328, 34.202083333332787 ], [ 77.302083333333002, 34.202083333332787 ], [ 77.297916666666339, 34.206249999999493 ], [ 77.28541666666635, 34.206249999999493 ] ] ] } },
{ "type": "Feature", "properties": { "HYRIV_ID": 40540274, "NEXT_DOWN": 40539243, "MAIN_RIV": 41023100, "LENGTH_KM": 8.48, "DIST_DN_KM": 2610.6, "DIST_UP_KM": 742.2, "CATCH_SKM": 42.96, "UPLAND_SKM": 54092.4, "ENDORHEIC": 0, "DIS_AV_CMS": 550.408, "ORD_STRA": 6, "ORD_CLAS": 1, "ORD_FLOW": 4, "HYBAS_L12": 4121386300 }, "geometry": { "type": "MultiLineString", "coordinates": [ [ [ 77.243749999999778, 34.197916666666124 ], [ 77.239583333333115, 34.197916666666124 ], [ 77.22708333333307, 34.210416666666141 ], [ 77.222916666666407, 34.210416666666141 ], [ 77.218749999999744, 34.214583333332804 ], [ 77.197916666666373, 34.214583333332804 ], [ 77.19374999999971, 34.210416666666141 ], [ 77.189583333333047, 34.214583333332804 ], [ 77.185416666666328, 34.214583333332804 ], [ 77.172916666666339, 34.227083333332779 ] ] ] } },
{ "type": "Feature", "properties": { "HYRIV_ID": 40540409, "NEXT_DOWN": 40540274, "MAIN_RIV": 41023100, "LENGTH_KM": 0.6, "DIST_DN_KM": 2619.1, "DIST_UP_KM": 733.8, "CATCH_SKM": 0.18, "UPLAND_SKM": 54021.8, "ENDORHEIC": 0, "DIS_AV_CMS": 546.864, "ORD_STRA": 6, "ORD_CLAS": 1, "ORD_FLOW": 4, "HYBAS_L12": 4121386300 }, "geometry": { "type": "MultiLineString", "coordinates": [ [ [ 77.247916666666441, 34.193749999999476 ], [ 77.243749999999778, 34.197916666666124 ] ] ] } },
{ "type": "Feature", "properties": { "HYRIV_ID": 40540410, "NEXT_DOWN": 40540109, "MAIN_RIV": 41023100, "LENGTH_KM": 1.97, "DIST_DN_KM": 2627.0, "DIST_UP_KM": 725.9, "CATCH_SKM": 7.81, "UPLAND_SKM": 53847.5, "ENDORHEIC": 0, "DIS_AV_CMS": 542.671, "ORD_STRA": 6, "ORD_CLAS": 1, "ORD_FLOW": 4, "HYBAS_L12": 4120638960 }, "geometry": { "type": "MultiLineString", "coordinates": [ [ [ 77.327083333333036, 34.193749999999476 ], [ 77.322916666666373, 34.197916666666124 ], [ 77.31458333333299, 34.197916666666124 ], [ 77.310416666666328, 34.202083333332787 ] ] ] } },
{ "type": "Feature", "properties": { "HYRIV_ID": 40540553, "NEXT_DOWN": 40540409, "MAIN_RIV": 41023100, "LENGTH_KM": 4.79, "DIST_DN_KM": 2619.5, "DIST_UP_KM": 733.4, "CATCH_SKM": 21.49, "UPLAND_SKM": 54010.8, "ENDORHEIC": 0, "DIS_AV_CMS": 546.601, "ORD_STRA": 6, "ORD_CLAS": 1, "ORD_FLOW": 4, "HYBAS_L12": 4121386300 }, "geometry": { "type": "MultiLineString", "coordinates": [ [ [ 77.28541666666635, 34.206249999999493 ], [ 77.281249999999687, 34.202083333332787 ], [ 77.281249999999687, 34.197916666666124 ], [ 77.272916666666362, 34.18958333333277 ], [ 77.260416666666316, 34.18958333333277 ], [ 77.256249999999767, 34.193749999999476 ], [ 77.247916666666441, 34.193749999999476 ] ] ] } },
{ "type": "Feature", "properties": { "HYRIV_ID": 40540673, "NEXT_DOWN": 40540410, "MAIN_RIV": 41023100, "LENGTH_KM": 1.2, "DIST_DN_KM": 2628.9, "DIST_UP_KM": 724.0, "CATCH_SKM": 1.6, "UPLAND_SKM": 53768.2, "ENDORHEIC": 0, "DIS_AV_CMS": 541.431, "ORD_STRA": 6, "ORD_CLAS": 1, "ORD_FLOW": 4, "HYBAS_L12": 4120638960 }, "geometry": { "type": "MultiLineString", "coordinates": [ [ [ 77.335416666666362, 34.185416666666107 ], [ 77.327083333333036, 34.193749999999476 ] ] ] } },
{ "type": "Feature", "properties": { "HYRIV_ID": 40541227, "NEXT_DOWN": 40540673, "MAIN_RIV": 41023100, "LENGTH_KM": 1.99, "DIST_DN_KM": 2630.0, "DIST_UP_KM": 722.9, "CATCH_SKM": 4.26, "UPLAND_SKM": 53712.6, "ENDORHEIC": 0, "DIS_AV_CMS": 540.687, "ORD_STRA": 6, "ORD_CLAS": 1, "ORD_FLOW": 4, "HYBAS_L12": 4120638960 }, "geometry": { "type": "MultiLineString", "coordinates": [ [ [ 77.331249999999699, 34.168749999999484 ], [ 77.331249999999699, 34.177083333332796 ], [ 77.335416666666362, 34.181249999999459 ], [ 77.335416666666362, 34.185416666666107 ] ] ] } },
{ "type": "Feature", "properties": { "HYRIV_ID": 40542461, "NEXT_DOWN": 40542760, "MAIN_RIV": 41023100, "LENGTH_KM": 3.29, "DIST_DN_KM": 2646.6, "DIST_UP_KM": 706.3, "CATCH_SKM": 17.06, "UPLAND_SKM": 38560.6, "ENDORHEIC": 0, "DIS_AV_CMS": 204.641, "ORD_STRA": 6, "ORD_CLAS": 1, "ORD_FLOW": 4, "HYBAS_L12": 4120641560 }, "geometry": { "type": "MultiLineString", "coordinates": [ [ [ 77.481249999999733, 34.135416666666124 ], [ 77.47708333333307, 34.131249999999461 ], [ 77.447916666666316, 34.131249999999461 ] ] ] } },
{ "type": "Feature", "properties": { "HYRIV_ID": 40542611, "NEXT_DOWN": 40541227, "MAIN_RIV": 41023100, "LENGTH_KM": 11.35, "DIST_DN_KM": 2632.1, "DIST_UP_KM": 720.7, "CATCH_SKM": 42.28, "UPLAND_SKM": 38834.4, "ENDORHEIC": 0, "DIS_AV_CMS": 209.121, "ORD_STRA": 6, "ORD_CLAS": 1, "ORD_FLOW": 4, "HYBAS_L12": 4120640120 }, "geometry": { "type": "MultiLineString", "coordinates": [ [ [ 77.418749999999676, 34.127083333332813 ], [ 77.414583333333013, 34.131249999999461 ], [ 77.414583333333013, 34.135416666666124 ], [ 77.41041666666635, 34.139583333332787 ], [ 77.402083333333138, 34.139583333332787 ], [ 77.397916666666475, 34.135416666666124 ], [ 77.381249999999767, 34.152083333332804 ], [ 77.360416666666396, 34.152083333332804 ], [ 77.35208333333307, 34.160416666666116 ], [ 77.347916666666407, 34.160416666666116 ], [ 77.343749999999687, 34.156249999999467 ], [ 77.331249999999699, 34.168749999999484 ] ] ] } },
{ "type": "Feature", "properties": { "HYRIV_ID": 40542760, "NEXT_DOWN": 40542611, "MAIN_RIV": 41023100, "LENGTH_KM": 3.34, "DIST_DN_KM": 2643.5, "DIST_UP_KM": 709.4, "CATCH_SKM": 10.66, "UPLAND_SKM": 38659.7, "ENDORHEIC": 0, "DIS_AV_CMS": 205.908, "ORD_STRA": 6, "ORD_CLAS": 1, "ORD_FLOW": 4, "HYBAS_L12": 4120641560 }, "geometry": { "type": "MultiLineString", "coordinates": [ [ [ 77.447916666666316, 34.131249999999461 ], [ 77.44374999999971, 34.131249999999461 ], [ 77.435416666666328, 34.122916666666107 ], [ 77.422916666666339, 34.122916666666107 ], [ 77.418749999999676, 34.127083333332813 ] ] ] } },
{ "type": "Feature", "properties": { "HYRIV_ID": 40523641, "NEXT_DOWN": 40522696, "MAIN_RIV": 41023100, "LENGTH_KM": 3.79, "DIST_DN_KM": 2484.7, "DIST_UP_KM": 185.0, "CATCH_SKM": 13.94, "UPLAND_SKM": 10343.0, "ENDORHEIC": 0, "DIS_AV_CMS": 189.689, "ORD_STRA": 6, "ORD_CLAS": 2, "ORD_FLOW": 4, "HYBAS_L12": 4120623620 }, "geometry": { "type": "MultiLineString", "coordinates": [ [ [ 76.16458333333307, 34.706249999999422 ], [ 76.16458333333307, 34.710416666666127 ], [ 76.160416666666407, 34.71458333333279 ], [ 76.160416666666407, 34.718749999999439 ], [ 76.16458333333307, 34.722916666666102 ], [ 76.16458333333307, 34.727083333332807 ], [ 76.172916666666453, 34.735416666666119 ] ] ] } },
{ "type": "Feature", "properties": { "HYRIV_ID": 40524364, "NEXT_DOWN": 40523641, "MAIN_RIV": 41023100, "LENGTH_KM": 2.45, "DIST_DN_KM": 2488.4, "DIST_UP_KM": 181.4, "CATCH_SKM": 5.29, "UPLAND_SKM": 10300.2, "ENDORHEIC": 0, "DIS_AV_CMS": 189.439, "ORD_STRA": 6, "ORD_CLAS": 2, "ORD_FLOW": 4, "HYBAS_L12": 4120623620 }, "geometry": { "type": "MultiLineString", "coordinates": [ [ [ 76.160416666666407, 34.685416666666093 ], [ 76.16458333333307, 34.689583333332799 ], [ 76.16458333333307, 34.706249999999422 ] ] ] } },
{ "type": "Feature", "properties": { "HYRIV_ID": 40524955, "NEXT_DOWN": 40524364, "MAIN_RIV": 41023100, "LENGTH_KM": 2.26, "DIST_DN_KM": 2491.0, "DIST_UP_KM": 178.8, "CATCH_SKM": 5.83, "UPLAND_SKM": 10265.8, "ENDORHEIC": 0, "DIS_AV_CMS": 189.24, "ORD_STRA": 6, "ORD_CLAS": 2, "ORD_FLOW": 4, "HYBAS_L12": 4120623620 }, "geometry": { "type": "MultiLineString", "coordinates": [ [ [ 76.147916666666418, 34.668749999999456 ], [ 76.152083333333081, 34.672916666666119 ], [ 76.152083333333081, 34.677083333332781 ], [ 76.160416666666407, 34.685416666666093 ] ] ] } },
{ "type": "Feature", "properties": { "HYRIV_ID": 40525922, "NEXT_DOWN": 40524955, "MAIN_RIV": 41023100, "LENGTH_KM": 3.9, "DIST_DN_KM": 2493.1, "DIST_UP_KM": 176.6, "CATCH_SKM": 11.13, "UPLAND_SKM": 10227.2, "ENDORHEIC": 0, "DIS_AV_CMS": 188.926, "ORD_STRA": 6, "ORD_CLAS": 2, "ORD_FLOW": 4, "HYBAS_L12": 4120623620 }, "geometry": { "type": "MultiLineString", "coordinates": [ [ [ 76.135416666666373, 34.639583333332801 ], [ 76.135416666666373, 34.647916666666084 ], [ 76.139583333333036, 34.65208333333279 ], [ 76.143749999999699, 34.65208333333279 ], [ 76.147916666666418, 34.656249999999439 ], [ 76.147916666666418, 34.668749999999456 ] ] ] } },
{ "type": "Feature", "properties": { "HYRIV_ID": 40526235, "NEXT_DOWN": 40525922, "MAIN_RIV": 41023100, "LENGTH_KM": 1.06, "DIST_DN_KM": 2497.2, "DIST_UP_KM": 172.6, "CATCH_SKM": 0.71, "UPLAND_SKM": 10206.1, "ENDORHEIC": 0, "DIS_AV_CMS": 188.884, "ORD_STRA": 6, "ORD_CLAS": 2, "ORD_FLOW": 4, "HYBAS_L12": 4120623620 }, "geometry": { "type": "MultiLineString", "coordinates": [ [ [ 76.139583333333036, 34.631249999999447 ], [ 76.139583333333036, 34.63541666666611 ], [ 76.135416666666373, 34.639583333332801 ] ] ] } },
{ "type": "Feature", "properties": { "HYRIV_ID": 40526655, "NEXT_DOWN": 40526235, "MAIN_RIV": 41023100, "LENGTH_KM": 1.66, "DIST_DN_KM": 2498.1, "DIST_UP_KM": 171.7, "CATCH_SKM": 3.53, "UPLAND_SKM": 10186.0, "ENDORHEIC": 0, "DIS_AV_CMS": 188.735, "ORD_STRA": 6, "ORD_CLAS": 2, "ORD_FLOW": 4, "HYBAS_L12": 4120623620 }, "geometry": { "type": "MultiLineString", "coordinates": [ [ [ 76.13124999999971, 34.61874999999943 ], [ 76.139583333333036, 34.627083333332784 ], [ 76.139583333333036, 34.631249999999447 ] ] ] } },
{ "type": "Feature", "properties": { "HYRIV_ID": 40527363, "NEXT_DOWN": 40526655, "MAIN_RIV": 41023100, "LENGTH_KM": 2.73, "DIST_DN_KM": 2499.9, "DIST_UP_KM": 169.8, "CATCH_SKM": 9.19, "UPLAND_SKM": 10172.0, "ENDORHEIC": 0, "DIS_AV_CMS": 188.658, "ORD_STRA": 6, "ORD_CLAS": 2, "ORD_FLOW": 4, "HYBAS_L12": 4120623620 }, "geometry": { "type": "MultiLineString", "coordinates": [ [ [ 76.118749999999721, 34.597916666666144 ], [ 76.122916666666384, 34.602083333332793 ], [ 76.122916666666384, 34.610416666666119 ], [ 76.13124999999971, 34.61874999999943 ] ] ] } },
{ "type": "Feature", "properties": { "HYRIV_ID": 40529572, "NEXT_DOWN": 40528654, "MAIN_RIV": 41023100, "LENGTH_KM": 11.64, "DIST_DN_KM": 2621.1, "DIST_UP_KM": 487.0, "CATCH_SKM": 36.43, "UPLAND_SKM": 46216.2, "ENDORHEIC": 0, "DIS_AV_CMS": 82.451, "ORD_STRA": 7, "ORD_CLAS": 2, "ORD_FLOW": 5, "HYBAS_L12": 4120628370 }, "geometry": { "type": "MultiLineString", "coordinates": [ [ [ 77.656249999999801, 34.531249999999481 ], [ 77.652083333332968, 34.527083333332776 ], [ 77.63541666666643, 34.527083333332776 ], [ 77.627083333333047, 34.53541666666613 ], [ 77.622916666666384, 34.53541666666613 ], [ 77.614583333333059, 34.543749999999456 ], [ 77.610416666666396, 34.543749999999456 ], [ 77.606249999999733, 34.547916666666119 ], [ 77.606249999999733, 34.552083333332767 ], [ 77.602083333333013, 34.55624999999943 ], [ 77.593749999999687, 34.55624999999943 ], [ 77.589583333333024, 34.560416666666136 ], [ 77.577083333333036, 34.560416666666136 ], [ 77.572916666666316, 34.55624999999943 ], [ 77.568749999999653, 34.560416666666136 ], [ 77.56458333333299, 34.560416666666136 ], [ 77.560416666666328, 34.55624999999943 ] ] ] } },
{ "type": "Feature", "properties": { "HYRIV_ID": 40529827, "NEXT_DOWN": 40529572, "MAIN_RIV": 41023100, "LENGTH_KM": 5.24, "DIST_DN_KM": 2632.5, "DIST_UP_KM": 475.6, "CATCH_SKM": 19.63, "UPLAND_SKM": 46010.8, "ENDORHEIC": 0, "DIS_AV_CMS": 81.909, "ORD_STRA": 7, "ORD_CLAS": 2, "ORD_FLOW": 5, "HYBAS_L12": 4120629890 }, "geometry": { "type": "MultiLineString", "coordinates": [ [ [ 77.706249999999642, 34.518749999999464 ], [ 77.702083333333036, 34.518749999999464 ], [ 77.68958333333299, 34.531249999999481 ], [ 77.656249999999801, 34.531249999999481 ] ] ] } },
{ "type": "Feature", "properties": { "HYRIV_ID": 40530895, "NEXT_DOWN": 40529827, "MAIN_RIV": 41023100, "LENGTH_KM": 4.64, "DIST_DN_KM": 2637.7, "DIST_UP_KM": 470.4, "CATCH_SKM": 23.0, "UPLAND_SKM": 45952.2, "ENDORHEIC": 0, "DIS_AV_CMS": 81.811, "ORD_STRA": 7, "ORD_CLAS": 2, "ORD_FLOW": 5, "HYBAS_L12": 4120629890 }, "geometry": { "type": "MultiLineString", "coordinates": [ [ [ 77.718749999999687, 34.485416666666104 ], [ 77.72291666666635, 34.489583333332767 ], [ 77.72291666666635, 34.502083333332784 ], [ 77.714583333333024, 34.510416666666096 ], [ 77.710416666666362, 34.510416666666096 ], [ 77.706249999999642, 34.514583333332801 ], [ 77.706249999999642, 34.518749999999464 ] ] ] } },
{ "type": "Feature", "properties": { "HYRIV_ID": 40531153, "NEXT_DOWN": 40530895, "MAIN_RIV": 41023100, "LENGTH_KM": 1.06, "DIST_DN_KM": 2642.5, "DIST_UP_KM": 465.6, "CATCH_SKM": 0.89, "UPLAND_SKM": 45825.9, "ENDORHEIC": 0, "DIS_AV_CMS": 81.193, "ORD_STRA": 7, "ORD_CLAS": 2, "ORD_FLOW": 5, "HYBAS_L12": 4120631430 }, "geometry": { "type": "MultiLineString", "coordinates": [ [ [ 77.72291666666635, 34.477083333332793 ], [ 77.72291666666635, 34.481249999999456 ], [ 77.718749999999687, 34.485416666666104 ] ] ] } },
{ "type": "Feature", "properties": { "HYRIV_ID": 40531642, "NEXT_DOWN": 40531153, "MAIN_RIV": 41023100, "LENGTH_KM": 2.51, "DIST_DN_KM": 2643.4, "DIST_UP_KM": 464.7, "CATCH_SKM": 10.97, "UPLAND_SKM": 45720.0, "ENDORHEIC": 0, "DIS_AV_CMS": 80.642, "ORD_STRA": 7, "ORD_CLAS": 2, "ORD_FLOW": 5, "HYBAS_L12": 4120631690 }, "geometry": { "type": "MultiLineString", "coordinates": [ [ [ 77.735416666666396, 34.460416666666113 ], [ 77.731249999999676, 34.464583333332776 ], [ 77.727083333333013, 34.464583333332776 ], [ 77.72291666666635, 34.468749999999481 ], [ 77.72291666666635, 34.477083333332793 ] ] ] } },
{ "type": "Feature", "properties": { "HYRIV_ID": 40532582, "NEXT_DOWN": 40531642, "MAIN_RIV": 41023100, "LENGTH_KM": 4.17, "DIST_DN_KM": 2646.1, "DIST_UP_KM": 462.0, "CATCH_SKM": 23.37, "UPLAND_SKM": 45422.1, "ENDORHEIC": 0, "DIS_AV_CMS": 78.763, "ORD_STRA": 7, "ORD_CLAS": 2, "ORD_FLOW": 5, "HYBAS_L12": 4120632150 }, "geometry": { "type": "MultiLineString", "coordinates": [ [ [ 77.75624999999971, 34.431249999999459 ], [ 77.75624999999971, 34.443749999999447 ], [ 77.743749999999721, 34.456249999999464 ], [ 77.739583333333059, 34.456249999999464 ], [ 77.735416666666396, 34.460416666666113 ] ] ] } },
{ "type": "Feature", "properties": { "HYRIV_ID": 40533373, "NEXT_DOWN": 40532582, "MAIN_RIV": 41023100, "LENGTH_KM": 4.23, "DIST_DN_KM": 2650.1, "DIST_UP_KM": 458.0, "CATCH_SKM": 26.39, "UPLAND_SKM": 45383.2, "ENDORHEIC": 0, "DIS_AV_CMS": 78.537, "ORD_STRA": 7, "ORD_CLAS": 2, "ORD_FLOW": 5, "HYBAS_L12": 4120632150 }, "geometry": { "type": "MultiLineString", "coordinates": [ [ [ 77.785416666666407, 34.406249999999467 ], [ 77.781249999999744, 34.41041666666613 ], [ 77.777083333332968, 34.41041666666613 ], [ 77.768749999999642, 34.418749999999442 ], [ 77.764583333333093, 34.418749999999442 ], [ 77.75624999999971, 34.427083333332767 ], [ 77.75624999999971, 34.431249999999459 ] ] ] } },
{ "type": "Feature", "properties": { "HYRIV_ID": 40534483, "NEXT_DOWN": 40533373, "MAIN_RIV": 41023100, "LENGTH_KM": 4.12, "DIST_DN_KM": 2654.3, "DIST_UP_KM": 453.8, "CATCH_SKM": 19.49, "UPLAND_SKM": 45079.7, "ENDORHEIC": 0, "DIS_AV_CMS": 76.81, "ORD_STRA": 7, "ORD_CLAS": 2, "ORD_FLOW": 5, "HYBAS_L12": 4120633320 }, "geometry": { "type": "MultiLineString", "coordinates": [ [ [ 77.789583333333127, 34.372916666666121 ], [ 77.789583333333127, 34.389583333332801 ], [ 77.793749999999676, 34.39374999999945 ], [ 77.785416666666407, 34.402083333332818 ], [ 77.785416666666407, 34.406249999999467 ] ] ] } },
{ "type": "Feature", "properties": { "HYRIV_ID": 40534900, "NEXT_DOWN": 40534483, "MAIN_RIV": 41023100, "LENGTH_KM": 1.53, "DIST_DN_KM": 2658.5, "DIST_UP_KM": 449.6, "CATCH_SKM": 3.19, "UPLAND_SKM": 45038.6, "ENDORHEIC": 0, "DIS_AV_CMS": 76.55, "ORD_STRA": 7, "ORD_CLAS": 2, "ORD_FLOW": 5, "HYBAS_L12": 4120633320 }, "geometry": { "type": "MultiLineString", "coordinates": [ [ [ 77.793749999999676, 34.360416666666104 ], [ 77.793749999999676, 34.36458333333281 ], [ 77.789583333333127, 34.368749999999459 ], [ 77.789583333333127, 34.372916666666121 ] ] ] } },
{ "type": "Feature", "properties": { "HYRIV_ID": 40535275, "NEXT_DOWN": 40534900, "MAIN_RIV": 41023100, "LENGTH_KM": 2.19, "DIST_DN_KM": 2660.2, "DIST_UP_KM": 447.9, "CATCH_SKM": 4.25, "UPLAND_SKM": 44968.4, "ENDORHEIC": 0, "DIS_AV_CMS": 76.077, "ORD_STRA": 7, "ORD_CLAS": 2, "ORD_FLOW": 5, "HYBAS_L12": 4120633320 }, "geometry": { "type": "MultiLineString", "coordinates": [ [ [ 77.810416666666328, 34.34791666666613 ], [ 77.806249999999665, 34.352083333332793 ], [ 77.802083333333002, 34.352083333332793 ], [ 77.793749999999676, 34.360416666666104 ] ] ] } },
{ "type": "Feature", "properties": { "HYRIV_ID": 40535673, "NEXT_DOWN": 40535275, "MAIN_RIV": 41023100, "LENGTH_KM": 2.57, "DIST_DN_KM": 2662.1, "DIST_UP_KM": 446.0, "CATCH_SKM": 9.04, "UPLAND_SKM": 44951.2, "ENDORHEIC": 0, "DIS_AV_CMS": 75.96, "ORD_STRA": 7, "ORD_CLAS": 2, "ORD_FLOW": 5, "HYBAS_L12": 4120633320 }, "geometry": { "type": "MultiLineString", "coordinates": [ [ [ 77.831249999999642, 34.335416666666113 ], [ 77.827083333333036, 34.335416666666113 ], [ 77.81458333333299, 34.34791666666613 ], [ 77.810416666666328, 34.34791666666613 ] ] ] } },
{ "type": "Feature", "properties": { "HYRIV_ID": 40536146, "NEXT_DOWN": 40535673, "MAIN_RIV": 41023100, "LENGTH_KM": 3.33, "DIST_DN_KM": 2664.7, "DIST_UP_KM": 443.4, "CATCH_SKM": 16.84, "UPLAND_SKM": 44574.6, "ENDORHEIC": 0, "DIS_AV_CMS": 73.069, "ORD_STRA": 7, "ORD_CLAS": 2, "ORD_FLOW": 5, "HYBAS_L12": 4120635290 }, "geometry": { "type": "MultiLineString", "coordinates": [ [ [ 77.860416666666339, 34.322916666666138 ], [ 77.856249999999676, 34.327083333332787 ], [ 77.852083333333013, 34.327083333332787 ], [ 77.84791666666635, 34.33124999999945 ], [ 77.839583333332968, 34.33124999999945 ], [ 77.835416666666362, 34.335416666666113 ], [ 77.831249999999642, 34.335416666666113 ] ] ] } },
{ "type": "Feature", "properties": { "HYRIV_ID": 40536547, "NEXT_DOWN": 40536146, "MAIN_RIV": 41023100, "LENGTH_KM": 7.27, "DIST_DN_KM": 2668.2, "DIST_UP_KM": 439.9, "CATCH_SKM": 28.72, "UPLAND_SKM": 44527.9, "ENDORHEIC": 0, "DIS_AV_CMS": 72.761, "ORD_STRA": 7, "ORD_CLAS": 2, "ORD_FLOW": 5, "HYBAS_L12": 4120635290 }, "geometry": { "type": "MultiLineString", "coordinates": [ [ [ 77.922916666666453, 34.318749999999433 ], [ 77.91874999999979, 34.318749999999433 ], [ 77.91458333333307, 34.31458333333277 ], [ 77.910416666666407, 34.31458333333277 ], [ 77.906249999999744, 34.310416666666121 ], [ 77.897916666666418, 34.310416666666121 ], [ 77.893749999999756, 34.31458333333277 ], [ 77.889583333333036, 34.31458333333277 ], [ 77.885416666666373, 34.318749999999433 ], [ 77.88124999999971, 34.31458333333277 ], [ 77.872916666666384, 34.31458333333277 ], [ 77.868749999999721, 34.318749999999433 ], [ 77.864583333333002, 34.318749999999433 ], [ 77.860416666666339, 34.322916666666138 ] ] ] } },
{ "type": "Feature", "properties": { "HYRIV_ID": 40536814, "NEXT_DOWN": 40536950, "MAIN_RIV": 41023100, "LENGTH_KM": 5.0, "DIST_DN_KM": 2688.7, "DIST_UP_KM": 419.4, "CATCH_SKM": 14.01, "UPLAND_SKM": 44289.6, "ENDORHEIC": 0, "DIS_AV_CMS": 70.989, "ORD_STRA": 7, "ORD_CLAS": 2, "ORD_FLOW": 5, "HYBAS_L12": 4121385340 }, "geometry": { "type": "MultiLineString", "coordinates": [ [ [ 78.03958333333307, 34.302083333332796 ], [ 78.035416666666293, 34.306249999999459 ], [ 78.022916666666418, 34.306249999999459 ], [ 78.018749999999699, 34.302083333332796 ], [ 78.014583333333036, 34.302083333332796 ], [ 78.010416666666373, 34.306249999999459 ], [ 78.010416666666373, 34.310416666666121 ], [ 78.018749999999699, 34.318749999999433 ] ] ] } },
{ "type": "Feature", "properties": { "HYRIV_ID": 40536949, "NEXT_DOWN": 40536547, "MAIN_RIV": 41023100, "LENGTH_KM": 5.98, "DIST_DN_KM": 2675.2, "DIST_UP_KM": 432.9, "CATCH_SKM": 29.61, "UPLAND_SKM": 44461.2, "ENDORHEIC": 0, "DIS_AV_CMS": 72.307, "ORD_STRA": 7, "ORD_CLAS": 2, "ORD_FLOW": 5, "HYBAS_L12": 4120635290 }, "geometry": { "type": "MultiLineString", "coordinates": [ [ [ 77.968749999999687, 34.297916666666104 ], [ 77.964583333332968, 34.302083333332796 ], [ 77.956249999999642, 34.302083333332796 ], [ 77.952083333333036, 34.306249999999459 ], [ 77.947916666666316, 34.302083333332796 ], [ 77.943749999999653, 34.302083333332796 ], [ 77.93958333333299, 34.306249999999459 ], [ 77.93958333333299, 34.310416666666121 ], [ 77.931249999999665, 34.318749999999433 ], [ 77.922916666666453, 34.318749999999433 ] ] ] } },
{ "type": "Feature", "properties": { "HYRIV_ID": 40536950, "NEXT_DOWN": 40536949, "MAIN_RIV": 41023100, "LENGTH_KM": 7.29, "DIST_DN_KM": 2681.4, "DIST_UP_KM": 426.7, "CATCH_SKM": 25.53, "UPLAND_SKM": 44408.5, "ENDORHEIC": 0, "DIS_AV_CMS": 71.922, "ORD_STRA": 7, "ORD_CLAS": 2, "ORD_FLOW": 5, "HYBAS_L12": 4121385510 }, "geometry": { "type": "MultiLineString", "coordinates": [ [ [ 78.018749999999699, 34.318749999999433 ], [ 78.018749999999699, 34.322916666666138 ], [ 78.014583333333036, 34.327083333332787 ], [ 78.010416666666373, 34.327083333332787 ], [ 78.002083333333047, 34.318749999999433 ], [ 77.989583333333002, 34.318749999999433 ], [ 77.985416666666339, 34.31458333333277 ], [ 77.985416666666339, 34.306249999999459 ], [ 77.981249999999676, 34.302083333332796 ], [ 77.97291666666635, 34.302083333332796 ], [ 77.968749999999687, 34.297916666666104 ] ] ] } },
{ "type": "Feature", "properties": { "HYRIV_ID": 40536951, "NEXT_DOWN": 40536814, "MAIN_RIV": 41023100, "LENGTH_KM": 1.37, "DIST_DN_KM": 2693.5, "DIST_UP_KM": 414.6, "CATCH_SKM": 7.27, "UPLAND_SKM": 44257.7, "ENDORHEIC": 0, "DIS_AV_CMS": 70.529, "ORD_STRA": 7, "ORD_CLAS": 2, "ORD_FLOW": 5, "HYBAS_L12": 4121385340 }, "geometry": { "type": "MultiLineString", "coordinates": [ [ [ 78.052083333333115, 34.297916666666104 ], [ 78.047916666666453, 34.297916666666104 ], [ 78.043749999999733, 34.302083333332796 ], [ 78.03958333333307, 34.302083333332796 ] ] ] } },
{ "type": "Feature", "properties": { "HYRIV_ID": 40537750, "NEXT_DOWN": 40536951, "MAIN_RIV": 41023100, "LENGTH_KM": 3.58, "DIST_DN_KM": 2694.9, "DIST_UP_KM": 413.2, "CATCH_SKM": 15.96, "UPLAND_SKM": 44233.1, "ENDORHEIC": 0, "DIS_AV_CMS": 70.285, "ORD_STRA": 7, "ORD_CLAS": 2, "ORD_FLOW": 5, "HYBAS_L12": 4121385340 }, "geometry": { "type": "MultiLineString", "coordinates": [ [ [ 78.068749999999653, 34.272916666666156 ], [ 78.06458333333299, 34.277083333332804 ], [ 78.060416666666328, 34.277083333332804 ], [ 78.056249999999665, 34.281249999999467 ], [ 78.056249999999665, 34.289583333332779 ], [ 78.052083333333115, 34.293749999999442 ], [ 78.052083333333115, 34.297916666666104 ] ] ] } },
{ "type": "Feature", "properties": { "HYRIV_ID": 40538040, "NEXT_DOWN": 40537750, "MAIN_RIV": 41023100, "LENGTH_KM": 1.97, "DIST_DN_KM": 2698.6, "DIST_UP_KM": 409.5, "CATCH_SKM": 7.1, "UPLAND_SKM": 44181.8, "ENDORHEIC": 0, "DIS_AV_CMS": 69.732, "ORD_STRA": 7, "ORD_CLAS": 2, "ORD_FLOW": 5, "HYBAS_L12": 4121385340 }, "geometry": { "type": "MultiLineString", "coordinates": [ [ [ 78.085416666666362, 34.264583333332787 ], [ 78.081249999999642, 34.264583333332787 ], [ 78.07708333333315, 34.26874999999945 ], [ 78.072916666666316, 34.26874999999945 ], [ 78.068749999999653, 34.272916666666156 ] ] ] } },
{ "type": "Feature", "properties": { "HYRIV_ID": 40538688, "NEXT_DOWN": 40538040, "MAIN_RIV": 41023100, "LENGTH_KM": 3.11, "DIST_DN_KM": 2700.4, "DIST_UP_KM": 407.7, "CATCH_SKM": 18.27, "UPLAND_SKM": 44135.3, "ENDORHEIC": 0, "DIS_AV_CMS": 69.299, "ORD_STRA": 7, "ORD_CLAS": 2, "ORD_FLOW": 5, "HYBAS_L12": 4121385960 }, "geometry": { "type": "MultiLineString", "coordinates": [ [ [ 78.102083333333013, 34.243749999999459 ], [ 78.102083333333013, 34.25208333333277 ], [ 78.089583333332968, 34.264583333332787 ], [ 78.085416666666362, 34.264583333332787 ] ] ] } },
{ "type": "Feature", "properties": { "HYRIV_ID": 40539647, "NEXT_DOWN": 40538688, "MAIN_RIV": 41023100, "LENGTH_KM": 5.08, "DIST_DN_KM": 2703.7, "DIST_UP_KM": 404.4, "CATCH_SKM": 22.19, "UPLAND_SKM": 44097.0, "ENDORHEIC": 0, "DIS_AV_CMS": 68.865, "ORD_STRA": 7, "ORD_CLAS": 2, "ORD_FLOW": 5, "HYBAS_L12": 4121385960 }, "geometry": { "type": "MultiLineString", "coordinates": [ [ [ 78.135416666666373, 34.214583333332804 ], [ 78.122916666666328, 34.214583333332804 ], [ 78.110416666666339, 34.227083333332779 ], [ 78.110416666666339, 34.231249999999442 ], [ 78.106249999999676, 34.235416666666104 ], [ 78.106249999999676, 34.239583333332796 ], [ 78.102083333333013, 34.243749999999459 ] ] ] } },
{ "type": "Feature", "properties": { "HYRIV_ID": 40540278, "NEXT_DOWN": 40539647, "MAIN_RIV": 41023100, "LENGTH_KM": 2.37, "DIST_DN_KM": 2708.6, "DIST_UP_KM": 399.5, "CATCH_SKM": 7.63, "UPLAND_SKM": 44047.3, "ENDORHEIC": 0, "DIS_AV_CMS": 68.257, "ORD_STRA": 7, "ORD_CLAS": 2, "ORD_FLOW": 5, "HYBAS_L12": 4121385960 }, "geometry": { "type": "MultiLineString", "coordinates": [ [ [ 78.143749999999699, 34.197916666666124 ], [ 78.143749999999699, 34.210416666666141 ], [ 78.139583333333036, 34.214583333332804 ], [ 78.135416666666373, 34.214583333332804 ] ] ] } },
{ "type": "Feature", "properties": { "HYRIV_ID": 40540962, "NEXT_DOWN": 40540278, "MAIN_RIV": 41023100, "LENGTH_KM": 2.59, "DIST_DN_KM": 2711.0, "DIST_UP_KM": 397.1, "CATCH_SKM": 9.23, "UPLAND_SKM": 44013.8, "ENDORHEIC": 0, "DIS_AV_CMS": 67.878, "ORD_STRA": 7, "ORD_CLAS": 2, "ORD_FLOW": 5, "HYBAS_L12": 4121385960 }, "geometry": { "type": "MultiLineString", "coordinates": [ [ [ 78.152083333333024, 34.177083333332796 ], [ 78.152083333333024, 34.181249999999459 ], [ 78.147916666666362, 34.185416666666107 ], [ 78.147916666666362, 34.18958333333277 ], [ 78.143749999999699, 34.193749999999476 ], [ 78.143749999999699, 34.197916666666124 ] ] ] } },
{ "type": "Feature", "properties": { "HYRIV_ID": 40541633, "NEXT_DOWN": 40540962, "MAIN_RIV": 41023100, "LENGTH_KM": 2.73, "DIST_DN_KM": 2713.8, "DIST_UP_KM": 280.9, "CATCH_SKM": 13.32, "UPLAND_SKM": 14268.5, "ENDORHEIC": 0, "DIS_AV_CMS": 33.88, "ORD_STRA": 6, "ORD_CLAS": 3, "ORD_FLOW": 5, "HYBAS_L12": 4120639910 }, "geometry": { "type": "MultiLineString", "coordinates": [ [ [ 78.16458333333307, 34.156249999999467 ], [ 78.16458333333307, 34.160416666666116 ], [ 78.160416666666293, 34.164583333332779 ], [ 78.160416666666293, 34.168749999999484 ], [ 78.152083333333024, 34.177083333332796 ] ] ] } },
{ "type": "Feature", "properties": { "HYRIV_ID": 40542333, "NEXT_DOWN": 40540962, "MAIN_RIV": 41023100, "LENGTH_KM": 9.21, "DIST_DN_KM": 2713.8, "DIST_UP_KM": 394.3, "CATCH_SKM": 33.75, "UPLAND_SKM": 29736.1, "ENDORHEIC": 0, "DIS_AV_CMS": 33.814, "ORD_STRA": 6, "ORD_CLAS": 2, "ORD_FLOW": 5, "HYBAS_L12": 4120639900 }, "geometry": { "type": "MultiLineString", "coordinates": [ [ [ 78.102083333333013, 34.135416666666124 ], [ 78.102083333333013, 34.139583333332787 ], [ 78.110416666666339, 34.147916666666141 ], [ 78.127083333333047, 34.147916666666141 ], [ 78.13124999999971, 34.14374999999945 ], [ 78.143749999999699, 34.14374999999945 ], [ 78.152083333333024, 34.152083333332804 ], [ 78.152083333333024, 34.164583333332779 ], [ 78.147916666666362, 34.168749999999484 ], [ 78.147916666666362, 34.17291666666609 ], [ 78.152083333333024, 34.177083333332796 ] ] ] } },
{ "type": "Feature", "properties": { "HYRIV_ID": 40542612, "NEXT_DOWN": 40542462, "MAIN_RIV": 41023100, "LENGTH_KM": 1.37, "DIST_DN_KM": 2651.6, "DIST_UP_KM": 701.3, "CATCH_SKM": 5.33, "UPLAND_SKM": 38411.5, "ENDORHEIC": 0, "DIS_AV_CMS": 202.609, "ORD_STRA": 6, "ORD_CLAS": 1, "ORD_FLOW": 4, "HYBAS_L12": 4121387560 }, "geometry": { "type": "MultiLineString", "coordinates": [ [ [ 77.510416666666316, 34.127083333332813 ], [ 77.506249999999767, 34.131249999999461 ], [ 77.497916666666384, 34.131249999999461 ] ] ] } },
{ "type": "Feature", "properties": { "HYRIV_ID": 40542616, "NEXT_DOWN": 40541633, "MAIN_RIV": 41023100, "LENGTH_KM": 6.59, "DIST_DN_KM": 2716.5, "DIST_UP_KM": 278.2, "CATCH_SKM": 27.01, "UPLAND_SKM": 14244.0, "ENDORHEIC": 0, "DIS_AV_CMS": 33.638, "ORD_STRA": 6, "ORD_CLAS": 3, "ORD_FLOW": 5, "HYBAS_L12": 4120639910 }, "geometry": { "type": "MultiLineString", "coordinates": [ [ [ 78.214583333332968, 34.131249999999461 ], [ 78.206249999999642, 34.131249999999461 ], [ 78.202083333333093, 34.127083333332813 ], [ 78.193749999999653, 34.127083333332813 ], [ 78.177083333333059, 34.14374999999945 ], [ 78.172916666666396, 34.14374999999945 ], [ 78.172916666666396, 34.147916666666141 ], [ 78.16458333333307, 34.156249999999467 ] ] ] } },
{ "type": "Feature", "properties": { "HYRIV_ID": 40543062, "NEXT_DOWN": 40542612, "MAIN_RIV": 41023100, "LENGTH_KM": 2.96, "DIST_DN_KM": 2653.2, "DIST_UP_KM": 699.7, "CATCH_SKM": 9.24, "UPLAND_SKM": 38395.6, "ENDORHEIC": 0, "DIS_AV_CMS": 202.474, "ORD_STRA": 6, "ORD_CLAS": 1, "ORD_FLOW": 4, "HYBAS_L12": 4121387560 }, "geometry": { "type": "MultiLineString", "coordinates": [ [ [ 77.53541666666635, 34.114583333332796 ], [ 77.531249999999801, 34.114583333332796 ], [ 77.527083333332968, 34.118749999999444 ], [ 77.522916666666418, 34.118749999999444 ], [ 77.518749999999642, 34.122916666666107 ], [ 77.514583333333093, 34.122916666666107 ], [ 77.510416666666316, 34.127083333332813 ] ] ] } },
{ "type": "Feature", "properties": { "HYRIV_ID": 40543189, "NEXT_DOWN": 40543062, "MAIN_RIV": 41023100, "LENGTH_KM": 2.52, "DIST_DN_KM": 2656.1, "DIST_UP_KM": 696.8, "CATCH_SKM": 9.78, "UPLAND_SKM": 38213.2, "ENDORHEIC": 0, "DIS_AV_CMS": 201.077, "ORD_STRA": 6, "ORD_CLAS": 1, "ORD_FLOW": 4, "HYBAS_L12": 4120641900 }, "geometry": { "type": "MultiLineString", "coordinates": [ [ [ 77.560416666666328, 34.110416666666133 ], [ 77.539583333333013, 34.110416666666133 ], [ 77.53541666666635, 34.114583333332796 ] ] ] } },
{ "type": "Feature", "properties": { "HYRIV_ID": 40543413, "NEXT_DOWN": 40543189, "MAIN_RIV": 41023100, "LENGTH_KM": 3.17, "DIST_DN_KM": 2658.6, "DIST_UP_KM": 694.3, "CATCH_SKM": 5.33, "UPLAND_SKM": 38183.6, "ENDORHEIC": 0, "DIS_AV_CMS": 200.828, "ORD_STRA": 6, "ORD_CLAS": 1, "ORD_FLOW": 4, "HYBAS_L12": 4120641900 }, "geometry": { "type": "MultiLineString", "coordinates": [ [ [ 77.585416666666362, 34.102083333332821 ], [ 77.581249999999699, 34.106249999999427 ], [ 77.577083333333036, 34.106249999999427 ], [ 77.572916666666316, 34.102083333332821 ], [ 77.568749999999653, 34.106249999999427 ], [ 77.56458333333299, 34.106249999999427 ], [ 77.560416666666328, 34.110416666666133 ] ] ] } },
{ "type": "Feature", "properties": { "HYRIV_ID": 40543675, "NEXT_DOWN": 40542333, "MAIN_RIV": 41023100, "LENGTH_KM": 5.85, "DIST_DN_KM": 2722.8, "DIST_UP_KM": 385.3, "CATCH_SKM": 33.41, "UPLAND_SKM": 29399.5, "ENDORHEIC": 0, "DIS_AV_CMS": 30.647, "ORD_STRA": 6, "ORD_CLAS": 2, "ORD_FLOW": 5, "HYBAS_L12": 4120641150 }, "geometry": { "type": "MultiLineString", "coordinates": [ [ [ 78.122916666666328, 34.093749999999453 ], [ 78.122916666666328, 34.102083333332821 ], [ 78.106249999999676, 34.118749999999444 ], [ 78.106249999999676, 34.122916666666107 ], [ 78.110416666666339, 34.127083333332813 ], [ 78.110416666666339, 34.131249999999461 ], [ 78.106249999999676, 34.135416666666124 ], [ 78.102083333333013, 34.135416666666124 ] ] ] } },
{ "type": "Feature", "properties": { "HYRIV_ID": 40542331, "NEXT_DOWN": 40542461, "MAIN_RIV": 41023100, "LENGTH_KM": 0.77, "DIST_DN_KM": 2649.9, "DIST_UP_KM": 703.0, "CATCH_SKM": 0.89, "UPLAND_SKM": 38445.5, "ENDORHEIC": 0, "DIS_AV_CMS": 203.194, "ORD_STRA": 6, "ORD_CLAS": 1, "ORD_FLOW": 4, "HYBAS_L12": 4121387560 }, "geometry": { "type": "MultiLineString", "coordinates": [ [ [ 77.489583333333059, 34.135416666666124 ], [ 77.481249999999733, 34.135416666666124 ] ] ] } },
{ "type": "Feature", "properties": { "HYRIV_ID": 40542462, "NEXT_DOWN": 40542331, "MAIN_RIV": 41023100, "LENGTH_KM": 0.98, "DIST_DN_KM": 2650.6, "DIST_UP_KM": 702.2, "CATCH_SKM": 4.44, "UPLAND_SKM": 38433.4, "ENDORHEIC": 0, "DIS_AV_CMS": 202.947, "ORD_STRA": 6, "ORD_CLAS": 1, "ORD_FLOW": 4, "HYBAS_L12": 4121387560 }, "geometry": { "type": "MultiLineString", "coordinates": [ [ [ 77.497916666666384, 34.131249999999461 ], [ 77.493749999999721, 34.135416666666124 ], [ 77.489583333333059, 34.135416666666124 ] ] ] } },
{ "type": "Feature", "properties": { "HYRIV_ID": 40543672, "NEXT_DOWN": 40543413, "MAIN_RIV": 41023100, "LENGTH_KM": 1.59, "DIST_DN_KM": 2661.6, "DIST_UP_KM": 691.3, "CATCH_SKM": 5.33, "UPLAND_SKM": 38097.6, "ENDORHEIC": 0, "DIS_AV_CMS": 200.021, "ORD_STRA": 6, "ORD_CLAS": 1, "ORD_FLOW": 4, "HYBAS_L12": 4120641900 }, "geometry": { "type": "MultiLineString", "coordinates": [ [ [ 77.59791666666635, 34.093749999999453 ], [ 77.589583333333024, 34.102083333332821 ], [ 77.585416666666362, 34.102083333332821 ] ] ] } },
{ "type": "Feature", "properties": { "HYRIV_ID": 40544275, "NEXT_DOWN": 40543672, "MAIN_RIV": 41023100, "LENGTH_KM": 2.73, "DIST_DN_KM": 2663.3, "DIST_UP_KM": 689.5, "CATCH_SKM": 17.96, "UPLAND_SKM": 38006.8, "ENDORHEIC": 0, "DIS_AV_CMS": 199.282, "ORD_STRA": 6, "ORD_CLAS": 1, "ORD_FLOW": 4, "HYBAS_L12": 4121388030 }, "geometry": { "type": "MultiLineString", "coordinates": [ [ [ 77.610416666666396, 34.072916666666124 ], [ 77.606249999999733, 34.077083333332787 ], [ 77.606249999999733, 34.085416666666141 ], [ 77.59791666666635, 34.093749999999453 ] ] ] } },
{ "type": "Feature", "properties": { "HYRIV_ID": 40544670, "NEXT_DOWN": 40544275, "MAIN_RIV": 41023100, "LENGTH_KM": 3.34, "DIST_DN_KM": 2665.9, "DIST_UP_KM": 687.0, "CATCH_SKM": 18.32, "UPLAND_SKM": 37949.0, "ENDORHEIC": 0, "DIS_AV_CMS": 198.743, "ORD_STRA": 6, "ORD_CLAS": 1, "ORD_FLOW": 4, "HYBAS_L12": 4121388030 }, "geometry": { "type": "MultiLineString", "coordinates": [ [ [ 77.639583333333093, 34.060416666666107 ], [ 77.631249999999767, 34.060416666666107 ], [ 77.627083333333047, 34.064583333332813 ], [ 77.622916666666384, 34.064583333332813 ], [ 77.614583333333059, 34.072916666666124 ], [ 77.610416666666396, 34.072916666666124 ] ] ] } },
{ "type": "Feature", "properties": { "HYRIV_ID": 40544980, "NEXT_DOWN": 40544670, "MAIN_RIV": 41023100, "LENGTH_KM": 1.2, "DIST_DN_KM": 2669.4, "DIST_UP_KM": 683.5, "CATCH_SKM": 2.49, "UPLAND_SKM": 37918.8, "ENDORHEIC": 0, "DIS_AV_CMS": 198.472, "ORD_STRA": 6, "ORD_CLAS": 1, "ORD_FLOW": 4, "HYBAS_L12": 4121388030 }, "geometry": { "type": "MultiLineString", "coordinates": [ [ [ 77.647916666666418, 34.052083333332796 ], [ 77.639583333333093, 34.060416666666107 ] ] ] } },
{ "type": "Feature", "properties": { "HYRIV_ID": 40544981, "NEXT_DOWN": 40544980, "MAIN_RIV": 41023100, "LENGTH_KM": 0.38, "DIST_DN_KM": 2670.4, "DIST_UP_KM": 682.5, "CATCH_SKM": 0.53, "UPLAND_SKM": 37777.9, "ENDORHEIC": 0, "DIS_AV_CMS": 197.049, "ORD_STRA": 6, "ORD_CLAS": 1, "ORD_FLOW": 4, "HYBAS_L12": 4120643860 }, "geometry": { "type": "MultiLineString", "coordinates": [ [ [ 77.652083333332968, 34.052083333332796 ], [ 77.647916666666418, 34.052083333332796 ] ] ] } },
{ "type": "Feature", "properties": { "HYRIV_ID": 40545506, "NEXT_DOWN": 40544981, "MAIN_RIV": 41023100, "LENGTH_KM": 2.41, "DIST_DN_KM": 2671.0, "DIST_UP_KM": 681.9, "CATCH_SKM": 3.56, "UPLAND_SKM": 37697.8, "ENDORHEIC": 0, "DIS_AV_CMS": 196.365, "ORD_STRA": 6, "ORD_CLAS": 1, "ORD_FLOW": 4, "HYBAS_L12": 4120643860 }, "geometry": { "type": "MultiLineString", "coordinates": [ [ [ 77.668749999999676, 34.035416666666116 ], [ 77.652083333332968, 34.052083333332796 ] ] ] } },
{ "type": "Feature", "properties": { "HYRIV_ID": 40546157, "NEXT_DOWN": 40545506, "MAIN_RIV": 41023100, "LENGTH_KM": 2.73, "DIST_DN_KM": 2673.2, "DIST_UP_KM": 679.6, "CATCH_SKM": 15.84, "UPLAND_SKM": 37661.5, "ENDORHEIC": 0, "DIS_AV_CMS": 196.038, "ORD_STRA": 6, "ORD_CLAS": 1, "ORD_FLOW": 4, "HYBAS_L12": 4120643860 }, "geometry": { "type": "MultiLineString", "coordinates": [ [ [ 77.681249999999665, 34.014583333332773 ], [ 77.668749999999676, 34.02708333333279 ], [ 77.668749999999676, 34.035416666666116 ] ] ] } },
{ "type": "Feature", "properties": { "HYRIV_ID": 40546551, "NEXT_DOWN": 40546157, "MAIN_RIV": 41023100, "LENGTH_KM": 1.67, "DIST_DN_KM": 2676.1, "DIST_UP_KM": 676.7, "CATCH_SKM": 3.38, "UPLAND_SKM": 37615.8, "ENDORHEIC": 0, "DIS_AV_CMS": 195.586, "ORD_STRA": 6, "ORD_CLAS": 1, "ORD_FLOW": 4, "HYBAS_L12": 4120643860 }, "geometry": { "type": "MultiLineString", "coordinates": [ [ [ 77.68958333333299, 34.002083333332799 ], [ 77.68958333333299, 34.006249999999461 ], [ 77.681249999999665, 34.014583333332773 ] ] ] } },
{ "type": "Feature", "properties": { "HYRIV_ID": 40547172, "NEXT_DOWN": 40546551, "MAIN_RIV": 41023100, "LENGTH_KM": 2.73, "DIST_DN_KM": 2677.8, "DIST_UP_KM": 675.1, "CATCH_SKM": 10.86, "UPLAND_SKM": 37540.7, "ENDORHEIC": 0, "DIS_AV_CMS": 194.901, "ORD_STRA": 6, "ORD_CLAS": 1, "ORD_FLOW": 4, "HYBAS_L12": 4121389040 }, "geometry": { "type": "MultiLineString", "coordinates": [ [ [ 77.702083333333036, 33.981249999999427 ], [ 77.702083333333036, 33.985416666666133 ], [ 77.697916666666316, 33.989583333332781 ], [ 77.697916666666316, 33.993749999999444 ], [ 77.68958333333299, 34.002083333332799 ] ] ] } },
{ "type": "Feature", "properties": { "HYRIV_ID": 40547808, "NEXT_DOWN": 40547172, "MAIN_RIV": 41023100, "LENGTH_KM": 2.73, "DIST_DN_KM": 2680.5, "DIST_UP_KM": 672.3, "CATCH_SKM": 12.64, "UPLAND_SKM": 37509.9, "ENDORHEIC": 0, "DIS_AV_CMS": 194.589, "ORD_STRA": 6, "ORD_CLAS": 1, "ORD_FLOW": 4, "HYBAS_L12": 4121389040 }, "geometry": { "type": "MultiLineString", "coordinates": [ [ [ 77.714583333333024, 33.960416666666141 ], [ 77.710416666666362, 33.96458333333279 ], [ 77.710416666666362, 33.972916666666158 ], [ 77.702083333333036, 33.981249999999427 ] ] ] } },
{ "type": "Feature", "properties": { "HYRIV_ID": 40548910, "NEXT_DOWN": 40547808, "MAIN_RIV": 41023100, "LENGTH_KM": 4.26, "DIST_DN_KM": 2683.3, "DIST_UP_KM": 669.6, "CATCH_SKM": 13.71, "UPLAND_SKM": 37463.4, "ENDORHEIC": 0, "DIS_AV_CMS": 194.131, "ORD_STRA": 6, "ORD_CLAS": 1, "ORD_FLOW": 4, "HYBAS_L12": 4121389040 }, "geometry": { "type": "MultiLineString", "coordinates": [ [ [ 77.731249999999676, 33.927083333332781 ], [ 77.731249999999676, 33.935416666666136 ], [ 77.727083333333013, 33.939583333332799 ], [ 77.727083333333013, 33.943749999999461 ], [ 77.718749999999687, 33.952083333332816 ], [ 77.718749999999687, 33.956249999999478 ], [ 77.714583333333024, 33.960416666666141 ] ] ] } },
{ "type": "Feature", "properties": { "HYRIV_ID": 40549311, "NEXT_DOWN": 40548910, "MAIN_RIV": 41023100, "LENGTH_KM": 1.67, "DIST_DN_KM": 2687.6, "DIST_UP_KM": 665.3, "CATCH_SKM": 1.96, "UPLAND_SKM": 37430.5, "ENDORHEIC": 0, "DIS_AV_CMS": 193.787, "ORD_STRA": 6, "ORD_CLAS": 1, "ORD_FLOW": 4, "HYBAS_L12": 4121389040 }, "geometry": { "type": "MultiLineString", "coordinates": [ [ [ 77.739583333333059, 33.914583333332764 ], [ 77.735416666666396, 33.91874999999947 ], [ 77.735416666666396, 33.922916666666119 ], [ 77.731249999999676, 33.927083333332781 ] ] ] } },
{ "type": "Feature", "properties": { "HYRIV_ID": 40550622, "NEXT_DOWN": 40549311, "MAIN_RIV": 41023100, "LENGTH_KM": 6.51, "DIST_DN_KM": 2689.2, "DIST_UP_KM": 663.6, "CATCH_SKM": 23.88, "UPLAND_SKM": 37052.9, "ENDORHEIC": 0, "DIS_AV_CMS": 189.864, "ORD_STRA": 6, "ORD_CLAS": 1, "ORD_FLOW": 4, "HYBAS_L12": 4120648130 }, "geometry": { "type": "MultiLineString", "coordinates": [ [ [ 77.772916666666418, 33.872916666666136 ], [ 77.768749999999642, 33.872916666666136 ], [ 77.760416666666373, 33.881249999999504 ], [ 77.75624999999971, 33.881249999999504 ], [ 77.752083333333047, 33.88541666666611 ], [ 77.752083333333047, 33.893749999999478 ], [ 77.747916666666384, 33.897916666666127 ], [ 77.752083333333047, 33.90208333333279 ], [ 77.739583333333059, 33.914583333332764 ] ] ] } },
{ "type": "Feature", "properties": { "HYRIV_ID": 40551011, "NEXT_DOWN": 40550622, "MAIN_RIV": 41023100, "LENGTH_KM": 2.82, "DIST_DN_KM": 2695.6, "DIST_UP_KM": 657.3, "CATCH_SKM": 11.05, "UPLAND_SKM": 36909.5, "ENDORHEIC": 0, "DIS_AV_CMS": 188.383, "ORD_STRA": 6, "ORD_CLAS": 1, "ORD_FLOW": 4, "HYBAS_L12": 4120649170 }, "geometry": { "type": "MultiLineString", "coordinates": [ [ [ 77.793749999999676, 33.860416666666119 ], [ 77.789583333333127, 33.864583333332781 ], [ 77.785416666666407, 33.864583333332781 ], [ 77.781249999999744, 33.868749999999487 ], [ 77.781249999999744, 33.872916666666136 ], [ 77.772916666666418, 33.872916666666136 ] ] ] } },
{ "type": "Feature", "properties": { "HYRIV_ID": 40552124, "NEXT_DOWN": 40551011, "MAIN_RIV": 41023100, "LENGTH_KM": 4.79, "DIST_DN_KM": 2698.6, "DIST_UP_KM": 654.3, "CATCH_SKM": 21.75, "UPLAND_SKM": 36883.3, "ENDORHEIC": 0, "DIS_AV_CMS": 188.093, "ORD_STRA": 6, "ORD_CLAS": 1, "ORD_FLOW": 4, "HYBAS_L12": 4120649170 }, "geometry": { "type": "MultiLineString", "coordinates": [ [ [ 77.818749999999653, 33.827083333332816 ], [ 77.81458333333299, 33.827083333332816 ], [ 77.810416666666328, 33.831249999999464 ], [ 77.810416666666328, 33.835416666666127 ], [ 77.802083333333002, 33.843749999999453 ], [ 77.802083333333002, 33.852083333332807 ], [ 77.793749999999676, 33.860416666666119 ] ] ] } },
{ "type": "Feature", "properties": { "HYRIV_ID": 40552365, "NEXT_DOWN": 40552124, "MAIN_RIV": 41023100, "LENGTH_KM": 1.07, "DIST_DN_KM": 2703.4, "DIST_UP_KM": 649.5, "CATCH_SKM": 3.92, "UPLAND_SKM": 36820.3, "ENDORHEIC": 0, "DIS_AV_CMS": 187.409, "ORD_STRA": 6, "ORD_CLAS": 1, "ORD_FLOW": 4, "HYBAS_L12": 4120649170 }, "geometry": { "type": "MultiLineString", "coordinates": [ [ [ 77.822916666666316, 33.818749999999447 ], [ 77.822916666666316, 33.82291666666611 ], [ 77.818749999999653, 33.827083333332816 ] ] ] } },
{ "type": "Feature", "properties": { "HYRIV_ID": 40552611, "NEXT_DOWN": 40552365, "MAIN_RIV": 41023100, "LENGTH_KM": 1.21, "DIST_DN_KM": 2704.4, "DIST_UP_KM": 648.4, "CATCH_SKM": 2.14, "UPLAND_SKM": 36017.4, "ENDORHEIC": 0, "DIS_AV_CMS": 176.181, "ORD_STRA": 6, "ORD_CLAS": 1, "ORD_FLOW": 4, "HYBAS_L12": 4120650490 }, "geometry": { "type": "MultiLineString", "coordinates": [ [ [ 77.831249999999642, 33.810416666666136 ], [ 77.822916666666316, 33.818749999999447 ] ] ] } },
{ "type": "Feature", "properties": { "HYRIV_ID": 40553765, "NEXT_DOWN": 40552611, "MAIN_RIV": 41023100, "LENGTH_KM": 5.28, "DIST_DN_KM": 2705.7, "DIST_UP_KM": 647.2, "CATCH_SKM": 28.54, "UPLAND_SKM": 36000.2, "ENDORHEIC": 0, "DIS_AV_CMS": 175.988, "ORD_STRA": 6, "ORD_CLAS": 1, "ORD_FLOW": 4, "HYBAS_L12": 4120650490 }, "geometry": { "type": "MultiLineString", "coordinates": [ [ [ 77.864583333333002, 33.772916666666127 ], [ 77.839583333332968, 33.797916666666119 ], [ 77.839583333332968, 33.802083333332824 ], [ 77.831249999999642, 33.810416666666136 ] ] ] } },
{ "type": "Feature", "properties": { "HYRIV_ID": 40553911, "NEXT_DOWN": 40553765, "MAIN_RIV": 41023100, "LENGTH_KM": 0.99, "DIST_DN_KM": 2710.7, "DIST_UP_KM": 642.1, "CATCH_SKM": 4.28, "UPLAND_SKM": 35960.7, "ENDORHEIC": 0, "DIS_AV_CMS": 175.524, "ORD_STRA": 6, "ORD_CLAS": 1, "ORD_FLOW": 4, "HYBAS_L12": 4120650490 }, "geometry": { "type": "MultiLineString", "coordinates": [ [ [ 77.872916666666384, 33.768749999999464 ], [ 77.868749999999721, 33.772916666666127 ], [ 77.864583333333002, 33.772916666666127 ] ] ] } },
{ "type": "Feature", "properties": { "HYRIV_ID": 40554324, "NEXT_DOWN": 40553911, "MAIN_RIV": 41023100, "LENGTH_KM": 2.96, "DIST_DN_KM": 2711.9, "DIST_UP_KM": 641.0, "CATCH_SKM": 6.6, "UPLAND_SKM": 35869.1, "ENDORHEIC": 0, "DIS_AV_CMS": 174.52, "ORD_STRA": 6, "ORD_CLAS": 1, "ORD_FLOW": 4, "HYBAS_L12": 4120650490 }, "geometry": { "type": "MultiLineString", "coordinates": [ [ [ 77.897916666666418, 33.756249999999447 ], [ 77.885416666666373, 33.756249999999447 ], [ 77.872916666666384, 33.768749999999464 ] ] ] } },
{ "type": "Feature", "properties": { "HYRIV_ID": 40554325, "NEXT_DOWN": 40554324, "MAIN_RIV": 41023100, "LENGTH_KM": 0.77, "DIST_DN_KM": 2714.7, "DIST_UP_KM": 638.2, "CATCH_SKM": 1.25, "UPLAND_SKM": 35851.8, "ENDORHEIC": 0, "DIS_AV_CMS": 174.311, "ORD_STRA": 6, "ORD_CLAS": 1, "ORD_FLOW": 4, "HYBAS_L12": 4120650490 }, "geometry": { "type": "MultiLineString", "coordinates": [ [ [ 77.906249999999744, 33.756249999999447 ], [ 77.897916666666418, 33.756249999999447 ] ] ] } },
{ "type": "Feature", "properties": { "HYRIV_ID": 40554431, "NEXT_DOWN": 40554325, "MAIN_RIV": 41023100, "LENGTH_KM": 2.14, "DIST_DN_KM": 2715.5, "DIST_UP_KM": 637.4, "CATCH_SKM": 6.6, "UPLAND_SKM": 35825.9, "ENDORHEIC": 0, "DIS_AV_CMS": 173.989, "ORD_STRA": 6, "ORD_CLAS": 1, "ORD_FLOW": 4, "HYBAS_L12": 4120650490 }, "geometry": { "type": "MultiLineString", "coordinates": [ [ [ 77.927083333333002, 33.752083333332799 ], [ 77.922916666666453, 33.752083333332799 ], [ 77.91874999999979, 33.756249999999447 ], [ 77.906249999999744, 33.756249999999447 ] ] ] } },
{ "type": "Feature", "properties": { "HYRIV_ID": 40555295, "NEXT_DOWN": 40554431, "MAIN_RIV": 41023100, "LENGTH_KM": 4.49, "DIST_DN_KM": 2717.8, "DIST_UP_KM": 635.1, "CATCH_SKM": 19.28, "UPLAND_SKM": 35786.8, "ENDORHEIC": 0, "DIS_AV_CMS": 173.545, "ORD_STRA": 6, "ORD_CLAS": 1, "ORD_FLOW": 4, "HYBAS_L12": 4120650490 }, "geometry": { "type": "MultiLineString", "coordinates": [ [ [ 77.956249999999642, 33.727083333332793 ], [ 77.952083333333036, 33.727083333332793 ], [ 77.947916666666316, 33.731249999999456 ], [ 77.943749999999653, 33.731249999999456 ], [ 77.93958333333299, 33.735416666666161 ], [ 77.935416666666328, 33.735416666666161 ], [ 77.931249999999665, 33.73958333333281 ], [ 77.931249999999665, 33.747916666666136 ], [ 77.927083333333002, 33.752083333332799 ] ] ] } },
{ "type": "Feature", "properties": { "HYRIV_ID": 40555992, "NEXT_DOWN": 40555295, "MAIN_RIV": 41023100, "LENGTH_KM": 2.6, "DIST_DN_KM": 2722.3, "DIST_UP_KM": 630.6, "CATCH_SKM": 7.14, "UPLAND_SKM": 35528.0, "ENDORHEIC": 0, "DIS_AV_CMS": 170.621, "ORD_STRA": 6, "ORD_CLAS": 1, "ORD_FLOW": 4, "HYBAS_L12": 4120653510 }, "geometry": { "type": "MultiLineString", "coordinates": [ [ [ 77.964583333332968, 33.706249999999464 ], [ 77.964583333332968, 33.710416666666127 ], [ 77.960416666666362, 33.714583333332776 ], [ 77.960416666666362, 33.722916666666144 ], [ 77.956249999999642, 33.727083333332793 ] ] ] } },
{ "type": "Feature", "properties": { "HYRIV_ID": 40556793, "NEXT_DOWN": 40555992, "MAIN_RIV": 41023100, "LENGTH_KM": 3.62, "DIST_DN_KM": 2724.9, "DIST_UP_KM": 628.0, "CATCH_SKM": 16.79, "UPLAND_SKM": 35480.0, "ENDORHEIC": 0, "DIS_AV_CMS": 170.009, "ORD_STRA": 6, "ORD_CLAS": 1, "ORD_FLOW": 4, "HYBAS_L12": 4120653510 }, "geometry": { "type": "MultiLineString", "coordinates": [ [ [ 77.989583333333002, 33.681249999999473 ], [ 77.964583333332968, 33.706249999999464 ] ] ] } },
{ "type": "Feature", "properties": { "HYRIV_ID": 40557636, "NEXT_DOWN": 40556793, "MAIN_RIV": 41023100, "LENGTH_KM": 3.72, "DIST_DN_KM": 2728.5, "DIST_UP_KM": 624.4, "CATCH_SKM": 10.54, "UPLAND_SKM": 35406.4, "ENDORHEIC": 0, "DIS_AV_CMS": 169.079, "ORD_STRA": 6, "ORD_CLAS": 1, "ORD_FLOW": 4, "HYBAS_L12": 4120653510 }, "geometry": { "type": "MultiLineString", "coordinates": [ [ [ 78.010416666666373, 33.656249999999481 ], [ 78.00624999999971, 33.656249999999481 ], [ 77.997916666666384, 33.664583333332793 ], [ 77.997916666666384, 33.668749999999456 ], [ 77.993749999999665, 33.672916666666161 ], [ 77.993749999999665, 33.67708333333281 ], [ 77.989583333333002, 33.681249999999473 ] ] ] } },
{ "type": "Feature", "properties": { "HYRIV_ID": 40558006, "NEXT_DOWN": 40557636, "MAIN_RIV": 41023100, "LENGTH_KM": 2.97, "DIST_DN_KM": 2732.2, "DIST_UP_KM": 620.7, "CATCH_SKM": 8.93, "UPLAND_SKM": 35348.3, "ENDORHEIC": 0, "DIS_AV_CMS": 168.298, "ORD_STRA": 6, "ORD_CLAS": 1, "ORD_FLOW": 4, "HYBAS_L12": 4120653510 }, "geometry": { "type": "MultiLineString", "coordinates": [ [ [ 78.035416666666293, 33.643749999999464 ], [ 78.031249999999744, 33.647916666666127 ], [ 78.018749999999699, 33.647916666666127 ], [ 78.010416666666373, 33.656249999999481 ] ] ] } },
{ "type": "Feature", "properties": { "HYRIV_ID": 40558244, "NEXT_DOWN": 40558006, "MAIN_RIV": 41023100, "LENGTH_KM": 3.13, "DIST_DN_KM": 2735.0, "DIST_UP_KM": 617.9, "CATCH_SKM": 12.69, "UPLAND_SKM": 35321.5, "ENDORHEIC": 0, "DIS_AV_CMS": 167.943, "ORD_STRA": 6, "ORD_CLAS": 1, "ORD_FLOW": 4, "HYBAS_L12": 4120653510 }, "geometry": { "type": "MultiLineString", "coordinates": [ [ [ 78.06458333333299, 33.635416666666138 ], [ 78.060416666666328, 33.635416666666138 ], [ 78.052083333333115, 33.643749999999464 ], [ 78.035416666666293, 33.643749999999464 ] ] ] } },
{ "type": "Feature", "properties": { "HYRIV_ID": 40558841, "NEXT_DOWN": 40558244, "MAIN_RIV": 41023100, "LENGTH_KM": 3.02, "DIST_DN_KM": 2738.3, "DIST_UP_KM": 614.6, "CATCH_SKM": 8.94, "UPLAND_SKM": 35294.8, "ENDORHEIC": 0, "DIS_AV_CMS": 167.605, "ORD_STRA": 6, "ORD_CLAS": 1, "ORD_FLOW": 4, "HYBAS_L12": 4120653510 }, "geometry": { "type": "MultiLineString", "coordinates": [ [ [ 78.085416666666362, 33.61458333333281 ], [ 78.06458333333299, 33.635416666666138 ] ] ] } },
{ "type": "Feature", "properties": { "HYRIV_ID": 40559624, "NEXT_DOWN": 40558841, "MAIN_RIV": 41023100, "LENGTH_KM": 3.06, "DIST_DN_KM": 2741.3, "DIST_UP_KM": 611.6, "CATCH_SKM": 12.52, "UPLAND_SKM": 35110.1, "ENDORHEIC": 0, "DIS_AV_CMS": 165.371, "ORD_STRA": 6, "ORD_CLAS": 1, "ORD_FLOW": 4, "HYBAS_L12": 4120656560 }, "geometry": { "type": "MultiLineString", "coordinates": [ [ [ 78.07708333333315, 33.589583333332818 ], [ 78.07708333333315, 33.606249999999498 ], [ 78.085416666666362, 33.61458333333281 ] ] ] } },
{ "type": "Feature", "properties": { "HYRIV_ID": 40559839, "NEXT_DOWN": 40559624, "MAIN_RIV": 41023100, "LENGTH_KM": 1.59, "DIST_DN_KM": 2744.4, "DIST_UP_KM": 608.5, "CATCH_SKM": 3.04, "UPLAND_SKM": 34903.1, "ENDORHEIC": 0, "DIS_AV_CMS": 162.308, "ORD_STRA": 6, "ORD_CLAS": 1, "ORD_FLOW": 4, "HYBAS_L12": 4120657190 }, "geometry": { "type": "MultiLineString", "coordinates": [ [ [ 78.089583333332968, 33.581249999999464 ], [ 78.085416666666362, 33.581249999999464 ], [ 78.07708333333315, 33.589583333332818 ] ] ] } },
{ "type": "Feature", "properties": { "HYRIV_ID": 40560086, "NEXT_DOWN": 40559839, "MAIN_RIV": 41023100, "LENGTH_KM": 3.52, "DIST_DN_KM": 2745.8, "DIST_UP_KM": 607.1, "CATCH_SKM": 9.84, "UPLAND_SKM": 34884.6, "ENDORHEIC": 0, "DIS_AV_CMS": 162.047, "ORD_STRA": 6, "ORD_CLAS": 1, "ORD_FLOW": 4, "HYBAS_L12": 4120657190 }, "geometry": { "type": "MultiLineString", "coordinates": [ [ [ 78.122916666666328, 33.572916666666138 ], [ 78.118749999999665, 33.572916666666138 ], [ 78.114583333333002, 33.577083333332801 ], [ 78.102083333333013, 33.577083333332801 ], [ 78.097916666666293, 33.581249999999464 ], [ 78.089583333332968, 33.581249999999464 ] ] ] } },
{ "type": "Feature", "properties": { "HYRIV_ID": 40560235, "NEXT_DOWN": 40560086, "MAIN_RIV": 41023100, "LENGTH_KM": 0.6, "DIST_DN_KM": 2749.5, "DIST_UP_KM": 603.4, "CATCH_SKM": 1.43, "UPLAND_SKM": 34863.9, "ENDORHEIC": 0, "DIS_AV_CMS": 161.769, "ORD_STRA": 6, "ORD_CLAS": 1, "ORD_FLOW": 4, "HYBAS_L12": 4120657190 }, "geometry": { "type": "MultiLineString", "coordinates": [ [ [ 78.127083333333047, 33.568749999999447 ], [ 78.122916666666328, 33.572916666666138 ] ] ] } },
{ "type": "Feature", "properties": { "HYRIV_ID": 40560809, "NEXT_DOWN": 40560235, "MAIN_RIV": 41023100, "LENGTH_KM": 2.8, "DIST_DN_KM": 2750.1, "DIST_UP_KM": 602.8, "CATCH_SKM": 7.16, "UPLAND_SKM": 34852.1, "ENDORHEIC": 0, "DIS_AV_CMS": 161.603, "ORD_STRA": 6, "ORD_CLAS": 1, "ORD_FLOW": 4, "HYBAS_L12": 4120657190 }, "geometry": { "type": "MultiLineString", "coordinates": [ [ [ 78.147916666666362, 33.55208333333281 ], [ 78.139583333333036, 33.560416666666121 ], [ 78.135416666666373, 33.560416666666121 ], [ 78.127083333333047, 33.568749999999447 ] ] ] } },
{ "type": "Feature", "properties": { "HYRIV_ID": 40561991, "NEXT_DOWN": 40560809, "MAIN_RIV": 41023100, "LENGTH_KM": 4.59, "DIST_DN_KM": 2752.9, "DIST_UP_KM": 600.0, "CATCH_SKM": 16.1, "UPLAND_SKM": 34804.8, "ENDORHEIC": 0, "DIS_AV_CMS": 160.982, "ORD_STRA": 6, "ORD_CLAS": 1, "ORD_FLOW": 4, "HYBAS_L12": 4120657190 }, "geometry": { "type": "MultiLineString", "coordinates": [ [ [ 78.152083333333024, 33.514583333332801 ], [ 78.152083333333024, 33.53541666666613 ], [ 78.156249999999744, 33.539583333332835 ], [ 78.156249999999744, 33.543749999999498 ], [ 78.147916666666362, 33.55208333333281 ] ] ] } },
{ "type": "Feature", "properties": { "HYRIV_ID": 40562864, "NEXT_DOWN": 40561991, "MAIN_RIV": 41023100, "LENGTH_KM": 3.34, "DIST_DN_KM": 2757.3, "DIST_UP_KM": 595.6, "CATCH_SKM": 8.59, "UPLAND_SKM": 34625.8, "ENDORHEIC": 0, "DIS_AV_CMS": 158.703, "ORD_STRA": 6, "ORD_CLAS": 1, "ORD_FLOW": 4, "HYBAS_L12": 4120659250 }, "geometry": { "type": "MultiLineString", "coordinates": [ [ [ 78.135416666666373, 33.48958333333281 ], [ 78.147916666666362, 33.502083333332827 ], [ 78.147916666666362, 33.506249999999476 ], [ 78.152083333333024, 33.510416666666138 ], [ 78.152083333333024, 33.514583333332801 ] ] ] } },
{ "type": "Feature", "properties": { "HYRIV_ID": 40563118, "NEXT_DOWN": 40562864, "MAIN_RIV": 41023100, "LENGTH_KM": 1.07, "DIST_DN_KM": 2760.6, "DIST_UP_KM": 592.2, "CATCH_SKM": 2.51, "UPLAND_SKM": 34566.4, "ENDORHEIC": 0, "DIS_AV_CMS": 157.805, "ORD_STRA": 6, "ORD_CLAS": 1, "ORD_FLOW": 4, "HYBAS_L12": 4120659250 }, "geometry": { "type": "MultiLineString", "coordinates": [ [ [ 78.13124999999971, 33.481249999999484 ], [ 78.135416666666373, 33.485416666666147 ], [ 78.135416666666373, 33.48958333333281 ] ] ] } },
{ "type": "Feature", "properties": { "HYRIV_ID": 40563718, "NEXT_DOWN": 40563118, "MAIN_RIV": 41023100, "LENGTH_KM": 4.08, "DIST_DN_KM": 2761.9, "DIST_UP_KM": 591.0, "CATCH_SKM": 14.86, "UPLAND_SKM": 34536.8, "ENDORHEIC": 0, "DIS_AV_CMS": 157.345, "ORD_STRA": 6, "ORD_CLAS": 1, "ORD_FLOW": 4, "HYBAS_L12": 4120659250 }, "geometry": { "type": "MultiLineString", "coordinates": [ [ [ 78.156249999999744, 33.460416666666113 ], [ 78.156249999999744, 33.464583333332818 ], [ 78.147916666666362, 33.47291666666613 ], [ 78.143749999999699, 33.468749999999467 ], [ 78.13124999999971, 33.481249999999484 ] ] ] } },
{ "type": "Feature", "properties": { "HYRIV_ID": 40563960, "NEXT_DOWN": 40563718, "MAIN_RIV": 41023100, "LENGTH_KM": 1.59, "DIST_DN_KM": 2765.8, "DIST_UP_KM": 587.1, "CATCH_SKM": 1.97, "UPLAND_SKM": 34506.5, "ENDORHEIC": 0, "DIS_AV_CMS": 156.879, "ORD_STRA": 6, "ORD_CLAS": 1, "ORD_FLOW": 4, "HYBAS_L12": 4120659250 }, "geometry": { "type": "MultiLineString", "coordinates": [ [ [ 78.168749999999733, 33.452083333332801 ], [ 78.160416666666293, 33.460416666666113 ], [ 78.156249999999744, 33.460416666666113 ] ] ] } },
{ "type": "Feature", "properties": { "HYRIV_ID": 40564641, "NEXT_DOWN": 40563960, "MAIN_RIV": 41023100, "LENGTH_KM": 3.79, "DIST_DN_KM": 2767.5, "DIST_UP_KM": 585.3, "CATCH_SKM": 10.03, "UPLAND_SKM": 34480.7, "ENDORHEIC": 0, "DIS_AV_CMS": 156.481, "ORD_STRA": 6, "ORD_CLAS": 1, "ORD_FLOW": 4, "HYBAS_L12": 4120659250 }, "geometry": { "type": "MultiLineString", "coordinates": [ [ [ 78.197916666666316, 33.431249999999459 ], [ 78.185416666666328, 33.443749999999476 ], [ 78.181249999999778, 33.443749999999476 ], [ 78.177083333333059, 33.447916666666138 ], [ 78.172916666666396, 33.447916666666138 ], [ 78.168749999999733, 33.452083333332801 ] ] ] } },
{ "type": "Feature", "properties": { "HYRIV_ID": 40565156, "NEXT_DOWN": 40564641, "MAIN_RIV": 41023100, "LENGTH_KM": 3.57, "DIST_DN_KM": 2771.3, "DIST_UP_KM": 581.5, "CATCH_SKM": 9.68, "UPLAND_SKM": 34295.1, "ENDORHEIC": 0, "DIS_AV_CMS": 153.623, "ORD_STRA": 6, "ORD_CLAS": 1, "ORD_FLOW": 4, "HYBAS_L12": 4120661560 }, "geometry": { "type": "MultiLineString", "coordinates": [ [ [ 78.227083333333013, 33.414583333332821 ], [ 78.218749999999687, 33.414583333332821 ], [ 78.206249999999642, 33.427083333332796 ], [ 78.202083333333093, 33.427083333332796 ], [ 78.197916666666316, 33.431249999999459 ] ] ] } },
{ "type": "Feature", "properties": { "HYRIV_ID": 40565544, "NEXT_DOWN": 40565156, "MAIN_RIV": 41023100, "LENGTH_KM": 2.06, "DIST_DN_KM": 2774.7, "DIST_UP_KM": 578.2, "CATCH_SKM": 4.12, "UPLAND_SKM": 34227.4, "ENDORHEIC": 0, "DIS_AV_CMS": 152.698, "ORD_STRA": 6, "ORD_CLAS": 1, "ORD_FLOW": 4, "HYBAS_L12": 4120661560 }, "geometry": { "type": "MultiLineString", "coordinates": [ [ [ 78.239583333333002, 33.402083333332804 ], [ 78.239583333333002, 33.406249999999467 ], [ 78.231249999999676, 33.414583333332821 ], [ 78.227083333333013, 33.414583333332821 ] ] ] } },
{ "type": "Feature", "properties": { "HYRIV_ID": 40565678, "NEXT_DOWN": 40565544, "MAIN_RIV": 41023100, "LENGTH_KM": 0.6, "DIST_DN_KM": 2776.9, "DIST_UP_KM": 575.9, "CATCH_SKM": 0.36, "UPLAND_SKM": 34205.6, "ENDORHEIC": 0, "DIS_AV_CMS": 152.347, "ORD_STRA": 6, "ORD_CLAS": 1, "ORD_FLOW": 4, "HYBAS_L12": 4120661560 }, "geometry": { "type": "MultiLineString", "coordinates": [ [ [ 78.243749999999665, 33.397916666666156 ], [ 78.239583333333002, 33.402083333332804 ] ] ] } },
{ "type": "Feature", "properties": { "HYRIV_ID": 40566162, "NEXT_DOWN": 40565678, "MAIN_RIV": 41023100, "LENGTH_KM": 4.21, "DIST_DN_KM": 2777.5, "DIST_UP_KM": 575.3, "CATCH_SKM": 14.7, "UPLAND_SKM": 34161.9, "ENDORHEIC": 0, "DIS_AV_CMS": 151.734, "ORD_STRA": 6, "ORD_CLAS": 1, "ORD_FLOW": 4, "HYBAS_L12": 4120661560 }, "geometry": { "type": "MultiLineString", "coordinates": [ [ [ 78.277083333333024, 33.381249999999476 ], [ 78.277083333333024, 33.385416666666138 ], [ 78.272916666666362, 33.389583333332787 ], [ 78.260416666666373, 33.389583333332787 ], [ 78.256249999999653, 33.39374999999945 ], [ 78.247916666666328, 33.39374999999945 ], [ 78.243749999999665, 33.397916666666156 ] ] ] } },
{ "type": "Feature", "properties": { "HYRIV_ID": 40566582, "NEXT_DOWN": 40566162, "MAIN_RIV": 41023100, "LENGTH_KM": 1.67, "DIST_DN_KM": 2781.7, "DIST_UP_KM": 571.1, "CATCH_SKM": 5.92, "UPLAND_SKM": 34085.6, "ENDORHEIC": 0, "DIS_AV_CMS": 150.476, "ORD_STRA": 6, "ORD_CLAS": 1, "ORD_FLOW": 4, "HYBAS_L12": 4121396350 }, "geometry": { "type": "MultiLineString", "coordinates": [ [ [ 78.285416666666407, 33.368749999999459 ], [ 78.281249999999687, 33.372916666666121 ], [ 78.281249999999687, 33.377083333332813 ], [ 78.277083333333024, 33.381249999999476 ] ] ] } },
{ "type": "Feature", "properties": { "HYRIV_ID": 40567003, "NEXT_DOWN": 40566582, "MAIN_RIV": 41023100, "LENGTH_KM": 3.36, "DIST_DN_KM": 2783.4, "DIST_UP_KM": 569.4, "CATCH_SKM": 9.68, "UPLAND_SKM": 34070.6, "ENDORHEIC": 0, "DIS_AV_CMS": 150.25, "ORD_STRA": 6, "ORD_CLAS": 1, "ORD_FLOW": 4, "HYBAS_L12": 4121396350 }, "geometry": { "type": "MultiLineString", "coordinates": [ [ [ 78.314583333333104, 33.356249999999484 ], [ 78.306249999999721, 33.356249999999484 ], [ 78.297916666666396, 33.364583333332796 ], [ 78.28958333333307, 33.364583333332796 ], [ 78.285416666666407, 33.368749999999459 ] ] ] } },
{ "type": "Feature", "properties": { "HYRIV_ID": 40567004, "NEXT_DOWN": 40567003, "MAIN_RIV": 41023100, "LENGTH_KM": 4.52, "DIST_DN_KM": 2786.8, "DIST_UP_KM": 566.1, "CATCH_SKM": 19.9, "UPLAND_SKM": 34027.7, "ENDORHEIC": 0, "DIS_AV_CMS": 149.564, "ORD_STRA": 6, "ORD_CLAS": 1, "ORD_FLOW": 4, "HYBAS_L12": 4121396350 }, "geometry": { "type": "MultiLineString", "coordinates": [ [ [ 78.356249999999676, 33.360416666666147 ], [ 78.352083333333013, 33.356249999999484 ], [ 78.335416666666475, 33.356249999999484 ], [ 78.331249999999642, 33.360416666666147 ], [ 78.318749999999653, 33.360416666666147 ], [ 78.314583333333104, 33.356249999999484 ] ] ] } },
{ "type": "Feature", "properties": { "HYRIV_ID": 40568171, "NEXT_DOWN": 40567004, "MAIN_RIV": 41023100, "LENGTH_KM": 6.17, "DIST_DN_KM": 2791.1, "DIST_UP_KM": 561.8, "CATCH_SKM": 31.02, "UPLAND_SKM": 33836.9, "ENDORHEIC": 0, "DIS_AV_CMS": 147.184, "ORD_STRA": 6, "ORD_CLAS": 1, "ORD_FLOW": 4, "HYBAS_L12": 4120663510 }, "geometry": { "type": "MultiLineString", "coordinates": [ [ [ 78.393749999999699, 33.322916666666124 ], [ 78.389583333333036, 33.322916666666124 ], [ 78.385416666666316, 33.327083333332787 ], [ 78.385416666666316, 33.335416666666141 ], [ 78.381249999999653, 33.339583333332804 ], [ 78.381249999999653, 33.343749999999467 ], [ 78.37708333333299, 33.34791666666613 ], [ 78.372916666666328, 33.34791666666613 ], [ 78.360416666666339, 33.360416666666147 ], [ 78.356249999999676, 33.360416666666147 ] ] ] } },
{ "type": "Feature", "properties": { "HYRIV_ID": 40569373, "NEXT_DOWN": 40568171, "MAIN_RIV": 41023100, "LENGTH_KM": 5.79, "DIST_DN_KM": 2797.2, "DIST_UP_KM": 555.6, "CATCH_SKM": 27.45, "UPLAND_SKM": 33783.7, "ENDORHEIC": 0, "DIS_AV_CMS": 146.447, "ORD_STRA": 6, "ORD_CLAS": 1, "ORD_FLOW": 4, "HYBAS_L12": 4120663510 }, "geometry": { "type": "MultiLineString", "coordinates": [ [ [ 78.418749999999733, 33.285416666666116 ], [ 78.41041666666635, 33.293749999999484 ], [ 78.406249999999687, 33.293749999999484 ], [ 78.397916666666362, 33.302083333332796 ], [ 78.397916666666362, 33.31041666666615 ], [ 78.402083333333024, 33.31458333333277 ], [ 78.402083333333024, 33.318749999999476 ], [ 78.397916666666362, 33.322916666666124 ], [ 78.393749999999699, 33.322916666666124 ] ] ] } },
{ "type": "Feature", "properties": { "HYRIV_ID": 40569757, "NEXT_DOWN": 40569373, "MAIN_RIV": 41023100, "LENGTH_KM": 3.75, "DIST_DN_KM": 2803.2, "DIST_UP_KM": 549.6, "CATCH_SKM": 8.97, "UPLAND_SKM": 33728.6, "ENDORHEIC": 0, "DIS_AV_CMS": 145.694, "ORD_STRA": 6, "ORD_CLAS": 1, "ORD_FLOW": 4, "HYBAS_L12": 4120663510 }, "geometry": { "type": "MultiLineString", "coordinates": [ [ [ 78.452083333333093, 33.272916666666141 ], [ 78.443749999999767, 33.281249999999467 ], [ 78.422916666666396, 33.281249999999467 ], [ 78.418749999999733, 33.285416666666116 ] ] ] } },
{ "type": "Feature", "properties": { "HYRIV_ID": 40569911, "NEXT_DOWN": 40569757, "MAIN_RIV": 41023100, "LENGTH_KM": 1.77, "DIST_DN_KM": 2806.8, "DIST_UP_KM": 546.1, "CATCH_SKM": 5.56, "UPLAND_SKM": 33169.6, "ENDORHEIC": 0, "DIS_AV_CMS": 135.908, "ORD_STRA": 6, "ORD_CLAS": 1, "ORD_FLOW": 4, "HYBAS_L12": 4120666010 }, "geometry": { "type": "MultiLineString", "coordinates": [ [ [ 78.454278346537706, 33.272916666666141 ], [ 78.452083333333093, 33.272916666666141 ] ] ] } },
{ "type": "Feature", "properties": { "HYRIV_ID": 40544052, "NEXT_DOWN": 40543675, "MAIN_RIV": 41023100, "LENGTH_KM": 1.8, "DIST_DN_KM": 2728.8, "DIST_UP_KM": 379.3, "CATCH_SKM": 5.69, "UPLAND_SKM": 29353.8, "ENDORHEIC": 0, "DIS_AV_CMS": 30.107, "ORD_STRA": 6, "ORD_CLAS": 2, "ORD_FLOW": 5, "HYBAS_L12": 4120641150 }, "geometry": { "type": "MultiLineString", "coordinates": [ [ [ 78.135416666666373, 34.081249999999478 ], [ 78.122916666666328, 34.093749999999453 ] ] ] } },
{ "type": "Feature", "properties": { "HYRIV_ID": 40545635, "NEXT_DOWN": 40544052, "MAIN_RIV": 41023100, "LENGTH_KM": 6.67, "DIST_DN_KM": 2730.6, "DIST_UP_KM": 377.5, "CATCH_SKM": 44.28, "UPLAND_SKM": 29336.9, "ENDORHEIC": 0, "DIS_AV_CMS": 29.918, "ORD_STRA": 6, "ORD_CLAS": 2, "ORD_FLOW": 5, "HYBAS_L12": 4120641150 }, "geometry": { "type": "MultiLineString", "coordinates": [ [ [ 78.168749999999733, 34.031249999999453 ], [ 78.168749999999733, 34.035416666666116 ], [ 78.152083333333024, 34.052083333332796 ], [ 78.152083333333024, 34.060416666666107 ], [ 78.139583333333036, 34.072916666666124 ], [ 78.139583333333036, 34.077083333332787 ], [ 78.135416666666373, 34.081249999999478 ] ] ] } },
{ "type": "Feature", "properties": { "HYRIV_ID": 40546029, "NEXT_DOWN": 40545635, "MAIN_RIV": 41023100, "LENGTH_KM": 3.56, "DIST_DN_KM": 2737.3, "DIST_UP_KM": 370.8, "CATCH_SKM": 9.43, "UPLAND_SKM": 27817.9, "ENDORHEIC": 0, "DIS_AV_CMS": 15.621, "ORD_STRA": 6, "ORD_CLAS": 2, "ORD_FLOW": 5, "HYBAS_L12": 4120644640 }, "geometry": { "type": "MultiLineString", "coordinates": [ [ [ 78.170833333333363, 34.02916666666583 ], [ 78.168749999999733, 34.031249999999453 ] ] ] } },
{ "type": "Feature", "properties": { "HYRIV_ID": 40538971, "NEXT_DOWN": 40540415, "MAIN_RIV": 41023100, "LENGTH_KM": 4.91, "DIST_DN_KM": 2738.1, "DIST_UP_KM": 256.5, "CATCH_SKM": 20.76, "UPLAND_SKM": 14013.1, "ENDORHEIC": 0, "DIS_AV_CMS": 31.475, "ORD_STRA": 6, "ORD_CLAS": 3, "ORD_FLOW": 5, "HYBAS_L12": 4121387240 }, "geometry": { "type": "MultiLineString", "coordinates": [ [ [ 78.285416666666407, 34.277083333332804 ], [ 78.285416666666407, 34.272916666666156 ], [ 78.28958333333307, 34.26874999999945 ], [ 78.28958333333307, 34.243749999999459 ], [ 78.285416666666407, 34.239583333332796 ], [ 78.285416666666407, 34.235416666666104 ] ] ] } },
{ "type": "Feature", "properties": { "HYRIV_ID": 40540415, "NEXT_DOWN": 40541112, "MAIN_RIV": 41023100, "LENGTH_KM": 5.18, "DIST_DN_KM": 2732.9, "DIST_UP_KM": 261.8, "CATCH_SKM": 23.43, "UPLAND_SKM": 14087.8, "ENDORHEIC": 0, "DIS_AV_CMS": 32.11, "ORD_STRA": 6, "ORD_CLAS": 3, "ORD_FLOW": 5, "HYBAS_L12": 4121387240 }, "geometry": { "type": "MultiLineString", "coordinates": [ [ [ 78.285416666666407, 34.235416666666104 ], [ 78.285416666666407, 34.231249999999442 ], [ 78.277083333333024, 34.222916666666116 ], [ 78.277083333333024, 34.214583333332804 ], [ 78.272916666666362, 34.210416666666141 ], [ 78.272916666666362, 34.206249999999493 ], [ 78.268749999999699, 34.202083333332787 ], [ 78.268749999999699, 34.193749999999476 ] ] ] } },
{ "type": "Feature", "properties": { "HYRIV_ID": 40541112, "NEXT_DOWN": 40541499, "MAIN_RIV": 41023100, "LENGTH_KM": 2.73, "DIST_DN_KM": 2730.3, "DIST_UP_KM": 264.3, "CATCH_SKM": 9.23, "UPLAND_SKM": 14111.6, "ENDORHEIC": 0, "DIS_AV_CMS": 32.335, "ORD_STRA": 6, "ORD_CLAS": 3, "ORD_FLOW": 5, "HYBAS_L12": 4121387240 }, "geometry": { "type": "MultiLineString", "coordinates": [ [ [ 78.268749999999699, 34.193749999999476 ], [ 78.268749999999699, 34.185416666666107 ], [ 78.272916666666362, 34.181249999999459 ], [ 78.264583333333036, 34.17291666666609 ] ] ] } },
{ "type": "Feature", "properties": { "HYRIV_ID": 40541499, "NEXT_DOWN": 40542465, "MAIN_RIV": 41023100, "LENGTH_KM": 1.8, "DIST_DN_KM": 2728.5, "DIST_UP_KM": 266.1, "CATCH_SKM": 3.02, "UPLAND_SKM": 14132.2, "ENDORHEIC": 0, "DIS_AV_CMS": 32.518, "ORD_STRA": 6, "ORD_CLAS": 3, "ORD_FLOW": 5, "HYBAS_L12": 4121387240 }, "geometry": { "type": "MultiLineString", "coordinates": [ [ [ 78.264583333333036, 34.17291666666609 ], [ 78.25208333333299, 34.160416666666116 ] ] ] } },
{ "type": "Feature", "properties": { "HYRIV_ID": 40542465, "NEXT_DOWN": 40542616, "MAIN_RIV": 41023100, "LENGTH_KM": 5.47, "DIST_DN_KM": 2723.1, "DIST_UP_KM": 271.6, "CATCH_SKM": 31.09, "UPLAND_SKM": 14183.7, "ENDORHEIC": 0, "DIS_AV_CMS": 33.023, "ORD_STRA": 6, "ORD_CLAS": 3, "ORD_FLOW": 5, "HYBAS_L12": 4120639910 }, "geometry": { "type": "MultiLineString", "coordinates": [ [ [ 78.25208333333299, 34.160416666666116 ], [ 78.247916666666328, 34.156249999999467 ], [ 78.231249999999676, 34.156249999999467 ], [ 78.227083333333013, 34.152083333332804 ], [ 78.227083333333013, 34.14374999999945 ], [ 78.214583333332968, 34.131249999999461 ] ] ] } }
]
}
