{
"type": "FeatureCollection",
"name": "minor_trib",
"crs": { "type": "name", "properties": { "name": "urn:ogc:def:crs:OGC:1.3:CRS84" } },
"features": [
{ "type": "Feature", "properties": { "HYRIV_ID": 40542743, "NEXT_DOWN": 40542742, "MAIN_RIV": 41023100, "LENGTH_KM": 1.75, "DIST_DN_KM": 1788.0, "DIST_UP_KM": 127.4, "CATCH_SKM": 2.13, "UPLAND_SKM": 2863.6, "ENDORHEIC": 0, "DIS_AV_CMS": 93.481, "ORD_STRA": 5, "ORD_CLAS": 2, "ORD_FLOW": 5, "HYBAS_L12": 4120641530 }, "geometry": { "type": "MultiLineString", "coordinates": [ [ [ 72.772916666666418, 34.122916666666107 ], [ 72.76041666666643, 34.122916666666107 ], [ 72.756249999999881, 34.127083333332813 ] ] ] } },
{ "type": "Feature", "properties": { "HYRIV_ID": 40542744, "NEXT_DOWN": 40542743, "MAIN_RIV": 41023100, "LENGTH_KM": 2.3, "DIST_DN_KM": 1789.5, "DIST_UP_KM": 125.9, "CATCH_SKM": 8.0, "UPLAND_SKM": 2856.6, "ENDORHEIC": 0, "DIS_AV_CMS": 93.208, "ORD_STRA": 5, "ORD_CLAS": 2, "ORD_FLOW": 5, "HYBAS_L12": 4120641530 }, "geometry": { "type": "MultiLineString", "coordinates": [ [ [ 72.797916666666396, 34.122916666666107 ], [ 72.772916666666418, 34.122916666666107 ] ] ] } },
{ "type": "Feature", "properties": { "HYRIV_ID": 40531134, "NEXT_DOWN": 40531628, "MAIN_RIV": 41023100, "LENGTH_KM": 3.03, "DIST_DN_KM": 1840.9, "DIST_UP_KM": 16.4, "CATCH_SKM": 7.61, "UPLAND_SKM": 173.5, "ENDORHEIC": 0, "DIS_AV_CMS": 6.501, "ORD_STRA": 4, "ORD_CLAS": 2, "ORD_FLOW": 6, "HYBAS_L12": 4121383730 }, "geometry": { "type": "MultiLineString", "coordinates": [ [ [ 72.993749999999835, 34.493749999999473 ], [ 72.985416666666453, 34.493749999999473 ], [ 72.985416666666453, 34.489583333332767 ], [ 72.989583333333172, 34.485416666666104 ], [ 72.98124999999979, 34.477083333332793 ] ] ] } },
{ "type": "Feature", "properties": { "HYRIV_ID": 40531626, "NEXT_DOWN": 40531745, "MAIN_RIV": 41023100, "LENGTH_KM": 3.17, "DIST_DN_KM": 1840.5, "DIST_UP_KM": 59.8, "CATCH_SKM": 7.08, "UPLAND_SKM": 1047.3, "ENDORHEIC": 0, "DIS_AV_CMS": 30.608, "ORD_STRA": 4, "ORD_CLAS": 2, "ORD_FLOW": 5, "HYBAS_L12": 4120632430 }, "geometry": { "type": "MultiLineString", "coordinates": [ [ [ 72.681249999999778, 34.477083333332793 ], [ 72.689583333333104, 34.468749999999481 ], [ 72.693749999999767, 34.468749999999481 ], [ 72.69791666666643, 34.464583333332776 ], [ 72.70208333333315, 34.464583333332776 ], [ 72.706249999999812, 34.460416666666113 ] ] ] } },
{ "type": "Feature", "properties": { "HYRIV_ID": 40531628, "NEXT_DOWN": 40532015, "MAIN_RIV": 41023100, "LENGTH_KM": 2.13, "DIST_DN_KM": 1838.8, "DIST_UP_KM": 18.6, "CATCH_SKM": 7.43, "UPLAND_SKM": 187.7, "ENDORHEIC": 0, "DIS_AV_CMS": 7.021, "ORD_STRA": 4, "ORD_CLAS": 2, "ORD_FLOW": 6, "HYBAS_L12": 4121383730 }, "geometry": { "type": "MultiLineString", "coordinates": [ [ [ 72.98124999999979, 34.477083333332793 ], [ 72.98124999999979, 34.468749999999481 ], [ 72.985416666666453, 34.464583333332776 ], [ 72.98124999999979, 34.460416666666113 ] ] ] } },
{ "type": "Feature", "properties": { "HYRIV_ID": 40531745, "NEXT_DOWN": 40532278, "MAIN_RIV": 41023100, "LENGTH_KM": 0.98, "DIST_DN_KM": 1839.3, "DIST_UP_KM": 61.0, "CATCH_SKM": 2.48, "UPLAND_SKM": 1062.1, "ENDORHEIC": 0, "DIS_AV_CMS": 31.114, "ORD_STRA": 4, "ORD_CLAS": 2, "ORD_FLOW": 5, "HYBAS_L12": 4120632430 }, "geometry": { "type": "MultiLineString", "coordinates": [ [ [ 72.706249999999812, 34.460416666666113 ], [ 72.710416666666475, 34.456249999999464 ], [ 72.714583333333138, 34.456249999999464 ] ] ] } },
{ "type": "Feature", "properties": { "HYRIV_ID": 40532015, "NEXT_DOWN": 40532163, "MAIN_RIV": 41023100, "LENGTH_KM": 1.39, "DIST_DN_KM": 1837.2, "DIST_UP_KM": 20.1, "CATCH_SKM": 2.48, "UPLAND_SKM": 193.3, "ENDORHEIC": 0, "DIS_AV_CMS": 7.232, "ORD_STRA": 4, "ORD_CLAS": 2, "ORD_FLOW": 6, "HYBAS_L12": 4121383730 }, "geometry": { "type": "MultiLineString", "coordinates": [ [ [ 72.98124999999979, 34.460416666666113 ], [ 72.98124999999979, 34.447916666666138 ] ] ] } },
{ "type": "Feature", "properties": { "HYRIV_ID": 40532161, "NEXT_DOWN": 40532559, "MAIN_RIV": 41023100, "LENGTH_KM": 1.36, "DIST_DN_KM": 1830.2, "DIST_UP_KM": 27.2, "CATCH_SKM": 1.59, "UPLAND_SKM": 299.2, "ENDORHEIC": 0, "DIS_AV_CMS": 11.055, "ORD_STRA": 4, "ORD_CLAS": 2, "ORD_FLOW": 5, "HYBAS_L12": 4120635280 }, "geometry": { "type": "MultiLineString", "coordinates": [ [ [ 72.931249999999778, 34.447916666666138 ], [ 72.922916666666396, 34.447916666666138 ], [ 72.918749999999733, 34.443749999999447 ] ] ] } },
{ "type": "Feature", "properties": { "HYRIV_ID": 40532162, "NEXT_DOWN": 40532161, "MAIN_RIV": 41023100, "LENGTH_KM": 0.98, "DIST_DN_KM": 1831.3, "DIST_UP_KM": 26.0, "CATCH_SKM": 1.77, "UPLAND_SKM": 268.9, "ENDORHEIC": 0, "DIS_AV_CMS": 9.968, "ORD_STRA": 4, "ORD_CLAS": 2, "ORD_FLOW": 6, "HYBAS_L12": 4121383730 }, "geometry": { "type": "MultiLineString", "coordinates": [ [ [ 72.939583333333104, 34.443749999999447 ], [ 72.935416666666384, 34.447916666666138 ], [ 72.931249999999778, 34.447916666666138 ] ] ] } },
{ "type": "Feature", "properties": { "HYRIV_ID": 40532163, "NEXT_DOWN": 40532162, "MAIN_RIV": 41023100, "LENGTH_KM": 4.91, "DIST_DN_KM": 1832.5, "DIST_UP_KM": 24.9, "CATCH_SKM": 15.22, "UPLAND_SKM": 231.4, "ENDORHEIC": 0, "DIS_AV_CMS": 8.628, "ORD_STRA": 4, "ORD_CLAS": 2, "ORD_FLOW": 6, "HYBAS_L12": 4121383730 }, "geometry": { "type": "MultiLineString", "coordinates": [ [ [ 72.98124999999979, 34.447916666666138 ], [ 72.977083333333127, 34.447916666666138 ], [ 72.972916666666464, 34.443749999999447 ], [ 72.964583333333138, 34.443749999999447 ], [ 72.956249999999756, 34.452083333332759 ], [ 72.952083333333093, 34.452083333332759 ], [ 72.94791666666643, 34.447916666666138 ], [ 72.943749999999767, 34.447916666666138 ], [ 72.939583333333104, 34.443749999999447 ] ] ] } },
{ "type": "Feature", "properties": { "HYRIV_ID": 40532278, "NEXT_DOWN": 40532400, "MAIN_RIV": 41023100, "LENGTH_KM": 3.17, "DIST_DN_KM": 1836.4, "DIST_UP_KM": 63.9, "CATCH_SKM": 6.2, "UPLAND_SKM": 1084.1, "ENDORHEIC": 0, "DIS_AV_CMS": 31.894, "ORD_STRA": 4, "ORD_CLAS": 2, "ORD_FLOW": 5, "HYBAS_L12": 4120632430 }, "geometry": { "type": "MultiLineString", "coordinates": [ [ [ 72.714583333333138, 34.456249999999464 ], [ 72.718749999999801, 34.456249999999464 ], [ 72.722916666666464, 34.452083333332759 ], [ 72.727083333333184, 34.452083333332759 ], [ 72.731249999999847, 34.447916666666138 ], [ 72.727083333333184, 34.443749999999447 ], [ 72.731249999999847, 34.439583333332784 ] ] ] } },
{ "type": "Feature", "properties": { "HYRIV_ID": 40532400, "NEXT_DOWN": 40532402, "MAIN_RIV": 41023100, "LENGTH_KM": 1.75, "DIST_DN_KM": 1834.4, "DIST_UP_KM": 65.9, "CATCH_SKM": 2.3, "UPLAND_SKM": 1383.1, "ENDORHEIC": 0, "DIS_AV_CMS": 40.947, "ORD_STRA": 5, "ORD_CLAS": 2, "ORD_FLOW": 5, "HYBAS_L12": 4120632690 }, "geometry": { "type": "MultiLineString", "coordinates": [ [ [ 72.731249999999847, 34.439583333332784 ], [ 72.739583333333059, 34.439583333332784 ], [ 72.743749999999835, 34.435416666666121 ], [ 72.747916666666384, 34.435416666666121 ] ] ] } },
{ "type": "Feature", "properties": { "HYRIV_ID": 40532402, "NEXT_DOWN": 40532831, "MAIN_RIV": 41023100, "LENGTH_KM": 2.73, "DIST_DN_KM": 1831.7, "DIST_UP_KM": 68.6, "CATCH_SKM": 6.37, "UPLAND_SKM": 1394.4, "ENDORHEIC": 0, "DIS_AV_CMS": 41.392, "ORD_STRA": 5, "ORD_CLAS": 2, "ORD_FLOW": 5, "HYBAS_L12": 4120632690 }, "geometry": { "type": "MultiLineString", "coordinates": [ [ [ 72.747916666666384, 34.435416666666121 ], [ 72.756249999999881, 34.435416666666121 ], [ 72.76041666666643, 34.439583333332784 ], [ 72.764583333333093, 34.439583333332784 ], [ 72.768749999999756, 34.435416666666121 ], [ 72.772916666666418, 34.435416666666121 ] ] ] } },
{ "type": "Feature", "properties": { "HYRIV_ID": 40532555, "NEXT_DOWN": 40532556, "MAIN_RIV": 41023100, "LENGTH_KM": 2.51, "DIST_DN_KM": 1837.4, "DIST_UP_KM": 33.9, "CATCH_SKM": 3.72, "UPLAND_SKM": 271.4, "ENDORHEIC": 0, "DIS_AV_CMS": 8.109, "ORD_STRA": 4, "ORD_CLAS": 3, "ORD_FLOW": 6, "HYBAS_L12": 4120632560 }, "geometry": { "type": "MultiLineString", "coordinates": [ [ [ 72.70208333333315, 34.435416666666121 ], [ 72.722916666666464, 34.435416666666121 ], [ 72.727083333333184, 34.431249999999459 ] ] ] } },
{ "type": "Feature", "properties": { "HYRIV_ID": 40532556, "NEXT_DOWN": 40532400, "MAIN_RIV": 41023100, "LENGTH_KM": 1.06, "DIST_DN_KM": 1836.2, "DIST_UP_KM": 35.1, "CATCH_SKM": 1.95, "UPLAND_SKM": 296.7, "ENDORHEIC": 0, "DIS_AV_CMS": 8.933, "ORD_STRA": 4, "ORD_CLAS": 3, "ORD_FLOW": 6, "HYBAS_L12": 4120632560 }, "geometry": { "type": "MultiLineString", "coordinates": [ [ [ 72.727083333333184, 34.431249999999459 ], [ 72.731249999999847, 34.435416666666121 ], [ 72.731249999999847, 34.439583333332784 ] ] ] } },
{ "type": "Feature", "properties": { "HYRIV_ID": 40532559, "NEXT_DOWN": 40532834, "MAIN_RIV": 41023100, "LENGTH_KM": 2.43, "DIST_DN_KM": 1827.7, "DIST_UP_KM": 29.6, "CATCH_SKM": 6.02, "UPLAND_SKM": 311.2, "ENDORHEIC": 0, "DIS_AV_CMS": 11.494, "ORD_STRA": 4, "ORD_CLAS": 2, "ORD_FLOW": 5, "HYBAS_L12": 4120635280 }, "geometry": { "type": "MultiLineString", "coordinates": [ [ [ 72.918749999999733, 34.443749999999447 ], [ 72.918749999999733, 34.439583333332784 ], [ 72.91458333333307, 34.439583333332784 ], [ 72.910416666666407, 34.435416666666121 ], [ 72.906249999999744, 34.435416666666121 ], [ 72.902083333333081, 34.431249999999459 ] ] ] } },
{ "type": "Feature", "properties": { "HYRIV_ID": 40532831, "NEXT_DOWN": 40532832, "MAIN_RIV": 41023100, "LENGTH_KM": 1.66, "DIST_DN_KM": 1830.3, "DIST_UP_KM": 70.1, "CATCH_SKM": 2.3, "UPLAND_SKM": 1421.0, "ENDORHEIC": 0, "DIS_AV_CMS": 42.305, "ORD_STRA": 5, "ORD_CLAS": 2, "ORD_FLOW": 5, "HYBAS_L12": 4120632690 }, "geometry": { "type": "MultiLineString", "coordinates": [ [ [ 72.772916666666418, 34.435416666666121 ], [ 72.777083333333081, 34.431249999999459 ], [ 72.777083333333081, 34.427083333332767 ], [ 72.781249999999744, 34.422916666666104 ] ] ] } },
{ "type": "Feature", "properties": { "HYRIV_ID": 40532832, "NEXT_DOWN": 40535816, "MAIN_RIV": 41023100, "LENGTH_KM": 3.49, "DIST_DN_KM": 1826.6, "DIST_UP_KM": 73.7, "CATCH_SKM": 7.97, "UPLAND_SKM": 1434.1, "ENDORHEIC": 0, "DIS_AV_CMS": 42.837, "ORD_STRA": 5, "ORD_CLAS": 2, "ORD_FLOW": 5, "HYBAS_L12": 4120632690 }, "geometry": { "type": "MultiLineString", "coordinates": [ [ [ 72.781249999999744, 34.422916666666104 ], [ 72.785416666666407, 34.422916666666104 ], [ 72.793749999999733, 34.431249999999459 ], [ 72.814583333333104, 34.431249999999459 ] ] ] } },
{ "type": "Feature", "properties": { "HYRIV_ID": 40532834, "NEXT_DOWN": 40533259, "MAIN_RIV": 41023100, "LENGTH_KM": 1.2, "DIST_DN_KM": 1826.5, "DIST_UP_KM": 30.8, "CATCH_SKM": 2.3, "UPLAND_SKM": 338.0, "ENDORHEIC": 0, "DIS_AV_CMS": 12.437, "ORD_STRA": 4, "ORD_CLAS": 2, "ORD_FLOW": 5, "HYBAS_L12": 4120635280 }, "geometry": { "type": "MultiLineString", "coordinates": [ [ [ 72.902083333333081, 34.431249999999459 ], [ 72.893749999999756, 34.422916666666104 ] ] ] } },
{ "type": "Feature", "properties": { "HYRIV_ID": 40533259, "NEXT_DOWN": 40533610, "MAIN_RIV": 41023100, "LENGTH_KM": 2.18, "DIST_DN_KM": 1824.4, "DIST_UP_KM": 33.0, "CATCH_SKM": 6.02, "UPLAND_SKM": 353.2, "ENDORHEIC": 0, "DIS_AV_CMS": 12.981, "ORD_STRA": 4, "ORD_CLAS": 2, "ORD_FLOW": 5, "HYBAS_L12": 4120635280 }, "geometry": { "type": "MultiLineString", "coordinates": [ [ [ 72.893749999999756, 34.422916666666104 ], [ 72.885416666666544, 34.414583333332793 ], [ 72.88124999999971, 34.414583333332793 ], [ 72.877083333333161, 34.41041666666613 ] ] ] } },
{ "type": "Feature", "properties": { "HYRIV_ID": 40533610, "NEXT_DOWN": 40535374, "MAIN_RIV": 41023100, "LENGTH_KM": 1.8, "DIST_DN_KM": 1822.5, "DIST_UP_KM": 34.8, "CATCH_SKM": 6.02, "UPLAND_SKM": 363.5, "ENDORHEIC": 0, "DIS_AV_CMS": 13.347, "ORD_STRA": 4, "ORD_CLAS": 2, "ORD_FLOW": 5, "HYBAS_L12": 4120635280 }, "geometry": { "type": "MultiLineString", "coordinates": [ [ [ 72.877083333333161, 34.41041666666613 ], [ 72.864583333333059, 34.397916666666113 ] ] ] } },
{ "type": "Feature", "properties": { "HYRIV_ID": 40535018, "NEXT_DOWN": 40536254, "MAIN_RIV": 41023100, "LENGTH_KM": 0.38, "DIST_DN_KM": 1845.0, "DIST_UP_KM": 70.4, "CATCH_SKM": 0.18, "UPLAND_SKM": 1014.2, "ENDORHEIC": 0, "DIS_AV_CMS": 38.731, "ORD_STRA": 5, "ORD_CLAS": 2, "ORD_FLOW": 5, "HYBAS_L12": 4121385320 }, "geometry": { "type": "MultiLineString", "coordinates": [ [ [ 73.093749999999801, 34.356249999999442 ], [ 73.089583333333081, 34.356249999999442 ] ] ] } },
{ "type": "Feature", "properties": { "HYRIV_ID": 40535019, "NEXT_DOWN": 40535018, "MAIN_RIV": 41023100, "LENGTH_KM": 4.53, "DIST_DN_KM": 1845.4, "DIST_UP_KM": 70.0, "CATCH_SKM": 10.28, "UPLAND_SKM": 995.2, "ENDORHEIC": 0, "DIS_AV_CMS": 38.039, "ORD_STRA": 5, "ORD_CLAS": 2, "ORD_FLOW": 5, "HYBAS_L12": 4121385320 }, "geometry": { "type": "MultiLineString", "coordinates": [ [ [ 73.13124999999971, 34.368749999999459 ], [ 73.118749999999835, 34.368749999999459 ], [ 73.110416666666453, 34.360416666666104 ], [ 73.10624999999979, 34.36458333333281 ], [ 73.097916666666464, 34.356249999999442 ], [ 73.093749999999801, 34.356249999999442 ] ] ] } },
{ "type": "Feature", "properties": { "HYRIV_ID": 40535374, "NEXT_DOWN": 40535817, "MAIN_RIV": 41023100, "LENGTH_KM": 6.85, "DIST_DN_KM": 1815.7, "DIST_UP_KM": 41.7, "CATCH_SKM": 14.7, "UPLAND_SKM": 381.9, "ENDORHEIC": 0, "DIS_AV_CMS": 14.023, "ORD_STRA": 4, "ORD_CLAS": 2, "ORD_FLOW": 5, "HYBAS_L12": 4120635280 }, "geometry": { "type": "MultiLineString", "coordinates": [ [ [ 72.864583333333059, 34.397916666666113 ], [ 72.864583333333059, 34.39374999999945 ], [ 72.860416666666509, 34.389583333332801 ], [ 72.860416666666509, 34.385416666666096 ], [ 72.85624999999979, 34.381249999999433 ], [ 72.85624999999979, 34.372916666666121 ], [ 72.847916666666464, 34.36458333333281 ], [ 72.847916666666464, 34.356249999999442 ], [ 72.852083333333127, 34.352083333332793 ], [ 72.852083333333127, 34.34791666666613 ], [ 72.85624999999979, 34.343749999999467 ] ] ] } },
{ "type": "Feature", "properties": { "HYRIV_ID": 40535817, "NEXT_DOWN": 40536529, "MAIN_RIV": 41023100, "LENGTH_KM": 1.53, "DIST_DN_KM": 1814.1, "DIST_UP_KM": 43.2, "CATCH_SKM": 1.42, "UPLAND_SKM": 417.5, "ENDORHEIC": 0, "DIS_AV_CMS": 15.257, "ORD_STRA": 4, "ORD_CLAS": 2, "ORD_FLOW": 5, "HYBAS_L12": 4120635280 }, "geometry": { "type": "MultiLineString", "coordinates": [ [ [ 72.85624999999979, 34.343749999999467 ], [ 72.85624999999979, 34.335416666666113 ], [ 72.852083333333127, 34.33124999999945 ] ] ] } },
{ "type": "Feature", "properties": { "HYRIV_ID": 40536254, "NEXT_DOWN": 40536672, "MAIN_RIV": 41023100, "LENGTH_KM": 4.72, "DIST_DN_KM": 1840.4, "DIST_UP_KM": 75.0, "CATCH_SKM": 11.17, "UPLAND_SKM": 1077.4, "ENDORHEIC": 0, "DIS_AV_CMS": 41.056, "ORD_STRA": 5, "ORD_CLAS": 2, "ORD_FLOW": 5, "HYBAS_L12": 4121385320 }, "geometry": { "type": "MultiLineString", "coordinates": [ [ [ 73.089583333333081, 34.356249999999442 ], [ 73.085416666666418, 34.352083333332793 ], [ 73.085416666666418, 34.343749999999467 ], [ 73.077083333333093, 34.335416666666113 ], [ 73.077083333333093, 34.322916666666138 ], [ 73.07291666666643, 34.318749999999433 ] ] ] } },
{ "type": "Feature", "properties": { "HYRIV_ID": 40536672, "NEXT_DOWN": 40537210, "MAIN_RIV": 41023100, "LENGTH_KM": 1.67, "DIST_DN_KM": 1838.6, "DIST_UP_KM": 76.8, "CATCH_SKM": 4.61, "UPLAND_SKM": 1129.4, "ENDORHEIC": 0, "DIS_AV_CMS": 42.908, "ORD_STRA": 5, "ORD_CLAS": 2, "ORD_FLOW": 5, "HYBAS_L12": 4121385940 }, "geometry": { "type": "MultiLineString", "coordinates": [ [ [ 73.07291666666643, 34.318749999999433 ], [ 73.081249999999756, 34.310416666666121 ], [ 73.081249999999756, 34.306249999999459 ] ] ] } },
{ "type": "Feature", "properties": { "HYRIV_ID": 40537210, "NEXT_DOWN": 40537346, "MAIN_RIV": 41023100, "LENGTH_KM": 1.85, "DIST_DN_KM": 1836.7, "DIST_UP_KM": 78.6, "CATCH_SKM": 4.96, "UPLAND_SKM": 1146.0, "ENDORHEIC": 0, "DIS_AV_CMS": 43.515, "ORD_STRA": 5, "ORD_CLAS": 2, "ORD_FLOW": 5, "HYBAS_L12": 4121385940 }, "geometry": { "type": "MultiLineString", "coordinates": [ [ [ 73.081249999999756, 34.306249999999459 ], [ 73.081249999999756, 34.289583333332779 ] ] ] } },
{ "type": "Feature", "properties": { "HYRIV_ID": 40537346, "NEXT_DOWN": 40538549, "MAIN_RIV": 41023100, "LENGTH_KM": 0.6, "DIST_DN_KM": 1836.3, "DIST_UP_KM": 79.1, "CATCH_SKM": 0.18, "UPLAND_SKM": 1214.1, "ENDORHEIC": 0, "DIS_AV_CMS": 45.93, "ORD_STRA": 5, "ORD_CLAS": 2, "ORD_FLOW": 5, "HYBAS_L12": 4121385940 }, "geometry": { "type": "MultiLineString", "coordinates": [ [ [ 73.081249999999756, 34.289583333332779 ], [ 73.077083333333093, 34.28541666666613 ] ] ] } },
{ "type": "Feature", "properties": { "HYRIV_ID": 40538549, "NEXT_DOWN": 40539521, "MAIN_RIV": 41023100, "LENGTH_KM": 8.86, "DIST_DN_KM": 1827.5, "DIST_UP_KM": 87.9, "CATCH_SKM": 31.22, "UPLAND_SKM": 1254.8, "ENDORHEIC": 0, "DIS_AV_CMS": 47.397, "ORD_STRA": 5, "ORD_CLAS": 2, "ORD_FLOW": 5, "HYBAS_L12": 4120639190 }, "geometry": { "type": "MultiLineString", "coordinates": [ [ [ 73.077083333333093, 34.28541666666613 ], [ 73.056249999999778, 34.28541666666613 ], [ 73.052083333333059, 34.281249999999467 ], [ 73.03958333333307, 34.281249999999467 ], [ 73.031249999999744, 34.272916666666156 ], [ 73.035416666666407, 34.26874999999945 ], [ 73.022916666666418, 34.256249999999433 ], [ 73.018749999999869, 34.256249999999433 ], [ 73.010416666666487, 34.247916666666121 ] ] ] } },
{ "type": "Feature", "properties": { "HYRIV_ID": 40539521, "NEXT_DOWN": 40539930, "MAIN_RIV": 41023100, "LENGTH_KM": 4.04, "DIST_DN_KM": 1823.4, "DIST_UP_KM": 92.0, "CATCH_SKM": 10.83, "UPLAND_SKM": 1332.8, "ENDORHEIC": 0, "DIS_AV_CMS": 50.086, "ORD_STRA": 5, "ORD_CLAS": 2, "ORD_FLOW": 5, "HYBAS_L12": 4120639190 }, "geometry": { "type": "MultiLineString", "coordinates": [ [ [ 73.010416666666487, 34.247916666666121 ], [ 73.010416666666487, 34.243749999999459 ], [ 73.00624999999971, 34.239583333332796 ], [ 73.00624999999971, 34.227083333332779 ], [ 73.002083333333161, 34.222916666666116 ], [ 72.997916666666384, 34.222916666666116 ], [ 72.993749999999835, 34.218749999999467 ] ] ] } },
{ "type": "Feature", "properties": { "HYRIV_ID": 40539930, "NEXT_DOWN": 40540391, "MAIN_RIV": 41023100, "LENGTH_KM": 1.67, "DIST_DN_KM": 1821.8, "DIST_UP_KM": 93.6, "CATCH_SKM": 3.19, "UPLAND_SKM": 1341.0, "ENDORHEIC": 0, "DIS_AV_CMS": 50.392, "ORD_STRA": 5, "ORD_CLAS": 2, "ORD_FLOW": 5, "HYBAS_L12": 4120639190 }, "geometry": { "type": "MultiLineString", "coordinates": [ [ [ 72.993749999999835, 34.218749999999467 ], [ 72.993749999999835, 34.214583333332804 ], [ 72.985416666666453, 34.206249999999493 ] ] ] } },
{ "type": "Feature", "properties": { "HYRIV_ID": 40540391, "NEXT_DOWN": 40540945, "MAIN_RIV": 41023100, "LENGTH_KM": 1.67, "DIST_DN_KM": 1820.1, "DIST_UP_KM": 95.3, "CATCH_SKM": 3.02, "UPLAND_SKM": 1389.8, "ENDORHEIC": 0, "DIS_AV_CMS": 52.015, "ORD_STRA": 5, "ORD_CLAS": 2, "ORD_FLOW": 5, "HYBAS_L12": 4120639190 }, "geometry": { "type": "MultiLineString", "coordinates": [ [ [ 72.985416666666453, 34.206249999999493 ], [ 72.985416666666453, 34.202083333332787 ], [ 72.993749999999835, 34.193749999999476 ] ] ] } },
{ "type": "Feature", "properties": { "HYRIV_ID": 40540945, "NEXT_DOWN": 40542015, "MAIN_RIV": 41023100, "LENGTH_KM": 3.8, "DIST_DN_KM": 1816.1, "DIST_UP_KM": 99.3, "CATCH_SKM": 8.7, "UPLAND_SKM": 1625.5, "ENDORHEIC": 0, "DIS_AV_CMS": 59.961, "ORD_STRA": 5, "ORD_CLAS": 2, "ORD_FLOW": 5, "HYBAS_L12": 4120642350 }, "geometry": { "type": "MultiLineString", "coordinates": [ [ [ 72.993749999999835, 34.193749999999476 ], [ 72.989583333333172, 34.18958333333277 ], [ 72.977083333333127, 34.18958333333277 ], [ 72.968749999999801, 34.181249999999459 ], [ 72.964583333333138, 34.181249999999459 ], [ 72.964583333333138, 34.177083333332796 ] ] ] } },
{ "type": "Feature", "properties": { "HYRIV_ID": 40542015, "NEXT_DOWN": 40542449, "MAIN_RIV": 41023100, "LENGTH_KM": 5.44, "DIST_DN_KM": 1810.9, "DIST_UP_KM": 104.5, "CATCH_SKM": 12.79, "UPLAND_SKM": 1652.3, "ENDORHEIC": 0, "DIS_AV_CMS": 60.936, "ORD_STRA": 5, "ORD_CLAS": 2, "ORD_FLOW": 5, "HYBAS_L12": 4120642350 }, "geometry": { "type": "MultiLineString", "coordinates": [ [ [ 72.964583333333138, 34.177083333332796 ], [ 72.968749999999801, 34.17291666666609 ], [ 72.964583333333138, 34.168749999999484 ], [ 72.956249999999756, 34.168749999999484 ], [ 72.952083333333093, 34.164583333332779 ], [ 72.952083333333093, 34.160416666666116 ], [ 72.964583333333138, 34.147916666666141 ], [ 72.960416666666418, 34.14374999999945 ] ] ] } },
{ "type": "Feature", "properties": { "HYRIV_ID": 40542448, "NEXT_DOWN": 40543175, "MAIN_RIV": 41023100, "LENGTH_KM": 0.38, "DIST_DN_KM": 1807.0, "DIST_UP_KM": 108.4, "CATCH_SKM": 0.18, "UPLAND_SKM": 1729.2, "ENDORHEIC": 0, "DIS_AV_CMS": 63.319, "ORD_STRA": 5, "ORD_CLAS": 2, "ORD_FLOW": 5, "HYBAS_L12": 4120642350 }, "geometry": { "type": "MultiLineString", "coordinates": [ [ [ 72.931249999999778, 34.131249999999461 ], [ 72.927083333333059, 34.131249999999461 ] ] ] } },
{ "type": "Feature", "properties": { "HYRIV_ID": 40542449, "NEXT_DOWN": 40542448, "MAIN_RIV": 41023100, "LENGTH_KM": 3.34, "DIST_DN_KM": 1807.5, "DIST_UP_KM": 107.9, "CATCH_SKM": 6.57, "UPLAND_SKM": 1716.4, "ENDORHEIC": 0, "DIS_AV_CMS": 62.95, "ORD_STRA": 5, "ORD_CLAS": 2, "ORD_FLOW": 5, "HYBAS_L12": 4120642350 }, "geometry": { "type": "MultiLineString", "coordinates": [ [ [ 72.960416666666418, 34.14374999999945 ], [ 72.952083333333093, 34.14374999999945 ], [ 72.943749999999767, 34.135416666666124 ], [ 72.935416666666384, 34.135416666666124 ], [ 72.931249999999778, 34.131249999999461 ] ] ] } },
{ "type": "Feature", "properties": { "HYRIV_ID": 40543175, "NEXT_DOWN": 40543279, "MAIN_RIV": 41023100, "LENGTH_KM": 5.69, "DIST_DN_KM": 1801.3, "DIST_UP_KM": 114.1, "CATCH_SKM": 13.33, "UPLAND_SKM": 1756.2, "ENDORHEIC": 0, "DIS_AV_CMS": 64.283, "ORD_STRA": 5, "ORD_CLAS": 2, "ORD_FLOW": 5, "HYBAS_L12": 4120642350 }, "geometry": { "type": "MultiLineString", "coordinates": [ [ [ 72.927083333333059, 34.131249999999461 ], [ 72.91458333333307, 34.118749999999444 ], [ 72.910416666666407, 34.118749999999444 ], [ 72.906249999999744, 34.114583333332796 ], [ 72.893749999999756, 34.114583333332796 ], [ 72.889583333333206, 34.110416666666133 ], [ 72.877083333333161, 34.110416666666133 ] ] ] } },
{ "type": "Feature", "properties": { "HYRIV_ID": 40521478, "NEXT_DOWN": 40521812, "MAIN_RIV": 41023100, "LENGTH_KM": 0.98, "DIST_DN_KM": 1889.3, "DIST_UP_KM": 45.4, "CATCH_SKM": 1.06, "UPLAND_SKM": 533.3, "ENDORHEIC": 0, "DIS_AV_CMS": 20.629, "ORD_STRA": 4, "ORD_CLAS": 2, "ORD_FLOW": 5, "HYBAS_L12": 4120622210 }, "geometry": { "type": "MultiLineString", "coordinates": [ [ [ 72.931249999999778, 34.768749999999436 ], [ 72.927083333333059, 34.772916666666084 ], [ 72.922916666666396, 34.772916666666084 ] ] ] } },
{ "type": "Feature", "properties": { "HYRIV_ID": 40521983, "NEXT_DOWN": 40521478, "MAIN_RIV": 41023100, "LENGTH_KM": 3.76, "DIST_DN_KM": 1890.3, "DIST_UP_KM": 44.4, "CATCH_SKM": 8.99, "UPLAND_SKM": 521.8, "ENDORHEIC": 0, "DIS_AV_CMS": 20.209, "ORD_STRA": 4, "ORD_CLAS": 2, "ORD_FLOW": 5, "HYBAS_L12": 4120622210 }, "geometry": { "type": "MultiLineString", "coordinates": [ [ [ 72.952083333333093, 34.756249999999461 ], [ 72.94791666666643, 34.76041666666611 ], [ 72.952083333333093, 34.764583333332773 ], [ 72.94791666666643, 34.768749999999436 ], [ 72.943749999999767, 34.768749999999436 ], [ 72.939583333333104, 34.772916666666084 ], [ 72.935416666666384, 34.768749999999436 ], [ 72.931249999999778, 34.768749999999436 ] ] ] } },
{ "type": "Feature", "properties": { "HYRIV_ID": 40522530, "NEXT_DOWN": 40521983, "MAIN_RIV": 41023100, "LENGTH_KM": 2.78, "DIST_DN_KM": 1894.2, "DIST_UP_KM": 40.5, "CATCH_SKM": 6.53, "UPLAND_SKM": 473.3, "ENDORHEIC": 0, "DIS_AV_CMS": 18.39, "ORD_STRA": 4, "ORD_CLAS": 2, "ORD_FLOW": 5, "HYBAS_L12": 4120622210 }, "geometry": { "type": "MultiLineString", "coordinates": [ [ [ 72.956249999999756, 34.739583333332781 ], [ 72.952083333333093, 34.739583333332781 ], [ 72.943749999999767, 34.747916666666136 ], [ 72.952083333333093, 34.756249999999461 ] ] ] } },
{ "type": "Feature", "properties": { "HYRIV_ID": 40522969, "NEXT_DOWN": 40522530, "MAIN_RIV": 41023100, "LENGTH_KM": 1.39, "DIST_DN_KM": 1896.9, "DIST_UP_KM": 37.9, "CATCH_SKM": 3.88, "UPLAND_SKM": 463.4, "ENDORHEIC": 0, "DIS_AV_CMS": 18.012, "ORD_STRA": 4, "ORD_CLAS": 2, "ORD_FLOW": 5, "HYBAS_L12": 4120622210 }, "geometry": { "type": "MultiLineString", "coordinates": [ [ [ 72.956249999999756, 34.727083333332807 ], [ 72.956249999999756, 34.739583333332781 ] ] ] } },
{ "type": "Feature", "properties": { "HYRIV_ID": 40523487, "NEXT_DOWN": 40522969, "MAIN_RIV": 41023100, "LENGTH_KM": 2.26, "DIST_DN_KM": 1898.4, "DIST_UP_KM": 36.3, "CATCH_SKM": 4.94, "UPLAND_SKM": 448.4, "ENDORHEIC": 0, "DIS_AV_CMS": 17.458, "ORD_STRA": 4, "ORD_CLAS": 2, "ORD_FLOW": 5, "HYBAS_L12": 4120622210 }, "geometry": { "type": "MultiLineString", "coordinates": [ [ [ 72.968749999999801, 34.710416666666127 ], [ 72.964583333333138, 34.71458333333279 ], [ 72.964583333333138, 34.718749999999439 ], [ 72.956249999999756, 34.727083333332807 ] ] ] } },
{ "type": "Feature", "properties": { "HYRIV_ID": 40523773, "NEXT_DOWN": 40523487, "MAIN_RIV": 41023100, "LENGTH_KM": 1.58, "DIST_DN_KM": 1900.5, "DIST_UP_KM": 34.2, "CATCH_SKM": 5.65, "UPLAND_SKM": 421.8, "ENDORHEIC": 0, "DIS_AV_CMS": 16.478, "ORD_STRA": 4, "ORD_CLAS": 2, "ORD_FLOW": 5, "HYBAS_L12": 4120622210 }, "geometry": { "type": "MultiLineString", "coordinates": [ [ [ 72.98124999999979, 34.702083333332773 ], [ 72.972916666666464, 34.710416666666127 ], [ 72.968749999999801, 34.710416666666127 ] ] ] } },
{ "type": "Feature", "properties": { "HYRIV_ID": 40524352, "NEXT_DOWN": 40523773, "MAIN_RIV": 41023100, "LENGTH_KM": 2.13, "DIST_DN_KM": 1902.1, "DIST_UP_KM": 32.6, "CATCH_SKM": 6.88, "UPLAND_SKM": 411.9, "ENDORHEIC": 0, "DIS_AV_CMS": 16.104, "ORD_STRA": 4, "ORD_CLAS": 2, "ORD_FLOW": 5, "HYBAS_L12": 4120622210 }, "geometry": { "type": "MultiLineString", "coordinates": [ [ [ 72.989583333333172, 34.685416666666093 ], [ 72.98124999999979, 34.693749999999447 ], [ 72.98124999999979, 34.702083333332773 ] ] ] } },
{ "type": "Feature", "properties": { "HYRIV_ID": 40524793, "NEXT_DOWN": 40524352, "MAIN_RIV": 41023100, "LENGTH_KM": 1.53, "DIST_DN_KM": 1904.2, "DIST_UP_KM": 30.5, "CATCH_SKM": 3.35, "UPLAND_SKM": 401.7, "ENDORHEIC": 0, "DIS_AV_CMS": 15.713, "ORD_STRA": 4, "ORD_CLAS": 2, "ORD_FLOW": 5, "HYBAS_L12": 4120622210 }, "geometry": { "type": "MultiLineString", "coordinates": [ [ [ 72.993749999999835, 34.672916666666119 ], [ 72.989583333333172, 34.677083333332781 ], [ 72.989583333333172, 34.685416666666093 ] ] ] } },
{ "type": "Feature", "properties": { "HYRIV_ID": 40526354, "NEXT_DOWN": 40526785, "MAIN_RIV": 41023100, "LENGTH_KM": 6.16, "DIST_DN_KM": 1862.0, "DIST_UP_KM": 34.1, "CATCH_SKM": 18.19, "UPLAND_SKM": 349.9, "ENDORHEIC": 0, "DIS_AV_CMS": 11.73, "ORD_STRA": 4, "ORD_CLAS": 2, "ORD_FLOW": 5, "HYBAS_L12": 4120626770 }, "geometry": { "type": "MultiLineString", "coordinates": [ [ [ 72.735416666666396, 34.639583333332801 ], [ 72.747916666666384, 34.639583333332801 ], [ 72.752083333333161, 34.63541666666611 ], [ 72.764583333333093, 34.63541666666611 ], [ 72.768749999999756, 34.639583333332801 ], [ 72.781249999999744, 34.639583333332801 ], [ 72.781249999999744, 34.63541666666611 ], [ 72.785416666666407, 34.631249999999447 ], [ 72.785416666666407, 34.627083333332784 ] ] ] } },
{ "type": "Feature", "properties": { "HYRIV_ID": 40526357, "NEXT_DOWN": 40526648, "MAIN_RIV": 41023100, "LENGTH_KM": 1.06, "DIST_DN_KM": 1893.2, "DIST_UP_KM": 22.2, "CATCH_SKM": 1.94, "UPLAND_SKM": 220.9, "ENDORHEIC": 0, "DIS_AV_CMS": 8.399, "ORD_STRA": 4, "ORD_CLAS": 2, "ORD_FLOW": 6, "HYBAS_L12": 4120631050 }, "geometry": { "type": "MultiLineString", "coordinates": [ [ [ 73.235416666666453, 34.63541666666611 ], [ 73.235416666666453, 34.631249999999447 ], [ 73.23124999999979, 34.627083333332784 ] ] ] } },
{ "type": "Feature", "properties": { "HYRIV_ID": 40526648, "NEXT_DOWN": 40527346, "MAIN_RIV": 41023100, "LENGTH_KM": 0.93, "DIST_DN_KM": 1892.1, "DIST_UP_KM": 23.3, "CATCH_SKM": 1.41, "UPLAND_SKM": 225.7, "ENDORHEIC": 0, "DIS_AV_CMS": 8.614, "ORD_STRA": 4, "ORD_CLAS": 2, "ORD_FLOW": 6, "HYBAS_L12": 4120631050 }, "geometry": { "type": "MultiLineString", "coordinates": [ [ [ 73.23124999999979, 34.627083333332784 ], [ 73.23124999999979, 34.61874999999943 ] ] ] } },
{ "type": "Feature", "properties": { "HYRIV_ID": 40527346, "NEXT_DOWN": 40527488, "MAIN_RIV": 41023100, "LENGTH_KM": 4.23, "DIST_DN_KM": 1887.8, "DIST_UP_KM": 27.5, "CATCH_SKM": 9.89, "UPLAND_SKM": 244.9, "ENDORHEIC": 0, "DIS_AV_CMS": 9.489, "ORD_STRA": 4, "ORD_CLAS": 2, "ORD_FLOW": 6, "HYBAS_L12": 4120631050 }, "geometry": { "type": "MultiLineString", "coordinates": [ [ [ 73.23124999999979, 34.61874999999943 ], [ 73.243749999999778, 34.606249999999456 ], [ 73.243749999999778, 34.602083333332793 ], [ 73.247916666666441, 34.597916666666144 ], [ 73.252083333333161, 34.602083333332793 ], [ 73.260416666666487, 34.602083333332793 ] ] ] } },
{ "type": "Feature", "properties": { "HYRIV_ID": 40527488, "NEXT_DOWN": 40528110, "MAIN_RIV": 41023100, "LENGTH_KM": 0.93, "DIST_DN_KM": 1887.0, "DIST_UP_KM": 28.4, "CATCH_SKM": 0.71, "UPLAND_SKM": 269.3, "ENDORHEIC": 0, "DIS_AV_CMS": 10.432, "ORD_STRA": 4, "ORD_CLAS": 2, "ORD_FLOW": 5, "HYBAS_L12": 4120631050 }, "geometry": { "type": "MultiLineString", "coordinates": [ [ [ 73.260416666666487, 34.602083333332793 ], [ 73.260416666666487, 34.593749999999439 ] ] ] } },
{ "type": "Feature", "properties": { "HYRIV_ID": 40528110, "NEXT_DOWN": 40528505, "MAIN_RIV": 41023100, "LENGTH_KM": 2.59, "DIST_DN_KM": 1884.4, "DIST_UP_KM": 31.0, "CATCH_SKM": 7.78, "UPLAND_SKM": 283.5, "ENDORHEIC": 0, "DIS_AV_CMS": 11.061, "ORD_STRA": 4, "ORD_CLAS": 2, "ORD_FLOW": 5, "HYBAS_L12": 4120631050 }, "geometry": { "type": "MultiLineString", "coordinates": [ [ [ 73.260416666666487, 34.593749999999439 ], [ 73.260416666666487, 34.589583333332776 ], [ 73.252083333333161, 34.581249999999422 ], [ 73.252083333333161, 34.57291666666611 ] ] ] } },
{ "type": "Feature", "properties": { "HYRIV_ID": 40528505, "NEXT_DOWN": 40528637, "MAIN_RIV": 41023100, "LENGTH_KM": 1.39, "DIST_DN_KM": 1883.0, "DIST_UP_KM": 32.4, "CATCH_SKM": 2.65, "UPLAND_SKM": 294.6, "ENDORHEIC": 0, "DIS_AV_CMS": 11.55, "ORD_STRA": 4, "ORD_CLAS": 2, "ORD_FLOW": 5, "HYBAS_L12": 4120631050 }, "geometry": { "type": "MultiLineString", "coordinates": [ [ [ 73.252083333333161, 34.57291666666611 ], [ 73.252083333333161, 34.560416666666136 ] ] ] } },
{ "type": "Feature", "properties": { "HYRIV_ID": 40528637, "NEXT_DOWN": 40528901, "MAIN_RIV": 41023100, "LENGTH_KM": 0.46, "DIST_DN_KM": 1882.5, "DIST_UP_KM": 32.9, "CATCH_SKM": 1.06, "UPLAND_SKM": 301.3, "ENDORHEIC": 0, "DIS_AV_CMS": 11.821, "ORD_STRA": 4, "ORD_CLAS": 2, "ORD_FLOW": 5, "HYBAS_L12": 4120631050 }, "geometry": { "type": "MultiLineString", "coordinates": [ [ [ 73.252083333333161, 34.560416666666136 ], [ 73.252083333333161, 34.55624999999943 ] ] ] } },
{ "type": "Feature", "properties": { "HYRIV_ID": 40528901, "NEXT_DOWN": 40529139, "MAIN_RIV": 41023100, "LENGTH_KM": 0.93, "DIST_DN_KM": 1881.6, "DIST_UP_KM": 33.8, "CATCH_SKM": 0.71, "UPLAND_SKM": 306.6, "ENDORHEIC": 0, "DIS_AV_CMS": 12.068, "ORD_STRA": 4, "ORD_CLAS": 2, "ORD_FLOW": 5, "HYBAS_L12": 4120631050 }, "geometry": { "type": "MultiLineString", "coordinates": [ [ [ 73.252083333333161, 34.55624999999943 ], [ 73.252083333333161, 34.547916666666119 ] ] ] } },
{ "type": "Feature", "properties": { "HYRIV_ID": 40529139, "NEXT_DOWN": 40529420, "MAIN_RIV": 41023100, "LENGTH_KM": 0.93, "DIST_DN_KM": 1880.7, "DIST_UP_KM": 34.7, "CATCH_SKM": 1.06, "UPLAND_SKM": 313.0, "ENDORHEIC": 0, "DIS_AV_CMS": 12.352, "ORD_STRA": 4, "ORD_CLAS": 2, "ORD_FLOW": 5, "HYBAS_L12": 4120631050 }, "geometry": { "type": "MultiLineString", "coordinates": [ [ [ 73.252083333333161, 34.547916666666119 ], [ 73.252083333333161, 34.539583333332793 ] ] ] } },
{ "type": "Feature", "properties": { "HYRIV_ID": 40529420, "NEXT_DOWN": 40529953, "MAIN_RIV": 41023100, "LENGTH_KM": 0.93, "DIST_DN_KM": 1879.7, "DIST_UP_KM": 35.7, "CATCH_SKM": 1.95, "UPLAND_SKM": 328.7, "ENDORHEIC": 0, "DIS_AV_CMS": 13.001, "ORD_STRA": 4, "ORD_CLAS": 2, "ORD_FLOW": 5, "HYBAS_L12": 4120631050 }, "geometry": { "type": "MultiLineString", "coordinates": [ [ [ 73.252083333333161, 34.539583333332793 ], [ 73.252083333333161, 34.531249999999481 ] ] ] } },
{ "type": "Feature", "properties": { "HYRIV_ID": 40529953, "NEXT_DOWN": 40530732, "MAIN_RIV": 41023100, "LENGTH_KM": 2.13, "DIST_DN_KM": 1877.6, "DIST_UP_KM": 37.8, "CATCH_SKM": 5.13, "UPLAND_SKM": 337.4, "ENDORHEIC": 0, "DIS_AV_CMS": 13.426, "ORD_STRA": 4, "ORD_CLAS": 2, "ORD_FLOW": 5, "HYBAS_L12": 4120631050 }, "geometry": { "type": "MultiLineString", "coordinates": [ [ [ 73.252083333333161, 34.531249999999481 ], [ 73.252083333333161, 34.527083333332776 ], [ 73.260416666666487, 34.518749999999464 ], [ 73.260416666666487, 34.514583333332801 ] ] ] } },
{ "type": "Feature", "properties": { "HYRIV_ID": 40530732, "NEXT_DOWN": 40531007, "MAIN_RIV": 41023100, "LENGTH_KM": 3.05, "DIST_DN_KM": 1874.7, "DIST_UP_KM": 40.7, "CATCH_SKM": 4.78, "UPLAND_SKM": 358.2, "ENDORHEIC": 0, "DIS_AV_CMS": 14.304, "ORD_STRA": 4, "ORD_CLAS": 2, "ORD_FLOW": 5, "HYBAS_L12": 4120631050 }, "geometry": { "type": "MultiLineString", "coordinates": [ [ [ 73.260416666666487, 34.514583333332801 ], [ 73.25624999999971, 34.510416666666096 ], [ 73.25624999999971, 34.493749999999473 ], [ 73.252083333333161, 34.489583333332767 ] ] ] } },
{ "type": "Feature", "properties": { "HYRIV_ID": 40531007, "NEXT_DOWN": 40531273, "MAIN_RIV": 41023100, "LENGTH_KM": 1.58, "DIST_DN_KM": 1873.1, "DIST_UP_KM": 42.3, "CATCH_SKM": 2.3, "UPLAND_SKM": 515.4, "ENDORHEIC": 0, "DIS_AV_CMS": 20.621, "ORD_STRA": 4, "ORD_CLAS": 2, "ORD_FLOW": 5, "HYBAS_L12": 4120633560 }, "geometry": { "type": "MultiLineString", "coordinates": [ [ [ 73.252083333333161, 34.489583333332767 ], [ 73.25624999999971, 34.485416666666104 ], [ 73.260416666666487, 34.485416666666104 ], [ 73.264583333333036, 34.481249999999456 ] ] ] } },
{ "type": "Feature", "properties": { "HYRIV_ID": 40531273, "NEXT_DOWN": 40532016, "MAIN_RIV": 41023100, "LENGTH_KM": 1.06, "DIST_DN_KM": 1871.9, "DIST_UP_KM": 43.5, "CATCH_SKM": 1.24, "UPLAND_SKM": 521.9, "ENDORHEIC": 0, "DIS_AV_CMS": 20.862, "ORD_STRA": 4, "ORD_CLAS": 2, "ORD_FLOW": 5, "HYBAS_L12": 4120633560 }, "geometry": { "type": "MultiLineString", "coordinates": [ [ [ 73.264583333333036, 34.481249999999456 ], [ 73.268749999999812, 34.477083333332793 ], [ 73.268749999999812, 34.47291666666613 ] ] ] } },
{ "type": "Feature", "properties": { "HYRIV_ID": 40532016, "NEXT_DOWN": 40532560, "MAIN_RIV": 41023100, "LENGTH_KM": 3.05, "DIST_DN_KM": 1869.0, "DIST_UP_KM": 46.4, "CATCH_SKM": 8.14, "UPLAND_SKM": 540.5, "ENDORHEIC": 0, "DIS_AV_CMS": 21.541, "ORD_STRA": 4, "ORD_CLAS": 2, "ORD_FLOW": 5, "HYBAS_L12": 4120633560 }, "geometry": { "type": "MultiLineString", "coordinates": [ [ [ 73.268749999999812, 34.47291666666613 ], [ 73.268749999999812, 34.456249999999464 ], [ 73.260416666666487, 34.447916666666138 ] ] ] } },
{ "type": "Feature", "properties": { "HYRIV_ID": 40532406, "NEXT_DOWN": 40533261, "MAIN_RIV": 41023100, "LENGTH_KM": 3.82, "DIST_DN_KM": 1860.1, "DIST_UP_KM": 55.3, "CATCH_SKM": 14.52, "UPLAND_SKM": 596.1, "ENDORHEIC": 0, "DIS_AV_CMS": 23.612, "ORD_STRA": 4, "ORD_CLAS": 2, "ORD_FLOW": 5, "HYBAS_L12": 4120633560 }, "geometry": { "type": "MultiLineString", "coordinates": [ [ [ 73.218749999999744, 34.435416666666121 ], [ 73.177083333333059, 34.435416666666121 ] ] ] } },
{ "type": "Feature", "properties": { "HYRIV_ID": 40532560, "NEXT_DOWN": 40532406, "MAIN_RIV": 41023100, "LENGTH_KM": 4.91, "DIST_DN_KM": 1863.9, "DIST_UP_KM": 51.5, "CATCH_SKM": 14.34, "UPLAND_SKM": 568.0, "ENDORHEIC": 0, "DIS_AV_CMS": 22.552, "ORD_STRA": 4, "ORD_CLAS": 2, "ORD_FLOW": 5, "HYBAS_L12": 4120633560 }, "geometry": { "type": "MultiLineString", "coordinates": [ [ [ 73.260416666666487, 34.447916666666138 ], [ 73.25624999999971, 34.443749999999447 ], [ 73.252083333333161, 34.443749999999447 ], [ 73.239583333333115, 34.431249999999459 ], [ 73.227083333333127, 34.431249999999459 ], [ 73.222916666666407, 34.435416666666121 ], [ 73.218749999999744, 34.435416666666121 ] ] ] } },
{ "type": "Feature", "properties": { "HYRIV_ID": 40533261, "NEXT_DOWN": 40533746, "MAIN_RIV": 41023100, "LENGTH_KM": 4.61, "DIST_DN_KM": 1855.7, "DIST_UP_KM": 59.7, "CATCH_SKM": 11.69, "UPLAND_SKM": 626.0, "ENDORHEIC": 0, "DIS_AV_CMS": 24.745, "ORD_STRA": 4, "ORD_CLAS": 2, "ORD_FLOW": 5, "HYBAS_L12": 4120633560 }, "geometry": { "type": "MultiLineString", "coordinates": [ [ [ 73.177083333333059, 34.435416666666121 ], [ 73.168749999999733, 34.427083333332767 ], [ 73.160416666666407, 34.427083333332767 ], [ 73.156249999999744, 34.422916666666104 ], [ 73.156249999999744, 34.418749999999442 ], [ 73.152083333333081, 34.414583333332793 ], [ 73.147916666666532, 34.414583333332793 ], [ 73.143749999999812, 34.41041666666613 ] ] ] } },
{ "type": "Feature", "properties": { "HYRIV_ID": 40533746, "NEXT_DOWN": 40533886, "MAIN_RIV": 41023100, "LENGTH_KM": 2.27, "DIST_DN_KM": 1853.4, "DIST_UP_KM": 62.0, "CATCH_SKM": 3.9, "UPLAND_SKM": 697.5, "ENDORHEIC": 0, "DIS_AV_CMS": 27.433, "ORD_STRA": 4, "ORD_CLAS": 2, "ORD_FLOW": 5, "HYBAS_L12": 4120633560 }, "geometry": { "type": "MultiLineString", "coordinates": [ [ [ 73.143749999999812, 34.41041666666613 ], [ 73.143749999999812, 34.406249999999467 ], [ 73.135416666666487, 34.397916666666113 ], [ 73.13958333333315, 34.39374999999945 ] ] ] } },
{ "type": "Feature", "properties": { "HYRIV_ID": 40533748, "NEXT_DOWN": 40533887, "MAIN_RIV": 41023100, "LENGTH_KM": 1.15, "DIST_DN_KM": 1856.3, "DIST_UP_KM": 26.6, "CATCH_SKM": 1.77, "UPLAND_SKM": 186.8, "ENDORHEIC": 0, "DIS_AV_CMS": 6.526, "ORD_STRA": 4, "ORD_CLAS": 3, "ORD_FLOW": 6, "HYBAS_L12": 4120633720 }, "geometry": { "type": "MultiLineString", "coordinates": [ [ [ 73.189583333333104, 34.39374999999945 ], [ 73.177083333333059, 34.39374999999945 ] ] ] } },
{ "type": "Feature", "properties": { "HYRIV_ID": 40533886, "NEXT_DOWN": 40534467, "MAIN_RIV": 41023100, "LENGTH_KM": 0.6, "DIST_DN_KM": 1852.8, "DIST_UP_KM": 62.6, "CATCH_SKM": 1.24, "UPLAND_SKM": 702.1, "ENDORHEIC": 0, "DIS_AV_CMS": 27.606, "ORD_STRA": 4, "ORD_CLAS": 2, "ORD_FLOW": 5, "HYBAS_L12": 4120633560 }, "geometry": { "type": "MultiLineString", "coordinates": [ [ [ 73.13958333333315, 34.39374999999945 ], [ 73.143749999999812, 34.389583333332801 ] ] ] } },
{ "type": "Feature", "properties": { "HYRIV_ID": 40533887, "NEXT_DOWN": 40534034, "MAIN_RIV": 41023100, "LENGTH_KM": 1.36, "DIST_DN_KM": 1854.9, "DIST_UP_KM": 28.0, "CATCH_SKM": 3.01, "UPLAND_SKM": 242.1, "ENDORHEIC": 0, "DIS_AV_CMS": 8.512, "ORD_STRA": 4, "ORD_CLAS": 3, "ORD_FLOW": 6, "HYBAS_L12": 4120633720 }, "geometry": { "type": "MultiLineString", "coordinates": [ [ [ 73.177083333333059, 34.39374999999945 ], [ 73.172916666666396, 34.39374999999945 ], [ 73.168749999999733, 34.389583333332801 ], [ 73.16458333333307, 34.389583333332801 ] ] ] } },
{ "type": "Feature", "properties": { "HYRIV_ID": 40533888, "NEXT_DOWN": 40533748, "MAIN_RIV": 41023100, "LENGTH_KM": 3.33, "DIST_DN_KM": 1857.6, "DIST_UP_KM": 25.3, "CATCH_SKM": 9.92, "UPLAND_SKM": 178.6, "ENDORHEIC": 0, "DIS_AV_CMS": 6.225, "ORD_STRA": 4, "ORD_CLAS": 3, "ORD_FLOW": 6, "HYBAS_L12": 4120633720 }, "geometry": { "type": "MultiLineString", "coordinates": [ [ [ 73.218749999999744, 34.389583333332801 ], [ 73.214583333333081, 34.39374999999945 ], [ 73.202083333333093, 34.39374999999945 ], [ 73.19791666666643, 34.389583333332801 ], [ 73.19374999999971, 34.389583333332801 ], [ 73.189583333333104, 34.39374999999945 ] ] ] } },
{ "type": "Feature", "properties": { "HYRIV_ID": 40534034, "NEXT_DOWN": 40534467, "MAIN_RIV": 41023100, "LENGTH_KM": 2.35, "DIST_DN_KM": 1852.6, "DIST_UP_KM": 30.3, "CATCH_SKM": 6.2, "UPLAND_SKM": 252.0, "ENDORHEIC": 0, "DIS_AV_CMS": 8.88, "ORD_STRA": 4, "ORD_CLAS": 3, "ORD_FLOW": 6, "HYBAS_L12": 4120633720 }, "geometry": { "type": "MultiLineString", "coordinates": [ [ [ 73.16458333333307, 34.389583333332801 ], [ 73.160416666666407, 34.389583333332801 ], [ 73.156249999999744, 34.385416666666096 ], [ 73.152083333333081, 34.389583333332801 ], [ 73.143749999999812, 34.389583333332801 ] ] ] } },
{ "type": "Feature", "properties": { "HYRIV_ID": 40534036, "NEXT_DOWN": 40533888, "MAIN_RIV": 41023100, "LENGTH_KM": 0.98, "DIST_DN_KM": 1860.9, "DIST_UP_KM": 22.0, "CATCH_SKM": 1.24, "UPLAND_SKM": 162.5, "ENDORHEIC": 0, "DIS_AV_CMS": 5.633, "ORD_STRA": 4, "ORD_CLAS": 3, "ORD_FLOW": 6, "HYBAS_L12": 4120633720 }, "geometry": { "type": "MultiLineString", "coordinates": [ [ [ 73.227083333333127, 34.385416666666096 ], [ 73.222916666666407, 34.385416666666096 ], [ 73.218749999999744, 34.389583333332801 ] ] ] } },
{ "type": "Feature", "properties": { "HYRIV_ID": 40534467, "NEXT_DOWN": 40534616, "MAIN_RIV": 41023100, "LENGTH_KM": 2.13, "DIST_DN_KM": 1850.7, "DIST_UP_KM": 64.7, "CATCH_SKM": 4.61, "UPLAND_SKM": 958.7, "ENDORHEIC": 0, "DIS_AV_CMS": 36.667, "ORD_STRA": 5, "ORD_CLAS": 2, "ORD_FLOW": 5, "HYBAS_L12": 4121385320 }, "geometry": { "type": "MultiLineString", "coordinates": [ [ [ 73.143749999999812, 34.389583333332801 ], [ 73.143749999999812, 34.381249999999433 ], [ 73.135416666666487, 34.372916666666121 ] ] ] } },
{ "type": "Feature", "properties": { "HYRIV_ID": 40534616, "NEXT_DOWN": 40535019, "MAIN_RIV": 41023100, "LENGTH_KM": 0.6, "DIST_DN_KM": 1850.1, "DIST_UP_KM": 65.3, "CATCH_SKM": 0.53, "UPLAND_SKM": 978.2, "ENDORHEIC": 0, "DIS_AV_CMS": 37.389, "ORD_STRA": 5, "ORD_CLAS": 2, "ORD_FLOW": 5, "HYBAS_L12": 4121385320 }, "geometry": { "type": "MultiLineString", "coordinates": [ [ [ 73.135416666666487, 34.372916666666121 ], [ 73.13124999999971, 34.368749999999459 ] ] ] } },
{ "type": "Feature", "properties": { "HYRIV_ID": 40542883, "NEXT_DOWN": 40542744, "MAIN_RIV": 41023100, "LENGTH_KM": 3.67, "DIST_DN_KM": 1791.8, "DIST_UP_KM": 123.6, "CATCH_SKM": 12.62, "UPLAND_SKM": 2841.9, "ENDORHEIC": 0, "DIS_AV_CMS": 92.686, "ORD_STRA": 5, "ORD_CLAS": 2, "ORD_FLOW": 5, "HYBAS_L12": 4120641530 }, "geometry": { "type": "MultiLineString", "coordinates": [ [ [ 72.835416666666475, 34.118749999999444 ], [ 72.831249999999756, 34.122916666666107 ], [ 72.797916666666396, 34.122916666666107 ] ] ] } },
{ "type": "Feature", "properties": { "HYRIV_ID": 40543173, "NEXT_DOWN": 40542883, "MAIN_RIV": 41023100, "LENGTH_KM": 1.06, "DIST_DN_KM": 1795.7, "DIST_UP_KM": 119.7, "CATCH_SKM": 1.24, "UPLAND_SKM": 2823.2, "ENDORHEIC": 0, "DIS_AV_CMS": 91.964, "ORD_STRA": 5, "ORD_CLAS": 2, "ORD_FLOW": 5, "HYBAS_L12": 4120641530 }, "geometry": { "type": "MultiLineString", "coordinates": [ [ [ 72.839583333333138, 34.110416666666133 ], [ 72.839583333333138, 34.114583333332796 ], [ 72.835416666666475, 34.118749999999444 ] ] ] } },
{ "type": "Feature", "properties": { "HYRIV_ID": 40543279, "NEXT_DOWN": 40543529, "MAIN_RIV": 41023100, "LENGTH_KM": 0.6, "DIST_DN_KM": 1800.9, "DIST_UP_KM": 114.5, "CATCH_SKM": 0.18, "UPLAND_SKM": 1766.6, "ENDORHEIC": 0, "DIS_AV_CMS": 64.586, "ORD_STRA": 5, "ORD_CLAS": 2, "ORD_FLOW": 5, "HYBAS_L12": 4120642350 }, "geometry": { "type": "MultiLineString", "coordinates": [ [ [ 72.877083333333161, 34.110416666666133 ], [ 72.872916666666384, 34.106249999999427 ] ] ] } },
{ "type": "Feature", "properties": { "HYRIV_ID": 40543528, "NEXT_DOWN": 40543173, "MAIN_RIV": 41023100, "LENGTH_KM": 2.19, "DIST_DN_KM": 1796.7, "DIST_UP_KM": 118.6, "CATCH_SKM": 5.87, "UPLAND_SKM": 2813.6, "ENDORHEIC": 0, "DIS_AV_CMS": 91.675, "ORD_STRA": 5, "ORD_CLAS": 2, "ORD_FLOW": 5, "HYBAS_L12": 4120641530 }, "geometry": { "type": "MultiLineString", "coordinates": [ [ [ 72.85624999999979, 34.097916666666116 ], [ 72.852083333333127, 34.097916666666116 ], [ 72.839583333333138, 34.110416666666133 ] ] ] } },
{ "type": "Feature", "properties": { "HYRIV_ID": 40543529, "NEXT_DOWN": 40543528, "MAIN_RIV": 41023100, "LENGTH_KM": 1.97, "DIST_DN_KM": 1798.7, "DIST_UP_KM": 116.7, "CATCH_SKM": 3.02, "UPLAND_SKM": 1805.3, "ENDORHEIC": 0, "DIS_AV_CMS": 65.715, "ORD_STRA": 5, "ORD_CLAS": 2, "ORD_FLOW": 5, "HYBAS_L12": 4120642350 }, "geometry": { "type": "MultiLineString", "coordinates": [ [ [ 72.872916666666384, 34.106249999999427 ], [ 72.864583333333059, 34.097916666666116 ], [ 72.85624999999979, 34.097916666666116 ] ] ] } },
{ "type": "Feature", "properties": { "HYRIV_ID": 40544141, "NEXT_DOWN": 40543528, "MAIN_RIV": 41023100, "LENGTH_KM": 3.77, "DIST_DN_KM": 1798.9, "DIST_UP_KM": 73.5, "CATCH_SKM": 5.87, "UPLAND_SKM": 1002.5, "ENDORHEIC": 0, "DIS_AV_CMS": 25.711, "ORD_STRA": 4, "ORD_CLAS": 3, "ORD_FLOW": 5, "HYBAS_L12": 4120642500 }, "geometry": { "type": "MultiLineString", "coordinates": [ [ [ 72.885416666666544, 34.077083333332787 ], [ 72.868749999999835, 34.093749999999453 ], [ 72.860416666666509, 34.093749999999453 ], [ 72.85624999999979, 34.097916666666116 ] ] ] } },
{ "type": "Feature", "properties": { "HYRIV_ID": 40544142, "NEXT_DOWN": 40544141, "MAIN_RIV": 41023100, "LENGTH_KM": 1.15, "DIST_DN_KM": 1802.5, "DIST_UP_KM": 69.9, "CATCH_SKM": 1.96, "UPLAND_SKM": 851.2, "ENDORHEIC": 0, "DIS_AV_CMS": 22.346, "ORD_STRA": 4, "ORD_CLAS": 3, "ORD_FLOW": 5, "HYBAS_L12": 4120643040 }, "geometry": { "type": "MultiLineString", "coordinates": [ [ [ 72.897916666666418, 34.077083333332787 ], [ 72.885416666666544, 34.077083333332787 ] ] ] } },
{ "type": "Feature", "properties": { "HYRIV_ID": 40546013, "NEXT_DOWN": 40544142, "MAIN_RIV": 41023100, "LENGTH_KM": 8.78, "DIST_DN_KM": 1803.8, "DIST_UP_KM": 68.6, "CATCH_SKM": 14.76, "UPLAND_SKM": 646.3, "ENDORHEIC": 0, "DIS_AV_CMS": 16.71, "ORD_STRA": 4, "ORD_CLAS": 3, "ORD_FLOW": 5, "HYBAS_L12": 4120643150 }, "geometry": { "type": "MultiLineString", "coordinates": [ [ [ 72.952083333333093, 34.018749999999478 ], [ 72.94791666666643, 34.022916666666141 ], [ 72.939583333333104, 34.022916666666141 ], [ 72.918749999999733, 34.04374999999947 ], [ 72.918749999999733, 34.047916666666133 ], [ 72.91458333333307, 34.052083333332796 ], [ 72.91458333333307, 34.056249999999444 ], [ 72.902083333333081, 34.068749999999461 ], [ 72.902083333333081, 34.072916666666124 ], [ 72.897916666666418, 34.077083333332787 ] ] ] } },
{ "type": "Feature", "properties": { "HYRIV_ID": 40546772, "NEXT_DOWN": 40546907, "MAIN_RIV": 41023100, "LENGTH_KM": 8.54, "DIST_DN_KM": 1823.2, "DIST_UP_KM": 49.2, "CATCH_SKM": 36.83, "UPLAND_SKM": 529.5, "ENDORHEIC": 0, "DIS_AV_CMS": 14.566, "ORD_STRA": 4, "ORD_CLAS": 3, "ORD_FLOW": 5, "HYBAS_L12": 4120643150 }, "geometry": { "type": "MultiLineString", "coordinates": [ [ [ 73.102083333333127, 34.031249999999453 ], [ 73.089583333333081, 34.018749999999478 ], [ 73.085416666666418, 34.018749999999478 ], [ 73.068749999999767, 34.002083333332799 ], [ 73.060416666666384, 34.002083333332799 ], [ 73.056249999999778, 33.99791666666615 ], [ 73.052083333333059, 33.99791666666615 ], [ 73.047916666666396, 34.002083333332799 ], [ 73.043749999999733, 33.99791666666615 ], [ 73.03958333333307, 33.99791666666615 ], [ 73.035416666666407, 33.993749999999444 ] ] ] } },
{ "type": "Feature", "properties": { "HYRIV_ID": 40546906, "NEXT_DOWN": 40546013, "MAIN_RIV": 41023100, "LENGTH_KM": 5.72, "DIST_DN_KM": 1812.5, "DIST_UP_KM": 59.9, "CATCH_SKM": 9.43, "UPLAND_SKM": 621.7, "ENDORHEIC": 0, "DIS_AV_CMS": 16.067, "ORD_STRA": 4, "ORD_CLAS": 3, "ORD_FLOW": 5, "HYBAS_L12": 4120643150 }, "geometry": { "type": "MultiLineString", "coordinates": [ [ [ 72.989583333333172, 33.989583333332781 ], [ 72.98124999999979, 33.989583333332781 ], [ 72.977083333333127, 33.993749999999444 ], [ 72.968749999999801, 33.993749999999444 ], [ 72.960416666666418, 34.002083333332799 ], [ 72.956249999999756, 34.002083333332799 ], [ 72.956249999999756, 34.006249999999461 ], [ 72.952083333333093, 34.010416666666124 ], [ 72.952083333333093, 34.018749999999478 ] ] ] } },
{ "type": "Feature", "properties": { "HYRIV_ID": 40546907, "NEXT_DOWN": 40546906, "MAIN_RIV": 41023100, "LENGTH_KM": 4.88, "DIST_DN_KM": 1818.3, "DIST_UP_KM": 54.1, "CATCH_SKM": 12.99, "UPLAND_SKM": 584.7, "ENDORHEIC": 0, "DIS_AV_CMS": 15.33, "ORD_STRA": 4, "ORD_CLAS": 3, "ORD_FLOW": 5, "HYBAS_L12": 4120643150 }, "geometry": { "type": "MultiLineString", "coordinates": [ [ [ 73.035416666666407, 33.993749999999444 ], [ 73.031249999999744, 33.993749999999444 ], [ 73.027083333333081, 33.989583333332781 ], [ 73.018749999999869, 33.989583333332781 ], [ 73.014583333333206, 33.993749999999444 ], [ 72.993749999999835, 33.993749999999444 ], [ 72.989583333333172, 33.989583333332781 ] ] ] } },
{ "type": "Feature", "properties": { "HYRIV_ID": 40524347, "NEXT_DOWN": 40524348, "MAIN_RIV": 41023100, "LENGTH_KM": 2.37, "DIST_DN_KM": 1876.4, "DIST_UP_KM": 19.8, "CATCH_SKM": 5.29, "UPLAND_SKM": 225.1, "ENDORHEIC": 0, "DIS_AV_CMS": 7.428, "ORD_STRA": 4, "ORD_CLAS": 2, "ORD_FLOW": 6, "HYBAS_L12": 4120626770 }, "geometry": { "type": "MultiLineString", "coordinates": [ [ [ 72.685416666666441, 34.702083333332773 ], [ 72.689583333333104, 34.702083333332773 ], [ 72.689583333333104, 34.69791666666611 ], [ 72.693749999999767, 34.693749999999447 ], [ 72.693749999999767, 34.685416666666093 ] ] ] } },
{ "type": "Feature", "properties": { "HYRIV_ID": 40524348, "NEXT_DOWN": 40525094, "MAIN_RIV": 41023100, "LENGTH_KM": 0.76, "DIST_DN_KM": 1875.6, "DIST_UP_KM": 20.6, "CATCH_SKM": 1.59, "UPLAND_SKM": 230.4, "ENDORHEIC": 0, "DIS_AV_CMS": 7.609, "ORD_STRA": 4, "ORD_CLAS": 2, "ORD_FLOW": 6, "HYBAS_L12": 4120626770 }, "geometry": { "type": "MultiLineString", "coordinates": [ [ [ 72.693749999999767, 34.685416666666093 ], [ 72.70208333333315, 34.685416666666093 ] ] ] } },
{ "type": "Feature", "properties": { "HYRIV_ID": 40525094, "NEXT_DOWN": 40525236, "MAIN_RIV": 41023100, "LENGTH_KM": 3.87, "DIST_DN_KM": 1871.9, "DIST_UP_KM": 24.3, "CATCH_SKM": 11.47, "UPLAND_SKM": 254.9, "ENDORHEIC": 0, "DIS_AV_CMS": 8.455, "ORD_STRA": 4, "ORD_CLAS": 2, "ORD_FLOW": 6, "HYBAS_L12": 4120626770 }, "geometry": { "type": "MultiLineString", "coordinates": [ [ [ 72.70208333333315, 34.685416666666093 ], [ 72.70208333333315, 34.677083333332781 ], [ 72.706249999999812, 34.672916666666119 ], [ 72.718749999999801, 34.672916666666119 ], [ 72.727083333333184, 34.664583333332807 ] ] ] } },
{ "type": "Feature", "properties": { "HYRIV_ID": 40525236, "NEXT_DOWN": 40525906, "MAIN_RIV": 41023100, "LENGTH_KM": 0.6, "DIST_DN_KM": 1871.3, "DIST_UP_KM": 24.9, "CATCH_SKM": 2.65, "UPLAND_SKM": 286.4, "ENDORHEIC": 0, "DIS_AV_CMS": 9.508, "ORD_STRA": 4, "ORD_CLAS": 2, "ORD_FLOW": 6, "HYBAS_L12": 4120626770 }, "geometry": { "type": "MultiLineString", "coordinates": [ [ [ 72.727083333333184, 34.664583333332807 ], [ 72.731249999999847, 34.660416666666102 ] ] ] } },
{ "type": "Feature", "properties": { "HYRIV_ID": 40525906, "NEXT_DOWN": 40526354, "MAIN_RIV": 41023100, "LENGTH_KM": 3.0, "DIST_DN_KM": 1868.3, "DIST_UP_KM": 27.9, "CATCH_SKM": 6.0, "UPLAND_SKM": 320.4, "ENDORHEIC": 0, "DIS_AV_CMS": 10.69, "ORD_STRA": 4, "ORD_CLAS": 2, "ORD_FLOW": 5, "HYBAS_L12": 4120626770 }, "geometry": { "type": "MultiLineString", "coordinates": [ [ [ 72.731249999999847, 34.660416666666102 ], [ 72.727083333333184, 34.656249999999439 ], [ 72.735416666666396, 34.647916666666084 ], [ 72.731249999999847, 34.643749999999464 ], [ 72.735416666666396, 34.639583333332801 ] ] ] } },
{ "type": "Feature", "properties": { "HYRIV_ID": 40530465, "NEXT_DOWN": 40530723, "MAIN_RIV": 41023100, "LENGTH_KM": 5.07, "DIST_DN_KM": 1866.3, "DIST_UP_KM": 34.0, "CATCH_SKM": 13.97, "UPLAND_SKM": 467.3, "ENDORHEIC": 0, "DIS_AV_CMS": 12.645, "ORD_STRA": 4, "ORD_CLAS": 2, "ORD_FLOW": 5, "HYBAS_L12": 4120630970 }, "geometry": { "type": "MultiLineString", "coordinates": [ [ [ 72.439583333333104, 34.506249999999447 ], [ 72.443749999999824, 34.506249999999447 ], [ 72.447916666666487, 34.510416666666096 ], [ 72.45208333333315, 34.506249999999447 ], [ 72.456249999999812, 34.506249999999447 ], [ 72.460416666666475, 34.502083333332784 ], [ 72.464583333333138, 34.502083333332784 ], [ 72.468749999999858, 34.497916666666121 ], [ 72.485416666666509, 34.497916666666121 ] ] ] } },
{ "type": "Feature", "properties": { "HYRIV_ID": 40530723, "NEXT_DOWN": 40531272, "MAIN_RIV": 41023100, "LENGTH_KM": 2.35, "DIST_DN_KM": 1864.0, "DIST_UP_KM": 36.3, "CATCH_SKM": 4.42, "UPLAND_SKM": 604.7, "ENDORHEIC": 0, "DIS_AV_CMS": 16.846, "ORD_STRA": 4, "ORD_CLAS": 2, "ORD_FLOW": 5, "HYBAS_L12": 4120631790 }, "geometry": { "type": "MultiLineString", "coordinates": [ [ [ 72.485416666666509, 34.497916666666121 ], [ 72.493749999999892, 34.489583333332767 ], [ 72.506249999999767, 34.489583333332767 ] ] ] } },
{ "type": "Feature", "properties": { "HYRIV_ID": 40530726, "NEXT_DOWN": 40531131, "MAIN_RIV": 41023100, "LENGTH_KM": 1.91, "DIST_DN_KM": 1847.1, "DIST_UP_KM": 53.2, "CATCH_SKM": 6.37, "UPLAND_SKM": 862.9, "ENDORHEIC": 0, "DIS_AV_CMS": 24.504, "ORD_STRA": 4, "ORD_CLAS": 2, "ORD_FLOW": 5, "HYBAS_L12": 4120631190 }, "geometry": { "type": "MultiLineString", "coordinates": [ [ [ 72.627083333333218, 34.489583333332767 ], [ 72.647916666666418, 34.489583333332767 ] ] ] } },
{ "type": "Feature", "properties": { "HYRIV_ID": 40530871, "NEXT_DOWN": 40530726, "MAIN_RIV": 41023100, "LENGTH_KM": 0.6, "DIST_DN_KM": 1849.2, "DIST_UP_KM": 51.1, "CATCH_SKM": 0.89, "UPLAND_SKM": 852.3, "ENDORHEIC": 0, "DIS_AV_CMS": 24.137, "ORD_STRA": 4, "ORD_CLAS": 2, "ORD_FLOW": 5, "HYBAS_L12": 4120631190 }, "geometry": { "type": "MultiLineString", "coordinates": [ [ [ 72.622916666666384, 34.485416666666104 ], [ 72.627083333333218, 34.489583333332767 ] ] ] } },
{ "type": "Feature", "properties": { "HYRIV_ID": 40531003, "NEXT_DOWN": 40530871, "MAIN_RIV": 41023100, "LENGTH_KM": 1.36, "DIST_DN_KM": 1849.6, "DIST_UP_KM": 50.7, "CATCH_SKM": 3.19, "UPLAND_SKM": 846.1, "ENDORHEIC": 0, "DIS_AV_CMS": 23.936, "ORD_STRA": 4, "ORD_CLAS": 2, "ORD_FLOW": 5, "HYBAS_L12": 4120631190 }, "geometry": { "type": "MultiLineString", "coordinates": [ [ [ 72.610416666666509, 34.481249999999456 ], [ 72.614583333333059, 34.481249999999456 ], [ 72.618749999999835, 34.485416666666104 ], [ 72.622916666666384, 34.485416666666104 ] ] ] } },
{ "type": "Feature", "properties": { "HYRIV_ID": 40531128, "NEXT_DOWN": 40531522, "MAIN_RIV": 41023100, "LENGTH_KM": 2.95, "DIST_DN_KM": 1857.3, "DIST_UP_KM": 43.0, "CATCH_SKM": 8.67, "UPLAND_SKM": 661.7, "ENDORHEIC": 0, "DIS_AV_CMS": 18.609, "ORD_STRA": 4, "ORD_CLAS": 2, "ORD_FLOW": 5, "HYBAS_L12": 4120631790 }, "geometry": { "type": "MultiLineString", "coordinates": [ [ [ 72.535416666666407, 34.481249999999456 ], [ 72.53958333333307, 34.481249999999456 ], [ 72.543749999999733, 34.485416666666104 ], [ 72.547916666666453, 34.485416666666104 ], [ 72.552083333333115, 34.481249999999456 ], [ 72.556249999999778, 34.481249999999456 ], [ 72.560416666666441, 34.477083333332793 ] ] ] } },
{ "type": "Feature", "properties": { "HYRIV_ID": 40531131, "NEXT_DOWN": 40531626, "MAIN_RIV": 41023100, "LENGTH_KM": 3.71, "DIST_DN_KM": 1843.4, "DIST_UP_KM": 56.9, "CATCH_SKM": 12.56, "UPLAND_SKM": 1036.1, "ENDORHEIC": 0, "DIS_AV_CMS": 30.197, "ORD_STRA": 4, "ORD_CLAS": 2, "ORD_FLOW": 5, "HYBAS_L12": 4120632430 }, "geometry": { "type": "MultiLineString", "coordinates": [ [ [ 72.647916666666418, 34.489583333332767 ], [ 72.652083333333081, 34.485416666666104 ], [ 72.668749999999733, 34.485416666666104 ], [ 72.677083333333115, 34.477083333332793 ], [ 72.681249999999778, 34.477083333332793 ] ] ] } },
{ "type": "Feature", "properties": { "HYRIV_ID": 40531272, "NEXT_DOWN": 40531128, "MAIN_RIV": 41023100, "LENGTH_KM": 3.98, "DIST_DN_KM": 1860.2, "DIST_UP_KM": 40.1, "CATCH_SKM": 7.08, "UPLAND_SKM": 615.7, "ENDORHEIC": 0, "DIS_AV_CMS": 17.197, "ORD_STRA": 4, "ORD_CLAS": 2, "ORD_FLOW": 5, "HYBAS_L12": 4120631790 }, "geometry": { "type": "MultiLineString", "coordinates": [ [ [ 72.506249999999767, 34.489583333332767 ], [ 72.518749999999756, 34.477083333332793 ], [ 72.522916666666418, 34.477083333332793 ], [ 72.527083333333081, 34.47291666666613 ], [ 72.535416666666407, 34.481249999999456 ] ] ] } },
{ "type": "Feature", "properties": { "HYRIV_ID": 40531395, "NEXT_DOWN": 40531003, "MAIN_RIV": 41023100, "LENGTH_KM": 1.8, "DIST_DN_KM": 1851.2, "DIST_UP_KM": 49.1, "CATCH_SKM": 5.13, "UPLAND_SKM": 833.7, "ENDORHEIC": 0, "DIS_AV_CMS": 23.532, "ORD_STRA": 4, "ORD_CLAS": 2, "ORD_FLOW": 5, "HYBAS_L12": 4120631190 }, "geometry": { "type": "MultiLineString", "coordinates": [ [ [ 72.597916666666521, 34.468749999999481 ], [ 72.610416666666509, 34.481249999999456 ] ] ] } },
{ "type": "Feature", "properties": { "HYRIV_ID": 40531522, "NEXT_DOWN": 40531523, "MAIN_RIV": 41023100, "LENGTH_KM": 3.33, "DIST_DN_KM": 1854.0, "DIST_UP_KM": 46.4, "CATCH_SKM": 5.66, "UPLAND_SKM": 671.4, "ENDORHEIC": 0, "DIS_AV_CMS": 18.938, "ORD_STRA": 4, "ORD_CLAS": 2, "ORD_FLOW": 5, "HYBAS_L12": 4120631790 }, "geometry": { "type": "MultiLineString", "coordinates": [ [ [ 72.560416666666441, 34.477083333332793 ], [ 72.564583333333104, 34.47291666666613 ], [ 72.568749999999767, 34.47291666666613 ], [ 72.572916666666487, 34.468749999999481 ], [ 72.585416666666475, 34.468749999999481 ], [ 72.589583333333138, 34.464583333332776 ] ] ] } },
{ "type": "Feature", "properties": { "HYRIV_ID": 40531523, "NEXT_DOWN": 40531524, "MAIN_RIV": 41023100, "LENGTH_KM": 0.38, "DIST_DN_KM": 1853.4, "DIST_UP_KM": 46.9, "CATCH_SKM": 0.18, "UPLAND_SKM": 801.5, "ENDORHEIC": 0, "DIS_AV_CMS": 22.517, "ORD_STRA": 4, "ORD_CLAS": 2, "ORD_FLOW": 5, "HYBAS_L12": 4120631190 }, "geometry": { "type": "MultiLineString", "coordinates": [ [ [ 72.589583333333138, 34.464583333332776 ], [ 72.593749999999801, 34.464583333332776 ] ] ] } },
{ "type": "Feature", "properties": { "HYRIV_ID": 40531524, "NEXT_DOWN": 40531395, "MAIN_RIV": 41023100, "LENGTH_KM": 0.6, "DIST_DN_KM": 1853.0, "DIST_UP_KM": 47.3, "CATCH_SKM": 3.89, "UPLAND_SKM": 810.4, "ENDORHEIC": 0, "DIS_AV_CMS": 22.795, "ORD_STRA": 4, "ORD_CLAS": 2, "ORD_FLOW": 5, "HYBAS_L12": 4120631190 }, "geometry": { "type": "MultiLineString", "coordinates": [ [ [ 72.593749999999801, 34.464583333332776 ], [ 72.597916666666521, 34.468749999999481 ] ] ] } },
{ "type": "Feature", "properties": { "HYRIV_ID": 40532553, "NEXT_DOWN": 40532555, "MAIN_RIV": 41023100, "LENGTH_KM": 3.71, "DIST_DN_KM": 1839.9, "DIST_UP_KM": 31.4, "CATCH_SKM": 10.62, "UPLAND_SKM": 263.8, "ENDORHEIC": 0, "DIS_AV_CMS": 7.85, "ORD_STRA": 4, "ORD_CLAS": 3, "ORD_FLOW": 6, "HYBAS_L12": 4120632560 }, "geometry": { "type": "MultiLineString", "coordinates": [ [ [ 72.668749999999733, 34.431249999999459 ], [ 72.672916666666396, 34.435416666666121 ], [ 72.693749999999767, 34.435416666666121 ], [ 72.69791666666643, 34.431249999999459 ], [ 72.70208333333315, 34.435416666666121 ] ] ] } },
{ "type": "Feature", "properties": { "HYRIV_ID": 40500471, "NEXT_DOWN": 40500648, "MAIN_RIV": 41023100, "LENGTH_KM": 3.51, "DIST_DN_KM": 2023.1, "DIST_UP_KM": 84.0, "CATCH_SKM": 12.43, "UPLAND_SKM": 2213.6, "ENDORHEIC": 0, "DIS_AV_CMS": 43.591, "ORD_STRA": 4, "ORD_CLAS": 3, "ORD_FLOW": 5, "HYBAS_L12": 4120603350 }, "geometry": { "type": "MultiLineString", "coordinates": [ [ [ 72.606249999999733, 35.360416666666104 ], [ 72.606249999999733, 35.356249999999456 ], [ 72.610416666666509, 35.352083333332793 ], [ 72.610416666666509, 35.339583333332776 ], [ 72.614583333333059, 35.335416666666113 ], [ 72.614583333333059, 35.33124999999945 ] ] ] } },
{ "type": "Feature", "properties": { "HYRIV_ID": 40500648, "NEXT_DOWN": 40502019, "MAIN_RIV": 41023100, "LENGTH_KM": 0.46, "DIST_DN_KM": 2022.7, "DIST_UP_KM": 84.5, "CATCH_SKM": 2.1, "UPLAND_SKM": 2403.6, "ENDORHEIC": 0, "DIS_AV_CMS": 48.791, "ORD_STRA": 4, "ORD_CLAS": 3, "ORD_FLOW": 5, "HYBAS_L12": 4121373770 }, "geometry": { "type": "MultiLineString", "coordinates": [ [ [ 72.614583333333059, 35.33124999999945 ], [ 72.614583333333059, 35.327083333332801 ] ] ] } },
{ "type": "Feature", "properties": { "HYRIV_ID": 40502019, "NEXT_DOWN": 40502193, "MAIN_RIV": 41023100, "LENGTH_KM": 3.84, "DIST_DN_KM": 2018.8, "DIST_UP_KM": 88.3, "CATCH_SKM": 9.81, "UPLAND_SKM": 2423.0, "ENDORHEIC": 0, "DIS_AV_CMS": 49.416, "ORD_STRA": 4, "ORD_CLAS": 3, "ORD_FLOW": 5, "HYBAS_L12": 4121373770 }, "geometry": { "type": "MultiLineString", "coordinates": [ [ [ 72.614583333333059, 35.327083333332801 ], [ 72.614583333333059, 35.302083333332767 ], [ 72.610416666666509, 35.297916666666104 ], [ 72.610416666666509, 35.293749999999442 ] ] ] } },
{ "type": "Feature", "properties": { "HYRIV_ID": 40502193, "NEXT_DOWN": 40502505, "MAIN_RIV": 41023100, "LENGTH_KM": 0.6, "DIST_DN_KM": 2018.4, "DIST_UP_KM": 88.8, "CATCH_SKM": 0.53, "UPLAND_SKM": 2428.3, "ENDORHEIC": 0, "DIS_AV_CMS": 49.577, "ORD_STRA": 4, "ORD_CLAS": 3, "ORD_FLOW": 5, "HYBAS_L12": 4121373770 }, "geometry": { "type": "MultiLineString", "coordinates": [ [ [ 72.610416666666509, 35.293749999999442 ], [ 72.606249999999733, 35.289583333332793 ] ] ] } },
{ "type": "Feature", "properties": { "HYRIV_ID": 40502505, "NEXT_DOWN": 40502643, "MAIN_RIV": 41023100, "LENGTH_KM": 0.93, "DIST_DN_KM": 2017.3, "DIST_UP_KM": 89.9, "CATCH_SKM": 1.4, "UPLAND_SKM": 2457.3, "ENDORHEIC": 0, "DIS_AV_CMS": 50.409, "ORD_STRA": 4, "ORD_CLAS": 3, "ORD_FLOW": 5, "HYBAS_L12": 4121373770 }, "geometry": { "type": "MultiLineString", "coordinates": [ [ [ 72.606249999999733, 35.289583333332793 ], [ 72.606249999999733, 35.281249999999424 ] ] ] } },
{ "type": "Feature", "properties": { "HYRIV_ID": 40502643, "NEXT_DOWN": 40503717, "MAIN_RIV": 41023100, "LENGTH_KM": 0.6, "DIST_DN_KM": 2016.8, "DIST_UP_KM": 90.3, "CATCH_SKM": 0.35, "UPLAND_SKM": 2474.7, "ENDORHEIC": 0, "DIS_AV_CMS": 50.924, "ORD_STRA": 4, "ORD_CLAS": 3, "ORD_FLOW": 5, "HYBAS_L12": 4121373770 }, "geometry": { "type": "MultiLineString", "coordinates": [ [ [ 72.606249999999733, 35.281249999999424 ], [ 72.602083333333184, 35.277083333332776 ] ] ] } },
{ "type": "Feature", "properties": { "HYRIV_ID": 40503717, "NEXT_DOWN": 40504380, "MAIN_RIV": 41023100, "LENGTH_KM": 3.65, "DIST_DN_KM": 2013.2, "DIST_UP_KM": 94.0, "CATCH_SKM": 8.76, "UPLAND_SKM": 2488.4, "ENDORHEIC": 0, "DIS_AV_CMS": 51.392, "ORD_STRA": 4, "ORD_CLAS": 3, "ORD_FLOW": 5, "HYBAS_L12": 4121373770 }, "geometry": { "type": "MultiLineString", "coordinates": [ [ [ 72.602083333333184, 35.277083333332776 ], [ 72.602083333333184, 35.272916666666113 ], [ 72.597916666666521, 35.26874999999945 ], [ 72.597916666666521, 35.256249999999476 ], [ 72.589583333333138, 35.247916666666121 ] ] ] } },
{ "type": "Feature", "properties": { "HYRIV_ID": 40504380, "NEXT_DOWN": 40504691, "MAIN_RIV": 41023100, "LENGTH_KM": 2.64, "DIST_DN_KM": 2010.5, "DIST_UP_KM": 96.6, "CATCH_SKM": 5.79, "UPLAND_SKM": 2624.6, "ENDORHEIC": 0, "DIS_AV_CMS": 55.416, "ORD_STRA": 4, "ORD_CLAS": 3, "ORD_FLOW": 5, "HYBAS_L12": 4120608060 }, "geometry": { "type": "MultiLineString", "coordinates": [ [ [ 72.589583333333138, 35.247916666666121 ], [ 72.585416666666475, 35.247916666666121 ], [ 72.581249999999812, 35.243749999999459 ], [ 72.581249999999812, 35.239583333332767 ], [ 72.572916666666487, 35.231249999999442 ] ] ] } },
{ "type": "Feature", "properties": { "HYRIV_ID": 40504549, "NEXT_DOWN": 40504052, "MAIN_RIV": 41023100, "LENGTH_KM": 2.26, "DIST_DN_KM": 1980.1, "DIST_UP_KM": 85.8, "CATCH_SKM": 4.38, "UPLAND_SKM": 1528.6, "ENDORHEIC": 0, "DIS_AV_CMS": 25.308, "ORD_STRA": 4, "ORD_CLAS": 2, "ORD_FLOW": 5, "HYBAS_L12": 4120606940 }, "geometry": { "type": "MultiLineString", "coordinates": [ [ [ 73.206249999999756, 35.227083333332779 ], [ 73.202083333333093, 35.231249999999442 ], [ 73.202083333333093, 35.235416666666104 ], [ 73.19374999999971, 35.243749999999459 ] ] ] } },
{ "type": "Feature", "properties": { "HYRIV_ID": 40504691, "NEXT_DOWN": 40505412, "MAIN_RIV": 41023100, "LENGTH_KM": 1.06, "DIST_DN_KM": 2009.5, "DIST_UP_KM": 97.7, "CATCH_SKM": 2.46, "UPLAND_SKM": 2642.6, "ENDORHEIC": 0, "DIS_AV_CMS": 55.965, "ORD_STRA": 4, "ORD_CLAS": 3, "ORD_FLOW": 5, "HYBAS_L12": 4120608060 }, "geometry": { "type": "MultiLineString", "coordinates": [ [ [ 72.572916666666487, 35.231249999999442 ], [ 72.572916666666487, 35.227083333332779 ], [ 72.568749999999767, 35.22291666666613 ] ] ] } },
{ "type": "Feature", "properties": { "HYRIV_ID": 40505412, "NEXT_DOWN": 40506278, "MAIN_RIV": 41023100, "LENGTH_KM": 2.77, "DIST_DN_KM": 2006.7, "DIST_UP_KM": 100.4, "CATCH_SKM": 8.77, "UPLAND_SKM": 2660.9, "ENDORHEIC": 0, "DIS_AV_CMS": 56.568, "ORD_STRA": 4, "ORD_CLAS": 3, "ORD_FLOW": 5, "HYBAS_L12": 4120608060 }, "geometry": { "type": "MultiLineString", "coordinates": [ [ [ 72.568749999999767, 35.22291666666613 ], [ 72.564583333333104, 35.218749999999424 ], [ 72.560416666666441, 35.218749999999424 ], [ 72.550000000000367, 35.208333333333364 ] ] ] } },
{ "type": "Feature", "properties": { "HYRIV_ID": 40505415, "NEXT_DOWN": 40504549, "MAIN_RIV": 41023100, "LENGTH_KM": 5.26, "DIST_DN_KM": 1982.4, "DIST_UP_KM": 83.5, "CATCH_SKM": 15.78, "UPLAND_SKM": 1505.5, "ENDORHEIC": 0, "DIS_AV_CMS": 24.76, "ORD_STRA": 4, "ORD_CLAS": 2, "ORD_FLOW": 5, "HYBAS_L12": 4120606940 }, "geometry": { "type": "MultiLineString", "coordinates": [ [ [ 73.252083333333161, 35.20624999999945 ], [ 73.247916666666441, 35.20624999999945 ], [ 73.239583333333115, 35.214583333332762 ], [ 73.235416666666453, 35.214583333332762 ], [ 73.227083333333127, 35.22291666666613 ], [ 73.210416666666418, 35.22291666666613 ], [ 73.206249999999756, 35.227083333332779 ] ] ] } },
{ "type": "Feature", "properties": { "HYRIV_ID": 40505416, "NEXT_DOWN": 40505415, "MAIN_RIV": 41023100, "LENGTH_KM": 8.89, "DIST_DN_KM": 1987.4, "DIST_UP_KM": 78.4, "CATCH_SKM": 39.63, "UPLAND_SKM": 1337.0, "ENDORHEIC": 0, "DIS_AV_CMS": 20.765, "ORD_STRA": 4, "ORD_CLAS": 2, "ORD_FLOW": 5, "HYBAS_L12": 4120608290 }, "geometry": { "type": "MultiLineString", "coordinates": [ [ [ 73.335416666666418, 35.214583333332762 ], [ 73.31874999999971, 35.214583333332762 ], [ 73.314583333333104, 35.218749999999424 ], [ 73.310416666666384, 35.218749999999424 ], [ 73.306249999999721, 35.22291666666613 ], [ 73.293749999999733, 35.22291666666613 ], [ 73.28958333333307, 35.218749999999424 ], [ 73.285416666666407, 35.218749999999424 ], [ 73.277083333333195, 35.210416666666113 ], [ 73.272916666666475, 35.210416666666113 ], [ 73.268749999999812, 35.20624999999945 ], [ 73.252083333333161, 35.20624999999945 ] ] ] } },
{ "type": "Feature", "properties": { "HYRIV_ID": 40508712, "NEXT_DOWN": 40508312, "MAIN_RIV": 41023100, "LENGTH_KM": 3.19, "DIST_DN_KM": 1963.6, "DIST_UP_KM": 83.5, "CATCH_SKM": 5.97, "UPLAND_SKM": 1207.3, "ENDORHEIC": 0, "DIS_AV_CMS": 35.744, "ORD_STRA": 4, "ORD_CLAS": 2, "ORD_FLOW": 5, "HYBAS_L12": 4120610460 }, "geometry": { "type": "MultiLineString", "coordinates": [ [ [ 73.089583333333081, 35.118749999999459 ], [ 73.085416666666418, 35.122916666666107 ], [ 73.089583333333081, 35.12708333333277 ], [ 73.089583333333081, 35.131249999999476 ], [ 73.085416666666418, 35.135416666666124 ], [ 73.085416666666418, 35.14374999999945 ] ] ] } },
{ "type": "Feature", "properties": { "HYRIV_ID": 40509306, "NEXT_DOWN": 40508712, "MAIN_RIV": 41023100, "LENGTH_KM": 1.85, "DIST_DN_KM": 1966.8, "DIST_UP_KM": 80.3, "CATCH_SKM": 4.92, "UPLAND_SKM": 1177.5, "ENDORHEIC": 0, "DIS_AV_CMS": 34.926, "ORD_STRA": 4, "ORD_CLAS": 2, "ORD_FLOW": 5, "HYBAS_L12": 4120610460 }, "geometry": { "type": "MultiLineString", "coordinates": [ [ [ 73.089583333333081, 35.102083333332779 ], [ 73.089583333333081, 35.118749999999459 ] ] ] } },
{ "type": "Feature", "properties": { "HYRIV_ID": 40510343, "NEXT_DOWN": 40509306, "MAIN_RIV": 41023100, "LENGTH_KM": 3.65, "DIST_DN_KM": 1968.8, "DIST_UP_KM": 78.2, "CATCH_SKM": 11.94, "UPLAND_SKM": 1167.7, "ENDORHEIC": 0, "DIS_AV_CMS": 34.643, "ORD_STRA": 4, "ORD_CLAS": 2, "ORD_FLOW": 5, "HYBAS_L12": 4120610460 }, "geometry": { "type": "MultiLineString", "coordinates": [ [ [ 73.102083333333127, 35.072916666666124 ], [ 73.097916666666464, 35.077083333332787 ], [ 73.097916666666464, 35.089583333332762 ], [ 73.093749999999801, 35.093749999999424 ], [ 73.093749999999801, 35.097916666666116 ], [ 73.089583333333081, 35.102083333332779 ] ] ] } },
{ "type": "Feature", "properties": { "HYRIV_ID": 40510515, "NEXT_DOWN": 40510343, "MAIN_RIV": 41023100, "LENGTH_KM": 0.46, "DIST_DN_KM": 1972.3, "DIST_UP_KM": 74.7, "CATCH_SKM": 1.05, "UPLAND_SKM": 1139.7, "ENDORHEIC": 0, "DIS_AV_CMS": 33.851, "ORD_STRA": 4, "ORD_CLAS": 2, "ORD_FLOW": 5, "HYBAS_L12": 4121376340 }, "geometry": { "type": "MultiLineString", "coordinates": [ [ [ 73.102083333333127, 35.068749999999476 ], [ 73.102083333333127, 35.072916666666124 ] ] ] } },
{ "type": "Feature", "properties": { "HYRIV_ID": 40511184, "NEXT_DOWN": 40510515, "MAIN_RIV": 41023100, "LENGTH_KM": 2.4, "DIST_DN_KM": 1973.0, "DIST_UP_KM": 74.1, "CATCH_SKM": 4.57, "UPLAND_SKM": 1042.3, "ENDORHEIC": 0, "DIS_AV_CMS": 30.683, "ORD_STRA": 4, "ORD_CLAS": 2, "ORD_FLOW": 5, "HYBAS_L12": 4121376340 }, "geometry": { "type": "MultiLineString", "coordinates": [ [ [ 73.118749999999835, 35.052083333332753 ], [ 73.102083333333127, 35.068749999999476 ] ] ] } },
{ "type": "Feature", "properties": { "HYRIV_ID": 40511494, "NEXT_DOWN": 40511657, "MAIN_RIV": 41023100, "LENGTH_KM": 0.38, "DIST_DN_KM": 1983.3, "DIST_UP_KM": 63.8, "CATCH_SKM": 0.35, "UPLAND_SKM": 911.1, "ENDORHEIC": 0, "DIS_AV_CMS": 26.668, "ORD_STRA": 4, "ORD_CLAS": 2, "ORD_FLOW": 5, "HYBAS_L12": 4121376340 }, "geometry": { "type": "MultiLineString", "coordinates": [ [ [ 73.19791666666643, 35.043749999999442 ], [ 73.19374999999971, 35.043749999999442 ] ] ] } },
{ "type": "Feature", "properties": { "HYRIV_ID": 40511496, "NEXT_DOWN": 40511494, "MAIN_RIV": 41023100, "LENGTH_KM": 1.9, "DIST_DN_KM": 1983.7, "DIST_UP_KM": 63.4, "CATCH_SKM": 4.39, "UPLAND_SKM": 898.1, "ENDORHEIC": 0, "DIS_AV_CMS": 26.308, "ORD_STRA": 4, "ORD_CLAS": 2, "ORD_FLOW": 5, "HYBAS_L12": 4121376340 }, "geometry": { "type": "MultiLineString", "coordinates": [ [ [ 73.218749999999744, 35.043749999999442 ], [ 73.19791666666643, 35.043749999999442 ] ] ] } },
{ "type": "Feature", "properties": { "HYRIV_ID": 40511654, "NEXT_DOWN": 40511184, "MAIN_RIV": 41023100, "LENGTH_KM": 3.69, "DIST_DN_KM": 1975.2, "DIST_UP_KM": 71.9, "CATCH_SKM": 17.05, "UPLAND_SKM": 1033.0, "ENDORHEIC": 0, "DIS_AV_CMS": 30.403, "ORD_STRA": 4, "ORD_CLAS": 2, "ORD_FLOW": 5, "HYBAS_L12": 4121376340 }, "geometry": { "type": "MultiLineString", "coordinates": [ [ [ 73.152083333333081, 35.039583333332779 ], [ 73.147916666666532, 35.039583333332779 ], [ 73.13958333333315, 35.04791666666609 ], [ 73.127083333333161, 35.04791666666609 ], [ 73.122916666666498, 35.052083333332753 ], [ 73.118749999999835, 35.052083333332753 ] ] ] } },
{ "type": "Feature", "properties": { "HYRIV_ID": 40511655, "NEXT_DOWN": 40511654, "MAIN_RIV": 41023100, "LENGTH_KM": 0.38, "DIST_DN_KM": 1978.8, "DIST_UP_KM": 68.2, "CATCH_SKM": 0.35, "UPLAND_SKM": 995.7, "ENDORHEIC": 0, "DIS_AV_CMS": 29.266, "ORD_STRA": 4, "ORD_CLAS": 2, "ORD_FLOW": 5, "HYBAS_L12": 4121376340 }, "geometry": { "type": "MultiLineString", "coordinates": [ [ [ 73.156249999999744, 35.039583333332779 ], [ 73.152083333333081, 35.039583333332779 ] ] ] } },
{ "type": "Feature", "properties": { "HYRIV_ID": 40511657, "NEXT_DOWN": 40511810, "MAIN_RIV": 41023100, "LENGTH_KM": 0.6, "DIST_DN_KM": 1982.9, "DIST_UP_KM": 64.2, "CATCH_SKM": 0.18, "UPLAND_SKM": 917.6, "ENDORHEIC": 0, "DIS_AV_CMS": 26.852, "ORD_STRA": 4, "ORD_CLAS": 2, "ORD_FLOW": 5, "HYBAS_L12": 4121376340 }, "geometry": { "type": "MultiLineString", "coordinates": [ [ [ 73.19374999999971, 35.043749999999442 ], [ 73.189583333333104, 35.039583333332779 ] ] ] } },
{ "type": "Feature", "properties": { "HYRIV_ID": 40511805, "NEXT_DOWN": 40512546, "MAIN_RIV": 41023100, "LENGTH_KM": 1.66, "DIST_DN_KM": 1938.3, "DIST_UP_KM": 45.0, "CATCH_SKM": 1.93, "UPLAND_SKM": 504.8, "ENDORHEIC": 0, "DIS_AV_CMS": 15.082, "ORD_STRA": 4, "ORD_CLAS": 2, "ORD_FLOW": 5, "HYBAS_L12": 4120613730 }, "geometry": { "type": "MultiLineString", "coordinates": [ [ [ 72.893749999999756, 35.04791666666609 ], [ 72.893749999999756, 35.043749999999442 ], [ 72.902083333333081, 35.035416666666116 ] ] ] } },
{ "type": "Feature", "properties": { "HYRIV_ID": 40511809, "NEXT_DOWN": 40511655, "MAIN_RIV": 41023100, "LENGTH_KM": 1.36, "DIST_DN_KM": 1979.2, "DIST_UP_KM": 67.9, "CATCH_SKM": 4.04, "UPLAND_SKM": 991.5, "ENDORHEIC": 0, "DIS_AV_CMS": 29.145, "ORD_STRA": 4, "ORD_CLAS": 2, "ORD_FLOW": 5, "HYBAS_L12": 4121376340 }, "geometry": { "type": "MultiLineString", "coordinates": [ [ [ 73.168749999999733, 35.035416666666116 ], [ 73.16458333333307, 35.039583333332779 ], [ 73.156249999999744, 35.039583333332779 ] ] ] } },
{ "type": "Feature", "properties": { "HYRIV_ID": 40511810, "NEXT_DOWN": 40511809, "MAIN_RIV": 41023100, "LENGTH_KM": 2.12, "DIST_DN_KM": 1980.8, "DIST_UP_KM": 66.3, "CATCH_SKM": 7.21, "UPLAND_SKM": 963.4, "ENDORHEIC": 0, "DIS_AV_CMS": 28.265, "ORD_STRA": 4, "ORD_CLAS": 2, "ORD_FLOW": 5, "HYBAS_L12": 4121376340 }, "geometry": { "type": "MultiLineString", "coordinates": [ [ [ 73.189583333333104, 35.039583333332779 ], [ 73.172916666666396, 35.039583333332779 ], [ 73.168749999999733, 35.035416666666116 ] ] ] } },
{ "type": "Feature", "properties": { "HYRIV_ID": 40511965, "NEXT_DOWN": 40511496, "MAIN_RIV": 41023100, "LENGTH_KM": 4.45, "DIST_DN_KM": 1985.6, "DIST_UP_KM": 61.5, "CATCH_SKM": 17.75, "UPLAND_SKM": 868.6, "ENDORHEIC": 0, "DIS_AV_CMS": 25.504, "ORD_STRA": 4, "ORD_CLAS": 2, "ORD_FLOW": 5, "HYBAS_L12": 4121376690 }, "geometry": { "type": "MultiLineString", "coordinates": [ [ [ 73.260416666666487, 35.031249999999453 ], [ 73.25624999999971, 35.031249999999453 ], [ 73.252083333333161, 35.035416666666116 ], [ 73.23124999999979, 35.035416666666116 ], [ 73.222916666666407, 35.043749999999442 ], [ 73.218749999999744, 35.043749999999442 ] ] ] } },
{ "type": "Feature", "properties": { "HYRIV_ID": 40515832, "NEXT_DOWN": 40516696, "MAIN_RIV": 41023100, "LENGTH_KM": 4.84, "DIST_DN_KM": 1923.2, "DIST_UP_KM": 50.0, "CATCH_SKM": 13.02, "UPLAND_SKM": 676.1, "ENDORHEIC": 0, "DIS_AV_CMS": 22.338, "ORD_STRA": 4, "ORD_CLAS": 2, "ORD_FLOW": 5, "HYBAS_L12": 4120617160 }, "geometry": { "type": "MultiLineString", "coordinates": [ [ [ 72.835416666666475, 34.927083333332781 ], [ 72.839583333333138, 34.927083333332781 ], [ 72.843749999999801, 34.931249999999444 ], [ 72.852083333333127, 34.931249999999444 ], [ 72.85624999999979, 34.935416666666107 ], [ 72.872916666666384, 34.935416666666107 ], [ 72.877083333333161, 34.931249999999444 ], [ 72.88124999999971, 34.931249999999444 ] ] ] } },
{ "type": "Feature", "properties": { "HYRIV_ID": 40516694, "NEXT_DOWN": 40515832, "MAIN_RIV": 41023100, "LENGTH_KM": 3.98, "DIST_DN_KM": 1928.2, "DIST_UP_KM": 45.0, "CATCH_SKM": 12.15, "UPLAND_SKM": 639.1, "ENDORHEIC": 0, "DIS_AV_CMS": 21.06, "ORD_STRA": 4, "ORD_CLAS": 2, "ORD_FLOW": 5, "HYBAS_L12": 4120617160 }, "geometry": { "type": "MultiLineString", "coordinates": [ [ [ 72.806249999999778, 34.90208333333279 ], [ 72.810416666666441, 34.906249999999453 ], [ 72.814583333333104, 34.906249999999453 ], [ 72.835416666666475, 34.927083333332781 ] ] ] } },
{ "type": "Feature", "properties": { "HYRIV_ID": 40516698, "NEXT_DOWN": 40517190, "MAIN_RIV": 41023100, "LENGTH_KM": 2.66, "DIST_DN_KM": 1922.4, "DIST_UP_KM": 38.7, "CATCH_SKM": 6.16, "UPLAND_SKM": 434.0, "ENDORHEIC": 0, "DIS_AV_CMS": 16.307, "ORD_STRA": 4, "ORD_CLAS": 2, "ORD_FLOW": 5, "HYBAS_L12": 4120618380 }, "geometry": { "type": "MultiLineString", "coordinates": [ [ [ 72.94791666666643, 34.90208333333279 ], [ 72.918749999999733, 34.90208333333279 ] ] ] } },
{ "type": "Feature", "properties": { "HYRIV_ID": 40516864, "NEXT_DOWN": 40516698, "MAIN_RIV": 41023100, "LENGTH_KM": 2.12, "DIST_DN_KM": 1925.0, "DIST_UP_KM": 36.1, "CATCH_SKM": 5.99, "UPLAND_SKM": 423.1, "ENDORHEIC": 0, "DIS_AV_CMS": 15.914, "ORD_STRA": 4, "ORD_CLAS": 2, "ORD_FLOW": 5, "HYBAS_L12": 4120618380 }, "geometry": { "type": "MultiLineString", "coordinates": [ [ [ 72.968749999999801, 34.897916666666099 ], [ 72.964583333333138, 34.897916666666099 ], [ 72.960416666666418, 34.90208333333279 ], [ 72.94791666666643, 34.90208333333279 ] ] ] } },
{ "type": "Feature", "properties": { "HYRIV_ID": 40517040, "NEXT_DOWN": 40516694, "MAIN_RIV": 41023100, "LENGTH_KM": 1.2, "DIST_DN_KM": 1932.2, "DIST_UP_KM": 41.0, "CATCH_SKM": 1.76, "UPLAND_SKM": 622.9, "ENDORHEIC": 0, "DIS_AV_CMS": 20.483, "ORD_STRA": 4, "ORD_CLAS": 2, "ORD_FLOW": 5, "HYBAS_L12": 4120617160 }, "geometry": { "type": "MultiLineString", "coordinates": [ [ [ 72.797916666666396, 34.893749999999436 ], [ 72.806249999999778, 34.90208333333279 ] ] ] } },
{ "type": "Feature", "properties": { "HYRIV_ID": 40517186, "NEXT_DOWN": 40517187, "MAIN_RIV": 41023100, "LENGTH_KM": 2.66, "DIST_DN_KM": 1933.8, "DIST_UP_KM": 39.4, "CATCH_SKM": 8.1, "UPLAND_SKM": 581.9, "ENDORHEIC": 0, "DIS_AV_CMS": 19.079, "ORD_STRA": 4, "ORD_CLAS": 2, "ORD_FLOW": 5, "HYBAS_L12": 4120617160 }, "geometry": { "type": "MultiLineString", "coordinates": [ [ [ 72.764583333333093, 34.889583333332773 ], [ 72.793749999999733, 34.889583333332773 ] ] ] } },
{ "type": "Feature", "properties": { "HYRIV_ID": 40517187, "NEXT_DOWN": 40517040, "MAIN_RIV": 41023100, "LENGTH_KM": 0.6, "DIST_DN_KM": 1933.4, "DIST_UP_KM": 39.8, "CATCH_SKM": 0.53, "UPLAND_SKM": 608.0, "ENDORHEIC": 0, "DIS_AV_CMS": 19.974, "ORD_STRA": 4, "ORD_CLAS": 2, "ORD_FLOW": 5, "HYBAS_L12": 4120617160 }, "geometry": { "type": "MultiLineString", "coordinates": [ [ [ 72.793749999999733, 34.889583333332773 ], [ 72.797916666666396, 34.893749999999436 ] ] ] } },
{ "type": "Feature", "properties": { "HYRIV_ID": 40517190, "NEXT_DOWN": 40517340, "MAIN_RIV": 41023100, "LENGTH_KM": 4.84, "DIST_DN_KM": 1917.7, "DIST_UP_KM": 43.4, "CATCH_SKM": 9.86, "UPLAND_SKM": 451.6, "ENDORHEIC": 0, "DIS_AV_CMS": 16.94, "ORD_STRA": 4, "ORD_CLAS": 2, "ORD_FLOW": 5, "HYBAS_L12": 4120618380 }, "geometry": { "type": "MultiLineString", "coordinates": [ [ [ 72.918749999999733, 34.90208333333279 ], [ 72.889583333333206, 34.90208333333279 ], [ 72.885416666666544, 34.897916666666099 ], [ 72.88124999999971, 34.897916666666099 ], [ 72.872916666666384, 34.889583333332773 ] ] ] } },
{ "type": "Feature", "properties": { "HYRIV_ID": 40517495, "NEXT_DOWN": 40516864, "MAIN_RIV": 41023100, "LENGTH_KM": 3.92, "DIST_DN_KM": 1927.3, "DIST_UP_KM": 33.8, "CATCH_SKM": 6.51, "UPLAND_SKM": 385.2, "ENDORHEIC": 0, "DIS_AV_CMS": 14.62, "ORD_STRA": 4, "ORD_CLAS": 2, "ORD_FLOW": 5, "HYBAS_L12": 4120618380 }, "geometry": { "type": "MultiLineString", "coordinates": [ [ [ 73.002083333333161, 34.881249999999461 ], [ 72.993749999999835, 34.881249999999461 ], [ 72.989583333333172, 34.885416666666124 ], [ 72.985416666666453, 34.885416666666124 ], [ 72.98124999999979, 34.889583333332773 ], [ 72.977083333333127, 34.889583333332773 ], [ 72.968749999999801, 34.897916666666099 ] ] ] } },
{ "type": "Feature", "properties": { "HYRIV_ID": 40517767, "NEXT_DOWN": 40517495, "MAIN_RIV": 41023100, "LENGTH_KM": 1.58, "DIST_DN_KM": 1931.0, "DIST_UP_KM": 30.1, "CATCH_SKM": 2.64, "UPLAND_SKM": 368.3, "ENDORHEIC": 0, "DIS_AV_CMS": 13.986, "ORD_STRA": 4, "ORD_CLAS": 2, "ORD_FLOW": 5, "HYBAS_L12": 4120618380 }, "geometry": { "type": "MultiLineString", "coordinates": [ [ [ 73.014583333333206, 34.872916666666107 ], [ 73.00624999999971, 34.881249999999461 ], [ 73.002083333333161, 34.881249999999461 ] ] ] } },
{ "type": "Feature", "properties": { "HYRIV_ID": 40518501, "NEXT_DOWN": 40517767, "MAIN_RIV": 41023100, "LENGTH_KM": 2.73, "DIST_DN_KM": 1932.6, "DIST_UP_KM": 28.5, "CATCH_SKM": 5.46, "UPLAND_SKM": 305.5, "ENDORHEIC": 0, "DIS_AV_CMS": 11.701, "ORD_STRA": 4, "ORD_CLAS": 2, "ORD_FLOW": 5, "HYBAS_L12": 4120618380 }, "geometry": { "type": "MultiLineString", "coordinates": [ [ [ 73.027083333333081, 34.852083333332764 ], [ 73.027083333333081, 34.856249999999427 ], [ 73.014583333333206, 34.868749999999444 ], [ 73.014583333333206, 34.872916666666107 ] ] ] } },
{ "type": "Feature", "properties": { "HYRIV_ID": 40518965, "NEXT_DOWN": 40518501, "MAIN_RIV": 41023100, "LENGTH_KM": 2.94, "DIST_DN_KM": 1935.5, "DIST_UP_KM": 25.6, "CATCH_SKM": 4.93, "UPLAND_SKM": 296.7, "ENDORHEIC": 0, "DIS_AV_CMS": 11.274, "ORD_STRA": 4, "ORD_CLAS": 2, "ORD_FLOW": 5, "HYBAS_L12": 4120618380 }, "geometry": { "type": "MultiLineString", "coordinates": [ [ [ 73.052083333333059, 34.839583333332747 ], [ 73.047916666666396, 34.839583333332747 ], [ 73.043749999999733, 34.843749999999453 ], [ 73.035416666666407, 34.843749999999453 ], [ 73.027083333333081, 34.852083333332764 ] ] ] } },
{ "type": "Feature", "properties": { "HYRIV_ID": 40519116, "NEXT_DOWN": 40518965, "MAIN_RIV": 41023100, "LENGTH_KM": 0.6, "DIST_DN_KM": 1938.5, "DIST_UP_KM": 22.7, "CATCH_SKM": 2.82, "UPLAND_SKM": 288.2, "ENDORHEIC": 0, "DIS_AV_CMS": 10.838, "ORD_STRA": 4, "ORD_CLAS": 2, "ORD_FLOW": 5, "HYBAS_L12": 4120618380 }, "geometry": { "type": "MultiLineString", "coordinates": [ [ [ 73.056249999999778, 34.835416666666127 ], [ 73.052083333333059, 34.839583333332747 ] ] ] } },
{ "type": "Feature", "properties": { "HYRIV_ID": 40519769, "NEXT_DOWN": 40519116, "MAIN_RIV": 41023100, "LENGTH_KM": 3.92, "DIST_DN_KM": 1939.1, "DIST_UP_KM": 22.1, "CATCH_SKM": 10.4, "UPLAND_SKM": 274.6, "ENDORHEIC": 0, "DIS_AV_CMS": 10.315, "ORD_STRA": 4, "ORD_CLAS": 2, "ORD_FLOW": 5, "HYBAS_L12": 4120618380 }, "geometry": { "type": "MultiLineString", "coordinates": [ [ [ 73.089583333333081, 34.818749999999461 ], [ 73.085416666666418, 34.818749999999461 ], [ 73.081249999999756, 34.82291666666611 ], [ 73.07291666666643, 34.82291666666611 ], [ 73.064583333333104, 34.831249999999478 ], [ 73.060416666666384, 34.831249999999478 ], [ 73.056249999999778, 34.835416666666127 ] ] ] } },
{ "type": "Feature", "properties": { "HYRIV_ID": 40519770, "NEXT_DOWN": 40519769, "MAIN_RIV": 41023100, "LENGTH_KM": 0.6, "DIST_DN_KM": 1943.0, "DIST_UP_KM": 18.2, "CATCH_SKM": 0.35, "UPLAND_SKM": 245.9, "ENDORHEIC": 0, "DIS_AV_CMS": 9.085, "ORD_STRA": 4, "ORD_CLAS": 2, "ORD_FLOW": 6, "HYBAS_L12": 4120618380 }, "geometry": { "type": "MultiLineString", "coordinates": [ [ [ 73.093749999999801, 34.82291666666611 ], [ 73.089583333333081, 34.818749999999461 ] ] ] } },
{ "type": "Feature", "properties": { "HYRIV_ID": 40494770, "NEXT_DOWN": 40495095, "MAIN_RIV": 41023100, "LENGTH_KM": 6.0, "DIST_DN_KM": 2041.6, "DIST_UP_KM": 65.5, "CATCH_SKM": 16.6, "UPLAND_SKM": 1212.8, "ENDORHEIC": 0, "DIS_AV_CMS": 25.079, "ORD_STRA": 4, "ORD_CLAS": 3, "ORD_FLOW": 5, "HYBAS_L12": 4120599230 }, "geometry": { "type": "MultiLineString", "coordinates": [ [ [ 72.591132063862432, 35.481249999999456 ], [ 72.593749999999801, 35.481249999999456 ] ] ] } },
{ "type": "Feature", "properties": { "HYRIV_ID": 40495095, "NEXT_DOWN": 40495444, "MAIN_RIV": 41023100, "LENGTH_KM": 1.06, "DIST_DN_KM": 2040.7, "DIST_UP_KM": 66.4, "CATCH_SKM": 2.97, "UPLAND_SKM": 2011.5, "ENDORHEIC": 0, "DIS_AV_CMS": 38.152, "ORD_STRA": 4, "ORD_CLAS": 3, "ORD_FLOW": 5, "HYBAS_L12": 4120603350 }, "geometry": { "type": "MultiLineString", "coordinates": [ [ [ 72.593749999999801, 35.481249999999456 ], [ 72.593749999999801, 35.47708333333275 ], [ 72.589583333333138, 35.472916666666102 ] ] ] } },
{ "type": "Feature", "properties": { "HYRIV_ID": 40495444, "NEXT_DOWN": 40495939, "MAIN_RIV": 41023100, "LENGTH_KM": 1.2, "DIST_DN_KM": 2039.5, "DIST_UP_KM": 67.6, "CATCH_SKM": 1.75, "UPLAND_SKM": 2030.7, "ENDORHEIC": 0, "DIS_AV_CMS": 38.629, "ORD_STRA": 4, "ORD_CLAS": 3, "ORD_FLOW": 5, "HYBAS_L12": 4120603350 }, "geometry": { "type": "MultiLineString", "coordinates": [ [ [ 72.589583333333138, 35.472916666666102 ], [ 72.597916666666521, 35.464583333332776 ] ] ] } },
{ "type": "Feature", "properties": { "HYRIV_ID": 40495939, "NEXT_DOWN": 40496399, "MAIN_RIV": 41023100, "LENGTH_KM": 1.39, "DIST_DN_KM": 2038.0, "DIST_UP_KM": 69.2, "CATCH_SKM": 3.67, "UPLAND_SKM": 2078.1, "ENDORHEIC": 0, "DIS_AV_CMS": 39.844, "ORD_STRA": 4, "ORD_CLAS": 3, "ORD_FLOW": 5, "HYBAS_L12": 4120603350 }, "geometry": { "type": "MultiLineString", "coordinates": [ [ [ 72.597916666666521, 35.464583333332776 ], [ 72.597916666666521, 35.452083333332801 ] ] ] } },
{ "type": "Feature", "properties": { "HYRIV_ID": 40496399, "NEXT_DOWN": 40496884, "MAIN_RIV": 41023100, "LENGTH_KM": 1.66, "DIST_DN_KM": 2036.5, "DIST_UP_KM": 70.7, "CATCH_SKM": 2.8, "UPLAND_SKM": 2086.4, "ENDORHEIC": 0, "DIS_AV_CMS": 40.072, "ORD_STRA": 4, "ORD_CLAS": 3, "ORD_FLOW": 5, "HYBAS_L12": 4120603350 }, "geometry": { "type": "MultiLineString", "coordinates": [ [ [ 72.597916666666521, 35.452083333332801 ], [ 72.602083333333184, 35.44791666666611 ], [ 72.602083333333184, 35.443749999999447 ], [ 72.606249999999733, 35.439583333332784 ] ] ] } },
{ "type": "Feature", "properties": { "HYRIV_ID": 40496884, "NEXT_DOWN": 40497527, "MAIN_RIV": 41023100, "LENGTH_KM": 1.39, "DIST_DN_KM": 2034.9, "DIST_UP_KM": 72.2, "CATCH_SKM": 2.8, "UPLAND_SKM": 2098.6, "ENDORHEIC": 0, "DIS_AV_CMS": 40.396, "ORD_STRA": 4, "ORD_CLAS": 3, "ORD_FLOW": 5, "HYBAS_L12": 4120603350 }, "geometry": { "type": "MultiLineString", "coordinates": [ [ [ 72.606249999999733, 35.439583333332784 ], [ 72.606249999999733, 35.427083333332767 ] ] ] } },
{ "type": "Feature", "properties": { "HYRIV_ID": 40497527, "NEXT_DOWN": 40497708, "MAIN_RIV": 41023100, "LENGTH_KM": 1.99, "DIST_DN_KM": 2032.9, "DIST_UP_KM": 74.2, "CATCH_SKM": 6.12, "UPLAND_SKM": 2124.5, "ENDORHEIC": 0, "DIS_AV_CMS": 41.077, "ORD_STRA": 4, "ORD_CLAS": 3, "ORD_FLOW": 5, "HYBAS_L12": 4120603350 }, "geometry": { "type": "MultiLineString", "coordinates": [ [ [ 72.606249999999733, 35.427083333332767 ], [ 72.602083333333184, 35.422916666666104 ], [ 72.602083333333184, 35.410416666666087 ] ] ] } },
{ "type": "Feature", "properties": { "HYRIV_ID": 40497708, "NEXT_DOWN": 40497860, "MAIN_RIV": 41023100, "LENGTH_KM": 0.6, "DIST_DN_KM": 2032.5, "DIST_UP_KM": 74.7, "CATCH_SKM": 0.35, "UPLAND_SKM": 2135.3, "ENDORHEIC": 0, "DIS_AV_CMS": 41.363, "ORD_STRA": 4, "ORD_CLAS": 3, "ORD_FLOW": 5, "HYBAS_L12": 4120603350 }, "geometry": { "type": "MultiLineString", "coordinates": [ [ [ 72.602083333333184, 35.410416666666087 ], [ 72.606249999999733, 35.406249999999481 ] ] ] } },
{ "type": "Feature", "properties": { "HYRIV_ID": 40497860, "NEXT_DOWN": 40498446, "MAIN_RIV": 41023100, "LENGTH_KM": 0.46, "DIST_DN_KM": 2031.8, "DIST_UP_KM": 75.3, "CATCH_SKM": 0.7, "UPLAND_SKM": 2142.2, "ENDORHEIC": 0, "DIS_AV_CMS": 41.546, "ORD_STRA": 4, "ORD_CLAS": 3, "ORD_FLOW": 5, "HYBAS_L12": 4120603350 }, "geometry": { "type": "MultiLineString", "coordinates": [ [ [ 72.606249999999733, 35.406249999999481 ], [ 72.606249999999733, 35.402083333332776 ] ] ] } },
{ "type": "Feature", "properties": { "HYRIV_ID": 40498446, "NEXT_DOWN": 40499382, "MAIN_RIV": 41023100, "LENGTH_KM": 2.12, "DIST_DN_KM": 2029.7, "DIST_UP_KM": 77.4, "CATCH_SKM": 5.07, "UPLAND_SKM": 2151.8, "ENDORHEIC": 0, "DIS_AV_CMS": 41.83, "ORD_STRA": 4, "ORD_CLAS": 3, "ORD_FLOW": 5, "HYBAS_L12": 4120603350 }, "geometry": { "type": "MultiLineString", "coordinates": [ [ [ 72.606249999999733, 35.402083333332776 ], [ 72.610416666666509, 35.397916666666113 ], [ 72.610416666666509, 35.393749999999464 ], [ 72.606249999999733, 35.389583333332801 ], [ 72.606249999999733, 35.385416666666096 ] ] ] } },
{ "type": "Feature", "properties": { "HYRIV_ID": 40499382, "NEXT_DOWN": 40500471, "MAIN_RIV": 41023100, "LENGTH_KM": 3.05, "DIST_DN_KM": 2026.8, "DIST_UP_KM": 80.3, "CATCH_SKM": 8.75, "UPLAND_SKM": 2172.6, "ENDORHEIC": 0, "DIS_AV_CMS": 42.427, "ORD_STRA": 4, "ORD_CLAS": 3, "ORD_FLOW": 5, "HYBAS_L12": 4120603350 }, "geometry": { "type": "MultiLineString", "coordinates": [ [ [ 72.606249999999733, 35.385416666666096 ], [ 72.602083333333184, 35.381249999999447 ], [ 72.602083333333184, 35.364583333332767 ], [ 72.606249999999733, 35.360416666666104 ] ] ] } },
{ "type": "Feature", "properties": { "HYRIV_ID": 40539944, "NEXT_DOWN": 40539405, "MAIN_RIV": 41023100, "LENGTH_KM": 3.94, "DIST_DN_KM": 2556.4, "DIST_UP_KM": 113.4, "CATCH_SKM": 19.53, "UPLAND_SKM": 2007.6, "ENDORHEIC": 0, "DIS_AV_CMS": 38.5, "ORD_STRA": 4, "ORD_CLAS": 2, "ORD_FLOW": 5, "HYBAS_L12": 4120637080 }, "geometry": { "type": "MultiLineString", "coordinates": [ [ [ 75.935416666666498, 34.206249999999493 ], [ 75.947916666666373, 34.218749999999467 ], [ 75.964583333333024, 34.218749999999467 ], [ 75.968749999999687, 34.222916666666116 ] ] ] } },
{ "type": "Feature", "properties": { "HYRIV_ID": 40540103, "NEXT_DOWN": 40539944, "MAIN_RIV": 41023100, "LENGTH_KM": 0.6, "DIST_DN_KM": 2560.3, "DIST_UP_KM": 109.5, "CATCH_SKM": 0.35, "UPLAND_SKM": 1973.9, "ENDORHEIC": 0, "DIS_AV_CMS": 37.817, "ORD_STRA": 4, "ORD_CLAS": 2, "ORD_FLOW": 5, "HYBAS_L12": 4120637080 }, "geometry": { "type": "MultiLineString", "coordinates": [ [ [ 75.931249999999665, 34.202083333332787 ], [ 75.935416666666498, 34.206249999999493 ] ] ] } },
{ "type": "Feature", "properties": { "HYRIV_ID": 40541880, "NEXT_DOWN": 40540103, "MAIN_RIV": 41023100, "LENGTH_KM": 6.85, "DIST_DN_KM": 2560.7, "DIST_UP_KM": 109.0, "CATCH_SKM": 33.56, "UPLAND_SKM": 1963.6, "ENDORHEIC": 0, "DIS_AV_CMS": 37.598, "ORD_STRA": 4, "ORD_CLAS": 2, "ORD_FLOW": 5, "HYBAS_L12": 4120637080 }, "geometry": { "type": "MultiLineString", "coordinates": [ [ [ 75.956249999999699, 34.147916666666141 ], [ 75.956249999999699, 34.156249999999467 ], [ 75.952083333333036, 34.160416666666116 ], [ 75.952083333333036, 34.164583333332779 ], [ 75.935416666666498, 34.181249999999459 ], [ 75.935416666666498, 34.18958333333277 ], [ 75.931249999999665, 34.193749999999476 ], [ 75.931249999999665, 34.202083333332787 ] ] ] } },
{ "type": "Feature", "properties": { "HYRIV_ID": 40542033, "NEXT_DOWN": 40541880, "MAIN_RIV": 41023100, "LENGTH_KM": 0.46, "DIST_DN_KM": 2567.6, "DIST_UP_KM": 102.1, "CATCH_SKM": 0.71, "UPLAND_SKM": 1901.1, "ENDORHEIC": 0, "DIS_AV_CMS": 36.334, "ORD_STRA": 4, "ORD_CLAS": 2, "ORD_FLOW": 5, "HYBAS_L12": 4120637080 }, "geometry": { "type": "MultiLineString", "coordinates": [ [ [ 75.956249999999699, 34.14374999999945 ], [ 75.956249999999699, 34.147916666666141 ] ] ] } },
{ "type": "Feature", "properties": { "HYRIV_ID": 40554423, "NEXT_DOWN": 40555003, "MAIN_RIV": 41023100, "LENGTH_KM": 2.87, "DIST_DN_KM": 2029.0, "DIST_UP_KM": 49.9, "CATCH_SKM": 11.42, "UPLAND_SKM": 703.8, "ENDORHEIC": 0, "DIS_AV_CMS": 17.1, "ORD_STRA": 4, "ORD_CLAS": 5, "ORD_FLOW": 5, "HYBAS_L12": 4120652290 }, "geometry": { "type": "MultiLineString", "coordinates": [ [ [ 75.889583333333093, 33.772916666666127 ], [ 75.88541666666643, 33.768749999999464 ], [ 75.88541666666643, 33.764583333332816 ], [ 75.872916666666384, 33.752083333332799 ] ] ] } },
{ "type": "Feature", "properties": { "HYRIV_ID": 40555003, "NEXT_DOWN": 40555719, "MAIN_RIV": 41023100, "LENGTH_KM": 1.99, "DIST_DN_KM": 2026.8, "DIST_UP_KM": 52.0, "CATCH_SKM": 4.64, "UPLAND_SKM": 1162.7, "ENDORHEIC": 0, "DIS_AV_CMS": 29.516, "ORD_STRA": 4, "ORD_CLAS": 5, "ORD_FLOW": 5, "HYBAS_L12": 4120655460 }, "geometry": { "type": "MultiLineString", "coordinates": [ [ [ 75.872916666666384, 33.752083333332799 ], [ 75.872916666666384, 33.747916666666136 ], [ 75.877083333333047, 33.743749999999473 ], [ 75.877083333333047, 33.735416666666161 ] ] ] } },
{ "type": "Feature", "properties": { "HYRIV_ID": 40555719, "NEXT_DOWN": 40556125, "MAIN_RIV": 41023100, "LENGTH_KM": 2.46, "DIST_DN_KM": 2024.4, "DIST_UP_KM": 54.5, "CATCH_SKM": 4.82, "UPLAND_SKM": 1180.2, "ENDORHEIC": 0, "DIS_AV_CMS": 30.021, "ORD_STRA": 4, "ORD_CLAS": 5, "ORD_FLOW": 5, "HYBAS_L12": 4120655460 }, "geometry": { "type": "MultiLineString", "coordinates": [ [ [ 75.877083333333047, 33.735416666666161 ], [ 75.877083333333047, 33.722916666666144 ], [ 75.872916666666384, 33.718749999999439 ], [ 75.872916666666384, 33.714583333332776 ] ] ] } },
{ "type": "Feature", "properties": { "HYRIV_ID": 40556125, "NEXT_DOWN": 40556388, "MAIN_RIV": 41023100, "LENGTH_KM": 1.81, "DIST_DN_KM": 2022.7, "DIST_UP_KM": 56.1, "CATCH_SKM": 5.54, "UPLAND_SKM": 1250.5, "ENDORHEIC": 0, "DIS_AV_CMS": 31.958, "ORD_STRA": 4, "ORD_CLAS": 5, "ORD_FLOW": 5, "HYBAS_L12": 4120655460 }, "geometry": { "type": "MultiLineString", "coordinates": [ [ [ 75.872916666666384, 33.714583333332776 ], [ 75.860416666666396, 33.702083333332801 ] ] ] } },
{ "type": "Feature", "properties": { "HYRIV_ID": 40556388, "NEXT_DOWN": 40556933, "MAIN_RIV": 41023100, "LENGTH_KM": 1.21, "DIST_DN_KM": 2021.5, "DIST_UP_KM": 57.3, "CATCH_SKM": 5.89, "UPLAND_SKM": 1277.5, "ENDORHEIC": 0, "DIS_AV_CMS": 32.724, "ORD_STRA": 4, "ORD_CLAS": 5, "ORD_FLOW": 5, "HYBAS_L12": 4120655460 }, "geometry": { "type": "MultiLineString", "coordinates": [ [ [ 75.860416666666396, 33.702083333332801 ], [ 75.852083333333013, 33.693749999999447 ] ] ] } },
{ "type": "Feature", "properties": { "HYRIV_ID": 40556933, "NEXT_DOWN": 40557201, "MAIN_RIV": 41023100, "LENGTH_KM": 2.41, "DIST_DN_KM": 2019.1, "DIST_UP_KM": 59.8, "CATCH_SKM": 8.75, "UPLAND_SKM": 1290.5, "ENDORHEIC": 0, "DIS_AV_CMS": 33.114, "ORD_STRA": 4, "ORD_CLAS": 5, "ORD_FLOW": 5, "HYBAS_L12": 4120655460 }, "geometry": { "type": "MultiLineString", "coordinates": [ [ [ 75.852083333333013, 33.693749999999447 ], [ 75.835416666666362, 33.67708333333281 ] ] ] } },
{ "type": "Feature", "properties": { "HYRIV_ID": 40557201, "NEXT_DOWN": 40557329, "MAIN_RIV": 41023100, "LENGTH_KM": 1.07, "DIST_DN_KM": 2018.0, "DIST_UP_KM": 60.8, "CATCH_SKM": 1.97, "UPLAND_SKM": 1302.1, "ENDORHEIC": 0, "DIS_AV_CMS": 33.456, "ORD_STRA": 4, "ORD_CLAS": 5, "ORD_FLOW": 5, "HYBAS_L12": 4120655460 }, "geometry": { "type": "MultiLineString", "coordinates": [ [ [ 75.835416666666362, 33.67708333333281 ], [ 75.835416666666362, 33.672916666666161 ], [ 75.831249999999699, 33.668749999999456 ] ] ] } },
{ "type": "Feature", "properties": { "HYRIV_ID": 40557329, "NEXT_DOWN": 40557629, "MAIN_RIV": 41023100, "LENGTH_KM": 1.37, "DIST_DN_KM": 2016.5, "DIST_UP_KM": 62.4, "CATCH_SKM": 2.5, "UPLAND_SKM": 1330.2, "ENDORHEIC": 0, "DIS_AV_CMS": 34.269, "ORD_STRA": 4, "ORD_CLAS": 5, "ORD_FLOW": 5, "HYBAS_L12": 4120655460 }, "geometry": { "type": "MultiLineString", "coordinates": [ [ [ 75.831249999999699, 33.668749999999456 ], [ 75.827083333333036, 33.664583333332793 ], [ 75.81874999999971, 33.664583333332793 ] ] ] } },
{ "type": "Feature", "properties": { "HYRIV_ID": 40557629, "NEXT_DOWN": 40557732, "MAIN_RIV": 41023100, "LENGTH_KM": 2.75, "DIST_DN_KM": 2013.9, "DIST_UP_KM": 64.9, "CATCH_SKM": 10.18, "UPLAND_SKM": 1354.7, "ENDORHEIC": 0, "DIS_AV_CMS": 35.005, "ORD_STRA": 4, "ORD_CLAS": 5, "ORD_FLOW": 5, "HYBAS_L12": 4120655460 }, "geometry": { "type": "MultiLineString", "coordinates": [ [ [ 75.81874999999971, 33.664583333332793 ], [ 75.802083333333115, 33.664583333332793 ], [ 75.79374999999979, 33.656249999999481 ] ] ] } },
{ "type": "Feature", "properties": { "HYRIV_ID": 40557731, "NEXT_DOWN": 40557865, "MAIN_RIV": 41023100, "LENGTH_KM": 7.04, "DIST_DN_KM": 2005.5, "DIST_UP_KM": 73.3, "CATCH_SKM": 24.12, "UPLAND_SKM": 1404.5, "ENDORHEIC": 0, "DIS_AV_CMS": 36.558, "ORD_STRA": 4, "ORD_CLAS": 5, "ORD_FLOW": 5, "HYBAS_L12": 4120655460 }, "geometry": { "type": "MultiLineString", "coordinates": [ [ [ 75.781249999999801, 33.652083333332776 ], [ 75.777083333333081, 33.652083333332776 ], [ 75.772916666666418, 33.656249999999481 ], [ 75.768749999999756, 33.656249999999481 ], [ 75.764583333333093, 33.660416666666144 ], [ 75.731249999999733, 33.660416666666144 ], [ 75.727083333333013, 33.656249999999481 ], [ 75.718749999999687, 33.656249999999481 ], [ 75.714583333333024, 33.652083333332776 ] ] ] } },
{ "type": "Feature", "properties": { "HYRIV_ID": 40557732, "NEXT_DOWN": 40557731, "MAIN_RIV": 41023100, "LENGTH_KM": 1.37, "DIST_DN_KM": 2012.3, "DIST_UP_KM": 66.5, "CATCH_SKM": 4.11, "UPLAND_SKM": 1375.6, "ENDORHEIC": 0, "DIS_AV_CMS": 35.625, "ORD_STRA": 4, "ORD_CLAS": 5, "ORD_FLOW": 5, "HYBAS_L12": 4120655460 }, "geometry": { "type": "MultiLineString", "coordinates": [ [ [ 75.79374999999979, 33.656249999999481 ], [ 75.789583333333013, 33.656249999999481 ], [ 75.785416666666464, 33.652083333332776 ], [ 75.781249999999801, 33.652083333332776 ] ] ] } },
{ "type": "Feature", "properties": { "HYRIV_ID": 40557865, "NEXT_DOWN": 40557999, "MAIN_RIV": 41023100, "LENGTH_KM": 0.46, "DIST_DN_KM": 2004.9, "DIST_UP_KM": 105.1, "CATCH_SKM": 0.54, "UPLAND_SKM": 2894.6, "ENDORHEIC": 0, "DIS_AV_CMS": 77.257, "ORD_STRA": 4, "ORD_CLAS": 4, "ORD_FLOW": 5, "HYBAS_L12": 4120659960 }, "geometry": { "type": "MultiLineString", "coordinates": [ [ [ 75.714583333333024, 33.652083333332776 ], [ 75.714583333333024, 33.647916666666127 ] ] ] } },
{ "type": "Feature", "properties": { "HYRIV_ID": 40557999, "NEXT_DOWN": 40558616, "MAIN_RIV": 41023100, "LENGTH_KM": 0.46, "DIST_DN_KM": 2004.4, "DIST_UP_KM": 105.5, "CATCH_SKM": 1.43, "UPLAND_SKM": 2900.5, "ENDORHEIC": 0, "DIS_AV_CMS": 77.441, "ORD_STRA": 4, "ORD_CLAS": 4, "ORD_FLOW": 5, "HYBAS_L12": 4120659960 }, "geometry": { "type": "MultiLineString", "coordinates": [ [ [ 75.714583333333024, 33.647916666666127 ], [ 75.714583333333024, 33.643749999999464 ] ] ] } },
{ "type": "Feature", "properties": { "HYRIV_ID": 40558616, "NEXT_DOWN": 40558832, "MAIN_RIV": 41023100, "LENGTH_KM": 2.32, "DIST_DN_KM": 2002.1, "DIST_UP_KM": 107.8, "CATCH_SKM": 4.83, "UPLAND_SKM": 2934.7, "ENDORHEIC": 0, "DIS_AV_CMS": 78.5, "ORD_STRA": 4, "ORD_CLAS": 4, "ORD_FLOW": 5, "HYBAS_L12": 4120659960 }, "geometry": { "type": "MultiLineString", "coordinates": [ [ [ 75.714583333333024, 33.643749999999464 ], [ 75.714583333333024, 33.622916666666121 ] ] ] } },
{ "type": "Feature", "properties": { "HYRIV_ID": 40558832, "NEXT_DOWN": 40559212, "MAIN_RIV": 41023100, "LENGTH_KM": 1.07, "DIST_DN_KM": 2001.0, "DIST_UP_KM": 108.9, "CATCH_SKM": 1.97, "UPLAND_SKM": 2957.2, "ENDORHEIC": 0, "DIS_AV_CMS": 79.186, "ORD_STRA": 4, "ORD_CLAS": 4, "ORD_FLOW": 5, "HYBAS_L12": 4120659960 }, "geometry": { "type": "MultiLineString", "coordinates": [ [ [ 75.714583333333024, 33.622916666666121 ], [ 75.718749999999687, 33.618749999999473 ], [ 75.718749999999687, 33.61458333333281 ] ] ] } },
{ "type": "Feature", "properties": { "HYRIV_ID": 40559212, "NEXT_DOWN": 40559331, "MAIN_RIV": 41023100, "LENGTH_KM": 2.19, "DIST_DN_KM": 1998.8, "DIST_UP_KM": 111.1, "CATCH_SKM": 8.22, "UPLAND_SKM": 2972.2, "ENDORHEIC": 0, "DIS_AV_CMS": 79.676, "ORD_STRA": 4, "ORD_CLAS": 4, "ORD_FLOW": 5, "HYBAS_L12": 4120659960 }, "geometry": { "type": "MultiLineString", "coordinates": [ [ [ 75.718749999999687, 33.61458333333281 ], [ 75.731249999999733, 33.602083333332793 ], [ 75.735416666666396, 33.602083333332793 ] ] ] } },
{ "type": "Feature", "properties": { "HYRIV_ID": 40559331, "NEXT_DOWN": 40559835, "MAIN_RIV": 41023100, "LENGTH_KM": 0.99, "DIST_DN_KM": 1998.0, "DIST_UP_KM": 111.9, "CATCH_SKM": 3.58, "UPLAND_SKM": 2990.6, "ENDORHEIC": 0, "DIS_AV_CMS": 80.242, "ORD_STRA": 4, "ORD_CLAS": 4, "ORD_FLOW": 5, "HYBAS_L12": 4120659960 }, "geometry": { "type": "MultiLineString", "coordinates": [ [ [ 75.735416666666396, 33.602083333332793 ], [ 75.739583333333059, 33.602083333332793 ], [ 75.743749999999721, 33.59791666666613 ] ] ] } },
{ "type": "Feature", "properties": { "HYRIV_ID": 40559835, "NEXT_DOWN": 40559965, "MAIN_RIV": 41023100, "LENGTH_KM": 4.73, "DIST_DN_KM": 1993.3, "DIST_UP_KM": 116.6, "CATCH_SKM": 21.64, "UPLAND_SKM": 3016.2, "ENDORHEIC": 0, "DIS_AV_CMS": 81.116, "ORD_STRA": 4, "ORD_CLAS": 4, "ORD_FLOW": 5, "HYBAS_L12": 4120659960 }, "geometry": { "type": "MultiLineString", "coordinates": [ [ [ 75.743749999999721, 33.59791666666613 ], [ 75.752083333333047, 33.59791666666613 ], [ 75.756249999999767, 33.593749999999481 ], [ 75.768749999999756, 33.593749999999481 ], [ 75.772916666666418, 33.589583333332818 ], [ 75.777083333333081, 33.589583333332818 ], [ 75.785416666666464, 33.581249999999464 ] ] ] } },
{ "type": "Feature", "properties": { "HYRIV_ID": 40559965, "NEXT_DOWN": 40563108, "MAIN_RIV": 41023100, "LENGTH_KM": 0.6, "DIST_DN_KM": 1992.7, "DIST_UP_KM": 117.2, "CATCH_SKM": 0.36, "UPLAND_SKM": 3027.1, "ENDORHEIC": 0, "DIS_AV_CMS": 81.444, "ORD_STRA": 4, "ORD_CLAS": 4, "ORD_FLOW": 5, "HYBAS_L12": 4120659960 }, "geometry": { "type": "MultiLineString", "coordinates": [ [ [ 75.785416666666464, 33.581249999999464 ], [ 75.789583333333013, 33.577083333332801 ] ] ] } },
{ "type": "Feature", "properties": { "HYRIV_ID": 40563108, "NEXT_DOWN": 40563233, "MAIN_RIV": 41023100, "LENGTH_KM": 14.23, "DIST_DN_KM": 1978.3, "DIST_UP_KM": 131.7, "CATCH_SKM": 55.3, "UPLAND_SKM": 3087.2, "ENDORHEIC": 0, "DIS_AV_CMS": 83.574, "ORD_STRA": 4, "ORD_CLAS": 4, "ORD_FLOW": 5, "HYBAS_L12": 4120659960 }, "geometry": { "type": "MultiLineString", "coordinates": [ [ [ 75.789583333333013, 33.577083333332801 ], [ 75.79374999999979, 33.572916666666138 ], [ 75.79374999999979, 33.568749999999447 ], [ 75.789583333333013, 33.564583333332784 ], [ 75.789583333333013, 33.560416666666121 ], [ 75.785416666666464, 33.556249999999473 ], [ 75.785416666666464, 33.531249999999467 ], [ 75.789583333333013, 33.527083333332818 ], [ 75.789583333333013, 33.522916666666113 ], [ 75.785416666666464, 33.51874999999945 ], [ 75.785416666666464, 33.502083333332827 ], [ 75.789583333333013, 33.497916666666121 ], [ 75.789583333333013, 33.493749999999459 ], [ 75.79374999999979, 33.48958333333281 ], [ 75.802083333333115, 33.48958333333281 ], [ 75.810416666666498, 33.481249999999484 ], [ 75.827083333333036, 33.481249999999484 ] ] ] } },
{ "type": "Feature", "properties": { "HYRIV_ID": 40563233, "NEXT_DOWN": 40563351, "MAIN_RIV": 41023100, "LENGTH_KM": 2.54, "DIST_DN_KM": 1975.9, "DIST_UP_KM": 134.0, "CATCH_SKM": 8.95, "UPLAND_SKM": 3642.2, "ENDORHEIC": 0, "DIS_AV_CMS": 98.288, "ORD_STRA": 4, "ORD_CLAS": 4, "ORD_FLOW": 5, "HYBAS_L12": 4120660090 }, "geometry": { "type": "MultiLineString", "coordinates": [ [ [ 75.827083333333036, 33.481249999999484 ], [ 75.84791666666635, 33.481249999999484 ], [ 75.852083333333013, 33.477083333332793 ] ] ] } },
{ "type": "Feature", "properties": { "HYRIV_ID": 40563351, "NEXT_DOWN": 40563586, "MAIN_RIV": 41023100, "LENGTH_KM": 0.6, "DIST_DN_KM": 1975.3, "DIST_UP_KM": 134.6, "CATCH_SKM": 0.72, "UPLAND_SKM": 3664.5, "ENDORHEIC": 0, "DIS_AV_CMS": 98.949, "ORD_STRA": 4, "ORD_CLAS": 4, "ORD_FLOW": 5, "HYBAS_L12": 4120660090 }, "geometry": { "type": "MultiLineString", "coordinates": [ [ [ 75.852083333333013, 33.477083333332793 ], [ 75.856249999999733, 33.47291666666613 ] ] ] } },
{ "type": "Feature", "properties": { "HYRIV_ID": 40563586, "NEXT_DOWN": 40563843, "MAIN_RIV": 41023100, "LENGTH_KM": 1.07, "DIST_DN_KM": 1974.1, "DIST_UP_KM": 135.9, "CATCH_SKM": 1.25, "UPLAND_SKM": 4050.0, "ENDORHEIC": 0, "DIS_AV_CMS": 109.75, "ORD_STRA": 4, "ORD_CLAS": 4, "ORD_FLOW": 4, "HYBAS_L12": 4120662430 }, "geometry": { "type": "MultiLineString", "coordinates": [ [ [ 75.856249999999733, 33.47291666666613 ], [ 75.860416666666396, 33.468749999999467 ], [ 75.860416666666396, 33.464583333332818 ] ] ] } },
{ "type": "Feature", "properties": { "HYRIV_ID": 40563843, "NEXT_DOWN": 40563953, "MAIN_RIV": 41023100, "LENGTH_KM": 1.21, "DIST_DN_KM": 1973.0, "DIST_UP_KM": 136.9, "CATCH_SKM": 2.87, "UPLAND_SKM": 4065.4, "ENDORHEIC": 0, "DIS_AV_CMS": 110.228, "ORD_STRA": 4, "ORD_CLAS": 4, "ORD_FLOW": 4, "HYBAS_L12": 4120662430 }, "geometry": { "type": "MultiLineString", "coordinates": [ [ [ 75.860416666666396, 33.464583333332818 ], [ 75.852083333333013, 33.45624999999945 ] ] ] } },
{ "type": "Feature", "properties": { "HYRIV_ID": 40563952, "NEXT_DOWN": 40564083, "MAIN_RIV": 41023100, "LENGTH_KM": 3.48, "DIST_DN_KM": 1968.0, "DIST_UP_KM": 142.0, "CATCH_SKM": 10.39, "UPLAND_SKM": 4096.8, "ENDORHEIC": 0, "DIS_AV_CMS": 111.342, "ORD_STRA": 4, "ORD_CLAS": 4, "ORD_FLOW": 4, "HYBAS_L12": 4120662430 }, "geometry": { "type": "MultiLineString", "coordinates": [ [ [ 75.839583333333024, 33.452083333332801 ], [ 75.802083333333115, 33.452083333332801 ] ] ] } },
{ "type": "Feature", "properties": { "HYRIV_ID": 40563953, "NEXT_DOWN": 40563952, "MAIN_RIV": 41023100, "LENGTH_KM": 1.38, "DIST_DN_KM": 1971.5, "DIST_UP_KM": 138.5, "CATCH_SKM": 3.4, "UPLAND_SKM": 4078.9, "ENDORHEIC": 0, "DIS_AV_CMS": 110.668, "ORD_STRA": 4, "ORD_CLAS": 4, "ORD_FLOW": 4, "HYBAS_L12": 4120662430 }, "geometry": { "type": "MultiLineString", "coordinates": [ [ [ 75.852083333333013, 33.45624999999945 ], [ 75.84791666666635, 33.452083333332801 ], [ 75.839583333333024, 33.452083333332801 ] ] ] } },
{ "type": "Feature", "properties": { "HYRIV_ID": 40564083, "NEXT_DOWN": 40564631, "MAIN_RIV": 41023100, "LENGTH_KM": 7.27, "DIST_DN_KM": 1961.0, "DIST_UP_KM": 149.0, "CATCH_SKM": 30.99, "UPLAND_SKM": 4137.4, "ENDORHEIC": 0, "DIS_AV_CMS": 112.806, "ORD_STRA": 4, "ORD_CLAS": 4, "ORD_FLOW": 4, "HYBAS_L12": 4120662430 }, "geometry": { "type": "MultiLineString", "coordinates": [ [ [ 75.802083333333115, 33.452083333332801 ], [ 75.797916666666339, 33.452083333332801 ], [ 75.79374999999979, 33.447916666666138 ], [ 75.764583333333093, 33.447916666666138 ], [ 75.76041666666643, 33.452083333332801 ], [ 75.756249999999767, 33.452083333332801 ], [ 75.752083333333047, 33.45624999999945 ], [ 75.743749999999721, 33.45624999999945 ], [ 75.735416666666396, 33.464583333332818 ] ] ] } },
{ "type": "Feature", "properties": { "HYRIV_ID": 40564631, "NEXT_DOWN": 40565796, "MAIN_RIV": 41023100, "LENGTH_KM": 4.65, "DIST_DN_KM": 1956.1, "DIST_UP_KM": 153.8, "CATCH_SKM": 12.72, "UPLAND_SKM": 4196.0, "ENDORHEIC": 0, "DIS_AV_CMS": 114.688, "ORD_STRA": 4, "ORD_CLAS": 4, "ORD_FLOW": 4, "HYBAS_L12": 4120662430 }, "geometry": { "type": "MultiLineString", "coordinates": [ [ [ 75.735416666666396, 33.464583333332818 ], [ 75.731249999999733, 33.464583333332818 ], [ 75.72291666666635, 33.45624999999945 ], [ 75.72291666666635, 33.447916666666138 ], [ 75.714583333333024, 33.439583333332784 ], [ 75.714583333333024, 33.431249999999459 ] ] ] } },
{ "type": "Feature", "properties": { "HYRIV_ID": 40565288, "NEXT_DOWN": 40565669, "MAIN_RIV": 41023100, "LENGTH_KM": 4.08, "DIST_DN_KM": 1959.3, "DIST_UP_KM": 26.6, "CATCH_SKM": 11.46, "UPLAND_SKM": 300.6, "ENDORHEIC": 0, "DIS_AV_CMS": 8.983, "ORD_STRA": 4, "ORD_CLAS": 6, "ORD_FLOW": 6, "HYBAS_L12": 4120662420 }, "geometry": { "type": "MultiLineString", "coordinates": [ [ [ 75.60208333333307, 33.439583333332784 ], [ 75.622916666666441, 33.418749999999484 ], [ 75.622916666666441, 33.414583333332821 ], [ 75.627083333333104, 33.410416666666173 ] ] ] } },
{ "type": "Feature", "properties": { "HYRIV_ID": 40565669, "NEXT_DOWN": 40565670, "MAIN_RIV": 41023100, "LENGTH_KM": 2.2, "DIST_DN_KM": 1957.1, "DIST_UP_KM": 28.8, "CATCH_SKM": 4.3, "UPLAND_SKM": 317.6, "ENDORHEIC": 0, "DIS_AV_CMS": 9.501, "ORD_STRA": 4, "ORD_CLAS": 6, "ORD_FLOW": 6, "HYBAS_L12": 4120662420 }, "geometry": { "type": "MultiLineString", "coordinates": [ [ [ 75.627083333333104, 33.410416666666173 ], [ 75.63541666666643, 33.402083333332804 ], [ 75.639583333333093, 33.402083333332804 ], [ 75.643749999999756, 33.397916666666156 ] ] ] } },
{ "type": "Feature", "properties": { "HYRIV_ID": 40565670, "NEXT_DOWN": 40565671, "MAIN_RIV": 41023100, "LENGTH_KM": 1.98, "DIST_DN_KM": 1955.1, "DIST_UP_KM": 30.7, "CATCH_SKM": 2.51, "UPLAND_SKM": 361.1, "ENDORHEIC": 0, "DIS_AV_CMS": 10.831, "ORD_STRA": 4, "ORD_CLAS": 6, "ORD_FLOW": 5, "HYBAS_L12": 4120662420 }, "geometry": { "type": "MultiLineString", "coordinates": [ [ [ 75.643749999999756, 33.397916666666156 ], [ 75.647916666666418, 33.402083333332804 ], [ 75.656249999999687, 33.402083333332804 ], [ 75.66041666666635, 33.397916666666156 ] ] ] } },
{ "type": "Feature", "properties": { "HYRIV_ID": 40565671, "NEXT_DOWN": 40565795, "MAIN_RIV": 41023100, "LENGTH_KM": 0.6, "DIST_DN_KM": 1954.5, "DIST_UP_KM": 31.3, "CATCH_SKM": 0.72, "UPLAND_SKM": 415.8, "ENDORHEIC": 0, "DIS_AV_CMS": 12.472, "ORD_STRA": 4, "ORD_CLAS": 6, "ORD_FLOW": 5, "HYBAS_L12": 4120662420 }, "geometry": { "type": "MultiLineString", "coordinates": [ [ [ 75.66041666666635, 33.397916666666156 ], [ 75.664583333333013, 33.402083333332804 ] ] ] } },
{ "type": "Feature", "properties": { "HYRIV_ID": 40565795, "NEXT_DOWN": 40566984, "MAIN_RIV": 41023100, "LENGTH_KM": 3.14, "DIST_DN_KM": 1951.2, "DIST_UP_KM": 49.7, "CATCH_SKM": 5.38, "UPLAND_SKM": 596.2, "ENDORHEIC": 0, "DIS_AV_CMS": 17.801, "ORD_STRA": 4, "ORD_CLAS": 5, "ORD_FLOW": 5, "HYBAS_L12": 4120662510 }, "geometry": { "type": "MultiLineString", "coordinates": [ [ [ 75.664583333333013, 33.402083333332804 ], [ 75.66874999999979, 33.402083333332804 ], [ 75.672916666666339, 33.397916666666156 ], [ 75.685416666666384, 33.397916666666156 ], [ 75.689583333333047, 33.39374999999945 ], [ 75.69374999999971, 33.39374999999945 ] ] ] } },
{ "type": "Feature", "properties": { "HYRIV_ID": 40565796, "NEXT_DOWN": 40566984, "MAIN_RIV": 41023100, "LENGTH_KM": 4.87, "DIST_DN_KM": 1951.4, "DIST_UP_KM": 158.6, "CATCH_SKM": 15.23, "UPLAND_SKM": 4217.3, "ENDORHEIC": 0, "DIS_AV_CMS": 115.475, "ORD_STRA": 4, "ORD_CLAS": 4, "ORD_FLOW": 4, "HYBAS_L12": 4120662430 }, "geometry": { "type": "MultiLineString", "coordinates": [ [ [ 75.714583333333024, 33.431249999999459 ], [ 75.706249999999699, 33.422916666666147 ], [ 75.706249999999699, 33.414583333332821 ], [ 75.702083333333036, 33.410416666666173 ], [ 75.702083333333036, 33.406249999999467 ], [ 75.697916666666373, 33.402083333332804 ], [ 75.697916666666373, 33.397916666666156 ], [ 75.69374999999971, 33.39374999999945 ] ] ] } },
{ "type": "Feature", "properties": { "HYRIV_ID": 40566984, "NEXT_DOWN": 40567152, "MAIN_RIV": 41023100, "LENGTH_KM": 6.31, "DIST_DN_KM": 1944.9, "DIST_UP_KM": 165.0, "CATCH_SKM": 22.41, "UPLAND_SKM": 4835.9, "ENDORHEIC": 0, "DIS_AV_CMS": 134.183, "ORD_STRA": 5, "ORD_CLAS": 4, "ORD_FLOW": 4, "HYBAS_L12": 4120663480 }, "geometry": { "type": "MultiLineString", "coordinates": [ [ [ 75.69374999999971, 33.39374999999945 ], [ 75.697916666666373, 33.389583333332787 ], [ 75.702083333333036, 33.389583333332787 ], [ 75.706249999999699, 33.385416666666138 ], [ 75.710416666666362, 33.385416666666138 ], [ 75.727083333333013, 33.368749999999459 ], [ 75.727083333333013, 33.364583333332796 ], [ 75.731249999999733, 33.360416666666147 ], [ 75.735416666666396, 33.360416666666147 ], [ 75.735416666666396, 33.358264908907543 ] ] ] } },
{ "type": "Feature", "properties": { "HYRIV_ID": 40511966, "NEXT_DOWN": 40511965, "MAIN_RIV": 41023100, "LENGTH_KM": 0.98, "DIST_DN_KM": 1990.2, "DIST_UP_KM": 56.9, "CATCH_SKM": 0.88, "UPLAND_SKM": 832.9, "ENDORHEIC": 0, "DIS_AV_CMS": 24.46, "ORD_STRA": 4, "ORD_CLAS": 2, "ORD_FLOW": 5, "HYBAS_L12": 4121376690 }, "geometry": { "type": "MultiLineString", "coordinates": [ [ [ 73.268749999999812, 35.035416666666116 ], [ 73.264583333333036, 35.035416666666116 ], [ 73.260416666666487, 35.031249999999453 ] ] ] } },
{ "type": "Feature", "properties": { "HYRIV_ID": 40512103, "NEXT_DOWN": 40511966, "MAIN_RIV": 41023100, "LENGTH_KM": 2.71, "DIST_DN_KM": 1991.0, "DIST_UP_KM": 56.1, "CATCH_SKM": 10.9, "UPLAND_SKM": 811.1, "ENDORHEIC": 0, "DIS_AV_CMS": 23.887, "ORD_STRA": 4, "ORD_CLAS": 2, "ORD_FLOW": 5, "HYBAS_L12": 4121376690 }, "geometry": { "type": "MultiLineString", "coordinates": [ [ [ 73.293749999999733, 35.027083333332804 ], [ 73.28958333333307, 35.027083333332804 ], [ 73.285416666666407, 35.031249999999453 ], [ 73.277083333333195, 35.031249999999453 ], [ 73.272916666666475, 35.035416666666116 ], [ 73.268749999999812, 35.035416666666116 ] ] ] } },
{ "type": "Feature", "properties": { "HYRIV_ID": 40513377, "NEXT_DOWN": 40512103, "MAIN_RIV": 41023100, "LENGTH_KM": 4.52, "DIST_DN_KM": 1993.8, "DIST_UP_KM": 53.2, "CATCH_SKM": 15.3, "UPLAND_SKM": 746.0, "ENDORHEIC": 0, "DIS_AV_CMS": 22.198, "ORD_STRA": 4, "ORD_CLAS": 2, "ORD_FLOW": 5, "HYBAS_L12": 4121376690 }, "geometry": { "type": "MultiLineString", "coordinates": [ [ [ 73.31874999999971, 34.993749999999444 ], [ 73.310416666666384, 35.00208333333277 ], [ 73.310416666666384, 35.010416666666124 ], [ 73.293749999999733, 35.027083333332804 ] ] ] } },
{ "type": "Feature", "properties": { "HYRIV_ID": 40496718, "NEXT_DOWN": 40497528, "MAIN_RIV": 41023100, "LENGTH_KM": 8.21, "DIST_DN_KM": 2006.1, "DIST_UP_KM": 96.8, "CATCH_SKM": 32.87, "UPLAND_SKM": 2230.1, "ENDORHEIC": 0, "DIS_AV_CMS": 35.046, "ORD_STRA": 4, "ORD_CLAS": 2, "ORD_FLOW": 5, "HYBAS_L12": 4120600440 }, "geometry": { "type": "MultiLineString", "coordinates": [ [ [ 73.152083333333081, 35.472916666666102 ], [ 73.156249999999744, 35.468749999999439 ], [ 73.181249999999721, 35.468749999999439 ], [ 73.19374999999971, 35.456249999999464 ], [ 73.19791666666643, 35.456249999999464 ], [ 73.210416666666418, 35.443749999999447 ], [ 73.210416666666418, 35.43124999999943 ] ] ] } },
{ "type": "Feature", "properties": { "HYRIV_ID": 40505026, "NEXT_DOWN": 40505416, "MAIN_RIV": 41023100, "LENGTH_KM": 1.14, "DIST_DN_KM": 1996.3, "DIST_UP_KM": 69.6, "CATCH_SKM": 4.74, "UPLAND_SKM": 1291.8, "ENDORHEIC": 0, "DIS_AV_CMS": 19.804, "ORD_STRA": 4, "ORD_CLAS": 2, "ORD_FLOW": 5, "HYBAS_L12": 4120608290 }, "geometry": { "type": "MultiLineString", "coordinates": [ [ [ 73.347916666666407, 35.214583333332762 ], [ 73.335416666666418, 35.214583333332762 ] ] ] } },
{ "type": "Feature", "properties": { "HYRIV_ID": 40505187, "NEXT_DOWN": 40505026, "MAIN_RIV": 41023100, "LENGTH_KM": 0.6, "DIST_DN_KM": 1997.6, "DIST_UP_KM": 68.3, "CATCH_SKM": 1.58, "UPLAND_SKM": 1279.5, "ENDORHEIC": 0, "DIS_AV_CMS": 19.559, "ORD_STRA": 4, "ORD_CLAS": 2, "ORD_FLOW": 5, "HYBAS_L12": 4120608290 }, "geometry": { "type": "MultiLineString", "coordinates": [ [ [ 73.35208333333307, 35.210416666666113 ], [ 73.347916666666407, 35.214583333332762 ] ] ] } },
{ "type": "Feature", "properties": { "HYRIV_ID": 40506286, "NEXT_DOWN": 40506471, "MAIN_RIV": 41023100, "LENGTH_KM": 10.15, "DIST_DN_KM": 2008.3, "DIST_UP_KM": 57.6, "CATCH_SKM": 34.38, "UPLAND_SKM": 826.2, "ENDORHEIC": 0, "DIS_AV_CMS": 11.957, "ORD_STRA": 4, "ORD_CLAS": 2, "ORD_FLOW": 5, "HYBAS_L12": 4121374800 }, "geometry": { "type": "MultiLineString", "coordinates": [ [ [ 73.527083333333138, 35.210416666666113 ], [ 73.522916666666475, 35.214583333332762 ], [ 73.493749999999778, 35.214583333332762 ], [ 73.489583333333115, 35.210416666666113 ], [ 73.485416666666453, 35.210416666666113 ], [ 73.481249999999733, 35.20624999999945 ], [ 73.47708333333307, 35.20624999999945 ], [ 73.468749999999744, 35.197916666666138 ], [ 73.464583333333081, 35.197916666666138 ], [ 73.460416666666418, 35.202083333332787 ], [ 73.456249999999756, 35.202083333332787 ], [ 73.439583333333104, 35.185416666666121 ] ] ] } },
{ "type": "Feature", "properties": { "HYRIV_ID": 40506287, "NEXT_DOWN": 40506286, "MAIN_RIV": 41023100, "LENGTH_KM": 6.24, "DIST_DN_KM": 2018.4, "DIST_UP_KM": 47.5, "CATCH_SKM": 28.95, "UPLAND_SKM": 767.4, "ENDORHEIC": 0, "DIS_AV_CMS": 10.982, "ORD_STRA": 4, "ORD_CLAS": 2, "ORD_FLOW": 5, "HYBAS_L12": 4121374800 }, "geometry": { "type": "MultiLineString", "coordinates": [ [ [ 73.581249999999756, 35.185416666666121 ], [ 73.577083333333036, 35.18958333333277 ], [ 73.56874999999971, 35.18958333333277 ], [ 73.564583333333218, 35.193749999999433 ], [ 73.552083333333059, 35.193749999999433 ], [ 73.547916666666396, 35.197916666666138 ], [ 73.539583333333184, 35.197916666666138 ], [ 73.527083333333138, 35.210416666666113 ] ] ] } },
{ "type": "Feature", "properties": { "HYRIV_ID": 40506470, "NEXT_DOWN": 40505187, "MAIN_RIV": 41023100, "LENGTH_KM": 5.32, "DIST_DN_KM": 1998.2, "DIST_UP_KM": 67.7, "CATCH_SKM": 19.3, "UPLAND_SKM": 996.3, "ENDORHEIC": 0, "DIS_AV_CMS": 15.444, "ORD_STRA": 4, "ORD_CLAS": 2, "ORD_FLOW": 5, "HYBAS_L12": 4120608300 }, "geometry": { "type": "MultiLineString", "coordinates": [ [ [ 73.393749999999812, 35.181249999999459 ], [ 73.381249999999824, 35.181249999999459 ], [ 73.35208333333307, 35.210416666666113 ] ] ] } },
{ "type": "Feature", "properties": { "HYRIV_ID": 40506471, "NEXT_DOWN": 40506618, "MAIN_RIV": 41023100, "LENGTH_KM": 1.73, "DIST_DN_KM": 2006.4, "DIST_UP_KM": 59.5, "CATCH_SKM": 2.63, "UPLAND_SKM": 873.2, "ENDORHEIC": 0, "DIS_AV_CMS": 12.835, "ORD_STRA": 4, "ORD_CLAS": 2, "ORD_FLOW": 5, "HYBAS_L12": 4120608300 }, "geometry": { "type": "MultiLineString", "coordinates": [ [ [ 73.439583333333104, 35.185416666666121 ], [ 73.431249999999721, 35.185416666666121 ], [ 73.427083333333059, 35.181249999999459 ], [ 73.422916666666396, 35.181249999999459 ] ] ] } },
{ "type": "Feature", "properties": { "HYRIV_ID": 40506618, "NEXT_DOWN": 40506470, "MAIN_RIV": 41023100, "LENGTH_KM": 3.09, "DIST_DN_KM": 2003.3, "DIST_UP_KM": 62.6, "CATCH_SKM": 12.46, "UPLAND_SKM": 962.4, "ENDORHEIC": 0, "DIS_AV_CMS": 14.729, "ORD_STRA": 4, "ORD_CLAS": 2, "ORD_FLOW": 5, "HYBAS_L12": 4120608300 }, "geometry": { "type": "MultiLineString", "coordinates": [ [ [ 73.422916666666396, 35.181249999999459 ], [ 73.410416666666521, 35.181249999999459 ], [ 73.406249999999858, 35.177083333332753 ], [ 73.402083333333138, 35.177083333332753 ], [ 73.397916666666475, 35.181249999999459 ], [ 73.393749999999812, 35.181249999999459 ] ] ] } },
{ "type": "Feature", "properties": { "HYRIV_ID": 40506762, "NEXT_DOWN": 40506287, "MAIN_RIV": 41023100, "LENGTH_KM": 2.17, "DIST_DN_KM": 2024.4, "DIST_UP_KM": 41.5, "CATCH_SKM": 14.38, "UPLAND_SKM": 727.1, "ENDORHEIC": 0, "DIS_AV_CMS": 10.318, "ORD_STRA": 4, "ORD_CLAS": 2, "ORD_FLOW": 5, "HYBAS_L12": 4121374800 }, "geometry": { "type": "MultiLineString", "coordinates": [ [ [ 73.597916666666407, 35.172916666666104 ], [ 73.585416666666418, 35.185416666666121 ], [ 73.581249999999756, 35.185416666666121 ] ] ] } },
{ "type": "Feature", "properties": { "HYRIV_ID": 40495098, "NEXT_DOWN": 40495281, "MAIN_RIV": 41023100, "LENGTH_KM": 0.97, "DIST_DN_KM": 2033.0, "DIST_UP_KM": 69.9, "CATCH_SKM": 1.92, "UPLAND_SKM": 1617.7, "ENDORHEIC": 0, "DIS_AV_CMS": 25.091, "ORD_STRA": 4, "ORD_CLAS": 2, "ORD_FLOW": 5, "HYBAS_L12": 4121370930 }, "geometry": { "type": "MultiLineString", "coordinates": [ [ [ 72.964583333333138, 35.472916666666102 ], [ 72.968749999999801, 35.472916666666102 ], [ 72.972916666666464, 35.47708333333275 ] ] ] } },
{ "type": "Feature", "properties": { "HYRIV_ID": 40495281, "NEXT_DOWN": 40495449, "MAIN_RIV": 41023100, "LENGTH_KM": 3.46, "DIST_DN_KM": 2029.3, "DIST_UP_KM": 73.6, "CATCH_SKM": 12.41, "UPLAND_SKM": 1650.9, "ENDORHEIC": 0, "DIS_AV_CMS": 25.733, "ORD_STRA": 4, "ORD_CLAS": 2, "ORD_FLOW": 5, "HYBAS_L12": 4121370930 }, "geometry": { "type": "MultiLineString", "coordinates": [ [ [ 72.972916666666464, 35.47708333333275 ], [ 72.977083333333127, 35.47708333333275 ], [ 72.98124999999979, 35.472916666666102 ], [ 72.989583333333172, 35.472916666666102 ], [ 72.993749999999835, 35.468749999999439 ], [ 73.00624999999971, 35.468749999999439 ] ] ] } },
{ "type": "Feature", "properties": { "HYRIV_ID": 40495284, "NEXT_DOWN": 40496718, "MAIN_RIV": 41023100, "LENGTH_KM": 2.11, "DIST_DN_KM": 2014.2, "DIST_UP_KM": 88.7, "CATCH_SKM": 3.85, "UPLAND_SKM": 1887.7, "ENDORHEIC": 0, "DIS_AV_CMS": 30.308, "ORD_STRA": 4, "ORD_CLAS": 2, "ORD_FLOW": 5, "HYBAS_L12": 4120599480 }, "geometry": { "type": "MultiLineString", "coordinates": [ [ [ 73.13124999999971, 35.468749999999439 ], [ 73.135416666666487, 35.468749999999439 ], [ 73.13958333333315, 35.472916666666102 ], [ 73.152083333333081, 35.472916666666102 ] ] ] } },
{ "type": "Feature", "properties": { "HYRIV_ID": 40495449, "NEXT_DOWN": 40495940, "MAIN_RIV": 41023100, "LENGTH_KM": 2.11, "DIST_DN_KM": 2027.2, "DIST_UP_KM": 75.7, "CATCH_SKM": 8.04, "UPLAND_SKM": 1676.0, "ENDORHEIC": 0, "DIS_AV_CMS": 26.188, "ORD_STRA": 4, "ORD_CLAS": 2, "ORD_FLOW": 5, "HYBAS_L12": 4121370930 }, "geometry": { "type": "MultiLineString", "coordinates": [ [ [ 73.00624999999971, 35.468749999999439 ], [ 73.010416666666487, 35.468749999999439 ], [ 73.014583333333206, 35.464583333332776 ], [ 73.027083333333081, 35.464583333332776 ] ] ] } },
{ "type": "Feature", "properties": { "HYRIV_ID": 40495451, "NEXT_DOWN": 40495284, "MAIN_RIV": 41023100, "LENGTH_KM": 0.6, "DIST_DN_KM": 2016.5, "DIST_UP_KM": 86.4, "CATCH_SKM": 1.57, "UPLAND_SKM": 1870.9, "ENDORHEIC": 0, "DIS_AV_CMS": 30.028, "ORD_STRA": 4, "ORD_CLAS": 2, "ORD_FLOW": 5, "HYBAS_L12": 4120599480 }, "geometry": { "type": "MultiLineString", "coordinates": [ [ [ 73.127083333333161, 35.464583333332776 ], [ 73.13124999999971, 35.468749999999439 ] ] ] } },
{ "type": "Feature", "properties": { "HYRIV_ID": 40495756, "NEXT_DOWN": 40495451, "MAIN_RIV": 41023100, "LENGTH_KM": 3.08, "DIST_DN_KM": 2017.1, "DIST_UP_KM": 85.8, "CATCH_SKM": 10.32, "UPLAND_SKM": 1860.8, "ENDORHEIC": 0, "DIS_AV_CMS": 29.851, "ORD_STRA": 4, "ORD_CLAS": 2, "ORD_FLOW": 5, "HYBAS_L12": 4120599480 }, "geometry": { "type": "MultiLineString", "coordinates": [ [ [ 73.097916666666464, 35.456249999999464 ], [ 73.114583333333115, 35.456249999999464 ], [ 73.118749999999835, 35.460416666666127 ], [ 73.122916666666498, 35.460416666666127 ], [ 73.127083333333161, 35.464583333332776 ] ] ] } },
{ "type": "Feature", "properties": { "HYRIV_ID": 40495940, "NEXT_DOWN": 40495941, "MAIN_RIV": 41023100, "LENGTH_KM": 3.68, "DIST_DN_KM": 2023.8, "DIST_UP_KM": 79.1, "CATCH_SKM": 17.83, "UPLAND_SKM": 1712.6, "ENDORHEIC": 0, "DIS_AV_CMS": 26.844, "ORD_STRA": 4, "ORD_CLAS": 2, "ORD_FLOW": 5, "HYBAS_L12": 4121370930 }, "geometry": { "type": "MultiLineString", "coordinates": [ [ [ 73.027083333333081, 35.464583333332776 ], [ 73.035416666666407, 35.464583333332776 ], [ 73.03958333333307, 35.460416666666127 ], [ 73.047916666666396, 35.460416666666127 ], [ 73.052083333333059, 35.456249999999464 ], [ 73.056249999999778, 35.456249999999464 ], [ 73.060416666666384, 35.452083333332801 ] ] ] } },
{ "type": "Feature", "properties": { "HYRIV_ID": 40495941, "NEXT_DOWN": 40495756, "MAIN_RIV": 41023100, "LENGTH_KM": 3.62, "DIST_DN_KM": 2020.0, "DIST_UP_KM": 82.9, "CATCH_SKM": 17.48, "UPLAND_SKM": 1756.5, "ENDORHEIC": 0, "DIS_AV_CMS": 27.699, "ORD_STRA": 4, "ORD_CLAS": 2, "ORD_FLOW": 5, "HYBAS_L12": 4120599480 }, "geometry": { "type": "MultiLineString", "coordinates": [ [ [ 73.060416666666384, 35.452083333332801 ], [ 73.077083333333093, 35.452083333332801 ], [ 73.081249999999756, 35.456249999999464 ], [ 73.097916666666464, 35.456249999999464 ] ] ] } },
{ "type": "Feature", "properties": { "HYRIV_ID": 40478535, "NEXT_DOWN": 40478853, "MAIN_RIV": 41023100, "LENGTH_KM": 11.9, "DIST_DN_KM": 2242.4, "DIST_UP_KM": 251.8, "CATCH_SKM": 50.73, "UPLAND_SKM": 13569.5, "ENDORHEIC": 0, "DIS_AV_CMS": 24.592, "ORD_STRA": 5, "ORD_CLAS": 2, "ORD_FLOW": 5, "HYBAS_L12": 4120584910 }, "geometry": { "type": "MultiLineString", "coordinates": [ [ [ 74.306249999999778, 36.010416666666082 ], [ 74.306249999999778, 36.00208333333277 ], [ 74.314583333333104, 35.993749999999459 ], [ 74.318749999999824, 35.993749999999459 ], [ 74.331249999999812, 35.981249999999442 ], [ 74.331249999999812, 35.977083333332779 ], [ 74.335416666666362, 35.972916666666073 ], [ 74.335416666666362, 35.960416666666099 ], [ 74.339583333333138, 35.95624999999945 ], [ 74.343749999999687, 35.95624999999945 ], [ 74.347916666666521, 35.952083333332745 ], [ 74.35208333333307, 35.95624999999945 ], [ 74.360416666666396, 35.95624999999945 ], [ 74.368749999999721, 35.947916666666082 ], [ 74.368749999999721, 35.943749999999433 ], [ 74.372916666666384, 35.93958333333277 ] ] ] } },
{ "type": "Feature", "properties": { "HYRIV_ID": 40478852, "NEXT_DOWN": 40479000, "MAIN_RIV": 41023100, "LENGTH_KM": 8.54, "DIST_DN_KM": 2250.8, "DIST_UP_KM": 223.6, "CATCH_SKM": 35.8, "UPLAND_SKM": 12151.5, "ENDORHEIC": 0, "DIS_AV_CMS": 53.233, "ORD_STRA": 5, "ORD_CLAS": 3, "ORD_FLOW": 5, "HYBAS_L12": 4120585040 }, "geometry": { "type": "MultiLineString", "coordinates": [ [ [ 74.202083333333036, 35.972916666666073 ], [ 74.206249999999812, 35.968749999999424 ], [ 74.210416666666362, 35.968749999999424 ], [ 74.210416666666362, 35.943749999999433 ], [ 74.214583333333195, 35.93958333333277 ], [ 74.231249999999733, 35.93958333333277 ], [ 74.235416666666396, 35.935416666666107 ], [ 74.239583333333059, 35.935416666666107 ], [ 74.243749999999721, 35.931249999999444 ], [ 74.25624999999971, 35.931249999999444 ] ] ] } },
{ "type": "Feature", "properties": { "HYRIV_ID": 40478853, "NEXT_DOWN": 40479467, "MAIN_RIV": 41023100, "LENGTH_KM": 1.06, "DIST_DN_KM": 2241.2, "DIST_UP_KM": 253.0, "CATCH_SKM": 0.69, "UPLAND_SKM": 13584.1, "ENDORHEIC": 0, "DIS_AV_CMS": 24.618, "ORD_STRA": 5, "ORD_CLAS": 2, "ORD_FLOW": 5, "HYBAS_L12": 4120584910 }, "geometry": { "type": "MultiLineString", "coordinates": [ [ [ 74.372916666666384, 35.93958333333277 ], [ 74.377083333333047, 35.935416666666107 ], [ 74.377083333333047, 35.931249999999444 ] ] ] } },
{ "type": "Feature", "properties": { "HYRIV_ID": 40479000, "NEXT_DOWN": 40479164, "MAIN_RIV": 41023100, "LENGTH_KM": 1.72, "DIST_DN_KM": 2249.1, "DIST_UP_KM": 225.3, "CATCH_SKM": 2.96, "UPLAND_SKM": 12681.6, "ENDORHEIC": 0, "DIS_AV_CMS": 55.075, "ORD_STRA": 5, "ORD_CLAS": 3, "ORD_FLOW": 5, "HYBAS_L12": 4120585590 }, "geometry": { "type": "MultiLineString", "coordinates": [ [ [ 74.25624999999971, 35.931249999999444 ], [ 74.260416666666373, 35.931249999999444 ], [ 74.264583333333036, 35.927083333332753 ], [ 74.272916666666418, 35.927083333332753 ] ] ] } },
{ "type": "Feature", "properties": { "HYRIV_ID": 40479164, "NEXT_DOWN": 40479466, "MAIN_RIV": 41023100, "LENGTH_KM": 3.07, "DIST_DN_KM": 2246.1, "DIST_UP_KM": 228.4, "CATCH_SKM": 19.12, "UPLAND_SKM": 12740.8, "ENDORHEIC": 0, "DIS_AV_CMS": 55.091, "ORD_STRA": 5, "ORD_CLAS": 3, "ORD_FLOW": 5, "HYBAS_L12": 4120585590 }, "geometry": { "type": "MultiLineString", "coordinates": [ [ [ 74.272916666666418, 35.927083333332753 ], [ 74.277083333333081, 35.927083333332753 ], [ 74.281249999999744, 35.92291666666609 ], [ 74.285416666666407, 35.92291666666609 ], [ 74.28958333333307, 35.927083333332753 ], [ 74.302083333333115, 35.927083333332753 ] ] ] } },
{ "type": "Feature", "properties": { "HYRIV_ID": 40479466, "NEXT_DOWN": 40479596, "MAIN_RIV": 41023100, "LENGTH_KM": 7.11, "DIST_DN_KM": 2239.2, "DIST_UP_KM": 235.3, "CATCH_SKM": 29.55, "UPLAND_SKM": 12783.3, "ENDORHEIC": 0, "DIS_AV_CMS": 54.83, "ORD_STRA": 5, "ORD_CLAS": 3, "ORD_FLOW": 5, "HYBAS_L12": 4120585590 }, "geometry": { "type": "MultiLineString", "coordinates": [ [ [ 74.302083333333115, 35.927083333332753 ], [ 74.322916666666487, 35.927083333332753 ], [ 74.327083333333036, 35.92291666666609 ], [ 74.331249999999812, 35.92291666666609 ], [ 74.335416666666362, 35.927083333332753 ], [ 74.343749999999687, 35.927083333332753 ], [ 74.347916666666521, 35.92291666666609 ], [ 74.360416666666396, 35.92291666666609 ], [ 74.368749999999721, 35.914583333332779 ] ] ] } },
{ "type": "Feature", "properties": { "HYRIV_ID": 40479467, "NEXT_DOWN": 40479596, "MAIN_RIV": 41023100, "LENGTH_KM": 2.12, "DIST_DN_KM": 2239.2, "DIST_UP_KM": 255.0, "CATCH_SKM": 2.96, "UPLAND_SKM": 13747.9, "ENDORHEIC": 0, "DIS_AV_CMS": 25.096, "ORD_STRA": 5, "ORD_CLAS": 2, "ORD_FLOW": 5, "HYBAS_L12": 4120585600 }, "geometry": { "type": "MultiLineString", "coordinates": [ [ [ 74.377083333333047, 35.931249999999444 ], [ 74.372916666666384, 35.927083333332753 ], [ 74.372916666666384, 35.918749999999427 ], [ 74.368749999999721, 35.914583333332779 ] ] ] } },
{ "type": "Feature", "properties": { "HYRIV_ID": 40491471, "NEXT_DOWN": 40491814, "MAIN_RIV": 41023100, "LENGTH_KM": 1.57, "DIST_DN_KM": 2176.2, "DIST_UP_KM": 119.3, "CATCH_SKM": 1.92, "UPLAND_SKM": 3991.5, "ENDORHEIC": 0, "DIS_AV_CMS": 57.096, "ORD_STRA": 4, "ORD_CLAS": 2, "ORD_FLOW": 5, "HYBAS_L12": 4120596060 }, "geometry": { "type": "MultiLineString", "coordinates": [ [ [ 74.656249999999687, 35.577083333332773 ], [ 74.647916666666362, 35.568749999999447 ], [ 74.643749999999699, 35.568749999999447 ] ] ] } },
{ "type": "Feature", "properties": { "HYRIV_ID": 40492402, "NEXT_DOWN": 40491471, "MAIN_RIV": 41023100, "LENGTH_KM": 6.53, "DIST_DN_KM": 2177.8, "DIST_UP_KM": 117.7, "CATCH_SKM": 22.0, "UPLAND_SKM": 3922.6, "ENDORHEIC": 0, "DIS_AV_CMS": 56.568, "ORD_STRA": 4, "ORD_CLAS": 2, "ORD_FLOW": 5, "HYBAS_L12": 4120596060 }, "geometry": { "type": "MultiLineString", "coordinates": [ [ [ 74.706249999999756, 35.543749999999456 ], [ 74.69791666666643, 35.552083333332781 ], [ 74.693749999999767, 35.552083333332781 ], [ 74.689583333333104, 35.55624999999943 ], [ 74.685416666666441, 35.55624999999943 ], [ 74.681249999999721, 35.560416666666093 ], [ 74.681249999999721, 35.564583333332756 ], [ 74.672916666666396, 35.57291666666611 ], [ 74.66458333333307, 35.57291666666611 ], [ 74.660416666666407, 35.577083333332773 ], [ 74.656249999999687, 35.577083333332773 ] ] ] } },
{ "type": "Feature", "properties": { "HYRIV_ID": 40492403, "NEXT_DOWN": 40492402, "MAIN_RIV": 41023100, "LENGTH_KM": 1.51, "DIST_DN_KM": 2184.3, "DIST_UP_KM": 111.2, "CATCH_SKM": 4.54, "UPLAND_SKM": 3887.7, "ENDORHEIC": 0, "DIS_AV_CMS": 56.292, "ORD_STRA": 4, "ORD_CLAS": 2, "ORD_FLOW": 5, "HYBAS_L12": 4120596060 }, "geometry": { "type": "MultiLineString", "coordinates": [ [ [ 74.722916666666464, 35.543749999999456 ], [ 74.706249999999756, 35.543749999999456 ] ] ] } },
{ "type": "Feature", "properties": { "HYRIV_ID": 40493499, "NEXT_DOWN": 40492403, "MAIN_RIV": 41023100, "LENGTH_KM": 3.91, "DIST_DN_KM": 2186.0, "DIST_UP_KM": 109.5, "CATCH_SKM": 16.25, "UPLAND_SKM": 3828.8, "ENDORHEIC": 0, "DIS_AV_CMS": 55.803, "ORD_STRA": 4, "ORD_CLAS": 2, "ORD_FLOW": 5, "HYBAS_L12": 4121369730 }, "geometry": { "type": "MultiLineString", "coordinates": [ [ [ 74.743749999999721, 35.514583333332759 ], [ 74.739583333333172, 35.518749999999464 ], [ 74.739583333333172, 35.522916666666127 ], [ 74.735416666666509, 35.527083333332776 ], [ 74.735416666666509, 35.531249999999439 ], [ 74.722916666666464, 35.543749999999456 ] ] ] } },
{ "type": "Feature", "properties": { "HYRIV_ID": 40498902, "NEXT_DOWN": 40497532, "MAIN_RIV": 41023100, "LENGTH_KM": 4.71, "DIST_DN_KM": 2132.5, "DIST_UP_KM": 47.6, "CATCH_SKM": 7.88, "UPLAND_SKM": 699.0, "ENDORHEIC": 0, "DIS_AV_CMS": 7.345, "ORD_STRA": 4, "ORD_CLAS": 2, "ORD_FLOW": 6, "HYBAS_L12": 4120601380 }, "geometry": { "type": "MultiLineString", "coordinates": [ [ [ 74.314583333333104, 35.372916666666121 ], [ 74.314583333333104, 35.377083333332784 ], [ 74.322916666666487, 35.385416666666096 ], [ 74.322916666666487, 35.397916666666113 ], [ 74.318749999999824, 35.402083333332776 ], [ 74.322916666666487, 35.406249999999481 ], [ 74.322916666666487, 35.410416666666087 ] ] ] } },
{ "type": "Feature", "properties": { "HYRIV_ID": 40500345, "NEXT_DOWN": 40498902, "MAIN_RIV": 41023100, "LENGTH_KM": 4.57, "DIST_DN_KM": 2137.3, "DIST_UP_KM": 42.9, "CATCH_SKM": 12.78, "UPLAND_SKM": 674.0, "ENDORHEIC": 0, "DIS_AV_CMS": 7.13, "ORD_STRA": 4, "ORD_CLAS": 2, "ORD_FLOW": 6, "HYBAS_L12": 4120601380 }, "geometry": { "type": "MultiLineString", "coordinates": [ [ [ 74.310416666666441, 35.335416666666113 ], [ 74.310416666666441, 35.339583333332776 ], [ 74.318749999999824, 35.34791666666613 ], [ 74.318749999999824, 35.364583333332767 ], [ 74.314583333333104, 35.36874999999943 ], [ 74.314583333333104, 35.372916666666121 ] ] ] } },
{ "type": "Feature", "properties": { "HYRIV_ID": 40493942, "NEXT_DOWN": 40493499, "MAIN_RIV": 41023100, "LENGTH_KM": 2.92, "DIST_DN_KM": 2189.9, "DIST_UP_KM": 105.6, "CATCH_SKM": 8.56, "UPLAND_SKM": 3790.0, "ENDORHEIC": 0, "DIS_AV_CMS": 55.446, "ORD_STRA": 4, "ORD_CLAS": 2, "ORD_FLOW": 5, "HYBAS_L12": 4121369730 }, "geometry": { "type": "MultiLineString", "coordinates": [ [ [ 74.768749999999699, 35.502083333332784 ], [ 74.764583333333036, 35.506249999999447 ], [ 74.760416666666373, 35.506249999999447 ], [ 74.75624999999971, 35.51041666666611 ], [ 74.747916666666384, 35.51041666666611 ], [ 74.743749999999721, 35.514583333332759 ] ] ] } },
{ "type": "Feature", "properties": { "HYRIV_ID": 40494126, "NEXT_DOWN": 40493942, "MAIN_RIV": 41023100, "LENGTH_KM": 0.6, "DIST_DN_KM": 2192.8, "DIST_UP_KM": 102.7, "CATCH_SKM": 0.52, "UPLAND_SKM": 3759.8, "ENDORHEIC": 0, "DIS_AV_CMS": 55.177, "ORD_STRA": 4, "ORD_CLAS": 2, "ORD_FLOW": 5, "HYBAS_L12": 4121370320 }, "geometry": { "type": "MultiLineString", "coordinates": [ [ [ 74.772916666666362, 35.497916666666136 ], [ 74.768749999999699, 35.502083333332784 ] ] ] } },
{ "type": "Feature", "properties": { "HYRIV_ID": 40495944, "NEXT_DOWN": 40494126, "MAIN_RIV": 41023100, "LENGTH_KM": 5.9, "DIST_DN_KM": 2193.3, "DIST_UP_KM": 102.2, "CATCH_SKM": 27.1, "UPLAND_SKM": 3660.4, "ENDORHEIC": 0, "DIS_AV_CMS": 54.226, "ORD_STRA": 4, "ORD_CLAS": 2, "ORD_FLOW": 5, "HYBAS_L12": 4121370320 }, "geometry": { "type": "MultiLineString", "coordinates": [ [ [ 74.797916666666396, 35.452083333332801 ], [ 74.797916666666396, 35.464583333332776 ], [ 74.793749999999733, 35.468749999999439 ], [ 74.793749999999733, 35.472916666666102 ], [ 74.772916666666362, 35.49374999999943 ], [ 74.772916666666362, 35.497916666666136 ] ] ] } },
{ "type": "Feature", "properties": { "HYRIV_ID": 40496119, "NEXT_DOWN": 40495944, "MAIN_RIV": 41023100, "LENGTH_KM": 0.97, "DIST_DN_KM": 2199.3, "DIST_UP_KM": 96.1, "CATCH_SKM": 0.87, "UPLAND_SKM": 3602.5, "ENDORHEIC": 0, "DIS_AV_CMS": 53.616, "ORD_STRA": 4, "ORD_CLAS": 2, "ORD_FLOW": 5, "HYBAS_L12": 4121370970 }, "geometry": { "type": "MultiLineString", "coordinates": [ [ [ 74.806249999999721, 35.44791666666611 ], [ 74.802083333333059, 35.44791666666611 ], [ 74.797916666666396, 35.452083333332801 ] ] ] } },
{ "type": "Feature", "properties": { "HYRIV_ID": 40496890, "NEXT_DOWN": 40496119, "MAIN_RIV": 41023100, "LENGTH_KM": 3.34, "DIST_DN_KM": 2200.1, "DIST_UP_KM": 95.4, "CATCH_SKM": 10.67, "UPLAND_SKM": 3551.7, "ENDORHEIC": 0, "DIS_AV_CMS": 53.028, "ORD_STRA": 4, "ORD_CLAS": 2, "ORD_FLOW": 5, "HYBAS_L12": 4121370970 }, "geometry": { "type": "MultiLineString", "coordinates": [ [ [ 74.82291666666643, 35.427083333332767 ], [ 74.82291666666643, 35.439583333332784 ], [ 74.814583333333104, 35.44791666666611 ], [ 74.806249999999721, 35.44791666666611 ] ] ] } },
{ "type": "Feature", "properties": { "HYRIV_ID": 40497205, "NEXT_DOWN": 40496890, "MAIN_RIV": 41023100, "LENGTH_KM": 1.06, "DIST_DN_KM": 2203.5, "DIST_UP_KM": 92.0, "CATCH_SKM": 2.8, "UPLAND_SKM": 3523.1, "ENDORHEIC": 0, "DIS_AV_CMS": 52.727, "ORD_STRA": 4, "ORD_CLAS": 2, "ORD_FLOW": 5, "HYBAS_L12": 4121370970 }, "geometry": { "type": "MultiLineString", "coordinates": [ [ [ 74.827083333333093, 35.418749999999456 ], [ 74.82291666666643, 35.422916666666104 ], [ 74.82291666666643, 35.427083333332767 ] ] ] } },
{ "type": "Feature", "properties": { "HYRIV_ID": 40499056, "NEXT_DOWN": 40497205, "MAIN_RIV": 41023100, "LENGTH_KM": 7.5, "DIST_DN_KM": 2204.6, "DIST_UP_KM": 90.9, "CATCH_SKM": 26.95, "UPLAND_SKM": 3499.4, "ENDORHEIC": 0, "DIS_AV_CMS": 52.47, "ORD_STRA": 4, "ORD_CLAS": 2, "ORD_FLOW": 5, "HYBAS_L12": 4121370970 }, "geometry": { "type": "MultiLineString", "coordinates": [ [ [ 74.864583333333115, 35.36874999999943 ], [ 74.860416666666453, 35.36874999999943 ], [ 74.860416666666453, 35.372916666666121 ], [ 74.852083333333013, 35.381249999999447 ], [ 74.847916666666464, 35.381249999999447 ], [ 74.843749999999801, 35.385416666666096 ], [ 74.843749999999801, 35.389583333332801 ], [ 74.839583333333081, 35.393749999999464 ], [ 74.839583333333081, 35.406249999999481 ], [ 74.835416666666418, 35.410416666666087 ], [ 74.831249999999756, 35.410416666666087 ], [ 74.827083333333093, 35.414583333332793 ], [ 74.827083333333093, 35.418749999999456 ] ] ] } },
{ "type": "Feature", "properties": { "HYRIV_ID": 40499865, "NEXT_DOWN": 40499056, "MAIN_RIV": 41023100, "LENGTH_KM": 2.59, "DIST_DN_KM": 2212.2, "DIST_UP_KM": 83.3, "CATCH_SKM": 11.21, "UPLAND_SKM": 3076.0, "ENDORHEIC": 0, "DIS_AV_CMS": 47.611, "ORD_STRA": 4, "ORD_CLAS": 2, "ORD_FLOW": 5, "HYBAS_L12": 4120602340 }, "geometry": { "type": "MultiLineString", "coordinates": [ [ [ 74.864583333333115, 35.34791666666613 ], [ 74.868749999999835, 35.352083333332793 ], [ 74.868749999999835, 35.364583333332767 ], [ 74.864583333333115, 35.36874999999943 ] ] ] } },
{ "type": "Feature", "properties": { "HYRIV_ID": 40500478, "NEXT_DOWN": 40499865, "MAIN_RIV": 41023100, "LENGTH_KM": 2.39, "DIST_DN_KM": 2214.8, "DIST_UP_KM": 80.7, "CATCH_SKM": 9.81, "UPLAND_SKM": 3001.7, "ENDORHEIC": 0, "DIS_AV_CMS": 46.692, "ORD_STRA": 4, "ORD_CLAS": 2, "ORD_FLOW": 5, "HYBAS_L12": 4120602340 }, "geometry": { "type": "MultiLineString", "coordinates": [ [ [ 74.85624999999979, 35.33124999999945 ], [ 74.852083333333013, 35.335416666666113 ], [ 74.864583333333115, 35.34791666666613 ] ] ] } },
{ "type": "Feature", "properties": { "HYRIV_ID": 40501002, "NEXT_DOWN": 40500478, "MAIN_RIV": 41023100, "LENGTH_KM": 1.66, "DIST_DN_KM": 2217.2, "DIST_UP_KM": 78.3, "CATCH_SKM": 4.55, "UPLAND_SKM": 2954.6, "ENDORHEIC": 0, "DIS_AV_CMS": 46.097, "ORD_STRA": 4, "ORD_CLAS": 2, "ORD_FLOW": 5, "HYBAS_L12": 4120602340 }, "geometry": { "type": "MultiLineString", "coordinates": [ [ [ 74.85624999999979, 35.318749999999433 ], [ 74.860416666666453, 35.322916666666138 ], [ 74.860416666666453, 35.327083333332801 ], [ 74.85624999999979, 35.33124999999945 ] ] ] } },
{ "type": "Feature", "properties": { "HYRIV_ID": 40502942, "NEXT_DOWN": 40501002, "MAIN_RIV": 41023100, "LENGTH_KM": 6.64, "DIST_DN_KM": 2218.9, "DIST_UP_KM": 76.6, "CATCH_SKM": 25.23, "UPLAND_SKM": 2938.9, "ENDORHEIC": 0, "DIS_AV_CMS": 45.894, "ORD_STRA": 4, "ORD_CLAS": 2, "ORD_FLOW": 5, "HYBAS_L12": 4120602340 }, "geometry": { "type": "MultiLineString", "coordinates": [ [ [ 74.839583333333081, 35.26874999999945 ], [ 74.852083333333013, 35.281249999999424 ], [ 74.852083333333013, 35.289583333332793 ], [ 74.85624999999979, 35.293749999999442 ], [ 74.852083333333013, 35.297916666666104 ], [ 74.85624999999979, 35.302083333332767 ], [ 74.85624999999979, 35.306249999999416 ], [ 74.852083333333013, 35.310416666666121 ], [ 74.852083333333013, 35.314583333332784 ], [ 74.85624999999979, 35.318749999999433 ] ] ] } },
{ "type": "Feature", "properties": { "HYRIV_ID": 40503102, "NEXT_DOWN": 40502942, "MAIN_RIV": 41023100, "LENGTH_KM": 0.6, "DIST_DN_KM": 2225.5, "DIST_UP_KM": 70.0, "CATCH_SKM": 0.17, "UPLAND_SKM": 2870.0, "ENDORHEIC": 0, "DIS_AV_CMS": 44.98, "ORD_STRA": 4, "ORD_CLAS": 2, "ORD_FLOW": 5, "HYBAS_L12": 4120602340 }, "geometry": { "type": "MultiLineString", "coordinates": [ [ [ 74.843749999999801, 35.264583333332801 ], [ 74.839583333333081, 35.26874999999945 ] ] ] } },
{ "type": "Feature", "properties": { "HYRIV_ID": 40504699, "NEXT_DOWN": 40503102, "MAIN_RIV": 41023100, "LENGTH_KM": 5.31, "DIST_DN_KM": 2226.0, "DIST_UP_KM": 69.5, "CATCH_SKM": 18.23, "UPLAND_SKM": 1948.3, "ENDORHEIC": 0, "DIS_AV_CMS": 30.184, "ORD_STRA": 4, "ORD_CLAS": 2, "ORD_FLOW": 5, "HYBAS_L12": 4120606220 }, "geometry": { "type": "MultiLineString", "coordinates": [ [ [ 74.847916666666464, 35.22291666666613 ], [ 74.852083333333013, 35.227083333332779 ], [ 74.852083333333013, 35.235416666666104 ], [ 74.847916666666464, 35.239583333332767 ], [ 74.847916666666464, 35.243749999999459 ], [ 74.839583333333081, 35.252083333332784 ], [ 74.843749999999801, 35.256249999999476 ], [ 74.843749999999801, 35.264583333332801 ] ] ] } },
{ "type": "Feature", "properties": { "HYRIV_ID": 40505192, "NEXT_DOWN": 40504699, "MAIN_RIV": 41023100, "LENGTH_KM": 3.75, "DIST_DN_KM": 2231.5, "DIST_UP_KM": 64.0, "CATCH_SKM": 17.89, "UPLAND_SKM": 1869.0, "ENDORHEIC": 0, "DIS_AV_CMS": 29.012, "ORD_STRA": 4, "ORD_CLAS": 2, "ORD_FLOW": 5, "HYBAS_L12": 4120606220 }, "geometry": { "type": "MultiLineString", "coordinates": [ [ [ 74.818749999999767, 35.210416666666113 ], [ 74.82291666666643, 35.214583333332762 ], [ 74.831249999999756, 35.214583333332762 ], [ 74.835416666666418, 35.218749999999424 ], [ 74.839583333333081, 35.214583333332762 ], [ 74.847916666666464, 35.22291666666613 ] ] ] } },
{ "type": "Feature", "properties": { "HYRIV_ID": 40506290, "NEXT_DOWN": 40505192, "MAIN_RIV": 41023100, "LENGTH_KM": 5.08, "DIST_DN_KM": 2235.2, "DIST_UP_KM": 60.3, "CATCH_SKM": 17.54, "UPLAND_SKM": 1266.0, "ENDORHEIC": 0, "DIS_AV_CMS": 20.985, "ORD_STRA": 4, "ORD_CLAS": 2, "ORD_FLOW": 5, "HYBAS_L12": 4120608310 }, "geometry": { "type": "MultiLineString", "coordinates": [ [ [ 74.785416666666407, 35.185416666666121 ], [ 74.785416666666407, 35.197916666666138 ], [ 74.78958333333307, 35.202083333332787 ], [ 74.802083333333059, 35.202083333332787 ], [ 74.806249999999721, 35.20624999999945 ], [ 74.814583333333104, 35.20624999999945 ], [ 74.818749999999767, 35.210416666666113 ] ] ] } },
{ "type": "Feature", "properties": { "HYRIV_ID": 40506768, "NEXT_DOWN": 40506290, "MAIN_RIV": 41023100, "LENGTH_KM": 1.39, "DIST_DN_KM": 2240.1, "DIST_UP_KM": 55.4, "CATCH_SKM": 4.39, "UPLAND_SKM": 1239.2, "ENDORHEIC": 0, "DIS_AV_CMS": 20.599, "ORD_STRA": 4, "ORD_CLAS": 2, "ORD_FLOW": 5, "HYBAS_L12": 4120608310 }, "geometry": { "type": "MultiLineString", "coordinates": [ [ [ 74.785416666666407, 35.172916666666104 ], [ 74.785416666666407, 35.185416666666121 ] ] ] } },
{ "type": "Feature", "properties": { "HYRIV_ID": 40506937, "NEXT_DOWN": 40506768, "MAIN_RIV": 41023100, "LENGTH_KM": 0.6, "DIST_DN_KM": 2241.7, "DIST_UP_KM": 53.8, "CATCH_SKM": 0.17, "UPLAND_SKM": 1222.5, "ENDORHEIC": 0, "DIS_AV_CMS": 20.355, "ORD_STRA": 4, "ORD_CLAS": 2, "ORD_FLOW": 5, "HYBAS_L12": 4120608310 }, "geometry": { "type": "MultiLineString", "coordinates": [ [ [ 74.78958333333307, 35.168749999999442 ], [ 74.785416666666407, 35.172916666666104 ] ] ] } },
{ "type": "Feature", "properties": { "HYRIV_ID": 40507366, "NEXT_DOWN": 40506937, "MAIN_RIV": 41023100, "LENGTH_KM": 1.52, "DIST_DN_KM": 2242.1, "DIST_UP_KM": 53.4, "CATCH_SKM": 2.63, "UPLAND_SKM": 1205.3, "ENDORHEIC": 0, "DIS_AV_CMS": 20.1, "ORD_STRA": 4, "ORD_CLAS": 2, "ORD_FLOW": 5, "HYBAS_L12": 4120608310 }, "geometry": { "type": "MultiLineString", "coordinates": [ [ [ 74.793749999999733, 35.156249999999467 ], [ 74.78958333333307, 35.16041666666613 ], [ 74.78958333333307, 35.168749999999442 ] ] ] } },
{ "type": "Feature", "properties": { "HYRIV_ID": 40507530, "NEXT_DOWN": 40507366, "MAIN_RIV": 41023100, "LENGTH_KM": 0.6, "DIST_DN_KM": 2243.8, "DIST_UP_KM": 51.7, "CATCH_SKM": 2.11, "UPLAND_SKM": 1167.6, "ENDORHEIC": 0, "DIS_AV_CMS": 19.544, "ORD_STRA": 4, "ORD_CLAS": 2, "ORD_FLOW": 5, "HYBAS_L12": 4120608310 }, "geometry": { "type": "MultiLineString", "coordinates": [ [ [ 74.797916666666396, 35.152083333332804 ], [ 74.793749999999733, 35.156249999999467 ] ] ] } },
{ "type": "Feature", "properties": { "HYRIV_ID": 40508317, "NEXT_DOWN": 40507530, "MAIN_RIV": 41023100, "LENGTH_KM": 2.59, "DIST_DN_KM": 2244.2, "DIST_UP_KM": 51.3, "CATCH_SKM": 3.69, "UPLAND_SKM": 865.5, "ENDORHEIC": 0, "DIS_AV_CMS": 15.077, "ORD_STRA": 4, "ORD_CLAS": 2, "ORD_FLOW": 5, "HYBAS_L12": 4120610140 }, "geometry": { "type": "MultiLineString", "coordinates": [ [ [ 74.806249999999721, 35.131249999999476 ], [ 74.802083333333059, 35.135416666666124 ], [ 74.802083333333059, 35.14374999999945 ], [ 74.797916666666396, 35.147916666666113 ], [ 74.797916666666396, 35.152083333332804 ] ] ] } },
{ "type": "Feature", "properties": { "HYRIV_ID": 40509450, "NEXT_DOWN": 40508317, "MAIN_RIV": 41023100, "LENGTH_KM": 4.11, "DIST_DN_KM": 2246.8, "DIST_UP_KM": 48.6, "CATCH_SKM": 9.31, "UPLAND_SKM": 848.3, "ENDORHEIC": 0, "DIS_AV_CMS": 14.816, "ORD_STRA": 4, "ORD_CLAS": 2, "ORD_FLOW": 5, "HYBAS_L12": 4120610140 }, "geometry": { "type": "MultiLineString", "coordinates": [ [ [ 74.802083333333059, 35.097916666666116 ], [ 74.797916666666396, 35.102083333332779 ], [ 74.797916666666396, 35.11041666666609 ], [ 74.802083333333059, 35.114583333332753 ], [ 74.802083333333059, 35.118749999999459 ], [ 74.806249999999721, 35.122916666666107 ], [ 74.806249999999721, 35.131249999999476 ] ] ] } },
{ "type": "Feature", "properties": { "HYRIV_ID": 40510170, "NEXT_DOWN": 40509450, "MAIN_RIV": 41023100, "LENGTH_KM": 2.72, "DIST_DN_KM": 2251.1, "DIST_UP_KM": 44.4, "CATCH_SKM": 7.2, "UPLAND_SKM": 817.2, "ENDORHEIC": 0, "DIS_AV_CMS": 14.337, "ORD_STRA": 4, "ORD_CLAS": 2, "ORD_FLOW": 5, "HYBAS_L12": 4120610140 }, "geometry": { "type": "MultiLineString", "coordinates": [ [ [ 74.814583333333104, 35.077083333332787 ], [ 74.814583333333104, 35.08124999999945 ], [ 74.806249999999721, 35.089583333332762 ], [ 74.806249999999721, 35.093749999999424 ], [ 74.802083333333059, 35.097916666666116 ] ] ] } },
{ "type": "Feature", "properties": { "HYRIV_ID": 40511501, "NEXT_DOWN": 40510170, "MAIN_RIV": 41023100, "LENGTH_KM": 4.38, "DIST_DN_KM": 2253.9, "DIST_UP_KM": 41.6, "CATCH_SKM": 21.26, "UPLAND_SKM": 797.0, "ENDORHEIC": 0, "DIS_AV_CMS": 14.023, "ORD_STRA": 4, "ORD_CLAS": 2, "ORD_FLOW": 5, "HYBAS_L12": 4120610140 }, "geometry": { "type": "MultiLineString", "coordinates": [ [ [ 74.835416666666418, 35.043749999999442 ], [ 74.827083333333093, 35.052083333332753 ], [ 74.827083333333093, 35.056249999999459 ], [ 74.818749999999767, 35.06458333333277 ], [ 74.818749999999767, 35.072916666666124 ], [ 74.814583333333104, 35.077083333332787 ] ] ] } },
{ "type": "Feature", "properties": { "HYRIV_ID": 40511660, "NEXT_DOWN": 40511501, "MAIN_RIV": 41023100, "LENGTH_KM": 0.98, "DIST_DN_KM": 2258.1, "DIST_UP_KM": 37.4, "CATCH_SKM": 1.76, "UPLAND_SKM": 664.7, "ENDORHEIC": 0, "DIS_AV_CMS": 11.821, "ORD_STRA": 4, "ORD_CLAS": 2, "ORD_FLOW": 5, "HYBAS_L12": 4120613520 }, "geometry": { "type": "MultiLineString", "coordinates": [ [ [ 74.843749999999801, 35.039583333332779 ], [ 74.839583333333081, 35.043749999999442 ], [ 74.835416666666418, 35.043749999999442 ] ] ] } },
{ "type": "Feature", "properties": { "HYRIV_ID": 40512552, "NEXT_DOWN": 40511660, "MAIN_RIV": 41023100, "LENGTH_KM": 3.46, "DIST_DN_KM": 2259.2, "DIST_UP_KM": 36.2, "CATCH_SKM": 12.83, "UPLAND_SKM": 636.5, "ENDORHEIC": 0, "DIS_AV_CMS": 11.375, "ORD_STRA": 4, "ORD_CLAS": 2, "ORD_FLOW": 5, "HYBAS_L12": 4120613520 }, "geometry": { "type": "MultiLineString", "coordinates": [ [ [ 74.85624999999979, 35.014583333332787 ], [ 74.860416666666453, 35.018749999999436 ], [ 74.860416666666453, 35.022916666666099 ], [ 74.843749999999801, 35.039583333332779 ] ] ] } },
{ "type": "Feature", "properties": { "HYRIV_ID": 40513067, "NEXT_DOWN": 40512552, "MAIN_RIV": 41023100, "LENGTH_KM": 1.39, "DIST_DN_KM": 2262.6, "DIST_UP_KM": 32.9, "CATCH_SKM": 1.58, "UPLAND_SKM": 559.7, "ENDORHEIC": 0, "DIS_AV_CMS": 10.157, "ORD_STRA": 4, "ORD_CLAS": 2, "ORD_FLOW": 5, "HYBAS_L12": 4120613520 }, "geometry": { "type": "MultiLineString", "coordinates": [ [ [ 74.85624999999979, 35.00208333333277 ], [ 74.85624999999979, 35.014583333332787 ] ] ] } },
{ "type": "Feature", "properties": { "HYRIV_ID": 40513382, "NEXT_DOWN": 40513067, "MAIN_RIV": 41023100, "LENGTH_KM": 1.06, "DIST_DN_KM": 2263.9, "DIST_UP_KM": 31.5, "CATCH_SKM": 1.58, "UPLAND_SKM": 548.8, "ENDORHEIC": 0, "DIS_AV_CMS": 9.975, "ORD_STRA": 4, "ORD_CLAS": 2, "ORD_FLOW": 6, "HYBAS_L12": 4120613520 }, "geometry": { "type": "MultiLineString", "coordinates": [ [ [ 74.860416666666453, 34.993749999999444 ], [ 74.85624999999979, 34.997916666666107 ], [ 74.85624999999979, 35.00208333333277 ] ] ] } },
{ "type": "Feature", "properties": { "HYRIV_ID": 40514352, "NEXT_DOWN": 40513382, "MAIN_RIV": 41023100, "LENGTH_KM": 3.29, "DIST_DN_KM": 2265.0, "DIST_UP_KM": 30.5, "CATCH_SKM": 7.21, "UPLAND_SKM": 483.5, "ENDORHEIC": 0, "DIS_AV_CMS": 8.938, "ORD_STRA": 4, "ORD_CLAS": 2, "ORD_FLOW": 6, "HYBAS_L12": 4120613520 }, "geometry": { "type": "MultiLineString", "coordinates": [ [ [ 74.868749999999835, 34.96874999999941 ], [ 74.868749999999835, 34.977083333332779 ], [ 74.864583333333115, 34.981249999999427 ], [ 74.864583333333115, 34.993749999999444 ], [ 74.860416666666453, 34.993749999999444 ] ] ] } },
{ "type": "Feature", "properties": { "HYRIV_ID": 40481060, "NEXT_DOWN": 40481197, "MAIN_RIV": 41023100, "LENGTH_KM": 6.07, "DIST_DN_KM": 2445.1, "DIST_UP_KM": 60.0, "CATCH_SKM": 31.49, "UPLAND_SKM": 1061.1, "ENDORHEIC": 0, "DIS_AV_CMS": 4.895, "ORD_STRA": 4, "ORD_CLAS": 3, "ORD_FLOW": 6, "HYBAS_L12": 4120587530 }, "geometry": { "type": "MultiLineString", "coordinates": [ [ [ 75.331249999999699, 35.868749999999444 ], [ 75.364583333333115, 35.868749999999444 ], [ 75.368749999999778, 35.872916666666107 ], [ 75.372916666666441, 35.868749999999444 ], [ 75.393749999999812, 35.868749999999444 ] ] ] } },
{ "type": "Feature", "properties": { "HYRIV_ID": 40481197, "NEXT_DOWN": 40481669, "MAIN_RIV": 41023100, "LENGTH_KM": 1.35, "DIST_DN_KM": 2443.8, "DIST_UP_KM": 61.4, "CATCH_SKM": 2.61, "UPLAND_SKM": 1261.0, "ENDORHEIC": 0, "DIS_AV_CMS": 5.698, "ORD_STRA": 4, "ORD_CLAS": 3, "ORD_FLOW": 6, "HYBAS_L12": 4121366390 }, "geometry": { "type": "MultiLineString", "coordinates": [ [ [ 75.393749999999812, 35.868749999999444 ], [ 75.397916666666362, 35.868749999999444 ], [ 75.402083333333138, 35.864583333332796 ], [ 75.406249999999687, 35.864583333332796 ] ] ] } },
{ "type": "Feature", "properties": { "HYRIV_ID": 40481669, "NEXT_DOWN": 40482507, "MAIN_RIV": 41023100, "LENGTH_KM": 1.79, "DIST_DN_KM": 2442.2, "DIST_UP_KM": 63.0, "CATCH_SKM": 6.26, "UPLAND_SKM": 1296.3, "ENDORHEIC": 0, "DIS_AV_CMS": 5.85, "ORD_STRA": 4, "ORD_CLAS": 3, "ORD_FLOW": 6, "HYBAS_L12": 4121366390 }, "geometry": { "type": "MultiLineString", "coordinates": [ [ [ 75.406249999999687, 35.864583333332796 ], [ 75.418749999999847, 35.852083333332779 ] ] ] } },
{ "type": "Feature", "properties": { "HYRIV_ID": 40482507, "NEXT_DOWN": 40483103, "MAIN_RIV": 41023100, "LENGTH_KM": 3.05, "DIST_DN_KM": 2439.0, "DIST_UP_KM": 66.2, "CATCH_SKM": 10.79, "UPLAND_SKM": 1326.0, "ENDORHEIC": 0, "DIS_AV_CMS": 5.977, "ORD_STRA": 4, "ORD_CLAS": 3, "ORD_FLOW": 6, "HYBAS_L12": 4121366390 }, "geometry": { "type": "MultiLineString", "coordinates": [ [ [ 75.418749999999847, 35.852083333332779 ], [ 75.418749999999847, 35.847916666666116 ], [ 75.422916666666339, 35.843749999999453 ], [ 75.422916666666339, 35.835416666666099 ], [ 75.418749999999847, 35.831249999999436 ], [ 75.418749999999847, 35.82708333333273 ] ] ] } },
{ "type": "Feature", "properties": { "HYRIV_ID": 40483103, "NEXT_DOWN": 40483959, "MAIN_RIV": 41023100, "LENGTH_KM": 2.25, "DIST_DN_KM": 2436.9, "DIST_UP_KM": 68.3, "CATCH_SKM": 6.27, "UPLAND_SKM": 1347.3, "ENDORHEIC": 0, "DIS_AV_CMS": 6.073, "ORD_STRA": 4, "ORD_CLAS": 3, "ORD_FLOW": 6, "HYBAS_L12": 4121366390 }, "geometry": { "type": "MultiLineString", "coordinates": [ [ [ 75.418749999999847, 35.82708333333273 ], [ 75.414583333333013, 35.822916666666082 ], [ 75.414583333333013, 35.818749999999461 ], [ 75.406249999999687, 35.810416666666107 ] ] ] } },
{ "type": "Feature", "properties": { "HYRIV_ID": 40483959, "NEXT_DOWN": 40484726, "MAIN_RIV": 41023100, "LENGTH_KM": 3.05, "DIST_DN_KM": 2433.8, "DIST_UP_KM": 71.3, "CATCH_SKM": 16.02, "UPLAND_SKM": 1388.9, "ENDORHEIC": 0, "DIS_AV_CMS": 6.272, "ORD_STRA": 4, "ORD_CLAS": 3, "ORD_FLOW": 6, "HYBAS_L12": 4121366390 }, "geometry": { "type": "MultiLineString", "coordinates": [ [ [ 75.406249999999687, 35.810416666666107 ], [ 75.402083333333138, 35.806249999999444 ], [ 75.402083333333138, 35.789583333332764 ], [ 75.397916666666362, 35.785416666666116 ] ] ] } },
{ "type": "Feature", "properties": { "HYRIV_ID": 40484726, "NEXT_DOWN": 40485954, "MAIN_RIV": 41023100, "LENGTH_KM": 3.45, "DIST_DN_KM": 2430.3, "DIST_UP_KM": 74.8, "CATCH_SKM": 15.15, "UPLAND_SKM": 1423.9, "ENDORHEIC": 0, "DIS_AV_CMS": 6.447, "ORD_STRA": 4, "ORD_CLAS": 3, "ORD_FLOW": 6, "HYBAS_L12": 4121367690 }, "geometry": { "type": "MultiLineString", "coordinates": [ [ [ 75.397916666666362, 35.785416666666116 ], [ 75.393749999999812, 35.781249999999453 ], [ 75.397916666666362, 35.777083333332747 ], [ 75.393749999999812, 35.772916666666099 ], [ 75.393749999999812, 35.768749999999436 ], [ 75.397916666666362, 35.764583333332773 ], [ 75.393749999999812, 35.760416666666082 ] ] ] } },
{ "type": "Feature", "properties": { "HYRIV_ID": 40485563, "NEXT_DOWN": 40486898, "MAIN_RIV": 41023100, "LENGTH_KM": 2.48, "DIST_DN_KM": 2439.1, "DIST_UP_KM": 130.0, "CATCH_SKM": 12.02, "UPLAND_SKM": 3981.7, "ENDORHEIC": 0, "DIS_AV_CMS": 13.344, "ORD_STRA": 4, "ORD_CLAS": 2, "ORD_FLOW": 5, "HYBAS_L12": 4120590630 }, "geometry": { "type": "MultiLineString", "coordinates": [ [ [ 75.643749999999756, 35.735416666666076 ], [ 75.639583333333093, 35.739583333332781 ], [ 75.618749999999721, 35.739583333332781 ] ] ] } },
{ "type": "Feature", "properties": { "HYRIV_ID": 40485954, "NEXT_DOWN": 40486334, "MAIN_RIV": 41023100, "LENGTH_KM": 4.57, "DIST_DN_KM": 2425.8, "DIST_UP_KM": 79.4, "CATCH_SKM": 14.29, "UPLAND_SKM": 1489.2, "ENDORHEIC": 0, "DIS_AV_CMS": 6.794, "ORD_STRA": 4, "ORD_CLAS": 3, "ORD_FLOW": 6, "HYBAS_L12": 4121367690 }, "geometry": { "type": "MultiLineString", "coordinates": [ [ [ 75.393749999999812, 35.760416666666082 ], [ 75.393749999999812, 35.752083333332756 ], [ 75.402083333333138, 35.743749999999444 ], [ 75.402083333333138, 35.727083333332764 ], [ 75.406249999999687, 35.722916666666102 ] ] ] } },
{ "type": "Feature", "properties": { "HYRIV_ID": 40486334, "NEXT_DOWN": 40487784, "MAIN_RIV": 41023100, "LENGTH_KM": 1.66, "DIST_DN_KM": 2424.1, "DIST_UP_KM": 81.0, "CATCH_SKM": 4.36, "UPLAND_SKM": 1507.5, "ENDORHEIC": 0, "DIS_AV_CMS": 6.894, "ORD_STRA": 4, "ORD_CLAS": 3, "ORD_FLOW": 6, "HYBAS_L12": 4121367690 }, "geometry": { "type": "MultiLineString", "coordinates": [ [ [ 75.406249999999687, 35.722916666666102 ], [ 75.410416666666464, 35.718749999999453 ], [ 75.410416666666464, 35.71458333333279 ], [ 75.414583333333013, 35.710416666666084 ] ] ] } },
{ "type": "Feature", "properties": { "HYRIV_ID": 40486335, "NEXT_DOWN": 40485563, "MAIN_RIV": 41023100, "LENGTH_KM": 7.21, "DIST_DN_KM": 2441.8, "DIST_UP_KM": 127.3, "CATCH_SKM": 50.36, "UPLAND_SKM": 3954.1, "ENDORHEIC": 0, "DIS_AV_CMS": 13.223, "ORD_STRA": 4, "ORD_CLAS": 2, "ORD_FLOW": 5, "HYBAS_L12": 4120590630 }, "geometry": { "type": "MultiLineString", "coordinates": [ [ [ 75.706249999999699, 35.710416666666084 ], [ 75.706249999999699, 35.71458333333279 ], [ 75.697916666666373, 35.71458333333279 ], [ 75.69374999999971, 35.718749999999453 ], [ 75.689583333333047, 35.718749999999453 ], [ 75.685416666666384, 35.722916666666102 ], [ 75.681249999999665, 35.722916666666102 ], [ 75.677083333333172, 35.727083333332764 ], [ 75.672916666666339, 35.727083333332764 ], [ 75.66874999999979, 35.731249999999427 ], [ 75.647916666666418, 35.731249999999427 ], [ 75.643749999999756, 35.735416666666076 ] ] ] } },
{ "type": "Feature", "properties": { "HYRIV_ID": 40486738, "NEXT_DOWN": 40486335, "MAIN_RIV": 41023100, "LENGTH_KM": 2.17, "DIST_DN_KM": 2449.0, "DIST_UP_KM": 120.2, "CATCH_SKM": 7.67, "UPLAND_SKM": 3871.9, "ENDORHEIC": 0, "DIS_AV_CMS": 12.846, "ORD_STRA": 4, "ORD_CLAS": 2, "ORD_FLOW": 5, "HYBAS_L12": 4120590630 }, "geometry": { "type": "MultiLineString", "coordinates": [ [ [ 75.72291666666635, 35.697916666666067 ], [ 75.718749999999687, 35.697916666666067 ], [ 75.706249999999699, 35.710416666666084 ] ] ] } },
{ "type": "Feature", "properties": { "HYRIV_ID": 40486898, "NEXT_DOWN": 40487161, "MAIN_RIV": 41023100, "LENGTH_KM": 5.76, "DIST_DN_KM": 2433.6, "DIST_UP_KM": 135.6, "CATCH_SKM": 24.75, "UPLAND_SKM": 4261.9, "ENDORHEIC": 0, "DIS_AV_CMS": 14.557, "ORD_STRA": 4, "ORD_CLAS": 2, "ORD_FLOW": 5, "HYBAS_L12": 4120594850 }, "geometry": { "type": "MultiLineString", "coordinates": [ [ [ 75.618749999999721, 35.739583333332781 ], [ 75.614583333333059, 35.735416666666076 ], [ 75.614583333333059, 35.727083333332764 ], [ 75.610416666666396, 35.722916666666102 ], [ 75.610416666666396, 35.710416666666084 ], [ 75.60208333333307, 35.702083333332773 ], [ 75.60208333333307, 35.697916666666067 ], [ 75.606249999999733, 35.693749999999461 ] ] ] } },
{ "type": "Feature", "properties": { "HYRIV_ID": 40487161, "NEXT_DOWN": 40487327, "MAIN_RIV": 41023100, "LENGTH_KM": 1.95, "DIST_DN_KM": 2431.6, "DIST_UP_KM": 137.5, "CATCH_SKM": 6.28, "UPLAND_SKM": 4290.5, "ENDORHEIC": 0, "DIS_AV_CMS": 14.699, "ORD_STRA": 4, "ORD_CLAS": 2, "ORD_FLOW": 5, "HYBAS_L12": 4120594850 }, "geometry": { "type": "MultiLineString", "coordinates": [ [ [ 75.606249999999733, 35.693749999999461 ], [ 75.60208333333307, 35.689583333332756 ], [ 75.593749999999687, 35.689583333332756 ], [ 75.589583333333024, 35.685416666666093 ] ] ] } },
{ "type": "Feature", "properties": { "HYRIV_ID": 40487327, "NEXT_DOWN": 40490522, "MAIN_RIV": 41023100, "LENGTH_KM": 8.76, "DIST_DN_KM": 2422.7, "DIST_UP_KM": 146.5, "CATCH_SKM": 56.48, "UPLAND_SKM": 4359.0, "ENDORHEIC": 0, "DIS_AV_CMS": 15.055, "ORD_STRA": 4, "ORD_CLAS": 2, "ORD_FLOW": 5, "HYBAS_L12": 4120594850 }, "geometry": { "type": "MultiLineString", "coordinates": [ [ [ 75.589583333333024, 35.685416666666093 ], [ 75.585416666666362, 35.685416666666093 ], [ 75.581249999999699, 35.681249999999444 ], [ 75.572916666666373, 35.681249999999444 ], [ 75.560416666666384, 35.693749999999461 ], [ 75.556249999999721, 35.693749999999461 ], [ 75.539583333333013, 35.710416666666084 ], [ 75.53541666666635, 35.710416666666084 ], [ 75.531249999999687, 35.71458333333279 ], [ 75.514583333333093, 35.71458333333279 ] ] ] } },
{ "type": "Feature", "properties": { "HYRIV_ID": 40487784, "NEXT_DOWN": 40488252, "MAIN_RIV": 41023100, "LENGTH_KM": 6.83, "DIST_DN_KM": 2417.3, "DIST_UP_KM": 87.9, "CATCH_SKM": 31.9, "UPLAND_SKM": 1559.1, "ENDORHEIC": 0, "DIS_AV_CMS": 7.173, "ORD_STRA": 4, "ORD_CLAS": 3, "ORD_FLOW": 6, "HYBAS_L12": 4120595070 }, "geometry": { "type": "MultiLineString", "coordinates": [ [ [ 75.414583333333013, 35.710416666666084 ], [ 75.414583333333013, 35.706249999999436 ], [ 75.418749999999847, 35.702083333332773 ], [ 75.418749999999847, 35.697916666666067 ], [ 75.422916666666339, 35.693749999999461 ], [ 75.427083333333059, 35.693749999999461 ], [ 75.431249999999721, 35.689583333332756 ], [ 75.435416666666384, 35.689583333332756 ], [ 75.447916666666373, 35.677083333332781 ], [ 75.452083333333036, 35.677083333332781 ], [ 75.460416666666362, 35.668749999999427 ] ] ] } },
{ "type": "Feature", "properties": { "HYRIV_ID": 40488252, "NEXT_DOWN": 40489481, "MAIN_RIV": 41023100, "LENGTH_KM": 1.66, "DIST_DN_KM": 2415.6, "DIST_UP_KM": 89.5, "CATCH_SKM": 4.01, "UPLAND_SKM": 1600.3, "ENDORHEIC": 0, "DIS_AV_CMS": 7.423, "ORD_STRA": 4, "ORD_CLAS": 3, "ORD_FLOW": 6, "HYBAS_L12": 4120595070 }, "geometry": { "type": "MultiLineString", "coordinates": [ [ [ 75.460416666666362, 35.668749999999427 ], [ 75.464583333333024, 35.664583333332764 ], [ 75.464583333333024, 35.660416666666102 ], [ 75.468749999999744, 35.656249999999453 ] ] ] } },
{ "type": "Feature", "properties": { "HYRIV_ID": 40489481, "NEXT_DOWN": 40490354, "MAIN_RIV": 41023100, "LENGTH_KM": 5.37, "DIST_DN_KM": 2410.3, "DIST_UP_KM": 94.9, "CATCH_SKM": 20.41, "UPLAND_SKM": 1634.1, "ENDORHEIC": 0, "DIS_AV_CMS": 7.613, "ORD_STRA": 4, "ORD_CLAS": 3, "ORD_FLOW": 6, "HYBAS_L12": 4120595070 }, "geometry": { "type": "MultiLineString", "coordinates": [ [ [ 75.468749999999744, 35.656249999999453 ], [ 75.47708333333307, 35.656249999999453 ], [ 75.47708333333307, 35.639583333332773 ], [ 75.485416666666396, 35.631249999999405 ], [ 75.489583333333059, 35.631249999999405 ], [ 75.497916666666441, 35.622916666666093 ] ] ] } },
{ "type": "Feature", "properties": { "HYRIV_ID": 40490354, "NEXT_DOWN": 40490521, "MAIN_RIV": 41023100, "LENGTH_KM": 5.02, "DIST_DN_KM": 2405.2, "DIST_UP_KM": 99.9, "CATCH_SKM": 11.69, "UPLAND_SKM": 1657.5, "ENDORHEIC": 0, "DIS_AV_CMS": 7.757, "ORD_STRA": 4, "ORD_CLAS": 3, "ORD_FLOW": 6, "HYBAS_L12": 4120595070 }, "geometry": { "type": "MultiLineString", "coordinates": [ [ [ 75.497916666666441, 35.622916666666093 ], [ 75.502083333333104, 35.622916666666093 ], [ 75.506249999999767, 35.61874999999943 ], [ 75.506249999999767, 35.614583333332781 ], [ 75.514583333333093, 35.606249999999456 ], [ 75.518749999999812, 35.610416666666119 ], [ 75.531249999999687, 35.597916666666102 ] ] ] } },
{ "type": "Feature", "properties": { "HYRIV_ID": 40490521, "NEXT_DOWN": 40491141, "MAIN_RIV": 41023100, "LENGTH_KM": 1.35, "DIST_DN_KM": 2403.7, "DIST_UP_KM": 101.4, "CATCH_SKM": 1.75, "UPLAND_SKM": 1687.5, "ENDORHEIC": 0, "DIS_AV_CMS": 7.953, "ORD_STRA": 4, "ORD_CLAS": 3, "ORD_FLOW": 6, "HYBAS_L12": 4120595070 }, "geometry": { "type": "MultiLineString", "coordinates": [ [ [ 75.531249999999687, 35.597916666666102 ], [ 75.53541666666635, 35.597916666666102 ], [ 75.539583333333013, 35.593749999999439 ], [ 75.543749999999847, 35.593749999999439 ] ] ] } },
{ "type": "Feature", "properties": { "HYRIV_ID": 40490522, "NEXT_DOWN": 40491141, "MAIN_RIV": 41023100, "LENGTH_KM": 18.99, "DIST_DN_KM": 2403.9, "DIST_UP_KM": 165.2, "CATCH_SKM": 96.95, "UPLAND_SKM": 4475.8, "ENDORHEIC": 0, "DIS_AV_CMS": 15.632, "ORD_STRA": 4, "ORD_CLAS": 2, "ORD_FLOW": 5, "HYBAS_L12": 4120594850 }, "geometry": { "type": "MultiLineString", "coordinates": [ [ [ 75.514583333333093, 35.71458333333279 ], [ 75.497916666666441, 35.71458333333279 ], [ 75.493749999999778, 35.710416666666084 ], [ 75.489583333333059, 35.710416666666084 ], [ 75.481249999999733, 35.702083333332773 ], [ 75.481249999999733, 35.693749999999461 ], [ 75.47708333333307, 35.689583333332756 ], [ 75.47708333333307, 35.681249999999444 ], [ 75.481249999999733, 35.677083333332781 ], [ 75.481249999999733, 35.672916666666119 ], [ 75.502083333333104, 35.65208333333279 ], [ 75.506249999999767, 35.65208333333279 ], [ 75.514583333333093, 35.643749999999436 ], [ 75.518749999999812, 35.643749999999436 ], [ 75.522916666666475, 35.639583333332773 ], [ 75.522916666666475, 35.63541666666611 ], [ 75.531249999999687, 35.627083333332799 ], [ 75.53541666666635, 35.627083333332799 ], [ 75.547916666666339, 35.614583333332781 ], [ 75.547916666666339, 35.597916666666102 ], [ 75.543749999999847, 35.593749999999439 ] ] ] } },
{ "type": "Feature", "properties": { "HYRIV_ID": 40491141, "NEXT_DOWN": 40491300, "MAIN_RIV": 41023100, "LENGTH_KM": 2.25, "DIST_DN_KM": 2401.7, "DIST_UP_KM": 167.5, "CATCH_SKM": 8.03, "UPLAND_SKM": 6171.4, "ENDORHEIC": 0, "DIS_AV_CMS": 23.634, "ORD_STRA": 5, "ORD_CLAS": 2, "ORD_FLOW": 5, "HYBAS_L12": 4121369740 }, "geometry": { "type": "MultiLineString", "coordinates": [ [ [ 75.543749999999847, 35.593749999999439 ], [ 75.543749999999847, 35.58958333333279 ], [ 75.539583333333013, 35.585416666666127 ], [ 75.547916666666339, 35.577083333332773 ] ] ] } },
{ "type": "Feature", "properties": { "HYRIV_ID": 40491300, "NEXT_DOWN": 40492097, "MAIN_RIV": 41023100, "LENGTH_KM": 2.33, "DIST_DN_KM": 2399.2, "DIST_UP_KM": 170.0, "CATCH_SKM": 4.54, "UPLAND_SKM": 6197.2, "ENDORHEIC": 0, "DIS_AV_CMS": 23.802, "ORD_STRA": 5, "ORD_CLAS": 2, "ORD_FLOW": 5, "HYBAS_L12": 4121369740 }, "geometry": { "type": "MultiLineString", "coordinates": [ [ [ 75.547916666666339, 35.577083333332773 ], [ 75.552083333333059, 35.577083333332773 ], [ 75.556249999999721, 35.57291666666611 ], [ 75.560416666666384, 35.577083333332773 ], [ 75.56874999999971, 35.577083333332773 ] ] ] } },
{ "type": "Feature", "properties": { "HYRIV_ID": 40492097, "NEXT_DOWN": 40492405, "MAIN_RIV": 41023100, "LENGTH_KM": 3.18, "DIST_DN_KM": 2396.2, "DIST_UP_KM": 173.0, "CATCH_SKM": 9.08, "UPLAND_SKM": 6240.1, "ENDORHEIC": 0, "DIS_AV_CMS": 24.042, "ORD_STRA": 5, "ORD_CLAS": 2, "ORD_FLOW": 5, "HYBAS_L12": 4121369740 }, "geometry": { "type": "MultiLineString", "coordinates": [ [ [ 75.56874999999971, 35.577083333332773 ], [ 75.577083333333036, 35.568749999999447 ], [ 75.577083333333036, 35.55624999999943 ], [ 75.581249999999699, 35.552083333332781 ] ] ] } },
{ "type": "Feature", "properties": { "HYRIV_ID": 40492405, "NEXT_DOWN": 40492836, "MAIN_RIV": 41023100, "LENGTH_KM": 1.2, "DIST_DN_KM": 2395.0, "DIST_UP_KM": 174.2, "CATCH_SKM": 0.7, "UPLAND_SKM": 6289.1, "ENDORHEIC": 0, "DIS_AV_CMS": 24.349, "ORD_STRA": 5, "ORD_CLAS": 2, "ORD_FLOW": 5, "HYBAS_L12": 4121369740 }, "geometry": { "type": "MultiLineString", "coordinates": [ [ [ 75.581249999999699, 35.552083333332781 ], [ 75.589583333333024, 35.543749999999456 ] ] ] } },
{ "type": "Feature", "properties": { "HYRIV_ID": 40492836, "NEXT_DOWN": 40493009, "MAIN_RIV": 41023100, "LENGTH_KM": 1.79, "DIST_DN_KM": 2393.2, "DIST_UP_KM": 176.0, "CATCH_SKM": 12.22, "UPLAND_SKM": 6326.1, "ENDORHEIC": 0, "DIS_AV_CMS": 24.586, "ORD_STRA": 5, "ORD_CLAS": 2, "ORD_FLOW": 5, "HYBAS_L12": 4121370240 }, "geometry": { "type": "MultiLineString", "coordinates": [ [ [ 75.589583333333024, 35.543749999999456 ], [ 75.60208333333307, 35.531249999999439 ] ] ] } },
{ "type": "Feature", "properties": { "HYRIV_ID": 40493009, "NEXT_DOWN": 40493945, "MAIN_RIV": 41023100, "LENGTH_KM": 0.97, "DIST_DN_KM": 2392.0, "DIST_UP_KM": 177.2, "CATCH_SKM": 0.7, "UPLAND_SKM": 6337.5, "ENDORHEIC": 0, "DIS_AV_CMS": 24.659, "ORD_STRA": 5, "ORD_CLAS": 2, "ORD_FLOW": 5, "HYBAS_L12": 4121370240 }, "geometry": { "type": "MultiLineString", "coordinates": [ [ [ 75.60208333333307, 35.531249999999439 ], [ 75.606249999999733, 35.527083333332776 ], [ 75.610416666666396, 35.527083333332776 ] ] ] } },
{ "type": "Feature", "properties": { "HYRIV_ID": 40493945, "NEXT_DOWN": 40494128, "MAIN_RIV": 41023100, "LENGTH_KM": 4.96, "DIST_DN_KM": 2387.1, "DIST_UP_KM": 182.1, "CATCH_SKM": 35.81, "UPLAND_SKM": 6386.9, "ENDORHEIC": 0, "DIS_AV_CMS": 24.957, "ORD_STRA": 5, "ORD_CLAS": 2, "ORD_FLOW": 5, "HYBAS_L12": 4121370240 }, "geometry": { "type": "MultiLineString", "coordinates": [ [ [ 75.610416666666396, 35.527083333332776 ], [ 75.618749999999721, 35.518749999999464 ], [ 75.618749999999721, 35.514583333332759 ], [ 75.622916666666441, 35.51041666666611 ], [ 75.627083333333104, 35.51041666666611 ], [ 75.63541666666643, 35.502083333332784 ], [ 75.647916666666418, 35.502083333332784 ] ] ] } },
{ "type": "Feature", "properties": { "HYRIV_ID": 40494128, "NEXT_DOWN": 40494452, "MAIN_RIV": 41023100, "LENGTH_KM": 0.6, "DIST_DN_KM": 2386.7, "DIST_UP_KM": 182.5, "CATCH_SKM": 1.05, "UPLAND_SKM": 6432.6, "ENDORHEIC": 0, "DIS_AV_CMS": 25.202, "ORD_STRA": 5, "ORD_CLAS": 2, "ORD_FLOW": 5, "HYBAS_L12": 4121370240 }, "geometry": { "type": "MultiLineString", "coordinates": [ [ [ 75.647916666666418, 35.502083333332784 ], [ 75.652083333333138, 35.497916666666136 ] ] ] } },
{ "type": "Feature", "properties": { "HYRIV_ID": 40494452, "NEXT_DOWN": 40494933, "MAIN_RIV": 41023100, "LENGTH_KM": 1.2, "DIST_DN_KM": 2385.5, "DIST_UP_KM": 183.7, "CATCH_SKM": 7.34, "UPLAND_SKM": 6456.2, "ENDORHEIC": 0, "DIS_AV_CMS": 25.345, "ORD_STRA": 5, "ORD_CLAS": 2, "ORD_FLOW": 5, "HYBAS_L12": 4120600070 }, "geometry": { "type": "MultiLineString", "coordinates": [ [ [ 75.652083333333138, 35.497916666666136 ], [ 75.66041666666635, 35.489583333332767 ] ] ] } },
{ "type": "Feature", "properties": { "HYRIV_ID": 40494933, "NEXT_DOWN": 40495947, "MAIN_RIV": 41023100, "LENGTH_KM": 2.17, "DIST_DN_KM": 2383.3, "DIST_UP_KM": 185.9, "CATCH_SKM": 2.62, "UPLAND_SKM": 6478.1, "ENDORHEIC": 0, "DIS_AV_CMS": 25.479, "ORD_STRA": 5, "ORD_CLAS": 2, "ORD_FLOW": 5, "HYBAS_L12": 4120600070 }, "geometry": { "type": "MultiLineString", "coordinates": [ [ [ 75.66041666666635, 35.489583333332767 ], [ 75.664583333333013, 35.485416666666119 ], [ 75.66874999999979, 35.485416666666119 ], [ 75.677083333333172, 35.47708333333275 ] ] ] } },
{ "type": "Feature", "properties": { "HYRIV_ID": 40495947, "NEXT_DOWN": 40496892, "MAIN_RIV": 41023100, "LENGTH_KM": 3.69, "DIST_DN_KM": 2379.4, "DIST_UP_KM": 189.7, "CATCH_SKM": 20.46, "UPLAND_SKM": 6563.4, "ENDORHEIC": 0, "DIS_AV_CMS": 25.936, "ORD_STRA": 5, "ORD_CLAS": 2, "ORD_FLOW": 5, "HYBAS_L12": 4120600070 }, "geometry": { "type": "MultiLineString", "coordinates": [ [ [ 75.677083333333172, 35.47708333333275 ], [ 75.681249999999665, 35.472916666666102 ], [ 75.681249999999665, 35.464583333332776 ], [ 75.69374999999971, 35.452083333332801 ], [ 75.697916666666373, 35.452083333332801 ] ] ] } },
{ "type": "Feature", "properties": { "HYRIV_ID": 40496892, "NEXT_DOWN": 40498317, "MAIN_RIV": 41023100, "LENGTH_KM": 3.8, "DIST_DN_KM": 2375.7, "DIST_UP_KM": 193.5, "CATCH_SKM": 25.36, "UPLAND_SKM": 6695.3, "ENDORHEIC": 0, "DIS_AV_CMS": 26.608, "ORD_STRA": 5, "ORD_CLAS": 2, "ORD_FLOW": 5, "HYBAS_L12": 4120600530 }, "geometry": { "type": "MultiLineString", "coordinates": [ [ [ 75.697916666666373, 35.452083333332801 ], [ 75.702083333333036, 35.452083333332801 ], [ 75.706249999999699, 35.44791666666611 ], [ 75.710416666666362, 35.44791666666611 ], [ 75.714583333333024, 35.443749999999447 ], [ 75.714583333333024, 35.427083333332767 ] ] ] } },
{ "type": "Feature", "properties": { "HYRIV_ID": 40498317, "NEXT_DOWN": 40499705, "MAIN_RIV": 41023100, "LENGTH_KM": 4.98, "DIST_DN_KM": 2370.7, "DIST_UP_KM": 198.5, "CATCH_SKM": 21.87, "UPLAND_SKM": 6938.5, "ENDORHEIC": 0, "DIS_AV_CMS": 27.793, "ORD_STRA": 5, "ORD_CLAS": 2, "ORD_FLOW": 5, "HYBAS_L12": 4120603660 }, "geometry": { "type": "MultiLineString", "coordinates": [ [ [ 75.714583333333024, 35.427083333332767 ], [ 75.714583333333024, 35.422916666666104 ], [ 75.731249999999733, 35.406249999999481 ], [ 75.731249999999733, 35.402083333332776 ], [ 75.727083333333013, 35.397916666666113 ], [ 75.731249999999733, 35.393749999999464 ], [ 75.731249999999733, 35.389583333332801 ] ] ] } },
{ "type": "Feature", "properties": { "HYRIV_ID": 40499705, "NEXT_DOWN": 40500830, "MAIN_RIV": 41023100, "LENGTH_KM": 9.09, "DIST_DN_KM": 2361.6, "DIST_UP_KM": 207.6, "CATCH_SKM": 51.98, "UPLAND_SKM": 7002.7, "ENDORHEIC": 0, "DIS_AV_CMS": 28.183, "ORD_STRA": 5, "ORD_CLAS": 2, "ORD_FLOW": 5, "HYBAS_L12": 4120603660 }, "geometry": { "type": "MultiLineString", "coordinates": [ [ [ 75.731249999999733, 35.389583333332801 ], [ 75.731249999999733, 35.385416666666096 ], [ 75.727083333333013, 35.381249999999447 ], [ 75.72291666666635, 35.381249999999447 ], [ 75.714583333333024, 35.372916666666121 ], [ 75.710416666666362, 35.377083333332784 ], [ 75.706249999999699, 35.372916666666121 ], [ 75.69374999999971, 35.372916666666121 ], [ 75.685416666666384, 35.364583333332767 ], [ 75.677083333333172, 35.364583333332767 ], [ 75.664583333333013, 35.352083333332793 ], [ 75.66041666666635, 35.352083333332793 ] ] ] } },
{ "type": "Feature", "properties": { "HYRIV_ID": 40500830, "NEXT_DOWN": 40500829, "MAIN_RIV": 41023100, "LENGTH_KM": 5.18, "DIST_DN_KM": 2356.6, "DIST_UP_KM": 212.6, "CATCH_SKM": 23.11, "UPLAND_SKM": 7039.9, "ENDORHEIC": 0, "DIS_AV_CMS": 28.433, "ORD_STRA": 5, "ORD_CLAS": 2, "ORD_FLOW": 5, "HYBAS_L12": 4120603660 }, "geometry": { "type": "MultiLineString", "coordinates": [ [ [ 75.66041666666635, 35.352083333332793 ], [ 75.656249999999687, 35.352083333332793 ], [ 75.652083333333138, 35.34791666666613 ], [ 75.643749999999756, 35.34791666666613 ], [ 75.63541666666643, 35.339583333332776 ], [ 75.63541666666643, 35.335416666666113 ], [ 75.622916666666441, 35.322916666666138 ] ] ] } },
{ "type": "Feature", "properties": { "HYRIV_ID": 40472604, "NEXT_DOWN": 40473301, "MAIN_RIV": 41023100, "LENGTH_KM": 7.48, "DIST_DN_KM": 2266.2, "DIST_UP_KM": 228.0, "CATCH_SKM": 38.48, "UPLAND_SKM": 13069.2, "ENDORHEIC": 0, "DIS_AV_CMS": 23.591, "ORD_STRA": 5, "ORD_CLAS": 2, "ORD_FLOW": 5, "HYBAS_L12": 4120579620 }, "geometry": { "type": "MultiLineString", "coordinates": [ [ [ 74.285416666666407, 36.172916666666104 ], [ 74.285416666666407, 36.152083333332776 ], [ 74.297916666666453, 36.139583333332745 ], [ 74.29374999999979, 36.135416666666096 ], [ 74.29374999999979, 36.110416666666104 ] ] ] } },
{ "type": "Feature", "properties": { "HYRIV_ID": 40473301, "NEXT_DOWN": 40474013, "MAIN_RIV": 41023100, "LENGTH_KM": 2.32, "DIST_DN_KM": 2263.8, "DIST_UP_KM": 230.3, "CATCH_SKM": 6.59, "UPLAND_SKM": 13110.4, "ENDORHEIC": 0, "DIS_AV_CMS": 23.673, "ORD_STRA": 5, "ORD_CLAS": 2, "ORD_FLOW": 5, "HYBAS_L12": 4120579620 }, "geometry": { "type": "MultiLineString", "coordinates": [ [ [ 74.29374999999979, 36.110416666666104 ], [ 74.29374999999979, 36.089583333332762 ] ] ] } },
{ "type": "Feature", "properties": { "HYRIV_ID": 40474013, "NEXT_DOWN": 40475550, "MAIN_RIV": 41023100, "LENGTH_KM": 2.45, "DIST_DN_KM": 2261.5, "DIST_UP_KM": 232.6, "CATCH_SKM": 9.2, "UPLAND_SKM": 13398.1, "ENDORHEIC": 0, "DIS_AV_CMS": 24.427, "ORD_STRA": 5, "ORD_CLAS": 2, "ORD_FLOW": 5, "HYBAS_L12": 4120584910 }, "geometry": { "type": "MultiLineString", "coordinates": [ [ [ 74.29374999999979, 36.089583333332762 ], [ 74.29374999999979, 36.072916666666096 ], [ 74.28958333333307, 36.068749999999433 ] ] ] } },
{ "type": "Feature", "properties": { "HYRIV_ID": 40475550, "NEXT_DOWN": 40476060, "MAIN_RIV": 41023100, "LENGTH_KM": 4.77, "DIST_DN_KM": 2256.8, "DIST_UP_KM": 237.4, "CATCH_SKM": 18.57, "UPLAND_SKM": 13448.8, "ENDORHEIC": 0, "DIS_AV_CMS": 24.502, "ORD_STRA": 5, "ORD_CLAS": 2, "ORD_FLOW": 5, "HYBAS_L12": 4120584910 }, "geometry": { "type": "MultiLineString", "coordinates": [ [ [ 74.28958333333307, 36.068749999999433 ], [ 74.28958333333307, 36.031249999999424 ], [ 74.29374999999979, 36.027083333332762 ] ] ] } },
{ "type": "Feature", "properties": { "HYRIV_ID": 40476060, "NEXT_DOWN": 40478535, "MAIN_RIV": 41023100, "LENGTH_KM": 2.49, "DIST_DN_KM": 2254.1, "DIST_UP_KM": 240.0, "CATCH_SKM": 17.71, "UPLAND_SKM": 13492.7, "ENDORHEIC": 0, "DIS_AV_CMS": 24.598, "ORD_STRA": 5, "ORD_CLAS": 2, "ORD_FLOW": 5, "HYBAS_L12": 4120584910 }, "geometry": { "type": "MultiLineString", "coordinates": [ [ [ 74.29374999999979, 36.027083333332762 ], [ 74.297916666666453, 36.027083333332762 ], [ 74.297916666666453, 36.022916666666099 ], [ 74.306249999999778, 36.014583333332787 ], [ 74.306249999999778, 36.010416666666082 ] ] ] } },
{ "type": "Feature", "properties": { "HYRIV_ID": 40462044, "NEXT_DOWN": 40463218, "MAIN_RIV": 41023100, "LENGTH_KM": 2.91, "DIST_DN_KM": 2308.6, "DIST_UP_KM": 29.9, "CATCH_SKM": 9.84, "UPLAND_SKM": 510.1, "ENDORHEIC": 0, "DIS_AV_CMS": 1.23, "ORD_STRA": 4, "ORD_CLAS": 3, "ORD_FLOW": 6, "HYBAS_L12": 4120571880 }, "geometry": { "type": "MultiLineString", "coordinates": [ [ [ 74.29374999999979, 36.443749999999447 ], [ 74.29374999999979, 36.427083333332767 ], [ 74.28958333333307, 36.422916666666076 ], [ 74.28958333333307, 36.418749999999413 ] ] ] } },
{ "type": "Feature", "properties": { "HYRIV_ID": 40463218, "NEXT_DOWN": 40463767, "MAIN_RIV": 41023100, "LENGTH_KM": 3.84, "DIST_DN_KM": 2304.7, "DIST_UP_KM": 33.8, "CATCH_SKM": 21.42, "UPLAND_SKM": 549.6, "ENDORHEIC": 0, "DIS_AV_CMS": 1.324, "ORD_STRA": 4, "ORD_CLAS": 3, "ORD_FLOW": 6, "HYBAS_L12": 4120571880 }, "geometry": { "type": "MultiLineString", "coordinates": [ [ [ 74.28958333333307, 36.418749999999413 ], [ 74.28958333333307, 36.406249999999439 ], [ 74.285416666666407, 36.402083333332733 ], [ 74.285416666666407, 36.38541666666611 ] ] ] } },
{ "type": "Feature", "properties": { "HYRIV_ID": 40463767, "NEXT_DOWN": 40465092, "MAIN_RIV": 41023100, "LENGTH_KM": 1.99, "DIST_DN_KM": 2302.9, "DIST_UP_KM": 35.6, "CATCH_SKM": 3.28, "UPLAND_SKM": 569.5, "ENDORHEIC": 0, "DIS_AV_CMS": 1.372, "ORD_STRA": 4, "ORD_CLAS": 3, "ORD_FLOW": 6, "HYBAS_L12": 4120571880 }, "geometry": { "type": "MultiLineString", "coordinates": [ [ [ 74.285416666666407, 36.38541666666611 ], [ 74.285416666666407, 36.372916666666093 ], [ 74.28958333333307, 36.36874999999943 ] ] ] } },
{ "type": "Feature", "properties": { "HYRIV_ID": 40465092, "NEXT_DOWN": 40465652, "MAIN_RIV": 41023100, "LENGTH_KM": 4.57, "DIST_DN_KM": 2298.3, "DIST_UP_KM": 40.2, "CATCH_SKM": 20.05, "UPLAND_SKM": 617.9, "ENDORHEIC": 0, "DIS_AV_CMS": 1.486, "ORD_STRA": 4, "ORD_CLAS": 3, "ORD_FLOW": 6, "HYBAS_L12": 4120571880 }, "geometry": { "type": "MultiLineString", "coordinates": [ [ [ 74.28958333333307, 36.36874999999943 ], [ 74.285416666666407, 36.364583333332725 ], [ 74.285416666666407, 36.360416666666119 ], [ 74.28958333333307, 36.356249999999456 ], [ 74.28958333333307, 36.33541666666607 ], [ 74.29374999999979, 36.331249999999422 ] ] ] } },
{ "type": "Feature", "properties": { "HYRIV_ID": 40465652, "NEXT_DOWN": 40466676, "MAIN_RIV": 41023100, "LENGTH_KM": 2.12, "DIST_DN_KM": 2296.2, "DIST_UP_KM": 42.3, "CATCH_SKM": 10.38, "UPLAND_SKM": 814.6, "ENDORHEIC": 0, "DIS_AV_CMS": 1.996, "ORD_STRA": 4, "ORD_CLAS": 3, "ORD_FLOW": 6, "HYBAS_L12": 4120574180 }, "geometry": { "type": "MultiLineString", "coordinates": [ [ [ 74.29374999999979, 36.331249999999422 ], [ 74.29374999999979, 36.327083333332759 ], [ 74.297916666666453, 36.322916666666096 ], [ 74.297916666666453, 36.318749999999447 ], [ 74.302083333333115, 36.314583333332784 ] ] ] } },
{ "type": "Feature", "properties": { "HYRIV_ID": 40465809, "NEXT_DOWN": 40465955, "MAIN_RIV": 41023100, "LENGTH_KM": 0.37, "DIST_DN_KM": 2323.3, "DIST_UP_KM": 170.9, "CATCH_SKM": 1.21, "UPLAND_SKM": 10883.3, "ENDORHEIC": 0, "DIS_AV_CMS": 19.4, "ORD_STRA": 5, "ORD_CLAS": 2, "ORD_FLOW": 5, "HYBAS_L12": 4120573110 }, "geometry": { "type": "MultiLineString", "coordinates": [ [ [ 74.66458333333307, 36.310416666666079 ], [ 74.660416666666407, 36.310416666666079 ] ] ] } },
{ "type": "Feature", "properties": { "HYRIV_ID": 40465955, "NEXT_DOWN": 40466407, "MAIN_RIV": 41023100, "LENGTH_KM": 2.46, "DIST_DN_KM": 2321.0, "DIST_UP_KM": 173.1, "CATCH_SKM": 11.59, "UPLAND_SKM": 10922.8, "ENDORHEIC": 0, "DIS_AV_CMS": 19.405, "ORD_STRA": 5, "ORD_CLAS": 2, "ORD_FLOW": 5, "HYBAS_L12": 4120573110 }, "geometry": { "type": "MultiLineString", "coordinates": [ [ [ 74.660416666666407, 36.310416666666079 ], [ 74.639583333333036, 36.310416666666079 ], [ 74.635416666666373, 36.30624999999943 ] ] ] } },
{ "type": "Feature", "properties": { "HYRIV_ID": 40465956, "NEXT_DOWN": 40465809, "MAIN_RIV": 41023100, "LENGTH_KM": 0.59, "DIST_DN_KM": 2323.9, "DIST_UP_KM": 170.3, "CATCH_SKM": 0.52, "UPLAND_SKM": 10818.8, "ENDORHEIC": 0, "DIS_AV_CMS": 19.245, "ORD_STRA": 5, "ORD_CLAS": 2, "ORD_FLOW": 5, "HYBAS_L12": 4120573110 }, "geometry": { "type": "MultiLineString", "coordinates": [ [ [ 74.668749999999733, 36.30624999999943 ], [ 74.66458333333307, 36.310416666666079 ] ] ] } },
{ "type": "Feature", "properties": { "HYRIV_ID": 40466117, "NEXT_DOWN": 40465956, "MAIN_RIV": 41023100, "LENGTH_KM": 8.05, "DIST_DN_KM": 2324.4, "DIST_UP_KM": 169.7, "CATCH_SKM": 36.32, "UPLAND_SKM": 9009.9, "ENDORHEIC": 0, "DIS_AV_CMS": 13.63, "ORD_STRA": 5, "ORD_CLAS": 2, "ORD_FLOW": 5, "HYBAS_L12": 4120572760 }, "geometry": { "type": "MultiLineString", "coordinates": [ [ [ 74.743749999999721, 36.30624999999943 ], [ 74.739583333333172, 36.302083333332767 ], [ 74.722916666666464, 36.302083333332767 ], [ 74.718749999999687, 36.30624999999943 ], [ 74.714583333333138, 36.30624999999943 ], [ 74.710416666666475, 36.310416666666079 ], [ 74.702083333333093, 36.310416666666079 ], [ 74.69791666666643, 36.314583333332784 ], [ 74.677083333333059, 36.314583333332784 ], [ 74.668749999999733, 36.30624999999943 ] ] ] } },
{ "type": "Feature", "properties": { "HYRIV_ID": 40466407, "NEXT_DOWN": 40467450, "MAIN_RIV": 41023100, "LENGTH_KM": 2.9, "DIST_DN_KM": 2318.1, "DIST_UP_KM": 176.0, "CATCH_SKM": 14.88, "UPLAND_SKM": 10965.7, "ENDORHEIC": 0, "DIS_AV_CMS": 19.419, "ORD_STRA": 5, "ORD_CLAS": 2, "ORD_FLOW": 5, "HYBAS_L12": 4120573110 }, "geometry": { "type": "MultiLineString", "coordinates": [ [ [ 74.635416666666373, 36.30624999999943 ], [ 74.63124999999971, 36.30624999999943 ], [ 74.622916666666384, 36.297916666666062 ], [ 74.614583333333059, 36.297916666666062 ], [ 74.610416666666509, 36.293749999999413 ] ] ] } },
{ "type": "Feature", "properties": { "HYRIV_ID": 40466676, "NEXT_DOWN": 40467571, "MAIN_RIV": 41023100, "LENGTH_KM": 3.9, "DIST_DN_KM": 2292.3, "DIST_UP_KM": 46.2, "CATCH_SKM": 18.16, "UPLAND_SKM": 844.4, "ENDORHEIC": 0, "DIS_AV_CMS": 2.065, "ORD_STRA": 4, "ORD_CLAS": 3, "ORD_FLOW": 6, "HYBAS_L12": 4120574180 }, "geometry": { "type": "MultiLineString", "coordinates": [ [ [ 74.302083333333115, 36.314583333332784 ], [ 74.302083333333115, 36.310416666666079 ], [ 74.310416666666441, 36.302083333332767 ], [ 74.310416666666441, 36.297916666666062 ], [ 74.322916666666487, 36.285416666666087 ] ] ] } },
{ "type": "Feature", "properties": { "HYRIV_ID": 40466814, "NEXT_DOWN": 40465956, "MAIN_RIV": 41023100, "LENGTH_KM": 5.44, "DIST_DN_KM": 2324.4, "DIST_UP_KM": 98.0, "CATCH_SKM": 16.09, "UPLAND_SKM": 1808.4, "ENDORHEIC": 0, "DIS_AV_CMS": 5.628, "ORD_STRA": 4, "ORD_CLAS": 3, "ORD_FLOW": 6, "HYBAS_L12": 4120573010 }, "geometry": { "type": "MultiLineString", "coordinates": [ [ [ 74.714583333333138, 36.281249999999439 ], [ 74.710416666666475, 36.281249999999439 ], [ 74.706249999999756, 36.285416666666087 ], [ 74.702083333333093, 36.285416666666087 ], [ 74.69791666666643, 36.28958333333275 ], [ 74.693749999999767, 36.28958333333275 ], [ 74.685416666666441, 36.297916666666062 ], [ 74.677083333333059, 36.297916666666062 ], [ 74.668749999999733, 36.30624999999943 ] ] ] } },
{ "type": "Feature", "properties": { "HYRIV_ID": 40467450, "NEXT_DOWN": 40467723, "MAIN_RIV": 41023100, "LENGTH_KM": 7.05, "DIST_DN_KM": 2311.1, "DIST_UP_KM": 183.1, "CATCH_SKM": 24.57, "UPLAND_SKM": 11338.6, "ENDORHEIC": 0, "DIS_AV_CMS": 20.032, "ORD_STRA": 5, "ORD_CLAS": 2, "ORD_FLOW": 5, "HYBAS_L12": 4120574190 }, "geometry": { "type": "MultiLineString", "coordinates": [ [ [ 74.610416666666509, 36.293749999999413 ], [ 74.614583333333059, 36.28958333333275 ], [ 74.614583333333059, 36.281249999999439 ], [ 74.606249999999847, 36.27291666666607 ], [ 74.597916666666464, 36.27291666666607 ], [ 74.593749999999687, 36.277083333332776 ], [ 74.585416666666475, 36.277083333332776 ], [ 74.577083333333093, 36.268749999999422 ], [ 74.577083333333093, 36.264583333332759 ], [ 74.57291666666643, 36.260416666666096 ] ] ] } },
{ "type": "Feature", "properties": { "HYRIV_ID": 40467571, "NEXT_DOWN": 40468204, "MAIN_RIV": 41023100, "LENGTH_KM": 4.89, "DIST_DN_KM": 2287.2, "DIST_UP_KM": 51.3, "CATCH_SKM": 10.73, "UPLAND_SKM": 950.2, "ENDORHEIC": 0, "DIS_AV_CMS": 2.311, "ORD_STRA": 4, "ORD_CLAS": 3, "ORD_FLOW": 6, "HYBAS_L12": 4120574180 }, "geometry": { "type": "MultiLineString", "coordinates": [ [ [ 74.322916666666487, 36.285416666666087 ], [ 74.327083333333036, 36.281249999999439 ], [ 74.331249999999812, 36.281249999999439 ], [ 74.339583333333138, 36.27291666666607 ], [ 74.339583333333138, 36.260416666666096 ], [ 74.343749999999687, 36.256249999999447 ], [ 74.35208333333307, 36.256249999999447 ] ] ] } },
{ "type": "Feature", "properties": { "HYRIV_ID": 40467572, "NEXT_DOWN": 40468204, "MAIN_RIV": 41023100, "LENGTH_KM": 1.56, "DIST_DN_KM": 2287.4, "DIST_UP_KM": 206.8, "CATCH_SKM": 5.02, "UPLAND_SKM": 11755.0, "ENDORHEIC": 0, "DIS_AV_CMS": 20.615, "ORD_STRA": 5, "ORD_CLAS": 2, "ORD_FLOW": 5, "HYBAS_L12": 4120574100 }, "geometry": { "type": "MultiLineString", "coordinates": [ [ [ 74.364583333333059, 36.256249999999447 ], [ 74.360416666666396, 36.260416666666096 ], [ 74.356249999999733, 36.260416666666096 ], [ 74.35208333333307, 36.256249999999447 ] ] ] } },
{ "type": "Feature", "properties": { "HYRIV_ID": 40467575, "NEXT_DOWN": 40466814, "MAIN_RIV": 41023100, "LENGTH_KM": 5.68, "DIST_DN_KM": 2329.7, "DIST_UP_KM": 92.8, "CATCH_SKM": 16.09, "UPLAND_SKM": 1777.4, "ENDORHEIC": 0, "DIS_AV_CMS": 5.592, "ORD_STRA": 4, "ORD_CLAS": 3, "ORD_FLOW": 6, "HYBAS_L12": 4120573010 }, "geometry": { "type": "MultiLineString", "coordinates": [ [ [ 74.760416666666373, 36.256249999999447 ], [ 74.760416666666373, 36.260416666666096 ], [ 74.752083333333047, 36.268749999999422 ], [ 74.747916666666384, 36.268749999999422 ], [ 74.739583333333172, 36.277083333332776 ], [ 74.735416666666509, 36.277083333332776 ], [ 74.73124999999979, 36.281249999999439 ], [ 74.714583333333138, 36.281249999999439 ] ] ] } },
{ "type": "Feature", "properties": { "HYRIV_ID": 40467722, "NEXT_DOWN": 40468054, "MAIN_RIV": 41023100, "LENGTH_KM": 2.09, "DIST_DN_KM": 2304.4, "DIST_UP_KM": 189.7, "CATCH_SKM": 9.17, "UPLAND_SKM": 11530.3, "ENDORHEIC": 0, "DIS_AV_CMS": 20.323, "ORD_STRA": 5, "ORD_CLAS": 2, "ORD_FLOW": 5, "HYBAS_L12": 4120574100 }, "geometry": { "type": "MultiLineString", "coordinates": [ [ [ 74.531249999999744, 36.256249999999447 ], [ 74.522916666666362, 36.256249999999447 ], [ 74.518749999999756, 36.252083333332784 ], [ 74.510416666666373, 36.252083333332784 ] ] ] } },
{ "type": "Feature", "properties": { "HYRIV_ID": 40467723, "NEXT_DOWN": 40467722, "MAIN_RIV": 41023100, "LENGTH_KM": 4.4, "DIST_DN_KM": 2306.5, "DIST_UP_KM": 187.6, "CATCH_SKM": 26.83, "UPLAND_SKM": 11382.4, "ENDORHEIC": 0, "DIS_AV_CMS": 19.996, "ORD_STRA": 5, "ORD_CLAS": 2, "ORD_FLOW": 5, "HYBAS_L12": 4120574190 }, "geometry": { "type": "MultiLineString", "coordinates": [ [ [ 74.57291666666643, 36.260416666666096 ], [ 74.568749999999767, 36.256249999999447 ], [ 74.564583333333104, 36.256249999999447 ], [ 74.560416666666441, 36.252083333332784 ], [ 74.552083333333059, 36.252083333332784 ], [ 74.547916666666396, 36.256249999999447 ], [ 74.531249999999744, 36.256249999999447 ] ] ] } },
{ "type": "Feature", "properties": { "HYRIV_ID": 40468052, "NEXT_DOWN": 40468349, "MAIN_RIV": 41023100, "LENGTH_KM": 0.75, "DIST_DN_KM": 2296.9, "DIST_UP_KM": 197.3, "CATCH_SKM": 1.73, "UPLAND_SKM": 11623.1, "ENDORHEIC": 0, "DIS_AV_CMS": 20.42, "ORD_STRA": 5, "ORD_CLAS": 2, "ORD_FLOW": 5, "HYBAS_L12": 4120574100 }, "geometry": { "type": "MultiLineString", "coordinates": [ [ [ 74.443749999999767, 36.24374999999943 ], [ 74.435416666666441, 36.24374999999943 ] ] ] } },
{ "type": "Feature", "properties": { "HYRIV_ID": 40468053, "NEXT_DOWN": 40468052, "MAIN_RIV": 41023100, "LENGTH_KM": 4.55, "DIST_DN_KM": 2297.6, "DIST_UP_KM": 196.6, "CATCH_SKM": 18.52, "UPLAND_SKM": 11589.7, "ENDORHEIC": 0, "DIS_AV_CMS": 20.344, "ORD_STRA": 5, "ORD_CLAS": 2, "ORD_FLOW": 5, "HYBAS_L12": 4120574100 }, "geometry": { "type": "MultiLineString", "coordinates": [ [ [ 74.489583333333059, 36.24374999999943 ], [ 74.481249999999733, 36.24374999999943 ], [ 74.477083333333184, 36.247916666666121 ], [ 74.472916666666464, 36.24374999999943 ], [ 74.443749999999767, 36.24374999999943 ] ] ] } },
{ "type": "Feature", "properties": { "HYRIV_ID": 40468054, "NEXT_DOWN": 40468053, "MAIN_RIV": 41023100, "LENGTH_KM": 2.31, "DIST_DN_KM": 2302.1, "DIST_UP_KM": 192.0, "CATCH_SKM": 9.87, "UPLAND_SKM": 11557.0, "ENDORHEIC": 0, "DIS_AV_CMS": 20.331, "ORD_STRA": 5, "ORD_CLAS": 2, "ORD_FLOW": 5, "HYBAS_L12": 4120574100 }, "geometry": { "type": "MultiLineString", "coordinates": [ [ [ 74.510416666666373, 36.252083333332784 ], [ 74.50624999999971, 36.252083333332784 ], [ 74.497916666666384, 36.24374999999943 ], [ 74.489583333333059, 36.24374999999943 ] ] ] } },
{ "type": "Feature", "properties": { "HYRIV_ID": 40468204, "NEXT_DOWN": 40469157, "MAIN_RIV": 41023100, "LENGTH_KM": 3.74, "DIST_DN_KM": 2283.5, "DIST_UP_KM": 210.7, "CATCH_SKM": 10.21, "UPLAND_SKM": 12715.4, "ENDORHEIC": 0, "DIS_AV_CMS": 22.894, "ORD_STRA": 5, "ORD_CLAS": 2, "ORD_FLOW": 5, "HYBAS_L12": 4120574790 }, "geometry": { "type": "MultiLineString", "coordinates": [ [ [ 74.35208333333307, 36.256249999999447 ], [ 74.35208333333307, 36.252083333332784 ], [ 74.347916666666521, 36.247916666666121 ], [ 74.339583333333138, 36.247916666666121 ], [ 74.335416666666362, 36.24374999999943 ], [ 74.331249999999812, 36.24374999999943 ], [ 74.327083333333036, 36.239583333332767 ], [ 74.322916666666487, 36.239583333332767 ] ] ] } },
{ "type": "Feature", "properties": { "HYRIV_ID": 40468348, "NEXT_DOWN": 40467572, "MAIN_RIV": 41023100, "LENGTH_KM": 6.95, "DIST_DN_KM": 2288.8, "DIST_UP_KM": 205.4, "CATCH_SKM": 44.5, "UPLAND_SKM": 11735.0, "ENDORHEIC": 0, "DIS_AV_CMS": 20.585, "ORD_STRA": 5, "ORD_CLAS": 2, "ORD_FLOW": 5, "HYBAS_L12": 4120574100 }, "geometry": { "type": "MultiLineString", "coordinates": [ [ [ 74.427083333333115, 36.235416666666104 ], [ 74.422916666666453, 36.235416666666104 ], [ 74.418749999999733, 36.239583333332767 ], [ 74.410416666666407, 36.239583333332767 ], [ 74.406249999999744, 36.24374999999943 ], [ 74.393749999999756, 36.24374999999943 ], [ 74.389583333333036, 36.247916666666121 ], [ 74.368749999999721, 36.247916666666121 ], [ 74.364583333333059, 36.252083333332784 ], [ 74.364583333333059, 36.256249999999447 ] ] ] } },
{ "type": "Feature", "properties": { "HYRIV_ID": 40468349, "NEXT_DOWN": 40468348, "MAIN_RIV": 41023100, "LENGTH_KM": 1.19, "DIST_DN_KM": 2295.9, "DIST_UP_KM": 198.3, "CATCH_SKM": 1.73, "UPLAND_SKM": 11668.5, "ENDORHEIC": 0, "DIS_AV_CMS": 20.517, "ORD_STRA": 5, "ORD_CLAS": 2, "ORD_FLOW": 5, "HYBAS_L12": 4120574100 }, "geometry": { "type": "MultiLineString", "coordinates": [ [ [ 74.435416666666441, 36.24374999999943 ], [ 74.427083333333115, 36.235416666666104 ] ] ] } },
{ "type": "Feature", "properties": { "HYRIV_ID": 40469157, "NEXT_DOWN": 40469969, "MAIN_RIV": 41023100, "LENGTH_KM": 4.39, "DIST_DN_KM": 2279.1, "DIST_UP_KM": 215.1, "CATCH_SKM": 18.7, "UPLAND_SKM": 12854.9, "ENDORHEIC": 0, "DIS_AV_CMS": 23.188, "ORD_STRA": 5, "ORD_CLAS": 2, "ORD_FLOW": 5, "HYBAS_L12": 4120576530 }, "geometry": { "type": "MultiLineString", "coordinates": [ [ [ 74.322916666666487, 36.239583333332767 ], [ 74.314583333333104, 36.239583333332767 ], [ 74.306249999999778, 36.231249999999399 ], [ 74.306249999999778, 36.218749999999424 ], [ 74.310416666666441, 36.214583333332776 ], [ 74.310416666666441, 36.210416666666113 ] ] ] } },
{ "type": "Feature", "properties": { "HYRIV_ID": 40469969, "NEXT_DOWN": 40470459, "MAIN_RIV": 41023100, "LENGTH_KM": 3.18, "DIST_DN_KM": 2276.1, "DIST_UP_KM": 218.1, "CATCH_SKM": 8.14, "UPLAND_SKM": 12874.7, "ENDORHEIC": 0, "DIS_AV_CMS": 23.196, "ORD_STRA": 5, "ORD_CLAS": 2, "ORD_FLOW": 5, "HYBAS_L12": 4120576530 }, "geometry": { "type": "MultiLineString", "coordinates": [ [ [ 74.310416666666441, 36.210416666666113 ], [ 74.310416666666441, 36.202083333332759 ], [ 74.306249999999778, 36.197916666666096 ], [ 74.306249999999778, 36.193749999999433 ], [ 74.297916666666453, 36.185416666666121 ] ] ] } },
{ "type": "Feature", "properties": { "HYRIV_ID": 40470459, "NEXT_DOWN": 40472604, "MAIN_RIV": 41023100, "LENGTH_KM": 2.27, "DIST_DN_KM": 2273.6, "DIST_UP_KM": 220.5, "CATCH_SKM": 10.74, "UPLAND_SKM": 12998.8, "ENDORHEIC": 0, "DIS_AV_CMS": 23.51, "ORD_STRA": 5, "ORD_CLAS": 2, "ORD_FLOW": 5, "HYBAS_L12": 4120579620 }, "geometry": { "type": "MultiLineString", "coordinates": [ [ [ 74.297916666666453, 36.185416666666121 ], [ 74.28958333333307, 36.185416666666121 ], [ 74.285416666666407, 36.181249999999416 ], [ 74.285416666666407, 36.172916666666104 ] ] ] } },
{ "type": "Feature", "properties": { "HYRIV_ID": 40473299, "NEXT_DOWN": 40474012, "MAIN_RIV": 41023100, "LENGTH_KM": 3.44, "DIST_DN_KM": 2283.6, "DIST_UP_KM": 190.9, "CATCH_SKM": 14.05, "UPLAND_SKM": 11625.8, "ENDORHEIC": 0, "DIS_AV_CMS": 52.973, "ORD_STRA": 5, "ORD_CLAS": 3, "ORD_FLOW": 5, "HYBAS_L12": 4120579750 }, "geometry": { "type": "MultiLineString", "coordinates": [ [ [ 74.002083333333104, 36.097916666666087 ], [ 74.014583333333093, 36.097916666666087 ], [ 74.022916666666418, 36.089583333332762 ], [ 74.035416666666464, 36.089583333332762 ] ] ] } },
{ "type": "Feature", "properties": { "HYRIV_ID": 40474012, "NEXT_DOWN": 40474749, "MAIN_RIV": 41023100, "LENGTH_KM": 5.6, "DIST_DN_KM": 2278.0, "DIST_UP_KM": 196.4, "CATCH_SKM": 40.25, "UPLAND_SKM": 11837.8, "ENDORHEIC": 0, "DIS_AV_CMS": 53.396, "ORD_STRA": 5, "ORD_CLAS": 3, "ORD_FLOW": 5, "HYBAS_L12": 4121362850 }, "geometry": { "type": "MultiLineString", "coordinates": [ [ [ 74.035416666666464, 36.089583333332762 ], [ 74.04374999999979, 36.089583333332762 ], [ 74.052083333333115, 36.08124999999945 ], [ 74.060416666666498, 36.08124999999945 ], [ 74.072916666666487, 36.068749999999433 ], [ 74.085416666666362, 36.068749999999433 ] ] ] } },
{ "type": "Feature", "properties": { "HYRIV_ID": 40474749, "NEXT_DOWN": 40474750, "MAIN_RIV": 41023100, "LENGTH_KM": 5.29, "DIST_DN_KM": 2273.0, "DIST_UP_KM": 201.5, "CATCH_SKM": 23.78, "UPLAND_SKM": 11919.9, "ENDORHEIC": 0, "DIS_AV_CMS": 53.493, "ORD_STRA": 5, "ORD_CLAS": 3, "ORD_FLOW": 5, "HYBAS_L12": 4121362850 }, "geometry": { "type": "MultiLineString", "coordinates": [ [ [ 74.085416666666362, 36.068749999999433 ], [ 74.097916666666407, 36.056249999999459 ], [ 74.10208333333307, 36.056249999999459 ], [ 74.106249999999733, 36.052083333332753 ], [ 74.110416666666396, 36.052083333332753 ], [ 74.114583333333059, 36.047916666666104 ], [ 74.118749999999721, 36.052083333332753 ], [ 74.122916666666384, 36.052083333332753 ], [ 74.127083333333104, 36.047916666666104 ] ] ] } },
{ "type": "Feature", "properties": { "HYRIV_ID": 40474750, "NEXT_DOWN": 40474752, "MAIN_RIV": 41023100, "LENGTH_KM": 1.12, "DIST_DN_KM": 2271.6, "DIST_UP_KM": 202.8, "CATCH_SKM": 3.47, "UPLAND_SKM": 11963.1, "ENDORHEIC": 0, "DIS_AV_CMS": 53.582, "ORD_STRA": 5, "ORD_CLAS": 3, "ORD_FLOW": 5, "HYBAS_L12": 4121362850 }, "geometry": { "type": "MultiLineString", "coordinates": [ [ [ 74.127083333333104, 36.047916666666104 ], [ 74.139583333333093, 36.047916666666104 ] ] ] } },
{ "type": "Feature", "properties": { "HYRIV_ID": 40474752, "NEXT_DOWN": 40475246, "MAIN_RIV": 41023100, "LENGTH_KM": 1.5, "DIST_DN_KM": 2270.1, "DIST_UP_KM": 204.3, "CATCH_SKM": 3.99, "UPLAND_SKM": 12004.8, "ENDORHEIC": 0, "DIS_AV_CMS": 53.639, "ORD_STRA": 5, "ORD_CLAS": 3, "ORD_FLOW": 5, "HYBAS_L12": 4120585040 }, "geometry": { "type": "MultiLineString", "coordinates": [ [ [ 74.139583333333093, 36.047916666666104 ], [ 74.156249999999744, 36.047916666666104 ] ] ] } },
{ "type": "Feature", "properties": { "HYRIV_ID": 40475246, "NEXT_DOWN": 40477390, "MAIN_RIV": 41023100, "LENGTH_KM": 1.66, "DIST_DN_KM": 2268.5, "DIST_UP_KM": 205.9, "CATCH_SKM": 2.6, "UPLAND_SKM": 12039.4, "ENDORHEIC": 0, "DIS_AV_CMS": 53.692, "ORD_STRA": 5, "ORD_CLAS": 3, "ORD_FLOW": 5, "HYBAS_L12": 4120585040 }, "geometry": { "type": "MultiLineString", "coordinates": [ [ [ 74.156249999999744, 36.047916666666104 ], [ 74.164583333333127, 36.039583333332779 ], [ 74.164583333333127, 36.035416666666073 ] ] ] } },
{ "type": "Feature", "properties": { "HYRIV_ID": 40477390, "NEXT_DOWN": 40478852, "MAIN_RIV": 41023100, "LENGTH_KM": 9.13, "DIST_DN_KM": 2259.4, "DIST_UP_KM": 215.1, "CATCH_SKM": 49.66, "UPLAND_SKM": 12099.9, "ENDORHEIC": 0, "DIS_AV_CMS": 53.533, "ORD_STRA": 5, "ORD_CLAS": 3, "ORD_FLOW": 5, "HYBAS_L12": 4120585040 }, "geometry": { "type": "MultiLineString", "coordinates": [ [ [ 74.164583333333127, 36.035416666666073 ], [ 74.164583333333127, 36.031249999999424 ], [ 74.177083333333115, 36.01874999999945 ], [ 74.185416666666441, 36.01874999999945 ], [ 74.193749999999824, 36.010416666666082 ], [ 74.193749999999824, 36.006249999999433 ], [ 74.197916666666373, 36.00208333333277 ], [ 74.202083333333036, 36.00208333333277 ], [ 74.206249999999812, 35.997916666666107 ], [ 74.206249999999812, 35.993749999999459 ], [ 74.202083333333036, 35.989583333332796 ], [ 74.202083333333036, 35.972916666666073 ] ] ] } },
{ "type": "Feature", "properties": { "HYRIV_ID": 40452958, "NEXT_DOWN": 40453664, "MAIN_RIV": 41023100, "LENGTH_KM": 5.75, "DIST_DN_KM": 2367.9, "DIST_UP_KM": 114.6, "CATCH_SKM": 26.33, "UPLAND_SKM": 1722.6, "ENDORHEIC": 0, "DIS_AV_CMS": 7.625, "ORD_STRA": 4, "ORD_CLAS": 2, "ORD_FLOW": 6, "HYBAS_L12": 4120562920 }, "geometry": { "type": "MultiLineString", "coordinates": [ [ [ 72.922916666666396, 36.727083333332764 ], [ 72.922916666666396, 36.722916666666116 ], [ 72.927083333333059, 36.71874999999941 ], [ 72.922916666666396, 36.714583333332747 ], [ 72.922916666666396, 36.70208333333273 ], [ 72.918749999999733, 36.697916666666082 ], [ 72.918749999999733, 36.693749999999419 ], [ 72.91458333333307, 36.689583333332756 ], [ 72.91458333333307, 36.685416666666065 ], [ 72.910416666666407, 36.681249999999444 ] ] ] } },
{ "type": "Feature", "properties": { "HYRIV_ID": 40453664, "NEXT_DOWN": 40455777, "MAIN_RIV": 41023100, "LENGTH_KM": 2.58, "DIST_DN_KM": 2365.1, "DIST_UP_KM": 117.4, "CATCH_SKM": 13.08, "UPLAND_SKM": 1755.7, "ENDORHEIC": 0, "DIS_AV_CMS": 7.788, "ORD_STRA": 4, "ORD_CLAS": 2, "ORD_FLOW": 6, "HYBAS_L12": 4120562920 }, "geometry": { "type": "MultiLineString", "coordinates": [ [ [ 72.910416666666407, 36.681249999999444 ], [ 72.906249999999744, 36.677083333332739 ], [ 72.906249999999744, 36.668749999999427 ], [ 72.910416666666407, 36.664583333332764 ], [ 72.910416666666407, 36.660416666666116 ] ] ] } },
{ "type": "Feature", "properties": { "HYRIV_ID": 40455777, "NEXT_DOWN": 40456045, "MAIN_RIV": 41023100, "LENGTH_KM": 7.01, "DIST_DN_KM": 2358.1, "DIST_UP_KM": 124.4, "CATCH_SKM": 29.63, "UPLAND_SKM": 1816.5, "ENDORHEIC": 0, "DIS_AV_CMS": 8.101, "ORD_STRA": 4, "ORD_CLAS": 2, "ORD_FLOW": 6, "HYBAS_L12": 4120562920 }, "geometry": { "type": "MultiLineString", "coordinates": [ [ [ 72.910416666666407, 36.660416666666116 ], [ 72.910416666666407, 36.635416666666067 ], [ 72.906249999999744, 36.631249999999419 ], [ 72.906249999999744, 36.627083333332756 ], [ 72.910416666666407, 36.622916666666093 ], [ 72.906249999999744, 36.618749999999402 ], [ 72.906249999999744, 36.610416666666076 ], [ 72.902083333333081, 36.606249999999427 ], [ 72.902083333333081, 36.602083333332764 ] ] ] } },
{ "type": "Feature", "properties": { "HYRIV_ID": 40456045, "NEXT_DOWN": 40456629, "MAIN_RIV": 41023100, "LENGTH_KM": 1.19, "DIST_DN_KM": 2357.1, "DIST_UP_KM": 125.5, "CATCH_SKM": 2.58, "UPLAND_SKM": 1993.7, "ENDORHEIC": 0, "DIS_AV_CMS": 8.963, "ORD_STRA": 4, "ORD_CLAS": 2, "ORD_FLOW": 6, "HYBAS_L12": 4121355950 }, "geometry": { "type": "MultiLineString", "coordinates": [ [ [ 72.902083333333081, 36.602083333332764 ], [ 72.893749999999756, 36.59374999999941 ] ] ] } },
{ "type": "Feature", "properties": { "HYRIV_ID": 40456629, "NEXT_DOWN": 40456781, "MAIN_RIV": 41023100, "LENGTH_KM": 5.2, "DIST_DN_KM": 2351.7, "DIST_UP_KM": 130.8, "CATCH_SKM": 28.61, "UPLAND_SKM": 2116.5, "ENDORHEIC": 0, "DIS_AV_CMS": 9.609, "ORD_STRA": 4, "ORD_CLAS": 2, "ORD_FLOW": 6, "HYBAS_L12": 4121355950 }, "geometry": { "type": "MultiLineString", "coordinates": [ [ [ 72.893749999999756, 36.59374999999941 ], [ 72.889583333333206, 36.59374999999941 ], [ 72.885416666666544, 36.589583333332747 ], [ 72.877083333333161, 36.589583333332747 ], [ 72.868749999999835, 36.581249999999436 ], [ 72.864583333333059, 36.581249999999436 ], [ 72.860416666666509, 36.577083333332773 ], [ 72.85624999999979, 36.581249999999436 ], [ 72.847916666666464, 36.581249999999436 ] ] ] } },
{ "type": "Feature", "properties": { "HYRIV_ID": 40456781, "NEXT_DOWN": 40458211, "MAIN_RIV": 41023100, "LENGTH_KM": 2.31, "DIST_DN_KM": 2349.4, "DIST_UP_KM": 133.1, "CATCH_SKM": 8.62, "UPLAND_SKM": 2135.4, "ENDORHEIC": 0, "DIS_AV_CMS": 9.713, "ORD_STRA": 4, "ORD_CLAS": 2, "ORD_FLOW": 6, "HYBAS_L12": 4121355950 }, "geometry": { "type": "MultiLineString", "coordinates": [ [ [ 72.847916666666464, 36.581249999999436 ], [ 72.839583333333138, 36.581249999999436 ], [ 72.831249999999756, 36.572916666666067 ], [ 72.827083333333093, 36.572916666666067 ] ] ] } },
{ "type": "Feature", "properties": { "HYRIV_ID": 40457101, "NEXT_DOWN": 40457782, "MAIN_RIV": 41023100, "LENGTH_KM": 4.76, "DIST_DN_KM": 2367.1, "DIST_UP_KM": 29.7, "CATCH_SKM": 16.55, "UPLAND_SKM": 399.7, "ENDORHEIC": 0, "DIS_AV_CMS": 1.755, "ORD_STRA": 4, "ORD_CLAS": 5, "ORD_FLOW": 6, "HYBAS_L12": 4120564270 }, "geometry": { "type": "MultiLineString", "coordinates": [ [ [ 73.747916666666441, 36.568749999999419 ], [ 73.752083333333104, 36.568749999999419 ], [ 73.756249999999767, 36.564583333332756 ], [ 73.764583333333093, 36.564583333332756 ], [ 73.768749999999756, 36.568749999999419 ], [ 73.785416666666464, 36.568749999999419 ], [ 73.789583333333127, 36.564583333332756 ], [ 73.79374999999979, 36.564583333332756 ] ] ] } },
{ "type": "Feature", "properties": { "HYRIV_ID": 40457782, "NEXT_DOWN": 40458472, "MAIN_RIV": 41023100, "LENGTH_KM": 3.34, "DIST_DN_KM": 2364.0, "DIST_UP_KM": 32.8, "CATCH_SKM": 9.31, "UPLAND_SKM": 628.8, "ENDORHEIC": 0, "DIS_AV_CMS": 2.71, "ORD_STRA": 4, "ORD_CLAS": 5, "ORD_FLOW": 6, "HYBAS_L12": 4120567300 }, "geometry": { "type": "MultiLineString", "coordinates": [ [ [ 73.79374999999979, 36.564583333332756 ], [ 73.806249999999835, 36.552083333332781 ], [ 73.810416666666384, 36.552083333332781 ], [ 73.81874999999971, 36.543749999999427 ] ] ] } },
{ "type": "Feature", "properties": { "HYRIV_ID": 40458211, "NEXT_DOWN": 40458345, "MAIN_RIV": 41023100, "LENGTH_KM": 6.56, "DIST_DN_KM": 2343.1, "DIST_UP_KM": 139.5, "CATCH_SKM": 32.42, "UPLAND_SKM": 2251.6, "ENDORHEIC": 0, "DIS_AV_CMS": 10.361, "ORD_STRA": 4, "ORD_CLAS": 2, "ORD_FLOW": 5, "HYBAS_L12": 4121356500 }, "geometry": { "type": "MultiLineString", "coordinates": [ [ [ 72.827083333333093, 36.572916666666067 ], [ 72.806249999999778, 36.552083333332781 ], [ 72.797916666666396, 36.552083333332781 ], [ 72.793749999999733, 36.547916666666076 ], [ 72.793749999999733, 36.543749999999427 ], [ 72.781249999999744, 36.531249999999439 ] ] ] } },
{ "type": "Feature", "properties": { "HYRIV_ID": 40458345, "NEXT_DOWN": 40458860, "MAIN_RIV": 41023100, "LENGTH_KM": 0.97, "DIST_DN_KM": 2341.9, "DIST_UP_KM": 140.6, "CATCH_SKM": 14.15, "UPLAND_SKM": 2330.6, "ENDORHEIC": 0, "DIS_AV_CMS": 10.803, "ORD_STRA": 4, "ORD_CLAS": 2, "ORD_FLOW": 5, "HYBAS_L12": 4120567010 }, "geometry": { "type": "MultiLineString", "coordinates": [ [ [ 72.781249999999744, 36.531249999999439 ], [ 72.777083333333081, 36.527083333332747 ], [ 72.772916666666418, 36.527083333332747 ] ] ] } },
{ "type": "Feature", "properties": { "HYRIV_ID": 40458472, "NEXT_DOWN": 40459160, "MAIN_RIV": 41023100, "LENGTH_KM": 2.84, "DIST_DN_KM": 2361.1, "DIST_UP_KM": 35.7, "CATCH_SKM": 13.11, "UPLAND_SKM": 662.7, "ENDORHEIC": 0, "DIS_AV_CMS": 2.874, "ORD_STRA": 4, "ORD_CLAS": 5, "ORD_FLOW": 6, "HYBAS_L12": 4120567300 }, "geometry": { "type": "MultiLineString", "coordinates": [ [ [ 73.81874999999971, 36.543749999999427 ], [ 73.822916666666544, 36.539583333332764 ], [ 73.822916666666544, 36.535416666666102 ], [ 73.835416666666362, 36.522916666666084 ] ] ] } },
{ "type": "Feature", "properties": { "HYRIV_ID": 40458860, "NEXT_DOWN": 40459774, "MAIN_RIV": 41023100, "LENGTH_KM": 2.25, "DIST_DN_KM": 2339.8, "DIST_UP_KM": 142.7, "CATCH_SKM": 5.0, "UPLAND_SKM": 2409.4, "ENDORHEIC": 0, "DIS_AV_CMS": 11.267, "ORD_STRA": 4, "ORD_CLAS": 2, "ORD_FLOW": 5, "HYBAS_L12": 4120567010 }, "geometry": { "type": "MultiLineString", "coordinates": [ [ [ 72.772916666666418, 36.527083333332747 ], [ 72.764583333333093, 36.518749999999422 ], [ 72.764583333333093, 36.514583333332773 ], [ 72.76041666666643, 36.51041666666611 ] ] ] } },
{ "type": "Feature", "properties": { "HYRIV_ID": 40459160, "NEXT_DOWN": 40460183, "MAIN_RIV": 41023100, "LENGTH_KM": 3.21, "DIST_DN_KM": 2357.9, "DIST_UP_KM": 38.9, "CATCH_SKM": 7.76, "UPLAND_SKM": 684.6, "ENDORHEIC": 0, "DIS_AV_CMS": 3.001, "ORD_STRA": 4, "ORD_CLAS": 5, "ORD_FLOW": 6, "HYBAS_L12": 4120567300 }, "geometry": { "type": "MultiLineString", "coordinates": [ [ [ 73.835416666666362, 36.522916666666084 ], [ 73.839583333333081, 36.518749999999422 ], [ 73.843749999999744, 36.518749999999422 ], [ 73.847916666666407, 36.514583333332773 ], [ 73.847916666666407, 36.51041666666611 ], [ 73.85208333333307, 36.506249999999405 ], [ 73.847916666666407, 36.502083333332756 ] ] ] } },
{ "type": "Feature", "properties": { "HYRIV_ID": 40459773, "NEXT_DOWN": 40460320, "MAIN_RIV": 41023100, "LENGTH_KM": 0.74, "DIST_DN_KM": 2334.4, "DIST_UP_KM": 148.2, "CATCH_SKM": 1.9, "UPLAND_SKM": 2590.7, "ENDORHEIC": 0, "DIS_AV_CMS": 12.271, "ORD_STRA": 4, "ORD_CLAS": 2, "ORD_FLOW": 5, "HYBAS_L12": 4120571510 }, "geometry": { "type": "MultiLineString", "coordinates": [ [ [ 72.727083333333184, 36.485416666666119 ], [ 72.718749999999801, 36.485416666666119 ] ] ] } },
{ "type": "Feature", "properties": { "HYRIV_ID": 40459774, "NEXT_DOWN": 40459773, "MAIN_RIV": 41023100, "LENGTH_KM": 4.55, "DIST_DN_KM": 2335.3, "DIST_UP_KM": 147.2, "CATCH_SKM": 21.74, "UPLAND_SKM": 2445.8, "ENDORHEIC": 0, "DIS_AV_CMS": 11.431, "ORD_STRA": 4, "ORD_CLAS": 2, "ORD_FLOW": 5, "HYBAS_L12": 4120567010 }, "geometry": { "type": "MultiLineString", "coordinates": [ [ [ 72.76041666666643, 36.51041666666611 ], [ 72.756249999999881, 36.51041666666611 ], [ 72.747916666666384, 36.502083333332756 ], [ 72.747916666666384, 36.497916666666093 ], [ 72.743749999999835, 36.493749999999388 ], [ 72.739583333333059, 36.493749999999388 ], [ 72.735416666666396, 36.489583333332739 ], [ 72.731249999999847, 36.489583333332739 ], [ 72.727083333333184, 36.485416666666119 ] ] ] } },
{ "type": "Feature", "properties": { "HYRIV_ID": 40460183, "NEXT_DOWN": 40460324, "MAIN_RIV": 41023100, "LENGTH_KM": 3.51, "DIST_DN_KM": 2354.2, "DIST_UP_KM": 42.6, "CATCH_SKM": 5.7, "UPLAND_SKM": 711.6, "ENDORHEIC": 0, "DIS_AV_CMS": 3.102, "ORD_STRA": 4, "ORD_CLAS": 5, "ORD_FLOW": 6, "HYBAS_L12": 4120567300 }, "geometry": { "type": "MultiLineString", "coordinates": [ [ [ 73.847916666666407, 36.502083333332756 ], [ 73.847916666666407, 36.493749999999388 ], [ 73.839583333333081, 36.485416666666119 ], [ 73.839583333333081, 36.472916666666102 ] ] ] } },
{ "type": "Feature", "properties": { "HYRIV_ID": 40460320, "NEXT_DOWN": 40460749, "MAIN_RIV": 41023100, "LENGTH_KM": 3.5, "DIST_DN_KM": 2330.9, "DIST_UP_KM": 151.6, "CATCH_SKM": 13.29, "UPLAND_SKM": 2615.4, "ENDORHEIC": 0, "DIS_AV_CMS": 12.345, "ORD_STRA": 4, "ORD_CLAS": 2, "ORD_FLOW": 5, "HYBAS_L12": 4120571510 }, "geometry": { "type": "MultiLineString", "coordinates": [ [ [ 72.718749999999801, 36.485416666666119 ], [ 72.714583333333138, 36.481249999999413 ], [ 72.710416666666475, 36.481249999999413 ], [ 72.706249999999812, 36.477083333332764 ], [ 72.70208333333315, 36.477083333332764 ], [ 72.693749999999767, 36.468749999999439 ], [ 72.689583333333104, 36.468749999999439 ] ] ] } },
{ "type": "Feature", "properties": { "HYRIV_ID": 40460324, "NEXT_DOWN": 40461344, "MAIN_RIV": 41023100, "LENGTH_KM": 0.46, "DIST_DN_KM": 2353.8, "DIST_UP_KM": 94.2, "CATCH_SKM": 0.69, "UPLAND_SKM": 2112.2, "ENDORHEIC": 0, "DIS_AV_CMS": 8.05, "ORD_STRA": 4, "ORD_CLAS": 4, "ORD_FLOW": 6, "HYBAS_L12": 4120569530 }, "geometry": { "type": "MultiLineString", "coordinates": [ [ [ 73.839583333333081, 36.472916666666102 ], [ 73.839583333333081, 36.468749999999439 ] ] ] } },
{ "type": "Feature", "properties": { "HYRIV_ID": 40460749, "NEXT_DOWN": 40460907, "MAIN_RIV": 41023100, "LENGTH_KM": 1.78, "DIST_DN_KM": 2329.3, "DIST_UP_KM": 153.2, "CATCH_SKM": 3.63, "UPLAND_SKM": 2632.8, "ENDORHEIC": 0, "DIS_AV_CMS": 12.421, "ORD_STRA": 4, "ORD_CLAS": 2, "ORD_FLOW": 5, "HYBAS_L12": 4120571510 }, "geometry": { "type": "MultiLineString", "coordinates": [ [ [ 72.689583333333104, 36.468749999999439 ], [ 72.677083333333115, 36.456249999999422 ] ] ] } },
{ "type": "Feature", "properties": { "HYRIV_ID": 40460907, "NEXT_DOWN": 40461477, "MAIN_RIV": 41023100, "LENGTH_KM": 0.59, "DIST_DN_KM": 2328.7, "DIST_UP_KM": 153.8, "CATCH_SKM": 1.21, "UPLAND_SKM": 2650.1, "ENDORHEIC": 0, "DIS_AV_CMS": 12.52, "ORD_STRA": 4, "ORD_CLAS": 2, "ORD_FLOW": 5, "HYBAS_L12": 4120571510 }, "geometry": { "type": "MultiLineString", "coordinates": [ [ [ 72.677083333333115, 36.456249999999422 ], [ 72.672916666666396, 36.452083333332773 ] ] ] } },
{ "type": "Feature", "properties": { "HYRIV_ID": 40461344, "NEXT_DOWN": 40462043, "MAIN_RIV": 41023100, "LENGTH_KM": 3.51, "DIST_DN_KM": 2350.2, "DIST_UP_KM": 97.7, "CATCH_SKM": 8.63, "UPLAND_SKM": 2181.9, "ENDORHEIC": 0, "DIS_AV_CMS": 8.283, "ORD_STRA": 4, "ORD_CLAS": 4, "ORD_FLOW": 6, "HYBAS_L12": 4120569530 }, "geometry": { "type": "MultiLineString", "coordinates": [ [ [ 73.839583333333081, 36.468749999999439 ], [ 73.839583333333081, 36.460416666666084 ], [ 73.843749999999744, 36.456249999999422 ], [ 73.839583333333081, 36.452083333332773 ], [ 73.839583333333081, 36.439583333332742 ] ] ] } },
{ "type": "Feature", "properties": { "HYRIV_ID": 40461477, "NEXT_DOWN": 40462037, "MAIN_RIV": 41023100, "LENGTH_KM": 2.62, "DIST_DN_KM": 2326.1, "DIST_UP_KM": 156.4, "CATCH_SKM": 7.08, "UPLAND_SKM": 2677.4, "ENDORHEIC": 0, "DIS_AV_CMS": 12.642, "ORD_STRA": 4, "ORD_CLAS": 2, "ORD_FLOW": 5, "HYBAS_L12": 4120571510 }, "geometry": { "type": "MultiLineString", "coordinates": [ [ [ 72.672916666666396, 36.452083333332773 ], [ 72.672916666666396, 36.44791666666611 ], [ 72.668749999999733, 36.443749999999447 ], [ 72.66458333333307, 36.443749999999447 ], [ 72.656249999999744, 36.435416666666093 ] ] ] } },
{ "type": "Feature", "properties": { "HYRIV_ID": 40461478, "NEXT_DOWN": 40462347, "MAIN_RIV": 41023100, "LENGTH_KM": 1.65, "DIST_DN_KM": 2381.9, "DIST_UP_KM": 49.9, "CATCH_SKM": 2.42, "UPLAND_SKM": 1406.5, "ENDORHEIC": 0, "DIS_AV_CMS": 5.89, "ORD_STRA": 4, "ORD_CLAS": 4, "ORD_FLOW": 6, "HYBAS_L12": 4120568640 }, "geometry": { "type": "MultiLineString", "coordinates": [ [ [ 73.385416666666487, 36.44791666666611 ], [ 73.385416666666487, 36.443749999999447 ], [ 73.377083333333104, 36.435416666666093 ] ] ] } },
{ "type": "Feature", "properties": { "HYRIV_ID": 40462037, "NEXT_DOWN": 40463083, "MAIN_RIV": 41023100, "LENGTH_KM": 2.25, "DIST_DN_KM": 2323.7, "DIST_UP_KM": 158.8, "CATCH_SKM": 9.5, "UPLAND_SKM": 2710.5, "ENDORHEIC": 0, "DIS_AV_CMS": 12.812, "ORD_STRA": 4, "ORD_CLAS": 2, "ORD_FLOW": 5, "HYBAS_L12": 4120571510 }, "geometry": { "type": "MultiLineString", "coordinates": [ [ [ 72.656249999999744, 36.435416666666093 ], [ 72.643749999999756, 36.422916666666076 ], [ 72.643749999999756, 36.418749999999413 ] ] ] } },
{ "type": "Feature", "properties": { "HYRIV_ID": 40462043, "NEXT_DOWN": 40462350, "MAIN_RIV": 41023100, "LENGTH_KM": 2.84, "DIST_DN_KM": 2347.5, "DIST_UP_KM": 100.4, "CATCH_SKM": 13.64, "UPLAND_SKM": 2208.0, "ENDORHEIC": 0, "DIS_AV_CMS": 8.361, "ORD_STRA": 4, "ORD_CLAS": 4, "ORD_FLOW": 6, "HYBAS_L12": 4120569530 }, "geometry": { "type": "MultiLineString", "coordinates": [ [ [ 73.839583333333081, 36.439583333332742 ], [ 73.835416666666362, 36.435416666666093 ], [ 73.839583333333081, 36.43124999999943 ], [ 73.839583333333081, 36.427083333332767 ], [ 73.835416666666362, 36.422916666666076 ], [ 73.839583333333081, 36.418749999999413 ] ] ] } },
{ "type": "Feature", "properties": { "HYRIV_ID": 40462347, "NEXT_DOWN": 40463216, "MAIN_RIV": 41023100, "LENGTH_KM": 3.31, "DIST_DN_KM": 2378.5, "DIST_UP_KM": 53.2, "CATCH_SKM": 16.23, "UPLAND_SKM": 1691.6, "ENDORHEIC": 0, "DIS_AV_CMS": 6.929, "ORD_STRA": 4, "ORD_CLAS": 4, "ORD_FLOW": 6, "HYBAS_L12": 4120570570 }, "geometry": { "type": "MultiLineString", "coordinates": [ [ [ 73.377083333333104, 36.435416666666093 ], [ 73.368749999999778, 36.427083333332767 ], [ 73.368749999999778, 36.422916666666076 ], [ 73.364583333333115, 36.418749999999413 ], [ 73.364583333333115, 36.41458333333275 ], [ 73.360416666666453, 36.410416666666102 ] ] ] } },
{ "type": "Feature", "properties": { "HYRIV_ID": 40462350, "NEXT_DOWN": 40463359, "MAIN_RIV": 41023100, "LENGTH_KM": 1.06, "DIST_DN_KM": 2346.3, "DIST_UP_KM": 101.6, "CATCH_SKM": 1.9, "UPLAND_SKM": 2225.5, "ENDORHEIC": 0, "DIS_AV_CMS": 8.413, "ORD_STRA": 4, "ORD_CLAS": 4, "ORD_FLOW": 6, "HYBAS_L12": 4120569530 }, "geometry": { "type": "MultiLineString", "coordinates": [ [ [ 73.839583333333081, 36.418749999999413 ], [ 73.835416666666362, 36.41458333333275 ], [ 73.835416666666362, 36.410416666666102 ] ] ] } },
{ "type": "Feature", "properties": { "HYRIV_ID": 40463083, "NEXT_DOWN": 40464182, "MAIN_RIV": 41023100, "LENGTH_KM": 5.39, "DIST_DN_KM": 2318.3, "DIST_UP_KM": 164.3, "CATCH_SKM": 28.51, "UPLAND_SKM": 2762.9, "ENDORHEIC": 0, "DIS_AV_CMS": 13.039, "ORD_STRA": 4, "ORD_CLAS": 2, "ORD_FLOW": 5, "HYBAS_L12": 4120571510 }, "geometry": { "type": "MultiLineString", "coordinates": [ [ [ 72.643749999999756, 36.418749999999413 ], [ 72.643749999999756, 36.41458333333275 ], [ 72.639583333333093, 36.410416666666102 ], [ 72.63541666666643, 36.410416666666102 ], [ 72.631249999999767, 36.406249999999439 ], [ 72.622916666666384, 36.406249999999439 ], [ 72.618749999999835, 36.402083333332733 ], [ 72.618749999999835, 36.397916666666084 ], [ 72.622916666666384, 36.393749999999422 ], [ 72.618749999999835, 36.389583333332759 ], [ 72.614583333333059, 36.389583333332759 ] ] ] } },
{ "type": "Feature", "properties": { "HYRIV_ID": 40463216, "NEXT_DOWN": 40463482, "MAIN_RIV": 41023100, "LENGTH_KM": 3.31, "DIST_DN_KM": 2375.2, "DIST_UP_KM": 56.5, "CATCH_SKM": 9.33, "UPLAND_SKM": 1729.8, "ENDORHEIC": 0, "DIS_AV_CMS": 7.053, "ORD_STRA": 4, "ORD_CLAS": 4, "ORD_FLOW": 6, "HYBAS_L12": 4120570570 }, "geometry": { "type": "MultiLineString", "coordinates": [ [ [ 73.360416666666453, 36.410416666666102 ], [ 73.35624999999979, 36.406249999999439 ], [ 73.35624999999979, 36.402083333332733 ], [ 73.35208333333307, 36.397916666666084 ], [ 73.35208333333307, 36.393749999999422 ], [ 73.343749999999744, 36.38541666666611 ] ] ] } },
{ "type": "Feature", "properties": { "HYRIV_ID": 40463359, "NEXT_DOWN": 40464321, "MAIN_RIV": 41023100, "LENGTH_KM": 3.51, "DIST_DN_KM": 2342.8, "DIST_UP_KM": 105.1, "CATCH_SKM": 7.95, "UPLAND_SKM": 2354.3, "ENDORHEIC": 0, "DIS_AV_CMS": 8.844, "ORD_STRA": 4, "ORD_CLAS": 4, "ORD_FLOW": 6, "HYBAS_L12": 4121359040 }, "geometry": { "type": "MultiLineString", "coordinates": [ [ [ 73.835416666666362, 36.410416666666102 ], [ 73.835416666666362, 36.402083333332733 ], [ 73.843749999999744, 36.393749999999422 ], [ 73.843749999999744, 36.381249999999447 ] ] ] } },
{ "type": "Feature", "properties": { "HYRIV_ID": 40463482, "NEXT_DOWN": 40464183, "MAIN_RIV": 41023100, "LENGTH_KM": 1.06, "DIST_DN_KM": 2374.2, "DIST_UP_KM": 57.6, "CATCH_SKM": 1.9, "UPLAND_SKM": 1742.4, "ENDORHEIC": 0, "DIS_AV_CMS": 7.095, "ORD_STRA": 4, "ORD_CLAS": 4, "ORD_FLOW": 6, "HYBAS_L12": 4120570570 }, "geometry": { "type": "MultiLineString", "coordinates": [ [ [ 73.343749999999744, 36.38541666666611 ], [ 73.343749999999744, 36.381249999999447 ], [ 73.339583333333081, 36.377083333332742 ] ] ] } },
{ "type": "Feature", "properties": { "HYRIV_ID": 40464182, "NEXT_DOWN": 40464768, "MAIN_RIV": 41023100, "LENGTH_KM": 4.36, "DIST_DN_KM": 2314.1, "DIST_UP_KM": 168.4, "CATCH_SKM": 13.83, "UPLAND_SKM": 2792.8, "ENDORHEIC": 0, "DIS_AV_CMS": 13.159, "ORD_STRA": 4, "ORD_CLAS": 2, "ORD_FLOW": 5, "HYBAS_L12": 4120571510 }, "geometry": { "type": "MultiLineString", "coordinates": [ [ [ 72.614583333333059, 36.389583333332759 ], [ 72.610416666666509, 36.38541666666611 ], [ 72.614583333333059, 36.381249999999447 ], [ 72.610416666666509, 36.377083333332742 ], [ 72.610416666666509, 36.364583333332725 ], [ 72.602083333333184, 36.356249999999456 ] ] ] } },
{ "type": "Feature", "properties": { "HYRIV_ID": 40464183, "NEXT_DOWN": 40464769, "MAIN_RIV": 41023100, "LENGTH_KM": 2.58, "DIST_DN_KM": 2371.6, "DIST_UP_KM": 60.2, "CATCH_SKM": 11.41, "UPLAND_SKM": 2111.4, "ENDORHEIC": 0, "DIS_AV_CMS": 8.725, "ORD_STRA": 4, "ORD_CLAS": 4, "ORD_FLOW": 6, "HYBAS_L12": 4120574450 }, "geometry": { "type": "MultiLineString", "coordinates": [ [ [ 73.339583333333081, 36.377083333332742 ], [ 73.339583333333081, 36.36874999999943 ], [ 73.343749999999744, 36.364583333332725 ], [ 73.343749999999744, 36.360416666666119 ], [ 73.347916666666407, 36.356249999999456 ] ] ] } },
{ "type": "Feature", "properties": { "HYRIV_ID": 40464321, "NEXT_DOWN": 40464771, "MAIN_RIV": 41023100, "LENGTH_KM": 3.64, "DIST_DN_KM": 2339.2, "DIST_UP_KM": 108.8, "CATCH_SKM": 16.42, "UPLAND_SKM": 2467.0, "ENDORHEIC": 0, "DIS_AV_CMS": 9.169, "ORD_STRA": 4, "ORD_CLAS": 4, "ORD_FLOW": 6, "HYBAS_L12": 4121359040 }, "geometry": { "type": "MultiLineString", "coordinates": [ [ [ 73.843749999999744, 36.381249999999447 ], [ 73.843749999999744, 36.377083333332742 ], [ 73.847916666666407, 36.372916666666093 ], [ 73.847916666666407, 36.364583333332725 ], [ 73.839583333333081, 36.356249999999456 ], [ 73.839583333333081, 36.35208333333275 ] ] ] } },
{ "type": "Feature", "properties": { "HYRIV_ID": 40464768, "NEXT_DOWN": 40465088, "MAIN_RIV": 41023100, "LENGTH_KM": 1.99, "DIST_DN_KM": 2312.0, "DIST_UP_KM": 170.6, "CATCH_SKM": 5.36, "UPLAND_SKM": 2819.0, "ENDORHEIC": 0, "DIS_AV_CMS": 13.309, "ORD_STRA": 4, "ORD_CLAS": 2, "ORD_FLOW": 5, "HYBAS_L12": 4120571510 }, "geometry": { "type": "MultiLineString", "coordinates": [ [ [ 72.602083333333184, 36.356249999999456 ], [ 72.602083333333184, 36.35208333333275 ], [ 72.606249999999733, 36.347916666666102 ], [ 72.606249999999733, 36.339583333332776 ] ] ] } },
{ "type": "Feature", "properties": { "HYRIV_ID": 40464769, "NEXT_DOWN": 40465951, "MAIN_RIV": 41023100, "LENGTH_KM": 2.12, "DIST_DN_KM": 2369.4, "DIST_UP_KM": 62.3, "CATCH_SKM": 8.13, "UPLAND_SKM": 2148.3, "ENDORHEIC": 0, "DIS_AV_CMS": 8.856, "ORD_STRA": 4, "ORD_CLAS": 4, "ORD_FLOW": 6, "HYBAS_L12": 4120574450 }, "geometry": { "type": "MultiLineString", "coordinates": [ [ [ 73.347916666666407, 36.356249999999456 ], [ 73.35208333333307, 36.35208333333275 ], [ 73.35208333333307, 36.343749999999439 ], [ 73.35624999999979, 36.339583333332776 ] ] ] } },
{ "type": "Feature", "properties": { "HYRIV_ID": 40464771, "NEXT_DOWN": 40464942, "MAIN_RIV": 41023100, "LENGTH_KM": 1.78, "DIST_DN_KM": 2337.5, "DIST_UP_KM": 110.4, "CATCH_SKM": 2.42, "UPLAND_SKM": 2551.8, "ENDORHEIC": 0, "DIS_AV_CMS": 9.414, "ORD_STRA": 4, "ORD_CLAS": 4, "ORD_FLOW": 6, "HYBAS_L12": 4120571670 }, "geometry": { "type": "MultiLineString", "coordinates": [ [ [ 73.839583333333081, 36.35208333333275 ], [ 73.827083333333036, 36.339583333332776 ] ] ] } },
{ "type": "Feature", "properties": { "HYRIV_ID": 40464942, "NEXT_DOWN": 40465953, "MAIN_RIV": 41023100, "LENGTH_KM": 0.46, "DIST_DN_KM": 2336.9, "DIST_UP_KM": 111.0, "CATCH_SKM": 1.56, "UPLAND_SKM": 2598.9, "ENDORHEIC": 0, "DIS_AV_CMS": 9.565, "ORD_STRA": 4, "ORD_CLAS": 4, "ORD_FLOW": 6, "HYBAS_L12": 4120571670 }, "geometry": { "type": "MultiLineString", "coordinates": [ [ [ 73.827083333333036, 36.339583333332776 ], [ 73.827083333333036, 36.33541666666607 ] ] ] } },
{ "type": "Feature", "properties": { "HYRIV_ID": 40465088, "NEXT_DOWN": 40465511, "MAIN_RIV": 41023100, "LENGTH_KM": 2.68, "DIST_DN_KM": 2309.4, "DIST_UP_KM": 173.1, "CATCH_SKM": 7.09, "UPLAND_SKM": 2964.0, "ENDORHEIC": 0, "DIS_AV_CMS": 14.243, "ORD_STRA": 4, "ORD_CLAS": 2, "ORD_FLOW": 5, "HYBAS_L12": 4120573410 }, "geometry": { "type": "MultiLineString", "coordinates": [ [ [ 72.606249999999733, 36.339583333332776 ], [ 72.589583333333138, 36.339583333332776 ], [ 72.581249999999812, 36.331249999999422 ] ] ] } },
{ "type": "Feature", "properties": { "HYRIV_ID": 40465511, "NEXT_DOWN": 40465648, "MAIN_RIV": 41023100, "LENGTH_KM": 2.53, "DIST_DN_KM": 2306.9, "DIST_UP_KM": 175.6, "CATCH_SKM": 12.11, "UPLAND_SKM": 2994.2, "ENDORHEIC": 0, "DIS_AV_CMS": 14.416, "ORD_STRA": 4, "ORD_CLAS": 2, "ORD_FLOW": 5, "HYBAS_L12": 4120573410 }, "geometry": { "type": "MultiLineString", "coordinates": [ [ [ 72.581249999999812, 36.331249999999422 ], [ 72.57708333333315, 36.331249999999422 ], [ 72.572916666666487, 36.327083333332759 ], [ 72.568749999999767, 36.327083333332759 ], [ 72.560416666666441, 36.318749999999447 ] ] ] } },
{ "type": "Feature", "properties": { "HYRIV_ID": 40465648, "NEXT_DOWN": 40465805, "MAIN_RIV": 41023100, "LENGTH_KM": 0.59, "DIST_DN_KM": 2306.3, "DIST_UP_KM": 176.2, "CATCH_SKM": 4.84, "UPLAND_SKM": 3019.5, "ENDORHEIC": 0, "DIS_AV_CMS": 14.609, "ORD_STRA": 4, "ORD_CLAS": 2, "ORD_FLOW": 5, "HYBAS_L12": 4120573410 }, "geometry": { "type": "MultiLineString", "coordinates": [ [ [ 72.560416666666441, 36.318749999999447 ], [ 72.556249999999778, 36.314583333332784 ] ] ] } },
{ "type": "Feature", "properties": { "HYRIV_ID": 40465805, "NEXT_DOWN": 40466673, "MAIN_RIV": 41023100, "LENGTH_KM": 0.97, "DIST_DN_KM": 2305.2, "DIST_UP_KM": 177.4, "CATCH_SKM": 1.04, "UPLAND_SKM": 3038.5, "ENDORHEIC": 0, "DIS_AV_CMS": 14.741, "ORD_STRA": 4, "ORD_CLAS": 2, "ORD_FLOW": 5, "HYBAS_L12": 4120573410 }, "geometry": { "type": "MultiLineString", "coordinates": [ [ [ 72.556249999999778, 36.314583333332784 ], [ 72.552083333333115, 36.310416666666079 ], [ 72.547916666666453, 36.310416666666079 ] ] ] } },
{ "type": "Feature", "properties": { "HYRIV_ID": 40465951, "NEXT_DOWN": 40466812, "MAIN_RIV": 41023100, "LENGTH_KM": 4.87, "DIST_DN_KM": 2364.4, "DIST_UP_KM": 67.4, "CATCH_SKM": 27.67, "UPLAND_SKM": 2190.0, "ENDORHEIC": 0, "DIS_AV_CMS": 8.975, "ORD_STRA": 4, "ORD_CLAS": 4, "ORD_FLOW": 6, "HYBAS_L12": 4120574450 }, "geometry": { "type": "MultiLineString", "coordinates": [ [ [ 73.35624999999979, 36.339583333332776 ], [ 73.377083333333104, 36.318749999999447 ], [ 73.377083333333104, 36.310416666666079 ], [ 73.381249999999824, 36.30624999999943 ], [ 73.385416666666487, 36.30624999999943 ] ] ] } },
{ "type": "Feature", "properties": { "HYRIV_ID": 40465953, "NEXT_DOWN": 40466675, "MAIN_RIV": 41023100, "LENGTH_KM": 4.28, "DIST_DN_KM": 2332.8, "DIST_UP_KM": 115.1, "CATCH_SKM": 12.63, "UPLAND_SKM": 2712.6, "ENDORHEIC": 0, "DIS_AV_CMS": 9.889, "ORD_STRA": 4, "ORD_CLAS": 4, "ORD_FLOW": 6, "HYBAS_L12": 4120575700 }, "geometry": { "type": "MultiLineString", "coordinates": [ [ [ 73.827083333333036, 36.33541666666607 ], [ 73.81874999999971, 36.327083333332759 ], [ 73.81874999999971, 36.318749999999447 ], [ 73.814583333333047, 36.314583333332784 ], [ 73.810416666666384, 36.314583333332784 ], [ 73.802083333333172, 36.30624999999943 ] ] ] } },
{ "type": "Feature", "properties": { "HYRIV_ID": 40466673, "NEXT_DOWN": 40467067, "MAIN_RIV": 41023100, "LENGTH_KM": 5.06, "DIST_DN_KM": 2300.1, "DIST_UP_KM": 182.4, "CATCH_SKM": 25.6, "UPLAND_SKM": 3078.6, "ENDORHEIC": 0, "DIS_AV_CMS": 14.95, "ORD_STRA": 4, "ORD_CLAS": 2, "ORD_FLOW": 5, "HYBAS_L12": 4120573410 }, "geometry": { "type": "MultiLineString", "coordinates": [ [ [ 72.547916666666453, 36.310416666666079 ], [ 72.543749999999733, 36.30624999999943 ], [ 72.53958333333307, 36.30624999999943 ], [ 72.531249999999744, 36.297916666666062 ], [ 72.527083333333081, 36.297916666666062 ], [ 72.518749999999756, 36.28958333333275 ], [ 72.514583333333093, 36.28958333333275 ], [ 72.51041666666643, 36.285416666666087 ], [ 72.506249999999767, 36.285416666666087 ] ] ] } },
{ "type": "Feature", "properties": { "HYRIV_ID": 40466675, "NEXT_DOWN": 40466951, "MAIN_RIV": 41023100, "LENGTH_KM": 3.35, "DIST_DN_KM": 2329.2, "DIST_UP_KM": 118.7, "CATCH_SKM": 12.46, "UPLAND_SKM": 2737.5, "ENDORHEIC": 0, "DIS_AV_CMS": 9.956, "ORD_STRA": 4, "ORD_CLAS": 4, "ORD_FLOW": 6, "HYBAS_L12": 4120575700 }, "geometry": { "type": "MultiLineString", "coordinates": [ [ [ 73.802083333333172, 36.30624999999943 ], [ 73.781249999999801, 36.285416666666087 ], [ 73.777083333333138, 36.285416666666087 ] ] ] } },
{ "type": "Feature", "properties": { "HYRIV_ID": 40466812, "NEXT_DOWN": 40468045, "MAIN_RIV": 41023100, "LENGTH_KM": 3.31, "DIST_DN_KM": 2361.2, "DIST_UP_KM": 70.5, "CATCH_SKM": 10.21, "UPLAND_SKM": 2219.7, "ENDORHEIC": 0, "DIS_AV_CMS": 9.057, "ORD_STRA": 4, "ORD_CLAS": 4, "ORD_FLOW": 6, "HYBAS_L12": 4120574450 }, "geometry": { "type": "MultiLineString", "coordinates": [ [ [ 73.385416666666487, 36.30624999999943 ], [ 73.393749999999812, 36.297916666666062 ], [ 73.393749999999812, 36.293749999999413 ], [ 73.397916666666475, 36.28958333333275 ], [ 73.397916666666475, 36.285416666666087 ], [ 73.402083333333138, 36.281249999999439 ] ] ] } },
{ "type": "Feature", "properties": { "HYRIV_ID": 40466951, "NEXT_DOWN": 40467570, "MAIN_RIV": 41023100, "LENGTH_KM": 1.06, "DIST_DN_KM": 2328.2, "DIST_UP_KM": 119.7, "CATCH_SKM": 5.02, "UPLAND_SKM": 2788.2, "ENDORHEIC": 0, "DIS_AV_CMS": 10.118, "ORD_STRA": 4, "ORD_CLAS": 4, "ORD_FLOW": 5, "HYBAS_L12": 4120575700 }, "geometry": { "type": "MultiLineString", "coordinates": [ [ [ 73.777083333333138, 36.285416666666087 ], [ 73.772916666666475, 36.281249999999439 ], [ 73.772916666666475, 36.277083333332776 ] ] ] } },
{ "type": "Feature", "properties": { "HYRIV_ID": 40467194, "NEXT_DOWN": 40467568, "MAIN_RIV": 41023100, "LENGTH_KM": 1.12, "DIST_DN_KM": 2329.2, "DIST_UP_KM": 145.2, "CATCH_SKM": 1.56, "UPLAND_SKM": 7542.3, "ENDORHEIC": 0, "DIS_AV_CMS": 39.553, "ORD_STRA": 5, "ORD_CLAS": 3, "ORD_FLOW": 5, "HYBAS_L12": 4120575890 }, "geometry": { "type": "MultiLineString", "coordinates": [ [ [ 73.652083333333138, 36.268749999999422 ], [ 73.664583333333127, 36.268749999999422 ] ] ] } },
{ "type": "Feature", "properties": { "HYRIV_ID": 40467446, "NEXT_DOWN": 40467194, "MAIN_RIV": 41023100, "LENGTH_KM": 2.53, "DIST_DN_KM": 2330.6, "DIST_UP_KM": 143.9, "CATCH_SKM": 9.17, "UPLAND_SKM": 7405.8, "ENDORHEIC": 0, "DIS_AV_CMS": 39.103, "ORD_STRA": 5, "ORD_CLAS": 3, "ORD_FLOW": 5, "HYBAS_L12": 4120573980 }, "geometry": { "type": "MultiLineString", "coordinates": [ [ [ 73.631249999999767, 36.264583333332759 ], [ 73.63541666666643, 36.260416666666096 ], [ 73.639583333333093, 36.264583333332759 ], [ 73.647916666666475, 36.264583333332759 ], [ 73.652083333333138, 36.268749999999422 ] ] ] } },
{ "type": "Feature", "properties": { "HYRIV_ID": 40467566, "NEXT_DOWN": 40467567, "MAIN_RIV": 41023100, "LENGTH_KM": 1.12, "DIST_DN_KM": 2335.6, "DIST_UP_KM": 138.9, "CATCH_SKM": 2.42, "UPLAND_SKM": 7341.7, "ENDORHEIC": 0, "DIS_AV_CMS": 38.975, "ORD_STRA": 5, "ORD_CLAS": 3, "ORD_FLOW": 5, "HYBAS_L12": 4120573980 }, "geometry": { "type": "MultiLineString", "coordinates": [ [ [ 73.593749999999744, 36.256249999999447 ], [ 73.606249999999733, 36.256249999999447 ] ] ] } },
{ "type": "Feature", "properties": { "HYRIV_ID": 40467567, "NEXT_DOWN": 40467446, "MAIN_RIV": 41023100, "LENGTH_KM": 2.69, "DIST_DN_KM": 2333.1, "DIST_UP_KM": 141.4, "CATCH_SKM": 6.23, "UPLAND_SKM": 7363.4, "ENDORHEIC": 0, "DIS_AV_CMS": 38.998, "ORD_STRA": 5, "ORD_CLAS": 3, "ORD_FLOW": 5, "HYBAS_L12": 4120573980 }, "geometry": { "type": "MultiLineString", "coordinates": [ [ [ 73.606249999999733, 36.256249999999447 ], [ 73.610416666666396, 36.256249999999447 ], [ 73.614583333333115, 36.260416666666096 ], [ 73.627083333333104, 36.260416666666096 ], [ 73.631249999999767, 36.264583333332759 ] ] ] } },
{ "type": "Feature", "properties": { "HYRIV_ID": 40467568, "NEXT_DOWN": 40468475, "MAIN_RIV": 41023100, "LENGTH_KM": 1.78, "DIST_DN_KM": 2327.7, "DIST_UP_KM": 146.8, "CATCH_SKM": 9.86, "UPLAND_SKM": 7567.2, "ENDORHEIC": 0, "DIS_AV_CMS": 39.61, "ORD_STRA": 5, "ORD_CLAS": 3, "ORD_FLOW": 5, "HYBAS_L12": 4120575890 }, "geometry": { "type": "MultiLineString", "coordinates": [ [ [ 73.664583333333127, 36.268749999999422 ], [ 73.677083333333059, 36.256249999999447 ] ] ] } },
{ "type": "Feature", "properties": { "HYRIV_ID": 40467570, "NEXT_DOWN": 40469156, "MAIN_RIV": 41023100, "LENGTH_KM": 2.71, "DIST_DN_KM": 2325.7, "DIST_UP_KM": 122.3, "CATCH_SKM": 6.92, "UPLAND_SKM": 2838.2, "ENDORHEIC": 0, "DIS_AV_CMS": 10.262, "ORD_STRA": 4, "ORD_CLAS": 4, "ORD_FLOW": 5, "HYBAS_L12": 4120575700 }, "geometry": { "type": "MultiLineString", "coordinates": [ [ [ 73.772916666666475, 36.277083333332776 ], [ 73.772916666666475, 36.268749999999422 ], [ 73.76041666666643, 36.256249999999447 ] ] ] } },
{ "type": "Feature", "properties": { "HYRIV_ID": 40468045, "NEXT_DOWN": 40468474, "MAIN_RIV": 41023100, "LENGTH_KM": 5.07, "DIST_DN_KM": 2356.0, "DIST_UP_KM": 75.8, "CATCH_SKM": 21.29, "UPLAND_SKM": 2275.1, "ENDORHEIC": 0, "DIS_AV_CMS": 9.214, "ORD_STRA": 4, "ORD_CLAS": 4, "ORD_FLOW": 6, "HYBAS_L12": 4120574450 }, "geometry": { "type": "MultiLineString", "coordinates": [ [ [ 73.402083333333138, 36.281249999999439 ], [ 73.406249999999858, 36.277083333332776 ], [ 73.406249999999858, 36.27291666666607 ], [ 73.402083333333138, 36.268749999999422 ], [ 73.402083333333138, 36.256249999999447 ], [ 73.406249999999858, 36.252083333332784 ], [ 73.410416666666521, 36.252083333332784 ], [ 73.41458333333307, 36.247916666666121 ], [ 73.41458333333307, 36.24374999999943 ] ] ] } },
{ "type": "Feature", "properties": { "HYRIV_ID": 40468047, "NEXT_DOWN": 40467566, "MAIN_RIV": 41023100, "LENGTH_KM": 4.03, "DIST_DN_KM": 2336.7, "DIST_UP_KM": 137.8, "CATCH_SKM": 20.43, "UPLAND_SKM": 7327.7, "ENDORHEIC": 0, "DIS_AV_CMS": 38.952, "ORD_STRA": 5, "ORD_CLAS": 3, "ORD_FLOW": 5, "HYBAS_L12": 4120573980 }, "geometry": { "type": "MultiLineString", "coordinates": [ [ [ 73.556249999999721, 36.24374999999943 ], [ 73.564583333333218, 36.24374999999943 ], [ 73.56874999999971, 36.247916666666121 ], [ 73.577083333333036, 36.247916666666121 ], [ 73.581249999999756, 36.252083333332784 ], [ 73.585416666666418, 36.252083333332784 ], [ 73.589583333333081, 36.256249999999447 ], [ 73.593749999999744, 36.256249999999447 ] ] ] } },
{ "type": "Feature", "properties": { "HYRIV_ID": 40468200, "NEXT_DOWN": 40468201, "MAIN_RIV": 41023100, "LENGTH_KM": 3.43, "DIST_DN_KM": 2356.9, "DIST_UP_KM": 117.5, "CATCH_SKM": 14.72, "UPLAND_SKM": 4496.2, "ENDORHEIC": 0, "DIS_AV_CMS": 28.341, "ORD_STRA": 4, "ORD_CLAS": 3, "ORD_FLOW": 5, "HYBAS_L12": 4120574610 }, "geometry": { "type": "MultiLineString", "coordinates": [ [ [ 73.372916666666441, 36.247916666666121 ], [ 73.385416666666487, 36.247916666666121 ], [ 73.393749999999812, 36.239583333332767 ], [ 73.406249999999858, 36.239583333332767 ] ] ] } },
{ "type": "Feature", "properties": { "HYRIV_ID": 40468201, "NEXT_DOWN": 40468474, "MAIN_RIV": 41023100, "LENGTH_KM": 0.97, "DIST_DN_KM": 2355.9, "DIST_UP_KM": 118.5, "CATCH_SKM": 1.21, "UPLAND_SKM": 4519.4, "ENDORHEIC": 0, "DIS_AV_CMS": 28.398, "ORD_STRA": 4, "ORD_CLAS": 3, "ORD_FLOW": 5, "HYBAS_L12": 4120574610 }, "geometry": { "type": "MultiLineString", "coordinates": [ [ [ 73.406249999999858, 36.239583333332767 ], [ 73.410416666666521, 36.24374999999943 ], [ 73.41458333333307, 36.24374999999943 ] ] ] } },
{ "type": "Feature", "properties": { "HYRIV_ID": 40468346, "NEXT_DOWN": 40468200, "MAIN_RIV": 41023100, "LENGTH_KM": 5.15, "DIST_DN_KM": 2360.3, "DIST_UP_KM": 114.1, "CATCH_SKM": 27.52, "UPLAND_SKM": 4463.8, "ENDORHEIC": 0, "DIS_AV_CMS": 28.364, "ORD_STRA": 4, "ORD_CLAS": 3, "ORD_FLOW": 5, "HYBAS_L12": 4120574610 }, "geometry": { "type": "MultiLineString", "coordinates": [ [ [ 73.32291666666643, 36.235416666666104 ], [ 73.327083333333036, 36.239583333332767 ], [ 73.331249999999756, 36.239583333332767 ], [ 73.335416666666418, 36.24374999999943 ], [ 73.339583333333081, 36.24374999999943 ], [ 73.343749999999744, 36.247916666666121 ], [ 73.372916666666441, 36.247916666666121 ] ] ] } },
{ "type": "Feature", "properties": { "HYRIV_ID": 40468474, "NEXT_DOWN": 40468892, "MAIN_RIV": 41023100, "LENGTH_KM": 4.4, "DIST_DN_KM": 2351.6, "DIST_UP_KM": 122.9, "CATCH_SKM": 16.8, "UPLAND_SKM": 6811.2, "ENDORHEIC": 0, "DIS_AV_CMS": 37.421, "ORD_STRA": 5, "ORD_CLAS": 3, "ORD_FLOW": 5, "HYBAS_L12": 4120575070 }, "geometry": { "type": "MultiLineString", "coordinates": [ [ [ 73.41458333333307, 36.24374999999943 ], [ 73.422916666666396, 36.24374999999943 ], [ 73.431249999999721, 36.235416666666104 ], [ 73.44374999999971, 36.235416666666104 ], [ 73.44791666666643, 36.231249999999399 ], [ 73.456249999999756, 36.231249999999399 ] ] ] } },
{ "type": "Feature", "properties": { "HYRIV_ID": 40468475, "NEXT_DOWN": 40469155, "MAIN_RIV": 41023100, "LENGTH_KM": 3.81, "DIST_DN_KM": 2323.8, "DIST_UP_KM": 150.6, "CATCH_SKM": 14.71, "UPLAND_SKM": 7593.0, "ENDORHEIC": 0, "DIS_AV_CMS": 39.633, "ORD_STRA": 5, "ORD_CLAS": 3, "ORD_FLOW": 5, "HYBAS_L12": 4120575890 }, "geometry": { "type": "MultiLineString", "coordinates": [ [ [ 73.677083333333059, 36.256249999999447 ], [ 73.681249999999835, 36.256249999999447 ], [ 73.697916666666544, 36.239583333332767 ], [ 73.697916666666544, 36.235416666666104 ], [ 73.702083333333036, 36.231249999999399 ] ] ] } },
{ "type": "Feature", "properties": { "HYRIV_ID": 40468598, "NEXT_DOWN": 40468346, "MAIN_RIV": 41023100, "LENGTH_KM": 1.56, "DIST_DN_KM": 2365.6, "DIST_UP_KM": 108.8, "CATCH_SKM": 4.85, "UPLAND_SKM": 4409.8, "ENDORHEIC": 0, "DIS_AV_CMS": 28.37, "ORD_STRA": 4, "ORD_CLAS": 3, "ORD_FLOW": 5, "HYBAS_L12": 4120574610 }, "geometry": { "type": "MultiLineString", "coordinates": [ [ [ 73.310416666666384, 36.22708333333275 ], [ 73.314583333333104, 36.231249999999399 ], [ 73.31874999999971, 36.231249999999399 ], [ 73.32291666666643, 36.235416666666104 ] ] ] } },
{ "type": "Feature", "properties": { "HYRIV_ID": 40468600, "NEXT_DOWN": 40468047, "MAIN_RIV": 41023100, "LENGTH_KM": 3.13, "DIST_DN_KM": 2340.7, "DIST_UP_KM": 133.8, "CATCH_SKM": 11.43, "UPLAND_SKM": 7251.7, "ENDORHEIC": 0, "DIS_AV_CMS": 38.753, "ORD_STRA": 5, "ORD_CLAS": 3, "ORD_FLOW": 5, "HYBAS_L12": 4120573980 }, "geometry": { "type": "MultiLineString", "coordinates": [ [ [ 73.531249999999801, 36.22708333333275 ], [ 73.539583333333184, 36.235416666666104 ], [ 73.543749999999733, 36.235416666666104 ], [ 73.552083333333059, 36.24374999999943 ], [ 73.556249999999721, 36.24374999999943 ] ] ] } },
{ "type": "Feature", "properties": { "HYRIV_ID": 40468892, "NEXT_DOWN": 40468893, "MAIN_RIV": 41023100, "LENGTH_KM": 4.78, "DIST_DN_KM": 2346.8, "DIST_UP_KM": 127.6, "CATCH_SKM": 31.51, "UPLAND_SKM": 6962.2, "ENDORHEIC": 0, "DIS_AV_CMS": 37.749, "ORD_STRA": 5, "ORD_CLAS": 3, "ORD_FLOW": 5, "HYBAS_L12": 4120575570 }, "geometry": { "type": "MultiLineString", "coordinates": [ [ [ 73.456249999999756, 36.231249999999399 ], [ 73.464583333333081, 36.231249999999399 ], [ 73.468749999999744, 36.22708333333275 ], [ 73.472916666666407, 36.22708333333275 ], [ 73.47708333333307, 36.222916666666087 ], [ 73.489583333333115, 36.222916666666087 ], [ 73.493749999999778, 36.218749999999424 ], [ 73.502083333333104, 36.218749999999424 ] ] ] } },
{ "type": "Feature", "properties": { "HYRIV_ID": 40468893, "NEXT_DOWN": 40468894, "MAIN_RIV": 41023100, "LENGTH_KM": 1.12, "DIST_DN_KM": 2345.7, "DIST_UP_KM": 128.8, "CATCH_SKM": 6.06, "UPLAND_SKM": 6995.8, "ENDORHEIC": 0, "DIS_AV_CMS": 37.855, "ORD_STRA": 5, "ORD_CLAS": 3, "ORD_FLOW": 5, "HYBAS_L12": 4120575570 }, "geometry": { "type": "MultiLineString", "coordinates": [ [ [ 73.502083333333104, 36.218749999999424 ], [ 73.51458333333315, 36.218749999999424 ] ] ] } },
{ "type": "Feature", "properties": { "HYRIV_ID": 40468894, "NEXT_DOWN": 40468600, "MAIN_RIV": 41023100, "LENGTH_KM": 1.94, "DIST_DN_KM": 2343.8, "DIST_UP_KM": 130.7, "CATCH_SKM": 7.45, "UPLAND_SKM": 7211.7, "ENDORHEIC": 0, "DIS_AV_CMS": 38.659, "ORD_STRA": 5, "ORD_CLAS": 3, "ORD_FLOW": 5, "HYBAS_L12": 4120573980 }, "geometry": { "type": "MultiLineString", "coordinates": [ [ [ 73.51458333333315, 36.218749999999424 ], [ 73.518749999999812, 36.222916666666087 ], [ 73.522916666666475, 36.222916666666087 ], [ 73.527083333333138, 36.22708333333275 ], [ 73.531249999999801, 36.22708333333275 ] ] ] } },
{ "type": "Feature", "properties": { "HYRIV_ID": 40469155, "NEXT_DOWN": 40469569, "MAIN_RIV": 41023100, "LENGTH_KM": 4.34, "DIST_DN_KM": 2319.3, "DIST_UP_KM": 155.1, "CATCH_SKM": 24.07, "UPLAND_SKM": 7652.3, "ENDORHEIC": 0, "DIS_AV_CMS": 39.754, "ORD_STRA": 5, "ORD_CLAS": 3, "ORD_FLOW": 5, "HYBAS_L12": 4120575890 }, "geometry": { "type": "MultiLineString", "coordinates": [ [ [ 73.702083333333036, 36.231249999999399 ], [ 73.702083333333036, 36.22708333333275 ], [ 73.706249999999756, 36.222916666666087 ], [ 73.718749999999744, 36.222916666666087 ], [ 73.731249999999733, 36.210416666666113 ], [ 73.735416666666396, 36.210416666666113 ] ] ] } },
{ "type": "Feature", "properties": { "HYRIV_ID": 40469156, "NEXT_DOWN": 40469569, "MAIN_RIV": 41023100, "LENGTH_KM": 6.13, "DIST_DN_KM": 2319.4, "DIST_UP_KM": 128.6, "CATCH_SKM": 19.91, "UPLAND_SKM": 2871.1, "ENDORHEIC": 0, "DIS_AV_CMS": 10.345, "ORD_STRA": 4, "ORD_CLAS": 4, "ORD_FLOW": 5, "HYBAS_L12": 4120575700 }, "geometry": { "type": "MultiLineString", "coordinates": [ [ [ 73.76041666666643, 36.256249999999447 ], [ 73.76041666666643, 36.252083333332784 ], [ 73.756249999999767, 36.247916666666121 ], [ 73.752083333333104, 36.247916666666121 ], [ 73.743749999999721, 36.239583333332767 ], [ 73.743749999999721, 36.235416666666104 ], [ 73.735416666666396, 36.22708333333275 ], [ 73.735416666666396, 36.210416666666113 ] ] ] } },
{ "type": "Feature", "properties": { "HYRIV_ID": 40469282, "NEXT_DOWN": 40468598, "MAIN_RIV": 41023100, "LENGTH_KM": 4.84, "DIST_DN_KM": 2367.0, "DIST_UP_KM": 107.4, "CATCH_SKM": 24.25, "UPLAND_SKM": 4390.9, "ENDORHEIC": 0, "DIS_AV_CMS": 28.345, "ORD_STRA": 4, "ORD_CLAS": 3, "ORD_FLOW": 5, "HYBAS_L12": 4120574610 }, "geometry": { "type": "MultiLineString", "coordinates": [ [ [ 73.268749999999812, 36.206249999999407 ], [ 73.272916666666475, 36.206249999999407 ], [ 73.277083333333195, 36.210416666666113 ], [ 73.281249999999858, 36.210416666666113 ], [ 73.28958333333307, 36.218749999999424 ], [ 73.293749999999733, 36.218749999999424 ], [ 73.297916666666396, 36.222916666666087 ], [ 73.302083333333059, 36.222916666666087 ], [ 73.306249999999721, 36.22708333333275 ], [ 73.310416666666384, 36.22708333333275 ] ] ] } },
{ "type": "Feature", "properties": { "HYRIV_ID": 40469568, "NEXT_DOWN": 40469282, "MAIN_RIV": 41023100, "LENGTH_KM": 3.06, "DIST_DN_KM": 2372.0, "DIST_UP_KM": 102.5, "CATCH_SKM": 9.01, "UPLAND_SKM": 4281.0, "ENDORHEIC": 0, "DIS_AV_CMS": 28.038, "ORD_STRA": 4, "ORD_CLAS": 3, "ORD_FLOW": 5, "HYBAS_L12": 4120574610 }, "geometry": { "type": "MultiLineString", "coordinates": [ [ [ 73.239583333333115, 36.197916666666096 ], [ 73.243749999999778, 36.202083333332759 ], [ 73.264583333333036, 36.202083333332759 ], [ 73.268749999999812, 36.206249999999407 ] ] ] } },
{ "type": "Feature", "properties": { "HYRIV_ID": 40469569, "NEXT_DOWN": 40469828, "MAIN_RIV": 41023100, "LENGTH_KM": 2.53, "DIST_DN_KM": 2317.0, "DIST_UP_KM": 157.5, "CATCH_SKM": 13.34, "UPLAND_SKM": 10536.7, "ENDORHEIC": 0, "DIS_AV_CMS": 50.087, "ORD_STRA": 5, "ORD_CLAS": 3, "ORD_FLOW": 5, "HYBAS_L12": 4120577880 }, "geometry": { "type": "MultiLineString", "coordinates": [ [ [ 73.735416666666396, 36.210416666666113 ], [ 73.739583333333059, 36.210416666666113 ], [ 73.743749999999721, 36.206249999999407 ], [ 73.747916666666441, 36.206249999999407 ], [ 73.756249999999767, 36.197916666666096 ] ] ] } },
{ "type": "Feature", "properties": { "HYRIV_ID": 40469828, "NEXT_DOWN": 40470154, "MAIN_RIV": 41023100, "LENGTH_KM": 1.56, "DIST_DN_KM": 2315.4, "DIST_UP_KM": 159.0, "CATCH_SKM": 3.46, "UPLAND_SKM": 10571.9, "ENDORHEIC": 0, "DIS_AV_CMS": 50.174, "ORD_STRA": 5, "ORD_CLAS": 3, "ORD_FLOW": 5, "HYBAS_L12": 4120577880 }, "geometry": { "type": "MultiLineString", "coordinates": [ [ [ 73.756249999999767, 36.197916666666096 ], [ 73.76041666666643, 36.197916666666096 ], [ 73.768749999999756, 36.189583333332784 ] ] ] } },
{ "type": "Feature", "properties": { "HYRIV_ID": 40469965, "NEXT_DOWN": 40470152, "MAIN_RIV": 41023100, "LENGTH_KM": 0.37, "DIST_DN_KM": 2401.7, "DIST_UP_KM": 72.7, "CATCH_SKM": 0.35, "UPLAND_SKM": 2447.4, "ENDORHEIC": 0, "DIS_AV_CMS": 19.946, "ORD_STRA": 4, "ORD_CLAS": 3, "ORD_FLOW": 5, "HYBAS_L12": 4120576690 }, "geometry": { "type": "MultiLineString", "coordinates": [ [ [ 72.993749999999835, 36.185416666666121 ], [ 72.997916666666384, 36.185416666666121 ] ] ] } },
{ "type": "Feature", "properties": { "HYRIV_ID": 40470152, "NEXT_DOWN": 40470456, "MAIN_RIV": 41023100, "LENGTH_KM": 5.0, "DIST_DN_KM": 2396.7, "DIST_UP_KM": 77.7, "CATCH_SKM": 34.31, "UPLAND_SKM": 2966.3, "ENDORHEIC": 0, "DIS_AV_CMS": 22.653, "ORD_STRA": 4, "ORD_CLAS": 3, "ORD_FLOW": 5, "HYBAS_L12": 4121361350 }, "geometry": { "type": "MultiLineString", "coordinates": [ [ [ 72.997916666666384, 36.185416666666121 ], [ 73.002083333333161, 36.181249999999416 ], [ 73.00624999999971, 36.181249999999416 ], [ 73.010416666666487, 36.185416666666121 ], [ 73.014583333333206, 36.185416666666121 ], [ 73.018749999999869, 36.181249999999416 ], [ 73.022916666666418, 36.185416666666121 ], [ 73.043749999999733, 36.185416666666121 ] ] ] } },
{ "type": "Feature", "properties": { "HYRIV_ID": 40470153, "NEXT_DOWN": 40469568, "MAIN_RIV": 41023100, "LENGTH_KM": 5.82, "DIST_DN_KM": 2374.9, "DIST_UP_KM": 99.6, "CATCH_SKM": 25.81, "UPLAND_SKM": 3343.4, "ENDORHEIC": 0, "DIS_AV_CMS": 23.946, "ORD_STRA": 4, "ORD_CLAS": 3, "ORD_FLOW": 5, "HYBAS_L12": 4120576270 }, "geometry": { "type": "MultiLineString", "coordinates": [ [ [ 73.189583333333104, 36.181249999999416 ], [ 73.19374999999971, 36.185416666666121 ], [ 73.19791666666643, 36.185416666666121 ], [ 73.202083333333093, 36.189583333332784 ], [ 73.206249999999756, 36.185416666666121 ], [ 73.214583333333081, 36.185416666666121 ], [ 73.218749999999744, 36.189583333332784 ], [ 73.222916666666407, 36.189583333332784 ], [ 73.227083333333127, 36.193749999999433 ], [ 73.23124999999979, 36.193749999999433 ], [ 73.235416666666453, 36.197916666666096 ], [ 73.239583333333115, 36.197916666666096 ] ] ] } },
{ "type": "Feature", "properties": { "HYRIV_ID": 40470154, "NEXT_DOWN": 40470744, "MAIN_RIV": 41023100, "LENGTH_KM": 1.56, "DIST_DN_KM": 2313.7, "DIST_UP_KM": 160.8, "CATCH_SKM": 2.77, "UPLAND_SKM": 10586.8, "ENDORHEIC": 0, "DIS_AV_CMS": 50.188, "ORD_STRA": 5, "ORD_CLAS": 3, "ORD_FLOW": 5, "HYBAS_L12": 4120577880 }, "geometry": { "type": "MultiLineString", "coordinates": [ [ [ 73.768749999999756, 36.189583333332784 ], [ 73.777083333333138, 36.181249999999416 ], [ 73.781249999999801, 36.181249999999416 ] ] ] } },
{ "type": "Feature", "properties": { "HYRIV_ID": 40470295, "NEXT_DOWN": 40470153, "MAIN_RIV": 41023100, "LENGTH_KM": 0.97, "DIST_DN_KM": 2380.6, "DIST_UP_KM": 93.8, "CATCH_SKM": 0.87, "UPLAND_SKM": 3295.7, "ENDORHEIC": 0, "DIS_AV_CMS": 23.902, "ORD_STRA": 4, "ORD_CLAS": 3, "ORD_FLOW": 5, "HYBAS_L12": 4120576270 }, "geometry": { "type": "MultiLineString", "coordinates": [ [ [ 73.181249999999721, 36.177083333332767 ], [ 73.185416666666384, 36.181249999999416 ], [ 73.189583333333104, 36.181249999999416 ] ] ] } },
{ "type": "Feature", "properties": { "HYRIV_ID": 40470456, "NEXT_DOWN": 40470743, "MAIN_RIV": 41023100, "LENGTH_KM": 3.28, "DIST_DN_KM": 2393.5, "DIST_UP_KM": 81.0, "CATCH_SKM": 16.46, "UPLAND_SKM": 2994.6, "ENDORHEIC": 0, "DIS_AV_CMS": 22.712, "ORD_STRA": 4, "ORD_CLAS": 3, "ORD_FLOW": 5, "HYBAS_L12": 4121361350 }, "geometry": { "type": "MultiLineString", "coordinates": [ [ [ 73.043749999999733, 36.185416666666121 ], [ 73.052083333333059, 36.185416666666121 ], [ 73.060416666666384, 36.177083333332767 ], [ 73.064583333333104, 36.177083333332767 ], [ 73.068749999999767, 36.172916666666104 ], [ 73.07291666666643, 36.172916666666104 ] ] ] } },
{ "type": "Feature", "properties": { "HYRIV_ID": 40470743, "NEXT_DOWN": 40470898, "MAIN_RIV": 41023100, "LENGTH_KM": 3.06, "DIST_DN_KM": 2390.4, "DIST_UP_KM": 84.0, "CATCH_SKM": 8.32, "UPLAND_SKM": 3078.9, "ENDORHEIC": 0, "DIS_AV_CMS": 23.057, "ORD_STRA": 4, "ORD_CLAS": 3, "ORD_FLOW": 5, "HYBAS_L12": 4121361450 }, "geometry": { "type": "MultiLineString", "coordinates": [ [ [ 73.07291666666643, 36.172916666666104 ], [ 73.081249999999756, 36.172916666666104 ], [ 73.085416666666418, 36.168749999999442 ], [ 73.089583333333081, 36.168749999999442 ], [ 73.093749999999801, 36.16458333333275 ], [ 73.102083333333127, 36.16458333333275 ] ] ] } },
{ "type": "Feature", "properties": { "HYRIV_ID": 40470744, "NEXT_DOWN": 40471452, "MAIN_RIV": 41023100, "LENGTH_KM": 5.75, "DIST_DN_KM": 2308.2, "DIST_UP_KM": 166.3, "CATCH_SKM": 28.94, "UPLAND_SKM": 10686.5, "ENDORHEIC": 0, "DIS_AV_CMS": 50.379, "ORD_STRA": 5, "ORD_CLAS": 3, "ORD_FLOW": 5, "HYBAS_L12": 4120577880 }, "geometry": { "type": "MultiLineString", "coordinates": [ [ [ 73.781249999999801, 36.181249999999416 ], [ 73.789583333333127, 36.181249999999416 ], [ 73.79374999999979, 36.177083333332767 ], [ 73.806249999999835, 36.177083333332767 ], [ 73.810416666666384, 36.172916666666104 ], [ 73.822916666666544, 36.172916666666104 ], [ 73.827083333333036, 36.168749999999442 ], [ 73.831249999999756, 36.168749999999442 ], [ 73.835416666666362, 36.16458333333275 ] ] ] } },
{ "type": "Feature", "properties": { "HYRIV_ID": 40470898, "NEXT_DOWN": 40470899, "MAIN_RIV": 41023100, "LENGTH_KM": 3.06, "DIST_DN_KM": 2387.4, "DIST_UP_KM": 87.1, "CATCH_SKM": 12.82, "UPLAND_SKM": 3122.1, "ENDORHEIC": 0, "DIS_AV_CMS": 23.202, "ORD_STRA": 4, "ORD_CLAS": 3, "ORD_FLOW": 5, "HYBAS_L12": 4121361450 }, "geometry": { "type": "MultiLineString", "coordinates": [ [ [ 73.102083333333127, 36.16458333333275 ], [ 73.118749999999835, 36.16458333333275 ], [ 73.122916666666498, 36.160416666666087 ], [ 73.127083333333161, 36.16458333333275 ], [ 73.13124999999971, 36.16458333333275 ] ] ] } },
{ "type": "Feature", "properties": { "HYRIV_ID": 40470899, "NEXT_DOWN": 40470295, "MAIN_RIV": 41023100, "LENGTH_KM": 5.84, "DIST_DN_KM": 2381.6, "DIST_UP_KM": 92.8, "CATCH_SKM": 32.06, "UPLAND_SKM": 3242.6, "ENDORHEIC": 0, "DIS_AV_CMS": 23.667, "ORD_STRA": 4, "ORD_CLAS": 3, "ORD_FLOW": 5, "HYBAS_L12": 4120576270 }, "geometry": { "type": "MultiLineString", "coordinates": [ [ [ 73.13124999999971, 36.16458333333275 ], [ 73.13958333333315, 36.16458333333275 ], [ 73.143749999999812, 36.160416666666087 ], [ 73.147916666666532, 36.16458333333275 ], [ 73.160416666666407, 36.16458333333275 ], [ 73.16458333333307, 36.168749999999442 ], [ 73.172916666666396, 36.168749999999442 ], [ 73.177083333333059, 36.172916666666104 ], [ 73.181249999999721, 36.172916666666104 ], [ 73.181249999999721, 36.177083333332767 ] ] ] } },
{ "type": "Feature", "properties": { "HYRIV_ID": 40471452, "NEXT_DOWN": 40471453, "MAIN_RIV": 41023100, "LENGTH_KM": 3.22, "DIST_DN_KM": 2304.8, "DIST_UP_KM": 169.7, "CATCH_SKM": 7.11, "UPLAND_SKM": 10719.2, "ENDORHEIC": 0, "DIS_AV_CMS": 50.414, "ORD_STRA": 5, "ORD_CLAS": 3, "ORD_FLOW": 5, "HYBAS_L12": 4120577880 }, "geometry": { "type": "MultiLineString", "coordinates": [ [ [ 73.835416666666362, 36.16458333333275 ], [ 73.847916666666407, 36.152083333332776 ], [ 73.85208333333307, 36.152083333332776 ], [ 73.856249999999733, 36.147916666666113 ], [ 73.856249999999733, 36.143749999999407 ] ] ] } },
{ "type": "Feature", "properties": { "HYRIV_ID": 40471453, "NEXT_DOWN": 40472289, "MAIN_RIV": 41023100, "LENGTH_KM": 0.37, "DIST_DN_KM": 2304.4, "DIST_UP_KM": 170.1, "CATCH_SKM": 1.73, "UPLAND_SKM": 10858.0, "ENDORHEIC": 0, "DIS_AV_CMS": 50.896, "ORD_STRA": 5, "ORD_CLAS": 3, "ORD_FLOW": 5, "HYBAS_L12": 4120578780 }, "geometry": { "type": "MultiLineString", "coordinates": [ [ [ 73.856249999999733, 36.143749999999407 ], [ 73.860416666666396, 36.143749999999407 ] ] ] } },
{ "type": "Feature", "properties": { "HYRIV_ID": 40471612, "NEXT_DOWN": 40469965, "MAIN_RIV": 41023100, "LENGTH_KM": 7.52, "DIST_DN_KM": 2402.1, "DIST_UP_KM": 59.8, "CATCH_SKM": 19.58, "UPLAND_SKM": 981.4, "ENDORHEIC": 0, "DIS_AV_CMS": 7.091, "ORD_STRA": 4, "ORD_CLAS": 4, "ORD_FLOW": 6, "HYBAS_L12": 4120576850 }, "geometry": { "type": "MultiLineString", "coordinates": [ [ [ 72.972916666666464, 36.139583333332745 ], [ 72.964583333333138, 36.147916666666113 ], [ 72.964583333333138, 36.156249999999424 ], [ 72.960416666666418, 36.160416666666087 ], [ 72.964583333333138, 36.16458333333275 ], [ 72.964583333333138, 36.168749999999442 ], [ 72.968749999999801, 36.168749999999442 ], [ 72.977083333333127, 36.177083333332767 ], [ 72.989583333333172, 36.177083333332767 ], [ 72.993749999999835, 36.181249999999416 ], [ 72.993749999999835, 36.185416666666121 ] ] ] } },
{ "type": "Feature", "properties": { "HYRIV_ID": 40472289, "NEXT_DOWN": 40472863, "MAIN_RIV": 41023100, "LENGTH_KM": 4.19, "DIST_DN_KM": 2300.2, "DIST_UP_KM": 174.3, "CATCH_SKM": 17.86, "UPLAND_SKM": 10914.5, "ENDORHEIC": 0, "DIS_AV_CMS": 50.98, "ORD_STRA": 5, "ORD_CLAS": 3, "ORD_FLOW": 5, "HYBAS_L12": 4120578780 }, "geometry": { "type": "MultiLineString", "coordinates": [ [ [ 73.860416666666396, 36.143749999999407 ], [ 73.868749999999721, 36.135416666666096 ], [ 73.868749999999721, 36.131249999999433 ], [ 73.872916666666384, 36.12708333333277 ], [ 73.877083333333104, 36.12708333333277 ], [ 73.88541666666643, 36.118749999999459 ], [ 73.889583333333093, 36.118749999999459 ] ] ] } },
{ "type": "Feature", "properties": { "HYRIV_ID": 40472601, "NEXT_DOWN": 40471612, "MAIN_RIV": 41023100, "LENGTH_KM": 3.9, "DIST_DN_KM": 2409.8, "DIST_UP_KM": 52.2, "CATCH_SKM": 17.69, "UPLAND_SKM": 950.6, "ENDORHEIC": 0, "DIS_AV_CMS": 6.988, "ORD_STRA": 4, "ORD_CLAS": 4, "ORD_FLOW": 6, "HYBAS_L12": 4120576850 }, "geometry": { "type": "MultiLineString", "coordinates": [ [ [ 72.993749999999835, 36.110416666666104 ], [ 72.98124999999979, 36.122916666666121 ], [ 72.98124999999979, 36.131249999999433 ], [ 72.972916666666464, 36.139583333332745 ] ] ] } },
{ "type": "Feature", "properties": { "HYRIV_ID": 40472863, "NEXT_DOWN": 40472865, "MAIN_RIV": 41023100, "LENGTH_KM": 3.88, "DIST_DN_KM": 2296.3, "DIST_UP_KM": 178.1, "CATCH_SKM": 24.8, "UPLAND_SKM": 11369.6, "ENDORHEIC": 0, "DIS_AV_CMS": 52.506, "ORD_STRA": 5, "ORD_CLAS": 3, "ORD_FLOW": 5, "HYBAS_L12": 4120579540 }, "geometry": { "type": "MultiLineString", "coordinates": [ [ [ 73.889583333333093, 36.118749999999459 ], [ 73.893749999999756, 36.114583333332753 ], [ 73.902083333333138, 36.114583333332753 ], [ 73.910416666666464, 36.106249999999442 ], [ 73.914583333333127, 36.106249999999442 ], [ 73.91874999999979, 36.102083333332736 ], [ 73.922916666666453, 36.102083333332736 ] ] ] } },
{ "type": "Feature", "properties": { "HYRIV_ID": 40472865, "NEXT_DOWN": 40473013, "MAIN_RIV": 41023100, "LENGTH_KM": 0.75, "DIST_DN_KM": 2295.6, "DIST_UP_KM": 178.9, "CATCH_SKM": 1.04, "UPLAND_SKM": 11380.9, "ENDORHEIC": 0, "DIS_AV_CMS": 52.517, "ORD_STRA": 5, "ORD_CLAS": 3, "ORD_FLOW": 5, "HYBAS_L12": 4120579540 }, "geometry": { "type": "MultiLineString", "coordinates": [ [ [ 73.922916666666453, 36.102083333332736 ], [ 73.931249999999835, 36.102083333332736 ] ] ] } },
{ "type": "Feature", "properties": { "HYRIV_ID": 40473011, "NEXT_DOWN": 40472601, "MAIN_RIV": 41023100, "LENGTH_KM": 1.66, "DIST_DN_KM": 2413.7, "DIST_UP_KM": 48.2, "CATCH_SKM": 3.47, "UPLAND_SKM": 907.1, "ENDORHEIC": 0, "DIS_AV_CMS": 6.726, "ORD_STRA": 4, "ORD_CLAS": 4, "ORD_FLOW": 6, "HYBAS_L12": 4120576850 }, "geometry": { "type": "MultiLineString", "coordinates": [ [ [ 73.002083333333161, 36.097916666666087 ], [ 72.997916666666384, 36.102083333332736 ], [ 72.997916666666384, 36.106249999999442 ], [ 72.993749999999835, 36.110416666666104 ] ] ] } },
{ "type": "Feature", "properties": { "HYRIV_ID": 40473013, "NEXT_DOWN": 40473150, "MAIN_RIV": 41023100, "LENGTH_KM": 5.45, "DIST_DN_KM": 2290.4, "DIST_UP_KM": 184.1, "CATCH_SKM": 24.63, "UPLAND_SKM": 11425.5, "ENDORHEIC": 0, "DIS_AV_CMS": 52.531, "ORD_STRA": 5, "ORD_CLAS": 3, "ORD_FLOW": 5, "HYBAS_L12": 4120579540 }, "geometry": { "type": "MultiLineString", "coordinates": [ [ [ 73.931249999999835, 36.102083333332736 ], [ 73.935416666666384, 36.106249999999442 ], [ 73.939583333333047, 36.102083333332736 ], [ 73.952083333333036, 36.102083333332736 ], [ 73.956249999999869, 36.097916666666087 ], [ 73.960416666666362, 36.102083333332736 ], [ 73.968749999999744, 36.102083333332736 ], [ 73.972916666666407, 36.106249999999442 ], [ 73.97708333333307, 36.102083333332736 ] ] ] } },
{ "type": "Feature", "properties": { "HYRIV_ID": 40473150, "NEXT_DOWN": 40473299, "MAIN_RIV": 41023100, "LENGTH_KM": 3.15, "DIST_DN_KM": 2287.0, "DIST_UP_KM": 187.4, "CATCH_SKM": 9.89, "UPLAND_SKM": 11466.0, "ENDORHEIC": 0, "DIS_AV_CMS": 52.572, "ORD_STRA": 5, "ORD_CLAS": 3, "ORD_FLOW": 5, "HYBAS_L12": 4120579540 }, "geometry": { "type": "MultiLineString", "coordinates": [ [ [ 73.97708333333307, 36.102083333332736 ], [ 73.97708333333307, 36.097916666666087 ], [ 73.981249999999733, 36.093749999999424 ], [ 73.985416666666396, 36.093749999999424 ], [ 73.989583333333059, 36.097916666666087 ], [ 74.002083333333104, 36.097916666666087 ] ] ] } },
{ "type": "Feature", "properties": { "HYRIV_ID": 40474145, "NEXT_DOWN": 40473011, "MAIN_RIV": 41023100, "LENGTH_KM": 3.97, "DIST_DN_KM": 2415.2, "DIST_UP_KM": 46.7, "CATCH_SKM": 19.43, "UPLAND_SKM": 891.6, "ENDORHEIC": 0, "DIS_AV_CMS": 6.642, "ORD_STRA": 4, "ORD_CLAS": 4, "ORD_FLOW": 6, "HYBAS_L12": 4120576850 }, "geometry": { "type": "MultiLineString", "coordinates": [ [ [ 73.010416666666487, 36.06458333333277 ], [ 73.010416666666487, 36.072916666666096 ], [ 73.00624999999971, 36.077083333332745 ], [ 73.00624999999971, 36.089583333332762 ], [ 73.002083333333161, 36.093749999999424 ], [ 73.002083333333161, 36.097916666666087 ] ] ] } },
{ "type": "Feature", "properties": { "HYRIV_ID": 40467065, "NEXT_DOWN": 40467445, "MAIN_RIV": 41023100, "LENGTH_KM": 2.09, "DIST_DN_KM": 2290.7, "DIST_UP_KM": 191.8, "CATCH_SKM": 7.44, "UPLAND_SKM": 4338.1, "ENDORHEIC": 0, "DIS_AV_CMS": 32.801, "ORD_STRA": 4, "ORD_CLAS": 2, "ORD_FLOW": 5, "HYBAS_L12": 4121360160 }, "geometry": { "type": "MultiLineString", "coordinates": [ [ [ 72.431249999999778, 36.27291666666607 ], [ 72.41874999999979, 36.27291666666607 ], [ 72.41458333333307, 36.277083333332776 ], [ 72.410416666666407, 36.277083333332776 ] ] ] } },
{ "type": "Feature", "properties": { "HYRIV_ID": 40467067, "NEXT_DOWN": 40467065, "MAIN_RIV": 41023100, "LENGTH_KM": 7.39, "DIST_DN_KM": 2292.8, "DIST_UP_KM": 189.8, "CATCH_SKM": 34.44, "UPLAND_SKM": 4309.3, "ENDORHEIC": 0, "DIS_AV_CMS": 32.483, "ORD_STRA": 4, "ORD_CLAS": 2, "ORD_FLOW": 5, "HYBAS_L12": 4121360160 }, "geometry": { "type": "MultiLineString", "coordinates": [ [ [ 72.506249999999767, 36.285416666666087 ], [ 72.502083333333104, 36.285416666666087 ], [ 72.497916666666384, 36.281249999999439 ], [ 72.477083333333184, 36.281249999999439 ], [ 72.472916666666521, 36.277083333332776 ], [ 72.439583333333104, 36.277083333332776 ], [ 72.435416666666441, 36.27291666666607 ], [ 72.431249999999778, 36.27291666666607 ] ] ] } },
{ "type": "Feature", "properties": { "HYRIV_ID": 40467190, "NEXT_DOWN": 40468473, "MAIN_RIV": 41023100, "LENGTH_KM": 9.55, "DIST_DN_KM": 2273.3, "DIST_UP_KM": 209.2, "CATCH_SKM": 29.77, "UPLAND_SKM": 4498.2, "ENDORHEIC": 0, "DIS_AV_CMS": 34.905, "ORD_STRA": 4, "ORD_CLAS": 2, "ORD_FLOW": 5, "HYBAS_L12": 4120575490 }, "geometry": { "type": "MultiLineString", "coordinates": [ [ [ 72.339583333333195, 36.268749999999422 ], [ 72.335416666666475, 36.27291666666607 ], [ 72.331249999999812, 36.27291666666607 ], [ 72.32708333333315, 36.277083333332776 ], [ 72.318749999999824, 36.277083333332776 ], [ 72.314583333333161, 36.281249999999439 ], [ 72.302083333333115, 36.281249999999439 ], [ 72.297916666666453, 36.277083333332776 ], [ 72.29374999999979, 36.281249999999439 ], [ 72.252083333333104, 36.281249999999439 ], [ 72.247916666666441, 36.277083333332776 ] ] ] } },
{ "type": "Feature", "properties": { "HYRIV_ID": 40467444, "NEXT_DOWN": 40467190, "MAIN_RIV": 41023100, "LENGTH_KM": 1.94, "DIST_DN_KM": 2282.6, "DIST_UP_KM": 199.9, "CATCH_SKM": 7.1, "UPLAND_SKM": 4440.2, "ENDORHEIC": 0, "DIS_AV_CMS": 34.065, "ORD_STRA": 4, "ORD_CLAS": 2, "ORD_FLOW": 5, "HYBAS_L12": 4121360160 }, "geometry": { "type": "MultiLineString", "coordinates": [ [ [ 72.356249999999733, 36.260416666666096 ], [ 72.352083333333184, 36.264583333332759 ], [ 72.347916666666407, 36.264583333332759 ], [ 72.343749999999744, 36.268749999999422 ], [ 72.339583333333195, 36.268749999999422 ] ] ] } },
{ "type": "Feature", "properties": { "HYRIV_ID": 40467445, "NEXT_DOWN": 40467444, "MAIN_RIV": 41023100, "LENGTH_KM": 6.19, "DIST_DN_KM": 2284.7, "DIST_UP_KM": 197.8, "CATCH_SKM": 25.61, "UPLAND_SKM": 4389.3, "ENDORHEIC": 0, "DIS_AV_CMS": 33.448, "ORD_STRA": 4, "ORD_CLAS": 2, "ORD_FLOW": 5, "HYBAS_L12": 4121360160 }, "geometry": { "type": "MultiLineString", "coordinates": [ [ [ 72.410416666666407, 36.277083333332776 ], [ 72.406249999999801, 36.281249999999439 ], [ 72.393749999999756, 36.268749999999422 ], [ 72.368749999999778, 36.268749999999422 ], [ 72.364583333333059, 36.264583333332759 ], [ 72.360416666666509, 36.264583333332759 ], [ 72.356249999999733, 36.260416666666096 ] ] ] } },
{ "type": "Feature", "properties": { "HYRIV_ID": 40468473, "NEXT_DOWN": 40468765, "MAIN_RIV": 41023100, "LENGTH_KM": 8.04, "DIST_DN_KM": 2265.3, "DIST_UP_KM": 217.2, "CATCH_SKM": 27.87, "UPLAND_SKM": 4598.3, "ENDORHEIC": 0, "DIS_AV_CMS": 36.259, "ORD_STRA": 4, "ORD_CLAS": 2, "ORD_FLOW": 5, "HYBAS_L12": 4120575490 }, "geometry": { "type": "MultiLineString", "coordinates": [ [ [ 72.247916666666441, 36.277083333332776 ], [ 72.235416666666566, 36.264583333332759 ], [ 72.231249999999733, 36.264583333332759 ], [ 72.222916666666407, 36.256249999999447 ], [ 72.218749999999744, 36.256249999999447 ], [ 72.206249999999869, 36.24374999999943 ], [ 72.20208333333315, 36.24374999999943 ], [ 72.197916666666487, 36.239583333332767 ], [ 72.193749999999824, 36.239583333332767 ], [ 72.185416666666498, 36.231249999999399 ] ] ] } },
{ "type": "Feature", "properties": { "HYRIV_ID": 40468764, "NEXT_DOWN": 40470289, "MAIN_RIV": 41023100, "LENGTH_KM": 3.18, "DIST_DN_KM": 2263.0, "DIST_UP_KM": 114.9, "CATCH_SKM": 5.19, "UPLAND_SKM": 3560.6, "ENDORHEIC": 0, "DIS_AV_CMS": 28.309, "ORD_STRA": 5, "ORD_CLAS": 3, "ORD_FLOW": 5, "HYBAS_L12": 4120575240 }, "geometry": { "type": "MultiLineString", "coordinates": [ [ [ 72.166666666667041, 36.225 ], [ 72.166666666666686, 36.224999999999646 ] ] ] } },
{ "type": "Feature", "properties": { "HYRIV_ID": 40468765, "NEXT_DOWN": 40470289, "MAIN_RIV": 41023100, "LENGTH_KM": 2.31, "DIST_DN_KM": 2262.8, "DIST_UP_KM": 219.7, "CATCH_SKM": 5.54, "UPLAND_SKM": 4618.0, "ENDORHEIC": 0, "DIS_AV_CMS": 36.549, "ORD_STRA": 4, "ORD_CLAS": 2, "ORD_FLOW": 5, "HYBAS_L12": 4120575490 }, "geometry": { "type": "MultiLineString", "coordinates": [ [ [ 72.185416666666498, 36.231249999999399 ], [ 72.177083333333115, 36.222916666666087 ], [ 72.166666666666686, 36.222916666666087 ] ] ] } },
{ "type": "Feature", "properties": { "HYRIV_ID": 40459606, "NEXT_DOWN": 40460329, "MAIN_RIV": 41023100, "LENGTH_KM": 3.59, "DIST_DN_KM": 2368.4, "DIST_UP_KM": 125.8, "CATCH_SKM": 21.74, "UPLAND_SKM": 5689.4, "ENDORHEIC": 0, "DIS_AV_CMS": 7.877, "ORD_STRA": 5, "ORD_CLAS": 2, "ORD_FLOW": 6, "HYBAS_L12": 4120566890 }, "geometry": { "type": "MultiLineString", "coordinates": [ [ [ 74.872916666666384, 36.51041666666611 ], [ 74.88124999999971, 36.51041666666611 ], [ 74.893749999999699, 36.497916666666093 ], [ 74.893749999999699, 36.493749999999388 ], [ 74.897916666666362, 36.489583333332739 ] ] ] } },
{ "type": "Feature", "properties": { "HYRIV_ID": 40459607, "NEXT_DOWN": 40460329, "MAIN_RIV": 41023100, "LENGTH_KM": 9.18, "DIST_DN_KM": 2368.2, "DIST_UP_KM": 116.8, "CATCH_SKM": 36.23, "UPLAND_SKM": 2748.3, "ENDORHEIC": 0, "DIS_AV_CMS": 5.366, "ORD_STRA": 4, "ORD_CLAS": 3, "ORD_FLOW": 6, "HYBAS_L12": 4120566900 }, "geometry": { "type": "MultiLineString", "coordinates": [ [ [ 74.972916666666464, 36.51041666666611 ], [ 74.956249999999756, 36.51041666666611 ], [ 74.952083333333093, 36.506249999999405 ], [ 74.94374999999971, 36.506249999999405 ], [ 74.935416666666384, 36.497916666666093 ], [ 74.935416666666384, 36.493749999999388 ], [ 74.931249999999721, 36.489583333332739 ], [ 74.922916666666396, 36.489583333332739 ], [ 74.91458333333307, 36.497916666666093 ], [ 74.902083333333081, 36.497916666666093 ], [ 74.897916666666362, 36.493749999999388 ], [ 74.897916666666362, 36.489583333332739 ] ] ] } },
{ "type": "Feature", "properties": { "HYRIV_ID": 40460329, "NEXT_DOWN": 40460752, "MAIN_RIV": 41023100, "LENGTH_KM": 2.45, "DIST_DN_KM": 2365.7, "DIST_UP_KM": 128.4, "CATCH_SKM": 9.66, "UPLAND_SKM": 8447.4, "ENDORHEIC": 0, "DIS_AV_CMS": 13.216, "ORD_STRA": 5, "ORD_CLAS": 2, "ORD_FLOW": 5, "HYBAS_L12": 4121357660 }, "geometry": { "type": "MultiLineString", "coordinates": [ [ [ 74.897916666666362, 36.489583333332739 ], [ 74.897916666666362, 36.485416666666119 ], [ 74.902083333333081, 36.481249999999413 ], [ 74.902083333333081, 36.468749999999439 ] ] ] } },
{ "type": "Feature", "properties": { "HYRIV_ID": 40460752, "NEXT_DOWN": 40461074, "MAIN_RIV": 41023100, "LENGTH_KM": 1.78, "DIST_DN_KM": 2364.1, "DIST_UP_KM": 130.0, "CATCH_SKM": 2.76, "UPLAND_SKM": 8542.7, "ENDORHEIC": 0, "DIS_AV_CMS": 13.374, "ORD_STRA": 5, "ORD_CLAS": 2, "ORD_FLOW": 5, "HYBAS_L12": 4121357660 }, "geometry": { "type": "MultiLineString", "coordinates": [ [ [ 74.902083333333081, 36.468749999999439 ], [ 74.91458333333307, 36.456249999999422 ] ] ] } },
{ "type": "Feature", "properties": { "HYRIV_ID": 40461074, "NEXT_DOWN": 40462635, "MAIN_RIV": 41023100, "LENGTH_KM": 1.56, "DIST_DN_KM": 2362.6, "DIST_UP_KM": 131.6, "CATCH_SKM": 2.42, "UPLAND_SKM": 8570.3, "ENDORHEIC": 0, "DIS_AV_CMS": 13.404, "ORD_STRA": 5, "ORD_CLAS": 2, "ORD_FLOW": 5, "HYBAS_L12": 4121357660 }, "geometry": { "type": "MultiLineString", "coordinates": [ [ [ 74.91458333333307, 36.456249999999422 ], [ 74.910416666666407, 36.452083333332773 ], [ 74.906249999999687, 36.452083333332773 ], [ 74.902083333333081, 36.44791666666611 ] ] ] } },
{ "type": "Feature", "properties": { "HYRIV_ID": 40462635, "NEXT_DOWN": 40463222, "MAIN_RIV": 41023100, "LENGTH_KM": 6.63, "DIST_DN_KM": 2355.9, "DIST_UP_KM": 138.2, "CATCH_SKM": 26.08, "UPLAND_SKM": 8613.7, "ENDORHEIC": 0, "DIS_AV_CMS": 13.375, "ORD_STRA": 5, "ORD_CLAS": 2, "ORD_FLOW": 5, "HYBAS_L12": 4121358620 }, "geometry": { "type": "MultiLineString", "coordinates": [ [ [ 74.902083333333081, 36.44791666666611 ], [ 74.897916666666362, 36.44791666666611 ], [ 74.893749999999699, 36.443749999999447 ], [ 74.889583333333036, 36.443749999999447 ], [ 74.885416666666373, 36.439583333332742 ], [ 74.885416666666373, 36.43124999999943 ], [ 74.88124999999971, 36.427083333332767 ], [ 74.88124999999971, 36.422916666666076 ], [ 74.885416666666373, 36.418749999999413 ], [ 74.885416666666373, 36.41458333333275 ], [ 74.88124999999971, 36.410416666666102 ], [ 74.88124999999971, 36.406249999999439 ], [ 74.877083333333047, 36.402083333332733 ] ] ] } },
{ "type": "Feature", "properties": { "HYRIV_ID": 40463222, "NEXT_DOWN": 40463614, "MAIN_RIV": 41023100, "LENGTH_KM": 2.12, "DIST_DN_KM": 2353.8, "DIST_UP_KM": 140.4, "CATCH_SKM": 6.74, "UPLAND_SKM": 8703.3, "ENDORHEIC": 0, "DIS_AV_CMS": 13.522, "ORD_STRA": 5, "ORD_CLAS": 2, "ORD_FLOW": 5, "HYBAS_L12": 4121358620 }, "geometry": { "type": "MultiLineString", "coordinates": [ [ [ 74.877083333333047, 36.402083333332733 ], [ 74.877083333333047, 36.397916666666084 ], [ 74.872916666666384, 36.393749999999422 ], [ 74.872916666666384, 36.389583333332759 ], [ 74.868749999999835, 36.38541666666611 ] ] ] } },
{ "type": "Feature", "properties": { "HYRIV_ID": 40463614, "NEXT_DOWN": 40465361, "MAIN_RIV": 41023100, "LENGTH_KM": 1.52, "DIST_DN_KM": 2352.3, "DIST_UP_KM": 141.9, "CATCH_SKM": 3.63, "UPLAND_SKM": 8751.6, "ENDORHEIC": 0, "DIS_AV_CMS": 13.597, "ORD_STRA": 5, "ORD_CLAS": 2, "ORD_FLOW": 5, "HYBAS_L12": 4121359490 }, "geometry": { "type": "MultiLineString", "coordinates": [ [ [ 74.868749999999835, 36.38541666666611 ], [ 74.868749999999835, 36.377083333332742 ], [ 74.864583333333115, 36.372916666666093 ] ] ] } },
{ "type": "Feature", "properties": { "HYRIV_ID": 40465361, "NEXT_DOWN": 40466119, "MAIN_RIV": 41023100, "LENGTH_KM": 6.35, "DIST_DN_KM": 2345.9, "DIST_UP_KM": 148.3, "CATCH_SKM": 28.7, "UPLAND_SKM": 8840.2, "ENDORHEIC": 0, "DIS_AV_CMS": 13.689, "ORD_STRA": 5, "ORD_CLAS": 2, "ORD_FLOW": 5, "HYBAS_L12": 4121359490 }, "geometry": { "type": "MultiLineString", "coordinates": [ [ [ 74.864583333333115, 36.372916666666093 ], [ 74.860416666666453, 36.36874999999943 ], [ 74.860416666666453, 36.360416666666119 ], [ 74.85624999999979, 36.356249999999456 ], [ 74.860416666666453, 36.35208333333275 ], [ 74.860416666666453, 36.347916666666102 ], [ 74.868749999999835, 36.339583333332776 ], [ 74.868749999999835, 36.327083333332759 ], [ 74.864583333333115, 36.322916666666096 ] ] ] } },
{ "type": "Feature", "properties": { "HYRIV_ID": 40466118, "NEXT_DOWN": 40466117, "MAIN_RIV": 41023100, "LENGTH_KM": 5.52, "DIST_DN_KM": 2332.3, "DIST_UP_KM": 161.9, "CATCH_SKM": 30.96, "UPLAND_SKM": 8958.2, "ENDORHEIC": 0, "DIS_AV_CMS": 13.689, "ORD_STRA": 5, "ORD_CLAS": 2, "ORD_FLOW": 5, "HYBAS_L12": 4120572760 }, "geometry": { "type": "MultiLineString", "coordinates": [ [ [ 74.797916666666396, 36.310416666666079 ], [ 74.793749999999733, 36.30624999999943 ], [ 74.78958333333307, 36.30624999999943 ], [ 74.785416666666407, 36.302083333332767 ], [ 74.768749999999699, 36.302083333332767 ], [ 74.764583333333036, 36.30624999999943 ], [ 74.743749999999721, 36.30624999999943 ] ] ] } },
{ "type": "Feature", "properties": { "HYRIV_ID": 40466119, "NEXT_DOWN": 40466118, "MAIN_RIV": 41023100, "LENGTH_KM": 7.97, "DIST_DN_KM": 2337.8, "DIST_UP_KM": 156.4, "CATCH_SKM": 41.69, "UPLAND_SKM": 8910.6, "ENDORHEIC": 0, "DIS_AV_CMS": 13.706, "ORD_STRA": 5, "ORD_CLAS": 2, "ORD_FLOW": 5, "HYBAS_L12": 4120572760 }, "geometry": { "type": "MultiLineString", "coordinates": [ [ [ 74.864583333333115, 36.322916666666096 ], [ 74.852083333333013, 36.310416666666079 ], [ 74.843749999999801, 36.310416666666079 ], [ 74.835416666666418, 36.302083333332767 ], [ 74.831249999999756, 36.302083333332767 ], [ 74.82291666666643, 36.310416666666079 ], [ 74.810416666666384, 36.310416666666079 ], [ 74.806249999999721, 36.30624999999943 ], [ 74.802083333333059, 36.310416666666079 ], [ 74.797916666666396, 36.310416666666079 ] ] ] } },
{ "type": "Feature", "properties": { "HYRIV_ID": 40464944, "NEXT_DOWN": 40463616, "MAIN_RIV": 41023100, "LENGTH_KM": 6.85, "DIST_DN_KM": 2431.7, "DIST_UP_KM": 53.3, "CATCH_SKM": 33.36, "UPLAND_SKM": 713.0, "ENDORHEIC": 0, "DIS_AV_CMS": 1.514, "ORD_STRA": 4, "ORD_CLAS": 3, "ORD_FLOW": 6, "HYBAS_L12": 4120570840 }, "geometry": { "type": "MultiLineString", "coordinates": [ [ [ 75.489583333333059, 36.33541666666607 ], [ 75.485416666666396, 36.339583333332776 ], [ 75.481249999999733, 36.339583333332776 ], [ 75.472916666666407, 36.347916666666102 ], [ 75.468749999999744, 36.347916666666102 ], [ 75.456249999999699, 36.360416666666119 ], [ 75.452083333333036, 36.360416666666119 ], [ 75.439583333333047, 36.372916666666093 ], [ 75.435416666666384, 36.372916666666093 ] ] ] } },
{ "type": "Feature", "properties": { "HYRIV_ID": 40472425, "NEXT_DOWN": 40471870, "MAIN_RIV": 40348332, "LENGTH_KM": 2.76, "DIST_DN_KM": 2204.9, "DIST_UP_KM": 120.0, "CATCH_SKM": 12.83, "UPLAND_SKM": 1969.1, "ENDORHEIC": 1, "DIS_AV_CMS": 2.915, "ORD_STRA": 4, "ORD_CLAS": 2, "ORD_FLOW": 6, "HYBAS_L12": 4120578360 }, "geometry": { "type": "MultiLineString", "coordinates": [ [ [ 76.643749999999699, 36.114583333332753 ], [ 76.63124999999971, 36.12708333333277 ], [ 76.62708333333299, 36.12708333333277 ], [ 76.622916666666384, 36.131249999999433 ] ] ] } },
{ "type": "Feature", "properties": { "HYRIV_ID": 40472744, "NEXT_DOWN": 40472870, "MAIN_RIV": 40348332, "LENGTH_KM": 3.81, "DIST_DN_KM": 2195.1, "DIST_UP_KM": 129.8, "CATCH_SKM": 9.36, "UPLAND_SKM": 2180.3, "ENDORHEIC": 1, "DIS_AV_CMS": 3.299, "ORD_STRA": 4, "ORD_CLAS": 2, "ORD_FLOW": 6, "HYBAS_L12": 4120577400 }, "geometry": { "type": "MultiLineString", "coordinates": [ [ [ 76.556249999999721, 36.131249999999433 ], [ 76.552083333333059, 36.12708333333277 ], [ 76.547916666666396, 36.12708333333277 ], [ 76.53541666666635, 36.114583333332753 ], [ 76.53541666666635, 36.110416666666104 ], [ 76.531249999999687, 36.106249999999442 ] ] ] } },
{ "type": "Feature", "properties": { "HYRIV_ID": 40472870, "NEXT_DOWN": 40470751, "MAIN_RIV": 40348332, "LENGTH_KM": 16.13, "DIST_DN_KM": 2178.8, "DIST_UP_KM": 146.1, "CATCH_SKM": 83.22, "UPLAND_SKM": 2284.2, "ENDORHEIC": 1, "DIS_AV_CMS": 3.406, "ORD_STRA": 4, "ORD_CLAS": 2, "ORD_FLOW": 6, "HYBAS_L12": 4120577400 }, "geometry": { "type": "MultiLineString", "coordinates": [ [ [ 76.531249999999687, 36.106249999999442 ], [ 76.527083333333024, 36.102083333332736 ], [ 76.50208333333299, 36.102083333332736 ], [ 76.497916666666384, 36.106249999999442 ], [ 76.489583333333002, 36.106249999999442 ], [ 76.485416666666339, 36.110416666666104 ], [ 76.477083333333013, 36.110416666666104 ], [ 76.47291666666635, 36.114583333332753 ], [ 76.468749999999687, 36.114583333332753 ], [ 76.464583333333024, 36.118749999999459 ], [ 76.460416666666475, 36.118749999999459 ], [ 76.460416666666475, 36.122916666666121 ], [ 76.452083333333093, 36.131249999999433 ], [ 76.443749999999767, 36.131249999999433 ], [ 76.439583333333104, 36.135416666666096 ], [ 76.435416666666441, 36.135416666666096 ], [ 76.418749999999733, 36.152083333332776 ], [ 76.41458333333307, 36.152083333332776 ], [ 76.402083333333024, 36.16458333333275 ], [ 76.393749999999699, 36.16458333333275 ] ] ] } },
{ "type": "Feature", "properties": { "HYRIV_ID": 40473017, "NEXT_DOWN": 40472425, "MAIN_RIV": 40348332, "LENGTH_KM": 2.25, "DIST_DN_KM": 2207.6, "DIST_UP_KM": 117.3, "CATCH_SKM": 6.94, "UPLAND_SKM": 1931.1, "ENDORHEIC": 1, "DIS_AV_CMS": 2.847, "ORD_STRA": 4, "ORD_CLAS": 2, "ORD_FLOW": 6, "HYBAS_L12": 4120578360 }, "geometry": { "type": "MultiLineString", "coordinates": [ [ [ 76.656249999999687, 36.097916666666087 ], [ 76.656249999999687, 36.102083333332736 ], [ 76.643749999999699, 36.114583333332753 ] ] ] } },
{ "type": "Feature", "properties": { "HYRIV_ID": 40473468, "NEXT_DOWN": 40470751, "MAIN_RIV": 40348332, "LENGTH_KM": 9.33, "DIST_DN_KM": 2178.9, "DIST_UP_KM": 66.3, "CATCH_SKM": 48.38, "UPLAND_SKM": 1416.2, "ENDORHEIC": 1, "DIS_AV_CMS": 3.037, "ORD_STRA": 4, "ORD_CLAS": 3, "ORD_FLOW": 6, "HYBAS_L12": 4120577580 }, "geometry": { "type": "MultiLineString", "coordinates": [ [ [ 76.410416666666407, 36.085416666666113 ], [ 76.406249999999744, 36.089583333332762 ], [ 76.406249999999744, 36.102083333332736 ], [ 76.402083333333024, 36.106249999999442 ], [ 76.402083333333024, 36.135416666666096 ], [ 76.397916666666362, 36.139583333332745 ], [ 76.397916666666362, 36.156249999999424 ], [ 76.393749999999699, 36.160416666666087 ], [ 76.393749999999699, 36.16458333333275 ] ] ] } },
{ "type": "Feature", "properties": { "HYRIV_ID": 40474465, "NEXT_DOWN": 40473017, "MAIN_RIV": 40348332, "LENGTH_KM": 5.29, "DIST_DN_KM": 2209.7, "DIST_UP_KM": 115.2, "CATCH_SKM": 24.81, "UPLAND_SKM": 1896.8, "ENDORHEIC": 1, "DIS_AV_CMS": 2.786, "ORD_STRA": 4, "ORD_CLAS": 2, "ORD_FLOW": 6, "HYBAS_L12": 4121362200 }, "geometry": { "type": "MultiLineString", "coordinates": [ [ [ 76.668749999999733, 36.056249999999459 ], [ 76.664583333333013, 36.060416666666121 ], [ 76.664583333333013, 36.06458333333277 ], [ 76.668749999999733, 36.068749999999433 ], [ 76.668749999999733, 36.077083333332745 ], [ 76.664583333333013, 36.08124999999945 ], [ 76.664583333333013, 36.085416666666113 ], [ 76.656249999999687, 36.093749999999424 ], [ 76.656249999999687, 36.097916666666087 ] ] ] } },
{ "type": "Feature", "properties": { "HYRIV_ID": 40474609, "NEXT_DOWN": 40473468, "MAIN_RIV": 40348332, "LENGTH_KM": 4.88, "DIST_DN_KM": 2188.2, "DIST_UP_KM": 57.0, "CATCH_SKM": 35.93, "UPLAND_SKM": 1078.1, "ENDORHEIC": 1, "DIS_AV_CMS": 2.41, "ORD_STRA": 4, "ORD_CLAS": 3, "ORD_FLOW": 6, "HYBAS_L12": 4120580110 }, "geometry": { "type": "MultiLineString", "coordinates": [ [ [ 76.38124999999971, 36.052083333332753 ], [ 76.385416666666373, 36.056249999999459 ], [ 76.389583333333036, 36.056249999999459 ], [ 76.410416666666407, 36.077083333332745 ], [ 76.410416666666407, 36.085416666666113 ] ] ] } },
{ "type": "Feature", "properties": { "HYRIV_ID": 40474759, "NEXT_DOWN": 40474465, "MAIN_RIV": 40348332, "LENGTH_KM": 1.19, "DIST_DN_KM": 2215.2, "DIST_UP_KM": 109.7, "CATCH_SKM": 1.74, "UPLAND_SKM": 1788.5, "ENDORHEIC": 1, "DIS_AV_CMS": 2.6, "ORD_STRA": 4, "ORD_CLAS": 2, "ORD_FLOW": 6, "HYBAS_L12": 4121362200 }, "geometry": { "type": "MultiLineString", "coordinates": [ [ [ 76.668749999999733, 36.047916666666104 ], [ 76.664583333333013, 36.052083333332753 ], [ 76.668749999999733, 36.056249999999459 ] ] ] } },
{ "type": "Feature", "properties": { "HYRIV_ID": 40476457, "NEXT_DOWN": 40474759, "MAIN_RIV": 40348332, "LENGTH_KM": 7.02, "DIST_DN_KM": 2216.4, "DIST_UP_KM": 108.5, "CATCH_SKM": 30.91, "UPLAND_SKM": 1726.5, "ENDORHEIC": 1, "DIS_AV_CMS": 2.486, "ORD_STRA": 4, "ORD_CLAS": 2, "ORD_FLOW": 6, "HYBAS_L12": 4121362860 }, "geometry": { "type": "MultiLineString", "coordinates": [ [ [ 76.706249999999756, 35.997916666666107 ], [ 76.710416666666418, 36.00208333333277 ], [ 76.710416666666418, 36.006249999999433 ], [ 76.668749999999733, 36.047916666666104 ] ] ] } },
{ "type": "Feature", "properties": { "HYRIV_ID": 40477069, "NEXT_DOWN": 40476457, "MAIN_RIV": 40348332, "LENGTH_KM": 1.99, "DIST_DN_KM": 2223.4, "DIST_UP_KM": 101.5, "CATCH_SKM": 3.47, "UPLAND_SKM": 1648.5, "ENDORHEIC": 1, "DIS_AV_CMS": 2.357, "ORD_STRA": 4, "ORD_CLAS": 2, "ORD_FLOW": 6, "HYBAS_L12": 4121362860 }, "geometry": { "type": "MultiLineString", "coordinates": [ [ [ 76.710416666666418, 35.981249999999442 ], [ 76.710416666666418, 35.993749999999459 ], [ 76.706249999999756, 35.997916666666107 ] ] ] } },
{ "type": "Feature", "properties": { "HYRIV_ID": 40479007, "NEXT_DOWN": 40477069, "MAIN_RIV": 40348332, "LENGTH_KM": 7.08, "DIST_DN_KM": 2225.4, "DIST_UP_KM": 99.5, "CATCH_SKM": 47.09, "UPLAND_SKM": 1632.7, "ENDORHEIC": 1, "DIS_AV_CMS": 2.351, "ORD_STRA": 4, "ORD_CLAS": 2, "ORD_FLOW": 6, "HYBAS_L12": 4121363650 }, "geometry": { "type": "MultiLineString", "coordinates": [ [ [ 76.743749999999665, 35.927083333332753 ], [ 76.743749999999665, 35.931249999999444 ], [ 76.735416666666339, 35.93958333333277 ], [ 76.735416666666339, 35.943749999999433 ], [ 76.731249999999676, 35.947916666666082 ], [ 76.731249999999676, 35.952083333332745 ], [ 76.714583333333081, 35.968749999999424 ], [ 76.714583333333081, 35.977083333332779 ], [ 76.710416666666418, 35.981249999999442 ] ] ] } },
{ "type": "Feature", "properties": { "HYRIV_ID": 40479470, "NEXT_DOWN": 40479007, "MAIN_RIV": 40348332, "LENGTH_KM": 1.66, "DIST_DN_KM": 2232.5, "DIST_UP_KM": 92.4, "CATCH_SKM": 4.69, "UPLAND_SKM": 1517.6, "ENDORHEIC": 1, "DIS_AV_CMS": 2.218, "ORD_STRA": 4, "ORD_CLAS": 2, "ORD_FLOW": 6, "HYBAS_L12": 4121363650 }, "geometry": { "type": "MultiLineString", "coordinates": [ [ [ 76.75208333333299, 35.914583333332779 ], [ 76.747916666666498, 35.918749999999427 ], [ 76.747916666666498, 35.92291666666609 ], [ 76.743749999999665, 35.927083333332753 ] ] ] } },
{ "type": "Feature", "properties": { "HYRIV_ID": 40485425, "NEXT_DOWN": 40485695, "MAIN_RIV": 41023100, "LENGTH_KM": 2.26, "DIST_DN_KM": 2513.7, "DIST_UP_KM": 55.4, "CATCH_SKM": 8.36, "UPLAND_SKM": 931.1, "ENDORHEIC": 0, "DIS_AV_CMS": 2.313, "ORD_STRA": 4, "ORD_CLAS": 2, "ORD_FLOW": 6, "HYBAS_L12": 4121367210 }, "geometry": { "type": "MultiLineString", "coordinates": [ [ [ 76.306249999999778, 35.739583333332781 ], [ 76.281249999999744, 35.739583333332781 ] ] ] } },
{ "type": "Feature", "properties": { "HYRIV_ID": 40485426, "NEXT_DOWN": 40485425, "MAIN_RIV": 41023100, "LENGTH_KM": 0.75, "DIST_DN_KM": 2516.0, "DIST_UP_KM": 53.2, "CATCH_SKM": 1.04, "UPLAND_SKM": 865.5, "ENDORHEIC": 0, "DIS_AV_CMS": 2.085, "ORD_STRA": 4, "ORD_CLAS": 2, "ORD_FLOW": 6, "HYBAS_L12": 4121367210 }, "geometry": { "type": "MultiLineString", "coordinates": [ [ [ 76.314583333333104, 35.739583333332781 ], [ 76.306249999999778, 35.739583333332781 ] ] ] } },
{ "type": "Feature", "properties": { "HYRIV_ID": 40485695, "NEXT_DOWN": 40486080, "MAIN_RIV": 41023100, "LENGTH_KM": 4.64, "DIST_DN_KM": 2509.1, "DIST_UP_KM": 60.0, "CATCH_SKM": 25.44, "UPLAND_SKM": 967.7, "ENDORHEIC": 0, "DIS_AV_CMS": 2.455, "ORD_STRA": 4, "ORD_CLAS": 2, "ORD_FLOW": 6, "HYBAS_L12": 4121367210 }, "geometry": { "type": "MultiLineString", "coordinates": [ [ [ 76.281249999999744, 35.739583333332781 ], [ 76.277083333333081, 35.735416666666076 ], [ 76.272916666666362, 35.735416666666076 ], [ 76.268749999999699, 35.739583333332781 ], [ 76.264583333333036, 35.735416666666076 ], [ 76.260416666666373, 35.735416666666076 ], [ 76.25624999999971, 35.731249999999427 ], [ 76.239583333333059, 35.731249999999427 ] ] ] } },
{ "type": "Feature", "properties": { "HYRIV_ID": 40486080, "NEXT_DOWN": 40487166, "MAIN_RIV": 41023100, "LENGTH_KM": 3.67, "DIST_DN_KM": 2505.5, "DIST_UP_KM": 63.7, "CATCH_SKM": 9.06, "UPLAND_SKM": 1028.8, "ENDORHEIC": 0, "DIS_AV_CMS": 2.669, "ORD_STRA": 4, "ORD_CLAS": 2, "ORD_FLOW": 6, "HYBAS_L12": 4120592310 }, "geometry": { "type": "MultiLineString", "coordinates": [ [ [ 76.239583333333059, 35.731249999999427 ], [ 76.235416666666339, 35.727083333332764 ], [ 76.218749999999687, 35.727083333332764 ], [ 76.210416666666362, 35.718749999999453 ], [ 76.206249999999699, 35.718749999999453 ] ] ] } },
{ "type": "Feature", "properties": { "HYRIV_ID": 40487162, "NEXT_DOWN": 40486738, "MAIN_RIV": 41023100, "LENGTH_KM": 4.05, "DIST_DN_KM": 2451.1, "DIST_UP_KM": 118.0, "CATCH_SKM": 22.66, "UPLAND_SKM": 3829.0, "ENDORHEIC": 0, "DIS_AV_CMS": 12.642, "ORD_STRA": 4, "ORD_CLAS": 2, "ORD_FLOW": 5, "HYBAS_L12": 4120590630 }, "geometry": { "type": "MultiLineString", "coordinates": [ [ [ 75.76041666666643, 35.685416666666093 ], [ 75.735416666666396, 35.685416666666093 ], [ 75.72291666666635, 35.697916666666067 ] ] ] } },
{ "type": "Feature", "properties": { "HYRIV_ID": 40487166, "NEXT_DOWN": 40487668, "MAIN_RIV": 41023100, "LENGTH_KM": 6.76, "DIST_DN_KM": 2498.7, "DIST_UP_KM": 70.4, "CATCH_SKM": 29.12, "UPLAND_SKM": 1136.1, "ENDORHEIC": 0, "DIS_AV_CMS": 3.082, "ORD_STRA": 4, "ORD_CLAS": 2, "ORD_FLOW": 6, "HYBAS_L12": 4120592310 }, "geometry": { "type": "MultiLineString", "coordinates": [ [ [ 76.206249999999699, 35.718749999999453 ], [ 76.20208333333315, 35.71458333333279 ], [ 76.197916666666487, 35.71458333333279 ], [ 76.197916666666487, 35.710416666666084 ], [ 76.193749999999767, 35.706249999999436 ], [ 76.189583333333104, 35.706249999999436 ], [ 76.181249999999665, 35.697916666666067 ], [ 76.181249999999665, 35.693749999999461 ], [ 76.172916666666453, 35.685416666666093 ], [ 76.156249999999744, 35.685416666666093 ] ] ] } },
{ "type": "Feature", "properties": { "HYRIV_ID": 40487328, "NEXT_DOWN": 40487162, "MAIN_RIV": 41023100, "LENGTH_KM": 2.54, "DIST_DN_KM": 2455.2, "DIST_UP_KM": 114.0, "CATCH_SKM": 9.41, "UPLAND_SKM": 3795.5, "ENDORHEIC": 0, "DIS_AV_CMS": 12.497, "ORD_STRA": 4, "ORD_CLAS": 2, "ORD_FLOW": 5, "HYBAS_L12": 4121367760 }, "geometry": { "type": "MultiLineString", "coordinates": [ [ [ 75.781249999999801, 35.681249999999444 ], [ 75.772916666666418, 35.681249999999444 ], [ 75.764583333333093, 35.689583333332756 ], [ 75.76041666666643, 35.685416666666093 ] ] ] } },
{ "type": "Feature", "properties": { "HYRIV_ID": 40487329, "NEXT_DOWN": 40487328, "MAIN_RIV": 41023100, "LENGTH_KM": 0.97, "DIST_DN_KM": 2457.7, "DIST_UP_KM": 111.4, "CATCH_SKM": 0.7, "UPLAND_SKM": 3736.7, "ENDORHEIC": 0, "DIS_AV_CMS": 12.228, "ORD_STRA": 4, "ORD_CLAS": 2, "ORD_FLOW": 5, "HYBAS_L12": 4121367760 }, "geometry": { "type": "MultiLineString", "coordinates": [ [ [ 75.789583333333013, 35.685416666666093 ], [ 75.785416666666464, 35.685416666666093 ], [ 75.781249999999801, 35.681249999999444 ] ] ] } },
{ "type": "Feature", "properties": { "HYRIV_ID": 40487330, "NEXT_DOWN": 40487667, "MAIN_RIV": 41023100, "LENGTH_KM": 4.58, "DIST_DN_KM": 2472.4, "DIST_UP_KM": 96.8, "CATCH_SKM": 19.88, "UPLAND_SKM": 2623.9, "ENDORHEIC": 0, "DIS_AV_CMS": 8.276, "ORD_STRA": 4, "ORD_CLAS": 2, "ORD_FLOW": 6, "HYBAS_L12": 4120592140 }, "geometry": { "type": "MultiLineString", "coordinates": [ [ [ 75.960416666666362, 35.681249999999444 ], [ 75.94374999999971, 35.681249999999444 ], [ 75.939583333333161, 35.685416666666093 ], [ 75.922916666666339, 35.685416666666093 ], [ 75.91874999999979, 35.689583333332756 ], [ 75.914583333333127, 35.689583333332756 ] ] ] } },
{ "type": "Feature", "properties": { "HYRIV_ID": 40487498, "NEXT_DOWN": 40487329, "MAIN_RIV": 41023100, "LENGTH_KM": 2.7, "DIST_DN_KM": 2458.5, "DIST_UP_KM": 110.7, "CATCH_SKM": 17.78, "UPLAND_SKM": 3724.5, "ENDORHEIC": 0, "DIS_AV_CMS": 12.178, "ORD_STRA": 4, "ORD_CLAS": 2, "ORD_FLOW": 5, "HYBAS_L12": 4121367760 }, "geometry": { "type": "MultiLineString", "coordinates": [ [ [ 75.814583333333161, 35.677083333332781 ], [ 75.810416666666498, 35.677083333332781 ], [ 75.806249999999665, 35.681249999999444 ], [ 75.802083333333115, 35.681249999999444 ], [ 75.797916666666339, 35.685416666666093 ], [ 75.789583333333013, 35.685416666666093 ] ] ] } },
{ "type": "Feature", "properties": { "HYRIV_ID": 40487665, "NEXT_DOWN": 40487498, "MAIN_RIV": 41023100, "LENGTH_KM": 2.85, "DIST_DN_KM": 2461.2, "DIST_UP_KM": 108.0, "CATCH_SKM": 13.77, "UPLAND_SKM": 3695.6, "ENDORHEIC": 0, "DIS_AV_CMS": 12.055, "ORD_STRA": 4, "ORD_CLAS": 2, "ORD_FLOW": 5, "HYBAS_L12": 4121367760 }, "geometry": { "type": "MultiLineString", "coordinates": [ [ [ 75.843749999999687, 35.672916666666119 ], [ 75.839583333333024, 35.677083333332781 ], [ 75.814583333333161, 35.677083333332781 ] ] ] } },
{ "type": "Feature", "properties": { "HYRIV_ID": 40487667, "NEXT_DOWN": 40487786, "MAIN_RIV": 41023100, "LENGTH_KM": 2.25, "DIST_DN_KM": 2470.3, "DIST_UP_KM": 98.8, "CATCH_SKM": 3.84, "UPLAND_SKM": 2852.3, "ENDORHEIC": 0, "DIS_AV_CMS": 9.076, "ORD_STRA": 4, "ORD_CLAS": 2, "ORD_FLOW": 6, "HYBAS_L12": 4120592490 }, "geometry": { "type": "MultiLineString", "coordinates": [ [ [ 75.914583333333127, 35.689583333332756 ], [ 75.906249999999744, 35.681249999999444 ], [ 75.906249999999744, 35.677083333332781 ], [ 75.902083333333081, 35.672916666666119 ] ] ] } },
{ "type": "Feature", "properties": { "HYRIV_ID": 40487668, "NEXT_DOWN": 40487787, "MAIN_RIV": 41023100, "LENGTH_KM": 2.54, "DIST_DN_KM": 2496.2, "DIST_UP_KM": 73.0, "CATCH_SKM": 10.98, "UPLAND_SKM": 1310.2, "ENDORHEIC": 0, "DIS_AV_CMS": 3.688, "ORD_STRA": 4, "ORD_CLAS": 2, "ORD_FLOW": 6, "HYBAS_L12": 4120593340 }, "geometry": { "type": "MultiLineString", "coordinates": [ [ [ 76.156249999999744, 35.685416666666093 ], [ 76.152083333333081, 35.681249999999444 ], [ 76.147916666666418, 35.681249999999444 ], [ 76.139583333333036, 35.672916666666119 ], [ 76.135416666666373, 35.672916666666119 ] ] ] } },
{ "type": "Feature", "properties": { "HYRIV_ID": 40487785, "NEXT_DOWN": 40487665, "MAIN_RIV": 41023100, "LENGTH_KM": 2.7, "DIST_DN_KM": 2464.2, "DIST_UP_KM": 104.9, "CATCH_SKM": 10.46, "UPLAND_SKM": 3631.3, "ENDORHEIC": 0, "DIS_AV_CMS": 11.775, "ORD_STRA": 4, "ORD_CLAS": 2, "ORD_FLOW": 5, "HYBAS_L12": 4121367760 }, "geometry": { "type": "MultiLineString", "coordinates": [ [ [ 75.868749999999721, 35.672916666666119 ], [ 75.864583333333059, 35.668749999999427 ], [ 75.84791666666635, 35.668749999999427 ], [ 75.843749999999687, 35.672916666666119 ] ] ] } },
{ "type": "Feature", "properties": { "HYRIV_ID": 40487786, "NEXT_DOWN": 40487785, "MAIN_RIV": 41023100, "LENGTH_KM": 3.45, "DIST_DN_KM": 2466.9, "DIST_UP_KM": 102.3, "CATCH_SKM": 9.94, "UPLAND_SKM": 2994.4, "ENDORHEIC": 0, "DIS_AV_CMS": 9.673, "ORD_STRA": 4, "ORD_CLAS": 2, "ORD_FLOW": 6, "HYBAS_L12": 4120592770 }, "geometry": { "type": "MultiLineString", "coordinates": [ [ [ 75.902083333333081, 35.672916666666119 ], [ 75.893749999999756, 35.672916666666119 ], [ 75.889583333333093, 35.668749999999427 ], [ 75.872916666666384, 35.668749999999427 ], [ 75.868749999999721, 35.672916666666119 ] ] ] } },
{ "type": "Feature", "properties": { "HYRIV_ID": 40487787, "NEXT_DOWN": 40488586, "MAIN_RIV": 41023100, "LENGTH_KM": 2.1, "DIST_DN_KM": 2494.1, "DIST_UP_KM": 75.0, "CATCH_SKM": 8.37, "UPLAND_SKM": 1341.3, "ENDORHEIC": 0, "DIS_AV_CMS": 3.82, "ORD_STRA": 4, "ORD_CLAS": 2, "ORD_FLOW": 6, "HYBAS_L12": 4120593340 }, "geometry": { "type": "MultiLineString", "coordinates": [ [ [ 76.135416666666373, 35.672916666666119 ], [ 76.122916666666384, 35.672916666666119 ], [ 76.118749999999721, 35.668749999999427 ], [ 76.114583333333059, 35.668749999999427 ] ] ] } },
{ "type": "Feature", "properties": { "HYRIV_ID": 40488585, "NEXT_DOWN": 40487330, "MAIN_RIV": 41023100, "LENGTH_KM": 7.03, "DIST_DN_KM": 2477.2, "DIST_UP_KM": 92.0, "CATCH_SKM": 35.23, "UPLAND_SKM": 1745.3, "ENDORHEIC": 0, "DIS_AV_CMS": 5.559, "ORD_STRA": 4, "ORD_CLAS": 2, "ORD_FLOW": 6, "HYBAS_L12": 4120592500 }, "geometry": { "type": "MultiLineString", "coordinates": [ [ [ 76.018749999999756, 35.647916666666127 ], [ 76.014583333333093, 35.647916666666127 ], [ 76.010416666666373, 35.65208333333279 ], [ 76.002083333333047, 35.65208333333279 ], [ 75.997916666666384, 35.656249999999453 ], [ 75.993749999999721, 35.656249999999453 ], [ 75.989583333333059, 35.660416666666102 ], [ 75.985416666666339, 35.660416666666102 ], [ 75.981249999999676, 35.664583333332764 ], [ 75.977083333333013, 35.664583333332764 ], [ 75.960416666666362, 35.681249999999444 ] ] ] } },
{ "type": "Feature", "properties": { "HYRIV_ID": 40488586, "NEXT_DOWN": 40488585, "MAIN_RIV": 41023100, "LENGTH_KM": 10.2, "DIST_DN_KM": 2484.0, "DIST_UP_KM": 85.2, "CATCH_SKM": 68.71, "UPLAND_SKM": 1426.6, "ENDORHEIC": 0, "DIS_AV_CMS": 4.236, "ORD_STRA": 4, "ORD_CLAS": 2, "ORD_FLOW": 6, "HYBAS_L12": 4120593340 }, "geometry": { "type": "MultiLineString", "coordinates": [ [ [ 76.114583333333059, 35.668749999999427 ], [ 76.110416666666339, 35.668749999999427 ], [ 76.102083333333013, 35.660416666666102 ], [ 76.09791666666635, 35.660416666666102 ], [ 76.093749999999687, 35.656249999999453 ], [ 76.089583333333024, 35.660416666666102 ], [ 76.072916666666373, 35.660416666666102 ], [ 76.068749999999824, 35.656249999999453 ], [ 76.06458333333299, 35.656249999999453 ], [ 76.060416666666441, 35.65208333333279 ], [ 76.04374999999979, 35.65208333333279 ], [ 76.039583333333127, 35.647916666666127 ], [ 76.018749999999756, 35.647916666666127 ] ] ] } },
{ "type": "Feature", "properties": { "HYRIV_ID": 40458215, "NEXT_DOWN": 40458592, "MAIN_RIV": 41023100, "LENGTH_KM": 0.74, "DIST_DN_KM": 2381.0, "DIST_UP_KM": 104.0, "CATCH_SKM": 0.52, "UPLAND_SKM": 2602.0, "ENDORHEIC": 0, "DIS_AV_CMS": 5.172, "ORD_STRA": 4, "ORD_CLAS": 3, "ORD_FLOW": 6, "HYBAS_L12": 4120566900 }, "geometry": { "type": "MultiLineString", "coordinates": [ [ [ 75.010416666666373, 36.531249999999439 ], [ 75.002083333333161, 36.531249999999439 ] ] ] } },
{ "type": "Feature", "properties": { "HYRIV_ID": 40458216, "NEXT_DOWN": 40458215, "MAIN_RIV": 41023100, "LENGTH_KM": 3.57, "DIST_DN_KM": 2381.8, "DIST_UP_KM": 103.2, "CATCH_SKM": 7.93, "UPLAND_SKM": 2353.2, "ENDORHEIC": 0, "DIS_AV_CMS": 4.594, "ORD_STRA": 4, "ORD_CLAS": 3, "ORD_FLOW": 6, "HYBAS_L12": 4120565590 }, "geometry": { "type": "MultiLineString", "coordinates": [ [ [ 75.047916666666396, 36.535416666666102 ], [ 75.022916666666362, 36.535416666666102 ], [ 75.018749999999699, 36.531249999999439 ], [ 75.010416666666373, 36.531249999999439 ] ] ] } },
{ "type": "Feature", "properties": { "HYRIV_ID": 40458351, "NEXT_DOWN": 40458216, "MAIN_RIV": 41023100, "LENGTH_KM": 1.56, "DIST_DN_KM": 2385.5, "DIST_UP_KM": 99.5, "CATCH_SKM": 3.1, "UPLAND_SKM": 2325.1, "ENDORHEIC": 0, "DIS_AV_CMS": 4.583, "ORD_STRA": 4, "ORD_CLAS": 3, "ORD_FLOW": 6, "HYBAS_L12": 4120565590 }, "geometry": { "type": "MultiLineString", "coordinates": [ [ [ 75.060416666666384, 36.527083333332747 ], [ 75.056249999999721, 36.527083333332747 ], [ 75.047916666666396, 36.535416666666102 ] ] ] } },
{ "type": "Feature", "properties": { "HYRIV_ID": 40458592, "NEXT_DOWN": 40458867, "MAIN_RIV": 41023100, "LENGTH_KM": 1.78, "DIST_DN_KM": 2379.4, "DIST_UP_KM": 105.5, "CATCH_SKM": 3.79, "UPLAND_SKM": 2637.8, "ENDORHEIC": 0, "DIS_AV_CMS": 5.223, "ORD_STRA": 4, "ORD_CLAS": 3, "ORD_FLOW": 6, "HYBAS_L12": 4120566900 }, "geometry": { "type": "MultiLineString", "coordinates": [ [ [ 75.002083333333161, 36.531249999999439 ], [ 74.989583333333115, 36.518749999999422 ] ] ] } },
{ "type": "Feature", "properties": { "HYRIV_ID": 40458867, "NEXT_DOWN": 40459607, "MAIN_RIV": 41023100, "LENGTH_KM": 1.93, "DIST_DN_KM": 2377.3, "DIST_UP_KM": 107.7, "CATCH_SKM": 7.07, "UPLAND_SKM": 2700.0, "ENDORHEIC": 0, "DIS_AV_CMS": 5.342, "ORD_STRA": 4, "ORD_CLAS": 3, "ORD_FLOW": 6, "HYBAS_L12": 4120566900 }, "geometry": { "type": "MultiLineString", "coordinates": [ [ [ 74.989583333333115, 36.518749999999422 ], [ 74.985416666666453, 36.518749999999422 ], [ 74.977083333333127, 36.51041666666611 ], [ 74.972916666666464, 36.51041666666611 ] ] ] } },
{ "type": "Feature", "properties": { "HYRIV_ID": 40459308, "NEXT_DOWN": 40459612, "MAIN_RIV": 41023100, "LENGTH_KM": 0.74, "DIST_DN_KM": 2403.9, "DIST_UP_KM": 81.1, "CATCH_SKM": 0.86, "UPLAND_SKM": 1965.4, "ENDORHEIC": 0, "DIS_AV_CMS": 3.847, "ORD_STRA": 4, "ORD_CLAS": 3, "ORD_FLOW": 6, "HYBAS_L12": 4120566740 }, "geometry": { "type": "MultiLineString", "coordinates": [ [ [ 75.222916666666407, 36.497916666666093 ], [ 75.214583333333081, 36.497916666666093 ] ] ] } },
{ "type": "Feature", "properties": { "HYRIV_ID": 40459608, "NEXT_DOWN": 40458351, "MAIN_RIV": 41023100, "LENGTH_KM": 7.96, "DIST_DN_KM": 2387.1, "DIST_UP_KM": 97.9, "CATCH_SKM": 40.55, "UPLAND_SKM": 2307.0, "ENDORHEIC": 0, "DIS_AV_CMS": 4.563, "ORD_STRA": 4, "ORD_CLAS": 3, "ORD_FLOW": 6, "HYBAS_L12": 4120565590 }, "geometry": { "type": "MultiLineString", "coordinates": [ [ [ 75.127083333333161, 36.489583333332739 ], [ 75.110416666666339, 36.489583333332739 ], [ 75.10624999999979, 36.493749999999388 ], [ 75.102083333333127, 36.493749999999388 ], [ 75.085416666666418, 36.51041666666611 ], [ 75.081249999999756, 36.51041666666611 ], [ 75.06874999999971, 36.522916666666084 ], [ 75.064583333333047, 36.522916666666084 ], [ 75.060416666666384, 36.527083333332747 ] ] ] } },
{ "type": "Feature", "properties": { "HYRIV_ID": 40459609, "NEXT_DOWN": 40459608, "MAIN_RIV": 41023100, "LENGTH_KM": 1.49, "DIST_DN_KM": 2394.8, "DIST_UP_KM": 90.2, "CATCH_SKM": 5.52, "UPLAND_SKM": 2255.0, "ENDORHEIC": 0, "DIS_AV_CMS": 4.491, "ORD_STRA": 4, "ORD_CLAS": 3, "ORD_FLOW": 6, "HYBAS_L12": 4120565590 }, "geometry": { "type": "MultiLineString", "coordinates": [ [ [ 75.143749999999699, 36.489583333332739 ], [ 75.127083333333161, 36.489583333332739 ] ] ] } },
{ "type": "Feature", "properties": { "HYRIV_ID": 40459611, "NEXT_DOWN": 40459779, "MAIN_RIV": 41023100, "LENGTH_KM": 3.2, "DIST_DN_KM": 2398.2, "DIST_UP_KM": 86.8, "CATCH_SKM": 12.94, "UPLAND_SKM": 2158.2, "ENDORHEIC": 0, "DIS_AV_CMS": 4.305, "ORD_STRA": 4, "ORD_CLAS": 3, "ORD_FLOW": 6, "HYBAS_L12": 4120565590 }, "geometry": { "type": "MultiLineString", "coordinates": [ [ [ 75.19374999999971, 36.493749999999388 ], [ 75.189583333333047, 36.493749999999388 ], [ 75.185416666666384, 36.489583333332739 ], [ 75.160416666666407, 36.489583333332739 ] ] ] } },
{ "type": "Feature", "properties": { "HYRIV_ID": 40459612, "NEXT_DOWN": 40459611, "MAIN_RIV": 41023100, "LENGTH_KM": 2.53, "DIST_DN_KM": 2401.6, "DIST_UP_KM": 83.4, "CATCH_SKM": 10.53, "UPLAND_SKM": 2130.8, "ENDORHEIC": 0, "DIS_AV_CMS": 4.252, "ORD_STRA": 4, "ORD_CLAS": 3, "ORD_FLOW": 6, "HYBAS_L12": 4120565590 }, "geometry": { "type": "MultiLineString", "coordinates": [ [ [ 75.214583333333081, 36.497916666666093 ], [ 75.210416666666418, 36.497916666666093 ], [ 75.206249999999756, 36.493749999999388 ], [ 75.202083333333036, 36.493749999999388 ], [ 75.197916666666373, 36.489583333332739 ], [ 75.19374999999971, 36.493749999999388 ] ] ] } },
{ "type": "Feature", "properties": { "HYRIV_ID": 40459779, "NEXT_DOWN": 40459609, "MAIN_RIV": 41023100, "LENGTH_KM": 1.93, "DIST_DN_KM": 2396.5, "DIST_UP_KM": 88.5, "CATCH_SKM": 3.97, "UPLAND_SKM": 2189.3, "ENDORHEIC": 0, "DIS_AV_CMS": 4.374, "ORD_STRA": 4, "ORD_CLAS": 3, "ORD_FLOW": 6, "HYBAS_L12": 4120565590 }, "geometry": { "type": "MultiLineString", "coordinates": [ [ [ 75.160416666666407, 36.489583333332739 ], [ 75.152083333333195, 36.489583333332739 ], [ 75.147916666666362, 36.485416666666119 ], [ 75.143749999999699, 36.489583333332739 ] ] ] } },
{ "type": "Feature", "properties": { "HYRIV_ID": 40459916, "NEXT_DOWN": 40459308, "MAIN_RIV": 41023100, "LENGTH_KM": 2.86, "DIST_DN_KM": 2404.7, "DIST_UP_KM": 80.3, "CATCH_SKM": 19.5, "UPLAND_SKM": 1943.2, "ENDORHEIC": 0, "DIS_AV_CMS": 3.807, "ORD_STRA": 4, "ORD_CLAS": 3, "ORD_FLOW": 6, "HYBAS_L12": 4120566740 }, "geometry": { "type": "MultiLineString", "coordinates": [ [ [ 75.239583333333115, 36.481249999999413 ], [ 75.239583333333115, 36.485416666666119 ], [ 75.235416666666453, 36.489583333332739 ], [ 75.235416666666453, 36.493749999999388 ], [ 75.23124999999979, 36.493749999999388 ], [ 75.22708333333307, 36.497916666666093 ], [ 75.222916666666407, 36.497916666666093 ] ] ] } },
{ "type": "Feature", "properties": { "HYRIV_ID": 40461208, "NEXT_DOWN": 40459916, "MAIN_RIV": 41023100, "LENGTH_KM": 7.83, "DIST_DN_KM": 2407.6, "DIST_UP_KM": 77.4, "CATCH_SKM": 44.03, "UPLAND_SKM": 1912.1, "ENDORHEIC": 0, "DIS_AV_CMS": 3.745, "ORD_STRA": 4, "ORD_CLAS": 3, "ORD_FLOW": 6, "HYBAS_L12": 4120566740 }, "geometry": { "type": "MultiLineString", "coordinates": [ [ [ 75.302083333333059, 36.443749999999447 ], [ 75.297916666666339, 36.443749999999447 ], [ 75.293749999999733, 36.44791666666611 ], [ 75.285416666666521, 36.44791666666611 ], [ 75.281249999999687, 36.452083333332773 ], [ 75.277083333333138, 36.452083333332773 ], [ 75.272916666666362, 36.456249999999422 ], [ 75.264583333333036, 36.456249999999422 ], [ 75.260416666666487, 36.460416666666084 ], [ 75.256249999999767, 36.460416666666084 ], [ 75.239583333333115, 36.477083333332764 ], [ 75.239583333333115, 36.481249999999413 ] ] ] } },
{ "type": "Feature", "properties": { "HYRIV_ID": 40461346, "NEXT_DOWN": 40461208, "MAIN_RIV": 41023100, "LENGTH_KM": 3.2, "DIST_DN_KM": 2415.3, "DIST_UP_KM": 69.7, "CATCH_SKM": 15.54, "UPLAND_SKM": 1851.7, "ENDORHEIC": 0, "DIS_AV_CMS": 3.613, "ORD_STRA": 4, "ORD_CLAS": 3, "ORD_FLOW": 6, "HYBAS_L12": 4120566740 }, "geometry": { "type": "MultiLineString", "coordinates": [ [ [ 75.335416666666362, 36.439583333332742 ], [ 75.31874999999971, 36.439583333332742 ], [ 75.314583333333047, 36.443749999999447 ], [ 75.302083333333059, 36.443749999999447 ] ] ] } },
{ "type": "Feature", "properties": { "HYRIV_ID": 40461479, "NEXT_DOWN": 40461346, "MAIN_RIV": 41023100, "LENGTH_KM": 1.34, "DIST_DN_KM": 2418.5, "DIST_UP_KM": 66.5, "CATCH_SKM": 5.18, "UPLAND_SKM": 1820.9, "ENDORHEIC": 0, "DIS_AV_CMS": 3.546, "ORD_STRA": 4, "ORD_CLAS": 3, "ORD_FLOW": 6, "HYBAS_L12": 4120566740 }, "geometry": { "type": "MultiLineString", "coordinates": [ [ [ 75.347916666666407, 36.435416666666093 ], [ 75.343749999999744, 36.435416666666093 ], [ 75.339583333333081, 36.439583333332742 ], [ 75.335416666666362, 36.439583333332742 ] ] ] } },
{ "type": "Feature", "properties": { "HYRIV_ID": 40461753, "NEXT_DOWN": 40461479, "MAIN_RIV": 41023100, "LENGTH_KM": 2.31, "DIST_DN_KM": 2420.0, "DIST_UP_KM": 65.0, "CATCH_SKM": 9.67, "UPLAND_SKM": 1751.1, "ENDORHEIC": 0, "DIS_AV_CMS": 3.417, "ORD_STRA": 4, "ORD_CLAS": 3, "ORD_FLOW": 6, "HYBAS_L12": 4120566740 }, "geometry": { "type": "MultiLineString", "coordinates": [ [ [ 75.368749999999778, 36.427083333332767 ], [ 75.356249999999733, 36.427083333332767 ], [ 75.347916666666407, 36.435416666666093 ] ] ] } },
{ "type": "Feature", "properties": { "HYRIV_ID": 40461754, "NEXT_DOWN": 40461753, "MAIN_RIV": 41023100, "LENGTH_KM": 1.12, "DIST_DN_KM": 2422.1, "DIST_UP_KM": 62.8, "CATCH_SKM": 2.76, "UPLAND_SKM": 1519.1, "ENDORHEIC": 0, "DIS_AV_CMS": 2.79, "ORD_STRA": 4, "ORD_CLAS": 3, "ORD_FLOW": 6, "HYBAS_L12": 4120569060 }, "geometry": { "type": "MultiLineString", "coordinates": [ [ [ 75.381249999999767, 36.427083333332767 ], [ 75.368749999999778, 36.427083333332767 ] ] ] } },
{ "type": "Feature", "properties": { "HYRIV_ID": 40462494, "NEXT_DOWN": 40461754, "MAIN_RIV": 41023100, "LENGTH_KM": 3.21, "DIST_DN_KM": 2423.4, "DIST_UP_KM": 61.5, "CATCH_SKM": 6.56, "UPLAND_SKM": 870.6, "ENDORHEIC": 0, "DIS_AV_CMS": 1.898, "ORD_STRA": 4, "ORD_CLAS": 3, "ORD_FLOW": 6, "HYBAS_L12": 4120569240 }, "geometry": { "type": "MultiLineString", "coordinates": [ [ [ 75.402083333333138, 36.406249999999439 ], [ 75.393749999999812, 36.41458333333275 ], [ 75.393749999999812, 36.418749999999413 ], [ 75.38958333333315, 36.422916666666076 ], [ 75.38541666666643, 36.422916666666076 ], [ 75.381249999999767, 36.427083333332767 ] ] ] } },
{ "type": "Feature", "properties": { "HYRIV_ID": 40463616, "NEXT_DOWN": 40462494, "MAIN_RIV": 41023100, "LENGTH_KM": 5.24, "DIST_DN_KM": 2426.7, "DIST_UP_KM": 58.3, "CATCH_SKM": 22.47, "UPLAND_SKM": 853.1, "ENDORHEIC": 0, "DIS_AV_CMS": 1.862, "ORD_STRA": 4, "ORD_CLAS": 3, "ORD_FLOW": 6, "HYBAS_L12": 4120569240 }, "geometry": { "type": "MultiLineString", "coordinates": [ [ [ 75.435416666666384, 36.372916666666093 ], [ 75.431249999999721, 36.377083333332742 ], [ 75.422916666666339, 36.377083333332742 ], [ 75.406249999999687, 36.393749999999422 ], [ 75.406249999999687, 36.402083333332733 ], [ 75.402083333333138, 36.406249999999439 ] ] ] } },
{ "type": "Feature", "properties": { "HYRIV_ID": 40452218, "NEXT_DOWN": 40452514, "MAIN_RIV": 41023100, "LENGTH_KM": 8.46, "DIST_DN_KM": 2405.2, "DIST_UP_KM": 83.0, "CATCH_SKM": 34.24, "UPLAND_SKM": 1238.0, "ENDORHEIC": 0, "DIS_AV_CMS": 2.549, "ORD_STRA": 4, "ORD_CLAS": 3, "ORD_FLOW": 6, "HYBAS_L12": 4120559940 }, "geometry": { "type": "MultiLineString", "coordinates": [ [ [ 74.727083333333013, 36.73541666666609 ], [ 74.735416666666509, 36.73541666666609 ], [ 74.743749999999721, 36.727083333332764 ], [ 74.747916666666384, 36.727083333332764 ], [ 74.75624999999971, 36.71874999999941 ], [ 74.768749999999699, 36.71874999999941 ], [ 74.772916666666362, 36.714583333332747 ], [ 74.777083333333081, 36.714583333332747 ], [ 74.781249999999687, 36.710416666666099 ], [ 74.785416666666407, 36.710416666666099 ], [ 74.78958333333307, 36.706249999999436 ], [ 74.793749999999733, 36.706249999999436 ], [ 74.797916666666396, 36.70208333333273 ], [ 74.802083333333059, 36.70208333333273 ] ] ] } },
{ "type": "Feature", "properties": { "HYRIV_ID": 40452514, "NEXT_DOWN": 40453095, "MAIN_RIV": 41023100, "LENGTH_KM": 1.93, "DIST_DN_KM": 2403.3, "DIST_UP_KM": 84.9, "CATCH_SKM": 2.06, "UPLAND_SKM": 1265.4, "ENDORHEIC": 0, "DIS_AV_CMS": 2.586, "ORD_STRA": 4, "ORD_CLAS": 3, "ORD_FLOW": 6, "HYBAS_L12": 4120559940 }, "geometry": { "type": "MultiLineString", "coordinates": [ [ [ 74.802083333333059, 36.70208333333273 ], [ 74.806249999999721, 36.697916666666082 ], [ 74.810416666666384, 36.697916666666082 ], [ 74.814583333333104, 36.693749999999419 ], [ 74.818749999999767, 36.693749999999419 ] ] ] } },
{ "type": "Feature", "properties": { "HYRIV_ID": 40452515, "NEXT_DOWN": 40453095, "MAIN_RIV": 41023100, "LENGTH_KM": 5.75, "DIST_DN_KM": 2403.4, "DIST_UP_KM": 90.8, "CATCH_SKM": 20.3, "UPLAND_SKM": 3326.0, "ENDORHEIC": 0, "DIS_AV_CMS": 3.6, "ORD_STRA": 4, "ORD_CLAS": 2, "ORD_FLOW": 6, "HYBAS_L12": 4120559840 }, "geometry": { "type": "MultiLineString", "coordinates": [ [ [ 74.82291666666643, 36.739583333332739 ], [ 74.82291666666643, 36.73541666666609 ], [ 74.814583333333104, 36.727083333332764 ], [ 74.814583333333104, 36.722916666666116 ], [ 74.810416666666384, 36.71874999999941 ], [ 74.810416666666384, 36.714583333332747 ], [ 74.818749999999767, 36.706249999999436 ], [ 74.818749999999767, 36.693749999999419 ] ] ] } },
{ "type": "Feature", "properties": { "HYRIV_ID": 40453095, "NEXT_DOWN": 40453367, "MAIN_RIV": 41023100, "LENGTH_KM": 2.11, "DIST_DN_KM": 2401.2, "DIST_UP_KM": 92.9, "CATCH_SKM": 6.2, "UPLAND_SKM": 4597.5, "ENDORHEIC": 0, "DIS_AV_CMS": 6.18, "ORD_STRA": 5, "ORD_CLAS": 2, "ORD_FLOW": 6, "HYBAS_L12": 4120562680 }, "geometry": { "type": "MultiLineString", "coordinates": [ [ [ 74.818749999999767, 36.693749999999419 ], [ 74.82291666666643, 36.689583333332756 ], [ 74.82291666666643, 36.685416666666065 ], [ 74.827083333333093, 36.681249999999444 ], [ 74.827083333333093, 36.677083333332739 ] ] ] } },
{ "type": "Feature", "properties": { "HYRIV_ID": 40453367, "NEXT_DOWN": 40453815, "MAIN_RIV": 41023100, "LENGTH_KM": 1.19, "DIST_DN_KM": 2400.2, "DIST_UP_KM": 93.9, "CATCH_SKM": 3.1, "UPLAND_SKM": 4639.0, "ENDORHEIC": 0, "DIS_AV_CMS": 6.239, "ORD_STRA": 5, "ORD_CLAS": 2, "ORD_FLOW": 6, "HYBAS_L12": 4120562680 }, "geometry": { "type": "MultiLineString", "coordinates": [ [ [ 74.827083333333093, 36.677083333332739 ], [ 74.835416666666418, 36.668749999999427 ] ] ] } },
{ "type": "Feature", "properties": { "HYRIV_ID": 40453815, "NEXT_DOWN": 40455456, "MAIN_RIV": 41023100, "LENGTH_KM": 1.65, "DIST_DN_KM": 2398.6, "DIST_UP_KM": 95.6, "CATCH_SKM": 2.41, "UPLAND_SKM": 4688.8, "ENDORHEIC": 0, "DIS_AV_CMS": 6.298, "ORD_STRA": 5, "ORD_CLAS": 2, "ORD_FLOW": 6, "HYBAS_L12": 4120562680 }, "geometry": { "type": "MultiLineString", "coordinates": [ [ [ 74.835416666666418, 36.668749999999427 ], [ 74.835416666666418, 36.664583333332764 ], [ 74.843749999999801, 36.656249999999453 ] ] ] } },
{ "type": "Feature", "properties": { "HYRIV_ID": 40455456, "NEXT_DOWN": 40456632, "MAIN_RIV": 41023100, "LENGTH_KM": 5.75, "DIST_DN_KM": 2392.8, "DIST_UP_KM": 101.4, "CATCH_SKM": 29.45, "UPLAND_SKM": 4729.3, "ENDORHEIC": 0, "DIS_AV_CMS": 6.318, "ORD_STRA": 5, "ORD_CLAS": 2, "ORD_FLOW": 6, "HYBAS_L12": 4120562680 }, "geometry": { "type": "MultiLineString", "coordinates": [ [ [ 74.843749999999801, 36.656249999999453 ], [ 74.847916666666464, 36.652083333332747 ], [ 74.847916666666464, 36.639583333332773 ], [ 74.852083333333013, 36.635416666666067 ], [ 74.852083333333013, 36.622916666666093 ], [ 74.864583333333115, 36.610416666666076 ] ] ] } },
{ "type": "Feature", "properties": { "HYRIV_ID": 40456632, "NEXT_DOWN": 40456787, "MAIN_RIV": 41023100, "LENGTH_KM": 7.19, "DIST_DN_KM": 2385.4, "DIST_UP_KM": 108.7, "CATCH_SKM": 29.13, "UPLAND_SKM": 4883.5, "ENDORHEIC": 0, "DIS_AV_CMS": 6.504, "ORD_STRA": 5, "ORD_CLAS": 2, "ORD_FLOW": 6, "HYBAS_L12": 4120565760 }, "geometry": { "type": "MultiLineString", "coordinates": [ [ [ 74.864583333333115, 36.610416666666076 ], [ 74.864583333333115, 36.602083333332764 ], [ 74.85624999999979, 36.59374999999941 ], [ 74.852083333333013, 36.59374999999941 ], [ 74.847916666666464, 36.589583333332747 ], [ 74.839583333333081, 36.589583333332747 ], [ 74.835416666666418, 36.585416666666084 ], [ 74.835416666666418, 36.581249999999436 ], [ 74.831249999999756, 36.577083333332773 ], [ 74.827083333333093, 36.577083333332773 ], [ 74.82291666666643, 36.581249999999436 ], [ 74.814583333333104, 36.581249999999436 ] ] ] } },
{ "type": "Feature", "properties": { "HYRIV_ID": 40456787, "NEXT_DOWN": 40458348, "MAIN_RIV": 41023100, "LENGTH_KM": 1.93, "DIST_DN_KM": 2383.7, "DIST_UP_KM": 110.5, "CATCH_SKM": 2.93, "UPLAND_SKM": 4902.6, "ENDORHEIC": 0, "DIS_AV_CMS": 6.52, "ORD_STRA": 5, "ORD_CLAS": 2, "ORD_FLOW": 6, "HYBAS_L12": 4120565760 }, "geometry": { "type": "MultiLineString", "coordinates": [ [ [ 74.814583333333104, 36.581249999999436 ], [ 74.810416666666384, 36.581249999999436 ], [ 74.806249999999721, 36.577083333332773 ], [ 74.802083333333059, 36.577083333332773 ], [ 74.797916666666396, 36.572916666666067 ] ] ] } },
{ "type": "Feature", "properties": { "HYRIV_ID": 40458348, "NEXT_DOWN": 40458475, "MAIN_RIV": 41023100, "LENGTH_KM": 9.12, "DIST_DN_KM": 2374.4, "DIST_UP_KM": 119.8, "CATCH_SKM": 36.39, "UPLAND_SKM": 4966.9, "ENDORHEIC": 0, "DIS_AV_CMS": 6.557, "ORD_STRA": 5, "ORD_CLAS": 2, "ORD_FLOW": 6, "HYBAS_L12": 4120565760 }, "geometry": { "type": "MultiLineString", "coordinates": [ [ [ 74.797916666666396, 36.572916666666067 ], [ 74.793749999999733, 36.568749999999419 ], [ 74.793749999999733, 36.564583333332756 ], [ 74.797916666666396, 36.560416666666093 ], [ 74.797916666666396, 36.556249999999444 ], [ 74.814583333333104, 36.539583333332764 ], [ 74.814583333333104, 36.535416666666102 ], [ 74.818749999999767, 36.531249999999439 ], [ 74.82291666666643, 36.531249999999439 ], [ 74.827083333333093, 36.527083333332747 ], [ 74.85624999999979, 36.527083333332747 ] ] ] } },
{ "type": "Feature", "properties": { "HYRIV_ID": 40458475, "NEXT_DOWN": 40458865, "MAIN_RIV": 41023100, "LENGTH_KM": 0.59, "DIST_DN_KM": 2374.0, "DIST_UP_KM": 120.2, "CATCH_SKM": 0.69, "UPLAND_SKM": 4982.8, "ENDORHEIC": 0, "DIS_AV_CMS": 6.581, "ORD_STRA": 5, "ORD_CLAS": 2, "ORD_FLOW": 6, "HYBAS_L12": 4120565760 }, "geometry": { "type": "MultiLineString", "coordinates": [ [ [ 74.85624999999979, 36.527083333332747 ], [ 74.860416666666453, 36.522916666666084 ] ] ] } },
{ "type": "Feature", "properties": { "HYRIV_ID": 40458865, "NEXT_DOWN": 40459606, "MAIN_RIV": 41023100, "LENGTH_KM": 2.02, "DIST_DN_KM": 2371.9, "DIST_UP_KM": 122.2, "CATCH_SKM": 12.76, "UPLAND_SKM": 5591.1, "ENDORHEIC": 0, "DIS_AV_CMS": 7.727, "ORD_STRA": 5, "ORD_CLAS": 2, "ORD_FLOW": 6, "HYBAS_L12": 4120566890 }, "geometry": { "type": "MultiLineString", "coordinates": [ [ [ 74.860416666666453, 36.522916666666084 ], [ 74.864583333333115, 36.522916666666084 ], [ 74.868749999999835, 36.518749999999422 ], [ 74.868749999999835, 36.514583333332773 ], [ 74.872916666666384, 36.51041666666611 ] ] ] } },
{ "type": "Feature", "properties": { "HYRIV_ID": 40503884, "NEXT_DOWN": 40506476, "MAIN_RIV": 41023100, "LENGTH_KM": 1.2, "DIST_DN_KM": 2471.7, "DIST_UP_KM": 95.4, "CATCH_SKM": 1.23, "UPLAND_SKM": 2444.7, "ENDORHEIC": 0, "DIS_AV_CMS": 7.544, "ORD_STRA": 4, "ORD_CLAS": 3, "ORD_FLOW": 6, "HYBAS_L12": 4120606610 }, "geometry": { "type": "MultiLineString", "coordinates": [ [ [ 76.41458333333307, 35.252083333332784 ], [ 76.406249999999744, 35.243749999999459 ] ] ] } },
{ "type": "Feature", "properties": { "HYRIV_ID": 40505750, "NEXT_DOWN": 40503884, "MAIN_RIV": 41023100, "LENGTH_KM": 12.11, "DIST_DN_KM": 2472.9, "DIST_UP_KM": 94.2, "CATCH_SKM": 48.58, "UPLAND_SKM": 2402.0, "ENDORHEIC": 0, "DIS_AV_CMS": 7.391, "ORD_STRA": 4, "ORD_CLAS": 3, "ORD_FLOW": 6, "HYBAS_L12": 4120606610 }, "geometry": { "type": "MultiLineString", "coordinates": [ [ [ 76.50624999999971, 35.197916666666138 ], [ 76.489583333333002, 35.197916666666138 ], [ 76.48124999999979, 35.20624999999945 ], [ 76.477083333333013, 35.20624999999945 ], [ 76.47291666666635, 35.210416666666113 ], [ 76.468749999999687, 35.210416666666113 ], [ 76.464583333333024, 35.20624999999945 ], [ 76.460416666666475, 35.210416666666113 ], [ 76.456249999999756, 35.210416666666113 ], [ 76.44791666666643, 35.218749999999424 ], [ 76.44791666666643, 35.22291666666613 ], [ 76.439583333333104, 35.231249999999442 ], [ 76.435416666666441, 35.231249999999442 ], [ 76.435416666666441, 35.235416666666104 ], [ 76.422916666666396, 35.247916666666121 ], [ 76.418749999999733, 35.247916666666121 ], [ 76.41458333333307, 35.252083333332784 ] ] ] } },
{ "type": "Feature", "properties": { "HYRIV_ID": 40506476, "NEXT_DOWN": 40506776, "MAIN_RIV": 41023100, "LENGTH_KM": 7.63, "DIST_DN_KM": 2464.0, "DIST_UP_KM": 103.1, "CATCH_SKM": 15.26, "UPLAND_SKM": 3638.3, "ENDORHEIC": 0, "DIS_AV_CMS": 11.56, "ORD_STRA": 4, "ORD_CLAS": 3, "ORD_FLOW": 5, "HYBAS_L12": 4120609110 }, "geometry": { "type": "MultiLineString", "coordinates": [ [ [ 76.406249999999744, 35.243749999999459 ], [ 76.410416666666407, 35.239583333332767 ], [ 76.410416666666407, 35.22291666666613 ], [ 76.406249999999744, 35.218749999999424 ], [ 76.406249999999744, 35.210416666666113 ], [ 76.41458333333307, 35.202083333332787 ], [ 76.41458333333307, 35.185416666666121 ], [ 76.418749999999733, 35.181249999999459 ] ] ] } },
{ "type": "Feature", "properties": { "HYRIV_ID": 40520794, "NEXT_DOWN": 40521671, "MAIN_RIV": 41023100, "LENGTH_KM": 6.18, "DIST_DN_KM": 2562.9, "DIST_UP_KM": 92.6, "CATCH_SKM": 37.37, "UPLAND_SKM": 1588.0, "ENDORHEIC": 0, "DIS_AV_CMS": 30.383, "ORD_STRA": 4, "ORD_CLAS": 3, "ORD_FLOW": 5, "HYBAS_L12": 4120624150 }, "geometry": { "type": "MultiLineString", "coordinates": [ [ [ 75.622916666666441, 34.810416666666093 ], [ 75.627083333333104, 34.806249999999444 ], [ 75.639583333333093, 34.806249999999444 ], [ 75.643749999999756, 34.802083333332781 ], [ 75.643749999999756, 34.797916666666119 ], [ 75.652083333333138, 34.789583333332764 ], [ 75.664583333333013, 34.802083333332781 ], [ 75.66874999999979, 34.802083333332781 ] ] ] } },
{ "type": "Feature", "properties": { "HYRIV_ID": 40521671, "NEXT_DOWN": 40522261, "MAIN_RIV": 41023100, "LENGTH_KM": 6.37, "DIST_DN_KM": 2556.7, "DIST_UP_KM": 98.8, "CATCH_SKM": 37.9, "UPLAND_SKM": 1650.4, "ENDORHEIC": 0, "DIS_AV_CMS": 31.368, "ORD_STRA": 4, "ORD_CLAS": 3, "ORD_FLOW": 5, "HYBAS_L12": 4120624150 }, "geometry": { "type": "MultiLineString", "coordinates": [ [ [ 75.66874999999979, 34.802083333332781 ], [ 75.685416666666384, 34.802083333332781 ], [ 75.689583333333047, 34.797916666666119 ], [ 75.689583333333047, 34.789583333332764 ], [ 75.697916666666373, 34.781249999999453 ], [ 75.697916666666373, 34.772916666666084 ], [ 75.706249999999699, 34.764583333332773 ] ] ] } },
{ "type": "Feature", "properties": { "HYRIV_ID": 40522261, "NEXT_DOWN": 40523638, "MAIN_RIV": 41023100, "LENGTH_KM": 3.54, "DIST_DN_KM": 2553.2, "DIST_UP_KM": 102.4, "CATCH_SKM": 19.93, "UPLAND_SKM": 1680.0, "ENDORHEIC": 0, "DIS_AV_CMS": 31.853, "ORD_STRA": 4, "ORD_CLAS": 3, "ORD_FLOW": 5, "HYBAS_L12": 4120624150 }, "geometry": { "type": "MultiLineString", "coordinates": [ [ [ 75.706249999999699, 34.764583333332773 ], [ 75.718749999999687, 34.752083333332799 ], [ 75.731249999999733, 34.752083333332799 ], [ 75.735416666666396, 34.747916666666136 ] ] ] } },
{ "type": "Feature", "properties": { "HYRIV_ID": 40523638, "NEXT_DOWN": 40524673, "MAIN_RIV": 41023100, "LENGTH_KM": 5.42, "DIST_DN_KM": 2547.6, "DIST_UP_KM": 108.0, "CATCH_SKM": 17.11, "UPLAND_SKM": 1705.2, "ENDORHEIC": 0, "DIS_AV_CMS": 32.262, "ORD_STRA": 4, "ORD_CLAS": 3, "ORD_FLOW": 5, "HYBAS_L12": 4120624150 }, "geometry": { "type": "MultiLineString", "coordinates": [ [ [ 75.735416666666396, 34.747916666666136 ], [ 75.739583333333059, 34.747916666666136 ], [ 75.743749999999721, 34.743749999999444 ], [ 75.743749999999721, 34.735416666666119 ], [ 75.747916666666384, 34.731249999999456 ], [ 75.747916666666384, 34.722916666666102 ], [ 75.743749999999721, 34.718749999999439 ], [ 75.743749999999721, 34.706249999999422 ] ] ] } },
{ "type": "Feature", "properties": { "HYRIV_ID": 40447879, "NEXT_DOWN": 40447880, "MAIN_RIV": 41023100, "LENGTH_KM": 2.82, "DIST_DN_KM": 2446.7, "DIST_UP_KM": 41.6, "CATCH_SKM": 16.5, "UPLAND_SKM": 769.4, "ENDORHEIC": 0, "DIS_AV_CMS": 1.854, "ORD_STRA": 4, "ORD_CLAS": 3, "ORD_FLOW": 6, "HYBAS_L12": 4121352500 }, "geometry": { "type": "MultiLineString", "coordinates": [ [ [ 74.406249999999744, 36.831249999999393 ], [ 74.431249999999778, 36.831249999999393 ], [ 74.435416666666441, 36.835416666666099 ] ] ] } },
{ "type": "Feature", "properties": { "HYRIV_ID": 40447880, "NEXT_DOWN": 40448014, "MAIN_RIV": 41023100, "LENGTH_KM": 2.89, "DIST_DN_KM": 2443.8, "DIST_UP_KM": 44.4, "CATCH_SKM": 8.76, "UPLAND_SKM": 790.2, "ENDORHEIC": 0, "DIS_AV_CMS": 1.892, "ORD_STRA": 4, "ORD_CLAS": 3, "ORD_FLOW": 6, "HYBAS_L12": 4121352500 }, "geometry": { "type": "MultiLineString", "coordinates": [ [ [ 74.435416666666441, 36.835416666666099 ], [ 74.443749999999767, 36.835416666666099 ], [ 74.44791666666643, 36.831249999999393 ], [ 74.45208333333315, 36.831249999999393 ], [ 74.456249999999812, 36.835416666666099 ], [ 74.460416666666362, 36.831249999999393 ] ] ] } },
{ "type": "Feature", "properties": { "HYRIV_ID": 40448012, "NEXT_DOWN": 40447879, "MAIN_RIV": 41023100, "LENGTH_KM": 1.71, "DIST_DN_KM": 2449.3, "DIST_UP_KM": 38.9, "CATCH_SKM": 7.56, "UPLAND_SKM": 736.6, "ENDORHEIC": 0, "DIS_AV_CMS": 1.789, "ORD_STRA": 4, "ORD_CLAS": 3, "ORD_FLOW": 6, "HYBAS_L12": 4121352500 }, "geometry": { "type": "MultiLineString", "coordinates": [ [ [ 74.389583333333036, 36.827083333332745 ], [ 74.393749999999756, 36.827083333332745 ], [ 74.397916666666418, 36.831249999999393 ], [ 74.406249999999744, 36.831249999999393 ] ] ] } },
{ "type": "Feature", "properties": { "HYRIV_ID": 40448014, "NEXT_DOWN": 40448138, "MAIN_RIV": 41023100, "LENGTH_KM": 3.93, "DIST_DN_KM": 2439.9, "DIST_UP_KM": 48.4, "CATCH_SKM": 23.88, "UPLAND_SKM": 824.5, "ENDORHEIC": 0, "DIS_AV_CMS": 1.953, "ORD_STRA": 4, "ORD_CLAS": 3, "ORD_FLOW": 6, "HYBAS_L12": 4121352500 }, "geometry": { "type": "MultiLineString", "coordinates": [ [ [ 74.460416666666362, 36.831249999999393 ], [ 74.497916666666384, 36.831249999999393 ], [ 74.502083333333047, 36.827083333332745 ] ] ] } },
{ "type": "Feature", "properties": { "HYRIV_ID": 40448137, "NEXT_DOWN": 40448012, "MAIN_RIV": 41023100, "LENGTH_KM": 2.08, "DIST_DN_KM": 2451.0, "DIST_UP_KM": 37.3, "CATCH_SKM": 5.67, "UPLAND_SKM": 702.6, "ENDORHEIC": 0, "DIS_AV_CMS": 1.716, "ORD_STRA": 4, "ORD_CLAS": 3, "ORD_FLOW": 6, "HYBAS_L12": 4121352500 }, "geometry": { "type": "MultiLineString", "coordinates": [ [ [ 74.368749999999721, 36.822916666666082 ], [ 74.377083333333047, 36.822916666666082 ], [ 74.38124999999971, 36.827083333332745 ], [ 74.389583333333036, 36.827083333332745 ] ] ] } },
{ "type": "Feature", "properties": { "HYRIV_ID": 40448138, "NEXT_DOWN": 40448290, "MAIN_RIV": 41023100, "LENGTH_KM": 2.08, "DIST_DN_KM": 2437.8, "DIST_UP_KM": 50.4, "CATCH_SKM": 10.31, "UPLAND_SKM": 850.1, "ENDORHEIC": 0, "DIS_AV_CMS": 1.996, "ORD_STRA": 4, "ORD_CLAS": 3, "ORD_FLOW": 6, "HYBAS_L12": 4120558320 }, "geometry": { "type": "MultiLineString", "coordinates": [ [ [ 74.502083333333047, 36.827083333332745 ], [ 74.518749999999756, 36.827083333332745 ], [ 74.522916666666362, 36.822916666666082 ] ] ] } },
{ "type": "Feature", "properties": { "HYRIV_ID": 40448290, "NEXT_DOWN": 40448424, "MAIN_RIV": 41023100, "LENGTH_KM": 4.01, "DIST_DN_KM": 2433.6, "DIST_UP_KM": 54.6, "CATCH_SKM": 15.12, "UPLAND_SKM": 880.9, "ENDORHEIC": 0, "DIS_AV_CMS": 2.041, "ORD_STRA": 4, "ORD_CLAS": 3, "ORD_FLOW": 6, "HYBAS_L12": 4120558320 }, "geometry": { "type": "MultiLineString", "coordinates": [ [ [ 74.522916666666362, 36.822916666666082 ], [ 74.535416666666407, 36.822916666666082 ], [ 74.53958333333307, 36.818749999999419 ], [ 74.547916666666396, 36.818749999999419 ], [ 74.552083333333059, 36.822916666666082 ], [ 74.556249999999778, 36.818749999999419 ], [ 74.560416666666441, 36.818749999999419 ] ] ] } },
{ "type": "Feature", "properties": { "HYRIV_ID": 40448424, "NEXT_DOWN": 40449261, "MAIN_RIV": 41023100, "LENGTH_KM": 4.67, "DIST_DN_KM": 2429.0, "DIST_UP_KM": 59.3, "CATCH_SKM": 24.4, "UPLAND_SKM": 925.2, "ENDORHEIC": 0, "DIS_AV_CMS": 2.103, "ORD_STRA": 4, "ORD_CLAS": 3, "ORD_FLOW": 6, "HYBAS_L12": 4120558320 }, "geometry": { "type": "MultiLineString", "coordinates": [ [ [ 74.560416666666441, 36.818749999999419 ], [ 74.568749999999767, 36.818749999999419 ], [ 74.57291666666643, 36.81458333333277 ], [ 74.610416666666509, 36.81458333333277 ] ] ] } },
{ "type": "Feature", "properties": { "HYRIV_ID": 40449261, "NEXT_DOWN": 40450656, "MAIN_RIV": 41023100, "LENGTH_KM": 7.27, "DIST_DN_KM": 2421.7, "DIST_UP_KM": 66.5, "CATCH_SKM": 27.67, "UPLAND_SKM": 966.0, "ENDORHEIC": 0, "DIS_AV_CMS": 2.148, "ORD_STRA": 4, "ORD_CLAS": 3, "ORD_FLOW": 6, "HYBAS_L12": 4120558320 }, "geometry": { "type": "MultiLineString", "coordinates": [ [ [ 74.610416666666509, 36.81458333333277 ], [ 74.639583333333036, 36.81458333333277 ], [ 74.643749999999699, 36.810416666666065 ], [ 74.647916666666362, 36.810416666666065 ], [ 74.652083333333081, 36.806249999999402 ], [ 74.656249999999687, 36.806249999999402 ], [ 74.672916666666396, 36.789583333332779 ], [ 74.677083333333059, 36.789583333332779 ] ] ] } },
{ "type": "Feature", "properties": { "HYRIV_ID": 40450656, "NEXT_DOWN": 40451040, "MAIN_RIV": 41023100, "LENGTH_KM": 5.92, "DIST_DN_KM": 2415.8, "DIST_UP_KM": 72.4, "CATCH_SKM": 23.73, "UPLAND_SKM": 1000.0, "ENDORHEIC": 0, "DIS_AV_CMS": 2.185, "ORD_STRA": 4, "ORD_CLAS": 3, "ORD_FLOW": 6, "HYBAS_L12": 4120558320 }, "geometry": { "type": "MultiLineString", "coordinates": [ [ [ 74.677083333333059, 36.789583333332779 ], [ 74.681249999999721, 36.789583333332779 ], [ 74.685416666666441, 36.785416666666116 ], [ 74.685416666666441, 36.78124999999941 ], [ 74.710416666666475, 36.756249999999419 ], [ 74.710416666666475, 36.747916666666107 ] ] ] } },
{ "type": "Feature", "properties": { "HYRIV_ID": 40451040, "NEXT_DOWN": 40452218, "MAIN_RIV": 41023100, "LENGTH_KM": 2.15, "DIST_DN_KM": 2413.8, "DIST_UP_KM": 74.4, "CATCH_SKM": 10.15, "UPLAND_SKM": 1159.0, "ENDORHEIC": 0, "DIS_AV_CMS": 2.452, "ORD_STRA": 4, "ORD_CLAS": 3, "ORD_FLOW": 6, "HYBAS_L12": 4120559940 }, "geometry": { "type": "MultiLineString", "coordinates": [ [ [ 74.710416666666475, 36.747916666666107 ], [ 74.714583333333138, 36.743749999999402 ], [ 74.718749999999687, 36.743749999999402 ], [ 74.727083333333013, 36.73541666666609 ] ] ] } },
{ "type": "Feature", "properties": { "HYRIV_ID": 40446631, "NEXT_DOWN": 40446754, "MAIN_RIV": 41023100, "LENGTH_KM": 3.04, "DIST_DN_KM": 2447.7, "DIST_UP_KM": 39.3, "CATCH_SKM": 11.5, "UPLAND_SKM": 625.9, "ENDORHEIC": 0, "DIS_AV_CMS": 0.455, "ORD_STRA": 4, "ORD_CLAS": 3, "ORD_FLOW": 7, "HYBAS_L12": 4120554990 }, "geometry": { "type": "MultiLineString", "coordinates": [ [ [ 75.164583333333013, 36.877083333332727 ], [ 75.160416666666407, 36.877083333332727 ], [ 75.156249999999687, 36.872916666666065 ], [ 75.139583333333036, 36.872916666666065 ], [ 75.135416666666373, 36.868749999999416 ] ] ] } },
{ "type": "Feature", "properties": { "HYRIV_ID": 40446754, "NEXT_DOWN": 40446903, "MAIN_RIV": 41023100, "LENGTH_KM": 3.26, "DIST_DN_KM": 2444.4, "DIST_UP_KM": 42.5, "CATCH_SKM": 10.99, "UPLAND_SKM": 703.6, "ENDORHEIC": 0, "DIS_AV_CMS": 0.526, "ORD_STRA": 4, "ORD_CLAS": 3, "ORD_FLOW": 7, "HYBAS_L12": 4120554990 }, "geometry": { "type": "MultiLineString", "coordinates": [ [ [ 75.135416666666373, 36.868749999999416 ], [ 75.122916666666441, 36.868749999999416 ], [ 75.118749999999778, 36.864583333332753 ], [ 75.114583333333115, 36.864583333332753 ], [ 75.110416666666339, 36.868749999999416 ], [ 75.10624999999979, 36.864583333332753 ] ] ] } },
{ "type": "Feature", "properties": { "HYRIV_ID": 40446900, "NEXT_DOWN": 40449125, "MAIN_RIV": 41023100, "LENGTH_KM": 3.78, "DIST_DN_KM": 2433.2, "DIST_UP_KM": 53.8, "CATCH_SKM": 10.82, "UPLAND_SKM": 969.9, "ENDORHEIC": 0, "DIS_AV_CMS": 0.742, "ORD_STRA": 4, "ORD_CLAS": 3, "ORD_FLOW": 7, "HYBAS_L12": 4120556820 }, "geometry": { "type": "MultiLineString", "coordinates": [ [ [ 75.031249999999687, 36.86041666666609 ], [ 75.018749999999699, 36.86041666666609 ], [ 75.014583333333036, 36.864583333332753 ], [ 75.002083333333161, 36.864583333332753 ], [ 74.997916666666498, 36.86041666666609 ], [ 74.993749999999778, 36.86041666666609 ] ] ] } },
{ "type": "Feature", "properties": { "HYRIV_ID": 40446903, "NEXT_DOWN": 40447030, "MAIN_RIV": 41023100, "LENGTH_KM": 2.08, "DIST_DN_KM": 2442.2, "DIST_UP_KM": 44.8, "CATCH_SKM": 4.81, "UPLAND_SKM": 734.9, "ENDORHEIC": 0, "DIS_AV_CMS": 0.554, "ORD_STRA": 4, "ORD_CLAS": 3, "ORD_FLOW": 7, "HYBAS_L12": 4120554990 }, "geometry": { "type": "MultiLineString", "coordinates": [ [ [ 75.10624999999979, 36.864583333332753 ], [ 75.097916666666407, 36.864583333332753 ], [ 75.093749999999744, 36.86041666666609 ], [ 75.085416666666418, 36.86041666666609 ] ] ] } },
{ "type": "Feature", "properties": { "HYRIV_ID": 40447030, "NEXT_DOWN": 40446900, "MAIN_RIV": 41023100, "LENGTH_KM": 5.26, "DIST_DN_KM": 2436.9, "DIST_UP_KM": 50.0, "CATCH_SKM": 20.95, "UPLAND_SKM": 805.0, "ENDORHEIC": 0, "DIS_AV_CMS": 0.611, "ORD_STRA": 4, "ORD_CLAS": 3, "ORD_FLOW": 7, "HYBAS_L12": 4120554990 }, "geometry": { "type": "MultiLineString", "coordinates": [ [ [ 75.085416666666418, 36.86041666666609 ], [ 75.06874999999971, 36.86041666666609 ], [ 75.064583333333047, 36.856249999999442 ], [ 75.060416666666384, 36.86041666666609 ], [ 75.031249999999687, 36.86041666666609 ] ] ] } },
{ "type": "Feature", "properties": { "HYRIV_ID": 40449124, "NEXT_DOWN": 40449575, "MAIN_RIV": 41023100, "LENGTH_KM": 0.74, "DIST_DN_KM": 2423.8, "DIST_UP_KM": 70.4, "CATCH_SKM": 0.86, "UPLAND_SKM": 2026.3, "ENDORHEIC": 0, "DIS_AV_CMS": 1.936, "ORD_STRA": 4, "ORD_CLAS": 2, "ORD_FLOW": 6, "HYBAS_L12": 4120556960 }, "geometry": { "type": "MultiLineString", "coordinates": [ [ [ 74.956249999999756, 36.793749999999427 ], [ 74.94791666666643, 36.793749999999427 ] ] ] } },
{ "type": "Feature", "properties": { "HYRIV_ID": 40449125, "NEXT_DOWN": 40449124, "MAIN_RIV": 41023100, "LENGTH_KM": 8.58, "DIST_DN_KM": 2424.6, "DIST_UP_KM": 62.4, "CATCH_SKM": 33.5, "UPLAND_SKM": 1082.2, "ENDORHEIC": 0, "DIS_AV_CMS": 0.846, "ORD_STRA": 4, "ORD_CLAS": 3, "ORD_FLOW": 7, "HYBAS_L12": 4120556820 }, "geometry": { "type": "MultiLineString", "coordinates": [ [ [ 74.993749999999778, 36.86041666666609 ], [ 74.977083333333127, 36.84374999999941 ], [ 74.977083333333127, 36.831249999999393 ], [ 74.964583333333081, 36.818749999999419 ], [ 74.964583333333081, 36.810416666666065 ], [ 74.960416666666418, 36.806249999999402 ], [ 74.960416666666418, 36.802083333332753 ], [ 74.956249999999756, 36.79791666666609 ], [ 74.956249999999756, 36.793749999999427 ] ] ] } },
{ "type": "Feature", "properties": { "HYRIV_ID": 40449575, "NEXT_DOWN": 40450534, "MAIN_RIV": 41023100, "LENGTH_KM": 8.16, "DIST_DN_KM": 2415.7, "DIST_UP_KM": 78.5, "CATCH_SKM": 52.26, "UPLAND_SKM": 2198.3, "ENDORHEIC": 0, "DIS_AV_CMS": 2.136, "ORD_STRA": 4, "ORD_CLAS": 2, "ORD_FLOW": 6, "HYBAS_L12": 4120558420 }, "geometry": { "type": "MultiLineString", "coordinates": [ [ [ 74.94791666666643, 36.793749999999427 ], [ 74.918749999999733, 36.793749999999427 ], [ 74.91458333333307, 36.789583333332779 ], [ 74.906249999999687, 36.789583333332779 ], [ 74.902083333333081, 36.785416666666116 ], [ 74.889583333333036, 36.785416666666116 ], [ 74.885416666666373, 36.789583333332779 ], [ 74.88124999999971, 36.789583333332779 ], [ 74.872916666666384, 36.78124999999941 ], [ 74.868749999999835, 36.78124999999941 ] ] ] } },
{ "type": "Feature", "properties": { "HYRIV_ID": 40450534, "NEXT_DOWN": 40450906, "MAIN_RIV": 41023100, "LENGTH_KM": 4.03, "DIST_DN_KM": 2411.8, "DIST_UP_KM": 82.3, "CATCH_SKM": 13.93, "UPLAND_SKM": 2306.0, "ENDORHEIC": 0, "DIS_AV_CMS": 2.247, "ORD_STRA": 4, "ORD_CLAS": 2, "ORD_FLOW": 6, "HYBAS_L12": 4120558420 }, "geometry": { "type": "MultiLineString", "coordinates": [ [ [ 74.868749999999835, 36.78124999999941 ], [ 74.852083333333013, 36.764583333332745 ], [ 74.852083333333013, 36.760416666666082 ], [ 74.843749999999801, 36.75208333333277 ] ] ] } },
{ "type": "Feature", "properties": { "HYRIV_ID": 40450906, "NEXT_DOWN": 40452515, "MAIN_RIV": 41023100, "LENGTH_KM": 2.52, "DIST_DN_KM": 2409.3, "DIST_UP_KM": 84.8, "CATCH_SKM": 8.26, "UPLAND_SKM": 2342.8, "ENDORHEIC": 0, "DIS_AV_CMS": 2.289, "ORD_STRA": 4, "ORD_CLAS": 2, "ORD_FLOW": 6, "HYBAS_L12": 4120558420 }, "geometry": { "type": "MultiLineString", "coordinates": [ [ [ 74.843749999999801, 36.75208333333277 ], [ 74.835416666666418, 36.75208333333277 ], [ 74.82291666666643, 36.739583333332739 ] ] ] } },
{ "type": "Feature", "properties": { "HYRIV_ID": 40505590, "NEXT_DOWN": 40505930, "MAIN_RIV": 41023100, "LENGTH_KM": 5.74, "DIST_DN_KM": 2494.1, "DIST_UP_KM": 73.0, "CATCH_SKM": 18.41, "UPLAND_SKM": 1178.3, "ENDORHEIC": 0, "DIS_AV_CMS": 3.287, "ORD_STRA": 4, "ORD_CLAS": 3, "ORD_FLOW": 6, "HYBAS_L12": 4120608320 }, "geometry": { "type": "MultiLineString", "coordinates": [ [ [ 76.618749999999835, 35.239583333332767 ], [ 76.618749999999835, 35.231249999999442 ], [ 76.614583333333002, 35.227083333332779 ], [ 76.614583333333002, 35.22291666666613 ], [ 76.602083333333013, 35.210416666666113 ], [ 76.59791666666635, 35.210416666666113 ], [ 76.593749999999801, 35.20624999999945 ], [ 76.589583333333138, 35.20624999999945 ], [ 76.585416666666418, 35.202083333332787 ] ] ] } },
{ "type": "Feature", "properties": { "HYRIV_ID": 40505753, "NEXT_DOWN": 40505929, "MAIN_RIV": 41023100, "LENGTH_KM": 0.6, "DIST_DN_KM": 2486.9, "DIST_UP_KM": 80.2, "CATCH_SKM": 0.35, "UPLAND_SKM": 2320.3, "ENDORHEIC": 0, "DIS_AV_CMS": 7.09, "ORD_STRA": 4, "ORD_CLAS": 3, "ORD_FLOW": 6, "HYBAS_L12": 4120606610 }, "geometry": { "type": "MultiLineString", "coordinates": [ [ [ 76.527083333333024, 35.202083333332787 ], [ 76.522916666666362, 35.197916666666138 ] ] ] } },
{ "type": "Feature", "properties": { "HYRIV_ID": 40505754, "NEXT_DOWN": 40505753, "MAIN_RIV": 41023100, "LENGTH_KM": 0.6, "DIST_DN_KM": 2487.5, "DIST_UP_KM": 79.6, "CATCH_SKM": 0.17, "UPLAND_SKM": 2300.8, "ENDORHEIC": 0, "DIS_AV_CMS": 7.019, "ORD_STRA": 4, "ORD_CLAS": 3, "ORD_FLOW": 6, "HYBAS_L12": 4120606610 }, "geometry": { "type": "MultiLineString", "coordinates": [ [ [ 76.531249999999687, 35.197916666666138 ], [ 76.527083333333024, 35.202083333332787 ] ] ] } },
{ "type": "Feature", "properties": { "HYRIV_ID": 40505756, "NEXT_DOWN": 40506124, "MAIN_RIV": 41023100, "LENGTH_KM": 6.2, "DIST_DN_KM": 2712.1, "DIST_UP_KM": 88.0, "CATCH_SKM": 27.54, "UPLAND_SKM": 1285.1, "ENDORHEIC": 0, "DIS_AV_CMS": 2.93, "ORD_STRA": 4, "ORD_CLAS": 3, "ORD_FLOW": 6, "HYBAS_L12": 4120608940 }, "geometry": { "type": "MultiLineString", "coordinates": [ [ [ 77.152083333333024, 35.239583333332767 ], [ 77.156249999999687, 35.235416666666104 ], [ 77.156249999999687, 35.231249999999442 ], [ 77.16041666666635, 35.227083333332779 ], [ 77.16041666666635, 35.218749999999424 ], [ 77.168749999999676, 35.210416666666113 ], [ 77.177083333333002, 35.210416666666113 ], [ 77.185416666666328, 35.202083333332787 ], [ 77.185416666666328, 35.197916666666138 ] ] ] } },
{ "type": "Feature", "properties": { "HYRIV_ID": 40505929, "NEXT_DOWN": 40505750, "MAIN_RIV": 41023100, "LENGTH_KM": 1.95, "DIST_DN_KM": 2484.8, "DIST_UP_KM": 82.3, "CATCH_SKM": 4.91, "UPLAND_SKM": 2342.7, "ENDORHEIC": 0, "DIS_AV_CMS": 7.172, "ORD_STRA": 4, "ORD_CLAS": 3, "ORD_FLOW": 6, "HYBAS_L12": 4120606610 }, "geometry": { "type": "MultiLineString", "coordinates": [ [ [ 76.522916666666362, 35.197916666666138 ], [ 76.518749999999699, 35.197916666666138 ], [ 76.514583333333036, 35.193749999999433 ], [ 76.510416666666373, 35.197916666666138 ], [ 76.50624999999971, 35.197916666666138 ] ] ] } },
{ "type": "Feature", "properties": { "HYRIV_ID": 40505930, "NEXT_DOWN": 40505754, "MAIN_RIV": 41023100, "LENGTH_KM": 6.02, "DIST_DN_KM": 2487.9, "DIST_UP_KM": 79.2, "CATCH_SKM": 23.51, "UPLAND_SKM": 2190.7, "ENDORHEIC": 0, "DIS_AV_CMS": 6.591, "ORD_STRA": 4, "ORD_CLAS": 3, "ORD_FLOW": 6, "HYBAS_L12": 4120608640 }, "geometry": { "type": "MultiLineString", "coordinates": [ [ [ 76.585416666666418, 35.202083333332787 ], [ 76.577083333333093, 35.193749999999433 ], [ 76.572916666666316, 35.193749999999433 ], [ 76.568749999999767, 35.197916666666138 ], [ 76.560416666666384, 35.197916666666138 ], [ 76.556249999999721, 35.193749999999433 ], [ 76.53958333333307, 35.193749999999433 ], [ 76.53541666666635, 35.197916666666138 ], [ 76.531249999999687, 35.197916666666138 ] ] ] } },
{ "type": "Feature", "properties": { "HYRIV_ID": 40505931, "NEXT_DOWN": 40506940, "MAIN_RIV": 41023100, "LENGTH_KM": 6.64, "DIST_DN_KM": 2709.1, "DIST_UP_KM": 49.4, "CATCH_SKM": 19.46, "UPLAND_SKM": 732.1, "ENDORHEIC": 0, "DIS_AV_CMS": 1.648, "ORD_STRA": 4, "ORD_CLAS": 4, "ORD_FLOW": 6, "HYBAS_L12": 4120608660 }, "geometry": { "type": "MultiLineString", "coordinates": [ [ [ 77.185416666666328, 35.243749999999459 ], [ 77.185416666666328, 35.239583333332767 ], [ 77.181249999999665, 35.235416666666104 ], [ 77.181249999999665, 35.227083333332779 ], [ 77.210416666666362, 35.197916666666138 ], [ 77.210416666666362, 35.193749999999433 ] ] ] } },
{ "type": "Feature", "properties": { "HYRIV_ID": 40506124, "NEXT_DOWN": 40506940, "MAIN_RIV": 41023100, "LENGTH_KM": 2.93, "DIST_DN_KM": 2709.3, "DIST_UP_KM": 90.7, "CATCH_SKM": 5.61, "UPLAND_SKM": 1318.6, "ENDORHEIC": 0, "DIS_AV_CMS": 3.026, "ORD_STRA": 4, "ORD_CLAS": 3, "ORD_FLOW": 6, "HYBAS_L12": 4120608940 }, "geometry": { "type": "MultiLineString", "coordinates": [ [ [ 77.185416666666328, 35.197916666666138 ], [ 77.19374999999971, 35.197916666666138 ], [ 77.202083333333036, 35.18958333333277 ], [ 77.206249999999699, 35.18958333333277 ], [ 77.210416666666362, 35.193749999999433 ] ] ] } },
{ "type": "Feature", "properties": { "HYRIV_ID": 40506940, "NEXT_DOWN": 40507539, "MAIN_RIV": 41023100, "LENGTH_KM": 3.19, "DIST_DN_KM": 2706.1, "DIST_UP_KM": 93.9, "CATCH_SKM": 8.95, "UPLAND_SKM": 2059.6, "ENDORHEIC": 0, "DIS_AV_CMS": 4.829, "ORD_STRA": 5, "ORD_CLAS": 3, "ORD_FLOW": 6, "HYBAS_L12": 4121375390 }, "geometry": { "type": "MultiLineString", "coordinates": [ [ [ 77.210416666666362, 35.193749999999433 ], [ 77.214583333333081, 35.18958333333277 ], [ 77.214583333333081, 35.185416666666121 ], [ 77.218749999999744, 35.181249999999459 ], [ 77.218749999999744, 35.172916666666104 ], [ 77.222916666666407, 35.168749999999442 ] ] ] } },
{ "type": "Feature", "properties": { "HYRIV_ID": 40507539, "NEXT_DOWN": 40508018, "MAIN_RIV": 41023100, "LENGTH_KM": 1.85, "DIST_DN_KM": 2704.1, "DIST_UP_KM": 95.9, "CATCH_SKM": 4.91, "UPLAND_SKM": 2087.0, "ENDORHEIC": 0, "DIS_AV_CMS": 4.903, "ORD_STRA": 5, "ORD_CLAS": 3, "ORD_FLOW": 6, "HYBAS_L12": 4121375390 }, "geometry": { "type": "MultiLineString", "coordinates": [ [ [ 77.222916666666407, 35.168749999999442 ], [ 77.222916666666407, 35.152083333332804 ] ] ] } },
{ "type": "Feature", "properties": { "HYRIV_ID": 40508018, "NEXT_DOWN": 40508862, "MAIN_RIV": 41023100, "LENGTH_KM": 2.04, "DIST_DN_KM": 2702.0, "DIST_UP_KM": 98.0, "CATCH_SKM": 3.33, "UPLAND_SKM": 2178.3, "ENDORHEIC": 0, "DIS_AV_CMS": 5.175, "ORD_STRA": 5, "ORD_CLAS": 3, "ORD_FLOW": 6, "HYBAS_L12": 4121375390 }, "geometry": { "type": "MultiLineString", "coordinates": [ [ [ 77.222916666666407, 35.152083333332804 ], [ 77.22708333333307, 35.147916666666113 ], [ 77.22708333333307, 35.14374999999945 ], [ 77.231249999999733, 35.139583333332787 ], [ 77.235416666666396, 35.139583333332787 ] ] ] } },
{ "type": "Feature", "properties": { "HYRIV_ID": 40508862, "NEXT_DOWN": 40509454, "MAIN_RIV": 41023100, "LENGTH_KM": 3.32, "DIST_DN_KM": 2698.7, "DIST_UP_KM": 101.3, "CATCH_SKM": 15.8, "UPLAND_SKM": 2242.5, "ENDORHEIC": 0, "DIS_AV_CMS": 5.349, "ORD_STRA": 5, "ORD_CLAS": 3, "ORD_FLOW": 6, "HYBAS_L12": 4121375720 }, "geometry": { "type": "MultiLineString", "coordinates": [ [ [ 77.235416666666396, 35.139583333332787 ], [ 77.235416666666396, 35.135416666666124 ], [ 77.25208333333299, 35.118749999999459 ], [ 77.25208333333299, 35.114583333332753 ] ] ] } },
{ "type": "Feature", "properties": { "HYRIV_ID": 40509454, "NEXT_DOWN": 40509745, "MAIN_RIV": 41023100, "LENGTH_KM": 2.39, "DIST_DN_KM": 2696.5, "DIST_UP_KM": 103.5, "CATCH_SKM": 10.89, "UPLAND_SKM": 2349.9, "ENDORHEIC": 0, "DIS_AV_CMS": 5.674, "ORD_STRA": 5, "ORD_CLAS": 3, "ORD_FLOW": 6, "HYBAS_L12": 4121376350 }, "geometry": { "type": "MultiLineString", "coordinates": [ [ [ 77.25208333333299, 35.114583333332753 ], [ 77.268749999999642, 35.097916666666116 ] ] ] } },
{ "type": "Feature", "properties": { "HYRIV_ID": 40509745, "NEXT_DOWN": 40510523, "MAIN_RIV": 41023100, "LENGTH_KM": 3.09, "DIST_DN_KM": 2693.4, "DIST_UP_KM": 106.6, "CATCH_SKM": 16.86, "UPLAND_SKM": 2382.6, "ENDORHEIC": 0, "DIS_AV_CMS": 5.768, "ORD_STRA": 5, "ORD_CLAS": 3, "ORD_FLOW": 6, "HYBAS_L12": 4121376350 }, "geometry": { "type": "MultiLineString", "coordinates": [ [ [ 77.268749999999642, 35.097916666666116 ], [ 77.277083333333024, 35.097916666666116 ], [ 77.281249999999687, 35.093749999999424 ], [ 77.293749999999676, 35.093749999999424 ], [ 77.297916666666339, 35.089583333332762 ] ] ] } },
{ "type": "Feature", "properties": { "HYRIV_ID": 40510523, "NEXT_DOWN": 40511011, "MAIN_RIV": 41023100, "LENGTH_KM": 3.24, "DIST_DN_KM": 2690.1, "DIST_UP_KM": 109.9, "CATCH_SKM": 14.58, "UPLAND_SKM": 2416.6, "ENDORHEIC": 0, "DIS_AV_CMS": 5.862, "ORD_STRA": 5, "ORD_CLAS": 3, "ORD_FLOW": 6, "HYBAS_L12": 4121376350 }, "geometry": { "type": "MultiLineString", "coordinates": [ [ [ 77.297916666666339, 35.089583333332762 ], [ 77.302083333333002, 35.085416666666099 ], [ 77.306249999999665, 35.085416666666099 ], [ 77.310416666666328, 35.08124999999945 ], [ 77.310416666666328, 35.077083333332787 ], [ 77.31874999999971, 35.068749999999476 ] ] ] } },
{ "type": "Feature", "properties": { "HYRIV_ID": 40511011, "NEXT_DOWN": 40511667, "MAIN_RIV": 41023100, "LENGTH_KM": 2.77, "DIST_DN_KM": 2687.4, "DIST_UP_KM": 112.6, "CATCH_SKM": 15.11, "UPLAND_SKM": 2481.8, "ENDORHEIC": 0, "DIS_AV_CMS": 6.054, "ORD_STRA": 5, "ORD_CLAS": 3, "ORD_FLOW": 6, "HYBAS_L12": 4121376800 }, "geometry": { "type": "MultiLineString", "coordinates": [ [ [ 77.31874999999971, 35.068749999999476 ], [ 77.322916666666373, 35.068749999999476 ], [ 77.335416666666362, 35.056249999999459 ], [ 77.339583333333024, 35.060416666666107 ] ] ] } },
{ "type": "Feature", "properties": { "HYRIV_ID": 40511667, "NEXT_DOWN": 40512413, "MAIN_RIV": 41023100, "LENGTH_KM": 2.59, "DIST_DN_KM": 2684.6, "DIST_UP_KM": 115.4, "CATCH_SKM": 3.87, "UPLAND_SKM": 2584.2, "ENDORHEIC": 0, "DIS_AV_CMS": 6.339, "ORD_STRA": 5, "ORD_CLAS": 3, "ORD_FLOW": 6, "HYBAS_L12": 4121376800 }, "geometry": { "type": "MultiLineString", "coordinates": [ [ [ 77.339583333333024, 35.060416666666107 ], [ 77.343749999999687, 35.056249999999459 ], [ 77.343749999999687, 35.04791666666609 ], [ 77.347916666666407, 35.043749999999442 ], [ 77.347916666666407, 35.039583333332779 ] ] ] } },
{ "type": "Feature", "properties": { "HYRIV_ID": 40512413, "NEXT_DOWN": 40513384, "MAIN_RIV": 41023100, "LENGTH_KM": 2.86, "DIST_DN_KM": 2681.8, "DIST_UP_KM": 118.2, "CATCH_SKM": 13.71, "UPLAND_SKM": 2613.6, "ENDORHEIC": 0, "DIS_AV_CMS": 6.424, "ORD_STRA": 5, "ORD_CLAS": 3, "ORD_FLOW": 6, "HYBAS_L12": 4121377560 }, "geometry": { "type": "MultiLineString", "coordinates": [ [ [ 77.347916666666407, 35.039583333332779 ], [ 77.364583333333059, 35.022916666666099 ], [ 77.364583333333059, 35.018749999999436 ] ] ] } },
{ "type": "Feature", "properties": { "HYRIV_ID": 40513384, "NEXT_DOWN": 40514534, "MAIN_RIV": 41023100, "LENGTH_KM": 3.32, "DIST_DN_KM": 2678.4, "DIST_UP_KM": 121.6, "CATCH_SKM": 20.74, "UPLAND_SKM": 2651.0, "ENDORHEIC": 0, "DIS_AV_CMS": 6.533, "ORD_STRA": 5, "ORD_CLAS": 3, "ORD_FLOW": 6, "HYBAS_L12": 4121377560 }, "geometry": { "type": "MultiLineString", "coordinates": [ [ [ 77.364583333333059, 35.018749999999436 ], [ 77.381249999999767, 35.00208333333277 ], [ 77.381249999999767, 34.993749999999444 ] ] ] } },
{ "type": "Feature", "properties": { "HYRIV_ID": 40514534, "NEXT_DOWN": 40514690, "MAIN_RIV": 41023100, "LENGTH_KM": 4.44, "DIST_DN_KM": 2674.1, "DIST_UP_KM": 125.9, "CATCH_SKM": 16.54, "UPLAND_SKM": 2753.9, "ENDORHEIC": 0, "DIS_AV_CMS": 6.841, "ORD_STRA": 5, "ORD_CLAS": 3, "ORD_FLOW": 6, "HYBAS_L12": 4121377800 }, "geometry": { "type": "MultiLineString", "coordinates": [ [ [ 77.381249999999767, 34.993749999999444 ], [ 77.389583333333093, 34.98541666666609 ], [ 77.385416666666316, 34.981249999999427 ], [ 77.385416666666316, 34.977083333332779 ], [ 77.389583333333093, 34.972916666666116 ], [ 77.393749999999642, 34.972916666666116 ], [ 77.402083333333138, 34.964583333332762 ] ] ] } },
{ "type": "Feature", "properties": { "HYRIV_ID": 40514690, "NEXT_DOWN": 40515541, "MAIN_RIV": 41023100, "LENGTH_KM": 1.36, "DIST_DN_KM": 2672.6, "DIST_UP_KM": 127.4, "CATCH_SKM": 3.17, "UPLAND_SKM": 2829.0, "ENDORHEIC": 0, "DIS_AV_CMS": 7.05, "ORD_STRA": 5, "ORD_CLAS": 3, "ORD_FLOW": 6, "HYBAS_L12": 4121377800 }, "geometry": { "type": "MultiLineString", "coordinates": [ [ [ 77.402083333333138, 34.964583333332762 ], [ 77.406249999999687, 34.960416666666099 ], [ 77.414583333333013, 34.960416666666099 ] ] ] } },
{ "type": "Feature", "properties": { "HYRIV_ID": 40515541, "NEXT_DOWN": 40516131, "MAIN_RIV": 41023100, "LENGTH_KM": 4.71, "DIST_DN_KM": 2667.9, "DIST_UP_KM": 132.1, "CATCH_SKM": 20.94, "UPLAND_SKM": 2936.0, "ENDORHEIC": 0, "DIS_AV_CMS": 7.378, "ORD_STRA": 5, "ORD_CLAS": 3, "ORD_FLOW": 6, "HYBAS_L12": 4120618390 }, "geometry": { "type": "MultiLineString", "coordinates": [ [ [ 77.414583333333013, 34.960416666666099 ], [ 77.427083333333002, 34.960416666666099 ], [ 77.431249999999665, 34.956249999999436 ], [ 77.435416666666328, 34.956249999999436 ], [ 77.43958333333299, 34.952083333332787 ], [ 77.43958333333299, 34.943749999999461 ], [ 77.44374999999971, 34.939583333332799 ], [ 77.44374999999971, 34.935416666666107 ] ] ] } },
{ "type": "Feature", "properties": { "HYRIV_ID": 40516131, "NEXT_DOWN": 40516715, "MAIN_RIV": 41023100, "LENGTH_KM": 2.4, "DIST_DN_KM": 2665.7, "DIST_UP_KM": 134.3, "CATCH_SKM": 8.62, "UPLAND_SKM": 2962.6, "ENDORHEIC": 0, "DIS_AV_CMS": 7.454, "ORD_STRA": 5, "ORD_CLAS": 3, "ORD_FLOW": 6, "HYBAS_L12": 4120618390 }, "geometry": { "type": "MultiLineString", "coordinates": [ [ [ 77.44374999999971, 34.935416666666107 ], [ 77.460416666666362, 34.918749999999427 ] ] ] } },
{ "type": "Feature", "properties": { "HYRIV_ID": 40516715, "NEXT_DOWN": 40517203, "MAIN_RIV": 41023100, "LENGTH_KM": 1.99, "DIST_DN_KM": 2663.5, "DIST_UP_KM": 136.5, "CATCH_SKM": 8.45, "UPLAND_SKM": 2987.6, "ENDORHEIC": 0, "DIS_AV_CMS": 7.526, "ORD_STRA": 5, "ORD_CLAS": 3, "ORD_FLOW": 6, "HYBAS_L12": 4120618390 }, "geometry": { "type": "MultiLineString", "coordinates": [ [ [ 77.460416666666362, 34.918749999999427 ], [ 77.460416666666362, 34.914583333332764 ], [ 77.464583333333024, 34.910416666666116 ], [ 77.464583333333024, 34.90208333333279 ] ] ] } },
{ "type": "Feature", "properties": { "HYRIV_ID": 40517203, "NEXT_DOWN": 40519592, "MAIN_RIV": 41023100, "LENGTH_KM": 1.66, "DIST_DN_KM": 2661.9, "DIST_UP_KM": 138.1, "CATCH_SKM": 2.46, "UPLAND_SKM": 3013.8, "ENDORHEIC": 0, "DIS_AV_CMS": 7.607, "ORD_STRA": 5, "ORD_CLAS": 3, "ORD_FLOW": 6, "HYBAS_L12": 4120618390 }, "geometry": { "type": "MultiLineString", "coordinates": [ [ [ 77.464583333333024, 34.90208333333279 ], [ 77.47291666666635, 34.893749999999436 ], [ 77.47291666666635, 34.889583333332773 ] ] ] } },
{ "type": "Feature", "properties": { "HYRIV_ID": 40519592, "NEXT_DOWN": 40520667, "MAIN_RIV": 41023100, "LENGTH_KM": 8.5, "DIST_DN_KM": 2653.5, "DIST_UP_KM": 146.5, "CATCH_SKM": 41.75, "UPLAND_SKM": 3495.0, "ENDORHEIC": 0, "DIS_AV_CMS": 8.919, "ORD_STRA": 5, "ORD_CLAS": 3, "ORD_FLOW": 6, "HYBAS_L12": 4120621540 }, "geometry": { "type": "MultiLineString", "coordinates": [ [ [ 77.47291666666635, 34.889583333332773 ], [ 77.47708333333307, 34.885416666666124 ], [ 77.47708333333307, 34.881249999999461 ], [ 77.485416666666396, 34.872916666666107 ], [ 77.485416666666396, 34.860416666666133 ], [ 77.489583333333059, 34.856249999999427 ], [ 77.489583333333059, 34.852083333332764 ], [ 77.485416666666396, 34.847916666666116 ], [ 77.489583333333059, 34.843749999999453 ], [ 77.489583333333059, 34.831249999999478 ], [ 77.497916666666384, 34.82291666666611 ] ] ] } },
{ "type": "Feature", "properties": { "HYRIV_ID": 40520667, "NEXT_DOWN": 40521182, "MAIN_RIV": 41023100, "LENGTH_KM": 4.55, "DIST_DN_KM": 2648.7, "DIST_UP_KM": 151.3, "CATCH_SKM": 15.69, "UPLAND_SKM": 3647.6, "ENDORHEIC": 0, "DIS_AV_CMS": 9.418, "ORD_STRA": 5, "ORD_CLAS": 3, "ORD_FLOW": 6, "HYBAS_L12": 4120621540 }, "geometry": { "type": "MultiLineString", "coordinates": [ [ [ 77.497916666666384, 34.82291666666611 ], [ 77.506249999999767, 34.814583333332799 ], [ 77.506249999999767, 34.802083333332781 ], [ 77.514583333333093, 34.79374999999947 ], [ 77.522916666666418, 34.79374999999947 ] ] ] } },
{ "type": "Feature", "properties": { "HYRIV_ID": 40521182, "NEXT_DOWN": 40521495, "MAIN_RIV": 41023100, "LENGTH_KM": 2.13, "DIST_DN_KM": 2646.6, "DIST_UP_KM": 153.4, "CATCH_SKM": 3.35, "UPLAND_SKM": 3783.7, "ENDORHEIC": 0, "DIS_AV_CMS": 9.849, "ORD_STRA": 5, "ORD_CLAS": 3, "ORD_FLOW": 6, "HYBAS_L12": 4121380380 }, "geometry": { "type": "MultiLineString", "coordinates": [ [ [ 77.522916666666418, 34.79374999999947 ], [ 77.522916666666418, 34.789583333332764 ], [ 77.531249999999801, 34.781249999999453 ], [ 77.531249999999801, 34.77708333333279 ] ] ] } },
{ "type": "Feature", "properties": { "HYRIV_ID": 40521495, "NEXT_DOWN": 40521834, "MAIN_RIV": 41023100, "LENGTH_KM": 1.06, "DIST_DN_KM": 2645.7, "DIST_UP_KM": 154.3, "CATCH_SKM": 1.41, "UPLAND_SKM": 3805.0, "ENDORHEIC": 0, "DIS_AV_CMS": 9.92, "ORD_STRA": 5, "ORD_CLAS": 3, "ORD_FLOW": 6, "HYBAS_L12": 4121380380 }, "geometry": { "type": "MultiLineString", "coordinates": [ [ [ 77.531249999999801, 34.77708333333279 ], [ 77.531249999999801, 34.772916666666084 ], [ 77.53541666666635, 34.768749999999436 ] ] ] } },
{ "type": "Feature", "properties": { "HYRIV_ID": 40521834, "NEXT_DOWN": 40522404, "MAIN_RIV": 41023100, "LENGTH_KM": 0.93, "DIST_DN_KM": 2644.6, "DIST_UP_KM": 155.4, "CATCH_SKM": 0.88, "UPLAND_SKM": 3854.2, "ENDORHEIC": 0, "DIS_AV_CMS": 10.089, "ORD_STRA": 5, "ORD_CLAS": 3, "ORD_FLOW": 5, "HYBAS_L12": 4121380380 }, "geometry": { "type": "MultiLineString", "coordinates": [ [ [ 77.53541666666635, 34.768749999999436 ], [ 77.53541666666635, 34.76041666666611 ] ] ] } },
{ "type": "Feature", "properties": { "HYRIV_ID": 40522404, "NEXT_DOWN": 40522831, "MAIN_RIV": 41023100, "LENGTH_KM": 1.99, "DIST_DN_KM": 2642.6, "DIST_UP_KM": 157.4, "CATCH_SKM": 2.65, "UPLAND_SKM": 3872.7, "ENDORHEIC": 0, "DIS_AV_CMS": 10.149, "ORD_STRA": 5, "ORD_CLAS": 3, "ORD_FLOW": 5, "HYBAS_L12": 4121380380 }, "geometry": { "type": "MultiLineString", "coordinates": [ [ [ 77.53541666666635, 34.76041666666611 ], [ 77.53541666666635, 34.756249999999461 ], [ 77.539583333333013, 34.752083333332799 ], [ 77.539583333333013, 34.743749999999444 ] ] ] } },
{ "type": "Feature", "properties": { "HYRIV_ID": 40522831, "NEXT_DOWN": 40524806, "MAIN_RIV": 41023100, "LENGTH_KM": 1.53, "DIST_DN_KM": 2641.1, "DIST_UP_KM": 158.9, "CATCH_SKM": 4.06, "UPLAND_SKM": 3890.9, "ENDORHEIC": 0, "DIS_AV_CMS": 10.206, "ORD_STRA": 5, "ORD_CLAS": 3, "ORD_FLOW": 5, "HYBAS_L12": 4121380380 }, "geometry": { "type": "MultiLineString", "coordinates": [ [ [ 77.539583333333013, 34.743749999999444 ], [ 77.539583333333013, 34.739583333332781 ], [ 77.543749999999676, 34.735416666666119 ], [ 77.543749999999676, 34.731249999999456 ] ] ] } },
{ "type": "Feature", "properties": { "HYRIV_ID": 40524806, "NEXT_DOWN": 40527240, "MAIN_RIV": 41023100, "LENGTH_KM": 7.58, "DIST_DN_KM": 2633.7, "DIST_UP_KM": 166.3, "CATCH_SKM": 28.06, "UPLAND_SKM": 3944.1, "ENDORHEIC": 0, "DIS_AV_CMS": 10.387, "ORD_STRA": 5, "ORD_CLAS": 3, "ORD_FLOW": 5, "HYBAS_L12": 4120627660 }, "geometry": { "type": "MultiLineString", "coordinates": [ [ [ 77.543749999999676, 34.731249999999456 ], [ 77.556249999999665, 34.718749999999439 ], [ 77.556249999999665, 34.706249999999422 ], [ 77.552083333333002, 34.702083333332773 ], [ 77.552083333333002, 34.693749999999447 ], [ 77.556249999999665, 34.689583333332799 ], [ 77.556249999999665, 34.685416666666093 ], [ 77.552083333333002, 34.68124999999943 ], [ 77.560416666666328, 34.672916666666119 ] ] ] } },
{ "type": "Feature", "properties": { "HYRIV_ID": 40527772, "NEXT_DOWN": 40527771, "MAIN_RIV": 41023100, "LENGTH_KM": 3.11, "DIST_DN_KM": 2615.3, "DIST_UP_KM": 184.7, "CATCH_SKM": 11.48, "UPLAND_SKM": 4449.1, "ENDORHEIC": 0, "DIS_AV_CMS": 12.29, "ORD_STRA": 5, "ORD_CLAS": 3, "ORD_FLOW": 5, "HYBAS_L12": 4120628270 }, "geometry": { "type": "MultiLineString", "coordinates": [ [ [ 77.547916666666339, 34.585416666666127 ], [ 77.539583333333013, 34.585416666666127 ], [ 77.53541666666635, 34.589583333332776 ], [ 77.527083333332968, 34.589583333332776 ], [ 77.522916666666418, 34.585416666666127 ], [ 77.518749999999642, 34.585416666666127 ] ] ] } },
{ "type": "Feature", "properties": { "HYRIV_ID": 40527773, "NEXT_DOWN": 40527772, "MAIN_RIV": 41023100, "LENGTH_KM": 5.45, "DIST_DN_KM": 2618.4, "DIST_UP_KM": 181.6, "CATCH_SKM": 15.2, "UPLAND_SKM": 4418.9, "ENDORHEIC": 0, "DIS_AV_CMS": 12.164, "ORD_STRA": 5, "ORD_CLAS": 3, "ORD_FLOW": 5, "HYBAS_L12": 4120628270 }, "geometry": { "type": "MultiLineString", "coordinates": [ [ [ 77.59791666666635, 34.602083333332793 ], [ 77.589583333333024, 34.593749999999439 ], [ 77.585416666666362, 34.593749999999439 ], [ 77.581249999999699, 34.589583333332776 ], [ 77.560416666666328, 34.589583333332776 ], [ 77.556249999999665, 34.585416666666127 ], [ 77.547916666666339, 34.585416666666127 ] ] ] } },
{ "type": "Feature", "properties": { "HYRIV_ID": 40496729, "NEXT_DOWN": 40497537, "MAIN_RIV": 41023100, "LENGTH_KM": 6.84, "DIST_DN_KM": 2747.0, "DIST_UP_KM": 53.0, "CATCH_SKM": 18.54, "UPLAND_SKM": 879.8, "ENDORHEIC": 0, "DIS_AV_CMS": 1.66, "ORD_STRA": 4, "ORD_CLAS": 3, "ORD_FLOW": 6, "HYBAS_L12": 4120606760 }, "geometry": { "type": "MultiLineString", "coordinates": [ [ [ 77.031249999999687, 35.472916666666102 ], [ 77.03541666666635, 35.468749999999439 ], [ 77.031249999999687, 35.464583333332776 ], [ 77.03541666666635, 35.460416666666127 ], [ 77.03541666666635, 35.456249999999464 ], [ 77.039583333333013, 35.452083333332801 ], [ 77.047916666666339, 35.452083333332801 ], [ 77.060416666666384, 35.439583333332784 ], [ 77.064583333333047, 35.439583333332784 ], [ 77.064583333333047, 35.435416666666093 ], [ 77.06874999999971, 35.43124999999943 ] ] ] } },
{ "type": "Feature", "properties": { "HYRIV_ID": 40497537, "NEXT_DOWN": 40499062, "MAIN_RIV": 41023100, "LENGTH_KM": 3.48, "DIST_DN_KM": 2743.6, "DIST_UP_KM": 56.4, "CATCH_SKM": 4.9, "UPLAND_SKM": 902.8, "ENDORHEIC": 0, "DIS_AV_CMS": 1.742, "ORD_STRA": 4, "ORD_CLAS": 3, "ORD_FLOW": 6, "HYBAS_L12": 4120606760 }, "geometry": { "type": "MultiLineString", "coordinates": [ [ [ 77.06874999999971, 35.43124999999943 ], [ 77.072916666666373, 35.43124999999943 ], [ 77.077083333333036, 35.427083333332767 ], [ 77.081249999999699, 35.427083333332767 ], [ 77.085416666666418, 35.422916666666104 ], [ 77.085416666666418, 35.414583333332793 ], [ 77.089583333333081, 35.410416666666087 ] ] ] } },
{ "type": "Feature", "properties": { "HYRIV_ID": 40499062, "NEXT_DOWN": 40500485, "MAIN_RIV": 41023100, "LENGTH_KM": 7.11, "DIST_DN_KM": 2736.5, "DIST_UP_KM": 63.5, "CATCH_SKM": 17.5, "UPLAND_SKM": 941.8, "ENDORHEIC": 0, "DIS_AV_CMS": 1.892, "ORD_STRA": 4, "ORD_CLAS": 3, "ORD_FLOW": 6, "HYBAS_L12": 4120606760 }, "geometry": { "type": "MultiLineString", "coordinates": [ [ [ 77.089583333333081, 35.410416666666087 ], [ 77.093749999999744, 35.410416666666087 ], [ 77.114583333333115, 35.389583333332801 ], [ 77.118749999999665, 35.389583333332801 ], [ 77.135416666666316, 35.372916666666121 ], [ 77.13958333333315, 35.372916666666121 ], [ 77.143749999999642, 35.36874999999943 ] ] ] } },
{ "type": "Feature", "properties": { "HYRIV_ID": 40502653, "NEXT_DOWN": 40502814, "MAIN_RIV": 41023100, "LENGTH_KM": 0.38, "DIST_DN_KM": 2507.8, "DIST_UP_KM": 59.3, "CATCH_SKM": 0.53, "UPLAND_SKM": 930.6, "ENDORHEIC": 0, "DIS_AV_CMS": 2.458, "ORD_STRA": 4, "ORD_CLAS": 3, "ORD_FLOW": 6, "HYBAS_L12": 4120606410 }, "geometry": { "type": "MultiLineString", "coordinates": [ [ [ 76.689583333333047, 35.277083333332776 ], [ 76.685416666666384, 35.277083333332776 ] ] ] } },
{ "type": "Feature", "properties": { "HYRIV_ID": 40502814, "NEXT_DOWN": 40503437, "MAIN_RIV": 41023100, "LENGTH_KM": 0.6, "DIST_DN_KM": 2507.4, "DIST_UP_KM": 59.7, "CATCH_SKM": 0.35, "UPLAND_SKM": 944.4, "ENDORHEIC": 0, "DIS_AV_CMS": 2.503, "ORD_STRA": 4, "ORD_CLAS": 3, "ORD_FLOW": 6, "HYBAS_L12": 4120606410 }, "geometry": { "type": "MultiLineString", "coordinates": [ [ [ 76.685416666666384, 35.277083333332776 ], [ 76.681249999999721, 35.272916666666113 ] ] ] } },
{ "type": "Feature", "properties": { "HYRIV_ID": 40503437, "NEXT_DOWN": 40504060, "MAIN_RIV": 41023100, "LENGTH_KM": 5.04, "DIST_DN_KM": 2502.2, "DIST_UP_KM": 64.9, "CATCH_SKM": 29.8, "UPLAND_SKM": 991.9, "ENDORHEIC": 0, "DIS_AV_CMS": 2.663, "ORD_STRA": 4, "ORD_CLAS": 3, "ORD_FLOW": 6, "HYBAS_L12": 4120606410 }, "geometry": { "type": "MultiLineString", "coordinates": [ [ [ 76.681249999999721, 35.272916666666113 ], [ 76.677083333333059, 35.26874999999945 ], [ 76.672916666666396, 35.26874999999945 ], [ 76.668749999999733, 35.264583333332801 ], [ 76.652083333333024, 35.264583333332801 ], [ 76.647916666666362, 35.260416666666138 ], [ 76.643749999999699, 35.260416666666138 ], [ 76.639583333333036, 35.256249999999476 ], [ 76.635416666666316, 35.256249999999476 ] ] ] } },
{ "type": "Feature", "properties": { "HYRIV_ID": 40504060, "NEXT_DOWN": 40505590, "MAIN_RIV": 41023100, "LENGTH_KM": 2.64, "DIST_DN_KM": 2499.8, "DIST_UP_KM": 67.3, "CATCH_SKM": 8.59, "UPLAND_SKM": 1131.7, "ENDORHEIC": 0, "DIS_AV_CMS": 3.123, "ORD_STRA": 4, "ORD_CLAS": 3, "ORD_FLOW": 6, "HYBAS_L12": 4120608320 }, "geometry": { "type": "MultiLineString", "coordinates": [ [ [ 76.635416666666316, 35.256249999999476 ], [ 76.635416666666316, 35.252083333332784 ], [ 76.62708333333299, 35.243749999999459 ], [ 76.622916666666384, 35.243749999999459 ], [ 76.618749999999835, 35.239583333332767 ] ] ] } },
{ "type": "Feature", "properties": { "HYRIV_ID": 40531287, "NEXT_DOWN": 40529821, "MAIN_RIV": 41023100, "LENGTH_KM": 7.34, "DIST_DN_KM": 2515.6, "DIST_UP_KM": 63.1, "CATCH_SKM": 38.57, "UPLAND_SKM": 878.2, "ENDORHEIC": 0, "DIS_AV_CMS": 9.222, "ORD_STRA": 4, "ORD_CLAS": 3, "ORD_FLOW": 6, "HYBAS_L12": 4120628960 }, "geometry": { "type": "MultiLineString", "coordinates": [ [ [ 76.235416666666339, 34.47291666666613 ], [ 76.231249999999733, 34.477083333332793 ], [ 76.227083333333013, 34.477083333332793 ], [ 76.22291666666635, 34.481249999999456 ], [ 76.218749999999687, 34.481249999999456 ], [ 76.210416666666362, 34.489583333332767 ], [ 76.210416666666362, 34.493749999999473 ], [ 76.20208333333315, 34.502083333332784 ], [ 76.20208333333315, 34.506249999999447 ], [ 76.197916666666487, 34.510416666666096 ], [ 76.193749999999767, 34.510416666666096 ], [ 76.189583333333104, 34.514583333332801 ], [ 76.189583333333104, 34.518749999999464 ] ] ] } },
{ "type": "Feature", "properties": { "HYRIV_ID": 40531539, "NEXT_DOWN": 40531287, "MAIN_RIV": 41023100, "LENGTH_KM": 2.56, "DIST_DN_KM": 2523.1, "DIST_UP_KM": 55.6, "CATCH_SKM": 7.61, "UPLAND_SKM": 810.1, "ENDORHEIC": 0, "DIS_AV_CMS": 8.49, "ORD_STRA": 4, "ORD_CLAS": 3, "ORD_FLOW": 6, "HYBAS_L12": 4121383360 }, "geometry": { "type": "MultiLineString", "coordinates": [ [ [ 76.25624999999971, 34.468749999999481 ], [ 76.252083333333047, 34.464583333332776 ], [ 76.247916666666384, 34.464583333332776 ], [ 76.243749999999665, 34.468749999999481 ], [ 76.239583333333059, 34.468749999999481 ], [ 76.235416666666339, 34.47291666666613 ] ] ] } },
{ "type": "Feature", "properties": { "HYRIV_ID": 40532576, "NEXT_DOWN": 40531539, "MAIN_RIV": 41023100, "LENGTH_KM": 5.38, "DIST_DN_KM": 2525.5, "DIST_UP_KM": 53.3, "CATCH_SKM": 26.37, "UPLAND_SKM": 703.9, "ENDORHEIC": 0, "DIS_AV_CMS": 7.523, "ORD_STRA": 4, "ORD_CLAS": 3, "ORD_FLOW": 6, "HYBAS_L12": 4121383360 }, "geometry": { "type": "MultiLineString", "coordinates": [ [ [ 76.285416666666407, 34.431249999999459 ], [ 76.285416666666407, 34.439583333332784 ], [ 76.264583333333036, 34.460416666666113 ], [ 76.264583333333036, 34.464583333332776 ], [ 76.260416666666373, 34.468749999999481 ], [ 76.25624999999971, 34.468749999999481 ] ] ] } },
{ "type": "Feature", "properties": { "HYRIV_ID": 40533623, "NEXT_DOWN": 40532576, "MAIN_RIV": 41023100, "LENGTH_KM": 4.91, "DIST_DN_KM": 2531.0, "DIST_UP_KM": 47.7, "CATCH_SKM": 20.19, "UPLAND_SKM": 666.0, "ENDORHEIC": 0, "DIS_AV_CMS": 7.155, "ORD_STRA": 4, "ORD_CLAS": 3, "ORD_FLOW": 6, "HYBAS_L12": 4121383360 }, "geometry": { "type": "MultiLineString", "coordinates": [ [ [ 76.306249999999778, 34.397916666666113 ], [ 76.302083333333115, 34.402083333332818 ], [ 76.297916666666396, 34.402083333332818 ], [ 76.293749999999733, 34.406249999999467 ], [ 76.293749999999733, 34.41041666666613 ], [ 76.285416666666407, 34.418749999999442 ], [ 76.285416666666407, 34.422916666666104 ], [ 76.281249999999744, 34.427083333332767 ], [ 76.285416666666407, 34.431249999999459 ] ] ] } },
{ "type": "Feature", "properties": { "HYRIV_ID": 40541885, "NEXT_DOWN": 40541227, "MAIN_RIV": 41023100, "LENGTH_KM": 3.01, "DIST_DN_KM": 2632.1, "DIST_UP_KM": 329.2, "CATCH_SKM": 7.99, "UPLAND_SKM": 14874.0, "ENDORHEIC": 0, "DIS_AV_CMS": 330.817, "ORD_STRA": 5, "ORD_CLAS": 2, "ORD_FLOW": 4, "HYBAS_L12": 4120640110 }, "geometry": { "type": "MultiLineString", "coordinates": [ [ [ 77.310416666666328, 34.147916666666141 ], [ 77.331249999999699, 34.168749999999484 ] ] ] } },
{ "type": "Feature", "properties": { "HYRIV_ID": 40542610, "NEXT_DOWN": 40541885, "MAIN_RIV": 41023100, "LENGTH_KM": 4.79, "DIST_DN_KM": 2634.9, "DIST_UP_KM": 326.4, "CATCH_SKM": 18.3, "UPLAND_SKM": 14852.3, "ENDORHEIC": 0, "DIS_AV_CMS": 330.138, "ORD_STRA": 5, "ORD_CLAS": 2, "ORD_FLOW": 4, "HYBAS_L12": 4120640110 }, "geometry": { "type": "MultiLineString", "coordinates": [ [ [ 77.272916666666362, 34.127083333332813 ], [ 77.272916666666362, 34.131249999999461 ], [ 77.28541666666635, 34.14374999999945 ], [ 77.302083333333002, 34.14374999999945 ], [ 77.306249999999665, 34.147916666666141 ], [ 77.310416666666328, 34.147916666666141 ] ] ] } },
{ "type": "Feature", "properties": { "HYRIV_ID": 40543296, "NEXT_DOWN": 40542610, "MAIN_RIV": 41023100, "LENGTH_KM": 7.14, "DIST_DN_KM": 2639.7, "DIST_UP_KM": 321.6, "CATCH_SKM": 39.8, "UPLAND_SKM": 14817.3, "ENDORHEIC": 0, "DIS_AV_CMS": 328.84, "ORD_STRA": 5, "ORD_CLAS": 2, "ORD_FLOW": 4, "HYBAS_L12": 4120640110 }, "geometry": { "type": "MultiLineString", "coordinates": [ [ [ 77.214583333333081, 34.106249999999427 ], [ 77.218749999999744, 34.110416666666133 ], [ 77.218749999999744, 34.114583333332796 ], [ 77.222916666666407, 34.118749999999444 ], [ 77.231249999999733, 34.118749999999444 ], [ 77.243749999999778, 34.131249999999461 ], [ 77.247916666666441, 34.127083333332813 ], [ 77.272916666666362, 34.127083333332813 ] ] ] } },
{ "type": "Feature", "properties": { "HYRIV_ID": 40543782, "NEXT_DOWN": 40543296, "MAIN_RIV": 41023100, "LENGTH_KM": 1.99, "DIST_DN_KM": 2646.9, "DIST_UP_KM": 314.4, "CATCH_SKM": 6.04, "UPLAND_SKM": 14612.1, "ENDORHEIC": 0, "DIS_AV_CMS": 325.613, "ORD_STRA": 5, "ORD_CLAS": 2, "ORD_FLOW": 4, "HYBAS_L12": 4120642140 }, "geometry": { "type": "MultiLineString", "coordinates": [ [ [ 77.210416666666362, 34.089583333332804 ], [ 77.210416666666362, 34.093749999999453 ], [ 77.214583333333081, 34.097916666666116 ], [ 77.214583333333081, 34.106249999999427 ] ] ] } },
{ "type": "Feature", "properties": { "HYRIV_ID": 40544153, "NEXT_DOWN": 40543782, "MAIN_RIV": 41023100, "LENGTH_KM": 1.53, "DIST_DN_KM": 2649.0, "DIST_UP_KM": 312.3, "CATCH_SKM": 1.78, "UPLAND_SKM": 14595.5, "ENDORHEIC": 0, "DIS_AV_CMS": 325.067, "ORD_STRA": 5, "ORD_CLAS": 2, "ORD_FLOW": 4, "HYBAS_L12": 4120642140 }, "geometry": { "type": "MultiLineString", "coordinates": [ [ [ 77.214583333333081, 34.077083333332787 ], [ 77.214583333333081, 34.085416666666141 ], [ 77.210416666666362, 34.089583333332804 ] ] ] } },
{ "type": "Feature", "properties": { "HYRIV_ID": 40544978, "NEXT_DOWN": 40544153, "MAIN_RIV": 41023100, "LENGTH_KM": 3.06, "DIST_DN_KM": 2650.4, "DIST_UP_KM": 310.9, "CATCH_SKM": 7.82, "UPLAND_SKM": 14561.9, "ENDORHEIC": 0, "DIS_AV_CMS": 324.471, "ORD_STRA": 5, "ORD_CLAS": 2, "ORD_FLOW": 4, "HYBAS_L12": 4120642140 }, "geometry": { "type": "MultiLineString", "coordinates": [ [ [ 77.214583333333081, 34.052083333332796 ], [ 77.214583333333081, 34.056249999999444 ], [ 77.210416666666362, 34.060416666666107 ], [ 77.210416666666362, 34.068749999999461 ], [ 77.214583333333081, 34.072916666666124 ], [ 77.214583333333081, 34.077083333332787 ] ] ] } },
{ "type": "Feature", "properties": { "HYRIV_ID": 40545505, "NEXT_DOWN": 40544978, "MAIN_RIV": 41023100, "LENGTH_KM": 2.51, "DIST_DN_KM": 2653.5, "DIST_UP_KM": 307.8, "CATCH_SKM": 7.29, "UPLAND_SKM": 14537.4, "ENDORHEIC": 0, "DIS_AV_CMS": 323.643, "ORD_STRA": 5, "ORD_CLAS": 2, "ORD_FLOW": 4, "HYBAS_L12": 4120642140 }, "geometry": { "type": "MultiLineString", "coordinates": [ [ [ 77.202083333333036, 34.035416666666116 ], [ 77.206249999999699, 34.035416666666116 ], [ 77.210416666666362, 34.039583333332779 ], [ 77.210416666666362, 34.04374999999947 ], [ 77.214583333333081, 34.047916666666133 ], [ 77.214583333333081, 34.052083333332796 ] ] ] } },
{ "type": "Feature", "properties": { "HYRIV_ID": 40546422, "NEXT_DOWN": 40545505, "MAIN_RIV": 41023100, "LENGTH_KM": 4.18, "DIST_DN_KM": 2656.0, "DIST_UP_KM": 305.3, "CATCH_SKM": 18.86, "UPLAND_SKM": 14512.9, "ENDORHEIC": 0, "DIS_AV_CMS": 322.916, "ORD_STRA": 5, "ORD_CLAS": 2, "ORD_FLOW": 4, "HYBAS_L12": 4120642140 }, "geometry": { "type": "MultiLineString", "coordinates": [ [ [ 77.206249999999699, 34.006249999999461 ], [ 77.206249999999699, 34.014583333332773 ], [ 77.197916666666373, 34.022916666666141 ], [ 77.197916666666373, 34.02708333333279 ], [ 77.19374999999971, 34.031249999999453 ], [ 77.197916666666373, 34.035416666666116 ], [ 77.202083333333036, 34.035416666666116 ] ] ] } },
{ "type": "Feature", "properties": { "HYRIV_ID": 40547451, "NEXT_DOWN": 40546422, "MAIN_RIV": 41023100, "LENGTH_KM": 3.98, "DIST_DN_KM": 2660.2, "DIST_UP_KM": 301.1, "CATCH_SKM": 8.54, "UPLAND_SKM": 13717.2, "ENDORHEIC": 0, "DIS_AV_CMS": 313.064, "ORD_STRA": 5, "ORD_CLAS": 2, "ORD_FLOW": 4, "HYBAS_L12": 4120645390 }, "geometry": { "type": "MultiLineString", "coordinates": [ [ [ 77.197916666666373, 33.972916666666158 ], [ 77.197916666666373, 33.989583333332781 ], [ 77.206249999999699, 33.99791666666615 ], [ 77.206249999999699, 34.006249999999461 ] ] ] } },
{ "type": "Feature", "properties": { "HYRIV_ID": 40547805, "NEXT_DOWN": 40547451, "MAIN_RIV": 41023100, "LENGTH_KM": 1.81, "DIST_DN_KM": 2664.4, "DIST_UP_KM": 297.0, "CATCH_SKM": 4.45, "UPLAND_SKM": 13674.7, "ENDORHEIC": 0, "DIS_AV_CMS": 312.554, "ORD_STRA": 5, "ORD_CLAS": 2, "ORD_FLOW": 4, "HYBAS_L12": 4120645390 }, "geometry": { "type": "MultiLineString", "coordinates": [ [ [ 77.210416666666362, 33.960416666666141 ], [ 77.197916666666373, 33.972916666666158 ] ] ] } },
{ "type": "Feature", "properties": { "HYRIV_ID": 40547962, "NEXT_DOWN": 40547805, "MAIN_RIV": 41023100, "LENGTH_KM": 2.52, "DIST_DN_KM": 2666.2, "DIST_UP_KM": 295.1, "CATCH_SKM": 4.09, "UPLAND_SKM": 12120.1, "ENDORHEIC": 0, "DIS_AV_CMS": 289.116, "ORD_STRA": 5, "ORD_CLAS": 2, "ORD_FLOW": 4, "HYBAS_L12": 4120646720 }, "geometry": { "type": "MultiLineString", "coordinates": [ [ [ 77.185416666666328, 33.956249999999478 ], [ 77.206249999999699, 33.956249999999478 ], [ 77.210416666666362, 33.960416666666141 ] ] ] } },
{ "type": "Feature", "properties": { "HYRIV_ID": 40548775, "NEXT_DOWN": 40547962, "MAIN_RIV": 41023100, "LENGTH_KM": 4.63, "DIST_DN_KM": 2668.7, "DIST_UP_KM": 292.6, "CATCH_SKM": 12.82, "UPLAND_SKM": 12051.2, "ENDORHEIC": 0, "DIS_AV_CMS": 288.419, "ORD_STRA": 5, "ORD_CLAS": 2, "ORD_FLOW": 4, "HYBAS_L12": 4120646720 }, "geometry": { "type": "MultiLineString", "coordinates": [ [ [ 77.152083333333024, 33.931249999999487 ], [ 77.16041666666635, 33.939583333332799 ], [ 77.16041666666635, 33.943749999999461 ], [ 77.168749999999676, 33.952083333332816 ], [ 77.181249999999665, 33.952083333332816 ], [ 77.185416666666328, 33.956249999999478 ] ] ] } },
{ "type": "Feature", "properties": { "HYRIV_ID": 40549833, "NEXT_DOWN": 40547805, "MAIN_RIV": 41023100, "LENGTH_KM": 8.83, "DIST_DN_KM": 2666.0, "DIST_UP_KM": 91.0, "CATCH_SKM": 51.29, "UPLAND_SKM": 1550.1, "ENDORHEIC": 0, "DIS_AV_CMS": 23.393, "ORD_STRA": 4, "ORD_CLAS": 3, "ORD_FLOW": 5, "HYBAS_L12": 4120646730 }, "geometry": { "type": "MultiLineString", "coordinates": [ [ [ 77.243749999999778, 33.897916666666127 ], [ 77.243749999999778, 33.90208333333279 ], [ 77.235416666666396, 33.910416666666102 ], [ 77.235416666666396, 33.927083333332781 ], [ 77.239583333333115, 33.931249999999487 ], [ 77.239583333333115, 33.935416666666136 ], [ 77.235416666666396, 33.939583333332799 ], [ 77.231249999999733, 33.939583333332799 ], [ 77.22708333333307, 33.943749999999461 ], [ 77.222916666666407, 33.943749999999461 ], [ 77.210416666666362, 33.956249999999478 ], [ 77.210416666666362, 33.960416666666141 ] ] ] } },
{ "type": "Feature", "properties": { "HYRIV_ID": 40527235, "NEXT_DOWN": 40527495, "MAIN_RIV": 41023100, "LENGTH_KM": 0.76, "DIST_DN_KM": 2509.7, "DIST_UP_KM": 145.9, "CATCH_SKM": 1.77, "UPLAND_SKM": 5715.6, "ENDORHEIC": 0, "DIS_AV_CMS": 118.204, "ORD_STRA": 5, "ORD_CLAS": 3, "ORD_FLOW": 4, "HYBAS_L12": 4120628020 }, "geometry": { "type": "MultiLineString", "coordinates": [ [ [ 76.047916666666339, 34.602083333332793 ], [ 76.056249999999665, 34.602083333332793 ] ] ] } },
{ "type": "Feature", "properties": { "HYRIV_ID": 40527494, "NEXT_DOWN": 40527626, "MAIN_RIV": 41023100, "LENGTH_KM": 4.39, "DIST_DN_KM": 2518.3, "DIST_UP_KM": 137.2, "CATCH_SKM": 15.37, "UPLAND_SKM": 3910.6, "ENDORHEIC": 0, "DIS_AV_CMS": 78.625, "ORD_STRA": 5, "ORD_CLAS": 3, "ORD_FLOW": 5, "HYBAS_L12": 4120628140 }, "geometry": { "type": "MultiLineString", "coordinates": [ [ [ 75.952083333333036, 34.627083333332784 ], [ 75.964583333333024, 34.614583333332767 ], [ 75.964583333333024, 34.606249999999456 ], [ 75.968749999999687, 34.602083333332793 ], [ 75.968749999999687, 34.597916666666144 ], [ 75.97291666666635, 34.593749999999439 ] ] ] } },
{ "type": "Feature", "properties": { "HYRIV_ID": 40527495, "NEXT_DOWN": 40527363, "MAIN_RIV": 41023100, "LENGTH_KM": 7.25, "DIST_DN_KM": 2502.6, "DIST_UP_KM": 152.9, "CATCH_SKM": 31.8, "UPLAND_SKM": 5763.5, "ENDORHEIC": 0, "DIS_AV_CMS": 118.575, "ORD_STRA": 5, "ORD_CLAS": 3, "ORD_FLOW": 4, "HYBAS_L12": 4120628020 }, "geometry": { "type": "MultiLineString", "coordinates": [ [ [ 76.056249999999665, 34.602083333332793 ], [ 76.072916666666373, 34.602083333332793 ], [ 76.077083333333036, 34.597916666666144 ], [ 76.085416666666362, 34.606249999999456 ], [ 76.093749999999687, 34.606249999999456 ], [ 76.09791666666635, 34.602083333332793 ], [ 76.102083333333013, 34.602083333332793 ], [ 76.110416666666339, 34.593749999999439 ], [ 76.114583333333059, 34.593749999999439 ], [ 76.118749999999721, 34.597916666666144 ] ] ] } },
{ "type": "Feature", "properties": { "HYRIV_ID": 40527627, "NEXT_DOWN": 40527235, "MAIN_RIV": 41023100, "LENGTH_KM": 4.85, "DIST_DN_KM": 2510.6, "DIST_UP_KM": 144.9, "CATCH_SKM": 23.32, "UPLAND_SKM": 5622.9, "ENDORHEIC": 0, "DIS_AV_CMS": 117.121, "ORD_STRA": 5, "ORD_CLAS": 3, "ORD_FLOW": 4, "HYBAS_L12": 4120628020 }, "geometry": { "type": "MultiLineString", "coordinates": [ [ [ 76.002083333333047, 34.589583333332776 ], [ 76.00624999999971, 34.593749999999439 ], [ 76.010416666666373, 34.593749999999439 ], [ 76.014583333333093, 34.597916666666144 ], [ 76.04374999999979, 34.597916666666144 ], [ 76.047916666666339, 34.602083333332793 ] ] ] } },
{ "type": "Feature", "properties": { "HYRIV_ID": 40528119, "NEXT_DOWN": 40527363, "MAIN_RIV": 41023100, "LENGTH_KM": 3.19, "DIST_DN_KM": 2502.5, "DIST_UP_KM": 167.3, "CATCH_SKM": 9.19, "UPLAND_SKM": 4399.4, "ENDORHEIC": 0, "DIS_AV_CMS": 70.09, "ORD_STRA": 5, "ORD_CLAS": 2, "ORD_FLOW": 5, "HYBAS_L12": 4120628030 }, "geometry": { "type": "MultiLineString", "coordinates": [ [ [ 76.122916666666384, 34.57291666666611 ], [ 76.127083333333047, 34.577083333332759 ], [ 76.127083333333047, 34.585416666666127 ], [ 76.118749999999721, 34.593749999999439 ], [ 76.118749999999721, 34.597916666666144 ] ] ] } },
{ "type": "Feature", "properties": { "HYRIV_ID": 40528510, "NEXT_DOWN": 40528119, "MAIN_RIV": 41023100, "LENGTH_KM": 1.53, "DIST_DN_KM": 2505.9, "DIST_UP_KM": 163.9, "CATCH_SKM": 1.41, "UPLAND_SKM": 4374.1, "ENDORHEIC": 0, "DIS_AV_CMS": 69.844, "ORD_STRA": 5, "ORD_CLAS": 2, "ORD_FLOW": 5, "HYBAS_L12": 4120628030 }, "geometry": { "type": "MultiLineString", "coordinates": [ [ [ 76.127083333333047, 34.560416666666136 ], [ 76.127083333333047, 34.568749999999447 ], [ 76.122916666666384, 34.57291666666611 ] ] ] } },
{ "type": "Feature", "properties": { "HYRIV_ID": 40528907, "NEXT_DOWN": 40528510, "MAIN_RIV": 41023100, "LENGTH_KM": 4.09, "DIST_DN_KM": 2507.2, "DIST_UP_KM": 71.5, "CATCH_SKM": 22.27, "UPLAND_SKM": 1001.2, "ENDORHEIC": 0, "DIS_AV_CMS": 10.41, "ORD_STRA": 4, "ORD_CLAS": 3, "ORD_FLOW": 5, "HYBAS_L12": 4120628960 }, "geometry": { "type": "MultiLineString", "coordinates": [ [ [ 76.16458333333307, 34.547916666666119 ], [ 76.152083333333081, 34.560416666666136 ], [ 76.127083333333047, 34.560416666666136 ] ] ] } },
{ "type": "Feature", "properties": { "HYRIV_ID": 40529432, "NEXT_DOWN": 40528510, "MAIN_RIV": 41023100, "LENGTH_KM": 4.42, "DIST_DN_KM": 2507.2, "DIST_UP_KM": 162.5, "CATCH_SKM": 15.21, "UPLAND_SKM": 3371.4, "ENDORHEIC": 0, "DIS_AV_CMS": 59.443, "ORD_STRA": 4, "ORD_CLAS": 2, "ORD_FLOW": 5, "HYBAS_L12": 4120629130 }, "geometry": { "type": "MultiLineString", "coordinates": [ [ [ 76.139583333333036, 34.531249999999481 ], [ 76.139583333333036, 34.53541666666613 ], [ 76.143749999999699, 34.539583333332793 ], [ 76.143749999999699, 34.547916666666119 ], [ 76.139583333333036, 34.547916666666119 ], [ 76.135416666666373, 34.552083333332767 ], [ 76.13124999999971, 34.552083333332767 ], [ 76.127083333333047, 34.55624999999943 ], [ 76.127083333333047, 34.560416666666136 ] ] ] } },
{ "type": "Feature", "properties": { "HYRIV_ID": 40529963, "NEXT_DOWN": 40529432, "MAIN_RIV": 41023100, "LENGTH_KM": 2.13, "DIST_DN_KM": 2511.8, "DIST_UP_KM": 157.9, "CATCH_SKM": 6.19, "UPLAND_SKM": 3342.1, "ENDORHEIC": 0, "DIS_AV_CMS": 59.169, "ORD_STRA": 4, "ORD_CLAS": 2, "ORD_FLOW": 5, "HYBAS_L12": 4120629130 }, "geometry": { "type": "MultiLineString", "coordinates": [ [ [ 76.13124999999971, 34.514583333332801 ], [ 76.13124999999971, 34.522916666666113 ], [ 76.139583333333036, 34.531249999999481 ] ] ] } },
{ "type": "Feature", "properties": { "HYRIV_ID": 40515842, "NEXT_DOWN": 40515991, "MAIN_RIV": 41023100, "LENGTH_KM": 4.08, "DIST_DN_KM": 2601.0, "DIST_UP_KM": 32.1, "CATCH_SKM": 11.09, "UPLAND_SKM": 375.3, "ENDORHEIC": 0, "DIS_AV_CMS": 8.506, "ORD_STRA": 4, "ORD_CLAS": 4, "ORD_FLOW": 6, "HYBAS_L12": 4120617370 }, "geometry": { "type": "MultiLineString", "coordinates": [ [ [ 75.377083333333104, 34.935416666666107 ], [ 75.381249999999767, 34.931249999999444 ], [ 75.393749999999812, 34.931249999999444 ], [ 75.397916666666362, 34.927083333332781 ], [ 75.402083333333138, 34.927083333332781 ], [ 75.406249999999687, 34.931249999999444 ], [ 75.414583333333013, 34.931249999999444 ] ] ] } },
{ "type": "Feature", "properties": { "HYRIV_ID": 40515991, "NEXT_DOWN": 40516708, "MAIN_RIV": 41023100, "LENGTH_KM": 2.72, "DIST_DN_KM": 2598.3, "DIST_UP_KM": 34.8, "CATCH_SKM": 5.98, "UPLAND_SKM": 387.9, "ENDORHEIC": 0, "DIS_AV_CMS": 8.922, "ORD_STRA": 4, "ORD_CLAS": 4, "ORD_FLOW": 6, "HYBAS_L12": 4120617370 }, "geometry": { "type": "MultiLineString", "coordinates": [ [ [ 75.414583333333013, 34.931249999999444 ], [ 75.422916666666339, 34.931249999999444 ], [ 75.427083333333059, 34.927083333332781 ], [ 75.431249999999721, 34.927083333332781 ], [ 75.435416666666384, 34.922916666666133 ], [ 75.439583333333047, 34.922916666666133 ] ] ] } },
{ "type": "Feature", "properties": { "HYRIV_ID": 40516708, "NEXT_DOWN": 40517055, "MAIN_RIV": 41023100, "LENGTH_KM": 2.72, "DIST_DN_KM": 2595.7, "DIST_UP_KM": 59.9, "CATCH_SKM": 6.87, "UPLAND_SKM": 1128.3, "ENDORHEIC": 0, "DIS_AV_CMS": 20.623, "ORD_STRA": 4, "ORD_CLAS": 3, "ORD_FLOW": 5, "HYBAS_L12": 4121378360 }, "geometry": { "type": "MultiLineString", "coordinates": [ [ [ 75.439583333333047, 34.922916666666133 ], [ 75.452083333333036, 34.910416666666116 ], [ 75.452083333333036, 34.90208333333279 ] ] ] } },
{ "type": "Feature", "properties": { "HYRIV_ID": 40516879, "NEXT_DOWN": 40517506, "MAIN_RIV": 41023100, "LENGTH_KM": 0.76, "DIST_DN_KM": 2591.3, "DIST_UP_KM": 64.3, "CATCH_SKM": 1.58, "UPLAND_SKM": 1229.8, "ENDORHEIC": 0, "DIS_AV_CMS": 23.551, "ORD_STRA": 4, "ORD_CLAS": 3, "ORD_FLOW": 5, "HYBAS_L12": 4121378360 }, "geometry": { "type": "MultiLineString", "coordinates": [ [ [ 75.481249999999733, 34.897916666666099 ], [ 75.489583333333059, 34.897916666666099 ] ] ] } },
{ "type": "Feature", "properties": { "HYRIV_ID": 40517055, "NEXT_DOWN": 40517056, "MAIN_RIV": 41023100, "LENGTH_KM": 1.06, "DIST_DN_KM": 2594.7, "DIST_UP_KM": 60.8, "CATCH_SKM": 2.46, "UPLAND_SKM": 1193.3, "ENDORHEIC": 0, "DIS_AV_CMS": 22.267, "ORD_STRA": 4, "ORD_CLAS": 3, "ORD_FLOW": 5, "HYBAS_L12": 4121378360 }, "geometry": { "type": "MultiLineString", "coordinates": [ [ [ 75.452083333333036, 34.90208333333279 ], [ 75.452083333333036, 34.897916666666099 ], [ 75.456249999999699, 34.893749999999436 ] ] ] } },
{ "type": "Feature", "properties": { "HYRIV_ID": 40517056, "NEXT_DOWN": 40516879, "MAIN_RIV": 41023100, "LENGTH_KM": 2.5, "DIST_DN_KM": 2592.3, "DIST_UP_KM": 63.3, "CATCH_SKM": 4.4, "UPLAND_SKM": 1219.4, "ENDORHEIC": 0, "DIS_AV_CMS": 23.218, "ORD_STRA": 4, "ORD_CLAS": 3, "ORD_FLOW": 5, "HYBAS_L12": 4121378360 }, "geometry": { "type": "MultiLineString", "coordinates": [ [ [ 75.456249999999699, 34.893749999999436 ], [ 75.47708333333307, 34.893749999999436 ], [ 75.481249999999733, 34.897916666666099 ] ] ] } },
{ "type": "Feature", "properties": { "HYRIV_ID": 40517506, "NEXT_DOWN": 40518818, "MAIN_RIV": 41023100, "LENGTH_KM": 2.64, "DIST_DN_KM": 2588.7, "DIST_UP_KM": 66.9, "CATCH_SKM": 5.63, "UPLAND_SKM": 1315.3, "ENDORHEIC": 0, "DIS_AV_CMS": 25.341, "ORD_STRA": 4, "ORD_CLAS": 3, "ORD_FLOW": 5, "HYBAS_L12": 4121379020 }, "geometry": { "type": "MultiLineString", "coordinates": [ [ [ 75.489583333333059, 34.897916666666099 ], [ 75.493749999999778, 34.893749999999436 ], [ 75.493749999999778, 34.889583333332773 ], [ 75.502083333333104, 34.881249999999461 ], [ 75.506249999999767, 34.881249999999461 ] ] ] } },
{ "type": "Feature", "properties": { "HYRIV_ID": 40518663, "NEXT_DOWN": 40518664, "MAIN_RIV": 41023100, "LENGTH_KM": 0.76, "DIST_DN_KM": 2580.8, "DIST_UP_KM": 74.8, "CATCH_SKM": 4.05, "UPLAND_SKM": 1477.9, "ENDORHEIC": 0, "DIS_AV_CMS": 28.481, "ORD_STRA": 4, "ORD_CLAS": 3, "ORD_FLOW": 5, "HYBAS_L12": 4121379550 }, "geometry": { "type": "MultiLineString", "coordinates": [ [ [ 75.543749999999847, 34.847916666666116 ], [ 75.552083333333059, 34.847916666666116 ] ] ] } },
{ "type": "Feature", "properties": { "HYRIV_ID": 40518664, "NEXT_DOWN": 40518665, "MAIN_RIV": 41023100, "LENGTH_KM": 4.3, "DIST_DN_KM": 2576.5, "DIST_UP_KM": 79.0, "CATCH_SKM": 12.51, "UPLAND_SKM": 1497.9, "ENDORHEIC": 0, "DIS_AV_CMS": 28.845, "ORD_STRA": 4, "ORD_CLAS": 3, "ORD_FLOW": 5, "HYBAS_L12": 4121379550 }, "geometry": { "type": "MultiLineString", "coordinates": [ [ [ 75.552083333333059, 34.847916666666116 ], [ 75.556249999999721, 34.852083333332764 ], [ 75.560416666666384, 34.852083333332764 ], [ 75.564583333333047, 34.856249999999427 ], [ 75.56874999999971, 34.856249999999427 ], [ 75.572916666666373, 34.852083333332764 ], [ 75.577083333333036, 34.856249999999427 ], [ 75.589583333333024, 34.856249999999427 ] ] ] } },
{ "type": "Feature", "properties": { "HYRIV_ID": 40518665, "NEXT_DOWN": 40520068, "MAIN_RIV": 41023100, "LENGTH_KM": 2.72, "DIST_DN_KM": 2573.8, "DIST_UP_KM": 81.7, "CATCH_SKM": 10.74, "UPLAND_SKM": 1514.5, "ENDORHEIC": 0, "DIS_AV_CMS": 29.129, "ORD_STRA": 4, "ORD_CLAS": 3, "ORD_FLOW": 5, "HYBAS_L12": 4121379550 }, "geometry": { "type": "MultiLineString", "coordinates": [ [ [ 75.589583333333024, 34.856249999999427 ], [ 75.60208333333307, 34.856249999999427 ], [ 75.610416666666396, 34.847916666666116 ], [ 75.614583333333059, 34.847916666666116 ] ] ] } },
{ "type": "Feature", "properties": { "HYRIV_ID": 40518818, "NEXT_DOWN": 40518663, "MAIN_RIV": 41023100, "LENGTH_KM": 7.11, "DIST_DN_KM": 2581.8, "DIST_UP_KM": 73.8, "CATCH_SKM": 19.73, "UPLAND_SKM": 1413.4, "ENDORHEIC": 0, "DIS_AV_CMS": 27.42, "ORD_STRA": 4, "ORD_CLAS": 3, "ORD_FLOW": 5, "HYBAS_L12": 4121379020 }, "geometry": { "type": "MultiLineString", "coordinates": [ [ [ 75.506249999999767, 34.881249999999461 ], [ 75.514583333333093, 34.881249999999461 ], [ 75.522916666666475, 34.872916666666107 ], [ 75.518749999999812, 34.868749999999444 ], [ 75.518749999999812, 34.856249999999427 ], [ 75.527083333333138, 34.847916666666116 ], [ 75.53541666666635, 34.847916666666116 ], [ 75.539583333333013, 34.843749999999453 ], [ 75.543749999999847, 34.847916666666116 ] ] ] } },
{ "type": "Feature", "properties": { "HYRIV_ID": 40520068, "NEXT_DOWN": 40520794, "MAIN_RIV": 41023100, "LENGTH_KM": 4.71, "DIST_DN_KM": 2569.1, "DIST_UP_KM": 86.4, "CATCH_SKM": 23.08, "UPLAND_SKM": 1544.8, "ENDORHEIC": 0, "DIS_AV_CMS": 29.631, "ORD_STRA": 4, "ORD_CLAS": 3, "ORD_FLOW": 5, "HYBAS_L12": 4121379550 }, "geometry": { "type": "MultiLineString", "coordinates": [ [ [ 75.614583333333059, 34.847916666666116 ], [ 75.622916666666441, 34.839583333332747 ], [ 75.622916666666441, 34.835416666666127 ], [ 75.627083333333104, 34.831249999999478 ], [ 75.627083333333104, 34.82291666666611 ], [ 75.622916666666441, 34.818749999999461 ], [ 75.622916666666441, 34.810416666666093 ] ] ] } },
{ "type": "Feature", "properties": { "HYRIV_ID": 40524090, "NEXT_DOWN": 40524525, "MAIN_RIV": 41023100, "LENGTH_KM": 2.18, "DIST_DN_KM": 2577.7, "DIST_UP_KM": 48.4, "CATCH_SKM": 11.12, "UPLAND_SKM": 616.4, "ENDORHEIC": 0, "DIS_AV_CMS": 18.147, "ORD_STRA": 4, "ORD_CLAS": 4, "ORD_FLOW": 5, "HYBAS_L12": 4120625800 }, "geometry": { "type": "MultiLineString", "coordinates": [ [ [ 75.44374999999971, 34.706249999999422 ], [ 75.456249999999699, 34.693749999999447 ], [ 75.460416666666362, 34.693749999999447 ] ] ] } },
{ "type": "Feature", "properties": { "HYRIV_ID": 40524525, "NEXT_DOWN": 40525112, "MAIN_RIV": 41023100, "LENGTH_KM": 1.8, "DIST_DN_KM": 2576.1, "DIST_UP_KM": 50.0, "CATCH_SKM": 4.06, "UPLAND_SKM": 628.8, "ENDORHEIC": 0, "DIS_AV_CMS": 18.595, "ORD_STRA": 4, "ORD_CLAS": 4, "ORD_FLOW": 5, "HYBAS_L12": 4120625800 }, "geometry": { "type": "MultiLineString", "coordinates": [ [ [ 75.460416666666362, 34.693749999999447 ], [ 75.472916666666407, 34.68124999999943 ] ] ] } },
{ "type": "Feature", "properties": { "HYRIV_ID": 40524673, "NEXT_DOWN": 40525779, "MAIN_RIV": 41023100, "LENGTH_KM": 8.23, "DIST_DN_KM": 2539.5, "DIST_UP_KM": 116.0, "CATCH_SKM": 34.59, "UPLAND_SKM": 1941.8, "ENDORHEIC": 0, "DIS_AV_CMS": 35.703, "ORD_STRA": 4, "ORD_CLAS": 3, "ORD_FLOW": 5, "HYBAS_L12": 4120626290 }, "geometry": { "type": "MultiLineString", "coordinates": [ [ [ 75.743749999999721, 34.706249999999422 ], [ 75.743749999999721, 34.69791666666611 ], [ 75.747916666666384, 34.693749999999447 ], [ 75.756249999999767, 34.693749999999447 ], [ 75.76041666666643, 34.69791666666611 ], [ 75.768749999999756, 34.689583333332799 ], [ 75.781249999999801, 34.689583333332799 ], [ 75.785416666666464, 34.693749999999447 ], [ 75.802083333333115, 34.677083333332781 ] ] ] } },
{ "type": "Feature", "properties": { "HYRIV_ID": 40525112, "NEXT_DOWN": 40525246, "MAIN_RIV": 41023100, "LENGTH_KM": 3.16, "DIST_DN_KM": 2572.8, "DIST_UP_KM": 53.3, "CATCH_SKM": 10.95, "UPLAND_SKM": 650.5, "ENDORHEIC": 0, "DIS_AV_CMS": 19.444, "ORD_STRA": 4, "ORD_CLAS": 4, "ORD_FLOW": 5, "HYBAS_L12": 4120625800 }, "geometry": { "type": "MultiLineString", "coordinates": [ [ [ 75.472916666666407, 34.68124999999943 ], [ 75.47708333333307, 34.68124999999943 ], [ 75.493749999999778, 34.664583333332807 ], [ 75.497916666666441, 34.664583333332807 ] ] ] } },
{ "type": "Feature", "properties": { "HYRIV_ID": 40525246, "NEXT_DOWN": 40525247, "MAIN_RIV": 41023100, "LENGTH_KM": 1.36, "DIST_DN_KM": 2571.4, "DIST_UP_KM": 54.7, "CATCH_SKM": 2.83, "UPLAND_SKM": 674.6, "ENDORHEIC": 0, "DIS_AV_CMS": 20.045, "ORD_STRA": 4, "ORD_CLAS": 4, "ORD_FLOW": 5, "HYBAS_L12": 4120625800 }, "geometry": { "type": "MultiLineString", "coordinates": [ [ [ 75.497916666666441, 34.664583333332807 ], [ 75.502083333333104, 34.664583333332807 ], [ 75.506249999999767, 34.660416666666102 ], [ 75.51041666666643, 34.660416666666102 ] ] ] } },
{ "type": "Feature", "properties": { "HYRIV_ID": 40525247, "NEXT_DOWN": 40525534, "MAIN_RIV": 41023100, "LENGTH_KM": 0.98, "DIST_DN_KM": 2570.4, "DIST_UP_KM": 55.7, "CATCH_SKM": 1.24, "UPLAND_SKM": 783.7, "ENDORHEIC": 0, "DIS_AV_CMS": 22.853, "ORD_STRA": 4, "ORD_CLAS": 4, "ORD_FLOW": 5, "HYBAS_L12": 4121381380 }, "geometry": { "type": "MultiLineString", "coordinates": [ [ [ 75.51041666666643, 34.660416666666102 ], [ 75.514583333333093, 34.664583333332807 ], [ 75.518749999999812, 34.664583333332807 ] ] ] } },
{ "type": "Feature", "properties": { "HYRIV_ID": 40525534, "NEXT_DOWN": 40525536, "MAIN_RIV": 41023100, "LENGTH_KM": 3.32, "DIST_DN_KM": 2567.1, "DIST_UP_KM": 59.0, "CATCH_SKM": 8.83, "UPLAND_SKM": 810.8, "ENDORHEIC": 0, "DIS_AV_CMS": 23.444, "ORD_STRA": 4, "ORD_CLAS": 4, "ORD_FLOW": 5, "HYBAS_L12": 4121381380 }, "geometry": { "type": "MultiLineString", "coordinates": [ [ [ 75.518749999999812, 34.664583333332807 ], [ 75.522916666666475, 34.660416666666102 ], [ 75.53541666666635, 34.660416666666102 ], [ 75.543749999999847, 34.65208333333279 ], [ 75.547916666666339, 34.65208333333279 ] ] ] } },
{ "type": "Feature", "properties": { "HYRIV_ID": 40525536, "NEXT_DOWN": 40525776, "MAIN_RIV": 41023100, "LENGTH_KM": 0.76, "DIST_DN_KM": 2566.4, "DIST_UP_KM": 59.7, "CATCH_SKM": 1.24, "UPLAND_SKM": 819.7, "ENDORHEIC": 0, "DIS_AV_CMS": 23.633, "ORD_STRA": 4, "ORD_CLAS": 4, "ORD_FLOW": 5, "HYBAS_L12": 4121381380 }, "geometry": { "type": "MultiLineString", "coordinates": [ [ [ 75.547916666666339, 34.65208333333279 ], [ 75.556249999999721, 34.65208333333279 ] ] ] } },
{ "type": "Feature", "properties": { "HYRIV_ID": 40525538, "NEXT_DOWN": 40525539, "MAIN_RIV": 41023100, "LENGTH_KM": 3.49, "DIST_DN_KM": 2555.9, "DIST_UP_KM": 70.2, "CATCH_SKM": 9.71, "UPLAND_SKM": 1046.9, "ENDORHEIC": 0, "DIS_AV_CMS": 28.533, "ORD_STRA": 4, "ORD_CLAS": 4, "ORD_FLOW": 5, "HYBAS_L12": 4120625810 }, "geometry": { "type": "MultiLineString", "coordinates": [ [ [ 75.622916666666441, 34.65208333333279 ], [ 75.627083333333104, 34.656249999999439 ], [ 75.63541666666643, 34.656249999999439 ], [ 75.639583333333093, 34.660416666666102 ], [ 75.656249999999687, 34.660416666666102 ] ] ] } },
{ "type": "Feature", "properties": { "HYRIV_ID": 40525539, "NEXT_DOWN": 40525541, "MAIN_RIV": 41023100, "LENGTH_KM": 3.49, "DIST_DN_KM": 2552.7, "DIST_UP_KM": 73.4, "CATCH_SKM": 14.12, "UPLAND_SKM": 1200.8, "ENDORHEIC": 0, "DIS_AV_CMS": 31.504, "ORD_STRA": 4, "ORD_CLAS": 4, "ORD_FLOW": 5, "HYBAS_L12": 4121381690 }, "geometry": { "type": "MultiLineString", "coordinates": [ [ [ 75.656249999999687, 34.660416666666102 ], [ 75.672916666666339, 34.660416666666102 ], [ 75.677083333333172, 34.656249999999439 ], [ 75.685416666666384, 34.656249999999439 ], [ 75.689583333333047, 34.65208333333279 ] ] ] } },
{ "type": "Feature", "properties": { "HYRIV_ID": 40525541, "NEXT_DOWN": 40526371, "MAIN_RIV": 41023100, "LENGTH_KM": 2.34, "DIST_DN_KM": 2550.1, "DIST_UP_KM": 76.0, "CATCH_SKM": 4.59, "UPLAND_SKM": 1223.4, "ENDORHEIC": 0, "DIS_AV_CMS": 31.923, "ORD_STRA": 4, "ORD_CLAS": 4, "ORD_FLOW": 5, "HYBAS_L12": 4121381690 }, "geometry": { "type": "MultiLineString", "coordinates": [ [ [ 75.689583333333047, 34.65208333333279 ], [ 75.697916666666373, 34.65208333333279 ], [ 75.706249999999699, 34.660416666666102 ], [ 75.710416666666362, 34.660416666666102 ] ] ] } },
{ "type": "Feature", "properties": { "HYRIV_ID": 40525678, "NEXT_DOWN": 40525538, "MAIN_RIV": 41023100, "LENGTH_KM": 0.6, "DIST_DN_KM": 2559.6, "DIST_UP_KM": 66.5, "CATCH_SKM": 0.88, "UPLAND_SKM": 1028.6, "ENDORHEIC": 0, "DIS_AV_CMS": 28.169, "ORD_STRA": 4, "ORD_CLAS": 4, "ORD_FLOW": 5, "HYBAS_L12": 4120625810 }, "geometry": { "type": "MultiLineString", "coordinates": [ [ [ 75.618749999999721, 34.647916666666084 ], [ 75.622916666666441, 34.65208333333279 ] ] ] } },
{ "type": "Feature", "properties": { "HYRIV_ID": 40525776, "NEXT_DOWN": 40525777, "MAIN_RIV": 41023100, "LENGTH_KM": 4.25, "DIST_DN_KM": 2562.1, "DIST_UP_KM": 64.0, "CATCH_SKM": 21.01, "UPLAND_SKM": 935.4, "ENDORHEIC": 0, "DIS_AV_CMS": 26.229, "ORD_STRA": 4, "ORD_CLAS": 4, "ORD_FLOW": 5, "HYBAS_L12": 4120625810 }, "geometry": { "type": "MultiLineString", "coordinates": [ [ [ 75.556249999999721, 34.65208333333279 ], [ 75.564583333333047, 34.65208333333279 ], [ 75.56874999999971, 34.647916666666084 ], [ 75.577083333333036, 34.647916666666084 ], [ 75.581249999999699, 34.643749999999464 ], [ 75.597916666666407, 34.643749999999464 ] ] ] } },
{ "type": "Feature", "properties": { "HYRIV_ID": 40525777, "NEXT_DOWN": 40525678, "MAIN_RIV": 41023100, "LENGTH_KM": 2.13, "DIST_DN_KM": 2560.0, "DIST_UP_KM": 66.1, "CATCH_SKM": 4.59, "UPLAND_SKM": 949.7, "ENDORHEIC": 0, "DIS_AV_CMS": 26.529, "ORD_STRA": 4, "ORD_CLAS": 4, "ORD_FLOW": 5, "HYBAS_L12": 4120625810 }, "geometry": { "type": "MultiLineString", "coordinates": [ [ [ 75.597916666666407, 34.643749999999464 ], [ 75.610416666666396, 34.643749999999464 ], [ 75.614583333333059, 34.647916666666084 ], [ 75.618749999999721, 34.647916666666084 ] ] ] } },
{ "type": "Feature", "properties": { "HYRIV_ID": 40525779, "NEXT_DOWN": 40526233, "MAIN_RIV": 41023100, "LENGTH_KM": 6.81, "DIST_DN_KM": 2532.5, "DIST_UP_KM": 123.0, "CATCH_SKM": 29.49, "UPLAND_SKM": 1981.7, "ENDORHEIC": 0, "DIS_AV_CMS": 36.329, "ORD_STRA": 4, "ORD_CLAS": 3, "ORD_FLOW": 5, "HYBAS_L12": 4120626290 }, "geometry": { "type": "MultiLineString", "coordinates": [ [ [ 75.802083333333115, 34.677083333332781 ], [ 75.810416666666498, 34.668749999999456 ], [ 75.810416666666498, 34.660416666666102 ], [ 75.822916666666373, 34.647916666666084 ], [ 75.827083333333036, 34.647916666666084 ], [ 75.831249999999699, 34.643749999999464 ], [ 75.852083333333013, 34.643749999999464 ] ] ] } },
{ "type": "Feature", "properties": { "HYRIV_ID": 40526233, "NEXT_DOWN": 40526373, "MAIN_RIV": 41023100, "LENGTH_KM": 4.85, "DIST_DN_KM": 2527.9, "DIST_UP_KM": 127.7, "CATCH_SKM": 20.13, "UPLAND_SKM": 3483.7, "ENDORHEIC": 0, "DIS_AV_CMS": 73.196, "ORD_STRA": 5, "ORD_CLAS": 3, "ORD_FLOW": 5, "HYBAS_L12": 4120626600 }, "geometry": { "type": "MultiLineString", "coordinates": [ [ [ 75.852083333333013, 34.643749999999464 ], [ 75.88124999999971, 34.643749999999464 ], [ 75.889583333333093, 34.63541666666611 ], [ 75.893749999999756, 34.63541666666611 ], [ 75.897916666666418, 34.631249999999447 ] ] ] } },
{ "type": "Feature", "properties": { "HYRIV_ID": 40526371, "NEXT_DOWN": 40526372, "MAIN_RIV": 41023100, "LENGTH_KM": 7.09, "DIST_DN_KM": 2543.3, "DIST_UP_KM": 82.8, "CATCH_SKM": 27.72, "UPLAND_SKM": 1289.4, "ENDORHEIC": 0, "DIS_AV_CMS": 33.147, "ORD_STRA": 4, "ORD_CLAS": 4, "ORD_FLOW": 5, "HYBAS_L12": 4121381690 }, "geometry": { "type": "MultiLineString", "coordinates": [ [ [ 75.710416666666362, 34.660416666666102 ], [ 75.718749999999687, 34.660416666666102 ], [ 75.743749999999721, 34.63541666666611 ], [ 75.747916666666384, 34.63541666666611 ], [ 75.752083333333047, 34.631249999999447 ], [ 75.764583333333093, 34.631249999999447 ], [ 75.768749999999756, 34.627083333332784 ] ] ] } },
{ "type": "Feature", "properties": { "HYRIV_ID": 40526372, "NEXT_DOWN": 40526522, "MAIN_RIV": 41023100, "LENGTH_KM": 1.14, "DIST_DN_KM": 2541.9, "DIST_UP_KM": 84.2, "CATCH_SKM": 4.42, "UPLAND_SKM": 1314.3, "ENDORHEIC": 0, "DIS_AV_CMS": 33.602, "ORD_STRA": 4, "ORD_CLAS": 4, "ORD_FLOW": 5, "HYBAS_L12": 4121381690 }, "geometry": { "type": "MultiLineString", "coordinates": [ [ [ 75.768749999999756, 34.627083333332784 ], [ 75.781249999999801, 34.627083333332784 ] ] ] } },
{ "type": "Feature", "properties": { "HYRIV_ID": 40526373, "NEXT_DOWN": 40527494, "MAIN_RIV": 41023100, "LENGTH_KM": 5.17, "DIST_DN_KM": 2522.5, "DIST_UP_KM": 133.0, "CATCH_SKM": 30.21, "UPLAND_SKM": 3876.5, "ENDORHEIC": 0, "DIS_AV_CMS": 78.172, "ORD_STRA": 5, "ORD_CLAS": 3, "ORD_FLOW": 5, "HYBAS_L12": 4120628140 }, "geometry": { "type": "MultiLineString", "coordinates": [ [ [ 75.897916666666418, 34.631249999999447 ], [ 75.902083333333081, 34.627083333332784 ], [ 75.952083333333036, 34.627083333332784 ] ] ] } },
{ "type": "Feature", "properties": { "HYRIV_ID": 40526522, "NEXT_DOWN": 40526797, "MAIN_RIV": 41023100, "LENGTH_KM": 2.13, "DIST_DN_KM": 2540.0, "DIST_UP_KM": 86.1, "CATCH_SKM": 5.65, "UPLAND_SKM": 1370.2, "ENDORHEIC": 0, "DIS_AV_CMS": 34.649, "ORD_STRA": 4, "ORD_CLAS": 4, "ORD_FLOW": 5, "HYBAS_L12": 4120626460 }, "geometry": { "type": "MultiLineString", "coordinates": [ [ [ 75.781249999999801, 34.627083333332784 ], [ 75.797916666666339, 34.627083333332784 ], [ 75.802083333333115, 34.622916666666136 ] ] ] } },
{ "type": "Feature", "properties": { "HYRIV_ID": 40526523, "NEXT_DOWN": 40526233, "MAIN_RIV": 41023100, "LENGTH_KM": 2.59, "DIST_DN_KM": 2532.6, "DIST_UP_KM": 93.5, "CATCH_SKM": 3.71, "UPLAND_SKM": 1481.9, "ENDORHEIC": 0, "DIS_AV_CMS": 36.563, "ORD_STRA": 4, "ORD_CLAS": 4, "ORD_FLOW": 5, "HYBAS_L12": 4120626460 }, "geometry": { "type": "MultiLineString", "coordinates": [ [ [ 75.843749999999687, 34.622916666666136 ], [ 75.84791666666635, 34.627083333332784 ], [ 75.84791666666635, 34.63541666666611 ], [ 75.852083333333013, 34.639583333332801 ], [ 75.852083333333013, 34.643749999999464 ] ] ] } },
{ "type": "Feature", "properties": { "HYRIV_ID": 40526797, "NEXT_DOWN": 40526798, "MAIN_RIV": 41023100, "LENGTH_KM": 2.73, "DIST_DN_KM": 2537.3, "DIST_UP_KM": 88.8, "CATCH_SKM": 5.3, "UPLAND_SKM": 1430.8, "ENDORHEIC": 0, "DIS_AV_CMS": 35.73, "ORD_STRA": 4, "ORD_CLAS": 4, "ORD_FLOW": 5, "HYBAS_L12": 4120626460 }, "geometry": { "type": "MultiLineString", "coordinates": [ [ [ 75.802083333333115, 34.622916666666136 ], [ 75.806249999999665, 34.61874999999943 ], [ 75.822916666666373, 34.61874999999943 ], [ 75.827083333333036, 34.614583333332767 ] ] ] } },
{ "type": "Feature", "properties": { "HYRIV_ID": 40526798, "NEXT_DOWN": 40526523, "MAIN_RIV": 41023100, "LENGTH_KM": 1.96, "DIST_DN_KM": 2535.2, "DIST_UP_KM": 90.9, "CATCH_SKM": 6.36, "UPLAND_SKM": 1443.9, "ENDORHEIC": 0, "DIS_AV_CMS": 35.947, "ORD_STRA": 4, "ORD_CLAS": 4, "ORD_FLOW": 5, "HYBAS_L12": 4120626460 }, "geometry": { "type": "MultiLineString", "coordinates": [ [ [ 75.827083333333036, 34.614583333332767 ], [ 75.831249999999699, 34.614583333332767 ], [ 75.839583333333024, 34.622916666666136 ], [ 75.843749999999687, 34.622916666666136 ] ] ] } },
{ "type": "Feature", "properties": { "HYRIV_ID": 40527626, "NEXT_DOWN": 40527627, "MAIN_RIV": 41023100, "LENGTH_KM": 2.89, "DIST_DN_KM": 2515.3, "DIST_UP_KM": 140.3, "CATCH_SKM": 8.48, "UPLAND_SKM": 3949.0, "ENDORHEIC": 0, "DIS_AV_CMS": 79.192, "ORD_STRA": 5, "ORD_CLAS": 3, "ORD_FLOW": 5, "HYBAS_L12": 4120628140 }, "geometry": { "type": "MultiLineString", "coordinates": [ [ [ 75.97291666666635, 34.593749999999439 ], [ 75.981249999999676, 34.593749999999439 ], [ 75.985416666666339, 34.589583333332776 ], [ 76.002083333333047, 34.589583333332776 ] ] ] } },
{ "type": "Feature", "properties": { "HYRIV_ID": 40528650, "NEXT_DOWN": 40527627, "MAIN_RIV": 41023100, "LENGTH_KM": 5.15, "DIST_DN_KM": 2515.3, "DIST_UP_KM": 93.1, "CATCH_SKM": 14.85, "UPLAND_SKM": 1650.7, "ENDORHEIC": 0, "DIS_AV_CMS": 37.77, "ORD_STRA": 4, "ORD_CLAS": 4, "ORD_FLOW": 5, "HYBAS_L12": 4120628260 }, "geometry": { "type": "MultiLineString", "coordinates": [ [ [ 75.97291666666635, 34.55624999999943 ], [ 75.977083333333013, 34.560416666666136 ], [ 75.981249999999676, 34.560416666666136 ], [ 75.985416666666339, 34.564583333332784 ], [ 75.985416666666339, 34.568749999999447 ], [ 75.993749999999721, 34.577083333332759 ], [ 75.997916666666384, 34.577083333332759 ], [ 76.002083333333047, 34.581249999999422 ], [ 76.002083333333047, 34.589583333332776 ] ] ] } },
{ "type": "Feature", "properties": { "HYRIV_ID": 40529310, "NEXT_DOWN": 40528650, "MAIN_RIV": 41023100, "LENGTH_KM": 2.86, "DIST_DN_KM": 2520.6, "DIST_UP_KM": 87.8, "CATCH_SKM": 6.19, "UPLAND_SKM": 1616.9, "ENDORHEIC": 0, "DIS_AV_CMS": 37.287, "ORD_STRA": 4, "ORD_CLAS": 4, "ORD_FLOW": 5, "HYBAS_L12": 4120628260 }, "geometry": { "type": "MultiLineString", "coordinates": [ [ [ 75.989583333333059, 34.53541666666613 ], [ 75.985416666666339, 34.539583333332793 ], [ 75.985416666666339, 34.543749999999456 ], [ 75.97291666666635, 34.55624999999943 ] ] ] } },
{ "type": "Feature", "properties": { "HYRIV_ID": 40529692, "NEXT_DOWN": 40529310, "MAIN_RIV": 41023100, "LENGTH_KM": 1.53, "DIST_DN_KM": 2523.3, "DIST_UP_KM": 85.1, "CATCH_SKM": 3.18, "UPLAND_SKM": 1595.5, "ENDORHEIC": 0, "DIS_AV_CMS": 36.991, "ORD_STRA": 4, "ORD_CLAS": 4, "ORD_FLOW": 5, "HYBAS_L12": 4120628260 }, "geometry": { "type": "MultiLineString", "coordinates": [ [ [ 75.985416666666339, 34.522916666666113 ], [ 75.985416666666339, 34.527083333332776 ], [ 75.989583333333059, 34.531249999999481 ], [ 75.989583333333059, 34.53541666666613 ] ] ] } },
{ "type": "Feature", "properties": { "HYRIV_ID": 40530096, "NEXT_DOWN": 40529692, "MAIN_RIV": 41023100, "LENGTH_KM": 2.56, "DIST_DN_KM": 2525.0, "DIST_UP_KM": 83.4, "CATCH_SKM": 4.95, "UPLAND_SKM": 1580.6, "ENDORHEIC": 0, "DIS_AV_CMS": 36.78, "ORD_STRA": 4, "ORD_CLAS": 4, "ORD_FLOW": 5, "HYBAS_L12": 4120628260 }, "geometry": { "type": "MultiLineString", "coordinates": [ [ [ 75.964583333333024, 34.510416666666096 ], [ 75.968749999999687, 34.514583333332801 ], [ 75.97291666666635, 34.514583333332801 ], [ 75.977083333333013, 34.518749999999464 ], [ 75.981249999999676, 34.518749999999464 ], [ 75.985416666666339, 34.522916666666113 ] ] ] } },
{ "type": "Feature", "properties": { "HYRIV_ID": 40530226, "NEXT_DOWN": 40530096, "MAIN_RIV": 41023100, "LENGTH_KM": 0.46, "DIST_DN_KM": 2527.4, "DIST_UP_KM": 81.0, "CATCH_SKM": 0.35, "UPLAND_SKM": 1566.1, "ENDORHEIC": 0, "DIS_AV_CMS": 36.557, "ORD_STRA": 4, "ORD_CLAS": 4, "ORD_FLOW": 5, "HYBAS_L12": 4120628260 }, "geometry": { "type": "MultiLineString", "coordinates": [ [ [ 75.964583333333024, 34.506249999999447 ], [ 75.964583333333024, 34.510416666666096 ] ] ] } },
{ "type": "Feature", "properties": { "HYRIV_ID": 40530740, "NEXT_DOWN": 40529963, "MAIN_RIV": 41023100, "LENGTH_KM": 3.71, "DIST_DN_KM": 2513.9, "DIST_UP_KM": 155.8, "CATCH_SKM": 8.85, "UPLAND_SKM": 3322.8, "ENDORHEIC": 0, "DIS_AV_CMS": 58.969, "ORD_STRA": 4, "ORD_CLAS": 2, "ORD_FLOW": 5, "HYBAS_L12": 4120629130 }, "geometry": { "type": "MultiLineString", "coordinates": [ [ [ 76.110416666666339, 34.489583333332767 ], [ 76.118749999999721, 34.497916666666121 ], [ 76.122916666666384, 34.497916666666121 ], [ 76.127083333333047, 34.502083333332784 ], [ 76.127083333333047, 34.510416666666096 ], [ 76.13124999999971, 34.514583333332801 ] ] ] } },
{ "type": "Feature", "properties": { "HYRIV_ID": 40530889, "NEXT_DOWN": 40530226, "MAIN_RIV": 41023100, "LENGTH_KM": 3.38, "DIST_DN_KM": 2528.0, "DIST_UP_KM": 80.4, "CATCH_SKM": 13.98, "UPLAND_SKM": 1553.2, "ENDORHEIC": 0, "DIS_AV_CMS": 36.365, "ORD_STRA": 4, "ORD_CLAS": 4, "ORD_FLOW": 5, "HYBAS_L12": 4120628260 }, "geometry": { "type": "MultiLineString", "coordinates": [ [ [ 75.939583333333161, 34.485416666666104 ], [ 75.956249999999699, 34.502083333332784 ], [ 75.960416666666362, 34.502083333332784 ], [ 75.964583333333024, 34.506249999999447 ] ] ] } },
{ "type": "Feature", "properties": { "HYRIV_ID": 40531017, "NEXT_DOWN": 40530889, "MAIN_RIV": 41023100, "LENGTH_KM": 0.6, "DIST_DN_KM": 2531.4, "DIST_UP_KM": 77.0, "CATCH_SKM": 0.53, "UPLAND_SKM": 1529.7, "ENDORHEIC": 0, "DIS_AV_CMS": 35.994, "ORD_STRA": 4, "ORD_CLAS": 4, "ORD_FLOW": 5, "HYBAS_L12": 4121383260 }, "geometry": { "type": "MultiLineString", "coordinates": [ [ [ 75.935416666666498, 34.481249999999456 ], [ 75.939583333333161, 34.485416666666104 ] ] ] } },
{ "type": "Feature", "properties": { "HYRIV_ID": 40531148, "NEXT_DOWN": 40531017, "MAIN_RIV": 41023100, "LENGTH_KM": 0.46, "DIST_DN_KM": 2531.9, "DIST_UP_KM": 76.6, "CATCH_SKM": 0.53, "UPLAND_SKM": 1494.8, "ENDORHEIC": 0, "DIS_AV_CMS": 35.41, "ORD_STRA": 4, "ORD_CLAS": 4, "ORD_FLOW": 5, "HYBAS_L12": 4121383260 }, "geometry": { "type": "MultiLineString", "coordinates": [ [ [ 75.935416666666498, 34.477083333332793 ], [ 75.935416666666498, 34.481249999999456 ] ] ] } },
{ "type": "Feature", "properties": { "HYRIV_ID": 40531286, "NEXT_DOWN": 40530740, "MAIN_RIV": 41023100, "LENGTH_KM": 3.55, "DIST_DN_KM": 2517.7, "DIST_UP_KM": 152.1, "CATCH_SKM": 8.14, "UPLAND_SKM": 3263.7, "ENDORHEIC": 0, "DIS_AV_CMS": 58.269, "ORD_STRA": 4, "ORD_CLAS": 2, "ORD_FLOW": 5, "HYBAS_L12": 4120629130 }, "geometry": { "type": "MultiLineString", "coordinates": [ [ [ 76.081249999999699, 34.47291666666613 ], [ 76.085416666666362, 34.47291666666613 ], [ 76.089583333333024, 34.477083333332793 ], [ 76.093749999999687, 34.477083333332793 ], [ 76.102083333333013, 34.485416666666104 ], [ 76.106249999999733, 34.485416666666104 ], [ 76.110416666666339, 34.489583333332767 ] ] ] } },
{ "type": "Feature", "properties": { "HYRIV_ID": 40531889, "NEXT_DOWN": 40531286, "MAIN_RIV": 41023100, "LENGTH_KM": 2.97, "DIST_DN_KM": 2521.0, "DIST_UP_KM": 148.8, "CATCH_SKM": 12.39, "UPLAND_SKM": 3235.0, "ENDORHEIC": 0, "DIS_AV_CMS": 57.921, "ORD_STRA": 4, "ORD_CLAS": 2, "ORD_FLOW": 5, "HYBAS_L12": 4120629130 }, "geometry": { "type": "MultiLineString", "coordinates": [ [ [ 76.068749999999824, 34.452083333332759 ], [ 76.072916666666373, 34.456249999999464 ], [ 76.072916666666373, 34.468749999999481 ], [ 76.077083333333036, 34.47291666666613 ], [ 76.081249999999699, 34.47291666666613 ] ] ] } },
{ "type": "Feature", "properties": { "HYRIV_ID": 40532422, "NEXT_DOWN": 40531889, "MAIN_RIV": 41023100, "LENGTH_KM": 2.27, "DIST_DN_KM": 2524.2, "DIST_UP_KM": 145.6, "CATCH_SKM": 7.43, "UPLAND_SKM": 3207.4, "ENDORHEIC": 0, "DIS_AV_CMS": 57.565, "ORD_STRA": 4, "ORD_CLAS": 2, "ORD_FLOW": 5, "HYBAS_L12": 4120629130 }, "geometry": { "type": "MultiLineString", "coordinates": [ [ [ 76.056249999999665, 34.435416666666121 ], [ 76.060416666666441, 34.439583333332784 ], [ 76.060416666666441, 34.443749999999447 ], [ 76.068749999999824, 34.452083333332759 ] ] ] } },
{ "type": "Feature", "properties": { "HYRIV_ID": 40532573, "NEXT_DOWN": 40532708, "MAIN_RIV": 41023100, "LENGTH_KM": 1.15, "DIST_DN_KM": 2555.3, "DIST_UP_KM": 53.1, "CATCH_SKM": 2.13, "UPLAND_SKM": 1076.5, "ENDORHEIC": 0, "DIS_AV_CMS": 27.012, "ORD_STRA": 4, "ORD_CLAS": 4, "ORD_FLOW": 5, "HYBAS_L12": 4120632780 }, "geometry": { "type": "MultiLineString", "coordinates": [ [ [ 75.739583333333059, 34.431249999999459 ], [ 75.752083333333047, 34.431249999999459 ] ] ] } },
{ "type": "Feature", "properties": { "HYRIV_ID": 40532707, "NEXT_DOWN": 40532573, "MAIN_RIV": 41023100, "LENGTH_KM": 0.6, "DIST_DN_KM": 2556.7, "DIST_UP_KM": 51.8, "CATCH_SKM": 2.48, "UPLAND_SKM": 1002.0, "ENDORHEIC": 0, "DIS_AV_CMS": 25.434, "ORD_STRA": 4, "ORD_CLAS": 4, "ORD_FLOW": 5, "HYBAS_L12": 4120632780 }, "geometry": { "type": "MultiLineString", "coordinates": [ [ [ 75.735416666666396, 34.427083333332767 ], [ 75.739583333333059, 34.431249999999459 ] ] ] } },
{ "type": "Feature", "properties": { "HYRIV_ID": 40532708, "NEXT_DOWN": 40532709, "MAIN_RIV": 41023100, "LENGTH_KM": 0.98, "DIST_DN_KM": 2554.3, "DIST_UP_KM": 54.1, "CATCH_SKM": 4.25, "UPLAND_SKM": 1085.9, "ENDORHEIC": 0, "DIS_AV_CMS": 27.206, "ORD_STRA": 4, "ORD_CLAS": 4, "ORD_FLOW": 5, "HYBAS_L12": 4120632780 }, "geometry": { "type": "MultiLineString", "coordinates": [ [ [ 75.752083333333047, 34.431249999999459 ], [ 75.756249999999767, 34.427083333332767 ], [ 75.76041666666643, 34.427083333332767 ] ] ] } },
{ "type": "Feature", "properties": { "HYRIV_ID": 40532709, "NEXT_DOWN": 40532843, "MAIN_RIV": 41023100, "LENGTH_KM": 0.76, "DIST_DN_KM": 2553.6, "DIST_UP_KM": 54.9, "CATCH_SKM": 2.83, "UPLAND_SKM": 1219.4, "ENDORHEIC": 0, "DIS_AV_CMS": 30.187, "ORD_STRA": 4, "ORD_CLAS": 4, "ORD_FLOW": 5, "HYBAS_L12": 4121384090 }, "geometry": { "type": "MultiLineString", "coordinates": [ [ [ 75.76041666666643, 34.427083333332767 ], [ 75.768749999999756, 34.427083333332767 ] ] ] } },
{ "type": "Feature", "properties": { "HYRIV_ID": 40532843, "NEXT_DOWN": 40532989, "MAIN_RIV": 41023100, "LENGTH_KM": 5.19, "DIST_DN_KM": 2548.4, "DIST_UP_KM": 60.0, "CATCH_SKM": 29.21, "UPLAND_SKM": 1277.2, "ENDORHEIC": 0, "DIS_AV_CMS": 31.343, "ORD_STRA": 4, "ORD_CLAS": 4, "ORD_FLOW": 5, "HYBAS_L12": 4121384090 }, "geometry": { "type": "MultiLineString", "coordinates": [ [ [ 75.768749999999756, 34.427083333332767 ], [ 75.802083333333115, 34.427083333332767 ], [ 75.806249999999665, 34.422916666666104 ], [ 75.822916666666373, 34.422916666666104 ] ] ] } },
{ "type": "Feature", "properties": { "HYRIV_ID": 40532847, "NEXT_DOWN": 40531148, "MAIN_RIV": 41023100, "LENGTH_KM": 8.02, "DIST_DN_KM": 2532.3, "DIST_UP_KM": 76.1, "CATCH_SKM": 41.78, "UPLAND_SKM": 1473.1, "ENDORHEIC": 0, "DIS_AV_CMS": 35.031, "ORD_STRA": 4, "ORD_CLAS": 4, "ORD_FLOW": 5, "HYBAS_L12": 4121383260 }, "geometry": { "type": "MultiLineString", "coordinates": [ [ [ 75.889583333333093, 34.422916666666104 ], [ 75.893749999999756, 34.427083333332767 ], [ 75.897916666666418, 34.427083333332767 ], [ 75.902083333333081, 34.431249999999459 ], [ 75.906249999999744, 34.431249999999459 ], [ 75.914583333333127, 34.439583333332784 ], [ 75.914583333333127, 34.443749999999447 ], [ 75.922916666666339, 34.452083333332759 ], [ 75.922916666666339, 34.456249999999464 ], [ 75.931249999999665, 34.464583333332776 ], [ 75.931249999999665, 34.468749999999481 ], [ 75.935416666666498, 34.47291666666613 ], [ 75.935416666666498, 34.477083333332793 ] ] ] } },
{ "type": "Feature", "properties": { "HYRIV_ID": 40532989, "NEXT_DOWN": 40532990, "MAIN_RIV": 41023100, "LENGTH_KM": 0.98, "DIST_DN_KM": 2547.6, "DIST_UP_KM": 60.8, "CATCH_SKM": 1.77, "UPLAND_SKM": 1326.6, "ENDORHEIC": 0, "DIS_AV_CMS": 32.263, "ORD_STRA": 4, "ORD_CLAS": 4, "ORD_FLOW": 5, "HYBAS_L12": 4121384090 }, "geometry": { "type": "MultiLineString", "coordinates": [ [ [ 75.822916666666373, 34.422916666666104 ], [ 75.827083333333036, 34.422916666666104 ], [ 75.831249999999699, 34.418749999999442 ] ] ] } },
{ "type": "Feature", "properties": { "HYRIV_ID": 40532990, "NEXT_DOWN": 40533143, "MAIN_RIV": 41023100, "LENGTH_KM": 1.36, "DIST_DN_KM": 2546.3, "DIST_UP_KM": 62.2, "CATCH_SKM": 3.72, "UPLAND_SKM": 1385.6, "ENDORHEIC": 0, "DIS_AV_CMS": 33.462, "ORD_STRA": 4, "ORD_CLAS": 4, "ORD_FLOW": 5, "HYBAS_L12": 4121383260 }, "geometry": { "type": "MultiLineString", "coordinates": [ [ [ 75.831249999999699, 34.418749999999442 ], [ 75.839583333333024, 34.418749999999442 ], [ 75.843749999999687, 34.422916666666104 ] ] ] } },
{ "type": "Feature", "properties": { "HYRIV_ID": 40532991, "NEXT_DOWN": 40532847, "MAIN_RIV": 41023100, "LENGTH_KM": 0.46, "DIST_DN_KM": 2540.4, "DIST_UP_KM": 68.1, "CATCH_SKM": 0.53, "UPLAND_SKM": 1425.5, "ENDORHEIC": 0, "DIS_AV_CMS": 34.206, "ORD_STRA": 4, "ORD_CLAS": 4, "ORD_FLOW": 5, "HYBAS_L12": 4121383260 }, "geometry": { "type": "MultiLineString", "coordinates": [ [ [ 75.889583333333093, 34.418749999999442 ], [ 75.889583333333093, 34.422916666666104 ] ] ] } },
{ "type": "Feature", "properties": { "HYRIV_ID": 40532992, "NEXT_DOWN": 40532422, "MAIN_RIV": 41023100, "LENGTH_KM": 2.13, "DIST_DN_KM": 2526.3, "DIST_UP_KM": 143.5, "CATCH_SKM": 3.72, "UPLAND_SKM": 3184.2, "ENDORHEIC": 0, "DIS_AV_CMS": 57.243, "ORD_STRA": 4, "ORD_CLAS": 2, "ORD_FLOW": 5, "HYBAS_L12": 4120629130 }, "geometry": { "type": "MultiLineString", "coordinates": [ [ [ 76.047916666666339, 34.418749999999442 ], [ 76.052083333333115, 34.422916666666104 ], [ 76.052083333333115, 34.427083333332767 ], [ 76.056249999999665, 34.431249999999459 ], [ 76.056249999999665, 34.435416666666121 ] ] ] } },
{ "type": "Feature", "properties": { "HYRIV_ID": 40533143, "NEXT_DOWN": 40532991, "MAIN_RIV": 41023100, "LENGTH_KM": 5.3, "DIST_DN_KM": 2541.0, "DIST_UP_KM": 67.5, "CATCH_SKM": 17.89, "UPLAND_SKM": 1411.6, "ENDORHEIC": 0, "DIS_AV_CMS": 33.954, "ORD_STRA": 4, "ORD_CLAS": 4, "ORD_FLOW": 5, "HYBAS_L12": 4121383260 }, "geometry": { "type": "MultiLineString", "coordinates": [ [ [ 75.843749999999687, 34.422916666666104 ], [ 75.84791666666635, 34.418749999999442 ], [ 75.852083333333013, 34.418749999999442 ], [ 75.856249999999733, 34.414583333332793 ], [ 75.872916666666384, 34.414583333332793 ], [ 75.877083333333047, 34.418749999999442 ], [ 75.88124999999971, 34.418749999999442 ], [ 75.88541666666643, 34.414583333332793 ], [ 75.889583333333093, 34.418749999999442 ] ] ] } },
{ "type": "Feature", "properties": { "HYRIV_ID": 40533504, "NEXT_DOWN": 40533505, "MAIN_RIV": 41023100, "LENGTH_KM": 0.77, "DIST_DN_KM": 2531.2, "DIST_UP_KM": 138.6, "CATCH_SKM": 2.83, "UPLAND_SKM": 2976.0, "ENDORHEIC": 0, "DIS_AV_CMS": 54.379, "ORD_STRA": 4, "ORD_CLAS": 2, "ORD_FLOW": 5, "HYBAS_L12": 4120633060 }, "geometry": { "type": "MultiLineString", "coordinates": [ [ [ 76.018749999999756, 34.402083333332818 ], [ 76.027083333333081, 34.402083333332818 ] ] ] } },
{ "type": "Feature", "properties": { "HYRIV_ID": 40533505, "NEXT_DOWN": 40532992, "MAIN_RIV": 41023100, "LENGTH_KM": 2.79, "DIST_DN_KM": 2528.6, "DIST_UP_KM": 141.2, "CATCH_SKM": 18.77, "UPLAND_SKM": 3005.8, "ENDORHEIC": 0, "DIS_AV_CMS": 54.812, "ORD_STRA": 4, "ORD_CLAS": 2, "ORD_FLOW": 5, "HYBAS_L12": 4120633060 }, "geometry": { "type": "MultiLineString", "coordinates": [ [ [ 76.027083333333081, 34.402083333332818 ], [ 76.031249999999744, 34.406249999999467 ], [ 76.035416666666407, 34.406249999999467 ], [ 76.047916666666339, 34.418749999999442 ] ] ] } },
{ "type": "Feature", "properties": { "HYRIV_ID": 40534342, "NEXT_DOWN": 40533504, "MAIN_RIV": 41023100, "LENGTH_KM": 5.13, "DIST_DN_KM": 2532.1, "DIST_UP_KM": 137.6, "CATCH_SKM": 27.63, "UPLAND_SKM": 2965.6, "ENDORHEIC": 0, "DIS_AV_CMS": 54.223, "ORD_STRA": 4, "ORD_CLAS": 2, "ORD_FLOW": 5, "HYBAS_L12": 4120633060 }, "geometry": { "type": "MultiLineString", "coordinates": [ [ [ 75.977083333333013, 34.377083333332784 ], [ 75.981249999999676, 34.381249999999433 ], [ 75.985416666666339, 34.381249999999433 ], [ 75.997916666666384, 34.39374999999945 ], [ 76.002083333333047, 34.39374999999945 ], [ 76.00624999999971, 34.397916666666113 ], [ 76.014583333333093, 34.397916666666113 ], [ 76.018749999999756, 34.402083333332818 ] ] ] } },
{ "type": "Feature", "properties": { "HYRIV_ID": 40534626, "NEXT_DOWN": 40534342, "MAIN_RIV": 41023100, "LENGTH_KM": 1.06, "DIST_DN_KM": 2537.2, "DIST_UP_KM": 132.5, "CATCH_SKM": 1.24, "UPLAND_SKM": 2921.3, "ENDORHEIC": 0, "DIS_AV_CMS": 53.497, "ORD_STRA": 4, "ORD_CLAS": 2, "ORD_FLOW": 5, "HYBAS_L12": 4120633060 }, "geometry": { "type": "MultiLineString", "coordinates": [ [ [ 75.97291666666635, 34.368749999999459 ], [ 75.97291666666635, 34.372916666666121 ], [ 75.977083333333013, 34.377083333332784 ] ] ] } },
{ "type": "Feature", "properties": { "HYRIV_ID": 40535826, "NEXT_DOWN": 40534626, "MAIN_RIV": 41023100, "LENGTH_KM": 4.58, "DIST_DN_KM": 2538.3, "DIST_UP_KM": 131.5, "CATCH_SKM": 21.09, "UPLAND_SKM": 2896.8, "ENDORHEIC": 0, "DIS_AV_CMS": 53.098, "ORD_STRA": 4, "ORD_CLAS": 2, "ORD_FLOW": 5, "HYBAS_L12": 4120633060 }, "geometry": { "type": "MultiLineString", "coordinates": [ [ [ 75.960416666666362, 34.33124999999945 ], [ 75.964583333333024, 34.335416666666113 ], [ 75.964583333333024, 34.343749999999467 ], [ 75.968749999999687, 34.34791666666613 ], [ 75.968749999999687, 34.36458333333281 ], [ 75.97291666666635, 34.368749999999459 ] ] ] } },
{ "type": "Feature", "properties": { "HYRIV_ID": 40536544, "NEXT_DOWN": 40535826, "MAIN_RIV": 41023100, "LENGTH_KM": 2.73, "DIST_DN_KM": 2542.9, "DIST_UP_KM": 126.9, "CATCH_SKM": 7.27, "UPLAND_SKM": 2851.1, "ENDORHEIC": 0, "DIS_AV_CMS": 52.269, "ORD_STRA": 4, "ORD_CLAS": 2, "ORD_FLOW": 5, "HYBAS_L12": 4120633060 }, "geometry": { "type": "MultiLineString", "coordinates": [ [ [ 75.97291666666635, 34.310416666666121 ], [ 75.97291666666635, 34.31458333333277 ], [ 75.964583333333024, 34.322916666666138 ], [ 75.964583333333024, 34.327083333332787 ], [ 75.960416666666362, 34.33124999999945 ] ] ] } },
{ "type": "Feature", "properties": { "HYRIV_ID": 40536946, "NEXT_DOWN": 40536544, "MAIN_RIV": 41023100, "LENGTH_KM": 1.67, "DIST_DN_KM": 2545.6, "DIST_UP_KM": 124.1, "CATCH_SKM": 2.48, "UPLAND_SKM": 2830.3, "ENDORHEIC": 0, "DIS_AV_CMS": 51.906, "ORD_STRA": 4, "ORD_CLAS": 2, "ORD_FLOW": 5, "HYBAS_L12": 4120633060 }, "geometry": { "type": "MultiLineString", "coordinates": [ [ [ 75.964583333333024, 34.297916666666104 ], [ 75.964583333333024, 34.302083333332796 ], [ 75.97291666666635, 34.310416666666121 ] ] ] } },
{ "type": "Feature", "properties": { "HYRIV_ID": 40537228, "NEXT_DOWN": 40536946, "MAIN_RIV": 41023100, "LENGTH_KM": 0.93, "DIST_DN_KM": 2547.1, "DIST_UP_KM": 122.6, "CATCH_SKM": 2.66, "UPLAND_SKM": 2704.4, "ENDORHEIC": 0, "DIS_AV_CMS": 49.343, "ORD_STRA": 4, "ORD_CLAS": 2, "ORD_FLOW": 5, "HYBAS_L12": 4120636480 }, "geometry": { "type": "MultiLineString", "coordinates": [ [ [ 75.964583333333024, 34.289583333332779 ], [ 75.964583333333024, 34.297916666666104 ] ] ] } },
{ "type": "Feature", "properties": { "HYRIV_ID": 40537628, "NEXT_DOWN": 40537228, "MAIN_RIV": 41023100, "LENGTH_KM": 1.67, "DIST_DN_KM": 2548.2, "DIST_UP_KM": 121.5, "CATCH_SKM": 2.84, "UPLAND_SKM": 2694.0, "ENDORHEIC": 0, "DIS_AV_CMS": 49.142, "ORD_STRA": 4, "ORD_CLAS": 2, "ORD_FLOW": 5, "HYBAS_L12": 4120636480 }, "geometry": { "type": "MultiLineString", "coordinates": [ [ [ 75.97291666666635, 34.277083333332804 ], [ 75.968749999999687, 34.281249999999467 ], [ 75.968749999999687, 34.28541666666613 ], [ 75.964583333333024, 34.289583333332779 ] ] ] } },
{ "type": "Feature", "properties": { "HYRIV_ID": 40539405, "NEXT_DOWN": 40537628, "MAIN_RIV": 41023100, "LENGTH_KM": 6.44, "DIST_DN_KM": 2549.9, "DIST_UP_KM": 119.8, "CATCH_SKM": 23.95, "UPLAND_SKM": 2071.5, "ENDORHEIC": 0, "DIS_AV_CMS": 39.707, "ORD_STRA": 4, "ORD_CLAS": 2, "ORD_FLOW": 5, "HYBAS_L12": 4120637080 }, "geometry": { "type": "MultiLineString", "coordinates": [ [ [ 75.968749999999687, 34.222916666666116 ], [ 75.97291666666635, 34.227083333332779 ], [ 75.97291666666635, 34.247916666666121 ], [ 75.968749999999687, 34.25208333333277 ], [ 75.968749999999687, 34.272916666666156 ], [ 75.97291666666635, 34.277083333332804 ] ] ] } },
{ "type": "Feature", "properties": { "HYRIV_ID": 40529821, "NEXT_DOWN": 40528907, "MAIN_RIV": 41023100, "LENGTH_KM": 4.31, "DIST_DN_KM": 2511.3, "DIST_UP_KM": 67.4, "CATCH_SKM": 15.21, "UPLAND_SKM": 905.1, "ENDORHEIC": 0, "DIS_AV_CMS": 9.496, "ORD_STRA": 4, "ORD_CLAS": 3, "ORD_FLOW": 6, "HYBAS_L12": 4120628960 }, "geometry": { "type": "MultiLineString", "coordinates": [ [ [ 76.189583333333104, 34.518749999999464 ], [ 76.185416666666441, 34.522916666666113 ], [ 76.185416666666441, 34.527083333332776 ], [ 76.181249999999665, 34.531249999999481 ], [ 76.177083333333115, 34.531249999999481 ], [ 76.16458333333307, 34.543749999999456 ], [ 76.16458333333307, 34.547916666666119 ] ] ] } },
{ "type": "Feature", "properties": { "HYRIV_ID": 40500354, "NEXT_DOWN": 40500496, "MAIN_RIV": 41023100, "LENGTH_KM": 3.39, "DIST_DN_KM": 2911.2, "DIST_UP_KM": 83.5, "CATCH_SKM": 8.93, "UPLAND_SKM": 1731.2, "ENDORHEIC": 0, "DIS_AV_CMS": 1.937, "ORD_STRA": 4, "ORD_CLAS": 3, "ORD_FLOW": 6, "HYBAS_L12": 4121372450 }, "geometry": { "type": "MultiLineString", "coordinates": [ [ [ 77.822916666666316, 35.352083333332793 ], [ 77.822916666666316, 35.34791666666613 ], [ 77.818749999999653, 35.343749999999439 ], [ 77.81458333333299, 35.343749999999439 ], [ 77.806249999999665, 35.335416666666113 ], [ 77.797916666666339, 35.335416666666113 ] ] ] } },
{ "type": "Feature", "properties": { "HYRIV_ID": 40500485, "NEXT_DOWN": 40502028, "MAIN_RIV": 41023100, "LENGTH_KM": 5.6, "DIST_DN_KM": 2730.7, "DIST_UP_KM": 69.3, "CATCH_SKM": 10.33, "UPLAND_SKM": 1035.3, "ENDORHEIC": 0, "DIS_AV_CMS": 2.175, "ORD_STRA": 4, "ORD_CLAS": 3, "ORD_FLOW": 6, "HYBAS_L12": 4120606760 }, "geometry": { "type": "MultiLineString", "coordinates": [ [ [ 77.143749999999642, 35.36874999999943 ], [ 77.152083333333024, 35.360416666666104 ], [ 77.16041666666635, 35.360416666666104 ], [ 77.172916666666339, 35.34791666666613 ], [ 77.172916666666339, 35.33124999999945 ] ] ] } },
{ "type": "Feature", "properties": { "HYRIV_ID": 40500496, "NEXT_DOWN": 40500839, "MAIN_RIV": 41023100, "LENGTH_KM": 0.6, "DIST_DN_KM": 2910.8, "DIST_UP_KM": 83.9, "CATCH_SKM": 0.35, "UPLAND_SKM": 1742.6, "ENDORHEIC": 0, "DIS_AV_CMS": 1.957, "ORD_STRA": 4, "ORD_CLAS": 3, "ORD_FLOW": 6, "HYBAS_L12": 4121372450 }, "geometry": { "type": "MultiLineString", "coordinates": [ [ [ 77.797916666666339, 35.335416666666113 ], [ 77.793749999999676, 35.33124999999945 ] ] ] } },
{ "type": "Feature", "properties": { "HYRIV_ID": 40500839, "NEXT_DOWN": 40501865, "MAIN_RIV": 41023100, "LENGTH_KM": 1.2, "DIST_DN_KM": 2909.6, "DIST_UP_KM": 85.1, "CATCH_SKM": 1.58, "UPLAND_SKM": 1788.6, "ENDORHEIC": 0, "DIS_AV_CMS": 2.031, "ORD_STRA": 4, "ORD_CLAS": 3, "ORD_FLOW": 6, "HYBAS_L12": 4120604830 }, "geometry": { "type": "MultiLineString", "coordinates": [ [ [ 77.793749999999676, 35.33124999999945 ], [ 77.785416666666407, 35.322916666666138 ] ] ] } },
{ "type": "Feature", "properties": { "HYRIV_ID": 40501187, "NEXT_DOWN": 40501188, "MAIN_RIV": 41023100, "LENGTH_KM": 4.34, "DIST_DN_KM": 2911.4, "DIST_UP_KM": 52.7, "CATCH_SKM": 18.04, "UPLAND_SKM": 712.5, "ENDORHEIC": 0, "DIS_AV_CMS": 1.029, "ORD_STRA": 4, "ORD_CLAS": 4, "ORD_FLOW": 6, "HYBAS_L12": 4120604820 }, "geometry": { "type": "MultiLineString", "coordinates": [ [ [ 77.643749999999642, 35.335416666666113 ], [ 77.656249999999801, 35.322916666666138 ], [ 77.660416666666464, 35.322916666666138 ], [ 77.668749999999676, 35.314583333332784 ], [ 77.672916666666339, 35.318749999999433 ], [ 77.677083333333002, 35.318749999999433 ] ] ] } },
{ "type": "Feature", "properties": { "HYRIV_ID": 40501188, "NEXT_DOWN": 40501864, "MAIN_RIV": 41023100, "LENGTH_KM": 4.0, "DIST_DN_KM": 2907.4, "DIST_UP_KM": 56.7, "CATCH_SKM": 14.36, "UPLAND_SKM": 767.6, "ENDORHEIC": 0, "DIS_AV_CMS": 1.191, "ORD_STRA": 4, "ORD_CLAS": 4, "ORD_FLOW": 6, "HYBAS_L12": 4120604820 }, "geometry": { "type": "MultiLineString", "coordinates": [ [ [ 77.677083333333002, 35.318749999999433 ], [ 77.693749999999653, 35.318749999999433 ], [ 77.697916666666316, 35.314583333332784 ], [ 77.718749999999687, 35.314583333332784 ] ] ] } },
{ "type": "Feature", "properties": { "HYRIV_ID": 40501864, "NEXT_DOWN": 40502517, "MAIN_RIV": 41023100, "LENGTH_KM": 3.15, "DIST_DN_KM": 2904.5, "DIST_UP_KM": 59.6, "CATCH_SKM": 8.06, "UPLAND_SKM": 840.7, "ENDORHEIC": 0, "DIS_AV_CMS": 1.331, "ORD_STRA": 4, "ORD_CLAS": 4, "ORD_FLOW": 6, "HYBAS_L12": 4120604820 }, "geometry": { "type": "MultiLineString", "coordinates": [ [ [ 77.718749999999687, 35.314583333332784 ], [ 77.72291666666635, 35.310416666666121 ], [ 77.727083333333013, 35.310416666666121 ], [ 77.735416666666396, 35.302083333332767 ], [ 77.739583333333059, 35.302083333332767 ], [ 77.743749999999721, 35.297916666666104 ] ] ] } },
{ "type": "Feature", "properties": { "HYRIV_ID": 40501865, "NEXT_DOWN": 40502517, "MAIN_RIV": 41023100, "LENGTH_KM": 5.1, "DIST_DN_KM": 2904.5, "DIST_UP_KM": 90.1, "CATCH_SKM": 23.82, "UPLAND_SKM": 1888.0, "ENDORHEIC": 0, "DIS_AV_CMS": 2.208, "ORD_STRA": 4, "ORD_CLAS": 3, "ORD_FLOW": 6, "HYBAS_L12": 4120604830 }, "geometry": { "type": "MultiLineString", "coordinates": [ [ [ 77.785416666666407, 35.322916666666138 ], [ 77.781249999999744, 35.322916666666138 ], [ 77.777083333332968, 35.318749999999433 ], [ 77.768749999999642, 35.318749999999433 ], [ 77.764583333333093, 35.314583333332784 ], [ 77.760416666666373, 35.314583333332784 ], [ 77.743749999999721, 35.297916666666104 ] ] ] } },
{ "type": "Feature", "properties": { "HYRIV_ID": 40502028, "NEXT_DOWN": 40504063, "MAIN_RIV": 41023100, "LENGTH_KM": 4.44, "DIST_DN_KM": 2726.3, "DIST_UP_KM": 73.7, "CATCH_SKM": 8.76, "UPLAND_SKM": 1055.3, "ENDORHEIC": 0, "DIS_AV_CMS": 2.257, "ORD_STRA": 4, "ORD_CLAS": 3, "ORD_FLOW": 6, "HYBAS_L12": 4120606760 }, "geometry": { "type": "MultiLineString", "coordinates": [ [ [ 77.172916666666339, 35.33124999999945 ], [ 77.177083333333002, 35.327083333332801 ], [ 77.177083333333002, 35.310416666666121 ], [ 77.181249999999665, 35.306249999999416 ], [ 77.181249999999665, 35.293749999999442 ] ] ] } },
{ "type": "Feature", "properties": { "HYRIV_ID": 40502517, "NEXT_DOWN": 40503106, "MAIN_RIV": 41023100, "LENGTH_KM": 1.99, "DIST_DN_KM": 2902.5, "DIST_UP_KM": 92.1, "CATCH_SKM": 5.08, "UPLAND_SKM": 2733.8, "ENDORHEIC": 0, "DIS_AV_CMS": 3.828, "ORD_STRA": 5, "ORD_CLAS": 3, "ORD_FLOW": 6, "HYBAS_L12": 4120609120 }, "geometry": { "type": "MultiLineString", "coordinates": [ [ [ 77.743749999999721, 35.297916666666104 ], [ 77.743749999999721, 35.285416666666087 ], [ 77.739583333333059, 35.281249999999424 ] ] ] } },
{ "type": "Feature", "properties": { "HYRIV_ID": 40503106, "NEXT_DOWN": 40503724, "MAIN_RIV": 41023100, "LENGTH_KM": 1.99, "DIST_DN_KM": 2900.4, "DIST_UP_KM": 94.3, "CATCH_SKM": 5.78, "UPLAND_SKM": 2753.1, "ENDORHEIC": 0, "DIS_AV_CMS": 3.863, "ORD_STRA": 5, "ORD_CLAS": 3, "ORD_FLOW": 6, "HYBAS_L12": 4120609120 }, "geometry": { "type": "MultiLineString", "coordinates": [ [ [ 77.739583333333059, 35.281249999999424 ], [ 77.739583333333059, 35.277083333332776 ], [ 77.743749999999721, 35.272916666666113 ], [ 77.743749999999721, 35.264583333332801 ] ] ] } },
{ "type": "Feature", "properties": { "HYRIV_ID": 40503724, "NEXT_DOWN": 40504864, "MAIN_RIV": 41023100, "LENGTH_KM": 1.85, "DIST_DN_KM": 2898.5, "DIST_UP_KM": 96.2, "CATCH_SKM": 4.91, "UPLAND_SKM": 2781.8, "ENDORHEIC": 0, "DIS_AV_CMS": 3.913, "ORD_STRA": 5, "ORD_CLAS": 3, "ORD_FLOW": 6, "HYBAS_L12": 4120609120 }, "geometry": { "type": "MultiLineString", "coordinates": [ [ [ 77.743749999999721, 35.264583333332801 ], [ 77.743749999999721, 35.247916666666121 ] ] ] } },
{ "type": "Feature", "properties": { "HYRIV_ID": 40503890, "NEXT_DOWN": 40505931, "MAIN_RIV": 41023100, "LENGTH_KM": 8.82, "DIST_DN_KM": 2715.7, "DIST_UP_KM": 42.8, "CATCH_SKM": 38.56, "UPLAND_SKM": 491.3, "ENDORHEIC": 0, "DIS_AV_CMS": 1.043, "ORD_STRA": 4, "ORD_CLAS": 4, "ORD_FLOW": 6, "HYBAS_L12": 4120606770 }, "geometry": { "type": "MultiLineString", "coordinates": [ [ [ 77.272916666666362, 35.260416666666138 ], [ 77.239583333333115, 35.260416666666138 ], [ 77.235416666666396, 35.256249999999476 ], [ 77.214583333333081, 35.256249999999476 ], [ 77.210416666666362, 35.252083333332784 ], [ 77.206249999999699, 35.252083333332784 ], [ 77.197916666666373, 35.243749999999459 ], [ 77.185416666666328, 35.243749999999459 ] ] ] } },
{ "type": "Feature", "properties": { "HYRIV_ID": 40504063, "NEXT_DOWN": 40505756, "MAIN_RIV": 41023100, "LENGTH_KM": 7.99, "DIST_DN_KM": 2718.4, "DIST_UP_KM": 81.6, "CATCH_SKM": 17.35, "UPLAND_SKM": 1084.5, "ENDORHEIC": 0, "DIS_AV_CMS": 2.367, "ORD_STRA": 4, "ORD_CLAS": 3, "ORD_FLOW": 6, "HYBAS_L12": 4120606760 }, "geometry": { "type": "MultiLineString", "coordinates": [ [ [ 77.181249999999665, 35.293749999999442 ], [ 77.185416666666328, 35.289583333332793 ], [ 77.185416666666328, 35.281249999999424 ], [ 77.189583333333047, 35.277083333332776 ], [ 77.189583333333047, 35.272916666666113 ], [ 77.181249999999665, 35.264583333332801 ], [ 77.177083333333002, 35.264583333332801 ], [ 77.172916666666339, 35.260416666666138 ], [ 77.168749999999676, 35.260416666666138 ], [ 77.16041666666635, 35.252083333332784 ], [ 77.16041666666635, 35.247916666666121 ], [ 77.152083333333024, 35.239583333332767 ] ] ] } },
{ "type": "Feature", "properties": { "HYRIV_ID": 40504864, "NEXT_DOWN": 40505759, "MAIN_RIV": 41023100, "LENGTH_KM": 3.65, "DIST_DN_KM": 2895.0, "DIST_UP_KM": 99.7, "CATCH_SKM": 11.22, "UPLAND_SKM": 2821.6, "ENDORHEIC": 0, "DIS_AV_CMS": 3.986, "ORD_STRA": 5, "ORD_CLAS": 3, "ORD_FLOW": 6, "HYBAS_L12": 4120609120 }, "geometry": { "type": "MultiLineString", "coordinates": [ [ [ 77.743749999999721, 35.247916666666121 ], [ 77.743749999999721, 35.235416666666104 ], [ 77.739583333333059, 35.231249999999442 ], [ 77.739583333333059, 35.227083333332779 ], [ 77.731249999999676, 35.218749999999424 ] ] ] } },
{ "type": "Feature", "properties": { "HYRIV_ID": 40505759, "NEXT_DOWN": 40506478, "MAIN_RIV": 41023100, "LENGTH_KM": 2.86, "DIST_DN_KM": 2892.1, "DIST_UP_KM": 102.5, "CATCH_SKM": 7.19, "UPLAND_SKM": 2873.3, "ENDORHEIC": 0, "DIS_AV_CMS": 4.091, "ORD_STRA": 5, "ORD_CLAS": 3, "ORD_FLOW": 6, "HYBAS_L12": 4120609120 }, "geometry": { "type": "MultiLineString", "coordinates": [ [ [ 77.731249999999676, 35.218749999999424 ], [ 77.731249999999676, 35.214583333332762 ], [ 77.714583333333024, 35.197916666666138 ] ] ] } },
{ "type": "Feature", "properties": { "HYRIV_ID": 40506478, "NEXT_DOWN": 40508170, "MAIN_RIV": 41023100, "LENGTH_KM": 2.12, "DIST_DN_KM": 2890.0, "DIST_UP_KM": 104.7, "CATCH_SKM": 7.72, "UPLAND_SKM": 2934.7, "ENDORHEIC": 0, "DIS_AV_CMS": 4.212, "ORD_STRA": 5, "ORD_CLAS": 3, "ORD_FLOW": 6, "HYBAS_L12": 4120609120 }, "geometry": { "type": "MultiLineString", "coordinates": [ [ [ 77.714583333333024, 35.197916666666138 ], [ 77.710416666666362, 35.193749999999433 ], [ 77.710416666666362, 35.185416666666121 ], [ 77.706249999999642, 35.181249999999459 ] ] ] } },
{ "type": "Feature", "properties": { "HYRIV_ID": 40508170, "NEXT_DOWN": 40509170, "MAIN_RIV": 41023100, "LENGTH_KM": 6.91, "DIST_DN_KM": 2882.9, "DIST_UP_KM": 111.8, "CATCH_SKM": 28.43, "UPLAND_SKM": 3125.1, "ENDORHEIC": 0, "DIS_AV_CMS": 4.644, "ORD_STRA": 5, "ORD_CLAS": 3, "ORD_FLOW": 6, "HYBAS_L12": 4120613010 }, "geometry": { "type": "MultiLineString", "coordinates": [ [ [ 77.706249999999642, 35.181249999999459 ], [ 77.706249999999642, 35.172916666666104 ], [ 77.714583333333024, 35.164583333332779 ], [ 77.714583333333024, 35.16041666666613 ], [ 77.718749999999687, 35.156249999999467 ], [ 77.718749999999687, 35.14374999999945 ], [ 77.727083333333013, 35.135416666666124 ], [ 77.739583333333059, 35.135416666666124 ] ] ] } },
{ "type": "Feature", "properties": { "HYRIV_ID": 40509170, "NEXT_DOWN": 40511012, "MAIN_RIV": 41023100, "LENGTH_KM": 5.71, "DIST_DN_KM": 2877.2, "DIST_UP_KM": 117.4, "CATCH_SKM": 19.84, "UPLAND_SKM": 3225.5, "ENDORHEIC": 0, "DIS_AV_CMS": 4.881, "ORD_STRA": 5, "ORD_CLAS": 3, "ORD_FLOW": 6, "HYBAS_L12": 4120613010 }, "geometry": { "type": "MultiLineString", "coordinates": [ [ [ 77.739583333333059, 35.135416666666124 ], [ 77.743749999999721, 35.139583333332787 ], [ 77.752083333333047, 35.139583333332787 ], [ 77.75624999999971, 35.135416666666124 ], [ 77.760416666666373, 35.135416666666124 ], [ 77.764583333333093, 35.131249999999476 ], [ 77.764583333333093, 35.106249999999442 ] ] ] } },
{ "type": "Feature", "properties": { "HYRIV_ID": 40511012, "NEXT_DOWN": 40511195, "MAIN_RIV": 41023100, "LENGTH_KM": 7.78, "DIST_DN_KM": 2869.6, "DIST_UP_KM": 125.1, "CATCH_SKM": 35.48, "UPLAND_SKM": 3297.7, "ENDORHEIC": 0, "DIS_AV_CMS": 5.047, "ORD_STRA": 5, "ORD_CLAS": 3, "ORD_FLOW": 6, "HYBAS_L12": 4120613010 }, "geometry": { "type": "MultiLineString", "coordinates": [ [ [ 77.764583333333093, 35.106249999999442 ], [ 77.764583333333093, 35.102083333332779 ], [ 77.768749999999642, 35.097916666666116 ], [ 77.772916666666418, 35.097916666666116 ], [ 77.777083333332968, 35.093749999999424 ], [ 77.777083333332968, 35.085416666666099 ], [ 77.768749999999642, 35.077083333332787 ], [ 77.772916666666418, 35.072916666666124 ], [ 77.772916666666418, 35.068749999999476 ], [ 77.777083333332968, 35.06458333333277 ], [ 77.781249999999744, 35.06458333333277 ], [ 77.785416666666407, 35.060416666666107 ], [ 77.789583333333127, 35.060416666666107 ], [ 77.793749999999676, 35.056249999999459 ] ] ] } },
{ "type": "Feature", "properties": { "HYRIV_ID": 40511195, "NEXT_DOWN": 40512911, "MAIN_RIV": 41023100, "LENGTH_KM": 0.98, "DIST_DN_KM": 2868.6, "DIST_UP_KM": 126.0, "CATCH_SKM": 1.76, "UPLAND_SKM": 3315.6, "ENDORHEIC": 0, "DIS_AV_CMS": 5.087, "ORD_STRA": 5, "ORD_CLAS": 3, "ORD_FLOW": 6, "HYBAS_L12": 4120613010 }, "geometry": { "type": "MultiLineString", "coordinates": [ [ [ 77.793749999999676, 35.056249999999459 ], [ 77.797916666666339, 35.056249999999459 ], [ 77.802083333333002, 35.052083333332753 ] ] ] } },
{ "type": "Feature", "properties": { "HYRIV_ID": 40512911, "NEXT_DOWN": 40514046, "MAIN_RIV": 41023100, "LENGTH_KM": 8.11, "DIST_DN_KM": 2860.6, "DIST_UP_KM": 134.1, "CATCH_SKM": 29.35, "UPLAND_SKM": 3522.5, "ENDORHEIC": 0, "DIS_AV_CMS": 5.538, "ORD_STRA": 5, "ORD_CLAS": 3, "ORD_FLOW": 6, "HYBAS_L12": 4120614610 }, "geometry": { "type": "MultiLineString", "coordinates": [ [ [ 77.802083333333002, 35.052083333332753 ], [ 77.810416666666328, 35.043749999999442 ], [ 77.81458333333299, 35.043749999999442 ], [ 77.831249999999642, 35.027083333332804 ], [ 77.835416666666362, 35.027083333332804 ], [ 77.839583333332968, 35.022916666666099 ], [ 77.843749999999687, 35.022916666666099 ], [ 77.856249999999676, 35.010416666666124 ], [ 77.860416666666339, 35.010416666666124 ], [ 77.864583333333002, 35.006249999999461 ] ] ] } },
{ "type": "Feature", "properties": { "HYRIV_ID": 40527240, "NEXT_DOWN": 40527773, "MAIN_RIV": 41023100, "LENGTH_KM": 9.62, "DIST_DN_KM": 2624.0, "DIST_UP_KM": 176.0, "CATCH_SKM": 32.32, "UPLAND_SKM": 4039.1, "ENDORHEIC": 0, "DIS_AV_CMS": 10.713, "ORD_STRA": 5, "ORD_CLAS": 3, "ORD_FLOW": 5, "HYBAS_L12": 4120627660 }, "geometry": { "type": "MultiLineString", "coordinates": [ [ [ 77.560416666666328, 34.672916666666119 ], [ 77.560416666666328, 34.668749999999456 ], [ 77.556249999999665, 34.664583333332807 ], [ 77.560416666666328, 34.660416666666102 ], [ 77.56458333333299, 34.660416666666102 ], [ 77.568749999999653, 34.656249999999439 ], [ 77.568749999999653, 34.65208333333279 ], [ 77.577083333333036, 34.643749999999464 ], [ 77.577083333333036, 34.639583333332801 ], [ 77.581249999999699, 34.63541666666611 ], [ 77.581249999999699, 34.622916666666136 ], [ 77.585416666666362, 34.61874999999943 ], [ 77.585416666666362, 34.614583333332767 ], [ 77.59791666666635, 34.602083333332793 ] ] ] } },
{ "type": "Feature", "properties": { "HYRIV_ID": 40525255, "NEXT_DOWN": 40525390, "MAIN_RIV": 41023100, "LENGTH_KM": 5.7, "DIST_DN_KM": 2800.8, "DIST_UP_KM": 193.9, "CATCH_SKM": 24.89, "UPLAND_SKM": 8440.8, "ENDORHEIC": 0, "DIS_AV_CMS": 15.53, "ORD_STRA": 5, "ORD_CLAS": 3, "ORD_FLOW": 5, "HYBAS_L12": 4120627550 }, "geometry": { "type": "MultiLineString", "coordinates": [ [ [ 78.16458333333307, 34.702083333332773 ], [ 78.168749999999733, 34.69791666666611 ], [ 78.168749999999733, 34.693749999999447 ], [ 78.172916666666396, 34.689583333332799 ], [ 78.177083333333059, 34.689583333332799 ], [ 78.177083333333059, 34.685416666666093 ], [ 78.185416666666328, 34.677083333332781 ], [ 78.185416666666328, 34.664583333332807 ], [ 78.18958333333299, 34.660416666666102 ] ] ] } },
{ "type": "Feature", "properties": { "HYRIV_ID": 40525390, "NEXT_DOWN": 40527092, "MAIN_RIV": 41023100, "LENGTH_KM": 0.6, "DIST_DN_KM": 2800.2, "DIST_UP_KM": 194.5, "CATCH_SKM": 3.53, "UPLAND_SKM": 8473.1, "ENDORHEIC": 0, "DIS_AV_CMS": 15.64, "ORD_STRA": 5, "ORD_CLAS": 3, "ORD_FLOW": 5, "HYBAS_L12": 4120627550 }, "geometry": { "type": "MultiLineString", "coordinates": [ [ [ 78.18958333333299, 34.660416666666102 ], [ 78.193749999999653, 34.656249999999439 ] ] ] } },
{ "type": "Feature", "properties": { "HYRIV_ID": 40527092, "NEXT_DOWN": 40528514, "MAIN_RIV": 41023100, "LENGTH_KM": 6.52, "DIST_DN_KM": 2793.6, "DIST_UP_KM": 201.0, "CATCH_SKM": 25.08, "UPLAND_SKM": 8528.0, "ENDORHEIC": 0, "DIS_AV_CMS": 15.839, "ORD_STRA": 5, "ORD_CLAS": 3, "ORD_FLOW": 5, "HYBAS_L12": 4120627550 }, "geometry": { "type": "MultiLineString", "coordinates": [ [ [ 78.193749999999653, 34.656249999999439 ], [ 78.193749999999653, 34.65208333333279 ], [ 78.197916666666316, 34.647916666666084 ], [ 78.197916666666316, 34.643749999999464 ], [ 78.206249999999642, 34.63541666666611 ], [ 78.206249999999642, 34.631249999999447 ], [ 78.202083333333093, 34.627083333332784 ], [ 78.202083333333093, 34.61874999999943 ], [ 78.18958333333299, 34.606249999999456 ] ] ] } },
{ "type": "Feature", "properties": { "HYRIV_ID": 40528514, "NEXT_DOWN": 40528774, "MAIN_RIV": 41023100, "LENGTH_KM": 6.54, "DIST_DN_KM": 2786.9, "DIST_UP_KM": 207.7, "CATCH_SKM": 24.74, "UPLAND_SKM": 8750.7, "ENDORHEIC": 0, "DIS_AV_CMS": 16.868, "ORD_STRA": 5, "ORD_CLAS": 3, "ORD_FLOW": 5, "HYBAS_L12": 4120628820 }, "geometry": { "type": "MultiLineString", "coordinates": [ [ [ 78.18958333333299, 34.606249999999456 ], [ 78.18958333333299, 34.593749999999439 ], [ 78.202083333333093, 34.581249999999422 ], [ 78.202083333333093, 34.577083333332759 ], [ 78.206249999999642, 34.577083333332759 ], [ 78.210416666666475, 34.57291666666611 ], [ 78.214583333332968, 34.57291666666611 ], [ 78.218749999999687, 34.568749999999447 ], [ 78.218749999999687, 34.560416666666136 ] ] ] } },
{ "type": "Feature", "properties": { "HYRIV_ID": 40549175, "NEXT_DOWN": 40548775, "MAIN_RIV": 41023100, "LENGTH_KM": 4.11, "DIST_DN_KM": 2673.1, "DIST_UP_KM": 288.2, "CATCH_SKM": 14.78, "UPLAND_SKM": 12000.8, "ENDORHEIC": 0, "DIS_AV_CMS": 287.852, "ORD_STRA": 5, "ORD_CLAS": 2, "ORD_FLOW": 4, "HYBAS_L12": 4120646720 }, "geometry": { "type": "MultiLineString", "coordinates": [ [ [ 77.114583333333115, 33.91874999999947 ], [ 77.118749999999665, 33.91874999999947 ], [ 77.122916666666441, 33.922916666666119 ], [ 77.12708333333299, 33.922916666666119 ], [ 77.131249999999767, 33.927083333332781 ], [ 77.13958333333315, 33.927083333332781 ], [ 77.143749999999642, 33.931249999999487 ], [ 77.152083333333024, 33.931249999999487 ] ] ] } },
{ "type": "Feature", "properties": { "HYRIV_ID": 40549308, "NEXT_DOWN": 40549310, "MAIN_RIV": 41023100, "LENGTH_KM": 0.77, "DIST_DN_KM": 2681.2, "DIST_UP_KM": 280.1, "CATCH_SKM": 0.89, "UPLAND_SKM": 11742.3, "ENDORHEIC": 0, "DIS_AV_CMS": 284.889, "ORD_STRA": 5, "ORD_CLAS": 2, "ORD_FLOW": 4, "HYBAS_L12": 4120648000 }, "geometry": { "type": "MultiLineString", "coordinates": [ [ [ 77.064583333333047, 33.914583333332764 ], [ 77.072916666666373, 33.914583333332764 ] ] ] } },
{ "type": "Feature", "properties": { "HYRIV_ID": 40549310, "NEXT_DOWN": 40549175, "MAIN_RIV": 41023100, "LENGTH_KM": 4.06, "DIST_DN_KM": 2677.2, "DIST_UP_KM": 284.1, "CATCH_SKM": 22.09, "UPLAND_SKM": 11885.8, "ENDORHEIC": 0, "DIS_AV_CMS": 286.446, "ORD_STRA": 5, "ORD_CLAS": 2, "ORD_FLOW": 4, "HYBAS_L12": 4120647850 }, "geometry": { "type": "MultiLineString", "coordinates": [ [ [ 77.072916666666373, 33.914583333332764 ], [ 77.089583333333081, 33.914583333332764 ], [ 77.093749999999744, 33.91874999999947 ], [ 77.114583333333115, 33.91874999999947 ] ] ] } },
{ "type": "Feature", "properties": { "HYRIV_ID": 40549953, "NEXT_DOWN": 40549308, "MAIN_RIV": 41023100, "LENGTH_KM": 7.24, "DIST_DN_KM": 2682.0, "DIST_UP_KM": 279.3, "CATCH_SKM": 22.27, "UPLAND_SKM": 11721.8, "ENDORHEIC": 0, "DIS_AV_CMS": 284.644, "ORD_STRA": 5, "ORD_CLAS": 2, "ORD_FLOW": 4, "HYBAS_L12": 4120648000 }, "geometry": { "type": "MultiLineString", "coordinates": [ [ [ 76.997916666666441, 33.893749999999478 ], [ 77.00208333333299, 33.897916666666127 ], [ 77.006249999999824, 33.897916666666127 ], [ 77.010416666666316, 33.90208333333279 ], [ 77.014583333333036, 33.90208333333279 ], [ 77.018749999999642, 33.906249999999453 ], [ 77.022916666666362, 33.906249999999453 ], [ 77.027083333333024, 33.910416666666102 ], [ 77.039583333333013, 33.910416666666102 ], [ 77.043749999999676, 33.914583333332764 ], [ 77.064583333333047, 33.914583333332764 ] ] ] } },
{ "type": "Feature", "properties": { "HYRIV_ID": 40551010, "NEXT_DOWN": 40549833, "MAIN_RIV": 41023100, "LENGTH_KM": 4.45, "DIST_DN_KM": 2674.8, "DIST_UP_KM": 82.2, "CATCH_SKM": 17.64, "UPLAND_SKM": 1466.0, "ENDORHEIC": 0, "DIS_AV_CMS": 22.477, "ORD_STRA": 4, "ORD_CLAS": 3, "ORD_FLOW": 5, "HYBAS_L12": 4120646730 }, "geometry": { "type": "MultiLineString", "coordinates": [ [ [ 77.235416666666396, 33.860416666666119 ], [ 77.235416666666396, 33.872916666666136 ], [ 77.239583333333115, 33.877083333332799 ], [ 77.239583333333115, 33.889583333332773 ], [ 77.243749999999778, 33.893749999999478 ], [ 77.243749999999778, 33.897916666666127 ] ] ] } },
{ "type": "Feature", "properties": { "HYRIV_ID": 40551287, "NEXT_DOWN": 40551010, "MAIN_RIV": 41023100, "LENGTH_KM": 1.07, "DIST_DN_KM": 2679.5, "DIST_UP_KM": 77.6, "CATCH_SKM": 1.43, "UPLAND_SKM": 1421.5, "ENDORHEIC": 0, "DIS_AV_CMS": 21.953, "ORD_STRA": 4, "ORD_CLAS": 3, "ORD_FLOW": 5, "HYBAS_L12": 4120646730 }, "geometry": { "type": "MultiLineString", "coordinates": [ [ [ 77.239583333333115, 33.852083333332807 ], [ 77.239583333333115, 33.85624999999947 ], [ 77.235416666666396, 33.860416666666119 ] ] ] } },
{ "type": "Feature", "properties": { "HYRIV_ID": 40551839, "NEXT_DOWN": 40551287, "MAIN_RIV": 41023100, "LENGTH_KM": 1.99, "DIST_DN_KM": 2680.4, "DIST_UP_KM": 76.7, "CATCH_SKM": 6.95, "UPLAND_SKM": 1381.9, "ENDORHEIC": 0, "DIS_AV_CMS": 21.479, "ORD_STRA": 4, "ORD_CLAS": 3, "ORD_FLOW": 5, "HYBAS_L12": 4120646730 }, "geometry": { "type": "MultiLineString", "coordinates": [ [ [ 77.235416666666396, 33.835416666666127 ], [ 77.239583333333115, 33.83958333333279 ], [ 77.239583333333115, 33.852083333332807 ] ] ] } },
{ "type": "Feature", "properties": { "HYRIV_ID": 40553625, "NEXT_DOWN": 40551839, "MAIN_RIV": 41023100, "LENGTH_KM": 7.32, "DIST_DN_KM": 2682.5, "DIST_UP_KM": 74.5, "CATCH_SKM": 24.79, "UPLAND_SKM": 1326.1, "ENDORHEIC": 0, "DIS_AV_CMS": 20.766, "ORD_STRA": 4, "ORD_CLAS": 3, "ORD_FLOW": 5, "HYBAS_L12": 4121390940 }, "geometry": { "type": "MultiLineString", "coordinates": [ [ [ 77.260416666666316, 33.77708333333279 ], [ 77.260416666666316, 33.785416666666102 ], [ 77.25208333333299, 33.793749999999456 ], [ 77.25208333333299, 33.797916666666119 ], [ 77.247916666666441, 33.802083333332824 ], [ 77.247916666666441, 33.806249999999473 ], [ 77.243749999999778, 33.810416666666136 ], [ 77.243749999999778, 33.814583333332799 ], [ 77.239583333333115, 33.818749999999447 ], [ 77.239583333333115, 33.831249999999464 ], [ 77.235416666666396, 33.835416666666127 ] ] ] } },
{ "type": "Feature", "properties": { "HYRIV_ID": 40554545, "NEXT_DOWN": 40553625, "MAIN_RIV": 41023100, "LENGTH_KM": 3.52, "DIST_DN_KM": 2689.7, "DIST_UP_KM": 67.3, "CATCH_SKM": 24.45, "UPLAND_SKM": 1283.4, "ENDORHEIC": 0, "DIS_AV_CMS": 20.225, "ORD_STRA": 4, "ORD_CLAS": 3, "ORD_FLOW": 5, "HYBAS_L12": 4121390940 }, "geometry": { "type": "MultiLineString", "coordinates": [ [ [ 77.260416666666316, 33.747916666666136 ], [ 77.260416666666316, 33.752083333332799 ], [ 77.256249999999767, 33.756249999999447 ], [ 77.256249999999767, 33.760416666666153 ], [ 77.260416666666316, 33.764583333332816 ], [ 77.260416666666316, 33.77708333333279 ] ] ] } },
{ "type": "Feature", "properties": { "HYRIV_ID": 40555589, "NEXT_DOWN": 40554545, "MAIN_RIV": 41023100, "LENGTH_KM": 3.38, "DIST_DN_KM": 2693.4, "DIST_UP_KM": 63.6, "CATCH_SKM": 6.43, "UPLAND_SKM": 1212.0, "ENDORHEIC": 0, "DIS_AV_CMS": 19.273, "ORD_STRA": 4, "ORD_CLAS": 3, "ORD_FLOW": 5, "HYBAS_L12": 4121390940 }, "geometry": { "type": "MultiLineString", "coordinates": [ [ [ 77.264583333333093, 33.718749999999439 ], [ 77.264583333333093, 33.743749999999473 ], [ 77.260416666666316, 33.747916666666136 ] ] ] } },
{ "type": "Feature", "properties": { "HYRIV_ID": 40556264, "NEXT_DOWN": 40555589, "MAIN_RIV": 41023100, "LENGTH_KM": 3.4, "DIST_DN_KM": 2696.8, "DIST_UP_KM": 60.2, "CATCH_SKM": 6.25, "UPLAND_SKM": 993.0, "ENDORHEIC": 0, "DIS_AV_CMS": 16.113, "ORD_STRA": 4, "ORD_CLAS": 3, "ORD_FLOW": 5, "HYBAS_L12": 4120653830 }, "geometry": { "type": "MultiLineString", "coordinates": [ [ [ 77.289583333333013, 33.697916666666153 ], [ 77.277083333333024, 33.710416666666127 ], [ 77.272916666666362, 33.710416666666127 ], [ 77.264583333333093, 33.718749999999439 ] ] ] } },
{ "type": "Feature", "properties": { "HYRIV_ID": 40557737, "NEXT_DOWN": 40556264, "MAIN_RIV": 41023100, "LENGTH_KM": 6.21, "DIST_DN_KM": 2700.1, "DIST_UP_KM": 57.0, "CATCH_SKM": 16.61, "UPLAND_SKM": 893.3, "ENDORHEIC": 0, "DIS_AV_CMS": 14.731, "ORD_STRA": 4, "ORD_CLAS": 3, "ORD_FLOW": 5, "HYBAS_L12": 4120653830 }, "geometry": { "type": "MultiLineString", "coordinates": [ [ [ 77.322916666666373, 33.652083333332776 ], [ 77.306249999999665, 33.668749999999456 ], [ 77.306249999999665, 33.672916666666161 ], [ 77.302083333333002, 33.67708333333281 ], [ 77.302083333333002, 33.681249999999473 ], [ 77.289583333333013, 33.693749999999447 ], [ 77.289583333333013, 33.697916666666153 ] ] ] } },
{ "type": "Feature", "properties": { "HYRIV_ID": 40557868, "NEXT_DOWN": 40557737, "MAIN_RIV": 41023100, "LENGTH_KM": 0.6, "DIST_DN_KM": 2706.4, "DIST_UP_KM": 50.6, "CATCH_SKM": 1.25, "UPLAND_SKM": 820.2, "ENDORHEIC": 0, "DIS_AV_CMS": 13.596, "ORD_STRA": 4, "ORD_CLAS": 3, "ORD_FLOW": 5, "HYBAS_L12": 4120653830 }, "geometry": { "type": "MultiLineString", "coordinates": [ [ [ 77.327083333333036, 33.647916666666127 ], [ 77.322916666666373, 33.652083333332776 ] ] ] } },
{ "type": "Feature", "properties": { "HYRIV_ID": 40558402, "NEXT_DOWN": 40557868, "MAIN_RIV": 41023100, "LENGTH_KM": 2.8, "DIST_DN_KM": 2707.0, "DIST_UP_KM": 50.0, "CATCH_SKM": 6.43, "UPLAND_SKM": 790.8, "ENDORHEIC": 0, "DIS_AV_CMS": 13.164, "ORD_STRA": 4, "ORD_CLAS": 3, "ORD_FLOW": 5, "HYBAS_L12": 4120653830 }, "geometry": { "type": "MultiLineString", "coordinates": [ [ [ 77.347916666666407, 33.63124999999949 ], [ 77.335416666666362, 33.643749999999464 ], [ 77.331249999999699, 33.643749999999464 ], [ 77.327083333333036, 33.647916666666127 ] ] ] } },
{ "type": "Feature", "properties": { "HYRIV_ID": 40558836, "NEXT_DOWN": 40558402, "MAIN_RIV": 41023100, "LENGTH_KM": 2.8, "DIST_DN_KM": 2709.6, "DIST_UP_KM": 47.4, "CATCH_SKM": 7.87, "UPLAND_SKM": 634.2, "ENDORHEIC": 0, "DIS_AV_CMS": 10.452, "ORD_STRA": 4, "ORD_CLAS": 3, "ORD_FLOW": 5, "HYBAS_L12": 4120656180 }, "geometry": { "type": "MultiLineString", "coordinates": [ [ [ 77.368749999999721, 33.61458333333281 ], [ 77.35208333333307, 33.63124999999949 ], [ 77.347916666666407, 33.63124999999949 ] ] ] } },
{ "type": "Feature", "properties": { "HYRIV_ID": 40558837, "NEXT_DOWN": 40558836, "MAIN_RIV": 41023100, "LENGTH_KM": 5.33, "DIST_DN_KM": 2712.6, "DIST_UP_KM": 44.4, "CATCH_SKM": 23.23, "UPLAND_SKM": 608.1, "ENDORHEIC": 0, "DIS_AV_CMS": 10.029, "ORD_STRA": 4, "ORD_CLAS": 3, "ORD_FLOW": 5, "HYBAS_L12": 4120656180 }, "geometry": { "type": "MultiLineString", "coordinates": [ [ [ 77.414583333333013, 33.618749999999473 ], [ 77.402083333333138, 33.618749999999473 ], [ 77.397916666666475, 33.622916666666121 ], [ 77.393749999999642, 33.622916666666121 ], [ 77.389583333333093, 33.627083333332784 ], [ 77.385416666666316, 33.627083333332784 ], [ 77.381249999999767, 33.622916666666121 ], [ 77.37708333333299, 33.622916666666121 ], [ 77.368749999999721, 33.61458333333281 ] ] ] } },
{ "type": "Feature", "properties": { "HYRIV_ID": 40559476, "NEXT_DOWN": 40558837, "MAIN_RIV": 41023100, "LENGTH_KM": 6.32, "DIST_DN_KM": 2717.7, "DIST_UP_KM": 39.3, "CATCH_SKM": 28.78, "UPLAND_SKM": 510.6, "ENDORHEIC": 0, "DIS_AV_CMS": 8.398, "ORD_STRA": 4, "ORD_CLAS": 3, "ORD_FLOW": 6, "HYBAS_L12": 4120656180 }, "geometry": { "type": "MultiLineString", "coordinates": [ [ [ 77.468749999999687, 33.593749999999481 ], [ 77.464583333333024, 33.59791666666613 ], [ 77.456249999999699, 33.59791666666613 ], [ 77.44374999999971, 33.610416666666147 ], [ 77.43958333333299, 33.610416666666147 ], [ 77.435416666666328, 33.61458333333281 ], [ 77.427083333333002, 33.61458333333281 ], [ 77.422916666666339, 33.618749999999473 ], [ 77.414583333333013, 33.618749999999473 ] ] ] } },
{ "type": "Feature", "properties": { "HYRIV_ID": 40565540, "NEXT_DOWN": 40566040, "MAIN_RIV": 41023100, "LENGTH_KM": 4.41, "DIST_DN_KM": 2833.4, "DIST_UP_KM": 30.3, "CATCH_SKM": 15.77, "UPLAND_SKM": 532.4, "ENDORHEIC": 0, "DIS_AV_CMS": 10.98, "ORD_STRA": 4, "ORD_CLAS": 3, "ORD_FLOW": 5, "HYBAS_L12": 4120663500 }, "geometry": { "type": "MultiLineString", "coordinates": [ [ [ 77.185416666666328, 33.435416666666164 ], [ 77.185416666666328, 33.431249999999459 ], [ 77.189583333333047, 33.427083333332796 ], [ 77.189583333333047, 33.418749999999484 ], [ 77.206249999999699, 33.402083333332804 ] ] ] } },
{ "type": "Feature", "properties": { "HYRIV_ID": 40566040, "NEXT_DOWN": 40566995, "MAIN_RIV": 41023100, "LENGTH_KM": 3.58, "DIST_DN_KM": 2829.6, "DIST_UP_KM": 34.1, "CATCH_SKM": 16.67, "UPLAND_SKM": 557.4, "ENDORHEIC": 0, "DIS_AV_CMS": 11.532, "ORD_STRA": 4, "ORD_CLAS": 3, "ORD_FLOW": 5, "HYBAS_L12": 4120663500 }, "geometry": { "type": "MultiLineString", "coordinates": [ [ [ 77.206249999999699, 33.402083333332804 ], [ 77.218749999999744, 33.389583333332787 ], [ 77.222916666666407, 33.389583333332787 ], [ 77.22708333333307, 33.385416666666138 ], [ 77.235416666666396, 33.385416666666138 ] ] ] } },
{ "type": "Feature", "properties": { "HYRIV_ID": 40566995, "NEXT_DOWN": 40568166, "MAIN_RIV": 41023100, "LENGTH_KM": 4.33, "DIST_DN_KM": 2825.3, "DIST_UP_KM": 38.4, "CATCH_SKM": 19.36, "UPLAND_SKM": 599.5, "ENDORHEIC": 0, "DIS_AV_CMS": 12.439, "ORD_STRA": 4, "ORD_CLAS": 3, "ORD_FLOW": 5, "HYBAS_L12": 4120663500 }, "geometry": { "type": "MultiLineString", "coordinates": [ [ [ 77.235416666666396, 33.385416666666138 ], [ 77.239583333333115, 33.381249999999476 ], [ 77.243749999999778, 33.381249999999476 ], [ 77.260416666666316, 33.364583333332796 ], [ 77.260416666666316, 33.356249999999484 ] ] ] } },
{ "type": "Feature", "properties": { "HYRIV_ID": 40550080, "NEXT_DOWN": 40550081, "MAIN_RIV": 41023100, "LENGTH_KM": 0.77, "DIST_DN_KM": 2696.4, "DIST_UP_KM": 264.9, "CATCH_SKM": 0.71, "UPLAND_SKM": 11537.4, "ENDORHEIC": 0, "DIS_AV_CMS": 282.184, "ORD_STRA": 5, "ORD_CLAS": 2, "ORD_FLOW": 4, "HYBAS_L12": 4121390210 }, "geometry": { "type": "MultiLineString", "coordinates": [ [ [ 76.918749999999676, 33.889583333332773 ], [ 76.927083333333059, 33.889583333332773 ] ] ] } },
{ "type": "Feature", "properties": { "HYRIV_ID": 40550081, "NEXT_DOWN": 40550082, "MAIN_RIV": 41023100, "LENGTH_KM": 0.6, "DIST_DN_KM": 2696.0, "DIST_UP_KM": 265.3, "CATCH_SKM": 1.07, "UPLAND_SKM": 11557.5, "ENDORHEIC": 0, "DIS_AV_CMS": 282.45, "ORD_STRA": 5, "ORD_CLAS": 2, "ORD_FLOW": 4, "HYBAS_L12": 4121390210 }, "geometry": { "type": "MultiLineString", "coordinates": [ [ [ 76.927083333333059, 33.889583333332773 ], [ 76.931249999999721, 33.893749999999478 ] ] ] } },
{ "type": "Feature", "properties": { "HYRIV_ID": 40550082, "NEXT_DOWN": 40549953, "MAIN_RIV": 41023100, "LENGTH_KM": 6.59, "DIST_DN_KM": 2689.2, "DIST_UP_KM": 272.1, "CATCH_SKM": 31.18, "UPLAND_SKM": 11628.8, "ENDORHEIC": 0, "DIS_AV_CMS": 283.461, "ORD_STRA": 5, "ORD_CLAS": 2, "ORD_FLOW": 4, "HYBAS_L12": 4120648000 }, "geometry": { "type": "MultiLineString", "coordinates": [ [ [ 76.931249999999721, 33.893749999999478 ], [ 76.94374999999971, 33.893749999999478 ], [ 76.947916666666373, 33.889583333332773 ], [ 76.972916666666407, 33.889583333332773 ], [ 76.97708333333307, 33.893749999999478 ], [ 76.997916666666441, 33.893749999999478 ] ] ] } },
{ "type": "Feature", "properties": { "HYRIV_ID": 40550621, "NEXT_DOWN": 40550080, "MAIN_RIV": 41023100, "LENGTH_KM": 3.56, "DIST_DN_KM": 2697.3, "DIST_UP_KM": 264.0, "CATCH_SKM": 10.69, "UPLAND_SKM": 11504.8, "ENDORHEIC": 0, "DIS_AV_CMS": 281.772, "ORD_STRA": 5, "ORD_CLAS": 2, "ORD_FLOW": 4, "HYBAS_L12": 4121390210 }, "geometry": { "type": "MultiLineString", "coordinates": [ [ [ 76.889583333333036, 33.872916666666136 ], [ 76.902083333333024, 33.88541666666611 ], [ 76.914583333333013, 33.88541666666611 ], [ 76.918749999999676, 33.889583333332773 ] ] ] } },
{ "type": "Feature", "properties": { "HYRIV_ID": 40551420, "NEXT_DOWN": 40550621, "MAIN_RIV": 41023100, "LENGTH_KM": 2.92, "DIST_DN_KM": 2700.9, "DIST_UP_KM": 260.4, "CATCH_SKM": 16.4, "UPLAND_SKM": 11404.3, "ENDORHEIC": 0, "DIS_AV_CMS": 280.428, "ORD_STRA": 5, "ORD_CLAS": 2, "ORD_FLOW": 4, "HYBAS_L12": 4121390210 }, "geometry": { "type": "MultiLineString", "coordinates": [ [ [ 76.885416666666316, 33.847916666666144 ], [ 76.885416666666316, 33.868749999999487 ], [ 76.889583333333036, 33.872916666666136 ] ] ] } },
{ "type": "Feature", "properties": { "HYRIV_ID": 40553106, "NEXT_DOWN": 40553107, "MAIN_RIV": 41023100, "LENGTH_KM": 3.73, "DIST_DN_KM": 2715.8, "DIST_UP_KM": 43.5, "CATCH_SKM": 15.16, "UPLAND_SKM": 718.2, "ENDORHEIC": 0, "DIS_AV_CMS": 10.357, "ORD_STRA": 4, "ORD_CLAS": 3, "ORD_FLOW": 5, "HYBAS_L12": 4120651510 }, "geometry": { "type": "MultiLineString", "coordinates": [ [ [ 76.781249999999687, 33.806249999999473 ], [ 76.78541666666635, 33.802083333332824 ], [ 76.789583333333013, 33.802083333332824 ], [ 76.793749999999676, 33.797916666666119 ], [ 76.797916666666396, 33.797916666666119 ], [ 76.802083333333059, 33.793749999999456 ], [ 76.814583333333047, 33.793749999999456 ] ] ] } },
{ "type": "Feature", "properties": { "HYRIV_ID": 40553107, "NEXT_DOWN": 40553508, "MAIN_RIV": 41023100, "LENGTH_KM": 1.54, "DIST_DN_KM": 2714.3, "DIST_UP_KM": 45.0, "CATCH_SKM": 3.21, "UPLAND_SKM": 744.9, "ENDORHEIC": 0, "DIS_AV_CMS": 10.765, "ORD_STRA": 4, "ORD_CLAS": 3, "ORD_FLOW": 5, "HYBAS_L12": 4120651510 }, "geometry": { "type": "MultiLineString", "coordinates": [ [ [ 76.814583333333047, 33.793749999999456 ], [ 76.831249999999756, 33.793749999999456 ] ] ] } },
{ "type": "Feature", "properties": { "HYRIV_ID": 40553350, "NEXT_DOWN": 40551420, "MAIN_RIV": 41023100, "LENGTH_KM": 8.2, "DIST_DN_KM": 2703.8, "DIST_UP_KM": 257.5, "CATCH_SKM": 27.65, "UPLAND_SKM": 11221.1, "ENDORHEIC": 0, "DIS_AV_CMS": 277.796, "ORD_STRA": 5, "ORD_CLAS": 2, "ORD_FLOW": 4, "HYBAS_L12": 4120649900 }, "geometry": { "type": "MultiLineString", "coordinates": [ [ [ 76.847916666666464, 33.785416666666102 ], [ 76.847916666666464, 33.789583333332807 ], [ 76.852083333333127, 33.793749999999456 ], [ 76.852083333333127, 33.802083333332824 ], [ 76.856249999999676, 33.806249999999473 ], [ 76.856249999999676, 33.810416666666136 ], [ 76.87708333333299, 33.831249999999464 ], [ 76.87708333333299, 33.835416666666127 ], [ 76.88124999999971, 33.83958333333279 ], [ 76.88124999999971, 33.843749999999453 ], [ 76.885416666666316, 33.847916666666144 ] ] ] } },
{ "type": "Feature", "properties": { "HYRIV_ID": 40553508, "NEXT_DOWN": 40553350, "MAIN_RIV": 41023100, "LENGTH_KM": 2.41, "DIST_DN_KM": 2712.1, "DIST_UP_KM": 47.2, "CATCH_SKM": 4.1, "UPLAND_SKM": 773.7, "ENDORHEIC": 0, "DIS_AV_CMS": 11.165, "ORD_STRA": 4, "ORD_CLAS": 3, "ORD_FLOW": 5, "HYBAS_L12": 4120651510 }, "geometry": { "type": "MultiLineString", "coordinates": [ [ [ 76.831249999999756, 33.793749999999456 ], [ 76.843749999999744, 33.781249999999481 ], [ 76.847916666666464, 33.785416666666102 ] ] ] } },
{ "type": "Feature", "properties": { "HYRIV_ID": 40553908, "NEXT_DOWN": 40553350, "MAIN_RIV": 41023100, "LENGTH_KM": 1.99, "DIST_DN_KM": 2711.9, "DIST_UP_KM": 249.4, "CATCH_SKM": 3.39, "UPLAND_SKM": 10419.8, "ENDORHEIC": 0, "DIS_AV_CMS": 266.086, "ORD_STRA": 5, "ORD_CLAS": 2, "ORD_FLOW": 4, "HYBAS_L12": 4120651520 }, "geometry": { "type": "MultiLineString", "coordinates": [ [ [ 76.843749999999744, 33.768749999999464 ], [ 76.843749999999744, 33.772916666666127 ], [ 76.847916666666464, 33.77708333333279 ], [ 76.847916666666464, 33.785416666666102 ] ] ] } },
{ "type": "Feature", "properties": { "HYRIV_ID": 40554838, "NEXT_DOWN": 40553908, "MAIN_RIV": 41023100, "LENGTH_KM": 3.66, "DIST_DN_KM": 2713.9, "DIST_UP_KM": 247.4, "CATCH_SKM": 10.71, "UPLAND_SKM": 10404.8, "ENDORHEIC": 0, "DIS_AV_CMS": 265.826, "ORD_STRA": 5, "ORD_CLAS": 2, "ORD_FLOW": 4, "HYBAS_L12": 4120651520 }, "geometry": { "type": "MultiLineString", "coordinates": [ [ [ 76.856249999999676, 33.73958333333281 ], [ 76.856249999999676, 33.752083333332799 ], [ 76.843749999999744, 33.764583333332816 ], [ 76.843749999999744, 33.768749999999464 ] ] ] } },
{ "type": "Feature", "properties": { "HYRIV_ID": 40555585, "NEXT_DOWN": 40556128, "MAIN_RIV": 41023100, "LENGTH_KM": 1.76, "DIST_DN_KM": 2806.5, "DIST_UP_KM": 45.9, "CATCH_SKM": 6.07, "UPLAND_SKM": 830.9, "ENDORHEIC": 0, "DIS_AV_CMS": 17.117, "ORD_STRA": 4, "ORD_CLAS": 3, "ORD_FLOW": 5, "HYBAS_L12": 4121392980 }, "geometry": { "type": "MultiLineString", "coordinates": [ [ [ 76.493749999999721, 33.722916666666144 ], [ 76.497916666666384, 33.718749999999439 ], [ 76.510416666666373, 33.718749999999439 ] ] ] } },
{ "type": "Feature", "properties": { "HYRIV_ID": 40555586, "NEXT_DOWN": 40554838, "MAIN_RIV": 41023100, "LENGTH_KM": 2.87, "DIST_DN_KM": 2717.7, "DIST_UP_KM": 243.6, "CATCH_SKM": 14.82, "UPLAND_SKM": 10361.8, "ENDORHEIC": 0, "DIS_AV_CMS": 265.078, "ORD_STRA": 5, "ORD_CLAS": 2, "ORD_FLOW": 4, "HYBAS_L12": 4120651520 }, "geometry": { "type": "MultiLineString", "coordinates": [ [ [ 76.872916666666441, 33.718749999999439 ], [ 76.864583333333002, 33.727083333332793 ], [ 76.864583333333002, 33.731249999999456 ], [ 76.856249999999676, 33.73958333333281 ] ] ] } },
{ "type": "Feature", "properties": { "HYRIV_ID": 40556128, "NEXT_DOWN": 40556129, "MAIN_RIV": 41023100, "LENGTH_KM": 3.95, "DIST_DN_KM": 2802.8, "DIST_UP_KM": 49.6, "CATCH_SKM": 16.61, "UPLAND_SKM": 854.6, "ENDORHEIC": 0, "DIS_AV_CMS": 17.587, "ORD_STRA": 4, "ORD_CLAS": 3, "ORD_FLOW": 5, "HYBAS_L12": 4121392980 }, "geometry": { "type": "MultiLineString", "coordinates": [ [ [ 76.510416666666373, 33.718749999999439 ], [ 76.518749999999699, 33.718749999999439 ], [ 76.522916666666362, 33.714583333332776 ], [ 76.527083333333024, 33.714583333332776 ], [ 76.53541666666635, 33.706249999999464 ], [ 76.53958333333307, 33.706249999999464 ], [ 76.543749999999733, 33.702083333332801 ] ] ] } },
{ "type": "Feature", "properties": { "HYRIV_ID": 40556129, "NEXT_DOWN": 40556521, "MAIN_RIV": 41023100, "LENGTH_KM": 0.39, "DIST_DN_KM": 2802.2, "DIST_UP_KM": 50.2, "CATCH_SKM": 0.71, "UPLAND_SKM": 873.0, "ENDORHEIC": 0, "DIS_AV_CMS": 17.959, "ORD_STRA": 4, "ORD_CLAS": 3, "ORD_FLOW": 5, "HYBAS_L12": 4121392980 }, "geometry": { "type": "MultiLineString", "coordinates": [ [ [ 76.543749999999733, 33.702083333332801 ], [ 76.547916666666396, 33.702083333332801 ] ] ] } },
{ "type": "Feature", "properties": { "HYRIV_ID": 40556263, "NEXT_DOWN": 40555586, "MAIN_RIV": 41023100, "LENGTH_KM": 6.1, "DIST_DN_KM": 2720.6, "DIST_UP_KM": 240.7, "CATCH_SKM": 27.68, "UPLAND_SKM": 10310.1, "ENDORHEIC": 0, "DIS_AV_CMS": 264.195, "ORD_STRA": 5, "ORD_CLAS": 2, "ORD_FLOW": 4, "HYBAS_L12": 4120651520 }, "geometry": { "type": "MultiLineString", "coordinates": [ [ [ 76.927083333333059, 33.697916666666153 ], [ 76.922916666666339, 33.702083333332801 ], [ 76.906249999999687, 33.702083333332801 ], [ 76.902083333333024, 33.706249999999464 ], [ 76.897916666666362, 33.706249999999464 ], [ 76.893749999999699, 33.710416666666127 ], [ 76.889583333333036, 33.710416666666127 ], [ 76.885416666666316, 33.714583333332776 ], [ 76.87708333333299, 33.714583333332776 ], [ 76.872916666666441, 33.718749999999439 ] ] ] } },
{ "type": "Feature", "properties": { "HYRIV_ID": 40556521, "NEXT_DOWN": 40556939, "MAIN_RIV": 41023100, "LENGTH_KM": 3.35, "DIST_DN_KM": 2799.1, "DIST_UP_KM": 53.4, "CATCH_SKM": 10.36, "UPLAND_SKM": 924.6, "ENDORHEIC": 0, "DIS_AV_CMS": 18.9, "ORD_STRA": 4, "ORD_CLAS": 3, "ORD_FLOW": 5, "HYBAS_L12": 4121392980 }, "geometry": { "type": "MultiLineString", "coordinates": [ [ [ 76.547916666666396, 33.702083333332801 ], [ 76.552083333333059, 33.697916666666153 ], [ 76.556249999999721, 33.697916666666153 ], [ 76.560416666666384, 33.693749999999447 ], [ 76.572916666666316, 33.693749999999447 ], [ 76.577083333333093, 33.689583333332784 ] ] ] } },
{ "type": "Feature", "properties": { "HYRIV_ID": 40556524, "NEXT_DOWN": 40556263, "MAIN_RIV": 41023100, "LENGTH_KM": 1.21, "DIST_DN_KM": 2726.7, "DIST_UP_KM": 234.6, "CATCH_SKM": 3.21, "UPLAND_SKM": 10195.1, "ENDORHEIC": 0, "DIS_AV_CMS": 262.13, "ORD_STRA": 5, "ORD_CLAS": 2, "ORD_FLOW": 4, "HYBAS_L12": 4121392700 }, "geometry": { "type": "MultiLineString", "coordinates": [ [ [ 76.935416666666384, 33.689583333332784 ], [ 76.927083333333059, 33.697916666666153 ] ] ] } },
{ "type": "Feature", "properties": { "HYRIV_ID": 40556939, "NEXT_DOWN": 40556940, "MAIN_RIV": 41023100, "LENGTH_KM": 2.19, "DIST_DN_KM": 2796.9, "DIST_UP_KM": 55.5, "CATCH_SKM": 4.11, "UPLAND_SKM": 950.9, "ENDORHEIC": 0, "DIS_AV_CMS": 19.397, "ORD_STRA": 4, "ORD_CLAS": 3, "ORD_FLOW": 5, "HYBAS_L12": 4121392980 }, "geometry": { "type": "MultiLineString", "coordinates": [ [ [ 76.577083333333093, 33.689583333332784 ], [ 76.581249999999756, 33.685416666666136 ], [ 76.585416666666418, 33.685416666666136 ], [ 76.593749999999801, 33.67708333333281 ] ] ] } },
{ "type": "Feature", "properties": { "HYRIV_ID": 40556940, "NEXT_DOWN": 40557474, "MAIN_RIV": 41023100, "LENGTH_KM": 0.77, "DIST_DN_KM": 2795.9, "DIST_UP_KM": 56.5, "CATCH_SKM": 1.61, "UPLAND_SKM": 983.2, "ENDORHEIC": 0, "DIS_AV_CMS": 20.063, "ORD_STRA": 4, "ORD_CLAS": 3, "ORD_FLOW": 5, "HYBAS_L12": 4121393420 }, "geometry": { "type": "MultiLineString", "coordinates": [ [ [ 76.593749999999801, 33.67708333333281 ], [ 76.602083333333013, 33.67708333333281 ] ] ] } },
{ "type": "Feature", "properties": { "HYRIV_ID": 40557336, "NEXT_DOWN": 40556524, "MAIN_RIV": 41023100, "LENGTH_KM": 4.0, "DIST_DN_KM": 2727.9, "DIST_UP_KM": 233.4, "CATCH_SKM": 16.44, "UPLAND_SKM": 10183.8, "ENDORHEIC": 0, "DIS_AV_CMS": 261.935, "ORD_STRA": 5, "ORD_CLAS": 2, "ORD_FLOW": 4, "HYBAS_L12": 4121392700 }, "geometry": { "type": "MultiLineString", "coordinates": [ [ [ 76.964583333333081, 33.664583333332793 ], [ 76.960416666666418, 33.668749999999456 ], [ 76.956249999999756, 33.668749999999456 ], [ 76.935416666666384, 33.689583333332784 ] ] ] } },
{ "type": "Feature", "properties": { "HYRIV_ID": 40557474, "NEXT_DOWN": 40557475, "MAIN_RIV": 41023100, "LENGTH_KM": 2.66, "DIST_DN_KM": 2793.5, "DIST_UP_KM": 59.0, "CATCH_SKM": 7.86, "UPLAND_SKM": 1006.1, "ENDORHEIC": 0, "DIS_AV_CMS": 20.488, "ORD_STRA": 4, "ORD_CLAS": 3, "ORD_FLOW": 5, "HYBAS_L12": 4121393420 }, "geometry": { "type": "MultiLineString", "coordinates": [ [ [ 76.602083333333013, 33.67708333333281 ], [ 76.60624999999979, 33.672916666666161 ], [ 76.60624999999979, 33.668749999999456 ], [ 76.610416666666339, 33.664583333332793 ], [ 76.614583333333002, 33.664583333332793 ], [ 76.618749999999835, 33.660416666666144 ] ] ] } },
{ "type": "Feature", "properties": { "HYRIV_ID": 40557475, "NEXT_DOWN": 40558002, "MAIN_RIV": 41023100, "LENGTH_KM": 0.39, "DIST_DN_KM": 2792.9, "DIST_UP_KM": 59.5, "CATCH_SKM": 0.54, "UPLAND_SKM": 1044.3, "ENDORHEIC": 0, "DIS_AV_CMS": 21.281, "ORD_STRA": 4, "ORD_CLAS": 3, "ORD_FLOW": 5, "HYBAS_L12": 4121393420 }, "geometry": { "type": "MultiLineString", "coordinates": [ [ [ 76.618749999999835, 33.660416666666144 ], [ 76.622916666666384, 33.660416666666144 ] ] ] } },
{ "type": "Feature", "properties": { "HYRIV_ID": 40557633, "NEXT_DOWN": 40557336, "MAIN_RIV": 41023100, "LENGTH_KM": 1.45, "DIST_DN_KM": 2731.7, "DIST_UP_KM": 229.6, "CATCH_SKM": 1.79, "UPLAND_SKM": 10152.4, "ENDORHEIC": 0, "DIS_AV_CMS": 261.362, "ORD_STRA": 5, "ORD_CLAS": 2, "ORD_FLOW": 4, "HYBAS_L12": 4121392700 }, "geometry": { "type": "MultiLineString", "coordinates": [ [ [ 76.972916666666407, 33.656249999999481 ], [ 76.972916666666407, 33.660416666666144 ], [ 76.968749999999744, 33.664583333332793 ], [ 76.964583333333081, 33.664583333332793 ] ] ] } },
{ "type": "Feature", "properties": { "HYRIV_ID": 40558002, "NEXT_DOWN": 40558395, "MAIN_RIV": 41023100, "LENGTH_KM": 3.04, "DIST_DN_KM": 2789.8, "DIST_UP_KM": 62.6, "CATCH_SKM": 19.48, "UPLAND_SKM": 1080.2, "ENDORHEIC": 0, "DIS_AV_CMS": 21.964, "ORD_STRA": 4, "ORD_CLAS": 3, "ORD_FLOW": 5, "HYBAS_L12": 4121393420 }, "geometry": { "type": "MultiLineString", "coordinates": [ [ [ 76.622916666666384, 33.660416666666144 ], [ 76.62708333333299, 33.656249999999481 ], [ 76.63124999999971, 33.656249999999481 ], [ 76.635416666666316, 33.652083333332776 ], [ 76.635416666666316, 33.647916666666127 ], [ 76.639583333333036, 33.643749999999464 ], [ 76.643749999999699, 33.643749999999464 ] ] ] } },
{ "type": "Feature", "properties": { "HYRIV_ID": 40558118, "NEXT_DOWN": 40557633, "MAIN_RIV": 41023100, "LENGTH_KM": 1.99, "DIST_DN_KM": 2733.2, "DIST_UP_KM": 228.2, "CATCH_SKM": 5.18, "UPLAND_SKM": 10134.2, "ENDORHEIC": 0, "DIS_AV_CMS": 261.042, "ORD_STRA": 5, "ORD_CLAS": 2, "ORD_FLOW": 4, "HYBAS_L12": 4121392700 }, "geometry": { "type": "MultiLineString", "coordinates": [ [ [ 76.97708333333307, 33.639583333332801 ], [ 76.97708333333307, 33.643749999999464 ], [ 76.972916666666407, 33.647916666666127 ], [ 76.972916666666407, 33.656249999999481 ] ] ] } },
{ "type": "Feature", "properties": { "HYRIV_ID": 40558237, "NEXT_DOWN": 40558118, "MAIN_RIV": 41023100, "LENGTH_KM": 0.99, "DIST_DN_KM": 2735.3, "DIST_UP_KM": 226.0, "CATCH_SKM": 1.61, "UPLAND_SKM": 10114.9, "ENDORHEIC": 0, "DIS_AV_CMS": 260.669, "ORD_STRA": 5, "ORD_CLAS": 2, "ORD_FLOW": 4, "HYBAS_L12": 4121392700 }, "geometry": { "type": "MultiLineString", "coordinates": [ [ [ 76.985416666666339, 33.635416666666138 ], [ 76.98124999999979, 33.635416666666138 ], [ 76.97708333333307, 33.639583333332801 ] ] ] } },
{ "type": "Feature", "properties": { "HYRIV_ID": 40558395, "NEXT_DOWN": 40558731, "MAIN_RIV": 41023100, "LENGTH_KM": 3.74, "DIST_DN_KM": 2786.3, "DIST_UP_KM": 66.1, "CATCH_SKM": 13.4, "UPLAND_SKM": 1105.1, "ENDORHEIC": 0, "DIS_AV_CMS": 22.433, "ORD_STRA": 4, "ORD_CLAS": 3, "ORD_FLOW": 5, "HYBAS_L12": 4120656700 }, "geometry": { "type": "MultiLineString", "coordinates": [ [ [ 76.643749999999699, 33.643749999999464 ], [ 76.652083333333024, 33.643749999999464 ], [ 76.656249999999687, 33.639583333332801 ], [ 76.66041666666635, 33.639583333332801 ], [ 76.664583333333013, 33.635416666666138 ], [ 76.672916666666396, 33.635416666666138 ], [ 76.677083333333059, 33.63124999999949 ] ] ] } },
{ "type": "Feature", "properties": { "HYRIV_ID": 40558731, "NEXT_DOWN": 40558957, "MAIN_RIV": 41023100, "LENGTH_KM": 2.58, "DIST_DN_KM": 2783.8, "DIST_UP_KM": 68.7, "CATCH_SKM": 12.69, "UPLAND_SKM": 1158.9, "ENDORHEIC": 0, "DIS_AV_CMS": 23.526, "ORD_STRA": 4, "ORD_CLAS": 3, "ORD_FLOW": 5, "HYBAS_L12": 4120656700 }, "geometry": { "type": "MultiLineString", "coordinates": [ [ [ 76.677083333333059, 33.63124999999949 ], [ 76.681249999999721, 33.63124999999949 ], [ 76.689583333333047, 33.622916666666121 ], [ 76.693749999999767, 33.622916666666121 ], [ 76.69791666666643, 33.618749999999473 ] ] ] } },
{ "type": "Feature", "properties": { "HYRIV_ID": 40558957, "NEXT_DOWN": 40559213, "MAIN_RIV": 41023100, "LENGTH_KM": 1.21, "DIST_DN_KM": 2782.6, "DIST_UP_KM": 69.9, "CATCH_SKM": 1.79, "UPLAND_SKM": 1212.3, "ENDORHEIC": 0, "DIS_AV_CMS": 24.475, "ORD_STRA": 4, "ORD_CLAS": 3, "ORD_FLOW": 5, "HYBAS_L12": 4120656700 }, "geometry": { "type": "MultiLineString", "coordinates": [ [ [ 76.69791666666643, 33.618749999999473 ], [ 76.706249999999756, 33.610416666666147 ] ] ] } },
{ "type": "Feature", "properties": { "HYRIV_ID": 40559213, "NEXT_DOWN": 40559968, "MAIN_RIV": 41023100, "LENGTH_KM": 1.59, "DIST_DN_KM": 2781.0, "DIST_UP_KM": 71.4, "CATCH_SKM": 6.97, "UPLAND_SKM": 1225.5, "ENDORHEIC": 0, "DIS_AV_CMS": 24.727, "ORD_STRA": 4, "ORD_CLAS": 3, "ORD_FLOW": 5, "HYBAS_L12": 4120656700 }, "geometry": { "type": "MultiLineString", "coordinates": [ [ [ 76.706249999999756, 33.610416666666147 ], [ 76.710416666666418, 33.606249999999498 ], [ 76.714583333333081, 33.606249999999498 ], [ 76.718749999999801, 33.602083333332793 ] ] ] } },
{ "type": "Feature", "properties": { "HYRIV_ID": 40559336, "NEXT_DOWN": 40558237, "MAIN_RIV": 41023100, "LENGTH_KM": 5.25, "DIST_DN_KM": 2736.1, "DIST_UP_KM": 225.2, "CATCH_SKM": 21.09, "UPLAND_SKM": 9936.5, "ENDORHEIC": 0, "DIS_AV_CMS": 257.73, "ORD_STRA": 5, "ORD_CLAS": 2, "ORD_FLOW": 4, "HYBAS_L12": 4120656040 }, "geometry": { "type": "MultiLineString", "coordinates": [ [ [ 77.00208333333299, 33.59791666666613 ], [ 76.997916666666441, 33.602083333332793 ], [ 76.997916666666441, 33.61458333333281 ], [ 77.00208333333299, 33.618749999999473 ], [ 77.00208333333299, 33.622916666666121 ], [ 76.989583333333002, 33.635416666666138 ], [ 76.985416666666339, 33.635416666666138 ] ] ] } },
{ "type": "Feature", "properties": { "HYRIV_ID": 40559728, "NEXT_DOWN": 40559336, "MAIN_RIV": 41023100, "LENGTH_KM": 1.39, "DIST_DN_KM": 2741.4, "DIST_UP_KM": 219.9, "CATCH_SKM": 1.07, "UPLAND_SKM": 9895.0, "ENDORHEIC": 0, "DIS_AV_CMS": 256.934, "ORD_STRA": 5, "ORD_CLAS": 2, "ORD_FLOW": 4, "HYBAS_L12": 4120656040 }, "geometry": { "type": "MultiLineString", "coordinates": [ [ [ 77.00208333333299, 33.585416666666113 ], [ 77.00208333333299, 33.59791666666613 ] ] ] } },
{ "type": "Feature", "properties": { "HYRIV_ID": 40559968, "NEXT_DOWN": 40561609, "MAIN_RIV": 41023100, "LENGTH_KM": 3.62, "DIST_DN_KM": 2777.4, "DIST_UP_KM": 75.1, "CATCH_SKM": 15.38, "UPLAND_SKM": 1447.8, "ENDORHEIC": 0, "DIS_AV_CMS": 29.695, "ORD_STRA": 4, "ORD_CLAS": 3, "ORD_FLOW": 5, "HYBAS_L12": 4120659240 }, "geometry": { "type": "MultiLineString", "coordinates": [ [ [ 76.718749999999801, 33.602083333332793 ], [ 76.743749999999665, 33.577083333332801 ] ] ] } },
{ "type": "Feature", "properties": { "HYRIV_ID": 40560230, "NEXT_DOWN": 40559728, "MAIN_RIV": 41023100, "LENGTH_KM": 1.99, "DIST_DN_KM": 2743.0, "DIST_UP_KM": 218.3, "CATCH_SKM": 3.76, "UPLAND_SKM": 9836.9, "ENDORHEIC": 0, "DIS_AV_CMS": 255.862, "ORD_STRA": 5, "ORD_CLAS": 2, "ORD_FLOW": 4, "HYBAS_L12": 4120656040 }, "geometry": { "type": "MultiLineString", "coordinates": [ [ [ 76.997916666666441, 33.568749999999447 ], [ 76.997916666666441, 33.581249999999464 ], [ 77.00208333333299, 33.585416666666113 ] ] ] } },
{ "type": "Feature", "properties": { "HYRIV_ID": 40560371, "NEXT_DOWN": 40560230, "MAIN_RIV": 41023100, "LENGTH_KM": 0.6, "DIST_DN_KM": 2745.0, "DIST_UP_KM": 216.3, "CATCH_SKM": 0.36, "UPLAND_SKM": 9821.2, "ENDORHEIC": 0, "DIS_AV_CMS": 255.527, "ORD_STRA": 5, "ORD_CLAS": 2, "ORD_FLOW": 4, "HYBAS_L12": 4121394320 }, "geometry": { "type": "MultiLineString", "coordinates": [ [ [ 76.993749999999665, 33.564583333332784 ], [ 76.997916666666441, 33.568749999999447 ] ] ] } },
{ "type": "Feature", "properties": { "HYRIV_ID": 40560936, "NEXT_DOWN": 40560371, "MAIN_RIV": 41023100, "LENGTH_KM": 1.99, "DIST_DN_KM": 2745.4, "DIST_UP_KM": 215.9, "CATCH_SKM": 3.94, "UPLAND_SKM": 9793.3, "ENDORHEIC": 0, "DIS_AV_CMS": 255.007, "ORD_STRA": 5, "ORD_CLAS": 2, "ORD_FLOW": 4, "HYBAS_L12": 4121394320 }, "geometry": { "type": "MultiLineString", "coordinates": [ [ [ 76.989583333333002, 33.547916666666147 ], [ 76.989583333333002, 33.55208333333281 ], [ 76.993749999999665, 33.556249999999473 ], [ 76.993749999999665, 33.564583333332784 ] ] ] } },
{ "type": "Feature", "properties": { "HYRIV_ID": 40561066, "NEXT_DOWN": 40560936, "MAIN_RIV": 41023100, "LENGTH_KM": 0.6, "DIST_DN_KM": 2747.6, "DIST_UP_KM": 213.7, "CATCH_SKM": 0.89, "UPLAND_SKM": 9778.1, "ENDORHEIC": 0, "DIS_AV_CMS": 254.673, "ORD_STRA": 5, "ORD_CLAS": 2, "ORD_FLOW": 4, "HYBAS_L12": 4121394320 }, "geometry": { "type": "MultiLineString", "coordinates": [ [ [ 76.985416666666339, 33.543749999999498 ], [ 76.989583333333002, 33.547916666666147 ] ] ] } },
{ "type": "Feature", "properties": { "HYRIV_ID": 40561609, "NEXT_DOWN": 40561867, "MAIN_RIV": 41023100, "LENGTH_KM": 6.96, "DIST_DN_KM": 2770.4, "DIST_UP_KM": 82.0, "CATCH_SKM": 41.86, "UPLAND_SKM": 1570.9, "ENDORHEIC": 0, "DIS_AV_CMS": 32.186, "ORD_STRA": 4, "ORD_CLAS": 3, "ORD_FLOW": 5, "HYBAS_L12": 4120659240 }, "geometry": { "type": "MultiLineString", "coordinates": [ [ [ 76.743749999999665, 33.577083333332801 ], [ 76.747916666666498, 33.572916666666138 ], [ 76.747916666666498, 33.568749999999447 ], [ 76.768749999999699, 33.547916666666147 ], [ 76.768749999999699, 33.543749999999498 ], [ 76.78541666666635, 33.527083333332818 ] ] ] } },
{ "type": "Feature", "properties": { "HYRIV_ID": 40561867, "NEXT_DOWN": 40562156, "MAIN_RIV": 41023100, "LENGTH_KM": 1.59, "DIST_DN_KM": 2768.8, "DIST_UP_KM": 83.6, "CATCH_SKM": 4.47, "UPLAND_SKM": 1631.9, "ENDORHEIC": 0, "DIS_AV_CMS": 33.352, "ORD_STRA": 4, "ORD_CLAS": 3, "ORD_FLOW": 5, "HYBAS_L12": 4120659240 }, "geometry": { "type": "MultiLineString", "coordinates": [ [ [ 76.78541666666635, 33.527083333332818 ], [ 76.789583333333013, 33.522916666666113 ], [ 76.793749999999676, 33.522916666666113 ], [ 76.797916666666396, 33.51874999999945 ] ] ] } },
{ "type": "Feature", "properties": { "HYRIV_ID": 40561869, "NEXT_DOWN": 40561871, "MAIN_RIV": 41023100, "LENGTH_KM": 2.32, "DIST_DN_KM": 2754.2, "DIST_UP_KM": 98.2, "CATCH_SKM": 6.62, "UPLAND_SKM": 2038.1, "ENDORHEIC": 0, "DIS_AV_CMS": 42.691, "ORD_STRA": 4, "ORD_CLAS": 3, "ORD_FLOW": 5, "HYBAS_L12": 4120659010 }, "geometry": { "type": "MultiLineString", "coordinates": [ [ [ 76.91041666666635, 33.51874999999945 ], [ 76.935416666666384, 33.51874999999945 ] ] ] } },
{ "type": "Feature", "properties": { "HYRIV_ID": 40561871, "NEXT_DOWN": 40561872, "MAIN_RIV": 41023100, "LENGTH_KM": 0.77, "DIST_DN_KM": 2753.4, "DIST_UP_KM": 207.9, "CATCH_SKM": 0.72, "UPLAND_SKM": 9700.6, "ENDORHEIC": 0, "DIS_AV_CMS": 252.984, "ORD_STRA": 5, "ORD_CLAS": 2, "ORD_FLOW": 4, "HYBAS_L12": 4121394320 }, "geometry": { "type": "MultiLineString", "coordinates": [ [ [ 76.935416666666384, 33.51874999999945 ], [ 76.94374999999971, 33.51874999999945 ] ] ] } },
{ "type": "Feature", "properties": { "HYRIV_ID": 40561872, "NEXT_DOWN": 40561066, "MAIN_RIV": 41023100, "LENGTH_KM": 5.41, "DIST_DN_KM": 2748.0, "DIST_UP_KM": 213.3, "CATCH_SKM": 27.56, "UPLAND_SKM": 9751.4, "ENDORHEIC": 0, "DIS_AV_CMS": 254.123, "ORD_STRA": 5, "ORD_CLAS": 2, "ORD_FLOW": 4, "HYBAS_L12": 4121394320 }, "geometry": { "type": "MultiLineString", "coordinates": [ [ [ 76.94374999999971, 33.51874999999945 ], [ 76.956249999999756, 33.51874999999945 ], [ 76.972916666666407, 33.53541666666613 ], [ 76.972916666666407, 33.539583333332835 ], [ 76.97708333333307, 33.543749999999498 ], [ 76.985416666666339, 33.543749999999498 ] ] ] } },
{ "type": "Feature", "properties": { "HYRIV_ID": 40562156, "NEXT_DOWN": 40562281, "MAIN_RIV": 41023100, "LENGTH_KM": 2.37, "DIST_DN_KM": 2766.3, "DIST_UP_KM": 86.2, "CATCH_SKM": 11.99, "UPLAND_SKM": 1671.1, "ENDORHEIC": 0, "DIS_AV_CMS": 34.203, "ORD_STRA": 4, "ORD_CLAS": 3, "ORD_FLOW": 5, "HYBAS_L12": 4120659240 }, "geometry": { "type": "MultiLineString", "coordinates": [ [ [ 76.797916666666396, 33.51874999999945 ], [ 76.802083333333059, 33.51874999999945 ], [ 76.806249999999721, 33.514583333332801 ], [ 76.810416666666384, 33.514583333332801 ], [ 76.814583333333047, 33.510416666666138 ], [ 76.81874999999971, 33.510416666666138 ] ] ] } },
{ "type": "Feature", "properties": { "HYRIV_ID": 40562158, "NEXT_DOWN": 40561869, "MAIN_RIV": 41023100, "LENGTH_KM": 1.21, "DIST_DN_KM": 2756.7, "DIST_UP_KM": 95.7, "CATCH_SKM": 1.61, "UPLAND_SKM": 2017.2, "ENDORHEIC": 0, "DIS_AV_CMS": 42.275, "ORD_STRA": 4, "ORD_CLAS": 3, "ORD_FLOW": 5, "HYBAS_L12": 4120659010 }, "geometry": { "type": "MultiLineString", "coordinates": [ [ [ 76.902083333333024, 33.510416666666138 ], [ 76.91041666666635, 33.51874999999945 ] ] ] } },
{ "type": "Feature", "properties": { "HYRIV_ID": 40562281, "NEXT_DOWN": 40562432, "MAIN_RIV": 41023100, "LENGTH_KM": 4.47, "DIST_DN_KM": 2761.8, "DIST_UP_KM": 90.6, "CATCH_SKM": 10.38, "UPLAND_SKM": 1925.3, "ENDORHEIC": 0, "DIS_AV_CMS": 40.313, "ORD_STRA": 4, "ORD_CLAS": 3, "ORD_FLOW": 5, "HYBAS_L12": 4120659010 }, "geometry": { "type": "MultiLineString", "coordinates": [ [ [ 76.81874999999971, 33.510416666666138 ], [ 76.843749999999744, 33.510416666666138 ], [ 76.847916666666464, 33.506249999999476 ], [ 76.864583333333002, 33.506249999999476 ] ] ] } },
{ "type": "Feature", "properties": { "HYRIV_ID": 40562432, "NEXT_DOWN": 40562433, "MAIN_RIV": 41023100, "LENGTH_KM": 0.99, "DIST_DN_KM": 2761.0, "DIST_UP_KM": 91.4, "CATCH_SKM": 1.61, "UPLAND_SKM": 1934.1, "ENDORHEIC": 0, "DIS_AV_CMS": 40.493, "ORD_STRA": 4, "ORD_CLAS": 3, "ORD_FLOW": 5, "HYBAS_L12": 4120659010 }, "geometry": { "type": "MultiLineString", "coordinates": [ [ [ 76.864583333333002, 33.506249999999476 ], [ 76.868749999999665, 33.506249999999476 ], [ 76.872916666666441, 33.502083333332827 ] ] ] } },
{ "type": "Feature", "properties": { "HYRIV_ID": 40562433, "NEXT_DOWN": 40562158, "MAIN_RIV": 41023100, "LENGTH_KM": 3.14, "DIST_DN_KM": 2757.9, "DIST_UP_KM": 94.5, "CATCH_SKM": 5.19, "UPLAND_SKM": 1988.2, "ENDORHEIC": 0, "DIS_AV_CMS": 41.702, "ORD_STRA": 4, "ORD_CLAS": 3, "ORD_FLOW": 5, "HYBAS_L12": 4120659010 }, "geometry": { "type": "MultiLineString", "coordinates": [ [ [ 76.872916666666441, 33.502083333332827 ], [ 76.893749999999699, 33.502083333332827 ], [ 76.902083333333024, 33.510416666666138 ] ] ] } },
{ "type": "Feature", "properties": { "HYRIV_ID": 40564219, "NEXT_DOWN": 40561871, "MAIN_RIV": 41023100, "LENGTH_KM": 10.65, "DIST_DN_KM": 2754.4, "DIST_UP_KM": 207.0, "CATCH_SKM": 40.11, "UPLAND_SKM": 7645.3, "ENDORHEIC": 0, "DIS_AV_CMS": 209.946, "ORD_STRA": 5, "ORD_CLAS": 2, "ORD_FLOW": 4, "HYBAS_L12": 4120659120 }, "geometry": { "type": "MultiLineString", "coordinates": [ [ [ 76.889583333333036, 33.443749999999476 ], [ 76.885416666666316, 33.447916666666138 ], [ 76.885416666666316, 33.464583333332818 ], [ 76.889583333333036, 33.468749999999467 ], [ 76.889583333333036, 33.477083333332793 ], [ 76.897916666666362, 33.485416666666147 ], [ 76.897916666666362, 33.48958333333281 ], [ 76.902083333333024, 33.493749999999459 ], [ 76.906249999999687, 33.493749999999459 ], [ 76.927083333333059, 33.514583333332801 ], [ 76.931249999999721, 33.514583333332801 ], [ 76.935416666666384, 33.51874999999945 ] ] ] } },
{ "type": "Feature", "properties": { "HYRIV_ID": 40546162, "NEXT_DOWN": 40545635, "MAIN_RIV": 41023100, "LENGTH_KM": 3.17, "DIST_DN_KM": 2737.3, "DIST_UP_KM": 77.5, "CATCH_SKM": 6.58, "UPLAND_SKM": 1474.8, "ENDORHEIC": 0, "DIS_AV_CMS": 13.755, "ORD_STRA": 4, "ORD_CLAS": 3, "ORD_FLOW": 5, "HYBAS_L12": 4120644630 }, "geometry": { "type": "MultiLineString", "coordinates": [ [ [ 78.165815769486457, 34.02831576948617 ], [ 78.168749999999733, 34.031249999999453 ] ] ] } },
{ "type": "Feature", "properties": { "HYRIV_ID": 40537504, "NEXT_DOWN": 40537635, "MAIN_RIV": 41023100, "LENGTH_KM": 7.59, "DIST_DN_KM": 2743.6, "DIST_UP_KM": 251.0, "CATCH_SKM": 30.67, "UPLAND_SKM": 9797.6, "ENDORHEIC": 0, "DIS_AV_CMS": 22.949, "ORD_STRA": 5, "ORD_CLAS": 3, "ORD_FLOW": 5, "HYBAS_L12": 4120636790 }, "geometry": { "type": "MultiLineString", "coordinates": [ [ [ 78.314583333333104, 34.339583333332804 ], [ 78.314583333333104, 34.33124999999945 ], [ 78.297916666666396, 34.31458333333277 ], [ 78.297916666666396, 34.310416666666121 ], [ 78.28958333333307, 34.302083333332796 ], [ 78.28958333333307, 34.297916666666104 ], [ 78.285416666666407, 34.293749999999442 ], [ 78.285416666666407, 34.289583333332779 ], [ 78.281249999999687, 34.28541666666613 ], [ 78.281249999999687, 34.281249999999467 ] ] ] } },
{ "type": "Feature", "properties": { "HYRIV_ID": 40537635, "NEXT_DOWN": 40538971, "MAIN_RIV": 41023100, "LENGTH_KM": 0.6, "DIST_DN_KM": 2743.2, "DIST_UP_KM": 251.5, "CATCH_SKM": 0.35, "UPLAND_SKM": 9831.6, "ENDORHEIC": 0, "DIS_AV_CMS": 23.202, "ORD_STRA": 5, "ORD_CLAS": 3, "ORD_FLOW": 5, "HYBAS_L12": 4120636790 }, "geometry": { "type": "MultiLineString", "coordinates": [ [ [ 78.281249999999687, 34.281249999999467 ], [ 78.285416666666407, 34.277083333332804 ] ] ] } },
{ "type": "Feature", "properties": { "HYRIV_ID": 40537636, "NEXT_DOWN": 40538971, "MAIN_RIV": 41023100, "LENGTH_KM": 7.43, "DIST_DN_KM": 2743.2, "DIST_UP_KM": 153.6, "CATCH_SKM": 26.07, "UPLAND_SKM": 4160.7, "ENDORHEIC": 0, "DIS_AV_CMS": 8.046, "ORD_STRA": 5, "ORD_CLAS": 4, "ORD_FLOW": 6, "HYBAS_L12": 4120636800 }, "geometry": { "type": "MultiLineString", "coordinates": [ [ [ 78.352083333333013, 34.277083333332804 ], [ 78.347916666666293, 34.281249999999467 ], [ 78.335416666666475, 34.281249999999467 ], [ 78.331249999999642, 34.28541666666613 ], [ 78.327083333333093, 34.28541666666613 ], [ 78.322916666666316, 34.289583333332779 ], [ 78.302083333333059, 34.289583333332779 ], [ 78.297916666666396, 34.28541666666613 ], [ 78.293749999999733, 34.28541666666613 ], [ 78.285416666666407, 34.277083333332804 ] ] ] } },
{ "type": "Feature", "properties": { "HYRIV_ID": 40537637, "NEXT_DOWN": 40537636, "MAIN_RIV": 41023100, "LENGTH_KM": 3.66, "DIST_DN_KM": 2750.4, "DIST_UP_KM": 146.4, "CATCH_SKM": 12.06, "UPLAND_SKM": 4120.8, "ENDORHEIC": 0, "DIS_AV_CMS": 7.741, "ORD_STRA": 5, "ORD_CLAS": 4, "ORD_FLOW": 6, "HYBAS_L12": 4120636800 }, "geometry": { "type": "MultiLineString", "coordinates": [ [ [ 78.389583333333036, 34.281249999999467 ], [ 78.385416666666316, 34.281249999999467 ], [ 78.381249999999653, 34.277083333332804 ], [ 78.352083333333013, 34.277083333332804 ] ] ] } },
{ "type": "Feature", "properties": { "HYRIV_ID": 40517921, "NEXT_DOWN": 40518208, "MAIN_RIV": 41023100, "LENGTH_KM": 2.86, "DIST_DN_KM": 2827.2, "DIST_UP_KM": 167.5, "CATCH_SKM": 9.86, "UPLAND_SKM": 5525.8, "ENDORHEIC": 0, "DIS_AV_CMS": 9.47, "ORD_STRA": 5, "ORD_CLAS": 3, "ORD_FLOW": 6, "HYBAS_L12": 4121378690 }, "geometry": { "type": "MultiLineString", "coordinates": [ [ [ 78.110416666666339, 34.889583333332773 ], [ 78.122916666666328, 34.877083333332756 ], [ 78.122916666666328, 34.872916666666107 ], [ 78.127083333333047, 34.868749999999444 ] ] ] } },
{ "type": "Feature", "properties": { "HYRIV_ID": 40518208, "NEXT_DOWN": 40519434, "MAIN_RIV": 41023100, "LENGTH_KM": 1.06, "DIST_DN_KM": 2825.9, "DIST_UP_KM": 168.7, "CATCH_SKM": 2.29, "UPLAND_SKM": 5541.6, "ENDORHEIC": 0, "DIS_AV_CMS": 9.509, "ORD_STRA": 5, "ORD_CLAS": 3, "ORD_FLOW": 6, "HYBAS_L12": 4120622660 }, "geometry": { "type": "MultiLineString", "coordinates": [ [ [ 78.127083333333047, 34.868749999999444 ], [ 78.13124999999971, 34.864583333332781 ], [ 78.13124999999971, 34.860416666666133 ] ] ] } },
{ "type": "Feature", "properties": { "HYRIV_ID": 40519434, "NEXT_DOWN": 40520409, "MAIN_RIV": 41023100, "LENGTH_KM": 4.12, "DIST_DN_KM": 2822.0, "DIST_UP_KM": 172.7, "CATCH_SKM": 18.5, "UPLAND_SKM": 5591.3, "ENDORHEIC": 0, "DIS_AV_CMS": 9.646, "ORD_STRA": 5, "ORD_CLAS": 3, "ORD_FLOW": 6, "HYBAS_L12": 4120622660 }, "geometry": { "type": "MultiLineString", "coordinates": [ [ [ 78.13124999999971, 34.860416666666133 ], [ 78.135416666666373, 34.856249999999427 ], [ 78.135416666666373, 34.852083333332764 ], [ 78.139583333333036, 34.847916666666116 ], [ 78.139583333333036, 34.831249999999478 ], [ 78.143749999999699, 34.827083333332773 ] ] ] } },
{ "type": "Feature", "properties": { "HYRIV_ID": 40520409, "NEXT_DOWN": 40521994, "MAIN_RIV": 41023100, "LENGTH_KM": 3.05, "DIST_DN_KM": 2818.7, "DIST_UP_KM": 175.9, "CATCH_SKM": 9.52, "UPLAND_SKM": 5650.7, "ENDORHEIC": 0, "DIS_AV_CMS": 9.801, "ORD_STRA": 5, "ORD_CLAS": 3, "ORD_FLOW": 6, "HYBAS_L12": 4120622660 }, "geometry": { "type": "MultiLineString", "coordinates": [ [ [ 78.143749999999699, 34.827083333332773 ], [ 78.143749999999699, 34.818749999999461 ], [ 78.147916666666362, 34.814583333332799 ], [ 78.143749999999699, 34.810416666666093 ], [ 78.143749999999699, 34.802083333332781 ] ] ] } },
{ "type": "Feature", "properties": { "HYRIV_ID": 40521994, "NEXT_DOWN": 40523796, "MAIN_RIV": 41023100, "LENGTH_KM": 5.64, "DIST_DN_KM": 2813.1, "DIST_UP_KM": 181.6, "CATCH_SKM": 27.33, "UPLAND_SKM": 5700.8, "ENDORHEIC": 0, "DIS_AV_CMS": 9.95, "ORD_STRA": 5, "ORD_CLAS": 3, "ORD_FLOW": 6, "HYBAS_L12": 4120622660 }, "geometry": { "type": "MultiLineString", "coordinates": [ [ [ 78.143749999999699, 34.802083333332781 ], [ 78.143749999999699, 34.789583333332764 ], [ 78.147916666666362, 34.785416666666102 ], [ 78.147916666666362, 34.781249999999453 ], [ 78.152083333333024, 34.77708333333279 ], [ 78.152083333333024, 34.772916666666084 ], [ 78.156249999999744, 34.768749999999436 ], [ 78.156249999999744, 34.764583333332773 ], [ 78.160416666666293, 34.76041666666611 ], [ 78.160416666666293, 34.756249999999461 ] ] ] } },
{ "type": "Feature", "properties": { "HYRIV_ID": 40521995, "NEXT_DOWN": 40523796, "MAIN_RIV": 41023100, "LENGTH_KM": 5.61, "DIST_DN_KM": 2813.0, "DIST_UP_KM": 94.1, "CATCH_SKM": 18.34, "UPLAND_SKM": 1842.7, "ENDORHEIC": 0, "DIS_AV_CMS": 2.349, "ORD_STRA": 4, "ORD_CLAS": 4, "ORD_FLOW": 6, "HYBAS_L12": 4120622870 }, "geometry": { "type": "MultiLineString", "coordinates": [ [ [ 78.214583333332968, 34.768749999999436 ], [ 78.197916666666316, 34.768749999999436 ], [ 78.18958333333299, 34.76041666666611 ], [ 78.168749999999733, 34.76041666666611 ], [ 78.16458333333307, 34.756249999999461 ], [ 78.160416666666293, 34.756249999999461 ] ] ] } },
{ "type": "Feature", "properties": { "HYRIV_ID": 40522268, "NEXT_DOWN": 40521995, "MAIN_RIV": 41023100, "LENGTH_KM": 6.29, "DIST_DN_KM": 2818.8, "DIST_UP_KM": 88.3, "CATCH_SKM": 37.92, "UPLAND_SKM": 1812.6, "ENDORHEIC": 0, "DIS_AV_CMS": 2.261, "ORD_STRA": 4, "ORD_CLAS": 4, "ORD_FLOW": 6, "HYBAS_L12": 4120622870 }, "geometry": { "type": "MultiLineString", "coordinates": [ [ [ 78.268749999999699, 34.747916666666136 ], [ 78.247916666666328, 34.747916666666136 ], [ 78.243749999999665, 34.752083333332799 ], [ 78.235416666666339, 34.752083333332799 ], [ 78.231249999999676, 34.756249999999461 ], [ 78.222916666666293, 34.756249999999461 ], [ 78.218749999999687, 34.76041666666611 ], [ 78.218749999999687, 34.764583333332773 ], [ 78.214583333332968, 34.768749999999436 ] ] ] } },
{ "type": "Feature", "properties": { "HYRIV_ID": 40522983, "NEXT_DOWN": 40522268, "MAIN_RIV": 41023100, "LENGTH_KM": 5.28, "DIST_DN_KM": 2824.9, "DIST_UP_KM": 82.2, "CATCH_SKM": 20.64, "UPLAND_SKM": 1369.4, "ENDORHEIC": 0, "DIS_AV_CMS": 1.271, "ORD_STRA": 4, "ORD_CLAS": 4, "ORD_FLOW": 6, "HYBAS_L12": 4120623200 }, "geometry": { "type": "MultiLineString", "coordinates": [ [ [ 78.314583333333104, 34.727083333332807 ], [ 78.310416666666441, 34.727083333332807 ], [ 78.306249999999721, 34.731249999999456 ], [ 78.297916666666396, 34.731249999999456 ], [ 78.293749999999733, 34.735416666666119 ], [ 78.28958333333307, 34.735416666666119 ], [ 78.277083333333024, 34.747916666666136 ], [ 78.268749999999699, 34.747916666666136 ] ] ] } },
{ "type": "Feature", "properties": { "HYRIV_ID": 40523796, "NEXT_DOWN": 40525255, "MAIN_RIV": 41023100, "LENGTH_KM": 6.71, "DIST_DN_KM": 2806.3, "DIST_UP_KM": 188.3, "CATCH_SKM": 32.81, "UPLAND_SKM": 7576.3, "ENDORHEIC": 0, "DIS_AV_CMS": 12.405, "ORD_STRA": 5, "ORD_CLAS": 3, "ORD_FLOW": 5, "HYBAS_L12": 4120624310 }, "geometry": { "type": "MultiLineString", "coordinates": [ [ [ 78.160416666666293, 34.756249999999461 ], [ 78.160416666666293, 34.752083333332799 ], [ 78.16458333333307, 34.747916666666136 ], [ 78.16458333333307, 34.743749999999444 ], [ 78.156249999999744, 34.735416666666119 ], [ 78.156249999999744, 34.71458333333279 ], [ 78.16458333333307, 34.706249999999422 ], [ 78.16458333333307, 34.702083333332773 ] ] ] } },
{ "type": "Feature", "properties": { "HYRIV_ID": 40523797, "NEXT_DOWN": 40522983, "MAIN_RIV": 41023100, "LENGTH_KM": 10.13, "DIST_DN_KM": 2830.1, "DIST_UP_KM": 76.9, "CATCH_SKM": 44.47, "UPLAND_SKM": 1156.2, "ENDORHEIC": 0, "DIS_AV_CMS": 0.584, "ORD_STRA": 4, "ORD_CLAS": 4, "ORD_FLOW": 7, "HYBAS_L12": 4120623720 }, "geometry": { "type": "MultiLineString", "coordinates": [ [ [ 78.406249999999687, 34.702083333332773 ], [ 78.397916666666362, 34.702083333332773 ], [ 78.393749999999699, 34.706249999999422 ], [ 78.389583333333036, 34.706249999999422 ], [ 78.37708333333299, 34.718749999999439 ], [ 78.372916666666328, 34.718749999999439 ], [ 78.368749999999665, 34.722916666666102 ], [ 78.360416666666339, 34.722916666666102 ], [ 78.356249999999676, 34.727083333332807 ], [ 78.335416666666475, 34.727083333332807 ], [ 78.331249999999642, 34.722916666666102 ], [ 78.327083333333093, 34.722916666666102 ], [ 78.322916666666316, 34.727083333332807 ], [ 78.314583333333104, 34.727083333332807 ] ] ] } },
{ "type": "Feature", "properties": { "HYRIV_ID": 40528774, "NEXT_DOWN": 40529437, "MAIN_RIV": 41023100, "LENGTH_KM": 1.06, "DIST_DN_KM": 2786.0, "DIST_UP_KM": 208.7, "CATCH_SKM": 3.71, "UPLAND_SKM": 8878.3, "ENDORHEIC": 0, "DIS_AV_CMS": 17.408, "ORD_STRA": 5, "ORD_CLAS": 3, "ORD_FLOW": 5, "HYBAS_L12": 4120632590 }, "geometry": { "type": "MultiLineString", "coordinates": [ [ [ 78.218749999999687, 34.560416666666136 ], [ 78.218749999999687, 34.55624999999943 ], [ 78.214583333332968, 34.552083333332767 ] ] ] } },
{ "type": "Feature", "properties": { "HYRIV_ID": 40529437, "NEXT_DOWN": 40529967, "MAIN_RIV": 41023100, "LENGTH_KM": 2.73, "DIST_DN_KM": 2783.3, "DIST_UP_KM": 211.4, "CATCH_SKM": 12.55, "UPLAND_SKM": 8903.9, "ENDORHEIC": 0, "DIS_AV_CMS": 17.532, "ORD_STRA": 5, "ORD_CLAS": 3, "ORD_FLOW": 5, "HYBAS_L12": 4120632590 }, "geometry": { "type": "MultiLineString", "coordinates": [ [ [ 78.214583333332968, 34.552083333332767 ], [ 78.218749999999687, 34.547916666666119 ], [ 78.218749999999687, 34.539583333332793 ], [ 78.227083333333013, 34.531249999999481 ] ] ] } },
{ "type": "Feature", "properties": { "HYRIV_ID": 40529967, "NEXT_DOWN": 40530354, "MAIN_RIV": 41023100, "LENGTH_KM": 2.13, "DIST_DN_KM": 2781.1, "DIST_UP_KM": 213.5, "CATCH_SKM": 7.25, "UPLAND_SKM": 8922.9, "ENDORHEIC": 0, "DIS_AV_CMS": 17.619, "ORD_STRA": 5, "ORD_CLAS": 3, "ORD_FLOW": 5, "HYBAS_L12": 4120632590 }, "geometry": { "type": "MultiLineString", "coordinates": [ [ [ 78.227083333333013, 34.531249999999481 ], [ 78.227083333333013, 34.527083333332776 ], [ 78.231249999999676, 34.522916666666113 ], [ 78.231249999999676, 34.518749999999464 ], [ 78.227083333333013, 34.514583333332801 ] ] ] } },
{ "type": "Feature", "properties": { "HYRIV_ID": 40530354, "NEXT_DOWN": 40530613, "MAIN_RIV": 41023100, "LENGTH_KM": 1.66, "DIST_DN_KM": 2779.5, "DIST_UP_KM": 215.2, "CATCH_SKM": 9.55, "UPLAND_SKM": 8955.2, "ENDORHEIC": 0, "DIS_AV_CMS": 17.782, "ORD_STRA": 5, "ORD_CLAS": 3, "ORD_FLOW": 5, "HYBAS_L12": 4120632590 }, "geometry": { "type": "MultiLineString", "coordinates": [ [ [ 78.227083333333013, 34.514583333332801 ], [ 78.231249999999676, 34.510416666666096 ], [ 78.231249999999676, 34.506249999999447 ], [ 78.227083333333013, 34.502083333332784 ] ] ] } },
{ "type": "Feature", "properties": { "HYRIV_ID": 40530613, "NEXT_DOWN": 40532585, "MAIN_RIV": 41023100, "LENGTH_KM": 1.06, "DIST_DN_KM": 2778.4, "DIST_UP_KM": 216.3, "CATCH_SKM": 1.42, "UPLAND_SKM": 8971.7, "ENDORHEIC": 0, "DIS_AV_CMS": 17.876, "ORD_STRA": 5, "ORD_CLAS": 3, "ORD_FLOW": 5, "HYBAS_L12": 4120632590 }, "geometry": { "type": "MultiLineString", "coordinates": [ [ [ 78.227083333333013, 34.502083333332784 ], [ 78.227083333333013, 34.497916666666121 ], [ 78.231249999999676, 34.493749999999473 ] ] ] } },
{ "type": "Feature", "properties": { "HYRIV_ID": 40532585, "NEXT_DOWN": 40533509, "MAIN_RIV": 41023100, "LENGTH_KM": 13.13, "DIST_DN_KM": 2765.3, "DIST_UP_KM": 229.3, "CATCH_SKM": 76.46, "UPLAND_SKM": 9062.8, "ENDORHEIC": 0, "DIS_AV_CMS": 18.475, "ORD_STRA": 5, "ORD_CLAS": 3, "ORD_FLOW": 5, "HYBAS_L12": 4120632590 }, "geometry": { "type": "MultiLineString", "coordinates": [ [ [ 78.231249999999676, 34.493749999999473 ], [ 78.239583333333002, 34.485416666666104 ], [ 78.243749999999665, 34.485416666666104 ], [ 78.247916666666328, 34.481249999999456 ], [ 78.25208333333299, 34.481249999999456 ], [ 78.256249999999653, 34.477083333332793 ], [ 78.260416666666373, 34.477083333332793 ], [ 78.264583333333036, 34.47291666666613 ], [ 78.268749999999699, 34.47291666666613 ], [ 78.277083333333024, 34.464583333332776 ], [ 78.285416666666407, 34.464583333332776 ], [ 78.28958333333307, 34.460416666666113 ], [ 78.293749999999733, 34.460416666666113 ], [ 78.306249999999721, 34.447916666666138 ], [ 78.302083333333059, 34.443749999999447 ], [ 78.302083333333059, 34.439583333332784 ], [ 78.306249999999721, 34.435416666666121 ], [ 78.310416666666441, 34.435416666666121 ], [ 78.314583333333104, 34.431249999999459 ], [ 78.318749999999653, 34.435416666666121 ], [ 78.322916666666316, 34.431249999999459 ] ] ] } },
{ "type": "Feature", "properties": { "HYRIV_ID": 40533509, "NEXT_DOWN": 40533767, "MAIN_RIV": 41023100, "LENGTH_KM": 3.52, "DIST_DN_KM": 2761.6, "DIST_UP_KM": 233.0, "CATCH_SKM": 7.97, "UPLAND_SKM": 9194.8, "ENDORHEIC": 0, "DIS_AV_CMS": 19.131, "ORD_STRA": 5, "ORD_CLAS": 3, "ORD_FLOW": 5, "HYBAS_L12": 4120633230 }, "geometry": { "type": "MultiLineString", "coordinates": [ [ [ 78.322916666666316, 34.431249999999459 ], [ 78.322916666666316, 34.414583333332793 ], [ 78.331249999999642, 34.406249999999467 ], [ 78.331249999999642, 34.402083333332818 ] ] ] } },
{ "type": "Feature", "properties": { "HYRIV_ID": 40533767, "NEXT_DOWN": 40534759, "MAIN_RIV": 41023100, "LENGTH_KM": 1.2, "DIST_DN_KM": 2760.6, "DIST_UP_KM": 234.1, "CATCH_SKM": 7.62, "UPLAND_SKM": 9359.5, "ENDORHEIC": 0, "DIS_AV_CMS": 19.996, "ORD_STRA": 5, "ORD_CLAS": 3, "ORD_FLOW": 5, "HYBAS_L12": 4120634280 }, "geometry": { "type": "MultiLineString", "coordinates": [ [ [ 78.331249999999642, 34.402083333332818 ], [ 78.335416666666475, 34.397916666666113 ], [ 78.331249999999642, 34.39374999999945 ] ] ] } },
{ "type": "Feature", "properties": { "HYRIV_ID": 40534759, "NEXT_DOWN": 40535035, "MAIN_RIV": 41023100, "LENGTH_KM": 5.46, "DIST_DN_KM": 2755.0, "DIST_UP_KM": 239.7, "CATCH_SKM": 20.9, "UPLAND_SKM": 9403.1, "ENDORHEIC": 0, "DIS_AV_CMS": 20.297, "ORD_STRA": 5, "ORD_CLAS": 3, "ORD_FLOW": 5, "HYBAS_L12": 4120634280 }, "geometry": { "type": "MultiLineString", "coordinates": [ [ [ 78.331249999999642, 34.39374999999945 ], [ 78.327083333333093, 34.389583333332801 ], [ 78.318749999999653, 34.389583333332801 ], [ 78.314583333333104, 34.385416666666096 ], [ 78.310416666666441, 34.385416666666096 ], [ 78.306249999999721, 34.381249999999433 ], [ 78.302083333333059, 34.381249999999433 ], [ 78.302083333333059, 34.377083333332784 ], [ 78.293749999999733, 34.368749999999459 ], [ 78.293749999999733, 34.36458333333281 ] ] ] } },
{ "type": "Feature", "properties": { "HYRIV_ID": 40535035, "NEXT_DOWN": 40535534, "MAIN_RIV": 41023100, "LENGTH_KM": 1.06, "DIST_DN_KM": 2754.1, "DIST_UP_KM": 240.6, "CATCH_SKM": 1.95, "UPLAND_SKM": 9562.9, "ENDORHEIC": 0, "DIS_AV_CMS": 21.28, "ORD_STRA": 5, "ORD_CLAS": 3, "ORD_FLOW": 5, "HYBAS_L12": 4120634500 }, "geometry": { "type": "MultiLineString", "coordinates": [ [ [ 78.293749999999733, 34.36458333333281 ], [ 78.293749999999733, 34.360416666666104 ], [ 78.297916666666396, 34.356249999999442 ] ] ] } },
{ "type": "Feature", "properties": { "HYRIV_ID": 40535534, "NEXT_DOWN": 40537504, "MAIN_RIV": 41023100, "LENGTH_KM": 2.65, "DIST_DN_KM": 2751.3, "DIST_UP_KM": 243.4, "CATCH_SKM": 9.21, "UPLAND_SKM": 9752.9, "ENDORHEIC": 0, "DIS_AV_CMS": 22.579, "ORD_STRA": 5, "ORD_CLAS": 3, "ORD_FLOW": 5, "HYBAS_L12": 4120636790 }, "geometry": { "type": "MultiLineString", "coordinates": [ [ [ 78.297916666666396, 34.356249999999442 ], [ 78.302083333333059, 34.352083333332793 ], [ 78.306249999999721, 34.352083333332793 ], [ 78.314583333333104, 34.343749999999467 ], [ 78.314583333333104, 34.339583333332804 ] ] ] } },
{ "type": "Feature", "properties": { "HYRIV_ID": 40537361, "NEXT_DOWN": 40537506, "MAIN_RIV": 41023100, "LENGTH_KM": 2.73, "DIST_DN_KM": 2757.0, "DIST_UP_KM": 139.8, "CATCH_SKM": 8.16, "UPLAND_SKM": 4047.4, "ENDORHEIC": 0, "DIS_AV_CMS": 7.249, "ORD_STRA": 5, "ORD_CLAS": 4, "ORD_FLOW": 6, "HYBAS_L12": 4120636800 }, "geometry": { "type": "MultiLineString", "coordinates": [ [ [ 78.439583333333104, 34.28541666666613 ], [ 78.435416666666384, 34.28541666666613 ], [ 78.431249999999721, 34.289583333332779 ], [ 78.427083333333059, 34.289583333332779 ], [ 78.422916666666396, 34.293749999999442 ], [ 78.41458333333307, 34.293749999999442 ] ] ] } },
{ "type": "Feature", "properties": { "HYRIV_ID": 40537506, "NEXT_DOWN": 40537637, "MAIN_RIV": 41023100, "LENGTH_KM": 2.95, "DIST_DN_KM": 2754.1, "DIST_UP_KM": 142.8, "CATCH_SKM": 10.46, "UPLAND_SKM": 4078.4, "ENDORHEIC": 0, "DIS_AV_CMS": 7.453, "ORD_STRA": 5, "ORD_CLAS": 4, "ORD_FLOW": 6, "HYBAS_L12": 4120636800 }, "geometry": { "type": "MultiLineString", "coordinates": [ [ [ 78.41458333333307, 34.293749999999442 ], [ 78.406249999999687, 34.293749999999442 ], [ 78.393749999999699, 34.281249999999467 ], [ 78.389583333333036, 34.281249999999467 ] ] ] } },
{ "type": "Feature", "properties": { "HYRIV_ID": 40537639, "NEXT_DOWN": 40537361, "MAIN_RIV": 41023100, "LENGTH_KM": 3.5, "DIST_DN_KM": 2759.7, "DIST_UP_KM": 137.1, "CATCH_SKM": 14.37, "UPLAND_SKM": 4017.1, "ENDORHEIC": 0, "DIS_AV_CMS": 7.069, "ORD_STRA": 5, "ORD_CLAS": 4, "ORD_FLOW": 6, "HYBAS_L12": 4121385760 }, "geometry": { "type": "MultiLineString", "coordinates": [ [ [ 78.472916666666293, 34.277083333332804 ], [ 78.460416666666305, 34.277083333332804 ], [ 78.456249999999642, 34.281249999999467 ], [ 78.452083333333093, 34.281249999999467 ], [ 78.447916666666316, 34.28541666666613 ], [ 78.439583333333104, 34.28541666666613 ] ] ] } },
{ "type": "Feature", "properties": { "HYRIV_ID": 40537753, "NEXT_DOWN": 40537639, "MAIN_RIV": 41023100, "LENGTH_KM": 0.6, "DIST_DN_KM": 2763.4, "DIST_UP_KM": 133.4, "CATCH_SKM": 0.35, "UPLAND_SKM": 3986.6, "ENDORHEIC": 0, "DIS_AV_CMS": 6.886, "ORD_STRA": 5, "ORD_CLAS": 4, "ORD_FLOW": 6, "HYBAS_L12": 4121385760 }, "geometry": { "type": "MultiLineString", "coordinates": [ [ [ 78.477083333333013, 34.272916666666156 ], [ 78.472916666666293, 34.277083333332804 ] ] ] } },
{ "type": "Feature", "properties": { "HYRIV_ID": 40537902, "NEXT_DOWN": 40537753, "MAIN_RIV": 41023100, "LENGTH_KM": 6.07, "DIST_DN_KM": 2763.8, "DIST_UP_KM": 133.0, "CATCH_SKM": 39.57, "UPLAND_SKM": 3953.6, "ENDORHEIC": 0, "DIS_AV_CMS": 6.686, "ORD_STRA": 5, "ORD_CLAS": 4, "ORD_FLOW": 6, "HYBAS_L12": 4121385760 }, "geometry": { "type": "MultiLineString", "coordinates": [ [ [ 78.531249999999687, 34.28541666666613 ], [ 78.518749999999699, 34.272916666666156 ], [ 78.506249999999653, 34.272916666666156 ], [ 78.50208333333299, 34.26874999999945 ], [ 78.485416666666339, 34.26874999999945 ], [ 78.481249999999619, 34.272916666666156 ], [ 78.477083333333013, 34.272916666666156 ] ] ] } },
{ "type": "Feature", "properties": { "HYRIV_ID": 40535832, "NEXT_DOWN": 40536693, "MAIN_RIV": 41023100, "LENGTH_KM": 4.62, "DIST_DN_KM": 2815.2, "DIST_UP_KM": 58.3, "CATCH_SKM": 16.84, "UPLAND_SKM": 1216.5, "ENDORHEIC": 0, "DIS_AV_CMS": 2.407, "ORD_STRA": 4, "ORD_CLAS": 5, "ORD_FLOW": 6, "HYBAS_L12": 4120635940 }, "geometry": { "type": "MultiLineString", "coordinates": [ [ [ 78.87708333333299, 34.356249999999442 ], [ 78.87708333333299, 34.352083333332793 ], [ 78.885416666666316, 34.343749999999467 ], [ 78.889583333332979, 34.343749999999467 ], [ 78.893749999999642, 34.339583333332804 ], [ 78.897916666666362, 34.339583333332804 ], [ 78.902083333332968, 34.335416666666113 ], [ 78.906249999999631, 34.335416666666113 ], [ 78.91041666666635, 34.33124999999945 ] ] ] } },
{ "type": "Feature", "properties": { "HYRIV_ID": 40536693, "NEXT_DOWN": 40536815, "MAIN_RIV": 41023100, "LENGTH_KM": 2.92, "DIST_DN_KM": 2812.1, "DIST_UP_KM": 61.4, "CATCH_SKM": 9.4, "UPLAND_SKM": 1241.0, "ENDORHEIC": 0, "DIS_AV_CMS": 2.453, "ORD_STRA": 4, "ORD_CLAS": 5, "ORD_FLOW": 6, "HYBAS_L12": 4120635940 }, "geometry": { "type": "MultiLineString", "coordinates": [ [ [ 78.91041666666635, 34.33124999999945 ], [ 78.914583333333013, 34.327083333332787 ], [ 78.914583333333013, 34.308413673942972 ] ] ] } },
{ "type": "Feature", "properties": { "HYRIV_ID": 40537364, "NEXT_DOWN": 40537902, "MAIN_RIV": 41023100, "LENGTH_KM": 2.13, "DIST_DN_KM": 2770.0, "DIST_UP_KM": 126.8, "CATCH_SKM": 4.43, "UPLAND_SKM": 3899.1, "ENDORHEIC": 0, "DIS_AV_CMS": 6.391, "ORD_STRA": 5, "ORD_CLAS": 4, "ORD_FLOW": 6, "HYBAS_L12": 4121385770 }, "geometry": { "type": "MultiLineString", "coordinates": [ [ [ 78.552083333333059, 34.289583333332779 ], [ 78.53541666666635, 34.289583333332779 ], [ 78.531249999999687, 34.28541666666613 ] ] ] } },
{ "type": "Feature", "properties": { "HYRIV_ID": 40537754, "NEXT_DOWN": 40537364, "MAIN_RIV": 41023100, "LENGTH_KM": 7.05, "DIST_DN_KM": 2772.0, "DIST_UP_KM": 124.9, "CATCH_SKM": 27.84, "UPLAND_SKM": 3747.6, "ENDORHEIC": 0, "DIS_AV_CMS": 5.678, "ORD_STRA": 5, "ORD_CLAS": 4, "ORD_FLOW": 6, "HYBAS_L12": 4121385650 }, "geometry": { "type": "MultiLineString", "coordinates": [ [ [ 78.614583333333002, 34.272916666666156 ], [ 78.606249999999619, 34.281249999999467 ], [ 78.602083333333013, 34.277083333332804 ], [ 78.597916666666293, 34.277083333332804 ], [ 78.593749999999744, 34.281249999999467 ], [ 78.589583333332968, 34.281249999999467 ], [ 78.585416666666305, 34.28541666666613 ], [ 78.57291666666643, 34.28541666666613 ], [ 78.56874999999971, 34.289583333332779 ], [ 78.552083333333059, 34.289583333332779 ] ] ] } },
{ "type": "Feature", "properties": { "HYRIV_ID": 40537903, "NEXT_DOWN": 40537754, "MAIN_RIV": 41023100, "LENGTH_KM": 2.9, "DIST_DN_KM": 2779.0, "DIST_UP_KM": 117.9, "CATCH_SKM": 12.24, "UPLAND_SKM": 3659.1, "ENDORHEIC": 0, "DIS_AV_CMS": 5.285, "ORD_STRA": 5, "ORD_CLAS": 4, "ORD_FLOW": 6, "HYBAS_L12": 4121385650 }, "geometry": { "type": "MultiLineString", "coordinates": [ [ [ 78.643749999999642, 34.26874999999945 ], [ 78.622916666666328, 34.26874999999945 ], [ 78.618749999999665, 34.272916666666156 ], [ 78.614583333333002, 34.272916666666156 ] ] ] } },
{ "type": "Feature", "properties": { "HYRIV_ID": 40537904, "NEXT_DOWN": 40537903, "MAIN_RIV": 41023100, "LENGTH_KM": 4.81, "DIST_DN_KM": 2781.9, "DIST_UP_KM": 115.0, "CATCH_SKM": 19.69, "UPLAND_SKM": 3634.4, "ENDORHEIC": 0, "DIS_AV_CMS": 5.186, "ORD_STRA": 5, "ORD_CLAS": 4, "ORD_FLOW": 6, "HYBAS_L12": 4121385920 }, "geometry": { "type": "MultiLineString", "coordinates": [ [ [ 78.69374999999971, 34.272916666666156 ], [ 78.689583333333047, 34.26874999999945 ], [ 78.643749999999642, 34.26874999999945 ] ] ] } },
{ "type": "Feature", "properties": { "HYRIV_ID": 40537905, "NEXT_DOWN": 40537904, "MAIN_RIV": 41023100, "LENGTH_KM": 1.37, "DIST_DN_KM": 2786.7, "DIST_UP_KM": 110.2, "CATCH_SKM": 2.13, "UPLAND_SKM": 3562.0, "ENDORHEIC": 0, "DIS_AV_CMS": 4.924, "ORD_STRA": 5, "ORD_CLAS": 4, "ORD_FLOW": 6, "HYBAS_L12": 4121385920 }, "geometry": { "type": "MultiLineString", "coordinates": [ [ [ 78.706249999999756, 34.26874999999945 ], [ 78.702083333333093, 34.272916666666156 ], [ 78.69374999999971, 34.272916666666156 ] ] ] } },
{ "type": "Feature", "properties": { "HYRIV_ID": 40537906, "NEXT_DOWN": 40538042, "MAIN_RIV": 41023100, "LENGTH_KM": 0.38, "DIST_DN_KM": 2793.5, "DIST_UP_KM": 103.4, "CATCH_SKM": 0.53, "UPLAND_SKM": 3244.5, "ENDORHEIC": 0, "DIS_AV_CMS": 3.765, "ORD_STRA": 5, "ORD_CLAS": 4, "ORD_FLOW": 6, "HYBAS_L12": 4120637230 }, "geometry": { "type": "MultiLineString", "coordinates": [ [ [ 78.758245562044692, 34.26874999999945 ], [ 78.756249999999653, 34.26874999999945 ] ] ] } },
{ "type": "Feature", "properties": { "HYRIV_ID": 40538042, "NEXT_DOWN": 40537905, "MAIN_RIV": 41023100, "LENGTH_KM": 5.47, "DIST_DN_KM": 2788.0, "DIST_UP_KM": 108.8, "CATCH_SKM": 28.03, "UPLAND_SKM": 3539.7, "ENDORHEIC": 0, "DIS_AV_CMS": 4.84, "ORD_STRA": 5, "ORD_CLAS": 4, "ORD_FLOW": 6, "HYBAS_L12": 4121385920 }, "geometry": { "type": "MultiLineString", "coordinates": [ [ [ 78.756249999999653, 34.26874999999945 ], [ 78.75208333333299, 34.272916666666156 ], [ 78.747916666666328, 34.272916666666156 ], [ 78.743749999999665, 34.26874999999945 ], [ 78.739583333333002, 34.26874999999945 ], [ 78.735416666666339, 34.264583333332787 ], [ 78.718749999999744, 34.264583333332787 ], [ 78.714583333332968, 34.26874999999945 ], [ 78.706249999999756, 34.26874999999945 ] ] ] } },
{ "type": "Feature", "properties": { "HYRIV_ID": 40555431, "NEXT_DOWN": 40555432, "MAIN_RIV": 41023100, "LENGTH_KM": 2.87, "DIST_DN_KM": 2809.2, "DIST_UP_KM": 43.2, "CATCH_SKM": 6.07, "UPLAND_SKM": 599.7, "ENDORHEIC": 0, "DIS_AV_CMS": 12.008, "ORD_STRA": 4, "ORD_CLAS": 3, "ORD_FLOW": 5, "HYBAS_L12": 4120653340 }, "geometry": { "type": "MultiLineString", "coordinates": [ [ [ 76.468749999999687, 33.743749999999473 ], [ 76.477083333333013, 33.735416666666161 ], [ 76.477083333333013, 33.731249999999456 ], [ 76.485416666666339, 33.722916666666144 ] ] ] } },
{ "type": "Feature", "properties": { "HYRIV_ID": 40555432, "NEXT_DOWN": 40555585, "MAIN_RIV": 41023100, "LENGTH_KM": 0.77, "DIST_DN_KM": 2808.3, "DIST_UP_KM": 44.2, "CATCH_SKM": 4.29, "UPLAND_SKM": 819.3, "ENDORHEIC": 0, "DIS_AV_CMS": 16.891, "ORD_STRA": 4, "ORD_CLAS": 3, "ORD_FLOW": 5, "HYBAS_L12": 4121392980 }, "geometry": { "type": "MultiLineString", "coordinates": [ [ [ 76.485416666666339, 33.722916666666144 ], [ 76.493749999999721, 33.722916666666144 ] ] ] } },
{ "type": "Feature", "properties": { "HYRIV_ID": 40564769, "NEXT_DOWN": 40564219, "MAIN_RIV": 41023100, "LENGTH_KM": 2.13, "DIST_DN_KM": 2764.9, "DIST_UP_KM": 196.5, "CATCH_SKM": 5.2, "UPLAND_SKM": 7598.5, "ENDORHEIC": 0, "DIS_AV_CMS": 208.563, "ORD_STRA": 5, "ORD_CLAS": 2, "ORD_FLOW": 4, "HYBAS_L12": 4120659120 }, "geometry": { "type": "MultiLineString", "coordinates": [ [ [ 76.897916666666362, 33.427083333332796 ], [ 76.889583333333036, 33.435416666666164 ], [ 76.889583333333036, 33.443749999999476 ] ] ] } },
{ "type": "Feature", "properties": { "HYRIV_ID": 40565015, "NEXT_DOWN": 40564769, "MAIN_RIV": 41023100, "LENGTH_KM": 1.21, "DIST_DN_KM": 2767.2, "DIST_UP_KM": 194.2, "CATCH_SKM": 2.15, "UPLAND_SKM": 7567.5, "ENDORHEIC": 0, "DIS_AV_CMS": 207.789, "ORD_STRA": 5, "ORD_CLAS": 2, "ORD_FLOW": 4, "HYBAS_L12": 4120659120 }, "geometry": { "type": "MultiLineString", "coordinates": [ [ [ 76.897916666666362, 33.418749999999484 ], [ 76.902083333333024, 33.422916666666147 ], [ 76.897916666666362, 33.427083333332796 ] ] ] } },
{ "type": "Feature", "properties": { "HYRIV_ID": 40565802, "NEXT_DOWN": 40565015, "MAIN_RIV": 41023100, "LENGTH_KM": 4.64, "DIST_DN_KM": 2768.4, "DIST_UP_KM": 192.9, "CATCH_SKM": 19.0, "UPLAND_SKM": 7538.5, "ENDORHEIC": 0, "DIS_AV_CMS": 207.056, "ORD_STRA": 5, "ORD_CLAS": 2, "ORD_FLOW": 4, "HYBAS_L12": 4120659120 }, "geometry": { "type": "MultiLineString", "coordinates": [ [ [ 76.931249999999721, 33.39374999999945 ], [ 76.927083333333059, 33.397916666666156 ], [ 76.918749999999676, 33.397916666666156 ], [ 76.914583333333013, 33.402083333332804 ], [ 76.91041666666635, 33.402083333332804 ], [ 76.91041666666635, 33.406249999999467 ], [ 76.897916666666362, 33.418749999999484 ] ] ] } },
{ "type": "Feature", "properties": { "HYRIV_ID": 40566433, "NEXT_DOWN": 40565802, "MAIN_RIV": 41023100, "LENGTH_KM": 2.32, "DIST_DN_KM": 2772.8, "DIST_UP_KM": 188.5, "CATCH_SKM": 5.38, "UPLAND_SKM": 7478.1, "ENDORHEIC": 0, "DIS_AV_CMS": 205.481, "ORD_STRA": 5, "ORD_CLAS": 2, "ORD_FLOW": 4, "HYBAS_L12": 4120659120 }, "geometry": { "type": "MultiLineString", "coordinates": [ [ [ 76.931249999999721, 33.372916666666121 ], [ 76.931249999999721, 33.39374999999945 ] ] ] } },
{ "type": "Feature", "properties": { "HYRIV_ID": 40566574, "NEXT_DOWN": 40566433, "MAIN_RIV": 41023100, "LENGTH_KM": 0.6, "DIST_DN_KM": 2775.3, "DIST_UP_KM": 186.0, "CATCH_SKM": 0.36, "UPLAND_SKM": 7464.9, "ENDORHEIC": 0, "DIS_AV_CMS": 205.058, "ORD_STRA": 5, "ORD_CLAS": 2, "ORD_FLOW": 4, "HYBAS_L12": 4120659120 }, "geometry": { "type": "MultiLineString", "coordinates": [ [ [ 76.927083333333059, 33.368749999999459 ], [ 76.931249999999721, 33.372916666666121 ] ] ] } },
{ "type": "Feature", "properties": { "HYRIV_ID": 40568163, "NEXT_DOWN": 40566574, "MAIN_RIV": 41023100, "LENGTH_KM": 8.54, "DIST_DN_KM": 2775.8, "DIST_UP_KM": 185.6, "CATCH_SKM": 32.1, "UPLAND_SKM": 7292.5, "ENDORHEIC": 0, "DIS_AV_CMS": 200.58, "ORD_STRA": 5, "ORD_CLAS": 2, "ORD_FLOW": 4, "HYBAS_L12": 4120663410 }, "geometry": { "type": "MultiLineString", "coordinates": [ [ [ 76.968749999999744, 33.322916666666124 ], [ 76.97708333333307, 33.331249999999493 ], [ 76.960416666666418, 33.34791666666613 ], [ 76.956249999999756, 33.34791666666613 ], [ 76.952083333333036, 33.352083333332821 ], [ 76.931249999999721, 33.352083333332821 ], [ 76.927083333333059, 33.356249999999484 ], [ 76.927083333333059, 33.368749999999459 ] ] ] } },
{ "type": "Feature", "properties": { "HYRIV_ID": 40568165, "NEXT_DOWN": 40568697, "MAIN_RIV": 41023100, "LENGTH_KM": 2.32, "DIST_DN_KM": 2818.7, "DIST_UP_KM": 142.6, "CATCH_SKM": 5.74, "UPLAND_SKM": 5715.3, "ENDORHEIC": 0, "DIS_AV_CMS": 154.626, "ORD_STRA": 5, "ORD_CLAS": 2, "ORD_FLOW": 4, "HYBAS_L12": 4120667110 }, "geometry": { "type": "MultiLineString", "coordinates": [ [ [ 77.243749999999778, 33.322916666666124 ], [ 77.218749999999744, 33.322916666666124 ] ] ] } },
{ "type": "Feature", "properties": { "HYRIV_ID": 40568166, "NEXT_DOWN": 40568165, "MAIN_RIV": 41023100, "LENGTH_KM": 4.27, "DIST_DN_KM": 2821.2, "DIST_UP_KM": 42.5, "CATCH_SKM": 11.48, "UPLAND_SKM": 810.8, "ENDORHEIC": 0, "DIS_AV_CMS": 16.881, "ORD_STRA": 4, "ORD_CLAS": 3, "ORD_FLOW": 5, "HYBAS_L12": 4120664380 }, "geometry": { "type": "MultiLineString", "coordinates": [ [ [ 77.260416666666316, 33.356249999999484 ], [ 77.260416666666316, 33.352083333332821 ], [ 77.25208333333299, 33.343749999999467 ], [ 77.25208333333299, 33.331249999999493 ], [ 77.243749999999778, 33.322916666666124 ] ] ] } },
{ "type": "Feature", "properties": { "HYRIV_ID": 40568697, "NEXT_DOWN": 40568840, "MAIN_RIV": 41023100, "LENGTH_KM": 2.27, "DIST_DN_KM": 2816.6, "DIST_UP_KM": 144.7, "CATCH_SKM": 5.2, "UPLAND_SKM": 5737.2, "ENDORHEIC": 0, "DIS_AV_CMS": 155.171, "ORD_STRA": 5, "ORD_CLAS": 2, "ORD_FLOW": 4, "HYBAS_L12": 4120667110 }, "geometry": { "type": "MultiLineString", "coordinates": [ [ [ 77.218749999999744, 33.322916666666124 ], [ 77.218749999999744, 33.318749999999476 ], [ 77.206249999999699, 33.306249999999501 ] ] ] } },
{ "type": "Feature", "properties": { "HYRIV_ID": 40568837, "NEXT_DOWN": 40568163, "MAIN_RIV": 41023100, "LENGTH_KM": 3.9, "DIST_DN_KM": 2784.3, "DIST_UP_KM": 177.0, "CATCH_SKM": 15.25, "UPLAND_SKM": 6919.8, "ENDORHEIC": 0, "DIS_AV_CMS": 189.958, "ORD_STRA": 5, "ORD_CLAS": 2, "ORD_FLOW": 4, "HYBAS_L12": 4120664610 }, "geometry": { "type": "MultiLineString", "coordinates": [ [ [ 76.993749999999665, 33.302083333332796 ], [ 76.989583333333002, 33.302083333332796 ], [ 76.985416666666339, 33.306249999999501 ], [ 76.98124999999979, 33.306249999999501 ], [ 76.97708333333307, 33.31041666666615 ], [ 76.972916666666407, 33.31041666666615 ], [ 76.968749999999744, 33.31458333333277 ], [ 76.968749999999744, 33.322916666666124 ] ] ] } },
{ "type": "Feature", "properties": { "HYRIV_ID": 40568840, "NEXT_DOWN": 40570049, "MAIN_RIV": 41023100, "LENGTH_KM": 0.6, "DIST_DN_KM": 2816.0, "DIST_UP_KM": 145.3, "CATCH_SKM": 1.44, "UPLAND_SKM": 5750.3, "ENDORHEIC": 0, "DIS_AV_CMS": 155.499, "ORD_STRA": 5, "ORD_CLAS": 2, "ORD_FLOW": 4, "HYBAS_L12": 4120667110 }, "geometry": { "type": "MultiLineString", "coordinates": [ [ [ 77.206249999999699, 33.306249999999501 ], [ 77.202083333333036, 33.302083333332796 ] ] ] } },
{ "type": "Feature", "properties": { "HYRIV_ID": 40568841, "NEXT_DOWN": 40568165, "MAIN_RIV": 41023100, "LENGTH_KM": 4.43, "DIST_DN_KM": 2821.0, "DIST_UP_KM": 140.3, "CATCH_SKM": 13.46, "UPLAND_SKM": 4898.8, "ENDORHEIC": 0, "DIS_AV_CMS": 137.552, "ORD_STRA": 5, "ORD_CLAS": 2, "ORD_FLOW": 4, "HYBAS_L12": 4120664520 }, "geometry": { "type": "MultiLineString", "coordinates": [ [ [ 77.277083333333024, 33.302083333332796 ], [ 77.272916666666362, 33.306249999999501 ], [ 77.264583333333093, 33.306249999999501 ], [ 77.256249999999767, 33.31458333333277 ], [ 77.25208333333299, 33.31458333333277 ], [ 77.247916666666441, 33.318749999999476 ], [ 77.247916666666441, 33.322916666666124 ], [ 77.243749999999778, 33.322916666666124 ] ] ] } },
{ "type": "Feature", "properties": { "HYRIV_ID": 40569002, "NEXT_DOWN": 40568837, "MAIN_RIV": 41023100, "LENGTH_KM": 1.38, "DIST_DN_KM": 2788.1, "DIST_UP_KM": 173.2, "CATCH_SKM": 3.23, "UPLAND_SKM": 6878.9, "ENDORHEIC": 0, "DIS_AV_CMS": 188.79, "ORD_STRA": 5, "ORD_CLAS": 2, "ORD_FLOW": 4, "HYBAS_L12": 4120664610 }, "geometry": { "type": "MultiLineString", "coordinates": [ [ [ 77.006249999999824, 33.297916666666133 ], [ 77.00208333333299, 33.302083333332796 ], [ 76.993749999999665, 33.302083333332796 ] ] ] } },
{ "type": "Feature", "properties": { "HYRIV_ID": 40569004, "NEXT_DOWN": 40568841, "MAIN_RIV": 41023100, "LENGTH_KM": 0.6, "DIST_DN_KM": 2825.6, "DIST_UP_KM": 135.7, "CATCH_SKM": 0.72, "UPLAND_SKM": 4880.3, "ENDORHEIC": 0, "DIS_AV_CMS": 137.035, "ORD_STRA": 5, "ORD_CLAS": 2, "ORD_FLOW": 4, "HYBAS_L12": 4120664520 }, "geometry": { "type": "MultiLineString", "coordinates": [ [ [ 77.281249999999687, 33.297916666666133 ], [ 77.277083333333024, 33.302083333332796 ] ] ] } },
{ "type": "Feature", "properties": { "HYRIV_ID": 40569133, "NEXT_DOWN": 40569002, "MAIN_RIV": 41023100, "LENGTH_KM": 0.99, "DIST_DN_KM": 2789.5, "DIST_UP_KM": 171.8, "CATCH_SKM": 2.87, "UPLAND_SKM": 6868.9, "ENDORHEIC": 0, "DIS_AV_CMS": 188.489, "ORD_STRA": 5, "ORD_CLAS": 2, "ORD_FLOW": 4, "HYBAS_L12": 4120664610 }, "geometry": { "type": "MultiLineString", "coordinates": [ [ [ 77.014583333333036, 33.293749999999484 ], [ 77.010416666666316, 33.297916666666133 ], [ 77.006249999999824, 33.297916666666133 ] ] ] } },
{ "type": "Feature", "properties": { "HYRIV_ID": 40569619, "NEXT_DOWN": 40569133, "MAIN_RIV": 41023100, "LENGTH_KM": 2.42, "DIST_DN_KM": 2790.7, "DIST_UP_KM": 170.6, "CATCH_SKM": 7.54, "UPLAND_SKM": 6852.9, "ENDORHEIC": 0, "DIS_AV_CMS": 188.071, "ORD_STRA": 5, "ORD_CLAS": 2, "ORD_FLOW": 4, "HYBAS_L12": 4120664610 }, "geometry": { "type": "MultiLineString", "coordinates": [ [ [ 77.031249999999687, 33.277083333332804 ], [ 77.014583333333036, 33.293749999999484 ] ] ] } },
{ "type": "Feature", "properties": { "HYRIV_ID": 40569748, "NEXT_DOWN": 40569004, "MAIN_RIV": 41023100, "LENGTH_KM": 3.87, "DIST_DN_KM": 2826.2, "DIST_UP_KM": 135.1, "CATCH_SKM": 10.77, "UPLAND_SKM": 4868.5, "ENDORHEIC": 0, "DIS_AV_CMS": 136.75, "ORD_STRA": 5, "ORD_CLAS": 2, "ORD_FLOW": 4, "HYBAS_L12": 4120664520 }, "geometry": { "type": "MultiLineString", "coordinates": [ [ [ 77.306249999999665, 33.272916666666141 ], [ 77.297916666666339, 33.281249999999467 ], [ 77.293749999999676, 33.281249999999467 ], [ 77.28541666666635, 33.289583333332821 ], [ 77.28541666666635, 33.293749999999484 ], [ 77.281249999999687, 33.297916666666133 ] ] ] } },
{ "type": "Feature", "properties": { "HYRIV_ID": 40569904, "NEXT_DOWN": 40569619, "MAIN_RIV": 41023100, "LENGTH_KM": 1.21, "DIST_DN_KM": 2793.1, "DIST_UP_KM": 168.2, "CATCH_SKM": 2.33, "UPLAND_SKM": 6832.8, "ENDORHEIC": 0, "DIS_AV_CMS": 187.519, "ORD_STRA": 5, "ORD_CLAS": 2, "ORD_FLOW": 4, "HYBAS_L12": 4120664610 }, "geometry": { "type": "MultiLineString", "coordinates": [ [ [ 77.039583333333013, 33.268749999999493 ], [ 77.031249999999687, 33.277083333332804 ] ] ] } },
{ "type": "Feature", "properties": { "HYRIV_ID": 40569906, "NEXT_DOWN": 40570051, "MAIN_RIV": 41023100, "LENGTH_KM": 1.94, "DIST_DN_KM": 2834.9, "DIST_UP_KM": 126.5, "CATCH_SKM": 8.08, "UPLAND_SKM": 4688.3, "ENDORHEIC": 0, "DIS_AV_CMS": 131.947, "ORD_STRA": 5, "ORD_CLAS": 2, "ORD_FLOW": 4, "HYBAS_L12": 4120666500 }, "geometry": { "type": "MultiLineString", "coordinates": [ [ [ 77.368749999999721, 33.268749999999493 ], [ 77.347916666666407, 33.268749999999493 ] ] ] } },
{ "type": "Feature", "properties": { "HYRIV_ID": 40570049, "NEXT_DOWN": 40570315, "MAIN_RIV": 41023100, "LENGTH_KM": 5.01, "DIST_DN_KM": 2811.0, "DIST_UP_KM": 150.3, "CATCH_SKM": 18.48, "UPLAND_SKM": 5778.4, "ENDORHEIC": 0, "DIS_AV_CMS": 156.271, "ORD_STRA": 5, "ORD_CLAS": 2, "ORD_FLOW": 4, "HYBAS_L12": 4120667110 }, "geometry": { "type": "MultiLineString", "coordinates": [ [ [ 77.202083333333036, 33.302083333332796 ], [ 77.197916666666373, 33.297916666666133 ], [ 77.197916666666373, 33.293749999999484 ], [ 77.19374999999971, 33.289583333332821 ], [ 77.19374999999971, 33.285416666666116 ], [ 77.185416666666328, 33.277083333332804 ], [ 77.185416666666328, 33.272916666666141 ], [ 77.177083333333002, 33.264583333332787 ] ] ] } },
{ "type": "Feature", "properties": { "HYRIV_ID": 40570051, "NEXT_DOWN": 40570188, "MAIN_RIV": 41023100, "LENGTH_KM": 1.77, "DIST_DN_KM": 2833.3, "DIST_UP_KM": 128.0, "CATCH_SKM": 3.41, "UPLAND_SKM": 4700.5, "ENDORHEIC": 0, "DIS_AV_CMS": 132.269, "ORD_STRA": 5, "ORD_CLAS": 2, "ORD_FLOW": 4, "HYBAS_L12": 4120666500 }, "geometry": { "type": "MultiLineString", "coordinates": [ [ [ 77.347916666666407, 33.268749999999493 ], [ 77.335416666666362, 33.268749999999493 ], [ 77.331249999999699, 33.264583333332787 ] ] ] } },
{ "type": "Feature", "properties": { "HYRIV_ID": 40570052, "NEXT_DOWN": 40569906, "MAIN_RIV": 41023100, "LENGTH_KM": 0.99, "DIST_DN_KM": 2836.8, "DIST_UP_KM": 124.5, "CATCH_SKM": 1.79, "UPLAND_SKM": 4655.3, "ENDORHEIC": 0, "DIS_AV_CMS": 131.138, "ORD_STRA": 5, "ORD_CLAS": 2, "ORD_FLOW": 4, "HYBAS_L12": 4120666500 }, "geometry": { "type": "MultiLineString", "coordinates": [ [ [ 77.37708333333299, 33.264583333332787 ], [ 77.372916666666441, 33.268749999999493 ], [ 77.368749999999721, 33.268749999999493 ] ] ] } },
{ "type": "Feature", "properties": { "HYRIV_ID": 40570053, "NEXT_DOWN": 40570052, "MAIN_RIV": 41023100, "LENGTH_KM": 4.65, "DIST_DN_KM": 2837.8, "DIST_UP_KM": 123.5, "CATCH_SKM": 16.87, "UPLAND_SKM": 4626.9, "ENDORHEIC": 0, "DIS_AV_CMS": 130.417, "ORD_STRA": 5, "ORD_CLAS": 2, "ORD_FLOW": 4, "HYBAS_L12": 4120666500 }, "geometry": { "type": "MultiLineString", "coordinates": [ [ [ 77.427083333333002, 33.264583333332787 ], [ 77.37708333333299, 33.264583333332787 ] ] ] } },
{ "type": "Feature", "properties": { "HYRIV_ID": 40570054, "NEXT_DOWN": 40570053, "MAIN_RIV": 41023100, "LENGTH_KM": 1.99, "DIST_DN_KM": 2842.6, "DIST_UP_KM": 108.5, "CATCH_SKM": 3.59, "UPLAND_SKM": 2061.6, "ENDORHEIC": 0, "DIS_AV_CMS": 42.574, "ORD_STRA": 4, "ORD_CLAS": 3, "ORD_FLOW": 5, "HYBAS_L12": 4120666090 }, "geometry": { "type": "MultiLineString", "coordinates": [ [ [ 77.431249999999665, 33.281249999999467 ], [ 77.431249999999665, 33.268749999999493 ], [ 77.427083333333002, 33.264583333332787 ] ] ] } },
{ "type": "Feature", "properties": { "HYRIV_ID": 40570187, "NEXT_DOWN": 40569748, "MAIN_RIV": 41023100, "LENGTH_KM": 1.81, "DIST_DN_KM": 2830.1, "DIST_UP_KM": 131.2, "CATCH_SKM": 4.49, "UPLAND_SKM": 4839.9, "ENDORHEIC": 0, "DIS_AV_CMS": 135.994, "ORD_STRA": 5, "ORD_CLAS": 2, "ORD_FLOW": 4, "HYBAS_L12": 4120664520 }, "geometry": { "type": "MultiLineString", "coordinates": [ [ [ 77.31874999999971, 33.260416666666124 ], [ 77.306249999999665, 33.272916666666141 ] ] ] } },
{ "type": "Feature", "properties": { "HYRIV_ID": 40570188, "NEXT_DOWN": 40570187, "MAIN_RIV": 41023100, "LENGTH_KM": 1.38, "DIST_DN_KM": 2831.7, "DIST_UP_KM": 129.6, "CATCH_SKM": 3.95, "UPLAND_SKM": 4709.7, "ENDORHEIC": 0, "DIS_AV_CMS": 132.519, "ORD_STRA": 5, "ORD_CLAS": 2, "ORD_FLOW": 4, "HYBAS_L12": 4120666500 }, "geometry": { "type": "MultiLineString", "coordinates": [ [ [ 77.331249999999699, 33.264583333332787 ], [ 77.327083333333036, 33.264583333332787 ], [ 77.322916666666373, 33.260416666666124 ], [ 77.31874999999971, 33.260416666666124 ] ] ] } },
{ "type": "Feature", "properties": { "HYRIV_ID": 40570315, "NEXT_DOWN": 40570851, "MAIN_RIV": 41023100, "LENGTH_KM": 1.21, "DIST_DN_KM": 2809.8, "DIST_UP_KM": 151.5, "CATCH_SKM": 1.97, "UPLAND_SKM": 5815.4, "ENDORHEIC": 0, "DIS_AV_CMS": 157.232, "ORD_STRA": 5, "ORD_CLAS": 2, "ORD_FLOW": 4, "HYBAS_L12": 4120667110 }, "geometry": { "type": "MultiLineString", "coordinates": [ [ [ 77.177083333333002, 33.264583333332787 ], [ 77.168749999999676, 33.256249999999476 ] ] ] } },
{ "type": "Feature", "properties": { "HYRIV_ID": 40570442, "NEXT_DOWN": 40569904, "MAIN_RIV": 41023100, "LENGTH_KM": 3.19, "DIST_DN_KM": 2794.3, "DIST_UP_KM": 167.0, "CATCH_SKM": 7.72, "UPLAND_SKM": 6813.9, "ENDORHEIC": 0, "DIS_AV_CMS": 187.003, "ORD_STRA": 5, "ORD_CLAS": 2, "ORD_FLOW": 4, "HYBAS_L12": 4120664610 }, "geometry": { "type": "MultiLineString", "coordinates": [ [ [ 77.064583333333047, 33.252083333332813 ], [ 77.056249999999665, 33.252083333332813 ], [ 77.039583333333013, 33.268749999999493 ] ] ] } },
{ "type": "Feature", "properties": { "HYRIV_ID": 40570585, "NEXT_DOWN": 40570442, "MAIN_RIV": 41023100, "LENGTH_KM": 0.6, "DIST_DN_KM": 2797.5, "DIST_UP_KM": 163.8, "CATCH_SKM": 0.36, "UPLAND_SKM": 6763.3, "ENDORHEIC": 0, "DIS_AV_CMS": 185.599, "ORD_STRA": 5, "ORD_CLAS": 2, "ORD_FLOW": 4, "HYBAS_L12": 4120664610 }, "geometry": { "type": "MultiLineString", "coordinates": [ [ [ 77.06874999999971, 33.247916666666107 ], [ 77.064583333333047, 33.252083333332813 ] ] ] } },
{ "type": "Feature", "properties": { "HYRIV_ID": 40570726, "NEXT_DOWN": 40570053, "MAIN_RIV": 41023100, "LENGTH_KM": 3.27, "DIST_DN_KM": 2842.4, "DIST_UP_KM": 118.9, "CATCH_SKM": 8.8, "UPLAND_SKM": 2548.4, "ENDORHEIC": 0, "DIS_AV_CMS": 87.345, "ORD_STRA": 5, "ORD_CLAS": 2, "ORD_FLOW": 5, "HYBAS_L12": 4120666340 }, "geometry": { "type": "MultiLineString", "coordinates": [ [ [ 77.447916666666316, 33.243749999999459 ], [ 77.43958333333299, 33.252083333332813 ], [ 77.43958333333299, 33.256249999999476 ], [ 77.431249999999665, 33.264583333332787 ], [ 77.427083333333002, 33.264583333332787 ] ] ] } },
{ "type": "Feature", "properties": { "HYRIV_ID": 40570850, "NEXT_DOWN": 40570585, "MAIN_RIV": 41023100, "LENGTH_KM": 2.76, "DIST_DN_KM": 2798.1, "DIST_UP_KM": 163.2, "CATCH_SKM": 6.82, "UPLAND_SKM": 6757.6, "ENDORHEIC": 0, "DIS_AV_CMS": 185.441, "ORD_STRA": 5, "ORD_CLAS": 2, "ORD_FLOW": 4, "HYBAS_L12": 4120664610 }, "geometry": { "type": "MultiLineString", "coordinates": [ [ [ 77.093749999999744, 33.239583333332838 ], [ 77.081249999999699, 33.239583333332838 ], [ 77.077083333333036, 33.243749999999459 ], [ 77.072916666666373, 33.243749999999459 ], [ 77.06874999999971, 33.247916666666107 ] ] ] } },
{ "type": "Feature", "properties": { "HYRIV_ID": 40570851, "NEXT_DOWN": 40571105, "MAIN_RIV": 41023100, "LENGTH_KM": 2.66, "DIST_DN_KM": 2807.1, "DIST_UP_KM": 154.2, "CATCH_SKM": 9.7, "UPLAND_SKM": 5854.7, "ENDORHEIC": 0, "DIS_AV_CMS": 158.262, "ORD_STRA": 5, "ORD_CLAS": 2, "ORD_FLOW": 4, "HYBAS_L12": 4120667110 }, "geometry": { "type": "MultiLineString", "coordinates": [ [ [ 77.168749999999676, 33.256249999999476 ], [ 77.168749999999676, 33.252083333332813 ], [ 77.16041666666635, 33.243749999999459 ], [ 77.156249999999687, 33.243749999999459 ], [ 77.152083333333024, 33.239583333332838 ] ] ] } },
{ "type": "Feature", "properties": { "HYRIV_ID": 40571104, "NEXT_DOWN": 40570850, "MAIN_RIV": 41023100, "LENGTH_KM": 4.7, "DIST_DN_KM": 2800.7, "DIST_UP_KM": 160.7, "CATCH_SKM": 23.7, "UPLAND_SKM": 6706.0, "ENDORHEIC": 0, "DIS_AV_CMS": 183.971, "ORD_STRA": 5, "ORD_CLAS": 2, "ORD_FLOW": 4, "HYBAS_L12": 4120664610 }, "geometry": { "type": "MultiLineString", "coordinates": [ [ [ 77.13958333333315, 33.23124999999947 ], [ 77.131249999999767, 33.23124999999947 ], [ 77.122916666666441, 33.239583333332838 ], [ 77.093749999999744, 33.239583333332838 ] ] ] } },
{ "type": "Feature", "properties": { "HYRIV_ID": 40571105, "NEXT_DOWN": 40571104, "MAIN_RIV": 41023100, "LENGTH_KM": 1.6, "DIST_DN_KM": 2805.5, "DIST_UP_KM": 155.8, "CATCH_SKM": 4.13, "UPLAND_SKM": 5863.2, "ENDORHEIC": 0, "DIS_AV_CMS": 158.51, "ORD_STRA": 5, "ORD_CLAS": 2, "ORD_FLOW": 4, "HYBAS_L12": 4120667110 }, "geometry": { "type": "MultiLineString", "coordinates": [ [ [ 77.152083333333024, 33.239583333332838 ], [ 77.147916666666362, 33.239583333332838 ], [ 77.13958333333315, 33.23124999999947 ] ] ] } },
{ "type": "Feature", "properties": { "HYRIV_ID": 40572255, "NEXT_DOWN": 40571104, "MAIN_RIV": 41023100, "LENGTH_KM": 4.52, "DIST_DN_KM": 2805.3, "DIST_UP_KM": 52.0, "CATCH_SKM": 14.01, "UPLAND_SKM": 819.1, "ENDORHEIC": 0, "DIS_AV_CMS": 24.72, "ORD_STRA": 4, "ORD_CLAS": 3, "ORD_FLOW": 5, "HYBAS_L12": 4120667150 }, "geometry": { "type": "MultiLineString", "coordinates": [ [ [ 77.156249999999687, 33.197916666666124 ], [ 77.156249999999687, 33.206249999999478 ], [ 77.152083333333024, 33.210416666666141 ], [ 77.152083333333024, 33.218749999999453 ], [ 77.147916666666362, 33.222916666666116 ], [ 77.147916666666362, 33.227083333332821 ], [ 77.143749999999642, 33.23124999999947 ], [ 77.13958333333315, 33.23124999999947 ] ] ] } },
{ "type": "Feature", "properties": { "HYRIV_ID": 40572554, "NEXT_DOWN": 40572255, "MAIN_RIV": 41023100, "LENGTH_KM": 1.46, "DIST_DN_KM": 2809.9, "DIST_UP_KM": 47.5, "CATCH_SKM": 3.41, "UPLAND_SKM": 787.5, "ENDORHEIC": 0, "DIS_AV_CMS": 23.857, "ORD_STRA": 4, "ORD_CLAS": 3, "ORD_FLOW": 5, "HYBAS_L12": 4120667150 }, "geometry": { "type": "MultiLineString", "coordinates": [ [ [ 77.164583333333013, 33.189583333332813 ], [ 77.16041666666635, 33.193749999999461 ], [ 77.156249999999687, 33.193749999999461 ], [ 77.156249999999687, 33.197916666666124 ] ] ] } },
{ "type": "Feature", "properties": { "HYRIV_ID": 40572706, "NEXT_DOWN": 40572554, "MAIN_RIV": 41023100, "LENGTH_KM": 0.46, "DIST_DN_KM": 2811.3, "DIST_UP_KM": 46.0, "CATCH_SKM": 1.26, "UPLAND_SKM": 779.1, "ENDORHEIC": 0, "DIS_AV_CMS": 23.627, "ORD_STRA": 4, "ORD_CLAS": 3, "ORD_FLOW": 5, "HYBAS_L12": 4120667150 }, "geometry": { "type": "MultiLineString", "coordinates": [ [ [ 77.164583333333013, 33.18541666666615 ], [ 77.164583333333013, 33.189583333332813 ] ] ] } },
{ "type": "Feature", "properties": { "HYRIV_ID": 40573130, "NEXT_DOWN": 40572706, "MAIN_RIV": 41023100, "LENGTH_KM": 1.81, "DIST_DN_KM": 2812.0, "DIST_UP_KM": 45.4, "CATCH_SKM": 3.23, "UPLAND_SKM": 768.3, "ENDORHEIC": 0, "DIS_AV_CMS": 23.33, "ORD_STRA": 4, "ORD_CLAS": 3, "ORD_FLOW": 5, "HYBAS_L12": 4120667150 }, "geometry": { "type": "MultiLineString", "coordinates": [ [ [ 77.177083333333002, 33.172916666666133 ], [ 77.164583333333013, 33.18541666666615 ] ] ] } },
{ "type": "Feature", "properties": { "HYRIV_ID": 40573131, "NEXT_DOWN": 40573130, "MAIN_RIV": 41023100, "LENGTH_KM": 0.39, "DIST_DN_KM": 2813.6, "DIST_UP_KM": 43.8, "CATCH_SKM": 0.72, "UPLAND_SKM": 758.1, "ENDORHEIC": 0, "DIS_AV_CMS": 23.043, "ORD_STRA": 4, "ORD_CLAS": 3, "ORD_FLOW": 5, "HYBAS_L12": 4120667150 }, "geometry": { "type": "MultiLineString", "coordinates": [ [ [ 77.181249999999665, 33.172916666666133 ], [ 77.177083333333002, 33.172916666666133 ] ] ] } },
{ "type": "Feature", "properties": { "HYRIV_ID": 40573394, "NEXT_DOWN": 40573131, "MAIN_RIV": 41023100, "LENGTH_KM": 1.07, "DIST_DN_KM": 2814.0, "DIST_UP_KM": 43.3, "CATCH_SKM": 2.69, "UPLAND_SKM": 739.0, "ENDORHEIC": 0, "DIS_AV_CMS": 22.537, "ORD_STRA": 4, "ORD_CLAS": 3, "ORD_FLOW": 5, "HYBAS_L12": 4120667150 }, "geometry": { "type": "MultiLineString", "coordinates": [ [ [ 77.185416666666328, 33.164583333332821 ], [ 77.181249999999665, 33.16874999999947 ], [ 77.181249999999665, 33.172916666666133 ] ] ] } },
{ "type": "Feature", "properties": { "HYRIV_ID": 40573835, "NEXT_DOWN": 40573394, "MAIN_RIV": 41023100, "LENGTH_KM": 1.81, "DIST_DN_KM": 2815.3, "DIST_UP_KM": 42.1, "CATCH_SKM": 4.85, "UPLAND_SKM": 728.8, "ENDORHEIC": 0, "DIS_AV_CMS": 22.249, "ORD_STRA": 4, "ORD_CLAS": 3, "ORD_FLOW": 5, "HYBAS_L12": 4120667150 }, "geometry": { "type": "MultiLineString", "coordinates": [ [ [ 77.197916666666373, 33.152083333332804 ], [ 77.185416666666328, 33.164583333332821 ] ] ] } },
{ "type": "Feature", "properties": { "HYRIV_ID": 40573955, "NEXT_DOWN": 40573835, "MAIN_RIV": 41023100, "LENGTH_KM": 0.6, "DIST_DN_KM": 2817.1, "DIST_UP_KM": 40.3, "CATCH_SKM": 1.62, "UPLAND_SKM": 715.3, "ENDORHEIC": 0, "DIS_AV_CMS": 21.868, "ORD_STRA": 4, "ORD_CLAS": 3, "ORD_FLOW": 5, "HYBAS_L12": 4120667150 }, "geometry": { "type": "MultiLineString", "coordinates": [ [ [ 77.202083333333036, 33.147916666666141 ], [ 77.197916666666373, 33.152083333332804 ] ] ] } },
{ "type": "Feature", "properties": { "HYRIV_ID": 40574779, "NEXT_DOWN": 40573955, "MAIN_RIV": 41023100, "LENGTH_KM": 3.34, "DIST_DN_KM": 2817.7, "DIST_UP_KM": 39.7, "CATCH_SKM": 18.16, "UPLAND_SKM": 708.3, "ENDORHEIC": 0, "DIS_AV_CMS": 21.675, "ORD_STRA": 4, "ORD_CLAS": 3, "ORD_FLOW": 5, "HYBAS_L12": 4120667150 }, "geometry": { "type": "MultiLineString", "coordinates": [ [ [ 77.218749999999744, 33.12291666666615 ], [ 77.214583333333081, 33.127083333332799 ], [ 77.214583333333081, 33.131249999999461 ], [ 77.210416666666362, 33.135416666666167 ], [ 77.210416666666362, 33.13958333333283 ], [ 77.202083333333036, 33.147916666666141 ] ] ] } },
{ "type": "Feature", "properties": { "HYRIV_ID": 40575070, "NEXT_DOWN": 40574779, "MAIN_RIV": 41023100, "LENGTH_KM": 0.93, "DIST_DN_KM": 2820.9, "DIST_UP_KM": 36.5, "CATCH_SKM": 1.62, "UPLAND_SKM": 684.7, "ENDORHEIC": 0, "DIS_AV_CMS": 21.009, "ORD_STRA": 4, "ORD_CLAS": 3, "ORD_FLOW": 5, "HYBAS_L12": 4120667150 }, "geometry": { "type": "MultiLineString", "coordinates": [ [ [ 77.218749999999744, 33.114583333332824 ], [ 77.218749999999744, 33.12291666666615 ] ] ] } },
{ "type": "Feature", "properties": { "HYRIV_ID": 40575721, "NEXT_DOWN": 40575070, "MAIN_RIV": 41023100, "LENGTH_KM": 2.6, "DIST_DN_KM": 2821.8, "DIST_UP_KM": 35.6, "CATCH_SKM": 8.81, "UPLAND_SKM": 634.2, "ENDORHEIC": 0, "DIS_AV_CMS": 19.558, "ORD_STRA": 4, "ORD_CLAS": 3, "ORD_FLOW": 5, "HYBAS_L12": 4120667150 }, "geometry": { "type": "MultiLineString", "coordinates": [ [ [ 77.210416666666362, 33.093749999999496 ], [ 77.210416666666362, 33.097916666666158 ], [ 77.214583333333081, 33.102083333332807 ], [ 77.214583333333081, 33.10624999999947 ], [ 77.218749999999744, 33.110416666666133 ], [ 77.218749999999744, 33.114583333332824 ] ] ] } },
{ "type": "Feature", "properties": { "HYRIV_ID": 40576125, "NEXT_DOWN": 40576126, "MAIN_RIV": 41023100, "LENGTH_KM": 1.94, "DIST_DN_KM": 2826.6, "DIST_UP_KM": 30.8, "CATCH_SKM": 8.27, "UPLAND_SKM": 354.2, "ENDORHEIC": 0, "DIS_AV_CMS": 10.728, "ORD_STRA": 4, "ORD_CLAS": 3, "ORD_FLOW": 5, "HYBAS_L12": 4120671600 }, "geometry": { "type": "MultiLineString", "coordinates": [ [ [ 77.172916666666339, 33.081249999999478 ], [ 77.19374999999971, 33.081249999999478 ] ] ] } },
{ "type": "Feature", "properties": { "HYRIV_ID": 40576126, "NEXT_DOWN": 40575721, "MAIN_RIV": 41023100, "LENGTH_KM": 2.2, "DIST_DN_KM": 2824.6, "DIST_UP_KM": 32.8, "CATCH_SKM": 4.14, "UPLAND_SKM": 376.0, "ENDORHEIC": 0, "DIS_AV_CMS": 11.387, "ORD_STRA": 4, "ORD_CLAS": 3, "ORD_FLOW": 5, "HYBAS_L12": 4120671600 }, "geometry": { "type": "MultiLineString", "coordinates": [ [ [ 77.19374999999971, 33.081249999999478 ], [ 77.197916666666373, 33.081249999999478 ], [ 77.210416666666362, 33.093749999999496 ] ] ] } },
{ "type": "Feature", "properties": { "HYRIV_ID": 40514361, "NEXT_DOWN": 40514692, "MAIN_RIV": 41023100, "LENGTH_KM": 2.45, "DIST_DN_KM": 2845.9, "DIST_UP_KM": 72.4, "CATCH_SKM": 3.52, "UPLAND_SKM": 1282.2, "ENDORHEIC": 0, "DIS_AV_CMS": 2.092, "ORD_STRA": 4, "ORD_CLAS": 4, "ORD_FLOW": 6, "HYBAS_L12": 4120615650 }, "geometry": { "type": "MultiLineString", "coordinates": [ [ [ 78.002083333333047, 34.989583333332796 ], [ 77.997916666666384, 34.98541666666609 ], [ 77.997916666666384, 34.96874999999941 ] ] ] } },
{ "type": "Feature", "properties": { "HYRIV_ID": 40514541, "NEXT_DOWN": 40514542, "MAIN_RIV": 41023100, "LENGTH_KM": 4.83, "DIST_DN_KM": 2849.1, "DIST_UP_KM": 145.5, "CATCH_SKM": 25.15, "UPLAND_SKM": 3890.6, "ENDORHEIC": 0, "DIS_AV_CMS": 6.513, "ORD_STRA": 5, "ORD_CLAS": 3, "ORD_FLOW": 6, "HYBAS_L12": 4120615810 }, "geometry": { "type": "MultiLineString", "coordinates": [ [ [ 77.91874999999979, 34.977083333332779 ], [ 77.922916666666453, 34.977083333332779 ], [ 77.927083333333002, 34.972916666666116 ], [ 77.935416666666328, 34.972916666666116 ], [ 77.93958333333299, 34.96874999999941 ], [ 77.947916666666316, 34.96874999999941 ], [ 77.952083333333036, 34.964583333332762 ], [ 77.964583333332968, 34.964583333332762 ] ] ] } },
{ "type": "Feature", "properties": { "HYRIV_ID": 40514542, "NEXT_DOWN": 40514692, "MAIN_RIV": 41023100, "LENGTH_KM": 3.26, "DIST_DN_KM": 2845.9, "DIST_UP_KM": 148.8, "CATCH_SKM": 14.78, "UPLAND_SKM": 3921.7, "ENDORHEIC": 0, "DIS_AV_CMS": 6.582, "ORD_STRA": 5, "ORD_CLAS": 3, "ORD_FLOW": 6, "HYBAS_L12": 4120615810 }, "geometry": { "type": "MultiLineString", "coordinates": [ [ [ 77.964583333332968, 34.964583333332762 ], [ 77.977083333333013, 34.964583333332762 ], [ 77.981249999999676, 34.96874999999941 ], [ 77.997916666666384, 34.96874999999941 ] ] ] } },
{ "type": "Feature", "properties": { "HYRIV_ID": 40514692, "NEXT_DOWN": 40515396, "MAIN_RIV": 41023100, "LENGTH_KM": 2.4, "DIST_DN_KM": 2843.7, "DIST_UP_KM": 151.0, "CATCH_SKM": 4.4, "UPLAND_SKM": 5208.3, "ENDORHEIC": 0, "DIS_AV_CMS": 8.684, "ORD_STRA": 5, "ORD_CLAS": 3, "ORD_FLOW": 6, "HYBAS_L12": 4121378080 }, "geometry": { "type": "MultiLineString", "coordinates": [ [ [ 77.997916666666384, 34.96874999999941 ], [ 78.002083333333047, 34.964583333332762 ], [ 78.00624999999971, 34.96874999999941 ], [ 78.014583333333036, 34.960416666666099 ] ] ] } },
{ "type": "Feature", "properties": { "HYRIV_ID": 40515396, "NEXT_DOWN": 40516000, "MAIN_RIV": 41023100, "LENGTH_KM": 3.24, "DIST_DN_KM": 2840.5, "DIST_UP_KM": 154.2, "CATCH_SKM": 21.64, "UPLAND_SKM": 5260.2, "ENDORHEIC": 0, "DIS_AV_CMS": 8.815, "ORD_STRA": 5, "ORD_CLAS": 3, "ORD_FLOW": 6, "HYBAS_L12": 4121378080 }, "geometry": { "type": "MultiLineString", "coordinates": [ [ [ 78.014583333333036, 34.960416666666099 ], [ 78.018749999999699, 34.960416666666099 ], [ 78.027083333333081, 34.952083333332787 ], [ 78.027083333333081, 34.947916666666124 ], [ 78.035416666666293, 34.939583333332799 ] ] ] } },
{ "type": "Feature", "properties": { "HYRIV_ID": 40516000, "NEXT_DOWN": 40516884, "MAIN_RIV": 41023100, "LENGTH_KM": 1.99, "DIST_DN_KM": 2838.3, "DIST_UP_KM": 156.4, "CATCH_SKM": 5.98, "UPLAND_SKM": 5333.4, "ENDORHEIC": 0, "DIS_AV_CMS": 8.98, "ORD_STRA": 5, "ORD_CLAS": 3, "ORD_FLOW": 6, "HYBAS_L12": 4121378080 }, "geometry": { "type": "MultiLineString", "coordinates": [ [ [ 78.035416666666293, 34.939583333332799 ], [ 78.035416666666293, 34.931249999999444 ], [ 78.03958333333307, 34.927083333332781 ], [ 78.03958333333307, 34.922916666666133 ] ] ] } },
{ "type": "Feature", "properties": { "HYRIV_ID": 40516884, "NEXT_DOWN": 40517205, "MAIN_RIV": 41023100, "LENGTH_KM": 4.22, "DIST_DN_KM": 2834.0, "DIST_UP_KM": 160.6, "CATCH_SKM": 14.26, "UPLAND_SKM": 5391.3, "ENDORHEIC": 0, "DIS_AV_CMS": 9.133, "ORD_STRA": 5, "ORD_CLAS": 3, "ORD_FLOW": 6, "HYBAS_L12": 4121378690 }, "geometry": { "type": "MultiLineString", "coordinates": [ [ [ 78.03958333333307, 34.922916666666133 ], [ 78.052083333333115, 34.910416666666116 ], [ 78.052083333333115, 34.906249999999453 ], [ 78.056249999999665, 34.90208333333279 ], [ 78.060416666666328, 34.90208333333279 ], [ 78.06458333333299, 34.897916666666099 ], [ 78.068749999999653, 34.897916666666099 ] ] ] } },
{ "type": "Feature", "properties": { "HYRIV_ID": 40517205, "NEXT_DOWN": 40517207, "MAIN_RIV": 41023100, "LENGTH_KM": 3.48, "DIST_DN_KM": 2830.6, "DIST_UP_KM": 164.1, "CATCH_SKM": 12.68, "UPLAND_SKM": 5437.3, "ENDORHEIC": 0, "DIS_AV_CMS": 9.257, "ORD_STRA": 5, "ORD_CLAS": 3, "ORD_FLOW": 6, "HYBAS_L12": 4121378690 }, "geometry": { "type": "MultiLineString", "coordinates": [ [ [ 78.068749999999653, 34.897916666666099 ], [ 78.072916666666316, 34.893749999999436 ], [ 78.07708333333315, 34.893749999999436 ], [ 78.081249999999642, 34.889583333332773 ], [ 78.102083333333013, 34.889583333332773 ] ] ] } },
{ "type": "Feature", "properties": { "HYRIV_ID": 40517207, "NEXT_DOWN": 40517921, "MAIN_RIV": 41023100, "LENGTH_KM": 0.76, "DIST_DN_KM": 2829.8, "DIST_UP_KM": 164.8, "CATCH_SKM": 1.76, "UPLAND_SKM": 5468.9, "ENDORHEIC": 0, "DIS_AV_CMS": 9.333, "ORD_STRA": 5, "ORD_CLAS": 3, "ORD_FLOW": 6, "HYBAS_L12": 4121378690 }, "geometry": { "type": "MultiLineString", "coordinates": [ [ [ 78.102083333333013, 34.889583333332773 ], [ 78.110416666666339, 34.889583333332773 ] ] ] } },
{ "type": "Feature", "properties": { "HYRIV_ID": 40569621, "NEXT_DOWN": 40569242, "MAIN_RIV": 41023100, "LENGTH_KM": 3.36, "DIST_DN_KM": 2862.1, "DIST_UP_KM": 89.0, "CATCH_SKM": 7.18, "UPLAND_SKM": 1732.9, "ENDORHEIC": 0, "DIS_AV_CMS": 36.25, "ORD_STRA": 4, "ORD_CLAS": 3, "ORD_FLOW": 5, "HYBAS_L12": 4120663970 }, "geometry": { "type": "MultiLineString", "coordinates": [ [ [ 77.572916666666316, 33.277083333332804 ], [ 77.560416666666328, 33.277083333332804 ], [ 77.552083333333002, 33.285416666666116 ], [ 77.547916666666339, 33.285416666666116 ], [ 77.543749999999676, 33.289583333332821 ] ] ] } },
{ "type": "Feature", "properties": { "HYRIV_ID": 40570446, "NEXT_DOWN": 40571823, "MAIN_RIV": 41023100, "LENGTH_KM": 2.06, "DIST_DN_KM": 2881.7, "DIST_UP_KM": 69.5, "CATCH_SKM": 3.59, "UPLAND_SKM": 1554.7, "ENDORHEIC": 0, "DIS_AV_CMS": 33.936, "ORD_STRA": 4, "ORD_CLAS": 3, "ORD_FLOW": 5, "HYBAS_L12": 4121398030 }, "geometry": { "type": "MultiLineString", "coordinates": [ [ [ 77.660416666666464, 33.264583333332787 ], [ 77.656249999999801, 33.264583333332787 ], [ 77.652083333332968, 33.260416666666124 ], [ 77.652083333332968, 33.256249999999476 ], [ 77.647916666666418, 33.252083333332813 ] ] ] } },
{ "type": "Feature", "properties": { "HYRIV_ID": 40570854, "NEXT_DOWN": 40570726, "MAIN_RIV": 41023100, "LENGTH_KM": 0.6, "DIST_DN_KM": 2845.9, "DIST_UP_KM": 115.4, "CATCH_SKM": 0.18, "UPLAND_SKM": 2527.6, "ENDORHEIC": 0, "DIS_AV_CMS": 86.829, "ORD_STRA": 5, "ORD_CLAS": 2, "ORD_FLOW": 5, "HYBAS_L12": 4120666340 }, "geometry": { "type": "MultiLineString", "coordinates": [ [ [ 77.44374999999971, 33.239583333332838 ], [ 77.447916666666316, 33.243749999999459 ] ] ] } },
{ "type": "Feature", "properties": { "HYRIV_ID": 40570855, "NEXT_DOWN": 40569621, "MAIN_RIV": 41023100, "LENGTH_KM": 5.65, "DIST_DN_KM": 2865.5, "DIST_UP_KM": 85.6, "CATCH_SKM": 22.44, "UPLAND_SKM": 1718.7, "ENDORHEIC": 0, "DIS_AV_CMS": 36.296, "ORD_STRA": 4, "ORD_CLAS": 3, "ORD_FLOW": 5, "HYBAS_L12": 4120663970 }, "geometry": { "type": "MultiLineString", "coordinates": [ [ [ 77.602083333333013, 33.239583333332838 ], [ 77.602083333333013, 33.243749999999459 ], [ 77.59791666666635, 33.247916666666107 ], [ 77.59791666666635, 33.252083333332813 ], [ 77.589583333333024, 33.260416666666124 ], [ 77.589583333333024, 33.264583333332787 ], [ 77.585416666666362, 33.264583333332787 ], [ 77.581249999999699, 33.268749999999493 ], [ 77.581249999999699, 33.272916666666141 ], [ 77.577083333333036, 33.272916666666141 ], [ 77.572916666666316, 33.277083333332804 ] ] ] } },
{ "type": "Feature", "properties": { "HYRIV_ID": 40571670, "NEXT_DOWN": 40570854, "MAIN_RIV": 41023100, "LENGTH_KM": 3.48, "DIST_DN_KM": 2846.5, "DIST_UP_KM": 114.8, "CATCH_SKM": 8.98, "UPLAND_SKM": 2485.4, "ENDORHEIC": 0, "DIS_AV_CMS": 85.803, "ORD_STRA": 5, "ORD_CLAS": 2, "ORD_FLOW": 5, "HYBAS_L12": 4120666340 }, "geometry": { "type": "MultiLineString", "coordinates": [ [ [ 77.431249999999665, 33.214583333332804 ], [ 77.435416666666328, 33.218749999999453 ], [ 77.431249999999665, 33.222916666666116 ], [ 77.435416666666328, 33.227083333332821 ], [ 77.435416666666328, 33.23124999999947 ], [ 77.44374999999971, 33.239583333332838 ] ] ] } },
{ "type": "Feature", "properties": { "HYRIV_ID": 40571671, "NEXT_DOWN": 40570855, "MAIN_RIV": 41023100, "LENGTH_KM": 3.34, "DIST_DN_KM": 2871.2, "DIST_UP_KM": 80.0, "CATCH_SKM": 6.46, "UPLAND_SKM": 1687.8, "ENDORHEIC": 0, "DIS_AV_CMS": 36.154, "ORD_STRA": 4, "ORD_CLAS": 3, "ORD_FLOW": 5, "HYBAS_L12": 4121398030 }, "geometry": { "type": "MultiLineString", "coordinates": [ [ [ 77.618749999999721, 33.214583333332804 ], [ 77.610416666666396, 33.222916666666116 ], [ 77.610416666666396, 33.227083333332821 ], [ 77.606249999999733, 33.23124999999947 ], [ 77.606249999999733, 33.235416666666133 ], [ 77.602083333333013, 33.239583333332838 ] ] ] } },
{ "type": "Feature", "properties": { "HYRIV_ID": 40571823, "NEXT_DOWN": 40571671, "MAIN_RIV": 41023100, "LENGTH_KM": 7.14, "DIST_DN_KM": 2874.3, "DIST_UP_KM": 76.8, "CATCH_SKM": 30.71, "UPLAND_SKM": 1600.3, "ENDORHEIC": 0, "DIS_AV_CMS": 34.348, "ORD_STRA": 4, "ORD_CLAS": 3, "ORD_FLOW": 5, "HYBAS_L12": 4121398030 }, "geometry": { "type": "MultiLineString", "coordinates": [ [ [ 77.647916666666418, 33.252083333332813 ], [ 77.656249999999801, 33.243749999999459 ], [ 77.656249999999801, 33.239583333332838 ], [ 77.643749999999642, 33.227083333332821 ], [ 77.643749999999642, 33.222916666666116 ], [ 77.631249999999767, 33.210416666666141 ], [ 77.627083333333047, 33.214583333332804 ], [ 77.618749999999721, 33.214583333332804 ] ] ] } },
{ "type": "Feature", "properties": { "HYRIV_ID": 40572102, "NEXT_DOWN": 40570446, "MAIN_RIV": 41023100, "LENGTH_KM": 9.38, "DIST_DN_KM": 2883.7, "DIST_UP_KM": 67.4, "CATCH_SKM": 30.7, "UPLAND_SKM": 889.4, "ENDORHEIC": 0, "DIS_AV_CMS": 22.656, "ORD_STRA": 4, "ORD_CLAS": 3, "ORD_FLOW": 5, "HYBAS_L12": 4120666510 }, "geometry": { "type": "MultiLineString", "coordinates": [ [ [ 77.710416666666362, 33.20208333333283 ], [ 77.710416666666362, 33.214583333332804 ], [ 77.706249999999642, 33.218749999999453 ], [ 77.706249999999642, 33.222916666666116 ], [ 77.702083333333036, 33.227083333332821 ], [ 77.702083333333036, 33.23124999999947 ], [ 77.697916666666316, 33.235416666666133 ], [ 77.697916666666316, 33.239583333332838 ], [ 77.677083333333002, 33.260416666666124 ], [ 77.664583333333013, 33.260416666666124 ], [ 77.660416666666464, 33.264583333332787 ] ] ] } },
{ "type": "Feature", "properties": { "HYRIV_ID": 40572400, "NEXT_DOWN": 40571670, "MAIN_RIV": 41023100, "LENGTH_KM": 2.6, "DIST_DN_KM": 2850.0, "DIST_UP_KM": 111.3, "CATCH_SKM": 6.65, "UPLAND_SKM": 2386.4, "ENDORHEIC": 0, "DIS_AV_CMS": 83.15, "ORD_STRA": 5, "ORD_CLAS": 2, "ORD_FLOW": 5, "HYBAS_L12": 4121398530 }, "geometry": { "type": "MultiLineString", "coordinates": [ [ [ 77.43958333333299, 33.193749999999461 ], [ 77.435416666666328, 33.197916666666124 ], [ 77.435416666666328, 33.210416666666141 ], [ 77.431249999999665, 33.214583333332804 ] ] ] } },
{ "type": "Feature", "properties": { "HYRIV_ID": 40574095, "NEXT_DOWN": 40572400, "MAIN_RIV": 41023100, "LENGTH_KM": 7.96, "DIST_DN_KM": 2852.6, "DIST_UP_KM": 108.7, "CATCH_SKM": 31.99, "UPLAND_SKM": 2359.6, "ENDORHEIC": 0, "DIS_AV_CMS": 82.453, "ORD_STRA": 5, "ORD_CLAS": 2, "ORD_FLOW": 5, "HYBAS_L12": 4121398530 }, "geometry": { "type": "MultiLineString", "coordinates": [ [ [ 77.47291666666635, 33.143749999999478 ], [ 77.47291666666635, 33.147916666666141 ], [ 77.464583333333024, 33.156249999999453 ], [ 77.452083333333036, 33.156249999999453 ], [ 77.447916666666316, 33.160416666666158 ], [ 77.44374999999971, 33.160416666666158 ], [ 77.43958333333299, 33.164583333332821 ], [ 77.43958333333299, 33.172916666666133 ], [ 77.435416666666328, 33.177083333332796 ], [ 77.435416666666328, 33.189583333332813 ], [ 77.43958333333299, 33.193749999999461 ] ] ] } },
{ "type": "Feature", "properties": { "HYRIV_ID": 40574492, "NEXT_DOWN": 40574095, "MAIN_RIV": 41023100, "LENGTH_KM": 1.67, "DIST_DN_KM": 2860.6, "DIST_UP_KM": 100.8, "CATCH_SKM": 3.23, "UPLAND_SKM": 2310.6, "ENDORHEIC": 0, "DIS_AV_CMS": 81.081, "ORD_STRA": 5, "ORD_CLAS": 2, "ORD_FLOW": 5, "HYBAS_L12": 4121398530 }, "geometry": { "type": "MultiLineString", "coordinates": [ [ [ 77.481249999999733, 33.131249999999461 ], [ 77.481249999999733, 33.135416666666167 ], [ 77.47291666666635, 33.143749999999478 ] ] ] } },
{ "type": "Feature", "properties": { "HYRIV_ID": 40574649, "NEXT_DOWN": 40574492, "MAIN_RIV": 41023100, "LENGTH_KM": 2.16, "DIST_DN_KM": 2862.2, "DIST_UP_KM": 99.1, "CATCH_SKM": 5.21, "UPLAND_SKM": 2251.2, "ENDORHEIC": 0, "DIS_AV_CMS": 79.395, "ORD_STRA": 5, "ORD_CLAS": 2, "ORD_FLOW": 5, "HYBAS_L12": 4121399700 }, "geometry": { "type": "MultiLineString", "coordinates": [ [ [ 77.502083333333104, 33.127083333332799 ], [ 77.485416666666396, 33.127083333332799 ], [ 77.481249999999733, 33.131249999999461 ] ] ] } },
{ "type": "Feature", "properties": { "HYRIV_ID": 40574650, "NEXT_DOWN": 40574649, "MAIN_RIV": 41023100, "LENGTH_KM": 1.6, "DIST_DN_KM": 2864.4, "DIST_UP_KM": 96.9, "CATCH_SKM": 4.67, "UPLAND_SKM": 2241.7, "ENDORHEIC": 0, "DIS_AV_CMS": 79.215, "ORD_STRA": 5, "ORD_CLAS": 2, "ORD_FLOW": 5, "HYBAS_L12": 4121399700 }, "geometry": { "type": "MultiLineString", "coordinates": [ [ [ 77.514583333333093, 33.127083333332799 ], [ 77.510416666666316, 33.127083333332799 ], [ 77.506249999999767, 33.131249999999461 ], [ 77.502083333333104, 33.127083333332799 ] ] ] } },
{ "type": "Feature", "properties": { "HYRIV_ID": 40574933, "NEXT_DOWN": 40574650, "MAIN_RIV": 41023100, "LENGTH_KM": 2.37, "DIST_DN_KM": 2866.0, "DIST_UP_KM": 95.3, "CATCH_SKM": 5.03, "UPLAND_SKM": 2228.6, "ENDORHEIC": 0, "DIS_AV_CMS": 79.162, "ORD_STRA": 5, "ORD_CLAS": 2, "ORD_FLOW": 5, "HYBAS_L12": 4121399700 }, "geometry": { "type": "MultiLineString", "coordinates": [ [ [ 77.53541666666635, 33.118749999999487 ], [ 77.531249999999801, 33.12291666666615 ], [ 77.518749999999642, 33.12291666666615 ], [ 77.514583333333093, 33.127083333332799 ] ] ] } },
{ "type": "Feature", "properties": { "HYRIV_ID": 40576015, "NEXT_DOWN": 40574933, "MAIN_RIV": 41023100, "LENGTH_KM": 4.8, "DIST_DN_KM": 2868.2, "DIST_UP_KM": 93.1, "CATCH_SKM": 19.24, "UPLAND_SKM": 2202.7, "ENDORHEIC": 0, "DIS_AV_CMS": 78.968, "ORD_STRA": 5, "ORD_CLAS": 2, "ORD_FLOW": 5, "HYBAS_L12": 4121399700 }, "geometry": { "type": "MultiLineString", "coordinates": [ [ [ 77.560416666666328, 33.085416666666141 ], [ 77.560416666666328, 33.08958333333279 ], [ 77.552083333333002, 33.097916666666158 ], [ 77.547916666666339, 33.097916666666158 ], [ 77.53541666666635, 33.110416666666133 ], [ 77.53541666666635, 33.118749999999487 ] ] ] } },
{ "type": "Feature", "properties": { "HYRIV_ID": 40576249, "NEXT_DOWN": 40576015, "MAIN_RIV": 41023100, "LENGTH_KM": 1.21, "DIST_DN_KM": 2873.1, "DIST_UP_KM": 88.2, "CATCH_SKM": 1.8, "UPLAND_SKM": 2124.8, "ENDORHEIC": 0, "DIS_AV_CMS": 77.622, "ORD_STRA": 5, "ORD_CLAS": 2, "ORD_FLOW": 5, "HYBAS_L12": 4121400180 }, "geometry": { "type": "MultiLineString", "coordinates": [ [ [ 77.568749999999653, 33.077083333332816 ], [ 77.560416666666328, 33.085416666666141 ] ] ] } },
{ "type": "Feature", "properties": { "HYRIV_ID": 40577581, "NEXT_DOWN": 40576249, "MAIN_RIV": 41023100, "LENGTH_KM": 5.34, "DIST_DN_KM": 2874.4, "DIST_UP_KM": 87.0, "CATCH_SKM": 21.59, "UPLAND_SKM": 2106.6, "ENDORHEIC": 0, "DIS_AV_CMS": 77.315, "ORD_STRA": 5, "ORD_CLAS": 2, "ORD_FLOW": 5, "HYBAS_L12": 4121400180 }, "geometry": { "type": "MultiLineString", "coordinates": [ [ [ 77.589583333333024, 33.035416666666158 ], [ 77.589583333333024, 33.047916666666133 ], [ 77.572916666666316, 33.064583333332799 ], [ 77.572916666666316, 33.072916666666167 ], [ 77.568749999999653, 33.077083333332816 ] ] ] } },
{ "type": "Feature", "properties": { "HYRIV_ID": 40577850, "NEXT_DOWN": 40577581, "MAIN_RIV": 41023100, "LENGTH_KM": 0.93, "DIST_DN_KM": 2879.5, "DIST_UP_KM": 81.8, "CATCH_SKM": 0.72, "UPLAND_SKM": 2080.2, "ENDORHEIC": 0, "DIS_AV_CMS": 77.465, "ORD_STRA": 5, "ORD_CLAS": 2, "ORD_FLOW": 5, "HYBAS_L12": 4121400180 }, "geometry": { "type": "MultiLineString", "coordinates": [ [ [ 77.589583333333024, 33.02708333333279 ], [ 77.589583333333024, 33.035416666666158 ] ] ] } },
{ "type": "Feature", "properties": { "HYRIV_ID": 40578488, "NEXT_DOWN": 40577850, "MAIN_RIV": 41023100, "LENGTH_KM": 2.32, "DIST_DN_KM": 2880.5, "DIST_UP_KM": 80.8, "CATCH_SKM": 3.6, "UPLAND_SKM": 2003.7, "ENDORHEIC": 0, "DIS_AV_CMS": 75.472, "ORD_STRA": 5, "ORD_CLAS": 2, "ORD_FLOW": 5, "HYBAS_L12": 4121400830 }, "geometry": { "type": "MultiLineString", "coordinates": [ [ [ 77.589583333333024, 33.006249999999504 ], [ 77.589583333333024, 33.02708333333279 ] ] ] } },
{ "type": "Feature", "properties": { "HYRIV_ID": 40579660, "NEXT_DOWN": 40578488, "MAIN_RIV": 41023100, "LENGTH_KM": 4.13, "DIST_DN_KM": 2883.0, "DIST_UP_KM": 78.4, "CATCH_SKM": 8.82, "UPLAND_SKM": 1952.9, "ENDORHEIC": 0, "DIS_AV_CMS": 74.347, "ORD_STRA": 5, "ORD_CLAS": 2, "ORD_FLOW": 5, "HYBAS_L12": 4121400830 }, "geometry": { "type": "MultiLineString", "coordinates": [ [ [ 77.593749999999687, 32.972916666666144 ], [ 77.593749999999687, 32.98124999999947 ], [ 77.589583333333024, 32.985416666666119 ], [ 77.589583333333024, 32.997916666666136 ], [ 77.585416666666362, 33.002083333332799 ], [ 77.589583333333024, 33.006249999999504 ] ] ] } },
{ "type": "Feature", "properties": { "HYRIV_ID": 40580628, "NEXT_DOWN": 40579660, "MAIN_RIV": 41023100, "LENGTH_KM": 3.53, "DIST_DN_KM": 2887.1, "DIST_UP_KM": 74.2, "CATCH_SKM": 12.25, "UPLAND_SKM": 1932.2, "ENDORHEIC": 0, "DIS_AV_CMS": 73.301, "ORD_STRA": 5, "ORD_CLAS": 2, "ORD_FLOW": 5, "HYBAS_L12": 4121400830 }, "geometry": { "type": "MultiLineString", "coordinates": [ [ [ 77.602083333333013, 32.943749999999504 ], [ 77.602083333333013, 32.96458333333279 ], [ 77.593749999999687, 32.972916666666144 ] ] ] } },
{ "type": "Feature", "properties": { "HYRIV_ID": 40581024, "NEXT_DOWN": 40580628, "MAIN_RIV": 41023100, "LENGTH_KM": 1.67, "DIST_DN_KM": 2890.6, "DIST_UP_KM": 70.7, "CATCH_SKM": 4.68, "UPLAND_SKM": 1086.9, "ENDORHEIC": 0, "DIS_AV_CMS": 43.479, "ORD_STRA": 4, "ORD_CLAS": 2, "ORD_FLOW": 5, "HYBAS_L12": 4120676410 }, "geometry": { "type": "MultiLineString", "coordinates": [ [ [ 77.6041666666667, 32.941666666665824 ], [ 77.602083333333013, 32.943749999999504 ] ] ] } },
{ "type": "Feature", "properties": { "HYRIV_ID": 40581581, "NEXT_DOWN": 40580628, "MAIN_RIV": 41023100, "LENGTH_KM": 4.34, "DIST_DN_KM": 2890.5, "DIST_UP_KM": 43.7, "CATCH_SKM": 13.15, "UPLAND_SKM": 833.0, "ENDORHEIC": 0, "DIS_AV_CMS": 28.956, "ORD_STRA": 4, "ORD_CLAS": 3, "ORD_FLOW": 5, "HYBAS_L12": 4120676400 }, "geometry": { "type": "MultiLineString", "coordinates": [ [ [ 77.577083333333036, 32.914583333332807 ], [ 77.585416666666362, 32.922916666666161 ], [ 77.589583333333024, 32.922916666666161 ], [ 77.59791666666635, 32.931249999999473 ], [ 77.59791666666635, 32.935416666666136 ], [ 77.602083333333013, 32.939583333332841 ], [ 77.602083333333013, 32.943749999999504 ] ] ] } },
{ "type": "Feature", "properties": { "HYRIV_ID": 40567715, "NEXT_DOWN": 40568005, "MAIN_RIV": 41023100, "LENGTH_KM": 1.21, "DIST_DN_KM": 2852.2, "DIST_UP_KM": 98.9, "CATCH_SKM": 0.9, "UPLAND_SKM": 1977.3, "ENDORHEIC": 0, "DIS_AV_CMS": 40.669, "ORD_STRA": 4, "ORD_CLAS": 3, "ORD_FLOW": 5, "HYBAS_L12": 4120666090 }, "geometry": { "type": "MultiLineString", "coordinates": [ [ [ 77.485416666666396, 33.343749999999467 ], [ 77.47708333333307, 33.335416666666141 ] ] ] } },
{ "type": "Feature", "properties": { "HYRIV_ID": 40568005, "NEXT_DOWN": 40568168, "MAIN_RIV": 41023100, "LENGTH_KM": 1.07, "DIST_DN_KM": 2851.1, "DIST_UP_KM": 100.0, "CATCH_SKM": 1.25, "UPLAND_SKM": 1984.7, "ENDORHEIC": 0, "DIS_AV_CMS": 40.83, "ORD_STRA": 4, "ORD_CLAS": 3, "ORD_FLOW": 5, "HYBAS_L12": 4120666090 }, "geometry": { "type": "MultiLineString", "coordinates": [ [ [ 77.47708333333307, 33.335416666666141 ], [ 77.47708333333307, 33.331249999999493 ], [ 77.47291666666635, 33.327083333332787 ] ] ] } },
{ "type": "Feature", "properties": { "HYRIV_ID": 40568006, "NEXT_DOWN": 40567715, "MAIN_RIV": 41023100, "LENGTH_KM": 3.19, "DIST_DN_KM": 2853.2, "DIST_UP_KM": 97.9, "CATCH_SKM": 12.37, "UPLAND_SKM": 1861.8, "ENDORHEIC": 0, "DIS_AV_CMS": 38.399, "ORD_STRA": 4, "ORD_CLAS": 3, "ORD_FLOW": 5, "HYBAS_L12": 4120663970 }, "geometry": { "type": "MultiLineString", "coordinates": [ [ [ 77.510416666666316, 33.327083333332787 ], [ 77.493749999999721, 33.343749999999467 ], [ 77.485416666666396, 33.343749999999467 ] ] ] } },
{ "type": "Feature", "properties": { "HYRIV_ID": 40568168, "NEXT_DOWN": 40568843, "MAIN_RIV": 41023100, "LENGTH_KM": 0.6, "DIST_DN_KM": 2850.5, "DIST_UP_KM": 100.6, "CATCH_SKM": 1.97, "UPLAND_SKM": 1994.5, "ENDORHEIC": 0, "DIS_AV_CMS": 41.047, "ORD_STRA": 4, "ORD_CLAS": 3, "ORD_FLOW": 5, "HYBAS_L12": 4120666090 }, "geometry": { "type": "MultiLineString", "coordinates": [ [ [ 77.47291666666635, 33.327083333332787 ], [ 77.468749999999687, 33.322916666666124 ] ] ] } },
{ "type": "Feature", "properties": { "HYRIV_ID": 40568429, "NEXT_DOWN": 40568006, "MAIN_RIV": 41023100, "LENGTH_KM": 1.67, "DIST_DN_KM": 2856.4, "DIST_UP_KM": 94.7, "CATCH_SKM": 3.23, "UPLAND_SKM": 1837.0, "ENDORHEIC": 0, "DIS_AV_CMS": 38.043, "ORD_STRA": 4, "ORD_CLAS": 3, "ORD_FLOW": 5, "HYBAS_L12": 4120663970 }, "geometry": { "type": "MultiLineString", "coordinates": [ [ [ 77.518749999999642, 33.31458333333277 ], [ 77.510416666666316, 33.322916666666124 ], [ 77.510416666666316, 33.327083333332787 ] ] ] } },
{ "type": "Feature", "properties": { "HYRIV_ID": 40568843, "NEXT_DOWN": 40569135, "MAIN_RIV": 41023100, "LENGTH_KM": 3.02, "DIST_DN_KM": 2847.5, "DIST_UP_KM": 103.6, "CATCH_SKM": 8.97, "UPLAND_SKM": 2010.0, "ENDORHEIC": 0, "DIS_AV_CMS": 41.396, "ORD_STRA": 4, "ORD_CLAS": 3, "ORD_FLOW": 5, "HYBAS_L12": 4120666090 }, "geometry": { "type": "MultiLineString", "coordinates": [ [ [ 77.468749999999687, 33.322916666666124 ], [ 77.447916666666316, 33.302083333332796 ] ] ] } },
{ "type": "Feature", "properties": { "HYRIV_ID": 40568844, "NEXT_DOWN": 40568429, "MAIN_RIV": 41023100, "LENGTH_KM": 1.67, "DIST_DN_KM": 2858.1, "DIST_UP_KM": 93.0, "CATCH_SKM": 5.56, "UPLAND_SKM": 1827.5, "ENDORHEIC": 0, "DIS_AV_CMS": 38.003, "ORD_STRA": 4, "ORD_CLAS": 3, "ORD_FLOW": 5, "HYBAS_L12": 4120663970 }, "geometry": { "type": "MultiLineString", "coordinates": [ [ [ 77.527083333332968, 33.302083333332796 ], [ 77.518749999999642, 33.31041666666615 ], [ 77.518749999999642, 33.31458333333277 ] ] ] } },
{ "type": "Feature", "properties": { "HYRIV_ID": 40569135, "NEXT_DOWN": 40569498, "MAIN_RIV": 41023100, "LENGTH_KM": 1.07, "DIST_DN_KM": 2846.3, "DIST_UP_KM": 104.9, "CATCH_SKM": 3.59, "UPLAND_SKM": 2040.8, "ENDORHEIC": 0, "DIS_AV_CMS": 42.08, "ORD_STRA": 4, "ORD_CLAS": 3, "ORD_FLOW": 5, "HYBAS_L12": 4120666090 }, "geometry": { "type": "MultiLineString", "coordinates": [ [ [ 77.447916666666316, 33.302083333332796 ], [ 77.44374999999971, 33.297916666666133 ], [ 77.44374999999971, 33.293749999999484 ] ] ] } },
{ "type": "Feature", "properties": { "HYRIV_ID": 40569137, "NEXT_DOWN": 40568844, "MAIN_RIV": 41023100, "LENGTH_KM": 1.59, "DIST_DN_KM": 2860.0, "DIST_UP_KM": 91.2, "CATCH_SKM": 3.59, "UPLAND_SKM": 1808.1, "ENDORHEIC": 0, "DIS_AV_CMS": 37.736, "ORD_STRA": 4, "ORD_CLAS": 3, "ORD_FLOW": 5, "HYBAS_L12": 4120663970 }, "geometry": { "type": "MultiLineString", "coordinates": [ [ [ 77.539583333333013, 33.293749999999484 ], [ 77.53541666666635, 33.293749999999484 ], [ 77.527083333332968, 33.302083333332796 ] ] ] } },
{ "type": "Feature", "properties": { "HYRIV_ID": 40569242, "NEXT_DOWN": 40569137, "MAIN_RIV": 41023100, "LENGTH_KM": 0.6, "DIST_DN_KM": 2861.5, "DIST_UP_KM": 89.6, "CATCH_SKM": 0.9, "UPLAND_SKM": 1795.2, "ENDORHEIC": 0, "DIS_AV_CMS": 37.62, "ORD_STRA": 4, "ORD_CLAS": 3, "ORD_FLOW": 5, "HYBAS_L12": 4120663970 }, "geometry": { "type": "MultiLineString", "coordinates": [ [ [ 77.543749999999676, 33.289583333332821 ], [ 77.539583333333013, 33.293749999999484 ] ] ] } },
{ "type": "Feature", "properties": { "HYRIV_ID": 40569498, "NEXT_DOWN": 40570054, "MAIN_RIV": 41023100, "LENGTH_KM": 1.81, "DIST_DN_KM": 2844.6, "DIST_UP_KM": 106.5, "CATCH_SKM": 4.31, "UPLAND_SKM": 2049.8, "ENDORHEIC": 0, "DIS_AV_CMS": 42.292, "ORD_STRA": 4, "ORD_CLAS": 3, "ORD_FLOW": 5, "HYBAS_L12": 4120666090 }, "geometry": { "type": "MultiLineString", "coordinates": [ [ [ 77.44374999999971, 33.293749999999484 ], [ 77.431249999999665, 33.281249999999467 ] ] ] } },
{ "type": "Feature", "properties": { "HYRIV_ID": 40572260, "NEXT_DOWN": 40572102, "MAIN_RIV": 41023100, "LENGTH_KM": 0.6, "DIST_DN_KM": 2893.1, "DIST_UP_KM": 58.0, "CATCH_SKM": 1.26, "UPLAND_SKM": 849.0, "ENDORHEIC": 0, "DIS_AV_CMS": 22.291, "ORD_STRA": 4, "ORD_CLAS": 3, "ORD_FLOW": 5, "HYBAS_L12": 4120666510 }, "geometry": { "type": "MultiLineString", "coordinates": [ [ [ 77.714583333333024, 33.197916666666124 ], [ 77.710416666666362, 33.20208333333283 ] ] ] } },
{ "type": "Feature", "properties": { "HYRIV_ID": 40572559, "NEXT_DOWN": 40572260, "MAIN_RIV": 41023100, "LENGTH_KM": 1.07, "DIST_DN_KM": 2893.7, "DIST_UP_KM": 57.4, "CATCH_SKM": 1.26, "UPLAND_SKM": 829.1, "ENDORHEIC": 0, "DIS_AV_CMS": 21.844, "ORD_STRA": 4, "ORD_CLAS": 3, "ORD_FLOW": 5, "HYBAS_L12": 4120666510 }, "geometry": { "type": "MultiLineString", "coordinates": [ [ [ 77.718749999999687, 33.189583333332813 ], [ 77.718749999999687, 33.193749999999461 ], [ 77.714583333333024, 33.197916666666124 ] ] ] } },
{ "type": "Feature", "properties": { "HYRIV_ID": 40574226, "NEXT_DOWN": 40572559, "MAIN_RIV": 41023100, "LENGTH_KM": 7.08, "DIST_DN_KM": 2894.8, "DIST_UP_KM": 56.3, "CATCH_SKM": 29.47, "UPLAND_SKM": 810.9, "ENDORHEIC": 0, "DIS_AV_CMS": 21.489, "ORD_STRA": 4, "ORD_CLAS": 3, "ORD_FLOW": 5, "HYBAS_L12": 4120666510 }, "geometry": { "type": "MultiLineString", "coordinates": [ [ [ 77.75624999999971, 33.13958333333283 ], [ 77.75624999999971, 33.143749999999478 ], [ 77.743749999999721, 33.156249999999453 ], [ 77.739583333333059, 33.156249999999453 ], [ 77.735416666666396, 33.160416666666158 ], [ 77.735416666666396, 33.164583333332821 ], [ 77.727083333333013, 33.172916666666133 ], [ 77.727083333333013, 33.181249999999444 ], [ 77.718749999999687, 33.189583333332813 ] ] ] } },
{ "type": "Feature", "properties": { "HYRIV_ID": 40574653, "NEXT_DOWN": 40574226, "MAIN_RIV": 41023100, "LENGTH_KM": 2.59, "DIST_DN_KM": 2901.9, "DIST_UP_KM": 49.2, "CATCH_SKM": 6.83, "UPLAND_SKM": 773.2, "ENDORHEIC": 0, "DIS_AV_CMS": 20.932, "ORD_STRA": 4, "ORD_CLAS": 3, "ORD_FLOW": 5, "HYBAS_L12": 4120666510 }, "geometry": { "type": "MultiLineString", "coordinates": [ [ [ 77.777083333332968, 33.127083333332799 ], [ 77.768749999999642, 33.135416666666167 ], [ 77.760416666666373, 33.135416666666167 ], [ 77.75624999999971, 33.13958333333283 ] ] ] } },
{ "type": "Feature", "properties": { "HYRIV_ID": 40574782, "NEXT_DOWN": 40574653, "MAIN_RIV": 41023100, "LENGTH_KM": 0.46, "DIST_DN_KM": 2904.3, "DIST_UP_KM": 46.8, "CATCH_SKM": 1.26, "UPLAND_SKM": 470.1, "ENDORHEIC": 0, "DIS_AV_CMS": 13.547, "ORD_STRA": 4, "ORD_CLAS": 3, "ORD_FLOW": 5, "HYBAS_L12": 4120670670 }, "geometry": { "type": "MultiLineString", "coordinates": [ [ [ 77.777083333332968, 33.12291666666615 ], [ 77.777083333332968, 33.127083333332799 ] ] ] } },
{ "type": "Feature", "properties": { "HYRIV_ID": 40575611, "NEXT_DOWN": 40574782, "MAIN_RIV": 41023100, "LENGTH_KM": 3.06, "DIST_DN_KM": 2904.9, "DIST_UP_KM": 46.2, "CATCH_SKM": 5.21, "UPLAND_SKM": 400.1, "ENDORHEIC": 0, "DIS_AV_CMS": 11.786, "ORD_STRA": 4, "ORD_CLAS": 3, "ORD_FLOW": 5, "HYBAS_L12": 4120670670 }, "geometry": { "type": "MultiLineString", "coordinates": [ [ [ 77.785416666666407, 33.097916666666158 ], [ 77.785416666666407, 33.114583333332824 ], [ 77.777083333332968, 33.12291666666615 ] ] ] } },
{ "type": "Feature", "properties": { "HYRIV_ID": 40575725, "NEXT_DOWN": 40575611, "MAIN_RIV": 41023100, "LENGTH_KM": 0.6, "DIST_DN_KM": 2908.0, "DIST_UP_KM": 43.1, "CATCH_SKM": 0.54, "UPLAND_SKM": 386.7, "ENDORHEIC": 0, "DIS_AV_CMS": 11.525, "ORD_STRA": 4, "ORD_CLAS": 3, "ORD_FLOW": 5, "HYBAS_L12": 4120670670 }, "geometry": { "type": "MultiLineString", "coordinates": [ [ [ 77.789583333333127, 33.093749999999496 ], [ 77.785416666666407, 33.097916666666158 ] ] ] } },
{ "type": "Feature", "properties": { "HYRIV_ID": 40576394, "NEXT_DOWN": 40575725, "MAIN_RIV": 41023100, "LENGTH_KM": 2.74, "DIST_DN_KM": 2908.5, "DIST_UP_KM": 42.7, "CATCH_SKM": 6.3, "UPLAND_SKM": 381.3, "ENDORHEIC": 0, "DIS_AV_CMS": 11.401, "ORD_STRA": 4, "ORD_CLAS": 3, "ORD_FLOW": 5, "HYBAS_L12": 4120670670 }, "geometry": { "type": "MultiLineString", "coordinates": [ [ [ 77.802083333333002, 33.072916666666167 ], [ 77.797916666666339, 33.077083333332816 ], [ 77.797916666666339, 33.081249999999478 ], [ 77.789583333333127, 33.08958333333279 ], [ 77.789583333333127, 33.093749999999496 ] ] ] } },
{ "type": "Feature", "properties": { "HYRIV_ID": 40581580, "NEXT_DOWN": 40581581, "MAIN_RIV": 41023100, "LENGTH_KM": 1.56, "DIST_DN_KM": 2894.8, "DIST_UP_KM": 39.4, "CATCH_SKM": 5.05, "UPLAND_SKM": 709.3, "ENDORHEIC": 0, "DIS_AV_CMS": 24.241, "ORD_STRA": 4, "ORD_CLAS": 3, "ORD_FLOW": 5, "HYBAS_L12": 4120677110 }, "geometry": { "type": "MultiLineString", "coordinates": [ [ [ 77.560416666666328, 32.914583333332807 ], [ 77.577083333333036, 32.914583333332807 ] ] ] } },
{ "type": "Feature", "properties": { "HYRIV_ID": 40514046, "NEXT_DOWN": 40514541, "MAIN_RIV": 41023100, "LENGTH_KM": 6.47, "DIST_DN_KM": 2854.1, "DIST_UP_KM": 140.5, "CATCH_SKM": 25.32, "UPLAND_SKM": 3770.9, "ENDORHEIC": 0, "DIS_AV_CMS": 6.21, "ORD_STRA": 5, "ORD_CLAS": 3, "ORD_FLOW": 6, "HYBAS_L12": 4120615810 }, "geometry": { "type": "MultiLineString", "coordinates": [ [ [ 77.864583333333002, 35.006249999999461 ], [ 77.872916666666384, 34.997916666666107 ], [ 77.877083333333047, 34.997916666666107 ], [ 77.885416666666373, 34.989583333332796 ], [ 77.889583333333036, 34.989583333332796 ], [ 77.893749999999756, 34.98541666666609 ], [ 77.906249999999744, 34.98541666666609 ], [ 77.910416666666407, 34.981249999999427 ], [ 77.91458333333307, 34.981249999999427 ], [ 77.91874999999979, 34.977083333332779 ] ] ] } },
{ "type": "Feature", "properties": { "HYRIV_ID": 40499066, "NEXT_DOWN": 40499245, "MAIN_RIV": 41023100, "LENGTH_KM": 2.11, "DIST_DN_KM": 2926.8, "DIST_UP_KM": 67.9, "CATCH_SKM": 3.15, "UPLAND_SKM": 1388.5, "ENDORHEIC": 0, "DIS_AV_CMS": 1.46, "ORD_STRA": 4, "ORD_CLAS": 3, "ORD_FLOW": 6, "HYBAS_L12": 4120602190 }, "geometry": { "type": "MultiLineString", "coordinates": [ [ [ 77.93958333333299, 35.372916666666121 ], [ 77.931249999999665, 35.372916666666121 ], [ 77.927083333333002, 35.36874999999943 ], [ 77.91874999999979, 35.36874999999943 ] ] ] } },
{ "type": "Feature", "properties": { "HYRIV_ID": 40499067, "NEXT_DOWN": 40499066, "MAIN_RIV": 41023100, "LENGTH_KM": 2.87, "DIST_DN_KM": 2928.9, "DIST_UP_KM": 65.8, "CATCH_SKM": 8.58, "UPLAND_SKM": 1362.8, "ENDORHEIC": 0, "DIS_AV_CMS": 1.423, "ORD_STRA": 4, "ORD_CLAS": 3, "ORD_FLOW": 6, "HYBAS_L12": 4120602190 }, "geometry": { "type": "MultiLineString", "coordinates": [ [ [ 77.968749999999687, 35.36874999999943 ], [ 77.947916666666316, 35.36874999999943 ], [ 77.943749999999653, 35.372916666666121 ], [ 77.93958333333299, 35.372916666666121 ] ] ] } },
{ "type": "Feature", "properties": { "HYRIV_ID": 40499244, "NEXT_DOWN": 40499708, "MAIN_RIV": 41023100, "LENGTH_KM": 6.83, "DIST_DN_KM": 2918.8, "DIST_UP_KM": 75.8, "CATCH_SKM": 28.53, "UPLAND_SKM": 1628.1, "ENDORHEIC": 0, "DIS_AV_CMS": 1.774, "ORD_STRA": 4, "ORD_CLAS": 3, "ORD_FLOW": 6, "HYBAS_L12": 4121372450 }, "geometry": { "type": "MultiLineString", "coordinates": [ [ [ 77.906249999999744, 35.364583333332767 ], [ 77.902083333332968, 35.36874999999943 ], [ 77.893749999999756, 35.36874999999943 ], [ 77.889583333333036, 35.372916666666121 ], [ 77.885416666666373, 35.372916666666121 ], [ 77.88124999999971, 35.377083333332784 ], [ 77.877083333333047, 35.377083333332784 ], [ 77.872916666666384, 35.381249999999447 ], [ 77.860416666666339, 35.381249999999447 ], [ 77.856249999999676, 35.377083333332784 ], [ 77.852083333333013, 35.381249999999447 ], [ 77.84791666666635, 35.377083333332784 ] ] ] } },
{ "type": "Feature", "properties": { "HYRIV_ID": 40499245, "NEXT_DOWN": 40499244, "MAIN_RIV": 41023100, "LENGTH_KM": 1.35, "DIST_DN_KM": 2925.6, "DIST_UP_KM": 69.0, "CATCH_SKM": 1.05, "UPLAND_SKM": 1585.3, "ENDORHEIC": 0, "DIS_AV_CMS": 1.715, "ORD_STRA": 4, "ORD_CLAS": 3, "ORD_FLOW": 6, "HYBAS_L12": 4121372450 }, "geometry": { "type": "MultiLineString", "coordinates": [ [ [ 77.91874999999979, 35.36874999999943 ], [ 77.910416666666407, 35.36874999999943 ], [ 77.906249999999744, 35.364583333332767 ] ] ] } },
{ "type": "Feature", "properties": { "HYRIV_ID": 40499534, "NEXT_DOWN": 40499067, "MAIN_RIV": 41023100, "LENGTH_KM": 7.21, "DIST_DN_KM": 2931.7, "DIST_UP_KM": 62.9, "CATCH_SKM": 55.49, "UPLAND_SKM": 1338.3, "ENDORHEIC": 0, "DIS_AV_CMS": 1.391, "ORD_STRA": 4, "ORD_CLAS": 3, "ORD_FLOW": 6, "HYBAS_L12": 4120602190 }, "geometry": { "type": "MultiLineString", "coordinates": [ [ [ 78.031249999999744, 35.356249999999456 ], [ 78.027083333333081, 35.356249999999456 ], [ 78.022916666666418, 35.360416666666104 ], [ 78.014583333333036, 35.360416666666104 ], [ 78.010416666666373, 35.364583333332767 ], [ 77.993749999999665, 35.364583333332767 ], [ 77.985416666666339, 35.372916666666121 ], [ 77.981249999999676, 35.36874999999943 ], [ 77.977083333333013, 35.372916666666121 ], [ 77.97291666666635, 35.36874999999943 ], [ 77.968749999999687, 35.36874999999943 ] ] ] } },
{ "type": "Feature", "properties": { "HYRIV_ID": 40499708, "NEXT_DOWN": 40500354, "MAIN_RIV": 41023100, "LENGTH_KM": 4.07, "DIST_DN_KM": 2914.6, "DIST_UP_KM": 80.1, "CATCH_SKM": 11.38, "UPLAND_SKM": 1696.2, "ENDORHEIC": 0, "DIS_AV_CMS": 1.879, "ORD_STRA": 4, "ORD_CLAS": 3, "ORD_FLOW": 6, "HYBAS_L12": 4121372450 }, "geometry": { "type": "MultiLineString", "coordinates": [ [ [ 77.84791666666635, 35.377083333332784 ], [ 77.839583333332968, 35.377083333332784 ], [ 77.822916666666316, 35.360416666666104 ], [ 77.822916666666316, 35.352083333332793 ] ] ] } },
{ "type": "Feature", "properties": { "HYRIV_ID": 40500191, "NEXT_DOWN": 40499534, "MAIN_RIV": 41023100, "LENGTH_KM": 9.26, "DIST_DN_KM": 2938.9, "DIST_UP_KM": 55.8, "CATCH_SKM": 49.19, "UPLAND_SKM": 977.5, "ENDORHEIC": 0, "DIS_AV_CMS": 1.045, "ORD_STRA": 4, "ORD_CLAS": 3, "ORD_FLOW": 6, "HYBAS_L12": 4120602610 }, "geometry": { "type": "MultiLineString", "coordinates": [ [ [ 78.118749999999665, 35.339583333332776 ], [ 78.114583333333002, 35.343749999999439 ], [ 78.106249999999676, 35.343749999999439 ], [ 78.097916666666293, 35.352083333332793 ], [ 78.093749999999687, 35.352083333332793 ], [ 78.089583333332968, 35.356249999999456 ], [ 78.085416666666362, 35.356249999999456 ], [ 78.081249999999642, 35.352083333332793 ], [ 78.07708333333315, 35.356249999999456 ], [ 78.031249999999744, 35.356249999999456 ] ] ] } },
{ "type": "Feature", "properties": { "HYRIV_ID": 40500840, "NEXT_DOWN": 40500191, "MAIN_RIV": 41023100, "LENGTH_KM": 6.77, "DIST_DN_KM": 2948.1, "DIST_UP_KM": 46.5, "CATCH_SKM": 39.06, "UPLAND_SKM": 574.4, "ENDORHEIC": 0, "DIS_AV_CMS": 0.52, "ORD_STRA": 4, "ORD_CLAS": 3, "ORD_FLOW": 7, "HYBAS_L12": 4120603160 }, "geometry": { "type": "MultiLineString", "coordinates": [ [ [ 78.181249999999778, 35.327083333332801 ], [ 78.177083333333059, 35.322916666666138 ], [ 78.160416666666293, 35.322916666666138 ], [ 78.152083333333024, 35.33124999999945 ], [ 78.139583333333036, 35.33124999999945 ], [ 78.13124999999971, 35.339583333332776 ], [ 78.118749999999665, 35.339583333332776 ] ] ] } },
{ "type": "Feature", "properties": { "HYRIV_ID": 40451783, "NEXT_DOWN": 40452372, "MAIN_RIV": 40348332, "LENGTH_KM": 4.01, "DIST_DN_KM": 2123.3, "DIST_UP_KM": 30.4, "CATCH_SKM": 13.42, "UPLAND_SKM": 556.0, "ENDORHEIC": 1, "DIS_AV_CMS": 0.298, "ORD_STRA": 4, "ORD_CLAS": 3, "ORD_FLOW": 7, "HYBAS_L12": 4121354600 }, "geometry": { "type": "MultiLineString", "coordinates": [ [ [ 75.76041666666643, 36.727083333332764 ], [ 75.764583333333093, 36.727083333332764 ], [ 75.768749999999756, 36.722916666666116 ], [ 75.777083333333081, 36.722916666666116 ], [ 75.781249999999801, 36.71874999999941 ], [ 75.789583333333013, 36.71874999999941 ], [ 75.79374999999979, 36.714583333332747 ], [ 75.797916666666339, 36.714583333332747 ] ] ] } },
{ "type": "Feature", "properties": { "HYRIV_ID": 40452372, "NEXT_DOWN": 40452373, "MAIN_RIV": 40348332, "LENGTH_KM": 2.25, "DIST_DN_KM": 2121.2, "DIST_UP_KM": 32.4, "CATCH_SKM": 5.33, "UPLAND_SKM": 584.9, "ENDORHEIC": 1, "DIS_AV_CMS": 0.313, "ORD_STRA": 4, "ORD_CLAS": 3, "ORD_FLOW": 7, "HYBAS_L12": 4121354600 }, "geometry": { "type": "MultiLineString", "coordinates": [ [ [ 75.797916666666339, 36.714583333332747 ], [ 75.806249999999665, 36.706249999999436 ], [ 75.806249999999665, 36.70208333333273 ], [ 75.810416666666498, 36.697916666666082 ] ] ] } },
{ "type": "Feature", "properties": { "HYRIV_ID": 40452373, "NEXT_DOWN": 40453370, "MAIN_RIV": 40348332, "LENGTH_KM": 0.37, "DIST_DN_KM": 2120.7, "DIST_UP_KM": 33.0, "CATCH_SKM": 2.06, "UPLAND_SKM": 597.7, "ENDORHEIC": 1, "DIS_AV_CMS": 0.321, "ORD_STRA": 4, "ORD_CLAS": 3, "ORD_FLOW": 7, "HYBAS_L12": 4121354600 }, "geometry": { "type": "MultiLineString", "coordinates": [ [ [ 75.810416666666498, 36.697916666666082 ], [ 75.814583333333161, 36.697916666666082 ] ] ] } },
{ "type": "Feature", "properties": { "HYRIV_ID": 40453370, "NEXT_DOWN": 40453527, "MAIN_RIV": 40348332, "LENGTH_KM": 6.26, "DIST_DN_KM": 2114.6, "DIST_UP_KM": 39.0, "CATCH_SKM": 19.62, "UPLAND_SKM": 636.1, "ENDORHEIC": 1, "DIS_AV_CMS": 0.345, "ORD_STRA": 4, "ORD_CLAS": 3, "ORD_FLOW": 7, "HYBAS_L12": 4121354600 }, "geometry": { "type": "MultiLineString", "coordinates": [ [ [ 75.814583333333161, 36.697916666666082 ], [ 75.81874999999971, 36.697916666666082 ], [ 75.822916666666373, 36.693749999999419 ], [ 75.827083333333036, 36.693749999999419 ], [ 75.831249999999699, 36.689583333332756 ], [ 75.831249999999699, 36.685416666666065 ], [ 75.835416666666362, 36.681249999999444 ], [ 75.839583333333024, 36.681249999999444 ], [ 75.84791666666635, 36.67291666666609 ], [ 75.860416666666396, 36.67291666666609 ], [ 75.864583333333059, 36.668749999999427 ] ] ] } },
{ "type": "Feature", "properties": { "HYRIV_ID": 40453527, "NEXT_DOWN": 40454566, "MAIN_RIV": 40348332, "LENGTH_KM": 0.59, "DIST_DN_KM": 2114.0, "DIST_UP_KM": 39.6, "CATCH_SKM": 9.47, "UPLAND_SKM": 683.6, "ENDORHEIC": 1, "DIS_AV_CMS": 0.376, "ORD_STRA": 4, "ORD_CLAS": 3, "ORD_FLOW": 7, "HYBAS_L12": 4121354600 }, "geometry": { "type": "MultiLineString", "coordinates": [ [ [ 75.864583333333059, 36.668749999999427 ], [ 75.868749999999721, 36.664583333332764 ] ] ] } },
{ "type": "Feature", "properties": { "HYRIV_ID": 40454566, "NEXT_DOWN": 40454699, "MAIN_RIV": 40348332, "LENGTH_KM": 5.14, "DIST_DN_KM": 2108.7, "DIST_UP_KM": 45.0, "CATCH_SKM": 20.32, "UPLAND_SKM": 720.6, "ENDORHEIC": 1, "DIS_AV_CMS": 0.4, "ORD_STRA": 4, "ORD_CLAS": 3, "ORD_FLOW": 7, "HYBAS_L12": 4120563020 }, "geometry": { "type": "MultiLineString", "coordinates": [ [ [ 75.868749999999721, 36.664583333332764 ], [ 75.877083333333047, 36.656249999999453 ], [ 75.877083333333047, 36.652083333332747 ], [ 75.893749999999756, 36.635416666666067 ], [ 75.906249999999744, 36.635416666666067 ] ] ] } },
{ "type": "Feature", "properties": { "HYRIV_ID": 40454699, "NEXT_DOWN": 40455782, "MAIN_RIV": 40348332, "LENGTH_KM": 0.59, "DIST_DN_KM": 2108.3, "DIST_UP_KM": 45.4, "CATCH_SKM": 0.86, "UPLAND_SKM": 737.0, "ENDORHEIC": 1, "DIS_AV_CMS": 0.41, "ORD_STRA": 4, "ORD_CLAS": 3, "ORD_FLOW": 7, "HYBAS_L12": 4120563020 }, "geometry": { "type": "MultiLineString", "coordinates": [ [ [ 75.906249999999744, 36.635416666666067 ], [ 75.910416666666464, 36.631249999999419 ] ] ] } },
{ "type": "Feature", "properties": { "HYRIV_ID": 40455303, "NEXT_DOWN": 40454998, "MAIN_RIV": 40348332, "LENGTH_KM": 0.93, "DIST_DN_KM": 2068.8, "DIST_UP_KM": 256.0, "CATCH_SKM": 1.03, "UPLAND_SKM": 7658.5, "ENDORHEIC": 1, "DIS_AV_CMS": 9.399, "ORD_STRA": 5, "ORD_CLAS": 2, "ORD_FLOW": 6, "HYBAS_L12": 4120562510 }, "geometry": { "type": "MultiLineString", "coordinates": [ [ [ 76.218749999999687, 36.614583333332739 ], [ 76.218749999999687, 36.620833333333358 ] ] ] } },
{ "type": "Feature", "properties": { "HYRIV_ID": 40455782, "NEXT_DOWN": 40455783, "MAIN_RIV": 40348332, "LENGTH_KM": 5.38, "DIST_DN_KM": 2102.7, "DIST_UP_KM": 50.9, "CATCH_SKM": 17.92, "UPLAND_SKM": 813.0, "ENDORHEIC": 1, "DIS_AV_CMS": 0.466, "ORD_STRA": 4, "ORD_CLAS": 3, "ORD_FLOW": 7, "HYBAS_L12": 4120563020 }, "geometry": { "type": "MultiLineString", "coordinates": [ [ [ 75.910416666666464, 36.631249999999419 ], [ 75.91874999999979, 36.622916666666093 ], [ 75.91874999999979, 36.618749999999402 ], [ 75.922916666666339, 36.618749999999402 ], [ 75.927083333333115, 36.614583333332739 ], [ 75.927083333333115, 36.610416666666076 ], [ 75.935416666666498, 36.602083333332764 ], [ 75.947916666666373, 36.602083333332764 ] ] ] } },
{ "type": "Feature", "properties": { "HYRIV_ID": 40455783, "NEXT_DOWN": 40455784, "MAIN_RIV": 40348332, "LENGTH_KM": 1.71, "DIST_DN_KM": 2101.2, "DIST_UP_KM": 223.7, "CATCH_SKM": 3.79, "UPLAND_SKM": 6999.4, "ENDORHEIC": 1, "DIS_AV_CMS": 8.878, "ORD_STRA": 5, "ORD_CLAS": 2, "ORD_FLOW": 6, "HYBAS_L12": 4120563610 }, "geometry": { "type": "MultiLineString", "coordinates": [ [ [ 75.947916666666373, 36.602083333332764 ], [ 75.960416666666362, 36.602083333332764 ], [ 75.964583333333024, 36.606249999999427 ] ] ] } },
{ "type": "Feature", "properties": { "HYRIV_ID": 40455784, "NEXT_DOWN": 40456339, "MAIN_RIV": 40348332, "LENGTH_KM": 1.34, "DIST_DN_KM": 2099.7, "DIST_UP_KM": 225.2, "CATCH_SKM": 3.45, "UPLAND_SKM": 7013.7, "ENDORHEIC": 1, "DIS_AV_CMS": 8.832, "ORD_STRA": 5, "ORD_CLAS": 2, "ORD_FLOW": 6, "HYBAS_L12": 4120563610 }, "geometry": { "type": "MultiLineString", "coordinates": [ [ [ 75.964583333333024, 36.606249999999427 ], [ 75.968749999999687, 36.602083333332764 ], [ 75.977083333333013, 36.602083333332764 ] ] ] } },
{ "type": "Feature", "properties": { "HYRIV_ID": 40456047, "NEXT_DOWN": 40455303, "MAIN_RIV": 40348332, "LENGTH_KM": 3.21, "DIST_DN_KM": 2069.9, "DIST_UP_KM": 254.9, "CATCH_SKM": 9.65, "UPLAND_SKM": 7638.7, "ENDORHEIC": 1, "DIS_AV_CMS": 9.384, "ORD_STRA": 5, "ORD_CLAS": 2, "ORD_FLOW": 6, "HYBAS_L12": 4120562510 }, "geometry": { "type": "MultiLineString", "coordinates": [ [ [ 76.197916666666487, 36.59374999999941 ], [ 76.20208333333315, 36.597916666666102 ], [ 76.206249999999699, 36.597916666666102 ], [ 76.210416666666362, 36.602083333332764 ], [ 76.210416666666362, 36.606249999999427 ], [ 76.218749999999687, 36.614583333332739 ] ] ] } },
{ "type": "Feature", "properties": { "HYRIV_ID": 40456339, "NEXT_DOWN": 40456635, "MAIN_RIV": 40348332, "LENGTH_KM": 5.35, "DIST_DN_KM": 2094.4, "DIST_UP_KM": 230.5, "CATCH_SKM": 34.12, "UPLAND_SKM": 7073.7, "ENDORHEIC": 1, "DIS_AV_CMS": 8.762, "ORD_STRA": 5, "ORD_CLAS": 2, "ORD_FLOW": 6, "HYBAS_L12": 4120563610 }, "geometry": { "type": "MultiLineString", "coordinates": [ [ [ 75.977083333333013, 36.602083333332764 ], [ 75.989583333333059, 36.602083333332764 ], [ 75.993749999999721, 36.597916666666102 ], [ 76.002083333333047, 36.597916666666102 ], [ 76.010416666666373, 36.589583333332747 ], [ 76.018749999999756, 36.589583333332747 ], [ 76.022916666666418, 36.585416666666084 ], [ 76.027083333333081, 36.585416666666084 ] ] ] } },
{ "type": "Feature", "properties": { "HYRIV_ID": 40456502, "NEXT_DOWN": 40457106, "MAIN_RIV": 40348332, "LENGTH_KM": 1.34, "DIST_DN_KM": 2082.8, "DIST_UP_KM": 242.1, "CATCH_SKM": 3.1, "UPLAND_SKM": 7555.1, "ENDORHEIC": 1, "DIS_AV_CMS": 9.319, "ORD_STRA": 5, "ORD_CLAS": 2, "ORD_FLOW": 6, "HYBAS_L12": 4120562510 }, "geometry": { "type": "MultiLineString", "coordinates": [ [ [ 76.110416666666339, 36.581249999999436 ], [ 76.114583333333059, 36.581249999999436 ], [ 76.118749999999721, 36.585416666666084 ], [ 76.122916666666384, 36.585416666666084 ] ] ] } },
{ "type": "Feature", "properties": { "HYRIV_ID": 40456633, "NEXT_DOWN": 40455783, "MAIN_RIV": 40348332, "LENGTH_KM": 3.67, "DIST_DN_KM": 2102.9, "DIST_UP_KM": 222.0, "CATCH_SKM": 10.69, "UPLAND_SKM": 6182.7, "ENDORHEIC": 1, "DIS_AV_CMS": 8.472, "ORD_STRA": 5, "ORD_CLAS": 2, "ORD_FLOW": 6, "HYBAS_L12": 4120563220 }, "geometry": { "type": "MultiLineString", "coordinates": [ [ [ 75.927083333333115, 36.577083333332773 ], [ 75.931249999999665, 36.577083333332773 ], [ 75.94374999999971, 36.589583333332747 ], [ 75.94374999999971, 36.597916666666102 ], [ 75.947916666666373, 36.602083333332764 ] ] ] } },
{ "type": "Feature", "properties": { "HYRIV_ID": 40456635, "NEXT_DOWN": 40456636, "MAIN_RIV": 40348332, "LENGTH_KM": 1.56, "DIST_DN_KM": 2093.0, "DIST_UP_KM": 231.9, "CATCH_SKM": 2.24, "UPLAND_SKM": 7087.6, "ENDORHEIC": 1, "DIS_AV_CMS": 8.774, "ORD_STRA": 5, "ORD_CLAS": 2, "ORD_FLOW": 6, "HYBAS_L12": 4120563610 }, "geometry": { "type": "MultiLineString", "coordinates": [ [ [ 76.027083333333081, 36.585416666666084 ], [ 76.031249999999744, 36.581249999999436 ], [ 76.035416666666407, 36.581249999999436 ], [ 76.039583333333127, 36.577083333332773 ] ] ] } },
{ "type": "Feature", "properties": { "HYRIV_ID": 40456636, "NEXT_DOWN": 40456502, "MAIN_RIV": 40348332, "LENGTH_KM": 8.77, "DIST_DN_KM": 2084.3, "DIST_UP_KM": 240.6, "CATCH_SKM": 46.88, "UPLAND_SKM": 7150.6, "ENDORHEIC": 1, "DIS_AV_CMS": 8.824, "ORD_STRA": 5, "ORD_CLAS": 2, "ORD_FLOW": 6, "HYBAS_L12": 4120563610 }, "geometry": { "type": "MultiLineString", "coordinates": [ [ [ 76.039583333333127, 36.577083333332773 ], [ 76.056249999999665, 36.59374999999941 ], [ 76.060416666666441, 36.59374999999941 ], [ 76.06458333333299, 36.597916666666102 ], [ 76.077083333333036, 36.597916666666102 ], [ 76.081249999999699, 36.602083333332764 ], [ 76.085416666666362, 36.597916666666102 ], [ 76.089583333333024, 36.597916666666102 ], [ 76.102083333333013, 36.585416666666084 ], [ 76.106249999999733, 36.585416666666084 ], [ 76.110416666666339, 36.581249999999436 ] ] ] } },
{ "type": "Feature", "properties": { "HYRIV_ID": 40457105, "NEXT_DOWN": 40456633, "MAIN_RIV": 40348332, "LENGTH_KM": 1.52, "DIST_DN_KM": 2106.6, "DIST_UP_KM": 218.3, "CATCH_SKM": 2.07, "UPLAND_SKM": 6140.3, "ENDORHEIC": 1, "DIS_AV_CMS": 8.562, "ORD_STRA": 5, "ORD_CLAS": 2, "ORD_FLOW": 6, "HYBAS_L12": 4120563220 }, "geometry": { "type": "MultiLineString", "coordinates": [ [ [ 75.922916666666339, 36.564583333332756 ], [ 75.922916666666339, 36.572916666666067 ], [ 75.927083333333115, 36.577083333332773 ] ] ] } },
{ "type": "Feature", "properties": { "HYRIV_ID": 40457106, "NEXT_DOWN": 40456047, "MAIN_RIV": 40348332, "LENGTH_KM": 9.85, "DIST_DN_KM": 2072.9, "DIST_UP_KM": 251.9, "CATCH_SKM": 42.58, "UPLAND_SKM": 7611.3, "ENDORHEIC": 1, "DIS_AV_CMS": 9.362, "ORD_STRA": 5, "ORD_CLAS": 2, "ORD_FLOW": 6, "HYBAS_L12": 4120562510 }, "geometry": { "type": "MultiLineString", "coordinates": [ [ [ 76.122916666666384, 36.585416666666084 ], [ 76.135416666666373, 36.572916666666067 ], [ 76.135416666666373, 36.568749999999419 ], [ 76.139583333333036, 36.564583333332756 ], [ 76.147916666666418, 36.564583333332756 ], [ 76.156249999999744, 36.572916666666067 ], [ 76.16458333333307, 36.572916666666067 ], [ 76.168749999999733, 36.577083333332773 ], [ 76.168749999999733, 36.581249999999436 ], [ 76.177083333333115, 36.589583333332747 ], [ 76.185416666666441, 36.589583333332747 ], [ 76.189583333333104, 36.59374999999941 ], [ 76.197916666666487, 36.59374999999941 ] ] ] } },
{ "type": "Feature", "properties": { "HYRIV_ID": 40457784, "NEXT_DOWN": 40457105, "MAIN_RIV": 40348332, "LENGTH_KM": 3.58, "DIST_DN_KM": 2108.1, "DIST_UP_KM": 216.8, "CATCH_SKM": 10.17, "UPLAND_SKM": 6127.0, "ENDORHEIC": 1, "DIS_AV_CMS": 8.605, "ORD_STRA": 5, "ORD_CLAS": 2, "ORD_FLOW": 6, "HYBAS_L12": 4120563220 }, "geometry": { "type": "MultiLineString", "coordinates": [ [ [ 75.947916666666373, 36.543749999999427 ], [ 75.947916666666373, 36.547916666666076 ], [ 75.935416666666498, 36.560416666666093 ], [ 75.927083333333115, 36.560416666666093 ], [ 75.922916666666339, 36.564583333332756 ] ] ] } },
{ "type": "Feature", "properties": { "HYRIV_ID": 40458477, "NEXT_DOWN": 40457784, "MAIN_RIV": 40348332, "LENGTH_KM": 3.21, "DIST_DN_KM": 2111.7, "DIST_UP_KM": 213.2, "CATCH_SKM": 15.52, "UPLAND_SKM": 5961.2, "ENDORHEIC": 1, "DIS_AV_CMS": 8.567, "ORD_STRA": 5, "ORD_CLAS": 2, "ORD_FLOW": 6, "HYBAS_L12": 4120565260 }, "geometry": { "type": "MultiLineString", "coordinates": [ [ [ 75.960416666666362, 36.522916666666084 ], [ 75.964583333333024, 36.527083333332747 ], [ 75.964583333333024, 36.531249999999439 ], [ 75.956249999999699, 36.539583333332764 ], [ 75.952083333333036, 36.539583333332764 ], [ 75.947916666666373, 36.543749999999427 ] ] ] } },
{ "type": "Feature", "properties": { "HYRIV_ID": 40459313, "NEXT_DOWN": 40458477, "MAIN_RIV": 40348332, "LENGTH_KM": 4.42, "DIST_DN_KM": 2114.9, "DIST_UP_KM": 210.0, "CATCH_SKM": 18.11, "UPLAND_SKM": 5931.2, "ENDORHEIC": 1, "DIS_AV_CMS": 8.644, "ORD_STRA": 5, "ORD_CLAS": 2, "ORD_FLOW": 6, "HYBAS_L12": 4120565260 }, "geometry": { "type": "MultiLineString", "coordinates": [ [ [ 75.989583333333059, 36.497916666666093 ], [ 75.989583333333059, 36.506249999999405 ], [ 75.985416666666339, 36.51041666666611 ], [ 75.97291666666635, 36.51041666666611 ], [ 75.960416666666362, 36.522916666666084 ] ] ] } },
{ "type": "Feature", "properties": { "HYRIV_ID": 40459613, "NEXT_DOWN": 40459313, "MAIN_RIV": 40348332, "LENGTH_KM": 1.06, "DIST_DN_KM": 2119.2, "DIST_UP_KM": 205.7, "CATCH_SKM": 1.55, "UPLAND_SKM": 5888.9, "ENDORHEIC": 1, "DIS_AV_CMS": 8.758, "ORD_STRA": 5, "ORD_CLAS": 2, "ORD_FLOW": 6, "HYBAS_L12": 4120565260 }, "geometry": { "type": "MultiLineString", "coordinates": [ [ [ 75.993749999999721, 36.489583333332739 ], [ 75.989583333333059, 36.493749999999388 ], [ 75.989583333333059, 36.497916666666093 ] ] ] } },
{ "type": "Feature", "properties": { "HYRIV_ID": 40460473, "NEXT_DOWN": 40459613, "MAIN_RIV": 40348332, "LENGTH_KM": 3.31, "DIST_DN_KM": 2120.4, "DIST_UP_KM": 204.5, "CATCH_SKM": 18.82, "UPLAND_SKM": 5867.7, "ENDORHEIC": 1, "DIS_AV_CMS": 8.768, "ORD_STRA": 5, "ORD_CLAS": 2, "ORD_FLOW": 6, "HYBAS_L12": 4120565260 }, "geometry": { "type": "MultiLineString", "coordinates": [ [ [ 76.010416666666373, 36.46458333333279 ], [ 76.010416666666373, 36.468749999999439 ], [ 76.002083333333047, 36.477083333332764 ], [ 76.002083333333047, 36.481249999999413 ], [ 75.993749999999721, 36.489583333332739 ] ] ] } },
{ "type": "Feature", "properties": { "HYRIV_ID": 40461756, "NEXT_DOWN": 40460473, "MAIN_RIV": 40348332, "LENGTH_KM": 7.33, "DIST_DN_KM": 2123.7, "DIST_UP_KM": 201.2, "CATCH_SKM": 23.66, "UPLAND_SKM": 4611.4, "ENDORHEIC": 1, "DIS_AV_CMS": 7.06, "ORD_STRA": 5, "ORD_CLAS": 2, "ORD_FLOW": 6, "HYBAS_L12": 4120567890 }, "geometry": { "type": "MultiLineString", "coordinates": [ [ [ 76.06458333333299, 36.427083333332767 ], [ 76.056249999999665, 36.435416666666093 ], [ 76.047916666666339, 36.435416666666093 ], [ 76.039583333333127, 36.443749999999447 ], [ 76.039583333333127, 36.44791666666611 ], [ 76.035416666666407, 36.452083333332773 ], [ 76.018749999999756, 36.452083333332773 ], [ 76.018749999999756, 36.456249999999422 ], [ 76.010416666666373, 36.46458333333279 ] ] ] } },
{ "type": "Feature", "properties": { "HYRIV_ID": 40462359, "NEXT_DOWN": 40461756, "MAIN_RIV": 40348332, "LENGTH_KM": 2.38, "DIST_DN_KM": 2131.0, "DIST_UP_KM": 193.8, "CATCH_SKM": 5.01, "UPLAND_SKM": 4572.4, "ENDORHEIC": 1, "DIS_AV_CMS": 7.135, "ORD_STRA": 5, "ORD_CLAS": 2, "ORD_FLOW": 6, "HYBAS_L12": 4120567890 }, "geometry": { "type": "MultiLineString", "coordinates": [ [ [ 76.081249999999699, 36.410416666666102 ], [ 76.06458333333299, 36.427083333332767 ] ] ] } },
{ "type": "Feature", "properties": { "HYRIV_ID": 40463225, "NEXT_DOWN": 40462359, "MAIN_RIV": 40348332, "LENGTH_KM": 3.55, "DIST_DN_KM": 2133.3, "DIST_UP_KM": 191.6, "CATCH_SKM": 10.19, "UPLAND_SKM": 4546.1, "ENDORHEIC": 1, "DIS_AV_CMS": 7.136, "ORD_STRA": 5, "ORD_CLAS": 2, "ORD_FLOW": 6, "HYBAS_L12": 4120567890 }, "geometry": { "type": "MultiLineString", "coordinates": [ [ [ 76.072916666666373, 36.38541666666611 ], [ 76.077083333333036, 36.389583333332759 ], [ 76.081249999999699, 36.389583333332759 ], [ 76.085416666666362, 36.393749999999422 ], [ 76.085416666666362, 36.402083333332733 ], [ 76.081249999999699, 36.406249999999439 ], [ 76.081249999999699, 36.410416666666102 ] ] ] } },
{ "type": "Feature", "properties": { "HYRIV_ID": 40463770, "NEXT_DOWN": 40463225, "MAIN_RIV": 40348332, "LENGTH_KM": 2.99, "DIST_DN_KM": 2137.0, "DIST_UP_KM": 187.9, "CATCH_SKM": 8.12, "UPLAND_SKM": 4492.9, "ENDORHEIC": 1, "DIS_AV_CMS": 7.121, "ORD_STRA": 5, "ORD_CLAS": 2, "ORD_FLOW": 6, "HYBAS_L12": 4120567890 }, "geometry": { "type": "MultiLineString", "coordinates": [ [ [ 76.093749999999687, 36.36874999999943 ], [ 76.085416666666362, 36.36874999999943 ], [ 76.077083333333036, 36.377083333332742 ], [ 76.077083333333036, 36.381249999999447 ], [ 76.072916666666373, 36.38541666666611 ] ] ] } },
{ "type": "Feature", "properties": { "HYRIV_ID": 40464187, "NEXT_DOWN": 40463770, "MAIN_RIV": 40348332, "LENGTH_KM": 2.9, "DIST_DN_KM": 2140.0, "DIST_UP_KM": 184.9, "CATCH_SKM": 7.43, "UPLAND_SKM": 4465.9, "ENDORHEIC": 1, "DIS_AV_CMS": 7.133, "ORD_STRA": 5, "ORD_CLAS": 2, "ORD_FLOW": 6, "HYBAS_L12": 4121358810 }, "geometry": { "type": "MultiLineString", "coordinates": [ [ [ 76.118749999999721, 36.356249999999456 ], [ 76.110416666666339, 36.356249999999456 ], [ 76.102083333333013, 36.364583333332725 ], [ 76.09791666666635, 36.364583333332725 ], [ 76.093749999999687, 36.36874999999943 ] ] ] } },
{ "type": "Feature", "properties": { "HYRIV_ID": 40464325, "NEXT_DOWN": 40464187, "MAIN_RIV": 40348332, "LENGTH_KM": 0.59, "DIST_DN_KM": 2142.8, "DIST_UP_KM": 182.0, "CATCH_SKM": 0.17, "UPLAND_SKM": 4437.9, "ENDORHEIC": 1, "DIS_AV_CMS": 7.143, "ORD_STRA": 5, "ORD_CLAS": 2, "ORD_FLOW": 6, "HYBAS_L12": 4121358810 }, "geometry": { "type": "MultiLineString", "coordinates": [ [ [ 76.122916666666384, 36.35208333333275 ], [ 76.118749999999721, 36.356249999999456 ] ] ] } },
{ "type": "Feature", "properties": { "HYRIV_ID": 40464477, "NEXT_DOWN": 40464325, "MAIN_RIV": 40348332, "LENGTH_KM": 1.34, "DIST_DN_KM": 2143.2, "DIST_UP_KM": 181.6, "CATCH_SKM": 2.94, "UPLAND_SKM": 4404.2, "ENDORHEIC": 1, "DIS_AV_CMS": 7.102, "ORD_STRA": 5, "ORD_CLAS": 2, "ORD_FLOW": 6, "HYBAS_L12": 4121358810 }, "geometry": { "type": "MultiLineString", "coordinates": [ [ [ 76.135416666666373, 36.347916666666102 ], [ 76.13124999999971, 36.35208333333275 ], [ 76.122916666666384, 36.35208333333275 ] ] ] } },
{ "type": "Feature", "properties": { "HYRIV_ID": 40465095, "NEXT_DOWN": 40464477, "MAIN_RIV": 40348332, "LENGTH_KM": 2.38, "DIST_DN_KM": 2144.8, "DIST_UP_KM": 180.1, "CATCH_SKM": 10.55, "UPLAND_SKM": 4328.1, "ENDORHEIC": 1, "DIS_AV_CMS": 7.007, "ORD_STRA": 5, "ORD_CLAS": 2, "ORD_FLOW": 6, "HYBAS_L12": 4121359140 }, "geometry": { "type": "MultiLineString", "coordinates": [ [ [ 76.152083333333081, 36.331249999999422 ], [ 76.135416666666373, 36.347916666666102 ] ] ] } },
{ "type": "Feature", "properties": { "HYRIV_ID": 40465096, "NEXT_DOWN": 40465095, "MAIN_RIV": 40348332, "LENGTH_KM": 1.12, "DIST_DN_KM": 2146.9, "DIST_UP_KM": 177.9, "CATCH_SKM": 3.11, "UPLAND_SKM": 4291.0, "ENDORHEIC": 1, "DIS_AV_CMS": 6.982, "ORD_STRA": 5, "ORD_CLAS": 2, "ORD_FLOW": 6, "HYBAS_L12": 4121359140 }, "geometry": { "type": "MultiLineString", "coordinates": [ [ [ 76.16458333333307, 36.331249999999422 ], [ 76.152083333333081, 36.331249999999422 ] ] ] } },
{ "type": "Feature", "properties": { "HYRIV_ID": 40465959, "NEXT_DOWN": 40465096, "MAIN_RIV": 40348332, "LENGTH_KM": 4.32, "DIST_DN_KM": 2148.3, "DIST_UP_KM": 176.6, "CATCH_SKM": 23.87, "UPLAND_SKM": 4269.8, "ENDORHEIC": 1, "DIS_AV_CMS": 6.976, "ORD_STRA": 5, "ORD_CLAS": 2, "ORD_FLOW": 6, "HYBAS_L12": 4121359140 }, "geometry": { "type": "MultiLineString", "coordinates": [ [ [ 76.197916666666487, 36.30624999999943 ], [ 76.185416666666441, 36.318749999999447 ], [ 76.181249999999665, 36.318749999999447 ], [ 76.172916666666453, 36.327083333332759 ], [ 76.168749999999733, 36.327083333332759 ], [ 76.16458333333307, 36.331249999999422 ] ] ] } },
{ "type": "Feature", "properties": { "HYRIV_ID": 40466270, "NEXT_DOWN": 40465959, "MAIN_RIV": 40348332, "LENGTH_KM": 1.19, "DIST_DN_KM": 2152.5, "DIST_UP_KM": 172.3, "CATCH_SKM": 1.56, "UPLAND_SKM": 4210.3, "ENDORHEIC": 1, "DIS_AV_CMS": 6.949, "ORD_STRA": 5, "ORD_CLAS": 2, "ORD_FLOW": 6, "HYBAS_L12": 4121359140 }, "geometry": { "type": "MultiLineString", "coordinates": [ [ [ 76.206249999999699, 36.297916666666062 ], [ 76.197916666666487, 36.30624999999943 ] ] ] } },
{ "type": "Feature", "properties": { "HYRIV_ID": 40467578, "NEXT_DOWN": 40466270, "MAIN_RIV": 40348332, "LENGTH_KM": 10.17, "DIST_DN_KM": 2153.5, "DIST_UP_KM": 171.3, "CATCH_SKM": 53.3, "UPLAND_SKM": 4150.2, "ENDORHEIC": 1, "DIS_AV_CMS": 6.864, "ORD_STRA": 5, "ORD_CLAS": 2, "ORD_FLOW": 6, "HYBAS_L12": 4121359880 }, "geometry": { "type": "MultiLineString", "coordinates": [ [ [ 76.28958333333307, 36.256249999999447 ], [ 76.285416666666407, 36.256249999999447 ], [ 76.281249999999744, 36.260416666666096 ], [ 76.281249999999744, 36.264583333332759 ], [ 76.272916666666362, 36.27291666666607 ], [ 76.268749999999699, 36.27291666666607 ], [ 76.268749999999699, 36.277083333332776 ], [ 76.264583333333036, 36.281249999999439 ], [ 76.260416666666373, 36.281249999999439 ], [ 76.25624999999971, 36.285416666666087 ], [ 76.247916666666384, 36.285416666666087 ], [ 76.243749999999665, 36.28958333333275 ], [ 76.231249999999733, 36.28958333333275 ], [ 76.227083333333013, 36.293749999999413 ], [ 76.218749999999687, 36.293749999999413 ], [ 76.214583333333024, 36.297916666666062 ], [ 76.206249999999699, 36.297916666666062 ] ] ] } },
{ "type": "Feature", "properties": { "HYRIV_ID": 40468061, "NEXT_DOWN": 40467578, "MAIN_RIV": 40348332, "LENGTH_KM": 2.16, "DIST_DN_KM": 2163.8, "DIST_UP_KM": 161.0, "CATCH_SKM": 3.46, "UPLAND_SKM": 4038.1, "ENDORHEIC": 1, "DIS_AV_CMS": 6.854, "ORD_STRA": 5, "ORD_CLAS": 2, "ORD_FLOW": 6, "HYBAS_L12": 4121359880 }, "geometry": { "type": "MultiLineString", "coordinates": [ [ [ 76.306249999999778, 36.24374999999943 ], [ 76.297916666666396, 36.252083333332784 ], [ 76.293749999999733, 36.252083333332784 ], [ 76.28958333333307, 36.256249999999447 ] ] ] } },
{ "type": "Feature", "properties": { "HYRIV_ID": 40469159, "NEXT_DOWN": 40468061, "MAIN_RIV": 40348332, "LENGTH_KM": 5.25, "DIST_DN_KM": 2166.0, "DIST_UP_KM": 158.9, "CATCH_SKM": 21.82, "UPLAND_SKM": 3875.0, "ENDORHEIC": 1, "DIS_AV_CMS": 6.591, "ORD_STRA": 5, "ORD_CLAS": 2, "ORD_FLOW": 6, "HYBAS_L12": 4120574810 }, "geometry": { "type": "MultiLineString", "coordinates": [ [ [ 76.339583333333024, 36.210416666666113 ], [ 76.335416666666362, 36.210416666666113 ], [ 76.32291666666643, 36.222916666666087 ], [ 76.318749999999767, 36.222916666666087 ], [ 76.310416666666441, 36.231249999999399 ], [ 76.310416666666441, 36.239583333332767 ], [ 76.306249999999778, 36.24374999999943 ] ] ] } },
{ "type": "Feature", "properties": { "HYRIV_ID": 40469685, "NEXT_DOWN": 40469159, "MAIN_RIV": 40348332, "LENGTH_KM": 2.62, "DIST_DN_KM": 2171.2, "DIST_UP_KM": 153.6, "CATCH_SKM": 13.34, "UPLAND_SKM": 3814.6, "ENDORHEIC": 1, "DIS_AV_CMS": 6.551, "ORD_STRA": 5, "ORD_CLAS": 2, "ORD_FLOW": 6, "HYBAS_L12": 4120574810 }, "geometry": { "type": "MultiLineString", "coordinates": [ [ [ 76.356249999999847, 36.193749999999433 ], [ 76.352083333333013, 36.197916666666096 ], [ 76.352083333333013, 36.202083333332759 ], [ 76.34791666666635, 36.202083333332759 ], [ 76.339583333333024, 36.210416666666113 ] ] ] } },
{ "type": "Feature", "properties": { "HYRIV_ID": 40470301, "NEXT_DOWN": 40469685, "MAIN_RIV": 40348332, "LENGTH_KM": 3.13, "DIST_DN_KM": 2173.9, "DIST_UP_KM": 151.0, "CATCH_SKM": 22.52, "UPLAND_SKM": 3757.9, "ENDORHEIC": 1, "DIS_AV_CMS": 6.479, "ORD_STRA": 5, "ORD_CLAS": 2, "ORD_FLOW": 6, "HYBAS_L12": 4120574810 }, "geometry": { "type": "MultiLineString", "coordinates": [ [ [ 76.38124999999971, 36.177083333332767 ], [ 76.37708333333299, 36.177083333332767 ], [ 76.372916666666384, 36.181249999999416 ], [ 76.368749999999665, 36.181249999999416 ], [ 76.356249999999847, 36.193749999999433 ] ] ] } },
{ "type": "Feature", "properties": { "HYRIV_ID": 40470614, "NEXT_DOWN": 40470301, "MAIN_RIV": 40348332, "LENGTH_KM": 1.06, "DIST_DN_KM": 2176.8, "DIST_UP_KM": 148.0, "CATCH_SKM": 1.56, "UPLAND_SKM": 3719.6, "ENDORHEIC": 1, "DIS_AV_CMS": 6.453, "ORD_STRA": 5, "ORD_CLAS": 2, "ORD_FLOW": 6, "HYBAS_L12": 4120574810 }, "geometry": { "type": "MultiLineString", "coordinates": [ [ [ 76.385416666666373, 36.168749999999442 ], [ 76.38124999999971, 36.172916666666104 ], [ 76.38124999999971, 36.177083333332767 ] ] ] } },
{ "type": "Feature", "properties": { "HYRIV_ID": 40470751, "NEXT_DOWN": 40470614, "MAIN_RIV": 40348332, "LENGTH_KM": 0.97, "DIST_DN_KM": 2178.1, "DIST_UP_KM": 146.8, "CATCH_SKM": 0.87, "UPLAND_SKM": 3701.2, "ENDORHEIC": 1, "DIS_AV_CMS": 6.431, "ORD_STRA": 5, "ORD_CLAS": 2, "ORD_FLOW": 6, "HYBAS_L12": 4120574810 }, "geometry": { "type": "MultiLineString", "coordinates": [ [ [ 76.393749999999699, 36.16458333333275 ], [ 76.389583333333036, 36.16458333333275 ], [ 76.385416666666373, 36.168749999999442 ] ] ] } },
{ "type": "Feature", "properties": { "HYRIV_ID": 40471868, "NEXT_DOWN": 40472744, "MAIN_RIV": 40348332, "LENGTH_KM": 2.62, "DIST_DN_KM": 2198.7, "DIST_UP_KM": 126.2, "CATCH_SKM": 7.63, "UPLAND_SKM": 2034.8, "ENDORHEIC": 1, "DIS_AV_CMS": 3.041, "ORD_STRA": 4, "ORD_CLAS": 2, "ORD_FLOW": 6, "HYBAS_L12": 4120578360 }, "geometry": { "type": "MultiLineString", "coordinates": [ [ [ 76.585416666666418, 36.131249999999433 ], [ 76.556249999999721, 36.131249999999433 ] ] ] } },
{ "type": "Feature", "properties": { "HYRIV_ID": 40471870, "NEXT_DOWN": 40471868, "MAIN_RIV": 40348332, "LENGTH_KM": 3.37, "DIST_DN_KM": 2201.3, "DIST_UP_KM": 123.6, "CATCH_SKM": 19.94, "UPLAND_SKM": 2015.9, "ENDORHEIC": 1, "DIS_AV_CMS": 3.002, "ORD_STRA": 4, "ORD_CLAS": 2, "ORD_FLOW": 6, "HYBAS_L12": 4120578360 }, "geometry": { "type": "MultiLineString", "coordinates": [ [ [ 76.622916666666384, 36.131249999999433 ], [ 76.585416666666418, 36.131249999999433 ] ] ] } },
{ "type": "Feature", "properties": { "HYRIV_ID": 40480178, "NEXT_DOWN": 40479470, "MAIN_RIV": 40348332, "LENGTH_KM": 2.98, "DIST_DN_KM": 2234.2, "DIST_UP_KM": 90.7, "CATCH_SKM": 7.65, "UPLAND_SKM": 1390.6, "ENDORHEIC": 1, "DIS_AV_CMS": 2.011, "ORD_STRA": 4, "ORD_CLAS": 2, "ORD_FLOW": 6, "HYBAS_L12": 4120585860 }, "geometry": { "type": "MultiLineString", "coordinates": [ [ [ 76.764583333333036, 35.893749999999436 ], [ 76.768749999999699, 35.897916666666099 ], [ 76.75208333333299, 35.914583333332779 ] ] ] } },
{ "type": "Feature", "properties": { "HYRIV_ID": 40480760, "NEXT_DOWN": 40480178, "MAIN_RIV": 40348332, "LENGTH_KM": 1.99, "DIST_DN_KM": 2237.0, "DIST_UP_KM": 87.9, "CATCH_SKM": 6.78, "UPLAND_SKM": 1368.5, "ENDORHEIC": 1, "DIS_AV_CMS": 1.998, "ORD_STRA": 4, "ORD_CLAS": 2, "ORD_FLOW": 6, "HYBAS_L12": 4120585860 }, "geometry": { "type": "MultiLineString", "coordinates": [ [ [ 76.760416666666316, 35.87708333333277 ], [ 76.760416666666316, 35.885416666666124 ], [ 76.764583333333036, 35.889583333332787 ], [ 76.764583333333036, 35.893749999999436 ] ] ] } },
{ "type": "Feature", "properties": { "HYRIV_ID": 40481945, "NEXT_DOWN": 40480760, "MAIN_RIV": 40348332, "LENGTH_KM": 4.24, "DIST_DN_KM": 2239.2, "DIST_UP_KM": 85.7, "CATCH_SKM": 12.18, "UPLAND_SKM": 1311.6, "ENDORHEIC": 1, "DIS_AV_CMS": 1.918, "ORD_STRA": 4, "ORD_CLAS": 2, "ORD_FLOW": 6, "HYBAS_L12": 4120585860 }, "geometry": { "type": "MultiLineString", "coordinates": [ [ [ 76.768749999999699, 35.843749999999453 ], [ 76.768749999999699, 35.852083333332779 ], [ 76.772916666666362, 35.856249999999427 ], [ 76.772916666666362, 35.864583333332796 ], [ 76.760416666666316, 35.87708333333277 ] ] ] } },
{ "type": "Feature", "properties": { "HYRIV_ID": 40482959, "NEXT_DOWN": 40481945, "MAIN_RIV": 40348332, "LENGTH_KM": 4.39, "DIST_DN_KM": 2243.3, "DIST_UP_KM": 81.6, "CATCH_SKM": 14.79, "UPLAND_SKM": 1148.2, "ENDORHEIC": 1, "DIS_AV_CMS": 1.677, "ORD_STRA": 4, "ORD_CLAS": 2, "ORD_FLOW": 6, "HYBAS_L12": 4120588290 }, "geometry": { "type": "MultiLineString", "coordinates": [ [ [ 76.789583333333013, 35.814583333332756 ], [ 76.781249999999687, 35.814583333332756 ], [ 76.768749999999699, 35.82708333333273 ], [ 76.768749999999699, 35.843749999999453 ] ] ] } },
{ "type": "Feature", "properties": { "HYRIV_ID": 40483705, "NEXT_DOWN": 40482959, "MAIN_RIV": 40348332, "LENGTH_KM": 3.36, "DIST_DN_KM": 2247.6, "DIST_UP_KM": 77.3, "CATCH_SKM": 14.97, "UPLAND_SKM": 1117.9, "ENDORHEIC": 1, "DIS_AV_CMS": 1.646, "ORD_STRA": 4, "ORD_CLAS": 2, "ORD_FLOW": 6, "HYBAS_L12": 4120588290 }, "geometry": { "type": "MultiLineString", "coordinates": [ [ [ 76.814583333333047, 35.793749999999427 ], [ 76.793749999999676, 35.814583333332756 ], [ 76.789583333333013, 35.814583333332756 ] ] ] } },
{ "type": "Feature", "properties": { "HYRIV_ID": 40483836, "NEXT_DOWN": 40483705, "MAIN_RIV": 40348332, "LENGTH_KM": 1.72, "DIST_DN_KM": 2251.0, "DIST_UP_KM": 73.9, "CATCH_SKM": 4.18, "UPLAND_SKM": 1088.5, "ENDORHEIC": 1, "DIS_AV_CMS": 1.594, "ORD_STRA": 4, "ORD_CLAS": 2, "ORD_FLOW": 6, "HYBAS_L12": 4120588290 }, "geometry": { "type": "MultiLineString", "coordinates": [ [ [ 76.831249999999756, 35.789583333332764 ], [ 76.827083333333093, 35.793749999999427 ], [ 76.814583333333047, 35.793749999999427 ] ] ] } },
{ "type": "Feature", "properties": { "HYRIV_ID": 40484214, "NEXT_DOWN": 40483836, "MAIN_RIV": 40348332, "LENGTH_KM": 1.52, "DIST_DN_KM": 2252.9, "DIST_UP_KM": 72.0, "CATCH_SKM": 1.22, "UPLAND_SKM": 1058.5, "ENDORHEIC": 1, "DIS_AV_CMS": 1.548, "ORD_STRA": 4, "ORD_CLAS": 2, "ORD_FLOW": 6, "HYBAS_L12": 4120588290 }, "geometry": { "type": "MultiLineString", "coordinates": [ [ [ 76.835416666666418, 35.777083333332747 ], [ 76.835416666666418, 35.785416666666116 ], [ 76.831249999999756, 35.789583333332764 ] ] ] } },
{ "type": "Feature", "properties": { "HYRIV_ID": 40485431, "NEXT_DOWN": 40484214, "MAIN_RIV": 40348332, "LENGTH_KM": 9.88, "DIST_DN_KM": 2254.2, "DIST_UP_KM": 70.7, "CATCH_SKM": 54.52, "UPLAND_SKM": 953.9, "ENDORHEIC": 1, "DIS_AV_CMS": 1.378, "ORD_STRA": 4, "ORD_CLAS": 2, "ORD_FLOW": 6, "HYBAS_L12": 4120589570 }, "geometry": { "type": "MultiLineString", "coordinates": [ [ [ 76.922916666666339, 35.739583333332781 ], [ 76.914583333333013, 35.739583333332781 ], [ 76.91041666666635, 35.743749999999444 ], [ 76.906249999999687, 35.743749999999444 ], [ 76.902083333333024, 35.747916666666107 ], [ 76.885416666666316, 35.747916666666107 ], [ 76.88124999999971, 35.752083333332756 ], [ 76.87708333333299, 35.752083333332756 ], [ 76.860416666666339, 35.768749999999436 ], [ 76.856249999999676, 35.768749999999436 ], [ 76.852083333333127, 35.772916666666099 ], [ 76.843749999999744, 35.772916666666099 ], [ 76.839583333333081, 35.777083333332747 ], [ 76.835416666666418, 35.777083333332747 ] ] ] } },
{ "type": "Feature", "properties": { "HYRIV_ID": 40485432, "NEXT_DOWN": 40485431, "MAIN_RIV": 40348332, "LENGTH_KM": 2.85, "DIST_DN_KM": 2264.0, "DIST_UP_KM": 60.8, "CATCH_SKM": 11.67, "UPLAND_SKM": 872.0, "ENDORHEIC": 1, "DIS_AV_CMS": 1.247, "ORD_STRA": 4, "ORD_CLAS": 2, "ORD_FLOW": 6, "HYBAS_L12": 4120589570 }, "geometry": { "type": "MultiLineString", "coordinates": [ [ [ 76.952083333333036, 35.743749999999444 ], [ 76.931249999999721, 35.743749999999444 ], [ 76.927083333333059, 35.739583333332781 ], [ 76.922916666666339, 35.739583333332781 ] ] ] } },
{ "type": "Feature", "properties": { "HYRIV_ID": 40485433, "NEXT_DOWN": 40485432, "MAIN_RIV": 40348332, "LENGTH_KM": 2.1, "DIST_DN_KM": 2266.9, "DIST_UP_KM": 58.0, "CATCH_SKM": 4.7, "UPLAND_SKM": 834.4, "ENDORHEIC": 1, "DIS_AV_CMS": 1.188, "ORD_STRA": 4, "ORD_CLAS": 2, "ORD_FLOW": 6, "HYBAS_L12": 4120589570 }, "geometry": { "type": "MultiLineString", "coordinates": [ [ [ 76.972916666666407, 35.739583333332781 ], [ 76.964583333333081, 35.739583333332781 ], [ 76.960416666666418, 35.743749999999444 ], [ 76.952083333333036, 35.743749999999444 ] ] ] } },
{ "type": "Feature", "properties": { "HYRIV_ID": 40485846, "NEXT_DOWN": 40485433, "MAIN_RIV": 40348332, "LENGTH_KM": 2.54, "DIST_DN_KM": 2269.0, "DIST_UP_KM": 55.9, "CATCH_SKM": 4.36, "UPLAND_SKM": 786.3, "ENDORHEIC": 1, "DIS_AV_CMS": 1.119, "ORD_STRA": 4, "ORD_CLAS": 2, "ORD_FLOW": 6, "HYBAS_L12": 4120589570 }, "geometry": { "type": "MultiLineString", "coordinates": [ [ [ 76.993749999999665, 35.727083333332764 ], [ 76.989583333333002, 35.731249999999427 ], [ 76.985416666666339, 35.731249999999427 ], [ 76.97708333333307, 35.739583333332781 ], [ 76.972916666666407, 35.739583333332781 ] ] ] } },
{ "type": "Feature", "properties": { "HYRIV_ID": 40487334, "NEXT_DOWN": 40485846, "MAIN_RIV": 40348332, "LENGTH_KM": 17.92, "DIST_DN_KM": 2271.5, "DIST_UP_KM": 53.4, "CATCH_SKM": 86.46, "UPLAND_SKM": 628.1, "ENDORHEIC": 1, "DIS_AV_CMS": 0.861, "ORD_STRA": 4, "ORD_CLAS": 2, "ORD_FLOW": 7, "HYBAS_L12": 4120591030 }, "geometry": { "type": "MultiLineString", "coordinates": [ [ [ 77.16041666666635, 35.681249999999444 ], [ 77.152083333333024, 35.689583333332756 ], [ 77.143749999999642, 35.689583333332756 ], [ 77.13958333333315, 35.693749999999461 ], [ 77.135416666666316, 35.693749999999461 ], [ 77.131249999999767, 35.697916666666067 ], [ 77.114583333333115, 35.697916666666067 ], [ 77.110416666666453, 35.693749999999461 ], [ 77.081249999999699, 35.693749999999461 ], [ 77.077083333333036, 35.697916666666067 ], [ 77.056249999999665, 35.697916666666067 ], [ 77.047916666666339, 35.706249999999436 ], [ 77.043749999999676, 35.706249999999436 ], [ 77.039583333333013, 35.710416666666084 ], [ 77.018749999999642, 35.710416666666084 ], [ 77.014583333333036, 35.71458333333279 ], [ 77.010416666666316, 35.71458333333279 ], [ 76.997916666666441, 35.727083333332764 ], [ 76.993749999999665, 35.727083333332764 ] ] ] } },
{ "type": "Feature", "properties": { "HYRIV_ID": 40487501, "NEXT_DOWN": 40487334, "MAIN_RIV": 40348332, "LENGTH_KM": 2.92, "DIST_DN_KM": 2289.5, "DIST_UP_KM": 35.4, "CATCH_SKM": 6.28, "UPLAND_SKM": 515.6, "ENDORHEIC": 1, "DIS_AV_CMS": 0.622, "ORD_STRA": 4, "ORD_CLAS": 2, "ORD_FLOW": 7, "HYBAS_L12": 4120591030 }, "geometry": { "type": "MultiLineString", "coordinates": [ [ [ 77.185416666666328, 35.677083333332781 ], [ 77.177083333333002, 35.677083333332781 ], [ 77.168749999999676, 35.685416666666093 ], [ 77.164583333333013, 35.685416666666093 ], [ 77.16041666666635, 35.681249999999444 ] ] ] } },
{ "type": "Feature", "properties": { "HYRIV_ID": 40441538, "NEXT_DOWN": 40441679, "MAIN_RIV": 40190238, "LENGTH_KM": 3.89, "DIST_DN_KM": 2496.1, "DIST_UP_KM": 174.3, "CATCH_SKM": 11.31, "UPLAND_SKM": 4549.0, "ENDORHEIC": 1, "DIS_AV_CMS": 12.761, "ORD_STRA": 4, "ORD_CLAS": 3, "ORD_FLOW": 5, "HYBAS_L12": 4120548960 }, "geometry": { "type": "MultiLineString", "coordinates": [ [ [ 72.662500000000321, 37.025 ], [ 72.6625, 37.024999999999672 ] ] ] } },
{ "type": "Feature", "properties": { "HYRIV_ID": 40442219, "NEXT_DOWN": 40442614, "MAIN_RIV": 40190238, "LENGTH_KM": 2.67, "DIST_DN_KM": 2595.4, "DIST_UP_KM": 111.9, "CATCH_SKM": 6.51, "UPLAND_SKM": 2469.8, "ENDORHEIC": 1, "DIS_AV_CMS": 6.75, "ORD_STRA": 4, "ORD_CLAS": 2, "ORD_FLOW": 6, "HYBAS_L12": 4120550020 }, "geometry": { "type": "MultiLineString", "coordinates": [ [ [ 73.618749999999778, 37.002083333332727 ], [ 73.610416666666396, 37.002083333332727 ], [ 73.606249999999733, 37.006249999999433 ], [ 73.60208333333307, 37.002083333332727 ], [ 73.593749999999744, 37.002083333332727 ] ] ] } },
{ "type": "Feature", "properties": { "HYRIV_ID": 40442361, "NEXT_DOWN": 40441679, "MAIN_RIV": 40190238, "LENGTH_KM": 9.42, "DIST_DN_KM": 2495.9, "DIST_UP_KM": 211.4, "CATCH_SKM": 66.01, "UPLAND_SKM": 4836.6, "ENDORHEIC": 1, "DIS_AV_CMS": 16.139, "ORD_STRA": 4, "ORD_CLAS": 2, "ORD_FLOW": 5, "HYBAS_L12": 4120549210 }, "geometry": { "type": "MultiLineString", "coordinates": [ [ [ 72.743749999999835, 36.997916666666079 ], [ 72.739583333333059, 36.997916666666079 ], [ 72.735416666666396, 37.002083333332727 ], [ 72.731249999999847, 36.997916666666079 ], [ 72.727083333333184, 36.997916666666079 ], [ 72.722916666666464, 37.002083333332727 ], [ 72.718749999999801, 37.002083333332727 ], [ 72.714583333333138, 37.006249999999433 ], [ 72.693749999999767, 37.006249999999433 ], [ 72.689583333333104, 37.010416666666096 ], [ 72.689583333333104, 37.014583333332745 ], [ 72.685416666666441, 37.018749999999407 ], [ 72.672916666666396, 37.018749999999407 ], [ 72.668749999999733, 37.02291666666607 ], [ 72.6625, 37.02291666666607 ] ] ] } },
{ "type": "Feature", "properties": { "HYRIV_ID": 40442500, "NEXT_DOWN": 40442611, "MAIN_RIV": 40190238, "LENGTH_KM": 1.85, "DIST_DN_KM": 2566.7, "DIST_UP_KM": 140.6, "CATCH_SKM": 12.69, "UPLAND_SKM": 3593.9, "ENDORHEIC": 1, "DIS_AV_CMS": 11.062, "ORD_STRA": 4, "ORD_CLAS": 2, "ORD_FLOW": 5, "HYBAS_L12": 4120550340 }, "geometry": { "type": "MultiLineString", "coordinates": [ [ [ 73.372916666666441, 36.993749999999416 ], [ 73.35208333333307, 36.993749999999416 ] ] ] } },
{ "type": "Feature", "properties": { "HYRIV_ID": 40442502, "NEXT_DOWN": 40442612, "MAIN_RIV": 40190238, "LENGTH_KM": 3.26, "DIST_DN_KM": 2572.2, "DIST_UP_KM": 135.1, "CATCH_SKM": 14.57, "UPLAND_SKM": 3346.9, "ENDORHEIC": 1, "DIS_AV_CMS": 10.124, "ORD_STRA": 4, "ORD_CLAS": 2, "ORD_FLOW": 5, "HYBAS_L12": 4120550200 }, "geometry": { "type": "MultiLineString", "coordinates": [ [ [ 73.431249999999721, 36.997916666666079 ], [ 73.422916666666396, 36.997916666666079 ], [ 73.418749999999733, 37.002083333332727 ], [ 73.41458333333307, 37.002083333332727 ], [ 73.410416666666521, 36.997916666666079 ], [ 73.406249999999858, 36.997916666666079 ], [ 73.402083333333138, 36.993749999999416 ] ] ] } },
{ "type": "Feature", "properties": { "HYRIV_ID": 40442611, "NEXT_DOWN": 40442768, "MAIN_RIV": 40190238, "LENGTH_KM": 9.85, "DIST_DN_KM": 2556.9, "DIST_UP_KM": 150.4, "CATCH_SKM": 72.7, "UPLAND_SKM": 3791.6, "ENDORHEIC": 1, "DIS_AV_CMS": 11.823, "ORD_STRA": 4, "ORD_CLAS": 2, "ORD_FLOW": 5, "HYBAS_L12": 4121350320 }, "geometry": { "type": "MultiLineString", "coordinates": [ [ [ 73.35208333333307, 36.993749999999416 ], [ 73.347916666666407, 36.989583333332753 ], [ 73.335416666666418, 36.989583333332753 ], [ 73.327083333333036, 36.997916666666079 ], [ 73.297916666666396, 36.997916666666079 ], [ 73.293749999999733, 36.993749999999416 ], [ 73.272916666666475, 36.993749999999416 ], [ 73.268749999999812, 36.997916666666079 ], [ 73.264583333333036, 36.997916666666079 ], [ 73.260416666666487, 36.993749999999416 ], [ 73.25624999999971, 36.993749999999416 ] ] ] } },
{ "type": "Feature", "properties": { "HYRIV_ID": 40442612, "NEXT_DOWN": 40442500, "MAIN_RIV": 40190238, "LENGTH_KM": 3.48, "DIST_DN_KM": 2568.7, "DIST_UP_KM": 138.6, "CATCH_SKM": 16.12, "UPLAND_SKM": 3527.0, "ENDORHEIC": 1, "DIS_AV_CMS": 10.818, "ORD_STRA": 4, "ORD_CLAS": 2, "ORD_FLOW": 5, "HYBAS_L12": 4120550340 }, "geometry": { "type": "MultiLineString", "coordinates": [ [ [ 73.402083333333138, 36.993749999999416 ], [ 73.397916666666475, 36.989583333332753 ], [ 73.389583333333036, 36.989583333332753 ], [ 73.385416666666487, 36.993749999999416 ], [ 73.381249999999824, 36.993749999999416 ], [ 73.377083333333104, 36.989583333332753 ], [ 73.372916666666441, 36.993749999999416 ] ] ] } },
{ "type": "Feature", "properties": { "HYRIV_ID": 40442614, "NEXT_DOWN": 40442921, "MAIN_RIV": 40190238, "LENGTH_KM": 3.58, "DIST_DN_KM": 2592.0, "DIST_UP_KM": 115.3, "CATCH_SKM": 13.2, "UPLAND_SKM": 3102.7, "ENDORHEIC": 1, "DIS_AV_CMS": 8.706, "ORD_STRA": 4, "ORD_CLAS": 2, "ORD_FLOW": 6, "HYBAS_L12": 4121350520 }, "geometry": { "type": "MultiLineString", "coordinates": [ [ [ 73.593749999999744, 37.002083333332727 ], [ 73.589583333333081, 37.002083333332727 ], [ 73.581249999999756, 36.993749999999416 ], [ 73.581249999999756, 36.989583333332753 ], [ 73.577083333333036, 36.989583333332753 ], [ 73.57291666666643, 36.993749999999416 ], [ 73.56874999999971, 36.989583333332753 ] ] ] } },
{ "type": "Feature", "properties": { "HYRIV_ID": 40442764, "NEXT_DOWN": 40442361, "MAIN_RIV": 40190238, "LENGTH_KM": 3.26, "DIST_DN_KM": 2505.2, "DIST_UP_KM": 202.0, "CATCH_SKM": 17.66, "UPLAND_SKM": 4751.9, "ENDORHEIC": 1, "DIS_AV_CMS": 15.944, "ORD_STRA": 4, "ORD_CLAS": 2, "ORD_FLOW": 5, "HYBAS_L12": 4120549210 }, "geometry": { "type": "MultiLineString", "coordinates": [ [ [ 72.772916666666418, 36.985416666666104 ], [ 72.764583333333093, 36.985416666666104 ], [ 72.752083333333161, 36.997916666666079 ], [ 72.743749999999835, 36.997916666666079 ] ] ] } },
{ "type": "Feature", "properties": { "HYRIV_ID": 40442767, "NEXT_DOWN": 40443376, "MAIN_RIV": 40190238, "LENGTH_KM": 0.74, "DIST_DN_KM": 2550.1, "DIST_UP_KM": 157.2, "CATCH_SKM": 2.92, "UPLAND_SKM": 3884.2, "ENDORHEIC": 1, "DIS_AV_CMS": 12.211, "ORD_STRA": 4, "ORD_CLAS": 2, "ORD_FLOW": 5, "HYBAS_L12": 4121350450 }, "geometry": { "type": "MultiLineString", "coordinates": [ [ [ 73.19791666666643, 36.985416666666104 ], [ 73.189583333333104, 36.985416666666104 ] ] ] } },
{ "type": "Feature", "properties": { "HYRIV_ID": 40442768, "NEXT_DOWN": 40442767, "MAIN_RIV": 40190238, "LENGTH_KM": 6.07, "DIST_DN_KM": 2551.0, "DIST_UP_KM": 156.3, "CATCH_SKM": 37.2, "UPLAND_SKM": 3851.4, "ENDORHEIC": 1, "DIS_AV_CMS": 12.08, "ORD_STRA": 4, "ORD_CLAS": 2, "ORD_FLOW": 5, "HYBAS_L12": 4121350320 }, "geometry": { "type": "MultiLineString", "coordinates": [ [ [ 73.25624999999971, 36.993749999999416 ], [ 73.243749999999778, 36.993749999999416 ], [ 73.239583333333115, 36.997916666666079 ], [ 73.23124999999979, 36.997916666666079 ], [ 73.227083333333127, 36.993749999999416 ], [ 73.210416666666418, 36.993749999999416 ], [ 73.206249999999756, 36.989583333332753 ], [ 73.202083333333093, 36.989583333332753 ], [ 73.19791666666643, 36.985416666666104 ] ] ] } },
{ "type": "Feature", "properties": { "HYRIV_ID": 40442770, "NEXT_DOWN": 40442502, "MAIN_RIV": 40190238, "LENGTH_KM": 3.26, "DIST_DN_KM": 2575.4, "DIST_UP_KM": 131.9, "CATCH_SKM": 12.17, "UPLAND_SKM": 3288.3, "ENDORHEIC": 1, "DIS_AV_CMS": 9.917, "ORD_STRA": 4, "ORD_CLAS": 2, "ORD_FLOW": 6, "HYBAS_L12": 4120550200 }, "geometry": { "type": "MultiLineString", "coordinates": [ [ [ 73.460416666666418, 36.985416666666104 ], [ 73.456249999999756, 36.985416666666104 ], [ 73.452083333333036, 36.989583333332753 ], [ 73.44791666666643, 36.989583333332753 ], [ 73.44374999999971, 36.993749999999416 ], [ 73.435416666666384, 36.993749999999416 ], [ 73.431249999999721, 36.997916666666079 ] ] ] } },
{ "type": "Feature", "properties": { "HYRIV_ID": 40442921, "NEXT_DOWN": 40443063, "MAIN_RIV": 40190238, "LENGTH_KM": 1.93, "DIST_DN_KM": 2590.1, "DIST_UP_KM": 117.2, "CATCH_SKM": 3.94, "UPLAND_SKM": 3129.6, "ENDORHEIC": 1, "DIS_AV_CMS": 8.911, "ORD_STRA": 4, "ORD_CLAS": 2, "ORD_FLOW": 6, "HYBAS_L12": 4121350520 }, "geometry": { "type": "MultiLineString", "coordinates": [ [ [ 73.56874999999971, 36.989583333332753 ], [ 73.564583333333218, 36.985416666666104 ], [ 73.556249999999721, 36.985416666666104 ], [ 73.552083333333059, 36.981249999999442 ] ] ] } },
{ "type": "Feature", "properties": { "HYRIV_ID": 40443061, "NEXT_DOWN": 40442764, "MAIN_RIV": 40190238, "LENGTH_KM": 3.41, "DIST_DN_KM": 2508.5, "DIST_UP_KM": 198.8, "CATCH_SKM": 16.8, "UPLAND_SKM": 4640.3, "ENDORHEIC": 1, "DIS_AV_CMS": 15.484, "ORD_STRA": 4, "ORD_CLAS": 2, "ORD_FLOW": 5, "HYBAS_L12": 4121350310 }, "geometry": { "type": "MultiLineString", "coordinates": [ [ [ 72.806249999999778, 36.977083333332736 ], [ 72.793749999999733, 36.977083333332736 ], [ 72.785416666666407, 36.985416666666104 ], [ 72.772916666666418, 36.985416666666104 ] ] ] } },
{ "type": "Feature", "properties": { "HYRIV_ID": 40443063, "NEXT_DOWN": 40443238, "MAIN_RIV": 40190238, "LENGTH_KM": 1.33, "DIST_DN_KM": 2588.8, "DIST_UP_KM": 118.5, "CATCH_SKM": 3.26, "UPLAND_SKM": 3148.1, "ENDORHEIC": 1, "DIS_AV_CMS": 9.065, "ORD_STRA": 4, "ORD_CLAS": 2, "ORD_FLOW": 6, "HYBAS_L12": 4121350520 }, "geometry": { "type": "MultiLineString", "coordinates": [ [ [ 73.552083333333059, 36.981249999999442 ], [ 73.543749999999733, 36.981249999999442 ], [ 73.539583333333184, 36.977083333332736 ] ] ] } },
{ "type": "Feature", "properties": { "HYRIV_ID": 40443237, "NEXT_DOWN": 40443061, "MAIN_RIV": 40190238, "LENGTH_KM": 4.74, "DIST_DN_KM": 2511.9, "DIST_UP_KM": 195.4, "CATCH_SKM": 24.86, "UPLAND_SKM": 4546.6, "ENDORHEIC": 1, "DIS_AV_CMS": 15.056, "ORD_STRA": 4, "ORD_CLAS": 2, "ORD_FLOW": 5, "HYBAS_L12": 4121350390 }, "geometry": { "type": "MultiLineString", "coordinates": [ [ [ 72.852083333333127, 36.972916666666087 ], [ 72.843749999999801, 36.972916666666087 ], [ 72.839583333333138, 36.977083333332736 ], [ 72.835416666666475, 36.972916666666087 ], [ 72.82291666666643, 36.972916666666087 ], [ 72.818749999999767, 36.977083333332736 ], [ 72.806249999999778, 36.977083333332736 ] ] ] } },
{ "type": "Feature", "properties": { "HYRIV_ID": 40443238, "NEXT_DOWN": 40443638, "MAIN_RIV": 40190238, "LENGTH_KM": 0.59, "DIST_DN_KM": 2588.2, "DIST_UP_KM": 119.1, "CATCH_SKM": 1.03, "UPLAND_SKM": 3163.0, "ENDORHEIC": 1, "DIS_AV_CMS": 9.147, "ORD_STRA": 4, "ORD_CLAS": 2, "ORD_FLOW": 6, "HYBAS_L12": 4121350520 }, "geometry": { "type": "MultiLineString", "coordinates": [ [ [ 73.539583333333184, 36.977083333332736 ], [ 73.535416666666521, 36.972916666666087 ] ] ] } },
{ "type": "Feature", "properties": { "HYRIV_ID": 40443372, "NEXT_DOWN": 40443237, "MAIN_RIV": 40190238, "LENGTH_KM": 0.96, "DIST_DN_KM": 2516.8, "DIST_UP_KM": 190.5, "CATCH_SKM": 0.86, "UPLAND_SKM": 4444.7, "ENDORHEIC": 1, "DIS_AV_CMS": 14.599, "ORD_STRA": 4, "ORD_CLAS": 2, "ORD_FLOW": 5, "HYBAS_L12": 4121350390 }, "geometry": { "type": "MultiLineString", "coordinates": [ [ [ 72.860416666666509, 36.968749999999424 ], [ 72.85624999999979, 36.968749999999424 ], [ 72.852083333333127, 36.972916666666087 ] ] ] } },
{ "type": "Feature", "properties": { "HYRIV_ID": 40443374, "NEXT_DOWN": 40443636, "MAIN_RIV": 40190238, "LENGTH_KM": 0.74, "DIST_DN_KM": 2545.5, "DIST_UP_KM": 161.8, "CATCH_SKM": 1.37, "UPLAND_SKM": 4003.3, "ENDORHEIC": 1, "DIS_AV_CMS": 12.682, "ORD_STRA": 4, "ORD_CLAS": 2, "ORD_FLOW": 5, "HYBAS_L12": 4121350700 }, "geometry": { "type": "MultiLineString", "coordinates": [ [ [ 73.156249999999744, 36.968749999999424 ], [ 73.147916666666532, 36.968749999999424 ] ] ] } },
{ "type": "Feature", "properties": { "HYRIV_ID": 40443376, "NEXT_DOWN": 40443374, "MAIN_RIV": 40190238, "LENGTH_KM": 3.85, "DIST_DN_KM": 2546.3, "DIST_UP_KM": 161.0, "CATCH_SKM": 14.41, "UPLAND_SKM": 3935.2, "ENDORHEIC": 1, "DIS_AV_CMS": 12.421, "ORD_STRA": 4, "ORD_CLAS": 2, "ORD_FLOW": 5, "HYBAS_L12": 4121350450 }, "geometry": { "type": "MultiLineString", "coordinates": [ [ [ 73.189583333333104, 36.985416666666104 ], [ 73.177083333333059, 36.972916666666087 ], [ 73.168749999999733, 36.972916666666087 ], [ 73.16458333333307, 36.968749999999424 ], [ 73.156249999999744, 36.968749999999424 ] ] ] } },
{ "type": "Feature", "properties": { "HYRIV_ID": 40443516, "NEXT_DOWN": 40443372, "MAIN_RIV": 40190238, "LENGTH_KM": 5.04, "DIST_DN_KM": 2517.6, "DIST_UP_KM": 189.7, "CATCH_SKM": 37.73, "UPLAND_SKM": 4432.7, "ENDORHEIC": 1, "DIS_AV_CMS": 14.549, "ORD_STRA": 4, "ORD_CLAS": 2, "ORD_FLOW": 5, "HYBAS_L12": 4121350390 }, "geometry": { "type": "MultiLineString", "coordinates": [ [ [ 72.91458333333307, 36.964583333332762 ], [ 72.910416666666407, 36.968749999999424 ], [ 72.860416666666509, 36.968749999999424 ] ] ] } },
{ "type": "Feature", "properties": { "HYRIV_ID": 40443635, "NEXT_DOWN": 40443773, "MAIN_RIV": 40190238, "LENGTH_KM": 2.59, "DIST_DN_KM": 2539.9, "DIST_UP_KM": 167.4, "CATCH_SKM": 14.58, "UPLAND_SKM": 4095.6, "ENDORHEIC": 1, "DIS_AV_CMS": 13.084, "ORD_STRA": 4, "ORD_CLAS": 2, "ORD_FLOW": 5, "HYBAS_L12": 4121350700 }, "geometry": { "type": "MultiLineString", "coordinates": [ [ [ 73.118749999999835, 36.96041666666607 ], [ 73.089583333333081, 36.96041666666607 ] ] ] } },
{ "type": "Feature", "properties": { "HYRIV_ID": 40443636, "NEXT_DOWN": 40443635, "MAIN_RIV": 40190238, "LENGTH_KM": 3.04, "DIST_DN_KM": 2542.5, "DIST_UP_KM": 164.8, "CATCH_SKM": 16.12, "UPLAND_SKM": 4061.1, "ENDORHEIC": 1, "DIS_AV_CMS": 12.927, "ORD_STRA": 4, "ORD_CLAS": 2, "ORD_FLOW": 5, "HYBAS_L12": 4121350700 }, "geometry": { "type": "MultiLineString", "coordinates": [ [ [ 73.147916666666532, 36.968749999999424 ], [ 73.13958333333315, 36.968749999999424 ], [ 73.135416666666487, 36.964583333332762 ], [ 73.127083333333161, 36.964583333332762 ], [ 73.122916666666498, 36.96041666666607 ], [ 73.118749999999835, 36.96041666666607 ] ] ] } },
{ "type": "Feature", "properties": { "HYRIV_ID": 40443637, "NEXT_DOWN": 40442770, "MAIN_RIV": 40190238, "LENGTH_KM": 4.04, "DIST_DN_KM": 2578.6, "DIST_UP_KM": 128.7, "CATCH_SKM": 10.63, "UPLAND_SKM": 3255.7, "ENDORHEIC": 1, "DIS_AV_CMS": 9.786, "ORD_STRA": 4, "ORD_CLAS": 2, "ORD_FLOW": 6, "HYBAS_L12": 4120550200 }, "geometry": { "type": "MultiLineString", "coordinates": [ [ [ 73.485416666666453, 36.96041666666607 ], [ 73.481249999999733, 36.96041666666607 ], [ 73.47708333333307, 36.964583333332762 ], [ 73.472916666666407, 36.964583333332762 ], [ 73.468749999999744, 36.968749999999424 ], [ 73.468749999999744, 36.972916666666087 ], [ 73.464583333333081, 36.977083333332736 ], [ 73.464583333333081, 36.981249999999442 ], [ 73.460416666666418, 36.985416666666104 ] ] ] } },
{ "type": "Feature", "properties": { "HYRIV_ID": 40443638, "NEXT_DOWN": 40443637, "MAIN_RIV": 40190238, "LENGTH_KM": 5.56, "DIST_DN_KM": 2582.7, "DIST_UP_KM": 124.6, "CATCH_SKM": 19.21, "UPLAND_SKM": 3226.2, "ENDORHEIC": 1, "DIS_AV_CMS": 9.659, "ORD_STRA": 4, "ORD_CLAS": 2, "ORD_FLOW": 6, "HYBAS_L12": 4120550200 }, "geometry": { "type": "MultiLineString", "coordinates": [ [ [ 73.535416666666521, 36.972916666666087 ], [ 73.531249999999801, 36.968749999999424 ], [ 73.510416666666487, 36.968749999999424 ], [ 73.502083333333104, 36.96041666666607 ], [ 73.497916666666441, 36.964583333332762 ], [ 73.489583333333115, 36.964583333332762 ], [ 73.485416666666453, 36.96041666666607 ] ] ] } },
{ "type": "Feature", "properties": { "HYRIV_ID": 40443773, "NEXT_DOWN": 40443925, "MAIN_RIV": 40190238, "LENGTH_KM": 5.04, "DIST_DN_KM": 2534.9, "DIST_UP_KM": 172.4, "CATCH_SKM": 37.91, "UPLAND_SKM": 4155.3, "ENDORHEIC": 1, "DIS_AV_CMS": 13.362, "ORD_STRA": 4, "ORD_CLAS": 2, "ORD_FLOW": 5, "HYBAS_L12": 4121350780 }, "geometry": { "type": "MultiLineString", "coordinates": [ [ [ 73.089583333333081, 36.96041666666607 ], [ 73.081249999999756, 36.96041666666607 ], [ 73.077083333333093, 36.956249999999407 ], [ 73.035416666666407, 36.956249999999407 ] ] ] } },
{ "type": "Feature", "properties": { "HYRIV_ID": 40443923, "NEXT_DOWN": 40443516, "MAIN_RIV": 40190238, "LENGTH_KM": 2.02, "DIST_DN_KM": 2522.6, "DIST_UP_KM": 184.6, "CATCH_SKM": 12.18, "UPLAND_SKM": 4355.2, "ENDORHEIC": 1, "DIS_AV_CMS": 14.228, "ORD_STRA": 4, "ORD_CLAS": 2, "ORD_FLOW": 5, "HYBAS_L12": 4121350440 }, "geometry": { "type": "MultiLineString", "coordinates": [ [ [ 72.927083333333059, 36.952083333332745 ], [ 72.922916666666396, 36.952083333332745 ], [ 72.91458333333307, 36.96041666666607 ], [ 72.91458333333307, 36.964583333332762 ] ] ] } },
{ "type": "Feature", "properties": { "HYRIV_ID": 40443924, "NEXT_DOWN": 40444054, "MAIN_RIV": 40190238, "LENGTH_KM": 6.29, "DIST_DN_KM": 2528.0, "DIST_UP_KM": 179.3, "CATCH_SKM": 33.97, "UPLAND_SKM": 4273.7, "ENDORHEIC": 1, "DIS_AV_CMS": 13.876, "ORD_STRA": 4, "ORD_CLAS": 2, "ORD_FLOW": 5, "HYBAS_L12": 4121350780 }, "geometry": { "type": "MultiLineString", "coordinates": [ [ [ 73.031249999999744, 36.952083333332745 ], [ 72.960416666666418, 36.952083333332745 ] ] ] } },
{ "type": "Feature", "properties": { "HYRIV_ID": 40443925, "NEXT_DOWN": 40443924, "MAIN_RIV": 40190238, "LENGTH_KM": 0.59, "DIST_DN_KM": 2534.5, "DIST_UP_KM": 172.8, "CATCH_SKM": 0.17, "UPLAND_SKM": 4194.4, "ENDORHEIC": 1, "DIS_AV_CMS": 13.519, "ORD_STRA": 4, "ORD_CLAS": 2, "ORD_FLOW": 5, "HYBAS_L12": 4121350780 }, "geometry": { "type": "MultiLineString", "coordinates": [ [ [ 73.035416666666407, 36.956249999999407 ], [ 73.031249999999744, 36.952083333332745 ] ] ] } },
{ "type": "Feature", "properties": { "HYRIV_ID": 40444054, "NEXT_DOWN": 40443923, "MAIN_RIV": 40190238, "LENGTH_KM": 3.41, "DIST_DN_KM": 2524.6, "DIST_UP_KM": 182.7, "CATCH_SKM": 13.89, "UPLAND_SKM": 4315.7, "ENDORHEIC": 1, "DIS_AV_CMS": 14.056, "ORD_STRA": 4, "ORD_CLAS": 2, "ORD_FLOW": 5, "HYBAS_L12": 4121350440 }, "geometry": { "type": "MultiLineString", "coordinates": [ [ [ 72.960416666666418, 36.952083333332745 ], [ 72.956249999999756, 36.952083333332745 ], [ 72.952083333333093, 36.947916666666096 ], [ 72.935416666666384, 36.947916666666096 ], [ 72.931249999999778, 36.952083333332745 ], [ 72.927083333333059, 36.952083333332745 ] ] ] } },
{ "type": "Feature", "properties": { "HYRIV_ID": 40437933, "NEXT_DOWN": 40438946, "MAIN_RIV": 40190238, "LENGTH_KM": 2.66, "DIST_DN_KM": 2641.6, "DIST_UP_KM": 65.6, "CATCH_SKM": 11.81, "UPLAND_SKM": 1110.6, "ENDORHEIC": 1, "DIS_AV_CMS": 3.119, "ORD_STRA": 4, "ORD_CLAS": 2, "ORD_FLOW": 6, "HYBAS_L12": 4120546050 }, "geometry": { "type": "MultiLineString", "coordinates": [ [ [ 74.014583333333093, 37.135416666666096 ], [ 73.997916666666384, 37.135416666666096 ], [ 73.989583333333059, 37.127083333332742 ] ] ] } },
{ "type": "Feature", "properties": { "HYRIV_ID": 40438946, "NEXT_DOWN": 40439522, "MAIN_RIV": 40190238, "LENGTH_KM": 4.89, "DIST_DN_KM": 2636.8, "DIST_UP_KM": 70.5, "CATCH_SKM": 18.83, "UPLAND_SKM": 1221.9, "ENDORHEIC": 1, "DIS_AV_CMS": 3.381, "ORD_STRA": 4, "ORD_CLAS": 2, "ORD_FLOW": 6, "HYBAS_L12": 4120546050 }, "geometry": { "type": "MultiLineString", "coordinates": [ [ [ 73.989583333333059, 37.127083333332742 ], [ 73.981249999999733, 37.118749999999416 ], [ 73.97708333333307, 37.118749999999416 ], [ 73.964583333333081, 37.106249999999399 ], [ 73.960416666666362, 37.106249999999399 ], [ 73.952083333333036, 37.097916666666087 ] ] ] } },
{ "type": "Feature", "properties": { "HYRIV_ID": 40439522, "NEXT_DOWN": 40439924, "MAIN_RIV": 40190238, "LENGTH_KM": 3.8, "DIST_DN_KM": 2633.0, "DIST_UP_KM": 74.3, "CATCH_SKM": 15.75, "UPLAND_SKM": 1383.6, "ENDORHEIC": 1, "DIS_AV_CMS": 3.827, "ORD_STRA": 4, "ORD_CLAS": 2, "ORD_FLOW": 6, "HYBAS_L12": 4120548980 }, "geometry": { "type": "MultiLineString", "coordinates": [ [ [ 73.952083333333036, 37.097916666666087 ], [ 73.947916666666487, 37.097916666666087 ], [ 73.94374999999971, 37.093749999999424 ], [ 73.939583333333047, 37.097916666666087 ], [ 73.931249999999835, 37.089583333332733 ], [ 73.931249999999835, 37.08541666666607 ], [ 73.927083333333172, 37.081249999999407 ] ] ] } },
{ "type": "Feature", "properties": { "HYRIV_ID": 40439924, "NEXT_DOWN": 40440971, "MAIN_RIV": 40190238, "LENGTH_KM": 1.78, "DIST_DN_KM": 2631.2, "DIST_UP_KM": 76.1, "CATCH_SKM": 3.77, "UPLAND_SKM": 1413.4, "ENDORHEIC": 1, "DIS_AV_CMS": 3.898, "ORD_STRA": 4, "ORD_CLAS": 2, "ORD_FLOW": 6, "HYBAS_L12": 4120548980 }, "geometry": { "type": "MultiLineString", "coordinates": [ [ [ 73.927083333333172, 37.081249999999407 ], [ 73.914583333333127, 37.06874999999939 ] ] ] } },
{ "type": "Feature", "properties": { "HYRIV_ID": 40440971, "NEXT_DOWN": 40441544, "MAIN_RIV": 40190238, "LENGTH_KM": 3.5, "DIST_DN_KM": 2627.7, "DIST_UP_KM": 79.6, "CATCH_SKM": 13.36, "UPLAND_SKM": 1455.9, "ENDORHEIC": 1, "DIS_AV_CMS": 3.985, "ORD_STRA": 4, "ORD_CLAS": 2, "ORD_FLOW": 6, "HYBAS_L12": 4120548980 }, "geometry": { "type": "MultiLineString", "coordinates": [ [ [ 73.914583333333127, 37.06874999999939 ], [ 73.914583333333127, 37.060416666666079 ], [ 73.910416666666464, 37.056249999999416 ], [ 73.910416666666464, 37.043749999999442 ], [ 73.906249999999801, 37.039583333332736 ] ] ] } },
{ "type": "Feature", "properties": { "HYRIV_ID": 40441539, "NEXT_DOWN": 40441823, "MAIN_RIV": 40190238, "LENGTH_KM": 2.29, "DIST_DN_KM": 2615.9, "DIST_UP_KM": 91.4, "CATCH_SKM": 4.46, "UPLAND_SKM": 2076.5, "ENDORHEIC": 1, "DIS_AV_CMS": 5.735, "ORD_STRA": 4, "ORD_CLAS": 2, "ORD_FLOW": 6, "HYBAS_L12": 4121349930 }, "geometry": { "type": "MultiLineString", "coordinates": [ [ [ 73.81874999999971, 37.02291666666607 ], [ 73.814583333333047, 37.02291666666607 ], [ 73.810416666666384, 37.027083333332762 ], [ 73.806249999999835, 37.027083333332762 ], [ 73.802083333333172, 37.02291666666607 ], [ 73.797916666666509, 37.02291666666607 ] ] ] } },
{ "type": "Feature", "properties": { "HYRIV_ID": 40441541, "NEXT_DOWN": 40441539, "MAIN_RIV": 40190238, "LENGTH_KM": 1.11, "DIST_DN_KM": 2618.2, "DIST_UP_KM": 89.1, "CATCH_SKM": 1.71, "UPLAND_SKM": 1889.2, "ENDORHEIC": 1, "DIS_AV_CMS": 5.258, "ORD_STRA": 4, "ORD_CLAS": 2, "ORD_FLOW": 6, "HYBAS_L12": 4120549220 }, "geometry": { "type": "MultiLineString", "coordinates": [ [ [ 73.831249999999756, 37.02291666666607 ], [ 73.81874999999971, 37.02291666666607 ] ] ] } },
{ "type": "Feature", "properties": { "HYRIV_ID": 40441542, "NEXT_DOWN": 40441541, "MAIN_RIV": 40190238, "LENGTH_KM": 2.22, "DIST_DN_KM": 2619.3, "DIST_UP_KM": 88.0, "CATCH_SKM": 9.09, "UPLAND_SKM": 1876.1, "ENDORHEIC": 1, "DIS_AV_CMS": 5.238, "ORD_STRA": 4, "ORD_CLAS": 2, "ORD_FLOW": 6, "HYBAS_L12": 4120549220 }, "geometry": { "type": "MultiLineString", "coordinates": [ [ [ 73.856249999999733, 37.02291666666607 ], [ 73.831249999999756, 37.02291666666607 ] ] ] } },
{ "type": "Feature", "properties": { "HYRIV_ID": 40441543, "NEXT_DOWN": 40441542, "MAIN_RIV": 40190238, "LENGTH_KM": 3.77, "DIST_DN_KM": 2621.5, "DIST_UP_KM": 85.8, "CATCH_SKM": 10.8, "UPLAND_SKM": 1811.0, "ENDORHEIC": 1, "DIS_AV_CMS": 5.058, "ORD_STRA": 4, "ORD_CLAS": 2, "ORD_FLOW": 6, "HYBAS_L12": 4120549220 }, "geometry": { "type": "MultiLineString", "coordinates": [ [ [ 73.893749999999756, 37.02291666666607 ], [ 73.88541666666643, 37.02291666666607 ], [ 73.881249999999767, 37.027083333332762 ], [ 73.868749999999721, 37.027083333332762 ], [ 73.864583333333059, 37.02291666666607 ], [ 73.856249999999733, 37.02291666666607 ] ] ] } },
{ "type": "Feature", "properties": { "HYRIV_ID": 40441544, "NEXT_DOWN": 40441543, "MAIN_RIV": 40190238, "LENGTH_KM": 2.24, "DIST_DN_KM": 2625.4, "DIST_UP_KM": 81.8, "CATCH_SKM": 3.43, "UPLAND_SKM": 1471.0, "ENDORHEIC": 1, "DIS_AV_CMS": 4.007, "ORD_STRA": 4, "ORD_CLAS": 2, "ORD_FLOW": 6, "HYBAS_L12": 4120548980 }, "geometry": { "type": "MultiLineString", "coordinates": [ [ [ 73.906249999999801, 37.039583333332736 ], [ 73.897916666666418, 37.031249999999424 ], [ 73.897916666666418, 37.027083333332762 ], [ 73.893749999999756, 37.02291666666607 ] ] ] } },
{ "type": "Feature", "properties": { "HYRIV_ID": 40441821, "NEXT_DOWN": 40442222, "MAIN_RIV": 40190238, "LENGTH_KM": 0.37, "DIST_DN_KM": 2610.2, "DIST_UP_KM": 97.1, "CATCH_SKM": 0.34, "UPLAND_SKM": 2212.2, "ENDORHEIC": 1, "DIS_AV_CMS": 6.045, "ORD_STRA": 4, "ORD_CLAS": 2, "ORD_FLOW": 6, "HYBAS_L12": 4121349930 }, "geometry": { "type": "MultiLineString", "coordinates": [ [ [ 73.747916666666441, 37.014583333332745 ], [ 73.743749999999721, 37.014583333332745 ] ] ] } },
{ "type": "Feature", "properties": { "HYRIV_ID": 40441823, "NEXT_DOWN": 40441821, "MAIN_RIV": 40190238, "LENGTH_KM": 5.33, "DIST_DN_KM": 2610.6, "DIST_UP_KM": 96.7, "CATCH_SKM": 29.64, "UPLAND_SKM": 2126.4, "ENDORHEIC": 1, "DIS_AV_CMS": 5.793, "ORD_STRA": 4, "ORD_CLAS": 2, "ORD_FLOW": 6, "HYBAS_L12": 4121349930 }, "geometry": { "type": "MultiLineString", "coordinates": [ [ [ 73.797916666666509, 37.02291666666607 ], [ 73.79374999999979, 37.027083333332762 ], [ 73.785416666666464, 37.027083333332762 ], [ 73.781249999999801, 37.02291666666607 ], [ 73.777083333333138, 37.02291666666607 ], [ 73.772916666666475, 37.018749999999407 ], [ 73.756249999999767, 37.018749999999407 ], [ 73.752083333333104, 37.014583333332745 ], [ 73.747916666666441, 37.014583333332745 ] ] ] } },
{ "type": "Feature", "properties": { "HYRIV_ID": 40442221, "NEXT_DOWN": 40442363, "MAIN_RIV": 40190238, "LENGTH_KM": 0.37, "DIST_DN_KM": 2603.7, "DIST_UP_KM": 103.6, "CATCH_SKM": 1.2, "UPLAND_SKM": 2366.2, "ENDORHEIC": 1, "DIS_AV_CMS": 6.454, "ORD_STRA": 4, "ORD_CLAS": 2, "ORD_FLOW": 6, "HYBAS_L12": 4121350060 }, "geometry": { "type": "MultiLineString", "coordinates": [ [ [ 73.681249999999835, 37.002083333332727 ], [ 73.677083333333059, 37.002083333332727 ] ] ] } },
{ "type": "Feature", "properties": { "HYRIV_ID": 40442222, "NEXT_DOWN": 40442221, "MAIN_RIV": 40190238, "LENGTH_KM": 6.22, "DIST_DN_KM": 2604.0, "DIST_UP_KM": 103.2, "CATCH_SKM": 25.71, "UPLAND_SKM": 2329.5, "ENDORHEIC": 1, "DIS_AV_CMS": 6.326, "ORD_STRA": 4, "ORD_CLAS": 2, "ORD_FLOW": 6, "HYBAS_L12": 4121350060 }, "geometry": { "type": "MultiLineString", "coordinates": [ [ [ 73.743749999999721, 37.014583333332745 ], [ 73.731249999999733, 37.014583333332745 ], [ 73.72708333333307, 37.010416666666096 ], [ 73.714583333333081, 37.010416666666096 ], [ 73.710416666666362, 37.006249999999433 ], [ 73.69374999999971, 37.006249999999433 ], [ 73.689583333333047, 37.002083333332727 ], [ 73.681249999999835, 37.002083333332727 ] ] ] } },
{ "type": "Feature", "properties": { "HYRIV_ID": 40442363, "NEXT_DOWN": 40442219, "MAIN_RIV": 40190238, "LENGTH_KM": 5.63, "DIST_DN_KM": 2598.1, "DIST_UP_KM": 109.2, "CATCH_SKM": 23.66, "UPLAND_SKM": 2406.7, "ENDORHEIC": 1, "DIS_AV_CMS": 6.572, "ORD_STRA": 4, "ORD_CLAS": 2, "ORD_FLOW": 6, "HYBAS_L12": 4120550020 }, "geometry": { "type": "MultiLineString", "coordinates": [ [ [ 73.677083333333059, 37.002083333332727 ], [ 73.643749999999812, 37.002083333332727 ], [ 73.639583333333093, 36.997916666666079 ], [ 73.627083333333104, 36.997916666666079 ], [ 73.622916666666441, 37.002083333332727 ], [ 73.618749999999778, 37.002083333332727 ] ] ] } }
]
}
