{
"type": "FeatureCollection",
"name": "snowzo",
"crs": { "type": "name", "properties": { "name": "urn:ogc:def:crs:OGC:1.3:CRS84" } },
"features": [
{ "type": "Feature", "properties": { "HYBAS_ID": 4080648320, "NEXT_DOWN": 4080651970, "NEXT_SINK": 4080033640, "MAIN_BAS": 4080033640, "DIST_SINK": 1718.8, "DIST_MAIN": 1718.8, "SUB_AREA": 1953.6, "UP_AREA": 201574.9, "PFAF_ID": 45670100, "ENDO": 0, "COAST": 0, "ORDER": 1, "SORT": 18942 }, "geometry": { "type": "MultiPolygon", "coordinates": [ [ [ [ 72.528599378797765, 35.943622843424514 ], [ 72.529733954535615, 35.948043823242223 ], [ 72.54954172770185, 35.968736606174076 ], [ 72.54526604546443, 35.974253336588575 ], [ 72.546840074327278, 35.978355746799082 ], [ 72.552210489908887, 35.979733954535625 ], [ 72.556122843424504, 35.982766045464444 ], [ 72.561838785807325, 35.984232923719652 ], [ 72.563067287868947, 35.99804382324222 ], [ 72.566099378797773, 36.001956176757844 ], [ 72.567634412977455, 36.007937452528246 ], [ 72.57278951009117, 36.011932712131113 ], [ 72.579166666666694, 36.0125 ], [ 72.579519992404542, 36.014924452039949 ], [ 72.582980007595509, 36.018408881293425 ], [ 72.583686659071205, 36.026713053385436 ], [ 72.579519992404542, 36.030908881293421 ], [ 72.578813340928846, 36.035757785373285 ], [ 72.573290167914521, 36.041308593750017 ], [ 72.568408881293436, 36.042019992404533 ], [ 72.564924452039961, 36.045480007595508 ], [ 72.551742214626756, 36.046186659071196 ], [ 72.548257785373295, 36.049646674262171 ], [ 72.543408881293431, 36.050353325737866 ], [ 72.525357564290388, 36.068379380967905 ], [ 72.524646674262186, 36.073257785373286 ], [ 72.521186659071205, 36.076742214626755 ], [ 72.520833333333357, 36.1 ], [ 72.524149068196635, 36.100850762261302 ], [ 72.525567287868952, 36.10637715657554 ], [ 72.532766045464442, 36.114456176757834 ], [ 72.534301079644123, 36.120437282986131 ], [ 72.539456176757838, 36.124432712131096 ], [ 72.54804382324221, 36.125567287868947 ], [ 72.556122843424504, 36.132766045464429 ], [ 72.558333333333366, 36.133333333333354 ], [ 72.557766045464433, 36.135543823242209 ], [ 72.554733954535621, 36.139456176757832 ], [ 72.55359937879777, 36.148043823242205 ], [ 72.550567287868944, 36.151956176757835 ], [ 72.549338785807322, 36.165767076280403 ], [ 72.543622843424501, 36.167233954535611 ], [ 72.537513224283884, 36.172329033745683 ], [ 72.541099378797767, 36.176956176757834 ], [ 72.542233954535618, 36.181377156575543 ], [ 72.54526604546443, 36.185289510091167 ], [ 72.546400621202281, 36.189710489908876 ], [ 72.549432712131107, 36.1936228434245 ], [ 72.550567287868944, 36.202210489908872 ], [ 72.558916219075542, 36.211580403645854 ], [ 72.565958150227885, 36.213387383355055 ], [ 72.567233954535624, 36.223043823242207 ], [ 72.570266045464436, 36.226956176757831 ], [ 72.571400621202287, 36.23137715657554 ], [ 72.574432712131099, 36.235289510091164 ], [ 72.575, 36.2375 ], [ 72.575353325737879, 36.239924452039951 ], [ 72.582980007595509, 36.247575547960089 ], [ 72.583333333333357, 36.254166666666691 ], [ 72.582766045464439, 36.256377156575539 ], [ 72.578770785861565, 36.261532253689253 ], [ 72.57278951009117, 36.263067287868942 ], [ 72.560543823242213, 36.274432712131095 ], [ 72.551956176757841, 36.275567287868945 ], [ 72.54804382324221, 36.278599378797765 ], [ 72.509249030219209, 36.279765150282138 ], [ 72.508333333333354, 36.283333333333353 ], [ 72.504166666666691, 36.283333333333353 ], [ 72.504166666666691, 36.27916666666669 ], [ 72.503599378797773, 36.276956176757835 ], [ 72.500567287868947, 36.273043823242212 ], [ 72.499338785807311, 36.259232923719637 ], [ 72.493622843424504, 36.257766045464429 ], [ 72.489710489908873, 36.25473395453561 ], [ 72.485289510091178, 36.253599378797766 ], [ 72.481377156575547, 36.250567287868947 ], [ 72.476956176757838, 36.249432712131096 ], [ 72.473043823242207, 36.246400621202277 ], [ 72.468622843424498, 36.245266045464433 ], [ 72.456377156575542, 36.233900621202281 ], [ 72.450395880805146, 36.232365587022592 ], [ 72.446400621202287, 36.227210489908877 ], [ 72.445131089952284, 36.217601860894121 ], [ 72.427210489908873, 36.200567287868942 ], [ 72.422789510091178, 36.199432712131099 ], [ 72.410543823242207, 36.188067287868947 ], [ 72.404862806532137, 36.186609225802968 ], [ 72.383900621202287, 36.164710489908877 ], [ 72.383333333333354, 36.158333333333353 ], [ 72.380017598470076, 36.15918409559464 ], [ 72.378599378797773, 36.164710489908877 ], [ 72.369860331217467, 36.174345228407141 ], [ 72.356122843424501, 36.175567287868944 ], [ 72.352210489908884, 36.178599378797763 ], [ 72.340920003255235, 36.179733954535614 ], [ 72.335543823242219, 36.175567287868944 ], [ 72.333333333333357, 36.175 ], [ 72.332715691460521, 36.17283969455297 ], [ 72.325617641872853, 36.164660305447072 ], [ 72.324197387695335, 36.154901801215296 ], [ 72.316666666666691, 36.15416666666669 ], [ 72.289242214626768, 36.154519992404531 ], [ 72.277424452039952, 36.166313340928838 ], [ 72.264242214626762, 36.167019992404533 ], [ 72.260416666666686, 36.170818752712691 ], [ 72.256591118706623, 36.167019992404533 ], [ 72.25, 36.166666666666686 ], [ 72.249646674262181, 36.169091118706618 ], [ 72.246186659071199, 36.172575547960086 ], [ 72.245480007595503, 36.177424452039951 ], [ 72.237853325737873, 36.185075547960089 ], [ 72.237146674262178, 36.194091118706616 ], [ 72.231620449490038, 36.199644978841164 ], [ 72.219120449490035, 36.200353325737865 ], [ 72.214924452039952, 36.196186659071202 ], [ 72.210784403483103, 36.195480007595506 ], [ 72.202424452039949, 36.203813340928839 ], [ 72.189242214626759, 36.204519992404535 ], [ 72.185757785373283, 36.207980007595509 ], [ 72.176742214626756, 36.208686659071198 ], [ 72.167024400499159, 36.218378363715296 ], [ 72.166666666666686, 36.220833333333353 ], [ 72.166666666666686, 36.225 ], [ 72.170833333333363, 36.225 ], [ 72.17429148356122, 36.225887383355058 ], [ 72.175708516438831, 36.236612616644983 ], [ 72.182672119140648, 36.238399590386308 ], [ 72.183994547526069, 36.253267076280402 ], [ 72.189710489908876, 36.25473395453561 ], [ 72.206122843424509, 36.270266045464432 ], [ 72.211649068196635, 36.271684095594637 ], [ 72.213350931803404, 36.278315904405403 ], [ 72.218877156575545, 36.279733954535608 ], [ 72.222789510091175, 36.282766045464427 ], [ 72.227210489908884, 36.283900621202278 ], [ 72.235289510091164, 36.291099378797767 ], [ 72.24387715657555, 36.292233954535611 ], [ 72.247789510091167, 36.29526604546443 ], [ 72.25, 36.295833333333356 ], [ 72.260757785373286, 36.295480007595508 ], [ 72.264242214626762, 36.292019992404533 ], [ 72.335757785373289, 36.291313340928838 ], [ 72.339242214626765, 36.287853325737871 ], [ 72.34583333333336, 36.2875 ], [ 72.36054382324221, 36.288067287868941 ], [ 72.364456176757841, 36.291099378797767 ], [ 72.36887715657555, 36.292233954535611 ], [ 72.372789510091167, 36.29526604546443 ], [ 72.377210489908876, 36.296400621202281 ], [ 72.381122843424507, 36.2994327121311 ], [ 72.393877156575542, 36.300567287868944 ], [ 72.397789510091172, 36.303599378797763 ], [ 72.403315734863313, 36.305017428927975 ], [ 72.405017598470081, 36.311649237738735 ], [ 72.410543823242207, 36.313067287868947 ], [ 72.422789510091178, 36.324432712131099 ], [ 72.443877156575553, 36.325567287868942 ], [ 72.44778951009117, 36.328599378797762 ], [ 72.460543823242219, 36.329733954535612 ], [ 72.465920003255235, 36.333900621202275 ], [ 72.468877156575545, 36.332766045464432 ], [ 72.472789510091175, 36.329733954535612 ], [ 72.475, 36.329166666666687 ], [ 72.475850931803407, 36.33248257107207 ], [ 72.481377156575547, 36.333900621202275 ], [ 72.490963745117213, 36.342595757378497 ], [ 72.492233954535621, 36.352210489908877 ], [ 72.495266045464433, 36.356122843424501 ], [ 72.495833333333366, 36.358333333333356 ], [ 72.498257785373283, 36.358686659071203 ], [ 72.514242214626762, 36.374646674262173 ], [ 72.519091118706626, 36.375353325737869 ], [ 72.522575547960102, 36.378813340928843 ], [ 72.527424452039952, 36.379519992404539 ], [ 72.530908881293428, 36.382980007595506 ], [ 72.53333333333336, 36.383333333333354 ], [ 72.533994547526063, 36.390767076280405 ], [ 72.540815734863301, 36.392517428927974 ], [ 72.542233954535618, 36.398043823242212 ], [ 72.550582885742216, 36.407413736979187 ], [ 72.55637715657555, 36.408900621202278 ], [ 72.561795722113743, 36.413419596354188 ], [ 72.563067287868947, 36.42304382324221 ], [ 72.570266045464436, 36.431122843424504 ], [ 72.570833333333354, 36.433333333333358 ], [ 72.575, 36.433333333333358 ], [ 72.577210489908879, 36.433900621202277 ], [ 72.581122843424509, 36.436932712131096 ], [ 72.585543823242219, 36.438067287868947 ], [ 72.594913567437089, 36.446416219075545 ], [ 72.596400621202278, 36.452210489908879 ], [ 72.603599378797767, 36.460289510091165 ], [ 72.604804314507405, 36.47826097276478 ], [ 72.61054382324221, 36.479733954535611 ], [ 72.624096510145421, 36.492312282986134 ], [ 72.625567287868947, 36.498043823242213 ], [ 72.629562547471821, 36.503198920355928 ], [ 72.635543823242216, 36.50473395453561 ], [ 72.643622843424509, 36.511932712131099 ], [ 72.648043823242219, 36.51306728786895 ], [ 72.651956176757835, 36.516099378797769 ], [ 72.656377156575545, 36.517233954535612 ], [ 72.660289510091175, 36.520266045464432 ], [ 72.664710489908884, 36.521400621202282 ], [ 72.668622843424501, 36.524432712131102 ], [ 72.67304382324221, 36.525567287868945 ], [ 72.676956176757841, 36.528599378797765 ], [ 72.68137715657555, 36.529733954535615 ], [ 72.686532253689265, 36.53372938368058 ], [ 72.6875, 36.5375 ], [ 72.685075547960096, 36.537853325737871 ], [ 72.675357733832499, 36.547545030381968 ], [ 72.674646674262178, 36.552424452039951 ], [ 72.669123501247853, 36.55797526041669 ], [ 72.664242214626768, 36.558686659071206 ], [ 72.654524400499156, 36.568378363715304 ], [ 72.653813340928849, 36.573257785373286 ], [ 72.650353325737868, 36.576742214626762 ], [ 72.65, 36.579166666666687 ], [ 72.65, 36.583333333333357 ], [ 72.650353325737868, 36.585757785373289 ], [ 72.655876498752193, 36.591308593750021 ], [ 72.660757785373292, 36.592019992404538 ], [ 72.67047932942711, 36.601715426974849 ], [ 72.670833333333363, 36.616666666666688 ], [ 72.677210489908887, 36.617233954535614 ], [ 72.681122843424504, 36.620266045464433 ], [ 72.686649068196644, 36.621684095594645 ], [ 72.688467746310792, 36.628770616319471 ], [ 72.693622843424507, 36.632766045464436 ], [ 72.695833333333354, 36.633333333333354 ], [ 72.696186659071202, 36.639924452039956 ], [ 72.703813340928846, 36.647575547960095 ], [ 72.704519992404542, 36.652424452039952 ], [ 72.707980007595509, 36.655908881293428 ], [ 72.708691406250026, 36.660790337456618 ], [ 72.714242214626765, 36.666313340928845 ], [ 72.719091118706629, 36.667019992404541 ], [ 72.726742214626768, 36.674646674262178 ], [ 72.733333333333363, 36.675 ], [ 72.7375, 36.675 ], [ 72.738142734103761, 36.677134874131966 ], [ 72.749357265896293, 36.689531792534744 ], [ 72.75126156277129, 36.695856730143255 ], [ 72.756198289659324, 36.699357096354191 ], [ 72.760468377007413, 36.700642903645857 ], [ 72.764531622992649, 36.703523763020854 ], [ 72.768801710340739, 36.704809570312527 ], [ 72.772864956325989, 36.707690429687524 ], [ 72.779190233018696, 36.709595065646724 ], [ 72.782690599229625, 36.71453179253475 ], [ 72.784297519260008, 36.719868977864607 ], [ 72.789635043674068, 36.721476236979193 ], [ 72.802031622992644, 36.732690429687523 ], [ 72.806301710340733, 36.733976236979188 ], [ 72.814531622992646, 36.741023763020856 ], [ 72.836733839246989, 36.742387220594644 ], [ 72.841062249077723, 36.747913953993077 ], [ 72.838142734103755, 36.752031792534744 ], [ 72.836857265896299, 36.7854682074653 ], [ 72.833083089192741, 36.790791151258702 ], [ 72.8479682074653, 36.792309570312526 ], [ 72.852031792534746, 36.795190429687523 ], [ 72.85630154079864, 36.796476236979188 ], [ 72.860365125868086, 36.799357096354193 ], [ 72.86463487413198, 36.800642903645858 ], [ 72.872865125868088, 36.807690429687526 ], [ 72.877134874131968, 36.808976236979191 ], [ 72.881198459201414, 36.811857096354188 ], [ 72.883333333333368, 36.8125 ], [ 72.883333333333368, 36.833333333333357 ], [ 72.886649237738737, 36.834184095594644 ], [ 72.8875, 36.8375 ], [ 72.876956176757844, 36.838067287868952 ], [ 72.873043823242213, 36.841099378797772 ], [ 72.860289510091178, 36.842233954535615 ], [ 72.856377156575547, 36.845266045464435 ], [ 72.849253336588575, 36.846400621202285 ], [ 72.843877156575545, 36.842233954535615 ], [ 72.836753336588572, 36.841099378797772 ], [ 72.83125, 36.845364718967041 ], [ 72.827210489908879, 36.842233954535615 ], [ 72.815729437934053, 36.841099378797772 ], [ 72.80637715657555, 36.849432712131104 ], [ 72.799253336588563, 36.850567287868948 ], [ 72.793877156575547, 36.846400621202285 ], [ 72.772048272026936, 36.845266045464435 ], [ 72.769945949978322, 36.853458319769992 ], [ 72.76028951009117, 36.854733954535618 ], [ 72.756377156575553, 36.857766045464437 ], [ 72.75, 36.858333333333363 ], [ 72.746494547526069, 36.859232923719645 ], [ 72.745266045464433, 36.873043823242213 ], [ 72.742233954535621, 36.876956176757837 ], [ 72.741666666666688, 36.90416666666669 ], [ 72.73835093180341, 36.905017428927977 ], [ 72.736932712131107, 36.910543823242215 ], [ 72.729733954535618, 36.918622843424508 ], [ 72.728458150227894, 36.92827928331166 ], [ 72.722789510091175, 36.929733954535614 ], [ 72.718877156575545, 36.932766045464433 ], [ 72.710289510091172, 36.933900621202284 ], [ 72.704870944552979, 36.938419596354194 ], [ 72.703458150227888, 36.949112616644989 ], [ 72.69778951009117, 36.95056728786895 ], [ 72.680062188042569, 36.967343817816868 ], [ 72.67859937879777, 36.973043823242215 ], [ 72.675567287868944, 36.976956176757838 ], [ 72.674432712131107, 36.981377156575547 ], [ 72.667233954535618, 36.989456176757841 ], [ 72.666099378797767, 36.99387715657555 ], [ 72.663067287868955, 36.997789510091174 ], [ 72.6625, 37.0 ], [ 72.6625, 37.020833333333357 ], [ 72.6625, 37.025 ], [ 72.6666666666667, 37.025 ], [ 72.669091118706618, 37.025353325737875 ], [ 72.681616889105925, 37.037853325737871 ], [ 72.694091118706623, 37.037146674262182 ], [ 72.6979166666667, 37.033347913954017 ], [ 72.701742214626762, 37.037146674262182 ], [ 72.723257785373292, 37.037853325737871 ], [ 72.726742214626768, 37.041313340928845 ], [ 72.745833333333366, 37.041666666666693 ], [ 72.754166666666691, 37.041666666666693 ], [ 72.754733954535624, 37.043877156575547 ], [ 72.758729214138484, 37.049032253689262 ], [ 72.76581573486331, 37.050850762261312 ], [ 72.767566257052977, 37.057672119140655 ], [ 72.781377156575545, 37.058900621202284 ], [ 72.785289510091175, 37.061932712131103 ], [ 72.789710489908884, 37.063067287868954 ], [ 72.793622843424501, 37.066099378797773 ], [ 72.79804382324221, 37.067233954535617 ], [ 72.807413567437095, 37.075582885742215 ], [ 72.808333333333366, 37.079166666666694 ], [ 72.818877156575553, 37.079733954535619 ], [ 72.82278951009117, 37.082766045464439 ], [ 72.827210489908879, 37.083900621202282 ], [ 72.831122843424509, 37.086932712131102 ], [ 72.840779283311662, 37.088208346896728 ], [ 72.842233954535615, 37.093877156575552 ], [ 72.845266045464442, 37.097789510091175 ], [ 72.846801079644123, 37.103770616319473 ], [ 72.851956176757838, 37.107766045464437 ], [ 72.858333333333363, 37.108333333333363 ], [ 72.865864054362007, 37.10759819878475 ], [ 72.86728413899742, 37.097839694552981 ], [ 72.870215861002634, 37.093826972113746 ], [ 72.871450805664097, 37.089506361219648 ], [ 72.874382527669297, 37.085493638780406 ], [ 72.875617472330759, 37.077006361219645 ], [ 72.87854919433596, 37.07299363878041 ], [ 72.880093044704893, 37.067593044704886 ], [ 72.887087673611134, 37.065593126085098 ], [ 72.907715861002629, 37.043826972113742 ], [ 72.908950805664091, 37.039506361219644 ], [ 72.916049194335969, 37.031326972113746 ], [ 72.9166666666667, 37.029166666666697 ], [ 72.939924452039961, 37.029519992404538 ], [ 72.944120279947953, 37.033686659071208 ], [ 72.960757785373289, 37.032980007595512 ], [ 72.964242214626765, 37.029519992404538 ], [ 72.969091118706629, 37.028813340928849 ], [ 72.973286946614607, 37.024646674262179 ], [ 72.981591118706632, 37.025353325737875 ], [ 72.98578694661461, 37.029519992404538 ], [ 73.006591118706623, 37.028813340928849 ], [ 73.010075547960099, 37.025353325737875 ], [ 73.016666666666694, 37.025 ], [ 73.017233954535627, 37.027210489908882 ], [ 73.020266045464439, 37.031122843424505 ], [ 73.021541680230058, 37.040779283311657 ], [ 73.025, 37.041666666666693 ], [ 73.03333333333336, 37.041666666666693 ], [ 73.05741611056861, 37.041073947482666 ], [ 73.058333333333366, 37.0375 ], [ 73.073043823242216, 37.038067287868948 ], [ 73.083292982313395, 37.047363620334231 ], [ 73.079733954535627, 37.051956176757841 ], [ 73.078599378797776, 37.06128506130645 ], [ 73.085543823242219, 37.063067287868954 ], [ 73.089456176757849, 37.066099378797773 ], [ 73.098043823242222, 37.067233954535617 ], [ 73.101956176757838, 37.070266045464436 ], [ 73.106377156575547, 37.071400621202287 ], [ 73.111532253689262, 37.075396050347251 ], [ 73.1125, 37.079166666666694 ], [ 73.119091118706635, 37.078813340928846 ], [ 73.123286946614613, 37.074646674262183 ], [ 73.135757785373301, 37.075353325737872 ], [ 73.139953613281278, 37.079519992404542 ], [ 73.144091118706626, 37.078813340928846 ], [ 73.148286946614618, 37.074646674262183 ], [ 73.160757785373292, 37.075353325737872 ], [ 73.164242214626768, 37.078813340928846 ], [ 73.191666666666691, 37.079166666666694 ], [ 73.192233954535624, 37.093877156575552 ], [ 73.195266045464436, 37.097789510091175 ], [ 73.196400621202287, 37.107118394639784 ], [ 73.191666666666691, 37.108333333333363 ], [ 73.191099378797773, 37.110543823242217 ], [ 73.187968614366355, 37.114583333333364 ], [ 73.191099378797773, 37.118622843424504 ], [ 73.192233954535624, 37.123043823242213 ], [ 73.20481228298614, 37.136596340603326 ], [ 73.211838785807316, 37.138399590386314 ], [ 73.2125, 37.145833333333364 ], [ 73.239924452039958, 37.146186659071205 ], [ 73.243408881293433, 37.149646674262179 ], [ 73.252424452039961, 37.150353325737875 ], [ 73.255908881293436, 37.153813340928849 ], [ 73.258333333333368, 37.154166666666697 ], [ 73.258333333333368, 37.15 ], [ 73.258900621202287, 37.147789510091172 ], [ 73.262031385633719, 37.14375 ], [ 73.258793131510444, 37.139571804470513 ], [ 73.270266045464439, 37.127210489908883 ], [ 73.271746826171906, 37.121440972222253 ], [ 73.2875, 37.120833333333358 ], [ 73.306591118706635, 37.120480007595511 ], [ 73.310075547960096, 37.117019992404543 ], [ 73.323257785373301, 37.116313340928848 ], [ 73.326742214626762, 37.112853325737873 ], [ 73.333333333333371, 37.1125 ], [ 73.335757785373303, 37.112853325737873 ], [ 73.343408881293442, 37.120480007595511 ], [ 73.34583333333336, 37.120833333333358 ], [ 73.346400621202292, 37.123043823242213 ], [ 73.350396050347257, 37.128198920355928 ], [ 73.356377156575547, 37.129733954535617 ], [ 73.360289510091178, 37.132766045464436 ], [ 73.364710489908887, 37.133900621202287 ], [ 73.372789510091181, 37.141099378797769 ], [ 73.385543823242216, 37.142233954535619 ], [ 73.389456176757847, 37.145266045464439 ], [ 73.395172119140653, 37.146732923719647 ], [ 73.395833333333371, 37.154166666666697 ], [ 73.39240553114152, 37.155046251085096 ], [ 73.391099378797776, 37.163246663411485 ], [ 73.395266045464439, 37.168622843424508 ], [ 73.396400621202289, 37.179913330078151 ], [ 73.392233954535627, 37.185289510091174 ], [ 73.390815904405414, 37.190815734863307 ], [ 73.384184095594648, 37.192517598470083 ], [ 73.383333333333368, 37.195833333333361 ], [ 73.395833333333371, 37.195833333333361 ], [ 73.398257785373303, 37.196186659071209 ], [ 73.401742214626765, 37.199646674262183 ], [ 73.414924452039969, 37.200353325737879 ], [ 73.41875, 37.204152086046037 ], [ 73.422575547960108, 37.200353325737879 ], [ 73.426713053385456, 37.199646674262183 ], [ 73.430908881293433, 37.203813340928846 ], [ 73.439213053385444, 37.204519992404542 ], [ 73.443408881293436, 37.200353325737879 ], [ 73.448257785373301, 37.199646674262183 ], [ 73.451742214626776, 37.196186659071209 ], [ 73.45588107638892, 37.195480007595513 ], [ 73.462141927083366, 37.201709832085534 ], [ 73.4625, 37.204166666666694 ], [ 73.466270616319477, 37.205134412977458 ], [ 73.470266045464442, 37.210289510091172 ], [ 73.471970621744831, 37.21693132188588 ], [ 73.476956176757852, 37.213067287868952 ], [ 73.4791666666667, 37.2125 ], [ 73.478813340928852, 37.227424452039962 ], [ 73.474646674262189, 37.231620449490045 ], [ 73.475353325737885, 37.235757785373295 ], [ 73.482980007595515, 37.243408881293433 ], [ 73.483691406250031, 37.248290167914526 ], [ 73.489242214626771, 37.253813340928851 ], [ 73.491666666666703, 37.254166666666698 ], [ 73.498043823242227, 37.254733954535617 ], [ 73.506122843424507, 37.261932712131106 ], [ 73.518877156575556, 37.26306728786895 ], [ 73.522789510091187, 37.266099378797769 ], [ 73.539710489908884, 37.267233954535619 ], [ 73.543761528862888, 37.270373535156281 ], [ 73.556238471137192, 37.258793131510444 ], [ 73.560289510091181, 37.261932712131106 ], [ 73.56471048990889, 37.26306728786895 ], [ 73.568622843424521, 37.266099378797769 ], [ 73.577210489908893, 37.267233954535619 ], [ 73.581122843424509, 37.270266045464439 ], [ 73.586838785807331, 37.271732923719647 ], [ 73.5875, 37.279166666666697 ], [ 73.594091118706629, 37.278813340928849 ], [ 73.597575547960105, 37.275353325737875 ], [ 73.606591118706632, 37.274646674262179 ], [ 73.610075547960108, 37.271186659071212 ], [ 73.614924452039972, 37.270480007595516 ], [ 73.618408881293433, 37.267019992404542 ], [ 73.620833333333366, 37.266666666666694 ], [ 73.621186659071213, 37.264242214626762 ], [ 73.624646674262181, 37.260757785373293 ], [ 73.625, 37.25 ], [ 73.625887383355064, 37.246541849772164 ], [ 73.635543823242216, 37.24526604546444 ], [ 73.639456176757847, 37.242233954535621 ], [ 73.649112616644999, 37.240958150227897 ], [ 73.65, 37.2375 ], [ 73.656591118706629, 37.237853325737873 ], [ 73.660075547960105, 37.241313340928848 ], [ 73.6625, 37.241666666666696 ], [ 73.662858072916706, 37.244123501247856 ], [ 73.668408881293445, 37.249646674262181 ], [ 73.681591118706635, 37.250353325737876 ], [ 73.685786946614613, 37.254519992404539 ], [ 73.689924452039961, 37.253813340928851 ], [ 73.693408881293436, 37.250353325737876 ], [ 73.706591118706626, 37.249646674262181 ], [ 73.710075547960102, 37.246186659071206 ], [ 73.714924452039966, 37.245480007595518 ], [ 73.71875, 37.241681247287353 ], [ 73.723286946614621, 37.246186659071206 ], [ 73.727458021375909, 37.245474412706194 ], [ 73.732980007595529, 37.239924452039958 ], [ 73.733691406250031, 37.235043165418865 ], [ 73.739242214626771, 37.229519992404541 ], [ 73.741666666666703, 37.229166666666693 ], [ 73.75221048990889, 37.228599378797774 ], [ 73.757586669921906, 37.224432712131104 ], [ 73.761688910590308, 37.226006740993952 ], [ 73.763387383355067, 37.232624816894557 ], [ 73.773043823242219, 37.233900621202288 ], [ 73.778420003255249, 37.238067287868951 ], [ 73.789710489908884, 37.236932712131107 ], [ 73.802071804470529, 37.225459798177113 ], [ 73.806122843424518, 37.228599378797774 ], [ 73.810543823242227, 37.229733954535618 ], [ 73.814583333333374, 37.232864549424939 ], [ 73.820086669921906, 37.228599378797774 ], [ 73.839710489908896, 37.229733954535618 ], [ 73.843622843424512, 37.232766045464437 ], [ 73.845833333333374, 37.233333333333363 ], [ 73.846400621202278, 37.248043823242213 ], [ 73.84943271213109, 37.251956176757844 ], [ 73.850850931803407, 37.257482401529977 ], [ 73.854166666666686, 37.258333333333361 ], [ 73.86054382324221, 37.258900621202287 ], [ 73.864456176757827, 37.261932712131106 ], [ 73.873043823242213, 37.26306728786895 ], [ 73.87695617675783, 37.266099378797769 ], [ 73.886612616644982, 37.2673751831055 ], [ 73.88806728786895, 37.273043823242219 ], [ 73.891099378797762, 37.276956176757842 ], [ 73.891666666666694, 37.279166666666697 ], [ 73.902424452039952, 37.279519992404545 ], [ 73.906620449490035, 37.283686659071208 ], [ 73.931591118706621, 37.282980007595512 ], [ 73.935075547960096, 37.279519992404545 ], [ 73.944091118706623, 37.278813340928849 ], [ 73.947575547960085, 37.275353325737875 ], [ 73.958333333333357, 37.275 ], [ 73.958900621202275, 37.289710489908884 ], [ 73.961932712131102, 37.293622843424508 ], [ 73.963714938693599, 37.300567287868951 ], [ 73.97721048990887, 37.299432712131107 ], [ 73.981122843424501, 37.296400621202288 ], [ 73.989710489908873, 37.295266045464437 ], [ 73.993622843424504, 37.292233954535618 ], [ 74.008333333333354, 37.291666666666693 ], [ 74.019924079047328, 37.292290242513047 ], [ 74.021400621202275, 37.298043823242217 ], [ 74.024432712131102, 37.301956176757841 ], [ 74.025, 37.308333333333366 ], [ 74.035506015353761, 37.307728237575986 ], [ 74.04375, 37.300526936848989 ], [ 74.051993984646288, 37.307728237575986 ], [ 74.058149888780406, 37.309442477756107 ], [ 74.061894904242649, 37.314493984646298 ], [ 74.063276841905406, 37.324215189615913 ], [ 74.071591356065568, 37.325443861219647 ], [ 74.078625996907576, 37.320228237575982 ], [ 74.110506015353749, 37.32143842909074 ], [ 74.114493984646288, 37.324394904242652 ], [ 74.127172682020415, 37.32560509575741 ], [ 74.131160651312953, 37.328561570909315 ], [ 74.140716213650194, 37.329920111762185 ], [ 74.142574225531703, 37.336592441135011 ], [ 74.145833333333357, 37.3375 ], [ 74.15, 37.3375 ], [ 74.153315734863298, 37.336649068196643 ], [ 74.154733954535615, 37.331122843424509 ], [ 74.157766045464427, 37.327210489908886 ], [ 74.15833333333336, 37.320833333333361 ], [ 74.156198289659315, 37.320190599229633 ], [ 74.150741068522166, 37.315916612413226 ], [ 74.149260796440998, 37.296607971191435 ], [ 74.135364956325972, 37.295190599229628 ], [ 74.131301710340736, 37.292309400770428 ], [ 74.122864956325984, 37.291023932562965 ], [ 74.116713121202281, 37.286206054687526 ], [ 74.120809766981353, 37.280428229437966 ], [ 74.125, 37.279166666666697 ], [ 74.125567287868947, 37.272789510091172 ], [ 74.12973395453561, 37.267413330078156 ], [ 74.128599378797759, 37.260289510091177 ], [ 74.125567287868947, 37.256377156575553 ], [ 74.124432712131096, 37.251956176757844 ], [ 74.117128499348979, 37.243758816189263 ], [ 74.120266045464433, 37.23971048990888 ], [ 74.121400621202284, 37.222789510091175 ], [ 74.124432712131096, 37.218877156575552 ], [ 74.125567287868947, 37.197789510091177 ], [ 74.12973395453561, 37.192413330078153 ], [ 74.128599378797759, 37.189456176757844 ], [ 74.125567287868947, 37.185543823242213 ], [ 74.124401516384566, 37.146748860677114 ], [ 74.117327880859392, 37.144933742947075 ], [ 74.116666666666688, 37.1375 ], [ 74.11887715657555, 37.136932712131106 ], [ 74.122789510091167, 37.133900621202287 ], [ 74.128315734863307, 37.132482571072075 ], [ 74.130086432562962, 37.125582885742219 ], [ 74.139456176757832, 37.117233954535621 ], [ 74.143877156575542, 37.11609937879777 ], [ 74.147789510091172, 37.113067287868951 ], [ 74.160543823242207, 37.111932712131107 ], [ 74.168622843424501, 37.104733954535618 ], [ 74.178279283311653, 37.103458319769992 ], [ 74.179733954535607, 37.097789510091175 ], [ 74.182766045464433, 37.093877156575552 ], [ 74.183333333333351, 37.0875 ], [ 74.202424452039949, 37.087146674262179 ], [ 74.205908881293425, 37.083686659071205 ], [ 74.22083333333336, 37.083333333333364 ], [ 74.233333333333363, 37.083333333333364 ], [ 74.23276604546443, 37.106377156575547 ], [ 74.224634128146732, 37.115503607855928 ], [ 74.232750447591172, 37.117586263020861 ], [ 74.24109937879777, 37.126956176757844 ], [ 74.242517598470073, 37.132482571072075 ], [ 74.248043823242213, 37.133900621202287 ], [ 74.25195617675783, 37.136932712131106 ], [ 74.254166666666691, 37.1375 ], [ 74.265676201714427, 37.136880832248295 ], [ 74.270266045464439, 37.131377156575546 ], [ 74.271720716688392, 37.125708346896729 ], [ 74.282445949978325, 37.124291653103327 ], [ 74.284184265136744, 37.117517428927982 ], [ 74.29127078586157, 37.115698920355932 ], [ 74.29526604546443, 37.110543823242217 ], [ 74.296720716688398, 37.104875013563394 ], [ 74.30637715657555, 37.103599378797767 ], [ 74.314456176757844, 37.096400621202285 ], [ 74.316666666666691, 37.09583333333336 ], [ 74.31723395453561, 37.098043823242215 ], [ 74.321229214138484, 37.103198920355929 ], [ 74.327210489908879, 37.104733954535618 ], [ 74.331122843424509, 37.107766045464437 ], [ 74.348043823242207, 37.108900621202281 ], [ 74.356122843424501, 37.11609937879777 ], [ 74.365779283311653, 37.117375013563397 ], [ 74.366666666666688, 37.120833333333358 ], [ 74.373257785373283, 37.120480007595511 ], [ 74.376742214626759, 37.117019992404543 ], [ 74.389924452039949, 37.116313340928848 ], [ 74.393751017252626, 37.112513563368083 ], [ 74.410075547960091, 37.128813340928851 ], [ 74.4125, 37.129166666666691 ], [ 74.414924452039955, 37.128813340928851 ], [ 74.418408881293431, 37.125353325737876 ], [ 74.423257785373295, 37.124646674262181 ], [ 74.426742214626756, 37.121186659071206 ], [ 74.431591118706621, 37.120480007595511 ], [ 74.435075547960096, 37.117019992404543 ], [ 74.4375, 37.116666666666696 ], [ 74.438714938693607, 37.111932712131107 ], [ 74.445006137424073, 37.113315497504367 ], [ 74.453599378797776, 37.122789510091174 ], [ 74.455066257052977, 37.128505452473988 ], [ 74.4625, 37.129166666666691 ], [ 74.464748297797328, 37.128637017144122 ], [ 74.468585035536051, 37.125529649522598 ], [ 74.477248297797331, 37.124470350477459 ], [ 74.481085035536054, 37.121362982855928 ], [ 74.490742323133702, 37.120182291666694 ], [ 74.492148674858967, 37.1156673855252 ], [ 74.488029479980497, 37.110581461588566 ], [ 74.4875, 37.1 ], [ 74.487854173448383, 37.089213392469645 ], [ 74.493408881293433, 37.083686659071205 ], [ 74.495833333333366, 37.083333333333364 ], [ 74.49668426513675, 37.080017428927981 ], [ 74.5, 37.079166666666694 ], [ 74.500354173448372, 37.06838005913631 ], [ 74.506250508626323, 37.062513224283883 ], [ 74.518408881293425, 37.074646674262183 ], [ 74.523257785373289, 37.075353325737872 ], [ 74.527453782823372, 37.079519992404542 ], [ 74.531624518500465, 37.078807576497425 ], [ 74.537146674262175, 37.073257785373293 ], [ 74.537853325737871, 37.060075547960096 ], [ 74.541313340928852, 37.056591118706628 ], [ 74.542022365993944, 37.047545369466171 ], [ 74.547575547960093, 37.042019992404541 ], [ 74.552456834581193, 37.041308593750024 ], [ 74.557980007595518, 37.035757785373292 ], [ 74.558333333333366, 37.03333333333336 ], [ 74.581591118706626, 37.033686659071208 ], [ 74.585075547960102, 37.037146674262182 ], [ 74.594091118706629, 37.037853325737871 ], [ 74.597575547960091, 37.041313340928845 ], [ 74.610757785373295, 37.042019992404541 ], [ 74.614242214626756, 37.045480007595515 ], [ 74.619091118706621, 37.046186659071211 ], [ 74.624645826551671, 37.051713392469644 ], [ 74.625, 37.0625 ], [ 74.631377156575553, 37.063067287868954 ], [ 74.63528951009117, 37.066099378797773 ], [ 74.639710489908879, 37.067233954535617 ], [ 74.645086669921909, 37.071400621202287 ], [ 74.652210489908882, 37.070266045464436 ], [ 74.65625, 37.067135281033011 ], [ 74.660289510091175, 37.070266045464436 ], [ 74.669898139105925, 37.071535576714439 ], [ 74.68693271213111, 37.089456176757842 ], [ 74.688714938693607, 37.096400621202285 ], [ 74.694971381293428, 37.095025634765655 ], [ 74.696400621202287, 37.089456176757842 ], [ 74.703599378797776, 37.081377156575549 ], [ 74.704733954535612, 37.07695617675784 ], [ 74.70786454942494, 37.072916666666693 ], [ 74.704179890950542, 37.068162367079019 ], [ 74.710289510091172, 37.063067287868954 ], [ 74.716270785861568, 37.061532253689265 ], [ 74.720266045464442, 37.05637715657555 ], [ 74.721400621202278, 37.039456176757838 ], [ 74.724432712131104, 37.035543823242215 ], [ 74.725850931803407, 37.030017428927977 ], [ 74.731377156575547, 37.028599378797772 ], [ 74.739456176757841, 37.021400621202282 ], [ 74.741666666666688, 37.020833333333357 ], [ 74.748006015353766, 37.021438259548638 ], [ 74.753625996907573, 37.025604926215308 ], [ 74.764672682020432, 37.024395073784746 ], [ 74.770292663574253, 37.020228407118083 ], [ 74.773006015353758, 37.021438259548638 ], [ 74.782545810275636, 37.029771592881971 ], [ 74.789672682020424, 37.028561740451416 ], [ 74.794888475206193, 37.024694485134575 ], [ 74.796277194552985, 37.034091525607664 ], [ 74.792205471462708, 37.039583333333361 ], [ 74.795228237575984, 37.043660481770857 ], [ 74.796783786349849, 37.049246554904542 ], [ 74.806339348687089, 37.050604926215307 ], [ 74.81195933024091, 37.05477159288197 ], [ 74.818839348687092, 37.053561740451414 ], [ 74.824459330240913, 37.049395073784751 ], [ 74.827172682020432, 37.050604926215307 ], [ 74.831160651312956, 37.053561740451414 ], [ 74.8375, 37.054166666666696 ], [ 74.841666666666697, 37.054166666666696 ], [ 74.842196146647169, 37.039418538411482 ], [ 74.846362982855936, 37.034273952908016 ], [ 74.845303683810798, 37.022751871744816 ], [ 74.841137186686225, 37.017607286241343 ], [ 74.842578633626331, 37.013266669379369 ], [ 74.849053955078148, 37.011741468641517 ], [ 74.853637017144123, 37.006414794921902 ], [ 74.854696316189262, 37.001918538411488 ], [ 74.861970350477463, 36.993914794921899 ], [ 74.863029649522602, 36.981085205078152 ], [ 74.878637017144129, 36.964748128255238 ], [ 74.879696316189268, 36.960251871744816 ], [ 74.882803683810792, 36.956414794921898 ], [ 74.883862982855931, 36.951918538411483 ], [ 74.886970350477455, 36.948081461588565 ], [ 74.8875, 36.9375 ], [ 74.8875, 36.933333333333358 ], [ 74.9125, 36.933333333333358 ], [ 74.915958319769999, 36.934220716688394 ], [ 74.917370944552985, 36.944913736979196 ], [ 74.922789510091178, 36.949432712131106 ], [ 74.929166666666703, 36.95 ], [ 74.928561740451414, 36.952172851562523 ], [ 74.9256049262153, 36.956160481770858 ], [ 74.924395073784751, 36.964672851562526 ], [ 74.920228407118088, 36.970292833116346 ], [ 74.921663072374159, 36.978450520833363 ], [ 74.935506184895857, 36.979771592881974 ], [ 74.9394938151042, 36.982728407118081 ], [ 74.943839518229197, 36.983938259548637 ], [ 74.947827148437526, 36.986895073784751 ], [ 74.964672851562526, 36.988104926215307 ], [ 74.972909206814265, 36.995299953884576 ], [ 74.976993815104194, 36.99227159288197 ], [ 74.985506184895868, 36.991061740451414 ], [ 74.991126166449689, 36.986895073784751 ], [ 74.994983588324686, 36.988615247938398 ], [ 74.996740722656284, 36.994925944010447 ], [ 75.002172851562534, 36.99643825954864 ], [ 75.006160481770863, 36.999395073784747 ], [ 75.015716213650208, 37.000753445095512 ], [ 75.017724270290827, 37.007964070638046 ], [ 75.028379313151078, 37.017271592881968 ], [ 75.035506184895866, 37.016061740451413 ], [ 75.039493815104194, 37.013104926215306 ], [ 75.0416666666667, 37.0125 ], [ 75.042554050021735, 37.009041680230062 ], [ 75.052210489908887, 37.007766045464436 ], [ 75.056122843424504, 37.004733954535617 ], [ 75.060543823242213, 37.003599378797773 ], [ 75.064456176757844, 37.000567287868954 ], [ 75.075, 37.0 ], [ 75.075850762261311, 37.003315904405412 ], [ 75.081377156575556, 37.004733954535617 ], [ 75.090729437934058, 37.01306728786895 ], [ 75.110543823242224, 37.011932712131106 ], [ 75.114583333333371, 37.008801947699681 ], [ 75.118622843424504, 37.011932712131106 ], [ 75.123043823242213, 37.01306728786895 ], [ 75.139456176757847, 37.028599378797772 ], [ 75.141666666666694, 37.029166666666697 ], [ 75.142024400499167, 37.02671169704864 ], [ 75.151742214626765, 37.017019992404542 ], [ 75.160757785373292, 37.016313340928846 ], [ 75.164242214626768, 37.012853325737872 ], [ 75.1666666666667, 37.0125 ], [ 75.166313340928852, 37.005908881293429 ], [ 75.162853325737885, 37.002424452039961 ], [ 75.1625, 36.995833333333358 ], [ 75.163350762261317, 36.992517428927975 ], [ 75.168877156575547, 36.99109937879777 ], [ 75.172789510091178, 36.988067287868951 ], [ 75.177210489908887, 36.9869327121311 ], [ 75.185289510091181, 36.979733954535618 ], [ 75.18971048990889, 36.978599378797767 ], [ 75.193622843424507, 36.975567287868948 ], [ 75.206377156575556, 36.974432712131104 ], [ 75.214574517144129, 36.967128499348988 ], [ 75.218758816189265, 36.970371500651069 ], [ 75.226956176757838, 36.963067287868952 ], [ 75.231377156575547, 36.961932712131102 ], [ 75.235416666666694, 36.958801947699676 ], [ 75.239456176757841, 36.961932712131102 ], [ 75.256377156575553, 36.963067287868952 ], [ 75.264456176757847, 36.970266045464435 ], [ 75.273043823242219, 36.971400621202285 ], [ 75.278420003255235, 36.975567287868948 ], [ 75.298043823242224, 36.974432712131104 ], [ 75.307396104600727, 36.966099378797772 ], [ 75.310543823242227, 36.967233954535615 ], [ 75.314592149522596, 36.970371500651069 ], [ 75.322789510091184, 36.963067287868952 ], [ 75.335543823242219, 36.961932712131102 ], [ 75.339456176757849, 36.958900621202282 ], [ 75.356377156575547, 36.957766045464439 ], [ 75.364456176757841, 36.95056728786895 ], [ 75.36887715657555, 36.949432712131106 ], [ 75.374253336588581, 36.945266045464436 ], [ 75.389710489908893, 36.946400621202287 ], [ 75.393622843424509, 36.949432712131106 ], [ 75.4, 36.95 ], [ 75.400353325737882, 36.947575547960099 ], [ 75.403813340928849, 36.944091118706623 ], [ 75.404166666666697, 36.941666666666691 ], [ 75.404166666666697, 36.9375 ], [ 75.401742214626765, 36.937146674262181 ], [ 75.392021348741352, 36.92745225694447 ], [ 75.391313340928846, 36.914242214626761 ], [ 75.387853325737879, 36.910757785373292 ], [ 75.3875, 36.90416666666669 ], [ 75.394091118706626, 36.903813340928849 ], [ 75.397575547960102, 36.900353325737875 ], [ 75.402424452039966, 36.899646674262179 ], [ 75.410075547960105, 36.892019992404542 ], [ 75.419091118706632, 36.891313340928846 ], [ 75.422575547960108, 36.887853325737872 ], [ 75.425, 36.8875 ], [ 75.425567287868958, 36.868622843424504 ], [ 75.42859937879777, 36.86471048990888 ], [ 75.429733954535621, 36.835289510091172 ], [ 75.432864718967053, 36.83125 ], [ 75.429733954535621, 36.827210489908879 ], [ 75.42859937879777, 36.82278951009117 ], [ 75.425567287868958, 36.818877156575546 ], [ 75.424432712131107, 36.801956176757841 ], [ 75.421301947699689, 36.797916666666694 ], [ 75.425567287868958, 36.792413330078148 ], [ 75.424432712131107, 36.781122843424505 ], [ 75.421301947699689, 36.777083333333358 ], [ 75.424432712131107, 36.773043823242212 ], [ 75.425850762261319, 36.767517428927974 ], [ 75.432937282986146, 36.765698920355931 ], [ 75.43693271213111, 36.760543823242216 ], [ 75.438067287868961, 36.751956176757837 ], [ 75.44526604546445, 36.743877156575543 ], [ 75.446400621202287, 36.739456176757841 ], [ 75.449432712131113, 36.73554382324221 ], [ 75.450567287868964, 36.726956176757838 ], [ 75.453599378797776, 36.723043823242215 ], [ 75.454166666666694, 36.71666666666669 ], [ 75.466666666666697, 36.71666666666669 ], [ 75.468801540798651, 36.717309570312523 ], [ 75.478532918294306, 36.725642903645856 ], [ 75.485468207465317, 36.72435709635419 ], [ 75.490791151258719, 36.720583089192729 ], [ 75.492582194010453, 36.738142903645858 ], [ 75.502134874131983, 36.736857096354193 ], [ 75.506198459201428, 36.733976236979188 ], [ 75.510468207465308, 36.732690429687523 ], [ 75.514531792534754, 36.729809570312526 ], [ 75.522968207465311, 36.72852376302086 ], [ 75.53119845920142, 36.721476236979193 ], [ 75.533333333333374, 36.72083333333336 ], [ 75.536882866753501, 36.721744113498289 ], [ 75.538067287868955, 36.746579996744813 ], [ 75.533801947699686, 36.75208333333336 ], [ 75.536932712131104, 36.756122843424507 ], [ 75.5375, 36.766666666666694 ], [ 75.539924452039969, 36.767019992404542 ], [ 75.543408881293431, 36.770480007595509 ], [ 75.570833333333368, 36.770833333333357 ], [ 75.57026604546445, 36.781377156575545 ], [ 75.567233954535624, 36.785289510091168 ], [ 75.566099378797773, 36.792603895399331 ], [ 75.574432712131113, 36.801956176757841 ], [ 75.575567287868964, 36.814710489908876 ], [ 75.580086263020874, 36.820129055447076 ], [ 75.589710489908896, 36.82140062120228 ], [ 75.593622843424512, 36.824432712131099 ], [ 75.598043823242222, 36.82556728786895 ], [ 75.610289510091178, 36.836932712131102 ], [ 75.614710489908887, 36.838067287868952 ], [ 75.618622843424518, 36.841099378797772 ], [ 75.62827928331167, 36.842375013563391 ], [ 75.629166666666706, 36.84583333333336 ], [ 75.636600409613749, 36.846494547526071 ], [ 75.638067287868964, 36.852210489908877 ], [ 75.642586263020874, 36.857629055447077 ], [ 75.652210489908896, 36.858900621202281 ], [ 75.65736558702261, 36.862896050347246 ], [ 75.659184095594654, 36.869982571072072 ], [ 75.66581590440542, 36.871684095594645 ], [ 75.667233954535632, 36.877210489908883 ], [ 75.670266045464444, 36.881122843424507 ], [ 75.671400621202295, 36.892603895399333 ], [ 75.663067287868955, 36.901956176757835 ], [ 75.6625, 36.90416666666669 ], [ 75.683333333333366, 36.90416666666669 ], [ 75.684301079644129, 36.900396050347247 ], [ 75.689456176757844, 36.896400621202282 ], [ 75.693877156575553, 36.895266045464439 ], [ 75.697789510091184, 36.892233954535619 ], [ 75.703521050347263, 36.890763007269989 ], [ 75.716099378797779, 36.877210489908883 ], [ 75.717233954535629, 36.872789510091174 ], [ 75.720266045464442, 36.86887715657555 ], [ 75.721400621202292, 36.864456176757841 ], [ 75.736932712131107, 36.848043823242215 ], [ 75.738399590386322, 36.842327880859401 ], [ 75.745833333333366, 36.84166666666669 ], [ 75.745833333333366, 36.8375 ], [ 75.748257785373298, 36.837853325737875 ], [ 75.751742214626773, 36.841313340928842 ], [ 75.754166666666706, 36.84166666666669 ], [ 75.761728583441879, 36.842438083224849 ], [ 75.7625, 36.85 ], [ 75.798257785373295, 36.850353325737871 ], [ 75.805908881293433, 36.857980007595515 ], [ 75.814924452039961, 36.858686659071203 ], [ 75.822575547960099, 36.866313340928848 ], [ 75.827424452039963, 36.867019992404536 ], [ 75.831620279947956, 36.871186659071206 ], [ 75.835757785373303, 36.870480007595511 ], [ 75.839953613281281, 36.866313340928848 ], [ 75.852424452039969, 36.867019992404536 ], [ 75.855908881293445, 36.870480007595511 ], [ 75.869091118706635, 36.871186659071206 ], [ 75.873286946614627, 36.875353325737876 ], [ 75.89409111870664, 36.874646674262181 ], [ 75.897575547960102, 36.871186659071206 ], [ 75.906591118706629, 36.870480007595511 ], [ 75.910075547960105, 36.867019992404536 ], [ 75.944091118706638, 36.866313340928848 ], [ 75.948286946614616, 36.862146674262178 ], [ 75.95659111870664, 36.862853325737873 ], [ 75.960075547960102, 36.866313340928848 ], [ 75.9625, 36.866666666666696 ], [ 75.964924452039966, 36.866313340928848 ], [ 75.976742214626768, 36.854519992404541 ], [ 75.979166666666686, 36.854166666666693 ], [ 75.994091118706621, 36.853813340928845 ], [ 76.026742214626765, 36.821186659071209 ], [ 76.0375, 36.820833333333361 ], [ 76.041666666666686, 36.820833333333361 ], [ 76.041313340928838, 36.818408881293429 ], [ 76.037853325737871, 36.814924452039953 ], [ 76.037146674262175, 36.805908881293426 ], [ 76.029519992404531, 36.798257785373288 ], [ 76.028813340928835, 36.780908881293428 ], [ 76.021186659071205, 36.773257785373289 ], [ 76.020480007595509, 36.768408881293425 ], [ 76.017019992404542, 36.764924452039956 ], [ 76.016666666666694, 36.754166666666691 ], [ 76.005908881293422, 36.753813340928843 ], [ 76.002424452039946, 36.750353325737869 ], [ 75.997575547960096, 36.749646674262181 ], [ 75.994091118706621, 36.746186659071206 ], [ 75.989242214626756, 36.745480007595511 ], [ 75.985757785373281, 36.742019992404536 ], [ 75.980908881293431, 36.741313340928841 ], [ 75.969091118706615, 36.729519992404541 ], [ 75.954166666666694, 36.729166666666693 ], [ 75.953599378797762, 36.726956176757838 ], [ 75.95056728786895, 36.723043823242215 ], [ 75.949112616644982, 36.717375013563391 ], [ 75.93945617675783, 36.716099378797765 ], [ 75.927210489908873, 36.704733954535612 ], [ 75.925, 36.704166666666694 ], [ 75.925354851616774, 36.69754774305558 ], [ 75.935075547960096, 36.687853325737869 ], [ 75.939924452039946, 36.687146674262181 ], [ 75.943408881293422, 36.683686659071206 ], [ 75.948290167914521, 36.68297526041669 ], [ 75.953813340928846, 36.677424452039958 ], [ 75.954166666666694, 36.675 ], [ 75.973257785373292, 36.674646674262178 ], [ 75.977083333333354, 36.67084791395402 ], [ 75.980908881293431, 36.674646674262178 ], [ 75.9875, 36.675 ], [ 75.99485236273874, 36.674345906575546 ], [ 76.011932712131099, 36.656377156575545 ], [ 76.013161214192735, 36.642566257052977 ], [ 76.018877156575542, 36.641099378797769 ], [ 76.022789510091172, 36.63806728786895 ], [ 76.027210489908882, 36.636932712131099 ], [ 76.035407850477455, 36.629628499348982 ], [ 76.040920003255223, 36.63390062120228 ], [ 76.04804382324221, 36.632766045464436 ], [ 76.053420003255226, 36.628599378797766 ], [ 76.081377156575542, 36.629733954535617 ], [ 76.085289510091172, 36.632766045464436 ], [ 76.091666666666683, 36.633333333333354 ], [ 76.092517598470081, 36.636649237738737 ], [ 76.098043823242207, 36.63806728786895 ], [ 76.103420003255238, 36.642233954535612 ], [ 76.106377156575547, 36.641099378797769 ], [ 76.110289510091164, 36.63806728786895 ], [ 76.114710489908873, 36.636932712131099 ], [ 76.122789510091167, 36.629733954535617 ], [ 76.127210489908876, 36.628599378797766 ], [ 76.131122843424507, 36.625567287868947 ], [ 76.133333333333354, 36.625 ], [ 76.134301079644118, 36.621229383680578 ], [ 76.139456176757832, 36.617233954535614 ], [ 76.143877156575542, 36.61609937879777 ], [ 76.151956176757835, 36.608900621202281 ], [ 76.156377156575545, 36.60776604546443 ], [ 76.161753336588561, 36.603599378797767 ], [ 76.185543823242213, 36.604733954535611 ], [ 76.18945617675783, 36.60776604546443 ], [ 76.203267076280412, 36.608994547526066 ], [ 76.205075920952709, 36.616043090820334 ], [ 76.216666666666697, 36.616666666666688 ], [ 76.216666666666697, 36.620833333333358 ], [ 76.22083333333336, 36.620833333333358 ], [ 76.223257785373292, 36.620480007595511 ], [ 76.226742214626753, 36.617019992404536 ], [ 76.233333333333363, 36.616666666666688 ], [ 76.237104119194896, 36.615698920355925 ], [ 76.24109937879777, 36.61054382324221 ], [ 76.242233954535621, 36.606122843424501 ], [ 76.245266045464433, 36.602210489908877 ], [ 76.246400621202284, 36.585289510091172 ], [ 76.250567287868947, 36.579913330078149 ], [ 76.249432712131096, 36.564456176757837 ], [ 76.245266045464433, 36.559079996744813 ], [ 76.246400621202284, 36.556122843424504 ], [ 76.249531216091597, 36.552083333333357 ], [ 76.246400621202284, 36.54804382324221 ], [ 76.245266045464433, 36.539456176757838 ], [ 76.242233954535621, 36.535543823242207 ], [ 76.240779283311653, 36.529875013563391 ], [ 76.230054050021721, 36.528458319769989 ], [ 76.229166666666686, 36.525 ], [ 76.225850931803407, 36.52414923773874 ], [ 76.225, 36.520833333333357 ], [ 76.225, 36.5125 ], [ 76.225567287868941, 36.51028951009117 ], [ 76.23276604546443, 36.502210489908876 ], [ 76.234184265136747, 36.496684095594638 ], [ 76.241083780924498, 36.494913736979193 ], [ 76.249538167317738, 36.485425482855923 ], [ 76.245266045464433, 36.479913330078148 ], [ 76.246400621202284, 36.472789510091168 ], [ 76.253599378797773, 36.464710489908875 ], [ 76.255054050021727, 36.459041680230058 ], [ 76.265737406412782, 36.457630411783875 ], [ 76.274432712131102, 36.448043823242209 ], [ 76.275887383355055, 36.442375013563392 ], [ 76.285543823242207, 36.441099378797766 ], [ 76.289456176757838, 36.438067287868947 ], [ 76.291666666666686, 36.4375 ], [ 76.292321438259577, 36.430139499240475 ], [ 76.301956176757841, 36.421400621202281 ], [ 76.307709757487004, 36.419924248589432 ], [ 76.308333333333351, 36.408333333333353 ], [ 76.314924452039961, 36.407980007595505 ], [ 76.335075547960088, 36.387853325737872 ], [ 76.339924452039952, 36.387146674262176 ], [ 76.347575547960091, 36.379519992404539 ], [ 76.356591118706618, 36.378813340928843 ], [ 76.360075547960093, 36.375353325737869 ], [ 76.364924452039958, 36.374646674262173 ], [ 76.368408881293433, 36.371186659071199 ], [ 76.373257785373283, 36.370480007595511 ], [ 76.376742214626759, 36.367019992404536 ], [ 76.385757785373286, 36.366313340928841 ], [ 76.393408881293425, 36.358686659071203 ], [ 76.402424452039952, 36.357980007595508 ], [ 76.410075547960091, 36.350353325737871 ], [ 76.4125, 36.35 ], [ 76.413387383355058, 36.346541680230054 ], [ 76.42411261664499, 36.345124986436652 ], [ 76.425899590386308, 36.338161214192731 ], [ 76.433333333333366, 36.3375 ], [ 76.43424258761938, 36.341043090820335 ], [ 76.445833333333354, 36.34166666666669 ], [ 76.448257785373286, 36.341313340928842 ], [ 76.452083333333363, 36.337514580620685 ], [ 76.455908881293425, 36.341313340928842 ], [ 76.469091118706629, 36.342019992404538 ], [ 76.472575547960091, 36.345480007595505 ], [ 76.481591118706618, 36.346186659071201 ], [ 76.485075547960093, 36.349646674262175 ], [ 76.502424452039961, 36.350353325737871 ], [ 76.50625, 36.354152086046028 ], [ 76.510787116156706, 36.349646674262175 ], [ 76.514924452039963, 36.350353325737871 ], [ 76.518408881293425, 36.353813340928838 ], [ 76.527424452039952, 36.354519992404533 ], [ 76.531620449490049, 36.358686659071203 ], [ 76.535757785373292, 36.357980007595508 ], [ 76.539953782823375, 36.353813340928838 ], [ 76.573257785373286, 36.354519992404533 ], [ 76.576742214626762, 36.357980007595508 ], [ 76.579166666666694, 36.358333333333356 ], [ 76.580017598470079, 36.355017428927972 ], [ 76.583333333333357, 36.354166666666686 ], [ 76.606591118706618, 36.354519992404533 ], [ 76.610075547960093, 36.357980007595508 ], [ 76.614924452039958, 36.358686659071203 ], [ 76.618408881293433, 36.362146674262178 ], [ 76.631591118706623, 36.362853325737866 ], [ 76.635787116156706, 36.367019992404536 ], [ 76.644091118706626, 36.366313340928841 ], [ 76.648287116156709, 36.362146674262178 ], [ 76.652424452039952, 36.362853325737866 ], [ 76.655908881293428, 36.366313340928841 ], [ 76.65833333333336, 36.366666666666688 ], [ 76.666165330674943, 36.367465549045164 ], [ 76.67435726589629, 36.377031792534744 ], [ 76.675771416558192, 36.390895250108528 ], [ 76.683333333333366, 36.391666666666687 ], [ 76.6875, 36.391666666666687 ], [ 76.688387383355064, 36.388208346896725 ], [ 76.698043823242216, 36.386932712131099 ], [ 76.706122843424509, 36.37973395453561 ], [ 76.716666666666697, 36.379166666666691 ], [ 76.723257785373292, 36.378813340928843 ], [ 76.726742214626768, 36.375353325737869 ], [ 76.744091118706621, 36.374646674262173 ], [ 76.747575547960096, 36.371186659071199 ], [ 76.756591118706623, 36.370480007595511 ], [ 76.760075547960099, 36.367019992404536 ], [ 76.764924452039963, 36.366313340928841 ], [ 76.769120449490046, 36.362146674262178 ], [ 76.773257785373289, 36.362853325737866 ], [ 76.777453782823386, 36.367019992404536 ], [ 76.785757785373292, 36.366313340928841 ], [ 76.789242214626768, 36.362853325737866 ], [ 76.794091118706632, 36.362146674262178 ], [ 76.797575547960093, 36.358686659071203 ], [ 76.804166666666688, 36.358333333333356 ], [ 76.805054050021724, 36.354875013563387 ], [ 76.814710489908876, 36.353599378797767 ], [ 76.831122843424509, 36.338067287868945 ], [ 76.840737406412785, 36.336797078450545 ], [ 76.849432712131104, 36.327210489908879 ], [ 76.85, 36.316666666666691 ], [ 76.850899590386319, 36.313161214192732 ], [ 76.864710489908887, 36.311932712131096 ], [ 76.876956176757844, 36.300567287868944 ], [ 76.881377156575553, 36.2994327121311 ], [ 76.88528951009117, 36.296400621202281 ], [ 76.889710489908879, 36.29526604546443 ], [ 76.893622843424509, 36.292233954535611 ], [ 76.898043823242219, 36.291099378797767 ], [ 76.901956176757835, 36.288067287868941 ], [ 76.910543823242222, 36.286932712131097 ], [ 76.914456176757838, 36.283900621202278 ], [ 76.918877156575547, 36.282766045464427 ], [ 76.922789510091178, 36.279733954535608 ], [ 76.927210489908887, 36.278599378797765 ], [ 76.931122843424504, 36.275567287868945 ], [ 76.981377156575547, 36.274432712131095 ], [ 76.985289510091178, 36.271400621202275 ], [ 76.989710489908887, 36.270266045464432 ], [ 76.993622843424504, 36.267233954535612 ], [ 77.018877156575556, 36.266099378797762 ], [ 77.022789510091172, 36.263067287868942 ], [ 77.028505452473993, 36.261600409613735 ], [ 77.029166666666697, 36.254166666666691 ], [ 77.044091118706632, 36.253813340928843 ], [ 77.047575547960093, 36.250353325737869 ], [ 77.05, 36.25 ], [ 77.050850762261319, 36.246684095594638 ], [ 77.054166666666703, 36.245833333333351 ], [ 77.054733954535621, 36.239456176757834 ], [ 77.057766045464433, 36.23554382324221 ], [ 77.059184095594645, 36.230017428927972 ], [ 77.06471048990889, 36.228599378797767 ], [ 77.072789510091184, 36.221400621202278 ], [ 77.077210489908879, 36.220266045464427 ], [ 77.089456176757849, 36.208900621202275 ], [ 77.09519551595055, 36.207427639431444 ], [ 77.096400621202292, 36.18945617675783 ], [ 77.107766045464444, 36.177210489908873 ], [ 77.108900621202281, 36.172789510091164 ], [ 77.111932712131107, 36.16887715657554 ], [ 77.1125, 36.166666666666686 ], [ 77.111649237738746, 36.163350762261302 ], [ 77.108333333333363, 36.1625 ], [ 77.10743374294708, 36.158994547526063 ], [ 77.093622843424512, 36.157766045464427 ], [ 77.089710489908882, 36.154733954535608 ], [ 77.072789510091184, 36.153599378797765 ], [ 77.068877156575553, 36.150567287868945 ], [ 77.064456176757844, 36.149432712131095 ], [ 77.059079996744828, 36.145266045464432 ], [ 77.056122843424504, 36.146400621202275 ], [ 77.048043823242224, 36.153599378797765 ], [ 77.018622843424509, 36.154733954535608 ], [ 77.014710489908879, 36.157766045464427 ], [ 76.995833333333366, 36.158333333333353 ], [ 76.996186659071213, 36.143408881293425 ], [ 76.999646674262181, 36.139924452039949 ], [ 77.0, 36.133333333333354 ], [ 77.000567287868961, 36.12695617675783 ], [ 77.003599378797773, 36.123043823242206 ], [ 77.004733954535624, 36.114456176757834 ], [ 77.007766045464436, 36.11054382324221 ], [ 77.008900621202287, 36.101956176757831 ], [ 77.011932712131113, 36.098043823242207 ], [ 77.013350762261311, 36.09251742892797 ], [ 77.020172119140653, 36.0907670762804 ], [ 77.020833333333357, 36.08333333333335 ], [ 77.020178561740479, 36.075972832573804 ], [ 77.010543823242216, 36.06723395453561 ], [ 77.004562717013926, 36.065698920355921 ], [ 77.000567287868961, 36.060543823242206 ], [ 76.999149237738749, 36.055017428927968 ], [ 76.993622843424504, 36.053599378797763 ], [ 76.989710489908887, 36.050567287868944 ], [ 76.9875, 36.05 ], [ 76.9791666666667, 36.05 ], [ 76.978813340928852, 36.043408881293423 ], [ 76.975353325737871, 36.039924452039948 ], [ 76.975, 36.0375 ], [ 76.975567287868955, 36.035289510091168 ], [ 76.982766045464444, 36.027210489908875 ], [ 76.984037611219648, 36.017586263020853 ], [ 76.989456176757841, 36.013067287868942 ], [ 76.995172119140648, 36.011600409613735 ], [ 76.996400621202284, 35.997789510091167 ], [ 76.99943271213111, 35.993877156575536 ], [ 77.000704277886314, 35.984252929687521 ], [ 77.006122843424507, 35.979733954535611 ], [ 77.012103949652811, 35.978198920355922 ], [ 77.016099378797776, 35.973043823242207 ], [ 77.017233954535627, 35.968622843424498 ], [ 77.020266045464439, 35.964710489908875 ], [ 77.020833333333357, 35.95833333333335 ], [ 77.032424248589436, 35.958956909179719 ], [ 77.034548272026939, 35.967233954535622 ], [ 77.073043823242216, 35.966099378797779 ], [ 77.076956176757847, 35.963067287868959 ], [ 77.085543823242219, 35.961932712131109 ], [ 77.089456176757849, 35.958900621202289 ], [ 77.09498257107208, 35.95748240152998 ], [ 77.096400621202292, 35.951956176757847 ], [ 77.103599378797767, 35.943877156575553 ], [ 77.105017428927979, 35.93835093180342 ], [ 77.110543823242224, 35.93693271213111 ], [ 77.131122843424507, 35.917233954535625 ], [ 77.133333333333368, 35.9166666666667 ], [ 77.136901516384583, 35.915750969780852 ], [ 77.1375, 35.895833333333364 ], [ 77.152424452039966, 35.895480007595523 ], [ 77.160075547960105, 35.887853325737879 ], [ 77.164924452039969, 35.887146674262183 ], [ 77.168408881293431, 35.883686659071216 ], [ 77.179166666666703, 35.883333333333368 ], [ 77.179827880859406, 35.875899590386318 ], [ 77.183333333333366, 35.875 ], [ 77.183952501085102, 35.863490464952292 ], [ 77.189456176757844, 35.858900621202288 ], [ 77.194982571072075, 35.857482401529978 ], [ 77.196720716688404, 35.850708516438836 ], [ 77.206377156575556, 35.849432712131112 ], [ 77.210289510091172, 35.846400621202292 ], [ 77.2125, 35.845833333333367 ], [ 77.213350762261314, 35.842517598470089 ], [ 77.21998257107208, 35.840815734863313 ], [ 77.221732923719657, 35.833994547526075 ], [ 77.236527167426246, 35.832678561740487 ], [ 77.245266045464447, 35.823043823242223 ], [ 77.246752929687531, 35.817249552408889 ], [ 77.256122843424507, 35.808900621202291 ], [ 77.258333333333368, 35.808333333333366 ], [ 77.257975599500895, 35.805878194173211 ], [ 77.248257785373298, 35.796186659071211 ], [ 77.243379041883713, 35.795475599500904 ], [ 77.229519992404548, 35.781591118706629 ], [ 77.228813340928852, 35.772575547960102 ], [ 77.221186659071208, 35.764924452039963 ], [ 77.220480007595512, 35.747575547960103 ], [ 77.217019992404545, 35.744091118706628 ], [ 77.216666666666697, 35.7375 ], [ 77.223257785373292, 35.737146674262185 ], [ 77.235075547960108, 35.725353325737878 ], [ 77.239924452039958, 35.724646674262189 ], [ 77.247575547960096, 35.717019992404545 ], [ 77.260757785373301, 35.716313340928849 ], [ 77.264242214626762, 35.712853325737882 ], [ 77.275, 35.7125 ], [ 77.277248128255238, 35.711970520019563 ], [ 77.281085205078156, 35.708862813313836 ], [ 77.306414794921906, 35.7078038533529 ], [ 77.310251871744825, 35.704696146647166 ], [ 77.314748128255246, 35.70363718668623 ], [ 77.319892713758719, 35.699470520019567 ], [ 77.32435031467017, 35.700950792100727 ], [ 77.332803683810795, 35.710251702202726 ], [ 77.333862982855933, 35.714748297797343 ], [ 77.341278415256113, 35.722907172309064 ], [ 77.33719753689239, 35.7279454549154 ], [ 77.342665947808186, 35.729648674858971 ], [ 77.347751871744819, 35.725529479980501 ], [ 77.361415947808197, 35.724401685926679 ], [ 77.366137017144126, 35.718914964464005 ], [ 77.367425198025202, 35.713446214464007 ], [ 77.372751871744825, 35.708862813313836 ], [ 77.40833333333336, 35.708333333333364 ], [ 77.408900621202292, 35.697789510091177 ], [ 77.411932712131104, 35.693877156575553 ], [ 77.413350762261317, 35.68835093180342 ], [ 77.418877156575547, 35.68693271213111 ], [ 77.422789510091178, 35.683900621202291 ], [ 77.429166666666703, 35.683333333333366 ], [ 77.429784138997434, 35.681173197428421 ], [ 77.432715861002634, 35.677160135904984 ], [ 77.433950805664097, 35.664506530761749 ], [ 77.441049194335974, 35.656326802571648 ], [ 77.442284138997422, 35.652006530761753 ], [ 77.446450805664099, 35.646302456325984 ], [ 77.445152791341172, 35.621643914116788 ], [ 77.432715861002634, 35.619833713107667 ], [ 77.434324137369828, 35.61289706759986 ], [ 77.443673027886319, 35.604784308539529 ], [ 77.454166666666694, 35.6041666666667 ], [ 77.457482571072077, 35.603315734863315 ], [ 77.458333333333371, 35.6 ], [ 77.461876424153672, 35.599090745714008 ], [ 77.463067287868952, 35.576956176757847 ], [ 77.470266045464442, 35.568877156575553 ], [ 77.47083333333336, 35.566666666666698 ], [ 77.470097859700559, 35.559133232964442 ], [ 77.464660305447083, 35.554784308539524 ], [ 77.452006361219645, 35.553549024793867 ], [ 77.447045898437537, 35.549925401475726 ], [ 77.444674682617219, 35.558219401041697 ], [ 77.439660305447077, 35.5618823581272 ], [ 77.427006361219654, 35.563117641872864 ], [ 77.421302625868094, 35.567284308539527 ], [ 77.393673027886322, 35.56604902479387 ], [ 77.38966030544708, 35.563117641872864 ], [ 77.379901801215311, 35.561697387695347 ], [ 77.379166666666706, 35.554166666666696 ], [ 77.379166666666706, 35.55 ], [ 77.386600409613749, 35.549338785807322 ], [ 77.388387383355067, 35.542375183105499 ], [ 77.399080403645868, 35.540962388780414 ], [ 77.403599378797779, 35.535543823242222 ], [ 77.404875013563398, 35.525887383355069 ], [ 77.411838785807319, 35.524100409613744 ], [ 77.413154771592914, 35.509306335449253 ], [ 77.422789510091178, 35.500567287868954 ], [ 77.427210489908887, 35.49943271213111 ], [ 77.43656277126739, 35.49109937879777 ], [ 77.452210489908893, 35.492233954535621 ], [ 77.457586669921909, 35.496400621202291 ], [ 77.464710489908882, 35.49526604546444 ], [ 77.468622843424512, 35.492233954535621 ], [ 77.49387715657555, 35.49109937879777 ], [ 77.497789510091181, 35.488067287868958 ], [ 77.523043823242219, 35.486932712131107 ], [ 77.527083333333366, 35.483802117241787 ], [ 77.531122843424512, 35.486932712131107 ], [ 77.535543823242222, 35.488067287868958 ], [ 77.540920003255238, 35.492233954535621 ], [ 77.549120415581626, 35.490927971733974 ], [ 77.55, 35.4875 ], [ 77.556339518229208, 35.486894904242654 ], [ 77.560327148437537, 35.483938429090742 ], [ 77.582357788085972, 35.482669576009144 ], [ 77.584442477756113, 35.475183444552982 ], [ 77.591126166449683, 35.470228237575988 ], [ 77.598006184895866, 35.471438429090739 ], [ 77.603626166449686, 35.475605095757409 ], [ 77.610506184895868, 35.474394904242651 ], [ 77.614493815104197, 35.471438429090739 ], [ 77.623006184895871, 35.470228237575988 ], [ 77.628626166449692, 35.466061570909318 ], [ 77.63672824435767, 35.467486572265656 ], [ 77.638276163737018, 35.478376600477461 ], [ 77.643660481770866, 35.482728237575984 ], [ 77.648006184895863, 35.483938429090742 ], [ 77.653626166449683, 35.488105095757412 ], [ 77.656339518229203, 35.486894904242654 ], [ 77.664493815104208, 35.479771762424079 ], [ 77.6666666666667, 35.4791666666667 ], [ 77.667024739583368, 35.476709832085533 ], [ 77.672575547960108, 35.471186659071208 ], [ 77.677424452039972, 35.470480007595519 ], [ 77.689242214626773, 35.458686659071212 ], [ 77.691666666666706, 35.458333333333364 ], [ 77.692578464084235, 35.461885748969216 ], [ 77.718877156575559, 35.463067287868952 ], [ 77.722789510091175, 35.466099378797772 ], [ 77.727210489908884, 35.467233954535622 ], [ 77.732365587022599, 35.471229214138482 ], [ 77.733333333333363, 35.475 ], [ 77.733333333333363, 35.4791666666667 ], [ 77.733900621202295, 35.481377156575554 ], [ 77.736932712131107, 35.485289510091178 ], [ 77.738067287868958, 35.489710489908887 ], [ 77.742586263020868, 35.49512905544708 ], [ 77.75327928331167, 35.496541849772164 ], [ 77.754977756076428, 35.503159925672776 ], [ 77.759079996744831, 35.504733954535624 ], [ 77.764456176757847, 35.500567287868954 ], [ 77.781377156575559, 35.49943271213111 ], [ 77.785289510091189, 35.496400621202291 ], [ 77.789710489908884, 35.49526604546444 ], [ 77.793754747178852, 35.492131720648899 ], [ 77.799344211154548, 35.496793111165395 ], [ 77.800567287868958, 35.510543823242216 ], [ 77.803599378797784, 35.514456176757847 ], [ 77.804166666666703, 35.516666666666694 ], [ 77.805017428927982, 35.51998240152998 ], [ 77.808333333333366, 35.520833333333364 ], [ 77.815767076280423, 35.521494547526075 ], [ 77.816666666666706, 35.525 ], [ 77.820833333333368, 35.525 ], [ 77.82429165310333, 35.524112616644999 ], [ 77.825702921549521, 35.513429260253936 ], [ 77.835289510091187, 35.504733954535624 ], [ 77.839710489908896, 35.503599378797773 ], [ 77.843622843424512, 35.500567287868954 ], [ 77.849149237738757, 35.499149068196644 ], [ 77.851163058810798, 35.491300794813398 ], [ 77.861562771267401, 35.500567287868954 ], [ 77.864710489908887, 35.49943271213111 ], [ 77.885289510091184, 35.479733954535618 ], [ 77.895833333333371, 35.4791666666667 ], [ 77.897148301866352, 35.474908786349857 ], [ 77.903920830620692, 35.470177883572077 ], [ 77.912403700086841, 35.471879408094651 ], [ 77.916011216905417, 35.477044338650202 ], [ 77.917426215277814, 35.495120408799941 ], [ 77.933333333333366, 35.495833333333366 ], [ 77.933900621202284, 35.523043823242219 ], [ 77.937038167317723, 35.527092149522602 ], [ 77.929733954535607, 35.535289510091175 ], [ 77.92859937879777, 35.543877156575554 ], [ 77.925013224283873, 35.548504299587705 ], [ 77.931122843424504, 35.553599378797777 ], [ 77.935543823242213, 35.554733954535621 ], [ 77.93958333333336, 35.557864549424941 ], [ 77.943622843424507, 35.554733954535621 ], [ 77.949149068196633, 35.553315734863311 ], [ 77.95, 35.55 ], [ 77.954166666666694, 35.55 ], [ 77.960506015353758, 35.549394904242654 ], [ 77.970045810275636, 35.541061570909321 ], [ 77.973006015353761, 35.542271762424079 ], [ 77.989493984646288, 35.557728237575986 ], [ 77.993839348687089, 35.558938429090745 ], [ 78.00199398464629, 35.566061570909319 ], [ 78.028281317816862, 35.567324998643691 ], [ 78.032728237575981, 35.57282731797963 ], [ 78.034110175238737, 35.582548522949253 ], [ 78.042424689398899, 35.583777194552979 ], [ 78.047827317979625, 35.579771762424073 ], [ 78.052172682020426, 35.578561570909322 ], [ 78.05616065131295, 35.57560509575741 ], [ 78.062130737304713, 35.573942565918003 ], [ 78.070228237575975, 35.564672682020429 ], [ 78.071438429090733, 35.560327317979635 ], [ 78.075605095757396, 35.554707336425814 ], [ 78.074394904242638, 35.551993984646302 ], [ 78.070712619357664, 35.547027248806458 ], [ 78.077172682020418, 35.545228237575984 ], [ 78.082792663574239, 35.541061570909321 ], [ 78.094873046875023, 35.542384847005238 ], [ 78.096438429090739, 35.548006015353764 ], [ 78.099394904242644, 35.551993984646302 ], [ 78.101328701443165, 35.558938429090745 ], [ 78.106339348687086, 35.557728237575986 ], [ 78.114493984646288, 35.550605095757412 ], [ 78.123006015353752, 35.549394904242654 ], [ 78.13254581027563, 35.541061570909321 ], [ 78.135506015353755, 35.542271762424079 ], [ 78.143660651312956, 35.549394904242654 ], [ 78.154166666666697, 35.55 ], [ 78.154770067003057, 35.534352959526942 ], [ 78.164456176757838, 35.525567287868952 ], [ 78.169982401529978, 35.524149068196643 ], [ 78.170833333333363, 35.520833333333364 ], [ 78.177424452039958, 35.521186659071212 ], [ 78.18162044949004, 35.525353325737882 ], [ 78.189954800075981, 35.524644131130671 ], [ 78.195480007595506, 35.519091118706626 ], [ 78.196188863118508, 35.510047743055587 ], [ 78.210075547960088, 35.496186659071213 ], [ 78.216666666666697, 35.495833333333366 ], [ 78.231377156575547, 35.49526604546444 ], [ 78.256122843424507, 35.471400621202285 ], [ 78.260543823242216, 35.470266045464442 ], [ 78.270178561740479, 35.461526997884143 ], [ 78.271400621202275, 35.447789510091177 ], [ 78.275919426812095, 35.442370944552984 ], [ 78.286612616644987, 35.440958150227893 ], [ 78.288387383355058, 35.434041849772164 ], [ 78.29804382324221, 35.43276604546444 ], [ 78.301956176757841, 35.429733954535621 ], [ 78.304913330078151, 35.42859937879777 ], [ 78.310289510091167, 35.43276604546444 ], [ 78.318877156575539, 35.433900621202284 ], [ 78.32278951009117, 35.43693271213111 ], [ 78.339710489908882, 35.438067287868954 ], [ 78.34375, 35.441197882758274 ], [ 78.347789510091175, 35.438067287868954 ], [ 78.352210489908884, 35.43693271213111 ], [ 78.357629055447077, 35.432413906521298 ], [ 78.358900621202281, 35.422789510091178 ], [ 78.361932712131107, 35.418877156575547 ], [ 78.363067287868944, 35.414456176757845 ], [ 78.36609937879777, 35.410543823242215 ], [ 78.367517598470073, 35.405017598470081 ], [ 78.374149068196644, 35.403315734863313 ], [ 78.375567287868947, 35.397789510091172 ], [ 78.379562547471807, 35.392634412977458 ], [ 78.385543823242216, 35.391099378797776 ], [ 78.389456176757832, 35.388067287868957 ], [ 78.404913330078145, 35.386932712131106 ], [ 78.410289510091175, 35.391099378797776 ], [ 78.428260972764775, 35.392304314507406 ], [ 78.429733954535621, 35.398043823242219 ], [ 78.441099378797773, 35.410289510091175 ], [ 78.441666666666691, 35.420833333333363 ], [ 78.449100409613735, 35.420172119140652 ], [ 78.45, 35.4166666666667 ], [ 78.453543090820332, 35.415757412380671 ], [ 78.454166666666694, 35.404166666666697 ], [ 78.454166666666694, 35.4 ], [ 78.458900621202289, 35.398785061306455 ], [ 78.457766045464439, 35.38945617675784 ], [ 78.45056728786895, 35.381377156575553 ], [ 78.449080234103761, 35.375582885742219 ], [ 78.439710489908876, 35.367233954535621 ], [ 78.433994547526069, 35.365767076280413 ], [ 78.432766045464433, 35.351956176757845 ], [ 78.429733954535621, 35.348043823242215 ], [ 78.429166666666688, 35.333333333333364 ], [ 78.410075547960091, 35.333686659071212 ], [ 78.406591118706629, 35.337146674262179 ], [ 78.404166666666697, 35.3375 ], [ 78.403523932562962, 35.335364956325982 ], [ 78.399357265896299, 35.329488457573817 ], [ 78.400642734103755, 35.310364956325984 ], [ 78.404809400770418, 35.304488457573811 ], [ 78.403313530815993, 35.291932678222686 ], [ 78.397916666666688, 35.288106113010009 ], [ 78.393016221788216, 35.291580708821641 ], [ 78.379809400770426, 35.277135043674072 ], [ 78.377957322862443, 35.270983208550376 ], [ 78.368801710340733, 35.263142734103759 ], [ 78.36185726589629, 35.261051940917994 ], [ 78.363142734103761, 35.256198289659316 ], [ 78.366023932562953, 35.252135043674073 ], [ 78.367309400770424, 35.243698289659321 ], [ 78.37019059922963, 35.23963504367407 ], [ 78.371476067437086, 35.235364956325981 ], [ 78.375250244140645, 35.230042182074683 ], [ 78.359104749891515, 35.228395250108534 ], [ 78.357561916775197, 35.213271416558186 ], [ 78.343698289659315, 35.211857265896299 ], [ 78.337821790907142, 35.207690599229629 ], [ 78.331198289659312, 35.208976067437092 ], [ 78.327135043674076, 35.211857265896299 ], [ 78.325, 35.2125 ], [ 78.324642266167558, 35.210045539008277 ], [ 78.310757785373283, 35.196186659071209 ], [ 78.308333333333351, 35.195833333333361 ], [ 78.308686659071199, 35.189242214626766 ], [ 78.316313340928843, 35.181591118706628 ], [ 78.31702440049915, 35.176711527506541 ], [ 78.326742214626762, 35.167019992404541 ], [ 78.333333333333357, 35.166666666666693 ], [ 78.335757785373289, 35.167019992404541 ], [ 78.339242214626765, 35.170480007595515 ], [ 78.341666666666697, 35.170833333333363 ], [ 78.348257785373292, 35.170480007595515 ], [ 78.355908881293431, 35.162853325737878 ], [ 78.360757785373295, 35.162146674262182 ], [ 78.364953782823378, 35.157980007595512 ], [ 78.385757785373286, 35.158686659071208 ], [ 78.389953782823369, 35.162853325737878 ], [ 78.398286437988304, 35.162144300672772 ], [ 78.408319600423198, 35.152084011501763 ], [ 78.404165310329887, 35.147900729709228 ], [ 78.410075547960091, 35.142019992404542 ], [ 78.414924452039955, 35.141313340928846 ], [ 78.41875, 35.137514580620689 ], [ 78.422575547960093, 35.141313340928846 ], [ 78.429166666666688, 35.141666666666694 ], [ 78.430054050021724, 35.138208346896732 ], [ 78.440779283311656, 35.13679165310333 ], [ 78.442517598470076, 35.130017428927978 ], [ 78.448043823242216, 35.128599378797773 ], [ 78.451956176757832, 35.125567287868954 ], [ 78.464710489908882, 35.124432712131103 ], [ 78.468622843424498, 35.121400621202284 ], [ 78.477210489908884, 35.12026604546444 ], [ 78.481122843424501, 35.117233954535621 ], [ 78.48554382324221, 35.11609937879777 ], [ 78.489456176757841, 35.113067287868951 ], [ 78.494982401529967, 35.111649237738746 ], [ 78.496801079644129, 35.10456271701392 ], [ 78.501956176757844, 35.100567287868948 ], [ 78.510543823242216, 35.099432712131104 ], [ 78.514456176757832, 35.096400621202285 ], [ 78.531377156575545, 35.095266045464435 ], [ 78.539456176757838, 35.088067287868952 ], [ 78.543877156575547, 35.086932712131102 ], [ 78.547789510091178, 35.083900621202282 ], [ 78.553770785861573, 35.082365587022593 ], [ 78.557766045464433, 35.077210489908879 ], [ 78.558333333333366, 35.075 ], [ 78.557226901584229, 35.071130032009577 ], [ 78.547993469238307, 35.063117472330759 ], [ 78.542434861924946, 35.061528184678849 ], [ 78.54071807861331, 35.049732462565132 ], [ 78.533802456325986, 35.05478413899742 ], [ 78.531173197428416, 35.053549194335965 ], [ 78.527160135904978, 35.050617472330757 ], [ 78.51450653076175, 35.049382527669295 ], [ 78.510493469238313, 35.046450805664087 ], [ 78.504463365342914, 35.044726901584227 ], [ 78.496389940049937, 35.035423109266517 ], [ 78.499382358127193, 35.031326972113746 ], [ 78.50061764187285, 35.010339694552975 ], [ 78.50895097520619, 35.000736829969647 ], [ 78.507715691460533, 34.997839694552979 ], [ 78.5005566067166, 34.989589775933183 ], [ 78.504241265190998, 34.984545898437524 ], [ 78.497839864095084, 34.982715861002632 ], [ 78.493826802571647, 34.979784138997424 ], [ 78.489506530761744, 34.978549194335962 ], [ 78.485416666666694, 34.975561523437527 ], [ 78.479635789659312, 34.979784138997424 ], [ 78.477006530761741, 34.978549194335962 ], [ 78.468826802571641, 34.971450805664091 ], [ 78.456173197428413, 34.970215861002629 ], [ 78.451400078667561, 34.96672905815975 ], [ 78.442284308539527, 34.977006361219644 ], [ 78.441666666666691, 34.979166666666693 ], [ 78.439456176757844, 34.978599378797767 ], [ 78.435543823242213, 34.975567287868948 ], [ 78.421732923719645, 34.974338785807319 ], [ 78.42026604546443, 34.968622843424505 ], [ 78.415706888834663, 34.963155788845512 ], [ 78.40833333333336, 34.9625 ], [ 78.409153917100724, 34.954455905490477 ], [ 78.414531622992641, 34.950642903645857 ], [ 78.420088365342906, 34.948969862196208 ], [ 78.421708848741346, 34.933083089192735 ], [ 78.42884487575958, 34.938142903645861 ], [ 78.431301710340733, 34.936857096354196 ], [ 78.439531622992646, 34.929809570312528 ], [ 78.444869147406706, 34.928202311197943 ], [ 78.446476067437089, 34.922865125868078 ], [ 78.453523932562959, 34.91463487413197 ], [ 78.454166666666694, 34.9125 ], [ 78.460787116156709, 34.91214497884117 ], [ 78.466313340928849, 34.906591118706622 ], [ 78.466666666666697, 34.883333333333361 ], [ 78.477160135904967, 34.883950805664085 ], [ 78.481256612141948, 34.886943223741348 ], [ 78.489506530761744, 34.879784138997422 ], [ 78.493826802571647, 34.87854919433596 ], [ 78.497839864095084, 34.875617472330752 ], [ 78.503869967990482, 34.873893568250892 ], [ 78.511882358127195, 34.864660305447075 ], [ 78.513309563530839, 34.854854668511308 ], [ 78.535493469238304, 34.853549194335962 ], [ 78.547839864095081, 34.842284138997421 ], [ 78.55, 34.84166666666669 ], [ 78.55085093180341, 34.844982571072073 ], [ 78.554166666666688, 34.84583333333336 ], [ 78.560757785373283, 34.846186659071208 ], [ 78.564242214626759, 34.849646674262175 ], [ 78.566666666666691, 34.85 ], [ 78.571199205186659, 34.851163058810791 ], [ 78.563067287868947, 34.860289510091171 ], [ 78.5625, 34.870833333333358 ], [ 78.564660135904973, 34.87145080566409 ], [ 78.56867319742841, 34.874382527669297 ], [ 78.574886067708363, 34.876158650716171 ], [ 78.578549024793858, 34.881173027886312 ], [ 78.57978430853953, 34.88549363878041 ], [ 78.582715691460535, 34.889506361219645 ], [ 78.584259711371558, 34.894906955295163 ], [ 78.589660135904978, 34.896450805664088 ], [ 78.593756612141959, 34.899443223741343 ], [ 78.602006530761741, 34.892284138997425 ], [ 78.615864054362007, 34.890931532118081 ], [ 78.617528110080329, 34.879497612847246 ], [ 78.624530877007402, 34.874382527669297 ], [ 78.631326802571635, 34.875617472330752 ], [ 78.635339864095073, 34.87854919433596 ], [ 78.65833333333336, 34.879166666666691 ], [ 78.658862813313831, 34.864418538411485 ], [ 78.662104119194908, 34.860416666666694 ], [ 78.657803853352888, 34.855107286241342 ], [ 78.659308369954459, 34.85057678222659 ], [ 78.670833333333363, 34.85 ], [ 78.671970452202714, 34.845568847656274 ], [ 78.678420003255241, 34.850567287868948 ], [ 78.68137715657555, 34.849432712131104 ], [ 78.689456176757844, 34.842233954535615 ], [ 78.695195685492649, 34.840760972764784 ], [ 78.696400621202287, 34.82278951009117 ], [ 78.699432712131099, 34.818877156575546 ], [ 78.700967746310795, 34.812896050347248 ], [ 78.706122843424509, 34.808900621202284 ], [ 78.711649068196635, 34.807482571072072 ], [ 78.7125, 34.804166666666688 ], [ 78.711913892957924, 34.771752251519125 ], [ 78.706122843424509, 34.770266045464432 ], [ 78.702210489908879, 34.767233954535612 ], [ 78.69778951009117, 34.766099378797769 ], [ 78.693877156575553, 34.76306728786895 ], [ 78.680139668782573, 34.76184522840714 ], [ 78.671400621202281, 34.752210489908876 ], [ 78.670124816894557, 34.742554050021724 ], [ 78.6666666666667, 34.741666666666688 ], [ 78.667554050021735, 34.738208346896727 ], [ 78.677210489908887, 34.7369327121311 ], [ 78.681122843424504, 34.733900621202281 ], [ 78.683333333333366, 34.733333333333356 ], [ 78.683686659071213, 34.726742214626761 ], [ 78.687146674262181, 34.723257785373292 ], [ 78.6875, 34.72083333333336 ], [ 78.689635043674073, 34.721476236979193 ], [ 78.693698289659309, 34.72435709635419 ], [ 78.703152465820338, 34.725797865125891 ], [ 78.705348036024333, 34.733090549045166 ], [ 78.722864956325978, 34.749357096354188 ], [ 78.735468377007408, 34.750642903645861 ], [ 78.74134487575958, 34.754809570312524 ], [ 78.74796837700741, 34.753523763020858 ], [ 78.752031622992646, 34.750642903645861 ], [ 78.757369147406706, 34.749035644531276 ], [ 78.758976067437089, 34.743698459201411 ], [ 78.766023932562959, 34.735468207465303 ], [ 78.767876010470943, 34.729316541883705 ], [ 78.77707841661244, 34.721436225043426 ], [ 78.783011542426237, 34.725642903645856 ], [ 78.785468377007405, 34.72435709635419 ], [ 78.789531622992655, 34.721476236979193 ], [ 78.795856899685361, 34.719571601019993 ], [ 78.79935726589629, 34.714634874131967 ], [ 78.800843302408879, 34.704882473415822 ], [ 78.824223327636744, 34.703446790907144 ], [ 78.825, 34.695833333333354 ], [ 78.824432712131099, 34.693622843424507 ], [ 78.813067287868947, 34.681377156575543 ], [ 78.811838785807325, 34.667566257052975 ], [ 78.806122843424504, 34.666099378797767 ], [ 78.802210489908887, 34.663067287868948 ], [ 78.795266045464444, 34.661285061306451 ], [ 78.796400621202281, 34.656122843424505 ], [ 78.800567287868958, 34.650746663411482 ], [ 78.799432712131107, 34.647789510091172 ], [ 78.796400621202281, 34.643877156575542 ], [ 78.795833333333363, 34.641666666666694 ], [ 78.795833333333363, 34.6375 ], [ 78.788443332248292, 34.636889987521727 ], [ 78.786970520019565, 34.632233344184051 ], [ 78.796960449218773, 34.621402316623289 ], [ 78.808333333333366, 34.620833333333358 ], [ 78.835493469238315, 34.62145080566409 ], [ 78.84119754367407, 34.625617472330752 ], [ 78.894825236002632, 34.624358791775194 ], [ 78.896450805664088, 34.61867302788631 ], [ 78.899382527669303, 34.614660305447075 ], [ 78.900802612304716, 34.604901801215298 ], [ 78.915866767035624, 34.603431193033877 ], [ 78.920215861002632, 34.597993638780409 ], [ 78.920833333333363, 34.59166666666669 ], [ 78.93137715657555, 34.591099378797765 ], [ 78.935289510091181, 34.588067287868945 ], [ 78.944945949978333, 34.586791653103319 ], [ 78.945833333333368, 34.583333333333357 ], [ 78.946186659071216, 34.576742214626762 ], [ 78.949646674262183, 34.573257785373286 ], [ 78.95, 34.570833333333354 ], [ 78.952210489908879, 34.570266045464436 ], [ 78.960289510091172, 34.563067287868947 ], [ 78.969945949978325, 34.56179165310332 ], [ 78.971684095594654, 34.555017428927975 ], [ 78.977210489908884, 34.553599378797763 ], [ 78.982586669921901, 34.5494327121311 ], [ 78.99387715657555, 34.550567287868944 ], [ 78.999253336588566, 34.554733954535614 ], [ 79.015678914388047, 34.553528171115474 ], [ 79.024432712131102, 34.543877156575547 ], [ 79.025, 34.541666666666693 ], [ 79.026035563151069, 34.538312445746548 ], [ 79.035455661349857, 34.53684455023874 ], [ 79.039544338650202, 34.533988783094642 ], [ 79.045074462890653, 34.532281155056445 ], [ 79.046488783094645, 34.51871100531686 ], [ 79.053511216905406, 34.510455661349852 ], [ 79.055149671766529, 34.505149671766517 ], [ 79.060455661349863, 34.503511216905402 ], [ 79.064544338650208, 34.500655449761311 ], [ 79.068788994683189, 34.499344550238739 ], [ 79.072877671983534, 34.496488783094641 ], [ 79.096101548936659, 34.49503309461808 ], [ 79.091011216905414, 34.487745836046031 ], [ 79.094329833984403, 34.481749810112873 ], [ 79.097877671983539, 34.479822116427975 ], [ 79.113155449761322, 34.478230116102452 ], [ 79.111844550238743, 34.4645443386502 ], [ 79.108386569552977, 34.459594048394123 ], [ 79.114544338650205, 34.454822116427977 ], [ 79.118788994683186, 34.453511216905405 ], [ 79.122916666666697, 34.450627983940997 ], [ 79.127898152669303, 34.454107666015645 ], [ 79.129166666666691, 34.45 ], [ 79.132672119140651, 34.449100409613735 ], [ 79.133333333333368, 34.441666666666691 ], [ 79.132445949978333, 34.438208346896722 ], [ 79.122789510091181, 34.436932712131096 ], [ 79.114710489908887, 34.429733954535614 ], [ 79.097789510091175, 34.428599378797763 ], [ 79.093877156575559, 34.425567287868944 ], [ 79.087896050347254, 34.424032253689262 ], [ 79.083900621202289, 34.41887715657554 ], [ 79.083333333333371, 34.416666666666686 ], [ 79.081122843424509, 34.416099378797767 ], [ 79.077210489908879, 34.413067287868948 ], [ 79.072048272026933, 34.411932712131097 ], [ 79.070266045464436, 34.41887715657554 ], [ 79.067233954535624, 34.422789510091171 ], [ 79.065770128038224, 34.428492906358528 ], [ 79.053420003255241, 34.429733954535614 ], [ 79.048043823242224, 34.425567287868944 ], [ 79.039456176757838, 34.4244327121311 ], [ 79.035543823242222, 34.421400621202281 ], [ 79.03333333333336, 34.420833333333356 ], [ 79.032672119140656, 34.413399590386305 ], [ 79.026956176757849, 34.411932712131097 ], [ 79.018877156575556, 34.404733954535615 ], [ 78.993622843424504, 34.403599378797765 ], [ 78.989710489908887, 34.400567287868945 ], [ 78.976956176757838, 34.399432712131102 ], [ 78.964710489908882, 34.388067287868942 ], [ 78.9625, 34.3875 ], [ 78.9625, 34.370833333333358 ], [ 78.960289510091172, 34.370266045464433 ], [ 78.942562188042558, 34.353489515516515 ], [ 78.941099378797773, 34.347789510091168 ], [ 78.938067287868947, 34.343877156575545 ], [ 78.93693271213111, 34.335289510091165 ], [ 78.933900621202284, 34.331377156575542 ], [ 78.932766045464433, 34.32278951009117 ], [ 78.929733954535621, 34.318877156575539 ], [ 78.928257581922779, 34.313123575846376 ], [ 78.9166666666667, 34.3125 ], [ 78.9166666666667, 34.308333333333351 ], [ 78.901956176757835, 34.308900621202277 ], [ 78.896801079644121, 34.312896050347241 ], [ 78.894945949978322, 34.320124986436653 ], [ 78.88528951009117, 34.32140062120228 ], [ 78.881377156575553, 34.324432712131099 ], [ 78.876956176757844, 34.325567287868942 ], [ 78.873043823242213, 34.328599378797762 ], [ 78.868622843424504, 34.329733954535612 ], [ 78.863467746310789, 34.333729383680577 ], [ 78.861932712131107, 34.339710489908875 ], [ 78.857937282986143, 34.344865587022589 ], [ 78.8541666666667, 34.345833333333353 ], [ 78.843408881293428, 34.346186659071201 ], [ 78.839924452039952, 34.349646674262175 ], [ 78.822575547960099, 34.350353325737871 ], [ 78.819091118706623, 34.353813340928838 ], [ 78.814242214626759, 34.354519992404533 ], [ 78.810757785373298, 34.357980007595508 ], [ 78.801742214626771, 34.358686659071203 ], [ 78.798257785373295, 34.362146674262178 ], [ 78.794120449490052, 34.362853325737866 ], [ 78.789924452039955, 34.358686659071203 ], [ 78.781616889105933, 34.357980007595508 ], [ 78.769091118706626, 34.370480007595511 ], [ 78.760075547960099, 34.371186659071199 ], [ 78.752084011501765, 34.379152764214432 ], [ 78.748257785373298, 34.375353325737869 ], [ 78.743408881293433, 34.374646674262173 ], [ 78.739924452039958, 34.371186659071199 ], [ 78.7125, 34.370833333333358 ], [ 78.712146674262186, 34.368408881293426 ], [ 78.708686659071205, 34.364924452039951 ], [ 78.708333333333357, 34.3625 ], [ 78.693408881293436, 34.362146674262178 ], [ 78.689924452039961, 34.358686659071203 ], [ 78.685075547960096, 34.357980007595508 ], [ 78.681591118706621, 34.354519992404533 ], [ 78.673287116156715, 34.353813340928838 ], [ 78.669091118706618, 34.357980007595508 ], [ 78.664953782823375, 34.358686659071203 ], [ 78.660757785373292, 34.354519992404533 ], [ 78.651742214626765, 34.353813340928838 ], [ 78.648257785373289, 34.350353325737871 ], [ 78.645833333333357, 34.35 ], [ 78.646450975206193, 34.339506361219641 ], [ 78.649382358127198, 34.335493638780406 ], [ 78.651158820258274, 34.329280598958356 ], [ 78.656173197428416, 34.325617472330748 ], [ 78.660493469238304, 34.324382527669293 ], [ 78.664506530761741, 34.321450805664085 ], [ 78.668826802571644, 34.320215861002623 ], [ 78.672839864095081, 34.317284138997415 ], [ 78.68549346923831, 34.31604919433596 ], [ 78.689506530761747, 34.313117472330752 ], [ 78.693826802571635, 34.31188252766929 ], [ 78.697839864095073, 34.308950805664082 ], [ 78.707539198133702, 34.307539198133703 ], [ 78.709146626790385, 34.296494886610262 ], [ 78.744959004720073, 34.29517381456165 ], [ 78.757715691460533, 34.281326972113739 ], [ 78.758333333333354, 34.266666666666687 ], [ 78.754166666666691, 34.266666666666687 ], [ 78.751956176757844, 34.266099378797762 ], [ 78.746489291720948, 34.26154005262589 ], [ 78.745172119140648, 34.246732923719641 ], [ 78.73835093180341, 34.244982571072072 ], [ 78.73661261664499, 34.23820834689672 ], [ 78.726956176757838, 34.2369327121311 ], [ 78.710543823242219, 34.221400621202278 ], [ 78.701956176757847, 34.220266045464427 ], [ 78.698043823242216, 34.217233954535608 ], [ 78.693622843424507, 34.216099378797765 ], [ 78.68137715657555, 34.204733954535612 ], [ 78.67585093180341, 34.2033159044054 ], [ 78.67411261664499, 34.196541680230055 ], [ 78.664456176757838, 34.195266045464429 ], [ 78.656258816189265, 34.187961832682312 ], [ 78.652210489908882, 34.191099378797766 ], [ 78.645833333333357, 34.191666666666684 ], [ 78.645480007595509, 34.180908881293426 ], [ 78.637853325737879, 34.173257785373281 ], [ 78.6375, 34.1625 ], [ 78.630908881293436, 34.162146674262175 ], [ 78.627424452039961, 34.158686659071201 ], [ 78.619117736816435, 34.157980007595505 ], [ 78.610757785373295, 34.166313340928838 ], [ 78.605908881293431, 34.167019992404533 ], [ 78.602424452039955, 34.170480007595508 ], [ 78.594120449490049, 34.171186659071203 ], [ 78.589924452039952, 34.167019992404533 ], [ 78.580908881293425, 34.166313340928838 ], [ 78.571191067165827, 34.15662163628474 ], [ 78.570833333333354, 34.15416666666669 ], [ 78.570480007595506, 34.151742214626758 ], [ 78.567019992404539, 34.148257785373282 ], [ 78.566666666666691, 34.133333333333354 ], [ 78.546749030219218, 34.133931816948802 ], [ 78.54526604546443, 34.139710489908872 ], [ 78.542233954535618, 34.143622843424502 ], [ 78.541099378797767, 34.148043823242205 ], [ 78.538067287868955, 34.151956176757835 ], [ 78.536932712131104, 34.156377156575545 ], [ 78.533900621202278, 34.160289510091168 ], [ 78.532766045464442, 34.16887715657554 ], [ 78.525567287868952, 34.176956176757834 ], [ 78.524432712131102, 34.185543823242206 ], [ 78.519913906521296, 34.190962388780406 ], [ 78.51028951009117, 34.19223395453561 ], [ 78.502210489908876, 34.199432712131099 ], [ 78.485289510091178, 34.200567287868942 ], [ 78.481377156575547, 34.203599378797762 ], [ 78.479166666666686, 34.204166666666687 ], [ 78.475708516438829, 34.203279283311652 ], [ 78.474432712131104, 34.1936228434245 ], [ 78.467233954535615, 34.185543823242206 ], [ 78.465815734863313, 34.180017428927968 ], [ 78.4625, 34.179166666666688 ], [ 78.451742214626762, 34.179519992404536 ], [ 78.444091118706623, 34.187146674262173 ], [ 78.435075547960096, 34.187853325737869 ], [ 78.421191067165822, 34.201712375217035 ], [ 78.420833333333363, 34.204166666666687 ], [ 78.418585035536054, 34.204696316189256 ], [ 78.409089999728764, 34.213454182942726 ], [ 78.407803853352888, 34.218914794921893 ], [ 78.404562547471812, 34.222916666666684 ], [ 78.407803853352888, 34.226918538411482 ], [ 78.408862813313831, 34.231414794921896 ], [ 78.412982008192301, 34.23650071885853 ], [ 78.411278788248723, 34.241969129774326 ], [ 78.406414964464005, 34.238029649522588 ], [ 78.393585035536049, 34.236970350477449 ], [ 78.385581631130663, 34.229696316189255 ], [ 78.368585035536043, 34.228637017144116 ], [ 78.360581631130671, 34.221362982855922 ], [ 78.354166666666686, 34.220833333333353 ], [ 78.353505452473982, 34.213399590386302 ], [ 78.346470981174065, 34.211594306098114 ], [ 78.345266045464427, 34.1936228434245 ], [ 78.342233954535615, 34.189710489908876 ], [ 78.340815734863313, 34.184184095594638 ], [ 78.333729214138486, 34.182365587022588 ], [ 78.328599378797762, 34.175746663411481 ], [ 78.329733954535612, 34.172789510091164 ], [ 78.333900621202275, 34.167413330078148 ], [ 78.332695007324247, 34.150987752278667 ], [ 78.323043823242216, 34.142233954535612 ], [ 78.318622843424507, 34.141099378797762 ], [ 78.314710489908876, 34.138067287868942 ], [ 78.3125, 34.1375 ], [ 78.312146674262181, 34.126742214626759 ], [ 78.304519992404536, 34.119091118706621 ], [ 78.303813340928841, 34.114242214626756 ], [ 78.300353325737873, 34.110757785373281 ], [ 78.3, 34.095833333333353 ], [ 78.293408881293431, 34.095480007595505 ], [ 78.281591118706615, 34.083686659071198 ], [ 78.277453782823372, 34.082980007595509 ], [ 78.273257785373289, 34.087146674262172 ], [ 78.260787116156706, 34.087853325737868 ], [ 78.256591118706623, 34.083686659071198 ], [ 78.248287116156703, 34.082980007595509 ], [ 78.244091118706621, 34.087146674262172 ], [ 78.223287116156712, 34.087853325737868 ], [ 78.219091118706615, 34.083686659071198 ], [ 78.204166666666694, 34.08333333333335 ], [ 78.204784308539516, 34.068673027886305 ], [ 78.208950975206193, 34.062969292534738 ], [ 78.207715691460521, 34.060339694552972 ], [ 78.200617641872853, 34.052160305447067 ], [ 78.199205864800376, 34.042460801866341 ], [ 78.189506530761747, 34.041049194335955 ], [ 78.181326802571633, 34.033950805664084 ], [ 78.177006530761744, 34.032715861002622 ], [ 78.172993469238307, 34.029784138997414 ], [ 78.170833333333363, 34.029166666666683 ], [ 78.170833333333363, 34.025 ], [ 78.166666666666686, 34.025 ], [ 78.165815734863301, 34.028315904405403 ], [ 78.1625, 34.029166666666683 ], [ 78.161582946777372, 34.032740614149326 ], [ 78.1375, 34.033333333333353 ], [ 78.126742214626759, 34.033686659071201 ], [ 78.123257785373283, 34.037146674262175 ], [ 78.101742214626753, 34.037853325737863 ], [ 78.081591118706626, 34.057980007595503 ], [ 78.064242214626759, 34.058686659071199 ], [ 78.056591118706621, 34.066313340928836 ], [ 78.054166666666688, 34.066666666666684 ], [ 78.043698289659318, 34.066023763020851 ], [ 78.039635043674068, 34.063142903645854 ], [ 78.035364956325978, 34.061857096354188 ], [ 78.031301710340728, 34.058976236979184 ], [ 78.002031622992646, 34.057690429687518 ], [ 77.98963504367407, 34.046476236979188 ], [ 77.979931471082921, 34.044997490776929 ], [ 77.978395250108534, 34.029938083224849 ], [ 77.963335842556447, 34.028402031792552 ], [ 77.961857265896285, 34.01869845920141 ], [ 77.954016791449675, 34.009542846679707 ], [ 77.947864956325972, 34.007690429687521 ], [ 77.943801710340736, 34.004809570312517 ], [ 77.9375, 34.004166666666684 ], [ 77.936932712131096, 33.993622843424497 ], [ 77.933900621202284, 33.989710489908873 ], [ 77.932766045464433, 33.985289510091164 ], [ 77.929733954535607, 33.98137715657554 ], [ 77.928315734863304, 33.975850762261302 ], [ 77.925, 33.975 ], [ 77.925567287868944, 33.968622843424498 ], [ 77.92859937879777, 33.964710489908875 ], [ 77.930017598470073, 33.959184095594637 ], [ 77.936791483561223, 33.957445949978315 ], [ 77.93820851643882, 33.94672071668839 ], [ 77.941666666666691, 33.945833333333354 ], [ 77.942019992404539, 33.926742214626771 ], [ 77.945480007595506, 33.923257785373295 ], [ 77.946186659071202, 33.918408881293438 ], [ 77.94998541937936, 33.914583333333368 ], [ 77.945847913954012, 33.910416666666698 ], [ 77.949646674262169, 33.906591118706629 ], [ 77.95, 33.9 ], [ 77.952210489908879, 33.899432712131109 ], [ 77.956122843424495, 33.896400621202289 ], [ 77.960543823242205, 33.895266045464446 ], [ 77.968622843424498, 33.888067287868957 ], [ 77.974149068196638, 33.886649068196647 ], [ 77.975567287868941, 33.881122843424514 ], [ 77.978599378797767, 33.87721048990889 ], [ 77.980134412977449, 33.871229214138488 ], [ 77.985289510091164, 33.867233954535621 ], [ 77.989710489908873, 33.866099378797777 ], [ 77.993622843424504, 33.863067287868958 ], [ 77.99914906819663, 33.861649068196648 ], [ 78.0, 33.85833333333337 ], [ 78.000353325737876, 33.851742214626768 ], [ 78.007980007595506, 33.844091118706629 ], [ 78.008686659071202, 33.839242214626772 ], [ 78.012146674262169, 33.835757785373296 ], [ 78.0125, 33.833333333333364 ], [ 78.027210489908882, 33.832766045464446 ], [ 78.032586669921898, 33.828599378797776 ], [ 78.04804382324221, 33.829733954535627 ], [ 78.051956176757841, 33.832766045464446 ], [ 78.056377156575536, 33.833900621202289 ], [ 78.060289510091167, 33.836932712131109 ], [ 78.064710489908876, 33.838067287868959 ], [ 78.073836771647152, 33.846199205186664 ], [ 78.075917053222682, 33.838092888726159 ], [ 78.1, 33.8375 ], [ 78.100567287868941, 33.835289510091179 ], [ 78.103599378797767, 33.831377156575556 ], [ 78.104804314507405, 33.813405693901942 ], [ 78.11054382324221, 33.81193271213111 ], [ 78.118622843424504, 33.804733954535621 ], [ 78.123043823242213, 33.803599378797777 ], [ 78.140655008951853, 33.786932712131112 ], [ 78.149101765950547, 33.788229709201424 ], [ 78.153599378797765, 33.793622843424515 ], [ 78.155381605360262, 33.800567287868958 ], [ 78.170376586914088, 33.785432264539963 ], [ 78.167233954535618, 33.781377156575552 ], [ 78.166666666666686, 33.775 ], [ 78.163350931803407, 33.77414906819665 ], [ 78.161932712131104, 33.768622843424509 ], [ 78.158802117241777, 33.764583333333363 ], [ 78.162895880805138, 33.759301079644132 ], [ 78.168877156575547, 33.757766045464443 ], [ 78.172789510091164, 33.754733954535624 ], [ 78.1875, 33.754166666666698 ], [ 78.191059197319902, 33.753253343370261 ], [ 78.191666666666706, 33.7375 ], [ 78.194121805826853, 33.737142266167567 ], [ 78.204152933756532, 33.727084011501766 ], [ 78.200353325737865, 33.723257785373299 ], [ 78.2, 33.716666666666697 ], [ 78.20331573486331, 33.715815734863313 ], [ 78.205070156521288, 33.708979119194908 ], [ 78.218738640679277, 33.696293131510451 ], [ 78.222789510091175, 33.699432712131106 ], [ 78.231377156575547, 33.700567287868957 ], [ 78.235416666666694, 33.703697882758277 ], [ 78.239456176757841, 33.700567287868957 ], [ 78.254166666666691, 33.7 ], [ 78.254519992404539, 33.693408881293436 ], [ 78.262146674262183, 33.685757785373298 ], [ 78.2625, 33.679166666666703 ], [ 78.26306728786895, 33.676956176757848 ], [ 78.266099378797762, 33.673043823242217 ], [ 78.267327880859398, 33.659232923719649 ], [ 78.270833333333357, 33.658333333333367 ], [ 78.273257785373289, 33.657980007595519 ], [ 78.276742214626765, 33.654519992404545 ], [ 78.281591118706615, 33.653813340928849 ], [ 78.289242214626768, 33.646186659071212 ], [ 78.291666666666686, 33.645833333333364 ], [ 78.294091118706618, 33.645480007595516 ], [ 78.301742214626756, 33.637853325737879 ], [ 78.306591118706621, 33.637146674262183 ], [ 78.314242214626759, 33.629519992404546 ], [ 78.319091118706623, 33.628813340928851 ], [ 78.323287116156706, 33.624646674262188 ], [ 78.331591118706626, 33.625353325737876 ], [ 78.335787116156709, 33.629519992404546 ], [ 78.339924452039952, 33.628813340928851 ], [ 78.347575547960091, 33.621186659071213 ], [ 78.356591118706618, 33.620480007595518 ], [ 78.360075547960093, 33.617019992404543 ], [ 78.3625, 33.616666666666696 ], [ 78.3625, 33.6125 ], [ 78.362146674262178, 33.593408881293435 ], [ 78.358686659071211, 33.589924452039959 ], [ 78.358333333333363, 33.575 ], [ 78.35501759847007, 33.574149068196647 ], [ 78.353599378797767, 33.568622843424514 ], [ 78.350567287868955, 33.564710489908883 ], [ 78.35, 33.558333333333366 ], [ 78.350850931803407, 33.55501759847008 ], [ 78.357709757487001, 33.553257412380674 ], [ 78.358333333333363, 33.5416666666667 ], [ 78.364710489908873, 33.541099378797774 ], [ 78.368622843424504, 33.538067287868955 ], [ 78.374291483561223, 33.536612616644994 ], [ 78.375567287868947, 33.526956176757842 ], [ 78.378599378797773, 33.523043823242219 ], [ 78.379166666666691, 33.520833333333364 ], [ 78.383333333333354, 33.520833333333364 ], [ 78.384548272026933, 33.525567287868952 ], [ 78.393877156575542, 33.524432712131109 ], [ 78.399253336588572, 33.520266045464439 ], [ 78.406377156575545, 33.521400621202289 ], [ 78.411753336588561, 33.525567287868952 ], [ 78.418877156575547, 33.524432712131109 ], [ 78.422916666666694, 33.521302117241788 ], [ 78.427083333333357, 33.52453121609161 ], [ 78.432586669921903, 33.520266045464439 ], [ 78.452210489908879, 33.521400621202289 ], [ 78.45625, 33.52453121609161 ], [ 78.460289510091172, 33.521400621202289 ], [ 78.465815734863313, 33.51998240152998 ], [ 78.466666666666697, 33.516666666666694 ], [ 78.467233954535615, 33.514456176757847 ], [ 78.478599378797767, 33.502210489908883 ], [ 78.479733954535618, 33.497789510091174 ], [ 78.483900621202281, 33.492413330078158 ], [ 78.48276604546443, 33.485289510091178 ], [ 78.479733954535618, 33.481377156575554 ], [ 78.478599378797767, 33.476956176757845 ], [ 78.471295166015651, 33.468758816189265 ], [ 78.475567287868955, 33.463246663411489 ], [ 78.474432712131104, 33.456122843424509 ], [ 78.471400621202278, 33.452210489908886 ], [ 78.470266045464442, 33.447789510091177 ], [ 78.463067287868952, 33.439710489908883 ], [ 78.461649068196635, 33.43418426513675 ], [ 78.458333333333357, 33.433333333333366 ], [ 78.454790242513042, 33.432424079047337 ], [ 78.454166666666694, 33.420833333333363 ], [ 78.450661214192735, 33.41993374294708 ], [ 78.449432712131099, 33.406122843424512 ], [ 78.446400621202287, 33.402210489908882 ], [ 78.445833333333354, 33.395833333333364 ], [ 78.446400621202287, 33.38945617675784 ], [ 78.449432712131099, 33.385543823242216 ], [ 78.450661214192735, 33.371732923719648 ], [ 78.457937452528242, 33.369865587022602 ], [ 78.461932712131102, 33.364710489908887 ], [ 78.463067287868952, 33.356122843424508 ], [ 78.466099378797765, 33.352210489908884 ], [ 78.467233954535615, 33.347789510091175 ], [ 78.471400621202278, 33.342413330078152 ], [ 78.470266045464442, 33.32695617675784 ], [ 78.467233954535615, 33.323043823242216 ], [ 78.466099378797765, 33.310289510091174 ], [ 78.462968783908451, 33.30625 ], [ 78.466197882758266, 33.302083333333364 ], [ 78.463067287868952, 33.298043823242217 ], [ 78.4625, 33.291666666666693 ], [ 78.462146674262172, 33.289242214626768 ], [ 78.458686659071205, 33.285757785373292 ], [ 78.457980007595509, 33.280908881293435 ], [ 78.454519992404542, 33.277424452039959 ], [ 78.454166666666694, 33.270833333333364 ], [ 78.454166666666694, 33.266666666666694 ], [ 78.422575547960093, 33.267019992404542 ], [ 78.419091118706618, 33.270480007595516 ], [ 78.405908881293428, 33.271186659071212 ], [ 78.402424452039952, 33.274646674262179 ], [ 78.393408881293425, 33.275353325737875 ], [ 78.389924452039949, 33.278813340928849 ], [ 78.376742214626759, 33.279519992404545 ], [ 78.37119140625002, 33.28504316541887 ], [ 78.370480007595518, 33.289924452039962 ], [ 78.35245412190757, 33.307975769042997 ], [ 78.347575547960091, 33.308686659071213 ], [ 78.342024739583351, 33.314209832085531 ], [ 78.341666666666697, 33.316666666666698 ], [ 78.338350931803404, 33.315815734863314 ], [ 78.336932712131102, 33.310289510091174 ], [ 78.329733954535612, 33.30221048990888 ], [ 78.32831573486331, 33.296684265136747 ], [ 78.32278951009117, 33.295266045464437 ], [ 78.318877156575539, 33.292233954535618 ], [ 78.310289510091167, 33.291099378797774 ], [ 78.30637715657555, 33.288067287868955 ], [ 78.296720716688398, 33.286791483561224 ], [ 78.295833333333363, 33.28333333333336 ], [ 78.289456176757838, 33.283900621202285 ], [ 78.285543823242207, 33.286932712131104 ], [ 78.281122843424498, 33.288067287868955 ], [ 78.277210489908882, 33.291099378797774 ], [ 78.261753336588569, 33.292233954535618 ], [ 78.256377156575539, 33.288067287868955 ], [ 78.238714938693604, 33.286932712131104 ], [ 78.23661261664499, 33.295124816894557 ], [ 78.226956176757838, 33.296400621202288 ], [ 78.223043823242207, 33.299432712131107 ], [ 78.220086669921898, 33.300567287868951 ], [ 78.214574517144115, 33.296295166015653 ], [ 78.206377156575542, 33.30359937879777 ], [ 78.2, 33.304166666666696 ], [ 78.199432712131099, 33.297789510091178 ], [ 78.196400621202287, 33.293877156575547 ], [ 78.195266045464436, 33.276956176757842 ], [ 78.179733954535607, 33.260543823242216 ], [ 78.178263176812095, 33.254812452528242 ], [ 78.164710489908884, 33.242233954535621 ], [ 78.151956176757835, 33.24109937879777 ], [ 78.143877156575542, 33.233900621202288 ], [ 78.13422071668839, 33.232624816894557 ], [ 78.132766045464436, 33.226956176757838 ], [ 78.125567287868947, 33.218877156575552 ], [ 78.124432712131096, 33.206122843424509 ], [ 78.121400621202284, 33.202210489908886 ], [ 78.120833333333351, 33.1875 ], [ 78.120833333333351, 33.183333333333358 ], [ 78.140750969780839, 33.183931816948814 ], [ 78.142837863498286, 33.192063903808624 ], [ 78.156122843424498, 33.179733954535621 ], [ 78.161649068196638, 33.178315734863311 ], [ 78.163067287868941, 33.172789510091171 ], [ 78.166099378797767, 33.168877156575547 ], [ 78.166666666666686, 33.15 ], [ 78.166666666666686, 33.145833333333364 ], [ 78.160289510091175, 33.145266045464439 ], [ 78.156377156575545, 33.142233954535619 ], [ 78.145086669921895, 33.141099378797769 ], [ 78.139710489908879, 33.145266045464439 ], [ 78.132586669921892, 33.146400621202282 ], [ 78.127210489908876, 33.142233954535619 ], [ 78.114456176757841, 33.141099378797769 ], [ 78.106377156575547, 33.133900621202287 ], [ 78.095086669921898, 33.132766045464436 ], [ 78.089710489908882, 33.136932712131106 ], [ 78.076956176757832, 33.13806728786895 ], [ 78.072907850477449, 33.141204833984403 ], [ 78.064710489908876, 33.133900621202287 ], [ 78.047789510091164, 33.132766045464436 ], [ 78.043877156575547, 33.129733954535617 ], [ 78.026956176757835, 33.128599378797773 ], [ 78.021537611219642, 33.124080403645863 ], [ 78.020124816894551, 33.113387383355061 ], [ 78.014456176757832, 33.111932712131107 ], [ 78.010543823242216, 33.108900621202281 ], [ 78.005017598470076, 33.107482571072076 ], [ 78.004166666666691, 33.104166666666693 ], [ 78.004166666666691, 33.1 ], [ 78.004166666666691, 33.083333333333364 ], [ 77.997877671983531, 33.082677883572075 ], [ 77.993788994683186, 33.079822116427977 ], [ 77.980219014485698, 33.078407796223985 ], [ 77.978511216905403, 33.072877671983534 ], [ 77.975655449761305, 33.068788994683189 ], [ 77.97434455023874, 33.060377671983531 ], [ 77.971488783094642, 33.056288994683186 ], [ 77.970177883572077, 33.043711005316865 ], [ 77.967322116427979, 33.03962232801652 ], [ 77.9660112169054, 33.0270443386502 ], [ 77.963155449761302, 33.022955661349854 ], [ 77.961844550238737, 33.012254163954019 ], [ 77.9660112169054, 33.006288994683189 ], [ 77.967649671766509, 33.000983005099854 ], [ 77.972955661349843, 32.999344550238739 ], [ 77.986594814724413, 32.987058851454023 ], [ 77.988155449761308, 32.977044338650202 ], [ 77.991910807291688, 32.971667819552977 ], [ 77.972877671983525, 32.970177883572077 ], [ 77.964622328016517, 32.96315544976131 ], [ 77.958087497287352, 32.961844550238744 ], [ 77.952122328016515, 32.966011216905407 ], [ 77.947877671983534, 32.967322116427979 ], [ 77.939622328016512, 32.97434455023874 ], [ 77.922982957628065, 32.975655449761312 ], [ 77.920177883572066, 32.970587497287354 ], [ 77.924344550238743, 32.964622328016517 ], [ 77.925, 32.9375 ], [ 77.905082363552538, 32.936901516384573 ], [ 77.904166666666697, 32.933333333333358 ], [ 77.904519992404531, 32.889242214626762 ], [ 77.908686659071208, 32.885046386718777 ], [ 77.907980007595512, 32.868408881293426 ], [ 77.900353325737868, 32.860757785373288 ], [ 77.9, 32.858333333333363 ], [ 77.900567287868938, 32.856122843424508 ], [ 77.903599378797765, 32.852210489908877 ], [ 77.904827880859401, 32.83839959038631 ], [ 77.911791483561217, 32.836612616644992 ], [ 77.913067287868941, 32.82695617675784 ], [ 77.916099378797767, 32.823043823242216 ], [ 77.917233954535618, 32.806122843424504 ], [ 77.920371500651058, 32.802074517144121 ], [ 77.913067287868941, 32.793877156575547 ], [ 77.9125, 32.770833333333357 ], [ 77.908333333333374, 32.770833333333357 ], [ 77.904166666666697, 32.770833333333357 ], [ 77.903315904405417, 32.77414923773874 ], [ 77.897789510091187, 32.775567287868952 ], [ 77.889710489908893, 32.782766045464435 ], [ 77.88306884765629, 32.784470621744816 ], [ 77.886932712131113, 32.789456176757838 ], [ 77.888067287868964, 32.796579996744818 ], [ 77.883900621202301, 32.801956176757841 ], [ 77.88276604546445, 32.814710489908876 ], [ 77.869900173611143, 32.828464084201414 ], [ 77.860289510091178, 32.829733954535612 ], [ 77.848043823242222, 32.841099378797772 ], [ 77.836753336588572, 32.842233954535615 ], [ 77.831377156575556, 32.838067287868952 ], [ 77.828178575303852, 32.836932712131102 ], [ 77.81471048990889, 32.849432712131104 ], [ 77.810289510091181, 32.850567287868948 ], [ 77.806377156575564, 32.853599378797767 ], [ 77.801956176757855, 32.854733954535618 ], [ 77.798043823242224, 32.857766045464437 ], [ 77.788387383355072, 32.859041680230064 ], [ 77.786649237738757, 32.865815904405409 ], [ 77.783333333333374, 32.866666666666696 ], [ 77.783900621202292, 32.877210489908883 ], [ 77.786932712131119, 32.881122843424507 ], [ 77.788067287868955, 32.885543823242216 ], [ 77.791099378797782, 32.88945617675784 ], [ 77.792803955078156, 32.896097819010443 ], [ 77.797916666666708, 32.892135281033013 ], [ 77.801956176757855, 32.895266045464439 ], [ 77.806377156575564, 32.896400621202282 ], [ 77.81132134331601, 32.900232272677975 ], [ 77.813067287868961, 32.905154758029539 ], [ 77.800567287868958, 32.918622843424508 ], [ 77.8, 32.920833333333363 ], [ 77.797789510091178, 32.921400621202281 ], [ 77.793877156575562, 32.9244327121311 ], [ 77.789456176757852, 32.925567287868951 ], [ 77.773043823242219, 32.941099378797773 ], [ 77.768622843424509, 32.942233954535617 ], [ 77.763467746310795, 32.946229383680581 ], [ 77.761649237738752, 32.953315904405407 ], [ 77.756122843424521, 32.954733954535619 ], [ 77.750967746310806, 32.958729383680584 ], [ 77.74943271213111, 32.964710489908882 ], [ 77.745437282986146, 32.969865587022596 ], [ 77.739456176757855, 32.971400621202285 ], [ 77.735543823242224, 32.974432712131104 ], [ 77.7291666666667, 32.975 ], [ 77.726956176757852, 32.974432712131104 ], [ 77.722916666666706, 32.971301947699679 ], [ 77.718877156575559, 32.974432712131104 ], [ 77.713350762261314, 32.97585076226131 ], [ 77.711612616644999, 32.982624986436662 ], [ 77.701956176757847, 32.983900621202281 ], [ 77.698043823242216, 32.9869327121311 ], [ 77.683333333333366, 32.9875 ], [ 77.682979329427113, 32.972548760308186 ], [ 77.673257785373295, 32.962853325737875 ], [ 77.668408881293445, 32.962146674262179 ], [ 77.664924452039969, 32.958686659071205 ], [ 77.655908881293442, 32.957980007595509 ], [ 77.647549099392393, 32.949646674262176 ], [ 77.639242214626776, 32.950353325737872 ], [ 77.631249660915827, 32.958320448133705 ], [ 77.619091118706635, 32.946186659071209 ], [ 77.610075547960108, 32.945480007595513 ], [ 77.606591118706632, 32.942019992404539 ], [ 77.6041666666667, 32.941666666666691 ], [ 77.6041666666667, 32.9375 ], [ 77.604519992404548, 32.922575547960093 ], [ 77.607980007595515, 32.919091118706625 ], [ 77.608686659071211, 32.905908881293428 ], [ 77.612146674262192, 32.902424452039959 ], [ 77.6125, 32.891666666666694 ], [ 77.612853325737888, 32.889242214626762 ], [ 77.616313340928855, 32.885757785373286 ], [ 77.617019992404551, 32.880908881293429 ], [ 77.620480007595518, 32.877424452039953 ], [ 77.621186659071213, 32.868408881293426 ], [ 77.632980007595521, 32.856591118706625 ], [ 77.633686659071216, 32.847575547960098 ], [ 77.637853325737879, 32.843379720052106 ], [ 77.637146674262183, 32.835075547960095 ], [ 77.633686659071216, 32.831591118706626 ], [ 77.632980007595521, 32.814242214626759 ], [ 77.628813340928858, 32.810046386718774 ], [ 77.629519992404553, 32.797575547960093 ], [ 77.632980007595521, 32.794091118706625 ], [ 77.633333333333368, 32.791666666666693 ], [ 77.632980007595521, 32.789242214626761 ], [ 77.625353325737876, 32.781591118706622 ], [ 77.624646674262181, 32.776742214626765 ], [ 77.621186659071213, 32.773257785373289 ], [ 77.620833333333366, 32.770833333333357 ], [ 77.617517428927982, 32.769982571072077 ], [ 77.615846421983548, 32.763470119900198 ], [ 77.611511908637183, 32.761932712131099 ], [ 77.598043823242222, 32.774432712131102 ], [ 77.582345241970515, 32.775567287868952 ], [ 77.568877156575553, 32.76306728786895 ], [ 77.55, 32.7625 ], [ 77.549149237738746, 32.765815904405407 ], [ 77.545833333333363, 32.766666666666694 ], [ 77.53953179253476, 32.766023763020861 ], [ 77.535468207465314, 32.763142903645857 ], [ 77.521572536892393, 32.761725192599854 ], [ 77.520114474826428, 32.742704603407141 ], [ 77.514531792534754, 32.741023763020856 ], [ 77.502134874131983, 32.729809570312526 ], [ 77.495511542426243, 32.72852376302086 ], [ 77.488418918185801, 32.733552720811659 ], [ 77.486702134874164, 32.744819132487002 ], [ 77.481198459201423, 32.746476236979191 ], [ 77.477134874131977, 32.749357096354188 ], [ 77.470061577691013, 32.750642903645861 ], [ 77.447968207465308, 32.729809570312526 ], [ 77.435365125868088, 32.72852376302086 ], [ 77.431301540798643, 32.725642903645856 ], [ 77.422865125868086, 32.72435709635419 ], [ 77.417928398980067, 32.720856730143254 ], [ 77.415702311197947, 32.713464355468773 ], [ 77.410365125868083, 32.711857096354194 ], [ 77.406301540798651, 32.70897623697919 ], [ 77.383333333333368, 32.708333333333357 ], [ 77.381122843424507, 32.708900621202282 ], [ 77.373043823242227, 32.716099378797765 ], [ 77.367517428927982, 32.717517428927977 ], [ 77.366666666666703, 32.72083333333336 ], [ 77.366666666666703, 32.725 ], [ 77.369091118706635, 32.725353325737871 ], [ 77.372575547960096, 32.728813340928845 ], [ 77.377424452039961, 32.729519992404541 ], [ 77.380908881293436, 32.732980007595508 ], [ 77.389924452039963, 32.733686659071203 ], [ 77.393408881293439, 32.737146674262178 ], [ 77.406591118706629, 32.737853325737873 ], [ 77.410075547960105, 32.741313340928841 ], [ 77.414924452039969, 32.742019992404536 ], [ 77.420474243164094, 32.747541978624156 ], [ 77.421186659071211, 32.751713053385444 ], [ 77.417019992404548, 32.755908881293429 ], [ 77.416313340928852, 32.764924452039956 ], [ 77.402454291449686, 32.778808932834224 ], [ 77.397575547960102, 32.779519992404538 ], [ 77.383687676323817, 32.793382093641519 ], [ 77.382980007595521, 32.810757785373291 ], [ 77.379519992404553, 32.814242214626759 ], [ 77.378813340928858, 32.819091118706623 ], [ 77.375353325737876, 32.822575547960092 ], [ 77.375, 32.825 ], [ 77.364242214626771, 32.824646674262176 ], [ 77.360757785373295, 32.821186659071209 ], [ 77.358333333333363, 32.820833333333361 ], [ 77.343673027886311, 32.821450805664085 ], [ 77.339660305447083, 32.824382527669293 ], [ 77.334101698133708, 32.825971815321203 ], [ 77.33271586100264, 32.835493638780406 ], [ 77.329784138997425, 32.839506361219641 ], [ 77.328355577256971, 32.849323527018257 ], [ 77.301000637478325, 32.850666978624155 ], [ 77.299382527669309, 32.856326972113742 ], [ 77.296450805664094, 32.860339694552977 ], [ 77.295215861002632, 32.864660305447075 ], [ 77.288117472330768, 32.872839694552979 ], [ 77.2875, 32.875 ], [ 77.276742214626765, 32.874646674262181 ], [ 77.273257785373289, 32.871186659071206 ], [ 77.245833333333366, 32.870833333333358 ], [ 77.245266045464447, 32.873043823242213 ], [ 77.242233954535621, 32.876956176757837 ], [ 77.24109937879777, 32.885543823242216 ], [ 77.237103949652806, 32.890698920355931 ], [ 77.230017428927979, 32.892517428927974 ], [ 77.22831590440542, 32.89914923773874 ], [ 77.221684095594654, 32.900850762261314 ], [ 77.220022243923637, 32.907326592339437 ], [ 77.215920003255235, 32.908900621202285 ], [ 77.210416666666703, 32.904635281033009 ], [ 77.206377156575556, 32.907766045464435 ], [ 77.2, 32.90833333333336 ], [ 77.197575547960099, 32.908686659071208 ], [ 77.194091118706623, 32.912146674262182 ], [ 77.191666666666691, 32.9125 ], [ 77.191137017144129, 32.914748128255233 ], [ 77.188029649522605, 32.918585205078152 ], [ 77.186728922526072, 32.924107530381974 ], [ 77.182233344184056, 32.925529649522595 ], [ 77.171430121527806, 32.91556532118058 ], [ 77.170833333333363, 32.90833333333336 ], [ 77.1625, 32.90833333333336 ], [ 77.1625, 32.916666666666693 ], [ 77.162146674262189, 32.935757785373291 ], [ 77.158686659071208, 32.939242214626759 ], [ 77.157980007595512, 32.944091118706623 ], [ 77.154519992404545, 32.947575547960099 ], [ 77.153813340928849, 32.952424452039956 ], [ 77.150353325737882, 32.955908881293432 ], [ 77.149646674262186, 32.964924452039959 ], [ 77.145847913954029, 32.96875 ], [ 77.149985419379377, 32.972916666666691 ], [ 77.146186659071205, 32.976742214626761 ], [ 77.145833333333371, 32.979166666666693 ], [ 77.118622843424504, 32.978599378797767 ], [ 77.110543823242224, 32.971400621202285 ], [ 77.101956176757838, 32.970266045464435 ], [ 77.098043823242222, 32.967233954535615 ], [ 77.094896104600721, 32.966099378797772 ], [ 77.085543823242219, 32.974432712131104 ], [ 77.081122843424509, 32.975567287868948 ], [ 77.073043823242216, 32.982766045464437 ], [ 77.068622843424507, 32.983900621202281 ], [ 77.06471048990889, 32.9869327121311 ], [ 77.059184095594645, 32.988350762261312 ], [ 77.057436455620689, 32.995161268446211 ], [ 77.044896104600724, 32.996400621202284 ], [ 77.035543823242222, 32.988067287868951 ], [ 77.029166666666697, 32.9875 ], [ 77.016666666666694, 32.9875 ], [ 77.010365125868091, 32.988142903645858 ], [ 77.006301540798646, 32.991023763020863 ], [ 77.000964355468781, 32.992631022135441 ], [ 76.999357096354203, 32.997968207465306 ], [ 76.996371799045164, 33.002178955078151 ], [ 76.99134487575958, 33.004809570312524 ], [ 76.985468207465303, 33.000642903645861 ], [ 76.970119561089433, 32.999357096354196 ], [ 76.956301540798634, 33.011857096354191 ], [ 76.952031792534754, 33.013142903645857 ], [ 76.939634874131968, 33.024357096354194 ], [ 76.934297688802118, 33.02596435546878 ], [ 76.932690429687526, 33.031301540798637 ], [ 76.929809570312528, 33.035365125868083 ], [ 76.928395250108537, 33.049228583441867 ], [ 76.920833333333363, 33.05 ], [ 76.920480007595515, 33.056591118706628 ], [ 76.917019992404548, 33.060075547960096 ], [ 76.916313340928852, 33.073257785373293 ], [ 76.908686659071208, 33.080908881293432 ], [ 76.907980007595512, 33.093379720052113 ], [ 76.912146674262175, 33.097575547960098 ], [ 76.9125, 33.1 ], [ 76.900757853190129, 33.100736151801243 ], [ 76.899267578125034, 33.119773017035619 ], [ 76.895833333333357, 33.120833333333358 ], [ 76.889242214626762, 33.120480007595511 ], [ 76.885757785373286, 33.117019992404543 ], [ 76.880908881293436, 33.116313340928848 ], [ 76.877424452039961, 33.112853325737873 ], [ 76.872575547960096, 33.112146674262178 ], [ 76.86875, 33.10834791395402 ], [ 76.864924452039958, 33.112146674262178 ], [ 76.858333333333363, 33.1125 ], [ 76.854858737521724, 33.113493516710093 ], [ 76.853549194335969, 33.13132697211374 ], [ 76.849886067708368, 33.136341349283882 ], [ 76.843673027886311, 33.138117472330755 ], [ 76.835493469238315, 33.145215861002633 ], [ 76.825735134548637, 33.146635945638046 ], [ 76.824382358127195, 33.160493469238311 ], [ 76.82145097520619, 33.164506530761749 ], [ 76.820215691460533, 33.168826802571644 ], [ 76.817284308539527, 33.172839864095081 ], [ 76.81604902479387, 33.192505052354626 ], [ 76.832715691460535, 33.210339864095083 ], [ 76.833333333333357, 33.2125 ], [ 76.832980007595509, 33.214924452039959 ], [ 76.829519992404542, 33.218408881293428 ], [ 76.829166666666694, 33.225 ], [ 76.825850931803416, 33.225850931803414 ], [ 76.824432712131099, 33.231377156575547 ], [ 76.820437452528239, 33.236532253689262 ], [ 76.814456176757844, 33.238067287868951 ], [ 76.810543823242213, 33.24109937879777 ], [ 76.806122843424504, 33.242233954535621 ], [ 76.800967746310789, 33.246229214138481 ], [ 76.799109564887175, 33.25346984863284 ], [ 76.788714938693602, 33.254733954535617 ], [ 76.7875, 33.25 ], [ 76.775909254286049, 33.249376424153674 ], [ 76.775, 33.245833333333366 ], [ 76.768622843424509, 33.246400621202284 ], [ 76.764710489908879, 33.249432712131103 ], [ 76.756122843424507, 33.250567287868954 ], [ 76.752210489908876, 33.253599378797773 ], [ 76.747789510091167, 33.254733954535617 ], [ 76.74387715657555, 33.257766045464436 ], [ 76.738161214192729, 33.259232923719644 ], [ 76.736932712131107, 33.273043823242219 ], [ 76.729733954535618, 33.281122843424505 ], [ 76.728599378797767, 33.284079996744822 ], [ 76.732766045464444, 33.289456176757838 ], [ 76.733333333333363, 33.3125 ], [ 76.732980007595515, 33.314924452039961 ], [ 76.729519992404548, 33.318408881293429 ], [ 76.728813340928852, 33.323257785373293 ], [ 76.723288133409312, 33.328810797797338 ], [ 76.714953782823372, 33.329519992404542 ], [ 76.710757785373289, 33.325353325737879 ], [ 76.708333333333357, 33.325 ], [ 76.691666666666691, 33.325 ], [ 76.691313340928843, 33.327424452039963 ], [ 76.685790167914519, 33.332975260416696 ], [ 76.680908881293433, 33.333686659071212 ], [ 76.671191067165822, 33.343378194173205 ], [ 76.670480007595515, 33.348257785373292 ], [ 76.667019992404548, 33.351742214626768 ], [ 76.666313340928852, 33.356591118706625 ], [ 76.656621805826845, 33.366308932834229 ], [ 76.654166666666697, 33.366666666666696 ], [ 76.653637186686225, 33.377248297797337 ], [ 76.642052714029973, 33.389571126302116 ], [ 76.645303853352885, 33.393585035536056 ], [ 76.646362813313829, 33.396850755479633 ], [ 76.640720452202714, 33.40340813530819 ], [ 76.634245300293003, 33.404933166503938 ], [ 76.632803853352897, 33.409274122450114 ], [ 76.637104119194902, 33.414583333333361 ], [ 76.633862813313826, 33.418585035536054 ], [ 76.633333333333354, 33.433333333333366 ], [ 76.630908881293436, 33.433686659071213 ], [ 76.627424452039961, 33.437146674262181 ], [ 76.61078321668839, 33.437853325737876 ], [ 76.594091118706629, 33.421186659071211 ], [ 76.591666666666697, 33.420833333333363 ], [ 76.579943339029981, 33.421553209092913 ], [ 76.578523932562959, 33.43546837700741 ], [ 76.575642734103752, 33.439531622992654 ], [ 76.574357265896296, 33.443801710340743 ], [ 76.571476067437089, 33.447864956325986 ], [ 76.570190599229633, 33.452135043674076 ], [ 76.567309400770426, 33.456198289659319 ], [ 76.565636528862868, 33.461755032009577 ], [ 76.552031622992644, 33.463142734103762 ], [ 76.547968377007408, 33.466023932562962 ], [ 76.543698289659318, 33.467309400770432 ], [ 76.538761562771299, 33.470809766981368 ], [ 76.536857265896288, 33.477135043674075 ], [ 76.529809400770432, 33.485364956325988 ], [ 76.528152465820341, 33.490868801540827 ], [ 76.518698289659312, 33.492309400770431 ], [ 76.514635043674076, 33.49519059922963 ], [ 76.509297519260002, 33.496797519260014 ], [ 76.507690599229633, 33.502135043674073 ], [ 76.504809400770426, 33.506198289659316 ], [ 76.503523932562956, 33.510468377007406 ], [ 76.500642734103764, 33.514531622992649 ], [ 76.49903581407338, 33.519869147406716 ], [ 76.492630852593336, 33.521797519260012 ], [ 76.491666666666688, 33.525 ], [ 76.48941836886938, 33.525529479980499 ], [ 76.485581631130671, 33.528637186686225 ], [ 76.476918368869377, 33.529696146647169 ], [ 76.471468777126759, 33.534385342068177 ], [ 76.470303853352888, 33.543914964464008 ], [ 76.461545817057313, 33.553410000271299 ], [ 76.456085035536049, 33.554696146647167 ], [ 76.45099928114152, 33.558815341525637 ], [ 76.446605936686225, 33.557446967230931 ], [ 76.445303853352897, 33.551918368869387 ], [ 76.440720452202711, 33.546591864691869 ], [ 76.43525170220272, 33.545303853352898 ], [ 76.431414964463997, 33.542196146647164 ], [ 76.4125, 33.5416666666667 ], [ 76.405908881293428, 33.542019992404548 ], [ 76.402424452039952, 33.545480007595515 ], [ 76.397575547960088, 33.546186659071211 ], [ 76.394091118706626, 33.549646674262185 ], [ 76.383333333333354, 33.55 ], [ 76.382980007595506, 33.556591118706628 ], [ 76.379519992404539, 33.560075547960103 ], [ 76.379166666666691, 33.575 ], [ 76.376742214626759, 33.575353325737879 ], [ 76.358687506781706, 33.593382771809928 ], [ 76.358333333333363, 33.6041666666667 ], [ 76.347575547960091, 33.604519992404548 ], [ 76.344091118706615, 33.607980007595515 ], [ 76.339953782823372, 33.608686659071211 ], [ 76.335757785373289, 33.604519992404548 ], [ 76.330908881293425, 33.603813340928852 ], [ 76.327424452039949, 33.600353325737878 ], [ 76.323287116156706, 33.599646674262182 ], [ 76.319091118706623, 33.603813340928852 ], [ 76.308333333333351, 33.6041666666667 ], [ 76.304166666666688, 33.6041666666667 ], [ 76.303549024793867, 33.606326802571644 ], [ 76.296450975206184, 33.614506530761751 ], [ 76.295215691460527, 33.618826802571647 ], [ 76.292284308539521, 33.622839864095084 ], [ 76.291049024793864, 33.63132680257165 ], [ 76.288117641872859, 33.635339864095087 ], [ 76.286697387695341, 33.645098198784751 ], [ 76.279166666666697, 33.645833333333364 ], [ 76.266666666666694, 33.645833333333364 ], [ 76.264506530761736, 33.645215691460535 ], [ 76.256326802571635, 33.63811764187286 ], [ 76.24783986409507, 33.636882358127203 ], [ 76.243826802571633, 33.633950975206197 ], [ 76.230007256401933, 33.632601928710969 ], [ 76.228549024793864, 33.624263339572515 ], [ 76.23688235812719, 33.614660135904977 ], [ 76.238117641872847, 33.600999620225728 ], [ 76.226157124837258, 33.599258761935793 ], [ 76.224382358127201, 33.595096672905846 ], [ 76.232776726616777, 33.585423278808626 ], [ 76.229784308539521, 33.581326802571645 ], [ 76.228240288628498, 33.575926378038226 ], [ 76.222839864095079, 33.574382358127203 ], [ 76.218826802571641, 33.571450975206197 ], [ 76.214506530761739, 33.570215691460533 ], [ 76.210493469238301, 33.567284308539527 ], [ 76.202006530761736, 33.56604902479387 ], [ 76.197993469238298, 33.563117641872864 ], [ 76.187030877007402, 33.5618823581272 ], [ 76.181326802571633, 33.56604902479387 ], [ 76.1625, 33.566666666666698 ], [ 76.162146674262175, 33.564242214626766 ], [ 76.158686659071208, 33.560757785373298 ], [ 76.157980007595512, 33.551742214626771 ], [ 76.153813340928849, 33.547546217176681 ], [ 76.154519992404531, 33.543408881293431 ], [ 76.157980007595512, 33.539924452039962 ], [ 76.158686659071208, 33.522575547960102 ], [ 76.162146674262175, 33.519091118706626 ], [ 76.162853325737871, 33.485075547960101 ], [ 76.166313340928838, 33.481591118706625 ], [ 76.166666666666686, 33.470833333333367 ], [ 76.166666666666686, 33.466666666666697 ], [ 76.164456176757838, 33.466099378797772 ], [ 76.152210489908882, 33.454733954535619 ], [ 76.143622843424509, 33.453599378797776 ], [ 76.131261359320774, 33.442126464843781 ], [ 76.127210489908876, 33.445266045464443 ], [ 76.122789510091167, 33.446400621202287 ], [ 76.11887715657555, 33.449432712131106 ], [ 76.114456176757841, 33.450567287868957 ], [ 76.11054382324221, 33.453599378797776 ], [ 76.106122843424501, 33.454733954535619 ], [ 76.10221048990887, 33.457766045464439 ], [ 76.096684265136744, 33.459184265136749 ], [ 76.09583333333336, 33.4625 ], [ 76.0875, 33.4625 ], [ 76.086649068196635, 33.459184265136749 ], [ 76.083333333333357, 33.458333333333364 ], [ 76.081122843424495, 33.457766045464439 ], [ 76.077210489908879, 33.454733954535619 ], [ 76.068622843424507, 33.453599378797776 ], [ 76.063467746310792, 33.449604119194909 ], [ 76.061649068196644, 33.442517598470083 ], [ 76.058333333333351, 33.441666666666698 ], [ 76.057433742947083, 33.445172119140658 ], [ 76.043622843424515, 33.446400621202287 ], [ 76.039710489908899, 33.449432712131106 ], [ 76.031122843424512, 33.450567287868957 ], [ 76.027210489908896, 33.453599378797776 ], [ 75.999253336588581, 33.454733954535619 ], [ 75.993877156575564, 33.450567287868957 ], [ 75.989456176757855, 33.449432712131106 ], [ 75.985543823242224, 33.446400621202287 ], [ 75.972789510091189, 33.445266045464443 ], [ 75.968877156575559, 33.442233954535624 ], [ 75.960289510091187, 33.441099378797773 ], [ 75.956377156575556, 33.438067287868954 ], [ 75.950850762261325, 33.436649068196644 ], [ 75.95, 33.433333333333366 ], [ 75.947575547960113, 33.433686659071213 ], [ 75.944091118706638, 33.437146674262181 ], [ 75.93507554796011, 33.437853325737876 ], [ 75.931591118706635, 33.441313340928851 ], [ 75.9166666666667, 33.441666666666698 ], [ 75.91581590440542, 33.438350931803413 ], [ 75.910289510091189, 33.43693271213111 ], [ 75.902210489908896, 33.429733954535621 ], [ 75.893622843424509, 33.42859937879777 ], [ 75.88554382324223, 33.421400621202288 ], [ 75.872789510091181, 33.420266045464437 ], [ 75.867413330078165, 33.416099378797774 ], [ 75.860289510091178, 33.417233954535618 ], [ 75.854913330078162, 33.421400621202288 ], [ 75.847789510091189, 33.420266045464437 ], [ 75.843877156575559, 33.417233954535618 ], [ 75.835289510091187, 33.416099378797774 ], [ 75.831377156575556, 33.413067287868955 ], [ 75.822789510091184, 33.411932712131104 ], [ 75.817413330078168, 33.407766045464442 ], [ 75.801956176757855, 33.408900621202285 ], [ 75.798043823242224, 33.411932712131104 ], [ 75.793622843424515, 33.413067287868955 ], [ 75.788246663411499, 33.417233954535618 ], [ 75.760289510091184, 33.416099378797774 ], [ 75.756377156575553, 33.413067287868955 ], [ 75.745833333333366, 33.4125 ], [ 75.745480007595518, 33.401742214626765 ], [ 75.732980007595529, 33.389216444227458 ], [ 75.733686659071211, 33.376742214626766 ], [ 75.737146674262192, 33.373257785373291 ], [ 75.7375, 33.3625 ], [ 75.7375, 33.358333333333363 ], [ 75.726742214626768, 33.357980007595515 ], [ 75.723257785373306, 33.354519992404541 ], [ 75.719120279947958, 33.353813340928852 ], [ 75.714924452039966, 33.357980007595515 ], [ 75.710075547960102, 33.358686659071211 ], [ 75.706591118706626, 33.362146674262185 ], [ 75.691666666666706, 33.3625 ], [ 75.69093119303389, 33.354966566297776 ], [ 75.685493638780414, 33.350617641872859 ], [ 75.672839694552991, 33.349382358127201 ], [ 75.668826972113749, 33.346450975206196 ], [ 75.655153062608548, 33.345116170247422 ], [ 75.653549194335966, 33.339506530761746 ], [ 75.650617472330765, 33.335493469238308 ], [ 75.649205864800379, 33.325794135199679 ], [ 75.639506361219659, 33.324382358127203 ], [ 75.635493638780417, 33.32145097520619 ], [ 75.618673027886317, 33.320215691460533 ], [ 75.610493638780412, 33.313117641872857 ], [ 75.606173027886314, 33.3118823581272 ], [ 75.597993638780423, 33.304784308539524 ], [ 75.593673027886325, 33.303549024793867 ], [ 75.589660305447083, 33.300617641872861 ], [ 75.5875, 33.3 ], [ 75.586932712131116, 33.30221048990888 ], [ 75.579733954535627, 33.310289510091174 ], [ 75.578315904405414, 33.315815734863314 ], [ 75.572789510091184, 33.317233954535617 ], [ 75.567634412977469, 33.321229214138484 ], [ 75.566099378797773, 33.327210489908886 ], [ 75.557750447591175, 33.336580234103764 ], [ 75.551956176757841, 33.338067287868952 ], [ 75.542586263020866, 33.34641621907555 ], [ 75.541099378797782, 33.352210489908884 ], [ 75.538067287868955, 33.356122843424508 ], [ 75.536932712131104, 33.359079996744825 ], [ 75.541099378797782, 33.364456176757841 ], [ 75.5416666666667, 33.370833333333366 ], [ 75.539242214626768, 33.371186659071213 ], [ 75.535757785373292, 33.374646674262181 ], [ 75.530908881293442, 33.375353325737876 ], [ 75.525358072916703, 33.380876498752201 ], [ 75.524646674262186, 33.385757785373293 ], [ 75.514952935112888, 33.395477803548204 ], [ 75.505908881293436, 33.396186659071212 ], [ 75.502424452039961, 33.399646674262186 ], [ 75.493408881293433, 33.400353325737875 ], [ 75.489924452039958, 33.403813340928849 ], [ 75.485075547960108, 33.404519992404545 ], [ 75.481591118706632, 33.407980007595519 ], [ 75.4791666666667, 33.40833333333336 ], [ 75.478813340928852, 33.414924452039962 ], [ 75.475353325737885, 33.418408881293431 ], [ 75.474646674262189, 33.426715596516956 ], [ 75.482980007595515, 33.435075547960096 ], [ 75.483686659071211, 33.444091118706631 ], [ 75.487146674262192, 33.447575547960099 ], [ 75.487853325737888, 33.451715596516955 ], [ 75.479519992404548, 33.460075547960102 ], [ 75.478813340928852, 33.469091118706629 ], [ 75.475353325737885, 33.472575547960098 ], [ 75.474646674262189, 33.477424452039962 ], [ 75.471186659071208, 33.480908881293431 ], [ 75.470480007595526, 33.494091118706628 ], [ 75.466680230034754, 33.497917683919304 ], [ 75.482980007595515, 33.514242214626769 ], [ 75.483686659071211, 33.523257785373296 ], [ 75.487146674262192, 33.526742214626765 ], [ 75.4875, 33.533333333333367 ], [ 75.490815904405423, 33.532482401529975 ], [ 75.491666666666703, 33.529166666666697 ], [ 75.508333333333368, 33.529166666666697 ], [ 75.508900621202287, 33.535543823242222 ], [ 75.513067287868964, 33.540920003255238 ], [ 75.511932712131113, 33.543877156575554 ], [ 75.503599378797773, 33.553229437934057 ], [ 75.504778713650211, 33.578154839409756 ], [ 75.514456176757847, 33.586932712131109 ], [ 75.520437282986151, 33.588467746310798 ], [ 75.524432712131116, 33.593622843424512 ], [ 75.525909084743958, 33.599376424153675 ], [ 75.5375, 33.6 ], [ 75.536782836914099, 33.607347106933624 ], [ 75.531173027886325, 33.608950975206199 ], [ 75.518826972113743, 33.620215691460537 ], [ 75.513268364800382, 33.621804979112447 ], [ 75.511705864800376, 33.632539198133713 ], [ 75.502006361219657, 33.633950975206197 ], [ 75.499382527669312, 33.636132134331632 ], [ 75.507406955295167, 33.638426378038226 ], [ 75.508333333333368, 33.641666666666701 ], [ 75.508691406250037, 33.644123501247861 ], [ 75.514242214626776, 33.649646674262186 ], [ 75.516666666666694, 33.65 ], [ 75.51631334092886, 33.656591118706629 ], [ 75.508686659071216, 33.664242214626768 ], [ 75.507980007595521, 33.689924452039961 ], [ 75.504519992404553, 33.693408881293436 ], [ 75.504166666666706, 33.695833333333368 ], [ 75.504166666666706, 33.7 ], [ 75.511600409613749, 33.700661214192742 ], [ 75.513067287868964, 33.706377156575556 ], [ 75.516099378797776, 33.710289510091179 ], [ 75.516666666666694, 33.716666666666697 ], [ 75.515815904405414, 33.719982401529982 ], [ 75.510289510091184, 33.721400621202292 ], [ 75.500919596354194, 33.72974955240889 ], [ 75.49943271213111, 33.735543823242217 ], [ 75.495437282986146, 33.740698920355939 ], [ 75.489456176757841, 33.742233954535621 ], [ 75.485543823242224, 33.74526604546444 ], [ 75.481122843424515, 33.746400621202291 ], [ 75.475967746310801, 33.750395880805158 ], [ 75.474149237738743, 33.757482401529984 ], [ 75.47083333333336, 33.758333333333368 ], [ 75.471186659071208, 33.769091118706633 ], [ 75.478813340928852, 33.776742214626772 ], [ 75.4791666666667, 33.779166666666697 ], [ 75.482482571072083, 33.780017598470081 ], [ 75.483333333333363, 33.783333333333367 ], [ 75.481122843424515, 33.783900621202292 ], [ 75.477210489908884, 33.786932712131112 ], [ 75.472789510091175, 33.788067287868955 ], [ 75.468877156575559, 33.791099378797774 ], [ 75.463161214192738, 33.792566257052982 ], [ 75.461932712131116, 33.806377156575557 ], [ 75.446400621202287, 33.822789510091177 ], [ 75.44526604546445, 33.827210489908886 ], [ 75.438067287868961, 33.835289510091179 ], [ 75.43693271213111, 33.839710489908889 ], [ 75.429733954535621, 33.847789510091182 ], [ 75.429166666666703, 33.85 ], [ 75.42859937879777, 33.856377156575554 ], [ 75.425567287868958, 33.860289510091178 ], [ 75.424432712131107, 33.864710489908887 ], [ 75.421400621202295, 33.868622843424511 ], [ 75.420266045464444, 33.87721048990889 ], [ 75.417233954535618, 33.881122843424514 ], [ 75.416099378797782, 33.885543823242223 ], [ 75.412103949652817, 33.890698920355938 ], [ 75.406122843424512, 33.892233954535627 ], [ 75.400967746310798, 33.896229214138486 ], [ 75.399432712131116, 33.902210489908889 ], [ 75.396400621202289, 33.906122843424512 ], [ 75.395266045464439, 33.921579996744825 ], [ 75.399531385633708, 33.927083333333371 ], [ 75.396400621202289, 33.931122843424511 ], [ 75.395266045464439, 33.965451727973125 ], [ 75.402210489908882, 33.967233954535622 ], [ 75.406122843424512, 33.970266045464442 ], [ 75.410543823242222, 33.971400621202292 ], [ 75.416010877821208, 33.975959777832067 ], [ 75.4166666666667, 33.98333333333337 ], [ 75.429166666666703, 33.98333333333337 ], [ 75.429519992404551, 33.985757785373295 ], [ 75.432980007595518, 33.989242214626771 ], [ 75.433686659071213, 33.994091118706635 ], [ 75.437146674262181, 33.997575547960103 ], [ 75.437853325737876, 34.019091118706633 ], [ 75.445480007595521, 34.026742214626772 ], [ 75.446191406250037, 34.031623501247864 ], [ 75.451742214626776, 34.037146674262189 ], [ 75.456591118706626, 34.037853325737885 ], [ 75.460075547960102, 34.041313340928852 ], [ 75.481591118706632, 34.042019992404548 ], [ 75.485075547960108, 34.045480007595522 ], [ 75.495833333333366, 34.045833333333356 ], [ 75.497048272026944, 34.041099378797782 ], [ 75.51566433376739, 34.042295159233973 ], [ 75.528599378797779, 34.056122843424518 ], [ 75.530017428927991, 34.061649068196651 ], [ 75.533333333333374, 34.0625 ], [ 75.532766045464442, 34.073043823242209 ], [ 75.529733954535629, 34.076956176757832 ], [ 75.528599378797779, 34.104913330078148 ], [ 75.532766045464442, 34.110289510091164 ], [ 75.533994547526078, 34.124100409613732 ], [ 75.541043090820352, 34.125909084743945 ], [ 75.5416666666667, 34.1375 ], [ 75.542233954535618, 34.139710489908872 ], [ 75.545266045464444, 34.143622843424502 ], [ 75.546801079644126, 34.1496039496528 ], [ 75.551956176757841, 34.153599378797765 ], [ 75.560543823242227, 34.154733954535608 ], [ 75.564456176757844, 34.157766045464427 ], [ 75.570250447591178, 34.159252929687518 ], [ 75.578599378797776, 34.168622843424501 ], [ 75.580017428927988, 34.174149237738739 ], [ 75.586791653103333, 34.175887383355054 ], [ 75.588067287868952, 34.185543823242206 ], [ 75.591099378797779, 34.18945617675783 ], [ 75.592517428927991, 34.194982571072067 ], [ 75.595833333333374, 34.195833333333354 ], [ 75.595266045464442, 34.198043823242209 ], [ 75.583900621202289, 34.210289510091165 ], [ 75.582433742947089, 34.216005452473979 ], [ 75.575, 34.21666666666669 ], [ 75.572789510091184, 34.216099378797765 ], [ 75.568877156575553, 34.213067287868945 ], [ 75.547048272026942, 34.211932712131095 ], [ 75.545266045464444, 34.218877156575545 ], [ 75.54127061631948, 34.224032253689259 ], [ 75.535289510091175, 34.225567287868941 ], [ 75.530134412977461, 34.229562717013913 ], [ 75.529166666666697, 34.233333333333356 ], [ 75.522575547960102, 34.232980007595508 ], [ 75.51875, 34.22918124728735 ], [ 75.514924452039963, 34.232980007595508 ], [ 75.495833333333366, 34.233333333333356 ], [ 75.495177883572083, 34.235455661349846 ], [ 75.492322116427985, 34.239544338650191 ], [ 75.49101121690542, 34.243788994683179 ], [ 75.483988783094645, 34.252044338650194 ], [ 75.482620239257841, 34.282573784722246 ], [ 75.464544338650214, 34.283988783094642 ], [ 75.460455661349854, 34.286844550238733 ], [ 75.453920830620689, 34.288155449761305 ], [ 75.447955661349866, 34.283988783094642 ], [ 75.420587497287357, 34.28267788357207 ], [ 75.41462232801652, 34.286844550238733 ], [ 75.404166666666697, 34.2875 ], [ 75.403813340928849, 34.289924452039955 ], [ 75.396186659071219, 34.297575547960093 ], [ 75.395480007595523, 34.301713053385441 ], [ 75.399646674262186, 34.305908881293426 ], [ 75.400353325737882, 34.31421678331165 ], [ 75.383686659071216, 34.330908881293425 ], [ 75.382980007595521, 34.343379720052106 ], [ 75.387485419379374, 34.347916666666691 ], [ 75.383686659071216, 34.351742214626761 ], [ 75.383333333333368, 34.366666666666688 ], [ 75.374749755859412, 34.367542182074672 ], [ 75.378523763020866, 34.372865125868074 ], [ 75.379809570312531, 34.379800415039085 ], [ 75.370683458116346, 34.390457153320334 ], [ 75.366666666666703, 34.391666666666687 ], [ 75.367233954535621, 34.393877156575542 ], [ 75.370266045464447, 34.397789510091165 ], [ 75.371400621202284, 34.402210489908875 ], [ 75.37443271213111, 34.406122843424498 ], [ 75.375567287868961, 34.415451727973114 ], [ 75.370833333333366, 34.416666666666686 ], [ 75.369933742947083, 34.420172119140645 ], [ 75.356122843424515, 34.421400621202281 ], [ 75.348043823242222, 34.428599378797763 ], [ 75.343622843424512, 34.429733954535614 ], [ 75.334252929687537, 34.438082885742212 ], [ 75.333333333333371, 34.441666666666691 ], [ 75.333900621202289, 34.443877156575546 ], [ 75.336932712131116, 34.44778951009117 ], [ 75.338161214192738, 34.461600409613737 ], [ 75.345172119140656, 34.46339959038631 ], [ 75.346400621202292, 34.477210489908877 ], [ 75.349531385633711, 34.48125 ], [ 75.346400621202292, 34.485289510091171 ], [ 75.345266045464442, 34.492413330078151 ], [ 75.349531385633711, 34.49791666666669 ], [ 75.346295166015665, 34.502092149522589 ], [ 75.353599378797782, 34.51028951009117 ], [ 75.354733954535618, 34.514710489908879 ], [ 75.36609937879777, 34.526956176757835 ], [ 75.366666666666703, 34.5375 ], [ 75.365815904405409, 34.540815904405406 ], [ 75.359184095594657, 34.542517428927972 ], [ 75.357766045464444, 34.54804382324221 ], [ 75.354733954535618, 34.551956176757834 ], [ 75.353599378797782, 34.556377156575543 ], [ 75.345250447591184, 34.565747070312526 ], [ 75.339456176757849, 34.567233954535617 ], [ 75.335543823242219, 34.570266045464436 ], [ 75.317572360568604, 34.571471150716171 ], [ 75.316099378797773, 34.577210489908879 ], [ 75.312103949652808, 34.582365587022593 ], [ 75.306122843424518, 34.583900621202282 ], [ 75.302210489908887, 34.586932712131102 ], [ 75.297789510091178, 34.588067287868945 ], [ 75.289710489908884, 34.595266045464435 ], [ 75.276956176757849, 34.596400621202278 ], [ 75.273043823242219, 34.599432712131097 ], [ 75.268622843424509, 34.600567287868948 ], [ 75.264710489908893, 34.603599378797767 ], [ 75.260289510091184, 34.604733954535611 ], [ 75.256377156575553, 34.60776604546443 ], [ 75.254166666666706, 34.608333333333356 ], [ 75.254733954535624, 34.61054382324221 ], [ 75.257766045464436, 34.614456176757834 ], [ 75.258900621202287, 34.61961839463978 ], [ 75.250708346896729, 34.621720716688394 ], [ 75.24943271213111, 34.631377156575546 ], [ 75.245655992296037, 34.636250135633702 ], [ 75.240920003255241, 34.63806728786895 ], [ 75.235543823242224, 34.63390062120228 ], [ 75.220086669921912, 34.632766045464436 ], [ 75.214710489908882, 34.636932712131099 ], [ 75.209184095594651, 34.638350762261311 ], [ 75.208333333333371, 34.641666666666694 ], [ 75.209050496419309, 34.649013604058183 ], [ 75.214660305447083, 34.650617472330751 ], [ 75.224264865451417, 34.659136623806447 ], [ 75.225735134548643, 34.674197387695337 ], [ 75.235493638780412, 34.675617472330757 ], [ 75.239506361219654, 34.678549194335965 ], [ 75.243826972113752, 34.67978413899742 ], [ 75.247839694552979, 34.682715861002627 ], [ 75.252160305447077, 34.68395080566409 ], [ 75.256644694010447, 34.687226698133706 ], [ 75.258950805664099, 34.692135959201416 ], [ 75.254784138997422, 34.697839694552975 ], [ 75.253549194335974, 34.700469292534748 ], [ 75.257715861002637, 34.706173027886308 ], [ 75.258950805664099, 34.710493638780406 ], [ 75.2618825276693, 34.714506361219641 ], [ 75.2625, 34.729166666666693 ], [ 75.259041680230069, 34.730054050021728 ], [ 75.257766045464436, 34.73971048990888 ], [ 75.254733954535624, 34.743622843424504 ], [ 75.253599378797773, 34.773043823242212 ], [ 75.246400621202284, 34.781122843424505 ], [ 75.245266045464447, 34.789710489908877 ], [ 75.219896104600721, 34.815964762369816 ], [ 75.210289510091172, 34.817233954535617 ], [ 75.206377156575556, 34.820266045464436 ], [ 75.201956176757847, 34.82140062120228 ], [ 75.193877156575553, 34.828599378797769 ], [ 75.189456176757844, 34.829733954535612 ], [ 75.185543823242213, 34.832766045464439 ], [ 75.154166666666697, 34.833333333333357 ], [ 75.15, 34.833333333333357 ], [ 75.149646674262186, 34.835757785373289 ], [ 75.146186659071205, 34.839242214626765 ], [ 75.145480007595523, 34.860757785373288 ], [ 75.127453952365485, 34.878808932834225 ], [ 75.122575547960096, 34.879519992404539 ], [ 75.119091118706635, 34.882980007595513 ], [ 75.114242214626771, 34.883686659071209 ], [ 75.104521009657148, 34.893381754557318 ], [ 75.1041666666667, 34.90416666666669 ], [ 75.089242214626765, 34.903813340928849 ], [ 75.079524400499167, 34.894121636284751 ], [ 75.079166666666694, 34.891666666666694 ], [ 75.078813340928846, 34.880908881293429 ], [ 75.071186659071216, 34.873257785373291 ], [ 75.070480007595521, 34.868408881293426 ], [ 75.066681247287363, 34.864583333333357 ], [ 75.071186659071216, 34.860046386718778 ], [ 75.070480007595521, 34.855908881293431 ], [ 75.066681247287363, 34.852083333333361 ], [ 75.070480007595521, 34.848257785373292 ], [ 75.070833333333368, 34.84166666666669 ], [ 75.070209757487007, 34.830075751410618 ], [ 75.063350762261308, 34.828315904405407 ], [ 75.0625, 34.825 ], [ 75.055908881293433, 34.825353325737872 ], [ 75.052424452039958, 34.828813340928846 ], [ 75.047575547960093, 34.829519992404542 ], [ 75.044091118706632, 34.832980007595509 ], [ 75.039242214626768, 34.833686659071205 ], [ 75.035757785373292, 34.837146674262179 ], [ 75.010786946614616, 34.837853325737875 ], [ 75.006591118706623, 34.833686659071205 ], [ 75.004166666666691, 34.833333333333357 ], [ 75.003510877821213, 34.825959947374159 ], [ 74.998043823242213, 34.82140062120228 ], [ 74.985289510091178, 34.820266045464436 ], [ 74.981377156575547, 34.817233954535617 ], [ 74.975850762261317, 34.815815904405405 ], [ 74.97410040961374, 34.808994547526069 ], [ 74.966666666666697, 34.808333333333358 ], [ 74.966311984592039, 34.801714409722244 ], [ 74.955882771809925, 34.791313340928845 ], [ 74.951742214626762, 34.792019992404541 ], [ 74.9479166666667, 34.795818752712698 ], [ 74.944091118706623, 34.792019992404541 ], [ 74.939209662543433, 34.791308593750024 ], [ 74.933686659071213, 34.785757785373292 ], [ 74.932975260416697, 34.780876329210095 ], [ 74.927424452039958, 34.775353325737875 ], [ 74.9166666666667, 34.775 ], [ 74.913483005099863, 34.775983005099853 ], [ 74.91184455023874, 34.781288994683187 ], [ 74.904822116427979, 34.789544338650202 ], [ 74.903410508897593, 34.807577175564262 ], [ 74.884393649631107, 34.809065755208358 ], [ 74.882297770182319, 34.815854220920166 ], [ 74.872877671983531, 34.817322116427974 ], [ 74.864622328016523, 34.824344550238742 ], [ 74.853920830620694, 34.825655449761314 ], [ 74.847955661349857, 34.821488783094644 ], [ 74.83691847059464, 34.820177883572072 ], [ 74.826263427734403, 34.829241943359399 ], [ 74.825, 34.833333333333357 ], [ 74.818408881293436, 34.833686659071205 ], [ 74.814924452039961, 34.837146674262179 ], [ 74.810075547960096, 34.837853325737875 ], [ 74.806591118706621, 34.841313340928842 ], [ 74.801742214626771, 34.842019992404538 ], [ 74.797916666666694, 34.845818752712702 ], [ 74.794091118706632, 34.842019992404538 ], [ 74.785075547960105, 34.841313340928842 ], [ 74.781591118706629, 34.837853325737875 ], [ 74.772575547960102, 34.837146674262179 ], [ 74.767024739583363, 34.831623670789959 ], [ 74.766666666666694, 34.829166666666694 ], [ 74.747575547960096, 34.829519992404542 ], [ 74.735757785373295, 34.841313340928842 ], [ 74.733333333333363, 34.84166666666669 ], [ 74.732980007595515, 34.852424452039955 ], [ 74.729519992404548, 34.855908881293431 ], [ 74.7291666666667, 34.858333333333363 ], [ 74.718408881293428, 34.857980007595515 ], [ 74.714924452039952, 34.854519992404541 ], [ 74.710785590277808, 34.853813340928845 ], [ 74.704522365993952, 34.860045369466171 ], [ 74.703813340928846, 34.869091118706621 ], [ 74.698290167914521, 34.87464192708336 ], [ 74.695833333333354, 34.875 ], [ 74.691666666666691, 34.875 ], [ 74.691099378797773, 34.877210489908883 ], [ 74.687104119194913, 34.882365587022598 ], [ 74.680017598470073, 34.884184095594641 ], [ 74.67859937879777, 34.889710489908879 ], [ 74.67460411919491, 34.894865587022593 ], [ 74.668622843424501, 34.896400621202282 ], [ 74.664710489908884, 34.899432712131102 ], [ 74.657586669921898, 34.900567287868952 ], [ 74.652074517144129, 34.896295166015648 ], [ 74.643877156575542, 34.903599378797772 ], [ 74.639456176757847, 34.904733954535615 ], [ 74.635543823242216, 34.907766045464435 ], [ 74.618622843424504, 34.908900621202285 ], [ 74.614710489908887, 34.911932712131104 ], [ 74.610289510091178, 34.913067287868948 ], [ 74.606377156575547, 34.916099378797767 ], [ 74.603420003255238, 34.917233954535618 ], [ 74.598043823242222, 34.913067287868948 ], [ 74.593622843424512, 34.911932712131104 ], [ 74.589710489908882, 34.908900621202285 ], [ 74.585289510091172, 34.907766045464435 ], [ 74.577210489908879, 34.900567287868952 ], [ 74.575, 34.9 ], [ 74.571684265136739, 34.900850762261314 ], [ 74.570833333333354, 34.90416666666669 ], [ 74.570480007595506, 34.923257785373288 ], [ 74.567019992404539, 34.926742214626763 ], [ 74.566666666666691, 34.929166666666696 ], [ 74.567019992404539, 34.935757785373291 ], [ 74.570480007595506, 34.939242214626759 ], [ 74.571186659071202, 34.943379720052107 ], [ 74.566681247287349, 34.947916666666693 ], [ 74.570480007595506, 34.951742214626762 ], [ 74.571186659071202, 34.960046386718773 ], [ 74.566680569118944, 34.964584011501763 ], [ 74.574646674262183, 34.972575547960098 ], [ 74.575353325737879, 34.977424452039955 ], [ 74.579152086046037, 34.98125 ], [ 74.575013902452284, 34.985417344835099 ], [ 74.582980007595509, 34.993408881293426 ], [ 74.583333333333357, 35.0125 ], [ 74.576742214626762, 35.012853325737872 ], [ 74.5729166666667, 35.016652086046037 ], [ 74.569091118706623, 35.012853325737872 ], [ 74.55662044949004, 35.012146674262183 ], [ 74.552424452039958, 35.016313340928846 ], [ 74.547575547960093, 35.017019992404542 ], [ 74.537854003906276, 35.026715426974853 ], [ 74.537146674262175, 35.051713053385441 ], [ 74.541313340928852, 35.055908881293433 ], [ 74.5416666666667, 35.0625 ], [ 74.539456176757838, 35.063067287868954 ], [ 74.527210489908882, 35.074432712131106 ], [ 74.521684265136741, 35.075850762261311 ], [ 74.520266045464439, 35.081377156575549 ], [ 74.517233954535612, 35.085289510091172 ], [ 74.516666666666694, 35.091666666666697 ], [ 74.515779283311659, 35.095124986436659 ], [ 74.506122843424507, 35.096400621202285 ], [ 74.498043823242213, 35.103599378797767 ], [ 74.493622843424504, 35.104733954535618 ], [ 74.489710489908873, 35.107766045464437 ], [ 74.479166666666686, 35.108333333333363 ], [ 74.476742214626768, 35.108686659071211 ], [ 74.472916666666691, 35.112485419379368 ], [ 74.469091118706629, 35.108686659071211 ], [ 74.466666666666697, 35.108333333333363 ], [ 74.463350931803404, 35.109184095594642 ], [ 74.461932712131102, 35.11471048990888 ], [ 74.454733954535612, 35.122789510091174 ], [ 74.45331573486331, 35.128315904405412 ], [ 74.45, 35.129166666666691 ], [ 74.449100409613735, 35.132672119140651 ], [ 74.441666666666691, 35.133333333333361 ], [ 74.4375, 35.133333333333361 ], [ 74.437146674262181, 35.130908881293429 ], [ 74.433686659071199, 35.127424452039961 ], [ 74.432980007595518, 35.122575547960096 ], [ 74.429519992404536, 35.119091118706628 ], [ 74.42881096733943, 35.110045369466171 ], [ 74.423257785373295, 35.104519992404541 ], [ 74.418408881293431, 35.103813340928845 ], [ 74.414924452039955, 35.100353325737878 ], [ 74.410075547960091, 35.099646674262182 ], [ 74.402424452039952, 35.092019992404545 ], [ 74.397544860839872, 35.091308932834231 ], [ 74.387853325737879, 35.081591118706626 ], [ 74.387146674262183, 35.076742214626762 ], [ 74.379519992404539, 35.069091118706623 ], [ 74.379166666666691, 35.066666666666691 ], [ 74.376956176757844, 35.066099378797773 ], [ 74.36887715657555, 35.058900621202284 ], [ 74.340920003255235, 35.05776604546444 ], [ 74.335416666666688, 35.062031385633709 ], [ 74.331377156575542, 35.058900621202284 ], [ 74.320086669921906, 35.05776604546444 ], [ 74.314710489908876, 35.061932712131103 ], [ 74.305054050021724, 35.063208346896729 ], [ 74.304166666666688, 35.066666666666691 ], [ 74.293408881293431, 35.066313340928843 ], [ 74.287858072916691, 35.060790337456623 ], [ 74.287146674262175, 35.055908881293433 ], [ 74.275353325737868, 35.044091118706625 ], [ 74.275, 35.041666666666693 ], [ 74.272839864095076, 35.042284138997424 ], [ 74.26875, 35.045271809895858 ], [ 74.264660135904975, 35.042284138997424 ], [ 74.260339864095073, 35.041049194335962 ], [ 74.256326802571635, 35.038117472330754 ], [ 74.24506581624351, 35.036882527669299 ], [ 74.234068467881968, 35.04663662380645 ], [ 74.232715691460527, 35.060493638780407 ], [ 74.22836676703561, 35.065931193033883 ], [ 74.213302612304716, 35.067401801215304 ], [ 74.211882358127198, 35.077160305447073 ], [ 74.208950975206193, 35.081173027886315 ], [ 74.208333333333357, 35.083333333333364 ], [ 74.2, 35.083333333333364 ], [ 74.176742214626756, 35.082980007595516 ], [ 74.173257785373281, 35.079519992404542 ], [ 74.168408881293431, 35.078813340928846 ], [ 74.164924452039955, 35.075353325737872 ], [ 74.1625, 35.075 ], [ 74.159184265136744, 35.075850762261311 ], [ 74.157424079047331, 35.082709757487009 ], [ 74.145833333333357, 35.083333333333364 ], [ 74.145190599229622, 35.089634874131974 ], [ 74.138142734103752, 35.097865125868083 ], [ 74.136723327636744, 35.111780124240482 ], [ 74.125, 35.1125 ], [ 74.124470520019557, 35.114748128255236 ], [ 74.119887118869386, 35.120074801974852 ], [ 74.11441836886938, 35.121362982855928 ], [ 74.109342447916688, 35.125474039713566 ], [ 74.107803853352891, 35.130107286241348 ], [ 74.11298200819229, 35.136500718858535 ], [ 74.111613633897591, 35.140894232855928 ], [ 74.108333333333363, 35.141666666666694 ], [ 74.089456176757835, 35.142233954535619 ], [ 74.085543823242205, 35.145266045464439 ], [ 74.081122843424495, 35.146400621202282 ], [ 74.077210489908879, 35.149432712131102 ], [ 74.070086669921892, 35.150567287868952 ], [ 74.064710489908876, 35.146400621202282 ], [ 74.045086669921901, 35.145266045464439 ], [ 74.039583333333354, 35.149531385633708 ], [ 74.035543823242207, 35.146400621202282 ], [ 74.026214938693599, 35.145266045464439 ], [ 74.024432712131102, 35.152210489908882 ], [ 74.021400621202275, 35.156122843424505 ], [ 74.019982401529973, 35.161649068196645 ], [ 74.013350931803402, 35.163350931803414 ], [ 74.0125, 35.166666666666693 ], [ 74.004969278971373, 35.167401801215306 ], [ 74.003398471408445, 35.178195020887614 ], [ 74.0, 35.179166666666696 ], [ 73.989242214626771, 35.179519992404543 ], [ 73.985757785373295, 35.182980007595518 ], [ 73.977453613281284, 35.183686659071206 ], [ 73.973257785373306, 35.179519992404543 ], [ 73.968408881293442, 35.178813340928848 ], [ 73.95659111870664, 35.167019992404541 ], [ 73.954166666666708, 35.166666666666693 ], [ 73.95381334092886, 35.164242214626768 ], [ 73.949646674262198, 35.160046217176678 ], [ 73.950353325737879, 35.155908881293428 ], [ 73.954519992404556, 35.151713053385443 ], [ 73.95381334092886, 35.147575547960095 ], [ 73.950014580620703, 35.14375 ], [ 73.954153103298651, 35.139582316080755 ], [ 73.93785332573789, 35.123257785373291 ], [ 73.937144300672784, 35.114212036132841 ], [ 73.931591118706635, 35.108686659071211 ], [ 73.925, 35.108333333333363 ], [ 73.924149237738746, 35.105017428927979 ], [ 73.918622843424515, 35.103599378797767 ], [ 73.913246663411499, 35.099432712131104 ], [ 73.900896538628515, 35.10067376030819 ], [ 73.899032253689271, 35.107937282986136 ], [ 73.892413330078156, 35.113067287868951 ], [ 73.889456176757847, 35.111932712131107 ], [ 73.88554382324223, 35.108900621202281 ], [ 73.868622843424518, 35.107766045464437 ], [ 73.864710489908887, 35.104733954535618 ], [ 73.860289510091178, 35.103599378797767 ], [ 73.852210489908884, 35.096400621202285 ], [ 73.846229383680594, 35.094865587022596 ], [ 73.842233954535629, 35.089710489908882 ], [ 73.841666666666697, 35.0875 ], [ 73.841313340928849, 35.051742214626763 ], [ 73.837514580620692, 35.047916666666694 ], [ 73.841313340928849, 35.044091118706625 ], [ 73.841666666666697, 35.03333333333336 ], [ 73.841313340928849, 35.030908881293428 ], [ 73.833686659071219, 35.023257785373289 ], [ 73.833333333333371, 35.020833333333357 ], [ 73.832975599500898, 35.018378363715307 ], [ 73.823257785373301, 35.008686659071209 ], [ 73.818408881293436, 35.007980007595513 ], [ 73.810757785373298, 35.000353325737876 ], [ 73.808333333333366, 35.0 ], [ 73.807561916775214, 35.007561916775202 ], [ 73.793698459201423, 35.008976236979194 ], [ 73.781301540798651, 35.020190429687524 ], [ 73.780240542120964, 35.020316865279923 ], [ 73.235619131680551, 35.554662400051647 ], [ 72.767096418596282, 35.875935117595141 ], [ 72.524643835804525, 35.939183617453857 ], [ 72.528599378797765, 35.943622843424514 ] ] ] ] } }
]
}
