{
"type": "FeatureCollection",
"name": "uib_subbasins",
"crs": { "type": "name", "properties": { "name": "urn:ogc:def:crs:OGC:1.3:CRS84" } },
"features": [
{ "type": "Feature", "properties": { "HYBAS_ID": 4070648320, "NEXT_DOWN": 4070651970, "NEXT_SINK": 4070033640, "MAIN_BAS": 4070033640, "DIST_SINK": 1718.8, "DIST_MAIN": 1718.8, "SUB_AREA": 1953.6, "UP_AREA": 201574.9, "PFAF_ID": 4567010, "ENDO": 0, "COAST": 0, "ORDER": 1, "SORT": 5863, "areakm2": 1953.03 }, "geometry": { "type": "MultiPolygon", "coordinates": [ [ [ [ 72.708333333333357, 34.3 ], [ 72.707980007595509, 34.297575547960093 ], [ 72.704181247287352, 34.29375 ], [ 72.707980007595509, 34.289924452039955 ], [ 72.708691406250026, 34.285042995876758 ], [ 72.714242214626765, 34.279519992404538 ], [ 72.719091118706629, 34.278813340928842 ], [ 72.735075547960093, 34.262853325737865 ], [ 72.739955139160188, 34.262142266167558 ], [ 72.749646674262181, 34.252424452039953 ], [ 72.750353325737876, 34.247575547960089 ], [ 72.754152086046034, 34.24375 ], [ 72.750353325737876, 34.239924452039951 ], [ 72.749646674262181, 34.235075547960093 ], [ 72.745480007595518, 34.230879720052101 ], [ 72.746186659071213, 34.210075547960088 ], [ 72.754519992404539, 34.201715766059046 ], [ 72.753813340928843, 34.197575547960092 ], [ 72.745480007595518, 34.18921576605905 ], [ 72.746186659071213, 34.180908881293426 ], [ 72.749646674262181, 34.177424452039951 ], [ 72.75, 34.175 ], [ 72.756620449490043, 34.174644978841165 ], [ 72.762853325737879, 34.168381076388911 ], [ 72.762146674262183, 34.151742214626758 ], [ 72.758686659071202, 34.148257785373282 ], [ 72.757980007595521, 34.139242214626755 ], [ 72.754181247287349, 34.135416666666686 ], [ 72.757980007595521, 34.131591118706616 ], [ 72.758333333333354, 34.129166666666684 ], [ 72.7625, 34.129166666666684 ], [ 72.7625, 34.125 ], [ 72.759184265136753, 34.124149237738735 ], [ 72.758333333333354, 34.120833333333351 ], [ 72.757725863986579, 34.105080159505228 ], [ 72.74943271213111, 34.102951727973107 ], [ 72.750815497504362, 34.096660020616341 ], [ 72.756122843424507, 34.092233954535608 ], [ 72.781377156575545, 34.091099378797765 ], [ 72.793622843424501, 34.079733954535612 ], [ 72.795833333333363, 34.079166666666687 ], [ 72.795480007595515, 34.076742214626755 ], [ 72.792019992404548, 34.073257785373286 ], [ 72.791313340928852, 34.068408881293422 ], [ 72.783686659071208, 34.060757785373283 ], [ 72.782980007595512, 34.047575547960086 ], [ 72.779519992404545, 34.044091118706618 ], [ 72.779166666666697, 34.041666666666686 ], [ 72.776742214626765, 34.041313340928852 ], [ 72.77118682861331, 34.035785759819916 ], [ 72.770833333333357, 33.991666666666703 ], [ 72.768622843424509, 33.991099378797777 ], [ 72.763467746310795, 33.98710411919491 ], [ 72.761649068196647, 33.980017598470084 ], [ 72.756122843424507, 33.978599378797774 ], [ 72.746536254882841, 33.969904073079462 ], [ 72.745266045464433, 33.960289510091179 ], [ 72.741270785861573, 33.955134412977465 ], [ 72.735289510091178, 33.953599378797776 ], [ 72.731377156575547, 33.950567287868957 ], [ 72.725850931803407, 33.949149068196647 ], [ 72.725, 33.945833333333354 ], [ 72.729733954535618, 33.944618394639789 ], [ 72.714710489908882, 33.929733954535621 ], [ 72.7125, 33.929166666666703 ], [ 72.705908881293425, 33.928813340928855 ], [ 72.702424452039963, 33.925353325737881 ], [ 72.675, 33.925 ], [ 72.674338785807322, 33.917566257052982 ], [ 72.670833333333363, 33.9166666666667 ], [ 72.67047559950089, 33.914211527506545 ], [ 72.660757785373292, 33.904519992404545 ], [ 72.655908881293428, 33.903813340928856 ], [ 72.635757785373286, 33.883686659071216 ], [ 72.633333333333354, 33.883333333333368 ], [ 72.626742214626759, 33.882980007595521 ], [ 72.623257785373298, 33.879519992404546 ], [ 72.618408881293433, 33.878813340928851 ], [ 72.614924452039958, 33.875353325737883 ], [ 72.605908881293431, 33.874646674262188 ], [ 72.602424452039955, 33.871186659071213 ], [ 72.589242214626765, 33.870480007595518 ], [ 72.585757785373289, 33.867019992404551 ], [ 72.580908881293425, 33.866313340928855 ], [ 72.577424452039963, 33.862853325737881 ], [ 72.572575547960099, 33.862146674262185 ], [ 72.564924452039961, 33.854519992404548 ], [ 72.560075547960096, 33.853813340928852 ], [ 72.556591118706621, 33.850353325737878 ], [ 72.551742214626756, 33.849646674262189 ], [ 72.548257785373295, 33.846186659071215 ], [ 72.539242214626768, 33.845480007595519 ], [ 72.535757785373292, 33.842019992404545 ], [ 72.526742214626765, 33.841313340928856 ], [ 72.523257785373289, 33.837853325737882 ], [ 72.518408881293425, 33.837146674262186 ], [ 72.514924452039963, 33.833686659071212 ], [ 72.510075547960099, 33.832980007595523 ], [ 72.506591118706623, 33.829519992404549 ], [ 72.497575547960096, 33.828813340928853 ], [ 72.489924452039958, 33.821186659071216 ], [ 72.485075547960093, 33.820480007595521 ], [ 72.481591118706618, 33.817019992404546 ], [ 72.464242214626765, 33.816313340928851 ], [ 72.460757785373289, 33.812853325737883 ], [ 72.454166666666694, 33.8125 ], [ 72.443408881293422, 33.812146674262188 ], [ 72.43958333333336, 33.808347913954023 ], [ 72.435416666666697, 33.812485419379371 ], [ 72.43125, 33.808347913954023 ], [ 72.427424452039958, 33.812146674262188 ], [ 72.422575547960093, 33.812853325737883 ], [ 72.419091118706618, 33.816313340928851 ], [ 72.40833333333336, 33.816666666666698 ], [ 72.3625, 33.816666666666698 ], [ 72.355908881293431, 33.817019992404546 ], [ 72.352424452039955, 33.820480007595521 ], [ 72.34583333333336, 33.820833333333368 ], [ 72.345266045464427, 33.823043823242223 ], [ 72.332687547471807, 33.836596510145434 ], [ 72.326956176757832, 33.838067287868959 ], [ 72.318877156575539, 33.845266045464442 ], [ 72.310289510091167, 33.846400621202292 ], [ 72.302210489908873, 33.853599378797774 ], [ 72.297789510091164, 33.854733954535625 ], [ 72.292370944552971, 33.859252760145431 ], [ 72.290958150227894, 33.86994594997833 ], [ 72.285289510091175, 33.871400621202291 ], [ 72.281377156575545, 33.87443271213111 ], [ 72.276956176757835, 33.875567287868961 ], [ 72.273043823242205, 33.87859937879778 ], [ 72.267517598470079, 33.880017598470083 ], [ 72.266666666666694, 33.883333333333368 ], [ 72.251742214626759, 33.883686659071216 ], [ 72.242021518283451, 33.893381245931025 ], [ 72.241666666666688, 33.9 ], [ 72.2375, 33.9 ], [ 72.2375, 33.904166666666697 ], [ 72.240815734863304, 33.905017598470089 ], [ 72.242517598470073, 33.911649068196652 ], [ 72.249149068196644, 33.913350931803421 ], [ 72.250967746310792, 33.920437452528247 ], [ 72.256122843424507, 33.924432712131107 ], [ 72.261649068196633, 33.925850931803417 ], [ 72.263714938693596, 33.933900621202291 ], [ 72.269971381293431, 33.932525634765661 ], [ 72.27173292371964, 33.925661214192743 ], [ 72.279166666666697, 33.925 ], [ 72.280017598470081, 33.928315734863318 ], [ 72.285543823242207, 33.929733954535621 ], [ 72.292233954535618, 33.936285061306457 ], [ 72.284340074327275, 33.938310919867654 ], [ 72.282766045464427, 33.942413330078161 ], [ 72.286932712131104, 33.947789510091184 ], [ 72.288067287868955, 33.952210489908886 ], [ 72.291099378797767, 33.956122843424517 ], [ 72.292233954535618, 33.963246663411496 ], [ 72.288067287868955, 33.968622843424512 ], [ 72.286932712131104, 33.973043823242222 ], [ 72.283900621202278, 33.976956176757845 ], [ 72.282766045464427, 33.989710489908887 ], [ 72.271400621202275, 34.001956176757844 ], [ 72.270266045464439, 34.006377156575553 ], [ 72.267233954535612, 34.010289510091184 ], [ 72.266099378797762, 34.014710489908886 ], [ 72.253520880805141, 34.028263176812104 ], [ 72.247789510091167, 34.029733954535622 ], [ 72.242322625054271, 34.034293111165397 ], [ 72.241666666666688, 34.0416666666667 ], [ 72.242517598470073, 34.044982401529985 ], [ 72.248043823242213, 34.046400621202295 ], [ 72.25195617675783, 34.049432712131114 ], [ 72.256377156575539, 34.050567287868958 ], [ 72.264456176757832, 34.057766045464447 ], [ 72.270833333333357, 34.058333333333366 ], [ 72.271187506781715, 34.069119771321652 ], [ 72.276742214626765, 34.074646674262191 ], [ 72.281591118706615, 34.075353325737879 ], [ 72.285075547960091, 34.078813340928853 ], [ 72.289924452039955, 34.079519992404549 ], [ 72.301742214626756, 34.091313340928856 ], [ 72.314924452039961, 34.092019992404552 ], [ 72.322915988498295, 34.099986097547777 ], [ 72.326742214626762, 34.096186659071215 ], [ 72.339924452039952, 34.095480007595519 ], [ 72.343408881293428, 34.092019992404552 ], [ 72.358333333333363, 34.091666666666704 ], [ 72.358688184950111, 34.098287116156719 ], [ 72.364242214626756, 34.103813340928852 ], [ 72.377424452039961, 34.104519992404548 ], [ 72.380908881293422, 34.107980007595522 ], [ 72.383333333333354, 34.108333333333356 ], [ 72.383686659071202, 34.114924452039951 ], [ 72.391313340928846, 34.122575547960089 ], [ 72.392019992404542, 34.127424452039953 ], [ 72.395480007595509, 34.130908881293422 ], [ 72.395833333333357, 34.1375 ], [ 72.399376424153672, 34.138409084743941 ], [ 72.4, 34.15 ], [ 72.403869967990474, 34.151106431749149 ], [ 72.411882358127201, 34.160339694552974 ], [ 72.413117641872859, 34.172993638780405 ], [ 72.420215691460527, 34.181173027886302 ], [ 72.42166510687936, 34.191131591796896 ], [ 72.431173197428407, 34.199382527669293 ], [ 72.43549346923831, 34.200617472330748 ], [ 72.44367319742841, 34.207715861002626 ], [ 72.454784308539516, 34.209332953559048 ], [ 72.453549024793858, 34.231326972113735 ], [ 72.450033908420167, 34.236138916015648 ], [ 72.456173197428413, 34.241049194335957 ], [ 72.461731804741774, 34.242638481987868 ], [ 72.46336144341366, 34.25383572048613 ], [ 72.468673197428416, 34.257715861002623 ], [ 72.47083333333336, 34.258333333333354 ], [ 72.47010464138458, 34.274271308051233 ], [ 72.454166666666694, 34.275 ], [ 72.453505452473991, 34.28243374294707 ], [ 72.446468098958363, 34.284239705403664 ], [ 72.445266045464436, 34.30295172797311 ], [ 72.452210489908879, 34.304733954535614 ], [ 72.456122843424509, 34.307766045464433 ], [ 72.461649068196635, 34.309184095594638 ], [ 72.463350931803404, 34.315815904405405 ], [ 72.468877156575545, 34.31723395453561 ], [ 72.472789510091175, 34.320266045464429 ], [ 72.478315734863301, 34.321684095594641 ], [ 72.479733954535618, 34.327210489908879 ], [ 72.48276604546443, 34.331122843424502 ], [ 72.483333333333363, 34.35 ], [ 72.494091118706621, 34.349646674262175 ], [ 72.498287116156703, 34.345480007595505 ], [ 72.531591118706629, 34.346186659071201 ], [ 72.535075547960091, 34.349646674262175 ], [ 72.544091118706618, 34.350353325737871 ], [ 72.548287116156715, 34.354519992404533 ], [ 72.606591118706618, 34.353813340928838 ], [ 72.610075547960093, 34.350353325737871 ], [ 72.629166666666691, 34.35 ], [ 72.629166666666691, 34.345833333333353 ], [ 72.63248240152997, 34.344982571072073 ], [ 72.633900621202287, 34.339456176757835 ], [ 72.636932712131099, 34.335543823242212 ], [ 72.6375, 34.325 ], [ 72.638399590386314, 34.321494547526065 ], [ 72.653193664550813, 34.32017856174047 ], [ 72.661932712131104, 34.310543823242206 ], [ 72.6625, 34.308333333333351 ], [ 72.673257785373295, 34.307980007595511 ], [ 72.676742214626756, 34.304519992404536 ], [ 72.679166666666688, 34.304166666666688 ], [ 72.708333333333357, 34.304166666666688 ], [ 72.708333333333357, 34.3 ] ] ] ] } },
{ "type": "Feature", "properties": { "HYBAS_ID": 4070641250, "NEXT_DOWN": 4070648320, "NEXT_SINK": 4070033640, "MAIN_BAS": 4070033640, "DIST_SINK": 1788.0, "DIST_MAIN": 1788.0, "SUB_AREA": 833.1, "UP_AREA": 196758.6, "PFAF_ID": 4567031, "ENDO": 0, "COAST": 0, "ORDER": 1, "SORT": 5868, "areakm2": 832.93 }, "geometry": { "type": "MultiPolygon", "coordinates": [ [ [ [ 72.925, 34.525 ], [ 72.925353325737873, 34.531591118706622 ], [ 72.937146674262181, 34.543408881293423 ], [ 72.9375, 34.566666666666691 ], [ 72.943801540798646, 34.567309570312524 ], [ 72.947865125868091, 34.570190429687521 ], [ 72.952134874131971, 34.571476236979187 ], [ 72.96186625162764, 34.57980957031252 ], [ 72.977134874131977, 34.578523763020854 ], [ 72.98301154242624, 34.574357096354191 ], [ 72.98963487413198, 34.575642903645857 ], [ 73.003452894422779, 34.58814290364586 ], [ 73.024223836263047, 34.586774359809048 ], [ 73.025744967990477, 34.571863471137178 ], [ 73.032368977864607, 34.569868977864608 ], [ 73.034595065646727, 34.562476603190127 ], [ 73.039531792534746, 34.558976236979191 ], [ 73.047968207465303, 34.557690429687526 ], [ 73.052031792534748, 34.554809570312521 ], [ 73.075, 34.554166666666688 ], [ 73.075909084743955, 34.55062357584638 ], [ 73.0875, 34.55 ], [ 73.097993638780409, 34.549382527669295 ], [ 73.102006361219651, 34.546450805664087 ], [ 73.106326972113749, 34.545215861002625 ], [ 73.110339694552977, 34.542284138997417 ], [ 73.12009819878476, 34.540864054362004 ], [ 73.120833333333366, 34.53333333333336 ], [ 73.120833333333366, 34.516666666666687 ], [ 73.118408881293433, 34.516313340928839 ], [ 73.104524400499159, 34.502454291449673 ], [ 73.103813340928852, 34.497575547960089 ], [ 73.100353325737885, 34.494091118706621 ], [ 73.099646674262189, 34.489242214626756 ], [ 73.094121297200559, 34.483689032660614 ], [ 73.085075547960102, 34.482980007595508 ], [ 73.079520331488752, 34.47745259602867 ], [ 73.079166666666694, 34.441666666666691 ], [ 73.075850762261311, 34.440815904405405 ], [ 73.074432712131113, 34.435289510091167 ], [ 73.065767076280409, 34.425735473632834 ], [ 73.057586669921903, 34.4244327121311 ], [ 73.052210489908887, 34.428599378797763 ], [ 73.045833333333363, 34.429166666666688 ], [ 73.043408881293431, 34.428813340928841 ], [ 73.039924452039955, 34.425353325737866 ], [ 73.035786946614607, 34.424646674262178 ], [ 73.031591118706629, 34.428813340928841 ], [ 73.027452256944471, 34.429519992404536 ], [ 73.021191406250026, 34.423290337456621 ], [ 73.020480007595523, 34.418408881293423 ], [ 73.008686659071216, 34.406591118706622 ], [ 73.007980007595521, 34.401742214626758 ], [ 73.000353325737876, 34.394091118706619 ], [ 72.999646674262181, 34.389953613281271 ], [ 73.003813340928843, 34.385757785373286 ], [ 73.004519992404539, 34.373285590277803 ], [ 72.998287963867213, 34.367022365993947 ], [ 72.989242214626771, 34.366313340928841 ], [ 72.983691406250031, 34.360790337456621 ], [ 72.982980007595515, 34.355908881293423 ], [ 72.977453613281284, 34.350355021158876 ], [ 72.97083333333336, 34.35 ], [ 72.966666666666697, 34.35 ], [ 72.960075547960102, 34.349646674262175 ], [ 72.956591118706626, 34.346186659071201 ], [ 72.947575547960099, 34.345480007595505 ], [ 72.939924452039961, 34.337853325737868 ], [ 72.9375, 34.3375 ], [ 72.93693271213111, 34.32278951009117 ], [ 72.933900621202284, 34.318877156575539 ], [ 72.932365587022602, 34.312896050347241 ], [ 72.927210489908887, 34.308900621202277 ], [ 72.921684095594642, 34.307482571072072 ], [ 72.920266045464444, 34.301956176757834 ], [ 72.917135281033012, 34.297916666666687 ], [ 72.920266045464444, 34.29387715657554 ], [ 72.921400621202281, 34.289456176757831 ], [ 72.925567287868958, 34.284079996744815 ], [ 72.924432712131107, 34.281122843424498 ], [ 72.911932712131104, 34.267654758029536 ], [ 72.913067287868955, 34.231122843424501 ], [ 72.916099378797767, 34.227210489908877 ], [ 72.917634412977463, 34.22122938368058 ], [ 72.922789510091178, 34.217233954535608 ], [ 72.928315904405409, 34.215815904405403 ], [ 72.929166666666703, 34.2125 ], [ 72.928240288628501, 34.209259711371551 ], [ 72.921510484483534, 34.207335747612866 ], [ 72.92014533148874, 34.184142727322069 ], [ 72.910339694552974, 34.182715861002627 ], [ 72.904635959201414, 34.178549194335957 ], [ 72.893673027886308, 34.17978413899742 ], [ 72.889583333333363, 34.182771809895854 ], [ 72.885493638780417, 34.17978413899742 ], [ 72.877006361219642, 34.178549194335957 ], [ 72.872993638780414, 34.17561747233075 ], [ 72.864506361219654, 34.174382527669295 ], [ 72.860493638780412, 34.17145080566408 ], [ 72.858333333333363, 34.170833333333356 ], [ 72.8541666666667, 34.170833333333356 ], [ 72.85352376302086, 34.168698459201408 ], [ 72.850642903645863, 34.164634874131963 ], [ 72.849357096354197, 34.160365125868076 ], [ 72.8464762369792, 34.15630154079863 ], [ 72.845056830512178, 34.142386542426237 ], [ 72.822864956325986, 34.141023763020854 ], [ 72.818801710340736, 34.138142903645857 ], [ 72.810364956325984, 34.136857096354184 ], [ 72.80063374837242, 34.128523763020851 ], [ 72.793698289659318, 34.129809570312517 ], [ 72.783967081705754, 34.138142903645857 ], [ 72.781198289659315, 34.136857096354184 ], [ 72.772968377007402, 34.129809570312517 ], [ 72.768698289659312, 34.128523763020851 ], [ 72.764635043674076, 34.125642903645854 ], [ 72.7625, 34.125 ], [ 72.7625, 34.129166666666684 ], [ 72.758333333333354, 34.129166666666684 ], [ 72.757980007595521, 34.131591118706616 ], [ 72.754181247287349, 34.135416666666686 ], [ 72.757980007595521, 34.139242214626755 ], [ 72.758686659071202, 34.148257785373282 ], [ 72.762146674262183, 34.151742214626758 ], [ 72.762853325737879, 34.168381076388911 ], [ 72.756620449490043, 34.174644978841165 ], [ 72.75, 34.175 ], [ 72.749646674262181, 34.177424452039951 ], [ 72.746186659071213, 34.180908881293426 ], [ 72.745480007595518, 34.18921576605905 ], [ 72.753813340928843, 34.197575547960092 ], [ 72.754519992404539, 34.201715766059046 ], [ 72.746186659071213, 34.210075547960088 ], [ 72.745480007595518, 34.230879720052101 ], [ 72.749646674262181, 34.235075547960093 ], [ 72.750353325737876, 34.239924452039951 ], [ 72.754152086046034, 34.24375 ], [ 72.750353325737876, 34.247575547960089 ], [ 72.749646674262181, 34.252424452039953 ], [ 72.739955139160188, 34.262142266167558 ], [ 72.735075547960093, 34.262853325737865 ], [ 72.719091118706629, 34.278813340928842 ], [ 72.714242214626765, 34.279519992404538 ], [ 72.708691406250026, 34.285042995876758 ], [ 72.707980007595509, 34.289924452039955 ], [ 72.704181247287352, 34.29375 ], [ 72.707980007595509, 34.297575547960093 ], [ 72.708333333333357, 34.3 ], [ 72.708333333333357, 34.304166666666688 ], [ 72.711649068196635, 34.305017428927975 ], [ 72.713067287868952, 34.310543823242206 ], [ 72.720266045464442, 34.3186228434245 ], [ 72.721684265136744, 34.324149237738737 ], [ 72.728315734863315, 34.325850762261304 ], [ 72.729733954535618, 34.331377156575542 ], [ 72.732766045464444, 34.335289510091165 ], [ 72.733900621202281, 34.339710489908875 ], [ 72.74109937879777, 34.347789510091168 ], [ 72.741666666666688, 34.358333333333356 ], [ 72.752210489908876, 34.358900621202281 ], [ 72.76028951009117, 34.366099378797763 ], [ 72.76581573486331, 34.367517428927975 ], [ 72.767579989963139, 34.374392361111134 ], [ 72.78333333333336, 34.375 ], [ 72.785757785373292, 34.375353325737869 ], [ 72.791308593750031, 34.380876329210089 ], [ 72.792019992404548, 34.385757785373286 ], [ 72.795480007595515, 34.389242214626755 ], [ 72.796186659071211, 34.393379720052103 ], [ 72.792019992404548, 34.397575547960088 ], [ 72.791313340928852, 34.410047743055578 ], [ 72.797543165418858, 34.416308593750024 ], [ 72.802424452039958, 34.417019992404533 ], [ 72.81214514838328, 34.426714409722244 ], [ 72.8125, 34.433333333333358 ], [ 72.816666666666691, 34.433333333333358 ], [ 72.819091118706623, 34.433686659071199 ], [ 72.822575547960099, 34.437146674262173 ], [ 72.831591118706626, 34.437853325737869 ], [ 72.835075547960102, 34.441313340928843 ], [ 72.839924452039952, 34.442019992404539 ], [ 72.848284233941001, 34.450353325737872 ], [ 72.856591118706632, 34.449646674262176 ], [ 72.860075547960093, 34.446186659071202 ], [ 72.866666666666703, 34.445833333333354 ], [ 72.867233954535621, 34.448043823242209 ], [ 72.870266045464433, 34.451956176757832 ], [ 72.871684095594645, 34.45748257107207 ], [ 72.878583780924515, 34.459252929687523 ], [ 72.886932712131099, 34.468622843424498 ], [ 72.888467746310795, 34.474603949652803 ], [ 72.893622843424509, 34.478599378797767 ], [ 72.895833333333357, 34.479166666666686 ], [ 72.896186998155414, 34.502450222439258 ], [ 72.914242214626768, 34.520480007595509 ], [ 72.919091118706632, 34.521186659071205 ], [ 72.922575547960093, 34.524646674262172 ], [ 72.925, 34.525 ] ] ] ] } },
{ "type": "Feature", "properties": { "HYBAS_ID": 4070641530, "NEXT_DOWN": 4070648320, "NEXT_SINK": 4070033640, "MAIN_BAS": 4070033640, "DIST_SINK": 1788.0, "DIST_MAIN": 1788.0, "SUB_AREA": 2863.4, "UP_AREA": 2863.6, "PFAF_ID": 4567020, "ENDO": 0, "COAST": 0, "ORDER": 2, "SORT": 5869, "areakm2": 2862.7 }, "geometry": { "type": "MultiPolygon", "coordinates": [ [ [ [ 72.795833333333363, 34.079166666666687 ], [ 72.793622843424501, 34.079733954535612 ], [ 72.781377156575545, 34.091099378797765 ], [ 72.756122843424507, 34.092233954535608 ], [ 72.750815497504362, 34.096660020616341 ], [ 72.74943271213111, 34.102951727973107 ], [ 72.757725863986579, 34.105080159505228 ], [ 72.758333333333354, 34.120833333333351 ], [ 72.759184265136753, 34.124149237738735 ], [ 72.7625, 34.125 ], [ 72.764635043674076, 34.125642903645854 ], [ 72.768698289659312, 34.128523763020851 ], [ 72.772968377007402, 34.129809570312517 ], [ 72.781198289659315, 34.136857096354184 ], [ 72.783967081705754, 34.138142903645857 ], [ 72.793698289659318, 34.129809570312517 ], [ 72.80063374837242, 34.128523763020851 ], [ 72.810364956325984, 34.136857096354184 ], [ 72.818801710340736, 34.138142903645857 ], [ 72.822864956325986, 34.141023763020854 ], [ 72.845056830512178, 34.142386542426237 ], [ 72.8464762369792, 34.15630154079863 ], [ 72.849357096354197, 34.160365125868076 ], [ 72.850642903645863, 34.164634874131963 ], [ 72.85352376302086, 34.168698459201408 ], [ 72.8541666666667, 34.170833333333356 ], [ 72.858333333333363, 34.170833333333356 ], [ 72.860493638780412, 34.17145080566408 ], [ 72.864506361219654, 34.174382527669295 ], [ 72.872993638780414, 34.17561747233075 ], [ 72.877006361219642, 34.178549194335957 ], [ 72.885493638780417, 34.17978413899742 ], [ 72.889583333333363, 34.182771809895854 ], [ 72.893673027886308, 34.17978413899742 ], [ 72.904635959201414, 34.178549194335957 ], [ 72.910339694552974, 34.182715861002627 ], [ 72.92014533148874, 34.184142727322069 ], [ 72.921510484483534, 34.207335747612866 ], [ 72.928240288628501, 34.209259711371551 ], [ 72.929166666666703, 34.2125 ], [ 72.928315904405409, 34.215815904405403 ], [ 72.922789510091178, 34.217233954535608 ], [ 72.917634412977463, 34.22122938368058 ], [ 72.916099378797767, 34.227210489908877 ], [ 72.913067287868955, 34.231122843424501 ], [ 72.911932712131104, 34.267654758029536 ], [ 72.924432712131107, 34.281122843424498 ], [ 72.925567287868958, 34.284079996744815 ], [ 72.921400621202281, 34.289456176757831 ], [ 72.920266045464444, 34.29387715657554 ], [ 72.917135281033012, 34.297916666666687 ], [ 72.920266045464444, 34.301956176757834 ], [ 72.921684095594642, 34.307482571072072 ], [ 72.927210489908887, 34.308900621202277 ], [ 72.932365587022602, 34.312896050347241 ], [ 72.933900621202284, 34.318877156575539 ], [ 72.93693271213111, 34.32278951009117 ], [ 72.9375, 34.3375 ], [ 72.939924452039961, 34.337853325737868 ], [ 72.947575547960099, 34.345480007595505 ], [ 72.956591118706626, 34.346186659071201 ], [ 72.960075547960102, 34.349646674262175 ], [ 72.966666666666697, 34.35 ], [ 72.97083333333336, 34.35 ], [ 72.977453613281284, 34.350355021158876 ], [ 72.982980007595515, 34.355908881293423 ], [ 72.983691406250031, 34.360790337456621 ], [ 72.989242214626771, 34.366313340928841 ], [ 72.998287963867213, 34.367022365993947 ], [ 73.004519992404539, 34.373285590277803 ], [ 73.003813340928843, 34.385757785373286 ], [ 72.999646674262181, 34.389953613281271 ], [ 73.000353325737876, 34.394091118706619 ], [ 73.007980007595521, 34.401742214626758 ], [ 73.008686659071216, 34.406591118706622 ], [ 73.020480007595523, 34.418408881293423 ], [ 73.021191406250026, 34.423290337456621 ], [ 73.027452256944471, 34.429519992404536 ], [ 73.031591118706629, 34.428813340928841 ], [ 73.035786946614607, 34.424646674262178 ], [ 73.039924452039955, 34.425353325737866 ], [ 73.043408881293431, 34.428813340928841 ], [ 73.045833333333363, 34.429166666666688 ], [ 73.052210489908887, 34.428599378797763 ], [ 73.057586669921903, 34.4244327121311 ], [ 73.065767076280409, 34.425735473632834 ], [ 73.074432712131113, 34.435289510091167 ], [ 73.075850762261311, 34.440815904405405 ], [ 73.079166666666694, 34.441666666666691 ], [ 73.079520331488752, 34.47745259602867 ], [ 73.085075547960102, 34.482980007595508 ], [ 73.094121297200559, 34.483689032660614 ], [ 73.099646674262189, 34.489242214626756 ], [ 73.100353325737885, 34.494091118706621 ], [ 73.103813340928852, 34.497575547960089 ], [ 73.104524400499159, 34.502454291449673 ], [ 73.118408881293433, 34.516313340928839 ], [ 73.120833333333366, 34.516666666666687 ], [ 73.120833333333366, 34.53333333333336 ], [ 73.12009819878476, 34.540864054362004 ], [ 73.110339694552977, 34.542284138997417 ], [ 73.106326972113749, 34.545215861002625 ], [ 73.102006361219651, 34.546450805664087 ], [ 73.097993638780409, 34.549382527669295 ], [ 73.0875, 34.55 ], [ 73.087853325737882, 34.564924452039953 ], [ 73.091313340928849, 34.568408881293429 ], [ 73.091666666666697, 34.579166666666687 ], [ 73.095250447591184, 34.58008626302086 ], [ 73.103599378797767, 34.589456176757835 ], [ 73.104733954535618, 34.593877156575545 ], [ 73.107766045464444, 34.597789510091168 ], [ 73.10892876519101, 34.640750122070337 ], [ 73.1125, 34.641666666666694 ], [ 73.1125, 34.645833333333357 ], [ 73.132417805989618, 34.646431816948805 ], [ 73.134470621744825, 34.654431152343776 ], [ 73.140920003255246, 34.649432712131102 ], [ 73.160543823242222, 34.650567287868945 ], [ 73.164456176757838, 34.653599378797765 ], [ 73.183333333333366, 34.65416666666669 ], [ 73.183686659071213, 34.673257785373288 ], [ 73.187146674262181, 34.676742214626763 ], [ 73.187853325737876, 34.685757785373291 ], [ 73.191313340928858, 34.689242214626759 ], [ 73.192019992404539, 34.698257785373286 ], [ 73.195480007595521, 34.701742214626762 ], [ 73.196186659071216, 34.710757785373289 ], [ 73.199646674262183, 34.714242214626758 ], [ 73.200353325737879, 34.723257785373292 ], [ 73.203813340928846, 34.726742214626761 ], [ 73.204519992404542, 34.731591118706625 ], [ 73.207980007595523, 34.735075547960093 ], [ 73.208686659071219, 34.739924452039958 ], [ 73.212146674262186, 34.743408881293426 ], [ 73.212853325737882, 34.760049099392383 ], [ 73.204519992404542, 34.768408881293425 ], [ 73.204166666666694, 34.770833333333357 ], [ 73.204166666666694, 34.775 ], [ 73.210757785373289, 34.775353325737875 ], [ 73.218408881293428, 34.782980007595512 ], [ 73.223257785373292, 34.783686659071208 ], [ 73.226742214626768, 34.787146674262175 ], [ 73.244091118706635, 34.787853325737871 ], [ 73.24964192708336, 34.793376329210098 ], [ 73.25, 34.795833333333356 ], [ 73.268914794921912, 34.796362982855925 ], [ 73.274059380425385, 34.800529649522595 ], [ 73.278399997287352, 34.799087863498286 ], [ 73.279166666666697, 34.795833333333356 ], [ 73.282624986436659, 34.794945949978327 ], [ 73.284036254882849, 34.784262424045167 ], [ 73.293622843424515, 34.775567287868952 ], [ 73.295833333333363, 34.775 ], [ 73.302424452039958, 34.775353325737875 ], [ 73.310075547960096, 34.782980007595512 ], [ 73.314924452039961, 34.783686659071208 ], [ 73.318408881293436, 34.787146674262175 ], [ 73.325, 34.7875 ], [ 73.33659091525611, 34.786876424153668 ], [ 73.338067287868952, 34.781122843424505 ], [ 73.345266045464442, 34.773043823242212 ], [ 73.346400621202292, 34.768622843424502 ], [ 73.349432712131104, 34.764710489908879 ], [ 73.35, 34.758333333333361 ], [ 73.350354342990485, 34.747546725802977 ], [ 73.355908881293431, 34.742019992404536 ], [ 73.358333333333363, 34.741666666666688 ], [ 73.358686659071211, 34.722575547960091 ], [ 73.362853325737873, 34.718379720052106 ], [ 73.362146674262192, 34.701742214626762 ], [ 73.358686659071211, 34.698257785373286 ], [ 73.357980007595515, 34.693408881293429 ], [ 73.354519992404548, 34.689924452039953 ], [ 73.353813340928852, 34.685075547960096 ], [ 73.350353325737885, 34.681591118706621 ], [ 73.349646674262189, 34.676742214626763 ], [ 73.346186659071208, 34.673257785373288 ], [ 73.34583333333336, 34.670833333333356 ], [ 73.343622843424512, 34.67026604546443 ], [ 73.339710489908882, 34.667233954535618 ], [ 73.335289510091172, 34.666099378797767 ], [ 73.331377156575556, 34.663067287868948 ], [ 73.326956176757847, 34.661932712131097 ], [ 73.321801079644132, 34.657937282986133 ], [ 73.319933742947086, 34.650661214192731 ], [ 73.3125, 34.65 ], [ 73.312146674262181, 34.626742214626759 ], [ 73.308686659071213, 34.623257785373291 ], [ 73.307980007595518, 34.618408881293426 ], [ 73.304519992404551, 34.614924452039958 ], [ 73.303813340928855, 34.610075547960093 ], [ 73.299646674262192, 34.605879720052108 ], [ 73.300353325737873, 34.601742214626761 ], [ 73.304152086046045, 34.597916666666691 ], [ 73.300353325737873, 34.594091118706622 ], [ 73.299646674262192, 34.589242214626758 ], [ 73.295480007595515, 34.585046386718773 ], [ 73.296186659071211, 34.555908881293426 ], [ 73.299646674262192, 34.552424452039951 ], [ 73.3, 34.55 ], [ 73.300353325737873, 34.543408881293423 ], [ 73.312853325737876, 34.530883110894123 ], [ 73.312146674262181, 34.514242214626762 ], [ 73.308686659071213, 34.510757785373286 ], [ 73.308333333333366, 34.508333333333354 ], [ 73.308686659071213, 34.501742214626759 ], [ 73.312853325737876, 34.497546386718774 ], [ 73.312146674262181, 34.485075547960093 ], [ 73.308686659071213, 34.481591118706618 ], [ 73.308333333333366, 34.46666666666669 ], [ 73.315693834092912, 34.466011895073805 ], [ 73.324432712131113, 34.456377156575542 ], [ 73.325708346896732, 34.44672071668839 ], [ 73.329166666666694, 34.445833333333354 ], [ 73.328505452473991, 34.438399590386304 ], [ 73.320266045464436, 34.43628506130645 ], [ 73.321400621202287, 34.422789510091171 ], [ 73.329733954535627, 34.413437228732661 ], [ 73.328599378797776, 34.401956176757835 ], [ 73.324432712131113, 34.396579996744812 ], [ 73.32556728786895, 34.393622843424502 ], [ 73.329733954535627, 34.388246663411479 ], [ 73.328599378797776, 34.38528951009117 ], [ 73.32556728786895, 34.381377156575546 ], [ 73.324432712131113, 34.372789510091167 ], [ 73.321400621202287, 34.368877156575543 ], [ 73.320266045464436, 34.360289510091164 ], [ 73.313067287868961, 34.352210489908877 ], [ 73.31193271213111, 34.343622843424498 ], [ 73.307766045464447, 34.338246663411482 ], [ 73.309583197699681, 34.333510674370679 ], [ 73.314456176757844, 34.329733954535612 ], [ 73.318877156575553, 34.328599378797762 ], [ 73.324253336588569, 34.324432712131099 ], [ 73.335543823242219, 34.325567287868942 ], [ 73.343741183810792, 34.332871500651066 ], [ 73.347789510091175, 34.329733954535612 ], [ 73.352210489908884, 34.328599378797762 ], [ 73.356122843424515, 34.325567287868942 ], [ 73.358333333333363, 34.325 ], [ 73.357980007595515, 34.318408881293422 ], [ 73.354519992404548, 34.314924452039953 ], [ 73.353813340928852, 34.310075547960089 ], [ 73.349646674262189, 34.305879720052104 ], [ 73.350353325737885, 34.293408881293423 ], [ 73.354152764214447, 34.289582655164949 ], [ 73.346186659071208, 34.281591118706615 ], [ 73.345480007595512, 34.276742214626758 ], [ 73.34168056911895, 34.272915988498283 ], [ 73.350353325737885, 34.264215766059046 ], [ 73.349646674262189, 34.260075547960092 ], [ 73.342019992404545, 34.252424452039953 ], [ 73.341666666666697, 34.245833333333351 ], [ 73.344123670789969, 34.24547526041669 ], [ 73.349646674262189, 34.239924452039951 ], [ 73.350353325737885, 34.222575547960091 ], [ 73.354152086046042, 34.21875 ], [ 73.350014580620694, 34.214583333333351 ], [ 73.353813340928852, 34.210757785373282 ], [ 73.354521687825553, 34.19754638671877 ], [ 73.360785590277814, 34.191313340928843 ], [ 73.364924452039958, 34.192019992404532 ], [ 73.36912027994795, 34.196186659071202 ], [ 73.377424452039961, 34.195480007595506 ], [ 73.380908881293436, 34.192019992404532 ], [ 73.385757785373301, 34.191313340928843 ], [ 73.389242214626762, 34.187853325737869 ], [ 73.394091118706626, 34.187146674262173 ], [ 73.397575547960102, 34.183686659071199 ], [ 73.4166666666667, 34.183333333333351 ], [ 73.4166666666667, 34.179166666666688 ], [ 73.417233954535618, 34.172789510091164 ], [ 73.420266045464444, 34.16887715657554 ], [ 73.421684095594657, 34.163350762261302 ], [ 73.425, 34.1625 ], [ 73.42442186143667, 34.113524712456616 ], [ 73.418877156575547, 34.108900621202274 ], [ 73.413082885742227, 34.107413736979183 ], [ 73.404733954535629, 34.098043823242207 ], [ 73.403463745117222, 34.088429090711827 ], [ 73.393877156575556, 34.079733954535612 ], [ 73.388350762261325, 34.0783159044054 ], [ 73.3875, 34.075 ], [ 73.381122843424507, 34.075567287868957 ], [ 73.37708333333336, 34.078697882758284 ], [ 73.372905137803855, 34.075459798177121 ], [ 73.360543823242224, 34.086932712131109 ], [ 73.353420003255238, 34.088067287868959 ], [ 73.348043823242222, 34.083900621202289 ], [ 73.343622843424512, 34.082766045464446 ], [ 73.338467746310798, 34.078770785861579 ], [ 73.336612616644999, 34.071541849772174 ], [ 73.326956176757847, 34.070266045464443 ], [ 73.323043823242216, 34.067233954535624 ], [ 73.316666666666706, 34.066666666666684 ], [ 73.316099378797773, 34.064456176757851 ], [ 73.313067287868961, 34.06054382324222 ], [ 73.311612616644993, 34.054875183105501 ], [ 73.300929090711833, 34.05346374511722 ], [ 73.292233954535618, 34.043877156575554 ], [ 73.29096408420142, 34.03426649305559 ], [ 73.277210489908882, 34.021400621202289 ], [ 73.264456176757847, 34.020266045464446 ], [ 73.260543823242216, 34.017233954535627 ], [ 73.242572360568602, 34.016029018825989 ], [ 73.241666666666703, 34.0125 ], [ 73.230908881293431, 34.012853325737879 ], [ 73.223257785373292, 34.020480007595523 ], [ 73.22083333333336, 34.02083333333335 ], [ 73.218622843424512, 34.020266045464446 ], [ 73.206377156575556, 34.008900621202294 ], [ 73.201956176757847, 34.007766045464443 ], [ 73.198043823242216, 34.004733954535624 ], [ 73.193622843424507, 34.00359937879778 ], [ 73.18971048990889, 34.000567287868961 ], [ 73.184184095594645, 33.999149068196651 ], [ 73.182482571072086, 33.992517598470087 ], [ 73.176956176757841, 33.991099378797777 ], [ 73.167586263020866, 33.982750447591179 ], [ 73.165749443901944, 33.975592888726162 ], [ 73.141666666666694, 33.975 ], [ 73.141023763020868, 33.972864956325992 ], [ 73.133976236979194, 33.964635043674079 ], [ 73.132594129774333, 33.94660797119144 ], [ 73.118698459201426, 33.945190599229633 ], [ 73.11463487413198, 33.942309400770434 ], [ 73.105180867513056, 33.94086880154083 ], [ 73.103152465820344, 33.934131198459234 ], [ 73.09369845920142, 33.932690599229637 ], [ 73.089634874131974, 33.929809400770431 ], [ 73.075289238823814, 33.928346082899338 ], [ 73.071476236979194, 33.922968377007415 ], [ 73.070833333333368, 33.92083333333337 ], [ 73.055908881293433, 33.921186659071218 ], [ 73.052424452039958, 33.924646674262185 ], [ 73.04828694661461, 33.925353325737881 ], [ 73.044091118706632, 33.921186659071218 ], [ 73.0375, 33.92083333333337 ], [ 73.034184095594654, 33.921684265136754 ], [ 73.03248257107208, 33.928315734863318 ], [ 73.029166666666697, 33.929166666666703 ], [ 73.01028951009117, 33.929733954535621 ], [ 73.006377156575553, 33.932766045464447 ], [ 73.001956176757844, 33.933900621202291 ], [ 72.998043823242213, 33.93693271213111 ], [ 72.993622843424504, 33.938067287868961 ], [ 72.989710489908887, 33.94109937879778 ], [ 72.981122843424515, 33.942233954535624 ], [ 72.973043823242222, 33.949432712131113 ], [ 72.964456176757835, 33.950567287868957 ], [ 72.956377156575556, 33.957766045464446 ], [ 72.951956176757847, 33.958900621202289 ], [ 72.948043823242216, 33.961932712131109 ], [ 72.943622843424507, 33.963067287868959 ], [ 72.93971048990889, 33.966099378797779 ], [ 72.926956176757841, 33.967233954535622 ], [ 72.914710489908884, 33.978599378797774 ], [ 72.890920003255232, 33.979733954535625 ], [ 72.885543823242216, 33.975567287868955 ], [ 72.869799126519126, 33.974432712131112 ], [ 72.843877156575545, 33.99943271213111 ], [ 72.839456176757835, 34.000567287868961 ], [ 72.835543823242219, 34.00359937879778 ], [ 72.826956176757847, 34.004733954535624 ], [ 72.818877156575553, 34.011932712131113 ], [ 72.813350931803413, 34.013350931803423 ], [ 72.811649068196644, 34.01998240152998 ], [ 72.806122843424504, 34.021400621202289 ], [ 72.802210489908887, 34.024432712131109 ], [ 72.797789510091178, 34.025567287868959 ], [ 72.792634412977463, 34.029562547471826 ], [ 72.790815734863315, 34.036649068196652 ], [ 72.785289510091175, 34.038067287868955 ], [ 72.781377156575545, 34.041099378797782 ], [ 72.779166666666697, 34.041666666666686 ], [ 72.779519992404545, 34.044091118706618 ], [ 72.782980007595512, 34.047575547960086 ], [ 72.783686659071208, 34.060757785373283 ], [ 72.791313340928852, 34.068408881293422 ], [ 72.792019992404548, 34.073257785373286 ], [ 72.795480007595515, 34.076742214626755 ], [ 72.795833333333363, 34.079166666666687 ] ] ] ] } },
{ "type": "Feature", "properties": { "HYBAS_ID": 4070632690, "NEXT_DOWN": 4070641250, "NEXT_SINK": 4070033640, "MAIN_BAS": 4070033640, "DIST_SINK": 1826.6, "DIST_MAIN": 1826.6, "SUB_AREA": 1434.0, "UP_AREA": 1434.1, "PFAF_ID": 4567032, "ENDO": 0, "COAST": 0, "ORDER": 2, "SORT": 5874, "areakm2": 1433.75 }, "geometry": { "type": "MultiPolygon", "coordinates": [ [ [ [ 72.770833333333357, 34.470833333333353 ], [ 72.771684265136741, 34.467517428927977 ], [ 72.777210489908882, 34.466099378797765 ], [ 72.797789510091178, 34.44640062120228 ], [ 72.803315734863304, 34.444982571072075 ], [ 72.804733954535621, 34.439456176757837 ], [ 72.807766045464433, 34.435543823242213 ], [ 72.808333333333366, 34.433333333333358 ], [ 72.8125, 34.433333333333358 ], [ 72.81214514838328, 34.426714409722244 ], [ 72.802424452039958, 34.417019992404533 ], [ 72.797543165418858, 34.416308593750024 ], [ 72.791313340928852, 34.410047743055578 ], [ 72.792019992404548, 34.397575547960088 ], [ 72.796186659071211, 34.393379720052103 ], [ 72.795480007595515, 34.389242214626755 ], [ 72.792019992404548, 34.385757785373286 ], [ 72.791308593750031, 34.380876329210089 ], [ 72.785757785373292, 34.375353325737869 ], [ 72.78333333333336, 34.375 ], [ 72.767579989963139, 34.374392361111134 ], [ 72.76581573486331, 34.367517428927975 ], [ 72.76028951009117, 34.366099378797763 ], [ 72.752210489908876, 34.358900621202281 ], [ 72.741666666666688, 34.358333333333356 ], [ 72.74109937879777, 34.347789510091168 ], [ 72.733900621202281, 34.339710489908875 ], [ 72.732766045464444, 34.335289510091165 ], [ 72.729733954535618, 34.331377156575542 ], [ 72.728315734863315, 34.325850762261304 ], [ 72.721684265136744, 34.324149237738737 ], [ 72.720266045464442, 34.3186228434245 ], [ 72.713067287868952, 34.310543823242206 ], [ 72.711649068196635, 34.305017428927975 ], [ 72.708333333333357, 34.304166666666688 ], [ 72.679166666666688, 34.304166666666688 ], [ 72.676742214626756, 34.304519992404536 ], [ 72.673257785373295, 34.307980007595511 ], [ 72.6625, 34.308333333333351 ], [ 72.661932712131104, 34.310543823242206 ], [ 72.653193664550813, 34.32017856174047 ], [ 72.638399590386314, 34.321494547526065 ], [ 72.6375, 34.325 ], [ 72.636932712131099, 34.335543823242212 ], [ 72.633900621202287, 34.339456176757835 ], [ 72.63248240152997, 34.344982571072073 ], [ 72.629166666666691, 34.345833333333353 ], [ 72.629166666666691, 34.35 ], [ 72.610075547960093, 34.350353325737871 ], [ 72.606591118706618, 34.353813340928838 ], [ 72.548287116156715, 34.354519992404533 ], [ 72.544091118706618, 34.350353325737871 ], [ 72.535075547960091, 34.349646674262175 ], [ 72.531591118706629, 34.346186659071201 ], [ 72.498287116156703, 34.345480007595505 ], [ 72.494091118706621, 34.349646674262175 ], [ 72.483333333333363, 34.35 ], [ 72.482980007595515, 34.352424452039955 ], [ 72.479519992404533, 34.355908881293423 ], [ 72.479166666666686, 34.366666666666688 ], [ 72.478258599175376, 34.370205349392386 ], [ 72.457586669921895, 34.371400621202277 ], [ 72.452083333333363, 34.367135281033008 ], [ 72.448043823242216, 34.370266045464433 ], [ 72.443622843424507, 34.371400621202277 ], [ 72.439710489908876, 34.374432712131096 ], [ 72.433333333333366, 34.375 ], [ 72.432980007595518, 34.389924452039949 ], [ 72.427456834581193, 34.395475260416688 ], [ 72.425, 34.395833333333357 ], [ 72.425, 34.40416666666669 ], [ 72.422789510091178, 34.404733954535615 ], [ 72.418877156575547, 34.407766045464435 ], [ 72.392578294542119, 34.408947414822073 ], [ 72.391099378797762, 34.414710489908877 ], [ 72.387104119194902, 34.419865587022592 ], [ 72.379875183105497, 34.421720716688391 ], [ 72.378599378797773, 34.431377156575543 ], [ 72.37400224473744, 34.436889648437521 ], [ 72.347789510091175, 34.438067287868947 ], [ 72.343877156575545, 34.441099378797766 ], [ 72.330066257052977, 34.442327880859395 ], [ 72.329166666666694, 34.445833333333354 ], [ 72.326956176757832, 34.44640062120228 ], [ 72.321801079644118, 34.450396050347244 ], [ 72.31998240152997, 34.45748257107207 ], [ 72.316666666666691, 34.458333333333357 ], [ 72.315998670789952, 34.442479112413217 ], [ 72.306173197428407, 34.44104919433596 ], [ 72.300469122992652, 34.43688252766929 ], [ 72.293673197428404, 34.438117472330752 ], [ 72.287969122992649, 34.442284138997415 ], [ 72.285339864095079, 34.44104919433596 ], [ 72.277160135904978, 34.433950805664082 ], [ 72.275, 34.433333333333358 ], [ 72.264242214626762, 34.433686659071199 ], [ 72.252424452039961, 34.445480007595506 ], [ 72.247575547960096, 34.446186659071202 ], [ 72.244091118706621, 34.449646674262176 ], [ 72.241666666666688, 34.45 ], [ 72.239242214626756, 34.450353325737872 ], [ 72.225353834364171, 34.464216105143251 ], [ 72.225, 34.479166666666686 ], [ 72.224432712131104, 34.493877156575543 ], [ 72.216083780924507, 34.503247070312526 ], [ 72.209184265136741, 34.505017428927971 ], [ 72.208333333333357, 34.508333333333354 ], [ 72.209184265136741, 34.511649237738737 ], [ 72.215815734863298, 34.513350762261311 ], [ 72.217233954535615, 34.518877156575542 ], [ 72.221752760145421, 34.524295722113735 ], [ 72.231377156575547, 34.525567287868945 ], [ 72.236770290798631, 34.53006490071617 ], [ 72.238067287868944, 34.538511827256968 ], [ 72.221400621202278, 34.556122843424504 ], [ 72.22083333333336, 34.570833333333354 ], [ 72.22083333333336, 34.575 ], [ 72.235757785373295, 34.575353325737872 ], [ 72.239242214626756, 34.578813340928846 ], [ 72.244091118706621, 34.579519992404535 ], [ 72.247575547960096, 34.582980007595509 ], [ 72.260787116156706, 34.58368835449221 ], [ 72.266313340928846, 34.589242214626758 ], [ 72.267024739583363, 34.594123670789955 ], [ 72.272575547960088, 34.599646674262175 ], [ 72.277424452039952, 34.600353325737871 ], [ 72.280908881293428, 34.603813340928845 ], [ 72.285757785373292, 34.604519992404541 ], [ 72.293408881293431, 34.612146674262178 ], [ 72.310757785373283, 34.612853325737873 ], [ 72.314242214626759, 34.616313340928841 ], [ 72.323257785373286, 34.617019992404536 ], [ 72.326742214626762, 34.620480007595511 ], [ 72.329166666666694, 34.620833333333358 ], [ 72.3375, 34.620833333333358 ], [ 72.348043823242207, 34.621400621202284 ], [ 72.351956176757838, 34.624432712131103 ], [ 72.357624816894557, 34.625887383355057 ], [ 72.358900621202281, 34.635543823242209 ], [ 72.36609937879777, 34.643622843424502 ], [ 72.367517598470073, 34.64914923773874 ], [ 72.374338785807311, 34.65089959038631 ], [ 72.375661214192732, 34.665767076280403 ], [ 72.381377156575553, 34.667233954535618 ], [ 72.38528951009117, 34.67026604546443 ], [ 72.393877156575542, 34.671400621202281 ], [ 72.406122843424498, 34.682766045464433 ], [ 72.414710489908884, 34.683900621202284 ], [ 72.418622843424501, 34.686932712131103 ], [ 72.42304382324221, 34.688067287868947 ], [ 72.428029547797337, 34.691931152343777 ], [ 72.429166666666688, 34.6875 ], [ 72.430017598470073, 34.684184095594645 ], [ 72.435543823242213, 34.682766045464433 ], [ 72.439456176757844, 34.679733954535614 ], [ 72.456377156575542, 34.67859937879777 ], [ 72.460289510091172, 34.675567287868951 ], [ 72.47083333333336, 34.675 ], [ 72.471186659071208, 34.677424452039958 ], [ 72.482980007595515, 34.689242214626759 ], [ 72.483688184950111, 34.702452256944468 ], [ 72.493408881293433, 34.712146674262179 ], [ 72.5, 34.7125 ], [ 72.519091118706626, 34.712146674262179 ], [ 72.522575547960102, 34.708686659071205 ], [ 72.53333333333336, 34.708333333333357 ], [ 72.53333333333336, 34.7 ], [ 72.532766045464442, 34.69778951009117 ], [ 72.528599378797765, 34.692413330078146 ], [ 72.529733954535615, 34.685289510091167 ], [ 72.532766045464442, 34.681377156575543 ], [ 72.53425309922963, 34.675582885742209 ], [ 72.543622843424501, 34.667233954535618 ], [ 72.557433742947069, 34.666005452473982 ], [ 72.558900621202284, 34.660289510091168 ], [ 72.570266045464436, 34.648043823242212 ], [ 72.571489291720951, 34.634293280707489 ], [ 72.576956176757832, 34.629733954535617 ], [ 72.579166666666694, 34.629166666666691 ], [ 72.583333333333357, 34.629166666666691 ], [ 72.583691406250026, 34.631623670789956 ], [ 72.589242214626765, 34.637146674262176 ], [ 72.598257785373292, 34.637853325737872 ], [ 72.605908881293431, 34.645480007595509 ], [ 72.65, 34.645833333333357 ], [ 72.650567287868952, 34.63945617675784 ], [ 72.653599378797765, 34.635543823242209 ], [ 72.655017598470081, 34.630017428927978 ], [ 72.661649068196638, 34.628315904405405 ], [ 72.663419765896293, 34.621416219075542 ], [ 72.672789510091178, 34.613067287868944 ], [ 72.677210489908887, 34.6119327121311 ], [ 72.681122843424504, 34.608900621202281 ], [ 72.686649068196644, 34.607482571072069 ], [ 72.688467746310792, 34.600396050347243 ], [ 72.693622843424507, 34.596400621202278 ], [ 72.7125, 34.59583333333336 ], [ 72.713067287868952, 34.593622843424505 ], [ 72.716099378797765, 34.589710489908875 ], [ 72.717517598470081, 34.584184095594644 ], [ 72.724338785807319, 34.582433742947075 ], [ 72.725567287868955, 34.5686228434245 ], [ 72.728599378797767, 34.564710489908876 ], [ 72.729733954535618, 34.560289510091167 ], [ 72.732766045464444, 34.556377156575543 ], [ 72.733333333333363, 34.55 ], [ 72.732980007595515, 34.543408881293423 ], [ 72.729519992404548, 34.539924452039955 ], [ 72.7291666666667, 34.520833333333357 ], [ 72.729822625054283, 34.513459947374152 ], [ 72.735289510091178, 34.50890062120228 ], [ 72.740970526801249, 34.507442559136308 ], [ 72.761932712131099, 34.48554382324221 ], [ 72.763350931803416, 34.480017428927972 ], [ 72.770172119140653, 34.478267076280403 ], [ 72.770833333333357, 34.470833333333353 ] ] ] ] } },
{ "type": "Feature", "properties": { "HYBAS_ID": 4070632570, "NEXT_DOWN": 4070641250, "NEXT_SINK": 4070033640, "MAIN_BAS": 4070033640, "DIST_SINK": 1826.6, "DIST_MAIN": 1826.6, "SUB_AREA": 3897.8, "UP_AREA": 194491.6, "PFAF_ID": 4567033, "ENDO": 0, "COAST": 0, "ORDER": 1, "SORT": 5875, "areakm2": 3897.44 }, "geometry": { "type": "MultiPolygon", "coordinates": [ [ [ [ 72.9375, 34.566666666666691 ], [ 72.937146674262181, 34.543408881293423 ], [ 72.925353325737873, 34.531591118706622 ], [ 72.925, 34.525 ], [ 72.922575547960093, 34.524646674262172 ], [ 72.919091118706632, 34.521186659071205 ], [ 72.914242214626768, 34.520480007595509 ], [ 72.896186998155414, 34.502450222439258 ], [ 72.895833333333357, 34.479166666666686 ], [ 72.893622843424509, 34.478599378797767 ], [ 72.888467746310795, 34.474603949652803 ], [ 72.886932712131099, 34.468622843424498 ], [ 72.878583780924515, 34.459252929687523 ], [ 72.871684095594645, 34.45748257107207 ], [ 72.870266045464433, 34.451956176757832 ], [ 72.867233954535621, 34.448043823242209 ], [ 72.866666666666703, 34.445833333333354 ], [ 72.860075547960093, 34.446186659071202 ], [ 72.856591118706632, 34.449646674262176 ], [ 72.848284233941001, 34.450353325737872 ], [ 72.839924452039952, 34.442019992404539 ], [ 72.835075547960102, 34.441313340928843 ], [ 72.831591118706626, 34.437853325737869 ], [ 72.822575547960099, 34.437146674262173 ], [ 72.819091118706623, 34.433686659071199 ], [ 72.816666666666691, 34.433333333333358 ], [ 72.8125, 34.433333333333358 ], [ 72.808333333333366, 34.433333333333358 ], [ 72.807766045464433, 34.435543823242213 ], [ 72.804733954535621, 34.439456176757837 ], [ 72.803315734863304, 34.444982571072075 ], [ 72.797789510091178, 34.44640062120228 ], [ 72.777210489908882, 34.466099378797765 ], [ 72.771684265136741, 34.467517428927977 ], [ 72.770833333333357, 34.470833333333353 ], [ 72.770172119140653, 34.478267076280403 ], [ 72.763350931803416, 34.480017428927972 ], [ 72.761932712131099, 34.48554382324221 ], [ 72.740970526801249, 34.507442559136308 ], [ 72.735289510091178, 34.50890062120228 ], [ 72.729822625054283, 34.513459947374152 ], [ 72.7291666666667, 34.520833333333357 ], [ 72.729519992404548, 34.539924452039955 ], [ 72.732980007595515, 34.543408881293423 ], [ 72.733333333333363, 34.55 ], [ 72.732766045464444, 34.556377156575543 ], [ 72.729733954535618, 34.560289510091167 ], [ 72.728599378797767, 34.564710489908876 ], [ 72.725567287868955, 34.5686228434245 ], [ 72.724338785807319, 34.582433742947075 ], [ 72.717517598470081, 34.584184095594644 ], [ 72.716099378797765, 34.589710489908875 ], [ 72.713067287868952, 34.593622843424505 ], [ 72.7125, 34.59583333333336 ], [ 72.693622843424507, 34.596400621202278 ], [ 72.688467746310792, 34.600396050347243 ], [ 72.686649068196644, 34.607482571072069 ], [ 72.681122843424504, 34.608900621202281 ], [ 72.677210489908887, 34.6119327121311 ], [ 72.672789510091178, 34.613067287868944 ], [ 72.663419765896293, 34.621416219075542 ], [ 72.661649068196638, 34.628315904405405 ], [ 72.655017598470081, 34.630017428927978 ], [ 72.653599378797765, 34.635543823242209 ], [ 72.650567287868952, 34.63945617675784 ], [ 72.65, 34.645833333333357 ], [ 72.605908881293431, 34.645480007595509 ], [ 72.598257785373292, 34.637853325737872 ], [ 72.589242214626765, 34.637146674262176 ], [ 72.583691406250026, 34.631623670789956 ], [ 72.583333333333357, 34.629166666666691 ], [ 72.579166666666694, 34.629166666666691 ], [ 72.576956176757832, 34.629733954535617 ], [ 72.571489291720951, 34.634293280707489 ], [ 72.570266045464436, 34.648043823242212 ], [ 72.558900621202284, 34.660289510091168 ], [ 72.557433742947069, 34.666005452473982 ], [ 72.543622843424501, 34.667233954535618 ], [ 72.53425309922963, 34.675582885742209 ], [ 72.532766045464442, 34.681377156575543 ], [ 72.529733954535615, 34.685289510091167 ], [ 72.528599378797765, 34.692413330078146 ], [ 72.532766045464442, 34.69778951009117 ], [ 72.53333333333336, 34.7 ], [ 72.53333333333336, 34.708333333333357 ], [ 72.5375, 34.708333333333357 ], [ 72.538154771592914, 34.715693834092903 ], [ 72.547789510091178, 34.724432712131104 ], [ 72.553505452473985, 34.725899590386312 ], [ 72.55482092963328, 34.740688408745683 ], [ 72.568622843424507, 34.753599378797766 ], [ 72.570833333333354, 34.754166666666691 ], [ 72.570833333333354, 34.758333333333361 ], [ 72.571186659071202, 34.769091118706619 ], [ 72.574646674262183, 34.772575547960095 ], [ 72.575353325737879, 34.789924452039955 ], [ 72.578813340928846, 34.793408881293431 ], [ 72.579519992404542, 34.802424452039958 ], [ 72.582980007595509, 34.805908881293426 ], [ 72.583686659071205, 34.839213053385443 ], [ 72.579519992404542, 34.843408881293428 ], [ 72.578813340928846, 34.847546386718776 ], [ 72.582980007595509, 34.851742214626761 ], [ 72.583686659071205, 34.856591118706625 ], [ 72.587146674262186, 34.860075547960093 ], [ 72.587853325737868, 34.864924452039958 ], [ 72.591313340928849, 34.868408881293426 ], [ 72.591666666666697, 34.895833333333357 ], [ 72.591666666666697, 34.9 ], [ 72.591313340928849, 34.906591118706622 ], [ 72.587853325737868, 34.910075547960098 ], [ 72.587146674262186, 34.935046386718774 ], [ 72.591313340928849, 34.939242214626759 ], [ 72.592019992404545, 34.944091118706623 ], [ 72.595480007595512, 34.947575547960099 ], [ 72.596186659071208, 34.956591118706626 ], [ 72.599986436631966, 34.960417683919296 ], [ 72.583686659071205, 34.976742214626761 ], [ 72.582980007595509, 34.981591118706625 ], [ 72.577456834581184, 34.987141927083357 ], [ 72.575, 34.9875 ], [ 72.57556728786895, 34.98971048990888 ], [ 72.578599378797776, 34.993622843424504 ], [ 72.579733954535612, 35.010543823242216 ], [ 72.584293111165394, 35.016010877821209 ], [ 72.59910040961374, 35.017327880859405 ], [ 72.600567287868955, 35.023043823242212 ], [ 72.603599378797767, 35.026956176757842 ], [ 72.604733954535618, 35.031377156575545 ], [ 72.608729214138478, 35.036532253689266 ], [ 72.614710489908887, 35.038067287868948 ], [ 72.62012905544708, 35.042586263020858 ], [ 72.621400621202284, 35.05221048990888 ], [ 72.62443271213111, 35.056122843424504 ], [ 72.625, 35.0625 ], [ 72.631591118706623, 35.062853325737876 ], [ 72.639242214626762, 35.070480007595513 ], [ 72.660757785373292, 35.071186659071209 ], [ 72.664242214626768, 35.074646674262183 ], [ 72.670833333333363, 35.075 ], [ 72.671186659071211, 35.081591118706626 ], [ 72.674646674262178, 35.085075547960095 ], [ 72.675353325737873, 35.098257785373292 ], [ 72.682980007595518, 35.105908881293431 ], [ 72.683333333333366, 35.108333333333363 ], [ 72.69492407904734, 35.108956909179717 ], [ 72.696400621202287, 35.11471048990888 ], [ 72.699432712131099, 35.118622843424504 ], [ 72.70056728786895, 35.139710489908879 ], [ 72.704562547471809, 35.144865587022601 ], [ 72.710543823242219, 35.146400621202282 ], [ 72.720178561740482, 35.155139499240477 ], [ 72.72083333333336, 35.1625 ], [ 72.720480007595512, 35.164924452039962 ], [ 72.710785420735704, 35.174645148383277 ], [ 72.697575547960099, 35.175353325737873 ], [ 72.69202473958336, 35.180876498752198 ], [ 72.691666666666691, 35.183333333333358 ], [ 72.692309400770426, 35.193801710340743 ], [ 72.695190599229633, 35.197864956325986 ], [ 72.696476067437089, 35.202135043674076 ], [ 72.699357265896296, 35.206198289659319 ], [ 72.700642734103766, 35.210468377007409 ], [ 72.703523932562959, 35.214531622992652 ], [ 72.70493808322486, 35.228395250108534 ], [ 72.719803195529536, 35.229911634657149 ], [ 72.721476067437095, 35.235468377007408 ], [ 72.724357265896302, 35.239531622992651 ], [ 72.725642734103758, 35.248551940917999 ], [ 72.72083333333336, 35.25 ], [ 72.721191406250028, 35.252456834581196 ], [ 72.726742214626768, 35.257980007595513 ], [ 72.739924452039958, 35.258686659071209 ], [ 72.743408881293433, 35.262146674262183 ], [ 72.756591118706623, 35.262853325737879 ], [ 72.760075547960099, 35.266313340928846 ], [ 72.766666666666694, 35.266666666666694 ], [ 72.766313340928846, 35.289924452039962 ], [ 72.762853325737879, 35.293408881293431 ], [ 72.762146674262183, 35.301715596516956 ], [ 72.770480007595509, 35.310075547960096 ], [ 72.771186659071205, 35.314924452039961 ], [ 72.778813340928849, 35.322575547960099 ], [ 72.779519992404545, 35.327424452039963 ], [ 72.782980007595512, 35.330908881293432 ], [ 72.78333333333336, 35.333333333333364 ], [ 72.786838785807319, 35.332433742947075 ], [ 72.7875, 35.325 ], [ 72.788067287868955, 35.322789510091177 ], [ 72.795266045464444, 35.314710489908883 ], [ 72.796723937988304, 35.309029473198812 ], [ 72.818622843424507, 35.288067287868955 ], [ 72.835543823242219, 35.286932712131104 ], [ 72.839592149522602, 35.283795166015651 ], [ 72.847789510091175, 35.291099378797774 ], [ 72.852210489908884, 35.292233954535618 ], [ 72.861562771267387, 35.300567287868951 ], [ 72.869952392578156, 35.29926588270402 ], [ 72.871752929687531, 35.292249552408883 ], [ 72.881122843424507, 35.283900621202285 ], [ 72.893877156575556, 35.282766045464442 ], [ 72.897789510091172, 35.279733954535622 ], [ 72.907445949978325, 35.278458150227891 ], [ 72.90833333333336, 35.275 ], [ 72.910757785373292, 35.275353325737875 ], [ 72.914242214626768, 35.278813340928849 ], [ 72.919091118706632, 35.279519992404545 ], [ 72.922575547960093, 35.282980007595512 ], [ 72.927424452039958, 35.283686659071208 ], [ 72.930908881293433, 35.287146674262182 ], [ 72.9375, 35.2875 ], [ 72.9375, 35.308333333333366 ], [ 72.939924452039961, 35.308686659071213 ], [ 72.947575547960099, 35.316313340928851 ], [ 72.956591118706626, 35.317019992404546 ], [ 72.960075547960102, 35.320480007595513 ], [ 72.977424452039955, 35.321186659071209 ], [ 72.980908881293431, 35.324646674262183 ], [ 72.994091118706621, 35.325353325737879 ], [ 72.997575547960096, 35.328813340928846 ], [ 73.008333333333368, 35.329166666666694 ], [ 73.008691067165827, 35.326712883843342 ], [ 73.030908881293428, 35.304519992404543 ], [ 73.05, 35.304166666666696 ], [ 73.049432712131107, 35.301956176757841 ], [ 73.045266045464444, 35.296579996744818 ], [ 73.046400621202281, 35.276956176757842 ], [ 73.049531385633713, 35.272916666666696 ], [ 73.046295166015653, 35.268741183810789 ], [ 73.05359937879777, 35.260543823242216 ], [ 73.054733954535621, 35.256122843424507 ], [ 73.057766045464433, 35.252210489908883 ], [ 73.058900621202284, 35.239456176757841 ], [ 73.06193271213111, 35.235543823242217 ], [ 73.063067287868961, 35.231122843424508 ], [ 73.066099378797773, 35.227210489908884 ], [ 73.067233954535624, 35.222789510091175 ], [ 73.070266045464436, 35.218877156575552 ], [ 73.071400621202287, 35.214456176757842 ], [ 73.07526448567711, 35.209470452202723 ], [ 73.067249552408882, 35.207413567437094 ], [ 73.058900621202284, 35.198043823242216 ], [ 73.057766045464433, 35.189456176757844 ], [ 73.054635281033015, 35.185416666666697 ], [ 73.057766045464433, 35.18137715657555 ], [ 73.058333333333366, 35.175 ], [ 73.060757785373298, 35.174646674262178 ], [ 73.064242214626773, 35.171186659071211 ], [ 73.073287963867216, 35.170477634006104 ], [ 73.078813340928846, 35.164924452039962 ], [ 73.079519992404542, 35.160075547960098 ], [ 73.082980007595523, 35.156591118706622 ], [ 73.083686659071205, 35.151742214626765 ], [ 73.087146674262186, 35.148257785373289 ], [ 73.0875, 35.145833333333364 ], [ 73.091666666666697, 35.145833333333364 ], [ 73.091666666666697, 35.141666666666694 ], [ 73.0875, 35.141666666666694 ], [ 73.083333333333371, 35.141666666666694 ], [ 73.083333333333371, 35.1375 ], [ 73.079875013563395, 35.136612616644996 ], [ 73.078599378797776, 35.126956176757844 ], [ 73.07556728786895, 35.123043823242213 ], [ 73.074149237738752, 35.117517428927982 ], [ 73.070833333333368, 35.116666666666696 ], [ 73.070303683810792, 35.106085205078152 ], [ 73.067196316189268, 35.102248128255233 ], [ 73.066137017144129, 35.097751871744819 ], [ 73.063029649522605, 35.093914794921901 ], [ 73.061970350477466, 35.085251871744816 ], [ 73.057803683810789, 35.080107286241343 ], [ 73.059245469835105, 35.075766669379369 ], [ 73.0625, 35.075 ], [ 73.062853325737876, 35.072575547960099 ], [ 73.067019992404539, 35.068379720052107 ], [ 73.066313340928843, 35.055908881293433 ], [ 73.062853325737876, 35.052424452039958 ], [ 73.062146674262181, 35.047575547960093 ], [ 73.058686659071213, 35.044091118706625 ], [ 73.057980007595518, 35.035075547960098 ], [ 73.050353325737873, 35.027424452039959 ], [ 73.049646674262178, 35.022575547960095 ], [ 73.045847235785615, 35.018749321831621 ], [ 73.054519992404551, 35.01004909939239 ], [ 73.053813340928855, 34.989242214626763 ], [ 73.042019992404548, 34.977424452039955 ], [ 73.0416666666667, 34.97083333333336 ], [ 73.043877156575547, 34.970266045464435 ], [ 73.047789510091178, 34.967233954535615 ], [ 73.052210489908887, 34.966099378797772 ], [ 73.056122843424504, 34.963067287868952 ], [ 73.060543823242213, 34.961932712131102 ], [ 73.064456176757844, 34.958900621202282 ], [ 73.073043823242216, 34.957766045464439 ], [ 73.076956176757847, 34.954733954535619 ], [ 73.082482571072077, 34.953315904405407 ], [ 73.084184095594651, 34.946684095594648 ], [ 73.089710489908882, 34.945266045464436 ], [ 73.101956176757838, 34.933900621202284 ], [ 73.1041666666667, 34.933333333333358 ], [ 73.106377156575547, 34.932766045464433 ], [ 73.110289510091178, 34.929733954535614 ], [ 73.11887715657555, 34.92859937879777 ], [ 73.124253336588566, 34.9244327121311 ], [ 73.135543823242216, 34.925567287868951 ], [ 73.139456176757847, 34.92859937879777 ], [ 73.168877156575547, 34.929733954535614 ], [ 73.174253336588578, 34.933900621202284 ], [ 73.177210489908887, 34.932766045464433 ], [ 73.18180304633249, 34.929207017686657 ], [ 73.191099378797773, 34.939456176757837 ], [ 73.192517428927985, 34.944982571072075 ], [ 73.195833333333368, 34.945833333333361 ], [ 73.198257785373301, 34.945480007595513 ], [ 73.205908881293439, 34.937853325737876 ], [ 73.22083333333336, 34.9375 ], [ 73.221534220377634, 34.917406209309924 ], [ 73.233333333333363, 34.916666666666693 ], [ 73.233333333333363, 34.875 ], [ 73.236649237738746, 34.874149237738742 ], [ 73.2375, 34.870833333333358 ], [ 73.241270616319483, 34.869865587022595 ], [ 73.245266045464447, 34.86471048990888 ], [ 73.246400621202284, 34.860289510091171 ], [ 73.250567287868961, 34.854913330078148 ], [ 73.24943271213111, 34.851956176757838 ], [ 73.246301947699692, 34.847916666666691 ], [ 73.24943271213111, 34.843877156575545 ], [ 73.250850762261322, 34.838350762261314 ], [ 73.258900621202287, 34.836285061306448 ], [ 73.257766045464436, 34.818622843424507 ], [ 73.250567287868961, 34.810543823242213 ], [ 73.25, 34.795833333333356 ], [ 73.24964192708336, 34.793376329210098 ], [ 73.244091118706635, 34.787853325737871 ], [ 73.226742214626768, 34.787146674262175 ], [ 73.223257785373292, 34.783686659071208 ], [ 73.218408881293428, 34.782980007595512 ], [ 73.210757785373289, 34.775353325737875 ], [ 73.204166666666694, 34.775 ], [ 73.204166666666694, 34.770833333333357 ], [ 73.204519992404542, 34.768408881293425 ], [ 73.212853325737882, 34.760049099392383 ], [ 73.212146674262186, 34.743408881293426 ], [ 73.208686659071219, 34.739924452039958 ], [ 73.207980007595523, 34.735075547960093 ], [ 73.204519992404542, 34.731591118706625 ], [ 73.203813340928846, 34.726742214626761 ], [ 73.200353325737879, 34.723257785373292 ], [ 73.199646674262183, 34.714242214626758 ], [ 73.196186659071216, 34.710757785373289 ], [ 73.195480007595521, 34.701742214626762 ], [ 73.192019992404539, 34.698257785373286 ], [ 73.191313340928858, 34.689242214626759 ], [ 73.187853325737876, 34.685757785373291 ], [ 73.187146674262181, 34.676742214626763 ], [ 73.183686659071213, 34.673257785373288 ], [ 73.183333333333366, 34.65416666666669 ], [ 73.164456176757838, 34.653599378797765 ], [ 73.160543823242222, 34.650567287868945 ], [ 73.140920003255246, 34.649432712131102 ], [ 73.134470621744825, 34.654431152343776 ], [ 73.132417805989618, 34.646431816948805 ], [ 73.1125, 34.645833333333357 ], [ 73.1125, 34.641666666666694 ], [ 73.10892876519101, 34.640750122070337 ], [ 73.107766045464444, 34.597789510091168 ], [ 73.104733954535618, 34.593877156575545 ], [ 73.103599378797767, 34.589456176757835 ], [ 73.095250447591184, 34.58008626302086 ], [ 73.091666666666697, 34.579166666666687 ], [ 73.091313340928849, 34.568408881293429 ], [ 73.087853325737882, 34.564924452039953 ], [ 73.0875, 34.55 ], [ 73.075909084743955, 34.55062357584638 ], [ 73.075, 34.554166666666688 ], [ 73.052031792534748, 34.554809570312521 ], [ 73.047968207465303, 34.557690429687526 ], [ 73.039531792534746, 34.558976236979191 ], [ 73.034595065646727, 34.562476603190127 ], [ 73.032368977864607, 34.569868977864608 ], [ 73.025744967990477, 34.571863471137178 ], [ 73.024223836263047, 34.586774359809048 ], [ 73.003452894422779, 34.58814290364586 ], [ 72.98963487413198, 34.575642903645857 ], [ 72.98301154242624, 34.574357096354191 ], [ 72.977134874131977, 34.578523763020854 ], [ 72.96186625162764, 34.57980957031252 ], [ 72.952134874131971, 34.571476236979187 ], [ 72.947865125868091, 34.570190429687521 ], [ 72.943801540798646, 34.567309570312524 ], [ 72.9375, 34.566666666666691 ] ] ] ] } },
{ "type": "Feature", "properties": { "HYBAS_ID": 4070625930, "NEXT_DOWN": 4070631030, "NEXT_SINK": 4070033640, "MAIN_BAS": 4070033640, "DIST_SINK": 1880.4, "DIST_MAIN": 1880.4, "SUB_AREA": 4116.0, "UP_AREA": 6124.8, "PFAF_ID": 4566027, "ENDO": 0, "COAST": 0, "ORDER": 3, "SORT": 5882, "areakm2": 4115.73 }, "geometry": { "type": "MultiPolygon", "coordinates": [ [ [ [ 72.478599378797767, 35.318622843424507 ], [ 72.479733954535618, 35.335543823242219 ], [ 72.48276604546443, 35.339456176757842 ], [ 72.483900621202281, 35.343877156575552 ], [ 72.486932712131107, 35.347789510091175 ], [ 72.48835093180341, 35.353315734863308 ], [ 72.49387715657555, 35.354733954535618 ], [ 72.499380832248292, 35.359323798285622 ], [ 72.5, 35.370833333333366 ], [ 72.499149068196644, 35.374149068196644 ], [ 72.492517598470073, 35.375850931803413 ], [ 72.49109937879777, 35.381377156575553 ], [ 72.487968783908443, 35.3854166666667 ], [ 72.49109937879777, 35.38945617675784 ], [ 72.492517598470073, 35.39498240152998 ], [ 72.499411010742207, 35.396751403808622 ], [ 72.5, 35.425 ], [ 72.500967746310792, 35.428770785861573 ], [ 72.506122843424507, 35.43276604546444 ], [ 72.511917114257841, 35.434253099229629 ], [ 72.520266045464439, 35.443622843424507 ], [ 72.52143571641713, 35.478251987033453 ], [ 72.527210489908882, 35.479733954535618 ], [ 72.536562771267384, 35.488067287868958 ], [ 72.539710489908884, 35.486932712131107 ], [ 72.543622843424501, 35.483900621202288 ], [ 72.545833333333363, 35.483333333333363 ], [ 72.546684265136747, 35.480017598470084 ], [ 72.552210489908887, 35.478599378797774 ], [ 72.55625, 35.475468783908454 ], [ 72.560289510091167, 35.478599378797774 ], [ 72.590753343370253, 35.479774136013489 ], [ 72.591666666666697, 35.483333333333363 ], [ 72.59583333333336, 35.483333333333363 ], [ 72.596684265136744, 35.486649068196648 ], [ 72.6, 35.4875 ], [ 72.610757785373295, 35.487146674262185 ], [ 72.626742214626759, 35.471186659071208 ], [ 72.631591118706623, 35.470480007595519 ], [ 72.639242214626762, 35.462853325737875 ], [ 72.648257785373289, 35.462146674262186 ], [ 72.651742214626765, 35.458686659071212 ], [ 72.656620449490049, 35.457975769043003 ], [ 72.678813340928841, 35.435757785373298 ], [ 72.679519992404536, 35.430908881293433 ], [ 72.682980007595518, 35.427424452039958 ], [ 72.683686659071213, 35.422575547960101 ], [ 72.687146674262181, 35.419091118706625 ], [ 72.6875, 35.4166666666667 ], [ 72.714924452039952, 35.417019992404548 ], [ 72.718408881293428, 35.420480007595515 ], [ 72.72083333333336, 35.420833333333363 ], [ 72.721186659071208, 35.418408881293431 ], [ 72.724646674262175, 35.414924452039962 ], [ 72.725358072916691, 35.41004316541887 ], [ 72.730908881293431, 35.404519992404545 ], [ 72.735757785373295, 35.403813340928849 ], [ 72.751742214626759, 35.387853325737879 ], [ 72.764924452039963, 35.387146674262183 ], [ 72.768408881293425, 35.383686659071209 ], [ 72.773257785373289, 35.382980007595513 ], [ 72.780908881293428, 35.375353325737876 ], [ 72.78333333333336, 35.375 ], [ 72.7875, 35.375 ], [ 72.787146674262175, 35.372575547960096 ], [ 72.783686659071208, 35.369091118706628 ], [ 72.78333333333336, 35.366666666666696 ], [ 72.782980007595512, 35.355908881293431 ], [ 72.779519992404545, 35.352424452039962 ], [ 72.779166666666697, 35.341666666666697 ], [ 72.779519992404545, 35.339242214626765 ], [ 72.782980007595512, 35.335757785373296 ], [ 72.78333333333336, 35.333333333333364 ], [ 72.782980007595512, 35.330908881293432 ], [ 72.779519992404545, 35.327424452039963 ], [ 72.778813340928849, 35.322575547960099 ], [ 72.771186659071205, 35.314924452039961 ], [ 72.770480007595509, 35.310075547960096 ], [ 72.762146674262183, 35.301715596516956 ], [ 72.762853325737879, 35.293408881293431 ], [ 72.766313340928846, 35.289924452039962 ], [ 72.766666666666694, 35.266666666666694 ], [ 72.760075547960099, 35.266313340928846 ], [ 72.756591118706623, 35.262853325737879 ], [ 72.743408881293433, 35.262146674262183 ], [ 72.739924452039958, 35.258686659071209 ], [ 72.726742214626768, 35.257980007595513 ], [ 72.721191406250028, 35.252456834581196 ], [ 72.72083333333336, 35.25 ], [ 72.725642734103758, 35.248551940917999 ], [ 72.724357265896302, 35.239531622992651 ], [ 72.721476067437095, 35.235468377007408 ], [ 72.719803195529536, 35.229911634657149 ], [ 72.70493808322486, 35.228395250108534 ], [ 72.703523932562959, 35.214531622992652 ], [ 72.700642734103766, 35.210468377007409 ], [ 72.699357265896296, 35.206198289659319 ], [ 72.696476067437089, 35.202135043674076 ], [ 72.695190599229633, 35.197864956325986 ], [ 72.692309400770426, 35.193801710340743 ], [ 72.691666666666691, 35.183333333333358 ], [ 72.689242214626759, 35.182980007595518 ], [ 72.685757785373298, 35.179519992404543 ], [ 72.677453782823378, 35.178813340928848 ], [ 72.672916666666694, 35.183318752712701 ], [ 72.669091118706618, 35.179519992404543 ], [ 72.660075547960091, 35.178813340928848 ], [ 72.656591118706629, 35.175353325737873 ], [ 72.639949883355058, 35.174646674262178 ], [ 72.623257785373298, 35.191313340928851 ], [ 72.618408881293433, 35.192019992404539 ], [ 72.614924452039958, 35.195480007595513 ], [ 72.6125, 35.195833333333361 ], [ 72.611649068196641, 35.192517598470083 ], [ 72.606122843424501, 35.191099378797773 ], [ 72.602210489908884, 35.188067287868954 ], [ 72.591666666666697, 35.1875 ], [ 72.591313340928849, 35.189924452039961 ], [ 72.585786437988304, 35.195479159885011 ], [ 72.564242214626759, 35.196186659071209 ], [ 72.554524400499162, 35.205878194173209 ], [ 72.554166666666688, 35.208333333333364 ], [ 72.55, 35.208333333333364 ], [ 72.549646674262178, 35.210757785373289 ], [ 72.546186659071211, 35.214242214626765 ], [ 72.545833333333363, 35.216666666666697 ], [ 72.549326239691865, 35.217563035753066 ], [ 72.550567287868944, 35.229913330078155 ], [ 72.546400621202281, 35.235289510091178 ], [ 72.544982401529978, 35.240815734863311 ], [ 72.539456176757838, 35.242233954535621 ], [ 72.535543823242207, 35.24526604546444 ], [ 72.522789510091172, 35.246400621202284 ], [ 72.513202921549507, 35.255095926920603 ], [ 72.511932712131099, 35.264710489908886 ], [ 72.508900621202287, 35.268622843424509 ], [ 72.508333333333354, 35.279166666666697 ], [ 72.505908881293422, 35.279519992404545 ], [ 72.502424452039961, 35.282980007595512 ], [ 72.497575547960096, 35.283686659071208 ], [ 72.494091118706621, 35.287146674262182 ], [ 72.489242214626756, 35.287853325737878 ], [ 72.475357733832496, 35.301712205674946 ], [ 72.475, 35.304166666666696 ], [ 72.474432712131104, 35.30637715657555 ], [ 72.471295166015651, 35.310425482855933 ], [ 72.478599378797767, 35.318622843424507 ] ] ], [ [ [ 72.588350931803419, 35.484184265136747 ], [ 72.5875, 35.4875 ], [ 72.591666666666697, 35.4875 ], [ 72.591666666666697, 35.483333333333363 ], [ 72.588350931803419, 35.484184265136747 ] ] ] ] } },
{ "type": "Feature", "properties": { "HYBAS_ID": 4070663480, "NEXT_DOWN": 4070683270, "NEXT_SINK": 4070033640, "MAIN_BAS": 4070033640, "DIST_SINK": 1944.9, "DIST_MAIN": 1944.9, "SUB_AREA": 4835.9, "UP_AREA": 4835.9, "PFAF_ID": 4564298, "ENDO": 0, "COAST": 0, "ORDER": 4, "SORT": 5890, "areakm2": 4834.27 }, "geometry": { "type": "MultiPolygon", "coordinates": [ [ [ [ 75.745833333333366, 33.4125 ], [ 75.745480007595518, 33.401742214626765 ], [ 75.732980007595529, 33.389216444227458 ], [ 75.733686659071211, 33.376742214626766 ], [ 75.737146674262192, 33.373257785373291 ], [ 75.7375, 33.3625 ], [ 75.7375, 33.358333333333363 ], [ 75.726742214626768, 33.357980007595515 ], [ 75.723257785373306, 33.354519992404541 ], [ 75.719120279947958, 33.353813340928852 ], [ 75.714924452039966, 33.357980007595515 ], [ 75.710075547960102, 33.358686659071211 ], [ 75.706591118706626, 33.362146674262185 ], [ 75.691666666666706, 33.3625 ], [ 75.69093119303389, 33.354966566297776 ], [ 75.685493638780414, 33.350617641872859 ], [ 75.672839694552991, 33.349382358127201 ], [ 75.668826972113749, 33.346450975206196 ], [ 75.655153062608548, 33.345116170247422 ], [ 75.653549194335966, 33.339506530761746 ], [ 75.650617472330765, 33.335493469238308 ], [ 75.649205864800379, 33.325794135199679 ], [ 75.639506361219659, 33.324382358127203 ], [ 75.635493638780417, 33.32145097520619 ], [ 75.618673027886317, 33.320215691460533 ], [ 75.610493638780412, 33.313117641872857 ], [ 75.606173027886314, 33.3118823581272 ], [ 75.597993638780423, 33.304784308539524 ], [ 75.593673027886325, 33.303549024793867 ], [ 75.589660305447083, 33.300617641872861 ], [ 75.5875, 33.3 ], [ 75.586932712131116, 33.30221048990888 ], [ 75.579733954535627, 33.310289510091174 ], [ 75.578315904405414, 33.315815734863314 ], [ 75.572789510091184, 33.317233954535617 ], [ 75.567634412977469, 33.321229214138484 ], [ 75.566099378797773, 33.327210489908886 ], [ 75.557750447591175, 33.336580234103764 ], [ 75.551956176757841, 33.338067287868952 ], [ 75.542586263020866, 33.34641621907555 ], [ 75.541099378797782, 33.352210489908884 ], [ 75.538067287868955, 33.356122843424508 ], [ 75.536932712131104, 33.359079996744825 ], [ 75.541099378797782, 33.364456176757841 ], [ 75.5416666666667, 33.370833333333366 ], [ 75.539242214626768, 33.371186659071213 ], [ 75.535757785373292, 33.374646674262181 ], [ 75.530908881293442, 33.375353325737876 ], [ 75.525358072916703, 33.380876498752201 ], [ 75.524646674262186, 33.385757785373293 ], [ 75.514952935112888, 33.395477803548204 ], [ 75.505908881293436, 33.396186659071212 ], [ 75.502424452039961, 33.399646674262186 ], [ 75.493408881293433, 33.400353325737875 ], [ 75.489924452039958, 33.403813340928849 ], [ 75.485075547960108, 33.404519992404545 ], [ 75.481591118706632, 33.407980007595519 ], [ 75.4791666666667, 33.40833333333336 ], [ 75.478813340928852, 33.414924452039962 ], [ 75.475353325737885, 33.418408881293431 ], [ 75.474646674262189, 33.426715596516956 ], [ 75.482980007595515, 33.435075547960096 ], [ 75.483686659071211, 33.444091118706631 ], [ 75.487146674262192, 33.447575547960099 ], [ 75.487853325737888, 33.451715596516955 ], [ 75.479519992404548, 33.460075547960102 ], [ 75.478813340928852, 33.469091118706629 ], [ 75.475353325737885, 33.472575547960098 ], [ 75.474646674262189, 33.477424452039962 ], [ 75.471186659071208, 33.480908881293431 ], [ 75.470480007595526, 33.494091118706628 ], [ 75.466680230034754, 33.497917683919304 ], [ 75.482980007595515, 33.514242214626769 ], [ 75.483686659071211, 33.523257785373296 ], [ 75.487146674262192, 33.526742214626765 ], [ 75.4875, 33.533333333333367 ], [ 75.490815904405423, 33.532482401529975 ], [ 75.491666666666703, 33.529166666666697 ], [ 75.508333333333368, 33.529166666666697 ], [ 75.508900621202287, 33.535543823242222 ], [ 75.513067287868964, 33.540920003255238 ], [ 75.511932712131113, 33.543877156575554 ], [ 75.503599378797773, 33.553229437934057 ], [ 75.504778713650211, 33.578154839409756 ], [ 75.514456176757847, 33.586932712131109 ], [ 75.520437282986151, 33.588467746310798 ], [ 75.524432712131116, 33.593622843424512 ], [ 75.525909084743958, 33.599376424153675 ], [ 75.5375, 33.6 ], [ 75.536782836914099, 33.607347106933624 ], [ 75.531173027886325, 33.608950975206199 ], [ 75.518826972113743, 33.620215691460537 ], [ 75.513268364800382, 33.621804979112447 ], [ 75.511705864800376, 33.632539198133713 ], [ 75.502006361219657, 33.633950975206197 ], [ 75.499382527669312, 33.636132134331632 ], [ 75.507406955295167, 33.638426378038226 ], [ 75.508333333333368, 33.641666666666701 ], [ 75.508691406250037, 33.644123501247861 ], [ 75.514242214626776, 33.649646674262186 ], [ 75.516666666666694, 33.65 ], [ 75.51631334092886, 33.656591118706629 ], [ 75.508686659071216, 33.664242214626768 ], [ 75.507980007595521, 33.689924452039961 ], [ 75.504519992404553, 33.693408881293436 ], [ 75.504166666666706, 33.695833333333368 ], [ 75.504166666666706, 33.7 ], [ 75.511600409613749, 33.700661214192742 ], [ 75.513067287868964, 33.706377156575556 ], [ 75.516099378797776, 33.710289510091179 ], [ 75.516666666666694, 33.716666666666697 ], [ 75.515815904405414, 33.719982401529982 ], [ 75.510289510091184, 33.721400621202292 ], [ 75.500919596354194, 33.72974955240889 ], [ 75.49943271213111, 33.735543823242217 ], [ 75.495437282986146, 33.740698920355939 ], [ 75.489456176757841, 33.742233954535621 ], [ 75.485543823242224, 33.74526604546444 ], [ 75.481122843424515, 33.746400621202291 ], [ 75.475967746310801, 33.750395880805158 ], [ 75.474149237738743, 33.757482401529984 ], [ 75.47083333333336, 33.758333333333368 ], [ 75.471186659071208, 33.769091118706633 ], [ 75.478813340928852, 33.776742214626772 ], [ 75.4791666666667, 33.779166666666697 ], [ 75.482482571072083, 33.780017598470081 ], [ 75.483333333333363, 33.783333333333367 ], [ 75.481122843424515, 33.783900621202292 ], [ 75.477210489908884, 33.786932712131112 ], [ 75.472789510091175, 33.788067287868955 ], [ 75.468877156575559, 33.791099378797774 ], [ 75.463161214192738, 33.792566257052982 ], [ 75.461932712131116, 33.806377156575557 ], [ 75.446400621202287, 33.822789510091177 ], [ 75.44526604546445, 33.827210489908886 ], [ 75.438067287868961, 33.835289510091179 ], [ 75.43693271213111, 33.839710489908889 ], [ 75.429733954535621, 33.847789510091182 ], [ 75.429166666666703, 33.85 ], [ 75.42859937879777, 33.856377156575554 ], [ 75.425567287868958, 33.860289510091178 ], [ 75.424432712131107, 33.864710489908887 ], [ 75.421400621202295, 33.868622843424511 ], [ 75.420266045464444, 33.87721048990889 ], [ 75.417233954535618, 33.881122843424514 ], [ 75.416099378797782, 33.885543823242223 ], [ 75.412103949652817, 33.890698920355938 ], [ 75.406122843424512, 33.892233954535627 ], [ 75.400967746310798, 33.896229214138486 ], [ 75.399432712131116, 33.902210489908889 ], [ 75.396400621202289, 33.906122843424512 ], [ 75.395266045464439, 33.921579996744825 ], [ 75.399531385633708, 33.927083333333371 ], [ 75.396400621202289, 33.931122843424511 ], [ 75.395266045464439, 33.965451727973125 ], [ 75.402210489908882, 33.967233954535622 ], [ 75.406122843424512, 33.970266045464442 ], [ 75.410543823242222, 33.971400621202292 ], [ 75.416010877821208, 33.975959777832067 ], [ 75.4166666666667, 33.98333333333337 ], [ 75.429166666666703, 33.98333333333337 ], [ 75.429519992404551, 33.985757785373295 ], [ 75.432980007595518, 33.989242214626771 ], [ 75.433686659071213, 33.994091118706635 ], [ 75.437146674262181, 33.997575547960103 ], [ 75.437853325737876, 34.019091118706633 ], [ 75.445480007595521, 34.026742214626772 ], [ 75.446191406250037, 34.031623501247864 ], [ 75.451742214626776, 34.037146674262189 ], [ 75.456591118706626, 34.037853325737885 ], [ 75.460075547960102, 34.041313340928852 ], [ 75.481591118706632, 34.042019992404548 ], [ 75.485075547960108, 34.045480007595522 ], [ 75.495833333333366, 34.045833333333356 ], [ 75.497048272026944, 34.041099378797782 ], [ 75.51566433376739, 34.042295159233973 ], [ 75.528599378797779, 34.056122843424518 ], [ 75.530017428927991, 34.061649068196651 ], [ 75.533333333333374, 34.0625 ], [ 75.532766045464442, 34.073043823242209 ], [ 75.529733954535629, 34.076956176757832 ], [ 75.528599378797779, 34.104913330078148 ], [ 75.532766045464442, 34.110289510091164 ], [ 75.533994547526078, 34.124100409613732 ], [ 75.541043090820352, 34.125909084743945 ], [ 75.5416666666667, 34.1375 ], [ 75.542233954535618, 34.139710489908872 ], [ 75.545266045464444, 34.143622843424502 ], [ 75.546801079644126, 34.1496039496528 ], [ 75.551956176757841, 34.153599378797765 ], [ 75.560543823242227, 34.154733954535608 ], [ 75.564456176757844, 34.157766045464427 ], [ 75.570250447591178, 34.159252929687518 ], [ 75.578599378797776, 34.168622843424501 ], [ 75.580017428927988, 34.174149237738739 ], [ 75.586791653103333, 34.175887383355054 ], [ 75.588067287868952, 34.185543823242206 ], [ 75.591099378797779, 34.18945617675783 ], [ 75.592517428927991, 34.194982571072067 ], [ 75.595833333333374, 34.195833333333354 ], [ 75.610543823242224, 34.19640062120228 ], [ 75.614456176757841, 34.199432712131099 ], [ 75.623043823242227, 34.200567287868942 ], [ 75.631122843424521, 34.207766045464432 ], [ 75.635543823242216, 34.208900621202275 ], [ 75.640920003255246, 34.213067287868945 ], [ 75.652210489908896, 34.211932712131095 ], [ 75.665678575303858, 34.199432712131099 ], [ 75.668877156575562, 34.200567287868942 ], [ 75.674253336588578, 34.204733954535612 ], [ 75.690762668185798, 34.203522067599849 ], [ 75.691666666666706, 34.2 ], [ 75.691099378797773, 34.18945617675783 ], [ 75.688067287868961, 34.185543823242206 ], [ 75.68693271213111, 34.181122843424497 ], [ 75.682766045464447, 34.175746663411481 ], [ 75.683900621202298, 34.172789510091164 ], [ 75.68693271213111, 34.16887715657554 ], [ 75.688067287868961, 34.164456176757831 ], [ 75.691931152343784, 34.159470621744809 ], [ 75.684184095594659, 34.157482571072066 ], [ 75.682482571072086, 34.150850762261307 ], [ 75.675850762261319, 34.149149237738733 ], [ 75.675, 34.145833333333357 ], [ 75.675850762261319, 34.142517428927974 ], [ 75.68137715657555, 34.141099378797762 ], [ 75.693622843424521, 34.12973395453561 ], [ 75.695833333333368, 34.129166666666684 ], [ 75.696186659071216, 34.126742214626759 ], [ 75.699646674262183, 34.123257785373283 ], [ 75.7, 34.120833333333351 ], [ 75.700355021158884, 34.114213053385434 ], [ 75.705908881293439, 34.108686659071203 ], [ 75.710757785373303, 34.107980007595508 ], [ 75.714242214626779, 34.104519992404533 ], [ 75.720833333333374, 34.104166666666686 ], [ 75.725, 34.104166666666686 ], [ 75.724646674262189, 34.101742214626753 ], [ 75.720846896701431, 34.097915649414084 ], [ 75.741313340928855, 34.077424452039949 ], [ 75.741666666666703, 34.058333333333351 ], [ 75.760785929362015, 34.057979668511301 ], [ 75.76631334092886, 34.052424452039951 ], [ 75.767021687825562, 34.039213053385438 ], [ 75.772575547960102, 34.033686659071201 ], [ 75.789924452039969, 34.032980007595505 ], [ 75.801742214626771, 34.021186659071198 ], [ 75.806591118706635, 34.020480007595502 ], [ 75.81007554796011, 34.017019992404535 ], [ 75.814924452039961, 34.016313340928839 ], [ 75.818408881293436, 34.012853325737865 ], [ 75.823257785373301, 34.012146674262169 ], [ 75.826742214626776, 34.008686659071202 ], [ 75.83159111870664, 34.007980007595506 ], [ 75.835786946614618, 34.003813340928836 ], [ 75.844091118706629, 34.004519992404532 ], [ 75.848286946614621, 34.008686659071202 ], [ 75.856591118706632, 34.007980007595506 ], [ 75.860786946614624, 34.003813340928836 ], [ 75.864924452039972, 34.004519992404532 ], [ 75.868408881293433, 34.007980007595506 ], [ 75.873257785373298, 34.008686659071202 ], [ 75.876742214626773, 34.012146674262169 ], [ 75.883333333333368, 34.0125 ], [ 75.887103949652811, 34.011532253689253 ], [ 75.891099378797776, 34.006377156575539 ], [ 75.892517428927988, 34.000850762261301 ], [ 75.898043823242219, 33.999432712131096 ], [ 75.901956176757849, 33.996400621202277 ], [ 75.906377156575559, 33.995266045464426 ], [ 75.914456176757852, 33.988067287868944 ], [ 75.931377156575564, 33.986932712131093 ], [ 75.944845241970526, 33.974432712131097 ], [ 75.964710489908896, 33.975567287868941 ], [ 75.968622843424512, 33.97859937879776 ], [ 75.979166666666686, 33.979166666666686 ], [ 75.979166666666686, 33.975 ], [ 75.985757785373281, 33.975353325737885 ], [ 75.989242214626756, 33.978813340928852 ], [ 76.019091118706626, 33.979519992404548 ], [ 76.022575547960088, 33.982980007595522 ], [ 76.027424452039952, 33.983686659071218 ], [ 76.030908881293428, 33.987146674262185 ], [ 76.044091118706618, 33.987853325737881 ], [ 76.047575547960093, 33.991313340928855 ], [ 76.052424452039958, 33.992019992404551 ], [ 76.055908881293419, 33.995480007595518 ], [ 76.058333333333351, 33.995833333333351 ], [ 76.058900621202284, 33.993622843424511 ], [ 76.061932712131096, 33.989710489908887 ], [ 76.063350931803413, 33.984184265136754 ], [ 76.068877156575539, 33.982766045464444 ], [ 76.089456176757835, 33.963067287868959 ], [ 76.093877156575545, 33.961932712131109 ], [ 76.097789510091175, 33.958900621202289 ], [ 76.10221048990887, 33.957766045464446 ], [ 76.118622843424504, 33.942233954535624 ], [ 76.131377156575539, 33.94109937879778 ], [ 76.136753336588569, 33.93693271213111 ], [ 76.143877156575542, 33.938067287868961 ], [ 76.147916666666688, 33.941197882758281 ], [ 76.151956176757835, 33.938067287868961 ], [ 76.1625, 33.9375 ], [ 76.165815734863301, 33.936649068196651 ], [ 76.167233954535618, 33.931122843424511 ], [ 76.17026604546443, 33.927210489908887 ], [ 76.171400621202281, 33.922789510091178 ], [ 76.174432712131093, 33.918877156575554 ], [ 76.175567287868944, 33.897789510091179 ], [ 76.17859937879777, 33.893877156575556 ], [ 76.179733954535607, 33.889456176757847 ], [ 76.182766045464433, 33.885543823242223 ], [ 76.183994547526069, 33.871732923719655 ], [ 76.190815734863307, 33.869982401529981 ], [ 76.192634412977455, 33.862895880805155 ], [ 76.19778951009117, 33.858900621202288 ], [ 76.2, 33.85833333333337 ], [ 76.199646674262169, 33.839242214626772 ], [ 76.192019992404539, 33.831591118706633 ], [ 76.191313340928843, 33.826742214626769 ], [ 76.187853325737876, 33.823257785373301 ], [ 76.187146674262181, 33.818408881293436 ], [ 76.183686659071199, 33.814924452039961 ], [ 76.183333333333351, 33.8 ], [ 76.18995378282338, 33.799645148383277 ], [ 76.195480007595506, 33.794091118706632 ], [ 76.196186659071202, 33.789242214626768 ], [ 76.199646674262169, 33.785757785373299 ], [ 76.2, 33.783333333333367 ], [ 76.200353325737865, 33.772575547960102 ], [ 76.207980007595509, 33.764924452039963 ], [ 76.208333333333357, 33.7625 ], [ 76.214924452039952, 33.762146674262183 ], [ 76.219120449490035, 33.757980007595521 ], [ 76.223257785373292, 33.758686659071216 ], [ 76.227083333333354, 33.762485419379374 ], [ 76.230908881293431, 33.758686659071216 ], [ 76.245833333333351, 33.758333333333368 ], [ 76.24619140625002, 33.755876498752201 ], [ 76.251742214626759, 33.750353325737883 ], [ 76.256621805826853, 33.749642266167569 ], [ 76.266313340928846, 33.739924452039965 ], [ 76.267019992404542, 33.735075547960101 ], [ 76.271186659071205, 33.730879550510018 ], [ 76.270480007595509, 33.714242214626772 ], [ 76.267019992404542, 33.710757785373296 ], [ 76.266313340928846, 33.697575547960099 ], [ 76.262513732910179, 33.693749152289527 ], [ 76.274646674262172, 33.681591118706628 ], [ 76.275353325737868, 33.676742214626771 ], [ 76.282980007595512, 33.669091118706632 ], [ 76.28333333333336, 33.6666666666667 ], [ 76.28333333333336, 33.6625 ], [ 76.282980007595512, 33.660075547960105 ], [ 76.279519992404545, 33.656591118706629 ], [ 76.279166666666697, 33.645833333333364 ], [ 76.266666666666694, 33.645833333333364 ], [ 76.264506530761736, 33.645215691460535 ], [ 76.256326802571635, 33.63811764187286 ], [ 76.24783986409507, 33.636882358127203 ], [ 76.243826802571633, 33.633950975206197 ], [ 76.230007256401933, 33.632601928710969 ], [ 76.228549024793864, 33.624263339572515 ], [ 76.23688235812719, 33.614660135904977 ], [ 76.238117641872847, 33.600999620225728 ], [ 76.226157124837258, 33.599258761935793 ], [ 76.224382358127201, 33.595096672905846 ], [ 76.232776726616777, 33.585423278808626 ], [ 76.229784308539521, 33.581326802571645 ], [ 76.228240288628498, 33.575926378038226 ], [ 76.222839864095079, 33.574382358127203 ], [ 76.218826802571641, 33.571450975206197 ], [ 76.214506530761739, 33.570215691460533 ], [ 76.210493469238301, 33.567284308539527 ], [ 76.202006530761736, 33.56604902479387 ], [ 76.197993469238298, 33.563117641872864 ], [ 76.187030877007402, 33.5618823581272 ], [ 76.181326802571633, 33.56604902479387 ], [ 76.1625, 33.566666666666698 ], [ 76.162146674262175, 33.564242214626766 ], [ 76.158686659071208, 33.560757785373298 ], [ 76.157980007595512, 33.551742214626771 ], [ 76.153813340928849, 33.547546217176681 ], [ 76.154519992404531, 33.543408881293431 ], [ 76.157980007595512, 33.539924452039962 ], [ 76.158686659071208, 33.522575547960102 ], [ 76.162146674262175, 33.519091118706626 ], [ 76.162853325737871, 33.485075547960101 ], [ 76.166313340928838, 33.481591118706625 ], [ 76.166666666666686, 33.470833333333367 ], [ 76.166666666666686, 33.466666666666697 ], [ 76.164456176757838, 33.466099378797772 ], [ 76.152210489908882, 33.454733954535619 ], [ 76.143622843424509, 33.453599378797776 ], [ 76.131261359320774, 33.442126464843781 ], [ 76.127210489908876, 33.445266045464443 ], [ 76.122789510091167, 33.446400621202287 ], [ 76.11887715657555, 33.449432712131106 ], [ 76.114456176757841, 33.450567287868957 ], [ 76.11054382324221, 33.453599378797776 ], [ 76.106122843424501, 33.454733954535619 ], [ 76.10221048990887, 33.457766045464439 ], [ 76.096684265136744, 33.459184265136749 ], [ 76.09583333333336, 33.4625 ], [ 76.0875, 33.4625 ], [ 76.086649068196635, 33.459184265136749 ], [ 76.083333333333357, 33.458333333333364 ], [ 76.081122843424495, 33.457766045464439 ], [ 76.077210489908879, 33.454733954535619 ], [ 76.068622843424507, 33.453599378797776 ], [ 76.063467746310792, 33.449604119194909 ], [ 76.061649068196644, 33.442517598470083 ], [ 76.058333333333351, 33.441666666666698 ], [ 76.057433742947083, 33.445172119140658 ], [ 76.043622843424515, 33.446400621202287 ], [ 76.039710489908899, 33.449432712131106 ], [ 76.031122843424512, 33.450567287868957 ], [ 76.027210489908896, 33.453599378797776 ], [ 75.999253336588581, 33.454733954535619 ], [ 75.993877156575564, 33.450567287868957 ], [ 75.989456176757855, 33.449432712131106 ], [ 75.985543823242224, 33.446400621202287 ], [ 75.972789510091189, 33.445266045464443 ], [ 75.968877156575559, 33.442233954535624 ], [ 75.960289510091187, 33.441099378797773 ], [ 75.956377156575556, 33.438067287868954 ], [ 75.950850762261325, 33.436649068196644 ], [ 75.95, 33.433333333333366 ], [ 75.947575547960113, 33.433686659071213 ], [ 75.944091118706638, 33.437146674262181 ], [ 75.93507554796011, 33.437853325737876 ], [ 75.931591118706635, 33.441313340928851 ], [ 75.9166666666667, 33.441666666666698 ], [ 75.91581590440542, 33.438350931803413 ], [ 75.910289510091189, 33.43693271213111 ], [ 75.902210489908896, 33.429733954535621 ], [ 75.893622843424509, 33.42859937879777 ], [ 75.88554382324223, 33.421400621202288 ], [ 75.872789510091181, 33.420266045464437 ], [ 75.867413330078165, 33.416099378797774 ], [ 75.860289510091178, 33.417233954535618 ], [ 75.854913330078162, 33.421400621202288 ], [ 75.847789510091189, 33.420266045464437 ], [ 75.843877156575559, 33.417233954535618 ], [ 75.835289510091187, 33.416099378797774 ], [ 75.831377156575556, 33.413067287868955 ], [ 75.822789510091184, 33.411932712131104 ], [ 75.817413330078168, 33.407766045464442 ], [ 75.801956176757855, 33.408900621202285 ], [ 75.798043823242224, 33.411932712131104 ], [ 75.793622843424515, 33.413067287868955 ], [ 75.788246663411499, 33.417233954535618 ], [ 75.760289510091184, 33.416099378797774 ], [ 75.756377156575553, 33.413067287868955 ], [ 75.745833333333366, 33.4125 ] ] ] ] } },
{ "type": "Feature", "properties": { "HYBAS_ID": 4070610460, "NEXT_DOWN": 4070632570, "NEXT_SINK": 4070033640, "MAIN_BAS": 4070033640, "DIST_SINK": 1963.6, "DIST_MAIN": 1963.6, "SUB_AREA": 1207.2, "UP_AREA": 1207.3, "PFAF_ID": 4567034, "ENDO": 0, "COAST": 0, "ORDER": 2, "SORT": 5894, "areakm2": 1207.07 }, "geometry": { "type": "MultiPolygon", "coordinates": [ [ [ [ 73.083333333333371, 35.1375 ], [ 73.083333333333371, 35.141666666666694 ], [ 73.0875, 35.141666666666694 ], [ 73.091666666666697, 35.141666666666694 ], [ 73.094091118706629, 35.141313340928846 ], [ 73.097575547960105, 35.137853325737872 ], [ 73.102424452039955, 35.137146674262183 ], [ 73.110075547960093, 35.129519992404539 ], [ 73.119091118706635, 35.128813340928851 ], [ 73.123286946614613, 35.124646674262181 ], [ 73.148257785373289, 35.125353325737876 ], [ 73.152453613281281, 35.129519992404539 ], [ 73.156591118706629, 35.128813340928851 ], [ 73.160075547960105, 35.125353325737876 ], [ 73.177450900607667, 35.12464565700958 ], [ 73.195480007595521, 35.106591118706625 ], [ 73.195833333333368, 35.104166666666693 ], [ 73.204166666666694, 35.104166666666693 ], [ 73.204166666666694, 35.108333333333363 ], [ 73.244091118706635, 35.107980007595515 ], [ 73.251742214626773, 35.100353325737878 ], [ 73.256591118706623, 35.099646674262182 ], [ 73.264582655164958, 35.09168056911895 ], [ 73.268408881293439, 35.095480007595512 ], [ 73.277424452039966, 35.096186659071208 ], [ 73.293748982747431, 35.112486436631968 ], [ 73.297575547960108, 35.108686659071211 ], [ 73.306591118706635, 35.107980007595515 ], [ 73.318408881293436, 35.096186659071208 ], [ 73.323257785373301, 35.095480007595512 ], [ 73.330908881293439, 35.087853325737875 ], [ 73.341666666666697, 35.0875 ], [ 73.348257785373292, 35.087853325737875 ], [ 73.351742214626768, 35.091313340928849 ], [ 73.358333333333363, 35.091666666666697 ], [ 73.360543823242224, 35.091099378797772 ], [ 73.364456176757841, 35.088067287868952 ], [ 73.36887715657555, 35.086932712131102 ], [ 73.376956176757844, 35.079733954535619 ], [ 73.382482571072075, 35.078315904405407 ], [ 73.384301079644132, 35.071229383680581 ], [ 73.389456176757847, 35.067233954535617 ], [ 73.391666666666694, 35.066666666666691 ], [ 73.410757785373292, 35.067019992404539 ], [ 73.414242214626768, 35.070480007595513 ], [ 73.419091118706632, 35.071186659071209 ], [ 73.422575547960108, 35.074646674262183 ], [ 73.425, 35.075 ], [ 73.428315904405409, 35.075850762261311 ], [ 73.429733954535621, 35.081377156575549 ], [ 73.433729383680586, 35.086532253689263 ], [ 73.43971048990889, 35.088067287868952 ], [ 73.443622843424507, 35.091099378797772 ], [ 73.468877156575559, 35.092233954535615 ], [ 73.481122843424515, 35.103599378797767 ], [ 73.485543823242224, 35.104733954535618 ], [ 73.489456176757841, 35.107766045464437 ], [ 73.498043823242227, 35.108900621202281 ], [ 73.503198920355942, 35.112896050347253 ], [ 73.504166666666706, 35.116666666666696 ], [ 73.506591118706638, 35.117019992404543 ], [ 73.510075547960099, 35.120480007595511 ], [ 73.514924452039963, 35.121186659071206 ], [ 73.518408881293439, 35.124646674262181 ], [ 73.520833333333371, 35.125 ], [ 73.521400621202289, 35.122789510091174 ], [ 73.529733954535629, 35.113437228732664 ], [ 73.528599378797779, 35.110289510091171 ], [ 73.525567287868952, 35.106377156575547 ], [ 73.524432712131116, 35.093622843424505 ], [ 73.516663275824683, 35.084903293185789 ], [ 73.526956176757849, 35.07556728786895 ], [ 73.53293728298614, 35.074032253689261 ], [ 73.536932712131104, 35.068877156575546 ], [ 73.538154771592914, 35.055139499240482 ], [ 73.547789510091178, 35.046400621202281 ], [ 73.55637715657555, 35.045266045464437 ], [ 73.560289510091181, 35.042233954535618 ], [ 73.565815904405412, 35.040815904405406 ], [ 73.566666666666706, 35.0375 ], [ 73.569123670789963, 35.037141927083361 ], [ 73.574646674262183, 35.031591118706622 ], [ 73.575353325737879, 35.022575547960095 ], [ 73.57881334092886, 35.019091118706626 ], [ 73.579519992404542, 35.014242214626762 ], [ 73.582980007595523, 35.010757785373293 ], [ 73.583333333333371, 34.995833333333358 ], [ 73.582445949978336, 34.992375013563397 ], [ 73.572789510091184, 34.99109937879777 ], [ 73.568877156575553, 34.988067287868951 ], [ 73.563208346896729, 34.98661261664499 ], [ 73.56193271213111, 34.976956176757838 ], [ 73.558900621202298, 34.973043823242215 ], [ 73.557766045464447, 34.968622843424505 ], [ 73.554733954535621, 34.964710489908882 ], [ 73.55359937879777, 34.956122843424502 ], [ 73.550567287868958, 34.952210489908879 ], [ 73.549432712131107, 34.943622843424507 ], [ 73.546400621202295, 34.939710489908883 ], [ 73.544913736979197, 34.933916219075549 ], [ 73.535543823242222, 34.925567287868951 ], [ 73.526956176757849, 34.9244327121311 ], [ 73.523043823242219, 34.921400621202281 ], [ 73.5, 34.920833333333363 ], [ 73.49943271213111, 34.918622843424508 ], [ 73.496400621202298, 34.914710489908877 ], [ 73.495266045464447, 34.910289510091175 ], [ 73.492233954535621, 34.906377156575545 ], [ 73.490815904405423, 34.900850762261314 ], [ 73.4875, 34.9 ], [ 73.487853325737888, 34.885075547960099 ], [ 73.491313340928855, 34.881591118706623 ], [ 73.491666666666703, 34.870833333333358 ], [ 73.490815904405423, 34.867517428927975 ], [ 73.485289510091178, 34.86609937879777 ], [ 73.481377156575562, 34.863067287868951 ], [ 73.475645616319483, 34.861596340603327 ], [ 73.463067287868952, 34.848043823242215 ], [ 73.461596340603336, 34.842312282986136 ], [ 73.448043823242216, 34.829733954535612 ], [ 73.442375013563407, 34.828279283311659 ], [ 73.441099378797773, 34.818622843424507 ], [ 73.438067287868961, 34.814710489908876 ], [ 73.4375, 34.8 ], [ 73.425909084743964, 34.799376424153671 ], [ 73.425, 34.795833333333356 ], [ 73.404166666666697, 34.795833333333356 ], [ 73.400637817382844, 34.79492763943145 ], [ 73.399432712131116, 34.776956176757835 ], [ 73.390737575954887, 34.76736958821617 ], [ 73.381122843424507, 34.766099378797769 ], [ 73.373043823242227, 34.75890062120228 ], [ 73.363387383355061, 34.757624986436653 ], [ 73.361932712131107, 34.751956176757837 ], [ 73.358900621202295, 34.748043823242213 ], [ 73.358333333333363, 34.741666666666688 ], [ 73.355908881293431, 34.742019992404536 ], [ 73.350354342990485, 34.747546725802977 ], [ 73.35, 34.758333333333361 ], [ 73.349432712131104, 34.764710489908879 ], [ 73.346400621202292, 34.768622843424502 ], [ 73.345266045464442, 34.773043823242212 ], [ 73.338067287868952, 34.781122843424505 ], [ 73.33659091525611, 34.786876424153668 ], [ 73.325, 34.7875 ], [ 73.318408881293436, 34.787146674262175 ], [ 73.314924452039961, 34.783686659071208 ], [ 73.310075547960096, 34.782980007595512 ], [ 73.302424452039958, 34.775353325737875 ], [ 73.295833333333363, 34.775 ], [ 73.293622843424515, 34.775567287868952 ], [ 73.284036254882849, 34.784262424045167 ], [ 73.282624986436659, 34.794945949978327 ], [ 73.279166666666697, 34.795833333333356 ], [ 73.278399997287352, 34.799087863498286 ], [ 73.274059380425385, 34.800529649522595 ], [ 73.268914794921912, 34.796362982855925 ], [ 73.25, 34.795833333333356 ], [ 73.250567287868961, 34.810543823242213 ], [ 73.257766045464436, 34.818622843424507 ], [ 73.258900621202287, 34.836285061306448 ], [ 73.250850762261322, 34.838350762261314 ], [ 73.24943271213111, 34.843877156575545 ], [ 73.246301947699692, 34.847916666666691 ], [ 73.24943271213111, 34.851956176757838 ], [ 73.250567287868961, 34.854913330078148 ], [ 73.246400621202284, 34.860289510091171 ], [ 73.245266045464447, 34.86471048990888 ], [ 73.241270616319483, 34.869865587022595 ], [ 73.2375, 34.870833333333358 ], [ 73.236649237738746, 34.874149237738742 ], [ 73.233333333333363, 34.875 ], [ 73.233333333333363, 34.916666666666693 ], [ 73.221534220377634, 34.917406209309924 ], [ 73.22083333333336, 34.9375 ], [ 73.205908881293439, 34.937853325737876 ], [ 73.198257785373301, 34.945480007595513 ], [ 73.195833333333368, 34.945833333333361 ], [ 73.192517428927985, 34.944982571072075 ], [ 73.191099378797773, 34.939456176757837 ], [ 73.18180304633249, 34.929207017686657 ], [ 73.177210489908887, 34.932766045464433 ], [ 73.174253336588578, 34.933900621202284 ], [ 73.168877156575547, 34.929733954535614 ], [ 73.139456176757847, 34.92859937879777 ], [ 73.135543823242216, 34.925567287868951 ], [ 73.124253336588566, 34.9244327121311 ], [ 73.11887715657555, 34.92859937879777 ], [ 73.110289510091178, 34.929733954535614 ], [ 73.106377156575547, 34.932766045464433 ], [ 73.1041666666667, 34.933333333333358 ], [ 73.101956176757838, 34.933900621202284 ], [ 73.089710489908882, 34.945266045464436 ], [ 73.084184095594651, 34.946684095594648 ], [ 73.082482571072077, 34.953315904405407 ], [ 73.076956176757847, 34.954733954535619 ], [ 73.073043823242216, 34.957766045464439 ], [ 73.064456176757844, 34.958900621202282 ], [ 73.060543823242213, 34.961932712131102 ], [ 73.056122843424504, 34.963067287868952 ], [ 73.052210489908887, 34.966099378797772 ], [ 73.047789510091178, 34.967233954535615 ], [ 73.043877156575547, 34.970266045464435 ], [ 73.0416666666667, 34.97083333333336 ], [ 73.042019992404548, 34.977424452039955 ], [ 73.053813340928855, 34.989242214626763 ], [ 73.054519992404551, 35.01004909939239 ], [ 73.045847235785615, 35.018749321831621 ], [ 73.049646674262178, 35.022575547960095 ], [ 73.050353325737873, 35.027424452039959 ], [ 73.057980007595518, 35.035075547960098 ], [ 73.058686659071213, 35.044091118706625 ], [ 73.062146674262181, 35.047575547960093 ], [ 73.062853325737876, 35.052424452039958 ], [ 73.066313340928843, 35.055908881293433 ], [ 73.067019992404539, 35.068379720052107 ], [ 73.062853325737876, 35.072575547960099 ], [ 73.0625, 35.075 ], [ 73.059245469835105, 35.075766669379369 ], [ 73.057803683810789, 35.080107286241343 ], [ 73.061970350477466, 35.085251871744816 ], [ 73.063029649522605, 35.093914794921901 ], [ 73.066137017144129, 35.097751871744819 ], [ 73.067196316189268, 35.102248128255233 ], [ 73.070303683810792, 35.106085205078152 ], [ 73.070833333333368, 35.116666666666696 ], [ 73.074149237738752, 35.117517428927982 ], [ 73.07556728786895, 35.123043823242213 ], [ 73.078599378797776, 35.126956176757844 ], [ 73.079875013563395, 35.136612616644996 ], [ 73.083333333333371, 35.1375 ] ] ] ] } },
{ "type": "Feature", "properties": { "HYBAS_ID": 4070610120, "NEXT_DOWN": 4070632570, "NEXT_SINK": 4070033640, "MAIN_BAS": 4070033640, "DIST_SINK": 1963.8, "DIST_MAIN": 1963.8, "SUB_AREA": 195.0, "UP_AREA": 189386.9, "PFAF_ID": 4567035, "ENDO": 0, "COAST": 0, "ORDER": 1, "SORT": 5895, "areakm2": 194.96 }, "geometry": { "type": "MultiPolygon", "coordinates": [ [ [ [ 73.091666666666697, 35.145833333333364 ], [ 73.0875, 35.145833333333364 ], [ 73.087146674262186, 35.148257785373289 ], [ 73.083686659071205, 35.151742214626765 ], [ 73.082980007595523, 35.156591118706622 ], [ 73.079519992404542, 35.160075547960098 ], [ 73.078813340928846, 35.164924452039962 ], [ 73.073287963867216, 35.170477634006104 ], [ 73.064242214626773, 35.171186659071211 ], [ 73.060757785373298, 35.174646674262178 ], [ 73.058333333333366, 35.175 ], [ 73.057766045464433, 35.18137715657555 ], [ 73.054635281033015, 35.185416666666697 ], [ 73.057766045464433, 35.189456176757844 ], [ 73.058900621202284, 35.198043823242216 ], [ 73.067249552408882, 35.207413567437094 ], [ 73.07526448567711, 35.209470452202723 ], [ 73.071400621202287, 35.214456176757842 ], [ 73.070266045464436, 35.218877156575552 ], [ 73.067233954535624, 35.222789510091175 ], [ 73.066099378797773, 35.227210489908884 ], [ 73.063067287868961, 35.231122843424508 ], [ 73.06193271213111, 35.235543823242217 ], [ 73.058900621202284, 35.239456176757841 ], [ 73.057766045464433, 35.252210489908883 ], [ 73.054733954535621, 35.256122843424507 ], [ 73.05359937879777, 35.260543823242216 ], [ 73.046295166015653, 35.268741183810789 ], [ 73.049531385633713, 35.272916666666696 ], [ 73.046400621202281, 35.276956176757842 ], [ 73.045266045464444, 35.296579996744818 ], [ 73.049432712131107, 35.301956176757841 ], [ 73.05, 35.304166666666696 ], [ 73.056591118706621, 35.303813340928848 ], [ 73.064242214626773, 35.296186659071211 ], [ 73.069091118706623, 35.295480007595515 ], [ 73.080908881293439, 35.283686659071208 ], [ 73.085757785373289, 35.282980007595512 ], [ 73.089583333333366, 35.279181247287354 ], [ 73.093408881293428, 35.282980007595512 ], [ 73.114924452039958, 35.283686659071208 ], [ 73.11912027994795, 35.287853325737878 ], [ 73.139924452039963, 35.287146674262182 ], [ 73.147575547960102, 35.279519992404545 ], [ 73.152424452039966, 35.278813340928849 ], [ 73.160075547960105, 35.271186659071212 ], [ 73.164924452039969, 35.270480007595516 ], [ 73.168408881293431, 35.267019992404542 ], [ 73.183333333333366, 35.266666666666694 ], [ 73.184301079644129, 35.262895880805154 ], [ 73.189456176757844, 35.258900621202287 ], [ 73.195225694444474, 35.257420010036924 ], [ 73.195833333333368, 35.241666666666696 ], [ 73.195833333333368, 35.2375 ], [ 73.193408881293436, 35.237146674262185 ], [ 73.183691067165825, 35.227455139160185 ], [ 73.182980007595518, 35.222575547960098 ], [ 73.175353325737873, 35.214924452039959 ], [ 73.174646674262178, 35.210075547960095 ], [ 73.171186659071211, 35.206591118706626 ], [ 73.170480007595515, 35.194120449490043 ], [ 73.174646674262178, 35.189924452039961 ], [ 73.175353325737873, 35.185075547960096 ], [ 73.185045030381971, 35.175357733832492 ], [ 73.189924452039961, 35.174646674262178 ], [ 73.193408881293436, 35.171186659071211 ], [ 73.195833333333368, 35.170833333333363 ], [ 73.196186659071216, 35.147575547960095 ], [ 73.199646674262183, 35.144091118706626 ], [ 73.200353325737879, 35.135075547960099 ], [ 73.203813340928846, 35.131591118706623 ], [ 73.204166666666694, 35.108333333333363 ], [ 73.204166666666694, 35.104166666666693 ], [ 73.195833333333368, 35.104166666666693 ], [ 73.195480007595521, 35.106591118706625 ], [ 73.177450900607667, 35.12464565700958 ], [ 73.160075547960105, 35.125353325737876 ], [ 73.156591118706629, 35.128813340928851 ], [ 73.152453613281281, 35.129519992404539 ], [ 73.148257785373289, 35.125353325737876 ], [ 73.123286946614613, 35.124646674262181 ], [ 73.119091118706635, 35.128813340928851 ], [ 73.110075547960093, 35.129519992404539 ], [ 73.102424452039955, 35.137146674262183 ], [ 73.097575547960105, 35.137853325737872 ], [ 73.094091118706629, 35.141313340928846 ], [ 73.091666666666697, 35.141666666666694 ], [ 73.091666666666697, 35.145833333333364 ] ] ] ] } },
{ "type": "Feature", "properties": { "HYBAS_ID": 4070606750, "NEXT_DOWN": 4070610120, "NEXT_SINK": 4070033640, "MAIN_BAS": 4070033640, "DIST_SINK": 1979.9, "DIST_MAIN": 1979.9, "SUB_AREA": 564.1, "UP_AREA": 187663.5, "PFAF_ID": 4567037, "ENDO": 0, "COAST": 0, "ORDER": 1, "SORT": 5900, "areakm2": 564.15 }, "geometry": { "type": "MultiPolygon", "coordinates": [ [ [ [ 73.520833333333371, 35.3541666666667 ], [ 73.520833333333371, 35.35 ], [ 73.520480007595523, 35.347575547960098 ], [ 73.517019992404542, 35.344091118706629 ], [ 73.51631334092886, 35.335075547960102 ], [ 73.508686659071216, 35.327424452039963 ], [ 73.507980007595521, 35.322575547960099 ], [ 73.503813340928858, 35.318379550510009 ], [ 73.504519992404553, 35.310075547960096 ], [ 73.508686659071216, 35.305879550510014 ], [ 73.507980007595521, 35.297575547960101 ], [ 73.504519992404553, 35.294091118706625 ], [ 73.503813340928858, 35.280908881293435 ], [ 73.500353325737876, 35.277424452039959 ], [ 73.499641927083374, 35.272543165418867 ], [ 73.494091118706635, 35.267019992404542 ], [ 73.489242214626771, 35.266313340928846 ], [ 73.485757785373295, 35.262853325737879 ], [ 73.476742214626768, 35.262146674262183 ], [ 73.473257785373292, 35.258686659071209 ], [ 73.468408881293442, 35.257980007595513 ], [ 73.46421305338545, 35.253813340928851 ], [ 73.460075547960102, 35.254519992404539 ], [ 73.45587972005211, 35.258686659071209 ], [ 73.443408881293436, 35.257980007595513 ], [ 73.439924452039961, 35.254519992404539 ], [ 73.430908881293433, 35.253813340928851 ], [ 73.422549099392398, 35.245480007595518 ], [ 73.414242214626768, 35.246186659071206 ], [ 73.41004638671879, 35.250353325737876 ], [ 73.389242214626762, 35.249646674262181 ], [ 73.385757785373301, 35.246186659071206 ], [ 73.379166666666706, 35.245833333333366 ], [ 73.378315904405412, 35.249149068196644 ], [ 73.372789510091181, 35.250567287868954 ], [ 73.36887715657555, 35.253599378797773 ], [ 73.360289510091178, 35.254733954535617 ], [ 73.356377156575547, 35.257766045464436 ], [ 73.32621493869361, 35.258900621202287 ], [ 73.324432712131113, 35.251956176757844 ], [ 73.319823201497428, 35.246429104275201 ], [ 73.281122843424512, 35.24526604546444 ], [ 73.273043823242219, 35.238067287868951 ], [ 73.268622843424509, 35.236932712131107 ], [ 73.264710489908893, 35.233900621202288 ], [ 73.2625, 35.233333333333363 ], [ 73.251742214626773, 35.233686659071211 ], [ 73.248257785373298, 35.237146674262185 ], [ 73.2375, 35.2375 ], [ 73.235075547960108, 35.237146674262185 ], [ 73.231591118706632, 35.233686659071211 ], [ 73.210785590277808, 35.232980007595515 ], [ 73.204524739583363, 35.239209832085535 ], [ 73.204166666666694, 35.241666666666696 ], [ 73.195833333333368, 35.241666666666696 ], [ 73.195225694444474, 35.257420010036924 ], [ 73.189456176757844, 35.258900621202287 ], [ 73.184301079644129, 35.262895880805154 ], [ 73.183333333333366, 35.266666666666694 ], [ 73.168408881293431, 35.267019992404542 ], [ 73.164924452039969, 35.270480007595516 ], [ 73.160075547960105, 35.271186659071212 ], [ 73.152424452039966, 35.278813340928849 ], [ 73.147575547960102, 35.279519992404545 ], [ 73.139924452039963, 35.287146674262182 ], [ 73.11912027994795, 35.287853325737878 ], [ 73.114924452039958, 35.283686659071208 ], [ 73.093408881293428, 35.282980007595512 ], [ 73.089583333333366, 35.279181247287354 ], [ 73.085757785373289, 35.282980007595512 ], [ 73.080908881293439, 35.283686659071208 ], [ 73.069091118706623, 35.295480007595515 ], [ 73.064242214626773, 35.296186659071211 ], [ 73.056591118706621, 35.303813340928848 ], [ 73.05, 35.304166666666696 ], [ 73.050354682074683, 35.310784233941 ], [ 73.076742214626762, 35.337146674262179 ], [ 73.079166666666694, 35.3375 ], [ 73.078599378797776, 35.339710489908882 ], [ 73.07556728786895, 35.343622843424512 ], [ 73.074432712131113, 35.350937228732668 ], [ 73.083916219075547, 35.361580234103762 ], [ 73.089710489908882, 35.363067287868951 ], [ 73.099080403645871, 35.371416219075549 ], [ 73.100567287868955, 35.377210489908883 ], [ 73.113145616319471, 35.390763176812094 ], [ 73.120124986436664, 35.392554050021729 ], [ 73.121400621202284, 35.402210489908882 ], [ 73.132766045464436, 35.414456176757845 ], [ 73.133900621202287, 35.418877156575547 ], [ 73.142249552408884, 35.428246900770432 ], [ 73.148043823242219, 35.429733954535621 ], [ 73.153198920355933, 35.433729214138488 ], [ 73.154733954535615, 35.439710489908883 ], [ 73.157766045464442, 35.443622843424507 ], [ 73.15833333333336, 35.445833333333361 ], [ 73.181591118706635, 35.445480007595513 ], [ 73.185075547960096, 35.442019992404546 ], [ 73.198257785373301, 35.441313340928851 ], [ 73.205908881293439, 35.433686659071213 ], [ 73.2125, 35.433333333333366 ], [ 73.216666666666697, 35.433333333333366 ], [ 73.217322116427979, 35.431211005316868 ], [ 73.220177883572077, 35.427122328016523 ], [ 73.221781751844645, 35.416831461588572 ], [ 73.227044338650202, 35.413155449761312 ], [ 73.237002224392398, 35.41160363091366 ], [ 73.257677883572086, 35.389622328016522 ], [ 73.259167819552985, 35.370589192708366 ], [ 73.264544338650211, 35.374344550238746 ], [ 73.268788994683192, 35.375655449761311 ], [ 73.272877671983537, 35.378511216905409 ], [ 73.277122328016532, 35.379822116427981 ], [ 73.281211005316877, 35.382677883572079 ], [ 73.329166666666694, 35.383333333333361 ], [ 73.331591118706626, 35.382980007595513 ], [ 73.339242214626765, 35.375353325737876 ], [ 73.344091118706629, 35.374646674262181 ], [ 73.351742214626768, 35.367019992404543 ], [ 73.356591118706632, 35.366313340928848 ], [ 73.360075547960108, 35.362853325737873 ], [ 73.3625, 35.3625 ], [ 73.370833333333366, 35.3625 ], [ 73.373257785373298, 35.362853325737873 ], [ 73.37745361328129, 35.367019992404543 ], [ 73.398257785373303, 35.366313340928848 ], [ 73.401742214626765, 35.362853325737873 ], [ 73.4125, 35.3625 ], [ 73.413070000542575, 35.351108296712269 ], [ 73.419815741644996, 35.345303853352895 ], [ 73.423081461588581, 35.346362813313831 ], [ 73.428226047092053, 35.350529479980501 ], [ 73.452248128255235, 35.349470520019558 ], [ 73.457392713758708, 35.345303853352895 ], [ 73.481414794921903, 35.346362813313831 ], [ 73.485251871744822, 35.349470520019558 ], [ 73.506414794921909, 35.350529479980501 ], [ 73.515583631727466, 35.358862813313834 ], [ 73.52006259494361, 35.357438998752201 ], [ 73.520833333333371, 35.3541666666667 ] ] ] ] } },
{ "type": "Feature", "properties": { "HYBAS_ID": 4070606940, "NEXT_DOWN": 4070610120, "NEXT_SINK": 4070033640, "MAIN_BAS": 4070033640, "DIST_SINK": 1980.1, "DIST_MAIN": 1980.1, "SUB_AREA": 1528.7, "UP_AREA": 1528.7, "PFAF_ID": 4567036, "ENDO": 0, "COAST": 0, "ORDER": 2, "SORT": 5901, "areakm2": 1528.62 }, "geometry": { "type": "MultiPolygon", "coordinates": [ [ [ [ 73.358333333333363, 35.091666666666697 ], [ 73.351742214626768, 35.091313340928849 ], [ 73.348257785373292, 35.087853325737875 ], [ 73.341666666666697, 35.0875 ], [ 73.330908881293439, 35.087853325737875 ], [ 73.323257785373301, 35.095480007595512 ], [ 73.318408881293436, 35.096186659071208 ], [ 73.306591118706635, 35.107980007595515 ], [ 73.297575547960108, 35.108686659071211 ], [ 73.293748982747431, 35.112486436631968 ], [ 73.277424452039966, 35.096186659071208 ], [ 73.268408881293439, 35.095480007595512 ], [ 73.264582655164958, 35.09168056911895 ], [ 73.256591118706623, 35.099646674262182 ], [ 73.251742214626773, 35.100353325737878 ], [ 73.244091118706635, 35.107980007595515 ], [ 73.204166666666694, 35.108333333333363 ], [ 73.203813340928846, 35.131591118706623 ], [ 73.200353325737879, 35.135075547960099 ], [ 73.199646674262183, 35.144091118706626 ], [ 73.196186659071216, 35.147575547960095 ], [ 73.195833333333368, 35.170833333333363 ], [ 73.193408881293436, 35.171186659071211 ], [ 73.189924452039961, 35.174646674262178 ], [ 73.185045030381971, 35.175357733832492 ], [ 73.175353325737873, 35.185075547960096 ], [ 73.174646674262178, 35.189924452039961 ], [ 73.170480007595515, 35.194120449490043 ], [ 73.171186659071211, 35.206591118706626 ], [ 73.174646674262178, 35.210075547960095 ], [ 73.175353325737873, 35.214924452039959 ], [ 73.182980007595518, 35.222575547960098 ], [ 73.183691067165825, 35.227455139160185 ], [ 73.193408881293436, 35.237146674262185 ], [ 73.195833333333368, 35.2375 ], [ 73.195833333333368, 35.241666666666696 ], [ 73.204166666666694, 35.241666666666696 ], [ 73.204524739583363, 35.239209832085535 ], [ 73.210785590277808, 35.232980007595515 ], [ 73.231591118706632, 35.233686659071211 ], [ 73.235075547960108, 35.237146674262185 ], [ 73.2375, 35.2375 ], [ 73.248257785373298, 35.237146674262185 ], [ 73.251742214626773, 35.233686659071211 ], [ 73.2625, 35.233333333333363 ], [ 73.264710489908893, 35.233900621202288 ], [ 73.268622843424509, 35.236932712131107 ], [ 73.273043823242219, 35.238067287868951 ], [ 73.281122843424512, 35.24526604546444 ], [ 73.319823201497428, 35.246429104275201 ], [ 73.324432712131113, 35.251956176757844 ], [ 73.32621493869361, 35.258900621202287 ], [ 73.356377156575547, 35.257766045464436 ], [ 73.360289510091178, 35.254733954535617 ], [ 73.36887715657555, 35.253599378797773 ], [ 73.372789510091181, 35.250567287868954 ], [ 73.378315904405412, 35.249149068196644 ], [ 73.379166666666706, 35.245833333333366 ], [ 73.385757785373301, 35.246186659071206 ], [ 73.389242214626762, 35.249646674262181 ], [ 73.41004638671879, 35.250353325737876 ], [ 73.414242214626768, 35.246186659071206 ], [ 73.422549099392398, 35.245480007595518 ], [ 73.430908881293433, 35.253813340928851 ], [ 73.439924452039961, 35.254519992404539 ], [ 73.443408881293436, 35.257980007595513 ], [ 73.45587972005211, 35.258686659071209 ], [ 73.460075547960102, 35.254519992404539 ], [ 73.46421305338545, 35.253813340928851 ], [ 73.468408881293442, 35.257980007595513 ], [ 73.473257785373292, 35.258686659071209 ], [ 73.476742214626768, 35.262146674262183 ], [ 73.485757785373295, 35.262853325737879 ], [ 73.489242214626771, 35.266313340928846 ], [ 73.494091118706635, 35.267019992404542 ], [ 73.499641927083374, 35.272543165418867 ], [ 73.500353325737876, 35.277424452039959 ], [ 73.503813340928858, 35.280908881293435 ], [ 73.504519992404553, 35.294091118706625 ], [ 73.507980007595521, 35.297575547960101 ], [ 73.508686659071216, 35.305879550510014 ], [ 73.504519992404553, 35.310075547960096 ], [ 73.503813340928858, 35.318379550510009 ], [ 73.507980007595521, 35.322575547960099 ], [ 73.508686659071216, 35.327424452039963 ], [ 73.51631334092886, 35.335075547960102 ], [ 73.517019992404542, 35.344091118706629 ], [ 73.520480007595523, 35.347575547960098 ], [ 73.520833333333371, 35.35 ], [ 73.5375, 35.35 ], [ 73.538161214192741, 35.342566257052979 ], [ 73.543877156575562, 35.341099378797772 ], [ 73.551956176757841, 35.333900621202289 ], [ 73.560543823242227, 35.332766045464439 ], [ 73.564456176757844, 35.329733954535619 ], [ 73.570833333333368, 35.329166666666694 ], [ 73.573257785373301, 35.329519992404542 ], [ 73.580908881293439, 35.337146674262179 ], [ 73.589924452039966, 35.337853325737875 ], [ 73.594120279947958, 35.342019992404545 ], [ 73.598257785373292, 35.341313340928849 ], [ 73.601742214626768, 35.337853325737875 ], [ 73.606591118706632, 35.337146674262179 ], [ 73.610786946614624, 35.332980007595516 ], [ 73.623257785373298, 35.333686659071212 ], [ 73.627083333333374, 35.337485419379369 ], [ 73.630908881293436, 35.333686659071212 ], [ 73.648257785373303, 35.332980007595516 ], [ 73.652453613281281, 35.328813340928846 ], [ 73.656591118706629, 35.329519992404542 ], [ 73.660075547960105, 35.332980007595516 ], [ 73.673257785373295, 35.333686659071212 ], [ 73.676742214626771, 35.337146674262179 ], [ 73.683333333333366, 35.3375 ], [ 73.683686659071213, 35.326742214626762 ], [ 73.687146674262195, 35.323257785373293 ], [ 73.687853325737876, 35.318408881293429 ], [ 73.70381334092886, 35.302424452039958 ], [ 73.704519992404556, 35.297575547960101 ], [ 73.708318752712714, 35.29375 ], [ 73.70381334092886, 35.289212883843348 ], [ 73.704525756835977, 35.285042148166262 ], [ 73.710075547960102, 35.279519992404545 ], [ 73.714954291449686, 35.278808932834231 ], [ 73.728813340928852, 35.264924452039956 ], [ 73.729519992404548, 35.260075547960099 ], [ 73.732980007595529, 35.256591118706623 ], [ 73.733333333333363, 35.2375 ], [ 73.734184095594657, 35.234184265136747 ], [ 73.741270616319483, 35.232365587022599 ], [ 73.745266045464447, 35.227210489908884 ], [ 73.745833333333366, 35.22083333333336 ], [ 73.746729871961847, 35.217340426974857 ], [ 73.759079996744831, 35.216099378797772 ], [ 73.764456176757847, 35.220266045464442 ], [ 73.773043823242219, 35.221400621202285 ], [ 73.781122843424512, 35.228599378797774 ], [ 73.786649237738757, 35.230017598470084 ], [ 73.7875, 35.233333333333363 ], [ 73.795833333333377, 35.233333333333363 ], [ 73.798006184895868, 35.233938429090742 ], [ 73.801993815104197, 35.236894904242654 ], [ 73.813040500217056, 35.238105095757405 ], [ 73.818660481770877, 35.233938429090742 ], [ 73.823006184895874, 35.232728237575984 ], [ 73.835327148437543, 35.221438429090739 ], [ 73.843839518229203, 35.220228237575981 ], [ 73.847827148437531, 35.217271762424076 ], [ 73.853413221571216, 35.215716213650204 ], [ 73.854938422309061, 35.204986572265653 ], [ 73.863040500217053, 35.203561570909315 ], [ 73.868660481770874, 35.207728237575985 ], [ 73.878216213650205, 35.209086778428848 ], [ 73.879166666666706, 35.2125 ], [ 73.895833333333371, 35.2125 ], [ 73.914710489908884, 35.211932712131102 ], [ 73.918622843424515, 35.208900621202282 ], [ 73.92460394965282, 35.207365587022601 ], [ 73.928599378797784, 35.202210489908886 ], [ 73.930017428927982, 35.196684265136746 ], [ 73.936917114257852, 35.194913567437098 ], [ 73.94526604546445, 35.185543823242213 ], [ 73.946541680230069, 35.175887383355061 ], [ 73.95, 35.175 ], [ 73.950661214192749, 35.167566257052982 ], [ 73.954166666666708, 35.166666666666693 ], [ 73.95381334092886, 35.164242214626768 ], [ 73.949646674262198, 35.160046217176678 ], [ 73.950353325737879, 35.155908881293428 ], [ 73.954519992404556, 35.151713053385443 ], [ 73.95381334092886, 35.147575547960095 ], [ 73.950014580620703, 35.14375 ], [ 73.954153103298651, 35.139582316080755 ], [ 73.93785332573789, 35.123257785373291 ], [ 73.937144300672784, 35.114212036132841 ], [ 73.931591118706635, 35.108686659071211 ], [ 73.925, 35.108333333333363 ], [ 73.924149237738746, 35.105017428927979 ], [ 73.918622843424515, 35.103599378797767 ], [ 73.913246663411499, 35.099432712131104 ], [ 73.900896538628515, 35.10067376030819 ], [ 73.899032253689271, 35.107937282986136 ], [ 73.892413330078156, 35.113067287868951 ], [ 73.889456176757847, 35.111932712131107 ], [ 73.88554382324223, 35.108900621202281 ], [ 73.868622843424518, 35.107766045464437 ], [ 73.864710489908887, 35.104733954535618 ], [ 73.860289510091178, 35.103599378797767 ], [ 73.852210489908884, 35.096400621202285 ], [ 73.846229383680594, 35.094865587022596 ], [ 73.842233954535629, 35.089710489908882 ], [ 73.841666666666697, 35.0875 ], [ 73.841313340928849, 35.051742214626763 ], [ 73.837514580620692, 35.047916666666694 ], [ 73.841313340928849, 35.044091118706625 ], [ 73.841666666666697, 35.03333333333336 ], [ 73.841313340928849, 35.030908881293428 ], [ 73.833686659071219, 35.023257785373289 ], [ 73.833333333333371, 35.020833333333357 ], [ 73.832975599500898, 35.018378363715307 ], [ 73.823257785373301, 35.008686659071209 ], [ 73.818408881293436, 35.007980007595513 ], [ 73.810757785373298, 35.000353325737876 ], [ 73.808333333333366, 35.0 ], [ 73.807561916775214, 35.007561916775202 ], [ 73.793698459201423, 35.008976236979194 ], [ 73.781301540798651, 35.020190429687524 ], [ 73.770511542426249, 35.021476236979197 ], [ 73.764634874131985, 35.017309570312527 ], [ 73.758011542426246, 35.016023763020861 ], [ 73.752134874131983, 35.020190429687524 ], [ 73.739531792534763, 35.021476236979197 ], [ 73.735468207465317, 35.024357096354194 ], [ 73.722865125868097, 35.02564290364586 ], [ 73.718801540798651, 35.028523763020857 ], [ 73.716666666666697, 35.029166666666697 ], [ 73.714242214626779, 35.028813340928849 ], [ 73.710757785373303, 35.025353325737875 ], [ 73.705908881293439, 35.024646674262179 ], [ 73.698257785373301, 35.017019992404542 ], [ 73.68995361328129, 35.016313340928846 ], [ 73.685757785373298, 35.020480007595516 ], [ 73.679166666666703, 35.020833333333357 ], [ 73.678599378797784, 35.006122843424507 ], [ 73.675567287868958, 35.002210489908883 ], [ 73.674432712131107, 34.997789510091174 ], [ 73.667233954535632, 34.98971048990888 ], [ 73.66581590440542, 34.984184095594642 ], [ 73.660289510091175, 34.982766045464437 ], [ 73.656377156575559, 34.979733954535618 ], [ 73.65, 34.979166666666693 ], [ 73.649646674262186, 34.981591118706625 ], [ 73.639952256944483, 34.991311984592038 ], [ 73.633333333333368, 34.991666666666696 ], [ 73.632980007595521, 35.002424452039961 ], [ 73.627458021375901, 35.007974243164092 ], [ 73.623284233941007, 35.008686659071209 ], [ 73.614924452039972, 35.000353325737876 ], [ 73.610075547960108, 34.999646674262181 ], [ 73.606591118706632, 34.996186659071206 ], [ 73.583333333333371, 34.995833333333358 ], [ 73.582980007595523, 35.010757785373293 ], [ 73.579519992404542, 35.014242214626762 ], [ 73.57881334092886, 35.019091118706626 ], [ 73.575353325737879, 35.022575547960095 ], [ 73.574646674262183, 35.031591118706622 ], [ 73.569123670789963, 35.037141927083361 ], [ 73.566666666666706, 35.0375 ], [ 73.565815904405412, 35.040815904405406 ], [ 73.560289510091181, 35.042233954535618 ], [ 73.55637715657555, 35.045266045464437 ], [ 73.547789510091178, 35.046400621202281 ], [ 73.538154771592914, 35.055139499240482 ], [ 73.536932712131104, 35.068877156575546 ], [ 73.53293728298614, 35.074032253689261 ], [ 73.526956176757849, 35.07556728786895 ], [ 73.516663275824683, 35.084903293185789 ], [ 73.524432712131116, 35.093622843424505 ], [ 73.525567287868952, 35.106377156575547 ], [ 73.528599378797779, 35.110289510091171 ], [ 73.529733954535629, 35.113437228732664 ], [ 73.521400621202289, 35.122789510091174 ], [ 73.520833333333371, 35.125 ], [ 73.518408881293439, 35.124646674262181 ], [ 73.514924452039963, 35.121186659071206 ], [ 73.510075547960099, 35.120480007595511 ], [ 73.506591118706638, 35.117019992404543 ], [ 73.504166666666706, 35.116666666666696 ], [ 73.503198920355942, 35.112896050347253 ], [ 73.498043823242227, 35.108900621202281 ], [ 73.489456176757841, 35.107766045464437 ], [ 73.485543823242224, 35.104733954535618 ], [ 73.481122843424515, 35.103599378797767 ], [ 73.468877156575559, 35.092233954535615 ], [ 73.443622843424507, 35.091099378797772 ], [ 73.43971048990889, 35.088067287868952 ], [ 73.433729383680586, 35.086532253689263 ], [ 73.429733954535621, 35.081377156575549 ], [ 73.428315904405409, 35.075850762261311 ], [ 73.425, 35.075 ], [ 73.422575547960108, 35.074646674262183 ], [ 73.419091118706632, 35.071186659071209 ], [ 73.414242214626768, 35.070480007595513 ], [ 73.410757785373292, 35.067019992404539 ], [ 73.391666666666694, 35.066666666666691 ], [ 73.389456176757847, 35.067233954535617 ], [ 73.384301079644132, 35.071229383680581 ], [ 73.382482571072075, 35.078315904405407 ], [ 73.376956176757844, 35.079733954535619 ], [ 73.36887715657555, 35.086932712131102 ], [ 73.364456176757841, 35.088067287868952 ], [ 73.360543823242224, 35.091099378797772 ], [ 73.358333333333363, 35.091666666666697 ] ] ] ] } },
{ "type": "Feature", "properties": { "HYBAS_ID": 4070600440, "NEXT_DOWN": 4070606750, "NEXT_SINK": 4070033640, "MAIN_BAS": 4070033640, "DIST_SINK": 2006.1, "DIST_MAIN": 2006.1, "SUB_AREA": 2230.3, "UP_AREA": 2230.3, "PFAF_ID": 4567038, "ENDO": 0, "COAST": 0, "ORDER": 2, "SORT": 5902, "areakm2": 2230.42 }, "geometry": { "type": "MultiPolygon", "coordinates": [ [ [ [ 72.9375, 35.308333333333366 ], [ 72.9375, 35.2875 ], [ 72.930908881293433, 35.287146674262182 ], [ 72.927424452039958, 35.283686659071208 ], [ 72.922575547960093, 35.282980007595512 ], [ 72.919091118706632, 35.279519992404545 ], [ 72.914242214626768, 35.278813340928849 ], [ 72.910757785373292, 35.275353325737875 ], [ 72.90833333333336, 35.275 ], [ 72.907445949978325, 35.278458150227891 ], [ 72.897789510091172, 35.279733954535622 ], [ 72.893877156575556, 35.282766045464442 ], [ 72.881122843424507, 35.283900621202285 ], [ 72.871752929687531, 35.292249552408883 ], [ 72.869952392578156, 35.29926588270402 ], [ 72.861562771267387, 35.300567287868951 ], [ 72.852210489908884, 35.292233954535618 ], [ 72.847789510091175, 35.291099378797774 ], [ 72.839592149522602, 35.283795166015651 ], [ 72.835543823242219, 35.286932712131104 ], [ 72.818622843424507, 35.288067287868955 ], [ 72.796723937988304, 35.309029473198812 ], [ 72.795266045464444, 35.314710489908883 ], [ 72.788067287868955, 35.322789510091177 ], [ 72.7875, 35.325 ], [ 72.786838785807319, 35.332433742947075 ], [ 72.78333333333336, 35.333333333333364 ], [ 72.782980007595512, 35.335757785373296 ], [ 72.779519992404545, 35.339242214626765 ], [ 72.779166666666697, 35.341666666666697 ], [ 72.779519992404545, 35.352424452039962 ], [ 72.782980007595512, 35.355908881293431 ], [ 72.78333333333336, 35.366666666666696 ], [ 72.783686659071208, 35.369091118706628 ], [ 72.787146674262175, 35.372575547960096 ], [ 72.7875, 35.375 ], [ 72.78333333333336, 35.375 ], [ 72.780908881293428, 35.375353325737876 ], [ 72.773257785373289, 35.382980007595513 ], [ 72.768408881293425, 35.383686659071209 ], [ 72.764924452039963, 35.387146674262183 ], [ 72.751742214626759, 35.387853325737879 ], [ 72.735757785373295, 35.403813340928849 ], [ 72.730908881293431, 35.404519992404545 ], [ 72.725358072916691, 35.41004316541887 ], [ 72.724646674262175, 35.414924452039962 ], [ 72.721186659071208, 35.418408881293431 ], [ 72.72083333333336, 35.420833333333363 ], [ 72.731591118706632, 35.421186659071211 ], [ 72.749644470214875, 35.439214748806457 ], [ 72.750353325737876, 35.448257785373293 ], [ 72.753813340928843, 35.451742214626769 ], [ 72.754519992404539, 35.460757785373296 ], [ 72.758319091796906, 35.464583672417568 ], [ 72.752454460991785, 35.470477634006109 ], [ 72.743408881293433, 35.471186659071208 ], [ 72.737858072916694, 35.476709832085533 ], [ 72.7375, 35.4791666666667 ], [ 72.737853325737873, 35.481591118706625 ], [ 72.749646674262181, 35.493408881293433 ], [ 72.750353325737876, 35.498257785373298 ], [ 72.762146674262183, 35.510075547960099 ], [ 72.7625, 35.5125 ], [ 72.763350931803416, 35.51581573486331 ], [ 72.770124816894565, 35.517554050021729 ], [ 72.771400621202289, 35.527210489908882 ], [ 72.774432712131102, 35.531122843424512 ], [ 72.775567287868952, 35.538437228732668 ], [ 72.767233954535612, 35.547789510091178 ], [ 72.765958150227888, 35.55744594997833 ], [ 72.7625, 35.558333333333366 ], [ 72.76306728786895, 35.56054382324222 ], [ 72.766099378797776, 35.564456176757844 ], [ 72.767554050021729, 35.570124816894563 ], [ 72.777210489908882, 35.571400621202287 ], [ 72.781122843424512, 35.574432712131106 ], [ 72.79804382324221, 35.575567287868957 ], [ 72.801956176757841, 35.578599378797776 ], [ 72.811580573187968, 35.579870944552979 ], [ 72.816099378797773, 35.585289510091179 ], [ 72.817233954535624, 35.598043823242222 ], [ 72.820266045464436, 35.601956176757845 ], [ 72.821684265136753, 35.607482401529978 ], [ 72.825, 35.608333333333363 ], [ 72.824264865451411, 35.615864054362014 ], [ 72.813471645779103, 35.617434861924949 ], [ 72.811882358127193, 35.62299346923831 ], [ 72.808950975206187, 35.627006530761747 ], [ 72.80771569146053, 35.63132680257165 ], [ 72.804784308539524, 35.635339864095087 ], [ 72.803549024793867, 35.637969122992651 ], [ 72.807771809895868, 35.64375 ], [ 72.804784308539524, 35.647839864095083 ], [ 72.803549024793867, 35.656326802571648 ], [ 72.800617641872861, 35.660339864095086 ], [ 72.8, 35.675 ], [ 72.797575547960093, 35.675353325737881 ], [ 72.794091118706632, 35.678813340928855 ], [ 72.779166666666697, 35.679166666666703 ], [ 72.779733954535615, 35.68971048990889 ], [ 72.782871500651069, 35.693758816189266 ], [ 72.774417114257844, 35.703246900770431 ], [ 72.767517598470079, 35.705017598470086 ], [ 72.766099378797776, 35.710543823242219 ], [ 72.750567287868947, 35.726956176757845 ], [ 72.749291483561223, 35.736612616644997 ], [ 72.742517598470073, 35.738350931803417 ], [ 72.74109937879777, 35.74387715657555 ], [ 72.732360331217478, 35.753511895073821 ], [ 72.718622843424512, 35.754733954535624 ], [ 72.713155958387617, 35.759293111165398 ], [ 72.711932712131102, 35.773043823242219 ], [ 72.707937452528242, 35.778198920355933 ], [ 72.704166666666694, 35.779166666666697 ], [ 72.704519992404542, 35.785757785373299 ], [ 72.712146674262186, 35.793408881293438 ], [ 72.712853325737882, 35.798257785373295 ], [ 72.718376498752193, 35.803808593750034 ], [ 72.723257785373292, 35.804519992404551 ], [ 72.726742214626768, 35.807980007595518 ], [ 72.731591118706632, 35.808686659071213 ], [ 72.737141927083357, 35.814209832085538 ], [ 72.7375, 35.816666666666698 ], [ 72.760757785373286, 35.817019992404546 ], [ 72.764242214626762, 35.820480007595521 ], [ 72.769091118706626, 35.821186659071216 ], [ 72.772575547960102, 35.824646674262183 ], [ 72.785757785373292, 35.825353325737879 ], [ 72.789242214626768, 35.828813340928853 ], [ 72.798257785373295, 35.829519992404549 ], [ 72.807975599500892, 35.839211527506542 ], [ 72.808333333333366, 35.841666666666697 ], [ 72.808994547526069, 35.849100409613747 ], [ 72.816270785861576, 35.850967746310801 ], [ 72.820266045464436, 35.856122843424515 ], [ 72.821466064453148, 35.87402089436852 ], [ 72.826956176757847, 35.87859937879778 ], [ 72.829166666666694, 35.879166666666698 ], [ 72.829166666666694, 35.875 ], [ 72.835757785373289, 35.874646674262188 ], [ 72.843408881293428, 35.867019992404551 ], [ 72.848257785373292, 35.866313340928855 ], [ 72.851742214626768, 35.862853325737881 ], [ 72.856591118706632, 35.862146674262185 ], [ 72.860075547960093, 35.858686659071211 ], [ 72.869091118706621, 35.857980007595522 ], [ 72.872575547960096, 35.854519992404548 ], [ 72.877424452039961, 35.853813340928852 ], [ 72.880908881293436, 35.850353325737878 ], [ 72.883333333333368, 35.85 ], [ 72.883900621202287, 35.839456176757849 ], [ 72.891099378797776, 35.831377156575556 ], [ 72.892233954535612, 35.826956176757847 ], [ 72.895266045464439, 35.823043823242223 ], [ 72.896684095594651, 35.817517598470083 ], [ 72.902210489908882, 35.816099378797773 ], [ 72.906122843424512, 35.813067287868954 ], [ 72.90833333333336, 35.8125 ], [ 72.914710489908884, 35.813067287868954 ], [ 72.922789510091178, 35.820266045464443 ], [ 72.93137715657555, 35.821400621202287 ], [ 72.935289510091181, 35.824432712131113 ], [ 72.93971048990889, 35.825567287868957 ], [ 72.943622843424507, 35.828599378797776 ], [ 72.960543823242219, 35.829733954535627 ], [ 72.965920003255235, 35.833900621202289 ], [ 72.977210489908884, 35.832766045464446 ], [ 72.981122843424515, 35.829733954535627 ], [ 72.99387715657555, 35.828599378797776 ], [ 72.999253336588566, 35.824432712131113 ], [ 73.007440863715303, 35.825736660427552 ], [ 73.011932712131113, 35.831122843424509 ], [ 73.013405693901944, 35.836862352159322 ], [ 73.031377156575545, 35.838067287868959 ], [ 73.035289510091175, 35.841099378797779 ], [ 73.04127061631948, 35.842634412977461 ], [ 73.045266045464444, 35.847789510091182 ], [ 73.046684095594642, 35.853315734863315 ], [ 73.052210489908887, 35.854733954535625 ], [ 73.056122843424504, 35.857766045464444 ], [ 73.068877156575553, 35.858900621202288 ], [ 73.085289510091172, 35.87443271213111 ], [ 73.0875, 35.875 ], [ 73.087857394748298, 35.872546386718781 ], [ 73.114242214626771, 35.846186659071215 ], [ 73.119091118706635, 35.845480007595519 ], [ 73.122575547960096, 35.842019992404545 ], [ 73.131591118706623, 35.841313340928856 ], [ 73.135075547960099, 35.837853325737882 ], [ 73.141666666666694, 35.8375 ], [ 73.144091118706626, 35.837146674262186 ], [ 73.147575547960102, 35.833686659071212 ], [ 73.15, 35.833333333333364 ], [ 73.150353325737882, 35.839924452039966 ], [ 73.153813340928849, 35.843408881293435 ], [ 73.154519992404545, 35.848257785373299 ], [ 73.157980007595512, 35.851742214626768 ], [ 73.15833333333336, 35.854166666666686 ], [ 73.1666666666667, 35.8541666666667 ], [ 73.168877156575547, 35.853599378797774 ], [ 73.172789510091178, 35.850567287868955 ], [ 73.178315904405409, 35.849149068196645 ], [ 73.180017428927982, 35.842517598470089 ], [ 73.186649237738749, 35.840815734863313 ], [ 73.1875, 35.8375 ], [ 73.187853325737876, 35.835075547960102 ], [ 73.191313340928858, 35.831591118706633 ], [ 73.19202473958336, 35.826709832085534 ], [ 73.197575547960099, 35.821186659071216 ], [ 73.2, 35.820833333333368 ], [ 73.199646674262183, 35.814242214626766 ], [ 73.191680569118958, 35.806250678168439 ], [ 73.195480007595521, 35.802424452039965 ], [ 73.196186659071216, 35.789242214626768 ], [ 73.199646674262183, 35.785757785373299 ], [ 73.200353325737879, 35.772575547960102 ], [ 73.203813340928846, 35.769091118706633 ], [ 73.204519992404542, 35.760075547960099 ], [ 73.207980007595523, 35.756591118706631 ], [ 73.208333333333371, 35.75 ], [ 73.205017428927988, 35.749149068196644 ], [ 73.203599378797776, 35.743622843424511 ], [ 73.199603949652811, 35.738467746310796 ], [ 73.192673407660621, 35.736689080132408 ], [ 73.191099378797773, 35.732586669921908 ], [ 73.195266045464436, 35.727210489908884 ], [ 73.195833333333368, 35.720833333333367 ], [ 73.193408881293436, 35.720480007595519 ], [ 73.187854342990477, 35.714953274197079 ], [ 73.187146674262181, 35.697575547960099 ], [ 73.183686659071213, 35.694091118706631 ], [ 73.183333333333366, 35.6875 ], [ 73.183686659071213, 35.685075547960103 ], [ 73.187146674262181, 35.681591118706628 ], [ 73.1875, 35.670833333333363 ], [ 73.180908881293433, 35.670480007595515 ], [ 73.175354682074683, 35.664953443739179 ], [ 73.174646674262178, 35.648287116156716 ], [ 73.178813340928855, 35.644091118706626 ], [ 73.179519992404551, 35.635075547960099 ], [ 73.185042995876771, 35.629524739583367 ], [ 73.189924452039961, 35.628813340928851 ], [ 73.199642266167572, 35.619121805826857 ], [ 73.200353325737879, 35.614242214626771 ], [ 73.203813340928846, 35.610757785373295 ], [ 73.204166666666694, 35.608333333333363 ], [ 73.214950900607676, 35.607979159885012 ], [ 73.229519992404548, 35.593383280436228 ], [ 73.228813340928852, 35.564242214626766 ], [ 73.225353325737885, 35.560757785373298 ], [ 73.225, 35.5416666666667 ], [ 73.221541680230061, 35.540779283311664 ], [ 73.220266045464442, 35.531122843424512 ], [ 73.213067287868952, 35.523043823242219 ], [ 73.211932712131102, 35.518622843424509 ], [ 73.208900621202289, 35.514710489908886 ], [ 73.207766045464439, 35.510289510091177 ], [ 73.204733954535627, 35.506377156575553 ], [ 73.204166666666694, 35.504166666666698 ], [ 73.204519992404542, 35.501742214626766 ], [ 73.207980007595523, 35.498257785373298 ], [ 73.208686659071219, 35.493408881293433 ], [ 73.217019992404545, 35.485048929850294 ], [ 73.216313340928849, 35.480908881293431 ], [ 73.212146674262186, 35.476712883843348 ], [ 73.212853325737882, 35.468408881293435 ], [ 73.216313340928849, 35.464924452039959 ], [ 73.217019992404545, 35.455908881293432 ], [ 73.221186659071208, 35.451712883843349 ], [ 73.220474243164091, 35.447542148166264 ], [ 73.214924452039966, 35.442019992404546 ], [ 73.2125, 35.441666666666698 ], [ 73.2125, 35.433333333333366 ], [ 73.205908881293439, 35.433686659071213 ], [ 73.198257785373301, 35.441313340928851 ], [ 73.185075547960096, 35.442019992404546 ], [ 73.181591118706635, 35.445480007595513 ], [ 73.15833333333336, 35.445833333333361 ], [ 73.157766045464442, 35.443622843424507 ], [ 73.154733954535615, 35.439710489908883 ], [ 73.153198920355933, 35.433729214138488 ], [ 73.148043823242219, 35.429733954535621 ], [ 73.142249552408884, 35.428246900770432 ], [ 73.133900621202287, 35.418877156575547 ], [ 73.132766045464436, 35.414456176757845 ], [ 73.121400621202284, 35.402210489908882 ], [ 73.120124986436664, 35.392554050021729 ], [ 73.113145616319471, 35.390763176812094 ], [ 73.100567287868955, 35.377210489908883 ], [ 73.099080403645871, 35.371416219075549 ], [ 73.089710489908882, 35.363067287868951 ], [ 73.083916219075547, 35.361580234103762 ], [ 73.074432712131113, 35.350937228732668 ], [ 73.07556728786895, 35.343622843424512 ], [ 73.078599378797776, 35.339710489908882 ], [ 73.079166666666694, 35.3375 ], [ 73.076742214626762, 35.337146674262179 ], [ 73.050354682074683, 35.310784233941 ], [ 73.05, 35.304166666666696 ], [ 73.030908881293428, 35.304519992404543 ], [ 73.008691067165827, 35.326712883843342 ], [ 73.008333333333368, 35.329166666666694 ], [ 72.997575547960096, 35.328813340928846 ], [ 72.994091118706621, 35.325353325737879 ], [ 72.980908881293431, 35.324646674262183 ], [ 72.977424452039955, 35.321186659071209 ], [ 72.960075547960102, 35.320480007595513 ], [ 72.956591118706626, 35.317019992404546 ], [ 72.947575547960099, 35.316313340928851 ], [ 72.939924452039961, 35.308686659071213 ], [ 72.9375, 35.308333333333366 ] ] ] ] } },
{ "type": "Feature", "properties": { "HYBAS_ID": 4070600450, "NEXT_DOWN": 4070606750, "NEXT_SINK": 4070033640, "MAIN_BAS": 4070033640, "DIST_SINK": 2006.2, "DIST_MAIN": 2006.2, "SUB_AREA": 7969.7, "UP_AREA": 184869.1, "PFAF_ID": 4567039, "ENDO": 0, "COAST": 0, "ORDER": 1, "SORT": 5903, "areakm2": 7970.0 }, "geometry": { "type": "MultiPolygon", "coordinates": [ [ [ [ 74.304166666666688, 35.620833333333366 ], [ 74.308333333333351, 35.620833333333366 ], [ 74.311649068196644, 35.619982401529981 ], [ 74.313350931803413, 35.613350931803417 ], [ 74.320250447591164, 35.611580234103762 ], [ 74.328599378797762, 35.602210489908884 ], [ 74.330017598470079, 35.596684265136751 ], [ 74.335543823242219, 35.595266045464442 ], [ 74.340920003255235, 35.591099378797772 ], [ 74.352210489908884, 35.592233954535622 ], [ 74.357586669921901, 35.596400621202292 ], [ 74.361689080132408, 35.594826592339444 ], [ 74.363067287868944, 35.589456176757842 ], [ 74.378599378797773, 35.573043823242216 ], [ 74.379166666666691, 35.566666666666698 ], [ 74.4, 35.566666666666698 ], [ 74.4, 35.570833333333368 ], [ 74.403315734863313, 35.571684265136753 ], [ 74.404733954535615, 35.577210489908886 ], [ 74.407766045464442, 35.581122843424509 ], [ 74.40833333333336, 35.583333333333364 ], [ 74.410543823242207, 35.582766045464439 ], [ 74.418622843424501, 35.575567287868957 ], [ 74.42304382324221, 35.574432712131106 ], [ 74.426956176757841, 35.571400621202287 ], [ 74.435543823242213, 35.570266045464443 ], [ 74.439456176757844, 35.567233954535624 ], [ 74.452210489908879, 35.566099378797773 ], [ 74.456122843424509, 35.563067287868954 ], [ 74.461649068196635, 35.561649068196644 ], [ 74.4625, 35.558333333333366 ], [ 74.464924452039952, 35.558686659071213 ], [ 74.468408881293428, 35.562146674262181 ], [ 74.473257785373292, 35.562853325737876 ], [ 74.485075547960093, 35.574646674262183 ], [ 74.514924452039963, 35.575353325737879 ], [ 74.518408881293425, 35.578813340928853 ], [ 74.531591118706629, 35.579519992404542 ], [ 74.535416666666691, 35.583318752712707 ], [ 74.539242214626768, 35.579519992404542 ], [ 74.5416666666667, 35.579166666666701 ], [ 74.545833333333363, 35.579166666666701 ], [ 74.546970452202714, 35.583597988552548 ], [ 74.551956176757841, 35.579733954535619 ], [ 74.55637715657555, 35.578599378797776 ], [ 74.560289510091167, 35.575567287868957 ], [ 74.573043823242216, 35.574432712131106 ], [ 74.578420003255232, 35.570266045464443 ], [ 74.593877156575545, 35.571400621202287 ], [ 74.599253336588575, 35.575567287868957 ], [ 74.602210489908884, 35.574432712131106 ], [ 74.606122843424501, 35.571400621202287 ], [ 74.645833333333357, 35.570833333333368 ], [ 74.645833333333357, 35.566666666666698 ], [ 74.65, 35.566666666666698 ], [ 74.650358072916688, 35.564209832085538 ], [ 74.655908881293428, 35.558686659071213 ], [ 74.660788472493522, 35.557975599500899 ], [ 74.671186659071211, 35.547549268934496 ], [ 74.670480007595515, 35.543408881293431 ], [ 74.666313340928852, 35.539212883843348 ], [ 74.667019992404548, 35.535075547960098 ], [ 74.670480007595515, 35.531591118706629 ], [ 74.671186659071211, 35.526742214626765 ], [ 74.674646674262178, 35.523257785373296 ], [ 74.675353325737873, 35.518408881293432 ], [ 74.678813340928841, 35.514924452039963 ], [ 74.679521518283451, 35.501714579264352 ], [ 74.689242214626759, 35.492019992404543 ], [ 74.694091118706623, 35.491313340928848 ], [ 74.697575547960099, 35.487853325737881 ], [ 74.7, 35.4875 ], [ 74.700353325737879, 35.485075547960101 ], [ 74.703813340928846, 35.481591118706625 ], [ 74.704519992404542, 35.472575547960098 ], [ 74.707980007595509, 35.469091118706629 ], [ 74.708686659071205, 35.460075547960102 ], [ 74.712146674262186, 35.456591118706626 ], [ 74.7125, 35.441666666666698 ], [ 74.711649068196635, 35.438350931803413 ], [ 74.708333333333357, 35.4375 ], [ 74.708686659071205, 35.435075547960096 ], [ 74.712146674262186, 35.431591118706628 ], [ 74.712853325737882, 35.426742214626763 ], [ 74.716313340928849, 35.423257785373295 ], [ 74.717019992404545, 35.418408881293431 ], [ 74.720480007595512, 35.414924452039962 ], [ 74.721186659071208, 35.410075547960098 ], [ 74.724646674262175, 35.406591118706629 ], [ 74.725353325737871, 35.397575547960102 ], [ 74.729519992404548, 35.393379550510012 ], [ 74.728813340928852, 35.385075547960099 ], [ 74.725353325737871, 35.381591118706623 ], [ 74.724646674262175, 35.372575547960096 ], [ 74.717019992404545, 35.364924452039958 ], [ 74.716313340928849, 35.355908881293431 ], [ 74.712853325737882, 35.352424452039962 ], [ 74.7125, 35.34583333333336 ], [ 74.710075547960102, 35.345480007595512 ], [ 74.702424452039963, 35.337853325737875 ], [ 74.697575547960099, 35.337146674262179 ], [ 74.69202473958336, 35.331623501247861 ], [ 74.691666666666691, 35.329166666666694 ], [ 74.680908881293433, 35.328813340928846 ], [ 74.677424452039958, 35.325353325737879 ], [ 74.675, 35.325 ], [ 74.674432712131107, 35.310289510091174 ], [ 74.663067287868955, 35.298043823242217 ], [ 74.661649068196638, 35.292517598470084 ], [ 74.654562547471812, 35.290698920355929 ], [ 74.650567287868952, 35.285543823242215 ], [ 74.649432712131102, 35.281122843424505 ], [ 74.642233954535612, 35.273043823242219 ], [ 74.640698920355931, 35.267062547471816 ], [ 74.635543823242216, 35.26306728786895 ], [ 74.614456176757841, 35.261932712131106 ], [ 74.61054382324221, 35.258900621202287 ], [ 74.6041666666667, 35.258333333333361 ], [ 74.591666666666697, 35.258333333333361 ], [ 74.590815734863313, 35.255017598470083 ], [ 74.5875, 35.254166666666698 ], [ 74.585289510091172, 35.253599378797773 ], [ 74.564710489908876, 35.233900621202288 ], [ 74.556122843424504, 35.232766045464437 ], [ 74.54804382324221, 35.225567287868955 ], [ 74.543622843424501, 35.224432712131104 ], [ 74.535543823242207, 35.217233954535615 ], [ 74.515729437934056, 35.216099378797772 ], [ 74.506377156575553, 35.224432712131104 ], [ 74.495086669921903, 35.225567287868955 ], [ 74.488467746310789, 35.220437452528238 ], [ 74.486932712131107, 35.214456176757842 ], [ 74.482937452528233, 35.209301079644128 ], [ 74.476956176757838, 35.207766045464439 ], [ 74.473043823242207, 35.204733954535619 ], [ 74.463387383355055, 35.203458150227895 ], [ 74.461649068196635, 35.196684265136746 ], [ 74.456122843424509, 35.195266045464436 ], [ 74.452210489908879, 35.192233954535617 ], [ 74.44778951009117, 35.191099378797773 ], [ 74.443877156575553, 35.188067287868954 ], [ 74.439456176757844, 35.186932712131103 ], [ 74.434037611219637, 35.182413906521298 ], [ 74.432766045464433, 35.172789510091171 ], [ 74.429733954535621, 35.168877156575547 ], [ 74.42859937879777, 35.164456176757838 ], [ 74.417233954535618, 35.152210489908882 ], [ 74.416666666666686, 35.145833333333364 ], [ 74.417554050021721, 35.142375013563395 ], [ 74.428279283311653, 35.140958319769993 ], [ 74.429166666666688, 35.1375 ], [ 74.431591118706621, 35.137146674262183 ], [ 74.435075547960096, 35.133686659071209 ], [ 74.4375, 35.133333333333361 ], [ 74.437146674262181, 35.130908881293429 ], [ 74.433686659071199, 35.127424452039961 ], [ 74.432980007595518, 35.122575547960096 ], [ 74.429519992404536, 35.119091118706628 ], [ 74.42881096733943, 35.110045369466171 ], [ 74.423257785373295, 35.104519992404541 ], [ 74.418408881293431, 35.103813340928845 ], [ 74.414924452039955, 35.100353325737878 ], [ 74.410075547960091, 35.099646674262182 ], [ 74.402424452039952, 35.092019992404545 ], [ 74.397544860839872, 35.091308932834231 ], [ 74.387853325737879, 35.081591118706626 ], [ 74.387146674262183, 35.076742214626762 ], [ 74.379519992404539, 35.069091118706623 ], [ 74.379166666666691, 35.066666666666691 ], [ 74.376956176757844, 35.066099378797773 ], [ 74.36887715657555, 35.058900621202284 ], [ 74.340920003255235, 35.05776604546444 ], [ 74.335416666666688, 35.062031385633709 ], [ 74.331377156575542, 35.058900621202284 ], [ 74.320086669921906, 35.05776604546444 ], [ 74.314710489908876, 35.061932712131103 ], [ 74.305054050021724, 35.063208346896729 ], [ 74.304166666666688, 35.066666666666691 ], [ 74.293408881293431, 35.066313340928843 ], [ 74.287858072916691, 35.060790337456623 ], [ 74.287146674262175, 35.055908881293433 ], [ 74.275353325737868, 35.044091118706625 ], [ 74.275, 35.041666666666693 ], [ 74.272839864095076, 35.042284138997424 ], [ 74.26875, 35.045271809895858 ], [ 74.264660135904975, 35.042284138997424 ], [ 74.260339864095073, 35.041049194335962 ], [ 74.256326802571635, 35.038117472330754 ], [ 74.24506581624351, 35.036882527669299 ], [ 74.234068467881968, 35.04663662380645 ], [ 74.232715691460527, 35.060493638780407 ], [ 74.22836676703561, 35.065931193033883 ], [ 74.213302612304716, 35.067401801215304 ], [ 74.211882358127198, 35.077160305447073 ], [ 74.208950975206193, 35.081173027886315 ], [ 74.208333333333357, 35.083333333333364 ], [ 74.2, 35.083333333333364 ], [ 74.176742214626756, 35.082980007595516 ], [ 74.173257785373281, 35.079519992404542 ], [ 74.168408881293431, 35.078813340928846 ], [ 74.164924452039955, 35.075353325737872 ], [ 74.1625, 35.075 ], [ 74.159184265136744, 35.075850762261311 ], [ 74.157424079047331, 35.082709757487009 ], [ 74.145833333333357, 35.083333333333364 ], [ 74.145190599229622, 35.089634874131974 ], [ 74.138142734103752, 35.097865125868083 ], [ 74.136723327636744, 35.111780124240482 ], [ 74.125, 35.1125 ], [ 74.124470520019557, 35.114748128255236 ], [ 74.119887118869386, 35.120074801974852 ], [ 74.11441836886938, 35.121362982855928 ], [ 74.109342447916688, 35.125474039713566 ], [ 74.107803853352891, 35.130107286241348 ], [ 74.11298200819229, 35.136500718858535 ], [ 74.111613633897591, 35.140894232855928 ], [ 74.108333333333363, 35.141666666666694 ], [ 74.089456176757835, 35.142233954535619 ], [ 74.085543823242205, 35.145266045464439 ], [ 74.081122843424495, 35.146400621202282 ], [ 74.077210489908879, 35.149432712131102 ], [ 74.070086669921892, 35.150567287868952 ], [ 74.064710489908876, 35.146400621202282 ], [ 74.045086669921901, 35.145266045464439 ], [ 74.039583333333354, 35.149531385633708 ], [ 74.035543823242207, 35.146400621202282 ], [ 74.026214938693599, 35.145266045464439 ], [ 74.024432712131102, 35.152210489908882 ], [ 74.021400621202275, 35.156122843424505 ], [ 74.019982401529973, 35.161649068196645 ], [ 74.013350931803402, 35.163350931803414 ], [ 74.0125, 35.166666666666693 ], [ 74.004969278971373, 35.167401801215306 ], [ 74.003398471408445, 35.178195020887614 ], [ 74.0, 35.179166666666696 ], [ 73.989242214626771, 35.179519992404543 ], [ 73.985757785373295, 35.182980007595518 ], [ 73.977453613281284, 35.183686659071206 ], [ 73.973257785373306, 35.179519992404543 ], [ 73.968408881293442, 35.178813340928848 ], [ 73.95659111870664, 35.167019992404541 ], [ 73.954166666666708, 35.166666666666693 ], [ 73.950661214192749, 35.167566257052982 ], [ 73.95, 35.175 ], [ 73.946541680230069, 35.175887383355061 ], [ 73.94526604546445, 35.185543823242213 ], [ 73.936917114257852, 35.194913567437098 ], [ 73.930017428927982, 35.196684265136746 ], [ 73.928599378797784, 35.202210489908886 ], [ 73.92460394965282, 35.207365587022601 ], [ 73.918622843424515, 35.208900621202282 ], [ 73.914710489908884, 35.211932712131102 ], [ 73.895833333333371, 35.2125 ], [ 73.879166666666706, 35.2125 ], [ 73.878216213650205, 35.209086778428848 ], [ 73.868660481770874, 35.207728237575985 ], [ 73.863040500217053, 35.203561570909315 ], [ 73.854938422309061, 35.204986572265653 ], [ 73.853413221571216, 35.215716213650204 ], [ 73.847827148437531, 35.217271762424076 ], [ 73.843839518229203, 35.220228237575981 ], [ 73.835327148437543, 35.221438429090739 ], [ 73.823006184895874, 35.232728237575984 ], [ 73.818660481770877, 35.233938429090742 ], [ 73.813040500217056, 35.238105095757405 ], [ 73.801993815104197, 35.236894904242654 ], [ 73.798006184895868, 35.233938429090742 ], [ 73.795833333333377, 35.233333333333363 ], [ 73.7875, 35.233333333333363 ], [ 73.786649237738757, 35.230017598470084 ], [ 73.781122843424512, 35.228599378797774 ], [ 73.773043823242219, 35.221400621202285 ], [ 73.764456176757847, 35.220266045464442 ], [ 73.759079996744831, 35.216099378797772 ], [ 73.746729871961847, 35.217340426974857 ], [ 73.745833333333366, 35.22083333333336 ], [ 73.745266045464447, 35.227210489908884 ], [ 73.741270616319483, 35.232365587022599 ], [ 73.734184095594657, 35.234184265136747 ], [ 73.733333333333363, 35.2375 ], [ 73.732980007595529, 35.256591118706623 ], [ 73.729519992404548, 35.260075547960099 ], [ 73.728813340928852, 35.264924452039956 ], [ 73.714954291449686, 35.278808932834231 ], [ 73.710075547960102, 35.279519992404545 ], [ 73.704525756835977, 35.285042148166262 ], [ 73.70381334092886, 35.289212883843348 ], [ 73.708318752712714, 35.29375 ], [ 73.704519992404556, 35.297575547960101 ], [ 73.70381334092886, 35.302424452039958 ], [ 73.687853325737876, 35.318408881293429 ], [ 73.687146674262195, 35.323257785373293 ], [ 73.683686659071213, 35.326742214626762 ], [ 73.683333333333366, 35.3375 ], [ 73.676742214626771, 35.337146674262179 ], [ 73.673257785373295, 35.333686659071212 ], [ 73.660075547960105, 35.332980007595516 ], [ 73.656591118706629, 35.329519992404542 ], [ 73.652453613281281, 35.328813340928846 ], [ 73.648257785373303, 35.332980007595516 ], [ 73.630908881293436, 35.333686659071212 ], [ 73.627083333333374, 35.337485419379369 ], [ 73.623257785373298, 35.333686659071212 ], [ 73.610786946614624, 35.332980007595516 ], [ 73.606591118706632, 35.337146674262179 ], [ 73.601742214626768, 35.337853325737875 ], [ 73.598257785373292, 35.341313340928849 ], [ 73.594120279947958, 35.342019992404545 ], [ 73.589924452039966, 35.337853325737875 ], [ 73.580908881293439, 35.337146674262179 ], [ 73.573257785373301, 35.329519992404542 ], [ 73.570833333333368, 35.329166666666694 ], [ 73.564456176757844, 35.329733954535619 ], [ 73.560543823242227, 35.332766045464439 ], [ 73.551956176757841, 35.333900621202289 ], [ 73.543877156575562, 35.341099378797772 ], [ 73.538161214192741, 35.342566257052979 ], [ 73.5375, 35.35 ], [ 73.520833333333371, 35.35 ], [ 73.520833333333371, 35.3541666666667 ], [ 73.52006259494361, 35.357438998752201 ], [ 73.515583631727466, 35.358862813313834 ], [ 73.506414794921909, 35.350529479980501 ], [ 73.485251871744822, 35.349470520019558 ], [ 73.481414794921903, 35.346362813313831 ], [ 73.457392713758708, 35.345303853352895 ], [ 73.452248128255235, 35.349470520019558 ], [ 73.428226047092053, 35.350529479980501 ], [ 73.423081461588581, 35.346362813313831 ], [ 73.419815741644996, 35.345303853352895 ], [ 73.413070000542575, 35.351108296712269 ], [ 73.4125, 35.3625 ], [ 73.401742214626765, 35.362853325737873 ], [ 73.398257785373303, 35.366313340928848 ], [ 73.37745361328129, 35.367019992404543 ], [ 73.373257785373298, 35.362853325737873 ], [ 73.370833333333366, 35.3625 ], [ 73.3625, 35.3625 ], [ 73.360075547960108, 35.362853325737873 ], [ 73.356591118706632, 35.366313340928848 ], [ 73.351742214626768, 35.367019992404543 ], [ 73.344091118706629, 35.374646674262181 ], [ 73.339242214626765, 35.375353325737876 ], [ 73.331591118706626, 35.382980007595513 ], [ 73.329166666666694, 35.383333333333361 ], [ 73.281211005316877, 35.382677883572079 ], [ 73.277122328016532, 35.379822116427981 ], [ 73.272877671983537, 35.378511216905409 ], [ 73.268788994683192, 35.375655449761311 ], [ 73.264544338650211, 35.374344550238746 ], [ 73.259167819552985, 35.370589192708366 ], [ 73.257677883572086, 35.389622328016522 ], [ 73.237002224392398, 35.41160363091366 ], [ 73.227044338650202, 35.413155449761312 ], [ 73.221781751844645, 35.416831461588572 ], [ 73.220177883572077, 35.427122328016523 ], [ 73.217322116427979, 35.431211005316868 ], [ 73.216666666666697, 35.433333333333366 ], [ 73.2125, 35.433333333333366 ], [ 73.2125, 35.441666666666698 ], [ 73.214924452039966, 35.442019992404546 ], [ 73.220474243164091, 35.447542148166264 ], [ 73.221186659071208, 35.451712883843349 ], [ 73.217019992404545, 35.455908881293432 ], [ 73.216313340928849, 35.464924452039959 ], [ 73.212853325737882, 35.468408881293435 ], [ 73.212146674262186, 35.476712883843348 ], [ 73.216313340928849, 35.480908881293431 ], [ 73.217019992404545, 35.485048929850294 ], [ 73.208686659071219, 35.493408881293433 ], [ 73.207980007595523, 35.498257785373298 ], [ 73.204519992404542, 35.501742214626766 ], [ 73.204166666666694, 35.504166666666698 ], [ 73.204733954535627, 35.506377156575553 ], [ 73.207766045464439, 35.510289510091177 ], [ 73.208900621202289, 35.514710489908886 ], [ 73.211932712131102, 35.518622843424509 ], [ 73.213067287868952, 35.523043823242219 ], [ 73.220266045464442, 35.531122843424512 ], [ 73.221541680230061, 35.540779283311664 ], [ 73.225, 35.5416666666667 ], [ 73.225353325737885, 35.560757785373298 ], [ 73.228813340928852, 35.564242214626766 ], [ 73.229519992404548, 35.593383280436228 ], [ 73.214950900607676, 35.607979159885012 ], [ 73.204166666666694, 35.608333333333363 ], [ 73.203813340928846, 35.610757785373295 ], [ 73.200353325737879, 35.614242214626771 ], [ 73.199642266167572, 35.619121805826857 ], [ 73.189924452039961, 35.628813340928851 ], [ 73.185042995876771, 35.629524739583367 ], [ 73.179519992404551, 35.635075547960099 ], [ 73.178813340928855, 35.644091118706626 ], [ 73.174646674262178, 35.648287116156716 ], [ 73.175354682074683, 35.664953443739179 ], [ 73.180908881293433, 35.670480007595515 ], [ 73.1875, 35.670833333333363 ], [ 73.187146674262181, 35.681591118706628 ], [ 73.183686659071213, 35.685075547960103 ], [ 73.183333333333366, 35.6875 ], [ 73.183686659071213, 35.694091118706631 ], [ 73.187146674262181, 35.697575547960099 ], [ 73.187854342990477, 35.714953274197079 ], [ 73.193408881293436, 35.720480007595519 ], [ 73.195833333333368, 35.720833333333367 ], [ 73.195266045464436, 35.727210489908884 ], [ 73.191099378797773, 35.732586669921908 ], [ 73.192673407660621, 35.736689080132408 ], [ 73.199603949652811, 35.738467746310796 ], [ 73.203599378797776, 35.743622843424511 ], [ 73.205017428927988, 35.749149068196644 ], [ 73.208333333333371, 35.75 ], [ 73.207980007595523, 35.756591118706631 ], [ 73.204519992404542, 35.760075547960099 ], [ 73.203813340928846, 35.769091118706633 ], [ 73.200353325737879, 35.772575547960102 ], [ 73.199646674262183, 35.785757785373299 ], [ 73.196186659071216, 35.789242214626768 ], [ 73.195480007595521, 35.802424452039965 ], [ 73.191680569118958, 35.806250678168439 ], [ 73.199646674262183, 35.814242214626766 ], [ 73.2, 35.820833333333368 ], [ 73.197575547960099, 35.821186659071216 ], [ 73.19202473958336, 35.826709832085534 ], [ 73.191313340928858, 35.831591118706633 ], [ 73.187853325737876, 35.835075547960102 ], [ 73.1875, 35.8375 ], [ 73.189924452039961, 35.837853325737882 ], [ 73.193408881293436, 35.841313340928856 ], [ 73.202424452039963, 35.842019992404545 ], [ 73.214242214626765, 35.853813340928852 ], [ 73.219091118706629, 35.854519992404548 ], [ 73.222575547960105, 35.857980007595522 ], [ 73.227424452039969, 35.858686659071211 ], [ 73.230908881293431, 35.862146674262185 ], [ 73.252424452039961, 35.862853325737881 ], [ 73.255908881293436, 35.866313340928855 ], [ 73.258333333333368, 35.866666666666703 ], [ 73.258976236979194, 35.868801710340747 ], [ 73.261893717447947, 35.872916666666697 ], [ 73.258976236979194, 35.877031622992654 ], [ 73.257690429687528, 35.881301710340743 ], [ 73.254809570312531, 35.885364956325986 ], [ 73.253523763020866, 35.912821790907152 ], [ 73.257690429687528, 35.918698289659325 ], [ 73.25907253689239, 35.936725362141964 ], [ 73.272968207465311, 35.938142734103764 ], [ 73.277916802300382, 35.941651407877636 ], [ 73.280046251085096, 35.934579128689272 ], [ 73.283655124240482, 35.932690599229637 ], [ 73.290404934353333, 35.937476433648037 ], [ 73.292631022135453, 35.94486914740672 ], [ 73.297968207465317, 35.946476067437104 ], [ 73.314531792534751, 35.961857265896299 ], [ 73.319868977864616, 35.963464185926682 ], [ 73.320833333333368, 35.966666666666683 ], [ 73.324149237738752, 35.965815734863313 ], [ 73.325, 35.9625 ], [ 73.325617472330762, 35.96033986409509 ], [ 73.328549194335977, 35.956326802571652 ], [ 73.329901801215314, 35.942469278971387 ], [ 73.339660305447083, 35.94104902479387 ], [ 73.347839694552988, 35.933950975206194 ], [ 73.352160305447086, 35.932715691460537 ], [ 73.360339694552991, 35.925617641872861 ], [ 73.366666666666703, 35.925 ], [ 73.367352294921915, 35.904946729871995 ], [ 73.381301540798646, 35.903523932562969 ], [ 73.397865125868094, 35.888142734103766 ], [ 73.402134874131974, 35.886857265896303 ], [ 73.408011542426252, 35.882690599229633 ], [ 73.414634874131977, 35.883976067437104 ], [ 73.420511542426254, 35.888142734103766 ], [ 73.431301540798643, 35.886857265896303 ], [ 73.435365125868088, 35.883976067437104 ], [ 73.439634874131983, 35.882690599229633 ], [ 73.443698459201428, 35.879809400770434 ], [ 73.452134874131971, 35.87852393256297 ], [ 73.456198459201417, 35.875642734103764 ], [ 73.468801540798651, 35.8743572658963 ], [ 73.474678209092914, 35.870190599229637 ], [ 73.48130154079864, 35.871476067437101 ], [ 73.485365125868086, 35.8743572658963 ], [ 73.48963487413198, 35.875642734103764 ], [ 73.494583468967051, 35.879151407877636 ], [ 73.496476236979206, 35.872864956325991 ], [ 73.507690429687528, 35.860468377007415 ], [ 73.509297688802121, 35.855130852593348 ], [ 73.5125, 35.8541666666667 ], [ 73.513493516710099, 35.857641262478332 ], [ 73.532508680555594, 35.859037780761753 ], [ 73.536882527669306, 35.864506530761751 ], [ 73.538117472330768, 35.868826802571647 ], [ 73.541049194335969, 35.872839864095084 ], [ 73.542479112413233, 35.882665337456629 ], [ 73.558333333333366, 35.883333333333368 ], [ 73.558333333333366, 35.879166666666698 ], [ 73.559184095594659, 35.87585093180342 ], [ 73.56471048990889, 35.87443271213111 ], [ 73.568622843424521, 35.871400621202291 ], [ 73.589710489908896, 35.87026604546444 ], [ 73.593622843424512, 35.867233954535621 ], [ 73.614710489908887, 35.866099378797777 ], [ 73.620086669921903, 35.861932712131107 ], [ 73.624188910590306, 35.863506740993955 ], [ 73.625919596354208, 35.870250447591182 ], [ 73.636562771267393, 35.879733954535624 ], [ 73.656377156575559, 35.87859937879778 ], [ 73.660289510091175, 35.875567287868961 ], [ 73.664710489908884, 35.87443271213111 ], [ 73.66875, 35.87130211724179 ], [ 73.674253336588578, 35.875567287868961 ], [ 73.68137715657555, 35.87443271213111 ], [ 73.686753336588581, 35.87026604546444 ], [ 73.693877156575553, 35.871400621202291 ], [ 73.699253336588583, 35.875567287868961 ], [ 73.702210489908893, 35.87443271213111 ], [ 73.722903442382844, 35.854624938964875 ], [ 73.728420003255238, 35.858900621202288 ], [ 73.739710489908887, 35.857766045464444 ], [ 73.743622843424518, 35.854733954535625 ], [ 73.748043823242227, 35.853599378797774 ], [ 73.751956176757844, 35.850567287868955 ], [ 73.754166666666706, 35.85 ], [ 73.758333333333368, 35.85 ], [ 73.758686659071216, 35.852424452039962 ], [ 73.762146674262183, 35.855908881293438 ], [ 73.7625, 35.870833333333366 ], [ 73.768877156575556, 35.871400621202291 ], [ 73.778003607855936, 35.879532538519996 ], [ 73.779166666666697, 35.875 ], [ 73.785543823242222, 35.87443271213111 ], [ 73.789456176757852, 35.871400621202291 ], [ 73.798043823242224, 35.87026604546444 ], [ 73.801956176757855, 35.867233954535621 ], [ 73.806377156575564, 35.866099378797777 ], [ 73.811362711588572, 35.862235344780849 ], [ 73.8125, 35.866666666666703 ], [ 73.819091118706638, 35.867019992404551 ], [ 73.827450900607673, 35.875353325737883 ], [ 73.835757785373303, 35.874646674262188 ], [ 73.843408881293442, 35.867019992404551 ], [ 73.8541666666667, 35.866666666666703 ], [ 73.854733954535632, 35.860289510091178 ], [ 73.867312282986148, 35.846736823187968 ], [ 73.873043823242227, 35.845266045464442 ], [ 73.876956176757844, 35.842233954535622 ], [ 73.898785061306455, 35.841099378797779 ], [ 73.900850762261328, 35.849149068196645 ], [ 73.90748257107208, 35.850850931803421 ], [ 73.909214274088583, 35.857599216037357 ], [ 73.917603895399338, 35.858900621202288 ], [ 73.926956176757855, 35.850567287868955 ], [ 73.932118394639801, 35.849432712131112 ], [ 73.933333333333366, 35.8541666666667 ], [ 73.945833333333368, 35.8541666666667 ], [ 73.946423848470076, 35.830181037055155 ], [ 73.951956176757832, 35.825567287868957 ], [ 73.956377156575542, 35.824432712131113 ], [ 73.960289510091172, 35.821400621202287 ], [ 73.994918653700111, 35.820230950249602 ], [ 73.99704827202693, 35.81193271213111 ], [ 74.002210489908876, 35.813067287868954 ], [ 74.006122843424507, 35.816099378797773 ], [ 74.010543823242216, 35.817233954535624 ], [ 74.015920003255232, 35.821400621202287 ], [ 74.024107530381968, 35.820096672905848 ], [ 74.028599378797765, 35.81471048990889 ], [ 74.029166666666711, 35.808333333333366 ], [ 74.029519992404531, 35.805908881293433 ], [ 74.037146674262175, 35.798257785373295 ], [ 74.037853325737871, 35.793408881293438 ], [ 74.041313340928838, 35.789924452039962 ], [ 74.042019992404533, 35.785075547960105 ], [ 74.045480007595515, 35.781591118706629 ], [ 74.046186659071196, 35.776742214626772 ], [ 74.049646674262178, 35.773257785373296 ], [ 74.050357733832485, 35.768378194173209 ], [ 74.060075547960096, 35.758686659071216 ], [ 74.064924452039946, 35.757980007595521 ], [ 74.068408881293422, 35.754519992404546 ], [ 74.073257785373286, 35.753813340928851 ], [ 74.076742214626762, 35.750353325737883 ], [ 74.0875, 35.75 ], [ 74.088399590386302, 35.753505452473988 ], [ 74.09583333333336, 35.754166666666698 ], [ 74.098257785373292, 35.753813340928851 ], [ 74.114242214626756, 35.737853325737881 ], [ 74.119121127658445, 35.737142266167567 ], [ 74.132980007595506, 35.723257785373299 ], [ 74.133691406250023, 35.7183764987522 ], [ 74.139242214626762, 35.712853325737882 ], [ 74.15, 35.7125 ], [ 74.152424452039952, 35.712853325737882 ], [ 74.155908881293428, 35.716313340928849 ], [ 74.15833333333336, 35.716666666666697 ], [ 74.160757785373292, 35.716313340928849 ], [ 74.164242214626753, 35.712853325737882 ], [ 74.169123501247853, 35.712141927083366 ], [ 74.174646674262178, 35.706591118706626 ], [ 74.175353325737873, 35.697575547960099 ], [ 74.178813340928841, 35.694091118706631 ], [ 74.179519992404536, 35.685075547960103 ], [ 74.182980007595503, 35.681591118706628 ], [ 74.183691067165825, 35.676711527506541 ], [ 74.193408881293422, 35.667019992404548 ], [ 74.208333333333357, 35.6666666666667 ], [ 74.209184265136741, 35.663350931803414 ], [ 74.2125, 35.6625 ], [ 74.213067287868952, 35.656122843424512 ], [ 74.216099378797765, 35.652210489908889 ], [ 74.217517598470081, 35.646684265136749 ], [ 74.224604119194908, 35.644865587022601 ], [ 74.228599378797767, 35.639710489908886 ], [ 74.23001759847007, 35.634184265136753 ], [ 74.23554382324221, 35.632766045464443 ], [ 74.239456176757841, 35.629733954535624 ], [ 74.245833333333351, 35.629166666666698 ], [ 74.254166666666691, 35.629166666666698 ], [ 74.256591118706623, 35.629519992404546 ], [ 74.264951070149763, 35.637853325737879 ], [ 74.281591118706615, 35.637146674262183 ], [ 74.293408881293431, 35.625353325737876 ], [ 74.298257785373295, 35.624646674262188 ], [ 74.301742214626756, 35.621186659071213 ], [ 74.304166666666688, 35.620833333333366 ] ] ] ] } },
{ "type": "Feature", "properties": { "HYBAS_ID": 4070599030, "NEXT_DOWN": 4070625930, "NEXT_SINK": 4070033640, "MAIN_BAS": 4070033640, "DIST_SINK": 2041.6, "DIST_MAIN": 2041.6, "SUB_AREA": 795.8, "UP_AREA": 795.8, "PFAF_ID": 4566028, "ENDO": 0, "COAST": 0, "ORDER": 4, "SORT": 5909, "areakm2": 795.84 }, "geometry": { "type": "MultiPolygon", "coordinates": [ [ [ [ 72.7625, 35.558333333333366 ], [ 72.765958150227888, 35.55744594997833 ], [ 72.767233954535612, 35.547789510091178 ], [ 72.775567287868952, 35.538437228732668 ], [ 72.774432712131102, 35.531122843424512 ], [ 72.771400621202289, 35.527210489908882 ], [ 72.770124816894565, 35.517554050021729 ], [ 72.763350931803416, 35.51581573486331 ], [ 72.7625, 35.5125 ], [ 72.762146674262183, 35.510075547960099 ], [ 72.750353325737876, 35.498257785373298 ], [ 72.749646674262181, 35.493408881293433 ], [ 72.737853325737873, 35.481591118706625 ], [ 72.7375, 35.4791666666667 ], [ 72.737858072916694, 35.476709832085533 ], [ 72.743408881293433, 35.471186659071208 ], [ 72.752454460991785, 35.470477634006109 ], [ 72.758319091796906, 35.464583672417568 ], [ 72.754519992404539, 35.460757785373296 ], [ 72.753813340928843, 35.451742214626769 ], [ 72.750353325737876, 35.448257785373293 ], [ 72.749644470214875, 35.439214748806457 ], [ 72.731591118706632, 35.421186659071211 ], [ 72.72083333333336, 35.420833333333363 ], [ 72.718408881293428, 35.420480007595515 ], [ 72.714924452039952, 35.417019992404548 ], [ 72.6875, 35.4166666666667 ], [ 72.687146674262181, 35.419091118706625 ], [ 72.683686659071213, 35.422575547960101 ], [ 72.682980007595518, 35.427424452039958 ], [ 72.679519992404536, 35.430908881293433 ], [ 72.678813340928841, 35.435757785373298 ], [ 72.656620449490049, 35.457975769043003 ], [ 72.651742214626765, 35.458686659071212 ], [ 72.648257785373289, 35.462146674262186 ], [ 72.639242214626762, 35.462853325737875 ], [ 72.631591118706623, 35.470480007595519 ], [ 72.626742214626759, 35.471186659071208 ], [ 72.610757785373295, 35.487146674262185 ], [ 72.6, 35.4875 ], [ 72.596684265136744, 35.486649068196648 ], [ 72.59583333333336, 35.483333333333363 ], [ 72.591666666666697, 35.483333333333363 ], [ 72.591666666666697, 35.4875 ], [ 72.591313340928849, 35.494091118706628 ], [ 72.587514580620692, 35.497916666666697 ], [ 72.591313340928849, 35.501742214626766 ], [ 72.591666666666697, 35.525 ], [ 72.592517598470081, 35.528315734863313 ], [ 72.598043823242222, 35.529733954535622 ], [ 72.601956176757838, 35.532766045464442 ], [ 72.606377156575547, 35.533900621202285 ], [ 72.631122843424507, 35.55776604546444 ], [ 72.633333333333354, 35.558333333333366 ], [ 72.632980007595506, 35.560757785373298 ], [ 72.629519992404539, 35.564242214626766 ], [ 72.628813340928843, 35.569091118706631 ], [ 72.625353325737876, 35.572575547960099 ], [ 72.624646674262181, 35.585046217176682 ], [ 72.628813340928843, 35.589242214626765 ], [ 72.629166666666691, 35.591666666666697 ], [ 72.622575547960096, 35.592019992404545 ], [ 72.617020840115046, 35.597547064887188 ], [ 72.616313340928841, 35.622546217176684 ], [ 72.620480007595518, 35.626742214626766 ], [ 72.621186659071213, 35.635046217176679 ], [ 72.617019992404536, 35.639242214626769 ], [ 72.616666666666688, 35.645833333333364 ], [ 72.614456176757841, 35.646400621202289 ], [ 72.61054382324221, 35.649432712131109 ], [ 72.606122843424501, 35.650567287868952 ], [ 72.602210489908884, 35.653599378797779 ], [ 72.595086669921898, 35.654733954535622 ], [ 72.589710489908882, 35.650567287868952 ], [ 72.582586669921895, 35.649432712131109 ], [ 72.577210489908879, 35.653599378797779 ], [ 72.57154184977216, 35.655054050021732 ], [ 72.570266045464436, 35.664710489908884 ], [ 72.563067287868947, 35.672789510091178 ], [ 72.5625, 35.675 ], [ 72.564924452039961, 35.675353325737881 ], [ 72.568408881293436, 35.678813340928855 ], [ 72.577424452039963, 35.679519992404543 ], [ 72.582975260416688, 35.685043165418868 ], [ 72.583333333333357, 35.6875 ], [ 72.582980007595509, 35.689924452039961 ], [ 72.556616889105925, 35.716312493218346 ], [ 72.545833333333363, 35.716666666666697 ], [ 72.546186659071211, 35.723257785373299 ], [ 72.549646674262178, 35.726742214626768 ], [ 72.550353325737873, 35.739924452039965 ], [ 72.553813340928841, 35.743408881293433 ], [ 72.554166666666688, 35.766666666666701 ], [ 72.535289510091175, 35.767233954535627 ], [ 72.527210489908882, 35.774432712131109 ], [ 72.521684265136741, 35.775850931803419 ], [ 72.519982401529973, 35.782482401529982 ], [ 72.516666666666694, 35.783333333333367 ], [ 72.516068183051246, 35.803250969780848 ], [ 72.51028951009117, 35.804733954535621 ], [ 72.500618320041255, 35.813505893283455 ], [ 72.499432712131096, 35.835543823242219 ], [ 72.496400621202284, 35.839456176757849 ], [ 72.495266045464433, 35.843877156575552 ], [ 72.488067287868944, 35.851956176757845 ], [ 72.4875, 35.8541666666667 ], [ 72.488067287868944, 35.864710489908887 ], [ 72.495266045464433, 35.872789510091181 ], [ 72.496400621202284, 35.881377156575553 ], [ 72.503599378797773, 35.889456176757847 ], [ 72.505017598470076, 35.89498240152998 ], [ 72.508333333333354, 35.895833333333364 ], [ 72.5125, 35.895833333333364 ], [ 72.524190436469212, 35.895145331488749 ], [ 72.52576819525828, 35.88430497911245 ], [ 72.531326802571641, 35.88271569146054 ], [ 72.535339864095079, 35.879784308539527 ], [ 72.543826802571644, 35.87854902479387 ], [ 72.549530877007399, 35.874382358127207 ], [ 72.56049346923831, 35.875617641872864 ], [ 72.566197543674065, 35.879784308539527 ], [ 72.574039713541694, 35.878358968098993 ], [ 72.575617641872853, 35.872839864095084 ], [ 72.578549024793858, 35.868826802571647 ], [ 72.580152893066426, 35.86321716308597 ], [ 72.593826802571641, 35.861882358127204 ], [ 72.597839864095079, 35.858950975206199 ], [ 72.610493469238307, 35.857715691460534 ], [ 72.614506530761744, 35.854784308539529 ], [ 72.629166666666691, 35.8541666666667 ], [ 72.62952473958336, 35.85170983208554 ], [ 72.635075547960099, 35.846186659071215 ], [ 72.648257785373289, 35.845480007595519 ], [ 72.651742214626765, 35.842019992404545 ], [ 72.664924452039955, 35.841313340928856 ], [ 72.669120449490038, 35.837146674262186 ], [ 72.673257785373295, 35.837853325737882 ], [ 72.689242214626759, 35.853813340928852 ], [ 72.694091118706623, 35.854519992404548 ], [ 72.698287116156706, 35.858686659071211 ], [ 72.702424452039963, 35.857980007595522 ], [ 72.70625, 35.854181247287357 ], [ 72.710787116156709, 35.858686659071211 ], [ 72.719121466742649, 35.857977464464007 ], [ 72.724646674262175, 35.852424452039962 ], [ 72.725353325737871, 35.843408881293435 ], [ 72.728813340928852, 35.839924452039966 ], [ 72.729519992404548, 35.835075547960102 ], [ 72.732980007595515, 35.831591118706633 ], [ 72.733686659071211, 35.826742214626769 ], [ 72.737146674262178, 35.823257785373301 ], [ 72.7375, 35.816666666666698 ], [ 72.737141927083357, 35.814209832085538 ], [ 72.731591118706632, 35.808686659071213 ], [ 72.726742214626768, 35.807980007595518 ], [ 72.723257785373292, 35.804519992404551 ], [ 72.718376498752193, 35.803808593750034 ], [ 72.712853325737882, 35.798257785373295 ], [ 72.712146674262186, 35.793408881293438 ], [ 72.704519992404542, 35.785757785373299 ], [ 72.704166666666694, 35.779166666666697 ], [ 72.707937452528242, 35.778198920355933 ], [ 72.711932712131102, 35.773043823242219 ], [ 72.713155958387617, 35.759293111165398 ], [ 72.718622843424512, 35.754733954535624 ], [ 72.732360331217478, 35.753511895073821 ], [ 72.74109937879777, 35.74387715657555 ], [ 72.742517598470073, 35.738350931803417 ], [ 72.749291483561223, 35.736612616644997 ], [ 72.750567287868947, 35.726956176757845 ], [ 72.766099378797776, 35.710543823242219 ], [ 72.767517598470079, 35.705017598470086 ], [ 72.774417114257844, 35.703246900770431 ], [ 72.782871500651069, 35.693758816189266 ], [ 72.779733954535615, 35.68971048990889 ], [ 72.779166666666697, 35.679166666666703 ], [ 72.794091118706632, 35.678813340928855 ], [ 72.797575547960093, 35.675353325737881 ], [ 72.8, 35.675 ], [ 72.800617641872861, 35.660339864095086 ], [ 72.803549024793867, 35.656326802571648 ], [ 72.804784308539524, 35.647839864095083 ], [ 72.807771809895868, 35.64375 ], [ 72.803549024793867, 35.637969122992651 ], [ 72.804784308539524, 35.635339864095087 ], [ 72.80771569146053, 35.63132680257165 ], [ 72.808950975206187, 35.627006530761747 ], [ 72.811882358127193, 35.62299346923831 ], [ 72.813471645779103, 35.617434861924949 ], [ 72.824264865451411, 35.615864054362014 ], [ 72.825, 35.608333333333363 ], [ 72.821684265136753, 35.607482401529978 ], [ 72.820266045464436, 35.601956176757845 ], [ 72.817233954535624, 35.598043823242222 ], [ 72.816099378797773, 35.585289510091179 ], [ 72.811580573187968, 35.579870944552979 ], [ 72.801956176757841, 35.578599378797776 ], [ 72.79804382324221, 35.575567287868957 ], [ 72.781122843424512, 35.574432712131106 ], [ 72.777210489908882, 35.571400621202287 ], [ 72.767554050021729, 35.570124816894563 ], [ 72.766099378797776, 35.564456176757844 ], [ 72.76306728786895, 35.56054382324222 ], [ 72.7625, 35.558333333333366 ] ] ] ] } },
{ "type": "Feature", "properties": { "HYBAS_ID": 4070596060, "NEXT_DOWN": 4070600450, "NEXT_SINK": 4070033640, "MAIN_BAS": 4070033640, "DIST_SINK": 2176.2, "DIST_MAIN": 2176.2, "SUB_AREA": 3991.6, "UP_AREA": 3991.6, "PFAF_ID": 4567040, "ENDO": 0, "COAST": 0, "ORDER": 2, "SORT": 5922, "areakm2": 3991.52 }, "geometry": { "type": "MultiPolygon", "coordinates": [ [ [ [ 74.516666666666694, 35.091666666666697 ], [ 74.515779283311659, 35.095124986436659 ], [ 74.506122843424507, 35.096400621202285 ], [ 74.498043823242213, 35.103599378797767 ], [ 74.493622843424504, 35.104733954535618 ], [ 74.489710489908873, 35.107766045464437 ], [ 74.479166666666686, 35.108333333333363 ], [ 74.476742214626768, 35.108686659071211 ], [ 74.472916666666691, 35.112485419379368 ], [ 74.469091118706629, 35.108686659071211 ], [ 74.466666666666697, 35.108333333333363 ], [ 74.463350931803404, 35.109184095594642 ], [ 74.461932712131102, 35.11471048990888 ], [ 74.454733954535612, 35.122789510091174 ], [ 74.45331573486331, 35.128315904405412 ], [ 74.45, 35.129166666666691 ], [ 74.449100409613735, 35.132672119140651 ], [ 74.441666666666691, 35.133333333333361 ], [ 74.4375, 35.133333333333361 ], [ 74.435075547960096, 35.133686659071209 ], [ 74.431591118706621, 35.137146674262183 ], [ 74.429166666666688, 35.1375 ], [ 74.428279283311653, 35.140958319769993 ], [ 74.417554050021721, 35.142375013563395 ], [ 74.416666666666686, 35.145833333333364 ], [ 74.417233954535618, 35.152210489908882 ], [ 74.42859937879777, 35.164456176757838 ], [ 74.429733954535621, 35.168877156575547 ], [ 74.432766045464433, 35.172789510091171 ], [ 74.434037611219637, 35.182413906521298 ], [ 74.439456176757844, 35.186932712131103 ], [ 74.443877156575553, 35.188067287868954 ], [ 74.44778951009117, 35.191099378797773 ], [ 74.452210489908879, 35.192233954535617 ], [ 74.456122843424509, 35.195266045464436 ], [ 74.461649068196635, 35.196684265136746 ], [ 74.463387383355055, 35.203458150227895 ], [ 74.473043823242207, 35.204733954535619 ], [ 74.476956176757838, 35.207766045464439 ], [ 74.482937452528233, 35.209301079644128 ], [ 74.486932712131107, 35.214456176757842 ], [ 74.488467746310789, 35.220437452528238 ], [ 74.495086669921903, 35.225567287868955 ], [ 74.506377156575553, 35.224432712131104 ], [ 74.515729437934056, 35.216099378797772 ], [ 74.535543823242207, 35.217233954535615 ], [ 74.543622843424501, 35.224432712131104 ], [ 74.54804382324221, 35.225567287868955 ], [ 74.556122843424504, 35.232766045464437 ], [ 74.564710489908876, 35.233900621202288 ], [ 74.585289510091172, 35.253599378797773 ], [ 74.5875, 35.254166666666698 ], [ 74.590815734863313, 35.255017598470083 ], [ 74.591666666666697, 35.258333333333361 ], [ 74.6041666666667, 35.258333333333361 ], [ 74.61054382324221, 35.258900621202287 ], [ 74.614456176757841, 35.261932712131106 ], [ 74.635543823242216, 35.26306728786895 ], [ 74.640698920355931, 35.267062547471816 ], [ 74.642233954535612, 35.273043823242219 ], [ 74.649432712131102, 35.281122843424505 ], [ 74.650567287868952, 35.285543823242215 ], [ 74.654562547471812, 35.290698920355929 ], [ 74.661649068196638, 35.292517598470084 ], [ 74.663067287868955, 35.298043823242217 ], [ 74.674432712131107, 35.310289510091174 ], [ 74.675, 35.325 ], [ 74.677424452039958, 35.325353325737879 ], [ 74.680908881293433, 35.328813340928846 ], [ 74.691666666666691, 35.329166666666694 ], [ 74.69202473958336, 35.331623501247861 ], [ 74.697575547960099, 35.337146674262179 ], [ 74.702424452039963, 35.337853325737875 ], [ 74.710075547960102, 35.345480007595512 ], [ 74.7125, 35.34583333333336 ], [ 74.712853325737882, 35.352424452039962 ], [ 74.716313340928849, 35.355908881293431 ], [ 74.717019992404545, 35.364924452039958 ], [ 74.724646674262175, 35.372575547960096 ], [ 74.725353325737871, 35.381591118706623 ], [ 74.728813340928852, 35.385075547960099 ], [ 74.729519992404548, 35.393379550510012 ], [ 74.725353325737871, 35.397575547960102 ], [ 74.724646674262175, 35.406591118706629 ], [ 74.721186659071208, 35.410075547960098 ], [ 74.720480007595512, 35.414924452039962 ], [ 74.717019992404545, 35.418408881293431 ], [ 74.716313340928849, 35.423257785373295 ], [ 74.712853325737882, 35.426742214626763 ], [ 74.712146674262186, 35.431591118706628 ], [ 74.708686659071205, 35.435075547960096 ], [ 74.708333333333357, 35.4375 ], [ 74.711649068196635, 35.438350931803413 ], [ 74.7125, 35.441666666666698 ], [ 74.712146674262186, 35.456591118706626 ], [ 74.708686659071205, 35.460075547960102 ], [ 74.707980007595509, 35.469091118706629 ], [ 74.704519992404542, 35.472575547960098 ], [ 74.703813340928846, 35.481591118706625 ], [ 74.700353325737879, 35.485075547960101 ], [ 74.7, 35.4875 ], [ 74.697575547960099, 35.487853325737881 ], [ 74.694091118706623, 35.491313340928848 ], [ 74.689242214626759, 35.492019992404543 ], [ 74.679521518283451, 35.501714579264352 ], [ 74.678813340928841, 35.514924452039963 ], [ 74.675353325737873, 35.518408881293432 ], [ 74.674646674262178, 35.523257785373296 ], [ 74.671186659071211, 35.526742214626765 ], [ 74.670480007595515, 35.531591118706629 ], [ 74.667019992404548, 35.535075547960098 ], [ 74.666313340928852, 35.539212883843348 ], [ 74.670480007595515, 35.543408881293431 ], [ 74.671186659071211, 35.547549268934496 ], [ 74.660788472493522, 35.557975599500899 ], [ 74.655908881293428, 35.558686659071213 ], [ 74.650358072916688, 35.564209832085538 ], [ 74.65, 35.566666666666698 ], [ 74.645833333333357, 35.566666666666698 ], [ 74.645833333333357, 35.570833333333368 ], [ 74.649237230089, 35.571858215332064 ], [ 74.650642734103755, 35.583655124240479 ], [ 74.645656670464433, 35.590687391493084 ], [ 74.656301710340742, 35.592309400770432 ], [ 74.672864956325981, 35.607690599229635 ], [ 74.689635043674073, 35.608976067437098 ], [ 74.693698289659309, 35.611857265896298 ], [ 74.696155124240477, 35.613142734103761 ], [ 74.702031622992649, 35.608976067437098 ], [ 74.704488457573817, 35.607690599229635 ], [ 74.710364956325989, 35.611857265896298 ], [ 74.743801710340733, 35.613142734103761 ], [ 74.752031622992646, 35.62019059922963 ], [ 74.756301710340736, 35.621476067437101 ], [ 74.760364956325986, 35.6243572658963 ], [ 74.774302164713575, 35.625778876410621 ], [ 74.775, 35.641666666666701 ], [ 74.7916666666667, 35.641666666666701 ], [ 74.795065138075117, 35.64069502088762 ], [ 74.796627468533018, 35.629960801866353 ], [ 74.806326802571647, 35.62854902479387 ], [ 74.81867319742841, 35.617284308539531 ], [ 74.822993469238313, 35.616049024793867 ], [ 74.82700653076175, 35.613117641872861 ], [ 74.833333333333357, 35.6125 ], [ 74.833333333333357, 35.6 ], [ 74.834301079644121, 35.596229214138489 ], [ 74.839456176757835, 35.592233954535622 ], [ 74.84498257107208, 35.590815734863313 ], [ 74.84668409559464, 35.584184265136749 ], [ 74.852210489908884, 35.582766045464439 ], [ 74.856122843424515, 35.579733954535619 ], [ 74.862103949652806, 35.578198920355931 ], [ 74.867233954535621, 35.571579996744823 ], [ 74.865927802191862, 35.563379753960533 ], [ 74.8625, 35.5625 ], [ 74.863467746310789, 35.558729214138488 ], [ 74.868622843424504, 35.554733954535621 ], [ 74.874149237738749, 35.553315734863311 ], [ 74.875905693901942, 35.546470981174075 ], [ 74.894839477539094, 35.545201449924079 ], [ 74.903599378797779, 35.535543823242222 ], [ 74.905134412977461, 35.529562547471819 ], [ 74.910289510091175, 35.525567287868952 ], [ 74.927210489908887, 35.524432712131109 ], [ 74.939456176757844, 35.513067287868957 ], [ 74.945250447591178, 35.511580234103761 ], [ 74.953599378797776, 35.502210489908883 ], [ 74.954733954535627, 35.497789510091174 ], [ 74.957766045464439, 35.49387715657555 ], [ 74.958900621202289, 35.485289510091178 ], [ 74.961932712131102, 35.481377156575554 ], [ 74.9625, 35.4791666666667 ], [ 74.964924452039966, 35.478813340928852 ], [ 74.968408881293428, 35.475353325737878 ], [ 74.981591118706632, 35.474646674262182 ], [ 74.98578694661461, 35.470480007595519 ], [ 74.994091118706621, 35.471186659071208 ], [ 74.997575547960096, 35.474646674262182 ], [ 75.0, 35.475 ], [ 75.003770616319471, 35.474032253689266 ], [ 75.007766045464436, 35.468877156575552 ], [ 75.009184095594648, 35.463350931803419 ], [ 75.015958319769993, 35.461612616644999 ], [ 75.017233954535627, 35.451956176757847 ], [ 75.020266045464439, 35.448043823242216 ], [ 75.021537611219642, 35.438419426812096 ], [ 75.026956176757849, 35.433900621202284 ], [ 75.054166666666703, 35.433333333333366 ], [ 75.057482571072086, 35.432482401529981 ], [ 75.058900621202284, 35.426956176757841 ], [ 75.066099378797773, 35.418877156575547 ], [ 75.066666666666691, 35.4166666666667 ], [ 75.086685858832496, 35.416009860568607 ], [ 75.088117472330765, 35.406173197428416 ], [ 75.095215861002629, 35.397993469238308 ], [ 75.096759711371561, 35.392593044704888 ], [ 75.104241265191007, 35.390454101562533 ], [ 75.099382527669306, 35.383802456325988 ], [ 75.101688639322944, 35.378893534342481 ], [ 75.106173027886314, 35.375617641872857 ], [ 75.111573621961838, 35.374073621961834 ], [ 75.113658650716175, 35.366780598958364 ], [ 75.118673027886317, 35.363117641872861 ], [ 75.122993638780414, 35.361882358127197 ], [ 75.131173027886319, 35.354784308539529 ], [ 75.135493638780417, 35.353549024793864 ], [ 75.141197374131977, 35.349382358127201 ], [ 75.147993638780406, 35.350617641872859 ], [ 75.152006361219648, 35.353549024793864 ], [ 75.1666666666667, 35.3541666666667 ], [ 75.167019992404548, 35.351742214626768 ], [ 75.171186659071211, 35.347546217176678 ], [ 75.170480007595515, 35.330908881293432 ], [ 75.166313340928852, 35.326712883843342 ], [ 75.167019992404548, 35.322575547960099 ], [ 75.170480007595515, 35.319091118706623 ], [ 75.171186659071211, 35.314242214626766 ], [ 75.179519992404551, 35.305882263183619 ], [ 75.178813340928855, 35.280908881293435 ], [ 75.175353325737873, 35.277424452039959 ], [ 75.175, 35.266666666666694 ], [ 75.175567287868958, 35.26445617675784 ], [ 75.179153442382841, 35.259829033745689 ], [ 75.173043823242224, 35.254733954535617 ], [ 75.167327880859403, 35.253267076280409 ], [ 75.1666666666667, 35.245833333333366 ], [ 75.167233954535618, 35.239456176757841 ], [ 75.170266045464444, 35.235543823242217 ], [ 75.171494547526066, 35.221732923719649 ], [ 75.177210489908887, 35.220266045464442 ], [ 75.207293023003501, 35.191099378797773 ], [ 75.218877156575559, 35.192233954535617 ], [ 75.222789510091175, 35.195266045464436 ], [ 75.231377156575547, 35.196400621202287 ], [ 75.235289510091178, 35.199432712131106 ], [ 75.2375, 35.2 ], [ 75.237853325737873, 35.180908881293433 ], [ 75.241313340928855, 35.177424452039958 ], [ 75.242019992404551, 35.164242214626768 ], [ 75.245480007595518, 35.160757785373292 ], [ 75.245833333333366, 35.15833333333336 ], [ 75.244982571072086, 35.155017428927977 ], [ 75.239456176757841, 35.153599378797772 ], [ 75.231377156575547, 35.146400621202282 ], [ 75.225396050347257, 35.144865587022601 ], [ 75.221301947699686, 35.139583333333363 ], [ 75.225567287868955, 35.134079996744816 ], [ 75.224432712131104, 35.131122843424507 ], [ 75.217233954535615, 35.123043823242213 ], [ 75.216666666666697, 35.116666666666696 ], [ 75.216666666666697, 35.108333333333363 ], [ 75.208333333333371, 35.108333333333363 ], [ 75.204166666666694, 35.108333333333363 ], [ 75.203315904405414, 35.105017428927979 ], [ 75.197789510091184, 35.103599378797767 ], [ 75.193877156575553, 35.100567287868948 ], [ 75.191666666666691, 35.1 ], [ 75.192019992404539, 35.097575547960098 ], [ 75.195480007595521, 35.094091118706622 ], [ 75.195833333333368, 35.091666666666697 ], [ 75.196400621202287, 35.085289510091172 ], [ 75.203599378797776, 35.077210489908879 ], [ 75.205017428927988, 35.071684095594648 ], [ 75.212103949652814, 35.069865587022598 ], [ 75.216198052300385, 35.06458333333336 ], [ 75.213067287868952, 35.060543823242213 ], [ 75.211932712131102, 35.056122843424504 ], [ 75.208900621202289, 35.05221048990888 ], [ 75.207629055447086, 35.042586263020858 ], [ 75.202210489908879, 35.038067287868948 ], [ 75.2, 35.0375 ], [ 75.200850762261311, 35.034184095594647 ], [ 75.206377156575556, 35.032766045464435 ], [ 75.210289510091172, 35.029733954535615 ], [ 75.219904242621553, 35.028463745117215 ], [ 75.228599378797782, 35.018877156575549 ], [ 75.2291666666667, 35.0125 ], [ 75.225661214192741, 35.011600409613742 ], [ 75.224432712131104, 34.997789510091174 ], [ 75.216083780924507, 34.988419596354191 ], [ 75.209184095594651, 34.986649237738739 ], [ 75.207766045464439, 34.981122843424508 ], [ 75.20056728786895, 34.973043823242215 ], [ 75.199432712131113, 34.961562771267388 ], [ 75.207766045464439, 34.952210489908879 ], [ 75.208900621202289, 34.949040391710099 ], [ 75.199070909288224, 34.938202921549504 ], [ 75.189456176757844, 34.936932712131103 ], [ 75.185543823242213, 34.933900621202284 ], [ 75.181122843424504, 34.932766045464433 ], [ 75.177083333333371, 34.929635281033015 ], [ 75.173043823242224, 34.932766045464433 ], [ 75.1666666666667, 34.933333333333358 ], [ 75.163350762261317, 34.932482571072072 ], [ 75.1625, 34.929166666666696 ], [ 75.155066257052979, 34.928505452473985 ], [ 75.153599378797779, 34.922789510091171 ], [ 75.149603949652814, 34.917634412977456 ], [ 75.143622843424509, 34.916099378797767 ], [ 75.139710489908879, 34.913067287868948 ], [ 75.118622843424504, 34.911932712131104 ], [ 75.110543823242224, 34.904733954535615 ], [ 75.108333333333363, 34.90416666666669 ], [ 75.1041666666667, 34.90416666666669 ], [ 75.089242214626765, 34.903813340928849 ], [ 75.079524400499167, 34.894121636284751 ], [ 75.079166666666694, 34.891666666666694 ], [ 75.078813340928846, 34.880908881293429 ], [ 75.071186659071216, 34.873257785373291 ], [ 75.070480007595521, 34.868408881293426 ], [ 75.066681247287363, 34.864583333333357 ], [ 75.071186659071216, 34.860046386718778 ], [ 75.070480007595521, 34.855908881293431 ], [ 75.066681247287363, 34.852083333333361 ], [ 75.070480007595521, 34.848257785373292 ], [ 75.070833333333368, 34.84166666666669 ], [ 75.070209757487007, 34.830075751410618 ], [ 75.063350762261308, 34.828315904405407 ], [ 75.0625, 34.825 ], [ 75.055908881293433, 34.825353325737872 ], [ 75.052424452039958, 34.828813340928846 ], [ 75.047575547960093, 34.829519992404542 ], [ 75.044091118706632, 34.832980007595509 ], [ 75.039242214626768, 34.833686659071205 ], [ 75.035757785373292, 34.837146674262179 ], [ 75.010786946614616, 34.837853325737875 ], [ 75.006591118706623, 34.833686659071205 ], [ 75.004166666666691, 34.833333333333357 ], [ 75.003510877821213, 34.825959947374159 ], [ 74.998043823242213, 34.82140062120228 ], [ 74.985289510091178, 34.820266045464436 ], [ 74.981377156575547, 34.817233954535617 ], [ 74.975850762261317, 34.815815904405405 ], [ 74.97410040961374, 34.808994547526069 ], [ 74.966666666666697, 34.808333333333358 ], [ 74.966311984592039, 34.801714409722244 ], [ 74.955882771809925, 34.791313340928845 ], [ 74.951742214626762, 34.792019992404541 ], [ 74.9479166666667, 34.795818752712698 ], [ 74.944091118706623, 34.792019992404541 ], [ 74.939209662543433, 34.791308593750024 ], [ 74.933686659071213, 34.785757785373292 ], [ 74.932975260416697, 34.780876329210095 ], [ 74.927424452039958, 34.775353325737875 ], [ 74.9166666666667, 34.775 ], [ 74.913483005099863, 34.775983005099853 ], [ 74.91184455023874, 34.781288994683187 ], [ 74.904822116427979, 34.789544338650202 ], [ 74.903410508897593, 34.807577175564262 ], [ 74.884393649631107, 34.809065755208358 ], [ 74.882297770182319, 34.815854220920166 ], [ 74.872877671983531, 34.817322116427974 ], [ 74.864622328016523, 34.824344550238742 ], [ 74.853920830620694, 34.825655449761314 ], [ 74.847955661349857, 34.821488783094644 ], [ 74.83691847059464, 34.820177883572072 ], [ 74.826263427734403, 34.829241943359399 ], [ 74.825, 34.833333333333357 ], [ 74.818408881293436, 34.833686659071205 ], [ 74.814924452039961, 34.837146674262179 ], [ 74.810075547960096, 34.837853325737875 ], [ 74.806591118706621, 34.841313340928842 ], [ 74.801742214626771, 34.842019992404538 ], [ 74.797916666666694, 34.845818752712702 ], [ 74.794091118706632, 34.842019992404538 ], [ 74.785075547960105, 34.841313340928842 ], [ 74.781591118706629, 34.837853325737875 ], [ 74.772575547960102, 34.837146674262179 ], [ 74.767024739583363, 34.831623670789959 ], [ 74.766666666666694, 34.829166666666694 ], [ 74.747575547960096, 34.829519992404542 ], [ 74.735757785373295, 34.841313340928842 ], [ 74.733333333333363, 34.84166666666669 ], [ 74.732980007595515, 34.852424452039955 ], [ 74.729519992404548, 34.855908881293431 ], [ 74.7291666666667, 34.858333333333363 ], [ 74.718408881293428, 34.857980007595515 ], [ 74.714924452039952, 34.854519992404541 ], [ 74.710785590277808, 34.853813340928845 ], [ 74.704522365993952, 34.860045369466171 ], [ 74.703813340928846, 34.869091118706621 ], [ 74.698290167914521, 34.87464192708336 ], [ 74.695833333333354, 34.875 ], [ 74.691666666666691, 34.875 ], [ 74.691099378797773, 34.877210489908883 ], [ 74.687104119194913, 34.882365587022598 ], [ 74.680017598470073, 34.884184095594641 ], [ 74.67859937879777, 34.889710489908879 ], [ 74.67460411919491, 34.894865587022593 ], [ 74.668622843424501, 34.896400621202282 ], [ 74.664710489908884, 34.899432712131102 ], [ 74.657586669921898, 34.900567287868952 ], [ 74.652074517144129, 34.896295166015648 ], [ 74.643877156575542, 34.903599378797772 ], [ 74.639456176757847, 34.904733954535615 ], [ 74.635543823242216, 34.907766045464435 ], [ 74.618622843424504, 34.908900621202285 ], [ 74.614710489908887, 34.911932712131104 ], [ 74.610289510091178, 34.913067287868948 ], [ 74.606377156575547, 34.916099378797767 ], [ 74.603420003255238, 34.917233954535618 ], [ 74.598043823242222, 34.913067287868948 ], [ 74.593622843424512, 34.911932712131104 ], [ 74.589710489908882, 34.908900621202285 ], [ 74.585289510091172, 34.907766045464435 ], [ 74.577210489908879, 34.900567287868952 ], [ 74.575, 34.9 ], [ 74.571684265136739, 34.900850762261314 ], [ 74.570833333333354, 34.90416666666669 ], [ 74.570480007595506, 34.923257785373288 ], [ 74.567019992404539, 34.926742214626763 ], [ 74.566666666666691, 34.929166666666696 ], [ 74.567019992404539, 34.935757785373291 ], [ 74.570480007595506, 34.939242214626759 ], [ 74.571186659071202, 34.943379720052107 ], [ 74.566681247287349, 34.947916666666693 ], [ 74.570480007595506, 34.951742214626762 ], [ 74.571186659071202, 34.960046386718773 ], [ 74.566680569118944, 34.964584011501763 ], [ 74.574646674262183, 34.972575547960098 ], [ 74.575353325737879, 34.977424452039955 ], [ 74.579152086046037, 34.98125 ], [ 74.575013902452284, 34.985417344835099 ], [ 74.582980007595509, 34.993408881293426 ], [ 74.583333333333357, 35.0125 ], [ 74.576742214626762, 35.012853325737872 ], [ 74.5729166666667, 35.016652086046037 ], [ 74.569091118706623, 35.012853325737872 ], [ 74.55662044949004, 35.012146674262183 ], [ 74.552424452039958, 35.016313340928846 ], [ 74.547575547960093, 35.017019992404542 ], [ 74.537854003906276, 35.026715426974853 ], [ 74.537146674262175, 35.051713053385441 ], [ 74.541313340928852, 35.055908881293433 ], [ 74.5416666666667, 35.0625 ], [ 74.539456176757838, 35.063067287868954 ], [ 74.527210489908882, 35.074432712131106 ], [ 74.521684265136741, 35.075850762261311 ], [ 74.520266045464439, 35.081377156575549 ], [ 74.517233954535612, 35.085289510091172 ], [ 74.516666666666694, 35.091666666666697 ] ] ] ] } },
{ "type": "Feature", "properties": { "HYBAS_ID": 4070595920, "NEXT_DOWN": 4070600450, "NEXT_SINK": 4070033640, "MAIN_BAS": 4070033640, "DIST_SINK": 2176.3, "DIST_MAIN": 2176.3, "SUB_AREA": 1042.6, "UP_AREA": 172909.2, "PFAF_ID": 4567050, "ENDO": 0, "COAST": 0, "ORDER": 1, "SORT": 5923, "areakm2": 1042.68 }, "geometry": { "type": "MultiPolygon", "coordinates": [ [ [ [ 74.4, 35.79583333333337 ], [ 74.406591118706629, 35.796186659071211 ], [ 74.418408881293431, 35.807980007595518 ], [ 74.423257785373295, 35.808686659071213 ], [ 74.426742214626756, 35.812146674262188 ], [ 74.439924452039961, 35.812853325737883 ], [ 74.447575547960099, 35.820480007595521 ], [ 74.466666666666697, 35.820833333333368 ], [ 74.469091118706629, 35.820480007595521 ], [ 74.472575547960091, 35.817019992404546 ], [ 74.477424452039955, 35.816313340928851 ], [ 74.480908881293431, 35.812853325737883 ], [ 74.502424452039961, 35.812146674262188 ], [ 74.510075547960099, 35.804519992404551 ], [ 74.514924452039963, 35.803813340928855 ], [ 74.518408881293425, 35.800353325737881 ], [ 74.523257785373289, 35.799646674262185 ], [ 74.526742214626765, 35.796186659071211 ], [ 74.531591118706629, 35.795480007595522 ], [ 74.539242214626768, 35.787853325737878 ], [ 74.544123501247853, 35.787141927083368 ], [ 74.549646674262178, 35.781591118706629 ], [ 74.550353325737873, 35.776742214626772 ], [ 74.562146674262181, 35.764924452039963 ], [ 74.562858072916697, 35.760043165418871 ], [ 74.568408881293436, 35.754519992404546 ], [ 74.573257785373286, 35.753813340928851 ], [ 74.576742214626762, 35.750353325737883 ], [ 74.581591118706626, 35.749646674262188 ], [ 74.589242214626765, 35.742019992404543 ], [ 74.59412350124785, 35.741308593750034 ], [ 74.599646674262175, 35.735757785373295 ], [ 74.6, 35.733333333333363 ], [ 74.602424452039955, 35.733686659071211 ], [ 74.605908881293431, 35.737146674262185 ], [ 74.610757785373295, 35.737853325737881 ], [ 74.618408881293433, 35.745480007595518 ], [ 74.629166666666691, 35.745833333333366 ], [ 74.629166666666691, 35.741666666666703 ], [ 74.62952473958336, 35.739209832085535 ], [ 74.635075547960099, 35.733686659071211 ], [ 74.639924452039963, 35.732980007595522 ], [ 74.643750678168431, 35.729180569118959 ], [ 74.651742214626765, 35.737146674262185 ], [ 74.660757785373292, 35.737853325737881 ], [ 74.664242214626768, 35.741313340928855 ], [ 74.669091118706618, 35.742019992404543 ], [ 74.672575547960093, 35.745480007595518 ], [ 74.704166666666694, 35.745833333333366 ], [ 74.704519992404542, 35.714242214626772 ], [ 74.707980007595509, 35.710757785373296 ], [ 74.708686659071205, 35.701742214626769 ], [ 74.716313340928849, 35.694091118706631 ], [ 74.716666666666697, 35.675 ], [ 74.717024400499156, 35.672545539008276 ], [ 74.730908881293431, 35.658686659071215 ], [ 74.735757785373295, 35.657980007595519 ], [ 74.739242214626771, 35.654519992404545 ], [ 74.748257785373298, 35.653813340928849 ], [ 74.751742214626759, 35.650353325737882 ], [ 74.769119940863746, 35.649645487467481 ], [ 74.774646674262186, 35.644091118706626 ], [ 74.775, 35.641666666666701 ], [ 74.774302164713575, 35.625778876410621 ], [ 74.760364956325986, 35.6243572658963 ], [ 74.756301710340736, 35.621476067437101 ], [ 74.752031622992646, 35.62019059922963 ], [ 74.743801710340733, 35.613142734103761 ], [ 74.710364956325989, 35.611857265896298 ], [ 74.704488457573817, 35.607690599229635 ], [ 74.702031622992649, 35.608976067437098 ], [ 74.696155124240477, 35.613142734103761 ], [ 74.693698289659309, 35.611857265896298 ], [ 74.689635043674073, 35.608976067437098 ], [ 74.672864956325981, 35.607690599229635 ], [ 74.656301710340742, 35.592309400770432 ], [ 74.645656670464433, 35.590687391493084 ], [ 74.650642734103755, 35.583655124240479 ], [ 74.649237230089, 35.571858215332064 ], [ 74.645833333333357, 35.570833333333368 ], [ 74.606122843424501, 35.571400621202287 ], [ 74.602210489908884, 35.574432712131106 ], [ 74.599253336588575, 35.575567287868957 ], [ 74.593877156575545, 35.571400621202287 ], [ 74.578420003255232, 35.570266045464443 ], [ 74.573043823242216, 35.574432712131106 ], [ 74.560289510091167, 35.575567287868957 ], [ 74.55637715657555, 35.578599378797776 ], [ 74.551956176757841, 35.579733954535619 ], [ 74.546970452202714, 35.583597988552548 ], [ 74.545833333333363, 35.579166666666701 ], [ 74.5416666666667, 35.579166666666701 ], [ 74.539242214626768, 35.579519992404542 ], [ 74.535416666666691, 35.583318752712707 ], [ 74.531591118706629, 35.579519992404542 ], [ 74.518408881293425, 35.578813340928853 ], [ 74.514924452039963, 35.575353325737879 ], [ 74.485075547960093, 35.574646674262183 ], [ 74.473257785373292, 35.562853325737876 ], [ 74.468408881293428, 35.562146674262181 ], [ 74.464924452039952, 35.558686659071213 ], [ 74.4625, 35.558333333333366 ], [ 74.461649068196635, 35.561649068196644 ], [ 74.456122843424509, 35.563067287868954 ], [ 74.452210489908879, 35.566099378797773 ], [ 74.439456176757844, 35.567233954535624 ], [ 74.435543823242213, 35.570266045464443 ], [ 74.426956176757841, 35.571400621202287 ], [ 74.42304382324221, 35.574432712131106 ], [ 74.418622843424501, 35.575567287868957 ], [ 74.410543823242207, 35.582766045464439 ], [ 74.40833333333336, 35.583333333333364 ], [ 74.407766045464442, 35.581122843424509 ], [ 74.404733954535615, 35.577210489908886 ], [ 74.403315734863313, 35.571684265136753 ], [ 74.4, 35.570833333333368 ], [ 74.4, 35.566666666666698 ], [ 74.379166666666691, 35.566666666666698 ], [ 74.378599378797773, 35.573043823242216 ], [ 74.363067287868944, 35.589456176757842 ], [ 74.361689080132408, 35.594826592339444 ], [ 74.357586669921901, 35.596400621202292 ], [ 74.352210489908884, 35.592233954535622 ], [ 74.340920003255235, 35.591099378797772 ], [ 74.335543823242219, 35.595266045464442 ], [ 74.330017598470079, 35.596684265136751 ], [ 74.328599378797762, 35.602210489908884 ], [ 74.320250447591164, 35.611580234103762 ], [ 74.313350931803413, 35.613350931803417 ], [ 74.311649068196644, 35.619982401529981 ], [ 74.308333333333351, 35.620833333333366 ], [ 74.304166666666688, 35.620833333333366 ], [ 74.301742214626756, 35.621186659071213 ], [ 74.298257785373295, 35.624646674262188 ], [ 74.293408881293431, 35.625353325737876 ], [ 74.281591118706615, 35.637146674262183 ], [ 74.264951070149763, 35.637853325737879 ], [ 74.256591118706623, 35.629519992404546 ], [ 74.254166666666691, 35.629166666666698 ], [ 74.245833333333351, 35.629166666666698 ], [ 74.239456176757841, 35.629733954535624 ], [ 74.23554382324221, 35.632766045464443 ], [ 74.23001759847007, 35.634184265136753 ], [ 74.228599378797767, 35.639710489908886 ], [ 74.224604119194908, 35.644865587022601 ], [ 74.217517598470081, 35.646684265136749 ], [ 74.216099378797765, 35.652210489908889 ], [ 74.213067287868952, 35.656122843424512 ], [ 74.2125, 35.6625 ], [ 74.209184265136741, 35.663350931803414 ], [ 74.208333333333357, 35.6666666666667 ], [ 74.193408881293422, 35.667019992404548 ], [ 74.183691067165825, 35.676711527506541 ], [ 74.182980007595503, 35.681591118706628 ], [ 74.179519992404536, 35.685075547960103 ], [ 74.178813340928841, 35.694091118706631 ], [ 74.175353325737873, 35.697575547960099 ], [ 74.174646674262178, 35.706591118706626 ], [ 74.169123501247853, 35.712141927083366 ], [ 74.164242214626753, 35.712853325737882 ], [ 74.160757785373292, 35.716313340928849 ], [ 74.15833333333336, 35.716666666666697 ], [ 74.157980007595512, 35.719091118706629 ], [ 74.154181247287354, 35.722916666666698 ], [ 74.157980007595512, 35.726742214626768 ], [ 74.158691406250028, 35.73162350124786 ], [ 74.164242214626753, 35.737146674262185 ], [ 74.170833333333363, 35.7375 ], [ 74.17429148356122, 35.738387383355068 ], [ 74.175708516438831, 35.749112616645 ], [ 74.18137715657555, 35.750567287868954 ], [ 74.19778951009117, 35.766099378797776 ], [ 74.202210489908879, 35.767233954535627 ], [ 74.206122843424509, 35.770266045464446 ], [ 74.210543823242205, 35.771400621202289 ], [ 74.219648573133711, 35.779513380262621 ], [ 74.221400621202278, 35.784079996744822 ], [ 74.217135450575114, 35.789583333333368 ], [ 74.220266045464427, 35.793622843424515 ], [ 74.221400621202278, 35.798043823242224 ], [ 74.224432712131104, 35.801956176757848 ], [ 74.225567287868941, 35.804913330078158 ], [ 74.221302117241777, 35.810416666666697 ], [ 74.224432712131104, 35.814456176757844 ], [ 74.225, 35.820833333333368 ], [ 74.231591118706618, 35.820480007595521 ], [ 74.235787116156715, 35.816313340928851 ], [ 74.244091118706621, 35.817019992404546 ], [ 74.248287116156703, 35.821186659071216 ], [ 74.256591118706623, 35.820480007595521 ], [ 74.260075547960099, 35.817019992404546 ], [ 74.269091118706626, 35.816313340928851 ], [ 74.272575547960088, 35.812853325737883 ], [ 74.291666666666686, 35.8125 ], [ 74.302424452039958, 35.812146674262188 ], [ 74.30662044949004, 35.807980007595518 ], [ 74.314924452039961, 35.808686659071213 ], [ 74.319120449490043, 35.812853325737883 ], [ 74.331591118706626, 35.812146674262188 ], [ 74.335075547960088, 35.808686659071213 ], [ 74.339924452039952, 35.807980007595518 ], [ 74.343408881293428, 35.804519992404551 ], [ 74.35, 35.804166666666703 ], [ 74.364924452039958, 35.803813340928855 ], [ 74.368408881293433, 35.800353325737881 ], [ 74.381591118706623, 35.799646674262185 ], [ 74.385075547960099, 35.796186659071211 ], [ 74.4, 35.79583333333337 ] ] ] ] } },
{ "type": "Feature", "properties": { "HYBAS_ID": 4070590440, "NEXT_DOWN": 4070595920, "NEXT_SINK": 4070033640, "MAIN_BAS": 4070033640, "DIST_SINK": 2201.7, "DIST_MAIN": 2201.7, "SUB_AREA": 4447.0, "UP_AREA": 144497.9, "PFAF_ID": 4567070, "ENDO": 0, "COAST": 0, "ORDER": 1, "SORT": 5924, "areakm2": 4447.2 }, "geometry": { "type": "MultiPolygon", "coordinates": [ [ [ [ 75.533333333333374, 35.170833333333363 ], [ 75.532766045464442, 35.173043823242217 ], [ 75.524070909288227, 35.182630411783883 ], [ 75.513387383355067, 35.184041849772164 ], [ 75.5125, 35.1875 ], [ 75.506085205078165, 35.186970520019557 ], [ 75.502248128255246, 35.18386281331383 ], [ 75.489418538411499, 35.182803853352894 ], [ 75.485581461588581, 35.17969614664716 ], [ 75.465726047092048, 35.178637186686224 ], [ 75.45933261447486, 35.183815341525637 ], [ 75.454939100477461, 35.182446967230931 ], [ 75.454166666666694, 35.179166666666696 ], [ 75.426742214626771, 35.178813340928848 ], [ 75.423257785373295, 35.175353325737873 ], [ 75.410786946614621, 35.174646674262178 ], [ 75.406591118706629, 35.178813340928848 ], [ 75.394117567274336, 35.179519992404543 ], [ 75.385417344835105, 35.170847235785615 ], [ 75.381591118706623, 35.174646674262178 ], [ 75.369117567274344, 35.175353325737873 ], [ 75.360417344835099, 35.166680569118952 ], [ 75.356591118706632, 35.170480007595515 ], [ 75.347575547960105, 35.171186659071211 ], [ 75.344091118706629, 35.174646674262178 ], [ 75.325, 35.175 ], [ 75.314242214626773, 35.174646674262178 ], [ 75.310757785373298, 35.171186659071211 ], [ 75.29828694661461, 35.170480007595515 ], [ 75.294091118706632, 35.174646674262178 ], [ 75.289952256944474, 35.175353325737873 ], [ 75.283691406250028, 35.16912350124786 ], [ 75.282980007595512, 35.164242214626768 ], [ 75.277457004123292, 35.158691406250028 ], [ 75.275, 35.15833333333336 ], [ 75.270833333333371, 35.15833333333336 ], [ 75.245833333333366, 35.15833333333336 ], [ 75.245480007595518, 35.160757785373292 ], [ 75.242019992404551, 35.164242214626768 ], [ 75.241313340928855, 35.177424452039958 ], [ 75.237853325737873, 35.180908881293433 ], [ 75.2375, 35.2 ], [ 75.235289510091178, 35.199432712131106 ], [ 75.231377156575547, 35.196400621202287 ], [ 75.222789510091175, 35.195266045464436 ], [ 75.218877156575559, 35.192233954535617 ], [ 75.207293023003501, 35.191099378797773 ], [ 75.177210489908887, 35.220266045464442 ], [ 75.171494547526066, 35.221732923719649 ], [ 75.170266045464444, 35.235543823242217 ], [ 75.167233954535618, 35.239456176757841 ], [ 75.1666666666667, 35.245833333333366 ], [ 75.167327880859403, 35.253267076280409 ], [ 75.173043823242224, 35.254733954535617 ], [ 75.179153442382841, 35.259829033745689 ], [ 75.175567287868958, 35.26445617675784 ], [ 75.175, 35.266666666666694 ], [ 75.175353325737873, 35.277424452039959 ], [ 75.178813340928855, 35.280908881293435 ], [ 75.179519992404551, 35.305882263183619 ], [ 75.171186659071211, 35.314242214626766 ], [ 75.170480007595515, 35.319091118706623 ], [ 75.167019992404548, 35.322575547960099 ], [ 75.166313340928852, 35.326712883843342 ], [ 75.170480007595515, 35.330908881293432 ], [ 75.171186659071211, 35.347546217176678 ], [ 75.167019992404548, 35.351742214626768 ], [ 75.1666666666667, 35.3541666666667 ], [ 75.152006361219648, 35.353549024793864 ], [ 75.147993638780406, 35.350617641872859 ], [ 75.141197374131977, 35.349382358127201 ], [ 75.135493638780417, 35.353549024793864 ], [ 75.131173027886319, 35.354784308539529 ], [ 75.122993638780414, 35.361882358127197 ], [ 75.118673027886317, 35.363117641872861 ], [ 75.113658650716175, 35.366780598958364 ], [ 75.111573621961838, 35.374073621961834 ], [ 75.106173027886314, 35.375617641872857 ], [ 75.101688639322944, 35.378893534342481 ], [ 75.099382527669306, 35.383802456325988 ], [ 75.104241265191007, 35.390454101562533 ], [ 75.096759711371561, 35.392593044704888 ], [ 75.095215861002629, 35.397993469238308 ], [ 75.088117472330765, 35.406173197428416 ], [ 75.086685858832496, 35.416009860568607 ], [ 75.066666666666691, 35.4166666666667 ], [ 75.066099378797773, 35.418877156575547 ], [ 75.058900621202284, 35.426956176757841 ], [ 75.057482571072086, 35.432482401529981 ], [ 75.054166666666703, 35.433333333333366 ], [ 75.026956176757849, 35.433900621202284 ], [ 75.021537611219642, 35.438419426812096 ], [ 75.020266045464439, 35.448043823242216 ], [ 75.017233954535627, 35.451956176757847 ], [ 75.015958319769993, 35.461612616644999 ], [ 75.009184095594648, 35.463350931803419 ], [ 75.007766045464436, 35.468877156575552 ], [ 75.003770616319471, 35.474032253689266 ], [ 75.0, 35.475 ], [ 74.997575547960096, 35.474646674262182 ], [ 74.994091118706621, 35.471186659071208 ], [ 74.98578694661461, 35.470480007595519 ], [ 74.981591118706632, 35.474646674262182 ], [ 74.968408881293428, 35.475353325737878 ], [ 74.964924452039966, 35.478813340928852 ], [ 74.9625, 35.4791666666667 ], [ 74.961932712131102, 35.481377156575554 ], [ 74.958900621202289, 35.485289510091178 ], [ 74.957766045464439, 35.49387715657555 ], [ 74.954733954535627, 35.497789510091174 ], [ 74.953599378797776, 35.502210489908883 ], [ 74.945250447591178, 35.511580234103761 ], [ 74.939456176757844, 35.513067287868957 ], [ 74.927210489908887, 35.524432712131109 ], [ 74.910289510091175, 35.525567287868952 ], [ 74.905134412977461, 35.529562547471819 ], [ 74.903599378797779, 35.535543823242222 ], [ 74.894839477539094, 35.545201449924079 ], [ 74.875905693901942, 35.546470981174075 ], [ 74.874149237738749, 35.553315734863311 ], [ 74.868622843424504, 35.554733954535621 ], [ 74.863467746310789, 35.558729214138488 ], [ 74.8625, 35.5625 ], [ 74.865927802191862, 35.563379753960533 ], [ 74.867233954535621, 35.571579996744823 ], [ 74.862103949652806, 35.578198920355931 ], [ 74.856122843424515, 35.579733954535619 ], [ 74.852210489908884, 35.582766045464439 ], [ 74.84668409559464, 35.584184265136749 ], [ 74.84498257107208, 35.590815734863313 ], [ 74.839456176757835, 35.592233954535622 ], [ 74.834301079644121, 35.596229214138489 ], [ 74.833333333333357, 35.6 ], [ 74.833333333333357, 35.6125 ], [ 74.82700653076175, 35.613117641872861 ], [ 74.822993469238313, 35.616049024793867 ], [ 74.81867319742841, 35.617284308539531 ], [ 74.806326802571647, 35.62854902479387 ], [ 74.796627468533018, 35.629960801866353 ], [ 74.795065138075117, 35.64069502088762 ], [ 74.7916666666667, 35.641666666666701 ], [ 74.775, 35.641666666666701 ], [ 74.774646674262186, 35.644091118706626 ], [ 74.769119940863746, 35.649645487467481 ], [ 74.751742214626759, 35.650353325737882 ], [ 74.748257785373298, 35.653813340928849 ], [ 74.739242214626771, 35.654519992404545 ], [ 74.735757785373295, 35.657980007595519 ], [ 74.730908881293431, 35.658686659071215 ], [ 74.717024400499156, 35.672545539008276 ], [ 74.716666666666697, 35.675 ], [ 74.716313340928849, 35.694091118706631 ], [ 74.708686659071205, 35.701742214626769 ], [ 74.707980007595509, 35.710757785373296 ], [ 74.704519992404542, 35.714242214626772 ], [ 74.704166666666694, 35.745833333333366 ], [ 74.672575547960093, 35.745480007595518 ], [ 74.669091118706618, 35.742019992404543 ], [ 74.664242214626768, 35.741313340928855 ], [ 74.660757785373292, 35.737853325737881 ], [ 74.651742214626765, 35.737146674262185 ], [ 74.643750678168431, 35.729180569118959 ], [ 74.639924452039963, 35.732980007595522 ], [ 74.635075547960099, 35.733686659071211 ], [ 74.62952473958336, 35.739209832085535 ], [ 74.629166666666691, 35.741666666666703 ], [ 74.629166666666691, 35.745833333333366 ], [ 74.629166666666691, 35.75 ], [ 74.632623630099857, 35.75098843044708 ], [ 74.63395097520619, 35.765667046441003 ], [ 74.622839864095084, 35.76728430853953 ], [ 74.609011501736134, 35.780023701985712 ], [ 74.607715691460527, 35.804635789659322 ], [ 74.611882358127204, 35.810339864095084 ], [ 74.613117641872861, 35.81882680257165 ], [ 74.616049024793867, 35.822839864095087 ], [ 74.617284308539524, 35.825736660427552 ], [ 74.608950975206184, 35.835339864095083 ], [ 74.607715691460527, 35.862969122992652 ], [ 74.611882358127204, 35.868673197428421 ], [ 74.613117641872861, 35.872993469238317 ], [ 74.621130032009575, 35.882226901584232 ], [ 74.627160135904973, 35.883950975206197 ], [ 74.636393568250895, 35.891963365342917 ], [ 74.638117641872853, 35.897993469238315 ], [ 74.641049024793858, 35.902006530761753 ], [ 74.641666666666694, 35.904166666666697 ], [ 74.641313340928846, 35.906591118706629 ], [ 74.633686659071202, 35.914242214626768 ], [ 74.633333333333354, 35.9166666666667 ], [ 74.633333333333354, 35.958333333333371 ], [ 74.635543823242216, 35.958900621202289 ], [ 74.639456176757847, 35.961932712131109 ], [ 74.649112616644999, 35.96320851643884 ], [ 74.650567287868952, 35.968877156575559 ], [ 74.653599378797765, 35.972789510091182 ], [ 74.655066257052979, 35.978505452473996 ], [ 74.668877156575547, 35.979733954535625 ], [ 74.672789510091178, 35.982766045464444 ], [ 74.677210489908887, 35.983900621202295 ], [ 74.686580234103758, 35.992249552408886 ], [ 74.688067287868947, 35.99804382324222 ], [ 74.691099378797773, 36.001956176757844 ], [ 74.692517598470076, 36.007482401529984 ], [ 74.698043823242216, 36.008900621202294 ], [ 74.703198920355931, 36.012895880805154 ], [ 74.704733954535612, 36.018877156575556 ], [ 74.713513861762181, 36.028556993272602 ], [ 74.740755038791264, 36.029780917697515 ], [ 74.741666666666688, 36.033333333333353 ], [ 74.745833333333366, 36.033333333333367 ], [ 74.758333333333354, 36.033333333333367 ], [ 74.758686659071202, 36.035757785373299 ], [ 74.766313340928846, 36.043408881293438 ], [ 74.766666666666694, 36.04583333333337 ], [ 74.766666666666694, 36.058333333333351 ], [ 74.777424452039952, 36.057980007595525 ], [ 74.780908881293428, 36.054519992404551 ], [ 74.789924452039955, 36.053813340928855 ], [ 74.793408881293431, 36.050353325737881 ], [ 74.806591118706621, 36.049646674262185 ], [ 74.810787116156718, 36.045480007595522 ], [ 74.819091118706623, 36.046186659071218 ], [ 74.823287116156706, 36.050353325737881 ], [ 74.827424452039963, 36.049646674262185 ], [ 74.830908881293425, 36.046186659071218 ], [ 74.856591118706632, 36.045480007595522 ], [ 74.889242214626762, 36.012853325737879 ], [ 74.891666666666694, 36.0125 ], [ 74.891666666666694, 36.008333333333368 ], [ 74.891666666666694, 36.004166666666698 ], [ 74.892024739583363, 36.001709832085538 ], [ 74.897575547960102, 35.996186659071213 ], [ 74.902424452039966, 35.995480007595518 ], [ 74.905908881293428, 35.992019992404551 ], [ 74.910757785373292, 35.991313340928855 ], [ 74.922575547960093, 35.979519992404548 ], [ 74.927457004123298, 35.978808593750031 ], [ 74.932980007595518, 35.973257785373299 ], [ 74.933686659071213, 35.964242214626772 ], [ 74.937146674262181, 35.960757785373296 ], [ 74.9375, 35.954166666666701 ], [ 74.937146674262181, 35.951742214626769 ], [ 74.932980007595518, 35.947546217176686 ], [ 74.933689371744819, 35.939211866590746 ], [ 74.939242214626759, 35.933686659071213 ], [ 74.944091118706623, 35.932980007595518 ], [ 74.947575547960099, 35.929519992404551 ], [ 74.952457004123289, 35.928808593750034 ], [ 74.957980007595509, 35.923257785373295 ], [ 74.958686659071205, 35.918408881293438 ], [ 74.962146674262186, 35.914924452039962 ], [ 74.962853325737882, 35.910075547960105 ], [ 74.970480007595512, 35.902424452039966 ], [ 74.97083333333336, 35.870833333333366 ], [ 74.973257785373292, 35.871186659071213 ], [ 74.980908881293431, 35.878813340928851 ], [ 74.983333333333363, 35.879166666666698 ], [ 74.99387715657555, 35.87859937879778 ], [ 74.997789510091181, 35.875567287868961 ], [ 75.014710489908879, 35.87443271213111 ], [ 75.026956176757849, 35.863067287868958 ], [ 75.031377156575545, 35.861932712131107 ], [ 75.040503607855939, 35.853800794813402 ], [ 75.042517428927979, 35.861649068196648 ], [ 75.048043823242224, 35.863067287868958 ], [ 75.053420003255241, 35.867233954535621 ], [ 75.06471048990889, 35.866099378797777 ], [ 75.068622843424507, 35.863067287868958 ], [ 75.073043823242216, 35.861932712131107 ], [ 75.076956176757847, 35.858900621202288 ], [ 75.081377156575556, 35.857766045464444 ], [ 75.085289510091172, 35.854733954535625 ], [ 75.1041666666667, 35.8541666666667 ], [ 75.104519992404548, 35.847575547960105 ], [ 75.116313340928855, 35.835757785373296 ], [ 75.117019992404551, 35.830908881293439 ], [ 75.125353325737876, 35.822548929850292 ], [ 75.124646674262181, 35.814242214626766 ], [ 75.120480007595518, 35.810046217176684 ], [ 75.121186659071213, 35.797575547960101 ], [ 75.124646674262181, 35.794091118706632 ], [ 75.125357733832502, 35.789212205674943 ], [ 75.139242214626762, 35.775353325737882 ], [ 75.141666666666694, 35.775 ], [ 75.148257785373289, 35.775353325737882 ], [ 75.151742214626765, 35.778813340928849 ], [ 75.169091118706632, 35.779519992404545 ], [ 75.172575547960108, 35.782980007595519 ], [ 75.175, 35.783333333333367 ], [ 75.175, 35.779166666666697 ], [ 75.175358072916694, 35.776709832085537 ], [ 75.180908881293433, 35.771186659071212 ], [ 75.185757785373298, 35.770480007595516 ], [ 75.189242214626773, 35.767019992404549 ], [ 75.194091118706623, 35.766313340928853 ], [ 75.197575547960099, 35.762853325737879 ], [ 75.219091118706629, 35.762146674262183 ], [ 75.226742214626768, 35.754519992404546 ], [ 75.264924452039963, 35.753813340928851 ], [ 75.277450222439271, 35.741313340928855 ], [ 75.285757785373292, 35.742019992404543 ], [ 75.289953613281284, 35.746186659071213 ], [ 75.298257785373295, 35.745480007595518 ], [ 75.301742214626771, 35.742019992404543 ], [ 75.304166666666703, 35.741666666666703 ], [ 75.306591118706635, 35.741313340928855 ], [ 75.318408881293436, 35.729519992404548 ], [ 75.323257785373301, 35.728813340928852 ], [ 75.335075547960102, 35.717019992404545 ], [ 75.339957004123292, 35.716308593750036 ], [ 75.345480007595512, 35.710757785373296 ], [ 75.346186998155417, 35.672547234429288 ], [ 75.351742214626768, 35.667019992404548 ], [ 75.358333333333363, 35.6666666666667 ], [ 75.358686659071211, 35.664242214626768 ], [ 75.362146674262192, 35.660757785373299 ], [ 75.362853325737873, 35.655908881293435 ], [ 75.370480007595518, 35.648257785373296 ], [ 75.370833333333366, 35.645833333333364 ], [ 75.371684095594645, 35.642517598470086 ], [ 75.37721048990889, 35.641099378797776 ], [ 75.385289510091184, 35.633900621202287 ], [ 75.389710489908893, 35.632766045464443 ], [ 75.393622843424509, 35.629733954535624 ], [ 75.398043823242219, 35.628599378797773 ], [ 75.401956176757849, 35.625567287868954 ], [ 75.407687717013928, 35.624096510145428 ], [ 75.420266045464444, 35.610543823242217 ], [ 75.421400621202295, 35.606122843424508 ], [ 75.424432712131107, 35.602210489908884 ], [ 75.425567287868958, 35.597789510091175 ], [ 75.432766045464447, 35.589710489908889 ], [ 75.433900621202284, 35.585289510091179 ], [ 75.441099378797773, 35.577210489908886 ], [ 75.442233954535624, 35.572789510091177 ], [ 75.44526604546445, 35.568877156575553 ], [ 75.445833333333368, 35.558333333333366 ], [ 75.448257785373301, 35.557980007595518 ], [ 75.468408881293442, 35.537853325737878 ], [ 75.47083333333336, 35.5375 ], [ 75.471186659071208, 35.530908881293435 ], [ 75.474646674262189, 35.527424452039959 ], [ 75.475353325737885, 35.522575547960102 ], [ 75.491313340928855, 35.506591118706631 ], [ 75.491666666666703, 35.504166666666698 ], [ 75.495399983723999, 35.503127034505241 ], [ 75.507728407118094, 35.489672682020426 ], [ 75.508938259548643, 35.476993984646299 ], [ 75.511895073784757, 35.473006015353761 ], [ 75.513276841905423, 35.463284810384145 ], [ 75.521774291992216, 35.462029181586402 ], [ 75.532545979817741, 35.471438429090739 ], [ 75.543839518229206, 35.470228237575988 ], [ 75.547827148437534, 35.467271762424076 ], [ 75.552172851562531, 35.466061570909318 ], [ 75.556160481770874, 35.463105095757406 ], [ 75.5625, 35.4625 ], [ 75.564924452039961, 35.462146674262186 ], [ 75.57328423394101, 35.453813340928846 ], [ 75.585757785373303, 35.454519992404542 ], [ 75.589242214626765, 35.457980007595516 ], [ 75.595833333333374, 35.458333333333364 ], [ 75.599149237738743, 35.45748240152998 ], [ 75.600567287868955, 35.451956176757847 ], [ 75.603599378797782, 35.448043823242216 ], [ 75.6041666666667, 35.441666666666698 ], [ 75.606621636284757, 35.441308932834232 ], [ 75.616313340928855, 35.431591118706628 ], [ 75.617019992404551, 35.426742214626763 ], [ 75.624646674262181, 35.419091118706625 ], [ 75.625, 35.4125 ], [ 75.624646674262181, 35.410075547960098 ], [ 75.620847913954023, 35.40625 ], [ 75.624985419379371, 35.402083333333366 ], [ 75.621186659071213, 35.398257785373296 ], [ 75.620480007595518, 35.368408881293433 ], [ 75.612146674262192, 35.360048929850294 ], [ 75.612853325737888, 35.351742214626768 ], [ 75.616313340928855, 35.348257785373292 ], [ 75.616666666666703, 35.3375 ], [ 75.619982571072086, 35.336649068196643 ], [ 75.621400621202298, 35.331122843424509 ], [ 75.62443271213111, 35.327210489908886 ], [ 75.625, 35.325 ], [ 75.625, 35.320833333333361 ], [ 75.625, 35.316666666666698 ], [ 75.625850762261322, 35.313350931803413 ], [ 75.632719251844648, 35.311588372124596 ], [ 75.633900621202287, 35.285289510091175 ], [ 75.641099378797776, 35.277210489908882 ], [ 75.642327880859412, 35.263399590386314 ], [ 75.648043823242219, 35.261932712131106 ], [ 75.651956176757849, 35.258900621202287 ], [ 75.656377156575559, 35.257766045464436 ], [ 75.660289510091175, 35.254733954535617 ], [ 75.664710489908884, 35.253599378797773 ], [ 75.681122843424518, 35.238067287868951 ], [ 75.685543823242227, 35.236932712131107 ], [ 75.689456176757844, 35.233900621202288 ], [ 75.694982571072089, 35.232482401529978 ], [ 75.696400621202287, 35.226956176757838 ], [ 75.699432712131113, 35.223043823242215 ], [ 75.700567287868964, 35.218622843424505 ], [ 75.704733954535627, 35.213246663411489 ], [ 75.703599378797776, 35.210289510091172 ], [ 75.691099378797773, 35.196821424696211 ], [ 75.692397054036491, 35.188397725423208 ], [ 75.697789510091184, 35.183900621202284 ], [ 75.702210489908893, 35.18276604546444 ], [ 75.706122843424509, 35.179733954535621 ], [ 75.708333333333371, 35.179166666666696 ], [ 75.708862982855933, 35.172751702202717 ], [ 75.711970350477472, 35.168914964464001 ], [ 75.71302964952261, 35.164418368869384 ], [ 75.717196316189273, 35.159274122450114 ], [ 75.715701972113749, 35.154774983723989 ], [ 75.701918538411491, 35.153637017144128 ], [ 75.698081461588572, 35.150529649522596 ], [ 75.6666666666667, 35.15 ], [ 75.666313340928852, 35.147575547960095 ], [ 75.646186659071219, 35.127424452039961 ], [ 75.645833333333371, 35.120833333333358 ], [ 75.642363484700553, 35.119942898220515 ], [ 75.641099378797776, 35.109548272026935 ], [ 75.648043823242219, 35.107766045464437 ], [ 75.657630411783884, 35.099070909288223 ], [ 75.658900621202292, 35.089456176757842 ], [ 75.662896050347257, 35.084301079644128 ], [ 75.6666666666667, 35.083333333333364 ], [ 75.667250569661491, 35.046752929687528 ], [ 75.673043823242224, 35.045266045464437 ], [ 75.676956176757841, 35.042233954535618 ], [ 75.68268771701392, 35.040763007269994 ], [ 75.69526604546445, 35.027210489908882 ], [ 75.695833333333368, 35.016666666666694 ], [ 75.688399590386325, 35.016005452473983 ], [ 75.686649237738749, 35.009184095594648 ], [ 75.683333333333366, 35.008333333333361 ], [ 75.680017428927982, 35.009184095594648 ], [ 75.679166666666703, 35.0125 ], [ 75.676742214626771, 35.012853325737872 ], [ 75.673257785373295, 35.016313340928846 ], [ 75.670833333333363, 35.016666666666694 ], [ 75.668408881293445, 35.017019992404542 ], [ 75.660757785373306, 35.024646674262179 ], [ 75.655908881293442, 35.025353325737875 ], [ 75.648257785373303, 35.032980007595512 ], [ 75.643408881293439, 35.033686659071208 ], [ 75.639924452039963, 35.037146674262182 ], [ 75.62745361328129, 35.037853325737871 ], [ 75.623257785373298, 35.033686659071208 ], [ 75.595833333333374, 35.03333333333336 ], [ 75.594945949978339, 35.036791653103329 ], [ 75.585289510091187, 35.038067287868948 ], [ 75.568877156575553, 35.05359937879777 ], [ 75.564456176757844, 35.054733954535621 ], [ 75.560543823242227, 35.05776604546444 ], [ 75.556122843424518, 35.058900621202284 ], [ 75.548043823242224, 35.066099378797773 ], [ 75.543622843424515, 35.067233954535617 ], [ 75.527210489908882, 35.082766045464439 ], [ 75.521460639105939, 35.084241739908883 ], [ 75.520266045464439, 35.105103895399331 ], [ 75.528599378797779, 35.114456176757841 ], [ 75.529733954535629, 35.123043823242213 ], [ 75.536932712131104, 35.131122843424507 ], [ 75.538067287868955, 35.134079996744816 ], [ 75.533900621202292, 35.13945617675784 ], [ 75.532766045464442, 35.148043823242219 ], [ 75.529733954535629, 35.151956176757842 ], [ 75.528599378797779, 35.156377156575552 ], [ 75.525461832682325, 35.160425482855928 ], [ 75.532766045464442, 35.168622843424508 ], [ 75.533333333333374, 35.170833333333363 ] ] ] ] } },
{ "type": "Feature", "properties": { "HYBAS_ID": 4070590330, "NEXT_DOWN": 4070595920, "NEXT_SINK": 4070033640, "MAIN_BAS": 4070033640, "DIST_SINK": 2201.8, "DIST_MAIN": 2201.8, "SUB_AREA": 837.6, "UP_AREA": 27368.4, "PFAF_ID": 4567061, "ENDO": 0, "COAST": 0, "ORDER": 2, "SORT": 5925, "areakm2": 837.68 }, "geometry": { "type": "MultiPolygon", "coordinates": [ [ [ [ 74.370833333333366, 35.9166666666667 ], [ 74.375, 35.9166666666667 ], [ 74.376163228352894, 35.912134128146732 ], [ 74.386580234103761, 35.921416219075553 ], [ 74.3875, 35.925 ], [ 74.411582946777372, 35.925592888726165 ], [ 74.413350931803407, 35.932482401529981 ], [ 74.418877156575547, 35.933900621202291 ], [ 74.422789510091178, 35.93693271213111 ], [ 74.428770785861573, 35.938467746310799 ], [ 74.432766045464433, 35.943622843424514 ], [ 74.434301079644129, 35.949604119194916 ], [ 74.439456176757844, 35.953599378797776 ], [ 74.448043823242216, 35.954733954535627 ], [ 74.451956176757832, 35.957766045464446 ], [ 74.460543823242219, 35.958900621202289 ], [ 74.464456176757835, 35.961932712131109 ], [ 74.466666666666697, 35.9625 ], [ 74.471400621202278, 35.963714938693613 ], [ 74.470266045464442, 35.981377156575554 ], [ 74.466099378797765, 35.986753336588578 ], [ 74.467233954535615, 35.989710489908887 ], [ 74.470266045464442, 35.993622843424511 ], [ 74.471684265136744, 35.999149068196651 ], [ 74.477210489908884, 36.000567287868961 ], [ 74.481122843424501, 36.00359937879778 ], [ 74.486876424153678, 36.005075920952727 ], [ 74.488067287868944, 36.027210489908889 ], [ 74.49109937879777, 36.031122843424512 ], [ 74.492233954535621, 36.035543823242222 ], [ 74.499432712131096, 36.043622843424515 ], [ 74.500850931803413, 36.049149068196648 ], [ 74.506377156575553, 36.050567287868958 ], [ 74.51028951009117, 36.053599378797777 ], [ 74.5125, 36.054166666666703 ], [ 74.512853325737879, 36.064924452039968 ], [ 74.516313340928846, 36.068408881293436 ], [ 74.517019992404542, 36.089924452039966 ], [ 74.520480007595509, 36.093408881293442 ], [ 74.520833333333357, 36.1125 ], [ 74.520480007595509, 36.139924452039963 ], [ 74.512853325737879, 36.147575547960102 ], [ 74.5125, 36.15 ], [ 74.514924452039963, 36.149646674262172 ], [ 74.518408881293425, 36.146186659071198 ], [ 74.527424452039952, 36.145480007595509 ], [ 74.531620449490049, 36.141313340928839 ], [ 74.544091118706618, 36.142019992404535 ], [ 74.547575547960093, 36.145480007595509 ], [ 74.552424452039958, 36.146186659071198 ], [ 74.55662044949004, 36.150353325737868 ], [ 74.573257785373286, 36.149646674262172 ], [ 74.577453782823383, 36.145480007595509 ], [ 74.589924452039952, 36.146186659071198 ], [ 74.594120449490049, 36.150353325737868 ], [ 74.598257785373292, 36.149646674262172 ], [ 74.601742214626768, 36.146186659071198 ], [ 74.606591118706618, 36.145480007595509 ], [ 74.610075547960093, 36.142019992404535 ], [ 74.614924452039958, 36.141313340928839 ], [ 74.618408881293433, 36.137853325737865 ], [ 74.627424452039961, 36.137146674262169 ], [ 74.630908881293436, 36.133686659071202 ], [ 74.635757785373286, 36.132980007595506 ], [ 74.639242214626762, 36.129519992404532 ], [ 74.644091118706626, 36.128813340928836 ], [ 74.647575547960102, 36.125353325737869 ], [ 74.654166666666697, 36.125 ], [ 74.655017598470081, 36.121684095594638 ], [ 74.65833333333336, 36.120833333333351 ], [ 74.65833333333336, 36.116666666666688 ], [ 74.660543823242222, 36.116099378797763 ], [ 74.668622843424501, 36.108900621202274 ], [ 74.67304382324221, 36.10776604546443 ], [ 74.676956176757841, 36.104733954535611 ], [ 74.68137715657555, 36.10359937879776 ], [ 74.685289510091167, 36.100567287868941 ], [ 74.689710489908876, 36.099432712131097 ], [ 74.69778951009117, 36.092233954535608 ], [ 74.706377156575542, 36.091099378797765 ], [ 74.710289510091172, 36.088067287868945 ], [ 74.72410040961374, 36.086838785807309 ], [ 74.72589552137589, 36.079843817816858 ], [ 74.743622843424504, 36.063067287868947 ], [ 74.766666666666694, 36.0625 ], [ 74.766666666666694, 36.058333333333351 ], [ 74.766666666666694, 36.04583333333337 ], [ 74.766313340928846, 36.043408881293438 ], [ 74.758686659071202, 36.035757785373299 ], [ 74.758333333333354, 36.033333333333367 ], [ 74.745833333333366, 36.033333333333367 ], [ 74.741666666666688, 36.033333333333353 ], [ 74.740755038791264, 36.029780917697515 ], [ 74.713513861762181, 36.028556993272602 ], [ 74.704733954535612, 36.018877156575556 ], [ 74.703198920355931, 36.012895880805154 ], [ 74.698043823242216, 36.008900621202294 ], [ 74.692517598470076, 36.007482401529984 ], [ 74.691099378797773, 36.001956176757844 ], [ 74.688067287868947, 35.99804382324222 ], [ 74.686580234103758, 35.992249552408886 ], [ 74.677210489908887, 35.983900621202295 ], [ 74.672789510091178, 35.982766045464444 ], [ 74.668877156575547, 35.979733954535625 ], [ 74.655066257052979, 35.978505452473996 ], [ 74.653599378797765, 35.972789510091182 ], [ 74.650567287868952, 35.968877156575559 ], [ 74.649112616644999, 35.96320851643884 ], [ 74.639456176757847, 35.961932712131109 ], [ 74.635543823242216, 35.958900621202289 ], [ 74.633333333333354, 35.958333333333371 ], [ 74.633333333333354, 35.9166666666667 ], [ 74.633686659071202, 35.914242214626768 ], [ 74.641313340928846, 35.906591118706629 ], [ 74.641666666666694, 35.904166666666697 ], [ 74.641049024793858, 35.902006530761753 ], [ 74.638117641872853, 35.897993469238315 ], [ 74.636393568250895, 35.891963365342917 ], [ 74.627160135904973, 35.883950975206197 ], [ 74.621130032009575, 35.882226901584232 ], [ 74.613117641872861, 35.872993469238317 ], [ 74.611882358127204, 35.868673197428421 ], [ 74.607715691460527, 35.862969122992652 ], [ 74.608950975206184, 35.835339864095083 ], [ 74.617284308539524, 35.825736660427552 ], [ 74.616049024793867, 35.822839864095087 ], [ 74.613117641872861, 35.81882680257165 ], [ 74.611882358127204, 35.810339864095084 ], [ 74.607715691460527, 35.804635789659322 ], [ 74.609011501736134, 35.780023701985712 ], [ 74.622839864095084, 35.76728430853953 ], [ 74.63395097520619, 35.765667046441003 ], [ 74.632623630099857, 35.75098843044708 ], [ 74.629166666666691, 35.75 ], [ 74.629166666666691, 35.745833333333366 ], [ 74.618408881293433, 35.745480007595518 ], [ 74.610757785373295, 35.737853325737881 ], [ 74.605908881293431, 35.737146674262185 ], [ 74.602424452039955, 35.733686659071211 ], [ 74.6, 35.733333333333363 ], [ 74.599646674262175, 35.735757785373295 ], [ 74.59412350124785, 35.741308593750034 ], [ 74.589242214626765, 35.742019992404543 ], [ 74.581591118706626, 35.749646674262188 ], [ 74.576742214626762, 35.750353325737883 ], [ 74.573257785373286, 35.753813340928851 ], [ 74.568408881293436, 35.754519992404546 ], [ 74.562858072916697, 35.760043165418871 ], [ 74.562146674262181, 35.764924452039963 ], [ 74.550353325737873, 35.776742214626772 ], [ 74.549646674262178, 35.781591118706629 ], [ 74.544123501247853, 35.787141927083368 ], [ 74.539242214626768, 35.787853325737878 ], [ 74.531591118706629, 35.795480007595522 ], [ 74.526742214626765, 35.796186659071211 ], [ 74.523257785373289, 35.799646674262185 ], [ 74.518408881293425, 35.800353325737881 ], [ 74.514924452039963, 35.803813340928855 ], [ 74.510075547960099, 35.804519992404551 ], [ 74.502424452039961, 35.812146674262188 ], [ 74.480908881293431, 35.812853325737883 ], [ 74.477424452039955, 35.816313340928851 ], [ 74.472575547960091, 35.817019992404546 ], [ 74.469091118706629, 35.820480007595521 ], [ 74.466666666666697, 35.820833333333368 ], [ 74.447575547960099, 35.820480007595521 ], [ 74.439924452039961, 35.812853325737883 ], [ 74.426742214626756, 35.812146674262188 ], [ 74.423257785373295, 35.808686659071213 ], [ 74.418408881293431, 35.807980007595518 ], [ 74.406591118706629, 35.796186659071211 ], [ 74.4, 35.79583333333337 ], [ 74.385075547960099, 35.796186659071211 ], [ 74.381591118706623, 35.799646674262185 ], [ 74.368408881293433, 35.800353325737881 ], [ 74.364924452039958, 35.803813340928855 ], [ 74.35, 35.804166666666703 ], [ 74.343408881293428, 35.804519992404551 ], [ 74.339924452039952, 35.807980007595518 ], [ 74.335075547960088, 35.808686659071213 ], [ 74.331591118706626, 35.812146674262188 ], [ 74.319120449490043, 35.812853325737883 ], [ 74.314924452039961, 35.808686659071213 ], [ 74.30662044949004, 35.807980007595518 ], [ 74.302424452039958, 35.812146674262188 ], [ 74.291666666666686, 35.8125 ], [ 74.291313340928838, 35.819091118706631 ], [ 74.287853325737871, 35.822575547960099 ], [ 74.287146674262175, 35.835757785373296 ], [ 74.283686659071208, 35.839242214626772 ], [ 74.282980007595512, 35.843379550510015 ], [ 74.287146674262175, 35.847575547960105 ], [ 74.2875, 35.85 ], [ 74.290815734863301, 35.850850931803421 ], [ 74.292233954535618, 35.856377156575554 ], [ 74.307766045464433, 35.872789510091181 ], [ 74.30918426513675, 35.878315734863314 ], [ 74.314710489908876, 35.879733954535624 ], [ 74.318622843424507, 35.882766045464443 ], [ 74.323043823242216, 35.883900621202294 ], [ 74.326956176757832, 35.886932712131113 ], [ 74.331377156575542, 35.888067287868957 ], [ 74.356122843424501, 35.911932712131112 ], [ 74.36054382324221, 35.913067287868955 ], [ 74.365698920355925, 35.917062547471822 ], [ 74.366666666666688, 35.92083333333337 ], [ 74.369982401529967, 35.919982401529985 ], [ 74.370833333333366, 35.9166666666667 ] ] ] ] } },
{ "type": "Feature", "properties": { "HYBAS_ID": 4070585600, "NEXT_DOWN": 4070590330, "NEXT_SINK": 4070033640, "MAIN_BAS": 4070033640, "DIST_SINK": 2239.2, "DIST_MAIN": 2239.2, "SUB_AREA": 2929.8, "UP_AREA": 13747.9, "PFAF_ID": 4567063, "ENDO": 0, "COAST": 0, "ORDER": 2, "SORT": 5932, "areakm2": 2930.42 }, "geometry": { "type": "MultiPolygon", "coordinates": [ [ [ [ 74.508333333333354, 36.52916666666669 ], [ 74.514924452039963, 36.528813340928842 ], [ 74.518408881293425, 36.525353325737868 ], [ 74.520833333333357, 36.525 ], [ 74.524417114257844, 36.524080403645854 ], [ 74.532766045464442, 36.514710489908879 ], [ 74.534239027235273, 36.508971150716171 ], [ 74.552210489908887, 36.507766045464436 ], [ 74.556122843424504, 36.50473395453561 ], [ 74.573043823242216, 36.503599378797766 ], [ 74.576956176757832, 36.500567287868947 ], [ 74.581377156575542, 36.499432712131096 ], [ 74.589456176757835, 36.492233954535614 ], [ 74.593877156575545, 36.491099378797763 ], [ 74.597789510091175, 36.488067287868944 ], [ 74.61054382324221, 36.4869327121311 ], [ 74.618622843424504, 36.479733954535611 ], [ 74.641666666666694, 36.479166666666686 ], [ 74.64081573486331, 36.47585076226131 ], [ 74.6375, 36.475 ], [ 74.6375, 36.46666666666669 ], [ 74.63806728786895, 36.464456176757835 ], [ 74.641099378797776, 36.460543823242212 ], [ 74.642517598470079, 36.455017428927974 ], [ 74.648043823242219, 36.453599378797769 ], [ 74.651956176757835, 36.45056728786895 ], [ 74.656377156575545, 36.449432712131099 ], [ 74.660289510091175, 36.44640062120228 ], [ 74.6625, 36.445833333333354 ], [ 74.662853325737871, 36.443408881293422 ], [ 74.666313340928852, 36.439924452039953 ], [ 74.667019992404548, 36.435075547960089 ], [ 74.682980007595518, 36.419091118706618 ], [ 74.683686659071213, 36.414242214626761 ], [ 74.687146674262181, 36.410757785373285 ], [ 74.6875, 36.4 ], [ 74.689710489908876, 36.399432712131102 ], [ 74.693622843424507, 36.396400621202275 ], [ 74.702210489908879, 36.395266045464432 ], [ 74.706122843424509, 36.392233954535612 ], [ 74.710543823242219, 36.391099378797762 ], [ 74.714456176757835, 36.388067287868942 ], [ 74.724112616644987, 36.386791653103323 ], [ 74.725, 36.383333333333354 ], [ 74.724646674262175, 36.380908881293422 ], [ 74.721186659071208, 36.377424452039953 ], [ 74.720475260416691, 36.372542995876756 ], [ 74.714924452039952, 36.367019992404536 ], [ 74.710046556260878, 36.366309271918425 ], [ 74.675353325737873, 36.331591118706619 ], [ 74.674646674262178, 36.326742214626755 ], [ 74.67084791395402, 36.322916666666686 ], [ 74.675353325737873, 36.318379720052107 ], [ 74.674646674262178, 36.314242214626759 ], [ 74.671186659071211, 36.310757785373283 ], [ 74.670833333333363, 36.308333333333351 ], [ 74.675, 36.308333333333351 ], [ 74.674646674262178, 36.305908881293426 ], [ 74.671186659071211, 36.302424452039951 ], [ 74.670833333333363, 36.3 ], [ 74.666402011447516, 36.298862711588562 ], [ 74.67026604546443, 36.29387715657554 ], [ 74.671400621202281, 36.285289510091168 ], [ 74.674432712131107, 36.281377156575545 ], [ 74.675567287868944, 36.272789510091165 ], [ 74.67859937879777, 36.268877156575542 ], [ 74.679733954535621, 36.251956176757837 ], [ 74.682766045464433, 36.248043823242206 ], [ 74.683900621202284, 36.245086669921896 ], [ 74.679733954535621, 36.239710489908873 ], [ 74.67859937879777, 36.232586669921893 ], [ 74.682766045464433, 36.227210489908877 ], [ 74.68418426513675, 36.22168409559464 ], [ 74.689710489908876, 36.220266045464427 ], [ 74.694865587022591, 36.216270616319463 ], [ 74.696400621202287, 36.210289510091165 ], [ 74.703599378797776, 36.202210489908872 ], [ 74.704733954535612, 36.1936228434245 ], [ 74.707766045464439, 36.189710489908876 ], [ 74.708900621202289, 36.185289510091167 ], [ 74.711932712131102, 36.181377156575543 ], [ 74.7125, 36.179166666666688 ], [ 74.711532253689271, 36.175396050347246 ], [ 74.706377156575542, 36.171400621202274 ], [ 74.69672071668839, 36.170124986436655 ], [ 74.694933742947072, 36.163161214192726 ], [ 74.681122843424504, 36.161932712131097 ], [ 74.677210489908887, 36.158900621202278 ], [ 74.675, 36.158333333333353 ], [ 74.674646674262178, 36.151742214626758 ], [ 74.671186659071211, 36.148257785373282 ], [ 74.670480007595515, 36.143408881293425 ], [ 74.667019992404548, 36.139924452039949 ], [ 74.666313340928852, 36.130908881293422 ], [ 74.658686659071208, 36.123257785373283 ], [ 74.65833333333336, 36.120833333333351 ], [ 74.655017598470081, 36.121684095594638 ], [ 74.654166666666697, 36.125 ], [ 74.647575547960102, 36.125353325737869 ], [ 74.644091118706626, 36.128813340928836 ], [ 74.639242214626762, 36.129519992404532 ], [ 74.635757785373286, 36.132980007595506 ], [ 74.630908881293436, 36.133686659071202 ], [ 74.627424452039961, 36.137146674262169 ], [ 74.618408881293433, 36.137853325737865 ], [ 74.614924452039958, 36.141313340928839 ], [ 74.610075547960093, 36.142019992404535 ], [ 74.606591118706618, 36.145480007595509 ], [ 74.601742214626768, 36.146186659071198 ], [ 74.598257785373292, 36.149646674262172 ], [ 74.594120449490049, 36.150353325737868 ], [ 74.589924452039952, 36.146186659071198 ], [ 74.577453782823383, 36.145480007595509 ], [ 74.573257785373286, 36.149646674262172 ], [ 74.55662044949004, 36.150353325737868 ], [ 74.552424452039958, 36.146186659071198 ], [ 74.547575547960093, 36.145480007595509 ], [ 74.544091118706618, 36.142019992404535 ], [ 74.531620449490049, 36.141313340928839 ], [ 74.527424452039952, 36.145480007595509 ], [ 74.518408881293425, 36.146186659071198 ], [ 74.514924452039963, 36.149646674262172 ], [ 74.5125, 36.15 ], [ 74.512853325737879, 36.147575547960102 ], [ 74.520480007595509, 36.139924452039963 ], [ 74.520833333333357, 36.1125 ], [ 74.520480007595509, 36.093408881293442 ], [ 74.517019992404542, 36.089924452039966 ], [ 74.516313340928846, 36.068408881293436 ], [ 74.512853325737879, 36.064924452039968 ], [ 74.5125, 36.054166666666703 ], [ 74.51028951009117, 36.053599378797777 ], [ 74.506377156575553, 36.050567287868958 ], [ 74.500850931803413, 36.049149068196648 ], [ 74.499432712131096, 36.043622843424515 ], [ 74.492233954535621, 36.035543823242222 ], [ 74.49109937879777, 36.031122843424512 ], [ 74.488067287868944, 36.027210489908889 ], [ 74.486876424153678, 36.005075920952727 ], [ 74.481122843424501, 36.00359937879778 ], [ 74.477210489908884, 36.000567287868961 ], [ 74.471684265136744, 35.999149068196651 ], [ 74.470266045464442, 35.993622843424511 ], [ 74.467233954535615, 35.989710489908887 ], [ 74.466099378797765, 35.986753336588578 ], [ 74.470266045464442, 35.981377156575554 ], [ 74.471400621202278, 35.963714938693613 ], [ 74.466666666666697, 35.9625 ], [ 74.464456176757835, 35.961932712131109 ], [ 74.460543823242219, 35.958900621202289 ], [ 74.451956176757832, 35.957766045464446 ], [ 74.448043823242216, 35.954733954535627 ], [ 74.439456176757844, 35.953599378797776 ], [ 74.434301079644129, 35.949604119194916 ], [ 74.432766045464433, 35.943622843424514 ], [ 74.428770785861573, 35.938467746310799 ], [ 74.422789510091178, 35.93693271213111 ], [ 74.418877156575547, 35.933900621202291 ], [ 74.413350931803407, 35.932482401529981 ], [ 74.411582946777372, 35.925592888726165 ], [ 74.3875, 35.925 ], [ 74.386580234103761, 35.921416219075553 ], [ 74.376163228352894, 35.912134128146732 ], [ 74.375, 35.9166666666667 ], [ 74.370833333333366, 35.9166666666667 ], [ 74.369982401529967, 35.919982401529985 ], [ 74.366666666666688, 35.92083333333337 ], [ 74.366313340928841, 35.927424452039965 ], [ 74.362853325737873, 35.930908881293433 ], [ 74.3625, 35.933333333333366 ], [ 74.355908881293431, 35.933686659071213 ], [ 74.352424452039955, 35.937146674262188 ], [ 74.347575547960091, 35.937853325737883 ], [ 74.344091118706615, 35.941313340928851 ], [ 74.335075547960088, 35.942019992404546 ], [ 74.331591118706626, 35.945480007595521 ], [ 74.326742214626762, 35.946186659071216 ], [ 74.323257785373286, 35.949646674262191 ], [ 74.318408881293422, 35.950353325737879 ], [ 74.314924452039961, 35.953813340928853 ], [ 74.310075547960096, 35.954519992404549 ], [ 74.294091118706618, 35.970480007595519 ], [ 74.289242214626768, 35.971186659071215 ], [ 74.283689032660618, 35.97671220567495 ], [ 74.282980007595512, 35.985757785373295 ], [ 74.275353325737868, 35.993408881293441 ], [ 74.274646674262172, 36.010757785373301 ], [ 74.269123501247847, 36.016308593750033 ], [ 74.264242214626762, 36.017019992404549 ], [ 74.256591118706623, 36.024646674262186 ], [ 74.251742214626759, 36.025353325737882 ], [ 74.244091118706621, 36.032980007595519 ], [ 74.239242214626756, 36.033686659071215 ], [ 74.235757785373295, 36.037146674262189 ], [ 74.233333333333363, 36.0375 ], [ 74.232980007595515, 36.039924452039969 ], [ 74.223288472493508, 36.049642266167567 ], [ 74.218408881293428, 36.050353325737881 ], [ 74.212858072916688, 36.055876498752205 ], [ 74.212146674262172, 36.060757785373298 ], [ 74.200353325737865, 36.072575547960106 ], [ 74.199646674262169, 36.094091118706636 ], [ 74.196186659071202, 36.097575547960105 ], [ 74.195833333333354, 36.1041666666667 ], [ 74.195266045464436, 36.106377156575554 ], [ 74.191270785861562, 36.111532253689269 ], [ 74.184184265136736, 36.113350931803424 ], [ 74.182482401529967, 36.119982401529981 ], [ 74.176956176757841, 36.121400621202291 ], [ 74.17304382324221, 36.12443271213111 ], [ 74.15833333333336, 36.125 ], [ 74.155908881293428, 36.125353325737869 ], [ 74.139924452039949, 36.141313340928839 ], [ 74.125, 36.141666666666687 ], [ 74.124646674262181, 36.148257785373282 ], [ 74.121186659071199, 36.151742214626758 ], [ 74.120480007595503, 36.164924452039948 ], [ 74.112853325737873, 36.172575547960086 ], [ 74.1125, 36.175 ], [ 74.097789510091175, 36.175567287868944 ], [ 74.093877156575545, 36.178599378797763 ], [ 74.088161214192738, 36.180066257052971 ], [ 74.086932712131102, 36.193877156575539 ], [ 74.07556728786895, 36.206122843424502 ], [ 74.074432712131099, 36.210543823242205 ], [ 74.065737406412779, 36.220130411783877 ], [ 74.056122843424504, 36.221400621202278 ], [ 74.042369079589861, 36.234266493055578 ], [ 74.041099378797767, 36.243877156575543 ], [ 74.038067287868941, 36.247789510091167 ], [ 74.036932712131104, 36.256377156575539 ], [ 74.033900621202278, 36.26028951009117 ], [ 74.032709757486998, 36.282424248589429 ], [ 74.029166666666683, 36.283333333333353 ], [ 74.029166666666683, 36.291666666666686 ], [ 74.028813340928835, 36.298257785373288 ], [ 74.025353325737868, 36.301742214626756 ], [ 74.024646674262172, 36.310046386718774 ], [ 74.028813340928835, 36.314242214626759 ], [ 74.029519992404531, 36.319091118706616 ], [ 74.041313340928838, 36.330908881293425 ], [ 74.042019992404533, 36.335757785373289 ], [ 74.045480007595515, 36.339242214626758 ], [ 74.046186659071196, 36.348257785373285 ], [ 74.049646674262178, 36.351742214626761 ], [ 74.05, 36.354166666666686 ], [ 74.058333333333351, 36.354166666666686 ], [ 74.058900621202284, 36.364710489908873 ], [ 74.063419426812089, 36.370129055447073 ], [ 74.073043823242216, 36.371400621202277 ], [ 74.081122843424495, 36.378599378797766 ], [ 74.085543823242205, 36.37973395453561 ], [ 74.089456176757835, 36.382766045464429 ], [ 74.094982401529975, 36.384184095594641 ], [ 74.096400621202278, 36.389710489908879 ], [ 74.111932712131093, 36.406122843424498 ], [ 74.113067287868944, 36.42304382324221 ], [ 74.11609937879777, 36.426956176757834 ], [ 74.117233954535607, 36.434079996744813 ], [ 74.113067287868944, 36.439456176757837 ], [ 74.111649068196641, 36.444982571072075 ], [ 74.108333333333377, 36.445833333333354 ], [ 74.108333333333363, 36.45 ], [ 74.107709757487001, 36.461590915256096 ], [ 74.1041666666667, 36.4625 ], [ 74.10501759847007, 36.465815904405403 ], [ 74.108333333333363, 36.46666666666669 ], [ 74.108686659071196, 36.469091118706622 ], [ 74.112146674262178, 36.472575547960091 ], [ 74.112853325737873, 36.477424452039955 ], [ 74.116313340928841, 36.480908881293423 ], [ 74.117019992404536, 36.510757785373286 ], [ 74.120480007595503, 36.514242214626762 ], [ 74.120833333333351, 36.520833333333357 ], [ 74.156301710340742, 36.52147623697919 ], [ 74.160364956325978, 36.524357096354187 ], [ 74.164635043674068, 36.52564290364586 ], [ 74.168698289659318, 36.528523763020857 ], [ 74.182660929362001, 36.529948255750888 ], [ 74.183333333333351, 36.558333333333358 ], [ 74.189660135904973, 36.558950805664082 ], [ 74.197839864095073, 36.56604919433596 ], [ 74.202160135904975, 36.567284138997422 ], [ 74.206173197428413, 36.57021586100263 ], [ 74.210493469238301, 36.571450805664085 ], [ 74.214506530761739, 36.574382527669293 ], [ 74.218826802571641, 36.575617472330755 ], [ 74.231173197428404, 36.586882527669296 ], [ 74.23966013590497, 36.588117472330751 ], [ 74.243756612141951, 36.591109890408006 ], [ 74.252006530761747, 36.583950805664088 ], [ 74.262969122992644, 36.582715861002626 ], [ 74.268673197428413, 36.586882527669296 ], [ 74.284139675564262, 36.588117472330751 ], [ 74.29902309841583, 36.574538167317733 ], [ 74.300617641872861, 36.585493638780406 ], [ 74.303549024793867, 36.589506361219641 ], [ 74.304166666666688, 36.59166666666669 ], [ 74.306591118706621, 36.592019992404538 ], [ 74.310075547960096, 36.595480007595512 ], [ 74.325, 36.59583333333336 ], [ 74.327424452039949, 36.595480007595512 ], [ 74.330908881293425, 36.592019992404538 ], [ 74.348257785373292, 36.591313340928842 ], [ 74.351742214626768, 36.587853325737868 ], [ 74.36911841498484, 36.587145657009572 ], [ 74.378813340928843, 36.577424452039956 ], [ 74.379166666666691, 36.575 ], [ 74.389710489908879, 36.574432712131099 ], [ 74.393622843424509, 36.57140062120228 ], [ 74.402210489908882, 36.570266045464436 ], [ 74.406122843424498, 36.567233954535617 ], [ 74.414710489908884, 36.566099378797766 ], [ 74.428178575303846, 36.553599378797763 ], [ 74.43137715657555, 36.554733954535614 ], [ 74.436753336588566, 36.558900621202284 ], [ 74.448043823242216, 36.557766045464433 ], [ 74.451956176757832, 36.554733954535614 ], [ 74.457482401529973, 36.553315904405409 ], [ 74.459184265136741, 36.546684095594642 ], [ 74.464710489908882, 36.54526604546443 ], [ 74.468622843424498, 36.542233954535611 ], [ 74.473043823242207, 36.541099378797767 ], [ 74.476956176757838, 36.538067287868948 ], [ 74.481377156575547, 36.536932712131097 ], [ 74.485289510091178, 36.533900621202278 ], [ 74.49387715657555, 36.532766045464435 ], [ 74.497789510091167, 36.529733954535615 ], [ 74.508333333333354, 36.52916666666669 ] ] ] ] } },
{ "type": "Feature", "properties": { "HYBAS_ID": 4070585590, "NEXT_DOWN": 4070590330, "NEXT_SINK": 4070033640, "MAIN_BAS": 4070033640, "DIST_SINK": 2239.2, "DIST_MAIN": 2239.2, "SUB_AREA": 12782.8, "UP_AREA": 12783.3, "PFAF_ID": 4567062, "ENDO": 0, "COAST": 0, "ORDER": 3, "SORT": 5933, "areakm2": 12785.54 }, "geometry": { "type": "MultiPolygon", "coordinates": [ [ [ [ 74.233333333333363, 36.0375 ], [ 74.235757785373295, 36.037146674262189 ], [ 74.239242214626756, 36.033686659071215 ], [ 74.244091118706621, 36.032980007595519 ], [ 74.251742214626759, 36.025353325737882 ], [ 74.256591118706623, 36.024646674262186 ], [ 74.264242214626762, 36.017019992404549 ], [ 74.269123501247847, 36.016308593750033 ], [ 74.274646674262172, 36.010757785373301 ], [ 74.275353325737868, 35.993408881293441 ], [ 74.282980007595512, 35.985757785373295 ], [ 74.283689032660618, 35.97671220567495 ], [ 74.289242214626768, 35.971186659071215 ], [ 74.294091118706618, 35.970480007595519 ], [ 74.310075547960096, 35.954519992404549 ], [ 74.314924452039961, 35.953813340928853 ], [ 74.318408881293422, 35.950353325737879 ], [ 74.323257785373286, 35.949646674262191 ], [ 74.326742214626762, 35.946186659071216 ], [ 74.331591118706626, 35.945480007595521 ], [ 74.335075547960088, 35.942019992404546 ], [ 74.344091118706615, 35.941313340928851 ], [ 74.347575547960091, 35.937853325737883 ], [ 74.352424452039955, 35.937146674262188 ], [ 74.355908881293431, 35.933686659071213 ], [ 74.3625, 35.933333333333366 ], [ 74.362853325737873, 35.930908881293433 ], [ 74.366313340928841, 35.927424452039965 ], [ 74.366666666666688, 35.92083333333337 ], [ 74.365698920355925, 35.917062547471822 ], [ 74.36054382324221, 35.913067287868955 ], [ 74.356122843424501, 35.911932712131112 ], [ 74.331377156575542, 35.888067287868957 ], [ 74.326956176757832, 35.886932712131113 ], [ 74.323043823242216, 35.883900621202294 ], [ 74.318622843424507, 35.882766045464443 ], [ 74.314710489908876, 35.879733954535624 ], [ 74.30918426513675, 35.878315734863314 ], [ 74.307766045464433, 35.872789510091181 ], [ 74.292233954535618, 35.856377156575554 ], [ 74.290815734863301, 35.850850931803421 ], [ 74.2875, 35.85 ], [ 74.287146674262175, 35.847575547960105 ], [ 74.282980007595512, 35.843379550510015 ], [ 74.283686659071208, 35.839242214626772 ], [ 74.287146674262175, 35.835757785373296 ], [ 74.287853325737871, 35.822575547960099 ], [ 74.291313340928838, 35.819091118706631 ], [ 74.291666666666686, 35.8125 ], [ 74.272575547960088, 35.812853325737883 ], [ 74.269091118706626, 35.816313340928851 ], [ 74.260075547960099, 35.817019992404546 ], [ 74.256591118706623, 35.820480007595521 ], [ 74.248287116156703, 35.821186659071216 ], [ 74.244091118706621, 35.817019992404546 ], [ 74.235787116156715, 35.816313340928851 ], [ 74.231591118706618, 35.820480007595521 ], [ 74.225, 35.820833333333368 ], [ 74.224432712131104, 35.814456176757844 ], [ 74.221302117241777, 35.810416666666697 ], [ 74.225567287868941, 35.804913330078158 ], [ 74.224432712131104, 35.801956176757848 ], [ 74.221400621202278, 35.798043823242224 ], [ 74.220266045464427, 35.793622843424515 ], [ 74.217135450575114, 35.789583333333368 ], [ 74.221400621202278, 35.784079996744822 ], [ 74.219648573133711, 35.779513380262621 ], [ 74.210543823242205, 35.771400621202289 ], [ 74.206122843424509, 35.770266045464446 ], [ 74.202210489908879, 35.767233954535627 ], [ 74.19778951009117, 35.766099378797776 ], [ 74.18137715657555, 35.750567287868954 ], [ 74.175708516438831, 35.749112616645 ], [ 74.17429148356122, 35.738387383355068 ], [ 74.170833333333363, 35.7375 ], [ 74.164242214626753, 35.737146674262185 ], [ 74.158691406250028, 35.73162350124786 ], [ 74.157980007595512, 35.726742214626768 ], [ 74.154181247287354, 35.722916666666698 ], [ 74.157980007595512, 35.719091118706629 ], [ 74.15833333333336, 35.716666666666697 ], [ 74.155908881293428, 35.716313340928849 ], [ 74.152424452039952, 35.712853325737882 ], [ 74.15, 35.7125 ], [ 74.139242214626762, 35.712853325737882 ], [ 74.133691406250023, 35.7183764987522 ], [ 74.132980007595506, 35.723257785373299 ], [ 74.119121127658445, 35.737142266167567 ], [ 74.114242214626756, 35.737853325737881 ], [ 74.098257785373292, 35.753813340928851 ], [ 74.09583333333336, 35.754166666666698 ], [ 74.088399590386302, 35.753505452473988 ], [ 74.0875, 35.75 ], [ 74.076742214626762, 35.750353325737883 ], [ 74.073257785373286, 35.753813340928851 ], [ 74.068408881293422, 35.754519992404546 ], [ 74.064924452039946, 35.757980007595521 ], [ 74.060075547960096, 35.758686659071216 ], [ 74.050357733832485, 35.768378194173209 ], [ 74.049646674262178, 35.773257785373296 ], [ 74.046186659071196, 35.776742214626772 ], [ 74.045480007595515, 35.781591118706629 ], [ 74.042019992404533, 35.785075547960105 ], [ 74.041313340928838, 35.789924452039962 ], [ 74.037853325737871, 35.793408881293438 ], [ 74.037146674262175, 35.798257785373295 ], [ 74.029519992404531, 35.805908881293433 ], [ 74.029166666666711, 35.808333333333366 ], [ 74.028599378797765, 35.81471048990889 ], [ 74.024107530381968, 35.820096672905848 ], [ 74.015920003255232, 35.821400621202287 ], [ 74.010543823242216, 35.817233954535624 ], [ 74.006122843424507, 35.816099378797773 ], [ 74.002210489908876, 35.813067287868954 ], [ 73.99704827202693, 35.81193271213111 ], [ 73.994918653700111, 35.820230950249602 ], [ 73.960289510091172, 35.821400621202287 ], [ 73.956377156575542, 35.824432712131113 ], [ 73.951956176757832, 35.825567287868957 ], [ 73.946423848470076, 35.830181037055155 ], [ 73.945833333333368, 35.8541666666667 ], [ 73.933333333333366, 35.8541666666667 ], [ 73.932118394639801, 35.849432712131112 ], [ 73.926956176757855, 35.850567287868955 ], [ 73.917603895399338, 35.858900621202288 ], [ 73.909214274088583, 35.857599216037357 ], [ 73.90748257107208, 35.850850931803421 ], [ 73.900850762261328, 35.849149068196645 ], [ 73.898785061306455, 35.841099378797779 ], [ 73.876956176757844, 35.842233954535622 ], [ 73.873043823242227, 35.845266045464442 ], [ 73.867312282986148, 35.846736823187968 ], [ 73.854733954535632, 35.860289510091178 ], [ 73.8541666666667, 35.866666666666703 ], [ 73.843408881293442, 35.867019992404551 ], [ 73.835757785373303, 35.874646674262188 ], [ 73.827450900607673, 35.875353325737883 ], [ 73.819091118706638, 35.867019992404551 ], [ 73.8125, 35.866666666666703 ], [ 73.811362711588572, 35.862235344780849 ], [ 73.806377156575564, 35.866099378797777 ], [ 73.801956176757855, 35.867233954535621 ], [ 73.798043823242224, 35.87026604546444 ], [ 73.789456176757852, 35.871400621202291 ], [ 73.785543823242222, 35.87443271213111 ], [ 73.779166666666697, 35.875 ], [ 73.778003607855936, 35.879532538519996 ], [ 73.768877156575556, 35.871400621202291 ], [ 73.7625, 35.870833333333366 ], [ 73.762146674262183, 35.855908881293438 ], [ 73.758686659071216, 35.852424452039962 ], [ 73.758333333333368, 35.85 ], [ 73.754166666666706, 35.85 ], [ 73.751956176757844, 35.850567287868955 ], [ 73.748043823242227, 35.853599378797774 ], [ 73.743622843424518, 35.854733954535625 ], [ 73.739710489908887, 35.857766045464444 ], [ 73.728420003255238, 35.858900621202288 ], [ 73.722903442382844, 35.854624938964875 ], [ 73.702210489908893, 35.87443271213111 ], [ 73.699253336588583, 35.875567287868961 ], [ 73.693877156575553, 35.871400621202291 ], [ 73.686753336588581, 35.87026604546444 ], [ 73.68137715657555, 35.87443271213111 ], [ 73.674253336588578, 35.875567287868961 ], [ 73.66875, 35.87130211724179 ], [ 73.664710489908884, 35.87443271213111 ], [ 73.660289510091175, 35.875567287868961 ], [ 73.656377156575559, 35.87859937879778 ], [ 73.636562771267393, 35.879733954535624 ], [ 73.625919596354208, 35.870250447591182 ], [ 73.624188910590306, 35.863506740993955 ], [ 73.620086669921903, 35.861932712131107 ], [ 73.614710489908887, 35.866099378797777 ], [ 73.593622843424512, 35.867233954535621 ], [ 73.589710489908896, 35.87026604546444 ], [ 73.568622843424521, 35.871400621202291 ], [ 73.56471048990889, 35.87443271213111 ], [ 73.559184095594659, 35.87585093180342 ], [ 73.558333333333366, 35.879166666666698 ], [ 73.558333333333366, 35.883333333333368 ], [ 73.542479112413233, 35.882665337456629 ], [ 73.541049194335969, 35.872839864095084 ], [ 73.538117472330768, 35.868826802571647 ], [ 73.536882527669306, 35.864506530761751 ], [ 73.532508680555594, 35.859037780761753 ], [ 73.513493516710099, 35.857641262478332 ], [ 73.5125, 35.8541666666667 ], [ 73.509297688802121, 35.855130852593348 ], [ 73.507690429687528, 35.860468377007415 ], [ 73.496476236979206, 35.872864956325991 ], [ 73.494583468967051, 35.879151407877636 ], [ 73.48963487413198, 35.875642734103764 ], [ 73.485365125868086, 35.8743572658963 ], [ 73.48130154079864, 35.871476067437101 ], [ 73.474678209092914, 35.870190599229637 ], [ 73.468801540798651, 35.8743572658963 ], [ 73.456198459201417, 35.875642734103764 ], [ 73.452134874131971, 35.87852393256297 ], [ 73.443698459201428, 35.879809400770434 ], [ 73.439634874131983, 35.882690599229633 ], [ 73.435365125868088, 35.883976067437104 ], [ 73.431301540798643, 35.886857265896303 ], [ 73.420511542426254, 35.888142734103766 ], [ 73.414634874131977, 35.883976067437104 ], [ 73.408011542426252, 35.882690599229633 ], [ 73.402134874131974, 35.886857265896303 ], [ 73.397865125868094, 35.888142734103766 ], [ 73.381301540798646, 35.903523932562969 ], [ 73.367352294921915, 35.904946729871995 ], [ 73.366666666666703, 35.925 ], [ 73.360339694552991, 35.925617641872861 ], [ 73.352160305447086, 35.932715691460537 ], [ 73.347839694552988, 35.933950975206194 ], [ 73.339660305447083, 35.94104902479387 ], [ 73.329901801215314, 35.942469278971387 ], [ 73.328549194335977, 35.956326802571652 ], [ 73.325617472330762, 35.96033986409509 ], [ 73.325, 35.9625 ], [ 73.324149237738752, 35.965815734863313 ], [ 73.320833333333368, 35.966666666666683 ], [ 73.319868977864616, 35.963464185926682 ], [ 73.314531792534751, 35.961857265896299 ], [ 73.297968207465317, 35.946476067437104 ], [ 73.292631022135453, 35.94486914740672 ], [ 73.290404934353333, 35.937476433648037 ], [ 73.283655124240482, 35.932690599229637 ], [ 73.280046251085096, 35.934579128689272 ], [ 73.277916802300382, 35.941651407877636 ], [ 73.272968207465311, 35.938142734103764 ], [ 73.25907253689239, 35.936725362141964 ], [ 73.257690429687528, 35.918698289659325 ], [ 73.253523763020866, 35.912821790907152 ], [ 73.254809570312531, 35.885364956325986 ], [ 73.257690429687528, 35.881301710340743 ], [ 73.258976236979194, 35.877031622992654 ], [ 73.261893717447947, 35.872916666666697 ], [ 73.258976236979194, 35.868801710340747 ], [ 73.258333333333368, 35.866666666666703 ], [ 73.255908881293436, 35.866313340928855 ], [ 73.252424452039961, 35.862853325737881 ], [ 73.230908881293431, 35.862146674262185 ], [ 73.227424452039969, 35.858686659071211 ], [ 73.222575547960105, 35.857980007595522 ], [ 73.219091118706629, 35.854519992404548 ], [ 73.214242214626765, 35.853813340928852 ], [ 73.202424452039963, 35.842019992404545 ], [ 73.193408881293436, 35.841313340928856 ], [ 73.189924452039961, 35.837853325737882 ], [ 73.1875, 35.8375 ], [ 73.186649237738749, 35.840815734863313 ], [ 73.180017428927982, 35.842517598470089 ], [ 73.178315904405409, 35.849149068196645 ], [ 73.172789510091178, 35.850567287868955 ], [ 73.168877156575547, 35.853599378797774 ], [ 73.1666666666667, 35.8541666666667 ], [ 73.15833333333336, 35.854166666666686 ], [ 73.157980007595512, 35.851742214626768 ], [ 73.154519992404545, 35.848257785373299 ], [ 73.153813340928849, 35.843408881293435 ], [ 73.150353325737882, 35.839924452039966 ], [ 73.15, 35.833333333333364 ], [ 73.147575547960102, 35.833686659071212 ], [ 73.144091118706626, 35.837146674262186 ], [ 73.141666666666694, 35.8375 ], [ 73.135075547960099, 35.837853325737882 ], [ 73.131591118706623, 35.841313340928856 ], [ 73.122575547960096, 35.842019992404545 ], [ 73.119091118706635, 35.845480007595519 ], [ 73.114242214626771, 35.846186659071215 ], [ 73.087857394748298, 35.872546386718781 ], [ 73.0875, 35.875 ], [ 73.085289510091172, 35.87443271213111 ], [ 73.068877156575553, 35.858900621202288 ], [ 73.056122843424504, 35.857766045464444 ], [ 73.052210489908887, 35.854733954535625 ], [ 73.046684095594642, 35.853315734863315 ], [ 73.045266045464444, 35.847789510091182 ], [ 73.04127061631948, 35.842634412977461 ], [ 73.035289510091175, 35.841099378797779 ], [ 73.031377156575545, 35.838067287868959 ], [ 73.013405693901944, 35.836862352159322 ], [ 73.011932712131113, 35.831122843424509 ], [ 73.007440863715303, 35.825736660427552 ], [ 72.999253336588566, 35.824432712131113 ], [ 72.99387715657555, 35.828599378797776 ], [ 72.981122843424515, 35.829733954535627 ], [ 72.977210489908884, 35.832766045464446 ], [ 72.965920003255235, 35.833900621202289 ], [ 72.960543823242219, 35.829733954535627 ], [ 72.943622843424507, 35.828599378797776 ], [ 72.93971048990889, 35.825567287868957 ], [ 72.935289510091181, 35.824432712131113 ], [ 72.93137715657555, 35.821400621202287 ], [ 72.922789510091178, 35.820266045464443 ], [ 72.914710489908884, 35.813067287868954 ], [ 72.90833333333336, 35.8125 ], [ 72.906122843424512, 35.813067287868954 ], [ 72.902210489908882, 35.816099378797773 ], [ 72.896684095594651, 35.817517598470083 ], [ 72.895266045464439, 35.823043823242223 ], [ 72.892233954535612, 35.826956176757847 ], [ 72.891099378797776, 35.831377156575556 ], [ 72.883900621202287, 35.839456176757849 ], [ 72.883333333333368, 35.85 ], [ 72.880908881293436, 35.850353325737878 ], [ 72.877424452039961, 35.853813340928852 ], [ 72.872575547960096, 35.854519992404548 ], [ 72.869091118706621, 35.857980007595522 ], [ 72.860075547960093, 35.858686659071211 ], [ 72.856591118706632, 35.862146674262185 ], [ 72.851742214626768, 35.862853325737881 ], [ 72.848257785373292, 35.866313340928855 ], [ 72.843408881293428, 35.867019992404551 ], [ 72.835757785373289, 35.874646674262188 ], [ 72.829166666666694, 35.875 ], [ 72.829166666666694, 35.879166666666698 ], [ 72.826956176757847, 35.87859937879778 ], [ 72.821466064453148, 35.87402089436852 ], [ 72.820266045464436, 35.856122843424515 ], [ 72.816270785861576, 35.850967746310801 ], [ 72.808994547526069, 35.849100409613747 ], [ 72.808333333333366, 35.841666666666697 ], [ 72.807975599500892, 35.839211527506542 ], [ 72.798257785373295, 35.829519992404549 ], [ 72.789242214626768, 35.828813340928853 ], [ 72.785757785373292, 35.825353325737879 ], [ 72.772575547960102, 35.824646674262183 ], [ 72.769091118706626, 35.821186659071216 ], [ 72.764242214626762, 35.820480007595521 ], [ 72.760757785373286, 35.817019992404546 ], [ 72.7375, 35.816666666666698 ], [ 72.737146674262178, 35.823257785373301 ], [ 72.733686659071211, 35.826742214626769 ], [ 72.732980007595515, 35.831591118706633 ], [ 72.729519992404548, 35.835075547960102 ], [ 72.728813340928852, 35.839924452039966 ], [ 72.725353325737871, 35.843408881293435 ], [ 72.724646674262175, 35.852424452039962 ], [ 72.719121466742649, 35.857977464464007 ], [ 72.710787116156709, 35.858686659071211 ], [ 72.70625, 35.854181247287357 ], [ 72.702424452039963, 35.857980007595522 ], [ 72.698287116156706, 35.858686659071211 ], [ 72.694091118706623, 35.854519992404548 ], [ 72.689242214626759, 35.853813340928852 ], [ 72.673257785373295, 35.837853325737882 ], [ 72.669120449490038, 35.837146674262186 ], [ 72.664924452039955, 35.841313340928856 ], [ 72.651742214626765, 35.842019992404545 ], [ 72.648257785373289, 35.845480007595519 ], [ 72.635075547960099, 35.846186659071215 ], [ 72.62952473958336, 35.85170983208554 ], [ 72.629166666666691, 35.8541666666667 ], [ 72.614506530761744, 35.854784308539529 ], [ 72.610493469238307, 35.857715691460534 ], [ 72.597839864095079, 35.858950975206199 ], [ 72.593826802571641, 35.861882358127204 ], [ 72.580152893066426, 35.86321716308597 ], [ 72.578549024793858, 35.868826802571647 ], [ 72.575617641872853, 35.872839864095084 ], [ 72.574039713541694, 35.878358968098993 ], [ 72.566197543674065, 35.879784308539527 ], [ 72.56049346923831, 35.875617641872864 ], [ 72.549530877007399, 35.874382358127207 ], [ 72.543826802571644, 35.87854902479387 ], [ 72.535339864095079, 35.879784308539527 ], [ 72.531326802571641, 35.88271569146054 ], [ 72.52576819525828, 35.88430497911245 ], [ 72.524190436469212, 35.895145331488749 ], [ 72.5125, 35.895833333333364 ], [ 72.512146674262183, 35.898257785373296 ], [ 72.508686659071202, 35.901742214626772 ], [ 72.508333333333354, 35.9166666666667 ], [ 72.509184265136739, 35.919982401529985 ], [ 72.516270785861565, 35.921801079644133 ], [ 72.520266045464439, 35.926956176757848 ], [ 72.521400621202289, 35.93554382324222 ], [ 72.528599378797765, 35.943622843424514 ], [ 72.529733954535615, 35.948043823242223 ], [ 72.54954172770185, 35.968736606174076 ], [ 72.54526604546443, 35.974253336588575 ], [ 72.546840074327278, 35.978355746799082 ], [ 72.552210489908887, 35.979733954535625 ], [ 72.556122843424504, 35.982766045464444 ], [ 72.561838785807325, 35.984232923719652 ], [ 72.563067287868947, 35.99804382324222 ], [ 72.566099378797773, 36.001956176757844 ], [ 72.567634412977455, 36.007937452528246 ], [ 72.57278951009117, 36.011932712131113 ], [ 72.579166666666694, 36.0125 ], [ 72.579519992404542, 36.014924452039949 ], [ 72.582980007595509, 36.018408881293425 ], [ 72.583686659071205, 36.026713053385436 ], [ 72.579519992404542, 36.030908881293421 ], [ 72.578813340928846, 36.035757785373285 ], [ 72.573290167914521, 36.041308593750017 ], [ 72.568408881293436, 36.042019992404533 ], [ 72.564924452039961, 36.045480007595508 ], [ 72.551742214626756, 36.046186659071196 ], [ 72.548257785373295, 36.049646674262171 ], [ 72.543408881293431, 36.050353325737866 ], [ 72.525357564290388, 36.068379380967905 ], [ 72.524646674262186, 36.073257785373286 ], [ 72.521186659071205, 36.076742214626755 ], [ 72.520833333333357, 36.1 ], [ 72.524149068196635, 36.100850762261302 ], [ 72.525567287868952, 36.10637715657554 ], [ 72.532766045464442, 36.114456176757834 ], [ 72.534301079644123, 36.120437282986131 ], [ 72.539456176757838, 36.124432712131096 ], [ 72.54804382324221, 36.125567287868947 ], [ 72.556122843424504, 36.132766045464429 ], [ 72.558333333333366, 36.133333333333354 ], [ 72.557766045464433, 36.135543823242209 ], [ 72.554733954535621, 36.139456176757832 ], [ 72.55359937879777, 36.148043823242205 ], [ 72.550567287868944, 36.151956176757835 ], [ 72.549338785807322, 36.165767076280403 ], [ 72.543622843424501, 36.167233954535611 ], [ 72.537513224283884, 36.172329033745683 ], [ 72.541099378797767, 36.176956176757834 ], [ 72.542233954535618, 36.181377156575543 ], [ 72.54526604546443, 36.185289510091167 ], [ 72.546400621202281, 36.189710489908876 ], [ 72.549432712131107, 36.1936228434245 ], [ 72.550567287868944, 36.202210489908872 ], [ 72.558916219075542, 36.211580403645854 ], [ 72.565958150227885, 36.213387383355055 ], [ 72.567233954535624, 36.223043823242207 ], [ 72.570266045464436, 36.226956176757831 ], [ 72.571400621202287, 36.23137715657554 ], [ 72.574432712131099, 36.235289510091164 ], [ 72.575, 36.2375 ], [ 72.575353325737879, 36.239924452039951 ], [ 72.582980007595509, 36.247575547960089 ], [ 72.583333333333357, 36.254166666666691 ], [ 72.593877156575545, 36.25473395453561 ], [ 72.597789510091175, 36.257766045464429 ], [ 72.607413906521288, 36.25903761121964 ], [ 72.611932712131107, 36.264456176757832 ], [ 72.613409254286054, 36.270209757487002 ], [ 72.625, 36.270833333333357 ], [ 72.625850931803413, 36.267517428927974 ], [ 72.631377156575553, 36.266099378797762 ], [ 72.63528951009117, 36.263067287868942 ], [ 72.679166666666688, 36.2625 ], [ 72.680086432562959, 36.266083780924504 ], [ 72.689574517144123, 36.274538167317729 ], [ 72.69375, 36.271301947699676 ], [ 72.69778951009117, 36.274432712131095 ], [ 72.711600409613737, 36.275661214192731 ], [ 72.713350931803419, 36.282482571072066 ], [ 72.718877156575545, 36.283900621202278 ], [ 72.731122843424501, 36.29526604546443 ], [ 72.73554382324221, 36.296400621202281 ], [ 72.739456176757841, 36.2994327121311 ], [ 72.756377156575553, 36.300567287868944 ], [ 72.764456176757847, 36.307766045464433 ], [ 72.770833333333357, 36.308333333333351 ], [ 72.771450975206193, 36.3104936387804 ], [ 72.779463365342906, 36.319726901584225 ], [ 72.785493469238304, 36.321450805664085 ], [ 72.793673197428419, 36.328549194335956 ], [ 72.803498670789963, 36.329979112413213 ], [ 72.804166666666688, 36.345833333333353 ], [ 72.804166666666688, 36.35 ], [ 72.81049346923831, 36.350617472330754 ], [ 72.814506530761747, 36.353549194335962 ], [ 72.81882680257165, 36.354784138997417 ], [ 72.822839864095087, 36.357715861002625 ], [ 72.832598198784751, 36.359135945638045 ], [ 72.833333333333357, 36.366666666666688 ], [ 72.835543823242219, 36.367233954535614 ], [ 72.839456176757835, 36.370266045464433 ], [ 72.852210489908884, 36.371400621202277 ], [ 72.86158040364586, 36.379749552408875 ], [ 72.863387383355061, 36.386791653103323 ], [ 72.874112616644993, 36.388208346896725 ], [ 72.875, 36.391666666666687 ], [ 72.872575547960096, 36.392019992404535 ], [ 72.867021348741346, 36.397546725802975 ], [ 72.866313340928855, 36.414213053385438 ], [ 72.870819430881099, 36.418750678168422 ], [ 72.862853325737873, 36.426742214626756 ], [ 72.8625, 36.433333333333358 ], [ 72.873043823242213, 36.433900621202277 ], [ 72.876956176757844, 36.436932712131096 ], [ 72.882482571072075, 36.438350762261308 ], [ 72.883900621202287, 36.443877156575546 ], [ 72.895266045464439, 36.456122843424502 ], [ 72.896400621202289, 36.460543823242212 ], [ 72.903599378797779, 36.468622843424498 ], [ 72.904166666666697, 36.470833333333353 ], [ 72.914924452039955, 36.470480007595512 ], [ 72.918408881293431, 36.467019992404538 ], [ 72.931591118706621, 36.466313340928842 ], [ 72.935075547960096, 36.462853325737868 ], [ 72.944091118706623, 36.462146674262172 ], [ 72.948286946614616, 36.457980007595509 ], [ 72.973257785373292, 36.458686659071205 ], [ 72.976742214626768, 36.462146674262172 ], [ 72.983333333333363, 36.4625 ], [ 72.982980007595515, 36.477424452039955 ], [ 72.979519992404548, 36.480908881293423 ], [ 72.978813340928852, 36.485757785373288 ], [ 72.975353325737871, 36.489242214626756 ], [ 72.974646674262189, 36.497546386718774 ], [ 72.978813340928852, 36.501742214626759 ], [ 72.9791666666667, 36.5125 ], [ 72.981591118706632, 36.512853325737872 ], [ 72.985075547960093, 36.516313340928839 ], [ 73.010757785373301, 36.517019992404535 ], [ 73.018408881293439, 36.524646674262172 ], [ 73.023257785373289, 36.525353325737868 ], [ 73.026742214626765, 36.528813340928842 ], [ 73.031591118706629, 36.529519992404538 ], [ 73.035075547960105, 36.532980007595512 ], [ 73.044091118706632, 36.533686659071201 ], [ 73.047575547960093, 36.537146674262175 ], [ 73.05, 36.5375 ], [ 73.050567287868958, 36.54804382324221 ], [ 73.05359937879777, 36.551956176757834 ], [ 73.054733954535621, 36.564710489908876 ], [ 73.070266045464436, 36.581122843424502 ], [ 73.071400621202287, 36.593877156575545 ], [ 73.078599378797776, 36.601956176757838 ], [ 73.079875013563395, 36.61161261664499 ], [ 73.083333333333371, 36.6125 ], [ 73.082980007595523, 36.619091118706621 ], [ 73.071186659071216, 36.630908881293429 ], [ 73.070480007595521, 36.648257785373289 ], [ 73.066681247287363, 36.652083333333358 ], [ 73.070480007595521, 36.655908881293428 ], [ 73.071186659071216, 36.673257785373288 ], [ 73.074646674262183, 36.676742214626763 ], [ 73.075, 36.679166666666688 ], [ 73.075, 36.683333333333358 ], [ 73.091666666666697, 36.683333333333358 ], [ 73.093877156575559, 36.683900621202284 ], [ 73.097789510091175, 36.686932712131103 ], [ 73.102210489908884, 36.688067287868947 ], [ 73.106122843424515, 36.691099378797766 ], [ 73.114710489908887, 36.692233954535617 ], [ 73.118622843424504, 36.695266045464436 ], [ 73.124149237738749, 36.696684095594641 ], [ 73.125, 36.7 ], [ 73.131591118706623, 36.700353325737872 ], [ 73.135075547960099, 36.703813340928846 ], [ 73.144091118706626, 36.704519992404542 ], [ 73.147575547960102, 36.707980007595509 ], [ 73.152424452039966, 36.708686659071205 ], [ 73.155908881293428, 36.712146674262179 ], [ 73.169091118706632, 36.712853325737875 ], [ 73.172575547960108, 36.716313340928842 ], [ 73.175, 36.71666666666669 ], [ 73.178315904405409, 36.715815904405403 ], [ 73.180086263020868, 36.708916219075547 ], [ 73.190729437934053, 36.699432712131099 ], [ 73.218877156575559, 36.70056728786895 ], [ 73.222789510091175, 36.703599378797769 ], [ 73.233333333333363, 36.704166666666694 ], [ 73.236876424153678, 36.705075751410618 ], [ 73.2375, 36.71666666666669 ], [ 73.239924452039958, 36.716313340928842 ], [ 73.243408881293433, 36.712853325737875 ], [ 73.245833333333366, 36.7125 ], [ 73.252424452039961, 36.712146674262179 ], [ 73.255908881293436, 36.708686659071205 ], [ 73.273257785373289, 36.707980007595509 ], [ 73.276742214626765, 36.704519992404542 ], [ 73.295833333333363, 36.704166666666694 ], [ 73.302424452039958, 36.704519992404542 ], [ 73.310075547960096, 36.712146674262179 ], [ 73.3125, 36.7125 ], [ 73.318801540798646, 36.71314290364586 ], [ 73.327031792534754, 36.720190429687527 ], [ 73.345058525933197, 36.721572536892388 ], [ 73.346592542860279, 36.73661024305558 ], [ 73.354488457573822, 36.738142903645858 ], [ 73.360365125868086, 36.733976236979188 ], [ 73.36463487413198, 36.732690429687523 ], [ 73.368698459201426, 36.729809570312526 ], [ 73.375321790907151, 36.72852376302086 ], [ 73.381198459201428, 36.732690429687523 ], [ 73.411653645833368, 36.734028116862007 ], [ 73.413297865125898, 36.744819132487002 ], [ 73.41986897786461, 36.746797688802111 ], [ 73.420833333333363, 36.75 ], [ 73.423043823242224, 36.749432712131103 ], [ 73.426956176757841, 36.746400621202284 ], [ 73.435543823242227, 36.745266045464433 ], [ 73.443622843424507, 36.738067287868951 ], [ 73.448043823242216, 36.7369327121311 ], [ 73.452083333333363, 36.733801947699675 ], [ 73.457586669921909, 36.738067287868951 ], [ 73.469883897569474, 36.736831665039091 ], [ 73.474432712131104, 36.731377156575547 ], [ 73.475850762261317, 36.72585076226131 ], [ 73.4791666666667, 36.725 ], [ 73.481591118706632, 36.724646674262175 ], [ 73.489950900607667, 36.716313340928842 ], [ 73.510757785373301, 36.717019992404538 ], [ 73.514242214626776, 36.720480007595512 ], [ 73.520833333333371, 36.72083333333336 ], [ 73.523257785373303, 36.720480007595512 ], [ 73.526742214626765, 36.717019992404538 ], [ 73.535757785373292, 36.716313340928842 ], [ 73.539953613281284, 36.712146674262179 ], [ 73.544091118706632, 36.712853325737875 ], [ 73.547916666666708, 36.716652086046032 ], [ 73.552453613281287, 36.712146674262179 ], [ 73.560757785373298, 36.712853325737875 ], [ 73.564242214626773, 36.716313340928842 ], [ 73.569091118706638, 36.717019992404538 ], [ 73.576742214626776, 36.724646674262175 ], [ 73.583333333333371, 36.725 ], [ 73.583686659071219, 36.714242214626758 ], [ 73.591313340928849, 36.706591118706619 ], [ 73.592019992404545, 36.701742214626762 ], [ 73.595480007595526, 36.698257785373286 ], [ 73.595833333333374, 36.695833333333354 ], [ 73.644091118706626, 36.695480007595513 ], [ 73.647575547960102, 36.692019992404539 ], [ 73.691666666666706, 36.691666666666691 ], [ 73.695124986436667, 36.692554050021727 ], [ 73.696400621202287, 36.702210489908879 ], [ 73.703599378797776, 36.710289510091172 ], [ 73.704166666666708, 36.7125 ], [ 73.710757785373303, 36.712853325737875 ], [ 73.714953613281281, 36.717019992404538 ], [ 73.731591118706632, 36.716313340928842 ], [ 73.735075547960108, 36.712853325737875 ], [ 73.744091118706635, 36.712146674262179 ], [ 73.748286946614613, 36.707980007595509 ], [ 73.752424452039961, 36.708686659071205 ], [ 73.75625, 36.712485419379362 ], [ 73.760075547960099, 36.708686659071205 ], [ 73.770833333333371, 36.708333333333357 ], [ 73.798257785373295, 36.708686659071205 ], [ 73.802453613281287, 36.712853325737875 ], [ 73.819091118706638, 36.712146674262179 ], [ 73.822575547960099, 36.708686659071205 ], [ 73.848257785373306, 36.707980007595509 ], [ 73.851742214626768, 36.704519992404542 ], [ 73.8541666666667, 36.704166666666694 ], [ 73.856591118706632, 36.703813340928846 ], [ 73.860075547960108, 36.700353325737872 ], [ 73.879166666666706, 36.7 ], [ 73.879519992404539, 36.702424452039956 ], [ 73.882980007595506, 36.705908881293425 ], [ 73.883333333333354, 36.72083333333336 ], [ 73.883686659071202, 36.727424452039955 ], [ 73.887146674262169, 36.730908881293431 ], [ 73.8875, 36.733333333333356 ], [ 73.884072197808194, 36.734212917751762 ], [ 73.88276604546445, 36.742413330078151 ], [ 73.887038167317741, 36.747925482855926 ], [ 73.879733954535624, 36.756122843424507 ], [ 73.878315904405426, 36.761649237738737 ], [ 73.872789510091181, 36.76306728786895 ], [ 73.868877156575564, 36.766099378797769 ], [ 73.863350762261319, 36.767517428927974 ], [ 73.861932712131107, 36.773043823242212 ], [ 73.845397610134583, 36.790516153971382 ], [ 73.840920003255249, 36.792233954535618 ], [ 73.835543823242219, 36.788067287868948 ], [ 73.820086669921906, 36.786932712131104 ], [ 73.81471048990889, 36.791099378797767 ], [ 73.810289510091181, 36.792233954535618 ], [ 73.806377156575564, 36.795266045464437 ], [ 73.801956176757855, 36.796400621202281 ], [ 73.796429104275205, 36.801010131835966 ], [ 73.795833333333377, 36.820833333333361 ], [ 73.780908881293442, 36.820480007595513 ], [ 73.777424452039966, 36.817019992404539 ], [ 73.756617567274347, 36.816313340928843 ], [ 73.748257785373298, 36.824646674262176 ], [ 73.735075547960108, 36.825353325737872 ], [ 73.731591118706632, 36.828813340928846 ], [ 73.726742214626768, 36.829519992404542 ], [ 73.723257785373306, 36.832980007595509 ], [ 73.710075547960102, 36.833686659071205 ], [ 73.706591118706626, 36.837146674262179 ], [ 73.7, 36.8375 ], [ 73.7, 36.84166666666669 ], [ 73.692438083224857, 36.842438083224849 ], [ 73.691666666666706, 36.85 ], [ 73.691313340928858, 36.856591118706625 ], [ 73.683686659071213, 36.864242214626763 ], [ 73.683333333333366, 36.875 ], [ 73.679804484049512, 36.875905693901935 ], [ 73.678599378797784, 36.893877156575549 ], [ 73.675567287868958, 36.897789510091172 ], [ 73.674432712131107, 36.906377156575545 ], [ 73.671400621202295, 36.910289510091175 ], [ 73.670833333333363, 36.9125 ], [ 73.702210489908893, 36.911932712131104 ], [ 73.706122843424509, 36.908900621202285 ], [ 73.727210489908884, 36.907766045464435 ], [ 73.732586669921915, 36.903599378797772 ], [ 73.748043823242227, 36.904733954535615 ], [ 73.752083333333374, 36.907864718967041 ], [ 73.756122843424521, 36.904733954535615 ], [ 73.764710489908893, 36.903599378797772 ], [ 73.768622843424509, 36.900567287868952 ], [ 73.773043823242219, 36.899432712131102 ], [ 73.778420003255249, 36.895266045464439 ], [ 73.785543823242222, 36.896400621202282 ], [ 73.789592149522605, 36.899538167317736 ], [ 73.799062771267401, 36.891099378797769 ], [ 73.819924926757849, 36.892293972439262 ], [ 73.821400621202287, 36.898043823242212 ], [ 73.824432712131113, 36.901956176757835 ], [ 73.825567287868964, 36.906377156575545 ], [ 73.828599378797776, 36.910289510091175 ], [ 73.829875013563409, 36.919945949978327 ], [ 73.833333333333371, 36.920833333333363 ], [ 73.852424452039969, 36.920480007595515 ], [ 73.855908881293445, 36.917019992404541 ], [ 73.873257785373298, 36.916313340928845 ], [ 73.876742214626773, 36.912853325737871 ], [ 73.891666666666708, 36.9125 ], [ 73.892019992404556, 36.910075547960098 ], [ 73.904153103298654, 36.897917344835093 ], [ 73.900353325737882, 36.894091118706626 ], [ 73.9, 36.891666666666694 ], [ 73.902424452039966, 36.891313340928846 ], [ 73.905908881293442, 36.887853325737872 ], [ 73.910757785373306, 36.887146674262176 ], [ 73.918408881293445, 36.879519992404539 ], [ 73.927424452039972, 36.878813340928843 ], [ 73.930908881293433, 36.875353325737876 ], [ 73.945833333333368, 36.875 ], [ 73.946186659071202, 36.872575547960096 ], [ 73.953813340928846, 36.864924452039958 ], [ 73.954166666666694, 36.858333333333363 ], [ 73.957482401529973, 36.857482571072076 ], [ 73.95923682318795, 36.850645616319468 ], [ 73.972789510091161, 36.838067287868952 ], [ 73.993877156575536, 36.836932712131102 ], [ 73.999253336588566, 36.832766045464439 ], [ 74.002210489908876, 36.833900621202282 ], [ 74.007586669921892, 36.838067287868952 ], [ 74.010543823242216, 36.836932712131102 ], [ 74.014456176757832, 36.833900621202282 ], [ 74.018877156575542, 36.832766045464439 ], [ 74.022789510091172, 36.829733954535612 ], [ 74.05, 36.829166666666694 ], [ 74.050617641872847, 36.827006361219645 ], [ 74.053549024793853, 36.82299363878041 ], [ 74.054784308539524, 36.818673027886312 ], [ 74.066049024793855, 36.806326972113737 ], [ 74.067528110080318, 36.796164279513917 ], [ 74.072839864095073, 36.792284138997424 ], [ 74.081326802571638, 36.791049194335962 ], [ 74.085339864095076, 36.788117472330754 ], [ 74.093826802571641, 36.786882527669299 ], [ 74.097839864095079, 36.783950805664091 ], [ 74.10764533148874, 36.782523939344642 ], [ 74.108950975206184, 36.760339694552975 ], [ 74.117284308539524, 36.75073682996964 ], [ 74.116049024793853, 36.73950636121964 ], [ 74.11188235812719, 36.73380262586808 ], [ 74.113655938042555, 36.730027601454019 ], [ 74.116666666666688, 36.729166666666693 ], [ 74.131591118706623, 36.728813340928845 ], [ 74.135075547960099, 36.725353325737871 ], [ 74.152424452039952, 36.724646674262175 ], [ 74.156620449490035, 36.720480007595512 ], [ 74.160757785373292, 36.721186659071208 ], [ 74.164953782823375, 36.725353325737871 ], [ 74.169091118706618, 36.724646674262175 ], [ 74.172575547960093, 36.721186659071208 ], [ 74.177454460991783, 36.720475599500894 ], [ 74.191313340928843, 36.706591118706619 ], [ 74.191666666666691, 36.704166666666694 ], [ 74.191099378797773, 36.69778951009117 ], [ 74.186932712131096, 36.692413330078146 ], [ 74.188662041558189, 36.687905883789085 ], [ 74.201956176757832, 36.675567287868951 ], [ 74.210543823242205, 36.6744327121311 ], [ 74.214456176757835, 36.671400621202281 ], [ 74.218877156575545, 36.67026604546443 ], [ 74.222789510091175, 36.667233954535618 ], [ 74.256377156575539, 36.666099378797767 ], [ 74.264456176757832, 36.658900621202278 ], [ 74.269982401529973, 36.657482571072073 ], [ 74.271736823187965, 36.650645616319466 ], [ 74.285289510091175, 36.63806728786895 ], [ 74.293877156575547, 36.636932712131099 ], [ 74.297789510091164, 36.63390062120228 ], [ 74.30637715657555, 36.632766045464436 ], [ 74.310289510091167, 36.629733954535617 ], [ 74.320833333333354, 36.629166666666691 ], [ 74.320475260416686, 36.626709662543426 ], [ 74.314924452039961, 36.621186659071206 ], [ 74.3125, 36.620833333333358 ], [ 74.311532253689265, 36.617062717013916 ], [ 74.30637715657555, 36.613067287868944 ], [ 74.300607469346815, 36.611586507161483 ], [ 74.3, 36.59583333333336 ], [ 74.30085093180341, 36.592517428927977 ], [ 74.304166666666688, 36.59166666666669 ], [ 74.303549024793867, 36.589506361219641 ], [ 74.300617641872861, 36.585493638780406 ], [ 74.29902309841583, 36.574538167317733 ], [ 74.284139675564262, 36.588117472330751 ], [ 74.268673197428413, 36.586882527669296 ], [ 74.262969122992644, 36.582715861002626 ], [ 74.252006530761747, 36.583950805664088 ], [ 74.243756612141951, 36.591109890408006 ], [ 74.23966013590497, 36.588117472330751 ], [ 74.231173197428404, 36.586882527669296 ], [ 74.218826802571641, 36.575617472330755 ], [ 74.214506530761739, 36.574382527669293 ], [ 74.210493469238301, 36.571450805664085 ], [ 74.206173197428413, 36.57021586100263 ], [ 74.202160135904975, 36.567284138997422 ], [ 74.197839864095073, 36.56604919433596 ], [ 74.189660135904973, 36.558950805664082 ], [ 74.183333333333351, 36.558333333333358 ], [ 74.182660929362001, 36.529948255750888 ], [ 74.168698289659318, 36.528523763020857 ], [ 74.164635043674068, 36.52564290364586 ], [ 74.160364956325978, 36.524357096354187 ], [ 74.156301710340742, 36.52147623697919 ], [ 74.120833333333351, 36.520833333333357 ], [ 74.120480007595503, 36.514242214626762 ], [ 74.117019992404536, 36.510757785373286 ], [ 74.116313340928841, 36.480908881293423 ], [ 74.112853325737873, 36.477424452039955 ], [ 74.112146674262178, 36.472575547960091 ], [ 74.108686659071196, 36.469091118706622 ], [ 74.108333333333363, 36.46666666666669 ], [ 74.10501759847007, 36.465815904405403 ], [ 74.1041666666667, 36.4625 ], [ 74.107709757487001, 36.461590915256096 ], [ 74.108333333333363, 36.45 ], [ 74.108333333333377, 36.445833333333354 ], [ 74.111649068196641, 36.444982571072075 ], [ 74.113067287868944, 36.439456176757837 ], [ 74.117233954535607, 36.434079996744813 ], [ 74.11609937879777, 36.426956176757834 ], [ 74.113067287868944, 36.42304382324221 ], [ 74.111932712131093, 36.406122843424498 ], [ 74.096400621202278, 36.389710489908879 ], [ 74.094982401529975, 36.384184095594641 ], [ 74.089456176757835, 36.382766045464429 ], [ 74.085543823242205, 36.37973395453561 ], [ 74.081122843424495, 36.378599378797766 ], [ 74.073043823242216, 36.371400621202277 ], [ 74.063419426812089, 36.370129055447073 ], [ 74.058900621202284, 36.364710489908873 ], [ 74.058333333333351, 36.354166666666686 ], [ 74.05, 36.354166666666686 ], [ 74.049646674262178, 36.351742214626761 ], [ 74.046186659071196, 36.348257785373285 ], [ 74.045480007595515, 36.339242214626758 ], [ 74.042019992404533, 36.335757785373289 ], [ 74.041313340928838, 36.330908881293425 ], [ 74.029519992404531, 36.319091118706616 ], [ 74.028813340928835, 36.314242214626759 ], [ 74.024646674262172, 36.310046386718774 ], [ 74.025353325737868, 36.301742214626756 ], [ 74.028813340928835, 36.298257785373288 ], [ 74.029166666666683, 36.291666666666686 ], [ 74.029166666666683, 36.283333333333353 ], [ 74.032709757486998, 36.282424248589429 ], [ 74.033900621202278, 36.26028951009117 ], [ 74.036932712131104, 36.256377156575539 ], [ 74.038067287868941, 36.247789510091167 ], [ 74.041099378797767, 36.243877156575543 ], [ 74.042369079589861, 36.234266493055578 ], [ 74.056122843424504, 36.221400621202278 ], [ 74.065737406412779, 36.220130411783877 ], [ 74.074432712131099, 36.210543823242205 ], [ 74.07556728786895, 36.206122843424502 ], [ 74.086932712131102, 36.193877156575539 ], [ 74.088161214192738, 36.180066257052971 ], [ 74.093877156575545, 36.178599378797763 ], [ 74.097789510091175, 36.175567287868944 ], [ 74.1125, 36.175 ], [ 74.112853325737873, 36.172575547960086 ], [ 74.120480007595503, 36.164924452039948 ], [ 74.121186659071199, 36.151742214626758 ], [ 74.124646674262181, 36.148257785373282 ], [ 74.125, 36.141666666666687 ], [ 74.139924452039949, 36.141313340928839 ], [ 74.155908881293428, 36.125353325737869 ], [ 74.15833333333336, 36.125 ], [ 74.17304382324221, 36.12443271213111 ], [ 74.176956176757841, 36.121400621202291 ], [ 74.182482401529967, 36.119982401529981 ], [ 74.184184265136736, 36.113350931803424 ], [ 74.191270785861562, 36.111532253689269 ], [ 74.195266045464436, 36.106377156575554 ], [ 74.195833333333354, 36.1041666666667 ], [ 74.196186659071202, 36.097575547960105 ], [ 74.199646674262169, 36.094091118706636 ], [ 74.200353325737865, 36.072575547960106 ], [ 74.212146674262172, 36.060757785373298 ], [ 74.212858072916688, 36.055876498752205 ], [ 74.218408881293428, 36.050353325737881 ], [ 74.223288472493508, 36.049642266167567 ], [ 74.232980007595515, 36.039924452039969 ], [ 74.233333333333363, 36.0375 ] ] ] ] } },
{ "type": "Feature", "properties": { "HYBAS_ID": 4070575490, "NEXT_DOWN": 4070584490, "NEXT_SINK": 4070033640, "MAIN_BAS": 4070033640, "DIST_SINK": 2262.8, "DIST_MAIN": 2262.8, "SUB_AREA": 4618.1, "UP_AREA": 4618.1, "PFAF_ID": 4566090, "ENDO": 0, "COAST": 0, "ORDER": 2, "SORT": 5934, "areakm2": 4619.25 }, "geometry": { "type": "MultiPolygon", "coordinates": [ [ [ [ 72.277424452039952, 36.166313340928838 ], [ 72.264242214626762, 36.167019992404533 ], [ 72.260416666666686, 36.170818752712691 ], [ 72.256591118706623, 36.167019992404533 ], [ 72.25, 36.166666666666686 ], [ 72.249646674262181, 36.169091118706618 ], [ 72.246186659071199, 36.172575547960086 ], [ 72.245480007595503, 36.177424452039951 ], [ 72.237853325737873, 36.185075547960089 ], [ 72.237146674262178, 36.194091118706616 ], [ 72.231620449490038, 36.199644978841164 ], [ 72.219120449490035, 36.200353325737865 ], [ 72.214924452039952, 36.196186659071202 ], [ 72.210784403483103, 36.195480007595506 ], [ 72.202424452039949, 36.203813340928839 ], [ 72.189242214626759, 36.204519992404535 ], [ 72.185757785373283, 36.207980007595509 ], [ 72.176742214626756, 36.208686659071198 ], [ 72.167024400499159, 36.218378363715296 ], [ 72.166666666666686, 36.220833333333353 ], [ 72.166666666666686, 36.225 ], [ 72.170833333333363, 36.225 ], [ 72.17429148356122, 36.225887383355058 ], [ 72.175708516438831, 36.236612616644983 ], [ 72.182672119140648, 36.238399590386308 ], [ 72.183994547526069, 36.253267076280402 ], [ 72.189710489908876, 36.25473395453561 ], [ 72.206122843424509, 36.270266045464432 ], [ 72.211649068196635, 36.271684095594637 ], [ 72.213350931803404, 36.278315904405403 ], [ 72.218877156575545, 36.279733954535608 ], [ 72.222789510091175, 36.282766045464427 ], [ 72.227210489908884, 36.283900621202278 ], [ 72.235289510091164, 36.291099378797767 ], [ 72.24387715657555, 36.292233954535611 ], [ 72.247789510091167, 36.29526604546443 ], [ 72.25, 36.295833333333356 ], [ 72.260757785373286, 36.295480007595508 ], [ 72.264242214626762, 36.292019992404533 ], [ 72.335757785373289, 36.291313340928838 ], [ 72.339242214626765, 36.287853325737871 ], [ 72.34583333333336, 36.2875 ], [ 72.36054382324221, 36.288067287868941 ], [ 72.364456176757841, 36.291099378797767 ], [ 72.36887715657555, 36.292233954535611 ], [ 72.372789510091167, 36.29526604546443 ], [ 72.377210489908876, 36.296400621202281 ], [ 72.381122843424507, 36.2994327121311 ], [ 72.393877156575542, 36.300567287868944 ], [ 72.397789510091172, 36.303599378797763 ], [ 72.403315734863313, 36.305017428927975 ], [ 72.405017598470081, 36.311649237738735 ], [ 72.410543823242207, 36.313067287868947 ], [ 72.422789510091178, 36.324432712131099 ], [ 72.443877156575553, 36.325567287868942 ], [ 72.44778951009117, 36.328599378797762 ], [ 72.460543823242219, 36.329733954535612 ], [ 72.465920003255235, 36.333900621202275 ], [ 72.468877156575545, 36.332766045464432 ], [ 72.472789510091175, 36.329733954535612 ], [ 72.475, 36.329166666666687 ], [ 72.475850931803407, 36.33248257107207 ], [ 72.481377156575547, 36.333900621202275 ], [ 72.490963745117213, 36.342595757378497 ], [ 72.492233954535621, 36.352210489908877 ], [ 72.495266045464433, 36.356122843424501 ], [ 72.495833333333366, 36.358333333333356 ], [ 72.498257785373283, 36.358686659071203 ], [ 72.514242214626762, 36.374646674262173 ], [ 72.519091118706626, 36.375353325737869 ], [ 72.522575547960102, 36.378813340928843 ], [ 72.527424452039952, 36.379519992404539 ], [ 72.530908881293428, 36.382980007595506 ], [ 72.53333333333336, 36.383333333333354 ], [ 72.533994547526063, 36.390767076280405 ], [ 72.540815734863301, 36.392517428927974 ], [ 72.542233954535618, 36.398043823242212 ], [ 72.550582885742216, 36.407413736979187 ], [ 72.55637715657555, 36.408900621202278 ], [ 72.561795722113743, 36.413419596354188 ], [ 72.563067287868947, 36.42304382324221 ], [ 72.570266045464436, 36.431122843424504 ], [ 72.570833333333354, 36.433333333333358 ], [ 72.575, 36.433333333333358 ], [ 72.577210489908879, 36.433900621202277 ], [ 72.581122843424509, 36.436932712131096 ], [ 72.585543823242219, 36.438067287868947 ], [ 72.594913567437089, 36.446416219075545 ], [ 72.596400621202278, 36.452210489908879 ], [ 72.603599378797767, 36.460289510091165 ], [ 72.604804314507405, 36.47826097276478 ], [ 72.61054382324221, 36.479733954535611 ], [ 72.624096510145421, 36.492312282986134 ], [ 72.625567287868947, 36.498043823242213 ], [ 72.629562547471821, 36.503198920355928 ], [ 72.635543823242216, 36.50473395453561 ], [ 72.643622843424509, 36.511932712131099 ], [ 72.648043823242219, 36.51306728786895 ], [ 72.651956176757835, 36.516099378797769 ], [ 72.656377156575545, 36.517233954535612 ], [ 72.660289510091175, 36.520266045464432 ], [ 72.664710489908884, 36.521400621202282 ], [ 72.668622843424501, 36.524432712131102 ], [ 72.67304382324221, 36.525567287868945 ], [ 72.676956176757841, 36.528599378797765 ], [ 72.68137715657555, 36.529733954535615 ], [ 72.686532253689265, 36.53372938368058 ], [ 72.6875, 36.5375 ], [ 72.685075547960096, 36.537853325737871 ], [ 72.675357733832499, 36.547545030381968 ], [ 72.674646674262178, 36.552424452039951 ], [ 72.669123501247853, 36.55797526041669 ], [ 72.664242214626768, 36.558686659071206 ], [ 72.654524400499156, 36.568378363715304 ], [ 72.653813340928849, 36.573257785373286 ], [ 72.650353325737868, 36.576742214626762 ], [ 72.65, 36.579166666666687 ], [ 72.65, 36.583333333333357 ], [ 72.650353325737868, 36.585757785373289 ], [ 72.655876498752193, 36.591308593750021 ], [ 72.660757785373292, 36.592019992404538 ], [ 72.67047932942711, 36.601715426974849 ], [ 72.670833333333363, 36.616666666666688 ], [ 72.677210489908887, 36.617233954535614 ], [ 72.681122843424504, 36.620266045464433 ], [ 72.686649068196644, 36.621684095594645 ], [ 72.688467746310792, 36.628770616319471 ], [ 72.693622843424507, 36.632766045464436 ], [ 72.695833333333354, 36.633333333333354 ], [ 72.696186659071202, 36.639924452039956 ], [ 72.703813340928846, 36.647575547960095 ], [ 72.704519992404542, 36.652424452039952 ], [ 72.707980007595509, 36.655908881293428 ], [ 72.708691406250026, 36.660790337456618 ], [ 72.714242214626765, 36.666313340928845 ], [ 72.719091118706629, 36.667019992404541 ], [ 72.726742214626768, 36.674646674262178 ], [ 72.733333333333363, 36.675 ], [ 72.7375, 36.675 ], [ 72.738142734103761, 36.677134874131966 ], [ 72.749357265896293, 36.689531792534744 ], [ 72.75126156277129, 36.695856730143255 ], [ 72.756198289659324, 36.699357096354191 ], [ 72.760468377007413, 36.700642903645857 ], [ 72.764531622992649, 36.703523763020854 ], [ 72.768801710340739, 36.704809570312527 ], [ 72.772864956325989, 36.707690429687524 ], [ 72.779190233018696, 36.709595065646724 ], [ 72.782690599229625, 36.71453179253475 ], [ 72.784297519260008, 36.719868977864607 ], [ 72.789635043674068, 36.721476236979193 ], [ 72.802031622992644, 36.732690429687523 ], [ 72.806301710340733, 36.733976236979188 ], [ 72.814531622992646, 36.741023763020856 ], [ 72.836733839246989, 36.742387220594644 ], [ 72.841062249077723, 36.747913953993077 ], [ 72.838142734103755, 36.752031792534744 ], [ 72.836857265896299, 36.7854682074653 ], [ 72.833083089192741, 36.790791151258702 ], [ 72.8479682074653, 36.792309570312526 ], [ 72.852031792534746, 36.795190429687523 ], [ 72.85630154079864, 36.796476236979188 ], [ 72.860365125868086, 36.799357096354193 ], [ 72.86463487413198, 36.800642903645858 ], [ 72.872865125868088, 36.807690429687526 ], [ 72.877134874131968, 36.808976236979191 ], [ 72.881198459201414, 36.811857096354188 ], [ 72.883333333333368, 36.8125 ], [ 72.883333333333368, 36.833333333333357 ], [ 72.886649237738737, 36.834184095594644 ], [ 72.8875, 36.8375 ], [ 72.889924452039963, 36.837853325737875 ], [ 72.893408881293425, 36.841313340928842 ], [ 72.898257785373289, 36.842019992404538 ], [ 72.901742214626765, 36.845480007595512 ], [ 72.931591118706621, 36.846186659071208 ], [ 72.937144978841175, 36.851713053385446 ], [ 72.9375, 36.858333333333363 ], [ 72.939924452039961, 36.858686659071203 ], [ 72.9454752604167, 36.864209662543431 ], [ 72.945833333333368, 36.866666666666696 ], [ 72.946400621202287, 36.86887715657555 ], [ 72.954513210720521, 36.877981906467042 ], [ 72.959079996744819, 36.879733954535617 ], [ 72.964456176757835, 36.875567287868947 ], [ 72.968877156575545, 36.874432712131103 ], [ 72.976956176757838, 36.867233954535614 ], [ 72.981377156575547, 36.86609937879777 ], [ 72.985289510091178, 36.863067287868951 ], [ 72.99387715657555, 36.8619327121311 ], [ 72.997916666666697, 36.858801947699675 ], [ 73.001956176757844, 36.8619327121311 ], [ 73.021579996744819, 36.863067287868951 ], [ 73.026956176757849, 36.858900621202281 ], [ 73.040451727973121, 36.857766045464437 ], [ 73.0416666666667, 36.8625 ], [ 73.042566257052982, 36.866005452473985 ], [ 73.05637715657555, 36.867233954535614 ], [ 73.060289510091181, 36.870266045464433 ], [ 73.066666666666691, 36.870833333333358 ], [ 73.066313340928843, 36.877424452039953 ], [ 73.062853325737876, 36.880908881293429 ], [ 73.0625, 36.883333333333361 ], [ 73.077424452039963, 36.883686659071209 ], [ 73.081620279947941, 36.887853325737872 ], [ 73.098257785373292, 36.887146674262176 ], [ 73.101742214626768, 36.883686659071209 ], [ 73.114924452039958, 36.882980007595513 ], [ 73.11875, 36.879181247287349 ], [ 73.122575547960096, 36.882980007595513 ], [ 73.131591118706623, 36.883686659071209 ], [ 73.135075547960099, 36.887146674262176 ], [ 73.139924452039963, 36.887853325737872 ], [ 73.144120279947941, 36.892019992404542 ], [ 73.152424452039966, 36.891313340928846 ], [ 73.155908881293428, 36.887853325737872 ], [ 73.160757785373292, 36.887146674262176 ], [ 73.168408881293431, 36.879519992404539 ], [ 73.177424452039958, 36.878813340928843 ], [ 73.18162027994795, 36.874646674262181 ], [ 73.194091118706623, 36.875353325737876 ], [ 73.197575547960099, 36.878813340928843 ], [ 73.2, 36.879166666666691 ], [ 73.206591118706626, 36.879519992404539 ], [ 73.212141927083366, 36.885042995876759 ], [ 73.2125, 36.8875 ], [ 73.233333333333363, 36.8875 ], [ 73.239924452039958, 36.887146674262176 ], [ 73.243408881293433, 36.883686659071209 ], [ 73.254166666666706, 36.883333333333361 ], [ 73.255134412977469, 36.887103949652804 ], [ 73.261753336588569, 36.892233954535619 ], [ 73.273043823242219, 36.891099378797769 ], [ 73.276956176757849, 36.88806728786895 ], [ 73.281377156575559, 36.886932712131099 ], [ 73.285289510091175, 36.88390062120228 ], [ 73.294945949978327, 36.88262498643666 ], [ 73.296400621202295, 36.876956176757837 ], [ 73.299432712131107, 36.873043823242213 ], [ 73.3, 36.870833333333358 ], [ 73.310757785373298, 36.871186659071206 ], [ 73.327449883355072, 36.887853325737872 ], [ 73.331591118706626, 36.887146674262176 ], [ 73.339950900607676, 36.878813340928843 ], [ 73.360757785373295, 36.879519992404539 ], [ 73.364242214626771, 36.882980007595513 ], [ 73.377424452039961, 36.883686659071209 ], [ 73.380908881293436, 36.887146674262176 ], [ 73.389924452039963, 36.887853325737872 ], [ 73.398284233941013, 36.896186659071205 ], [ 73.410757785373292, 36.895480007595509 ], [ 73.414953613281284, 36.891313340928846 ], [ 73.427424452039958, 36.892019992404542 ], [ 73.43162027994795, 36.896186659071205 ], [ 73.439924452039961, 36.895480007595509 ], [ 73.443408881293436, 36.892019992404542 ], [ 73.445833333333368, 36.891666666666694 ], [ 73.452424452039963, 36.892019992404542 ], [ 73.45625, 36.8958187527127 ], [ 73.460786946614618, 36.891313340928846 ], [ 73.469091118706629, 36.892019992404542 ], [ 73.472575547960105, 36.895480007595509 ], [ 73.477424452039969, 36.896186659071205 ], [ 73.480908881293431, 36.899646674262179 ], [ 73.483333333333363, 36.9 ], [ 73.484220716688398, 36.896541680230058 ], [ 73.49387715657555, 36.895266045464439 ], [ 73.497916666666697, 36.892135281033013 ], [ 73.501956176757844, 36.895266045464439 ], [ 73.5125, 36.895833333333357 ], [ 73.512857733832504, 36.893379041883705 ], [ 73.526742214626765, 36.879519992404539 ], [ 73.535757785373292, 36.878813340928843 ], [ 73.539242214626768, 36.875353325737876 ], [ 73.5416666666667, 36.875 ], [ 73.542233954535618, 36.877210489908883 ], [ 73.545266045464444, 36.881122843424507 ], [ 73.546746826171912, 36.886892361111137 ], [ 73.578253173828159, 36.888107638888911 ], [ 73.580017428927988, 36.894982571072077 ], [ 73.585543823242219, 36.896400621202282 ], [ 73.589456176757849, 36.899432712131102 ], [ 73.593877156575559, 36.900567287868952 ], [ 73.599032253689273, 36.904562717013917 ], [ 73.6, 36.90833333333336 ], [ 73.606591118706632, 36.907980007595512 ], [ 73.610075547960108, 36.904519992404538 ], [ 73.614924452039972, 36.903813340928849 ], [ 73.61912027994795, 36.899646674262179 ], [ 73.639924452039963, 36.900353325737875 ], [ 73.643408881293439, 36.903813340928849 ], [ 73.652424452039966, 36.904519992404538 ], [ 73.655908881293442, 36.907980007595512 ], [ 73.660757785373306, 36.908686659071208 ], [ 73.664242214626768, 36.912146674262182 ], [ 73.670833333333363, 36.9125 ], [ 73.671400621202295, 36.910289510091175 ], [ 73.674432712131107, 36.906377156575545 ], [ 73.675567287868958, 36.897789510091172 ], [ 73.678599378797784, 36.893877156575549 ], [ 73.679804484049512, 36.875905693901935 ], [ 73.683333333333366, 36.875 ], [ 73.683686659071213, 36.864242214626763 ], [ 73.691313340928858, 36.856591118706625 ], [ 73.691666666666706, 36.85 ], [ 73.692438083224857, 36.842438083224849 ], [ 73.7, 36.84166666666669 ], [ 73.7, 36.8375 ], [ 73.706591118706626, 36.837146674262179 ], [ 73.710075547960102, 36.833686659071205 ], [ 73.723257785373306, 36.832980007595509 ], [ 73.726742214626768, 36.829519992404542 ], [ 73.731591118706632, 36.828813340928846 ], [ 73.735075547960108, 36.825353325737872 ], [ 73.748257785373298, 36.824646674262176 ], [ 73.756617567274347, 36.816313340928843 ], [ 73.777424452039966, 36.817019992404539 ], [ 73.780908881293442, 36.820480007595513 ], [ 73.795833333333377, 36.820833333333361 ], [ 73.796429104275205, 36.801010131835966 ], [ 73.801956176757855, 36.796400621202281 ], [ 73.806377156575564, 36.795266045464437 ], [ 73.810289510091181, 36.792233954535618 ], [ 73.81471048990889, 36.791099378797767 ], [ 73.820086669921906, 36.786932712131104 ], [ 73.835543823242219, 36.788067287868948 ], [ 73.840920003255249, 36.792233954535618 ], [ 73.845397610134583, 36.790516153971382 ], [ 73.861932712131107, 36.773043823242212 ], [ 73.863350762261319, 36.767517428927974 ], [ 73.868877156575564, 36.766099378797769 ], [ 73.872789510091181, 36.76306728786895 ], [ 73.878315904405426, 36.761649237738737 ], [ 73.879733954535624, 36.756122843424507 ], [ 73.887038167317741, 36.747925482855926 ], [ 73.88276604546445, 36.742413330078151 ], [ 73.884072197808194, 36.734212917751762 ], [ 73.8875, 36.733333333333356 ], [ 73.887146674262169, 36.730908881293431 ], [ 73.883686659071202, 36.727424452039955 ], [ 73.883333333333354, 36.72083333333336 ], [ 73.882980007595506, 36.705908881293425 ], [ 73.879519992404539, 36.702424452039956 ], [ 73.879166666666706, 36.7 ], [ 73.860075547960108, 36.700353325737872 ], [ 73.856591118706632, 36.703813340928846 ], [ 73.8541666666667, 36.704166666666694 ], [ 73.851742214626768, 36.704519992404542 ], [ 73.848257785373306, 36.707980007595509 ], [ 73.822575547960099, 36.708686659071205 ], [ 73.819091118706638, 36.712146674262179 ], [ 73.802453613281287, 36.712853325737875 ], [ 73.798257785373295, 36.708686659071205 ], [ 73.770833333333371, 36.708333333333357 ], [ 73.760075547960099, 36.708686659071205 ], [ 73.75625, 36.712485419379362 ], [ 73.752424452039961, 36.708686659071205 ], [ 73.748286946614613, 36.707980007595509 ], [ 73.744091118706635, 36.712146674262179 ], [ 73.735075547960108, 36.712853325737875 ], [ 73.731591118706632, 36.716313340928842 ], [ 73.714953613281281, 36.717019992404538 ], [ 73.710757785373303, 36.712853325737875 ], [ 73.704166666666708, 36.7125 ], [ 73.703599378797776, 36.710289510091172 ], [ 73.696400621202287, 36.702210489908879 ], [ 73.695124986436667, 36.692554050021727 ], [ 73.691666666666706, 36.691666666666691 ], [ 73.647575547960102, 36.692019992404539 ], [ 73.644091118706626, 36.695480007595513 ], [ 73.595833333333374, 36.695833333333354 ], [ 73.595480007595526, 36.698257785373286 ], [ 73.592019992404545, 36.701742214626762 ], [ 73.591313340928849, 36.706591118706619 ], [ 73.583686659071219, 36.714242214626758 ], [ 73.583333333333371, 36.725 ], [ 73.576742214626776, 36.724646674262175 ], [ 73.569091118706638, 36.717019992404538 ], [ 73.564242214626773, 36.716313340928842 ], [ 73.560757785373298, 36.712853325737875 ], [ 73.552453613281287, 36.712146674262179 ], [ 73.547916666666708, 36.716652086046032 ], [ 73.544091118706632, 36.712853325737875 ], [ 73.539953613281284, 36.712146674262179 ], [ 73.535757785373292, 36.716313340928842 ], [ 73.526742214626765, 36.717019992404538 ], [ 73.523257785373303, 36.720480007595512 ], [ 73.520833333333371, 36.72083333333336 ], [ 73.514242214626776, 36.720480007595512 ], [ 73.510757785373301, 36.717019992404538 ], [ 73.489950900607667, 36.716313340928842 ], [ 73.481591118706632, 36.724646674262175 ], [ 73.4791666666667, 36.725 ], [ 73.475850762261317, 36.72585076226131 ], [ 73.474432712131104, 36.731377156575547 ], [ 73.469883897569474, 36.736831665039091 ], [ 73.457586669921909, 36.738067287868951 ], [ 73.452083333333363, 36.733801947699675 ], [ 73.448043823242216, 36.7369327121311 ], [ 73.443622843424507, 36.738067287868951 ], [ 73.435543823242227, 36.745266045464433 ], [ 73.426956176757841, 36.746400621202284 ], [ 73.423043823242224, 36.749432712131103 ], [ 73.420833333333363, 36.75 ], [ 73.41986897786461, 36.746797688802111 ], [ 73.413297865125898, 36.744819132487002 ], [ 73.411653645833368, 36.734028116862007 ], [ 73.381198459201428, 36.732690429687523 ], [ 73.375321790907151, 36.72852376302086 ], [ 73.368698459201426, 36.729809570312526 ], [ 73.36463487413198, 36.732690429687523 ], [ 73.360365125868086, 36.733976236979188 ], [ 73.354488457573822, 36.738142903645858 ], [ 73.346592542860279, 36.73661024305558 ], [ 73.345058525933197, 36.721572536892388 ], [ 73.327031792534754, 36.720190429687527 ], [ 73.318801540798646, 36.71314290364586 ], [ 73.3125, 36.7125 ], [ 73.310075547960096, 36.712146674262179 ], [ 73.302424452039958, 36.704519992404542 ], [ 73.295833333333363, 36.704166666666694 ], [ 73.276742214626765, 36.704519992404542 ], [ 73.273257785373289, 36.707980007595509 ], [ 73.255908881293436, 36.708686659071205 ], [ 73.252424452039961, 36.712146674262179 ], [ 73.245833333333366, 36.7125 ], [ 73.243408881293433, 36.712853325737875 ], [ 73.239924452039958, 36.716313340928842 ], [ 73.2375, 36.71666666666669 ], [ 73.236876424153678, 36.705075751410618 ], [ 73.233333333333363, 36.704166666666694 ], [ 73.222789510091175, 36.703599378797769 ], [ 73.218877156575559, 36.70056728786895 ], [ 73.190729437934053, 36.699432712131099 ], [ 73.180086263020868, 36.708916219075547 ], [ 73.178315904405409, 36.715815904405403 ], [ 73.175, 36.71666666666669 ], [ 73.172575547960108, 36.716313340928842 ], [ 73.169091118706632, 36.712853325737875 ], [ 73.155908881293428, 36.712146674262179 ], [ 73.152424452039966, 36.708686659071205 ], [ 73.147575547960102, 36.707980007595509 ], [ 73.144091118706626, 36.704519992404542 ], [ 73.135075547960099, 36.703813340928846 ], [ 73.131591118706623, 36.700353325737872 ], [ 73.125, 36.7 ], [ 73.124149237738749, 36.696684095594641 ], [ 73.118622843424504, 36.695266045464436 ], [ 73.114710489908887, 36.692233954535617 ], [ 73.106122843424515, 36.691099378797766 ], [ 73.102210489908884, 36.688067287868947 ], [ 73.097789510091175, 36.686932712131103 ], [ 73.093877156575559, 36.683900621202284 ], [ 73.091666666666697, 36.683333333333358 ], [ 73.075, 36.683333333333358 ], [ 73.075, 36.679166666666688 ], [ 73.074646674262183, 36.676742214626763 ], [ 73.071186659071216, 36.673257785373288 ], [ 73.070480007595521, 36.655908881293428 ], [ 73.066681247287363, 36.652083333333358 ], [ 73.070480007595521, 36.648257785373289 ], [ 73.071186659071216, 36.630908881293429 ], [ 73.082980007595523, 36.619091118706621 ], [ 73.083333333333371, 36.6125 ], [ 73.079875013563395, 36.61161261664499 ], [ 73.078599378797776, 36.601956176757838 ], [ 73.071400621202287, 36.593877156575545 ], [ 73.070266045464436, 36.581122843424502 ], [ 73.054733954535621, 36.564710489908876 ], [ 73.05359937879777, 36.551956176757834 ], [ 73.050567287868958, 36.54804382324221 ], [ 73.05, 36.5375 ], [ 73.047575547960093, 36.537146674262175 ], [ 73.044091118706632, 36.533686659071201 ], [ 73.035075547960105, 36.532980007595512 ], [ 73.031591118706629, 36.529519992404538 ], [ 73.026742214626765, 36.528813340928842 ], [ 73.023257785373289, 36.525353325737868 ], [ 73.018408881293439, 36.524646674262172 ], [ 73.010757785373301, 36.517019992404535 ], [ 72.985075547960093, 36.516313340928839 ], [ 72.981591118706632, 36.512853325737872 ], [ 72.9791666666667, 36.5125 ], [ 72.978813340928852, 36.501742214626759 ], [ 72.974646674262189, 36.497546386718774 ], [ 72.975353325737871, 36.489242214626756 ], [ 72.978813340928852, 36.485757785373288 ], [ 72.979519992404548, 36.480908881293423 ], [ 72.982980007595515, 36.477424452039955 ], [ 72.983333333333363, 36.4625 ], [ 72.976742214626768, 36.462146674262172 ], [ 72.973257785373292, 36.458686659071205 ], [ 72.948286946614616, 36.457980007595509 ], [ 72.944091118706623, 36.462146674262172 ], [ 72.935075547960096, 36.462853325737868 ], [ 72.931591118706621, 36.466313340928842 ], [ 72.918408881293431, 36.467019992404538 ], [ 72.914924452039955, 36.470480007595512 ], [ 72.904166666666697, 36.470833333333353 ], [ 72.903599378797779, 36.468622843424498 ], [ 72.896400621202289, 36.460543823242212 ], [ 72.895266045464439, 36.456122843424502 ], [ 72.883900621202287, 36.443877156575546 ], [ 72.882482571072075, 36.438350762261308 ], [ 72.876956176757844, 36.436932712131096 ], [ 72.873043823242213, 36.433900621202277 ], [ 72.8625, 36.433333333333358 ], [ 72.862853325737873, 36.426742214626756 ], [ 72.870819430881099, 36.418750678168422 ], [ 72.866313340928855, 36.414213053385438 ], [ 72.867021348741346, 36.397546725802975 ], [ 72.872575547960096, 36.392019992404535 ], [ 72.875, 36.391666666666687 ], [ 72.874112616644993, 36.388208346896725 ], [ 72.863387383355061, 36.386791653103323 ], [ 72.86158040364586, 36.379749552408875 ], [ 72.852210489908884, 36.371400621202277 ], [ 72.839456176757835, 36.370266045464433 ], [ 72.835543823242219, 36.367233954535614 ], [ 72.833333333333357, 36.366666666666688 ], [ 72.832598198784751, 36.359135945638045 ], [ 72.822839864095087, 36.357715861002625 ], [ 72.81882680257165, 36.354784138997417 ], [ 72.814506530761747, 36.353549194335962 ], [ 72.81049346923831, 36.350617472330754 ], [ 72.804166666666688, 36.35 ], [ 72.804166666666688, 36.345833333333353 ], [ 72.803498670789963, 36.329979112413213 ], [ 72.793673197428419, 36.328549194335956 ], [ 72.785493469238304, 36.321450805664085 ], [ 72.779463365342906, 36.319726901584225 ], [ 72.771450975206193, 36.3104936387804 ], [ 72.770833333333357, 36.308333333333351 ], [ 72.764456176757847, 36.307766045464433 ], [ 72.756377156575553, 36.300567287868944 ], [ 72.739456176757841, 36.2994327121311 ], [ 72.73554382324221, 36.296400621202281 ], [ 72.731122843424501, 36.29526604546443 ], [ 72.718877156575545, 36.283900621202278 ], [ 72.713350931803419, 36.282482571072066 ], [ 72.711600409613737, 36.275661214192731 ], [ 72.69778951009117, 36.274432712131095 ], [ 72.69375, 36.271301947699676 ], [ 72.689574517144123, 36.274538167317729 ], [ 72.680086432562959, 36.266083780924504 ], [ 72.679166666666688, 36.2625 ], [ 72.63528951009117, 36.263067287868942 ], [ 72.631377156575553, 36.266099378797762 ], [ 72.625850931803413, 36.267517428927974 ], [ 72.625, 36.270833333333357 ], [ 72.613409254286054, 36.270209757487002 ], [ 72.611932712131107, 36.264456176757832 ], [ 72.607413906521288, 36.25903761121964 ], [ 72.597789510091175, 36.257766045464429 ], [ 72.593877156575545, 36.25473395453561 ], [ 72.583333333333357, 36.254166666666691 ], [ 72.582766045464439, 36.256377156575539 ], [ 72.578770785861565, 36.261532253689253 ], [ 72.57278951009117, 36.263067287868942 ], [ 72.560543823242213, 36.274432712131095 ], [ 72.551956176757841, 36.275567287868945 ], [ 72.54804382324221, 36.278599378797765 ], [ 72.509249030219209, 36.279765150282138 ], [ 72.508333333333354, 36.283333333333353 ], [ 72.504166666666691, 36.283333333333353 ], [ 72.504166666666691, 36.27916666666669 ], [ 72.503599378797773, 36.276956176757835 ], [ 72.500567287868947, 36.273043823242212 ], [ 72.499338785807311, 36.259232923719637 ], [ 72.493622843424504, 36.257766045464429 ], [ 72.489710489908873, 36.25473395453561 ], [ 72.485289510091178, 36.253599378797766 ], [ 72.481377156575547, 36.250567287868947 ], [ 72.476956176757838, 36.249432712131096 ], [ 72.473043823242207, 36.246400621202277 ], [ 72.468622843424498, 36.245266045464433 ], [ 72.456377156575542, 36.233900621202281 ], [ 72.450395880805146, 36.232365587022592 ], [ 72.446400621202287, 36.227210489908877 ], [ 72.445131089952284, 36.217601860894121 ], [ 72.427210489908873, 36.200567287868942 ], [ 72.422789510091178, 36.199432712131099 ], [ 72.410543823242207, 36.188067287868947 ], [ 72.404862806532137, 36.186609225802968 ], [ 72.383900621202287, 36.164710489908877 ], [ 72.383333333333354, 36.158333333333353 ], [ 72.380017598470076, 36.15918409559464 ], [ 72.378599378797773, 36.164710489908877 ], [ 72.369860331217467, 36.174345228407141 ], [ 72.356122843424501, 36.175567287868944 ], [ 72.352210489908884, 36.178599378797763 ], [ 72.340920003255235, 36.179733954535614 ], [ 72.335543823242219, 36.175567287868944 ], [ 72.333333333333357, 36.175 ], [ 72.332715691460521, 36.17283969455297 ], [ 72.325617641872853, 36.164660305447072 ], [ 72.324197387695335, 36.154901801215296 ], [ 72.316666666666691, 36.15416666666669 ], [ 72.289242214626768, 36.154519992404531 ], [ 72.277424452039952, 36.166313340928838 ] ] ] ] } },
{ "type": "Feature", "properties": { "HYBAS_ID": 4070572760, "NEXT_DOWN": 4070585600, "NEXT_SINK": 4070033640, "MAIN_BAS": 4070033640, "DIST_SINK": 2324.4, "DIST_MAIN": 2324.4, "SUB_AREA": 572.3, "UP_AREA": 9009.9, "PFAF_ID": 4567065, "ENDO": 0, "COAST": 0, "ORDER": 2, "SORT": 5944, "areakm2": 572.4 }, "geometry": { "type": "MultiPolygon", "coordinates": [ [ [ [ 74.6625, 36.445833333333354 ], [ 74.660289510091175, 36.44640062120228 ], [ 74.656377156575545, 36.449432712131099 ], [ 74.651956176757835, 36.45056728786895 ], [ 74.648043823242219, 36.453599378797769 ], [ 74.642517598470079, 36.455017428927974 ], [ 74.641099378797776, 36.460543823242212 ], [ 74.63806728786895, 36.464456176757835 ], [ 74.6375, 36.46666666666669 ], [ 74.6375, 36.475 ], [ 74.64081573486331, 36.47585076226131 ], [ 74.641666666666694, 36.479166666666686 ], [ 74.642517598470079, 36.482482571072069 ], [ 74.645833333333357, 36.483333333333356 ], [ 74.652210489908882, 36.483900621202281 ], [ 74.660289510091175, 36.491099378797763 ], [ 74.685543823242213, 36.492233954535614 ], [ 74.689456176757844, 36.495266045464433 ], [ 74.738246663411488, 36.496400621202277 ], [ 74.743622843424504, 36.492233954535614 ], [ 74.760543823242216, 36.491099378797763 ], [ 74.764456176757847, 36.488067287868944 ], [ 74.768877156575542, 36.4869327121311 ], [ 74.772789510091172, 36.483900621202281 ], [ 74.781377156575545, 36.48276604546443 ], [ 74.785289510091175, 36.479733954535611 ], [ 74.802210489908887, 36.478599378797767 ], [ 74.806122843424504, 36.475567287868948 ], [ 74.838488091362876, 36.474432712131097 ], [ 74.851956176757838, 36.4869327121311 ], [ 74.856377156575547, 36.488067287868944 ], [ 74.864456176757841, 36.495266045464433 ], [ 74.875937228732667, 36.496400621202277 ], [ 74.88528951009117, 36.488067287868944 ], [ 74.894618394639792, 36.4869327121311 ], [ 74.895833333333357, 36.491666666666688 ], [ 74.9, 36.491666666666688 ], [ 74.911590915256113, 36.491043090820334 ], [ 74.913419596354203, 36.483916219075546 ], [ 74.924062771267387, 36.474432712131097 ], [ 74.948043823242216, 36.475567287868948 ], [ 74.953420003255232, 36.479733954535611 ], [ 74.960543823242219, 36.478599378797767 ], [ 74.964456176757835, 36.475567287868948 ], [ 74.971400621202292, 36.473785061306444 ], [ 74.970266045464442, 36.464456176757835 ], [ 74.967233954535615, 36.460543823242212 ], [ 74.966099378797779, 36.439456176757837 ], [ 74.963067287868952, 36.435543823242213 ], [ 74.961932712131102, 36.422789510091171 ], [ 74.954733954535627, 36.414710489908877 ], [ 74.953599378797776, 36.406122843424498 ], [ 74.95056728786895, 36.402210489908875 ], [ 74.949432712131113, 36.397789510091165 ], [ 74.946400621202287, 36.393877156575542 ], [ 74.945833333333368, 36.391666666666687 ], [ 74.946186659071216, 36.389242214626755 ], [ 74.949646674262183, 36.385757785373286 ], [ 74.950355699327289, 36.376712036132837 ], [ 74.955908881293439, 36.371186659071199 ], [ 74.960757785373289, 36.370480007595511 ], [ 74.964242214626765, 36.367019992404536 ], [ 74.973257785373292, 36.366313340928841 ], [ 74.976742214626768, 36.362853325737866 ], [ 74.991666666666703, 36.3625 ], [ 74.992024739583357, 36.360042995876761 ], [ 74.997575547960096, 36.354519992404533 ], [ 75.002424452039961, 36.353813340928838 ], [ 75.005908881293436, 36.350353325737871 ], [ 75.008333333333368, 36.35 ], [ 75.007766045464436, 36.347789510091168 ], [ 75.004733954535624, 36.343877156575545 ], [ 75.003247070312526, 36.33808288574221 ], [ 74.99387715657555, 36.329733954535612 ], [ 74.989456176757841, 36.328599378797762 ], [ 74.977210489908884, 36.31723395453561 ], [ 74.96759982638892, 36.315964084201411 ], [ 74.954733954535627, 36.302210489908873 ], [ 74.953458319769993, 36.292554050021721 ], [ 74.94778951009117, 36.291099378797767 ], [ 74.942413330078153, 36.286932712131097 ], [ 74.918622843424515, 36.288067287868941 ], [ 74.913246663411485, 36.292233954535611 ], [ 74.906122843424512, 36.291099378797767 ], [ 74.900746663411482, 36.286932712131097 ], [ 74.889456176757847, 36.288067287868941 ], [ 74.885543823242216, 36.291099378797767 ], [ 74.870833333333366, 36.291666666666686 ], [ 74.869924248589442, 36.288123575846377 ], [ 74.847789510091175, 36.286932712131097 ], [ 74.843877156575545, 36.283900621202278 ], [ 74.826956176757847, 36.282766045464427 ], [ 74.823043823242216, 36.279733954535608 ], [ 74.801956176757841, 36.278599378797765 ], [ 74.79804382324221, 36.275567287868945 ], [ 74.7916666666667, 36.275 ], [ 74.775, 36.275 ], [ 74.77414906819665, 36.278315904405403 ], [ 74.768622843424509, 36.279733954535608 ], [ 74.764710489908879, 36.282766045464427 ], [ 74.76028951009117, 36.283900621202278 ], [ 74.756377156575553, 36.286932712131097 ], [ 74.722789510091175, 36.288067287868941 ], [ 74.718877156575545, 36.291099378797767 ], [ 74.710289510091172, 36.292233954535611 ], [ 74.702210489908879, 36.2994327121311 ], [ 74.69778951009117, 36.300567287868944 ], [ 74.693877156575553, 36.303599378797763 ], [ 74.685289510091167, 36.304733954535614 ], [ 74.68137715657555, 36.307766045464433 ], [ 74.675, 36.308333333333351 ], [ 74.670833333333363, 36.308333333333351 ], [ 74.671186659071211, 36.310757785373283 ], [ 74.674646674262178, 36.314242214626759 ], [ 74.675353325737873, 36.318379720052107 ], [ 74.67084791395402, 36.322916666666686 ], [ 74.674646674262178, 36.326742214626755 ], [ 74.675353325737873, 36.331591118706619 ], [ 74.710046556260878, 36.366309271918425 ], [ 74.714924452039952, 36.367019992404536 ], [ 74.720475260416691, 36.372542995876756 ], [ 74.721186659071208, 36.377424452039953 ], [ 74.724646674262175, 36.380908881293422 ], [ 74.725, 36.383333333333354 ], [ 74.724112616644987, 36.386791653103323 ], [ 74.714456176757835, 36.388067287868942 ], [ 74.710543823242219, 36.391099378797762 ], [ 74.706122843424509, 36.392233954535612 ], [ 74.702210489908879, 36.395266045464432 ], [ 74.693622843424507, 36.396400621202275 ], [ 74.689710489908876, 36.399432712131102 ], [ 74.6875, 36.4 ], [ 74.687146674262181, 36.410757785373285 ], [ 74.683686659071213, 36.414242214626761 ], [ 74.682980007595518, 36.419091118706618 ], [ 74.667019992404548, 36.435075547960089 ], [ 74.666313340928852, 36.439924452039953 ], [ 74.662853325737871, 36.443408881293422 ], [ 74.6625, 36.445833333333354 ] ] ] ] } },
{ "type": "Feature", "properties": { "HYBAS_ID": 4070573010, "NEXT_DOWN": 4070585600, "NEXT_SINK": 4070033640, "MAIN_BAS": 4070033640, "DIST_SINK": 2324.4, "DIST_MAIN": 2324.4, "SUB_AREA": 1808.3, "UP_AREA": 1808.4, "PFAF_ID": 4567064, "ENDO": 0, "COAST": 0, "ORDER": 3, "SORT": 5945, "areakm2": 1808.62 }, "geometry": { "type": "MultiPolygon", "coordinates": [ [ [ [ 75.2375, 36.204166666666687 ], [ 75.239710489908887, 36.204733954535612 ], [ 75.24906277126739, 36.213067287868945 ], [ 75.25221048990889, 36.211932712131095 ], [ 75.257586669921906, 36.207766045464432 ], [ 75.285543823242222, 36.208900621202275 ], [ 75.301956176757841, 36.224432712131097 ], [ 75.307482571072086, 36.225850762261302 ], [ 75.309301079644129, 36.232937282986128 ], [ 75.314456176757844, 36.2369327121311 ], [ 75.323043823242216, 36.238067287868944 ], [ 75.326956176757847, 36.241099378797763 ], [ 75.3625, 36.241666666666688 ], [ 75.3625, 36.2375 ], [ 75.362853325737873, 36.235075547960093 ], [ 75.370480007595518, 36.227424452039955 ], [ 75.370833333333366, 36.225 ], [ 75.373257785373298, 36.224646674262175 ], [ 75.385075547960099, 36.212853325737868 ], [ 75.4166666666667, 36.2125 ], [ 75.4166666666667, 36.208333333333357 ], [ 75.424100409613743, 36.207672119140646 ], [ 75.425, 36.204166666666687 ], [ 75.428315904405409, 36.2033159044054 ], [ 75.429166666666703, 36.2 ], [ 75.429519992404551, 36.180908881293426 ], [ 75.437146674262181, 36.173257785373281 ], [ 75.437853325737876, 36.168408881293423 ], [ 75.442019992404553, 36.164213053385438 ], [ 75.441313340928858, 36.160075547960091 ], [ 75.437146674262181, 36.155879720052106 ], [ 75.437855699327287, 36.147547064887171 ], [ 75.447575547960099, 36.137853325737865 ], [ 75.456591118706626, 36.137146674262169 ], [ 75.464242214626765, 36.129519992404532 ], [ 75.473257785373292, 36.128813340928836 ], [ 75.476742214626768, 36.125353325737869 ], [ 75.485757785373295, 36.124646674262173 ], [ 75.49757554796011, 36.112853325737866 ], [ 75.5, 36.1125 ], [ 75.499382527669312, 36.11033969455297 ], [ 75.492223442925379, 36.10208977593318 ], [ 75.495215861002634, 36.097993638780402 ], [ 75.496694946289097, 36.087830946180574 ], [ 75.502006361219657, 36.083950805664081 ], [ 75.506326972113754, 36.082715861002626 ], [ 75.527006361219648, 36.063117472330745 ], [ 75.538117472330768, 36.061500379774323 ], [ 75.536882527669306, 36.039506361219637 ], [ 75.529784138997428, 36.031326972113732 ], [ 75.528549194335966, 36.027006361219634 ], [ 75.525617472330765, 36.022993638780399 ], [ 75.525, 36.0125 ], [ 75.510075547960099, 36.012853325737879 ], [ 75.506591118706638, 36.016313340928853 ], [ 75.489242214626771, 36.017019992404549 ], [ 75.485757785373295, 36.020480007595523 ], [ 75.480908881293431, 36.021186659071219 ], [ 75.477424452039969, 36.024646674262186 ], [ 75.441666666666706, 36.025 ], [ 75.439242214626773, 36.025353325737882 ], [ 75.435757785373298, 36.028813340928856 ], [ 75.405908881293442, 36.029519992404552 ], [ 75.402424452039966, 36.032980007595519 ], [ 75.3625, 36.033333333333367 ], [ 75.356122843424515, 36.033900621202292 ], [ 75.352210489908884, 36.036932712131112 ], [ 75.318622843424507, 36.038067287868955 ], [ 75.31471048990889, 36.041099378797782 ], [ 75.306122843424518, 36.042233954535625 ], [ 75.298043823242224, 36.049432712131114 ], [ 75.295086669921901, 36.050567287868958 ], [ 75.289710489908884, 36.046400621202295 ], [ 75.247048272026944, 36.045266045464444 ], [ 75.245833333333366, 36.05 ], [ 75.210289510091172, 36.050567287868958 ], [ 75.206377156575556, 36.053599378797777 ], [ 75.180381605360282, 36.054733954535628 ], [ 75.179166666666703, 36.05 ], [ 75.175708346896727, 36.049112616644997 ], [ 75.174291653103325, 36.038387383355072 ], [ 75.168622843424515, 36.036932712131112 ], [ 75.160543823242222, 36.029733954535622 ], [ 75.144896104600718, 36.028599378797779 ], [ 75.135543823242216, 36.036932712131112 ], [ 75.131122843424507, 36.038067287868955 ], [ 75.11887715657555, 36.049432712131114 ], [ 75.1125, 36.05 ], [ 75.112146674262178, 36.052424452039965 ], [ 75.104519992404548, 36.060075547960103 ], [ 75.103813340928852, 36.069091118706631 ], [ 75.092019992404545, 36.080908881293439 ], [ 75.091666666666697, 36.08333333333335 ], [ 75.089456176757849, 36.082766045464446 ], [ 75.085543823242219, 36.079733954535627 ], [ 75.07621493869361, 36.078599378797776 ], [ 75.074432712131113, 36.085543823242226 ], [ 75.070437282986148, 36.090698920355941 ], [ 75.064456176757844, 36.092233954535629 ], [ 75.060404798719645, 36.095373874240487 ], [ 75.046535915798643, 36.082400173611148 ], [ 75.045266045464444, 36.072789510091184 ], [ 75.038067287868955, 36.06471048990889 ], [ 75.036932712131104, 36.060289510091181 ], [ 75.028583780924507, 36.050919765896303 ], [ 75.022789510091172, 36.049432712131114 ], [ 75.018877156575556, 36.046400621202295 ], [ 75.014456176757847, 36.045266045464444 ], [ 75.006377156575553, 36.038067287868955 ], [ 75.003420003255243, 36.036932712131112 ], [ 74.998043823242213, 36.041099378797782 ], [ 74.989456176757841, 36.042233954535625 ], [ 74.981377156575547, 36.049432712131114 ], [ 74.972789510091175, 36.050567287868958 ], [ 74.968877156575545, 36.053599378797777 ], [ 74.966666666666697, 36.054166666666688 ], [ 74.964242214626765, 36.053813340928855 ], [ 74.960757785373289, 36.050353325737881 ], [ 74.958333333333357, 36.05 ], [ 74.957365587022593, 36.046229214138492 ], [ 74.952210489908879, 36.042233954535625 ], [ 74.917690361870683, 36.041067843967049 ], [ 74.908900621202292, 36.031377156575559 ], [ 74.90748257107208, 36.025850931803419 ], [ 74.90058288574221, 36.024080234103771 ], [ 74.892233954535612, 36.014710489908886 ], [ 74.891666666666694, 36.0125 ], [ 74.889242214626762, 36.012853325737879 ], [ 74.856591118706632, 36.045480007595522 ], [ 74.830908881293425, 36.046186659071218 ], [ 74.827424452039963, 36.049646674262185 ], [ 74.823287116156706, 36.050353325737881 ], [ 74.819091118706623, 36.046186659071218 ], [ 74.810787116156718, 36.045480007595522 ], [ 74.806591118706621, 36.049646674262185 ], [ 74.793408881293431, 36.050353325737881 ], [ 74.789924452039955, 36.053813340928855 ], [ 74.780908881293428, 36.054519992404551 ], [ 74.777424452039952, 36.057980007595525 ], [ 74.766666666666694, 36.058333333333351 ], [ 74.766666666666694, 36.0625 ], [ 74.743622843424504, 36.063067287868947 ], [ 74.72589552137589, 36.079843817816858 ], [ 74.72410040961374, 36.086838785807309 ], [ 74.710289510091172, 36.088067287868945 ], [ 74.706377156575542, 36.091099378797765 ], [ 74.69778951009117, 36.092233954535608 ], [ 74.689710489908876, 36.099432712131097 ], [ 74.685289510091167, 36.100567287868941 ], [ 74.68137715657555, 36.10359937879776 ], [ 74.676956176757841, 36.104733954535611 ], [ 74.67304382324221, 36.10776604546443 ], [ 74.668622843424501, 36.108900621202274 ], [ 74.660543823242222, 36.116099378797763 ], [ 74.65833333333336, 36.116666666666688 ], [ 74.65833333333336, 36.120833333333351 ], [ 74.658686659071208, 36.123257785373283 ], [ 74.666313340928852, 36.130908881293422 ], [ 74.667019992404548, 36.139924452039949 ], [ 74.670480007595515, 36.143408881293425 ], [ 74.671186659071211, 36.148257785373282 ], [ 74.674646674262178, 36.151742214626758 ], [ 74.675, 36.158333333333353 ], [ 74.677210489908887, 36.158900621202278 ], [ 74.681122843424504, 36.161932712131097 ], [ 74.694933742947072, 36.163161214192726 ], [ 74.69672071668839, 36.170124986436655 ], [ 74.706377156575542, 36.171400621202274 ], [ 74.711532253689271, 36.175396050347246 ], [ 74.7125, 36.179166666666688 ], [ 74.711932712131102, 36.181377156575543 ], [ 74.708900621202289, 36.185289510091167 ], [ 74.707766045464439, 36.189710489908876 ], [ 74.704733954535612, 36.1936228434245 ], [ 74.703599378797776, 36.202210489908872 ], [ 74.696400621202287, 36.210289510091165 ], [ 74.694865587022591, 36.216270616319463 ], [ 74.689710489908876, 36.220266045464427 ], [ 74.68418426513675, 36.22168409559464 ], [ 74.682766045464433, 36.227210489908877 ], [ 74.67859937879777, 36.232586669921893 ], [ 74.679733954535621, 36.239710489908873 ], [ 74.683900621202284, 36.245086669921896 ], [ 74.682766045464433, 36.248043823242206 ], [ 74.679733954535621, 36.251956176757837 ], [ 74.67859937879777, 36.268877156575542 ], [ 74.675567287868944, 36.272789510091165 ], [ 74.674432712131107, 36.281377156575545 ], [ 74.671400621202281, 36.285289510091168 ], [ 74.67026604546443, 36.29387715657554 ], [ 74.666402011447516, 36.298862711588562 ], [ 74.670833333333363, 36.3 ], [ 74.671186659071211, 36.302424452039951 ], [ 74.674646674262178, 36.305908881293426 ], [ 74.675, 36.308333333333351 ], [ 74.68137715657555, 36.307766045464433 ], [ 74.685289510091167, 36.304733954535614 ], [ 74.693877156575553, 36.303599378797763 ], [ 74.69778951009117, 36.300567287868944 ], [ 74.702210489908879, 36.2994327121311 ], [ 74.710289510091172, 36.292233954535611 ], [ 74.718877156575545, 36.291099378797767 ], [ 74.722789510091175, 36.288067287868941 ], [ 74.756377156575553, 36.286932712131097 ], [ 74.76028951009117, 36.283900621202278 ], [ 74.764710489908879, 36.282766045464427 ], [ 74.768622843424509, 36.279733954535608 ], [ 74.77414906819665, 36.278315904405403 ], [ 74.775, 36.275 ], [ 74.7916666666667, 36.275 ], [ 74.79804382324221, 36.275567287868945 ], [ 74.801956176757841, 36.278599378797765 ], [ 74.823043823242216, 36.279733954535608 ], [ 74.826956176757847, 36.282766045464427 ], [ 74.843877156575545, 36.283900621202278 ], [ 74.847789510091175, 36.286932712131097 ], [ 74.869924248589442, 36.288123575846377 ], [ 74.870833333333366, 36.291666666666686 ], [ 74.885543823242216, 36.291099378797767 ], [ 74.889456176757847, 36.288067287868941 ], [ 74.900746663411482, 36.286932712131097 ], [ 74.906122843424512, 36.291099378797767 ], [ 74.913246663411485, 36.292233954535611 ], [ 74.918622843424515, 36.288067287868941 ], [ 74.942413330078153, 36.286932712131097 ], [ 74.94778951009117, 36.291099378797767 ], [ 74.953458319769993, 36.292554050021721 ], [ 74.954733954535627, 36.302210489908873 ], [ 74.96759982638892, 36.315964084201411 ], [ 74.977210489908884, 36.31723395453561 ], [ 74.989456176757841, 36.328599378797762 ], [ 74.99387715657555, 36.329733954535612 ], [ 75.003247070312526, 36.33808288574221 ], [ 75.004733954535624, 36.343877156575545 ], [ 75.007766045464436, 36.347789510091168 ], [ 75.008333333333368, 36.35 ], [ 75.03257208930124, 36.349307929144985 ], [ 75.033988783094642, 36.33121100531686 ], [ 75.03684455023874, 36.327122328016515 ], [ 75.038483005099863, 36.32181633843318 ], [ 75.043788994683183, 36.320177883572072 ], [ 75.047877671983542, 36.317322116427974 ], [ 75.058168538411493, 36.315718248155406 ], [ 75.061844550238746, 36.310455661349849 ], [ 75.0625, 36.308333333333351 ], [ 75.063117472330759, 36.306173027886302 ], [ 75.0743825276693, 36.293826972113735 ], [ 75.075802612304713, 36.284068467881966 ], [ 75.083333333333371, 36.283333333333353 ], [ 75.089924452039966, 36.283686659071201 ], [ 75.105908881293431, 36.299646674262178 ], [ 75.123257785373298, 36.300353325737866 ], [ 75.126742214626773, 36.303813340928841 ], [ 75.144091118706626, 36.304519992404536 ], [ 75.155908881293428, 36.316313340928843 ], [ 75.169091118706632, 36.317019992404532 ], [ 75.172575547960108, 36.320480007595506 ], [ 75.175, 36.320833333333354 ], [ 75.211580403645868, 36.320249430338563 ], [ 75.2125, 36.316666666666691 ], [ 75.218877156575559, 36.316099378797766 ], [ 75.222789510091175, 36.313067287868947 ], [ 75.22831590440542, 36.311649237738735 ], [ 75.2291666666667, 36.308333333333351 ], [ 75.229733954535618, 36.289456176757831 ], [ 75.232766045464444, 36.285543823242207 ], [ 75.233900621202295, 36.276956176757835 ], [ 75.238067287868958, 36.271579996744812 ], [ 75.2367611355252, 36.263379584418423 ], [ 75.22974955240889, 36.261580403645851 ], [ 75.221400621202292, 36.252210489908876 ], [ 75.22083333333336, 36.25 ], [ 75.22083333333336, 36.208333333333357 ], [ 75.221746826171909, 36.204774305555574 ], [ 75.2375, 36.204166666666687 ] ] ] ] } },
{ "type": "Feature", "properties": { "HYBAS_ID": 4070603790, "NEXT_DOWN": 4070590440, "NEXT_SINK": 4070033640, "MAIN_BAS": 4070033640, "DIST_SINK": 2356.4, "DIST_MAIN": 2356.4, "SUB_AREA": 520.4, "UP_AREA": 133012.4, "PFAF_ID": 4567090, "ENDO": 0, "COAST": 0, "ORDER": 1, "SORT": 5948, "areakm2": 520.42 }, "geometry": { "type": "MultiPolygon", "coordinates": [ [ [ [ 75.7625, 35.366666666666696 ], [ 75.764924452039963, 35.367019992404543 ], [ 75.772575547960102, 35.374646674262181 ], [ 75.777424452039966, 35.375353325737876 ], [ 75.785075547960105, 35.382980007595513 ], [ 75.789924452039969, 35.383686659071209 ], [ 75.795478312174509, 35.389212883843342 ], [ 75.795833333333377, 35.395833333333364 ], [ 75.814924452039961, 35.396186659071212 ], [ 75.819120279947953, 35.400353325737875 ], [ 75.823257785373301, 35.399646674262186 ], [ 75.827453613281293, 35.395480007595516 ], [ 75.835757785373303, 35.396186659071212 ], [ 75.839953613281281, 35.400353325737875 ], [ 75.856591118706632, 35.399646674262186 ], [ 75.860075547960108, 35.396186659071212 ], [ 75.8625, 35.395833333333364 ], [ 75.863067287868958, 35.398043823242219 ], [ 75.866099378797784, 35.401956176757842 ], [ 75.867572360568616, 35.407695685492655 ], [ 75.88554382324223, 35.408900621202285 ], [ 75.890920003255246, 35.413067287868955 ], [ 75.906377156575559, 35.411932712131104 ], [ 75.911753336588575, 35.407766045464442 ], [ 75.923043823242224, 35.408900621202285 ], [ 75.927083333333371, 35.412031216091613 ], [ 75.931122843424518, 35.408900621202285 ], [ 75.943877156575553, 35.407766045464442 ], [ 75.947789510091184, 35.404733954535622 ], [ 75.970833333333374, 35.404166666666697 ], [ 75.971494547526063, 35.396732923719647 ], [ 75.97721048990887, 35.395266045464439 ], [ 75.985289510091164, 35.388067287868957 ], [ 75.9875, 35.3875 ], [ 75.989924452039958, 35.387146674262183 ], [ 75.997575547960096, 35.379519992404546 ], [ 76.006591118706623, 35.378813340928851 ], [ 76.010075547960085, 35.375353325737876 ], [ 76.020833333333357, 35.375 ], [ 76.021186659071205, 35.372575547960096 ], [ 76.024646674262172, 35.369091118706628 ], [ 76.025, 35.3625 ], [ 76.022789510091187, 35.361932712131107 ], [ 76.01054382324223, 35.350567287868955 ], [ 76.006122843424521, 35.349432712131104 ], [ 76.00221048990889, 35.346400621202285 ], [ 75.993622843424518, 35.345266045464442 ], [ 75.984252929687543, 35.336917114257844 ], [ 75.982482571072083, 35.330017598470079 ], [ 75.976956176757852, 35.328599378797776 ], [ 75.973043823242222, 35.32556728786895 ], [ 75.968622843424512, 35.324432712131106 ], [ 75.964710489908896, 35.321400621202287 ], [ 75.956122843424524, 35.320266045464436 ], [ 75.929769558376776, 35.294800313313829 ], [ 75.928599378797784, 35.26445617675784 ], [ 75.921400621202295, 35.256377156575553 ], [ 75.920195515950553, 35.238405693901939 ], [ 75.913161214192741, 35.236600409613743 ], [ 75.9125, 35.229166666666693 ], [ 75.911649237738757, 35.225850931803414 ], [ 75.908333333333374, 35.225 ], [ 75.905908881293442, 35.224646674262182 ], [ 75.898257785373303, 35.217019992404545 ], [ 75.893408881293439, 35.216313340928849 ], [ 75.889924452039963, 35.212853325737875 ], [ 75.885075547960113, 35.212146674262179 ], [ 75.877424452039975, 35.204519992404542 ], [ 75.870833333333366, 35.204166666666694 ], [ 75.860075547960108, 35.204519992404542 ], [ 75.856591118706632, 35.207980007595516 ], [ 75.839242214626779, 35.208686659071212 ], [ 75.835757785373303, 35.212146674262179 ], [ 75.793408881293445, 35.212853325737875 ], [ 75.789924452039969, 35.216313340928849 ], [ 75.785075547960105, 35.217019992404545 ], [ 75.781591118706629, 35.220480007595512 ], [ 75.773286946614618, 35.221186659071208 ], [ 75.769091118706626, 35.217019992404545 ], [ 75.75245361328129, 35.216313340928849 ], [ 75.748257785373298, 35.220480007595512 ], [ 75.741666666666703, 35.22083333333336 ], [ 75.739506361219654, 35.220215691460531 ], [ 75.734194946289094, 35.216335550944038 ], [ 75.732715861002646, 35.206173197428413 ], [ 75.721450805664105, 35.193826802571643 ], [ 75.720039198133719, 35.184127468533013 ], [ 75.709305148654551, 35.182565138075113 ], [ 75.708333333333371, 35.179166666666696 ], [ 75.706122843424509, 35.179733954535621 ], [ 75.702210489908893, 35.18276604546444 ], [ 75.697789510091184, 35.183900621202284 ], [ 75.692397054036491, 35.188397725423208 ], [ 75.691099378797773, 35.196821424696211 ], [ 75.703599378797776, 35.210289510091172 ], [ 75.704733954535627, 35.213246663411489 ], [ 75.700567287868964, 35.218622843424505 ], [ 75.699432712131113, 35.223043823242215 ], [ 75.696400621202287, 35.226956176757838 ], [ 75.694982571072089, 35.232482401529978 ], [ 75.689456176757844, 35.233900621202288 ], [ 75.685543823242227, 35.236932712131107 ], [ 75.681122843424518, 35.238067287868951 ], [ 75.664710489908884, 35.253599378797773 ], [ 75.660289510091175, 35.254733954535617 ], [ 75.656377156575559, 35.257766045464436 ], [ 75.651956176757849, 35.258900621202287 ], [ 75.648043823242219, 35.261932712131106 ], [ 75.642327880859412, 35.263399590386314 ], [ 75.641099378797776, 35.277210489908882 ], [ 75.633900621202287, 35.285289510091175 ], [ 75.632719251844648, 35.311588372124596 ], [ 75.625850762261322, 35.313350931803413 ], [ 75.625, 35.316666666666698 ], [ 75.625, 35.320833333333361 ], [ 75.625, 35.325 ], [ 75.629166666666706, 35.325 ], [ 75.639710489908893, 35.32556728786895 ], [ 75.645086669921909, 35.329733954535619 ], [ 75.668877156575562, 35.328599378797776 ], [ 75.674253336588578, 35.324432712131106 ], [ 75.677210489908887, 35.32556728786895 ], [ 75.681122843424518, 35.328599378797776 ], [ 75.686862182617219, 35.330072360568607 ], [ 75.688132731119822, 35.349020894368522 ], [ 75.694983249240494, 35.354733954535618 ], [ 75.731377156575562, 35.353599378797774 ], [ 75.735429212782151, 35.35045895046661 ], [ 75.751956176757844, 35.36609937879777 ], [ 75.7625, 35.366666666666696 ] ] ] ] } },
{ "type": "Feature", "properties": { "HYBAS_ID": 4070603660, "NEXT_DOWN": 4070590440, "NEXT_SINK": 4070033640, "MAIN_BAS": 4070033640, "DIST_SINK": 2356.6, "DIST_MAIN": 2356.6, "SUB_AREA": 7040.1, "UP_AREA": 7040.1, "PFAF_ID": 4567080, "ENDO": 0, "COAST": 0, "ORDER": 2, "SORT": 5949, "areakm2": 7040.84 }, "geometry": { "type": "MultiPolygon", "coordinates": [ [ [ [ 75.795833333333377, 35.395833333333364 ], [ 75.795478312174509, 35.389212883843342 ], [ 75.789924452039969, 35.383686659071209 ], [ 75.785075547960105, 35.382980007595513 ], [ 75.777424452039966, 35.375353325737876 ], [ 75.772575547960102, 35.374646674262181 ], [ 75.764924452039963, 35.367019992404543 ], [ 75.7625, 35.366666666666696 ], [ 75.751956176757844, 35.36609937879777 ], [ 75.735429212782151, 35.35045895046661 ], [ 75.731377156575562, 35.353599378797774 ], [ 75.694983249240494, 35.354733954535618 ], [ 75.688132731119822, 35.349020894368522 ], [ 75.686862182617219, 35.330072360568607 ], [ 75.681122843424518, 35.328599378797776 ], [ 75.677210489908887, 35.32556728786895 ], [ 75.674253336588578, 35.324432712131106 ], [ 75.668877156575562, 35.328599378797776 ], [ 75.645086669921909, 35.329733954535619 ], [ 75.639710489908893, 35.32556728786895 ], [ 75.629166666666706, 35.325 ], [ 75.625, 35.325 ], [ 75.62443271213111, 35.327210489908886 ], [ 75.621400621202298, 35.331122843424509 ], [ 75.619982571072086, 35.336649068196643 ], [ 75.616666666666703, 35.3375 ], [ 75.616313340928855, 35.348257785373292 ], [ 75.612853325737888, 35.351742214626768 ], [ 75.612146674262192, 35.360048929850294 ], [ 75.620480007595518, 35.368408881293433 ], [ 75.621186659071213, 35.398257785373296 ], [ 75.624985419379371, 35.402083333333366 ], [ 75.620847913954023, 35.40625 ], [ 75.624646674262181, 35.410075547960098 ], [ 75.625, 35.4125 ], [ 75.624646674262181, 35.419091118706625 ], [ 75.617019992404551, 35.426742214626763 ], [ 75.616313340928855, 35.431591118706628 ], [ 75.606621636284757, 35.441308932834232 ], [ 75.6041666666667, 35.441666666666698 ], [ 75.603599378797782, 35.448043823242216 ], [ 75.600567287868955, 35.451956176757847 ], [ 75.599149237738743, 35.45748240152998 ], [ 75.595833333333374, 35.458333333333364 ], [ 75.589242214626765, 35.457980007595516 ], [ 75.585757785373303, 35.454519992404542 ], [ 75.57328423394101, 35.453813340928846 ], [ 75.564924452039961, 35.462146674262186 ], [ 75.5625, 35.4625 ], [ 75.556160481770874, 35.463105095757406 ], [ 75.552172851562531, 35.466061570909318 ], [ 75.547827148437534, 35.467271762424076 ], [ 75.543839518229206, 35.470228237575988 ], [ 75.532545979817741, 35.471438429090739 ], [ 75.521774291992216, 35.462029181586402 ], [ 75.513276841905423, 35.463284810384145 ], [ 75.511895073784757, 35.473006015353761 ], [ 75.508938259548643, 35.476993984646299 ], [ 75.507728407118094, 35.489672682020426 ], [ 75.495399983723999, 35.503127034505241 ], [ 75.491666666666703, 35.504166666666698 ], [ 75.491313340928855, 35.506591118706631 ], [ 75.475353325737885, 35.522575547960102 ], [ 75.474646674262189, 35.527424452039959 ], [ 75.471186659071208, 35.530908881293435 ], [ 75.47083333333336, 35.5375 ], [ 75.468408881293442, 35.537853325737878 ], [ 75.448257785373301, 35.557980007595518 ], [ 75.445833333333368, 35.558333333333366 ], [ 75.44526604546445, 35.568877156575553 ], [ 75.442233954535624, 35.572789510091177 ], [ 75.441099378797773, 35.577210489908886 ], [ 75.433900621202284, 35.585289510091179 ], [ 75.432766045464447, 35.589710489908889 ], [ 75.425567287868958, 35.597789510091175 ], [ 75.424432712131107, 35.602210489908884 ], [ 75.421400621202295, 35.606122843424508 ], [ 75.420266045464444, 35.610543823242217 ], [ 75.407687717013928, 35.624096510145428 ], [ 75.401956176757849, 35.625567287868954 ], [ 75.398043823242219, 35.628599378797773 ], [ 75.393622843424509, 35.629733954535624 ], [ 75.389710489908893, 35.632766045464443 ], [ 75.385289510091184, 35.633900621202287 ], [ 75.37721048990889, 35.641099378797776 ], [ 75.371684095594645, 35.642517598470086 ], [ 75.370833333333366, 35.645833333333364 ], [ 75.370480007595518, 35.648257785373296 ], [ 75.362853325737873, 35.655908881293435 ], [ 75.362146674262192, 35.660757785373299 ], [ 75.358686659071211, 35.664242214626768 ], [ 75.358333333333363, 35.6666666666667 ], [ 75.351742214626768, 35.667019992404548 ], [ 75.346186998155417, 35.672547234429288 ], [ 75.345480007595512, 35.710757785373296 ], [ 75.339957004123292, 35.716308593750036 ], [ 75.335075547960102, 35.717019992404545 ], [ 75.323257785373301, 35.728813340928852 ], [ 75.318408881293436, 35.729519992404548 ], [ 75.306591118706635, 35.741313340928855 ], [ 75.304166666666703, 35.741666666666703 ], [ 75.301742214626771, 35.742019992404543 ], [ 75.298257785373295, 35.745480007595518 ], [ 75.289953613281284, 35.746186659071213 ], [ 75.285757785373292, 35.742019992404543 ], [ 75.277450222439271, 35.741313340928855 ], [ 75.264924452039963, 35.753813340928851 ], [ 75.226742214626768, 35.754519992404546 ], [ 75.219091118706629, 35.762146674262183 ], [ 75.197575547960099, 35.762853325737879 ], [ 75.194091118706623, 35.766313340928853 ], [ 75.189242214626773, 35.767019992404549 ], [ 75.185757785373298, 35.770480007595516 ], [ 75.180908881293433, 35.771186659071212 ], [ 75.175358072916694, 35.776709832085537 ], [ 75.175, 35.779166666666697 ], [ 75.175, 35.783333333333367 ], [ 75.172575547960108, 35.782980007595519 ], [ 75.169091118706632, 35.779519992404545 ], [ 75.151742214626765, 35.778813340928849 ], [ 75.148257785373289, 35.775353325737882 ], [ 75.141666666666694, 35.775 ], [ 75.139242214626762, 35.775353325737882 ], [ 75.125357733832502, 35.789212205674943 ], [ 75.124646674262181, 35.794091118706632 ], [ 75.121186659071213, 35.797575547960101 ], [ 75.120480007595518, 35.810046217176684 ], [ 75.124646674262181, 35.814242214626766 ], [ 75.125353325737876, 35.822548929850292 ], [ 75.117019992404551, 35.830908881293439 ], [ 75.116313340928855, 35.835757785373296 ], [ 75.104519992404548, 35.847575547960105 ], [ 75.1041666666667, 35.8541666666667 ], [ 75.085289510091172, 35.854733954535625 ], [ 75.081377156575556, 35.857766045464444 ], [ 75.076956176757847, 35.858900621202288 ], [ 75.073043823242216, 35.861932712131107 ], [ 75.068622843424507, 35.863067287868958 ], [ 75.06471048990889, 35.866099378797777 ], [ 75.053420003255241, 35.867233954535621 ], [ 75.048043823242224, 35.863067287868958 ], [ 75.042517428927979, 35.861649068196648 ], [ 75.040503607855939, 35.853800794813402 ], [ 75.031377156575545, 35.861932712131107 ], [ 75.026956176757849, 35.863067287868958 ], [ 75.014710489908879, 35.87443271213111 ], [ 74.997789510091181, 35.875567287868961 ], [ 74.99387715657555, 35.87859937879778 ], [ 74.983333333333363, 35.879166666666698 ], [ 74.980908881293431, 35.878813340928851 ], [ 74.973257785373292, 35.871186659071213 ], [ 74.97083333333336, 35.870833333333366 ], [ 74.970480007595512, 35.902424452039966 ], [ 74.962853325737882, 35.910075547960105 ], [ 74.962146674262186, 35.914924452039962 ], [ 74.958686659071205, 35.918408881293438 ], [ 74.957980007595509, 35.923257785373295 ], [ 74.952457004123289, 35.928808593750034 ], [ 74.947575547960099, 35.929519992404551 ], [ 74.944091118706623, 35.932980007595518 ], [ 74.939242214626759, 35.933686659071213 ], [ 74.933689371744819, 35.939211866590746 ], [ 74.932980007595518, 35.947546217176686 ], [ 74.937146674262181, 35.951742214626769 ], [ 74.9375, 35.954166666666701 ], [ 74.937146674262181, 35.960757785373296 ], [ 74.933686659071213, 35.964242214626772 ], [ 74.932980007595518, 35.973257785373299 ], [ 74.927457004123298, 35.978808593750031 ], [ 74.922575547960093, 35.979519992404548 ], [ 74.910757785373292, 35.991313340928855 ], [ 74.905908881293428, 35.992019992404551 ], [ 74.902424452039966, 35.995480007595518 ], [ 74.897575547960102, 35.996186659071213 ], [ 74.892024739583363, 36.001709832085538 ], [ 74.891666666666694, 36.004166666666698 ], [ 74.891666666666694, 36.008333333333368 ], [ 74.891666666666694, 36.0125 ], [ 74.892233954535612, 36.014710489908886 ], [ 74.90058288574221, 36.024080234103771 ], [ 74.90748257107208, 36.025850931803419 ], [ 74.908900621202292, 36.031377156575559 ], [ 74.917690361870683, 36.041067843967049 ], [ 74.952210489908879, 36.042233954535625 ], [ 74.957365587022593, 36.046229214138492 ], [ 74.958333333333357, 36.05 ], [ 74.960757785373289, 36.050353325737881 ], [ 74.964242214626765, 36.053813340928855 ], [ 74.966666666666697, 36.054166666666688 ], [ 74.968877156575545, 36.053599378797777 ], [ 74.972789510091175, 36.050567287868958 ], [ 74.981377156575547, 36.049432712131114 ], [ 74.989456176757841, 36.042233954535625 ], [ 74.998043823242213, 36.041099378797782 ], [ 75.003420003255243, 36.036932712131112 ], [ 75.006377156575553, 36.038067287868955 ], [ 75.014456176757847, 36.045266045464444 ], [ 75.018877156575556, 36.046400621202295 ], [ 75.022789510091172, 36.049432712131114 ], [ 75.028583780924507, 36.050919765896303 ], [ 75.036932712131104, 36.060289510091181 ], [ 75.038067287868955, 36.06471048990889 ], [ 75.045266045464444, 36.072789510091184 ], [ 75.046535915798643, 36.082400173611148 ], [ 75.060404798719645, 36.095373874240487 ], [ 75.064456176757844, 36.092233954535629 ], [ 75.070437282986148, 36.090698920355941 ], [ 75.074432712131113, 36.085543823242226 ], [ 75.07621493869361, 36.078599378797776 ], [ 75.085543823242219, 36.079733954535627 ], [ 75.089456176757849, 36.082766045464446 ], [ 75.091666666666697, 36.08333333333335 ], [ 75.092019992404545, 36.080908881293439 ], [ 75.103813340928852, 36.069091118706631 ], [ 75.104519992404548, 36.060075547960103 ], [ 75.112146674262178, 36.052424452039965 ], [ 75.1125, 36.05 ], [ 75.11887715657555, 36.049432712131114 ], [ 75.131122843424507, 36.038067287868955 ], [ 75.135543823242216, 36.036932712131112 ], [ 75.144896104600718, 36.028599378797779 ], [ 75.160543823242222, 36.029733954535622 ], [ 75.168622843424515, 36.036932712131112 ], [ 75.174291653103325, 36.038387383355072 ], [ 75.175708346896727, 36.049112616644997 ], [ 75.179166666666703, 36.05 ], [ 75.180381605360282, 36.054733954535628 ], [ 75.206377156575556, 36.053599378797777 ], [ 75.210289510091172, 36.050567287868958 ], [ 75.245833333333366, 36.05 ], [ 75.247048272026944, 36.045266045464444 ], [ 75.289710489908884, 36.046400621202295 ], [ 75.295086669921901, 36.050567287868958 ], [ 75.298043823242224, 36.049432712131114 ], [ 75.306122843424518, 36.042233954535625 ], [ 75.31471048990889, 36.041099378797782 ], [ 75.318622843424507, 36.038067287868955 ], [ 75.352210489908884, 36.036932712131112 ], [ 75.356122843424515, 36.033900621202292 ], [ 75.3625, 36.033333333333367 ], [ 75.402424452039966, 36.032980007595519 ], [ 75.405908881293442, 36.029519992404552 ], [ 75.435757785373298, 36.028813340928856 ], [ 75.439242214626773, 36.025353325737882 ], [ 75.441666666666706, 36.025 ], [ 75.477424452039969, 36.024646674262186 ], [ 75.480908881293431, 36.021186659071219 ], [ 75.485757785373295, 36.020480007595523 ], [ 75.489242214626771, 36.017019992404549 ], [ 75.506591118706638, 36.016313340928853 ], [ 75.510075547960099, 36.012853325737879 ], [ 75.525, 36.0125 ], [ 75.525617472330765, 36.022993638780399 ], [ 75.528549194335966, 36.027006361219634 ], [ 75.529784138997428, 36.031326972113732 ], [ 75.536882527669306, 36.039506361219637 ], [ 75.538117472330768, 36.061500379774323 ], [ 75.527006361219648, 36.063117472330745 ], [ 75.506326972113754, 36.082715861002626 ], [ 75.502006361219657, 36.083950805664081 ], [ 75.496694946289097, 36.087830946180574 ], [ 75.495215861002634, 36.097993638780402 ], [ 75.492223442925379, 36.10208977593318 ], [ 75.499382527669312, 36.11033969455297 ], [ 75.5, 36.1125 ], [ 75.50221048990889, 36.113067287868944 ], [ 75.506122843424507, 36.116099378797763 ], [ 75.510543823242216, 36.117233954535607 ], [ 75.514583333333363, 36.120364718967032 ], [ 75.518622843424509, 36.117233954535607 ], [ 75.543877156575562, 36.116099378797763 ], [ 75.551956176757841, 36.108900621202274 ], [ 75.571821424696211, 36.10776604546443 ], [ 75.585289510091187, 36.120266045464433 ], [ 75.593877156575559, 36.121400621202277 ], [ 75.597789510091175, 36.124432712131096 ], [ 75.604913330078162, 36.125567287868947 ], [ 75.610289510091178, 36.121400621202277 ], [ 75.613246663411488, 36.120266045464433 ], [ 75.618622843424518, 36.124432712131096 ], [ 75.63843722873267, 36.125567287868947 ], [ 75.647789510091187, 36.117233954535607 ], [ 75.657118394639795, 36.116099378797763 ], [ 75.658333333333374, 36.120833333333351 ], [ 75.683333333333366, 36.120833333333351 ], [ 75.683900621202298, 36.118622843424497 ], [ 75.68693271213111, 36.114710489908873 ], [ 75.688350762261322, 36.109184095594635 ], [ 75.695437282986148, 36.107365587022592 ], [ 75.700567287868964, 36.100746663411478 ], [ 75.699432712131113, 36.097789510091168 ], [ 75.69526604546445, 36.092413330078145 ], [ 75.696507093641529, 36.080063205295161 ], [ 75.7, 36.079166666666687 ], [ 75.7, 36.075 ], [ 75.720833333333374, 36.075 ], [ 75.724149237738757, 36.074149237738737 ], [ 75.725, 36.070833333333354 ], [ 75.736590915256116, 36.070209757487 ], [ 75.738350762261319, 36.063350762261301 ], [ 75.74387715657555, 36.061932712131096 ], [ 75.747789510091181, 36.058900621202277 ], [ 75.757404242621561, 36.057630411783876 ], [ 75.766099378797776, 36.04804382324221 ], [ 75.767233954535627, 36.043622843424501 ], [ 75.770266045464439, 36.03971048990887 ], [ 75.771400621202289, 36.035289510091168 ], [ 75.774432712131116, 36.031377156575537 ], [ 75.775704277886319, 36.021752929687523 ], [ 75.781122843424512, 36.017233954535612 ], [ 75.785543823242222, 36.016099378797762 ], [ 75.789456176757852, 36.013067287868942 ], [ 75.795833333333377, 36.0125 ], [ 75.8, 36.0125 ], [ 75.823992919921892, 36.013144429524772 ], [ 75.826158820258271, 36.020719401041703 ], [ 75.83286421034073, 36.025617641872863 ], [ 75.839660135904964, 36.024382358127205 ], [ 75.845364210340733, 36.020215691460535 ], [ 75.868826802571633, 36.0214509752062 ], [ 75.87283986409507, 36.024382358127205 ], [ 75.877160135904973, 36.025617641872863 ], [ 75.885339864095073, 36.032715691460538 ], [ 75.889660135904975, 36.033950975206196 ], [ 75.893673197428413, 36.036882358127208 ], [ 75.897993469238301, 36.038117641872866 ], [ 75.902006530761739, 36.041049024793871 ], [ 75.908219401041691, 36.042825486924947 ], [ 75.911938476562526, 36.047916666666701 ], [ 75.908065965440557, 36.05321807861332 ], [ 75.91882680257163, 36.054784308539531 ], [ 75.922839864095067, 36.057715691460537 ], [ 75.931326802571633, 36.058950975206201 ], [ 75.94367319742841, 36.07021569146054 ], [ 75.945833333333354, 36.070833333333354 ], [ 75.953267076280397, 36.070172119140658 ], [ 75.955017598470079, 36.06335093180342 ], [ 75.961862352159315, 36.061594306098122 ], [ 75.963132731119813, 36.042645772298215 ], [ 75.968622843424498, 36.038067287868955 ], [ 75.973043823242207, 36.036932712131112 ], [ 75.976956176757838, 36.033900621202292 ], [ 75.989710489908873, 36.032766045464442 ], [ 75.993622843424504, 36.029733954535622 ], [ 75.99914906819663, 36.02831573486332 ], [ 76.001214938693593, 36.020266045464446 ], [ 76.027210489908882, 36.021400621202289 ], [ 76.032586669921898, 36.025567287868959 ], [ 76.068877156575539, 36.024432712131109 ], [ 76.07278951009117, 36.021400621202289 ], [ 76.104166666666686, 36.020833333333371 ], [ 76.104519992404533, 35.989242214626771 ], [ 76.107980007595515, 35.985757785373295 ], [ 76.108686659071196, 35.980908881293438 ], [ 76.112146674262178, 35.977424452039962 ], [ 76.1125, 35.975 ], [ 76.114924452039958, 35.974646674262189 ], [ 76.130908881293422, 35.958686659071212 ], [ 76.135790167914521, 35.957975260416703 ], [ 76.141313340928846, 35.952424452039963 ], [ 76.142019992404542, 35.943408881293436 ], [ 76.145480007595509, 35.939924452039968 ], [ 76.146191067165816, 35.935044860839881 ], [ 76.155908881293428, 35.925353325737881 ], [ 76.15833333333336, 35.925 ], [ 76.157766045464427, 35.901956176757849 ], [ 76.154733954535615, 35.898043823242219 ], [ 76.153599378797765, 35.881122843424514 ], [ 76.149432712131102, 35.875746663411491 ], [ 76.150567287868952, 35.872789510091181 ], [ 76.15869920518665, 35.863663228352898 ], [ 76.154166666666697, 35.8625 ], [ 76.153315734863298, 35.859184265136754 ], [ 76.146229214138472, 35.857365587022606 ], [ 76.142233954535612, 35.852210489908884 ], [ 76.141666666666694, 35.85 ], [ 76.142020840115038, 35.839215087890658 ], [ 76.151742214626765, 35.829519992404549 ], [ 76.156591118706615, 35.828813340928853 ], [ 76.160075547960091, 35.825353325737879 ], [ 76.164924452039955, 35.824646674262183 ], [ 76.168408881293431, 35.821186659071216 ], [ 76.170833333333363, 35.820833333333368 ], [ 76.173257785373281, 35.821186659071216 ], [ 76.176742214626756, 35.824646674262183 ], [ 76.210757785373289, 35.825353325737879 ], [ 76.214242214626765, 35.828813340928853 ], [ 76.22083333333336, 35.829166666666701 ], [ 76.221604749891512, 35.836728583441875 ], [ 76.235468377007408, 35.838142734103769 ], [ 76.241344875759566, 35.842309400770432 ], [ 76.260468377007399, 35.841023932562969 ], [ 76.264588250054274, 35.838102722168003 ], [ 76.272864956325975, 35.845190599229632 ], [ 76.279166666666697, 35.845833333333367 ], [ 76.281591118706615, 35.846186659071215 ], [ 76.285787116156712, 35.850353325737878 ], [ 76.294091118706618, 35.849646674262189 ], [ 76.310075547960096, 35.833686659071212 ], [ 76.335757785373289, 35.832980007595523 ], [ 76.339953782823372, 35.828813340928853 ], [ 76.348288133409312, 35.829522535536057 ], [ 76.354519992404533, 35.835785590277808 ], [ 76.353813340928838, 35.852424452039962 ], [ 76.349998643663213, 35.856265936957499 ], [ 76.355908881293431, 35.862146674262185 ], [ 76.358333333333363, 35.8625 ], [ 76.369091118706621, 35.862146674262185 ], [ 76.372575547960096, 35.858686659071211 ], [ 76.377424452039961, 35.857980007595522 ], [ 76.38125, 35.854181247287357 ], [ 76.385787116156706, 35.858686659071211 ], [ 76.394091118706626, 35.857980007595522 ], [ 76.398287116156709, 35.853813340928852 ], [ 76.410757785373292, 35.854519992404548 ], [ 76.414953782823375, 35.858686659071211 ], [ 76.423257785373295, 35.857980007595522 ], [ 76.427083333333357, 35.854181247287357 ], [ 76.430908881293433, 35.857980007595522 ], [ 76.433333333333366, 35.85833333333337 ], [ 76.435757785373283, 35.858686659071211 ], [ 76.449642266167558, 35.872545539008279 ], [ 76.450353325737879, 35.877424452039968 ], [ 76.453813340928846, 35.880908881293436 ], [ 76.454166666666694, 35.883333333333368 ], [ 76.460455661349854, 35.883988783094651 ], [ 76.466420830620692, 35.888155449761321 ], [ 76.485455661349846, 35.886844550238749 ], [ 76.489544338650205, 35.883988783094651 ], [ 76.527122328016517, 35.882677883572086 ], [ 76.532498847113743, 35.878922526041698 ], [ 76.533988783094642, 35.897955661349862 ], [ 76.541011216905403, 35.906211005316877 ], [ 76.542322116427982, 35.910455661349857 ], [ 76.54517788357208, 35.914544338650209 ], [ 76.546781582302543, 35.924835205078161 ], [ 76.552044338650205, 35.928511216905413 ], [ 76.554166666666688, 35.929166666666688 ], [ 76.570833333333354, 35.929166666666703 ], [ 76.579166666666694, 35.929166666666703 ], [ 76.579733954535612, 35.922789510091178 ], [ 76.582766045464439, 35.918877156575554 ], [ 76.583900621202289, 35.910289510091182 ], [ 76.586932712131102, 35.906377156575552 ], [ 76.588399590386317, 35.900661214192745 ], [ 76.59583333333336, 35.9 ], [ 76.595480007595512, 35.893408881293439 ], [ 76.578813340928846, 35.876716783311664 ], [ 76.579519992404542, 35.868408881293433 ], [ 76.583686659071205, 35.864212883843351 ], [ 76.582980007595509, 35.860075547960101 ], [ 76.579519992404542, 35.856591118706632 ], [ 76.578813340928846, 35.843408881293435 ], [ 76.562513563368086, 35.82708435058597 ], [ 76.566313340928843, 35.823257785373301 ], [ 76.56702236599395, 35.814212205674949 ], [ 76.572575547960099, 35.808686659071213 ], [ 76.575, 35.808333333333366 ], [ 76.575353325737879, 35.805908881293433 ], [ 76.591313340928849, 35.789924452039962 ], [ 76.591666666666697, 35.783333333333367 ], [ 76.592554050021732, 35.779875183105503 ], [ 76.602210489908884, 35.778599378797779 ], [ 76.606122843424501, 35.775567287868959 ], [ 76.61054382324221, 35.774432712131109 ], [ 76.624011908637186, 35.761932712131113 ], [ 76.627210489908876, 35.763067287868957 ], [ 76.631122843424507, 35.766099378797776 ], [ 76.641666666666694, 35.766666666666701 ], [ 76.648257785373289, 35.766313340928853 ], [ 76.660783555772596, 35.753813340928851 ], [ 76.664924452039955, 35.754519992404546 ], [ 76.668408881293431, 35.757980007595521 ], [ 76.679166666666688, 35.758333333333368 ], [ 76.679733954535621, 35.756122843424514 ], [ 76.682766045464433, 35.75221048990889 ], [ 76.683900621202284, 35.747789510091181 ], [ 76.68693271213111, 35.74387715657555 ], [ 76.688067287868947, 35.739456176757848 ], [ 76.691099378797773, 35.735543823242217 ], [ 76.692233954535624, 35.731122843424515 ], [ 76.695266045464436, 35.727210489908884 ], [ 76.696684265136753, 35.721684265136751 ], [ 76.703520880805144, 35.719929843478766 ], [ 76.716099378797765, 35.706377156575556 ], [ 76.716666666666697, 35.704166666666701 ], [ 76.719091118706629, 35.703813340928853 ], [ 76.730908881293431, 35.692019992404546 ], [ 76.735757785373295, 35.691313340928851 ], [ 76.739242214626771, 35.687853325737876 ], [ 76.744123501247856, 35.687141927083367 ], [ 76.749646674262181, 35.681591118706628 ], [ 76.75, 35.6625 ], [ 76.747827317979628, 35.661894904242651 ], [ 76.743839348687089, 35.658938429090746 ], [ 76.739493984646302, 35.657728237575988 ], [ 76.735506015353764, 35.654771762424076 ], [ 76.726993984646299, 35.653561570909318 ], [ 76.723006015353761, 35.650605095757413 ], [ 76.718660651312959, 35.649394904242655 ], [ 76.714672682020421, 35.646438429090743 ], [ 76.706160651312956, 35.645228237575985 ], [ 76.698006015353755, 35.63810509575741 ], [ 76.68949398464629, 35.636894904242652 ], [ 76.685506015353766, 35.63393842909074 ], [ 76.682792663574247, 35.632728237575989 ], [ 76.675758022732225, 35.637943861219654 ], [ 76.667443508572077, 35.63671518961592 ], [ 76.666061570909321, 35.626993984646298 ], [ 76.663105095757402, 35.623006015353766 ], [ 76.661746554904539, 35.613450453016526 ], [ 76.65833333333336, 35.6125 ], [ 76.63528951009117, 35.611932712131107 ], [ 76.631377156575553, 35.608900621202288 ], [ 76.622789510091167, 35.607766045464444 ], [ 76.61887715657555, 35.604733954535625 ], [ 76.610289510091178, 35.603599378797774 ], [ 76.60625, 35.600468783908454 ], [ 76.600967746310786, 35.604562547471822 ], [ 76.59910040961374, 35.611838785807322 ], [ 76.585289510091172, 35.613067287868958 ], [ 76.581377156575542, 35.616099378797777 ], [ 76.575, 35.616666666666696 ], [ 76.574100409613749, 35.613161214192743 ], [ 76.560289510091167, 35.611932712131107 ], [ 76.55637715657555, 35.608900621202288 ], [ 76.551956176757841, 35.607766045464444 ], [ 76.54804382324221, 35.604733954535625 ], [ 76.539456176757838, 35.603599378797774 ], [ 76.535543823242207, 35.600567287868955 ], [ 76.53333333333336, 35.6 ], [ 76.529166666666697, 35.6 ], [ 76.522575547960102, 35.600353325737878 ], [ 76.514924452039963, 35.607980007595515 ], [ 76.510075547960099, 35.608686659071211 ], [ 76.506591118706623, 35.612146674262185 ], [ 76.501742214626759, 35.612853325737881 ], [ 76.489924452039958, 35.624646674262188 ], [ 76.483333333333363, 35.625 ], [ 76.48276604546443, 35.648043823242219 ], [ 76.478247239854625, 35.653462388780412 ], [ 76.468622843424498, 35.654733954535622 ], [ 76.463204277886305, 35.659252760145435 ], [ 76.461932712131102, 35.668877156575554 ], [ 76.458900621202289, 35.672789510091178 ], [ 76.457482401529973, 35.678315734863311 ], [ 76.454166666666694, 35.679166666666703 ], [ 76.414418368869377, 35.678637186686231 ], [ 76.405267333984398, 35.670319790310359 ], [ 76.400772603352891, 35.671719699435798 ], [ 76.4, 35.675 ], [ 76.396494547526061, 35.67410040961375 ], [ 76.395266045464439, 35.660289510091175 ], [ 76.386917114257841, 35.650919765896298 ], [ 76.381122843424507, 35.649432712131109 ], [ 76.373043823242213, 35.642233954535619 ], [ 76.368622843424504, 35.641099378797776 ], [ 76.364710489908873, 35.638067287868957 ], [ 76.334246656629801, 35.636892530653242 ], [ 76.332766045464439, 35.631122843424514 ], [ 76.329733954535612, 35.627210489908883 ], [ 76.328458150227888, 35.617554050021731 ], [ 76.325, 35.616666666666696 ], [ 76.322575547960099, 35.616313340928855 ], [ 76.319091118706623, 35.612853325737881 ], [ 76.304166666666688, 35.6125 ], [ 76.304166666666688, 35.6 ], [ 76.285075547960091, 35.599646674262182 ], [ 76.281591118706615, 35.596186659071215 ], [ 76.279166666666697, 35.595833333333367 ], [ 76.272789510091172, 35.596400621202292 ], [ 76.268877156575542, 35.599432712131104 ], [ 76.240920003255226, 35.600567287868955 ], [ 76.23554382324221, 35.596400621202292 ], [ 76.231122843424501, 35.595266045464442 ], [ 76.227071974012617, 35.59212646484378 ], [ 76.213403489854628, 35.604812452528243 ], [ 76.211584303114179, 35.611901516384577 ], [ 76.191666666666691, 35.6125 ], [ 76.189242214626759, 35.612146674262185 ], [ 76.185757785373283, 35.608686659071211 ], [ 76.170833333333363, 35.608333333333363 ], [ 76.170177883572066, 35.597877671983539 ], [ 76.166011216905403, 35.591912502712702 ], [ 76.167322116427968, 35.585377671983537 ], [ 76.179822116427971, 35.571500651041696 ], [ 76.17737494574655, 35.566292656792569 ], [ 76.168788994683183, 35.558988783094648 ], [ 76.156211005316862, 35.557677883572083 ], [ 76.147955661349854, 35.550655449761315 ], [ 76.141011216905412, 35.548510911729629 ], [ 76.142322116427977, 35.539544338650202 ], [ 76.145177883572075, 35.535455661349857 ], [ 76.14648878309464, 35.531211005316869 ], [ 76.149344550238737, 35.527122328016524 ], [ 76.151244947645424, 35.520968288845516 ], [ 76.164544338650202, 35.508988783094651 ], [ 76.182610744900202, 35.507574462890659 ], [ 76.184054056803404, 35.479959954155845 ], [ 76.191666666666691, 35.4791666666667 ], [ 76.191666666666691, 35.475 ], [ 76.191308593750023, 35.47254316541887 ], [ 76.185757785373283, 35.467019992404545 ], [ 76.183333333333351, 35.466666666666697 ], [ 76.170833333333363, 35.466666666666697 ], [ 76.169745212131104, 35.463229878743519 ], [ 76.147890218098979, 35.461832004123295 ], [ 76.143747287326406, 35.458981153700115 ], [ 76.135443115234395, 35.465998670789958 ], [ 76.088240051269551, 35.46737297905819 ], [ 76.086763678656709, 35.495059882269999 ], [ 76.067107984754799, 35.496630350748731 ], [ 76.059001329210091, 35.506223551432321 ], [ 76.057665337456626, 35.510443115234409 ], [ 76.054834662543428, 35.514556884765653 ], [ 76.05316467285158, 35.519831339518262 ], [ 76.05, 35.520833333333364 ], [ 76.047827317979625, 35.520228237575985 ], [ 76.042775811089427, 35.516483222113749 ], [ 76.041061570909307, 35.51032731797963 ], [ 76.033938429090739, 35.502172682020429 ], [ 76.032728237575981, 35.493660651312965 ], [ 76.029771762424062, 35.489672682020426 ], [ 76.028561570909304, 35.481160651312962 ], [ 76.025605095757399, 35.477172682020431 ], [ 76.024228074815554, 35.467486572265656 ], [ 76.016125996907576, 35.466061570909318 ], [ 76.010506015353755, 35.470228237575988 ], [ 76.00199398464629, 35.471438429090739 ], [ 75.998006015353752, 35.474394904242651 ], [ 75.99366065131295, 35.475605095757409 ], [ 75.989672682020426, 35.478561570909321 ], [ 75.981160651312962, 35.479771762424079 ], [ 75.977172682020424, 35.482728237575984 ], [ 75.975, 35.483333333333363 ], [ 75.974641927083354, 35.480876498752203 ], [ 75.969091118706615, 35.475353325737878 ], [ 75.966666666666683, 35.475 ], [ 75.965931532118077, 35.467469278971386 ], [ 75.955138312445769, 35.465898471408451 ], [ 75.954166666666694, 35.4625 ], [ 75.95, 35.4625 ], [ 75.946684265136739, 35.461649068196643 ], [ 75.945833333333354, 35.458333333333364 ], [ 75.946186659071202, 35.455908881293432 ], [ 75.966313340928835, 35.435757785373298 ], [ 75.967019992404531, 35.414242214626768 ], [ 75.970480007595512, 35.410757785373292 ], [ 75.970833333333374, 35.404166666666697 ], [ 75.947789510091184, 35.404733954535622 ], [ 75.943877156575553, 35.407766045464442 ], [ 75.931122843424518, 35.408900621202285 ], [ 75.927083333333371, 35.412031216091613 ], [ 75.923043823242224, 35.408900621202285 ], [ 75.911753336588575, 35.407766045464442 ], [ 75.906377156575559, 35.411932712131104 ], [ 75.890920003255246, 35.413067287868955 ], [ 75.88554382324223, 35.408900621202285 ], [ 75.867572360568616, 35.407695685492655 ], [ 75.866099378797784, 35.401956176757842 ], [ 75.863067287868958, 35.398043823242219 ], [ 75.8625, 35.395833333333364 ], [ 75.860075547960108, 35.396186659071212 ], [ 75.856591118706632, 35.399646674262186 ], [ 75.839953613281281, 35.400353325737875 ], [ 75.835757785373303, 35.396186659071212 ], [ 75.827453613281293, 35.395480007595516 ], [ 75.823257785373301, 35.399646674262186 ], [ 75.819120279947953, 35.400353325737875 ], [ 75.814924452039961, 35.396186659071212 ], [ 75.795833333333377, 35.395833333333364 ] ] ] ] } },
{ "type": "Feature", "properties": { "HYBAS_ID": 4070566900, "NEXT_DOWN": 4070572760, "NEXT_SINK": 4070033640, "MAIN_BAS": 4070033640, "DIST_SINK": 2368.2, "DIST_MAIN": 2368.2, "SUB_AREA": 2748.5, "UP_AREA": 2748.5, "PFAF_ID": 4567066, "ENDO": 0, "COAST": 0, "ORDER": 3, "SORT": 5950, "areakm2": 2749.13 }, "geometry": { "type": "MultiPolygon", "coordinates": [ [ [ [ 75.3625, 36.241666666666688 ], [ 75.326956176757847, 36.241099378797763 ], [ 75.323043823242216, 36.238067287868944 ], [ 75.314456176757844, 36.2369327121311 ], [ 75.309301079644129, 36.232937282986128 ], [ 75.307482571072086, 36.225850762261302 ], [ 75.301956176757841, 36.224432712131097 ], [ 75.285543823242222, 36.208900621202275 ], [ 75.257586669921906, 36.207766045464432 ], [ 75.25221048990889, 36.211932712131095 ], [ 75.24906277126739, 36.213067287868945 ], [ 75.239710489908887, 36.204733954535612 ], [ 75.2375, 36.204166666666687 ], [ 75.221746826171909, 36.204774305555574 ], [ 75.22083333333336, 36.208333333333357 ], [ 75.22083333333336, 36.25 ], [ 75.221400621202292, 36.252210489908876 ], [ 75.22974955240889, 36.261580403645851 ], [ 75.2367611355252, 36.263379584418423 ], [ 75.238067287868958, 36.271579996744812 ], [ 75.233900621202295, 36.276956176757835 ], [ 75.232766045464444, 36.285543823242207 ], [ 75.229733954535618, 36.289456176757831 ], [ 75.2291666666667, 36.308333333333351 ], [ 75.22831590440542, 36.311649237738735 ], [ 75.222789510091175, 36.313067287868947 ], [ 75.218877156575559, 36.316099378797766 ], [ 75.2125, 36.316666666666691 ], [ 75.211580403645868, 36.320249430338563 ], [ 75.175, 36.320833333333354 ], [ 75.172575547960108, 36.320480007595506 ], [ 75.169091118706632, 36.317019992404532 ], [ 75.155908881293428, 36.316313340928843 ], [ 75.144091118706626, 36.304519992404536 ], [ 75.126742214626773, 36.303813340928841 ], [ 75.123257785373298, 36.300353325737866 ], [ 75.105908881293431, 36.299646674262178 ], [ 75.089924452039966, 36.283686659071201 ], [ 75.083333333333371, 36.283333333333353 ], [ 75.075802612304713, 36.284068467881966 ], [ 75.0743825276693, 36.293826972113735 ], [ 75.063117472330759, 36.306173027886302 ], [ 75.0625, 36.308333333333351 ], [ 75.061844550238746, 36.310455661349849 ], [ 75.058168538411493, 36.315718248155406 ], [ 75.047877671983542, 36.317322116427974 ], [ 75.043788994683183, 36.320177883572072 ], [ 75.038483005099863, 36.32181633843318 ], [ 75.03684455023874, 36.327122328016515 ], [ 75.033988783094642, 36.33121100531686 ], [ 75.03257208930124, 36.349307929144985 ], [ 75.008333333333368, 36.35 ], [ 75.005908881293436, 36.350353325737871 ], [ 75.002424452039961, 36.353813340928838 ], [ 74.997575547960096, 36.354519992404533 ], [ 74.992024739583357, 36.360042995876761 ], [ 74.991666666666703, 36.3625 ], [ 74.976742214626768, 36.362853325737866 ], [ 74.973257785373292, 36.366313340928841 ], [ 74.964242214626765, 36.367019992404536 ], [ 74.960757785373289, 36.370480007595511 ], [ 74.955908881293439, 36.371186659071199 ], [ 74.950355699327289, 36.376712036132837 ], [ 74.949646674262183, 36.385757785373286 ], [ 74.946186659071216, 36.389242214626755 ], [ 74.945833333333368, 36.391666666666687 ], [ 74.946400621202287, 36.393877156575542 ], [ 74.949432712131113, 36.397789510091165 ], [ 74.95056728786895, 36.402210489908875 ], [ 74.953599378797776, 36.406122843424498 ], [ 74.954733954535627, 36.414710489908877 ], [ 74.961932712131102, 36.422789510091171 ], [ 74.963067287868952, 36.435543823242213 ], [ 74.966099378797779, 36.439456176757837 ], [ 74.967233954535615, 36.460543823242212 ], [ 74.970266045464442, 36.464456176757835 ], [ 74.971400621202292, 36.473785061306444 ], [ 74.964456176757835, 36.475567287868948 ], [ 74.960543823242219, 36.478599378797767 ], [ 74.953420003255232, 36.479733954535611 ], [ 74.948043823242216, 36.475567287868948 ], [ 74.924062771267387, 36.474432712131097 ], [ 74.913419596354203, 36.483916219075546 ], [ 74.911590915256113, 36.491043090820334 ], [ 74.9, 36.491666666666688 ], [ 74.895833333333357, 36.491666666666688 ], [ 74.895833333333357, 36.495833333333358 ], [ 74.89914923773874, 36.496684095594638 ], [ 74.900567287868952, 36.502210489908876 ], [ 74.907766045464442, 36.51028951009117 ], [ 74.908900621202292, 36.518877156575542 ], [ 74.911932712131104, 36.522789510091172 ], [ 74.913067287868955, 36.527210489908875 ], [ 74.932766045464433, 36.547789510091171 ], [ 74.933900621202284, 36.55221048990888 ], [ 74.93693271213111, 36.556122843424504 ], [ 74.9375, 36.558333333333358 ], [ 74.939924452039961, 36.558686659071206 ], [ 74.947575547960099, 36.566313340928843 ], [ 74.964924452039966, 36.567019992404539 ], [ 74.968408881293428, 36.570480007595506 ], [ 74.973257785373292, 36.571186659071202 ], [ 74.985075547960093, 36.582980007595509 ], [ 75.019091118706626, 36.583686659071205 ], [ 75.024641927083366, 36.589209662543425 ], [ 75.025, 36.59166666666669 ], [ 75.03333333333336, 36.59166666666669 ], [ 75.05, 36.59166666666669 ], [ 75.05, 36.59583333333336 ], [ 75.052424452039958, 36.596186659071208 ], [ 75.057978312174512, 36.601713053385438 ], [ 75.058333333333366, 36.608333333333356 ], [ 75.073257785373301, 36.608686659071203 ], [ 75.078808593750026, 36.614209662543423 ], [ 75.079166666666694, 36.616666666666688 ], [ 75.081591118706626, 36.616313340928841 ], [ 75.093408881293428, 36.604519992404541 ], [ 75.106591118706632, 36.603813340928845 ], [ 75.110075547960093, 36.600353325737871 ], [ 75.119091118706635, 36.599646674262175 ], [ 75.130908881293436, 36.587853325737868 ], [ 75.169117906358537, 36.587146335177977 ], [ 75.178813340928855, 36.577424452039956 ], [ 75.179524400499162, 36.572545030381967 ], [ 75.189242214626773, 36.562853325737869 ], [ 75.198257785373301, 36.562146674262173 ], [ 75.201742214626762, 36.558686659071206 ], [ 75.208333333333371, 36.558333333333358 ], [ 75.209496392144132, 36.562865871853319 ], [ 75.218622843424512, 36.554733954535614 ], [ 75.227210489908884, 36.553599378797763 ], [ 75.231122843424515, 36.550567287868944 ], [ 75.25221048990889, 36.5494327121311 ], [ 75.256122843424507, 36.546400621202281 ], [ 75.261917114257841, 36.54491373697919 ], [ 75.270266045464439, 36.535543823242207 ], [ 75.272048272026936, 36.528599378797765 ], [ 75.285543823242222, 36.529733954535615 ], [ 75.289456176757838, 36.532766045464435 ], [ 75.30326707628042, 36.533994547526063 ], [ 75.304733954535621, 36.539710489908877 ], [ 75.31193271213111, 36.547789510091171 ], [ 75.313067287868961, 36.556377156575543 ], [ 75.316099378797773, 36.560289510091167 ], [ 75.317375013563407, 36.569945949978319 ], [ 75.320833333333368, 36.570833333333354 ], [ 75.323257785373301, 36.570480007595506 ], [ 75.326742214626762, 36.567019992404539 ], [ 75.331620958116346, 36.566308932834225 ], [ 75.345480007595512, 36.552424452039951 ], [ 75.346188693576423, 36.543381076388911 ], [ 75.360075547960108, 36.529519992404538 ], [ 75.3625, 36.52916666666669 ], [ 75.363067287868958, 36.531377156575545 ], [ 75.367645602756113, 36.536867268880229 ], [ 75.385543823242216, 36.538067287868948 ], [ 75.389456176757847, 36.541099378797767 ], [ 75.399112616644999, 36.542375013563394 ], [ 75.400567287868952, 36.54804382324221 ], [ 75.407766045464442, 36.556122843424504 ], [ 75.40833333333336, 36.5625 ], [ 75.418914794921903, 36.563029649522591 ], [ 75.422751871744822, 36.566137017144122 ], [ 75.440567355685801, 36.567247178819471 ], [ 75.445303683810792, 36.572751871744813 ], [ 75.446605767144135, 36.578280300564259 ], [ 75.451151869032145, 36.579696316189256 ], [ 75.466071234809064, 36.565286254882835 ], [ 75.467300075954896, 36.555234442816861 ], [ 75.476918538411496, 36.546362982855925 ], [ 75.483333333333363, 36.545833333333356 ], [ 75.485493638780412, 36.546450805664087 ], [ 75.489506361219654, 36.549382527669295 ], [ 75.495536634657157, 36.551106431749155 ], [ 75.503549194335974, 36.560339694552972 ], [ 75.504784138997437, 36.56466030544707 ], [ 75.507715861002637, 36.568673027886305 ], [ 75.509101698133719, 36.578194851345508 ], [ 75.51466030544708, 36.579784138997418 ], [ 75.518673027886322, 36.582715861002626 ], [ 75.529784138997428, 36.584332953559048 ], [ 75.528549194335966, 36.597993638780409 ], [ 75.524382527669303, 36.603697374131968 ], [ 75.525849405924518, 36.611769273546031 ], [ 75.540864054362018, 36.613235134548631 ], [ 75.542498440212711, 36.624464925130233 ], [ 75.552006361219654, 36.63271586100263 ], [ 75.575, 36.633333333333354 ], [ 75.577424452039963, 36.632980007595506 ], [ 75.580908881293439, 36.629519992404539 ], [ 75.583333333333371, 36.629166666666691 ], [ 75.590895250108545, 36.628395250108532 ], [ 75.591666666666697, 36.620833333333358 ], [ 75.592586263020863, 36.617249552408879 ], [ 75.601956176757852, 36.608900621202281 ], [ 75.607624986436662, 36.60744594997832 ], [ 75.609037611219648, 36.596752929687526 ], [ 75.614456176757841, 36.592233954535615 ], [ 75.623043823242227, 36.591099378797765 ], [ 75.626956176757844, 36.588067287868945 ], [ 75.639710489908893, 36.586932712131102 ], [ 75.643622843424509, 36.583900621202282 ], [ 75.645833333333371, 36.583333333333357 ], [ 75.652210489908896, 36.583900621202282 ], [ 75.656122843424512, 36.586932712131102 ], [ 75.660543823242222, 36.588067287868945 ], [ 75.664456176757852, 36.591099378797765 ], [ 75.668877156575562, 36.592233954535615 ], [ 75.672789510091178, 36.595266045464435 ], [ 75.694924248589444, 36.596456909179707 ], [ 75.695833333333368, 36.6 ], [ 75.698257785373301, 36.599646674262175 ], [ 75.701742214626776, 36.596186659071208 ], [ 75.704166666666708, 36.59583333333336 ], [ 75.719091118706629, 36.595480007595512 ], [ 75.723286946614621, 36.591313340928842 ], [ 75.727424452039969, 36.592019992404538 ], [ 75.73125, 36.595818752712695 ], [ 75.735075547960108, 36.592019992404538 ], [ 75.741666666666703, 36.59166666666669 ], [ 75.742021009657151, 36.580880059136305 ], [ 75.74757554796011, 36.575353325737872 ], [ 75.75, 36.575 ], [ 75.750353325737876, 36.572575547960092 ], [ 75.753813340928858, 36.569091118706623 ], [ 75.754519992404553, 36.564242214626759 ], [ 75.758686659071216, 36.560046386718774 ], [ 75.757974243164099, 36.555875311957486 ], [ 75.752424452039961, 36.550353325737873 ], [ 75.74757554796011, 36.549646674262178 ], [ 75.744091118706635, 36.546186659071203 ], [ 75.739209662543445, 36.545475260416687 ], [ 75.733686659071211, 36.539924452039955 ], [ 75.733333333333363, 36.52916666666669 ], [ 75.732425944010458, 36.525907389322938 ], [ 75.725907389322956, 36.524092610677108 ], [ 75.724395073784763, 36.518660481770858 ], [ 75.704771592881983, 36.498006184895857 ], [ 75.70356174045142, 36.49366048177086 ], [ 75.70060492621532, 36.489672851562524 ], [ 75.699395073784757, 36.48532714843752 ], [ 75.691061740451431, 36.475787353515649 ], [ 75.69227159288198, 36.472827148437524 ], [ 75.696438259548643, 36.467207166883703 ], [ 75.695228407118094, 36.456160481770858 ], [ 75.688104926215317, 36.448006184895853 ], [ 75.686895073784754, 36.431160481770853 ], [ 75.675604926215314, 36.418839518229191 ], [ 75.673806084526944, 36.412379286024326 ], [ 75.667207166883713, 36.417271592881967 ], [ 75.659021674262192, 36.415831841362866 ], [ 75.657728407118086, 36.397827148437521 ], [ 75.654771592881985, 36.393839518229186 ], [ 75.654166666666697, 36.3875 ], [ 75.656591118706629, 36.387146674262176 ], [ 75.660075547960105, 36.383686659071202 ], [ 75.664924452039969, 36.382980007595506 ], [ 75.668408881293445, 36.379519992404539 ], [ 75.677424452039972, 36.378813340928843 ], [ 75.693408881293436, 36.362853325737866 ], [ 75.698290337456626, 36.362141927083357 ], [ 75.70381334092886, 36.356591118706618 ], [ 75.704166666666708, 36.354166666666686 ], [ 75.704519992404556, 36.351742214626761 ], [ 75.707980007595523, 36.348257785373285 ], [ 75.708686659071219, 36.343408881293428 ], [ 75.712486097547782, 36.339582655164953 ], [ 75.704519992404556, 36.331591118706619 ], [ 75.70381334092886, 36.326742214626755 ], [ 75.699646674262183, 36.32254638671877 ], [ 75.700353325737879, 36.314242214626759 ], [ 75.70381334092886, 36.310757785373283 ], [ 75.704519992404556, 36.301742214626756 ], [ 75.707980007595523, 36.298257785373288 ], [ 75.708333333333371, 36.283333333333353 ], [ 75.707766045464439, 36.281122843424498 ], [ 75.704733954535627, 36.277210489908875 ], [ 75.703599378797776, 36.268622843424502 ], [ 75.699432712131113, 36.263246663411479 ], [ 75.700567287868964, 36.251956176757837 ], [ 75.703599378797776, 36.248043823242206 ], [ 75.704733954535627, 36.235289510091164 ], [ 75.707766045464439, 36.23137715657554 ], [ 75.708900621202289, 36.226956176757831 ], [ 75.716099378797779, 36.218877156575545 ], [ 75.717375013563398, 36.209220716688385 ], [ 75.724603949652817, 36.207365587022593 ], [ 75.728599378797782, 36.202210489908872 ], [ 75.729733954535632, 36.19778951009117 ], [ 75.741099378797784, 36.185543823242206 ], [ 75.742369588216178, 36.175929090711826 ], [ 75.751956176757844, 36.167233954535611 ], [ 75.756377156575553, 36.16609937879776 ], [ 75.760289510091184, 36.163067287868941 ], [ 75.766021050347263, 36.161596340603317 ], [ 75.778599378797779, 36.148043823242205 ], [ 75.779166666666697, 36.1375 ], [ 75.779166666666697, 36.133333333333354 ], [ 75.776956176757849, 36.132766045464429 ], [ 75.75221048990889, 36.108900621202274 ], [ 75.743622843424518, 36.10776604546443 ], [ 75.738467746310803, 36.103770616319466 ], [ 75.736649237738746, 36.09668409559464 ], [ 75.730017428927994, 36.094982571072066 ], [ 75.728599378797782, 36.089456176757835 ], [ 75.725567287868955, 36.085543823242205 ], [ 75.725, 36.08333333333335 ], [ 75.724646674262189, 36.080908881293425 ], [ 75.721186659071222, 36.077424452039949 ], [ 75.720833333333374, 36.075 ], [ 75.7, 36.075 ], [ 75.7, 36.079166666666687 ], [ 75.696507093641529, 36.080063205295161 ], [ 75.69526604546445, 36.092413330078145 ], [ 75.699432712131113, 36.097789510091168 ], [ 75.700567287868964, 36.100746663411478 ], [ 75.695437282986148, 36.107365587022592 ], [ 75.688350762261322, 36.109184095594635 ], [ 75.68693271213111, 36.114710489908873 ], [ 75.683900621202298, 36.118622843424497 ], [ 75.683333333333366, 36.120833333333351 ], [ 75.658333333333374, 36.120833333333351 ], [ 75.657118394639795, 36.116099378797763 ], [ 75.647789510091187, 36.117233954535607 ], [ 75.63843722873267, 36.125567287868947 ], [ 75.618622843424518, 36.124432712131096 ], [ 75.613246663411488, 36.120266045464433 ], [ 75.610289510091178, 36.121400621202277 ], [ 75.604913330078162, 36.125567287868947 ], [ 75.597789510091175, 36.124432712131096 ], [ 75.593877156575559, 36.121400621202277 ], [ 75.585289510091187, 36.120266045464433 ], [ 75.571821424696211, 36.10776604546443 ], [ 75.551956176757841, 36.108900621202274 ], [ 75.543877156575562, 36.116099378797763 ], [ 75.518622843424509, 36.117233954535607 ], [ 75.514583333333363, 36.120364718967032 ], [ 75.510543823242216, 36.117233954535607 ], [ 75.506122843424507, 36.116099378797763 ], [ 75.50221048990889, 36.113067287868944 ], [ 75.5, 36.1125 ], [ 75.49757554796011, 36.112853325737866 ], [ 75.485757785373295, 36.124646674262173 ], [ 75.476742214626768, 36.125353325737869 ], [ 75.473257785373292, 36.128813340928836 ], [ 75.464242214626765, 36.129519992404532 ], [ 75.456591118706626, 36.137146674262169 ], [ 75.447575547960099, 36.137853325737865 ], [ 75.437855699327287, 36.147547064887171 ], [ 75.437146674262181, 36.155879720052106 ], [ 75.441313340928858, 36.160075547960091 ], [ 75.442019992404553, 36.164213053385438 ], [ 75.437853325737876, 36.168408881293423 ], [ 75.437146674262181, 36.173257785373281 ], [ 75.429519992404551, 36.180908881293426 ], [ 75.429166666666703, 36.2 ], [ 75.428315904405409, 36.2033159044054 ], [ 75.425, 36.204166666666687 ], [ 75.424100409613743, 36.207672119140646 ], [ 75.4166666666667, 36.208333333333357 ], [ 75.4166666666667, 36.2125 ], [ 75.385075547960099, 36.212853325737868 ], [ 75.373257785373298, 36.224646674262175 ], [ 75.370833333333366, 36.225 ], [ 75.370480007595518, 36.227424452039955 ], [ 75.362853325737873, 36.235075547960093 ], [ 75.3625, 36.2375 ], [ 75.3625, 36.241666666666688 ] ] ] ] } },
{ "type": "Feature", "properties": { "HYBAS_ID": 4070566890, "NEXT_DOWN": 4070572760, "NEXT_SINK": 4070033640, "MAIN_BAS": 4070033640, "DIST_SINK": 2368.4, "DIST_MAIN": 2368.4, "SUB_AREA": 1098.0, "UP_AREA": 5689.4, "PFAF_ID": 4567067, "ENDO": 0, "COAST": 0, "ORDER": 2, "SORT": 5951, "areakm2": 1098.32 }, "geometry": { "type": "MultiPolygon", "coordinates": [ [ [ [ 74.9791666666667, 36.666666666666693 ], [ 74.980017428927979, 36.66335076226131 ], [ 74.986822848849854, 36.661604478624156 ], [ 75.003707885742216, 36.643762546115475 ], [ 74.99943271213111, 36.638246663411479 ], [ 75.000736829969654, 36.630059136284743 ], [ 75.006122843424507, 36.625567287868947 ], [ 75.011649237738752, 36.624149237738742 ], [ 75.01306728786895, 36.618622843424504 ], [ 75.016099378797776, 36.61471048990888 ], [ 75.017881605360273, 36.60776604546443 ], [ 75.035543823242222, 36.608900621202281 ], [ 75.039583333333368, 36.612031385633706 ], [ 75.043622843424515, 36.608900621202281 ], [ 75.058333333333366, 36.608333333333356 ], [ 75.057978312174512, 36.601713053385438 ], [ 75.052424452039958, 36.596186659071208 ], [ 75.05, 36.59583333333336 ], [ 75.05, 36.59166666666669 ], [ 75.03333333333336, 36.59166666666669 ], [ 75.025, 36.59166666666669 ], [ 75.024641927083366, 36.589209662543425 ], [ 75.019091118706626, 36.583686659071205 ], [ 74.985075547960093, 36.582980007595509 ], [ 74.973257785373292, 36.571186659071202 ], [ 74.968408881293428, 36.570480007595506 ], [ 74.964924452039966, 36.567019992404539 ], [ 74.947575547960099, 36.566313340928843 ], [ 74.939924452039961, 36.558686659071206 ], [ 74.9375, 36.558333333333358 ], [ 74.93693271213111, 36.556122843424504 ], [ 74.933900621202284, 36.55221048990888 ], [ 74.932766045464433, 36.547789510091171 ], [ 74.913067287868955, 36.527210489908875 ], [ 74.911932712131104, 36.522789510091172 ], [ 74.908900621202292, 36.518877156575542 ], [ 74.907766045464442, 36.51028951009117 ], [ 74.900567287868952, 36.502210489908876 ], [ 74.89914923773874, 36.496684095594638 ], [ 74.895833333333357, 36.495833333333358 ], [ 74.895833333333357, 36.491666666666688 ], [ 74.894618394639792, 36.4869327121311 ], [ 74.88528951009117, 36.488067287868944 ], [ 74.875937228732667, 36.496400621202277 ], [ 74.864456176757841, 36.495266045464433 ], [ 74.856377156575547, 36.488067287868944 ], [ 74.851956176757838, 36.4869327121311 ], [ 74.838488091362876, 36.474432712131097 ], [ 74.806122843424504, 36.475567287868948 ], [ 74.802210489908887, 36.478599378797767 ], [ 74.785289510091175, 36.479733954535611 ], [ 74.781377156575545, 36.48276604546443 ], [ 74.772789510091172, 36.483900621202281 ], [ 74.768877156575542, 36.4869327121311 ], [ 74.764456176757847, 36.488067287868944 ], [ 74.760543823242216, 36.491099378797763 ], [ 74.743622843424504, 36.492233954535614 ], [ 74.738246663411488, 36.496400621202277 ], [ 74.689456176757844, 36.495266045464433 ], [ 74.685543823242213, 36.492233954535614 ], [ 74.660289510091175, 36.491099378797763 ], [ 74.652210489908882, 36.483900621202281 ], [ 74.645833333333357, 36.483333333333356 ], [ 74.642517598470079, 36.482482571072069 ], [ 74.641666666666694, 36.479166666666686 ], [ 74.618622843424504, 36.479733954535611 ], [ 74.61054382324221, 36.4869327121311 ], [ 74.597789510091175, 36.488067287868944 ], [ 74.593877156575545, 36.491099378797763 ], [ 74.589456176757835, 36.492233954535614 ], [ 74.581377156575542, 36.499432712131096 ], [ 74.576956176757832, 36.500567287868947 ], [ 74.573043823242216, 36.503599378797766 ], [ 74.556122843424504, 36.50473395453561 ], [ 74.552210489908887, 36.507766045464436 ], [ 74.534239027235273, 36.508971150716171 ], [ 74.532766045464442, 36.514710489908879 ], [ 74.524417114257844, 36.524080403645854 ], [ 74.520833333333357, 36.525 ], [ 74.518408881293425, 36.525353325737868 ], [ 74.514924452039963, 36.528813340928842 ], [ 74.508333333333354, 36.52916666666669 ], [ 74.497789510091167, 36.529733954535615 ], [ 74.49387715657555, 36.532766045464435 ], [ 74.485289510091178, 36.533900621202278 ], [ 74.481377156575547, 36.536932712131097 ], [ 74.476956176757838, 36.538067287868948 ], [ 74.473043823242207, 36.541099378797767 ], [ 74.468622843424498, 36.542233954535611 ], [ 74.464710489908882, 36.54526604546443 ], [ 74.459184265136741, 36.546684095594642 ], [ 74.457482401529973, 36.553315904405409 ], [ 74.451956176757832, 36.554733954535614 ], [ 74.448043823242216, 36.557766045464433 ], [ 74.436753336588566, 36.558900621202284 ], [ 74.43137715657555, 36.554733954535614 ], [ 74.428178575303846, 36.553599378797763 ], [ 74.414710489908884, 36.566099378797766 ], [ 74.406122843424498, 36.567233954535617 ], [ 74.402210489908882, 36.570266045464436 ], [ 74.393622843424509, 36.57140062120228 ], [ 74.389710489908879, 36.574432712131099 ], [ 74.379166666666691, 36.575 ], [ 74.378813340928843, 36.577424452039956 ], [ 74.36911841498484, 36.587145657009572 ], [ 74.351742214626768, 36.587853325737868 ], [ 74.348257785373292, 36.591313340928842 ], [ 74.330908881293425, 36.592019992404538 ], [ 74.327424452039949, 36.595480007595512 ], [ 74.325, 36.59583333333336 ], [ 74.310075547960096, 36.595480007595512 ], [ 74.306591118706621, 36.592019992404538 ], [ 74.304166666666688, 36.59166666666669 ], [ 74.30085093180341, 36.592517428927977 ], [ 74.3, 36.59583333333336 ], [ 74.300607469346815, 36.611586507161483 ], [ 74.30637715657555, 36.613067287868944 ], [ 74.311532253689265, 36.617062717013916 ], [ 74.3125, 36.620833333333358 ], [ 74.314924452039961, 36.621186659071206 ], [ 74.320475260416686, 36.626709662543426 ], [ 74.320833333333354, 36.629166666666691 ], [ 74.321494547526072, 36.636600409613742 ], [ 74.327210489908879, 36.63806728786895 ], [ 74.331122843424509, 36.641099378797769 ], [ 74.348043823242207, 36.642233954535612 ], [ 74.351956176757838, 36.645266045464432 ], [ 74.357482401529978, 36.646684095594644 ], [ 74.358900621202281, 36.652210489908882 ], [ 74.36609937879777, 36.660289510091168 ], [ 74.366666666666688, 36.670833333333356 ], [ 74.407413397894985, 36.67025112575957 ], [ 74.408900621202278, 36.664456176757838 ], [ 74.416099378797767, 36.656377156575545 ], [ 74.417375183105491, 36.646720716688392 ], [ 74.420833333333363, 36.645833333333357 ], [ 74.421191067165822, 36.648287624783009 ], [ 74.435075547960096, 36.662146674262175 ], [ 74.439924452039961, 36.662853325737871 ], [ 74.443408881293422, 36.666313340928845 ], [ 74.448290167914521, 36.667024739583354 ], [ 74.453813340928846, 36.672575547960093 ], [ 74.454519992404542, 36.677424452039958 ], [ 74.457980007595509, 36.680908881293426 ], [ 74.458687506781715, 36.702450900607666 ], [ 74.472575547960091, 36.716313340928842 ], [ 74.479166666666686, 36.71666666666669 ], [ 74.480017598470084, 36.713350762261307 ], [ 74.483333333333363, 36.7125 ], [ 74.484470452202714, 36.708068847656271 ], [ 74.489456176757841, 36.711932712131102 ], [ 74.510543823242216, 36.713067287868945 ], [ 74.515920003255232, 36.717233954535615 ], [ 74.532359822591175, 36.716027153862875 ], [ 74.536932712131104, 36.710543823242212 ], [ 74.538350931803407, 36.705017428927974 ], [ 74.543877156575547, 36.703599378797769 ], [ 74.547789510091178, 36.70056728786895 ], [ 74.569842868381102, 36.699380832248288 ], [ 74.574432712131099, 36.693877156575546 ], [ 74.575, 36.691666666666691 ], [ 74.577210489908879, 36.692233954535617 ], [ 74.581122843424509, 36.695266045464436 ], [ 74.585543823242219, 36.69640062120228 ], [ 74.590920003255235, 36.70056728786895 ], [ 74.593877156575545, 36.699432712131099 ], [ 74.597789510091175, 36.69640062120228 ], [ 74.607445949978327, 36.695124986436653 ], [ 74.609184265136747, 36.688350762261308 ], [ 74.614710489908887, 36.686932712131103 ], [ 74.618622843424504, 36.683900621202284 ], [ 74.623043823242213, 36.682766045464433 ], [ 74.626956176757844, 36.679733954535614 ], [ 74.635543823242216, 36.67859937879777 ], [ 74.643622843424509, 36.671400621202281 ], [ 74.6666666666667, 36.670833333333356 ], [ 74.667019992404548, 36.668408881293431 ], [ 74.670818752712705, 36.664583333333354 ], [ 74.667019992404548, 36.660757785373285 ], [ 74.666313340928852, 36.655908881293428 ], [ 74.662498643663227, 36.652067396375891 ], [ 74.668408881293431, 36.646186659071205 ], [ 74.677424452039958, 36.645480007595509 ], [ 74.680908881293433, 36.642019992404535 ], [ 74.694091118706623, 36.641313340928846 ], [ 74.698287116156706, 36.637146674262176 ], [ 74.702424452039963, 36.637853325737872 ], [ 74.705908881293425, 36.641313340928846 ], [ 74.708333333333357, 36.641666666666694 ], [ 74.710757785373289, 36.642019992404535 ], [ 74.714242214626765, 36.645480007595509 ], [ 74.719091118706629, 36.646186659071205 ], [ 74.722575547960091, 36.649646674262179 ], [ 74.764924452039963, 36.650353325737868 ], [ 74.768408881293425, 36.653813340928842 ], [ 74.773257785373289, 36.654519992404538 ], [ 74.789242214626768, 36.670480007595508 ], [ 74.794091118706632, 36.671186659071203 ], [ 74.799641927083357, 36.676709662543431 ], [ 74.800353325737873, 36.681591118706621 ], [ 74.805876498752198, 36.68714192708336 ], [ 74.810757785373298, 36.687853325737869 ], [ 74.816308593750023, 36.693376329210096 ], [ 74.816666666666691, 36.695833333333354 ], [ 74.820833333333368, 36.695833333333354 ], [ 74.823257785373286, 36.696186659071202 ], [ 74.830908881293425, 36.703813340928846 ], [ 74.835757785373289, 36.704519992404542 ], [ 74.848283555772596, 36.717019992404538 ], [ 74.852424452039955, 36.716313340928842 ], [ 74.856620279947947, 36.712146674262179 ], [ 74.860757785373295, 36.712853325737875 ], [ 74.864242214626771, 36.716313340928842 ], [ 74.869091118706621, 36.717019992404538 ], [ 74.872575547960096, 36.720480007595512 ], [ 74.875, 36.72083333333336 ], [ 74.902424452039966, 36.720480007595512 ], [ 74.905908881293428, 36.717019992404538 ], [ 74.910757785373292, 36.716313340928842 ], [ 74.914242214626768, 36.712853325737875 ], [ 74.923257785373295, 36.712146674262179 ], [ 74.926742214626771, 36.708686659071205 ], [ 74.9375, 36.708333333333357 ], [ 74.937855021158882, 36.70171305338544 ], [ 74.943408881293436, 36.696186659071202 ], [ 74.952424452039963, 36.695480007595513 ], [ 74.955908881293439, 36.692019992404539 ], [ 74.969120279947944, 36.691311645507838 ], [ 74.974646674262189, 36.685757785373291 ], [ 74.975353325737871, 36.680908881293426 ], [ 74.978813340928852, 36.677424452039958 ], [ 74.9791666666667, 36.666666666666693 ] ] ] ] } },
{ "type": "Feature", "properties": { "HYBAS_ID": 4070607260, "NEXT_DOWN": 4070603790, "NEXT_SINK": 4070033640, "MAIN_BAS": 4070033640, "DIST_SINK": 2400.4, "DIST_MAIN": 2400.4, "SUB_AREA": 1367.7, "UP_AREA": 60982.5, "PFAF_ID": 4568010, "ENDO": 0, "COAST": 0, "ORDER": 2, "SORT": 5954, "areakm2": 1367.71 }, "geometry": { "type": "MultiPolygon", "coordinates": [ [ [ [ 75.920833333333377, 35.229166666666693 ], [ 75.9125, 35.229166666666693 ], [ 75.913161214192741, 35.236600409613743 ], [ 75.920195515950553, 35.238405693901939 ], [ 75.921400621202295, 35.256377156575553 ], [ 75.928599378797784, 35.26445617675784 ], [ 75.929769558376776, 35.294800313313829 ], [ 75.956122843424524, 35.320266045464436 ], [ 75.964710489908896, 35.321400621202287 ], [ 75.968622843424512, 35.324432712131106 ], [ 75.973043823242222, 35.32556728786895 ], [ 75.976956176757852, 35.328599378797776 ], [ 75.982482571072083, 35.330017598470079 ], [ 75.984252929687543, 35.336917114257844 ], [ 75.993622843424518, 35.345266045464442 ], [ 76.00221048990889, 35.346400621202285 ], [ 76.006122843424521, 35.349432712131104 ], [ 76.01054382324223, 35.350567287868955 ], [ 76.022789510091187, 35.361932712131107 ], [ 76.025, 35.3625 ], [ 76.024646674262172, 35.369091118706628 ], [ 76.021186659071205, 35.372575547960096 ], [ 76.020833333333357, 35.375 ], [ 76.010075547960085, 35.375353325737876 ], [ 76.006591118706623, 35.378813340928851 ], [ 75.997575547960096, 35.379519992404546 ], [ 75.989924452039958, 35.387146674262183 ], [ 75.9875, 35.3875 ], [ 75.985289510091164, 35.388067287868957 ], [ 75.97721048990887, 35.395266045464439 ], [ 75.971494547526063, 35.396732923719647 ], [ 75.970833333333374, 35.404166666666697 ], [ 75.970480007595512, 35.410757785373292 ], [ 75.967019992404531, 35.414242214626768 ], [ 75.966313340928835, 35.435757785373298 ], [ 75.946186659071202, 35.455908881293432 ], [ 75.945833333333354, 35.458333333333364 ], [ 75.946684265136739, 35.461649068196643 ], [ 75.95, 35.4625 ], [ 75.954166666666694, 35.4625 ], [ 75.955138312445769, 35.465898471408451 ], [ 75.965931532118077, 35.467469278971386 ], [ 75.966666666666683, 35.475 ], [ 75.969091118706615, 35.475353325737878 ], [ 75.974641927083354, 35.480876498752203 ], [ 75.975, 35.483333333333363 ], [ 75.977172682020424, 35.482728237575984 ], [ 75.981160651312962, 35.479771762424079 ], [ 75.989672682020426, 35.478561570909321 ], [ 75.99366065131295, 35.475605095757409 ], [ 75.998006015353752, 35.474394904242651 ], [ 76.00199398464629, 35.471438429090739 ], [ 76.010506015353755, 35.470228237575988 ], [ 76.016125996907576, 35.466061570909318 ], [ 76.024228074815554, 35.467486572265656 ], [ 76.025605095757399, 35.477172682020431 ], [ 76.028561570909304, 35.481160651312962 ], [ 76.029771762424062, 35.489672682020426 ], [ 76.032728237575981, 35.493660651312965 ], [ 76.033938429090739, 35.502172682020429 ], [ 76.041061570909307, 35.51032731797963 ], [ 76.042775811089427, 35.516483222113749 ], [ 76.047827317979625, 35.520228237575985 ], [ 76.05, 35.520833333333364 ], [ 76.05316467285158, 35.519831339518262 ], [ 76.054834662543428, 35.514556884765653 ], [ 76.057665337456626, 35.510443115234409 ], [ 76.059001329210091, 35.506223551432321 ], [ 76.067107984754799, 35.496630350748731 ], [ 76.086763678656709, 35.495059882269999 ], [ 76.088240051269551, 35.46737297905819 ], [ 76.135443115234395, 35.465998670789958 ], [ 76.143747287326406, 35.458981153700115 ], [ 76.147890218098979, 35.461832004123295 ], [ 76.169745212131104, 35.463229878743519 ], [ 76.170833333333363, 35.466666666666697 ], [ 76.183333333333351, 35.466666666666697 ], [ 76.185757785373283, 35.467019992404545 ], [ 76.191308593750023, 35.47254316541887 ], [ 76.191666666666691, 35.475 ], [ 76.191666666666691, 35.4791666666667 ], [ 76.206619601779536, 35.478812662760447 ], [ 76.212146674262172, 35.473257785373292 ], [ 76.212853325737868, 35.468408881293435 ], [ 76.220480007595512, 35.460757785373296 ], [ 76.22083333333336, 35.458333333333364 ], [ 76.220480007595512, 35.447575547960099 ], [ 76.217019992404545, 35.444091118706631 ], [ 76.216666666666697, 35.441666666666698 ], [ 76.216099378797765, 35.435289510091174 ], [ 76.213067287868952, 35.43137715657555 ], [ 76.211649068196635, 35.425850931803417 ], [ 76.208333333333357, 35.425 ], [ 76.204827880859398, 35.424100409613743 ], [ 76.204166666666694, 35.4166666666667 ], [ 76.200598483615479, 35.415750969780845 ], [ 76.2, 35.395833333333364 ], [ 76.200850931803416, 35.392517598470079 ], [ 76.207937452528242, 35.390698920355931 ], [ 76.211932712131102, 35.385543823242216 ], [ 76.213067287868952, 35.381122843424507 ], [ 76.216099378797765, 35.377210489908883 ], [ 76.217554050021732, 35.371541849772164 ], [ 76.227210489908884, 35.37026604546444 ], [ 76.231122843424501, 35.367233954535621 ], [ 76.236892530653236, 35.365753343370258 ], [ 76.2375, 35.35 ], [ 76.239924452039958, 35.349646674262182 ], [ 76.243408881293433, 35.346186659071208 ], [ 76.273284064398894, 35.345479498969212 ], [ 76.287146674262175, 35.331591118706626 ], [ 76.2875, 35.316666666666698 ], [ 76.288067287868955, 35.310289510091174 ], [ 76.291099378797767, 35.30637715657555 ], [ 76.292375183105491, 35.296720716688398 ], [ 76.299417114257835, 35.294913567437092 ], [ 76.307766045464433, 35.285543823242215 ], [ 76.308333333333351, 35.28333333333336 ], [ 76.30771569146053, 35.277006530761746 ], [ 76.303549024793867, 35.271302456325984 ], [ 76.304784308539524, 35.26450653076175 ], [ 76.316049024793855, 35.25216013590498 ], [ 76.317460801866346, 35.242460801866351 ], [ 76.328195020887605, 35.24089847140845 ], [ 76.330325486924934, 35.233447265625031 ], [ 76.335339864095076, 35.229784308539521 ], [ 76.349196709526936, 35.228431532118087 ], [ 76.357715691460527, 35.218826802571641 ], [ 76.358333333333363, 35.216666666666697 ], [ 76.36463504367407, 35.217309400770425 ], [ 76.368698289659307, 35.220190599229632 ], [ 76.371155124240474, 35.221476067437095 ], [ 76.377031622992646, 35.217309400770425 ], [ 76.399223327636747, 35.215946790907147 ], [ 76.400642734103755, 35.202031622992649 ], [ 76.407690599229625, 35.193801710340743 ], [ 76.409138319227452, 35.184301079644129 ], [ 76.415218607584663, 35.18269059922963 ], [ 76.416666666666686, 35.1875 ], [ 76.420833333333363, 35.1875 ], [ 76.420833333333363, 35.179166666666696 ], [ 76.421400621202281, 35.172789510091171 ], [ 76.433900621202284, 35.159321424696209 ], [ 76.432661777072511, 35.146730211046034 ], [ 76.425677151150197, 35.14493781195749 ], [ 76.408900621202278, 35.127210489908883 ], [ 76.407766045464442, 35.118622843424504 ], [ 76.404733954535615, 35.11471048990888 ], [ 76.403599378797765, 35.106122843424508 ], [ 76.400567287868952, 35.102210489908884 ], [ 76.4, 35.075 ], [ 76.396684265136741, 35.074149237738744 ], [ 76.395266045464439, 35.068622843424507 ], [ 76.382400173611131, 35.054869249131968 ], [ 76.372789510091167, 35.05359937879777 ], [ 76.36887715657555, 35.050567287868951 ], [ 76.358333333333363, 35.05 ], [ 76.354166666666686, 35.05 ], [ 76.347575547960091, 35.049646674262178 ], [ 76.339924452039952, 35.042019992404541 ], [ 76.3375, 35.041666666666693 ], [ 76.314456176757844, 35.042233954535618 ], [ 76.310543823242213, 35.045266045464437 ], [ 76.306122843424504, 35.046400621202281 ], [ 76.300967746310789, 35.050396050347253 ], [ 76.299090745713997, 35.057709757487004 ], [ 76.276956176757835, 35.058900621202284 ], [ 76.271801079644121, 35.062896050347248 ], [ 76.270833333333357, 35.066666666666691 ], [ 76.268408881293425, 35.066313340928843 ], [ 76.264924452039949, 35.062853325737876 ], [ 76.256620449490043, 35.062146674262181 ], [ 76.252424452039961, 35.066313340928843 ], [ 76.247575547960096, 35.067019992404539 ], [ 76.244091118706621, 35.070480007595513 ], [ 76.222575547960091, 35.071186659071209 ], [ 76.219091118706615, 35.074646674262183 ], [ 76.216666666666697, 35.075 ], [ 76.195833333333354, 35.075 ], [ 76.193408881293422, 35.075353325737872 ], [ 76.189924452039961, 35.078813340928846 ], [ 76.180908881293419, 35.079519992404542 ], [ 76.177424452039958, 35.082980007595516 ], [ 76.164242214626753, 35.083686659071205 ], [ 76.160757785373292, 35.087146674262179 ], [ 76.15833333333336, 35.0875 ], [ 76.157980007595512, 35.089924452039959 ], [ 76.152456834581187, 35.095475260416691 ], [ 76.147575547960088, 35.096186659071208 ], [ 76.139924452039949, 35.103813340928845 ], [ 76.126742214626759, 35.104519992404541 ], [ 76.123257785373283, 35.107980007595515 ], [ 76.118408881293419, 35.108686659071211 ], [ 76.114924452039958, 35.112146674262178 ], [ 76.110075547960093, 35.112853325737873 ], [ 76.104524739583354, 35.118376329210101 ], [ 76.104166666666686, 35.120833333333358 ], [ 76.101742214626753, 35.120480007595511 ], [ 76.098257785373292, 35.117019992404543 ], [ 76.085787116156709, 35.116313340928848 ], [ 76.081591118706626, 35.120480007595511 ], [ 76.068408881293422, 35.121186659071206 ], [ 76.060757785373283, 35.128813340928851 ], [ 76.0375, 35.129166666666691 ], [ 76.035075547960105, 35.129519992404539 ], [ 76.027424452039966, 35.137146674262183 ], [ 76.022575547960102, 35.137853325737872 ], [ 76.010757785373301, 35.149646674262179 ], [ 76.0, 35.15 ], [ 75.99943271213111, 35.160543823242215 ], [ 75.991083780924512, 35.169913567437092 ], [ 75.984184095594657, 35.171684265136747 ], [ 75.983333333333377, 35.175 ], [ 75.964242214626779, 35.175353325737873 ], [ 75.960757785373303, 35.178813340928848 ], [ 75.955908881293439, 35.179519992404543 ], [ 75.952424452039963, 35.182980007595518 ], [ 75.947575547960113, 35.183686659071206 ], [ 75.939924452039975, 35.191313340928851 ], [ 75.9375, 35.191666666666691 ], [ 75.937146674262195, 35.194091118706623 ], [ 75.933686659071213, 35.197575547960099 ], [ 75.932980007595518, 35.210757785373289 ], [ 75.921186659071225, 35.222575547960098 ], [ 75.920833333333377, 35.229166666666693 ] ] ] ] } },
{ "type": "Feature", "properties": { "HYBAS_ID": 4070607420, "NEXT_DOWN": 4070603790, "NEXT_SINK": 4070033640, "MAIN_BAS": 4070033640, "DIST_SINK": 2400.6, "DIST_MAIN": 2400.6, "SUB_AREA": 2122.5, "UP_AREA": 71509.9, "PFAF_ID": 4569010, "ENDO": 0, "COAST": 0, "ORDER": 1, "SORT": 5955, "areakm2": 2122.31 }, "geometry": { "type": "MultiPolygon", "coordinates": [ [ [ [ 76.341666666666697, 35.016666666666694 ], [ 76.344091118706615, 35.016313340928846 ], [ 76.355908881293431, 35.004519992404539 ], [ 76.36078847249351, 35.003808932834225 ], [ 76.370480007595518, 34.994091118706621 ], [ 76.370833333333366, 34.991666666666696 ], [ 76.367673407660618, 34.990855577256973 ], [ 76.36609937879777, 34.986753336588571 ], [ 76.371229214138481, 34.980134412977456 ], [ 76.378315734863307, 34.978315904405406 ], [ 76.37973395453561, 34.972789510091175 ], [ 76.386932712131099, 34.964710489908882 ], [ 76.38806728786895, 34.955381605360273 ], [ 76.381122843424507, 34.953599378797769 ], [ 76.378599378797773, 34.951214938693603 ], [ 76.385543823242216, 34.949432712131106 ], [ 76.395178561740479, 34.940693834092912 ], [ 76.395833333333357, 34.933333333333358 ], [ 76.396494547526061, 34.925899590386308 ], [ 76.403458150227891, 34.92411261664499 ], [ 76.404733954535615, 34.914456176757838 ], [ 76.413067287868955, 34.905103895399328 ], [ 76.411932712131104, 34.901956176757835 ], [ 76.408802117241777, 34.897916666666696 ], [ 76.411932712131104, 34.893877156575549 ], [ 76.413067287868955, 34.88528951009117 ], [ 76.416197882758269, 34.88125 ], [ 76.411932712131104, 34.875746663411483 ], [ 76.413067287868955, 34.868622843424504 ], [ 76.416099378797767, 34.86471048990888 ], [ 76.417233954535618, 34.851956176757838 ], [ 76.424432712131107, 34.843877156575545 ], [ 76.425567287868944, 34.82278951009117 ], [ 76.42859937879777, 34.818877156575546 ], [ 76.429733954535621, 34.814456176757837 ], [ 76.432766045464433, 34.810543823242213 ], [ 76.433333333333366, 34.8 ], [ 76.425, 34.8 ], [ 76.424227396647154, 34.796719699435791 ], [ 76.41983405219186, 34.795351155598986 ], [ 76.414748297797331, 34.799470350477456 ], [ 76.406085035536051, 34.800529649522595 ], [ 76.393914964464003, 34.811970350477459 ], [ 76.389418368869386, 34.813029649522598 ], [ 76.385581631130663, 34.816137017144122 ], [ 76.379166666666691, 34.816666666666691 ], [ 76.378812493218348, 34.805880059136307 ], [ 76.372547743055577, 34.799646674262178 ], [ 76.355908881293431, 34.800353325737873 ], [ 76.352424452039955, 34.803813340928848 ], [ 76.347575547960091, 34.804519992404536 ], [ 76.344091118706615, 34.807980007595511 ], [ 76.316666666666691, 34.808333333333358 ], [ 76.315698920355928, 34.804562717013916 ], [ 76.310543823242213, 34.800567287868951 ], [ 76.306122843424504, 34.7994327121311 ], [ 76.302210489908873, 34.796400621202281 ], [ 76.293622843424501, 34.795266045464437 ], [ 76.289710489908884, 34.792233954535618 ], [ 76.285289510091175, 34.791099378797767 ], [ 76.277210489908882, 34.783900621202285 ], [ 76.272789510091172, 34.782766045464435 ], [ 76.268877156575542, 34.779733954535615 ], [ 76.250905693901927, 34.77852884928388 ], [ 76.249432712131096, 34.772789510091172 ], [ 76.246400621202284, 34.768877156575549 ], [ 76.245833333333351, 34.766666666666694 ], [ 76.243408881293433, 34.766313340928846 ], [ 76.239924452039958, 34.762853325737872 ], [ 76.230908881293431, 34.762146674262176 ], [ 76.217024400499156, 34.748287624783011 ], [ 76.216666666666697, 34.745833333333358 ], [ 76.216666666666697, 34.741666666666688 ], [ 76.214242214626765, 34.742019992404536 ], [ 76.210757785373289, 34.745480007595511 ], [ 76.208333333333357, 34.745833333333358 ], [ 76.207482401529973, 34.749149237738742 ], [ 76.201956176757832, 34.750567287868947 ], [ 76.198043823242216, 34.753599378797766 ], [ 76.185289510091167, 34.754733954535617 ], [ 76.18137715657555, 34.757766045464436 ], [ 76.170833333333363, 34.758333333333361 ], [ 76.17026604546443, 34.760543823242216 ], [ 76.16627078586157, 34.765698920355931 ], [ 76.160289510091175, 34.767233954535612 ], [ 76.154870944552968, 34.771752929687523 ], [ 76.153458150227891, 34.782445949978325 ], [ 76.147789510091172, 34.783900621202285 ], [ 76.143877156575542, 34.786932712131104 ], [ 76.13528951009117, 34.788067287868948 ], [ 76.127210489908876, 34.795266045464437 ], [ 76.124253336588566, 34.796400621202281 ], [ 76.11887715657555, 34.792233954535618 ], [ 76.101956176757838, 34.791099378797767 ], [ 76.098043823242207, 34.788067287868948 ], [ 76.089456176757835, 34.786932712131104 ], [ 76.085543823242205, 34.783900621202285 ], [ 76.082586669921895, 34.782766045464435 ], [ 76.077210489908879, 34.786932712131104 ], [ 76.056122843424504, 34.788067287868948 ], [ 76.052210489908873, 34.791099378797767 ], [ 76.006122843424507, 34.792233954535618 ], [ 76.002210489908876, 34.795266045464437 ], [ 75.993622843424504, 34.796400621202281 ], [ 75.989583333333357, 34.799531385633706 ], [ 75.985416666666694, 34.796301947699675 ], [ 75.981377156575547, 34.7994327121311 ], [ 75.979166666666686, 34.8 ], [ 75.978315734863301, 34.803315904405409 ], [ 75.975, 34.804166666666688 ], [ 75.974646674262175, 34.806591118706621 ], [ 75.971186659071208, 34.810075547960096 ], [ 75.970480007595512, 34.819091118706623 ], [ 75.967019992404531, 34.822575547960092 ], [ 75.966666666666683, 34.829166666666694 ], [ 75.964242214626751, 34.829519992404542 ], [ 75.960757785373289, 34.832980007595509 ], [ 75.958333333333371, 34.833333333333357 ], [ 75.957766045464425, 34.843877156575545 ], [ 75.953902011447511, 34.848862711588566 ], [ 75.958333333333357, 34.85 ], [ 75.958333333333357, 34.858333333333363 ], [ 75.956122843424524, 34.858900621202281 ], [ 75.952210489908893, 34.8619327121311 ], [ 75.943622843424521, 34.863067287868951 ], [ 75.93971048990889, 34.86609937879777 ], [ 75.932586669921918, 34.867233954535614 ], [ 75.927071804470529, 34.862959798177108 ], [ 75.913403659396735, 34.875645616319467 ], [ 75.911932712131119, 34.881377156575546 ], [ 75.907937282986154, 34.886532253689261 ], [ 75.900708346896735, 34.88838738335506 ], [ 75.899432712131116, 34.898043823242212 ], [ 75.896400621202289, 34.901956176757835 ], [ 75.895266045464453, 34.906377156575545 ], [ 75.886527167426252, 34.916011895073808 ], [ 75.872789510091181, 34.917233954535618 ], [ 75.867322455512195, 34.92179328070749 ], [ 75.866666666666703, 34.929166666666696 ], [ 75.864242214626771, 34.929519992404543 ], [ 75.860757785373295, 34.932980007595511 ], [ 75.858333333333377, 34.933333333333358 ], [ 75.858333333333377, 34.9375 ], [ 75.846742418077298, 34.936876424153674 ], [ 75.845266045464442, 34.931122843424504 ], [ 75.832927449544314, 34.917828708224853 ], [ 75.828420003255246, 34.916099378797767 ], [ 75.82304382324223, 34.920266045464437 ], [ 75.818622843424521, 34.921400621202281 ], [ 75.80626152886289, 34.932873535156276 ], [ 75.802210489908887, 34.929733954535614 ], [ 75.7875, 34.929166666666696 ], [ 75.785075547960105, 34.929519992404543 ], [ 75.781591118706629, 34.932980007595511 ], [ 75.779166666666697, 34.933333333333358 ], [ 75.778599378797779, 34.935543823242213 ], [ 75.775567287868967, 34.939456176757837 ], [ 75.774291653103333, 34.949112616644989 ], [ 75.770833333333371, 34.95 ], [ 75.770098198784751, 34.957530721028675 ], [ 75.759001329210108, 34.95914577907989 ], [ 75.758333333333368, 34.975 ], [ 75.756198459201428, 34.975642903645863 ], [ 75.74796820746532, 34.98269042968753 ], [ 75.74134487575958, 34.983976236979196 ], [ 75.735468207465317, 34.979809570312526 ], [ 75.733011542426254, 34.97852376302086 ], [ 75.725918918185798, 34.983552720811659 ], [ 75.724357096354197, 34.993801540798636 ], [ 75.7214762369792, 34.997865125868081 ], [ 75.720058525933197, 35.011760796440996 ], [ 75.702031792534754, 35.013142903645857 ], [ 75.697968207465308, 35.016023763020861 ], [ 75.695833333333368, 35.016666666666694 ], [ 75.69526604546445, 35.027210489908882 ], [ 75.68268771701392, 35.040763007269994 ], [ 75.676956176757841, 35.042233954535618 ], [ 75.673043823242224, 35.045266045464437 ], [ 75.667250569661491, 35.046752929687528 ], [ 75.6666666666667, 35.083333333333364 ], [ 75.662896050347257, 35.084301079644128 ], [ 75.658900621202292, 35.089456176757842 ], [ 75.657630411783884, 35.099070909288223 ], [ 75.648043823242219, 35.107766045464437 ], [ 75.641099378797776, 35.109548272026935 ], [ 75.642363484700553, 35.119942898220515 ], [ 75.645833333333371, 35.120833333333358 ], [ 75.646186659071219, 35.127424452039961 ], [ 75.666313340928852, 35.147575547960095 ], [ 75.6666666666667, 35.15 ], [ 75.698081461588572, 35.150529649522596 ], [ 75.701918538411491, 35.153637017144128 ], [ 75.715701972113749, 35.154774983723989 ], [ 75.717196316189273, 35.159274122450114 ], [ 75.71302964952261, 35.164418368869384 ], [ 75.711970350477472, 35.168914964464001 ], [ 75.708862982855933, 35.172751702202717 ], [ 75.708333333333371, 35.179166666666696 ], [ 75.709305148654551, 35.182565138075113 ], [ 75.720039198133719, 35.184127468533013 ], [ 75.721450805664105, 35.193826802571643 ], [ 75.732715861002646, 35.206173197428413 ], [ 75.734194946289094, 35.216335550944038 ], [ 75.739506361219654, 35.220215691460531 ], [ 75.741666666666703, 35.22083333333336 ], [ 75.748257785373298, 35.220480007595512 ], [ 75.75245361328129, 35.216313340928849 ], [ 75.769091118706626, 35.217019992404545 ], [ 75.773286946614618, 35.221186659071208 ], [ 75.781591118706629, 35.220480007595512 ], [ 75.785075547960105, 35.217019992404545 ], [ 75.789924452039969, 35.216313340928849 ], [ 75.793408881293445, 35.212853325737875 ], [ 75.835757785373303, 35.212146674262179 ], [ 75.839242214626779, 35.208686659071212 ], [ 75.856591118706632, 35.207980007595516 ], [ 75.860075547960108, 35.204519992404542 ], [ 75.870833333333366, 35.204166666666694 ], [ 75.877424452039975, 35.204519992404542 ], [ 75.885075547960113, 35.212146674262179 ], [ 75.889924452039963, 35.212853325737875 ], [ 75.893408881293439, 35.216313340928849 ], [ 75.898257785373303, 35.217019992404545 ], [ 75.905908881293442, 35.224646674262182 ], [ 75.908333333333374, 35.225 ], [ 75.911649237738757, 35.225850931803414 ], [ 75.9125, 35.229166666666693 ], [ 75.920833333333377, 35.229166666666693 ], [ 75.921186659071225, 35.222575547960098 ], [ 75.932980007595518, 35.210757785373289 ], [ 75.933686659071213, 35.197575547960099 ], [ 75.937146674262195, 35.194091118706623 ], [ 75.9375, 35.191666666666691 ], [ 75.939924452039975, 35.191313340928851 ], [ 75.947575547960113, 35.183686659071206 ], [ 75.952424452039963, 35.182980007595518 ], [ 75.955908881293439, 35.179519992404543 ], [ 75.960757785373303, 35.178813340928848 ], [ 75.964242214626779, 35.175353325737873 ], [ 75.983333333333377, 35.175 ], [ 75.984184095594657, 35.171684265136747 ], [ 75.991083780924512, 35.169913567437092 ], [ 75.99943271213111, 35.160543823242215 ], [ 76.0, 35.15 ], [ 76.010757785373301, 35.149646674262179 ], [ 76.022575547960102, 35.137853325737872 ], [ 76.027424452039966, 35.137146674262183 ], [ 76.035075547960105, 35.129519992404539 ], [ 76.0375, 35.129166666666691 ], [ 76.060757785373283, 35.128813340928851 ], [ 76.068408881293422, 35.121186659071206 ], [ 76.081591118706626, 35.120480007595511 ], [ 76.085787116156709, 35.116313340928848 ], [ 76.098257785373292, 35.117019992404543 ], [ 76.101742214626753, 35.120480007595511 ], [ 76.104166666666686, 35.120833333333358 ], [ 76.104524739583354, 35.118376329210101 ], [ 76.110075547960093, 35.112853325737873 ], [ 76.114924452039958, 35.112146674262178 ], [ 76.118408881293419, 35.108686659071211 ], [ 76.123257785373283, 35.107980007595515 ], [ 76.126742214626759, 35.104519992404541 ], [ 76.139924452039949, 35.103813340928845 ], [ 76.147575547960088, 35.096186659071208 ], [ 76.152456834581187, 35.095475260416691 ], [ 76.157980007595512, 35.089924452039959 ], [ 76.15833333333336, 35.0875 ], [ 76.160757785373292, 35.087146674262179 ], [ 76.164242214626753, 35.083686659071205 ], [ 76.177424452039958, 35.082980007595516 ], [ 76.180908881293419, 35.079519992404542 ], [ 76.189924452039961, 35.078813340928846 ], [ 76.193408881293422, 35.075353325737872 ], [ 76.195833333333354, 35.075 ], [ 76.216666666666697, 35.075 ], [ 76.219091118706615, 35.074646674262183 ], [ 76.222575547960091, 35.071186659071209 ], [ 76.244091118706621, 35.070480007595513 ], [ 76.247575547960096, 35.067019992404539 ], [ 76.252424452039961, 35.066313340928843 ], [ 76.256620449490043, 35.062146674262181 ], [ 76.264924452039949, 35.062853325737876 ], [ 76.268408881293425, 35.066313340928843 ], [ 76.270833333333357, 35.066666666666691 ], [ 76.271801079644121, 35.062896050347248 ], [ 76.276956176757835, 35.058900621202284 ], [ 76.299090745713997, 35.057709757487004 ], [ 76.300967746310789, 35.050396050347253 ], [ 76.306122843424504, 35.046400621202281 ], [ 76.310543823242213, 35.045266045464437 ], [ 76.314456176757844, 35.042233954535618 ], [ 76.3375, 35.041666666666693 ], [ 76.337853325737868, 35.035075547960098 ], [ 76.341313340928849, 35.031591118706622 ], [ 76.341666666666697, 35.016666666666694 ] ] ] ] } },
{ "type": "Feature", "properties": { "HYBAS_ID": 4070559940, "NEXT_DOWN": 4070566890, "NEXT_SINK": 4070033640, "MAIN_BAS": 4070033640, "DIST_SINK": 2403.3, "DIST_MAIN": 2403.3, "SUB_AREA": 1265.4, "UP_AREA": 1265.4, "PFAF_ID": 4567068, "ENDO": 0, "COAST": 0, "ORDER": 3, "SORT": 5956, "areakm2": 1265.83 }, "geometry": { "type": "MultiPolygon", "coordinates": [ [ [ [ 74.154166666666697, 36.8875 ], [ 74.154827880859401, 36.894933742947075 ], [ 74.160543823242207, 36.896400621202282 ], [ 74.170215013292122, 36.905172729492215 ], [ 74.170833333333363, 36.916666666666693 ], [ 74.185757785373283, 36.916313340928845 ], [ 74.189242214626759, 36.912853325737871 ], [ 74.202424452039949, 36.912146674262182 ], [ 74.205908881293425, 36.908686659071208 ], [ 74.22083333333336, 36.90833333333336 ], [ 74.221610005696633, 36.900719875759577 ], [ 74.233333333333363, 36.9 ], [ 74.234548272026927, 36.895266045464439 ], [ 74.248043823242213, 36.896400621202282 ], [ 74.25195617675783, 36.899432712131102 ], [ 74.260543823242216, 36.900567287868952 ], [ 74.272789510091172, 36.911932712131104 ], [ 74.308333333333351, 36.9125 ], [ 74.311791483561223, 36.911612616644994 ], [ 74.313204277886314, 36.900919596354193 ], [ 74.318622843424507, 36.896400621202282 ], [ 74.320833333333354, 36.895833333333357 ], [ 74.348257785373292, 36.895480007595509 ], [ 74.356249321831626, 36.887513902452284 ], [ 74.360075547960093, 36.891313340928846 ], [ 74.377424452039961, 36.892019992404542 ], [ 74.381620449490043, 36.896186659071205 ], [ 74.398257785373289, 36.895480007595509 ], [ 74.410075547960091, 36.883686659071209 ], [ 74.441666666666691, 36.883333333333361 ], [ 74.44202473958336, 36.880876329210096 ], [ 74.447575547960099, 36.875353325737876 ], [ 74.452424452039963, 36.874646674262181 ], [ 74.456620449490046, 36.870480007595511 ], [ 74.473257785373292, 36.871186659071206 ], [ 74.477453782823375, 36.875353325737876 ], [ 74.485757785373295, 36.874646674262181 ], [ 74.493408881293433, 36.867019992404536 ], [ 74.506591118706623, 36.866313340928848 ], [ 74.510075547960099, 36.862853325737873 ], [ 74.527424452039952, 36.862146674262178 ], [ 74.530908881293428, 36.858686659071203 ], [ 74.5375, 36.858333333333363 ], [ 74.544091118706618, 36.857980007595515 ], [ 74.547575547960093, 36.854519992404541 ], [ 74.552424452039958, 36.853813340928845 ], [ 74.555908881293433, 36.850353325737871 ], [ 74.564924452039961, 36.849646674262175 ], [ 74.568408881293436, 36.846186659071208 ], [ 74.581591118706626, 36.845480007595512 ], [ 74.585075547960102, 36.842019992404538 ], [ 74.591666666666697, 36.84166666666669 ], [ 74.602424452039955, 36.841313340928842 ], [ 74.605908881293431, 36.837853325737875 ], [ 74.619091118706621, 36.837146674262179 ], [ 74.622575547960096, 36.833686659071205 ], [ 74.635757785373286, 36.832980007595509 ], [ 74.639242214626762, 36.829519992404542 ], [ 74.644091118706626, 36.828813340928846 ], [ 74.647575547960102, 36.825353325737872 ], [ 74.652424452039952, 36.824646674262176 ], [ 74.655908881293428, 36.821186659071209 ], [ 74.664924452039955, 36.820480007595513 ], [ 74.668408881293431, 36.817019992404539 ], [ 74.673257785373295, 36.816313340928843 ], [ 74.680908881293433, 36.808686659071206 ], [ 74.689924452039961, 36.807980007595511 ], [ 74.697575547960099, 36.800353325737873 ], [ 74.7, 36.8 ], [ 74.702210489908879, 36.7994327121311 ], [ 74.710289510091172, 36.792233954535618 ], [ 74.716083780924507, 36.790747070312527 ], [ 74.724432712131104, 36.781377156575545 ], [ 74.725850931803407, 36.775850762261307 ], [ 74.732937452528233, 36.774032253689263 ], [ 74.736932712131107, 36.768877156575549 ], [ 74.7375, 36.766666666666694 ], [ 74.73966013590497, 36.766049194335963 ], [ 74.743673197428407, 36.763117472330755 ], [ 74.753372531467036, 36.761705864800369 ], [ 74.754934861924937, 36.750971815321208 ], [ 74.760493469238313, 36.749382527669297 ], [ 74.76450653076175, 36.74645080566409 ], [ 74.768826802571638, 36.745215861002627 ], [ 74.772839864095076, 36.74228413899742 ], [ 74.785493469238304, 36.741049194335965 ], [ 74.789506530761741, 36.738117472330757 ], [ 74.7916666666667, 36.7375 ], [ 74.792233954535618, 36.726956176757838 ], [ 74.795266045464444, 36.723043823242215 ], [ 74.796400621202281, 36.718622843424505 ], [ 74.799432712131107, 36.714710489908882 ], [ 74.80085093180341, 36.709184095594644 ], [ 74.807937452528236, 36.707365587022593 ], [ 74.81193271213111, 36.702210489908879 ], [ 74.8125, 36.7 ], [ 74.813350931803413, 36.696684095594641 ], [ 74.816666666666691, 36.695833333333354 ], [ 74.816308593750023, 36.693376329210096 ], [ 74.810757785373298, 36.687853325737869 ], [ 74.805876498752198, 36.68714192708336 ], [ 74.800353325737873, 36.681591118706621 ], [ 74.799641927083357, 36.676709662543431 ], [ 74.794091118706632, 36.671186659071203 ], [ 74.789242214626768, 36.670480007595508 ], [ 74.773257785373289, 36.654519992404538 ], [ 74.768408881293425, 36.653813340928842 ], [ 74.764924452039963, 36.650353325737868 ], [ 74.722575547960091, 36.649646674262179 ], [ 74.719091118706629, 36.646186659071205 ], [ 74.714242214626765, 36.645480007595509 ], [ 74.710757785373289, 36.642019992404535 ], [ 74.708333333333357, 36.641666666666694 ], [ 74.705908881293425, 36.641313340928846 ], [ 74.702424452039963, 36.637853325737872 ], [ 74.698287116156706, 36.637146674262176 ], [ 74.694091118706623, 36.641313340928846 ], [ 74.680908881293433, 36.642019992404535 ], [ 74.677424452039958, 36.645480007595509 ], [ 74.668408881293431, 36.646186659071205 ], [ 74.662498643663227, 36.652067396375891 ], [ 74.666313340928852, 36.655908881293428 ], [ 74.667019992404548, 36.660757785373285 ], [ 74.670818752712705, 36.664583333333354 ], [ 74.667019992404548, 36.668408881293431 ], [ 74.6666666666667, 36.670833333333356 ], [ 74.643622843424509, 36.671400621202281 ], [ 74.635543823242216, 36.67859937879777 ], [ 74.626956176757844, 36.679733954535614 ], [ 74.623043823242213, 36.682766045464433 ], [ 74.618622843424504, 36.683900621202284 ], [ 74.614710489908887, 36.686932712131103 ], [ 74.609184265136747, 36.688350762261308 ], [ 74.607445949978327, 36.695124986436653 ], [ 74.597789510091175, 36.69640062120228 ], [ 74.593877156575545, 36.699432712131099 ], [ 74.590920003255235, 36.70056728786895 ], [ 74.585543823242219, 36.69640062120228 ], [ 74.581122843424509, 36.695266045464436 ], [ 74.577210489908879, 36.692233954535617 ], [ 74.575, 36.691666666666691 ], [ 74.574432712131099, 36.693877156575546 ], [ 74.569842868381102, 36.699380832248288 ], [ 74.547789510091178, 36.70056728786895 ], [ 74.543877156575547, 36.703599378797769 ], [ 74.538350931803407, 36.705017428927974 ], [ 74.536932712131104, 36.710543823242212 ], [ 74.532359822591175, 36.716027153862875 ], [ 74.515920003255232, 36.717233954535615 ], [ 74.510543823242216, 36.713067287868945 ], [ 74.489456176757841, 36.711932712131102 ], [ 74.484470452202714, 36.708068847656271 ], [ 74.483333333333363, 36.7125 ], [ 74.480017598470084, 36.713350762261307 ], [ 74.479166666666686, 36.71666666666669 ], [ 74.472575547960091, 36.716313340928842 ], [ 74.458687506781715, 36.702450900607666 ], [ 74.457980007595509, 36.680908881293426 ], [ 74.454519992404542, 36.677424452039958 ], [ 74.453813340928846, 36.672575547960093 ], [ 74.448290167914521, 36.667024739583354 ], [ 74.443408881293422, 36.666313340928845 ], [ 74.439924452039961, 36.662853325737871 ], [ 74.435075547960096, 36.662146674262175 ], [ 74.421191067165822, 36.648287624783009 ], [ 74.420833333333363, 36.645833333333357 ], [ 74.417375183105491, 36.646720716688392 ], [ 74.416099378797767, 36.656377156575545 ], [ 74.408900621202278, 36.664456176757838 ], [ 74.407413397894985, 36.67025112575957 ], [ 74.366666666666688, 36.670833333333356 ], [ 74.36609937879777, 36.660289510091168 ], [ 74.358900621202281, 36.652210489908882 ], [ 74.357482401529978, 36.646684095594644 ], [ 74.351956176757838, 36.645266045464432 ], [ 74.348043823242207, 36.642233954535612 ], [ 74.331122843424509, 36.641099378797769 ], [ 74.327210489908879, 36.63806728786895 ], [ 74.321494547526072, 36.636600409613742 ], [ 74.320833333333354, 36.629166666666691 ], [ 74.310289510091167, 36.629733954535617 ], [ 74.30637715657555, 36.632766045464436 ], [ 74.297789510091164, 36.63390062120228 ], [ 74.293877156575547, 36.636932712131099 ], [ 74.285289510091175, 36.63806728786895 ], [ 74.271736823187965, 36.650645616319466 ], [ 74.269982401529973, 36.657482571072073 ], [ 74.264456176757832, 36.658900621202278 ], [ 74.256377156575539, 36.666099378797767 ], [ 74.222789510091175, 36.667233954535618 ], [ 74.218877156575545, 36.67026604546443 ], [ 74.214456176757835, 36.671400621202281 ], [ 74.210543823242205, 36.6744327121311 ], [ 74.201956176757832, 36.675567287868951 ], [ 74.188662041558189, 36.687905883789085 ], [ 74.186932712131096, 36.692413330078146 ], [ 74.191099378797773, 36.69778951009117 ], [ 74.191666666666691, 36.704166666666694 ], [ 74.191313340928843, 36.706591118706619 ], [ 74.177454460991783, 36.720475599500894 ], [ 74.172575547960093, 36.721186659071208 ], [ 74.169091118706618, 36.724646674262175 ], [ 74.164953782823375, 36.725353325737871 ], [ 74.160757785373292, 36.721186659071208 ], [ 74.156620449490035, 36.720480007595512 ], [ 74.152424452039952, 36.724646674262175 ], [ 74.135075547960099, 36.725353325737871 ], [ 74.131591118706623, 36.728813340928845 ], [ 74.116666666666688, 36.729166666666693 ], [ 74.113655938042555, 36.730027601454019 ], [ 74.11188235812719, 36.73380262586808 ], [ 74.116049024793853, 36.73950636121964 ], [ 74.117284308539524, 36.75073682996964 ], [ 74.108950975206184, 36.760339694552975 ], [ 74.10764533148874, 36.782523939344642 ], [ 74.097839864095079, 36.783950805664091 ], [ 74.093826802571641, 36.786882527669299 ], [ 74.085339864095076, 36.788117472330754 ], [ 74.081326802571638, 36.791049194335962 ], [ 74.072839864095073, 36.792284138997424 ], [ 74.067528110080318, 36.796164279513917 ], [ 74.066049024793855, 36.806326972113737 ], [ 74.054784308539524, 36.818673027886312 ], [ 74.053549024793853, 36.82299363878041 ], [ 74.050617641872847, 36.827006361219645 ], [ 74.05, 36.829166666666694 ], [ 74.053315734863304, 36.830017428927974 ], [ 74.055054050021724, 36.836791653103326 ], [ 74.064710489908876, 36.838067287868952 ], [ 74.06875, 36.841198052300371 ], [ 74.074253336588569, 36.836932712131102 ], [ 74.093877156575545, 36.838067287868952 ], [ 74.097789510091175, 36.841099378797772 ], [ 74.12400224473744, 36.84227701822919 ], [ 74.128599378797759, 36.847789510091175 ], [ 74.129785834418428, 36.869842868381099 ], [ 74.13528951009117, 36.874432712131103 ], [ 74.14081573486331, 36.875850762261308 ], [ 74.142517598470079, 36.882482571072075 ], [ 74.148043823242205, 36.88390062120228 ], [ 74.151956176757835, 36.886932712131099 ], [ 74.154166666666697, 36.8875 ] ] ] ] } },
{ "type": "Feature", "properties": { "HYBAS_ID": 4070559840, "NEXT_DOWN": 4070566890, "NEXT_SINK": 4070033640, "MAIN_BAS": 4070033640, "DIST_SINK": 2403.4, "DIST_MAIN": 2403.4, "SUB_AREA": 3326.2, "UP_AREA": 3326.2, "PFAF_ID": 4567069, "ENDO": 0, "COAST": 0, "ORDER": 2, "SORT": 5957, "areakm2": 3327.33 }, "geometry": { "type": "MultiPolygon", "coordinates": [ [ [ [ 75.079166666666694, 36.616666666666688 ], [ 75.078808593750026, 36.614209662543423 ], [ 75.073257785373301, 36.608686659071203 ], [ 75.058333333333366, 36.608333333333356 ], [ 75.043622843424515, 36.608900621202281 ], [ 75.039583333333368, 36.612031385633706 ], [ 75.035543823242222, 36.608900621202281 ], [ 75.017881605360273, 36.60776604546443 ], [ 75.016099378797776, 36.61471048990888 ], [ 75.01306728786895, 36.618622843424504 ], [ 75.011649237738752, 36.624149237738742 ], [ 75.006122843424507, 36.625567287868947 ], [ 75.000736829969654, 36.630059136284743 ], [ 74.99943271213111, 36.638246663411479 ], [ 75.003707885742216, 36.643762546115475 ], [ 74.986822848849854, 36.661604478624156 ], [ 74.980017428927979, 36.66335076226131 ], [ 74.9791666666667, 36.666666666666693 ], [ 74.978813340928852, 36.677424452039958 ], [ 74.975353325737871, 36.680908881293426 ], [ 74.974646674262189, 36.685757785373291 ], [ 74.969120279947944, 36.691311645507838 ], [ 74.955908881293439, 36.692019992404539 ], [ 74.952424452039963, 36.695480007595513 ], [ 74.943408881293436, 36.696186659071202 ], [ 74.937855021158882, 36.70171305338544 ], [ 74.9375, 36.708333333333357 ], [ 74.926742214626771, 36.708686659071205 ], [ 74.923257785373295, 36.712146674262179 ], [ 74.914242214626768, 36.712853325737875 ], [ 74.910757785373292, 36.716313340928842 ], [ 74.905908881293428, 36.717019992404538 ], [ 74.902424452039966, 36.720480007595512 ], [ 74.875, 36.72083333333336 ], [ 74.872575547960096, 36.720480007595512 ], [ 74.869091118706621, 36.717019992404538 ], [ 74.864242214626771, 36.716313340928842 ], [ 74.860757785373295, 36.712853325737875 ], [ 74.856620279947947, 36.712146674262179 ], [ 74.852424452039955, 36.716313340928842 ], [ 74.848283555772596, 36.717019992404538 ], [ 74.835757785373289, 36.704519992404542 ], [ 74.830908881293425, 36.703813340928846 ], [ 74.823257785373286, 36.696186659071202 ], [ 74.820833333333368, 36.695833333333354 ], [ 74.816666666666691, 36.695833333333354 ], [ 74.813350931803413, 36.696684095594641 ], [ 74.8125, 36.7 ], [ 74.81193271213111, 36.702210489908879 ], [ 74.807937452528236, 36.707365587022593 ], [ 74.80085093180341, 36.709184095594644 ], [ 74.799432712131107, 36.714710489908882 ], [ 74.796400621202281, 36.718622843424505 ], [ 74.795266045464444, 36.723043823242215 ], [ 74.792233954535618, 36.726956176757838 ], [ 74.7916666666667, 36.7375 ], [ 74.789506530761741, 36.738117472330757 ], [ 74.785493469238304, 36.741049194335965 ], [ 74.772839864095076, 36.74228413899742 ], [ 74.768826802571638, 36.745215861002627 ], [ 74.76450653076175, 36.74645080566409 ], [ 74.760493469238313, 36.749382527669297 ], [ 74.754934861924937, 36.750971815321208 ], [ 74.753372531467036, 36.761705864800369 ], [ 74.743673197428407, 36.763117472330755 ], [ 74.73966013590497, 36.766049194335963 ], [ 74.7375, 36.766666666666694 ], [ 74.736932712131107, 36.768877156575549 ], [ 74.732937452528233, 36.774032253689263 ], [ 74.725850931803407, 36.775850762261307 ], [ 74.724432712131104, 36.781377156575545 ], [ 74.716083780924507, 36.790747070312527 ], [ 74.710289510091172, 36.792233954535618 ], [ 74.702210489908879, 36.7994327121311 ], [ 74.7, 36.8 ], [ 74.697575547960099, 36.800353325737873 ], [ 74.689924452039961, 36.807980007595511 ], [ 74.680908881293433, 36.808686659071206 ], [ 74.673257785373295, 36.816313340928843 ], [ 74.668408881293431, 36.817019992404539 ], [ 74.664924452039955, 36.820480007595513 ], [ 74.655908881293428, 36.821186659071209 ], [ 74.652424452039952, 36.824646674262176 ], [ 74.647575547960102, 36.825353325737872 ], [ 74.644091118706626, 36.828813340928846 ], [ 74.639242214626762, 36.829519992404542 ], [ 74.635757785373286, 36.832980007595509 ], [ 74.622575547960096, 36.833686659071205 ], [ 74.619091118706621, 36.837146674262179 ], [ 74.605908881293431, 36.837853325737875 ], [ 74.602424452039955, 36.841313340928842 ], [ 74.591666666666697, 36.84166666666669 ], [ 74.585075547960102, 36.842019992404538 ], [ 74.581591118706626, 36.845480007595512 ], [ 74.568408881293436, 36.846186659071208 ], [ 74.564924452039961, 36.849646674262175 ], [ 74.555908881293433, 36.850353325737871 ], [ 74.552424452039958, 36.853813340928845 ], [ 74.547575547960093, 36.854519992404541 ], [ 74.544091118706618, 36.857980007595515 ], [ 74.5375, 36.858333333333363 ], [ 74.530908881293428, 36.858686659071203 ], [ 74.527424452039952, 36.862146674262178 ], [ 74.510075547960099, 36.862853325737873 ], [ 74.506591118706623, 36.866313340928848 ], [ 74.493408881293433, 36.867019992404536 ], [ 74.485757785373295, 36.874646674262181 ], [ 74.477453782823375, 36.875353325737876 ], [ 74.473257785373292, 36.871186659071206 ], [ 74.456620449490046, 36.870480007595511 ], [ 74.452424452039963, 36.874646674262181 ], [ 74.447575547960099, 36.875353325737876 ], [ 74.44202473958336, 36.880876329210096 ], [ 74.441666666666691, 36.883333333333361 ], [ 74.410075547960091, 36.883686659071209 ], [ 74.398257785373289, 36.895480007595509 ], [ 74.381620449490043, 36.896186659071205 ], [ 74.377424452039961, 36.892019992404542 ], [ 74.360075547960093, 36.891313340928846 ], [ 74.356249321831626, 36.887513902452284 ], [ 74.348257785373292, 36.895480007595509 ], [ 74.320833333333354, 36.895833333333357 ], [ 74.318622843424507, 36.896400621202282 ], [ 74.313204277886314, 36.900919596354193 ], [ 74.311791483561223, 36.911612616644994 ], [ 74.308333333333351, 36.9125 ], [ 74.308900621202284, 36.914710489908877 ], [ 74.311932712131096, 36.918622843424508 ], [ 74.313350931803413, 36.924149237738739 ], [ 74.316666666666691, 36.925 ], [ 74.320124816894563, 36.925887383355061 ], [ 74.32154184977216, 36.936612616644993 ], [ 74.32831573486331, 36.938350762261308 ], [ 74.329733954535612, 36.943877156575546 ], [ 74.341099378797765, 36.956122843424502 ], [ 74.341666666666697, 36.958333333333357 ], [ 74.343877156575545, 36.958900621202282 ], [ 74.347789510091175, 36.961932712131102 ], [ 74.352210489908884, 36.963067287868952 ], [ 74.356122843424501, 36.966099378797772 ], [ 74.393877156575542, 36.967233954535615 ], [ 74.401956176757835, 36.974432712131104 ], [ 74.406377156575545, 36.975567287868948 ], [ 74.410289510091175, 36.978599378797767 ], [ 74.417233954535618, 36.980381605360272 ], [ 74.416099378797767, 36.98971048990888 ], [ 74.412961832682313, 36.993758816189263 ], [ 74.42026604546443, 37.001956176757837 ], [ 74.421801079644126, 37.007937282986141 ], [ 74.426956176757841, 37.011932712131106 ], [ 74.429166666666688, 37.0125 ], [ 74.430066257052971, 37.008994547526072 ], [ 74.443877156575553, 37.007766045464436 ], [ 74.44778951009117, 37.004733954535617 ], [ 74.460543823242219, 37.003599378797773 ], [ 74.472789510091175, 36.992233954535614 ], [ 74.48554382324221, 36.99109937879777 ], [ 74.489456176757841, 36.988067287868951 ], [ 74.495437452528236, 36.986532253689262 ], [ 74.499432712131096, 36.981377156575547 ], [ 74.500567287868947, 36.976956176757838 ], [ 74.503599378797773, 36.973043823242215 ], [ 74.505017598470076, 36.967517428927977 ], [ 74.510543823242216, 36.966099378797772 ], [ 74.514456176757832, 36.963067287868952 ], [ 74.516666666666694, 36.9625 ], [ 74.53333333333336, 36.9625 ], [ 74.5416666666667, 36.9625 ], [ 74.541049024793864, 36.972993638780409 ], [ 74.538117641872859, 36.977006361219644 ], [ 74.536882358127201, 36.989660305447075 ], [ 74.525617641872856, 37.002006361219642 ], [ 74.524382358127198, 37.00632697211374 ], [ 74.516251627604191, 37.01569654676652 ], [ 74.527160135904978, 37.017284138997425 ], [ 74.535339864095079, 37.024382527669296 ], [ 74.543826802571644, 37.025617472330758 ], [ 74.552006530761744, 37.032715861002629 ], [ 74.558333333333366, 37.03333333333336 ], [ 74.581591118706626, 37.033686659071208 ], [ 74.585075547960102, 37.037146674262182 ], [ 74.594091118706629, 37.037853325737871 ], [ 74.597575547960091, 37.041313340928845 ], [ 74.610757785373295, 37.042019992404541 ], [ 74.614242214626756, 37.045480007595515 ], [ 74.619091118706621, 37.046186659071211 ], [ 74.624645826551671, 37.051713392469644 ], [ 74.625, 37.0625 ], [ 74.631377156575553, 37.063067287868954 ], [ 74.63528951009117, 37.066099378797773 ], [ 74.639710489908879, 37.067233954535617 ], [ 74.645086669921909, 37.071400621202287 ], [ 74.652210489908882, 37.070266045464436 ], [ 74.65625, 37.067135281033011 ], [ 74.660289510091175, 37.070266045464436 ], [ 74.669898139105925, 37.071535576714439 ], [ 74.68693271213111, 37.089456176757842 ], [ 74.688714938693607, 37.096400621202285 ], [ 74.694971381293428, 37.095025634765655 ], [ 74.696400621202287, 37.089456176757842 ], [ 74.703599378797776, 37.081377156575549 ], [ 74.704733954535612, 37.07695617675784 ], [ 74.70786454942494, 37.072916666666693 ], [ 74.704179890950542, 37.068162367079019 ], [ 74.710289510091172, 37.063067287868954 ], [ 74.716270785861568, 37.061532253689265 ], [ 74.720266045464442, 37.05637715657555 ], [ 74.721400621202278, 37.039456176757838 ], [ 74.724432712131104, 37.035543823242215 ], [ 74.725850931803407, 37.030017428927977 ], [ 74.731377156575547, 37.028599378797772 ], [ 74.739456176757841, 37.021400621202282 ], [ 74.741666666666688, 37.020833333333357 ], [ 74.748006015353766, 37.021438259548638 ], [ 74.753625996907573, 37.025604926215308 ], [ 74.764672682020432, 37.024395073784746 ], [ 74.770292663574253, 37.020228407118083 ], [ 74.773006015353758, 37.021438259548638 ], [ 74.782545810275636, 37.029771592881971 ], [ 74.789672682020424, 37.028561740451416 ], [ 74.794888475206193, 37.024694485134575 ], [ 74.796277194552985, 37.034091525607664 ], [ 74.792205471462708, 37.039583333333361 ], [ 74.795228237575984, 37.043660481770857 ], [ 74.796783786349849, 37.049246554904542 ], [ 74.806339348687089, 37.050604926215307 ], [ 74.81195933024091, 37.05477159288197 ], [ 74.818839348687092, 37.053561740451414 ], [ 74.824459330240913, 37.049395073784751 ], [ 74.827172682020432, 37.050604926215307 ], [ 74.831160651312956, 37.053561740451414 ], [ 74.8375, 37.054166666666696 ], [ 74.841666666666697, 37.054166666666696 ], [ 74.842196146647169, 37.039418538411482 ], [ 74.846362982855936, 37.034273952908016 ], [ 74.845303683810798, 37.022751871744816 ], [ 74.841137186686225, 37.017607286241343 ], [ 74.842578633626331, 37.013266669379369 ], [ 74.849053955078148, 37.011741468641517 ], [ 74.853637017144123, 37.006414794921902 ], [ 74.854696316189262, 37.001918538411488 ], [ 74.861970350477463, 36.993914794921899 ], [ 74.863029649522602, 36.981085205078152 ], [ 74.878637017144129, 36.964748128255238 ], [ 74.879696316189268, 36.960251871744816 ], [ 74.882803683810792, 36.956414794921898 ], [ 74.883862982855931, 36.951918538411483 ], [ 74.886970350477455, 36.948081461588565 ], [ 74.8875, 36.9375 ], [ 74.8875, 36.933333333333358 ], [ 74.9125, 36.933333333333358 ], [ 74.915958319769999, 36.934220716688394 ], [ 74.917370944552985, 36.944913736979196 ], [ 74.922789510091178, 36.949432712131106 ], [ 74.929166666666703, 36.95 ], [ 74.928561740451414, 36.952172851562523 ], [ 74.9256049262153, 36.956160481770858 ], [ 74.924395073784751, 36.964672851562526 ], [ 74.920228407118088, 36.970292833116346 ], [ 74.921663072374159, 36.978450520833363 ], [ 74.935506184895857, 36.979771592881974 ], [ 74.9394938151042, 36.982728407118081 ], [ 74.943839518229197, 36.983938259548637 ], [ 74.947827148437526, 36.986895073784751 ], [ 74.964672851562526, 36.988104926215307 ], [ 74.972909206814265, 36.995299953884576 ], [ 74.976993815104194, 36.99227159288197 ], [ 74.985506184895868, 36.991061740451414 ], [ 74.991126166449689, 36.986895073784751 ], [ 74.994983588324686, 36.988615247938398 ], [ 74.996740722656284, 36.994925944010447 ], [ 75.002172851562534, 36.99643825954864 ], [ 75.006160481770863, 36.999395073784747 ], [ 75.015716213650208, 37.000753445095512 ], [ 75.017724270290827, 37.007964070638046 ], [ 75.028379313151078, 37.017271592881968 ], [ 75.035506184895866, 37.016061740451413 ], [ 75.039493815104194, 37.013104926215306 ], [ 75.0416666666667, 37.0125 ], [ 75.042554050021735, 37.009041680230062 ], [ 75.052210489908887, 37.007766045464436 ], [ 75.056122843424504, 37.004733954535617 ], [ 75.060543823242213, 37.003599378797773 ], [ 75.064456176757844, 37.000567287868954 ], [ 75.075, 37.0 ], [ 75.075850762261311, 37.003315904405412 ], [ 75.081377156575556, 37.004733954535617 ], [ 75.090729437934058, 37.01306728786895 ], [ 75.110543823242224, 37.011932712131106 ], [ 75.114583333333371, 37.008801947699681 ], [ 75.118622843424504, 37.011932712131106 ], [ 75.123043823242213, 37.01306728786895 ], [ 75.139456176757847, 37.028599378797772 ], [ 75.141666666666694, 37.029166666666697 ], [ 75.142024400499167, 37.02671169704864 ], [ 75.151742214626765, 37.017019992404542 ], [ 75.160757785373292, 37.016313340928846 ], [ 75.164242214626768, 37.012853325737872 ], [ 75.1666666666667, 37.0125 ], [ 75.166313340928852, 37.005908881293429 ], [ 75.162853325737885, 37.002424452039961 ], [ 75.1625, 36.995833333333358 ], [ 75.163350762261317, 36.992517428927975 ], [ 75.168877156575547, 36.99109937879777 ], [ 75.172789510091178, 36.988067287868951 ], [ 75.177210489908887, 36.9869327121311 ], [ 75.185289510091181, 36.979733954535618 ], [ 75.18971048990889, 36.978599378797767 ], [ 75.193622843424507, 36.975567287868948 ], [ 75.206377156575556, 36.974432712131104 ], [ 75.214574517144129, 36.967128499348988 ], [ 75.218758816189265, 36.970371500651069 ], [ 75.226956176757838, 36.963067287868952 ], [ 75.231377156575547, 36.961932712131102 ], [ 75.235416666666694, 36.958801947699676 ], [ 75.239456176757841, 36.961932712131102 ], [ 75.256377156575553, 36.963067287868952 ], [ 75.264456176757847, 36.970266045464435 ], [ 75.273043823242219, 36.971400621202285 ], [ 75.278420003255235, 36.975567287868948 ], [ 75.298043823242224, 36.974432712131104 ], [ 75.307396104600727, 36.966099378797772 ], [ 75.310543823242227, 36.967233954535615 ], [ 75.314592149522596, 36.970371500651069 ], [ 75.322789510091184, 36.963067287868952 ], [ 75.335543823242219, 36.961932712131102 ], [ 75.339456176757849, 36.958900621202282 ], [ 75.356377156575547, 36.957766045464439 ], [ 75.364456176757841, 36.95056728786895 ], [ 75.36887715657555, 36.949432712131106 ], [ 75.374253336588581, 36.945266045464436 ], [ 75.389710489908893, 36.946400621202287 ], [ 75.393622843424509, 36.949432712131106 ], [ 75.4, 36.95 ], [ 75.400353325737882, 36.947575547960099 ], [ 75.403813340928849, 36.944091118706623 ], [ 75.404166666666697, 36.941666666666691 ], [ 75.404166666666697, 36.9375 ], [ 75.401742214626765, 36.937146674262181 ], [ 75.392021348741352, 36.92745225694447 ], [ 75.391313340928846, 36.914242214626761 ], [ 75.387853325737879, 36.910757785373292 ], [ 75.3875, 36.90416666666669 ], [ 75.394091118706626, 36.903813340928849 ], [ 75.397575547960102, 36.900353325737875 ], [ 75.402424452039966, 36.899646674262179 ], [ 75.410075547960105, 36.892019992404542 ], [ 75.419091118706632, 36.891313340928846 ], [ 75.422575547960108, 36.887853325737872 ], [ 75.425, 36.8875 ], [ 75.425567287868958, 36.868622843424504 ], [ 75.42859937879777, 36.86471048990888 ], [ 75.429733954535621, 36.835289510091172 ], [ 75.432864718967053, 36.83125 ], [ 75.429733954535621, 36.827210489908879 ], [ 75.42859937879777, 36.82278951009117 ], [ 75.425567287868958, 36.818877156575546 ], [ 75.424432712131107, 36.801956176757841 ], [ 75.421301947699689, 36.797916666666694 ], [ 75.425567287868958, 36.792413330078148 ], [ 75.424432712131107, 36.781122843424505 ], [ 75.421301947699689, 36.777083333333358 ], [ 75.424432712131107, 36.773043823242212 ], [ 75.425850762261319, 36.767517428927974 ], [ 75.432937282986146, 36.765698920355931 ], [ 75.43693271213111, 36.760543823242216 ], [ 75.438067287868961, 36.751956176757837 ], [ 75.44526604546445, 36.743877156575543 ], [ 75.446400621202287, 36.739456176757841 ], [ 75.449432712131113, 36.73554382324221 ], [ 75.450567287868964, 36.726956176757838 ], [ 75.453599378797776, 36.723043823242215 ], [ 75.454166666666694, 36.71666666666669 ], [ 75.466666666666697, 36.71666666666669 ], [ 75.468801540798651, 36.717309570312523 ], [ 75.478532918294306, 36.725642903645856 ], [ 75.485468207465317, 36.72435709635419 ], [ 75.490791151258719, 36.720583089192729 ], [ 75.492582194010453, 36.738142903645858 ], [ 75.502134874131983, 36.736857096354193 ], [ 75.506198459201428, 36.733976236979188 ], [ 75.510468207465308, 36.732690429687523 ], [ 75.514531792534754, 36.729809570312526 ], [ 75.522968207465311, 36.72852376302086 ], [ 75.53119845920142, 36.721476236979193 ], [ 75.533333333333374, 36.72083333333336 ], [ 75.534184095594654, 36.717517428927977 ], [ 75.54127061631948, 36.715698920355926 ], [ 75.545266045464444, 36.710543823242212 ], [ 75.545833333333363, 36.695833333333354 ], [ 75.546400621202295, 36.693622843424507 ], [ 75.549432712131107, 36.689710489908876 ], [ 75.550567287868958, 36.685289510091167 ], [ 75.55359937879777, 36.681377156575543 ], [ 75.554875013563404, 36.671720716688391 ], [ 75.562103949652808, 36.669865587022592 ], [ 75.566099378797773, 36.664710489908877 ], [ 75.567370944552991, 36.655086263020856 ], [ 75.572789510091184, 36.650567287868945 ], [ 75.579431152343787, 36.648862711588563 ], [ 75.575567287868964, 36.643877156575542 ], [ 75.575, 36.633333333333354 ], [ 75.552006361219654, 36.63271586100263 ], [ 75.542498440212711, 36.624464925130233 ], [ 75.540864054362018, 36.613235134548631 ], [ 75.525849405924518, 36.611769273546031 ], [ 75.524382527669303, 36.603697374131968 ], [ 75.528549194335966, 36.597993638780409 ], [ 75.529784138997428, 36.584332953559048 ], [ 75.518673027886322, 36.582715861002626 ], [ 75.51466030544708, 36.579784138997418 ], [ 75.509101698133719, 36.578194851345508 ], [ 75.507715861002637, 36.568673027886305 ], [ 75.504784138997437, 36.56466030544707 ], [ 75.503549194335974, 36.560339694552972 ], [ 75.495536634657157, 36.551106431749155 ], [ 75.489506361219654, 36.549382527669295 ], [ 75.485493638780412, 36.546450805664087 ], [ 75.483333333333363, 36.545833333333356 ], [ 75.476918538411496, 36.546362982855925 ], [ 75.467300075954896, 36.555234442816861 ], [ 75.466071234809064, 36.565286254882835 ], [ 75.451151869032145, 36.579696316189256 ], [ 75.446605767144135, 36.578280300564259 ], [ 75.445303683810792, 36.572751871744813 ], [ 75.440567355685801, 36.567247178819471 ], [ 75.422751871744822, 36.566137017144122 ], [ 75.418914794921903, 36.563029649522591 ], [ 75.40833333333336, 36.5625 ], [ 75.407766045464442, 36.556122843424504 ], [ 75.400567287868952, 36.54804382324221 ], [ 75.399112616644999, 36.542375013563394 ], [ 75.389456176757847, 36.541099378797767 ], [ 75.385543823242216, 36.538067287868948 ], [ 75.367645602756113, 36.536867268880229 ], [ 75.363067287868958, 36.531377156575545 ], [ 75.3625, 36.52916666666669 ], [ 75.360075547960108, 36.529519992404538 ], [ 75.346188693576423, 36.543381076388911 ], [ 75.345480007595512, 36.552424452039951 ], [ 75.331620958116346, 36.566308932834225 ], [ 75.326742214626762, 36.567019992404539 ], [ 75.323257785373301, 36.570480007595506 ], [ 75.320833333333368, 36.570833333333354 ], [ 75.317375013563407, 36.569945949978319 ], [ 75.316099378797773, 36.560289510091167 ], [ 75.313067287868961, 36.556377156575543 ], [ 75.31193271213111, 36.547789510091171 ], [ 75.304733954535621, 36.539710489908877 ], [ 75.30326707628042, 36.533994547526063 ], [ 75.289456176757838, 36.532766045464435 ], [ 75.285543823242222, 36.529733954535615 ], [ 75.272048272026936, 36.528599378797765 ], [ 75.270266045464439, 36.535543823242207 ], [ 75.261917114257841, 36.54491373697919 ], [ 75.256122843424507, 36.546400621202281 ], [ 75.25221048990889, 36.5494327121311 ], [ 75.231122843424515, 36.550567287868944 ], [ 75.227210489908884, 36.553599378797763 ], [ 75.218622843424512, 36.554733954535614 ], [ 75.209496392144132, 36.562865871853319 ], [ 75.208333333333371, 36.558333333333358 ], [ 75.201742214626762, 36.558686659071206 ], [ 75.198257785373301, 36.562146674262173 ], [ 75.189242214626773, 36.562853325737869 ], [ 75.179524400499162, 36.572545030381967 ], [ 75.178813340928855, 36.577424452039956 ], [ 75.169117906358537, 36.587146335177977 ], [ 75.130908881293436, 36.587853325737868 ], [ 75.119091118706635, 36.599646674262175 ], [ 75.110075547960093, 36.600353325737871 ], [ 75.106591118706632, 36.603813340928845 ], [ 75.093408881293428, 36.604519992404541 ], [ 75.081591118706626, 36.616313340928841 ], [ 75.079166666666694, 36.616666666666688 ] ] ] ] } },
{ "type": "Feature", "properties": { "HYBAS_ID": 4070609270, "NEXT_DOWN": 4070607260, "NEXT_SINK": 4070033640, "MAIN_BAS": 4070033640, "DIST_SINK": 2463.8, "DIST_MAIN": 2463.8, "SUB_AREA": 5245.3, "UP_AREA": 55976.3, "PFAF_ID": 4568030, "ENDO": 0, "COAST": 0, "ORDER": 2, "SORT": 5958, "areakm2": 5244.69 }, "geometry": { "type": "MultiPolygon", "coordinates": [ [ [ [ 76.725, 35.05 ], [ 76.73554382324221, 35.050567287868951 ], [ 76.739456176757841, 35.05359937879777 ], [ 76.744982401529981, 35.055017428927982 ], [ 76.74668426513675, 35.061649237738742 ], [ 76.752210489908876, 35.063067287868954 ], [ 76.756122843424507, 35.066099378797773 ], [ 76.79804382324221, 35.067233954535617 ], [ 76.801956176757841, 35.070266045464436 ], [ 76.80637715657555, 35.071400621202287 ], [ 76.814456176757844, 35.078599378797769 ], [ 76.81998240152997, 35.080017428927981 ], [ 76.820833333333368, 35.083333333333364 ], [ 76.823043823242216, 35.082766045464439 ], [ 76.826956176757847, 35.079733954535619 ], [ 76.839710489908882, 35.078599378797769 ], [ 76.843622843424512, 35.07556728786895 ], [ 76.865757581922779, 35.07437642415367 ], [ 76.867233954535621, 35.068622843424507 ], [ 76.870266045464433, 35.064710489908883 ], [ 76.871801079644129, 35.058729383680586 ], [ 76.876956176757844, 35.054733954535621 ], [ 76.886612616644996, 35.053458319769994 ], [ 76.888467746310795, 35.046229383680583 ], [ 76.893622843424509, 35.042233954535618 ], [ 76.903247070312531, 35.040962388780407 ], [ 76.907766045464442, 35.035543823242215 ], [ 76.908900621202292, 35.031122843424505 ], [ 76.911932712131104, 35.027210489908882 ], [ 76.913350762261317, 35.021684095594644 ], [ 76.919982571072083, 35.019982571072077 ], [ 76.921752929687528, 35.013082885742215 ], [ 76.931122843424504, 35.004733954535617 ], [ 76.9375, 35.004166666666691 ], [ 76.944091118706623, 35.004519992404539 ], [ 76.947575547960099, 35.007980007595513 ], [ 76.952424452039963, 35.008686659071209 ], [ 76.955908881293439, 35.012146674262183 ], [ 76.960757785373289, 35.012853325737872 ], [ 76.964242214626765, 35.016313340928846 ], [ 76.998257785373298, 35.017019992404542 ], [ 77.001742214626773, 35.020480007595516 ], [ 77.004166666666691, 35.020833333333357 ], [ 77.008333333333368, 35.020833333333357 ], [ 77.008686659071216, 35.027424452039959 ], [ 77.012146674262183, 35.030908881293428 ], [ 77.0125, 35.03333333333336 ], [ 77.023043823242219, 35.033900621202285 ], [ 77.026956176757849, 35.036932712131104 ], [ 77.040706719292558, 35.038155788845515 ], [ 77.045266045464444, 35.043622843424508 ], [ 77.047048272026942, 35.050567287868951 ], [ 77.081377156575556, 35.049432712131107 ], [ 77.089456176757849, 35.042233954535618 ], [ 77.09583333333336, 35.041666666666693 ], [ 77.1041666666667, 35.041666666666693 ], [ 77.105075751410624, 35.045209757487008 ], [ 77.116666666666703, 35.045833333333363 ], [ 77.124019029405417, 35.045179239908883 ], [ 77.141099378797776, 35.027210489908882 ], [ 77.142233954535627, 35.022789510091172 ], [ 77.145266045464439, 35.018877156575549 ], [ 77.146400621202289, 35.01445617675784 ], [ 77.149432712131102, 35.010543823242216 ], [ 77.151214938693613, 35.003599378797773 ], [ 77.173043823242224, 35.004733954535617 ], [ 77.176956176757841, 35.007766045464436 ], [ 77.194927639431455, 35.008971150716171 ], [ 77.196684095594648, 35.015815904405407 ], [ 77.202210489908879, 35.017233954535619 ], [ 77.206122843424509, 35.020266045464439 ], [ 77.22083333333336, 35.020833333333357 ], [ 77.224149237738743, 35.019982571072077 ], [ 77.225567287868955, 35.01445617675784 ], [ 77.233900621202295, 35.00510389539933 ], [ 77.232766045464444, 34.997789510091174 ], [ 77.229635281033012, 34.99375 ], [ 77.232766045464444, 34.98971048990888 ], [ 77.233900621202295, 34.985289510091171 ], [ 77.236932712131107, 34.981377156575547 ], [ 77.2375, 34.979166666666693 ], [ 77.237853325737873, 34.960075547960095 ], [ 77.245480007595518, 34.952424452039956 ], [ 77.245833333333366, 34.941666666666691 ], [ 77.246991984049515, 34.93761393229169 ], [ 77.252006361219657, 34.93395080566409 ], [ 77.262169053819477, 34.932471720377627 ], [ 77.266049194335963, 34.927160305447075 ], [ 77.267473687066001, 34.917372300889781 ], [ 77.285493638780409, 34.916049194335962 ], [ 77.289506361219651, 34.913117472330754 ], [ 77.2916666666667, 34.9125 ], [ 77.291313340928852, 34.893408881293432 ], [ 77.287514580620694, 34.889583333333363 ], [ 77.291313340928852, 34.885757785373286 ], [ 77.292022026909748, 34.876713731553842 ], [ 77.301742214626771, 34.867019992404536 ], [ 77.306623670789961, 34.866308593750027 ], [ 77.312146674262181, 34.860757785373288 ], [ 77.3125, 34.858333333333363 ], [ 77.3125, 34.8375 ], [ 77.316083780924515, 34.836580403645861 ], [ 77.324432712131113, 34.827210489908879 ], [ 77.32556728786895, 34.82278951009117 ], [ 77.328599378797776, 34.818877156575546 ], [ 77.329733954535627, 34.814456176757837 ], [ 77.336932712131116, 34.806377156575543 ], [ 77.338067287868952, 34.797789510091171 ], [ 77.345266045464442, 34.789710489908877 ], [ 77.346720716688395, 34.784041680230061 ], [ 77.356377156575547, 34.782766045464435 ], [ 77.364456176757841, 34.775567287868952 ], [ 77.36887715657555, 34.774432712131102 ], [ 77.372789510091181, 34.771400621202282 ], [ 77.378315904405412, 34.769982571072077 ], [ 77.379166666666706, 34.766666666666694 ], [ 77.427424452039958, 34.767019992404542 ], [ 77.430908881293433, 34.770480007595509 ], [ 77.433333333333366, 34.770833333333357 ], [ 77.433900621202284, 34.768622843424502 ], [ 77.43693271213111, 34.764710489908879 ], [ 77.438208346896729, 34.755054050021727 ], [ 77.444982571072089, 34.753315904405405 ], [ 77.446400621202287, 34.747789510091174 ], [ 77.449432712131113, 34.743877156575543 ], [ 77.45, 34.7375 ], [ 77.453528849283884, 34.736594306098112 ], [ 77.454798380533887, 34.71766052246096 ], [ 77.464456176757849, 34.708900621202282 ], [ 77.468877156575559, 34.707766045464432 ], [ 77.472789510091175, 34.704733954535612 ], [ 77.477210489908884, 34.703599378797769 ], [ 77.485289510091178, 34.69640062120228 ], [ 77.508333333333368, 34.695833333333354 ], [ 77.508686659071216, 34.680908881293426 ], [ 77.51631334092886, 34.673257785373288 ], [ 77.517019992404542, 34.668408881293431 ], [ 77.528813340928849, 34.656591118706622 ], [ 77.529519992404545, 34.651742214626758 ], [ 77.533686659071208, 34.647546386718773 ], [ 77.532980007595526, 34.639242214626762 ], [ 77.529519992404545, 34.635757785373286 ], [ 77.529166666666697, 34.633333333333354 ], [ 77.529166666666697, 34.629166666666691 ], [ 77.528580729166706, 34.596752251519121 ], [ 77.521456909179719, 34.594924248589436 ], [ 77.520833333333371, 34.583333333333357 ], [ 77.520833333333371, 34.579166666666687 ], [ 77.518622843424509, 34.578599378797769 ], [ 77.516099378797776, 34.576214938693603 ], [ 77.523043823242219, 34.574432712131099 ], [ 77.526956176757849, 34.57140062120228 ], [ 77.532624986436673, 34.569945949978319 ], [ 77.533900621202292, 34.560289510091167 ], [ 77.537896050347257, 34.555134412977452 ], [ 77.545223999023477, 34.553253851996551 ], [ 77.546400621202295, 34.524062771267381 ], [ 77.538067287868955, 34.514710489908879 ], [ 77.536649237738743, 34.509184095594641 ], [ 77.531122843424512, 34.507766045464436 ], [ 77.527210489908882, 34.50473395453561 ], [ 77.525, 34.504166666666691 ], [ 77.525353325737882, 34.497575547960089 ], [ 77.549646674262192, 34.473257785373285 ], [ 77.55, 34.45 ], [ 77.549646674262192, 34.435075547960089 ], [ 77.546186659071211, 34.431591118706621 ], [ 77.545480007595515, 34.418408881293423 ], [ 77.533686659071208, 34.406591118706622 ], [ 77.533333333333374, 34.40416666666669 ], [ 77.53248257107208, 34.400850762261307 ], [ 77.526956176757849, 34.399432712131102 ], [ 77.518877156575556, 34.392233954535612 ], [ 77.516666666666694, 34.391666666666687 ], [ 77.517019992404542, 34.389242214626755 ], [ 77.524646674262186, 34.381591118706616 ], [ 77.525, 34.379166666666691 ], [ 77.524432712131116, 34.376956176757837 ], [ 77.521400621202289, 34.373043823242213 ], [ 77.519982571072077, 34.367517428927975 ], [ 77.512896050347251, 34.365698920355925 ], [ 77.50776604546445, 34.359079996744811 ], [ 77.508900621202287, 34.351956176757831 ], [ 77.513067287868964, 34.346579996744815 ], [ 77.511932712131113, 34.335289510091165 ], [ 77.504733954535624, 34.327210489908879 ], [ 77.504166666666706, 34.325 ], [ 77.500850762261322, 34.324149237738737 ], [ 77.5, 34.320833333333354 ], [ 77.496541680230067, 34.319945949978319 ], [ 77.495124986436664, 34.309220716688387 ], [ 77.491666666666703, 34.308333333333351 ], [ 77.490529378255246, 34.303902180989603 ], [ 77.485543823242224, 34.307766045464433 ], [ 77.476956176757852, 34.308900621202277 ], [ 77.473043823242222, 34.311932712131096 ], [ 77.464456176757849, 34.313067287868947 ], [ 77.460543823242219, 34.316099378797766 ], [ 77.458333333333371, 34.316666666666691 ], [ 77.457980007595523, 34.319091118706616 ], [ 77.452457004123303, 34.324641927083356 ], [ 77.447575547960099, 34.325353325737865 ], [ 77.444091118706638, 34.328813340928839 ], [ 77.441666666666706, 34.329166666666687 ], [ 77.439242214626773, 34.328813340928839 ], [ 77.435757785373298, 34.325353325737865 ], [ 77.429166666666703, 34.325 ], [ 77.40833333333336, 34.325 ], [ 77.407980007595526, 34.327424452039949 ], [ 77.385787285698825, 34.349642266167557 ], [ 77.380908881293436, 34.350353325737871 ], [ 77.369091118706635, 34.362146674262178 ], [ 77.335075547960102, 34.362853325737866 ], [ 77.327424452039963, 34.370480007595511 ], [ 77.322575547960099, 34.371186659071199 ], [ 77.316665310329896, 34.377067396375892 ], [ 77.320480007595521, 34.380908881293422 ], [ 77.320833333333368, 34.383333333333354 ], [ 77.310075547960096, 34.382980007595506 ], [ 77.302424452039958, 34.375353325737869 ], [ 77.3, 34.375 ], [ 77.293408881293431, 34.375353325737869 ], [ 77.289924452039969, 34.378813340928843 ], [ 77.285075547960105, 34.379519992404539 ], [ 77.281591118706629, 34.382980007595506 ], [ 77.270833333333371, 34.383333333333354 ], [ 77.270480007595523, 34.398257785373289 ], [ 77.267019992404542, 34.401742214626758 ], [ 77.266666666666694, 34.40416666666669 ], [ 77.260075547960099, 34.403813340928842 ], [ 77.256591118706623, 34.400353325737868 ], [ 77.25, 34.4 ], [ 77.247789510091181, 34.400567287868945 ], [ 77.24387715657555, 34.403599378797765 ], [ 77.239456176757841, 34.404733954535615 ], [ 77.230086263020866, 34.413082885742213 ], [ 77.22831590440542, 34.419982571072069 ], [ 77.225, 34.420833333333356 ], [ 77.2125, 34.420833333333356 ], [ 77.211584472656284, 34.417265150282141 ], [ 77.191666666666691, 34.416666666666686 ], [ 77.191313340928858, 34.423257785373288 ], [ 77.18162163628476, 34.432975599500892 ], [ 77.179166666666703, 34.433333333333358 ], [ 77.175, 34.433333333333358 ], [ 77.174642266167567, 34.430878363715301 ], [ 77.164924452039969, 34.421186659071203 ], [ 77.143408881293439, 34.420480007595508 ], [ 77.139924452039963, 34.417019992404533 ], [ 77.1375, 34.416666666666686 ], [ 77.110075547960093, 34.417019992404533 ], [ 77.106591118706632, 34.420480007595508 ], [ 77.097575547960105, 34.421186659071203 ], [ 77.087857733832493, 34.430878363715301 ], [ 77.0875, 34.433333333333358 ], [ 77.086932712131102, 34.435543823242213 ], [ 77.07556728786895, 34.44778951009117 ], [ 77.074432712131113, 34.452210489908879 ], [ 77.071400621202287, 34.456122843424502 ], [ 77.070266045464436, 34.460543823242212 ], [ 77.066270616319471, 34.465698920355926 ], [ 77.059041680230067, 34.467554050021725 ], [ 77.057766045464433, 34.477210489908877 ], [ 77.054733954535621, 34.481122843424501 ], [ 77.053528849283879, 34.499094306098115 ], [ 77.05, 34.5 ], [ 77.047751871744822, 34.499470350477452 ], [ 77.039748128255241, 34.492196316189258 ], [ 77.036559380425373, 34.491137017144119 ], [ 77.031414794921901, 34.495303683810789 ], [ 77.026918538411493, 34.496362982855928 ], [ 77.013629150390656, 34.5088558620877 ], [ 77.009105767144121, 34.507446967230926 ], [ 77.007803683810792, 34.501918538411481 ], [ 77.003220621744816, 34.496591864691865 ], [ 77.0, 34.495833333333358 ], [ 76.997575547960096, 34.496186659071206 ], [ 76.994091118706621, 34.499646674262173 ], [ 76.9875, 34.5 ], [ 76.983333333333363, 34.5 ], [ 76.982482571072083, 34.503315904405405 ], [ 76.9791666666667, 34.504166666666691 ], [ 76.978813340928852, 34.514924452039956 ], [ 76.973286268446216, 34.520479329427104 ], [ 76.958333333333357, 34.520833333333357 ], [ 76.954166666666694, 34.520833333333357 ], [ 76.950850762261311, 34.51998257107207 ], [ 76.949149237738752, 34.513350762261311 ], [ 76.945833333333368, 34.5125 ], [ 76.943408881293436, 34.512853325737872 ], [ 76.939924452039961, 34.516313340928839 ], [ 76.935075547960096, 34.517019992404535 ], [ 76.921191067165822, 34.530879041883701 ], [ 76.920480007595515, 34.535757785373285 ], [ 76.914957004123295, 34.541308593750024 ], [ 76.9125, 34.541666666666693 ], [ 76.897575547960102, 34.541313340928845 ], [ 76.894091118706626, 34.537853325737871 ], [ 76.889949544270863, 34.537146674262175 ], [ 76.869091118706621, 34.557980007595511 ], [ 76.864950900607667, 34.558686659071206 ], [ 76.856591118706632, 34.550353325737873 ], [ 76.84583333333336, 34.55 ], [ 76.843622843424512, 34.550567287868944 ], [ 76.835543823242219, 34.557766045464433 ], [ 76.80924496120879, 34.558947414822072 ], [ 76.807766045464433, 34.564710489908876 ], [ 76.804733954535621, 34.5686228434245 ], [ 76.80359937879777, 34.571821424696203 ], [ 76.816099378797773, 34.585289510091172 ], [ 76.816666666666691, 34.5875 ], [ 76.818877156575553, 34.588067287868945 ], [ 76.821400621202287, 34.590451727973111 ], [ 76.814456176757844, 34.592233954535615 ], [ 76.810543823242213, 34.595266045464435 ], [ 76.804166666666688, 34.59583333333336 ], [ 76.80359937879777, 34.602210489908877 ], [ 76.800567287868958, 34.606122843424501 ], [ 76.79911261664499, 34.611791653103325 ], [ 76.789456176757838, 34.613067287868944 ], [ 76.785543823242222, 34.61609937879777 ], [ 76.772789510091172, 34.617233954535614 ], [ 76.767634412977458, 34.621229383680578 ], [ 76.766099378797776, 34.627210489908876 ], [ 76.758900621202287, 34.63528951009117 ], [ 76.757766045464436, 34.643877156575542 ], [ 76.754733954535624, 34.647789510091172 ], [ 76.753599378797773, 34.656377156575545 ], [ 76.746400621202284, 34.664456176757838 ], [ 76.745833333333366, 34.666666666666693 ], [ 76.745480007595518, 34.681591118706621 ], [ 76.742019992404536, 34.685075547960096 ], [ 76.741666666666688, 34.691666666666691 ], [ 76.735075547960093, 34.692019992404539 ], [ 76.725357733832496, 34.701711697048637 ], [ 76.724646674262175, 34.706591118706619 ], [ 76.717019992404545, 34.714242214626758 ], [ 76.716666666666697, 34.71666666666669 ], [ 76.716099378797765, 34.723043823242215 ], [ 76.70056728786895, 34.739456176757841 ], [ 76.699291483561225, 34.749112616644993 ], [ 76.695833333333354, 34.75 ], [ 76.689506530761747, 34.749382527669297 ], [ 76.68549346923831, 34.74645080566409 ], [ 76.672839864095081, 34.745215861002627 ], [ 76.664660135904981, 34.738117472330757 ], [ 76.642666286892393, 34.736882527669295 ], [ 76.641049024793858, 34.747993638780407 ], [ 76.63388994004994, 34.756243557400197 ], [ 76.637574598524338, 34.761287434895856 ], [ 76.633333333333354, 34.7625 ], [ 76.622789510091167, 34.761932712131099 ], [ 76.613419765896296, 34.753583780924501 ], [ 76.611603630913649, 34.746507093641519 ], [ 76.599253336588575, 34.745266045464433 ], [ 76.593877156575545, 34.749432712131103 ], [ 76.584220716688392, 34.750708346896729 ], [ 76.583333333333357, 34.754166666666691 ], [ 76.581122843424509, 34.754733954535617 ], [ 76.577210489908879, 34.757766045464436 ], [ 76.568622843424507, 34.75890062120228 ], [ 76.564710489908876, 34.761932712131099 ], [ 76.551214938693604, 34.76306728786895 ], [ 76.55, 34.758333333333361 ], [ 76.5375, 34.758333333333361 ], [ 76.536932712131104, 34.760543823242216 ], [ 76.529733954535615, 34.768622843424502 ], [ 76.528315734863313, 34.77414923773874 ], [ 76.522789510091172, 34.775567287868952 ], [ 76.517634412977458, 34.779562717013917 ], [ 76.51581573486331, 34.786649237738743 ], [ 76.51028951009117, 34.788067287868948 ], [ 76.506377156575553, 34.791099378797767 ], [ 76.489456176757841, 34.792233954535618 ], [ 76.48554382324221, 34.795266045464437 ], [ 76.483333333333363, 34.795833333333356 ], [ 76.482672119140645, 34.788399590386312 ], [ 76.479166666666686, 34.7875 ], [ 76.464242214626765, 34.787146674262175 ], [ 76.460757785373289, 34.783686659071208 ], [ 76.458333333333357, 34.78333333333336 ], [ 76.455908881293425, 34.783686659071208 ], [ 76.450358072916686, 34.789209662543428 ], [ 76.449646674262183, 34.794091118706625 ], [ 76.444119771321638, 34.799645657009577 ], [ 76.433333333333366, 34.8 ], [ 76.432766045464433, 34.810543823242213 ], [ 76.429733954535621, 34.814456176757837 ], [ 76.42859937879777, 34.818877156575546 ], [ 76.425567287868944, 34.82278951009117 ], [ 76.424432712131107, 34.843877156575545 ], [ 76.417233954535618, 34.851956176757838 ], [ 76.416099378797767, 34.86471048990888 ], [ 76.413067287868955, 34.868622843424504 ], [ 76.411932712131104, 34.875746663411483 ], [ 76.416197882758269, 34.88125 ], [ 76.413067287868955, 34.88528951009117 ], [ 76.411932712131104, 34.893877156575549 ], [ 76.408802117241777, 34.897916666666696 ], [ 76.411932712131104, 34.901956176757835 ], [ 76.413067287868955, 34.905103895399328 ], [ 76.404733954535615, 34.914456176757838 ], [ 76.403458150227891, 34.92411261664499 ], [ 76.396494547526061, 34.925899590386308 ], [ 76.395833333333357, 34.933333333333358 ], [ 76.395178561740479, 34.940693834092912 ], [ 76.385543823242216, 34.949432712131106 ], [ 76.378599378797773, 34.951214938693603 ], [ 76.381122843424507, 34.953599378797769 ], [ 76.38806728786895, 34.955381605360273 ], [ 76.386932712131099, 34.964710489908882 ], [ 76.37973395453561, 34.972789510091175 ], [ 76.378315734863307, 34.978315904405406 ], [ 76.371229214138481, 34.980134412977456 ], [ 76.36609937879777, 34.986753336588571 ], [ 76.367673407660618, 34.990855577256973 ], [ 76.370833333333366, 34.991666666666696 ], [ 76.370480007595518, 34.994091118706621 ], [ 76.36078847249351, 35.003808932834225 ], [ 76.355908881293431, 35.004519992404539 ], [ 76.344091118706615, 35.016313340928846 ], [ 76.341666666666697, 35.016666666666694 ], [ 76.341313340928849, 35.031591118706622 ], [ 76.337853325737868, 35.035075547960098 ], [ 76.3375, 35.041666666666693 ], [ 76.339924452039952, 35.042019992404541 ], [ 76.347575547960091, 35.049646674262178 ], [ 76.354166666666686, 35.05 ], [ 76.358333333333363, 35.05 ], [ 76.36887715657555, 35.050567287868951 ], [ 76.372789510091167, 35.05359937879777 ], [ 76.382400173611131, 35.054869249131968 ], [ 76.395266045464439, 35.068622843424507 ], [ 76.396684265136741, 35.074149237738744 ], [ 76.4, 35.075 ], [ 76.400567287868952, 35.102210489908884 ], [ 76.403599378797765, 35.106122843424508 ], [ 76.404733954535615, 35.11471048990888 ], [ 76.407766045464442, 35.118622843424504 ], [ 76.408900621202278, 35.127210489908883 ], [ 76.425677151150197, 35.14493781195749 ], [ 76.432661777072511, 35.146730211046034 ], [ 76.433900621202284, 35.159321424696209 ], [ 76.421400621202281, 35.172789510091171 ], [ 76.420833333333363, 35.179166666666696 ], [ 76.420833333333363, 35.1875 ], [ 76.421419440375459, 35.219914415147599 ], [ 76.428315734863304, 35.221684265136744 ], [ 76.429166666666688, 35.225 ], [ 76.432482401529967, 35.224149068196645 ], [ 76.433900621202284, 35.218622843424505 ], [ 76.436932712131096, 35.214710489908882 ], [ 76.438067287868947, 35.210289510091172 ], [ 76.445266045464436, 35.202210489908886 ], [ 76.446732923719651, 35.196494547526072 ], [ 76.460543823242219, 35.195266045464436 ], [ 76.464456176757835, 35.192233954535617 ], [ 76.468877156575545, 35.191099378797773 ], [ 76.472789510091175, 35.188067287868954 ], [ 76.477210489908884, 35.186932712131103 ], [ 76.481122843424501, 35.183900621202284 ], [ 76.48554382324221, 35.18276604546444 ], [ 76.501956176757844, 35.167233954535618 ], [ 76.508333333333354, 35.166666666666693 ], [ 76.508686659071202, 35.164242214626768 ], [ 76.532980007595512, 35.139924452039956 ], [ 76.533686659071208, 35.122575547960096 ], [ 76.537146674262175, 35.119091118706628 ], [ 76.5375, 35.116666666666696 ], [ 76.543877156575547, 35.11609937879777 ], [ 76.556122843424504, 35.104733954535618 ], [ 76.560543823242213, 35.103599378797767 ], [ 76.564456176757844, 35.100567287868948 ], [ 76.578206888834657, 35.099344211154545 ], [ 76.582766045464439, 35.093877156575552 ], [ 76.584184265136741, 35.088350762261314 ], [ 76.590815734863313, 35.08664923773874 ], [ 76.591666666666697, 35.083333333333364 ], [ 76.598257785373292, 35.082980007595516 ], [ 76.601742214626768, 35.079519992404542 ], [ 76.620833333333366, 35.079166666666694 ], [ 76.621191406250034, 35.076709662543429 ], [ 76.626742214626759, 35.071186659071209 ], [ 76.660757785373292, 35.070480007595513 ], [ 76.664242214626768, 35.067019992404539 ], [ 76.670833333333363, 35.066666666666691 ], [ 76.671186659071211, 35.060075547960096 ], [ 76.674646674262178, 35.056591118706628 ], [ 76.675, 35.054166666666696 ], [ 76.681591118706621, 35.053813340928848 ], [ 76.685075547960096, 35.050353325737873 ], [ 76.706591118706626, 35.049646674262178 ], [ 76.710075547960102, 35.046186659071211 ], [ 76.7125, 35.045833333333363 ], [ 76.713409254286049, 35.049376424153671 ], [ 76.725, 35.05 ] ] ] ] } },
{ "type": "Feature", "properties": { "HYBAS_ID": 4070609110, "NEXT_DOWN": 4070607260, "NEXT_SINK": 4070033640, "MAIN_BAS": 4070033640, "DIST_SINK": 2464.0, "DIST_MAIN": 2464.0, "SUB_AREA": 3638.2, "UP_AREA": 3638.3, "PFAF_ID": 4568020, "ENDO": 0, "COAST": 0, "ORDER": 3, "SORT": 5959, "areakm2": 3638.22 }, "geometry": { "type": "MultiPolygon", "coordinates": [ [ [ [ 76.991666666666703, 35.208333333333364 ], [ 76.994120958116355, 35.207975599500898 ], [ 77.007980007595521, 35.194091118706623 ], [ 77.008691406250037, 35.189209832085531 ], [ 77.014242214626762, 35.183686659071206 ], [ 77.020833333333357, 35.183333333333358 ], [ 77.048257785373295, 35.182980007595518 ], [ 77.055908881293433, 35.175353325737873 ], [ 77.064924452039961, 35.174646674262178 ], [ 77.068408881293436, 35.171186659071211 ], [ 77.077424452039963, 35.170480007595515 ], [ 77.080908881293439, 35.167019992404541 ], [ 77.0875, 35.166666666666693 ], [ 77.086932712131102, 35.147789510091172 ], [ 77.083900621202289, 35.143877156575549 ], [ 77.082482571072077, 35.138350762261311 ], [ 77.075850762261311, 35.136649237738744 ], [ 77.074432712131113, 35.131122843424507 ], [ 77.071301947699681, 35.12708333333336 ], [ 77.074432712131113, 35.123043823242213 ], [ 77.07556728786895, 35.118622843424504 ], [ 77.078599378797776, 35.11471048990888 ], [ 77.079799397786488, 35.09681226942277 ], [ 77.085289510091172, 35.092233954535615 ], [ 77.102210489908884, 35.091099378797772 ], [ 77.106122843424515, 35.088067287868952 ], [ 77.111838785807322, 35.086600409613744 ], [ 77.1125, 35.079166666666694 ], [ 77.112853325737873, 35.072575547960099 ], [ 77.121186659071213, 35.064215766059057 ], [ 77.120480007595518, 35.060075547960096 ], [ 77.117019992404551, 35.056591118706628 ], [ 77.116666666666703, 35.045833333333363 ], [ 77.105075751410624, 35.045209757487008 ], [ 77.1041666666667, 35.041666666666693 ], [ 77.09583333333336, 35.041666666666693 ], [ 77.089456176757849, 35.042233954535618 ], [ 77.081377156575556, 35.049432712131107 ], [ 77.047048272026942, 35.050567287868951 ], [ 77.045266045464444, 35.043622843424508 ], [ 77.040706719292558, 35.038155788845515 ], [ 77.026956176757849, 35.036932712131104 ], [ 77.023043823242219, 35.033900621202285 ], [ 77.0125, 35.03333333333336 ], [ 77.012146674262183, 35.030908881293428 ], [ 77.008686659071216, 35.027424452039959 ], [ 77.008333333333368, 35.020833333333357 ], [ 77.004166666666691, 35.020833333333357 ], [ 77.001742214626773, 35.020480007595516 ], [ 76.998257785373298, 35.017019992404542 ], [ 76.964242214626765, 35.016313340928846 ], [ 76.960757785373289, 35.012853325737872 ], [ 76.955908881293439, 35.012146674262183 ], [ 76.952424452039963, 35.008686659071209 ], [ 76.947575547960099, 35.007980007595513 ], [ 76.944091118706623, 35.004519992404539 ], [ 76.9375, 35.004166666666691 ], [ 76.931122843424504, 35.004733954535617 ], [ 76.921752929687528, 35.013082885742215 ], [ 76.919982571072083, 35.019982571072077 ], [ 76.913350762261317, 35.021684095594644 ], [ 76.911932712131104, 35.027210489908882 ], [ 76.908900621202292, 35.031122843424505 ], [ 76.907766045464442, 35.035543823242215 ], [ 76.903247070312531, 35.040962388780407 ], [ 76.893622843424509, 35.042233954535618 ], [ 76.888467746310795, 35.046229383680583 ], [ 76.886612616644996, 35.053458319769994 ], [ 76.876956176757844, 35.054733954535621 ], [ 76.871801079644129, 35.058729383680586 ], [ 76.870266045464433, 35.064710489908883 ], [ 76.867233954535621, 35.068622843424507 ], [ 76.865757581922779, 35.07437642415367 ], [ 76.843622843424512, 35.07556728786895 ], [ 76.839710489908882, 35.078599378797769 ], [ 76.826956176757847, 35.079733954535619 ], [ 76.823043823242216, 35.082766045464439 ], [ 76.820833333333368, 35.083333333333364 ], [ 76.81998240152997, 35.080017428927981 ], [ 76.814456176757844, 35.078599378797769 ], [ 76.80637715657555, 35.071400621202287 ], [ 76.801956176757841, 35.070266045464436 ], [ 76.79804382324221, 35.067233954535617 ], [ 76.756122843424507, 35.066099378797773 ], [ 76.752210489908876, 35.063067287868954 ], [ 76.74668426513675, 35.061649237738742 ], [ 76.744982401529981, 35.055017428927982 ], [ 76.739456176757841, 35.05359937879777 ], [ 76.73554382324221, 35.050567287868951 ], [ 76.725, 35.05 ], [ 76.713409254286049, 35.049376424153671 ], [ 76.7125, 35.045833333333363 ], [ 76.710075547960102, 35.046186659071211 ], [ 76.706591118706626, 35.049646674262178 ], [ 76.685075547960096, 35.050353325737873 ], [ 76.681591118706621, 35.053813340928848 ], [ 76.675, 35.054166666666696 ], [ 76.674646674262178, 35.056591118706628 ], [ 76.671186659071211, 35.060075547960096 ], [ 76.670833333333363, 35.066666666666691 ], [ 76.664242214626768, 35.067019992404539 ], [ 76.660757785373292, 35.070480007595513 ], [ 76.626742214626759, 35.071186659071209 ], [ 76.621191406250034, 35.076709662543429 ], [ 76.620833333333366, 35.079166666666694 ], [ 76.601742214626768, 35.079519992404542 ], [ 76.598257785373292, 35.082980007595516 ], [ 76.591666666666697, 35.083333333333364 ], [ 76.590815734863313, 35.08664923773874 ], [ 76.584184265136741, 35.088350762261314 ], [ 76.582766045464439, 35.093877156575552 ], [ 76.578206888834657, 35.099344211154545 ], [ 76.564456176757844, 35.100567287868948 ], [ 76.560543823242213, 35.103599378797767 ], [ 76.556122843424504, 35.104733954535618 ], [ 76.543877156575547, 35.11609937879777 ], [ 76.5375, 35.116666666666696 ], [ 76.537146674262175, 35.119091118706628 ], [ 76.533686659071208, 35.122575547960096 ], [ 76.532980007595512, 35.139924452039956 ], [ 76.508686659071202, 35.164242214626768 ], [ 76.508333333333354, 35.166666666666693 ], [ 76.501956176757844, 35.167233954535618 ], [ 76.48554382324221, 35.18276604546444 ], [ 76.481122843424501, 35.183900621202284 ], [ 76.477210489908884, 35.186932712131103 ], [ 76.472789510091175, 35.188067287868954 ], [ 76.468877156575545, 35.191099378797773 ], [ 76.464456176757835, 35.192233954535617 ], [ 76.460543823242219, 35.195266045464436 ], [ 76.446732923719651, 35.196494547526072 ], [ 76.445266045464436, 35.202210489908886 ], [ 76.438067287868947, 35.210289510091172 ], [ 76.436932712131096, 35.214710489908882 ], [ 76.433900621202284, 35.218622843424505 ], [ 76.432482401529967, 35.224149068196645 ], [ 76.429166666666688, 35.225 ], [ 76.428315734863304, 35.221684265136744 ], [ 76.421419440375459, 35.219914415147599 ], [ 76.420833333333363, 35.1875 ], [ 76.416666666666686, 35.1875 ], [ 76.415218607584663, 35.18269059922963 ], [ 76.409138319227452, 35.184301079644129 ], [ 76.407690599229625, 35.193801710340743 ], [ 76.400642734103755, 35.202031622992649 ], [ 76.399223327636747, 35.215946790907147 ], [ 76.377031622992646, 35.217309400770425 ], [ 76.371155124240474, 35.221476067437095 ], [ 76.368698289659307, 35.220190599229632 ], [ 76.36463504367407, 35.217309400770425 ], [ 76.358333333333363, 35.216666666666697 ], [ 76.357715691460527, 35.218826802571641 ], [ 76.349196709526936, 35.228431532118087 ], [ 76.335339864095076, 35.229784308539521 ], [ 76.330325486924934, 35.233447265625031 ], [ 76.328195020887605, 35.24089847140845 ], [ 76.317460801866346, 35.242460801866351 ], [ 76.316049024793855, 35.25216013590498 ], [ 76.304784308539524, 35.26450653076175 ], [ 76.303549024793867, 35.271302456325984 ], [ 76.30771569146053, 35.277006530761746 ], [ 76.308333333333351, 35.28333333333336 ], [ 76.307766045464433, 35.285543823242215 ], [ 76.299417114257835, 35.294913567437092 ], [ 76.292375183105491, 35.296720716688398 ], [ 76.291099378797767, 35.30637715657555 ], [ 76.288067287868955, 35.310289510091174 ], [ 76.2875, 35.316666666666698 ], [ 76.287146674262175, 35.331591118706626 ], [ 76.273284064398894, 35.345479498969212 ], [ 76.243408881293433, 35.346186659071208 ], [ 76.239924452039958, 35.349646674262182 ], [ 76.2375, 35.35 ], [ 76.236892530653236, 35.365753343370258 ], [ 76.231122843424501, 35.367233954535621 ], [ 76.227210489908884, 35.37026604546444 ], [ 76.217554050021732, 35.371541849772164 ], [ 76.216099378797765, 35.377210489908883 ], [ 76.213067287868952, 35.381122843424507 ], [ 76.211932712131102, 35.385543823242216 ], [ 76.207937452528242, 35.390698920355931 ], [ 76.200850931803416, 35.392517598470079 ], [ 76.2, 35.395833333333364 ], [ 76.200598483615479, 35.415750969780845 ], [ 76.204166666666694, 35.4166666666667 ], [ 76.204827880859398, 35.424100409613743 ], [ 76.208333333333357, 35.425 ], [ 76.211649068196635, 35.425850931803417 ], [ 76.213067287868952, 35.43137715657555 ], [ 76.216099378797765, 35.435289510091174 ], [ 76.216666666666697, 35.441666666666698 ], [ 76.217019992404545, 35.444091118706631 ], [ 76.220480007595512, 35.447575547960099 ], [ 76.22083333333336, 35.458333333333364 ], [ 76.220480007595512, 35.460757785373296 ], [ 76.212853325737868, 35.468408881293435 ], [ 76.212146674262172, 35.473257785373292 ], [ 76.206619601779536, 35.478812662760447 ], [ 76.191666666666691, 35.4791666666667 ], [ 76.184054056803404, 35.479959954155845 ], [ 76.182610744900202, 35.507574462890659 ], [ 76.164544338650202, 35.508988783094651 ], [ 76.151244947645424, 35.520968288845516 ], [ 76.149344550238737, 35.527122328016524 ], [ 76.14648878309464, 35.531211005316869 ], [ 76.145177883572075, 35.535455661349857 ], [ 76.142322116427977, 35.539544338650202 ], [ 76.141011216905412, 35.548510911729629 ], [ 76.147955661349854, 35.550655449761315 ], [ 76.156211005316862, 35.557677883572083 ], [ 76.168788994683183, 35.558988783094648 ], [ 76.17737494574655, 35.566292656792569 ], [ 76.179822116427971, 35.571500651041696 ], [ 76.167322116427968, 35.585377671983537 ], [ 76.166011216905403, 35.591912502712702 ], [ 76.170177883572066, 35.597877671983539 ], [ 76.170833333333363, 35.608333333333363 ], [ 76.185757785373283, 35.608686659071211 ], [ 76.189242214626759, 35.612146674262185 ], [ 76.191666666666691, 35.6125 ], [ 76.211584303114179, 35.611901516384577 ], [ 76.213403489854628, 35.604812452528243 ], [ 76.227071974012617, 35.59212646484378 ], [ 76.231122843424501, 35.595266045464442 ], [ 76.23554382324221, 35.596400621202292 ], [ 76.240920003255226, 35.600567287868955 ], [ 76.268877156575542, 35.599432712131104 ], [ 76.272789510091172, 35.596400621202292 ], [ 76.279166666666697, 35.595833333333367 ], [ 76.281591118706615, 35.596186659071215 ], [ 76.285075547960091, 35.599646674262182 ], [ 76.304166666666688, 35.6 ], [ 76.304166666666688, 35.6125 ], [ 76.319091118706623, 35.612853325737881 ], [ 76.322575547960099, 35.616313340928855 ], [ 76.325, 35.616666666666696 ], [ 76.328458150227888, 35.617554050021731 ], [ 76.329733954535612, 35.627210489908883 ], [ 76.332766045464439, 35.631122843424514 ], [ 76.334246656629801, 35.636892530653242 ], [ 76.364710489908873, 35.638067287868957 ], [ 76.368622843424504, 35.641099378797776 ], [ 76.373043823242213, 35.642233954535619 ], [ 76.381122843424507, 35.649432712131109 ], [ 76.386917114257841, 35.650919765896298 ], [ 76.395266045464439, 35.660289510091175 ], [ 76.396494547526061, 35.67410040961375 ], [ 76.4, 35.675 ], [ 76.400772603352891, 35.671719699435798 ], [ 76.405267333984398, 35.670319790310359 ], [ 76.414418368869377, 35.678637186686231 ], [ 76.454166666666694, 35.679166666666703 ], [ 76.457482401529973, 35.678315734863311 ], [ 76.458900621202289, 35.672789510091178 ], [ 76.461932712131102, 35.668877156575554 ], [ 76.463204277886305, 35.659252760145435 ], [ 76.468622843424498, 35.654733954535622 ], [ 76.478247239854625, 35.653462388780412 ], [ 76.48276604546443, 35.648043823242219 ], [ 76.483333333333363, 35.625 ], [ 76.489924452039958, 35.624646674262188 ], [ 76.501742214626759, 35.612853325737881 ], [ 76.506591118706623, 35.612146674262185 ], [ 76.510075547960099, 35.608686659071211 ], [ 76.514924452039963, 35.607980007595515 ], [ 76.522575547960102, 35.600353325737878 ], [ 76.529166666666697, 35.6 ], [ 76.53333333333336, 35.6 ], [ 76.535543823242207, 35.600567287868955 ], [ 76.539456176757838, 35.603599378797774 ], [ 76.54804382324221, 35.604733954535625 ], [ 76.551956176757841, 35.607766045464444 ], [ 76.55637715657555, 35.608900621202288 ], [ 76.560289510091167, 35.611932712131107 ], [ 76.574100409613749, 35.613161214192743 ], [ 76.575, 35.616666666666696 ], [ 76.581377156575542, 35.616099378797777 ], [ 76.585289510091172, 35.613067287868958 ], [ 76.59910040961374, 35.611838785807322 ], [ 76.600967746310786, 35.604562547471822 ], [ 76.60625, 35.600468783908454 ], [ 76.610289510091178, 35.603599378797774 ], [ 76.61887715657555, 35.604733954535625 ], [ 76.622789510091167, 35.607766045464444 ], [ 76.631377156575553, 35.608900621202288 ], [ 76.63528951009117, 35.611932712131107 ], [ 76.65833333333336, 35.6125 ], [ 76.661746554904539, 35.613450453016526 ], [ 76.663105095757402, 35.623006015353766 ], [ 76.666061570909321, 35.626993984646298 ], [ 76.667443508572077, 35.63671518961592 ], [ 76.675758022732225, 35.637943861219654 ], [ 76.682792663574247, 35.632728237575989 ], [ 76.685506015353766, 35.63393842909074 ], [ 76.68949398464629, 35.636894904242652 ], [ 76.698006015353755, 35.63810509575741 ], [ 76.706160651312956, 35.645228237575985 ], [ 76.714672682020421, 35.646438429090743 ], [ 76.718660651312959, 35.649394904242655 ], [ 76.723006015353761, 35.650605095757413 ], [ 76.726993984646299, 35.653561570909318 ], [ 76.735506015353764, 35.654771762424076 ], [ 76.739493984646302, 35.657728237575988 ], [ 76.743839348687089, 35.658938429090746 ], [ 76.747827317979628, 35.661894904242651 ], [ 76.75, 35.6625 ], [ 76.752424452039961, 35.662146674262182 ], [ 76.755908881293436, 35.658686659071215 ], [ 76.769091118706626, 35.657980007595519 ], [ 76.772575547960102, 35.654519992404545 ], [ 76.775, 35.654166666666697 ], [ 76.775353325737882, 35.651742214626765 ], [ 76.778813340928849, 35.648257785373296 ], [ 76.779166666666697, 35.645833333333364 ], [ 76.776742214626765, 35.645480007595516 ], [ 76.77118784586591, 35.639953443739181 ], [ 76.770480007595509, 35.623287116156718 ], [ 76.774646674262186, 35.619091118706628 ], [ 76.775353325737882, 35.614242214626771 ], [ 76.778813340928849, 35.610757785373295 ], [ 76.779519992404545, 35.605908881293438 ], [ 76.787146674262175, 35.598257785373292 ], [ 76.787853325737871, 35.593408881293435 ], [ 76.791313340928852, 35.589924452039959 ], [ 76.792019992404548, 35.573284403483107 ], [ 76.783686659071208, 35.564924452039961 ], [ 76.782980007595512, 35.556620449490048 ], [ 76.787146674262175, 35.552424452039965 ], [ 76.787853325737871, 35.547575547960101 ], [ 76.793379550510011, 35.542021518283448 ], [ 76.806591118706621, 35.541313340928852 ], [ 76.81214514838328, 35.535787116156712 ], [ 76.8125, 35.529166666666697 ], [ 76.810075547960096, 35.528813340928849 ], [ 76.800357733832499, 35.519121805826856 ], [ 76.8, 35.516666666666694 ], [ 76.795833333333363, 35.516666666666694 ], [ 76.796186659071211, 35.497575547960103 ], [ 76.799646674262178, 35.494091118706628 ], [ 76.800353325737873, 35.489242214626771 ], [ 76.803813340928855, 35.485757785373295 ], [ 76.804166666666688, 35.4791666666667 ], [ 76.807406955295164, 35.478240288628506 ], [ 76.808950975206187, 35.472839864095086 ], [ 76.811882358127193, 35.468826802571648 ], [ 76.813471645779103, 35.46326819525828 ], [ 76.824264865451411, 35.461697387695345 ], [ 76.825735134548637, 35.446636623806455 ], [ 76.835409206814262, 35.438056098090307 ], [ 76.840762159559489, 35.441966247558625 ], [ 76.841518995496983, 35.435881551106803 ], [ 76.832715691460535, 35.425736660427546 ], [ 76.834085083007835, 35.413286844889356 ], [ 76.839506530761753, 35.408950975206196 ], [ 76.843826972113746, 35.407715691460531 ], [ 76.847839694552974, 35.404784308539526 ], [ 76.856326972113749, 35.403549024793868 ], [ 76.864506361219654, 35.396450975206193 ], [ 76.868826972113737, 35.395215691460535 ], [ 76.877006361219642, 35.38811764187286 ], [ 76.879166666666691, 35.3875 ], [ 76.881377156575553, 35.386932712131106 ], [ 76.886753336588569, 35.382766045464436 ], [ 76.893877156575556, 35.383900621202287 ], [ 76.897789510091172, 35.386932712131106 ], [ 76.907445949978325, 35.38820851643883 ], [ 76.909301079644123, 35.395437452528242 ], [ 76.914456176757838, 35.399432712131109 ], [ 76.92304382324221, 35.400567287868952 ], [ 76.932396104600727, 35.408900621202285 ], [ 76.940785725911482, 35.407599216037354 ], [ 76.942233954535624, 35.401956176757842 ], [ 76.953599378797776, 35.389710489908886 ], [ 76.954733954535627, 35.376956176757844 ], [ 76.957766045464439, 35.37304382324222 ], [ 76.959301079644121, 35.367062547471818 ], [ 76.964456176757835, 35.363067287868951 ], [ 76.968877156575545, 35.361932712131107 ], [ 76.972789510091175, 35.358900621202288 ], [ 76.9875, 35.358333333333363 ], [ 76.9875, 35.341666666666697 ], [ 76.988067287868958, 35.339456176757842 ], [ 76.992233954535621, 35.334079996744819 ], [ 76.99109937879777, 35.322789510091177 ], [ 76.987235514322947, 35.317803785536057 ], [ 76.99387715657555, 35.316099378797773 ], [ 76.997789510091181, 35.313067287868954 ], [ 77.003583780924515, 35.311580234103765 ], [ 77.011932712131113, 35.30221048990888 ], [ 77.0125, 35.3 ], [ 77.011932712131113, 35.297789510091178 ], [ 76.992233954535621, 35.277210489908882 ], [ 76.990815904405409, 35.271684265136749 ], [ 76.983729383680583, 35.269865587022601 ], [ 76.979733954535618, 35.264710489908886 ], [ 76.978599378797767, 35.256122843424507 ], [ 76.975567287868955, 35.252210489908883 ], [ 76.975, 35.245833333333366 ], [ 76.977424452039955, 35.245480007595518 ], [ 76.980908881293431, 35.242019992404543 ], [ 76.989952935112882, 35.241311136881542 ], [ 77.000353325737876, 35.230882602267826 ], [ 76.999646674262181, 35.226742214626768 ], [ 76.996186659071213, 35.223257785373292 ], [ 76.995480007595518, 35.218408881293428 ], [ 76.992019992404551, 35.214924452039959 ], [ 76.991666666666703, 35.208333333333364 ] ] ] ] } },
{ "type": "Feature", "properties": { "HYBAS_ID": 4070623190, "NEXT_DOWN": 4070607420, "NEXT_SINK": 4070033640, "MAIN_BAS": 4070033640, "DIST_SINK": 2480.1, "DIST_MAIN": 2480.1, "SUB_AREA": 5184.7, "UP_AREA": 58893.3, "PFAF_ID": 4569030, "ENDO": 0, "COAST": 0, "ORDER": 1, "SORT": 5960, "areakm2": 5183.63 }, "geometry": { "type": "MultiPolygon", "coordinates": [ [ [ [ 76.795833333333363, 33.966666666666704 ], [ 76.795266045464444, 33.968877156575559 ], [ 76.786917114257847, 33.978246900770436 ], [ 76.780017598470081, 33.980017598470084 ], [ 76.778599378797765, 33.985543823242224 ], [ 76.774604119194905, 33.990698920355939 ], [ 76.768622843424509, 33.992233954535628 ], [ 76.764710489908879, 33.995266045464447 ], [ 76.749253336588566, 33.996400621202291 ], [ 76.74375, 33.99213545057512 ], [ 76.739710489908887, 33.995266045464447 ], [ 76.710289510091172, 33.996400621202291 ], [ 76.706377156575542, 33.99943271213111 ], [ 76.700850931803416, 34.00085093180342 ], [ 76.699432712131099, 34.006377156575553 ], [ 76.696400621202287, 34.010289510091184 ], [ 76.695266045464436, 34.014710489908886 ], [ 76.692233954535624, 34.018622843424517 ], [ 76.691666666666691, 34.020833333333371 ], [ 76.689456176757844, 34.021400621202289 ], [ 76.677210489908887, 34.032766045464442 ], [ 76.671572028266084, 34.034213087293871 ], [ 76.67026604546443, 34.042413330078162 ], [ 76.674531216091609, 34.047916666666701 ], [ 76.671400621202281, 34.051956176757848 ], [ 76.670833333333363, 34.0625 ], [ 76.671186659071211, 34.064924452039968 ], [ 76.674646674262178, 34.068408881293436 ], [ 76.675, 34.070833333333354 ], [ 76.672575547960093, 34.070480007595521 ], [ 76.669091118706618, 34.067019992404546 ], [ 76.6625, 34.066666666666706 ], [ 76.65, 34.066666666666684 ], [ 76.648785061306455, 34.06193271213111 ], [ 76.626956176757844, 34.063067287868961 ], [ 76.623043823242213, 34.06609937879778 ], [ 76.620833333333366, 34.066666666666684 ], [ 76.620266045464433, 34.068877156575539 ], [ 76.603489515516515, 34.086604478624153 ], [ 76.597789510091175, 34.088067287868945 ], [ 76.589710489908882, 34.095266045464427 ], [ 76.557586669921903, 34.096400621202278 ], [ 76.552083333333357, 34.092135281033009 ], [ 76.54804382324221, 34.095266045464427 ], [ 76.538387383355058, 34.096541680230054 ], [ 76.536649068196638, 34.103315904405399 ], [ 76.531122843424498, 34.104733954535611 ], [ 76.523043823242219, 34.111932712131093 ], [ 76.517517598470079, 34.113350762261305 ], [ 76.516099378797776, 34.118877156575543 ], [ 76.512104119194902, 34.124032253689258 ], [ 76.506122843424507, 34.125567287868947 ], [ 76.502210489908876, 34.128599378797766 ], [ 76.5, 34.129166666666684 ], [ 76.499646674262181, 34.131591118706616 ], [ 76.495480007595518, 34.135786946614601 ], [ 76.496186659071213, 34.139924452039949 ], [ 76.499646674262181, 34.143408881293425 ], [ 76.500355529785182, 34.152452935112869 ], [ 76.510075547960099, 34.162146674262175 ], [ 76.519091118706626, 34.162853325737871 ], [ 76.535075547960091, 34.178813340928841 ], [ 76.539924452039955, 34.179519992404536 ], [ 76.543408881293431, 34.182980007595503 ], [ 76.545833333333363, 34.183333333333351 ], [ 76.545480007595515, 34.189924452039953 ], [ 76.529519992404545, 34.205908881293425 ], [ 76.528813340928849, 34.210046386718773 ], [ 76.532980007595512, 34.214242214626758 ], [ 76.53333333333336, 34.2375 ], [ 76.536901516384575, 34.238415527343768 ], [ 76.5375, 34.258333333333354 ], [ 76.535339864095079, 34.258950805664085 ], [ 76.531326802571641, 34.261882527669293 ], [ 76.522839864095076, 34.263117472330748 ], [ 76.517825486924934, 34.266780598958356 ], [ 76.516049024793858, 34.272993638780406 ], [ 76.513117641872853, 34.277006361219641 ], [ 76.511551411946641, 34.287767537434917 ], [ 76.506326802571635, 34.283950805664084 ], [ 76.490899149576848, 34.282715861002629 ], [ 76.479803636339, 34.292557101779536 ], [ 76.479166666666686, 34.329166666666687 ], [ 76.479519992404533, 34.331591118706619 ], [ 76.482980007595515, 34.335075547960088 ], [ 76.483333333333363, 34.34166666666669 ], [ 76.480908881293431, 34.342019992404538 ], [ 76.462855529785188, 34.360048082139777 ], [ 76.462146674262172, 34.369091118706621 ], [ 76.458347913954015, 34.37291666666669 ], [ 76.462146674262172, 34.376742214626759 ], [ 76.462853325737868, 34.38504638671877 ], [ 76.458686659071205, 34.389242214626755 ], [ 76.457980007595509, 34.394091118706619 ], [ 76.437853325737876, 34.414242214626761 ], [ 76.437146674262181, 34.419091118706618 ], [ 76.433686659071199, 34.422575547960093 ], [ 76.433333333333366, 34.425 ], [ 76.425899590386308, 34.425661214192729 ], [ 76.424149068196641, 34.432482571072072 ], [ 76.418622843424501, 34.433900621202277 ], [ 76.406377156575545, 34.445266045464429 ], [ 76.390920003255232, 34.44640062120228 ], [ 76.385543823242216, 34.44223395453561 ], [ 76.366666666666688, 34.441666666666691 ], [ 76.366313340928841, 34.444091118706616 ], [ 76.362853325737873, 34.447575547960092 ], [ 76.362146674262178, 34.460046386718773 ], [ 76.366652086046031, 34.464583333333358 ], [ 76.362853325737873, 34.468408881293428 ], [ 76.362146674262178, 34.473257785373285 ], [ 76.358686659071211, 34.476742214626761 ], [ 76.357980007595515, 34.485757785373288 ], [ 76.354181247287357, 34.489583333333357 ], [ 76.357980007595515, 34.493408881293426 ], [ 76.358686659071211, 34.498257785373283 ], [ 76.366313340928841, 34.505908881293422 ], [ 76.366666666666688, 34.508333333333354 ], [ 76.364456176757841, 34.50890062120228 ], [ 76.359583028157573, 34.512677341037346 ], [ 76.35776604546443, 34.517413330078149 ], [ 76.361932712131107, 34.522789510091172 ], [ 76.363067287868944, 34.531377156575545 ], [ 76.370266045464433, 34.539456176757838 ], [ 76.371400621202284, 34.546579996744818 ], [ 76.367233954535621, 34.551956176757834 ], [ 76.365815734863304, 34.557482571072072 ], [ 76.360289510091178, 34.558900621202284 ], [ 76.356377156575547, 34.561932712131096 ], [ 76.351956176757838, 34.563067287868947 ], [ 76.348043823242207, 34.566099378797766 ], [ 76.341666666666697, 34.566666666666691 ], [ 76.335075547960088, 34.566313340928843 ], [ 76.331591118706626, 34.562853325737869 ], [ 76.326742214626762, 34.562146674262173 ], [ 76.323257785373286, 34.558686659071206 ], [ 76.318408881293422, 34.557980007595511 ], [ 76.302424452039958, 34.542019992404533 ], [ 76.291666666666686, 34.541666666666693 ], [ 76.292233954535618, 34.54804382324221 ], [ 76.295371500651072, 34.552092149522593 ], [ 76.288067287868955, 34.560289510091167 ], [ 76.286932712131104, 34.564710489908876 ], [ 76.275567287868952, 34.576956176757832 ], [ 76.274432712131102, 34.589710489908875 ], [ 76.257656182183183, 34.607437811957489 ], [ 76.250850931803413, 34.609184095594642 ], [ 76.249432712131096, 34.61471048990888 ], [ 76.246400621202284, 34.618622843424504 ], [ 76.245833333333351, 34.620833333333358 ], [ 76.229166666666686, 34.620833333333358 ], [ 76.228813340928838, 34.623257785373291 ], [ 76.225353325737871, 34.626742214626759 ], [ 76.224646674262175, 34.644091118706619 ], [ 76.221186659071208, 34.647575547960095 ], [ 76.220480007595512, 34.660046386718776 ], [ 76.224646674262175, 34.664242214626761 ], [ 76.225353325737871, 34.676715766059054 ], [ 76.217019992404545, 34.685075547960096 ], [ 76.216313340928849, 34.689924452039953 ], [ 76.212853325737868, 34.693408881293429 ], [ 76.2125, 34.695833333333354 ], [ 76.204852294921892, 34.696613566080757 ], [ 76.204166666666694, 34.71666666666669 ], [ 76.204519992404542, 34.719091118706622 ], [ 76.216313340928849, 34.730908881293431 ], [ 76.216666666666697, 34.741666666666688 ], [ 76.216666666666697, 34.745833333333358 ], [ 76.217024400499156, 34.748287624783011 ], [ 76.230908881293431, 34.762146674262176 ], [ 76.239924452039958, 34.762853325737872 ], [ 76.243408881293433, 34.766313340928846 ], [ 76.245833333333351, 34.766666666666694 ], [ 76.246400621202284, 34.768877156575549 ], [ 76.249432712131096, 34.772789510091172 ], [ 76.250905693901927, 34.77852884928388 ], [ 76.268877156575542, 34.779733954535615 ], [ 76.272789510091172, 34.782766045464435 ], [ 76.277210489908882, 34.783900621202285 ], [ 76.285289510091175, 34.791099378797767 ], [ 76.289710489908884, 34.792233954535618 ], [ 76.293622843424501, 34.795266045464437 ], [ 76.302210489908873, 34.796400621202281 ], [ 76.306122843424504, 34.7994327121311 ], [ 76.310543823242213, 34.800567287868951 ], [ 76.315698920355928, 34.804562717013916 ], [ 76.316666666666691, 34.808333333333358 ], [ 76.344091118706615, 34.807980007595511 ], [ 76.347575547960091, 34.804519992404536 ], [ 76.352424452039955, 34.803813340928848 ], [ 76.355908881293431, 34.800353325737873 ], [ 76.372547743055577, 34.799646674262178 ], [ 76.378812493218348, 34.805880059136307 ], [ 76.379166666666691, 34.816666666666691 ], [ 76.385581631130663, 34.816137017144122 ], [ 76.389418368869386, 34.813029649522598 ], [ 76.393914964464003, 34.811970350477459 ], [ 76.406085035536051, 34.800529649522595 ], [ 76.414748297797331, 34.799470350477456 ], [ 76.41983405219186, 34.795351155598986 ], [ 76.424227396647154, 34.796719699435791 ], [ 76.425, 34.8 ], [ 76.433333333333366, 34.8 ], [ 76.444119771321638, 34.799645657009577 ], [ 76.449646674262183, 34.794091118706625 ], [ 76.450358072916686, 34.789209662543428 ], [ 76.455908881293425, 34.783686659071208 ], [ 76.458333333333357, 34.78333333333336 ], [ 76.460757785373289, 34.783686659071208 ], [ 76.464242214626765, 34.787146674262175 ], [ 76.479166666666686, 34.7875 ], [ 76.482672119140645, 34.788399590386312 ], [ 76.483333333333363, 34.795833333333356 ], [ 76.48554382324221, 34.795266045464437 ], [ 76.489456176757841, 34.792233954535618 ], [ 76.506377156575553, 34.791099378797767 ], [ 76.51028951009117, 34.788067287868948 ], [ 76.51581573486331, 34.786649237738743 ], [ 76.517634412977458, 34.779562717013917 ], [ 76.522789510091172, 34.775567287868952 ], [ 76.528315734863313, 34.77414923773874 ], [ 76.529733954535615, 34.768622843424502 ], [ 76.536932712131104, 34.760543823242216 ], [ 76.5375, 34.758333333333361 ], [ 76.55, 34.758333333333361 ], [ 76.551214938693604, 34.76306728786895 ], [ 76.564710489908876, 34.761932712131099 ], [ 76.568622843424507, 34.75890062120228 ], [ 76.577210489908879, 34.757766045464436 ], [ 76.581122843424509, 34.754733954535617 ], [ 76.583333333333357, 34.754166666666691 ], [ 76.584220716688392, 34.750708346896729 ], [ 76.593877156575545, 34.749432712131103 ], [ 76.599253336588575, 34.745266045464433 ], [ 76.611603630913649, 34.746507093641519 ], [ 76.613419765896296, 34.753583780924501 ], [ 76.622789510091167, 34.761932712131099 ], [ 76.633333333333354, 34.7625 ], [ 76.637574598524338, 34.761287434895856 ], [ 76.63388994004994, 34.756243557400197 ], [ 76.641049024793858, 34.747993638780407 ], [ 76.642666286892393, 34.736882527669295 ], [ 76.664660135904981, 34.738117472330757 ], [ 76.672839864095081, 34.745215861002627 ], [ 76.68549346923831, 34.74645080566409 ], [ 76.689506530761747, 34.749382527669297 ], [ 76.695833333333354, 34.75 ], [ 76.699291483561225, 34.749112616644993 ], [ 76.70056728786895, 34.739456176757841 ], [ 76.716099378797765, 34.723043823242215 ], [ 76.716666666666697, 34.71666666666669 ], [ 76.717019992404545, 34.714242214626758 ], [ 76.724646674262175, 34.706591118706619 ], [ 76.725357733832496, 34.701711697048637 ], [ 76.735075547960093, 34.692019992404539 ], [ 76.741666666666688, 34.691666666666691 ], [ 76.742019992404536, 34.685075547960096 ], [ 76.745480007595518, 34.681591118706621 ], [ 76.745833333333366, 34.666666666666693 ], [ 76.746400621202284, 34.664456176757838 ], [ 76.753599378797773, 34.656377156575545 ], [ 76.754733954535624, 34.647789510091172 ], [ 76.757766045464436, 34.643877156575542 ], [ 76.758900621202287, 34.63528951009117 ], [ 76.766099378797776, 34.627210489908876 ], [ 76.767634412977458, 34.621229383680578 ], [ 76.772789510091172, 34.617233954535614 ], [ 76.785543823242222, 34.61609937879777 ], [ 76.789456176757838, 34.613067287868944 ], [ 76.79911261664499, 34.611791653103325 ], [ 76.800567287868958, 34.606122843424501 ], [ 76.80359937879777, 34.602210489908877 ], [ 76.804166666666688, 34.59583333333336 ], [ 76.810543823242213, 34.595266045464435 ], [ 76.814456176757844, 34.592233954535615 ], [ 76.821400621202287, 34.590451727973111 ], [ 76.818877156575553, 34.588067287868945 ], [ 76.816666666666691, 34.5875 ], [ 76.816099378797773, 34.585289510091172 ], [ 76.80359937879777, 34.571821424696203 ], [ 76.804733954535621, 34.5686228434245 ], [ 76.807766045464433, 34.564710489908876 ], [ 76.80924496120879, 34.558947414822072 ], [ 76.835543823242219, 34.557766045464433 ], [ 76.843622843424512, 34.550567287868944 ], [ 76.84583333333336, 34.55 ], [ 76.856591118706632, 34.550353325737873 ], [ 76.864950900607667, 34.558686659071206 ], [ 76.869091118706621, 34.557980007595511 ], [ 76.889949544270863, 34.537146674262175 ], [ 76.894091118706626, 34.537853325737871 ], [ 76.897575547960102, 34.541313340928845 ], [ 76.9125, 34.541666666666693 ], [ 76.914957004123295, 34.541308593750024 ], [ 76.920480007595515, 34.535757785373285 ], [ 76.921191067165822, 34.530879041883701 ], [ 76.935075547960096, 34.517019992404535 ], [ 76.939924452039961, 34.516313340928839 ], [ 76.943408881293436, 34.512853325737872 ], [ 76.945833333333368, 34.5125 ], [ 76.949149237738752, 34.513350762261311 ], [ 76.950850762261311, 34.51998257107207 ], [ 76.954166666666694, 34.520833333333357 ], [ 76.958333333333357, 34.520833333333357 ], [ 76.973286268446216, 34.520479329427104 ], [ 76.978813340928852, 34.514924452039956 ], [ 76.9791666666667, 34.504166666666691 ], [ 76.982482571072083, 34.503315904405405 ], [ 76.983333333333363, 34.5 ], [ 76.9875, 34.5 ], [ 76.994091118706621, 34.499646674262173 ], [ 76.997575547960096, 34.496186659071206 ], [ 77.0, 34.495833333333358 ], [ 77.003220621744816, 34.496591864691865 ], [ 77.007803683810792, 34.501918538411481 ], [ 77.009105767144121, 34.507446967230926 ], [ 77.013629150390656, 34.5088558620877 ], [ 77.026918538411493, 34.496362982855928 ], [ 77.031414794921901, 34.495303683810789 ], [ 77.036559380425373, 34.491137017144119 ], [ 77.039748128255241, 34.492196316189258 ], [ 77.047751871744822, 34.499470350477452 ], [ 77.05, 34.5 ], [ 77.053528849283879, 34.499094306098115 ], [ 77.054733954535621, 34.481122843424501 ], [ 77.057766045464433, 34.477210489908877 ], [ 77.059041680230067, 34.467554050021725 ], [ 77.066270616319471, 34.465698920355926 ], [ 77.070266045464436, 34.460543823242212 ], [ 77.071400621202287, 34.456122843424502 ], [ 77.074432712131113, 34.452210489908879 ], [ 77.07556728786895, 34.44778951009117 ], [ 77.086932712131102, 34.435543823242213 ], [ 77.0875, 34.433333333333358 ], [ 77.087857733832493, 34.430878363715301 ], [ 77.097575547960105, 34.421186659071203 ], [ 77.106591118706632, 34.420480007595508 ], [ 77.110075547960093, 34.417019992404533 ], [ 77.1375, 34.416666666666686 ], [ 77.139924452039963, 34.417019992404533 ], [ 77.143408881293439, 34.420480007595508 ], [ 77.164924452039969, 34.421186659071203 ], [ 77.174642266167567, 34.430878363715301 ], [ 77.175, 34.433333333333358 ], [ 77.179166666666703, 34.433333333333358 ], [ 77.18162163628476, 34.432975599500892 ], [ 77.191313340928858, 34.423257785373288 ], [ 77.191666666666691, 34.416666666666686 ], [ 77.211584472656284, 34.417265150282141 ], [ 77.2125, 34.420833333333356 ], [ 77.225, 34.420833333333356 ], [ 77.22831590440542, 34.419982571072069 ], [ 77.230086263020866, 34.413082885742213 ], [ 77.239456176757841, 34.404733954535615 ], [ 77.24387715657555, 34.403599378797765 ], [ 77.247789510091181, 34.400567287868945 ], [ 77.25, 34.4 ], [ 77.256591118706623, 34.400353325737868 ], [ 77.260075547960099, 34.403813340928842 ], [ 77.266666666666694, 34.40416666666669 ], [ 77.267019992404542, 34.401742214626758 ], [ 77.270480007595523, 34.398257785373289 ], [ 77.270833333333371, 34.383333333333354 ], [ 77.281591118706629, 34.382980007595506 ], [ 77.285075547960105, 34.379519992404539 ], [ 77.289924452039969, 34.378813340928843 ], [ 77.293408881293431, 34.375353325737869 ], [ 77.3, 34.375 ], [ 77.302424452039958, 34.375353325737869 ], [ 77.310075547960096, 34.382980007595506 ], [ 77.320833333333368, 34.383333333333354 ], [ 77.320480007595521, 34.380908881293422 ], [ 77.316665310329896, 34.377067396375892 ], [ 77.322575547960099, 34.371186659071199 ], [ 77.327424452039963, 34.370480007595511 ], [ 77.335075547960102, 34.362853325737866 ], [ 77.369091118706635, 34.362146674262178 ], [ 77.380908881293436, 34.350353325737871 ], [ 77.385787285698825, 34.349642266167557 ], [ 77.407980007595526, 34.327424452039949 ], [ 77.40833333333336, 34.325 ], [ 77.429166666666703, 34.325 ], [ 77.435757785373298, 34.325353325737865 ], [ 77.439242214626773, 34.328813340928839 ], [ 77.441666666666706, 34.329166666666687 ], [ 77.444091118706638, 34.328813340928839 ], [ 77.447575547960099, 34.325353325737865 ], [ 77.452457004123303, 34.324641927083356 ], [ 77.457980007595523, 34.319091118706616 ], [ 77.458333333333371, 34.316666666666691 ], [ 77.458333333333371, 34.3 ], [ 77.456173027886322, 34.299382527669295 ], [ 77.450686306423648, 34.294994099934918 ], [ 77.44932284884986, 34.271830919053841 ], [ 77.442593044704893, 34.269906955295163 ], [ 77.441049194335974, 34.264506361219638 ], [ 77.438117472330759, 34.260493638780403 ], [ 77.436882527669297, 34.252006361219642 ], [ 77.433219401041697, 34.246991984049501 ], [ 77.427006361219654, 34.245215861002627 ], [ 77.421694946289094, 34.241335720486134 ], [ 77.420215861002632, 34.231173027886307 ], [ 77.413117472330768, 34.222993638780402 ], [ 77.411882527669306, 34.210339694552971 ], [ 77.404784138997428, 34.202160305447066 ], [ 77.403194851345518, 34.196601698133698 ], [ 77.392460801866349, 34.195039198133699 ], [ 77.391049194335977, 34.185339694552972 ], [ 77.383036634657145, 34.176106431749155 ], [ 77.379166666666706, 34.175 ], [ 77.368408881293433, 34.175353325737866 ], [ 77.364924452039958, 34.178813340928841 ], [ 77.352450900607678, 34.179519992404536 ], [ 77.344091118706629, 34.171186659071203 ], [ 77.339242214626765, 34.170480007595508 ], [ 77.335757785373303, 34.167019992404533 ], [ 77.333333333333371, 34.166666666666686 ], [ 77.333333333333371, 34.1625 ], [ 77.333333333333371, 34.158333333333353 ], [ 77.329827880859412, 34.159232923719635 ], [ 77.329166666666694, 34.166666666666686 ], [ 77.329166666666694, 34.170833333333356 ], [ 77.322575547960099, 34.171186659071203 ], [ 77.319091118706623, 34.174646674262171 ], [ 77.310784233941007, 34.175353325737866 ], [ 77.302424452039958, 34.167019992404533 ], [ 77.3, 34.166666666666686 ], [ 77.297575547960108, 34.166313340928838 ], [ 77.294091118706632, 34.162853325737871 ], [ 77.276742214626765, 34.162146674262175 ], [ 77.273257785373289, 34.158686659071201 ], [ 77.269120279947956, 34.157980007595505 ], [ 77.264583333333363, 34.162485419379358 ], [ 77.260757785373301, 34.158686659071201 ], [ 77.226742214626768, 34.157980007595505 ], [ 77.223257785373292, 34.154519992404531 ], [ 77.204166666666694, 34.15416666666669 ], [ 77.203813340928846, 34.160757785373285 ], [ 77.198286268446211, 34.16631266276044 ], [ 77.172575547960108, 34.167019992404533 ], [ 77.169091118706632, 34.170480007595508 ], [ 77.135075547960099, 34.171186659071203 ], [ 77.131591118706623, 34.174646674262171 ], [ 77.129166666666691, 34.175 ], [ 77.128279283311656, 34.171541680230057 ], [ 77.118622843424504, 34.17026604546443 ], [ 77.114710489908887, 34.167233954535611 ], [ 77.106122843424515, 34.16609937879776 ], [ 77.102083333333368, 34.162968614366342 ], [ 77.098043823242222, 34.16609937879776 ], [ 77.089456176757849, 34.167233954535611 ], [ 77.085543823242219, 34.17026604546443 ], [ 77.079166666666694, 34.170833333333356 ], [ 77.068408881293436, 34.171186659071203 ], [ 77.064924452039961, 34.174646674262171 ], [ 77.060786946614613, 34.175353325737866 ], [ 77.056591118706621, 34.171186659071203 ], [ 77.052453613281287, 34.170480007595508 ], [ 77.048257785373295, 34.174646674262171 ], [ 77.045833333333363, 34.175 ], [ 77.030908881293428, 34.174646674262171 ], [ 77.027424452039966, 34.171186659071203 ], [ 77.020833333333357, 34.170833333333356 ], [ 77.020480007595523, 34.168408881293423 ], [ 77.012853325737879, 34.160757785373285 ], [ 77.012146674262183, 34.151742214626758 ], [ 77.008686659071216, 34.148257785373282 ], [ 77.007980007595521, 34.139242214626755 ], [ 77.004519992404539, 34.135757785373286 ], [ 77.004166666666691, 34.133333333333354 ], [ 77.005134412977455, 34.129562717013911 ], [ 77.01028951009117, 34.125567287868947 ], [ 77.016270616319474, 34.124032253689258 ], [ 77.020266045464439, 34.118877156575543 ], [ 77.021541680230058, 34.109220716688391 ], [ 77.027210489908882, 34.10776604546443 ], [ 77.032586669921912, 34.10359937879776 ], [ 77.039710489908884, 34.104733954535611 ], [ 77.04375, 34.107864718967036 ], [ 77.047789510091178, 34.104733954535611 ], [ 77.05, 34.104166666666686 ], [ 77.056591118706621, 34.103813340928838 ], [ 77.064242214626773, 34.096186659071201 ], [ 77.073287963867216, 34.095477634006095 ], [ 77.078813340928846, 34.089924452039952 ], [ 77.079519992404542, 34.080908881293425 ], [ 77.082980007595523, 34.077424452039949 ], [ 77.083686659071205, 34.072575547960092 ], [ 77.087146674262186, 34.069091118706616 ], [ 77.087857733832493, 34.064212375217032 ], [ 77.101742214626768, 34.050353325737866 ], [ 77.1041666666667, 34.05 ], [ 77.103198920355936, 34.046229214138492 ], [ 77.098043823242222, 34.042233954535625 ], [ 77.093622843424512, 34.041099378797782 ], [ 77.089710489908882, 34.038067287868955 ], [ 77.084041680230058, 34.036612616645002 ], [ 77.082766045464439, 34.026956176757849 ], [ 77.07556728786895, 34.018877156575556 ], [ 77.075, 34.008333333333368 ], [ 77.064456176757844, 34.008900621202294 ], [ 77.060416666666697, 34.012031216091614 ], [ 77.05637715657555, 34.008900621202294 ], [ 77.047789510091178, 34.007766045464443 ], [ 77.043877156575547, 34.004733954535624 ], [ 77.039456176757838, 34.00359937879778 ], [ 77.035543823242222, 34.000567287868961 ], [ 77.028154839409751, 33.99943271213111 ], [ 77.010543823242216, 34.016099378797776 ], [ 76.995086669921903, 34.017233954535627 ], [ 76.989710489908887, 34.013067287868957 ], [ 76.963411797417564, 34.01188574896922 ], [ 76.961932712131102, 34.006122843424514 ], [ 76.957937282986137, 34.000967746310799 ], [ 76.951956176757847, 33.99943271213111 ], [ 76.948043823242216, 33.996400621202291 ], [ 76.938714938693607, 33.995266045464447 ], [ 76.9375, 34.0 ], [ 76.925, 34.0 ], [ 76.920833333333363, 34.0 ], [ 76.920480007595515, 33.985075547960108 ], [ 76.917019992404548, 33.981591118706632 ], [ 76.9166666666667, 33.975 ], [ 76.906122843424512, 33.974432712131112 ], [ 76.902210489908882, 33.971400621202292 ], [ 76.889456176757847, 33.970266045464442 ], [ 76.880086263020857, 33.961917114257844 ], [ 76.878267076280409, 33.954827880859412 ], [ 76.864456176757841, 33.953599378797776 ], [ 76.86054382324221, 33.950567287868957 ], [ 76.853420003255238, 33.949432712131113 ], [ 76.848043823242222, 33.953599378797776 ], [ 76.843622843424512, 33.954733954535627 ], [ 76.839583333333366, 33.957864549424947 ], [ 76.835543823242219, 33.954733954535627 ], [ 76.828420003255232, 33.953599378797776 ], [ 76.823043823242216, 33.957766045464446 ], [ 76.818622843424507, 33.958900621202289 ], [ 76.814710489908876, 33.961932712131109 ], [ 76.806122843424504, 33.963067287868959 ], [ 76.802210489908887, 33.966099378797779 ], [ 76.795833333333363, 33.966666666666704 ] ] ] ] } },
{ "type": "Feature", "properties": { "HYBAS_ID": 4070623270, "NEXT_DOWN": 4070607420, "NEXT_SINK": 4070033640, "MAIN_BAS": 4070033640, "DIST_SINK": 2480.3, "DIST_MAIN": 2480.3, "SUB_AREA": 331.5, "UP_AREA": 10494.4, "PFAF_ID": 4569021, "ENDO": 0, "COAST": 0, "ORDER": 2, "SORT": 5961, "areakm2": 331.43 }, "geometry": { "type": "MultiPolygon", "coordinates": [ [ [ [ 76.170833333333363, 34.758333333333361 ], [ 76.18137715657555, 34.757766045464436 ], [ 76.185289510091167, 34.754733954535617 ], [ 76.198043823242216, 34.753599378797766 ], [ 76.201956176757832, 34.750567287868947 ], [ 76.207482401529973, 34.749149237738742 ], [ 76.208333333333357, 34.745833333333358 ], [ 76.210757785373289, 34.745480007595511 ], [ 76.214242214626765, 34.742019992404536 ], [ 76.216666666666697, 34.741666666666688 ], [ 76.216313340928849, 34.730908881293431 ], [ 76.204519992404542, 34.719091118706622 ], [ 76.204166666666694, 34.71666666666669 ], [ 76.204852294921892, 34.696613566080757 ], [ 76.2125, 34.695833333333354 ], [ 76.212853325737868, 34.693408881293429 ], [ 76.216313340928849, 34.689924452039953 ], [ 76.217019992404545, 34.685075547960096 ], [ 76.225353325737871, 34.676715766059054 ], [ 76.224646674262175, 34.664242214626761 ], [ 76.220480007595512, 34.660046386718776 ], [ 76.221186659071208, 34.647575547960095 ], [ 76.224646674262175, 34.644091118706619 ], [ 76.225353325737871, 34.626742214626759 ], [ 76.228813340928838, 34.623257785373291 ], [ 76.229166666666686, 34.620833333333358 ], [ 76.226742214626753, 34.620480007595511 ], [ 76.223257785373292, 34.617019992404536 ], [ 76.218408881293428, 34.616313340928841 ], [ 76.214924452039952, 34.612853325737873 ], [ 76.197575547960099, 34.612146674262178 ], [ 76.194091118706623, 34.608686659071203 ], [ 76.185075547960096, 34.607980007595508 ], [ 76.181591118706621, 34.604519992404541 ], [ 76.176742214626756, 34.603813340928845 ], [ 76.169091118706618, 34.596186659071208 ], [ 76.154166666666697, 34.59583333333336 ], [ 76.116666666666688, 34.59583333333336 ], [ 76.116666666666688, 34.6 ], [ 76.11335093180341, 34.60085076226131 ], [ 76.111932712131093, 34.606377156575547 ], [ 76.108900621202281, 34.610289510091171 ], [ 76.10776604546443, 34.61471048990888 ], [ 76.104733954535618, 34.618622843424504 ], [ 76.103505452473982, 34.632433742947072 ], [ 76.097789510091175, 34.63390062120228 ], [ 76.089710489908882, 34.641099378797769 ], [ 76.085289510091172, 34.642233954535612 ], [ 76.064710489908876, 34.661932712131097 ], [ 76.055054050021724, 34.663208346896724 ], [ 76.05359937879777, 34.668877156575547 ], [ 76.046400621202281, 34.676956176757834 ], [ 76.04526604546443, 34.685543823242213 ], [ 76.042233954535618, 34.689456176757837 ], [ 76.041666666666686, 34.695833333333354 ], [ 76.039456176757838, 34.69640062120228 ], [ 76.035543823242207, 34.699432712131099 ], [ 76.031122843424498, 34.70056728786895 ], [ 76.014710489908879, 34.716099378797765 ], [ 76.01028951009117, 34.717233954535615 ], [ 75.998043823242213, 34.728599378797767 ], [ 75.993622843424504, 34.729733954535618 ], [ 75.981377156575547, 34.74109937879777 ], [ 75.975850931803407, 34.742517428927975 ], [ 75.975, 34.745833333333358 ], [ 75.974646674262175, 34.764924452039956 ], [ 75.971186659071208, 34.768408881293425 ], [ 75.970480007595512, 34.773257785373289 ], [ 75.966681247287354, 34.777083333333358 ], [ 75.970480007595512, 34.780908881293428 ], [ 75.971186659071208, 34.789213053385438 ], [ 75.96668056911895, 34.793750678168429 ], [ 75.974646674262175, 34.801742214626763 ], [ 75.975, 34.804166666666688 ], [ 75.978315734863301, 34.803315904405409 ], [ 75.979166666666686, 34.8 ], [ 75.981377156575547, 34.7994327121311 ], [ 75.985416666666694, 34.796301947699675 ], [ 75.989583333333357, 34.799531385633706 ], [ 75.993622843424504, 34.796400621202281 ], [ 76.002210489908876, 34.795266045464437 ], [ 76.006122843424507, 34.792233954535618 ], [ 76.052210489908873, 34.791099378797767 ], [ 76.056122843424504, 34.788067287868948 ], [ 76.077210489908879, 34.786932712131104 ], [ 76.082586669921895, 34.782766045464435 ], [ 76.085543823242205, 34.783900621202285 ], [ 76.089456176757835, 34.786932712131104 ], [ 76.098043823242207, 34.788067287868948 ], [ 76.101956176757838, 34.791099378797767 ], [ 76.11887715657555, 34.792233954535618 ], [ 76.124253336588566, 34.796400621202281 ], [ 76.127210489908876, 34.795266045464437 ], [ 76.13528951009117, 34.788067287868948 ], [ 76.143877156575542, 34.786932712131104 ], [ 76.147789510091172, 34.783900621202285 ], [ 76.153458150227891, 34.782445949978325 ], [ 76.154870944552968, 34.771752929687523 ], [ 76.160289510091175, 34.767233954535612 ], [ 76.16627078586157, 34.765698920355931 ], [ 76.17026604546443, 34.760543823242216 ], [ 76.170833333333363, 34.758333333333361 ] ] ] ] } },
{ "type": "Feature", "properties": { "HYBAS_ID": 4070628030, "NEXT_DOWN": 4070623270, "NEXT_SINK": 4070033640, "MAIN_BAS": 4070033640, "DIST_SINK": 2502.5, "DIST_MAIN": 2502.5, "SUB_AREA": 26.7, "UP_AREA": 4399.4, "PFAF_ID": 4569023, "ENDO": 0, "COAST": 0, "ORDER": 2, "SORT": 5964, "areakm2": 26.69 }, "geometry": { "type": "MultiPolygon", "coordinates": [ [ [ [ 76.066666666666691, 34.52916666666669 ], [ 76.066099378797759, 34.531377156575545 ], [ 76.063067287868947, 34.535289510091168 ], [ 76.061932712131096, 34.542603895399331 ], [ 76.070266045464436, 34.551956176757834 ], [ 76.071400621202287, 34.560543823242213 ], [ 76.075395880805146, 34.565698920355928 ], [ 76.081377156575542, 34.567233954535617 ], [ 76.085289510091172, 34.570266045464436 ], [ 76.090815734863298, 34.571684095594641 ], [ 76.092572360568596, 34.578528849283877 ], [ 76.11054382324221, 34.579733954535612 ], [ 76.116010708279106, 34.584293280707492 ], [ 76.116666666666688, 34.59166666666669 ], [ 76.116666666666688, 34.59583333333336 ], [ 76.154166666666697, 34.59583333333336 ], [ 76.153813340928849, 34.593408881293428 ], [ 76.137853325737865, 34.577424452039956 ], [ 76.137146674262169, 34.572575547960092 ], [ 76.133686659071202, 34.569091118706623 ], [ 76.132980007595506, 34.564242214626759 ], [ 76.129519992404539, 34.560757785373283 ], [ 76.129166666666691, 34.558333333333358 ], [ 76.125, 34.558333333333358 ], [ 76.122789510091167, 34.557766045464433 ], [ 76.114710489908873, 34.550567287868944 ], [ 76.100899590386305, 34.549338785807315 ], [ 76.099432712131104, 34.543622843424501 ], [ 76.09543745252823, 34.538467746310786 ], [ 76.089456176757835, 34.536932712131097 ], [ 76.081377156575542, 34.529733954535615 ], [ 76.066666666666691, 34.52916666666669 ] ] ] ] } },
{ "type": "Feature", "properties": { "HYBAS_ID": 4070628020, "NEXT_DOWN": 4070623270, "NEXT_SINK": 4070033640, "MAIN_BAS": 4070033640, "DIST_SINK": 2502.6, "DIST_MAIN": 2502.6, "SUB_AREA": 5763.7, "UP_AREA": 5763.7, "PFAF_ID": 4569022, "ENDO": 0, "COAST": 0, "ORDER": 3, "SORT": 5965, "areakm2": 5762.89 }, "geometry": { "type": "MultiPolygon", "coordinates": [ [ [ [ 76.054166666666688, 34.52916666666669 ], [ 76.053007846408448, 34.525113932291688 ], [ 76.047993469238307, 34.521450805664088 ], [ 76.043673197428404, 34.520215861002626 ], [ 76.039660135904967, 34.517284138997418 ], [ 76.034259711371547, 34.515740288628493 ], [ 76.032715691460524, 34.510339694552975 ], [ 76.029784308539519, 34.50632697211374 ], [ 76.028240288628496, 34.500926378038216 ], [ 76.021225992838566, 34.498921034071202 ], [ 76.004784308539513, 34.481326972113735 ], [ 76.003007846408437, 34.475113932291691 ], [ 75.99799346923831, 34.471450805664084 ], [ 75.988149685329887, 34.470018174913214 ], [ 75.9875, 34.445833333333354 ], [ 75.985075547960093, 34.445480007595506 ], [ 75.981591118706618, 34.442019992404539 ], [ 75.97083333333336, 34.441666666666691 ], [ 75.969982401529975, 34.438350762261308 ], [ 75.96314578586157, 34.436596340603323 ], [ 75.95056728786895, 34.42304382324221 ], [ 75.949032253689253, 34.417062717013913 ], [ 75.943877156575539, 34.413067287868948 ], [ 75.937895880805144, 34.411532253689259 ], [ 75.933900621202284, 34.406377156575545 ], [ 75.932766045464433, 34.401956176757835 ], [ 75.929733954535607, 34.398043823242212 ], [ 75.92859937879777, 34.389456176757832 ], [ 75.925567287868944, 34.385543823242209 ], [ 75.923785061306447, 34.378599378797766 ], [ 75.906122843424498, 34.37973395453561 ], [ 75.902210489908882, 34.382766045464429 ], [ 75.897789510091172, 34.38390062120228 ], [ 75.893877156575542, 34.386932712131099 ], [ 75.891666666666694, 34.3875 ], [ 75.891313340928846, 34.376742214626759 ], [ 75.887853325737865, 34.373257785373283 ], [ 75.8875, 34.370833333333358 ], [ 75.884041680230069, 34.369945949978323 ], [ 75.882624986436667, 34.359220716688391 ], [ 75.876956176757844, 34.35776604546443 ], [ 75.873043823242227, 34.354733954535611 ], [ 75.864456176757855, 34.353599378797767 ], [ 75.860543823242224, 34.350567287868948 ], [ 75.856122843424515, 34.349432712131097 ], [ 75.852210489908884, 34.346400621202278 ], [ 75.846684095594654, 34.344982571072073 ], [ 75.845266045464442, 34.339456176757835 ], [ 75.841270616319477, 34.334301079644121 ], [ 75.835289510091187, 34.332766045464432 ], [ 75.817562188042572, 34.315989515516513 ], [ 75.816099378797773, 34.310289510091167 ], [ 75.812103949652808, 34.305134412977452 ], [ 75.808333333333366, 34.304166666666688 ], [ 75.807980007595518, 34.297575547960093 ], [ 75.804519992404551, 34.294091118706618 ], [ 75.804166666666703, 34.291666666666686 ], [ 75.791207546658029, 34.29085422092016 ], [ 75.799344550238757, 34.28128899468318 ], [ 75.8, 34.27916666666669 ], [ 75.799646674262192, 34.272575547960088 ], [ 75.792019992404548, 34.264924452039949 ], [ 75.7916666666667, 34.2625 ], [ 75.776956176757849, 34.261932712131099 ], [ 75.771801079644135, 34.257937282986134 ], [ 75.770266045464439, 34.251956176757837 ], [ 75.767233954535627, 34.248043823242206 ], [ 75.765751139322958, 34.242265150282137 ], [ 75.745833333333366, 34.241666666666688 ], [ 75.741666666666703, 34.241666666666688 ], [ 75.740698920355939, 34.237896050347246 ], [ 75.735543823242224, 34.233900621202281 ], [ 75.714456176757849, 34.23276604546443 ], [ 75.706377156575556, 34.225567287868941 ], [ 75.700396050347251, 34.224032253689259 ], [ 75.696400621202287, 34.218877156575545 ], [ 75.695195515950559, 34.20090569390193 ], [ 75.691666666666706, 34.2 ], [ 75.690762668185798, 34.203522067599849 ], [ 75.674253336588578, 34.204733954535612 ], [ 75.668877156575562, 34.200567287868942 ], [ 75.665678575303858, 34.199432712131099 ], [ 75.652210489908896, 34.211932712131095 ], [ 75.640920003255246, 34.213067287868945 ], [ 75.635543823242216, 34.208900621202275 ], [ 75.631122843424521, 34.207766045464432 ], [ 75.623043823242227, 34.200567287868942 ], [ 75.614456176757841, 34.199432712131099 ], [ 75.610543823242224, 34.19640062120228 ], [ 75.595833333333374, 34.195833333333354 ], [ 75.595266045464442, 34.198043823242209 ], [ 75.583900621202289, 34.210289510091165 ], [ 75.582433742947089, 34.216005452473979 ], [ 75.575, 34.21666666666669 ], [ 75.572789510091184, 34.216099378797765 ], [ 75.568877156575553, 34.213067287868945 ], [ 75.547048272026942, 34.211932712131095 ], [ 75.545266045464444, 34.218877156575545 ], [ 75.54127061631948, 34.224032253689259 ], [ 75.535289510091175, 34.225567287868941 ], [ 75.530134412977461, 34.229562717013913 ], [ 75.529166666666697, 34.233333333333356 ], [ 75.522575547960102, 34.232980007595508 ], [ 75.51875, 34.22918124728735 ], [ 75.514924452039963, 34.232980007595508 ], [ 75.495833333333366, 34.233333333333356 ], [ 75.495177883572083, 34.235455661349846 ], [ 75.492322116427985, 34.239544338650191 ], [ 75.49101121690542, 34.243788994683179 ], [ 75.483988783094645, 34.252044338650194 ], [ 75.482620239257841, 34.282573784722246 ], [ 75.464544338650214, 34.283988783094642 ], [ 75.460455661349854, 34.286844550238733 ], [ 75.453920830620689, 34.288155449761305 ], [ 75.447955661349866, 34.283988783094642 ], [ 75.420587497287357, 34.28267788357207 ], [ 75.41462232801652, 34.286844550238733 ], [ 75.404166666666697, 34.2875 ], [ 75.403813340928849, 34.289924452039955 ], [ 75.396186659071219, 34.297575547960093 ], [ 75.395480007595523, 34.301713053385441 ], [ 75.399646674262186, 34.305908881293426 ], [ 75.400353325737882, 34.31421678331165 ], [ 75.383686659071216, 34.330908881293425 ], [ 75.382980007595521, 34.343379720052106 ], [ 75.387485419379374, 34.347916666666691 ], [ 75.383686659071216, 34.351742214626761 ], [ 75.383333333333368, 34.366666666666688 ], [ 75.374749755859412, 34.367542182074672 ], [ 75.378523763020866, 34.372865125868074 ], [ 75.379809570312531, 34.379800415039085 ], [ 75.370683458116346, 34.390457153320334 ], [ 75.366666666666703, 34.391666666666687 ], [ 75.367233954535621, 34.393877156575542 ], [ 75.370266045464447, 34.397789510091165 ], [ 75.371400621202284, 34.402210489908875 ], [ 75.37443271213111, 34.406122843424498 ], [ 75.375567287868961, 34.415451727973114 ], [ 75.370833333333366, 34.416666666666686 ], [ 75.369933742947083, 34.420172119140645 ], [ 75.356122843424515, 34.421400621202281 ], [ 75.348043823242222, 34.428599378797763 ], [ 75.343622843424512, 34.429733954535614 ], [ 75.334252929687537, 34.438082885742212 ], [ 75.333333333333371, 34.441666666666691 ], [ 75.333900621202289, 34.443877156575546 ], [ 75.336932712131116, 34.44778951009117 ], [ 75.338161214192738, 34.461600409613737 ], [ 75.345172119140656, 34.46339959038631 ], [ 75.346400621202292, 34.477210489908877 ], [ 75.349531385633711, 34.48125 ], [ 75.346400621202292, 34.485289510091171 ], [ 75.345266045464442, 34.492413330078151 ], [ 75.349531385633711, 34.49791666666669 ], [ 75.346295166015665, 34.502092149522589 ], [ 75.353599378797782, 34.51028951009117 ], [ 75.354733954535618, 34.514710489908879 ], [ 75.36609937879777, 34.526956176757835 ], [ 75.366666666666703, 34.5375 ], [ 75.365815904405409, 34.540815904405406 ], [ 75.359184095594657, 34.542517428927972 ], [ 75.357766045464444, 34.54804382324221 ], [ 75.354733954535618, 34.551956176757834 ], [ 75.353599378797782, 34.556377156575543 ], [ 75.345250447591184, 34.565747070312526 ], [ 75.339456176757849, 34.567233954535617 ], [ 75.335543823242219, 34.570266045464436 ], [ 75.317572360568604, 34.571471150716171 ], [ 75.316099378797773, 34.577210489908879 ], [ 75.312103949652808, 34.582365587022593 ], [ 75.306122843424518, 34.583900621202282 ], [ 75.302210489908887, 34.586932712131102 ], [ 75.297789510091178, 34.588067287868945 ], [ 75.289710489908884, 34.595266045464435 ], [ 75.276956176757849, 34.596400621202278 ], [ 75.273043823242219, 34.599432712131097 ], [ 75.268622843424509, 34.600567287868948 ], [ 75.264710489908893, 34.603599378797767 ], [ 75.260289510091184, 34.604733954535611 ], [ 75.256377156575553, 34.60776604546443 ], [ 75.254166666666706, 34.608333333333356 ], [ 75.254733954535624, 34.61054382324221 ], [ 75.257766045464436, 34.614456176757834 ], [ 75.258900621202287, 34.61961839463978 ], [ 75.250708346896729, 34.621720716688394 ], [ 75.24943271213111, 34.631377156575546 ], [ 75.245655992296037, 34.636250135633702 ], [ 75.240920003255241, 34.63806728786895 ], [ 75.235543823242224, 34.63390062120228 ], [ 75.220086669921912, 34.632766045464436 ], [ 75.214710489908882, 34.636932712131099 ], [ 75.209184095594651, 34.638350762261311 ], [ 75.208333333333371, 34.641666666666694 ], [ 75.209050496419309, 34.649013604058183 ], [ 75.214660305447083, 34.650617472330751 ], [ 75.224264865451417, 34.659136623806447 ], [ 75.225735134548643, 34.674197387695337 ], [ 75.235493638780412, 34.675617472330757 ], [ 75.239506361219654, 34.678549194335965 ], [ 75.243826972113752, 34.67978413899742 ], [ 75.247839694552979, 34.682715861002627 ], [ 75.252160305447077, 34.68395080566409 ], [ 75.256644694010447, 34.687226698133706 ], [ 75.258950805664099, 34.692135959201416 ], [ 75.254784138997422, 34.697839694552975 ], [ 75.253549194335974, 34.700469292534748 ], [ 75.257715861002637, 34.706173027886308 ], [ 75.258950805664099, 34.710493638780406 ], [ 75.2618825276693, 34.714506361219641 ], [ 75.2625, 34.729166666666693 ], [ 75.259041680230069, 34.730054050021728 ], [ 75.257766045464436, 34.73971048990888 ], [ 75.254733954535624, 34.743622843424504 ], [ 75.253599378797773, 34.773043823242212 ], [ 75.246400621202284, 34.781122843424505 ], [ 75.245266045464447, 34.789710489908877 ], [ 75.219896104600721, 34.815964762369816 ], [ 75.210289510091172, 34.817233954535617 ], [ 75.206377156575556, 34.820266045464436 ], [ 75.201956176757847, 34.82140062120228 ], [ 75.193877156575553, 34.828599378797769 ], [ 75.189456176757844, 34.829733954535612 ], [ 75.185543823242213, 34.832766045464439 ], [ 75.154166666666697, 34.833333333333357 ], [ 75.15, 34.833333333333357 ], [ 75.149646674262186, 34.835757785373289 ], [ 75.146186659071205, 34.839242214626765 ], [ 75.145480007595523, 34.860757785373288 ], [ 75.127453952365485, 34.878808932834225 ], [ 75.122575547960096, 34.879519992404539 ], [ 75.119091118706635, 34.882980007595513 ], [ 75.114242214626771, 34.883686659071209 ], [ 75.104521009657148, 34.893381754557318 ], [ 75.1041666666667, 34.90416666666669 ], [ 75.108333333333363, 34.90416666666669 ], [ 75.110543823242224, 34.904733954535615 ], [ 75.118622843424504, 34.911932712131104 ], [ 75.139710489908879, 34.913067287868948 ], [ 75.143622843424509, 34.916099378797767 ], [ 75.149603949652814, 34.917634412977456 ], [ 75.153599378797779, 34.922789510091171 ], [ 75.155066257052979, 34.928505452473985 ], [ 75.1625, 34.929166666666696 ], [ 75.163350762261317, 34.932482571072072 ], [ 75.1666666666667, 34.933333333333358 ], [ 75.173043823242224, 34.932766045464433 ], [ 75.177083333333371, 34.929635281033015 ], [ 75.181122843424504, 34.932766045464433 ], [ 75.185543823242213, 34.933900621202284 ], [ 75.189456176757844, 34.936932712131103 ], [ 75.199070909288224, 34.938202921549504 ], [ 75.208900621202289, 34.949040391710099 ], [ 75.207766045464439, 34.952210489908879 ], [ 75.199432712131113, 34.961562771267388 ], [ 75.20056728786895, 34.973043823242215 ], [ 75.207766045464439, 34.981122843424508 ], [ 75.209184095594651, 34.986649237738739 ], [ 75.216083780924507, 34.988419596354191 ], [ 75.224432712131104, 34.997789510091174 ], [ 75.225661214192741, 35.011600409613742 ], [ 75.2291666666667, 35.0125 ], [ 75.228599378797782, 35.018877156575549 ], [ 75.219904242621553, 35.028463745117215 ], [ 75.210289510091172, 35.029733954535615 ], [ 75.206377156575556, 35.032766045464435 ], [ 75.200850762261311, 35.034184095594647 ], [ 75.2, 35.0375 ], [ 75.202210489908879, 35.038067287868948 ], [ 75.207629055447086, 35.042586263020858 ], [ 75.208900621202289, 35.05221048990888 ], [ 75.211932712131102, 35.056122843424504 ], [ 75.213067287868952, 35.060543823242213 ], [ 75.216198052300385, 35.06458333333336 ], [ 75.212103949652814, 35.069865587022598 ], [ 75.205017428927988, 35.071684095594648 ], [ 75.203599378797776, 35.077210489908879 ], [ 75.196400621202287, 35.085289510091172 ], [ 75.195833333333368, 35.091666666666697 ], [ 75.195480007595521, 35.094091118706622 ], [ 75.192019992404539, 35.097575547960098 ], [ 75.191666666666691, 35.1 ], [ 75.193877156575553, 35.100567287868948 ], [ 75.197789510091184, 35.103599378797767 ], [ 75.203315904405414, 35.105017428927979 ], [ 75.204166666666694, 35.108333333333363 ], [ 75.208333333333371, 35.108333333333363 ], [ 75.216666666666697, 35.108333333333363 ], [ 75.216666666666697, 35.116666666666696 ], [ 75.217233954535615, 35.123043823242213 ], [ 75.224432712131104, 35.131122843424507 ], [ 75.225567287868955, 35.134079996744816 ], [ 75.221301947699686, 35.139583333333363 ], [ 75.225396050347257, 35.144865587022601 ], [ 75.231377156575547, 35.146400621202282 ], [ 75.239456176757841, 35.153599378797772 ], [ 75.244982571072086, 35.155017428927977 ], [ 75.245833333333366, 35.15833333333336 ], [ 75.270833333333371, 35.15833333333336 ], [ 75.275, 35.15833333333336 ], [ 75.277457004123292, 35.158691406250028 ], [ 75.282980007595512, 35.164242214626768 ], [ 75.283691406250028, 35.16912350124786 ], [ 75.289952256944474, 35.175353325737873 ], [ 75.294091118706632, 35.174646674262178 ], [ 75.29828694661461, 35.170480007595515 ], [ 75.310757785373298, 35.171186659071211 ], [ 75.314242214626773, 35.174646674262178 ], [ 75.325, 35.175 ], [ 75.344091118706629, 35.174646674262178 ], [ 75.347575547960105, 35.171186659071211 ], [ 75.356591118706632, 35.170480007595515 ], [ 75.360417344835099, 35.166680569118952 ], [ 75.369117567274344, 35.175353325737873 ], [ 75.381591118706623, 35.174646674262178 ], [ 75.385417344835105, 35.170847235785615 ], [ 75.394117567274336, 35.179519992404543 ], [ 75.406591118706629, 35.178813340928848 ], [ 75.410786946614621, 35.174646674262178 ], [ 75.423257785373295, 35.175353325737873 ], [ 75.426742214626771, 35.178813340928848 ], [ 75.454166666666694, 35.179166666666696 ], [ 75.454939100477461, 35.182446967230931 ], [ 75.45933261447486, 35.183815341525637 ], [ 75.465726047092048, 35.178637186686224 ], [ 75.485581461588581, 35.17969614664716 ], [ 75.489418538411499, 35.182803853352894 ], [ 75.502248128255246, 35.18386281331383 ], [ 75.506085205078165, 35.186970520019557 ], [ 75.5125, 35.1875 ], [ 75.513387383355067, 35.184041849772164 ], [ 75.524070909288227, 35.182630411783883 ], [ 75.532766045464442, 35.173043823242217 ], [ 75.533333333333374, 35.170833333333363 ], [ 75.532766045464442, 35.168622843424508 ], [ 75.525461832682325, 35.160425482855928 ], [ 75.528599378797779, 35.156377156575552 ], [ 75.529733954535629, 35.151956176757842 ], [ 75.532766045464442, 35.148043823242219 ], [ 75.533900621202292, 35.13945617675784 ], [ 75.538067287868955, 35.134079996744816 ], [ 75.536932712131104, 35.131122843424507 ], [ 75.529733954535629, 35.123043823242213 ], [ 75.528599378797779, 35.114456176757841 ], [ 75.520266045464439, 35.105103895399331 ], [ 75.521460639105939, 35.084241739908883 ], [ 75.527210489908882, 35.082766045464439 ], [ 75.543622843424515, 35.067233954535617 ], [ 75.548043823242224, 35.066099378797773 ], [ 75.556122843424518, 35.058900621202284 ], [ 75.560543823242227, 35.05776604546444 ], [ 75.564456176757844, 35.054733954535621 ], [ 75.568877156575553, 35.05359937879777 ], [ 75.585289510091187, 35.038067287868948 ], [ 75.594945949978339, 35.036791653103329 ], [ 75.595833333333374, 35.03333333333336 ], [ 75.623257785373298, 35.033686659071208 ], [ 75.62745361328129, 35.037853325737871 ], [ 75.639924452039963, 35.037146674262182 ], [ 75.643408881293439, 35.033686659071208 ], [ 75.648257785373303, 35.032980007595512 ], [ 75.655908881293442, 35.025353325737875 ], [ 75.660757785373306, 35.024646674262179 ], [ 75.668408881293445, 35.017019992404542 ], [ 75.670833333333363, 35.016666666666694 ], [ 75.673257785373295, 35.016313340928846 ], [ 75.676742214626771, 35.012853325737872 ], [ 75.679166666666703, 35.0125 ], [ 75.680017428927982, 35.009184095594648 ], [ 75.683333333333366, 35.008333333333361 ], [ 75.686649237738749, 35.009184095594648 ], [ 75.688399590386325, 35.016005452473983 ], [ 75.695833333333368, 35.016666666666694 ], [ 75.697968207465308, 35.016023763020861 ], [ 75.702031792534754, 35.013142903645857 ], [ 75.720058525933197, 35.011760796440996 ], [ 75.7214762369792, 34.997865125868081 ], [ 75.724357096354197, 34.993801540798636 ], [ 75.725918918185798, 34.983552720811659 ], [ 75.733011542426254, 34.97852376302086 ], [ 75.735468207465317, 34.979809570312526 ], [ 75.74134487575958, 34.983976236979196 ], [ 75.74796820746532, 34.98269042968753 ], [ 75.756198459201428, 34.975642903645863 ], [ 75.758333333333368, 34.975 ], [ 75.759001329210108, 34.95914577907989 ], [ 75.770098198784751, 34.957530721028675 ], [ 75.770833333333371, 34.95 ], [ 75.774291653103333, 34.949112616644989 ], [ 75.775567287868967, 34.939456176757837 ], [ 75.778599378797779, 34.935543823242213 ], [ 75.779166666666697, 34.933333333333358 ], [ 75.781591118706629, 34.932980007595511 ], [ 75.785075547960105, 34.929519992404543 ], [ 75.7875, 34.929166666666696 ], [ 75.802210489908887, 34.929733954535614 ], [ 75.80626152886289, 34.932873535156276 ], [ 75.818622843424521, 34.921400621202281 ], [ 75.82304382324223, 34.920266045464437 ], [ 75.828420003255246, 34.916099378797767 ], [ 75.832927449544314, 34.917828708224853 ], [ 75.845266045464442, 34.931122843424504 ], [ 75.846742418077298, 34.936876424153674 ], [ 75.858333333333377, 34.9375 ], [ 75.858333333333377, 34.933333333333358 ], [ 75.860757785373295, 34.932980007595511 ], [ 75.864242214626771, 34.929519992404543 ], [ 75.866666666666703, 34.929166666666696 ], [ 75.867322455512195, 34.92179328070749 ], [ 75.872789510091181, 34.917233954535618 ], [ 75.886527167426252, 34.916011895073808 ], [ 75.895266045464453, 34.906377156575545 ], [ 75.896400621202289, 34.901956176757835 ], [ 75.899432712131116, 34.898043823242212 ], [ 75.900708346896735, 34.88838738335506 ], [ 75.907937282986154, 34.886532253689261 ], [ 75.911932712131119, 34.881377156575546 ], [ 75.913403659396735, 34.875645616319467 ], [ 75.927071804470529, 34.862959798177108 ], [ 75.932586669921918, 34.867233954535614 ], [ 75.93971048990889, 34.86609937879777 ], [ 75.943622843424521, 34.863067287868951 ], [ 75.952210489908893, 34.8619327121311 ], [ 75.956122843424524, 34.858900621202281 ], [ 75.958333333333357, 34.858333333333363 ], [ 75.958333333333357, 34.85 ], [ 75.953902011447511, 34.848862711588566 ], [ 75.957766045464425, 34.843877156575545 ], [ 75.958333333333371, 34.833333333333357 ], [ 75.960757785373289, 34.832980007595509 ], [ 75.964242214626751, 34.829519992404542 ], [ 75.966666666666683, 34.829166666666694 ], [ 75.967019992404531, 34.822575547960092 ], [ 75.970480007595512, 34.819091118706623 ], [ 75.971186659071208, 34.810075547960096 ], [ 75.974646674262175, 34.806591118706621 ], [ 75.975, 34.804166666666688 ], [ 75.974646674262175, 34.801742214626763 ], [ 75.96668056911895, 34.793750678168429 ], [ 75.971186659071208, 34.789213053385438 ], [ 75.970480007595512, 34.780908881293428 ], [ 75.966681247287354, 34.777083333333358 ], [ 75.970480007595512, 34.773257785373289 ], [ 75.971186659071208, 34.768408881293425 ], [ 75.974646674262175, 34.764924452039956 ], [ 75.975, 34.745833333333358 ], [ 75.975850931803407, 34.742517428927975 ], [ 75.981377156575547, 34.74109937879777 ], [ 75.993622843424504, 34.729733954535618 ], [ 75.998043823242213, 34.728599378797767 ], [ 76.01028951009117, 34.717233954535615 ], [ 76.014710489908879, 34.716099378797765 ], [ 76.031122843424498, 34.70056728786895 ], [ 76.035543823242207, 34.699432712131099 ], [ 76.039456176757838, 34.69640062120228 ], [ 76.041666666666686, 34.695833333333354 ], [ 76.042233954535618, 34.689456176757837 ], [ 76.04526604546443, 34.685543823242213 ], [ 76.046400621202281, 34.676956176757834 ], [ 76.05359937879777, 34.668877156575547 ], [ 76.055054050021724, 34.663208346896724 ], [ 76.064710489908876, 34.661932712131097 ], [ 76.085289510091172, 34.642233954535612 ], [ 76.089710489908882, 34.641099378797769 ], [ 76.097789510091175, 34.63390062120228 ], [ 76.103505452473982, 34.632433742947072 ], [ 76.104733954535618, 34.618622843424504 ], [ 76.10776604546443, 34.61471048990888 ], [ 76.108900621202281, 34.610289510091171 ], [ 76.111932712131093, 34.606377156575547 ], [ 76.11335093180341, 34.60085076226131 ], [ 76.116666666666688, 34.6 ], [ 76.116666666666688, 34.59583333333336 ], [ 76.116666666666688, 34.59166666666669 ], [ 76.116010708279106, 34.584293280707492 ], [ 76.11054382324221, 34.579733954535612 ], [ 76.092572360568596, 34.578528849283877 ], [ 76.090815734863298, 34.571684095594641 ], [ 76.085289510091172, 34.570266045464436 ], [ 76.081377156575542, 34.567233954535617 ], [ 76.075395880805146, 34.565698920355928 ], [ 76.071400621202287, 34.560543823242213 ], [ 76.070266045464436, 34.551956176757834 ], [ 76.061932712131096, 34.542603895399331 ], [ 76.063067287868947, 34.535289510091168 ], [ 76.066099378797759, 34.531377156575545 ], [ 76.066666666666691, 34.52916666666669 ], [ 76.054166666666688, 34.52916666666669 ] ] ] ] } },
{ "type": "Feature", "properties": { "HYBAS_ID": 4070628960, "NEXT_DOWN": 4070628030, "NEXT_SINK": 4070033640, "MAIN_BAS": 4070033640, "DIST_SINK": 2507.2, "DIST_MAIN": 2507.2, "SUB_AREA": 1001.3, "UP_AREA": 1001.3, "PFAF_ID": 4569024, "ENDO": 0, "COAST": 0, "ORDER": 3, "SORT": 5966, "areakm2": 1001.08 }, "geometry": { "type": "MultiPolygon", "coordinates": [ [ [ [ 76.35, 34.2375 ], [ 76.343622843424498, 34.238067287868944 ], [ 76.339710489908882, 34.241099378797763 ], [ 76.334184265136741, 34.242517428927975 ], [ 76.332766045464439, 34.248043823242206 ], [ 76.323986138237871, 34.257723659939259 ], [ 76.297789510091164, 34.25890062120228 ], [ 76.293877156575547, 34.261932712131099 ], [ 76.276956176757835, 34.263067287868942 ], [ 76.273043823242205, 34.266099378797762 ], [ 76.270833333333357, 34.266666666666687 ], [ 76.267517598470079, 34.267517428927974 ], [ 76.266099378797762, 34.273043823242212 ], [ 76.26306728786895, 34.276956176757835 ], [ 76.2625, 34.27916666666669 ], [ 76.258333333333354, 34.27916666666669 ], [ 76.235075547960093, 34.279519992404538 ], [ 76.227424452039955, 34.287146674262175 ], [ 76.222575547960091, 34.287853325737871 ], [ 76.217024739583351, 34.293376329210091 ], [ 76.216666666666697, 34.295833333333356 ], [ 76.216313340928849, 34.302424452039951 ], [ 76.212853325737868, 34.305908881293426 ], [ 76.212146674262172, 34.310046386718774 ], [ 76.216313340928849, 34.314242214626759 ], [ 76.217019992404545, 34.322550455729186 ], [ 76.192019992404539, 34.347575547960091 ], [ 76.191313340928843, 34.355882432725714 ], [ 76.199646674262169, 34.364242214626756 ], [ 76.200353325737865, 34.372546386718774 ], [ 76.196186659071202, 34.376742214626759 ], [ 76.195480007595506, 34.385757785373286 ], [ 76.192019992404539, 34.389242214626755 ], [ 76.191313340928843, 34.394091118706619 ], [ 76.187853325737876, 34.397575547960088 ], [ 76.1875, 34.408333333333353 ], [ 76.176742214626756, 34.408686659071201 ], [ 76.173257785373281, 34.412146674262175 ], [ 76.170833333333363, 34.4125 ], [ 76.171186659071211, 34.419091118706618 ], [ 76.174646674262178, 34.422575547960093 ], [ 76.175, 34.445833333333354 ], [ 76.171840074327278, 34.446644422743077 ], [ 76.17026604546443, 34.450746663411479 ], [ 76.174531216091609, 34.45625 ], [ 76.171400621202281, 34.460289510091165 ], [ 76.17026604546443, 34.518877156575542 ], [ 76.167233954535618, 34.522789510091172 ], [ 76.166099378797767, 34.527210489908875 ], [ 76.158900621202278, 34.535289510091168 ], [ 76.157766045464427, 34.539710489908877 ], [ 76.154733954535615, 34.543622843424501 ], [ 76.153599378797765, 34.54804382324221 ], [ 76.149080573187959, 34.553462388780403 ], [ 76.138387383355052, 34.55487501356339 ], [ 76.1375, 34.558333333333358 ], [ 76.129166666666691, 34.558333333333358 ], [ 76.129519992404539, 34.560757785373283 ], [ 76.132980007595506, 34.564242214626759 ], [ 76.133686659071202, 34.569091118706623 ], [ 76.137146674262169, 34.572575547960092 ], [ 76.137853325737865, 34.577424452039956 ], [ 76.153813340928849, 34.593408881293428 ], [ 76.154166666666697, 34.59583333333336 ], [ 76.169091118706618, 34.596186659071208 ], [ 76.176742214626756, 34.603813340928845 ], [ 76.181591118706621, 34.604519992404541 ], [ 76.185075547960096, 34.607980007595508 ], [ 76.194091118706623, 34.608686659071203 ], [ 76.197575547960099, 34.612146674262178 ], [ 76.214924452039952, 34.612853325737873 ], [ 76.218408881293428, 34.616313340928841 ], [ 76.223257785373292, 34.617019992404536 ], [ 76.226742214626753, 34.620480007595511 ], [ 76.229166666666686, 34.620833333333358 ], [ 76.245833333333351, 34.620833333333358 ], [ 76.246400621202284, 34.618622843424504 ], [ 76.249432712131096, 34.61471048990888 ], [ 76.250850931803413, 34.609184095594642 ], [ 76.257656182183183, 34.607437811957489 ], [ 76.274432712131102, 34.589710489908875 ], [ 76.275567287868952, 34.576956176757832 ], [ 76.286932712131104, 34.564710489908876 ], [ 76.288067287868955, 34.560289510091167 ], [ 76.295371500651072, 34.552092149522593 ], [ 76.292233954535618, 34.54804382324221 ], [ 76.291666666666686, 34.541666666666693 ], [ 76.302424452039958, 34.542019992404533 ], [ 76.318408881293422, 34.557980007595511 ], [ 76.323257785373286, 34.558686659071206 ], [ 76.326742214626762, 34.562146674262173 ], [ 76.331591118706626, 34.562853325737869 ], [ 76.335075547960088, 34.566313340928843 ], [ 76.341666666666697, 34.566666666666691 ], [ 76.348043823242207, 34.566099378797766 ], [ 76.351956176757838, 34.563067287868947 ], [ 76.356377156575547, 34.561932712131096 ], [ 76.360289510091178, 34.558900621202284 ], [ 76.365815734863304, 34.557482571072072 ], [ 76.367233954535621, 34.551956176757834 ], [ 76.371400621202284, 34.546579996744818 ], [ 76.370266045464433, 34.539456176757838 ], [ 76.363067287868944, 34.531377156575545 ], [ 76.361932712131107, 34.522789510091172 ], [ 76.35776604546443, 34.517413330078149 ], [ 76.359583028157573, 34.512677341037346 ], [ 76.364456176757841, 34.50890062120228 ], [ 76.366666666666688, 34.508333333333354 ], [ 76.366313340928841, 34.505908881293422 ], [ 76.358686659071211, 34.498257785373283 ], [ 76.357980007595515, 34.493408881293426 ], [ 76.354181247287357, 34.489583333333357 ], [ 76.357980007595515, 34.485757785373288 ], [ 76.358686659071211, 34.476742214626761 ], [ 76.362146674262178, 34.473257785373285 ], [ 76.362853325737873, 34.468408881293428 ], [ 76.366652086046031, 34.464583333333358 ], [ 76.362146674262178, 34.460046386718773 ], [ 76.362853325737873, 34.447575547960092 ], [ 76.366313340928841, 34.444091118706616 ], [ 76.366666666666688, 34.441666666666691 ], [ 76.385543823242216, 34.44223395453561 ], [ 76.390920003255232, 34.44640062120228 ], [ 76.406377156575545, 34.445266045464429 ], [ 76.418622843424501, 34.433900621202277 ], [ 76.424149068196641, 34.432482571072072 ], [ 76.425899590386308, 34.425661214192729 ], [ 76.433333333333366, 34.425 ], [ 76.433686659071199, 34.422575547960093 ], [ 76.437146674262181, 34.419091118706618 ], [ 76.437853325737876, 34.414242214626761 ], [ 76.457980007595509, 34.394091118706619 ], [ 76.458686659071205, 34.389242214626755 ], [ 76.462853325737868, 34.38504638671877 ], [ 76.462146674262172, 34.376742214626759 ], [ 76.458347913954015, 34.37291666666669 ], [ 76.462146674262172, 34.369091118706621 ], [ 76.462855529785188, 34.360048082139777 ], [ 76.480908881293431, 34.342019992404538 ], [ 76.483333333333363, 34.34166666666669 ], [ 76.482980007595515, 34.335075547960088 ], [ 76.479519992404533, 34.331591118706619 ], [ 76.479166666666686, 34.329166666666687 ], [ 76.479803636339, 34.292557101779536 ], [ 76.490899149576848, 34.282715861002629 ], [ 76.506326802571635, 34.283950805664084 ], [ 76.511551411946641, 34.287767537434917 ], [ 76.513117641872853, 34.277006361219641 ], [ 76.516049024793858, 34.272993638780406 ], [ 76.517825486924934, 34.266780598958356 ], [ 76.522839864095076, 34.263117472330748 ], [ 76.531326802571641, 34.261882527669293 ], [ 76.535339864095079, 34.258950805664085 ], [ 76.5375, 34.258333333333354 ], [ 76.536901516384575, 34.238415527343768 ], [ 76.53333333333336, 34.2375 ], [ 76.532980007595512, 34.214242214626758 ], [ 76.528813340928849, 34.210046386718773 ], [ 76.529519992404545, 34.205908881293425 ], [ 76.545480007595515, 34.189924452039953 ], [ 76.545833333333363, 34.183333333333351 ], [ 76.543408881293431, 34.182980007595503 ], [ 76.539924452039955, 34.179519992404536 ], [ 76.535075547960091, 34.178813340928841 ], [ 76.519091118706626, 34.162853325737871 ], [ 76.510075547960099, 34.162146674262175 ], [ 76.500355529785182, 34.152452935112869 ], [ 76.499646674262181, 34.143408881293425 ], [ 76.496186659071213, 34.139924452039949 ], [ 76.495480007595518, 34.135786946614601 ], [ 76.499646674262181, 34.131591118706616 ], [ 76.5, 34.129166666666684 ], [ 76.476742214626768, 34.128813340928836 ], [ 76.460757785373289, 34.112853325737866 ], [ 76.454166666666694, 34.1125 ], [ 76.454166666666694, 34.116666666666688 ], [ 76.451956176757832, 34.117233954535607 ], [ 76.448043823242216, 34.120266045464433 ], [ 76.442517598470076, 34.121684095594638 ], [ 76.441099378797773, 34.127210489908876 ], [ 76.437104119194899, 34.132365587022591 ], [ 76.431122843424504, 34.13390062120228 ], [ 76.427210489908873, 34.136932712131099 ], [ 76.410289510091175, 34.138067287868942 ], [ 76.398043823242219, 34.149432712131095 ], [ 76.393622843424509, 34.150567287868945 ], [ 76.389710489908879, 34.153599378797765 ], [ 76.379166666666691, 34.15416666666669 ], [ 76.378813340928843, 34.164924452039948 ], [ 76.375014580620686, 34.16875 ], [ 76.378813340928843, 34.172575547960086 ], [ 76.379519992404539, 34.176713053385434 ], [ 76.375353325737876, 34.180908881293426 ], [ 76.375, 34.195833333333354 ], [ 76.374646674262181, 34.198257785373286 ], [ 76.362853325737873, 34.210075547960088 ], [ 76.362146674262178, 34.214924452039952 ], [ 76.358686659071211, 34.218408881293421 ], [ 76.357980007595515, 34.222546386718768 ], [ 76.362486097547773, 34.227084011501759 ], [ 76.354519992404533, 34.235075547960093 ], [ 76.354166666666686, 34.2375 ], [ 76.35, 34.2375 ] ] ] ] } },
{ "type": "Feature", "properties": { "HYBAS_ID": 4070629130, "NEXT_DOWN": 4070628030, "NEXT_SINK": 4070033640, "MAIN_BAS": 4070033640, "DIST_SINK": 2507.2, "DIST_MAIN": 2507.2, "SUB_AREA": 680.2, "UP_AREA": 3371.4, "PFAF_ID": 4569025, "ENDO": 0, "COAST": 0, "ORDER": 2, "SORT": 5967, "areakm2": 680.09 }, "geometry": { "type": "MultiPolygon", "coordinates": [ [ [ [ 76.1875, 34.270833333333357 ], [ 76.184184265136736, 34.271684095594637 ], [ 76.183333333333351, 34.275 ], [ 76.180908881293419, 34.275353325737868 ], [ 76.177424452039958, 34.278813340928842 ], [ 76.168408881293431, 34.279519992404538 ], [ 76.164924452039955, 34.282980007595505 ], [ 76.160075547960091, 34.283686659071201 ], [ 76.152424452039952, 34.291313340928838 ], [ 76.147575547960088, 34.292019992404533 ], [ 76.144091118706626, 34.295480007595508 ], [ 76.135075547960099, 34.296186659071203 ], [ 76.131591118706623, 34.299646674262178 ], [ 76.126742214626759, 34.300353325737866 ], [ 76.119091118706621, 34.307980007595511 ], [ 76.102453782823375, 34.308686659071199 ], [ 76.098257785373292, 34.304519992404536 ], [ 76.0875, 34.304166666666688 ], [ 76.081122843424495, 34.304733954535614 ], [ 76.067570156521285, 34.31731228298613 ], [ 76.065767076280409, 34.324338785807313 ], [ 76.050899590386308, 34.325661214192728 ], [ 76.05, 34.329166666666687 ], [ 76.047789510091164, 34.328599378797762 ], [ 76.043877156575547, 34.325567287868942 ], [ 76.031122843424498, 34.324432712131099 ], [ 76.023043823242205, 34.31723395453561 ], [ 76.017375183105486, 34.315779283311656 ], [ 76.016099378797762, 34.306122843424504 ], [ 76.007327440049934, 34.296451822916687 ], [ 75.995833333333351, 34.295833333333356 ], [ 75.994982571072086, 34.292517428927972 ], [ 75.989456176757855, 34.291099378797767 ], [ 75.985543823242224, 34.288067287868941 ], [ 75.97956271701392, 34.286532253689259 ], [ 75.975567287868955, 34.281377156575545 ], [ 75.975, 34.275 ], [ 75.975353325737885, 34.272575547960088 ], [ 75.978813340928852, 34.269091118706619 ], [ 75.9791666666667, 34.266666666666687 ], [ 75.976742214626768, 34.267019992404535 ], [ 75.971191406250043, 34.272542995876755 ], [ 75.970833333333374, 34.275 ], [ 75.966666666666711, 34.275 ], [ 75.951956176757847, 34.274432712131095 ], [ 75.946801079644132, 34.27043728298613 ], [ 75.944982571072089, 34.263350762261304 ], [ 75.939456176757844, 34.261932712131099 ], [ 75.923043823242224, 34.246400621202277 ], [ 75.9166666666667, 34.245833333333351 ], [ 75.915779283311664, 34.24237501356339 ], [ 75.906122843424512, 34.241099378797763 ], [ 75.902210489908896, 34.238067287868944 ], [ 75.897789510091187, 34.2369327121311 ], [ 75.893877156575556, 34.233900621202281 ], [ 75.889456176757847, 34.23276604546443 ], [ 75.881377156575553, 34.225567287868941 ], [ 75.875850762261322, 34.224149237738736 ], [ 75.875, 34.220833333333353 ], [ 75.872789510091181, 34.221400621202278 ], [ 75.864710489908887, 34.228599378797767 ], [ 75.859184095594657, 34.230017428927972 ], [ 75.857482571072083, 34.236649237738739 ], [ 75.850850762261317, 34.238350762261305 ], [ 75.849432712131119, 34.243877156575543 ], [ 75.846400621202292, 34.247789510091167 ], [ 75.845266045464442, 34.252210489908876 ], [ 75.838067287868967, 34.26028951009117 ], [ 75.836932712131116, 34.264710489908879 ], [ 75.829733954535627, 34.272789510091165 ], [ 75.828248426649338, 34.278577677408876 ], [ 75.8, 34.27916666666669 ], [ 75.799344550238757, 34.28128899468318 ], [ 75.791207546658029, 34.29085422092016 ], [ 75.804166666666703, 34.291666666666686 ], [ 75.804519992404551, 34.294091118706618 ], [ 75.807980007595518, 34.297575547960093 ], [ 75.808333333333366, 34.304166666666688 ], [ 75.812103949652808, 34.305134412977452 ], [ 75.816099378797773, 34.310289510091167 ], [ 75.817562188042572, 34.315989515516513 ], [ 75.835289510091187, 34.332766045464432 ], [ 75.841270616319477, 34.334301079644121 ], [ 75.845266045464442, 34.339456176757835 ], [ 75.846684095594654, 34.344982571072073 ], [ 75.852210489908884, 34.346400621202278 ], [ 75.856122843424515, 34.349432712131097 ], [ 75.860543823242224, 34.350567287868948 ], [ 75.864456176757855, 34.353599378797767 ], [ 75.873043823242227, 34.354733954535611 ], [ 75.876956176757844, 34.35776604546443 ], [ 75.882624986436667, 34.359220716688391 ], [ 75.884041680230069, 34.369945949978323 ], [ 75.8875, 34.370833333333358 ], [ 75.887853325737865, 34.373257785373283 ], [ 75.891313340928846, 34.376742214626759 ], [ 75.891666666666694, 34.3875 ], [ 75.893877156575542, 34.386932712131099 ], [ 75.897789510091172, 34.38390062120228 ], [ 75.902210489908882, 34.382766045464429 ], [ 75.906122843424498, 34.37973395453561 ], [ 75.923785061306447, 34.378599378797766 ], [ 75.925567287868944, 34.385543823242209 ], [ 75.92859937879777, 34.389456176757832 ], [ 75.929733954535607, 34.398043823242212 ], [ 75.932766045464433, 34.401956176757835 ], [ 75.933900621202284, 34.406377156575545 ], [ 75.937895880805144, 34.411532253689259 ], [ 75.943877156575539, 34.413067287868948 ], [ 75.949032253689253, 34.417062717013913 ], [ 75.95056728786895, 34.42304382324221 ], [ 75.96314578586157, 34.436596340603323 ], [ 75.969982401529975, 34.438350762261308 ], [ 75.97083333333336, 34.441666666666691 ], [ 75.981591118706618, 34.442019992404539 ], [ 75.985075547960093, 34.445480007595506 ], [ 75.9875, 34.445833333333354 ], [ 75.988149685329887, 34.470018174913214 ], [ 75.99799346923831, 34.471450805664084 ], [ 76.003007846408437, 34.475113932291691 ], [ 76.004784308539513, 34.481326972113735 ], [ 76.021225992838566, 34.498921034071202 ], [ 76.028240288628496, 34.500926378038216 ], [ 76.029784308539519, 34.50632697211374 ], [ 76.032715691460524, 34.510339694552975 ], [ 76.034259711371547, 34.515740288628493 ], [ 76.039660135904967, 34.517284138997418 ], [ 76.043673197428404, 34.520215861002626 ], [ 76.047993469238307, 34.521450805664088 ], [ 76.053007846408448, 34.525113932291688 ], [ 76.054166666666688, 34.52916666666669 ], [ 76.066666666666691, 34.52916666666669 ], [ 76.081377156575542, 34.529733954535615 ], [ 76.089456176757835, 34.536932712131097 ], [ 76.09543745252823, 34.538467746310786 ], [ 76.099432712131104, 34.543622843424501 ], [ 76.100899590386305, 34.549338785807315 ], [ 76.114710489908873, 34.550567287868944 ], [ 76.122789510091167, 34.557766045464433 ], [ 76.125, 34.558333333333358 ], [ 76.129166666666691, 34.558333333333358 ], [ 76.1375, 34.558333333333358 ], [ 76.138387383355052, 34.55487501356339 ], [ 76.149080573187959, 34.553462388780403 ], [ 76.153599378797765, 34.54804382324221 ], [ 76.154733954535615, 34.543622843424501 ], [ 76.157766045464427, 34.539710489908877 ], [ 76.158900621202278, 34.535289510091168 ], [ 76.166099378797767, 34.527210489908875 ], [ 76.167233954535618, 34.522789510091172 ], [ 76.17026604546443, 34.518877156575542 ], [ 76.171400621202281, 34.460289510091165 ], [ 76.174531216091609, 34.45625 ], [ 76.17026604546443, 34.450746663411479 ], [ 76.171840074327278, 34.446644422743077 ], [ 76.175, 34.445833333333354 ], [ 76.174646674262178, 34.422575547960093 ], [ 76.171186659071211, 34.419091118706618 ], [ 76.170833333333363, 34.4125 ], [ 76.173257785373281, 34.412146674262175 ], [ 76.176742214626756, 34.408686659071201 ], [ 76.1875, 34.408333333333353 ], [ 76.187853325737876, 34.397575547960088 ], [ 76.191313340928843, 34.394091118706619 ], [ 76.192019992404539, 34.389242214626755 ], [ 76.195480007595506, 34.385757785373286 ], [ 76.196186659071202, 34.376742214626759 ], [ 76.200353325737865, 34.372546386718774 ], [ 76.199646674262169, 34.364242214626756 ], [ 76.191313340928843, 34.355882432725714 ], [ 76.192019992404539, 34.347575547960091 ], [ 76.217019992404545, 34.322550455729186 ], [ 76.216313340928849, 34.314242214626759 ], [ 76.212146674262172, 34.310046386718774 ], [ 76.212853325737868, 34.305908881293426 ], [ 76.216313340928849, 34.302424452039951 ], [ 76.216666666666697, 34.295833333333356 ], [ 76.214456176757835, 34.29526604546443 ], [ 76.210543823242205, 34.292233954535611 ], [ 76.205017598470079, 34.290815904405406 ], [ 76.20331573486331, 34.28418409559464 ], [ 76.196684265136739, 34.282482571072066 ], [ 76.195266045464436, 34.276956176757835 ], [ 76.191270785861562, 34.271801079644121 ], [ 76.1875, 34.270833333333357 ] ] ] ] } },
{ "type": "Feature", "properties": { "HYBAS_ID": 4070636930, "NEXT_DOWN": 4070629130, "NEXT_SINK": 4070033640, "MAIN_BAS": 4070033640, "DIST_SINK": 2549.7, "DIST_MAIN": 2549.7, "SUB_AREA": 619.8, "UP_AREA": 619.8, "PFAF_ID": 4569026, "ENDO": 0, "COAST": 0, "ORDER": 3, "SORT": 5968, "areakm2": 619.63 }, "geometry": { "type": "MultiPolygon", "coordinates": [ [ [ [ 75.975, 34.275 ], [ 75.975567287868955, 34.281377156575545 ], [ 75.97956271701392, 34.286532253689259 ], [ 75.985543823242224, 34.288067287868941 ], [ 75.989456176757855, 34.291099378797767 ], [ 75.994982571072086, 34.292517428927972 ], [ 75.995833333333351, 34.295833333333356 ], [ 76.007327440049934, 34.296451822916687 ], [ 76.016099378797762, 34.306122843424504 ], [ 76.017375183105486, 34.315779283311656 ], [ 76.023043823242205, 34.31723395453561 ], [ 76.031122843424498, 34.324432712131099 ], [ 76.043877156575547, 34.325567287868942 ], [ 76.047789510091164, 34.328599378797762 ], [ 76.05, 34.329166666666687 ], [ 76.050899590386308, 34.325661214192728 ], [ 76.065767076280409, 34.324338785807313 ], [ 76.067570156521285, 34.31731228298613 ], [ 76.081122843424495, 34.304733954535614 ], [ 76.0875, 34.304166666666688 ], [ 76.098257785373292, 34.304519992404536 ], [ 76.102453782823375, 34.308686659071199 ], [ 76.119091118706621, 34.307980007595511 ], [ 76.126742214626759, 34.300353325737866 ], [ 76.131591118706623, 34.299646674262178 ], [ 76.135075547960099, 34.296186659071203 ], [ 76.144091118706626, 34.295480007595508 ], [ 76.147575547960088, 34.292019992404533 ], [ 76.152424452039952, 34.291313340928838 ], [ 76.160075547960091, 34.283686659071201 ], [ 76.164924452039955, 34.282980007595505 ], [ 76.168408881293431, 34.279519992404538 ], [ 76.177424452039958, 34.278813340928842 ], [ 76.180908881293419, 34.275353325737868 ], [ 76.183333333333351, 34.275 ], [ 76.184184265136736, 34.271684095594637 ], [ 76.1875, 34.270833333333357 ], [ 76.191270785861562, 34.271801079644121 ], [ 76.195266045464436, 34.276956176757835 ], [ 76.196684265136739, 34.282482571072066 ], [ 76.20331573486331, 34.28418409559464 ], [ 76.205017598470079, 34.290815904405406 ], [ 76.210543823242205, 34.292233954535611 ], [ 76.214456176757835, 34.29526604546443 ], [ 76.216666666666697, 34.295833333333356 ], [ 76.217024739583351, 34.293376329210091 ], [ 76.222575547960091, 34.287853325737871 ], [ 76.227424452039955, 34.287146674262175 ], [ 76.235075547960093, 34.279519992404538 ], [ 76.258333333333354, 34.27916666666669 ], [ 76.2625, 34.27916666666669 ], [ 76.26306728786895, 34.276956176757835 ], [ 76.266099378797762, 34.273043823242212 ], [ 76.267517598470079, 34.267517428927974 ], [ 76.270833333333357, 34.266666666666687 ], [ 76.273043823242205, 34.266099378797762 ], [ 76.276956176757835, 34.263067287868942 ], [ 76.293877156575547, 34.261932712131099 ], [ 76.297789510091164, 34.25890062120228 ], [ 76.323986138237871, 34.257723659939259 ], [ 76.332766045464439, 34.248043823242206 ], [ 76.334184265136741, 34.242517428927975 ], [ 76.339710489908882, 34.241099378797763 ], [ 76.343622843424498, 34.238067287868944 ], [ 76.35, 34.2375 ], [ 76.354166666666686, 34.2375 ], [ 76.354519992404533, 34.235075547960093 ], [ 76.362486097547773, 34.227084011501759 ], [ 76.357980007595515, 34.222546386718768 ], [ 76.358686659071211, 34.218408881293421 ], [ 76.362146674262178, 34.214924452039952 ], [ 76.362853325737873, 34.210075547960088 ], [ 76.374646674262181, 34.198257785373286 ], [ 76.375, 34.195833333333354 ], [ 76.375353325737876, 34.180908881293426 ], [ 76.379519992404539, 34.176713053385434 ], [ 76.378813340928843, 34.172575547960086 ], [ 76.375014580620686, 34.16875 ], [ 76.378813340928843, 34.164924452039948 ], [ 76.379166666666691, 34.15416666666669 ], [ 76.376742214626759, 34.153813340928842 ], [ 76.369091118706621, 34.146186659071198 ], [ 76.364242214626756, 34.145480007595509 ], [ 76.356591118706618, 34.137853325737865 ], [ 76.351742214626768, 34.137146674262169 ], [ 76.348257785373292, 34.133686659071202 ], [ 76.3375, 34.133333333333354 ], [ 76.337141927083351, 34.130876329210089 ], [ 76.33088107638892, 34.124646674262173 ], [ 76.326742214626762, 34.125353325737869 ], [ 76.323257785373286, 34.128813340928836 ], [ 76.318408881293422, 34.129519992404532 ], [ 76.314212883843339, 34.133686659071202 ], [ 76.310075547960096, 34.132980007595506 ], [ 76.281591118706615, 34.104519992404533 ], [ 76.2625, 34.104166666666686 ], [ 76.262141927083363, 34.101709662543421 ], [ 76.256591118706623, 34.096186659071201 ], [ 76.247545539008271, 34.095477634006095 ], [ 76.242019992404536, 34.089924452039952 ], [ 76.241666666666688, 34.0875 ], [ 76.241308932834229, 34.085045030381963 ], [ 76.231250678168422, 34.075013902452277 ], [ 76.227424452039955, 34.078813340928839 ], [ 76.222575547960091, 34.079519992404535 ], [ 76.219091118706615, 34.082980007595509 ], [ 76.214242214626765, 34.083686659071198 ], [ 76.210757785373289, 34.087146674262172 ], [ 76.193408881293422, 34.087853325737868 ], [ 76.189924452039961, 34.091313340928842 ], [ 76.185075547960096, 34.092019992404531 ], [ 76.181591118706621, 34.095480007595505 ], [ 76.179166666666688, 34.095833333333353 ], [ 76.178315734863304, 34.099149237738736 ], [ 76.172789510091164, 34.100567287868941 ], [ 76.164710489908884, 34.10776604546443 ], [ 76.160289510091175, 34.108900621202274 ], [ 76.156377156575545, 34.111932712131093 ], [ 76.150850931803404, 34.113350762261305 ], [ 76.15, 34.116666666666688 ], [ 76.139242214626762, 34.116313340928841 ], [ 76.135757785373286, 34.112853325737866 ], [ 76.123284064398888, 34.112146674262171 ], [ 76.112857733832485, 34.122545030381964 ], [ 76.112146674262178, 34.127424452039953 ], [ 76.106265936957485, 34.133334689670157 ], [ 76.102424452039955, 34.129519992404532 ], [ 76.097575547960091, 34.128813340928836 ], [ 76.089924452039952, 34.121186659071199 ], [ 76.080908881293425, 34.120480007595503 ], [ 76.077424452039949, 34.117019992404536 ], [ 76.075, 34.116666666666688 ], [ 76.045833333333348, 34.116666666666688 ], [ 76.045266045464444, 34.131377156575539 ], [ 76.038067287868955, 34.139456176757832 ], [ 76.036932712131119, 34.142603895399326 ], [ 76.045266045464444, 34.151956176757835 ], [ 76.046400621202295, 34.154913330078145 ], [ 76.042233954535632, 34.160289510091168 ], [ 76.041099378797782, 34.177210489908873 ], [ 76.038067287868955, 34.181122843424497 ], [ 76.036932712131119, 34.189710489908876 ], [ 76.033900621202292, 34.1936228434245 ], [ 76.032766045464442, 34.210543823242205 ], [ 76.025567287868967, 34.218622843424498 ], [ 76.024149237738754, 34.224149237738736 ], [ 76.018622843424524, 34.225567287868941 ], [ 76.014710489908893, 34.228599378797767 ], [ 76.010289510091184, 34.229733954535611 ], [ 76.00221048990889, 34.2369327121311 ], [ 75.997789510091181, 34.238067287868944 ], [ 75.988419596354206, 34.246416219075542 ], [ 75.986932712131107, 34.252210489908876 ], [ 75.979733954535632, 34.26028951009117 ], [ 75.9791666666667, 34.266666666666687 ], [ 75.978813340928852, 34.269091118706619 ], [ 75.975353325737885, 34.272575547960088 ], [ 75.975, 34.275 ] ] ] ] } },
{ "type": "Feature", "properties": { "HYBAS_ID": 4070637080, "NEXT_DOWN": 4070629130, "NEXT_SINK": 4070033640, "MAIN_BAS": 4070033640, "DIST_SINK": 2549.9, "DIST_MAIN": 2549.9, "SUB_AREA": 171.2, "UP_AREA": 2071.5, "PFAF_ID": 4569027, "ENDO": 0, "COAST": 0, "ORDER": 2, "SORT": 5969, "areakm2": 171.16 }, "geometry": { "type": "MultiPolygon", "coordinates": [ [ [ [ 75.958333333333371, 34.1375 ], [ 75.954166666666708, 34.1375 ], [ 75.953315904405414, 34.1408159044054 ], [ 75.95, 34.141666666666687 ], [ 75.949149237738752, 34.14498257107207 ], [ 75.943622843424521, 34.146400621202275 ], [ 75.93971048990889, 34.149432712131095 ], [ 75.935289510091181, 34.150567287868945 ], [ 75.927210489908887, 34.157766045464427 ], [ 75.922789510091178, 34.158900621202278 ], [ 75.918877156575562, 34.161932712131097 ], [ 75.914456176757852, 34.163067287868941 ], [ 75.910543823242222, 34.16609937879776 ], [ 75.906122843424512, 34.167233954535611 ], [ 75.881377156575553, 34.191099378797766 ], [ 75.876956176757844, 34.19223395453561 ], [ 75.872083197699695, 34.196010674370683 ], [ 75.870266045464447, 34.200746663411479 ], [ 75.87443271213111, 34.206122843424502 ], [ 75.875, 34.220833333333353 ], [ 75.875850762261322, 34.224149237738736 ], [ 75.881377156575553, 34.225567287868941 ], [ 75.889456176757847, 34.23276604546443 ], [ 75.893877156575556, 34.233900621202281 ], [ 75.897789510091187, 34.2369327121311 ], [ 75.902210489908896, 34.238067287868944 ], [ 75.906122843424512, 34.241099378797763 ], [ 75.915779283311664, 34.24237501356339 ], [ 75.9166666666667, 34.245833333333351 ], [ 75.923043823242224, 34.246400621202277 ], [ 75.939456176757844, 34.261932712131099 ], [ 75.944982571072089, 34.263350762261304 ], [ 75.946801079644132, 34.27043728298613 ], [ 75.951956176757847, 34.274432712131095 ], [ 75.966666666666711, 34.275 ], [ 75.970833333333374, 34.275 ], [ 75.971191406250043, 34.272542995876755 ], [ 75.976742214626768, 34.267019992404535 ], [ 75.9791666666667, 34.266666666666687 ], [ 75.979733954535632, 34.26028951009117 ], [ 75.986932712131107, 34.252210489908876 ], [ 75.988419596354206, 34.246416219075542 ], [ 75.997789510091181, 34.238067287868944 ], [ 76.00221048990889, 34.2369327121311 ], [ 76.010289510091184, 34.229733954535611 ], [ 76.014710489908893, 34.228599378797767 ], [ 76.018622843424524, 34.225567287868941 ], [ 76.024149237738754, 34.224149237738736 ], [ 76.025567287868967, 34.218622843424498 ], [ 76.032766045464442, 34.210543823242205 ], [ 76.033900621202292, 34.1936228434245 ], [ 76.036932712131119, 34.189710489908876 ], [ 76.038067287868955, 34.181122843424497 ], [ 76.041099378797782, 34.177210489908873 ], [ 76.042233954535632, 34.160289510091168 ], [ 76.046400621202295, 34.154913330078145 ], [ 76.045266045464444, 34.151956176757835 ], [ 76.036932712131119, 34.142603895399326 ], [ 76.038067287868955, 34.139456176757832 ], [ 76.045266045464444, 34.131377156575539 ], [ 76.045833333333348, 34.116666666666688 ], [ 76.045475260416694, 34.114209662543423 ], [ 76.039924452039955, 34.108686659071203 ], [ 76.020833333333357, 34.108333333333356 ], [ 76.019982571072092, 34.111649237738732 ], [ 76.014456176757847, 34.113067287868944 ], [ 76.006377156575553, 34.120266045464433 ], [ 76.004166666666706, 34.120833333333351 ], [ 76.001956176757858, 34.121400621202277 ], [ 75.998043823242227, 34.124432712131096 ], [ 75.993622843424518, 34.125567287868947 ], [ 75.989710489908887, 34.128599378797766 ], [ 75.985289510091178, 34.12973395453561 ], [ 75.981377156575562, 34.132766045464429 ], [ 75.972789510091189, 34.13390062120228 ], [ 75.967634412977475, 34.137896050347244 ], [ 75.965529378255241, 34.146097819010436 ], [ 75.960543823242219, 34.142233954535612 ], [ 75.958333333333371, 34.141666666666687 ], [ 75.958333333333371, 34.1375 ] ] ] ] } },
{ "type": "Feature", "properties": { "HYBAS_ID": 4070641000, "NEXT_DOWN": 4070637080, "NEXT_SINK": 4070033640, "MAIN_BAS": 4070033640, "DIST_SINK": 2568.2, "DIST_MAIN": 2568.2, "SUB_AREA": 1603.9, "UP_AREA": 1603.9, "PFAF_ID": 4569029, "ENDO": 0, "COAST": 0, "ORDER": 2, "SORT": 5970, "areakm2": 1603.4 }, "geometry": { "type": "MultiPolygon", "coordinates": [ [ [ [ 76.529166666666697, 33.979166666666686 ], [ 76.528813340928849, 33.972575547960105 ], [ 76.524646674262186, 33.968379550510015 ], [ 76.525353325737868, 33.964242214626772 ], [ 76.532980007595512, 33.956591118706633 ], [ 76.533686659071208, 33.935075547960103 ], [ 76.537146674262175, 33.931591118706635 ], [ 76.5375, 33.929166666666703 ], [ 76.537142266167564, 33.926712205674946 ], [ 76.523257785373289, 33.912853325737885 ], [ 76.520833333333357, 33.9125 ], [ 76.510075547960099, 33.912853325737885 ], [ 76.506591118706623, 33.916313340928852 ], [ 76.444120449490043, 33.917019992404548 ], [ 76.439924452039961, 33.912853325737885 ], [ 76.430908881293433, 33.912146674262189 ], [ 76.423257785373295, 33.904519992404545 ], [ 76.406620449490049, 33.903813340928856 ], [ 76.402424452039952, 33.907980007595519 ], [ 76.391666666666694, 33.908333333333367 ], [ 76.391049024793858, 33.906173197428416 ], [ 76.388117641872853, 33.902160135904978 ], [ 76.386341179741777, 33.895947265625033 ], [ 76.381326802571635, 33.89228430853953 ], [ 76.37116444905601, 33.890805223253075 ], [ 76.367284308539524, 33.885493469238313 ], [ 76.366049024793867, 33.881173197428417 ], [ 76.358950975206184, 33.872993469238317 ], [ 76.357715691460527, 33.868673197428421 ], [ 76.333950975206193, 33.843826802571648 ], [ 76.332715691460521, 33.83117319742842 ], [ 76.329784308539516, 33.827160135904982 ], [ 76.328549024793858, 33.822839864095087 ], [ 76.32145097520619, 33.81466013590498 ], [ 76.319906955295167, 33.80925971137156 ], [ 76.314506530761747, 33.807715691460537 ], [ 76.306326802571633, 33.800617641872861 ], [ 76.302006530761744, 33.799382358127204 ], [ 76.297993469238307, 33.796450975206199 ], [ 76.291780598958354, 33.794674513075122 ], [ 76.288117641872859, 33.789660135904981 ], [ 76.286502244737434, 33.78401031494144 ], [ 76.263309563530839, 33.782645331488752 ], [ 76.261638556586391, 33.771164449056023 ], [ 76.256326802571635, 33.76728430853953 ], [ 76.250113932291697, 33.765507846408454 ], [ 76.246450975206187, 33.760493469238313 ], [ 76.245833333333351, 33.758333333333368 ], [ 76.230908881293431, 33.758686659071216 ], [ 76.227083333333354, 33.762485419379374 ], [ 76.223257785373292, 33.758686659071216 ], [ 76.219120449490035, 33.757980007595521 ], [ 76.214924452039952, 33.762146674262183 ], [ 76.208333333333357, 33.7625 ], [ 76.207980007595509, 33.764924452039963 ], [ 76.200353325737865, 33.772575547960102 ], [ 76.2, 33.783333333333367 ], [ 76.199646674262169, 33.785757785373299 ], [ 76.196186659071202, 33.789242214626768 ], [ 76.195480007595506, 33.794091118706632 ], [ 76.18995378282338, 33.799645148383277 ], [ 76.183333333333351, 33.8 ], [ 76.183686659071199, 33.814924452039961 ], [ 76.187146674262181, 33.818408881293436 ], [ 76.187853325737876, 33.823257785373301 ], [ 76.191313340928843, 33.826742214626769 ], [ 76.192019992404539, 33.831591118706633 ], [ 76.199646674262169, 33.839242214626772 ], [ 76.2, 33.85833333333337 ], [ 76.19778951009117, 33.858900621202288 ], [ 76.192634412977455, 33.862895880805155 ], [ 76.190815734863307, 33.869982401529981 ], [ 76.183994547526069, 33.871732923719655 ], [ 76.182766045464433, 33.885543823242223 ], [ 76.179733954535607, 33.889456176757847 ], [ 76.17859937879777, 33.893877156575556 ], [ 76.175567287868944, 33.897789510091179 ], [ 76.174432712131093, 33.918877156575554 ], [ 76.171400621202281, 33.922789510091178 ], [ 76.17026604546443, 33.927210489908887 ], [ 76.167233954535618, 33.931122843424511 ], [ 76.165815734863301, 33.936649068196651 ], [ 76.1625, 33.9375 ], [ 76.151956176757835, 33.938067287868961 ], [ 76.147916666666688, 33.941197882758281 ], [ 76.143877156575542, 33.938067287868961 ], [ 76.136753336588569, 33.93693271213111 ], [ 76.131377156575539, 33.94109937879778 ], [ 76.118622843424504, 33.942233954535624 ], [ 76.10221048990887, 33.957766045464446 ], [ 76.097789510091175, 33.958900621202289 ], [ 76.093877156575545, 33.961932712131109 ], [ 76.089456176757835, 33.963067287868959 ], [ 76.068877156575539, 33.982766045464444 ], [ 76.063350931803413, 33.984184265136754 ], [ 76.061932712131096, 33.989710489908887 ], [ 76.058900621202284, 33.993622843424511 ], [ 76.058333333333351, 33.995833333333351 ], [ 76.055908881293419, 33.995480007595518 ], [ 76.052424452039958, 33.992019992404551 ], [ 76.047575547960093, 33.991313340928855 ], [ 76.044091118706618, 33.987853325737881 ], [ 76.030908881293428, 33.987146674262185 ], [ 76.027424452039952, 33.983686659071218 ], [ 76.022575547960088, 33.982980007595522 ], [ 76.019091118706626, 33.979519992404548 ], [ 75.989242214626756, 33.978813340928852 ], [ 75.985757785373281, 33.975353325737885 ], [ 75.979166666666686, 33.975 ], [ 75.979166666666686, 33.979166666666686 ], [ 75.968622843424512, 33.97859937879776 ], [ 75.964710489908896, 33.975567287868941 ], [ 75.944845241970526, 33.974432712131097 ], [ 75.931377156575564, 33.986932712131093 ], [ 75.914456176757852, 33.988067287868944 ], [ 75.906377156575559, 33.995266045464426 ], [ 75.901956176757849, 33.996400621202277 ], [ 75.898043823242219, 33.999432712131096 ], [ 75.892517428927988, 34.000850762261301 ], [ 75.891099378797776, 34.006377156575539 ], [ 75.887103949652811, 34.011532253689253 ], [ 75.883333333333368, 34.0125 ], [ 75.876742214626773, 34.012146674262169 ], [ 75.873257785373298, 34.008686659071202 ], [ 75.868408881293433, 34.007980007595506 ], [ 75.864924452039972, 34.004519992404532 ], [ 75.860786946614624, 34.003813340928836 ], [ 75.856591118706632, 34.007980007595506 ], [ 75.848286946614621, 34.008686659071202 ], [ 75.844091118706629, 34.004519992404532 ], [ 75.835786946614618, 34.003813340928836 ], [ 75.83159111870664, 34.007980007595506 ], [ 75.826742214626776, 34.008686659071202 ], [ 75.823257785373301, 34.012146674262169 ], [ 75.818408881293436, 34.012853325737865 ], [ 75.814924452039961, 34.016313340928839 ], [ 75.81007554796011, 34.017019992404535 ], [ 75.806591118706635, 34.020480007595502 ], [ 75.801742214626771, 34.021186659071198 ], [ 75.789924452039969, 34.032980007595505 ], [ 75.772575547960102, 34.033686659071201 ], [ 75.767021687825562, 34.039213053385438 ], [ 75.76631334092886, 34.052424452039951 ], [ 75.760785929362015, 34.057979668511301 ], [ 75.741666666666703, 34.058333333333351 ], [ 75.741313340928855, 34.077424452039949 ], [ 75.720846896701431, 34.097915649414084 ], [ 75.724646674262189, 34.101742214626753 ], [ 75.725, 34.104166666666686 ], [ 75.735543823242224, 34.104733954535611 ], [ 75.740529378255246, 34.108597819010434 ], [ 75.741666666666703, 34.104166666666686 ], [ 75.764924452039963, 34.103813340928838 ], [ 75.769120279947956, 34.099646674262175 ], [ 75.789924452039969, 34.100353325737871 ], [ 75.793408881293445, 34.103813340928838 ], [ 75.795833333333377, 34.104166666666686 ], [ 75.806591118706635, 34.104519992404533 ], [ 75.81007554796011, 34.107980007595508 ], [ 75.819091118706638, 34.108686659071203 ], [ 75.822575547960099, 34.112146674262171 ], [ 75.83159111870664, 34.112853325737866 ], [ 75.835416666666703, 34.116652086046024 ], [ 75.839953613281281, 34.112146674262171 ], [ 75.844091118706629, 34.112853325737866 ], [ 75.847575547960105, 34.116313340928841 ], [ 75.852424452039969, 34.117019992404536 ], [ 75.855908881293445, 34.120480007595503 ], [ 75.873257785373298, 34.121186659071199 ], [ 75.87745361328129, 34.125353325737869 ], [ 75.89409111870664, 34.124646674262173 ], [ 75.897575547960102, 34.121186659071199 ], [ 75.902424452039966, 34.120480007595503 ], [ 75.906250678168433, 34.116680569118941 ], [ 75.914242214626768, 34.124646674262173 ], [ 75.927424452039972, 34.125353325737869 ], [ 75.930908881293433, 34.128813340928836 ], [ 75.95, 34.129166666666684 ], [ 75.950353325737879, 34.131591118706616 ], [ 75.95381334092886, 34.135075547960092 ], [ 75.954166666666708, 34.1375 ], [ 75.958333333333371, 34.1375 ], [ 75.958333333333371, 34.141666666666687 ], [ 75.960543823242219, 34.142233954535612 ], [ 75.965529378255241, 34.146097819010436 ], [ 75.967634412977475, 34.137896050347244 ], [ 75.972789510091189, 34.13390062120228 ], [ 75.981377156575562, 34.132766045464429 ], [ 75.985289510091178, 34.12973395453561 ], [ 75.989710489908887, 34.128599378797766 ], [ 75.993622843424518, 34.125567287868947 ], [ 75.998043823242227, 34.124432712131096 ], [ 76.001956176757858, 34.121400621202277 ], [ 76.004166666666706, 34.120833333333351 ], [ 76.006377156575553, 34.120266045464433 ], [ 76.014456176757847, 34.113067287868944 ], [ 76.019982571072092, 34.111649237738732 ], [ 76.020833333333357, 34.108333333333356 ], [ 76.039924452039955, 34.108686659071203 ], [ 76.045475260416694, 34.114209662543423 ], [ 76.045833333333348, 34.116666666666688 ], [ 76.075, 34.116666666666688 ], [ 76.077424452039949, 34.117019992404536 ], [ 76.080908881293425, 34.120480007595503 ], [ 76.089924452039952, 34.121186659071199 ], [ 76.097575547960091, 34.128813340928836 ], [ 76.102424452039955, 34.129519992404532 ], [ 76.106265936957485, 34.133334689670157 ], [ 76.112146674262178, 34.127424452039953 ], [ 76.112857733832485, 34.122545030381964 ], [ 76.123284064398888, 34.112146674262171 ], [ 76.135757785373286, 34.112853325737866 ], [ 76.139242214626762, 34.116313340928841 ], [ 76.15, 34.116666666666688 ], [ 76.150850931803404, 34.113350762261305 ], [ 76.156377156575545, 34.111932712131093 ], [ 76.160289510091175, 34.108900621202274 ], [ 76.164710489908884, 34.10776604546443 ], [ 76.172789510091164, 34.100567287868941 ], [ 76.178315734863304, 34.099149237738736 ], [ 76.179166666666688, 34.095833333333353 ], [ 76.181591118706621, 34.095480007595505 ], [ 76.185075547960096, 34.092019992404531 ], [ 76.189924452039961, 34.091313340928842 ], [ 76.193408881293422, 34.087853325737868 ], [ 76.210757785373289, 34.087146674262172 ], [ 76.214242214626765, 34.083686659071198 ], [ 76.219091118706615, 34.082980007595509 ], [ 76.222575547960091, 34.079519992404535 ], [ 76.227424452039955, 34.078813340928839 ], [ 76.231250678168422, 34.075013902452277 ], [ 76.241308932834229, 34.085045030381963 ], [ 76.241666666666688, 34.0875 ], [ 76.242019992404536, 34.089924452039952 ], [ 76.247545539008271, 34.095477634006095 ], [ 76.256591118706623, 34.096186659071201 ], [ 76.262141927083363, 34.101709662543421 ], [ 76.2625, 34.104166666666686 ], [ 76.281591118706615, 34.104519992404533 ], [ 76.310075547960096, 34.132980007595506 ], [ 76.314212883843339, 34.133686659071202 ], [ 76.318408881293422, 34.129519992404532 ], [ 76.323257785373286, 34.128813340928836 ], [ 76.326742214626762, 34.125353325737869 ], [ 76.33088107638892, 34.124646674262173 ], [ 76.337141927083351, 34.130876329210089 ], [ 76.3375, 34.133333333333354 ], [ 76.348257785373292, 34.133686659071202 ], [ 76.351742214626768, 34.137146674262169 ], [ 76.356591118706618, 34.137853325737865 ], [ 76.364242214626756, 34.145480007595509 ], [ 76.369091118706621, 34.146186659071198 ], [ 76.376742214626759, 34.153813340928842 ], [ 76.379166666666691, 34.15416666666669 ], [ 76.389710489908879, 34.153599378797765 ], [ 76.393622843424509, 34.150567287868945 ], [ 76.398043823242219, 34.149432712131095 ], [ 76.410289510091175, 34.138067287868942 ], [ 76.427210489908873, 34.136932712131099 ], [ 76.431122843424504, 34.13390062120228 ], [ 76.437104119194899, 34.132365587022591 ], [ 76.441099378797773, 34.127210489908876 ], [ 76.442517598470076, 34.121684095594638 ], [ 76.448043823242216, 34.120266045464433 ], [ 76.451956176757832, 34.117233954535607 ], [ 76.454166666666694, 34.116666666666688 ], [ 76.454166666666694, 34.1125 ], [ 76.460757785373289, 34.112853325737866 ], [ 76.476742214626768, 34.128813340928836 ], [ 76.5, 34.129166666666684 ], [ 76.502210489908876, 34.128599378797766 ], [ 76.506122843424507, 34.125567287868947 ], [ 76.512104119194902, 34.124032253689258 ], [ 76.516099378797776, 34.118877156575543 ], [ 76.517517598470079, 34.113350762261305 ], [ 76.523043823242219, 34.111932712131093 ], [ 76.531122843424498, 34.104733954535611 ], [ 76.536649068196638, 34.103315904405399 ], [ 76.538387383355058, 34.096541680230054 ], [ 76.54804382324221, 34.095266045464427 ], [ 76.552083333333357, 34.092135281033009 ], [ 76.557586669921903, 34.096400621202278 ], [ 76.589710489908882, 34.095266045464427 ], [ 76.597789510091175, 34.088067287868945 ], [ 76.603489515516515, 34.086604478624153 ], [ 76.620266045464433, 34.068877156575539 ], [ 76.620833333333366, 34.066666666666684 ], [ 76.606122843424501, 34.06609937879778 ], [ 76.602210489908884, 34.063067287868961 ], [ 76.592554050021732, 34.061791483561237 ], [ 76.591099378797765, 34.056122843424518 ], [ 76.588067287868952, 34.052210489908887 ], [ 76.586932712131102, 34.047789510091178 ], [ 76.583900621202289, 34.043877156575554 ], [ 76.582766045464439, 34.040920003255245 ], [ 76.586932712131102, 34.035543823242222 ], [ 76.588067287868952, 34.024062771267396 ], [ 76.579628499348985, 34.014592149522606 ], [ 76.58359798855254, 34.009470452202727 ], [ 76.576956176757832, 34.007766045464443 ], [ 76.573043823242216, 34.004733954535624 ], [ 76.570086669921906, 34.00359937879778 ], [ 76.56458333333336, 34.007864549424951 ], [ 76.560543823242213, 34.004733954535624 ], [ 76.551956176757841, 34.00359937879778 ], [ 76.54804382324221, 34.000567287868961 ], [ 76.542375183105491, 33.999112616645 ], [ 76.541099378797767, 33.989456176757848 ], [ 76.53275044759117, 33.98008643256297 ], [ 76.529166666666697, 33.979166666666686 ] ] ] ] } },
{ "type": "Feature", "properties": { "HYBAS_ID": 4070640990, "NEXT_DOWN": 4070637080, "NEXT_SINK": 4070033640, "MAIN_BAS": 4070033640, "DIST_SINK": 2568.2, "DIST_MAIN": 2568.2, "SUB_AREA": 296.5, "UP_AREA": 296.6, "PFAF_ID": 4569028, "ENDO": 0, "COAST": 0, "ORDER": 3, "SORT": 5971, "areakm2": 296.39 }, "geometry": { "type": "MultiPolygon", "coordinates": [ [ [ [ 75.720833333333374, 34.104166666666686 ], [ 75.714242214626779, 34.104519992404533 ], [ 75.710757785373303, 34.107980007595508 ], [ 75.705908881293439, 34.108686659071203 ], [ 75.700355021158884, 34.114213053385434 ], [ 75.7, 34.120833333333351 ], [ 75.699646674262183, 34.123257785373283 ], [ 75.696186659071216, 34.126742214626759 ], [ 75.695833333333368, 34.129166666666684 ], [ 75.693622843424521, 34.12973395453561 ], [ 75.68137715657555, 34.141099378797762 ], [ 75.675850762261319, 34.142517428927974 ], [ 75.675, 34.145833333333357 ], [ 75.675850762261319, 34.149149237738733 ], [ 75.682482571072086, 34.150850762261307 ], [ 75.684184095594659, 34.157482571072066 ], [ 75.691931152343784, 34.159470621744809 ], [ 75.688067287868961, 34.164456176757831 ], [ 75.68693271213111, 34.16887715657554 ], [ 75.683900621202298, 34.172789510091164 ], [ 75.682766045464447, 34.175746663411481 ], [ 75.68693271213111, 34.181122843424497 ], [ 75.688067287868961, 34.185543823242206 ], [ 75.691099378797773, 34.18945617675783 ], [ 75.691666666666706, 34.2 ], [ 75.695195515950559, 34.20090569390193 ], [ 75.696400621202287, 34.218877156575545 ], [ 75.700396050347251, 34.224032253689259 ], [ 75.706377156575556, 34.225567287868941 ], [ 75.714456176757849, 34.23276604546443 ], [ 75.735543823242224, 34.233900621202281 ], [ 75.740698920355939, 34.237896050347246 ], [ 75.741666666666703, 34.241666666666688 ], [ 75.745833333333366, 34.241666666666688 ], [ 75.765751139322958, 34.242265150282137 ], [ 75.767233954535627, 34.248043823242206 ], [ 75.770266045464439, 34.251956176757837 ], [ 75.771801079644135, 34.257937282986134 ], [ 75.776956176757849, 34.261932712131099 ], [ 75.7916666666667, 34.2625 ], [ 75.792019992404548, 34.264924452039949 ], [ 75.799646674262192, 34.272575547960088 ], [ 75.8, 34.27916666666669 ], [ 75.828248426649338, 34.278577677408876 ], [ 75.829733954535627, 34.272789510091165 ], [ 75.836932712131116, 34.264710489908879 ], [ 75.838067287868967, 34.26028951009117 ], [ 75.845266045464442, 34.252210489908876 ], [ 75.846400621202292, 34.247789510091167 ], [ 75.849432712131119, 34.243877156575543 ], [ 75.850850762261317, 34.238350762261305 ], [ 75.857482571072083, 34.236649237738739 ], [ 75.859184095594657, 34.230017428927972 ], [ 75.864710489908887, 34.228599378797767 ], [ 75.872789510091181, 34.221400621202278 ], [ 75.875, 34.220833333333353 ], [ 75.87443271213111, 34.206122843424502 ], [ 75.870266045464447, 34.200746663411479 ], [ 75.872083197699695, 34.196010674370683 ], [ 75.876956176757844, 34.19223395453561 ], [ 75.881377156575553, 34.191099378797766 ], [ 75.906122843424512, 34.167233954535611 ], [ 75.910543823242222, 34.16609937879776 ], [ 75.914456176757852, 34.163067287868941 ], [ 75.918877156575562, 34.161932712131097 ], [ 75.922789510091178, 34.158900621202278 ], [ 75.927210489908887, 34.157766045464427 ], [ 75.935289510091181, 34.150567287868945 ], [ 75.93971048990889, 34.149432712131095 ], [ 75.943622843424521, 34.146400621202275 ], [ 75.949149237738752, 34.14498257107207 ], [ 75.95, 34.141666666666687 ], [ 75.953315904405414, 34.1408159044054 ], [ 75.954166666666708, 34.1375 ], [ 75.95381334092886, 34.135075547960092 ], [ 75.950353325737879, 34.131591118706616 ], [ 75.95, 34.129166666666684 ], [ 75.930908881293433, 34.128813340928836 ], [ 75.927424452039972, 34.125353325737869 ], [ 75.914242214626768, 34.124646674262173 ], [ 75.906250678168433, 34.116680569118941 ], [ 75.902424452039966, 34.120480007595503 ], [ 75.897575547960102, 34.121186659071199 ], [ 75.89409111870664, 34.124646674262173 ], [ 75.87745361328129, 34.125353325737869 ], [ 75.873257785373298, 34.121186659071199 ], [ 75.855908881293445, 34.120480007595503 ], [ 75.852424452039969, 34.117019992404536 ], [ 75.847575547960105, 34.116313340928841 ], [ 75.844091118706629, 34.112853325737866 ], [ 75.839953613281281, 34.112146674262171 ], [ 75.835416666666703, 34.116652086046024 ], [ 75.83159111870664, 34.112853325737866 ], [ 75.822575547960099, 34.112146674262171 ], [ 75.819091118706638, 34.108686659071203 ], [ 75.81007554796011, 34.107980007595508 ], [ 75.806591118706635, 34.104519992404533 ], [ 75.795833333333377, 34.104166666666686 ], [ 75.793408881293445, 34.103813340928838 ], [ 75.789924452039969, 34.100353325737871 ], [ 75.769120279947956, 34.099646674262175 ], [ 75.764924452039963, 34.103813340928838 ], [ 75.741666666666703, 34.104166666666686 ], [ 75.740529378255246, 34.108597819010434 ], [ 75.735543823242224, 34.104733954535611 ], [ 75.725, 34.104166666666686 ], [ 75.720833333333374, 34.104166666666686 ] ] ] ] } },
{ "type": "Feature", "properties": { "HYBAS_ID": 4070628270, "NEXT_DOWN": 4070609270, "NEXT_SINK": 4070033640, "MAIN_BAS": 4070033640, "DIST_SINK": 2615.3, "DIST_MAIN": 2615.3, "SUB_AREA": 4449.1, "UP_AREA": 4449.1, "PFAF_ID": 4568040, "ENDO": 0, "COAST": 0, "ORDER": 3, "SORT": 5974, "areakm2": 4448.94 }, "geometry": { "type": "MultiPolygon", "coordinates": [ [ [ [ 76.8125, 35.529166666666697 ], [ 76.81214514838328, 35.535787116156712 ], [ 76.806591118706621, 35.541313340928852 ], [ 76.793379550510011, 35.542021518283448 ], [ 76.787853325737871, 35.547575547960101 ], [ 76.787146674262175, 35.552424452039965 ], [ 76.782980007595512, 35.556620449490048 ], [ 76.783686659071208, 35.564924452039961 ], [ 76.792019992404548, 35.573284403483107 ], [ 76.791313340928852, 35.589924452039959 ], [ 76.787853325737871, 35.593408881293435 ], [ 76.787146674262175, 35.598257785373292 ], [ 76.779519992404545, 35.605908881293438 ], [ 76.778813340928849, 35.610757785373295 ], [ 76.775353325737882, 35.614242214626771 ], [ 76.774646674262186, 35.619091118706628 ], [ 76.770480007595509, 35.623287116156718 ], [ 76.77118784586591, 35.639953443739181 ], [ 76.776742214626765, 35.645480007595516 ], [ 76.779166666666697, 35.645833333333364 ], [ 76.778813340928849, 35.648257785373296 ], [ 76.775353325737882, 35.651742214626765 ], [ 76.775, 35.654166666666697 ], [ 76.775911627875459, 35.657719082302549 ], [ 76.802210489908887, 35.658900621202292 ], [ 76.806122843424504, 35.661932712131112 ], [ 76.823043823242216, 35.663067287868955 ], [ 76.826956176757847, 35.666099378797774 ], [ 76.8375, 35.6666666666667 ], [ 76.841005452473993, 35.667566257052982 ], [ 76.841666666666697, 35.675 ], [ 76.84498257107208, 35.674149068196648 ], [ 76.846400621202292, 35.668622843424508 ], [ 76.853599378797767, 35.660543823242222 ], [ 76.855017428927979, 35.655017598470081 ], [ 76.86054382324221, 35.653599378797779 ], [ 76.872789510091181, 35.642233954535619 ], [ 76.878770616319471, 35.640698920355938 ], [ 76.882766045464436, 35.635543823242216 ], [ 76.883333333333368, 35.633333333333368 ], [ 76.889924452039963, 35.632980007595521 ], [ 76.905908881293428, 35.617019992404543 ], [ 76.919091118706632, 35.616313340928855 ], [ 76.922575547960093, 35.612853325737881 ], [ 76.927424452039958, 35.612146674262185 ], [ 76.935075547960096, 35.604519992404548 ], [ 76.952424452039963, 35.603813340928852 ], [ 76.955908881293439, 35.600353325737878 ], [ 76.97083333333336, 35.6 ], [ 76.9791666666667, 35.6 ], [ 76.981591118706632, 35.600353325737878 ], [ 76.987144978841172, 35.605879550510011 ], [ 76.9875, 35.6125 ], [ 77.010757785373301, 35.612146674262185 ], [ 77.018408881293439, 35.604519992404548 ], [ 77.023257785373289, 35.603813340928852 ], [ 77.026742214626765, 35.600353325737878 ], [ 77.052424452039958, 35.599646674262182 ], [ 77.055908881293433, 35.596186659071215 ], [ 77.064924452039961, 35.595480007595519 ], [ 77.089242214626765, 35.571186659071209 ], [ 77.094091118706629, 35.570480007595521 ], [ 77.097575547960105, 35.567019992404546 ], [ 77.110757785373295, 35.566313340928851 ], [ 77.114242214626771, 35.562853325737876 ], [ 77.125, 35.5625 ], [ 77.125850762261322, 35.55918426513675 ], [ 77.129166666666691, 35.558333333333366 ], [ 77.130017428927985, 35.55501759847008 ], [ 77.135543823242216, 35.553599378797777 ], [ 77.151956176757849, 35.538067287868955 ], [ 77.170833333333363, 35.5375 ], [ 77.171191406250031, 35.53504316541887 ], [ 77.176742214626771, 35.529519992404545 ], [ 77.181591118706635, 35.528813340928849 ], [ 77.185075547960096, 35.525353325737882 ], [ 77.189924452039961, 35.524646674262186 ], [ 77.193408881293436, 35.521186659071212 ], [ 77.2, 35.520833333333364 ], [ 77.214924452039966, 35.521186659071212 ], [ 77.218408881293428, 35.524646674262186 ], [ 77.223257785373292, 35.525353325737882 ], [ 77.227453613281284, 35.529519992404545 ], [ 77.235757785373295, 35.528813340928849 ], [ 77.239242214626771, 35.525353325737882 ], [ 77.25, 35.525 ], [ 77.250887383355064, 35.528458150227898 ], [ 77.260543823242216, 35.529733954535622 ], [ 77.264456176757847, 35.532766045464442 ], [ 77.266666666666694, 35.533333333333367 ], [ 77.285757785373292, 35.533686659071215 ], [ 77.289953613281284, 35.537853325737878 ], [ 77.314952935112885, 35.537145826551679 ], [ 77.320480007595521, 35.531591118706629 ], [ 77.320833333333368, 35.529166666666697 ], [ 77.321186659071216, 35.510075547960099 ], [ 77.324646674262183, 35.506591118706631 ], [ 77.325353325737879, 35.489242214626771 ], [ 77.329519992404542, 35.485046217176681 ], [ 77.328813340928846, 35.476742214626768 ], [ 77.320480007595521, 35.468382263183628 ], [ 77.321186659071216, 35.447575547960099 ], [ 77.324646674262183, 35.444091118706631 ], [ 77.325353325737879, 35.426742214626763 ], [ 77.328813340928846, 35.423257785373295 ], [ 77.329166666666694, 35.404166666666697 ], [ 77.332937282986137, 35.403198920355933 ], [ 77.336932712131116, 35.398043823242219 ], [ 77.338350762261314, 35.392517598470079 ], [ 77.343877156575559, 35.391099378797776 ], [ 77.360289510091178, 35.375567287868954 ], [ 77.366666666666703, 35.375 ], [ 77.367019992404551, 35.368408881293433 ], [ 77.371186659071213, 35.364212883843344 ], [ 77.370480007595518, 35.355908881293431 ], [ 77.366313340928855, 35.351712883843348 ], [ 77.367019992404551, 35.343408881293435 ], [ 77.374646674262181, 35.335757785373296 ], [ 77.375, 35.329166666666694 ], [ 77.37443271213111, 35.32695617675784 ], [ 77.366632419162357, 35.318202039930583 ], [ 77.372911919487876, 35.312965053982232 ], [ 77.378420003255243, 35.317233954535617 ], [ 77.383155992296039, 35.315416971842474 ], [ 77.386932712131113, 35.310543823242213 ], [ 77.38806728786895, 35.306122843424511 ], [ 77.391198052300382, 35.302083333333364 ], [ 77.386932712131113, 35.296579996744818 ], [ 77.388167317708366, 35.2842949761285 ], [ 77.399040391710102, 35.274432712131102 ], [ 77.402210489908882, 35.275567287868952 ], [ 77.40625, 35.278697882758273 ], [ 77.410289510091175, 35.275567287868952 ], [ 77.414710489908884, 35.274432712131102 ], [ 77.41875, 35.271302117241781 ], [ 77.424253336588578, 35.275567287868952 ], [ 77.436603461371561, 35.274326239691867 ], [ 77.4375, 35.270833333333364 ], [ 77.456591118706626, 35.271186659071212 ], [ 77.460786946614618, 35.275353325737875 ], [ 77.473285590277811, 35.274645148383279 ], [ 77.482980007595515, 35.264924452039956 ], [ 77.483691406250031, 35.260043165418864 ], [ 77.489242214626771, 35.254519992404539 ], [ 77.5125, 35.254166666666698 ], [ 77.513067287868964, 35.235289510091178 ], [ 77.516099378797776, 35.231377156575547 ], [ 77.517299397786488, 35.213479105631542 ], [ 77.522789510091187, 35.208900621202282 ], [ 77.527210489908882, 35.207766045464439 ], [ 77.531122843424512, 35.204733954535619 ], [ 77.537103949652817, 35.203198920355931 ], [ 77.541931152343778, 35.19697045220272 ], [ 77.5375, 35.195833333333361 ], [ 77.536882527669306, 35.189506530761747 ], [ 77.533950805664091, 35.18549346923831 ], [ 77.532715861002643, 35.181173197428414 ], [ 77.528549194335966, 35.175469122992652 ], [ 77.529784138997428, 35.168673197428411 ], [ 77.532715861002643, 35.164660135904974 ], [ 77.534135945638056, 35.154901801215303 ], [ 77.5416666666667, 35.154166666666697 ], [ 77.548043823242224, 35.153599378797772 ], [ 77.551956176757841, 35.150567287868952 ], [ 77.565767076280423, 35.149338785807316 ], [ 77.566666666666706, 35.145833333333364 ], [ 77.569091118706638, 35.145480007595516 ], [ 77.572575547960099, 35.142019992404542 ], [ 77.575, 35.141666666666694 ], [ 77.575617472330762, 35.11867302788631 ], [ 77.578549194335977, 35.114660305447075 ], [ 77.58027309841583, 35.108630032009579 ], [ 77.589506361219648, 35.100617472330754 ], [ 77.593826972113746, 35.099382527669299 ], [ 77.597839694552988, 35.096450805664091 ], [ 77.606326972113749, 35.095215861002629 ], [ 77.614506361219654, 35.088117472330758 ], [ 77.622993638780414, 35.086882527669296 ], [ 77.627006361219657, 35.083950805664088 ], [ 77.6332194010417, 35.082174682617215 ], [ 77.6368825276693, 35.077160305447073 ], [ 77.638361612955762, 35.066997612847253 ], [ 77.643673027886322, 35.063117472330759 ], [ 77.64799363878042, 35.061882527669297 ], [ 77.661693657769135, 35.049382527669295 ], [ 77.685493638780414, 35.050617472330757 ], [ 77.689506361219657, 35.053549194335965 ], [ 77.71049363878042, 35.05478413899742 ], [ 77.714583333333366, 35.057771809895861 ], [ 77.718673027886325, 35.05478413899742 ], [ 77.728372531467045, 35.053372531467041 ], [ 77.729784138997431, 35.043673027886314 ], [ 77.732715861002646, 35.039660305447079 ], [ 77.733333333333363, 35.020833333333357 ], [ 77.732597859700562, 35.0132998996311 ], [ 77.727160305447086, 35.008950805664092 ], [ 77.721759711371561, 35.007406955295167 ], [ 77.719906955295173, 35.000926378038223 ], [ 77.714506361219648, 34.999382527669297 ], [ 77.708802625868088, 34.995215861002634 ], [ 77.706173027886322, 34.99645080566409 ], [ 77.702083333333363, 34.999438476562524 ], [ 77.697993638780417, 34.99645080566409 ], [ 77.688294135199683, 34.995039198133711 ], [ 77.686882527669312, 34.985339694552977 ], [ 77.683950805664097, 34.981326972113742 ], [ 77.682715861002634, 34.977006361219644 ], [ 77.679784138997434, 34.972993638780409 ], [ 77.678240288628501, 34.967593044704884 ], [ 77.672839694552991, 34.966049194335966 ], [ 77.668826972113749, 34.963117472330758 ], [ 77.6625, 34.9625 ], [ 77.662146674262189, 34.955908881293432 ], [ 77.654519992404545, 34.948257785373293 ], [ 77.654166666666697, 34.945833333333361 ], [ 77.654733954535629, 34.943622843424507 ], [ 77.657766045464442, 34.939710489908883 ], [ 77.658900621202292, 34.926956176757841 ], [ 77.663067287868955, 34.921579996744818 ], [ 77.661932712131119, 34.918622843424508 ], [ 77.658795166015665, 34.914574517144125 ], [ 77.666099378797782, 34.906377156575545 ], [ 77.667517428927994, 34.900850762261314 ], [ 77.670833333333363, 34.9 ], [ 77.695833333333368, 34.9 ], [ 77.699603949652811, 34.899032253689263 ], [ 77.703599378797776, 34.893877156575549 ], [ 77.705066257052991, 34.888161214192735 ], [ 77.718877156575559, 34.886932712131099 ], [ 77.731122843424515, 34.875567287868947 ], [ 77.739710489908887, 34.874432712131103 ], [ 77.743622843424518, 34.871400621202284 ], [ 77.748043823242227, 34.870266045464433 ], [ 77.751956176757844, 34.867233954535614 ], [ 77.754166666666706, 34.866666666666696 ], [ 77.754166666666706, 34.8625 ], [ 77.753813340928858, 34.855908881293431 ], [ 77.750353325737876, 34.852424452039955 ], [ 77.75, 34.85 ], [ 77.75, 34.84583333333336 ], [ 77.76466030544708, 34.845215861002629 ], [ 77.768673027886322, 34.842284138997421 ], [ 77.778498670789972, 34.840854220920164 ], [ 77.779166666666697, 34.825 ], [ 77.779519992404545, 34.822575547960092 ], [ 77.782980007595526, 34.819091118706623 ], [ 77.78333333333336, 34.808333333333358 ], [ 77.779769049750456, 34.807418823242216 ], [ 77.778564283582924, 34.771747843424507 ], [ 77.771507093641517, 34.76993679470489 ], [ 77.770266045464425, 34.757586669921899 ], [ 77.774432712131102, 34.752210489908876 ], [ 77.775567287868938, 34.736753336588563 ], [ 77.771400621202275, 34.731377156575547 ], [ 77.770266045464425, 34.724253336588568 ], [ 77.774432712131102, 34.718877156575545 ], [ 77.775, 34.708333333333357 ], [ 77.777210489908867, 34.707766045464432 ], [ 77.785289510091161, 34.70056728786895 ], [ 77.794945949978313, 34.699291653103323 ], [ 77.795833333333377, 34.695833333333354 ], [ 77.796186659071196, 34.693408881293429 ], [ 77.799646674262178, 34.689924452039953 ], [ 77.800353325737873, 34.685075547960096 ], [ 77.807980007595503, 34.677424452039958 ], [ 77.808333333333366, 34.675 ], [ 77.807672119140662, 34.667566257052975 ], [ 77.801956176757855, 34.666099378797767 ], [ 77.793877156575562, 34.658900621202278 ], [ 77.788161214192741, 34.65743374294707 ], [ 77.786838785807333, 34.642566257052977 ], [ 77.781122843424512, 34.641099378797769 ], [ 77.777210489908896, 34.63806728786895 ], [ 77.767554050021744, 34.636791653103323 ], [ 77.765698920355945, 34.629562717013911 ], [ 77.76054382324223, 34.625567287868947 ], [ 77.751956176757844, 34.624432712131103 ], [ 77.742603895399341, 34.61609937879777 ], [ 77.735289510091178, 34.617233954535614 ], [ 77.731377156575562, 34.620266045464433 ], [ 77.726956176757852, 34.621400621202284 ], [ 77.722363620334235, 34.62495964898006 ], [ 77.713067287868967, 34.61471048990888 ], [ 77.7125, 34.6125 ], [ 77.712145317925376, 34.605881754557316 ], [ 77.698257785373301, 34.592019992404538 ], [ 77.676716105143271, 34.591312662760437 ], [ 77.658686659071222, 34.573257785373286 ], [ 77.657980007595526, 34.564242214626759 ], [ 77.654519992404545, 34.560757785373283 ], [ 77.653813340928849, 34.555908881293426 ], [ 77.650353325737882, 34.552424452039951 ], [ 77.65, 34.541666666666693 ], [ 77.647575547960102, 34.541313340928845 ], [ 77.644091118706626, 34.537853325737871 ], [ 77.639949883355072, 34.537146674262175 ], [ 77.623257785373298, 34.553813340928841 ], [ 77.618408881293433, 34.554519992404536 ], [ 77.610757785373295, 34.562146674262173 ], [ 77.601742214626768, 34.562853325737869 ], [ 77.598257785373292, 34.566313340928843 ], [ 77.551742214626771, 34.567019992404539 ], [ 77.546191406250031, 34.572542995876759 ], [ 77.545480007595515, 34.577424452039956 ], [ 77.542019992404548, 34.580908881293425 ], [ 77.5416666666667, 34.583333333333357 ], [ 77.5375, 34.583333333333357 ], [ 77.534184095594654, 34.584184095594644 ], [ 77.533333333333374, 34.5875 ], [ 77.529166666666697, 34.5875 ], [ 77.528315904405417, 34.584184095594644 ], [ 77.525, 34.583333333333357 ], [ 77.520833333333371, 34.583333333333357 ], [ 77.521456909179719, 34.594924248589436 ], [ 77.528580729166706, 34.596752251519121 ], [ 77.529166666666697, 34.629166666666691 ], [ 77.529166666666697, 34.633333333333354 ], [ 77.529519992404545, 34.635757785373286 ], [ 77.532980007595526, 34.639242214626762 ], [ 77.533686659071208, 34.647546386718773 ], [ 77.529519992404545, 34.651742214626758 ], [ 77.528813340928849, 34.656591118706622 ], [ 77.517019992404542, 34.668408881293431 ], [ 77.51631334092886, 34.673257785373288 ], [ 77.508686659071216, 34.680908881293426 ], [ 77.508333333333368, 34.695833333333354 ], [ 77.485289510091178, 34.69640062120228 ], [ 77.477210489908884, 34.703599378797769 ], [ 77.472789510091175, 34.704733954535612 ], [ 77.468877156575559, 34.707766045464432 ], [ 77.464456176757849, 34.708900621202282 ], [ 77.454798380533887, 34.71766052246096 ], [ 77.453528849283884, 34.736594306098112 ], [ 77.45, 34.7375 ], [ 77.449432712131113, 34.743877156575543 ], [ 77.446400621202287, 34.747789510091174 ], [ 77.444982571072089, 34.753315904405405 ], [ 77.438208346896729, 34.755054050021727 ], [ 77.43693271213111, 34.764710489908879 ], [ 77.433900621202284, 34.768622843424502 ], [ 77.433333333333366, 34.770833333333357 ], [ 77.430908881293433, 34.770480007595509 ], [ 77.427424452039958, 34.767019992404542 ], [ 77.379166666666706, 34.766666666666694 ], [ 77.378315904405412, 34.769982571072077 ], [ 77.372789510091181, 34.771400621202282 ], [ 77.36887715657555, 34.774432712131102 ], [ 77.364456176757841, 34.775567287868952 ], [ 77.356377156575547, 34.782766045464435 ], [ 77.346720716688395, 34.784041680230061 ], [ 77.345266045464442, 34.789710489908877 ], [ 77.338067287868952, 34.797789510091171 ], [ 77.336932712131116, 34.806377156575543 ], [ 77.329733954535627, 34.814456176757837 ], [ 77.328599378797776, 34.818877156575546 ], [ 77.32556728786895, 34.82278951009117 ], [ 77.324432712131113, 34.827210489908879 ], [ 77.316083780924515, 34.836580403645861 ], [ 77.3125, 34.8375 ], [ 77.3125, 34.858333333333363 ], [ 77.312146674262181, 34.860757785373288 ], [ 77.306623670789961, 34.866308593750027 ], [ 77.301742214626771, 34.867019992404536 ], [ 77.292022026909748, 34.876713731553842 ], [ 77.291313340928852, 34.885757785373286 ], [ 77.287514580620694, 34.889583333333363 ], [ 77.291313340928852, 34.893408881293432 ], [ 77.2916666666667, 34.9125 ], [ 77.289506361219651, 34.913117472330754 ], [ 77.285493638780409, 34.916049194335962 ], [ 77.267473687066001, 34.917372300889781 ], [ 77.266049194335963, 34.927160305447075 ], [ 77.262169053819477, 34.932471720377627 ], [ 77.252006361219657, 34.93395080566409 ], [ 77.246991984049515, 34.93761393229169 ], [ 77.245833333333366, 34.941666666666691 ], [ 77.245480007595518, 34.952424452039956 ], [ 77.237853325737873, 34.960075547960095 ], [ 77.2375, 34.979166666666693 ], [ 77.236932712131107, 34.981377156575547 ], [ 77.233900621202295, 34.985289510091171 ], [ 77.232766045464444, 34.98971048990888 ], [ 77.229635281033012, 34.99375 ], [ 77.232766045464444, 34.997789510091174 ], [ 77.233900621202295, 35.00510389539933 ], [ 77.225567287868955, 35.01445617675784 ], [ 77.224149237738743, 35.019982571072077 ], [ 77.22083333333336, 35.020833333333357 ], [ 77.206122843424509, 35.020266045464439 ], [ 77.202210489908879, 35.017233954535619 ], [ 77.196684095594648, 35.015815904405407 ], [ 77.194927639431455, 35.008971150716171 ], [ 77.176956176757841, 35.007766045464436 ], [ 77.173043823242224, 35.004733954535617 ], [ 77.151214938693613, 35.003599378797773 ], [ 77.149432712131102, 35.010543823242216 ], [ 77.146400621202289, 35.01445617675784 ], [ 77.145266045464439, 35.018877156575549 ], [ 77.142233954535627, 35.022789510091172 ], [ 77.141099378797776, 35.027210489908882 ], [ 77.124019029405417, 35.045179239908883 ], [ 77.116666666666703, 35.045833333333363 ], [ 77.117019992404551, 35.056591118706628 ], [ 77.120480007595518, 35.060075547960096 ], [ 77.121186659071213, 35.064215766059057 ], [ 77.112853325737873, 35.072575547960099 ], [ 77.1125, 35.079166666666694 ], [ 77.111838785807322, 35.086600409613744 ], [ 77.106122843424515, 35.088067287868952 ], [ 77.102210489908884, 35.091099378797772 ], [ 77.085289510091172, 35.092233954535615 ], [ 77.079799397786488, 35.09681226942277 ], [ 77.078599378797776, 35.11471048990888 ], [ 77.07556728786895, 35.118622843424504 ], [ 77.074432712131113, 35.123043823242213 ], [ 77.071301947699681, 35.12708333333336 ], [ 77.074432712131113, 35.131122843424507 ], [ 77.075850762261311, 35.136649237738744 ], [ 77.082482571072077, 35.138350762261311 ], [ 77.083900621202289, 35.143877156575549 ], [ 77.086932712131102, 35.147789510091172 ], [ 77.0875, 35.166666666666693 ], [ 77.080908881293439, 35.167019992404541 ], [ 77.077424452039963, 35.170480007595515 ], [ 77.068408881293436, 35.171186659071211 ], [ 77.064924452039961, 35.174646674262178 ], [ 77.055908881293433, 35.175353325737873 ], [ 77.048257785373295, 35.182980007595518 ], [ 77.020833333333357, 35.183333333333358 ], [ 77.014242214626762, 35.183686659071206 ], [ 77.008691406250037, 35.189209832085531 ], [ 77.007980007595521, 35.194091118706623 ], [ 76.994120958116355, 35.207975599500898 ], [ 76.991666666666703, 35.208333333333364 ], [ 76.992019992404551, 35.214924452039959 ], [ 76.995480007595518, 35.218408881293428 ], [ 76.996186659071213, 35.223257785373292 ], [ 76.999646674262181, 35.226742214626768 ], [ 77.000353325737876, 35.230882602267826 ], [ 76.989952935112882, 35.241311136881542 ], [ 76.980908881293431, 35.242019992404543 ], [ 76.977424452039955, 35.245480007595518 ], [ 76.975, 35.245833333333366 ], [ 76.975567287868955, 35.252210489908883 ], [ 76.978599378797767, 35.256122843424507 ], [ 76.979733954535618, 35.264710489908886 ], [ 76.983729383680583, 35.269865587022601 ], [ 76.990815904405409, 35.271684265136749 ], [ 76.992233954535621, 35.277210489908882 ], [ 77.011932712131113, 35.297789510091178 ], [ 77.0125, 35.3 ], [ 77.011932712131113, 35.30221048990888 ], [ 77.003583780924515, 35.311580234103765 ], [ 76.997789510091181, 35.313067287868954 ], [ 76.99387715657555, 35.316099378797773 ], [ 76.987235514322947, 35.317803785536057 ], [ 76.99109937879777, 35.322789510091177 ], [ 76.992233954535621, 35.334079996744819 ], [ 76.988067287868958, 35.339456176757842 ], [ 76.9875, 35.341666666666697 ], [ 76.9875, 35.358333333333363 ], [ 76.972789510091175, 35.358900621202288 ], [ 76.968877156575545, 35.361932712131107 ], [ 76.964456176757835, 35.363067287868951 ], [ 76.959301079644121, 35.367062547471818 ], [ 76.957766045464439, 35.37304382324222 ], [ 76.954733954535627, 35.376956176757844 ], [ 76.953599378797776, 35.389710489908886 ], [ 76.942233954535624, 35.401956176757842 ], [ 76.940785725911482, 35.407599216037354 ], [ 76.932396104600727, 35.408900621202285 ], [ 76.92304382324221, 35.400567287868952 ], [ 76.914456176757838, 35.399432712131109 ], [ 76.909301079644123, 35.395437452528242 ], [ 76.907445949978325, 35.38820851643883 ], [ 76.897789510091172, 35.386932712131106 ], [ 76.893877156575556, 35.383900621202287 ], [ 76.886753336588569, 35.382766045464436 ], [ 76.881377156575553, 35.386932712131106 ], [ 76.879166666666691, 35.3875 ], [ 76.877006361219642, 35.38811764187286 ], [ 76.868826972113737, 35.395215691460535 ], [ 76.864506361219654, 35.396450975206193 ], [ 76.856326972113749, 35.403549024793868 ], [ 76.847839694552974, 35.404784308539526 ], [ 76.843826972113746, 35.407715691460531 ], [ 76.839506530761753, 35.408950975206196 ], [ 76.834085083007835, 35.413286844889356 ], [ 76.832715691460535, 35.425736660427546 ], [ 76.841518995496983, 35.435881551106803 ], [ 76.840762159559489, 35.441966247558625 ], [ 76.835409206814262, 35.438056098090307 ], [ 76.825735134548637, 35.446636623806455 ], [ 76.824264865451411, 35.461697387695345 ], [ 76.813471645779103, 35.46326819525828 ], [ 76.811882358127193, 35.468826802571648 ], [ 76.808950975206187, 35.472839864095086 ], [ 76.807406955295164, 35.478240288628506 ], [ 76.804166666666688, 35.4791666666667 ], [ 76.803813340928855, 35.485757785373295 ], [ 76.800353325737873, 35.489242214626771 ], [ 76.799646674262178, 35.494091118706628 ], [ 76.796186659071211, 35.497575547960103 ], [ 76.795833333333363, 35.516666666666694 ], [ 76.8, 35.516666666666694 ], [ 76.800357733832499, 35.519121805826856 ], [ 76.810075547960096, 35.528813340928849 ], [ 76.8125, 35.529166666666697 ] ] ] ] } },
{ "type": "Feature", "properties": { "HYBAS_ID": 4070628370, "NEXT_DOWN": 4070609270, "NEXT_SINK": 4070033640, "MAIN_BAS": 4070033640, "DIST_SINK": 2615.5, "DIST_MAIN": 2615.5, "SUB_AREA": 2278.0, "UP_AREA": 46282.1, "PFAF_ID": 4568050, "ENDO": 0, "COAST": 0, "ORDER": 2, "SORT": 5975, "areakm2": 2277.58 }, "geometry": { "type": "MultiPolygon", "coordinates": [ [ [ [ 78.079166666666694, 34.175 ], [ 78.07831573486331, 34.178315904405402 ], [ 78.071684265136739, 34.180017428927968 ], [ 78.069696214464003, 34.187764485677107 ], [ 78.064710489908876, 34.183900621202277 ], [ 78.057586669921903, 34.182766045464433 ], [ 78.052210489908873, 34.186932712131096 ], [ 78.047789510091164, 34.188067287868947 ], [ 78.043877156575547, 34.191099378797766 ], [ 78.0375, 34.191666666666684 ], [ 78.031122843424498, 34.19223395453561 ], [ 78.027210489908882, 34.195266045464429 ], [ 78.01028951009117, 34.19640062120228 ], [ 78.006377156575539, 34.199432712131099 ], [ 77.997789510091167, 34.200567287868942 ], [ 77.992634412977452, 34.204562717013907 ], [ 77.990815734863304, 34.211649237738733 ], [ 77.9875, 34.2125 ], [ 77.977031622992641, 34.211857096354187 ], [ 77.972968377007405, 34.20897623697919 ], [ 77.960364956325975, 34.207690429687517 ], [ 77.952135043674062, 34.200642903645857 ], [ 77.947864956325972, 34.199357096354184 ], [ 77.943801710340736, 34.196476236979187 ], [ 77.927031622992644, 34.195190429687521 ], [ 77.91880171034073, 34.188142903645854 ], [ 77.904938083224849, 34.186728583441862 ], [ 77.903523932562962, 34.172865125868078 ], [ 77.899780612521724, 34.167585584852453 ], [ 77.888514200846373, 34.165868801540817 ], [ 77.886857265896282, 34.160365125868076 ], [ 77.883976067437089, 34.15630154079863 ], [ 77.882690599229619, 34.152031792534743 ], [ 77.879809400770426, 34.147968207465297 ], [ 77.878152465820335, 34.142464531792555 ], [ 77.868698289659307, 34.141023763020854 ], [ 77.863761562771288, 34.137523396809918 ], [ 77.86185726589629, 34.131198459201407 ], [ 77.858976067437084, 34.127134874131961 ], [ 77.857690599229628, 34.122865125868074 ], [ 77.854809400770421, 34.118801540798628 ], [ 77.8541666666667, 34.10833333333337 ], [ 77.85, 34.108333333333356 ], [ 77.849227566189271, 34.105053032769135 ], [ 77.844834052191871, 34.103684658474428 ], [ 77.838440619574683, 34.108862813313834 ], [ 77.826918538411491, 34.107803853352898 ], [ 77.823081461588572, 34.104696146647171 ], [ 77.820833333333368, 34.104166666666686 ], [ 77.818408881293436, 34.104519992404533 ], [ 77.808691067165839, 34.114211697048631 ], [ 77.807980007595518, 34.119091118706621 ], [ 77.802457004123298, 34.124641927083353 ], [ 77.8, 34.125 ], [ 77.789242214626768, 34.124646674262173 ], [ 77.785757785373306, 34.121186659071199 ], [ 77.779166666666697, 34.120833333333351 ], [ 77.779166666666697, 34.125 ], [ 77.776006740993964, 34.125811089409744 ], [ 77.774432712131116, 34.129913330078146 ], [ 77.778698052300385, 34.135416666666686 ], [ 77.775567287868967, 34.139456176757832 ], [ 77.774432712131116, 34.148043823242205 ], [ 77.769913736979206, 34.153462388780405 ], [ 77.760289510091184, 34.154733954535608 ], [ 77.756377156575553, 34.157766045464427 ], [ 77.747789510091181, 34.158900621202278 ], [ 77.738202921549515, 34.167595757378493 ], [ 77.736791653103339, 34.178279283311653 ], [ 77.730017428927994, 34.180017428927968 ], [ 77.728599378797782, 34.185543823242206 ], [ 77.724040052625909, 34.191010877821199 ], [ 77.716666666666697, 34.191666666666684 ], [ 77.716313340928849, 34.198257785373286 ], [ 77.712853325737882, 34.201742214626755 ], [ 77.712146674262186, 34.210757785373282 ], [ 77.706623670789966, 34.216308593750021 ], [ 77.701742214626776, 34.217019992404538 ], [ 77.692024400499164, 34.226711697048628 ], [ 77.691313340928858, 34.231591118706618 ], [ 77.687853325737876, 34.235075547960093 ], [ 77.687146674262195, 34.239924452039951 ], [ 77.679519992404551, 34.247575547960089 ], [ 77.679166666666703, 34.25 ], [ 77.675850762261319, 34.249149237738735 ], [ 77.674149237738746, 34.242517428927975 ], [ 77.670833333333363, 34.241666666666688 ], [ 77.668673027886314, 34.24228413899742 ], [ 77.664660305447086, 34.245215861002627 ], [ 77.656173027886325, 34.246450805664082 ], [ 77.646939765082507, 34.2544633653429 ], [ 77.64521586100264, 34.260493638780403 ], [ 77.642284138997425, 34.264506361219638 ], [ 77.640718248155423, 34.275267537434914 ], [ 77.635493638780417, 34.271450805664081 ], [ 77.628697374131974, 34.270215861002626 ], [ 77.622993638780414, 34.274382527669289 ], [ 77.618673027886317, 34.275617472330751 ], [ 77.614660305447089, 34.278549194335959 ], [ 77.602006361219651, 34.279784138997414 ], [ 77.597993638780423, 34.282715861002629 ], [ 77.593673027886325, 34.283950805664084 ], [ 77.589660305447083, 34.286882527669292 ], [ 77.572839694552982, 34.288117472330754 ], [ 77.568826972113754, 34.291049194335962 ], [ 77.5625, 34.291666666666686 ], [ 77.56193271213111, 34.29387715657554 ], [ 77.557937282986146, 34.299032253689255 ], [ 77.551956176757841, 34.300567287868944 ], [ 77.548043823242224, 34.303599378797763 ], [ 77.532586669921912, 34.304733954535614 ], [ 77.527083333333366, 34.300468614366338 ], [ 77.523043823242219, 34.303599378797763 ], [ 77.518622843424509, 34.304733954535614 ], [ 77.506377156575553, 34.316099378797766 ], [ 77.500850762261322, 34.317517428927971 ], [ 77.5, 34.320833333333354 ], [ 77.500850762261322, 34.324149237738737 ], [ 77.504166666666706, 34.325 ], [ 77.504733954535624, 34.327210489908879 ], [ 77.511932712131113, 34.335289510091165 ], [ 77.513067287868964, 34.346579996744815 ], [ 77.508900621202287, 34.351956176757831 ], [ 77.50776604546445, 34.359079996744811 ], [ 77.512896050347251, 34.365698920355925 ], [ 77.519982571072077, 34.367517428927975 ], [ 77.521400621202289, 34.373043823242213 ], [ 77.524432712131116, 34.376956176757837 ], [ 77.525, 34.379166666666691 ], [ 77.524646674262186, 34.381591118706616 ], [ 77.517019992404542, 34.389242214626755 ], [ 77.516666666666694, 34.391666666666687 ], [ 77.518877156575556, 34.392233954535612 ], [ 77.526956176757849, 34.399432712131102 ], [ 77.53248257107208, 34.400850762261307 ], [ 77.533333333333374, 34.40416666666669 ], [ 77.533686659071208, 34.406591118706622 ], [ 77.545480007595515, 34.418408881293423 ], [ 77.546186659071211, 34.431591118706621 ], [ 77.549646674262192, 34.435075547960089 ], [ 77.55, 34.45 ], [ 77.549646674262192, 34.473257785373285 ], [ 77.525353325737882, 34.497575547960089 ], [ 77.525, 34.504166666666691 ], [ 77.527210489908882, 34.50473395453561 ], [ 77.531122843424512, 34.507766045464436 ], [ 77.536649237738743, 34.509184095594641 ], [ 77.538067287868955, 34.514710489908879 ], [ 77.546400621202295, 34.524062771267381 ], [ 77.545223999023477, 34.553253851996551 ], [ 77.537896050347257, 34.555134412977452 ], [ 77.533900621202292, 34.560289510091167 ], [ 77.532624986436673, 34.569945949978319 ], [ 77.526956176757849, 34.57140062120228 ], [ 77.523043823242219, 34.574432712131099 ], [ 77.516099378797776, 34.576214938693603 ], [ 77.518622843424509, 34.578599378797769 ], [ 77.520833333333371, 34.579166666666687 ], [ 77.520833333333371, 34.583333333333357 ], [ 77.525, 34.583333333333357 ], [ 77.528315904405417, 34.584184095594644 ], [ 77.529166666666697, 34.5875 ], [ 77.533333333333374, 34.5875 ], [ 77.534184095594654, 34.584184095594644 ], [ 77.5375, 34.583333333333357 ], [ 77.5416666666667, 34.583333333333357 ], [ 77.542019992404548, 34.580908881293425 ], [ 77.545480007595515, 34.577424452039956 ], [ 77.546191406250031, 34.572542995876759 ], [ 77.551742214626771, 34.567019992404539 ], [ 77.598257785373292, 34.566313340928843 ], [ 77.601742214626768, 34.562853325737869 ], [ 77.610757785373295, 34.562146674262173 ], [ 77.618408881293433, 34.554519992404536 ], [ 77.623257785373298, 34.553813340928841 ], [ 77.639949883355072, 34.537146674262175 ], [ 77.644091118706626, 34.537853325737871 ], [ 77.647575547960102, 34.541313340928845 ], [ 77.65, 34.541666666666693 ], [ 77.650353325737882, 34.552424452039951 ], [ 77.653813340928849, 34.555908881293426 ], [ 77.654519992404545, 34.560757785373283 ], [ 77.657980007595526, 34.564242214626759 ], [ 77.658686659071222, 34.573257785373286 ], [ 77.676716105143271, 34.591312662760437 ], [ 77.698257785373301, 34.592019992404538 ], [ 77.712145317925376, 34.605881754557316 ], [ 77.7125, 34.6125 ], [ 77.713067287868967, 34.61471048990888 ], [ 77.722363620334235, 34.62495964898006 ], [ 77.726956176757852, 34.621400621202284 ], [ 77.731377156575562, 34.620266045464433 ], [ 77.735289510091178, 34.617233954535614 ], [ 77.742603895399341, 34.61609937879777 ], [ 77.751956176757844, 34.624432712131103 ], [ 77.76054382324223, 34.625567287868947 ], [ 77.765698920355945, 34.629562717013911 ], [ 77.767554050021744, 34.636791653103323 ], [ 77.777210489908896, 34.63806728786895 ], [ 77.781122843424512, 34.641099378797769 ], [ 77.786838785807333, 34.642566257052977 ], [ 77.788161214192741, 34.65743374294707 ], [ 77.793877156575562, 34.658900621202278 ], [ 77.801956176757855, 34.666099378797767 ], [ 77.807672119140662, 34.667566257052975 ], [ 77.808333333333366, 34.675 ], [ 77.814710489908876, 34.6744327121311 ], [ 77.818622843424507, 34.671400621202281 ], [ 77.827210489908879, 34.67026604546443 ], [ 77.831122843424495, 34.667233954535618 ], [ 77.840779283311647, 34.665958319769992 ], [ 77.842233954535615, 34.660289510091168 ], [ 77.84943271213109, 34.652210489908882 ], [ 77.850850931803407, 34.646684095594644 ], [ 77.856377156575547, 34.645266045464432 ], [ 77.860289510091164, 34.642233954535612 ], [ 77.869987657335088, 34.640952555338565 ], [ 77.871034749348979, 34.636281331380232 ], [ 77.866722106933608, 34.63071662055124 ], [ 77.88528951009117, 34.613067287868944 ], [ 77.889710489908879, 34.6119327121311 ], [ 77.893622843424495, 34.608900621202281 ], [ 77.898043823242205, 34.60776604546443 ], [ 77.901956176757835, 34.604733954535611 ], [ 77.904166666666683, 34.604166666666693 ], [ 77.904827880859401, 34.596732923719642 ], [ 77.90833333333336, 34.59583333333336 ], [ 77.907482401529975, 34.592517428927977 ], [ 77.904166666666683, 34.59166666666669 ], [ 77.904166666666697, 34.575 ], [ 77.906326802571641, 34.574382527669293 ], [ 77.914506530761741, 34.567284138997422 ], [ 77.922993469238307, 34.56604919433596 ], [ 77.927006530761744, 34.563117472330752 ], [ 77.947993469238298, 34.561882527669297 ], [ 77.952006530761736, 34.558950805664082 ], [ 77.956326802571638, 34.557715861002627 ], [ 77.964506530761739, 34.55061747233075 ], [ 77.972993469238304, 34.549382527669295 ], [ 77.977006530761741, 34.546450805664087 ], [ 78.002160135904973, 34.545215861002625 ], [ 78.00617319742841, 34.542284138997417 ], [ 78.015931532118074, 34.540864054362004 ], [ 78.016666666666694, 34.53333333333336 ], [ 78.017284308539516, 34.527006361219641 ], [ 78.020215691460521, 34.522993638780406 ], [ 78.021642896864165, 34.51318800184464 ], [ 78.04382680257163, 34.511882527669293 ], [ 78.047839864095067, 34.508950805664085 ], [ 78.05, 34.508333333333354 ], [ 78.05, 34.5 ], [ 78.050353325737873, 34.485075547960093 ], [ 78.057980007595503, 34.477424452039955 ], [ 78.058333333333351, 34.458333333333357 ], [ 78.046742587619377, 34.457709757487002 ], [ 78.04526604546443, 34.451956176757832 ], [ 78.042233954535618, 34.448043823242209 ], [ 78.041099378797767, 34.4436228434245 ], [ 78.029733954535615, 34.431377156575543 ], [ 78.029166666666683, 34.429166666666688 ], [ 78.029166666666683, 34.425 ], [ 78.029733954535615, 34.422789510091171 ], [ 78.045382859971809, 34.406253729926235 ], [ 78.037465752495677, 34.397368706597241 ], [ 78.043622843424501, 34.392233954535612 ], [ 78.056377156575536, 34.391099378797762 ], [ 78.06445617675783, 34.38390062120228 ], [ 78.068877156575539, 34.382766045464429 ], [ 78.07278951009117, 34.37973395453561 ], [ 78.077210489908879, 34.378599378797766 ], [ 78.081122843424495, 34.375567287868947 ], [ 78.086791483561214, 34.374112616644986 ], [ 78.088208516438826, 34.363387383355054 ], [ 78.09543745252823, 34.361532253689255 ], [ 78.099432712131104, 34.35637715657554 ], [ 78.100919765896293, 34.350582885742206 ], [ 78.110289510091164, 34.342233954535615 ], [ 78.115815734863304, 34.340815904405403 ], [ 78.116666666666688, 34.3375 ], [ 78.11887715657555, 34.336932712131102 ], [ 78.122789510091167, 34.333900621202275 ], [ 78.131377156575539, 34.332766045464432 ], [ 78.139456176757832, 34.325567287868942 ], [ 78.145437452528242, 34.324032253689261 ], [ 78.149432712131102, 34.318877156575539 ], [ 78.150850931803404, 34.313350762261308 ], [ 78.156377156575545, 34.311932712131096 ], [ 78.160289510091175, 34.308900621202277 ], [ 78.166083780924509, 34.307413736979186 ], [ 78.174432712131093, 34.29804382324221 ], [ 78.175, 34.295833333333356 ], [ 78.171745300292997, 34.295066663954017 ], [ 78.170303853352891, 34.290726047092036 ], [ 78.174470520019554, 34.285581461588563 ], [ 78.175529479980497, 34.281085205078149 ], [ 78.18845723470055, 34.267422485351581 ], [ 78.191666666666691, 34.266666666666687 ], [ 78.19223395453561, 34.2561228434245 ], [ 78.199432712131099, 34.248043823242206 ], [ 78.20056728786895, 34.243622843424497 ], [ 78.203599378797762, 34.239710489908873 ], [ 78.204875183105486, 34.230054050021721 ], [ 78.213067287868952, 34.227951727973114 ], [ 78.211865234375026, 34.209239705403668 ], [ 78.208333333333357, 34.208333333333357 ], [ 78.206122843424509, 34.207766045464432 ], [ 78.198043823242216, 34.200567287868942 ], [ 78.188387383355064, 34.199291653103316 ], [ 78.186932712131096, 34.1936228434245 ], [ 78.169852362738737, 34.175654093424498 ], [ 78.155066257052979, 34.174338785807315 ], [ 78.154166666666697, 34.170833333333356 ], [ 78.150850931803404, 34.171684095594635 ], [ 78.15, 34.175 ], [ 78.15, 34.179166666666688 ], [ 78.105908881293431, 34.179519992404536 ], [ 78.102424452039955, 34.182980007595503 ], [ 78.098284403483092, 34.183686659071199 ], [ 78.089924452039952, 34.175353325737866 ], [ 78.079166666666694, 34.175 ] ] ] ] } },
{ "type": "Feature", "properties": { "HYBAS_ID": 4070640120, "NEXT_DOWN": 4070623190, "NEXT_SINK": 4070033640, "MAIN_BAS": 4070033640, "DIST_SINK": 2632.1, "DIST_MAIN": 2632.1, "SUB_AREA": 2017.9, "UP_AREA": 38834.4, "PFAF_ID": 4569051, "ENDO": 0, "COAST": 0, "ORDER": 1, "SORT": 5976, "areakm2": 2017.39 }, "geometry": { "type": "MultiPolygon", "coordinates": [ [ [ [ 77.441666666666706, 33.9875 ], [ 77.4375, 33.9875 ], [ 77.422575547960108, 33.987853325737881 ], [ 77.419091118706632, 33.991313340928855 ], [ 77.40833333333336, 33.991666666666688 ], [ 77.407766045464442, 33.993877156575536 ], [ 77.404733954535629, 33.997789510091167 ], [ 77.403599378797779, 34.002210489908876 ], [ 77.395250447591181, 34.011580403645851 ], [ 77.389456176757847, 34.013067287868942 ], [ 77.385543823242216, 34.016099378797762 ], [ 77.368622843424518, 34.017233954535612 ], [ 77.363749864366355, 34.021010674370679 ], [ 77.361932712131107, 34.025746663411475 ], [ 77.36609937879777, 34.031122843424498 ], [ 77.367233954535621, 34.034079996744808 ], [ 77.363067287868958, 34.039456176757831 ], [ 77.361932712131107, 34.04387715657554 ], [ 77.358900621202295, 34.047789510091164 ], [ 77.357424248589439, 34.053543090820334 ], [ 77.335289510091172, 34.054733954535607 ], [ 77.327210489908893, 34.061932712131096 ], [ 77.325, 34.0625 ], [ 77.325, 34.066666666666684 ], [ 77.324432712131113, 34.068877156575539 ], [ 77.320266045464436, 34.074253336588562 ], [ 77.321400621202287, 34.089710489908875 ], [ 77.324432712131113, 34.093622843424498 ], [ 77.325887383355067, 34.099291653103322 ], [ 77.335543823242219, 34.100567287868941 ], [ 77.343622843424512, 34.10776604546443 ], [ 77.348043823242222, 34.108900621202274 ], [ 77.351956176757852, 34.111932712131093 ], [ 77.3541666666667, 34.1125 ], [ 77.353599378797782, 34.118877156575543 ], [ 77.346400621202292, 34.12695617675783 ], [ 77.345266045464442, 34.131377156575539 ], [ 77.342233954535629, 34.13528951009117 ], [ 77.340815904405417, 34.1408159044054 ], [ 77.333940972222251, 34.142580159505229 ], [ 77.333333333333371, 34.158333333333353 ], [ 77.333333333333371, 34.1625 ], [ 77.333333333333371, 34.166666666666686 ], [ 77.335757785373303, 34.167019992404533 ], [ 77.339242214626765, 34.170480007595508 ], [ 77.344091118706629, 34.171186659071203 ], [ 77.352450900607678, 34.179519992404536 ], [ 77.364924452039958, 34.178813340928841 ], [ 77.368408881293433, 34.175353325737866 ], [ 77.379166666666706, 34.175 ], [ 77.383036634657145, 34.176106431749155 ], [ 77.391049194335977, 34.185339694552972 ], [ 77.392460801866349, 34.195039198133699 ], [ 77.403194851345518, 34.196601698133698 ], [ 77.404784138997428, 34.202160305447066 ], [ 77.411882527669306, 34.210339694552971 ], [ 77.413117472330768, 34.222993638780402 ], [ 77.420215861002632, 34.231173027886307 ], [ 77.421694946289094, 34.241335720486134 ], [ 77.427006361219654, 34.245215861002627 ], [ 77.433219401041697, 34.246991984049501 ], [ 77.436882527669297, 34.252006361219642 ], [ 77.438117472330759, 34.260493638780403 ], [ 77.441049194335974, 34.264506361219638 ], [ 77.442593044704893, 34.269906955295163 ], [ 77.44932284884986, 34.271830919053841 ], [ 77.450686306423648, 34.294994099934918 ], [ 77.456173027886322, 34.299382527669295 ], [ 77.458333333333371, 34.3 ], [ 77.458333333333371, 34.316666666666691 ], [ 77.460543823242219, 34.316099378797766 ], [ 77.464456176757849, 34.313067287868947 ], [ 77.473043823242222, 34.311932712131096 ], [ 77.476956176757852, 34.308900621202277 ], [ 77.485543823242224, 34.307766045464433 ], [ 77.490529378255246, 34.303902180989603 ], [ 77.491666666666703, 34.308333333333351 ], [ 77.495124986436664, 34.309220716688387 ], [ 77.496541680230067, 34.319945949978319 ], [ 77.5, 34.320833333333354 ], [ 77.500850762261322, 34.317517428927971 ], [ 77.506377156575553, 34.316099378797766 ], [ 77.518622843424509, 34.304733954535614 ], [ 77.523043823242219, 34.303599378797763 ], [ 77.527083333333366, 34.300468614366338 ], [ 77.532586669921912, 34.304733954535614 ], [ 77.548043823242224, 34.303599378797763 ], [ 77.551956176757841, 34.300567287868944 ], [ 77.557937282986146, 34.299032253689255 ], [ 77.56193271213111, 34.29387715657554 ], [ 77.5625, 34.291666666666686 ], [ 77.568826972113754, 34.291049194335962 ], [ 77.572839694552982, 34.288117472330754 ], [ 77.589660305447083, 34.286882527669292 ], [ 77.593673027886325, 34.283950805664084 ], [ 77.597993638780423, 34.282715861002629 ], [ 77.602006361219651, 34.279784138997414 ], [ 77.614660305447089, 34.278549194335959 ], [ 77.618673027886317, 34.275617472330751 ], [ 77.622993638780414, 34.274382527669289 ], [ 77.628697374131974, 34.270215861002626 ], [ 77.635493638780417, 34.271450805664081 ], [ 77.640718248155423, 34.275267537434914 ], [ 77.642284138997425, 34.264506361219638 ], [ 77.64521586100264, 34.260493638780403 ], [ 77.646939765082507, 34.2544633653429 ], [ 77.656173027886325, 34.246450805664082 ], [ 77.664660305447086, 34.245215861002627 ], [ 77.668673027886314, 34.24228413899742 ], [ 77.670833333333363, 34.241666666666688 ], [ 77.674149237738746, 34.242517428927975 ], [ 77.675850762261319, 34.249149237738735 ], [ 77.679166666666703, 34.25 ], [ 77.679519992404551, 34.247575547960089 ], [ 77.687146674262195, 34.239924452039951 ], [ 77.687853325737876, 34.235075547960093 ], [ 77.691313340928858, 34.231591118706618 ], [ 77.692024400499164, 34.226711697048628 ], [ 77.701742214626776, 34.217019992404538 ], [ 77.706623670789966, 34.216308593750021 ], [ 77.712146674262186, 34.210757785373282 ], [ 77.712853325737882, 34.201742214626755 ], [ 77.716313340928849, 34.198257785373286 ], [ 77.716666666666697, 34.191666666666684 ], [ 77.724040052625909, 34.191010877821199 ], [ 77.728599378797782, 34.185543823242206 ], [ 77.730017428927994, 34.180017428927968 ], [ 77.736791653103339, 34.178279283311653 ], [ 77.738202921549515, 34.167595757378493 ], [ 77.747789510091181, 34.158900621202278 ], [ 77.756377156575553, 34.157766045464427 ], [ 77.760289510091184, 34.154733954535608 ], [ 77.769913736979206, 34.153462388780405 ], [ 77.774432712131116, 34.148043823242205 ], [ 77.775567287868967, 34.139456176757832 ], [ 77.778698052300385, 34.135416666666686 ], [ 77.774432712131116, 34.129913330078146 ], [ 77.776006740993964, 34.125811089409744 ], [ 77.779166666666697, 34.125 ], [ 77.779166666666697, 34.120833333333351 ], [ 77.785757785373306, 34.121186659071199 ], [ 77.789242214626768, 34.124646674262173 ], [ 77.8, 34.125 ], [ 77.802457004123298, 34.124641927083353 ], [ 77.807980007595518, 34.119091118706621 ], [ 77.808691067165839, 34.114211697048631 ], [ 77.818408881293436, 34.104519992404533 ], [ 77.820833333333368, 34.104166666666686 ], [ 77.823081461588572, 34.104696146647171 ], [ 77.826918538411491, 34.107803853352898 ], [ 77.838440619574683, 34.108862813313834 ], [ 77.844834052191871, 34.103684658474428 ], [ 77.849227566189271, 34.105053032769135 ], [ 77.85, 34.108333333333356 ], [ 77.8541666666667, 34.10833333333337 ], [ 77.856621127658443, 34.10797559950089 ], [ 77.870480007595503, 34.094091118706615 ], [ 77.871186659071199, 34.089242214626758 ], [ 77.874646674262181, 34.085757785373282 ], [ 77.875, 34.079166666666701 ], [ 77.879166666666691, 34.079166666666687 ], [ 77.880017598470076, 34.075850762261304 ], [ 77.883333333333354, 34.075 ], [ 77.883687506781712, 34.06421339246964 ], [ 77.889242214626762, 34.058686659071199 ], [ 77.895833333333357, 34.058333333333351 ], [ 77.9032670762804, 34.057672119140648 ], [ 77.905079989963127, 34.050607638888906 ], [ 77.936496988932319, 34.049396091037345 ], [ 77.94223395453561, 34.042516750759567 ], [ 77.941099378797759, 34.039456176757831 ], [ 77.938067287868947, 34.035543823242207 ], [ 77.936932712131096, 34.031122843424498 ], [ 77.933900621202284, 34.027210489908875 ], [ 77.932482401529967, 34.021684095594637 ], [ 77.924432712131093, 34.019618394639778 ], [ 77.925807698567723, 34.013361952039951 ], [ 77.932937452528236, 34.011532253689253 ], [ 77.936932712131096, 34.006377156575539 ], [ 77.9375, 34.004166666666684 ], [ 77.936932712131096, 33.993622843424497 ], [ 77.933900621202284, 33.989710489908873 ], [ 77.932766045464433, 33.985289510091164 ], [ 77.929733954535607, 33.98137715657554 ], [ 77.928315734863304, 33.975850762261302 ], [ 77.925, 33.975 ], [ 77.925567287868944, 33.968622843424498 ], [ 77.92859937879777, 33.964710489908875 ], [ 77.930017598470073, 33.959184095594637 ], [ 77.936791483561223, 33.957445949978315 ], [ 77.93820851643882, 33.94672071668839 ], [ 77.941666666666691, 33.945833333333354 ], [ 77.942019992404539, 33.926742214626771 ], [ 77.945480007595506, 33.923257785373295 ], [ 77.946186659071202, 33.918408881293438 ], [ 77.94998541937936, 33.914583333333368 ], [ 77.945847913954012, 33.910416666666698 ], [ 77.949646674262169, 33.906591118706629 ], [ 77.95, 33.9 ], [ 77.947575547960113, 33.899646674262186 ], [ 77.931591118706635, 33.883686659071216 ], [ 77.925, 33.883333333333368 ], [ 77.924432712131107, 33.876956176757844 ], [ 77.913067287868955, 33.864710489908887 ], [ 77.911612616645002, 33.859041849772169 ], [ 77.901956176757849, 33.857766045464444 ], [ 77.898043823242219, 33.854733954535625 ], [ 77.885289510091184, 33.853599378797774 ], [ 77.881377156575553, 33.850567287868955 ], [ 77.876956176757844, 33.849432712131112 ], [ 77.864710489908887, 33.838067287868959 ], [ 77.851956176757852, 33.836932712131109 ], [ 77.839710489908896, 33.825567287868957 ], [ 77.834184095594651, 33.824149068196647 ], [ 77.832433742947089, 33.817327880859409 ], [ 77.825, 33.816666666666698 ], [ 77.825, 33.8125 ], [ 77.820833333333368, 33.8125 ], [ 77.819982571072089, 33.815815734863314 ], [ 77.816666666666706, 33.816666666666698 ], [ 77.815762668185798, 33.820188903808628 ], [ 77.799253336588578, 33.821400621202287 ], [ 77.793877156575562, 33.817233954535624 ], [ 77.786753336588575, 33.816099378797773 ], [ 77.781377156575559, 33.820266045464443 ], [ 77.765920003255246, 33.821400621202287 ], [ 77.76054382324223, 33.817233954535624 ], [ 77.756122843424521, 33.816099378797773 ], [ 77.752083333333374, 33.812968783908453 ], [ 77.748043823242227, 33.816099378797773 ], [ 77.742517428927982, 33.817517598470083 ], [ 77.741666666666703, 33.820833333333368 ], [ 77.739456176757855, 33.820266045464443 ], [ 77.735543823242224, 33.817233954535624 ], [ 77.731122843424515, 33.816099378797773 ], [ 77.727210489908884, 33.813067287868954 ], [ 77.718622843424512, 33.81193271213111 ], [ 77.710543823242219, 33.804733954535621 ], [ 77.705017428927988, 33.803315734863318 ], [ 77.703599378797776, 33.797789510091178 ], [ 77.700567287868964, 33.793877156575554 ], [ 77.699432712131113, 33.789456176757845 ], [ 77.691083780924515, 33.780086432562968 ], [ 77.684184095594659, 33.778315734863313 ], [ 77.683333333333366, 33.775 ], [ 77.672575547960108, 33.775353325737882 ], [ 77.669091118706632, 33.778813340928849 ], [ 77.648286946614618, 33.779519992404545 ], [ 77.644091118706626, 33.775353325737882 ], [ 77.641666666666708, 33.775 ], [ 77.635289510091184, 33.775567287868959 ], [ 77.623043823242227, 33.786932712131112 ], [ 77.618622843424518, 33.788067287868955 ], [ 77.614710489908887, 33.791099378797774 ], [ 77.608994547526081, 33.792566257052982 ], [ 77.607766045464444, 33.806377156575557 ], [ 77.604733954535618, 33.810289510091181 ], [ 77.603599378797782, 33.827210489908886 ], [ 77.591021050347251, 33.840763176812096 ], [ 77.585289510091187, 33.842233954535622 ], [ 77.581377156575556, 33.845266045464442 ], [ 77.579166666666708, 33.845833333333367 ], [ 77.578599378797776, 33.848043823242222 ], [ 77.575567287868964, 33.851956176757845 ], [ 77.574432712131113, 33.856377156575554 ], [ 77.567128499348996, 33.864574517144128 ], [ 77.570373535156278, 33.868761359320779 ], [ 77.55768771701392, 33.882429843478768 ], [ 77.550850762261319, 33.884184265136753 ], [ 77.55, 33.8875 ], [ 77.549149237738746, 33.890815734863317 ], [ 77.543622843424515, 33.892233954535627 ], [ 77.531377156575559, 33.903599378797779 ], [ 77.526956176757849, 33.904733954535622 ], [ 77.521801079644135, 33.908729214138489 ], [ 77.520266045464439, 33.914710489908892 ], [ 77.516270616319474, 33.919865587022606 ], [ 77.510289510091184, 33.921400621202288 ], [ 77.506377156575553, 33.924432712131107 ], [ 77.503420003255243, 33.925567287868958 ], [ 77.498043823242227, 33.921400621202288 ], [ 77.491666666666703, 33.92083333333337 ], [ 77.49109937879777, 33.923043823242224 ], [ 77.488067287868958, 33.926956176757848 ], [ 77.486932712131107, 33.93554382324222 ], [ 77.479733954535618, 33.943622843424514 ], [ 77.47831590440542, 33.949149068196647 ], [ 77.471684095594654, 33.950850931803423 ], [ 77.47083333333336, 33.954166666666687 ], [ 77.464456176757849, 33.954733954535627 ], [ 77.460543823242219, 33.957766045464446 ], [ 77.455017428927988, 33.959184265136756 ], [ 77.453599378797776, 33.964710489908889 ], [ 77.450567287868964, 33.968622843424512 ], [ 77.449432712131113, 33.973043823242222 ], [ 77.442233954535624, 33.981122843424515 ], [ 77.441666666666706, 33.9875 ] ] ] ] } },
{ "type": "Feature", "properties": { "HYBAS_ID": 4070640110, "NEXT_DOWN": 4070623190, "NEXT_SINK": 4070033640, "MAIN_BAS": 4070033640, "DIST_SINK": 2632.1, "DIST_MAIN": 2632.1, "SUB_AREA": 1203.9, "UP_AREA": 14874.0, "PFAF_ID": 4569041, "ENDO": 0, "COAST": 0, "ORDER": 2, "SORT": 5977, "areakm2": 1203.58 }, "geometry": { "type": "MultiPolygon", "coordinates": [ [ [ [ 77.045833333333363, 34.175 ], [ 77.048257785373295, 34.174646674262171 ], [ 77.052453613281287, 34.170480007595508 ], [ 77.056591118706621, 34.171186659071203 ], [ 77.060786946614613, 34.175353325737866 ], [ 77.064924452039961, 34.174646674262171 ], [ 77.068408881293436, 34.171186659071203 ], [ 77.079166666666694, 34.170833333333356 ], [ 77.085543823242219, 34.17026604546443 ], [ 77.089456176757849, 34.167233954535611 ], [ 77.098043823242222, 34.16609937879776 ], [ 77.102083333333368, 34.162968614366342 ], [ 77.106122843424515, 34.16609937879776 ], [ 77.114710489908887, 34.167233954535611 ], [ 77.118622843424504, 34.17026604546443 ], [ 77.128279283311656, 34.171541680230057 ], [ 77.129166666666691, 34.175 ], [ 77.131591118706623, 34.174646674262171 ], [ 77.135075547960099, 34.171186659071203 ], [ 77.169091118706632, 34.170480007595508 ], [ 77.172575547960108, 34.167019992404533 ], [ 77.198286268446211, 34.16631266276044 ], [ 77.203813340928846, 34.160757785373285 ], [ 77.204166666666694, 34.15416666666669 ], [ 77.223257785373292, 34.154519992404531 ], [ 77.226742214626768, 34.157980007595505 ], [ 77.260757785373301, 34.158686659071201 ], [ 77.264583333333363, 34.162485419379358 ], [ 77.269120279947956, 34.157980007595505 ], [ 77.273257785373289, 34.158686659071201 ], [ 77.276742214626765, 34.162146674262175 ], [ 77.294091118706632, 34.162853325737871 ], [ 77.297575547960108, 34.166313340928838 ], [ 77.3, 34.166666666666686 ], [ 77.302424452039958, 34.167019992404533 ], [ 77.310784233941007, 34.175353325737866 ], [ 77.319091118706623, 34.174646674262171 ], [ 77.322575547960099, 34.171186659071203 ], [ 77.329166666666694, 34.170833333333356 ], [ 77.329166666666694, 34.166666666666686 ], [ 77.329827880859412, 34.159232923719635 ], [ 77.333333333333371, 34.158333333333353 ], [ 77.333940972222251, 34.142580159505229 ], [ 77.340815904405417, 34.1408159044054 ], [ 77.342233954535629, 34.13528951009117 ], [ 77.345266045464442, 34.131377156575539 ], [ 77.346400621202292, 34.12695617675783 ], [ 77.353599378797782, 34.118877156575543 ], [ 77.3541666666667, 34.1125 ], [ 77.351956176757852, 34.111932712131093 ], [ 77.348043823242222, 34.108900621202274 ], [ 77.343622843424512, 34.10776604546443 ], [ 77.335543823242219, 34.100567287868941 ], [ 77.325887383355067, 34.099291653103322 ], [ 77.324432712131113, 34.093622843424498 ], [ 77.321400621202287, 34.089710489908875 ], [ 77.320266045464436, 34.074253336588562 ], [ 77.324432712131113, 34.068877156575539 ], [ 77.325, 34.066666666666684 ], [ 77.325, 34.0625 ], [ 77.327210489908893, 34.061932712131096 ], [ 77.335289510091172, 34.054733954535607 ], [ 77.357424248589439, 34.053543090820334 ], [ 77.358900621202295, 34.047789510091164 ], [ 77.361932712131107, 34.04387715657554 ], [ 77.363067287868958, 34.039456176757831 ], [ 77.367233954535621, 34.034079996744808 ], [ 77.36609937879777, 34.031122843424498 ], [ 77.361932712131107, 34.025746663411475 ], [ 77.363749864366355, 34.021010674370679 ], [ 77.368622843424518, 34.017233954535612 ], [ 77.385543823242216, 34.016099378797762 ], [ 77.389456176757847, 34.013067287868942 ], [ 77.395250447591181, 34.011580403645851 ], [ 77.403599378797779, 34.002210489908876 ], [ 77.404733954535629, 33.997789510091167 ], [ 77.407766045464442, 33.993877156575536 ], [ 77.40833333333336, 33.991666666666688 ], [ 77.419091118706632, 33.991313340928855 ], [ 77.422575547960108, 33.987853325737881 ], [ 77.4375, 33.9875 ], [ 77.441666666666706, 33.9875 ], [ 77.442233954535624, 33.981122843424515 ], [ 77.449432712131113, 33.973043823242222 ], [ 77.450567287868964, 33.968622843424512 ], [ 77.453599378797776, 33.964710489908889 ], [ 77.455017428927988, 33.959184265136756 ], [ 77.460543823242219, 33.957766045464446 ], [ 77.464456176757849, 33.954733954535627 ], [ 77.47083333333336, 33.954166666666687 ], [ 77.471684095594654, 33.950850931803423 ], [ 77.47831590440542, 33.949149068196647 ], [ 77.479733954535618, 33.943622843424514 ], [ 77.486932712131107, 33.93554382324222 ], [ 77.488067287868958, 33.926956176757848 ], [ 77.49109937879777, 33.923043823242224 ], [ 77.491666666666703, 33.92083333333337 ], [ 77.498043823242227, 33.921400621202288 ], [ 77.503420003255243, 33.925567287868958 ], [ 77.506377156575553, 33.924432712131107 ], [ 77.510289510091184, 33.921400621202288 ], [ 77.516270616319474, 33.919865587022606 ], [ 77.520266045464439, 33.914710489908892 ], [ 77.521801079644135, 33.908729214138489 ], [ 77.526956176757849, 33.904733954535622 ], [ 77.531377156575559, 33.903599378797779 ], [ 77.543622843424515, 33.892233954535627 ], [ 77.549149237738746, 33.890815734863317 ], [ 77.55, 33.8875 ], [ 77.550850762261319, 33.884184265136753 ], [ 77.55768771701392, 33.882429843478768 ], [ 77.570373535156278, 33.868761359320779 ], [ 77.567128499348996, 33.864574517144128 ], [ 77.574432712131113, 33.856377156575554 ], [ 77.575567287868964, 33.851956176757845 ], [ 77.578599378797776, 33.848043823242222 ], [ 77.579166666666708, 33.845833333333367 ], [ 77.581377156575556, 33.845266045464442 ], [ 77.585289510091187, 33.842233954535622 ], [ 77.591021050347251, 33.840763176812096 ], [ 77.603599378797782, 33.827210489908886 ], [ 77.604733954535618, 33.810289510091181 ], [ 77.607766045464444, 33.806377156575557 ], [ 77.608994547526081, 33.792566257052982 ], [ 77.614710489908887, 33.791099378797774 ], [ 77.618622843424518, 33.788067287868955 ], [ 77.623043823242227, 33.786932712131112 ], [ 77.635289510091184, 33.775567287868959 ], [ 77.641666666666708, 33.775 ], [ 77.641005452473991, 33.767566257052984 ], [ 77.634184095594648, 33.765815734863317 ], [ 77.63276604546445, 33.760289510091177 ], [ 77.629733954535624, 33.756377156575553 ], [ 77.628599378797773, 33.747789510091181 ], [ 77.62443271213111, 33.742413330078158 ], [ 77.625567287868961, 33.722789510091175 ], [ 77.628599378797773, 33.718877156575552 ], [ 77.629166666666706, 33.716666666666697 ], [ 77.628315904405412, 33.713350931803419 ], [ 77.622789510091181, 33.711932712131109 ], [ 77.61887715657555, 33.708900621202289 ], [ 77.614456176757841, 33.707766045464439 ], [ 77.610543823242224, 33.704733954535619 ], [ 77.601956176757852, 33.703599378797776 ], [ 77.596579996744822, 33.699432712131106 ], [ 77.589456176757849, 33.700567287868957 ], [ 77.585543823242219, 33.703599378797776 ], [ 77.566666666666706, 33.704166666666701 ], [ 77.564242214626773, 33.703813340928853 ], [ 77.554524400499162, 33.694121805826853 ], [ 77.554166666666703, 33.691666666666698 ], [ 77.5375, 33.691666666666698 ], [ 77.526742214626765, 33.692019992404546 ], [ 77.522916666666703, 33.695818752712704 ], [ 77.519091118706626, 33.692019992404546 ], [ 77.510075547960099, 33.691313340928851 ], [ 77.506591118706638, 33.687853325737876 ], [ 77.50245361328129, 33.687146674262188 ], [ 77.498257785373298, 33.691313340928851 ], [ 77.489242214626771, 33.692019992404546 ], [ 77.485757785373295, 33.695480007595521 ], [ 77.468408881293442, 33.696186659071216 ], [ 77.464924452039966, 33.699646674262183 ], [ 77.458333333333371, 33.7 ], [ 77.457980007595523, 33.719091118706629 ], [ 77.454519992404542, 33.722575547960105 ], [ 77.454166666666694, 33.725 ], [ 77.451742214626776, 33.725353325737878 ], [ 77.448257785373301, 33.728813340928852 ], [ 77.445833333333368, 33.7291666666667 ], [ 77.443673027886319, 33.729784308539529 ], [ 77.438361612955759, 33.733664449056022 ], [ 77.436690606011325, 33.74514533148875 ], [ 77.414506361219651, 33.746450975206194 ], [ 77.410493638780409, 33.7493823581272 ], [ 77.402006361219648, 33.750617641872864 ], [ 77.39799363878042, 33.75354902479387 ], [ 77.385339694552982, 33.754784308539527 ], [ 77.381326972113754, 33.75771569146054 ], [ 77.371805148654545, 33.759101528591614 ], [ 77.370833333333366, 33.7625 ], [ 77.370266045464447, 33.764710489908886 ], [ 77.367233954535621, 33.768622843424509 ], [ 77.365815904405409, 33.77414906819665 ], [ 77.360289510091178, 33.775567287868959 ], [ 77.352210489908884, 33.782766045464442 ], [ 77.347789510091175, 33.783900621202292 ], [ 77.343877156575559, 33.786932712131112 ], [ 77.335289510091172, 33.788067287868955 ], [ 77.329870944552979, 33.792586093478768 ], [ 77.328458319769993, 33.803279283311667 ], [ 77.325, 33.804166666666703 ], [ 77.325353325737879, 33.814924452039961 ], [ 77.328813340928846, 33.818408881293436 ], [ 77.329166666666694, 33.820833333333368 ], [ 77.328813340928846, 33.827424452039963 ], [ 77.325353325737879, 33.830908881293439 ], [ 77.324646674262183, 33.839924452039966 ], [ 77.321186659071216, 33.843408881293435 ], [ 77.320480007595521, 33.855879550510018 ], [ 77.324646674262183, 33.860075547960101 ], [ 77.325353325737879, 33.868379550510014 ], [ 77.321186659071216, 33.872575547960103 ], [ 77.320480007595521, 33.876712883843354 ], [ 77.324986097547779, 33.881250678168435 ], [ 77.317019992404539, 33.889242214626769 ], [ 77.316666666666706, 33.891666666666701 ], [ 77.310075547960096, 33.892019992404549 ], [ 77.304522365993961, 33.897545539008277 ], [ 77.303813340928855, 33.906591118706629 ], [ 77.287853325737885, 33.922575547960101 ], [ 77.287146674262189, 33.931591118706635 ], [ 77.260786946614616, 33.957975769043003 ], [ 77.255908881293436, 33.958686659071212 ], [ 77.244091118706635, 33.970480007595519 ], [ 77.239242214626771, 33.971186659071215 ], [ 77.235757785373295, 33.974646674262189 ], [ 77.2291666666667, 33.975 ], [ 77.227006361219651, 33.974382358127201 ], [ 77.221694946289091, 33.970502217610715 ], [ 77.220023939344657, 33.959021335177987 ], [ 77.208333333333371, 33.958333333333371 ], [ 77.204166666666694, 33.958333333333371 ], [ 77.203267076280412, 33.961838785807323 ], [ 77.189456176757844, 33.963067287868959 ], [ 77.18137715657555, 33.970266045464442 ], [ 77.176956176757841, 33.971400621202292 ], [ 77.160543823242222, 33.986932712131114 ], [ 77.156122843424512, 33.988067287868958 ], [ 77.150655788845512, 33.992626444498732 ], [ 77.149432712131102, 34.006377156575553 ], [ 77.146400621202289, 34.010289510091184 ], [ 77.145266045464439, 34.014710489908886 ], [ 77.13806728786895, 34.022789510091179 ], [ 77.136932712131113, 34.027210489908889 ], [ 77.132937282986148, 34.032365587022603 ], [ 77.126956176757844, 34.033900621202292 ], [ 77.123043823242213, 34.036932712131112 ], [ 77.118622843424504, 34.038067287868955 ], [ 77.109252929687528, 34.046416219075553 ], [ 77.108333333333363, 34.05 ], [ 77.1041666666667, 34.05 ], [ 77.101742214626768, 34.050353325737866 ], [ 77.087857733832493, 34.064212375217032 ], [ 77.087146674262186, 34.069091118706616 ], [ 77.083686659071205, 34.072575547960092 ], [ 77.082980007595523, 34.077424452039949 ], [ 77.079519992404542, 34.080908881293425 ], [ 77.078813340928846, 34.089924452039952 ], [ 77.073287963867216, 34.095477634006095 ], [ 77.064242214626773, 34.096186659071201 ], [ 77.056591118706621, 34.103813340928838 ], [ 77.05, 34.104166666666686 ], [ 77.047789510091178, 34.104733954535611 ], [ 77.04375, 34.107864718967036 ], [ 77.039710489908884, 34.104733954535611 ], [ 77.032586669921912, 34.10359937879776 ], [ 77.027210489908882, 34.10776604546443 ], [ 77.021541680230058, 34.109220716688391 ], [ 77.020266045464439, 34.118877156575543 ], [ 77.016270616319474, 34.124032253689258 ], [ 77.01028951009117, 34.125567287868947 ], [ 77.005134412977455, 34.129562717013911 ], [ 77.004166666666691, 34.133333333333354 ], [ 77.004519992404539, 34.135757785373286 ], [ 77.007980007595521, 34.139242214626755 ], [ 77.008686659071216, 34.148257785373282 ], [ 77.012146674262183, 34.151742214626758 ], [ 77.012853325737879, 34.160757785373285 ], [ 77.020480007595523, 34.168408881293423 ], [ 77.020833333333357, 34.170833333333356 ], [ 77.027424452039966, 34.171186659071203 ], [ 77.030908881293428, 34.174646674262171 ], [ 77.045833333333363, 34.175 ] ] ] ] } },
{ "type": "Feature", "properties": { "HYBAS_ID": 4070646730, "NEXT_DOWN": 4070640110, "NEXT_SINK": 4070033640, "MAIN_BAS": 4070033640, "DIST_SINK": 2666.0, "DIST_MAIN": 2666.0, "SUB_AREA": 1550.5, "UP_AREA": 1550.5, "PFAF_ID": 4569042, "ENDO": 0, "COAST": 0, "ORDER": 3, "SORT": 5978, "areakm2": 1549.93 }, "geometry": { "type": "MultiPolygon", "coordinates": [ [ [ [ 77.591666666666697, 33.6125 ], [ 77.594123670789969, 33.612141927083364 ], [ 77.599646674262189, 33.606591118706632 ], [ 77.6, 33.6041666666667 ], [ 77.600353325737885, 33.601742214626768 ], [ 77.603813340928852, 33.598257785373292 ], [ 77.604519992404548, 33.593408881293435 ], [ 77.625353325737876, 33.572550286187095 ], [ 77.624646674262181, 33.564242214626766 ], [ 77.620480007595518, 33.560046217176684 ], [ 77.621186659071213, 33.551742214626771 ], [ 77.624646674262181, 33.548257785373295 ], [ 77.625, 33.545833333333363 ], [ 77.620568847656287, 33.544696214464004 ], [ 77.62443271213111, 33.539710489908884 ], [ 77.625567287868961, 33.535289510091175 ], [ 77.63276604546445, 33.527210489908882 ], [ 77.633900621202287, 33.518622843424509 ], [ 77.636932712131113, 33.514710489908886 ], [ 77.6375, 33.508333333333361 ], [ 77.6375, 33.504166666666698 ], [ 77.633956909179716, 33.503257412380677 ], [ 77.633333333333368, 33.491666666666696 ], [ 77.633931816948817, 33.471749030219215 ], [ 77.641270616319474, 33.469865587022596 ], [ 77.645266045464439, 33.464710489908882 ], [ 77.646684095594651, 33.459184265136749 ], [ 77.653583780924521, 33.457413567437094 ], [ 77.661932712131119, 33.448043823242216 ], [ 77.6625, 33.445833333333361 ], [ 77.654166666666697, 33.445833333333361 ], [ 77.653808932834238, 33.443378194173206 ], [ 77.644091118706626, 33.433686659071213 ], [ 77.635075547960099, 33.432980007595518 ], [ 77.631591118706638, 33.429519992404543 ], [ 77.626711697048648, 33.428808932834229 ], [ 77.617019992404551, 33.419091118706625 ], [ 77.61631130642364, 33.410047743055586 ], [ 77.602424452039969, 33.396186659071212 ], [ 77.589242214626765, 33.395480007595516 ], [ 77.585757785373303, 33.392019992404542 ], [ 77.576742214626776, 33.391313340928846 ], [ 77.573257785373301, 33.387853325737879 ], [ 77.568379041883716, 33.387142266167565 ], [ 77.554519992404551, 33.373257785373291 ], [ 77.553813340928855, 33.368408881293433 ], [ 77.550353325737888, 33.364924452039958 ], [ 77.55, 33.3625 ], [ 77.543408881293431, 33.362146674262185 ], [ 77.539924452039969, 33.358686659071211 ], [ 77.535786946614621, 33.357980007595515 ], [ 77.531591118706629, 33.362146674262185 ], [ 77.526742214626765, 33.362853325737873 ], [ 77.519091118706626, 33.370480007595518 ], [ 77.5125, 33.370833333333366 ], [ 77.512853325737879, 33.373257785373291 ], [ 77.51631334092886, 33.376742214626766 ], [ 77.517019992404542, 33.389924452039963 ], [ 77.520480007595523, 33.393408881293432 ], [ 77.521186659071219, 33.402424452039959 ], [ 77.524985758463572, 33.406250339084231 ], [ 77.519121297200556, 33.412144300672772 ], [ 77.510075547960099, 33.412853325737878 ], [ 77.506591118706638, 33.416313340928852 ], [ 77.485075547960108, 33.417019992404548 ], [ 77.479524739583368, 33.422543165418865 ], [ 77.478813340928852, 33.427424452039958 ], [ 77.471186659071208, 33.435075547960096 ], [ 77.470480007595526, 33.444091118706631 ], [ 77.462853325737882, 33.451742214626769 ], [ 77.4625, 33.4625 ], [ 77.455908881293439, 33.462853325737875 ], [ 77.450355021158884, 33.468379550510015 ], [ 77.449646674262183, 33.481591118706625 ], [ 77.446186659071216, 33.485075547960101 ], [ 77.445480007595521, 33.489924452039958 ], [ 77.442019992404553, 33.493408881293433 ], [ 77.441666666666706, 33.495833333333366 ], [ 77.410289510091175, 33.49526604546444 ], [ 77.406377156575559, 33.492233954535621 ], [ 77.397789510091172, 33.49109937879777 ], [ 77.393877156575556, 33.488067287868958 ], [ 77.384220716688404, 33.486791483561227 ], [ 77.383333333333368, 33.483333333333363 ], [ 77.379166666666706, 33.483333333333363 ], [ 77.379166666666706, 33.4791666666667 ], [ 77.375, 33.4791666666667 ], [ 77.368622843424518, 33.478599378797774 ], [ 77.364710489908887, 33.475567287868955 ], [ 77.357345241970521, 33.474432712131104 ], [ 77.343877156575559, 33.486932712131107 ], [ 77.338350762261314, 33.488350931803417 ], [ 77.336362711588578, 33.496097988552549 ], [ 77.331377156575556, 33.492233954535621 ], [ 77.322789510091184, 33.49109937879777 ], [ 77.318877156575553, 33.488067287868958 ], [ 77.316666666666706, 33.4875 ], [ 77.305075751410627, 33.486876424153678 ], [ 77.304166666666703, 33.483333333333363 ], [ 77.301956176757841, 33.483900621202288 ], [ 77.296801079644126, 33.487895880805155 ], [ 77.295266045464444, 33.49387715657555 ], [ 77.29127061631948, 33.499032253689265 ], [ 77.284184095594654, 33.500850931803413 ], [ 77.282766045464442, 33.506377156575553 ], [ 77.279733954535629, 33.510289510091177 ], [ 77.278599378797779, 33.514710489908886 ], [ 77.274080403645868, 33.520129055447079 ], [ 77.264456176757847, 33.521400621202289 ], [ 77.259301079644132, 33.525395880805149 ], [ 77.257766045464436, 33.531377156575552 ], [ 77.254733954535624, 33.535289510091175 ], [ 77.253599378797773, 33.548043823242217 ], [ 77.242233954535621, 33.560289510091181 ], [ 77.24109937879777, 33.581377156575556 ], [ 77.238067287868958, 33.585289510091179 ], [ 77.236932712131107, 33.589710489908889 ], [ 77.233900621202295, 33.593622843424512 ], [ 77.233333333333363, 33.595833333333367 ], [ 77.236838785807322, 33.596732923719649 ], [ 77.2375, 33.6041666666667 ], [ 77.234184095594657, 33.605017598470084 ], [ 77.232445949978327, 33.611791483561227 ], [ 77.222789510091175, 33.613067287868958 ], [ 77.214710489908882, 33.62026604546444 ], [ 77.208333333333371, 33.620833333333366 ], [ 77.208686659071219, 33.623257785373298 ], [ 77.212146674262186, 33.626742214626766 ], [ 77.2125, 33.6375 ], [ 77.21164923773874, 33.64081573486331 ], [ 77.206122843424509, 33.642233954535619 ], [ 77.202210489908879, 33.645266045464439 ], [ 77.189456176757844, 33.646400621202289 ], [ 77.184301079644129, 33.650395880805156 ], [ 77.182766045464447, 33.656377156575552 ], [ 77.178247070312537, 33.661795722113744 ], [ 77.168622843424515, 33.663067287868955 ], [ 77.164710489908884, 33.666099378797774 ], [ 77.160289510091175, 33.667233954535625 ], [ 77.152210489908882, 33.674432712131107 ], [ 77.15, 33.675 ], [ 77.14914923773874, 33.678315734863311 ], [ 77.143622843424509, 33.679733954535621 ], [ 77.139710489908879, 33.68276604546444 ], [ 77.131122843424507, 33.683900621202291 ], [ 77.12721048990889, 33.68693271213111 ], [ 77.1041666666667, 33.6875 ], [ 77.103315904405406, 33.68418426513675 ], [ 77.1, 33.683333333333366 ], [ 77.091666666666697, 33.683333333333366 ], [ 77.089242214626765, 33.683686659071213 ], [ 77.069091118706623, 33.703813340928853 ], [ 77.064242214626773, 33.704519992404549 ], [ 77.060757785373298, 33.707980007595516 ], [ 77.055908881293433, 33.708686659071212 ], [ 77.052424452039958, 33.712146674262186 ], [ 77.05, 33.7125 ], [ 77.05, 33.720833333333367 ], [ 77.05637715657555, 33.721400621202292 ], [ 77.064456176757844, 33.728599378797774 ], [ 77.070094468858542, 33.730046420627204 ], [ 77.071400621202287, 33.738246663411488 ], [ 77.067233954535624, 33.743622843424511 ], [ 77.066099378797773, 33.75221048990889 ], [ 77.062968614366355, 33.75625 ], [ 77.066099378797773, 33.760289510091177 ], [ 77.067233954535624, 33.76760389539934 ], [ 77.058900621202284, 33.776956176757842 ], [ 77.058333333333366, 33.779166666666697 ], [ 77.060757785373298, 33.779519992404545 ], [ 77.064242214626773, 33.782980007595519 ], [ 77.069091118706623, 33.783686659071215 ], [ 77.076742214626762, 33.791313340928852 ], [ 77.081591118706626, 33.792019992404548 ], [ 77.085786946614618, 33.796186659071211 ], [ 77.094091118706629, 33.795480007595522 ], [ 77.097575547960105, 33.792019992404548 ], [ 77.114924452039958, 33.791313340928852 ], [ 77.118408881293433, 33.787853325737878 ], [ 77.123257785373298, 33.787146674262189 ], [ 77.126742214626773, 33.783686659071215 ], [ 77.133333333333368, 33.783333333333367 ], [ 77.133900621202287, 33.785543823242222 ], [ 77.136932712131113, 33.789456176757845 ], [ 77.13806728786895, 33.793877156575554 ], [ 77.141099378797776, 33.797789510091178 ], [ 77.142233954535627, 33.802210489908887 ], [ 77.145266045464439, 33.806122843424511 ], [ 77.146400621202289, 33.81054382324222 ], [ 77.149432712131102, 33.814456176757844 ], [ 77.150850762261314, 33.819982401529984 ], [ 77.156377156575559, 33.821400621202287 ], [ 77.160289510091175, 33.824432712131113 ], [ 77.1625, 33.825 ], [ 77.1625, 33.841666666666697 ], [ 77.164710489908884, 33.842233954535622 ], [ 77.169865587022599, 33.846229214138489 ], [ 77.171400621202295, 33.852210489908884 ], [ 77.174432712131107, 33.856122843424515 ], [ 77.175567287868958, 33.860543823242224 ], [ 77.17859937879777, 33.864456176757848 ], [ 77.179733954535621, 33.87721048990889 ], [ 77.184293280707493, 33.882677374945779 ], [ 77.198043823242216, 33.883900621202294 ], [ 77.202974107530409, 33.887721761067745 ], [ 77.204733954535627, 33.89260389539934 ], [ 77.196400621202287, 33.901956176757849 ], [ 77.195266045464436, 33.918877156575554 ], [ 77.188067287868961, 33.926956176757848 ], [ 77.18693271213111, 33.94251675075958 ], [ 77.192626614040833, 33.949344041612449 ], [ 77.207433742947075, 33.950661214192742 ], [ 77.208333333333371, 33.954166666666701 ], [ 77.208333333333371, 33.958333333333371 ], [ 77.220023939344657, 33.959021335177987 ], [ 77.221694946289091, 33.970502217610715 ], [ 77.227006361219651, 33.974382358127201 ], [ 77.2291666666667, 33.975 ], [ 77.235757785373295, 33.974646674262189 ], [ 77.239242214626771, 33.971186659071215 ], [ 77.244091118706635, 33.970480007595519 ], [ 77.255908881293436, 33.958686659071212 ], [ 77.260786946614616, 33.957975769043003 ], [ 77.287146674262189, 33.931591118706635 ], [ 77.287853325737885, 33.922575547960101 ], [ 77.303813340928855, 33.906591118706629 ], [ 77.304522365993961, 33.897545539008277 ], [ 77.310075547960096, 33.892019992404549 ], [ 77.316666666666706, 33.891666666666701 ], [ 77.317019992404539, 33.889242214626769 ], [ 77.324986097547779, 33.881250678168435 ], [ 77.320480007595521, 33.876712883843354 ], [ 77.321186659071216, 33.872575547960103 ], [ 77.325353325737879, 33.868379550510014 ], [ 77.324646674262183, 33.860075547960101 ], [ 77.320480007595521, 33.855879550510018 ], [ 77.321186659071216, 33.843408881293435 ], [ 77.324646674262183, 33.839924452039966 ], [ 77.325353325737879, 33.830908881293439 ], [ 77.328813340928846, 33.827424452039963 ], [ 77.329166666666694, 33.820833333333368 ], [ 77.328813340928846, 33.818408881293436 ], [ 77.325353325737879, 33.814924452039961 ], [ 77.325, 33.804166666666703 ], [ 77.328458319769993, 33.803279283311667 ], [ 77.329870944552979, 33.792586093478768 ], [ 77.335289510091172, 33.788067287868955 ], [ 77.343877156575559, 33.786932712131112 ], [ 77.347789510091175, 33.783900621202292 ], [ 77.352210489908884, 33.782766045464442 ], [ 77.360289510091178, 33.775567287868959 ], [ 77.365815904405409, 33.77414906819665 ], [ 77.367233954535621, 33.768622843424509 ], [ 77.370266045464447, 33.764710489908886 ], [ 77.370833333333366, 33.7625 ], [ 77.371805148654545, 33.759101528591614 ], [ 77.381326972113754, 33.75771569146054 ], [ 77.385339694552982, 33.754784308539527 ], [ 77.39799363878042, 33.75354902479387 ], [ 77.402006361219648, 33.750617641872864 ], [ 77.410493638780409, 33.7493823581272 ], [ 77.414506361219651, 33.746450975206194 ], [ 77.436690606011325, 33.74514533148875 ], [ 77.438361612955759, 33.733664449056022 ], [ 77.443673027886319, 33.729784308539529 ], [ 77.445833333333368, 33.7291666666667 ], [ 77.448257785373301, 33.728813340928852 ], [ 77.451742214626776, 33.725353325737878 ], [ 77.454166666666694, 33.725 ], [ 77.454519992404542, 33.722575547960105 ], [ 77.457980007595523, 33.719091118706629 ], [ 77.458333333333371, 33.7 ], [ 77.464924452039966, 33.699646674262183 ], [ 77.468408881293442, 33.696186659071216 ], [ 77.485757785373295, 33.695480007595521 ], [ 77.489242214626771, 33.692019992404546 ], [ 77.498257785373298, 33.691313340928851 ], [ 77.50245361328129, 33.687146674262188 ], [ 77.506591118706638, 33.687853325737876 ], [ 77.510075547960099, 33.691313340928851 ], [ 77.519091118706626, 33.692019992404546 ], [ 77.522916666666703, 33.695818752712704 ], [ 77.526742214626765, 33.692019992404546 ], [ 77.5375, 33.691666666666698 ], [ 77.554166666666703, 33.691666666666698 ], [ 77.554519992404551, 33.689242214626766 ], [ 77.557980007595518, 33.685757785373298 ], [ 77.558333333333366, 33.683333333333366 ], [ 77.559184095594659, 33.680017598470087 ], [ 77.565815904405412, 33.678315734863311 ], [ 77.567233954535624, 33.672789510091178 ], [ 77.570364718967042, 33.66875 ], [ 77.566099378797773, 33.663246663411492 ], [ 77.567828708224866, 33.658739047580326 ], [ 77.581122843424509, 33.646400621202289 ], [ 77.587103949652814, 33.644865587022601 ], [ 77.591099378797779, 33.639710489908886 ], [ 77.591666666666697, 33.6125 ] ] ] ] } },
{ "type": "Feature", "properties": { "HYBAS_ID": 4070646720, "NEXT_DOWN": 4070640110, "NEXT_SINK": 4070033640, "MAIN_BAS": 4070033640, "DIST_SINK": 2666.2, "DIST_MAIN": 2666.2, "SUB_AREA": 2436.6, "UP_AREA": 12120.1, "PFAF_ID": 4569043, "ENDO": 0, "COAST": 0, "ORDER": 2, "SORT": 5979, "areakm2": 2435.84 }, "geometry": { "type": "MultiPolygon", "coordinates": [ [ [ [ 77.075, 34.008333333333368 ], [ 77.07556728786895, 34.018877156575556 ], [ 77.082766045464439, 34.026956176757849 ], [ 77.084041680230058, 34.036612616645002 ], [ 77.089710489908882, 34.038067287868955 ], [ 77.093622843424512, 34.041099378797782 ], [ 77.098043823242222, 34.042233954535625 ], [ 77.103198920355936, 34.046229214138492 ], [ 77.1041666666667, 34.05 ], [ 77.108333333333363, 34.05 ], [ 77.109252929687528, 34.046416219075553 ], [ 77.118622843424504, 34.038067287868955 ], [ 77.123043823242213, 34.036932712131112 ], [ 77.126956176757844, 34.033900621202292 ], [ 77.132937282986148, 34.032365587022603 ], [ 77.136932712131113, 34.027210489908889 ], [ 77.13806728786895, 34.022789510091179 ], [ 77.145266045464439, 34.014710489908886 ], [ 77.146400621202289, 34.010289510091184 ], [ 77.149432712131102, 34.006377156575553 ], [ 77.150655788845512, 33.992626444498732 ], [ 77.156122843424512, 33.988067287868958 ], [ 77.160543823242222, 33.986932712131114 ], [ 77.176956176757841, 33.971400621202292 ], [ 77.18137715657555, 33.970266045464442 ], [ 77.189456176757844, 33.963067287868959 ], [ 77.203267076280412, 33.961838785807323 ], [ 77.204166666666694, 33.958333333333371 ], [ 77.208333333333371, 33.958333333333371 ], [ 77.208333333333371, 33.954166666666701 ], [ 77.207433742947075, 33.950661214192742 ], [ 77.192626614040833, 33.949344041612449 ], [ 77.18693271213111, 33.94251675075958 ], [ 77.188067287868961, 33.926956176757848 ], [ 77.195266045464436, 33.918877156575554 ], [ 77.196400621202287, 33.901956176757849 ], [ 77.204733954535627, 33.89260389539934 ], [ 77.202974107530409, 33.887721761067745 ], [ 77.198043823242216, 33.883900621202294 ], [ 77.184293280707493, 33.882677374945779 ], [ 77.179733954535621, 33.87721048990889 ], [ 77.17859937879777, 33.864456176757848 ], [ 77.175567287868958, 33.860543823242224 ], [ 77.174432712131107, 33.856122843424515 ], [ 77.171400621202295, 33.852210489908884 ], [ 77.169865587022599, 33.846229214138489 ], [ 77.164710489908884, 33.842233954535622 ], [ 77.1625, 33.841666666666697 ], [ 77.1625, 33.825 ], [ 77.160289510091175, 33.824432712131113 ], [ 77.156377156575559, 33.821400621202287 ], [ 77.150850762261314, 33.819982401529984 ], [ 77.149432712131102, 33.814456176757844 ], [ 77.146400621202289, 33.81054382324222 ], [ 77.145266045464439, 33.806122843424511 ], [ 77.142233954535627, 33.802210489908887 ], [ 77.141099378797776, 33.797789510091178 ], [ 77.13806728786895, 33.793877156575554 ], [ 77.136932712131113, 33.789456176757845 ], [ 77.133900621202287, 33.785543823242222 ], [ 77.133333333333368, 33.783333333333367 ], [ 77.126742214626773, 33.783686659071215 ], [ 77.123257785373298, 33.787146674262189 ], [ 77.118408881293433, 33.787853325737878 ], [ 77.114924452039958, 33.791313340928852 ], [ 77.097575547960105, 33.792019992404548 ], [ 77.094091118706629, 33.795480007595522 ], [ 77.085786946614618, 33.796186659071211 ], [ 77.081591118706626, 33.792019992404548 ], [ 77.076742214626762, 33.791313340928852 ], [ 77.069091118706623, 33.783686659071215 ], [ 77.064242214626773, 33.782980007595519 ], [ 77.060757785373298, 33.779519992404545 ], [ 77.058333333333366, 33.779166666666697 ], [ 77.058900621202284, 33.776956176757842 ], [ 77.067233954535624, 33.76760389539934 ], [ 77.066099378797773, 33.760289510091177 ], [ 77.062968614366355, 33.75625 ], [ 77.066099378797773, 33.75221048990889 ], [ 77.067233954535624, 33.743622843424511 ], [ 77.071400621202287, 33.738246663411488 ], [ 77.070094468858542, 33.730046420627204 ], [ 77.064456176757844, 33.728599378797774 ], [ 77.05637715657555, 33.721400621202292 ], [ 77.05, 33.720833333333367 ], [ 77.05, 33.7125 ], [ 77.052424452039958, 33.712146674262186 ], [ 77.055908881293433, 33.708686659071212 ], [ 77.060757785373298, 33.707980007595516 ], [ 77.064242214626773, 33.704519992404549 ], [ 77.069091118706623, 33.703813340928853 ], [ 77.089242214626765, 33.683686659071213 ], [ 77.091666666666697, 33.683333333333366 ], [ 77.1, 33.683333333333366 ], [ 77.103315904405406, 33.68418426513675 ], [ 77.1041666666667, 33.6875 ], [ 77.12721048990889, 33.68693271213111 ], [ 77.131122843424507, 33.683900621202291 ], [ 77.139710489908879, 33.68276604546444 ], [ 77.143622843424509, 33.679733954535621 ], [ 77.14914923773874, 33.678315734863311 ], [ 77.15, 33.675 ], [ 77.152210489908882, 33.674432712131107 ], [ 77.160289510091175, 33.667233954535625 ], [ 77.164710489908884, 33.666099378797774 ], [ 77.168622843424515, 33.663067287868955 ], [ 77.178247070312537, 33.661795722113744 ], [ 77.182766045464447, 33.656377156575552 ], [ 77.184301079644129, 33.650395880805156 ], [ 77.189456176757844, 33.646400621202289 ], [ 77.202210489908879, 33.645266045464439 ], [ 77.206122843424509, 33.642233954535619 ], [ 77.21164923773874, 33.64081573486331 ], [ 77.2125, 33.6375 ], [ 77.212146674262186, 33.626742214626766 ], [ 77.208686659071219, 33.623257785373298 ], [ 77.208333333333371, 33.620833333333366 ], [ 77.200899590386314, 33.620172119140655 ], [ 77.199149237738752, 33.613350931803417 ], [ 77.192517428927985, 33.611649068196648 ], [ 77.191099378797773, 33.606122843424508 ], [ 77.188067287868961, 33.602210489908884 ], [ 77.186649237738749, 33.596684265136751 ], [ 77.181122843424504, 33.595266045464442 ], [ 77.177210489908887, 33.592233954535622 ], [ 77.172789510091178, 33.591099378797772 ], [ 77.160543823242222, 33.579733954535619 ], [ 77.156122843424512, 33.578599378797776 ], [ 77.152083333333366, 33.575468783908448 ], [ 77.148043823242219, 33.578599378797776 ], [ 77.134548272026947, 33.579733954535619 ], [ 77.132766045464436, 33.572789510091177 ], [ 77.128247070312526, 33.567370944552984 ], [ 77.117554050021738, 33.5659581502279 ], [ 77.116666666666703, 33.5625 ], [ 77.116313340928855, 33.560075547960103 ], [ 77.112513902452292, 33.556249321831629 ], [ 77.120480007595518, 33.548257785373295 ], [ 77.120833333333366, 33.533333333333367 ], [ 77.118408881293433, 33.532980007595519 ], [ 77.114924452039958, 33.529519992404545 ], [ 77.106620279947947, 33.528813340928849 ], [ 77.102083333333368, 33.533318752712702 ], [ 77.098257785373292, 33.529519992404545 ], [ 77.085075547960102, 33.528813340928849 ], [ 77.079521009657142, 33.523286437988311 ], [ 77.079166666666694, 33.5125 ], [ 77.076742214626762, 33.512853325737879 ], [ 77.073257785373301, 33.516313340928853 ], [ 77.0416666666667, 33.516666666666694 ], [ 77.041099378797767, 33.514456176757847 ], [ 77.033795166015651, 33.506258816189266 ], [ 77.036932712131104, 33.502210489908883 ], [ 77.038067287868955, 33.493622843424511 ], [ 77.045379299587708, 33.485416666666694 ], [ 77.038067287868955, 33.477210489908884 ], [ 77.036612616645002, 33.471541849772166 ], [ 77.026956176757849, 33.470266045464442 ], [ 77.018877156575556, 33.463067287868952 ], [ 77.01028951009117, 33.461932712131109 ], [ 77.006377156575553, 33.458900621202289 ], [ 77.001956176757844, 33.457766045464439 ], [ 76.99387715657555, 33.450567287868957 ], [ 76.991666666666703, 33.45 ], [ 76.977006361219651, 33.45061764187286 ], [ 76.968826972113746, 33.457715691460535 ], [ 76.946642727322072, 33.459021335177979 ], [ 76.945215861002637, 33.468826802571648 ], [ 76.942284138997422, 33.472839864095086 ], [ 76.94104919433596, 33.481326802571644 ], [ 76.938117472330759, 33.485339864095081 ], [ 76.936882527669297, 33.49799346923831 ], [ 76.933950805664097, 33.502006530761747 ], [ 76.933333333333366, 33.516666666666694 ], [ 76.933333333333366, 33.520833333333364 ], [ 76.932980007595518, 33.523257785373296 ], [ 76.929519992404551, 33.526742214626765 ], [ 76.928813340928855, 33.539924452039962 ], [ 76.900353325737882, 33.568408881293436 ], [ 76.9, 33.5875 ], [ 76.9, 33.595833333333367 ], [ 76.896601698133708, 33.596804979112449 ], [ 76.895022243923634, 33.607657029893694 ], [ 76.868673027886317, 33.608950975206199 ], [ 76.864660305447075, 33.611882358127204 ], [ 76.853697374131968, 33.613117641872861 ], [ 76.847916666666691, 33.608894856770867 ], [ 76.842825486924937, 33.612613932291701 ], [ 76.840740288628496, 33.619906955295171 ], [ 76.835339864095076, 33.621450975206194 ], [ 76.831326802571638, 33.6243823581272 ], [ 76.81867319742841, 33.625617641872864 ], [ 76.813658820258269, 33.629280598958367 ], [ 76.811882358127193, 33.635493469238313 ], [ 76.804784308539524, 33.64367319742842 ], [ 76.803549024793867, 33.650469122992654 ], [ 76.807771809895868, 33.65625 ], [ 76.804784308539524, 33.660339864095086 ], [ 76.804166666666688, 33.6625 ], [ 76.789242214626768, 33.662853325737878 ], [ 76.785757785373292, 33.666313340928852 ], [ 76.780908881293428, 33.667019992404548 ], [ 76.777424452039952, 33.670480007595515 ], [ 76.775, 33.670833333333363 ], [ 76.774646674262186, 33.685757785373298 ], [ 76.758686659071202, 33.701742214626769 ], [ 76.758333333333354, 33.704166666666701 ], [ 76.739242214626771, 33.703813340928853 ], [ 76.735757785373295, 33.700353325737879 ], [ 76.693408881293436, 33.699646674262183 ], [ 76.687858072916697, 33.694123501247859 ], [ 76.6875, 33.691666666666698 ], [ 76.675809563530848, 33.692354668511314 ], [ 76.674382358127204, 33.702160135904982 ], [ 76.665863376193599, 33.711764865451421 ], [ 76.652006530761753, 33.713117641872863 ], [ 76.639660135904975, 33.724382358127201 ], [ 76.627006530761747, 33.725617641872866 ], [ 76.62299346923831, 33.728549024793871 ], [ 76.616666666666688, 33.7291666666667 ], [ 76.617019992404536, 33.735757785373295 ], [ 76.620819430881099, 33.739584011501769 ], [ 76.612853325737873, 33.747575547960103 ], [ 76.612146674262178, 33.760046217176679 ], [ 76.616313340928841, 33.764242214626769 ], [ 76.617019992404536, 33.76838107638892 ], [ 76.61079016791453, 33.774641927083366 ], [ 76.605908881293431, 33.775353325737882 ], [ 76.598257785373292, 33.782980007595519 ], [ 76.593408881293428, 33.783686659071215 ], [ 76.587858072916688, 33.78920983208554 ], [ 76.5875, 33.7916666666667 ], [ 76.587853325737868, 33.802424452039965 ], [ 76.591313340928849, 33.805908881293433 ], [ 76.592019992404545, 33.810757785373298 ], [ 76.595480007595512, 33.814242214626766 ], [ 76.596186659071208, 33.818379550510016 ], [ 76.592019992404545, 33.822575547960099 ], [ 76.591666666666697, 33.825 ], [ 76.576742214626762, 33.825353325737879 ], [ 76.573257785373286, 33.828813340928853 ], [ 76.568408881293436, 33.829519992404549 ], [ 76.560757785373283, 33.837146674262186 ], [ 76.558333333333366, 33.8375 ], [ 76.551742214626756, 33.837853325737882 ], [ 76.548257785373295, 33.841313340928856 ], [ 76.535075547960091, 33.842019992404545 ], [ 76.531591118706629, 33.845480007595519 ], [ 76.525, 33.845833333333367 ], [ 76.524432712131102, 33.852210489908884 ], [ 76.521400621202289, 33.856122843424515 ], [ 76.520266045464439, 33.869618394639794 ], [ 76.52943132188588, 33.871970452202724 ], [ 76.525567287868952, 33.876956176757844 ], [ 76.52408667670359, 33.882725863986579 ], [ 76.508333333333354, 33.883333333333368 ], [ 76.508686659071202, 33.885757785373301 ], [ 76.512146674262183, 33.889242214626769 ], [ 76.5125, 33.891666666666701 ], [ 76.512853325737879, 33.894091118706633 ], [ 76.516313340928846, 33.897575547960102 ], [ 76.517019992404542, 33.902424452039966 ], [ 76.520480007595509, 33.905908881293435 ], [ 76.520833333333357, 33.9125 ], [ 76.523257785373289, 33.912853325737885 ], [ 76.537142266167564, 33.926712205674946 ], [ 76.5375, 33.929166666666703 ], [ 76.537146674262175, 33.931591118706635 ], [ 76.533686659071208, 33.935075547960103 ], [ 76.532980007595512, 33.956591118706633 ], [ 76.525353325737868, 33.964242214626772 ], [ 76.524646674262186, 33.968379550510015 ], [ 76.528813340928849, 33.972575547960105 ], [ 76.529166666666697, 33.979166666666686 ], [ 76.53275044759117, 33.98008643256297 ], [ 76.541099378797767, 33.989456176757848 ], [ 76.542375183105491, 33.999112616645 ], [ 76.54804382324221, 34.000567287868961 ], [ 76.551956176757841, 34.00359937879778 ], [ 76.560543823242213, 34.004733954535624 ], [ 76.56458333333336, 34.007864549424951 ], [ 76.570086669921906, 34.00359937879778 ], [ 76.573043823242216, 34.004733954535624 ], [ 76.576956176757832, 34.007766045464443 ], [ 76.58359798855254, 34.009470452202727 ], [ 76.579628499348985, 34.014592149522606 ], [ 76.588067287868952, 34.024062771267396 ], [ 76.586932712131102, 34.035543823242222 ], [ 76.582766045464439, 34.040920003255245 ], [ 76.583900621202289, 34.043877156575554 ], [ 76.586932712131102, 34.047789510091178 ], [ 76.588067287868952, 34.052210489908887 ], [ 76.591099378797765, 34.056122843424518 ], [ 76.592554050021732, 34.061791483561237 ], [ 76.602210489908884, 34.063067287868961 ], [ 76.606122843424501, 34.06609937879778 ], [ 76.620833333333366, 34.066666666666684 ], [ 76.623043823242213, 34.06609937879778 ], [ 76.626956176757844, 34.063067287868961 ], [ 76.648785061306455, 34.06193271213111 ], [ 76.65, 34.066666666666684 ], [ 76.6625, 34.066666666666706 ], [ 76.669091118706618, 34.067019992404546 ], [ 76.672575547960093, 34.070480007595521 ], [ 76.675, 34.070833333333354 ], [ 76.674646674262178, 34.068408881293436 ], [ 76.671186659071211, 34.064924452039968 ], [ 76.670833333333363, 34.0625 ], [ 76.671400621202281, 34.051956176757848 ], [ 76.674531216091609, 34.047916666666701 ], [ 76.67026604546443, 34.042413330078162 ], [ 76.671572028266084, 34.034213087293871 ], [ 76.677210489908887, 34.032766045464442 ], [ 76.689456176757844, 34.021400621202289 ], [ 76.691666666666691, 34.020833333333371 ], [ 76.692233954535624, 34.018622843424517 ], [ 76.695266045464436, 34.014710489908886 ], [ 76.696400621202287, 34.010289510091184 ], [ 76.699432712131099, 34.006377156575553 ], [ 76.700850931803416, 34.00085093180342 ], [ 76.706377156575542, 33.99943271213111 ], [ 76.710289510091172, 33.996400621202291 ], [ 76.739710489908887, 33.995266045464447 ], [ 76.74375, 33.99213545057512 ], [ 76.749253336588566, 33.996400621202291 ], [ 76.764710489908879, 33.995266045464447 ], [ 76.768622843424509, 33.992233954535628 ], [ 76.774604119194905, 33.990698920355939 ], [ 76.778599378797765, 33.985543823242224 ], [ 76.780017598470081, 33.980017598470084 ], [ 76.786917114257847, 33.978246900770436 ], [ 76.795266045464444, 33.968877156575559 ], [ 76.795833333333363, 33.966666666666704 ], [ 76.802210489908887, 33.966099378797779 ], [ 76.806122843424504, 33.963067287868959 ], [ 76.814710489908876, 33.961932712131109 ], [ 76.818622843424507, 33.958900621202289 ], [ 76.823043823242216, 33.957766045464446 ], [ 76.828420003255232, 33.953599378797776 ], [ 76.835543823242219, 33.954733954535627 ], [ 76.839583333333366, 33.957864549424947 ], [ 76.843622843424512, 33.954733954535627 ], [ 76.848043823242222, 33.953599378797776 ], [ 76.853420003255238, 33.949432712131113 ], [ 76.86054382324221, 33.950567287868957 ], [ 76.864456176757841, 33.953599378797776 ], [ 76.878267076280409, 33.954827880859412 ], [ 76.880086263020857, 33.961917114257844 ], [ 76.889456176757847, 33.970266045464442 ], [ 76.902210489908882, 33.971400621202292 ], [ 76.906122843424512, 33.974432712131112 ], [ 76.9166666666667, 33.975 ], [ 76.917019992404548, 33.981591118706632 ], [ 76.920480007595515, 33.985075547960108 ], [ 76.920833333333363, 34.0 ], [ 76.925, 34.0 ], [ 76.9375, 34.0 ], [ 76.938714938693607, 33.995266045464447 ], [ 76.948043823242216, 33.996400621202291 ], [ 76.951956176757847, 33.99943271213111 ], [ 76.957937282986137, 34.000967746310799 ], [ 76.961932712131102, 34.006122843424514 ], [ 76.963411797417564, 34.01188574896922 ], [ 76.989710489908887, 34.013067287868957 ], [ 76.995086669921903, 34.017233954535627 ], [ 77.010543823242216, 34.016099378797776 ], [ 77.028154839409751, 33.99943271213111 ], [ 77.035543823242222, 34.000567287868961 ], [ 77.039456176757838, 34.00359937879778 ], [ 77.043877156575547, 34.004733954535624 ], [ 77.047789510091178, 34.007766045464443 ], [ 77.05637715657555, 34.008900621202294 ], [ 77.060416666666697, 34.012031216091614 ], [ 77.064456176757844, 34.008900621202294 ], [ 77.075, 34.008333333333368 ] ] ] ] } },
{ "type": "Feature", "properties": { "HYBAS_ID": 4070650490, "NEXT_DOWN": 4070640120, "NEXT_SINK": 4070033640, "MAIN_BAS": 4070033640, "DIST_SINK": 2704.4, "DIST_MAIN": 2704.4, "SUB_AREA": 2297.9, "UP_AREA": 36017.4, "PFAF_ID": 4569053, "ENDO": 0, "COAST": 0, "ORDER": 1, "SORT": 5980, "areakm2": 2296.99 }, "geometry": { "type": "MultiPolygon", "coordinates": [ [ [ [ 78.0125, 33.833333333333364 ], [ 78.027210489908882, 33.832766045464446 ], [ 78.032586669921898, 33.828599378797776 ], [ 78.04804382324221, 33.829733954535627 ], [ 78.051956176757841, 33.832766045464446 ], [ 78.056377156575536, 33.833900621202289 ], [ 78.060289510091167, 33.836932712131109 ], [ 78.064710489908876, 33.838067287868959 ], [ 78.073836771647152, 33.846199205186664 ], [ 78.075917053222682, 33.838092888726159 ], [ 78.1, 33.8375 ], [ 78.100567287868941, 33.835289510091179 ], [ 78.103599378797767, 33.831377156575556 ], [ 78.104804314507405, 33.813405693901942 ], [ 78.11054382324221, 33.81193271213111 ], [ 78.118622843424504, 33.804733954535621 ], [ 78.123043823242213, 33.803599378797777 ], [ 78.140655008951853, 33.786932712131112 ], [ 78.149101765950547, 33.788229709201424 ], [ 78.153599378797765, 33.793622843424515 ], [ 78.155381605360262, 33.800567287868958 ], [ 78.170376586914088, 33.785432264539963 ], [ 78.167233954535618, 33.781377156575552 ], [ 78.166666666666686, 33.775 ], [ 78.163350931803407, 33.77414906819665 ], [ 78.161932712131104, 33.768622843424509 ], [ 78.158802117241777, 33.764583333333363 ], [ 78.162895880805138, 33.759301079644132 ], [ 78.168877156575547, 33.757766045464443 ], [ 78.172789510091164, 33.754733954535624 ], [ 78.1875, 33.754166666666698 ], [ 78.191059197319902, 33.753253343370261 ], [ 78.191666666666706, 33.7375 ], [ 78.194121805826853, 33.737142266167567 ], [ 78.204152933756532, 33.727084011501766 ], [ 78.200353325737865, 33.723257785373299 ], [ 78.2, 33.716666666666697 ], [ 78.20331573486331, 33.715815734863313 ], [ 78.205070156521288, 33.708979119194908 ], [ 78.218738640679277, 33.696293131510451 ], [ 78.222789510091175, 33.699432712131106 ], [ 78.231377156575547, 33.700567287868957 ], [ 78.235416666666694, 33.703697882758277 ], [ 78.239456176757841, 33.700567287868957 ], [ 78.254166666666691, 33.7 ], [ 78.254519992404539, 33.693408881293436 ], [ 78.262146674262183, 33.685757785373298 ], [ 78.2625, 33.679166666666703 ], [ 78.26306728786895, 33.676956176757848 ], [ 78.266099378797762, 33.673043823242217 ], [ 78.267327880859398, 33.659232923719649 ], [ 78.270833333333357, 33.658333333333367 ], [ 78.273257785373289, 33.657980007595519 ], [ 78.276742214626765, 33.654519992404545 ], [ 78.281591118706615, 33.653813340928849 ], [ 78.289242214626768, 33.646186659071212 ], [ 78.291666666666686, 33.645833333333364 ], [ 78.294091118706618, 33.645480007595516 ], [ 78.301742214626756, 33.637853325737879 ], [ 78.306591118706621, 33.637146674262183 ], [ 78.314242214626759, 33.629519992404546 ], [ 78.319091118706623, 33.628813340928851 ], [ 78.323287116156706, 33.624646674262188 ], [ 78.331591118706626, 33.625353325737876 ], [ 78.335787116156709, 33.629519992404546 ], [ 78.339924452039952, 33.628813340928851 ], [ 78.347575547960091, 33.621186659071213 ], [ 78.356591118706618, 33.620480007595518 ], [ 78.360075547960093, 33.617019992404543 ], [ 78.3625, 33.616666666666696 ], [ 78.3625, 33.6125 ], [ 78.362146674262178, 33.593408881293435 ], [ 78.358686659071211, 33.589924452039959 ], [ 78.358333333333363, 33.575 ], [ 78.35501759847007, 33.574149068196647 ], [ 78.353599378797767, 33.568622843424514 ], [ 78.350567287868955, 33.564710489908883 ], [ 78.35, 33.558333333333366 ], [ 78.350850931803407, 33.55501759847008 ], [ 78.357709757487001, 33.553257412380674 ], [ 78.358333333333363, 33.5416666666667 ], [ 78.364710489908873, 33.541099378797774 ], [ 78.368622843424504, 33.538067287868955 ], [ 78.374291483561223, 33.536612616644994 ], [ 78.375567287868947, 33.526956176757842 ], [ 78.378599378797773, 33.523043823242219 ], [ 78.379166666666691, 33.520833333333364 ], [ 78.383333333333354, 33.520833333333364 ], [ 78.384548272026933, 33.525567287868952 ], [ 78.393877156575542, 33.524432712131109 ], [ 78.399253336588572, 33.520266045464439 ], [ 78.406377156575545, 33.521400621202289 ], [ 78.411753336588561, 33.525567287868952 ], [ 78.418877156575547, 33.524432712131109 ], [ 78.422916666666694, 33.521302117241788 ], [ 78.427083333333357, 33.52453121609161 ], [ 78.432586669921903, 33.520266045464439 ], [ 78.452210489908879, 33.521400621202289 ], [ 78.45625, 33.52453121609161 ], [ 78.460289510091172, 33.521400621202289 ], [ 78.465815734863313, 33.51998240152998 ], [ 78.466666666666697, 33.516666666666694 ], [ 78.467233954535615, 33.514456176757847 ], [ 78.478599378797767, 33.502210489908883 ], [ 78.479733954535618, 33.497789510091174 ], [ 78.483900621202281, 33.492413330078158 ], [ 78.48276604546443, 33.485289510091178 ], [ 78.479733954535618, 33.481377156575554 ], [ 78.478599378797767, 33.476956176757845 ], [ 78.471295166015651, 33.468758816189265 ], [ 78.475567287868955, 33.463246663411489 ], [ 78.474432712131104, 33.456122843424509 ], [ 78.471400621202278, 33.452210489908886 ], [ 78.470266045464442, 33.447789510091177 ], [ 78.463067287868952, 33.439710489908883 ], [ 78.461649068196635, 33.43418426513675 ], [ 78.458333333333357, 33.433333333333366 ], [ 78.454790242513042, 33.432424079047337 ], [ 78.454166666666694, 33.420833333333363 ], [ 78.450661214192735, 33.41993374294708 ], [ 78.449432712131099, 33.406122843424512 ], [ 78.446400621202287, 33.402210489908882 ], [ 78.445833333333354, 33.395833333333364 ], [ 78.446400621202287, 33.38945617675784 ], [ 78.449432712131099, 33.385543823242216 ], [ 78.450661214192735, 33.371732923719648 ], [ 78.457937452528242, 33.369865587022602 ], [ 78.461932712131102, 33.364710489908887 ], [ 78.463067287868952, 33.356122843424508 ], [ 78.466099378797765, 33.352210489908884 ], [ 78.467233954535615, 33.347789510091175 ], [ 78.471400621202278, 33.342413330078152 ], [ 78.470266045464442, 33.32695617675784 ], [ 78.467233954535615, 33.323043823242216 ], [ 78.466099378797765, 33.310289510091174 ], [ 78.462968783908451, 33.30625 ], [ 78.466197882758266, 33.302083333333364 ], [ 78.463067287868952, 33.298043823242217 ], [ 78.4625, 33.291666666666693 ], [ 78.462146674262172, 33.289242214626768 ], [ 78.458686659071205, 33.285757785373292 ], [ 78.457980007595509, 33.280908881293435 ], [ 78.454519992404542, 33.277424452039959 ], [ 78.454166666666694, 33.270833333333364 ], [ 78.454166666666694, 33.266666666666694 ], [ 78.422575547960093, 33.267019992404542 ], [ 78.419091118706618, 33.270480007595516 ], [ 78.405908881293428, 33.271186659071212 ], [ 78.402424452039952, 33.274646674262179 ], [ 78.393408881293425, 33.275353325737875 ], [ 78.389924452039949, 33.278813340928849 ], [ 78.376742214626759, 33.279519992404545 ], [ 78.37119140625002, 33.28504316541887 ], [ 78.370480007595518, 33.289924452039962 ], [ 78.35245412190757, 33.307975769042997 ], [ 78.347575547960091, 33.308686659071213 ], [ 78.342024739583351, 33.314209832085531 ], [ 78.341666666666697, 33.316666666666698 ], [ 78.338350931803404, 33.315815734863314 ], [ 78.336932712131102, 33.310289510091174 ], [ 78.329733954535612, 33.30221048990888 ], [ 78.32831573486331, 33.296684265136747 ], [ 78.32278951009117, 33.295266045464437 ], [ 78.318877156575539, 33.292233954535618 ], [ 78.310289510091167, 33.291099378797774 ], [ 78.30637715657555, 33.288067287868955 ], [ 78.296720716688398, 33.286791483561224 ], [ 78.295833333333363, 33.28333333333336 ], [ 78.289456176757838, 33.283900621202285 ], [ 78.285543823242207, 33.286932712131104 ], [ 78.281122843424498, 33.288067287868955 ], [ 78.277210489908882, 33.291099378797774 ], [ 78.261753336588569, 33.292233954535618 ], [ 78.256377156575539, 33.288067287868955 ], [ 78.238714938693604, 33.286932712131104 ], [ 78.23661261664499, 33.295124816894557 ], [ 78.226956176757838, 33.296400621202288 ], [ 78.223043823242207, 33.299432712131107 ], [ 78.220086669921898, 33.300567287868951 ], [ 78.214574517144115, 33.296295166015653 ], [ 78.206377156575542, 33.30359937879777 ], [ 78.2, 33.304166666666696 ], [ 78.199646674262169, 33.306591118706628 ], [ 78.194121127658448, 33.31214430067277 ], [ 78.185075547960096, 33.312853325737876 ], [ 78.177424452039958, 33.320480007595513 ], [ 78.175, 33.320833333333361 ], [ 78.172575547960093, 33.320480007595513 ], [ 78.169091118706618, 33.317019992404546 ], [ 78.164950222439259, 33.316313340928851 ], [ 78.152424452039952, 33.328813340928846 ], [ 78.147575547960088, 33.329519992404542 ], [ 78.144091118706626, 33.332980007595516 ], [ 78.116666666666688, 33.333333333333364 ], [ 78.115767076280406, 33.329827880859405 ], [ 78.108333333333363, 33.329166666666694 ], [ 78.10776604546443, 33.331377156575549 ], [ 78.104733954535618, 33.335289510091172 ], [ 78.103599378797767, 33.339710489908882 ], [ 78.100567287868941, 33.343622843424512 ], [ 78.099149068196638, 33.349149068196645 ], [ 78.093622843424498, 33.350567287868955 ], [ 78.089710489908882, 33.353599378797774 ], [ 78.085289510091172, 33.354733954535618 ], [ 78.075919765896288, 33.363082885742216 ], [ 78.074432712131099, 33.36887715657555 ], [ 78.071302117241771, 33.372916666666697 ], [ 78.074432712131099, 33.376956176757844 ], [ 78.07556728786895, 33.389710489908886 ], [ 78.078599378797762, 33.393622843424509 ], [ 78.079827880859398, 33.407433742947077 ], [ 78.085543823242205, 33.408900621202285 ], [ 78.089456176757835, 33.411932712131104 ], [ 78.103267076280403, 33.413161214192741 ], [ 78.104166666666686, 33.4166666666667 ], [ 78.103599378797767, 33.418877156575547 ], [ 78.100567287868941, 33.422789510091178 ], [ 78.099432712131104, 33.427210489908887 ], [ 78.09543745252823, 33.432365587022602 ], [ 78.089456176757835, 33.433900621202284 ], [ 78.085543823242205, 33.43693271213111 ], [ 78.078420003255232, 33.438067287868954 ], [ 78.072916666666686, 33.433802117241783 ], [ 78.068877156575539, 33.43693271213111 ], [ 78.06445617675783, 33.438067287868954 ], [ 78.060543823242213, 33.441099378797773 ], [ 78.051956176757841, 33.442233954535624 ], [ 78.029868740505663, 33.463436381022163 ], [ 78.028599378797765, 33.473043823242222 ], [ 78.025567287868952, 33.476956176757845 ], [ 78.024149068196635, 33.482482401529978 ], [ 78.017517598470079, 33.484184265136747 ], [ 78.016666666666694, 33.4875 ], [ 78.0125, 33.4875 ], [ 78.011619059244808, 33.49093254937069 ], [ 78.003229437934053, 33.492233954535621 ], [ 77.993877156575536, 33.483900621202288 ], [ 77.98835093180341, 33.482482401529978 ], [ 77.986932712131093, 33.476956176757845 ], [ 77.982354227701848, 33.471466064453153 ], [ 77.964456176757835, 33.470266045464442 ], [ 77.960407850477452, 33.467128499348988 ], [ 77.952092149522585, 33.474538167317739 ], [ 77.948043823242216, 33.471400621202285 ], [ 77.93945617675783, 33.470266045464442 ], [ 77.935543823242213, 33.467233954535622 ], [ 77.933333333333351, 33.466666666666697 ], [ 77.926956176757841, 33.467233954535622 ], [ 77.92304382324221, 33.470266045464442 ], [ 77.918622843424501, 33.471400621202285 ], [ 77.910543823242207, 33.478599378797774 ], [ 77.903420003255235, 33.479733954535618 ], [ 77.898043823242205, 33.475567287868955 ], [ 77.890729437934056, 33.474432712131104 ], [ 77.881377156575539, 33.482766045464437 ], [ 77.864456176757827, 33.483900621202288 ], [ 77.86054382324221, 33.486932712131107 ], [ 77.856122843424501, 33.488067287868958 ], [ 77.84943271213109, 33.494618394639787 ], [ 77.854166666666686, 33.495833333333366 ], [ 77.853813340928838, 33.498257785373298 ], [ 77.850353325737871, 33.501742214626766 ], [ 77.85, 33.504166666666698 ], [ 77.856377156575547, 33.504733954535624 ], [ 77.860289510091164, 33.507766045464443 ], [ 77.865815734863304, 33.509184265136753 ], [ 77.867517598470073, 33.51581573486331 ], [ 77.873043823242213, 33.517233954535619 ], [ 77.87695617675783, 33.520266045464439 ], [ 77.881377156575539, 33.521400621202289 ], [ 77.889456176757832, 33.528599378797772 ], [ 77.893877156575542, 33.529733954535622 ], [ 77.89938964843752, 33.534331088595948 ], [ 77.900614251030831, 33.561588372124596 ], [ 77.906377156575545, 33.563067287868954 ], [ 77.910289510091161, 33.566099378797773 ], [ 77.91471048990887, 33.567233954535624 ], [ 77.924297078450536, 33.575929260253936 ], [ 77.925567287868944, 33.585543823242219 ], [ 77.92859937879777, 33.589456176757842 ], [ 77.929166666666703, 33.591666666666697 ], [ 77.929166666666703, 33.595833333333367 ], [ 77.928599378797784, 33.598043823242222 ], [ 77.913067287868955, 33.614456176757841 ], [ 77.911932712131119, 33.627210489908883 ], [ 77.907937282986154, 33.632365587022605 ], [ 77.901956176757849, 33.633900621202287 ], [ 77.898043823242219, 33.636932712131106 ], [ 77.889456176757847, 33.638067287868957 ], [ 77.88554382324223, 33.641099378797776 ], [ 77.881122843424521, 33.642233954535619 ], [ 77.87721048990889, 33.645266045464439 ], [ 77.871684095594659, 33.646684265136749 ], [ 77.870266045464447, 33.652210489908889 ], [ 77.866270616319483, 33.657365587022603 ], [ 77.8625, 33.658333333333367 ], [ 77.8625, 33.683333333333366 ], [ 77.860289510091178, 33.683900621202291 ], [ 77.854870944552985, 33.688419426812096 ], [ 77.853599378797782, 33.698043823242223 ], [ 77.846400621202292, 33.706122843424509 ], [ 77.845124986436673, 33.715779283311662 ], [ 77.839456176757849, 33.717233954535622 ], [ 77.830086263020874, 33.72558288574222 ], [ 77.828599378797776, 33.731377156575554 ], [ 77.825567287868964, 33.735289510091178 ], [ 77.825, 33.7375 ], [ 77.825567287868964, 33.739710489908887 ], [ 77.832766045464453, 33.747789510091181 ], [ 77.833900621202289, 33.757118394639789 ], [ 77.825708346896732, 33.759220716688404 ], [ 77.824432712131113, 33.768877156575556 ], [ 77.821400621202287, 33.772789510091179 ], [ 77.82026604546445, 33.777210489908889 ], [ 77.817233954535624, 33.781122843424512 ], [ 77.816099378797773, 33.800746663411495 ], [ 77.82026604546445, 33.806122843424511 ], [ 77.820833333333368, 33.8125 ], [ 77.825, 33.8125 ], [ 77.825, 33.816666666666698 ], [ 77.832433742947089, 33.817327880859409 ], [ 77.834184095594651, 33.824149068196647 ], [ 77.839710489908896, 33.825567287868957 ], [ 77.851956176757852, 33.836932712131109 ], [ 77.864710489908887, 33.838067287868959 ], [ 77.876956176757844, 33.849432712131112 ], [ 77.881377156575553, 33.850567287868955 ], [ 77.885289510091184, 33.853599378797774 ], [ 77.898043823242219, 33.854733954535625 ], [ 77.901956176757849, 33.857766045464444 ], [ 77.911612616645002, 33.859041849772169 ], [ 77.913067287868955, 33.864710489908887 ], [ 77.924432712131107, 33.876956176757844 ], [ 77.925, 33.883333333333368 ], [ 77.931591118706635, 33.883686659071216 ], [ 77.947575547960113, 33.899646674262186 ], [ 77.95, 33.9 ], [ 77.952210489908879, 33.899432712131109 ], [ 77.956122843424495, 33.896400621202289 ], [ 77.960543823242205, 33.895266045464446 ], [ 77.968622843424498, 33.888067287868957 ], [ 77.974149068196638, 33.886649068196647 ], [ 77.975567287868941, 33.881122843424514 ], [ 77.978599378797767, 33.87721048990889 ], [ 77.980134412977449, 33.871229214138488 ], [ 77.985289510091164, 33.867233954535621 ], [ 77.989710489908873, 33.866099378797777 ], [ 77.993622843424504, 33.863067287868958 ], [ 77.99914906819663, 33.861649068196648 ], [ 78.0, 33.85833333333337 ], [ 78.000353325737876, 33.851742214626768 ], [ 78.007980007595506, 33.844091118706629 ], [ 78.008686659071202, 33.839242214626772 ], [ 78.012146674262169, 33.835757785373296 ], [ 78.0125, 33.833333333333364 ] ] ] ] } },
{ "type": "Feature", "properties": { "HYBAS_ID": 4070650480, "NEXT_DOWN": 4070640120, "NEXT_SINK": 4070033640, "MAIN_BAS": 4070033640, "DIST_SINK": 2704.4, "DIST_MAIN": 2704.4, "SUB_AREA": 799.0, "UP_AREA": 799.0, "PFAF_ID": 4569052, "ENDO": 0, "COAST": 0, "ORDER": 2, "SORT": 5981, "areakm2": 798.66 }, "geometry": { "type": "MultiPolygon", "coordinates": [ [ [ [ 77.683333333333366, 33.775 ], [ 77.684184095594659, 33.778315734863313 ], [ 77.691083780924515, 33.780086432562968 ], [ 77.699432712131113, 33.789456176757845 ], [ 77.700567287868964, 33.793877156575554 ], [ 77.703599378797776, 33.797789510091178 ], [ 77.705017428927988, 33.803315734863318 ], [ 77.710543823242219, 33.804733954535621 ], [ 77.718622843424512, 33.81193271213111 ], [ 77.727210489908884, 33.813067287868954 ], [ 77.731122843424515, 33.816099378797773 ], [ 77.735543823242224, 33.817233954535624 ], [ 77.739456176757855, 33.820266045464443 ], [ 77.741666666666703, 33.820833333333368 ], [ 77.742517428927982, 33.817517598470083 ], [ 77.748043823242227, 33.816099378797773 ], [ 77.752083333333374, 33.812968783908453 ], [ 77.756122843424521, 33.816099378797773 ], [ 77.76054382324223, 33.817233954535624 ], [ 77.765920003255246, 33.821400621202287 ], [ 77.781377156575559, 33.820266045464443 ], [ 77.786753336588575, 33.816099378797773 ], [ 77.793877156575562, 33.817233954535624 ], [ 77.799253336588578, 33.821400621202287 ], [ 77.815762668185798, 33.820188903808628 ], [ 77.816666666666706, 33.816666666666698 ], [ 77.819982571072089, 33.815815734863314 ], [ 77.820833333333368, 33.8125 ], [ 77.82026604546445, 33.806122843424511 ], [ 77.816099378797773, 33.800746663411495 ], [ 77.817233954535624, 33.781122843424512 ], [ 77.82026604546445, 33.777210489908889 ], [ 77.821400621202287, 33.772789510091179 ], [ 77.824432712131113, 33.768877156575556 ], [ 77.825708346896732, 33.759220716688404 ], [ 77.833900621202289, 33.757118394639789 ], [ 77.832766045464453, 33.747789510091181 ], [ 77.825567287868964, 33.739710489908887 ], [ 77.825, 33.7375 ], [ 77.825567287868964, 33.735289510091178 ], [ 77.828599378797776, 33.731377156575554 ], [ 77.830086263020874, 33.72558288574222 ], [ 77.839456176757849, 33.717233954535622 ], [ 77.845124986436673, 33.715779283311662 ], [ 77.846400621202292, 33.706122843424509 ], [ 77.853599378797782, 33.698043823242223 ], [ 77.854870944552985, 33.688419426812096 ], [ 77.860289510091178, 33.683900621202291 ], [ 77.8625, 33.683333333333366 ], [ 77.8625, 33.658333333333367 ], [ 77.866270616319483, 33.657365587022603 ], [ 77.870266045464447, 33.652210489908889 ], [ 77.871684095594659, 33.646684265136749 ], [ 77.87721048990889, 33.645266045464439 ], [ 77.881122843424521, 33.642233954535619 ], [ 77.88554382324223, 33.641099378797776 ], [ 77.889456176757847, 33.638067287868957 ], [ 77.898043823242219, 33.636932712131106 ], [ 77.901956176757849, 33.633900621202287 ], [ 77.907937282986154, 33.632365587022605 ], [ 77.911932712131119, 33.627210489908883 ], [ 77.913067287868955, 33.614456176757841 ], [ 77.928599378797784, 33.598043823242222 ], [ 77.929166666666703, 33.595833333333367 ], [ 77.929166666666703, 33.591666666666697 ], [ 77.92859937879777, 33.589456176757842 ], [ 77.925567287868944, 33.585543823242219 ], [ 77.924297078450536, 33.575929260253936 ], [ 77.91471048990887, 33.567233954535624 ], [ 77.910289510091161, 33.566099378797773 ], [ 77.906377156575545, 33.563067287868954 ], [ 77.900614251030831, 33.561588372124596 ], [ 77.89938964843752, 33.534331088595948 ], [ 77.893877156575542, 33.529733954535622 ], [ 77.889456176757832, 33.528599378797772 ], [ 77.881377156575539, 33.521400621202289 ], [ 77.87695617675783, 33.520266045464439 ], [ 77.873043823242213, 33.517233954535619 ], [ 77.867517598470073, 33.51581573486331 ], [ 77.865815734863304, 33.509184265136753 ], [ 77.860289510091164, 33.507766045464443 ], [ 77.856377156575547, 33.504733954535624 ], [ 77.85, 33.504166666666698 ], [ 77.846684095594654, 33.505017598470083 ], [ 77.84498257107208, 33.511649068196647 ], [ 77.839456176757849, 33.513067287868957 ], [ 77.835543823242219, 33.516099378797776 ], [ 77.818622843424521, 33.517233954535619 ], [ 77.81471048990889, 33.520266045464439 ], [ 77.806122843424518, 33.521400621202289 ], [ 77.798043823242224, 33.528599378797772 ], [ 77.7916666666667, 33.529166666666697 ], [ 77.791311645507847, 33.522546217176682 ], [ 77.785757785373306, 33.517019992404542 ], [ 77.77671440972226, 33.516311136881541 ], [ 77.762853325737879, 33.502424452039961 ], [ 77.7625, 33.4875 ], [ 77.751956176757844, 33.488067287868958 ], [ 77.74387715657555, 33.49526604546444 ], [ 77.735289510091178, 33.496400621202291 ], [ 77.731377156575562, 33.49943271213111 ], [ 77.724253336588575, 33.500567287868954 ], [ 77.718877156575559, 33.496400621202291 ], [ 77.714456176757849, 33.49526604546444 ], [ 77.710543823242219, 33.492233954535621 ], [ 77.697048272026947, 33.49109937879777 ], [ 77.694953748914969, 33.499261305067307 ], [ 77.686753336588581, 33.500567287868954 ], [ 77.68137715657555, 33.496400621202291 ], [ 77.676956176757841, 33.49526604546444 ], [ 77.673043823242224, 33.492233954535621 ], [ 77.669845241970521, 33.49109937879777 ], [ 77.656377156575559, 33.503599378797773 ], [ 77.654166666666697, 33.504166666666698 ], [ 77.647575547960102, 33.504519992404546 ], [ 77.644091118706626, 33.507980007595521 ], [ 77.6375, 33.508333333333361 ], [ 77.636932712131113, 33.514710489908886 ], [ 77.633900621202287, 33.518622843424509 ], [ 77.63276604546445, 33.527210489908882 ], [ 77.625567287868961, 33.535289510091175 ], [ 77.62443271213111, 33.539710489908884 ], [ 77.620568847656287, 33.544696214464004 ], [ 77.625, 33.545833333333363 ], [ 77.624646674262181, 33.548257785373295 ], [ 77.621186659071213, 33.551742214626771 ], [ 77.620480007595518, 33.560046217176684 ], [ 77.624646674262181, 33.564242214626766 ], [ 77.625353325737876, 33.572550286187095 ], [ 77.604519992404548, 33.593408881293435 ], [ 77.603813340928852, 33.598257785373292 ], [ 77.600353325737885, 33.601742214626768 ], [ 77.6, 33.6041666666667 ], [ 77.599646674262189, 33.606591118706632 ], [ 77.594123670789969, 33.612141927083364 ], [ 77.591666666666697, 33.6125 ], [ 77.591099378797779, 33.639710489908886 ], [ 77.587103949652814, 33.644865587022601 ], [ 77.581122843424509, 33.646400621202289 ], [ 77.567828708224866, 33.658739047580326 ], [ 77.566099378797773, 33.663246663411492 ], [ 77.570364718967042, 33.66875 ], [ 77.567233954535624, 33.672789510091178 ], [ 77.565815904405412, 33.678315734863311 ], [ 77.559184095594659, 33.680017598470087 ], [ 77.558333333333366, 33.683333333333366 ], [ 77.557980007595518, 33.685757785373298 ], [ 77.554519992404551, 33.689242214626766 ], [ 77.554166666666703, 33.691666666666698 ], [ 77.554524400499162, 33.694121805826853 ], [ 77.564242214626773, 33.703813340928853 ], [ 77.566666666666706, 33.704166666666701 ], [ 77.585543823242219, 33.703599378797776 ], [ 77.589456176757849, 33.700567287868957 ], [ 77.596579996744822, 33.699432712131106 ], [ 77.601956176757852, 33.703599378797776 ], [ 77.610543823242224, 33.704733954535619 ], [ 77.614456176757841, 33.707766045464439 ], [ 77.61887715657555, 33.708900621202289 ], [ 77.622789510091181, 33.711932712131109 ], [ 77.628315904405412, 33.713350931803419 ], [ 77.629166666666706, 33.716666666666697 ], [ 77.628599378797773, 33.718877156575552 ], [ 77.625567287868961, 33.722789510091175 ], [ 77.62443271213111, 33.742413330078158 ], [ 77.628599378797773, 33.747789510091181 ], [ 77.629733954535624, 33.756377156575553 ], [ 77.63276604546445, 33.760289510091177 ], [ 77.634184095594648, 33.765815734863317 ], [ 77.641005452473991, 33.767566257052984 ], [ 77.641666666666708, 33.775 ], [ 77.644091118706626, 33.775353325737882 ], [ 77.648286946614618, 33.779519992404545 ], [ 77.669091118706632, 33.778813340928849 ], [ 77.672575547960108, 33.775353325737882 ], [ 77.683333333333366, 33.775 ] ] ] ] } },
{ "type": "Feature", "properties": { "HYBAS_ID": 4070639900, "NEXT_DOWN": 4070628370, "NEXT_SINK": 4070033640, "MAIN_BAS": 4070033640, "DIST_SINK": 2713.8, "DIST_MAIN": 2713.8, "SUB_AREA": 443.6, "UP_AREA": 29736.1, "PFAF_ID": 4568071, "ENDO": 0, "COAST": 0, "ORDER": 2, "SORT": 5982, "areakm2": 443.52 }, "geometry": { "type": "MultiPolygon", "coordinates": [ [ [ [ 78.054166666666688, 34.066666666666684 ], [ 78.043698289659318, 34.066023763020851 ], [ 78.039635043674068, 34.063142903645854 ], [ 78.035364956325978, 34.061857096354188 ], [ 78.031301710340728, 34.058976236979184 ], [ 78.002031622992646, 34.057690429687518 ], [ 77.98963504367407, 34.046476236979188 ], [ 77.979931471082921, 34.044997490776929 ], [ 77.978395250108534, 34.029938083224849 ], [ 77.963335842556447, 34.028402031792552 ], [ 77.961857265896285, 34.01869845920141 ], [ 77.954016791449675, 34.009542846679707 ], [ 77.947864956325972, 34.007690429687521 ], [ 77.943801710340736, 34.004809570312517 ], [ 77.9375, 34.004166666666684 ], [ 77.936932712131096, 34.006377156575539 ], [ 77.932937452528236, 34.011532253689253 ], [ 77.925807698567723, 34.013361952039951 ], [ 77.924432712131093, 34.019618394639778 ], [ 77.932482401529967, 34.021684095594637 ], [ 77.933900621202284, 34.027210489908875 ], [ 77.936932712131096, 34.031122843424498 ], [ 77.938067287868947, 34.035543823242207 ], [ 77.941099378797759, 34.039456176757831 ], [ 77.94223395453561, 34.042516750759567 ], [ 77.936496988932319, 34.049396091037345 ], [ 77.905079989963127, 34.050607638888906 ], [ 77.9032670762804, 34.057672119140648 ], [ 77.895833333333357, 34.058333333333351 ], [ 77.889242214626762, 34.058686659071199 ], [ 77.883687506781712, 34.06421339246964 ], [ 77.883333333333354, 34.075 ], [ 77.880017598470076, 34.075850762261304 ], [ 77.879166666666691, 34.079166666666687 ], [ 77.875, 34.079166666666701 ], [ 77.874646674262181, 34.085757785373282 ], [ 77.871186659071199, 34.089242214626758 ], [ 77.870480007595503, 34.094091118706615 ], [ 77.856621127658443, 34.10797559950089 ], [ 77.8541666666667, 34.10833333333337 ], [ 77.854809400770421, 34.118801540798628 ], [ 77.857690599229628, 34.122865125868074 ], [ 77.858976067437084, 34.127134874131961 ], [ 77.86185726589629, 34.131198459201407 ], [ 77.863761562771288, 34.137523396809918 ], [ 77.868698289659307, 34.141023763020854 ], [ 77.878152465820335, 34.142464531792555 ], [ 77.879809400770426, 34.147968207465297 ], [ 77.882690599229619, 34.152031792534743 ], [ 77.883976067437089, 34.15630154079863 ], [ 77.886857265896282, 34.160365125868076 ], [ 77.888514200846373, 34.165868801540817 ], [ 77.899780612521724, 34.167585584852453 ], [ 77.903523932562962, 34.172865125868078 ], [ 77.904938083224849, 34.186728583441862 ], [ 77.91880171034073, 34.188142903645854 ], [ 77.927031622992644, 34.195190429687521 ], [ 77.943801710340736, 34.196476236979187 ], [ 77.947864956325972, 34.199357096354184 ], [ 77.952135043674062, 34.200642903645857 ], [ 77.960364956325975, 34.207690429687517 ], [ 77.972968377007405, 34.20897623697919 ], [ 77.977031622992641, 34.211857096354187 ], [ 77.9875, 34.2125 ], [ 77.990815734863304, 34.211649237738733 ], [ 77.992634412977452, 34.204562717013907 ], [ 77.997789510091167, 34.200567287868942 ], [ 78.006377156575539, 34.199432712131099 ], [ 78.01028951009117, 34.19640062120228 ], [ 78.027210489908882, 34.195266045464429 ], [ 78.031122843424498, 34.19223395453561 ], [ 78.0375, 34.191666666666684 ], [ 78.043877156575547, 34.191099378797766 ], [ 78.047789510091164, 34.188067287868947 ], [ 78.052210489908873, 34.186932712131096 ], [ 78.057586669921903, 34.182766045464433 ], [ 78.064710489908876, 34.183900621202277 ], [ 78.069696214464003, 34.187764485677107 ], [ 78.071684265136739, 34.180017428927968 ], [ 78.07831573486331, 34.178315904405402 ], [ 78.079166666666694, 34.175 ], [ 78.089924452039952, 34.175353325737866 ], [ 78.098284403483092, 34.183686659071199 ], [ 78.102424452039955, 34.182980007595503 ], [ 78.105908881293431, 34.179519992404536 ], [ 78.15, 34.179166666666688 ], [ 78.15, 34.175 ], [ 78.150850931803404, 34.171684095594635 ], [ 78.154166666666697, 34.170833333333356 ], [ 78.154519992404531, 34.164242214626753 ], [ 78.158686659071208, 34.160046386718768 ], [ 78.157980007595512, 34.139242214626755 ], [ 78.154519992404531, 34.135757785373286 ], [ 78.154166666666697, 34.133333333333354 ], [ 78.154519992404531, 34.118408881293419 ], [ 78.157980007595512, 34.114924452039951 ], [ 78.158686659071208, 34.110075547960086 ], [ 78.162146674262175, 34.106591118706618 ], [ 78.162857733832482, 34.101711697048628 ], [ 78.173284064398899, 34.091313340928842 ], [ 78.177424452039958, 34.092019992404531 ], [ 78.18162044949004, 34.096186659071201 ], [ 78.189924452039961, 34.095480007595505 ], [ 78.201742214626762, 34.083686659071198 ], [ 78.204166666666694, 34.08333333333335 ], [ 78.204784308539516, 34.068673027886305 ], [ 78.208950975206193, 34.062969292534738 ], [ 78.207715691460521, 34.060339694552972 ], [ 78.200617641872853, 34.052160305447067 ], [ 78.199205864800376, 34.042460801866341 ], [ 78.189506530761747, 34.041049194335955 ], [ 78.181326802571633, 34.033950805664084 ], [ 78.177006530761744, 34.032715861002622 ], [ 78.172993469238307, 34.029784138997414 ], [ 78.170833333333363, 34.029166666666683 ], [ 78.170833333333363, 34.025 ], [ 78.166666666666686, 34.025 ], [ 78.165815734863301, 34.028315904405403 ], [ 78.1625, 34.029166666666683 ], [ 78.161582946777372, 34.032740614149326 ], [ 78.1375, 34.033333333333353 ], [ 78.126742214626759, 34.033686659071201 ], [ 78.123257785373283, 34.037146674262175 ], [ 78.101742214626753, 34.037853325737863 ], [ 78.081591118706626, 34.057980007595503 ], [ 78.064242214626759, 34.058686659071199 ], [ 78.056591118706621, 34.066313340928836 ], [ 78.054166666666688, 34.066666666666684 ] ] ] ] } },
{ "type": "Feature", "properties": { "HYBAS_ID": 4070639910, "NEXT_DOWN": 4070628370, "NEXT_SINK": 4070033640, "MAIN_BAS": 4070033640, "DIST_SINK": 2713.8, "DIST_MAIN": 2713.8, "SUB_AREA": 276.0, "UP_AREA": 14268.5, "PFAF_ID": 4568061, "ENDO": 0, "COAST": 0, "ORDER": 3, "SORT": 5983, "areakm2": 275.9 }, "geometry": { "type": "MultiPolygon", "coordinates": [ [ [ [ 78.154166666666697, 34.170833333333356 ], [ 78.155066257052979, 34.174338785807315 ], [ 78.169852362738737, 34.175654093424498 ], [ 78.186932712131096, 34.1936228434245 ], [ 78.188387383355064, 34.199291653103316 ], [ 78.198043823242216, 34.200567287868942 ], [ 78.206122843424509, 34.207766045464432 ], [ 78.208333333333357, 34.208333333333357 ], [ 78.211865234375026, 34.209239705403668 ], [ 78.213067287868952, 34.227951727973114 ], [ 78.204875183105486, 34.230054050021721 ], [ 78.203599378797762, 34.239710489908873 ], [ 78.20056728786895, 34.243622843424497 ], [ 78.199432712131099, 34.248043823242206 ], [ 78.19223395453561, 34.2561228434245 ], [ 78.191666666666691, 34.266666666666687 ], [ 78.202210489908879, 34.266099378797762 ], [ 78.207586669921895, 34.261932712131099 ], [ 78.210543823242205, 34.263067287868942 ], [ 78.214456176757835, 34.266099378797762 ], [ 78.223043823242207, 34.267233954535612 ], [ 78.228420003255238, 34.271400621202275 ], [ 78.231377156575547, 34.270266045464432 ], [ 78.235289510091164, 34.267233954535612 ], [ 78.239710489908873, 34.266099378797762 ], [ 78.245086669921903, 34.261932712131099 ], [ 78.264710489908879, 34.263067287868942 ], [ 78.268622843424509, 34.266099378797762 ], [ 78.274149068196635, 34.267517428927974 ], [ 78.275967746310783, 34.2746039496528 ], [ 78.281122843424498, 34.278599378797765 ], [ 78.28333333333336, 34.27916666666669 ], [ 78.28333333333336, 34.283333333333353 ], [ 78.285757785373292, 34.282980007595505 ], [ 78.289242214626768, 34.279519992404538 ], [ 78.291666666666686, 34.27916666666669 ], [ 78.292575920952714, 34.275623575846375 ], [ 78.315757412380663, 34.274376424153665 ], [ 78.31723395453561, 34.268622843424502 ], [ 78.324432712131099, 34.260543823242209 ], [ 78.325702921549507, 34.250929090711828 ], [ 78.335289510091172, 34.242233954535614 ], [ 78.340815734863313, 34.240815904405402 ], [ 78.342233954535615, 34.235289510091164 ], [ 78.345266045464427, 34.23137715657554 ], [ 78.346801079644123, 34.225396050347243 ], [ 78.351956176757838, 34.221400621202278 ], [ 78.354166666666686, 34.220833333333353 ], [ 78.353505452473982, 34.213399590386302 ], [ 78.346470981174065, 34.211594306098114 ], [ 78.345266045464427, 34.1936228434245 ], [ 78.342233954535615, 34.189710489908876 ], [ 78.340815734863313, 34.184184095594638 ], [ 78.333729214138486, 34.182365587022588 ], [ 78.328599378797762, 34.175746663411481 ], [ 78.329733954535612, 34.172789510091164 ], [ 78.333900621202275, 34.167413330078148 ], [ 78.332695007324247, 34.150987752278667 ], [ 78.323043823242216, 34.142233954535612 ], [ 78.318622843424507, 34.141099378797762 ], [ 78.314710489908876, 34.138067287868942 ], [ 78.3125, 34.1375 ], [ 78.312146674262181, 34.126742214626759 ], [ 78.304519992404536, 34.119091118706621 ], [ 78.303813340928841, 34.114242214626756 ], [ 78.300353325737873, 34.110757785373281 ], [ 78.3, 34.095833333333353 ], [ 78.293408881293431, 34.095480007595505 ], [ 78.281591118706615, 34.083686659071198 ], [ 78.277453782823372, 34.082980007595509 ], [ 78.273257785373289, 34.087146674262172 ], [ 78.260787116156706, 34.087853325737868 ], [ 78.256591118706623, 34.083686659071198 ], [ 78.248287116156703, 34.082980007595509 ], [ 78.244091118706621, 34.087146674262172 ], [ 78.223287116156712, 34.087853325737868 ], [ 78.219091118706615, 34.083686659071198 ], [ 78.204166666666694, 34.08333333333335 ], [ 78.201742214626762, 34.083686659071198 ], [ 78.189924452039961, 34.095480007595505 ], [ 78.18162044949004, 34.096186659071201 ], [ 78.177424452039958, 34.092019992404531 ], [ 78.173284064398899, 34.091313340928842 ], [ 78.162857733832482, 34.101711697048628 ], [ 78.162146674262175, 34.106591118706618 ], [ 78.158686659071208, 34.110075547960086 ], [ 78.157980007595512, 34.114924452039951 ], [ 78.154519992404531, 34.118408881293419 ], [ 78.154166666666697, 34.133333333333354 ], [ 78.154519992404531, 34.135757785373286 ], [ 78.157980007595512, 34.139242214626755 ], [ 78.158686659071208, 34.160046386718768 ], [ 78.154519992404531, 34.164242214626753 ], [ 78.154166666666697, 34.170833333333356 ] ] ] ] } },
{ "type": "Feature", "properties": { "HYBAS_ID": 4070636790, "NEXT_DOWN": 4070639910, "NEXT_SINK": 4070033640, "MAIN_BAS": 4070033640, "DIST_SINK": 2743.2, "DIST_MAIN": 2743.2, "SUB_AREA": 2288.2, "UP_AREA": 9831.6, "PFAF_ID": 4568063, "ENDO": 0, "COAST": 0, "ORDER": 3, "SORT": 5986, "areakm2": 2287.88 }, "geometry": { "type": "MultiPolygon", "coordinates": [ [ [ [ 78.016666666666694, 34.53333333333336 ], [ 78.015931532118074, 34.540864054362004 ], [ 78.00617319742841, 34.542284138997417 ], [ 78.002160135904973, 34.545215861002625 ], [ 77.977006530761741, 34.546450805664087 ], [ 77.972993469238304, 34.549382527669295 ], [ 77.964506530761739, 34.55061747233075 ], [ 77.956326802571638, 34.557715861002627 ], [ 77.952006530761736, 34.558950805664082 ], [ 77.947993469238298, 34.561882527669297 ], [ 77.927006530761744, 34.563117472330752 ], [ 77.922993469238307, 34.56604919433596 ], [ 77.914506530761741, 34.567284138997422 ], [ 77.906326802571641, 34.574382527669293 ], [ 77.904166666666697, 34.575 ], [ 77.904166666666683, 34.59166666666669 ], [ 77.907482401529975, 34.592517428927977 ], [ 77.90833333333336, 34.59583333333336 ], [ 77.904827880859401, 34.596732923719642 ], [ 77.904166666666683, 34.604166666666693 ], [ 77.901956176757835, 34.604733954535611 ], [ 77.898043823242205, 34.60776604546443 ], [ 77.893622843424495, 34.608900621202281 ], [ 77.889710489908879, 34.6119327121311 ], [ 77.88528951009117, 34.613067287868944 ], [ 77.866722106933608, 34.63071662055124 ], [ 77.871034749348979, 34.636281331380232 ], [ 77.869987657335088, 34.640952555338565 ], [ 77.860289510091164, 34.642233954535612 ], [ 77.856377156575547, 34.645266045464432 ], [ 77.850850931803407, 34.646684095594644 ], [ 77.84943271213109, 34.652210489908882 ], [ 77.842233954535615, 34.660289510091168 ], [ 77.840779283311647, 34.665958319769992 ], [ 77.831122843424495, 34.667233954535618 ], [ 77.827210489908879, 34.67026604546443 ], [ 77.818622843424507, 34.671400621202281 ], [ 77.814710489908876, 34.6744327121311 ], [ 77.808333333333366, 34.675 ], [ 77.807980007595503, 34.677424452039958 ], [ 77.800353325737873, 34.685075547960096 ], [ 77.799646674262178, 34.689924452039953 ], [ 77.796186659071196, 34.693408881293429 ], [ 77.795833333333377, 34.695833333333354 ], [ 77.794945949978313, 34.699291653103323 ], [ 77.785289510091161, 34.70056728786895 ], [ 77.777210489908867, 34.707766045464432 ], [ 77.775, 34.708333333333357 ], [ 77.774432712131102, 34.718877156575545 ], [ 77.770266045464425, 34.724253336588568 ], [ 77.771400621202275, 34.731377156575547 ], [ 77.775567287868938, 34.736753336588563 ], [ 77.774432712131102, 34.752210489908876 ], [ 77.770266045464425, 34.757586669921899 ], [ 77.771507093641517, 34.76993679470489 ], [ 77.778564283582924, 34.771747843424507 ], [ 77.779769049750456, 34.807418823242216 ], [ 77.78333333333336, 34.808333333333358 ], [ 77.782980007595526, 34.819091118706623 ], [ 77.779519992404545, 34.822575547960092 ], [ 77.779166666666697, 34.825 ], [ 77.778498670789972, 34.840854220920164 ], [ 77.768673027886322, 34.842284138997421 ], [ 77.76466030544708, 34.845215861002629 ], [ 77.75, 34.84583333333336 ], [ 77.75, 34.85 ], [ 77.750353325737876, 34.852424452039955 ], [ 77.753813340928858, 34.855908881293431 ], [ 77.754166666666706, 34.8625 ], [ 77.754166666666706, 34.866666666666696 ], [ 77.756591118706638, 34.867019992404536 ], [ 77.760075547960099, 34.870480007595511 ], [ 77.764924452039963, 34.871186659071206 ], [ 77.768408881293439, 34.874646674262181 ], [ 77.773257785373303, 34.875353325737876 ], [ 77.780908881293442, 34.882980007595513 ], [ 77.785757785373306, 34.883686659071209 ], [ 77.789242214626768, 34.887146674262176 ], [ 77.804166666666703, 34.8875 ], [ 77.832551744249173, 34.886827596028674 ], [ 77.834078301323828, 34.871863471137175 ], [ 77.839634874131974, 34.870190429687526 ], [ 77.84369845920142, 34.867309570312528 ], [ 77.852134874131977, 34.866023763020863 ], [ 77.858011542426254, 34.861857096354193 ], [ 77.882288614908887, 34.86319715711808 ], [ 77.883976236979208, 34.868801540798636 ], [ 77.886893717447947, 34.87291666666669 ], [ 77.882690429687543, 34.878844875759576 ], [ 77.885375637478333, 34.883976236979194 ], [ 77.897968207465311, 34.882690429687528 ], [ 77.902031792534757, 34.879809570312524 ], [ 77.920833333333377, 34.879166666666691 ], [ 77.921684265136747, 34.875850762261308 ], [ 77.928770785861573, 34.874032253689265 ], [ 77.932766045464433, 34.86887715657555 ], [ 77.934253099229622, 34.863082885742216 ], [ 77.943622843424507, 34.854733954535618 ], [ 77.949149068196633, 34.853315904405406 ], [ 77.95, 34.85 ], [ 77.952424452039949, 34.849646674262175 ], [ 77.955908881293425, 34.846186659071208 ], [ 77.969091118706615, 34.845480007595512 ], [ 77.972916666666691, 34.841681247287354 ], [ 77.976742214626753, 34.845480007595512 ], [ 77.991666666666688, 34.84583333333336 ], [ 77.994091118706621, 34.845480007595512 ], [ 77.997575547960096, 34.842019992404538 ], [ 78.006591118706623, 34.841313340928842 ], [ 78.010075547960085, 34.837853325737875 ], [ 78.014924452039949, 34.837146674262179 ], [ 78.022575547960088, 34.829519992404542 ], [ 78.027424452039952, 34.828813340928846 ], [ 78.030908881293428, 34.825353325737872 ], [ 78.041666666666686, 34.825 ], [ 78.042634412977449, 34.821229383680581 ], [ 78.047789510091164, 34.817233954535617 ], [ 78.053520880805138, 34.815763007269993 ], [ 78.066099378797759, 34.80221048990888 ], [ 78.06723395453561, 34.797789510091171 ], [ 78.070266045464436, 34.793877156575547 ], [ 78.071400621202287, 34.789456176757838 ], [ 78.078599378797762, 34.781377156575545 ], [ 78.079733954535612, 34.776956176757835 ], [ 78.082766045464439, 34.773043823242212 ], [ 78.084184265136741, 34.767517428927974 ], [ 78.0875, 34.766666666666694 ], [ 78.103253343370255, 34.7660590277778 ], [ 78.104166666666686, 34.7625 ], [ 78.114924452039958, 34.762146674262176 ], [ 78.11875, 34.758347913954019 ], [ 78.123287116156703, 34.762853325737872 ], [ 78.156591118706615, 34.762146674262176 ], [ 78.160075547960091, 34.758686659071202 ], [ 78.1625, 34.758333333333361 ], [ 78.1625, 34.754166666666691 ], [ 78.166666666666686, 34.754166666666691 ], [ 78.169091118706618, 34.753813340928843 ], [ 78.172575547960093, 34.750353325737869 ], [ 78.177424452039958, 34.749646674262181 ], [ 78.185075547960096, 34.742019992404536 ], [ 78.189924452039961, 34.741313340928841 ], [ 78.193408881293422, 34.737853325737873 ], [ 78.198290167914521, 34.737141927083357 ], [ 78.203813340928846, 34.731591118706625 ], [ 78.204519992404542, 34.726742214626761 ], [ 78.207980007595509, 34.723257785373292 ], [ 78.208333333333357, 34.72083333333336 ], [ 78.210757785373289, 34.720480007595512 ], [ 78.214242214626765, 34.717019992404538 ], [ 78.227424452039955, 34.716313340928842 ], [ 78.230908881293431, 34.712853325737875 ], [ 78.248257785373283, 34.712146674262179 ], [ 78.251742214626759, 34.708686659071205 ], [ 78.2625, 34.708333333333357 ], [ 78.262858072916686, 34.705876329210092 ], [ 78.268408881293425, 34.700353325737872 ], [ 78.275, 34.7 ], [ 78.274646674262172, 34.672575547960093 ], [ 78.262513732910179, 34.660417344835096 ], [ 78.266313340928846, 34.656591118706622 ], [ 78.267019992404542, 34.643408881293425 ], [ 78.270480007595509, 34.639924452039956 ], [ 78.270833333333357, 34.633333333333354 ], [ 78.272993469238301, 34.63271586100263 ], [ 78.277006530761739, 34.629784138997422 ], [ 78.282406955295158, 34.628240288628497 ], [ 78.283950975206182, 34.622839694552972 ], [ 78.286882358127201, 34.618826972113737 ], [ 78.288712565104191, 34.612425401475718 ], [ 78.29375, 34.616105143229191 ], [ 78.297839864095081, 34.613117472330757 ], [ 78.331326802571638, 34.611882527669295 ], [ 78.340930006239176, 34.603549194335962 ], [ 78.352160135904967, 34.604784138997417 ], [ 78.357864210340736, 34.608950805664087 ], [ 78.37299346923831, 34.607715861002625 ], [ 78.37708333333336, 34.60472819010419 ], [ 78.38125, 34.607771809895858 ], [ 78.385339864095073, 34.604784138997417 ], [ 78.393826802571638, 34.603549194335962 ], [ 78.397839864095076, 34.600617472330754 ], [ 78.402160135904978, 34.599382527669292 ], [ 78.406173197428416, 34.596450805664084 ], [ 78.414660135904967, 34.595215861002629 ], [ 78.418673197428404, 34.592284138997421 ], [ 78.429784308539524, 34.590667046440998 ], [ 78.428549024793867, 34.564506361219642 ], [ 78.425561523437523, 34.56041666666669 ], [ 78.428549024793867, 34.556326972113737 ], [ 78.429166666666688, 34.554166666666688 ], [ 78.429733954535621, 34.551956176757834 ], [ 78.432766045464433, 34.54804382324221 ], [ 78.43418426513675, 34.542517428927972 ], [ 78.4375, 34.541666666666693 ], [ 78.43863711886938, 34.537235514322937 ], [ 78.443622843424507, 34.541099378797767 ], [ 78.445833333333354, 34.541666666666693 ], [ 78.446186659071202, 34.539242214626761 ], [ 78.454519992404542, 34.530882432725718 ], [ 78.453813340928846, 34.522575547960095 ], [ 78.450353325737879, 34.519091118706619 ], [ 78.449646674262183, 34.514242214626762 ], [ 78.446186659071202, 34.510757785373286 ], [ 78.445480007595506, 34.505908881293422 ], [ 78.442019992404539, 34.502424452039953 ], [ 78.441313340928843, 34.493408881293426 ], [ 78.437853325737876, 34.489924452039951 ], [ 78.4375, 34.4875 ], [ 78.438387383355064, 34.484041680230057 ], [ 78.448043823242216, 34.48276604546443 ], [ 78.451956176757832, 34.479733954535611 ], [ 78.474090745714008, 34.478543090820338 ], [ 78.475567287868955, 34.472789510091168 ], [ 78.478599378797767, 34.468877156575545 ], [ 78.480017598470084, 34.463350762261307 ], [ 78.48710411919491, 34.461532253689256 ], [ 78.49109937879777, 34.456377156575542 ], [ 78.492233954535621, 34.44778951009117 ], [ 78.495266045464433, 34.443877156575546 ], [ 78.496536254882841, 34.434262424045158 ], [ 78.506122843424507, 34.425567287868944 ], [ 78.508333333333354, 34.425 ], [ 78.507980007595506, 34.422575547960093 ], [ 78.503813340928843, 34.418379720052108 ], [ 78.504519992404539, 34.401742214626758 ], [ 78.508318752712697, 34.397916666666688 ], [ 78.504519992404539, 34.394091118706619 ], [ 78.504166666666691, 34.383333333333354 ], [ 78.5, 34.383333333333354 ], [ 78.497575547960096, 34.383686659071202 ], [ 78.494091118706621, 34.387146674262176 ], [ 78.485787116156715, 34.387853325737872 ], [ 78.481591118706618, 34.383686659071202 ], [ 78.476742214626768, 34.382980007595506 ], [ 78.473257785373292, 34.379519992404539 ], [ 78.468408881293428, 34.378813340928843 ], [ 78.462855699327278, 34.373287963867213 ], [ 78.462146674262172, 34.364242214626756 ], [ 78.458686659071205, 34.360757785373288 ], [ 78.457980007595509, 34.355908881293423 ], [ 78.454519992404542, 34.352424452039955 ], [ 78.454166666666694, 34.35 ], [ 78.447575547960099, 34.349646674262175 ], [ 78.444091118706623, 34.346186659071201 ], [ 78.435785590277803, 34.345480007595505 ], [ 78.429524739583357, 34.351709662543428 ], [ 78.428813340928841, 34.356591118706618 ], [ 78.42329118516713, 34.36214090983075 ], [ 78.419116889105922, 34.362853325737866 ], [ 78.406591118706629, 34.350353325737871 ], [ 78.404166666666697, 34.35 ], [ 78.404166666666697, 34.3375 ], [ 78.397575547960088, 34.337146674262172 ], [ 78.394091118706626, 34.333686659071205 ], [ 78.379166666666691, 34.333333333333357 ], [ 78.378198920355928, 34.329562717013907 ], [ 78.373043823242213, 34.325567287868942 ], [ 78.367062547471818, 34.324032253689261 ], [ 78.363067287868944, 34.318877156575539 ], [ 78.361600409613743, 34.313161214192732 ], [ 78.347789510091175, 34.311932712131096 ], [ 78.342413330078145, 34.307766045464433 ], [ 78.335289510091172, 34.308900621202277 ], [ 78.329913330078156, 34.313067287868947 ], [ 78.318622843424507, 34.311932712131096 ], [ 78.314710489908876, 34.308900621202277 ], [ 78.3050959269206, 34.307630411783876 ], [ 78.296400621202281, 34.29804382324221 ], [ 78.294865587022599, 34.292062717013913 ], [ 78.289710489908884, 34.288067287868941 ], [ 78.2875, 34.2875 ], [ 78.284184265136744, 34.286649237738736 ], [ 78.28333333333336, 34.283333333333353 ], [ 78.28333333333336, 34.27916666666669 ], [ 78.281122843424498, 34.278599378797765 ], [ 78.275967746310783, 34.2746039496528 ], [ 78.274149068196635, 34.267517428927974 ], [ 78.268622843424509, 34.266099378797762 ], [ 78.264710489908879, 34.263067287868942 ], [ 78.245086669921903, 34.261932712131099 ], [ 78.239710489908873, 34.266099378797762 ], [ 78.235289510091164, 34.267233954535612 ], [ 78.231377156575547, 34.270266045464432 ], [ 78.228420003255238, 34.271400621202275 ], [ 78.223043823242207, 34.267233954535612 ], [ 78.214456176757835, 34.266099378797762 ], [ 78.210543823242205, 34.263067287868942 ], [ 78.207586669921895, 34.261932712131099 ], [ 78.202210489908879, 34.266099378797762 ], [ 78.191666666666691, 34.266666666666687 ], [ 78.18845723470055, 34.267422485351581 ], [ 78.175529479980497, 34.281085205078149 ], [ 78.174470520019554, 34.285581461588563 ], [ 78.170303853352891, 34.290726047092036 ], [ 78.171745300292997, 34.295066663954017 ], [ 78.175, 34.295833333333356 ], [ 78.174432712131093, 34.29804382324221 ], [ 78.166083780924509, 34.307413736979186 ], [ 78.160289510091175, 34.308900621202277 ], [ 78.156377156575545, 34.311932712131096 ], [ 78.150850931803404, 34.313350762261308 ], [ 78.149432712131102, 34.318877156575539 ], [ 78.145437452528242, 34.324032253689261 ], [ 78.139456176757832, 34.325567287868942 ], [ 78.131377156575539, 34.332766045464432 ], [ 78.122789510091167, 34.333900621202275 ], [ 78.11887715657555, 34.336932712131102 ], [ 78.116666666666688, 34.3375 ], [ 78.115815734863304, 34.340815904405403 ], [ 78.110289510091164, 34.342233954535615 ], [ 78.100919765896293, 34.350582885742206 ], [ 78.099432712131104, 34.35637715657554 ], [ 78.09543745252823, 34.361532253689255 ], [ 78.088208516438826, 34.363387383355054 ], [ 78.086791483561214, 34.374112616644986 ], [ 78.081122843424495, 34.375567287868947 ], [ 78.077210489908879, 34.378599378797766 ], [ 78.07278951009117, 34.37973395453561 ], [ 78.068877156575539, 34.382766045464429 ], [ 78.06445617675783, 34.38390062120228 ], [ 78.056377156575536, 34.391099378797762 ], [ 78.043622843424501, 34.392233954535612 ], [ 78.037465752495677, 34.397368706597241 ], [ 78.045382859971809, 34.406253729926235 ], [ 78.029733954535615, 34.422789510091171 ], [ 78.029166666666683, 34.425 ], [ 78.029166666666683, 34.429166666666688 ], [ 78.029733954535615, 34.431377156575543 ], [ 78.041099378797767, 34.4436228434245 ], [ 78.042233954535618, 34.448043823242209 ], [ 78.04526604546443, 34.451956176757832 ], [ 78.046742587619377, 34.457709757487002 ], [ 78.058333333333351, 34.458333333333357 ], [ 78.057980007595503, 34.477424452039955 ], [ 78.050353325737873, 34.485075547960093 ], [ 78.05, 34.5 ], [ 78.05, 34.508333333333354 ], [ 78.047839864095067, 34.508950805664085 ], [ 78.04382680257163, 34.511882527669293 ], [ 78.021642896864165, 34.51318800184464 ], [ 78.020215691460521, 34.522993638780406 ], [ 78.017284308539516, 34.527006361219641 ], [ 78.016666666666694, 34.53333333333336 ] ] ] ] } },
{ "type": "Feature", "properties": { "HYBAS_ID": 4070636800, "NEXT_DOWN": 4070639910, "NEXT_SINK": 4070033640, "MAIN_BAS": 4070033640, "DIST_SINK": 2743.2, "DIST_MAIN": 2743.2, "SUB_AREA": 4160.4, "UP_AREA": 4160.7, "PFAF_ID": 4568062, "ENDO": 0, "COAST": 0, "ORDER": 4, "SORT": 5987, "areakm2": 4159.53 }, "geometry": { "type": "MultiPolygon", "coordinates": [ [ [ [ 78.93137715657555, 34.591099378797765 ], [ 78.935289510091181, 34.588067287868945 ], [ 78.944945949978333, 34.586791653103319 ], [ 78.945833333333368, 34.583333333333357 ], [ 78.946186659071216, 34.576742214626762 ], [ 78.949646674262183, 34.573257785373286 ], [ 78.95, 34.570833333333354 ], [ 78.952210489908879, 34.570266045464436 ], [ 78.960289510091172, 34.563067287868947 ], [ 78.969945949978325, 34.56179165310332 ], [ 78.971684095594654, 34.555017428927975 ], [ 78.977210489908884, 34.553599378797763 ], [ 78.982586669921901, 34.5494327121311 ], [ 78.99387715657555, 34.550567287868944 ], [ 78.999253336588566, 34.554733954535614 ], [ 79.015678914388047, 34.553528171115474 ], [ 79.024432712131102, 34.543877156575547 ], [ 79.025, 34.541666666666693 ], [ 79.026035563151069, 34.538312445746548 ], [ 79.035455661349857, 34.53684455023874 ], [ 79.039544338650202, 34.533988783094642 ], [ 79.045074462890653, 34.532281155056445 ], [ 79.046488783094645, 34.51871100531686 ], [ 79.053511216905406, 34.510455661349852 ], [ 79.055149671766529, 34.505149671766517 ], [ 79.060455661349863, 34.503511216905402 ], [ 79.064544338650208, 34.500655449761311 ], [ 79.068788994683189, 34.499344550238739 ], [ 79.072877671983534, 34.496488783094641 ], [ 79.096101548936659, 34.49503309461808 ], [ 79.091011216905414, 34.487745836046031 ], [ 79.094329833984403, 34.481749810112873 ], [ 79.097877671983539, 34.479822116427975 ], [ 79.113155449761322, 34.478230116102452 ], [ 79.111844550238743, 34.4645443386502 ], [ 79.108386569552977, 34.459594048394123 ], [ 79.114544338650205, 34.454822116427977 ], [ 79.118788994683186, 34.453511216905405 ], [ 79.122916666666697, 34.450627983940997 ], [ 79.127898152669303, 34.454107666015645 ], [ 79.129166666666691, 34.45 ], [ 79.132672119140651, 34.449100409613735 ], [ 79.133333333333368, 34.441666666666691 ], [ 79.132445949978333, 34.438208346896722 ], [ 79.122789510091181, 34.436932712131096 ], [ 79.114710489908887, 34.429733954535614 ], [ 79.097789510091175, 34.428599378797763 ], [ 79.093877156575559, 34.425567287868944 ], [ 79.087896050347254, 34.424032253689262 ], [ 79.083900621202289, 34.41887715657554 ], [ 79.083333333333371, 34.416666666666686 ], [ 79.081122843424509, 34.416099378797767 ], [ 79.077210489908879, 34.413067287868948 ], [ 79.072048272026933, 34.411932712131097 ], [ 79.070266045464436, 34.41887715657554 ], [ 79.067233954535624, 34.422789510091171 ], [ 79.065770128038224, 34.428492906358528 ], [ 79.053420003255241, 34.429733954535614 ], [ 79.048043823242224, 34.425567287868944 ], [ 79.039456176757838, 34.4244327121311 ], [ 79.035543823242222, 34.421400621202281 ], [ 79.03333333333336, 34.420833333333356 ], [ 79.032672119140656, 34.413399590386305 ], [ 79.026956176757849, 34.411932712131097 ], [ 79.018877156575556, 34.404733954535615 ], [ 78.993622843424504, 34.403599378797765 ], [ 78.989710489908887, 34.400567287868945 ], [ 78.976956176757838, 34.399432712131102 ], [ 78.964710489908882, 34.388067287868942 ], [ 78.9625, 34.3875 ], [ 78.9625, 34.370833333333358 ], [ 78.960289510091172, 34.370266045464433 ], [ 78.942562188042558, 34.353489515516515 ], [ 78.941099378797773, 34.347789510091168 ], [ 78.938067287868947, 34.343877156575545 ], [ 78.93693271213111, 34.335289510091165 ], [ 78.933900621202284, 34.331377156575542 ], [ 78.932766045464433, 34.32278951009117 ], [ 78.929733954535621, 34.318877156575539 ], [ 78.928257581922779, 34.313123575846376 ], [ 78.9166666666667, 34.3125 ], [ 78.9166666666667, 34.308333333333351 ], [ 78.901956176757835, 34.308900621202277 ], [ 78.896801079644121, 34.312896050347241 ], [ 78.894945949978322, 34.320124986436653 ], [ 78.88528951009117, 34.32140062120228 ], [ 78.881377156575553, 34.324432712131099 ], [ 78.876956176757844, 34.325567287868942 ], [ 78.873043823242213, 34.328599378797762 ], [ 78.868622843424504, 34.329733954535612 ], [ 78.863467746310789, 34.333729383680577 ], [ 78.861932712131107, 34.339710489908875 ], [ 78.857937282986143, 34.344865587022589 ], [ 78.8541666666667, 34.345833333333353 ], [ 78.843408881293428, 34.346186659071201 ], [ 78.839924452039952, 34.349646674262175 ], [ 78.822575547960099, 34.350353325737871 ], [ 78.819091118706623, 34.353813340928838 ], [ 78.814242214626759, 34.354519992404533 ], [ 78.810757785373298, 34.357980007595508 ], [ 78.801742214626771, 34.358686659071203 ], [ 78.798257785373295, 34.362146674262178 ], [ 78.794120449490052, 34.362853325737866 ], [ 78.789924452039955, 34.358686659071203 ], [ 78.781616889105933, 34.357980007595508 ], [ 78.769091118706626, 34.370480007595511 ], [ 78.760075547960099, 34.371186659071199 ], [ 78.752084011501765, 34.379152764214432 ], [ 78.748257785373298, 34.375353325737869 ], [ 78.743408881293433, 34.374646674262173 ], [ 78.739924452039958, 34.371186659071199 ], [ 78.7125, 34.370833333333358 ], [ 78.712146674262186, 34.368408881293426 ], [ 78.708686659071205, 34.364924452039951 ], [ 78.708333333333357, 34.3625 ], [ 78.693408881293436, 34.362146674262178 ], [ 78.689924452039961, 34.358686659071203 ], [ 78.685075547960096, 34.357980007595508 ], [ 78.681591118706621, 34.354519992404533 ], [ 78.673287116156715, 34.353813340928838 ], [ 78.669091118706618, 34.357980007595508 ], [ 78.664953782823375, 34.358686659071203 ], [ 78.660757785373292, 34.354519992404533 ], [ 78.651742214626765, 34.353813340928838 ], [ 78.648257785373289, 34.350353325737871 ], [ 78.645833333333357, 34.35 ], [ 78.646450975206193, 34.339506361219641 ], [ 78.649382358127198, 34.335493638780406 ], [ 78.651158820258274, 34.329280598958356 ], [ 78.656173197428416, 34.325617472330748 ], [ 78.660493469238304, 34.324382527669293 ], [ 78.664506530761741, 34.321450805664085 ], [ 78.668826802571644, 34.320215861002623 ], [ 78.672839864095081, 34.317284138997415 ], [ 78.68549346923831, 34.31604919433596 ], [ 78.689506530761747, 34.313117472330752 ], [ 78.693826802571635, 34.31188252766929 ], [ 78.697839864095073, 34.308950805664082 ], [ 78.707539198133702, 34.307539198133703 ], [ 78.709146626790385, 34.296494886610262 ], [ 78.744959004720073, 34.29517381456165 ], [ 78.757715691460533, 34.281326972113739 ], [ 78.758333333333354, 34.266666666666687 ], [ 78.754166666666691, 34.266666666666687 ], [ 78.751956176757844, 34.266099378797762 ], [ 78.746489291720948, 34.26154005262589 ], [ 78.745172119140648, 34.246732923719641 ], [ 78.73835093180341, 34.244982571072072 ], [ 78.73661261664499, 34.23820834689672 ], [ 78.726956176757838, 34.2369327121311 ], [ 78.710543823242219, 34.221400621202278 ], [ 78.701956176757847, 34.220266045464427 ], [ 78.698043823242216, 34.217233954535608 ], [ 78.693622843424507, 34.216099378797765 ], [ 78.68137715657555, 34.204733954535612 ], [ 78.67585093180341, 34.2033159044054 ], [ 78.67411261664499, 34.196541680230055 ], [ 78.664456176757838, 34.195266045464429 ], [ 78.656258816189265, 34.187961832682312 ], [ 78.652210489908882, 34.191099378797766 ], [ 78.645833333333357, 34.191666666666684 ], [ 78.645480007595509, 34.180908881293426 ], [ 78.637853325737879, 34.173257785373281 ], [ 78.6375, 34.1625 ], [ 78.630908881293436, 34.162146674262175 ], [ 78.627424452039961, 34.158686659071201 ], [ 78.619117736816435, 34.157980007595505 ], [ 78.610757785373295, 34.166313340928838 ], [ 78.605908881293431, 34.167019992404533 ], [ 78.602424452039955, 34.170480007595508 ], [ 78.594120449490049, 34.171186659071203 ], [ 78.589924452039952, 34.167019992404533 ], [ 78.580908881293425, 34.166313340928838 ], [ 78.571191067165827, 34.15662163628474 ], [ 78.570833333333354, 34.15416666666669 ], [ 78.570480007595506, 34.151742214626758 ], [ 78.567019992404539, 34.148257785373282 ], [ 78.566666666666691, 34.133333333333354 ], [ 78.546749030219218, 34.133931816948802 ], [ 78.54526604546443, 34.139710489908872 ], [ 78.542233954535618, 34.143622843424502 ], [ 78.541099378797767, 34.148043823242205 ], [ 78.538067287868955, 34.151956176757835 ], [ 78.536932712131104, 34.156377156575545 ], [ 78.533900621202278, 34.160289510091168 ], [ 78.532766045464442, 34.16887715657554 ], [ 78.525567287868952, 34.176956176757834 ], [ 78.524432712131102, 34.185543823242206 ], [ 78.519913906521296, 34.190962388780406 ], [ 78.51028951009117, 34.19223395453561 ], [ 78.502210489908876, 34.199432712131099 ], [ 78.485289510091178, 34.200567287868942 ], [ 78.481377156575547, 34.203599378797762 ], [ 78.479166666666686, 34.204166666666687 ], [ 78.475708516438829, 34.203279283311652 ], [ 78.474432712131104, 34.1936228434245 ], [ 78.467233954535615, 34.185543823242206 ], [ 78.465815734863313, 34.180017428927968 ], [ 78.4625, 34.179166666666688 ], [ 78.451742214626762, 34.179519992404536 ], [ 78.444091118706623, 34.187146674262173 ], [ 78.435075547960096, 34.187853325737869 ], [ 78.421191067165822, 34.201712375217035 ], [ 78.420833333333363, 34.204166666666687 ], [ 78.418585035536054, 34.204696316189256 ], [ 78.409089999728764, 34.213454182942726 ], [ 78.407803853352888, 34.218914794921893 ], [ 78.404562547471812, 34.222916666666684 ], [ 78.407803853352888, 34.226918538411482 ], [ 78.408862813313831, 34.231414794921896 ], [ 78.412982008192301, 34.23650071885853 ], [ 78.411278788248723, 34.241969129774326 ], [ 78.406414964464005, 34.238029649522588 ], [ 78.393585035536049, 34.236970350477449 ], [ 78.385581631130663, 34.229696316189255 ], [ 78.368585035536043, 34.228637017144116 ], [ 78.360581631130671, 34.221362982855922 ], [ 78.354166666666686, 34.220833333333353 ], [ 78.351956176757838, 34.221400621202278 ], [ 78.346801079644123, 34.225396050347243 ], [ 78.345266045464427, 34.23137715657554 ], [ 78.342233954535615, 34.235289510091164 ], [ 78.340815734863313, 34.240815904405402 ], [ 78.335289510091172, 34.242233954535614 ], [ 78.325702921549507, 34.250929090711828 ], [ 78.324432712131099, 34.260543823242209 ], [ 78.31723395453561, 34.268622843424502 ], [ 78.315757412380663, 34.274376424153665 ], [ 78.292575920952714, 34.275623575846375 ], [ 78.291666666666686, 34.27916666666669 ], [ 78.289242214626768, 34.279519992404538 ], [ 78.285757785373292, 34.282980007595505 ], [ 78.28333333333336, 34.283333333333353 ], [ 78.284184265136744, 34.286649237738736 ], [ 78.2875, 34.2875 ], [ 78.289710489908884, 34.288067287868941 ], [ 78.294865587022599, 34.292062717013913 ], [ 78.296400621202281, 34.29804382324221 ], [ 78.3050959269206, 34.307630411783876 ], [ 78.314710489908876, 34.308900621202277 ], [ 78.318622843424507, 34.311932712131096 ], [ 78.329913330078156, 34.313067287868947 ], [ 78.335289510091172, 34.308900621202277 ], [ 78.342413330078145, 34.307766045464433 ], [ 78.347789510091175, 34.311932712131096 ], [ 78.361600409613743, 34.313161214192732 ], [ 78.363067287868944, 34.318877156575539 ], [ 78.367062547471818, 34.324032253689261 ], [ 78.373043823242213, 34.325567287868942 ], [ 78.378198920355928, 34.329562717013907 ], [ 78.379166666666691, 34.333333333333357 ], [ 78.394091118706626, 34.333686659071205 ], [ 78.397575547960088, 34.337146674262172 ], [ 78.404166666666697, 34.3375 ], [ 78.404166666666697, 34.35 ], [ 78.406591118706629, 34.350353325737871 ], [ 78.419116889105922, 34.362853325737866 ], [ 78.42329118516713, 34.36214090983075 ], [ 78.428813340928841, 34.356591118706618 ], [ 78.429524739583357, 34.351709662543428 ], [ 78.435785590277803, 34.345480007595505 ], [ 78.444091118706623, 34.346186659071201 ], [ 78.447575547960099, 34.349646674262175 ], [ 78.454166666666694, 34.35 ], [ 78.454519992404542, 34.352424452039955 ], [ 78.457980007595509, 34.355908881293423 ], [ 78.458686659071205, 34.360757785373288 ], [ 78.462146674262172, 34.364242214626756 ], [ 78.462855699327278, 34.373287963867213 ], [ 78.468408881293428, 34.378813340928843 ], [ 78.473257785373292, 34.379519992404539 ], [ 78.476742214626768, 34.382980007595506 ], [ 78.481591118706618, 34.383686659071202 ], [ 78.485787116156715, 34.387853325737872 ], [ 78.494091118706621, 34.387146674262176 ], [ 78.497575547960096, 34.383686659071202 ], [ 78.5, 34.383333333333354 ], [ 78.504166666666691, 34.383333333333354 ], [ 78.504519992404539, 34.394091118706619 ], [ 78.508318752712697, 34.397916666666688 ], [ 78.504519992404539, 34.401742214626758 ], [ 78.503813340928843, 34.418379720052108 ], [ 78.507980007595506, 34.422575547960093 ], [ 78.508333333333354, 34.425 ], [ 78.506122843424507, 34.425567287868944 ], [ 78.496536254882841, 34.434262424045158 ], [ 78.495266045464433, 34.443877156575546 ], [ 78.492233954535621, 34.44778951009117 ], [ 78.49109937879777, 34.456377156575542 ], [ 78.48710411919491, 34.461532253689256 ], [ 78.480017598470084, 34.463350762261307 ], [ 78.478599378797767, 34.468877156575545 ], [ 78.475567287868955, 34.472789510091168 ], [ 78.474090745714008, 34.478543090820338 ], [ 78.451956176757832, 34.479733954535611 ], [ 78.448043823242216, 34.48276604546443 ], [ 78.438387383355064, 34.484041680230057 ], [ 78.4375, 34.4875 ], [ 78.437853325737876, 34.489924452039951 ], [ 78.441313340928843, 34.493408881293426 ], [ 78.442019992404539, 34.502424452039953 ], [ 78.445480007595506, 34.505908881293422 ], [ 78.446186659071202, 34.510757785373286 ], [ 78.449646674262183, 34.514242214626762 ], [ 78.450353325737879, 34.519091118706619 ], [ 78.453813340928846, 34.522575547960095 ], [ 78.454519992404542, 34.530882432725718 ], [ 78.446186659071202, 34.539242214626761 ], [ 78.445833333333354, 34.541666666666693 ], [ 78.446186659071202, 34.544091118706618 ], [ 78.449646674262183, 34.547575547960093 ], [ 78.45, 34.55 ], [ 78.45056728786895, 34.556377156575543 ], [ 78.453599378797776, 34.560289510091167 ], [ 78.455134412977458, 34.566270616319471 ], [ 78.460289510091172, 34.570266045464436 ], [ 78.478260972764787, 34.571471150716171 ], [ 78.480054050021721, 34.578458319769986 ], [ 78.489710489908873, 34.579733954535612 ], [ 78.493622843424504, 34.582766045464432 ], [ 78.495833333333366, 34.583333333333357 ], [ 78.49668426513675, 34.580017428927974 ], [ 78.502210489908876, 34.578599378797769 ], [ 78.506122843424507, 34.57556728786895 ], [ 78.531377156575545, 34.574432712131099 ], [ 78.535289510091175, 34.57140062120228 ], [ 78.554166666666688, 34.570833333333354 ], [ 78.554733954535621, 34.560289510091167 ], [ 78.557766045464433, 34.556377156575543 ], [ 78.558900621202284, 34.543622843424501 ], [ 78.562031216091611, 34.539583333333354 ], [ 78.557766045464433, 34.534079996744815 ], [ 78.558900621202284, 34.522789510091172 ], [ 78.561932712131096, 34.518877156575542 ], [ 78.563399590386311, 34.513161214192735 ], [ 78.578267076280412, 34.511838785807313 ], [ 78.580303785536046, 34.503902180989606 ], [ 78.585289510091172, 34.507766045464436 ], [ 78.591666666666697, 34.508333333333354 ], [ 78.592233954535615, 34.518877156575542 ], [ 78.595266045464442, 34.522789510091172 ], [ 78.596801079644123, 34.52877061631947 ], [ 78.601956176757838, 34.532766045464435 ], [ 78.606377156575547, 34.533900621202278 ], [ 78.614574517144121, 34.541204833984395 ], [ 78.620086669921903, 34.536932712131097 ], [ 78.623043823242213, 34.538067287868948 ], [ 78.626956176757844, 34.541099378797767 ], [ 78.649090745714005, 34.542290242513047 ], [ 78.650850931803419, 34.549149237738739 ], [ 78.654166666666697, 34.55 ], [ 78.665889994303413, 34.550719875759569 ], [ 78.667309400770421, 34.564634874131968 ], [ 78.671052720811659, 34.569914415147593 ], [ 78.681301710340733, 34.571476236979187 ], [ 78.686238437228766, 34.57497660319013 ], [ 78.688464185926676, 34.582368977864604 ], [ 78.693801710340736, 34.58397623697919 ], [ 78.697864956325986, 34.586857096354187 ], [ 78.715628560384147, 34.58821885850697 ], [ 78.716666666666697, 34.59166666666669 ], [ 78.727424452039955, 34.591313340928842 ], [ 78.730908881293431, 34.587853325737868 ], [ 78.735757785373295, 34.587146674262179 ], [ 78.739953782823378, 34.582980007595509 ], [ 78.773257785373289, 34.583686659071205 ], [ 78.777453782823386, 34.587853325737868 ], [ 78.848257785373292, 34.587146674262179 ], [ 78.851742214626768, 34.583686659071205 ], [ 78.856591118706632, 34.582980007595509 ], [ 78.86078694661461, 34.578813340928846 ], [ 78.889924452039963, 34.579519992404535 ], [ 78.893408881293425, 34.582980007595509 ], [ 78.902424452039966, 34.583686659071205 ], [ 78.905908881293428, 34.587146674262179 ], [ 78.910757785373292, 34.587853325737868 ], [ 78.914242214626768, 34.591313340928842 ], [ 78.9166666666667, 34.59166666666669 ], [ 78.920833333333363, 34.59166666666669 ], [ 78.93137715657555, 34.591099378797765 ] ] ] ] } },
{ "type": "Feature", "properties": { "HYBAS_ID": 4070659010, "NEXT_DOWN": 4070646720, "NEXT_SINK": 4070033640, "MAIN_BAS": 4070033640, "DIST_SINK": 2754.2, "DIST_MAIN": 2754.2, "SUB_AREA": 2037.9, "UP_AREA": 2038.1, "PFAF_ID": 4569044, "ENDO": 0, "COAST": 0, "ORDER": 3, "SORT": 5988, "areakm2": 2037.14 }, "geometry": { "type": "MultiPolygon", "coordinates": [ [ [ [ 76.379166666666691, 33.575 ], [ 76.376742214626759, 33.575353325737879 ], [ 76.358687506781706, 33.593382771809928 ], [ 76.358333333333363, 33.6041666666667 ], [ 76.347575547960091, 33.604519992404548 ], [ 76.344091118706615, 33.607980007595515 ], [ 76.339953782823372, 33.608686659071211 ], [ 76.335757785373289, 33.604519992404548 ], [ 76.330908881293425, 33.603813340928852 ], [ 76.327424452039949, 33.600353325737878 ], [ 76.323287116156706, 33.599646674262182 ], [ 76.319091118706623, 33.603813340928852 ], [ 76.308333333333351, 33.6041666666667 ], [ 76.304166666666688, 33.6041666666667 ], [ 76.303549024793867, 33.606326802571644 ], [ 76.296450975206184, 33.614506530761751 ], [ 76.295215691460527, 33.618826802571647 ], [ 76.292284308539521, 33.622839864095084 ], [ 76.291049024793864, 33.63132680257165 ], [ 76.288117641872859, 33.635339864095087 ], [ 76.286697387695341, 33.645098198784751 ], [ 76.279166666666697, 33.645833333333364 ], [ 76.279519992404545, 33.656591118706629 ], [ 76.282980007595512, 33.660075547960105 ], [ 76.28333333333336, 33.6625 ], [ 76.28333333333336, 33.6666666666667 ], [ 76.282980007595512, 33.669091118706632 ], [ 76.275353325737868, 33.676742214626771 ], [ 76.274646674262172, 33.681591118706628 ], [ 76.262513732910179, 33.693749152289527 ], [ 76.266313340928846, 33.697575547960099 ], [ 76.267019992404542, 33.710757785373296 ], [ 76.270480007595509, 33.714242214626772 ], [ 76.271186659071205, 33.730879550510018 ], [ 76.267019992404542, 33.735075547960101 ], [ 76.266313340928846, 33.739924452039965 ], [ 76.256621805826853, 33.749642266167569 ], [ 76.251742214626759, 33.750353325737883 ], [ 76.24619140625002, 33.755876498752201 ], [ 76.245833333333351, 33.758333333333368 ], [ 76.246450975206187, 33.760493469238313 ], [ 76.250113932291697, 33.765507846408454 ], [ 76.256326802571635, 33.76728430853953 ], [ 76.261638556586391, 33.771164449056023 ], [ 76.263309563530839, 33.782645331488752 ], [ 76.286502244737434, 33.78401031494144 ], [ 76.288117641872859, 33.789660135904981 ], [ 76.291780598958354, 33.794674513075122 ], [ 76.297993469238307, 33.796450975206199 ], [ 76.302006530761744, 33.799382358127204 ], [ 76.306326802571633, 33.800617641872861 ], [ 76.314506530761747, 33.807715691460537 ], [ 76.319906955295167, 33.80925971137156 ], [ 76.32145097520619, 33.81466013590498 ], [ 76.328549024793858, 33.822839864095087 ], [ 76.329784308539516, 33.827160135904982 ], [ 76.332715691460521, 33.83117319742842 ], [ 76.333950975206193, 33.843826802571648 ], [ 76.357715691460527, 33.868673197428421 ], [ 76.358950975206184, 33.872993469238317 ], [ 76.366049024793867, 33.881173197428417 ], [ 76.367284308539524, 33.885493469238313 ], [ 76.37116444905601, 33.890805223253075 ], [ 76.381326802571635, 33.89228430853953 ], [ 76.386341179741777, 33.895947265625033 ], [ 76.388117641872853, 33.902160135904978 ], [ 76.391049024793858, 33.906173197428416 ], [ 76.391666666666694, 33.908333333333367 ], [ 76.402424452039952, 33.907980007595519 ], [ 76.406620449490049, 33.903813340928856 ], [ 76.423257785373295, 33.904519992404545 ], [ 76.430908881293433, 33.912146674262189 ], [ 76.439924452039961, 33.912853325737885 ], [ 76.444120449490043, 33.917019992404548 ], [ 76.506591118706623, 33.916313340928852 ], [ 76.510075547960099, 33.912853325737885 ], [ 76.520833333333357, 33.9125 ], [ 76.520480007595509, 33.905908881293435 ], [ 76.517019992404542, 33.902424452039966 ], [ 76.516313340928846, 33.897575547960102 ], [ 76.512853325737879, 33.894091118706633 ], [ 76.5125, 33.891666666666701 ], [ 76.512146674262183, 33.889242214626769 ], [ 76.508686659071202, 33.885757785373301 ], [ 76.508333333333354, 33.883333333333368 ], [ 76.52408667670359, 33.882725863986579 ], [ 76.525567287868952, 33.876956176757844 ], [ 76.52943132188588, 33.871970452202724 ], [ 76.520266045464439, 33.869618394639794 ], [ 76.521400621202289, 33.856122843424515 ], [ 76.524432712131102, 33.852210489908884 ], [ 76.525, 33.845833333333367 ], [ 76.531591118706629, 33.845480007595519 ], [ 76.535075547960091, 33.842019992404545 ], [ 76.548257785373295, 33.841313340928856 ], [ 76.551742214626756, 33.837853325737882 ], [ 76.558333333333366, 33.8375 ], [ 76.560757785373283, 33.837146674262186 ], [ 76.568408881293436, 33.829519992404549 ], [ 76.573257785373286, 33.828813340928853 ], [ 76.576742214626762, 33.825353325737879 ], [ 76.591666666666697, 33.825 ], [ 76.592019992404545, 33.822575547960099 ], [ 76.596186659071208, 33.818379550510016 ], [ 76.595480007595512, 33.814242214626766 ], [ 76.592019992404545, 33.810757785373298 ], [ 76.591313340928849, 33.805908881293433 ], [ 76.587853325737868, 33.802424452039965 ], [ 76.5875, 33.7916666666667 ], [ 76.587858072916688, 33.78920983208554 ], [ 76.593408881293428, 33.783686659071215 ], [ 76.598257785373292, 33.782980007595519 ], [ 76.605908881293431, 33.775353325737882 ], [ 76.61079016791453, 33.774641927083366 ], [ 76.617019992404536, 33.76838107638892 ], [ 76.616313340928841, 33.764242214626769 ], [ 76.612146674262178, 33.760046217176679 ], [ 76.612853325737873, 33.747575547960103 ], [ 76.620819430881099, 33.739584011501769 ], [ 76.617019992404536, 33.735757785373295 ], [ 76.616666666666688, 33.7291666666667 ], [ 76.62299346923831, 33.728549024793871 ], [ 76.627006530761747, 33.725617641872866 ], [ 76.639660135904975, 33.724382358127201 ], [ 76.652006530761753, 33.713117641872863 ], [ 76.665863376193599, 33.711764865451421 ], [ 76.674382358127204, 33.702160135904982 ], [ 76.675809563530848, 33.692354668511314 ], [ 76.6875, 33.691666666666698 ], [ 76.687858072916697, 33.694123501247859 ], [ 76.693408881293436, 33.699646674262183 ], [ 76.735757785373295, 33.700353325737879 ], [ 76.739242214626771, 33.703813340928853 ], [ 76.758333333333354, 33.704166666666701 ], [ 76.758686659071202, 33.701742214626769 ], [ 76.774646674262186, 33.685757785373298 ], [ 76.775, 33.670833333333363 ], [ 76.777424452039952, 33.670480007595515 ], [ 76.780908881293428, 33.667019992404548 ], [ 76.785757785373292, 33.666313340928852 ], [ 76.789242214626768, 33.662853325737878 ], [ 76.804166666666688, 33.6625 ], [ 76.804784308539524, 33.660339864095086 ], [ 76.807771809895868, 33.65625 ], [ 76.803549024793867, 33.650469122992654 ], [ 76.804784308539524, 33.64367319742842 ], [ 76.811882358127193, 33.635493469238313 ], [ 76.813658820258269, 33.629280598958367 ], [ 76.81867319742841, 33.625617641872864 ], [ 76.831326802571638, 33.6243823581272 ], [ 76.835339864095076, 33.621450975206194 ], [ 76.840740288628496, 33.619906955295171 ], [ 76.842825486924937, 33.612613932291701 ], [ 76.847916666666691, 33.608894856770867 ], [ 76.853697374131968, 33.613117641872861 ], [ 76.864660305447075, 33.611882358127204 ], [ 76.868673027886317, 33.608950975206199 ], [ 76.895022243923634, 33.607657029893694 ], [ 76.896601698133708, 33.596804979112449 ], [ 76.9, 33.595833333333367 ], [ 76.9, 33.5875 ], [ 76.900353325737882, 33.568408881293436 ], [ 76.928813340928855, 33.539924452039962 ], [ 76.929519992404551, 33.526742214626765 ], [ 76.932980007595518, 33.523257785373296 ], [ 76.933333333333366, 33.520833333333364 ], [ 76.933333333333366, 33.516666666666694 ], [ 76.925, 33.516666666666694 ], [ 76.918622843424515, 33.516099378797776 ], [ 76.910543823242222, 33.508900621202287 ], [ 76.906122843424512, 33.507766045464443 ], [ 76.900967746310798, 33.503770785861576 ], [ 76.89914923773874, 33.49668426513675 ], [ 76.893622843424509, 33.49526604546444 ], [ 76.879821099175373, 33.482355244954455 ], [ 76.878599378797773, 33.468622843424512 ], [ 76.874603949652808, 33.463467746310798 ], [ 76.867375013563404, 33.461612616644999 ], [ 76.86609937879777, 33.451956176757847 ], [ 76.858900621202281, 33.443877156575553 ], [ 76.857766045464444, 33.439456176757844 ], [ 76.850567287868955, 33.43137715657555 ], [ 76.849432712131104, 33.414456176757845 ], [ 76.846400621202292, 33.410543823242215 ], [ 76.845266045464442, 33.406122843424512 ], [ 76.838067287868952, 33.398043823242219 ], [ 76.836932712131102, 33.393622843424509 ], [ 76.828160773383274, 33.383951653374595 ], [ 76.816666666666691, 33.383333333333361 ], [ 76.816099378797773, 33.376956176757844 ], [ 76.813067287868947, 33.37304382324222 ], [ 76.811791483561223, 33.363387383355061 ], [ 76.808333333333366, 33.3625 ], [ 76.793622843424501, 33.361932712131107 ], [ 76.788749694824247, 33.358155992296034 ], [ 76.786932712131104, 33.353420003255238 ], [ 76.791099378797767, 33.348043823242215 ], [ 76.792233954535618, 33.334548272026936 ], [ 76.785289510091175, 33.332766045464439 ], [ 76.781377156575545, 33.329733954535619 ], [ 76.776956176757835, 33.328599378797776 ], [ 76.771801079644121, 33.324604119194909 ], [ 76.770266045464439, 33.318622843424507 ], [ 76.765649244520432, 33.31308678521053 ], [ 76.7375, 33.3125 ], [ 76.733333333333363, 33.3125 ], [ 76.732980007595515, 33.314924452039961 ], [ 76.729519992404548, 33.318408881293429 ], [ 76.728813340928852, 33.323257785373293 ], [ 76.723288133409312, 33.328810797797338 ], [ 76.714953782823372, 33.329519992404542 ], [ 76.710757785373289, 33.325353325737879 ], [ 76.708333333333357, 33.325 ], [ 76.691666666666691, 33.325 ], [ 76.691313340928843, 33.327424452039963 ], [ 76.685790167914519, 33.332975260416696 ], [ 76.680908881293433, 33.333686659071212 ], [ 76.671191067165822, 33.343378194173205 ], [ 76.670480007595515, 33.348257785373292 ], [ 76.667019992404548, 33.351742214626768 ], [ 76.666313340928852, 33.356591118706625 ], [ 76.656621805826845, 33.366308932834229 ], [ 76.654166666666697, 33.366666666666696 ], [ 76.653637186686225, 33.377248297797337 ], [ 76.642052714029973, 33.389571126302116 ], [ 76.645303853352885, 33.393585035536056 ], [ 76.646362813313829, 33.396850755479633 ], [ 76.640720452202714, 33.40340813530819 ], [ 76.634245300293003, 33.404933166503938 ], [ 76.632803853352897, 33.409274122450114 ], [ 76.637104119194902, 33.414583333333361 ], [ 76.633862813313826, 33.418585035536054 ], [ 76.633333333333354, 33.433333333333366 ], [ 76.630908881293436, 33.433686659071213 ], [ 76.627424452039961, 33.437146674262181 ], [ 76.61078321668839, 33.437853325737876 ], [ 76.594091118706629, 33.421186659071211 ], [ 76.591666666666697, 33.420833333333363 ], [ 76.579943339029981, 33.421553209092913 ], [ 76.578523932562959, 33.43546837700741 ], [ 76.575642734103752, 33.439531622992654 ], [ 76.574357265896296, 33.443801710340743 ], [ 76.571476067437089, 33.447864956325986 ], [ 76.570190599229633, 33.452135043674076 ], [ 76.567309400770426, 33.456198289659319 ], [ 76.565636528862868, 33.461755032009577 ], [ 76.552031622992644, 33.463142734103762 ], [ 76.547968377007408, 33.466023932562962 ], [ 76.543698289659318, 33.467309400770432 ], [ 76.538761562771299, 33.470809766981368 ], [ 76.536857265896288, 33.477135043674075 ], [ 76.529809400770432, 33.485364956325988 ], [ 76.528152465820341, 33.490868801540827 ], [ 76.518698289659312, 33.492309400770431 ], [ 76.514635043674076, 33.49519059922963 ], [ 76.509297519260002, 33.496797519260014 ], [ 76.507690599229633, 33.502135043674073 ], [ 76.504809400770426, 33.506198289659316 ], [ 76.503523932562956, 33.510468377007406 ], [ 76.500642734103764, 33.514531622992649 ], [ 76.49903581407338, 33.519869147406716 ], [ 76.492630852593336, 33.521797519260012 ], [ 76.491666666666688, 33.525 ], [ 76.48941836886938, 33.525529479980499 ], [ 76.485581631130671, 33.528637186686225 ], [ 76.476918368869377, 33.529696146647169 ], [ 76.471468777126759, 33.534385342068177 ], [ 76.470303853352888, 33.543914964464008 ], [ 76.461545817057313, 33.553410000271299 ], [ 76.456085035536049, 33.554696146647167 ], [ 76.45099928114152, 33.558815341525637 ], [ 76.446605936686225, 33.557446967230931 ], [ 76.445303853352897, 33.551918368869387 ], [ 76.440720452202711, 33.546591864691869 ], [ 76.43525170220272, 33.545303853352898 ], [ 76.431414964463997, 33.542196146647164 ], [ 76.4125, 33.5416666666667 ], [ 76.405908881293428, 33.542019992404548 ], [ 76.402424452039952, 33.545480007595515 ], [ 76.397575547960088, 33.546186659071211 ], [ 76.394091118706626, 33.549646674262185 ], [ 76.383333333333354, 33.55 ], [ 76.382980007595506, 33.556591118706628 ], [ 76.379519992404539, 33.560075547960103 ], [ 76.379166666666691, 33.575 ] ] ] ] } },
{ "type": "Feature", "properties": { "HYBAS_ID": 4070659120, "NEXT_DOWN": 4070646720, "NEXT_SINK": 4070033640, "MAIN_BAS": 4070033640, "DIST_SINK": 2754.3, "DIST_MAIN": 2754.3, "SUB_AREA": 3035.4, "UP_AREA": 7645.3, "PFAF_ID": 4569045, "ENDO": 0, "COAST": 0, "ORDER": 2, "SORT": 5989, "areakm2": 3034.03 }, "geometry": { "type": "MultiPolygon", "coordinates": [ [ [ [ 77.079166666666694, 33.5125 ], [ 77.079521009657142, 33.523286437988311 ], [ 77.085075547960102, 33.528813340928849 ], [ 77.098257785373292, 33.529519992404545 ], [ 77.102083333333368, 33.533318752712702 ], [ 77.106620279947947, 33.528813340928849 ], [ 77.114924452039958, 33.529519992404545 ], [ 77.118408881293433, 33.532980007595519 ], [ 77.120833333333366, 33.533333333333367 ], [ 77.120480007595518, 33.548257785373295 ], [ 77.112513902452292, 33.556249321831629 ], [ 77.116313340928855, 33.560075547960103 ], [ 77.116666666666703, 33.5625 ], [ 77.117554050021738, 33.5659581502279 ], [ 77.128247070312526, 33.567370944552984 ], [ 77.132766045464436, 33.572789510091177 ], [ 77.134548272026947, 33.579733954535619 ], [ 77.148043823242219, 33.578599378797776 ], [ 77.152083333333366, 33.575468783908448 ], [ 77.156122843424512, 33.578599378797776 ], [ 77.160543823242222, 33.579733954535619 ], [ 77.172789510091178, 33.591099378797772 ], [ 77.177210489908887, 33.592233954535622 ], [ 77.181122843424504, 33.595266045464442 ], [ 77.186649237738749, 33.596684265136751 ], [ 77.188067287868961, 33.602210489908884 ], [ 77.191099378797773, 33.606122843424508 ], [ 77.192517428927985, 33.611649068196648 ], [ 77.199149237738752, 33.613350931803417 ], [ 77.200899590386314, 33.620172119140655 ], [ 77.208333333333371, 33.620833333333366 ], [ 77.214710489908882, 33.62026604546444 ], [ 77.222789510091175, 33.613067287868958 ], [ 77.232445949978327, 33.611791483561227 ], [ 77.234184095594657, 33.605017598470084 ], [ 77.2375, 33.6041666666667 ], [ 77.236838785807322, 33.596732923719649 ], [ 77.233333333333363, 33.595833333333367 ], [ 77.233900621202295, 33.593622843424512 ], [ 77.236932712131107, 33.589710489908889 ], [ 77.238067287868958, 33.585289510091179 ], [ 77.24109937879777, 33.581377156575556 ], [ 77.242233954535621, 33.560289510091181 ], [ 77.253599378797773, 33.548043823242217 ], [ 77.254733954535624, 33.535289510091175 ], [ 77.257766045464436, 33.531377156575552 ], [ 77.259301079644132, 33.525395880805149 ], [ 77.264456176757847, 33.521400621202289 ], [ 77.274080403645868, 33.520129055447079 ], [ 77.278599378797779, 33.514710489908886 ], [ 77.279733954535629, 33.510289510091177 ], [ 77.282766045464442, 33.506377156575553 ], [ 77.284184095594654, 33.500850931803413 ], [ 77.29127061631948, 33.499032253689265 ], [ 77.295266045464444, 33.49387715657555 ], [ 77.296801079644126, 33.487895880805155 ], [ 77.301956176757841, 33.483900621202288 ], [ 77.304166666666703, 33.483333333333363 ], [ 77.305075751410627, 33.486876424153678 ], [ 77.316666666666706, 33.4875 ], [ 77.318877156575553, 33.488067287868958 ], [ 77.322789510091184, 33.49109937879777 ], [ 77.331377156575556, 33.492233954535621 ], [ 77.336362711588578, 33.496097988552549 ], [ 77.338350762261314, 33.488350931803417 ], [ 77.343877156575559, 33.486932712131107 ], [ 77.357345241970521, 33.474432712131104 ], [ 77.364710489908887, 33.475567287868955 ], [ 77.368622843424518, 33.478599378797774 ], [ 77.375, 33.4791666666667 ], [ 77.379166666666706, 33.4791666666667 ], [ 77.379822455512183, 33.471793111165397 ], [ 77.385289510091184, 33.467233954535622 ], [ 77.390815904405414, 33.465815734863313 ], [ 77.392233954535627, 33.460289510091179 ], [ 77.395266045464439, 33.456377156575549 ], [ 77.396400621202289, 33.439456176757844 ], [ 77.403599378797779, 33.43137715657555 ], [ 77.404733954535629, 33.426956176757841 ], [ 77.407766045464442, 33.423043823242217 ], [ 77.408900621202292, 33.406122843424512 ], [ 77.416099378797782, 33.398043823242219 ], [ 77.417233954535618, 33.393622843424509 ], [ 77.420266045464444, 33.389710489908886 ], [ 77.421400621202295, 33.381122843424507 ], [ 77.428704833984412, 33.372925482855933 ], [ 77.425468614366352, 33.36875 ], [ 77.42859937879777, 33.364710489908887 ], [ 77.429166666666703, 33.3625 ], [ 77.426742214626771, 33.362146674262185 ], [ 77.423257785373295, 33.358686659071211 ], [ 77.419120279947947, 33.357980007595515 ], [ 77.414924452039969, 33.362146674262185 ], [ 77.402450561523466, 33.362853325737873 ], [ 77.392024400499167, 33.352455139160185 ], [ 77.391313340928846, 33.347575547960098 ], [ 77.387853325737879, 33.344091118706629 ], [ 77.387146674262183, 33.330908881293432 ], [ 77.383686659071216, 33.327424452039963 ], [ 77.383333333333368, 33.320833333333361 ], [ 77.382766045464436, 33.318622843424507 ], [ 77.378902180989613, 33.313637118869387 ], [ 77.387103949652811, 33.311532253689265 ], [ 77.391099378797776, 33.30637715657555 ], [ 77.392233954535627, 33.301956176757841 ], [ 77.395266045464439, 33.298043823242217 ], [ 77.396736992730069, 33.292312452528243 ], [ 77.410289510091175, 33.279733954535622 ], [ 77.414710489908884, 33.278599378797772 ], [ 77.418622843424515, 33.275567287868952 ], [ 77.424603949652806, 33.274032253689263 ], [ 77.42859937879777, 33.268877156575549 ], [ 77.429166666666703, 33.266666666666694 ], [ 77.429166666666703, 33.2625 ], [ 77.428813340928855, 33.255908881293429 ], [ 77.425353325737888, 33.252424452039961 ], [ 77.424641927083371, 33.247543165418868 ], [ 77.419091118706632, 33.242019992404543 ], [ 77.410045369466175, 33.241310967339437 ], [ 77.404519992404545, 33.235757785373295 ], [ 77.404166666666697, 33.233333333333363 ], [ 77.401742214626765, 33.232980007595515 ], [ 77.394091118706626, 33.225353325737878 ], [ 77.389242214626762, 33.224646674262182 ], [ 77.377424452039961, 33.212853325737875 ], [ 77.372575547960096, 33.212146674262179 ], [ 77.364924452039958, 33.204519992404542 ], [ 77.360075547960108, 33.203813340928846 ], [ 77.352424452039969, 33.196186659071209 ], [ 77.347575547960105, 33.195480007595513 ], [ 77.339924452039966, 33.187853325737876 ], [ 77.333333333333371, 33.1875 ], [ 77.334301079644135, 33.183729214138481 ], [ 77.339456176757849, 33.179733954535621 ], [ 77.345156182183189, 33.178271145290829 ], [ 77.363067287868958, 33.159344991048208 ], [ 77.361932712131107, 33.13945617675784 ], [ 77.358900621202295, 33.135543823242216 ], [ 77.357766045464444, 33.131122843424507 ], [ 77.354733954535618, 33.127210489908883 ], [ 77.35331590440542, 33.121684095594645 ], [ 77.347789510091175, 33.12026604546444 ], [ 77.339710489908882, 33.113067287868951 ], [ 77.3375, 33.1125 ], [ 77.337146674262186, 33.110075547960093 ], [ 77.333686659071219, 33.106591118706625 ], [ 77.333333333333371, 33.104166666666693 ], [ 77.333940972222251, 33.088413492838569 ], [ 77.3375, 33.0875 ], [ 77.33686387803823, 33.046650526258709 ], [ 77.327006361219645, 33.045215861002632 ], [ 77.322993638780417, 33.042284138997424 ], [ 77.316666666666706, 33.041666666666693 ], [ 77.315757581922782, 33.038123575846384 ], [ 77.292657131618952, 33.036880832248293 ], [ 77.288067287868955, 33.031377156575545 ], [ 77.286932712131104, 33.018622843424509 ], [ 77.283900621202292, 33.014710489908879 ], [ 77.282766045464442, 33.006122843424507 ], [ 77.278599378797779, 33.000746663411483 ], [ 77.279733954535629, 32.993622843424504 ], [ 77.282766045464442, 32.98971048990888 ], [ 77.283900621202292, 32.985289510091171 ], [ 77.286932712131104, 32.981377156575547 ], [ 77.288067287868955, 32.960289510091172 ], [ 77.291099378797782, 32.956377156575549 ], [ 77.292634412977463, 32.950396050347251 ], [ 77.297789510091178, 32.946400621202287 ], [ 77.3, 32.945833333333361 ], [ 77.3, 32.9375 ], [ 77.300567287868958, 32.935289510091174 ], [ 77.30359937879777, 32.93137715657555 ], [ 77.304733954535621, 32.926956176757841 ], [ 77.307766045464447, 32.92304382324221 ], [ 77.308900621202284, 32.914456176757838 ], [ 77.31193271213111, 32.910543823242215 ], [ 77.313067287868961, 32.901956176757835 ], [ 77.321199205186659, 32.892829725477455 ], [ 77.314456176757844, 32.891099378797769 ], [ 77.305103895399341, 32.882766045464436 ], [ 77.301956176757841, 32.88390062120228 ], [ 77.296970621744819, 32.88776448567711 ], [ 77.294865587022599, 32.879562717013911 ], [ 77.289710489908884, 32.875567287868947 ], [ 77.2875, 32.875 ], [ 77.276742214626765, 32.874646674262181 ], [ 77.273257785373289, 32.871186659071206 ], [ 77.245833333333366, 32.870833333333358 ], [ 77.245266045464447, 32.873043823242213 ], [ 77.242233954535621, 32.876956176757837 ], [ 77.24109937879777, 32.885543823242216 ], [ 77.237103949652806, 32.890698920355931 ], [ 77.230017428927979, 32.892517428927974 ], [ 77.22831590440542, 32.89914923773874 ], [ 77.221684095594654, 32.900850762261314 ], [ 77.220022243923637, 32.907326592339437 ], [ 77.215920003255235, 32.908900621202285 ], [ 77.210416666666703, 32.904635281033009 ], [ 77.206377156575556, 32.907766045464435 ], [ 77.2, 32.90833333333336 ], [ 77.197575547960099, 32.908686659071208 ], [ 77.194091118706623, 32.912146674262182 ], [ 77.191666666666691, 32.9125 ], [ 77.191137017144129, 32.914748128255233 ], [ 77.188029649522605, 32.918585205078152 ], [ 77.186728922526072, 32.924107530381974 ], [ 77.182233344184056, 32.925529649522595 ], [ 77.171430121527806, 32.91556532118058 ], [ 77.170833333333363, 32.90833333333336 ], [ 77.1625, 32.90833333333336 ], [ 77.1625, 32.916666666666693 ], [ 77.162146674262189, 32.935757785373291 ], [ 77.158686659071208, 32.939242214626759 ], [ 77.157980007595512, 32.944091118706623 ], [ 77.154519992404545, 32.947575547960099 ], [ 77.153813340928849, 32.952424452039956 ], [ 77.150353325737882, 32.955908881293432 ], [ 77.149646674262186, 32.964924452039959 ], [ 77.145847913954029, 32.96875 ], [ 77.149985419379377, 32.972916666666691 ], [ 77.146186659071205, 32.976742214626761 ], [ 77.145833333333371, 32.979166666666693 ], [ 77.118622843424504, 32.978599378797767 ], [ 77.110543823242224, 32.971400621202285 ], [ 77.101956176757838, 32.970266045464435 ], [ 77.098043823242222, 32.967233954535615 ], [ 77.094896104600721, 32.966099378797772 ], [ 77.085543823242219, 32.974432712131104 ], [ 77.081122843424509, 32.975567287868948 ], [ 77.073043823242216, 32.982766045464437 ], [ 77.068622843424507, 32.983900621202281 ], [ 77.06471048990889, 32.9869327121311 ], [ 77.059184095594645, 32.988350762261312 ], [ 77.057436455620689, 32.995161268446211 ], [ 77.044896104600724, 32.996400621202284 ], [ 77.035543823242222, 32.988067287868951 ], [ 77.029166666666697, 32.9875 ], [ 77.016666666666694, 32.9875 ], [ 77.010365125868091, 32.988142903645858 ], [ 77.006301540798646, 32.991023763020863 ], [ 77.000964355468781, 32.992631022135441 ], [ 76.999357096354203, 32.997968207465306 ], [ 76.996371799045164, 33.002178955078151 ], [ 76.99134487575958, 33.004809570312524 ], [ 76.985468207465303, 33.000642903645861 ], [ 76.970119561089433, 32.999357096354196 ], [ 76.956301540798634, 33.011857096354191 ], [ 76.952031792534754, 33.013142903645857 ], [ 76.939634874131968, 33.024357096354194 ], [ 76.934297688802118, 33.02596435546878 ], [ 76.932690429687526, 33.031301540798637 ], [ 76.929809570312528, 33.035365125868083 ], [ 76.928395250108537, 33.049228583441867 ], [ 76.920833333333363, 33.05 ], [ 76.920480007595515, 33.056591118706628 ], [ 76.917019992404548, 33.060075547960096 ], [ 76.916313340928852, 33.073257785373293 ], [ 76.908686659071208, 33.080908881293432 ], [ 76.907980007595512, 33.093379720052113 ], [ 76.912146674262175, 33.097575547960098 ], [ 76.9125, 33.1 ], [ 76.900757853190129, 33.100736151801243 ], [ 76.899267578125034, 33.119773017035619 ], [ 76.895833333333357, 33.120833333333358 ], [ 76.889242214626762, 33.120480007595511 ], [ 76.885757785373286, 33.117019992404543 ], [ 76.880908881293436, 33.116313340928848 ], [ 76.877424452039961, 33.112853325737873 ], [ 76.872575547960096, 33.112146674262178 ], [ 76.86875, 33.10834791395402 ], [ 76.864924452039958, 33.112146674262178 ], [ 76.858333333333363, 33.1125 ], [ 76.854858737521724, 33.113493516710093 ], [ 76.853549194335969, 33.13132697211374 ], [ 76.849886067708368, 33.136341349283882 ], [ 76.843673027886311, 33.138117472330755 ], [ 76.835493469238315, 33.145215861002633 ], [ 76.825735134548637, 33.146635945638046 ], [ 76.824382358127195, 33.160493469238311 ], [ 76.82145097520619, 33.164506530761749 ], [ 76.820215691460533, 33.168826802571644 ], [ 76.817284308539527, 33.172839864095081 ], [ 76.81604902479387, 33.192505052354626 ], [ 76.832715691460535, 33.210339864095083 ], [ 76.833333333333357, 33.2125 ], [ 76.832980007595509, 33.214924452039959 ], [ 76.829519992404542, 33.218408881293428 ], [ 76.829166666666694, 33.225 ], [ 76.825850931803416, 33.225850931803414 ], [ 76.824432712131099, 33.231377156575547 ], [ 76.820437452528239, 33.236532253689262 ], [ 76.814456176757844, 33.238067287868951 ], [ 76.810543823242213, 33.24109937879777 ], [ 76.806122843424504, 33.242233954535621 ], [ 76.800967746310789, 33.246229214138481 ], [ 76.799109564887175, 33.25346984863284 ], [ 76.788714938693602, 33.254733954535617 ], [ 76.7875, 33.25 ], [ 76.775909254286049, 33.249376424153674 ], [ 76.775, 33.245833333333366 ], [ 76.768622843424509, 33.246400621202284 ], [ 76.764710489908879, 33.249432712131103 ], [ 76.756122843424507, 33.250567287868954 ], [ 76.752210489908876, 33.253599378797773 ], [ 76.747789510091167, 33.254733954535617 ], [ 76.74387715657555, 33.257766045464436 ], [ 76.738161214192729, 33.259232923719644 ], [ 76.736932712131107, 33.273043823242219 ], [ 76.729733954535618, 33.281122843424505 ], [ 76.728599378797767, 33.284079996744822 ], [ 76.732766045464444, 33.289456176757838 ], [ 76.733333333333363, 33.3125 ], [ 76.7375, 33.3125 ], [ 76.765649244520432, 33.31308678521053 ], [ 76.770266045464439, 33.318622843424507 ], [ 76.771801079644121, 33.324604119194909 ], [ 76.776956176757835, 33.328599378797776 ], [ 76.781377156575545, 33.329733954535619 ], [ 76.785289510091175, 33.332766045464439 ], [ 76.792233954535618, 33.334548272026936 ], [ 76.791099378797767, 33.348043823242215 ], [ 76.786932712131104, 33.353420003255238 ], [ 76.788749694824247, 33.358155992296034 ], [ 76.793622843424501, 33.361932712131107 ], [ 76.808333333333366, 33.3625 ], [ 76.811791483561223, 33.363387383355061 ], [ 76.813067287868947, 33.37304382324222 ], [ 76.816099378797773, 33.376956176757844 ], [ 76.816666666666691, 33.383333333333361 ], [ 76.828160773383274, 33.383951653374595 ], [ 76.836932712131102, 33.393622843424509 ], [ 76.838067287868952, 33.398043823242219 ], [ 76.845266045464442, 33.406122843424512 ], [ 76.846400621202292, 33.410543823242215 ], [ 76.849432712131104, 33.414456176757845 ], [ 76.850567287868955, 33.43137715657555 ], [ 76.857766045464444, 33.439456176757844 ], [ 76.858900621202281, 33.443877156575553 ], [ 76.86609937879777, 33.451956176757847 ], [ 76.867375013563404, 33.461612616644999 ], [ 76.874603949652808, 33.463467746310798 ], [ 76.878599378797773, 33.468622843424512 ], [ 76.879821099175373, 33.482355244954455 ], [ 76.893622843424509, 33.49526604546444 ], [ 76.89914923773874, 33.49668426513675 ], [ 76.900967746310798, 33.503770785861576 ], [ 76.906122843424512, 33.507766045464443 ], [ 76.910543823242222, 33.508900621202287 ], [ 76.918622843424515, 33.516099378797776 ], [ 76.925, 33.516666666666694 ], [ 76.933333333333366, 33.516666666666694 ], [ 76.933950805664097, 33.502006530761747 ], [ 76.936882527669297, 33.49799346923831 ], [ 76.938117472330759, 33.485339864095081 ], [ 76.94104919433596, 33.481326802571644 ], [ 76.942284138997422, 33.472839864095086 ], [ 76.945215861002637, 33.468826802571648 ], [ 76.946642727322072, 33.459021335177979 ], [ 76.968826972113746, 33.457715691460535 ], [ 76.977006361219651, 33.45061764187286 ], [ 76.991666666666703, 33.45 ], [ 76.99387715657555, 33.450567287868957 ], [ 77.001956176757844, 33.457766045464439 ], [ 77.006377156575553, 33.458900621202289 ], [ 77.01028951009117, 33.461932712131109 ], [ 77.018877156575556, 33.463067287868952 ], [ 77.026956176757849, 33.470266045464442 ], [ 77.036612616645002, 33.471541849772166 ], [ 77.038067287868955, 33.477210489908884 ], [ 77.045379299587708, 33.485416666666694 ], [ 77.038067287868955, 33.493622843424511 ], [ 77.036932712131104, 33.502210489908883 ], [ 77.033795166015651, 33.506258816189266 ], [ 77.041099378797767, 33.514456176757847 ], [ 77.0416666666667, 33.516666666666694 ], [ 77.073257785373301, 33.516313340928853 ], [ 77.076742214626762, 33.512853325737879 ], [ 77.079166666666694, 33.5125 ] ] ] ] } },
{ "type": "Feature", "properties": { "HYBAS_ID": 4070622870, "NEXT_DOWN": 4070636790, "NEXT_SINK": 4070033640, "MAIN_BAS": 4070033640, "DIST_SINK": 2813.0, "DIST_MAIN": 2813.0, "SUB_AREA": 1842.6, "UP_AREA": 1842.7, "PFAF_ID": 4568064, "ENDO": 0, "COAST": 0, "ORDER": 4, "SORT": 5994, "areakm2": 1842.38 }, "geometry": { "type": "MultiPolygon", "coordinates": [ [ [ [ 78.6666666666667, 34.741666666666688 ], [ 78.667554050021735, 34.738208346896727 ], [ 78.677210489908887, 34.7369327121311 ], [ 78.681122843424504, 34.733900621202281 ], [ 78.683333333333366, 34.733333333333356 ], [ 78.683686659071213, 34.726742214626761 ], [ 78.687146674262181, 34.723257785373292 ], [ 78.6875, 34.72083333333336 ], [ 78.689635043674073, 34.721476236979193 ], [ 78.693698289659309, 34.72435709635419 ], [ 78.703152465820338, 34.725797865125891 ], [ 78.705348036024333, 34.733090549045166 ], [ 78.722864956325978, 34.749357096354188 ], [ 78.735468377007408, 34.750642903645861 ], [ 78.74134487575958, 34.754809570312524 ], [ 78.74796837700741, 34.753523763020858 ], [ 78.752031622992646, 34.750642903645861 ], [ 78.757369147406706, 34.749035644531276 ], [ 78.758976067437089, 34.743698459201411 ], [ 78.766023932562959, 34.735468207465303 ], [ 78.767876010470943, 34.729316541883705 ], [ 78.77707841661244, 34.721436225043426 ], [ 78.783011542426237, 34.725642903645856 ], [ 78.785468377007405, 34.72435709635419 ], [ 78.789531622992655, 34.721476236979193 ], [ 78.795856899685361, 34.719571601019993 ], [ 78.79935726589629, 34.714634874131967 ], [ 78.800843302408879, 34.704882473415822 ], [ 78.824223327636744, 34.703446790907144 ], [ 78.825, 34.695833333333354 ], [ 78.824432712131099, 34.693622843424507 ], [ 78.813067287868947, 34.681377156575543 ], [ 78.811838785807325, 34.667566257052975 ], [ 78.806122843424504, 34.666099378797767 ], [ 78.802210489908887, 34.663067287868948 ], [ 78.795266045464444, 34.661285061306451 ], [ 78.796400621202281, 34.656122843424505 ], [ 78.800567287868958, 34.650746663411482 ], [ 78.799432712131107, 34.647789510091172 ], [ 78.796400621202281, 34.643877156575542 ], [ 78.795833333333363, 34.641666666666694 ], [ 78.795833333333363, 34.6375 ], [ 78.788443332248292, 34.636889987521727 ], [ 78.786970520019565, 34.632233344184051 ], [ 78.796960449218773, 34.621402316623289 ], [ 78.808333333333366, 34.620833333333358 ], [ 78.835493469238315, 34.62145080566409 ], [ 78.84119754367407, 34.625617472330752 ], [ 78.894825236002632, 34.624358791775194 ], [ 78.896450805664088, 34.61867302788631 ], [ 78.899382527669303, 34.614660305447075 ], [ 78.900802612304716, 34.604901801215298 ], [ 78.915866767035624, 34.603431193033877 ], [ 78.920215861002632, 34.597993638780409 ], [ 78.920833333333363, 34.59166666666669 ], [ 78.9166666666667, 34.59166666666669 ], [ 78.914242214626768, 34.591313340928842 ], [ 78.910757785373292, 34.587853325737868 ], [ 78.905908881293428, 34.587146674262179 ], [ 78.902424452039966, 34.583686659071205 ], [ 78.893408881293425, 34.582980007595509 ], [ 78.889924452039963, 34.579519992404535 ], [ 78.86078694661461, 34.578813340928846 ], [ 78.856591118706632, 34.582980007595509 ], [ 78.851742214626768, 34.583686659071205 ], [ 78.848257785373292, 34.587146674262179 ], [ 78.777453782823386, 34.587853325737868 ], [ 78.773257785373289, 34.583686659071205 ], [ 78.739953782823378, 34.582980007595509 ], [ 78.735757785373295, 34.587146674262179 ], [ 78.730908881293431, 34.587853325737868 ], [ 78.727424452039955, 34.591313340928842 ], [ 78.716666666666697, 34.59166666666669 ], [ 78.715628560384147, 34.58821885850697 ], [ 78.697864956325986, 34.586857096354187 ], [ 78.693801710340736, 34.58397623697919 ], [ 78.688464185926676, 34.582368977864604 ], [ 78.686238437228766, 34.57497660319013 ], [ 78.681301710340733, 34.571476236979187 ], [ 78.671052720811659, 34.569914415147593 ], [ 78.667309400770421, 34.564634874131968 ], [ 78.665889994303413, 34.550719875759569 ], [ 78.654166666666697, 34.55 ], [ 78.650850931803419, 34.549149237738739 ], [ 78.649090745714005, 34.542290242513047 ], [ 78.626956176757844, 34.541099378797767 ], [ 78.623043823242213, 34.538067287868948 ], [ 78.620086669921903, 34.536932712131097 ], [ 78.614574517144121, 34.541204833984395 ], [ 78.606377156575547, 34.533900621202278 ], [ 78.601956176757838, 34.532766045464435 ], [ 78.596801079644123, 34.52877061631947 ], [ 78.595266045464442, 34.522789510091172 ], [ 78.592233954535615, 34.518877156575542 ], [ 78.591666666666697, 34.508333333333354 ], [ 78.585289510091172, 34.507766045464436 ], [ 78.580303785536046, 34.503902180989606 ], [ 78.578267076280412, 34.511838785807313 ], [ 78.563399590386311, 34.513161214192735 ], [ 78.561932712131096, 34.518877156575542 ], [ 78.558900621202284, 34.522789510091172 ], [ 78.557766045464433, 34.534079996744815 ], [ 78.562031216091611, 34.539583333333354 ], [ 78.558900621202284, 34.543622843424501 ], [ 78.557766045464433, 34.556377156575543 ], [ 78.554733954535621, 34.560289510091167 ], [ 78.554166666666688, 34.570833333333354 ], [ 78.535289510091175, 34.57140062120228 ], [ 78.531377156575545, 34.574432712131099 ], [ 78.506122843424507, 34.57556728786895 ], [ 78.502210489908876, 34.578599378797769 ], [ 78.49668426513675, 34.580017428927974 ], [ 78.495833333333366, 34.583333333333357 ], [ 78.493622843424504, 34.582766045464432 ], [ 78.489710489908873, 34.579733954535612 ], [ 78.480054050021721, 34.578458319769986 ], [ 78.478260972764787, 34.571471150716171 ], [ 78.460289510091172, 34.570266045464436 ], [ 78.455134412977458, 34.566270616319471 ], [ 78.453599378797776, 34.560289510091167 ], [ 78.45056728786895, 34.556377156575543 ], [ 78.45, 34.55 ], [ 78.449646674262183, 34.547575547960093 ], [ 78.446186659071202, 34.544091118706618 ], [ 78.445833333333354, 34.541666666666693 ], [ 78.443622843424507, 34.541099378797767 ], [ 78.43863711886938, 34.537235514322937 ], [ 78.4375, 34.541666666666693 ], [ 78.43418426513675, 34.542517428927972 ], [ 78.432766045464433, 34.54804382324221 ], [ 78.429733954535621, 34.551956176757834 ], [ 78.429166666666688, 34.554166666666688 ], [ 78.428549024793867, 34.556326972113737 ], [ 78.425561523437523, 34.56041666666669 ], [ 78.428549024793867, 34.564506361219642 ], [ 78.429784308539524, 34.590667046440998 ], [ 78.418673197428404, 34.592284138997421 ], [ 78.414660135904967, 34.595215861002629 ], [ 78.406173197428416, 34.596450805664084 ], [ 78.402160135904978, 34.599382527669292 ], [ 78.397839864095076, 34.600617472330754 ], [ 78.393826802571638, 34.603549194335962 ], [ 78.385339864095073, 34.604784138997417 ], [ 78.38125, 34.607771809895858 ], [ 78.37708333333336, 34.60472819010419 ], [ 78.37299346923831, 34.607715861002625 ], [ 78.357864210340736, 34.608950805664087 ], [ 78.352160135904967, 34.604784138997417 ], [ 78.340930006239176, 34.603549194335962 ], [ 78.331326802571638, 34.611882527669295 ], [ 78.297839864095081, 34.613117472330757 ], [ 78.29375, 34.616105143229191 ], [ 78.288712565104191, 34.612425401475718 ], [ 78.286882358127201, 34.618826972113737 ], [ 78.283950975206182, 34.622839694552972 ], [ 78.282406955295158, 34.628240288628497 ], [ 78.277006530761739, 34.629784138997422 ], [ 78.272993469238301, 34.63271586100263 ], [ 78.270833333333357, 34.633333333333354 ], [ 78.270480007595509, 34.639924452039956 ], [ 78.267019992404542, 34.643408881293425 ], [ 78.266313340928846, 34.656591118706622 ], [ 78.262513732910179, 34.660417344835096 ], [ 78.274646674262172, 34.672575547960093 ], [ 78.275, 34.7 ], [ 78.268408881293425, 34.700353325737872 ], [ 78.262858072916686, 34.705876329210092 ], [ 78.2625, 34.708333333333357 ], [ 78.251742214626759, 34.708686659071205 ], [ 78.248257785373283, 34.712146674262179 ], [ 78.230908881293431, 34.712853325737875 ], [ 78.227424452039955, 34.716313340928842 ], [ 78.214242214626765, 34.717019992404538 ], [ 78.210757785373289, 34.720480007595512 ], [ 78.208333333333357, 34.72083333333336 ], [ 78.207980007595509, 34.723257785373292 ], [ 78.204519992404542, 34.726742214626761 ], [ 78.203813340928846, 34.731591118706625 ], [ 78.198290167914521, 34.737141927083357 ], [ 78.193408881293422, 34.737853325737873 ], [ 78.189924452039961, 34.741313340928841 ], [ 78.185075547960096, 34.742019992404536 ], [ 78.177424452039958, 34.749646674262181 ], [ 78.172575547960093, 34.750353325737869 ], [ 78.169091118706618, 34.753813340928843 ], [ 78.166666666666686, 34.754166666666691 ], [ 78.1625, 34.754166666666691 ], [ 78.1625, 34.758333333333361 ], [ 78.1625, 34.7625 ], [ 78.165815734863301, 34.763350762261311 ], [ 78.167586432562956, 34.770250447591174 ], [ 78.176956176757841, 34.778599378797765 ], [ 78.182482401529967, 34.780017428927977 ], [ 78.183900621202284, 34.785543823242215 ], [ 78.186932712131096, 34.789456176757838 ], [ 78.188202921549504, 34.799070909288218 ], [ 78.19778951009117, 34.807766045464433 ], [ 78.218877156575545, 34.808900621202284 ], [ 78.222789510091175, 34.811932712131103 ], [ 78.229166666666686, 34.8125 ], [ 78.229519992404533, 34.823257785373286 ], [ 78.232980007595515, 34.826742214626762 ], [ 78.233686659071211, 34.847546386718776 ], [ 78.229181247287357, 34.852083333333361 ], [ 78.232980007595515, 34.855908881293431 ], [ 78.233686659071211, 34.864924452039958 ], [ 78.241313340928841, 34.872575547960096 ], [ 78.241666666666688, 34.879166666666691 ], [ 78.239456176757841, 34.879733954535617 ], [ 78.23554382324221, 34.882766045464436 ], [ 78.23001759847007, 34.884184095594641 ], [ 78.228029547797334, 34.891931152343773 ], [ 78.223043823242207, 34.88806728786895 ], [ 78.219896104600721, 34.886932712131099 ], [ 78.210543823242205, 34.895266045464439 ], [ 78.208333333333357, 34.895833333333357 ], [ 78.207980007595509, 34.898257785373289 ], [ 78.204519992404542, 34.901742214626765 ], [ 78.203813340928846, 34.910757785373292 ], [ 78.196186659071202, 34.918408881293431 ], [ 78.195480007595506, 34.923257785373288 ], [ 78.183686659071199, 34.935075547960096 ], [ 78.183333333333351, 34.9375 ], [ 78.183686659071199, 34.939924452039961 ], [ 78.203813340928846, 34.960075547960095 ], [ 78.204166666666694, 34.97083333333336 ], [ 78.20761617024742, 34.971819729275197 ], [ 78.209068467881963, 34.986697387695337 ], [ 78.218826802571641, 34.988117472330757 ], [ 78.224530877007396, 34.99228413899742 ], [ 78.24900037977433, 34.990995958116343 ], [ 78.250997755262617, 34.984010484483534 ], [ 78.2625, 34.983333333333363 ], [ 78.264924452039949, 34.982980007595515 ], [ 78.269120449490046, 34.978813340928845 ], [ 78.281591118706615, 34.979519992404541 ], [ 78.285787116156712, 34.983686659071211 ], [ 78.298257785373295, 34.982980007595515 ], [ 78.301742214626756, 34.979519992404541 ], [ 78.331591118706626, 34.978813340928845 ], [ 78.335075547960088, 34.975353325737871 ], [ 78.344091118706615, 34.974646674262182 ], [ 78.347575547960091, 34.971186659071208 ], [ 78.3625, 34.97083333333336 ], [ 78.362853325737873, 34.964242214626765 ], [ 78.370480007595518, 34.956591118706626 ], [ 78.370833333333366, 34.95 ], [ 78.381377156575553, 34.949432712131106 ], [ 78.386753336588569, 34.945266045464436 ], [ 78.394953579372853, 34.946572197808187 ], [ 78.396400621202275, 34.952210489908879 ], [ 78.399432712131102, 34.956122843424502 ], [ 78.400899590386317, 34.961838785807316 ], [ 78.40833333333336, 34.9625 ], [ 78.409153917100724, 34.954455905490477 ], [ 78.414531622992641, 34.950642903645857 ], [ 78.420088365342906, 34.948969862196208 ], [ 78.421708848741346, 34.933083089192735 ], [ 78.42884487575958, 34.938142903645861 ], [ 78.431301710340733, 34.936857096354196 ], [ 78.439531622992646, 34.929809570312528 ], [ 78.444869147406706, 34.928202311197943 ], [ 78.446476067437089, 34.922865125868078 ], [ 78.453523932562959, 34.91463487413197 ], [ 78.454166666666694, 34.9125 ], [ 78.460787116156709, 34.91214497884117 ], [ 78.466313340928849, 34.906591118706622 ], [ 78.466666666666697, 34.883333333333361 ], [ 78.477160135904967, 34.883950805664085 ], [ 78.481256612141948, 34.886943223741348 ], [ 78.489506530761744, 34.879784138997422 ], [ 78.493826802571647, 34.87854919433596 ], [ 78.497839864095084, 34.875617472330752 ], [ 78.503869967990482, 34.873893568250892 ], [ 78.511882358127195, 34.864660305447075 ], [ 78.513309563530839, 34.854854668511308 ], [ 78.535493469238304, 34.853549194335962 ], [ 78.547839864095081, 34.842284138997421 ], [ 78.55, 34.84166666666669 ], [ 78.55085093180341, 34.844982571072073 ], [ 78.554166666666688, 34.84583333333336 ], [ 78.560757785373283, 34.846186659071208 ], [ 78.564242214626759, 34.849646674262175 ], [ 78.566666666666691, 34.85 ], [ 78.571199205186659, 34.851163058810791 ], [ 78.563067287868947, 34.860289510091171 ], [ 78.5625, 34.870833333333358 ], [ 78.564660135904973, 34.87145080566409 ], [ 78.56867319742841, 34.874382527669297 ], [ 78.574886067708363, 34.876158650716171 ], [ 78.578549024793858, 34.881173027886312 ], [ 78.57978430853953, 34.88549363878041 ], [ 78.582715691460535, 34.889506361219645 ], [ 78.584259711371558, 34.894906955295163 ], [ 78.589660135904978, 34.896450805664088 ], [ 78.593756612141959, 34.899443223741343 ], [ 78.602006530761741, 34.892284138997425 ], [ 78.615864054362007, 34.890931532118081 ], [ 78.617528110080329, 34.879497612847246 ], [ 78.624530877007402, 34.874382527669297 ], [ 78.631326802571635, 34.875617472330752 ], [ 78.635339864095073, 34.87854919433596 ], [ 78.65833333333336, 34.879166666666691 ], [ 78.658862813313831, 34.864418538411485 ], [ 78.662104119194908, 34.860416666666694 ], [ 78.657803853352888, 34.855107286241342 ], [ 78.659308369954459, 34.85057678222659 ], [ 78.670833333333363, 34.85 ], [ 78.671970452202714, 34.845568847656274 ], [ 78.678420003255241, 34.850567287868948 ], [ 78.68137715657555, 34.849432712131104 ], [ 78.689456176757844, 34.842233954535615 ], [ 78.695195685492649, 34.840760972764784 ], [ 78.696400621202287, 34.82278951009117 ], [ 78.699432712131099, 34.818877156575546 ], [ 78.700967746310795, 34.812896050347248 ], [ 78.706122843424509, 34.808900621202284 ], [ 78.711649068196635, 34.807482571072072 ], [ 78.7125, 34.804166666666688 ], [ 78.711913892957924, 34.771752251519125 ], [ 78.706122843424509, 34.770266045464432 ], [ 78.702210489908879, 34.767233954535612 ], [ 78.69778951009117, 34.766099378797769 ], [ 78.693877156575553, 34.76306728786895 ], [ 78.680139668782573, 34.76184522840714 ], [ 78.671400621202281, 34.752210489908876 ], [ 78.670124816894557, 34.742554050021724 ], [ 78.6666666666667, 34.741666666666688 ] ] ] ] } },
{ "type": "Feature", "properties": { "HYBAS_ID": 4070622660, "NEXT_DOWN": 4070636790, "NEXT_SINK": 4070033640, "MAIN_BAS": 4070033640, "DIST_SINK": 2813.1, "DIST_MAIN": 2813.1, "SUB_AREA": 497.1, "UP_AREA": 5700.8, "PFAF_ID": 4568065, "ENDO": 0, "COAST": 0, "ORDER": 3, "SORT": 5995, "areakm2": 497.02 }, "geometry": { "type": "MultiPolygon", "coordinates": [ [ [ [ 78.1625, 34.758333333333361 ], [ 78.160075547960091, 34.758686659071202 ], [ 78.156591118706615, 34.762146674262176 ], [ 78.123287116156703, 34.762853325737872 ], [ 78.11875, 34.758347913954019 ], [ 78.114924452039958, 34.762146674262176 ], [ 78.104166666666686, 34.7625 ], [ 78.103253343370255, 34.7660590277778 ], [ 78.0875, 34.766666666666694 ], [ 78.084184265136741, 34.767517428927974 ], [ 78.082766045464439, 34.773043823242212 ], [ 78.079733954535612, 34.776956176757835 ], [ 78.078599378797762, 34.781377156575545 ], [ 78.071400621202287, 34.789456176757838 ], [ 78.070266045464436, 34.793877156575547 ], [ 78.06723395453561, 34.797789510091171 ], [ 78.066099378797759, 34.80221048990888 ], [ 78.053520880805138, 34.815763007269993 ], [ 78.047789510091164, 34.817233954535617 ], [ 78.042634412977449, 34.821229383680581 ], [ 78.041666666666686, 34.825 ], [ 78.030908881293428, 34.825353325737872 ], [ 78.027424452039952, 34.828813340928846 ], [ 78.022575547960088, 34.829519992404542 ], [ 78.014924452039949, 34.837146674262179 ], [ 78.010075547960085, 34.837853325737875 ], [ 78.006591118706623, 34.841313340928842 ], [ 77.997575547960096, 34.842019992404538 ], [ 77.994091118706621, 34.845480007595512 ], [ 77.991666666666688, 34.84583333333336 ], [ 77.976742214626753, 34.845480007595512 ], [ 77.972916666666691, 34.841681247287354 ], [ 77.969091118706615, 34.845480007595512 ], [ 77.955908881293425, 34.846186659071208 ], [ 77.952424452039949, 34.849646674262175 ], [ 77.95, 34.85 ], [ 77.949149068196633, 34.853315904405406 ], [ 77.943622843424507, 34.854733954535618 ], [ 77.934253099229622, 34.863082885742216 ], [ 77.932766045464433, 34.86887715657555 ], [ 77.928770785861573, 34.874032253689265 ], [ 77.921684265136747, 34.875850762261308 ], [ 77.920833333333377, 34.879166666666691 ], [ 77.921476067437084, 34.893801540798634 ], [ 77.934115431043864, 34.907626681857664 ], [ 77.961722140842042, 34.909040323893258 ], [ 77.963142734103755, 34.922968207465303 ], [ 77.982690599229628, 34.943698459201414 ], [ 77.984297519260011, 34.949035644531278 ], [ 77.98963504367407, 34.950642903645857 ], [ 77.995135667588997, 34.954950629340303 ], [ 77.995833333333351, 34.97083333333336 ], [ 78.0, 34.97083333333336 ], [ 78.002424452039946, 34.971186659071208 ], [ 78.007977634006096, 34.976712036132838 ], [ 78.008686659071202, 34.985757785373288 ], [ 78.012146674262169, 34.989242214626763 ], [ 78.0125, 34.991666666666696 ], [ 78.031591118706615, 34.992019992404543 ], [ 78.043408881293431, 35.003813340928843 ], [ 78.056591118706621, 35.004519992404539 ], [ 78.060787116156703, 35.008686659071209 ], [ 78.089924452039952, 35.007980007595513 ], [ 78.101742214626753, 34.996186659071206 ], [ 78.123257785373283, 34.995480007595511 ], [ 78.126742214626759, 34.992019992404543 ], [ 78.152424452039952, 34.991313340928848 ], [ 78.155908881293428, 34.987853325737873 ], [ 78.179166666666688, 34.9875 ], [ 78.181591118706621, 34.987146674262178 ], [ 78.197575547960099, 34.971186659071208 ], [ 78.204166666666694, 34.97083333333336 ], [ 78.203813340928846, 34.960075547960095 ], [ 78.183686659071199, 34.939924452039961 ], [ 78.183333333333351, 34.9375 ], [ 78.183686659071199, 34.935075547960096 ], [ 78.195480007595506, 34.923257785373288 ], [ 78.196186659071202, 34.918408881293431 ], [ 78.203813340928846, 34.910757785373292 ], [ 78.204519992404542, 34.901742214626765 ], [ 78.207980007595509, 34.898257785373289 ], [ 78.208333333333357, 34.895833333333357 ], [ 78.210543823242205, 34.895266045464439 ], [ 78.219896104600721, 34.886932712131099 ], [ 78.223043823242207, 34.88806728786895 ], [ 78.228029547797334, 34.891931152343773 ], [ 78.23001759847007, 34.884184095594641 ], [ 78.23554382324221, 34.882766045464436 ], [ 78.239456176757841, 34.879733954535617 ], [ 78.241666666666688, 34.879166666666691 ], [ 78.241313340928841, 34.872575547960096 ], [ 78.233686659071211, 34.864924452039958 ], [ 78.232980007595515, 34.855908881293431 ], [ 78.229181247287357, 34.852083333333361 ], [ 78.233686659071211, 34.847546386718776 ], [ 78.232980007595515, 34.826742214626762 ], [ 78.229519992404533, 34.823257785373286 ], [ 78.229166666666686, 34.8125 ], [ 78.222789510091175, 34.811932712131103 ], [ 78.218877156575545, 34.808900621202284 ], [ 78.19778951009117, 34.807766045464433 ], [ 78.188202921549504, 34.799070909288218 ], [ 78.186932712131096, 34.789456176757838 ], [ 78.183900621202284, 34.785543823242215 ], [ 78.182482401529967, 34.780017428927977 ], [ 78.176956176757841, 34.778599378797765 ], [ 78.167586432562956, 34.770250447591174 ], [ 78.165815734863301, 34.763350762261311 ], [ 78.1625, 34.7625 ], [ 78.1625, 34.758333333333361 ] ] ] ] } },
{ "type": "Feature", "properties": { "HYBAS_ID": 4070666340, "NEXT_DOWN": 4070659120, "NEXT_SINK": 4070033640, "MAIN_BAS": 4070033640, "DIST_SINK": 2842.4, "DIST_MAIN": 2842.4, "SUB_AREA": 628.2, "UP_AREA": 2548.4, "PFAF_ID": 4569047, "ENDO": 0, "COAST": 0, "ORDER": 2, "SORT": 5998, "areakm2": 627.94 }, "geometry": { "type": "MultiPolygon", "coordinates": [ [ [ [ 77.404166666666697, 33.233333333333363 ], [ 77.404519992404545, 33.235757785373295 ], [ 77.410045369466175, 33.241310967339437 ], [ 77.419091118706632, 33.242019992404543 ], [ 77.424641927083371, 33.247543165418868 ], [ 77.425353325737888, 33.252424452039961 ], [ 77.428813340928855, 33.255908881293429 ], [ 77.429166666666703, 33.2625 ], [ 77.429166666666703, 33.266666666666694 ], [ 77.433333333333366, 33.266666666666694 ], [ 77.435757785373298, 33.267019992404542 ], [ 77.447916327582504, 33.27915361192494 ], [ 77.456617567274336, 33.270480007595516 ], [ 77.464924452039966, 33.271186659071212 ], [ 77.468408881293442, 33.274646674262179 ], [ 77.4791666666667, 33.275 ], [ 77.481620958116352, 33.274642266167561 ], [ 77.495480007595518, 33.260757785373293 ], [ 77.496186659071213, 33.247575547960096 ], [ 77.507980007595521, 33.235757785373295 ], [ 77.508686659071216, 33.230908881293431 ], [ 77.524646674262186, 33.214924452039959 ], [ 77.525353325737882, 33.197575547960099 ], [ 77.537146674262189, 33.185757785373291 ], [ 77.5375, 33.1625 ], [ 77.54081590440542, 33.161649068196645 ], [ 77.542567613389792, 33.154822794596384 ], [ 77.557118394639787, 33.153599378797772 ], [ 77.558333333333366, 33.15833333333336 ], [ 77.560455661349863, 33.157677883572077 ], [ 77.564544338650208, 33.154822116427979 ], [ 77.568788994683189, 33.153511216905407 ], [ 77.572877671983548, 33.15065544976131 ], [ 77.590944078233548, 33.149241129557318 ], [ 77.592322116427979, 33.122877671983538 ], [ 77.595177883572077, 33.118788994683186 ], [ 77.595833333333374, 33.116666666666696 ], [ 77.596191067165833, 33.114211697048638 ], [ 77.605908881293431, 33.104519992404541 ], [ 77.608333333333363, 33.104166666666693 ], [ 77.610757785373295, 33.104519992404541 ], [ 77.614242214626771, 33.107980007595515 ], [ 77.620833333333366, 33.108333333333363 ], [ 77.621732923719648, 33.104827880859403 ], [ 77.635543823242216, 33.103599378797767 ], [ 77.639456176757847, 33.100567287868948 ], [ 77.649080403645868, 33.099295722113744 ], [ 77.653599378797779, 33.093877156575552 ], [ 77.654733954535629, 33.089456176757842 ], [ 77.657766045464442, 33.085543823242219 ], [ 77.658900621202292, 33.081122843424509 ], [ 77.661932712131119, 33.077210489908879 ], [ 77.663350762261317, 33.071684095594648 ], [ 77.6666666666667, 33.070833333333361 ], [ 77.666313340928852, 33.064242214626766 ], [ 77.662513902452289, 33.060415988498292 ], [ 77.670480007595515, 33.052424452039958 ], [ 77.670833333333363, 33.029166666666697 ], [ 77.670480007595515, 33.022575547960095 ], [ 77.666313340928852, 33.01837972005211 ], [ 77.667019992404548, 33.014242214626762 ], [ 77.670480007595515, 33.010757785373293 ], [ 77.671186659071211, 33.005908881293429 ], [ 77.678813340928855, 32.998257785373291 ], [ 77.679519992404551, 32.993408881293426 ], [ 77.682980007595518, 32.989924452039958 ], [ 77.683333333333366, 32.9875 ], [ 77.682979329427113, 32.972548760308186 ], [ 77.673257785373295, 32.962853325737875 ], [ 77.668408881293445, 32.962146674262179 ], [ 77.664924452039969, 32.958686659071205 ], [ 77.655908881293442, 32.957980007595509 ], [ 77.647549099392393, 32.949646674262176 ], [ 77.639242214626776, 32.950353325737872 ], [ 77.631249660915827, 32.958320448133705 ], [ 77.619091118706635, 32.946186659071209 ], [ 77.610075547960108, 32.945480007595513 ], [ 77.606591118706632, 32.942019992404539 ], [ 77.6041666666667, 32.941666666666691 ], [ 77.6, 32.941666666666691 ], [ 77.597751871744833, 32.942196316189261 ], [ 77.5926659478082, 32.946315511067738 ], [ 77.588272433810801, 32.944946967230926 ], [ 77.586970350477472, 32.939418538411488 ], [ 77.582859293619833, 32.934342447916691 ], [ 77.578226047092045, 32.932803683810789 ], [ 77.573081461588572, 32.936970350477459 ], [ 77.570833333333368, 32.9375 ], [ 77.568408881293436, 32.937853325737876 ], [ 77.564924452039961, 32.941313340928843 ], [ 77.5625, 32.941666666666691 ], [ 77.56007554796011, 32.942019992404539 ], [ 77.556591118706635, 32.945480007595513 ], [ 77.539242214626768, 32.946186659071209 ], [ 77.535757785373292, 32.949646674262176 ], [ 77.530908881293442, 32.950353325737872 ], [ 77.525354003906287, 32.955880398220515 ], [ 77.524646674262186, 32.989924452039958 ], [ 77.521186659071219, 32.993408881293426 ], [ 77.520833333333371, 32.995833333333358 ], [ 77.518622843424509, 32.996400621202284 ], [ 77.514710489908893, 32.999432712131103 ], [ 77.510289510091184, 33.000567287868954 ], [ 77.50221048990889, 33.007766045464436 ], [ 77.493622843424518, 33.008900621202287 ], [ 77.484252929687528, 33.017249552408884 ], [ 77.482482571072083, 33.02414923773874 ], [ 77.4791666666667, 33.025 ], [ 77.478808593750031, 33.022542995876762 ], [ 77.473257785373292, 33.017019992404542 ], [ 77.47083333333336, 33.016666666666694 ], [ 77.468622843424512, 33.017233954535619 ], [ 77.438131035698817, 33.046840074327285 ], [ 77.43693271213111, 33.064710489908883 ], [ 77.4324137369792, 33.070129055447076 ], [ 77.422789510091178, 33.071400621202287 ], [ 77.418877156575547, 33.074432712131106 ], [ 77.413350762261317, 33.075850762261311 ], [ 77.411932712131104, 33.081377156575549 ], [ 77.408900621202292, 33.085289510091172 ], [ 77.40833333333336, 33.0875 ], [ 77.401742214626765, 33.087146674262179 ], [ 77.398257785373303, 33.083686659071205 ], [ 77.389953613281278, 33.082980007595516 ], [ 77.385757785373301, 33.087146674262179 ], [ 77.381620279947953, 33.087853325737875 ], [ 77.377424452039961, 33.083686659071205 ], [ 77.356620279947947, 33.082980007595516 ], [ 77.352424452039969, 33.087146674262179 ], [ 77.3375, 33.0875 ], [ 77.333940972222251, 33.088413492838569 ], [ 77.333333333333371, 33.104166666666693 ], [ 77.333686659071219, 33.106591118706625 ], [ 77.337146674262186, 33.110075547960093 ], [ 77.3375, 33.1125 ], [ 77.339710489908882, 33.113067287868951 ], [ 77.347789510091175, 33.12026604546444 ], [ 77.35331590440542, 33.121684095594645 ], [ 77.354733954535618, 33.127210489908883 ], [ 77.357766045464444, 33.131122843424507 ], [ 77.358900621202295, 33.135543823242216 ], [ 77.361932712131107, 33.13945617675784 ], [ 77.363067287868958, 33.159344991048208 ], [ 77.345156182183189, 33.178271145290829 ], [ 77.339456176757849, 33.179733954535621 ], [ 77.334301079644135, 33.183729214138481 ], [ 77.333333333333371, 33.1875 ], [ 77.339924452039966, 33.187853325737876 ], [ 77.347575547960105, 33.195480007595513 ], [ 77.352424452039969, 33.196186659071209 ], [ 77.360075547960108, 33.203813340928846 ], [ 77.364924452039958, 33.204519992404542 ], [ 77.372575547960096, 33.212146674262179 ], [ 77.377424452039961, 33.212853325737875 ], [ 77.389242214626762, 33.224646674262182 ], [ 77.394091118706626, 33.225353325737878 ], [ 77.401742214626765, 33.232980007595515 ], [ 77.404166666666697, 33.233333333333363 ] ] ] ] } },
{ "type": "Feature", "properties": { "HYBAS_ID": 4070666090, "NEXT_DOWN": 4070659120, "NEXT_SINK": 4070033640, "MAIN_BAS": 4070033640, "DIST_SINK": 2842.6, "DIST_MAIN": 2842.6, "SUB_AREA": 2061.8, "UP_AREA": 2061.8, "PFAF_ID": 4569046, "ENDO": 0, "COAST": 0, "ORDER": 3, "SORT": 5999, "areakm2": 2060.86 }, "geometry": { "type": "MultiPolygon", "coordinates": [ [ [ [ 77.670833333333363, 33.029166666666697 ], [ 77.670480007595515, 33.052424452039958 ], [ 77.662513902452289, 33.060415988498292 ], [ 77.666313340928852, 33.064242214626766 ], [ 77.6666666666667, 33.070833333333361 ], [ 77.663350762261317, 33.071684095594648 ], [ 77.661932712131119, 33.077210489908879 ], [ 77.658900621202292, 33.081122843424509 ], [ 77.657766045464442, 33.085543823242219 ], [ 77.654733954535629, 33.089456176757842 ], [ 77.653599378797779, 33.093877156575552 ], [ 77.649080403645868, 33.099295722113744 ], [ 77.639456176757847, 33.100567287868948 ], [ 77.635543823242216, 33.103599378797767 ], [ 77.621732923719648, 33.104827880859403 ], [ 77.620833333333366, 33.108333333333363 ], [ 77.614242214626771, 33.107980007595515 ], [ 77.610757785373295, 33.104519992404541 ], [ 77.608333333333363, 33.104166666666693 ], [ 77.605908881293431, 33.104519992404541 ], [ 77.596191067165833, 33.114211697048638 ], [ 77.595833333333374, 33.116666666666696 ], [ 77.595177883572077, 33.118788994683186 ], [ 77.592322116427979, 33.122877671983538 ], [ 77.590944078233548, 33.149241129557318 ], [ 77.572877671983548, 33.15065544976131 ], [ 77.568788994683189, 33.153511216905407 ], [ 77.564544338650208, 33.154822116427979 ], [ 77.560455661349863, 33.157677883572077 ], [ 77.558333333333366, 33.15833333333336 ], [ 77.557118394639787, 33.153599378797772 ], [ 77.542567613389792, 33.154822794596384 ], [ 77.54081590440542, 33.161649068196645 ], [ 77.5375, 33.1625 ], [ 77.537146674262189, 33.185757785373291 ], [ 77.525353325737882, 33.197575547960099 ], [ 77.524646674262186, 33.214924452039959 ], [ 77.508686659071216, 33.230908881293431 ], [ 77.507980007595521, 33.235757785373295 ], [ 77.496186659071213, 33.247575547960096 ], [ 77.495480007595518, 33.260757785373293 ], [ 77.481620958116352, 33.274642266167561 ], [ 77.4791666666667, 33.275 ], [ 77.468408881293442, 33.274646674262179 ], [ 77.464924452039966, 33.271186659071212 ], [ 77.456617567274336, 33.270480007595516 ], [ 77.447916327582504, 33.27915361192494 ], [ 77.435757785373298, 33.267019992404542 ], [ 77.433333333333366, 33.266666666666694 ], [ 77.429166666666703, 33.266666666666694 ], [ 77.42859937879777, 33.268877156575549 ], [ 77.424603949652806, 33.274032253689263 ], [ 77.418622843424515, 33.275567287868952 ], [ 77.414710489908884, 33.278599378797772 ], [ 77.410289510091175, 33.279733954535622 ], [ 77.396736992730069, 33.292312452528243 ], [ 77.395266045464439, 33.298043823242217 ], [ 77.392233954535627, 33.301956176757841 ], [ 77.391099378797776, 33.30637715657555 ], [ 77.387103949652811, 33.311532253689265 ], [ 77.378902180989613, 33.313637118869387 ], [ 77.382766045464436, 33.318622843424507 ], [ 77.383333333333368, 33.320833333333361 ], [ 77.383686659071216, 33.327424452039963 ], [ 77.387146674262183, 33.330908881293432 ], [ 77.387853325737879, 33.344091118706629 ], [ 77.391313340928846, 33.347575547960098 ], [ 77.392024400499167, 33.352455139160185 ], [ 77.402450561523466, 33.362853325737873 ], [ 77.414924452039969, 33.362146674262185 ], [ 77.419120279947947, 33.357980007595515 ], [ 77.423257785373295, 33.358686659071211 ], [ 77.426742214626771, 33.362146674262185 ], [ 77.429166666666703, 33.3625 ], [ 77.42859937879777, 33.364710489908887 ], [ 77.425468614366352, 33.36875 ], [ 77.428704833984412, 33.372925482855933 ], [ 77.421400621202295, 33.381122843424507 ], [ 77.420266045464444, 33.389710489908886 ], [ 77.417233954535618, 33.393622843424509 ], [ 77.416099378797782, 33.398043823242219 ], [ 77.408900621202292, 33.406122843424512 ], [ 77.407766045464442, 33.423043823242217 ], [ 77.404733954535629, 33.426956176757841 ], [ 77.403599378797779, 33.43137715657555 ], [ 77.396400621202289, 33.439456176757844 ], [ 77.395266045464439, 33.456377156575549 ], [ 77.392233954535627, 33.460289510091179 ], [ 77.390815904405414, 33.465815734863313 ], [ 77.385289510091184, 33.467233954535622 ], [ 77.379822455512183, 33.471793111165397 ], [ 77.379166666666706, 33.4791666666667 ], [ 77.379166666666706, 33.483333333333363 ], [ 77.383333333333368, 33.483333333333363 ], [ 77.384220716688404, 33.486791483561227 ], [ 77.393877156575556, 33.488067287868958 ], [ 77.397789510091172, 33.49109937879777 ], [ 77.406377156575559, 33.492233954535621 ], [ 77.410289510091175, 33.49526604546444 ], [ 77.441666666666706, 33.495833333333366 ], [ 77.442019992404553, 33.493408881293433 ], [ 77.445480007595521, 33.489924452039958 ], [ 77.446186659071216, 33.485075547960101 ], [ 77.449646674262183, 33.481591118706625 ], [ 77.450355021158884, 33.468379550510015 ], [ 77.455908881293439, 33.462853325737875 ], [ 77.4625, 33.4625 ], [ 77.462853325737882, 33.451742214626769 ], [ 77.470480007595526, 33.444091118706631 ], [ 77.471186659071208, 33.435075547960096 ], [ 77.478813340928852, 33.427424452039958 ], [ 77.479524739583368, 33.422543165418865 ], [ 77.485075547960108, 33.417019992404548 ], [ 77.506591118706638, 33.416313340928852 ], [ 77.510075547960099, 33.412853325737878 ], [ 77.519121297200556, 33.412144300672772 ], [ 77.524985758463572, 33.406250339084231 ], [ 77.521186659071219, 33.402424452039959 ], [ 77.520480007595523, 33.393408881293432 ], [ 77.517019992404542, 33.389924452039963 ], [ 77.51631334092886, 33.376742214626766 ], [ 77.512853325737879, 33.373257785373291 ], [ 77.5125, 33.370833333333366 ], [ 77.519091118706626, 33.370480007595518 ], [ 77.526742214626765, 33.362853325737873 ], [ 77.531591118706629, 33.362146674262185 ], [ 77.535786946614621, 33.357980007595515 ], [ 77.539924452039969, 33.358686659071211 ], [ 77.543408881293431, 33.362146674262185 ], [ 77.55, 33.3625 ], [ 77.550353325737888, 33.364924452039958 ], [ 77.553813340928855, 33.368408881293433 ], [ 77.554519992404551, 33.373257785373291 ], [ 77.568379041883716, 33.387142266167565 ], [ 77.573257785373301, 33.387853325737879 ], [ 77.576742214626776, 33.391313340928846 ], [ 77.585757785373303, 33.392019992404542 ], [ 77.589242214626765, 33.395480007595516 ], [ 77.602424452039969, 33.396186659071212 ], [ 77.61631130642364, 33.410047743055586 ], [ 77.617019992404551, 33.419091118706625 ], [ 77.626711697048648, 33.428808932834229 ], [ 77.631591118706638, 33.429519992404543 ], [ 77.635075547960099, 33.432980007595518 ], [ 77.644091118706626, 33.433686659071213 ], [ 77.653808932834238, 33.443378194173206 ], [ 77.654166666666697, 33.445833333333361 ], [ 77.6625, 33.445833333333361 ], [ 77.661932712131119, 33.448043823242216 ], [ 77.653583780924521, 33.457413567437094 ], [ 77.646684095594651, 33.459184265136749 ], [ 77.645266045464439, 33.464710489908882 ], [ 77.641270616319474, 33.469865587022596 ], [ 77.633931816948817, 33.471749030219215 ], [ 77.633333333333368, 33.491666666666696 ], [ 77.633956909179716, 33.503257412380677 ], [ 77.6375, 33.504166666666698 ], [ 77.6375, 33.508333333333361 ], [ 77.644091118706626, 33.507980007595521 ], [ 77.647575547960102, 33.504519992404546 ], [ 77.654166666666697, 33.504166666666698 ], [ 77.656377156575559, 33.503599378797773 ], [ 77.669845241970521, 33.49109937879777 ], [ 77.673043823242224, 33.492233954535621 ], [ 77.676956176757841, 33.49526604546444 ], [ 77.68137715657555, 33.496400621202291 ], [ 77.686753336588581, 33.500567287868954 ], [ 77.694953748914969, 33.499261305067307 ], [ 77.697048272026947, 33.49109937879777 ], [ 77.710543823242219, 33.492233954535621 ], [ 77.714456176757849, 33.49526604546444 ], [ 77.718877156575559, 33.496400621202291 ], [ 77.724253336588575, 33.500567287868954 ], [ 77.731377156575562, 33.49943271213111 ], [ 77.735289510091178, 33.496400621202291 ], [ 77.74387715657555, 33.49526604546444 ], [ 77.751956176757844, 33.488067287868958 ], [ 77.7625, 33.4875 ], [ 77.762853325737879, 33.502424452039961 ], [ 77.77671440972226, 33.516311136881541 ], [ 77.785757785373306, 33.517019992404542 ], [ 77.791311645507847, 33.522546217176682 ], [ 77.7916666666667, 33.529166666666697 ], [ 77.798043823242224, 33.528599378797772 ], [ 77.806122843424518, 33.521400621202289 ], [ 77.81471048990889, 33.520266045464439 ], [ 77.818622843424521, 33.517233954535619 ], [ 77.835543823242219, 33.516099378797776 ], [ 77.839456176757849, 33.513067287868957 ], [ 77.84498257107208, 33.511649068196647 ], [ 77.846684095594654, 33.505017598470083 ], [ 77.85, 33.504166666666698 ], [ 77.850353325737871, 33.501742214626766 ], [ 77.853813340928838, 33.498257785373298 ], [ 77.854166666666686, 33.495833333333366 ], [ 77.84943271213109, 33.494618394639787 ], [ 77.856122843424501, 33.488067287868958 ], [ 77.86054382324221, 33.486932712131107 ], [ 77.864456176757827, 33.483900621202288 ], [ 77.881377156575539, 33.482766045464437 ], [ 77.890729437934056, 33.474432712131104 ], [ 77.898043823242205, 33.475567287868955 ], [ 77.903420003255235, 33.479733954535618 ], [ 77.910543823242207, 33.478599378797774 ], [ 77.918622843424501, 33.471400621202285 ], [ 77.92304382324221, 33.470266045464442 ], [ 77.926956176757841, 33.467233954535622 ], [ 77.933333333333351, 33.466666666666697 ], [ 77.933686659071199, 33.464242214626765 ], [ 77.942019992404539, 33.455882263183625 ], [ 77.941313340928843, 33.447575547960099 ], [ 77.932980007595503, 33.439215596516959 ], [ 77.933686659071199, 33.435075547960096 ], [ 77.937485419379357, 33.43125 ], [ 77.933686659071199, 33.427424452039958 ], [ 77.933333333333351, 33.420833333333363 ], [ 77.922575547960093, 33.420480007595515 ], [ 77.919091118706618, 33.417019992404548 ], [ 77.914242214626753, 33.416313340928852 ], [ 77.910757785373292, 33.412853325737878 ], [ 77.901742214626751, 33.412146674262182 ], [ 77.88785773383249, 33.398287794325114 ], [ 77.887146674262169, 33.393408881293432 ], [ 77.881620449490043, 33.38785485161678 ], [ 77.868408881293419, 33.387146674262183 ], [ 77.862858072916694, 33.381623501247859 ], [ 77.862146674262178, 33.376742214626766 ], [ 77.85245513916017, 33.367024400499162 ], [ 77.85, 33.366666666666696 ], [ 77.850353325737871, 33.355908881293431 ], [ 77.853813340928838, 33.352424452039962 ], [ 77.854519992404533, 33.335075547960102 ], [ 77.857980007595501, 33.331591118706626 ], [ 77.858333333333377, 33.325 ], [ 77.857482571072083, 33.321684265136746 ], [ 77.851956176757852, 33.320266045464436 ], [ 77.848043823242222, 33.317233954535617 ], [ 77.834232923719654, 33.316005452473988 ], [ 77.833333333333371, 33.3125 ], [ 77.826742214626776, 33.312146674262181 ], [ 77.823257785373301, 33.308686659071213 ], [ 77.7916666666667, 33.308333333333366 ], [ 77.792233954535632, 33.301956176757841 ], [ 77.795266045464444, 33.298043823242217 ], [ 77.796400621202295, 33.289456176757838 ], [ 77.799432712131107, 33.285543823242215 ], [ 77.800567287868958, 33.276956176757842 ], [ 77.804153442382855, 33.272329033745692 ], [ 77.798043823242224, 33.267233954535619 ], [ 77.781122843424512, 33.266099378797769 ], [ 77.777210489908896, 33.26306728786895 ], [ 77.764456176757847, 33.261932712131106 ], [ 77.76054382324223, 33.258900621202287 ], [ 77.755017428927985, 33.257482401529977 ], [ 77.754166666666706, 33.254166666666698 ], [ 77.753813340928858, 33.251742214626766 ], [ 77.7500145806207, 33.247916666666697 ], [ 77.753813340928858, 33.244091118706628 ], [ 77.754166666666706, 33.22083333333336 ], [ 77.754519992404553, 33.218408881293428 ], [ 77.762146674262183, 33.210757785373289 ], [ 77.762853325737879, 33.205908881293432 ], [ 77.76631334092886, 33.202424452039956 ], [ 77.767019992404556, 33.197575547960099 ], [ 77.774646674262186, 33.189924452039961 ], [ 77.775353325737882, 33.185075547960096 ], [ 77.778813340928849, 33.181591118706628 ], [ 77.779519992404545, 33.168408881293431 ], [ 77.782980007595526, 33.164924452039962 ], [ 77.783686659071222, 33.155908881293428 ], [ 77.787146674262189, 33.152424452039959 ], [ 77.7875, 33.145833333333364 ], [ 77.798257785373295, 33.146186659071205 ], [ 77.802083333333371, 33.149985419379369 ], [ 77.805908881293433, 33.146186659071205 ], [ 77.822549777560795, 33.145480007595516 ], [ 77.835075547960102, 33.157980007595512 ], [ 77.839924452039966, 33.158686659071208 ], [ 77.851742214626768, 33.170480007595515 ], [ 77.856591118706632, 33.171186659071211 ], [ 77.864242214626771, 33.178813340928848 ], [ 77.869091118706635, 33.179519992404543 ], [ 77.874641927083374, 33.185043165418868 ], [ 77.875, 33.1875 ], [ 77.877424452039975, 33.187146674262181 ], [ 77.880908881293436, 33.183686659071206 ], [ 77.885757785373301, 33.182980007595518 ], [ 77.905908881293442, 33.162853325737878 ], [ 77.910757785373306, 33.162146674262182 ], [ 77.918408881293445, 33.154519992404545 ], [ 77.923257785373295, 33.153813340928849 ], [ 77.927453613281287, 33.149646674262179 ], [ 77.944091118706638, 33.150353325737875 ], [ 77.947575547960113, 33.153813340928849 ], [ 77.954166666666708, 33.154166666666697 ], [ 77.956339348687081, 33.153561740451416 ], [ 77.96998121473527, 33.14106174045142 ], [ 77.977172682020424, 33.142271592881976 ], [ 77.982792663574244, 33.146438259548638 ], [ 77.991024610731358, 33.144990370008706 ], [ 77.991666666666703, 33.125 ], [ 77.992019992404536, 33.122575547960096 ], [ 77.995480007595503, 33.119091118706628 ], [ 77.99618903266061, 33.110045369466171 ], [ 78.001742214626759, 33.104519992404541 ], [ 78.004166666666691, 33.104166666666693 ], [ 78.004166666666691, 33.1 ], [ 78.004166666666691, 33.083333333333364 ], [ 77.997877671983531, 33.082677883572075 ], [ 77.993788994683186, 33.079822116427977 ], [ 77.980219014485698, 33.078407796223985 ], [ 77.978511216905403, 33.072877671983534 ], [ 77.975655449761305, 33.068788994683189 ], [ 77.97434455023874, 33.060377671983531 ], [ 77.971488783094642, 33.056288994683186 ], [ 77.970177883572077, 33.043711005316865 ], [ 77.967322116427979, 33.03962232801652 ], [ 77.9660112169054, 33.0270443386502 ], [ 77.963155449761302, 33.022955661349854 ], [ 77.961844550238737, 33.012254163954019 ], [ 77.9660112169054, 33.006288994683189 ], [ 77.967649671766509, 33.000983005099854 ], [ 77.972955661349843, 32.999344550238739 ], [ 77.986594814724413, 32.987058851454023 ], [ 77.988155449761308, 32.977044338650202 ], [ 77.991910807291688, 32.971667819552977 ], [ 77.972877671983525, 32.970177883572077 ], [ 77.964622328016517, 32.96315544976131 ], [ 77.958087497287352, 32.961844550238744 ], [ 77.952122328016515, 32.966011216905407 ], [ 77.947877671983534, 32.967322116427979 ], [ 77.939622328016512, 32.97434455023874 ], [ 77.922982957628065, 32.975655449761312 ], [ 77.920177883572066, 32.970587497287354 ], [ 77.924344550238743, 32.964622328016517 ], [ 77.925, 32.9375 ], [ 77.905082363552538, 32.936901516384573 ], [ 77.904166666666697, 32.933333333333358 ], [ 77.904519992404531, 32.889242214626762 ], [ 77.908686659071208, 32.885046386718777 ], [ 77.907980007595512, 32.868408881293426 ], [ 77.900353325737868, 32.860757785373288 ], [ 77.9, 32.858333333333363 ], [ 77.900567287868938, 32.856122843424508 ], [ 77.903599378797765, 32.852210489908877 ], [ 77.904827880859401, 32.83839959038631 ], [ 77.911791483561217, 32.836612616644992 ], [ 77.913067287868941, 32.82695617675784 ], [ 77.916099378797767, 32.823043823242216 ], [ 77.917233954535618, 32.806122843424504 ], [ 77.920371500651058, 32.802074517144121 ], [ 77.913067287868941, 32.793877156575547 ], [ 77.9125, 32.770833333333357 ], [ 77.908333333333374, 32.770833333333357 ], [ 77.904166666666697, 32.770833333333357 ], [ 77.903315904405417, 32.77414923773874 ], [ 77.897789510091187, 32.775567287868952 ], [ 77.889710489908893, 32.782766045464435 ], [ 77.88306884765629, 32.784470621744816 ], [ 77.886932712131113, 32.789456176757838 ], [ 77.888067287868964, 32.796579996744818 ], [ 77.883900621202301, 32.801956176757841 ], [ 77.88276604546445, 32.814710489908876 ], [ 77.869900173611143, 32.828464084201414 ], [ 77.860289510091178, 32.829733954535612 ], [ 77.848043823242222, 32.841099378797772 ], [ 77.836753336588572, 32.842233954535615 ], [ 77.831377156575556, 32.838067287868952 ], [ 77.828178575303852, 32.836932712131102 ], [ 77.81471048990889, 32.849432712131104 ], [ 77.810289510091181, 32.850567287868948 ], [ 77.806377156575564, 32.853599378797767 ], [ 77.801956176757855, 32.854733954535618 ], [ 77.798043823242224, 32.857766045464437 ], [ 77.788387383355072, 32.859041680230064 ], [ 77.786649237738757, 32.865815904405409 ], [ 77.783333333333374, 32.866666666666696 ], [ 77.783900621202292, 32.877210489908883 ], [ 77.786932712131119, 32.881122843424507 ], [ 77.788067287868955, 32.885543823242216 ], [ 77.791099378797782, 32.88945617675784 ], [ 77.792803955078156, 32.896097819010443 ], [ 77.797916666666708, 32.892135281033013 ], [ 77.801956176757855, 32.895266045464439 ], [ 77.806377156575564, 32.896400621202282 ], [ 77.81132134331601, 32.900232272677975 ], [ 77.813067287868961, 32.905154758029539 ], [ 77.800567287868958, 32.918622843424508 ], [ 77.8, 32.920833333333363 ], [ 77.797789510091178, 32.921400621202281 ], [ 77.793877156575562, 32.9244327121311 ], [ 77.789456176757852, 32.925567287868951 ], [ 77.773043823242219, 32.941099378797773 ], [ 77.768622843424509, 32.942233954535617 ], [ 77.763467746310795, 32.946229383680581 ], [ 77.761649237738752, 32.953315904405407 ], [ 77.756122843424521, 32.954733954535619 ], [ 77.750967746310806, 32.958729383680584 ], [ 77.74943271213111, 32.964710489908882 ], [ 77.745437282986146, 32.969865587022596 ], [ 77.739456176757855, 32.971400621202285 ], [ 77.735543823242224, 32.974432712131104 ], [ 77.7291666666667, 32.975 ], [ 77.726956176757852, 32.974432712131104 ], [ 77.722916666666706, 32.971301947699679 ], [ 77.718877156575559, 32.974432712131104 ], [ 77.713350762261314, 32.97585076226131 ], [ 77.711612616644999, 32.982624986436662 ], [ 77.701956176757847, 32.983900621202281 ], [ 77.698043823242216, 32.9869327121311 ], [ 77.683333333333366, 32.9875 ], [ 77.682980007595518, 32.989924452039958 ], [ 77.679519992404551, 32.993408881293426 ], [ 77.678813340928855, 32.998257785373291 ], [ 77.671186659071211, 33.005908881293429 ], [ 77.670480007595515, 33.010757785373293 ], [ 77.667019992404548, 33.014242214626762 ], [ 77.666313340928852, 33.01837972005211 ], [ 77.670480007595515, 33.022575547960095 ], [ 77.670833333333363, 33.029166666666697 ] ] ] ] } },
{ "type": "Feature", "properties": { "HYBAS_ID": 4070615810, "NEXT_DOWN": 4070622660, "NEXT_SINK": 4070033640, "MAIN_BAS": 4070033640, "DIST_SINK": 2845.9, "DIST_MAIN": 2845.9, "SUB_AREA": 1193.0, "UP_AREA": 3921.7, "PFAF_ID": 4568067, "ENDO": 0, "COAST": 0, "ORDER": 3, "SORT": 6000, "areakm2": 1192.98 }, "geometry": { "type": "MultiPolygon", "coordinates": [ [ [ [ 77.970833333333374, 35.091666666666697 ], [ 77.964556884765656, 35.092334662543429 ], [ 77.959311252170181, 35.095944213867213 ], [ 77.957505967881985, 35.107276068793432 ], [ 77.952056884765668, 35.109001329210095 ], [ 77.947943115234409, 35.111832004123293 ], [ 77.939556884765665, 35.113167995876765 ], [ 77.933851793077295, 35.117093912760446 ], [ 77.903905571831629, 35.115906778971379 ], [ 77.907665337456635, 35.110443115234403 ], [ 77.909001329210113, 35.106223551432322 ], [ 77.911832004123298, 35.102109781901071 ], [ 77.913167995876776, 35.097890218098989 ], [ 77.915998670789975, 35.093776448567738 ], [ 77.917334662543439, 35.091498141818604 ], [ 77.912658352322083, 35.084702555338566 ], [ 77.906223551432333, 35.082665337456625 ], [ 77.902109781901075, 35.079834662543433 ], [ 77.895664808485279, 35.078498670789955 ], [ 77.889580620659757, 35.082685343424508 ], [ 77.881276448567746, 35.075667995876763 ], [ 77.877056884765665, 35.074332004123292 ], [ 77.871700371636322, 35.070646158854196 ], [ 77.87016533745664, 35.056223551432318 ], [ 77.867334662543442, 35.052109781901066 ], [ 77.865998670789963, 35.043723551432322 ], [ 77.863167995876779, 35.039609781901071 ], [ 77.8625, 35.0375 ], [ 77.864954291449692, 35.037142266167564 ], [ 77.878813340928858, 35.023257785373289 ], [ 77.879166666666706, 35.020833333333357 ], [ 77.880054050021741, 35.017375013563395 ], [ 77.889710489908893, 35.016099378797769 ], [ 77.893622843424509, 35.01306728786895 ], [ 77.898043823242219, 35.011932712131106 ], [ 77.901956176757849, 35.008900621202287 ], [ 77.93971048990889, 35.007766045464436 ], [ 77.943622843424521, 35.004733954535617 ], [ 77.94804382324223, 35.003599378797773 ], [ 77.951956176757847, 35.000567287868954 ], [ 77.968877156575559, 34.999432712131103 ], [ 77.981122843424515, 34.988067287868951 ], [ 77.9875, 34.9875 ], [ 77.987853325737888, 34.985075547960093 ], [ 77.991313340928855, 34.981591118706625 ], [ 77.992019992404551, 34.976742214626761 ], [ 77.995480007595518, 34.973257785373292 ], [ 77.995833333333351, 34.97083333333336 ], [ 77.995135667588997, 34.954950629340303 ], [ 77.98963504367407, 34.950642903645857 ], [ 77.984297519260011, 34.949035644531278 ], [ 77.982690599229628, 34.943698459201414 ], [ 77.963142734103755, 34.922968207465303 ], [ 77.961722140842042, 34.909040323893258 ], [ 77.934115431043864, 34.907626681857664 ], [ 77.921476067437084, 34.893801540798634 ], [ 77.920833333333377, 34.879166666666691 ], [ 77.902031792534757, 34.879809570312524 ], [ 77.897968207465311, 34.882690429687528 ], [ 77.885375637478333, 34.883976236979194 ], [ 77.882690429687543, 34.878844875759576 ], [ 77.886893717447947, 34.87291666666669 ], [ 77.883976236979208, 34.868801540798636 ], [ 77.882288614908887, 34.86319715711808 ], [ 77.858011542426254, 34.861857096354193 ], [ 77.852134874131977, 34.866023763020863 ], [ 77.84369845920142, 34.867309570312528 ], [ 77.839634874131974, 34.870190429687526 ], [ 77.834078301323828, 34.871863471137175 ], [ 77.832551744249173, 34.886827596028674 ], [ 77.804166666666703, 34.8875 ], [ 77.789242214626768, 34.887146674262176 ], [ 77.785757785373306, 34.883686659071209 ], [ 77.780908881293442, 34.882980007595513 ], [ 77.773257785373303, 34.875353325737876 ], [ 77.768408881293439, 34.874646674262181 ], [ 77.764924452039963, 34.871186659071206 ], [ 77.760075547960099, 34.870480007595511 ], [ 77.756591118706638, 34.867019992404536 ], [ 77.754166666666706, 34.866666666666696 ], [ 77.751956176757844, 34.867233954535614 ], [ 77.748043823242227, 34.870266045464433 ], [ 77.743622843424518, 34.871400621202284 ], [ 77.739710489908887, 34.874432712131103 ], [ 77.731122843424515, 34.875567287868947 ], [ 77.718877156575559, 34.886932712131099 ], [ 77.705066257052991, 34.888161214192735 ], [ 77.703599378797776, 34.893877156575549 ], [ 77.699603949652811, 34.899032253689263 ], [ 77.695833333333368, 34.9 ], [ 77.670833333333363, 34.9 ], [ 77.667517428927994, 34.900850762261314 ], [ 77.666099378797782, 34.906377156575545 ], [ 77.658795166015665, 34.914574517144125 ], [ 77.661932712131119, 34.918622843424508 ], [ 77.663067287868955, 34.921579996744818 ], [ 77.658900621202292, 34.926956176757841 ], [ 77.657766045464442, 34.939710489908883 ], [ 77.654733954535629, 34.943622843424507 ], [ 77.654166666666697, 34.945833333333361 ], [ 77.654519992404545, 34.948257785373293 ], [ 77.662146674262189, 34.955908881293432 ], [ 77.6625, 34.9625 ], [ 77.668826972113749, 34.963117472330758 ], [ 77.672839694552991, 34.966049194335966 ], [ 77.678240288628501, 34.967593044704884 ], [ 77.679784138997434, 34.972993638780409 ], [ 77.682715861002634, 34.977006361219644 ], [ 77.683950805664097, 34.981326972113742 ], [ 77.686882527669312, 34.985339694552977 ], [ 77.688294135199683, 34.995039198133711 ], [ 77.697993638780417, 34.99645080566409 ], [ 77.702083333333363, 34.999438476562524 ], [ 77.706173027886322, 34.99645080566409 ], [ 77.708802625868088, 34.995215861002634 ], [ 77.714506361219648, 34.999382527669297 ], [ 77.719906955295173, 35.000926378038223 ], [ 77.721759711371561, 35.007406955295167 ], [ 77.727160305447086, 35.008950805664092 ], [ 77.732597859700562, 35.0132998996311 ], [ 77.733333333333363, 35.020833333333357 ], [ 77.732715861002646, 35.039660305447079 ], [ 77.729784138997431, 35.043673027886314 ], [ 77.728372531467045, 35.053372531467041 ], [ 77.718673027886325, 35.05478413899742 ], [ 77.714583333333366, 35.057771809895861 ], [ 77.71049363878042, 35.05478413899742 ], [ 77.689506361219657, 35.053549194335965 ], [ 77.685493638780414, 35.050617472330757 ], [ 77.661693657769135, 35.049382527669295 ], [ 77.64799363878042, 35.061882527669297 ], [ 77.643673027886322, 35.063117472330759 ], [ 77.638361612955762, 35.066997612847253 ], [ 77.6368825276693, 35.077160305447073 ], [ 77.6332194010417, 35.082174682617215 ], [ 77.627006361219657, 35.083950805664088 ], [ 77.622993638780414, 35.086882527669296 ], [ 77.614506361219654, 35.088117472330758 ], [ 77.606326972113749, 35.095215861002629 ], [ 77.597839694552988, 35.096450805664091 ], [ 77.593826972113746, 35.099382527669299 ], [ 77.589506361219648, 35.100617472330754 ], [ 77.58027309841583, 35.108630032009579 ], [ 77.578549194335977, 35.114660305447075 ], [ 77.575617472330762, 35.11867302788631 ], [ 77.575, 35.141666666666694 ], [ 77.572575547960099, 35.142019992404542 ], [ 77.569091118706638, 35.145480007595516 ], [ 77.566666666666706, 35.145833333333364 ], [ 77.565767076280423, 35.149338785807316 ], [ 77.551956176757841, 35.150567287868952 ], [ 77.548043823242224, 35.153599378797772 ], [ 77.5416666666667, 35.154166666666697 ], [ 77.534135945638056, 35.154901801215303 ], [ 77.532715861002643, 35.164660135904974 ], [ 77.529784138997428, 35.168673197428411 ], [ 77.528549194335966, 35.175469122992652 ], [ 77.532715861002643, 35.181173197428414 ], [ 77.533950805664091, 35.18549346923831 ], [ 77.536882527669306, 35.189506530761747 ], [ 77.5375, 35.195833333333361 ], [ 77.541931152343778, 35.19697045220272 ], [ 77.537103949652817, 35.203198920355931 ], [ 77.531122843424512, 35.204733954535619 ], [ 77.527210489908882, 35.207766045464439 ], [ 77.522789510091187, 35.208900621202282 ], [ 77.517299397786488, 35.213479105631542 ], [ 77.516099378797776, 35.231377156575547 ], [ 77.513067287868964, 35.235289510091178 ], [ 77.5125, 35.254166666666698 ], [ 77.513467746310795, 35.257937452528239 ], [ 77.518622843424509, 35.261932712131106 ], [ 77.523043823242219, 35.26306728786895 ], [ 77.526956176757849, 35.266099378797769 ], [ 77.53248257107208, 35.267517598470079 ], [ 77.533900621202292, 35.273043823242219 ], [ 77.536932712131104, 35.276956176757842 ], [ 77.538637288411493, 35.283597988552543 ], [ 77.543622843424515, 35.279733954535622 ], [ 77.545833333333363, 35.279166666666697 ], [ 77.546191406250031, 35.27670983208553 ], [ 77.551742214626771, 35.271186659071212 ], [ 77.560757785373298, 35.270480007595516 ], [ 77.564242214626773, 35.267019992404542 ], [ 77.581591118706626, 35.266313340928846 ], [ 77.585075547960102, 35.262853325737879 ], [ 77.5875, 35.2625 ], [ 77.590815904405417, 35.261649068196647 ], [ 77.592233954535629, 35.256122843424507 ], [ 77.595266045464442, 35.252210489908883 ], [ 77.596801079644138, 35.246229214138481 ], [ 77.601956176757852, 35.242233954535621 ], [ 77.610543823242224, 35.24109937879777 ], [ 77.614583333333371, 35.23796878390845 ], [ 77.618622843424518, 35.24109937879777 ], [ 77.633333333333368, 35.241666666666696 ], [ 77.633686659071216, 35.248257785373291 ], [ 77.655879380967917, 35.270475769042996 ], [ 77.660757785373306, 35.271186659071212 ], [ 77.664242214626768, 35.274646674262179 ], [ 77.673257785373295, 35.275353325737875 ], [ 77.676742214626771, 35.278813340928849 ], [ 77.681591118706635, 35.279519992404545 ], [ 77.68507554796011, 35.282980007595512 ], [ 77.698257785373301, 35.283686659071208 ], [ 77.70381096733945, 35.289212205674943 ], [ 77.704519992404556, 35.298257785373295 ], [ 77.710046047634592, 35.303811645507842 ], [ 77.722549099392396, 35.304519992404543 ], [ 77.730908881293445, 35.296186659071211 ], [ 77.735047743055588, 35.295480007595515 ], [ 77.741308593750034, 35.301709832085535 ], [ 77.741666666666703, 35.304166666666696 ], [ 77.742517428927982, 35.307482401529974 ], [ 77.745833333333366, 35.308333333333366 ], [ 77.745833333333366, 35.3 ], [ 77.75, 35.3 ], [ 77.751214938693607, 35.295266045464437 ], [ 77.777210489908896, 35.296400621202288 ], [ 77.782586669921912, 35.300567287868951 ], [ 77.789710489908884, 35.299432712131107 ], [ 77.793622843424515, 35.296400621202288 ], [ 77.807350667317749, 35.295179409450981 ], [ 77.829733954535627, 35.271861945258273 ], [ 77.828599378797776, 35.26445617675784 ], [ 77.825567287868964, 35.260543823242216 ], [ 77.824112616644996, 35.254875183105497 ], [ 77.813419596354208, 35.253462388780413 ], [ 77.808798556857681, 35.247921244303413 ], [ 77.81193271213111, 35.24387715657555 ], [ 77.813067287868961, 35.239456176757841 ], [ 77.816099378797773, 35.235543823242217 ], [ 77.817517428927985, 35.230017598470084 ], [ 77.824603949652811, 35.228198920355929 ], [ 77.828599378797776, 35.223043823242215 ], [ 77.829166666666708, 35.216666666666697 ], [ 77.836600409613752, 35.216005452473986 ], [ 77.838399590386317, 35.208994547526068 ], [ 77.845833333333374, 35.208333333333364 ], [ 77.847134229871983, 35.204224141438829 ], [ 77.860390218098985, 35.192334662543431 ], [ 77.868776448567729, 35.190998670789959 ], [ 77.874831644694027, 35.186832004123289 ], [ 77.877109781901069, 35.188167995876768 ], [ 77.88125, 35.191016981336837 ], [ 77.885390218098976, 35.188167995876768 ], [ 77.890664672851585, 35.186498006184927 ], [ 77.893036058213994, 35.179008314344649 ], [ 77.897890218098979, 35.175667995876765 ], [ 77.906276448567723, 35.174332004123293 ], [ 77.910390218098982, 35.171501329210095 ], [ 77.914609781901063, 35.170165337456623 ], [ 77.931223551432311, 35.154834662543429 ], [ 77.935443115234392, 35.153498670789958 ], [ 77.943723551432313, 35.146501329210096 ], [ 77.952109781901058, 35.145165337456625 ], [ 77.956223551432316, 35.142334662543433 ], [ 77.988167995876765, 35.140874226888052 ], [ 77.986832004123286, 35.106223551432322 ], [ 77.975667995876762, 35.093776448567738 ], [ 77.975, 35.091666666666697 ], [ 77.970833333333374, 35.091666666666697 ] ] ] ] } },
{ "type": "Feature", "properties": { "HYBAS_ID": 4070615650, "NEXT_DOWN": 4070622660, "NEXT_SINK": 4070033640, "MAIN_BAS": 4070033640, "DIST_SINK": 2845.9, "DIST_MAIN": 2845.9, "SUB_AREA": 1281.9, "UP_AREA": 1282.2, "PFAF_ID": 4568066, "ENDO": 0, "COAST": 0, "ORDER": 4, "SORT": 6001, "areakm2": 1281.86 }, "geometry": { "type": "MultiPolygon", "coordinates": [ [ [ [ 78.179166666666688, 34.9875 ], [ 78.155908881293428, 34.987853325737873 ], [ 78.152424452039952, 34.991313340928848 ], [ 78.126742214626759, 34.992019992404543 ], [ 78.123257785373283, 34.995480007595511 ], [ 78.101742214626753, 34.996186659071206 ], [ 78.089924452039952, 35.007980007595513 ], [ 78.060787116156703, 35.008686659071209 ], [ 78.056591118706621, 35.004519992404539 ], [ 78.043408881293431, 35.003813340928843 ], [ 78.031591118706615, 34.992019992404543 ], [ 78.0125, 34.991666666666696 ], [ 78.012146674262169, 34.989242214626763 ], [ 78.008686659071202, 34.985757785373288 ], [ 78.007977634006096, 34.976712036132838 ], [ 78.002424452039946, 34.971186659071208 ], [ 78.0, 34.97083333333336 ], [ 77.995833333333351, 34.97083333333336 ], [ 77.995480007595518, 34.973257785373292 ], [ 77.992019992404551, 34.976742214626761 ], [ 77.991313340928855, 34.981591118706625 ], [ 77.987853325737888, 34.985075547960093 ], [ 77.9875, 34.9875 ], [ 77.981122843424515, 34.988067287868951 ], [ 77.968877156575559, 34.999432712131103 ], [ 77.951956176757847, 35.000567287868954 ], [ 77.94804382324223, 35.003599378797773 ], [ 77.943622843424521, 35.004733954535617 ], [ 77.93971048990889, 35.007766045464436 ], [ 77.901956176757849, 35.008900621202287 ], [ 77.898043823242219, 35.011932712131106 ], [ 77.893622843424509, 35.01306728786895 ], [ 77.889710489908893, 35.016099378797769 ], [ 77.880054050021741, 35.017375013563395 ], [ 77.879166666666706, 35.020833333333357 ], [ 77.878813340928858, 35.023257785373289 ], [ 77.864954291449692, 35.037142266167564 ], [ 77.8625, 35.0375 ], [ 77.863167995876779, 35.039609781901071 ], [ 77.865998670789963, 35.043723551432322 ], [ 77.867334662543442, 35.052109781901066 ], [ 77.87016533745664, 35.056223551432318 ], [ 77.871700371636322, 35.070646158854196 ], [ 77.877056884765665, 35.074332004123292 ], [ 77.881276448567746, 35.075667995876763 ], [ 77.889580620659757, 35.082685343424508 ], [ 77.895664808485279, 35.078498670789955 ], [ 77.902109781901075, 35.079834662543433 ], [ 77.906223551432333, 35.082665337456625 ], [ 77.912658352322083, 35.084702555338566 ], [ 77.917334662543439, 35.091498141818604 ], [ 77.915998670789975, 35.093776448567738 ], [ 77.913167995876776, 35.097890218098989 ], [ 77.911832004123298, 35.102109781901071 ], [ 77.909001329210113, 35.106223551432322 ], [ 77.907665337456635, 35.110443115234403 ], [ 77.903905571831629, 35.115906778971379 ], [ 77.933851793077295, 35.117093912760446 ], [ 77.939556884765665, 35.113167995876765 ], [ 77.947943115234409, 35.111832004123293 ], [ 77.952056884765668, 35.109001329210095 ], [ 77.957505967881985, 35.107276068793432 ], [ 77.959311252170181, 35.095944213867213 ], [ 77.964556884765656, 35.092334662543429 ], [ 77.970833333333374, 35.091666666666697 ], [ 77.975, 35.091666666666697 ], [ 77.975667995876762, 35.093776448567738 ], [ 77.986832004123286, 35.106223551432322 ], [ 77.988167995876765, 35.140874226888052 ], [ 77.956223551432316, 35.142334662543433 ], [ 77.952109781901058, 35.145165337456625 ], [ 77.943723551432313, 35.146501329210096 ], [ 77.935443115234392, 35.153498670789958 ], [ 77.931223551432311, 35.154834662543429 ], [ 77.914609781901063, 35.170165337456623 ], [ 77.910390218098982, 35.171501329210095 ], [ 77.906276448567723, 35.174332004123293 ], [ 77.897890218098979, 35.175667995876765 ], [ 77.893036058213994, 35.179008314344649 ], [ 77.890664672851585, 35.186498006184927 ], [ 77.885390218098976, 35.188167995876768 ], [ 77.88125, 35.191016981336837 ], [ 77.877109781901069, 35.188167995876768 ], [ 77.874831644694027, 35.186832004123289 ], [ 77.868776448567729, 35.190998670789959 ], [ 77.860390218098985, 35.192334662543431 ], [ 77.847134229871983, 35.204224141438829 ], [ 77.845833333333374, 35.208333333333364 ], [ 77.848257785373278, 35.208686659071212 ], [ 77.851742214626753, 35.212146674262179 ], [ 77.854166666666686, 35.2125 ], [ 77.861600409613743, 35.211838785807323 ], [ 77.8625, 35.208333333333364 ], [ 77.866666666666688, 35.208333333333364 ], [ 77.867630852593336, 35.211535814073379 ], [ 77.872968377007396, 35.213142734103762 ], [ 77.885364956325972, 35.224357265896295 ], [ 77.900250244140651, 35.225875515408013 ], [ 77.896476067437092, 35.231198289659318 ], [ 77.895190599229622, 35.235468377007408 ], [ 77.892309400770415, 35.239531622992651 ], [ 77.891023932562959, 35.252135043674073 ], [ 77.888142734103752, 35.256198289659316 ], [ 77.8875, 35.2625 ], [ 77.888714938693596, 35.267233954535619 ], [ 77.91471048990887, 35.266099378797769 ], [ 77.918622843424501, 35.26306728786895 ], [ 77.92304382324221, 35.261932712131106 ], [ 77.931122843424504, 35.254733954535617 ], [ 77.952210489908879, 35.253599378797773 ], [ 77.95625, 35.250468783908445 ], [ 77.961753336588558, 35.254733954535617 ], [ 77.968877156575545, 35.253599378797773 ], [ 77.972789510091161, 35.250567287868954 ], [ 77.97721048990887, 35.249432712131103 ], [ 77.985289510091164, 35.242233954535621 ], [ 77.989710489908873, 35.24109937879777 ], [ 77.993622843424504, 35.238067287868951 ], [ 78.007373555501317, 35.236844041612443 ], [ 78.011932712131099, 35.231377156575547 ], [ 78.01306728786895, 35.226956176757838 ], [ 78.016099378797762, 35.223043823242215 ], [ 78.017517598470079, 35.217517598470081 ], [ 78.023043823242205, 35.216099378797772 ], [ 78.026956176757835, 35.213067287868952 ], [ 78.029166666666683, 35.2125 ], [ 78.029733954535615, 35.210289510091172 ], [ 78.041099378797767, 35.198043823242216 ], [ 78.042634412977449, 35.192062547471814 ], [ 78.047789510091164, 35.188067287868954 ], [ 78.053315734863304, 35.186649068196644 ], [ 78.055134412977452, 35.179562547471818 ], [ 78.060289510091167, 35.175567287868951 ], [ 78.0625, 35.175 ], [ 78.094119093153239, 35.175353664822076 ], [ 78.100353325737871, 35.18161892361114 ], [ 78.099646674262175, 35.194091118706623 ], [ 78.095480007595512, 35.198287116156713 ], [ 78.096187845865913, 35.214953443739176 ], [ 78.102452256944474, 35.221186659071208 ], [ 78.110757785373281, 35.220480007595512 ], [ 78.114242214626756, 35.217019992404545 ], [ 78.119091118706621, 35.216313340928849 ], [ 78.122916666666697, 35.212514580620692 ], [ 78.126742214626759, 35.216313340928849 ], [ 78.131591118706623, 35.217019992404545 ], [ 78.139242214626762, 35.224646674262182 ], [ 78.154166666666697, 35.225 ], [ 78.156591118706615, 35.224646674262182 ], [ 78.169116889105922, 35.212146674262179 ], [ 78.173257785373281, 35.212853325737875 ], [ 78.177083333333357, 35.216652086046032 ], [ 78.180908881293419, 35.212853325737875 ], [ 78.183333333333351, 35.2125 ], [ 78.185543823242213, 35.213067287868952 ], [ 78.193622843424507, 35.220266045464442 ], [ 78.202951727973115, 35.221400621202285 ], [ 78.204733954535612, 35.214456176757842 ], [ 78.211932712131102, 35.206377156575549 ], [ 78.213350931803404, 35.200850931803416 ], [ 78.218877156575545, 35.199432712131106 ], [ 78.222789510091175, 35.196400621202287 ], [ 78.225746663411485, 35.195266045464436 ], [ 78.231122843424501, 35.199432712131106 ], [ 78.239710489908873, 35.20056728786895 ], [ 78.24375, 35.203697882758277 ], [ 78.249032253689265, 35.199604119194909 ], [ 78.250850931803413, 35.192517598470083 ], [ 78.256377156575539, 35.191099378797773 ], [ 78.268738640679274, 35.179626464843778 ], [ 78.272789510091172, 35.18276604546444 ], [ 78.285543823242207, 35.183900621202284 ], [ 78.294913567437092, 35.192249552408882 ], [ 78.295833333333363, 35.195833333333361 ], [ 78.308333333333351, 35.195833333333361 ], [ 78.308686659071199, 35.189242214626766 ], [ 78.316313340928843, 35.181591118706628 ], [ 78.31702440049915, 35.176711527506541 ], [ 78.326742214626762, 35.167019992404541 ], [ 78.333333333333357, 35.166666666666693 ], [ 78.335757785373289, 35.167019992404541 ], [ 78.339242214626765, 35.170480007595515 ], [ 78.341666666666697, 35.170833333333363 ], [ 78.348257785373292, 35.170480007595515 ], [ 78.355908881293431, 35.162853325737878 ], [ 78.360757785373295, 35.162146674262182 ], [ 78.364953782823378, 35.157980007595512 ], [ 78.385757785373286, 35.158686659071208 ], [ 78.389953782823369, 35.162853325737878 ], [ 78.398286437988304, 35.162144300672772 ], [ 78.408319600423198, 35.152084011501763 ], [ 78.404165310329887, 35.147900729709228 ], [ 78.410075547960091, 35.142019992404542 ], [ 78.414924452039955, 35.141313340928846 ], [ 78.41875, 35.137514580620689 ], [ 78.422575547960093, 35.141313340928846 ], [ 78.429166666666688, 35.141666666666694 ], [ 78.430054050021724, 35.138208346896732 ], [ 78.440779283311656, 35.13679165310333 ], [ 78.442517598470076, 35.130017428927978 ], [ 78.448043823242216, 35.128599378797773 ], [ 78.451956176757832, 35.125567287868954 ], [ 78.464710489908882, 35.124432712131103 ], [ 78.468622843424498, 35.121400621202284 ], [ 78.477210489908884, 35.12026604546444 ], [ 78.481122843424501, 35.117233954535621 ], [ 78.48554382324221, 35.11609937879777 ], [ 78.489456176757841, 35.113067287868951 ], [ 78.494982401529967, 35.111649237738746 ], [ 78.496801079644129, 35.10456271701392 ], [ 78.501956176757844, 35.100567287868948 ], [ 78.510543823242216, 35.099432712131104 ], [ 78.514456176757832, 35.096400621202285 ], [ 78.531377156575545, 35.095266045464435 ], [ 78.539456176757838, 35.088067287868952 ], [ 78.543877156575547, 35.086932712131102 ], [ 78.547789510091178, 35.083900621202282 ], [ 78.553770785861573, 35.082365587022593 ], [ 78.557766045464433, 35.077210489908879 ], [ 78.558333333333366, 35.075 ], [ 78.557226901584229, 35.071130032009577 ], [ 78.547993469238307, 35.063117472330759 ], [ 78.542434861924946, 35.061528184678849 ], [ 78.54071807861331, 35.049732462565132 ], [ 78.533802456325986, 35.05478413899742 ], [ 78.531173197428416, 35.053549194335965 ], [ 78.527160135904978, 35.050617472330757 ], [ 78.51450653076175, 35.049382527669295 ], [ 78.510493469238313, 35.046450805664087 ], [ 78.504463365342914, 35.044726901584227 ], [ 78.496389940049937, 35.035423109266517 ], [ 78.499382358127193, 35.031326972113746 ], [ 78.50061764187285, 35.010339694552975 ], [ 78.50895097520619, 35.000736829969647 ], [ 78.507715691460533, 34.997839694552979 ], [ 78.5005566067166, 34.989589775933183 ], [ 78.504241265190998, 34.984545898437524 ], [ 78.497839864095084, 34.982715861002632 ], [ 78.493826802571647, 34.979784138997424 ], [ 78.489506530761744, 34.978549194335962 ], [ 78.485416666666694, 34.975561523437527 ], [ 78.479635789659312, 34.979784138997424 ], [ 78.477006530761741, 34.978549194335962 ], [ 78.468826802571641, 34.971450805664091 ], [ 78.456173197428413, 34.970215861002629 ], [ 78.451400078667561, 34.96672905815975 ], [ 78.442284308539527, 34.977006361219644 ], [ 78.441666666666691, 34.979166666666693 ], [ 78.439456176757844, 34.978599378797767 ], [ 78.435543823242213, 34.975567287868948 ], [ 78.421732923719645, 34.974338785807319 ], [ 78.42026604546443, 34.968622843424505 ], [ 78.415706888834663, 34.963155788845512 ], [ 78.40833333333336, 34.9625 ], [ 78.400899590386317, 34.961838785807316 ], [ 78.399432712131102, 34.956122843424502 ], [ 78.396400621202275, 34.952210489908879 ], [ 78.394953579372853, 34.946572197808187 ], [ 78.386753336588569, 34.945266045464436 ], [ 78.381377156575553, 34.949432712131106 ], [ 78.370833333333366, 34.95 ], [ 78.370480007595518, 34.956591118706626 ], [ 78.362853325737873, 34.964242214626765 ], [ 78.3625, 34.97083333333336 ], [ 78.347575547960091, 34.971186659071208 ], [ 78.344091118706615, 34.974646674262182 ], [ 78.335075547960088, 34.975353325737871 ], [ 78.331591118706626, 34.978813340928845 ], [ 78.301742214626756, 34.979519992404541 ], [ 78.298257785373295, 34.982980007595515 ], [ 78.285787116156712, 34.983686659071211 ], [ 78.281591118706615, 34.979519992404541 ], [ 78.269120449490046, 34.978813340928845 ], [ 78.264924452039949, 34.982980007595515 ], [ 78.2625, 34.983333333333363 ], [ 78.250997755262617, 34.984010484483534 ], [ 78.24900037977433, 34.990995958116343 ], [ 78.224530877007396, 34.99228413899742 ], [ 78.218826802571641, 34.988117472330757 ], [ 78.209068467881963, 34.986697387695337 ], [ 78.20761617024742, 34.971819729275197 ], [ 78.204166666666694, 34.97083333333336 ], [ 78.197575547960099, 34.971186659071208 ], [ 78.181591118706621, 34.987146674262178 ], [ 78.179166666666688, 34.9875 ] ] ] ] } },
{ "type": "Feature", "properties": { "HYBAS_ID": 4070676400, "NEXT_DOWN": 4070666340, "NEXT_SINK": 4070033640, "MAIN_BAS": 4070033640, "DIST_SINK": 2890.5, "DIST_MAIN": 2890.5, "SUB_AREA": 833.1, "UP_AREA": 833.1, "PFAF_ID": 4569048, "ENDO": 0, "COAST": 0, "ORDER": 3, "SORT": 6006, "areakm2": null }, "geometry": { "type": "MultiPolygon", "coordinates": [ [ [ [ 77.383333333333368, 32.708333333333357 ], [ 77.381122843424507, 32.708900621202282 ], [ 77.373043823242227, 32.716099378797765 ], [ 77.367517428927982, 32.717517428927977 ], [ 77.366666666666703, 32.72083333333336 ], [ 77.366666666666703, 32.725 ], [ 77.369091118706635, 32.725353325737871 ], [ 77.372575547960096, 32.728813340928845 ], [ 77.377424452039961, 32.729519992404541 ], [ 77.380908881293436, 32.732980007595508 ], [ 77.389924452039963, 32.733686659071203 ], [ 77.393408881293439, 32.737146674262178 ], [ 77.406591118706629, 32.737853325737873 ], [ 77.410075547960105, 32.741313340928841 ], [ 77.414924452039969, 32.742019992404536 ], [ 77.420474243164094, 32.747541978624156 ], [ 77.421186659071211, 32.751713053385444 ], [ 77.417019992404548, 32.755908881293429 ], [ 77.416313340928852, 32.764924452039956 ], [ 77.402454291449686, 32.778808932834224 ], [ 77.397575547960102, 32.779519992404538 ], [ 77.383687676323817, 32.793382093641519 ], [ 77.382980007595521, 32.810757785373291 ], [ 77.379519992404553, 32.814242214626759 ], [ 77.378813340928858, 32.819091118706623 ], [ 77.375353325737876, 32.822575547960092 ], [ 77.375, 32.825 ], [ 77.364242214626771, 32.824646674262176 ], [ 77.360757785373295, 32.821186659071209 ], [ 77.358333333333363, 32.820833333333361 ], [ 77.343673027886311, 32.821450805664085 ], [ 77.339660305447083, 32.824382527669293 ], [ 77.334101698133708, 32.825971815321203 ], [ 77.33271586100264, 32.835493638780406 ], [ 77.329784138997425, 32.839506361219641 ], [ 77.328355577256971, 32.849323527018257 ], [ 77.301000637478325, 32.850666978624155 ], [ 77.299382527669309, 32.856326972113742 ], [ 77.296450805664094, 32.860339694552977 ], [ 77.295215861002632, 32.864660305447075 ], [ 77.288117472330768, 32.872839694552979 ], [ 77.2875, 32.875 ], [ 77.289710489908884, 32.875567287868947 ], [ 77.294865587022599, 32.879562717013911 ], [ 77.296970621744819, 32.88776448567711 ], [ 77.301956176757841, 32.88390062120228 ], [ 77.305103895399341, 32.882766045464436 ], [ 77.314456176757844, 32.891099378797769 ], [ 77.321199205186659, 32.892829725477455 ], [ 77.313067287868961, 32.901956176757835 ], [ 77.31193271213111, 32.910543823242215 ], [ 77.308900621202284, 32.914456176757838 ], [ 77.307766045464447, 32.92304382324221 ], [ 77.304733954535621, 32.926956176757841 ], [ 77.30359937879777, 32.93137715657555 ], [ 77.300567287868958, 32.935289510091174 ], [ 77.3, 32.9375 ], [ 77.3, 32.945833333333361 ], [ 77.297789510091178, 32.946400621202287 ], [ 77.292634412977463, 32.950396050347251 ], [ 77.291099378797782, 32.956377156575549 ], [ 77.288067287868955, 32.960289510091172 ], [ 77.286932712131104, 32.981377156575547 ], [ 77.283900621202292, 32.985289510091171 ], [ 77.282766045464442, 32.98971048990888 ], [ 77.279733954535629, 32.993622843424504 ], [ 77.278599378797779, 33.000746663411483 ], [ 77.282766045464442, 33.006122843424507 ], [ 77.283900621202292, 33.014710489908879 ], [ 77.286932712131104, 33.018622843424509 ], [ 77.288067287868955, 33.031377156575545 ], [ 77.292657131618952, 33.036880832248293 ], [ 77.315757581922782, 33.038123575846384 ], [ 77.316666666666706, 33.041666666666693 ], [ 77.322993638780417, 33.042284138997424 ], [ 77.327006361219645, 33.045215861002632 ], [ 77.33686387803823, 33.046650526258709 ], [ 77.3375, 33.0875 ], [ 77.352424452039969, 33.087146674262179 ], [ 77.356620279947947, 33.082980007595516 ], [ 77.377424452039961, 33.083686659071205 ], [ 77.381620279947953, 33.087853325737875 ], [ 77.385757785373301, 33.087146674262179 ], [ 77.389953613281278, 33.082980007595516 ], [ 77.398257785373303, 33.083686659071205 ], [ 77.401742214626765, 33.087146674262179 ], [ 77.40833333333336, 33.0875 ], [ 77.408900621202292, 33.085289510091172 ], [ 77.411932712131104, 33.081377156575549 ], [ 77.413350762261317, 33.075850762261311 ], [ 77.418877156575547, 33.074432712131106 ], [ 77.422789510091178, 33.071400621202287 ], [ 77.4324137369792, 33.070129055447076 ], [ 77.43693271213111, 33.064710489908883 ], [ 77.438131035698817, 33.046840074327285 ], [ 77.468622843424512, 33.017233954535619 ], [ 77.47083333333336, 33.016666666666694 ], [ 77.473257785373292, 33.017019992404542 ], [ 77.478808593750031, 33.022542995876762 ], [ 77.4791666666667, 33.025 ], [ 77.482482571072083, 33.02414923773874 ], [ 77.484252929687528, 33.017249552408884 ], [ 77.493622843424518, 33.008900621202287 ], [ 77.50221048990889, 33.007766045464436 ], [ 77.510289510091184, 33.000567287868954 ], [ 77.514710489908893, 32.999432712131103 ], [ 77.518622843424509, 32.996400621202284 ], [ 77.520833333333371, 32.995833333333358 ], [ 77.521186659071219, 32.993408881293426 ], [ 77.524646674262186, 32.989924452039958 ], [ 77.525354003906287, 32.955880398220515 ], [ 77.530908881293442, 32.950353325737872 ], [ 77.535757785373292, 32.949646674262176 ], [ 77.539242214626768, 32.946186659071209 ], [ 77.556591118706635, 32.945480007595513 ], [ 77.56007554796011, 32.942019992404539 ], [ 77.5625, 32.941666666666691 ], [ 77.564924452039961, 32.941313340928843 ], [ 77.568408881293436, 32.937853325737876 ], [ 77.570833333333368, 32.9375 ], [ 77.573081461588572, 32.936970350477459 ], [ 77.578226047092045, 32.932803683810789 ], [ 77.582859293619833, 32.934342447916691 ], [ 77.586970350477472, 32.939418538411488 ], [ 77.588272433810801, 32.944946967230926 ], [ 77.5926659478082, 32.946315511067738 ], [ 77.597751871744833, 32.942196316189261 ], [ 77.6, 32.941666666666691 ], [ 77.6041666666667, 32.941666666666691 ], [ 77.6041666666667, 32.9375 ], [ 77.604519992404548, 32.922575547960093 ], [ 77.607980007595515, 32.919091118706625 ], [ 77.608686659071211, 32.905908881293428 ], [ 77.612146674262192, 32.902424452039959 ], [ 77.6125, 32.891666666666694 ], [ 77.612853325737888, 32.889242214626762 ], [ 77.616313340928855, 32.885757785373286 ], [ 77.617019992404551, 32.880908881293429 ], [ 77.620480007595518, 32.877424452039953 ], [ 77.621186659071213, 32.868408881293426 ], [ 77.632980007595521, 32.856591118706625 ], [ 77.633686659071216, 32.847575547960098 ], [ 77.637853325737879, 32.843379720052106 ], [ 77.637146674262183, 32.835075547960095 ], [ 77.633686659071216, 32.831591118706626 ], [ 77.632980007595521, 32.814242214626759 ], [ 77.628813340928858, 32.810046386718774 ], [ 77.629519992404553, 32.797575547960093 ], [ 77.632980007595521, 32.794091118706625 ], [ 77.633333333333368, 32.791666666666693 ], [ 77.632980007595521, 32.789242214626761 ], [ 77.625353325737876, 32.781591118706622 ], [ 77.624646674262181, 32.776742214626765 ], [ 77.621186659071213, 32.773257785373289 ], [ 77.620833333333366, 32.770833333333357 ], [ 77.617517428927982, 32.769982571072077 ], [ 77.615846421983548, 32.763470119900198 ], [ 77.611511908637183, 32.761932712131099 ], [ 77.598043823242222, 32.774432712131102 ], [ 77.582345241970515, 32.775567287868952 ], [ 77.568877156575553, 32.76306728786895 ], [ 77.55, 32.7625 ], [ 77.549149237738746, 32.765815904405407 ], [ 77.545833333333363, 32.766666666666694 ], [ 77.53953179253476, 32.766023763020861 ], [ 77.535468207465314, 32.763142903645857 ], [ 77.521572536892393, 32.761725192599854 ], [ 77.520114474826428, 32.742704603407141 ], [ 77.514531792534754, 32.741023763020856 ], [ 77.502134874131983, 32.729809570312526 ], [ 77.495511542426243, 32.72852376302086 ], [ 77.488418918185801, 32.733552720811659 ], [ 77.486702134874164, 32.744819132487002 ], [ 77.481198459201423, 32.746476236979191 ], [ 77.477134874131977, 32.749357096354188 ], [ 77.470061577691013, 32.750642903645861 ], [ 77.447968207465308, 32.729809570312526 ], [ 77.435365125868088, 32.72852376302086 ], [ 77.431301540798643, 32.725642903645856 ], [ 77.422865125868086, 32.72435709635419 ], [ 77.417928398980067, 32.720856730143254 ], [ 77.415702311197947, 32.713464355468773 ], [ 77.410365125868083, 32.711857096354194 ], [ 77.406301540798651, 32.70897623697919 ], [ 77.383333333333368, 32.708333333333357 ] ] ] ] } },
{ "type": "Feature", "properties": { "HYBAS_ID": 4070604830, "NEXT_DOWN": 4070615810, "NEXT_SINK": 4070033640, "MAIN_BAS": 4070033640, "DIST_SINK": 2904.5, "DIST_MAIN": 2904.5, "SUB_AREA": 1887.7, "UP_AREA": 1888.0, "PFAF_ID": 4568069, "ENDO": 0, "COAST": 0, "ORDER": 3, "SORT": 6008, "areakm2": 1887.76 }, "geometry": { "type": "MultiPolygon", "coordinates": [ [ [ [ 78.183333333333351, 35.2125 ], [ 78.180908881293419, 35.212853325737875 ], [ 78.177083333333357, 35.216652086046032 ], [ 78.173257785373281, 35.212853325737875 ], [ 78.169116889105922, 35.212146674262179 ], [ 78.156591118706615, 35.224646674262182 ], [ 78.154166666666697, 35.225 ], [ 78.139242214626762, 35.224646674262182 ], [ 78.131591118706623, 35.217019992404545 ], [ 78.126742214626759, 35.216313340928849 ], [ 78.122916666666697, 35.212514580620692 ], [ 78.119091118706621, 35.216313340928849 ], [ 78.114242214626756, 35.217019992404545 ], [ 78.110757785373281, 35.220480007595512 ], [ 78.102452256944474, 35.221186659071208 ], [ 78.096187845865913, 35.214953443739176 ], [ 78.095480007595512, 35.198287116156713 ], [ 78.099646674262175, 35.194091118706623 ], [ 78.100353325737871, 35.18161892361114 ], [ 78.094119093153239, 35.175353664822076 ], [ 78.0625, 35.175 ], [ 78.060289510091167, 35.175567287868951 ], [ 78.055134412977452, 35.179562547471818 ], [ 78.053315734863304, 35.186649068196644 ], [ 78.047789510091164, 35.188067287868954 ], [ 78.042634412977449, 35.192062547471814 ], [ 78.041099378797767, 35.198043823242216 ], [ 78.029733954535615, 35.210289510091172 ], [ 78.029166666666683, 35.2125 ], [ 78.026956176757835, 35.213067287868952 ], [ 78.023043823242205, 35.216099378797772 ], [ 78.017517598470079, 35.217517598470081 ], [ 78.016099378797762, 35.223043823242215 ], [ 78.01306728786895, 35.226956176757838 ], [ 78.011932712131099, 35.231377156575547 ], [ 78.007373555501317, 35.236844041612443 ], [ 77.993622843424504, 35.238067287868951 ], [ 77.989710489908873, 35.24109937879777 ], [ 77.985289510091164, 35.242233954535621 ], [ 77.97721048990887, 35.249432712131103 ], [ 77.972789510091161, 35.250567287868954 ], [ 77.968877156575545, 35.253599378797773 ], [ 77.961753336588558, 35.254733954535617 ], [ 77.95625, 35.250468783908445 ], [ 77.952210489908879, 35.253599378797773 ], [ 77.931122843424504, 35.254733954535617 ], [ 77.92304382324221, 35.261932712131106 ], [ 77.918622843424501, 35.26306728786895 ], [ 77.91471048990887, 35.266099378797769 ], [ 77.888714938693596, 35.267233954535619 ], [ 77.8875, 35.2625 ], [ 77.888142734103752, 35.256198289659316 ], [ 77.891023932562959, 35.252135043674073 ], [ 77.892309400770415, 35.239531622992651 ], [ 77.895190599229622, 35.235468377007408 ], [ 77.896476067437092, 35.231198289659318 ], [ 77.900250244140651, 35.225875515408013 ], [ 77.885364956325972, 35.224357265896295 ], [ 77.872968377007396, 35.213142734103762 ], [ 77.867630852593336, 35.211535814073379 ], [ 77.866666666666688, 35.208333333333364 ], [ 77.8625, 35.208333333333364 ], [ 77.861600409613743, 35.211838785807323 ], [ 77.854166666666686, 35.2125 ], [ 77.851742214626753, 35.212146674262179 ], [ 77.848257785373278, 35.208686659071212 ], [ 77.845833333333374, 35.208333333333364 ], [ 77.838399590386317, 35.208994547526068 ], [ 77.836600409613752, 35.216005452473986 ], [ 77.829166666666708, 35.216666666666697 ], [ 77.828599378797776, 35.223043823242215 ], [ 77.824603949652811, 35.228198920355929 ], [ 77.817517428927985, 35.230017598470084 ], [ 77.816099378797773, 35.235543823242217 ], [ 77.813067287868961, 35.239456176757841 ], [ 77.81193271213111, 35.24387715657555 ], [ 77.808798556857681, 35.247921244303413 ], [ 77.813419596354208, 35.253462388780413 ], [ 77.824112616644996, 35.254875183105497 ], [ 77.825567287868964, 35.260543823242216 ], [ 77.828599378797776, 35.26445617675784 ], [ 77.829733954535627, 35.271861945258273 ], [ 77.807350667317749, 35.295179409450981 ], [ 77.793622843424515, 35.296400621202288 ], [ 77.789710489908884, 35.299432712131107 ], [ 77.782586669921912, 35.300567287868951 ], [ 77.777210489908896, 35.296400621202288 ], [ 77.751214938693607, 35.295266045464437 ], [ 77.75, 35.3 ], [ 77.745833333333366, 35.3 ], [ 77.745833333333366, 35.308333333333366 ], [ 77.746400621202298, 35.310543823242213 ], [ 77.74943271213111, 35.314456176757844 ], [ 77.750567287868961, 35.329913330078156 ], [ 77.746400621202298, 35.335289510091172 ], [ 77.745266045464447, 35.338246663411489 ], [ 77.74943271213111, 35.343622843424512 ], [ 77.750567287868961, 35.363488091362875 ], [ 77.736854383680594, 35.378263176812098 ], [ 77.731122843424515, 35.379733954535624 ], [ 77.727210489908884, 35.382766045464436 ], [ 77.718622843424512, 35.383900621202287 ], [ 77.713467746310798, 35.387895880805154 ], [ 77.711932712131116, 35.393877156575549 ], [ 77.708900621202289, 35.397789510091172 ], [ 77.707766045464439, 35.406377156575552 ], [ 77.704733954535627, 35.410289510091175 ], [ 77.703458319770007, 35.419945949978327 ], [ 77.697789510091184, 35.421400621202288 ], [ 77.693877156575553, 35.424432712131107 ], [ 77.6875, 35.425 ], [ 77.687146674262195, 35.431591118706628 ], [ 77.682980007595518, 35.435787116156718 ], [ 77.683692423502634, 35.439957851833796 ], [ 77.689242214626773, 35.445480007595513 ], [ 77.691666666666706, 35.445833333333361 ], [ 77.691666666666706, 35.458333333333364 ], [ 77.692578464084235, 35.461885748969216 ], [ 77.718877156575559, 35.463067287868952 ], [ 77.722789510091175, 35.466099378797772 ], [ 77.727210489908884, 35.467233954535622 ], [ 77.732365587022599, 35.471229214138482 ], [ 77.733333333333363, 35.475 ], [ 77.733333333333363, 35.4791666666667 ], [ 77.733900621202295, 35.481377156575554 ], [ 77.736932712131107, 35.485289510091178 ], [ 77.738067287868958, 35.489710489908887 ], [ 77.742586263020868, 35.49512905544708 ], [ 77.75327928331167, 35.496541849772164 ], [ 77.754977756076428, 35.503159925672776 ], [ 77.759079996744831, 35.504733954535624 ], [ 77.764456176757847, 35.500567287868954 ], [ 77.781377156575559, 35.49943271213111 ], [ 77.785289510091189, 35.496400621202291 ], [ 77.789710489908884, 35.49526604546444 ], [ 77.793754747178852, 35.492131720648899 ], [ 77.799344211154548, 35.496793111165395 ], [ 77.800567287868958, 35.510543823242216 ], [ 77.803599378797784, 35.514456176757847 ], [ 77.804166666666703, 35.516666666666694 ], [ 77.805017428927982, 35.51998240152998 ], [ 77.808333333333366, 35.520833333333364 ], [ 77.815767076280423, 35.521494547526075 ], [ 77.816666666666706, 35.525 ], [ 77.820833333333368, 35.525 ], [ 77.82429165310333, 35.524112616644999 ], [ 77.825702921549521, 35.513429260253936 ], [ 77.835289510091187, 35.504733954535624 ], [ 77.839710489908896, 35.503599378797773 ], [ 77.843622843424512, 35.500567287868954 ], [ 77.849149237738757, 35.499149068196644 ], [ 77.851163058810798, 35.491300794813398 ], [ 77.861562771267401, 35.500567287868954 ], [ 77.864710489908887, 35.49943271213111 ], [ 77.885289510091184, 35.479733954535618 ], [ 77.895833333333371, 35.4791666666667 ], [ 77.897148301866352, 35.474908786349857 ], [ 77.903920830620692, 35.470177883572077 ], [ 77.912403700086841, 35.471879408094651 ], [ 77.916011216905417, 35.477044338650202 ], [ 77.917426215277814, 35.495120408799941 ], [ 77.933333333333366, 35.495833333333366 ], [ 77.933900621202284, 35.523043823242219 ], [ 77.937038167317723, 35.527092149522602 ], [ 77.929733954535607, 35.535289510091175 ], [ 77.92859937879777, 35.543877156575554 ], [ 77.925013224283873, 35.548504299587705 ], [ 77.931122843424504, 35.553599378797777 ], [ 77.935543823242213, 35.554733954535621 ], [ 77.93958333333336, 35.557864549424941 ], [ 77.943622843424507, 35.554733954535621 ], [ 77.949149068196633, 35.553315734863311 ], [ 77.95, 35.55 ], [ 77.954166666666694, 35.55 ], [ 77.960506015353758, 35.549394904242654 ], [ 77.970045810275636, 35.541061570909321 ], [ 77.973006015353761, 35.542271762424079 ], [ 77.989493984646288, 35.557728237575986 ], [ 77.993839348687089, 35.558938429090745 ], [ 78.00199398464629, 35.566061570909319 ], [ 78.028281317816862, 35.567324998643691 ], [ 78.032728237575981, 35.57282731797963 ], [ 78.034110175238737, 35.582548522949253 ], [ 78.042424689398899, 35.583777194552979 ], [ 78.047827317979625, 35.579771762424073 ], [ 78.052172682020426, 35.578561570909322 ], [ 78.05616065131295, 35.57560509575741 ], [ 78.062130737304713, 35.573942565918003 ], [ 78.070228237575975, 35.564672682020429 ], [ 78.071438429090733, 35.560327317979635 ], [ 78.075605095757396, 35.554707336425814 ], [ 78.074394904242638, 35.551993984646302 ], [ 78.070712619357664, 35.547027248806458 ], [ 78.077172682020418, 35.545228237575984 ], [ 78.082792663574239, 35.541061570909321 ], [ 78.094873046875023, 35.542384847005238 ], [ 78.096438429090739, 35.548006015353764 ], [ 78.099394904242644, 35.551993984646302 ], [ 78.101328701443165, 35.558938429090745 ], [ 78.106339348687086, 35.557728237575986 ], [ 78.114493984646288, 35.550605095757412 ], [ 78.123006015353752, 35.549394904242654 ], [ 78.13254581027563, 35.541061570909321 ], [ 78.135506015353755, 35.542271762424079 ], [ 78.143660651312956, 35.549394904242654 ], [ 78.154166666666697, 35.55 ], [ 78.154770067003057, 35.534352959526942 ], [ 78.164456176757838, 35.525567287868952 ], [ 78.169982401529978, 35.524149068196643 ], [ 78.170833333333363, 35.520833333333364 ], [ 78.177424452039958, 35.521186659071212 ], [ 78.18162044949004, 35.525353325737882 ], [ 78.189954800075981, 35.524644131130671 ], [ 78.195480007595506, 35.519091118706626 ], [ 78.196188863118508, 35.510047743055587 ], [ 78.210075547960088, 35.496186659071213 ], [ 78.216666666666697, 35.495833333333366 ], [ 78.231377156575547, 35.49526604546444 ], [ 78.256122843424507, 35.471400621202285 ], [ 78.260543823242216, 35.470266045464442 ], [ 78.270178561740479, 35.461526997884143 ], [ 78.271400621202275, 35.447789510091177 ], [ 78.275919426812095, 35.442370944552984 ], [ 78.286612616644987, 35.440958150227893 ], [ 78.288387383355058, 35.434041849772164 ], [ 78.29804382324221, 35.43276604546444 ], [ 78.301956176757841, 35.429733954535621 ], [ 78.304913330078151, 35.42859937879777 ], [ 78.310289510091167, 35.43276604546444 ], [ 78.318877156575539, 35.433900621202284 ], [ 78.32278951009117, 35.43693271213111 ], [ 78.339710489908882, 35.438067287868954 ], [ 78.34375, 35.441197882758274 ], [ 78.347789510091175, 35.438067287868954 ], [ 78.352210489908884, 35.43693271213111 ], [ 78.357629055447077, 35.432413906521298 ], [ 78.358900621202281, 35.422789510091178 ], [ 78.361932712131107, 35.418877156575547 ], [ 78.363067287868944, 35.414456176757845 ], [ 78.36609937879777, 35.410543823242215 ], [ 78.367517598470073, 35.405017598470081 ], [ 78.374149068196644, 35.403315734863313 ], [ 78.375567287868947, 35.397789510091172 ], [ 78.379562547471807, 35.392634412977458 ], [ 78.385543823242216, 35.391099378797776 ], [ 78.389456176757832, 35.388067287868957 ], [ 78.404913330078145, 35.386932712131106 ], [ 78.410289510091175, 35.391099378797776 ], [ 78.428260972764775, 35.392304314507406 ], [ 78.429733954535621, 35.398043823242219 ], [ 78.441099378797773, 35.410289510091175 ], [ 78.441666666666691, 35.420833333333363 ], [ 78.449100409613735, 35.420172119140652 ], [ 78.45, 35.4166666666667 ], [ 78.453543090820332, 35.415757412380671 ], [ 78.454166666666694, 35.404166666666697 ], [ 78.454166666666694, 35.4 ], [ 78.458900621202289, 35.398785061306455 ], [ 78.457766045464439, 35.38945617675784 ], [ 78.45056728786895, 35.381377156575553 ], [ 78.449080234103761, 35.375582885742219 ], [ 78.439710489908876, 35.367233954535621 ], [ 78.433994547526069, 35.365767076280413 ], [ 78.432766045464433, 35.351956176757845 ], [ 78.429733954535621, 35.348043823242215 ], [ 78.429166666666688, 35.333333333333364 ], [ 78.410075547960091, 35.333686659071212 ], [ 78.406591118706629, 35.337146674262179 ], [ 78.404166666666697, 35.3375 ], [ 78.403523932562962, 35.335364956325982 ], [ 78.399357265896299, 35.329488457573817 ], [ 78.400642734103755, 35.310364956325984 ], [ 78.404809400770418, 35.304488457573811 ], [ 78.403313530815993, 35.291932678222686 ], [ 78.397916666666688, 35.288106113010009 ], [ 78.393016221788216, 35.291580708821641 ], [ 78.379809400770426, 35.277135043674072 ], [ 78.377957322862443, 35.270983208550376 ], [ 78.368801710340733, 35.263142734103759 ], [ 78.36185726589629, 35.261051940917994 ], [ 78.363142734103761, 35.256198289659316 ], [ 78.366023932562953, 35.252135043674073 ], [ 78.367309400770424, 35.243698289659321 ], [ 78.37019059922963, 35.23963504367407 ], [ 78.371476067437086, 35.235364956325981 ], [ 78.375250244140645, 35.230042182074683 ], [ 78.359104749891515, 35.228395250108534 ], [ 78.357561916775197, 35.213271416558186 ], [ 78.343698289659315, 35.211857265896299 ], [ 78.337821790907142, 35.207690599229629 ], [ 78.331198289659312, 35.208976067437092 ], [ 78.327135043674076, 35.211857265896299 ], [ 78.325, 35.2125 ], [ 78.324642266167558, 35.210045539008277 ], [ 78.310757785373283, 35.196186659071209 ], [ 78.308333333333351, 35.195833333333361 ], [ 78.295833333333363, 35.195833333333361 ], [ 78.294913567437092, 35.192249552408882 ], [ 78.285543823242207, 35.183900621202284 ], [ 78.272789510091172, 35.18276604546444 ], [ 78.268738640679274, 35.179626464843778 ], [ 78.256377156575539, 35.191099378797773 ], [ 78.250850931803413, 35.192517598470083 ], [ 78.249032253689265, 35.199604119194909 ], [ 78.24375, 35.203697882758277 ], [ 78.239710489908873, 35.20056728786895 ], [ 78.231122843424501, 35.199432712131106 ], [ 78.225746663411485, 35.195266045464436 ], [ 78.222789510091175, 35.196400621202287 ], [ 78.218877156575545, 35.199432712131106 ], [ 78.213350931803404, 35.200850931803416 ], [ 78.211932712131102, 35.206377156575549 ], [ 78.204733954535612, 35.214456176757842 ], [ 78.202951727973115, 35.221400621202285 ], [ 78.193622843424507, 35.220266045464442 ], [ 78.185543823242213, 35.213067287868952 ], [ 78.183333333333351, 35.2125 ] ] ] ] } },
{ "type": "Feature", "properties": { "HYBAS_ID": 4070604820, "NEXT_DOWN": 4070615810, "NEXT_SINK": 4070033640, "MAIN_BAS": 4070033640, "DIST_SINK": 2904.5, "DIST_MAIN": 2904.5, "SUB_AREA": 840.7, "UP_AREA": 840.7, "PFAF_ID": 4568068, "ENDO": 0, "COAST": 0, "ORDER": 4, "SORT": 6009, "areakm2": 840.68 }, "geometry": { "type": "MultiPolygon", "coordinates": [ [ [ [ 77.329166666666694, 35.525 ], [ 77.331623670789966, 35.524641927083366 ], [ 77.337146674262186, 35.519091118706626 ], [ 77.3375, 35.516666666666694 ], [ 77.34583333333336, 35.516666666666694 ], [ 77.346983846028678, 35.512183295355932 ], [ 77.353462388780414, 35.517586093478762 ], [ 77.354733954535618, 35.527210489908882 ], [ 77.357766045464444, 35.531122843424512 ], [ 77.358900621202295, 35.535543823242222 ], [ 77.362038167317735, 35.539592149522598 ], [ 77.354628499348991, 35.547907850477465 ], [ 77.357766045464444, 35.551956176757841 ], [ 77.358333333333363, 35.554166666666696 ], [ 77.360757785373295, 35.553813340928848 ], [ 77.364242214626771, 35.550353325737881 ], [ 77.379166666666706, 35.55 ], [ 77.386600409613749, 35.549338785807322 ], [ 77.388387383355067, 35.542375183105499 ], [ 77.399080403645868, 35.540962388780414 ], [ 77.403599378797779, 35.535543823242222 ], [ 77.404875013563398, 35.525887383355069 ], [ 77.411838785807319, 35.524100409613744 ], [ 77.413154771592914, 35.509306335449253 ], [ 77.422789510091178, 35.500567287868954 ], [ 77.427210489908887, 35.49943271213111 ], [ 77.43656277126739, 35.49109937879777 ], [ 77.452210489908893, 35.492233954535621 ], [ 77.457586669921909, 35.496400621202291 ], [ 77.464710489908882, 35.49526604546444 ], [ 77.468622843424512, 35.492233954535621 ], [ 77.49387715657555, 35.49109937879777 ], [ 77.497789510091181, 35.488067287868958 ], [ 77.523043823242219, 35.486932712131107 ], [ 77.527083333333366, 35.483802117241787 ], [ 77.531122843424512, 35.486932712131107 ], [ 77.535543823242222, 35.488067287868958 ], [ 77.540920003255238, 35.492233954535621 ], [ 77.549120415581626, 35.490927971733974 ], [ 77.55, 35.4875 ], [ 77.556339518229208, 35.486894904242654 ], [ 77.560327148437537, 35.483938429090742 ], [ 77.582357788085972, 35.482669576009144 ], [ 77.584442477756113, 35.475183444552982 ], [ 77.591126166449683, 35.470228237575988 ], [ 77.598006184895866, 35.471438429090739 ], [ 77.603626166449686, 35.475605095757409 ], [ 77.610506184895868, 35.474394904242651 ], [ 77.614493815104197, 35.471438429090739 ], [ 77.623006184895871, 35.470228237575988 ], [ 77.628626166449692, 35.466061570909318 ], [ 77.63672824435767, 35.467486572265656 ], [ 77.638276163737018, 35.478376600477461 ], [ 77.643660481770866, 35.482728237575984 ], [ 77.648006184895863, 35.483938429090742 ], [ 77.653626166449683, 35.488105095757412 ], [ 77.656339518229203, 35.486894904242654 ], [ 77.664493815104208, 35.479771762424079 ], [ 77.6666666666667, 35.4791666666667 ], [ 77.667024739583368, 35.476709832085533 ], [ 77.672575547960108, 35.471186659071208 ], [ 77.677424452039972, 35.470480007595519 ], [ 77.689242214626773, 35.458686659071212 ], [ 77.691666666666706, 35.458333333333364 ], [ 77.691666666666706, 35.445833333333361 ], [ 77.689242214626773, 35.445480007595513 ], [ 77.683692423502634, 35.439957851833796 ], [ 77.682980007595518, 35.435787116156718 ], [ 77.687146674262195, 35.431591118706628 ], [ 77.6875, 35.425 ], [ 77.693877156575553, 35.424432712131107 ], [ 77.697789510091184, 35.421400621202288 ], [ 77.703458319770007, 35.419945949978327 ], [ 77.704733954535627, 35.410289510091175 ], [ 77.707766045464439, 35.406377156575552 ], [ 77.708900621202289, 35.397789510091172 ], [ 77.711932712131116, 35.393877156575549 ], [ 77.713467746310798, 35.387895880805154 ], [ 77.718622843424512, 35.383900621202287 ], [ 77.727210489908884, 35.382766045464436 ], [ 77.731122843424515, 35.379733954535624 ], [ 77.736854383680594, 35.378263176812098 ], [ 77.750567287868961, 35.363488091362875 ], [ 77.74943271213111, 35.343622843424512 ], [ 77.745266045464447, 35.338246663411489 ], [ 77.746400621202298, 35.335289510091172 ], [ 77.750567287868961, 35.329913330078156 ], [ 77.74943271213111, 35.314456176757844 ], [ 77.746400621202298, 35.310543823242213 ], [ 77.745833333333366, 35.308333333333366 ], [ 77.742517428927982, 35.307482401529974 ], [ 77.741666666666703, 35.304166666666696 ], [ 77.741308593750034, 35.301709832085535 ], [ 77.735047743055588, 35.295480007595515 ], [ 77.730908881293445, 35.296186659071211 ], [ 77.722549099392396, 35.304519992404543 ], [ 77.710046047634592, 35.303811645507842 ], [ 77.704519992404556, 35.298257785373295 ], [ 77.70381096733945, 35.289212205674943 ], [ 77.698257785373301, 35.283686659071208 ], [ 77.68507554796011, 35.282980007595512 ], [ 77.681591118706635, 35.279519992404545 ], [ 77.676742214626771, 35.278813340928849 ], [ 77.673257785373295, 35.275353325737875 ], [ 77.664242214626768, 35.274646674262179 ], [ 77.660757785373306, 35.271186659071212 ], [ 77.655879380967917, 35.270475769042996 ], [ 77.633686659071216, 35.248257785373291 ], [ 77.633333333333368, 35.241666666666696 ], [ 77.618622843424518, 35.24109937879777 ], [ 77.614583333333371, 35.23796878390845 ], [ 77.610543823242224, 35.24109937879777 ], [ 77.601956176757852, 35.242233954535621 ], [ 77.596801079644138, 35.246229214138481 ], [ 77.595266045464442, 35.252210489908883 ], [ 77.592233954535629, 35.256122843424507 ], [ 77.590815904405417, 35.261649068196647 ], [ 77.5875, 35.2625 ], [ 77.585075547960102, 35.262853325737879 ], [ 77.581591118706626, 35.266313340928846 ], [ 77.564242214626773, 35.267019992404542 ], [ 77.560757785373298, 35.270480007595516 ], [ 77.551742214626771, 35.271186659071212 ], [ 77.546191406250031, 35.27670983208553 ], [ 77.545833333333363, 35.279166666666697 ], [ 77.543622843424515, 35.279733954535622 ], [ 77.538637288411493, 35.283597988552543 ], [ 77.536932712131104, 35.276956176757842 ], [ 77.533900621202292, 35.273043823242219 ], [ 77.53248257107208, 35.267517598470079 ], [ 77.526956176757849, 35.266099378797769 ], [ 77.523043823242219, 35.26306728786895 ], [ 77.518622843424509, 35.261932712131106 ], [ 77.513467746310795, 35.257937452528239 ], [ 77.5125, 35.254166666666698 ], [ 77.489242214626771, 35.254519992404539 ], [ 77.483691406250031, 35.260043165418864 ], [ 77.482980007595515, 35.264924452039956 ], [ 77.473285590277811, 35.274645148383279 ], [ 77.460786946614618, 35.275353325737875 ], [ 77.456591118706626, 35.271186659071212 ], [ 77.4375, 35.270833333333364 ], [ 77.436603461371561, 35.274326239691867 ], [ 77.424253336588578, 35.275567287868952 ], [ 77.41875, 35.271302117241781 ], [ 77.414710489908884, 35.274432712131102 ], [ 77.410289510091175, 35.275567287868952 ], [ 77.40625, 35.278697882758273 ], [ 77.402210489908882, 35.275567287868952 ], [ 77.399040391710102, 35.274432712131102 ], [ 77.388167317708366, 35.2842949761285 ], [ 77.386932712131113, 35.296579996744818 ], [ 77.391198052300382, 35.302083333333364 ], [ 77.38806728786895, 35.306122843424511 ], [ 77.386932712131113, 35.310543823242213 ], [ 77.383155992296039, 35.315416971842474 ], [ 77.378420003255243, 35.317233954535617 ], [ 77.372911919487876, 35.312965053982232 ], [ 77.366632419162357, 35.318202039930583 ], [ 77.37443271213111, 35.32695617675784 ], [ 77.375, 35.329166666666694 ], [ 77.374646674262181, 35.335757785373296 ], [ 77.367019992404551, 35.343408881293435 ], [ 77.366313340928855, 35.351712883843348 ], [ 77.370480007595518, 35.355908881293431 ], [ 77.371186659071213, 35.364212883843344 ], [ 77.367019992404551, 35.368408881293433 ], [ 77.366666666666703, 35.375 ], [ 77.360289510091178, 35.375567287868954 ], [ 77.343877156575559, 35.391099378797776 ], [ 77.338350762261314, 35.392517598470079 ], [ 77.336932712131116, 35.398043823242219 ], [ 77.332937282986137, 35.403198920355933 ], [ 77.329166666666694, 35.404166666666697 ], [ 77.328813340928846, 35.423257785373295 ], [ 77.325353325737879, 35.426742214626763 ], [ 77.324646674262183, 35.444091118706631 ], [ 77.321186659071216, 35.447575547960099 ], [ 77.320480007595521, 35.468382263183628 ], [ 77.328813340928846, 35.476742214626768 ], [ 77.329519992404542, 35.485046217176681 ], [ 77.325353325737879, 35.489242214626771 ], [ 77.324646674262183, 35.506591118706631 ], [ 77.321186659071216, 35.510075547960099 ], [ 77.320833333333368, 35.529166666666697 ], [ 77.328267076280412, 35.528505452473986 ], [ 77.329166666666694, 35.525 ] ] ] ] } },
{ "type": "Feature", "properties": { "HYBAS_ID": 4070537090, "NEXT_DOWN": 4070523690, "NEXT_SINK": 4070050210, "MAIN_BAS": 4070050210, "DIST_SINK": 1913.5, "DIST_MAIN": 1913.5, "SUB_AREA": 4359.9, "UP_AREA": 25799.5, "PFAF_ID": 4829903, "ENDO": 1, "COAST": 0, "ORDER": 1, "SORT": 6604, "areakm2": null }, "geometry": { "type": "MultiPolygon", "coordinates": [ [ [ [ 75.918622843424515, 36.708900621202282 ], [ 75.914710489908884, 36.711932712131102 ], [ 75.891666666666708, 36.7125 ], [ 75.891099378797776, 36.714710489908882 ], [ 75.886580403645866, 36.720129055447075 ], [ 75.875887383355078, 36.721541680230061 ], [ 75.87443271213111, 36.727210489908877 ], [ 75.861854383680594, 36.74076300726999 ], [ 75.855017428927994, 36.742517428927975 ], [ 75.85331590440542, 36.749149237738742 ], [ 75.846541680230075, 36.750887383355057 ], [ 75.845266045464442, 36.760543823242216 ], [ 75.842233954535629, 36.76445617675784 ], [ 75.840757581922773, 36.770209757487002 ], [ 75.818622843424521, 36.771400621202282 ], [ 75.81471048990889, 36.774432712131102 ], [ 75.809184095594659, 36.775850762261307 ], [ 75.807424248589442, 36.782709757487005 ], [ 75.795833333333377, 36.78333333333336 ], [ 75.795266045464444, 36.785543823242215 ], [ 75.792233954535632, 36.789456176757838 ], [ 75.790958319769999, 36.79911261664499 ], [ 75.785289510091189, 36.800567287868951 ], [ 75.781377156575559, 36.80359937879777 ], [ 75.776956176757849, 36.804733954535614 ], [ 75.764710489908893, 36.816099378797766 ], [ 75.760289510091184, 36.817233954535617 ], [ 75.746736992730064, 36.82981228298614 ], [ 75.745833333333366, 36.833333333333357 ], [ 75.745833333333366, 36.8375 ], [ 75.748257785373298, 36.837853325737875 ], [ 75.751742214626773, 36.841313340928842 ], [ 75.754166666666706, 36.84166666666669 ], [ 75.761728583441879, 36.842438083224849 ], [ 75.7625, 36.85 ], [ 75.798257785373295, 36.850353325737871 ], [ 75.805908881293433, 36.857980007595515 ], [ 75.814924452039961, 36.858686659071203 ], [ 75.822575547960099, 36.866313340928848 ], [ 75.827424452039963, 36.867019992404536 ], [ 75.831620279947956, 36.871186659071206 ], [ 75.835757785373303, 36.870480007595511 ], [ 75.839953613281281, 36.866313340928848 ], [ 75.852424452039969, 36.867019992404536 ], [ 75.855908881293445, 36.870480007595511 ], [ 75.869091118706635, 36.871186659071206 ], [ 75.873286946614627, 36.875353325737876 ], [ 75.89409111870664, 36.874646674262181 ], [ 75.897575547960102, 36.871186659071206 ], [ 75.906591118706629, 36.870480007595511 ], [ 75.910075547960105, 36.867019992404536 ], [ 75.944091118706638, 36.866313340928848 ], [ 75.948286946614616, 36.862146674262178 ], [ 75.95659111870664, 36.862853325737873 ], [ 75.960075547960102, 36.866313340928848 ], [ 75.9625, 36.866666666666696 ], [ 75.964924452039966, 36.866313340928848 ], [ 75.976742214626768, 36.854519992404541 ], [ 75.979166666666686, 36.854166666666693 ], [ 75.994091118706621, 36.853813340928845 ], [ 76.026742214626765, 36.821186659071209 ], [ 76.0375, 36.820833333333361 ], [ 76.041666666666686, 36.820833333333361 ], [ 76.041313340928838, 36.818408881293429 ], [ 76.037853325737871, 36.814924452039953 ], [ 76.037146674262175, 36.805908881293426 ], [ 76.029519992404531, 36.798257785373288 ], [ 76.028813340928835, 36.780908881293428 ], [ 76.021186659071205, 36.773257785373289 ], [ 76.020480007595509, 36.768408881293425 ], [ 76.017019992404542, 36.764924452039956 ], [ 76.016666666666694, 36.754166666666691 ], [ 76.005908881293422, 36.753813340928843 ], [ 76.002424452039946, 36.750353325737869 ], [ 75.997575547960096, 36.749646674262181 ], [ 75.994091118706621, 36.746186659071206 ], [ 75.989242214626756, 36.745480007595511 ], [ 75.985757785373281, 36.742019992404536 ], [ 75.980908881293431, 36.741313340928841 ], [ 75.969091118706615, 36.729519992404541 ], [ 75.954166666666694, 36.729166666666693 ], [ 75.953599378797762, 36.726956176757838 ], [ 75.95056728786895, 36.723043823242215 ], [ 75.949112616644982, 36.717375013563391 ], [ 75.93945617675783, 36.716099378797765 ], [ 75.927210489908873, 36.704733954535612 ], [ 75.925, 36.704166666666694 ], [ 75.924149237738746, 36.70748257107207 ], [ 75.918622843424515, 36.708900621202282 ] ] ] ] } },
{ "type": "Feature", "properties": { "HYBAS_ID": 4070562510, "NEXT_DOWN": 4070537090, "NEXT_SINK": 4070050210, "MAIN_BAS": 4070050210, "DIST_SINK": 2068.8, "DIST_MAIN": 2068.8, "SUB_AREA": 7658.3, "UP_AREA": 7658.5, "PFAF_ID": 4829904, "ENDO": 1, "COAST": 0, "ORDER": 2, "SORT": 6613, "areakm2": null }, "geometry": { "type": "MultiPolygon", "coordinates": [ [ [ [ 77.183333333333366, 35.7291666666667 ], [ 77.183333333333366, 35.7375 ], [ 77.186649237738749, 35.738350931803417 ], [ 77.1875, 35.741666666666703 ], [ 77.194091118706623, 35.741313340928855 ], [ 77.197575547960099, 35.737853325737881 ], [ 77.216666666666697, 35.7375 ], [ 77.223257785373292, 35.737146674262185 ], [ 77.235075547960108, 35.725353325737878 ], [ 77.239924452039958, 35.724646674262189 ], [ 77.247575547960096, 35.717019992404545 ], [ 77.260757785373301, 35.716313340928849 ], [ 77.264242214626762, 35.712853325737882 ], [ 77.275, 35.7125 ], [ 77.277248128255238, 35.711970520019563 ], [ 77.281085205078156, 35.708862813313836 ], [ 77.306414794921906, 35.7078038533529 ], [ 77.310251871744825, 35.704696146647166 ], [ 77.314748128255246, 35.70363718668623 ], [ 77.319892713758719, 35.699470520019567 ], [ 77.32435031467017, 35.700950792100727 ], [ 77.332803683810795, 35.710251702202726 ], [ 77.333862982855933, 35.714748297797343 ], [ 77.341278415256113, 35.722907172309064 ], [ 77.33719753689239, 35.7279454549154 ], [ 77.342665947808186, 35.729648674858971 ], [ 77.347751871744819, 35.725529479980501 ], [ 77.361415947808197, 35.724401685926679 ], [ 77.366137017144126, 35.718914964464005 ], [ 77.367425198025202, 35.713446214464007 ], [ 77.372751871744825, 35.708862813313836 ], [ 77.40833333333336, 35.708333333333364 ], [ 77.408900621202292, 35.697789510091177 ], [ 77.411932712131104, 35.693877156575553 ], [ 77.413350762261317, 35.68835093180342 ], [ 77.418877156575547, 35.68693271213111 ], [ 77.422789510091178, 35.683900621202291 ], [ 77.429166666666703, 35.683333333333366 ], [ 77.429784138997434, 35.681173197428421 ], [ 77.432715861002634, 35.677160135904984 ], [ 77.433950805664097, 35.664506530761749 ], [ 77.441049194335974, 35.656326802571648 ], [ 77.442284138997422, 35.652006530761753 ], [ 77.446450805664099, 35.646302456325984 ], [ 77.445152791341172, 35.621643914116788 ], [ 77.432715861002634, 35.619833713107667 ], [ 77.434324137369828, 35.61289706759986 ], [ 77.443673027886319, 35.604784308539529 ], [ 77.454166666666694, 35.6041666666667 ], [ 77.457482571072077, 35.603315734863315 ], [ 77.458333333333371, 35.6 ], [ 77.461876424153672, 35.599090745714008 ], [ 77.463067287868952, 35.576956176757847 ], [ 77.470266045464442, 35.568877156575553 ], [ 77.47083333333336, 35.566666666666698 ], [ 77.470097859700559, 35.559133232964442 ], [ 77.464660305447083, 35.554784308539524 ], [ 77.452006361219645, 35.553549024793867 ], [ 77.447045898437537, 35.549925401475726 ], [ 77.444674682617219, 35.558219401041697 ], [ 77.439660305447077, 35.5618823581272 ], [ 77.427006361219654, 35.563117641872864 ], [ 77.421302625868094, 35.567284308539527 ], [ 77.393673027886322, 35.56604902479387 ], [ 77.38966030544708, 35.563117641872864 ], [ 77.379901801215311, 35.561697387695347 ], [ 77.379166666666706, 35.554166666666696 ], [ 77.379166666666706, 35.55 ], [ 77.364242214626771, 35.550353325737881 ], [ 77.360757785373295, 35.553813340928848 ], [ 77.358333333333363, 35.554166666666696 ], [ 77.357766045464444, 35.551956176757841 ], [ 77.354628499348991, 35.547907850477465 ], [ 77.362038167317735, 35.539592149522598 ], [ 77.358900621202295, 35.535543823242222 ], [ 77.357766045464444, 35.531122843424512 ], [ 77.354733954535618, 35.527210489908882 ], [ 77.353462388780414, 35.517586093478762 ], [ 77.346983846028678, 35.512183295355932 ], [ 77.34583333333336, 35.516666666666694 ], [ 77.3375, 35.516666666666694 ], [ 77.337146674262186, 35.519091118706626 ], [ 77.331623670789966, 35.524641927083366 ], [ 77.329166666666694, 35.525 ], [ 77.328267076280412, 35.528505452473986 ], [ 77.320833333333368, 35.529166666666697 ], [ 77.320480007595521, 35.531591118706629 ], [ 77.314952935112885, 35.537145826551679 ], [ 77.289953613281284, 35.537853325737878 ], [ 77.285757785373292, 35.533686659071215 ], [ 77.266666666666694, 35.533333333333367 ], [ 77.264456176757847, 35.532766045464442 ], [ 77.260543823242216, 35.529733954535622 ], [ 77.250887383355064, 35.528458150227898 ], [ 77.25, 35.525 ], [ 77.239242214626771, 35.525353325737882 ], [ 77.235757785373295, 35.528813340928849 ], [ 77.227453613281284, 35.529519992404545 ], [ 77.223257785373292, 35.525353325737882 ], [ 77.218408881293428, 35.524646674262186 ], [ 77.214924452039966, 35.521186659071212 ], [ 77.2, 35.520833333333364 ], [ 77.193408881293436, 35.521186659071212 ], [ 77.189924452039961, 35.524646674262186 ], [ 77.185075547960096, 35.525353325737882 ], [ 77.181591118706635, 35.528813340928849 ], [ 77.176742214626771, 35.529519992404545 ], [ 77.171191406250031, 35.53504316541887 ], [ 77.170833333333363, 35.5375 ], [ 77.151956176757849, 35.538067287868955 ], [ 77.135543823242216, 35.553599378797777 ], [ 77.130017428927985, 35.55501759847008 ], [ 77.129166666666691, 35.558333333333366 ], [ 77.125850762261322, 35.55918426513675 ], [ 77.125, 35.5625 ], [ 77.114242214626771, 35.562853325737876 ], [ 77.110757785373295, 35.566313340928851 ], [ 77.097575547960105, 35.567019992404546 ], [ 77.094091118706629, 35.570480007595521 ], [ 77.089242214626765, 35.571186659071209 ], [ 77.064924452039961, 35.595480007595519 ], [ 77.055908881293433, 35.596186659071215 ], [ 77.052424452039958, 35.599646674262182 ], [ 77.026742214626765, 35.600353325737878 ], [ 77.023257785373289, 35.603813340928852 ], [ 77.018408881293439, 35.604519992404548 ], [ 77.010757785373301, 35.612146674262185 ], [ 76.9875, 35.6125 ], [ 76.987144978841172, 35.605879550510011 ], [ 76.981591118706632, 35.600353325737878 ], [ 76.9791666666667, 35.6 ], [ 76.97083333333336, 35.6 ], [ 76.955908881293439, 35.600353325737878 ], [ 76.952424452039963, 35.603813340928852 ], [ 76.935075547960096, 35.604519992404548 ], [ 76.927424452039958, 35.612146674262185 ], [ 76.922575547960093, 35.612853325737881 ], [ 76.919091118706632, 35.616313340928855 ], [ 76.905908881293428, 35.617019992404543 ], [ 76.889924452039963, 35.632980007595521 ], [ 76.883333333333368, 35.633333333333368 ], [ 76.882766045464436, 35.635543823242216 ], [ 76.878770616319471, 35.640698920355938 ], [ 76.872789510091181, 35.642233954535619 ], [ 76.86054382324221, 35.653599378797779 ], [ 76.855017428927979, 35.655017598470081 ], [ 76.853599378797767, 35.660543823242222 ], [ 76.846400621202292, 35.668622843424508 ], [ 76.84498257107208, 35.674149068196648 ], [ 76.841666666666697, 35.675 ], [ 76.841005452473993, 35.667566257052982 ], [ 76.8375, 35.6666666666667 ], [ 76.826956176757847, 35.666099378797774 ], [ 76.823043823242216, 35.663067287868955 ], [ 76.806122843424504, 35.661932712131112 ], [ 76.802210489908887, 35.658900621202292 ], [ 76.775911627875459, 35.657719082302549 ], [ 76.775, 35.654166666666697 ], [ 76.772575547960102, 35.654519992404545 ], [ 76.769091118706626, 35.657980007595519 ], [ 76.755908881293436, 35.658686659071215 ], [ 76.752424452039961, 35.662146674262182 ], [ 76.75, 35.6625 ], [ 76.749646674262181, 35.681591118706628 ], [ 76.744123501247856, 35.687141927083367 ], [ 76.739242214626771, 35.687853325737876 ], [ 76.735757785373295, 35.691313340928851 ], [ 76.730908881293431, 35.692019992404546 ], [ 76.719091118706629, 35.703813340928853 ], [ 76.716666666666697, 35.704166666666701 ], [ 76.716099378797765, 35.706377156575556 ], [ 76.703520880805144, 35.719929843478766 ], [ 76.696684265136753, 35.721684265136751 ], [ 76.695266045464436, 35.727210489908884 ], [ 76.692233954535624, 35.731122843424515 ], [ 76.691099378797773, 35.735543823242217 ], [ 76.688067287868947, 35.739456176757848 ], [ 76.68693271213111, 35.74387715657555 ], [ 76.683900621202284, 35.747789510091181 ], [ 76.682766045464433, 35.75221048990889 ], [ 76.679733954535621, 35.756122843424514 ], [ 76.679166666666688, 35.758333333333368 ], [ 76.668408881293431, 35.757980007595521 ], [ 76.664924452039955, 35.754519992404546 ], [ 76.660783555772596, 35.753813340928851 ], [ 76.648257785373289, 35.766313340928853 ], [ 76.641666666666694, 35.766666666666701 ], [ 76.631122843424507, 35.766099378797776 ], [ 76.627210489908876, 35.763067287868957 ], [ 76.624011908637186, 35.761932712131113 ], [ 76.61054382324221, 35.774432712131109 ], [ 76.606122843424501, 35.775567287868959 ], [ 76.602210489908884, 35.778599378797779 ], [ 76.592554050021732, 35.779875183105503 ], [ 76.591666666666697, 35.783333333333367 ], [ 76.591313340928849, 35.789924452039962 ], [ 76.575353325737879, 35.805908881293433 ], [ 76.575, 35.808333333333366 ], [ 76.572575547960099, 35.808686659071213 ], [ 76.56702236599395, 35.814212205674949 ], [ 76.566313340928843, 35.823257785373301 ], [ 76.562513563368086, 35.82708435058597 ], [ 76.578813340928846, 35.843408881293435 ], [ 76.579519992404542, 35.856591118706632 ], [ 76.582980007595509, 35.860075547960101 ], [ 76.583686659071205, 35.864212883843351 ], [ 76.579519992404542, 35.868408881293433 ], [ 76.578813340928846, 35.876716783311664 ], [ 76.595480007595512, 35.893408881293439 ], [ 76.59583333333336, 35.9 ], [ 76.588399590386317, 35.900661214192745 ], [ 76.586932712131102, 35.906377156575552 ], [ 76.583900621202289, 35.910289510091182 ], [ 76.582766045464439, 35.918877156575554 ], [ 76.579733954535612, 35.922789510091178 ], [ 76.579166666666694, 35.929166666666703 ], [ 76.570833333333354, 35.929166666666703 ], [ 76.554166666666688, 35.929166666666688 ], [ 76.552044338650205, 35.928511216905413 ], [ 76.546781582302543, 35.924835205078161 ], [ 76.54517788357208, 35.914544338650209 ], [ 76.542322116427982, 35.910455661349857 ], [ 76.541011216905403, 35.906211005316877 ], [ 76.533988783094642, 35.897955661349862 ], [ 76.532498847113743, 35.878922526041698 ], [ 76.527122328016517, 35.882677883572086 ], [ 76.489544338650205, 35.883988783094651 ], [ 76.485455661349846, 35.886844550238749 ], [ 76.466420830620692, 35.888155449761321 ], [ 76.460455661349854, 35.883988783094651 ], [ 76.454166666666694, 35.883333333333368 ], [ 76.453813340928846, 35.880908881293436 ], [ 76.450353325737879, 35.877424452039968 ], [ 76.449642266167558, 35.872545539008279 ], [ 76.435757785373283, 35.858686659071211 ], [ 76.433333333333366, 35.85833333333337 ], [ 76.430908881293433, 35.857980007595522 ], [ 76.427083333333357, 35.854181247287357 ], [ 76.423257785373295, 35.857980007595522 ], [ 76.414953782823375, 35.858686659071211 ], [ 76.410757785373292, 35.854519992404548 ], [ 76.398287116156709, 35.853813340928852 ], [ 76.394091118706626, 35.857980007595522 ], [ 76.385787116156706, 35.858686659071211 ], [ 76.38125, 35.854181247287357 ], [ 76.377424452039961, 35.857980007595522 ], [ 76.372575547960096, 35.858686659071211 ], [ 76.369091118706621, 35.862146674262185 ], [ 76.358333333333363, 35.8625 ], [ 76.355908881293431, 35.862146674262185 ], [ 76.349998643663213, 35.856265936957499 ], [ 76.353813340928838, 35.852424452039962 ], [ 76.354519992404533, 35.835785590277808 ], [ 76.348288133409312, 35.829522535536057 ], [ 76.339953782823372, 35.828813340928853 ], [ 76.335757785373289, 35.832980007595523 ], [ 76.310075547960096, 35.833686659071212 ], [ 76.294091118706618, 35.849646674262189 ], [ 76.285787116156712, 35.850353325737878 ], [ 76.281591118706615, 35.846186659071215 ], [ 76.279166666666697, 35.845833333333367 ], [ 76.272864956325975, 35.845190599229632 ], [ 76.264588250054274, 35.838102722168003 ], [ 76.260468377007399, 35.841023932562969 ], [ 76.241344875759566, 35.842309400770432 ], [ 76.235468377007408, 35.838142734103769 ], [ 76.221604749891512, 35.836728583441875 ], [ 76.22083333333336, 35.829166666666701 ], [ 76.214242214626765, 35.828813340928853 ], [ 76.210757785373289, 35.825353325737879 ], [ 76.176742214626756, 35.824646674262183 ], [ 76.173257785373281, 35.821186659071216 ], [ 76.170833333333363, 35.820833333333368 ], [ 76.168408881293431, 35.821186659071216 ], [ 76.164924452039955, 35.824646674262183 ], [ 76.160075547960091, 35.825353325737879 ], [ 76.156591118706615, 35.828813340928853 ], [ 76.151742214626765, 35.829519992404549 ], [ 76.142020840115038, 35.839215087890658 ], [ 76.141666666666694, 35.85 ], [ 76.142233954535612, 35.852210489908884 ], [ 76.146229214138472, 35.857365587022606 ], [ 76.153315734863298, 35.859184265136754 ], [ 76.154166666666697, 35.8625 ], [ 76.15869920518665, 35.863663228352898 ], [ 76.150567287868952, 35.872789510091181 ], [ 76.149432712131102, 35.875746663411491 ], [ 76.153599378797765, 35.881122843424514 ], [ 76.154733954535615, 35.898043823242219 ], [ 76.157766045464427, 35.901956176757849 ], [ 76.15833333333336, 35.925 ], [ 76.155908881293428, 35.925353325737881 ], [ 76.146191067165816, 35.935044860839881 ], [ 76.145480007595509, 35.939924452039968 ], [ 76.142019992404542, 35.943408881293436 ], [ 76.141313340928846, 35.952424452039963 ], [ 76.135790167914521, 35.957975260416703 ], [ 76.130908881293422, 35.958686659071212 ], [ 76.114924452039958, 35.974646674262189 ], [ 76.1125, 35.975 ], [ 76.112146674262178, 35.977424452039962 ], [ 76.108686659071196, 35.980908881293438 ], [ 76.107980007595515, 35.985757785373295 ], [ 76.104519992404533, 35.989242214626771 ], [ 76.104166666666686, 36.020833333333371 ], [ 76.07278951009117, 36.021400621202289 ], [ 76.068877156575539, 36.024432712131109 ], [ 76.032586669921898, 36.025567287868959 ], [ 76.027210489908882, 36.021400621202289 ], [ 76.001214938693593, 36.020266045464446 ], [ 75.99914906819663, 36.02831573486332 ], [ 75.993622843424504, 36.029733954535622 ], [ 75.989710489908873, 36.032766045464442 ], [ 75.976956176757838, 36.033900621202292 ], [ 75.973043823242207, 36.036932712131112 ], [ 75.968622843424498, 36.038067287868955 ], [ 75.963132731119813, 36.042645772298215 ], [ 75.961862352159315, 36.061594306098122 ], [ 75.955017598470079, 36.06335093180342 ], [ 75.953267076280397, 36.070172119140658 ], [ 75.945833333333354, 36.070833333333354 ], [ 75.94367319742841, 36.07021569146054 ], [ 75.931326802571633, 36.058950975206201 ], [ 75.922839864095067, 36.057715691460537 ], [ 75.91882680257163, 36.054784308539531 ], [ 75.908065965440557, 36.05321807861332 ], [ 75.911938476562526, 36.047916666666701 ], [ 75.908219401041691, 36.042825486924947 ], [ 75.902006530761739, 36.041049024793871 ], [ 75.897993469238301, 36.038117641872866 ], [ 75.893673197428413, 36.036882358127208 ], [ 75.889660135904975, 36.033950975206196 ], [ 75.885339864095073, 36.032715691460538 ], [ 75.877160135904973, 36.025617641872863 ], [ 75.87283986409507, 36.024382358127205 ], [ 75.868826802571633, 36.0214509752062 ], [ 75.845364210340733, 36.020215691460535 ], [ 75.839660135904964, 36.024382358127205 ], [ 75.83286421034073, 36.025617641872863 ], [ 75.826158820258271, 36.020719401041703 ], [ 75.823992919921892, 36.013144429524772 ], [ 75.8, 36.0125 ], [ 75.795833333333377, 36.0125 ], [ 75.789456176757852, 36.013067287868942 ], [ 75.785543823242222, 36.016099378797762 ], [ 75.781122843424512, 36.017233954535612 ], [ 75.775704277886319, 36.021752929687523 ], [ 75.774432712131116, 36.031377156575537 ], [ 75.771400621202289, 36.035289510091168 ], [ 75.770266045464439, 36.03971048990887 ], [ 75.767233954535627, 36.043622843424501 ], [ 75.766099378797776, 36.04804382324221 ], [ 75.757404242621561, 36.057630411783876 ], [ 75.747789510091181, 36.058900621202277 ], [ 75.74387715657555, 36.061932712131096 ], [ 75.738350762261319, 36.063350762261301 ], [ 75.736590915256116, 36.070209757487 ], [ 75.725, 36.070833333333354 ], [ 75.724149237738757, 36.074149237738737 ], [ 75.720833333333374, 36.075 ], [ 75.721186659071222, 36.077424452039949 ], [ 75.724646674262189, 36.080908881293425 ], [ 75.725, 36.08333333333335 ], [ 75.725567287868955, 36.085543823242205 ], [ 75.728599378797782, 36.089456176757835 ], [ 75.730017428927994, 36.094982571072066 ], [ 75.736649237738746, 36.09668409559464 ], [ 75.738467746310803, 36.103770616319466 ], [ 75.743622843424518, 36.10776604546443 ], [ 75.75221048990889, 36.108900621202274 ], [ 75.776956176757849, 36.132766045464429 ], [ 75.779166666666697, 36.133333333333354 ], [ 75.779166666666697, 36.1375 ], [ 75.778599378797779, 36.148043823242205 ], [ 75.766021050347263, 36.161596340603317 ], [ 75.760289510091184, 36.163067287868941 ], [ 75.756377156575553, 36.16609937879776 ], [ 75.751956176757844, 36.167233954535611 ], [ 75.742369588216178, 36.175929090711826 ], [ 75.741099378797784, 36.185543823242206 ], [ 75.729733954535632, 36.19778951009117 ], [ 75.728599378797782, 36.202210489908872 ], [ 75.724603949652817, 36.207365587022593 ], [ 75.717375013563398, 36.209220716688385 ], [ 75.716099378797779, 36.218877156575545 ], [ 75.708900621202289, 36.226956176757831 ], [ 75.707766045464439, 36.23137715657554 ], [ 75.704733954535627, 36.235289510091164 ], [ 75.703599378797776, 36.248043823242206 ], [ 75.700567287868964, 36.251956176757837 ], [ 75.699432712131113, 36.263246663411479 ], [ 75.703599378797776, 36.268622843424502 ], [ 75.704733954535627, 36.277210489908875 ], [ 75.707766045464439, 36.281122843424498 ], [ 75.708333333333371, 36.283333333333353 ], [ 75.707980007595523, 36.298257785373288 ], [ 75.704519992404556, 36.301742214626756 ], [ 75.70381334092886, 36.310757785373283 ], [ 75.700353325737879, 36.314242214626759 ], [ 75.699646674262183, 36.32254638671877 ], [ 75.70381334092886, 36.326742214626755 ], [ 75.704519992404556, 36.331591118706619 ], [ 75.712486097547782, 36.339582655164953 ], [ 75.708686659071219, 36.343408881293428 ], [ 75.707980007595523, 36.348257785373285 ], [ 75.704519992404556, 36.351742214626761 ], [ 75.704166666666708, 36.354166666666686 ], [ 75.70381334092886, 36.356591118706618 ], [ 75.698290337456626, 36.362141927083357 ], [ 75.693408881293436, 36.362853325737866 ], [ 75.677424452039972, 36.378813340928843 ], [ 75.668408881293445, 36.379519992404539 ], [ 75.664924452039969, 36.382980007595506 ], [ 75.660075547960105, 36.383686659071202 ], [ 75.656591118706629, 36.387146674262176 ], [ 75.654166666666697, 36.3875 ], [ 75.654771592881985, 36.393839518229186 ], [ 75.657728407118086, 36.397827148437521 ], [ 75.659021674262192, 36.415831841362866 ], [ 75.667207166883713, 36.417271592881967 ], [ 75.673806084526944, 36.412379286024326 ], [ 75.675604926215314, 36.418839518229191 ], [ 75.686895073784754, 36.431160481770853 ], [ 75.688104926215317, 36.448006184895853 ], [ 75.695228407118094, 36.456160481770858 ], [ 75.696438259548643, 36.467207166883703 ], [ 75.69227159288198, 36.472827148437524 ], [ 75.691061740451431, 36.475787353515649 ], [ 75.699395073784757, 36.48532714843752 ], [ 75.70060492621532, 36.489672851562524 ], [ 75.70356174045142, 36.49366048177086 ], [ 75.704771592881983, 36.498006184895857 ], [ 75.724395073784763, 36.518660481770858 ], [ 75.725907389322956, 36.524092610677108 ], [ 75.732425944010458, 36.525907389322938 ], [ 75.733333333333363, 36.52916666666669 ], [ 75.733686659071211, 36.539924452039955 ], [ 75.739209662543445, 36.545475260416687 ], [ 75.744091118706635, 36.546186659071203 ], [ 75.74757554796011, 36.549646674262178 ], [ 75.752424452039961, 36.550353325737873 ], [ 75.757974243164099, 36.555875311957486 ], [ 75.758686659071216, 36.560046386718774 ], [ 75.754519992404553, 36.564242214626759 ], [ 75.753813340928858, 36.569091118706623 ], [ 75.750353325737876, 36.572575547960092 ], [ 75.75, 36.575 ], [ 75.74757554796011, 36.575353325737872 ], [ 75.742021009657151, 36.580880059136305 ], [ 75.741666666666703, 36.59166666666669 ], [ 75.735075547960108, 36.592019992404538 ], [ 75.73125, 36.595818752712695 ], [ 75.727424452039969, 36.592019992404538 ], [ 75.723286946614621, 36.591313340928842 ], [ 75.719091118706629, 36.595480007595512 ], [ 75.704166666666708, 36.59583333333336 ], [ 75.701742214626776, 36.596186659071208 ], [ 75.698257785373301, 36.599646674262175 ], [ 75.695833333333368, 36.6 ], [ 75.694924248589444, 36.596456909179707 ], [ 75.672789510091178, 36.595266045464435 ], [ 75.668877156575562, 36.592233954535615 ], [ 75.664456176757852, 36.591099378797765 ], [ 75.660543823242222, 36.588067287868945 ], [ 75.656122843424512, 36.586932712131102 ], [ 75.652210489908896, 36.583900621202282 ], [ 75.645833333333371, 36.583333333333357 ], [ 75.643622843424509, 36.583900621202282 ], [ 75.639710489908893, 36.586932712131102 ], [ 75.626956176757844, 36.588067287868945 ], [ 75.623043823242227, 36.591099378797765 ], [ 75.614456176757841, 36.592233954535615 ], [ 75.609037611219648, 36.596752929687526 ], [ 75.607624986436662, 36.60744594997832 ], [ 75.601956176757852, 36.608900621202281 ], [ 75.592586263020863, 36.617249552408879 ], [ 75.591666666666697, 36.620833333333358 ], [ 75.590895250108545, 36.628395250108532 ], [ 75.583333333333371, 36.629166666666691 ], [ 75.580908881293439, 36.629519992404539 ], [ 75.577424452039963, 36.632980007595506 ], [ 75.575, 36.633333333333354 ], [ 75.575567287868964, 36.643877156575542 ], [ 75.579431152343787, 36.648862711588563 ], [ 75.572789510091184, 36.650567287868945 ], [ 75.567370944552991, 36.655086263020856 ], [ 75.566099378797773, 36.664710489908877 ], [ 75.562103949652808, 36.669865587022592 ], [ 75.554875013563404, 36.671720716688391 ], [ 75.55359937879777, 36.681377156575543 ], [ 75.550567287868958, 36.685289510091167 ], [ 75.549432712131107, 36.689710489908876 ], [ 75.546400621202295, 36.693622843424507 ], [ 75.545833333333363, 36.695833333333354 ], [ 75.545266045464444, 36.710543823242212 ], [ 75.54127061631948, 36.715698920355926 ], [ 75.534184095594654, 36.717517428927977 ], [ 75.533333333333374, 36.72083333333336 ], [ 75.536882866753501, 36.721744113498289 ], [ 75.538067287868955, 36.746579996744813 ], [ 75.533801947699686, 36.75208333333336 ], [ 75.536932712131104, 36.756122843424507 ], [ 75.5375, 36.766666666666694 ], [ 75.539924452039969, 36.767019992404542 ], [ 75.543408881293431, 36.770480007595509 ], [ 75.570833333333368, 36.770833333333357 ], [ 75.57026604546445, 36.781377156575545 ], [ 75.567233954535624, 36.785289510091168 ], [ 75.566099378797773, 36.792603895399331 ], [ 75.574432712131113, 36.801956176757841 ], [ 75.575567287868964, 36.814710489908876 ], [ 75.580086263020874, 36.820129055447076 ], [ 75.589710489908896, 36.82140062120228 ], [ 75.593622843424512, 36.824432712131099 ], [ 75.598043823242222, 36.82556728786895 ], [ 75.610289510091178, 36.836932712131102 ], [ 75.614710489908887, 36.838067287868952 ], [ 75.618622843424518, 36.841099378797772 ], [ 75.62827928331167, 36.842375013563391 ], [ 75.629166666666706, 36.84583333333336 ], [ 75.636600409613749, 36.846494547526071 ], [ 75.638067287868964, 36.852210489908877 ], [ 75.642586263020874, 36.857629055447077 ], [ 75.652210489908896, 36.858900621202281 ], [ 75.65736558702261, 36.862896050347246 ], [ 75.659184095594654, 36.869982571072072 ], [ 75.66581590440542, 36.871684095594645 ], [ 75.667233954535632, 36.877210489908883 ], [ 75.670266045464444, 36.881122843424507 ], [ 75.671400621202295, 36.892603895399333 ], [ 75.663067287868955, 36.901956176757835 ], [ 75.6625, 36.90416666666669 ], [ 75.683333333333366, 36.90416666666669 ], [ 75.684301079644129, 36.900396050347247 ], [ 75.689456176757844, 36.896400621202282 ], [ 75.693877156575553, 36.895266045464439 ], [ 75.697789510091184, 36.892233954535619 ], [ 75.703521050347263, 36.890763007269989 ], [ 75.716099378797779, 36.877210489908883 ], [ 75.717233954535629, 36.872789510091174 ], [ 75.720266045464442, 36.86887715657555 ], [ 75.721400621202292, 36.864456176757841 ], [ 75.736932712131107, 36.848043823242215 ], [ 75.738399590386322, 36.842327880859401 ], [ 75.745833333333366, 36.84166666666669 ], [ 75.745833333333366, 36.8375 ], [ 75.745833333333366, 36.833333333333357 ], [ 75.746736992730064, 36.82981228298614 ], [ 75.760289510091184, 36.817233954535617 ], [ 75.764710489908893, 36.816099378797766 ], [ 75.776956176757849, 36.804733954535614 ], [ 75.781377156575559, 36.80359937879777 ], [ 75.785289510091189, 36.800567287868951 ], [ 75.790958319769999, 36.79911261664499 ], [ 75.792233954535632, 36.789456176757838 ], [ 75.795266045464444, 36.785543823242215 ], [ 75.795833333333377, 36.78333333333336 ], [ 75.807424248589442, 36.782709757487005 ], [ 75.809184095594659, 36.775850762261307 ], [ 75.81471048990889, 36.774432712131102 ], [ 75.818622843424521, 36.771400621202282 ], [ 75.840757581922773, 36.770209757487002 ], [ 75.842233954535629, 36.76445617675784 ], [ 75.845266045464442, 36.760543823242216 ], [ 75.846541680230075, 36.750887383355057 ], [ 75.85331590440542, 36.749149237738742 ], [ 75.855017428927994, 36.742517428927975 ], [ 75.861854383680594, 36.74076300726999 ], [ 75.87443271213111, 36.727210489908877 ], [ 75.875887383355078, 36.721541680230061 ], [ 75.886580403645866, 36.720129055447075 ], [ 75.891099378797776, 36.714710489908882 ], [ 75.891666666666708, 36.7125 ], [ 75.914710489908884, 36.711932712131102 ], [ 75.918622843424515, 36.708900621202282 ], [ 75.924149237738746, 36.70748257107207 ], [ 75.925, 36.704166666666694 ], [ 75.925354851616774, 36.69754774305558 ], [ 75.935075547960096, 36.687853325737869 ], [ 75.939924452039946, 36.687146674262181 ], [ 75.943408881293422, 36.683686659071206 ], [ 75.948290167914521, 36.68297526041669 ], [ 75.953813340928846, 36.677424452039958 ], [ 75.954166666666694, 36.675 ], [ 75.973257785373292, 36.674646674262178 ], [ 75.977083333333354, 36.67084791395402 ], [ 75.980908881293431, 36.674646674262178 ], [ 75.9875, 36.675 ], [ 75.99485236273874, 36.674345906575546 ], [ 76.011932712131099, 36.656377156575545 ], [ 76.013161214192735, 36.642566257052977 ], [ 76.018877156575542, 36.641099378797769 ], [ 76.022789510091172, 36.63806728786895 ], [ 76.027210489908882, 36.636932712131099 ], [ 76.035407850477455, 36.629628499348982 ], [ 76.040920003255223, 36.63390062120228 ], [ 76.04804382324221, 36.632766045464436 ], [ 76.053420003255226, 36.628599378797766 ], [ 76.081377156575542, 36.629733954535617 ], [ 76.085289510091172, 36.632766045464436 ], [ 76.091666666666683, 36.633333333333354 ], [ 76.092517598470081, 36.636649237738737 ], [ 76.098043823242207, 36.63806728786895 ], [ 76.103420003255238, 36.642233954535612 ], [ 76.106377156575547, 36.641099378797769 ], [ 76.110289510091164, 36.63806728786895 ], [ 76.114710489908873, 36.636932712131099 ], [ 76.122789510091167, 36.629733954535617 ], [ 76.127210489908876, 36.628599378797766 ], [ 76.131122843424507, 36.625567287868947 ], [ 76.133333333333354, 36.625 ], [ 76.134301079644118, 36.621229383680578 ], [ 76.139456176757832, 36.617233954535614 ], [ 76.143877156575542, 36.61609937879777 ], [ 76.151956176757835, 36.608900621202281 ], [ 76.156377156575545, 36.60776604546443 ], [ 76.161753336588561, 36.603599378797767 ], [ 76.185543823242213, 36.604733954535611 ], [ 76.18945617675783, 36.60776604546443 ], [ 76.203267076280412, 36.608994547526066 ], [ 76.205075920952709, 36.616043090820334 ], [ 76.216666666666697, 36.616666666666688 ], [ 76.216666666666697, 36.620833333333358 ], [ 76.22083333333336, 36.620833333333358 ], [ 76.223257785373292, 36.620480007595511 ], [ 76.226742214626753, 36.617019992404536 ], [ 76.233333333333363, 36.616666666666688 ], [ 76.237104119194896, 36.615698920355925 ], [ 76.24109937879777, 36.61054382324221 ], [ 76.242233954535621, 36.606122843424501 ], [ 76.245266045464433, 36.602210489908877 ], [ 76.246400621202284, 36.585289510091172 ], [ 76.250567287868947, 36.579913330078149 ], [ 76.249432712131096, 36.564456176757837 ], [ 76.245266045464433, 36.559079996744813 ], [ 76.246400621202284, 36.556122843424504 ], [ 76.249531216091597, 36.552083333333357 ], [ 76.246400621202284, 36.54804382324221 ], [ 76.245266045464433, 36.539456176757838 ], [ 76.242233954535621, 36.535543823242207 ], [ 76.240779283311653, 36.529875013563391 ], [ 76.230054050021721, 36.528458319769989 ], [ 76.229166666666686, 36.525 ], [ 76.225850931803407, 36.52414923773874 ], [ 76.225, 36.520833333333357 ], [ 76.225, 36.5125 ], [ 76.225567287868941, 36.51028951009117 ], [ 76.23276604546443, 36.502210489908876 ], [ 76.234184265136747, 36.496684095594638 ], [ 76.241083780924498, 36.494913736979193 ], [ 76.249538167317738, 36.485425482855923 ], [ 76.245266045464433, 36.479913330078148 ], [ 76.246400621202284, 36.472789510091168 ], [ 76.253599378797773, 36.464710489908875 ], [ 76.255054050021727, 36.459041680230058 ], [ 76.265737406412782, 36.457630411783875 ], [ 76.274432712131102, 36.448043823242209 ], [ 76.275887383355055, 36.442375013563392 ], [ 76.285543823242207, 36.441099378797766 ], [ 76.289456176757838, 36.438067287868947 ], [ 76.291666666666686, 36.4375 ], [ 76.292321438259577, 36.430139499240475 ], [ 76.301956176757841, 36.421400621202281 ], [ 76.307709757487004, 36.419924248589432 ], [ 76.308333333333351, 36.408333333333353 ], [ 76.314924452039961, 36.407980007595505 ], [ 76.335075547960088, 36.387853325737872 ], [ 76.339924452039952, 36.387146674262176 ], [ 76.347575547960091, 36.379519992404539 ], [ 76.356591118706618, 36.378813340928843 ], [ 76.360075547960093, 36.375353325737869 ], [ 76.364924452039958, 36.374646674262173 ], [ 76.368408881293433, 36.371186659071199 ], [ 76.373257785373283, 36.370480007595511 ], [ 76.376742214626759, 36.367019992404536 ], [ 76.385757785373286, 36.366313340928841 ], [ 76.393408881293425, 36.358686659071203 ], [ 76.402424452039952, 36.357980007595508 ], [ 76.410075547960091, 36.350353325737871 ], [ 76.4125, 36.35 ], [ 76.413387383355058, 36.346541680230054 ], [ 76.42411261664499, 36.345124986436652 ], [ 76.425899590386308, 36.338161214192731 ], [ 76.433333333333366, 36.3375 ], [ 76.433900621202284, 36.326956176757832 ], [ 76.436932712131096, 36.323043823242209 ], [ 76.438067287868947, 36.3186228434245 ], [ 76.445266045464436, 36.310543823242206 ], [ 76.446400621202287, 36.306122843424504 ], [ 76.453599378797776, 36.29804382324221 ], [ 76.4548751831055, 36.288387383355058 ], [ 76.458333333333357, 36.2875 ], [ 76.457975260416688, 36.285042995876758 ], [ 76.452424452039963, 36.279519992404538 ], [ 76.45, 36.27916666666669 ], [ 76.450684950086838, 36.25913323296443 ], [ 76.460364956325975, 36.250642903645854 ], [ 76.470613945855064, 36.249081081814253 ], [ 76.474357265896288, 36.243801540798628 ], [ 76.476190863715303, 36.237711249457483 ], [ 76.489531622992644, 36.225642903645856 ], [ 76.49796837700741, 36.22435709635419 ], [ 76.502031622992646, 36.221476236979186 ], [ 76.510468377007399, 36.22019042968752 ], [ 76.514531622992649, 36.217309570312523 ], [ 76.522968377007402, 36.216023763020857 ], [ 76.531198289659315, 36.20897623697919 ], [ 76.55213504367407, 36.207690429687517 ], [ 76.556198289659321, 36.20480957031252 ], [ 76.570061916775202, 36.203395250108528 ], [ 76.571476067437089, 36.189531792534744 ], [ 76.574357265896296, 36.185468207465298 ], [ 76.575, 36.183333333333351 ], [ 76.585757785373289, 36.182980007595503 ], [ 76.589953782823372, 36.178813340928841 ], [ 76.610757785373295, 36.179519992404536 ], [ 76.618408881293433, 36.187146674262173 ], [ 76.627424452039961, 36.187853325737869 ], [ 76.635075547960099, 36.195480007595506 ], [ 76.639924452039963, 36.196186659071202 ], [ 76.643408881293425, 36.199646674262176 ], [ 76.65, 36.2 ], [ 76.650567287868952, 36.19778951009117 ], [ 76.653599378797765, 36.193877156575539 ], [ 76.655017598470081, 36.188350762261308 ], [ 76.660543823242222, 36.186932712131096 ], [ 76.664456176757838, 36.183900621202277 ], [ 76.678267076280406, 36.182672119140648 ], [ 76.679166666666688, 36.179166666666688 ], [ 76.679784817165825, 36.167678833007834 ], [ 76.693622843424507, 36.154733954535608 ], [ 76.699149068196647, 36.153315904405403 ], [ 76.70056728786895, 36.147789510091165 ], [ 76.703599378797776, 36.143877156575542 ], [ 76.704733954535612, 36.139456176757832 ], [ 76.707766045464439, 36.135543823242209 ], [ 76.708333333333357, 36.125 ], [ 76.710543823242219, 36.124432712131096 ], [ 76.715920003255235, 36.120266045464433 ], [ 76.739710489908887, 36.121400621202277 ], [ 76.744696214464, 36.1252644856771 ], [ 76.746400621202284, 36.118622843424497 ], [ 76.74943271213111, 36.114710489908873 ], [ 76.750967746310792, 36.108729383680576 ], [ 76.756122843424507, 36.104733954535611 ], [ 76.762104119194902, 36.103198920355922 ], [ 76.766099378797776, 36.098043823242207 ], [ 76.767579989963139, 36.092274305555577 ], [ 76.78333333333336, 36.091666666666683 ], [ 76.783686659071208, 36.089242214626758 ], [ 76.787146674262175, 36.085757785373282 ], [ 76.787853325737871, 36.072575547960092 ], [ 76.791313340928852, 36.069091118706616 ], [ 76.7916666666667, 36.066666666666684 ], [ 76.788116794162349, 36.065755547417552 ], [ 76.786932712131104, 36.040729437934047 ], [ 76.795266045464444, 36.031377156575537 ], [ 76.796684265136747, 36.025850762261307 ], [ 76.803505452473985, 36.024100409613737 ], [ 76.804166666666688, 36.016666666666687 ], [ 76.804519992404536, 36.014242214626769 ], [ 76.808318752712708, 36.0104166666667 ], [ 76.804519992404536, 36.006591118706631 ], [ 76.803808593750034, 36.001709832085538 ], [ 76.798257785373295, 35.996186659071213 ], [ 76.789242214626768, 35.995480007595518 ], [ 76.781591118706629, 35.987853325737881 ], [ 76.775, 35.9875 ], [ 76.774646674262186, 35.985075547960108 ], [ 76.762853325737879, 35.973257785373299 ], [ 76.762146674262183, 35.968408881293435 ], [ 76.757980007595521, 35.964212883843352 ], [ 76.758686659071202, 35.951742214626769 ], [ 76.774646674262186, 35.935757785373298 ], [ 76.775, 35.929166666666703 ], [ 76.778240288628496, 35.928240288628508 ], [ 76.779784308539519, 35.922839864095089 ], [ 76.782715691460538, 35.918826802571651 ], [ 76.784135945638056, 35.90906846788198 ], [ 76.799013773600294, 35.907616170247429 ], [ 76.800617641872861, 35.902006530761753 ], [ 76.803549024793867, 35.897993469238315 ], [ 76.804784308539524, 35.89367319742842 ], [ 76.80771569146053, 35.889660135904982 ], [ 76.808950975206187, 35.885339864095087 ], [ 76.81604902479387, 35.87716013590498 ], [ 76.816666666666691, 35.866666666666703 ], [ 76.81702423095706, 35.864212544759148 ], [ 76.835075547960102, 35.846186659071215 ], [ 76.839924452039952, 35.845480007595519 ], [ 76.847575547960105, 35.837853325737882 ], [ 76.864924452039958, 35.837146674262186 ], [ 76.868408881293433, 35.833686659071212 ], [ 76.873257785373298, 35.832980007595523 ], [ 76.876742214626759, 35.829519992404549 ], [ 76.881591118706623, 35.828813340928853 ], [ 76.885075547960099, 35.825353325737879 ], [ 76.894121297200556, 35.824644300672773 ], [ 76.899646674262186, 35.819091118706631 ], [ 76.900353325737882, 35.814242214626766 ], [ 76.903813340928849, 35.810757785373298 ], [ 76.904166666666697, 35.808333333333366 ], [ 76.923257785373295, 35.807980007595518 ], [ 76.926742214626771, 35.804519992404551 ], [ 76.935757785373298, 35.803813340928855 ], [ 76.939242214626759, 35.800353325737881 ], [ 76.956591118706626, 35.799646674262185 ], [ 76.960075547960102, 35.796186659071211 ], [ 76.964924452039966, 35.795480007595522 ], [ 76.968408881293428, 35.792019992404548 ], [ 76.9791666666667, 35.7916666666667 ], [ 76.981591118706632, 35.791313340928852 ], [ 76.985075547960093, 35.787853325737878 ], [ 76.998257785373298, 35.787146674262189 ], [ 77.005908881293436, 35.779519992404545 ], [ 77.019120279947941, 35.778811815049949 ], [ 77.024985758463572, 35.772917005750898 ], [ 77.021186659071205, 35.769091118706633 ], [ 77.020480007595523, 35.755908881293436 ], [ 77.012853325737879, 35.748257785373298 ], [ 77.0125, 35.7375 ], [ 77.035506184895866, 35.736894904242654 ], [ 77.039493815104194, 35.733938429090742 ], [ 77.043839518229191, 35.732728237575991 ], [ 77.047827148437534, 35.729771762424079 ], [ 77.056339518229194, 35.728561570909321 ], [ 77.060327148437537, 35.725605095757409 ], [ 77.064672851562534, 35.724394904242658 ], [ 77.068660481770863, 35.721438429090746 ], [ 77.077172851562537, 35.720228237575988 ], [ 77.082792833116343, 35.716061570909318 ], [ 77.090978325737879, 35.717501322428419 ], [ 77.092357720269135, 35.736702473958367 ], [ 77.100758192274341, 35.737943861219648 ], [ 77.106160481770871, 35.733938429090742 ], [ 77.118839518229194, 35.732728237575991 ], [ 77.122827148437537, 35.729771762424079 ], [ 77.127172851562534, 35.728561570909321 ], [ 77.131160481770863, 35.725605095757409 ], [ 77.1438395182292, 35.724394904242658 ], [ 77.147827148437528, 35.721438429090746 ], [ 77.152172851562526, 35.720228237575988 ], [ 77.160327148437531, 35.713105095757413 ], [ 77.1666666666667, 35.7125 ], [ 77.167233954535618, 35.718877156575552 ], [ 77.170266045464444, 35.722789510091175 ], [ 77.171742418077287, 35.728543090820345 ], [ 77.183333333333366, 35.7291666666667 ] ] ] ] } },
{ "type": "Feature", "properties": { "HYBAS_ID": 4070570300, "NEXT_DOWN": 4070562140, "NEXT_SINK": 4070050210, "MAIN_BAS": 4070050210, "DIST_SINK": 2127.8, "DIST_MAIN": 2127.8, "SUB_AREA": 2161.7, "UP_AREA": 2161.7, "PFAF_ID": 4829906, "ENDO": 1, "COAST": 0, "ORDER": 2, "SORT": 6616, "areakm2": null }, "geometry": { "type": "MultiPolygon", "coordinates": [ [ [ [ 76.804166666666688, 36.016666666666687 ], [ 76.803505452473985, 36.024100409613737 ], [ 76.796684265136747, 36.025850762261307 ], [ 76.795266045464444, 36.031377156575537 ], [ 76.786932712131104, 36.040729437934047 ], [ 76.788116794162349, 36.065755547417552 ], [ 76.7916666666667, 36.066666666666684 ], [ 76.791313340928852, 36.069091118706616 ], [ 76.787853325737871, 36.072575547960092 ], [ 76.787146674262175, 36.085757785373282 ], [ 76.783686659071208, 36.089242214626758 ], [ 76.78333333333336, 36.091666666666683 ], [ 76.767579989963139, 36.092274305555577 ], [ 76.766099378797776, 36.098043823242207 ], [ 76.762104119194902, 36.103198920355922 ], [ 76.756122843424507, 36.104733954535611 ], [ 76.750967746310792, 36.108729383680576 ], [ 76.74943271213111, 36.114710489908873 ], [ 76.746400621202284, 36.118622843424497 ], [ 76.744696214464, 36.1252644856771 ], [ 76.739710489908887, 36.121400621202277 ], [ 76.715920003255235, 36.120266045464433 ], [ 76.710543823242219, 36.124432712131096 ], [ 76.708333333333357, 36.125 ], [ 76.707766045464439, 36.135543823242209 ], [ 76.704733954535612, 36.139456176757832 ], [ 76.703599378797776, 36.143877156575542 ], [ 76.70056728786895, 36.147789510091165 ], [ 76.699149068196647, 36.153315904405403 ], [ 76.693622843424507, 36.154733954535608 ], [ 76.679784817165825, 36.167678833007834 ], [ 76.679166666666688, 36.179166666666688 ], [ 76.678267076280406, 36.182672119140648 ], [ 76.664456176757838, 36.183900621202277 ], [ 76.660543823242222, 36.186932712131096 ], [ 76.655017598470081, 36.188350762261308 ], [ 76.653599378797765, 36.193877156575539 ], [ 76.650567287868952, 36.19778951009117 ], [ 76.65, 36.2 ], [ 76.643408881293425, 36.199646674262176 ], [ 76.639924452039963, 36.196186659071202 ], [ 76.635075547960099, 36.195480007595506 ], [ 76.627424452039961, 36.187853325737869 ], [ 76.618408881293433, 36.187146674262173 ], [ 76.610757785373295, 36.179519992404536 ], [ 76.589953782823372, 36.178813340928841 ], [ 76.585757785373289, 36.182980007595503 ], [ 76.575, 36.183333333333351 ], [ 76.574357265896296, 36.185468207465298 ], [ 76.571476067437089, 36.189531792534744 ], [ 76.570061916775202, 36.203395250108528 ], [ 76.556198289659321, 36.20480957031252 ], [ 76.55213504367407, 36.207690429687517 ], [ 76.531198289659315, 36.20897623697919 ], [ 76.522968377007402, 36.216023763020857 ], [ 76.514531622992649, 36.217309570312523 ], [ 76.510468377007399, 36.22019042968752 ], [ 76.502031622992646, 36.221476236979186 ], [ 76.49796837700741, 36.22435709635419 ], [ 76.489531622992644, 36.225642903645856 ], [ 76.476190863715303, 36.237711249457483 ], [ 76.474357265896288, 36.243801540798628 ], [ 76.470613945855064, 36.249081081814253 ], [ 76.460364956325975, 36.250642903645854 ], [ 76.450684950086838, 36.25913323296443 ], [ 76.45, 36.27916666666669 ], [ 76.452424452039963, 36.279519992404538 ], [ 76.457975260416688, 36.285042995876758 ], [ 76.458333333333357, 36.2875 ], [ 76.4548751831055, 36.288387383355058 ], [ 76.453599378797776, 36.29804382324221 ], [ 76.446400621202287, 36.306122843424504 ], [ 76.445266045464436, 36.310543823242206 ], [ 76.438067287868947, 36.3186228434245 ], [ 76.436932712131096, 36.323043823242209 ], [ 76.433900621202284, 36.326956176757832 ], [ 76.433333333333366, 36.3375 ], [ 76.43424258761938, 36.341043090820335 ], [ 76.445833333333354, 36.34166666666669 ], [ 76.448257785373286, 36.341313340928842 ], [ 76.452083333333363, 36.337514580620685 ], [ 76.455908881293425, 36.341313340928842 ], [ 76.469091118706629, 36.342019992404538 ], [ 76.472575547960091, 36.345480007595505 ], [ 76.481591118706618, 36.346186659071201 ], [ 76.485075547960093, 36.349646674262175 ], [ 76.502424452039961, 36.350353325737871 ], [ 76.50625, 36.354152086046028 ], [ 76.510787116156706, 36.349646674262175 ], [ 76.514924452039963, 36.350353325737871 ], [ 76.518408881293425, 36.353813340928838 ], [ 76.527424452039952, 36.354519992404533 ], [ 76.531620449490049, 36.358686659071203 ], [ 76.535757785373292, 36.357980007595508 ], [ 76.539953782823375, 36.353813340928838 ], [ 76.573257785373286, 36.354519992404533 ], [ 76.576742214626762, 36.357980007595508 ], [ 76.579166666666694, 36.358333333333356 ], [ 76.580017598470079, 36.355017428927972 ], [ 76.583333333333357, 36.354166666666686 ], [ 76.606591118706618, 36.354519992404533 ], [ 76.610075547960093, 36.357980007595508 ], [ 76.614924452039958, 36.358686659071203 ], [ 76.618408881293433, 36.362146674262178 ], [ 76.631591118706623, 36.362853325737866 ], [ 76.635787116156706, 36.367019992404536 ], [ 76.644091118706626, 36.366313340928841 ], [ 76.648287116156709, 36.362146674262178 ], [ 76.652424452039952, 36.362853325737866 ], [ 76.655908881293428, 36.366313340928841 ], [ 76.65833333333336, 36.366666666666688 ], [ 76.666165330674943, 36.367465549045164 ], [ 76.67435726589629, 36.377031792534744 ], [ 76.675771416558192, 36.390895250108528 ], [ 76.683333333333366, 36.391666666666687 ], [ 76.6875, 36.391666666666687 ], [ 76.688387383355064, 36.388208346896725 ], [ 76.698043823242216, 36.386932712131099 ], [ 76.706122843424509, 36.37973395453561 ], [ 76.716666666666697, 36.379166666666691 ], [ 76.723257785373292, 36.378813340928843 ], [ 76.726742214626768, 36.375353325737869 ], [ 76.744091118706621, 36.374646674262173 ], [ 76.747575547960096, 36.371186659071199 ], [ 76.756591118706623, 36.370480007595511 ], [ 76.760075547960099, 36.367019992404536 ], [ 76.764924452039963, 36.366313340928841 ], [ 76.769120449490046, 36.362146674262178 ], [ 76.773257785373289, 36.362853325737866 ], [ 76.777453782823386, 36.367019992404536 ], [ 76.785757785373292, 36.366313340928841 ], [ 76.789242214626768, 36.362853325737866 ], [ 76.794091118706632, 36.362146674262178 ], [ 76.797575547960093, 36.358686659071203 ], [ 76.804166666666688, 36.358333333333356 ], [ 76.805054050021724, 36.354875013563387 ], [ 76.814710489908876, 36.353599378797767 ], [ 76.831122843424509, 36.338067287868945 ], [ 76.840737406412785, 36.336797078450545 ], [ 76.849432712131104, 36.327210489908879 ], [ 76.85, 36.316666666666691 ], [ 76.850899590386319, 36.313161214192732 ], [ 76.864710489908887, 36.311932712131096 ], [ 76.876956176757844, 36.300567287868944 ], [ 76.881377156575553, 36.2994327121311 ], [ 76.88528951009117, 36.296400621202281 ], [ 76.889710489908879, 36.29526604546443 ], [ 76.893622843424509, 36.292233954535611 ], [ 76.898043823242219, 36.291099378797767 ], [ 76.901956176757835, 36.288067287868941 ], [ 76.910543823242222, 36.286932712131097 ], [ 76.914456176757838, 36.283900621202278 ], [ 76.918877156575547, 36.282766045464427 ], [ 76.922789510091178, 36.279733954535608 ], [ 76.927210489908887, 36.278599378797765 ], [ 76.931122843424504, 36.275567287868945 ], [ 76.981377156575547, 36.274432712131095 ], [ 76.985289510091178, 36.271400621202275 ], [ 76.989710489908887, 36.270266045464432 ], [ 76.993622843424504, 36.267233954535612 ], [ 77.018877156575556, 36.266099378797762 ], [ 77.022789510091172, 36.263067287868942 ], [ 77.028505452473993, 36.261600409613735 ], [ 77.029166666666697, 36.254166666666691 ], [ 77.044091118706632, 36.253813340928843 ], [ 77.047575547960093, 36.250353325737869 ], [ 77.05, 36.25 ], [ 77.050850762261319, 36.246684095594638 ], [ 77.054166666666703, 36.245833333333351 ], [ 77.054733954535621, 36.239456176757834 ], [ 77.057766045464433, 36.23554382324221 ], [ 77.059184095594645, 36.230017428927972 ], [ 77.06471048990889, 36.228599378797767 ], [ 77.072789510091184, 36.221400621202278 ], [ 77.077210489908879, 36.220266045464427 ], [ 77.089456176757849, 36.208900621202275 ], [ 77.09519551595055, 36.207427639431444 ], [ 77.096400621202292, 36.18945617675783 ], [ 77.107766045464444, 36.177210489908873 ], [ 77.108900621202281, 36.172789510091164 ], [ 77.111932712131107, 36.16887715657554 ], [ 77.1125, 36.166666666666686 ], [ 77.111649237738746, 36.163350762261302 ], [ 77.108333333333363, 36.1625 ], [ 77.10743374294708, 36.158994547526063 ], [ 77.093622843424512, 36.157766045464427 ], [ 77.089710489908882, 36.154733954535608 ], [ 77.072789510091184, 36.153599378797765 ], [ 77.068877156575553, 36.150567287868945 ], [ 77.064456176757844, 36.149432712131095 ], [ 77.059079996744828, 36.145266045464432 ], [ 77.056122843424504, 36.146400621202275 ], [ 77.048043823242224, 36.153599378797765 ], [ 77.018622843424509, 36.154733954535608 ], [ 77.014710489908879, 36.157766045464427 ], [ 76.995833333333366, 36.158333333333353 ], [ 76.996186659071213, 36.143408881293425 ], [ 76.999646674262181, 36.139924452039949 ], [ 77.0, 36.133333333333354 ], [ 77.000567287868961, 36.12695617675783 ], [ 77.003599378797773, 36.123043823242206 ], [ 77.004733954535624, 36.114456176757834 ], [ 77.007766045464436, 36.11054382324221 ], [ 77.008900621202287, 36.101956176757831 ], [ 77.011932712131113, 36.098043823242207 ], [ 77.013350762261311, 36.09251742892797 ], [ 77.020172119140653, 36.0907670762804 ], [ 77.020833333333357, 36.08333333333335 ], [ 77.020178561740479, 36.075972832573804 ], [ 77.010543823242216, 36.06723395453561 ], [ 77.004562717013926, 36.065698920355921 ], [ 77.000567287868961, 36.060543823242206 ], [ 76.999149237738749, 36.055017428927968 ], [ 76.993622843424504, 36.053599378797763 ], [ 76.989710489908887, 36.050567287868944 ], [ 76.9875, 36.05 ], [ 76.9791666666667, 36.05 ], [ 76.978813340928852, 36.043408881293423 ], [ 76.975353325737871, 36.039924452039948 ], [ 76.975, 36.0375 ], [ 76.975567287868955, 36.035289510091168 ], [ 76.982766045464444, 36.027210489908875 ], [ 76.984037611219648, 36.017586263020853 ], [ 76.989456176757841, 36.013067287868942 ], [ 76.995172119140648, 36.011600409613735 ], [ 76.996400621202284, 35.997789510091167 ], [ 76.99943271213111, 35.993877156575536 ], [ 77.000704277886314, 35.984252929687521 ], [ 77.006122843424507, 35.979733954535611 ], [ 77.012103949652811, 35.978198920355922 ], [ 77.016099378797776, 35.973043823242207 ], [ 77.017233954535627, 35.968622843424498 ], [ 77.020266045464439, 35.964710489908875 ], [ 77.020833333333357, 35.95833333333335 ], [ 77.032424248589436, 35.958956909179719 ], [ 77.034548272026939, 35.967233954535622 ], [ 77.073043823242216, 35.966099378797779 ], [ 77.076956176757847, 35.963067287868959 ], [ 77.085543823242219, 35.961932712131109 ], [ 77.089456176757849, 35.958900621202289 ], [ 77.09498257107208, 35.95748240152998 ], [ 77.096400621202292, 35.951956176757847 ], [ 77.103599378797767, 35.943877156575553 ], [ 77.105017428927979, 35.93835093180342 ], [ 77.110543823242224, 35.93693271213111 ], [ 77.131122843424507, 35.917233954535625 ], [ 77.133333333333368, 35.9166666666667 ], [ 77.136901516384583, 35.915750969780852 ], [ 77.1375, 35.895833333333364 ], [ 77.152424452039966, 35.895480007595523 ], [ 77.160075547960105, 35.887853325737879 ], [ 77.164924452039969, 35.887146674262183 ], [ 77.168408881293431, 35.883686659071216 ], [ 77.179166666666703, 35.883333333333368 ], [ 77.179827880859406, 35.875899590386318 ], [ 77.183333333333366, 35.875 ], [ 77.183952501085102, 35.863490464952292 ], [ 77.189456176757844, 35.858900621202288 ], [ 77.194982571072075, 35.857482401529978 ], [ 77.196720716688404, 35.850708516438836 ], [ 77.206377156575556, 35.849432712131112 ], [ 77.210289510091172, 35.846400621202292 ], [ 77.2125, 35.845833333333367 ], [ 77.213350762261314, 35.842517598470089 ], [ 77.21998257107208, 35.840815734863313 ], [ 77.221732923719657, 35.833994547526075 ], [ 77.236527167426246, 35.832678561740487 ], [ 77.245266045464447, 35.823043823242223 ], [ 77.246752929687531, 35.817249552408889 ], [ 77.256122843424507, 35.808900621202291 ], [ 77.258333333333368, 35.808333333333366 ], [ 77.257975599500895, 35.805878194173211 ], [ 77.248257785373298, 35.796186659071211 ], [ 77.243379041883713, 35.795475599500904 ], [ 77.229519992404548, 35.781591118706629 ], [ 77.228813340928852, 35.772575547960102 ], [ 77.221186659071208, 35.764924452039963 ], [ 77.220480007595512, 35.747575547960103 ], [ 77.217019992404545, 35.744091118706628 ], [ 77.216666666666697, 35.7375 ], [ 77.197575547960099, 35.737853325737881 ], [ 77.194091118706623, 35.741313340928855 ], [ 77.1875, 35.741666666666703 ], [ 77.186649237738749, 35.738350931803417 ], [ 77.183333333333366, 35.7375 ], [ 77.183333333333366, 35.7291666666667 ], [ 77.171742418077287, 35.728543090820345 ], [ 77.170266045464444, 35.722789510091175 ], [ 77.167233954535618, 35.718877156575552 ], [ 77.1666666666667, 35.7125 ], [ 77.160327148437531, 35.713105095757413 ], [ 77.152172851562526, 35.720228237575988 ], [ 77.147827148437528, 35.721438429090746 ], [ 77.1438395182292, 35.724394904242658 ], [ 77.131160481770863, 35.725605095757409 ], [ 77.127172851562534, 35.728561570909321 ], [ 77.122827148437537, 35.729771762424079 ], [ 77.118839518229194, 35.732728237575991 ], [ 77.106160481770871, 35.733938429090742 ], [ 77.100758192274341, 35.737943861219648 ], [ 77.092357720269135, 35.736702473958367 ], [ 77.090978325737879, 35.717501322428419 ], [ 77.082792833116343, 35.716061570909318 ], [ 77.077172851562537, 35.720228237575988 ], [ 77.068660481770863, 35.721438429090746 ], [ 77.064672851562534, 35.724394904242658 ], [ 77.060327148437537, 35.725605095757409 ], [ 77.056339518229194, 35.728561570909321 ], [ 77.047827148437534, 35.729771762424079 ], [ 77.043839518229191, 35.732728237575991 ], [ 77.039493815104194, 35.733938429090742 ], [ 77.035506184895866, 35.736894904242654 ], [ 77.0125, 35.7375 ], [ 77.012853325737879, 35.748257785373298 ], [ 77.020480007595523, 35.755908881293436 ], [ 77.021186659071205, 35.769091118706633 ], [ 77.024985758463572, 35.772917005750898 ], [ 77.019120279947941, 35.778811815049949 ], [ 77.005908881293436, 35.779519992404545 ], [ 76.998257785373298, 35.787146674262189 ], [ 76.985075547960093, 35.787853325737878 ], [ 76.981591118706632, 35.791313340928852 ], [ 76.9791666666667, 35.7916666666667 ], [ 76.968408881293428, 35.792019992404548 ], [ 76.964924452039966, 35.795480007595522 ], [ 76.960075547960102, 35.796186659071211 ], [ 76.956591118706626, 35.799646674262185 ], [ 76.939242214626759, 35.800353325737881 ], [ 76.935757785373298, 35.803813340928855 ], [ 76.926742214626771, 35.804519992404551 ], [ 76.923257785373295, 35.807980007595518 ], [ 76.904166666666697, 35.808333333333366 ], [ 76.903813340928849, 35.810757785373298 ], [ 76.900353325737882, 35.814242214626766 ], [ 76.899646674262186, 35.819091118706631 ], [ 76.894121297200556, 35.824644300672773 ], [ 76.885075547960099, 35.825353325737879 ], [ 76.881591118706623, 35.828813340928853 ], [ 76.876742214626759, 35.829519992404549 ], [ 76.873257785373298, 35.832980007595523 ], [ 76.868408881293433, 35.833686659071212 ], [ 76.864924452039958, 35.837146674262186 ], [ 76.847575547960105, 35.837853325737882 ], [ 76.839924452039952, 35.845480007595519 ], [ 76.835075547960102, 35.846186659071215 ], [ 76.81702423095706, 35.864212544759148 ], [ 76.816666666666691, 35.866666666666703 ], [ 76.81604902479387, 35.87716013590498 ], [ 76.808950975206187, 35.885339864095087 ], [ 76.80771569146053, 35.889660135904982 ], [ 76.804784308539524, 35.89367319742842 ], [ 76.803549024793867, 35.897993469238315 ], [ 76.800617641872861, 35.902006530761753 ], [ 76.799013773600294, 35.907616170247429 ], [ 76.784135945638056, 35.90906846788198 ], [ 76.782715691460538, 35.918826802571651 ], [ 76.779784308539519, 35.922839864095089 ], [ 76.778240288628496, 35.928240288628508 ], [ 76.775, 35.929166666666703 ], [ 76.774646674262186, 35.935757785373298 ], [ 76.758686659071202, 35.951742214626769 ], [ 76.757980007595521, 35.964212883843352 ], [ 76.762146674262183, 35.968408881293435 ], [ 76.762853325737879, 35.973257785373299 ], [ 76.774646674262186, 35.985075547960108 ], [ 76.775, 35.9875 ], [ 76.781591118706629, 35.987853325737881 ], [ 76.789242214626768, 35.995480007595518 ], [ 76.798257785373295, 35.996186659071213 ], [ 76.803808593750034, 36.001709832085538 ], [ 76.804519992404536, 36.006591118706631 ], [ 76.808318752712708, 36.0104166666667 ], [ 76.804519992404536, 36.014242214626769 ], [ 76.804166666666688, 36.016666666666687 ] ] ] ] } },
{ "type": "Feature", "properties": { "HYBAS_ID": 4070549210, "NEXT_DOWN": 4070534460, "NEXT_SINK": 4070050220, "MAIN_BAS": 4070050220, "DIST_SINK": 2495.9, "DIST_MAIN": 2495.9, "SUB_AREA": 1747.0, "UP_AREA": 4836.6, "PFAF_ID": 4619670, "ENDO": 1, "COAST": 0, "ORDER": 2, "SORT": 6864, "areakm2": null }, "geometry": { "type": "MultiPolygon", "coordinates": [ [ [ [ 72.9166666666667, 37.029166666666697 ], [ 72.939924452039961, 37.029519992404538 ], [ 72.944120279947953, 37.033686659071208 ], [ 72.960757785373289, 37.032980007595512 ], [ 72.964242214626765, 37.029519992404538 ], [ 72.969091118706629, 37.028813340928849 ], [ 72.973286946614607, 37.024646674262179 ], [ 72.981591118706632, 37.025353325737875 ], [ 72.98578694661461, 37.029519992404538 ], [ 73.006591118706623, 37.028813340928849 ], [ 73.010075547960099, 37.025353325737875 ], [ 73.016666666666694, 37.025 ], [ 73.017233954535627, 37.027210489908882 ], [ 73.020266045464439, 37.031122843424505 ], [ 73.021541680230058, 37.040779283311657 ], [ 73.025, 37.041666666666693 ], [ 73.03333333333336, 37.041666666666693 ], [ 73.05741611056861, 37.041073947482666 ], [ 73.058333333333366, 37.0375 ], [ 73.073043823242216, 37.038067287868948 ], [ 73.083292982313395, 37.047363620334231 ], [ 73.079733954535627, 37.051956176757841 ], [ 73.078599378797776, 37.06128506130645 ], [ 73.085543823242219, 37.063067287868954 ], [ 73.089456176757849, 37.066099378797773 ], [ 73.098043823242222, 37.067233954535617 ], [ 73.101956176757838, 37.070266045464436 ], [ 73.106377156575547, 37.071400621202287 ], [ 73.111532253689262, 37.075396050347251 ], [ 73.1125, 37.079166666666694 ], [ 73.119091118706635, 37.078813340928846 ], [ 73.123286946614613, 37.074646674262183 ], [ 73.135757785373301, 37.075353325737872 ], [ 73.139953613281278, 37.079519992404542 ], [ 73.144091118706626, 37.078813340928846 ], [ 73.148286946614618, 37.074646674262183 ], [ 73.160757785373292, 37.075353325737872 ], [ 73.164242214626768, 37.078813340928846 ], [ 73.191666666666691, 37.079166666666694 ], [ 73.192233954535624, 37.093877156575552 ], [ 73.195266045464436, 37.097789510091175 ], [ 73.196400621202287, 37.107118394639784 ], [ 73.191666666666691, 37.108333333333363 ], [ 73.191099378797773, 37.110543823242217 ], [ 73.187968614366355, 37.114583333333364 ], [ 73.191099378797773, 37.118622843424504 ], [ 73.192233954535624, 37.123043823242213 ], [ 73.20481228298614, 37.136596340603326 ], [ 73.211838785807316, 37.138399590386314 ], [ 73.2125, 37.145833333333364 ], [ 73.239924452039958, 37.146186659071205 ], [ 73.243408881293433, 37.149646674262179 ], [ 73.252424452039961, 37.150353325737875 ], [ 73.255908881293436, 37.153813340928849 ], [ 73.258333333333368, 37.154166666666697 ], [ 73.258333333333368, 37.15 ], [ 73.258900621202287, 37.147789510091172 ], [ 73.262031385633719, 37.14375 ], [ 73.258793131510444, 37.139571804470513 ], [ 73.270266045464439, 37.127210489908883 ], [ 73.271746826171906, 37.121440972222253 ], [ 73.2875, 37.120833333333358 ], [ 73.306591118706635, 37.120480007595511 ], [ 73.310075547960096, 37.117019992404543 ], [ 73.323257785373301, 37.116313340928848 ], [ 73.326742214626762, 37.112853325737873 ], [ 73.333333333333371, 37.1125 ], [ 73.334232923719654, 37.108994547526066 ], [ 73.348043823242222, 37.107766045464437 ], [ 73.368622843424518, 37.088067287868952 ], [ 73.373043823242227, 37.086932712131102 ], [ 73.376956176757844, 37.083900621202282 ], [ 73.381377156575553, 37.082766045464439 ], [ 73.393622843424509, 37.071400621202287 ], [ 73.402210489908882, 37.070266045464436 ], [ 73.406122843424512, 37.067233954535617 ], [ 73.4125, 37.066666666666691 ], [ 73.427210489908887, 37.067233954535617 ], [ 73.431122843424518, 37.070266045464436 ], [ 73.435543823242227, 37.071400621202287 ], [ 73.439456176757844, 37.074432712131106 ], [ 73.453267076280412, 37.075661214192735 ], [ 73.455381605360273, 37.083900621202282 ], [ 73.474093627929719, 37.082698567708363 ], [ 73.475850762261317, 37.075850762261311 ], [ 73.481377156575562, 37.074432712131106 ], [ 73.485289510091178, 37.071400621202287 ], [ 73.489710489908887, 37.070266045464436 ], [ 73.493622843424518, 37.067233954535617 ], [ 73.498043823242227, 37.066099378797773 ], [ 73.506122843424507, 37.058900621202284 ], [ 73.5125, 37.058333333333358 ], [ 73.514924452039963, 37.058686659071206 ], [ 73.522575547960102, 37.066313340928843 ], [ 73.5375, 37.066666666666691 ], [ 73.539924452039969, 37.066313340928843 ], [ 73.547575547960108, 37.058686659071206 ], [ 73.554166666666703, 37.058333333333358 ], [ 73.554733954535621, 37.051956176757841 ], [ 73.557766045464447, 37.048043823242217 ], [ 73.559184095594659, 37.042517428927979 ], [ 73.565815904405412, 37.040815904405406 ], [ 73.567233954535624, 37.035289510091175 ], [ 73.578599378797776, 37.023043823242212 ], [ 73.579870944552979, 37.013419596354197 ], [ 73.585289510091187, 37.008900621202287 ], [ 73.589710489908896, 37.007766045464436 ], [ 73.593622843424512, 37.004733954535617 ], [ 73.595833333333374, 37.004166666666691 ], [ 73.595833333333374, 37.0 ], [ 73.596186659071222, 36.997575547960096 ], [ 73.600353325737885, 36.993379720052111 ], [ 73.599646674262189, 36.972575547960098 ], [ 73.596186659071222, 36.969091118706622 ], [ 73.595480007595526, 36.951742214626762 ], [ 73.592019992404545, 36.948257785373293 ], [ 73.591313340928849, 36.943408881293429 ], [ 73.587514580620692, 36.93958333333336 ], [ 73.591313340928849, 36.935757785373291 ], [ 73.592019992404545, 36.918408881293431 ], [ 73.599646674262189, 36.910757785373292 ], [ 73.6, 36.90833333333336 ], [ 73.599032253689273, 36.904562717013917 ], [ 73.593877156575559, 36.900567287868952 ], [ 73.589456176757849, 36.899432712131102 ], [ 73.585543823242219, 36.896400621202282 ], [ 73.580017428927988, 36.894982571072077 ], [ 73.578253173828159, 36.888107638888911 ], [ 73.546746826171912, 36.886892361111137 ], [ 73.545266045464444, 36.881122843424507 ], [ 73.542233954535618, 36.877210489908883 ], [ 73.5416666666667, 36.875 ], [ 73.539242214626768, 36.875353325737876 ], [ 73.535757785373292, 36.878813340928843 ], [ 73.526742214626765, 36.879519992404539 ], [ 73.512857733832504, 36.893379041883705 ], [ 73.5125, 36.895833333333357 ], [ 73.501956176757844, 36.895266045464439 ], [ 73.497916666666697, 36.892135281033013 ], [ 73.49387715657555, 36.895266045464439 ], [ 73.484220716688398, 36.896541680230058 ], [ 73.483333333333363, 36.9 ], [ 73.480908881293431, 36.899646674262179 ], [ 73.477424452039969, 36.896186659071205 ], [ 73.472575547960105, 36.895480007595509 ], [ 73.469091118706629, 36.892019992404542 ], [ 73.460786946614618, 36.891313340928846 ], [ 73.45625, 36.8958187527127 ], [ 73.452424452039963, 36.892019992404542 ], [ 73.445833333333368, 36.891666666666694 ], [ 73.443408881293436, 36.892019992404542 ], [ 73.439924452039961, 36.895480007595509 ], [ 73.43162027994795, 36.896186659071205 ], [ 73.427424452039958, 36.892019992404542 ], [ 73.414953613281284, 36.891313340928846 ], [ 73.410757785373292, 36.895480007595509 ], [ 73.398284233941013, 36.896186659071205 ], [ 73.389924452039963, 36.887853325737872 ], [ 73.380908881293436, 36.887146674262176 ], [ 73.377424452039961, 36.883686659071209 ], [ 73.364242214626771, 36.882980007595513 ], [ 73.360757785373295, 36.879519992404539 ], [ 73.339950900607676, 36.878813340928843 ], [ 73.331591118706626, 36.887146674262176 ], [ 73.327449883355072, 36.887853325737872 ], [ 73.310757785373298, 36.871186659071206 ], [ 73.3, 36.870833333333358 ], [ 73.299432712131107, 36.873043823242213 ], [ 73.296400621202295, 36.876956176757837 ], [ 73.294945949978327, 36.88262498643666 ], [ 73.285289510091175, 36.88390062120228 ], [ 73.281377156575559, 36.886932712131099 ], [ 73.276956176757849, 36.88806728786895 ], [ 73.273043823242219, 36.891099378797769 ], [ 73.261753336588569, 36.892233954535619 ], [ 73.255134412977469, 36.887103949652804 ], [ 73.254166666666706, 36.883333333333361 ], [ 73.243408881293433, 36.883686659071209 ], [ 73.239924452039958, 36.887146674262176 ], [ 73.233333333333363, 36.8875 ], [ 73.2125, 36.8875 ], [ 73.212141927083366, 36.885042995876759 ], [ 73.206591118706626, 36.879519992404539 ], [ 73.2, 36.879166666666691 ], [ 73.197575547960099, 36.878813340928843 ], [ 73.194091118706623, 36.875353325737876 ], [ 73.18162027994795, 36.874646674262181 ], [ 73.177424452039958, 36.878813340928843 ], [ 73.168408881293431, 36.879519992404539 ], [ 73.160757785373292, 36.887146674262176 ], [ 73.155908881293428, 36.887853325737872 ], [ 73.152424452039966, 36.891313340928846 ], [ 73.144120279947941, 36.892019992404542 ], [ 73.139924452039963, 36.887853325737872 ], [ 73.135075547960099, 36.887146674262176 ], [ 73.131591118706623, 36.883686659071209 ], [ 73.122575547960096, 36.882980007595513 ], [ 73.11875, 36.879181247287349 ], [ 73.114924452039958, 36.882980007595513 ], [ 73.101742214626768, 36.883686659071209 ], [ 73.098257785373292, 36.887146674262176 ], [ 73.081620279947941, 36.887853325737872 ], [ 73.077424452039963, 36.883686659071209 ], [ 73.0625, 36.883333333333361 ], [ 73.062853325737876, 36.880908881293429 ], [ 73.066313340928843, 36.877424452039953 ], [ 73.066666666666691, 36.870833333333358 ], [ 73.060289510091181, 36.870266045464433 ], [ 73.05637715657555, 36.867233954535614 ], [ 73.042566257052982, 36.866005452473985 ], [ 73.0416666666667, 36.8625 ], [ 73.040451727973121, 36.857766045464437 ], [ 73.026956176757849, 36.858900621202281 ], [ 73.021579996744819, 36.863067287868951 ], [ 73.001956176757844, 36.8619327121311 ], [ 72.997916666666697, 36.858801947699675 ], [ 72.99387715657555, 36.8619327121311 ], [ 72.985289510091178, 36.863067287868951 ], [ 72.981377156575547, 36.86609937879777 ], [ 72.976956176757838, 36.867233954535614 ], [ 72.968877156575545, 36.874432712131103 ], [ 72.964456176757835, 36.875567287868947 ], [ 72.959079996744819, 36.879733954535617 ], [ 72.954513210720521, 36.877981906467042 ], [ 72.946400621202287, 36.86887715657555 ], [ 72.945833333333368, 36.866666666666696 ], [ 72.9454752604167, 36.864209662543431 ], [ 72.939924452039961, 36.858686659071203 ], [ 72.9375, 36.858333333333363 ], [ 72.937144978841175, 36.851713053385446 ], [ 72.931591118706621, 36.846186659071208 ], [ 72.901742214626765, 36.845480007595512 ], [ 72.898257785373289, 36.842019992404538 ], [ 72.893408881293425, 36.841313340928842 ], [ 72.889924452039963, 36.837853325737875 ], [ 72.8875, 36.8375 ], [ 72.876956176757844, 36.838067287868952 ], [ 72.873043823242213, 36.841099378797772 ], [ 72.860289510091178, 36.842233954535615 ], [ 72.856377156575547, 36.845266045464435 ], [ 72.849253336588575, 36.846400621202285 ], [ 72.843877156575545, 36.842233954535615 ], [ 72.836753336588572, 36.841099378797772 ], [ 72.83125, 36.845364718967041 ], [ 72.827210489908879, 36.842233954535615 ], [ 72.815729437934053, 36.841099378797772 ], [ 72.80637715657555, 36.849432712131104 ], [ 72.799253336588563, 36.850567287868948 ], [ 72.793877156575547, 36.846400621202285 ], [ 72.772048272026936, 36.845266045464435 ], [ 72.769945949978322, 36.853458319769992 ], [ 72.76028951009117, 36.854733954535618 ], [ 72.756377156575553, 36.857766045464437 ], [ 72.75, 36.858333333333363 ], [ 72.746494547526069, 36.859232923719645 ], [ 72.745266045464433, 36.873043823242213 ], [ 72.742233954535621, 36.876956176757837 ], [ 72.741666666666688, 36.90416666666669 ], [ 72.73835093180341, 36.905017428927977 ], [ 72.736932712131107, 36.910543823242215 ], [ 72.729733954535618, 36.918622843424508 ], [ 72.728458150227894, 36.92827928331166 ], [ 72.722789510091175, 36.929733954535614 ], [ 72.718877156575545, 36.932766045464433 ], [ 72.710289510091172, 36.933900621202284 ], [ 72.704870944552979, 36.938419596354194 ], [ 72.703458150227888, 36.949112616644989 ], [ 72.69778951009117, 36.95056728786895 ], [ 72.680062188042569, 36.967343817816868 ], [ 72.67859937879777, 36.973043823242215 ], [ 72.675567287868944, 36.976956176757838 ], [ 72.674432712131107, 36.981377156575547 ], [ 72.667233954535618, 36.989456176757841 ], [ 72.666099378797767, 36.99387715657555 ], [ 72.663067287868955, 36.997789510091174 ], [ 72.6625, 37.0 ], [ 72.6625, 37.020833333333357 ], [ 72.6625, 37.025 ], [ 72.6666666666667, 37.025 ], [ 72.669091118706618, 37.025353325737875 ], [ 72.681616889105925, 37.037853325737871 ], [ 72.694091118706623, 37.037146674262182 ], [ 72.6979166666667, 37.033347913954017 ], [ 72.701742214626762, 37.037146674262182 ], [ 72.723257785373292, 37.037853325737871 ], [ 72.726742214626768, 37.041313340928845 ], [ 72.745833333333366, 37.041666666666693 ], [ 72.754166666666691, 37.041666666666693 ], [ 72.754733954535624, 37.043877156575547 ], [ 72.758729214138484, 37.049032253689262 ], [ 72.76581573486331, 37.050850762261312 ], [ 72.767566257052977, 37.057672119140655 ], [ 72.781377156575545, 37.058900621202284 ], [ 72.785289510091175, 37.061932712131103 ], [ 72.789710489908884, 37.063067287868954 ], [ 72.793622843424501, 37.066099378797773 ], [ 72.79804382324221, 37.067233954535617 ], [ 72.807413567437095, 37.075582885742215 ], [ 72.808333333333366, 37.079166666666694 ], [ 72.818877156575553, 37.079733954535619 ], [ 72.82278951009117, 37.082766045464439 ], [ 72.827210489908879, 37.083900621202282 ], [ 72.831122843424509, 37.086932712131102 ], [ 72.840779283311662, 37.088208346896728 ], [ 72.842233954535615, 37.093877156575552 ], [ 72.845266045464442, 37.097789510091175 ], [ 72.846801079644123, 37.103770616319473 ], [ 72.851956176757838, 37.107766045464437 ], [ 72.858333333333363, 37.108333333333363 ], [ 72.865864054362007, 37.10759819878475 ], [ 72.86728413899742, 37.097839694552981 ], [ 72.870215861002634, 37.093826972113746 ], [ 72.871450805664097, 37.089506361219648 ], [ 72.874382527669297, 37.085493638780406 ], [ 72.875617472330759, 37.077006361219645 ], [ 72.87854919433596, 37.07299363878041 ], [ 72.880093044704893, 37.067593044704886 ], [ 72.887087673611134, 37.065593126085098 ], [ 72.907715861002629, 37.043826972113742 ], [ 72.908950805664091, 37.039506361219644 ], [ 72.916049194335969, 37.031326972113746 ], [ 72.9166666666667, 37.029166666666697 ] ] ] ] } },
{ "type": "Feature", "properties": { "HYBAS_ID": 4070550020, "NEXT_DOWN": 4070549210, "NEXT_SINK": 4070050220, "MAIN_BAS": 4070050220, "DIST_SINK": 2595.4, "DIST_MAIN": 2595.4, "SUB_AREA": 2469.8, "UP_AREA": 2469.8, "PFAF_ID": 4619690, "ENDO": 1, "COAST": 0, "ORDER": 2, "SORT": 6870, "areakm2": null }, "geometry": { "type": "MultiPolygon", "coordinates": [ [ [ [ 74.145833333333357, 37.3375 ], [ 74.15, 37.3375 ], [ 74.153315734863298, 37.336649068196643 ], [ 74.154733954535615, 37.331122843424509 ], [ 74.157766045464427, 37.327210489908886 ], [ 74.15833333333336, 37.320833333333361 ], [ 74.156198289659315, 37.320190599229633 ], [ 74.150741068522166, 37.315916612413226 ], [ 74.149260796440998, 37.296607971191435 ], [ 74.135364956325972, 37.295190599229628 ], [ 74.131301710340736, 37.292309400770428 ], [ 74.122864956325984, 37.291023932562965 ], [ 74.116713121202281, 37.286206054687526 ], [ 74.120809766981353, 37.280428229437966 ], [ 74.125, 37.279166666666697 ], [ 74.125567287868947, 37.272789510091172 ], [ 74.12973395453561, 37.267413330078156 ], [ 74.128599378797759, 37.260289510091177 ], [ 74.125567287868947, 37.256377156575553 ], [ 74.124432712131096, 37.251956176757844 ], [ 74.117128499348979, 37.243758816189263 ], [ 74.120266045464433, 37.23971048990888 ], [ 74.121400621202284, 37.222789510091175 ], [ 74.124432712131096, 37.218877156575552 ], [ 74.125567287868947, 37.197789510091177 ], [ 74.12973395453561, 37.192413330078153 ], [ 74.128599378797759, 37.189456176757844 ], [ 74.125567287868947, 37.185543823242213 ], [ 74.124401516384566, 37.146748860677114 ], [ 74.117327880859392, 37.144933742947075 ], [ 74.116666666666688, 37.1375 ], [ 74.11887715657555, 37.136932712131106 ], [ 74.122789510091167, 37.133900621202287 ], [ 74.128315734863307, 37.132482571072075 ], [ 74.130086432562962, 37.125582885742219 ], [ 74.139456176757832, 37.117233954535621 ], [ 74.143877156575542, 37.11609937879777 ], [ 74.147789510091172, 37.113067287868951 ], [ 74.160543823242207, 37.111932712131107 ], [ 74.168622843424501, 37.104733954535618 ], [ 74.178279283311653, 37.103458319769992 ], [ 74.179733954535607, 37.097789510091175 ], [ 74.182766045464433, 37.093877156575552 ], [ 74.183333333333351, 37.0875 ], [ 74.202424452039949, 37.087146674262179 ], [ 74.205908881293425, 37.083686659071205 ], [ 74.22083333333336, 37.083333333333364 ], [ 74.233333333333363, 37.083333333333364 ], [ 74.23276604546443, 37.106377156575547 ], [ 74.224634128146732, 37.115503607855928 ], [ 74.232750447591172, 37.117586263020861 ], [ 74.24109937879777, 37.126956176757844 ], [ 74.242517598470073, 37.132482571072075 ], [ 74.248043823242213, 37.133900621202287 ], [ 74.25195617675783, 37.136932712131106 ], [ 74.254166666666691, 37.1375 ], [ 74.265676201714427, 37.136880832248295 ], [ 74.270266045464439, 37.131377156575546 ], [ 74.271720716688392, 37.125708346896729 ], [ 74.282445949978325, 37.124291653103327 ], [ 74.284184265136744, 37.117517428927982 ], [ 74.29127078586157, 37.115698920355932 ], [ 74.29526604546443, 37.110543823242217 ], [ 74.296720716688398, 37.104875013563394 ], [ 74.30637715657555, 37.103599378797767 ], [ 74.314456176757844, 37.096400621202285 ], [ 74.316666666666691, 37.09583333333336 ], [ 74.31723395453561, 37.098043823242215 ], [ 74.321229214138484, 37.103198920355929 ], [ 74.327210489908879, 37.104733954535618 ], [ 74.331122843424509, 37.107766045464437 ], [ 74.348043823242207, 37.108900621202281 ], [ 74.356122843424501, 37.11609937879777 ], [ 74.365779283311653, 37.117375013563397 ], [ 74.366666666666688, 37.120833333333358 ], [ 74.373257785373283, 37.120480007595511 ], [ 74.376742214626759, 37.117019992404543 ], [ 74.389924452039949, 37.116313340928848 ], [ 74.393751017252626, 37.112513563368083 ], [ 74.410075547960091, 37.128813340928851 ], [ 74.4125, 37.129166666666691 ], [ 74.414924452039955, 37.128813340928851 ], [ 74.418408881293431, 37.125353325737876 ], [ 74.423257785373295, 37.124646674262181 ], [ 74.426742214626756, 37.121186659071206 ], [ 74.431591118706621, 37.120480007595511 ], [ 74.435075547960096, 37.117019992404543 ], [ 74.4375, 37.116666666666696 ], [ 74.438714938693607, 37.111932712131107 ], [ 74.445006137424073, 37.113315497504367 ], [ 74.453599378797776, 37.122789510091174 ], [ 74.455066257052977, 37.128505452473988 ], [ 74.4625, 37.129166666666691 ], [ 74.464748297797328, 37.128637017144122 ], [ 74.468585035536051, 37.125529649522598 ], [ 74.477248297797331, 37.124470350477459 ], [ 74.481085035536054, 37.121362982855928 ], [ 74.490742323133702, 37.120182291666694 ], [ 74.492148674858967, 37.1156673855252 ], [ 74.488029479980497, 37.110581461588566 ], [ 74.4875, 37.1 ], [ 74.487854173448383, 37.089213392469645 ], [ 74.493408881293433, 37.083686659071205 ], [ 74.495833333333366, 37.083333333333364 ], [ 74.49668426513675, 37.080017428927981 ], [ 74.5, 37.079166666666694 ], [ 74.500354173448372, 37.06838005913631 ], [ 74.506250508626323, 37.062513224283883 ], [ 74.518408881293425, 37.074646674262183 ], [ 74.523257785373289, 37.075353325737872 ], [ 74.527453782823372, 37.079519992404542 ], [ 74.531624518500465, 37.078807576497425 ], [ 74.537146674262175, 37.073257785373293 ], [ 74.537853325737871, 37.060075547960096 ], [ 74.541313340928852, 37.056591118706628 ], [ 74.542022365993944, 37.047545369466171 ], [ 74.547575547960093, 37.042019992404541 ], [ 74.552456834581193, 37.041308593750024 ], [ 74.557980007595518, 37.035757785373292 ], [ 74.558333333333366, 37.03333333333336 ], [ 74.552006530761744, 37.032715861002629 ], [ 74.543826802571644, 37.025617472330758 ], [ 74.535339864095079, 37.024382527669296 ], [ 74.527160135904978, 37.017284138997425 ], [ 74.516251627604191, 37.01569654676652 ], [ 74.524382358127198, 37.00632697211374 ], [ 74.525617641872856, 37.002006361219642 ], [ 74.536882358127201, 36.989660305447075 ], [ 74.538117641872859, 36.977006361219644 ], [ 74.541049024793864, 36.972993638780409 ], [ 74.5416666666667, 36.9625 ], [ 74.53333333333336, 36.9625 ], [ 74.516666666666694, 36.9625 ], [ 74.514456176757832, 36.963067287868952 ], [ 74.510543823242216, 36.966099378797772 ], [ 74.505017598470076, 36.967517428927977 ], [ 74.503599378797773, 36.973043823242215 ], [ 74.500567287868947, 36.976956176757838 ], [ 74.499432712131096, 36.981377156575547 ], [ 74.495437452528236, 36.986532253689262 ], [ 74.489456176757841, 36.988067287868951 ], [ 74.48554382324221, 36.99109937879777 ], [ 74.472789510091175, 36.992233954535614 ], [ 74.460543823242219, 37.003599378797773 ], [ 74.44778951009117, 37.004733954535617 ], [ 74.443877156575553, 37.007766045464436 ], [ 74.430066257052971, 37.008994547526072 ], [ 74.429166666666688, 37.0125 ], [ 74.426956176757841, 37.011932712131106 ], [ 74.421801079644126, 37.007937282986141 ], [ 74.42026604546443, 37.001956176757837 ], [ 74.412961832682313, 36.993758816189263 ], [ 74.416099378797767, 36.98971048990888 ], [ 74.417233954535618, 36.980381605360272 ], [ 74.410289510091175, 36.978599378797767 ], [ 74.406377156575545, 36.975567287868948 ], [ 74.401956176757835, 36.974432712131104 ], [ 74.393877156575542, 36.967233954535615 ], [ 74.356122843424501, 36.966099378797772 ], [ 74.352210489908884, 36.963067287868952 ], [ 74.347789510091175, 36.961932712131102 ], [ 74.343877156575545, 36.958900621202282 ], [ 74.341666666666697, 36.958333333333357 ], [ 74.341099378797765, 36.956122843424502 ], [ 74.329733954535612, 36.943877156575546 ], [ 74.32831573486331, 36.938350762261308 ], [ 74.32154184977216, 36.936612616644993 ], [ 74.320124816894563, 36.925887383355061 ], [ 74.316666666666691, 36.925 ], [ 74.313350931803413, 36.924149237738739 ], [ 74.311932712131096, 36.918622843424508 ], [ 74.308900621202284, 36.914710489908877 ], [ 74.308333333333351, 36.9125 ], [ 74.272789510091172, 36.911932712131104 ], [ 74.260543823242216, 36.900567287868952 ], [ 74.25195617675783, 36.899432712131102 ], [ 74.248043823242213, 36.896400621202282 ], [ 74.234548272026927, 36.895266045464439 ], [ 74.233333333333363, 36.9 ], [ 74.221610005696633, 36.900719875759577 ], [ 74.22083333333336, 36.90833333333336 ], [ 74.205908881293425, 36.908686659071208 ], [ 74.202424452039949, 36.912146674262182 ], [ 74.189242214626759, 36.912853325737871 ], [ 74.185757785373283, 36.916313340928845 ], [ 74.170833333333363, 36.916666666666693 ], [ 74.170215013292122, 36.905172729492215 ], [ 74.160543823242207, 36.896400621202282 ], [ 74.154827880859401, 36.894933742947075 ], [ 74.154166666666697, 36.8875 ], [ 74.151956176757835, 36.886932712131099 ], [ 74.148043823242205, 36.88390062120228 ], [ 74.142517598470079, 36.882482571072075 ], [ 74.14081573486331, 36.875850762261308 ], [ 74.13528951009117, 36.874432712131103 ], [ 74.129785834418428, 36.869842868381099 ], [ 74.128599378797759, 36.847789510091175 ], [ 74.12400224473744, 36.84227701822919 ], [ 74.097789510091175, 36.841099378797772 ], [ 74.093877156575545, 36.838067287868952 ], [ 74.074253336588569, 36.836932712131102 ], [ 74.06875, 36.841198052300371 ], [ 74.064710489908876, 36.838067287868952 ], [ 74.055054050021724, 36.836791653103326 ], [ 74.053315734863304, 36.830017428927974 ], [ 74.05, 36.829166666666694 ], [ 74.022789510091172, 36.829733954535612 ], [ 74.018877156575542, 36.832766045464439 ], [ 74.014456176757832, 36.833900621202282 ], [ 74.010543823242216, 36.836932712131102 ], [ 74.007586669921892, 36.838067287868952 ], [ 74.002210489908876, 36.833900621202282 ], [ 73.999253336588566, 36.832766045464439 ], [ 73.993877156575536, 36.836932712131102 ], [ 73.972789510091161, 36.838067287868952 ], [ 73.95923682318795, 36.850645616319468 ], [ 73.957482401529973, 36.857482571072076 ], [ 73.954166666666694, 36.858333333333363 ], [ 73.953813340928846, 36.864924452039958 ], [ 73.946186659071202, 36.872575547960096 ], [ 73.945833333333368, 36.875 ], [ 73.930908881293433, 36.875353325737876 ], [ 73.927424452039972, 36.878813340928843 ], [ 73.918408881293445, 36.879519992404539 ], [ 73.910757785373306, 36.887146674262176 ], [ 73.905908881293442, 36.887853325737872 ], [ 73.902424452039966, 36.891313340928846 ], [ 73.9, 36.891666666666694 ], [ 73.900353325737882, 36.894091118706626 ], [ 73.904153103298654, 36.897917344835093 ], [ 73.892019992404556, 36.910075547960098 ], [ 73.891666666666708, 36.9125 ], [ 73.876742214626773, 36.912853325737871 ], [ 73.873257785373298, 36.916313340928845 ], [ 73.855908881293445, 36.917019992404541 ], [ 73.852424452039969, 36.920480007595515 ], [ 73.833333333333371, 36.920833333333363 ], [ 73.829875013563409, 36.919945949978327 ], [ 73.828599378797776, 36.910289510091175 ], [ 73.825567287868964, 36.906377156575545 ], [ 73.824432712131113, 36.901956176757835 ], [ 73.821400621202287, 36.898043823242212 ], [ 73.819924926757849, 36.892293972439262 ], [ 73.799062771267401, 36.891099378797769 ], [ 73.789592149522605, 36.899538167317736 ], [ 73.785543823242222, 36.896400621202282 ], [ 73.778420003255249, 36.895266045464439 ], [ 73.773043823242219, 36.899432712131102 ], [ 73.768622843424509, 36.900567287868952 ], [ 73.764710489908893, 36.903599378797772 ], [ 73.756122843424521, 36.904733954535615 ], [ 73.752083333333374, 36.907864718967041 ], [ 73.748043823242227, 36.904733954535615 ], [ 73.732586669921915, 36.903599378797772 ], [ 73.727210489908884, 36.907766045464435 ], [ 73.706122843424509, 36.908900621202285 ], [ 73.702210489908893, 36.911932712131104 ], [ 73.670833333333363, 36.9125 ], [ 73.664242214626768, 36.912146674262182 ], [ 73.660757785373306, 36.908686659071208 ], [ 73.655908881293442, 36.907980007595512 ], [ 73.652424452039966, 36.904519992404538 ], [ 73.643408881293439, 36.903813340928849 ], [ 73.639924452039963, 36.900353325737875 ], [ 73.61912027994795, 36.899646674262179 ], [ 73.614924452039972, 36.903813340928849 ], [ 73.610075547960108, 36.904519992404538 ], [ 73.606591118706632, 36.907980007595512 ], [ 73.6, 36.90833333333336 ], [ 73.599646674262189, 36.910757785373292 ], [ 73.592019992404545, 36.918408881293431 ], [ 73.591313340928849, 36.935757785373291 ], [ 73.587514580620692, 36.93958333333336 ], [ 73.591313340928849, 36.943408881293429 ], [ 73.592019992404545, 36.948257785373293 ], [ 73.595480007595526, 36.951742214626762 ], [ 73.596186659071222, 36.969091118706622 ], [ 73.599646674262189, 36.972575547960098 ], [ 73.600353325737885, 36.993379720052111 ], [ 73.596186659071222, 36.997575547960096 ], [ 73.595833333333374, 37.0 ], [ 73.595833333333374, 37.004166666666691 ], [ 73.595833333333374, 37.008333333333361 ], [ 73.596684095594654, 37.011649237738744 ], [ 73.602210489908884, 37.01306728786895 ], [ 73.606122843424515, 37.016099378797769 ], [ 73.610543823242224, 37.017233954535619 ], [ 73.614456176757841, 37.020266045464439 ], [ 73.628267076280423, 37.021494547526068 ], [ 73.629733954535624, 37.027210489908882 ], [ 73.638082885742222, 37.036580403645857 ], [ 73.644982571072077, 37.03835076226131 ], [ 73.645833333333371, 37.041666666666693 ], [ 73.646400621202289, 37.043877156575547 ], [ 73.654749552408887, 37.05324707031253 ], [ 73.660543823242222, 37.054733954535621 ], [ 73.664456176757852, 37.05776604546444 ], [ 73.668877156575562, 37.058900621202284 ], [ 73.672789510091178, 37.061932712131103 ], [ 73.678315904405423, 37.063350762261315 ], [ 73.679166666666703, 37.066666666666691 ], [ 73.679771592881977, 37.068839518229197 ], [ 73.686895073784754, 37.076993815104196 ], [ 73.688104926215317, 37.089672851562526 ], [ 73.699395073784757, 37.101993815104194 ], [ 73.70060492621532, 37.114672851562531 ], [ 73.704771592881983, 37.120292833116345 ], [ 73.702604505750898, 37.125152248806451 ], [ 73.698006184895874, 37.128561740451417 ], [ 73.691850111219651, 37.13027581108944 ], [ 73.686895073784754, 37.136959499783018 ], [ 73.688319905598988, 37.145061577691003 ], [ 73.698006184895874, 37.146438259548638 ], [ 73.701993815104203, 37.149395073784753 ], [ 73.7063395182292, 37.150604926215308 ], [ 73.710327148437528, 37.153561740451416 ], [ 73.716483222113752, 37.155275811089439 ], [ 73.720228407118086, 37.160327317979629 ], [ 73.721740722656293, 37.165759107801676 ], [ 73.727172851562543, 37.167271762424072 ], [ 73.731160481770871, 37.170228237575984 ], [ 73.733333333333363, 37.170833333333363 ], [ 73.733956909179724, 37.182424079047337 ], [ 73.739710489908887, 37.183900621202284 ], [ 73.74464077419708, 37.187721761067735 ], [ 73.746400621202298, 37.192603895399337 ], [ 73.738067287868958, 37.20195617675784 ], [ 73.736932712131107, 37.217413330078152 ], [ 73.741099378797784, 37.222789510091175 ], [ 73.741666666666703, 37.229166666666693 ], [ 73.75221048990889, 37.228599378797774 ], [ 73.757586669921906, 37.224432712131104 ], [ 73.761688910590308, 37.226006740993952 ], [ 73.763387383355067, 37.232624816894557 ], [ 73.773043823242219, 37.233900621202288 ], [ 73.778420003255249, 37.238067287868951 ], [ 73.789710489908884, 37.236932712131107 ], [ 73.802071804470529, 37.225459798177113 ], [ 73.806122843424518, 37.228599378797774 ], [ 73.810543823242227, 37.229733954535618 ], [ 73.814583333333374, 37.232864549424939 ], [ 73.820086669921906, 37.228599378797774 ], [ 73.839710489908896, 37.229733954535618 ], [ 73.843622843424512, 37.232766045464437 ], [ 73.845833333333374, 37.233333333333363 ], [ 73.846400621202278, 37.248043823242213 ], [ 73.84943271213109, 37.251956176757844 ], [ 73.850850931803407, 37.257482401529977 ], [ 73.854166666666686, 37.258333333333361 ], [ 73.86054382324221, 37.258900621202287 ], [ 73.864456176757827, 37.261932712131106 ], [ 73.873043823242213, 37.26306728786895 ], [ 73.87695617675783, 37.266099378797769 ], [ 73.886612616644982, 37.2673751831055 ], [ 73.88806728786895, 37.273043823242219 ], [ 73.891099378797762, 37.276956176757842 ], [ 73.891666666666694, 37.279166666666697 ], [ 73.902424452039952, 37.279519992404545 ], [ 73.906620449490035, 37.283686659071208 ], [ 73.931591118706621, 37.282980007595512 ], [ 73.935075547960096, 37.279519992404545 ], [ 73.944091118706623, 37.278813340928849 ], [ 73.947575547960085, 37.275353325737875 ], [ 73.958333333333357, 37.275 ], [ 73.958900621202275, 37.289710489908884 ], [ 73.961932712131102, 37.293622843424508 ], [ 73.963714938693599, 37.300567287868951 ], [ 73.97721048990887, 37.299432712131107 ], [ 73.981122843424501, 37.296400621202288 ], [ 73.989710489908873, 37.295266045464437 ], [ 73.993622843424504, 37.292233954535618 ], [ 74.008333333333354, 37.291666666666693 ], [ 74.019924079047328, 37.292290242513047 ], [ 74.021400621202275, 37.298043823242217 ], [ 74.024432712131102, 37.301956176757841 ], [ 74.025, 37.308333333333366 ], [ 74.035506015353761, 37.307728237575986 ], [ 74.04375, 37.300526936848989 ], [ 74.051993984646288, 37.307728237575986 ], [ 74.058149888780406, 37.309442477756107 ], [ 74.061894904242649, 37.314493984646298 ], [ 74.063276841905406, 37.324215189615913 ], [ 74.071591356065568, 37.325443861219647 ], [ 74.078625996907576, 37.320228237575982 ], [ 74.110506015353749, 37.32143842909074 ], [ 74.114493984646288, 37.324394904242652 ], [ 74.127172682020415, 37.32560509575741 ], [ 74.131160651312953, 37.328561570909315 ], [ 74.140716213650194, 37.329920111762185 ], [ 74.142574225531703, 37.336592441135011 ], [ 74.145833333333357, 37.3375 ] ] ] ] } },
{ "type": "Feature", "properties": { "HYBAS_ID": 4070549810, "NEXT_DOWN": 4070549210, "NEXT_SINK": 4070050220, "MAIN_BAS": 4070050220, "DIST_SINK": 2595.4, "DIST_MAIN": 2595.4, "SUB_AREA": 619.6, "UP_AREA": 619.7, "PFAF_ID": 4619680, "ENDO": 1, "COAST": 0, "ORDER": 3, "SORT": 6871, "areakm2": null }, "geometry": { "type": "MultiPolygon", "coordinates": [ [ [ [ 73.554166666666703, 37.058333333333358 ], [ 73.547575547960108, 37.058686659071206 ], [ 73.539924452039969, 37.066313340928843 ], [ 73.5375, 37.066666666666691 ], [ 73.522575547960102, 37.066313340928843 ], [ 73.514924452039963, 37.058686659071206 ], [ 73.5125, 37.058333333333358 ], [ 73.506122843424507, 37.058900621202284 ], [ 73.498043823242227, 37.066099378797773 ], [ 73.493622843424518, 37.067233954535617 ], [ 73.489710489908887, 37.070266045464436 ], [ 73.485289510091178, 37.071400621202287 ], [ 73.481377156575562, 37.074432712131106 ], [ 73.475850762261317, 37.075850762261311 ], [ 73.474093627929719, 37.082698567708363 ], [ 73.455381605360273, 37.083900621202282 ], [ 73.453267076280412, 37.075661214192735 ], [ 73.439456176757844, 37.074432712131106 ], [ 73.435543823242227, 37.071400621202287 ], [ 73.431122843424518, 37.070266045464436 ], [ 73.427210489908887, 37.067233954535617 ], [ 73.4125, 37.066666666666691 ], [ 73.406122843424512, 37.067233954535617 ], [ 73.402210489908882, 37.070266045464436 ], [ 73.393622843424509, 37.071400621202287 ], [ 73.381377156575553, 37.082766045464439 ], [ 73.376956176757844, 37.083900621202282 ], [ 73.373043823242227, 37.086932712131102 ], [ 73.368622843424518, 37.088067287868952 ], [ 73.348043823242222, 37.107766045464437 ], [ 73.334232923719654, 37.108994547526066 ], [ 73.333333333333371, 37.1125 ], [ 73.335757785373303, 37.112853325737873 ], [ 73.343408881293442, 37.120480007595511 ], [ 73.34583333333336, 37.120833333333358 ], [ 73.346400621202292, 37.123043823242213 ], [ 73.350396050347257, 37.128198920355928 ], [ 73.356377156575547, 37.129733954535617 ], [ 73.360289510091178, 37.132766045464436 ], [ 73.364710489908887, 37.133900621202287 ], [ 73.372789510091181, 37.141099378797769 ], [ 73.385543823242216, 37.142233954535619 ], [ 73.389456176757847, 37.145266045464439 ], [ 73.395172119140653, 37.146732923719647 ], [ 73.395833333333371, 37.154166666666697 ], [ 73.39240553114152, 37.155046251085096 ], [ 73.391099378797776, 37.163246663411485 ], [ 73.395266045464439, 37.168622843424508 ], [ 73.396400621202289, 37.179913330078151 ], [ 73.392233954535627, 37.185289510091174 ], [ 73.390815904405414, 37.190815734863307 ], [ 73.384184095594648, 37.192517598470083 ], [ 73.383333333333368, 37.195833333333361 ], [ 73.395833333333371, 37.195833333333361 ], [ 73.398257785373303, 37.196186659071209 ], [ 73.401742214626765, 37.199646674262183 ], [ 73.414924452039969, 37.200353325737879 ], [ 73.41875, 37.204152086046037 ], [ 73.422575547960108, 37.200353325737879 ], [ 73.426713053385456, 37.199646674262183 ], [ 73.430908881293433, 37.203813340928846 ], [ 73.439213053385444, 37.204519992404542 ], [ 73.443408881293436, 37.200353325737879 ], [ 73.448257785373301, 37.199646674262183 ], [ 73.451742214626776, 37.196186659071209 ], [ 73.45588107638892, 37.195480007595513 ], [ 73.462141927083366, 37.201709832085534 ], [ 73.4625, 37.204166666666694 ], [ 73.466270616319477, 37.205134412977458 ], [ 73.470266045464442, 37.210289510091172 ], [ 73.471970621744831, 37.21693132188588 ], [ 73.476956176757852, 37.213067287868952 ], [ 73.4791666666667, 37.2125 ], [ 73.478813340928852, 37.227424452039962 ], [ 73.474646674262189, 37.231620449490045 ], [ 73.475353325737885, 37.235757785373295 ], [ 73.482980007595515, 37.243408881293433 ], [ 73.483691406250031, 37.248290167914526 ], [ 73.489242214626771, 37.253813340928851 ], [ 73.491666666666703, 37.254166666666698 ], [ 73.498043823242227, 37.254733954535617 ], [ 73.506122843424507, 37.261932712131106 ], [ 73.518877156575556, 37.26306728786895 ], [ 73.522789510091187, 37.266099378797769 ], [ 73.539710489908884, 37.267233954535619 ], [ 73.543761528862888, 37.270373535156281 ], [ 73.556238471137192, 37.258793131510444 ], [ 73.560289510091181, 37.261932712131106 ], [ 73.56471048990889, 37.26306728786895 ], [ 73.568622843424521, 37.266099378797769 ], [ 73.577210489908893, 37.267233954535619 ], [ 73.581122843424509, 37.270266045464439 ], [ 73.586838785807331, 37.271732923719647 ], [ 73.5875, 37.279166666666697 ], [ 73.594091118706629, 37.278813340928849 ], [ 73.597575547960105, 37.275353325737875 ], [ 73.606591118706632, 37.274646674262179 ], [ 73.610075547960108, 37.271186659071212 ], [ 73.614924452039972, 37.270480007595516 ], [ 73.618408881293433, 37.267019992404542 ], [ 73.620833333333366, 37.266666666666694 ], [ 73.621186659071213, 37.264242214626762 ], [ 73.624646674262181, 37.260757785373293 ], [ 73.625, 37.25 ], [ 73.625887383355064, 37.246541849772164 ], [ 73.635543823242216, 37.24526604546444 ], [ 73.639456176757847, 37.242233954535621 ], [ 73.649112616644999, 37.240958150227897 ], [ 73.65, 37.2375 ], [ 73.656591118706629, 37.237853325737873 ], [ 73.660075547960105, 37.241313340928848 ], [ 73.6625, 37.241666666666696 ], [ 73.662858072916706, 37.244123501247856 ], [ 73.668408881293445, 37.249646674262181 ], [ 73.681591118706635, 37.250353325737876 ], [ 73.685786946614613, 37.254519992404539 ], [ 73.689924452039961, 37.253813340928851 ], [ 73.693408881293436, 37.250353325737876 ], [ 73.706591118706626, 37.249646674262181 ], [ 73.710075547960102, 37.246186659071206 ], [ 73.714924452039966, 37.245480007595518 ], [ 73.71875, 37.241681247287353 ], [ 73.723286946614621, 37.246186659071206 ], [ 73.727458021375909, 37.245474412706194 ], [ 73.732980007595529, 37.239924452039958 ], [ 73.733691406250031, 37.235043165418865 ], [ 73.739242214626771, 37.229519992404541 ], [ 73.741666666666703, 37.229166666666693 ], [ 73.741099378797784, 37.222789510091175 ], [ 73.736932712131107, 37.217413330078152 ], [ 73.738067287868958, 37.20195617675784 ], [ 73.746400621202298, 37.192603895399337 ], [ 73.74464077419708, 37.187721761067735 ], [ 73.739710489908887, 37.183900621202284 ], [ 73.733956909179724, 37.182424079047337 ], [ 73.733333333333363, 37.170833333333363 ], [ 73.731160481770871, 37.170228237575984 ], [ 73.727172851562543, 37.167271762424072 ], [ 73.721740722656293, 37.165759107801676 ], [ 73.720228407118086, 37.160327317979629 ], [ 73.716483222113752, 37.155275811089439 ], [ 73.710327148437528, 37.153561740451416 ], [ 73.7063395182292, 37.150604926215308 ], [ 73.701993815104203, 37.149395073784753 ], [ 73.698006184895874, 37.146438259548638 ], [ 73.688319905598988, 37.145061577691003 ], [ 73.686895073784754, 37.136959499783018 ], [ 73.691850111219651, 37.13027581108944 ], [ 73.698006184895874, 37.128561740451417 ], [ 73.702604505750898, 37.125152248806451 ], [ 73.704771592881983, 37.120292833116345 ], [ 73.70060492621532, 37.114672851562531 ], [ 73.699395073784757, 37.101993815104194 ], [ 73.688104926215317, 37.089672851562526 ], [ 73.686895073784754, 37.076993815104196 ], [ 73.679771592881977, 37.068839518229197 ], [ 73.679166666666703, 37.066666666666691 ], [ 73.678315904405423, 37.063350762261315 ], [ 73.672789510091178, 37.061932712131103 ], [ 73.668877156575562, 37.058900621202284 ], [ 73.664456176757852, 37.05776604546444 ], [ 73.660543823242222, 37.054733954535621 ], [ 73.654749552408887, 37.05324707031253 ], [ 73.646400621202289, 37.043877156575547 ], [ 73.645833333333371, 37.041666666666693 ], [ 73.644982571072077, 37.03835076226131 ], [ 73.638082885742222, 37.036580403645857 ], [ 73.629733954535624, 37.027210489908882 ], [ 73.628267076280423, 37.021494547526068 ], [ 73.614456176757841, 37.020266045464439 ], [ 73.610543823242224, 37.017233954535619 ], [ 73.606122843424515, 37.016099378797769 ], [ 73.602210489908884, 37.01306728786895 ], [ 73.596684095594654, 37.011649237738744 ], [ 73.595833333333374, 37.008333333333361 ], [ 73.595833333333374, 37.004166666666691 ], [ 73.593622843424512, 37.004733954535617 ], [ 73.589710489908896, 37.007766045464436 ], [ 73.585289510091187, 37.008900621202287 ], [ 73.579870944552979, 37.013419596354197 ], [ 73.578599378797776, 37.023043823242212 ], [ 73.567233954535624, 37.035289510091175 ], [ 73.565815904405412, 37.040815904405406 ], [ 73.559184095594659, 37.042517428927979 ], [ 73.557766045464447, 37.048043823242217 ], [ 73.554733954535621, 37.051956176757841 ], [ 73.554166666666703, 37.058333333333358 ] ] ] ] } },
{ "type": "Feature", "properties": { "HYBAS_ID": 4070056520, "NEXT_DOWN": 4070607420, "NEXT_SINK": 4070056520, "MAIN_BAS": 4070033640, "DIST_SINK": 0.0, "DIST_MAIN": 2401.6, "SUB_AREA": 993.2, "UP_AREA": 993.2, "PFAF_ID": 4569000, "ENDO": 2, "COAST": 0, "ORDER": 2, "SORT": 8551, "areakm2": 992.72 }, "geometry": { "type": "MultiPolygon", "coordinates": [ [ [ [ 78.0125, 33.4875 ], [ 78.016666666666694, 33.4875 ], [ 78.017517598470079, 33.484184265136747 ], [ 78.024149068196635, 33.482482401529978 ], [ 78.025567287868952, 33.476956176757845 ], [ 78.028599378797765, 33.473043823242222 ], [ 78.029868740505663, 33.463436381022163 ], [ 78.051956176757841, 33.442233954535624 ], [ 78.060543823242213, 33.441099378797773 ], [ 78.06445617675783, 33.438067287868954 ], [ 78.068877156575539, 33.43693271213111 ], [ 78.072916666666686, 33.433802117241783 ], [ 78.078420003255232, 33.438067287868954 ], [ 78.085543823242205, 33.43693271213111 ], [ 78.089456176757835, 33.433900621202284 ], [ 78.09543745252823, 33.432365587022602 ], [ 78.099432712131104, 33.427210489908887 ], [ 78.100567287868941, 33.422789510091178 ], [ 78.103599378797767, 33.418877156575547 ], [ 78.104166666666686, 33.4166666666667 ], [ 78.103267076280403, 33.413161214192741 ], [ 78.089456176757835, 33.411932712131104 ], [ 78.085543823242205, 33.408900621202285 ], [ 78.079827880859398, 33.407433742947077 ], [ 78.078599378797762, 33.393622843424509 ], [ 78.07556728786895, 33.389710489908886 ], [ 78.074432712131099, 33.376956176757844 ], [ 78.071302117241771, 33.372916666666697 ], [ 78.074432712131099, 33.36887715657555 ], [ 78.075919765896288, 33.363082885742216 ], [ 78.085289510091172, 33.354733954535618 ], [ 78.089710489908882, 33.353599378797774 ], [ 78.093622843424498, 33.350567287868955 ], [ 78.099149068196638, 33.349149068196645 ], [ 78.100567287868941, 33.343622843424512 ], [ 78.103599378797767, 33.339710489908882 ], [ 78.104733954535618, 33.335289510091172 ], [ 78.10776604546443, 33.331377156575549 ], [ 78.108333333333363, 33.329166666666694 ], [ 78.115767076280406, 33.329827880859405 ], [ 78.116666666666688, 33.333333333333364 ], [ 78.144091118706626, 33.332980007595516 ], [ 78.147575547960088, 33.329519992404542 ], [ 78.152424452039952, 33.328813340928846 ], [ 78.164950222439259, 33.316313340928851 ], [ 78.169091118706618, 33.317019992404546 ], [ 78.172575547960093, 33.320480007595513 ], [ 78.175, 33.320833333333361 ], [ 78.177424452039958, 33.320480007595513 ], [ 78.185075547960096, 33.312853325737876 ], [ 78.194121127658448, 33.31214430067277 ], [ 78.199646674262169, 33.306591118706628 ], [ 78.2, 33.304166666666696 ], [ 78.199432712131099, 33.297789510091178 ], [ 78.196400621202287, 33.293877156575547 ], [ 78.195266045464436, 33.276956176757842 ], [ 78.179733954535607, 33.260543823242216 ], [ 78.178263176812095, 33.254812452528242 ], [ 78.164710489908884, 33.242233954535621 ], [ 78.151956176757835, 33.24109937879777 ], [ 78.143877156575542, 33.233900621202288 ], [ 78.13422071668839, 33.232624816894557 ], [ 78.132766045464436, 33.226956176757838 ], [ 78.125567287868947, 33.218877156575552 ], [ 78.124432712131096, 33.206122843424509 ], [ 78.121400621202284, 33.202210489908886 ], [ 78.120833333333351, 33.1875 ], [ 78.120833333333351, 33.183333333333358 ], [ 78.140750969780839, 33.183931816948814 ], [ 78.142837863498286, 33.192063903808624 ], [ 78.156122843424498, 33.179733954535621 ], [ 78.161649068196638, 33.178315734863311 ], [ 78.163067287868941, 33.172789510091171 ], [ 78.166099378797767, 33.168877156575547 ], [ 78.166666666666686, 33.15 ], [ 78.166666666666686, 33.145833333333364 ], [ 78.160289510091175, 33.145266045464439 ], [ 78.156377156575545, 33.142233954535619 ], [ 78.145086669921895, 33.141099378797769 ], [ 78.139710489908879, 33.145266045464439 ], [ 78.132586669921892, 33.146400621202282 ], [ 78.127210489908876, 33.142233954535619 ], [ 78.114456176757841, 33.141099378797769 ], [ 78.106377156575547, 33.133900621202287 ], [ 78.095086669921898, 33.132766045464436 ], [ 78.089710489908882, 33.136932712131106 ], [ 78.076956176757832, 33.13806728786895 ], [ 78.072907850477449, 33.141204833984403 ], [ 78.064710489908876, 33.133900621202287 ], [ 78.047789510091164, 33.132766045464436 ], [ 78.043877156575547, 33.129733954535617 ], [ 78.026956176757835, 33.128599378797773 ], [ 78.021537611219642, 33.124080403645863 ], [ 78.020124816894551, 33.113387383355061 ], [ 78.014456176757832, 33.111932712131107 ], [ 78.010543823242216, 33.108900621202281 ], [ 78.005017598470076, 33.107482571072076 ], [ 78.004166666666691, 33.104166666666693 ], [ 78.001742214626759, 33.104519992404541 ], [ 77.99618903266061, 33.110045369466171 ], [ 77.995480007595503, 33.119091118706628 ], [ 77.992019992404536, 33.122575547960096 ], [ 77.991666666666703, 33.125 ], [ 77.991024610731358, 33.144990370008706 ], [ 77.982792663574244, 33.146438259548638 ], [ 77.977172682020424, 33.142271592881976 ], [ 77.96998121473527, 33.14106174045142 ], [ 77.956339348687081, 33.153561740451416 ], [ 77.954166666666708, 33.154166666666697 ], [ 77.947575547960113, 33.153813340928849 ], [ 77.944091118706638, 33.150353325737875 ], [ 77.927453613281287, 33.149646674262179 ], [ 77.923257785373295, 33.153813340928849 ], [ 77.918408881293445, 33.154519992404545 ], [ 77.910757785373306, 33.162146674262182 ], [ 77.905908881293442, 33.162853325737878 ], [ 77.885757785373301, 33.182980007595518 ], [ 77.880908881293436, 33.183686659071206 ], [ 77.877424452039975, 33.187146674262181 ], [ 77.875, 33.1875 ], [ 77.874641927083374, 33.185043165418868 ], [ 77.869091118706635, 33.179519992404543 ], [ 77.864242214626771, 33.178813340928848 ], [ 77.856591118706632, 33.171186659071211 ], [ 77.851742214626768, 33.170480007595515 ], [ 77.839924452039966, 33.158686659071208 ], [ 77.835075547960102, 33.157980007595512 ], [ 77.822549777560795, 33.145480007595516 ], [ 77.805908881293433, 33.146186659071205 ], [ 77.802083333333371, 33.149985419379369 ], [ 77.798257785373295, 33.146186659071205 ], [ 77.7875, 33.145833333333364 ], [ 77.787146674262189, 33.152424452039959 ], [ 77.783686659071222, 33.155908881293428 ], [ 77.782980007595526, 33.164924452039962 ], [ 77.779519992404545, 33.168408881293431 ], [ 77.778813340928849, 33.181591118706628 ], [ 77.775353325737882, 33.185075547960096 ], [ 77.774646674262186, 33.189924452039961 ], [ 77.767019992404556, 33.197575547960099 ], [ 77.76631334092886, 33.202424452039956 ], [ 77.762853325737879, 33.205908881293432 ], [ 77.762146674262183, 33.210757785373289 ], [ 77.754519992404553, 33.218408881293428 ], [ 77.754166666666706, 33.22083333333336 ], [ 77.753813340928858, 33.244091118706628 ], [ 77.7500145806207, 33.247916666666697 ], [ 77.753813340928858, 33.251742214626766 ], [ 77.754166666666706, 33.254166666666698 ], [ 77.755017428927985, 33.257482401529977 ], [ 77.76054382324223, 33.258900621202287 ], [ 77.764456176757847, 33.261932712131106 ], [ 77.777210489908896, 33.26306728786895 ], [ 77.781122843424512, 33.266099378797769 ], [ 77.798043823242224, 33.267233954535619 ], [ 77.804153442382855, 33.272329033745692 ], [ 77.800567287868958, 33.276956176757842 ], [ 77.799432712131107, 33.285543823242215 ], [ 77.796400621202295, 33.289456176757838 ], [ 77.795266045464444, 33.298043823242217 ], [ 77.792233954535632, 33.301956176757841 ], [ 77.7916666666667, 33.308333333333366 ], [ 77.823257785373301, 33.308686659071213 ], [ 77.826742214626776, 33.312146674262181 ], [ 77.833333333333371, 33.3125 ], [ 77.834232923719654, 33.316005452473988 ], [ 77.848043823242222, 33.317233954535617 ], [ 77.851956176757852, 33.320266045464436 ], [ 77.857482571072083, 33.321684265136746 ], [ 77.858333333333377, 33.325 ], [ 77.857980007595501, 33.331591118706626 ], [ 77.854519992404533, 33.335075547960102 ], [ 77.853813340928838, 33.352424452039962 ], [ 77.850353325737871, 33.355908881293431 ], [ 77.85, 33.366666666666696 ], [ 77.85245513916017, 33.367024400499162 ], [ 77.862146674262178, 33.376742214626766 ], [ 77.862858072916694, 33.381623501247859 ], [ 77.868408881293419, 33.387146674262183 ], [ 77.881620449490043, 33.38785485161678 ], [ 77.887146674262169, 33.393408881293432 ], [ 77.88785773383249, 33.398287794325114 ], [ 77.901742214626751, 33.412146674262182 ], [ 77.910757785373292, 33.412853325737878 ], [ 77.914242214626753, 33.416313340928852 ], [ 77.919091118706618, 33.417019992404548 ], [ 77.922575547960093, 33.420480007595515 ], [ 77.933333333333351, 33.420833333333363 ], [ 77.933686659071199, 33.427424452039958 ], [ 77.937485419379357, 33.43125 ], [ 77.933686659071199, 33.435075547960096 ], [ 77.932980007595503, 33.439215596516959 ], [ 77.941313340928843, 33.447575547960099 ], [ 77.942019992404539, 33.455882263183625 ], [ 77.933686659071199, 33.464242214626765 ], [ 77.933333333333351, 33.466666666666697 ], [ 77.935543823242213, 33.467233954535622 ], [ 77.93945617675783, 33.470266045464442 ], [ 77.948043823242216, 33.471400621202285 ], [ 77.952092149522585, 33.474538167317739 ], [ 77.960407850477452, 33.467128499348988 ], [ 77.964456176757835, 33.470266045464442 ], [ 77.982354227701848, 33.471466064453153 ], [ 77.986932712131093, 33.476956176757845 ], [ 77.98835093180341, 33.482482401529978 ], [ 77.993877156575536, 33.483900621202288 ], [ 78.003229437934053, 33.492233954535621 ], [ 78.011619059244808, 33.49093254937069 ], [ 78.0125, 33.4875 ] ] ] ] } }
]
}
